"Time stamp","System power generated | (kW)","Q auxiliary only | (kW)","Q auxiliary | (kW)"
"Jan 1, 12:00 am",109.816,219.787,109.972
"Jan 1, 01:00 am",109.737,219.787,110.05
"Jan 1, 02:00 am",109.657,219.787,110.13
"Jan 1, 03:00 am",109.576,219.787,110.211
"Jan 1, 04:00 am",109.494,219.787,110.293
"Jan 1, 05:00 am",109.41,219.787,110.377
"Jan 1, 06:00 am",109.324,219.787,110.463
"Jan 1, 07:00 am",109.236,219.787,110.552
"Jan 1, 08:00 am",109.143,219.787,110.644
"Jan 1, 09:00 am",30.1406,219.787,189.594
"Jan 1, 10:00 am",47.2347,219.787,172.5
"Jan 1, 11:00 am",72.0476,219.787,147.687
"Jan 1, 12:00 pm",98.8499,219.787,120.884
"Jan 1, 01:00 pm",122.55,219.787,97.1839
"Jan 1, 02:00 pm",138.393,219.787,81.3416
"Jan 1, 03:00 pm",143.169,219.787,76.5658
"Jan 1, 04:00 pm",134.707,219.787,85.027
"Jan 1, 05:00 pm",133.594,219.787,86.1933
"Jan 1, 06:00 pm",133.499,219.787,86.2885
"Jan 1, 07:00 pm",133.403,219.787,86.3845
"Jan 1, 08:00 pm",133.306,219.787,86.4812
"Jan 1, 09:00 pm",133.208,219.787,86.5788
"Jan 1, 10:00 pm",133.11,219.787,86.6776
"Jan 1, 11:00 pm",133.01,219.787,86.7775
"Jan 2, 12:00 am",132.908,219.787,86.8791
"Jan 2, 01:00 am",132.805,219.787,86.9825
"Jan 2, 02:00 am",132.699,219.787,87.0884
"Jan 2, 03:00 am",132.59,219.787,87.1974
"Jan 2, 04:00 am",132.477,219.787,87.3106
"Jan 2, 05:00 am",132.358,219.787,87.4297
"Jan 2, 06:00 am",132.229,219.787,87.5579
"Jan 2, 07:00 am",132.086,219.787,87.7013
"Jan 2, 08:00 am",131.911,219.787,87.876
"Jan 2, 09:00 am",17.3843,219.787,202.35
"Jan 2, 10:00 am",36.1066,219.787,183.628
"Jan 2, 11:00 am",62.3985,219.787,157.336
"Jan 2, 12:00 pm",90.644,219.787,129.09
"Jan 2, 01:00 pm",115.7,219.787,104.034
"Jan 2, 02:00 pm",132.827,219.787,86.9069
"Jan 2, 03:00 pm",138.587,219.787,81.1471
"Jan 2, 04:00 pm",130.936,219.787,88.7979
"Jan 2, 05:00 pm",129.635,219.787,90.1525
"Jan 2, 06:00 pm",129.543,219.787,90.2446
"Jan 2, 07:00 pm",129.45,219.787,90.3374
"Jan 2, 08:00 pm",129.356,219.787,90.4309
"Jan 2, 09:00 pm",129.262,219.787,90.5253
"Jan 2, 10:00 pm",129.167,219.787,90.6208
"Jan 2, 11:00 pm",129.07,219.787,90.7174
"Jan 3, 12:00 am",128.972,219.787,90.8156
"Jan 3, 01:00 am",128.872,219.787,90.9156
"Jan 3, 02:00 am",128.769,219.787,91.018
"Jan 3, 03:00 am",128.664,219.787,91.1234
"Jan 3, 04:00 am",128.555,219.787,91.2328
"Jan 3, 05:00 am",128.439,219.787,91.3481
"Jan 3, 06:00 am",128.315,219.787,91.472
"Jan 3, 07:00 am",128.177,219.787,91.6107
"Jan 3, 08:00 am",20.5528,219.787,199.182
"Jan 3, 09:00 am",22.9045,219.787,196.83
"Jan 3, 10:00 am",41.271,219.787,178.463
"Jan 3, 11:00 am",67.2876,219.787,152.447
"Jan 3, 12:00 pm",95.2529,219.787,124.481
"Jan 3, 01:00 pm",119.97,219.787,99.7641
"Jan 3, 02:00 pm",136.751,219.787,82.9838
"Jan 3, 03:00 pm",142.202,219.787,77.5319
"Jan 3, 04:00 pm",134.359,219.787,85.3757
"Jan 3, 05:00 pm",133.058,219.787,86.7292
"Jan 3, 06:00 pm",132.963,219.787,86.8241
"Jan 3, 07:00 pm",132.868,219.787,86.9196
"Jan 3, 08:00 pm",132.771,219.787,87.0159
"Jan 3, 09:00 pm",132.674,219.787,87.1131
"Jan 3, 10:00 pm",132.576,219.787,87.2113
"Jan 3, 11:00 pm",132.476,219.787,87.3109
"Jan 4, 12:00 am",132.375,219.787,87.4119
"Jan 4, 01:00 am",132.272,219.787,87.5149
"Jan 4, 02:00 am",132.167,219.787,87.6203
"Jan 4, 03:00 am",132.059,219.787,87.7288
"Jan 4, 04:00 am",131.946,219.787,87.8415
"Jan 4, 05:00 am",131.827,219.787,87.9601
"Jan 4, 06:00 am",131.7,219.787,88.0877
"Jan 4, 07:00 am",131.557,219.787,88.2305
"Jan 4, 08:00 am",21.2724,219.787,198.462
"Jan 4, 09:00 am",23.6769,219.787,196.057
"Jan 4, 10:00 am",42.1658,219.787,177.569
"Jan 4, 11:00 am",68.3909,219.787,151.344
"Jan 4, 12:00 pm",96.619,219.787,123.115
"Jan 4, 01:00 pm",121.644,219.787,98.0906
"Jan 4, 02:00 pm",138.703,219.787,81.0319
"Jan 4, 03:00 pm",144.453,219.787,75.2815
"Jan 4, 04:00 pm",136.89,219.787,82.844
"Jan 4, 05:00 pm",135.456,219.787,84.331
"Jan 4, 06:00 pm",135.36,219.787,84.4278
"Jan 4, 07:00 pm",135.262,219.787,84.5252
"Jan 4, 08:00 pm",135.164,219.787,84.6235
"Jan 4, 09:00 pm",135.065,219.787,84.7226
"Jan 4, 10:00 pm",134.964,219.787,84.8228
"Jan 4, 11:00 pm",134.863,219.787,84.9244
"Jan 5, 12:00 am",134.76,219.787,85.0275
"Jan 5, 01:00 am",134.655,219.787,85.1325
"Jan 5, 02:00 am",134.547,219.787,85.2401
"Jan 5, 03:00 am",134.437,219.787,85.3507
"Jan 5, 04:00 am",134.322,219.787,85.4657
"Jan 5, 05:00 am",134.201,219.787,85.5867
"Jan 5, 06:00 am",134.071,219.787,85.7168
"Jan 5, 07:00 am",133.925,219.787,85.8625
"Jan 5, 08:00 am",21.7394,219.787,197.995
"Jan 5, 09:00 am",24.0384,219.787,195.696
"Jan 5, 10:00 am",42.3877,219.787,177.347
"Jan 5, 11:00 am",68.4425,219.787,151.292
"Jan 5, 12:00 pm",96.4365,219.787,123.298
"Jan 5, 01:00 pm",121.255,219.787,98.479
"Jan 5, 02:00 pm",138.128,219.787,81.6066
"Jan 5, 03:00 pm",143.806,219.787,75.928
"Jan 5, 04:00 pm",136.14,219.787,83.5942
"Jan 5, 05:00 pm",134.751,219.787,85.0361
"Jan 5, 06:00 pm",134.655,219.787,85.1323
"Jan 5, 07:00 pm",134.558,219.787,85.2292
"Jan 5, 08:00 pm",134.46,219.787,85.3269
"Jan 5, 09:00 pm",134.362,219.787,85.4254
"Jan 5, 10:00 pm",134.262,219.787,85.5251
"Jan 5, 11:00 pm",134.161,219.787,85.6261
"Jan 6, 12:00 am",134.059,219.787,85.7286
"Jan 6, 01:00 am",133.954,219.787,85.833
"Jan 6, 02:00 am",133.847,219.787,85.9399
"Jan 6, 03:00 am",133.737,219.787,86.0499
"Jan 6, 04:00 am",133.623,219.787,86.1642
"Jan 6, 05:00 am",133.503,219.787,86.2845
"Jan 6, 06:00 am",133.373,219.787,86.4139
"Jan 6, 07:00 am",133.229,219.787,86.5587
"Jan 6, 08:00 am",21.217,219.787,198.517
"Jan 6, 09:00 am",23.0535,219.787,196.681
"Jan 6, 10:00 am",40.7671,219.787,178.967
"Jan 6, 11:00 am",66.0127,219.787,153.722
"Jan 6, 12:00 pm",93.1855,219.787,126.549
"Jan 6, 01:00 pm",117.215,219.787,102.52
"Jan 6, 02:00 pm",133.567,219.787,86.1673
"Jan 6, 03:00 pm",138.88,219.787,80.8543
"Jan 6, 04:00 pm",131.201,219.787,88.5338
"Jan 6, 05:00 pm",129.938,219.787,89.8491
"Jan 6, 06:00 pm",129.846,219.787,89.9415
"Jan 6, 07:00 pm",129.753,219.787,90.0345
"Jan 6, 08:00 pm",129.659,219.787,90.1283
"Jan 6, 09:00 pm",129.564,219.787,90.2229
"Jan 6, 10:00 pm",129.469,219.787,90.3186
"Jan 6, 11:00 pm",129.372,219.787,90.4155
"Jan 7, 12:00 am",129.273,219.787,90.514
"Jan 7, 01:00 am",129.173,219.787,90.6143
"Jan 7, 02:00 am",129.07,219.787,90.7169
"Jan 7, 03:00 am",128.965,219.787,90.8226
"Jan 7, 04:00 am",128.855,219.787,90.9323
"Jan 7, 05:00 am",128.74,219.787,91.0478
"Jan 7, 06:00 am",128.615,219.787,91.1721
"Jan 7, 07:00 am",128.476,219.787,91.3111
"Jan 7, 08:00 am",20.3446,219.787,199.39
"Jan 7, 09:00 am",22.0827,219.787,197.652
"Jan 7, 10:00 am",39.351,219.787,180.383
"Jan 7, 11:00 am",64.1522,219.787,155.582
"Jan 7, 12:00 pm",91.1627,219.787,128.572
"Jan 7, 01:00 pm",115.383,219.787,104.351
"Jan 7, 02:00 pm",131.998,219.787,87.7363
"Jan 7, 03:00 pm",137.67,219.787,82.0645
"Jan 7, 04:00 pm",130.38,219.787,89.3544
"Jan 7, 05:00 pm",129.021,219.787,90.7664
"Jan 7, 06:00 pm",128.929,219.787,90.858
"Jan 7, 07:00 pm",128.837,219.787,90.9503
"Jan 7, 08:00 pm",128.744,219.787,91.0433
"Jan 7, 09:00 pm",128.65,219.787,91.1372
"Jan 7, 10:00 pm",128.555,219.787,91.2322
"Jan 7, 11:00 pm",128.459,219.787,91.3284
"Jan 8, 12:00 am",128.361,219.787,91.426
"Jan 8, 01:00 am",128.262,219.787,91.5255
"Jan 8, 02:00 am",128.16,219.787,91.6273
"Jan 8, 03:00 am",128.055,219.787,91.7322
"Jan 8, 04:00 am",127.946,219.787,91.841
"Jan 8, 05:00 am",127.832,219.787,91.9556
"Jan 8, 06:00 am",127.708,219.787,92.0789
"Jan 8, 07:00 am",127.57,219.787,92.2169
"Jan 8, 08:00 am",20.8416,219.787,198.893
"Jan 8, 09:00 am",22.8446,219.787,196.89
"Jan 8, 10:00 am",41.0585,219.787,178.676
"Jan 8, 11:00 am",67.1229,219.787,152.611
"Jan 8, 12:00 pm",95.3261,219.787,124.408
"Jan 8, 01:00 pm",120.467,219.787,99.2673
"Jan 8, 02:00 pm",138.081,219.787,81.6538
"Jan 8, 03:00 pm",144.362,219.787,75.3728
"Jan 8, 04:00 pm",137.212,219.787,82.5228
"Jan 8, 05:00 pm",135.641,219.787,84.1464
"Jan 8, 06:00 pm",135.544,219.787,84.2433
"Jan 8, 07:00 pm",135.446,219.787,84.3409
"Jan 8, 08:00 pm",135.348,219.787,84.4393
"Jan 8, 09:00 pm",135.249,219.787,84.5386
"Jan 8, 10:00 pm",135.148,219.787,84.639
"Jan 8, 11:00 pm",135.047,219.787,84.7407
"Jan 9, 12:00 am",134.943,219.787,84.8439
"Jan 9, 01:00 am",134.838,219.787,84.9491
"Jan 9, 02:00 am",134.731,219.787,85.0568
"Jan 9, 03:00 am",134.62,219.787,85.1677
"Jan 9, 04:00 am",134.505,219.787,85.2828
"Jan 9, 05:00 am",134.383,219.787,85.404
"Jan 9, 06:00 am",134.253,219.787,85.5343
"Jan 9, 07:00 am",134.107,219.787,85.6802
"Jan 9, 08:00 am",21.4928,219.787,198.242
"Jan 9, 09:00 am",23.0221,219.787,196.712
"Jan 9, 10:00 am",41.1934,219.787,178.541
"Jan 9, 11:00 am",67.1402,219.787,152.594
"Jan 9, 12:00 pm",95.1316,219.787,124.603
"Jan 9, 01:00 pm",119.972,219.787,99.7626
"Jan 9, 02:00 pm",137.012,219.787,82.7225
"Jan 9, 03:00 pm",142.866,219.787,76.8682
"Jan 9, 04:00 pm",135.403,219.787,84.3316
"Jan 9, 05:00 pm",133.97,219.787,85.8176
"Jan 9, 06:00 pm",133.874,219.787,85.9131
"Jan 9, 07:00 pm",133.778,219.787,86.0094
"Jan 9, 08:00 pm",133.681,219.787,86.1064
"Jan 9, 09:00 pm",133.583,219.787,86.2043
"Jan 9, 10:00 pm",133.484,219.787,86.3034
"Jan 9, 11:00 pm",133.384,219.787,86.4037
"Jan 10, 12:00 am",133.282,219.787,86.5055
"Jan 10, 01:00 am",133.178,219.787,86.6093
"Jan 10, 02:00 am",133.072,219.787,86.7155
"Jan 10, 03:00 am",132.963,219.787,86.8248
"Jan 10, 04:00 am",132.849,219.787,86.9383
"Jan 10, 05:00 am",132.729,219.787,87.0579
"Jan 10, 06:00 am",132.601,219.787,87.1864
"Jan 10, 07:00 am",132.457,219.787,87.3303
"Jan 10, 08:00 am",132.282,219.787,87.5055
"Jan 10, 09:00 am",16.4602,219.787,203.274
"Jan 10, 10:00 am",35.2329,219.787,184.502
"Jan 10, 11:00 am",61.9155,219.787,157.819
"Jan 10, 12:00 pm",90.749,219.787,128.985
"Jan 10, 01:00 pm",116.519,219.787,103.215
"Jan 10, 02:00 pm",134.275,219.787,85.4598
"Jan 10, 03:00 pm",140.688,219.787,79.0469
"Jan 10, 04:00 pm",133.691,219.787,86.043
"Jan 10, 05:00 pm",132.141,219.787,87.6459
"Jan 10, 06:00 pm",132.047,219.787,87.7401
"Jan 10, 07:00 pm",131.952,219.787,87.8348
"Jan 10, 08:00 pm",131.857,219.787,87.9304
"Jan 10, 09:00 pm",131.76,219.787,88.0268
"Jan 10, 10:00 pm",131.663,219.787,88.1244
"Jan 10, 11:00 pm",131.564,219.787,88.2231
"Jan 11, 12:00 am",131.464,219.787,88.3234
"Jan 11, 01:00 am",131.362,219.787,88.4256
"Jan 11, 02:00 am",131.257,219.787,88.5302
"Jan 11, 03:00 am",131.149,219.787,88.6379
"Jan 11, 04:00 am",131.038,219.787,88.7497
"Jan 11, 05:00 am",130.92,219.787,88.8674
"Jan 11, 06:00 am",130.793,219.787,88.994
"Jan 11, 07:00 am",130.652,219.787,89.1357
"Jan 11, 08:00 am",20.6673,219.787,199.067
"Jan 11, 09:00 am",22.1637,219.787,197.571
"Jan 11, 10:00 am",40.4163,219.787,179.318
"Jan 11, 11:00 am",66.7317,219.787,153.003
"Jan 11, 12:00 pm",95.3631,219.787,124.371
"Jan 11, 01:00 pm",121.047,219.787,98.6877
"Jan 11, 02:00 pm",138.814,219.787,80.9204
"Jan 11, 03:00 pm",145.408,219.787,74.3269
"Jan 11, 04:00 pm",138.591,219.787,81.1433
"Jan 11, 05:00 pm",136.897,219.787,82.8905
"Jan 11, 06:00 pm",136.799,219.787,82.9884
"Jan 11, 07:00 pm",136.7,219.787,83.087
"Jan 11, 08:00 pm",136.601,219.787,83.1864
"Jan 11, 09:00 pm",136.501,219.787,83.2867
"Jan 11, 10:00 pm",136.399,219.787,83.3881
"Jan 11, 11:00 pm",136.296,219.787,83.4909
"Jan 12, 12:00 am",136.192,219.787,83.5952
"Jan 12, 01:00 am",136.086,219.787,83.7015
"Jan 12, 02:00 am",135.977,219.787,83.8103
"Jan 12, 03:00 am",135.865,219.787,83.9223
"Jan 12, 04:00 am",135.749,219.787,84.0386
"Jan 12, 05:00 am",135.626,219.787,84.161
"Jan 12, 06:00 am",135.495,219.787,84.2927
"Jan 12, 07:00 am",135.347,219.787,84.4401
"Jan 12, 08:00 am",22.5297,219.787,197.205
"Jan 12, 09:00 am",24.4257,219.787,195.309
"Jan 12, 10:00 am",42.6434,219.787,177.091
"Jan 12, 11:00 am",68.628,219.787,151.106
"Jan 12, 12:00 pm",96.9142,219.787,122.82
"Jan 12, 01:00 pm",122.334,219.787,97.4002
"Jan 12, 02:00 pm",140.092,219.787,79.6419
"Jan 12, 03:00 pm",146.675,219.787,73.0599
"Jan 12, 04:00 pm",139.973,219.787,79.7611
"Jan 12, 05:00 pm",138.228,219.787,81.5594
"Jan 12, 06:00 pm",138.129,219.787,81.6583
"Jan 12, 07:00 pm",138.029,219.787,81.758
"Jan 12, 08:00 pm",137.929,219.787,81.8585
"Jan 12, 09:00 pm",137.827,219.787,81.9599
"Jan 12, 10:00 pm",137.725,219.787,82.0624
"Jan 12, 11:00 pm",137.621,219.787,82.1662
"Jan 13, 12:00 am",137.516,219.787,82.2717
"Jan 13, 01:00 am",137.408,219.787,82.3791
"Jan 13, 02:00 am",137.298,219.787,82.4891
"Jan 13, 03:00 am",137.185,219.787,82.6023
"Jan 13, 04:00 am",137.067,219.787,82.7199
"Jan 13, 05:00 am",136.944,219.787,82.8436
"Jan 13, 06:00 am",136.811,219.787,82.9767
"Jan 13, 07:00 am",136.662,219.787,83.1257
"Jan 13, 08:00 am",22.3843,219.787,197.35
"Jan 13, 09:00 am",23.8543,219.787,195.88
"Jan 13, 10:00 am",41.6082,219.787,178.126
"Jan 13, 11:00 am",67.2357,219.787,152.499
"Jan 13, 12:00 pm",95.1438,219.787,124.591
"Jan 13, 01:00 pm",119.992,219.787,99.742
"Jan 13, 02:00 pm",137.252,219.787,82.4825
"Jan 13, 03:00 pm",143.437,219.787,76.2972
"Jan 13, 04:00 pm",136.394,219.787,83.34
"Jan 13, 05:00 pm",134.825,219.787,84.9619
"Jan 13, 06:00 pm",134.729,219.787,85.0581
"Jan 13, 07:00 pm",134.632,219.787,85.1551
"Jan 13, 08:00 pm",134.535,219.787,85.2528
"Jan 13, 09:00 pm",134.436,219.787,85.3514
"Jan 13, 10:00 pm",134.336,219.787,85.4511
"Jan 13, 11:00 pm",134.235,219.787,85.5521
"Jan 14, 12:00 am",134.133,219.787,85.6547
"Jan 14, 01:00 am",134.028,219.787,85.7592
"Jan 14, 02:00 am",133.921,219.787,85.8662
"Jan 14, 03:00 am",133.811,219.787,85.9763
"Jan 14, 04:00 am",133.697,219.787,86.0906
"Jan 14, 05:00 am",133.576,219.787,86.211
"Jan 14, 06:00 am",133.447,219.787,86.3405
"Jan 14, 07:00 am",133.302,219.787,86.4854
"Jan 14, 08:00 am",21.2626,219.787,198.472
"Jan 14, 09:00 am",22.5528,219.787,197.182
"Jan 14, 10:00 am",40.25,219.787,179.484
"Jan 14, 11:00 am",65.9316,219.787,153.803
"Jan 14, 12:00 pm",93.8784,219.787,125.856
"Jan 14, 01:00 pm",118.653,219.787,101.082
"Jan 14, 02:00 pm",135.864,219.787,83.8704
"Jan 14, 03:00 pm",142.104,219.787,77.6308
"Jan 14, 04:00 pm",135.158,219.787,84.576
"Jan 14, 05:00 pm",133.589,219.787,86.1988
"Jan 14, 06:00 pm",133.493,219.787,86.2941
"Jan 14, 07:00 pm",133.397,219.787,86.39
"Jan 14, 08:00 pm",133.301,219.787,86.4867
"Jan 14, 09:00 pm",133.203,219.787,86.5843
"Jan 14, 10:00 pm",133.104,219.787,86.683
"Jan 14, 11:00 pm",133.004,219.787,86.783
"Jan 15, 12:00 am",132.903,219.787,86.8846
"Jan 15, 01:00 am",132.799,219.787,86.988
"Jan 15, 02:00 am",132.693,219.787,87.0938
"Jan 15, 03:00 am",132.585,219.787,87.2028
"Jan 15, 04:00 am",132.471,219.787,87.316
"Jan 15, 05:00 am",132.352,219.787,87.4352
"Jan 15, 06:00 am",132.224,219.787,87.5633
"Jan 15, 07:00 am",132.081,219.787,87.7067
"Jan 15, 08:00 am",21.1515,219.787,198.583
"Jan 15, 09:00 am",22.2475,219.787,197.487
"Jan 15, 10:00 am",39.5364,219.787,180.198
"Jan 15, 11:00 am",64.7031,219.787,155.031
"Jan 15, 12:00 pm",92.2144,219.787,127.52
"Jan 15, 01:00 pm",116.921,219.787,102.814
"Jan 15, 02:00 pm",134.116,219.787,85.6188
"Jan 15, 03:00 pm",140.447,219.787,79.2872
"Jan 15, 04:00 pm",133.794,219.787,85.94
"Jan 15, 05:00 pm",132.179,219.787,87.608
"Jan 15, 06:00 pm",132.085,219.787,87.7021
"Jan 15, 07:00 pm",131.99,219.787,87.7969
"Jan 15, 08:00 pm",131.895,219.787,87.8925
"Jan 15, 09:00 pm",131.798,219.787,87.989
"Jan 15, 10:00 pm",131.701,219.787,88.0865
"Jan 15, 11:00 pm",131.602,219.787,88.1854
"Jan 16, 12:00 am",131.502,219.787,88.2857
"Jan 16, 01:00 am",131.399,219.787,88.3879
"Jan 16, 02:00 am",131.295,219.787,88.4925
"Jan 16, 03:00 am",131.187,219.787,88.6002
"Jan 16, 04:00 am",131.075,219.787,88.7121
"Jan 16, 05:00 am",130.958,219.787,88.8298
"Jan 16, 06:00 am",130.831,219.787,88.9565
"Jan 16, 07:00 am",130.689,219.787,89.0982
"Jan 16, 08:00 am",22.378,219.787,197.356
"Jan 16, 09:00 am",25.1734,219.787,194.561
"Jan 16, 10:00 am",29.7857,219.787,189.949
"Jan 16, 11:00 am",36.2567,219.787,183.478
"Jan 16, 12:00 pm",71.4302,219.787,148.304
"Jan 16, 01:00 pm",98.9093,219.787,120.825
"Jan 16, 02:00 pm",118.435,219.787,101.299
"Jan 16, 03:00 pm",126.786,219.787,92.9489
"Jan 16, 04:00 pm",121.898,219.787,97.8364
"Jan 16, 05:00 pm",119.957,219.787,99.83
"Jan 16, 06:00 pm",119.873,219.787,99.9144
"Jan 16, 07:00 pm",119.788,219.787,99.9994
"Jan 16, 08:00 pm",119.702,219.787,100.085
"Jan 16, 09:00 pm",119.616,219.787,100.172
"Jan 16, 10:00 pm",119.528,219.787,100.259
"Jan 16, 11:00 pm",119.44,219.787,100.348
"Jan 17, 12:00 am",119.35,219.787,100.438
"Jan 17, 01:00 am",119.258,219.787,100.529
"Jan 17, 02:00 am",119.164,219.787,100.623
"Jan 17, 03:00 am",119.068,219.787,100.72
"Jan 17, 04:00 am",118.967,219.787,100.82
"Jan 17, 05:00 am",118.862,219.787,100.926
"Jan 17, 06:00 am",118.748,219.787,101.039
"Jan 17, 07:00 am",118.621,219.787,101.166
"Jan 17, 08:00 am",18.951,219.787,200.783
"Jan 17, 09:00 am",19.9691,219.787,199.765
"Jan 17, 10:00 am",37.4027,219.787,182.332
"Jan 17, 11:00 am",62.7618,219.787,156.973
"Jan 17, 12:00 pm",90.6069,219.787,129.127
"Jan 17, 01:00 pm",115.747,219.787,103.987
"Jan 17, 02:00 pm",133.667,219.787,86.0679
"Jan 17, 03:00 pm",140.582,219.787,79.1519
"Jan 17, 04:00 pm",134.397,219.787,85.337
"Jan 17, 05:00 pm",132.621,219.787,87.1659
"Jan 17, 06:00 pm",132.527,219.787,87.2604
"Jan 17, 07:00 pm",132.432,219.787,87.3556
"Jan 17, 08:00 pm",132.336,219.787,87.4515
"Jan 17, 09:00 pm",132.239,219.787,87.5483
"Jan 17, 10:00 pm",132.141,219.787,87.6462
"Jan 17, 11:00 pm",132.042,219.787,87.7454
"Jan 18, 12:00 am",131.941,219.787,87.8461
"Jan 18, 01:00 am",131.839,219.787,87.9487
"Jan 18, 02:00 am",131.734,219.787,88.0537
"Jan 18, 03:00 am",131.626,219.787,88.1618
"Jan 18, 04:00 am",131.513,219.787,88.2741
"Jan 18, 05:00 am",131.395,219.787,88.3923
"Jan 18, 06:00 am",131.268,219.787,88.5194
"Jan 18, 07:00 am",131.126,219.787,88.6617
"Jan 18, 08:00 am",20.9644,219.787,198.77
"Jan 18, 09:00 am",21.8587,219.787,197.876
"Jan 18, 10:00 am",39.0916,219.787,180.643
"Jan 18, 11:00 am",64.2895,219.787,155.445
"Jan 18, 12:00 pm",91.9886,219.787,127.746
"Jan 18, 01:00 pm",117.007,219.787,102.728
"Jan 18, 02:00 pm",107.291,219.787,112.444
"Jan 18, 03:00 pm",103.307,219.787,116.427
"Jan 18, 04:00 pm",105.368,219.787,114.366
"Jan 18, 05:00 pm",103.187,219.787,116.6
"Jan 18, 06:00 pm",103.116,219.787,116.671
"Jan 18, 07:00 pm",103.045,219.787,116.743
"Jan 18, 08:00 pm",102.973,219.787,116.815
"Jan 18, 09:00 pm",102.9,219.787,116.888
"Jan 18, 10:00 pm",102.826,219.787,116.961
"Jan 18, 11:00 pm",102.751,219.787,117.036
"Jan 19, 12:00 am",102.676,219.787,117.112
"Jan 19, 01:00 am",102.598,219.787,117.189
"Jan 19, 02:00 am",102.519,219.787,117.268
"Jan 19, 03:00 am",102.438,219.787,117.349
"Jan 19, 04:00 am",102.354,219.787,117.434
"Jan 19, 05:00 am",102.265,219.787,117.523
"Jan 19, 06:00 am",102.169,219.787,117.618
"Jan 19, 07:00 am",102.062,219.787,117.725
"Jan 19, 08:00 am",16.8443,219.787,202.89
"Jan 19, 09:00 am",17.5618,219.787,202.173
"Jan 19, 10:00 am",20.0259,219.787,199.709
"Jan 19, 11:00 am",22.7672,219.787,196.967
"Jan 19, 12:00 pm",30.0202,219.787,189.714
"Jan 19, 01:00 pm",33.2348,219.787,186.5
"Jan 19, 02:00 pm",67.6656,219.787,152.069
"Jan 19, 03:00 pm",59.112,219.787,160.622
"Jan 19, 04:00 pm",66.8303,219.787,152.904
"Jan 19, 05:00 pm",63.8602,219.787,155.927
"Jan 19, 06:00 pm",63.8204,219.787,155.967
"Jan 19, 07:00 pm",63.7803,219.787,156.007
"Jan 19, 08:00 pm",63.7398,219.787,156.048
"Jan 19, 09:00 pm",63.699,219.787,156.088
"Jan 19, 10:00 pm",63.6577,219.787,156.13
"Jan 19, 11:00 pm",63.6159,219.787,156.171
"Jan 20, 12:00 am",63.5734,219.787,156.214
"Jan 20, 01:00 am",63.5302,219.787,156.257
"Jan 20, 02:00 am",63.4859,219.787,156.301
"Jan 20, 03:00 am",63.4403,219.787,156.347
"Jan 20, 04:00 am",63.393,219.787,156.394
"Jan 20, 05:00 am",63.3432,219.787,156.444
"Jan 20, 06:00 am",63.2896,219.787,156.498
"Jan 20, 07:00 am",13.2875,219.787,206.447
"Jan 20, 08:00 am",13.2806,219.787,206.454
"Jan 20, 09:00 am",15.037,219.787,204.697
"Jan 20, 10:00 am",33.3947,219.787,186.34
"Jan 20, 11:00 am",59.8797,219.787,159.855
"Jan 20, 12:00 pm",88.9242,219.787,130.81
"Jan 20, 01:00 pm",114.87,219.787,104.865
"Jan 20, 02:00 pm",133.108,219.787,86.6259
"Jan 20, 03:00 pm",140.21,219.787,79.5242
"Jan 20, 04:00 pm",134.106,219.787,85.6284
"Jan 20, 05:00 pm",132.3,219.787,87.4877
"Jan 20, 06:00 pm",132.205,219.787,87.582
"Jan 20, 07:00 pm",132.11,219.787,87.6769
"Jan 20, 08:00 pm",132.015,219.787,87.7726
"Jan 20, 09:00 pm",131.918,219.787,87.8691
"Jan 20, 10:00 pm",131.821,219.787,87.9668
"Jan 20, 11:00 pm",131.722,219.787,88.0657
"Jan 21, 12:00 am",131.621,219.787,88.1661
"Jan 21, 01:00 am",131.519,219.787,88.2684
"Jan 21, 02:00 am",131.414,219.787,88.3732
"Jan 21, 03:00 am",131.306,219.787,88.481
"Jan 21, 04:00 am",131.194,219.787,88.5929
"Jan 21, 05:00 am",131.077,219.787,88.7108
"Jan 21, 06:00 am",130.95,219.787,88.8376
"Jan 21, 07:00 am",130.808,219.787,88.9795
"Jan 21, 08:00 am",20.7505,219.787,198.984
"Jan 21, 09:00 am",21.4802,219.787,198.254
"Jan 21, 10:00 am",39.1952,219.787,180.539
"Jan 21, 11:00 am",65.1097,219.787,154.625
"Jan 21, 12:00 pm",93.4073,219.787,126.327
"Jan 21, 01:00 pm",86.7293,219.787,133.005
"Jan 21, 02:00 pm",82.1126,219.787,137.622
"Jan 21, 03:00 pm",79.2322,219.787,140.502
"Jan 21, 04:00 pm",78.6741,219.787,141.113
"Jan 21, 05:00 pm",78.6225,219.787,141.165
"Jan 21, 06:00 pm",78.5705,219.787,141.217
"Jan 21, 07:00 pm",78.5181,219.787,141.269
"Jan 21, 08:00 pm",78.4652,219.787,141.322
"Jan 21, 09:00 pm",78.4117,219.787,141.376
"Jan 21, 10:00 pm",78.3575,219.787,141.43
"Jan 21, 11:00 pm",78.3025,219.787,141.485
"Jan 22, 12:00 am",78.2465,219.787,141.541
"Jan 22, 01:00 am",78.1891,219.787,141.598
"Jan 22, 02:00 am",78.1301,219.787,141.657
"Jan 22, 03:00 am",78.0687,219.787,141.719
"Jan 22, 04:00 am",78.0042,219.787,141.783
"Jan 22, 05:00 am",77.9348,219.787,141.853
"Jan 22, 06:00 am",77.857,219.787,141.93
"Jan 22, 07:00 am",77.7624,219.787,142.025
"Jan 22, 08:00 am",9.68445,219.787,210.05
"Jan 22, 09:00 am",11.9051,219.787,207.829
"Jan 22, 10:00 am",15.1648,219.787,204.57
"Jan 22, 11:00 am",17.3959,219.787,202.338
"Jan 22, 12:00 pm",20.095,219.787,199.639
"Jan 22, 01:00 pm",21.7132,219.787,198.021
"Jan 22, 02:00 pm",24.2185,219.787,195.516
"Jan 22, 03:00 pm",29.9866,219.787,189.748
"Jan 22, 04:00 pm",41.5756,219.787,178.159
"Jan 22, 05:00 pm",37.8394,219.787,181.948
"Jan 22, 06:00 pm",37.8203,219.787,181.967
"Jan 22, 07:00 pm",37.801,219.787,181.986
"Jan 22, 08:00 pm",37.7815,219.787,182.006
"Jan 22, 09:00 pm",37.7619,219.787,182.025
"Jan 22, 10:00 pm",37.742,219.787,182.045
"Jan 22, 11:00 pm",37.7219,219.787,182.065
"Jan 23, 12:00 am",37.7015,219.787,182.086
"Jan 23, 01:00 am",37.6807,219.787,182.107
"Jan 23, 02:00 am",37.6594,219.787,182.128
"Jan 23, 03:00 am",37.6375,219.787,182.15
"Jan 23, 04:00 am",37.6148,219.787,182.173
"Jan 23, 05:00 am",37.5908,219.787,182.197
"Jan 23, 06:00 am",37.565,219.787,182.222
"Jan 23, 07:00 am",8.13201,219.787,211.602
"Jan 23, 08:00 am",8.9358,219.787,210.799
"Jan 23, 09:00 am",11.1021,219.787,208.632
"Jan 23, 10:00 am",30.0152,219.787,189.719
"Jan 23, 11:00 am",57.0891,219.787,162.645
"Jan 23, 12:00 pm",86.6456,219.787,133.089
"Jan 23, 01:00 pm",113.428,219.787,106.306
"Jan 23, 02:00 pm",132.809,219.787,86.925
"Jan 23, 03:00 pm",140.929,219.787,78.805
"Jan 23, 04:00 pm",135.544,219.787,84.1902
"Jan 23, 05:00 pm",133.473,219.787,86.314
"Jan 23, 06:00 pm",133.378,219.787,86.4092
"Jan 23, 07:00 pm",133.282,219.787,86.505
"Jan 23, 08:00 pm",133.186,219.787,86.6016
"Jan 23, 09:00 pm",133.088,219.787,86.6992
"Jan 23, 10:00 pm",132.99,219.787,86.7978
"Jan 23, 11:00 pm",132.89,219.787,86.8977
"Jan 24, 12:00 am",132.788,219.787,86.9991
"Jan 24, 01:00 am",132.685,219.787,87.1024
"Jan 24, 02:00 am",132.579,219.787,87.2082
"Jan 24, 03:00 am",132.47,219.787,87.3171
"Jan 24, 04:00 am",132.357,219.787,87.4301
"Jan 24, 05:00 am",132.238,219.787,87.5492
"Jan 24, 06:00 am",132.11,219.787,87.6772
"Jan 24, 07:00 am",131.967,219.787,87.8205
"Jan 24, 08:00 am",21.0201,219.787,198.714
"Jan 24, 09:00 am",21.8058,219.787,197.929
"Jan 24, 10:00 am",39.264,219.787,180.47
"Jan 24, 11:00 am",65.0548,219.787,154.68
"Jan 24, 12:00 pm",93.4661,219.787,126.268
"Jan 24, 01:00 pm",119.002,219.787,100.732
"Jan 24, 02:00 pm",137.108,219.787,82.626
"Jan 24, 03:00 pm",144.275,219.787,75.4591
"Jan 24, 04:00 pm",138.213,219.787,81.5214
"Jan 24, 05:00 pm",136.319,219.787,83.4688
"Jan 24, 06:00 pm",136.221,219.787,83.5663
"Jan 24, 07:00 pm",136.123,219.787,83.6644
"Jan 24, 08:00 pm",136.024,219.787,83.7633
"Jan 24, 09:00 pm",135.924,219.787,83.8632
"Jan 24, 10:00 pm",135.823,219.787,83.9641
"Jan 24, 11:00 pm",135.721,219.787,84.0664
"Jan 25, 12:00 am",135.617,219.787,84.1702
"Jan 25, 01:00 am",135.511,219.787,84.276
"Jan 25, 02:00 am",135.403,219.787,84.3843
"Jan 25, 03:00 am",135.292,219.787,84.4957
"Jan 25, 04:00 am",135.176,219.787,84.6115
"Jan 25, 05:00 am",135.054,219.787,84.7334
"Jan 25, 06:00 am",134.923,219.787,84.8644
"Jan 25, 07:00 am",134.776,219.787,85.0111
"Jan 25, 08:00 am",21.3003,219.787,198.434
"Jan 25, 09:00 am",21.7154,219.787,198.019
"Jan 25, 10:00 am",38.7071,219.787,181.027
"Jan 25, 11:00 am",63.9994,219.787,155.735
"Jan 25, 12:00 pm",91.9355,219.787,127.799
"Jan 25, 01:00 pm",117.288,219.787,102.447
"Jan 25, 02:00 pm",135.497,219.787,84.2373
"Jan 25, 03:00 pm",142.684,219.787,77.0505
"Jan 25, 04:00 pm",136.557,219.787,83.1779
"Jan 25, 05:00 pm",134.707,219.787,85.0801
"Jan 25, 06:00 pm",134.611,219.787,85.1763
"Jan 25, 07:00 pm",134.514,219.787,85.2731
"Jan 25, 08:00 pm",134.417,219.787,85.3707
"Jan 25, 09:00 pm",134.318,219.787,85.4693
"Jan 25, 10:00 pm",134.218,219.787,85.5689
"Jan 25, 11:00 pm",134.118,219.787,85.6698
"Jan 26, 12:00 am",134.015,219.787,85.7723
"Jan 26, 01:00 am",133.911,219.787,85.8767
"Jan 26, 02:00 am",133.804,219.787,85.9835
"Jan 26, 03:00 am",133.694,219.787,86.0935
"Jan 26, 04:00 am",133.58,219.787,86.2078
"Jan 26, 05:00 am",133.459,219.787,86.328
"Jan 26, 06:00 am",133.33,219.787,86.4574
"Jan 26, 07:00 am",133.185,219.787,86.6021
"Jan 26, 08:00 am",133.009,219.787,86.7784
"Jan 26, 09:00 am",15.4748,219.787,204.26
"Jan 26, 10:00 am",33.3585,219.787,186.376
"Jan 26, 11:00 am",59.5692,219.787,160.165
"Jan 26, 12:00 pm",88.5048,219.787,131.23
"Jan 26, 01:00 pm",114.792,219.787,104.942
"Jan 26, 02:00 pm",133.803,219.787,85.9316
"Jan 26, 03:00 pm",141.614,219.787,78.1206
"Jan 26, 04:00 pm",135.958,219.787,83.776
"Jan 26, 05:00 pm",133.965,219.787,85.8223
"Jan 26, 06:00 pm",133.869,219.787,85.9179
"Jan 26, 07:00 pm",133.773,219.787,86.0141
"Jan 26, 08:00 pm",133.676,219.787,86.1111
"Jan 26, 09:00 pm",133.578,219.787,86.2091
"Jan 26, 10:00 pm",133.479,219.787,86.3081
"Jan 26, 11:00 pm",133.379,219.787,86.4084
"Jan 27, 12:00 am",133.277,219.787,86.5102
"Jan 27, 01:00 am",133.173,219.787,86.614
"Jan 27, 02:00 am",133.067,219.787,86.7202
"Jan 27, 03:00 am",132.958,219.787,86.8295
"Jan 27, 04:00 am",132.844,219.787,86.9431
"Jan 27, 05:00 am",132.725,219.787,87.0626
"Jan 27, 06:00 am",132.596,219.787,87.1911
"Jan 27, 07:00 am",132.452,219.787,87.335
"Jan 27, 08:00 am",20.9988,219.787,198.736
"Jan 27, 09:00 am",21.4932,219.787,198.241
"Jan 27, 10:00 am",38.8173,219.787,180.917
"Jan 27, 11:00 am",64.4853,219.787,155.249
"Jan 27, 12:00 pm",92.8939,219.787,126.841
"Jan 27, 01:00 pm",118.801,219.787,100.934
"Jan 27, 02:00 pm",137.491,219.787,82.2432
"Jan 27, 03:00 pm",145.072,219.787,74.6626
"Jan 27, 04:00 pm",139.309,219.787,80.4256
"Jan 27, 05:00 pm",137.294,219.787,82.4933
"Jan 27, 06:00 pm",137.196,219.787,82.5915
"Jan 27, 07:00 pm",137.097,219.787,82.6904
"Jan 27, 08:00 pm",136.997,219.787,82.7901
"Jan 27, 09:00 pm",136.897,219.787,82.8908
"Jan 27, 10:00 pm",136.795,219.787,82.9925
"Jan 27, 11:00 pm",136.692,219.787,83.0956
"Jan 28, 12:00 am",136.587,219.787,83.2003
"Jan 28, 01:00 am",136.48,219.787,83.3069
"Jan 28, 02:00 am",136.371,219.787,83.416
"Jan 28, 03:00 am",136.259,219.787,83.5284
"Jan 28, 04:00 am",136.142,219.787,83.6451
"Jan 28, 05:00 am",136.019,219.787,83.7679
"Jan 28, 06:00 am",135.887,219.787,83.9
"Jan 28, 07:00 am",135.739,219.787,84.0479
"Jan 28, 08:00 am",135.559,219.787,84.2279
"Jan 28, 09:00 am",15.9664,219.787,203.768
"Jan 28, 10:00 am",34.0206,219.787,185.714
"Jan 28, 11:00 am",60.4376,219.787,159.297
"Jan 28, 12:00 pm",89.3568,219.787,130.378
"Jan 28, 01:00 pm",83.8091,219.787,135.925
"Jan 28, 02:00 pm",83.4335,219.787,136.301
"Jan 28, 03:00 pm",80.2438,219.787,139.491
"Jan 28, 04:00 pm",86.6102,219.787,133.124
"Jan 28, 05:00 pm",83.7283,219.787,136.059
"Jan 28, 06:00 pm",83.6726,219.787,136.115
"Jan 28, 07:00 pm",83.6166,219.787,136.171
"Jan 28, 08:00 pm",83.5601,219.787,136.227
"Jan 28, 09:00 pm",83.5031,219.787,136.284
"Jan 28, 10:00 pm",83.4455,219.787,136.342
"Jan 28, 11:00 pm",83.3871,219.787,136.4
"Jan 29, 12:00 am",83.3278,219.787,136.46
"Jan 29, 01:00 am",83.2674,219.787,136.52
"Jan 29, 02:00 am",83.2056,219.787,136.582
"Jan 29, 03:00 am",83.1419,219.787,136.645
"Jan 29, 04:00 am",83.0758,219.787,136.712
"Jan 29, 05:00 am",83.0063,219.787,136.781
"Jan 29, 06:00 am",82.9314,219.787,136.856
"Jan 29, 07:00 am",82.8477,219.787,136.94
"Jan 29, 08:00 am",13.1687,219.787,206.566
"Jan 29, 09:00 am",14.1896,219.787,205.545
"Jan 29, 10:00 am",32.4266,219.787,187.308
"Jan 29, 11:00 am",59.1204,219.787,160.614
"Jan 29, 12:00 pm",88.572,219.787,131.162
"Jan 29, 01:00 pm",115.44,219.787,104.295
"Jan 29, 02:00 pm",134.981,219.787,84.753
"Jan 29, 03:00 pm",143.214,219.787,76.5204
"Jan 29, 04:00 pm",137.848,219.787,81.8859
"Jan 29, 05:00 pm",135.721,219.787,84.0664
"Jan 29, 06:00 pm",135.624,219.787,84.1634
"Jan 29, 07:00 pm",135.526,219.787,84.261
"Jan 29, 08:00 pm",135.428,219.787,84.3594
"Jan 29, 09:00 pm",135.329,219.787,84.4588
"Jan 29, 10:00 pm",135.228,219.787,84.5593
"Jan 29, 11:00 pm",135.126,219.787,84.661
"Jan 30, 12:00 am",135.023,219.787,84.7644
"Jan 30, 01:00 am",134.918,219.787,84.8696
"Jan 30, 02:00 am",134.81,219.787,84.9774
"Jan 30, 03:00 am",134.699,219.787,85.0883
"Jan 30, 04:00 am",134.584,219.787,85.2035
"Jan 30, 05:00 am",134.463,219.787,85.3248
"Jan 30, 06:00 am",134.332,219.787,85.4552
"Jan 30, 07:00 am",134.186,219.787,85.6012
"Jan 30, 08:00 am",21.4215,219.787,198.313
"Jan 30, 09:00 am",22.1054,219.787,197.629
"Jan 30, 10:00 am",40.0252,219.787,179.709
"Jan 30, 11:00 am",66.5068,219.787,153.228
"Jan 30, 12:00 pm",95.6996,219.787,124.035
"Jan 30, 01:00 pm",122.32,219.787,97.414
"Jan 30, 02:00 pm",141.344,219.787,78.3909
"Jan 30, 03:00 pm",149.134,219.787,70.6002
"Jan 30, 04:00 pm",143.409,219.787,76.3255
"Jan 30, 05:00 pm",141.289,219.787,78.4984
"Jan 30, 06:00 pm",141.188,219.787,78.5998
"Jan 30, 07:00 pm",141.085,219.787,78.7019
"Jan 30, 08:00 pm",140.982,219.787,78.8049
"Jan 30, 09:00 pm",140.879,219.787,78.9088
"Jan 30, 10:00 pm",140.774,219.787,79.0138
"Jan 30, 11:00 pm",140.667,219.787,79.1202
"Jan 31, 12:00 am",140.559,219.787,79.2282
"Jan 31, 01:00 am",140.449,219.787,79.3383
"Jan 31, 02:00 am",140.336,219.787,79.451
"Jan 31, 03:00 am",140.22,219.787,79.567
"Jan 31, 04:00 am",140.1,219.787,79.6874
"Jan 31, 05:00 am",139.973,219.787,79.8142
"Jan 31, 06:00 am",139.837,219.787,79.9506
"Jan 31, 07:00 am",139.684,219.787,80.1032
"Jan 31, 08:00 am",22.073,219.787,197.661
"Jan 31, 09:00 am",22.5442,219.787,197.19
"Jan 31, 10:00 am",40.251,219.787,179.483
"Jan 31, 11:00 am",66.4376,219.787,153.297
"Jan 31, 12:00 pm",95.4007,219.787,124.334
"Jan 31, 01:00 pm",121.789,219.787,97.9456
"Jan 31, 02:00 pm",140.645,219.787,79.0894
"Jan 31, 03:00 pm",148.406,219.787,71.3285
"Jan 31, 04:00 pm",142.751,219.787,76.9835
"Jan 31, 05:00 pm",140.632,219.787,79.1554
"Jan 31, 06:00 pm",140.531,219.787,79.2562
"Jan 31, 07:00 pm",140.43,219.787,79.3578
"Jan 31, 08:00 pm",140.327,219.787,79.4602
"Jan 31, 09:00 pm",140.224,219.787,79.5636
"Jan 31, 10:00 pm",140.119,219.787,79.6681
"Jan 31, 11:00 pm",140.013,219.787,79.7739
"Feb 1, 12:00 am",139.906,219.787,79.8814
"Feb 1, 01:00 am",139.796,219.787,79.9909
"Feb 1, 02:00 am",139.684,219.787,80.103
"Feb 1, 03:00 am",139.569,219.787,80.2184
"Feb 1, 04:00 am",139.449,219.787,80.3382
"Feb 1, 05:00 am",139.323,219.787,80.4644
"Feb 1, 06:00 am",139.187,219.787,80.6001
"Feb 1, 07:00 am",139.035,219.787,80.7519
"Feb 1, 08:00 am",24.1438,219.787,195.591
"Feb 1, 09:00 am",24.3439,219.787,195.391
"Feb 1, 10:00 am",41.9965,219.787,177.738
"Feb 1, 11:00 am",68.1259,219.787,151.609
"Feb 1, 12:00 pm",97.0425,219.787,122.692
"Feb 1, 01:00 pm",123.463,219.787,96.2714
"Feb 1, 02:00 pm",142.569,219.787,77.1658
"Feb 1, 03:00 pm",133.655,219.787,86.1326
"Feb 1, 04:00 pm",130.74,219.787,88.9939
"Feb 1, 05:00 pm",128.49,219.787,91.2978
"Feb 1, 06:00 pm",128.398,219.787,91.389
"Feb 1, 07:00 pm",128.307,219.787,91.4808
"Feb 1, 08:00 pm",128.214,219.787,91.5734
"Feb 1, 09:00 pm",128.12,219.787,91.6669
"Feb 1, 10:00 pm",128.026,219.787,91.7614
"Feb 1, 11:00 pm",127.93,219.787,91.8571
"Feb 2, 12:00 am",127.833,219.787,91.9543
"Feb 2, 01:00 am",127.734,219.787,92.0534
"Feb 2, 02:00 am",127.633,219.787,92.1547
"Feb 2, 03:00 am",127.528,219.787,92.2591
"Feb 2, 04:00 am",127.42,219.787,92.3675
"Feb 2, 05:00 am",127.306,219.787,92.4815
"Feb 2, 06:00 am",127.183,219.787,92.6042
"Feb 2, 07:00 am",127.046,219.787,92.7415
"Feb 2, 08:00 am",20.7168,219.787,199.018
"Feb 2, 09:00 am",21.6963,219.787,198.038
"Feb 2, 10:00 am",40.2196,219.787,179.515
"Feb 2, 11:00 am",67.4041,219.787,152.33
"Feb 2, 12:00 pm",97.3506,219.787,122.384
"Feb 2, 01:00 pm",124.617,219.787,95.1173
"Feb 2, 02:00 pm",144.153,219.787,75.581
"Feb 2, 03:00 pm",152.297,219.787,67.4371
"Feb 2, 04:00 pm",146.758,219.787,72.9767
"Feb 2, 05:00 pm",144.503,219.787,75.2842
"Feb 2, 06:00 pm",144.399,219.787,75.3881
"Feb 2, 07:00 pm",144.295,219.787,75.4928
"Feb 2, 08:00 pm",144.189,219.787,75.5983
"Feb 2, 09:00 pm",144.083,219.787,75.7048
"Feb 2, 10:00 pm",143.975,219.787,75.8125
"Feb 2, 11:00 pm",143.866,219.787,75.9216
"Feb 3, 12:00 am",143.755,219.787,76.0324
"Feb 3, 01:00 am",143.642,219.787,76.1453
"Feb 3, 02:00 am",143.527,219.787,76.2607
"Feb 3, 03:00 am",143.408,219.787,76.3797
"Feb 3, 04:00 am",143.284,219.787,76.5032
"Feb 3, 05:00 am",143.154,219.787,76.6331
"Feb 3, 06:00 am",143.014,219.787,76.773
"Feb 3, 07:00 am",142.858,219.787,76.9294
"Feb 3, 08:00 am",22.9351,219.787,196.799
"Feb 3, 09:00 am",23.4924,219.787,196.242
"Feb 3, 10:00 am",41.5921,219.787,178.142
"Feb 3, 11:00 am",68.4571,219.787,151.277
"Feb 3, 12:00 pm",98.1253,219.787,121.609
"Feb 3, 01:00 pm",125.156,219.787,94.5788
"Feb 3, 02:00 pm",144.509,219.787,75.2252
"Feb 3, 03:00 pm",152.477,219.787,67.2578
"Feb 3, 04:00 pm",146.727,219.787,73.0077
"Feb 3, 05:00 pm",144.534,219.787,75.2535
"Feb 3, 06:00 pm",144.43,219.787,75.3575
"Feb 3, 07:00 pm",144.325,219.787,75.4622
"Feb 3, 08:00 pm",144.22,219.787,75.5678
"Feb 3, 09:00 pm",144.113,219.787,75.6743
"Feb 3, 10:00 pm",144.005,219.787,75.782
"Feb 3, 11:00 pm",143.896,219.787,75.8911
"Feb 4, 12:00 am",143.785,219.787,76.0019
"Feb 4, 01:00 am",143.673,219.787,76.1148
"Feb 4, 02:00 am",143.557,219.787,76.2303
"Feb 4, 03:00 am",143.438,219.787,76.3493
"Feb 4, 04:00 am",143.315,219.787,76.4728
"Feb 4, 05:00 am",143.185,219.787,76.6028
"Feb 4, 06:00 am",143.045,219.787,76.7427
"Feb 4, 07:00 am",142.888,219.787,76.8992
"Feb 4, 08:00 am",142.698,219.787,77.0898
"Feb 4, 09:00 am",16.6607,219.787,203.074
"Feb 4, 10:00 am",35.3707,219.787,184.364
"Feb 4, 11:00 am",62.7585,219.787,156.976
"Feb 4, 12:00 pm",92.9424,219.787,126.792
"Feb 4, 01:00 pm",120.522,219.787,99.2121
"Feb 4, 02:00 pm",140.642,219.787,79.0921
"Feb 4, 03:00 pm",149.212,219.787,70.5223
"Feb 4, 04:00 pm",144.001,219.787,75.7337
"Feb 4, 05:00 pm",141.692,219.787,78.0952
"Feb 4, 06:00 pm",141.59,219.787,78.1969
"Feb 4, 07:00 pm",141.488,219.787,78.2993
"Feb 4, 08:00 pm",141.385,219.787,78.4026
"Feb 4, 09:00 pm",141.281,219.787,78.5068
"Feb 4, 10:00 pm",141.175,219.787,78.6122
"Feb 4, 11:00 pm",141.068,219.787,78.7189
"Feb 5, 12:00 am",140.96,219.787,78.8273
"Feb 5, 01:00 am",140.85,219.787,78.9378
"Feb 5, 02:00 am",140.737,219.787,79.0508
"Feb 5, 03:00 am",140.62,219.787,79.1671
"Feb 5, 04:00 am",140.499,219.787,79.288
"Feb 5, 05:00 am",140.372,219.787,79.4152
"Feb 5, 06:00 am",140.235,219.787,79.552
"Feb 5, 07:00 am",140.082,219.787,79.7051
"Feb 5, 08:00 am",22.0845,219.787,197.65
"Feb 5, 09:00 am",22.5511,219.787,197.183
"Feb 5, 10:00 am",40.7495,219.787,178.985
"Feb 5, 11:00 am",67.6349,219.787,152.099
"Feb 5, 12:00 pm",97.3402,219.787,122.394
"Feb 5, 01:00 pm",124.386,219.787,95.348
"Feb 5, 02:00 pm",144.009,219.787,75.7259
"Feb 5, 03:00 pm",152.281,219.787,67.4533
"Feb 5, 04:00 pm",146.71,219.787,73.0243
"Feb 5, 05:00 pm",144.457,219.787,75.3307
"Feb 5, 06:00 pm",144.353,219.787,75.4346
"Feb 5, 07:00 pm",144.248,219.787,75.5393
"Feb 5, 08:00 pm",144.143,219.787,75.6448
"Feb 5, 09:00 pm",144.036,219.787,75.7513
"Feb 5, 10:00 pm",143.928,219.787,75.8589
"Feb 5, 11:00 pm",143.819,219.787,75.9679
"Feb 6, 12:00 am",143.709,219.787,76.0787
"Feb 6, 01:00 am",143.596,219.787,76.1915
"Feb 6, 02:00 am",143.48,219.787,76.307
"Feb 6, 03:00 am",143.362,219.787,76.4258
"Feb 6, 04:00 am",143.238,219.787,76.5493
"Feb 6, 05:00 am",143.108,219.787,76.6792
"Feb 6, 06:00 am",142.968,219.787,76.819
"Feb 6, 07:00 am",142.812,219.787,76.9754
"Feb 6, 08:00 am",22.5957,219.787,197.139
"Feb 6, 09:00 am",23.0939,219.787,196.641
"Feb 6, 10:00 am",41.2481,219.787,178.486
"Feb 6, 11:00 am",68.2825,219.787,151.452
"Feb 6, 12:00 pm",98.1983,219.787,121.536
"Feb 6, 01:00 pm",125.585,219.787,94.1492
"Feb 6, 02:00 pm",145.197,219.787,74.537
"Feb 6, 03:00 pm",153.409,219.787,66.3253
"Feb 6, 04:00 pm",147.79,219.787,71.9442
"Feb 6, 05:00 pm",145.529,219.787,74.2581
"Feb 6, 06:00 pm",145.424,219.787,74.3629
"Feb 6, 07:00 pm",145.319,219.787,74.4684
"Feb 6, 08:00 pm",145.213,219.787,74.5747
"Feb 6, 09:00 pm",145.105,219.787,74.6821
"Feb 6, 10:00 pm",144.997,219.787,74.7906
"Feb 6, 11:00 pm",144.887,219.787,74.9006
"Feb 7, 12:00 am",144.775,219.787,75.0122
"Feb 7, 01:00 am",144.661,219.787,75.126
"Feb 7, 02:00 am",144.545,219.787,75.2424
"Feb 7, 03:00 am",144.425,219.787,75.3622
"Feb 7, 04:00 am",144.301,219.787,75.4867
"Feb 7, 05:00 am",144.17,219.787,75.6177
"Feb 7, 06:00 am",144.029,219.787,75.7586
"Feb 7, 07:00 am",143.871,219.787,75.9163
"Feb 7, 08:00 am",143.679,219.787,76.1084
"Feb 7, 09:00 am",16.9324,219.787,202.802
"Feb 7, 10:00 am",35.7463,219.787,183.988
"Feb 7, 11:00 am",63.2892,219.787,156.445
"Feb 7, 12:00 pm",93.6366,219.787,126.098
"Feb 7, 01:00 pm",121.37,219.787,98.3643
"Feb 7, 02:00 pm",141.352,219.787,78.3822
"Feb 7, 03:00 pm",149.892,219.787,69.8427
"Feb 7, 04:00 pm",144.626,219.787,75.1082
"Feb 7, 05:00 pm",142.321,219.787,77.4664
"Feb 7, 06:00 pm",142.219,219.787,77.5686
"Feb 7, 07:00 pm",142.116,219.787,77.6716
"Feb 7, 08:00 pm",142.012,219.787,77.7753
"Feb 7, 09:00 pm",141.907,219.787,77.8801
"Feb 7, 10:00 pm",141.801,219.787,77.986
"Feb 7, 11:00 pm",141.694,219.787,78.0932
"Feb 8, 12:00 am",141.585,219.787,78.2022
"Feb 8, 01:00 am",141.474,219.787,78.3131
"Feb 8, 02:00 am",141.361,219.787,78.4267
"Feb 8, 03:00 am",141.244,219.787,78.5436
"Feb 8, 04:00 am",141.122,219.787,78.6651
"Feb 8, 05:00 am",140.994,219.787,78.7929
"Feb 8, 06:00 am",140.857,219.787,78.9304
"Feb 8, 07:00 am",140.703,219.787,79.0842
"Feb 8, 08:00 am",140.516,219.787,79.2716
"Feb 8, 09:00 am",16.7538,219.787,202.981
"Feb 8, 10:00 am",35.9508,219.787,183.784
"Feb 8, 11:00 am",63.911,219.787,155.823
"Feb 8, 12:00 pm",94.7441,219.787,124.99
"Feb 8, 01:00 pm",122.866,219.787,96.8679
"Feb 8, 02:00 pm",143.055,219.787,76.6799
"Feb 8, 03:00 pm",151.676,219.787,68.0585
"Feb 8, 04:00 pm",146.405,219.787,73.3295
"Feb 8, 05:00 pm",144.058,219.787,75.729
"Feb 8, 06:00 pm",143.955,219.787,75.8326
"Feb 8, 07:00 pm",143.85,219.787,75.9369
"Feb 8, 08:00 pm",143.745,219.787,76.0421
"Feb 8, 09:00 pm",143.639,219.787,76.1482
"Feb 8, 10:00 pm",143.532,219.787,76.2556
"Feb 8, 11:00 pm",143.423,219.787,76.3643
"Feb 9, 12:00 am",143.313,219.787,76.4747
"Feb 9, 01:00 am",143.2,219.787,76.5872
"Feb 9, 02:00 am",143.085,219.787,76.7023
"Feb 9, 03:00 am",142.967,219.787,76.8208
"Feb 9, 04:00 am",142.844,219.787,76.9438
"Feb 9, 05:00 am",142.714,219.787,77.0734
"Feb 9, 06:00 am",142.575,219.787,77.2127
"Feb 9, 07:00 am",142.419,219.787,77.3687
"Feb 9, 08:00 am",23.1487,219.787,196.586
"Feb 9, 09:00 am",24.0875,219.787,195.647
"Feb 9, 10:00 am",42.5136,219.787,177.221
"Feb 9, 11:00 am",69.7111,219.787,150.023
"Feb 9, 12:00 pm",99.8174,219.787,119.917
"Feb 9, 01:00 pm",127.339,219.787,92.3954
"Feb 9, 02:00 pm",147.126,219.787,72.6079
"Feb 9, 03:00 pm",155.488,219.787,64.246
"Feb 9, 04:00 pm",150.121,219.787,69.6137
"Feb 9, 05:00 pm",147.747,219.787,72.0406
"Feb 9, 06:00 pm",147.64,219.787,72.1471
"Feb 9, 07:00 pm",147.533,219.787,72.2544
"Feb 9, 08:00 pm",147.425,219.787,72.3626
"Feb 9, 09:00 pm",147.316,219.787,72.4717
"Feb 9, 10:00 pm",147.205,219.787,72.5821
"Feb 9, 11:00 pm",147.093,219.787,72.6939
"Feb 10, 12:00 am",146.98,219.787,72.8074
"Feb 10, 01:00 am",146.864,219.787,72.9231
"Feb 10, 02:00 am",146.746,219.787,73.0414
"Feb 10, 03:00 am",146.624,219.787,73.1633
"Feb 10, 04:00 am",146.497,219.787,73.2898
"Feb 10, 05:00 am",146.364,219.787,73.4231
"Feb 10, 06:00 am",146.221,219.787,73.5664
"Feb 10, 07:00 am",146.061,219.787,73.7267
"Feb 10, 08:00 am",23.3185,219.787,196.416
"Feb 10, 09:00 am",24.0121,219.787,195.722
"Feb 10, 10:00 am",42.2012,219.787,177.533
"Feb 10, 11:00 am",69.1947,219.787,150.54
"Feb 10, 12:00 pm",99.0635,219.787,120.671
"Feb 10, 01:00 pm",126.458,219.787,93.2763
"Feb 10, 02:00 pm",146.531,219.787,73.2029
"Feb 10, 03:00 pm",155.044,219.787,64.6903
"Feb 10, 04:00 pm",149.729,219.787,70.005
"Feb 10, 05:00 pm",147.34,219.787,72.4477
"Feb 10, 06:00 pm",147.233,219.787,72.5539
"Feb 10, 07:00 pm",147.126,219.787,72.6609
"Feb 10, 08:00 pm",147.019,219.787,72.7687
"Feb 10, 09:00 pm",146.91,219.787,72.8775
"Feb 10, 10:00 pm",146.8,219.787,72.9875
"Feb 10, 11:00 pm",146.688,219.787,73.099
"Feb 11, 12:00 am",146.575,219.787,73.2122
"Feb 11, 01:00 am",146.46,219.787,73.3275
"Feb 11, 02:00 am",146.342,219.787,73.4455
"Feb 11, 03:00 am",146.22,219.787,73.567
"Feb 11, 04:00 am",146.094,219.787,73.6931
"Feb 11, 05:00 am",145.961,219.787,73.826
"Feb 11, 06:00 am",145.819,219.787,73.9688
"Feb 11, 07:00 am",145.659,219.787,74.1287
"Feb 11, 08:00 am",23.0434,219.787,196.691
"Feb 11, 09:00 am",23.5405,219.787,196.194
"Feb 11, 10:00 am",41.1896,219.787,178.545
"Feb 11, 11:00 am",67.5419,219.787,152.192
"Feb 11, 12:00 pm",96.7744,219.787,122.96
"Feb 11, 01:00 pm",123.5,219.787,96.2348
"Feb 11, 02:00 pm",142.724,219.787,77.0103
"Feb 11, 03:00 pm",150.735,219.787,68.9997
"Feb 11, 04:00 pm",145.178,219.787,74.5561
"Feb 11, 05:00 pm",142.971,219.787,76.8162
"Feb 11, 06:00 pm",142.868,219.787,76.9189
"Feb 11, 07:00 pm",142.765,219.787,77.0224
"Feb 11, 08:00 pm",142.661,219.787,77.1267
"Feb 11, 09:00 pm",142.555,219.787,77.2319
"Feb 11, 10:00 pm",142.449,219.787,77.3384
"Feb 11, 11:00 pm",142.341,219.787,77.4462
"Feb 12, 12:00 am",142.232,219.787,77.5557
"Feb 12, 01:00 am",142.12,219.787,77.6672
"Feb 12, 02:00 am",142.006,219.787,77.7813
"Feb 12, 03:00 am",141.889,219.787,77.8988
"Feb 12, 04:00 am",141.766,219.787,78.0209
"Feb 12, 05:00 am",141.638,219.787,78.1494
"Feb 12, 06:00 am",141.5,219.787,78.2876
"Feb 12, 07:00 am",141.345,219.787,78.4422
"Feb 12, 08:00 am",22.4252,219.787,197.309
"Feb 12, 09:00 am",23.0899,219.787,196.644
"Feb 12, 10:00 am",40.6922,219.787,179.042
"Feb 12, 11:00 am",66.7612,219.787,152.973
"Feb 12, 12:00 pm",95.7198,219.787,124.015
"Feb 12, 01:00 pm",121.965,219.787,97.7691
"Feb 12, 02:00 pm",140.943,219.787,78.7909
"Feb 12, 03:00 pm",148.895,219.787,70.8395
"Feb 12, 04:00 pm",143.497,219.787,76.2371
"Feb 12, 05:00 pm",141.294,219.787,78.4936
"Feb 12, 06:00 pm",141.192,219.787,78.595
"Feb 12, 07:00 pm",141.09,219.787,78.6971
"Feb 12, 08:00 pm",140.987,219.787,78.8001
"Feb 12, 09:00 pm",140.883,219.787,78.904
"Feb 12, 10:00 pm",140.778,219.787,79.009
"Feb 12, 11:00 pm",140.672,219.787,79.1154
"Feb 13, 12:00 am",140.564,219.787,79.2235
"Feb 13, 01:00 am",140.454,219.787,79.3336
"Feb 13, 02:00 am",140.341,219.787,79.4462
"Feb 13, 03:00 am",140.225,219.787,79.5622
"Feb 13, 04:00 am",140.105,219.787,79.6827
"Feb 13, 05:00 am",139.978,219.787,79.8095
"Feb 13, 06:00 am",139.841,219.787,79.9459
"Feb 13, 07:00 am",139.689,219.787,80.0985
"Feb 13, 08:00 am",139.503,219.787,80.2844
"Feb 13, 09:00 am",16.3632,219.787,203.371
"Feb 13, 10:00 am",34.6353,219.787,185.099
"Feb 13, 11:00 am",61.5041,219.787,158.23
"Feb 13, 12:00 pm",91.269,219.787,128.465
"Feb 13, 01:00 pm",118.513,219.787,101.221
"Feb 13, 02:00 pm",138.198,219.787,81.5367
"Feb 13, 03:00 pm",146.658,219.787,73.0768
"Feb 13, 04:00 pm",141.571,219.787,78.1637
"Feb 13, 05:00 pm",139.293,219.787,80.4946
"Feb 13, 06:00 pm",139.193,219.787,80.5944
"Feb 13, 07:00 pm",139.092,219.787,80.6949
"Feb 13, 08:00 pm",138.991,219.787,80.7962
"Feb 13, 09:00 pm",138.889,219.787,80.8985
"Feb 13, 10:00 pm",138.785,219.787,81.0019
"Feb 13, 11:00 pm",138.681,219.787,81.1066
"Feb 14, 12:00 am",138.574,219.787,81.213
"Feb 14, 01:00 am",138.466,219.787,81.3213
"Feb 14, 02:00 am",138.355,219.787,81.4322
"Feb 14, 03:00 am",138.241,219.787,81.5464
"Feb 14, 04:00 am",138.122,219.787,81.665
"Feb 14, 05:00 am",137.998,219.787,81.7898
"Feb 14, 06:00 am",137.863,219.787,81.924
"Feb 14, 07:00 am",137.713,219.787,82.0743
"Feb 14, 08:00 am",21.707,219.787,198.027
"Feb 14, 09:00 am",22.2329,219.787,197.502
"Feb 14, 10:00 am",40.0322,219.787,179.702
"Feb 14, 11:00 am",66.5244,219.787,153.21
"Feb 14, 12:00 pm",96.0235,219.787,123.711
"Feb 14, 01:00 pm",123.105,219.787,96.629
"Feb 14, 02:00 pm",142.563,219.787,77.1716
"Feb 14, 03:00 pm",150.721,219.787,69.0136
"Feb 14, 04:00 pm",145.26,219.787,74.4742
"Feb 14, 05:00 pm",143.017,219.787,76.77
"Feb 14, 06:00 pm",142.915,219.787,76.8727
"Feb 14, 07:00 pm",142.811,219.787,76.9762
"Feb 14, 08:00 pm",142.707,219.787,77.0806
"Feb 14, 09:00 pm",142.601,219.787,77.1859
"Feb 14, 10:00 pm",142.495,219.787,77.2923
"Feb 14, 11:00 pm",142.387,219.787,77.4002
"Feb 15, 12:00 am",142.278,219.787,77.5097
"Feb 15, 01:00 am",142.166,219.787,77.6213
"Feb 15, 02:00 am",142.052,219.787,77.7355
"Feb 15, 03:00 am",141.934,219.787,77.853
"Feb 15, 04:00 am",141.812,219.787,77.9751
"Feb 15, 05:00 am",141.684,219.787,78.1036
"Feb 15, 06:00 am",141.545,219.787,78.2419
"Feb 15, 07:00 am",141.391,219.787,78.3966
"Feb 15, 08:00 am",141.202,219.787,78.585
"Feb 15, 09:00 am",16.7583,219.787,202.976
"Feb 15, 10:00 am",35.0861,219.787,184.648
"Feb 15, 11:00 am",61.7853,219.787,157.949
"Feb 15, 12:00 pm",91.28,219.787,128.454
"Feb 15, 01:00 pm",118.167,219.787,101.568
"Feb 15, 02:00 pm",137.575,219.787,82.159
"Feb 15, 03:00 pm",145.8,219.787,73.9342
"Feb 15, 04:00 pm",140.64,219.787,79.0948
"Feb 15, 05:00 pm",138.414,219.787,81.3736
"Feb 15, 06:00 pm",138.315,219.787,81.4727
"Feb 15, 07:00 pm",138.215,219.787,81.5725
"Feb 15, 08:00 pm",138.114,219.787,81.6731
"Feb 15, 09:00 pm",138.013,219.787,81.7747
"Feb 15, 10:00 pm",137.91,219.787,81.8773
"Feb 15, 11:00 pm",137.806,219.787,81.9813
"Feb 16, 12:00 am",137.7,219.787,82.087
"Feb 16, 01:00 am",137.593,219.787,82.1946
"Feb 16, 02:00 am",137.483,219.787,82.3047
"Feb 16, 03:00 am",137.369,219.787,82.4181
"Feb 16, 04:00 am",137.252,219.787,82.5358
"Feb 16, 05:00 am",137.128,219.787,82.6597
"Feb 16, 06:00 am",136.994,219.787,82.7931
"Feb 16, 07:00 am",136.845,219.787,82.9422
"Feb 16, 08:00 am",21.6676,219.787,198.067
"Feb 16, 09:00 am",22.3364,219.787,197.398
"Feb 16, 10:00 am",39.7994,219.787,179.935
"Feb 16, 11:00 am",65.6383,219.787,154.096
"Feb 16, 12:00 pm",94.3437,219.787,125.391
"Feb 16, 01:00 pm",120.734,219.787,99.0007
"Feb 16, 02:00 pm",139.714,219.787,80.02
"Feb 16, 03:00 pm",147.731,219.787,72.0029
"Feb 16, 04:00 pm",142.396,219.787,77.3385
"Feb 16, 05:00 pm",140.195,219.787,79.592
"Feb 16, 06:00 pm",140.095,219.787,79.6925
"Feb 16, 07:00 pm",139.994,219.787,79.7937
"Feb 16, 08:00 pm",139.892,219.787,79.8958
"Feb 16, 09:00 pm",139.789,219.787,79.9988
"Feb 16, 10:00 pm",139.684,219.787,80.1029
"Feb 16, 11:00 pm",139.579,219.787,80.2084
"Feb 17, 12:00 am",139.472,219.787,80.3155
"Feb 17, 01:00 am",139.363,219.787,80.4247
"Feb 17, 02:00 am",139.251,219.787,80.5364
"Feb 17, 03:00 am",139.136,219.787,80.6514
"Feb 17, 04:00 am",139.017,219.787,80.7708
"Feb 17, 05:00 am",138.891,219.787,80.8965
"Feb 17, 06:00 am",138.756,219.787,81.0317
"Feb 17, 07:00 am",138.604,219.787,81.183
"Feb 17, 08:00 am",138.42,219.787,81.3673
"Feb 17, 09:00 am",16.3603,219.787,203.374
"Feb 17, 10:00 am",34.8073,219.787,184.927
"Feb 17, 11:00 am",61.995,219.787,157.739
"Feb 17, 12:00 pm",91.9809,219.787,127.754
"Feb 17, 01:00 pm",119.348,219.787,100.386
"Feb 17, 02:00 pm",139.063,219.787,80.6718
"Feb 17, 03:00 pm",147.529,219.787,72.2052
"Feb 17, 04:00 pm",142.333,219.787,77.4017
"Feb 17, 05:00 pm",140.064,219.787,79.7233
"Feb 17, 06:00 pm",139.964,219.787,79.8237
"Feb 17, 07:00 pm",139.863,219.787,79.9248
"Feb 17, 08:00 pm",139.761,219.787,80.0268
"Feb 17, 09:00 pm",139.658,219.787,80.1297
"Feb 17, 10:00 pm",139.554,219.787,80.2337
"Feb 17, 11:00 pm",139.448,219.787,80.3391
"Feb 18, 12:00 am",139.341,219.787,80.4461
"Feb 18, 01:00 am",139.232,219.787,80.5551
"Feb 18, 02:00 am",139.121,219.787,80.6667
"Feb 18, 03:00 am",139.006,219.787,80.7816
"Feb 18, 04:00 am",138.886,219.787,80.9009
"Feb 18, 05:00 am",138.761,219.787,81.0265
"Feb 18, 06:00 am",138.626,219.787,81.1616
"Feb 18, 07:00 am",138.475,219.787,81.3127
"Feb 18, 08:00 am",21.9258,219.787,197.809
"Feb 18, 09:00 am",22.6359,219.787,197.098
"Feb 18, 10:00 am",40.6273,219.787,179.107
"Feb 18, 11:00 am",67.1607,219.787,152.574
"Feb 18, 12:00 pm",96.4613,219.787,123.273
"Feb 18, 01:00 pm",123.097,219.787,96.6376
"Feb 18, 02:00 pm",142.11,219.787,77.6244
"Feb 18, 03:00 pm",149.94,219.787,69.7947
"Feb 18, 04:00 pm",144.213,219.787,75.5215
"Feb 18, 05:00 pm",142.076,219.787,77.7115
"Feb 18, 06:00 pm",141.974,219.787,77.8135
"Feb 18, 07:00 pm",141.871,219.787,77.9162
"Feb 18, 08:00 pm",141.768,219.787,78.0198
"Feb 18, 09:00 pm",141.663,219.787,78.1243
"Feb 18, 10:00 pm",141.557,219.787,78.23
"Feb 18, 11:00 pm",141.45,219.787,78.3371
"Feb 19, 12:00 am",141.342,219.787,78.4458
"Feb 19, 01:00 am",141.231,219.787,78.5566
"Feb 19, 02:00 am",141.117,219.787,78.6699
"Feb 19, 03:00 am",141.001,219.787,78.7866
"Feb 19, 04:00 am",140.88,219.787,78.9078
"Feb 19, 05:00 am",140.752,219.787,79.0354
"Feb 19, 06:00 am",140.615,219.787,79.1726
"Feb 19, 07:00 am",140.461,219.787,79.3262
"Feb 19, 08:00 am",140.274,219.787,79.5133
"Feb 19, 09:00 am",16.8676,219.787,202.867
"Feb 19, 10:00 am",35.6505,219.787,184.084
"Feb 19, 11:00 am",63.0744,219.787,156.66
"Feb 19, 12:00 pm",93.2584,219.787,126.476
"Feb 19, 01:00 pm",120.795,219.787,98.9389
"Feb 19, 02:00 pm",140.609,219.787,79.1257
"Feb 19, 03:00 pm",149.076,219.787,70.658
"Feb 19, 04:00 pm",143.906,219.787,75.8282
"Feb 19, 05:00 pm",141.599,219.787,78.1879
"Feb 19, 06:00 pm",141.498,219.787,78.2895
"Feb 19, 07:00 pm",141.395,219.787,78.3919
"Feb 19, 08:00 pm",141.292,219.787,78.495
"Feb 19, 09:00 pm",141.188,219.787,78.5992
"Feb 19, 10:00 pm",141.083,219.787,78.7045
"Feb 19, 11:00 pm",140.976,219.787,78.8112
"Feb 20, 12:00 am",140.868,219.787,78.9195
"Feb 20, 01:00 am",140.758,219.787,79.0298
"Feb 20, 02:00 am",140.645,219.787,79.1428
"Feb 20, 03:00 am",140.528,219.787,79.259
"Feb 20, 04:00 am",140.408,219.787,79.3798
"Feb 20, 05:00 am",140.28,219.787,79.5069
"Feb 20, 06:00 am",140.144,219.787,79.6436
"Feb 20, 07:00 am",139.991,219.787,79.7966
"Feb 20, 08:00 am",22.2271,219.787,197.507
"Feb 20, 09:00 am",23.0943,219.787,196.64
"Feb 20, 10:00 am",41.1423,219.787,178.592
"Feb 20, 11:00 am",67.6577,219.787,152.077
"Feb 20, 12:00 pm",97.0615,219.787,122.673
"Feb 20, 01:00 pm",123.957,219.787,95.7779
"Feb 20, 02:00 pm",143.295,219.787,76.4398
"Feb 20, 03:00 pm",151.391,219.787,68.343
"Feb 20, 04:00 pm",145.91,219.787,73.8243
"Feb 20, 05:00 pm",143.665,219.787,76.1223
"Feb 20, 06:00 pm",143.562,219.787,76.2256
"Feb 20, 07:00 pm",143.458,219.787,76.3296
"Feb 20, 08:00 pm",143.353,219.787,76.4345
"Feb 20, 09:00 pm",143.247,219.787,76.5403
"Feb 20, 10:00 pm",143.14,219.787,76.6473
"Feb 20, 11:00 pm",143.032,219.787,76.7557
"Feb 21, 12:00 am",142.922,219.787,76.8657
"Feb 21, 01:00 am",142.809,219.787,76.9779
"Feb 21, 02:00 am",142.695,219.787,77.0926
"Feb 21, 03:00 am",142.577,219.787,77.2108
"Feb 21, 04:00 am",142.454,219.787,77.3335
"Feb 21, 05:00 am",142.325,219.787,77.4626
"Feb 21, 06:00 am",142.186,219.787,77.6016
"Feb 21, 07:00 am",142.03,219.787,77.757
"Feb 21, 08:00 am",141.841,219.787,77.9464
"Feb 21, 09:00 am",17.1145,219.787,202.62
"Feb 21, 10:00 am",36.2923,219.787,183.442
"Feb 21, 11:00 am",64.2959,219.787,155.438
"Feb 21, 12:00 pm",95.1807,219.787,124.554
"Feb 21, 01:00 pm",123.367,219.787,96.3672
"Feb 21, 02:00 pm",143.663,219.787,76.0717
"Feb 21, 03:00 pm",152.42,219.787,67.3143
"Feb 21, 04:00 pm",147.224,219.787,72.51
"Feb 21, 05:00 pm",144.836,219.787,74.9513
"Feb 21, 06:00 pm",144.732,219.787,75.0555
"Feb 21, 07:00 pm",144.627,219.787,75.1605
"Feb 21, 08:00 pm",144.521,219.787,75.2663
"Feb 21, 09:00 pm",144.414,219.787,75.3731
"Feb 21, 10:00 pm",144.306,219.787,75.481
"Feb 21, 11:00 pm",144.197,219.787,75.5904
"Feb 22, 12:00 am",144.086,219.787,75.7015
"Feb 22, 01:00 am",143.973,219.787,75.8146
"Feb 22, 02:00 am",143.857,219.787,75.9304
"Feb 22, 03:00 am",143.738,219.787,76.0496
"Feb 22, 04:00 am",143.614,219.787,76.1734
"Feb 22, 05:00 am",143.484,219.787,76.3037
"Feb 22, 06:00 am",143.343,219.787,76.4439
"Feb 22, 07:00 am",143.187,219.787,76.6008
"Feb 22, 08:00 am",22.5911,219.787,197.143
"Feb 22, 09:00 am",23.6461,219.787,196.088
"Feb 22, 10:00 am",42.2738,219.787,177.461
"Feb 22, 11:00 am",69.5504,219.787,150.184
"Feb 22, 12:00 pm",99.6991,219.787,120.035
"Feb 22, 01:00 pm",127.072,219.787,92.6629
"Feb 22, 02:00 pm",146.89,219.787,72.8444
"Feb 22, 03:00 pm",155.073,219.787,64.661
"Feb 22, 04:00 pm",149.437,219.787,70.2969
"Feb 22, 05:00 pm",147.148,219.787,72.6396
"Feb 22, 06:00 pm",147.042,219.787,72.7457
"Feb 22, 07:00 pm",146.935,219.787,72.8525
"Feb 22, 08:00 pm",146.827,219.787,72.9601
"Feb 22, 09:00 pm",146.719,219.787,73.0688
"Feb 22, 10:00 pm",146.609,219.787,73.1787
"Feb 22, 11:00 pm",146.497,219.787,73.29
"Feb 23, 12:00 am",146.384,219.787,73.403
"Feb 23, 01:00 am",146.269,219.787,73.5181
"Feb 23, 02:00 am",146.151,219.787,73.636
"Feb 23, 03:00 am",146.03,219.787,73.7573
"Feb 23, 04:00 am",145.904,219.787,73.8833
"Feb 23, 05:00 am",145.771,219.787,74.0159
"Feb 23, 06:00 am",145.629,219.787,74.1585
"Feb 23, 07:00 am",145.469,219.787,74.3182
"Feb 23, 08:00 am",145.275,219.787,74.5126
"Feb 23, 09:00 am",17.3442,219.787,202.39
"Feb 23, 10:00 am",20.3332,219.787,199.401
"Feb 23, 11:00 am",25.0595,219.787,194.675
"Feb 23, 12:00 pm",29.7103,219.787,190.024
"Feb 23, 01:00 pm",36.0762,219.787,183.658
"Feb 23, 02:00 pm",40.6521,219.787,179.082
"Feb 23, 03:00 pm",41.0107,219.787,178.724
"Feb 23, 04:00 pm",40.9807,219.787,178.754
"Feb 23, 05:00 pm",38.8355,219.787,180.899
"Feb 23, 06:00 pm",38.6307,219.787,181.157
"Feb 23, 07:00 pm",38.6109,219.787,181.176
"Feb 23, 08:00 pm",38.591,219.787,181.196
"Feb 23, 09:00 pm",38.5709,219.787,181.216
"Feb 23, 10:00 pm",38.5506,219.787,181.237
"Feb 23, 11:00 pm",38.5301,219.787,181.257
"Feb 24, 12:00 am",38.5093,219.787,181.278
"Feb 24, 01:00 am",38.4883,219.787,181.299
"Feb 24, 02:00 am",38.4668,219.787,181.321
"Feb 24, 03:00 am",38.4448,219.787,181.343
"Feb 24, 04:00 am",38.4221,219.787,181.365
"Feb 24, 05:00 am",38.3986,219.787,181.389
"Feb 24, 06:00 am",38.3739,219.787,181.413
"Feb 24, 07:00 am",38.3473,219.787,181.44
"Feb 24, 08:00 am",8.75953,219.787,210.975
"Feb 24, 09:00 am",10.7883,219.787,208.946
"Feb 24, 10:00 am",29.7241,219.787,190.01
"Feb 24, 11:00 am",57.0978,219.787,162.637
"Feb 24, 12:00 pm",52.5303,219.787,167.204
"Feb 24, 01:00 pm",53.8387,219.787,165.896
"Feb 24, 02:00 pm",54.4989,219.787,165.235
"Feb 24, 03:00 pm",54.5308,219.787,165.204
"Feb 24, 04:00 pm",52.631,219.787,167.103
"Feb 24, 05:00 pm",49.4259,219.787,170.309
"Feb 24, 06:00 pm",49.3821,219.787,170.405
"Feb 24, 07:00 pm",49.3537,219.787,170.434
"Feb 24, 08:00 pm",49.3252,219.787,170.462
"Feb 24, 09:00 pm",49.2964,219.787,170.491
"Feb 24, 10:00 pm",49.2674,219.787,170.52
"Feb 24, 11:00 pm",49.238,219.787,170.549
"Feb 25, 12:00 am",49.2083,219.787,170.579
"Feb 25, 01:00 am",49.1781,219.787,170.609
"Feb 25, 02:00 am",49.1473,219.787,170.64
"Feb 25, 03:00 am",49.1159,219.787,170.671
"Feb 25, 04:00 am",49.0835,219.787,170.704
"Feb 25, 05:00 am",49.0498,219.787,170.738
"Feb 25, 06:00 am",49.0144,219.787,170.773
"Feb 25, 07:00 am",48.9762,219.787,170.811
"Feb 25, 08:00 am",11.1302,219.787,208.604
"Feb 25, 09:00 am",12.2823,219.787,207.452
"Feb 25, 10:00 am",14.3464,219.787,205.388
"Feb 25, 11:00 am",18.7406,219.787,200.994
"Feb 25, 12:00 pm",25.7533,219.787,193.981
"Feb 25, 01:00 pm",28.6276,219.787,191.107
"Feb 25, 02:00 pm",32.5427,219.787,187.192
"Feb 25, 03:00 pm",60.4464,219.787,159.288
"Feb 25, 04:00 pm",65.8895,219.787,153.845
"Feb 25, 05:00 pm",61.8859,219.787,157.901
"Feb 25, 06:00 pm",61.8477,219.787,157.94
"Feb 25, 07:00 pm",61.8091,219.787,157.978
"Feb 25, 08:00 pm",61.7703,219.787,158.017
"Feb 25, 09:00 pm",61.7311,219.787,158.056
"Feb 25, 10:00 pm",61.6914,219.787,158.096
"Feb 25, 11:00 pm",61.6512,219.787,158.136
"Feb 26, 12:00 am",61.6104,219.787,158.177
"Feb 26, 01:00 am",61.5689,219.787,158.218
"Feb 26, 02:00 am",61.5264,219.787,158.261
"Feb 26, 03:00 am",61.4826,219.787,158.305
"Feb 26, 04:00 am",61.4371,219.787,158.35
"Feb 26, 05:00 am",61.3892,219.787,158.398
"Feb 26, 06:00 am",61.3378,219.787,158.45
"Feb 26, 07:00 am",61.2801,219.787,158.507
"Feb 26, 08:00 am",9.95027,219.787,209.784
"Feb 26, 09:00 am",12.4039,219.787,207.33
"Feb 26, 10:00 am",31.9099,219.787,187.825
"Feb 26, 11:00 am",60.0796,219.787,159.655
"Feb 26, 12:00 pm",91.0529,219.787,128.682
"Feb 26, 01:00 pm",119.311,219.787,100.424
"Feb 26, 02:00 pm",140.048,219.787,79.6865
"Feb 26, 03:00 pm",149.112,219.787,70.6219
"Feb 26, 04:00 pm",144.206,219.787,75.5282
"Feb 26, 05:00 pm",141.787,219.787,78.0007
"Feb 26, 06:00 pm",141.685,219.787,78.1025
"Feb 26, 07:00 pm",141.582,219.787,78.205
"Feb 26, 08:00 pm",141.479,219.787,78.3083
"Feb 26, 09:00 pm",141.375,219.787,78.4126
"Feb 26, 10:00 pm",141.269,219.787,78.5181
"Feb 26, 11:00 pm",141.162,219.787,78.6249
"Feb 27, 12:00 am",141.054,219.787,78.7333
"Feb 27, 01:00 am",140.943,219.787,78.8439
"Feb 27, 02:00 am",140.83,219.787,78.957
"Feb 27, 03:00 am",140.714,219.787,79.0734
"Feb 27, 04:00 am",140.593,219.787,79.1943
"Feb 27, 05:00 am",140.466,219.787,79.3216
"Feb 27, 06:00 am",140.329,219.787,79.4585
"Feb 27, 07:00 am",140.176,219.787,79.6118
"Feb 27, 08:00 am",22.274,219.787,197.46
"Feb 27, 09:00 am",23.73,219.787,196.004
"Feb 27, 10:00 am",42.5713,219.787,177.163
"Feb 27, 11:00 am",70.0235,219.787,149.711
"Feb 27, 12:00 pm",100.206,219.787,119.528
"Feb 27, 01:00 pm",127.272,219.787,92.4624
"Feb 27, 02:00 pm",146.492,219.787,73.2425
"Feb 27, 03:00 pm",154.153,219.787,65.5815
"Feb 27, 04:00 pm",148.033,219.787,71.7545
"Feb 27, 05:00 pm",147.926,219.787,71.8612
"Feb 27, 06:00 pm",147.819,219.787,71.9687
"Feb 27, 07:00 pm",147.71,219.787,72.0771
"Feb 27, 08:00 pm",147.601,219.787,72.1865
"Feb 27, 09:00 pm",147.49,219.787,72.2971
"Feb 27, 10:00 pm",147.378,219.787,72.4091
"Feb 27, 11:00 pm",147.264,219.787,72.5229
"Feb 28, 12:00 am",147.149,219.787,72.6388
"Feb 28, 01:00 am",147.03,219.787,72.7574
"Feb 28, 02:00 am",146.908,219.787,72.8795
"Feb 28, 03:00 am",146.781,219.787,73.0064
"Feb 28, 04:00 am",146.647,219.787,73.1399
"Feb 28, 05:00 am",146.504,219.787,73.2835
"Feb 28, 06:00 am",146.343,219.787,73.4442
"Feb 28, 07:00 am",146.147,219.787,73.6399
"Feb 28, 08:00 am",15.4836,219.787,204.251
"Feb 28, 09:00 am",17.2121,219.787,202.522
"Feb 28, 10:00 am",35.8825,219.787,183.852
"Feb 28, 11:00 am",62.8916,219.787,156.843
"Feb 28, 12:00 pm",92.6093,219.787,127.125
"Feb 28, 01:00 pm",83.672,219.787,136.062
"Feb 28, 02:00 pm",78.6882,219.787,141.046
"Feb 28, 03:00 pm",75.8555,219.787,143.879
"Feb 28, 04:00 pm",83.9896,219.787,135.745
"Feb 28, 05:00 pm",80.8001,219.787,138.987
"Feb 28, 06:00 pm",80.7468,219.787,139.041
"Feb 28, 07:00 pm",80.6931,219.787,139.094
"Feb 28, 08:00 pm",80.639,219.787,139.148
"Feb 28, 09:00 pm",80.5844,219.787,139.203
"Feb 28, 10:00 pm",80.5291,219.787,139.258
"Feb 28, 11:00 pm",80.4732,219.787,139.314
"Mar 1, 12:00 am",80.4164,219.787,139.371
"Mar 1, 01:00 am",80.3585,219.787,139.429
"Mar 1, 02:00 am",80.2993,219.787,139.488
"Mar 1, 03:00 am",80.2383,219.787,139.549
"Mar 1, 04:00 am",80.1749,219.787,139.612
"Mar 1, 05:00 am",80.1083,219.787,139.679
"Mar 1, 06:00 am",80.0366,219.787,139.751
"Mar 1, 07:00 am",79.9563,219.787,139.831
"Mar 1, 08:00 am",13.1397,219.787,206.595
"Mar 1, 09:00 am",15.5363,219.787,204.198
"Mar 1, 10:00 am",34.7465,219.787,184.988
"Mar 1, 11:00 am",62.5994,219.787,157.135
"Mar 1, 12:00 pm",93.3667,219.787,126.368
"Mar 1, 01:00 pm",121.505,219.787,98.2296
"Mar 1, 02:00 pm",142.117,219.787,77.6171
"Mar 1, 03:00 pm",150.884,219.787,68.8505
"Mar 1, 04:00 pm",145.548,219.787,74.1867
"Mar 1, 05:00 pm",143.219,219.787,76.568
"Mar 1, 06:00 pm",143.116,219.787,76.6709
"Mar 1, 07:00 pm",143.013,219.787,76.7746
"Mar 1, 08:00 pm",142.908,219.787,76.8791
"Mar 1, 09:00 pm",142.803,219.787,76.9846
"Mar 1, 10:00 pm",142.696,219.787,77.0912
"Mar 1, 11:00 pm",142.588,219.787,77.1992
"Mar 2, 12:00 am",142.478,219.787,77.3089
"Mar 2, 01:00 am",142.367,219.787,77.4206
"Mar 2, 02:00 am",142.252,219.787,77.535
"Mar 2, 03:00 am",142.135,219.787,77.6527
"Mar 2, 04:00 am",142.012,219.787,77.775
"Mar 2, 05:00 am",141.884,219.787,77.9037
"Mar 2, 06:00 am",141.745,219.787,78.0422
"Mar 2, 07:00 am",141.59,219.787,78.1971
"Mar 2, 08:00 am",141.402,219.787,78.3858
"Mar 2, 09:00 am",17.1188,219.787,202.616
"Mar 2, 10:00 am",35.8183,219.787,183.916
"Mar 2, 11:00 am",63.0668,219.787,156.668
"Mar 2, 12:00 pm",93.105,219.787,126.629
"Mar 2, 01:00 pm",120.517,219.787,99.2173
"Mar 2, 02:00 pm",140.371,219.787,79.3632
"Mar 2, 03:00 pm",148.624,219.787,71.1101
"Mar 2, 04:00 pm",143.13,219.787,76.6041
"Mar 2, 05:00 pm",140.924,219.787,78.8631
"Mar 2, 06:00 pm",140.823,219.787,78.9642
"Mar 2, 07:00 pm",140.721,219.787,79.066
"Mar 2, 08:00 pm",140.619,219.787,79.1687
"Mar 2, 09:00 pm",140.515,219.787,79.2723
"Mar 2, 10:00 pm",140.41,219.787,79.377
"Mar 2, 11:00 pm",140.304,219.787,79.4831
"Mar 3, 12:00 am",140.196,219.787,79.5909
"Mar 3, 01:00 am",140.087,219.787,79.7006
"Mar 3, 02:00 am",139.974,219.787,79.813
"Mar 3, 03:00 am",139.859,219.787,79.9286
"Mar 3, 04:00 am",139.739,219.787,80.0487
"Mar 3, 05:00 am",139.612,219.787,80.1752
"Mar 3, 06:00 am",139.476,219.787,80.3112
"Mar 3, 07:00 am",139.324,219.787,80.4634
"Mar 3, 08:00 am",139.139,219.787,80.6487
"Mar 3, 09:00 am",17.5294,219.787,202.205
"Mar 3, 10:00 am",36.481,219.787,183.253
"Mar 3, 11:00 am",63.8079,219.787,155.926
"Mar 3, 12:00 pm",93.8531,219.787,125.881
"Mar 3, 01:00 pm",121.259,219.787,98.4756
"Mar 3, 02:00 pm",140.896,219.787,78.8383
"Mar 3, 03:00 pm",149.075,219.787,70.6595
"Mar 3, 04:00 pm",143.482,219.787,76.2529
"Mar 3, 05:00 pm",141.298,219.787,78.4891
"Mar 3, 06:00 pm",141.197,219.787,78.5905
"Mar 3, 07:00 pm",141.095,219.787,78.6926
"Mar 3, 08:00 pm",140.992,219.787,78.7955
"Mar 3, 09:00 pm",140.888,219.787,78.8995
"Mar 3, 10:00 pm",140.783,219.787,79.0045
"Mar 3, 11:00 pm",140.676,219.787,79.1109
"Mar 4, 12:00 am",140.568,219.787,79.219
"Mar 4, 01:00 am",140.458,219.787,79.3291
"Mar 4, 02:00 am",140.346,219.787,79.4417
"Mar 4, 03:00 am",140.23,219.787,79.5577
"Mar 4, 04:00 am",140.109,219.787,79.6782
"Mar 4, 05:00 am",139.982,219.787,79.805
"Mar 4, 06:00 am",139.846,219.787,79.9414
"Mar 4, 07:00 am",139.693,219.787,80.094
"Mar 4, 08:00 am",22.1558,219.787,197.579
"Mar 4, 09:00 am",23.2524,219.787,196.482
"Mar 4, 10:00 am",41.277,219.787,178.457
"Mar 4, 11:00 am",67.8016,219.787,151.933
"Mar 4, 12:00 pm",97.138,219.787,122.596
"Mar 4, 01:00 pm",123.812,219.787,95.922
"Mar 4, 02:00 pm",113.429,219.787,106.359
"Mar 4, 03:00 pm",127.63,219.787,92.1048
"Mar 4, 04:00 pm",121.542,219.787,98.2452
"Mar 4, 05:00 pm",121.456,219.787,98.3309
"Mar 4, 06:00 pm",121.37,219.787,98.4172
"Mar 4, 07:00 pm",121.283,219.787,98.5042
"Mar 4, 08:00 pm",121.195,219.787,98.592
"Mar 4, 09:00 pm",121.107,219.787,98.6808
"Mar 4, 10:00 pm",121.017,219.787,98.7708
"Mar 4, 11:00 pm",120.925,219.787,98.8621
"Mar 5, 12:00 am",120.832,219.787,98.9551
"Mar 5, 01:00 am",120.737,219.787,99.0503
"Mar 5, 02:00 am",120.639,219.787,99.1484
"Mar 5, 03:00 am",120.537,219.787,99.2502
"Mar 5, 04:00 am",120.43,219.787,99.3573
"Mar 5, 05:00 am",120.315,219.787,99.4726
"Mar 5, 06:00 am",120.186,219.787,99.6016
"Mar 5, 07:00 am",120.029,219.787,99.7587
"Mar 5, 08:00 am",12.4169,219.787,207.317
"Mar 5, 09:00 am",13.0961,219.787,206.638
"Mar 5, 10:00 am",31.8147,219.787,187.92
"Mar 5, 11:00 am",58.5824,219.787,161.152
"Mar 5, 12:00 pm",51.2637,219.787,168.471
"Mar 5, 01:00 pm",89.2885,219.787,130.446
"Mar 5, 02:00 pm",111.687,219.787,108.048
"Mar 5, 03:00 pm",122.066,219.787,97.6683
"Mar 5, 04:00 pm",118.586,219.787,101.148
"Mar 5, 05:00 pm",116.235,219.787,103.552
"Mar 5, 06:00 pm",116.153,219.787,103.634
"Mar 5, 07:00 pm",116.071,219.787,103.716
"Mar 5, 08:00 pm",115.989,219.787,103.799
"Mar 5, 09:00 pm",115.905,219.787,103.882
"Mar 5, 10:00 pm",115.821,219.787,103.967
"Mar 5, 11:00 pm",115.735,219.787,104.052
"Mar 6, 12:00 am",115.648,219.787,104.139
"Mar 6, 01:00 am",115.56,219.787,104.227
"Mar 6, 02:00 am",115.469,219.787,104.318
"Mar 6, 03:00 am",115.376,219.787,104.411
"Mar 6, 04:00 am",115.279,219.787,104.508
"Mar 6, 05:00 am",115.178,219.787,104.61
"Mar 6, 06:00 am",115.068,219.787,104.719
"Mar 6, 07:00 am",114.945,219.787,104.842
"Mar 6, 08:00 am",114.796,219.787,104.991
"Mar 6, 09:00 am",12.7248,219.787,207.01
"Mar 6, 10:00 am",14.7335,219.787,205.001
"Mar 6, 11:00 am",46.8554,219.787,172.879
"Mar 6, 12:00 pm",77.8598,219.787,141.875
"Mar 6, 01:00 pm",105.658,219.787,114.077
"Mar 6, 02:00 pm",125.677,219.787,94.0571
"Mar 6, 03:00 pm",134.092,219.787,85.6424
"Mar 6, 04:00 pm",128.768,219.787,90.9661
"Mar 6, 05:00 pm",126.785,219.787,93.0025
"Mar 6, 06:00 pm",126.695,219.787,93.0924
"Mar 6, 07:00 pm",126.604,219.787,93.1829
"Mar 6, 08:00 pm",126.513,219.787,93.2741
"Mar 6, 09:00 pm",126.421,219.787,93.3662
"Mar 6, 10:00 pm",126.328,219.787,93.4593
"Mar 6, 11:00 pm",126.234,219.787,93.5536
"Mar 7, 12:00 am",126.138,219.787,93.6494
"Mar 7, 01:00 am",126.04,219.787,93.7469
"Mar 7, 02:00 am",125.941,219.787,93.8468
"Mar 7, 03:00 am",125.838,219.787,93.9496
"Mar 7, 04:00 am",125.731,219.787,94.0563
"Mar 7, 05:00 am",125.619,219.787,94.1687
"Mar 7, 06:00 am",125.498,219.787,94.2896
"Mar 7, 07:00 am",125.362,219.787,94.4249
"Mar 7, 08:00 am",125.198,219.787,94.5896
"Mar 7, 09:00 am",15.4966,219.787,204.238
"Mar 7, 10:00 am",34.0305,219.787,185.704
"Mar 7, 11:00 am",61.0705,219.787,158.664
"Mar 7, 12:00 pm",90.8548,219.787,128.88
"Mar 7, 01:00 pm",117.971,219.787,101.763
"Mar 7, 02:00 pm",137.535,219.787,82.1991
"Mar 7, 03:00 pm",145.55,219.787,74.184
"Mar 7, 04:00 pm",139.758,219.787,79.976
"Mar 7, 05:00 pm",137.703,219.787,82.0847
"Mar 7, 06:00 pm",137.604,219.787,82.1832
"Mar 7, 07:00 pm",137.505,219.787,82.2824
"Mar 7, 08:00 pm",137.405,219.787,82.3825
"Mar 7, 09:00 pm",137.304,219.787,82.4835
"Mar 7, 10:00 pm",137.202,219.787,82.5855
"Mar 7, 11:00 pm",137.098,219.787,82.6889
"Mar 8, 12:00 am",136.993,219.787,82.794
"Mar 8, 01:00 am",136.886,219.787,82.901
"Mar 8, 02:00 am",136.777,219.787,83.0104
"Mar 8, 03:00 am",136.664,219.787,83.1232
"Mar 8, 04:00 am",136.547,219.787,83.2402
"Mar 8, 05:00 am",136.424,219.787,83.3635
"Mar 8, 06:00 am",136.291,219.787,83.496
"Mar 8, 07:00 am",136.143,219.787,83.6444
"Mar 8, 08:00 am",135.962,219.787,83.825
"Mar 8, 09:00 am",16.9993,219.787,202.735
"Mar 8, 10:00 am",35.5278,219.787,184.207
"Mar 8, 11:00 am",62.4266,219.787,157.308
"Mar 8, 12:00 pm",91.9989,219.787,127.735
"Mar 8, 01:00 pm",118.872,219.787,100.863
"Mar 8, 02:00 pm",138.219,219.787,81.5152
"Mar 8, 03:00 pm",145.985,219.787,73.7498
"Mar 8, 04:00 pm",139.996,219.787,79.7386
"Mar 8, 05:00 pm",137.998,219.787,81.7897
"Mar 8, 06:00 pm",137.899,219.787,81.8884
"Mar 8, 07:00 pm",137.799,219.787,81.9879
"Mar 8, 08:00 pm",137.699,219.787,82.0882
"Mar 8, 09:00 pm",137.598,219.787,82.1894
"Mar 8, 10:00 pm",137.496,219.787,82.2917
"Mar 8, 11:00 pm",137.392,219.787,82.3954
"Mar 9, 12:00 am",137.287,219.787,82.5007
"Mar 9, 01:00 am",137.179,219.787,82.6079
"Mar 9, 02:00 am",137.07,219.787,82.7177
"Mar 9, 03:00 am",136.957,219.787,82.8306
"Mar 9, 04:00 am",136.839,219.787,82.948
"Mar 9, 05:00 am",136.716,219.787,83.0715
"Mar 9, 06:00 am",136.583,219.787,83.2044
"Mar 9, 07:00 am",136.434,219.787,83.3531
"Mar 9, 08:00 am",136.253,219.787,83.5342
"Mar 9, 09:00 am",17.0026,219.787,202.732
"Mar 9, 10:00 am",35.7076,219.787,184.027
"Mar 9, 11:00 am",62.8547,219.787,156.88
"Mar 9, 12:00 pm",92.6572,219.787,127.077
"Mar 9, 01:00 pm",119.741,219.787,99.9935
"Mar 9, 02:00 pm",139.199,219.787,80.5354
"Mar 9, 03:00 pm",146.961,219.787,72.7736
"Mar 9, 04:00 pm",140.89,219.787,78.8448
"Mar 9, 05:00 pm",138.891,219.787,80.896
"Mar 9, 06:00 pm",138.792,219.787,80.9955
"Mar 9, 07:00 pm",138.692,219.787,81.0957
"Mar 9, 08:00 pm",138.591,219.787,81.1967
"Mar 9, 09:00 pm",138.489,219.787,81.2986
"Mar 9, 10:00 pm",138.386,219.787,81.4017
"Mar 9, 11:00 pm",138.281,219.787,81.5061
"Mar 10, 12:00 am",138.175,219.787,81.6121
"Mar 10, 01:00 am",138.067,219.787,81.7201
"Mar 10, 02:00 am",137.957,219.787,81.8307
"Mar 10, 03:00 am",137.843,219.787,81.9445
"Mar 10, 04:00 am",137.725,219.787,82.0627
"Mar 10, 05:00 am",137.6,219.787,82.1871
"Mar 10, 06:00 am",137.466,219.787,82.3209
"Mar 10, 07:00 am",137.317,219.787,82.4707
"Mar 10, 08:00 am",137.134,219.787,82.6531
"Mar 10, 09:00 am",17.1478,219.787,202.587
"Mar 10, 10:00 am",35.7907,219.787,183.944
"Mar 10, 11:00 am",62.7642,219.787,156.97
"Mar 10, 12:00 pm",92.3103,219.787,127.424
"Mar 10, 01:00 pm",118.984,219.787,100.751
"Mar 10, 02:00 pm",137.829,219.787,81.9055
"Mar 10, 03:00 pm",145.177,219.787,74.5578
"Mar 10, 04:00 pm",138.849,219.787,80.8855
"Mar 10, 05:00 pm",136.98,219.787,82.8075
"Mar 10, 06:00 pm",136.882,219.787,82.9055
"Mar 10, 07:00 pm",136.783,219.787,83.0041
"Mar 10, 08:00 pm",136.684,219.787,83.1036
"Mar 10, 09:00 pm",136.583,219.787,83.204
"Mar 10, 10:00 pm",136.482,219.787,83.3055
"Mar 10, 11:00 pm",136.379,219.787,83.4083
"Mar 11, 12:00 am",136.275,219.787,83.5127
"Mar 11, 01:00 am",136.168,219.787,83.619
"Mar 11, 02:00 am",136.059,219.787,83.7279
"Mar 11, 03:00 am",135.947,219.787,83.84
"Mar 11, 04:00 am",135.831,219.787,83.9564
"Mar 11, 05:00 am",135.708,219.787,84.0789
"Mar 11, 06:00 am",135.577,219.787,84.2106
"Mar 11, 07:00 am",135.429,219.787,84.3581
"Mar 11, 08:00 am",135.25,219.787,84.5377
"Mar 11, 09:00 am",14.8282,219.787,204.906
"Mar 11, 10:00 am",16.1319,219.787,203.602
"Mar 11, 11:00 am",49.0037,219.787,170.731
"Mar 11, 12:00 pm",80.5376,219.787,139.197
"Mar 11, 01:00 pm",108.795,219.787,110.94
"Mar 11, 02:00 pm",128.958,219.787,90.7764
"Mar 11, 03:00 pm",119.921,219.787,99.8659
"Mar 11, 04:00 pm",119.837,219.787,99.9503
"Mar 11, 05:00 pm",119.752,219.787,100.035
"Mar 11, 06:00 pm",119.666,219.787,100.121
"Mar 11, 07:00 pm",119.58,219.787,100.208
"Mar 11, 08:00 pm",119.492,219.787,100.295
"Mar 11, 09:00 pm",119.404,219.787,100.384
"Mar 11, 10:00 pm",119.314,219.787,100.473
"Mar 11, 11:00 pm",119.222,219.787,100.565
"Mar 12, 12:00 am",119.128,219.787,100.659
"Mar 12, 01:00 am",119.032,219.787,100.755
"Mar 12, 02:00 am",118.932,219.787,100.856
"Mar 12, 03:00 am",118.826,219.787,100.961
"Mar 12, 04:00 am",118.712,219.787,101.075
"Mar 12, 05:00 am",118.585,219.787,101.202
"Mar 12, 06:00 am",118.431,219.787,101.357
"Mar 12, 07:00 am",108.685,219.787,111.102
"Mar 12, 08:00 am",5.45058,219.787,214.284
"Mar 12, 09:00 am",5.99417,219.787,213.74
"Mar 12, 10:00 am",9.33582,219.787,210.399
"Mar 12, 11:00 am",42.4158,219.787,177.319
"Mar 12, 12:00 pm",74.5234,219.787,145.211
"Mar 12, 01:00 pm",103.462,219.787,116.272
"Mar 12, 02:00 pm",124.31,219.787,95.4244
"Mar 12, 03:00 pm",133.304,219.787,86.4304
"Mar 12, 04:00 pm",128.2,219.787,91.5345
"Mar 12, 05:00 pm",126.131,219.787,93.6563
"Mar 12, 06:00 pm",126.042,219.787,93.7457
"Mar 12, 07:00 pm",125.952,219.787,93.8356
"Mar 12, 08:00 pm",125.861,219.787,93.9263
"Mar 12, 09:00 pm",125.769,219.787,94.0179
"Mar 12, 10:00 pm",125.677,219.787,94.1105
"Mar 12, 11:00 pm",125.583,219.787,94.2042
"Mar 13, 12:00 am",125.488,219.787,94.2994
"Mar 13, 01:00 am",125.391,219.787,94.3964
"Mar 13, 02:00 am",125.292,219.787,94.4957
"Mar 13, 03:00 am",125.189,219.787,94.5979
"Mar 13, 04:00 am",125.083,219.787,94.704
"Mar 13, 05:00 am",124.972,219.787,94.8158
"Mar 13, 06:00 am",124.851,219.787,94.936
"Mar 13, 07:00 am",124.717,219.787,95.0704
"Mar 13, 08:00 am",124.553,219.787,95.2343
"Mar 13, 09:00 am",16.0934,219.787,203.641
"Mar 13, 10:00 am",36.2679,219.787,183.467
"Mar 13, 11:00 am",65.1147,219.787,154.62
"Mar 13, 12:00 pm",96.5379,219.787,123.197
"Mar 13, 01:00 pm",124.846,219.787,94.888
"Mar 13, 02:00 pm",144.696,219.787,75.0381
"Mar 13, 03:00 pm",152.232,219.787,67.5026
"Mar 13, 04:00 pm",145.326,219.787,74.4082
"Mar 13, 05:00 pm",143.437,219.787,76.3505
"Mar 13, 06:00 pm",143.334,219.787,76.4536
"Mar 13, 07:00 pm",143.23,219.787,76.5574
"Mar 13, 08:00 pm",143.125,219.787,76.6621
"Mar 13, 09:00 pm",143.02,219.787,76.7677
"Mar 13, 10:00 pm",142.913,219.787,76.8746
"Mar 13, 11:00 pm",142.805,219.787,76.9827
"Mar 14, 12:00 am",142.695,219.787,77.0926
"Mar 14, 01:00 am",142.583,219.787,77.2046
"Mar 14, 02:00 am",142.468,219.787,77.3191
"Mar 14, 03:00 am",142.35,219.787,77.437
"Mar 14, 04:00 am",142.228,219.787,77.5595
"Mar 14, 05:00 am",142.099,219.787,77.6885
"Mar 14, 06:00 am",141.96,219.787,77.8272
"Mar 14, 07:00 am",141.805,219.787,77.9824
"Mar 14, 08:00 am",141.616,219.787,78.1714
"Mar 14, 09:00 am",14.6293,219.787,205.105
"Mar 14, 10:00 am",14.4278,219.787,205.307
"Mar 14, 11:00 am",14.5545,219.787,205.18
"Mar 14, 12:00 pm",15.0845,219.787,204.65
"Mar 14, 01:00 pm",15.345,219.787,204.389
"Mar 14, 02:00 pm",16.1478,219.787,203.587
"Mar 14, 03:00 pm",16.726,219.787,203.008
"Mar 14, 04:00 pm",15.8138,219.787,203.921
"Mar 14, 05:00 pm",15.7453,219.787,204.042
"Mar 14, 06:00 pm",15.7437,219.787,204.044
"Mar 14, 07:00 pm",15.7421,219.787,204.045
"Mar 14, 08:00 pm",15.7404,219.787,204.047
"Mar 14, 09:00 pm",15.7388,219.787,204.049
"Mar 14, 10:00 pm",15.7372,219.787,204.05
"Mar 14, 11:00 pm",15.7355,219.787,204.052
"Mar 15, 12:00 am",15.7338,219.787,204.054
"Mar 15, 01:00 am",15.732,219.787,204.055
"Mar 15, 02:00 am",15.7303,219.787,204.057
"Mar 15, 03:00 am",15.7284,219.787,204.059
"Mar 15, 04:00 am",15.7265,219.787,204.061
"Mar 15, 05:00 am",15.7245,219.787,204.063
"Mar 15, 06:00 am",15.7224,219.787,204.065
"Mar 15, 07:00 am",15.72,219.787,204.067
"Mar 15, 08:00 am",15.7171,219.787,204.07
"Mar 15, 09:00 am",2.17177,219.787,217.563
"Mar 15, 10:00 am",3.75659,219.787,215.978
"Mar 15, 11:00 am",4.93506,219.787,214.799
"Mar 15, 12:00 pm",6.94324,219.787,212.791
"Mar 15, 01:00 pm",8.75697,219.787,210.977
"Mar 15, 02:00 pm",9.29252,219.787,210.442
"Mar 15, 03:00 pm",8.72002,219.787,211.014
"Mar 15, 04:00 pm",8.52003,219.787,211.214
"Mar 15, 05:00 pm",8.48667,219.787,211.301
"Mar 15, 06:00 pm",8.49084,219.787,211.297
"Mar 15, 07:00 pm",8.49504,219.787,211.292
"Mar 15, 08:00 pm",8.49928,219.787,211.288
"Mar 15, 09:00 pm",8.50356,219.787,211.284
"Mar 15, 10:00 pm",8.50788,219.787,211.279
"Mar 15, 11:00 pm",8.51226,219.787,211.275
"Mar 16, 12:00 am",8.51671,219.787,211.271
"Mar 16, 01:00 am",8.52124,219.787,211.266
"Mar 16, 02:00 am",8.52588,219.787,211.261
"Mar 16, 03:00 am",8.53065,219.787,211.257
"Mar 16, 04:00 am",8.53561,219.787,211.252
"Mar 16, 05:00 am",8.54083,219.787,211.247
"Mar 16, 06:00 am",8.54644,219.787,211.241
"Mar 16, 07:00 am",8.55272,219.787,211.235
"Mar 16, 08:00 am",1.89336,219.787,217.841
"Mar 16, 09:00 am",5.70934,219.787,214.025
"Mar 16, 10:00 am",25.8699,219.787,193.864
"Mar 16, 11:00 am",54.3208,219.787,165.414
"Mar 16, 12:00 pm",85.0099,219.787,134.725
"Mar 16, 01:00 pm",112.523,219.787,107.212
"Mar 16, 02:00 pm",131.865,219.787,87.8694
"Mar 16, 03:00 pm",139.44,219.787,80.2939
"Mar 16, 04:00 pm",133.17,219.787,86.5648
"Mar 16, 05:00 pm",131.374,219.787,88.4134
"Mar 16, 06:00 pm",131.28,219.787,88.5069
"Mar 16, 07:00 pm",131.186,219.787,88.6011
"Mar 16, 08:00 pm",131.091,219.787,88.696
"Mar 16, 09:00 pm",130.995,219.787,88.7919
"Mar 16, 10:00 pm",130.899,219.787,88.8887
"Mar 16, 11:00 pm",130.8,219.787,88.9869
"Mar 17, 12:00 am",130.701,219.787,89.0865
"Mar 17, 01:00 am",130.599,219.787,89.188
"Mar 17, 02:00 am",130.495,219.787,89.2919
"Mar 17, 03:00 am",130.388,219.787,89.3989
"Mar 17, 04:00 am",130.277,219.787,89.51
"Mar 17, 05:00 am",130.16,219.787,89.6269
"Mar 17, 06:00 am",130.035,219.787,89.7527
"Mar 17, 07:00 am",129.894,219.787,89.8935
"Mar 17, 08:00 am",129.722,219.787,90.0649
"Mar 17, 09:00 am",16.3964,219.787,203.338
"Mar 17, 10:00 am",35.646,219.787,184.088
"Mar 17, 11:00 am",63.535,219.787,156.199
"Mar 17, 12:00 pm",93.8622,219.787,125.872
"Mar 17, 01:00 pm",121.181,219.787,98.5535
"Mar 17, 02:00 pm",140.534,219.787,79.2002
"Mar 17, 03:00 pm",147.867,219.787,71.8674
"Mar 17, 04:00 pm",141.05,219.787,78.6845
"Mar 17, 05:00 pm",139.243,219.787,80.5444
"Mar 17, 06:00 pm",139.143,219.787,80.6442
"Mar 17, 07:00 pm",139.043,219.787,80.7446
"Mar 17, 08:00 pm",138.941,219.787,80.8459
"Mar 17, 09:00 pm",138.839,219.787,80.9482
"Mar 17, 10:00 pm",138.736,219.787,81.0515
"Mar 17, 11:00 pm",138.631,219.787,81.1562
"Mar 18, 12:00 am",138.525,219.787,81.2625
"Mar 18, 01:00 am",138.416,219.787,81.3709
"Mar 18, 02:00 am",138.306,219.787,81.4817
"Mar 18, 03:00 am",138.192,219.787,81.5958
"Mar 18, 04:00 am",138.073,219.787,81.7144
"Mar 18, 05:00 am",137.948,219.787,81.8391
"Mar 18, 06:00 am",137.814,219.787,81.9733
"Mar 18, 07:00 am",137.664,219.787,82.1235
"Mar 18, 08:00 am",137.481,219.787,82.3064
"Mar 18, 09:00 am",17.8089,219.787,201.926
"Mar 18, 10:00 am",37.8557,219.787,181.879
"Mar 18, 11:00 am",66.5636,219.787,153.171
"Mar 18, 12:00 pm",97.673,219.787,122.061
"Mar 18, 01:00 pm",125.611,219.787,94.1235
"Mar 18, 02:00 pm",145.044,219.787,74.6907
"Mar 18, 03:00 pm",152.312,219.787,67.4227
"Mar 18, 04:00 pm",145.278,219.787,74.4566
"Mar 18, 05:00 pm",143.44,219.787,76.3476
"Mar 18, 06:00 pm",143.337,219.787,76.4507
"Mar 18, 07:00 pm",143.233,219.787,76.5545
"Mar 18, 08:00 pm",143.128,219.787,76.6592
"Mar 18, 09:00 pm",143.022,219.787,76.7649
"Mar 18, 10:00 pm",142.916,219.787,76.8717
"Mar 18, 11:00 pm",142.807,219.787,76.9799
"Mar 19, 12:00 am",142.698,219.787,77.0897
"Mar 19, 01:00 am",142.586,219.787,77.2017
"Mar 19, 02:00 am",142.471,219.787,77.3162
"Mar 19, 03:00 am",142.353,219.787,77.4342
"Mar 19, 04:00 am",142.231,219.787,77.5567
"Mar 19, 05:00 am",142.102,219.787,77.6856
"Mar 19, 06:00 am",141.963,219.787,77.8243
"Mar 19, 07:00 am",141.808,219.787,77.9795
"Mar 19, 08:00 am",141.619,219.787,78.1685
"Mar 19, 09:00 am",17.7485,219.787,201.986
"Mar 19, 10:00 am",36.6805,219.787,183.054
"Mar 19, 11:00 am",64.0782,219.787,155.656
"Mar 19, 12:00 pm",94.0034,219.787,125.731
"Mar 19, 01:00 pm",120.899,219.787,98.8354
"Mar 19, 02:00 pm",139.63,219.787,80.1048
"Mar 19, 03:00 pm",146.449,219.787,73.2849
"Mar 19, 04:00 pm",139.344,219.787,80.39
"Mar 19, 05:00 pm",137.673,219.787,82.1142
"Mar 19, 06:00 pm",137.575,219.787,82.2128
"Mar 19, 07:00 pm",137.475,219.787,82.312
"Mar 19, 08:00 pm",137.375,219.787,82.412
"Mar 19, 09:00 pm",137.274,219.787,82.5129
"Mar 19, 10:00 pm",137.172,219.787,82.615
"Mar 19, 11:00 pm",137.069,219.787,82.7184
"Mar 20, 12:00 am",136.964,219.787,82.8234
"Mar 20, 01:00 am",136.857,219.787,82.9303
"Mar 20, 02:00 am",136.748,219.787,83.0398
"Mar 20, 03:00 am",136.635,219.787,83.1525
"Mar 20, 04:00 am",136.518,219.787,83.2695
"Mar 20, 05:00 am",136.395,219.787,83.3927
"Mar 20, 06:00 am",136.262,219.787,83.5253
"Mar 20, 07:00 am",136.114,219.787,83.6736
"Mar 20, 08:00 am",135.933,219.787,83.8542
"Mar 20, 09:00 am",17.3102,219.787,202.424
"Mar 20, 10:00 am",36.2391,219.787,183.495
"Mar 20, 11:00 am",63.4721,219.787,156.262
"Mar 20, 12:00 pm",93.1059,219.787,126.628
"Mar 20, 01:00 pm",119.695,219.787,100.039
"Mar 20, 02:00 pm",138.443,219.787,81.2917
"Mar 20, 03:00 pm",145.349,219.787,74.3849
"Mar 20, 04:00 pm",138.379,219.787,81.3554
"Mar 20, 05:00 pm",136.692,219.787,83.0958
"Mar 20, 06:00 pm",136.594,219.787,83.1936
"Mar 20, 07:00 pm",136.495,219.787,83.292
"Mar 20, 08:00 pm",136.396,219.787,83.3912
"Mar 20, 09:00 pm",136.296,219.787,83.4914
"Mar 20, 10:00 pm",136.195,219.787,83.5926
"Mar 20, 11:00 pm",136.092,219.787,83.6952
"Mar 21, 12:00 am",135.988,219.787,83.7993
"Mar 21, 01:00 am",135.882,219.787,83.9055
"Mar 21, 02:00 am",135.773,219.787,84.0141
"Mar 21, 03:00 am",135.661,219.787,84.1259
"Mar 21, 04:00 am",135.545,219.787,84.242
"Mar 21, 05:00 am",135.423,219.787,84.3642
"Mar 21, 06:00 am",135.292,219.787,84.4957
"Mar 21, 07:00 am",135.145,219.787,84.6428
"Mar 21, 08:00 am",134.965,219.787,84.822
"Mar 21, 09:00 am",17.4126,219.787,202.322
"Mar 21, 10:00 am",36.5112,219.787,183.223
"Mar 21, 11:00 am",63.9465,219.787,155.788
"Mar 21, 12:00 pm",93.8215,219.787,125.913
"Mar 21, 01:00 pm",120.654,219.787,99.0799
"Mar 21, 02:00 pm",139.21,219.787,80.5246
"Mar 21, 03:00 pm",145.924,219.787,73.81
"Mar 21, 04:00 pm",138.687,219.787,81.0475
"Mar 21, 05:00 pm",137.067,219.787,82.7208
"Mar 21, 06:00 pm",136.969,219.787,82.8188
"Mar 21, 07:00 pm",136.87,219.787,82.9175
"Mar 21, 08:00 pm",136.77,219.787,83.0171
"Mar 21, 09:00 pm",136.67,219.787,83.1175
"Mar 21, 10:00 pm",136.568,219.787,83.2191
"Mar 21, 11:00 pm",136.465,219.787,83.322
"Mar 22, 12:00 am",136.361,219.787,83.4264
"Mar 22, 01:00 am",136.254,219.787,83.5329
"Mar 22, 02:00 am",136.146,219.787,83.6418
"Mar 22, 03:00 am",136.033,219.787,83.754
"Mar 22, 04:00 am",135.917,219.787,83.8704
"Mar 22, 05:00 am",135.794,219.787,83.993
"Mar 22, 06:00 am",135.662,219.787,84.1249
"Mar 22, 07:00 am",135.515,219.787,84.2725
"Mar 22, 08:00 am",135.335,219.787,84.4522
"Mar 22, 09:00 am",17.2183,219.787,202.516
"Mar 22, 10:00 am",36.2544,219.787,183.48
"Mar 22, 11:00 am",63.639,219.787,156.095
"Mar 22, 12:00 pm",93.3052,219.787,126.429
"Mar 22, 01:00 pm",119.811,219.787,99.9235
"Mar 22, 02:00 pm",138.307,219.787,81.4272
"Mar 22, 03:00 pm",144.777,219.787,74.9575
"Mar 22, 04:00 pm",137.345,219.787,82.3897
"Mar 22, 05:00 pm",135.81,219.787,83.9776
"Mar 22, 06:00 pm",135.713,219.787,84.0747
"Mar 22, 07:00 pm",135.615,219.787,84.1724
"Mar 22, 08:00 pm",135.516,219.787,84.2709
"Mar 22, 09:00 pm",135.417,219.787,84.3703
"Mar 22, 10:00 pm",135.316,219.787,84.4709
"Mar 22, 11:00 pm",135.215,219.787,84.5727
"Mar 23, 12:00 am",135.111,219.787,84.6761
"Mar 23, 01:00 am",135.006,219.787,84.7815
"Mar 23, 02:00 am",134.898,219.787,84.8893
"Mar 23, 03:00 am",134.787,219.787,85.0003
"Mar 23, 04:00 am",134.672,219.787,85.1156
"Mar 23, 05:00 am",134.55,219.787,85.2369
"Mar 23, 06:00 am",134.42,219.787,85.3675
"Mar 23, 07:00 am",134.274,219.787,85.5135
"Mar 23, 08:00 am",134.096,219.787,85.6914
"Mar 23, 09:00 am",16.7419,219.787,202.993
"Mar 23, 10:00 am",35.5731,219.787,184.161
"Mar 23, 11:00 am",62.9937,219.787,156.741
"Mar 23, 12:00 pm",92.7503,219.787,126.984
"Mar 23, 01:00 pm",119.381,219.787,100.354
"Mar 23, 02:00 pm",137.968,219.787,81.7668
"Mar 23, 03:00 pm",144.549,219.787,75.1854
"Mar 23, 04:00 pm",137.124,219.787,82.6104
"Mar 23, 05:00 pm",135.584,219.787,84.2033
"Mar 23, 06:00 pm",135.487,219.787,84.3001
"Mar 23, 07:00 pm",135.39,219.787,84.3977
"Mar 23, 08:00 pm",135.291,219.787,84.496
"Mar 23, 09:00 pm",135.192,219.787,84.5953
"Mar 23, 10:00 pm",135.092,219.787,84.6956
"Mar 23, 11:00 pm",134.99,219.787,84.7972
"Mar 24, 12:00 am",134.887,219.787,84.9005
"Mar 24, 01:00 am",134.782,219.787,85.0056
"Mar 24, 02:00 am",134.674,219.787,85.1133
"Mar 24, 03:00 am",134.563,219.787,85.224
"Mar 24, 04:00 am",134.448,219.787,85.3391
"Mar 24, 05:00 am",134.327,219.787,85.4602
"Mar 24, 06:00 am",134.197,219.787,85.5905
"Mar 24, 07:00 am",134.051,219.787,85.7363
"Mar 24, 08:00 am",133.873,219.787,85.9139
"Mar 24, 09:00 am",17.1702,219.787,202.564
"Mar 24, 10:00 am",36.2069,219.787,183.528
"Mar 24, 11:00 am",63.4359,219.787,156.298
"Mar 24, 12:00 pm",92.9331,219.787,126.801
"Mar 24, 01:00 pm",119.277,219.787,100.457
"Mar 24, 02:00 pm",137.613,219.787,82.1213
"Mar 24, 03:00 pm",144.05,219.787,75.6846
"Mar 24, 04:00 pm",136.583,219.787,83.1517
"Mar 24, 05:00 pm",135.075,219.787,84.7126
"Mar 24, 06:00 pm",134.978,219.787,84.8091
"Mar 24, 07:00 pm",134.881,219.787,84.9062
"Mar 24, 08:00 pm",134.783,219.787,85.0041
"Mar 24, 09:00 pm",134.684,219.787,85.103
"Mar 24, 10:00 pm",134.584,219.787,85.2029
"Mar 24, 11:00 pm",134.483,219.787,85.3041
"Mar 25, 12:00 am",134.38,219.787,85.4069
"Mar 25, 01:00 am",134.276,219.787,85.5116
"Mar 25, 02:00 am",134.169,219.787,85.6188
"Mar 25, 03:00 am",134.058,219.787,85.7291
"Mar 25, 04:00 am",133.944,219.787,85.8437
"Mar 25, 05:00 am",133.823,219.787,85.9643
"Mar 25, 06:00 am",133.693,219.787,86.0941
"Mar 25, 07:00 am",133.548,219.787,86.2393
"Mar 25, 08:00 am",133.371,219.787,86.4161
"Mar 25, 09:00 am",16.4563,219.787,203.278
"Mar 25, 10:00 am",35.1155,219.787,184.619
"Mar 25, 11:00 am",62.148,219.787,157.586
"Mar 25, 12:00 pm",91.4336,219.787,128.301
"Mar 25, 01:00 pm",117.494,219.787,102.24
"Mar 25, 02:00 pm",135.193,219.787,84.5409
"Mar 25, 03:00 pm",140.889,219.787,78.8453
"Mar 25, 04:00 pm",135.571,219.787,84.2165
"Mar 25, 05:00 pm",135.474,219.787,84.3133
"Mar 25, 06:00 pm",135.376,219.787,84.4109
"Mar 25, 07:00 pm",135.278,219.787,84.5092
"Mar 25, 08:00 pm",135.179,219.787,84.6084
"Mar 25, 09:00 pm",135.079,219.787,84.7088
"Mar 25, 10:00 pm",134.977,219.787,84.8104
"Mar 25, 11:00 pm",134.874,219.787,84.9136
"Mar 26, 12:00 am",134.769,219.787,85.0188
"Mar 26, 01:00 am",134.661,219.787,85.1264
"Mar 26, 02:00 am",134.55,219.787,85.2371
"Mar 26, 03:00 am",134.435,219.787,85.3522
"Mar 26, 04:00 am",134.314,219.787,85.4733
"Mar 26, 05:00 am",134.184,219.787,85.6036
"Mar 26, 06:00 am",134.038,219.787,85.7494
"Mar 26, 07:00 am",133.86,219.787,85.9269
"Mar 26, 08:00 am",122.894,219.787,96.8929
"Mar 26, 09:00 am",10.1796,219.787,209.555
"Mar 26, 10:00 am",29.9833,219.787,189.751
"Mar 26, 11:00 am",58.1065,219.787,161.628
"Mar 26, 12:00 pm",88.4745,219.787,131.26
"Mar 26, 01:00 pm",115.587,219.787,104.147
"Mar 26, 02:00 pm",134.459,219.787,85.2751
"Mar 26, 03:00 pm",141.174,219.787,78.5608
"Mar 26, 04:00 pm",133.662,219.787,86.0721
"Mar 26, 05:00 pm",132.196,219.787,87.5918
"Mar 26, 06:00 pm",132.101,219.787,87.6859
"Mar 26, 07:00 pm",132.007,219.787,87.7808
"Mar 26, 08:00 pm",131.911,219.787,87.8764
"Mar 26, 09:00 pm",131.814,219.787,87.9729
"Mar 26, 10:00 pm",131.717,219.787,88.0704
"Mar 26, 11:00 pm",131.618,219.787,88.1692
"Mar 27, 12:00 am",131.518,219.787,88.2696
"Mar 27, 01:00 am",131.416,219.787,88.3718
"Mar 27, 02:00 am",131.311,219.787,88.4764
"Mar 27, 03:00 am",131.203,219.787,88.5842
"Mar 27, 04:00 am",131.091,219.787,88.696
"Mar 27, 05:00 am",130.974,219.787,88.8138
"Mar 27, 06:00 am",130.847,219.787,88.9405
"Mar 27, 07:00 am",130.705,219.787,89.0822
"Mar 27, 08:00 am",130.533,219.787,89.2549
"Mar 27, 09:00 am",16.2888,219.787,203.446
"Mar 27, 10:00 am",35.116,219.787,184.618
"Mar 27, 11:00 am",62.2942,219.787,157.44
"Mar 27, 12:00 pm",91.8128,219.787,127.922
"Mar 27, 01:00 pm",79.5401,219.787,140.194
"Mar 27, 02:00 pm",78.9203,219.787,140.867
"Mar 27, 03:00 pm",78.8685,219.787,140.919
"Mar 27, 04:00 pm",78.8163,219.787,140.971
"Mar 27, 05:00 pm",78.7637,219.787,141.024
"Mar 27, 06:00 pm",78.7106,219.787,141.077
"Mar 27, 07:00 pm",78.6569,219.787,141.13
"Mar 27, 08:00 pm",78.6026,219.787,141.185
"Mar 27, 09:00 pm",78.5473,219.787,141.24
"Mar 27, 10:00 pm",78.4911,219.787,141.296
"Mar 27, 11:00 pm",78.4335,219.787,141.354
"Mar 28, 12:00 am",78.3742,219.787,141.413
"Mar 28, 01:00 am",78.3127,219.787,141.475
"Mar 28, 02:00 am",78.2479,219.787,141.539
"Mar 28, 03:00 am",78.1782,219.787,141.609
"Mar 28, 04:00 am",78.1002,219.787,141.687
"Mar 28, 05:00 am",78.0052,219.787,141.782
"Mar 28, 06:00 am",71.643,219.787,148.144
"Mar 28, 07:00 am",4.35722,219.787,215.43
"Mar 28, 08:00 am",4.10456,219.787,215.63
"Mar 28, 09:00 am",8.33447,219.787,211.4
"Mar 28, 10:00 am",28.7604,219.787,190.974
"Mar 28, 11:00 am",57.4109,219.787,162.324
"Mar 28, 12:00 pm",88.2244,219.787,131.51
"Mar 28, 01:00 pm",115.677,219.787,104.057
"Mar 28, 02:00 pm",134.526,219.787,85.2085
"Mar 28, 03:00 pm",141.315,219.787,78.4194
"Mar 28, 04:00 pm",134.04,219.787,85.694
"Mar 28, 05:00 pm",132.507,219.787,87.2803
"Mar 28, 06:00 pm",132.413,219.787,87.3748
"Mar 28, 07:00 pm",132.318,219.787,87.4698
"Mar 28, 08:00 pm",132.222,219.787,87.5657
"Mar 28, 09:00 pm",132.125,219.787,87.6624
"Mar 28, 10:00 pm",132.027,219.787,87.7602
"Mar 28, 11:00 pm",131.928,219.787,87.8593
"Mar 29, 12:00 am",131.827,219.787,87.9599
"Mar 29, 01:00 am",131.725,219.787,88.0624
"Mar 29, 02:00 am",131.62,219.787,88.1673
"Mar 29, 03:00 am",131.512,219.787,88.2753
"Mar 29, 04:00 am",131.4,219.787,88.3875
"Mar 29, 05:00 am",131.282,219.787,88.5056
"Mar 29, 06:00 am",131.155,219.787,88.6326
"Mar 29, 07:00 am",131.013,219.787,88.7747
"Mar 29, 08:00 am",130.84,219.787,88.9478
"Mar 29, 09:00 am",17.3023,219.787,202.432
"Mar 29, 10:00 am",36.7574,219.787,182.977
"Mar 29, 11:00 am",64.5355,219.787,155.199
"Mar 29, 12:00 pm",94.6068,219.787,125.128
"Mar 29, 01:00 pm",121.409,219.787,98.325
"Mar 29, 02:00 pm",140.09,219.787,79.6445
"Mar 29, 03:00 pm",146.611,219.787,73.1231
"Mar 29, 04:00 pm",138.984,219.787,80.7503
"Mar 29, 05:00 pm",137.456,219.787,82.3311
"Mar 29, 06:00 pm",137.358,219.787,82.4294
"Mar 29, 07:00 pm",137.259,219.787,82.5285
"Mar 29, 08:00 pm",137.159,219.787,82.6283
"Mar 29, 09:00 pm",137.058,219.787,82.7291
"Mar 29, 10:00 pm",136.956,219.787,82.831
"Mar 29, 11:00 pm",136.853,219.787,82.9342
"Mar 30, 12:00 am",136.748,219.787,83.039
"Mar 30, 01:00 am",136.642,219.787,83.1458
"Mar 30, 02:00 am",136.532,219.787,83.255
"Mar 30, 03:00 am",136.42,219.787,83.3675
"Mar 30, 04:00 am",136.303,219.787,83.4844
"Mar 30, 05:00 am",136.18,219.787,83.6073
"Mar 30, 06:00 am",136.048,219.787,83.7396
"Mar 30, 07:00 am",135.9,219.787,83.8877
"Mar 30, 08:00 am",135.719,219.787,84.068
"Mar 30, 09:00 am",17.9659,219.787,201.768
"Mar 30, 10:00 am",37.9403,219.787,181.794
"Mar 30, 11:00 am",66.2882,219.787,153.446
"Mar 30, 12:00 pm",96.7185,219.787,123.016
"Mar 30, 01:00 pm",123.661,219.787,96.0734
"Mar 30, 02:00 pm",141.927,219.787,77.8073
"Mar 30, 03:00 pm",147.954,219.787,71.7804
"Mar 30, 04:00 pm",139.806,219.787,79.9287
"Mar 30, 05:00 pm",138.413,219.787,81.3746
"Mar 30, 06:00 pm",138.314,219.787,81.4737
"Mar 30, 07:00 pm",138.214,219.787,81.5735
"Mar 30, 08:00 pm",138.113,219.787,81.6741
"Mar 30, 09:00 pm",138.012,219.787,81.7757
"Mar 30, 10:00 pm",137.909,219.787,81.8783
"Mar 30, 11:00 pm",137.805,219.787,81.9823
"Mar 31, 12:00 am",137.699,219.787,82.0879
"Mar 31, 01:00 am",137.592,219.787,82.1955
"Mar 31, 02:00 am",137.482,219.787,82.3057
"Mar 31, 03:00 am",137.368,219.787,82.419
"Mar 31, 04:00 am",137.251,219.787,82.5368
"Mar 31, 05:00 am",137.127,219.787,82.6607
"Mar 31, 06:00 am",136.993,219.787,82.794
"Mar 31, 07:00 am",136.844,219.787,82.9432
"Mar 31, 08:00 am",136.662,219.787,83.1249
"Mar 31, 09:00 am",17.7017,219.787,202.033
"Mar 31, 10:00 am",36.7726,219.787,182.962
"Mar 31, 11:00 am",64.0992,219.787,155.635
"Mar 31, 12:00 pm",93.6125,219.787,126.122
"Mar 31, 01:00 pm",119.862,219.787,99.872
"Mar 31, 02:00 pm",137.662,219.787,82.0723
"Mar 31, 03:00 pm",143.386,219.787,76.3487
"Mar 31, 04:00 pm",135.216,219.787,84.518
"Mar 31, 05:00 pm",133.941,219.787,85.8464
"Mar 31, 06:00 pm",133.845,219.787,85.9419
"Mar 31, 07:00 pm",133.749,219.787,86.0382
"Mar 31, 08:00 pm",133.652,219.787,86.1352
"Mar 31, 09:00 pm",133.554,219.787,86.2331
"Mar 31, 10:00 pm",133.455,219.787,86.3321
"Mar 31, 11:00 pm",133.355,219.787,86.4323
"Apr 1, 12:00 am",133.253,219.787,86.5342
"Apr 1, 01:00 am",133.149,219.787,86.6379
"Apr 1, 02:00 am",133.043,219.787,86.7441
"Apr 1, 03:00 am",132.934,219.787,86.8534
"Apr 1, 04:00 am",132.82,219.787,86.9669
"Apr 1, 05:00 am",132.701,219.787,87.0864
"Apr 1, 06:00 am",132.572,219.787,87.2149
"Apr 1, 07:00 am",132.429,219.787,87.3588
"Apr 1, 08:00 am",132.253,219.787,87.534
"Apr 1, 09:00 am",121.46,219.787,98.3276
"Apr 1, 10:00 am",8.39616,219.787,211.338
"Apr 1, 11:00 am",12.5084,219.787,207.226
"Apr 1, 12:00 pm",52.143,219.787,167.591
"Apr 1, 01:00 pm",81.8153,219.787,137.919
"Apr 1, 02:00 pm",102.665,219.787,117.069
"Apr 1, 03:00 pm",111.328,219.787,108.406
"Apr 1, 04:00 pm",106.007,219.787,113.727
"Apr 1, 05:00 pm",104.427,219.787,115.36
"Apr 1, 06:00 pm",104.355,219.787,115.432
"Apr 1, 07:00 pm",104.283,219.787,115.505
"Apr 1, 08:00 pm",104.209,219.787,115.578
"Apr 1, 09:00 pm",104.136,219.787,115.652
"Apr 1, 10:00 pm",104.061,219.787,115.727
"Apr 1, 11:00 pm",103.985,219.787,115.802
"Apr 2, 12:00 am",103.908,219.787,115.879
"Apr 2, 01:00 am",103.83,219.787,115.957
"Apr 2, 02:00 am",103.75,219.787,116.037
"Apr 2, 03:00 am",103.668,219.787,116.12
"Apr 2, 04:00 am",103.582,219.787,116.205
"Apr 2, 05:00 am",103.492,219.787,116.296
"Apr 2, 06:00 am",103.395,219.787,116.393
"Apr 2, 07:00 am",103.286,219.787,116.501
"Apr 2, 08:00 am",103.154,219.787,116.633
"Apr 2, 09:00 am",13.8929,219.787,205.842
"Apr 2, 10:00 am",32.6209,219.787,187.114
"Apr 2, 11:00 am",59.4373,219.787,160.297
"Apr 2, 12:00 pm",88.3229,219.787,131.412
"Apr 2, 01:00 pm",113.699,219.787,106.036
"Apr 2, 02:00 pm",130.745,219.787,88.9899
"Apr 2, 03:00 pm",136.01,219.787,83.724
"Apr 2, 04:00 pm",127.645,219.787,92.0889
"Apr 2, 05:00 pm",126.597,219.787,93.1906
"Apr 2, 06:00 pm",126.507,219.787,93.2803
"Apr 2, 07:00 pm",126.417,219.787,93.3707
"Apr 2, 08:00 pm",126.326,219.787,93.4618
"Apr 2, 09:00 pm",126.234,219.787,93.5537
"Apr 2, 10:00 pm",126.141,219.787,93.6466
"Apr 2, 11:00 pm",126.047,219.787,93.7408
"Apr 3, 12:00 am",125.951,219.787,93.8364
"Apr 3, 01:00 am",125.854,219.787,93.9338
"Apr 3, 02:00 am",125.754,219.787,94.0335
"Apr 3, 03:00 am",125.651,219.787,94.1361
"Apr 3, 04:00 am",125.545,219.787,94.2427
"Apr 3, 05:00 am",125.432,219.787,94.3549
"Apr 3, 06:00 am",125.312,219.787,94.4755
"Apr 3, 07:00 am",125.177,219.787,94.6106
"Apr 3, 08:00 am",125.012,219.787,94.7751
"Apr 3, 09:00 am",16.0857,219.787,203.649
"Apr 3, 10:00 am",17.5055,219.787,202.229
"Apr 3, 11:00 am",20.4201,219.787,199.314
"Apr 3, 12:00 pm",21.362,219.787,198.372
"Apr 3, 01:00 pm",22.662,219.787,197.072
"Apr 3, 02:00 pm",23.6696,219.787,196.065
"Apr 3, 03:00 pm",24.9962,219.787,194.738
"Apr 3, 04:00 pm",24.6949,219.787,195.039
"Apr 3, 05:00 pm",23.0789,219.787,196.655
"Apr 3, 06:00 pm",23.0707,219.787,196.717
"Apr 3, 07:00 pm",23.0633,219.787,196.724
"Apr 3, 08:00 pm",23.0559,219.787,196.731
"Apr 3, 09:00 pm",23.0483,219.787,196.739
"Apr 3, 10:00 pm",23.0407,219.787,196.747
"Apr 3, 11:00 pm",23.033,219.787,196.754
"Apr 4, 12:00 am",23.0252,219.787,196.762
"Apr 4, 01:00 am",23.0173,219.787,196.77
"Apr 4, 02:00 am",23.0093,219.787,196.778
"Apr 4, 03:00 am",23.001,219.787,196.786
"Apr 4, 04:00 am",22.9926,219.787,196.795
"Apr 4, 05:00 am",22.9837,219.787,196.804
"Apr 4, 06:00 am",22.9745,219.787,196.813
"Apr 4, 07:00 am",22.9645,219.787,196.823
"Apr 4, 08:00 am",22.9533,219.787,196.834
"Apr 4, 09:00 am",7.45125,219.787,212.283
"Apr 4, 10:00 am",26.4308,219.787,193.304
"Apr 4, 11:00 am",53.205,219.787,166.529
"Apr 4, 12:00 pm",81.8725,219.787,137.862
"Apr 4, 01:00 pm",107.077,219.787,112.657
"Apr 4, 02:00 pm",124.248,219.787,95.4863
"Apr 4, 03:00 pm",129.778,219.787,89.9563
"Apr 4, 04:00 pm",121.831,219.787,97.9031
"Apr 4, 05:00 pm",120.783,219.787,99.0048
"Apr 4, 06:00 pm",120.697,219.787,99.0899
"Apr 4, 07:00 pm",120.612,219.787,99.1756
"Apr 4, 08:00 pm",120.525,219.787,99.262
"Apr 4, 09:00 pm",120.438,219.787,99.3492
"Apr 4, 10:00 pm",120.35,219.787,99.4373
"Apr 4, 11:00 pm",120.261,219.787,99.5266
"Apr 5, 12:00 am",120.17,219.787,99.6173
"Apr 5, 01:00 am",120.078,219.787,99.7097
"Apr 5, 02:00 am",119.983,219.787,99.8043
"Apr 5, 03:00 am",119.886,219.787,99.9016
"Apr 5, 04:00 am",119.785,219.787,100.003
"Apr 5, 05:00 am",119.678,219.787,100.109
"Apr 5, 06:00 am",119.564,219.787,100.224
"Apr 5, 07:00 am",119.436,219.787,100.352
"Apr 5, 08:00 am",119.28,219.787,100.508
"Apr 5, 09:00 am",12.5913,219.787,207.143
"Apr 5, 10:00 am",14.4374,219.787,205.297
"Apr 5, 11:00 am",46.0592,219.787,173.675
"Apr 5, 12:00 pm",40.9823,219.787,178.752
"Apr 5, 01:00 pm",77.8074,219.787,141.927
"Apr 5, 02:00 pm",65.8208,219.787,153.914
"Apr 5, 03:00 pm",65.3729,219.787,154.414
"Apr 5, 04:00 pm",67.8408,219.787,151.894
"Apr 5, 05:00 pm",65.8536,219.787,153.934
"Apr 5, 06:00 pm",65.8121,219.787,153.975
"Apr 5, 07:00 pm",65.7704,219.787,154.017
"Apr 5, 08:00 pm",65.7284,219.787,154.059
"Apr 5, 09:00 pm",65.6859,219.787,154.101
"Apr 5, 10:00 pm",65.643,219.787,154.144
"Apr 5, 11:00 pm",65.5995,219.787,154.188
"Apr 6, 12:00 am",65.5554,219.787,154.232
"Apr 6, 01:00 am",65.5104,219.787,154.277
"Apr 6, 02:00 am",65.4644,219.787,154.323
"Apr 6, 03:00 am",65.417,219.787,154.37
"Apr 6, 04:00 am",65.3677,219.787,154.42
"Apr 6, 05:00 am",65.3159,219.787,154.471
"Apr 6, 06:00 am",65.2602,219.787,154.527
"Apr 6, 07:00 am",65.1978,219.787,154.589
"Apr 6, 08:00 am",65.1219,219.787,154.665
"Apr 6, 09:00 am",7.75213,219.787,211.982
"Apr 6, 10:00 am",10.7769,219.787,208.958
"Apr 6, 11:00 am",43.6101,219.787,176.124
"Apr 6, 12:00 pm",74.533,219.787,145.201
"Apr 6, 01:00 pm",101.503,219.787,118.231
"Apr 6, 02:00 pm",120.139,219.787,99.5949
"Apr 6, 03:00 pm",126.782,219.787,92.9519
"Apr 6, 04:00 pm",119.644,219.787,100.091
"Apr 6, 05:00 pm",118.366,219.787,101.421
"Apr 6, 06:00 pm",118.283,219.787,101.504
"Apr 6, 07:00 pm",118.199,219.787,101.588
"Apr 6, 08:00 pm",118.115,219.787,101.673
"Apr 6, 09:00 pm",118.029,219.787,101.758
"Apr 6, 10:00 pm",117.943,219.787,101.844
"Apr 6, 11:00 pm",117.856,219.787,101.931
"Apr 7, 12:00 am",117.767,219.787,102.02
"Apr 7, 01:00 am",117.677,219.787,102.11
"Apr 7, 02:00 am",117.585,219.787,102.203
"Apr 7, 03:00 am",117.49,219.787,102.298
"Apr 7, 04:00 am",117.391,219.787,102.397
"Apr 7, 05:00 am",117.287,219.787,102.501
"Apr 7, 06:00 am",117.175,219.787,102.613
"Apr 7, 07:00 am",117.05,219.787,102.738
"Apr 7, 08:00 am",116.897,219.787,102.89
"Apr 7, 09:00 am",15.6173,219.787,204.117
"Apr 7, 10:00 am",34.48,219.787,185.254
"Apr 7, 11:00 am",61.5031,219.787,158.231
"Apr 7, 12:00 pm",90.6202,219.787,129.114
"Apr 7, 01:00 pm",116.354,219.787,103.38
"Apr 7, 02:00 pm",133.984,219.787,85.7508
"Apr 7, 03:00 pm",139.569,219.787,80.1656
"Apr 7, 04:00 pm",131.3,219.787,88.4339
"Apr 7, 05:00 pm",130.134,219.787,89.6533
"Apr 7, 06:00 pm",130.041,219.787,89.7459
"Apr 7, 07:00 pm",129.948,219.787,89.839
"Apr 7, 08:00 pm",129.854,219.787,89.933
"Apr 7, 09:00 pm",129.76,219.787,90.0278
"Apr 7, 10:00 pm",129.664,219.787,90.1236
"Apr 7, 11:00 pm",129.567,219.787,90.2207
"Apr 8, 12:00 am",129.468,219.787,90.3193
"Apr 8, 01:00 am",129.368,219.787,90.4198
"Apr 8, 02:00 am",129.265,219.787,90.5226
"Apr 8, 03:00 am",129.159,219.787,90.6284
"Apr 8, 04:00 am",129.049,219.787,90.7384
"Apr 8, 05:00 am",128.933,219.787,90.8541
"Apr 8, 06:00 am",128.809,219.787,90.9785
"Apr 8, 07:00 am",128.67,219.787,91.1178
"Apr 8, 08:00 am",128.5,219.787,91.2875
"Apr 8, 09:00 am",17.1338,219.787,202.601
"Apr 8, 10:00 am",35.8622,219.787,183.872
"Apr 8, 11:00 am",62.5065,219.787,157.228
"Apr 8, 12:00 pm",91.2133,219.787,128.521
"Apr 8, 01:00 pm",116.5,219.787,103.235
"Apr 8, 02:00 pm",133.749,219.787,85.9849
"Apr 8, 03:00 pm",139.091,219.787,80.6435
"Apr 8, 04:00 pm",130.729,219.787,89.0049
"Apr 8, 05:00 pm",129.615,219.787,90.1725
"Apr 8, 06:00 pm",129.523,219.787,90.2647
"Apr 8, 07:00 pm",129.43,219.787,90.3574
"Apr 8, 08:00 pm",129.336,219.787,90.4509
"Apr 8, 09:00 pm",129.242,219.787,90.5453
"Apr 8, 10:00 pm",129.147,219.787,90.6408
"Apr 8, 11:00 pm",129.05,219.787,90.7374
"Apr 9, 12:00 am",128.952,219.787,90.8356
"Apr 9, 01:00 am",128.852,219.787,90.9356
"Apr 9, 02:00 am",128.749,219.787,91.0379
"Apr 9, 03:00 am",128.644,219.787,91.1433
"Apr 9, 04:00 am",128.535,219.787,91.2527
"Apr 9, 05:00 am",128.419,219.787,91.3679
"Apr 9, 06:00 am",128.296,219.787,91.4918
"Apr 9, 07:00 am",128.157,219.787,91.6305
"Apr 9, 08:00 am",127.988,219.787,91.7994
"Apr 9, 09:00 am",117.544,219.787,102.243
"Apr 9, 10:00 am",7.41425,219.787,212.32
"Apr 9, 11:00 am",8.52146,219.787,211.213
"Apr 9, 12:00 pm",9.45255,219.787,210.282
"Apr 9, 01:00 pm",10.5092,219.787,209.225
"Apr 9, 02:00 pm",10.8469,219.787,208.887
"Apr 9, 03:00 pm",11.1387,219.787,208.596
"Apr 9, 04:00 pm",10.4886,219.787,209.246
"Apr 9, 05:00 pm",10.4801,219.787,209.307
"Apr 9, 06:00 pm",10.4826,219.787,209.305
"Apr 9, 07:00 pm",10.4853,219.787,209.302
"Apr 9, 08:00 pm",10.4879,219.787,209.299
"Apr 9, 09:00 pm",10.4905,219.787,209.297
"Apr 9, 10:00 pm",10.4932,219.787,209.294
"Apr 9, 11:00 pm",10.4959,219.787,209.291
"Apr 10, 12:00 am",10.4987,219.787,209.289
"Apr 10, 01:00 am",10.5015,219.787,209.286
"Apr 10, 02:00 am",10.5044,219.787,209.283
"Apr 10, 03:00 am",10.5073,219.787,209.28
"Apr 10, 04:00 am",10.5104,219.787,209.277
"Apr 10, 05:00 am",10.5136,219.787,209.274
"Apr 10, 06:00 am",10.5171,219.787,209.27
"Apr 10, 07:00 am",10.521,219.787,209.266
"Apr 10, 08:00 am",10.5258,219.787,209.262
"Apr 10, 09:00 am",1.65578,219.787,218.079
"Apr 10, 10:00 am",2.51454,219.787,217.22
"Apr 10, 11:00 am",3.99723,219.787,215.737
"Apr 10, 12:00 pm",6.6882,219.787,213.046
"Apr 10, 01:00 pm",46.9234,219.787,172.811
"Apr 10, 02:00 pm",70.1541,219.787,149.58
"Apr 10, 03:00 pm",80.5174,219.787,139.217
"Apr 10, 04:00 pm",76.8702,219.787,142.864
"Apr 10, 05:00 pm",75.3362,219.787,144.451
"Apr 10, 06:00 pm",75.2873,219.787,144.5
"Apr 10, 07:00 pm",75.2379,219.787,144.549
"Apr 10, 08:00 pm",75.1882,219.787,144.599
"Apr 10, 09:00 pm",75.1381,219.787,144.649
"Apr 10, 10:00 pm",75.0873,219.787,144.7
"Apr 10, 11:00 pm",75.0359,219.787,144.751
"Apr 11, 12:00 am",74.9838,219.787,144.804
"Apr 11, 01:00 am",74.9306,219.787,144.857
"Apr 11, 02:00 am",74.8762,219.787,144.911
"Apr 11, 03:00 am",74.8202,219.787,144.967
"Apr 11, 04:00 am",74.762,219.787,145.025
"Apr 11, 05:00 am",74.7008,219.787,145.087
"Apr 11, 06:00 am",74.6349,219.787,145.152
"Apr 11, 07:00 am",74.5612,219.787,145.226
"Apr 11, 08:00 am",74.4714,219.787,145.316
"Apr 11, 09:00 am",10.9126,219.787,208.822
"Apr 11, 10:00 am",28.9695,219.787,190.765
"Apr 11, 11:00 am",54.7282,219.787,165.006
"Apr 11, 12:00 pm",44.3475,219.787,175.387
"Apr 11, 01:00 pm",44.3309,219.787,175.456
"Apr 11, 02:00 pm",44.3066,219.787,175.481
"Apr 11, 03:00 pm",44.2821,219.787,175.505
"Apr 11, 04:00 pm",44.2574,219.787,175.53
"Apr 11, 05:00 pm",44.2325,219.787,175.555
"Apr 11, 06:00 pm",44.2073,219.787,175.58
"Apr 11, 07:00 pm",44.1818,219.787,175.606
"Apr 11, 08:00 pm",44.1558,219.787,175.632
"Apr 11, 09:00 pm",44.1294,219.787,175.658
"Apr 11, 10:00 pm",44.1024,219.787,175.685
"Apr 11, 11:00 pm",44.0746,219.787,175.713
"Apr 12, 12:00 am",44.0457,219.787,175.742
"Apr 12, 01:00 am",44.0153,219.787,175.772
"Apr 12, 02:00 am",43.9826,219.787,175.805
"Apr 12, 03:00 am",43.946,219.787,175.841
"Apr 12, 04:00 am",43.9014,219.787,175.886
"Apr 12, 05:00 am",40.327,219.787,179.46
"Apr 12, 06:00 am",2.52516,219.787,217.262
"Apr 12, 07:00 am",2.39266,219.787,217.395
"Apr 12, 08:00 am",2.26765,219.787,217.52
"Apr 12, 09:00 am",6.3789,219.787,213.355
"Apr 12, 10:00 am",26.124,219.787,193.61
"Apr 12, 11:00 am",53.5481,219.787,166.186
"Apr 12, 12:00 pm",82.8997,219.787,136.835
"Apr 12, 01:00 pm",108.722,219.787,111.012
"Apr 12, 02:00 pm",125.994,219.787,93.7407
"Apr 12, 03:00 pm",131.291,219.787,88.4435
"Apr 12, 04:00 pm",122.801,219.787,96.9335
"Apr 12, 05:00 pm",121.867,219.787,97.9202
"Apr 12, 06:00 pm",121.781,219.787,98.0061
"Apr 12, 07:00 pm",121.695,219.787,98.0927
"Apr 12, 08:00 pm",121.607,219.787,98.18
"Apr 12, 09:00 pm",121.519,219.787,98.268
"Apr 12, 10:00 pm",121.43,219.787,98.3571
"Apr 12, 11:00 pm",121.34,219.787,98.4473
"Apr 13, 12:00 am",121.248,219.787,98.5389
"Apr 13, 01:00 am",121.155,219.787,98.6322
"Apr 13, 02:00 am",121.06,219.787,98.7277
"Apr 13, 03:00 am",120.961,219.787,98.826
"Apr 13, 04:00 am",120.859,219.787,98.9282
"Apr 13, 05:00 am",120.752,219.787,99.0356
"Apr 13, 06:00 am",120.636,219.787,99.1513
"Apr 13, 07:00 am",120.507,219.787,99.2807
"Apr 13, 08:00 am",120.349,219.787,99.4383
"Apr 13, 09:00 am",15.7567,219.787,203.978
"Apr 13, 10:00 am",33.9897,219.787,185.745
"Apr 13, 11:00 am",60.0049,219.787,159.729
"Apr 13, 12:00 pm",87.8449,219.787,131.889
"Apr 13, 01:00 pm",112.111,219.787,107.623
"Apr 13, 02:00 pm",127.93,219.787,91.8042
"Apr 13, 03:00 pm",131.899,219.787,87.8352
"Apr 13, 04:00 pm",122.526,219.787,97.2089
"Apr 13, 05:00 pm",121.895,219.787,97.892
"Apr 13, 06:00 pm",121.809,219.787,97.978
"Apr 13, 07:00 pm",121.723,219.787,98.0646
"Apr 13, 08:00 pm",121.636,219.787,98.1518
"Apr 13, 09:00 pm",121.547,219.787,98.2399
"Apr 13, 10:00 pm",121.458,219.787,98.329
"Apr 13, 11:00 pm",121.368,219.787,98.4192
"Apr 14, 12:00 am",121.276,219.787,98.5109
"Apr 14, 01:00 am",121.183,219.787,98.6042
"Apr 14, 02:00 am",121.088,219.787,98.6997
"Apr 14, 03:00 am",120.989,219.787,98.7981
"Apr 14, 04:00 am",120.887,219.787,98.9002
"Apr 14, 05:00 am",120.78,219.787,99.0078
"Apr 14, 06:00 am",120.664,219.787,99.1234
"Apr 14, 07:00 am",120.535,219.787,99.2528
"Apr 14, 08:00 am",120.377,219.787,99.4105
"Apr 14, 09:00 am",110.559,219.787,109.229
"Apr 14, 10:00 am",6.69636,219.787,213.038
"Apr 14, 11:00 am",7.35059,219.787,212.384
"Apr 14, 12:00 pm",8.94729,219.787,210.787
"Apr 14, 01:00 pm",10.149,219.787,209.585
"Apr 14, 02:00 pm",10.9401,219.787,208.794
"Apr 14, 03:00 pm",11.2827,219.787,208.452
"Apr 14, 04:00 pm",10.9969,219.787,208.738
"Apr 14, 05:00 pm",10.8858,219.787,208.902
"Apr 14, 06:00 pm",10.888,219.787,208.899
"Apr 14, 07:00 pm",10.8903,219.787,208.897
"Apr 14, 08:00 pm",10.8926,219.787,208.895
"Apr 14, 09:00 pm",10.8949,219.787,208.892
"Apr 14, 10:00 pm",10.8973,219.787,208.89
"Apr 14, 11:00 pm",10.8997,219.787,208.888
"Apr 15, 12:00 am",10.9021,219.787,208.885
"Apr 15, 01:00 am",10.9045,219.787,208.883
"Apr 15, 02:00 am",10.907,219.787,208.88
"Apr 15, 03:00 am",10.9096,219.787,208.878
"Apr 15, 04:00 am",10.9123,219.787,208.875
"Apr 15, 05:00 am",10.9152,219.787,208.872
"Apr 15, 06:00 am",10.9182,219.787,208.869
"Apr 15, 07:00 am",10.9216,219.787,208.866
"Apr 15, 08:00 am",1.93721,219.787,217.797
"Apr 15, 09:00 am",5.98878,219.787,213.746
"Apr 15, 10:00 am",24.9246,219.787,194.81
"Apr 15, 11:00 am",51.4491,219.787,168.285
"Apr 15, 12:00 pm",79.7955,219.787,139.939
"Apr 15, 01:00 pm",104.633,219.787,115.102
"Apr 15, 02:00 pm",121.153,219.787,98.5817
"Apr 15, 03:00 pm",125.99,219.787,93.7442
"Apr 15, 04:00 pm",117.553,219.787,102.181
"Apr 15, 05:00 pm",116.745,219.787,103.042
"Apr 15, 06:00 pm",116.663,219.787,103.124
"Apr 15, 07:00 pm",116.581,219.787,103.206
"Apr 15, 08:00 pm",116.498,219.787,103.29
"Apr 15, 09:00 pm",116.414,219.787,103.373
"Apr 15, 10:00 pm",116.329,219.787,103.458
"Apr 15, 11:00 pm",116.243,219.787,103.544
"Apr 16, 12:00 am",116.156,219.787,103.631
"Apr 16, 01:00 am",116.067,219.787,103.72
"Apr 16, 02:00 am",115.976,219.787,103.811
"Apr 16, 03:00 am",115.882,219.787,103.905
"Apr 16, 04:00 am",115.785,219.787,104.002
"Apr 16, 05:00 am",115.683,219.787,104.105
"Apr 16, 06:00 am",115.573,219.787,104.215
"Apr 16, 07:00 am",115.449,219.787,104.338
"Apr 16, 08:00 am",115.299,219.787,104.488
"Apr 16, 09:00 am",12.5679,219.787,207.166
"Apr 16, 10:00 am",13.9237,219.787,205.811
"Apr 16, 11:00 am",16.1849,219.787,203.55
"Apr 16, 12:00 pm",53.1671,219.787,166.567
"Apr 16, 01:00 pm",80.2052,219.787,139.529
"Apr 16, 02:00 pm",98.3867,219.787,121.348
"Apr 16, 03:00 pm",104.914,219.787,114.821
"Apr 16, 04:00 pm",98.1766,219.787,121.558
"Apr 16, 05:00 pm",97.2293,219.787,122.558
"Apr 16, 06:00 pm",97.163,219.787,122.624
"Apr 16, 07:00 pm",97.0961,219.787,122.691
"Apr 16, 08:00 pm",97.0288,219.787,122.759
"Apr 16, 09:00 pm",96.9607,219.787,122.827
"Apr 16, 10:00 pm",96.892,219.787,122.895
"Apr 16, 11:00 pm",96.8223,219.787,122.965
"Apr 17, 12:00 am",96.7516,219.787,123.036
"Apr 17, 01:00 am",96.6796,219.787,123.108
"Apr 17, 02:00 am",96.6058,219.787,123.182
"Apr 17, 03:00 am",96.5299,219.787,123.257
"Apr 17, 04:00 am",96.451,219.787,123.336
"Apr 17, 05:00 am",96.368,219.787,123.419
"Apr 17, 06:00 am",96.2788,219.787,123.509
"Apr 17, 07:00 am",96.1789,219.787,123.608
"Apr 17, 08:00 am",96.0572,219.787,123.73
"Apr 17, 09:00 am",13.304,219.787,206.43
"Apr 17, 10:00 am",31.416,219.787,188.318
"Apr 17, 11:00 am",57.2502,219.787,162.484
"Apr 17, 12:00 pm",84.9625,219.787,134.772
"Apr 17, 01:00 pm",109.19,219.787,110.544
"Apr 17, 02:00 pm",125.049,219.787,94.6849
"Apr 17, 03:00 pm",129.163,219.787,90.571
"Apr 17, 04:00 pm",119.923,219.787,99.8115
"Apr 17, 05:00 pm",119.304,219.787,100.484
"Apr 17, 06:00 pm",119.22,219.787,100.567
"Apr 17, 07:00 pm",119.135,219.787,100.652
"Apr 17, 08:00 pm",119.05,219.787,100.737
"Apr 17, 09:00 pm",118.964,219.787,100.823
"Apr 17, 10:00 pm",118.877,219.787,100.91
"Apr 17, 11:00 pm",118.789,219.787,100.998
"Apr 18, 12:00 am",118.7,219.787,101.088
"Apr 18, 01:00 am",118.609,219.787,101.179
"Apr 18, 02:00 am",118.515,219.787,101.272
"Apr 18, 03:00 am",118.419,219.787,101.368
"Apr 18, 04:00 am",118.32,219.787,101.468
"Apr 18, 05:00 am",118.215,219.787,101.573
"Apr 18, 06:00 am",118.102,219.787,101.685
"Apr 18, 07:00 am",117.976,219.787,101.812
"Apr 18, 08:00 am",117.822,219.787,101.966
"Apr 18, 09:00 am",15.1035,219.787,204.631
"Apr 18, 10:00 am",33.0287,219.787,186.706
"Apr 18, 11:00 am",58.7185,219.787,161.016
"Apr 18, 12:00 pm",86.1661,219.787,133.568
"Apr 18, 01:00 pm",110.026,219.787,109.709
"Apr 18, 02:00 pm",125.49,219.787,94.2447
"Apr 18, 03:00 pm",129.25,219.787,90.4847
"Apr 18, 04:00 pm",119.678,219.787,100.056
"Apr 18, 05:00 pm",119.165,219.787,100.622
"Apr 18, 06:00 pm",119.081,219.787,100.706
"Apr 18, 07:00 pm",118.997,219.787,100.791
"Apr 18, 08:00 pm",118.912,219.787,100.876
"Apr 18, 09:00 pm",118.826,219.787,100.962
"Apr 18, 10:00 pm",118.739,219.787,101.048
"Apr 18, 11:00 pm",118.651,219.787,101.136
"Apr 19, 12:00 am",118.562,219.787,101.226
"Apr 19, 01:00 am",118.471,219.787,101.317
"Apr 19, 02:00 am",118.378,219.787,101.41
"Apr 19, 03:00 am",118.282,219.787,101.506
"Apr 19, 04:00 am",118.182,219.787,101.605
"Apr 19, 05:00 am",118.077,219.787,101.71
"Apr 19, 06:00 am",117.965,219.787,101.823
"Apr 19, 07:00 am",117.839,219.787,101.949
"Apr 19, 08:00 am",117.685,219.787,102.102
"Apr 19, 09:00 am",14.713,219.787,205.021
"Apr 19, 10:00 am",31.6318,219.787,188.103
"Apr 19, 11:00 am",56.1271,219.787,163.607
"Apr 19, 12:00 pm",82.4535,219.787,137.281
"Apr 19, 01:00 pm",105.436,219.787,114.298
"Apr 19, 02:00 pm",120.247,219.787,99.4872
"Apr 19, 03:00 pm",123.829,219.787,95.9053
"Apr 19, 04:00 pm",114.484,219.787,105.25
"Apr 19, 05:00 pm",114.039,219.787,105.748
"Apr 19, 06:00 pm",113.96,219.787,105.828
"Apr 19, 07:00 pm",113.879,219.787,105.908
"Apr 19, 08:00 pm",113.798,219.787,105.989
"Apr 19, 09:00 pm",113.717,219.787,106.071
"Apr 19, 10:00 pm",113.634,219.787,106.153
"Apr 19, 11:00 pm",113.55,219.787,106.237
"Apr 20, 12:00 am",113.465,219.787,106.322
"Apr 20, 01:00 am",113.379,219.787,106.408
"Apr 20, 02:00 am",113.29,219.787,106.497
"Apr 20, 03:00 am",113.199,219.787,106.588
"Apr 20, 04:00 am",113.104,219.787,106.683
"Apr 20, 05:00 am",113.005,219.787,106.783
"Apr 20, 06:00 am",112.897,219.787,106.89
"Apr 20, 07:00 am",112.777,219.787,107.01
"Apr 20, 08:00 am",112.631,219.787,107.156
"Apr 20, 09:00 am",14.0166,219.787,205.718
"Apr 20, 10:00 am",31.3747,219.787,188.36
"Apr 20, 11:00 am",56.4989,219.787,163.236
"Apr 20, 12:00 pm",83.3856,219.787,136.349
"Apr 20, 01:00 pm",106.753,219.787,112.982
"Apr 20, 02:00 pm",121.776,219.787,97.9584
"Apr 20, 03:00 pm",125.218,219.787,94.5169
"Apr 20, 04:00 pm",115.386,219.787,104.349
"Apr 20, 05:00 pm",115.039,219.787,104.748
"Apr 20, 06:00 pm",114.959,219.787,104.829
"Apr 20, 07:00 pm",114.877,219.787,104.91
"Apr 20, 08:00 pm",114.796,219.787,104.992
"Apr 20, 09:00 pm",114.713,219.787,105.074
"Apr 20, 10:00 pm",114.63,219.787,105.158
"Apr 20, 11:00 pm",114.545,219.787,105.242
"Apr 21, 12:00 am",114.459,219.787,105.328
"Apr 21, 01:00 am",114.372,219.787,105.415
"Apr 21, 02:00 am",114.282,219.787,105.505
"Apr 21, 03:00 am",114.19,219.787,105.597
"Apr 21, 04:00 am",114.095,219.787,105.693
"Apr 21, 05:00 am",113.994,219.787,105.793
"Apr 21, 06:00 am",113.886,219.787,105.902
"Apr 21, 07:00 am",113.764,219.787,106.023
"Apr 21, 08:00 am",113.617,219.787,106.171
"Apr 21, 09:00 am",14.198,219.787,205.536
"Apr 21, 10:00 am",15.0201,219.787,204.714
"Apr 21, 11:00 am",44.9603,219.787,174.774
"Apr 21, 12:00 pm",36.0339,219.787,183.701
"Apr 21, 01:00 pm",36.4329,219.787,183.301
"Apr 21, 02:00 pm",36.1602,219.787,183.574
"Apr 21, 03:00 pm",33.655,219.787,186.079
"Apr 21, 04:00 pm",33.6686,219.787,186.119
"Apr 21, 05:00 pm",33.6527,219.787,186.135
"Apr 21, 06:00 pm",33.6368,219.787,186.151
"Apr 21, 07:00 pm",33.6207,219.787,186.167
"Apr 21, 08:00 pm",33.6045,219.787,186.183
"Apr 21, 09:00 pm",33.588,219.787,186.199
"Apr 21, 10:00 pm",33.5714,219.787,186.216
"Apr 21, 11:00 pm",33.5545,219.787,186.233
"Apr 22, 12:00 am",33.5373,219.787,186.25
"Apr 22, 01:00 am",33.5197,219.787,186.268
"Apr 22, 02:00 am",33.5016,219.787,186.286
"Apr 22, 03:00 am",33.4828,219.787,186.305
"Apr 22, 04:00 am",33.463,219.787,186.324
"Apr 22, 05:00 am",33.4416,219.787,186.346
"Apr 22, 06:00 am",33.4178,219.787,186.37
"Apr 22, 07:00 am",33.3887,219.787,186.399
"Apr 22, 08:00 am",30.6722,219.787,189.115
"Apr 22, 09:00 am",1.9431,219.787,217.844
"Apr 22, 10:00 am",1.89181,219.787,217.843
"Apr 22, 11:00 am",2.46726,219.787,217.267
"Apr 22, 12:00 pm",3.32805,219.787,216.406
"Apr 22, 01:00 pm",3.88119,219.787,215.853
"Apr 22, 02:00 pm",4.19941,219.787,215.535
"Apr 22, 03:00 pm",4.79137,219.787,214.943
"Apr 22, 04:00 pm",4.45942,219.787,215.275
"Apr 22, 05:00 pm",4.47877,219.787,215.309
"Apr 22, 06:00 pm",4.48612,219.787,215.301
"Apr 22, 07:00 pm",4.49354,219.787,215.294
"Apr 22, 08:00 pm",4.50101,219.787,215.286
"Apr 22, 09:00 pm",4.50855,219.787,215.279
"Apr 22, 10:00 pm",4.51617,219.787,215.271
"Apr 22, 11:00 pm",4.5239,219.787,215.263
"Apr 23, 12:00 am",4.53174,219.787,215.256
"Apr 23, 01:00 am",4.53973,219.787,215.248
"Apr 23, 02:00 am",4.54791,219.787,215.239
"Apr 23, 03:00 am",4.55632,219.787,215.231
"Apr 23, 04:00 am",4.56507,219.787,215.222
"Apr 23, 05:00 am",4.57427,219.787,215.213
"Apr 23, 06:00 am",4.58417,219.787,215.203
"Apr 23, 07:00 am",4.59525,219.787,215.192
"Apr 23, 08:00 am",4.60874,219.787,215.179
"Apr 23, 09:00 am",4.23965,219.787,215.548
"Apr 23, 10:00 am",0.634248,219.787,219.1
"Apr 23, 11:00 am",2.06584,219.787,217.669
"Apr 23, 12:00 pm",3.11026,219.787,216.624
"Apr 23, 01:00 pm",4.03894,219.787,215.695
"Apr 23, 02:00 pm",4.54196,219.787,215.192
"Apr 23, 03:00 pm",5.13642,219.787,214.598
"Apr 23, 04:00 pm",4.68711,219.787,215.047
"Apr 23, 05:00 pm",4.72521,219.787,215.062
"Apr 23, 06:00 pm",4.73237,219.787,215.055
"Apr 23, 07:00 pm",4.73959,219.787,215.048
"Apr 23, 08:00 pm",4.74686,219.787,215.04
"Apr 23, 09:00 pm",4.7542,219.787,215.033
"Apr 23, 10:00 pm",4.76162,219.787,215.026
"Apr 23, 11:00 pm",4.76914,219.787,215.018
"Apr 24, 12:00 am",4.77677,219.787,215.011
"Apr 24, 01:00 am",4.78455,219.787,215.003
"Apr 24, 02:00 am",4.79251,219.787,214.995
"Apr 24, 03:00 am",4.8007,219.787,214.987
"Apr 24, 04:00 am",4.80921,219.787,214.978
"Apr 24, 05:00 am",4.81817,219.787,214.969
"Apr 24, 06:00 am",4.82781,219.787,214.96
"Apr 24, 07:00 am",4.83859,219.787,214.949
"Apr 24, 08:00 am",4.85172,219.787,214.936
"Apr 24, 09:00 am",3.75049,219.787,215.984
"Apr 24, 10:00 am",21.6398,219.787,198.095
"Apr 24, 11:00 am",46.7747,219.787,172.96
"Apr 24, 12:00 pm",73.5377,219.787,146.197
"Apr 24, 01:00 pm",96.7133,219.787,123.021
"Apr 24, 02:00 pm",111.62,219.787,108.114
"Apr 24, 03:00 pm",115.044,219.787,104.69
"Apr 24, 04:00 pm",105.402,219.787,114.333
"Apr 24, 05:00 pm",105.205,219.787,114.582
"Apr 24, 06:00 pm",105.133,219.787,114.655
"Apr 24, 07:00 pm",105.059,219.787,114.728
"Apr 24, 08:00 pm",104.986,219.787,114.802
"Apr 24, 09:00 pm",104.911,219.787,114.876
"Apr 24, 10:00 pm",104.836,219.787,114.952
"Apr 24, 11:00 pm",104.759,219.787,115.028
"Apr 25, 12:00 am",104.682,219.787,115.105
"Apr 25, 01:00 am",104.603,219.787,115.184
"Apr 25, 02:00 am",104.522,219.787,115.265
"Apr 25, 03:00 am",104.439,219.787,115.348
"Apr 25, 04:00 am",104.353,219.787,115.435
"Apr 25, 05:00 am",104.262,219.787,115.526
"Apr 25, 06:00 am",104.164,219.787,115.623
"Apr 25, 07:00 am",104.054,219.787,115.733
"Apr 25, 08:00 am",103.921,219.787,115.866
"Apr 25, 09:00 am",12.8769,219.787,206.857
"Apr 25, 10:00 am",29.4242,219.787,190.31
"Apr 25, 11:00 am",53.3907,219.787,166.344
"Apr 25, 12:00 pm",79.1558,219.787,140.579
"Apr 25, 01:00 pm",101.57,219.787,118.164
"Apr 25, 02:00 pm",115.844,219.787,103.89
"Apr 25, 03:00 pm",118.783,219.787,100.951
"Apr 25, 04:00 pm",108.796,219.787,110.939
"Apr 25, 05:00 pm",108.651,219.787,111.137
"Apr 25, 06:00 pm",108.575,219.787,111.212
"Apr 25, 07:00 pm",108.499,219.787,111.288
"Apr 25, 08:00 pm",108.423,219.787,111.365
"Apr 25, 09:00 pm",108.345,219.787,111.442
"Apr 25, 10:00 pm",108.267,219.787,111.52
"Apr 25, 11:00 pm",108.188,219.787,111.599
"Apr 26, 12:00 am",108.108,219.787,111.68
"Apr 26, 01:00 am",108.026,219.787,111.762
"Apr 26, 02:00 am",107.942,219.787,111.846
"Apr 26, 03:00 am",107.856,219.787,111.932
"Apr 26, 04:00 am",107.766,219.787,112.021
"Apr 26, 05:00 am",107.672,219.787,112.116
"Apr 26, 06:00 am",107.57,219.787,112.217
"Apr 26, 07:00 am",107.456,219.787,112.331
"Apr 26, 08:00 am",107.318,219.787,112.469
"Apr 26, 09:00 am",13.121,219.787,206.613
"Apr 26, 10:00 am",30.265,219.787,189.469
"Apr 26, 11:00 am",55.153,219.787,164.581
"Apr 26, 12:00 pm",81.936,219.787,137.798
"Apr 26, 01:00 pm",105.305,219.787,114.43
"Apr 26, 02:00 pm",120.606,219.787,99.1284
"Apr 26, 03:00 pm",124.138,219.787,95.5966
"Apr 26, 04:00 pm",114.272,219.787,105.462
"Apr 26, 05:00 pm",113.946,219.787,105.841
"Apr 26, 06:00 pm",113.866,219.787,105.921
"Apr 26, 07:00 pm",113.786,219.787,106.001
"Apr 26, 08:00 pm",113.705,219.787,106.082
"Apr 26, 09:00 pm",113.624,219.787,106.164
"Apr 26, 10:00 pm",113.541,219.787,106.246
"Apr 26, 11:00 pm",113.458,219.787,106.33
"Apr 27, 12:00 am",113.373,219.787,106.415
"Apr 27, 01:00 am",113.286,219.787,106.501
"Apr 27, 02:00 am",113.198,219.787,106.59
"Apr 27, 03:00 am",113.107,219.787,106.681
"Apr 27, 04:00 am",113.012,219.787,106.775
"Apr 27, 05:00 am",112.912,219.787,106.875
"Apr 27, 06:00 am",112.805,219.787,106.982
"Apr 27, 07:00 am",112.685,219.787,107.102
"Apr 27, 08:00 am",112.539,219.787,107.248
"Apr 27, 09:00 am",14.4962,219.787,205.238
"Apr 27, 10:00 am",32.1943,219.787,187.54
"Apr 27, 11:00 am",57.4927,219.787,162.242
"Apr 27, 12:00 pm",84.6251,219.787,135.109
"Apr 27, 01:00 pm",108.306,219.787,111.428
"Apr 27, 02:00 pm",123.947,219.787,95.787
"Apr 27, 03:00 pm",127.75,219.787,91.9846
"Apr 27, 04:00 pm",118.084,219.787,101.65
"Apr 27, 05:00 pm",117.62,219.787,102.168
"Apr 27, 06:00 pm",117.537,219.787,102.25
"Apr 27, 07:00 pm",117.454,219.787,102.334
"Apr 27, 08:00 pm",117.37,219.787,102.417
"Apr 27, 09:00 pm",117.285,219.787,102.502
"Apr 27, 10:00 pm",117.2,219.787,102.588
"Apr 27, 11:00 pm",117.113,219.787,102.674
"Apr 28, 12:00 am",117.025,219.787,102.762
"Apr 28, 01:00 am",116.935,219.787,102.852
"Apr 28, 02:00 am",116.844,219.787,102.944
"Apr 28, 03:00 am",116.749,219.787,103.038
"Apr 28, 04:00 am",116.651,219.787,103.136
"Apr 28, 05:00 am",116.548,219.787,103.239
"Apr 28, 06:00 am",116.437,219.787,103.351
"Apr 28, 07:00 am",116.312,219.787,103.475
"Apr 28, 08:00 am",116.161,219.787,103.626
"Apr 28, 09:00 am",106.688,219.787,113.099
"Apr 28, 10:00 am",8.4885,219.787,211.246
"Apr 28, 11:00 am",38.6707,219.787,181.064
"Apr 28, 12:00 pm",66.7983,219.787,152.936
"Apr 28, 01:00 pm",90.9185,219.787,128.816
"Apr 28, 02:00 pm",106.77,219.787,112.964
"Apr 28, 03:00 pm",110.932,219.787,108.803
"Apr 28, 04:00 pm",102.01,219.787,117.724
"Apr 28, 05:00 pm",101.658,219.787,118.13
"Apr 28, 06:00 pm",101.588,219.787,118.2
"Apr 28, 07:00 pm",101.517,219.787,118.27
"Apr 28, 08:00 pm",101.446,219.787,118.341
"Apr 28, 09:00 pm",101.375,219.787,118.413
"Apr 28, 10:00 pm",101.302,219.787,118.485
"Apr 28, 11:00 pm",101.229,219.787,118.558
"Apr 29, 12:00 am",101.155,219.787,118.633
"Apr 29, 01:00 am",101.079,219.787,118.709
"Apr 29, 02:00 am",101.001,219.787,118.786
"Apr 29, 03:00 am",100.921,219.787,118.866
"Apr 29, 04:00 am",100.838,219.787,118.949
"Apr 29, 05:00 am",100.751,219.787,119.037
"Apr 29, 06:00 am",100.657,219.787,119.131
"Apr 29, 07:00 am",100.551,219.787,119.236
"Apr 29, 08:00 am",100.423,219.787,119.364
"Apr 29, 09:00 am",12.2266,219.787,207.508
"Apr 29, 10:00 am",28.1788,219.787,191.556
"Apr 29, 11:00 am",25.1259,219.787,194.609
"Apr 29, 12:00 pm",58.1675,219.787,161.567
"Apr 29, 01:00 pm",82.0317,219.787,137.703
"Apr 29, 02:00 pm",97.4584,219.787,122.276
"Apr 29, 03:00 pm",101.591,219.787,118.144
"Apr 29, 04:00 pm",93.1472,219.787,126.587
"Apr 29, 05:00 pm",92.8633,219.787,126.924
"Apr 29, 06:00 pm",92.8004,219.787,126.987
"Apr 29, 07:00 pm",92.7371,219.787,127.05
"Apr 29, 08:00 pm",92.6732,219.787,127.114
"Apr 29, 09:00 pm",92.6087,219.787,127.179
"Apr 29, 10:00 pm",92.5436,219.787,127.244
"Apr 29, 11:00 pm",92.4776,219.787,127.31
"Apr 30, 12:00 am",92.4106,219.787,127.377
"Apr 30, 01:00 am",92.3423,219.787,127.445
"Apr 30, 02:00 am",92.2724,219.787,127.515
"Apr 30, 03:00 am",92.2004,219.787,127.587
"Apr 30, 04:00 am",92.1257,219.787,127.662
"Apr 30, 05:00 am",92.047,219.787,127.74
"Apr 30, 06:00 am",91.9624,219.787,127.825
"Apr 30, 07:00 am",91.8677,219.787,127.92
"Apr 30, 08:00 am",91.7524,219.787,128.035
"Apr 30, 09:00 am",84.2724,219.787,135.515
"Apr 30, 10:00 am",5.4123,219.787,214.322
"Apr 30, 11:00 am",6.28672,219.787,213.448
"Apr 30, 12:00 pm",8.66576,219.787,211.069
"Apr 30, 01:00 pm",9.95654,219.787,209.778
"Apr 30, 02:00 pm",11.2283,219.787,208.506
"Apr 30, 03:00 pm",12.0713,219.787,207.663
"Apr 30, 04:00 pm",18.1693,219.787,201.565
"Apr 30, 05:00 pm",16.4222,219.787,203.365
"Apr 30, 06:00 pm",16.42,219.787,203.367
"Apr 30, 07:00 pm",16.4179,219.787,203.369
"Apr 30, 08:00 pm",16.4157,219.787,203.372
"Apr 30, 09:00 pm",16.4135,219.787,203.374
"Apr 30, 10:00 pm",16.4113,219.787,203.376
"Apr 30, 11:00 pm",16.4091,219.787,203.378
"May 1, 12:00 am",16.4068,219.787,203.381
"May 1, 01:00 am",16.4045,219.787,203.383
"May 1, 02:00 am",16.4021,219.787,203.385
"May 1, 03:00 am",16.3997,219.787,203.388
"May 1, 04:00 am",16.3971,219.787,203.39
"May 1, 05:00 am",16.3945,219.787,203.393
"May 1, 06:00 am",16.3916,219.787,203.396
"May 1, 07:00 am",16.3884,219.787,203.399
"May 1, 08:00 am",16.3845,219.787,203.403
"May 1, 09:00 am",4.79038,219.787,214.944
"May 1, 10:00 am",22.5061,219.787,197.228
"May 1, 11:00 am",47.4169,219.787,172.318
"May 1, 12:00 pm",73.9254,219.787,145.809
"May 1, 01:00 pm",96.8121,219.787,122.922
"May 1, 02:00 pm",111.42,219.787,108.314
"May 1, 03:00 pm",114.673,219.787,105.062
"May 1, 04:00 pm",105.169,219.787,114.566
"May 1, 05:00 pm",104.959,219.787,114.828
"May 1, 06:00 pm",104.886,219.787,114.901
"May 1, 07:00 pm",104.813,219.787,114.974
"May 1, 08:00 pm",104.74,219.787,115.048
"May 1, 09:00 pm",104.665,219.787,115.122
"May 1, 10:00 pm",104.59,219.787,115.197
"May 1, 11:00 pm",104.514,219.787,115.273
"May 2, 12:00 am",104.437,219.787,115.35
"May 2, 01:00 am",104.358,219.787,115.429
"May 2, 02:00 am",104.278,219.787,115.51
"May 2, 03:00 am",104.195,219.787,115.593
"May 2, 04:00 am",104.109,219.787,115.679
"May 2, 05:00 am",104.018,219.787,115.769
"May 2, 06:00 am",103.92,219.787,115.867
"May 2, 07:00 am",103.811,219.787,115.976
"May 2, 08:00 am",103.678,219.787,116.109
"May 2, 09:00 am",95.2262,219.787,124.561
"May 2, 10:00 am",6.80683,219.787,212.928
"May 2, 11:00 am",35.8683,219.787,183.866
"May 2, 12:00 pm",63.0735,219.787,156.661
"May 2, 01:00 pm",86.4926,219.787,133.242
"May 2, 02:00 pm",101.911,219.787,117.824
"May 2, 03:00 pm",105.902,219.787,113.832
"May 2, 04:00 pm",97.181,219.787,122.553
"May 2, 05:00 pm",96.8922,219.787,122.895
"May 2, 06:00 pm",96.8261,219.787,122.961
"May 2, 07:00 pm",96.7595,219.787,123.028
"May 2, 08:00 pm",96.6924,219.787,123.095
"May 2, 09:00 pm",96.6247,219.787,123.163
"May 2, 10:00 pm",96.5562,219.787,123.231
"May 2, 11:00 pm",96.4869,219.787,123.3
"May 3, 12:00 am",96.4164,219.787,123.371
"May 3, 01:00 am",96.3446,219.787,123.443
"May 3, 02:00 am",96.2712,219.787,123.516
"May 3, 03:00 am",96.1956,219.787,123.592
"May 3, 04:00 am",96.1171,219.787,123.67
"May 3, 05:00 am",96.0344,219.787,123.753
"May 3, 06:00 am",95.9455,219.787,123.842
"May 3, 07:00 am",95.846,219.787,123.941
"May 3, 08:00 am",95.7248,219.787,124.063
"May 3, 09:00 am",11.9663,219.787,207.768
"May 3, 10:00 am",28.0428,219.787,191.692
"May 3, 11:00 am",51.3063,219.787,168.428
"May 3, 12:00 pm",76.283,219.787,143.451
"May 3, 01:00 pm",97.5668,219.787,122.168
"May 3, 02:00 pm",110.965,219.787,108.769
"May 3, 03:00 pm",113.372,219.787,106.362
"May 3, 04:00 pm",103.467,219.787,116.268
"May 3, 05:00 pm",103.448,219.787,116.339
"May 3, 06:00 pm",103.377,219.787,116.41
"May 3, 07:00 pm",103.305,219.787,116.482
"May 3, 08:00 pm",103.233,219.787,116.555
"May 3, 09:00 pm",103.16,219.787,116.628
"May 3, 10:00 pm",103.086,219.787,116.701
"May 3, 11:00 pm",103.011,219.787,116.776
"May 4, 12:00 am",102.935,219.787,116.852
"May 4, 01:00 am",102.858,219.787,116.93
"May 4, 02:00 am",102.778,219.787,117.009
"May 4, 03:00 am",102.697,219.787,117.091
"May 4, 04:00 am",102.612,219.787,117.175
"May 4, 05:00 am",102.523,219.787,117.264
"May 4, 06:00 am",102.427,219.787,117.36
"May 4, 07:00 am",102.32,219.787,117.468
"May 4, 08:00 am",102.189,219.787,117.599
"May 4, 09:00 am",12.0919,219.787,207.643
"May 4, 10:00 am",27.2372,219.787,192.497
"May 4, 11:00 am",49.5224,219.787,170.212
"May 4, 12:00 pm",42.5893,219.787,177.145
"May 4, 01:00 pm",72.9564,219.787,146.778
"May 4, 02:00 pm",88.8856,219.787,130.849
"May 4, 03:00 pm",81.9779,219.787,137.809
"May 4, 04:00 pm",81.9237,219.787,137.864
"May 4, 05:00 pm",81.8691,219.787,137.918
"May 4, 06:00 pm",81.814,219.787,137.973
"May 4, 07:00 pm",81.7584,219.787,138.029
"May 4, 08:00 pm",81.7022,219.787,138.085
"May 4, 09:00 pm",81.6453,219.787,138.142
"May 4, 10:00 pm",81.5875,219.787,138.2
"May 4, 11:00 pm",81.5286,219.787,138.259
"May 5, 12:00 am",81.4683,219.787,138.319
"May 5, 01:00 am",81.4062,219.787,138.381
"May 5, 02:00 am",81.3418,219.787,138.446
"May 5, 03:00 am",81.274,219.787,138.513
"May 5, 04:00 am",81.201,219.787,138.586
"May 5, 05:00 am",81.1193,219.787,138.668
"May 5, 06:00 am",81.0199,219.787,138.767
"May 5, 07:00 am",74.3476,219.787,145.44
"May 5, 08:00 am",3.82584,219.787,215.962
"May 5, 09:00 am",3.61981,219.787,216.168
"May 5, 10:00 am",3.76853,219.787,215.966
"May 5, 11:00 am",4.96376,219.787,214.771
"May 5, 12:00 pm",7.58494,219.787,212.149
"May 5, 01:00 pm",9.41709,219.787,210.317
"May 5, 02:00 pm",10.6528,219.787,209.082
"May 5, 03:00 pm",30.004,219.787,189.73
"May 5, 04:00 pm",29.7025,219.787,190.032
"May 5, 05:00 pm",28.2085,219.787,191.579
"May 5, 06:00 pm",28.1969,219.787,191.59
"May 5, 07:00 pm",28.1854,219.787,191.602
"May 5, 08:00 pm",28.1737,219.787,191.614
"May 5, 09:00 pm",28.1619,219.787,191.625
"May 5, 10:00 pm",28.15,219.787,191.637
"May 5, 11:00 pm",28.1379,219.787,191.649
"May 6, 12:00 am",28.1256,219.787,191.662
"May 6, 01:00 am",28.1132,219.787,191.674
"May 6, 02:00 am",28.1004,219.787,191.687
"May 6, 03:00 am",28.0872,219.787,191.7
"May 6, 04:00 am",28.0735,219.787,191.714
"May 6, 05:00 am",28.0592,219.787,191.728
"May 6, 06:00 am",28.0437,219.787,191.744
"May 6, 07:00 am",28.0264,219.787,191.761
"May 6, 08:00 am",28.0053,219.787,191.782
"May 6, 09:00 am",5.35351,219.787,214.381
"May 6, 10:00 am",22.5978,219.787,197.137
"May 6, 11:00 am",47.1198,219.787,172.615
"May 6, 12:00 pm",73.371,219.787,146.363
"May 6, 01:00 pm",96.0338,219.787,123.701
"May 6, 02:00 pm",110.497,219.787,109.237
"May 6, 03:00 pm",113.535,219.787,106.2
"May 6, 04:00 pm",103.728,219.787,116.006
"May 6, 05:00 pm",103.63,219.787,116.158
"May 6, 06:00 pm",103.558,219.787,116.229
"May 6, 07:00 pm",103.486,219.787,116.301
"May 6, 08:00 pm",103.414,219.787,116.374
"May 6, 09:00 pm",103.34,219.787,116.447
"May 6, 10:00 pm",103.266,219.787,116.521
"May 6, 11:00 pm",103.191,219.787,116.596
"May 7, 12:00 am",103.115,219.787,116.672
"May 7, 01:00 am",103.038,219.787,116.75
"May 7, 02:00 am",102.958,219.787,116.829
"May 7, 03:00 am",102.876,219.787,116.911
"May 7, 04:00 am",102.792,219.787,116.996
"May 7, 05:00 am",102.702,219.787,117.085
"May 7, 06:00 am",102.606,219.787,117.181
"May 7, 07:00 am",102.499,219.787,117.289
"May 7, 08:00 am",102.367,219.787,117.42
"May 7, 09:00 am",12.3477,219.787,207.387
"May 7, 10:00 am",28.6368,219.787,191.098
"May 7, 11:00 am",52.4054,219.787,167.329
"May 7, 12:00 pm",77.9925,219.787,141.742
"May 7, 01:00 pm",100.194,219.787,119.541
"May 7, 02:00 pm",114.586,219.787,105.148
"May 7, 03:00 pm",117.47,219.787,102.264
"May 7, 04:00 pm",107.463,219.787,112.271
"May 7, 05:00 pm",107.35,219.787,112.437
"May 7, 06:00 pm",107.276,219.787,112.511
"May 7, 07:00 pm",107.201,219.787,112.586
"May 7, 08:00 pm",107.125,219.787,112.662
"May 7, 09:00 pm",107.049,219.787,112.738
"May 7, 10:00 pm",106.972,219.787,112.815
"May 7, 11:00 pm",106.894,219.787,112.893
"May 8, 12:00 am",106.815,219.787,112.973
"May 8, 01:00 am",106.734,219.787,113.053
"May 8, 02:00 am",106.651,219.787,113.136
"May 8, 03:00 am",106.566,219.787,113.221
"May 8, 04:00 am",106.478,219.787,113.31
"May 8, 05:00 am",106.385,219.787,113.403
"May 8, 06:00 am",106.285,219.787,113.503
"May 8, 07:00 am",106.173,219.787,113.615
"May 8, 08:00 am",106.036,219.787,113.751
"May 8, 09:00 am",12.8703,219.787,206.864
"May 8, 10:00 am",29.4229,219.787,190.312
"May 8, 11:00 am",53.5739,219.787,166.16
"May 8, 12:00 pm",79.4404,219.787,140.294
"May 8, 01:00 pm",101.827,219.787,117.907
"May 8, 02:00 pm",116.245,219.787,103.49
"May 8, 03:00 pm",119.082,219.787,100.652
"May 8, 04:00 pm",108.91,219.787,110.825
"May 8, 05:00 pm",108.809,219.787,110.979
"May 8, 06:00 pm",108.733,219.787,111.054
"May 8, 07:00 pm",108.657,219.787,111.13
"May 8, 08:00 pm",108.58,219.787,111.207
"May 8, 09:00 pm",108.503,219.787,111.285
"May 8, 10:00 pm",108.424,219.787,111.363
"May 8, 11:00 pm",108.345,219.787,111.442
"May 9, 12:00 am",108.265,219.787,111.523
"May 9, 01:00 am",108.183,219.787,111.605
"May 9, 02:00 am",108.099,219.787,111.689
"May 9, 03:00 am",108.012,219.787,111.775
"May 9, 04:00 am",107.922,219.787,111.865
"May 9, 05:00 am",107.828,219.787,111.959
"May 9, 06:00 am",107.726,219.787,112.061
"May 9, 07:00 am",107.612,219.787,112.175
"May 9, 08:00 am",107.474,219.787,112.313
"May 9, 09:00 am",12.9678,219.787,206.767
"May 9, 10:00 am",29.2529,219.787,190.482
"May 9, 11:00 am",53.0358,219.787,166.699
"May 9, 12:00 pm",78.5627,219.787,141.172
"May 9, 01:00 pm",100.672,219.787,119.062
"May 9, 02:00 pm",114.488,219.787,105.246
"May 9, 03:00 pm",116.872,219.787,102.862
"May 9, 04:00 pm",113.045,219.787,106.743
"May 9, 05:00 pm",112.966,219.787,106.822
"May 9, 06:00 pm",112.886,219.787,106.901
"May 9, 07:00 pm",112.806,219.787,106.981
"May 9, 08:00 pm",112.725,219.787,107.062
"May 9, 09:00 pm",112.643,219.787,107.144
"May 9, 10:00 pm",112.561,219.787,107.227
"May 9, 11:00 pm",112.476,219.787,107.311
"May 10, 12:00 am",112.391,219.787,107.397
"May 10, 01:00 am",112.303,219.787,107.484
"May 10, 02:00 am",112.213,219.787,107.575
"May 10, 03:00 am",112.119,219.787,107.668
"May 10, 04:00 am",112.02,219.787,107.767
"May 10, 05:00 am",111.914,219.787,107.873
"May 10, 06:00 am",111.795,219.787,107.992
"May 10, 07:00 am",111.65,219.787,108.137
"May 10, 08:00 am",102.511,219.787,117.276
"May 10, 09:00 am",7.51129,219.787,212.223
"May 10, 10:00 am",24.0419,219.787,195.692
"May 10, 11:00 am",47.9675,219.787,171.767
"May 10, 12:00 pm",73.6589,219.787,146.075
"May 10, 01:00 pm",95.9397,219.787,123.795
"May 10, 02:00 pm",110.37,219.787,109.364
"May 10, 03:00 pm",113.369,219.787,106.365
"May 10, 04:00 pm",103.575,219.787,116.159
"May 10, 05:00 pm",103.481,219.787,116.307
"May 10, 06:00 pm",103.409,219.787,116.378
"May 10, 07:00 pm",103.338,219.787,116.45
"May 10, 08:00 pm",103.265,219.787,116.522
"May 10, 09:00 pm",103.192,219.787,116.595
"May 10, 10:00 pm",103.118,219.787,116.669
"May 10, 11:00 pm",103.043,219.787,116.744
"May 11, 12:00 am",102.967,219.787,116.82
"May 11, 01:00 am",102.89,219.787,116.898
"May 11, 02:00 am",102.81,219.787,116.977
"May 11, 03:00 am",102.729,219.787,117.058
"May 11, 04:00 am",102.644,219.787,117.143
"May 11, 05:00 am",102.555,219.787,117.232
"May 11, 06:00 am",102.459,219.787,117.328
"May 11, 07:00 am",102.352,219.787,117.436
"May 11, 08:00 am",102.221,219.787,117.567
"May 11, 09:00 am",11.6847,219.787,208.05
"May 11, 10:00 am",27.2644,219.787,192.47
"May 11, 11:00 am",50.3585,219.787,169.376
"May 11, 12:00 pm",75.1998,219.787,144.535
"May 11, 01:00 pm",96.6759,219.787,123.059
"May 11, 02:00 pm",110.371,219.787,109.363
"May 11, 03:00 pm",112.761,219.787,106.973
"May 11, 04:00 pm",109.028,219.787,110.759
"May 11, 05:00 pm",108.952,219.787,110.835
"May 11, 06:00 pm",108.876,219.787,110.912
"May 11, 07:00 pm",108.799,219.787,110.988
"May 11, 08:00 pm",108.721,219.787,111.066
"May 11, 09:00 pm",108.643,219.787,111.145
"May 11, 10:00 pm",108.563,219.787,111.224
"May 11, 11:00 pm",108.483,219.787,111.305
"May 12, 12:00 am",108.4,219.787,111.387
"May 12, 01:00 am",108.316,219.787,111.471
"May 12, 02:00 am",108.23,219.787,111.558
"May 12, 03:00 am",108.14,219.787,111.648
"May 12, 04:00 am",108.045,219.787,111.743
"May 12, 05:00 am",107.943,219.787,111.844
"May 12, 06:00 am",107.829,219.787,111.958
"May 12, 07:00 am",107.69,219.787,112.097
"May 12, 08:00 am",98.8748,219.787,120.913
"May 12, 09:00 am",6.37418,219.787,213.36
"May 12, 10:00 am",6.83805,219.787,212.896
"May 12, 11:00 am",7.63475,219.787,212.1
"May 12, 12:00 pm",42.0493,219.787,177.685
"May 12, 01:00 pm",66.8325,219.787,152.902
"May 12, 02:00 pm",82.9519,219.787,136.783
"May 12, 03:00 pm",87.6484,219.787,132.086
"May 12, 04:00 pm",79.6431,219.787,140.091
"May 12, 05:00 pm",79.4739,219.787,140.313
"May 12, 06:00 pm",79.4217,219.787,140.366
"May 12, 07:00 pm",79.3691,219.787,140.418
"May 12, 08:00 pm",79.316,219.787,140.471
"May 12, 09:00 pm",79.2625,219.787,140.525
"May 12, 10:00 pm",79.2083,219.787,140.579
"May 12, 11:00 pm",79.1535,219.787,140.634
"May 13, 12:00 am",79.0978,219.787,140.69
"May 13, 01:00 am",79.0411,219.787,140.746
"May 13, 02:00 am",78.983,219.787,140.804
"May 13, 03:00 am",78.9232,219.787,140.864
"May 13, 04:00 am",78.8612,219.787,140.926
"May 13, 05:00 am",78.7958,219.787,140.992
"May 13, 06:00 am",78.7255,219.787,141.062
"May 13, 07:00 am",78.6469,219.787,141.14
"May 13, 08:00 am",78.551,219.787,141.236
"May 13, 09:00 am",8.79876,219.787,210.936
"May 13, 10:00 am",24.4613,219.787,195.273
"May 13, 11:00 am",47.6235,219.787,172.111
"May 13, 12:00 pm",72.3615,219.787,147.373
"May 13, 01:00 pm",93.5815,219.787,126.153
"May 13, 02:00 pm",106.645,219.787,113.09
"May 13, 03:00 pm",108.609,219.787,111.126
"May 13, 04:00 pm",105.09,219.787,114.697
"May 13, 05:00 pm",105.017,219.787,114.77
"May 13, 06:00 pm",104.944,219.787,114.843
"May 13, 07:00 pm",104.87,219.787,114.917
"May 13, 08:00 pm",104.796,219.787,114.991
"May 13, 09:00 pm",104.721,219.787,115.067
"May 13, 10:00 pm",104.645,219.787,115.143
"May 13, 11:00 pm",104.567,219.787,115.22
"May 14, 12:00 am",104.488,219.787,115.299
"May 14, 01:00 am",104.408,219.787,115.38
"May 14, 02:00 am",104.325,219.787,115.463
"May 14, 03:00 am",104.238,219.787,115.549
"May 14, 04:00 am",104.148,219.787,115.64
"May 14, 05:00 am",104.05,219.787,115.738
"May 14, 06:00 am",103.941,219.787,115.847
"May 14, 07:00 am",103.807,219.787,115.98
"May 14, 08:00 am",95.311,219.787,124.476
"May 14, 09:00 am",5.47168,219.787,214.316
"May 14, 10:00 am",5.14925,219.787,214.585
"May 14, 11:00 am",32.5602,219.787,187.174
"May 14, 12:00 pm",58.1751,219.787,161.559
"May 14, 01:00 pm",80.0365,219.787,139.698
"May 14, 02:00 pm",93.8406,219.787,125.894
"May 14, 03:00 pm",96.5663,219.787,123.168
"May 14, 04:00 pm",93.052,219.787,126.735
"May 14, 05:00 pm",92.989,219.787,126.798
"May 14, 06:00 pm",92.9255,219.787,126.862
"May 14, 07:00 pm",92.8615,219.787,126.926
"May 14, 08:00 pm",92.7969,219.787,126.99
"May 14, 09:00 pm",92.7316,219.787,127.056
"May 14, 10:00 pm",92.6654,219.787,127.122
"May 14, 11:00 pm",92.5982,219.787,127.189
"May 15, 12:00 am",92.5298,219.787,127.258
"May 15, 01:00 am",92.4597,219.787,127.328
"May 15, 02:00 am",92.3876,219.787,127.4
"May 15, 03:00 am",92.3127,219.787,127.475
"May 15, 04:00 am",92.2338,219.787,127.554
"May 15, 05:00 am",92.149,219.787,127.638
"May 15, 06:00 am",92.0541,219.787,127.733
"May 15, 07:00 am",91.9385,219.787,127.849
"May 15, 08:00 am",84.4103,219.787,135.377
"May 15, 09:00 am",4.81123,219.787,214.976
"May 15, 10:00 am",4.5495,219.787,215.238
"May 15, 11:00 am",6.01343,219.787,213.721
"May 15, 12:00 pm",39.261,219.787,180.473
"May 15, 01:00 pm",31.9706,219.787,187.764
"May 15, 02:00 pm",29.6729,219.787,190.061
"May 15, 03:00 pm",29.6686,219.787,190.119
"May 15, 04:00 pm",29.656,219.787,190.131
"May 15, 05:00 pm",29.6432,219.787,190.144
"May 15, 06:00 pm",29.6304,219.787,190.157
"May 15, 07:00 pm",29.6174,219.787,190.17
"May 15, 08:00 pm",29.6043,219.787,190.183
"May 15, 09:00 pm",29.591,219.787,190.196
"May 15, 10:00 pm",29.5775,219.787,190.21
"May 15, 11:00 pm",29.5637,219.787,190.224
"May 16, 12:00 am",29.5497,219.787,190.238
"May 16, 01:00 am",29.5352,219.787,190.252
"May 16, 02:00 am",29.5201,219.787,190.267
"May 16, 03:00 am",29.5043,219.787,190.283
"May 16, 04:00 am",29.4873,219.787,190.3
"May 16, 05:00 am",29.4682,219.787,190.319
"May 16, 06:00 am",29.445,219.787,190.342
"May 16, 07:00 am",27.0499,219.787,192.737
"May 16, 08:00 am",1.7215,219.787,218.066
"May 16, 09:00 am",2.53181,219.787,217.203
"May 16, 10:00 am",16.9307,219.787,202.804
"May 16, 11:00 am",38.4637,219.787,181.271
"May 16, 12:00 pm",61.8367,219.787,157.898
"May 16, 01:00 pm",51.9021,219.787,167.832
"May 16, 02:00 pm",74.5755,219.787,145.159
"May 16, 03:00 pm",68.1796,219.787,151.608
"May 16, 04:00 pm",68.1363,219.787,151.651
"May 16, 05:00 pm",68.0927,219.787,151.695
"May 16, 06:00 pm",68.0488,219.787,151.739
"May 16, 07:00 pm",68.0045,219.787,151.783
"May 16, 08:00 pm",67.9596,219.787,151.828
"May 16, 09:00 pm",67.9142,219.787,151.873
"May 16, 10:00 pm",67.8681,219.787,151.919
"May 16, 11:00 pm",67.8211,219.787,151.966
"May 17, 12:00 am",67.773,219.787,152.014
"May 17, 01:00 am",67.7235,219.787,152.064
"May 17, 02:00 am",67.6721,219.787,152.115
"May 17, 03:00 am",67.618,219.787,152.169
"May 17, 04:00 am",67.5598,219.787,152.228
"May 17, 05:00 am",67.4946,219.787,152.293
"May 17, 06:00 am",67.4153,219.787,152.372
"May 17, 07:00 am",61.8578,219.787,157.93
"May 17, 08:00 am",3.12515,219.787,216.662
"May 17, 09:00 am",2.95873,219.787,216.829
"May 17, 10:00 am",18.2297,219.787,201.505
"May 17, 11:00 am",40.6758,219.787,179.059
"May 17, 12:00 pm",34.4903,219.787,185.244
"May 17, 01:00 pm",32.9418,219.787,186.793
"May 17, 02:00 pm",31.5121,219.787,188.222
"May 17, 03:00 pm",31.389,219.787,188.398
"May 17, 04:00 pm",31.375,219.787,188.412
"May 17, 05:00 pm",31.3608,219.787,188.426
"May 17, 06:00 pm",31.3466,219.787,188.441
"May 17, 07:00 pm",31.3322,219.787,188.455
"May 17, 08:00 pm",31.3177,219.787,188.47
"May 17, 09:00 pm",31.303,219.787,188.484
"May 17, 10:00 pm",31.288,219.787,188.499
"May 17, 11:00 pm",31.2728,219.787,188.515
"May 18, 12:00 am",31.2572,219.787,188.53
"May 18, 01:00 am",31.2411,219.787,188.546
"May 18, 02:00 am",31.2244,219.787,188.563
"May 18, 03:00 am",31.2069,219.787,188.58
"May 18, 04:00 am",31.188,219.787,188.599
"May 18, 05:00 am",31.1669,219.787,188.62
"May 18, 06:00 am",31.1412,219.787,188.646
"May 18, 07:00 am",28.6065,219.787,191.181
"May 18, 08:00 am",1.80274,219.787,217.985
"May 18, 09:00 am",1.69962,219.787,218.035
"May 18, 10:00 am",17.0491,219.787,202.685
"May 18, 11:00 am",39.1641,219.787,180.57
"May 18, 12:00 pm",62.8519,219.787,156.883
"May 18, 01:00 pm",52.7117,219.787,167.023
"May 18, 02:00 pm",52.5033,219.787,167.284
"May 18, 03:00 pm",52.4725,219.787,167.315
"May 18, 04:00 pm",52.4414,219.787,167.346
"May 18, 05:00 pm",52.4101,219.787,167.377
"May 18, 06:00 pm",52.3786,219.787,167.409
"May 18, 07:00 pm",52.3466,219.787,167.441
"May 18, 08:00 pm",52.3143,219.787,167.473
"May 18, 09:00 pm",52.2815,219.787,167.506
"May 18, 10:00 pm",52.248,219.787,167.539
"May 18, 11:00 pm",52.2138,219.787,167.574
"May 19, 12:00 am",52.1785,219.787,167.609
"May 19, 01:00 am",52.1419,219.787,167.645
"May 19, 02:00 am",52.1034,219.787,167.684
"May 19, 03:00 am",52.0619,219.787,167.725
"May 19, 04:00 am",52.0155,219.787,167.772
"May 19, 05:00 am",51.959,219.787,167.828
"May 19, 06:00 am",47.7255,219.787,172.062
"May 19, 07:00 am",2.95253,219.787,216.835
"May 19, 08:00 am",2.79587,219.787,216.991
"May 19, 09:00 am",2.64806,219.787,217.139
"May 19, 10:00 am",2.50861,219.787,217.279
"May 19, 11:00 am",2.37704,219.787,217.41
"May 19, 12:00 pm",2.42847,219.787,217.306
"May 19, 01:00 pm",2.6128,219.787,217.122
"May 19, 02:00 pm",2.45279,219.787,217.282
"May 19, 03:00 pm",2.49682,219.787,217.291
"May 19, 04:00 pm",2.50576,219.787,217.282
"May 19, 05:00 pm",2.51475,219.787,217.273
"May 19, 06:00 pm",2.52382,219.787,217.264
"May 19, 07:00 pm",2.53298,219.787,217.254
"May 19, 08:00 pm",2.54224,219.787,217.245
"May 19, 09:00 pm",2.55161,219.787,217.236
"May 19, 10:00 pm",2.56113,219.787,217.226
"May 19, 11:00 pm",2.57084,219.787,217.217
"May 20, 12:00 am",2.58076,219.787,217.207
"May 20, 01:00 am",2.59098,219.787,217.196
"May 20, 02:00 am",2.6016,219.787,217.186
"May 20, 03:00 am",2.61277,219.787,217.175
"May 20, 04:00 am",2.62479,219.787,217.163
"May 20, 05:00 am",2.63824,219.787,217.149
"May 20, 06:00 am",2.65462,219.787,217.133
"May 20, 07:00 am",2.44517,219.787,217.342
"May 20, 08:00 am",0.234999,219.787,219.552
"May 20, 09:00 am",0.231954,219.787,219.555
"May 20, 10:00 am",0.907521,219.787,218.827
"May 20, 11:00 am",2.02638,219.787,217.708
"May 20, 12:00 pm",3.25274,219.787,216.482
"May 20, 01:00 pm",4.34154,219.787,215.393
"May 20, 02:00 pm",4.97341,219.787,214.761
"May 20, 03:00 pm",5.70686,219.787,214.028
"May 20, 04:00 pm",5.34545,219.787,214.389
"May 20, 05:00 pm",5.34115,219.787,214.446
"May 20, 06:00 pm",5.34782,219.787,214.44
"May 20, 07:00 pm",5.35454,219.787,214.433
"May 20, 08:00 pm",5.36132,219.787,214.426
"May 20, 09:00 pm",5.36816,219.787,214.419
"May 20, 10:00 pm",5.37507,219.787,214.412
"May 20, 11:00 pm",5.38207,219.787,214.405
"May 21, 12:00 am",5.38918,219.787,214.398
"May 21, 01:00 am",5.39643,219.787,214.391
"May 21, 02:00 am",5.40385,219.787,214.383
"May 21, 03:00 am",5.41148,219.787,214.376
"May 21, 04:00 am",5.41941,219.787,214.368
"May 21, 05:00 am",5.42775,219.787,214.36
"May 21, 06:00 am",5.43673,219.787,214.351
"May 21, 07:00 am",5.44678,219.787,214.341
"May 21, 08:00 am",5.45901,219.787,214.328
"May 21, 09:00 am",5.02033,219.787,214.767
"May 21, 10:00 am",1.59946,219.787,218.135
"May 21, 11:00 am",3.65909,219.787,216.075
"May 21, 12:00 pm",6.63315,219.787,213.101
"May 21, 01:00 pm",8.09483,219.787,211.64
"May 21, 02:00 pm",8.93505,219.787,210.799
"May 21, 03:00 pm",9.27118,219.787,210.463
"May 21, 04:00 pm",14.0259,219.787,205.708
"May 21, 05:00 pm",12.6978,219.787,207.09
"May 21, 06:00 pm",12.6986,219.787,207.089
"May 21, 07:00 pm",12.6994,219.787,207.088
"May 21, 08:00 pm",12.7003,219.787,207.087
"May 21, 09:00 pm",12.7011,219.787,207.086
"May 21, 10:00 pm",12.702,219.787,207.085
"May 21, 11:00 pm",12.7028,219.787,207.085
"May 22, 12:00 am",12.7037,219.787,207.084
"May 22, 01:00 am",12.7046,219.787,207.083
"May 22, 02:00 am",12.7055,219.787,207.082
"May 22, 03:00 am",12.7065,219.787,207.081
"May 22, 04:00 am",12.7074,219.787,207.08
"May 22, 05:00 am",12.7085,219.787,207.079
"May 22, 06:00 am",12.7096,219.787,207.078
"May 22, 07:00 am",12.7108,219.787,207.077
"May 22, 08:00 am",12.7123,219.787,207.075
"May 22, 09:00 am",1.2636,219.787,218.471
"May 22, 10:00 am",2.78138,219.787,216.953
"May 22, 11:00 am",4.21863,219.787,215.516
"May 22, 12:00 pm",6.23333,219.787,213.501
"May 22, 01:00 pm",7.67374,219.787,212.061
"May 22, 02:00 pm",9.06461,219.787,210.67
"May 22, 03:00 pm",11.2106,219.787,208.524
"May 22, 04:00 pm",11.4697,219.787,208.265
"May 22, 05:00 pm",10.7957,219.787,208.939
"May 22, 06:00 pm",10.7642,219.787,209.023
"May 22, 07:00 pm",10.7666,219.787,209.021
"May 22, 08:00 pm",10.769,219.787,209.018
"May 22, 09:00 pm",10.7714,219.787,209.016
"May 22, 10:00 pm",10.7738,219.787,209.014
"May 22, 11:00 pm",10.7762,219.787,209.011
"May 23, 12:00 am",10.7787,219.787,209.009
"May 23, 01:00 am",10.7812,219.787,209.006
"May 23, 02:00 am",10.7838,219.787,209.004
"May 23, 03:00 am",10.7864,219.787,209.001
"May 23, 04:00 am",10.7891,219.787,208.998
"May 23, 05:00 am",10.7919,219.787,208.995
"May 23, 06:00 am",10.7949,219.787,208.992
"May 23, 07:00 am",10.7981,219.787,208.989
"May 23, 08:00 am",10.8016,219.787,208.986
"May 23, 09:00 am",2.43992,219.787,217.294
"May 23, 10:00 am",3.35604,219.787,216.378
"May 23, 11:00 am",4.3348,219.787,215.4
"May 23, 12:00 pm",5.96053,219.787,213.774
"May 23, 01:00 pm",6.78325,219.787,212.951
"May 23, 02:00 pm",8.00629,219.787,211.728
"May 23, 03:00 pm",8.55471,219.787,211.18
"May 23, 04:00 pm",8.59926,219.787,211.135
"May 23, 05:00 pm",8.54645,219.787,211.188
"May 23, 06:00 pm",8.02707,219.787,211.707
"May 23, 07:00 pm",8.059,219.787,211.728
"May 23, 08:00 pm",8.06352,219.787,211.724
"May 23, 09:00 pm",8.06806,219.787,211.719
"May 23, 10:00 pm",8.07265,219.787,211.715
"May 23, 11:00 pm",8.07727,219.787,211.71
"May 24, 12:00 am",8.08195,219.787,211.705
"May 24, 01:00 am",8.08668,219.787,211.701
"May 24, 02:00 am",8.09149,219.787,211.696
"May 24, 03:00 am",8.09639,219.787,211.691
"May 24, 04:00 am",8.10141,219.787,211.686
"May 24, 05:00 am",8.10657,219.787,211.681
"May 24, 06:00 am",8.11193,219.787,211.675
"May 24, 07:00 am",8.11758,219.787,211.67
"May 24, 08:00 am",8.12365,219.787,211.664
"May 24, 09:00 am",8.13044,219.787,211.657
"May 24, 10:00 am",1.6639,219.787,218.07
"May 24, 11:00 am",2.37978,219.787,217.355
"May 24, 12:00 pm",3.49586,219.787,216.239
"May 24, 01:00 pm",4.33172,219.787,215.403
"May 24, 02:00 pm",4.96283,219.787,214.772
"May 24, 03:00 pm",6.35607,219.787,213.378
"May 24, 04:00 pm",6.22175,219.787,213.513
"May 24, 05:00 pm",6.11407,219.787,213.673
"May 24, 06:00 pm",6.12013,219.787,213.667
"May 24, 07:00 pm",6.12623,219.787,213.661
"May 24, 08:00 pm",6.13238,219.787,213.655
"May 24, 09:00 pm",6.13859,219.787,213.649
"May 24, 10:00 pm",6.14487,219.787,213.642
"May 24, 11:00 pm",6.15122,219.787,213.636
"May 25, 12:00 am",6.15768,219.787,213.63
"May 25, 01:00 am",6.16426,219.787,213.623
"May 25, 02:00 am",6.17099,219.787,213.616
"May 25, 03:00 am",6.17792,219.787,213.609
"May 25, 04:00 am",6.18512,219.787,213.602
"May 25, 05:00 am",6.1927,219.787,213.595
"May 25, 06:00 am",6.20085,219.787,213.586
"May 25, 07:00 am",6.20997,219.787,213.577
"May 25, 08:00 am",6.22108,219.787,213.566
"May 25, 09:00 am",1.20468,219.787,218.53
"May 25, 10:00 am",2.63356,219.787,217.101
"May 25, 11:00 am",4.61029,219.787,215.124
"May 25, 12:00 pm",6.44726,219.787,213.287
"May 25, 01:00 pm",8.93537,219.787,210.799
"May 25, 02:00 pm",10.5445,219.787,209.19
"May 25, 03:00 pm",11.0089,219.787,208.725
"May 25, 04:00 pm",10.6129,219.787,209.122
"May 25, 05:00 pm",10.5134,219.787,209.274
"May 25, 06:00 pm",10.5159,219.787,209.271
"May 25, 07:00 pm",10.5185,219.787,209.269
"May 25, 08:00 pm",10.5211,219.787,209.266
"May 25, 09:00 pm",10.5237,219.787,209.264
"May 25, 10:00 pm",10.5264,219.787,209.261
"May 25, 11:00 pm",10.5291,219.787,209.258
"May 26, 12:00 am",10.5318,219.787,209.256
"May 26, 01:00 am",10.5346,219.787,209.253
"May 26, 02:00 am",10.5374,219.787,209.25
"May 26, 03:00 am",10.5404,219.787,209.247
"May 26, 04:00 am",10.5434,219.787,209.244
"May 26, 05:00 am",10.5466,219.787,209.241
"May 26, 06:00 am",10.5501,219.787,209.237
"May 26, 07:00 am",10.5539,219.787,209.233
"May 26, 08:00 am",10.5586,219.787,209.229
"May 26, 09:00 am",1.30294,219.787,218.431
"May 26, 10:00 am",2.08909,219.787,217.645
"May 26, 11:00 am",3.63236,219.787,216.102
"May 26, 12:00 pm",5.43411,219.787,214.3
"May 26, 01:00 pm",7.22765,219.787,212.507
"May 26, 02:00 pm",8.44721,219.787,211.287
"May 26, 03:00 pm",9.05526,219.787,210.679
"May 26, 04:00 pm",8.68168,219.787,211.053
"May 26, 05:00 pm",8.61325,219.787,211.174
"May 26, 06:00 pm",8.61732,219.787,211.17
"May 26, 07:00 pm",8.62142,219.787,211.166
"May 26, 08:00 pm",8.62556,219.787,211.162
"May 26, 09:00 pm",8.62973,219.787,211.158
"May 26, 10:00 pm",8.63395,219.787,211.153
"May 26, 11:00 pm",8.63822,219.787,211.149
"May 27, 12:00 am",8.64256,219.787,211.145
"May 27, 01:00 am",8.64699,219.787,211.14
"May 27, 02:00 am",8.65151,219.787,211.136
"May 27, 03:00 am",8.65617,219.787,211.131
"May 27, 04:00 am",8.66101,219.787,211.126
"May 27, 05:00 am",8.6661,219.787,211.121
"May 27, 06:00 am",8.67158,219.787,211.116
"May 27, 07:00 am",8.67771,219.787,211.11
"May 27, 08:00 am",8.68518,219.787,211.102
"May 27, 09:00 am",1.0867,219.787,218.648
"May 27, 10:00 am",1.85482,219.787,217.88
"May 27, 11:00 am",3.42809,219.787,216.306
"May 27, 12:00 pm",35.4815,219.787,184.253
"May 27, 01:00 pm",58.7573,219.787,160.977
"May 27, 02:00 pm",74.0723,219.787,145.662
"May 27, 03:00 pm",78.5181,219.787,141.216
"May 27, 04:00 pm",71.1668,219.787,148.568
"May 27, 05:00 pm",71.0389,219.787,148.748
"May 27, 06:00 pm",70.9934,219.787,148.794
"May 27, 07:00 pm",70.9475,219.787,148.84
"May 27, 08:00 pm",70.9013,219.787,148.886
"May 27, 09:00 pm",70.8546,219.787,148.933
"May 27, 10:00 pm",70.8074,219.787,148.98
"May 27, 11:00 pm",70.7596,219.787,149.028
"May 28, 12:00 am",70.7111,219.787,149.076
"May 28, 01:00 am",70.6616,219.787,149.126
"May 28, 02:00 am",70.611,219.787,149.176
"May 28, 03:00 am",70.5589,219.787,149.228
"May 28, 04:00 am",70.5048,219.787,149.283
"May 28, 05:00 am",70.4478,219.787,149.34
"May 28, 06:00 am",70.3865,219.787,149.401
"May 28, 07:00 am",70.318,219.787,149.469
"May 28, 08:00 am",70.2344,219.787,149.553
"May 28, 09:00 am",64.5111,219.787,155.276
"May 28, 10:00 am",17.7648,219.787,201.97
"May 28, 11:00 am",38.6007,219.787,181.134
"May 28, 12:00 pm",61.3584,219.787,158.376
"May 28, 01:00 pm",81.0723,219.787,138.662
"May 28, 02:00 pm",93.3637,219.787,126.371
"May 28, 03:00 pm",95.4142,219.787,124.32
"May 28, 04:00 pm",92.1958,219.787,127.592
"May 28, 05:00 pm",92.1335,219.787,127.654
"May 28, 06:00 pm",92.0707,219.787,127.717
"May 28, 07:00 pm",92.0073,219.787,127.78
"May 28, 08:00 pm",91.9434,219.787,127.844
"May 28, 09:00 pm",91.8788,219.787,127.909
"May 28, 10:00 pm",91.8134,219.787,127.974
"May 28, 11:00 pm",91.7469,219.787,128.04
"May 29, 12:00 am",91.6792,219.787,128.108
"May 29, 01:00 am",91.6099,219.787,128.177
"May 29, 02:00 am",91.5386,219.787,128.249
"May 29, 03:00 am",91.4645,219.787,128.323
"May 29, 04:00 am",91.3865,219.787,128.401
"May 29, 05:00 am",91.3026,219.787,128.485
"May 29, 06:00 am",91.2087,219.787,128.579
"May 29, 07:00 am",91.0943,219.787,128.693
"May 29, 08:00 am",83.638,219.787,136.149
"May 29, 09:00 am",4.49391,219.787,215.24
"May 29, 10:00 am",18.2381,219.787,201.496
"May 29, 11:00 am",39.0759,219.787,180.659
"May 29, 12:00 pm",61.6336,219.787,158.101
"May 29, 01:00 pm",80.9753,219.787,138.759
"May 29, 02:00 pm",92.9627,219.787,126.772
"May 29, 03:00 pm",94.6904,219.787,125.044
"May 29, 04:00 pm",91.5815,219.787,128.206
"May 29, 05:00 pm",91.5197,219.787,128.268
"May 29, 06:00 pm",91.4573,219.787,128.33
"May 29, 07:00 pm",91.3945,219.787,128.393
"May 29, 08:00 pm",91.3311,219.787,128.456
"May 29, 09:00 pm",91.267,219.787,128.52
"May 29, 10:00 pm",91.2021,219.787,128.585
"May 29, 11:00 pm",91.1361,219.787,128.651
"May 30, 12:00 am",91.0689,219.787,128.718
"May 30, 01:00 am",91.0002,219.787,128.787
"May 30, 02:00 am",90.9294,219.787,128.858
"May 30, 03:00 am",90.8559,219.787,128.931
"May 30, 04:00 am",90.7785,219.787,129.009
"May 30, 05:00 am",90.6953,219.787,129.092
"May 30, 06:00 am",90.6021,219.787,129.185
"May 30, 07:00 am",90.4887,219.787,129.299
"May 30, 08:00 am",83.0828,219.787,136.704
"May 30, 09:00 am",4.50276,219.787,215.232
"May 30, 10:00 am",18.0247,219.787,201.71
"May 30, 11:00 am",38.7218,219.787,181.013
"May 30, 12:00 pm",61.3289,219.787,158.406
"May 30, 01:00 pm",80.8263,219.787,138.908
"May 30, 02:00 pm",93.1338,219.787,126.601
"May 30, 03:00 pm",95.1254,219.787,124.609
"May 30, 04:00 pm",91.9285,219.787,127.859
"May 30, 05:00 pm",91.8664,219.787,127.921
"May 30, 06:00 pm",91.8038,219.787,127.984
"May 30, 07:00 pm",91.7407,219.787,128.047
"May 30, 08:00 pm",91.677,219.787,128.11
"May 30, 09:00 pm",91.6126,219.787,128.175
"May 30, 10:00 pm",91.5474,219.787,128.24
"May 30, 11:00 pm",91.4811,219.787,128.306
"May 31, 12:00 am",91.4137,219.787,128.374
"May 31, 01:00 am",91.3446,219.787,128.443
"May 31, 02:00 am",91.2735,219.787,128.514
"May 31, 03:00 am",91.1997,219.787,128.588
"May 31, 04:00 am",91.1219,219.787,128.665
"May 31, 05:00 am",91.0383,219.787,128.749
"May 31, 06:00 am",90.9447,219.787,128.843
"May 31, 07:00 am",90.8308,219.787,128.957
"May 31, 08:00 am",83.3962,219.787,136.391
"May 31, 09:00 am",4.78484,219.787,215.003
"May 31, 10:00 am",17.8365,219.787,201.898
"May 31, 11:00 am",14.9343,219.787,204.8
"May 31, 12:00 pm",14.6905,219.787,205.044
"May 31, 01:00 pm",14.0983,219.787,205.636
"May 31, 02:00 pm",13.9858,219.787,205.749
"May 31, 03:00 pm",13.3708,219.787,206.364
"May 31, 04:00 pm",13.337,219.787,206.45
"May 31, 05:00 pm",13.3373,219.787,206.45
"May 31, 06:00 pm",13.3376,219.787,206.45
"May 31, 07:00 pm",13.338,219.787,206.449
"May 31, 08:00 pm",13.3383,219.787,206.449
"May 31, 09:00 pm",13.3386,219.787,206.449
"May 31, 10:00 pm",13.3389,219.787,206.448
"May 31, 11:00 pm",13.3393,219.787,206.448
"Jun 1, 12:00 am",13.3396,219.787,206.448
"Jun 1, 01:00 am",13.34,219.787,206.447
"Jun 1, 02:00 am",13.3403,219.787,206.447
"Jun 1, 03:00 am",13.3407,219.787,206.447
"Jun 1, 04:00 am",13.3411,219.787,206.446
"Jun 1, 05:00 am",13.3416,219.787,206.446
"Jun 1, 06:00 am",13.342,219.787,206.445
"Jun 1, 07:00 am",13.3426,219.787,206.445
"Jun 1, 08:00 am",12.2606,219.787,207.527
"Jun 1, 09:00 am",1.49054,219.787,218.244
"Jun 1, 10:00 am",15.5189,219.787,204.216
"Jun 1, 11:00 am",36.5912,219.787,183.143
"Jun 1, 12:00 pm",59.5881,219.787,160.146
"Jun 1, 01:00 pm",79.7103,219.787,140.024
"Jun 1, 02:00 pm",92.8006,219.787,126.934
"Jun 1, 03:00 pm",95.507,219.787,124.227
"Jun 1, 04:00 pm",92.0874,219.787,127.7
"Jun 1, 05:00 pm",92.0251,219.787,127.762
"Jun 1, 06:00 pm",91.9624,219.787,127.825
"Jun 1, 07:00 pm",91.8992,219.787,127.888
"Jun 1, 08:00 pm",91.8353,219.787,127.952
"Jun 1, 09:00 pm",91.7708,219.787,128.017
"Jun 1, 10:00 pm",91.7055,219.787,128.082
"Jun 1, 11:00 pm",91.6391,219.787,128.148
"Jun 2, 12:00 am",91.5715,219.787,128.216
"Jun 2, 01:00 am",91.5023,219.787,128.285
"Jun 2, 02:00 am",91.431,219.787,128.356
"Jun 2, 03:00 am",91.357,219.787,128.43
"Jun 2, 04:00 am",91.2791,219.787,128.508
"Jun 2, 05:00 am",91.1954,219.787,128.592
"Jun 2, 06:00 am",91.1016,219.787,128.686
"Jun 2, 07:00 am",90.9874,219.787,128.8
"Jun 2, 08:00 am",83.5377,219.787,136.25
"Jun 2, 09:00 am",4.76878,219.787,215.019
"Jun 2, 10:00 am",17.7341,219.787,202
"Jun 2, 11:00 am",38.4734,219.787,181.261
"Jun 2, 12:00 pm",61.3405,219.787,158.394
"Jun 2, 01:00 pm",81.4916,219.787,138.243
"Jun 2, 02:00 pm",94.7131,219.787,125.021
"Jun 2, 03:00 pm",97.4563,219.787,122.278
"Jun 2, 04:00 pm",93.9843,219.787,125.803
"Jun 2, 05:00 pm",93.9205,219.787,125.867
"Jun 2, 06:00 pm",93.8563,219.787,125.931
"Jun 2, 07:00 pm",93.7915,219.787,125.996
"Jun 2, 08:00 pm",93.7262,219.787,126.061
"Jun 2, 09:00 pm",93.6601,219.787,126.127
"Jun 2, 10:00 pm",93.5931,219.787,126.194
"Jun 2, 11:00 pm",93.5251,219.787,126.262
"Jun 3, 12:00 am",93.4559,219.787,126.331
"Jun 3, 01:00 am",93.385,219.787,126.402
"Jun 3, 02:00 am",93.312,219.787,126.475
"Jun 3, 03:00 am",93.2363,219.787,126.551
"Jun 3, 04:00 am",93.1565,219.787,126.631
"Jun 3, 05:00 am",93.0707,219.787,126.717
"Jun 3, 06:00 am",92.9746,219.787,126.813
"Jun 3, 07:00 am",92.8577,219.787,126.93
"Jun 3, 08:00 am",85.2549,219.787,134.532
"Jun 3, 09:00 am",4.86712,219.787,214.92
"Jun 3, 10:00 am",5.68053,219.787,214.054
"Jun 3, 11:00 am",8.13151,219.787,211.603
"Jun 3, 12:00 pm",10.7186,219.787,209.016
"Jun 3, 01:00 pm",13.0869,219.787,206.647
"Jun 3, 02:00 pm",14.6089,219.787,205.126
"Jun 3, 03:00 pm",15.1619,219.787,204.573
"Jun 3, 04:00 pm",14.5003,219.787,205.234
"Jun 3, 05:00 pm",14.3836,219.787,205.404
"Jun 3, 06:00 pm",14.3831,219.787,205.404
"Jun 3, 07:00 pm",14.3825,219.787,205.405
"Jun 3, 08:00 pm",14.382,219.787,205.405
"Jun 3, 09:00 pm",14.3815,219.787,205.406
"Jun 3, 10:00 pm",14.381,219.787,205.406
"Jun 3, 11:00 pm",14.3804,219.787,205.407
"Jun 4, 12:00 am",14.3799,219.787,205.407
"Jun 4, 01:00 am",14.3793,219.787,205.408
"Jun 4, 02:00 am",14.3787,219.787,205.409
"Jun 4, 03:00 am",14.3781,219.787,205.409
"Jun 4, 04:00 am",14.3775,219.787,205.41
"Jun 4, 05:00 am",14.3769,219.787,205.41
"Jun 4, 06:00 am",14.3762,219.787,205.411
"Jun 4, 07:00 am",14.3754,219.787,205.412
"Jun 4, 08:00 am",14.3745,219.787,205.413
"Jun 4, 09:00 am",13.2075,219.787,206.58
"Jun 4, 10:00 am",14.1456,219.787,205.589
"Jun 4, 11:00 am",34.9644,219.787,184.77
"Jun 4, 12:00 pm",57.8416,219.787,161.893
"Jun 4, 01:00 pm",77.9884,219.787,141.746
"Jun 4, 02:00 pm",91.0924,219.787,128.642
"Jun 4, 03:00 pm",93.7362,219.787,125.998
"Jun 4, 04:00 pm",90.3643,219.787,129.423
"Jun 4, 05:00 pm",90.3034,219.787,129.484
"Jun 4, 06:00 pm",90.2421,219.787,129.545
"Jun 4, 07:00 pm",90.1803,219.787,129.607
"Jun 4, 08:00 pm",90.1178,219.787,129.669
"Jun 4, 09:00 pm",90.0547,219.787,129.733
"Jun 4, 10:00 pm",89.9908,219.787,129.797
"Jun 4, 11:00 pm",89.9259,219.787,129.861
"Jun 5, 12:00 am",89.8598,219.787,129.928
"Jun 5, 01:00 am",89.7921,219.787,129.995
"Jun 5, 02:00 am",89.7224,219.787,130.065
"Jun 5, 03:00 am",89.65,219.787,130.137
"Jun 5, 04:00 am",89.5739,219.787,130.213
"Jun 5, 05:00 am",89.4919,219.787,130.295
"Jun 5, 06:00 am",89.4002,219.787,130.387
"Jun 5, 07:00 am",89.2886,219.787,130.499
"Jun 5, 08:00 am",81.9779,219.787,137.809
"Jun 5, 09:00 am",4.6795,219.787,215.108
"Jun 5, 10:00 am",18.3706,219.787,201.364
"Jun 5, 11:00 am",39.9941,219.787,179.74
"Jun 5, 12:00 pm",63.854,219.787,155.88
"Jun 5, 01:00 pm",84.7871,219.787,134.947
"Jun 5, 02:00 pm",98.4336,219.787,121.301
"Jun 5, 03:00 pm",101.212,219.787,118.522
"Jun 5, 04:00 pm",97.6241,219.787,122.163
"Jun 5, 05:00 pm",97.5574,219.787,122.23
"Jun 5, 06:00 pm",97.4903,219.787,122.297
"Jun 5, 07:00 pm",97.4226,219.787,122.365
"Jun 5, 08:00 pm",97.3543,219.787,122.433
"Jun 5, 09:00 pm",97.2852,219.787,122.502
"Jun 5, 10:00 pm",97.2152,219.787,122.572
"Jun 5, 11:00 pm",97.1441,219.787,122.643
"Jun 6, 12:00 am",97.0717,219.787,122.716
"Jun 6, 01:00 am",96.9976,219.787,122.79
"Jun 6, 02:00 am",96.9214,219.787,122.866
"Jun 6, 03:00 am",96.8421,219.787,122.945
"Jun 6, 04:00 am",96.7588,219.787,123.029
"Jun 6, 05:00 am",96.6691,219.787,123.118
"Jun 6, 06:00 am",96.5687,219.787,123.219
"Jun 6, 07:00 am",96.4464,219.787,123.341
"Jun 6, 08:00 am",88.5498,219.787,131.238
"Jun 6, 09:00 am",5.05404,219.787,214.733
"Jun 6, 10:00 am",17.5797,219.787,202.155
"Jun 6, 11:00 am",38.1404,219.787,181.594
"Jun 6, 12:00 pm",32.4689,219.787,187.266
"Jun 6, 01:00 pm",31.1913,219.787,188.543
"Jun 6, 02:00 pm",29.9942,219.787,189.74
"Jun 6, 03:00 pm",28.2845,219.787,191.45
"Jun 6, 04:00 pm",30.1907,219.787,189.544
"Jun 6, 05:00 pm",29.3536,219.787,190.434
"Jun 6, 06:00 pm",29.3412,219.787,190.446
"Jun 6, 07:00 pm",29.3287,219.787,190.459
"Jun 6, 08:00 pm",29.3161,219.787,190.471
"Jun 6, 09:00 pm",29.3033,219.787,190.484
"Jun 6, 10:00 pm",29.2905,219.787,190.497
"Jun 6, 11:00 pm",29.2775,219.787,190.51
"Jun 7, 12:00 am",29.2642,219.787,190.523
"Jun 7, 01:00 am",29.2507,219.787,190.537
"Jun 7, 02:00 am",29.237,219.787,190.55
"Jun 7, 03:00 am",29.2228,219.787,190.565
"Jun 7, 04:00 am",29.208,219.787,190.579
"Jun 7, 05:00 am",29.1925,219.787,190.595
"Jun 7, 06:00 am",29.1758,219.787,190.612
"Jun 7, 07:00 am",29.1571,219.787,190.63
"Jun 7, 08:00 am",29.1343,219.787,190.653
"Jun 7, 09:00 am",26.7561,219.787,193.031
"Jun 7, 10:00 am",1.61158,219.787,218.176
"Jun 7, 11:00 am",1.53072,219.787,218.257
"Jun 7, 12:00 pm",1.45443,219.787,218.333
"Jun 7, 01:00 pm",2.02797,219.787,217.706
"Jun 7, 02:00 pm",2.24708,219.787,217.487
"Jun 7, 03:00 pm",18.8187,219.787,200.916
"Jun 7, 04:00 pm",17.5166,219.787,202.218
"Jun 7, 05:00 pm",16.6525,219.787,203.135
"Jun 7, 06:00 pm",16.6502,219.787,203.137
"Jun 7, 07:00 pm",16.6479,219.787,203.139
"Jun 7, 08:00 pm",16.6455,219.787,203.142
"Jun 7, 09:00 pm",16.6431,219.787,203.144
"Jun 7, 10:00 pm",16.6407,219.787,203.147
"Jun 7, 11:00 pm",16.6383,219.787,203.149
"Jun 8, 12:00 am",16.6358,219.787,203.152
"Jun 8, 01:00 am",16.6333,219.787,203.154
"Jun 8, 02:00 am",16.6307,219.787,203.157
"Jun 8, 03:00 am",16.6281,219.787,203.159
"Jun 8, 04:00 am",16.6253,219.787,203.162
"Jun 8, 05:00 am",16.6224,219.787,203.165
"Jun 8, 06:00 am",16.6193,219.787,203.168
"Jun 8, 07:00 am",16.6158,219.787,203.172
"Jun 8, 08:00 am",16.6116,219.787,203.176
"Jun 8, 09:00 am",15.2544,219.787,204.533
"Jun 8, 10:00 am",13.3722,219.787,206.362
"Jun 8, 11:00 am",33.4461,219.787,186.288
"Jun 8, 12:00 pm",55.5675,219.787,164.167
"Jun 8, 01:00 pm",74.8826,219.787,144.852
"Jun 8, 02:00 pm",87.1833,219.787,132.551
"Jun 8, 03:00 pm",89.2066,219.787,130.528
"Jun 8, 04:00 pm",86.1202,219.787,133.667
"Jun 8, 05:00 pm",86.0627,219.787,133.725
"Jun 8, 06:00 pm",86.0047,219.787,133.783
"Jun 8, 07:00 pm",85.9463,219.787,133.841
"Jun 8, 08:00 pm",85.8873,219.787,133.9
"Jun 8, 09:00 pm",85.8277,219.787,133.96
"Jun 8, 10:00 pm",85.7673,219.787,134.02
"Jun 8, 11:00 pm",85.706,219.787,134.081
"Jun 9, 12:00 am",85.6436,219.787,134.144
"Jun 9, 01:00 am",85.5796,219.787,134.208
"Jun 9, 02:00 am",85.5138,219.787,134.274
"Jun 9, 03:00 am",85.4454,219.787,134.342
"Jun 9, 04:00 am",85.3735,219.787,134.414
"Jun 9, 05:00 am",85.2961,219.787,134.491
"Jun 9, 06:00 am",85.2095,219.787,134.578
"Jun 9, 07:00 am",85.104,219.787,134.683
"Jun 9, 08:00 am",78.1376,219.787,141.65
"Jun 9, 09:00 am",4.47822,219.787,215.309
"Jun 9, 10:00 am",16.2001,219.787,203.534
"Jun 9, 11:00 am",36.1311,219.787,183.603
"Jun 9, 12:00 pm",58.3553,219.787,161.379
"Jun 9, 01:00 pm",78.0116,219.787,141.723
"Jun 9, 02:00 pm",90.8287,219.787,128.906
"Jun 9, 03:00 pm",93.2247,219.787,126.51
"Jun 9, 04:00 pm",89.9438,219.787,129.844
"Jun 9, 05:00 pm",89.8832,219.787,129.904
"Jun 9, 06:00 pm",89.8222,219.787,129.965
"Jun 9, 07:00 pm",89.7607,219.787,130.027
"Jun 9, 08:00 pm",89.6987,219.787,130.089
"Jun 9, 09:00 pm",89.6359,219.787,130.151
"Jun 9, 10:00 pm",89.5723,219.787,130.215
"Jun 9, 11:00 pm",89.5078,219.787,130.28
"Jun 10, 12:00 am",89.442,219.787,130.345
"Jun 10, 01:00 am",89.3747,219.787,130.413
"Jun 10, 02:00 am",89.3054,219.787,130.482
"Jun 10, 03:00 am",89.2334,219.787,130.554
"Jun 10, 04:00 am",89.1577,219.787,130.63
"Jun 10, 05:00 am",89.0762,219.787,130.711
"Jun 10, 06:00 am",88.985,219.787,130.802
"Jun 10, 07:00 am",88.8739,219.787,130.913
"Jun 10, 08:00 am",81.5981,219.787,138.189
"Jun 10, 09:00 am",4.66653,219.787,215.121
"Jun 10, 10:00 am",16.5998,219.787,203.135
"Jun 10, 11:00 am",36.8162,219.787,182.918
"Jun 10, 12:00 pm",59.3018,219.787,160.433
"Jun 10, 01:00 pm",79.1539,219.787,140.58
"Jun 10, 02:00 pm",92.1068,219.787,127.628
"Jun 10, 03:00 pm",94.6175,219.787,125.117
"Jun 10, 04:00 pm",91.2729,219.787,128.514
"Jun 10, 05:00 pm",91.2113,219.787,128.576
"Jun 10, 06:00 pm",91.1492,219.787,128.638
"Jun 10, 07:00 pm",91.0867,219.787,128.701
"Jun 10, 08:00 pm",91.0235,219.787,128.764
"Jun 10, 09:00 pm",90.9596,219.787,128.828
"Jun 10, 10:00 pm",90.895,219.787,128.892
"Jun 10, 11:00 pm",90.8293,219.787,128.958
"Jun 11, 12:00 am",90.7624,219.787,129.025
"Jun 11, 01:00 am",90.6939,219.787,129.093
"Jun 11, 02:00 am",90.6234,219.787,129.164
"Jun 11, 03:00 am",90.5502,219.787,129.237
"Jun 11, 04:00 am",90.4731,219.787,129.314
"Jun 11, 05:00 am",90.3902,219.787,129.397
"Jun 11, 06:00 am",90.2974,219.787,129.49
"Jun 11, 07:00 am",90.1844,219.787,129.603
"Jun 11, 08:00 am",82.801,219.787,136.986
"Jun 11, 09:00 am",4.73242,219.787,215.055
"Jun 11, 10:00 am",17.3773,219.787,202.357
"Jun 11, 11:00 am",38.4044,219.787,181.33
"Jun 11, 12:00 pm",61.8458,219.787,157.889
"Jun 11, 01:00 pm",82.5154,219.787,137.219
"Jun 11, 02:00 pm",96.139,219.787,123.595
"Jun 11, 03:00 pm",98.8942,219.787,120.84
"Jun 11, 04:00 pm",95.362,219.787,124.425
"Jun 11, 05:00 pm",95.2972,219.787,124.49
"Jun 11, 06:00 pm",95.2318,219.787,124.556
"Jun 11, 07:00 pm",95.1659,219.787,124.621
"Jun 11, 08:00 pm",95.0995,219.787,124.688
"Jun 11, 09:00 pm",95.0322,219.787,124.755
"Jun 11, 10:00 pm",94.9641,219.787,124.823
"Jun 11, 11:00 pm",94.895,219.787,124.892
"Jun 12, 12:00 am",94.8246,219.787,124.963
"Jun 12, 01:00 am",94.7525,219.787,125.035
"Jun 12, 02:00 am",94.6782,219.787,125.109
"Jun 12, 03:00 am",94.6012,219.787,125.186
"Jun 12, 04:00 am",94.52,219.787,125.267
"Jun 12, 05:00 am",94.4327,219.787,125.355
"Jun 12, 06:00 am",94.3351,219.787,125.452
"Jun 12, 07:00 am",94.2161,219.787,125.571
"Jun 12, 08:00 am",86.5019,219.787,133.285
"Jun 12, 09:00 am",4.93607,219.787,214.851
"Jun 12, 10:00 am",16.7856,219.787,202.949
"Jun 12, 11:00 am",37.2672,219.787,182.467
"Jun 12, 12:00 pm",60.1572,219.787,159.577
"Jun 12, 01:00 pm",80.2244,219.787,139.51
"Jun 12, 02:00 pm",93.1704,219.787,126.564
"Jun 12, 03:00 pm",95.3583,219.787,124.376
"Jun 12, 04:00 pm",92.07,219.787,127.717
"Jun 12, 05:00 pm",92.0077,219.787,127.78
"Jun 12, 06:00 pm",91.945,219.787,127.842
"Jun 12, 07:00 pm",91.8818,219.787,127.906
"Jun 12, 08:00 pm",91.818,219.787,127.969
"Jun 12, 09:00 pm",91.7535,219.787,128.034
"Jun 12, 10:00 pm",91.6882,219.787,128.099
"Jun 12, 11:00 pm",91.6218,219.787,128.166
"Jun 13, 12:00 am",91.5542,219.787,128.233
"Jun 13, 01:00 am",91.485,219.787,128.302
"Jun 13, 02:00 am",91.4138,219.787,128.374
"Jun 13, 03:00 am",91.3398,219.787,128.448
"Jun 13, 04:00 am",91.2619,219.787,128.525
"Jun 13, 05:00 am",91.1782,219.787,128.609
"Jun 13, 06:00 am",91.0844,219.787,128.703
"Jun 13, 07:00 am",90.9703,219.787,128.817
"Jun 13, 08:00 am",83.5233,219.787,136.264
"Jun 13, 09:00 am",4.78244,219.787,215.005
"Jun 13, 10:00 am",4.56833,219.787,215.166
"Jun 13, 11:00 am",5.96797,219.787,213.766
"Jun 13, 12:00 pm",36.1276,219.787,183.607
"Jun 13, 01:00 pm",58.4231,219.787,161.311
"Jun 13, 02:00 pm",73.0932,219.787,146.641
"Jun 13, 03:00 pm",77.05,219.787,142.684
"Jun 13, 04:00 pm",73.5786,219.787,146.209
"Jun 13, 05:00 pm",73.531,219.787,146.256
"Jun 13, 06:00 pm",73.4831,219.787,146.304
"Jun 13, 07:00 pm",73.4348,219.787,146.353
"Jun 13, 08:00 pm",73.3861,219.787,146.401
"Jun 13, 09:00 pm",73.3368,219.787,146.451
"Jun 13, 10:00 pm",73.2869,219.787,146.5
"Jun 13, 11:00 pm",73.2362,219.787,146.551
"Jun 14, 12:00 am",73.1845,219.787,146.603
"Jun 14, 01:00 am",73.1317,219.787,146.656
"Jun 14, 02:00 am",73.0772,219.787,146.71
"Jun 14, 03:00 am",73.0207,219.787,146.767
"Jun 14, 04:00 am",72.9612,219.787,146.826
"Jun 14, 05:00 am",72.8973,219.787,146.89
"Jun 14, 06:00 am",72.8257,219.787,146.962
"Jun 14, 07:00 am",72.7384,219.787,147.049
"Jun 14, 08:00 am",66.7767,219.787,153.011
"Jun 14, 09:00 am",3.7468,219.787,216.041
"Jun 14, 10:00 am",3.54524,219.787,216.242
"Jun 14, 11:00 am",3.35507,219.787,216.432
"Jun 14, 12:00 pm",3.17565,219.787,216.612
"Jun 14, 01:00 pm",3.00638,219.787,216.781
"Jun 14, 02:00 pm",2.84667,219.787,216.941
"Jun 14, 03:00 pm",2.69599,219.787,217.091
"Jun 14, 04:00 pm",2.55383,219.787,217.234
"Jun 14, 05:00 pm",2.41971,219.787,217.368
"Jun 14, 06:00 pm",2.29316,219.787,217.494
"Jun 14, 07:00 pm",2.17377,219.787,217.614
"Jun 14, 08:00 pm",2.06113,219.787,217.726
"Jun 14, 09:00 pm",1.95486,219.787,217.832
"Jun 14, 10:00 pm",1.8546,219.787,217.933
"Jun 14, 11:00 pm",1.76,219.787,218.027
"Jun 15, 12:00 am",1.67075,219.787,218.117
"Jun 15, 01:00 am",1.58654,219.787,218.201
"Jun 15, 02:00 am",1.5071,219.787,218.28
"Jun 15, 03:00 am",1.43214,219.787,218.355
"Jun 15, 04:00 am",1.36142,219.787,218.426
"Jun 15, 05:00 am",1.2947,219.787,218.493
"Jun 15, 06:00 am",1.23176,219.787,218.556
"Jun 15, 07:00 am",1.17237,219.787,218.615
"Jun 15, 08:00 am",1.11633,219.787,218.671
"Jun 15, 09:00 am",1.06347,219.787,218.724
"Jun 15, 10:00 am",12.3087,219.787,207.426
"Jun 15, 11:00 am",31.1722,219.787,188.562
"Jun 15, 12:00 pm",52.2084,219.787,167.526
"Jun 15, 01:00 pm",70.7121,219.787,149.022
"Jun 15, 02:00 pm",82.3572,219.787,137.377
"Jun 15, 03:00 pm",84.2729,219.787,135.461
"Jun 15, 04:00 pm",81.3551,219.787,138.432
"Jun 15, 05:00 pm",81.3013,219.787,138.486
"Jun 15, 06:00 pm",81.2472,219.787,138.54
"Jun 15, 07:00 pm",81.1926,219.787,138.595
"Jun 15, 08:00 pm",81.1376,219.787,138.65
"Jun 15, 09:00 pm",81.0819,219.787,138.705
"Jun 15, 10:00 pm",81.0255,219.787,138.762
"Jun 15, 11:00 pm",80.9682,219.787,138.819
"Jun 16, 12:00 am",80.9098,219.787,138.878
"Jun 16, 01:00 am",80.8501,219.787,138.937
"Jun 16, 02:00 am",80.7886,219.787,138.999
"Jun 16, 03:00 am",80.7248,219.787,139.063
"Jun 16, 04:00 am",80.6575,219.787,139.13
"Jun 16, 05:00 am",80.5852,219.787,139.202
"Jun 16, 06:00 am",80.5043,219.787,139.283
"Jun 16, 07:00 am",80.4058,219.787,139.382
"Jun 16, 08:00 am",73.8243,219.787,145.963
"Jun 16, 09:00 am",4.23533,219.787,215.552
"Jun 16, 10:00 am",4.00615,219.787,215.781
"Jun 16, 11:00 am",4.56245,219.787,215.172
"Jun 16, 12:00 pm",6.58032,219.787,213.154
"Jun 16, 01:00 pm",6.98098,219.787,212.753
"Jun 16, 02:00 pm",7.35807,219.787,212.376
"Jun 16, 03:00 pm",7.4256,219.787,212.309
"Jun 16, 04:00 pm",7.30295,219.787,212.484
"Jun 16, 05:00 pm",7.30806,219.787,212.479
"Jun 16, 06:00 pm",7.31321,219.787,212.474
"Jun 16, 07:00 pm",7.3184,219.787,212.469
"Jun 16, 08:00 pm",7.32364,219.787,212.464
"Jun 16, 09:00 pm",7.32894,219.787,212.458
"Jun 16, 10:00 pm",7.33431,219.787,212.453
"Jun 16, 11:00 pm",7.33976,219.787,212.448
"Jun 17, 12:00 am",7.34531,219.787,212.442
"Jun 17, 01:00 am",7.351,219.787,212.436
"Jun 17, 02:00 am",7.35685,219.787,212.43
"Jun 17, 03:00 am",7.36292,219.787,212.424
"Jun 17, 04:00 am",7.36932,219.787,212.418
"Jun 17, 05:00 am",7.3762,219.787,212.411
"Jun 17, 06:00 am",7.3839,219.787,212.403
"Jun 17, 07:00 am",7.39327,219.787,212.394
"Jun 17, 08:00 am",6.79561,219.787,212.992
"Jun 17, 09:00 am",0.480344,219.787,219.307
"Jun 17, 10:00 am",12.3689,219.787,207.366
"Jun 17, 11:00 am",31.42,219.787,188.314
"Jun 17, 12:00 pm",52.6844,219.787,167.05
"Jun 17, 01:00 pm",71.0686,219.787,148.666
"Jun 17, 02:00 pm",82.6914,219.787,137.043
"Jun 17, 03:00 pm",84.8541,219.787,134.88
"Jun 17, 04:00 pm",81.8703,219.787,137.917
"Jun 17, 05:00 pm",81.8161,219.787,137.971
"Jun 17, 06:00 pm",81.7616,219.787,138.026
"Jun 17, 07:00 pm",81.7066,219.787,138.081
"Jun 17, 08:00 pm",81.6511,219.787,138.136
"Jun 17, 09:00 pm",81.595,219.787,138.192
"Jun 17, 10:00 pm",81.5381,219.787,138.249
"Jun 17, 11:00 pm",81.4804,219.787,138.307
"Jun 18, 12:00 am",81.4216,219.787,138.366
"Jun 18, 01:00 am",81.3614,219.787,138.426
"Jun 18, 02:00 am",81.2995,219.787,138.488
"Jun 18, 03:00 am",81.2351,219.787,138.552
"Jun 18, 04:00 am",81.1674,219.787,138.62
"Jun 18, 05:00 am",81.0945,219.787,138.693
"Jun 18, 06:00 am",81.013,219.787,138.774
"Jun 18, 07:00 am",80.9137,219.787,138.874
"Jun 18, 08:00 am",74.2902,219.787,145.497
"Jun 18, 09:00 am",4.25628,219.787,215.531
"Jun 18, 10:00 am",4.02592,219.787,215.761
"Jun 18, 11:00 am",3.70971,219.787,216.025
"Jun 18, 12:00 pm",3.99377,219.787,215.741
"Jun 18, 01:00 pm",4.59564,219.787,215.139
"Jun 18, 02:00 pm",5.00826,219.787,214.726
"Jun 18, 03:00 pm",5.10686,219.787,214.628
"Jun 18, 04:00 pm",5.02264,219.787,214.765
"Jun 18, 05:00 pm",5.02957,219.787,214.758
"Jun 18, 06:00 pm",5.03654,219.787,214.751
"Jun 18, 07:00 pm",5.04358,219.787,214.744
"Jun 18, 08:00 pm",5.05067,219.787,214.737
"Jun 18, 09:00 pm",5.05785,219.787,214.729
"Jun 18, 10:00 pm",5.06512,219.787,214.722
"Jun 18, 11:00 pm",5.0725,219.787,214.715
"Jun 19, 12:00 am",5.08002,219.787,214.707
"Jun 19, 01:00 am",5.08772,219.787,214.7
"Jun 19, 02:00 am",5.09564,219.787,214.692
"Jun 19, 03:00 am",5.10387,219.787,214.683
"Jun 19, 04:00 am",5.11253,219.787,214.675
"Jun 19, 05:00 am",5.12185,219.787,214.665
"Jun 19, 06:00 am",5.13228,219.787,214.655
"Jun 19, 07:00 am",5.14498,219.787,214.642
"Jun 19, 08:00 am",4.73109,219.787,215.056
"Jun 19, 09:00 am",0.359417,219.787,219.428
"Jun 19, 10:00 am",0.349338,219.787,219.438
"Jun 19, 11:00 am",0.33983,219.787,219.448
"Jun 19, 12:00 pm",0.298185,219.787,219.436
"Jun 19, 01:00 pm",29.7076,219.787,190.027
"Jun 19, 02:00 pm",45.7653,219.787,173.969
"Jun 19, 03:00 pm",51.4452,219.787,168.289
"Jun 19, 04:00 pm",45.954,219.787,173.78
"Jun 19, 05:00 pm",45.8096,219.787,173.978
"Jun 19, 06:00 pm",45.7841,219.787,174.003
"Jun 19, 07:00 pm",45.7584,219.787,174.029
"Jun 19, 08:00 pm",45.7325,219.787,174.055
"Jun 19, 09:00 pm",45.7064,219.787,174.081
"Jun 19, 10:00 pm",45.68,219.787,174.107
"Jun 19, 11:00 pm",45.6532,219.787,174.134
"Jun 20, 12:00 am",45.6261,219.787,174.161
"Jun 20, 01:00 am",45.5984,219.787,174.189
"Jun 20, 02:00 am",45.57,219.787,174.217
"Jun 20, 03:00 am",45.5409,219.787,174.246
"Jun 20, 04:00 am",45.5106,219.787,174.277
"Jun 20, 05:00 am",45.4787,219.787,174.309
"Jun 20, 06:00 am",45.4444,219.787,174.343
"Jun 20, 07:00 am",45.406,219.787,174.381
"Jun 20, 08:00 am",45.3593,219.787,174.428
"Jun 20, 09:00 am",41.6647,219.787,178.123
"Jun 20, 10:00 am",2.59213,219.787,217.195
"Jun 20, 11:00 am",2.45584,219.787,217.332
"Jun 20, 12:00 pm",2.32725,219.787,217.46
"Jun 20, 01:00 pm",2.20594,219.787,217.581
"Jun 20, 02:00 pm",2.09148,219.787,217.696
"Jun 20, 03:00 pm",1.98349,219.787,217.804
"Jun 20, 04:00 pm",1.8816,219.787,217.906
"Jun 20, 05:00 pm",1.78548,219.787,218.002
"Jun 20, 06:00 pm",1.69479,219.787,218.093
"Jun 20, 07:00 pm",1.60922,219.787,218.178
"Jun 20, 08:00 pm",1.5285,219.787,218.259
"Jun 20, 09:00 pm",1.45233,219.787,218.335
"Jun 20, 10:00 pm",1.38047,219.787,218.407
"Jun 20, 11:00 pm",1.31268,219.787,218.475
"Jun 21, 12:00 am",1.24871,219.787,218.539
"Jun 21, 01:00 am",1.18836,219.787,218.599
"Jun 21, 02:00 am",1.13143,219.787,218.656
"Jun 21, 03:00 am",1.07771,219.787,218.71
"Jun 21, 04:00 am",1.02703,219.787,218.76
"Jun 21, 05:00 am",0.979209,219.787,218.808
"Jun 21, 06:00 am",0.934095,219.787,218.853
"Jun 21, 07:00 am",0.891531,219.787,218.896
"Jun 21, 08:00 am",0.851373,219.787,218.936
"Jun 21, 09:00 am",0.813485,219.787,218.974
"Jun 21, 10:00 am",0.777739,219.787,219.01
"Jun 21, 11:00 am",1.09198,219.787,218.642
"Jun 21, 12:00 pm",2.41727,219.787,217.317
"Jun 21, 01:00 pm",4.38477,219.787,215.35
"Jun 21, 02:00 pm",30.4459,219.787,189.288
"Jun 21, 03:00 pm",39.33,219.787,180.404
"Jun 21, 04:00 pm",35.5886,219.787,184.146
"Jun 21, 05:00 pm",35.0225,219.787,184.765
"Jun 21, 06:00 pm",35.0056,219.787,184.782
"Jun 21, 07:00 pm",34.9886,219.787,184.799
"Jun 21, 08:00 pm",34.9714,219.787,184.816
"Jun 21, 09:00 pm",34.954,219.787,184.833
"Jun 21, 10:00 pm",34.9365,219.787,184.851
"Jun 21, 11:00 pm",34.9188,219.787,184.869
"Jun 22, 12:00 am",34.9007,219.787,184.887
"Jun 22, 01:00 am",34.8824,219.787,184.905
"Jun 22, 02:00 am",34.8636,219.787,184.924
"Jun 22, 03:00 am",34.8442,219.787,184.943
"Jun 22, 04:00 am",34.8241,219.787,184.963
"Jun 22, 05:00 am",34.8029,219.787,184.984
"Jun 22, 06:00 am",34.7802,219.787,185.007
"Jun 22, 07:00 am",34.7547,219.787,185.033
"Jun 22, 08:00 am",34.7237,219.787,185.064
"Jun 22, 09:00 am",31.8923,219.787,187.895
"Jun 22, 10:00 am",1.95297,219.787,217.834
"Jun 22, 11:00 am",1.90555,219.787,217.829
"Jun 22, 12:00 pm",1.91842,219.787,217.869
"Jun 22, 01:00 pm",2.44969,219.787,217.285
"Jun 22, 02:00 pm",2.74076,219.787,216.994
"Jun 22, 03:00 pm",2.56157,219.787,217.173
"Jun 22, 04:00 pm",2.59689,219.787,217.19
"Jun 22, 05:00 pm",2.60574,219.787,217.182
"Jun 22, 06:00 pm",2.61466,219.787,217.173
"Jun 22, 07:00 pm",2.62365,219.787,217.164
"Jun 22, 08:00 pm",2.63273,219.787,217.155
"Jun 22, 09:00 pm",2.6419,219.787,217.145
"Jun 22, 10:00 pm",2.65119,219.787,217.136
"Jun 22, 11:00 pm",2.66063,219.787,217.127
"Jun 23, 12:00 am",2.67024,219.787,217.117
"Jun 23, 01:00 am",2.68008,219.787,217.107
"Jun 23, 02:00 am",2.69021,219.787,217.097
"Jun 23, 03:00 am",2.70073,219.787,217.087
"Jun 23, 04:00 am",2.71181,219.787,217.076
"Jun 23, 05:00 am",2.72372,219.787,217.064
"Jun 23, 06:00 am",2.73705,219.787,217.05
"Jun 23, 07:00 am",2.75328,219.787,217.034
"Jun 23, 08:00 am",2.53569,219.787,217.252
"Jun 23, 09:00 am",0.239524,219.787,219.548
"Jun 23, 10:00 am",11.3411,219.787,208.393
"Jun 23, 11:00 am",30.9709,219.787,188.763
"Jun 23, 12:00 pm",53.1422,219.787,166.592
"Jun 23, 01:00 pm",72.8551,219.787,146.879
"Jun 23, 02:00 pm",85.7171,219.787,134.017
"Jun 23, 03:00 pm",88.2668,219.787,131.468
"Jun 23, 04:00 pm",85.0427,219.787,134.745
"Jun 23, 05:00 pm",84.9861,219.787,134.801
"Jun 23, 06:00 pm",84.929,219.787,134.858
"Jun 23, 07:00 pm",84.8714,219.787,134.916
"Jun 23, 08:00 pm",84.8134,219.787,134.974
"Jun 23, 09:00 pm",84.7546,219.787,135.033
"Jun 23, 10:00 pm",84.6952,219.787,135.092
"Jun 23, 11:00 pm",84.6348,219.787,135.153
"Jun 24, 12:00 am",84.5732,219.787,135.214
"Jun 24, 01:00 am",84.5102,219.787,135.277
"Jun 24, 02:00 am",84.4454,219.787,135.342
"Jun 24, 03:00 am",84.3781,219.787,135.409
"Jun 24, 04:00 am",84.3072,219.787,135.48
"Jun 24, 05:00 am",84.2309,219.787,135.556
"Jun 24, 06:00 am",84.1456,219.787,135.642
"Jun 24, 07:00 am",84.0417,219.787,135.746
"Jun 24, 08:00 am",77.1605,219.787,142.627
"Jun 24, 09:00 am",4.40375,219.787,215.384
"Jun 24, 10:00 am",15.2048,219.787,204.53
"Jun 24, 11:00 am",34.4758,219.787,185.259
"Jun 24, 12:00 pm",56.2271,219.787,163.507
"Jun 24, 01:00 pm",75.5995,219.787,144.135
"Jun 24, 02:00 pm",88.21,219.787,131.524
"Jun 24, 03:00 pm",82.3188,219.787,137.469
"Jun 24, 04:00 pm",82.2643,219.787,137.523
"Jun 24, 05:00 pm",82.2094,219.787,137.578
"Jun 24, 06:00 pm",82.1541,219.787,137.633
"Jun 24, 07:00 pm",82.0982,219.787,137.689
"Jun 24, 08:00 pm",82.0417,219.787,137.746
"Jun 24, 09:00 pm",81.9845,219.787,137.803
"Jun 24, 10:00 pm",81.9264,219.787,137.861
"Jun 24, 11:00 pm",81.8672,219.787,137.92
"Jun 25, 12:00 am",81.8067,219.787,137.981
"Jun 25, 01:00 am",81.7443,219.787,138.043
"Jun 25, 02:00 am",81.6795,219.787,138.108
"Jun 25, 03:00 am",81.6114,219.787,138.176
"Jun 25, 04:00 am",81.538,219.787,138.249
"Jun 25, 05:00 am",81.456,219.787,138.331
"Jun 25, 06:00 am",81.356,219.787,138.431
"Jun 25, 07:00 am",74.6667,219.787,145.121
"Jun 25, 08:00 am",3.95759,219.787,215.83
"Jun 25, 09:00 am",3.74411,219.787,216.043
"Jun 25, 10:00 am",3.5427,219.787,216.245
"Jun 25, 11:00 am",3.35268,219.787,216.435
"Jun 25, 12:00 pm",3.5006,219.787,216.234
"Jun 25, 01:00 pm",3.87535,219.787,215.859
"Jun 25, 02:00 pm",29.4267,219.787,190.308
"Jun 25, 03:00 pm",38.1395,219.787,181.595
"Jun 25, 04:00 pm",34.9433,219.787,184.791
"Jun 25, 05:00 pm",34.2854,219.787,185.502
"Jun 25, 06:00 pm",34.2691,219.787,185.518
"Jun 25, 07:00 pm",34.2527,219.787,185.535
"Jun 25, 08:00 pm",34.2361,219.787,185.551
"Jun 25, 09:00 pm",34.2193,219.787,185.568
"Jun 25, 10:00 pm",34.2024,219.787,185.585
"Jun 25, 11:00 pm",34.1853,219.787,185.602
"Jun 26, 12:00 am",34.1679,219.787,185.619
"Jun 26, 01:00 am",34.1501,219.787,185.637
"Jun 26, 02:00 am",34.132,219.787,185.655
"Jun 26, 03:00 am",34.1133,219.787,185.674
"Jun 26, 04:00 am",34.0939,219.787,185.693
"Jun 26, 05:00 am",34.0735,219.787,185.714
"Jun 26, 06:00 am",34.0515,219.787,185.736
"Jun 26, 07:00 am",34.0269,219.787,185.76
"Jun 26, 08:00 am",33.9969,219.787,185.79
"Jun 26, 09:00 am",31.2239,219.787,188.563
"Jun 26, 10:00 am",1.76042,219.787,217.974
"Jun 26, 11:00 am",2.70183,219.787,217.033
"Jun 26, 12:00 pm",31.6583,219.787,188.076
"Jun 26, 01:00 pm",53.2137,219.787,166.521
"Jun 26, 02:00 pm",67.7529,219.787,151.981
"Jun 26, 03:00 pm",72.3659,219.787,147.369
"Jun 26, 04:00 pm",65.6441,219.787,154.09
"Jun 26, 05:00 pm",65.4853,219.787,154.302
"Jun 26, 06:00 pm",65.4442,219.787,154.343
"Jun 26, 07:00 pm",65.4028,219.787,154.385
"Jun 26, 08:00 pm",65.361,219.787,154.426
"Jun 26, 09:00 pm",65.3189,219.787,154.468
"Jun 26, 10:00 pm",65.2762,219.787,154.511
"Jun 26, 11:00 pm",65.2331,219.787,154.554
"Jun 27, 12:00 am",65.1892,219.787,154.598
"Jun 27, 01:00 am",65.1446,219.787,154.643
"Jun 27, 02:00 am",65.0989,219.787,154.688
"Jun 27, 03:00 am",65.0518,219.787,154.736
"Jun 27, 04:00 am",65.0029,219.787,154.784
"Jun 27, 05:00 am",64.9515,219.787,154.836
"Jun 27, 06:00 am",64.8962,219.787,154.891
"Jun 27, 07:00 am",64.8342,219.787,154.953
"Jun 27, 08:00 am",64.7588,219.787,155.029
"Jun 27, 09:00 am",59.4818,219.787,160.306
"Jun 27, 10:00 am",3.67084,219.787,216.117
"Jun 27, 11:00 am",3.38118,219.787,216.353
"Jun 27, 12:00 pm",3.90157,219.787,215.833
"Jun 27, 01:00 pm",4.75045,219.787,214.984
"Jun 27, 02:00 pm",5.90681,219.787,213.828
"Jun 27, 03:00 pm",5.78612,219.787,213.948
"Jun 27, 04:00 pm",5.49603,219.787,214.238
"Jun 27, 05:00 pm",5.51318,219.787,214.274
"Jun 27, 06:00 pm",5.51972,219.787,214.268
"Jun 27, 07:00 pm",5.5263,219.787,214.261
"Jun 27, 08:00 pm",5.53294,219.787,214.254
"Jun 27, 09:00 pm",5.53964,219.787,214.248
"Jun 27, 10:00 pm",5.54641,219.787,214.241
"Jun 27, 11:00 pm",5.55327,219.787,214.234
"Jun 28, 12:00 am",5.56024,219.787,214.227
"Jun 28, 01:00 am",5.56733,219.787,214.22
"Jun 28, 02:00 am",5.5746,219.787,214.213
"Jun 28, 03:00 am",5.58207,219.787,214.205
"Jun 28, 04:00 am",5.58984,219.787,214.198
"Jun 28, 05:00 am",5.59802,219.787,214.189
"Jun 28, 06:00 am",5.60681,219.787,214.181
"Jun 28, 07:00 am",5.61665,219.787,214.171
"Jun 28, 08:00 am",5.62863,219.787,214.159
"Jun 28, 09:00 am",5.17633,219.787,214.611
"Jun 28, 10:00 am",0.397624,219.787,219.39
"Jun 28, 11:00 am",0.385385,219.787,219.402
"Jun 28, 12:00 pm",0.373839,219.787,219.413
"Jun 28, 01:00 pm",0.362945,219.787,219.424
"Jun 28, 02:00 pm",0.352668,219.787,219.435
"Jun 28, 03:00 pm",0.342971,219.787,219.444
"Jun 28, 04:00 pm",0.333822,219.787,219.454
"Jun 28, 05:00 pm",0.32519,219.787,219.462
"Jun 28, 06:00 pm",0.317047,219.787,219.47
"Jun 28, 07:00 pm",0.309363,219.787,219.478
"Jun 28, 08:00 pm",0.302114,219.787,219.485
"Jun 28, 09:00 pm",0.295275,219.787,219.492
"Jun 28, 10:00 pm",0.288823,219.787,219.499
"Jun 28, 11:00 pm",0.282735,219.787,219.505
"Jun 29, 12:00 am",0.276991,219.787,219.51
"Jun 29, 01:00 am",0.271572,219.787,219.516
"Jun 29, 02:00 am",0.266459,219.787,219.521
"Jun 29, 03:00 am",0.261636,219.787,219.526
"Jun 29, 04:00 am",0.257085,219.787,219.53
"Jun 29, 05:00 am",0.252791,219.787,219.535
"Jun 29, 06:00 am",0.24874,219.787,219.539
"Jun 29, 07:00 am",0.244918,219.787,219.542
"Jun 29, 08:00 am",0.241312,219.787,219.546
"Jun 29, 09:00 am",0.23791,219.787,219.549
"Jun 29, 10:00 am",11.2222,219.787,208.512
"Jun 29, 11:00 am",30.3634,219.787,189.371
"Jun 29, 12:00 pm",24.4896,219.787,195.245
"Jun 29, 01:00 pm",23.4075,219.787,196.327
"Jun 29, 02:00 pm",22.0188,219.787,197.716
"Jun 29, 03:00 pm",22.0514,219.787,197.736
"Jun 29, 04:00 pm",22.0448,219.787,197.743
"Jun 29, 05:00 pm",22.0381,219.787,197.749
"Jun 29, 06:00 pm",22.0314,219.787,197.756
"Jun 29, 07:00 pm",22.0247,219.787,197.763
"Jun 29, 08:00 pm",22.0178,219.787,197.77
"Jun 29, 09:00 pm",22.0109,219.787,197.776
"Jun 29, 10:00 pm",22.0038,219.787,197.784
"Jun 29, 11:00 pm",21.9967,219.787,197.791
"Jun 30, 12:00 am",21.9893,219.787,197.798
"Jun 30, 01:00 am",21.9817,219.787,197.806
"Jun 30, 02:00 am",21.9739,219.787,197.813
"Jun 30, 03:00 am",21.9656,219.787,197.822
"Jun 30, 04:00 am",21.9567,219.787,197.831
"Jun 30, 05:00 am",21.9468,219.787,197.841
"Jun 30, 06:00 am",21.9347,219.787,197.853
"Jun 30, 07:00 am",20.1525,219.787,199.635
"Jun 30, 08:00 am",1.30737,219.787,218.48
"Jun 30, 09:00 am",1.24371,219.787,218.544
"Jun 30, 10:00 am",1.18364,219.787,218.604
"Jun 30, 11:00 am",1.12697,219.787,218.66
"Jun 30, 12:00 pm",1.15796,219.787,218.576
"Jun 30, 01:00 pm",1.37589,219.787,218.359
"Jun 30, 02:00 pm",1.38844,219.787,218.346
"Jun 30, 03:00 pm",1.87595,219.787,217.858
"Jun 30, 04:00 pm",1.7909,219.787,217.996
"Jun 30, 05:00 pm",1.8004,219.787,217.987
"Jun 30, 06:00 pm",1.80996,219.787,217.977
"Jun 30, 07:00 pm",1.8196,219.787,217.968
"Jun 30, 08:00 pm",1.82933,219.787,217.958
"Jun 30, 09:00 pm",1.83917,219.787,217.948
"Jun 30, 10:00 pm",1.84913,219.787,217.938
"Jun 30, 11:00 pm",1.85925,219.787,217.928
"Jul 1, 12:00 am",1.86956,219.787,217.918
"Jul 1, 01:00 am",1.88011,219.787,217.907
"Jul 1, 02:00 am",1.89098,219.787,217.896
"Jul 1, 03:00 am",1.90226,219.787,217.885
"Jul 1, 04:00 am",1.91413,219.787,217.873
"Jul 1, 05:00 am",1.92691,219.787,217.86
"Jul 1, 06:00 am",1.9412,219.787,217.846
"Jul 1, 07:00 am",1.95861,219.787,217.829
"Jul 1, 08:00 am",1.80461,219.787,217.983
"Jul 1, 09:00 am",0.181886,219.787,219.605
"Jul 1, 10:00 am",0.864695,219.787,218.87
"Jul 1, 11:00 am",2.48802,219.787,217.246
"Jul 1, 12:00 pm",31.3802,219.787,188.354
"Jul 1, 01:00 pm",52.878,219.787,166.856
"Jul 1, 02:00 pm",67.1933,219.787,152.541
"Jul 1, 03:00 pm",71.5532,219.787,148.181
"Jul 1, 04:00 pm",64.741,219.787,154.993
"Jul 1, 05:00 pm",64.6367,219.787,155.151
"Jul 1, 06:00 pm",64.5962,219.787,155.191
"Jul 1, 07:00 pm",64.5555,219.787,155.232
"Jul 1, 08:00 pm",64.5144,219.787,155.273
"Jul 1, 09:00 pm",64.473,219.787,155.314
"Jul 1, 10:00 pm",64.431,219.787,155.356
"Jul 1, 11:00 pm",64.3886,219.787,155.399
"Jul 2, 12:00 am",64.3455,219.787,155.442
"Jul 2, 01:00 am",64.3015,219.787,155.486
"Jul 2, 02:00 am",64.2566,219.787,155.531
"Jul 2, 03:00 am",64.2103,219.787,155.577
"Jul 2, 04:00 am",64.1622,219.787,155.625
"Jul 2, 05:00 am",64.1116,219.787,155.676
"Jul 2, 06:00 am",64.0572,219.787,155.73
"Jul 2, 07:00 am",63.9963,219.787,155.791
"Jul 2, 08:00 am",63.9221,219.787,155.865
"Jul 2, 09:00 am",58.7139,219.787,161.073
"Jul 2, 10:00 am",3.6303,219.787,216.157
"Jul 2, 11:00 am",3.43533,219.787,216.352
"Jul 2, 12:00 pm",3.2314,219.787,216.503
"Jul 2, 01:00 pm",3.34846,219.787,216.386
"Jul 2, 02:00 pm",3.32536,219.787,216.462
"Jul 2, 03:00 pm",3.33364,219.787,216.454
"Jul 2, 04:00 pm",3.34197,219.787,216.445
"Jul 2, 05:00 pm",3.35037,219.787,216.437
"Jul 2, 06:00 pm",3.35885,219.787,216.428
"Jul 2, 07:00 pm",3.36743,219.787,216.42
"Jul 2, 08:00 pm",3.37611,219.787,216.411
"Jul 2, 09:00 pm",3.38493,219.787,216.402
"Jul 2, 10:00 pm",3.39392,219.787,216.393
"Jul 2, 11:00 pm",3.40311,219.787,216.384
"Jul 3, 12:00 am",3.41258,219.787,216.375
"Jul 3, 01:00 am",3.42241,219.787,216.365
"Jul 3, 02:00 am",3.43276,219.787,216.355
"Jul 3, 03:00 am",3.4439,219.787,216.343
"Jul 3, 04:00 am",3.45635,219.787,216.331
"Jul 3, 05:00 am",3.47153,219.787,216.316
"Jul 3, 06:00 am",3.19476,219.787,216.593
"Jul 3, 07:00 am",0.273026,219.787,219.514
"Jul 3, 08:00 am",0.267831,219.787,219.52
"Jul 3, 09:00 am",0.262929,219.787,219.524
"Jul 3, 10:00 am",0.512501,219.787,219.222
"Jul 3, 11:00 am",0.638907,219.787,219.095
"Jul 3, 12:00 pm",0.613893,219.787,219.121
"Jul 3, 01:00 pm",1.40868,219.787,218.326
"Jul 3, 02:00 pm",1.78969,219.787,217.945
"Jul 3, 03:00 pm",2.31061,219.787,217.424
"Jul 3, 04:00 pm",2.18284,219.787,217.605
"Jul 3, 05:00 pm",2.19203,219.787,217.595
"Jul 3, 06:00 pm",2.20128,219.787,217.586
"Jul 3, 07:00 pm",2.2106,219.787,217.577
"Jul 3, 08:00 pm",2.22001,219.787,217.567
"Jul 3, 09:00 pm",2.22953,219.787,217.558
"Jul 3, 10:00 pm",2.23916,219.787,217.548
"Jul 3, 11:00 pm",2.24895,219.787,217.538
"Jul 4, 12:00 am",2.25892,219.787,217.528
"Jul 4, 01:00 am",2.26913,219.787,217.518
"Jul 4, 02:00 am",2.27963,219.787,217.508
"Jul 4, 03:00 am",2.29055,219.787,217.497
"Jul 4, 04:00 am",2.30203,219.787,217.485
"Jul 4, 05:00 am",2.31439,219.787,217.473
"Jul 4, 06:00 am",2.32821,219.787,217.459
"Jul 4, 07:00 am",2.34505,219.787,217.442
"Jul 4, 08:00 am",2.15909,219.787,217.628
"Jul 4, 09:00 am",0.198655,219.787,219.589
"Jul 4, 10:00 am",0.739856,219.787,218.995
"Jul 4, 11:00 am",2.34077,219.787,217.394
"Jul 4, 12:00 pm",32.9605,219.787,186.774
"Jul 4, 01:00 pm",55.9073,219.787,163.827
"Jul 4, 02:00 pm",71.4772,219.787,148.257
"Jul 4, 03:00 pm",76.6217,219.787,143.113
"Jul 4, 04:00 pm",69.6486,219.787,150.086
"Jul 4, 05:00 pm",69.4241,219.787,150.363
"Jul 4, 06:00 pm",69.3799,219.787,150.407
"Jul 4, 07:00 pm",69.3353,219.787,150.452
"Jul 4, 08:00 pm",69.2904,219.787,150.497
"Jul 4, 09:00 pm",69.245,219.787,150.542
"Jul 4, 10:00 pm",69.1992,219.787,150.588
"Jul 4, 11:00 pm",69.1527,219.787,150.635
"Jul 5, 12:00 am",69.1055,219.787,150.682
"Jul 5, 01:00 am",69.0575,219.787,150.73
"Jul 5, 02:00 am",69.0083,219.787,150.779
"Jul 5, 03:00 am",68.9576,219.787,150.83
"Jul 5, 04:00 am",68.905,219.787,150.882
"Jul 5, 05:00 am",68.8497,219.787,150.938
"Jul 5, 06:00 am",68.7901,219.787,150.997
"Jul 5, 07:00 am",68.7235,219.787,151.064
"Jul 5, 08:00 am",68.6423,219.787,151.145
"Jul 5, 09:00 am",63.0479,219.787,156.739
"Jul 5, 10:00 am",3.8798,219.787,215.908
"Jul 5, 11:00 am",3.42811,219.787,216.306
"Jul 5, 12:00 pm",4.69197,219.787,215.042
"Jul 5, 01:00 pm",6.39829,219.787,213.336
"Jul 5, 02:00 pm",7.47187,219.787,212.263
"Jul 5, 03:00 pm",8.21477,219.787,211.52
"Jul 5, 04:00 pm",7.58205,219.787,212.152
"Jul 5, 05:00 pm",7.58964,219.787,212.198
"Jul 5, 06:00 pm",7.59453,219.787,212.193
"Jul 5, 07:00 pm",7.59945,219.787,212.188
"Jul 5, 08:00 pm",7.60441,219.787,212.183
"Jul 5, 09:00 pm",7.60942,219.787,212.178
"Jul 5, 10:00 pm",7.61448,219.787,212.173
"Jul 5, 11:00 pm",7.61961,219.787,212.168
"Jul 6, 12:00 am",7.62481,219.787,212.163
"Jul 6, 01:00 am",7.63012,219.787,212.157
"Jul 6, 02:00 am",7.63555,219.787,212.152
"Jul 6, 03:00 am",7.64114,219.787,212.146
"Jul 6, 04:00 am",7.64694,219.787,212.14
"Jul 6, 05:00 am",7.65305,219.787,212.134
"Jul 6, 06:00 am",7.65963,219.787,212.128
"Jul 6, 07:00 am",7.66698,219.787,212.12
"Jul 6, 08:00 am",7.67594,219.787,212.111
"Jul 6, 09:00 am",7.05655,219.787,212.731
"Jul 6, 10:00 am",0.59307,219.787,219.141
"Jul 6, 11:00 am",3.2473,219.787,216.487
"Jul 6, 12:00 pm",33.0639,219.787,186.671
"Jul 6, 01:00 pm",55.5262,219.787,164.208
"Jul 6, 02:00 pm",70.8618,219.787,148.873
"Jul 6, 03:00 pm",76.154,219.787,143.58
"Jul 6, 04:00 pm",69.932,219.787,149.802
"Jul 6, 05:00 pm",69.5266,219.787,150.261
"Jul 6, 06:00 pm",69.4822,219.787,150.305
"Jul 6, 07:00 pm",69.4376,219.787,150.35
"Jul 6, 08:00 pm",69.3925,219.787,150.395
"Jul 6, 09:00 pm",69.3471,219.787,150.44
"Jul 6, 10:00 pm",69.3011,219.787,150.486
"Jul 6, 11:00 pm",69.2546,219.787,150.533
"Jul 7, 12:00 am",69.2074,219.787,150.58
"Jul 7, 01:00 am",69.1592,219.787,150.628
"Jul 7, 02:00 am",69.1099,219.787,150.677
"Jul 7, 03:00 am",69.0592,219.787,150.728
"Jul 7, 04:00 am",69.0065,219.787,150.781
"Jul 7, 05:00 am",68.951,219.787,150.836
"Jul 7, 06:00 am",68.8914,219.787,150.896
"Jul 7, 07:00 am",68.8246,219.787,150.963
"Jul 7, 08:00 am",68.7433,219.787,151.044
"Jul 7, 09:00 am",63.1388,219.787,156.649
"Jul 7, 10:00 am",3.86529,219.787,215.922
"Jul 7, 11:00 am",3.65703,219.787,216.13
"Jul 7, 12:00 pm",3.37997,219.787,216.354
"Jul 7, 01:00 pm",3.22858,219.787,216.506
"Jul 7, 02:00 pm",3.27286,219.787,216.514
"Jul 7, 03:00 pm",3.41289,219.787,216.322
"Jul 7, 04:00 pm",3.36028,219.787,216.427
"Jul 7, 05:00 pm",3.36853,219.787,216.419
"Jul 7, 06:00 pm",3.37684,219.787,216.411
"Jul 7, 07:00 pm",3.38521,219.787,216.402
"Jul 7, 08:00 pm",3.39366,219.787,216.394
"Jul 7, 09:00 pm",3.40221,219.787,216.385
"Jul 7, 10:00 pm",3.41086,219.787,216.376
"Jul 7, 11:00 pm",3.41965,219.787,216.368
"Jul 8, 12:00 am",3.42861,219.787,216.359
"Jul 8, 01:00 am",3.43777,219.787,216.35
"Jul 8, 02:00 am",3.44721,219.787,216.34
"Jul 8, 03:00 am",3.45701,219.787,216.33
"Jul 8, 04:00 am",3.46732,219.787,216.32
"Jul 8, 05:00 am",3.47842,219.787,216.309
"Jul 8, 06:00 am",3.49083,219.787,216.297
"Jul 8, 07:00 am",3.50596,219.787,216.281
"Jul 8, 08:00 am",3.22608,219.787,216.561
"Jul 8, 09:00 am",0.271661,219.787,219.516
"Jul 8, 10:00 am",0.266543,219.787,219.521
"Jul 8, 11:00 am",0.964249,219.787,218.77
"Jul 8, 12:00 pm",31.9854,219.787,187.749
"Jul 8, 01:00 pm",55.1165,219.787,164.618
"Jul 8, 02:00 pm",70.9357,219.787,148.799
"Jul 8, 03:00 pm",76.5051,219.787,143.229
"Jul 8, 04:00 pm",69.9855,219.787,149.749
"Jul 8, 05:00 pm",69.6239,219.787,150.163
"Jul 8, 06:00 pm",69.5795,219.787,150.208
"Jul 8, 07:00 pm",69.5348,219.787,150.253
"Jul 8, 08:00 pm",69.4897,219.787,150.298
"Jul 8, 09:00 pm",69.4441,219.787,150.343
"Jul 8, 10:00 pm",69.3981,219.787,150.389
"Jul 8, 11:00 pm",69.3515,219.787,150.436
"Jul 9, 12:00 am",69.3041,219.787,150.483
"Jul 9, 01:00 am",69.2559,219.787,150.531
"Jul 9, 02:00 am",69.2065,219.787,150.581
"Jul 9, 03:00 am",69.1557,219.787,150.632
"Jul 9, 04:00 am",69.1029,219.787,150.684
"Jul 9, 05:00 am",69.0474,219.787,150.74
"Jul 9, 06:00 am",68.9876,219.787,150.8
"Jul 9, 07:00 am",68.9208,219.787,150.867
"Jul 9, 08:00 am",68.8393,219.787,150.948
"Jul 9, 09:00 am",63.2274,219.787,156.56
"Jul 9, 10:00 am",15.0084,219.787,204.726
"Jul 9, 11:00 am",34.885,219.787,184.849
"Jul 9, 12:00 pm",57.6903,219.787,162.044
"Jul 9, 01:00 pm",78.0114,219.787,141.723
"Jul 9, 02:00 pm",91.7117,219.787,128.023
"Jul 9, 03:00 pm",95.5839,219.787,124.151
"Jul 9, 04:00 pm",87.515,219.787,132.219
"Jul 9, 05:00 pm",87.3023,219.787,132.485
"Jul 9, 06:00 pm",87.2439,219.787,132.543
"Jul 9, 07:00 pm",87.185,219.787,132.602
"Jul 9, 08:00 pm",87.1256,219.787,132.662
"Jul 9, 09:00 pm",87.0657,219.787,132.722
"Jul 9, 10:00 pm",87.0051,219.787,132.782
"Jul 9, 11:00 pm",86.9437,219.787,132.844
"Jul 10, 12:00 am",86.8814,219.787,132.906
"Jul 10, 01:00 am",86.8179,219.787,132.969
"Jul 10, 02:00 am",86.7529,219.787,133.034
"Jul 10, 03:00 am",86.686,219.787,133.101
"Jul 10, 04:00 am",86.6166,219.787,133.171
"Jul 10, 05:00 am",86.5434,219.787,133.244
"Jul 10, 06:00 am",86.4648,219.787,133.323
"Jul 10, 07:00 am",86.3767,219.787,133.411
"Jul 10, 08:00 am",86.2695,219.787,133.518
"Jul 10, 09:00 am",79.2374,219.787,140.55
"Jul 10, 10:00 am",5.21703,219.787,214.517
"Jul 10, 11:00 am",6.75885,219.787,212.976
"Jul 10, 12:00 pm",37.7229,219.787,182.012
"Jul 10, 01:00 pm",60.9231,219.787,158.811
"Jul 10, 02:00 pm",76.7699,219.787,142.965
"Jul 10, 03:00 pm",82.1599,219.787,137.575
"Jul 10, 04:00 pm",75.4387,219.787,144.296
"Jul 10, 05:00 pm",75.0282,219.787,144.759
"Jul 10, 06:00 pm",74.9795,219.787,144.808
"Jul 10, 07:00 pm",74.9304,219.787,144.857
"Jul 10, 08:00 pm",74.881,219.787,144.906
"Jul 10, 09:00 pm",74.831,219.787,144.956
"Jul 10, 10:00 pm",74.7806,219.787,145.007
"Jul 10, 11:00 pm",74.7294,219.787,145.058
"Jul 11, 12:00 am",74.6775,219.787,145.11
"Jul 11, 01:00 am",74.6246,219.787,145.163
"Jul 11, 02:00 am",74.5705,219.787,145.217
"Jul 11, 03:00 am",74.5147,219.787,145.273
"Jul 11, 04:00 am",74.4569,219.787,145.33
"Jul 11, 05:00 am",74.3959,219.787,145.391
"Jul 11, 06:00 am",74.3304,219.787,145.457
"Jul 11, 07:00 am",74.2571,219.787,145.53
"Jul 11, 08:00 am",74.1677,219.787,145.62
"Jul 11, 09:00 am",68.1207,219.787,151.667
"Jul 11, 10:00 am",16.2819,219.787,203.452
"Jul 11, 11:00 am",36.935,219.787,182.799
"Jul 11, 12:00 pm",60.3063,219.787,159.428
"Jul 11, 01:00 pm",80.7623,219.787,138.972
"Jul 11, 02:00 pm",73.0404,219.787,146.747
"Jul 11, 03:00 pm",72.9933,219.787,146.794
"Jul 11, 04:00 pm",72.9458,219.787,146.842
"Jul 11, 05:00 pm",72.8979,219.787,146.889
"Jul 11, 06:00 pm",72.8496,219.787,146.938
"Jul 11, 07:00 pm",72.8008,219.787,146.987
"Jul 11, 08:00 pm",72.7513,219.787,147.036
"Jul 11, 09:00 pm",72.7011,219.787,147.086
"Jul 11, 10:00 pm",72.6499,219.787,147.137
"Jul 11, 11:00 pm",72.5975,219.787,147.19
"Jul 12, 12:00 am",72.5436,219.787,147.244
"Jul 12, 01:00 am",72.4876,219.787,147.3
"Jul 12, 02:00 am",72.4286,219.787,147.359
"Jul 12, 03:00 am",72.3652,219.787,147.422
"Jul 12, 04:00 am",72.2943,219.787,147.493
"Jul 12, 05:00 am",72.2078,219.787,147.58
"Jul 12, 06:00 am",66.2459,219.787,153.541
"Jul 12, 07:00 am",3.24456,219.787,216.543
"Jul 12, 08:00 am",3.07139,219.787,216.716
"Jul 12, 09:00 am",2.90801,219.787,216.879
"Jul 12, 10:00 am",2.75387,219.787,217.033
"Jul 12, 11:00 am",2.7188,219.787,217.016
"Jul 12, 12:00 pm",5.37991,219.787,214.354
"Jul 12, 01:00 pm",7.26004,219.787,212.474
"Jul 12, 02:00 pm",33.463,219.787,186.271
"Jul 12, 03:00 pm",42.9449,219.787,176.79
"Jul 12, 04:00 pm",38.5758,219.787,181.212
"Jul 12, 05:00 pm",38.556,219.787,181.231
"Jul 12, 06:00 pm",38.5361,219.787,181.251
"Jul 12, 07:00 pm",38.5161,219.787,181.271
"Jul 12, 08:00 pm",38.4959,219.787,181.291
"Jul 12, 09:00 pm",38.4754,219.787,181.312
"Jul 12, 10:00 pm",38.4547,219.787,181.333
"Jul 12, 11:00 pm",38.4336,219.787,181.354
"Jul 13, 12:00 am",38.4122,219.787,181.375
"Jul 13, 01:00 am",38.3903,219.787,181.397
"Jul 13, 02:00 am",38.3677,219.787,181.42
"Jul 13, 03:00 am",38.3442,219.787,181.443
"Jul 13, 04:00 am",38.3195,219.787,181.468
"Jul 13, 05:00 am",38.293,219.787,181.494
"Jul 13, 06:00 am",38.2633,219.787,181.524
"Jul 13, 07:00 am",38.2271,219.787,181.56
"Jul 13, 08:00 am",35.0711,219.787,184.716
"Jul 13, 09:00 am",1.72514,219.787,218.062
"Jul 13, 10:00 am",1.63786,219.787,218.149
"Jul 13, 11:00 am",2.9511,219.787,216.783
"Jul 13, 12:00 pm",4.58377,219.787,215.151
"Jul 13, 01:00 pm",5.76242,219.787,213.972
"Jul 13, 02:00 pm",6.38278,219.787,213.352
"Jul 13, 03:00 pm",6.35198,219.787,213.382
"Jul 13, 04:00 pm",6.25024,219.787,213.537
"Jul 13, 05:00 pm",6.25619,219.787,213.531
"Jul 13, 06:00 pm",6.26218,219.787,213.525
"Jul 13, 07:00 pm",6.26823,219.787,213.519
"Jul 13, 08:00 pm",6.27432,219.787,213.513
"Jul 13, 09:00 pm",6.28049,219.787,213.507
"Jul 13, 10:00 pm",6.28673,219.787,213.501
"Jul 13, 11:00 pm",6.29308,219.787,213.494
"Jul 14, 12:00 am",6.29954,219.787,213.488
"Jul 14, 01:00 am",6.30615,219.787,213.481
"Jul 14, 02:00 am",6.31296,219.787,213.474
"Jul 14, 03:00 am",6.32003,219.787,213.467
"Jul 14, 04:00 am",6.32747,219.787,213.46
"Jul 14, 05:00 am",6.33547,219.787,213.452
"Jul 14, 06:00 am",6.34443,219.787,213.443
"Jul 14, 07:00 am",6.35534,219.787,213.432
"Jul 14, 08:00 am",5.84255,219.787,213.945
"Jul 14, 09:00 am",0.424871,219.787,219.362
"Jul 14, 10:00 am",0.411092,219.787,219.376
"Jul 14, 11:00 am",0.398093,219.787,219.389
"Jul 14, 12:00 pm",0.385828,219.787,219.402
"Jul 14, 01:00 pm",0.374257,219.787,219.413
"Jul 14, 02:00 pm",0.363339,219.787,219.424
"Jul 14, 03:00 pm",0.353039,219.787,219.434
"Jul 14, 04:00 pm",0.343321,219.787,219.444
"Jul 14, 05:00 pm",0.334153,219.787,219.453
"Jul 14, 06:00 pm",0.325503,219.787,219.462
"Jul 14, 07:00 pm",0.317341,219.787,219.47
"Jul 14, 08:00 pm",0.309641,219.787,219.478
"Jul 14, 09:00 pm",0.302377,219.787,219.485
"Jul 14, 10:00 pm",0.295523,219.787,219.492
"Jul 14, 11:00 pm",0.289056,219.787,219.498
"Jul 15, 12:00 am",0.282955,219.787,219.504
"Jul 15, 01:00 am",0.277199,219.787,219.51
"Jul 15, 02:00 am",0.271768,219.787,219.516
"Jul 15, 03:00 am",0.266644,219.787,219.521
"Jul 15, 04:00 am",0.26181,219.787,219.526
"Jul 15, 05:00 am",0.257249,219.787,219.53
"Jul 15, 06:00 am",0.252946,219.787,219.534
"Jul 15, 07:00 am",0.248886,219.787,219.538
"Jul 15, 08:00 am",0.245056,219.787,219.542
"Jul 15, 09:00 am",0.241442,219.787,219.546
"Jul 15, 10:00 am",11.1571,219.787,208.577
"Jul 15, 11:00 am",30.3748,219.787,189.36
"Jul 15, 12:00 pm",23.9626,219.787,195.772
"Jul 15, 01:00 pm",22.9932,219.787,196.741
"Jul 15, 02:00 pm",22.9135,219.787,196.874
"Jul 15, 03:00 pm",22.9062,219.787,196.881
"Jul 15, 04:00 pm",22.8989,219.787,196.888
"Jul 15, 05:00 pm",22.8915,219.787,196.896
"Jul 15, 06:00 pm",22.884,219.787,196.903
"Jul 15, 07:00 pm",22.8765,219.787,196.911
"Jul 15, 08:00 pm",22.8688,219.787,196.919
"Jul 15, 09:00 pm",22.861,219.787,196.926
"Jul 15, 10:00 pm",22.8531,219.787,196.934
"Jul 15, 11:00 pm",22.845,219.787,196.942
"Jul 16, 12:00 am",22.8367,219.787,196.951
"Jul 16, 01:00 am",22.828,219.787,196.959
"Jul 16, 02:00 am",22.8189,219.787,196.968
"Jul 16, 03:00 am",22.809,219.787,196.978
"Jul 16, 04:00 am",22.7981,219.787,196.989
"Jul 16, 05:00 am",22.7847,219.787,197.003
"Jul 16, 06:00 am",20.9321,219.787,198.855
"Jul 16, 07:00 am",1.34222,219.787,218.445
"Jul 16, 08:00 am",1.27658,219.787,218.511
"Jul 16, 09:00 am",1.21466,219.787,218.573
"Jul 16, 10:00 am",1.15624,219.787,218.631
"Jul 16, 11:00 am",1.10112,219.787,218.686
"Jul 16, 12:00 pm",1.9377,219.787,217.797
"Jul 16, 01:00 pm",2.86148,219.787,216.873
"Jul 16, 02:00 pm",3.4047,219.787,216.33
"Jul 16, 03:00 pm",3.22717,219.787,216.507
"Jul 16, 04:00 pm",3.22922,219.787,216.558
"Jul 16, 05:00 pm",3.23757,219.787,216.55
"Jul 16, 06:00 pm",3.24598,219.787,216.541
"Jul 16, 07:00 pm",3.25446,219.787,216.533
"Jul 16, 08:00 pm",3.26302,219.787,216.524
"Jul 16, 09:00 pm",3.27167,219.787,216.516
"Jul 16, 10:00 pm",3.28044,219.787,216.507
"Jul 16, 11:00 pm",3.28934,219.787,216.498
"Jul 17, 12:00 am",3.29841,219.787,216.489
"Jul 17, 01:00 am",3.30769,219.787,216.48
"Jul 17, 02:00 am",3.31724,219.787,216.47
"Jul 17, 03:00 am",3.32717,219.787,216.46
"Jul 17, 04:00 am",3.33761,219.787,216.45
"Jul 17, 05:00 am",3.34885,219.787,216.438
"Jul 17, 06:00 am",3.36142,219.787,216.426
"Jul 17, 07:00 am",3.37673,219.787,216.411
"Jul 17, 08:00 am",3.10795,219.787,216.679
"Jul 17, 09:00 am",0.270542,219.787,219.517
"Jul 17, 10:00 am",11.3329,219.787,208.402
"Jul 17, 11:00 am",30.9295,219.787,188.805
"Jul 17, 12:00 pm",53.2268,219.787,166.508
"Jul 17, 01:00 pm",73.2494,219.787,146.485
"Jul 17, 02:00 pm",86.6512,219.787,133.083
"Jul 17, 03:00 pm",90.0285,219.787,129.706
"Jul 17, 04:00 pm",81.6718,219.787,138.063
"Jul 17, 05:00 pm",81.6684,219.787,138.119
"Jul 17, 06:00 pm",81.6144,219.787,138.173
"Jul 17, 07:00 pm",81.56,219.787,138.227
"Jul 17, 08:00 pm",81.5052,219.787,138.282
"Jul 17, 09:00 pm",81.4499,219.787,138.337
"Jul 17, 10:00 pm",81.3939,219.787,138.393
"Jul 17, 11:00 pm",81.3373,219.787,138.45
"Jul 18, 12:00 am",81.2797,219.787,138.508
"Jul 18, 01:00 am",81.2211,219.787,138.566
"Jul 18, 02:00 am",81.1611,219.787,138.626
"Jul 18, 03:00 am",81.0993,219.787,138.688
"Jul 18, 04:00 am",81.0352,219.787,138.752
"Jul 18, 05:00 am",80.9676,219.787,138.82
"Jul 18, 06:00 am",80.895,219.787,138.892
"Jul 18, 07:00 am",80.8137,219.787,138.974
"Jul 18, 08:00 am",80.7147,219.787,139.073
"Jul 18, 09:00 am",74.1378,219.787,145.65
"Jul 18, 10:00 am",15.9697,219.787,203.765
"Jul 18, 11:00 am",36.1579,219.787,183.577
"Jul 18, 12:00 pm",59.2341,219.787,160.5
"Jul 18, 01:00 pm",79.9777,219.787,139.757
"Jul 18, 02:00 pm",94.0409,219.787,125.694
"Jul 18, 03:00 pm",97.9166,219.787,121.818
"Jul 18, 04:00 pm",89.8837,219.787,129.851
"Jul 18, 05:00 pm",89.6113,219.787,130.176
"Jul 18, 06:00 pm",89.551,219.787,130.236
"Jul 18, 07:00 pm",89.4903,219.787,130.297
"Jul 18, 08:00 pm",89.429,219.787,130.358
"Jul 18, 09:00 pm",89.3672,219.787,130.42
"Jul 18, 10:00 pm",89.3048,219.787,130.483
"Jul 18, 11:00 pm",89.2415,219.787,130.546
"Jul 19, 12:00 am",89.1772,219.787,130.61
"Jul 19, 01:00 am",89.1117,219.787,130.676
"Jul 19, 02:00 am",89.0447,219.787,130.743
"Jul 19, 03:00 am",88.9757,219.787,130.812
"Jul 19, 04:00 am",88.904,219.787,130.883
"Jul 19, 05:00 am",88.8286,219.787,130.959
"Jul 19, 06:00 am",88.7475,219.787,131.04
"Jul 19, 07:00 am",88.6567,219.787,131.131
"Jul 19, 08:00 am",88.5461,219.787,131.241
"Jul 19, 09:00 am",81.3277,219.787,138.46
"Jul 19, 10:00 am",16.0064,219.787,203.728
"Jul 19, 11:00 am",35.8821,219.787,183.852
"Jul 19, 12:00 pm",58.5199,219.787,161.214
"Jul 19, 01:00 pm",78.6847,219.787,141.05
"Jul 19, 02:00 pm",91.9005,219.787,127.834
"Jul 19, 03:00 pm",85.7444,219.787,134.043
"Jul 19, 04:00 pm",85.6871,219.787,134.1
"Jul 19, 05:00 pm",85.6295,219.787,134.158
"Jul 19, 06:00 pm",85.5714,219.787,134.216
"Jul 19, 07:00 pm",85.5127,219.787,134.275
"Jul 19, 08:00 pm",85.4534,219.787,134.334
"Jul 19, 09:00 pm",85.3934,219.787,134.394
"Jul 19, 10:00 pm",85.3324,219.787,134.455
"Jul 19, 11:00 pm",85.2702,219.787,134.517
"Jul 20, 12:00 am",85.2066,219.787,134.581
"Jul 20, 01:00 am",85.1412,219.787,134.646
"Jul 20, 02:00 am",85.0731,219.787,134.714
"Jul 20, 03:00 am",85.0016,219.787,134.786
"Jul 20, 04:00 am",84.9246,219.787,134.863
"Jul 20, 05:00 am",84.8384,219.787,134.949
"Jul 20, 06:00 am",84.7335,219.787,135.054
"Jul 20, 07:00 am",77.7659,219.787,142.021
"Jul 20, 08:00 am",4.11621,219.787,215.671
"Jul 20, 09:00 am",3.89377,219.787,215.894
"Jul 20, 10:00 am",3.6839,219.787,216.103
"Jul 20, 11:00 am",3.4859,219.787,216.301
"Jul 20, 12:00 pm",3.29908,219.787,216.488
"Jul 20, 01:00 pm",3.12283,219.787,216.665
"Jul 20, 02:00 pm",2.95654,219.787,216.831
"Jul 20, 03:00 pm",2.79965,219.787,216.988
"Jul 20, 04:00 pm",2.65163,219.787,217.136
"Jul 20, 05:00 pm",2.51198,219.787,217.275
"Jul 20, 06:00 pm",2.38022,219.787,217.407
"Jul 20, 07:00 pm",2.25591,219.787,217.531
"Jul 20, 08:00 pm",2.13863,219.787,217.649
"Jul 20, 09:00 pm",2.02797,219.787,217.759
"Jul 20, 10:00 pm",1.92357,219.787,217.864
"Jul 20, 11:00 pm",1.82508,219.787,217.962
"Jul 21, 12:00 am",1.73215,219.787,218.055
"Jul 21, 01:00 am",1.64447,219.787,218.143
"Jul 21, 02:00 am",1.56175,219.787,218.226
"Jul 21, 03:00 am",1.48371,219.787,218.304
"Jul 21, 04:00 am",1.41007,219.787,218.377
"Jul 21, 05:00 am",1.3406,219.787,218.447
"Jul 21, 06:00 am",1.27506,219.787,218.512
"Jul 21, 07:00 am",1.21322,219.787,218.574
"Jul 21, 08:00 am",1.15488,219.787,218.632
"Jul 21, 09:00 am",1.09984,219.787,218.688
"Jul 21, 10:00 am",1.0479,219.787,218.739
"Jul 21, 11:00 am",1.70603,219.787,218.028
"Jul 21, 12:00 pm",32.131,219.787,187.603
"Jul 21, 01:00 pm",55.1026,219.787,164.632
"Jul 21, 02:00 pm",70.9039,219.787,148.831
"Jul 21, 03:00 pm",76.3683,219.787,143.366
"Jul 21, 04:00 pm",69.8106,219.787,149.924
"Jul 21, 05:00 pm",69.4679,219.787,150.319
"Jul 21, 06:00 pm",69.4236,219.787,150.364
"Jul 21, 07:00 pm",69.379,219.787,150.408
"Jul 21, 08:00 pm",69.334,219.787,150.453
"Jul 21, 09:00 pm",69.2886,219.787,150.499
"Jul 21, 10:00 pm",69.2427,219.787,150.545
"Jul 21, 11:00 pm",69.1962,219.787,150.591
"Jul 22, 12:00 am",69.149,219.787,150.638
"Jul 22, 01:00 am",69.1009,219.787,150.686
"Jul 22, 02:00 am",69.0517,219.787,150.736
"Jul 22, 03:00 am",69.001,219.787,150.786
"Jul 22, 04:00 am",68.9484,219.787,150.839
"Jul 22, 05:00 am",68.893,219.787,150.894
"Jul 22, 06:00 am",68.8334,219.787,150.954
"Jul 22, 07:00 am",68.7667,219.787,151.021
"Jul 22, 08:00 am",68.6855,219.787,151.102
"Jul 22, 09:00 am",63.0863,219.787,156.701
"Jul 22, 10:00 am",15.7224,219.787,204.012
"Jul 22, 11:00 am",36.4101,219.787,183.324
"Jul 22, 12:00 pm",59.8777,219.787,159.857
"Jul 22, 01:00 pm",80.8687,219.787,138.866
"Jul 22, 02:00 pm",94.7361,219.787,124.998
"Jul 22, 03:00 pm",98.3323,219.787,121.402
"Jul 22, 04:00 pm",90.0203,219.787,129.714
"Jul 22, 05:00 pm",89.8257,219.787,129.962
"Jul 22, 06:00 pm",89.7652,219.787,130.022
"Jul 22, 07:00 pm",89.7043,219.787,130.083
"Jul 22, 08:00 pm",89.6429,219.787,130.144
"Jul 22, 09:00 pm",89.5809,219.787,130.206
"Jul 22, 10:00 pm",89.5182,219.787,130.269
"Jul 22, 11:00 pm",89.4548,219.787,130.333
"Jul 23, 12:00 am",89.3903,219.787,130.397
"Jul 23, 01:00 am",89.3246,219.787,130.463
"Jul 23, 02:00 am",89.2574,219.787,130.53
"Jul 23, 03:00 am",89.1883,219.787,130.599
"Jul 23, 04:00 am",89.1164,219.787,130.671
"Jul 23, 05:00 am",89.0408,219.787,130.747
"Jul 23, 06:00 am",88.9594,219.787,130.828
"Jul 23, 07:00 am",88.8683,219.787,130.919
"Jul 23, 08:00 am",88.7575,219.787,131.03
"Jul 23, 09:00 am",81.5226,219.787,138.265
"Jul 23, 10:00 am",16.7337,219.787,203.001
"Jul 23, 11:00 am",37.1679,219.787,182.566
"Jul 23, 12:00 pm",60.4681,219.787,159.266
"Jul 23, 01:00 pm",81.2561,219.787,138.478
"Jul 23, 02:00 pm",95.326,219.787,124.408
"Jul 23, 03:00 pm",99.0612,219.787,120.673
"Jul 23, 04:00 pm",90.8147,219.787,128.92
"Jul 23, 05:00 pm",90.5806,219.787,129.207
"Jul 23, 06:00 pm",90.5195,219.787,129.268
"Jul 23, 07:00 pm",90.458,219.787,129.329
"Jul 23, 08:00 pm",90.396,219.787,129.391
"Jul 23, 09:00 pm",90.3334,219.787,129.454
"Jul 23, 10:00 pm",90.2701,219.787,129.517
"Jul 23, 11:00 pm",90.206,219.787,129.581
"Jul 24, 12:00 am",90.1409,219.787,129.646
"Jul 24, 01:00 am",90.0746,219.787,129.713
"Jul 24, 02:00 am",90.0068,219.787,129.781
"Jul 24, 03:00 am",89.9369,219.787,129.85
"Jul 24, 04:00 am",89.8643,219.787,129.923
"Jul 24, 05:00 am",89.7879,219.787,129.999
"Jul 24, 06:00 am",89.7057,219.787,130.082
"Jul 24, 07:00 am",89.6138,219.787,130.174
"Jul 24, 08:00 am",89.5018,219.787,130.286
"Jul 24, 09:00 am",82.2059,219.787,137.581
"Jul 24, 10:00 am",17.2923,219.787,202.442
"Jul 24, 11:00 am",38.1302,219.787,181.604
"Jul 24, 12:00 pm",61.8535,219.787,157.881
"Jul 24, 01:00 pm",83.1126,219.787,136.622
"Jul 24, 02:00 pm",97.6429,219.787,122.091
"Jul 24, 03:00 pm",101.748,219.787,117.986
"Jul 24, 04:00 pm",93.774,219.787,125.96
"Jul 24, 05:00 pm",93.3935,219.787,126.394
"Jul 24, 06:00 pm",93.3302,219.787,126.457
"Jul 24, 07:00 pm",93.2664,219.787,126.521
"Jul 24, 08:00 pm",93.2021,219.787,126.585
"Jul 24, 09:00 pm",93.1373,219.787,126.65
"Jul 24, 10:00 pm",93.0717,219.787,126.716
"Jul 24, 11:00 pm",93.0052,219.787,126.782
"Jul 25, 12:00 am",92.9377,219.787,126.85
"Jul 25, 01:00 am",92.869,219.787,126.918
"Jul 25, 02:00 am",92.7986,219.787,126.989
"Jul 25, 03:00 am",92.7262,219.787,127.061
"Jul 25, 04:00 am",92.651,219.787,127.136
"Jul 25, 05:00 am",92.5718,219.787,127.216
"Jul 25, 06:00 am",92.4866,219.787,127.301
"Jul 25, 07:00 am",92.3913,219.787,127.396
"Jul 25, 08:00 am",92.2752,219.787,127.512
"Jul 25, 09:00 am",84.7515,219.787,135.036
"Jul 25, 10:00 am",18.0991,219.787,201.635
"Jul 25, 11:00 am",39.7084,219.787,180.026
"Jul 25, 12:00 pm",64.3016,219.787,155.433
"Jul 25, 01:00 pm",86.3972,219.787,133.337
"Jul 25, 02:00 pm",101.619,219.787,118.116
"Jul 25, 03:00 pm",106.153,219.787,113.581
"Jul 25, 04:00 pm",98.2654,219.787,121.469
"Jul 25, 05:00 pm",97.7444,219.787,122.043
"Jul 25, 06:00 pm",97.6776,219.787,122.11
"Jul 25, 07:00 pm",97.6104,219.787,122.177
"Jul 25, 08:00 pm",97.5426,219.787,122.245
"Jul 25, 09:00 pm",97.4741,219.787,122.313
"Jul 25, 10:00 pm",97.4049,219.787,122.382
"Jul 25, 11:00 pm",97.3349,219.787,122.452
"Jul 26, 12:00 am",97.2637,219.787,122.524
"Jul 26, 01:00 am",97.1912,219.787,122.596
"Jul 26, 02:00 am",97.117,219.787,122.67
"Jul 26, 03:00 am",97.0406,219.787,122.747
"Jul 26, 04:00 am",96.9613,219.787,122.826
"Jul 26, 05:00 am",96.8778,219.787,122.91
"Jul 26, 06:00 am",96.7879,219.787,122.999
"Jul 26, 07:00 am",96.6874,219.787,123.1
"Jul 26, 08:00 am",96.565,219.787,123.222
"Jul 26, 09:00 am",88.69,219.787,131.097
"Jul 26, 10:00 am",18.2656,219.787,201.469
"Jul 26, 11:00 am",16.629,219.787,203.105
"Jul 26, 12:00 pm",18.3565,219.787,201.378
"Jul 26, 01:00 pm",51.4832,219.787,168.251
"Jul 26, 02:00 pm",70.7464,219.787,148.988
"Jul 26, 03:00 pm",78.7765,219.787,140.958
"Jul 26, 04:00 pm",74.2198,219.787,145.515
"Jul 26, 05:00 pm",73.142,219.787,146.645
"Jul 26, 06:00 pm",73.0948,219.787,146.693
"Jul 26, 07:00 pm",73.0472,219.787,146.74
"Jul 26, 08:00 pm",72.9993,219.787,146.788
"Jul 26, 09:00 pm",72.9509,219.787,146.836
"Jul 26, 10:00 pm",72.902,219.787,146.885
"Jul 26, 11:00 pm",72.8524,219.787,146.935
"Jul 27, 12:00 am",72.8021,219.787,146.985
"Jul 27, 01:00 am",72.7508,219.787,147.037
"Jul 27, 02:00 am",72.6984,219.787,147.089
"Jul 27, 03:00 am",72.6443,219.787,147.143
"Jul 27, 04:00 am",72.5882,219.787,147.199
"Jul 27, 05:00 am",72.5292,219.787,147.258
"Jul 27, 06:00 am",72.4657,219.787,147.322
"Jul 27, 07:00 am",72.3946,219.787,147.393
"Jul 27, 08:00 am",72.308,219.787,147.479
"Jul 27, 09:00 am",66.4058,219.787,153.382
"Jul 27, 10:00 am",16.8669,219.787,202.868
"Jul 27, 11:00 am",38.1887,219.787,181.546
"Jul 27, 12:00 pm",32.5715,219.787,187.163
"Jul 27, 01:00 pm",31.6258,219.787,188.109
"Jul 27, 02:00 pm",30.9295,219.787,188.805
"Jul 27, 03:00 pm",29.4563,219.787,190.278
"Jul 27, 04:00 pm",29.3472,219.787,190.44
"Jul 27, 05:00 pm",29.3348,219.787,190.453
"Jul 27, 06:00 pm",29.3223,219.787,190.465
"Jul 27, 07:00 pm",29.3097,219.787,190.478
"Jul 27, 08:00 pm",29.297,219.787,190.49
"Jul 27, 09:00 pm",29.2842,219.787,190.503
"Jul 27, 10:00 pm",29.2711,219.787,190.516
"Jul 27, 11:00 pm",29.2579,219.787,190.529
"Jul 28, 12:00 am",29.2444,219.787,190.543
"Jul 28, 01:00 am",29.2307,219.787,190.557
"Jul 28, 02:00 am",29.2165,219.787,190.571
"Jul 28, 03:00 am",29.2017,219.787,190.586
"Jul 28, 04:00 am",29.1862,219.787,190.601
"Jul 28, 05:00 am",29.1695,219.787,190.618
"Jul 28, 06:00 am",29.1508,219.787,190.637
"Jul 28, 07:00 am",29.1281,219.787,190.659
"Jul 28, 08:00 am",26.7578,219.787,193.03
"Jul 28, 09:00 am",1.69219,219.787,218.095
"Jul 28, 10:00 am",2.20121,219.787,217.533
"Jul 28, 11:00 am",2.81985,219.787,216.915
"Jul 28, 12:00 pm",3.69286,219.787,216.042
"Jul 28, 01:00 pm",4.35032,219.787,215.384
"Jul 28, 02:00 pm",4.92391,219.787,214.81
"Jul 28, 03:00 pm",4.89149,219.787,214.843
"Jul 28, 04:00 pm",4.92436,219.787,214.81
"Jul 28, 05:00 pm",4.88107,219.787,214.906
"Jul 28, 06:00 pm",4.88811,219.787,214.899
"Jul 28, 07:00 pm",4.8952,219.787,214.892
"Jul 28, 08:00 pm",4.90235,219.787,214.885
"Jul 28, 09:00 pm",4.90956,219.787,214.878
"Jul 28, 10:00 pm",4.91685,219.787,214.87
"Jul 28, 11:00 pm",4.92424,219.787,214.863
"Jul 29, 12:00 am",4.93174,219.787,214.856
"Jul 29, 01:00 am",4.93938,219.787,214.848
"Jul 29, 02:00 am",4.94721,219.787,214.84
"Jul 29, 03:00 am",4.95526,219.787,214.832
"Jul 29, 04:00 am",4.96362,219.787,214.824
"Jul 29, 05:00 am",4.97242,219.787,214.815
"Jul 29, 06:00 am",4.98189,219.787,214.805
"Jul 29, 07:00 am",4.99249,219.787,214.795
"Jul 29, 08:00 am",5.0054,219.787,214.782
"Jul 29, 09:00 am",4.60331,219.787,215.184
"Jul 29, 10:00 am",0.3046,219.787,219.43
"Jul 29, 11:00 am",1.38068,219.787,218.354
"Jul 29, 12:00 pm",3.89913,219.787,215.835
"Jul 29, 01:00 pm",3.69935,219.787,216.035
"Jul 29, 02:00 pm",4.44358,219.787,215.291
"Jul 29, 03:00 pm",4.72506,219.787,215.009
"Jul 29, 04:00 pm",4.59104,219.787,215.196
"Jul 29, 05:00 pm",4.59831,219.787,215.189
"Jul 29, 06:00 pm",4.60563,219.787,215.182
"Jul 29, 07:00 pm",4.61301,219.787,215.174
"Jul 29, 08:00 pm",4.62046,219.787,215.167
"Jul 29, 09:00 pm",4.62799,219.787,215.159
"Jul 29, 10:00 pm",4.63562,219.787,215.152
"Jul 29, 11:00 pm",4.64337,219.787,215.144
"Jul 30, 12:00 am",4.65126,219.787,215.136
"Jul 30, 01:00 am",4.65934,219.787,215.128
"Jul 30, 02:00 am",4.66765,219.787,215.12
"Jul 30, 03:00 am",4.67629,219.787,215.111
"Jul 30, 04:00 am",4.68538,219.787,215.102
"Jul 30, 05:00 am",4.69516,219.787,215.092
"Jul 30, 06:00 am",4.70611,219.787,215.081
"Jul 30, 07:00 am",4.71944,219.787,215.068
"Jul 30, 08:00 am",4.33975,219.787,215.448
"Jul 30, 09:00 am",0.330181,219.787,219.457
"Jul 30, 10:00 am",0.321755,219.787,219.466
"Jul 30, 11:00 am",0.313806,219.787,219.474
"Jul 30, 12:00 pm",0.965509,219.787,218.769
"Jul 30, 01:00 pm",1.75691,219.787,217.977
"Jul 30, 02:00 pm",2.34172,219.787,217.393
"Jul 30, 03:00 pm",2.24594,219.787,217.488
"Jul 30, 04:00 pm",2.24803,219.787,217.539
"Jul 30, 05:00 pm",2.25716,219.787,217.53
"Jul 30, 06:00 pm",2.26636,219.787,217.521
"Jul 30, 07:00 pm",2.27563,219.787,217.512
"Jul 30, 08:00 pm",2.28499,219.787,217.502
"Jul 30, 09:00 pm",2.29445,219.787,217.493
"Jul 30, 10:00 pm",2.30403,219.787,217.483
"Jul 30, 11:00 pm",2.31377,219.787,217.474
"Jul 31, 12:00 am",2.32368,219.787,217.464
"Jul 31, 01:00 am",2.33383,219.787,217.454
"Jul 31, 02:00 am",2.34427,219.787,217.443
"Jul 31, 03:00 am",2.35512,219.787,217.432
"Jul 31, 04:00 am",2.36654,219.787,217.421
"Jul 31, 05:00 am",2.37883,219.787,217.409
"Jul 31, 06:00 am",2.39258,219.787,217.395
"Jul 31, 07:00 am",2.40932,219.787,217.378
"Jul 31, 08:00 am",2.21945,219.787,217.568
"Jul 31, 09:00 am",0.216675,219.787,219.571
"Jul 31, 10:00 am",0.214666,219.787,219.573
"Jul 31, 11:00 am",0.21277,219.787,219.575
"Jul 31, 12:00 pm",0.85636,219.787,218.878
"Jul 31, 01:00 pm",1.61857,219.787,218.116
"Jul 31, 02:00 pm",1.6324,219.787,218.102
"Jul 31, 03:00 pm",1.48762,219.787,218.247
"Jul 31, 04:00 pm",1.54651,219.787,218.241
"Jul 31, 05:00 pm",1.5562,219.787,218.231
"Jul 31, 06:00 pm",1.56596,219.787,218.221
"Jul 31, 07:00 pm",1.5758,219.787,218.212
"Jul 31, 08:00 pm",1.58573,219.787,218.202
"Jul 31, 09:00 pm",1.59576,219.787,218.192
"Jul 31, 10:00 pm",1.60593,219.787,218.181
"Jul 31, 11:00 pm",1.61626,219.787,218.171
"Aug 1, 12:00 am",1.62678,219.787,218.161
"Aug 1, 01:00 am",1.63755,219.787,218.15
"Aug 1, 02:00 am",1.64863,219.787,218.139
"Aug 1, 03:00 am",1.66014,219.787,218.127
"Aug 1, 04:00 am",1.67226,219.787,218.115
"Aug 1, 05:00 am",1.6853,219.787,218.102
"Aug 1, 06:00 am",1.69988,219.787,218.087
"Aug 1, 07:00 am",1.71765,219.787,218.07
"Aug 1, 08:00 am",1.58477,219.787,218.203
"Aug 1, 09:00 am",0.413076,219.787,219.321
"Aug 1, 10:00 am",15.1832,219.787,204.551
"Aug 1, 11:00 am",37.8613,219.787,181.873
"Aug 1, 12:00 pm",63.209,219.787,156.525
"Aug 1, 01:00 pm",85.9293,219.787,133.805
"Aug 1, 02:00 pm",101.662,219.787,118.073
"Aug 1, 03:00 pm",106.819,219.787,112.915
"Aug 1, 04:00 pm",99.737,219.787,119.997
"Aug 1, 05:00 pm",98.9604,219.787,120.827
"Aug 1, 06:00 pm",98.8927,219.787,120.895
"Aug 1, 07:00 pm",98.8245,219.787,120.963
"Aug 1, 08:00 pm",98.7557,219.787,121.032
"Aug 1, 09:00 pm",98.6863,219.787,121.101
"Aug 1, 10:00 pm",98.6161,219.787,121.171
"Aug 1, 11:00 pm",98.545,219.787,121.242
"Aug 2, 12:00 am",98.4728,219.787,121.315
"Aug 2, 01:00 am",98.3993,219.787,121.388
"Aug 2, 02:00 am",98.324,219.787,121.463
"Aug 2, 03:00 am",98.2465,219.787,121.541
"Aug 2, 04:00 am",98.166,219.787,121.621
"Aug 2, 05:00 am",98.0813,219.787,121.706
"Aug 2, 06:00 am",97.9902,219.787,121.797
"Aug 2, 07:00 am",97.8882,219.787,121.899
"Aug 2, 08:00 am",97.764,219.787,122.023
"Aug 2, 09:00 am",89.7886,219.787,129.999
"Aug 2, 10:00 am",6.32486,219.787,213.41
"Aug 2, 11:00 am",8.37637,219.787,211.358
"Aug 2, 12:00 pm",10.8219,219.787,208.912
"Aug 2, 01:00 pm",13.1805,219.787,206.554
"Aug 2, 02:00 pm",14.9073,219.787,204.827
"Aug 2, 03:00 pm",34.7486,219.787,184.986
"Aug 2, 04:00 pm",35.5617,219.787,184.173
"Aug 2, 05:00 pm",33.6659,219.787,186.121
"Aug 2, 06:00 pm",33.65,219.787,186.137
"Aug 2, 07:00 pm",33.6341,219.787,186.153
"Aug 2, 08:00 pm",33.618,219.787,186.169
"Aug 2, 09:00 pm",33.6018,219.787,186.186
"Aug 2, 10:00 pm",33.5853,219.787,186.202
"Aug 2, 11:00 pm",33.5687,219.787,186.219
"Aug 3, 12:00 am",33.5518,219.787,186.236
"Aug 3, 01:00 am",33.5346,219.787,186.253
"Aug 3, 02:00 am",33.517,219.787,186.27
"Aug 3, 03:00 am",33.4989,219.787,186.288
"Aug 3, 04:00 am",33.4801,219.787,186.307
"Aug 3, 05:00 am",33.4603,219.787,186.327
"Aug 3, 06:00 am",33.439,219.787,186.348
"Aug 3, 07:00 am",33.4151,219.787,186.372
"Aug 3, 08:00 am",33.3861,219.787,186.401
"Aug 3, 09:00 am",30.6502,219.787,189.137
"Aug 3, 10:00 am",1.68677,219.787,218.048
"Aug 3, 11:00 am",3.08397,219.787,216.65
"Aug 3, 12:00 pm",6.26391,219.787,213.47
"Aug 3, 01:00 pm",40.3949,219.787,179.339
"Aug 3, 02:00 pm",60.4051,219.787,159.329
"Aug 3, 03:00 pm",69.17,219.787,150.564
"Aug 3, 04:00 pm",65.4316,219.787,154.303
"Aug 3, 05:00 pm",64.2811,219.787,155.506
"Aug 3, 06:00 pm",64.241,219.787,155.546
"Aug 3, 07:00 pm",64.2005,219.787,155.587
"Aug 3, 08:00 pm",64.1597,219.787,155.628
"Aug 3, 09:00 pm",64.1185,219.787,155.669
"Aug 3, 10:00 pm",64.0769,219.787,155.71
"Aug 3, 11:00 pm",64.0347,219.787,155.753
"Aug 4, 12:00 am",63.9919,219.787,155.795
"Aug 4, 01:00 am",63.9483,219.787,155.839
"Aug 4, 02:00 am",63.9037,219.787,155.884
"Aug 4, 03:00 am",63.8577,219.787,155.93
"Aug 4, 04:00 am",63.81,219.787,155.977
"Aug 4, 05:00 am",63.7597,219.787,156.028
"Aug 4, 06:00 am",63.7057,219.787,156.082
"Aug 4, 07:00 am",63.6452,219.787,156.142
"Aug 4, 08:00 am",63.5715,219.787,156.216
"Aug 4, 09:00 am",58.3812,219.787,161.406
"Aug 4, 10:00 am",4.27811,219.787,215.456
"Aug 4, 11:00 am",4.83414,219.787,214.9
"Aug 4, 12:00 pm",6.22,219.787,213.514
"Aug 4, 01:00 pm",6.69006,219.787,213.044
"Aug 4, 02:00 pm",7.56504,219.787,212.169
"Aug 4, 03:00 pm",7.63803,219.787,212.096
"Aug 4, 04:00 pm",7.19719,219.787,212.537
"Aug 4, 05:00 pm",7.20996,219.787,212.577
"Aug 4, 06:00 pm",7.21515,219.787,212.572
"Aug 4, 07:00 pm",7.22038,219.787,212.567
"Aug 4, 08:00 pm",7.22564,219.787,212.562
"Aug 4, 09:00 pm",7.23096,219.787,212.556
"Aug 4, 10:00 pm",7.23633,219.787,212.551
"Aug 4, 11:00 pm",7.24178,219.787,212.546
"Aug 5, 12:00 am",7.24731,219.787,212.54
"Aug 5, 01:00 am",7.25294,219.787,212.534
"Aug 5, 02:00 am",7.2587,219.787,212.529
"Aug 5, 03:00 am",7.26464,219.787,212.523
"Aug 5, 04:00 am",7.2708,219.787,212.517
"Aug 5, 05:00 am",7.27729,219.787,212.51
"Aug 5, 06:00 am",7.28427,219.787,212.503
"Aug 5, 07:00 am",7.29208,219.787,212.495
"Aug 5, 08:00 am",7.30159,219.787,212.486
"Aug 5, 09:00 am",6.71279,219.787,213.075
"Aug 5, 10:00 am",15.0873,219.787,204.647
"Aug 5, 11:00 am",13.2339,219.787,206.5
"Aug 5, 12:00 pm",15.1986,219.787,204.536
"Aug 5, 01:00 pm",15.45,219.787,204.284
"Aug 5, 02:00 pm",16.4301,219.787,203.304
"Aug 5, 03:00 pm",16.8323,219.787,202.902
"Aug 5, 04:00 pm",15.7198,219.787,204.015
"Aug 5, 05:00 pm",15.705,219.787,204.082
"Aug 5, 06:00 pm",15.7034,219.787,204.084
"Aug 5, 07:00 pm",15.7019,219.787,204.085
"Aug 5, 08:00 pm",15.7003,219.787,204.087
"Aug 5, 09:00 pm",15.6987,219.787,204.089
"Aug 5, 10:00 pm",15.6971,219.787,204.09
"Aug 5, 11:00 pm",15.6954,219.787,204.092
"Aug 6, 12:00 am",15.6937,219.787,204.094
"Aug 6, 01:00 am",15.692,219.787,204.095
"Aug 6, 02:00 am",15.6903,219.787,204.097
"Aug 6, 03:00 am",15.6885,219.787,204.099
"Aug 6, 04:00 am",15.6867,219.787,204.101
"Aug 6, 05:00 am",15.6847,219.787,204.103
"Aug 6, 06:00 am",15.6826,219.787,204.105
"Aug 6, 07:00 am",15.6802,219.787,204.107
"Aug 6, 08:00 am",15.6774,219.787,204.11
"Aug 6, 09:00 am",14.4051,219.787,205.382
"Aug 6, 10:00 am",0.953655,219.787,218.834
"Aug 6, 11:00 am",0.909985,219.787,218.877
"Aug 6, 12:00 pm",0.900685,219.787,218.834
"Aug 6, 01:00 pm",4.09434,219.787,215.64
"Aug 6, 02:00 pm",6.17048,219.787,213.564
"Aug 6, 03:00 pm",27.1205,219.787,192.614
"Aug 6, 04:00 pm",28.4616,219.787,191.273
"Aug 6, 05:00 pm",26.5158,219.787,193.272
"Aug 6, 06:00 pm",26.5056,219.787,193.282
"Aug 6, 07:00 pm",26.4954,219.787,193.292
"Aug 6, 08:00 pm",26.4851,219.787,193.302
"Aug 6, 09:00 pm",26.4747,219.787,193.313
"Aug 6, 10:00 pm",26.4642,219.787,193.323
"Aug 6, 11:00 pm",26.4535,219.787,193.334
"Aug 7, 12:00 am",26.4427,219.787,193.345
"Aug 7, 01:00 am",26.4317,219.787,193.356
"Aug 7, 02:00 am",26.4204,219.787,193.367
"Aug 7, 03:00 am",26.4087,219.787,193.379
"Aug 7, 04:00 am",26.3967,219.787,193.391
"Aug 7, 05:00 am",26.384,219.787,193.403
"Aug 7, 06:00 am",26.3703,219.787,193.417
"Aug 7, 07:00 am",26.355,219.787,193.432
"Aug 7, 08:00 am",26.3364,219.787,193.451
"Aug 7, 09:00 am",24.175,219.787,195.612
"Aug 7, 10:00 am",16.2486,219.787,203.486
"Aug 7, 11:00 am",39.8026,219.787,179.932
"Aug 7, 12:00 pm",66.0613,219.787,153.673
"Aug 7, 01:00 pm",89.4466,219.787,130.288
"Aug 7, 02:00 pm",105.416,219.787,114.318
"Aug 7, 03:00 pm",110.241,219.787,109.494
"Aug 7, 04:00 pm",101.972,219.787,117.762
"Aug 7, 05:00 pm",101.437,219.787,118.35
"Aug 7, 06:00 pm",101.368,219.787,118.42
"Aug 7, 07:00 pm",101.298,219.787,118.49
"Aug 7, 08:00 pm",101.227,219.787,118.561
"Aug 7, 09:00 pm",101.155,219.787,118.632
"Aug 7, 10:00 pm",101.083,219.787,118.704
"Aug 7, 11:00 pm",101.01,219.787,118.777
"Aug 8, 12:00 am",100.936,219.787,118.852
"Aug 8, 01:00 am",100.86,219.787,118.927
"Aug 8, 02:00 am",100.782,219.787,119.005
"Aug 8, 03:00 am",100.703,219.787,119.085
"Aug 8, 04:00 am",100.62,219.787,119.167
"Aug 8, 05:00 am",100.533,219.787,119.255
"Aug 8, 06:00 am",100.439,219.787,119.348
"Aug 8, 07:00 am",100.334,219.787,119.453
"Aug 8, 08:00 am",100.206,219.787,119.581
"Aug 8, 09:00 am",92.0341,219.787,127.753
"Aug 8, 10:00 am",20.7724,219.787,198.962
"Aug 8, 11:00 am",44.5289,219.787,175.206
"Aug 8, 12:00 pm",70.9402,219.787,148.794
"Aug 8, 01:00 pm",94.4728,219.787,125.262
"Aug 8, 02:00 pm",110.583,219.787,109.151
"Aug 8, 03:00 pm",115.604,219.787,104.13
"Aug 8, 04:00 pm",107.678,219.787,112.057
"Aug 8, 05:00 pm",106.943,219.787,112.845
"Aug 8, 06:00 pm",106.869,219.787,112.919
"Aug 8, 07:00 pm",106.794,219.787,112.993
"Aug 8, 08:00 pm",106.719,219.787,113.069
"Aug 8, 09:00 pm",106.643,219.787,113.145
"Aug 8, 10:00 pm",106.566,219.787,113.221
"Aug 8, 11:00 pm",106.488,219.787,113.299
"Aug 9, 12:00 am",106.409,219.787,113.378
"Aug 9, 01:00 am",106.329,219.787,113.458
"Aug 9, 02:00 am",106.247,219.787,113.541
"Aug 9, 03:00 am",106.162,219.787,113.626
"Aug 9, 04:00 am",106.074,219.787,113.714
"Aug 9, 05:00 am",105.981,219.787,113.806
"Aug 9, 06:00 am",105.881,219.787,113.906
"Aug 9, 07:00 am",105.77,219.787,114.017
"Aug 9, 08:00 am",105.634,219.787,114.153
"Aug 9, 09:00 am",97.0172,219.787,122.77
"Aug 9, 10:00 am",20.1843,219.787,199.55
"Aug 9, 11:00 am",17.9765,219.787,201.758
"Aug 9, 12:00 pm",50.6146,219.787,169.12
"Aug 9, 01:00 pm",75.0674,219.787,144.667
"Aug 9, 02:00 pm",91.7888,219.787,127.946
"Aug 9, 03:00 pm",84.537,219.787,135.25
"Aug 9, 04:00 pm",80.0606,219.787,139.674
"Aug 9, 05:00 pm",79.2883,219.787,140.499
"Aug 9, 06:00 pm",79.2362,219.787,140.551
"Aug 9, 07:00 pm",79.1837,219.787,140.604
"Aug 9, 08:00 pm",79.1308,219.787,140.657
"Aug 9, 09:00 pm",79.0774,219.787,140.71
"Aug 9, 10:00 pm",79.0235,219.787,140.764
"Aug 9, 11:00 pm",78.9688,219.787,140.819
"Aug 10, 12:00 am",78.9132,219.787,140.874
"Aug 10, 01:00 am",78.8567,219.787,140.931
"Aug 10, 02:00 am",78.7988,219.787,140.989
"Aug 10, 03:00 am",78.7392,219.787,141.048
"Aug 10, 04:00 am",78.6773,219.787,141.11
"Aug 10, 05:00 am",78.6121,219.787,141.175
"Aug 10, 06:00 am",78.542,219.787,141.245
"Aug 10, 07:00 am",78.4636,219.787,141.324
"Aug 10, 08:00 am",78.368,219.787,141.419
"Aug 10, 09:00 am",71.9747,219.787,147.813
"Aug 10, 10:00 am",4.36046,219.787,215.427
"Aug 10, 11:00 am",4.23526,219.787,215.499
"Aug 10, 12:00 pm",4.77301,219.787,214.961
"Aug 10, 01:00 pm",6.87822,219.787,212.856
"Aug 10, 02:00 pm",9.27279,219.787,210.462
"Aug 10, 03:00 pm",9.06422,219.787,210.67
"Aug 10, 04:00 pm",9.00294,219.787,210.731
"Aug 10, 05:00 pm",8.886,219.787,210.901
"Aug 10, 06:00 pm",8.88986,219.787,210.897
"Aug 10, 07:00 pm",8.89374,219.787,210.894
"Aug 10, 08:00 pm",8.89765,219.787,210.89
"Aug 10, 09:00 pm",8.9016,219.787,210.886
"Aug 10, 10:00 pm",8.9056,219.787,210.882
"Aug 10, 11:00 pm",8.90965,219.787,210.878
"Aug 11, 12:00 am",8.91375,219.787,210.874
"Aug 11, 01:00 am",8.91794,219.787,210.869
"Aug 11, 02:00 am",8.92222,219.787,210.865
"Aug 11, 03:00 am",8.92664,219.787,210.861
"Aug 11, 04:00 am",8.93122,219.787,210.856
"Aug 11, 05:00 am",8.93604,219.787,210.851
"Aug 11, 06:00 am",8.94123,219.787,210.846
"Aug 11, 07:00 am",8.94703,219.787,210.84
"Aug 11, 08:00 am",8.9541,219.787,210.833
"Aug 11, 09:00 am",8.22919,219.787,211.558
"Aug 11, 10:00 am",1.16468,219.787,218.57
"Aug 11, 11:00 am",29.6439,219.787,190.09
"Aug 11, 12:00 pm",57.2097,219.787,162.525
"Aug 11, 01:00 pm",81.5521,219.787,138.182
"Aug 11, 02:00 pm",98.2423,219.787,121.492
"Aug 11, 03:00 pm",103.722,219.787,116.012
"Aug 11, 04:00 pm",96.3666,219.787,123.368
"Aug 11, 05:00 pm",95.6812,219.787,124.106
"Aug 11, 06:00 pm",95.6161,219.787,124.171
"Aug 11, 07:00 pm",95.5505,219.787,124.237
"Aug 11, 08:00 pm",95.4843,219.787,124.303
"Aug 11, 09:00 pm",95.4176,219.787,124.37
"Aug 11, 10:00 pm",95.3501,219.787,124.437
"Aug 11, 11:00 pm",95.2817,219.787,124.506
"Aug 12, 12:00 am",95.2123,219.787,124.575
"Aug 12, 01:00 am",95.1416,219.787,124.646
"Aug 12, 02:00 am",95.0692,219.787,124.718
"Aug 12, 03:00 am",94.9947,219.787,124.793
"Aug 12, 04:00 am",94.9173,219.787,124.87
"Aug 12, 05:00 am",94.8359,219.787,124.951
"Aug 12, 06:00 am",94.7482,219.787,125.039
"Aug 12, 07:00 am",94.6502,219.787,125.137
"Aug 12, 08:00 am",94.5308,219.787,125.257
"Aug 12, 09:00 am",86.82,219.787,132.967
"Aug 12, 10:00 am",20.2966,219.787,199.438
"Aug 12, 11:00 am",43.9284,219.787,175.806
"Aug 12, 12:00 pm",70.1959,219.787,149.539
"Aug 12, 01:00 pm",93.6413,219.787,126.093
"Aug 12, 02:00 pm",109.601,219.787,110.133
"Aug 12, 03:00 pm",114.253,219.787,105.482
"Aug 12, 04:00 pm",105.678,219.787,114.057
"Aug 12, 05:00 pm",105.152,219.787,114.636
"Aug 12, 06:00 pm",105.079,219.787,114.708
"Aug 12, 07:00 pm",105.006,219.787,114.782
"Aug 12, 08:00 pm",104.932,219.787,114.855
"Aug 12, 09:00 pm",104.858,219.787,114.93
"Aug 12, 10:00 pm",104.782,219.787,115.005
"Aug 12, 11:00 pm",104.706,219.787,115.081
"Aug 13, 12:00 am",104.629,219.787,115.159
"Aug 13, 01:00 am",104.55,219.787,115.238
"Aug 13, 02:00 am",104.469,219.787,115.318
"Aug 13, 03:00 am",104.386,219.787,115.402
"Aug 13, 04:00 am",104.299,219.787,115.488
"Aug 13, 05:00 am",104.209,219.787,115.579
"Aug 13, 06:00 am",104.111,219.787,115.677
"Aug 13, 07:00 am",104.001,219.787,115.786
"Aug 13, 08:00 am",103.868,219.787,115.919
"Aug 13, 09:00 am",95.3975,219.787,124.39
"Aug 13, 10:00 am",21.8297,219.787,197.905
"Aug 13, 11:00 am",46.4427,219.787,173.292
"Aug 13, 12:00 pm",73.8012,219.787,145.933
"Aug 13, 01:00 pm",98.2741,219.787,121.46
"Aug 13, 02:00 pm",115.097,219.787,104.637
"Aug 13, 03:00 pm",120.826,219.787,98.9079
"Aug 13, 04:00 pm",112.932,219.787,106.803
"Aug 13, 05:00 pm",112.038,219.787,107.749
"Aug 13, 06:00 pm",111.96,219.787,107.827
"Aug 13, 07:00 pm",111.881,219.787,107.906
"Aug 13, 08:00 pm",111.802,219.787,107.985
"Aug 13, 09:00 pm",111.722,219.787,108.065
"Aug 13, 10:00 pm",111.641,219.787,108.146
"Aug 13, 11:00 pm",111.559,219.787,108.228
"Aug 14, 12:00 am",111.476,219.787,108.312
"Aug 14, 01:00 am",111.391,219.787,108.396
"Aug 14, 02:00 am",111.304,219.787,108.483
"Aug 14, 03:00 am",111.215,219.787,108.573
"Aug 14, 04:00 am",111.122,219.787,108.665
"Aug 14, 05:00 am",111.024,219.787,108.763
"Aug 14, 06:00 am",110.919,219.787,108.868
"Aug 14, 07:00 am",110.801,219.787,108.986
"Aug 14, 08:00 am",110.658,219.787,109.129
"Aug 14, 09:00 am",101.63,219.787,118.157
"Aug 14, 10:00 am",21.9908,219.787,197.744
"Aug 14, 11:00 am",46.0412,219.787,173.693
"Aug 14, 12:00 pm",39.5075,219.787,180.227
"Aug 14, 01:00 pm",73.4032,219.787,146.331
"Aug 14, 02:00 pm",62.0787,219.787,157.656
"Aug 14, 03:00 pm",61.7385,219.787,158.049
"Aug 14, 04:00 pm",61.7004,219.787,158.087
"Aug 14, 05:00 pm",61.6619,219.787,158.125
"Aug 14, 06:00 pm",61.6232,219.787,158.164
"Aug 14, 07:00 pm",61.5841,219.787,158.203
"Aug 14, 08:00 pm",61.5446,219.787,158.243
"Aug 14, 09:00 pm",61.5045,219.787,158.283
"Aug 14, 10:00 pm",61.4639,219.787,158.323
"Aug 14, 11:00 pm",61.4224,219.787,158.365
"Aug 15, 12:00 am",61.38,219.787,158.407
"Aug 15, 01:00 am",61.3364,219.787,158.451
"Aug 15, 02:00 am",61.291,219.787,158.496
"Aug 15, 03:00 am",61.2433,219.787,158.544
"Aug 15, 04:00 am",61.192,219.787,158.595
"Aug 15, 05:00 am",61.1346,219.787,158.653
"Aug 15, 06:00 am",61.0646,219.787,158.723
"Aug 15, 07:00 am",56.087,219.787,163.7
"Aug 15, 08:00 am",3.44494,219.787,216.342
"Aug 15, 09:00 am",4.03126,219.787,215.703
"Aug 15, 10:00 am",4.92315,219.787,214.811
"Aug 15, 11:00 am",34.2157,219.787,185.519
"Aug 15, 12:00 pm",62.5209,219.787,157.214
"Aug 15, 01:00 pm",87.5119,219.787,132.222
"Aug 15, 02:00 pm",104.954,219.787,114.78
"Aug 15, 03:00 pm",111.101,219.787,108.634
"Aug 15, 04:00 pm",104.323,219.787,115.411
"Aug 15, 05:00 pm",103.305,219.787,116.482
"Aug 15, 06:00 pm",103.234,219.787,116.553
"Aug 15, 07:00 pm",103.162,219.787,116.625
"Aug 15, 08:00 pm",103.09,219.787,116.697
"Aug 15, 09:00 pm",103.017,219.787,116.77
"Aug 15, 10:00 pm",102.943,219.787,116.844
"Aug 15, 11:00 pm",102.869,219.787,116.919
"Aug 16, 12:00 am",102.793,219.787,116.995
"Aug 16, 01:00 am",102.715,219.787,117.072
"Aug 16, 02:00 am",102.636,219.787,117.151
"Aug 16, 03:00 am",102.555,219.787,117.233
"Aug 16, 04:00 am",102.47,219.787,117.317
"Aug 16, 05:00 am",102.381,219.787,117.406
"Aug 16, 06:00 am",102.285,219.787,117.502
"Aug 16, 07:00 am",102.178,219.787,117.609
"Aug 16, 08:00 am",102.048,219.787,117.74
"Aug 16, 09:00 am",11.3323,219.787,208.402
"Aug 16, 10:00 am",27.0866,219.787,192.648
"Aug 16, 11:00 am",50.7153,219.787,169.019
"Aug 16, 12:00 pm",76.8803,219.787,142.854
"Aug 16, 01:00 pm",100.102,219.787,119.632
"Aug 16, 02:00 pm",116.139,219.787,103.596
"Aug 16, 03:00 pm",121.464,219.787,98.2702
"Aug 16, 04:00 pm",114.001,219.787,105.733
"Aug 16, 05:00 pm",113.025,219.787,106.763
"Aug 16, 06:00 pm",112.946,219.787,106.842
"Aug 16, 07:00 pm",112.866,219.787,106.921
"Aug 16, 08:00 pm",112.786,219.787,107.001
"Aug 16, 09:00 pm",112.705,219.787,107.082
"Aug 16, 10:00 pm",112.623,219.787,107.164
"Aug 16, 11:00 pm",112.541,219.787,107.247
"Aug 17, 12:00 am",112.456,219.787,107.331
"Aug 17, 01:00 am",112.371,219.787,107.417
"Aug 17, 02:00 am",112.283,219.787,107.504
"Aug 17, 03:00 am",112.193,219.787,107.595
"Aug 17, 04:00 am",112.099,219.787,107.688
"Aug 17, 05:00 am",112,219.787,107.787
"Aug 17, 06:00 am",111.894,219.787,107.893
"Aug 17, 07:00 am",111.775,219.787,108.012
"Aug 17, 08:00 am",111.631,219.787,108.157
"Aug 17, 09:00 am",12.8035,219.787,206.931
"Aug 17, 10:00 am",29.2892,219.787,190.445
"Aug 17, 11:00 am",53.4758,219.787,166.259
"Aug 17, 12:00 pm",80.384,219.787,139.35
"Aug 17, 01:00 pm",104.207,219.787,115.527
"Aug 17, 02:00 pm",120.738,219.787,98.9961
"Aug 17, 03:00 pm",126.415,219.787,93.3197
"Aug 17, 04:00 pm",118.927,219.787,100.808
"Aug 17, 05:00 pm",117.834,219.787,101.953
"Aug 17, 06:00 pm",117.751,219.787,102.036
"Aug 17, 07:00 pm",117.668,219.787,102.119
"Aug 17, 08:00 pm",117.584,219.787,102.203
"Aug 17, 09:00 pm",117.499,219.787,102.288
"Aug 17, 10:00 pm",117.414,219.787,102.374
"Aug 17, 11:00 pm",117.327,219.787,102.461
"Aug 18, 12:00 am",117.238,219.787,102.549
"Aug 18, 01:00 am",117.149,219.787,102.639
"Aug 18, 02:00 am",117.057,219.787,102.731
"Aug 18, 03:00 am",116.962,219.787,102.825
"Aug 18, 04:00 am",116.864,219.787,102.924
"Aug 18, 05:00 am",116.76,219.787,103.027
"Aug 18, 06:00 am",116.649,219.787,103.138
"Aug 18, 07:00 am",116.524,219.787,103.263
"Aug 18, 08:00 am",116.373,219.787,103.415
"Aug 18, 09:00 am",13.501,219.787,206.233
"Aug 18, 10:00 am",30.7452,219.787,188.989
"Aug 18, 11:00 am",55.9498,219.787,163.785
"Aug 18, 12:00 pm",83.7615,219.787,135.973
"Aug 18, 01:00 pm",108.283,219.787,111.451
"Aug 18, 02:00 pm",125.147,219.787,94.5878
"Aug 18, 03:00 pm",130.458,219.787,89.2769
"Aug 18, 04:00 pm",122.462,219.787,97.2724
"Aug 18, 05:00 pm",121.431,219.787,98.3564
"Aug 18, 06:00 pm",121.345,219.787,98.442
"Aug 18, 07:00 pm",121.259,219.787,98.5282
"Aug 18, 08:00 pm",121.172,219.787,98.6151
"Aug 18, 09:00 pm",121.084,219.787,98.7029
"Aug 18, 10:00 pm",120.996,219.787,98.7915
"Aug 18, 11:00 pm",120.906,219.787,98.8814
"Aug 19, 12:00 am",120.815,219.787,98.9726
"Aug 19, 01:00 am",120.722,219.787,99.0656
"Aug 19, 02:00 am",120.627,219.787,99.1607
"Aug 19, 03:00 am",120.529,219.787,99.2586
"Aug 19, 04:00 am",120.427,219.787,99.3603
"Aug 19, 05:00 am",120.32,219.787,99.4674
"Aug 19, 06:00 am",120.205,219.787,99.5825
"Aug 19, 07:00 am",120.076,219.787,99.7114
"Aug 19, 08:00 am",119.919,219.787,99.8684
"Aug 19, 09:00 am",110.134,219.787,109.653
"Aug 19, 10:00 am",6.64553,219.787,213.142
"Aug 19, 11:00 am",6.37742,219.787,213.357
"Aug 19, 12:00 pm",7.11872,219.787,212.616
"Aug 19, 01:00 pm",8.25393,219.787,211.48
"Aug 19, 02:00 pm",8.78318,219.787,210.951
"Aug 19, 03:00 pm",9.54631,219.787,210.188
"Aug 19, 04:00 pm",9.12127,219.787,210.613
"Aug 19, 05:00 pm",9.05953,219.787,210.728
"Aug 19, 06:00 pm",9.06325,219.787,210.724
"Aug 19, 07:00 pm",9.067,219.787,210.72
"Aug 19, 08:00 pm",9.07077,219.787,210.717
"Aug 19, 09:00 pm",9.07458,219.787,210.713
"Aug 19, 10:00 pm",9.07843,219.787,210.709
"Aug 19, 11:00 pm",9.08233,219.787,210.705
"Aug 20, 12:00 am",9.0863,219.787,210.701
"Aug 20, 01:00 am",9.09033,219.787,210.697
"Aug 20, 02:00 am",9.09446,219.787,210.693
"Aug 20, 03:00 am",9.09872,219.787,210.689
"Aug 20, 04:00 am",9.10313,219.787,210.684
"Aug 20, 05:00 am",9.10778,219.787,210.68
"Aug 20, 06:00 am",9.11278,219.787,210.675
"Aug 20, 07:00 am",9.11838,219.787,210.669
"Aug 20, 08:00 am",9.1252,219.787,210.662
"Aug 20, 09:00 am",1.81121,219.787,217.923
"Aug 20, 10:00 am",19.0691,219.787,200.665
"Aug 20, 11:00 am",43.6146,219.787,176.12
"Aug 20, 12:00 pm",70.2239,219.787,149.511
"Aug 20, 01:00 pm",93.5719,219.787,126.162
"Aug 20, 02:00 pm",109.122,219.787,110.613
"Aug 20, 03:00 pm",113.688,219.787,106.046
"Aug 20, 04:00 pm",105.498,219.787,114.236
"Aug 20, 05:00 pm",104.897,219.787,114.891
"Aug 20, 06:00 pm",104.824,219.787,114.963
"Aug 20, 07:00 pm",104.751,219.787,115.036
"Aug 20, 08:00 pm",104.678,219.787,115.11
"Aug 20, 09:00 pm",104.603,219.787,115.184
"Aug 20, 10:00 pm",104.528,219.787,115.259
"Aug 20, 11:00 pm",104.452,219.787,115.335
"Aug 21, 12:00 am",104.375,219.787,115.412
"Aug 21, 01:00 am",104.296,219.787,115.491
"Aug 21, 02:00 am",104.216,219.787,115.571
"Aug 21, 03:00 am",104.133,219.787,115.654
"Aug 21, 04:00 am",104.047,219.787,115.74
"Aug 21, 05:00 am",103.956,219.787,115.831
"Aug 21, 06:00 am",103.859,219.787,115.928
"Aug 21, 07:00 am",103.75,219.787,116.038
"Aug 21, 08:00 am",103.617,219.787,116.17
"Aug 21, 09:00 am",95.1659,219.787,124.621
"Aug 21, 10:00 am",6.14779,219.787,213.587
"Aug 21, 11:00 am",7.27377,219.787,212.461
"Aug 21, 12:00 pm",44.1523,219.787,175.582
"Aug 21, 01:00 pm",71.2677,219.787,148.467
"Aug 21, 02:00 pm",89.9479,219.787,129.786
"Aug 21, 03:00 pm",97.0322,219.787,122.702
"Aug 21, 04:00 pm",90.9403,219.787,128.794
"Aug 21, 05:00 pm",89.9471,219.787,129.84
"Aug 21, 06:00 pm",89.8865,219.787,129.901
"Aug 21, 07:00 pm",89.8255,219.787,129.962
"Aug 21, 08:00 pm",89.764,219.787,130.023
"Aug 21, 09:00 pm",89.7019,219.787,130.085
"Aug 21, 10:00 pm",89.6392,219.787,130.148
"Aug 21, 11:00 pm",89.5756,219.787,130.212
"Aug 22, 12:00 am",89.511,219.787,130.276
"Aug 22, 01:00 am",89.4453,219.787,130.342
"Aug 22, 02:00 am",89.378,219.787,130.409
"Aug 22, 03:00 am",89.3087,219.787,130.479
"Aug 22, 04:00 am",89.2367,219.787,130.551
"Aug 22, 05:00 am",89.1609,219.787,130.626
"Aug 22, 06:00 am",89.0794,219.787,130.708
"Aug 22, 07:00 am",88.9882,219.787,130.799
"Aug 22, 08:00 am",88.8772,219.787,130.91
"Aug 22, 09:00 am",9.53135,219.787,210.203
"Aug 22, 10:00 am",24.9171,219.787,194.817
"Aug 22, 11:00 am",47.8791,219.787,171.855
"Aug 22, 12:00 pm",40.2424,219.787,179.492
"Aug 22, 01:00 pm",38.3931,219.787,181.341
"Aug 22, 02:00 pm",36.6352,219.787,183.099
"Aug 22, 03:00 pm",36.5224,219.787,183.265
"Aug 22, 04:00 pm",36.5043,219.787,183.283
"Aug 22, 05:00 pm",36.4861,219.787,183.301
"Aug 22, 06:00 pm",36.4677,219.787,183.32
"Aug 22, 07:00 pm",36.4491,219.787,183.338
"Aug 22, 08:00 pm",36.4304,219.787,183.357
"Aug 22, 09:00 pm",36.4114,219.787,183.376
"Aug 22, 10:00 pm",36.3921,219.787,183.395
"Aug 22, 11:00 pm",36.3724,219.787,183.415
"Aug 23, 12:00 am",36.3523,219.787,183.435
"Aug 23, 01:00 am",36.3316,219.787,183.456
"Aug 23, 02:00 am",36.31,219.787,183.477
"Aug 23, 03:00 am",36.2874,219.787,183.5
"Aug 23, 04:00 am",36.263,219.787,183.524
"Aug 23, 05:00 am",36.2358,219.787,183.552
"Aug 23, 06:00 am",36.2025,219.787,183.585
"Aug 23, 07:00 am",33.2552,219.787,186.532
"Aug 23, 08:00 am",2.08575,219.787,217.702
"Aug 23, 09:00 am",1.97808,219.787,217.809
"Aug 23, 10:00 am",1.8765,219.787,217.911
"Aug 23, 11:00 am",2.10552,219.787,217.629
"Aug 23, 12:00 pm",1.96128,219.787,217.773
"Aug 23, 01:00 pm",1.892,219.787,217.842
"Aug 23, 02:00 pm",1.94158,219.787,217.846
"Aug 23, 03:00 pm",2.09887,219.787,217.636
"Aug 23, 04:00 pm",2.07096,219.787,217.716
"Aug 23, 05:00 pm",2.08023,219.787,217.707
"Aug 23, 06:00 pm",2.08957,219.787,217.698
"Aug 23, 07:00 pm",2.09899,219.787,217.688
"Aug 23, 08:00 pm",2.10849,219.787,217.679
"Aug 23, 09:00 pm",2.1181,219.787,217.669
"Aug 23, 10:00 pm",2.12783,219.787,217.66
"Aug 23, 11:00 pm",2.13771,219.787,217.65
"Aug 24, 12:00 am",2.14778,219.787,217.64
"Aug 24, 01:00 am",2.15808,219.787,217.629
"Aug 24, 02:00 am",2.16869,219.787,217.619
"Aug 24, 03:00 am",2.17971,219.787,217.608
"Aug 24, 04:00 am",2.1913,219.787,217.596
"Aug 24, 05:00 am",2.20378,219.787,217.584
"Aug 24, 06:00 am",2.21774,219.787,217.57
"Aug 24, 07:00 am",2.23474,219.787,217.553
"Aug 24, 08:00 am",2.0588,219.787,217.729
"Aug 24, 09:00 am",0.203618,219.787,219.584
"Aug 24, 10:00 am",0.421738,219.787,219.313
"Aug 24, 11:00 am",1.53066,219.787,218.204
"Aug 24, 12:00 pm",1.76701,219.787,217.967
"Aug 24, 01:00 pm",2.1972,219.787,217.537
"Aug 24, 02:00 pm",2.42518,219.787,217.309
"Aug 24, 03:00 pm",25.4735,219.787,194.261
"Aug 24, 04:00 pm",27.375,219.787,192.359
"Aug 24, 05:00 pm",25.2397,219.787,194.548
"Aug 24, 06:00 pm",25.2305,219.787,194.557
"Aug 24, 07:00 pm",25.2213,219.787,194.566
"Aug 24, 08:00 pm",25.212,219.787,194.575
"Aug 24, 09:00 pm",25.2027,219.787,194.585
"Aug 24, 10:00 pm",25.1932,219.787,194.594
"Aug 24, 11:00 pm",25.1836,219.787,194.604
"Aug 25, 12:00 am",25.1738,219.787,194.614
"Aug 25, 01:00 am",25.1639,219.787,194.623
"Aug 25, 02:00 am",25.1538,219.787,194.634
"Aug 25, 03:00 am",25.1433,219.787,194.644
"Aug 25, 04:00 am",25.1324,219.787,194.655
"Aug 25, 05:00 am",25.121,219.787,194.666
"Aug 25, 06:00 am",25.1087,219.787,194.679
"Aug 25, 07:00 am",25.0949,219.787,194.692
"Aug 25, 08:00 am",25.0782,219.787,194.709
"Aug 25, 09:00 am",4.15208,219.787,215.582
"Aug 25, 10:00 am",21.6635,219.787,198.071
"Aug 25, 11:00 am",46.8361,219.787,172.898
"Aug 25, 12:00 pm",74.1051,219.787,145.629
"Aug 25, 01:00 pm",98.0981,219.787,121.636
"Aug 25, 02:00 pm",114.253,219.787,105.481
"Aug 25, 03:00 pm",118.854,219.787,100.88
"Aug 25, 04:00 pm",110.205,219.787,109.53
"Aug 25, 05:00 pm",109.607,219.787,110.181
"Aug 25, 06:00 pm",109.531,219.787,110.257
"Aug 25, 07:00 pm",109.454,219.787,110.334
"Aug 25, 08:00 pm",109.376,219.787,110.411
"Aug 25, 09:00 pm",109.298,219.787,110.489
"Aug 25, 10:00 pm",109.219,219.787,110.568
"Aug 25, 11:00 pm",109.139,219.787,110.648
"Aug 26, 12:00 am",109.058,219.787,110.729
"Aug 26, 01:00 am",108.975,219.787,110.812
"Aug 26, 02:00 am",108.891,219.787,110.897
"Aug 26, 03:00 am",108.804,219.787,110.984
"Aug 26, 04:00 am",108.713,219.787,111.074
"Aug 26, 05:00 am",108.618,219.787,111.17
"Aug 26, 06:00 am",108.515,219.787,111.272
"Aug 26, 07:00 am",108.401,219.787,111.387
"Aug 26, 08:00 am",108.261,219.787,111.527
"Aug 26, 09:00 am",12.942,219.787,206.792
"Aug 26, 10:00 am",30.4839,219.787,189.25
"Aug 26, 11:00 am",55.8597,219.787,163.875
"Aug 26, 12:00 pm",48.8182,219.787,170.916
"Aug 26, 01:00 pm",47.9053,219.787,171.829
"Aug 26, 02:00 pm",46.9273,219.787,172.807
"Aug 26, 03:00 pm",66.9472,219.787,152.787
"Aug 26, 04:00 pm",65.8099,219.787,153.924
"Aug 26, 05:00 pm",63.82,219.787,155.967
"Aug 26, 06:00 pm",63.7802,219.787,156.007
"Aug 26, 07:00 pm",63.7401,219.787,156.047
"Aug 26, 08:00 pm",63.6997,219.787,156.088
"Aug 26, 09:00 pm",63.6589,219.787,156.128
"Aug 26, 10:00 pm",63.6176,219.787,156.17
"Aug 26, 11:00 pm",63.5759,219.787,156.211
"Aug 27, 12:00 am",63.5334,219.787,156.254
"Aug 27, 01:00 am",63.4902,219.787,156.297
"Aug 27, 02:00 am",63.446,219.787,156.341
"Aug 27, 03:00 am",63.4004,219.787,156.387
"Aug 27, 04:00 am",63.3531,219.787,156.434
"Aug 27, 05:00 am",63.3033,219.787,156.484
"Aug 27, 06:00 am",63.2498,219.787,156.538
"Aug 27, 07:00 am",63.1899,219.787,156.597
"Aug 27, 08:00 am",63.1169,219.787,156.67
"Aug 27, 09:00 am",57.9551,219.787,161.832
"Aug 27, 10:00 am",3.37576,219.787,216.412
"Aug 27, 11:00 am",3.19517,219.787,216.592
"Aug 27, 12:00 pm",3.04118,219.787,216.693
"Aug 27, 01:00 pm",3.08559,219.787,216.649
"Aug 27, 02:00 pm",2.96729,219.787,216.767
"Aug 27, 03:00 pm",4.35222,219.787,215.382
"Aug 27, 04:00 pm",4.23657,219.787,215.498
"Aug 27, 05:00 pm",4.17559,219.787,215.612
"Aug 27, 06:00 pm",4.18319,219.787,215.604
"Aug 27, 07:00 pm",4.19085,219.787,215.596
"Aug 27, 08:00 pm",4.19856,219.787,215.589
"Aug 27, 09:00 pm",4.20635,219.787,215.581
"Aug 27, 10:00 pm",4.21423,219.787,215.573
"Aug 27, 11:00 pm",4.2222,219.787,215.565
"Aug 28, 12:00 am",4.2303,219.787,215.557
"Aug 28, 01:00 am",4.23855,219.787,215.549
"Aug 28, 02:00 am",4.247,219.787,215.54
"Aug 28, 03:00 am",4.25569,219.787,215.532
"Aug 28, 04:00 am",4.26472,219.787,215.523
"Aug 28, 05:00 am",4.27422,219.787,215.513
"Aug 28, 06:00 am",4.28445,219.787,215.503
"Aug 28, 07:00 am",4.29589,219.787,215.491
"Aug 28, 08:00 am",4.30982,219.787,215.478
"Aug 28, 09:00 am",3.96429,219.787,215.823
"Aug 28, 10:00 am",2.01656,219.787,217.718
"Aug 28, 11:00 am",3.06235,219.787,216.672
"Aug 28, 12:00 pm",4.77968,219.787,214.955
"Aug 28, 01:00 pm",6.78756,219.787,212.947
"Aug 28, 02:00 pm",8.04199,219.787,211.692
"Aug 28, 03:00 pm",9.23728,219.787,210.497
"Aug 28, 04:00 pm",9.61217,219.787,210.122
"Aug 28, 05:00 pm",9.32166,219.787,210.466
"Aug 28, 06:00 pm",9.32517,219.787,210.462
"Aug 28, 07:00 pm",9.32871,219.787,210.459
"Aug 28, 08:00 pm",9.33227,219.787,210.455
"Aug 28, 09:00 pm",9.33587,219.787,210.451
"Aug 28, 10:00 pm",9.3395,219.787,210.448
"Aug 28, 11:00 pm",9.34318,219.787,210.444
"Aug 29, 12:00 am",9.34692,219.787,210.44
"Aug 29, 01:00 am",9.35073,219.787,210.437
"Aug 29, 02:00 am",9.35463,219.787,210.433
"Aug 29, 03:00 am",9.35865,219.787,210.429
"Aug 29, 04:00 am",9.36282,219.787,210.425
"Aug 29, 05:00 am",9.36721,219.787,210.42
"Aug 29, 06:00 am",9.37193,219.787,210.415
"Aug 29, 07:00 am",9.37721,219.787,210.41
"Aug 29, 08:00 am",9.38365,219.787,210.404
"Aug 29, 09:00 am",8.62192,219.787,211.165
"Aug 29, 10:00 am",1.95634,219.787,217.778
"Aug 29, 11:00 am",33.3636,219.787,186.371
"Aug 29, 12:00 pm",29.2139,219.787,190.52
"Aug 29, 01:00 pm",30.0234,219.787,189.711
"Aug 29, 02:00 pm",31.0752,219.787,188.659
"Aug 29, 03:00 pm",29.5834,219.787,190.151
"Aug 29, 04:00 pm",28.4827,219.787,191.252
"Aug 29, 05:00 pm",28.3199,219.787,191.467
"Aug 29, 06:00 pm",28.3083,219.787,191.479
"Aug 29, 07:00 pm",28.2966,219.787,191.491
"Aug 29, 08:00 pm",28.2848,219.787,191.503
"Aug 29, 09:00 pm",28.273,219.787,191.514
"Aug 29, 10:00 pm",28.261,219.787,191.526
"Aug 29, 11:00 pm",28.2488,219.787,191.539
"Aug 30, 12:00 am",28.2364,219.787,191.551
"Aug 30, 01:00 am",28.2239,219.787,191.563
"Aug 30, 02:00 am",28.211,219.787,191.576
"Aug 30, 03:00 am",28.1977,219.787,191.59
"Aug 30, 04:00 am",28.1839,219.787,191.603
"Aug 30, 05:00 am",28.1694,219.787,191.618
"Aug 30, 06:00 am",28.1538,219.787,191.633
"Aug 30, 07:00 am",28.1364,219.787,191.651
"Aug 30, 08:00 am",28.1151,219.787,191.672
"Aug 30, 09:00 am",3.61495,219.787,216.119
"Aug 30, 10:00 am",21.2598,219.787,198.475
"Aug 30, 11:00 am",45.9696,219.787,173.765
"Aug 30, 12:00 pm",72.6277,219.787,147.107
"Aug 30, 01:00 pm",60.4698,219.787,159.265
"Aug 30, 02:00 pm",60.377,219.787,159.41
"Aug 30, 03:00 pm",60.34,219.787,159.447
"Aug 30, 04:00 pm",60.3026,219.787,159.485
"Aug 30, 05:00 pm",60.265,219.787,159.522
"Aug 30, 06:00 pm",60.227,219.787,159.56
"Aug 30, 07:00 pm",60.1886,219.787,159.599
"Aug 30, 08:00 pm",60.1497,219.787,159.638
"Aug 30, 09:00 pm",60.1102,219.787,159.677
"Aug 30, 10:00 pm",60.0699,219.787,159.717
"Aug 30, 11:00 pm",60.0287,219.787,159.759
"Aug 31, 12:00 am",59.9863,219.787,159.801
"Aug 31, 01:00 am",59.9423,219.787,159.845
"Aug 31, 02:00 am",59.8959,219.787,159.891
"Aug 31, 03:00 am",59.846,219.787,159.941
"Aug 31, 04:00 am",59.7902,219.787,159.997
"Aug 31, 05:00 am",59.7222,219.787,160.065
"Aug 31, 06:00 am",54.8567,219.787,164.931
"Aug 31, 07:00 am",3.39771,219.787,216.39
"Aug 31, 08:00 am",3.21588,219.787,216.571
"Aug 31, 09:00 am",3.04433,219.787,216.743
"Aug 31, 10:00 am",2.88248,219.787,216.905
"Aug 31, 11:00 am",2.95791,219.787,216.776
"Aug 31, 12:00 pm",3.61874,219.787,216.116
"Aug 31, 01:00 pm",4.48456,219.787,215.25
"Aug 31, 02:00 pm",5.03909,219.787,214.695
"Aug 31, 03:00 pm",6.33648,219.787,213.398
"Aug 31, 04:00 pm",6.37298,219.787,213.361
"Aug 31, 05:00 pm",6.22962,219.787,213.558
"Aug 31, 06:00 pm",6.23559,219.787,213.552
"Aug 31, 07:00 pm",6.2416,219.787,213.546
"Aug 31, 08:00 pm",6.24766,219.787,213.54
"Aug 31, 09:00 pm",6.25377,219.787,213.534
"Aug 31, 10:00 pm",6.25995,219.787,213.527
"Aug 31, 11:00 pm",6.26622,219.787,213.521
"Sep 1, 12:00 am",6.27258,219.787,213.515
"Sep 1, 01:00 am",6.27905,219.787,213.508
"Sep 1, 02:00 am",6.28568,219.787,213.502
"Sep 1, 03:00 am",6.29251,219.787,213.495
"Sep 1, 04:00 am",6.2996,219.787,213.488
"Sep 1, 05:00 am",6.30706,219.787,213.48
"Sep 1, 06:00 am",6.31509,219.787,213.472
"Sep 1, 07:00 am",6.32407,219.787,213.463
"Sep 1, 08:00 am",6.33501,219.787,213.452
"Sep 1, 09:00 am",4.54853,219.787,215.186
"Sep 1, 10:00 am",23.7505,219.787,195.984
"Sep 1, 11:00 am",50.4032,219.787,169.331
"Sep 1, 12:00 pm",78.8363,219.787,140.898
"Sep 1, 01:00 pm",103.669,219.787,116.066
"Sep 1, 02:00 pm",120.441,219.787,99.2936
"Sep 1, 03:00 pm",112.574,219.787,107.214
"Sep 1, 04:00 pm",112.495,219.787,107.292
"Sep 1, 05:00 pm",112.416,219.787,107.371
"Sep 1, 06:00 pm",112.336,219.787,107.451
"Sep 1, 07:00 pm",112.256,219.787,107.532
"Sep 1, 08:00 pm",112.174,219.787,107.613
"Sep 1, 09:00 pm",112.092,219.787,107.696
"Sep 1, 10:00 pm",112.008,219.787,107.779
"Sep 1, 11:00 pm",111.923,219.787,107.865
"Sep 2, 12:00 am",111.835,219.787,107.952
"Sep 2, 01:00 am",111.746,219.787,108.042
"Sep 2, 02:00 am",111.652,219.787,108.135
"Sep 2, 03:00 am",111.554,219.787,108.233
"Sep 2, 04:00 am",111.448,219.787,108.339
"Sep 2, 05:00 am",111.33,219.787,108.457
"Sep 2, 06:00 am",111.186,219.787,108.601
"Sep 2, 07:00 am",102.043,219.787,117.744
"Sep 2, 08:00 am",5.39896,219.787,214.388
"Sep 2, 09:00 am",5.39146,219.787,214.343
"Sep 2, 10:00 am",6.74166,219.787,212.993
"Sep 2, 11:00 am",8.16239,219.787,211.572
"Sep 2, 12:00 pm",12.7863,219.787,206.948
"Sep 2, 01:00 pm",16.4918,219.787,203.243
"Sep 2, 02:00 pm",18.9961,219.787,200.738
"Sep 2, 03:00 pm",43.4994,219.787,176.235
"Sep 2, 04:00 pm",45.8999,219.787,173.834
"Sep 2, 05:00 pm",43.1767,219.787,176.611
"Sep 2, 06:00 pm",43.1533,219.787,176.634
"Sep 2, 07:00 pm",43.1297,219.787,176.658
"Sep 2, 08:00 pm",43.106,219.787,176.681
"Sep 2, 09:00 pm",43.082,219.787,176.705
"Sep 2, 10:00 pm",43.0577,219.787,176.73
"Sep 2, 11:00 pm",43.0332,219.787,176.754
"Sep 3, 12:00 am",43.0082,219.787,176.779
"Sep 3, 01:00 am",42.9828,219.787,176.805
"Sep 3, 02:00 am",42.9568,219.787,176.831
"Sep 3, 03:00 am",42.9301,219.787,176.857
"Sep 3, 04:00 am",42.9022,219.787,176.885
"Sep 3, 05:00 am",42.873,219.787,176.914
"Sep 3, 06:00 am",42.8415,219.787,176.946
"Sep 3, 07:00 am",42.8063,219.787,176.981
"Sep 3, 08:00 am",42.7634,219.787,177.024
"Sep 3, 09:00 am",39.2542,219.787,180.533
"Sep 3, 10:00 am",2.37172,219.787,217.363
"Sep 3, 11:00 am",3.16191,219.787,216.572
"Sep 3, 12:00 pm",4.21322,219.787,215.521
"Sep 3, 01:00 pm",5.02383,219.787,214.711
"Sep 3, 02:00 pm",5.54477,219.787,214.19
"Sep 3, 03:00 pm",6.78339,219.787,212.951
"Sep 3, 04:00 pm",6.50808,219.787,213.226
"Sep 3, 05:00 pm",6.43708,219.787,213.35
"Sep 3, 06:00 pm",6.44288,219.787,213.344
"Sep 3, 07:00 pm",6.44872,219.787,213.339
"Sep 3, 08:00 pm",6.45461,219.787,213.333
"Sep 3, 09:00 pm",6.46056,219.787,213.327
"Sep 3, 10:00 pm",6.46657,219.787,213.321
"Sep 3, 11:00 pm",6.47266,219.787,213.315
"Sep 4, 12:00 am",6.47884,219.787,213.309
"Sep 4, 01:00 am",6.48514,219.787,213.302
"Sep 4, 02:00 am",6.49159,219.787,213.296
"Sep 4, 03:00 am",6.49823,219.787,213.289
"Sep 4, 04:00 am",6.50512,219.787,213.282
"Sep 4, 05:00 am",6.51238,219.787,213.275
"Sep 4, 06:00 am",6.52018,219.787,213.267
"Sep 4, 07:00 am",6.52892,219.787,213.258
"Sep 4, 08:00 am",6.53956,219.787,213.248
"Sep 4, 09:00 am",6.01205,219.787,213.775
"Sep 4, 10:00 am",0.438547,219.787,219.349
"Sep 4, 11:00 am",0.659488,219.787,219.075
"Sep 4, 12:00 pm",2.00681,219.787,217.728
"Sep 4, 01:00 pm",3.17775,219.787,216.557
"Sep 4, 02:00 pm",4.13822,219.787,215.596
"Sep 4, 03:00 pm",6.39816,219.787,213.336
"Sep 4, 04:00 pm",6.77408,219.787,212.96
"Sep 4, 05:00 pm",6.48698,219.787,213.3
"Sep 4, 06:00 pm",6.49274,219.787,213.295
"Sep 4, 07:00 pm",6.49854,219.787,213.289
"Sep 4, 08:00 pm",6.50439,219.787,213.283
"Sep 4, 09:00 pm",6.5103,219.787,213.277
"Sep 4, 10:00 pm",6.51627,219.787,213.271
"Sep 4, 11:00 pm",6.52232,219.787,213.265
"Sep 5, 12:00 am",6.52846,219.787,213.259
"Sep 5, 01:00 am",6.53472,219.787,213.253
"Sep 5, 02:00 am",6.54112,219.787,213.246
"Sep 5, 03:00 am",6.54771,219.787,213.24
"Sep 5, 04:00 am",6.55456,219.787,213.233
"Sep 5, 05:00 am",6.56176,219.787,213.226
"Sep 5, 06:00 am",6.56952,219.787,213.218
"Sep 5, 07:00 am",6.57819,219.787,213.209
"Sep 5, 08:00 am",6.58876,219.787,213.199
"Sep 5, 09:00 am",0.686894,219.787,219.048
"Sep 5, 10:00 am",1.74989,219.787,217.985
"Sep 5, 11:00 am",3.19212,219.787,216.542
"Sep 5, 12:00 pm",5.05762,219.787,214.677
"Sep 5, 01:00 pm",6.75056,219.787,212.984
"Sep 5, 02:00 pm",7.85613,219.787,211.878
"Sep 5, 03:00 pm",8.658,219.787,211.076
"Sep 5, 04:00 pm",8.62175,219.787,211.113
"Sep 5, 05:00 pm",8.46832,219.787,211.319
"Sep 5, 06:00 pm",8.47251,219.787,211.315
"Sep 5, 07:00 pm",8.47673,219.787,211.311
"Sep 5, 08:00 pm",8.48098,219.787,211.306
"Sep 5, 09:00 pm",8.48527,219.787,211.302
"Sep 5, 10:00 pm",8.48961,219.787,211.298
"Sep 5, 11:00 pm",8.494,219.787,211.293
"Sep 6, 12:00 am",8.49847,219.787,211.289
"Sep 6, 01:00 am",8.50301,219.787,211.284
"Sep 6, 02:00 am",8.50767,219.787,211.28
"Sep 6, 03:00 am",8.51246,219.787,211.275
"Sep 6, 04:00 am",8.51743,219.787,211.27
"Sep 6, 05:00 am",8.52267,219.787,211.265
"Sep 6, 06:00 am",8.5283,219.787,211.259
"Sep 6, 07:00 am",8.53461,219.787,211.253
"Sep 6, 08:00 am",8.54228,219.787,211.245
"Sep 6, 09:00 am",7.85059,219.787,211.937
"Sep 6, 10:00 am",0.540905,219.787,219.246
"Sep 6, 11:00 am",0.513346,219.787,219.221
"Sep 6, 12:00 pm",0.53231,219.787,219.202
"Sep 6, 01:00 pm",0.805733,219.787,218.929
"Sep 6, 02:00 pm",0.968441,219.787,218.766
"Sep 6, 03:00 pm",1.93305,219.787,217.801
"Sep 6, 04:00 pm",1.81569,219.787,217.919
"Sep 6, 05:00 pm",1.81972,219.787,217.968
"Sep 6, 06:00 pm",1.82919,219.787,217.958
"Sep 6, 07:00 pm",1.83873,219.787,217.949
"Sep 6, 08:00 pm",1.84835,219.787,217.939
"Sep 6, 09:00 pm",1.85805,219.787,217.929
"Sep 6, 10:00 pm",1.86787,219.787,217.919
"Sep 6, 11:00 pm",1.87781,219.787,217.91
"Sep 7, 12:00 am",1.8879,219.787,217.899
"Sep 7, 01:00 am",1.89819,219.787,217.889
"Sep 7, 02:00 am",1.90871,219.787,217.879
"Sep 7, 03:00 am",1.91955,219.787,217.868
"Sep 7, 04:00 am",1.9308,219.787,217.857
"Sep 7, 05:00 am",1.94265,219.787,217.845
"Sep 7, 06:00 am",1.95539,219.787,217.832
"Sep 7, 07:00 am",1.96965,219.787,217.818
"Sep 7, 08:00 am",1.98702,219.787,217.8
"Sep 7, 09:00 am",1.83161,219.787,217.956
"Sep 7, 10:00 am",0.467708,219.787,219.267
"Sep 7, 11:00 am",1.38121,219.787,218.353
"Sep 7, 12:00 pm",1.61061,219.787,218.124
"Sep 7, 01:00 pm",1.84717,219.787,217.887
"Sep 7, 02:00 pm",1.9732,219.787,217.761
"Sep 7, 03:00 pm",4.51411,219.787,215.22
"Sep 7, 04:00 pm",4.88236,219.787,214.852
"Sep 7, 05:00 pm",4.63195,219.787,215.155
"Sep 7, 06:00 pm",4.63919,219.787,215.148
"Sep 7, 07:00 pm",4.64648,219.787,215.141
"Sep 7, 08:00 pm",4.65383,219.787,215.134
"Sep 7, 09:00 pm",4.66124,219.787,215.126
"Sep 7, 10:00 pm",4.66874,219.787,215.119
"Sep 7, 11:00 pm",4.67634,219.787,215.111
"Sep 8, 12:00 am",4.68405,219.787,215.103
"Sep 8, 01:00 am",4.69191,219.787,215.095
"Sep 8, 02:00 am",4.69995,219.787,215.087
"Sep 8, 03:00 am",4.70823,219.787,215.079
"Sep 8, 04:00 am",4.71683,219.787,215.071
"Sep 8, 05:00 am",4.72588,219.787,215.061
"Sep 8, 06:00 am",4.73561,219.787,215.052
"Sep 8, 07:00 am",4.74651,219.787,215.041
"Sep 8, 08:00 am",4.75978,219.787,215.028
"Sep 8, 09:00 am",4.54101,219.787,215.193
"Sep 8, 10:00 am",23.7575,219.787,195.977
"Sep 8, 11:00 am",50.4752,219.787,169.259
"Sep 8, 12:00 pm",42.9637,219.787,176.771
"Sep 8, 01:00 pm",40.5811,219.787,179.153
"Sep 8, 02:00 pm",40.8255,219.787,178.909
"Sep 8, 03:00 pm",38.5943,219.787,181.14
"Sep 8, 04:00 pm",43.9822,219.787,175.752
"Sep 8, 05:00 pm",42.0956,219.787,177.692
"Sep 8, 06:00 pm",42.073,219.787,177.714
"Sep 8, 07:00 pm",42.0503,219.787,177.737
"Sep 8, 08:00 pm",42.0275,219.787,177.76
"Sep 8, 09:00 pm",42.0044,219.787,177.783
"Sep 8, 10:00 pm",41.981,219.787,177.806
"Sep 8, 11:00 pm",41.9574,219.787,177.83
"Sep 9, 12:00 am",41.9333,219.787,177.854
"Sep 9, 01:00 am",41.9089,219.787,177.878
"Sep 9, 02:00 am",41.8838,219.787,177.904
"Sep 9, 03:00 am",41.858,219.787,177.929
"Sep 9, 04:00 am",41.8312,219.787,177.956
"Sep 9, 05:00 am",41.803,219.787,177.984
"Sep 9, 06:00 am",41.7727,219.787,178.015
"Sep 9, 07:00 am",41.7388,219.787,178.049
"Sep 9, 08:00 am",41.6975,219.787,178.09
"Sep 9, 09:00 am",8.38674,219.787,211.348
"Sep 9, 10:00 am",28.3423,219.787,191.392
"Sep 9, 11:00 am",55.7345,219.787,164
"Sep 9, 12:00 pm",84.5636,219.787,135.171
"Sep 9, 01:00 pm",109.392,219.787,110.342
"Sep 9, 02:00 pm",125.536,219.787,94.198
"Sep 9, 03:00 pm",129.394,219.787,90.3409
"Sep 9, 04:00 pm",119.37,219.787,100.364
"Sep 9, 05:00 pm",118.949,219.787,100.838
"Sep 9, 06:00 pm",118.865,219.787,100.922
"Sep 9, 07:00 pm",118.781,219.787,101.006
"Sep 9, 08:00 pm",118.696,219.787,101.091
"Sep 9, 09:00 pm",118.61,219.787,101.177
"Sep 9, 10:00 pm",118.524,219.787,101.264
"Sep 9, 11:00 pm",118.436,219.787,101.351
"Sep 10, 12:00 am",118.347,219.787,101.44
"Sep 10, 01:00 am",118.256,219.787,101.531
"Sep 10, 02:00 am",118.163,219.787,101.624
"Sep 10, 03:00 am",118.068,219.787,101.72
"Sep 10, 04:00 am",117.968,219.787,101.819
"Sep 10, 05:00 am",117.864,219.787,101.924
"Sep 10, 06:00 am",117.751,219.787,102.036
"Sep 10, 07:00 am",117.625,219.787,102.162
"Sep 10, 08:00 am",117.472,219.787,102.316
"Sep 10, 09:00 am",15.7725,219.787,203.962
"Sep 10, 10:00 am",34.4952,219.787,185.239
"Sep 10, 11:00 am",60.8565,219.787,158.878
"Sep 10, 12:00 pm",88.8283,219.787,130.906
"Sep 10, 01:00 pm",113.101,219.787,106.634
"Sep 10, 02:00 pm",128.781,219.787,90.9534
"Sep 10, 03:00 pm",132.218,219.787,87.516
"Sep 10, 04:00 pm",121.767,219.787,97.9677
"Sep 10, 05:00 pm",121.429,219.787,98.3588
"Sep 10, 06:00 pm",121.343,219.787,98.4444
"Sep 10, 07:00 pm",121.257,219.787,98.5306
"Sep 10, 08:00 pm",121.17,219.787,98.6175
"Sep 10, 09:00 pm",121.082,219.787,98.7052
"Sep 10, 10:00 pm",120.993,219.787,98.7939
"Sep 10, 11:00 pm",120.904,219.787,98.8837
"Sep 11, 12:00 am",120.812,219.787,98.975
"Sep 11, 01:00 am",120.719,219.787,99.0679
"Sep 11, 02:00 am",120.624,219.787,99.163
"Sep 11, 03:00 am",120.526,219.787,99.2609
"Sep 11, 04:00 am",120.425,219.787,99.3626
"Sep 11, 05:00 am",120.318,219.787,99.4697
"Sep 11, 06:00 am",120.202,219.787,99.5849
"Sep 11, 07:00 am",120.074,219.787,99.7137
"Sep 11, 08:00 am",119.917,219.787,99.8707
"Sep 11, 09:00 am",17.5274,219.787,202.207
"Sep 11, 10:00 am",37.4484,219.787,182.286
"Sep 11, 11:00 am",64.6321,219.787,155.102
"Sep 11, 12:00 pm",93.5041,219.787,126.23
"Sep 11, 01:00 pm",118.059,219.787,101.675
"Sep 11, 02:00 pm",133.945,219.787,85.7897
"Sep 11, 03:00 pm",137.613,219.787,82.121
"Sep 11, 04:00 pm",127.446,219.787,92.2879
"Sep 11, 05:00 pm",126.918,219.787,92.8696
"Sep 11, 06:00 pm",126.828,219.787,92.9595
"Sep 11, 07:00 pm",126.737,219.787,93.0501
"Sep 11, 08:00 pm",126.646,219.787,93.1415
"Sep 11, 09:00 pm",126.554,219.787,93.2337
"Sep 11, 10:00 pm",126.46,219.787,93.3269
"Sep 11, 11:00 pm",126.366,219.787,93.4213
"Sep 12, 12:00 am",126.27,219.787,93.5172
"Sep 12, 01:00 am",126.173,219.787,93.6148
"Sep 12, 02:00 am",126.073,219.787,93.7148
"Sep 12, 03:00 am",125.97,219.787,93.8177
"Sep 12, 04:00 am",125.863,219.787,93.9246
"Sep 12, 05:00 am",125.75,219.787,94.0371
"Sep 12, 06:00 am",125.629,219.787,94.1581
"Sep 12, 07:00 am",125.494,219.787,94.2936
"Sep 12, 08:00 am",125.329,219.787,94.4585
"Sep 12, 09:00 am",18.6881,219.787,201.046
"Sep 12, 10:00 am",39.4674,219.787,180.267
"Sep 12, 11:00 am",67.6714,219.787,152.063
"Sep 12, 12:00 pm",97.4632,219.787,122.271
"Sep 12, 01:00 pm",122.569,219.787,97.1655
"Sep 12, 02:00 pm",138.79,219.787,80.944
"Sep 12, 03:00 pm",142.759,219.787,76.975
"Sep 12, 04:00 pm",132.926,219.787,86.8086
"Sep 12, 05:00 pm",132.193,219.787,87.5942
"Sep 12, 06:00 pm",132.099,219.787,87.6883
"Sep 12, 07:00 pm",132.004,219.787,87.7832
"Sep 12, 08:00 pm",131.909,219.787,87.8788
"Sep 12, 09:00 pm",131.812,219.787,87.9753
"Sep 12, 10:00 pm",131.715,219.787,88.0728
"Sep 12, 11:00 pm",131.616,219.787,88.1716
"Sep 13, 12:00 am",131.515,219.787,88.272
"Sep 13, 01:00 am",131.413,219.787,88.3742
"Sep 13, 02:00 am",131.309,219.787,88.4788
"Sep 13, 03:00 am",131.201,219.787,88.5865
"Sep 13, 04:00 am",131.089,219.787,88.6984
"Sep 13, 05:00 am",130.971,219.787,88.8162
"Sep 13, 06:00 am",130.845,219.787,88.9428
"Sep 13, 07:00 am",130.703,219.787,89.0846
"Sep 13, 08:00 am",130.53,219.787,89.2572
"Sep 13, 09:00 am",18.5884,219.787,201.146
"Sep 13, 10:00 am",37.9792,219.787,181.755
"Sep 13, 11:00 am",64.5383,219.787,155.196
"Sep 13, 12:00 pm",92.5202,219.787,127.214
"Sep 13, 01:00 pm",116.425,219.787,103.309
"Sep 13, 02:00 pm",131.725,219.787,88.0091
"Sep 13, 03:00 pm",135.181,219.787,84.5536
"Sep 13, 04:00 pm",125.087,219.787,94.6479
"Sep 13, 05:00 pm",124.608,219.787,95.1796
"Sep 13, 06:00 pm",124.52,219.787,95.2677
"Sep 13, 07:00 pm",124.431,219.787,95.3565
"Sep 13, 08:00 pm",124.341,219.787,95.446
"Sep 13, 09:00 pm",124.251,219.787,95.5363
"Sep 13, 10:00 pm",124.16,219.787,95.6276
"Sep 13, 11:00 pm",124.067,219.787,95.7201
"Sep 14, 12:00 am",123.973,219.787,95.814
"Sep 14, 01:00 am",123.878,219.787,95.9097
"Sep 14, 02:00 am",123.78,219.787,96.0076
"Sep 14, 03:00 am",123.679,219.787,96.1084
"Sep 14, 04:00 am",123.574,219.787,96.2131
"Sep 14, 05:00 am",123.464,219.787,96.3233
"Sep 14, 06:00 am",123.345,219.787,96.4419
"Sep 14, 07:00 am",123.213,219.787,96.5746
"Sep 14, 08:00 am",123.051,219.787,96.7362
"Sep 14, 09:00 am",17.9173,219.787,201.817
"Sep 14, 10:00 am",37.4948,219.787,182.24
"Sep 14, 11:00 am",64.246,219.787,155.488
"Sep 14, 12:00 pm",92.5643,219.787,127.17
"Sep 14, 01:00 pm",116.866,219.787,102.868
"Sep 14, 02:00 pm",132.659,219.787,87.0752
"Sep 14, 03:00 pm",136.303,219.787,83.4312
"Sep 14, 04:00 pm",126.149,219.787,93.5853
"Sep 14, 05:00 pm",125.646,219.787,94.1413
"Sep 14, 06:00 pm",125.557,219.787,94.2303
"Sep 14, 07:00 pm",125.467,219.787,94.3199
"Sep 14, 08:00 pm",125.377,219.787,94.4102
"Sep 14, 09:00 pm",125.286,219.787,94.5014
"Sep 14, 10:00 pm",125.194,219.787,94.5935
"Sep 14, 11:00 pm",125.1,219.787,94.6869
"Sep 15, 12:00 am",125.006,219.787,94.7817
"Sep 15, 01:00 am",124.909,219.787,94.8783
"Sep 15, 02:00 am",124.81,219.787,94.9771
"Sep 15, 03:00 am",124.708,219.787,95.0789
"Sep 15, 04:00 am",124.603,219.787,95.1845
"Sep 15, 05:00 am",124.492,219.787,95.2958
"Sep 15, 06:00 am",124.372,219.787,95.4155
"Sep 15, 07:00 am",124.238,219.787,95.5494
"Sep 15, 08:00 am",124.075,219.787,95.7125
"Sep 15, 09:00 am",18.4514,219.787,201.283
"Sep 15, 10:00 am",38.5757,219.787,181.159
"Sep 15, 11:00 am",65.7896,219.787,153.945
"Sep 15, 12:00 pm",94.5183,219.787,125.216
"Sep 15, 01:00 pm",119.163,219.787,100.572
"Sep 15, 02:00 pm",135.133,219.787,84.6012
"Sep 15, 03:00 pm",138.936,219.787,80.7982
"Sep 15, 04:00 pm",128.989,219.787,90.7451
"Sep 15, 05:00 pm",128.372,219.787,91.4152
"Sep 15, 06:00 pm",128.281,219.787,91.5063
"Sep 15, 07:00 pm",128.189,219.787,91.5981
"Sep 15, 08:00 pm",128.097,219.787,91.6906
"Sep 15, 09:00 pm",128.003,219.787,91.784
"Sep 15, 10:00 pm",127.909,219.787,91.8784
"Sep 15, 11:00 pm",127.813,219.787,91.974
"Sep 16, 12:00 am",127.716,219.787,92.0711
"Sep 16, 01:00 am",127.617,219.787,92.17
"Sep 16, 02:00 am",127.516,219.787,92.2713
"Sep 16, 03:00 am",127.412,219.787,92.3755
"Sep 16, 04:00 am",127.304,219.787,92.4838
"Sep 16, 05:00 am",127.19,219.787,92.5977
"Sep 16, 06:00 am",127.067,219.787,92.7203
"Sep 16, 07:00 am",126.93,219.787,92.8575
"Sep 16, 08:00 am",126.763,219.787,93.0246
"Sep 16, 09:00 am",19.197,219.787,200.537
"Sep 16, 10:00 am",39.7149,219.787,180.02
"Sep 16, 11:00 am",67.4192,219.787,152.315
"Sep 16, 12:00 pm",96.5626,219.787,123.172
"Sep 16, 01:00 pm",121.478,219.787,98.2564
"Sep 16, 02:00 pm",137.396,219.787,82.3379
"Sep 16, 03:00 pm",141.012,219.787,78.7229
"Sep 16, 04:00 pm",130.844,219.787,88.8904
"Sep 16, 05:00 pm",130.252,219.787,89.5357
"Sep 16, 06:00 pm",130.159,219.787,89.6283
"Sep 16, 07:00 pm",130.066,219.787,89.7215
"Sep 16, 08:00 pm",129.972,219.787,89.8156
"Sep 16, 09:00 pm",129.877,219.787,89.9105
"Sep 16, 10:00 pm",129.781,219.787,90.0064
"Sep 16, 11:00 pm",129.684,219.787,90.1036
"Sep 17, 12:00 am",129.585,219.787,90.2023
"Sep 17, 01:00 am",129.484,219.787,90.3029
"Sep 17, 02:00 am",129.382,219.787,90.4058
"Sep 17, 03:00 am",129.276,219.787,90.5117
"Sep 17, 04:00 am",129.166,219.787,90.6218
"Sep 17, 05:00 am",129.05,219.787,90.7376
"Sep 17, 06:00 am",128.925,219.787,90.8622
"Sep 17, 07:00 am",128.786,219.787,91.0016
"Sep 17, 08:00 am",128.616,219.787,91.1714
"Sep 17, 09:00 am",118.126,219.787,101.661
"Sep 17, 10:00 am",8.45191,219.787,211.282
"Sep 17, 11:00 am",10.7545,219.787,208.98
"Sep 17, 12:00 pm",15.5858,219.787,204.149
"Sep 17, 01:00 pm",55.2028,219.787,164.532
"Sep 17, 02:00 pm",77.6102,219.787,142.124
"Sep 17, 03:00 pm",86.9281,219.787,132.806
"Sep 17, 04:00 pm",82.0163,219.787,137.718
"Sep 17, 05:00 pm",80.741,219.787,139.046
"Sep 17, 06:00 pm",80.6877,219.787,139.1
"Sep 17, 07:00 pm",80.6341,219.787,139.153
"Sep 17, 08:00 pm",80.58,219.787,139.207
"Sep 17, 09:00 pm",80.5254,219.787,139.262
"Sep 17, 10:00 pm",80.4703,219.787,139.317
"Sep 17, 11:00 pm",80.4144,219.787,139.373
"Sep 18, 12:00 am",80.3576,219.787,139.43
"Sep 18, 01:00 am",80.2998,219.787,139.488
"Sep 18, 02:00 am",80.2406,219.787,139.547
"Sep 18, 03:00 am",80.1797,219.787,139.608
"Sep 18, 04:00 am",80.1164,219.787,139.671
"Sep 18, 05:00 am",80.0498,219.787,139.738
"Sep 18, 06:00 am",79.9781,219.787,139.809
"Sep 18, 07:00 am",79.8979,219.787,139.889
"Sep 18, 08:00 am",79.8003,219.787,139.987
"Sep 18, 09:00 am",8.68013,219.787,211.054
"Sep 18, 10:00 am",10.6576,219.787,209.077
"Sep 18, 11:00 am",13.4434,219.787,206.291
"Sep 18, 12:00 pm",16.7444,219.787,202.99
"Sep 18, 01:00 pm",18.8777,219.787,200.857
"Sep 18, 02:00 pm",19.5192,219.787,200.215
"Sep 18, 03:00 pm",18.9168,219.787,200.818
"Sep 18, 04:00 pm",18.6869,219.787,201.1
"Sep 18, 05:00 pm",18.683,219.787,201.104
"Sep 18, 06:00 pm",18.679,219.787,201.108
"Sep 18, 07:00 pm",18.675,219.787,201.112
"Sep 18, 08:00 pm",18.671,219.787,201.116
"Sep 18, 09:00 pm",18.6669,219.787,201.12
"Sep 18, 10:00 pm",18.6628,219.787,201.125
"Sep 18, 11:00 pm",18.6586,219.787,201.129
"Sep 19, 12:00 am",18.6543,219.787,201.133
"Sep 19, 01:00 am",18.6499,219.787,201.137
"Sep 19, 02:00 am",18.6454,219.787,201.142
"Sep 19, 03:00 am",18.6408,219.787,201.147
"Sep 19, 04:00 am",18.6359,219.787,201.151
"Sep 19, 05:00 am",18.6306,219.787,201.157
"Sep 19, 06:00 am",18.6246,219.787,201.163
"Sep 19, 07:00 am",18.6174,219.787,201.17
"Sep 19, 08:00 am",1.98519,219.787,217.749
"Sep 19, 09:00 am",3.64685,219.787,216.088
"Sep 19, 10:00 am",6.78076,219.787,212.954
"Sep 19, 11:00 am",11.2763,219.787,208.458
"Sep 19, 12:00 pm",15.2884,219.787,204.446
"Sep 19, 01:00 pm",56.7084,219.787,163.026
"Sep 19, 02:00 pm",80.1215,219.787,139.613
"Sep 19, 03:00 pm",89.7473,219.787,129.987
"Sep 19, 04:00 pm",84.5808,219.787,135.154
"Sep 19, 05:00 pm",83.2806,219.787,136.507
"Sep 19, 06:00 pm",83.2253,219.787,136.562
"Sep 19, 07:00 pm",83.1696,219.787,136.618
"Sep 19, 08:00 pm",83.1135,219.787,136.674
"Sep 19, 09:00 pm",83.0569,219.787,136.73
"Sep 19, 10:00 pm",82.9996,219.787,136.788
"Sep 19, 11:00 pm",82.9416,219.787,136.846
"Sep 20, 12:00 am",82.8827,219.787,136.905
"Sep 20, 01:00 am",82.8226,219.787,136.965
"Sep 20, 02:00 am",82.7612,219.787,137.026
"Sep 20, 03:00 am",82.698,219.787,137.089
"Sep 20, 04:00 am",82.6323,219.787,137.155
"Sep 20, 05:00 am",82.5632,219.787,137.224
"Sep 20, 06:00 am",82.4888,219.787,137.299
"Sep 20, 07:00 am",82.4056,219.787,137.382
"Sep 20, 08:00 am",82.3042,219.787,137.483
"Sep 20, 09:00 am",14.7585,219.787,204.976
"Sep 20, 10:00 am",35.4999,219.787,184.234
"Sep 20, 11:00 am",63.0915,219.787,156.643
"Sep 20, 12:00 pm",91.7706,219.787,127.964
"Sep 20, 01:00 pm",116.112,219.787,103.623
"Sep 20, 02:00 pm",131.449,219.787,88.2851
"Sep 20, 03:00 pm",134.563,219.787,85.171
"Sep 20, 04:00 pm",123.898,219.787,95.8362
"Sep 20, 05:00 pm",123.589,219.787,96.1983
"Sep 20, 06:00 pm",123.502,219.787,96.2856
"Sep 20, 07:00 pm",123.414,219.787,96.3736
"Sep 20, 08:00 pm",123.325,219.787,96.4622
"Sep 20, 09:00 pm",123.236,219.787,96.5517
"Sep 20, 10:00 pm",123.145,219.787,96.6422
"Sep 20, 11:00 pm",123.054,219.787,96.7338
"Sep 21, 12:00 am",122.96,219.787,96.8269
"Sep 21, 01:00 am",122.866,219.787,96.9217
"Sep 21, 02:00 am",122.769,219.787,97.0187
"Sep 21, 03:00 am",122.669,219.787,97.1186
"Sep 21, 04:00 am",122.565,219.787,97.2223
"Sep 21, 05:00 am",122.456,219.787,97.3315
"Sep 21, 06:00 am",122.338,219.787,97.449
"Sep 21, 07:00 am",122.207,219.787,97.5804
"Sep 21, 08:00 am",122.047,219.787,97.7405
"Sep 21, 09:00 am",112.096,219.787,107.692
"Sep 21, 10:00 am",8.83925,219.787,210.895
"Sep 21, 11:00 am",12.1552,219.787,207.579
"Sep 21, 12:00 pm",13.388,219.787,206.346
"Sep 21, 01:00 pm",17.8523,219.787,201.882
"Sep 21, 02:00 pm",51.8011,219.787,167.933
"Sep 21, 03:00 pm",64.4742,219.787,155.26
"Sep 21, 04:00 pm",61.8697,219.787,157.865
"Sep 21, 05:00 pm",60.2301,219.787,159.557
"Sep 21, 06:00 pm",60.1932,219.787,159.594
"Sep 21, 07:00 pm",60.156,219.787,159.631
"Sep 21, 08:00 pm",60.1184,219.787,159.669
"Sep 21, 09:00 pm",60.0806,219.787,159.707
"Sep 21, 10:00 pm",60.0423,219.787,159.745
"Sep 21, 11:00 pm",60.0035,219.787,159.784
"Sep 22, 12:00 am",59.9641,219.787,159.823
"Sep 22, 01:00 am",59.924,219.787,159.863
"Sep 22, 02:00 am",59.8829,219.787,159.904
"Sep 22, 03:00 am",59.8406,219.787,159.947
"Sep 22, 04:00 am",59.7967,219.787,159.991
"Sep 22, 05:00 am",59.7505,219.787,160.037
"Sep 22, 06:00 am",59.7008,219.787,160.087
"Sep 22, 07:00 am",59.6452,219.787,160.142
"Sep 22, 08:00 am",59.5774,219.787,160.21
"Sep 22, 09:00 am",12.7539,219.787,206.981
"Sep 22, 10:00 am",34.3825,219.787,185.352
"Sep 22, 11:00 am",63.1388,219.787,156.596
"Sep 22, 12:00 pm",92.9738,219.787,126.761
"Sep 22, 01:00 pm",118.332,219.787,101.403
"Sep 22, 02:00 pm",134.574,219.787,85.1605
"Sep 22, 03:00 pm",138.129,219.787,81.605
"Sep 22, 04:00 pm",127.358,219.787,92.3762
"Sep 22, 05:00 pm",126.968,219.787,92.8192
"Sep 22, 06:00 pm",126.878,219.787,92.9092
"Sep 22, 07:00 pm",126.788,219.787,92.9998
"Sep 22, 08:00 pm",126.696,219.787,93.0912
"Sep 22, 09:00 pm",126.604,219.787,93.1834
"Sep 22, 10:00 pm",126.511,219.787,93.2767
"Sep 22, 11:00 pm",126.416,219.787,93.3711
"Sep 23, 12:00 am",126.32,219.787,93.467
"Sep 23, 01:00 am",126.223,219.787,93.5648
"Sep 23, 02:00 am",126.123,219.787,93.6648
"Sep 23, 03:00 am",126.02,219.787,93.7677
"Sep 23, 04:00 am",125.913,219.787,93.8747
"Sep 23, 05:00 am",125.8,219.787,93.9872
"Sep 23, 06:00 am",125.679,219.787,94.1083
"Sep 23, 07:00 am",125.544,219.787,94.2438
"Sep 23, 08:00 am",125.379,219.787,94.4088
"Sep 23, 09:00 am",19.6605,219.787,200.074
"Sep 23, 10:00 am",40.9164,219.787,178.818
"Sep 23, 11:00 am",69.1772,219.787,150.557
"Sep 23, 12:00 pm",98.4788,219.787,121.256
"Sep 23, 01:00 pm",123.568,219.787,96.1667
"Sep 23, 02:00 pm",139.626,219.787,80.108
"Sep 23, 03:00 pm",142.965,219.787,76.769
"Sep 23, 04:00 pm",131.917,219.787,87.817
"Sep 23, 05:00 pm",131.519,219.787,88.2684
"Sep 23, 06:00 pm",131.425,219.787,88.362
"Sep 23, 07:00 pm",131.331,219.787,88.4563
"Sep 23, 08:00 pm",131.236,219.787,88.5513
"Sep 23, 09:00 pm",131.14,219.787,88.6473
"Sep 23, 10:00 pm",131.043,219.787,88.7443
"Sep 23, 11:00 pm",130.945,219.787,88.8425
"Sep 24, 12:00 am",130.845,219.787,88.9423
"Sep 24, 01:00 am",130.743,219.787,89.044
"Sep 24, 02:00 am",130.639,219.787,89.148
"Sep 24, 03:00 am",130.532,219.787,89.2551
"Sep 24, 04:00 am",130.421,219.787,89.3663
"Sep 24, 05:00 am",130.304,219.787,89.4834
"Sep 24, 06:00 am",130.178,219.787,89.6093
"Sep 24, 07:00 am",130.037,219.787,89.7503
"Sep 24, 08:00 am",129.865,219.787,89.9219
"Sep 24, 09:00 am",20.496,219.787,199.238
"Sep 24, 10:00 am",41.8034,219.787,177.931
"Sep 24, 11:00 am",70.0342,219.787,149.7
"Sep 24, 12:00 pm",99.4501,219.787,120.284
"Sep 24, 01:00 pm",124.458,219.787,95.2767
"Sep 24, 02:00 pm",140.49,219.787,79.2449
"Sep 24, 03:00 pm",143.946,219.787,75.7884
"Sep 24, 04:00 pm",133.273,219.787,86.461
"Sep 24, 05:00 pm",132.757,219.787,87.0302
"Sep 24, 06:00 pm",132.663,219.787,87.1248
"Sep 24, 07:00 pm",132.567,219.787,87.2201
"Sep 24, 08:00 pm",132.471,219.787,87.3162
"Sep 24, 09:00 pm",132.374,219.787,87.4131
"Sep 24, 10:00 pm",132.276,219.787,87.5111
"Sep 24, 11:00 pm",132.177,219.787,87.6104
"Sep 25, 12:00 am",132.076,219.787,87.7113
"Sep 25, 01:00 am",131.973,219.787,87.814
"Sep 25, 02:00 am",131.868,219.787,87.9191
"Sep 25, 03:00 am",131.76,219.787,88.0273
"Sep 25, 04:00 am",131.648,219.787,88.1397
"Sep 25, 05:00 am",131.529,219.787,88.258
"Sep 25, 06:00 am",131.402,219.787,88.3853
"Sep 25, 07:00 am",131.26,219.787,88.5277
"Sep 25, 08:00 am",131.086,219.787,88.7012
"Sep 25, 09:00 am",20.458,219.787,199.276
"Sep 25, 10:00 am",41.3973,219.787,178.337
"Sep 25, 11:00 am",69.1785,219.787,150.556
"Sep 25, 12:00 pm",97.9751,219.787,121.759
"Sep 25, 01:00 pm",122.233,219.787,97.5012
"Sep 25, 02:00 pm",137.543,219.787,82.191
"Sep 25, 03:00 pm",140.5,219.787,79.2344
"Sep 25, 04:00 pm",129.498,219.787,90.2364
"Sep 25, 05:00 pm",129.168,219.787,90.6193
"Sep 25, 06:00 pm",129.076,219.787,90.7111
"Sep 25, 07:00 pm",128.984,219.787,90.8035
"Sep 25, 08:00 pm",128.891,219.787,90.8966
"Sep 25, 09:00 pm",128.797,219.787,90.9907
"Sep 25, 10:00 pm",128.702,219.787,91.0857
"Sep 25, 11:00 pm",128.605,219.787,91.182
"Sep 26, 12:00 am",128.508,219.787,91.2798
"Sep 26, 01:00 am",128.408,219.787,91.3794
"Sep 26, 02:00 am",128.306,219.787,91.4814
"Sep 26, 03:00 am",128.201,219.787,91.5863
"Sep 26, 04:00 am",128.092,219.787,91.6954
"Sep 26, 05:00 am",127.977,219.787,91.8101
"Sep 26, 06:00 am",127.854,219.787,91.9335
"Sep 26, 07:00 am",127.716,219.787,92.0716
"Sep 26, 08:00 am",127.547,219.787,92.2399
"Sep 26, 09:00 am",14.444,219.787,205.29
"Sep 26, 10:00 am",16.5417,219.787,203.193
"Sep 26, 11:00 am",19.6012,219.787,200.133
"Sep 26, 12:00 pm",21.1956,219.787,198.539
"Sep 26, 01:00 pm",22.5184,219.787,197.216
"Sep 26, 02:00 pm",23.4321,219.787,196.302
"Sep 26, 03:00 pm",47.1955,219.787,172.539
"Sep 26, 04:00 pm",48.0592,219.787,171.675
"Sep 26, 05:00 pm",45.7159,219.787,174.071
"Sep 26, 06:00 pm",45.6905,219.787,174.097
"Sep 26, 07:00 pm",45.6649,219.787,174.122
"Sep 26, 08:00 pm",45.6391,219.787,174.148
"Sep 26, 09:00 pm",45.6131,219.787,174.174
"Sep 26, 10:00 pm",45.5867,219.787,174.201
"Sep 26, 11:00 pm",45.5601,219.787,174.227
"Sep 27, 12:00 am",45.533,219.787,174.254
"Sep 27, 01:00 am",45.5054,219.787,174.282
"Sep 27, 02:00 am",45.4771,219.787,174.31
"Sep 27, 03:00 am",45.448,219.787,174.339
"Sep 27, 04:00 am",45.4178,219.787,174.37
"Sep 27, 05:00 am",45.386,219.787,174.401
"Sep 27, 06:00 am",45.3519,219.787,174.435
"Sep 27, 07:00 am",45.3136,219.787,174.474
"Sep 27, 08:00 am",45.267,219.787,174.52
"Sep 27, 09:00 am",7.12038,219.787,212.614
"Sep 27, 10:00 am",11.2567,219.787,208.478
"Sep 27, 11:00 am",16.6451,219.787,203.089
"Sep 27, 12:00 pm",19.1598,219.787,200.575
"Sep 27, 01:00 pm",21.7948,219.787,197.94
"Sep 27, 02:00 pm",23.6692,219.787,196.065
"Sep 27, 03:00 pm",24.7677,219.787,194.967
"Sep 27, 04:00 pm",24.3064,219.787,195.428
"Sep 27, 05:00 pm",23.9213,219.787,195.866
"Sep 27, 06:00 pm",23.9132,219.787,195.874
"Sep 27, 07:00 pm",23.9051,219.787,195.882
"Sep 27, 08:00 pm",23.8969,219.787,195.89
"Sep 27, 09:00 pm",23.8886,219.787,195.899
"Sep 27, 10:00 pm",23.8802,219.787,195.907
"Sep 27, 11:00 pm",23.8717,219.787,195.916
"Sep 28, 12:00 am",23.8631,219.787,195.924
"Sep 28, 01:00 am",23.8543,219.787,195.933
"Sep 28, 02:00 am",23.8453,219.787,195.942
"Sep 28, 03:00 am",23.836,219.787,195.951
"Sep 28, 04:00 am",23.8264,219.787,195.961
"Sep 28, 05:00 am",23.8163,219.787,195.971
"Sep 28, 06:00 am",23.8054,219.787,195.982
"Sep 28, 07:00 am",23.7932,219.787,195.994
"Sep 28, 08:00 am",23.7784,219.787,196.009
"Sep 28, 09:00 am",11.1589,219.787,208.575
"Sep 28, 10:00 am",34.2519,219.787,185.482
"Sep 28, 11:00 am",64.0953,219.787,155.639
"Sep 28, 12:00 pm",94.8991,219.787,124.835
"Sep 28, 01:00 pm",120.873,219.787,98.8614
"Sep 28, 02:00 pm",137.675,219.787,82.0596
"Sep 28, 03:00 pm",141.567,219.787,78.1677
"Sep 28, 04:00 pm",136.691,219.787,83.096
"Sep 28, 05:00 pm",136.594,219.787,83.1937
"Sep 28, 06:00 pm",136.495,219.787,83.2921
"Sep 28, 07:00 pm",136.396,219.787,83.3914
"Sep 28, 08:00 pm",136.296,219.787,83.4915
"Sep 28, 09:00 pm",136.195,219.787,83.5928
"Sep 28, 10:00 pm",136.092,219.787,83.6953
"Sep 28, 11:00 pm",135.988,219.787,83.7995
"Sep 29, 12:00 am",135.882,219.787,83.9056
"Sep 29, 01:00 am",135.773,219.787,84.0142
"Sep 29, 02:00 am",135.661,219.787,84.126
"Sep 29, 03:00 am",135.545,219.787,84.2421
"Sep 29, 04:00 am",135.423,219.787,84.3644
"Sep 29, 05:00 am",135.292,219.787,84.4958
"Sep 29, 06:00 am",135.144,219.787,84.643
"Sep 29, 07:00 am",134.965,219.787,84.8222
"Sep 29, 08:00 am",123.914,219.787,95.8737
"Sep 29, 09:00 am",14.6274,219.787,205.107
"Sep 29, 10:00 am",16.7203,219.787,203.014
"Sep 29, 11:00 am",17.897,219.787,201.837
"Sep 29, 12:00 pm",18.8092,219.787,200.925
"Sep 29, 01:00 pm",18.6995,219.787,201.035
"Sep 29, 02:00 pm",18.638,219.787,201.096
"Sep 29, 03:00 pm",18.808,219.787,200.926
"Sep 29, 04:00 pm",18.538,219.787,201.196
"Sep 29, 05:00 pm",17.4523,219.787,202.282
"Sep 29, 06:00 pm",17.4469,219.787,202.34
"Sep 29, 07:00 pm",17.444,219.787,202.343
"Sep 29, 08:00 pm",17.441,219.787,202.346
"Sep 29, 09:00 pm",17.438,219.787,202.349
"Sep 29, 10:00 pm",17.435,219.787,202.352
"Sep 29, 11:00 pm",17.4319,219.787,202.355
"Sep 30, 12:00 am",17.4288,219.787,202.359
"Sep 30, 01:00 am",17.4257,219.787,202.362
"Sep 30, 02:00 am",17.4225,219.787,202.365
"Sep 30, 03:00 am",17.4192,219.787,202.368
"Sep 30, 04:00 am",17.4158,219.787,202.372
"Sep 30, 05:00 am",17.4123,219.787,202.375
"Sep 30, 06:00 am",17.4086,219.787,202.379
"Sep 30, 07:00 am",17.4047,219.787,202.383
"Sep 30, 08:00 am",17.4002,219.787,202.387
"Sep 30, 09:00 am",11.6293,219.787,208.105
"Sep 30, 10:00 am",34.6132,219.787,185.121
"Sep 30, 11:00 am",64.1412,219.787,155.593
"Sep 30, 12:00 pm",94.5889,219.787,125.146
"Sep 30, 01:00 pm",120.18,219.787,99.5542
"Sep 30, 02:00 pm",136.558,219.787,83.1763
"Sep 30, 03:00 pm",140.244,219.787,79.4901
"Sep 30, 04:00 pm",129.594,219.787,90.1405
"Sep 30, 05:00 pm",129.123,219.787,90.6639
"Sep 30, 06:00 pm",129.032,219.787,90.7556
"Sep 30, 07:00 pm",128.939,219.787,90.848
"Sep 30, 08:00 pm",128.846,219.787,90.9411
"Sep 30, 09:00 pm",128.752,219.787,91.0351
"Sep 30, 10:00 pm",128.657,219.787,91.1301
"Sep 30, 11:00 pm",128.561,219.787,91.2264
"Oct 1, 12:00 am",128.463,219.787,91.3242
"Oct 1, 01:00 am",128.364,219.787,91.4237
"Oct 1, 02:00 am",128.262,219.787,91.5256
"Oct 1, 03:00 am",128.157,219.787,91.6306
"Oct 1, 04:00 am",128.048,219.787,91.7395
"Oct 1, 05:00 am",127.933,219.787,91.8542
"Oct 1, 06:00 am",127.81,219.787,91.9776
"Oct 1, 07:00 am",127.672,219.787,92.1157
"Oct 1, 08:00 am",127.503,219.787,92.2839
"Oct 1, 09:00 am",13.7596,219.787,205.975
"Oct 1, 10:00 am",15.8262,219.787,203.908
"Oct 1, 11:00 am",19.125,219.787,200.609
"Oct 1, 12:00 pm",24.1284,219.787,195.606
"Oct 1, 01:00 pm",25.3629,219.787,194.372
"Oct 1, 02:00 pm",27.3444,219.787,192.39
"Oct 1, 03:00 pm",26.9185,219.787,192.816
"Oct 1, 04:00 pm",25.774,219.787,193.96
"Oct 1, 05:00 pm",25.601,219.787,194.186
"Oct 1, 06:00 pm",25.5916,219.787,194.196
"Oct 1, 07:00 pm",25.5821,219.787,194.205
"Oct 1, 08:00 pm",25.5725,219.787,194.215
"Oct 1, 09:00 pm",25.5629,219.787,194.224
"Oct 1, 10:00 pm",25.5531,219.787,194.234
"Oct 1, 11:00 pm",25.5432,219.787,194.244
"Oct 2, 12:00 am",25.5332,219.787,194.254
"Oct 2, 01:00 am",25.5229,219.787,194.264
"Oct 2, 02:00 am",25.5124,219.787,194.275
"Oct 2, 03:00 am",25.5017,219.787,194.286
"Oct 2, 04:00 am",25.4904,219.787,194.297
"Oct 2, 05:00 am",25.4787,219.787,194.309
"Oct 2, 06:00 am",25.466,219.787,194.321
"Oct 2, 07:00 am",25.4518,219.787,194.336
"Oct 2, 08:00 am",25.4345,219.787,194.353
"Oct 2, 09:00 am",23.3648,219.787,196.423
"Oct 2, 10:00 am",1.47941,219.787,218.308
"Oct 2, 11:00 am",1.65181,219.787,218.083
"Oct 2, 12:00 pm",1.92233,219.787,217.812
"Oct 2, 01:00 pm",5.90279,219.787,213.832
"Oct 2, 02:00 pm",6.00397,219.787,213.73
"Oct 2, 03:00 pm",5.39605,219.787,214.338
"Oct 2, 04:00 pm",5.44251,219.787,214.345
"Oct 2, 05:00 pm",5.4491,219.787,214.338
"Oct 2, 06:00 pm",5.45574,219.787,214.332
"Oct 2, 07:00 pm",5.46244,219.787,214.325
"Oct 2, 08:00 pm",5.46919,219.787,214.318
"Oct 2, 09:00 pm",5.47602,219.787,214.311
"Oct 2, 10:00 pm",5.48294,219.787,214.304
"Oct 2, 11:00 pm",5.48997,219.787,214.297
"Oct 3, 12:00 am",5.49713,219.787,214.29
"Oct 3, 01:00 am",5.50445,219.787,214.283
"Oct 3, 02:00 am",5.51199,219.787,214.275
"Oct 3, 03:00 am",5.51983,219.787,214.268
"Oct 3, 04:00 am",5.52807,219.787,214.259
"Oct 3, 05:00 am",5.53694,219.787,214.25
"Oct 3, 06:00 am",5.54686,219.787,214.24
"Oct 3, 07:00 am",5.55895,219.787,214.228
"Oct 3, 08:00 am",5.11263,219.787,214.675
"Oct 3, 09:00 am",8.75915,219.787,210.975
"Oct 3, 10:00 am",31.0316,219.787,188.703
"Oct 3, 11:00 am",59.6753,219.787,160.059
"Oct 3, 12:00 pm",88.8555,219.787,130.879
"Oct 3, 01:00 pm",76.7083,219.787,143.026
"Oct 3, 02:00 pm",72.5609,219.787,147.173
"Oct 3, 03:00 pm",72.3779,219.787,147.409
"Oct 3, 04:00 pm",72.3312,219.787,147.456
"Oct 3, 05:00 pm",72.2843,219.787,147.503
"Oct 3, 06:00 pm",72.237,219.787,147.55
"Oct 3, 07:00 pm",72.1892,219.787,147.598
"Oct 3, 08:00 pm",72.1409,219.787,147.646
"Oct 3, 09:00 pm",72.092,219.787,147.695
"Oct 3, 10:00 pm",72.0423,219.787,147.745
"Oct 3, 11:00 pm",71.9917,219.787,147.796
"Oct 4, 12:00 am",71.9399,219.787,147.847
"Oct 4, 01:00 am",71.8866,219.787,147.901
"Oct 4, 02:00 am",71.8312,219.787,147.956
"Oct 4, 03:00 am",71.7729,219.787,148.014
"Oct 4, 04:00 am",71.7102,219.787,148.077
"Oct 4, 05:00 am",71.6401,219.787,148.147
"Oct 4, 06:00 am",71.5546,219.787,148.233
"Oct 4, 07:00 am",65.723,219.787,154.064
"Oct 4, 08:00 am",4.04657,219.787,215.741
"Oct 4, 09:00 am",12.0139,219.787,207.721
"Oct 4, 10:00 am",34.0962,219.787,185.638
"Oct 4, 11:00 am",62.6567,219.787,157.078
"Oct 4, 12:00 pm",91.8774,219.787,127.857
"Oct 4, 01:00 pm",116.361,219.787,103.374
"Oct 4, 02:00 pm",131.546,219.787,88.1883
"Oct 4, 03:00 pm",134.169,219.787,85.5657
"Oct 4, 04:00 pm",122.589,219.787,97.1455
"Oct 4, 05:00 pm",122.542,219.787,97.2454
"Oct 4, 06:00 pm",122.455,219.787,97.3319
"Oct 4, 07:00 pm",122.368,219.787,97.419
"Oct 4, 08:00 pm",122.281,219.787,97.5068
"Oct 4, 09:00 pm",122.192,219.787,97.5954
"Oct 4, 10:00 pm",122.102,219.787,97.685
"Oct 4, 11:00 pm",122.012,219.787,97.7758
"Oct 5, 12:00 am",121.919,219.787,97.8679
"Oct 5, 01:00 am",121.825,219.787,97.9619
"Oct 5, 02:00 am",121.729,219.787,98.058
"Oct 5, 03:00 am",121.63,219.787,98.1569
"Oct 5, 04:00 am",121.528,219.787,98.2596
"Oct 5, 05:00 am",121.42,219.787,98.3678
"Oct 5, 06:00 am",121.303,219.787,98.4841
"Oct 5, 07:00 am",121.173,219.787,98.6143
"Oct 5, 08:00 am",121.014,219.787,98.7729
"Oct 5, 09:00 am",21.0763,219.787,198.658
"Oct 5, 10:00 am",43.3949,219.787,176.339
"Oct 5, 11:00 am",72.2708,219.787,147.464
"Oct 5, 12:00 pm",101.747,219.787,117.988
"Oct 5, 01:00 pm",126.261,219.787,93.4737
"Oct 5, 02:00 pm",141.361,219.787,78.3736
"Oct 5, 03:00 pm",143.581,219.787,76.1538
"Oct 5, 04:00 pm",131.424,219.787,88.3108
"Oct 5, 05:00 pm",131.363,219.787,88.4246
"Oct 5, 06:00 pm",131.269,219.787,88.5181
"Oct 5, 07:00 pm",131.175,219.787,88.6123
"Oct 5, 08:00 pm",131.08,219.787,88.7072
"Oct 5, 09:00 pm",130.984,219.787,88.803
"Oct 5, 10:00 pm",130.887,219.787,88.8999
"Oct 5, 11:00 pm",130.789,219.787,88.998
"Oct 6, 12:00 am",130.69,219.787,89.0977
"Oct 6, 01:00 am",130.588,219.787,89.1992
"Oct 6, 02:00 am",130.484,219.787,89.3031
"Oct 6, 03:00 am",130.377,219.787,89.41
"Oct 6, 04:00 am",130.266,219.787,89.5211
"Oct 6, 05:00 am",130.149,219.787,89.6381
"Oct 6, 06:00 am",130.024,219.787,89.7638
"Oct 6, 07:00 am",129.883,219.787,89.9046
"Oct 6, 08:00 am",129.711,219.787,90.076
"Oct 6, 09:00 am",119.137,219.787,100.65
"Oct 6, 10:00 am",31.3905,219.787,188.344
"Oct 6, 11:00 am",60.2372,219.787,159.497
"Oct 6, 12:00 pm",89.4401,219.787,130.294
"Oct 6, 01:00 pm",76.8927,219.787,142.842
"Oct 6, 02:00 pm",72.3054,219.787,147.429
"Oct 6, 03:00 pm",72.249,219.787,147.538
"Oct 6, 04:00 pm",69.8319,219.787,149.902
"Oct 6, 05:00 pm",68.9154,219.787,150.872
"Oct 6, 06:00 pm",68.8715,219.787,150.916
"Oct 6, 07:00 pm",68.8274,219.787,150.96
"Oct 6, 08:00 pm",68.7828,219.787,151.005
"Oct 6, 09:00 pm",68.7379,219.787,151.049
"Oct 6, 10:00 pm",68.6924,219.787,151.095
"Oct 6, 11:00 pm",68.6464,219.787,151.141
"Oct 7, 12:00 am",68.5997,219.787,151.188
"Oct 7, 01:00 am",68.552,219.787,151.235
"Oct 7, 02:00 am",68.5033,219.787,151.284
"Oct 7, 03:00 am",68.4531,219.787,151.334
"Oct 7, 04:00 am",68.401,219.787,151.386
"Oct 7, 05:00 am",68.3462,219.787,151.441
"Oct 7, 06:00 am",68.2872,219.787,151.5
"Oct 7, 07:00 am",68.2211,219.787,151.566
"Oct 7, 08:00 am",11.0652,219.787,208.669
"Oct 7, 09:00 am",11.0552,219.787,208.679
"Oct 7, 10:00 am",13.0936,219.787,206.641
"Oct 7, 11:00 am",18.2731,219.787,201.461
"Oct 7, 12:00 pm",59.5084,219.787,160.226
"Oct 7, 01:00 pm",88.6012,219.787,131.133
"Oct 7, 02:00 pm",107.461,219.787,112.274
"Oct 7, 03:00 pm",113.239,219.787,106.496
"Oct 7, 04:00 pm",104.49,219.787,115.245
"Oct 7, 05:00 pm",103.906,219.787,115.881
"Oct 7, 06:00 pm",103.834,219.787,115.953
"Oct 7, 07:00 pm",103.762,219.787,116.025
"Oct 7, 08:00 pm",103.689,219.787,116.098
"Oct 7, 09:00 pm",103.616,219.787,116.171
"Oct 7, 10:00 pm",103.542,219.787,116.246
"Oct 7, 11:00 pm",103.466,219.787,116.321
"Oct 8, 12:00 am",103.39,219.787,116.397
"Oct 8, 01:00 am",103.312,219.787,116.475
"Oct 8, 02:00 am",103.233,219.787,116.555
"Oct 8, 03:00 am",103.151,219.787,116.637
"Oct 8, 04:00 am",103.065,219.787,116.722
"Oct 8, 05:00 am",102.976,219.787,116.811
"Oct 8, 06:00 am",102.879,219.787,116.908
"Oct 8, 07:00 am",102.772,219.787,117.016
"Oct 8, 08:00 am",102.64,219.787,117.147
"Oct 8, 09:00 am",20.2399,219.787,199.495
"Oct 8, 10:00 am",43.4165,219.787,176.318
"Oct 8, 11:00 am",73.0529,219.787,146.681
"Oct 8, 12:00 pm",103.185,219.787,116.55
"Oct 8, 01:00 pm",128.253,219.787,91.4813
"Oct 8, 02:00 pm",143.817,219.787,75.9171
"Oct 8, 03:00 pm",146.429,219.787,73.3055
"Oct 8, 04:00 pm",134.67,219.787,85.0646
"Oct 8, 05:00 pm",134.426,219.787,85.3609
"Oct 8, 06:00 pm",134.331,219.787,85.4568
"Oct 8, 07:00 pm",134.234,219.787,85.5534
"Oct 8, 08:00 pm",134.137,219.787,85.6508
"Oct 8, 09:00 pm",134.038,219.787,85.7491
"Oct 8, 10:00 pm",133.939,219.787,85.8485
"Oct 8, 11:00 pm",133.838,219.787,85.9492
"Oct 9, 12:00 am",133.736,219.787,86.0514
"Oct 9, 01:00 am",133.632,219.787,86.1556
"Oct 9, 02:00 am",133.525,219.787,86.2622
"Oct 9, 03:00 am",133.415,219.787,86.3719
"Oct 9, 04:00 am",133.301,219.787,86.4859
"Oct 9, 05:00 am",133.181,219.787,86.6059
"Oct 9, 06:00 am",133.052,219.787,86.7349
"Oct 9, 07:00 am",132.908,219.787,86.8794
"Oct 9, 08:00 am",132.732,219.787,87.0553
"Oct 9, 09:00 am",23.1648,219.787,196.57
"Oct 9, 10:00 am",45.6412,219.787,174.093
"Oct 9, 11:00 am",74.4138,219.787,145.321
"Oct 9, 12:00 pm",103.838,219.787,115.897
"Oct 9, 01:00 pm",128.062,219.787,91.6728
"Oct 9, 02:00 pm",142.951,219.787,76.7832
"Oct 9, 03:00 pm",145.314,219.787,74.4206
"Oct 9, 04:00 pm",133.568,219.787,86.1663
"Oct 9, 05:00 pm",133.368,219.787,86.4197
"Oct 9, 06:00 pm",133.273,219.787,86.5147
"Oct 9, 07:00 pm",133.177,219.787,86.6105
"Oct 9, 08:00 pm",133.08,219.787,86.7071
"Oct 9, 09:00 pm",132.983,219.787,86.8045
"Oct 9, 10:00 pm",132.884,219.787,86.903
"Oct 9, 11:00 pm",132.785,219.787,87.0028
"Oct 10, 12:00 am",132.683,219.787,87.1042
"Oct 10, 01:00 am",132.58,219.787,87.2074
"Oct 10, 02:00 am",132.474,219.787,87.3131
"Oct 10, 03:00 am",132.365,219.787,87.4219
"Oct 10, 04:00 am",132.253,219.787,87.5348
"Oct 10, 05:00 am",132.134,219.787,87.6537
"Oct 10, 06:00 am",132.006,219.787,87.7817
"Oct 10, 07:00 am",131.863,219.787,87.9248
"Oct 10, 08:00 am",131.688,219.787,88.0992
"Oct 10, 09:00 am",23.0964,219.787,196.638
"Oct 10, 10:00 am",45.7347,219.787,174
"Oct 10, 11:00 am",74.6935,219.787,145.041
"Oct 10, 12:00 pm",104.094,219.787,115.64
"Oct 10, 01:00 pm",92.2902,219.787,127.444
"Oct 10, 02:00 pm",118.255,219.787,101.48
"Oct 10, 03:00 pm",123.7,219.787,96.034
"Oct 10, 04:00 pm",114.287,219.787,105.447
"Oct 10, 05:00 pm",113.721,219.787,106.066
"Oct 10, 06:00 pm",113.642,219.787,106.146
"Oct 10, 07:00 pm",113.562,219.787,106.226
"Oct 10, 08:00 pm",113.481,219.787,106.306
"Oct 10, 09:00 pm",113.399,219.787,106.388
"Oct 10, 10:00 pm",113.317,219.787,106.47
"Oct 10, 11:00 pm",113.234,219.787,106.554
"Oct 11, 12:00 am",113.149,219.787,106.638
"Oct 11, 01:00 am",113.063,219.787,106.725
"Oct 11, 02:00 am",112.974,219.787,106.813
"Oct 11, 03:00 am",112.883,219.787,106.904
"Oct 11, 04:00 am",112.789,219.787,106.998
"Oct 11, 05:00 am",112.69,219.787,107.098
"Oct 11, 06:00 am",112.583,219.787,107.205
"Oct 11, 07:00 am",112.463,219.787,107.324
"Oct 11, 08:00 am",112.317,219.787,107.47
"Oct 11, 09:00 am",12.1294,219.787,207.605
"Oct 11, 10:00 am",13.7944,219.787,205.94
"Oct 11, 11:00 am",20.3462,219.787,199.388
"Oct 11, 12:00 pm",61.3903,219.787,158.344
"Oct 11, 01:00 pm",90.3303,219.787,129.404
"Oct 11, 02:00 pm",108.929,219.787,110.805
"Oct 11, 03:00 pm",114.381,219.787,105.353
"Oct 11, 04:00 pm",105.253,219.787,114.481
"Oct 11, 05:00 pm",104.763,219.787,115.024
"Oct 11, 06:00 pm",104.691,219.787,115.097
"Oct 11, 07:00 pm",104.618,219.787,115.169
"Oct 11, 08:00 pm",104.544,219.787,115.243
"Oct 11, 09:00 pm",104.47,219.787,115.317
"Oct 11, 10:00 pm",104.395,219.787,115.392
"Oct 11, 11:00 pm",104.319,219.787,115.468
"Oct 12, 12:00 am",104.242,219.787,115.545
"Oct 12, 01:00 am",104.164,219.787,115.624
"Oct 12, 02:00 am",104.083,219.787,115.704
"Oct 12, 03:00 am",104.001,219.787,115.787
"Oct 12, 04:00 am",103.915,219.787,115.873
"Oct 12, 05:00 am",103.824,219.787,115.963
"Oct 12, 06:00 am",103.727,219.787,116.061
"Oct 12, 07:00 am",103.618,219.787,116.17
"Oct 12, 08:00 am",103.485,219.787,116.302
"Oct 12, 09:00 am",20.024,219.787,199.71
"Oct 12, 10:00 am",42.4313,219.787,177.303
"Oct 12, 11:00 am",71.0237,219.787,148.711
"Oct 12, 12:00 pm",100.012,219.787,119.723
"Oct 12, 01:00 pm",124.19,219.787,95.5443
"Oct 12, 02:00 pm",138.843,219.787,80.8919
"Oct 12, 03:00 pm",140.763,219.787,78.9718
"Oct 12, 04:00 pm",136.5,219.787,83.2878
"Oct 12, 05:00 pm",136.402,219.787,83.3854
"Oct 12, 06:00 pm",136.304,219.787,83.4836
"Oct 12, 07:00 pm",136.205,219.787,83.5827
"Oct 12, 08:00 pm",136.105,219.787,83.6827
"Oct 12, 09:00 pm",136.004,219.787,83.7838
"Oct 12, 10:00 pm",135.901,219.787,83.8862
"Oct 12, 11:00 pm",135.797,219.787,83.9902
"Oct 13, 12:00 am",135.691,219.787,84.0962
"Oct 13, 01:00 am",135.583,219.787,84.2046
"Oct 13, 02:00 am",135.471,219.787,84.3162
"Oct 13, 03:00 am",135.355,219.787,84.4321
"Oct 13, 04:00 am",135.233,219.787,84.5542
"Oct 13, 05:00 am",135.102,219.787,84.6854
"Oct 13, 06:00 am",134.955,219.787,84.8323
"Oct 13, 07:00 am",134.776,219.787,85.0113
"Oct 13, 08:00 am",123.746,219.787,96.0412
"Oct 13, 09:00 am",7.99469,219.787,211.74
"Oct 13, 10:00 am",33.3875,219.787,186.347
"Oct 13, 11:00 am",63.1309,219.787,156.603
"Oct 13, 12:00 pm",92.9615,219.787,126.773
"Oct 13, 01:00 pm",117.765,219.787,101.969
"Oct 13, 02:00 pm",133.12,219.787,86.614
"Oct 13, 03:00 pm",135.678,219.787,84.0568
"Oct 13, 04:00 pm",123.975,219.787,95.759
"Oct 13, 05:00 pm",123.93,219.787,95.8575
"Oct 13, 06:00 pm",123.842,219.787,95.9451
"Oct 13, 07:00 pm",123.754,219.787,96.0333
"Oct 13, 08:00 pm",123.665,219.787,96.1222
"Oct 13, 09:00 pm",123.575,219.787,96.212
"Oct 13, 10:00 pm",123.485,219.787,96.3027
"Oct 13, 11:00 pm",123.393,219.787,96.3947
"Oct 14, 12:00 am",123.299,219.787,96.488
"Oct 14, 01:00 am",123.204,219.787,96.5831
"Oct 14, 02:00 am",123.107,219.787,96.6804
"Oct 14, 03:00 am",123.007,219.787,96.7806
"Oct 14, 04:00 am",122.903,219.787,96.8847
"Oct 14, 05:00 am",122.793,219.787,96.9942
"Oct 14, 06:00 am",122.675,219.787,97.1121
"Oct 14, 07:00 am",122.543,219.787,97.2439
"Oct 14, 08:00 am",122.383,219.787,97.4045
"Oct 14, 09:00 am",22.2875,219.787,197.447
"Oct 14, 10:00 am",45.0826,219.787,174.652
"Oct 14, 11:00 am",74.0928,219.787,145.642
"Oct 14, 12:00 pm",103.504,219.787,116.23
"Oct 14, 01:00 pm",127.548,219.787,92.1859
"Oct 14, 02:00 pm",142.047,219.787,77.6876
"Oct 14, 03:00 pm",143.796,219.787,75.9389
"Oct 14, 04:00 pm",139.522,219.787,80.2651
"Oct 14, 05:00 pm",139.422,219.787,80.3651
"Oct 14, 06:00 pm",139.322,219.787,80.4658
"Oct 14, 07:00 pm",139.22,219.787,80.5673
"Oct 14, 08:00 pm",139.118,219.787,80.6697
"Oct 14, 09:00 pm",139.014,219.787,80.7733
"Oct 14, 10:00 pm",138.909,219.787,80.8783
"Oct 14, 11:00 pm",138.803,219.787,80.9848
"Oct 15, 12:00 am",138.694,219.787,81.0934
"Oct 15, 01:00 am",138.583,219.787,81.2045
"Oct 15, 02:00 am",138.469,219.787,81.3188
"Oct 15, 03:00 am",138.35,219.787,81.4376
"Oct 15, 04:00 am",138.225,219.787,81.5627
"Oct 15, 05:00 am",138.09,219.787,81.6972
"Oct 15, 06:00 am",137.94,219.787,81.8477
"Oct 15, 07:00 am",137.756,219.787,82.031
"Oct 15, 08:00 am",126.483,219.787,93.3041
"Oct 15, 09:00 am",7.27827,219.787,212.509
"Oct 15, 10:00 am",7.45531,219.787,212.279
"Oct 15, 11:00 am",9.31501,219.787,210.419
"Oct 15, 12:00 pm",11.098,219.787,208.636
"Oct 15, 01:00 pm",16.4493,219.787,203.285
"Oct 15, 02:00 pm",15.5433,219.787,204.191
"Oct 15, 03:00 pm",14.5925,219.787,205.142
"Oct 15, 04:00 pm",14.5732,219.787,205.214
"Oct 15, 05:00 pm",14.5725,219.787,205.215
"Oct 15, 06:00 pm",14.5718,219.787,205.216
"Oct 15, 07:00 pm",14.5712,219.787,205.216
"Oct 15, 08:00 pm",14.5705,219.787,205.217
"Oct 15, 09:00 pm",14.5698,219.787,205.218
"Oct 15, 10:00 pm",14.5691,219.787,205.218
"Oct 15, 11:00 pm",14.5684,219.787,205.219
"Oct 16, 12:00 am",14.5677,219.787,205.22
"Oct 16, 01:00 am",14.5669,219.787,205.22
"Oct 16, 02:00 am",14.5662,219.787,205.221
"Oct 16, 03:00 am",14.5654,219.787,205.222
"Oct 16, 04:00 am",14.5645,219.787,205.223
"Oct 16, 05:00 am",14.5636,219.787,205.224
"Oct 16, 06:00 am",14.5626,219.787,205.225
"Oct 16, 07:00 am",14.5614,219.787,205.226
"Oct 16, 08:00 am",13.3802,219.787,206.407
"Oct 16, 09:00 am",10.8747,219.787,208.86
"Oct 16, 10:00 am",34.4529,219.787,185.281
"Oct 16, 11:00 am",64.2007,219.787,155.534
"Oct 16, 12:00 pm",94.1943,219.787,125.54
"Oct 16, 01:00 pm",119.12,219.787,100.614
"Oct 16, 02:00 pm",134.498,219.787,85.2359
"Oct 16, 03:00 pm",137.012,219.787,82.7222
"Oct 16, 04:00 pm",125.242,219.787,94.4922
"Oct 16, 05:00 pm",125.189,219.787,94.5978
"Oct 16, 06:00 pm",125.101,219.787,94.6864
"Oct 16, 07:00 pm",125.012,219.787,94.7757
"Oct 16, 08:00 pm",124.922,219.787,94.8656
"Oct 16, 09:00 pm",124.831,219.787,94.9564
"Oct 16, 10:00 pm",124.739,219.787,95.0482
"Oct 16, 11:00 pm",124.646,219.787,95.1411
"Oct 17, 12:00 am",124.552,219.787,95.2356
"Oct 17, 01:00 am",124.456,219.787,95.3317
"Oct 17, 02:00 am",124.357,219.787,95.4302
"Oct 17, 03:00 am",124.256,219.787,95.5315
"Oct 17, 04:00 am",124.151,219.787,95.6368
"Oct 17, 05:00 am",124.04,219.787,95.7476
"Oct 17, 06:00 am",123.921,219.787,95.8668
"Oct 17, 07:00 am",123.787,219.787,96.0001
"Oct 17, 08:00 am",123.625,219.787,96.1626
"Oct 17, 09:00 am",15.0466,219.787,204.688
"Oct 17, 10:00 am",17.2617,219.787,202.473
"Oct 17, 11:00 am",19.99,219.787,199.744
"Oct 17, 12:00 pm",24.5709,219.787,195.164
"Oct 17, 01:00 pm",28.2501,219.787,191.484
"Oct 17, 02:00 pm",29.7828,219.787,189.952
"Oct 17, 03:00 pm",32.0506,219.787,187.684
"Oct 17, 04:00 pm",31.8059,219.787,187.929
"Oct 17, 05:00 pm",29.8418,219.787,189.893
"Oct 17, 06:00 pm",29.7657,219.787,190.022
"Oct 17, 07:00 pm",29.753,219.787,190.034
"Oct 17, 08:00 pm",29.7401,219.787,190.047
"Oct 17, 09:00 pm",29.7272,219.787,190.06
"Oct 17, 10:00 pm",29.7141,219.787,190.073
"Oct 17, 11:00 pm",29.7009,219.787,190.086
"Oct 18, 12:00 am",29.6876,219.787,190.1
"Oct 18, 01:00 am",29.674,219.787,190.113
"Oct 18, 02:00 am",29.6601,219.787,190.127
"Oct 18, 03:00 am",29.646,219.787,190.141
"Oct 18, 04:00 am",29.6314,219.787,190.156
"Oct 18, 05:00 am",29.6163,219.787,190.171
"Oct 18, 06:00 am",29.6003,219.787,190.187
"Oct 18, 07:00 am",29.5832,219.787,190.204
"Oct 18, 08:00 am",29.564,219.787,190.223
"Oct 18, 09:00 am",15.4115,219.787,204.323
"Oct 18, 10:00 am",39.3676,219.787,180.367
"Oct 18, 11:00 am",69.4669,219.787,150.267
"Oct 18, 12:00 pm",99.8097,219.787,119.925
"Oct 18, 01:00 pm",124.859,219.787,94.8749
"Oct 18, 02:00 pm",140.33,219.787,79.404
"Oct 18, 03:00 pm",142.978,219.787,76.7566
"Oct 18, 04:00 pm",131.377,219.787,88.3574
"Oct 18, 05:00 pm",131.159,219.787,88.6281
"Oct 18, 06:00 pm",131.066,219.787,88.7214
"Oct 18, 07:00 pm",130.972,219.787,88.8154
"Oct 18, 08:00 pm",130.877,219.787,88.9102
"Oct 18, 09:00 pm",130.782,219.787,89.0058
"Oct 18, 10:00 pm",130.685,219.787,89.1025
"Oct 18, 11:00 pm",130.587,219.787,89.2005
"Oct 19, 12:00 am",130.487,219.787,89.2999
"Oct 19, 01:00 am",130.386,219.787,89.4013
"Oct 19, 02:00 am",130.282,219.787,89.505
"Oct 19, 03:00 am",130.176,219.787,89.6118
"Oct 19, 04:00 am",130.065,219.787,89.7227
"Oct 19, 05:00 am",129.948,219.787,89.8394
"Oct 19, 06:00 am",129.822,219.787,89.965
"Oct 19, 07:00 am",129.682,219.787,90.1055
"Oct 19, 08:00 am",129.511,219.787,90.2766
"Oct 19, 09:00 am",24.4131,219.787,195.321
"Oct 19, 10:00 am",48.1194,219.787,171.615
"Oct 19, 11:00 am",77.8237,219.787,141.911
"Oct 19, 12:00 pm",107.797,219.787,111.937
"Oct 19, 01:00 pm",132.17,219.787,87.564
"Oct 19, 02:00 pm",146.875,219.787,72.8599
"Oct 19, 03:00 pm",148.839,219.787,70.8956
"Oct 19, 04:00 pm",136.789,219.787,82.9452
"Oct 19, 05:00 pm",136.62,219.787,83.1676
"Oct 19, 06:00 pm",136.522,219.787,83.2653
"Oct 19, 07:00 pm",136.424,219.787,83.3636
"Oct 19, 08:00 pm",136.325,219.787,83.4628
"Oct 19, 09:00 pm",136.224,219.787,83.5629
"Oct 19, 10:00 pm",136.123,219.787,83.6641
"Oct 19, 11:00 pm",136.021,219.787,83.7666
"Oct 20, 12:00 am",135.917,219.787,83.8707
"Oct 20, 01:00 am",135.811,219.787,83.9768
"Oct 20, 02:00 am",135.702,219.787,84.0853
"Oct 20, 03:00 am",135.59,219.787,84.197
"Oct 20, 04:00 am",135.474,219.787,84.3131
"Oct 20, 05:00 am",135.352,219.787,84.4352
"Oct 20, 06:00 am",135.221,219.787,84.5666
"Oct 20, 07:00 am",135.074,219.787,84.7137
"Oct 20, 08:00 am",134.895,219.787,84.8928
"Oct 20, 09:00 am",23.3936,219.787,196.341
"Oct 20, 10:00 am",45.2155,219.787,174.519
"Oct 20, 11:00 am",72.9945,219.787,146.74
"Oct 20, 12:00 pm",101.358,219.787,118.377
"Oct 20, 01:00 pm",124.395,219.787,95.3394
"Oct 20, 02:00 pm",138.277,219.787,81.4578
"Oct 20, 03:00 pm",139.799,219.787,79.9355
"Oct 20, 04:00 pm",135.704,219.787,84.0836
"Oct 20, 05:00 pm",135.607,219.787,84.1805
"Oct 20, 06:00 pm",135.509,219.787,84.2782
"Oct 20, 07:00 pm",135.411,219.787,84.3766
"Oct 20, 08:00 pm",135.311,219.787,84.4759
"Oct 20, 09:00 pm",135.211,219.787,84.5764
"Oct 20, 10:00 pm",135.109,219.787,84.6781
"Oct 20, 11:00 pm",135.006,219.787,84.7814
"Oct 21, 12:00 am",134.901,219.787,84.8867
"Oct 21, 01:00 am",134.793,219.787,84.9944
"Oct 21, 02:00 am",134.682,219.787,85.1053
"Oct 21, 03:00 am",134.567,219.787,85.2205
"Oct 21, 04:00 am",134.446,219.787,85.3418
"Oct 21, 05:00 am",134.315,219.787,85.4722
"Oct 21, 06:00 am",134.169,219.787,85.6181
"Oct 21, 07:00 am",133.991,219.787,85.7959
"Oct 21, 08:00 am",123.027,219.787,96.7601
"Oct 21, 09:00 am",16.8913,219.787,202.843
"Oct 21, 10:00 am",39.7688,219.787,179.966
"Oct 21, 11:00 am",68.5771,219.787,151.157
"Oct 21, 12:00 pm",63.8498,219.787,155.885
"Oct 21, 01:00 pm",64.6352,219.787,155.099
"Oct 21, 02:00 pm",64.1578,219.787,155.577
"Oct 21, 03:00 pm",80.4612,219.787,139.273
"Oct 21, 04:00 pm",75.6537,219.787,144.081
"Oct 21, 05:00 pm",74.504,219.787,145.283
"Oct 21, 06:00 pm",74.4557,219.787,145.332
"Oct 21, 07:00 pm",74.4071,219.787,145.38
"Oct 21, 08:00 pm",74.358,219.787,145.429
"Oct 21, 09:00 pm",74.3085,219.787,145.479
"Oct 21, 10:00 pm",74.2585,219.787,145.529
"Oct 21, 11:00 pm",74.2078,219.787,145.58
"Oct 22, 12:00 am",74.1563,219.787,145.631
"Oct 22, 01:00 am",74.1039,219.787,145.683
"Oct 22, 02:00 am",74.0502,219.787,145.737
"Oct 22, 03:00 am",73.9949,219.787,145.792
"Oct 22, 04:00 am",73.9375,219.787,145.85
"Oct 22, 05:00 am",73.8771,219.787,145.91
"Oct 22, 06:00 am",73.8122,219.787,145.975
"Oct 22, 07:00 am",73.7394,219.787,146.048
"Oct 22, 08:00 am",12.8433,219.787,206.891
"Oct 22, 09:00 am",22.3336,219.787,197.401
"Oct 22, 10:00 am",45.5999,219.787,174.135
"Oct 22, 11:00 am",74.9895,219.787,144.745
"Oct 22, 12:00 pm",69.994,219.787,149.74
"Oct 22, 01:00 pm",70.6878,219.787,149.047
"Oct 22, 02:00 pm",70.0982,219.787,149.636
"Oct 22, 03:00 pm",66.5213,219.787,153.213
"Oct 22, 04:00 pm",66.1512,219.787,153.636
"Oct 22, 05:00 pm",66.1095,219.787,153.678
"Oct 22, 06:00 pm",66.0676,219.787,153.72
"Oct 22, 07:00 pm",66.0253,219.787,153.762
"Oct 22, 08:00 pm",65.9826,219.787,153.805
"Oct 22, 09:00 pm",65.9394,219.787,153.848
"Oct 22, 10:00 pm",65.8957,219.787,153.892
"Oct 22, 11:00 pm",65.8513,219.787,153.936
"Oct 23, 12:00 am",65.806,219.787,153.981
"Oct 23, 01:00 am",65.7597,219.787,154.028
"Oct 23, 02:00 am",65.7121,219.787,154.075
"Oct 23, 03:00 am",65.6626,219.787,154.125
"Oct 23, 04:00 am",65.6105,219.787,154.177
"Oct 23, 05:00 am",65.5544,219.787,154.233
"Oct 23, 06:00 am",65.4917,219.787,154.296
"Oct 23, 07:00 am",65.4153,219.787,154.372
"Oct 23, 08:00 am",6.7696,219.787,212.965
"Oct 23, 09:00 am",16.8189,219.787,202.916
"Oct 23, 10:00 am",39.8898,219.787,179.845
"Oct 23, 11:00 am",68.7163,219.787,151.018
"Oct 23, 12:00 pm",97.7103,219.787,122.024
"Oct 23, 01:00 pm",121.338,219.787,98.3968
"Oct 23, 02:00 pm",135.465,219.787,84.2694
"Oct 23, 03:00 pm",137.036,219.787,82.6987
"Oct 23, 04:00 pm",132.959,219.787,86.8285
"Oct 23, 05:00 pm",132.864,219.787,86.9233
"Oct 23, 06:00 pm",132.769,219.787,87.0187
"Oct 23, 07:00 pm",132.672,219.787,87.115
"Oct 23, 08:00 pm",132.575,219.787,87.2121
"Oct 23, 09:00 pm",132.477,219.787,87.3102
"Oct 23, 10:00 pm",132.378,219.787,87.4097
"Oct 23, 11:00 pm",132.277,219.787,87.5107
"Oct 24, 12:00 am",132.174,219.787,87.6136
"Oct 24, 01:00 am",132.068,219.787,87.7189
"Oct 24, 02:00 am",131.96,219.787,87.8273
"Oct 24, 03:00 am",131.847,219.787,87.9399
"Oct 24, 04:00 am",131.729,219.787,88.0584
"Oct 24, 05:00 am",131.601,219.787,88.1859
"Oct 24, 06:00 am",131.459,219.787,88.3286
"Oct 24, 07:00 am",131.285,219.787,88.5023
"Oct 24, 08:00 am",120.542,219.787,99.2456
"Oct 24, 09:00 am",6.93974,219.787,212.848
"Oct 24, 10:00 am",6.44893,219.787,213.285
"Oct 24, 11:00 am",6.79439,219.787,212.94
"Oct 24, 12:00 pm",8.35653,219.787,211.378
"Oct 24, 01:00 pm",9.45382,219.787,210.281
"Oct 24, 02:00 pm",10.1207,219.787,209.614
"Oct 24, 03:00 pm",11.7679,219.787,207.967
"Oct 24, 04:00 pm",11.7681,219.787,207.966
"Oct 24, 05:00 pm",11.5085,219.787,208.279
"Oct 24, 06:00 pm",11.5103,219.787,208.277
"Oct 24, 07:00 pm",11.512,219.787,208.275
"Oct 24, 08:00 pm",11.5138,219.787,208.273
"Oct 24, 09:00 pm",11.5157,219.787,208.272
"Oct 24, 10:00 pm",11.5175,219.787,208.27
"Oct 24, 11:00 pm",11.5194,219.787,208.268
"Oct 25, 12:00 am",11.5212,219.787,208.266
"Oct 25, 01:00 am",11.5232,219.787,208.264
"Oct 25, 02:00 am",11.5251,219.787,208.262
"Oct 25, 03:00 am",11.5272,219.787,208.26
"Oct 25, 04:00 am",11.5293,219.787,208.258
"Oct 25, 05:00 am",11.5315,219.787,208.256
"Oct 25, 06:00 am",11.5339,219.787,208.253
"Oct 25, 07:00 am",11.5365,219.787,208.251
"Oct 25, 08:00 am",3.03321,219.787,216.701
"Oct 25, 09:00 am",5.33719,219.787,214.397
"Oct 25, 10:00 am",8.89202,219.787,210.842
"Oct 25, 11:00 am",13.0241,219.787,206.71
"Oct 25, 12:00 pm",20.0194,219.787,199.715
"Oct 25, 01:00 pm",26.3365,219.787,193.398
"Oct 25, 02:00 pm",30.3235,219.787,189.411
"Oct 25, 03:00 pm",31.9974,219.787,187.737
"Oct 25, 04:00 pm",35.9779,219.787,183.756
"Oct 25, 05:00 pm",34.2792,219.787,185.508
"Oct 25, 06:00 pm",34.2629,219.787,185.524
"Oct 25, 07:00 pm",34.2464,219.787,185.541
"Oct 25, 08:00 pm",34.2298,219.787,185.557
"Oct 25, 09:00 pm",34.2131,219.787,185.574
"Oct 25, 10:00 pm",34.1962,219.787,185.591
"Oct 25, 11:00 pm",34.1791,219.787,185.608
"Oct 26, 12:00 am",34.1617,219.787,185.626
"Oct 26, 01:00 am",34.1439,219.787,185.643
"Oct 26, 02:00 am",34.1258,219.787,185.662
"Oct 26, 03:00 am",34.1071,219.787,185.68
"Oct 26, 04:00 am",34.0877,219.787,185.7
"Oct 26, 05:00 am",34.0673,219.787,185.72
"Oct 26, 06:00 am",34.0453,219.787,185.742
"Oct 26, 07:00 am",34.0207,219.787,185.767
"Oct 26, 08:00 am",33.9908,219.787,185.797
"Oct 26, 09:00 am",13.5364,219.787,206.198
"Oct 26, 10:00 am",36.4696,219.787,183.265
"Oct 26, 11:00 am",34.8974,219.787,184.837
"Oct 26, 12:00 pm",37.9638,219.787,181.771
"Oct 26, 01:00 pm",39.9473,219.787,179.787
"Oct 26, 02:00 pm",40.8882,219.787,178.846
"Oct 26, 03:00 pm",39.4946,219.787,180.24
"Oct 26, 04:00 pm",37.73,219.787,182.004
"Oct 26, 05:00 pm",37.535,219.787,182.252
"Oct 26, 06:00 pm",37.5161,219.787,182.271
"Oct 26, 07:00 pm",37.4971,219.787,182.29
"Oct 26, 08:00 pm",37.4778,219.787,182.309
"Oct 26, 09:00 pm",37.4585,219.787,182.329
"Oct 26, 10:00 pm",37.4389,219.787,182.348
"Oct 26, 11:00 pm",37.419,219.787,182.368
"Oct 27, 12:00 am",37.3988,219.787,182.388
"Oct 27, 01:00 am",37.3783,219.787,182.409
"Oct 27, 02:00 am",37.3573,219.787,182.43
"Oct 27, 03:00 am",37.3357,219.787,182.452
"Oct 27, 04:00 am",37.3132,219.787,182.474
"Oct 27, 05:00 am",37.2895,219.787,182.498
"Oct 27, 06:00 am",37.2641,219.787,182.523
"Oct 27, 07:00 am",37.2356,219.787,182.552
"Oct 27, 08:00 am",6.26184,219.787,213.473
"Oct 27, 09:00 am",7.91088,219.787,211.824
"Oct 27, 10:00 am",12.5847,219.787,207.15
"Oct 27, 11:00 am",18.6001,219.787,201.134
"Oct 27, 12:00 pm",23.8587,219.787,195.876
"Oct 27, 01:00 pm",26.6895,219.787,193.045
"Oct 27, 02:00 pm",27.6928,219.787,192.042
"Oct 27, 03:00 pm",26.5466,219.787,193.188
"Oct 27, 04:00 pm",26.2591,219.787,193.528
"Oct 27, 05:00 pm",26.2492,219.787,193.538
"Oct 27, 06:00 pm",26.2391,219.787,193.548
"Oct 27, 07:00 pm",26.229,219.787,193.558
"Oct 27, 08:00 pm",26.2188,219.787,193.568
"Oct 27, 09:00 pm",26.2085,219.787,193.579
"Oct 27, 10:00 pm",26.1981,219.787,193.589
"Oct 27, 11:00 pm",26.1875,219.787,193.6
"Oct 28, 12:00 am",26.1767,219.787,193.611
"Oct 28, 01:00 am",26.1656,219.787,193.622
"Oct 28, 02:00 am",26.1542,219.787,193.633
"Oct 28, 03:00 am",26.1424,219.787,193.645
"Oct 28, 04:00 am",26.1299,219.787,193.657
"Oct 28, 05:00 am",26.1166,219.787,193.671
"Oct 28, 06:00 am",26.1016,219.787,193.686
"Oct 28, 07:00 am",26.0833,219.787,193.704
"Oct 28, 08:00 am",23.9595,219.787,195.828
"Oct 28, 09:00 am",11.7023,219.787,208.032
"Oct 28, 10:00 am",13.6853,219.787,206.049
"Oct 28, 11:00 am",20.5038,219.787,199.231
"Oct 28, 12:00 pm",60.0218,219.787,159.713
"Oct 28, 01:00 pm",87.8013,219.787,131.933
"Oct 28, 02:00 pm",105.494,219.787,114.24
"Oct 28, 03:00 pm",97.4729,219.787,122.314
"Oct 28, 04:00 pm",97.4063,219.787,122.381
"Oct 28, 05:00 pm",97.3393,219.787,122.448
"Oct 28, 06:00 pm",97.2717,219.787,122.516
"Oct 28, 07:00 pm",97.2035,219.787,122.584
"Oct 28, 08:00 pm",97.1345,219.787,122.653
"Oct 28, 09:00 pm",97.0647,219.787,122.723
"Oct 28, 10:00 pm",96.9937,219.787,122.794
"Oct 28, 11:00 pm",96.9215,219.787,122.866
"Oct 29, 12:00 am",96.8475,219.787,122.94
"Oct 29, 01:00 am",96.7714,219.787,123.016
"Oct 29, 02:00 am",96.6923,219.787,123.095
"Oct 29, 03:00 am",96.6091,219.787,123.178
"Oct 29, 04:00 am",96.5195,219.787,123.268
"Oct 29, 05:00 am",96.4193,219.787,123.368
"Oct 29, 06:00 am",96.2973,219.787,123.49
"Oct 29, 07:00 am",88.3675,219.787,131.42
"Oct 29, 08:00 am",4.5527,219.787,215.235
"Oct 29, 09:00 am",14.7756,219.787,204.959
"Oct 29, 10:00 am",38.7848,219.787,180.95
"Oct 29, 11:00 am",68.7793,219.787,150.955
"Oct 29, 12:00 pm",98.9236,219.787,120.811
"Oct 29, 01:00 pm",123.774,219.787,95.96
"Oct 29, 02:00 pm",138.849,219.787,80.8854
"Oct 29, 03:00 pm",140.735,219.787,78.9995
"Oct 29, 04:00 pm",136.444,219.787,83.3429
"Oct 29, 05:00 pm",136.347,219.787,83.4405
"Oct 29, 06:00 pm",136.249,219.787,83.5387
"Oct 29, 07:00 pm",136.15,219.787,83.6377
"Oct 29, 08:00 pm",136.05,219.787,83.7377
"Oct 29, 09:00 pm",135.949,219.787,83.8387
"Oct 29, 10:00 pm",135.846,219.787,83.9411
"Oct 29, 11:00 pm",135.742,219.787,84.0451
"Oct 30, 12:00 am",135.636,219.787,84.151
"Oct 30, 01:00 am",135.528,219.787,84.2593
"Oct 30, 02:00 am",135.416,219.787,84.3709
"Oct 30, 03:00 am",135.301,219.787,84.4868
"Oct 30, 04:00 am",135.179,219.787,84.6088
"Oct 30, 05:00 am",135.047,219.787,84.74
"Oct 30, 06:00 am",134.901,219.787,84.8868
"Oct 30, 07:00 am",134.722,219.787,85.0657
"Oct 30, 08:00 am",123.696,219.787,96.0914
"Oct 30, 09:00 am",17.559,219.787,202.175
"Oct 30, 10:00 am",41.3543,219.787,178.38
"Oct 30, 11:00 am",71.0351,219.787,148.699
"Oct 30, 12:00 pm",100.845,219.787,118.889
"Oct 30, 01:00 pm",125.332,219.787,94.4023
"Oct 30, 02:00 pm",140.273,219.787,79.4613
"Oct 30, 03:00 pm",142.518,219.787,77.2165
"Oct 30, 04:00 pm",138.124,219.787,81.6634
"Oct 30, 05:00 pm",138.025,219.787,81.7623
"Oct 30, 06:00 pm",137.925,219.787,81.8618
"Oct 30, 07:00 pm",137.825,219.787,81.9622
"Oct 30, 08:00 pm",137.724,219.787,82.0636
"Oct 30, 09:00 pm",137.621,219.787,82.166
"Oct 30, 10:00 pm",137.518,219.787,82.2698
"Oct 30, 11:00 pm",137.412,219.787,82.3751
"Oct 31, 12:00 am",137.305,219.787,82.4825
"Oct 31, 01:00 am",137.195,219.787,82.5923
"Oct 31, 02:00 am",137.082,219.787,82.7054
"Oct 31, 03:00 am",136.964,219.787,82.8229
"Oct 31, 04:00 am",136.841,219.787,82.9466
"Oct 31, 05:00 am",136.708,219.787,83.0796
"Oct 31, 06:00 am",136.559,219.787,83.2284
"Oct 31, 07:00 am",136.378,219.787,83.4097
"Oct 31, 08:00 am",125.216,219.787,94.5716
"Oct 31, 09:00 am",17.7818,219.787,201.953
"Oct 31, 10:00 am",41.2755,219.787,178.459
"Oct 31, 11:00 am",70.5596,219.787,149.175
"Oct 31, 12:00 pm",100.012,219.787,119.722
"Oct 31, 01:00 pm",124.38,219.787,95.354
"Oct 31, 02:00 pm",139.353,219.787,80.3812
"Oct 31, 03:00 pm",141.525,219.787,78.2091
"Oct 31, 04:00 pm",129.542,219.787,90.1928
"Oct 31, 05:00 pm",129.481,219.787,90.306
"Oct 31, 06:00 pm",129.389,219.787,90.398
"Oct 31, 07:00 pm",129.297,219.787,90.4906
"Oct 31, 08:00 pm",129.203,219.787,90.5841
"Oct 31, 09:00 pm",129.109,219.787,90.6783
"Oct 31, 10:00 pm",129.014,219.787,90.7737
"Oct 31, 11:00 pm",128.917,219.787,90.8702
"Nov 1, 12:00 am",128.819,219.787,90.9683
"Nov 1, 01:00 am",128.719,219.787,91.0682
"Nov 1, 02:00 am",128.617,219.787,91.1704
"Nov 1, 03:00 am",128.512,219.787,91.2756
"Nov 1, 04:00 am",128.402,219.787,91.3849
"Nov 1, 05:00 am",128.287,219.787,91.5
"Nov 1, 06:00 am",128.164,219.787,91.6238
"Nov 1, 07:00 am",128.025,219.787,91.7623
"Nov 1, 08:00 am",127.856,219.787,91.9309
"Nov 1, 09:00 am",23.2273,219.787,196.507
"Nov 1, 10:00 am",45.7286,219.787,174.006
"Nov 1, 11:00 am",74.2126,219.787,145.522
"Nov 1, 12:00 pm",102.919,219.787,116.815
"Nov 1, 01:00 pm",126.687,219.787,93.0476
"Nov 1, 02:00 pm",141.122,219.787,78.6123
"Nov 1, 03:00 pm",143.018,219.787,76.7161
"Nov 1, 04:00 pm",138.735,219.787,81.052
"Nov 1, 05:00 pm",138.636,219.787,81.1513
"Nov 1, 06:00 pm",138.536,219.787,81.2514
"Nov 1, 07:00 pm",138.435,219.787,81.3523
"Nov 1, 08:00 pm",138.333,219.787,81.4541
"Nov 1, 09:00 pm",138.23,219.787,81.557
"Nov 1, 10:00 pm",138.126,219.787,81.6613
"Nov 1, 11:00 pm",138.02,219.787,81.7672
"Nov 2, 12:00 am",137.912,219.787,81.8751
"Nov 2, 01:00 am",137.802,219.787,81.9855
"Nov 2, 02:00 am",137.688,219.787,82.0991
"Nov 2, 03:00 am",137.57,219.787,82.2172
"Nov 2, 04:00 am",137.446,219.787,82.3415
"Nov 2, 05:00 am",137.312,219.787,82.4751
"Nov 2, 06:00 am",137.163,219.787,82.6247
"Nov 2, 07:00 am",136.98,219.787,82.8069
"Nov 2, 08:00 am",125.771,219.787,94.0168
"Nov 2, 09:00 am",17.513,219.787,202.221
"Nov 2, 10:00 am",40.6569,219.787,179.077
"Nov 2, 11:00 am",69.4935,219.787,150.241
"Nov 2, 12:00 pm",98.3797,219.787,121.355
"Nov 2, 01:00 pm",122.13,219.787,97.6043
"Nov 2, 02:00 pm",136.479,219.787,83.2553
"Nov 2, 03:00 pm",138.339,219.787,81.3955
"Nov 2, 04:00 pm",134.158,219.787,85.6297
"Nov 2, 05:00 pm",134.062,219.787,85.7255
"Nov 2, 06:00 pm",133.965,219.787,85.8219
"Nov 2, 07:00 pm",133.868,219.787,85.919
"Nov 2, 08:00 pm",133.77,219.787,86.0171
"Nov 2, 09:00 pm",133.671,219.787,86.1163
"Nov 2, 10:00 pm",133.571,219.787,86.2168
"Nov 2, 11:00 pm",133.469,219.787,86.3188
"Nov 3, 12:00 am",133.365,219.787,86.4227
"Nov 3, 01:00 am",133.258,219.787,86.5291
"Nov 3, 02:00 am",133.149,219.787,86.6386
"Nov 3, 03:00 am",133.035,219.787,86.7523
"Nov 3, 04:00 am",132.915,219.787,86.872
"Nov 3, 05:00 am",132.787,219.787,87.0008
"Nov 3, 06:00 am",132.643,219.787,87.1449
"Nov 3, 07:00 am",132.467,219.787,87.3204
"Nov 3, 08:00 am",121.626,219.787,98.1611
"Nov 3, 09:00 am",7.96889,219.787,211.766
"Nov 3, 10:00 am",9.47483,219.787,210.26
"Nov 3, 11:00 am",12.905,219.787,206.829
"Nov 3, 12:00 pm",13.3033,219.787,206.431
"Nov 3, 01:00 pm",15.1611,219.787,204.573
"Nov 3, 02:00 pm",18.0299,219.787,201.704
"Nov 3, 03:00 pm",19.5476,219.787,200.187
"Nov 3, 04:00 pm",19.0958,219.787,200.639
"Nov 3, 05:00 pm",18.211,219.787,201.523
"Nov 3, 06:00 pm",18.1279,219.787,201.659
"Nov 3, 07:00 pm",18.1244,219.787,201.663
"Nov 3, 08:00 pm",18.1209,219.787,201.666
"Nov 3, 09:00 pm",18.1174,219.787,201.67
"Nov 3, 10:00 pm",18.1138,219.787,201.674
"Nov 3, 11:00 pm",18.1102,219.787,201.677
"Nov 4, 12:00 am",18.1065,219.787,201.681
"Nov 4, 01:00 am",18.1028,219.787,201.685
"Nov 4, 02:00 am",18.099,219.787,201.688
"Nov 4, 03:00 am",18.0951,219.787,201.692
"Nov 4, 04:00 am",18.0911,219.787,201.696
"Nov 4, 05:00 am",18.087,219.787,201.7
"Nov 4, 06:00 am",18.0826,219.787,201.705
"Nov 4, 07:00 am",18.0779,219.787,201.709
"Nov 4, 08:00 am",4.66624,219.787,215.068
"Nov 4, 09:00 am",6.21082,219.787,213.524
"Nov 4, 10:00 am",9.49159,219.787,210.243
"Nov 4, 11:00 am",45.1213,219.787,174.613
"Nov 4, 12:00 pm",76.2566,219.787,143.478
"Nov 4, 01:00 pm",101.965,219.787,117.769
"Nov 4, 02:00 pm",118.265,219.787,101.469
"Nov 4, 03:00 pm",121.903,219.787,97.8313
"Nov 4, 04:00 pm",111.451,219.787,108.283
"Nov 4, 05:00 pm",111.284,219.787,108.503
"Nov 4, 06:00 pm",111.207,219.787,108.581
"Nov 4, 07:00 pm",111.129,219.787,108.659
"Nov 4, 08:00 pm",111.05,219.787,108.738
"Nov 4, 09:00 pm",110.97,219.787,108.817
"Nov 4, 10:00 pm",110.89,219.787,108.897
"Nov 4, 11:00 pm",110.809,219.787,108.979
"Nov 5, 12:00 am",110.726,219.787,109.061
"Nov 5, 01:00 am",110.642,219.787,109.145
"Nov 5, 02:00 am",110.556,219.787,109.232
"Nov 5, 03:00 am",110.467,219.787,109.32
"Nov 5, 04:00 am",110.375,219.787,109.412
"Nov 5, 05:00 am",110.278,219.787,109.509
"Nov 5, 06:00 am",110.174,219.787,109.614
"Nov 5, 07:00 am",110.057,219.787,109.73
"Nov 5, 08:00 am",109.915,219.787,109.873
"Nov 5, 09:00 am",15.235,219.787,204.499
"Nov 5, 10:00 am",39.2286,219.787,180.506
"Nov 5, 11:00 am",67.8546,219.787,151.88
"Nov 5, 12:00 pm",96.505,219.787,123.229
"Nov 5, 01:00 pm",89.2362,219.787,130.498
"Nov 5, 02:00 pm",86.5682,219.787,133.166
"Nov 5, 03:00 pm",99.5577,219.787,120.177
"Nov 5, 04:00 pm",92.2856,219.787,127.449
"Nov 5, 05:00 pm",91.5902,219.787,128.197
"Nov 5, 06:00 pm",91.5283,219.787,128.259
"Nov 5, 07:00 pm",91.466,219.787,128.321
"Nov 5, 08:00 pm",91.4032,219.787,128.384
"Nov 5, 09:00 pm",91.3397,219.787,128.448
"Nov 5, 10:00 pm",91.2756,219.787,128.512
"Nov 5, 11:00 pm",91.2107,219.787,128.577
"Nov 6, 12:00 am",91.1447,219.787,128.643
"Nov 6, 01:00 am",91.0775,219.787,128.71
"Nov 6, 02:00 am",91.0088,219.787,128.779
"Nov 6, 03:00 am",90.938,219.787,128.849
"Nov 6, 04:00 am",90.8645,219.787,128.923
"Nov 6, 05:00 am",90.7871,219.787,129
"Nov 6, 06:00 am",90.7038,219.787,129.084
"Nov 6, 07:00 am",90.6107,219.787,129.177
"Nov 6, 08:00 am",90.4972,219.787,129.29
"Nov 6, 09:00 am",19.4957,219.787,200.239
"Nov 6, 10:00 am",42.1216,219.787,177.613
"Nov 6, 11:00 am",70.7471,219.787,148.987
"Nov 6, 12:00 pm",99.5647,219.787,120.17
"Nov 6, 01:00 pm",123.386,219.787,96.3483
"Nov 6, 02:00 pm",137.822,219.787,81.9119
"Nov 6, 03:00 pm",139.703,219.787,80.0311
"Nov 6, 04:00 pm",135.486,219.787,84.3013
"Nov 6, 05:00 pm",135.389,219.787,84.3981
"Nov 6, 06:00 pm",135.292,219.787,84.4956
"Nov 6, 07:00 pm",135.194,219.787,84.5938
"Nov 6, 08:00 pm",135.094,219.787,84.693
"Nov 6, 09:00 pm",134.994,219.787,84.7933
"Nov 6, 10:00 pm",134.893,219.787,84.8948
"Nov 6, 11:00 pm",134.789,219.787,84.998
"Nov 7, 12:00 am",134.684,219.787,85.1031
"Nov 7, 01:00 am",134.577,219.787,85.2106
"Nov 7, 02:00 am",134.466,219.787,85.3213
"Nov 7, 03:00 am",134.351,219.787,85.4363
"Nov 7, 04:00 am",134.23,219.787,85.5573
"Nov 7, 05:00 am",134.1,219.787,85.6875
"Nov 7, 06:00 am",133.954,219.787,85.8332
"Nov 7, 07:00 am",133.777,219.787,86.0106
"Nov 7, 08:00 am",122.829,219.787,96.9585
"Nov 7, 09:00 am",7.06288,219.787,212.724
"Nov 7, 10:00 am",6.67387,219.787,213.113
"Nov 7, 11:00 am",6.00023,219.787,213.734
"Nov 7, 12:00 pm",5.9159,219.787,213.818
"Nov 7, 01:00 pm",5.83132,219.787,213.903
"Nov 7, 02:00 pm",5.87773,219.787,213.857
"Nov 7, 03:00 pm",6.23291,219.787,213.501
"Nov 7, 04:00 pm",6.27219,219.787,213.462
"Nov 7, 05:00 pm",6.19051,219.787,213.597
"Nov 7, 06:00 pm",6.19651,219.787,213.591
"Nov 7, 07:00 pm",6.20255,219.787,213.585
"Nov 7, 08:00 pm",6.20864,219.787,213.579
"Nov 7, 09:00 pm",6.21479,219.787,213.573
"Nov 7, 10:00 pm",6.221,219.787,213.566
"Nov 7, 11:00 pm",6.2273,219.787,213.56
"Nov 8, 12:00 am",6.23369,219.787,213.554
"Nov 8, 01:00 am",6.2402,219.787,213.547
"Nov 8, 02:00 am",6.24687,219.787,213.54
"Nov 8, 03:00 am",6.25373,219.787,213.534
"Nov 8, 04:00 am",6.26085,219.787,213.526
"Nov 8, 05:00 am",6.26836,219.787,213.519
"Nov 8, 06:00 am",6.27642,219.787,213.511
"Nov 8, 07:00 am",6.28545,219.787,213.502
"Nov 8, 08:00 am",1.75045,219.787,217.984
"Nov 8, 09:00 am",2.64185,219.787,217.093
"Nov 8, 10:00 am",5.65533,219.787,214.079
"Nov 8, 11:00 am",7.55134,219.787,212.183
"Nov 8, 12:00 pm",16.3288,219.787,203.406
"Nov 8, 01:00 pm",16.621,219.787,203.113
"Nov 8, 02:00 pm",23.0758,219.787,196.659
"Nov 8, 03:00 pm",24.0361,219.787,195.698
"Nov 8, 04:00 pm",28.074,219.787,191.66
"Nov 8, 05:00 pm",26.5373,219.787,193.25
"Nov 8, 06:00 pm",26.5271,219.787,193.26
"Nov 8, 07:00 pm",26.5169,219.787,193.27
"Nov 8, 08:00 pm",26.5065,219.787,193.281
"Nov 8, 09:00 pm",26.4961,219.787,193.291
"Nov 8, 10:00 pm",26.4856,219.787,193.302
"Nov 8, 11:00 pm",26.4749,219.787,193.312
"Nov 9, 12:00 am",26.464,219.787,193.323
"Nov 9, 01:00 am",26.453,219.787,193.334
"Nov 9, 02:00 am",26.4417,219.787,193.346
"Nov 9, 03:00 am",26.43,219.787,193.357
"Nov 9, 04:00 am",26.418,219.787,193.369
"Nov 9, 05:00 am",26.4052,219.787,193.382
"Nov 9, 06:00 am",26.3915,219.787,193.396
"Nov 9, 07:00 am",26.3762,219.787,193.411
"Nov 9, 08:00 am",26.3576,219.787,193.43
"Nov 9, 09:00 am",12.2244,219.787,207.51
"Nov 9, 10:00 am",35.2268,219.787,184.508
"Nov 9, 11:00 am",64.243,219.787,155.491
"Nov 9, 12:00 pm",93.4837,219.787,126.251
"Nov 9, 01:00 pm",117.703,219.787,102.032
"Nov 9, 02:00 pm",132.361,219.787,87.3732
"Nov 9, 03:00 pm",134.318,219.787,85.4166
"Nov 9, 04:00 pm",130.168,219.787,89.6198
"Nov 9, 05:00 pm",130.075,219.787,89.7124
"Nov 9, 06:00 pm",129.982,219.787,89.8056
"Nov 9, 07:00 pm",129.888,219.787,89.8995
"Nov 9, 08:00 pm",129.793,219.787,89.9944
"Nov 9, 09:00 pm",129.697,219.787,90.0903
"Nov 9, 10:00 pm",129.6,219.787,90.1874
"Nov 9, 11:00 pm",129.501,219.787,90.286
"Nov 10, 12:00 am",129.401,219.787,90.3865
"Nov 10, 01:00 am",129.298,219.787,90.4893
"Nov 10, 02:00 am",129.192,219.787,90.5952
"Nov 10, 03:00 am",129.082,219.787,90.7052
"Nov 10, 04:00 am",128.966,219.787,90.8209
"Nov 10, 05:00 am",128.842,219.787,90.9454
"Nov 10, 06:00 am",128.703,219.787,91.0847
"Nov 10, 07:00 am",128.533,219.787,91.2544
"Nov 10, 08:00 am",118.013,219.787,101.774
"Nov 10, 09:00 am",16.3556,219.787,203.379
"Nov 10, 10:00 am",39.5812,219.787,180.153
"Nov 10, 11:00 am",68.7574,219.787,150.977
"Nov 10, 12:00 pm",97.771,219.787,121.963
"Nov 10, 01:00 pm",121.488,219.787,98.2463
"Nov 10, 02:00 pm",135.655,219.787,84.0795
"Nov 10, 03:00 pm",137.334,219.787,82.3999
"Nov 10, 04:00 pm",133.223,219.787,86.564
"Nov 10, 05:00 pm",133.128,219.787,86.659
"Nov 10, 06:00 pm",133.033,219.787,86.7546
"Nov 10, 07:00 pm",132.936,219.787,86.851
"Nov 10, 08:00 pm",132.839,219.787,86.9484
"Nov 10, 09:00 pm",132.741,219.787,87.0468
"Nov 10, 10:00 pm",132.641,219.787,87.1464
"Nov 10, 11:00 pm",132.54,219.787,87.2477
"Nov 11, 12:00 am",132.437,219.787,87.3508
"Nov 11, 01:00 am",132.331,219.787,87.4563
"Nov 11, 02:00 am",132.222,219.787,87.565
"Nov 11, 03:00 am",132.11,219.787,87.6778
"Nov 11, 04:00 am",131.991,219.787,87.7966
"Nov 11, 05:00 am",131.863,219.787,87.9244
"Nov 11, 06:00 am",131.72,219.787,88.0673
"Nov 11, 07:00 am",131.546,219.787,88.2415
"Nov 11, 08:00 am",120.781,219.787,99.0063
"Nov 11, 09:00 am",16.397,219.787,203.337
"Nov 11, 10:00 am",39.0818,219.787,180.653
"Nov 11, 11:00 am",67.6314,219.787,152.103
"Nov 11, 12:00 pm",96.1708,219.787,123.564
"Nov 11, 01:00 pm",119.592,219.787,100.142
"Nov 11, 02:00 pm",133.688,219.787,86.0464
"Nov 11, 03:00 pm",135.438,219.787,84.2962
"Nov 11, 04:00 pm",131.357,219.787,88.4308
"Nov 11, 05:00 pm",131.263,219.787,88.5243
"Nov 11, 06:00 pm",131.169,219.787,88.6185
"Nov 11, 07:00 pm",131.074,219.787,88.7134
"Nov 11, 08:00 pm",130.978,219.787,88.8092
"Nov 11, 09:00 pm",130.881,219.787,88.9061
"Nov 11, 10:00 pm",130.783,219.787,89.0042
"Nov 11, 11:00 pm",130.684,219.787,89.1038
"Nov 12, 12:00 am",130.582,219.787,89.2053
"Nov 12, 01:00 am",130.478,219.787,89.3092
"Nov 12, 02:00 am",130.371,219.787,89.4162
"Nov 12, 03:00 am",130.26,219.787,89.5272
"Nov 12, 04:00 am",130.143,219.787,89.6442
"Nov 12, 05:00 am",130.017,219.787,89.7699
"Nov 12, 06:00 am",129.877,219.787,89.9107
"Nov 12, 07:00 am",129.705,219.787,90.0821
"Nov 12, 08:00 am",119.091,219.787,100.697
"Nov 12, 09:00 am",16.4125,219.787,203.322
"Nov 12, 10:00 am",39.1293,219.787,180.605
"Nov 12, 11:00 am",67.6464,219.787,152.088
"Nov 12, 12:00 pm",96.1795,219.787,123.555
"Nov 12, 01:00 pm",119.666,219.787,100.069
"Nov 12, 02:00 pm",133.783,219.787,85.9513
"Nov 12, 03:00 pm",135.659,219.787,84.0753
"Nov 12, 04:00 pm",131.542,219.787,88.245
"Nov 12, 05:00 pm",131.449,219.787,88.3386
"Nov 12, 06:00 pm",131.354,219.787,88.4329
"Nov 12, 07:00 pm",131.259,219.787,88.528
"Nov 12, 08:00 pm",131.163,219.787,88.624
"Nov 12, 09:00 pm",131.066,219.787,88.721
"Nov 12, 10:00 pm",130.968,219.787,88.8192
"Nov 12, 11:00 pm",130.868,219.787,88.919
"Nov 13, 12:00 am",130.767,219.787,89.0207
"Nov 13, 01:00 am",130.663,219.787,89.1248
"Nov 13, 02:00 am",130.555,219.787,89.2319
"Nov 13, 03:00 am",130.444,219.787,89.3431
"Nov 13, 04:00 am",130.327,219.787,89.4602
"Nov 13, 05:00 am",130.201,219.787,89.5862
"Nov 13, 06:00 am",130.06,219.787,89.7272
"Nov 13, 07:00 am",129.888,219.787,89.8989
"Nov 13, 08:00 am",119.259,219.787,100.529
"Nov 13, 09:00 am",16.409,219.787,203.325
"Nov 13, 10:00 am",39.1974,219.787,180.537
"Nov 13, 11:00 am",67.9048,219.787,151.83
"Nov 13, 12:00 pm",96.5932,219.787,123.141
"Nov 13, 01:00 pm",120.144,219.787,99.5907
"Nov 13, 02:00 pm",134.372,219.787,85.3619
"Nov 13, 03:00 pm",136.104,219.787,83.6308
"Nov 13, 04:00 pm",132.004,219.787,87.7831
"Nov 13, 05:00 pm",131.91,219.787,87.8771
"Nov 13, 06:00 pm",131.816,219.787,87.9718
"Nov 13, 07:00 pm",131.72,219.787,88.0672
"Nov 13, 08:00 pm",131.624,219.787,88.1636
"Nov 13, 09:00 pm",131.526,219.787,88.2609
"Nov 13, 10:00 pm",131.428,219.787,88.3596
"Nov 13, 11:00 pm",131.328,219.787,88.4598
"Nov 14, 12:00 am",131.225,219.787,88.5619
"Nov 14, 01:00 am",131.121,219.787,88.6663
"Nov 14, 02:00 am",131.013,219.787,88.7739
"Nov 14, 03:00 am",130.902,219.787,88.8856
"Nov 14, 04:00 am",130.784,219.787,89.0031
"Nov 14, 05:00 am",130.658,219.787,89.1296
"Nov 14, 06:00 am",130.516,219.787,89.2711
"Nov 14, 07:00 am",130.344,219.787,89.4435
"Nov 14, 08:00 am",119.677,219.787,100.11
"Nov 14, 09:00 am",16.1703,219.787,203.564
"Nov 14, 10:00 am",38.6796,219.787,181.055
"Nov 14, 11:00 am",67.1303,219.787,152.604
"Nov 14, 12:00 pm",95.6794,219.787,124.055
"Nov 14, 01:00 pm",119.226,219.787,100.508
"Nov 14, 02:00 pm",133.501,219.787,86.2338
"Nov 14, 03:00 pm",135.385,219.787,84.349
"Nov 14, 04:00 pm",131.263,219.787,88.5245
"Nov 14, 05:00 pm",131.169,219.787,88.618
"Nov 14, 06:00 pm",131.075,219.787,88.7121
"Nov 14, 07:00 pm",130.98,219.787,88.8069
"Nov 14, 08:00 pm",130.885,219.787,88.9026
"Nov 14, 09:00 pm",130.788,219.787,88.9994
"Nov 14, 10:00 pm",130.69,219.787,89.0975
"Nov 14, 11:00 pm",130.59,219.787,89.197
"Nov 15, 12:00 am",130.489,219.787,89.2984
"Nov 15, 01:00 am",130.385,219.787,89.4022
"Nov 15, 02:00 am",130.278,219.787,89.5091
"Nov 15, 03:00 am",130.167,219.787,89.6201
"Nov 15, 04:00 am",130.05,219.787,89.7369
"Nov 15, 05:00 am",129.925,219.787,89.8626
"Nov 15, 06:00 am",129.784,219.787,90.0032
"Nov 15, 07:00 am",129.613,219.787,90.1745
"Nov 15, 08:00 am",119.006,219.787,100.782
"Nov 15, 09:00 am",15.9833,219.787,203.751
"Nov 15, 10:00 am",38.6717,219.787,181.063
"Nov 15, 11:00 am",67.3104,219.787,152.424
"Nov 15, 12:00 pm",96.1143,219.787,123.62
"Nov 15, 01:00 pm",119.817,219.787,99.9172
"Nov 15, 02:00 pm",134.068,219.787,85.6659
"Nov 15, 03:00 pm",135.818,219.787,83.916
"Nov 15, 04:00 pm",131.717,219.787,88.0706
"Nov 15, 05:00 pm",131.623,219.787,88.1643
"Nov 15, 06:00 pm",131.529,219.787,88.2588
"Nov 15, 07:00 pm",131.433,219.787,88.354
"Nov 15, 08:00 pm",131.337,219.787,88.4501
"Nov 15, 09:00 pm",131.24,219.787,88.5473
"Nov 15, 10:00 pm",131.142,219.787,88.6457
"Nov 15, 11:00 pm",131.042,219.787,88.7456
"Nov 16, 12:00 am",130.94,219.787,88.8474
"Nov 16, 01:00 am",130.836,219.787,88.9516
"Nov 16, 02:00 am",130.728,219.787,89.0589
"Nov 16, 03:00 am",130.617,219.787,89.1703
"Nov 16, 04:00 am",130.5,219.787,89.2876
"Nov 16, 05:00 am",130.374,219.787,89.4138
"Nov 16, 06:00 am",130.232,219.787,89.555
"Nov 16, 07:00 am",130.06,219.787,89.7269
"Nov 16, 08:00 am",119.417,219.787,100.371
"Nov 16, 09:00 am",15.6884,219.787,204.046
"Nov 16, 10:00 am",37.9815,219.787,181.753
"Nov 16, 11:00 am",66.1983,219.787,153.536
"Nov 16, 12:00 pm",94.6044,219.787,125.13
"Nov 16, 01:00 pm",118.044,219.787,101.691
"Nov 16, 02:00 pm",132.214,219.787,87.5203
"Nov 16, 03:00 pm",134.127,219.787,85.607
"Nov 16, 04:00 pm",130.03,219.787,89.7576
"Nov 16, 05:00 pm",129.937,219.787,89.85
"Nov 16, 06:00 pm",129.844,219.787,89.9431
"Nov 16, 07:00 pm",129.75,219.787,90.0369
"Nov 16, 08:00 pm",129.656,219.787,90.1317
"Nov 16, 09:00 pm",129.56,219.787,90.2274
"Nov 16, 10:00 pm",129.463,219.787,90.3244
"Nov 16, 11:00 pm",129.364,219.787,90.423
"Nov 17, 12:00 am",129.264,219.787,90.5233
"Nov 17, 01:00 am",129.161,219.787,90.626
"Nov 17, 02:00 am",129.056,219.787,90.7318
"Nov 17, 03:00 am",128.946,219.787,90.8416
"Nov 17, 04:00 am",128.83,219.787,90.9572
"Nov 17, 05:00 am",128.706,219.787,91.0816
"Nov 17, 06:00 am",128.567,219.787,91.2207
"Nov 17, 07:00 am",128.397,219.787,91.3902
"Nov 17, 08:00 am",117.889,219.787,101.898
"Nov 17, 09:00 am",15.4873,219.787,204.247
"Nov 17, 10:00 am",37.3684,219.787,182.366
"Nov 17, 11:00 am",65.2007,219.787,154.534
"Nov 17, 12:00 pm",93.331,219.787,126.403
"Nov 17, 01:00 pm",85.8281,219.787,133.906
"Nov 17, 02:00 pm",84.1039,219.787,135.63
"Nov 17, 03:00 pm",79.6793,219.787,140.055
"Nov 17, 04:00 pm",79.3203,219.787,140.467
"Nov 17, 05:00 pm",79.2682,219.787,140.519
"Nov 17, 06:00 pm",79.2157,219.787,140.572
"Nov 17, 07:00 pm",79.1627,219.787,140.625
"Nov 17, 08:00 pm",79.1093,219.787,140.678
"Nov 17, 09:00 pm",79.0553,219.787,140.732
"Nov 17, 10:00 pm",79.0006,219.787,140.787
"Nov 17, 11:00 pm",78.945,219.787,140.842
"Nov 18, 12:00 am",78.8884,219.787,140.899
"Nov 18, 01:00 am",78.8305,219.787,140.957
"Nov 18, 02:00 am",78.7709,219.787,141.016
"Nov 18, 03:00 am",78.7089,219.787,141.078
"Nov 18, 04:00 am",78.6437,219.787,141.144
"Nov 18, 05:00 am",78.5736,219.787,141.214
"Nov 18, 06:00 am",78.4951,219.787,141.292
"Nov 18, 07:00 am",78.3995,219.787,141.388
"Nov 18, 08:00 am",72.0079,219.787,147.779
"Nov 18, 09:00 am",13.4628,219.787,206.272
"Nov 18, 10:00 am",35.6049,219.787,184.13
"Nov 18, 11:00 am",63.4059,219.787,156.328
"Nov 18, 12:00 pm",91.2168,219.787,128.518
"Nov 18, 01:00 pm",114.166,219.787,105.569
"Nov 18, 02:00 pm",128.052,219.787,91.6826
"Nov 18, 03:00 pm",129.693,219.787,90.041
"Nov 18, 04:00 pm",125.766,219.787,94.021
"Nov 18, 05:00 pm",125.677,219.787,94.11
"Nov 18, 06:00 pm",125.588,219.787,94.1997
"Nov 18, 07:00 pm",125.497,219.787,94.2901
"Nov 18, 08:00 pm",125.406,219.787,94.3814
"Nov 18, 09:00 pm",125.314,219.787,94.4736
"Nov 18, 10:00 pm",125.22,219.787,94.5671
"Nov 18, 11:00 pm",125.125,219.787,94.662
"Nov 19, 12:00 am",125.029,219.787,94.7587
"Nov 19, 01:00 am",124.93,219.787,94.8576
"Nov 19, 02:00 am",124.828,219.787,94.9595
"Nov 19, 03:00 am",124.722,219.787,95.0653
"Nov 19, 04:00 am",124.611,219.787,95.1767
"Nov 19, 05:00 am",124.491,219.787,95.2964
"Nov 19, 06:00 am",124.357,219.787,95.4305
"Nov 19, 07:00 am",124.194,219.787,95.5938
"Nov 19, 08:00 am",114.03,219.787,105.757
"Nov 19, 09:00 am",13.9628,219.787,205.772
"Nov 19, 10:00 am",17.4041,219.787,202.33
"Nov 19, 11:00 am",20.592,219.787,199.142
"Nov 19, 12:00 pm",27.2306,219.787,192.504
"Nov 19, 01:00 pm",31.2007,219.787,188.534
"Nov 19, 02:00 pm",29.838,219.787,189.896
"Nov 19, 03:00 pm",29.0165,219.787,190.718
"Nov 19, 04:00 pm",28.4128,219.787,191.322
"Nov 19, 05:00 pm",26.6862,219.787,193.048
"Nov 19, 06:00 pm",26.6819,219.787,193.105
"Nov 19, 07:00 pm",26.6716,219.787,193.116
"Nov 19, 08:00 pm",26.6612,219.787,193.126
"Nov 19, 09:00 pm",26.6508,219.787,193.137
"Nov 19, 10:00 pm",26.6402,219.787,193.147
"Nov 19, 11:00 pm",26.6296,219.787,193.158
"Nov 20, 12:00 am",26.6188,219.787,193.169
"Nov 20, 01:00 am",26.6078,219.787,193.18
"Nov 20, 02:00 am",26.5966,219.787,193.191
"Nov 20, 03:00 am",26.5852,219.787,193.202
"Nov 20, 04:00 am",26.5734,219.787,193.214
"Nov 20, 05:00 am",26.5612,219.787,193.226
"Nov 20, 06:00 am",26.5483,219.787,193.239
"Nov 20, 07:00 am",26.5345,219.787,193.253
"Nov 20, 08:00 am",7.08519,219.787,212.649
"Nov 20, 09:00 am",14.8102,219.787,204.924
"Nov 20, 10:00 am",36.0147,219.787,183.72
"Nov 20, 11:00 am",63.1923,219.787,156.542
"Nov 20, 12:00 pm",90.6446,219.787,129.09
"Nov 20, 01:00 pm",113.306,219.787,106.429
"Nov 20, 02:00 pm",127.071,219.787,92.6632
"Nov 20, 03:00 pm",128.964,219.787,90.77
"Nov 20, 04:00 pm",125.005,219.787,94.782
"Nov 20, 05:00 pm",124.917,219.787,94.8705
"Nov 20, 06:00 pm",124.828,219.787,94.9595
"Nov 20, 07:00 pm",124.738,219.787,95.0493
"Nov 20, 08:00 pm",124.647,219.787,95.14
"Nov 20, 09:00 pm",124.556,219.787,95.2316
"Nov 20, 10:00 pm",124.463,219.787,95.3244
"Nov 20, 11:00 pm",124.369,219.787,95.4187
"Nov 21, 12:00 am",124.273,219.787,95.5147
"Nov 21, 01:00 am",124.174,219.787,95.613
"Nov 21, 02:00 am",124.073,219.787,95.7142
"Nov 21, 03:00 am",123.968,219.787,95.8193
"Nov 21, 04:00 am",123.857,219.787,95.9299
"Nov 21, 05:00 am",123.739,219.787,96.0488
"Nov 21, 06:00 am",123.605,219.787,96.182
"Nov 21, 07:00 am",123.443,219.787,96.3442
"Nov 21, 08:00 am",113.341,219.787,106.447
"Nov 21, 09:00 am",14.817,219.787,204.917
"Nov 21, 10:00 am",36.3394,219.787,183.395
"Nov 21, 11:00 am",63.6776,219.787,156.057
"Nov 21, 12:00 pm",91.2346,219.787,128.5
"Nov 21, 01:00 pm",114.084,219.787,105.651
"Nov 21, 02:00 pm",128.004,219.787,91.7301
"Nov 21, 03:00 pm",129.84,219.787,89.8945
"Nov 21, 04:00 pm",125.866,219.787,93.9212
"Nov 21, 05:00 pm",125.777,219.787,94.0104
"Nov 21, 06:00 pm",125.687,219.787,94.1001
"Nov 21, 07:00 pm",125.597,219.787,94.1906
"Nov 21, 08:00 pm",125.505,219.787,94.282
"Nov 21, 09:00 pm",125.413,219.787,94.3743
"Nov 21, 10:00 pm",125.32,219.787,94.4678
"Nov 21, 11:00 pm",125.225,219.787,94.5628
"Nov 22, 12:00 am",125.128,219.787,94.6596
"Nov 22, 01:00 am",125.029,219.787,94.7586
"Nov 22, 02:00 am",124.927,219.787,94.8606
"Nov 22, 03:00 am",124.821,219.787,94.9665
"Nov 22, 04:00 am",124.709,219.787,95.0779
"Nov 22, 05:00 am",124.59,219.787,95.1978
"Nov 22, 06:00 am",124.455,219.787,95.332
"Nov 22, 07:00 am",124.292,219.787,95.4954
"Nov 22, 08:00 am",114.12,219.787,105.667
"Nov 22, 09:00 am",14.6646,219.787,205.07
"Nov 22, 10:00 am",36.064,219.787,183.67
"Nov 22, 11:00 am",63.3808,219.787,156.354
"Nov 22, 12:00 pm",91.0972,219.787,128.637
"Nov 22, 01:00 pm",114.11,219.787,105.624
"Nov 22, 02:00 pm",128.285,219.787,91.4498
"Nov 22, 03:00 pm",130.463,219.787,89.2718
"Nov 22, 04:00 pm",126.382,219.787,93.4051
"Nov 22, 05:00 pm",126.293,219.787,93.4946
"Nov 22, 06:00 pm",126.203,219.787,93.5848
"Nov 22, 07:00 pm",126.112,219.787,93.6757
"Nov 22, 08:00 pm",126.02,219.787,93.7674
"Nov 22, 09:00 pm",125.927,219.787,93.8602
"Nov 22, 10:00 pm",125.833,219.787,93.9542
"Nov 22, 11:00 pm",125.738,219.787,94.0496
"Nov 23, 12:00 am",125.641,219.787,94.1468
"Nov 23, 01:00 am",125.541,219.787,94.2463
"Nov 23, 02:00 am",125.439,219.787,94.3487
"Nov 23, 03:00 am",125.332,219.787,94.4551
"Nov 23, 04:00 am",125.22,219.787,94.5671
"Nov 23, 05:00 am",125.1,219.787,94.6876
"Nov 23, 06:00 am",124.965,219.787,94.8223
"Nov 23, 07:00 am",124.801,219.787,94.9865
"Nov 23, 08:00 am",114.586,219.787,105.201
"Nov 23, 09:00 am",14.9843,219.787,204.75
"Nov 23, 10:00 am",36.6097,219.787,183.125
"Nov 23, 11:00 am",64.1198,219.787,155.615
"Nov 23, 12:00 pm",92.0068,219.787,127.728
"Nov 23, 01:00 pm",115.211,219.787,104.523
"Nov 23, 02:00 pm",129.514,219.787,90.2208
"Nov 23, 03:00 pm",131.8,219.787,87.9345
"Nov 23, 04:00 pm",120.524,219.787,99.2103
"Nov 23, 05:00 pm",120.481,219.787,99.3065
"Nov 23, 06:00 pm",120.396,219.787,99.3913
"Nov 23, 07:00 pm",120.311,219.787,99.4768
"Nov 23, 08:00 pm",120.224,219.787,99.5629
"Nov 23, 09:00 pm",120.137,219.787,99.6499
"Nov 23, 10:00 pm",120.05,219.787,99.7378
"Nov 23, 11:00 pm",119.961,219.787,99.8268
"Nov 24, 12:00 am",119.87,219.787,99.9173
"Nov 24, 01:00 am",119.778,219.787,100.009
"Nov 24, 02:00 am",119.684,219.787,100.104
"Nov 24, 03:00 am",119.587,219.787,100.201
"Nov 24, 04:00 am",119.486,219.787,100.302
"Nov 24, 05:00 am",119.38,219.787,100.408
"Nov 24, 06:00 am",119.266,219.787,100.522
"Nov 24, 07:00 am",119.138,219.787,100.65
"Nov 24, 08:00 am",118.982,219.787,100.805
"Nov 24, 09:00 am",20.5536,219.787,199.181
"Nov 24, 10:00 am",41.3328,219.787,178.402
"Nov 24, 11:00 am",68.1197,219.787,151.615
"Nov 24, 12:00 pm",95.4753,219.787,124.259
"Nov 24, 01:00 pm",118.138,219.787,101.597
"Nov 24, 02:00 pm",132.067,219.787,87.6678
"Nov 24, 03:00 pm",134.132,219.787,85.6025
"Nov 24, 04:00 pm",130.026,219.787,89.7609
"Nov 24, 05:00 pm",129.934,219.787,89.8533
"Nov 24, 06:00 pm",129.841,219.787,89.9464
"Nov 24, 07:00 pm",129.747,219.787,90.0402
"Nov 24, 08:00 pm",129.652,219.787,90.135
"Nov 24, 09:00 pm",129.557,219.787,90.2307
"Nov 24, 10:00 pm",129.46,219.787,90.3277
"Nov 24, 11:00 pm",129.361,219.787,90.4263
"Nov 25, 12:00 am",129.261,219.787,90.5266
"Nov 25, 01:00 am",129.158,219.787,90.6293
"Nov 25, 02:00 am",129.052,219.787,90.7351
"Nov 25, 03:00 am",128.942,219.787,90.8449
"Nov 25, 04:00 am",128.827,219.787,90.9605
"Nov 25, 05:00 am",128.702,219.787,91.0848
"Nov 25, 06:00 am",128.563,219.787,91.224
"Nov 25, 07:00 am",128.394,219.787,91.3935
"Nov 25, 08:00 am",117.886,219.787,101.901
"Nov 25, 09:00 am",14.8546,219.787,204.88
"Nov 25, 10:00 am",36.5573,219.787,183.177
"Nov 25, 11:00 am",64.2584,219.787,155.476
"Nov 25, 12:00 pm",92.3278,219.787,127.407
"Nov 25, 01:00 pm",115.658,219.787,104.076
"Nov 25, 02:00 pm",129.971,219.787,89.7631
"Nov 25, 03:00 pm",132.208,219.787,87.5261
"Nov 25, 04:00 pm",128.068,219.787,91.7191
"Nov 25, 05:00 pm",127.977,219.787,91.8099
"Nov 25, 06:00 pm",127.886,219.787,91.9015
"Nov 25, 07:00 pm",127.794,219.787,91.9937
"Nov 25, 08:00 pm",127.7,219.787,92.0869
"Nov 25, 09:00 pm",127.606,219.787,92.181
"Nov 25, 10:00 pm",127.511,219.787,92.2764
"Nov 25, 11:00 pm",127.414,219.787,92.3732
"Nov 26, 12:00 am",127.315,219.787,92.4719
"Nov 26, 01:00 am",127.214,219.787,92.5729
"Nov 26, 02:00 am",127.11,219.787,92.6769
"Nov 26, 03:00 am",127.003,219.787,92.7848
"Nov 26, 04:00 am",126.889,219.787,92.8985
"Nov 26, 05:00 am",126.767,219.787,93.0207
"Nov 26, 06:00 am",126.63,219.787,93.1575
"Nov 26, 07:00 am",126.463,219.787,93.3242
"Nov 26, 08:00 am",116.113,219.787,103.675
"Nov 26, 09:00 am",14.6757,219.787,205.059
"Nov 26, 10:00 am",36.2314,219.787,183.503
"Nov 26, 11:00 am",63.796,219.787,155.938
"Nov 26, 12:00 pm",91.7852,219.787,127.949
"Nov 26, 01:00 pm",115.082,219.787,104.653
"Nov 26, 02:00 pm",129.423,219.787,90.311
"Nov 26, 03:00 pm",131.698,219.787,88.0362
"Nov 26, 04:00 pm",120.399,219.787,99.3356
"Nov 26, 05:00 pm",120.363,219.787,99.4242
"Nov 26, 06:00 pm",120.278,219.787,99.509
"Nov 26, 07:00 pm",120.193,219.787,99.5943
"Nov 26, 08:00 pm",120.107,219.787,99.6804
"Nov 26, 09:00 pm",120.02,219.787,99.7672
"Nov 26, 10:00 pm",119.932,219.787,99.855
"Nov 26, 11:00 pm",119.843,219.787,99.944
"Nov 27, 12:00 am",119.753,219.787,100.034
"Nov 27, 01:00 am",119.661,219.787,100.126
"Nov 27, 02:00 am",119.567,219.787,100.221
"Nov 27, 03:00 am",119.47,219.787,100.317
"Nov 27, 04:00 am",119.369,219.787,100.418
"Nov 27, 05:00 am",119.263,219.787,100.524
"Nov 27, 06:00 am",119.149,219.787,100.638
"Nov 27, 07:00 am",119.022,219.787,100.766
"Nov 27, 08:00 am",118.866,219.787,100.921
"Nov 27, 09:00 am",19.9146,219.787,199.82
"Nov 27, 10:00 am",40.412,219.787,179.322
"Nov 27, 11:00 am",66.9976,219.787,152.737
"Nov 27, 12:00 pm",94.2125,219.787,125.522
"Nov 27, 01:00 pm",116.903,219.787,102.832
"Nov 27, 02:00 pm",130.721,219.787,89.013
"Nov 27, 03:00 pm",132.568,219.787,87.1663
"Nov 27, 04:00 pm",128.549,219.787,91.2384
"Nov 27, 05:00 pm",128.458,219.787,91.3297
"Nov 27, 06:00 pm",128.366,219.787,91.4216
"Nov 27, 07:00 pm",128.273,219.787,91.5143
"Nov 27, 08:00 pm",128.18,219.787,91.6078
"Nov 27, 09:00 pm",128.085,219.787,91.7023
"Nov 27, 10:00 pm",127.989,219.787,91.7981
"Nov 27, 11:00 pm",127.892,219.787,91.8954
"Nov 28, 12:00 am",127.793,219.787,91.9945
"Nov 28, 01:00 am",127.691,219.787,92.0959
"Nov 28, 02:00 am",127.587,219.787,92.2003
"Nov 28, 03:00 am",127.479,219.787,92.3087
"Nov 28, 04:00 am",127.365,219.787,92.4228
"Nov 28, 05:00 am",127.242,219.787,92.5456
"Nov 28, 06:00 am",127.104,219.787,92.683
"Nov 28, 07:00 am",126.937,219.787,92.8503
"Nov 28, 08:00 am",116.549,219.787,103.238
"Nov 28, 09:00 am",13.7821,219.787,205.952
"Nov 28, 10:00 am",34.7602,219.787,184.974
"Nov 28, 11:00 am",62.0637,219.787,157.671
"Nov 28, 12:00 pm",89.8613,219.787,129.873
"Nov 28, 01:00 pm",113.052,219.787,106.682
"Nov 28, 02:00 pm",127.394,219.787,92.34
"Nov 28, 03:00 pm",129.814,219.787,89.9203
"Nov 28, 04:00 pm",118.632,219.787,101.102
"Nov 28, 05:00 pm",118.596,219.787,101.191
"Nov 28, 06:00 pm",118.513,219.787,101.275
"Nov 28, 07:00 pm",118.429,219.787,101.359
"Nov 28, 08:00 pm",118.344,219.787,101.443
"Nov 28, 09:00 pm",118.259,219.787,101.529
"Nov 28, 10:00 pm",118.172,219.787,101.615
"Nov 28, 11:00 pm",118.085,219.787,101.703
"Nov 29, 12:00 am",117.996,219.787,101.791
"Nov 29, 01:00 am",117.905,219.787,101.882
"Nov 29, 02:00 am",117.813,219.787,101.975
"Nov 29, 03:00 am",117.717,219.787,102.07
"Nov 29, 04:00 am",117.618,219.787,102.169
"Nov 29, 05:00 am",117.514,219.787,102.273
"Nov 29, 06:00 am",117.402,219.787,102.385
"Nov 29, 07:00 am",117.277,219.787,102.511
"Nov 29, 08:00 am",117.124,219.787,102.664
"Nov 29, 09:00 am",19.218,219.787,200.516
"Nov 29, 10:00 am",39.8455,219.787,179.889
"Nov 29, 11:00 am",66.7315,219.787,153.003
"Nov 29, 12:00 pm",94.156,219.787,125.578
"Nov 29, 01:00 pm",116.943,219.787,102.792
"Nov 29, 02:00 pm",130.831,219.787,88.9036
"Nov 29, 03:00 pm",123.547,219.787,96.2399
"Nov 29, 04:00 pm",123.46,219.787,96.3272
"Nov 29, 05:00 pm",123.372,219.787,96.4151
"Nov 29, 06:00 pm",123.284,219.787,96.5037
"Nov 29, 07:00 pm",123.194,219.787,96.5931
"Nov 29, 08:00 pm",123.104,219.787,96.6836
"Nov 29, 09:00 pm",123.012,219.787,96.7752
"Nov 29, 10:00 pm",122.919,219.787,96.8682
"Nov 29, 11:00 pm",122.824,219.787,96.963
"Nov 30, 12:00 am",122.727,219.787,97.0599
"Nov 30, 01:00 am",122.628,219.787,97.1598
"Nov 30, 02:00 am",122.524,219.787,97.2635
"Nov 30, 03:00 am",122.415,219.787,97.3727
"Nov 30, 04:00 am",122.297,219.787,97.4901
"Nov 30, 05:00 am",122.166,219.787,97.6215
"Nov 30, 06:00 am",122.006,219.787,97.7815
"Nov 30, 07:00 am",111.987,219.787,107.801
"Nov 30, 08:00 am",6.06643,219.787,213.721
"Nov 30, 09:00 am",13.1918,219.787,206.543
"Nov 30, 10:00 am",34.426,219.787,185.308
"Nov 30, 11:00 am",61.8682,219.787,157.866
"Nov 30, 12:00 pm",89.8819,219.787,129.852
"Nov 30, 01:00 pm",113.262,219.787,106.472
"Nov 30, 02:00 pm",100.623,219.787,119.111
"Nov 30, 03:00 pm",94.4312,219.787,125.303
"Nov 30, 04:00 pm",94.3948,219.787,125.393
"Nov 30, 05:00 pm",94.3307,219.787,125.457
"Nov 30, 06:00 pm",94.2661,219.787,125.521
"Nov 30, 07:00 pm",94.201,219.787,125.586
"Nov 30, 08:00 pm",94.1353,219.787,125.652
"Nov 30, 09:00 pm",94.0689,219.787,125.718
"Nov 30, 10:00 pm",94.0016,219.787,125.786
"Nov 30, 11:00 pm",93.9333,219.787,125.854
"Dec 1, 12:00 am",93.8637,219.787,125.924
"Dec 1, 01:00 am",93.7924,219.787,125.995
"Dec 1, 02:00 am",93.7191,219.787,126.068
"Dec 1, 03:00 am",93.6429,219.787,126.144
"Dec 1, 04:00 am",93.5628,219.787,126.225
"Dec 1, 05:00 am",93.4765,219.787,126.311
"Dec 1, 06:00 am",93.38,219.787,126.407
"Dec 1, 07:00 am",93.2624,219.787,126.525
"Dec 1, 08:00 am",12.5713,219.787,207.163
"Dec 1, 09:00 am",16.5353,219.787,203.199
"Dec 1, 10:00 am",21.4919,219.787,198.243
"Dec 1, 11:00 am",27.9264,219.787,191.808
"Dec 1, 12:00 pm",36.4023,219.787,183.332
"Dec 1, 01:00 pm",44.3456,219.787,175.389
"Dec 1, 02:00 pm",74.0154,219.787,145.719
"Dec 1, 03:00 pm",64.9055,219.787,154.829
"Dec 1, 04:00 pm",64.0993,219.787,155.688
"Dec 1, 05:00 pm",64.0593,219.787,155.728
"Dec 1, 06:00 pm",64.019,219.787,155.768
"Dec 1, 07:00 pm",63.9783,219.787,155.809
"Dec 1, 08:00 pm",63.9373,219.787,155.85
"Dec 1, 09:00 pm",63.8958,219.787,155.892
"Dec 1, 10:00 pm",63.8538,219.787,155.934
"Dec 1, 11:00 pm",63.8111,219.787,155.976
"Dec 2, 12:00 am",63.7677,219.787,156.02
"Dec 2, 01:00 am",63.7232,219.787,156.064
"Dec 2, 02:00 am",63.6774,219.787,156.11
"Dec 2, 03:00 am",63.6298,219.787,156.158
"Dec 2, 04:00 am",63.5798,219.787,156.208
"Dec 2, 05:00 am",63.5259,219.787,156.261
"Dec 2, 06:00 am",63.4657,219.787,156.322
"Dec 2, 07:00 am",63.3923,219.787,156.395
"Dec 2, 08:00 am",7.35651,219.787,212.378
"Dec 2, 09:00 am",15.4626,219.787,204.272
"Dec 2, 10:00 am",37.7501,219.787,181.984
"Dec 2, 11:00 am",66.4698,219.787,153.265
"Dec 2, 12:00 pm",95.8707,219.787,123.864
"Dec 2, 01:00 pm",120.789,219.787,98.9457
"Dec 2, 02:00 pm",136.422,219.787,83.3128
"Dec 2, 03:00 pm",139.686,219.787,80.0486
"Dec 2, 04:00 pm",128.942,219.787,90.7921
"Dec 2, 05:00 pm",128.54,219.787,91.2468
"Dec 2, 06:00 pm",128.449,219.787,91.3381
"Dec 2, 07:00 pm",128.357,219.787,91.43
"Dec 2, 08:00 pm",128.265,219.787,91.5226
"Dec 2, 09:00 pm",128.171,219.787,91.6162
"Dec 2, 10:00 pm",128.077,219.787,91.7107
"Dec 2, 11:00 pm",127.981,219.787,91.8065
"Dec 3, 12:00 am",127.884,219.787,91.9037
"Dec 3, 01:00 am",127.785,219.787,92.0028
"Dec 3, 02:00 am",127.683,219.787,92.1042
"Dec 3, 03:00 am",127.579,219.787,92.2086
"Dec 3, 04:00 am",127.47,219.787,92.317
"Dec 3, 05:00 am",127.356,219.787,92.4311
"Dec 3, 06:00 am",127.233,219.787,92.5539
"Dec 3, 07:00 am",127.096,219.787,92.6913
"Dec 3, 08:00 am",20.3341,219.787,199.4
"Dec 3, 09:00 am",27.035,219.787,192.699
"Dec 3, 10:00 am",48.4037,219.787,171.331
"Dec 3, 11:00 am",76.167,219.787,143.567
"Dec 3, 12:00 pm",104.748,219.787,114.986
"Dec 3, 01:00 pm",128.855,219.787,90.8793
"Dec 3, 02:00 pm",143.755,219.787,75.9792
"Dec 3, 03:00 pm",146.417,219.787,73.3171
"Dec 3, 04:00 pm",135.247,219.787,84.4878
"Dec 3, 05:00 pm",134.867,219.787,84.9202
"Dec 3, 06:00 pm",134.771,219.787,85.0165
"Dec 3, 07:00 pm",134.674,219.787,85.1135
"Dec 3, 08:00 pm",134.576,219.787,85.2113
"Dec 3, 09:00 pm",134.477,219.787,85.3099
"Dec 3, 10:00 pm",134.378,219.787,85.4097
"Dec 3, 11:00 pm",134.277,219.787,85.5107
"Dec 4, 12:00 am",134.174,219.787,85.6133
"Dec 4, 01:00 am",134.069,219.787,85.7179
"Dec 4, 02:00 am",133.962,219.787,85.8249
"Dec 4, 03:00 am",133.852,219.787,85.935
"Dec 4, 04:00 am",133.738,219.787,86.0494
"Dec 4, 05:00 am",133.618,219.787,86.1698
"Dec 4, 06:00 am",133.488,219.787,86.2993
"Dec 4, 07:00 am",133.343,219.787,86.4443
"Dec 4, 08:00 am",133.167,219.787,86.6208
"Dec 4, 09:00 am",21.2175,219.787,198.517
"Dec 4, 10:00 am",42.0503,219.787,177.684
"Dec 4, 11:00 am",69.2235,219.787,150.511
"Dec 4, 12:00 pm",66.748,219.787,152.986
"Dec 4, 01:00 pm",69.4508,219.787,150.284
"Dec 4, 02:00 pm",70.7131,219.787,149.021
"Dec 4, 03:00 pm",70.0428,219.787,149.692
"Dec 4, 04:00 pm",65.4421,219.787,154.292
"Dec 4, 05:00 pm",65.323,219.787,154.464
"Dec 4, 06:00 pm",65.282,219.787,154.505
"Dec 4, 07:00 pm",65.2407,219.787,154.547
"Dec 4, 08:00 pm",65.1991,219.787,154.588
"Dec 4, 09:00 pm",65.157,219.787,154.63
"Dec 4, 10:00 pm",65.1145,219.787,154.673
"Dec 4, 11:00 pm",65.0715,219.787,154.716
"Dec 5, 12:00 am",65.0278,219.787,154.76
"Dec 5, 01:00 am",64.9833,219.787,154.804
"Dec 5, 02:00 am",64.9377,219.787,154.85
"Dec 5, 03:00 am",64.8908,219.787,154.897
"Dec 5, 04:00 am",64.8421,219.787,154.945
"Dec 5, 05:00 am",64.7908,219.787,154.997
"Dec 5, 06:00 am",64.7357,219.787,155.052
"Dec 5, 07:00 am",64.6739,219.787,155.113
"Dec 5, 08:00 am",10.4,219.787,209.334
"Dec 5, 09:00 am",17.0117,219.787,202.723
"Dec 5, 10:00 am",37.7363,219.787,181.998
"Dec 5, 11:00 am",64.7335,219.787,155.001
"Dec 5, 12:00 pm",92.4671,219.787,127.267
"Dec 5, 01:00 pm",115.978,219.787,103.757
"Dec 5, 02:00 pm",130.618,219.787,89.1168
"Dec 5, 03:00 pm",133.502,219.787,86.2324
"Dec 5, 04:00 pm",122.881,219.787,96.8537
"Dec 5, 05:00 pm",122.605,219.787,97.1822
"Dec 5, 06:00 pm",122.519,219.787,97.2687
"Dec 5, 07:00 pm",122.431,219.787,97.3559
"Dec 5, 08:00 pm",122.344,219.787,97.4437
"Dec 5, 09:00 pm",122.255,219.787,97.5324
"Dec 5, 10:00 pm",122.165,219.787,97.6221
"Dec 5, 11:00 pm",122.074,219.787,97.7129
"Dec 6, 12:00 am",121.982,219.787,97.8051
"Dec 6, 01:00 am",121.888,219.787,97.8991
"Dec 6, 02:00 am",121.792,219.787,97.9952
"Dec 6, 03:00 am",121.693,219.787,98.0942
"Dec 6, 04:00 am",121.59,219.787,98.1971
"Dec 6, 05:00 am",121.482,219.787,98.3053
"Dec 6, 06:00 am",121.366,219.787,98.4217
"Dec 6, 07:00 am",121.235,219.787,98.552
"Dec 6, 08:00 am",121.077,219.787,98.7106
"Dec 6, 09:00 am",19.7018,219.787,200.033
"Dec 6, 10:00 am",40.028,219.787,179.706
"Dec 6, 11:00 am",66.5013,219.787,153.233
"Dec 6, 12:00 pm",63.6974,219.787,156.037
"Dec 6, 01:00 pm",96.1558,219.787,123.579
"Dec 6, 02:00 pm",88.1467,219.787,131.588
"Dec 6, 03:00 pm",83.1416,219.787,136.593
"Dec 6, 04:00 pm",82.7773,219.787,137.01
"Dec 6, 05:00 pm",82.7224,219.787,137.065
"Dec 6, 06:00 pm",82.6671,219.787,137.12
"Dec 6, 07:00 pm",82.6114,219.787,137.176
"Dec 6, 08:00 pm",82.5551,219.787,137.232
"Dec 6, 09:00 pm",82.4983,219.787,137.289
"Dec 6, 10:00 pm",82.4407,219.787,137.347
"Dec 6, 11:00 pm",82.3822,219.787,137.405
"Dec 7, 12:00 am",82.3226,219.787,137.465
"Dec 7, 01:00 am",82.2617,219.787,137.526
"Dec 7, 02:00 am",82.1989,219.787,137.588
"Dec 7, 03:00 am",82.1337,219.787,137.654
"Dec 7, 04:00 am",82.065,219.787,137.722
"Dec 7, 05:00 am",81.9912,219.787,137.796
"Dec 7, 06:00 am",81.9086,219.787,137.879
"Dec 7, 07:00 am",81.808,219.787,137.979
"Dec 7, 08:00 am",8.51756,219.787,211.217
"Dec 7, 09:00 am",14.9131,219.787,204.821
"Dec 7, 10:00 am",35.3865,219.787,184.348
"Dec 7, 11:00 am",62.4549,219.787,157.28
"Dec 7, 12:00 pm",90.375,219.787,129.359
"Dec 7, 01:00 pm",114.088,219.787,105.646
"Dec 7, 02:00 pm",129.021,219.787,90.7133
"Dec 7, 03:00 pm",132.087,219.787,87.6476
"Dec 7, 04:00 pm",121.537,219.787,98.1971
"Dec 7, 05:00 pm",121.257,219.787,98.5305
"Dec 7, 06:00 pm",121.171,219.787,98.616
"Dec 7, 07:00 pm",121.085,219.787,98.7021
"Dec 7, 08:00 pm",120.998,219.787,98.7888
"Dec 7, 09:00 pm",120.911,219.787,98.8764
"Dec 7, 10:00 pm",120.822,219.787,98.965
"Dec 7, 11:00 pm",120.733,219.787,99.0547
"Dec 8, 12:00 am",120.642,219.787,99.1458
"Dec 8, 01:00 am",120.549,219.787,99.2385
"Dec 8, 02:00 am",120.454,219.787,99.3335
"Dec 8, 03:00 am",120.356,219.787,99.4313
"Dec 8, 04:00 am",120.255,219.787,99.5328
"Dec 8, 05:00 am",120.148,219.787,99.6397
"Dec 8, 06:00 am",120.033,219.787,99.7547
"Dec 8, 07:00 am",119.904,219.787,99.8833
"Dec 8, 08:00 am",119.747,219.787,100.04
"Dec 8, 09:00 am",19.0295,219.787,200.705
"Dec 8, 10:00 am",39.396,219.787,180.338
"Dec 8, 11:00 am",66.3737,219.787,153.361
"Dec 8, 12:00 pm",94.3948,219.787,125.34
"Dec 8, 01:00 pm",118.252,219.787,101.482
"Dec 8, 02:00 pm",133.28,219.787,86.4546
"Dec 8, 03:00 pm",136.355,219.787,83.3799
"Dec 8, 04:00 pm",125.708,219.787,94.0264
"Dec 8, 05:00 pm",125.368,219.787,94.4194
"Dec 8, 06:00 pm",125.279,219.787,94.5081
"Dec 8, 07:00 pm",125.19,219.787,94.5975
"Dec 8, 08:00 pm",125.1,219.787,94.6876
"Dec 8, 09:00 pm",125.009,219.787,94.7785
"Dec 8, 10:00 pm",124.917,219.787,94.8704
"Dec 8, 11:00 pm",124.824,219.787,94.9635
"Dec 9, 12:00 am",124.729,219.787,95.0581
"Dec 9, 01:00 am",124.633,219.787,95.1545
"Dec 9, 02:00 am",124.534,219.787,95.2531
"Dec 9, 03:00 am",124.433,219.787,95.3546
"Dec 9, 04:00 am",124.327,219.787,95.46
"Dec 9, 05:00 am",124.216,219.787,95.571
"Dec 9, 06:00 am",124.097,219.787,95.6903
"Dec 9, 07:00 am",123.963,219.787,95.8239
"Dec 9, 08:00 am",123.801,219.787,95.9866
"Dec 9, 09:00 am",19.9462,219.787,199.788
"Dec 9, 10:00 am",41.0936,219.787,178.641
"Dec 9, 11:00 am",68.9181,219.787,150.816
"Dec 9, 12:00 pm",97.5574,219.787,122.177
"Dec 9, 01:00 pm",121.834,219.787,97.9
"Dec 9, 02:00 pm",137.106,219.787,82.6285
"Dec 9, 03:00 pm",140.259,219.787,79.4756
"Dec 9, 04:00 pm",129.638,219.787,90.096
"Dec 9, 05:00 pm",129.208,219.787,90.5792
"Dec 9, 06:00 pm",129.116,219.787,90.671
"Dec 9, 07:00 pm",129.024,219.787,90.7634
"Dec 9, 08:00 pm",128.931,219.787,90.8566
"Dec 9, 09:00 pm",128.837,219.787,90.9506
"Dec 9, 10:00 pm",128.742,219.787,91.0457
"Dec 9, 11:00 pm",128.645,219.787,91.1421
"Dec 10, 12:00 am",128.547,219.787,91.2399
"Dec 10, 01:00 am",128.448,219.787,91.3395
"Dec 10, 02:00 am",128.346,219.787,91.4415
"Dec 10, 03:00 am",128.241,219.787,91.5465
"Dec 10, 04:00 am",128.132,219.787,91.6556
"Dec 10, 05:00 am",128.017,219.787,91.7704
"Dec 10, 06:00 am",127.894,219.787,91.8938
"Dec 10, 07:00 am",127.755,219.787,92.032
"Dec 10, 08:00 am",127.587,219.787,92.2003
"Dec 10, 09:00 am",19.6477,219.787,200.087
"Dec 10, 10:00 am",39.4848,219.787,180.25
"Dec 10, 11:00 am",65.6995,219.787,154.035
"Dec 10, 12:00 pm",92.8303,219.787,126.904
"Dec 10, 01:00 pm",115.891,219.787,103.844
"Dec 10, 02:00 pm",130.375,219.787,89.3595
"Dec 10, 03:00 pm",133.258,219.787,86.4761
"Dec 10, 04:00 pm",122.864,219.787,96.8702
"Dec 10, 05:00 pm",122.541,219.787,97.2466
"Dec 10, 06:00 pm",122.454,219.787,97.3331
"Dec 10, 07:00 pm",122.367,219.787,97.4202
"Dec 10, 08:00 pm",122.279,219.787,97.508
"Dec 10, 09:00 pm",122.191,219.787,97.5966
"Dec 10, 10:00 pm",122.101,219.787,97.6862
"Dec 10, 11:00 pm",122.01,219.787,97.777
"Dec 11, 12:00 am",121.918,219.787,97.8692
"Dec 11, 01:00 am",121.824,219.787,97.9631
"Dec 11, 02:00 am",121.728,219.787,98.0592
"Dec 11, 03:00 am",121.629,219.787,98.1581
"Dec 11, 04:00 am",121.526,219.787,98.2608
"Dec 11, 05:00 am",121.418,219.787,98.369
"Dec 11, 06:00 am",121.302,219.787,98.4854
"Dec 11, 07:00 am",121.172,219.787,98.6155
"Dec 11, 08:00 am",121.013,219.787,98.7741
"Dec 11, 09:00 am",19.1138,219.787,200.621
"Dec 11, 10:00 am",39.3923,219.787,180.342
"Dec 11, 11:00 am",66.376,219.787,153.358
"Dec 11, 12:00 pm",94.2887,219.787,125.446
"Dec 11, 01:00 pm",117.72,219.787,102.015
"Dec 11, 02:00 pm",132.543,219.787,87.1919
"Dec 11, 03:00 pm",135.704,219.787,84.0303
"Dec 11, 04:00 pm",125.505,219.787,94.229
"Dec 11, 05:00 pm",125.066,219.787,94.7217
"Dec 11, 06:00 pm",124.977,219.787,94.8102
"Dec 11, 07:00 pm",124.888,219.787,94.8993
"Dec 11, 08:00 pm",124.798,219.787,94.9891
"Dec 11, 09:00 pm",124.708,219.787,95.0798
"Dec 11, 10:00 pm",124.616,219.787,95.1715
"Dec 11, 11:00 pm",124.523,219.787,95.2644
"Dec 12, 12:00 am",124.429,219.787,95.3587
"Dec 12, 01:00 am",124.333,219.787,95.4548
"Dec 12, 02:00 am",124.234,219.787,95.5531
"Dec 12, 03:00 am",124.133,219.787,95.6543
"Dec 12, 04:00 am",124.028,219.787,95.7595
"Dec 12, 05:00 am",123.917,219.787,95.8701
"Dec 12, 06:00 am",123.798,219.787,95.9892
"Dec 12, 07:00 am",123.665,219.787,96.1224
"Dec 12, 08:00 am",19.9633,219.787,199.771
"Dec 12, 09:00 am",25.3994,219.787,194.335
"Dec 12, 10:00 am",45.5001,219.787,174.234
"Dec 12, 11:00 am",72.441,219.787,147.293
"Dec 12, 12:00 pm",100.358,219.787,119.376
"Dec 12, 01:00 pm",124.149,219.787,95.5855
"Dec 12, 02:00 pm",139.191,219.787,80.5433
"Dec 12, 03:00 pm",142.51,219.787,77.2243
"Dec 12, 04:00 pm",132.373,219.787,87.3616
"Dec 12, 05:00 pm",131.776,219.787,88.0118
"Dec 12, 06:00 pm",131.682,219.787,88.1056
"Dec 12, 07:00 pm",131.587,219.787,88.2001
"Dec 12, 08:00 pm",131.492,219.787,88.2954
"Dec 12, 09:00 pm",131.396,219.787,88.3915
"Dec 12, 10:00 pm",131.299,219.787,88.4887
"Dec 12, 11:00 pm",131.2,219.787,88.5872
"Dec 13, 12:00 am",131.1,219.787,88.6872
"Dec 13, 01:00 am",130.998,219.787,88.7891
"Dec 13, 02:00 am",130.894,219.787,88.8933
"Dec 13, 03:00 am",130.787,219.787,89.0007
"Dec 13, 04:00 am",130.675,219.787,89.1122
"Dec 13, 05:00 am",130.558,219.787,89.2295
"Dec 13, 06:00 am",130.432,219.787,89.3557
"Dec 13, 07:00 am",130.29,219.787,89.4969
"Dec 13, 08:00 am",21.0409,219.787,198.694
"Dec 13, 09:00 am",26.146,219.787,193.588
"Dec 13, 10:00 am",30.9721,219.787,188.762
"Dec 13, 11:00 am",36.9175,219.787,182.817
"Dec 13, 12:00 pm",40.0766,219.787,179.658
"Dec 13, 01:00 pm",45.5698,219.787,174.165
"Dec 13, 02:00 pm",75.6857,219.787,144.049
"Dec 13, 03:00 pm",86.3855,219.787,133.349
"Dec 13, 04:00 pm",77.6293,219.787,142.105
"Dec 13, 05:00 pm",77.2499,219.787,142.537
"Dec 13, 06:00 pm",77.1994,219.787,142.588
"Dec 13, 07:00 pm",77.1485,219.787,142.639
"Dec 13, 08:00 pm",77.0973,219.787,142.69
"Dec 13, 09:00 pm",77.0455,219.787,142.742
"Dec 13, 10:00 pm",76.9932,219.787,142.794
"Dec 13, 11:00 pm",76.9402,219.787,142.847
"Dec 14, 12:00 am",76.8864,219.787,142.901
"Dec 14, 01:00 am",76.8316,219.787,142.956
"Dec 14, 02:00 am",76.7755,219.787,143.012
"Dec 14, 03:00 am",76.7178,219.787,143.07
"Dec 14, 04:00 am",76.6578,219.787,143.13
"Dec 14, 05:00 am",76.5947,219.787,143.193
"Dec 14, 06:00 am",76.5267,219.787,143.261
"Dec 14, 07:00 am",76.4507,219.787,143.337
"Dec 14, 08:00 am",13.1492,219.787,206.585
"Dec 14, 09:00 am",19.0635,219.787,200.671
"Dec 14, 10:00 am",39.7354,219.787,179.999
"Dec 14, 11:00 am",67.1345,219.787,152.6
"Dec 14, 12:00 pm",95.5573,219.787,124.177
"Dec 14, 01:00 pm",119.918,219.787,99.8165
"Dec 14, 02:00 pm",135.622,219.787,84.1129
"Dec 14, 03:00 pm",139.568,219.787,80.1664
"Dec 14, 04:00 pm",129.925,219.787,89.8095
"Dec 14, 05:00 pm",129.217,219.787,90.5705
"Dec 14, 06:00 pm",129.125,219.787,90.6623
"Dec 14, 07:00 pm",129.033,219.787,90.7548
"Dec 14, 08:00 pm",128.939,219.787,90.8479
"Dec 14, 09:00 pm",128.845,219.787,90.942
"Dec 14, 10:00 pm",128.75,219.787,91.0371
"Dec 14, 11:00 pm",128.654,219.787,91.1334
"Dec 15, 12:00 am",128.556,219.787,91.2313
"Dec 15, 01:00 am",128.456,219.787,91.3309
"Dec 15, 02:00 am",128.354,219.787,91.4329
"Dec 15, 03:00 am",128.249,219.787,91.5379
"Dec 15, 04:00 am",128.14,219.787,91.647
"Dec 15, 05:00 am",128.026,219.787,91.7618
"Dec 15, 06:00 am",127.902,219.787,91.8853
"Dec 15, 07:00 am",127.764,219.787,92.0235
"Dec 15, 08:00 am",20.7614,219.787,198.973
"Dec 15, 09:00 am",25.7221,219.787,194.012
"Dec 15, 10:00 am",45.4903,219.787,174.244
"Dec 15, 11:00 am",72.0635,219.787,147.671
"Dec 15, 12:00 pm",99.8099,219.787,119.924
"Dec 15, 01:00 pm",123.625,219.787,96.1091
"Dec 15, 02:00 pm",138.908,219.787,80.8263
"Dec 15, 03:00 pm",142.543,219.787,77.1915
"Dec 15, 04:00 pm",132.765,219.787,86.9696
"Dec 15, 05:00 pm",132.058,219.787,87.7296
"Dec 15, 06:00 pm",131.964,219.787,87.8237
"Dec 15, 07:00 pm",131.869,219.787,87.9184
"Dec 15, 08:00 pm",131.773,219.787,88.0139
"Dec 15, 09:00 pm",131.677,219.787,88.1102
"Dec 15, 10:00 pm",131.58,219.787,88.2077
"Dec 15, 11:00 pm",131.481,219.787,88.3064
"Dec 16, 12:00 am",131.381,219.787,88.4066
"Dec 16, 01:00 am",131.279,219.787,88.5087
"Dec 16, 02:00 am",131.174,219.787,88.6132
"Dec 16, 03:00 am",131.067,219.787,88.7208
"Dec 16, 04:00 am",130.955,219.787,88.8326
"Dec 16, 05:00 am",130.837,219.787,88.9502
"Dec 16, 06:00 am",130.711,219.787,89.0767
"Dec 16, 07:00 am",130.569,219.787,89.2183
"Dec 16, 08:00 am",21.3055,219.787,198.429
"Dec 16, 09:00 am",26.2812,219.787,193.453
"Dec 16, 10:00 am",46.1152,219.787,173.619
"Dec 16, 11:00 am",72.8839,219.787,146.85
"Dec 16, 12:00 pm",100.92,219.787,118.814
"Dec 16, 01:00 pm",125.158,219.787,94.5764
"Dec 16, 02:00 pm",140.835,219.787,78.899
"Dec 16, 03:00 pm",144.778,219.787,74.9559
"Dec 16, 04:00 pm",135.152,219.787,84.5827
"Dec 16, 05:00 pm",134.341,219.787,85.446
"Dec 16, 06:00 pm",134.245,219.787,85.5419
"Dec 16, 07:00 pm",134.149,219.787,85.6384
"Dec 16, 08:00 pm",134.052,219.787,85.7357
"Dec 16, 09:00 pm",133.953,219.787,85.834
"Dec 16, 10:00 pm",133.854,219.787,85.9333
"Dec 16, 11:00 pm",133.753,219.787,86.0339
"Dec 17, 12:00 am",133.651,219.787,86.1361
"Dec 17, 01:00 am",133.547,219.787,86.2402
"Dec 17, 02:00 am",133.441,219.787,86.3467
"Dec 17, 03:00 am",133.331,219.787,86.4564
"Dec 17, 04:00 am",133.217,219.787,86.5703
"Dec 17, 05:00 am",133.097,219.787,86.6901
"Dec 17, 06:00 am",132.968,219.787,86.8191
"Dec 17, 07:00 am",132.824,219.787,86.9634
"Dec 17, 08:00 am",132.648,219.787,87.1392
"Dec 17, 09:00 am",19.8209,219.787,199.914
"Dec 17, 10:00 am",26.7747,219.787,192.96
"Dec 17, 11:00 am",32.508,219.787,187.226
"Dec 17, 12:00 pm",41.0736,219.787,178.661
"Dec 17, 01:00 pm",48.2569,219.787,171.478
"Dec 17, 02:00 pm",78.6018,219.787,141.133
"Dec 17, 03:00 pm",89.8689,219.787,129.865
"Dec 17, 04:00 pm",86.469,219.787,133.265
"Dec 17, 05:00 pm",84.6491,219.787,135.138
"Dec 17, 06:00 pm",84.5928,219.787,135.195
"Dec 17, 07:00 pm",84.536,219.787,135.251
"Dec 17, 08:00 pm",84.4788,219.787,135.309
"Dec 17, 09:00 pm",84.421,219.787,135.366
"Dec 17, 10:00 pm",84.3626,219.787,135.425
"Dec 17, 11:00 pm",84.3035,219.787,135.484
"Dec 18, 12:00 am",84.2434,219.787,135.544
"Dec 18, 01:00 am",84.1822,219.787,135.605
"Dec 18, 02:00 am",84.1196,219.787,135.668
"Dec 18, 03:00 am",84.0551,219.787,135.732
"Dec 18, 04:00 am",83.9881,219.787,135.799
"Dec 18, 05:00 am",83.9176,219.787,135.87
"Dec 18, 06:00 am",83.8418,219.787,135.946
"Dec 18, 07:00 am",83.7569,219.787,136.03
"Dec 18, 08:00 am",14.0448,219.787,205.69
"Dec 18, 09:00 am",19.1654,219.787,200.569
"Dec 18, 10:00 am",38.9236,219.787,180.811
"Dec 18, 11:00 am",65.5293,219.787,154.205
"Dec 18, 12:00 pm",93.3093,219.787,126.425
"Dec 18, 01:00 pm",117.231,219.787,102.503
"Dec 18, 02:00 pm",132.719,219.787,87.0155
"Dec 18, 03:00 pm",136.746,219.787,82.9881
"Dec 18, 04:00 pm",127.456,219.787,92.278
"Dec 18, 05:00 pm",126.715,219.787,93.0727
"Dec 18, 06:00 pm",126.625,219.787,93.1625
"Dec 18, 07:00 pm",126.534,219.787,93.2529
"Dec 18, 08:00 pm",126.443,219.787,93.3441
"Dec 18, 09:00 pm",126.351,219.787,93.4361
"Dec 18, 10:00 pm",126.258,219.787,93.5292
"Dec 18, 11:00 pm",126.164,219.787,93.6234
"Dec 19, 12:00 am",126.068,219.787,93.7191
"Dec 19, 01:00 am",125.971,219.787,93.8166
"Dec 19, 02:00 am",125.871,219.787,93.9164
"Dec 19, 03:00 am",125.768,219.787,94.0191
"Dec 19, 04:00 am",125.662,219.787,94.1258
"Dec 19, 05:00 am",125.549,219.787,94.2381
"Dec 19, 06:00 am",125.428,219.787,94.359
"Dec 19, 07:00 am",125.293,219.787,94.4941
"Dec 19, 08:00 am",20.7179,219.787,199.017
"Dec 19, 09:00 am",23.9712,219.787,195.763
"Dec 19, 10:00 am",29.064,219.787,190.67
"Dec 19, 11:00 am",33.6897,219.787,186.045
"Dec 19, 12:00 pm",36.5496,219.787,183.185
"Dec 19, 01:00 pm",36.1996,219.787,183.535
"Dec 19, 02:00 pm",36.5187,219.787,183.216
"Dec 19, 03:00 pm",36.9851,219.787,182.749
"Dec 19, 04:00 pm",37.1896,219.787,182.545
"Dec 19, 05:00 pm",36.6751,219.787,183.059
"Dec 19, 06:00 pm",36.1408,219.787,183.647
"Dec 19, 07:00 pm",36.123,219.787,183.664
"Dec 19, 08:00 pm",36.1051,219.787,183.682
"Dec 19, 09:00 pm",36.087,219.787,183.7
"Dec 19, 10:00 pm",36.0687,219.787,183.719
"Dec 19, 11:00 pm",36.0503,219.787,183.737
"Dec 20, 12:00 am",36.0316,219.787,183.756
"Dec 20, 01:00 am",36.0126,219.787,183.775
"Dec 20, 02:00 am",35.9933,219.787,183.794
"Dec 20, 03:00 am",35.9735,219.787,183.814
"Dec 20, 04:00 am",35.9531,219.787,183.834
"Dec 20, 05:00 am",35.932,219.787,183.855
"Dec 20, 06:00 am",35.9097,219.787,183.878
"Dec 20, 07:00 am",9.6719,219.787,210.062
"Dec 20, 08:00 am",10.0585,219.787,209.676
"Dec 20, 09:00 am",15.4357,219.787,204.299
"Dec 20, 10:00 am",36.218,219.787,183.516
"Dec 20, 11:00 am",64.2344,219.787,155.5
"Dec 20, 12:00 pm",93.5184,219.787,126.216
"Dec 20, 01:00 pm",118.974,219.787,100.761
"Dec 20, 02:00 pm",135.67,219.787,84.0645
"Dec 20, 03:00 pm",140.397,219.787,79.3372
"Dec 20, 04:00 pm",131.304,219.787,88.4302
"Dec 20, 05:00 pm",130.385,219.787,89.4022
"Dec 20, 06:00 pm",130.292,219.787,89.4949
"Dec 20, 07:00 pm",130.199,219.787,89.5883
"Dec 20, 08:00 pm",130.105,219.787,89.6824
"Dec 20, 09:00 pm",130.01,219.787,89.7774
"Dec 20, 10:00 pm",129.914,219.787,89.8735
"Dec 20, 11:00 pm",129.817,219.787,89.9708
"Dec 21, 12:00 am",129.718,219.787,90.0696
"Dec 21, 01:00 am",129.617,219.787,90.1703
"Dec 21, 02:00 am",129.514,219.787,90.2733
"Dec 21, 03:00 am",129.408,219.787,90.3794
"Dec 21, 04:00 am",129.298,219.787,90.4895
"Dec 21, 05:00 am",129.182,219.787,90.6055
"Dec 21, 06:00 am",129.057,219.787,90.7302
"Dec 21, 07:00 am",128.918,219.787,90.8698
"Dec 21, 08:00 am",20.6116,219.787,199.123
"Dec 21, 09:00 am",24.6597,219.787,195.075
"Dec 21, 10:00 am",44.1953,219.787,175.539
"Dec 21, 11:00 am",70.9659,219.787,148.768
"Dec 21, 12:00 pm",99.0399,219.787,120.694
"Dec 21, 01:00 pm",123.357,219.787,96.3777
"Dec 21, 02:00 pm",139.158,219.787,80.5765
"Dec 21, 03:00 pm",143.33,219.787,76.4042
"Dec 21, 04:00 pm",133.995,219.787,85.7398
"Dec 21, 05:00 pm",133.125,219.787,86.662
"Dec 21, 06:00 pm",133.03,219.787,86.7569
"Dec 21, 07:00 pm",132.935,219.787,86.8524
"Dec 21, 08:00 pm",132.839,219.787,86.9488
"Dec 21, 09:00 pm",132.741,219.787,87.046
"Dec 21, 10:00 pm",132.643,219.787,87.1443
"Dec 21, 11:00 pm",132.543,219.787,87.2439
"Dec 22, 12:00 am",132.442,219.787,87.3451
"Dec 22, 01:00 am",132.339,219.787,87.4481
"Dec 22, 02:00 am",132.234,219.787,87.5536
"Dec 22, 03:00 am",132.125,219.787,87.6621
"Dec 22, 04:00 am",132.012,219.787,87.7749
"Dec 22, 05:00 am",131.894,219.787,87.8935
"Dec 22, 06:00 am",131.766,219.787,88.0212
"Dec 22, 07:00 am",131.623,219.787,88.1641
"Dec 22, 08:00 am",131.449,219.787,88.3381
"Dec 22, 09:00 am",18.5772,219.787,201.157
"Dec 22, 10:00 am",37.725,219.787,182.009
"Dec 22, 11:00 am",64.0474,219.787,155.687
"Dec 22, 12:00 pm",91.9064,219.787,127.828
"Dec 22, 01:00 pm",116.208,219.787,103.527
"Dec 22, 02:00 pm",132.522,219.787,87.2127
"Dec 22, 03:00 pm",137.246,219.787,82.4883
"Dec 22, 04:00 pm",128.451,219.787,91.2832
"Dec 22, 05:00 pm",127.528,219.787,92.2594
"Dec 22, 06:00 pm",127.437,219.787,92.3499
"Dec 22, 07:00 pm",127.346,219.787,92.441
"Dec 22, 08:00 pm",127.255,219.787,92.5328
"Dec 22, 09:00 pm",127.162,219.787,92.6255
"Dec 22, 10:00 pm",127.068,219.787,92.7192
"Dec 22, 11:00 pm",126.973,219.787,92.8141
"Dec 23, 12:00 am",126.877,219.787,92.9105
"Dec 23, 01:00 am",126.779,219.787,93.0087
"Dec 23, 02:00 am",126.678,219.787,93.1092
"Dec 23, 03:00 am",126.575,219.787,93.2127
"Dec 23, 04:00 am",126.467,219.787,93.3202
"Dec 23, 05:00 am",126.354,219.787,93.4333
"Dec 23, 06:00 am",126.232,219.787,93.5549
"Dec 23, 07:00 am",126.096,219.787,93.6911
"Dec 23, 08:00 am",125.93,219.787,93.8569
"Dec 23, 09:00 am",18.0254,219.787,201.709
"Dec 23, 10:00 am",37.5019,219.787,182.233
"Dec 23, 11:00 am",64.2561,219.787,155.478
"Dec 23, 12:00 pm",92.4556,219.787,127.279
"Dec 23, 01:00 pm",117.001,219.787,102.734
"Dec 23, 02:00 pm",133.199,219.787,86.5358
"Dec 23, 03:00 pm",137.818,219.787,81.9164
"Dec 23, 04:00 pm",128.922,219.787,90.8123
"Dec 23, 05:00 pm",128.019,219.787,91.7682
"Dec 23, 06:00 pm",127.928,219.787,91.8591
"Dec 23, 07:00 pm",127.837,219.787,91.9506
"Dec 23, 08:00 pm",127.745,219.787,92.0428
"Dec 23, 09:00 pm",127.651,219.787,92.1359
"Dec 23, 10:00 pm",127.557,219.787,92.23
"Dec 23, 11:00 pm",127.462,219.787,92.3253
"Dec 24, 12:00 am",127.365,219.787,92.4221
"Dec 24, 01:00 am",127.267,219.787,92.5208
"Dec 24, 02:00 am",127.166,219.787,92.6217
"Dec 24, 03:00 am",127.062,219.787,92.7256
"Dec 24, 04:00 am",126.954,219.787,92.8336
"Dec 24, 05:00 am",126.84,219.787,92.9472
"Dec 24, 06:00 am",126.718,219.787,93.0694
"Dec 24, 07:00 am",126.581,219.787,93.2061
"Dec 24, 08:00 am",20.3124,219.787,199.422
"Dec 24, 09:00 am",23.8742,219.787,195.86
"Dec 24, 10:00 am",43.027,219.787,176.707
"Dec 24, 11:00 am",69.4504,219.787,150.284
"Dec 24, 12:00 pm",97.4798,219.787,122.255
"Dec 24, 01:00 pm",121.883,219.787,97.8519
"Dec 24, 02:00 pm",137.987,219.787,81.7472
"Dec 24, 03:00 pm",142.515,219.787,77.2189
"Dec 24, 04:00 pm",133.577,219.787,86.1578
"Dec 24, 05:00 pm",132.601,219.787,87.1861
"Dec 24, 06:00 pm",132.507,219.787,87.2806
"Dec 24, 07:00 pm",132.412,219.787,87.3758
"Dec 24, 08:00 pm",132.316,219.787,87.4717
"Dec 24, 09:00 pm",132.219,219.787,87.5685
"Dec 24, 10:00 pm",132.121,219.787,87.6664
"Dec 24, 11:00 pm",132.022,219.787,87.7656
"Dec 25, 12:00 am",131.921,219.787,87.8663
"Dec 25, 01:00 am",131.818,219.787,87.9689
"Dec 25, 02:00 am",131.714,219.787,88.0738
"Dec 25, 03:00 am",131.605,219.787,88.1819
"Dec 25, 04:00 am",131.493,219.787,88.2942
"Dec 25, 05:00 am",131.375,219.787,88.4123
"Dec 25, 06:00 am",131.248,219.787,88.5394
"Dec 25, 07:00 am",131.106,219.787,88.6817
"Dec 25, 08:00 am",21.1859,219.787,198.549
"Dec 25, 09:00 am",24.6138,219.787,195.121
"Dec 25, 10:00 am",43.4726,219.787,176.262
"Dec 25, 11:00 am",69.3979,219.787,150.337
"Dec 25, 12:00 pm",96.7878,219.787,122.947
"Dec 25, 01:00 pm",120.612,219.787,99.1226
"Dec 25, 02:00 pm",136.286,219.787,83.4486
"Dec 25, 03:00 pm",140.61,219.787,79.1243
"Dec 25, 04:00 pm",131.717,219.787,88.0179
"Dec 25, 05:00 pm",130.785,219.787,89.0024
"Dec 25, 06:00 pm",130.692,219.787,89.0955
"Dec 25, 07:00 pm",130.598,219.787,89.1892
"Dec 25, 08:00 pm",130.504,219.787,89.2836
"Dec 25, 09:00 pm",130.408,219.787,89.379
"Dec 25, 10:00 pm",130.312,219.787,89.4754
"Dec 25, 11:00 pm",130.214,219.787,89.573
"Dec 26, 12:00 am",130.115,219.787,89.6722
"Dec 26, 01:00 am",130.014,219.787,89.7732
"Dec 26, 02:00 am",129.911,219.787,89.8766
"Dec 26, 03:00 am",129.804,219.787,89.983
"Dec 26, 04:00 am",129.694,219.787,90.0935
"Dec 26, 05:00 am",129.577,219.787,90.2099
"Dec 26, 06:00 am",129.452,219.787,90.335
"Dec 26, 07:00 am",129.312,219.787,90.4751
"Dec 26, 08:00 am",20.5082,219.787,199.226
"Dec 26, 09:00 am",23.5439,219.787,196.19
"Dec 26, 10:00 am",42.1809,219.787,177.554
"Dec 26, 11:00 am",68.132,219.787,151.602
"Dec 26, 12:00 pm",95.7422,219.787,123.992
"Dec 26, 01:00 pm",119.938,219.787,99.7964
"Dec 26, 02:00 pm",136.018,219.787,83.7166
"Dec 26, 03:00 pm",140.694,219.787,79.0407
"Dec 26, 04:00 pm",132.07,219.787,87.664
"Dec 26, 05:00 pm",131.045,219.787,88.7426
"Dec 26, 06:00 pm",130.951,219.787,88.8359
"Dec 26, 07:00 pm",130.858,219.787,88.9298
"Dec 26, 08:00 pm",130.763,219.787,89.0245
"Dec 26, 09:00 pm",130.667,219.787,89.12
"Dec 26, 10:00 pm",130.571,219.787,89.2166
"Dec 26, 11:00 pm",130.473,219.787,89.3145
"Dec 27, 12:00 am",130.374,219.787,89.4138
"Dec 27, 01:00 am",130.272,219.787,89.5151
"Dec 27, 02:00 am",130.169,219.787,89.6187
"Dec 27, 03:00 am",130.062,219.787,89.7254
"Dec 27, 04:00 am",129.951,219.787,89.8362
"Dec 27, 05:00 am",129.835,219.787,89.9528
"Dec 27, 06:00 am",129.709,219.787,90.0782
"Dec 27, 07:00 am",129.569,219.787,90.2186
"Dec 27, 08:00 am",21.2785,219.787,198.456
"Dec 27, 09:00 am",24.8212,219.787,194.913
"Dec 27, 10:00 am",43.331,219.787,176.403
"Dec 27, 11:00 am",69.0496,219.787,150.685
"Dec 27, 12:00 pm",96.2614,219.787,123.473
"Dec 27, 01:00 pm",119.974,219.787,99.7601
"Dec 27, 02:00 pm",111.189,219.787,108.545
"Dec 27, 03:00 pm",104.783,219.787,114.951
"Dec 27, 04:00 pm",104.391,219.787,115.396
"Dec 27, 05:00 pm",104.319,219.787,115.468
"Dec 27, 06:00 pm",104.247,219.787,115.541
"Dec 27, 07:00 pm",104.174,219.787,115.614
"Dec 27, 08:00 pm",104.1,219.787,115.688
"Dec 27, 09:00 pm",104.025,219.787,115.762
"Dec 27, 10:00 pm",103.949,219.787,115.838
"Dec 27, 11:00 pm",103.873,219.787,115.915
"Dec 28, 12:00 am",103.794,219.787,115.993
"Dec 28, 01:00 am",103.714,219.787,116.073
"Dec 28, 02:00 am",103.632,219.787,116.155
"Dec 28, 03:00 am",103.546,219.787,116.241
"Dec 28, 04:00 am",103.456,219.787,116.331
"Dec 28, 05:00 am",103.359,219.787,116.428
"Dec 28, 06:00 am",103.251,219.787,116.537
"Dec 28, 07:00 am",103.119,219.787,116.669
"Dec 28, 08:00 am",11.1629,219.787,208.571
"Dec 28, 09:00 am",14.6511,219.787,205.083
"Dec 28, 10:00 am",33.6011,219.787,186.133
"Dec 28, 11:00 am",59.8048,219.787,159.93
"Dec 28, 12:00 pm",87.6334,219.787,132.101
"Dec 28, 01:00 pm",83.1544,219.787,136.58
"Dec 28, 02:00 pm",82.9516,219.787,136.783
"Dec 28, 03:00 pm",79.6203,219.787,140.114
"Dec 28, 04:00 pm",78.8944,219.787,140.893
"Dec 28, 05:00 pm",78.8426,219.787,140.945
"Dec 28, 06:00 pm",78.7905,219.787,140.997
"Dec 28, 07:00 pm",78.7379,219.787,141.049
"Dec 28, 08:00 pm",78.6848,219.787,141.103
"Dec 28, 09:00 pm",78.6311,219.787,141.156
"Dec 28, 10:00 pm",78.5768,219.787,141.211
"Dec 28, 11:00 pm",78.5216,219.787,141.266
"Dec 29, 12:00 am",78.4654,219.787,141.322
"Dec 29, 01:00 am",78.4078,219.787,141.38
"Dec 29, 02:00 am",78.3486,219.787,141.439
"Dec 29, 03:00 am",78.287,219.787,141.5
"Dec 29, 04:00 am",78.2223,219.787,141.565
"Dec 29, 05:00 am",78.1526,219.787,141.635
"Dec 29, 06:00 am",78.0746,219.787,141.713
"Dec 29, 07:00 am",77.9797,219.787,141.808
"Dec 29, 08:00 am",10.6831,219.787,209.051
"Dec 29, 09:00 am",15.2853,219.787,204.449
"Dec 29, 10:00 am",20.2375,219.787,199.497
"Dec 29, 11:00 am",28.5171,219.787,191.217
"Dec 29, 12:00 pm",64.4666,219.787,155.268
"Dec 29, 01:00 pm",92.0378,219.787,127.697
"Dec 29, 02:00 pm",111.258,219.787,108.476
"Dec 29, 03:00 pm",118.788,219.787,100.947
"Dec 29, 04:00 pm",112.672,219.787,107.063
"Dec 29, 05:00 pm",111.236,219.787,108.551
"Dec 29, 06:00 pm",111.159,219.787,108.629
"Dec 29, 07:00 pm",111.081,219.787,108.707
"Dec 29, 08:00 pm",111.002,219.787,108.785
"Dec 29, 09:00 pm",110.923,219.787,108.865
"Dec 29, 10:00 pm",110.842,219.787,108.945
"Dec 29, 11:00 pm",110.761,219.787,109.026
"Dec 30, 12:00 am",110.678,219.787,109.109
"Dec 30, 01:00 am",110.594,219.787,109.193
"Dec 30, 02:00 am",110.508,219.787,109.279
"Dec 30, 03:00 am",110.419,219.787,109.368
"Dec 30, 04:00 am",110.327,219.787,109.46
"Dec 30, 05:00 am",110.23,219.787,109.557
"Dec 30, 06:00 am",110.126,219.787,109.661
"Dec 30, 07:00 am",110.009,219.787,109.778
"Dec 30, 08:00 am",17.7464,219.787,201.988
"Dec 30, 09:00 am",20.6158,219.787,199.119
"Dec 30, 10:00 am",39.0265,219.787,180.708
"Dec 30, 11:00 am",64.7774,219.787,154.957
"Dec 30, 12:00 pm",92.3159,219.787,127.419
"Dec 30, 01:00 pm",116.59,219.787,103.144
"Dec 30, 02:00 pm",133.184,219.787,86.5506
"Dec 30, 03:00 pm",138.414,219.787,81.3202
"Dec 30, 04:00 pm",130.405,219.787,89.3292
"Dec 30, 05:00 pm",129.234,219.787,90.5534
"Dec 30, 06:00 pm",129.142,219.787,90.6452
"Dec 30, 07:00 pm",129.05,219.787,90.7376
"Dec 30, 08:00 pm",128.957,219.787,90.8308
"Dec 30, 09:00 pm",128.862,219.787,90.9249
"Dec 30, 10:00 pm",128.767,219.787,91.02
"Dec 30, 11:00 pm",128.671,219.787,91.1164
"Dec 31, 12:00 am",128.573,219.787,91.2142
"Dec 31, 01:00 am",128.473,219.787,91.3139
"Dec 31, 02:00 am",128.371,219.787,91.4159
"Dec 31, 03:00 am",128.266,219.787,91.5209
"Dec 31, 04:00 am",128.157,219.787,91.63
"Dec 31, 05:00 am",128.043,219.787,91.7448
"Dec 31, 06:00 am",127.919,219.787,91.8683
"Dec 31, 07:00 am",127.781,219.787,92.0065
"Dec 31, 08:00 am",127.613,219.787,92.1748
"Dec 31, 09:00 am",16.965,219.787,202.769
"Dec 31, 10:00 am",35.2582,219.787,184.476
"Dec 31, 11:00 am",60.8602,219.787,158.874
"Dec 31, 12:00 pm",88.2383,219.787,131.496
"Dec 31, 01:00 pm",112.376,219.787,107.359
"Dec 31, 02:00 pm",128.707,219.787,91.0278
"Dec 31, 03:00 pm",133.906,219.787,85.8286
"Dec 31, 04:00 pm",125.982,219.787,93.7525
"Dec 31, 05:00 pm",124.881,219.787,94.9062
"Dec 31, 06:00 pm",124.793,219.787,94.9945
"Dec 31, 07:00 pm",124.704,219.787,95.0835
"Dec 31, 08:00 pm",124.614,219.787,95.1732
"Dec 31, 09:00 pm",124.524,219.787,95.2637
"Dec 31, 10:00 pm",124.432,219.787,95.3553
"Dec 31, 11:00 pm",124.339,219.787,95.448
