timestamp,precio_usd_mwh,P_cmd_MW,modo,constraint,P_real_MW,E_comprada_MWh,E_vendida_MWh,costo_USD,ingreso_USD,flujo_USD,soc_H2,soc_O2,p_H2_bar,p_O2_bar,n_H2_mol,n_O2_mol,n_active,j_A_cm2,V_cell_V,E_rev_V,eta_el_lhv,eta_fc_lhv
2020-01-01 00:00:00,32.35,0.0,idle,sin_restriccion,0.0,0.0,0.0,0.0,0.0,0.0,0.5,0.5,184.99999999999997,52.49999999999999,30034255.285758346,14803512.740420012,0,0.0,,,,
2020-01-01 01:00:00,32.35,0.0,idle,sin_restriccion,0.0,0.0,0.0,0.0,0.0,0.0,0.5,0.5,184.99999999999997,52.49999999999999,30034255.285758346,14803512.740420012,0,0.0,,,,
2020-01-01 02:00:00,32.35,0.0,idle,sin_restriccion,0.0,0.0,0.0,0.0,0.0,0.0,0.5,0.5,184.99999999999997,52.49999999999999,30034255.285758346,14803512.740420012,0,0.0,,,,
2020-01-01 03:00:00,32.35,0.0,idle,sin_restriccion,0.0,0.0,0.0,0.0,0.0,0.0,0.5,0.5,184.99999999999997,52.49999999999999,30034255.285758346,14803512.740420012,0,0.0,,,,
2020-01-01 04:00:00,31.84,0.0,idle,sin_restriccion,0.0,0.0,0.0,0.0,0.0,0.0,0.5,0.5,184.99999999999997,52.49999999999999,30034255.285758346,14803512.740420012,0,0.0,,,,
2020-01-01 05:00:00,31.33,0.0,idle,sin_restriccion,0.0,0.0,0.0,0.0,0.0,0.0,0.5,0.5,184.99999999999997,52.49999999999999,30034255.285758346,14803512.740420012,0,0.0,,,,
2020-01-01 06:00:00,29.44,0.0,idle,sin_restriccion,0.0,0.0,0.0,0.0,0.0,0.0,0.5,0.5,184.99999999999997,52.49999999999999,30034255.285758346,14803512.740420012,0,0.0,,,,
2020-01-01 07:00:00,24.57,0.0,idle,sin_restriccion,0.0,0.0,0.0,0.0,0.0,0.0,0.5,0.5,184.99999999999997,52.49999999999999,30034255.285758346,14803512.740420012,0,0.0,,,,
2020-01-01 08:00:00,24.32,-100.0,charge,ok,-100.00000933314523,100.00000933314523,0.0,2432.000226982092,0.0,-2432.000226982092,0.5185569559921139,0.5185569559921139,191.12379547739755,54.26291081925081,31028437.105682302,15300603.65038199,100,0.538293844461441,1.680848057087224,1.2920922055682393,0.6680503533659908,
2020-01-01 09:00:00,24.32,-100.0,charge,ok,-99.99999880145185,99.99999880145185,0.0,2431.999970851309,0.0,-2431.999970851309,0.5371066315552937,0.5371066315552937,197.24518841324686,56.025129997752906,32022228.879410606,15797499.537246142,100,0.5380826562643053,1.6815351236826361,1.2928390009011246,0.6677883282782349,
2020-01-01 10:00:00,24.32,-100.0,charge,ok,-99.99999992741066,99.99999992741066,0.0,2431.999998234627,0.0,-2431.999998234627,0.5556492670999608,0.5556492670999608,203.364258142987,57.78668037449627,33015643.486839645,16294206.840960661,100,0.5378784418106078,1.6822002136246634,1.2935618533209738,0.6675348800925767,
2020-01-01 11:00:00,24.42,0.0,idle,sin_restriccion,0.0,0.0,0.0,0.0,0.0,0.0,0.5556492670999608,0.5556492670999608,203.364258142987,57.78668037449627,33015643.486839645,16294206.840960661,0,0.0,,,,
2020-01-01 12:00:00,26.4,0.0,idle,sin_restriccion,0.0,0.0,0.0,0.0,0.0,0.0,0.5556492670999608,0.5556492670999608,203.364258142987,57.78668037449627,33015643.486839645,16294206.840960661,0,0.0,,,,
2020-01-01 13:00:00,27.03,0.0,idle,sin_restriccion,0.0,0.0,0.0,0.0,0.0,0.0,0.5556492670999608,0.5556492670999608,203.364258142987,57.78668037449627,33015643.486839645,16294206.840960661,0,0.0,,,,
2020-01-01 14:00:00,27.03,0.0,idle,sin_restriccion,0.0,0.0,0.0,0.0,0.0,0.0,0.5556492670999608,0.5556492670999608,203.364258142987,57.78668037449627,33015643.486839645,16294206.840960661,0,0.0,,,,
2020-01-01 15:00:00,27.03,-100.0,charge,ok,-100.00000656460662,100.00000656460662,0.0,2703.000177441317,0.0,-2703.000177441317,0.5741850870091756,0.5741850870091756,209.4810787130279,59.54758326587169,34008692.949206054,16790731.572143864,100,0.5376807361841203,1.682844684037344,1.2942622508676052,0.667289472926802,
2020-01-01 16:00:00,25.34,-100.0,charge,ok,-100.00000455672699,100.00000455672699,0.0,2534.000115467462,0.0,-2534.000115467462,0.5927142996386366,0.5927142996386366,215.59571888075004,61.30785846567048,35001388.4290867,17287079.312084187,100,0.5374890744686127,1.6834697573742827,1.2949415469812386,0.6670516242648764,
2020-01-01 17:00:00,23.39,-100.0,charge,ok,-99.99999617208647,99.99999617208647,0.0,2338.9999104651024,0.0,-2338.9999104651024,0.6112371013235217,0.6112371013235217,221.70824343676213,63.067524625734556,35993740.445063636,17783255.320072655,100,0.5373031079769135,1.6840765700192124,1.2956009762121352,0.6668208861811872,
2020-01-01 18:00:00,28.29,0.0,idle,sin_restriccion,0.0,0.0,0.0,0.0,0.0,0.0,0.6112371013235217,0.6112371013235217,221.70824343676213,63.067524625734556,35993740.445063636,17783255.320072655,0,0.0,,,,
2020-01-01 19:00:00,32.24,0.0,idle,sin_restriccion,0.0,0.0,0.0,0.0,0.0,0.0,0.6112371013235217,0.6112371013235217,221.70824343676213,63.067524625734556,35993740.445063636,17783255.320072655,0,0.0,,,,
2020-01-01 20:00:00,34.26,100.0,discharge,above_max_power,98.69482794325737,0.0,98.69482794325737,0.0,3381.284805335997,3381.284805335997,0.5361688420295593,0.5361688420295593,196.93571786975454,55.93603999280812,31971987.16423941,15772378.679660542,143,1.5,0.4941105541099805,1.2962416678396809,,0.36520401887676524
2020-01-01 21:00:00,34.26,100.0,discharge,above_max_power,98.15236464402751,0.0,98.15236464402751,0.0,3362.7000127043825,3362.7000127043825,0.4611005827355969,0.46110058273559684,172.16319230274695,48.8045553598817,27950233.883415185,13761502.03924843,143,1.5,0.49139473964480007,1.2935258533745004,,0.3631967224347897
2020-01-01 22:00:00,34.26,0.0,idle,sin_restriccion,0.0,0.0,0.0,0.0,0.0,0.0,0.4611005827355969,0.46110058273559684,172.16319230274695,48.8045553598817,27950233.883415185,13761502.03924843,0,0.0,,,,
2020-01-01 23:00:00,33.75,0.0,idle,sin_restriccion,0.0,0.0,0.0,0.0,0.0,0.0,0.4611005827355969,0.46110058273559684,172.16319230274695,48.8045553598817,27950233.883415185,13761502.03924843,0,0.0,,,,
2020-01-02 00:00:00,31.94,0.0,idle,sin_restriccion,0.0,0.0,0.0,0.0,0.0,0.0,0.4611005827355969,0.46110058273559684,172.16319230274695,48.8045553598817,27950233.883415185,13761502.03924843,0,0.0,,,,
2020-01-02 01:00:00,34.31,0.0,idle,sin_restriccion,0.0,0.0,0.0,0.0,0.0,0.0,0.4611005827355969,0.46110058273559684,172.16319230274695,48.8045553598817,27950233.883415185,13761502.03924843,0,0.0,,,,
2020-01-02 02:00:00,33.7,-100.0,charge,ok,-100.00000589130602,100.00000589130602,0.0,3370.000198537013,0.0,-3370.000198537013,0.479673634205437,0.47967363420543696,178.2922992877942,50.568995249516504,28945278.012402393,14259024.103742033,100,0.5387607365846634,1.6793305433698635,1.2904426669621247,0.6686298135232166,
2020-01-02 03:00:00,31.86,-100.0,charge,ok,-100.00000826420467,100.00000826420467,0.0,3186.0002632975607,0.0,-3186.0002632975607,0.4982388523023733,0.49823885230237325,184.41882125978313,52.33269096872545,29939902.471432254,14756336.333256964,100,0.5385335087776184,1.6800687729161405,1.2912451467029362,0.6683477962560764,
2020-01-02 04:00:00,33.2,-100.0,charge,ok,-99.99999527847616,99.99999527847616,0.0,3319.999843245409,0.0,-3319.999843245409,0.5167965094915502,0.5167965094915501,190.54284813221153,54.09566840169726,30934121.857720677,15253446.026401175,100,0.5383141845464705,1.6807816485223444,1.2920200447099732,0.6680756903537215,
2020-01-02 05:00:00,34.25,0.0,idle,sin_restriccion,0.0,0.0,0.0,0.0,0.0,0.0,0.5167965094915502,0.5167965094915501,190.54284813221153,54.09566840169726,30934121.857720677,15253446.026401175,0,0.0,,,,
2020-01-02 06:00:00,34.25,-100.0,charge,ok,-100.00000477827722,100.00000477827722,0.0,3425.0001636559946,0.0,-3425.0001636559946,0.5353468662175912,0.5353468662175911,196.66446585180503,55.85795229067115,31927950.12448875,15750360.159785211,100,0.5381024152040483,1.681470905737401,1.2927691944159654,0.6678128102275265,
2020-01-02 07:00:00,34.25,-100.0,charge,ok,-99.9999936899498,99.9999936899498,0.0,3424.999783880781,0.0,-3424.999783880781,0.5538901588840773,0.5538901588840773,202.78375243174548,57.61956509398734,32921399.93696792,16247085.066024797,100,0.5378975033760072,1.6821380046883627,1.293494252529032,0.6675585781167845,
2020-01-02 08:00:00,33.86,-100.0,charge,ok,-100.00000362006298,100.00000362006298,0.0,3386.0001225753326,0.0,-3386.0001225753326,0.5724266158809094,0.5724266158809093,208.90078324070004,59.380528508686375,33914483.53105976,16743626.863070715,100,0.5376992166042328,1.682784381713881,1.2941967205500013,0.6673124277288214,
2020-01-02 09:00:00,34.54,0.0,idle,sin_restriccion,0.0,0.0,0.0,0.0,0.0,0.0,0.5724266158809094,0.5724266158809093,208.90078324070004,59.380528508686375,33914483.53105976,16743626.863070715,0,0.0,,,,
2020-01-02 10:00:00,34.73,0.0,idle,sin_restriccion,0.0,0.0,0.0,0.0,0.0,0.0,0.5724266158809094,0.5724266158809093,208.90078324070004,59.380528508686375,33914483.53105976,16743626.863070715,0,0.0,,,,
2020-01-02 11:00:00,35.81,0.0,idle,sin_restriccion,0.0,0.0,0.0,0.0,0.0,0.0,0.5724266158809094,0.5724266158809093,208.90078324070004,59.380528508686375,33914483.53105976,16743626.863070715,0,0.0,,,,
2020-01-02 12:00:00,36.72,0.0,idle,sin_restriccion,0.0,0.0,0.0,0.0,0.0,0.0,0.5724266158809094,0.5724266158809093,208.90078324070004,59.380528508686375,33914483.53105976,16743626.863070715,0,0.0,,,,
2020-01-02 13:00:00,35.75,0.0,idle,sin_restriccion,0.0,0.0,0.0,0.0,0.0,0.0,0.5724266158809094,0.5724266158809093,208.90078324070004,59.380528508686375,33914483.53105976,16743626.863070715,0,0.0,,,,
2020-01-02 14:00:00,35.7,0.0,idle,sin_restriccion,0.0,0.0,0.0,0.0,0.0,0.0,0.5724266158809094,0.5724266158809093,208.90078324070004,59.380528508686375,33914483.53105976,16743626.863070715,0,0.0,,,,
2020-01-02 15:00:00,35.7,0.0,idle,sin_restriccion,0.0,0.0,0.0,0.0,0.0,0.0,0.5724266158809094,0.5724266158809093,208.90078324070004,59.380528508686375,33914483.53105976,16743626.863070715,0,0.0,,,,
2020-01-02 16:00:00,35.7,0.0,idle,sin_restriccion,0.0,0.0,0.0,0.0,0.0,0.0,0.5724266158809094,0.5724266158809093,208.90078324070004,59.380528508686375,33914483.53105976,16743626.863070715,0,0.0,,,,
2020-01-02 17:00:00,35.7,0.0,idle,sin_restriccion,0.0,0.0,0.0,0.0,0.0,0.0,0.5724266158809094,0.5724266158809093,208.90078324070004,59.380528508686375,33914483.53105976,16743626.863070715,0,0.0,,,,
2020-01-02 18:00:00,37.97,100.0,discharge,above_max_power,98.42243848022703,0.0,98.42243848022703,0.0,3737.0999890942203,3737.0999890942203,0.49735835658694694,0.4973583565869469,184.12825767369245,52.24904387575995,29892730.25023553,14732750.222658603,143,1.5,0.4927468503443787,1.294877964074079,,0.36419608635718526
2020-01-02 19:00:00,37.97,100.0,discharge,above_max_power,97.84436753172562,0.0,97.84436753172562,0.0,3715.150635179622,3715.150635179622,0.4222900972929845,0.42229009729298445,159.35573210668485,45.11755924283353,25870976.969411306,12721873.58224649,143,1.5,0.4898527680238428,1.2919838817535432,,0.36205702965089065
2020-01-02 20:00:00,37.97,0.0,idle,sin_restriccion,0.0,0.0,0.0,0.0,0.0,0.0,0.4222900972929845,0.42229009729298445,159.35573210668485,45.11755924283353,25870976.969411306,12721873.58224649,0,0.0,,,,
2020-01-02 21:00:00,37.97,0.0,idle,sin_restriccion,0.0,0.0,0.0,0.0,0.0,0.0,0.4222900972929845,0.42229009729298445,159.35573210668485,45.11755924283353,25870976.969411306,12721873.58224649,0,0.0,,,,
2020-01-02 22:00:00,37.97,0.0,idle,sin_restriccion,0.0,0.0,0.0,0.0,0.0,0.0,0.4222900972929845,0.42229009729298445,159.35573210668485,45.11755924283353,25870976.969411306,12721873.58224649,0,0.0,,,,
2020-01-02 23:00:00,37.97,0.0,idle,sin_restriccion,0.0,0.0,0.0,0.0,0.0,0.0,0.4222900972929845,0.42229009729298445,159.35573210668485,45.11755924283353,25870976.969411306,12721873.58224649,0,0.0,,,,
2020-01-03 00:00:00,38.79,0.0,idle,sin_restriccion,0.0,0.0,0.0,0.0,0.0,0.0,0.4222900972929845,0.42229009729298445,159.35573210668485,45.11755924283353,25870976.969411306,12721873.58224649,0,0.0,,,,
2020-01-03 01:00:00,38.79,0.0,idle,sin_restriccion,0.0,0.0,0.0,0.0,0.0,0.0,0.4222900972929845,0.42229009729298445,159.35573210668485,45.11755924283353,25870976.969411306,12721873.58224649,0,0.0,,,,
2020-01-03 02:00:00,38.79,0.0,idle,sin_restriccion,0.0,0.0,0.0,0.0,0.0,0.0,0.4222900972929845,0.42229009729298445,159.35573210668485,45.11755924283353,25870976.969411306,12721873.58224649,0,0.0,,,,
2020-01-03 03:00:00,38.79,0.0,idle,sin_restriccion,0.0,0.0,0.0,0.0,0.0,0.0,0.4222900972929845,0.42229009729298445,159.35573210668485,45.11755924283353,25870976.969411306,12721873.58224649,0,0.0,,,,
2020-01-03 04:00:00,38.79,0.0,idle,sin_restriccion,0.0,0.0,0.0,0.0,0.0,0.0,0.4222900972929845,0.42229009729298445,159.35573210668485,45.11755924283353,25870976.969411306,12721873.58224649,0,0.0,,,,
2020-01-03 05:00:00,39.21,100.0,discharge,above_max_power,97.18220134208498,0.0,97.18220134208498,0.0,3810.514114623152,3810.514114623152,0.3472218379990221,0.34722183799902206,134.58320653967726,37.98607460990709,21849223.68858708,10710996.941834377,143,1.5,0.4865376672258118,1.2886687809555122,,0.35960679230147136
2020-01-03 06:00:00,45.94,100.0,discharge,above_max_power,96.40723576418587,0.0,96.40723576418587,0.0,4428.948411006699,4428.948411006699,0.2721535787050597,0.27215357870505963,109.81068097266969,30.854589976980662,17827470.407762855,8700120.301422264,143,1.5,0.482657842121582,1.2847889558512824,,0.3567391593217308
2020-01-03 07:00:00,38.79,0.0,idle,sin_restriccion,0.0,0.0,0.0,0.0,0.0,0.0,0.2721535787050597,0.27215357870505963,109.81068097266969,30.854589976980662,17827470.407762855,8700120.301422264,0,0.0,,,,
2020-01-03 08:00:00,37.12,-100.0,charge,ok,-99.99999477223787,99.99999477223787,0.0,3711.9998059454692,0.0,-3711.9998059454692,0.2908280312838911,0.29082803128389106,115.97325032368404,32.62866297196965,18827947.062382076,9200358.628731875,100,0.5417021453380584,1.6698305803787066,1.2801116634418819,0.6722803279831476,
2020-01-03 09:00:00,37.12,-100.0,charge,ok,-99.99999183888944,99.99999183888944,0.0,3711.9996970595757,0.0,-3711.9996970595757,0.30949009871916966,0.3094900987191696,122.13173257732598,34.40155937832112,19827760.187672313,9700265.191376993,100,0.541342881321907,1.6709852976432749,1.2813678183975483,0.6718344824991834,
2020-01-03 10:00:00,37.12,-100.0,charge,ok,-99.99999592600156,99.99999592600156,0.0,3711.9998487731777,0.0,-3711.9998487731777,0.3281404501532355,0.3281404501532355,128.2863485505677,36.17334276455737,20826945.63267852,10199857.913880097,100,0.5410030275583266,1.6720791591794297,1.2825576539420787,0.6714126789797124,
2020-01-03 11:00:00,37.12,0.0,idle,sin_restriccion,0.0,0.0,0.0,0.0,0.0,0.0,0.3281404501532355,0.3281404501532355,128.2863485505677,36.17334276455737,20826945.63267852,10199857.913880097,0,0.0,,,,
2020-01-03 12:00:00,37.12,0.0,idle,sin_restriccion,0.0,0.0,0.0,0.0,0.0,0.0,0.3281404501532355,0.3281404501532355,128.2863485505677,36.17334276455737,20826945.63267852,10199857.913880097,0,0.0,,,,
2020-01-03 13:00:00,37.12,0.0,idle,sin_restriccion,0.0,0.0,0.0,0.0,0.0,0.0,0.3281404501532355,0.3281404501532355,128.2863485505677,36.17334276455737,20826945.63267852,10199857.913880097,0,0.0,,,,
2020-01-03 14:00:00,37.12,0.0,idle,sin_restriccion,0.0,0.0,0.0,0.0,0.0,0.0,0.3281404501532355,0.3281404501532355,128.2863485505677,36.17334276455737,20826945.63267852,10199857.913880097,0,0.0,,,,
2020-01-03 15:00:00,37.12,0.0,idle,sin_restriccion,0.0,0.0,0.0,0.0,0.0,0.0,0.3281404501532355,0.3281404501532355,128.2863485505677,36.17334276455737,20826945.63267852,10199857.913880097,0,0.0,,,,
2020-01-03 16:00:00,37.12,-100.0,charge,ok,-100.00000482252277,100.00000482252277,0.0,3712.000179012045,0.0,-3712.000179012045,0.34677968661214265,0.34677968661214265,134.43729658200704,37.94407022815355,21825535.59714167,10699152.89611167,100,0.5406806081533431,1.6731182646891736,1.2836878251297892,0.6710124801609264,
2020-01-03 17:00:00,34.7,-100.0,charge,ok,-100.00000600262555,100.00000600262555,0.0,3470.000208291107,0.0,-3470.000208291107,0.3654083490193397,0.36540834901933966,140.58475517638206,39.71379315683727,22823559.060828634,11198164.627955154,100,0.5403738796710967,1.6741078247873977,1.2847640327487486,0.6706318064035759,
2020-01-03 18:00:00,35.74,-100.0,charge,ok,-99.9999987764234,99.9999987764234,0.0,3573.9999562693724,0.0,-3573.9999562693724,0.38402692821277074,0.3840269282127707,146.7288863102143,41.48255818021321,23821042.320194542,11696906.257638108,100,0.5400813892483711,1.6750523515943847,1.2857911974005427,0.6702688591647684,
2020-01-03 19:00:00,37.56,0.0,idle,sin_restriccion,0.0,0.0,0.0,0.0,0.0,0.0,0.38402692821277074,0.3840269282127707,146.7288863102143,41.48255818021321,23821042.320194542,11696906.257638108,0,0.0,,,,
2020-01-03 20:00:00,37.56,0.0,idle,sin_restriccion,0.0,0.0,0.0,0.0,0.0,0.0,0.38402692821277074,0.3840269282127707,146.7288863102143,41.48255818021321,23821042.320194542,11696906.257638108,0,0.0,,,,
2020-01-03 21:00:00,37.56,0.0,idle,sin_restriccion,0.0,0.0,0.0,0.0,0.0,0.0,0.38402692821277074,0.3840269282127707,146.7288863102143,41.48255818021321,23821042.320194542,11696906.257638108,0,0.0,,,,
2020-01-03 22:00:00,37.56,0.0,idle,sin_restriccion,0.0,0.0,0.0,0.0,0.0,0.0,0.38402692821277074,0.3840269282127707,146.7288863102143,41.48255818021321,23821042.320194542,11696906.257638108,0,0.0,,,,
2020-01-03 23:00:00,37.56,0.0,idle,sin_restriccion,0.0,0.0,0.0,0.0,0.0,0.0,0.38402692821277074,0.3840269282127707,146.7288863102143,41.48255818021321,23821042.320194542,11696906.257638108,0,0.0,,,,
2020-01-04 00:00:00,38.44,100.0,discharge,above_max_power,96.80365250765038,0.0,96.80365250765038,0.0,3721.1324023940806,3721.1324023940806,0.3089586689188083,0.30895866891880824,121.9563607432067,34.35107354728678,19799289.039370317,9686029.617225995,143,1.5,0.48464248205513905,1.2867735957848394,,0.3582060344445742
2020-01-04 01:00:00,38.44,100.0,discharge,above_max_power,95.95495105258252,0.0,95.95495105258252,0.0,3688.5083184612718,3688.5083184612718,0.2338904096248458,0.23389040962484578,97.1838351761991,27.219588914360354,15777535.75854609,7675152.976813882,143,1.5,0.4803935020936091,1.2825246158233095,,0.3550655539485188
2020-01-04 02:00:00,38.44,0.0,idle,sin_restriccion,0.0,0.0,0.0,0.0,0.0,0.0,0.2338904096248458,0.23389040962484578,97.1838351761991,27.219588914360354,15777535.75854609,7675152.976813882,0,0.0,,,,
2020-01-04 03:00:00,38.44,0.0,idle,sin_restriccion,0.0,0.0,0.0,0.0,0.0,0.0,0.2338904096248458,0.23389040962484578,97.1838351761991,27.219588914360354,15777535.75854609,7675152.976813882,0,0.0,,,,
2020-01-04 04:00:00,34.26,0.0,idle,sin_restriccion,0.0,0.0,0.0,0.0,0.0,0.0,0.2338904096248458,0.23389040962484578,97.1838351761991,27.219588914360354,15777535.75854609,7675152.976813882,0,0.0,,,,
2020-01-04 05:00:00,34.26,0.0,idle,sin_restriccion,0.0,0.0,0.0,0.0,0.0,0.0,0.2338904096248458,0.23389040962484578,97.1838351761991,27.219588914360354,15777535.75854609,7675152.976813882,0,0.0,,,,
2020-01-04 06:00:00,34.26,0.0,idle,sin_restriccion,0.0,0.0,0.0,0.0,0.0,0.0,0.2338904096248458,0.23389040962484578,97.1838351761991,27.219588914360354,15777535.75854609,7675152.976813882,0,0.0,,,,
2020-01-04 07:00:00,32.27,-100.0,charge,ok,-99.99999774346114,99.99999774346114,0.0,3226.9999271814913,0.0,-3226.9999271814913,0.2525926456347337,0.25259264563473366,103.3555730594621,28.996301335299698,16779500.899858017,8176135.547469846,100,0.5425080776214599,1.6672457190558516,1.2772993144320879,0.6732805115487996,
2020-01-04 08:00:00,30.25,-100.0,charge,ok,-100.00000518734986,100.00000518734986,0.0,3025.0001569173332,0.0,-3025.0001569173332,0.2712808657170422,0.2712808657170422,109.5226856866239,30.77168224311901,17780715.143210456,8676742.669146067,100,0.5421015083789825,1.6685489007705478,1.2787172455970093,0.6727758880638666,
2020-01-04 09:00:00,32.62,-100.0,charge,ok,-99.99999971974519,99.99999971974519,0.0,3261.999990858088,0.0,-3261.999990858088,0.28995591531508724,0.2899559153150873,115.68545205397876,32.54581195493329,18781223.78290571,9176996.988993693,100,0.5417194634675979,1.6697750401700646,1.2800512339436436,0.6723017874137805,
2020-01-04 10:00:00,32.62,0.0,idle,sin_restriccion,0.0,0.0,0.0,0.0,0.0,0.0,0.28995591531508724,0.2899559153150873,115.68545205397876,32.54581195493329,18781223.78290571,9176996.988993693,0,0.0,,,,
2020-01-04 11:00:00,32.62,0.0,idle,sin_restriccion,0.0,0.0,0.0,0.0,0.0,0.0,0.28995591531508724,0.2899559153150873,115.68545205397876,32.54581195493329,18781223.78290571,9176996.988993693,0,0.0,,,,
2020-01-04 12:00:00,32.62,0.0,idle,sin_restriccion,0.0,0.0,0.0,0.0,0.0,0.0,0.28995591531508724,0.2899559153150873,115.68545205397876,32.54581195493329,18781223.78290571,9176996.988993693,0,0.0,,,,
2020-01-04 13:00:00,32.62,0.0,idle,sin_restriccion,0.0,0.0,0.0,0.0,0.0,0.0,0.28995591531508724,0.2899559153150873,115.68545205397876,32.54581195493329,18781223.78290571,9176996.988993693,0,0.0,,,,
2020-01-04 14:00:00,32.62,0.0,idle,sin_restriccion,0.0,0.0,0.0,0.0,0.0,0.0,0.28995591531508724,0.2899559153150873,115.68545205397876,32.54581195493329,18781223.78290571,9176996.988993693,0,0.0,,,,
2020-01-04 15:00:00,32.46,0.0,idle,sin_restriccion,0.0,0.0,0.0,0.0,0.0,0.0,0.28995591531508724,0.2899559153150873,115.68545205397876,32.54581195493329,18781223.78290571,9176996.988993693,0,0.0,,,,
2020-01-04 16:00:00,31.59,-100.0,charge,ok,-100.00000259738195,100.00000259738195,0.0,3159.000082051296,0.0,-3159.000082051296,0.30861854771485653,0.3086185477148566,121.84412074590264,34.31876203291137,19781067.17595246,9676918.685517069,100,0.5413592696189882,1.67093277533472,1.2813106684797688,0.6718547489410622,
2020-01-04 17:00:00,31.05,-100.0,charge,ok,-99.99999244484972,99.99999244484972,0.0,3104.999765412584,0.0,-3104.999765412584,0.3272694320586903,0.3272694320586903,127.99891257936775,36.09059604557557,20780281.171395663,10176525.68323867,100,0.5410184860229492,1.6720293169481621,1.2825034459176121,0.6714318871057023,
2020-01-04 18:00:00,30.48,-100.0,charge,ok,-99.99999335661431,99.99999335661431,0.0,3047.9997975096044,0.0,-3047.9997975096044,0.3459091733794828,0.34590917337948285,134.1500272152293,37.861371471050866,21778898.18364123,10675834.189361453,100,0.5406952530145646,1.6730708469719926,1.283636270729042,0.671030732127689,
2020-01-04 19:00:00,32.8,0.0,idle,sin_restriccion,0.0,0.0,0.0,0.0,0.0,0.0,0.3459091733794828,0.34590917337948285,134.1500272152293,37.861371471050866,21778898.18364123,10675834.189361453,0,0.0,,,,
2020-01-04 20:00:00,37.86,0.0,idle,sin_restriccion,0.0,0.0,0.0,0.0,0.0,0.0,0.3459091733794828,0.34590917337948285,134.1500272152293,37.861371471050866,21778898.18364123,10675834.189361453,0,0.0,,,,
2020-01-04 21:00:00,38.31,0.0,idle,sin_restriccion,0.0,0.0,0.0,0.0,0.0,0.0,0.3459091733794828,0.34590917337948285,134.1500272152293,37.861371471050866,21778898.18364123,10675834.189361453,0,0.0,,,,
2020-01-04 22:00:00,38.31,0.0,idle,sin_restriccion,0.0,0.0,0.0,0.0,0.0,0.0,0.3459091733794828,0.34590917337948285,134.1500272152293,37.861371471050866,21778898.18364123,10675834.189361453,0,0.0,,,,
2020-01-04 23:00:00,38.31,0.0,idle,sin_restriccion,0.0,0.0,0.0,0.0,0.0,0.0,0.3459091733794828,0.34590917337948285,134.1500272152293,37.861371471050866,21778898.18364123,10675834.189361453,0,0.0,,,,
2020-01-05 00:00:00,38.54,0.0,idle,sin_restriccion,0.0,0.0,0.0,0.0,0.0,0.0,0.3459091733794828,0.34590917337948285,134.1500272152293,37.861371471050866,21778898.18364123,10675834.189361453,0,0.0,,,,
2020-01-05 01:00:00,38.54,0.0,idle,sin_restriccion,0.0,0.0,0.0,0.0,0.0,0.0,0.3459091733794828,0.34590917337948285,134.1500272152293,37.861371471050866,21778898.18364123,10675834.189361453,0,0.0,,,,
2020-01-05 02:00:00,35.4,0.0,idle,sin_restriccion,0.0,0.0,0.0,0.0,0.0,0.0,0.3459091733794828,0.34590917337948285,134.1500272152293,37.861371471050866,21778898.18364123,10675834.189361453,0,0.0,,,,
2020-01-05 03:00:00,33.78,0.0,idle,sin_restriccion,0.0,0.0,0.0,0.0,0.0,0.0,0.3459091733794828,0.34590917337948285,134.1500272152293,37.861371471050866,21778898.18364123,10675834.189361453,0,0.0,,,,
2020-01-05 04:00:00,33.39,0.0,idle,sin_restriccion,0.0,0.0,0.0,0.0,0.0,0.0,0.3459091733794828,0.34590917337948285,134.1500272152293,37.861371471050866,21778898.18364123,10675834.189361453,0,0.0,,,,
2020-01-05 05:00:00,34.26,0.0,idle,sin_restriccion,0.0,0.0,0.0,0.0,0.0,0.0,0.3459091733794828,0.34590917337948285,134.1500272152293,37.861371471050866,21778898.18364123,10675834.189361453,0,0.0,,,,
2020-01-05 06:00:00,32.91,0.0,idle,sin_restriccion,0.0,0.0,0.0,0.0,0.0,0.0,0.3459091733794828,0.34590917337948285,134.1500272152293,37.861371471050866,21778898.18364123,10675834.189361453,0,0.0,,,,
2020-01-05 07:00:00,31.05,-100.0,charge,ok,-99.99999523533788,99.99999523533788,0.0,3104.9998520572412,0.0,-3104.9998520572412,0.364538316607523,0.364538316607523,140.29764448048257,39.631140077714676,22776947.40712097,11174858.801101323,100,0.5403878271579742,1.6740626164869197,1.2847148841428266,0.6706491881636149,
2020-01-05 08:00:00,31.04,-100.0,charge,ok,-99.99999939022254,99.99999939022254,0.0,3103.9999810725076,0.0,-3103.9999810725076,0.3831573565875954,0.3831573565875954,146.44192767390646,41.39994887582156,23774455.352954958,11673612.774018317,100,0.5400947555899621,1.675009170881246,1.2857442400062131,0.6702854433698556,
2020-01-05 09:00:00,31.09,-100.0,charge,ok,-99.99999173183159,99.99999173183159,0.0,3108.999742942644,0.0,-3108.999742942644,0.4017667420858203,0.4017667420858203,152.58302488832067,43.16784049815293,24771446.06361645,12172108.129349064,100,0.5398147016763686,1.675914438493984,1.286728642602676,0.6699379333276927,
2020-01-05 10:00:00,32.11,0.0,idle,sin_restriccion,0.0,0.0,0.0,0.0,0.0,0.0,0.4017667420858203,0.4017667420858203,152.58302488832067,43.16784049815293,24771446.06361645,12172108.129349064,0,0.0,,,,
2020-01-05 11:00:00,33.74,0.0,idle,sin_restriccion,0.0,0.0,0.0,0.0,0.0,0.0,0.4017667420858203,0.4017667420858203,152.58302488832067,43.16784049815293,24771446.06361645,12172108.129349064,0,0.0,,,,
2020-01-05 12:00:00,32.77,0.0,idle,sin_restriccion,0.0,0.0,0.0,0.0,0.0,0.0,0.4017667420858203,0.4017667420858203,152.58302488832067,43.16784049815293,24771446.06361645,12172108.129349064,0,0.0,,,,
2020-01-05 13:00:00,31.59,0.0,idle,sin_restriccion,0.0,0.0,0.0,0.0,0.0,0.0,0.4017667420858203,0.4017667420858203,152.58302488832067,43.16784049815293,24771446.06361645,12172108.129349064,0,0.0,,,,
2020-01-05 14:00:00,32.84,-100.0,charge,ok,-99.99999611572034,99.99999611572034,0.0,3283.9998724402562,0.0,-3283.9998724402562,0.420366887810175,0.420366887810175,158.72107297735772,44.93485434196662,25767941.75692672,12670355.976004198,100,0.5395466774702071,1.6767819050728932,1.287671855361592,0.6696052720861093,
2020-01-05 15:00:00,31.76,-100.0,charge,ok,-100.00000936757611,100.00000936757611,0.0,3176.0002975142174,0.0,-3176.0002975142174,0.4389581744104936,0.4389581744104936,164.85619755546284,46.70102656899689,26763962.826055046,13168366.510568362,100,0.5392896950244902,1.6776146025896146,1.2885771881487524,0.6692862549155716,
2020-01-05 16:00:00,30.9,-100.0,charge,ok,-99.9999937006548,99.9999937006548,0.0,3089.999805350233,0.0,-3089.999805350233,0.45754094647504717,0.4575409464750472,170.98851233676555,48.46638991512949,27759527.732186258,13666148.963633968,100,0.5390427082777023,1.6784151627224793,1.2894475671626924,0.6689798364652779,
2020-01-05 17:00:00,32.84,0.0,idle,sin_restriccion,0.0,0.0,0.0,0.0,0.0,0.0,0.45754094647504717,0.4575409464750472,170.98851233676555,48.46638991512949,27759527.732186258,13666148.963633968,0,0.0,,,,
2020-01-05 18:00:00,32.01,0.0,idle,sin_restriccion,0.0,0.0,0.0,0.0,0.0,0.0,0.45754094647504717,0.4575409464750472,170.98851233676555,48.46638991512949,27759527.732186258,13666148.963633968,0,0.0,,,,
2020-01-05 19:00:00,35.74,0.0,idle,sin_restriccion,0.0,0.0,0.0,0.0,0.0,0.0,0.45754094647504717,0.4575409464750472,170.98851233676555,48.46638991512949,27759527.732186258,13666148.963633968,0,0.0,,,,
2020-01-05 20:00:00,41.84,0.0,idle,sin_restriccion,0.0,0.0,0.0,0.0,0.0,0.0,0.45754094647504717,0.4575409464750472,170.98851233676555,48.46638991512949,27759527.732186258,13666148.963633968,0,0.0,,,,
2020-01-05 21:00:00,48.33,0.0,idle,sin_restriccion,0.0,0.0,0.0,0.0,0.0,0.0,0.45754094647504717,0.4575409464750472,170.98851233676555,48.46638991512949,27759527.732186258,13666148.963633968,0,0.0,,,,
2020-01-05 22:00:00,50.34,100.0,discharge,above_max_power,97.50514701552959,0.0,97.50514701552959,0.0,4908.40910076176,4908.40910076176,0.3824726871810848,0.3824726871810848,146.21598676975793,41.33490528220305,23737774.451362032,11655272.323221855,143,1.5,0.48815447804537027,1.2902855917750706,,0.36080179978341
2020-01-05 23:00:00,51.16,100.0,discharge,above_max_power,96.78759119929647,0.0,96.78759119929647,0.0,4951.653165756007,4951.653165756007,0.30740442788712236,0.3074044278871224,121.44346120275036,34.20342064927663,19716021.170537807,9644395.682809742,143,1.5,0.48456207194514767,1.286693185674848,,0.35814660220803757
2020-01-06 00:00:00,46.66,0.0,idle,sin_restriccion,0.0,0.0,0.0,0.0,0.0,0.0,0.30740442788712236,0.3074044278871224,121.44346120275036,34.20342064927663,19716021.170537807,9644395.682809742,0,0.0,,,,
2020-01-06 01:00:00,38.21,-100.0,charge,ok,-99.9999918686236,99.9999918686236,0.0,3820.9996893001075,0.0,-3820.9996893001075,0.32605605750326305,0.32605605750326305,127.59849897607678,35.97532546280999,20715275.093659814,10144022.644370746,100,0.5410401046276092,1.6719596923274596,1.2824277158082016,0.671458720779901,
2020-01-06 02:00:00,38.21,-100.0,charge,ok,-100.00000045831082,100.00000045831082,0.0,3821.0000175120567,0.0,-3821.0000175120567,0.34469650803479923,0.3446965080347993,133.74984765148372,37.746168263305925,21713930.101599727,10643350.148340702,100,0.5407158255577087,1.6730046452774676,1.2835642580303217,0.6710562160597803,
2020-01-06 03:00:00,38.21,-100.0,charge,ok,-100.00000108052484,100.00000108052484,0.0,3821.0000412868544,0.0,-3821.0000412868544,0.3633263264154401,0.36332632641544016,139.8976877170952,39.51600100946681,22712015.496121828,11142392.845601752,100,0.5404074117541312,1.673999506092868,1.2846462409497637,0.6706734544562779,
2020-01-06 04:00:00,39.06,0.0,idle,sin_restriccion,0.0,0.0,0.0,0.0,0.0,0.0,0.3633263264154401,0.36332632641544016,139.8976877170952,39.51600100946681,22712015.496121828,11142392.845601752,0,0.0,,,,
2020-01-06 05:00:00,48.35,0.0,idle,sin_restriccion,0.0,0.0,0.0,0.0,0.0,0.0,0.3633263264154401,0.36332632641544016,139.8976877170952,39.51600100946681,22712015.496121828,11142392.845601752,0,0.0,,,,
2020-01-06 06:00:00,48.35,0.0,idle,sin_restriccion,0.0,0.0,0.0,0.0,0.0,0.0,0.3633263264154401,0.36332632641544016,139.8976877170952,39.51600100946681,22712015.496121828,11142392.845601752,0,0.0,,,,
2020-01-06 07:00:00,48.35,0.0,idle,sin_restriccion,0.0,0.0,0.0,0.0,0.0,0.0,0.3633263264154401,0.36332632641544016,139.8976877170952,39.51600100946681,22712015.496121828,11142392.845601752,0,0.0,,,,
2020-01-06 08:00:00,48.36,0.0,idle,sin_restriccion,0.0,0.0,0.0,0.0,0.0,0.0,0.3633263264154401,0.36332632641544016,139.8976877170952,39.51600100946681,22712015.496121828,11142392.845601752,0,0.0,,,,
2020-01-06 09:00:00,48.36,0.0,idle,sin_restriccion,0.0,0.0,0.0,0.0,0.0,0.0,0.3633263264154401,0.36332632641544016,139.8976877170952,39.51600100946681,22712015.496121828,11142392.845601752,0,0.0,,,,
2020-01-06 10:00:00,48.36,0.0,idle,sin_restriccion,0.0,0.0,0.0,0.0,0.0,0.0,0.3633263264154401,0.36332632641544016,139.8976877170952,39.51600100946681,22712015.496121828,11142392.845601752,0,0.0,,,,
2020-01-06 11:00:00,48.36,0.0,idle,sin_restriccion,0.0,0.0,0.0,0.0,0.0,0.0,0.3633263264154401,0.36332632641544016,139.8976877170952,39.51600100946681,22712015.496121828,11142392.845601752,0,0.0,,,,
2020-01-06 12:00:00,43.11,0.0,idle,sin_restriccion,0.0,0.0,0.0,0.0,0.0,0.0,0.3633263264154401,0.36332632641544016,139.8976877170952,39.51600100946681,22712015.496121828,11142392.845601752,0,0.0,,,,
2020-01-06 13:00:00,37.86,-100.0,charge,ok,-99.99999781574147,99.99999781574147,0.0,3785.999917303972,0.0,-3785.999917303972,0.38194600949339025,0.3819460094933903,146.04218313281876,41.284870901872075,23709557.895678654,11641164.045380166,100,0.5401134103536605,1.6749488667714254,1.285678665005471,0.6703086054474791,
2020-01-06 14:00:00,37.86,-100.0,charge,ok,-100.00000228603056,100.00000228603056,0.0,3786.000086549117,0.0,-3786.000086549117,0.4005560120450306,0.4005560120450306,152.18348397486008,43.05282114427791,24706581.66474088,12139675.929911278,100,0.5398326009511945,1.6758567271508025,1.2866658731185985,0.6699600765435597,
2020-01-06 15:00:00,39.44,-100.0,charge,ok,-99.99999346848782,99.99999346848782,0.0,3943.999742397159,0.0,-3943.999742397159,0.4191567467749182,0.4191567467749182,158.32172643572298,44.819890943617224,25703108.9137973,12637939.554439489,100,0.5395637631416319,1.676726539818972,1.287611661230204,0.669626494012689,
2020-01-06 16:00:00,48.36,0.0,idle,sin_restriccion,0.0,0.0,0.0,0.0,0.0,0.0,0.4191567467749182,0.4191567467749182,158.32172643572298,44.819890943617224,25703108.9137973,12637939.554439489,0,0.0,,,,
2020-01-06 17:00:00,48.36,0.0,idle,sin_restriccion,0.0,0.0,0.0,0.0,0.0,0.0,0.4191567467749182,0.4191567467749182,158.32172643572298,44.819890943617224,25703108.9137973,12637939.554439489,0,0.0,,,,
2020-01-06 18:00:00,48.31,0.0,idle,sin_restriccion,0.0,0.0,0.0,0.0,0.0,0.0,0.4191567467749182,0.4191567467749182,158.32172643572298,44.819890943617224,25703108.9137973,12637939.554439489,0,0.0,,,,
2020-01-06 19:00:00,84.69,0.0,idle,sin_restriccion,0.0,0.0,0.0,0.0,0.0,0.0,0.4191567467749182,0.4191567467749182,158.32172643572298,44.819890943617224,25703108.9137973,12637939.554439489,0,0.0,,,,
2020-01-06 20:00:00,149.05,100.0,discharge,above_max_power,97.15235688479768,0.0,97.15235688479768,0.0,14480.558793679096,14480.558793679096,0.3440884874809558,0.34408848748095583,133.54920086871536,37.688406310690794,21681355.632973075,10627062.914027376,143,1.5,0.4863882524931996,1.2885193662229,,0.35949635778357764
2020-01-06 21:00:00,149.89,100.0,discharge,above_max_power,96.37183943183717,0.0,96.37183943183717,0.0,14445.175012438072,14445.175012438072,0.2690202281869934,0.2690202281869934,108.7766753017078,30.55692167776437,17659602.35214885,8616186.273615263,143,1.5,0.4824806322134768,1.2846117459431772,,0.356608181001016
2020-01-06 22:00:00,114.85,0.0,idle,sin_restriccion,0.0,0.0,0.0,0.0,0.0,0.0,0.2690202281869934,0.2690202281869934,108.7766753017078,30.55692167776437,17659602.35214885,8616186.273615263,0,0.0,,,,
2020-01-06 23:00:00,83.65,0.0,idle,sin_restriccion,0.0,0.0,0.0,0.0,0.0,0.0,0.2690202281869934,0.2690202281869934,108.7766753017078,30.55692167776437,17659602.35214885,8616186.273615263,0,0.0,,,,
2020-01-07 00:00:00,77.3,0.0,idle,sin_restriccion,0.0,0.0,0.0,0.0,0.0,0.0,0.2690202281869934,0.2690202281869934,108.7766753017078,30.55692167776437,17659602.35214885,8616186.273615263,0,0.0,,,,
2020-01-07 01:00:00,77.3,0.0,idle,sin_restriccion,0.0,0.0,0.0,0.0,0.0,0.0,0.2690202281869934,0.2690202281869934,108.7766753017078,30.55692167776437,17659602.35214885,8616186.273615263,0,0.0,,,,
2020-01-07 02:00:00,77.3,0.0,idle,sin_restriccion,0.0,0.0,0.0,0.0,0.0,0.0,0.2690202281869934,0.2690202281869934,108.7766753017078,30.55692167776437,17659602.35214885,8616186.273615263,0,0.0,,,,
2020-01-07 03:00:00,64.26,0.0,idle,sin_restriccion,0.0,0.0,0.0,0.0,0.0,0.0,0.2690202281869934,0.2690202281869934,108.7766753017078,30.55692167776437,17659602.35214885,8616186.273615263,0,0.0,,,,
2020-01-07 04:00:00,62.54,0.0,idle,sin_restriccion,0.0,0.0,0.0,0.0,0.0,0.0,0.2690202281869934,0.2690202281869934,108.7766753017078,30.55692167776437,17659602.35214885,8616186.273615263,0,0.0,,,,
2020-01-07 05:00:00,45.84,0.0,idle,sin_restriccion,0.0,0.0,0.0,0.0,0.0,0.0,0.2690202281869934,0.2690202281869934,108.7766753017078,30.55692167776437,17659602.35214885,8616186.273615263,0,0.0,,,,
2020-01-07 06:00:00,38.96,0.0,idle,sin_restriccion,0.0,0.0,0.0,0.0,0.0,0.0,0.2690202281869934,0.2690202281869934,108.7766753017078,30.55692167776437,17659602.35214885,8616186.273615263,0,0.0,,,,
2020-01-07 07:00:00,38.96,0.0,idle,sin_restriccion,0.0,0.0,0.0,0.0,0.0,0.0,0.2690202281869934,0.2690202281869934,108.7766753017078,30.55692167776437,17659602.35214885,8616186.273615263,0,0.0,,,,
2020-01-07 08:00:00,36.2,-100.0,charge,ok,-99.99999277332427,99.99999277332427,0.0,3619.9997383943387,0.0,-3619.9997383943387,0.28769682843225775,0.2876968284322578,114.93995338264503,32.33119870106449,18660194.067175813,9116482.131128745,100,0.5417644441127777,1.6696304568914098,1.279893951835182,0.6723576574186261,
2020-01-07 09:00:00,35.2,-100.0,charge,ok,-100.0000089405302,100.0000089405302,0.0,3520.000314706663,0.0,-3520.000314706663,0.3063609273355989,0.3063609273355989,121.09910602074758,34.10428809688189,19660116.02759054,9616443.111336108,100,0.5414018094539643,1.6707960799118755,1.2811619611418645,0.6719075004481868,
2020-01-07 10:00:00,35.63,-100.0,charge,ok,-100.0000061540301,100.0000061540301,0.0,3563.0002192680927,0.0,-3563.0002192680927,0.3250132020530376,0.3250132020530376,127.25435667750237,35.87625419503856,20659404.51176786,10116087.353424769,100,0.5410588175058366,1.6718996879003014,1.282362426575891,0.6714818485045967,
2020-01-07 11:00:00,43.87,0.0,idle,sin_restriccion,0.0,0.0,0.0,0.0,0.0,0.0,0.3250132020530376,0.3250132020530376,127.25435667750237,35.87625419503856,20659404.51176786,10116087.353424769,0,0.0,,,,
2020-01-07 12:00:00,48.45,0.0,idle,sin_restriccion,0.0,0.0,0.0,0.0,0.0,0.0,0.3250132020530376,0.3250132020530376,127.25435667750237,35.87625419503856,20659404.51176786,10116087.353424769,0,0.0,,,,
2020-01-07 13:00:00,48.45,0.0,idle,sin_restriccion,0.0,0.0,0.0,0.0,0.0,0.0,0.3250132020530376,0.3250132020530376,127.25435667750237,35.87625419503856,20659404.51176786,10116087.353424769,0,0.0,,,,
2020-01-07 14:00:00,48.45,0.0,idle,sin_restriccion,0.0,0.0,0.0,0.0,0.0,0.0,0.3250132020530376,0.3250132020530376,127.25435667750237,35.87625419503856,20659404.51176786,10116087.353424769,0,0.0,,,,
2020-01-07 15:00:00,48.45,0.0,idle,sin_restriccion,0.0,0.0,0.0,0.0,0.0,0.0,0.3250132020530376,0.3250132020530376,127.25435667750237,35.87625419503856,20659404.51176786,10116087.353424769,0,0.0,,,,
2020-01-07 16:00:00,40.01,-100.0,charge,ok,-99.99999294401238,99.99999294401238,0.0,4000.999717689935,0.0,-4000.999717689935,0.3436542616243085,0.3436542616243085,133.40590633602176,37.6471548543093,21658092.148778625,10615431.171930151,100,0.54073349237442,1.6729475608334639,1.2835021833932485,0.6710781919169477,
2020-01-07 17:00:00,36.39,-100.0,charge,ok,-100.00000061114362,100.00000061114362,0.0,3639.0000222395165,0.0,-3639.0000222395165,0.36228466099680157,0.36228466099680157,139.55393812894448,39.417042794696144,22656208.669717,11114489.432399338,100,0.5404242649674416,1.6739451051907372,1.2845870789288043,0.6706943733108447,
2020-01-07 18:00:00,34.72,-100.0,charge,ok,-100.00000062000841,100.00000062000841,0.0,3472.000021526692,0.0,-3472.000021526692,0.3809048990221416,0.3809048990221416,145.6986166773067,41.185965407103446,23653780.800367992,11613275.497724835,100,0.5401295080780982,1.6748969046403253,1.28562215451287,0.6703285647561478,
2020-01-07 19:00:00,40.44,0.0,idle,sin_restriccion,0.0,0.0,0.0,0.0,0.0,0.0,0.3809048990221416,0.3809048990221416,145.6986166773067,41.185965407103446,23653780.800367992,11613275.497724835,0,0.0,,,,
2020-01-07 20:00:00,67.54,0.0,idle,sin_restriccion,0.0,0.0,0.0,0.0,0.0,0.0,0.3809048990221416,0.3809048990221416,145.6986166773067,41.185965407103446,23653780.800367992,11613275.497724835,0,0.0,,,,
2020-01-07 21:00:00,82.43,100.0,discharge,above_max_power,96.77133236210406,0.0,96.77133236210406,0.0,7976.8609266082385,7976.8609266082385,0.30583663972817915,0.3058366397281792,120.9260911102991,34.05448077417702,19632027.519543767,9602398.857312722,143,1.5,0.48448067291723784,1.2866117866469382,,0.35808643904844073
2020-01-07 22:00:00,82.43,0.0,idle,sin_restriccion,0.0,0.0,0.0,0.0,0.0,0.0,0.30583663972817915,0.3058366397281792,120.9260911102991,34.05448077417702,19632027.519543767,9602398.857312722,0,0.0,,,,
2020-01-07 23:00:00,87.28,100.0,discharge,above_max_power,95.91598865059889,0.0,95.91598865059889,0.0,8371.54748942427,8371.54748942427,0.23076838043421669,0.2307683804342167,96.15356554329149,26.922996141250586,15610274.23871954,7591522.2169006085,143,1.5,0.48019843884222324,1.2823295525719236,,0.3549213799721713
2020-01-08 00:00:00,76.87,0.0,idle,sin_restriccion,0.0,0.0,0.0,0.0,0.0,0.0,0.23076838043421669,0.2307683804342167,96.15356554329149,26.922996141250586,15610274.23871954,7591522.2169006085,0,0.0,,,,
2020-01-08 01:00:00,52.86,0.0,idle,sin_restriccion,0.0,0.0,0.0,0.0,0.0,0.0,0.23076838043421669,0.2307683804342167,96.15356554329149,26.922996141250586,15610274.23871954,7591522.2169006085,0,0.0,,,,
2020-01-08 02:00:00,38.96,0.0,idle,sin_restriccion,0.0,0.0,0.0,0.0,0.0,0.0,0.23076838043421669,0.2307683804342167,96.15356554329149,26.922996141250586,15610274.23871954,7591522.2169006085,0,0.0,,,,
2020-01-08 03:00:00,38.93,0.0,idle,sin_restriccion,0.0,0.0,0.0,0.0,0.0,0.0,0.23076838043421669,0.2307683804342167,96.15356554329149,26.922996141250586,15610274.23871954,7591522.2169006085,0,0.0,,,,
2020-01-08 04:00:00,38.47,0.0,idle,sin_restriccion,0.0,0.0,0.0,0.0,0.0,0.0,0.23076838043421669,0.2307683804342167,96.15356554329149,26.922996141250586,15610274.23871954,7591522.2169006085,0,0.0,,,,
2020-01-08 05:00:00,38.47,0.0,idle,sin_restriccion,0.0,0.0,0.0,0.0,0.0,0.0,0.23076838043421669,0.2307683804342167,96.15356554329149,26.922996141250586,15610274.23871954,7591522.2169006085,0,0.0,,,,
2020-01-08 06:00:00,38.9,0.0,idle,sin_restriccion,0.0,0.0,0.0,0.0,0.0,0.0,0.23076838043421669,0.2307683804342167,96.15356554329149,26.922996141250586,15610274.23871954,7591522.2169006085,0,0.0,,,,
2020-01-08 07:00:00,38.96,0.0,idle,sin_restriccion,0.0,0.0,0.0,0.0,0.0,0.0,0.23076838043421669,0.2307683804342167,96.15356554329149,26.922996141250586,15610274.23871954,7591522.2169006085,0,0.0,,,,
2020-01-08 08:00:00,35.32,0.0,idle,sin_restriccion,0.0,0.0,0.0,0.0,0.0,0.0,0.23076838043421669,0.2307683804342167,96.15356554329149,26.922996141250586,15610274.23871954,7591522.2169006085,0,0.0,,,,
2020-01-08 09:00:00,32.28,0.0,idle,sin_restriccion,0.0,0.0,0.0,0.0,0.0,0.0,0.23076838043421669,0.2307683804342167,96.15356554329149,26.922996141250586,15610274.23871954,7591522.2169006085,0,0.0,,,,
2020-01-08 10:00:00,35.4,0.0,idle,sin_restriccion,0.0,0.0,0.0,0.0,0.0,0.0,0.23076838043421669,0.2307683804342167,96.15356554329149,26.922996141250586,15610274.23871954,7591522.2169006085,0,0.0,,,,
2020-01-08 11:00:00,43.52,0.0,idle,sin_restriccion,0.0,0.0,0.0,0.0,0.0,0.0,0.23076838043421669,0.2307683804342167,96.15356554329149,26.922996141250586,15610274.23871954,7591522.2169006085,0,0.0,,,,
2020-01-08 12:00:00,47.18,0.0,idle,sin_restriccion,0.0,0.0,0.0,0.0,0.0,0.0,0.23076838043421669,0.2307683804342167,96.15356554329149,26.922996141250586,15610274.23871954,7591522.2169006085,0,0.0,,,,
2020-01-08 13:00:00,34.52,0.0,idle,sin_restriccion,0.0,0.0,0.0,0.0,0.0,0.0,0.23076838043421669,0.2307683804342167,96.15356554329149,26.922996141250586,15610274.23871954,7591522.2169006085,0,0.0,,,,
2020-01-08 14:00:00,33.03,-100.0,charge,ok,-99.99999182624165,99.99999182624165,0.0,3302.999730020762,0.0,-3302.999730020762,0.24947304458936279,0.2494730445893628,102.32610471448967,28.69993923598946,16612369.466984998,8092569.831033338,100,0.5425785124301911,1.66702007153026,1.2770537898610048,0.6733679646247281,
2020-01-08 15:00:00,33.03,-100.0,charge,ok,-99.99999811166346,99.99999811166346,0.0,3302.999937628244,0.0,-3302.999937628244,0.2681635405569958,0.2681635405569958,108.49396838380858,30.4755363529146,17613705.640023258,8593237.917552467,100,0.5421675264835357,1.6683370571598453,1.2784867675611116,0.6728578675406083,
2020-01-08 16:00:00,33.03,-100.0,charge,ok,-100.00000477700503,100.00000477700503,0.0,3303.0001577844764,0.0,-3303.0001577844764,0.2868407338146335,0.2868407338146335,114.65744215882901,32.24986971239018,18614329.125461314,9093549.660271496,100,0.5417816460132597,1.6695754254600055,1.2798340640791415,0.6723789251553813,
2020-01-08 17:00:00,33.03,-100.0,charge,ok,-100.00000347403262,100.00000347403262,0.0,3303.0001147472976,0.0,-3303.0001147472976,0.3055053896687846,0.30550538966878465,120.81677859069889,34.02301201853454,19614280.924302675,9593525.559692176,100,0.5414179652929305,1.6707440340509374,1.2811053534456973,0.6719275874064579,
2020-01-08 18:00:00,31.06,-100.0,charge,ok,-100.00000967855493,100.00000967855493,0.0,3106.000300615916,0.0,-3106.000300615916,0.3241581932891508,0.32415819328915085,126.97220378541974,35.79502836246933,20613597.744252052,10093183.969666865,100,0.5410741597414017,1.6718503521870471,1.2823087580158419,0.6715008653416026,
2020-01-08 19:00:00,32.31,-100.0,charge,ok,-99.9999999349466,99.9999999349466,0.0,3230.999997898125,0.0,-3230.999997898125,0.342799755718887,0.342799755718887,133.1239193872327,37.565976793294254,21612312.321712766,10592541.258397222,100,0.5407480791211128,1.6729006614262834,1.283451163827065,0.6710962479070711,
2020-01-08 20:00:00,46.36,0.0,idle,sin_restriccion,0.0,0.0,0.0,0.0,0.0,0.0,0.342799755718887,0.342799755718887,133.1239193872327,37.565976793294254,21612312.321712766,10592541.258397222,0,0.0,,,,
2020-01-08 21:00:00,64.99,0.0,idle,sin_restriccion,0.0,0.0,0.0,0.0,0.0,0.0,0.342799755718887,0.342799755718887,133.1239193872327,37.565976793294254,21612312.321712766,10592541.258397222,0,0.0,,,,
2020-01-08 22:00:00,87.38,100.0,discharge,above_max_power,96.3572009464178,0.0,96.3572009464178,0.0,8419.692218697988,8419.692218697988,0.26773149642492455,0.2677314964249246,108.35139382022507,30.43449216036783,17590559.04088854,8581664.617985109,143,1.5,0.48240734539295527,1.2845384591226556,,0.35655401368731954
2020-01-08 23:00:00,89.36,100.0,discharge,above_max_power,95.4114891308058,0.0,95.4114891308058,0.0,8525.970668728807,8525.970668728807,0.19266323713096206,0.19266323713096212,83.57886825321746,23.3030075274414,13568805.760064313,6570787.977572995,143,1.5,0.4776726880762713,1.2798038018059716,,0.35305456226764315
2020-01-09 00:00:00,54.72,0.0,idle,sin_restriccion,0.0,0.0,0.0,0.0,0.0,0.0,0.19266323713096206,0.19266323713096212,83.57886825321746,23.3030075274414,13568805.760064313,6570787.977572995,0,0.0,,,,
2020-01-09 01:00:00,36.65,0.0,idle,sin_restriccion,0.0,0.0,0.0,0.0,0.0,0.0,0.19266323713096206,0.19266323713096212,83.57886825321746,23.3030075274414,13568805.760064313,6570787.977572995,0,0.0,,,,
2020-01-09 02:00:00,34.49,0.0,idle,sin_restriccion,0.0,0.0,0.0,0.0,0.0,0.0,0.19266323713096206,0.19266323713096212,83.57886825321746,23.3030075274414,13568805.760064313,6570787.977572995,0,0.0,,,,
2020-01-09 03:00:00,34.49,0.0,idle,sin_restriccion,0.0,0.0,0.0,0.0,0.0,0.0,0.19266323713096206,0.19266323713096212,83.57886825321746,23.3030075274414,13568805.760064313,6570787.977572995,0,0.0,,,,
2020-01-09 04:00:00,35.12,0.0,idle,sin_restriccion,0.0,0.0,0.0,0.0,0.0,0.0,0.19266323713096206,0.19266323713096212,83.57886825321746,23.3030075274414,13568805.760064313,6570787.977572995,0,0.0,,,,
2020-01-09 05:00:00,36.84,0.0,idle,sin_restriccion,0.0,0.0,0.0,0.0,0.0,0.0,0.19266323713096206,0.19266323713096212,83.57886825321746,23.3030075274414,13568805.760064313,6570787.977572995,0,0.0,,,,
2020-01-09 06:00:00,61.97,100.0,discharge,above_max_power,94.21678631529728,0.0,94.21678631529728,0.0,5838.614247958973,5838.614247958973,0.11759497783699964,0.1175949778369997,58.806342686209874,16.17152289451497,9547052.479240086,4559911.337160882,143,1.5,0.4716914701900913,1.2738225839197916,,0.3486337605024489
2020-01-09 07:00:00,72.2,100.0,discharge,above_max_power,92.59317763687231,0.0,92.59317763687231,0.0,6685.2274253821815,6685.2274253821815,0.04252671854303719,0.04252671854303725,34.03381711920227,9.040038261588538,5525299.198415859,2549034.696748768,143,1.5,0.46356295727332963,1.26569407100303,,0.34262586295806186
2020-01-09 08:00:00,35.55,0.0,idle,sin_restriccion,0.0,0.0,0.0,0.0,0.0,0.0,0.04252671854303719,0.04252671854303725,34.03381711920227,9.040038261588538,5525299.198415859,2549034.696748768,0,0.0,,,,
2020-01-09 09:00:00,33.9,0.0,idle,sin_restriccion,0.0,0.0,0.0,0.0,0.0,0.0,0.04252671854303719,0.04252671854303725,34.03381711920227,9.040038261588538,5525299.198415859,2549034.696748768,0,0.0,,,,
2020-01-09 10:00:00,34.27,0.0,idle,sin_restriccion,0.0,0.0,0.0,0.0,0.0,0.0,0.04252671854303719,0.04252671854303725,34.03381711920227,9.040038261588538,5525299.198415859,2549034.696748768,0,0.0,,,,
2020-01-09 11:00:00,34.27,0.0,idle,sin_restriccion,0.0,0.0,0.0,0.0,0.0,0.0,0.04252671854303719,0.04252671854303725,34.03381711920227,9.040038261588538,5525299.198415859,2549034.696748768,0,0.0,,,,
2020-01-09 12:00:00,34.33,0.0,idle,sin_restriccion,0.0,0.0,0.0,0.0,0.0,0.0,0.04252671854303719,0.04252671854303725,34.03381711920227,9.040038261588538,5525299.198415859,2549034.696748768,0,0.0,,,,
2020-01-09 13:00:00,33.9,-100.0,charge,ok,-100.0000011025585,100.0000011025585,0.0,3390.000037376733,0.0,-3390.000037376733,0.061472772792253084,0.06147277279225315,40.28601502144352,10.83991341526405,6540326.8086482715,3056548.5018649744,100,0.5495806738734246,1.6448866234695574,1.2529477437166325,0.6820579454516841,
2020-01-09 14:00:00,33.23,-100.0,charge,ok,-99.99999371875262,99.99999371875262,0.0,3322.999791274149,0.0,-3322.999791274149,0.08037890088070146,0.08037890088070151,46.52503729063147,12.635995583666645,7553215.390087853,3562992.7925847652,100,0.548422509431839,1.6485084066431759,1.2568953294186542,0.6806206539356082,
2020-01-09 15:00:00,34.27,-100.0,charge,ok,-100.0000087020856,100.0000087020856,0.0,3427.0002982204737,0.0,-3427.0002982204737,0.0992511992159901,0.09925119921599015,52.75289574127673,14.428863925519064,8564291.55544054,4068530.8752611084,100,0.5474411875009537,1.6515895312140862,1.2602526530062834,0.679402680948188,
2020-01-09 16:00:00,34.23,0.0,idle,sin_restriccion,0.0,0.0,0.0,0.0,0.0,0.0,0.0992511992159901,0.09925119921599015,52.75289574127673,14.428863925519064,8564291.55544054,4068530.8752611084,0,0.0,,,,
2020-01-09 17:00:00,32.95,-100.0,charge,ok,-99.99999727398938,99.99999727398938,0.0,3294.9999101779504,0.0,-3294.9999101779504,0.11809415145248187,0.11809415145248192,58.971069979319005,16.218944387985783,9573795.514773987,4573282.854927832,100,0.5465899258852007,1.6542708363119856,1.263173658249541,0.678346299005496,
2020-01-09 18:00:00,30.93,-100.0,charge,ok,-99.99999922200628,99.99999922200628,0.0,3092.999975936654,0.0,-3092.999975936654,0.1369112034728864,0.13691120347288646,65.18069714605251,18.006564329924213,10581911.879936442,5077341.0375090595,100,0.5458386212587358,1.6566444524060067,1.2657589115570307,0.677413878004801,
2020-01-09 19:00:00,33.65,-100.0,charge,ok,-99.99999763592302,99.99999763592302,0.0,3364.9999204488095,0.0,-3364.9999204488095,0.15570507992864854,0.15570507992864857,71.382676376454,19.791982593221615,11588786.623086981,5580778.409084329,100,0.5451663523912431,1.6587738573343387,1.2680777562058538,0.6765795684022983,
2020-01-09 20:00:00,36.41,0.0,idle,sin_restriccion,0.0,0.0,0.0,0.0,0.0,0.0,0.15570507992864854,0.15570507992864857,71.382676376454,19.791982593221615,11588786.623086981,5580778.409084329,0,0.0,,,,
2020-01-09 21:00:00,36.41,0.0,idle,sin_restriccion,0.0,0.0,0.0,0.0,0.0,0.0,0.15570507992864854,0.15570507992864857,71.382676376454,19.791982593221615,11588786.623086981,5580778.409084329,0,0.0,,,,
2020-01-09 22:00:00,36.41,0.0,idle,sin_restriccion,0.0,0.0,0.0,0.0,0.0,0.0,0.15570507992864854,0.15570507992864857,71.382676376454,19.791982593221615,11588786.623086981,5580778.409084329,0,0.0,,,,
2020-01-09 23:00:00,38.42,0.0,idle,sin_restriccion,0.0,0.0,0.0,0.0,0.0,0.0,0.15570507992864854,0.15570507992864857,71.382676376454,19.791982593221615,11588786.623086981,5580778.409084329,0,0.0,,,,
2020-01-10 00:00:00,33.3,0.0,idle,sin_restriccion,0.0,0.0,0.0,0.0,0.0,0.0,0.15570507992864854,0.15570507992864857,71.382676376454,19.791982593221615,11588786.623086981,5580778.409084329,0,0.0,,,,
2020-01-10 01:00:00,32.76,0.0,idle,sin_restriccion,0.0,0.0,0.0,0.0,0.0,0.0,0.15570507992864854,0.15570507992864857,71.382676376454,19.791982593221615,11588786.623086981,5580778.409084329,0,0.0,,,,
2020-01-10 02:00:00,32.9,0.0,idle,sin_restriccion,0.0,0.0,0.0,0.0,0.0,0.0,0.15570507992864854,0.15570507992864857,71.382676376454,19.791982593221615,11588786.623086981,5580778.409084329,0,0.0,,,,
2020-01-10 03:00:00,33.62,0.0,idle,sin_restriccion,0.0,0.0,0.0,0.0,0.0,0.0,0.15570507992864854,0.15570507992864857,71.382676376454,19.791982593221615,11588786.623086981,5580778.409084329,0,0.0,,,,
2020-01-10 04:00:00,35.87,0.0,idle,sin_restriccion,0.0,0.0,0.0,0.0,0.0,0.0,0.15570507992864854,0.15570507992864857,71.382676376454,19.791982593221615,11588786.623086981,5580778.409084329,0,0.0,,,,
2020-01-10 05:00:00,35.87,0.0,idle,sin_restriccion,0.0,0.0,0.0,0.0,0.0,0.0,0.15570507992864854,0.15570507992864857,71.382676376454,19.791982593221615,11588786.623086981,5580778.409084329,0,0.0,,,,
2020-01-10 06:00:00,36.18,0.0,idle,sin_restriccion,0.0,0.0,0.0,0.0,0.0,0.0,0.15570507992864854,0.15570507992864857,71.382676376454,19.791982593221615,11588786.623086981,5580778.409084329,0,0.0,,,,
2020-01-10 07:00:00,36.81,0.0,idle,sin_restriccion,0.0,0.0,0.0,0.0,0.0,0.0,0.15570507992864854,0.15570507992864857,71.382676376454,19.791982593221615,11588786.623086981,5580778.409084329,0,0.0,,,,
2020-01-10 08:00:00,32.46,-100.0,charge,ok,-100.00000518529941,100.00000518529941,0.0,3246.000168314819,0.0,-3246.000168314819,0.174477992595647,0.17447799259564706,77.57773755656349,21.575409296586468,12594538.239272386,6083654.217177032,100,0.5445582419633865,1.6607047254428062,1.2701800388343916,0.6758248209684036,
2020-01-10 09:00:00,31.83,-100.0,charge,ok,-100.00000575933602,100.00000575933602,0.0,3183.000183319665,0.0,-3183.000183319665,0.19323176859308594,0.19323176859308597,83.76648363571834,23.35701801634317,13599264.615705213,6586017.405393445,100,0.5440031319856644,1.6624709662811918,1.2721027993817202,0.675135897024457,
2020-01-10 10:00:00,32.58,-100.0,charge,ok,-99.99999031469224,99.99999031469224,0.0,3257.999684452673,0.0,-3257.999684452673,0.21196794254082327,0.21196794254082332,89.94942103847164,25.136954541378213,14603047.969057411,7087909.082069544,100,0.5434925377368927,1.6640984762007989,1.273874315280324,0.6745023274461701,
2020-01-10 11:00:00,33.09,0.0,idle,sin_restriccion,0.0,0.0,0.0,0.0,0.0,0.0,0.21196794254082327,0.21196794254082332,89.94942103847164,25.136954541378213,14603047.969057411,7087909.082069544,0,0.0,,,,
2020-01-10 12:00:00,33.2,0.0,idle,sin_restriccion,0.0,0.0,0.0,0.0,0.0,0.0,0.21196794254082327,0.21196794254082332,89.94942103847164,25.136954541378213,14603047.969057411,7087909.082069544,0,0.0,,,,
2020-01-10 13:00:00,33.12,0.0,idle,sin_restriccion,0.0,0.0,0.0,0.0,0.0,0.0,0.21196794254082327,0.21196794254082332,89.94942103847164,25.136954541378213,14603047.969057411,7087909.082069544,0,0.0,,,,
2020-01-10 14:00:00,33.03,0.0,idle,sin_restriccion,0.0,0.0,0.0,0.0,0.0,0.0,0.21196794254082327,0.21196794254082332,89.94942103847164,25.136954541378213,14603047.969057411,7087909.082069544,0,0.0,,,,
2020-01-10 15:00:00,33.03,0.0,idle,sin_restriccion,0.0,0.0,0.0,0.0,0.0,0.0,0.21196794254082327,0.21196794254082332,89.94942103847164,25.136954541378213,14603047.969057411,7087909.082069544,0,0.0,,,,
2020-01-10 16:00:00,33.03,-100.0,charge,ok,-99.9999958513249,99.9999958513249,0.0,3302.9998629692614,0.0,-3302.9998629692614,0.23068782868249704,0.23068782868249707,96.12698346522401,26.915343724837225,15605958.709429244,7589364.45225546,100,0.5430200666189193,1.6656075399063879,1.2755166653703407,0.6739159290588393,
2020-01-10 17:00:00,32.75,-100.0,charge,ok,-99.99999810579956,99.99999810579956,0.0,3274.9999379649357,0.0,-3274.9999379649357,0.24939255694708887,0.24939255694708892,102.29954379253931,28.692292909973446,16608057.372333739,8090413.783707708,100,0.542580372095108,1.6670142264362071,1.2770474199699149,0.673370230280287,
2020-01-10 18:00:00,31.69,-100.0,charge,ok,-100.00000416411656,100.00000416411656,0.0,3169.000131960854,0.0,-3169.000131960854,0.2680831130173273,0.26808311301732735,108.46742729571797,30.46789573664609,17609396.765346095,8591083.480213886,100,0.5421692699193954,1.6683315718690657,1.2784807901723463,0.6728599905099076,
2020-01-10 19:00:00,35.14,0.0,idle,sin_restriccion,0.0,0.0,0.0,0.0,0.0,0.0,0.2680831130173273,0.26808311301732735,108.46742729571797,30.46789573664609,17609396.765346095,8591083.480213886,0,0.0,,,,
2020-01-10 20:00:00,36.94,100.0,discharge,above_max_power,95.41640914829661,0.0,95.41640914829661,0.0,3524.6821539380767,3524.6821539380767,0.1930148537233648,0.19301485372336485,83.69490172871038,23.336411103719662,13587643.484521868,6580206.8398017725,143,1.5,0.4776973198895008,1.2798284336192012,,0.3530727679851871
2020-01-10 21:00:00,37.41,100.0,discharge,above_max_power,94.2231796401318,0.0,94.2231796401318,0.0,3524.8891503373306,3524.8891503373306,0.11794659442940238,0.11794659442940242,58.92237616170277,16.20492647079323,9565890.20369764,4569330.199389659,143,1.5,0.47172347804037507,1.2738545917700754,,0.34865741795210664
2020-01-10 22:00:00,35.75,0.0,idle,sin_restriccion,0.0,0.0,0.0,0.0,0.0,0.0,0.11794659442940238,0.11794659442940242,58.92237616170277,16.20492647079323,9565890.20369764,4569330.199389659,0,0.0,,,,
2020-01-10 23:00:00,33.13,0.0,idle,sin_restriccion,0.0,0.0,0.0,0.0,0.0,0.0,0.11794659442940238,0.11794659442940242,58.92237616170277,16.20492647079323,9565890.20369764,4569330.199389659,0,0.0,,,,
2020-01-11 00:00:00,33.17,0.0,idle,sin_restriccion,0.0,0.0,0.0,0.0,0.0,0.0,0.11794659442940238,0.11794659442940242,58.92237616170277,16.20492647079323,9565890.20369764,4569330.199389659,0,0.0,,,,
2020-01-11 01:00:00,33.5,0.0,idle,sin_restriccion,0.0,0.0,0.0,0.0,0.0,0.0,0.11794659442940238,0.11794659442940242,58.92237616170277,16.20492647079323,9565890.20369764,4569330.199389659,0,0.0,,,,
2020-01-11 02:00:00,32.84,0.0,idle,sin_restriccion,0.0,0.0,0.0,0.0,0.0,0.0,0.11794659442940238,0.11794659442940242,58.92237616170277,16.20492647079323,9565890.20369764,4569330.199389659,0,0.0,,,,
2020-01-11 03:00:00,33.19,0.0,idle,sin_restriccion,0.0,0.0,0.0,0.0,0.0,0.0,0.11794659442940238,0.11794659442940242,58.92237616170277,16.20492647079323,9565890.20369764,4569330.199389659,0,0.0,,,,
2020-01-11 04:00:00,33.79,100.0,discharge,above_max_power,92.60230440570433,0.0,92.60230440570433,0.0,3129.0318658687493,3129.0318658687493,0.04287833513543992,0.04287833513543999,34.149850594695174,9.073441837866799,5544136.922873413,2558453.5589775452,143,1.5,0.46360864996968265,1.265739763699383,,0.3426596350687821
2020-01-11 05:00:00,33.68,100.0,discharge,inventory_limited,77.00961148738554,0.0,77.00961148738554,0.0,2593.683714895145,2593.683714895145,0.0,6.9534613026513e-17,19.999999999999996,5.000000000000006,3246946.517379281,1409858.3562304792,143,0.8567869204385933,0.6749834113968087,1.2530275928579009,,0.4988896765447261
2020-01-11 06:00:00,33.03,0.0,idle,sin_restriccion,0.0,0.0,0.0,0.0,0.0,0.0,0.0,6.9534613026513e-17,19.999999999999996,5.000000000000006,3246946.517379281,1409858.3562304792,0,0.0,,,,
2020-01-11 07:00:00,32.71,0.0,idle,sin_restriccion,0.0,0.0,0.0,0.0,0.0,0.0,0.0,6.9534613026513e-17,19.999999999999996,5.000000000000006,3246946.517379281,1409858.3562304792,0,0.0,,,,
2020-01-11 08:00:00,32.18,0.0,idle,sin_restriccion,0.0,0.0,0.0,0.0,0.0,0.0,0.0,6.9534613026513e-17,19.999999999999996,5.000000000000006,3246946.517379281,1409858.3562304792,0,0.0,,,,
2020-01-11 09:00:00,31.94,0.0,idle,sin_restriccion,0.0,0.0,0.0,0.0,0.0,0.0,0.0,6.9534613026513e-17,19.999999999999996,5.000000000000006,3246946.517379281,1409858.3562304792,0,0.0,,,,
2020-01-11 10:00:00,31.98,0.0,idle,sin_restriccion,0.0,0.0,0.0,0.0,0.0,0.0,0.0,6.9534613026513e-17,19.999999999999996,5.000000000000006,3246946.517379281,1409858.3562304792,0,0.0,,,,
2020-01-11 11:00:00,32.65,0.0,idle,sin_restriccion,0.0,0.0,0.0,0.0,0.0,0.0,0.0,6.9534613026513e-17,19.999999999999996,5.000000000000006,3246946.517379281,1409858.3562304792,0,0.0,,,,
2020-01-11 12:00:00,32.65,0.0,idle,sin_restriccion,0.0,0.0,0.0,0.0,0.0,0.0,0.0,6.9534613026513e-17,19.999999999999996,5.000000000000006,3246946.517379281,1409858.3562304792,0,0.0,,,,
2020-01-11 13:00:00,30.41,-100.0,charge,ok,-99.99999785310169,99.99999785310169,0.0,3040.9999347128223,0.0,-3040.9999347128223,0.019074487506696124,0.019074487506696193,26.29458087720972,6.812076313136139,4268854.890260197,1920812.5426709373,100,0.5533062219619752,1.6333385534091622,1.2403528795274816,0.6866815649834151,
2020-01-11 14:00:00,31.74,-100.0,charge,ok,-100.00000559707935,100.00000559707935,0.0,3174.0001776512986,0.0,-3174.0001776512986,0.03808232523084349,0.03808232523084355,32.56716732617834,8.617820896930137,5287192.526532155,2429981.3608069164,100,0.5513728678226469,1.6393119897393094,1.2468693095945675,0.684282119769492,
2020-01-11 15:00:00,31.94,-100.0,charge,ok,-99.99999359668428,99.99999359668428,0.0,3193.999795478096,0.0,-3193.999795478096,0.057038863377861404,0.057038863377861466,38.82282491469426,10.41869202089684,6302781.807579606,2937776.0013306416,100,0.5498847872018815,1.6439379748847116,1.2519135755856095,0.6824354169911391,
2020-01-11 16:00:00,32.4,0.0,idle,sin_restriccion,0.0,0.0,0.0,0.0,0.0,0.0,0.057038863377861404,0.057038863377861466,38.82282491469426,10.41869202089684,6302781.807579606,2937776.0013306416,0,0.0,,,,
2020-01-11 17:00:00,32.65,-100.0,charge,ok,-100.00000107530116,100.00000107530116,0.0,3265.000035108583,0.0,-3265.000035108583,0.07595372237145429,0.07595372237145434,45.06472838257991,12.215603625288164,7316138.143923054,3444454.169502366,100,0.548675772547722,1.6477152009364002,1.2560308627338397,0.6809349164472426,
2020-01-11 18:00:00,31.08,-100.0,charge,ok,-99.99999951944011,99.99999951944011,0.0,3107.9999850641984,0.0,-3107.9999850641984,0.09483349346401439,0.09483349346401444,51.295052843124736,14.009181879081373,8327614.659388504,3950192.4272350906,100,0.5476579546928406,1.6509078809928823,1.2595099809499908,0.6796717625983931,
2020-01-11 19:00:00,31.43,-100.0,charge,ok,-100.00000133921736,100.00000133921736,0.0,3143.0000420916017,0.0,-3143.0000420916017,0.1136829788537132,0.11368297885371326,57.51538302172535,15.79988299110276,9337468.629906328,4455119.412494003,100,0.5467794373631478,1.6536732165610166,1.2625226667808829,0.6785814649414762,
2020-01-11 20:00:00,32.83,0.0,idle,sin_restriccion,0.0,0.0,0.0,0.0,0.0,0.0,0.1136829788537132,0.11368297885371326,57.51538302172535,15.79988299110276,9337468.629906328,4455119.412494003,0,0.0,,,,
2020-01-11 21:00:00,33.08,0.0,idle,sin_restriccion,0.0,0.0,0.0,0.0,0.0,0.0,0.1136829788537132,0.11368297885371326,57.51538302172535,15.79988299110276,9337468.629906328,4455119.412494003,0,0.0,,,,
2020-01-11 22:00:00,33.14,0.0,idle,sin_restriccion,0.0,0.0,0.0,0.0,0.0,0.0,0.1136829788537132,0.11368297885371326,57.51538302172535,15.79988299110276,9337468.629906328,4455119.412494003,0,0.0,,,,
2020-01-11 23:00:00,32.84,0.0,idle,sin_restriccion,0.0,0.0,0.0,0.0,0.0,0.0,0.1136829788537132,0.11368297885371326,57.51538302172535,15.79988299110276,9337468.629906328,4455119.412494003,0,0.0,,,,
2020-01-12 00:00:00,32.64,0.0,idle,sin_restriccion,0.0,0.0,0.0,0.0,0.0,0.0,0.1136829788537132,0.11368297885371326,57.51538302172535,15.79988299110276,9337468.629906328,4455119.412494003,0,0.0,,,,
2020-01-12 01:00:00,31.8,0.0,idle,sin_restriccion,0.0,0.0,0.0,0.0,0.0,0.0,0.1136829788537132,0.11368297885371326,57.51538302172535,15.79988299110276,9337468.629906328,4455119.412494003,0,0.0,,,,
2020-01-12 02:00:00,31.24,0.0,idle,sin_restriccion,0.0,0.0,0.0,0.0,0.0,0.0,0.1136829788537132,0.11368297885371326,57.51538302172535,15.79988299110276,9337468.629906328,4455119.412494003,0,0.0,,,,
2020-01-12 03:00:00,31.24,0.0,idle,sin_restriccion,0.0,0.0,0.0,0.0,0.0,0.0,0.1136829788537132,0.11368297885371326,57.51538302172535,15.79988299110276,9337468.629906328,4455119.412494003,0,0.0,,,,
2020-01-12 04:00:00,31.24,0.0,idle,sin_restriccion,0.0,0.0,0.0,0.0,0.0,0.0,0.1136829788537132,0.11368297885371326,57.51538302172535,15.79988299110276,9337468.629906328,4455119.412494003,0,0.0,,,,
2020-01-12 05:00:00,31.25,0.0,idle,sin_restriccion,0.0,0.0,0.0,0.0,0.0,0.0,0.1136829788537132,0.11368297885371326,57.51538302172535,15.79988299110276,9337468.629906328,4455119.412494003,0,0.0,,,,
2020-01-12 06:00:00,30.87,0.0,idle,sin_restriccion,0.0,0.0,0.0,0.0,0.0,0.0,0.1136829788537132,0.11368297885371326,57.51538302172535,15.79988299110276,9337468.629906328,4455119.412494003,0,0.0,,,,
2020-01-12 07:00:00,29.53,0.0,idle,sin_restriccion,0.0,0.0,0.0,0.0,0.0,0.0,0.1136829788537132,0.11368297885371326,57.51538302172535,15.79988299110276,9337468.629906328,4455119.412494003,0,0.0,,,,
2020-01-12 08:00:00,27.04,-100.0,charge,ok,-99.9999999314152,99.9999999314152,0.0,2703.999998145467,0.0,-2703.999998145467,0.1325058307755389,0.13250583077553896,63.72692415592783,17.5880539236762,10345895.722569173,4959332.958825425,100,0.5460068628191947,1.6561123746759954,1.2651794345759404,0.6776226696504707,
2020-01-12 09:00:00,25.89,-100.0,charge,ok,-99.99999291007848,99.99999291007848,0.0,2588.9998164419317,0.0,-2588.9998164419317,0.15130492013060945,0.15130492013060948,69.93062364310111,19.373967412407904,11353049.744806418,5462909.969944048,100,0.5453175663948058,1.658294342977182,1.2675556255427303,0.6767672647648066,
2020-01-12 10:00:00,28.33,-100.0,charge,ok,-99.9999920499823,99.9999920499823,0.0,2832.9997747759985,0.0,-2832.9997747759985,0.17008256487607307,0.17008256487607312,76.1272464091041,21.15784366322695,12359054.88028575,5965912.537683713,100,0.5446955084800722,1.6602683031632115,1.269704919290942,0.6759952645784344,
2020-01-12 11:00:00,28.33,0.0,idle,sin_restriccion,0.0,0.0,0.0,0.0,0.0,0.0,0.17008256487607307,0.17008256487607312,76.1272464091041,21.15784366322695,12359054.88028575,5965912.537683713,0,0.0,,,,
2020-01-12 12:00:00,30.48,0.0,idle,sin_restriccion,0.0,0.0,0.0,0.0,0.0,0.0,0.17008256487607307,0.17008256487607312,76.1272464091041,21.15784366322695,12359054.88028575,5965912.537683713,0,0.0,,,,
2020-01-12 13:00:00,30.68,0.0,idle,sin_restriccion,0.0,0.0,0.0,0.0,0.0,0.0,0.17008256487607307,0.17008256487607312,76.1272464091041,21.15784366322695,12359054.88028575,5965912.537683713,0,0.0,,,,
2020-01-12 14:00:00,30.68,0.0,idle,sin_restriccion,0.0,0.0,0.0,0.0,0.0,0.0,0.17008256487607307,0.17008256487607312,76.1272464091041,21.15784366322695,12359054.88028575,5965912.537683713,0,0.0,,,,
2020-01-12 15:00:00,28.07,0.0,idle,sin_restriccion,0.0,0.0,0.0,0.0,0.0,0.0,0.17008256487607307,0.17008256487607312,76.1272464091041,21.15784366322695,12359054.88028575,5965912.537683713,0,0.0,,,,
2020-01-12 16:00:00,25.08,-100.0,charge,ok,-100.00000795737384,100.00000795737384,0.0,2508.000199570936,0.0,-2508.000199570936,0.1888406762747816,0.18884067627478163,82.3174231706779,22.939864246104257,13364013.52418346,6468391.859632568,100,0.5441288918256759,1.6620705500481987,1.2716669199332822,0.6752919566180005,
2020-01-12 17:00:00,25.08,-100.0,charge,ok,-99.99999926397184,99.99999926397184,0.0,2507.9999815404135,0.0,-2507.9999815404135,0.2075808490491982,0.20758084904919824,88.5016801862354,24.720180659673836,14368011.1131456,6970390.654113638,100,0.5436085343360899,1.6637285650899643,1.2734716857478225,0.674646224844585,
2020-01-12 18:00:00,27.93,-100.0,charge,ok,-100.00000975432117,100.00000975432117,0.0,2793.00027243819,0.0,-2793.00027243819,0.22630444552504542,0.22630444552504547,94.68046702326497,26.49892232487932,15371120.633251704,7471945.414166691,100,0.5431276947259902,1.6652638100403192,1.2751425703443053,0.6740494073815548,
2020-01-12 19:00:00,31.94,0.0,idle,sin_restriccion,0.0,0.0,0.0,0.0,0.0,0.0,0.22630444552504542,0.22630444552504547,94.68046702326497,26.49892232487932,15371120.633251704,7471945.414166691,0,0.0,,,,
2020-01-12 20:00:00,32.79,0.0,idle,sin_restriccion,0.0,0.0,0.0,0.0,0.0,0.0,0.22630444552504542,0.22630444552504547,94.68046702326497,26.49892232487932,15371120.633251704,7471945.414166691,0,0.0,,,,
2020-01-12 21:00:00,32.84,100.0,discharge,above_max_power,94.79114500887609,0.0,94.79114500887609,0.0,3112.941202091491,3112.941202091491,0.15123618623108295,0.151236186231083,69.90794145625736,19.367437691952887,11349367.352427477,5461068.773754577,143,1.5,0.47456696729826053,1.276698081027961,,0.35075908061843697
2020-01-12 22:00:00,32.84,100.0,discharge,above_max_power,93.39281587623084,0.0,93.39281587623084,0.0,3067.0200733754214,3067.0200733754214,0.07616792693712052,0.07616792693712057,45.135415889249764,12.235953059026455,7327614.07160325,3450192.1333424635,143,1.5,0.467566304781713,1.2696974185114134,,0.3455847930737228
2020-01-12 23:00:00,32.84,0.0,idle,sin_restriccion,0.0,0.0,0.0,0.0,0.0,0.0,0.07616792693712052,0.07616792693712057,45.135415889249764,12.235953059026455,7327614.07160325,3450192.1333424635,0,0.0,,,,
2020-01-13 00:00:00,32.93,0.0,idle,sin_restriccion,0.0,0.0,0.0,0.0,0.0,0.0,0.07616792693712052,0.07616792693712057,45.135415889249764,12.235953059026455,7327614.07160325,3450192.1333424635,0,0.0,,,,
2020-01-13 01:00:00,32.64,0.0,idle,sin_restriccion,0.0,0.0,0.0,0.0,0.0,0.0,0.07616792693712052,0.07616792693712057,45.135415889249764,12.235953059026455,7327614.07160325,3450192.1333424635,0,0.0,,,,
2020-01-13 02:00:00,32.24,-100.0,charge,ok,-99.99999353267698,99.99999353267698,0.0,3223.999791493506,0.0,-3223.999791493506,0.09504732940036749,0.09504732940036754,51.36561870212127,14.029496293034917,8339070.837894236,3955920.5164879565,100,0.5476472616195679,1.6509413831446338,1.2595464931425064,0.6796585326326035,
2020-01-13 03:00:00,32.09,-100.0,charge,ok,-99.9999902256595,99.9999902256595,0.0,3208.999686341414,0.0,-3208.999686341414,0.11389649223941732,0.11389649223941738,57.585842439007706,15.820166762744652,9348907.527884405,4460838.861483041,100,0.5467700809240341,1.6537025240127823,1.2625546091504467,0.6785699285315289,
2020-01-13 04:00:00,32.09,-100.0,charge,ok,-100.00000999894787,100.00000999894787,0.0,3209.0003208662374,0.0,-3209.0003208662374,0.1327190616789976,0.13271906167899766,63.797290354069204,17.60831085950478,10357319.48666899,4965044.840875334,100,0.5459986686706544,1.6561384561411379,1.2652078245147893,0.6776124320707769,
2020-01-13 05:00:00,32.46,-100.0,charge,ok,-100.00000886912319,100.00000886912319,0.0,3246.000287891739,0.0,-3246.000287891739,0.15151789860312548,0.1515178986031255,70.00090653903139,19.39420036729692,11364459.985015027,5468615.090048352,100,0.5453102439641953,1.6583178288890636,1.2675811750457302,0.6767580692460955,
2020-01-13 06:00:00,33.34,-100.0,charge,ok,-99.99999840899937,99.99999840899937,0.0,3333.9999469560394,0.0,-3333.9999469560394,0.17029531295526842,0.17029531295526848,76.19745327523856,21.1780547307505,12370452.777260318,5971611.486170998,100,0.5446888253092768,1.6602896453764218,1.2697281455184508,0.6759869274321023,
2020-01-13 07:00:00,32.89,-100.0,charge,ok,-100.00000460992838,100.00000460992838,0.0,3289.0001516205443,0.0,-3289.0001516205443,0.18905321199143782,0.18905321199143788,82.38755995717449,22.9600551391866,13375400.04391622,6474085.119498949,100,0.5441227316856385,1.662090103349268,1.2716882102905145,0.6752843341719749,
2020-01-13 08:00:00,32.92,0.0,idle,sin_restriccion,0.0,0.0,0.0,0.0,0.0,0.0,0.18905321199143782,0.18905321199143788,82.38755995717449,22.9600551391866,13375400.04391622,6474085.119498949,0,0.0,,,,
2020-01-13 09:00:00,33.22,0.0,idle,sin_restriccion,0.0,0.0,0.0,0.0,0.0,0.0,0.18905321199143782,0.18905321199143788,82.38755995717449,22.9600551391866,13375400.04391622,6474085.119498949,0,0.0,,,,
2020-01-13 10:00:00,34.05,0.0,idle,sin_restriccion,0.0,0.0,0.0,0.0,0.0,0.0,0.18905321199143782,0.18905321199143788,82.38755995717449,22.9600551391866,13375400.04391622,6474085.119498949,0,0.0,,,,
2020-01-13 11:00:00,34.25,0.0,idle,sin_restriccion,0.0,0.0,0.0,0.0,0.0,0.0,0.18905321199143782,0.18905321199143788,82.38755995717449,22.9600551391866,13375400.04391622,6474085.119498949,0,0.0,,,,
2020-01-13 12:00:00,34.41,0.0,idle,sin_restriccion,0.0,0.0,0.0,0.0,0.0,0.0,0.18905321199143782,0.18905321199143788,82.38755995717449,22.9600551391866,13375400.04391622,6474085.119498949,0,0.0,,,,
2020-01-13 13:00:00,34.05,0.0,idle,sin_restriccion,0.0,0.0,0.0,0.0,0.0,0.0,0.18905321199143782,0.18905321199143788,82.38755995717449,22.9600551391866,13375400.04391622,6474085.119498949,0,0.0,,,,
2020-01-13 14:00:00,34.25,0.0,idle,sin_restriccion,0.0,0.0,0.0,0.0,0.0,0.0,0.18905321199143782,0.18905321199143788,82.38755995717449,22.9600551391866,13375400.04391622,6474085.119498949,0,0.0,,,,
2020-01-13 15:00:00,35.09,0.0,idle,sin_restriccion,0.0,0.0,0.0,0.0,0.0,0.0,0.18905321199143782,0.18905321199143788,82.38755995717449,22.9600551391866,13375400.04391622,6474085.119498949,0,0.0,,,,
2020-01-13 16:00:00,35.37,0.0,idle,sin_restriccion,0.0,0.0,0.0,0.0,0.0,0.0,0.18905321199143782,0.18905321199143788,82.38755995717449,22.9600551391866,13375400.04391622,6474085.119498949,0,0.0,,,,
2020-01-13 17:00:00,34.03,0.0,idle,sin_restriccion,0.0,0.0,0.0,0.0,0.0,0.0,0.18905321199143782,0.18905321199143788,82.38755995717449,22.9600551391866,13375400.04391622,6474085.119498949,0,0.0,,,,
2020-01-13 18:00:00,33.9,0.0,idle,sin_restriccion,0.0,0.0,0.0,0.0,0.0,0.0,0.18905321199143782,0.18905321199143788,82.38755995717449,22.9600551391866,13375400.04391622,6474085.119498949,0,0.0,,,,
2020-01-13 19:00:00,34.11,0.0,idle,sin_restriccion,0.0,0.0,0.0,0.0,0.0,0.0,0.18905321199143782,0.18905321199143788,82.38755995717449,22.9600551391866,13375400.04391622,6474085.119498949,0,0.0,,,,
2020-01-13 20:00:00,37.33,0.0,idle,sin_restriccion,0.0,0.0,0.0,0.0,0.0,0.0,0.18905321199143782,0.18905321199143788,82.38755995717449,22.9600551391866,13375400.04391622,6474085.119498949,0,0.0,,,,
2020-01-13 21:00:00,37.92,100.0,discharge,above_max_power,94.15062248518258,0.0,94.15062248518258,0.0,3570.1916046381234,3570.1916046381234,0.1139849526974754,0.11398495269747545,57.61503439016687,15.828570506260167,9353646.763091993,4463208.479086835,143,1.5,0.47136022439493364,1.273491338124634,,0.3483889321039834
2020-01-13 22:00:00,37.92,100.0,discharge,above_max_power,92.49840094024103,0.0,92.49840094024103,0.0,3507.5393636539397,3507.5393636539397,0.03891669340351295,0.03891669340351301,32.842508823159264,8.697085873333734,5331893.482267765,2452331.8386747213,143,1.5,0.46308846264108683,1.2652195763707872,,0.3422751573412943
2020-01-13 23:00:00,33.89,0.0,idle,sin_restriccion,0.0,0.0,0.0,0.0,0.0,0.0,0.03891669340351295,0.03891669340351301,32.842508823159264,8.697085873333734,5331893.482267765,2452331.8386747213,0,0.0,,,,
2020-01-14 00:00:00,32.91,0.0,idle,sin_restriccion,0.0,0.0,0.0,0.0,0.0,0.0,0.03891669340351295,0.03891669340351301,32.842508823159264,8.697085873333734,5331893.482267765,2452331.8386747213,0,0.0,,,,
2020-01-14 01:00:00,32.91,0.0,idle,sin_restriccion,0.0,0.0,0.0,0.0,0.0,0.0,0.03891669340351295,0.03891669340351301,32.842508823159264,8.697085873333734,5331893.482267765,2452331.8386747213,0,0.0,,,,
2020-01-14 02:00:00,32.91,0.0,idle,sin_restriccion,0.0,0.0,0.0,0.0,0.0,0.0,0.03891669340351295,0.03891669340351301,32.842508823159264,8.697085873333734,5331893.482267765,2452331.8386747213,0,0.0,,,,
2020-01-14 03:00:00,32.91,0.0,idle,sin_restriccion,0.0,0.0,0.0,0.0,0.0,0.0,0.03891669340351295,0.03891669340351301,32.842508823159264,8.697085873333734,5331893.482267765,2452331.8386747213,0,0.0,,,,
2020-01-14 04:00:00,33.19,0.0,idle,sin_restriccion,0.0,0.0,0.0,0.0,0.0,0.0,0.03891669340351295,0.03891669340351301,32.842508823159264,8.697085873333734,5331893.482267765,2452331.8386747213,0,0.0,,,,
2020-01-14 05:00:00,34.19,0.0,idle,sin_restriccion,0.0,0.0,0.0,0.0,0.0,0.0,0.03891669340351295,0.03891669340351301,32.842508823159264,8.697085873333734,5331893.482267765,2452331.8386747213,0,0.0,,,,
2020-01-14 06:00:00,34.19,0.0,idle,sin_restriccion,0.0,0.0,0.0,0.0,0.0,0.0,0.03891669340351295,0.03891669340351301,32.842508823159264,8.697085873333734,5331893.482267765,2452331.8386747213,0,0.0,,,,
2020-01-14 07:00:00,33.93,0.0,idle,sin_restriccion,0.0,0.0,0.0,0.0,0.0,0.0,0.03891669340351295,0.03891669340351301,32.842508823159264,8.697085873333734,5331893.482267765,2452331.8386747213,0,0.0,,,,
2020-01-14 08:00:00,32.57,-100.0,charge,ok,-100.00000783409028,100.00000783409028,0.0,3257.0002551563207,0.0,-3257.0002551563207,0.05787122813035083,0.057871228130350894,39.09750528301577,10.497766672383335,6347375.430845305,2960072.8129634913,100,0.5498266726732253,1.6441193952377322,1.2521113373190715,0.682363196709215,
2020-01-14 09:00:00,32.25,-100.0,charge,ok,-100.00000083491537,100.00000083491537,0.0,3225.000026926021,0.0,-3225.000026926021,0.07678442228177412,0.07678442228177418,45.33885935298545,12.294520116768547,7360642.573906259,3466706.384493968,100,0.5486274793744088,1.6478664158768344,1.2561956653099475,0.6808749837665083,
2020-01-14 10:00:00,32.83,-100.0,charge,ok,-99.99999820356622,99.99999820356622,0.0,3282.999941023079,0.0,-3282.999941023079,0.0956627709460064,0.09566277094600646,51.56871441218211,14.08796323987061,8372042.883318072,3972406.5391998747,100,0.5476166933774949,1.6510375377889175,1.259651252664009,0.6796205641212955,
2020-01-14 11:00:00,33.08,0.0,idle,sin_restriccion,0.0,0.0,0.0,0.0,0.0,0.0,0.0956627709460064,0.09566277094600646,51.56871441218211,14.08796323987061,8372042.883318072,3972406.5391998747,0,0.0,,,,
2020-01-14 12:00:00,33.16,0.0,idle,sin_restriccion,0.0,0.0,0.0,0.0,0.0,0.0,0.0956627709460064,0.09566277094600646,51.56871441218211,14.08796323987061,8372042.883318072,3972406.5391998747,0,0.0,,,,
2020-01-14 13:00:00,33.16,0.0,idle,sin_restriccion,0.0,0.0,0.0,0.0,0.0,0.0,0.0956627709460064,0.09566277094600646,51.56871441218211,14.08796323987061,8372042.883318072,3972406.5391998747,0,0.0,,,,
2020-01-14 14:00:00,33.16,0.0,idle,sin_restriccion,0.0,0.0,0.0,0.0,0.0,0.0,0.0956627709460064,0.09566277094600646,51.56871441218211,14.08796323987061,8372042.883318072,3972406.5391998747,0,0.0,,,,
2020-01-14 15:00:00,33.16,0.0,idle,sin_restriccion,0.0,0.0,0.0,0.0,0.0,0.0,0.0956627709460064,0.09566277094600646,51.56871441218211,14.08796323987061,8372042.883318072,3972406.5391998747,0,0.0,,,,
2020-01-14 16:00:00,33.16,0.0,idle,sin_restriccion,0.0,0.0,0.0,0.0,0.0,0.0,0.0956627709460064,0.09566277094600646,51.56871441218211,14.08796323987061,8372042.883318072,3972406.5391998747,0,0.0,,,,
2020-01-14 17:00:00,33.16,-100.0,charge,ok,-100.00000570352181,100.00000570352181,0.0,3316.000189128783,0.0,-3316.000189128783,0.11451101621861376,0.11451101621861381,57.788635352142535,15.878546540768312,9381830.415037021,4477300.305059349,100,0.5467434644699097,1.6537867128747654,1.2626462936832075,0.6785367911133715,
2020-01-14 18:00:00,32.13,-100.0,charge,ok,-100.00000205103731,100.00000205103731,0.0,3213.000065899829,0.0,-3213.000065899829,0.1333327682627606,0.13333276826276066,63.99981352671099,17.66661298496226,10390198.582173884,4981484.388627781,100,0.5459749579429627,1.6562132901824054,1.2652893384472645,0.6775830596918052,
2020-01-14 19:00:00,32.33,-100.0,charge,ok,-100.0000064409831,100.0000064409831,0.0,3233.0002082369833,0.0,-3233.0002082369833,0.15213087193510258,0.1521308719351026,70.20318773858384,19.452432833834745,11397299.796835933,5485034.995958805,100,0.5452889740467071,1.65838521015828,1.2676545505980568,0.6767316886161365,
2020-01-14 20:00:00,44.47,0.0,idle,sin_restriccion,0.0,0.0,0.0,0.0,0.0,0.0,0.15213087193510258,0.1521308719351026,70.20318773858384,19.452432833834745,11397299.796835933,5485034.995958805,0,0.0,,,,
2020-01-14 21:00:00,48.22,100.0,discharge,above_max_power,93.41227932803116,0.0,93.41227932803116,0.0,4504.340109197662,4504.340109197662,0.07706261264114012,0.07706261264114019,45.43066217157623,12.320948200908317,7375546.516011706,3474158.3555466915,143,1.5,0.46766374754699636,1.2697948612766967,,0.34565681438392537
2020-01-14 22:00:00,48.22,100.0,discharge,above_max_power,91.39558147934521,0.0,91.39558147934521,0.0,4407.094938934026,4407.094938934026,0.001994353347177682,0.0019943533471777513,20.658136604568636,5.1894635679818855,3353793.235187479,1463281.715134578,143,1.5,0.4575672540199037,1.259698367749604,,0.3381943548554111
2020-01-14 23:00:00,48.22,0.0,idle,sin_restriccion,0.0,0.0,0.0,0.0,0.0,0.0,0.001994353347177682,0.0019943533471777513,20.658136604568636,5.1894635679818855,3353793.235187479,1463281.715134578,0,0.0,,,,
2020-01-15 00:00:00,37.26,0.0,idle,sin_restriccion,0.0,0.0,0.0,0.0,0.0,0.0,0.001994353347177682,0.0019943533471777513,20.658136604568636,5.1894635679818855,3353793.235187479,1463281.715134578,0,0.0,,,,
2020-01-15 01:00:00,33.09,-100.0,charge,ok,-99.99999911128229,99.99999911128229,0.0,3308.9999705923315,0.0,-3308.9999705923315,0.021060885272338955,0.02106088527233902,26.950092139871852,7.000784100872206,4375275.390830383,1974022.79295603,100,0.553075449168682,1.6340493771425781,1.241128490649362,0.6863951554059212,
2020-01-15 02:00:00,32.66,-100.0,charge,ok,-100.00000232524664,100.00000232524664,0.0,3266.0000759425548,0.0,-3266.0000759425548,0.04006278485907276,0.040062784859072824,33.22071900349401,8.805964561611917,5393294.893661529,2483032.544371603,100,0.5512006163597105,1.6398461560908375,1.2474518782855357,0.68406836921614,
2020-01-15 03:00:00,32.84,-100.0,charge,ok,-99.99999599485703,99.99999599485703,0.0,3283.9998684711054,0.0,-3283.9998684711054,0.05901459092762548,0.059014590927625545,39.47481500611641,10.606386138124426,6408630.655415053,2990700.425248365,100,0.549747520685196,1.644366015990798,1.2523802157731438,0.6822650457935882,
2020-01-15 04:00:00,33.52,0.0,idle,sin_restriccion,0.0,0.0,0.0,0.0,0.0,0.0,0.05901459092762548,0.059014590927625545,39.47481500611641,10.606386138124426,6408630.655415053,2990700.425248365,0,0.0,,,,
2020-01-15 05:00:00,35.69,0.0,idle,sin_restriccion,0.0,0.0,0.0,0.0,0.0,0.0,0.05901459092762548,0.059014590927625545,39.47481500611641,10.606386138124426,6408630.655415053,2990700.425248365,0,0.0,,,,
2020-01-15 06:00:00,41.17,0.0,idle,sin_restriccion,0.0,0.0,0.0,0.0,0.0,0.0,0.05901459092762548,0.059014590927625545,39.47481500611641,10.606386138124426,6408630.655415053,2990700.425248365,0,0.0,,,,
2020-01-15 07:00:00,39.75,0.0,idle,sin_restriccion,0.0,0.0,0.0,0.0,0.0,0.0,0.05901459092762548,0.059014590927625545,39.47481500611641,10.606386138124426,6408630.655415053,2990700.425248365,0,0.0,,,,
2020-01-15 08:00:00,32.91,0.0,idle,sin_restriccion,0.0,0.0,0.0,0.0,0.0,0.0,0.05901459092762548,0.059014590927625545,39.47481500611641,10.606386138124426,6408630.655415053,2990700.425248365,0,0.0,,,,
2020-01-15 09:00:00,32.91,0.0,idle,sin_restriccion,0.0,0.0,0.0,0.0,0.0,0.0,0.05901459092762548,0.059014590927625545,39.47481500611641,10.606386138124426,6408630.655415053,2990700.425248365,0,0.0,,,,
2020-01-15 10:00:00,32.91,0.0,idle,sin_restriccion,0.0,0.0,0.0,0.0,0.0,0.0,0.05901459092762548,0.059014590927625545,39.47481500611641,10.606386138124426,6408630.655415053,2990700.425248365,0,0.0,,,,
2020-01-15 11:00:00,32.91,0.0,idle,sin_restriccion,0.0,0.0,0.0,0.0,0.0,0.0,0.05901459092762548,0.059014590927625545,39.47481500611641,10.606386138124426,6408630.655415053,2990700.425248365,0,0.0,,,,
2020-01-15 12:00:00,32.9,0.0,idle,sin_restriccion,0.0,0.0,0.0,0.0,0.0,0.0,0.05901459092762548,0.059014590927625545,39.47481500611641,10.606386138124426,6408630.655415053,2990700.425248365,0,0.0,,,,
2020-01-15 13:00:00,32.84,0.0,idle,sin_restriccion,0.0,0.0,0.0,0.0,0.0,0.0,0.05901459092762548,0.059014590927625545,39.47481500611641,10.606386138124426,6408630.655415053,2990700.425248365,0,0.0,,,,
2020-01-15 14:00:00,32.9,0.0,idle,sin_restriccion,0.0,0.0,0.0,0.0,0.0,0.0,0.05901459092762548,0.059014590927625545,39.47481500611641,10.606386138124426,6408630.655415053,2990700.425248365,0,0.0,,,,
2020-01-15 15:00:00,32.91,0.0,idle,sin_restriccion,0.0,0.0,0.0,0.0,0.0,0.0,0.05901459092762548,0.059014590927625545,39.47481500611641,10.606386138124426,6408630.655415053,2990700.425248365,0,0.0,,,,
2020-01-15 16:00:00,32.91,0.0,idle,sin_restriccion,0.0,0.0,0.0,0.0,0.0,0.0,0.05901459092762548,0.059014590927625545,39.47481500611641,10.606386138124426,6408630.655415053,2990700.425248365,0,0.0,,,,
2020-01-15 17:00:00,32.7,-100.0,charge,ok,-100.00000702501656,100.00000702501656,0.0,3270.0002297180417,0.0,-3270.0002297180417,0.07792551921082518,0.07792551921082523,45.7154213395723,12.402924325028398,7421776.405452538,3497273.300267108,100,0.5485617518424988,1.648072375809442,1.25642011867539,0.6807933703693416,
2020-01-15 18:00:00,32.66,-100.0,charge,ok,-99.99999665477297,99.99999665477297,0.0,3265.999890744885,0.0,-3265.999890744885,0.09680192856432321,0.09680192856432326,51.944636426226644,14.19618321361071,8433072.817033479,4002921.506057578,100,0.5475604385137558,1.6512143450112482,1.2598438958139448,0.6795507594584446,
2020-01-15 19:00:00,32.54,-100.0,charge,ok,-99.99999718272696,99.99999718272696,0.0,3253.999908325935,0.0,-3253.999908325935,0.11564847894345828,0.11564847894345834,58.16399805134123,15.986605499628542,9442769.545482885,4507769.870282281,100,0.5466942995786668,1.6539416050221694,1.2628150318029072,0.6784758327633795,
2020-01-15 20:00:00,34.13,0.0,idle,sin_restriccion,0.0,0.0,0.0,0.0,0.0,0.0,0.11564847894345828,0.11564847894345834,58.16399805134123,15.986605499628542,9442769.545482885,4507769.870282281,0,0.0,,,,
2020-01-15 21:00:00,44.5,100.0,discharge,above_max_power,92.54231976731158,0.0,92.54231976731158,0.0,4118.133229645366,4118.133229645366,0.04058021964949584,0.0405802196494959,33.39147248433362,8.855120866702109,5421016.264658658,2496893.2298701676,143,1.5,0.4633083399784502,1.2654394537081506,,0.3424376717555222
2020-01-15 22:00:00,44.74,100.0,discharge,inventory_limited,74.21343404343183,0.0,74.21343404343183,0.0,3320.30903910314,3320.30903910314,0.0,6.9534613026513e-17,19.999999999999996,5.000000000000006,3246946.517379281,1409858.3562304792,143,0.8108664040800453,0.68731245844525,1.252500576660766,,0.5080022475949879
2020-01-15 23:00:00,34.23,0.0,idle,sin_restriccion,0.0,0.0,0.0,0.0,0.0,0.0,0.0,6.9534613026513e-17,19.999999999999996,5.000000000000006,3246946.517379281,1409858.3562304792,0,0.0,,,,
2020-01-16 00:00:00,36.42,0.0,idle,sin_restriccion,0.0,0.0,0.0,0.0,0.0,0.0,0.0,6.9534613026513e-17,19.999999999999996,5.000000000000006,3246946.517379281,1409858.3562304792,0,0.0,,,,
2020-01-16 01:00:00,36.42,0.0,idle,sin_restriccion,0.0,0.0,0.0,0.0,0.0,0.0,0.0,6.9534613026513e-17,19.999999999999996,5.000000000000006,3246946.517379281,1409858.3562304792,0,0.0,,,,
2020-01-16 02:00:00,36.42,0.0,idle,sin_restriccion,0.0,0.0,0.0,0.0,0.0,0.0,0.0,6.9534613026513e-17,19.999999999999996,5.000000000000006,3246946.517379281,1409858.3562304792,0,0.0,,,,
2020-01-16 03:00:00,35.94,0.0,idle,sin_restriccion,0.0,0.0,0.0,0.0,0.0,0.0,0.0,6.9534613026513e-17,19.999999999999996,5.000000000000006,3246946.517379281,1409858.3562304792,0,0.0,,,,
2020-01-16 04:00:00,36.42,0.0,idle,sin_restriccion,0.0,0.0,0.0,0.0,0.0,0.0,0.0,6.9534613026513e-17,19.999999999999996,5.000000000000006,3246946.517379281,1409858.3562304792,0,0.0,,,,
2020-01-16 05:00:00,37.58,0.0,idle,sin_restriccion,0.0,0.0,0.0,0.0,0.0,0.0,0.0,6.9534613026513e-17,19.999999999999996,5.000000000000006,3246946.517379281,1409858.3562304792,0,0.0,,,,
2020-01-16 06:00:00,37.81,0.0,idle,sin_restriccion,0.0,0.0,0.0,0.0,0.0,0.0,0.0,6.9534613026513e-17,19.999999999999996,5.000000000000006,3246946.517379281,1409858.3562304792,0,0.0,,,,
2020-01-16 07:00:00,36.1,-100.0,charge,ok,-99.99999785310169,99.99999785310169,0.0,3609.999922496971,0.0,-3609.999922496971,0.019074487506696124,0.019074487506696193,26.29458087720972,6.812076313136139,4268854.890260197,1920812.5426709373,100,0.5533062219619752,1.6333385534091622,1.2403528795274816,0.6866815649834151,
2020-01-16 08:00:00,34.63,-100.0,charge,ok,-100.00000559707935,100.00000559707935,0.0,3463.0001938268583,0.0,-3463.0001938268583,0.03808232523084349,0.03808232523084355,32.56716732617834,8.617820896930137,5287192.526532155,2429981.3608069164,100,0.5513728678226469,1.6393119897393094,1.2468693095945675,0.684282119769492,
2020-01-16 09:00:00,37.79,-100.0,charge,ok,-99.99999359668428,99.99999359668428,0.0,3778.9997580186987,0.0,-3778.9997580186987,0.057038863377861404,0.057038863377861466,38.82282491469426,10.41869202089684,6302781.807579606,2937776.0013306416,100,0.5498847872018815,1.6439379748847116,1.2519135755856095,0.6824354169911391,
2020-01-16 10:00:00,37.73,0.0,idle,sin_restriccion,0.0,0.0,0.0,0.0,0.0,0.0,0.057038863377861404,0.057038863377861466,38.82282491469426,10.41869202089684,6302781.807579606,2937776.0013306416,0,0.0,,,,
2020-01-16 11:00:00,37.72,0.0,idle,sin_restriccion,0.0,0.0,0.0,0.0,0.0,0.0,0.057038863377861404,0.057038863377861466,38.82282491469426,10.41869202089684,6302781.807579606,2937776.0013306416,0,0.0,,,,
2020-01-16 12:00:00,37.72,0.0,idle,sin_restriccion,0.0,0.0,0.0,0.0,0.0,0.0,0.057038863377861404,0.057038863377861466,38.82282491469426,10.41869202089684,6302781.807579606,2937776.0013306416,0,0.0,,,,
2020-01-16 13:00:00,37.17,0.0,idle,sin_restriccion,0.0,0.0,0.0,0.0,0.0,0.0,0.057038863377861404,0.057038863377861466,38.82282491469426,10.41869202089684,6302781.807579606,2937776.0013306416,0,0.0,,,,
2020-01-16 14:00:00,35.04,-100.0,charge,ok,-100.00000107530116,100.00000107530116,0.0,3504.0000376785524,0.0,-3504.0000376785524,0.07595372237145429,0.07595372237145434,45.06472838257991,12.215603625288164,7316138.143923054,3444454.169502366,100,0.548675772547722,1.6477152009364002,1.2560308627338397,0.6809349164472426,
2020-01-16 15:00:00,35.03,-100.0,charge,ok,-99.99999951944011,99.99999951944011,0.0,3502.999983165987,0.0,-3502.999983165987,0.09483349346401439,0.09483349346401444,51.295052843124736,14.009181879081373,8327614.659388504,3950192.4272350906,100,0.5476579546928406,1.6509078809928823,1.2595099809499908,0.6796717625983931,
2020-01-16 16:00:00,35.03,-100.0,charge,ok,-100.00000133921736,100.00000133921736,0.0,3503.0000469127845,0.0,-3503.0000469127845,0.1136829788537132,0.11368297885371326,57.51538302172535,15.79988299110276,9337468.629906328,4455119.412494003,100,0.5467794373631478,1.6536732165610166,1.2625226667808829,0.6785814649414762,
2020-01-16 17:00:00,36.11,0.0,idle,sin_restriccion,0.0,0.0,0.0,0.0,0.0,0.0,0.1136829788537132,0.11368297885371326,57.51538302172535,15.79988299110276,9337468.629906328,4455119.412494003,0,0.0,,,,
2020-01-16 18:00:00,37.88,0.0,idle,sin_restriccion,0.0,0.0,0.0,0.0,0.0,0.0,0.1136829788537132,0.11368297885371326,57.51538302172535,15.79988299110276,9337468.629906328,4455119.412494003,0,0.0,,,,
2020-01-16 19:00:00,37.93,0.0,idle,sin_restriccion,0.0,0.0,0.0,0.0,0.0,0.0,0.1136829788537132,0.11368297885371326,57.51538302172535,15.79988299110276,9337468.629906328,4455119.412494003,0,0.0,,,,
2020-01-16 20:00:00,41.98,100.0,discharge,above_max_power,92.49038292179802,0.0,92.49038292179802,0.0,3882.7462750570803,3882.7462750570803,0.03861471955975075,0.03861471955975082,32.74285745471774,8.668398358176328,5315715.349082101,2444242.772081889,143,1.5,0.46304832084624004,1.2651794345759404,,0.3422454879794864
2020-01-16 21:00:00,41.09,100.0,discharge,inventory_limited,71.70377603158302,0.0,71.70377603158302,0.0,2946.3081571377465,2946.3081571377465,0.0,6.9534613026513e-17,19.999999999999996,5.000000000000006,3246946.517379281,1409858.3562304792,143,0.7715921467261819,0.6978711153200847,1.2520399615693787,,0.5158062985154872
2020-01-16 22:00:00,36.77,0.0,idle,sin_restriccion,0.0,0.0,0.0,0.0,0.0,0.0,0.0,6.9534613026513e-17,19.999999999999996,5.000000000000006,3246946.517379281,1409858.3562304792,0,0.0,,,,
2020-01-16 23:00:00,36.57,0.0,idle,sin_restriccion,0.0,0.0,0.0,0.0,0.0,0.0,0.0,6.9534613026513e-17,19.999999999999996,5.000000000000006,3246946.517379281,1409858.3562304792,0,0.0,,,,
2020-01-17 00:00:00,36.03,0.0,idle,sin_restriccion,0.0,0.0,0.0,0.0,0.0,0.0,0.0,6.9534613026513e-17,19.999999999999996,5.000000000000006,3246946.517379281,1409858.3562304792,0,0.0,,,,
2020-01-17 01:00:00,35.09,-100.0,charge,ok,-99.99999785310169,99.99999785310169,0.0,3508.9999246653388,0.0,-3508.9999246653388,0.019074487506696124,0.019074487506696193,26.29458087720972,6.812076313136139,4268854.890260197,1920812.5426709373,100,0.5533062219619752,1.6333385534091622,1.2403528795274816,0.6866815649834151,
2020-01-17 02:00:00,35.06,-100.0,charge,ok,-100.00000559707935,100.00000559707935,0.0,3506.0001962336023,0.0,-3506.0001962336023,0.03808232523084349,0.03808232523084355,32.56716732617834,8.617820896930137,5287192.526532155,2429981.3608069164,100,0.5513728678226469,1.6393119897393094,1.2468693095945675,0.684282119769492,
2020-01-17 03:00:00,35.46,-100.0,charge,ok,-99.99999359668428,99.99999359668428,0.0,3545.9997729384245,0.0,-3545.9997729384245,0.057038863377861404,0.057038863377861466,38.82282491469426,10.41869202089684,6302781.807579606,2937776.0013306416,100,0.5498847872018815,1.6439379748847116,1.2519135755856095,0.6824354169911391,
2020-01-17 04:00:00,36.03,0.0,idle,sin_restriccion,0.0,0.0,0.0,0.0,0.0,0.0,0.057038863377861404,0.057038863377861466,38.82282491469426,10.41869202089684,6302781.807579606,2937776.0013306416,0,0.0,,,,
2020-01-17 05:00:00,37.46,0.0,idle,sin_restriccion,0.0,0.0,0.0,0.0,0.0,0.0,0.057038863377861404,0.057038863377861466,38.82282491469426,10.41869202089684,6302781.807579606,2937776.0013306416,0,0.0,,,,
2020-01-17 06:00:00,41.75,0.0,idle,sin_restriccion,0.0,0.0,0.0,0.0,0.0,0.0,0.057038863377861404,0.057038863377861466,38.82282491469426,10.41869202089684,6302781.807579606,2937776.0013306416,0,0.0,,,,
2020-01-17 07:00:00,40.99,0.0,idle,sin_restriccion,0.0,0.0,0.0,0.0,0.0,0.0,0.057038863377861404,0.057038863377861466,38.82282491469426,10.41869202089684,6302781.807579606,2937776.0013306416,0,0.0,,,,
2020-01-17 08:00:00,32.71,-100.0,charge,ok,-100.00000107530116,100.00000107530116,0.0,3271.000035173101,0.0,-3271.000035173101,0.07595372237145429,0.07595372237145434,45.06472838257991,12.215603625288164,7316138.143923054,3444454.169502366,100,0.548675772547722,1.6477152009364002,1.2560308627338397,0.6809349164472426,
2020-01-17 09:00:00,32.7,-100.0,charge,ok,-99.99999951944011,99.99999951944011,0.0,3269.999984285692,0.0,-3269.999984285692,0.09483349346401439,0.09483349346401444,51.295052843124736,14.009181879081373,8327614.659388504,3950192.4272350906,100,0.5476579546928406,1.6509078809928823,1.2595099809499908,0.6796717625983931,
2020-01-17 10:00:00,36.51,-100.0,charge,ok,-100.00000133921736,100.00000133921736,0.0,3651.000048894826,0.0,-3651.000048894826,0.1136829788537132,0.11368297885371326,57.51538302172535,15.79988299110276,9337468.629906328,4455119.412494003,100,0.5467794373631478,1.6536732165610166,1.2625226667808829,0.6785814649414762,
2020-01-17 11:00:00,40.45,0.0,idle,sin_restriccion,0.0,0.0,0.0,0.0,0.0,0.0,0.1136829788537132,0.11368297885371326,57.51538302172535,15.79988299110276,9337468.629906328,4455119.412494003,0,0.0,,,,
2020-01-17 12:00:00,37.97,0.0,idle,sin_restriccion,0.0,0.0,0.0,0.0,0.0,0.0,0.1136829788537132,0.11368297885371326,57.51538302172535,15.79988299110276,9337468.629906328,4455119.412494003,0,0.0,,,,
2020-01-17 13:00:00,36.05,0.0,idle,sin_restriccion,0.0,0.0,0.0,0.0,0.0,0.0,0.1136829788537132,0.11368297885371326,57.51538302172535,15.79988299110276,9337468.629906328,4455119.412494003,0,0.0,,,,
2020-01-17 14:00:00,39.88,0.0,idle,sin_restriccion,0.0,0.0,0.0,0.0,0.0,0.0,0.1136829788537132,0.11368297885371326,57.51538302172535,15.79988299110276,9337468.629906328,4455119.412494003,0,0.0,,,,
2020-01-17 15:00:00,40.45,0.0,idle,sin_restriccion,0.0,0.0,0.0,0.0,0.0,0.0,0.1136829788537132,0.11368297885371326,57.51538302172535,15.79988299110276,9337468.629906328,4455119.412494003,0,0.0,,,,
2020-01-17 16:00:00,38.12,0.0,idle,sin_restriccion,0.0,0.0,0.0,0.0,0.0,0.0,0.1136829788537132,0.11368297885371326,57.51538302172535,15.79988299110276,9337468.629906328,4455119.412494003,0,0.0,,,,
2020-01-17 17:00:00,34.23,0.0,idle,sin_restriccion,0.0,0.0,0.0,0.0,0.0,0.0,0.1136829788537132,0.11368297885371326,57.51538302172535,15.79988299110276,9337468.629906328,4455119.412494003,0,0.0,,,,
2020-01-17 18:00:00,33.33,0.0,idle,sin_restriccion,0.0,0.0,0.0,0.0,0.0,0.0,0.1136829788537132,0.11368297885371326,57.51538302172535,15.79988299110276,9337468.629906328,4455119.412494003,0,0.0,,,,
2020-01-17 19:00:00,38.83,0.0,idle,sin_restriccion,0.0,0.0,0.0,0.0,0.0,0.0,0.1136829788537132,0.11368297885371326,57.51538302172535,15.79988299110276,9337468.629906328,4455119.412494003,0,0.0,,,,
2020-01-17 20:00:00,41.04,0.0,idle,sin_restriccion,0.0,0.0,0.0,0.0,0.0,0.0,0.1136829788537132,0.11368297885371326,57.51538302172535,15.79988299110276,9337468.629906328,4455119.412494003,0,0.0,,,,
2020-01-17 21:00:00,53.06,100.0,discharge,above_max_power,92.49038292179802,0.0,92.49038292179802,0.0,4907.539717830603,4907.539717830603,0.03861471955975075,0.03861471955975082,32.74285745471774,8.668398358176328,5315715.349082101,2444242.772081889,143,1.5,0.46304832084624004,1.2651794345759404,,0.3422454879794864
2020-01-17 22:00:00,53.06,100.0,discharge,inventory_limited,71.70377603158302,0.0,71.70377603158302,0.0,3804.602356235795,3804.602356235795,0.0,6.9534613026513e-17,19.999999999999996,5.000000000000006,3246946.517379281,1409858.3562304792,143,0.7715921467261819,0.6978711153200847,1.2520399615693787,,0.5158062985154872
2020-01-17 23:00:00,52.6,0.0,idle,sin_restriccion,0.0,0.0,0.0,0.0,0.0,0.0,0.0,6.9534613026513e-17,19.999999999999996,5.000000000000006,3246946.517379281,1409858.3562304792,0,0.0,,,,
2020-01-18 00:00:00,50.46,100.0,discharge_block_empty_tank,inventory_limited,0.0,0.0,0.0,0.0,0.0,0.0,0.0,6.9534613026513e-17,19.999999999999996,5.000000000000006,3246946.517379281,1409858.3562304792,0,0.0,,,,
2020-01-18 01:00:00,42.42,100.0,discharge_block_empty_tank,inventory_limited,0.0,0.0,0.0,0.0,0.0,0.0,0.0,6.9534613026513e-17,19.999999999999996,5.000000000000006,3246946.517379281,1409858.3562304792,0,0.0,,,,
2020-01-18 02:00:00,34.83,0.0,idle,sin_restriccion,0.0,0.0,0.0,0.0,0.0,0.0,0.0,6.9534613026513e-17,19.999999999999996,5.000000000000006,3246946.517379281,1409858.3562304792,0,0.0,,,,
2020-01-18 03:00:00,32.68,0.0,idle,sin_restriccion,0.0,0.0,0.0,0.0,0.0,0.0,0.0,6.9534613026513e-17,19.999999999999996,5.000000000000006,3246946.517379281,1409858.3562304792,0,0.0,,,,
2020-01-18 04:00:00,32.68,0.0,idle,sin_restriccion,0.0,0.0,0.0,0.0,0.0,0.0,0.0,6.9534613026513e-17,19.999999999999996,5.000000000000006,3246946.517379281,1409858.3562304792,0,0.0,,,,
2020-01-18 05:00:00,32.68,0.0,idle,sin_restriccion,0.0,0.0,0.0,0.0,0.0,0.0,0.0,6.9534613026513e-17,19.999999999999996,5.000000000000006,3246946.517379281,1409858.3562304792,0,0.0,,,,
2020-01-18 06:00:00,32.19,-100.0,charge,ok,-99.99999785310169,99.99999785310169,0.0,3218.999930891343,0.0,-3218.999930891343,0.019074487506696124,0.019074487506696193,26.29458087720972,6.812076313136139,4268854.890260197,1920812.5426709373,100,0.5533062219619752,1.6333385534091622,1.2403528795274816,0.6866815649834151,
2020-01-18 07:00:00,31.89,-100.0,charge,ok,-100.00000559707935,100.00000559707935,0.0,3189.0001784908604,0.0,-3189.0001784908604,0.03808232523084349,0.03808232523084355,32.56716732617834,8.617820896930137,5287192.526532155,2429981.3608069164,100,0.5513728678226469,1.6393119897393094,1.2468693095945675,0.684282119769492,
2020-01-18 08:00:00,32.5,-100.0,charge,ok,-99.99999359668428,99.99999359668428,0.0,3249.999791892239,0.0,-3249.999791892239,0.057038863377861404,0.057038863377861466,38.82282491469426,10.41869202089684,6302781.807579606,2937776.0013306416,100,0.5498847872018815,1.6439379748847116,1.2519135755856095,0.6824354169911391,
2020-01-18 09:00:00,32.77,0.0,idle,sin_restriccion,0.0,0.0,0.0,0.0,0.0,0.0,0.057038863377861404,0.057038863377861466,38.82282491469426,10.41869202089684,6302781.807579606,2937776.0013306416,0,0.0,,,,
2020-01-18 10:00:00,33.2,0.0,idle,sin_restriccion,0.0,0.0,0.0,0.0,0.0,0.0,0.057038863377861404,0.057038863377861466,38.82282491469426,10.41869202089684,6302781.807579606,2937776.0013306416,0,0.0,,,,
2020-01-18 11:00:00,32.75,0.0,idle,sin_restriccion,0.0,0.0,0.0,0.0,0.0,0.0,0.057038863377861404,0.057038863377861466,38.82282491469426,10.41869202089684,6302781.807579606,2937776.0013306416,0,0.0,,,,
2020-01-18 12:00:00,32.58,0.0,idle,sin_restriccion,0.0,0.0,0.0,0.0,0.0,0.0,0.057038863377861404,0.057038863377861466,38.82282491469426,10.41869202089684,6302781.807579606,2937776.0013306416,0,0.0,,,,
2020-01-18 13:00:00,32.58,0.0,idle,sin_restriccion,0.0,0.0,0.0,0.0,0.0,0.0,0.057038863377861404,0.057038863377861466,38.82282491469426,10.41869202089684,6302781.807579606,2937776.0013306416,0,0.0,,,,
2020-01-18 14:00:00,32.58,0.0,idle,sin_restriccion,0.0,0.0,0.0,0.0,0.0,0.0,0.057038863377861404,0.057038863377861466,38.82282491469426,10.41869202089684,6302781.807579606,2937776.0013306416,0,0.0,,,,
2020-01-18 15:00:00,32.58,0.0,idle,sin_restriccion,0.0,0.0,0.0,0.0,0.0,0.0,0.057038863377861404,0.057038863377861466,38.82282491469426,10.41869202089684,6302781.807579606,2937776.0013306416,0,0.0,,,,
2020-01-18 16:00:00,32.58,-100.0,charge,ok,-100.00000107530116,100.00000107530116,0.0,3258.0000350333116,0.0,-3258.0000350333116,0.07595372237145429,0.07595372237145434,45.06472838257991,12.215603625288164,7316138.143923054,3444454.169502366,100,0.548675772547722,1.6477152009364002,1.2560308627338397,0.6809349164472426,
2020-01-18 17:00:00,32.55,-100.0,charge,ok,-99.99999951944011,99.99999951944011,0.0,3254.9999843577752,0.0,-3254.9999843577752,0.09483349346401439,0.09483349346401444,51.295052843124736,14.009181879081373,8327614.659388504,3950192.4272350906,100,0.5476579546928406,1.6509078809928823,1.2595099809499908,0.6796717625983931,
2020-01-18 18:00:00,31.66,-100.0,charge,ok,-100.00000133921736,100.00000133921736,0.0,3166.0000423996216,0.0,-3166.0000423996216,0.1136829788537132,0.11368297885371326,57.51538302172535,15.79988299110276,9337468.629906328,4455119.412494003,100,0.5467794373631478,1.6536732165610166,1.2625226667808829,0.6785814649414762,
2020-01-18 19:00:00,34.17,0.0,idle,sin_restriccion,0.0,0.0,0.0,0.0,0.0,0.0,0.1136829788537132,0.11368297885371326,57.51538302172535,15.79988299110276,9337468.629906328,4455119.412494003,0,0.0,,,,
2020-01-18 20:00:00,35.58,0.0,idle,sin_restriccion,0.0,0.0,0.0,0.0,0.0,0.0,0.1136829788537132,0.11368297885371326,57.51538302172535,15.79988299110276,9337468.629906328,4455119.412494003,0,0.0,,,,
2020-01-18 21:00:00,35.96,0.0,idle,sin_restriccion,0.0,0.0,0.0,0.0,0.0,0.0,0.1136829788537132,0.11368297885371326,57.51538302172535,15.79988299110276,9337468.629906328,4455119.412494003,0,0.0,,,,
2020-01-18 22:00:00,35.9,0.0,idle,sin_restriccion,0.0,0.0,0.0,0.0,0.0,0.0,0.1136829788537132,0.11368297885371326,57.51538302172535,15.79988299110276,9337468.629906328,4455119.412494003,0,0.0,,,,
2020-01-18 23:00:00,35.84,0.0,idle,sin_restriccion,0.0,0.0,0.0,0.0,0.0,0.0,0.1136829788537132,0.11368297885371326,57.51538302172535,15.79988299110276,9337468.629906328,4455119.412494003,0,0.0,,,,
2020-01-19 00:00:00,35.69,0.0,idle,sin_restriccion,0.0,0.0,0.0,0.0,0.0,0.0,0.1136829788537132,0.11368297885371326,57.51538302172535,15.79988299110276,9337468.629906328,4455119.412494003,0,0.0,,,,
2020-01-19 01:00:00,33.93,0.0,idle,sin_restriccion,0.0,0.0,0.0,0.0,0.0,0.0,0.1136829788537132,0.11368297885371326,57.51538302172535,15.79988299110276,9337468.629906328,4455119.412494003,0,0.0,,,,
2020-01-19 02:00:00,32.67,0.0,idle,sin_restriccion,0.0,0.0,0.0,0.0,0.0,0.0,0.1136829788537132,0.11368297885371326,57.51538302172535,15.79988299110276,9337468.629906328,4455119.412494003,0,0.0,,,,
2020-01-19 03:00:00,32.67,0.0,idle,sin_restriccion,0.0,0.0,0.0,0.0,0.0,0.0,0.1136829788537132,0.11368297885371326,57.51538302172535,15.79988299110276,9337468.629906328,4455119.412494003,0,0.0,,,,
2020-01-19 04:00:00,32.67,0.0,idle,sin_restriccion,0.0,0.0,0.0,0.0,0.0,0.0,0.1136829788537132,0.11368297885371326,57.51538302172535,15.79988299110276,9337468.629906328,4455119.412494003,0,0.0,,,,
2020-01-19 05:00:00,31.12,0.0,idle,sin_restriccion,0.0,0.0,0.0,0.0,0.0,0.0,0.1136829788537132,0.11368297885371326,57.51538302172535,15.79988299110276,9337468.629906328,4455119.412494003,0,0.0,,,,
2020-01-19 06:00:00,29.24,0.0,idle,sin_restriccion,0.0,0.0,0.0,0.0,0.0,0.0,0.1136829788537132,0.11368297885371326,57.51538302172535,15.79988299110276,9337468.629906328,4455119.412494003,0,0.0,,,,
2020-01-19 07:00:00,29.18,0.0,idle,sin_restriccion,0.0,0.0,0.0,0.0,0.0,0.0,0.1136829788537132,0.11368297885371326,57.51538302172535,15.79988299110276,9337468.629906328,4455119.412494003,0,0.0,,,,
2020-01-19 08:00:00,29.11,0.0,idle,sin_restriccion,0.0,0.0,0.0,0.0,0.0,0.0,0.1136829788537132,0.11368297885371326,57.51538302172535,15.79988299110276,9337468.629906328,4455119.412494003,0,0.0,,,,
2020-01-19 09:00:00,18.76,-100.0,charge,ok,-99.9999999314152,99.9999999314152,0.0,1875.9999987133494,0.0,-1875.9999987133494,0.1325058307755389,0.13250583077553896,63.72692415592783,17.5880539236762,10345895.722569173,4959332.958825425,100,0.5460068628191947,1.6561123746759954,1.2651794345759404,0.6776226696504707,
2020-01-19 10:00:00,28.05,-100.0,charge,ok,-99.99999291007848,99.99999291007848,0.0,2804.999801127701,0.0,-2804.999801127701,0.15130492013060945,0.15130492013060948,69.93062364310111,19.373967412407904,11353049.744806418,5462909.969944048,100,0.5453175663948058,1.658294342977182,1.2675556255427303,0.6767672647648066,
2020-01-19 11:00:00,28.98,-100.0,charge,ok,-99.9999920499823,99.9999920499823,0.0,2897.999769608487,0.0,-2897.999769608487,0.17008256487607307,0.17008256487607312,76.1272464091041,21.15784366322695,12359054.88028575,5965912.537683713,100,0.5446955084800722,1.6602683031632115,1.269704919290942,0.6759952645784344,
2020-01-19 12:00:00,28.81,-100.0,charge,ok,-100.00000795737384,100.00000795737384,0.0,2881.0002292519403,0.0,-2881.0002292519403,0.1888406762747816,0.18884067627478163,82.3174231706779,22.939864246104257,13364013.52418346,6468391.859632568,100,0.5441288918256759,1.6620705500481987,1.2716669199332822,0.6752919566180005,
2020-01-19 13:00:00,28.77,-100.0,charge,ok,-99.99999926397184,99.99999926397184,0.0,2876.99997882447,0.0,-2876.99997882447,0.2075808490491982,0.20758084904919824,88.5016801862354,24.720180659673836,14368011.1131456,6970390.654113638,100,0.5436085343360899,1.6637285650899643,1.2734716857478225,0.674646224844585,
2020-01-19 14:00:00,28.98,-100.0,charge,ok,-100.00000975432117,100.00000975432117,0.0,2898.0002826802274,0.0,-2898.0002826802274,0.22630444552504542,0.22630444552504547,94.68046702326497,26.49892232487932,15371120.633251704,7471945.414166691,100,0.5431276947259902,1.6652638100403192,1.2751425703443053,0.6740494073815548,
2020-01-19 15:00:00,28.98,0.0,idle,sin_restriccion,0.0,0.0,0.0,0.0,0.0,0.0,0.22630444552504542,0.22630444552504547,94.68046702326497,26.49892232487932,15371120.633251704,7471945.414166691,0,0.0,,,,
2020-01-19 16:00:00,28.98,0.0,idle,sin_restriccion,0.0,0.0,0.0,0.0,0.0,0.0,0.22630444552504542,0.22630444552504547,94.68046702326497,26.49892232487932,15371120.633251704,7471945.414166691,0,0.0,,,,
2020-01-19 17:00:00,31.45,0.0,idle,sin_restriccion,0.0,0.0,0.0,0.0,0.0,0.0,0.22630444552504542,0.22630444552504547,94.68046702326497,26.49892232487932,15371120.633251704,7471945.414166691,0,0.0,,,,
2020-01-19 18:00:00,31.8,0.0,idle,sin_restriccion,0.0,0.0,0.0,0.0,0.0,0.0,0.22630444552504542,0.22630444552504547,94.68046702326497,26.49892232487932,15371120.633251704,7471945.414166691,0,0.0,,,,
2020-01-19 19:00:00,32.22,0.0,idle,sin_restriccion,0.0,0.0,0.0,0.0,0.0,0.0,0.22630444552504542,0.22630444552504547,94.68046702326497,26.49892232487932,15371120.633251704,7471945.414166691,0,0.0,,,,
2020-01-19 20:00:00,33.97,0.0,idle,sin_restriccion,0.0,0.0,0.0,0.0,0.0,0.0,0.22630444552504542,0.22630444552504547,94.68046702326497,26.49892232487932,15371120.633251704,7471945.414166691,0,0.0,,,,
2020-01-19 21:00:00,35.91,100.0,discharge,above_max_power,94.79114500887609,0.0,94.79114500887609,0.0,3403.95001726874,3403.95001726874,0.15123618623108295,0.151236186231083,69.90794145625736,19.367437691952887,11349367.352427477,5461068.773754577,143,1.5,0.47456696729826053,1.276698081027961,,0.35075908061843697
2020-01-19 22:00:00,35.91,100.0,discharge,above_max_power,93.39281587623084,0.0,93.39281587623084,0.0,3353.736018115449,3353.736018115449,0.07616792693712052,0.07616792693712057,45.135415889249764,12.235953059026455,7327614.07160325,3450192.1333424635,143,1.5,0.467566304781713,1.2696974185114134,,0.3455847930737228
2020-01-19 23:00:00,34.14,0.0,idle,sin_restriccion,0.0,0.0,0.0,0.0,0.0,0.0,0.07616792693712052,0.07616792693712057,45.135415889249764,12.235953059026455,7327614.07160325,3450192.1333424635,0,0.0,,,,
2020-01-20 00:00:00,33.23,0.0,idle,sin_restriccion,0.0,0.0,0.0,0.0,0.0,0.0,0.07616792693712052,0.07616792693712057,45.135415889249764,12.235953059026455,7327614.07160325,3450192.1333424635,0,0.0,,,,
2020-01-20 01:00:00,33.38,0.0,idle,sin_restriccion,0.0,0.0,0.0,0.0,0.0,0.0,0.07616792693712052,0.07616792693712057,45.135415889249764,12.235953059026455,7327614.07160325,3450192.1333424635,0,0.0,,,,
2020-01-20 02:00:00,32.68,-100.0,charge,ok,-99.99999353267698,99.99999353267698,0.0,3267.9997886478836,0.0,-3267.9997886478836,0.09504732940036749,0.09504732940036754,51.36561870212127,14.029496293034917,8339070.837894236,3955920.5164879565,100,0.5476472616195679,1.6509413831446338,1.2595464931425064,0.6796585326326035,
2020-01-20 03:00:00,32.68,-100.0,charge,ok,-99.9999902256595,99.9999902256595,0.0,3267.9996805745527,0.0,-3267.9996805745527,0.11389649223941732,0.11389649223941738,57.585842439007706,15.820166762744652,9348907.527884405,4460838.861483041,100,0.5467700809240341,1.6537025240127823,1.2625546091504467,0.6785699285315289,
2020-01-20 04:00:00,32.68,-100.0,charge,ok,-100.00000999894787,100.00000999894787,0.0,3268.0003267656166,0.0,-3268.0003267656166,0.1327190616789976,0.13271906167899766,63.797290354069204,17.60831085950478,10357319.48666899,4965044.840875334,100,0.5459986686706544,1.6561384561411379,1.2652078245147893,0.6776124320707769,
2020-01-20 05:00:00,32.99,-100.0,charge,ok,-100.00000886912319,100.00000886912319,0.0,3299.0002925923745,0.0,-3299.0002925923745,0.15151789860312548,0.1515178986031255,70.00090653903139,19.39420036729692,11364459.985015027,5468615.090048352,100,0.5453102439641953,1.6583178288890636,1.2675811750457302,0.6767580692460955,
2020-01-20 06:00:00,33.71,-100.0,charge,ok,-99.99999840899937,99.99999840899937,0.0,3370.999946367369,0.0,-3370.999946367369,0.17029531295526842,0.17029531295526848,76.19745327523856,21.1780547307505,12370452.777260318,5971611.486170998,100,0.5446888253092768,1.6602896453764218,1.2697281455184508,0.6759869274321023,
2020-01-20 07:00:00,33.67,-100.0,charge,ok,-100.00000460992838,100.00000460992838,0.0,3367.000155216289,0.0,-3367.000155216289,0.18905321199143782,0.18905321199143788,82.38755995717449,22.9600551391866,13375400.04391622,6474085.119498949,100,0.5441227316856385,1.662090103349268,1.2716882102905145,0.6752843341719749,
2020-01-20 08:00:00,33.8,0.0,idle,sin_restriccion,0.0,0.0,0.0,0.0,0.0,0.0,0.18905321199143782,0.18905321199143788,82.38755995717449,22.9600551391866,13375400.04391622,6474085.119498949,0,0.0,,,,
2020-01-20 09:00:00,35.13,0.0,idle,sin_restriccion,0.0,0.0,0.0,0.0,0.0,0.0,0.18905321199143782,0.18905321199143788,82.38755995717449,22.9600551391866,13375400.04391622,6474085.119498949,0,0.0,,,,
2020-01-20 10:00:00,35.35,0.0,idle,sin_restriccion,0.0,0.0,0.0,0.0,0.0,0.0,0.18905321199143782,0.18905321199143788,82.38755995717449,22.9600551391866,13375400.04391622,6474085.119498949,0,0.0,,,,
2020-01-20 11:00:00,35.63,0.0,idle,sin_restriccion,0.0,0.0,0.0,0.0,0.0,0.0,0.18905321199143782,0.18905321199143788,82.38755995717449,22.9600551391866,13375400.04391622,6474085.119498949,0,0.0,,,,
2020-01-20 12:00:00,35.63,0.0,idle,sin_restriccion,0.0,0.0,0.0,0.0,0.0,0.0,0.18905321199143782,0.18905321199143788,82.38755995717449,22.9600551391866,13375400.04391622,6474085.119498949,0,0.0,,,,
2020-01-20 13:00:00,35.63,0.0,idle,sin_restriccion,0.0,0.0,0.0,0.0,0.0,0.0,0.18905321199143782,0.18905321199143788,82.38755995717449,22.9600551391866,13375400.04391622,6474085.119498949,0,0.0,,,,
2020-01-20 14:00:00,35.63,0.0,idle,sin_restriccion,0.0,0.0,0.0,0.0,0.0,0.0,0.18905321199143782,0.18905321199143788,82.38755995717449,22.9600551391866,13375400.04391622,6474085.119498949,0,0.0,,,,
2020-01-20 15:00:00,35.63,0.0,idle,sin_restriccion,0.0,0.0,0.0,0.0,0.0,0.0,0.18905321199143782,0.18905321199143788,82.38755995717449,22.9600551391866,13375400.04391622,6474085.119498949,0,0.0,,,,
2020-01-20 16:00:00,35.63,0.0,idle,sin_restriccion,0.0,0.0,0.0,0.0,0.0,0.0,0.18905321199143782,0.18905321199143788,82.38755995717449,22.9600551391866,13375400.04391622,6474085.119498949,0,0.0,,,,
2020-01-20 17:00:00,34.84,0.0,idle,sin_restriccion,0.0,0.0,0.0,0.0,0.0,0.0,0.18905321199143782,0.18905321199143788,82.38755995717449,22.9600551391866,13375400.04391622,6474085.119498949,0,0.0,,,,
2020-01-20 18:00:00,33.59,0.0,idle,sin_restriccion,0.0,0.0,0.0,0.0,0.0,0.0,0.18905321199143782,0.18905321199143788,82.38755995717449,22.9600551391866,13375400.04391622,6474085.119498949,0,0.0,,,,
2020-01-20 19:00:00,34.97,0.0,idle,sin_restriccion,0.0,0.0,0.0,0.0,0.0,0.0,0.18905321199143782,0.18905321199143788,82.38755995717449,22.9600551391866,13375400.04391622,6474085.119498949,0,0.0,,,,
2020-01-20 20:00:00,36.28,0.0,idle,sin_restriccion,0.0,0.0,0.0,0.0,0.0,0.0,0.18905321199143782,0.18905321199143788,82.38755995717449,22.9600551391866,13375400.04391622,6474085.119498949,0,0.0,,,,
2020-01-20 21:00:00,36.32,100.0,discharge,above_max_power,94.15062248518258,0.0,94.15062248518258,0.0,3419.5506086618316,3419.5506086618316,0.1139849526974754,0.11398495269747545,57.61503439016687,15.828570506260167,9353646.763091993,4463208.479086835,143,1.5,0.47136022439493364,1.273491338124634,,0.3483889321039834
2020-01-20 22:00:00,36.32,100.0,discharge,above_max_power,92.49840094024103,0.0,92.49840094024103,0.0,3359.541922149554,3359.541922149554,0.03891669340351295,0.03891669340351301,32.842508823159264,8.697085873333734,5331893.482267765,2452331.8386747213,143,1.5,0.46308846264108683,1.2652195763707872,,0.3422751573412943
2020-01-20 23:00:00,36.32,0.0,idle,sin_restriccion,0.0,0.0,0.0,0.0,0.0,0.0,0.03891669340351295,0.03891669340351301,32.842508823159264,8.697085873333734,5331893.482267765,2452331.8386747213,0,0.0,,,,
2020-01-21 00:00:00,33.88,0.0,idle,sin_restriccion,0.0,0.0,0.0,0.0,0.0,0.0,0.03891669340351295,0.03891669340351301,32.842508823159264,8.697085873333734,5331893.482267765,2452331.8386747213,0,0.0,,,,
2020-01-21 01:00:00,33.87,-100.0,charge,ok,-100.00000783409028,100.00000783409028,0.0,3387.0002653406377,0.0,-3387.0002653406377,0.05787122813035083,0.057871228130350894,39.09750528301577,10.497766672383335,6347375.430845305,2960072.8129634913,100,0.5498266726732253,1.6441193952377322,1.2521113373190715,0.682363196709215,
2020-01-21 02:00:00,33.97,-100.0,charge,ok,-100.00000083491537,100.00000083491537,0.0,3397.0000283620748,0.0,-3397.0000283620748,0.07678442228177412,0.07678442228177418,45.33885935298545,12.294520116768547,7360642.573906259,3466706.384493968,100,0.5486274793744088,1.6478664158768344,1.2561956653099475,0.6808749837665083,
2020-01-21 03:00:00,33.61,-100.0,charge,ok,-99.99999820356622,99.99999820356622,0.0,3360.9999396218604,0.0,-3360.9999396218604,0.0956627709460064,0.09566277094600646,51.56871441218211,14.08796323987061,8372042.883318072,3972406.5391998747,100,0.5476166933774949,1.6510375377889175,1.259651252664009,0.6796205641212955,
2020-01-21 04:00:00,35.29,0.0,idle,sin_restriccion,0.0,0.0,0.0,0.0,0.0,0.0,0.0956627709460064,0.09566277094600646,51.56871441218211,14.08796323987061,8372042.883318072,3972406.5391998747,0,0.0,,,,
2020-01-21 05:00:00,34.15,0.0,idle,sin_restriccion,0.0,0.0,0.0,0.0,0.0,0.0,0.0956627709460064,0.09566277094600646,51.56871441218211,14.08796323987061,8372042.883318072,3972406.5391998747,0,0.0,,,,
2020-01-21 06:00:00,33.29,0.0,idle,sin_restriccion,0.0,0.0,0.0,0.0,0.0,0.0,0.0956627709460064,0.09566277094600646,51.56871441218211,14.08796323987061,8372042.883318072,3972406.5391998747,0,0.0,,,,
2020-01-21 07:00:00,35.91,0.0,idle,sin_restriccion,0.0,0.0,0.0,0.0,0.0,0.0,0.0956627709460064,0.09566277094600646,51.56871441218211,14.08796323987061,8372042.883318072,3972406.5391998747,0,0.0,,,,
2020-01-21 08:00:00,32.7,-100.0,charge,ok,-100.00000570352181,100.00000570352181,0.0,3270.0001865051636,0.0,-3270.0001865051636,0.11451101621861376,0.11451101621861381,57.788635352142535,15.878546540768312,9381830.415037021,4477300.305059349,100,0.5467434644699097,1.6537867128747654,1.2626462936832075,0.6785367911133715,
2020-01-21 09:00:00,32.84,-100.0,charge,ok,-100.00000205103731,100.00000205103731,0.0,3284.0000673560658,0.0,-3284.0000673560658,0.1333327682627606,0.13333276826276066,63.99981352671099,17.66661298496226,10390198.582173884,4981484.388627781,100,0.5459749579429627,1.6562132901824054,1.2652893384472645,0.6775830596918052,
2020-01-21 10:00:00,32.91,-100.0,charge,ok,-100.0000064409831,100.0000064409831,0.0,3291.0002119727533,0.0,-3291.0002119727533,0.15213087193510258,0.1521308719351026,70.20318773858384,19.452432833834745,11397299.796835933,5485034.995958805,100,0.5452889740467071,1.65838521015828,1.2676545505980568,0.6767316886161365,
2020-01-21 11:00:00,32.91,0.0,idle,sin_restriccion,0.0,0.0,0.0,0.0,0.0,0.0,0.15213087193510258,0.1521308719351026,70.20318773858384,19.452432833834745,11397299.796835933,5485034.995958805,0,0.0,,,,
2020-01-21 12:00:00,33.6,0.0,idle,sin_restriccion,0.0,0.0,0.0,0.0,0.0,0.0,0.15213087193510258,0.1521308719351026,70.20318773858384,19.452432833834745,11397299.796835933,5485034.995958805,0,0.0,,,,
2020-01-21 13:00:00,44.72,0.0,idle,sin_restriccion,0.0,0.0,0.0,0.0,0.0,0.0,0.15213087193510258,0.1521308719351026,70.20318773858384,19.452432833834745,11397299.796835933,5485034.995958805,0,0.0,,,,
2020-01-21 14:00:00,45.42,0.0,idle,sin_restriccion,0.0,0.0,0.0,0.0,0.0,0.0,0.15213087193510258,0.1521308719351026,70.20318773858384,19.452432833834745,11397299.796835933,5485034.995958805,0,0.0,,,,
2020-01-21 15:00:00,45.42,0.0,idle,sin_restriccion,0.0,0.0,0.0,0.0,0.0,0.0,0.15213087193510258,0.1521308719351026,70.20318773858384,19.452432833834745,11397299.796835933,5485034.995958805,0,0.0,,,,
2020-01-21 16:00:00,45.42,0.0,idle,sin_restriccion,0.0,0.0,0.0,0.0,0.0,0.0,0.15213087193510258,0.1521308719351026,70.20318773858384,19.452432833834745,11397299.796835933,5485034.995958805,0,0.0,,,,
2020-01-21 17:00:00,45.42,0.0,idle,sin_restriccion,0.0,0.0,0.0,0.0,0.0,0.0,0.15213087193510258,0.1521308719351026,70.20318773858384,19.452432833834745,11397299.796835933,5485034.995958805,0,0.0,,,,
2020-01-21 18:00:00,44.47,0.0,idle,sin_restriccion,0.0,0.0,0.0,0.0,0.0,0.0,0.15213087193510258,0.1521308719351026,70.20318773858384,19.452432833834745,11397299.796835933,5485034.995958805,0,0.0,,,,
2020-01-21 19:00:00,46.27,0.0,idle,sin_restriccion,0.0,0.0,0.0,0.0,0.0,0.0,0.15213087193510258,0.1521308719351026,70.20318773858384,19.452432833834745,11397299.796835933,5485034.995958805,0,0.0,,,,
2020-01-21 20:00:00,60.74,0.0,idle,sin_restriccion,0.0,0.0,0.0,0.0,0.0,0.0,0.15213087193510258,0.1521308719351026,70.20318773858384,19.452432833834745,11397299.796835933,5485034.995958805,0,0.0,,,,
2020-01-21 21:00:00,89.25,100.0,discharge,above_max_power,93.41227932803116,0.0,93.41227932803116,0.0,8337.045930026781,8337.045930026781,0.07706261264114012,0.07706261264114019,45.43066217157623,12.320948200908317,7375546.516011706,3474158.3555466915,143,1.5,0.46766374754699636,1.2697948612766967,,0.34565681438392537
2020-01-21 22:00:00,72.45,100.0,discharge,above_max_power,91.39558147934521,0.0,91.39558147934521,0.0,6621.60987817856,6621.60987817856,0.001994353347177682,0.0019943533471777513,20.658136604568636,5.1894635679818855,3353793.235187479,1463281.715134578,143,1.5,0.4575672540199037,1.259698367749604,,0.3381943548554111
2020-01-21 23:00:00,50.48,0.0,idle,sin_restriccion,0.0,0.0,0.0,0.0,0.0,0.0,0.001994353347177682,0.0019943533471777513,20.658136604568636,5.1894635679818855,3353793.235187479,1463281.715134578,0,0.0,,,,
2020-01-22 00:00:00,37.5,0.0,idle,sin_restriccion,0.0,0.0,0.0,0.0,0.0,0.0,0.001994353347177682,0.0019943533471777513,20.658136604568636,5.1894635679818855,3353793.235187479,1463281.715134578,0,0.0,,,,
2020-01-22 01:00:00,36.31,0.0,idle,sin_restriccion,0.0,0.0,0.0,0.0,0.0,0.0,0.001994353347177682,0.0019943533471777513,20.658136604568636,5.1894635679818855,3353793.235187479,1463281.715134578,0,0.0,,,,
2020-01-22 02:00:00,36.31,0.0,idle,sin_restriccion,0.0,0.0,0.0,0.0,0.0,0.0,0.001994353347177682,0.0019943533471777513,20.658136604568636,5.1894635679818855,3353793.235187479,1463281.715134578,0,0.0,,,,
2020-01-22 03:00:00,35.07,0.0,idle,sin_restriccion,0.0,0.0,0.0,0.0,0.0,0.0,0.001994353347177682,0.0019943533471777513,20.658136604568636,5.1894635679818855,3353793.235187479,1463281.715134578,0,0.0,,,,
2020-01-22 04:00:00,36.31,0.0,idle,sin_restriccion,0.0,0.0,0.0,0.0,0.0,0.0,0.001994353347177682,0.0019943533471777513,20.658136604568636,5.1894635679818855,3353793.235187479,1463281.715134578,0,0.0,,,,
2020-01-22 05:00:00,36.31,0.0,idle,sin_restriccion,0.0,0.0,0.0,0.0,0.0,0.0,0.001994353347177682,0.0019943533471777513,20.658136604568636,5.1894635679818855,3353793.235187479,1463281.715134578,0,0.0,,,,
2020-01-22 06:00:00,36.31,0.0,idle,sin_restriccion,0.0,0.0,0.0,0.0,0.0,0.0,0.001994353347177682,0.0019943533471777513,20.658136604568636,5.1894635679818855,3353793.235187479,1463281.715134578,0,0.0,,,,
2020-01-22 07:00:00,36.44,0.0,idle,sin_restriccion,0.0,0.0,0.0,0.0,0.0,0.0,0.001994353347177682,0.0019943533471777513,20.658136604568636,5.1894635679818855,3353793.235187479,1463281.715134578,0,0.0,,,,
2020-01-22 08:00:00,35.09,0.0,idle,sin_restriccion,0.0,0.0,0.0,0.0,0.0,0.0,0.001994353347177682,0.0019943533471777513,20.658136604568636,5.1894635679818855,3353793.235187479,1463281.715134578,0,0.0,,,,
2020-01-22 09:00:00,34.04,-100.0,charge,ok,-99.99999911128229,99.99999911128229,0.0,3403.9999697480494,0.0,-3403.9999697480494,0.021060885272338955,0.02106088527233902,26.950092139871852,7.000784100872206,4375275.390830383,1974022.79295603,100,0.553075449168682,1.6340493771425781,1.241128490649362,0.6863951554059212,
2020-01-22 10:00:00,33.88,-100.0,charge,ok,-100.00000232524664,100.00000232524664,0.0,3388.0000787793565,0.0,-3388.0000787793565,0.04006278485907276,0.040062784859072824,33.22071900349401,8.805964561611917,5393294.893661529,2483032.544371603,100,0.5512006163597105,1.6398461560908375,1.2474518782855357,0.68406836921614,
2020-01-22 11:00:00,33.88,-100.0,charge,ok,-99.99999599485703,99.99999599485703,0.0,3387.9998643057565,0.0,-3387.9998643057565,0.05901459092762548,0.059014590927625545,39.47481500611641,10.606386138124426,6408630.655415053,2990700.425248365,100,0.549747520685196,1.644366015990798,1.2523802157731438,0.6822650457935882,
2020-01-22 12:00:00,34.81,-100.0,charge,ok,-100.00000702501656,100.00000702501656,0.0,3481.0002445408268,0.0,-3481.0002445408268,0.07792551921082518,0.07792551921082523,45.7154213395723,12.402924325028398,7421776.405452538,3497273.300267108,100,0.5485617518424988,1.648072375809442,1.25642011867539,0.6807933703693416,
2020-01-22 13:00:00,35.09,-100.0,charge,ok,-99.99999665477297,99.99999665477297,0.0,3508.999882615984,0.0,-3508.999882615984,0.09680192856432321,0.09680192856432326,51.944636426226644,14.19618321361071,8433072.817033479,4002921.506057578,100,0.5475604385137558,1.6512143450112482,1.2598438958139448,0.6795507594584446,
2020-01-22 14:00:00,35.09,-100.0,charge,ok,-99.99999718272696,99.99999718272696,0.0,3508.9999011418895,0.0,-3508.9999011418895,0.11564847894345828,0.11564847894345834,58.16399805134123,15.986605499628542,9442769.545482885,4507769.870282281,100,0.5466942995786668,1.6539416050221694,1.2628150318029072,0.6784758327633795,
2020-01-22 15:00:00,35.09,0.0,idle,sin_restriccion,0.0,0.0,0.0,0.0,0.0,0.0,0.11564847894345828,0.11564847894345834,58.16399805134123,15.986605499628542,9442769.545482885,4507769.870282281,0,0.0,,,,
2020-01-22 16:00:00,38.96,0.0,idle,sin_restriccion,0.0,0.0,0.0,0.0,0.0,0.0,0.11564847894345828,0.11564847894345834,58.16399805134123,15.986605499628542,9442769.545482885,4507769.870282281,0,0.0,,,,
2020-01-22 17:00:00,38.43,0.0,idle,sin_restriccion,0.0,0.0,0.0,0.0,0.0,0.0,0.11564847894345828,0.11564847894345834,58.16399805134123,15.986605499628542,9442769.545482885,4507769.870282281,0,0.0,,,,
2020-01-22 18:00:00,33.14,0.0,idle,sin_restriccion,0.0,0.0,0.0,0.0,0.0,0.0,0.11564847894345828,0.11564847894345834,58.16399805134123,15.986605499628542,9442769.545482885,4507769.870282281,0,0.0,,,,
2020-01-22 19:00:00,48.35,0.0,idle,sin_restriccion,0.0,0.0,0.0,0.0,0.0,0.0,0.11564847894345828,0.11564847894345834,58.16399805134123,15.986605499628542,9442769.545482885,4507769.870282281,0,0.0,,,,
2020-01-22 20:00:00,61.18,100.0,discharge,above_max_power,92.54231976731158,0.0,92.54231976731158,0.0,5661.739123364123,5661.739123364123,0.04058021964949584,0.0405802196494959,33.39147248433362,8.855120866702109,5421016.264658658,2496893.2298701676,143,1.5,0.4633083399784502,1.2654394537081506,,0.3424376717555222
2020-01-22 21:00:00,61.18,100.0,discharge,inventory_limited,74.21343404343183,0.0,74.21343404343183,0.0,4540.37789477716,4540.37789477716,0.0,6.9534613026513e-17,19.999999999999996,5.000000000000006,3246946.517379281,1409858.3562304792,143,0.8108664040800453,0.68731245844525,1.252500576660766,,0.5080022475949879
2020-01-22 22:00:00,61.18,0.0,idle,sin_restriccion,0.0,0.0,0.0,0.0,0.0,0.0,0.0,6.9534613026513e-17,19.999999999999996,5.000000000000006,3246946.517379281,1409858.3562304792,0,0.0,,,,
2020-01-22 23:00:00,55.52,0.0,idle,sin_restriccion,0.0,0.0,0.0,0.0,0.0,0.0,0.0,6.9534613026513e-17,19.999999999999996,5.000000000000006,3246946.517379281,1409858.3562304792,0,0.0,,,,
2020-01-23 00:00:00,61.16,0.0,idle,sin_restriccion,0.0,0.0,0.0,0.0,0.0,0.0,0.0,6.9534613026513e-17,19.999999999999996,5.000000000000006,3246946.517379281,1409858.3562304792,0,0.0,,,,
2020-01-23 01:00:00,61.16,0.0,idle,sin_restriccion,0.0,0.0,0.0,0.0,0.0,0.0,0.0,6.9534613026513e-17,19.999999999999996,5.000000000000006,3246946.517379281,1409858.3562304792,0,0.0,,,,
2020-01-23 02:00:00,61.16,-100.0,charge,ok,-99.99999785310169,99.99999785310169,0.0,6115.999868695699,0.0,-6115.999868695699,0.019074487506696124,0.019074487506696193,26.29458087720972,6.812076313136139,4268854.890260197,1920812.5426709373,100,0.5533062219619752,1.6333385534091622,1.2403528795274816,0.6866815649834151,
2020-01-23 03:00:00,61.16,-100.0,charge,ok,-100.00000559707935,100.00000559707935,0.0,6116.000342317373,0.0,-6116.000342317373,0.03808232523084349,0.03808232523084355,32.56716732617834,8.617820896930137,5287192.526532155,2429981.3608069164,100,0.5513728678226469,1.6393119897393094,1.2468693095945675,0.684282119769492,
2020-01-23 04:00:00,60.76,-100.0,charge,ok,-99.99999359668428,99.99999359668428,0.0,6075.999610934537,0.0,-6075.999610934537,0.057038863377861404,0.057038863377861466,38.82282491469426,10.41869202089684,6302781.807579606,2937776.0013306416,100,0.5498847872018815,1.6439379748847116,1.2519135755856095,0.6824354169911391,
2020-01-23 05:00:00,58.77,-100.0,charge,ok,-100.00000107530116,100.00000107530116,0.0,5877.000063195449,0.0,-5877.000063195449,0.07595372237145429,0.07595372237145434,45.06472838257991,12.215603625288164,7316138.143923054,3444454.169502366,100,0.548675772547722,1.6477152009364002,1.2560308627338397,0.6809349164472426,
2020-01-23 06:00:00,57.18,-100.0,charge,ok,-99.99999951944011,99.99999951944011,0.0,5717.999972521586,0.0,-5717.999972521586,0.09483349346401439,0.09483349346401444,51.295052843124736,14.009181879081373,8327614.659388504,3950192.4272350906,100,0.5476579546928406,1.6509078809928823,1.2595099809499908,0.6796717625983931,
2020-01-23 07:00:00,57.18,-100.0,charge,ok,-100.00000133921736,100.00000133921736,0.0,5718.000076576449,0.0,-5718.000076576449,0.1136829788537132,0.11368297885371326,57.51538302172535,15.79988299110276,9337468.629906328,4455119.412494003,100,0.5467794373631478,1.6536732165610166,1.2625226667808829,0.6785814649414762,
2020-01-23 08:00:00,61.63,0.0,idle,sin_restriccion,0.0,0.0,0.0,0.0,0.0,0.0,0.1136829788537132,0.11368297885371326,57.51538302172535,15.79988299110276,9337468.629906328,4455119.412494003,0,0.0,,,,
2020-01-23 09:00:00,61.63,0.0,idle,sin_restriccion,0.0,0.0,0.0,0.0,0.0,0.0,0.1136829788537132,0.11368297885371326,57.51538302172535,15.79988299110276,9337468.629906328,4455119.412494003,0,0.0,,,,
2020-01-23 10:00:00,61.63,0.0,idle,sin_restriccion,0.0,0.0,0.0,0.0,0.0,0.0,0.1136829788537132,0.11368297885371326,57.51538302172535,15.79988299110276,9337468.629906328,4455119.412494003,0,0.0,,,,
2020-01-23 11:00:00,61.63,0.0,idle,sin_restriccion,0.0,0.0,0.0,0.0,0.0,0.0,0.1136829788537132,0.11368297885371326,57.51538302172535,15.79988299110276,9337468.629906328,4455119.412494003,0,0.0,,,,
2020-01-23 12:00:00,61.63,0.0,idle,sin_restriccion,0.0,0.0,0.0,0.0,0.0,0.0,0.1136829788537132,0.11368297885371326,57.51538302172535,15.79988299110276,9337468.629906328,4455119.412494003,0,0.0,,,,
2020-01-23 13:00:00,61.63,0.0,idle,sin_restriccion,0.0,0.0,0.0,0.0,0.0,0.0,0.1136829788537132,0.11368297885371326,57.51538302172535,15.79988299110276,9337468.629906328,4455119.412494003,0,0.0,,,,
2020-01-23 14:00:00,61.63,0.0,idle,sin_restriccion,0.0,0.0,0.0,0.0,0.0,0.0,0.1136829788537132,0.11368297885371326,57.51538302172535,15.79988299110276,9337468.629906328,4455119.412494003,0,0.0,,,,
2020-01-23 15:00:00,61.63,0.0,idle,sin_restriccion,0.0,0.0,0.0,0.0,0.0,0.0,0.1136829788537132,0.11368297885371326,57.51538302172535,15.79988299110276,9337468.629906328,4455119.412494003,0,0.0,,,,
2020-01-23 16:00:00,80.53,100.0,discharge,above_max_power,92.49038292179802,0.0,92.49038292179802,0.0,7448.250536692394,7448.250536692394,0.03861471955975075,0.03861471955975082,32.74285745471774,8.668398358176328,5315715.349082101,2444242.772081889,143,1.5,0.46304832084624004,1.2651794345759404,,0.3422454879794864
2020-01-23 17:00:00,89.29,100.0,discharge,inventory_limited,71.70377603158302,0.0,71.70377603158302,0.0,6402.430161860048,6402.430161860048,0.0,6.9534613026513e-17,19.999999999999996,5.000000000000006,3246946.517379281,1409858.3562304792,143,0.7715921467261819,0.6978711153200847,1.2520399615693787,,0.5158062985154872
2020-01-23 18:00:00,62.21,0.0,idle,sin_restriccion,0.0,0.0,0.0,0.0,0.0,0.0,0.0,6.9534613026513e-17,19.999999999999996,5.000000000000006,3246946.517379281,1409858.3562304792,0,0.0,,,,
2020-01-23 19:00:00,61.2,0.0,idle,sin_restriccion,0.0,0.0,0.0,0.0,0.0,0.0,0.0,6.9534613026513e-17,19.999999999999996,5.000000000000006,3246946.517379281,1409858.3562304792,0,0.0,,,,
2020-01-23 20:00:00,61.2,0.0,idle,sin_restriccion,0.0,0.0,0.0,0.0,0.0,0.0,0.0,6.9534613026513e-17,19.999999999999996,5.000000000000006,3246946.517379281,1409858.3562304792,0,0.0,,,,
2020-01-23 21:00:00,62.54,0.0,idle,sin_restriccion,0.0,0.0,0.0,0.0,0.0,0.0,0.0,6.9534613026513e-17,19.999999999999996,5.000000000000006,3246946.517379281,1409858.3562304792,0,0.0,,,,
2020-01-23 22:00:00,61.2,0.0,idle,sin_restriccion,0.0,0.0,0.0,0.0,0.0,0.0,0.0,6.9534613026513e-17,19.999999999999996,5.000000000000006,3246946.517379281,1409858.3562304792,0,0.0,,,,
2020-01-23 23:00:00,61.2,0.0,idle,sin_restriccion,0.0,0.0,0.0,0.0,0.0,0.0,0.0,6.9534613026513e-17,19.999999999999996,5.000000000000006,3246946.517379281,1409858.3562304792,0,0.0,,,,
2020-01-24 00:00:00,61.12,0.0,idle,sin_restriccion,0.0,0.0,0.0,0.0,0.0,0.0,0.0,6.9534613026513e-17,19.999999999999996,5.000000000000006,3246946.517379281,1409858.3562304792,0,0.0,,,,
2020-01-24 01:00:00,61.12,0.0,idle,sin_restriccion,0.0,0.0,0.0,0.0,0.0,0.0,0.0,6.9534613026513e-17,19.999999999999996,5.000000000000006,3246946.517379281,1409858.3562304792,0,0.0,,,,
2020-01-24 02:00:00,61.12,0.0,idle,sin_restriccion,0.0,0.0,0.0,0.0,0.0,0.0,0.0,6.9534613026513e-17,19.999999999999996,5.000000000000006,3246946.517379281,1409858.3562304792,0,0.0,,,,
2020-01-24 03:00:00,53.62,0.0,idle,sin_restriccion,0.0,0.0,0.0,0.0,0.0,0.0,0.0,6.9534613026513e-17,19.999999999999996,5.000000000000006,3246946.517379281,1409858.3562304792,0,0.0,,,,
2020-01-24 04:00:00,40.9,0.0,idle,sin_restriccion,0.0,0.0,0.0,0.0,0.0,0.0,0.0,6.9534613026513e-17,19.999999999999996,5.000000000000006,3246946.517379281,1409858.3562304792,0,0.0,,,,
2020-01-24 05:00:00,51.26,0.0,idle,sin_restriccion,0.0,0.0,0.0,0.0,0.0,0.0,0.0,6.9534613026513e-17,19.999999999999996,5.000000000000006,3246946.517379281,1409858.3562304792,0,0.0,,,,
2020-01-24 06:00:00,64.35,100.0,discharge_block_empty_tank,inventory_limited,0.0,0.0,0.0,0.0,0.0,0.0,0.0,6.9534613026513e-17,19.999999999999996,5.000000000000006,3246946.517379281,1409858.3562304792,0,0.0,,,,
2020-01-24 07:00:00,64.35,100.0,discharge_block_empty_tank,inventory_limited,0.0,0.0,0.0,0.0,0.0,0.0,0.0,6.9534613026513e-17,19.999999999999996,5.000000000000006,3246946.517379281,1409858.3562304792,0,0.0,,,,
2020-01-24 08:00:00,55.86,0.0,idle,sin_restriccion,0.0,0.0,0.0,0.0,0.0,0.0,0.0,6.9534613026513e-17,19.999999999999996,5.000000000000006,3246946.517379281,1409858.3562304792,0,0.0,,,,
2020-01-24 09:00:00,55.86,0.0,idle,sin_restriccion,0.0,0.0,0.0,0.0,0.0,0.0,0.0,6.9534613026513e-17,19.999999999999996,5.000000000000006,3246946.517379281,1409858.3562304792,0,0.0,,,,
2020-01-24 10:00:00,53.68,0.0,idle,sin_restriccion,0.0,0.0,0.0,0.0,0.0,0.0,0.0,6.9534613026513e-17,19.999999999999996,5.000000000000006,3246946.517379281,1409858.3562304792,0,0.0,,,,
2020-01-24 11:00:00,39.9,-100.0,charge,ok,-99.99999785310169,99.99999785310169,0.0,3989.999914338757,0.0,-3989.999914338757,0.019074487506696124,0.019074487506696193,26.29458087720972,6.812076313136139,4268854.890260197,1920812.5426709373,100,0.5533062219619752,1.6333385534091622,1.2403528795274816,0.6866815649834151,
2020-01-24 12:00:00,33.86,-100.0,charge,ok,-100.00000559707935,100.00000559707935,0.0,3386.0001895171067,0.0,-3386.0001895171067,0.03808232523084349,0.03808232523084355,32.56716732617834,8.617820896930137,5287192.526532155,2429981.3608069164,100,0.5513728678226469,1.6393119897393094,1.2468693095945675,0.684282119769492,
2020-01-24 13:00:00,36.11,-100.0,charge,ok,-99.99999359668428,99.99999359668428,0.0,3610.9997687762693,0.0,-3610.9997687762693,0.057038863377861404,0.057038863377861466,38.82282491469426,10.41869202089684,6302781.807579606,2937776.0013306416,100,0.5498847872018815,1.6439379748847116,1.2519135755856095,0.6824354169911391,
2020-01-24 14:00:00,44.93,0.0,idle,sin_restriccion,0.0,0.0,0.0,0.0,0.0,0.0,0.057038863377861404,0.057038863377861466,38.82282491469426,10.41869202089684,6302781.807579606,2937776.0013306416,0,0.0,,,,
2020-01-24 15:00:00,53.62,0.0,idle,sin_restriccion,0.0,0.0,0.0,0.0,0.0,0.0,0.057038863377861404,0.057038863377861466,38.82282491469426,10.41869202089684,6302781.807579606,2937776.0013306416,0,0.0,,,,
2020-01-24 16:00:00,58.34,0.0,idle,sin_restriccion,0.0,0.0,0.0,0.0,0.0,0.0,0.057038863377861404,0.057038863377861466,38.82282491469426,10.41869202089684,6302781.807579606,2937776.0013306416,0,0.0,,,,
2020-01-24 17:00:00,51.78,0.0,idle,sin_restriccion,0.0,0.0,0.0,0.0,0.0,0.0,0.057038863377861404,0.057038863377861466,38.82282491469426,10.41869202089684,6302781.807579606,2937776.0013306416,0,0.0,,,,
2020-01-24 18:00:00,37.51,-100.0,charge,ok,-100.00000107530116,100.00000107530116,0.0,3751.000040334546,0.0,-3751.000040334546,0.07595372237145429,0.07595372237145434,45.06472838257991,12.215603625288164,7316138.143923054,3444454.169502366,100,0.548675772547722,1.6477152009364002,1.2560308627338397,0.6809349164472426,
2020-01-24 19:00:00,37.12,-100.0,charge,ok,-99.99999951944011,99.99999951944011,0.0,3711.9999821616166,0.0,-3711.9999821616166,0.09483349346401439,0.09483349346401444,51.295052843124736,14.009181879081373,8327614.659388504,3950192.4272350906,100,0.5476579546928406,1.6509078809928823,1.2595099809499908,0.6796717625983931,
2020-01-24 20:00:00,46.51,-100.0,charge,ok,-100.00000133921736,100.00000133921736,0.0,4651.000062286999,0.0,-4651.000062286999,0.1136829788537132,0.11368297885371326,57.51538302172535,15.79988299110276,9337468.629906328,4455119.412494003,100,0.5467794373631478,1.6536732165610166,1.2625226667808829,0.6785814649414762,
2020-01-24 21:00:00,52.26,0.0,idle,sin_restriccion,0.0,0.0,0.0,0.0,0.0,0.0,0.1136829788537132,0.11368297885371326,57.51538302172535,15.79988299110276,9337468.629906328,4455119.412494003,0,0.0,,,,
2020-01-24 22:00:00,55.42,0.0,idle,sin_restriccion,0.0,0.0,0.0,0.0,0.0,0.0,0.1136829788537132,0.11368297885371326,57.51538302172535,15.79988299110276,9337468.629906328,4455119.412494003,0,0.0,,,,
2020-01-24 23:00:00,63.74,0.0,idle,sin_restriccion,0.0,0.0,0.0,0.0,0.0,0.0,0.1136829788537132,0.11368297885371326,57.51538302172535,15.79988299110276,9337468.629906328,4455119.412494003,0,0.0,,,,
2020-01-25 00:00:00,64.63,100.0,discharge,above_max_power,92.49038292179802,0.0,92.49038292179802,0.0,5977.653448235806,5977.653448235806,0.03861471955975075,0.03861471955975082,32.74285745471774,8.668398358176328,5315715.349082101,2444242.772081889,143,1.5,0.46304832084624004,1.2651794345759404,,0.3422454879794864
2020-01-25 01:00:00,62.52,100.0,discharge,inventory_limited,71.70377603158302,0.0,71.70377603158302,0.0,4482.92007749457,4482.92007749457,0.0,6.9534613026513e-17,19.999999999999996,5.000000000000006,3246946.517379281,1409858.3562304792,143,0.7715921467261819,0.6978711153200847,1.2520399615693787,,0.5158062985154872
2020-01-25 02:00:00,55.48,0.0,idle,sin_restriccion,0.0,0.0,0.0,0.0,0.0,0.0,0.0,6.9534613026513e-17,19.999999999999996,5.000000000000006,3246946.517379281,1409858.3562304792,0,0.0,,,,
2020-01-25 03:00:00,55.8,0.0,idle,sin_restriccion,0.0,0.0,0.0,0.0,0.0,0.0,0.0,6.9534613026513e-17,19.999999999999996,5.000000000000006,3246946.517379281,1409858.3562304792,0,0.0,,,,
2020-01-25 04:00:00,55.8,0.0,idle,sin_restriccion,0.0,0.0,0.0,0.0,0.0,0.0,0.0,6.9534613026513e-17,19.999999999999996,5.000000000000006,3246946.517379281,1409858.3562304792,0,0.0,,,,
2020-01-25 05:00:00,46.39,0.0,idle,sin_restriccion,0.0,0.0,0.0,0.0,0.0,0.0,0.0,6.9534613026513e-17,19.999999999999996,5.000000000000006,3246946.517379281,1409858.3562304792,0,0.0,,,,
2020-01-25 06:00:00,34.99,0.0,idle,sin_restriccion,0.0,0.0,0.0,0.0,0.0,0.0,0.0,6.9534613026513e-17,19.999999999999996,5.000000000000006,3246946.517379281,1409858.3562304792,0,0.0,,,,
2020-01-25 07:00:00,34.99,0.0,idle,sin_restriccion,0.0,0.0,0.0,0.0,0.0,0.0,0.0,6.9534613026513e-17,19.999999999999996,5.000000000000006,3246946.517379281,1409858.3562304792,0,0.0,,,,
2020-01-25 08:00:00,34.85,0.0,idle,sin_restriccion,0.0,0.0,0.0,0.0,0.0,0.0,0.0,6.9534613026513e-17,19.999999999999996,5.000000000000006,3246946.517379281,1409858.3562304792,0,0.0,,,,
2020-01-25 09:00:00,32.08,0.0,idle,sin_restriccion,0.0,0.0,0.0,0.0,0.0,0.0,0.0,6.9534613026513e-17,19.999999999999996,5.000000000000006,3246946.517379281,1409858.3562304792,0,0.0,,,,
2020-01-25 10:00:00,31.7,-100.0,charge,ok,-99.99999785310169,99.99999785310169,0.0,3169.9999319433236,0.0,-3169.9999319433236,0.019074487506696124,0.019074487506696193,26.29458087720972,6.812076313136139,4268854.890260197,1920812.5426709373,100,0.5533062219619752,1.6333385534091622,1.2403528795274816,0.6866815649834151,
2020-01-25 11:00:00,31.95,-100.0,charge,ok,-100.00000559707935,100.00000559707935,0.0,3195.000178826685,0.0,-3195.000178826685,0.03808232523084349,0.03808232523084355,32.56716732617834,8.617820896930137,5287192.526532155,2429981.3608069164,100,0.5513728678226469,1.6393119897393094,1.2468693095945675,0.684282119769492,
2020-01-25 12:00:00,31.69,-100.0,charge,ok,-99.99999359668428,99.99999359668428,0.0,3168.999797078925,0.0,-3168.999797078925,0.057038863377861404,0.057038863377861466,38.82282491469426,10.41869202089684,6302781.807579606,2937776.0013306416,100,0.5498847872018815,1.6439379748847116,1.2519135755856095,0.6824354169911391,
2020-01-25 13:00:00,31.94,-100.0,charge,ok,-100.00000107530116,100.00000107530116,0.0,3194.0000343451193,0.0,-3194.0000343451193,0.07595372237145429,0.07595372237145434,45.06472838257991,12.215603625288164,7316138.143923054,3444454.169502366,100,0.548675772547722,1.6477152009364002,1.2560308627338397,0.6809349164472426,
2020-01-25 14:00:00,31.95,-100.0,charge,ok,-99.99999951944011,99.99999951944011,0.0,3194.9999846461114,0.0,-3194.9999846461114,0.09483349346401439,0.09483349346401444,51.295052843124736,14.009181879081373,8327614.659388504,3950192.4272350906,100,0.5476579546928406,1.6509078809928823,1.2595099809499908,0.6796717625983931,
2020-01-25 15:00:00,31.95,-100.0,charge,ok,-100.00000133921736,100.00000133921736,0.0,3195.0000427879945,0.0,-3195.0000427879945,0.1136829788537132,0.11368297885371326,57.51538302172535,15.79988299110276,9337468.629906328,4455119.412494003,100,0.5467794373631478,1.6536732165610166,1.2625226667808829,0.6785814649414762,
2020-01-25 16:00:00,31.95,0.0,idle,sin_restriccion,0.0,0.0,0.0,0.0,0.0,0.0,0.1136829788537132,0.11368297885371326,57.51538302172535,15.79988299110276,9337468.629906328,4455119.412494003,0,0.0,,,,
2020-01-25 17:00:00,32.16,0.0,idle,sin_restriccion,0.0,0.0,0.0,0.0,0.0,0.0,0.1136829788537132,0.11368297885371326,57.51538302172535,15.79988299110276,9337468.629906328,4455119.412494003,0,0.0,,,,
2020-01-25 18:00:00,34.22,0.0,idle,sin_restriccion,0.0,0.0,0.0,0.0,0.0,0.0,0.1136829788537132,0.11368297885371326,57.51538302172535,15.79988299110276,9337468.629906328,4455119.412494003,0,0.0,,,,
2020-01-25 19:00:00,41.35,0.0,idle,sin_restriccion,0.0,0.0,0.0,0.0,0.0,0.0,0.1136829788537132,0.11368297885371326,57.51538302172535,15.79988299110276,9337468.629906328,4455119.412494003,0,0.0,,,,
2020-01-25 20:00:00,55.77,0.0,idle,sin_restriccion,0.0,0.0,0.0,0.0,0.0,0.0,0.1136829788537132,0.11368297885371326,57.51538302172535,15.79988299110276,9337468.629906328,4455119.412494003,0,0.0,,,,
2020-01-25 21:00:00,55.77,0.0,idle,sin_restriccion,0.0,0.0,0.0,0.0,0.0,0.0,0.1136829788537132,0.11368297885371326,57.51538302172535,15.79988299110276,9337468.629906328,4455119.412494003,0,0.0,,,,
2020-01-25 22:00:00,54.75,0.0,idle,sin_restriccion,0.0,0.0,0.0,0.0,0.0,0.0,0.1136829788537132,0.11368297885371326,57.51538302172535,15.79988299110276,9337468.629906328,4455119.412494003,0,0.0,,,,
2020-01-25 23:00:00,62.25,0.0,idle,sin_restriccion,0.0,0.0,0.0,0.0,0.0,0.0,0.1136829788537132,0.11368297885371326,57.51538302172535,15.79988299110276,9337468.629906328,4455119.412494003,0,0.0,,,,
2020-01-26 00:00:00,59.62,100.0,discharge,above_max_power,92.49038292179802,0.0,92.49038292179802,0.0,5514.276629797598,5514.276629797598,0.03861471955975075,0.03861471955975082,32.74285745471774,8.668398358176328,5315715.349082101,2444242.772081889,143,1.5,0.46304832084624004,1.2651794345759404,,0.3422454879794864
2020-01-26 01:00:00,54.26,100.0,discharge,inventory_limited,71.70377603158302,0.0,71.70377603158302,0.0,3890.6468874736943,3890.6468874736943,0.0,6.9534613026513e-17,19.999999999999996,5.000000000000006,3246946.517379281,1409858.3562304792,143,0.7715921467261819,0.6978711153200847,1.2520399615693787,,0.5158062985154872
2020-01-26 02:00:00,42.92,0.0,idle,sin_restriccion,0.0,0.0,0.0,0.0,0.0,0.0,0.0,6.9534613026513e-17,19.999999999999996,5.000000000000006,3246946.517379281,1409858.3562304792,0,0.0,,,,
2020-01-26 03:00:00,36.89,0.0,idle,sin_restriccion,0.0,0.0,0.0,0.0,0.0,0.0,0.0,6.9534613026513e-17,19.999999999999996,5.000000000000006,3246946.517379281,1409858.3562304792,0,0.0,,,,
2020-01-26 04:00:00,37.02,0.0,idle,sin_restriccion,0.0,0.0,0.0,0.0,0.0,0.0,0.0,6.9534613026513e-17,19.999999999999996,5.000000000000006,3246946.517379281,1409858.3562304792,0,0.0,,,,
2020-01-26 05:00:00,37.02,0.0,idle,sin_restriccion,0.0,0.0,0.0,0.0,0.0,0.0,0.0,6.9534613026513e-17,19.999999999999996,5.000000000000006,3246946.517379281,1409858.3562304792,0,0.0,,,,
2020-01-26 06:00:00,37.02,0.0,idle,sin_restriccion,0.0,0.0,0.0,0.0,0.0,0.0,0.0,6.9534613026513e-17,19.999999999999996,5.000000000000006,3246946.517379281,1409858.3562304792,0,0.0,,,,
2020-01-26 07:00:00,32.67,0.0,idle,sin_restriccion,0.0,0.0,0.0,0.0,0.0,0.0,0.0,6.9534613026513e-17,19.999999999999996,5.000000000000006,3246946.517379281,1409858.3562304792,0,0.0,,,,
2020-01-26 08:00:00,32.45,0.0,idle,sin_restriccion,0.0,0.0,0.0,0.0,0.0,0.0,0.0,6.9534613026513e-17,19.999999999999996,5.000000000000006,3246946.517379281,1409858.3562304792,0,0.0,,,,
2020-01-26 09:00:00,28.57,-100.0,charge,ok,-99.99999785310169,99.99999785310169,0.0,2856.9999386631152,0.0,-2856.9999386631152,0.019074487506696124,0.019074487506696193,26.29458087720972,6.812076313136139,4268854.890260197,1920812.5426709373,100,0.5533062219619752,1.6333385534091622,1.2403528795274816,0.6866815649834151,
2020-01-26 10:00:00,28.42,-100.0,charge,ok,-100.00000559707935,100.00000559707935,0.0,2842.0001590689953,0.0,-2842.0001590689953,0.03808232523084349,0.03808232523084355,32.56716732617834,8.617820896930137,5287192.526532155,2429981.3608069164,100,0.5513728678226469,1.6393119897393094,1.2468693095945675,0.684282119769492,
2020-01-26 11:00:00,30.08,-100.0,charge,ok,-99.99999359668428,99.99999359668428,0.0,3007.999807388263,0.0,-3007.999807388263,0.057038863377861404,0.057038863377861466,38.82282491469426,10.41869202089684,6302781.807579606,2937776.0013306416,100,0.5498847872018815,1.6439379748847116,1.2519135755856095,0.6824354169911391,
2020-01-26 12:00:00,30.8,0.0,idle,sin_restriccion,0.0,0.0,0.0,0.0,0.0,0.0,0.057038863377861404,0.057038863377861466,38.82282491469426,10.41869202089684,6302781.807579606,2937776.0013306416,0,0.0,,,,
2020-01-26 13:00:00,30.48,-100.0,charge,ok,-100.00000107530116,100.00000107530116,0.0,3048.000032775179,0.0,-3048.000032775179,0.07595372237145429,0.07595372237145434,45.06472838257991,12.215603625288164,7316138.143923054,3444454.169502366,100,0.548675772547722,1.6477152009364002,1.2560308627338397,0.6809349164472426,
2020-01-26 14:00:00,29.47,-100.0,charge,ok,-99.99999951944011,99.99999951944011,0.0,2946.9999858379,0.0,-2946.9999858379,0.09483349346401439,0.09483349346401444,51.295052843124736,14.009181879081373,8327614.659388504,3950192.4272350906,100,0.5476579546928406,1.6509078809928823,1.2595099809499908,0.6796717625983931,
2020-01-26 15:00:00,30.22,-100.0,charge,ok,-100.00000133921736,100.00000133921736,0.0,3022.0000404711486,0.0,-3022.0000404711486,0.1136829788537132,0.11368297885371326,57.51538302172535,15.79988299110276,9337468.629906328,4455119.412494003,100,0.5467794373631478,1.6536732165610166,1.2625226667808829,0.6785814649414762,
2020-01-26 16:00:00,30.68,0.0,idle,sin_restriccion,0.0,0.0,0.0,0.0,0.0,0.0,0.1136829788537132,0.11368297885371326,57.51538302172535,15.79988299110276,9337468.629906328,4455119.412494003,0,0.0,,,,
2020-01-26 17:00:00,31.25,0.0,idle,sin_restriccion,0.0,0.0,0.0,0.0,0.0,0.0,0.1136829788537132,0.11368297885371326,57.51538302172535,15.79988299110276,9337468.629906328,4455119.412494003,0,0.0,,,,
2020-01-26 18:00:00,33.62,0.0,idle,sin_restriccion,0.0,0.0,0.0,0.0,0.0,0.0,0.1136829788537132,0.11368297885371326,57.51538302172535,15.79988299110276,9337468.629906328,4455119.412494003,0,0.0,,,,
2020-01-26 19:00:00,39.9,0.0,idle,sin_restriccion,0.0,0.0,0.0,0.0,0.0,0.0,0.1136829788537132,0.11368297885371326,57.51538302172535,15.79988299110276,9337468.629906328,4455119.412494003,0,0.0,,,,
2020-01-26 20:00:00,47.67,0.0,idle,sin_restriccion,0.0,0.0,0.0,0.0,0.0,0.0,0.1136829788537132,0.11368297885371326,57.51538302172535,15.79988299110276,9337468.629906328,4455119.412494003,0,0.0,,,,
2020-01-26 21:00:00,52.98,0.0,idle,sin_restriccion,0.0,0.0,0.0,0.0,0.0,0.0,0.1136829788537132,0.11368297885371326,57.51538302172535,15.79988299110276,9337468.629906328,4455119.412494003,0,0.0,,,,
2020-01-26 22:00:00,52.98,0.0,idle,sin_restriccion,0.0,0.0,0.0,0.0,0.0,0.0,0.1136829788537132,0.11368297885371326,57.51538302172535,15.79988299110276,9337468.629906328,4455119.412494003,0,0.0,,,,
2020-01-26 23:00:00,52.98,0.0,idle,sin_restriccion,0.0,0.0,0.0,0.0,0.0,0.0,0.1136829788537132,0.11368297885371326,57.51538302172535,15.79988299110276,9337468.629906328,4455119.412494003,0,0.0,,,,
2020-01-27 00:00:00,51.4,0.0,idle,sin_restriccion,0.0,0.0,0.0,0.0,0.0,0.0,0.1136829788537132,0.11368297885371326,57.51538302172535,15.79988299110276,9337468.629906328,4455119.412494003,0,0.0,,,,
2020-01-27 01:00:00,35.97,0.0,idle,sin_restriccion,0.0,0.0,0.0,0.0,0.0,0.0,0.1136829788537132,0.11368297885371326,57.51538302172535,15.79988299110276,9337468.629906328,4455119.412494003,0,0.0,,,,
2020-01-27 02:00:00,34.99,-100.0,charge,ok,-99.9999999314152,99.9999999314152,0.0,3498.999997600218,0.0,-3498.999997600218,0.1325058307755389,0.13250583077553896,63.72692415592783,17.5880539236762,10345895.722569173,4959332.958825425,100,0.5460068628191947,1.6561123746759954,1.2651794345759404,0.6776226696504707,
2020-01-27 03:00:00,34.99,-100.0,charge,ok,-99.99999291007848,99.99999291007848,0.0,3498.9997519236463,0.0,-3498.9997519236463,0.15130492013060945,0.15130492013060948,69.93062364310111,19.373967412407904,11353049.744806418,5462909.969944048,100,0.5453175663948058,1.658294342977182,1.2675556255427303,0.6767672647648066,
2020-01-27 04:00:00,34.99,-100.0,charge,ok,-99.9999920499823,99.9999920499823,0.0,3498.999721828881,0.0,-3498.999721828881,0.17008256487607307,0.17008256487607312,76.1272464091041,21.15784366322695,12359054.88028575,5965912.537683713,100,0.5446955084800722,1.6602683031632115,1.269704919290942,0.6759952645784344,
2020-01-27 05:00:00,46.03,0.0,idle,sin_restriccion,0.0,0.0,0.0,0.0,0.0,0.0,0.17008256487607307,0.17008256487607312,76.1272464091041,21.15784366322695,12359054.88028575,5965912.537683713,0,0.0,,,,
2020-01-27 06:00:00,47.75,0.0,idle,sin_restriccion,0.0,0.0,0.0,0.0,0.0,0.0,0.17008256487607307,0.17008256487607312,76.1272464091041,21.15784366322695,12359054.88028575,5965912.537683713,0,0.0,,,,
2020-01-27 07:00:00,48.6,0.0,idle,sin_restriccion,0.0,0.0,0.0,0.0,0.0,0.0,0.17008256487607307,0.17008256487607312,76.1272464091041,21.15784366322695,12359054.88028575,5965912.537683713,0,0.0,,,,
2020-01-27 08:00:00,38.69,-100.0,charge,ok,-100.00000795737384,100.00000795737384,0.0,3869.0003078707937,0.0,-3869.0003078707937,0.1888406762747816,0.18884067627478163,82.3174231706779,22.939864246104257,13364013.52418346,6468391.859632568,100,0.5441288918256759,1.6620705500481987,1.2716669199332822,0.6752919566180005,
2020-01-27 09:00:00,39.12,-100.0,charge,ok,-99.99999926397184,99.99999926397184,0.0,3911.9999712065783,0.0,-3911.9999712065783,0.2075808490491982,0.20758084904919824,88.5016801862354,24.720180659673836,14368011.1131456,6970390.654113638,100,0.5436085343360899,1.6637285650899643,1.2734716857478225,0.674646224844585,
2020-01-27 10:00:00,44.02,-100.0,charge,ok,-100.00000975432117,100.00000975432117,0.0,4402.000429385218,0.0,-4402.000429385218,0.22630444552504542,0.22630444552504547,94.68046702326497,26.49892232487932,15371120.633251704,7471945.414166691,100,0.5431276947259902,1.6652638100403192,1.2751425703443053,0.6740494073815548,
2020-01-27 11:00:00,45.6,0.0,idle,sin_restriccion,0.0,0.0,0.0,0.0,0.0,0.0,0.22630444552504542,0.22630444552504547,94.68046702326497,26.49892232487932,15371120.633251704,7471945.414166691,0,0.0,,,,
2020-01-27 12:00:00,45.6,0.0,idle,sin_restriccion,0.0,0.0,0.0,0.0,0.0,0.0,0.22630444552504542,0.22630444552504547,94.68046702326497,26.49892232487932,15371120.633251704,7471945.414166691,0,0.0,,,,
2020-01-27 13:00:00,45.6,0.0,idle,sin_restriccion,0.0,0.0,0.0,0.0,0.0,0.0,0.22630444552504542,0.22630444552504547,94.68046702326497,26.49892232487932,15371120.633251704,7471945.414166691,0,0.0,,,,
2020-01-27 14:00:00,60.09,0.0,idle,sin_restriccion,0.0,0.0,0.0,0.0,0.0,0.0,0.22630444552504542,0.22630444552504547,94.68046702326497,26.49892232487932,15371120.633251704,7471945.414166691,0,0.0,,,,
2020-01-27 15:00:00,64.35,0.0,idle,sin_restriccion,0.0,0.0,0.0,0.0,0.0,0.0,0.22630444552504542,0.22630444552504547,94.68046702326497,26.49892232487932,15371120.633251704,7471945.414166691,0,0.0,,,,
2020-01-27 16:00:00,48.41,0.0,idle,sin_restriccion,0.0,0.0,0.0,0.0,0.0,0.0,0.22630444552504542,0.22630444552504547,94.68046702326497,26.49892232487932,15371120.633251704,7471945.414166691,0,0.0,,,,
2020-01-27 17:00:00,45.6,0.0,idle,sin_restriccion,0.0,0.0,0.0,0.0,0.0,0.0,0.22630444552504542,0.22630444552504547,94.68046702326497,26.49892232487932,15371120.633251704,7471945.414166691,0,0.0,,,,
2020-01-27 18:00:00,43.55,0.0,idle,sin_restriccion,0.0,0.0,0.0,0.0,0.0,0.0,0.22630444552504542,0.22630444552504547,94.68046702326497,26.49892232487932,15371120.633251704,7471945.414166691,0,0.0,,,,
2020-01-27 19:00:00,49.57,0.0,idle,sin_restriccion,0.0,0.0,0.0,0.0,0.0,0.0,0.22630444552504542,0.22630444552504547,94.68046702326497,26.49892232487932,15371120.633251704,7471945.414166691,0,0.0,,,,
2020-01-27 20:00:00,79.85,0.0,idle,sin_restriccion,0.0,0.0,0.0,0.0,0.0,0.0,0.22630444552504542,0.22630444552504547,94.68046702326497,26.49892232487932,15371120.633251704,7471945.414166691,0,0.0,,,,
2020-01-27 21:00:00,104.41,0.0,idle,sin_restriccion,0.0,0.0,0.0,0.0,0.0,0.0,0.22630444552504542,0.22630444552504547,94.68046702326497,26.49892232487932,15371120.633251704,7471945.414166691,0,0.0,,,,
2020-01-27 22:00:00,134.91,100.0,discharge,above_max_power,94.79114500887609,0.0,94.79114500887609,0.0,12788.273373147473,12788.273373147473,0.15123618623108295,0.151236186231083,69.90794145625736,19.367437691952887,11349367.352427477,5461068.773754577,143,1.5,0.47456696729826053,1.276698081027961,,0.35075908061843697
2020-01-27 23:00:00,129.73,100.0,discharge,above_max_power,93.39281587623084,0.0,93.39281587623084,0.0,12115.850003623425,12115.850003623425,0.07616792693712052,0.07616792693712057,45.135415889249764,12.235953059026455,7327614.07160325,3450192.1333424635,143,1.5,0.467566304781713,1.2696974185114134,,0.3455847930737228
2020-01-28 00:00:00,75.06,0.0,idle,sin_restriccion,0.0,0.0,0.0,0.0,0.0,0.0,0.07616792693712052,0.07616792693712057,45.135415889249764,12.235953059026455,7327614.07160325,3450192.1333424635,0,0.0,,,,
2020-01-28 01:00:00,40.91,0.0,idle,sin_restriccion,0.0,0.0,0.0,0.0,0.0,0.0,0.07616792693712052,0.07616792693712057,45.135415889249764,12.235953059026455,7327614.07160325,3450192.1333424635,0,0.0,,,,
2020-01-28 02:00:00,35.1,-100.0,charge,ok,-99.99999353267698,99.99999353267698,0.0,3509.9997729969623,0.0,-3509.9997729969623,0.09504732940036749,0.09504732940036754,51.36561870212127,14.029496293034917,8339070.837894236,3955920.5164879565,100,0.5476472616195679,1.6509413831446338,1.2595464931425064,0.6796585326326035,
2020-01-28 03:00:00,35.1,-100.0,charge,ok,-99.9999902256595,99.9999902256595,0.0,3509.9996569206487,0.0,-3509.9996569206487,0.11389649223941732,0.11389649223941738,57.585842439007706,15.820166762744652,9348907.527884405,4460838.861483041,100,0.5467700809240341,1.6537025240127823,1.2625546091504467,0.6785699285315289,
2020-01-28 04:00:00,36.03,-100.0,charge,ok,-100.00000999894787,100.00000999894787,0.0,3603.000360262092,0.0,-3603.000360262092,0.1327190616789976,0.13271906167899766,63.797290354069204,17.60831085950478,10357319.48666899,4965044.840875334,100,0.5459986686706544,1.6561384561411379,1.2652078245147893,0.6776124320707769,
2020-01-28 05:00:00,37.46,0.0,idle,sin_restriccion,0.0,0.0,0.0,0.0,0.0,0.0,0.1327190616789976,0.13271906167899766,63.797290354069204,17.60831085950478,10357319.48666899,4965044.840875334,0,0.0,,,,
2020-01-28 06:00:00,47.58,0.0,idle,sin_restriccion,0.0,0.0,0.0,0.0,0.0,0.0,0.1327190616789976,0.13271906167899766,63.797290354069204,17.60831085950478,10357319.48666899,4965044.840875334,0,0.0,,,,
2020-01-28 07:00:00,47.58,0.0,idle,sin_restriccion,0.0,0.0,0.0,0.0,0.0,0.0,0.1327190616789976,0.13271906167899766,63.797290354069204,17.60831085950478,10357319.48666899,4965044.840875334,0,0.0,,,,
2020-01-28 08:00:00,43.79,0.0,idle,sin_restriccion,0.0,0.0,0.0,0.0,0.0,0.0,0.1327190616789976,0.13271906167899766,63.797290354069204,17.60831085950478,10357319.48666899,4965044.840875334,0,0.0,,,,
2020-01-28 09:00:00,37.8,-100.0,charge,ok,-100.00000886912319,100.00000886912319,0.0,3780.0003352528565,0.0,-3780.0003352528565,0.15151789860312548,0.1515178986031255,70.00090653903139,19.39420036729692,11364459.985015027,5468615.090048352,100,0.5453102439641953,1.6583178288890636,1.2675811750457302,0.6767580692460955,
2020-01-28 10:00:00,37.8,-100.0,charge,ok,-99.99999840899937,99.99999840899937,0.0,3779.9999398601763,0.0,-3779.9999398601763,0.17029531295526842,0.17029531295526848,76.19745327523856,21.1780547307505,12370452.777260318,5971611.486170998,100,0.5446888253092768,1.6602896453764218,1.2697281455184508,0.6759869274321023,
2020-01-28 11:00:00,38.76,-100.0,charge,ok,-100.00000460992838,100.00000460992838,0.0,3876.000178680824,0.0,-3876.000178680824,0.18905321199143782,0.18905321199143788,82.38755995717449,22.9600551391866,13375400.04391622,6474085.119498949,100,0.5441227316856385,1.662090103349268,1.2716882102905145,0.6752843341719749,
2020-01-28 12:00:00,46.78,0.0,idle,sin_restriccion,0.0,0.0,0.0,0.0,0.0,0.0,0.18905321199143782,0.18905321199143788,82.38755995717449,22.9600551391866,13375400.04391622,6474085.119498949,0,0.0,,,,
2020-01-28 13:00:00,83.57,100.0,discharge,above_max_power,94.15062248518258,0.0,94.15062248518258,0.0,7868.167521086708,7868.167521086708,0.1139849526974754,0.11398495269747545,57.61503439016687,15.828570506260167,9353646.763091993,4463208.479086835,143,1.5,0.47136022439493364,1.273491338124634,,0.3483889321039834
2020-01-28 14:00:00,79.4,0.0,idle,sin_restriccion,0.0,0.0,0.0,0.0,0.0,0.0,0.1139849526974754,0.11398495269747545,57.61503439016687,15.828570506260167,9353646.763091993,4463208.479086835,0,0.0,,,,
2020-01-28 15:00:00,79.68,100.0,discharge,above_max_power,92.49840094024103,0.0,92.49840094024103,0.0,7370.272586918406,7370.272586918406,0.03891669340351295,0.03891669340351301,32.842508823159264,8.697085873333734,5331893.482267765,2452331.8386747213,143,1.5,0.46308846264108683,1.2652195763707872,,0.3422751573412943
2020-01-28 16:00:00,65.97,0.0,idle,sin_restriccion,0.0,0.0,0.0,0.0,0.0,0.0,0.03891669340351295,0.03891669340351301,32.842508823159264,8.697085873333734,5331893.482267765,2452331.8386747213,0,0.0,,,,
2020-01-28 17:00:00,52.22,0.0,idle,sin_restriccion,0.0,0.0,0.0,0.0,0.0,0.0,0.03891669340351295,0.03891669340351301,32.842508823159264,8.697085873333734,5331893.482267765,2452331.8386747213,0,0.0,,,,
2020-01-28 18:00:00,44.96,0.0,idle,sin_restriccion,0.0,0.0,0.0,0.0,0.0,0.0,0.03891669340351295,0.03891669340351301,32.842508823159264,8.697085873333734,5331893.482267765,2452331.8386747213,0,0.0,,,,
2020-01-28 19:00:00,44.96,0.0,idle,sin_restriccion,0.0,0.0,0.0,0.0,0.0,0.0,0.03891669340351295,0.03891669340351301,32.842508823159264,8.697085873333734,5331893.482267765,2452331.8386747213,0,0.0,,,,
2020-01-28 20:00:00,55.82,0.0,idle,sin_restriccion,0.0,0.0,0.0,0.0,0.0,0.0,0.03891669340351295,0.03891669340351301,32.842508823159264,8.697085873333734,5331893.482267765,2452331.8386747213,0,0.0,,,,
2020-01-28 21:00:00,57.76,0.0,idle,sin_restriccion,0.0,0.0,0.0,0.0,0.0,0.0,0.03891669340351295,0.03891669340351301,32.842508823159264,8.697085873333734,5331893.482267765,2452331.8386747213,0,0.0,,,,
2020-01-28 22:00:00,56.39,0.0,idle,sin_restriccion,0.0,0.0,0.0,0.0,0.0,0.0,0.03891669340351295,0.03891669340351301,32.842508823159264,8.697085873333734,5331893.482267765,2452331.8386747213,0,0.0,,,,
2020-01-28 23:00:00,51.63,0.0,idle,sin_restriccion,0.0,0.0,0.0,0.0,0.0,0.0,0.03891669340351295,0.03891669340351301,32.842508823159264,8.697085873333734,5331893.482267765,2452331.8386747213,0,0.0,,,,
2020-01-29 00:00:00,47.83,0.0,idle,sin_restriccion,0.0,0.0,0.0,0.0,0.0,0.0,0.03891669340351295,0.03891669340351301,32.842508823159264,8.697085873333734,5331893.482267765,2452331.8386747213,0,0.0,,,,
2020-01-29 01:00:00,43.49,0.0,idle,sin_restriccion,0.0,0.0,0.0,0.0,0.0,0.0,0.03891669340351295,0.03891669340351301,32.842508823159264,8.697085873333734,5331893.482267765,2452331.8386747213,0,0.0,,,,
2020-01-29 02:00:00,34.44,0.0,idle,sin_restriccion,0.0,0.0,0.0,0.0,0.0,0.0,0.03891669340351295,0.03891669340351301,32.842508823159264,8.697085873333734,5331893.482267765,2452331.8386747213,0,0.0,,,,
2020-01-29 03:00:00,40.52,0.0,idle,sin_restriccion,0.0,0.0,0.0,0.0,0.0,0.0,0.03891669340351295,0.03891669340351301,32.842508823159264,8.697085873333734,5331893.482267765,2452331.8386747213,0,0.0,,,,
2020-01-29 04:00:00,45.18,0.0,idle,sin_restriccion,0.0,0.0,0.0,0.0,0.0,0.0,0.03891669340351295,0.03891669340351301,32.842508823159264,8.697085873333734,5331893.482267765,2452331.8386747213,0,0.0,,,,
2020-01-29 05:00:00,61.1,0.0,idle,sin_restriccion,0.0,0.0,0.0,0.0,0.0,0.0,0.03891669340351295,0.03891669340351301,32.842508823159264,8.697085873333734,5331893.482267765,2452331.8386747213,0,0.0,,,,
2020-01-29 06:00:00,63.4,0.0,idle,sin_restriccion,0.0,0.0,0.0,0.0,0.0,0.0,0.03891669340351295,0.03891669340351301,32.842508823159264,8.697085873333734,5331893.482267765,2452331.8386747213,0,0.0,,,,
2020-01-29 07:00:00,64.55,100.0,discharge,inventory_limited,72.09634160487944,0.0,72.09634160487944,0.0,4653.818850594967,4653.818850594967,0.0,6.9534613026513e-17,19.999999999999996,5.000000000000006,3246946.517379281,1409858.3562304792,143,0.7776261319271645,0.6962470635342833,1.2521113373190715,,0.5146059391341604
2020-01-29 08:00:00,47.0,0.0,idle,sin_restriccion,0.0,0.0,0.0,0.0,0.0,0.0,0.0,6.9534613026513e-17,19.999999999999996,5.000000000000006,3246946.517379281,1409858.3562304792,0,0.0,,,,
2020-01-29 09:00:00,37.57,-100.0,charge,ok,-99.99999785310169,99.99999785310169,0.0,3756.9999193410304,0.0,-3756.9999193410304,0.019074487506696124,0.019074487506696193,26.29458087720972,6.812076313136139,4268854.890260197,1920812.5426709373,100,0.5533062219619752,1.6333385534091622,1.2403528795274816,0.6866815649834151,
2020-01-29 10:00:00,37.15,-100.0,charge,ok,-100.00000559707935,100.00000559707935,0.0,3715.0002079314977,0.0,-3715.0002079314977,0.03808232523084349,0.03808232523084355,32.56716732617834,8.617820896930137,5287192.526532155,2429981.3608069164,100,0.5513728678226469,1.6393119897393094,1.2468693095945675,0.684282119769492,
2020-01-29 11:00:00,36.73,-100.0,charge,ok,-99.99999359668428,99.99999359668428,0.0,3672.999764806213,0.0,-3672.999764806213,0.057038863377861404,0.057038863377861466,38.82282491469426,10.41869202089684,6302781.807579606,2937776.0013306416,100,0.5498847872018815,1.6439379748847116,1.2519135755856095,0.6824354169911391,
2020-01-29 12:00:00,37.57,0.0,idle,sin_restriccion,0.0,0.0,0.0,0.0,0.0,0.0,0.057038863377861404,0.057038863377861466,38.82282491469426,10.41869202089684,6302781.807579606,2937776.0013306416,0,0.0,,,,
2020-01-29 13:00:00,37.57,0.0,idle,sin_restriccion,0.0,0.0,0.0,0.0,0.0,0.0,0.057038863377861404,0.057038863377861466,38.82282491469426,10.41869202089684,6302781.807579606,2937776.0013306416,0,0.0,,,,
2020-01-29 14:00:00,37.57,0.0,idle,sin_restriccion,0.0,0.0,0.0,0.0,0.0,0.0,0.057038863377861404,0.057038863377861466,38.82282491469426,10.41869202089684,6302781.807579606,2937776.0013306416,0,0.0,,,,
2020-01-29 15:00:00,37.57,0.0,idle,sin_restriccion,0.0,0.0,0.0,0.0,0.0,0.0,0.057038863377861404,0.057038863377861466,38.82282491469426,10.41869202089684,6302781.807579606,2937776.0013306416,0,0.0,,,,
2020-01-29 16:00:00,37.57,-100.0,charge,ok,-100.00000107530116,100.00000107530116,0.0,3757.0000403990643,0.0,-3757.0000403990643,0.07595372237145429,0.07595372237145434,45.06472838257991,12.215603625288164,7316138.143923054,3444454.169502366,100,0.548675772547722,1.6477152009364002,1.2560308627338397,0.6809349164472426,
2020-01-29 17:00:00,33.95,-100.0,charge,ok,-99.99999951944011,99.99999951944011,0.0,3394.999983684992,0.0,-3394.999983684992,0.09483349346401439,0.09483349346401444,51.295052843124736,14.009181879081373,8327614.659388504,3950192.4272350906,100,0.5476579546928406,1.6509078809928823,1.2595099809499908,0.6796717625983931,
2020-01-29 18:00:00,35.74,-100.0,charge,ok,-100.00000133921736,100.00000133921736,0.0,3574.000047863629,0.0,-3574.000047863629,0.1136829788537132,0.11368297885371326,57.51538302172535,15.79988299110276,9337468.629906328,4455119.412494003,100,0.5467794373631478,1.6536732165610166,1.2625226667808829,0.6785814649414762,
2020-01-29 19:00:00,39.23,0.0,idle,sin_restriccion,0.0,0.0,0.0,0.0,0.0,0.0,0.1136829788537132,0.11368297885371326,57.51538302172535,15.79988299110276,9337468.629906328,4455119.412494003,0,0.0,,,,
2020-01-29 20:00:00,50.25,0.0,idle,sin_restriccion,0.0,0.0,0.0,0.0,0.0,0.0,0.1136829788537132,0.11368297885371326,57.51538302172535,15.79988299110276,9337468.629906328,4455119.412494003,0,0.0,,,,
2020-01-29 21:00:00,63.95,100.0,discharge,above_max_power,92.49038292179802,0.0,92.49038292179802,0.0,5914.759987848984,5914.759987848984,0.03861471955975075,0.03861471955975082,32.74285745471774,8.668398358176328,5315715.349082101,2444242.772081889,143,1.5,0.46304832084624004,1.2651794345759404,,0.3422454879794864
2020-01-29 22:00:00,63.95,0.0,idle,sin_restriccion,0.0,0.0,0.0,0.0,0.0,0.0,0.03861471955975075,0.03861471955975082,32.74285745471774,8.668398358176328,5315715.349082101,2444242.772081889,0,0.0,,,,
2020-01-29 23:00:00,63.76,0.0,idle,sin_restriccion,0.0,0.0,0.0,0.0,0.0,0.0,0.03861471955975075,0.03861471955975082,32.74285745471774,8.668398358176328,5315715.349082101,2444242.772081889,0,0.0,,,,
2020-01-30 00:00:00,49.3,0.0,idle,sin_restriccion,0.0,0.0,0.0,0.0,0.0,0.0,0.03861471955975075,0.03861471955975082,32.74285745471774,8.668398358176328,5315715.349082101,2444242.772081889,0,0.0,,,,
2020-01-30 01:00:00,37.67,-100.0,charge,ok,-99.99999238015998,99.99999238015998,0.0,3766.9997129606268,0.0,-3766.9997129606268,0.05756997551785346,0.05756997551785351,38.99809192089163,10.469147674196083,6331235.937348809,2952003.066215243,100,0.5498475939035417,1.6440539024380492,1.2520399615693787,0.6823892664886676,
2020-01-30 02:00:00,37.67,-100.0,charge,ok,-100.00000034609691,100.00000034609691,0.0,3767.000013037471,0.0,-3767.000013037471,0.07648377069533076,0.07648377069533081,45.239644329459146,12.265958216056427,7344535.280150736,3458652.7376162065,100,0.5486449137330055,1.64781181268637,1.2561361567989855,0.6808966240326201,
2020-01-30 03:00:00,37.67,-100.0,charge,ok,-99.99999349688413,99.99999349688413,0.0,3766.9997550276253,0.0,-3766.9997550276253,0.09536263223512913,0.09536263223512918,51.469668637592605,14.059450062337273,8355963.066674846,3964366.6308782618,100,0.5476315706968309,1.6509906968673622,1.2596002238013586,0.6796390596304566,
2020-01-30 04:00:00,37.67,-100.0,charge,ok,-100.0000083240302,100.0000083240302,0.0,3767.0003135662178,0.0,-3767.0003135662178,0.11421132627385683,0.11421132627385688,57.68973767037275,15.850075996016404,9365774.640867056,4469272.417974367,100,0.5467564821243287,1.6537457121888102,1.2626016269801073,0.6785529289112463,
2020-01-30 05:00:00,37.7,-100.0,charge,ok,-99.99999680635297,99.99999680635297,0.0,3769.999879599507,0.0,-3769.999879599507,0.13303347499519935,0.13303347499519938,63.90104674841578,17.63818012454394,10374164.059832962,4973467.12745732,100,0.5459864646196366,1.6561768157211705,1.265249622264393,0.6775973756083986,
2020-01-30 06:00:00,37.73,-100.0,charge,ok,-100.00000366661952,100.00000366661952,0.0,3773.0001383415542,0.0,-3773.0001383415542,0.15183193527633332,0.15183193527633337,70.10453864118999,19.424033851251668,11381284.379674654,5477027.287378166,100,0.5452993184328079,1.6583523710079822,1.2676187961874668,0.6767445453071764,
2020-01-30 07:00:00,37.73,0.0,idle,sin_restriccion,0.0,0.0,0.0,0.0,0.0,0.0,0.15183193527633332,0.15183193527633337,70.10453864118999,19.424033851251668,11381284.379674654,5477027.287378166,0,0.0,,,,
2020-01-30 08:00:00,39.0,0.0,idle,sin_restriccion,0.0,0.0,0.0,0.0,0.0,0.0,0.15183193527633332,0.15183193527633337,70.10453864118999,19.424033851251668,11381284.379674654,5477027.287378166,0,0.0,,,,
2020-01-30 09:00:00,37.88,0.0,idle,sin_restriccion,0.0,0.0,0.0,0.0,0.0,0.0,0.15183193527633332,0.15183193527633337,70.10453864118999,19.424033851251668,11381284.379674654,5477027.287378166,0,0.0,,,,
2020-01-30 10:00:00,53.69,0.0,idle,sin_restriccion,0.0,0.0,0.0,0.0,0.0,0.0,0.15183193527633332,0.15183193527633337,70.10453864118999,19.424033851251668,11381284.379674654,5477027.287378166,0,0.0,,,,
2020-01-30 11:00:00,72.34,0.0,idle,sin_restriccion,0.0,0.0,0.0,0.0,0.0,0.0,0.15183193527633332,0.15183193527633337,70.10453864118999,19.424033851251668,11381284.379674654,5477027.287378166,0,0.0,,,,
2020-01-30 12:00:00,48.39,0.0,idle,sin_restriccion,0.0,0.0,0.0,0.0,0.0,0.0,0.15183193527633332,0.15183193527633337,70.10453864118999,19.424033851251668,11381284.379674654,5477027.287378166,0,0.0,,,,
2020-01-30 13:00:00,53.97,0.0,idle,sin_restriccion,0.0,0.0,0.0,0.0,0.0,0.0,0.15183193527633332,0.15183193527633337,70.10453864118999,19.424033851251668,11381284.379674654,5477027.287378166,0,0.0,,,,
2020-01-30 14:00:00,84.01,0.0,idle,sin_restriccion,0.0,0.0,0.0,0.0,0.0,0.0,0.15183193527633332,0.15183193527633337,70.10453864118999,19.424033851251668,11381284.379674654,5477027.287378166,0,0.0,,,,
2020-01-30 15:00:00,84.5,100.0,discharge,above_max_power,93.4057853490092,0.0,93.4057853490092,0.0,7892.7888619912765,7892.7888619912765,0.07676367598237088,0.07676367598237094,45.33201307418239,12.292549218325238,7359531.098850427,3466150.6469660522,143,1.5,0.4676312357767264,1.2697623495064267,,0.3456327844799603
2020-01-30 16:00:00,85.81,100.0,discharge,above_max_power,91.385467994459,0.0,91.385467994459,0.0,7841.787008604528,7841.787008604528,0.0016954166884084415,0.001695416688408511,20.559487507174783,5.161064585398809,3337777.8180262004,1455274.0065539388,143,1.5,0.4575166213806333,1.2596477351103337,,0.33815693156381355
2020-01-30 17:00:00,71.06,0.0,idle,sin_restriccion,0.0,0.0,0.0,0.0,0.0,0.0,0.0016954166884084415,0.001695416688408511,20.559487507174783,5.161064585398809,3337777.8180262004,1455274.0065539388,0,0.0,,,,
2020-01-30 18:00:00,35.95,0.0,idle,sin_restriccion,0.0,0.0,0.0,0.0,0.0,0.0,0.0016954166884084415,0.001695416688408511,20.559487507174783,5.161064585398809,3337777.8180262004,1455274.0065539388,0,0.0,,,,
2020-01-30 19:00:00,46.27,0.0,idle,sin_restriccion,0.0,0.0,0.0,0.0,0.0,0.0,0.0016954166884084415,0.001695416688408511,20.559487507174783,5.161064585398809,3337777.8180262004,1455274.0065539388,0,0.0,,,,
2020-01-30 20:00:00,53.4,0.0,idle,sin_restriccion,0.0,0.0,0.0,0.0,0.0,0.0,0.0016954166884084415,0.001695416688408511,20.559487507174783,5.161064585398809,3337777.8180262004,1455274.0065539388,0,0.0,,,,
2020-01-30 21:00:00,54.77,0.0,idle,sin_restriccion,0.0,0.0,0.0,0.0,0.0,0.0,0.0016954166884084415,0.001695416688408511,20.559487507174783,5.161064585398809,3337777.8180262004,1455274.0065539388,0,0.0,,,,
2020-01-30 22:00:00,51.63,0.0,idle,sin_restriccion,0.0,0.0,0.0,0.0,0.0,0.0,0.0016954166884084415,0.001695416688408511,20.559487507174783,5.161064585398809,3337777.8180262004,1455274.0065539388,0,0.0,,,,
2020-01-30 23:00:00,51.63,0.0,idle,sin_restriccion,0.0,0.0,0.0,0.0,0.0,0.0,0.0016954166884084415,0.001695416688408511,20.559487507174783,5.161064585398809,3337777.8180262004,1455274.0065539388,0,0.0,,,,
2020-01-31 00:00:00,50.76,100.0,discharge,inventory_limited,4.41123911430835,0.0,4.41123911430835,0.0,223.9144974422918,223.9144974422918,0.0,6.9534613026513e-17,19.999999999999996,5.000000000000006,3246946.517379281,1409858.3562304792,96,0.05046336093032714,0.977845468583174,1.2410139064031853,,0.7227392574325008
2020-01-31 01:00:00,49.21,0.0,idle,sin_restriccion,0.0,0.0,0.0,0.0,0.0,0.0,0.0,6.9534613026513e-17,19.999999999999996,5.000000000000006,3246946.517379281,1409858.3562304792,0,0.0,,,,
2020-01-31 02:00:00,46.2,0.0,idle,sin_restriccion,0.0,0.0,0.0,0.0,0.0,0.0,0.0,6.9534613026513e-17,19.999999999999996,5.000000000000006,3246946.517379281,1409858.3562304792,0,0.0,,,,
2020-01-31 03:00:00,37.69,0.0,idle,sin_restriccion,0.0,0.0,0.0,0.0,0.0,0.0,0.0,6.9534613026513e-17,19.999999999999996,5.000000000000006,3246946.517379281,1409858.3562304792,0,0.0,,,,
2020-01-31 04:00:00,37.63,0.0,idle,sin_restriccion,0.0,0.0,0.0,0.0,0.0,0.0,0.0,6.9534613026513e-17,19.999999999999996,5.000000000000006,3246946.517379281,1409858.3562304792,0,0.0,,,,
2020-01-31 05:00:00,37.63,0.0,idle,sin_restriccion,0.0,0.0,0.0,0.0,0.0,0.0,0.0,6.9534613026513e-17,19.999999999999996,5.000000000000006,3246946.517379281,1409858.3562304792,0,0.0,,,,
2020-01-31 06:00:00,37.63,0.0,idle,sin_restriccion,0.0,0.0,0.0,0.0,0.0,0.0,0.0,6.9534613026513e-17,19.999999999999996,5.000000000000006,3246946.517379281,1409858.3562304792,0,0.0,,,,
2020-01-31 07:00:00,37.63,0.0,idle,sin_restriccion,0.0,0.0,0.0,0.0,0.0,0.0,0.0,6.9534613026513e-17,19.999999999999996,5.000000000000006,3246946.517379281,1409858.3562304792,0,0.0,,,,
2020-01-31 08:00:00,36.75,-100.0,charge,ok,-99.99999785310169,99.99999785310169,0.0,3674.999921101487,0.0,-3674.999921101487,0.019074487506696124,0.019074487506696193,26.29458087720972,6.812076313136139,4268854.890260197,1920812.5426709373,100,0.5533062219619752,1.6333385534091622,1.2403528795274816,0.6866815649834151,
2020-01-31 09:00:00,35.71,-100.0,charge,ok,-100.00000559707935,100.00000559707935,0.0,3571.000199871704,0.0,-3571.000199871704,0.03808232523084349,0.03808232523084355,32.56716732617834,8.617820896930137,5287192.526532155,2429981.3608069164,100,0.5513728678226469,1.6393119897393094,1.2468693095945675,0.684282119769492,
2020-01-31 10:00:00,36.21,-100.0,charge,ok,-99.99999359668428,99.99999359668428,0.0,3620.9997681359378,0.0,-3620.9997681359378,0.057038863377861404,0.057038863377861466,38.82282491469426,10.41869202089684,6302781.807579606,2937776.0013306416,100,0.5498847872018815,1.6439379748847116,1.2519135755856095,0.6824354169911391,
2020-01-31 11:00:00,38.27,0.0,idle,sin_restriccion,0.0,0.0,0.0,0.0,0.0,0.0,0.057038863377861404,0.057038863377861466,38.82282491469426,10.41869202089684,6302781.807579606,2937776.0013306416,0,0.0,,,,
2020-01-31 12:00:00,39.6,0.0,idle,sin_restriccion,0.0,0.0,0.0,0.0,0.0,0.0,0.057038863377861404,0.057038863377861466,38.82282491469426,10.41869202089684,6302781.807579606,2937776.0013306416,0,0.0,,,,
2020-01-31 13:00:00,39.6,0.0,idle,sin_restriccion,0.0,0.0,0.0,0.0,0.0,0.0,0.057038863377861404,0.057038863377861466,38.82282491469426,10.41869202089684,6302781.807579606,2937776.0013306416,0,0.0,,,,
2020-01-31 14:00:00,39.6,0.0,idle,sin_restriccion,0.0,0.0,0.0,0.0,0.0,0.0,0.057038863377861404,0.057038863377861466,38.82282491469426,10.41869202089684,6302781.807579606,2937776.0013306416,0,0.0,,,,
2020-01-31 15:00:00,39.6,0.0,idle,sin_restriccion,0.0,0.0,0.0,0.0,0.0,0.0,0.057038863377861404,0.057038863377861466,38.82282491469426,10.41869202089684,6302781.807579606,2937776.0013306416,0,0.0,,,,
2020-01-31 16:00:00,37.94,0.0,idle,sin_restriccion,0.0,0.0,0.0,0.0,0.0,0.0,0.057038863377861404,0.057038863377861466,38.82282491469426,10.41869202089684,6302781.807579606,2937776.0013306416,0,0.0,,,,
2020-01-31 17:00:00,34.94,-100.0,charge,ok,-100.00000107530116,100.00000107530116,0.0,3494.0000375710224,0.0,-3494.0000375710224,0.07595372237145429,0.07595372237145434,45.06472838257991,12.215603625288164,7316138.143923054,3444454.169502366,100,0.548675772547722,1.6477152009364002,1.2560308627338397,0.6809349164472426,
2020-01-31 18:00:00,33.01,-100.0,charge,ok,-99.99999951944011,99.99999951944011,0.0,3300.999984136718,0.0,-3300.999984136718,0.09483349346401439,0.09483349346401444,51.295052843124736,14.009181879081373,8327614.659388504,3950192.4272350906,100,0.5476579546928406,1.6509078809928823,1.2595099809499908,0.6796717625983931,
2020-01-31 19:00:00,36.16,-100.0,charge,ok,-100.00000133921736,100.00000133921736,0.0,3616.0000484260995,0.0,-3616.0000484260995,0.1136829788537132,0.11368297885371326,57.51538302172535,15.79988299110276,9337468.629906328,4455119.412494003,100,0.5467794373631478,1.6536732165610166,1.2625226667808829,0.6785814649414762,
2020-01-31 20:00:00,37.88,0.0,idle,sin_restriccion,0.0,0.0,0.0,0.0,0.0,0.0,0.1136829788537132,0.11368297885371326,57.51538302172535,15.79988299110276,9337468.629906328,4455119.412494003,0,0.0,,,,
2020-01-31 21:00:00,48.59,0.0,idle,sin_restriccion,0.0,0.0,0.0,0.0,0.0,0.0,0.1136829788537132,0.11368297885371326,57.51538302172535,15.79988299110276,9337468.629906328,4455119.412494003,0,0.0,,,,
2020-01-31 22:00:00,50.07,100.0,discharge,above_max_power,92.49038292179802,0.0,92.49038292179802,0.0,4630.993472894426,4630.993472894426,0.03861471955975075,0.03861471955975082,32.74285745471774,8.668398358176328,5315715.349082101,2444242.772081889,143,1.5,0.46304832084624004,1.2651794345759404,,0.3422454879794864
2020-01-31 23:00:00,50.07,0.0,idle,sin_restriccion,0.0,0.0,0.0,0.0,0.0,0.0,0.03861471955975075,0.03861471955975082,32.74285745471774,8.668398358176328,5315715.349082101,2444242.772081889,0,0.0,,,,
2020-06-01 00:00:00,63.1,0.0,idle,sin_restriccion,0.0,0.0,0.0,0.0,0.0,0.0,0.03861471955975075,0.03861471955975082,32.74285745471774,8.668398358176328,5315715.349082101,2444242.772081889,0,0.0,,,,
2020-06-01 01:00:00,61.55,0.0,idle,sin_restriccion,0.0,0.0,0.0,0.0,0.0,0.0,0.03861471955975075,0.03861471955975082,32.74285745471774,8.668398358176328,5315715.349082101,2444242.772081889,0,0.0,,,,
2020-06-01 02:00:00,53.07,0.0,idle,sin_restriccion,0.0,0.0,0.0,0.0,0.0,0.0,0.03861471955975075,0.03861471955975082,32.74285745471774,8.668398358176328,5315715.349082101,2444242.772081889,0,0.0,,,,
2020-06-01 03:00:00,39.58,-100.0,charge,ok,-99.99999238015998,99.99999238015998,0.0,3957.999698406732,0.0,-3957.999698406732,0.05756997551785346,0.05756997551785351,38.99809192089163,10.469147674196083,6331235.937348809,2952003.066215243,100,0.5498475939035417,1.6440539024380492,1.2520399615693787,0.6823892664886676,
2020-06-01 04:00:00,39.58,-100.0,charge,ok,-100.00000034609691,100.00000034609691,0.0,3958.0000136985154,0.0,-3958.0000136985154,0.07648377069533076,0.07648377069533081,45.239644329459146,12.265958216056427,7344535.280150736,3458652.7376162065,100,0.5486449137330055,1.64781181268637,1.2561361567989855,0.6808966240326201,
2020-06-01 05:00:00,39.58,-100.0,charge,ok,-99.99999349688413,99.99999349688413,0.0,3957.999742606674,0.0,-3957.999742606674,0.09536263223512913,0.09536263223512918,51.469668637592605,14.059450062337273,8355963.066674846,3964366.6308782618,100,0.5476315706968309,1.6509906968673622,1.2596002238013586,0.6796390596304566,
2020-06-01 06:00:00,39.58,0.0,idle,sin_restriccion,0.0,0.0,0.0,0.0,0.0,0.0,0.09536263223512913,0.09536263223512918,51.469668637592605,14.059450062337273,8355963.066674846,3964366.6308782618,0,0.0,,,,
2020-06-01 07:00:00,47.6,0.0,idle,sin_restriccion,0.0,0.0,0.0,0.0,0.0,0.0,0.09536263223512913,0.09536263223512918,51.469668637592605,14.059450062337273,8355963.066674846,3964366.6308782618,0,0.0,,,,
2020-06-01 08:00:00,50.27,0.0,idle,sin_restriccion,0.0,0.0,0.0,0.0,0.0,0.0,0.09536263223512913,0.09536263223512918,51.469668637592605,14.059450062337273,8355963.066674846,3964366.6308782618,0,0.0,,,,
2020-06-01 09:00:00,44.53,0.0,idle,sin_restriccion,0.0,0.0,0.0,0.0,0.0,0.0,0.09536263223512913,0.09536263223512918,51.469668637592605,14.059450062337273,8355963.066674846,3964366.6308782618,0,0.0,,,,
2020-06-01 10:00:00,34.88,-100.0,charge,ok,-100.0000083240302,100.0000083240302,0.0,3488.0002903421737,0.0,-3488.0002903421737,0.11421132627385683,0.11421132627385688,57.68973767037275,15.850075996016404,9365774.640867056,4469272.417974367,100,0.5467564821243287,1.6537457121888102,1.2626016269801073,0.6785529289112463,
2020-06-01 11:00:00,39.32,-100.0,charge,ok,-99.99999680635297,99.99999680635297,0.0,3931.9998744257987,0.0,-3931.9998744257987,0.13303347499519935,0.13303347499519938,63.90104674841578,17.63818012454394,10374164.059832962,4973467.12745732,100,0.5459864646196366,1.6561768157211705,1.265249622264393,0.6775973756083986,
2020-06-01 12:00:00,41.53,-100.0,charge,ok,-100.00000366661952,100.00000366661952,0.0,4153.000152274709,0.0,-4153.000152274709,0.15183193527633332,0.15183193527633337,70.10453864118999,19.424033851251668,11381284.379674654,5477027.287378166,100,0.5452993184328079,1.6583523710079822,1.2676187961874668,0.6767445453071764,
2020-06-01 13:00:00,45.73,0.0,idle,sin_restriccion,0.0,0.0,0.0,0.0,0.0,0.0,0.15183193527633332,0.15183193527633337,70.10453864118999,19.424033851251668,11381284.379674654,5477027.287378166,0,0.0,,,,
2020-06-01 14:00:00,45.73,0.0,idle,sin_restriccion,0.0,0.0,0.0,0.0,0.0,0.0,0.15183193527633332,0.15183193527633337,70.10453864118999,19.424033851251668,11381284.379674654,5477027.287378166,0,0.0,,,,
2020-06-01 15:00:00,42.8,0.0,idle,sin_restriccion,0.0,0.0,0.0,0.0,0.0,0.0,0.15183193527633332,0.15183193527633337,70.10453864118999,19.424033851251668,11381284.379674654,5477027.287378166,0,0.0,,,,
2020-06-01 16:00:00,38.08,0.0,idle,sin_restriccion,0.0,0.0,0.0,0.0,0.0,0.0,0.15183193527633332,0.15183193527633337,70.10453864118999,19.424033851251668,11381284.379674654,5477027.287378166,0,0.0,,,,
2020-06-01 17:00:00,52.15,0.0,idle,sin_restriccion,0.0,0.0,0.0,0.0,0.0,0.0,0.15183193527633332,0.15183193527633337,70.10453864118999,19.424033851251668,11381284.379674654,5477027.287378166,0,0.0,,,,
2020-06-01 18:00:00,89.99,100.0,discharge,above_max_power,93.4057853490092,0.0,93.4057853490092,0.0,8405.586623557338,8405.586623557338,0.07676367598237088,0.07676367598237094,45.33201307418239,12.292549218325238,7359531.098850427,3466150.6469660522,143,1.5,0.4676312357767264,1.2697623495064267,,0.3456327844799603
2020-06-01 19:00:00,96.74,100.0,discharge,above_max_power,91.385467994459,0.0,91.385467994459,0.0,8840.630173783964,8840.630173783964,0.0016954166884084415,0.001695416688408511,20.559487507174783,5.161064585398809,3337777.8180262004,1455274.0065539388,143,1.5,0.4575166213806333,1.2596477351103337,,0.33815693156381355
2020-06-01 20:00:00,84.69,0.0,idle,sin_restriccion,0.0,0.0,0.0,0.0,0.0,0.0,0.0016954166884084415,0.001695416688408511,20.559487507174783,5.161064585398809,3337777.8180262004,1455274.0065539388,0,0.0,,,,
2020-06-01 21:00:00,70.62,0.0,idle,sin_restriccion,0.0,0.0,0.0,0.0,0.0,0.0,0.0016954166884084415,0.001695416688408511,20.559487507174783,5.161064585398809,3337777.8180262004,1455274.0065539388,0,0.0,,,,
2020-06-01 22:00:00,70.62,0.0,idle,sin_restriccion,0.0,0.0,0.0,0.0,0.0,0.0,0.0016954166884084415,0.001695416688408511,20.559487507174783,5.161064585398809,3337777.8180262004,1455274.0065539388,0,0.0,,,,
2020-06-01 23:00:00,70.27,0.0,idle,sin_restriccion,0.0,0.0,0.0,0.0,0.0,0.0,0.0016954166884084415,0.001695416688408511,20.559487507174783,5.161064585398809,3337777.8180262004,1455274.0065539388,0,0.0,,,,
2020-06-02 00:00:00,70.62,0.0,idle,sin_restriccion,0.0,0.0,0.0,0.0,0.0,0.0,0.0016954166884084415,0.001695416688408511,20.559487507174783,5.161064585398809,3337777.8180262004,1455274.0065539388,0,0.0,,,,
2020-06-02 01:00:00,66.91,0.0,idle,sin_restriccion,0.0,0.0,0.0,0.0,0.0,0.0,0.0016954166884084415,0.001695416688408511,20.559487507174783,5.161064585398809,3337777.8180262004,1455274.0065539388,0,0.0,,,,
2020-06-02 02:00:00,64.26,0.0,idle,sin_restriccion,0.0,0.0,0.0,0.0,0.0,0.0,0.0016954166884084415,0.001695416688408511,20.559487507174783,5.161064585398809,3337777.8180262004,1455274.0065539388,0,0.0,,,,
2020-06-02 03:00:00,64.26,0.0,idle,sin_restriccion,0.0,0.0,0.0,0.0,0.0,0.0,0.0016954166884084415,0.001695416688408511,20.559487507174783,5.161064585398809,3337777.8180262004,1455274.0065539388,0,0.0,,,,
2020-06-02 04:00:00,61.98,0.0,idle,sin_restriccion,0.0,0.0,0.0,0.0,0.0,0.0,0.0016954166884084415,0.001695416688408511,20.559487507174783,5.161064585398809,3337777.8180262004,1455274.0065539388,0,0.0,,,,
2020-06-02 05:00:00,35.54,-100.0,charge,ok,-100.00000512934477,100.00000512934477,0.0,3554.000182296913,0.0,-3554.000182296913,0.020763124621215382,0.020763124621215448,26.851831125001073,6.972496839015467,4359322.977828941,1966046.5864553093,100,0.553109562397003,1.6339443703300258,1.2410139064031853,0.6864374503713063,
2020-06-02 06:00:00,33.56,-100.0,charge,ok,-100.00000981130049,100.00000981130049,0.0,3356.0003292672445,0.0,-3356.0003292672445,0.0397659057128284,0.03976590571282847,33.12274888523338,8.777761042718705,5377389.706946848,2475079.9510142626,100,0.5512261867523192,1.6397669587434454,1.2473654954513274,0.6841000521789565,
2020-06-02 07:00:00,37.75,-100.0,charge,ok,-100.00000788528003,100.00000788528003,0.0,3775.000297669321,0.0,-3775.000297669321,0.05871841698528448,0.058718416985284544,39.377077605143874,10.578249613602031,6392763.24972978,2982766.7224057284,100,0.5497679769992828,1.6443024230643486,1.2523108704074275,0.6822903520079139,
2020-06-02 08:00:00,41.76,0.0,idle,sin_restriccion,0.0,0.0,0.0,0.0,0.0,0.0,0.05871841698528448,0.058718416985284544,39.377077605143874,10.578249613602031,6392763.24972978,2982766.7224057284,0,0.0,,,,
2020-06-02 09:00:00,36.55,0.0,idle,sin_restriccion,0.0,0.0,0.0,0.0,0.0,0.0,0.05871841698528448,0.058718416985284544,39.377077605143874,10.578249613602031,6392763.24972978,2982766.7224057284,0,0.0,,,,
2020-06-02 10:00:00,38.73,0.0,idle,sin_restriccion,0.0,0.0,0.0,0.0,0.0,0.0,0.05871841698528448,0.058718416985284544,39.377077605143874,10.578249613602031,6392763.24972978,2982766.7224057284,0,0.0,,,,
2020-06-02 11:00:00,89.21,0.0,idle,sin_restriccion,0.0,0.0,0.0,0.0,0.0,0.0,0.05871841698528448,0.058718416985284544,39.377077605143874,10.578249613602031,6392763.24972978,2982766.7224057284,0,0.0,,,,
2020-06-02 12:00:00,71.99,0.0,idle,sin_restriccion,0.0,0.0,0.0,0.0,0.0,0.0,0.05871841698528448,0.058718416985284544,39.377077605143874,10.578249613602031,6392763.24972978,2982766.7224057284,0,0.0,,,,
2020-06-02 13:00:00,59.92,0.0,idle,sin_restriccion,0.0,0.0,0.0,0.0,0.0,0.0,0.05871841698528448,0.058718416985284544,39.377077605143874,10.578249613602031,6392763.24972978,2982766.7224057284,0,0.0,,,,
2020-06-02 14:00:00,35.59,-100.0,charge,ok,-100.00000680657203,100.00000680657203,0.0,3559.000242245899,0.0,-3559.000242245899,0.07762993026717672,0.0776299302671768,45.61787698816831,12.374843375381795,7405940.3408484785,3489355.267965078,100,0.5485787212848663,1.6480192203417903,1.2563621885423817,0.6808144318079963,
2020-06-02 15:00:00,31.29,-100.0,charge,ok,-99.99999764799539,99.99999764799539,0.0,3128.9999264057756,0.0,-3128.9999264057756,0.09650684047571975,0.09650684047571982,51.84725735698751,14.168149845193382,8417263.585546896,3995016.890314287,100,0.5475749671459199,1.6511686887208408,1.2597941496244847,0.6795687834910381,
2020-06-02 16:00:00,31.26,-100.0,charge,ok,-99.99999318974612,99.99999318974612,0.0,3125.999787111464,0.0,-3125.999787111464,0.11535382760045408,0.11535382760045414,58.06676310814985,15.958613622043142,9426983.712474743,4499876.95377821,100,0.5467069685459137,1.653901582553449,1.2627714414275986,0.6784915826974348,
2020-06-02 17:00:00,50.21,0.0,idle,sin_restriccion,0.0,0.0,0.0,0.0,0.0,0.0,0.11535382760045408,0.11535382760045414,58.06676310814985,15.958613622043142,9426983.712474743,4499876.95377821,0,0.0,,,,
2020-06-02 18:00:00,84.6,0.0,idle,sin_restriccion,0.0,0.0,0.0,0.0,0.0,0.0,0.11535382760045408,0.11535382760045414,58.06676310814985,15.958613622043142,9426983.712474743,4499876.95377821,0,0.0,,,,
2020-06-02 19:00:00,93.92,100.0,discharge,above_max_power,92.53457144909902,0.0,92.53457144909902,0.0,8690.846950499381,8690.846950499381,0.04028556830649164,0.0402855683064917,33.29423754114224,8.827128989116712,5405230.431650516,2489000.3133660965,143,1.5,0.46326954842386503,1.2654006621535654,,0.3424090003751699
2020-06-02 20:00:00,94.82,100.0,discharge,inventory_limited,73.84408660467709,0.0,73.84408660467709,0.0,7001.896291855481,7001.896291855481,8.691826628314126e-18,7.822643965482712e-17,20.000000000000004,5.000000000000008,3246946.5173792816,1409858.3562304794,143,0.8049787357277587,0.6888938536609553,1.2524321155427633,,0.5091710789089606
2020-06-02 21:00:00,92.65,0.0,idle,sin_restriccion,0.0,0.0,0.0,0.0,0.0,0.0,8.691826628314126e-18,7.822643965482712e-17,20.000000000000004,5.000000000000008,3246946.5173792816,1409858.3562304794,0,0.0,,,,
2020-06-02 22:00:00,92.47,0.0,idle,sin_restriccion,0.0,0.0,0.0,0.0,0.0,0.0,8.691826628314126e-18,7.822643965482712e-17,20.000000000000004,5.000000000000008,3246946.5173792816,1409858.3562304794,0,0.0,,,,
2020-06-02 23:00:00,92.47,0.0,idle,sin_restriccion,0.0,0.0,0.0,0.0,0.0,0.0,8.691826628314126e-18,7.822643965482712e-17,20.000000000000004,5.000000000000008,3246946.5173792816,1409858.3562304794,0,0.0,,,,
2020-06-03 00:00:00,91.75,100.0,discharge_block_empty_tank,inventory_limited,0.0,0.0,0.0,0.0,0.0,0.0,8.691826628314126e-18,7.822643965482712e-17,20.000000000000004,5.000000000000008,3246946.5173792816,1409858.3562304794,0,0.0,,,,
2020-06-03 01:00:00,84.51,0.0,idle,sin_restriccion,0.0,0.0,0.0,0.0,0.0,0.0,8.691826628314126e-18,7.822643965482712e-17,20.000000000000004,5.000000000000008,3246946.5173792816,1409858.3562304794,0,0.0,,,,
2020-06-03 02:00:00,84.51,0.0,idle,sin_restriccion,0.0,0.0,0.0,0.0,0.0,0.0,8.691826628314126e-18,7.822643965482712e-17,20.000000000000004,5.000000000000008,3246946.5173792816,1409858.3562304794,0,0.0,,,,
2020-06-03 03:00:00,84.51,0.0,idle,sin_restriccion,0.0,0.0,0.0,0.0,0.0,0.0,8.691826628314126e-18,7.822643965482712e-17,20.000000000000004,5.000000000000008,3246946.5173792816,1409858.3562304794,0,0.0,,,,
2020-06-03 04:00:00,65.33,0.0,idle,sin_restriccion,0.0,0.0,0.0,0.0,0.0,0.0,8.691826628314126e-18,7.822643965482712e-17,20.000000000000004,5.000000000000008,3246946.5173792816,1409858.3562304794,0,0.0,,,,
2020-06-03 05:00:00,32.2,-100.0,charge,ok,-99.99999785310169,99.99999785310169,0.0,3219.999930869875,0.0,-3219.999930869875,0.019074487506696124,0.0190744875066962,26.29458087720972,6.8120763131361395,4268854.890260197,1920812.5426709375,100,0.5533062219619752,1.6333385534091622,1.2403528795274816,0.6866815649834151,
2020-06-03 06:00:00,32.2,-100.0,charge,ok,-100.00000559707935,100.00000559707935,0.0,3220.0001802259553,0.0,-3220.0001802259553,0.03808232523084349,0.038082325230843574,32.56716732617834,8.617820896930139,5287192.526532155,2429981.360806917,100,0.5513728678226469,1.6393119897393094,1.2468693095945675,0.684282119769492,
2020-06-03 07:00:00,35.73,-100.0,charge,ok,-99.99999359668428,99.99999359668428,0.0,3572.9997712095287,0.0,-3572.9997712095287,0.057038863377861404,0.05703886337786148,38.82282491469426,10.418692020896842,6302781.807579606,2937776.001330642,100,0.5498847872018815,1.6439379748847116,1.2519135755856095,0.6824354169911391,
2020-06-03 08:00:00,43.98,0.0,idle,sin_restriccion,0.0,0.0,0.0,0.0,0.0,0.0,0.057038863377861404,0.05703886337786148,38.82282491469426,10.418692020896842,6302781.807579606,2937776.001330642,0,0.0,,,,
2020-06-03 09:00:00,59.91,0.0,idle,sin_restriccion,0.0,0.0,0.0,0.0,0.0,0.0,0.057038863377861404,0.05703886337786148,38.82282491469426,10.418692020896842,6302781.807579606,2937776.001330642,0,0.0,,,,
2020-06-03 10:00:00,87.79,100.0,discharge,inventory_limited,90.60434735971107,0.0,90.60434735971107,0.0,7954.155654709036,7954.155654709036,8.691826628314126e-18,9.561009291145536e-17,20.000000000000004,5.000000000000009,3246946.5173792816,1409858.35623048,143,1.1397399629549336,0.5969861495333154,1.2560308627338397,,0.4412408097941669
2020-06-03 11:00:00,76.69,0.0,idle,sin_restriccion,0.0,0.0,0.0,0.0,0.0,0.0,8.691826628314126e-18,9.561009291145536e-17,20.000000000000004,5.000000000000009,3246946.5173792816,1409858.35623048,0,0.0,,,,
2020-06-03 12:00:00,64.24,0.0,idle,sin_restriccion,0.0,0.0,0.0,0.0,0.0,0.0,8.691826628314126e-18,9.561009291145536e-17,20.000000000000004,5.000000000000009,3246946.5173792816,1409858.35623048,0,0.0,,,,
2020-06-03 13:00:00,55.77,0.0,idle,sin_restriccion,0.0,0.0,0.0,0.0,0.0,0.0,8.691826628314126e-18,9.561009291145536e-17,20.000000000000004,5.000000000000009,3246946.5173792816,1409858.35623048,0,0.0,,,,
2020-06-03 14:00:00,47.22,0.0,idle,sin_restriccion,0.0,0.0,0.0,0.0,0.0,0.0,8.691826628314126e-18,9.561009291145536e-17,20.000000000000004,5.000000000000009,3246946.5173792816,1409858.35623048,0,0.0,,,,
2020-06-03 15:00:00,42.32,-100.0,charge,ok,-99.99999785310169,99.99999785310169,0.0,4231.999909143264,0.0,-4231.999909143264,0.019074487506696124,0.019074487506696217,26.29458087720972,6.812076313136141,4268854.890260197,1920812.542670938,100,0.5533062219619752,1.6333385534091622,1.2403528795274816,0.6866815649834151,
2020-06-03 16:00:00,35.76,-100.0,charge,ok,-100.00000559707935,100.00000559707935,0.0,3576.0002001515572,0.0,-3576.0002001515572,0.03808232523084349,0.03808232523084359,32.56716732617834,8.61782089693014,5287192.526532155,2429981.3608069173,100,0.5513728678226469,1.6393119897393094,1.2468693095945675,0.684282119769492,
2020-06-03 17:00:00,45.9,-100.0,charge,ok,-99.99999359668428,99.99999359668428,0.0,4589.999706087809,0.0,-4589.999706087809,0.057038863377861404,0.0570388633778615,38.82282491469426,10.418692020896842,6302781.807579606,2937776.0013306425,100,0.5498847872018815,1.6439379748847116,1.2519135755856095,0.6824354169911391,
2020-06-03 18:00:00,58.65,0.0,idle,sin_restriccion,0.0,0.0,0.0,0.0,0.0,0.0,0.057038863377861404,0.0570388633778615,38.82282491469426,10.418692020896842,6302781.807579606,2937776.0013306425,0,0.0,,,,
2020-06-03 19:00:00,72.91,0.0,idle,sin_restriccion,0.0,0.0,0.0,0.0,0.0,0.0,0.057038863377861404,0.0570388633778615,38.82282491469426,10.418692020896842,6302781.807579606,2937776.0013306425,0,0.0,,,,
2020-06-03 20:00:00,66.65,0.0,idle,sin_restriccion,0.0,0.0,0.0,0.0,0.0,0.0,0.057038863377861404,0.0570388633778615,38.82282491469426,10.418692020896842,6302781.807579606,2937776.0013306425,0,0.0,,,,
2020-06-03 21:00:00,42.21,0.0,idle,sin_restriccion,0.0,0.0,0.0,0.0,0.0,0.0,0.057038863377861404,0.0570388633778615,38.82282491469426,10.418692020896842,6302781.807579606,2937776.0013306425,0,0.0,,,,
2020-06-03 22:00:00,40.4,0.0,idle,sin_restriccion,0.0,0.0,0.0,0.0,0.0,0.0,0.057038863377861404,0.0570388633778615,38.82282491469426,10.418692020896842,6302781.807579606,2937776.0013306425,0,0.0,,,,
2020-06-03 23:00:00,45.9,0.0,idle,sin_restriccion,0.0,0.0,0.0,0.0,0.0,0.0,0.057038863377861404,0.0570388633778615,38.82282491469426,10.418692020896842,6302781.807579606,2937776.0013306425,0,0.0,,,,
2020-06-04 00:00:00,47.28,0.0,idle,sin_restriccion,0.0,0.0,0.0,0.0,0.0,0.0,0.057038863377861404,0.0570388633778615,38.82282491469426,10.418692020896842,6302781.807579606,2937776.0013306425,0,0.0,,,,
2020-06-04 01:00:00,46.89,0.0,idle,sin_restriccion,0.0,0.0,0.0,0.0,0.0,0.0,0.057038863377861404,0.0570388633778615,38.82282491469426,10.418692020896842,6302781.807579606,2937776.0013306425,0,0.0,,,,
2020-06-04 02:00:00,35.35,0.0,idle,sin_restriccion,0.0,0.0,0.0,0.0,0.0,0.0,0.057038863377861404,0.0570388633778615,38.82282491469426,10.418692020896842,6302781.807579606,2937776.0013306425,0,0.0,,,,
2020-06-04 03:00:00,32.85,0.0,idle,sin_restriccion,0.0,0.0,0.0,0.0,0.0,0.0,0.057038863377861404,0.0570388633778615,38.82282491469426,10.418692020896842,6302781.807579606,2937776.0013306425,0,0.0,,,,
2020-06-04 04:00:00,32.85,-100.0,charge,ok,-100.00000107530116,100.00000107530116,0.0,3285.0000353236433,0.0,-3285.0000353236433,0.07595372237145429,0.07595372237145438,45.06472838257991,12.215603625288166,7316138.143923054,3444454.169502367,100,0.548675772547722,1.6477152009364002,1.2560308627338397,0.6809349164472426,
2020-06-04 05:00:00,32.85,-100.0,charge,ok,-99.99999951944011,99.99999951944011,0.0,3284.9999842136076,0.0,-3284.9999842136076,0.09483349346401439,0.09483349346401448,51.295052843124736,14.009181879081375,8327614.659388504,3950192.4272350916,100,0.5476579546928406,1.6509078809928823,1.2595099809499908,0.6796717625983931,
2020-06-04 06:00:00,32.68,-100.0,charge,ok,-100.00000133921736,100.00000133921736,0.0,3268.0000437656236,0.0,-3268.0000437656236,0.1136829788537132,0.1136829788537133,57.51538302172535,15.799882991102761,9337468.629906328,4455119.412494004,100,0.5467794373631478,1.6536732165610166,1.2625226667808829,0.6785814649414762,
2020-06-04 07:00:00,34.03,0.0,idle,sin_restriccion,0.0,0.0,0.0,0.0,0.0,0.0,0.1136829788537132,0.1136829788537133,57.51538302172535,15.799882991102761,9337468.629906328,4455119.412494004,0,0.0,,,,
2020-06-04 08:00:00,35.64,0.0,idle,sin_restriccion,0.0,0.0,0.0,0.0,0.0,0.0,0.1136829788537132,0.1136829788537133,57.51538302172535,15.799882991102761,9337468.629906328,4455119.412494004,0,0.0,,,,
2020-06-04 09:00:00,36.13,0.0,idle,sin_restriccion,0.0,0.0,0.0,0.0,0.0,0.0,0.1136829788537132,0.1136829788537133,57.51538302172535,15.799882991102761,9337468.629906328,4455119.412494004,0,0.0,,,,
2020-06-04 10:00:00,36.35,0.0,idle,sin_restriccion,0.0,0.0,0.0,0.0,0.0,0.0,0.1136829788537132,0.1136829788537133,57.51538302172535,15.799882991102761,9337468.629906328,4455119.412494004,0,0.0,,,,
2020-06-04 11:00:00,35.16,0.0,idle,sin_restriccion,0.0,0.0,0.0,0.0,0.0,0.0,0.1136829788537132,0.1136829788537133,57.51538302172535,15.799882991102761,9337468.629906328,4455119.412494004,0,0.0,,,,
2020-06-04 12:00:00,33.59,-100.0,charge,ok,-99.9999999314152,99.9999999314152,0.0,3358.999997696237,0.0,-3358.999997696237,0.1325058307755389,0.13250583077553899,63.72692415592783,17.588053923676206,10345895.722569173,4959332.958825426,100,0.5460068628191947,1.6561123746759954,1.2651794345759404,0.6776226696504707,
2020-06-04 13:00:00,33.59,-100.0,charge,ok,-99.99999291007848,99.99999291007848,0.0,3358.9997618495363,0.0,-3358.9997618495363,0.15130492013060945,0.15130492013060953,69.93062364310111,19.373967412407907,11353049.744806418,5462909.969944049,100,0.5453175663948058,1.658294342977182,1.2675556255427303,0.6767672647648066,
2020-06-04 14:00:00,33.59,-100.0,charge,ok,-99.9999920499823,99.9999920499823,0.0,3358.9997329589055,0.0,-3358.9997329589055,0.17008256487607307,0.17008256487607318,76.1272464091041,21.157843663226952,12359054.88028575,5965912.537683714,100,0.5446955084800722,1.6602683031632115,1.269704919290942,0.6759952645784344,
2020-06-04 15:00:00,34.54,0.0,idle,sin_restriccion,0.0,0.0,0.0,0.0,0.0,0.0,0.17008256487607307,0.17008256487607318,76.1272464091041,21.157843663226952,12359054.88028575,5965912.537683714,0,0.0,,,,
2020-06-04 16:00:00,38.18,0.0,idle,sin_restriccion,0.0,0.0,0.0,0.0,0.0,0.0,0.17008256487607307,0.17008256487607318,76.1272464091041,21.157843663226952,12359054.88028575,5965912.537683714,0,0.0,,,,
2020-06-04 17:00:00,52.68,0.0,idle,sin_restriccion,0.0,0.0,0.0,0.0,0.0,0.0,0.17008256487607307,0.17008256487607318,76.1272464091041,21.157843663226952,12359054.88028575,5965912.537683714,0,0.0,,,,
2020-06-04 18:00:00,90.88,100.0,discharge,above_max_power,93.7862088170383,0.0,93.7862088170383,0.0,8523.29065729244,8523.29065729244,0.09501430558211064,0.09501430558211073,51.3547208420965,14.02635903030052,8337301.599461522,3955035.8972716006,143,1.5,0.4695358062035818,1.2716669199332822,,0.3470404791109205
2020-06-04 19:00:00,95.73,100.0,discharge,above_max_power,91.96510923973882,0.0,91.96510923973882,0.0,8803.819907520197,8803.819907520197,0.01994604628814819,0.019946046288148302,26.582195275088903,6.894874397374089,4315548.318637295,1944159.2568594872,143,1.5,0.4604185653108145,1.2625496790405148,,0.34030179889571294
2020-06-04 20:00:00,90.73,0.0,idle,sin_restriccion,0.0,0.0,0.0,0.0,0.0,0.0,0.01994604628814819,0.019946046288148302,26.582195275088903,6.894874397374089,4315548.318637295,1944159.2568594872,0,0.0,,,,
2020-06-04 21:00:00,89.81,0.0,idle,sin_restriccion,0.0,0.0,0.0,0.0,0.0,0.0,0.01994604628814819,0.019946046288148302,26.582195275088903,6.894874397374089,4315548.318637295,1944159.2568594872,0,0.0,,,,
2020-06-04 22:00:00,65.02,0.0,idle,sin_restriccion,0.0,0.0,0.0,0.0,0.0,0.0,0.01994604628814819,0.019946046288148302,26.582195275088903,6.894874397374089,4315548.318637295,1944159.2568594872,0,0.0,,,,
2020-06-04 23:00:00,65.66,0.0,idle,sin_restriccion,0.0,0.0,0.0,0.0,0.0,0.0,0.01994604628814819,0.019946046288148302,26.582195275088903,6.894874397374089,4315548.318637295,1944159.2568594872,0,0.0,,,,
2020-06-05 00:00:00,65.85,0.0,idle,sin_restriccion,0.0,0.0,0.0,0.0,0.0,0.0,0.01994604628814819,0.019946046288148302,26.582195275088903,6.894874397374089,4315548.318637295,1944159.2568594872,0,0.0,,,,
2020-06-05 01:00:00,45.74,0.0,idle,sin_restriccion,0.0,0.0,0.0,0.0,0.0,0.0,0.01994604628814819,0.019946046288148302,26.582195275088903,6.894874397374089,4315548.318637295,1944159.2568594872,0,0.0,,,,
2020-06-05 02:00:00,32.35,-100.0,charge,ok,-100.00000477763582,100.00000477763582,0.0,3235.000154556519,0.0,-3235.000154556519,0.03895125953185975,0.03895125953185986,32.853915645513716,8.700369655526684,5333745.349373672,2453257.7722276757,100,0.5512967377901077,1.6395480449580988,1.247126756714358,0.6841876440856219,
2020-06-05 03:00:00,32.34,-100.0,charge,ok,-99.99999962999878,99.99999962999878,0.0,3233.999988034161,0.0,-3233.999988034161,0.057905710115050094,0.05790571011505019,39.10888433796653,10.501042460929767,6349222.789987477,2960996.492534578,100,0.5498242318630219,1.6441268648367968,1.2521194932661919,0.6823602235195929,
2020-06-05 04:00:00,32.34,-100.0,charge,ok,-99.99999266638608,99.99999266638608,0.0,3233.999762830926,0.0,-3233.999762830926,0.07681883414676707,0.07681883414676717,45.35021526843313,12.297789243942882,7362486.176411983,3467628.185746831,100,0.5486254453659057,1.6478726451551275,1.2562024668783456,0.6808725150743727,
2020-06-05 05:00:00,32.42,-100.0,charge,ok,-99.9999902294294,99.9999902294294,0.0,3241.999683238101,0.0,-3241.999683238101,0.09569712270839396,0.09569712270839406,51.58005049377001,14.091226657297435,8373883.265849699,3973326.730465689,100,0.5476149499416353,1.6510428803791046,1.259657086030537,0.6796184546211688,
2020-06-05 06:00:00,34.22,-100.0,charge,ok,-100.00000087530218,100.00000087530218,0.0,3422.0000299528406,0.0,-3422.0000299528406,0.11454531589207667,0.11454531589207675,57.79995424438529,15.881805009747294,9383668.006924432,4478219.101003055,100,0.5467419534921647,1.653791394015725,1.26265140034553,0.6785349486733457,
2020-06-05 07:00:00,34.7,-100.0,charge,ok,-99.99999846280946,99.99999846280946,0.0,3469.9999466594886,0.0,-3469.9999466594886,0.1333670218575594,0.13336702185755947,64.01111721299458,17.669867076468147,10392033.705414487,4982401.950248083,100,0.5459736213088036,1.656217454749332,1.2652938795790047,0.677581425173095,
2020-06-05 08:00:00,34.7,0.0,idle,sin_restriccion,0.0,0.0,0.0,0.0,0.0,0.0,0.1333670218575594,0.13336702185755947,64.01111721299458,17.669867076468147,10392033.705414487,4982401.950248083,0,0.0,,,,
2020-06-05 09:00:00,37.63,0.0,idle,sin_restriccion,0.0,0.0,0.0,0.0,0.0,0.0,0.1333670218575594,0.13336702185755947,64.01111721299458,17.669867076468147,10392033.705414487,4982401.950248083,0,0.0,,,,
2020-06-05 10:00:00,36.98,0.0,idle,sin_restriccion,0.0,0.0,0.0,0.0,0.0,0.0,0.1333670218575594,0.13336702185755947,64.01111721299458,17.669867076468147,10392033.705414487,4982401.950248083,0,0.0,,,,
2020-06-05 11:00:00,38.84,0.0,idle,sin_restriccion,0.0,0.0,0.0,0.0,0.0,0.0,0.1333670218575594,0.13336702185755947,64.01111721299458,17.669867076468147,10392033.705414487,4982401.950248083,0,0.0,,,,
2020-06-05 12:00:00,37.39,0.0,idle,sin_restriccion,0.0,0.0,0.0,0.0,0.0,0.0,0.1333670218575594,0.13336702185755947,64.01111721299458,17.669867076468147,10392033.705414487,4982401.950248083,0,0.0,,,,
2020-06-05 13:00:00,36.68,0.0,idle,sin_restriccion,0.0,0.0,0.0,0.0,0.0,0.0,0.1333670218575594,0.13336702185755947,64.01111721299458,17.669867076468147,10392033.705414487,4982401.950248083,0,0.0,,,,
2020-06-05 14:00:00,36.68,0.0,idle,sin_restriccion,0.0,0.0,0.0,0.0,0.0,0.0,0.1333670218575594,0.13336702185755947,64.01111721299458,17.669867076468147,10392033.705414487,4982401.950248083,0,0.0,,,,
2020-06-05 15:00:00,36.68,0.0,idle,sin_restriccion,0.0,0.0,0.0,0.0,0.0,0.0,0.1333670218575594,0.13336702185755947,64.01111721299458,17.669867076468147,10392033.705414487,4982401.950248083,0,0.0,,,,
2020-06-05 16:00:00,36.68,0.0,idle,sin_restriccion,0.0,0.0,0.0,0.0,0.0,0.0,0.1333670218575594,0.13336702185755947,64.01111721299458,17.669867076468147,10392033.705414487,4982401.950248083,0,0.0,,,,
2020-06-05 17:00:00,40.76,0.0,idle,sin_restriccion,0.0,0.0,0.0,0.0,0.0,0.0,0.1333670218575594,0.13336702185755947,64.01111721299458,17.669867076468147,10392033.705414487,4982401.950248083,0,0.0,,,,
2020-06-05 18:00:00,76.14,100.0,discharge,above_max_power,92.98558517497409,0.0,92.98558517497409,0.0,7079.922455222527,7079.922455222527,0.05829876256359693,0.05829876256359703,39.238591645986986,10.538382443541717,6370280.42459026,2971525.3098359695,143,1.5,0.4655275253274923,1.2676586390571927,,0.34407790267421295
2020-06-05 19:00:00,91.97,100.0,discharge,inventory_limited,91.46336348433033,0.0,91.46336348433033,0.0,8411.88553965386,8411.88553965386,8.691826628314126e-18,1.1299374616808363e-16,20.000000000000004,5.000000000000011,3246946.5173792816,1409858.3562304804,143,1.1649150342350971,0.5896223170789899,1.256279853390157,,0.435798098270834
2020-06-05 20:00:00,67.77,0.0,idle,sin_restriccion,0.0,0.0,0.0,0.0,0.0,0.0,8.691826628314126e-18,1.1299374616808363e-16,20.000000000000004,5.000000000000011,3246946.5173792816,1409858.3562304804,0,0.0,,,,
2020-06-05 21:00:00,40.98,0.0,idle,sin_restriccion,0.0,0.0,0.0,0.0,0.0,0.0,8.691826628314126e-18,1.1299374616808363e-16,20.000000000000004,5.000000000000011,3246946.5173792816,1409858.3562304804,0,0.0,,,,
2020-06-05 22:00:00,38.05,0.0,idle,sin_restriccion,0.0,0.0,0.0,0.0,0.0,0.0,8.691826628314126e-18,1.1299374616808363e-16,20.000000000000004,5.000000000000011,3246946.5173792816,1409858.3562304804,0,0.0,,,,
2020-06-05 23:00:00,42.35,0.0,idle,sin_restriccion,0.0,0.0,0.0,0.0,0.0,0.0,8.691826628314126e-18,1.1299374616808363e-16,20.000000000000004,5.000000000000011,3246946.5173792816,1409858.3562304804,0,0.0,,,,
2020-06-06 00:00:00,43.54,0.0,idle,sin_restriccion,0.0,0.0,0.0,0.0,0.0,0.0,8.691826628314126e-18,1.1299374616808363e-16,20.000000000000004,5.000000000000011,3246946.5173792816,1409858.3562304804,0,0.0,,,,
2020-06-06 01:00:00,46.02,0.0,idle,sin_restriccion,0.0,0.0,0.0,0.0,0.0,0.0,8.691826628314126e-18,1.1299374616808363e-16,20.000000000000004,5.000000000000011,3246946.5173792816,1409858.3562304804,0,0.0,,,,
2020-06-06 02:00:00,39.41,0.0,idle,sin_restriccion,0.0,0.0,0.0,0.0,0.0,0.0,8.691826628314126e-18,1.1299374616808363e-16,20.000000000000004,5.000000000000011,3246946.5173792816,1409858.3562304804,0,0.0,,,,
2020-06-06 03:00:00,35.59,-100.0,charge,ok,-99.99999785310169,99.99999785310169,0.0,3558.9999235918895,0.0,-3558.9999235918895,0.019074487506696124,0.019074487506696235,26.29458087720972,6.812076313136142,4268854.890260197,1920812.5426709384,100,0.5533062219619752,1.6333385534091622,1.2403528795274816,0.6866815649834151,
2020-06-06 04:00:00,35.59,-100.0,charge,ok,-100.00000559707935,100.00000559707935,0.0,3559.0001992000543,0.0,-3559.0001992000543,0.03808232523084349,0.03808232523084361,32.56716732617834,8.61782089693014,5287192.526532155,2429981.360806918,100,0.5513728678226469,1.6393119897393094,1.2468693095945675,0.684282119769492,
2020-06-06 05:00:00,35.59,-100.0,charge,ok,-99.99999359668428,99.99999359668428,0.0,3558.9997721059935,0.0,-3558.9997721059935,0.057038863377861404,0.057038863377861515,38.82282491469426,10.418692020896845,6302781.807579606,2937776.001330643,100,0.5498847872018815,1.6439379748847116,1.2519135755856095,0.6824354169911391,
2020-06-06 06:00:00,39.6,0.0,idle,sin_restriccion,0.0,0.0,0.0,0.0,0.0,0.0,0.057038863377861404,0.057038863377861515,38.82282491469426,10.418692020896845,6302781.807579606,2937776.001330643,0,0.0,,,,
2020-06-06 07:00:00,53.51,0.0,idle,sin_restriccion,0.0,0.0,0.0,0.0,0.0,0.0,0.057038863377861404,0.057038863377861515,38.82282491469426,10.418692020896845,6302781.807579606,2937776.001330643,0,0.0,,,,
2020-06-06 08:00:00,59.59,0.0,idle,sin_restriccion,0.0,0.0,0.0,0.0,0.0,0.0,0.057038863377861404,0.057038863377861515,38.82282491469426,10.418692020896845,6302781.807579606,2937776.001330643,0,0.0,,,,
2020-06-06 09:00:00,38.47,0.0,idle,sin_restriccion,0.0,0.0,0.0,0.0,0.0,0.0,0.057038863377861404,0.057038863377861515,38.82282491469426,10.418692020896845,6302781.807579606,2937776.001330643,0,0.0,,,,
2020-06-06 10:00:00,38.28,0.0,idle,sin_restriccion,0.0,0.0,0.0,0.0,0.0,0.0,0.057038863377861404,0.057038863377861515,38.82282491469426,10.418692020896845,6302781.807579606,2937776.001330643,0,0.0,,,,
2020-06-06 11:00:00,38.71,0.0,idle,sin_restriccion,0.0,0.0,0.0,0.0,0.0,0.0,0.057038863377861404,0.057038863377861515,38.82282491469426,10.418692020896845,6302781.807579606,2937776.001330643,0,0.0,,,,
2020-06-06 12:00:00,40.31,0.0,idle,sin_restriccion,0.0,0.0,0.0,0.0,0.0,0.0,0.057038863377861404,0.057038863377861515,38.82282491469426,10.418692020896845,6302781.807579606,2937776.001330643,0,0.0,,,,
2020-06-06 13:00:00,40.28,0.0,idle,sin_restriccion,0.0,0.0,0.0,0.0,0.0,0.0,0.057038863377861404,0.057038863377861515,38.82282491469426,10.418692020896845,6302781.807579606,2937776.001330643,0,0.0,,,,
2020-06-06 14:00:00,38.29,-100.0,charge,ok,-100.00000107530116,100.00000107530116,0.0,3829.0000411732813,0.0,-3829.0000411732813,0.07595372237145429,0.0759537223714544,45.06472838257991,12.215603625288168,7316138.143923054,3444454.1695023673,100,0.548675772547722,1.6477152009364002,1.2560308627338397,0.6809349164472426,
2020-06-06 15:00:00,38.28,-100.0,charge,ok,-99.99999951944011,99.99999951944011,0.0,3827.9999816041677,0.0,-3827.9999816041677,0.09483349346401439,0.0948334934640145,51.295052843124736,14.009181879081376,8327614.659388504,3950192.427235092,100,0.5476579546928406,1.6509078809928823,1.2595099809499908,0.6796717625983931,
2020-06-06 16:00:00,38.28,-100.0,charge,ok,-100.00000133921736,100.00000133921736,0.0,3828.000051265241,0.0,-3828.000051265241,0.1136829788537132,0.1136829788537133,57.51538302172535,15.799882991102761,9337468.629906328,4455119.412494004,100,0.5467794373631478,1.6536732165610166,1.2625226667808829,0.6785814649414762,
2020-06-06 17:00:00,42.52,0.0,idle,sin_restriccion,0.0,0.0,0.0,0.0,0.0,0.0,0.1136829788537132,0.1136829788537133,57.51538302172535,15.799882991102761,9337468.629906328,4455119.412494004,0,0.0,,,,
2020-06-06 18:00:00,76.58,0.0,idle,sin_restriccion,0.0,0.0,0.0,0.0,0.0,0.0,0.1136829788537132,0.1136829788537133,57.51538302172535,15.799882991102761,9337468.629906328,4455119.412494004,0,0.0,,,,
2020-06-06 19:00:00,101.18,0.0,idle,sin_restriccion,0.0,0.0,0.0,0.0,0.0,0.0,0.1136829788537132,0.1136829788537133,57.51538302172535,15.799882991102761,9337468.629906328,4455119.412494004,0,0.0,,,,
2020-06-06 20:00:00,101.59,0.0,idle,sin_restriccion,0.0,0.0,0.0,0.0,0.0,0.0,0.1136829788537132,0.1136829788537133,57.51538302172535,15.799882991102761,9337468.629906328,4455119.412494004,0,0.0,,,,
2020-06-06 21:00:00,102.24,0.0,idle,sin_restriccion,0.0,0.0,0.0,0.0,0.0,0.0,0.1136829788537132,0.1136829788537133,57.51538302172535,15.799882991102761,9337468.629906328,4455119.412494004,0,0.0,,,,
2020-06-06 22:00:00,104.06,100.0,discharge,above_max_power,92.49038292179802,0.0,92.49038292179802,0.0,9624.549246842302,9624.549246842302,0.03861471955975075,0.038614719559750856,32.74285745471774,8.668398358176331,5315715.349082101,2444242.77208189,143,1.5,0.46304832084624004,1.2651794345759404,,0.3422454879794864
2020-06-06 23:00:00,102.26,100.0,discharge,inventory_limited,71.70377603158302,0.0,71.70377603158302,0.0,7332.42813698968,7332.42813698968,0.0,1.0430191953976949e-16,19.999999999999996,5.00000000000001,3246946.517379281,1409858.3562304801,143,0.7715921467261819,0.6978711153200847,1.2520399615693787,,0.5158062985154872
2020-06-07 00:00:00,87.17,0.0,idle,sin_restriccion,0.0,0.0,0.0,0.0,0.0,0.0,0.0,1.0430191953976949e-16,19.999999999999996,5.00000000000001,3246946.517379281,1409858.3562304801,0,0.0,,,,
2020-06-07 01:00:00,87.99,0.0,idle,sin_restriccion,0.0,0.0,0.0,0.0,0.0,0.0,0.0,1.0430191953976949e-16,19.999999999999996,5.00000000000001,3246946.517379281,1409858.3562304801,0,0.0,,,,
2020-06-07 02:00:00,75.91,0.0,idle,sin_restriccion,0.0,0.0,0.0,0.0,0.0,0.0,0.0,1.0430191953976949e-16,19.999999999999996,5.00000000000001,3246946.517379281,1409858.3562304801,0,0.0,,,,
2020-06-07 03:00:00,40.57,0.0,idle,sin_restriccion,0.0,0.0,0.0,0.0,0.0,0.0,0.0,1.0430191953976949e-16,19.999999999999996,5.00000000000001,3246946.517379281,1409858.3562304801,0,0.0,,,,
2020-06-07 04:00:00,32.88,-100.0,charge,ok,-99.99999785310169,99.99999785310169,0.0,3287.999929409984,0.0,-3287.999929409984,0.019074487506696124,0.019074487506696228,26.29458087720972,6.812076313136142,4268854.890260197,1920812.5426709382,100,0.5533062219619752,1.6333385534091622,1.2403528795274816,0.6866815649834151,
2020-06-07 05:00:00,32.88,-100.0,charge,ok,-100.00000559707935,100.00000559707935,0.0,3288.000184031969,0.0,-3288.000184031969,0.03808232523084349,0.03808232523084359,32.56716732617834,8.61782089693014,5287192.526532155,2429981.3608069173,100,0.5513728678226469,1.6393119897393094,1.2468693095945675,0.684282119769492,
2020-06-07 06:00:00,36.74,-100.0,charge,ok,-99.99999359668428,99.99999359668428,0.0,3673.9997647421806,0.0,-3673.9997647421806,0.057038863377861404,0.0570388633778615,38.82282491469426,10.418692020896842,6302781.807579606,2937776.0013306425,100,0.5498847872018815,1.6439379748847116,1.2519135755856095,0.6824354169911391,
2020-06-07 07:00:00,64.27,0.0,idle,sin_restriccion,0.0,0.0,0.0,0.0,0.0,0.0,0.057038863377861404,0.0570388633778615,38.82282491469426,10.418692020896842,6302781.807579606,2937776.0013306425,0,0.0,,,,
2020-06-07 08:00:00,58.22,0.0,idle,sin_restriccion,0.0,0.0,0.0,0.0,0.0,0.0,0.057038863377861404,0.0570388633778615,38.82282491469426,10.418692020896842,6302781.807579606,2937776.0013306425,0,0.0,,,,
2020-06-07 09:00:00,34.17,-100.0,charge,ok,-100.00000107530116,100.00000107530116,0.0,3417.0000367430407,0.0,-3417.0000367430407,0.07595372237145429,0.07595372237145438,45.06472838257991,12.215603625288166,7316138.143923054,3444454.169502367,100,0.548675772547722,1.6477152009364002,1.2560308627338397,0.6809349164472426,
2020-06-07 10:00:00,31.72,-100.0,charge,ok,-99.99999951944011,99.99999951944011,0.0,3171.99998475664,0.0,-3171.99998475664,0.09483349346401439,0.09483349346401448,51.295052843124736,14.009181879081375,8327614.659388504,3950192.4272350916,100,0.5476579546928406,1.6509078809928823,1.2595099809499908,0.6796717625983931,
2020-06-07 11:00:00,34.68,-100.0,charge,ok,-100.00000133921736,100.00000133921736,0.0,3468.000046444058,0.0,-3468.000046444058,0.1136829788537132,0.1136829788537133,57.51538302172535,15.799882991102761,9337468.629906328,4455119.412494004,100,0.5467794373631478,1.6536732165610166,1.2625226667808829,0.6785814649414762,
2020-06-07 12:00:00,44.69,0.0,idle,sin_restriccion,0.0,0.0,0.0,0.0,0.0,0.0,0.1136829788537132,0.1136829788537133,57.51538302172535,15.799882991102761,9337468.629906328,4455119.412494004,0,0.0,,,,
2020-06-07 13:00:00,45.21,0.0,idle,sin_restriccion,0.0,0.0,0.0,0.0,0.0,0.0,0.1136829788537132,0.1136829788537133,57.51538302172535,15.799882991102761,9337468.629906328,4455119.412494004,0,0.0,,,,
2020-06-07 14:00:00,45.21,0.0,idle,sin_restriccion,0.0,0.0,0.0,0.0,0.0,0.0,0.1136829788537132,0.1136829788537133,57.51538302172535,15.799882991102761,9337468.629906328,4455119.412494004,0,0.0,,,,
2020-06-07 15:00:00,45.21,0.0,idle,sin_restriccion,0.0,0.0,0.0,0.0,0.0,0.0,0.1136829788537132,0.1136829788537133,57.51538302172535,15.799882991102761,9337468.629906328,4455119.412494004,0,0.0,,,,
2020-06-07 16:00:00,45.21,0.0,idle,sin_restriccion,0.0,0.0,0.0,0.0,0.0,0.0,0.1136829788537132,0.1136829788537133,57.51538302172535,15.799882991102761,9337468.629906328,4455119.412494004,0,0.0,,,,
2020-06-07 17:00:00,70.06,0.0,idle,sin_restriccion,0.0,0.0,0.0,0.0,0.0,0.0,0.1136829788537132,0.1136829788537133,57.51538302172535,15.799882991102761,9337468.629906328,4455119.412494004,0,0.0,,,,
2020-06-07 18:00:00,93.9,0.0,idle,sin_restriccion,0.0,0.0,0.0,0.0,0.0,0.0,0.1136829788537132,0.1136829788537133,57.51538302172535,15.799882991102761,9337468.629906328,4455119.412494004,0,0.0,,,,
2020-06-07 19:00:00,101.7,100.0,discharge,above_max_power,92.49038292179802,0.0,92.49038292179802,0.0,9406.271943146858,9406.271943146858,0.03861471955975075,0.038614719559750856,32.74285745471774,8.668398358176331,5315715.349082101,2444242.77208189,143,1.5,0.46304832084624004,1.2651794345759404,,0.3422454879794864
2020-06-07 20:00:00,96.41,100.0,discharge,inventory_limited,71.70377603158302,0.0,71.70377603158302,0.0,6912.961047204919,6912.961047204919,0.0,1.0430191953976949e-16,19.999999999999996,5.00000000000001,3246946.517379281,1409858.3562304801,143,0.7715921467261819,0.6978711153200847,1.2520399615693787,,0.5158062985154872
2020-06-07 21:00:00,77.38,0.0,idle,sin_restriccion,0.0,0.0,0.0,0.0,0.0,0.0,0.0,1.0430191953976949e-16,19.999999999999996,5.00000000000001,3246946.517379281,1409858.3562304801,0,0.0,,,,
2020-06-07 22:00:00,77.26,0.0,idle,sin_restriccion,0.0,0.0,0.0,0.0,0.0,0.0,0.0,1.0430191953976949e-16,19.999999999999996,5.00000000000001,3246946.517379281,1409858.3562304801,0,0.0,,,,
2020-06-07 23:00:00,75.41,0.0,idle,sin_restriccion,0.0,0.0,0.0,0.0,0.0,0.0,0.0,1.0430191953976949e-16,19.999999999999996,5.00000000000001,3246946.517379281,1409858.3562304801,0,0.0,,,,
2020-06-08 00:00:00,48.02,0.0,idle,sin_restriccion,0.0,0.0,0.0,0.0,0.0,0.0,0.0,1.0430191953976949e-16,19.999999999999996,5.00000000000001,3246946.517379281,1409858.3562304801,0,0.0,,,,
2020-06-08 01:00:00,32.48,-100.0,charge,ok,-99.99999785310169,99.99999785310169,0.0,3247.9999302687424,0.0,-3247.9999302687424,0.019074487506696124,0.019074487506696228,26.29458087720972,6.812076313136142,4268854.890260197,1920812.5426709382,100,0.5533062219619752,1.6333385534091622,1.2403528795274816,0.6866815649834151,
2020-06-08 02:00:00,32.38,-100.0,charge,ok,-100.00000559707935,100.00000559707935,0.0,3238.0001812334294,0.0,-3238.0001812334294,0.03808232523084349,0.03808232523084359,32.56716732617834,8.61782089693014,5287192.526532155,2429981.3608069173,100,0.5513728678226469,1.6393119897393094,1.2468693095945675,0.684282119769492,
2020-06-08 03:00:00,31.73,-100.0,charge,ok,-99.99999359668428,99.99999359668428,0.0,3172.999796822792,0.0,-3172.999796822792,0.057038863377861404,0.0570388633778615,38.82282491469426,10.418692020896842,6302781.807579606,2937776.0013306425,100,0.5498847872018815,1.6439379748847116,1.2519135755856095,0.6824354169911391,
2020-06-08 04:00:00,31.73,-100.0,charge,ok,-100.00000107530116,100.00000107530116,0.0,3173.000034119306,0.0,-3173.000034119306,0.07595372237145429,0.07595372237145438,45.06472838257991,12.215603625288166,7316138.143923054,3444454.169502367,100,0.548675772547722,1.6477152009364002,1.2560308627338397,0.6809349164472426,
2020-06-08 05:00:00,31.73,-100.0,charge,ok,-99.99999951944011,99.99999951944011,0.0,3172.9999847518347,0.0,-3172.9999847518347,0.09483349346401439,0.09483349346401448,51.295052843124736,14.009181879081375,8327614.659388504,3950192.4272350916,100,0.5476579546928406,1.6509078809928823,1.2595099809499908,0.6796717625983931,
2020-06-08 06:00:00,31.66,-100.0,charge,ok,-100.00000133921736,100.00000133921736,0.0,3166.0000423996216,0.0,-3166.0000423996216,0.1136829788537132,0.1136829788537133,57.51538302172535,15.799882991102761,9337468.629906328,4455119.412494004,100,0.5467794373631478,1.6536732165610166,1.2625226667808829,0.6785814649414762,
2020-06-08 07:00:00,32.07,0.0,idle,sin_restriccion,0.0,0.0,0.0,0.0,0.0,0.0,0.1136829788537132,0.1136829788537133,57.51538302172535,15.799882991102761,9337468.629906328,4455119.412494004,0,0.0,,,,
2020-06-08 08:00:00,32.42,0.0,idle,sin_restriccion,0.0,0.0,0.0,0.0,0.0,0.0,0.1136829788537132,0.1136829788537133,57.51538302172535,15.799882991102761,9337468.629906328,4455119.412494004,0,0.0,,,,
2020-06-08 09:00:00,32.56,0.0,idle,sin_restriccion,0.0,0.0,0.0,0.0,0.0,0.0,0.1136829788537132,0.1136829788537133,57.51538302172535,15.799882991102761,9337468.629906328,4455119.412494004,0,0.0,,,,
2020-06-08 10:00:00,35.39,0.0,idle,sin_restriccion,0.0,0.0,0.0,0.0,0.0,0.0,0.1136829788537132,0.1136829788537133,57.51538302172535,15.799882991102761,9337468.629906328,4455119.412494004,0,0.0,,,,
2020-06-08 11:00:00,35.36,0.0,idle,sin_restriccion,0.0,0.0,0.0,0.0,0.0,0.0,0.1136829788537132,0.1136829788537133,57.51538302172535,15.799882991102761,9337468.629906328,4455119.412494004,0,0.0,,,,
2020-06-08 12:00:00,35.44,0.0,idle,sin_restriccion,0.0,0.0,0.0,0.0,0.0,0.0,0.1136829788537132,0.1136829788537133,57.51538302172535,15.799882991102761,9337468.629906328,4455119.412494004,0,0.0,,,,
2020-06-08 13:00:00,35.44,0.0,idle,sin_restriccion,0.0,0.0,0.0,0.0,0.0,0.0,0.1136829788537132,0.1136829788537133,57.51538302172535,15.799882991102761,9337468.629906328,4455119.412494004,0,0.0,,,,
2020-06-08 14:00:00,35.44,0.0,idle,sin_restriccion,0.0,0.0,0.0,0.0,0.0,0.0,0.1136829788537132,0.1136829788537133,57.51538302172535,15.799882991102761,9337468.629906328,4455119.412494004,0,0.0,,,,
2020-06-08 15:00:00,35.44,0.0,idle,sin_restriccion,0.0,0.0,0.0,0.0,0.0,0.0,0.1136829788537132,0.1136829788537133,57.51538302172535,15.799882991102761,9337468.629906328,4455119.412494004,0,0.0,,,,
2020-06-08 16:00:00,35.58,0.0,idle,sin_restriccion,0.0,0.0,0.0,0.0,0.0,0.0,0.1136829788537132,0.1136829788537133,57.51538302172535,15.799882991102761,9337468.629906328,4455119.412494004,0,0.0,,,,
2020-06-08 17:00:00,60.67,0.0,idle,sin_restriccion,0.0,0.0,0.0,0.0,0.0,0.0,0.1136829788537132,0.1136829788537133,57.51538302172535,15.799882991102761,9337468.629906328,4455119.412494004,0,0.0,,,,
2020-06-08 18:00:00,96.44,100.0,discharge,above_max_power,92.49038292179802,0.0,92.49038292179802,0.0,8919.772528978201,8919.772528978201,0.03861471955975075,0.038614719559750856,32.74285745471774,8.668398358176331,5315715.349082101,2444242.77208189,143,1.5,0.46304832084624004,1.2651794345759404,,0.3422454879794864
2020-06-08 19:00:00,98.98,100.0,discharge,inventory_limited,71.70377603158302,0.0,71.70377603158302,0.0,7097.239751606087,7097.239751606087,0.0,1.0430191953976949e-16,19.999999999999996,5.00000000000001,3246946.517379281,1409858.3562304801,143,0.7715921467261819,0.6978711153200847,1.2520399615693787,,0.5158062985154872
2020-06-08 20:00:00,75.59,0.0,idle,sin_restriccion,0.0,0.0,0.0,0.0,0.0,0.0,0.0,1.0430191953976949e-16,19.999999999999996,5.00000000000001,3246946.517379281,1409858.3562304801,0,0.0,,,,
2020-06-08 21:00:00,75.59,0.0,idle,sin_restriccion,0.0,0.0,0.0,0.0,0.0,0.0,0.0,1.0430191953976949e-16,19.999999999999996,5.00000000000001,3246946.517379281,1409858.3562304801,0,0.0,,,,
2020-06-08 22:00:00,75.59,0.0,idle,sin_restriccion,0.0,0.0,0.0,0.0,0.0,0.0,0.0,1.0430191953976949e-16,19.999999999999996,5.00000000000001,3246946.517379281,1409858.3562304801,0,0.0,,,,
2020-06-08 23:00:00,75.59,0.0,idle,sin_restriccion,0.0,0.0,0.0,0.0,0.0,0.0,0.0,1.0430191953976949e-16,19.999999999999996,5.00000000000001,3246946.517379281,1409858.3562304801,0,0.0,,,,
2020-06-09 00:00:00,69.38,0.0,idle,sin_restriccion,0.0,0.0,0.0,0.0,0.0,0.0,0.0,1.0430191953976949e-16,19.999999999999996,5.00000000000001,3246946.517379281,1409858.3562304801,0,0.0,,,,
2020-06-09 01:00:00,41.78,0.0,idle,sin_restriccion,0.0,0.0,0.0,0.0,0.0,0.0,0.0,1.0430191953976949e-16,19.999999999999996,5.00000000000001,3246946.517379281,1409858.3562304801,0,0.0,,,,
2020-06-09 02:00:00,31.44,0.0,idle,sin_restriccion,0.0,0.0,0.0,0.0,0.0,0.0,0.0,1.0430191953976949e-16,19.999999999999996,5.00000000000001,3246946.517379281,1409858.3562304801,0,0.0,,,,
2020-06-09 03:00:00,31.17,0.0,idle,sin_restriccion,0.0,0.0,0.0,0.0,0.0,0.0,0.0,1.0430191953976949e-16,19.999999999999996,5.00000000000001,3246946.517379281,1409858.3562304801,0,0.0,,,,
2020-06-09 04:00:00,30.71,-100.0,charge,ok,-99.99999785310169,99.99999785310169,0.0,3070.999934068753,0.0,-3070.999934068753,0.019074487506696124,0.019074487506696228,26.29458087720972,6.812076313136142,4268854.890260197,1920812.5426709382,100,0.5533062219619752,1.6333385534091622,1.2403528795274816,0.6866815649834151,
2020-06-09 05:00:00,30.71,-100.0,charge,ok,-100.00000559707935,100.00000559707935,0.0,3071.000171886307,0.0,-3071.000171886307,0.03808232523084349,0.03808232523084359,32.56716732617834,8.61782089693014,5287192.526532155,2429981.3608069173,100,0.5513728678226469,1.6393119897393094,1.2468693095945675,0.684282119769492,
2020-06-09 06:00:00,30.82,-100.0,charge,ok,-99.99999359668428,99.99999359668428,0.0,3081.999802649809,0.0,-3081.999802649809,0.057038863377861404,0.0570388633778615,38.82282491469426,10.418692020896842,6302781.807579606,2937776.0013306425,100,0.5498847872018815,1.6439379748847116,1.2519135755856095,0.6824354169911391,
2020-06-09 07:00:00,31.57,-100.0,charge,ok,-100.00000107530116,100.00000107530116,0.0,3157.0000339472576,0.0,-3157.0000339472576,0.07595372237145429,0.07595372237145438,45.06472838257991,12.215603625288166,7316138.143923054,3444454.169502367,100,0.548675772547722,1.6477152009364002,1.2560308627338397,0.6809349164472426,
2020-06-09 08:00:00,31.16,-100.0,charge,ok,-99.99999951944011,99.99999951944011,0.0,3115.9999850257536,0.0,-3115.9999850257536,0.09483349346401439,0.09483349346401448,51.295052843124736,14.009181879081375,8327614.659388504,3950192.4272350916,100,0.5476579546928406,1.6509078809928823,1.2595099809499908,0.6796717625983931,
2020-06-09 09:00:00,32.41,-100.0,charge,ok,-100.00000133921736,100.00000133921736,0.0,3241.0000434040344,0.0,-3241.0000434040344,0.1136829788537132,0.1136829788537133,57.51538302172535,15.799882991102761,9337468.629906328,4455119.412494004,100,0.5467794373631478,1.6536732165610166,1.2625226667808829,0.6785814649414762,
2020-06-09 10:00:00,33.33,0.0,idle,sin_restriccion,0.0,0.0,0.0,0.0,0.0,0.0,0.1136829788537132,0.1136829788537133,57.51538302172535,15.799882991102761,9337468.629906328,4455119.412494004,0,0.0,,,,
2020-06-09 11:00:00,32.71,0.0,idle,sin_restriccion,0.0,0.0,0.0,0.0,0.0,0.0,0.1136829788537132,0.1136829788537133,57.51538302172535,15.799882991102761,9337468.629906328,4455119.412494004,0,0.0,,,,
2020-06-09 12:00:00,32.71,0.0,idle,sin_restriccion,0.0,0.0,0.0,0.0,0.0,0.0,0.1136829788537132,0.1136829788537133,57.51538302172535,15.799882991102761,9337468.629906328,4455119.412494004,0,0.0,,,,
2020-06-09 13:00:00,32.28,0.0,idle,sin_restriccion,0.0,0.0,0.0,0.0,0.0,0.0,0.1136829788537132,0.1136829788537133,57.51538302172535,15.799882991102761,9337468.629906328,4455119.412494004,0,0.0,,,,
2020-06-09 14:00:00,32.18,0.0,idle,sin_restriccion,0.0,0.0,0.0,0.0,0.0,0.0,0.1136829788537132,0.1136829788537133,57.51538302172535,15.799882991102761,9337468.629906328,4455119.412494004,0,0.0,,,,
2020-06-09 15:00:00,31.92,0.0,idle,sin_restriccion,0.0,0.0,0.0,0.0,0.0,0.0,0.1136829788537132,0.1136829788537133,57.51538302172535,15.799882991102761,9337468.629906328,4455119.412494004,0,0.0,,,,
2020-06-09 16:00:00,32.09,0.0,idle,sin_restriccion,0.0,0.0,0.0,0.0,0.0,0.0,0.1136829788537132,0.1136829788537133,57.51538302172535,15.799882991102761,9337468.629906328,4455119.412494004,0,0.0,,,,
2020-06-09 17:00:00,41.04,0.0,idle,sin_restriccion,0.0,0.0,0.0,0.0,0.0,0.0,0.1136829788537132,0.1136829788537133,57.51538302172535,15.799882991102761,9337468.629906328,4455119.412494004,0,0.0,,,,
2020-06-09 18:00:00,64.09,0.0,idle,sin_restriccion,0.0,0.0,0.0,0.0,0.0,0.0,0.1136829788537132,0.1136829788537133,57.51538302172535,15.799882991102761,9337468.629906328,4455119.412494004,0,0.0,,,,
2020-06-09 19:00:00,73.86,100.0,discharge,above_max_power,92.49038292179802,0.0,92.49038292179802,0.0,6831.339682604002,6831.339682604002,0.03861471955975075,0.038614719559750856,32.74285745471774,8.668398358176331,5315715.349082101,2444242.77208189,143,1.5,0.46304832084624004,1.2651794345759404,,0.3422454879794864
2020-06-09 20:00:00,76.93,100.0,discharge,inventory_limited,71.70377603158302,0.0,71.70377603158302,0.0,5516.171490109682,5516.171490109682,0.0,1.0430191953976949e-16,19.999999999999996,5.00000000000001,3246946.517379281,1409858.3562304801,143,0.7715921467261819,0.6978711153200847,1.2520399615693787,,0.5158062985154872
2020-06-09 21:00:00,67.69,0.0,idle,sin_restriccion,0.0,0.0,0.0,0.0,0.0,0.0,0.0,1.0430191953976949e-16,19.999999999999996,5.00000000000001,3246946.517379281,1409858.3562304801,0,0.0,,,,
2020-06-09 22:00:00,65.13,0.0,idle,sin_restriccion,0.0,0.0,0.0,0.0,0.0,0.0,0.0,1.0430191953976949e-16,19.999999999999996,5.00000000000001,3246946.517379281,1409858.3562304801,0,0.0,,,,
2020-06-09 23:00:00,65.13,0.0,idle,sin_restriccion,0.0,0.0,0.0,0.0,0.0,0.0,0.0,1.0430191953976949e-16,19.999999999999996,5.00000000000001,3246946.517379281,1409858.3562304801,0,0.0,,,,
2020-06-10 00:00:00,65.13,0.0,idle,sin_restriccion,0.0,0.0,0.0,0.0,0.0,0.0,0.0,1.0430191953976949e-16,19.999999999999996,5.00000000000001,3246946.517379281,1409858.3562304801,0,0.0,,,,
2020-06-10 01:00:00,64.72,0.0,idle,sin_restriccion,0.0,0.0,0.0,0.0,0.0,0.0,0.0,1.0430191953976949e-16,19.999999999999996,5.00000000000001,3246946.517379281,1409858.3562304801,0,0.0,,,,
2020-06-10 02:00:00,64.72,0.0,idle,sin_restriccion,0.0,0.0,0.0,0.0,0.0,0.0,0.0,1.0430191953976949e-16,19.999999999999996,5.00000000000001,3246946.517379281,1409858.3562304801,0,0.0,,,,
2020-06-10 03:00:00,37.9,0.0,idle,sin_restriccion,0.0,0.0,0.0,0.0,0.0,0.0,0.0,1.0430191953976949e-16,19.999999999999996,5.00000000000001,3246946.517379281,1409858.3562304801,0,0.0,,,,
2020-06-10 04:00:00,34.64,0.0,idle,sin_restriccion,0.0,0.0,0.0,0.0,0.0,0.0,0.0,1.0430191953976949e-16,19.999999999999996,5.00000000000001,3246946.517379281,1409858.3562304801,0,0.0,,,,
2020-06-10 05:00:00,34.64,0.0,idle,sin_restriccion,0.0,0.0,0.0,0.0,0.0,0.0,0.0,1.0430191953976949e-16,19.999999999999996,5.00000000000001,3246946.517379281,1409858.3562304801,0,0.0,,,,
2020-06-10 06:00:00,34.64,0.0,idle,sin_restriccion,0.0,0.0,0.0,0.0,0.0,0.0,0.0,1.0430191953976949e-16,19.999999999999996,5.00000000000001,3246946.517379281,1409858.3562304801,0,0.0,,,,
2020-06-10 07:00:00,38.35,0.0,idle,sin_restriccion,0.0,0.0,0.0,0.0,0.0,0.0,0.0,1.0430191953976949e-16,19.999999999999996,5.00000000000001,3246946.517379281,1409858.3562304801,0,0.0,,,,
2020-06-10 08:00:00,40.51,0.0,idle,sin_restriccion,0.0,0.0,0.0,0.0,0.0,0.0,0.0,1.0430191953976949e-16,19.999999999999996,5.00000000000001,3246946.517379281,1409858.3562304801,0,0.0,,,,
2020-06-10 09:00:00,33.76,-100.0,charge,ok,-99.99999785310169,99.99999785310169,0.0,3375.999927520713,0.0,-3375.999927520713,0.019074487506696124,0.019074487506696228,26.29458087720972,6.812076313136142,4268854.890260197,1920812.5426709382,100,0.5533062219619752,1.6333385534091622,1.2403528795274816,0.6866815649834151,
2020-06-10 10:00:00,33.94,-100.0,charge,ok,-100.00000559707935,100.00000559707935,0.0,3394.000189964873,0.0,-3394.000189964873,0.03808232523084349,0.03808232523084359,32.56716732617834,8.61782089693014,5287192.526532155,2429981.3608069173,100,0.5513728678226469,1.6393119897393094,1.2468693095945675,0.684282119769492,
2020-06-10 11:00:00,34.58,-100.0,charge,ok,-99.99999359668428,99.99999359668428,0.0,3457.999778573342,0.0,-3457.999778573342,0.057038863377861404,0.0570388633778615,38.82282491469426,10.418692020896842,6302781.807579606,2937776.0013306425,100,0.5498847872018815,1.6439379748847116,1.2519135755856095,0.6824354169911391,
2020-06-10 12:00:00,34.66,0.0,idle,sin_restriccion,0.0,0.0,0.0,0.0,0.0,0.0,0.057038863377861404,0.0570388633778615,38.82282491469426,10.418692020896842,6302781.807579606,2937776.0013306425,0,0.0,,,,
2020-06-10 13:00:00,34.63,0.0,idle,sin_restriccion,0.0,0.0,0.0,0.0,0.0,0.0,0.057038863377861404,0.0570388633778615,38.82282491469426,10.418692020896842,6302781.807579606,2937776.0013306425,0,0.0,,,,
2020-06-10 14:00:00,34.62,-100.0,charge,ok,-100.00000107530116,100.00000107530116,0.0,3462.000037226926,0.0,-3462.000037226926,0.07595372237145429,0.07595372237145438,45.06472838257991,12.215603625288166,7316138.143923054,3444454.169502367,100,0.548675772547722,1.6477152009364002,1.2560308627338397,0.6809349164472426,
2020-06-10 15:00:00,32.8,-100.0,charge,ok,-99.99999951944011,99.99999951944011,0.0,3279.999984237635,0.0,-3279.999984237635,0.09483349346401439,0.09483349346401448,51.295052843124736,14.009181879081375,8327614.659388504,3950192.4272350916,100,0.5476579546928406,1.6509078809928823,1.2595099809499908,0.6796717625983931,
2020-06-10 16:00:00,32.38,-100.0,charge,ok,-100.00000133921736,100.00000133921736,0.0,3238.0000433638584,0.0,-3238.0000433638584,0.1136829788537132,0.1136829788537133,57.51538302172535,15.799882991102761,9337468.629906328,4455119.412494004,100,0.5467794373631478,1.6536732165610166,1.2625226667808829,0.6785814649414762,
2020-06-10 17:00:00,36.91,0.0,idle,sin_restriccion,0.0,0.0,0.0,0.0,0.0,0.0,0.1136829788537132,0.1136829788537133,57.51538302172535,15.799882991102761,9337468.629906328,4455119.412494004,0,0.0,,,,
2020-06-10 18:00:00,60.51,0.0,idle,sin_restriccion,0.0,0.0,0.0,0.0,0.0,0.0,0.1136829788537132,0.1136829788537133,57.51538302172535,15.799882991102761,9337468.629906328,4455119.412494004,0,0.0,,,,
2020-06-10 19:00:00,65.76,0.0,idle,sin_restriccion,0.0,0.0,0.0,0.0,0.0,0.0,0.1136829788537132,0.1136829788537133,57.51538302172535,15.799882991102761,9337468.629906328,4455119.412494004,0,0.0,,,,
2020-06-10 20:00:00,70.94,0.0,idle,sin_restriccion,0.0,0.0,0.0,0.0,0.0,0.0,0.1136829788537132,0.1136829788537133,57.51538302172535,15.799882991102761,9337468.629906328,4455119.412494004,0,0.0,,,,
2020-06-10 21:00:00,75.78,100.0,discharge,above_max_power,92.49038292179802,0.0,92.49038292179802,0.0,7008.921217813854,7008.921217813854,0.03861471955975075,0.038614719559750856,32.74285745471774,8.668398358176331,5315715.349082101,2444242.77208189,143,1.5,0.46304832084624004,1.2651794345759404,,0.3422454879794864
2020-06-10 22:00:00,75.78,100.0,discharge,inventory_limited,71.70377603158302,0.0,71.70377603158302,0.0,5433.712147673361,5433.712147673361,0.0,1.0430191953976949e-16,19.999999999999996,5.00000000000001,3246946.517379281,1409858.3562304801,143,0.7715921467261819,0.6978711153200847,1.2520399615693787,,0.5158062985154872
2020-06-10 23:00:00,75.27,0.0,idle,sin_restriccion,0.0,0.0,0.0,0.0,0.0,0.0,0.0,1.0430191953976949e-16,19.999999999999996,5.00000000000001,3246946.517379281,1409858.3562304801,0,0.0,,,,
2020-06-11 00:00:00,61.32,0.0,idle,sin_restriccion,0.0,0.0,0.0,0.0,0.0,0.0,0.0,1.0430191953976949e-16,19.999999999999996,5.00000000000001,3246946.517379281,1409858.3562304801,0,0.0,,,,
2020-06-11 01:00:00,46.29,-100.0,charge,ok,-99.99999785310169,99.99999785310169,0.0,4628.999900620077,0.0,-4628.999900620077,0.019074487506696124,0.019074487506696228,26.29458087720972,6.812076313136142,4268854.890260197,1920812.5426709382,100,0.5533062219619752,1.6333385534091622,1.2403528795274816,0.6866815649834151,
2020-06-11 02:00:00,40.41,-100.0,charge,ok,-100.00000559707935,100.00000559707935,0.0,4041.0002261779764,0.0,-4041.0002261779764,0.03808232523084349,0.03808232523084359,32.56716732617834,8.61782089693014,5287192.526532155,2429981.3608069173,100,0.5513728678226469,1.6393119897393094,1.2468693095945675,0.684282119769492,
2020-06-11 03:00:00,40.18,-100.0,charge,ok,-99.99999359668428,99.99999359668428,0.0,4017.999742714774,0.0,-4017.999742714774,0.057038863377861404,0.0570388633778615,38.82282491469426,10.418692020896842,6302781.807579606,2937776.0013306425,100,0.5498847872018815,1.6439379748847116,1.2519135755856095,0.6824354169911391,
2020-06-11 04:00:00,34.46,-100.0,charge,ok,-100.00000107530116,100.00000107530116,0.0,3446.000037054878,0.0,-3446.000037054878,0.07595372237145429,0.07595372237145438,45.06472838257991,12.215603625288166,7316138.143923054,3444454.169502367,100,0.548675772547722,1.6477152009364002,1.2560308627338397,0.6809349164472426,
2020-06-11 05:00:00,31.6,-100.0,charge,ok,-99.99999951944011,99.99999951944011,0.0,3159.9999848143075,0.0,-3159.9999848143075,0.09483349346401439,0.09483349346401448,51.295052843124736,14.009181879081375,8327614.659388504,3950192.4272350916,100,0.5476579546928406,1.6509078809928823,1.2595099809499908,0.6796717625983931,
2020-06-11 06:00:00,37.66,-100.0,charge,ok,-100.00000133921736,100.00000133921736,0.0,3766.0000504349255,0.0,-3766.0000504349255,0.1136829788537132,0.1136829788537133,57.51538302172535,15.799882991102761,9337468.629906328,4455119.412494004,100,0.5467794373631478,1.6536732165610166,1.2625226667808829,0.6785814649414762,
2020-06-11 07:00:00,41.42,0.0,idle,sin_restriccion,0.0,0.0,0.0,0.0,0.0,0.0,0.1136829788537132,0.1136829788537133,57.51538302172535,15.799882991102761,9337468.629906328,4455119.412494004,0,0.0,,,,
2020-06-11 08:00:00,51.97,0.0,idle,sin_restriccion,0.0,0.0,0.0,0.0,0.0,0.0,0.1136829788537132,0.1136829788537133,57.51538302172535,15.799882991102761,9337468.629906328,4455119.412494004,0,0.0,,,,
2020-06-11 09:00:00,53.86,0.0,idle,sin_restriccion,0.0,0.0,0.0,0.0,0.0,0.0,0.1136829788537132,0.1136829788537133,57.51538302172535,15.799882991102761,9337468.629906328,4455119.412494004,0,0.0,,,,
2020-06-11 10:00:00,86.89,100.0,discharge,above_max_power,92.49038292179802,0.0,92.49038292179802,0.0,8036.48937207503,8036.48937207503,0.03861471955975075,0.038614719559750856,32.74285745471774,8.668398358176331,5315715.349082101,2444242.77208189,143,1.5,0.46304832084624004,1.2651794345759404,,0.3422454879794864
2020-06-11 11:00:00,74.87,100.0,discharge,inventory_limited,71.70377603158302,0.0,71.70377603158302,0.0,5368.4617114846205,5368.4617114846205,0.0,1.0430191953976949e-16,19.999999999999996,5.00000000000001,3246946.517379281,1409858.3562304801,143,0.7715921467261819,0.6978711153200847,1.2520399615693787,,0.5158062985154872
2020-06-11 12:00:00,41.48,0.0,idle,sin_restriccion,0.0,0.0,0.0,0.0,0.0,0.0,0.0,1.0430191953976949e-16,19.999999999999996,5.00000000000001,3246946.517379281,1409858.3562304801,0,0.0,,,,
2020-06-11 13:00:00,39.75,0.0,idle,sin_restriccion,0.0,0.0,0.0,0.0,0.0,0.0,0.0,1.0430191953976949e-16,19.999999999999996,5.00000000000001,3246946.517379281,1409858.3562304801,0,0.0,,,,
2020-06-11 14:00:00,50.78,0.0,idle,sin_restriccion,0.0,0.0,0.0,0.0,0.0,0.0,0.0,1.0430191953976949e-16,19.999999999999996,5.00000000000001,3246946.517379281,1409858.3562304801,0,0.0,,,,
2020-06-11 15:00:00,62.57,0.0,idle,sin_restriccion,0.0,0.0,0.0,0.0,0.0,0.0,0.0,1.0430191953976949e-16,19.999999999999996,5.00000000000001,3246946.517379281,1409858.3562304801,0,0.0,,,,
2020-06-11 16:00:00,62.57,0.0,idle,sin_restriccion,0.0,0.0,0.0,0.0,0.0,0.0,0.0,1.0430191953976949e-16,19.999999999999996,5.00000000000001,3246946.517379281,1409858.3562304801,0,0.0,,,,
2020-06-11 17:00:00,62.57,0.0,idle,sin_restriccion,0.0,0.0,0.0,0.0,0.0,0.0,0.0,1.0430191953976949e-16,19.999999999999996,5.00000000000001,3246946.517379281,1409858.3562304801,0,0.0,,,,
2020-06-11 18:00:00,69.66,0.0,idle,sin_restriccion,0.0,0.0,0.0,0.0,0.0,0.0,0.0,1.0430191953976949e-16,19.999999999999996,5.00000000000001,3246946.517379281,1409858.3562304801,0,0.0,,,,
2020-06-11 19:00:00,72.58,0.0,idle,sin_restriccion,0.0,0.0,0.0,0.0,0.0,0.0,0.0,1.0430191953976949e-16,19.999999999999996,5.00000000000001,3246946.517379281,1409858.3562304801,0,0.0,,,,
2020-06-11 20:00:00,72.13,0.0,idle,sin_restriccion,0.0,0.0,0.0,0.0,0.0,0.0,0.0,1.0430191953976949e-16,19.999999999999996,5.00000000000001,3246946.517379281,1409858.3562304801,0,0.0,,,,
2020-06-11 21:00:00,62.66,0.0,idle,sin_restriccion,0.0,0.0,0.0,0.0,0.0,0.0,0.0,1.0430191953976949e-16,19.999999999999996,5.00000000000001,3246946.517379281,1409858.3562304801,0,0.0,,,,
2020-06-11 22:00:00,57.33,0.0,idle,sin_restriccion,0.0,0.0,0.0,0.0,0.0,0.0,0.0,1.0430191953976949e-16,19.999999999999996,5.00000000000001,3246946.517379281,1409858.3562304801,0,0.0,,,,
2020-06-11 23:00:00,49.52,0.0,idle,sin_restriccion,0.0,0.0,0.0,0.0,0.0,0.0,0.0,1.0430191953976949e-16,19.999999999999996,5.00000000000001,3246946.517379281,1409858.3562304801,0,0.0,,,,
2020-06-12 00:00:00,48.72,0.0,idle,sin_restriccion,0.0,0.0,0.0,0.0,0.0,0.0,0.0,1.0430191953976949e-16,19.999999999999996,5.00000000000001,3246946.517379281,1409858.3562304801,0,0.0,,,,
2020-06-12 01:00:00,43.25,0.0,idle,sin_restriccion,0.0,0.0,0.0,0.0,0.0,0.0,0.0,1.0430191953976949e-16,19.999999999999996,5.00000000000001,3246946.517379281,1409858.3562304801,0,0.0,,,,
2020-06-12 02:00:00,33.29,-100.0,charge,ok,-99.99999785310169,99.99999785310169,0.0,3328.999928529755,0.0,-3328.999928529755,0.019074487506696124,0.019074487506696228,26.29458087720972,6.812076313136142,4268854.890260197,1920812.5426709382,100,0.5533062219619752,1.6333385534091622,1.2403528795274816,0.6866815649834151,
2020-06-12 03:00:00,32.57,-100.0,charge,ok,-100.00000559707935,100.00000559707935,0.0,3257.0001822968743,0.0,-3257.0001822968743,0.03808232523084349,0.03808232523084359,32.56716732617834,8.61782089693014,5287192.526532155,2429981.3608069173,100,0.5513728678226469,1.6393119897393094,1.2468693095945675,0.684282119769492,
2020-06-12 04:00:00,32.57,-100.0,charge,ok,-99.99999359668428,99.99999359668428,0.0,3256.999791444007,0.0,-3256.999791444007,0.057038863377861404,0.0570388633778615,38.82282491469426,10.418692020896842,6302781.807579606,2937776.0013306425,100,0.5498847872018815,1.6439379748847116,1.2519135755856095,0.6824354169911391,
2020-06-12 05:00:00,36.17,0.0,idle,sin_restriccion,0.0,0.0,0.0,0.0,0.0,0.0,0.057038863377861404,0.0570388633778615,38.82282491469426,10.418692020896842,6302781.807579606,2937776.0013306425,0,0.0,,,,
2020-06-12 06:00:00,39.77,0.0,idle,sin_restriccion,0.0,0.0,0.0,0.0,0.0,0.0,0.057038863377861404,0.0570388633778615,38.82282491469426,10.418692020896842,6302781.807579606,2937776.0013306425,0,0.0,,,,
2020-06-12 07:00:00,48.56,0.0,idle,sin_restriccion,0.0,0.0,0.0,0.0,0.0,0.0,0.057038863377861404,0.0570388633778615,38.82282491469426,10.418692020896842,6302781.807579606,2937776.0013306425,0,0.0,,,,
2020-06-12 08:00:00,45.2,0.0,idle,sin_restriccion,0.0,0.0,0.0,0.0,0.0,0.0,0.057038863377861404,0.0570388633778615,38.82282491469426,10.418692020896842,6302781.807579606,2937776.0013306425,0,0.0,,,,
2020-06-12 09:00:00,32.78,0.0,idle,sin_restriccion,0.0,0.0,0.0,0.0,0.0,0.0,0.057038863377861404,0.0570388633778615,38.82282491469426,10.418692020896842,6302781.807579606,2937776.0013306425,0,0.0,,,,
2020-06-12 10:00:00,33.97,0.0,idle,sin_restriccion,0.0,0.0,0.0,0.0,0.0,0.0,0.057038863377861404,0.0570388633778615,38.82282491469426,10.418692020896842,6302781.807579606,2937776.0013306425,0,0.0,,,,
2020-06-12 11:00:00,36.24,0.0,idle,sin_restriccion,0.0,0.0,0.0,0.0,0.0,0.0,0.057038863377861404,0.0570388633778615,38.82282491469426,10.418692020896842,6302781.807579606,2937776.0013306425,0,0.0,,,,
2020-06-12 12:00:00,47.13,0.0,idle,sin_restriccion,0.0,0.0,0.0,0.0,0.0,0.0,0.057038863377861404,0.0570388633778615,38.82282491469426,10.418692020896842,6302781.807579606,2937776.0013306425,0,0.0,,,,
2020-06-12 13:00:00,43.76,0.0,idle,sin_restriccion,0.0,0.0,0.0,0.0,0.0,0.0,0.057038863377861404,0.0570388633778615,38.82282491469426,10.418692020896842,6302781.807579606,2937776.0013306425,0,0.0,,,,
2020-06-12 14:00:00,34.73,-100.0,charge,ok,-100.00000107530116,100.00000107530116,0.0,3473.000037345209,0.0,-3473.000037345209,0.07595372237145429,0.07595372237145438,45.06472838257991,12.215603625288166,7316138.143923054,3444454.169502367,100,0.548675772547722,1.6477152009364002,1.2560308627338397,0.6809349164472426,
2020-06-12 15:00:00,33.46,-100.0,charge,ok,-99.99999951944011,99.99999951944011,0.0,3345.999983920466,0.0,-3345.999983920466,0.09483349346401439,0.09483349346401448,51.295052843124736,14.009181879081375,8327614.659388504,3950192.4272350916,100,0.5476579546928406,1.6509078809928823,1.2595099809499908,0.6796717625983931,
2020-06-12 16:00:00,31.6,-100.0,charge,ok,-100.00000133921736,100.00000133921736,0.0,3160.0000423192687,0.0,-3160.0000423192687,0.1136829788537132,0.1136829788537133,57.51538302172535,15.799882991102761,9337468.629906328,4455119.412494004,100,0.5467794373631478,1.6536732165610166,1.2625226667808829,0.6785814649414762,
2020-06-12 17:00:00,36.84,0.0,idle,sin_restriccion,0.0,0.0,0.0,0.0,0.0,0.0,0.1136829788537132,0.1136829788537133,57.51538302172535,15.799882991102761,9337468.629906328,4455119.412494004,0,0.0,,,,
2020-06-12 18:00:00,48.36,0.0,idle,sin_restriccion,0.0,0.0,0.0,0.0,0.0,0.0,0.1136829788537132,0.1136829788537133,57.51538302172535,15.799882991102761,9337468.629906328,4455119.412494004,0,0.0,,,,
2020-06-12 19:00:00,62.19,100.0,discharge,above_max_power,92.49038292179802,0.0,92.49038292179802,0.0,5751.976913906618,5751.976913906618,0.03861471955975075,0.038614719559750856,32.74285745471774,8.668398358176331,5315715.349082101,2444242.77208189,143,1.5,0.46304832084624004,1.2651794345759404,,0.3422454879794864
2020-06-12 20:00:00,61.38,100.0,discharge,inventory_limited,71.70377603158302,0.0,71.70377603158302,0.0,4401.177772818566,4401.177772818566,0.0,1.0430191953976949e-16,19.999999999999996,5.00000000000001,3246946.517379281,1409858.3562304801,143,0.7715921467261819,0.6978711153200847,1.2520399615693787,,0.5158062985154872
2020-06-12 21:00:00,53.74,0.0,idle,sin_restriccion,0.0,0.0,0.0,0.0,0.0,0.0,0.0,1.0430191953976949e-16,19.999999999999996,5.00000000000001,3246946.517379281,1409858.3562304801,0,0.0,,,,
2020-06-12 22:00:00,48.47,0.0,idle,sin_restriccion,0.0,0.0,0.0,0.0,0.0,0.0,0.0,1.0430191953976949e-16,19.999999999999996,5.00000000000001,3246946.517379281,1409858.3562304801,0,0.0,,,,
2020-06-12 23:00:00,48.47,0.0,idle,sin_restriccion,0.0,0.0,0.0,0.0,0.0,0.0,0.0,1.0430191953976949e-16,19.999999999999996,5.00000000000001,3246946.517379281,1409858.3562304801,0,0.0,,,,
2020-06-13 00:00:00,36.25,0.0,idle,sin_restriccion,0.0,0.0,0.0,0.0,0.0,0.0,0.0,1.0430191953976949e-16,19.999999999999996,5.00000000000001,3246946.517379281,1409858.3562304801,0,0.0,,,,
2020-06-13 01:00:00,31.45,-100.0,charge,ok,-99.99999785310169,99.99999785310169,0.0,3144.999932480048,0.0,-3144.999932480048,0.019074487506696124,0.019074487506696228,26.29458087720972,6.812076313136142,4268854.890260197,1920812.5426709382,100,0.5533062219619752,1.6333385534091622,1.2403528795274816,0.6866815649834151,
2020-06-13 02:00:00,30.85,-100.0,charge,ok,-100.00000559707935,100.00000559707935,0.0,3085.0001726698983,0.0,-3085.0001726698983,0.03808232523084349,0.03808232523084359,32.56716732617834,8.61782089693014,5287192.526532155,2429981.3608069173,100,0.5513728678226469,1.6393119897393094,1.2468693095945675,0.684282119769492,
2020-06-13 03:00:00,30.15,-100.0,charge,ok,-99.99999359668428,99.99999359668428,0.0,3014.999806940031,0.0,-3014.999806940031,0.057038863377861404,0.0570388633778615,38.82282491469426,10.418692020896842,6302781.807579606,2937776.0013306425,100,0.5498847872018815,1.6439379748847116,1.2519135755856095,0.6824354169911391,
2020-06-13 04:00:00,36.6,0.0,idle,sin_restriccion,0.0,0.0,0.0,0.0,0.0,0.0,0.057038863377861404,0.0570388633778615,38.82282491469426,10.418692020896842,6302781.807579606,2937776.0013306425,0,0.0,,,,
2020-06-13 05:00:00,33.09,0.0,idle,sin_restriccion,0.0,0.0,0.0,0.0,0.0,0.0,0.057038863377861404,0.0570388633778615,38.82282491469426,10.418692020896842,6302781.807579606,2937776.0013306425,0,0.0,,,,
2020-06-13 06:00:00,32.09,0.0,idle,sin_restriccion,0.0,0.0,0.0,0.0,0.0,0.0,0.057038863377861404,0.0570388633778615,38.82282491469426,10.418692020896842,6302781.807579606,2937776.0013306425,0,0.0,,,,
2020-06-13 07:00:00,36.59,0.0,idle,sin_restriccion,0.0,0.0,0.0,0.0,0.0,0.0,0.057038863377861404,0.0570388633778615,38.82282491469426,10.418692020896842,6302781.807579606,2937776.0013306425,0,0.0,,,,
2020-06-13 08:00:00,34.76,0.0,idle,sin_restriccion,0.0,0.0,0.0,0.0,0.0,0.0,0.057038863377861404,0.0570388633778615,38.82282491469426,10.418692020896842,6302781.807579606,2937776.0013306425,0,0.0,,,,
2020-06-13 09:00:00,32.01,-100.0,charge,ok,-100.00000107530116,100.00000107530116,0.0,3201.00003442039,0.0,-3201.00003442039,0.07595372237145429,0.07595372237145438,45.06472838257991,12.215603625288166,7316138.143923054,3444454.169502367,100,0.548675772547722,1.6477152009364002,1.2560308627338397,0.6809349164472426,
2020-06-13 10:00:00,32.01,-100.0,charge,ok,-99.99999951944011,99.99999951944011,0.0,3200.9999846172777,0.0,-3200.9999846172777,0.09483349346401439,0.09483349346401448,51.295052843124736,14.009181879081375,8327614.659388504,3950192.4272350916,100,0.5476579546928406,1.6509078809928823,1.2595099809499908,0.6796717625983931,
2020-06-13 11:00:00,32.72,-100.0,charge,ok,-100.00000133921736,100.00000133921736,0.0,3272.000043819192,0.0,-3272.000043819192,0.1136829788537132,0.1136829788537133,57.51538302172535,15.799882991102761,9337468.629906328,4455119.412494004,100,0.5467794373631478,1.6536732165610166,1.2625226667808829,0.6785814649414762,
2020-06-13 12:00:00,34.48,0.0,idle,sin_restriccion,0.0,0.0,0.0,0.0,0.0,0.0,0.1136829788537132,0.1136829788537133,57.51538302172535,15.799882991102761,9337468.629906328,4455119.412494004,0,0.0,,,,
2020-06-13 13:00:00,39.06,0.0,idle,sin_restriccion,0.0,0.0,0.0,0.0,0.0,0.0,0.1136829788537132,0.1136829788537133,57.51538302172535,15.799882991102761,9337468.629906328,4455119.412494004,0,0.0,,,,
2020-06-13 14:00:00,33.64,0.0,idle,sin_restriccion,0.0,0.0,0.0,0.0,0.0,0.0,0.1136829788537132,0.1136829788537133,57.51538302172535,15.799882991102761,9337468.629906328,4455119.412494004,0,0.0,,,,
2020-06-13 15:00:00,32.76,0.0,idle,sin_restriccion,0.0,0.0,0.0,0.0,0.0,0.0,0.1136829788537132,0.1136829788537133,57.51538302172535,15.799882991102761,9337468.629906328,4455119.412494004,0,0.0,,,,
2020-06-13 16:00:00,32.62,0.0,idle,sin_restriccion,0.0,0.0,0.0,0.0,0.0,0.0,0.1136829788537132,0.1136829788537133,57.51538302172535,15.799882991102761,9337468.629906328,4455119.412494004,0,0.0,,,,
2020-06-13 17:00:00,37.12,0.0,idle,sin_restriccion,0.0,0.0,0.0,0.0,0.0,0.0,0.1136829788537132,0.1136829788537133,57.51538302172535,15.799882991102761,9337468.629906328,4455119.412494004,0,0.0,,,,
2020-06-13 18:00:00,51.99,0.0,idle,sin_restriccion,0.0,0.0,0.0,0.0,0.0,0.0,0.1136829788537132,0.1136829788537133,57.51538302172535,15.799882991102761,9337468.629906328,4455119.412494004,0,0.0,,,,
2020-06-13 19:00:00,71.97,0.0,idle,sin_restriccion,0.0,0.0,0.0,0.0,0.0,0.0,0.1136829788537132,0.1136829788537133,57.51538302172535,15.799882991102761,9337468.629906328,4455119.412494004,0,0.0,,,,
2020-06-13 20:00:00,74.19,100.0,discharge,above_max_power,92.49038292179802,0.0,92.49038292179802,0.0,6861.861508968194,6861.861508968194,0.03861471955975075,0.038614719559750856,32.74285745471774,8.668398358176331,5315715.349082101,2444242.77208189,143,1.5,0.46304832084624004,1.2651794345759404,,0.3422454879794864
2020-06-13 21:00:00,74.19,100.0,discharge,inventory_limited,71.70377603158302,0.0,71.70377603158302,0.0,5319.703143783144,5319.703143783144,0.0,1.0430191953976949e-16,19.999999999999996,5.00000000000001,3246946.517379281,1409858.3562304801,143,0.7715921467261819,0.6978711153200847,1.2520399615693787,,0.5158062985154872
2020-06-13 22:00:00,74.19,0.0,idle,sin_restriccion,0.0,0.0,0.0,0.0,0.0,0.0,0.0,1.0430191953976949e-16,19.999999999999996,5.00000000000001,3246946.517379281,1409858.3562304801,0,0.0,,,,
2020-06-13 23:00:00,66.84,0.0,idle,sin_restriccion,0.0,0.0,0.0,0.0,0.0,0.0,0.0,1.0430191953976949e-16,19.999999999999996,5.00000000000001,3246946.517379281,1409858.3562304801,0,0.0,,,,
2020-06-14 00:00:00,59.36,0.0,idle,sin_restriccion,0.0,0.0,0.0,0.0,0.0,0.0,0.0,1.0430191953976949e-16,19.999999999999996,5.00000000000001,3246946.517379281,1409858.3562304801,0,0.0,,,,
2020-06-14 01:00:00,58.33,0.0,idle,sin_restriccion,0.0,0.0,0.0,0.0,0.0,0.0,0.0,1.0430191953976949e-16,19.999999999999996,5.00000000000001,3246946.517379281,1409858.3562304801,0,0.0,,,,
2020-06-14 02:00:00,39.46,0.0,idle,sin_restriccion,0.0,0.0,0.0,0.0,0.0,0.0,0.0,1.0430191953976949e-16,19.999999999999996,5.00000000000001,3246946.517379281,1409858.3562304801,0,0.0,,,,
2020-06-14 03:00:00,37.62,0.0,idle,sin_restriccion,0.0,0.0,0.0,0.0,0.0,0.0,0.0,1.0430191953976949e-16,19.999999999999996,5.00000000000001,3246946.517379281,1409858.3562304801,0,0.0,,,,
2020-06-14 04:00:00,32.09,0.0,idle,sin_restriccion,0.0,0.0,0.0,0.0,0.0,0.0,0.0,1.0430191953976949e-16,19.999999999999996,5.00000000000001,3246946.517379281,1409858.3562304801,0,0.0,,,,
2020-06-14 05:00:00,31.27,0.0,idle,sin_restriccion,0.0,0.0,0.0,0.0,0.0,0.0,0.0,1.0430191953976949e-16,19.999999999999996,5.00000000000001,3246946.517379281,1409858.3562304801,0,0.0,,,,
2020-06-14 06:00:00,30.19,0.0,idle,sin_restriccion,0.0,0.0,0.0,0.0,0.0,0.0,0.0,1.0430191953976949e-16,19.999999999999996,5.00000000000001,3246946.517379281,1409858.3562304801,0,0.0,,,,
2020-06-14 07:00:00,29.1,-100.0,charge,ok,-99.99999785310169,99.99999785310169,0.0,2909.999937525259,0.0,-2909.999937525259,0.019074487506696124,0.019074487506696228,26.29458087720972,6.812076313136142,4268854.890260197,1920812.5426709382,100,0.5533062219619752,1.6333385534091622,1.2403528795274816,0.6866815649834151,
2020-06-14 08:00:00,28.6,-100.0,charge,ok,-100.00000559707935,100.00000559707935,0.0,2860.0001600764695,0.0,-2860.0001600764695,0.03808232523084349,0.03808232523084359,32.56716732617834,8.61782089693014,5287192.526532155,2429981.3608069173,100,0.5513728678226469,1.6393119897393094,1.2468693095945675,0.684282119769492,
2020-06-14 09:00:00,27.94,-100.0,charge,ok,-99.99999359668428,99.99999359668428,0.0,2793.9998210913586,0.0,-2793.9998210913586,0.057038863377861404,0.0570388633778615,38.82282491469426,10.418692020896842,6302781.807579606,2937776.0013306425,100,0.5498847872018815,1.6439379748847116,1.2519135755856095,0.6824354169911391,
2020-06-14 10:00:00,29.75,-100.0,charge,ok,-100.00000107530116,100.00000107530116,0.0,2975.000031990209,0.0,-2975.000031990209,0.07595372237145429,0.07595372237145438,45.06472838257991,12.215603625288166,7316138.143923054,3444454.169502367,100,0.548675772547722,1.6477152009364002,1.2560308627338397,0.6809349164472426,
2020-06-14 11:00:00,30.88,-100.0,charge,ok,-99.99999951944011,99.99999951944011,0.0,3087.9999851603106,0.0,-3087.9999851603106,0.09483349346401439,0.09483349346401448,51.295052843124736,14.009181879081375,8327614.659388504,3950192.4272350916,100,0.5476579546928406,1.6509078809928823,1.2595099809499908,0.6796717625983931,
2020-06-14 12:00:00,30.88,-100.0,charge,ok,-100.00000133921736,100.00000133921736,0.0,3088.000041355032,0.0,-3088.000041355032,0.1136829788537132,0.1136829788537133,57.51538302172535,15.799882991102761,9337468.629906328,4455119.412494004,100,0.5467794373631478,1.6536732165610166,1.2625226667808829,0.6785814649414762,
2020-06-14 13:00:00,31.1,0.0,idle,sin_restriccion,0.0,0.0,0.0,0.0,0.0,0.0,0.1136829788537132,0.1136829788537133,57.51538302172535,15.799882991102761,9337468.629906328,4455119.412494004,0,0.0,,,,
2020-06-14 14:00:00,31.11,0.0,idle,sin_restriccion,0.0,0.0,0.0,0.0,0.0,0.0,0.1136829788537132,0.1136829788537133,57.51538302172535,15.799882991102761,9337468.629906328,4455119.412494004,0,0.0,,,,
2020-06-14 15:00:00,30.88,0.0,idle,sin_restriccion,0.0,0.0,0.0,0.0,0.0,0.0,0.1136829788537132,0.1136829788537133,57.51538302172535,15.799882991102761,9337468.629906328,4455119.412494004,0,0.0,,,,
2020-06-14 16:00:00,31.19,0.0,idle,sin_restriccion,0.0,0.0,0.0,0.0,0.0,0.0,0.1136829788537132,0.1136829788537133,57.51538302172535,15.799882991102761,9337468.629906328,4455119.412494004,0,0.0,,,,
2020-06-14 17:00:00,38.84,0.0,idle,sin_restriccion,0.0,0.0,0.0,0.0,0.0,0.0,0.1136829788537132,0.1136829788537133,57.51538302172535,15.799882991102761,9337468.629906328,4455119.412494004,0,0.0,,,,
2020-06-14 18:00:00,71.31,0.0,idle,sin_restriccion,0.0,0.0,0.0,0.0,0.0,0.0,0.1136829788537132,0.1136829788537133,57.51538302172535,15.799882991102761,9337468.629906328,4455119.412494004,0,0.0,,,,
2020-06-14 19:00:00,96.52,0.0,idle,sin_restriccion,0.0,0.0,0.0,0.0,0.0,0.0,0.1136829788537132,0.1136829788537133,57.51538302172535,15.799882991102761,9337468.629906328,4455119.412494004,0,0.0,,,,
2020-06-14 20:00:00,103.28,100.0,discharge,above_max_power,92.49038292179802,0.0,92.49038292179802,0.0,9552.4067481633,9552.4067481633,0.03861471955975075,0.038614719559750856,32.74285745471774,8.668398358176331,5315715.349082101,2444242.77208189,143,1.5,0.46304832084624004,1.2651794345759404,,0.3422454879794864
2020-06-14 21:00:00,102.11,100.0,discharge,inventory_limited,71.70377603158302,0.0,71.70377603158302,0.0,7321.672570584942,7321.672570584942,0.0,1.0430191953976949e-16,19.999999999999996,5.00000000000001,3246946.517379281,1409858.3562304801,143,0.7715921467261819,0.6978711153200847,1.2520399615693787,,0.5158062985154872
2020-06-14 22:00:00,99.98,0.0,idle,sin_restriccion,0.0,0.0,0.0,0.0,0.0,0.0,0.0,1.0430191953976949e-16,19.999999999999996,5.00000000000001,3246946.517379281,1409858.3562304801,0,0.0,,,,
2020-06-14 23:00:00,81.56,0.0,idle,sin_restriccion,0.0,0.0,0.0,0.0,0.0,0.0,0.0,1.0430191953976949e-16,19.999999999999996,5.00000000000001,3246946.517379281,1409858.3562304801,0,0.0,,,,
2020-06-15 00:00:00,42.58,0.0,idle,sin_restriccion,0.0,0.0,0.0,0.0,0.0,0.0,0.0,1.0430191953976949e-16,19.999999999999996,5.00000000000001,3246946.517379281,1409858.3562304801,0,0.0,,,,
2020-06-15 01:00:00,39.33,0.0,idle,sin_restriccion,0.0,0.0,0.0,0.0,0.0,0.0,0.0,1.0430191953976949e-16,19.999999999999996,5.00000000000001,3246946.517379281,1409858.3562304801,0,0.0,,,,
2020-06-15 02:00:00,35.24,0.0,idle,sin_restriccion,0.0,0.0,0.0,0.0,0.0,0.0,0.0,1.0430191953976949e-16,19.999999999999996,5.00000000000001,3246946.517379281,1409858.3562304801,0,0.0,,,,
2020-06-15 03:00:00,31.46,-100.0,charge,ok,-99.99999785310169,99.99999785310169,0.0,3145.999932458579,0.0,-3145.999932458579,0.019074487506696124,0.019074487506696228,26.29458087720972,6.812076313136142,4268854.890260197,1920812.5426709382,100,0.5533062219619752,1.6333385534091622,1.2403528795274816,0.6866815649834151,
2020-06-15 04:00:00,31.46,-100.0,charge,ok,-100.00000559707935,100.00000559707935,0.0,3146.0001760841164,0.0,-3146.0001760841164,0.03808232523084349,0.03808232523084359,32.56716732617834,8.61782089693014,5287192.526532155,2429981.3608069173,100,0.5513728678226469,1.6393119897393094,1.2468693095945675,0.684282119769492,
2020-06-15 05:00:00,31.46,-100.0,charge,ok,-99.99999359668428,99.99999359668428,0.0,3145.9997985516875,0.0,-3145.9997985516875,0.057038863377861404,0.0570388633778615,38.82282491469426,10.418692020896842,6302781.807579606,2937776.0013306425,100,0.5498847872018815,1.6439379748847116,1.2519135755856095,0.6824354169911391,
2020-06-15 06:00:00,31.46,0.0,idle,sin_restriccion,0.0,0.0,0.0,0.0,0.0,0.0,0.057038863377861404,0.0570388633778615,38.82282491469426,10.418692020896842,6302781.807579606,2937776.0013306425,0,0.0,,,,
2020-06-15 07:00:00,33.64,0.0,idle,sin_restriccion,0.0,0.0,0.0,0.0,0.0,0.0,0.057038863377861404,0.0570388633778615,38.82282491469426,10.418692020896842,6302781.807579606,2937776.0013306425,0,0.0,,,,
2020-06-15 08:00:00,33.64,0.0,idle,sin_restriccion,0.0,0.0,0.0,0.0,0.0,0.0,0.057038863377861404,0.0570388633778615,38.82282491469426,10.418692020896842,6302781.807579606,2937776.0013306425,0,0.0,,,,
2020-06-15 09:00:00,31.44,-100.0,charge,ok,-100.00000107530116,100.00000107530116,0.0,3144.0000338074683,0.0,-3144.0000338074683,0.07595372237145429,0.07595372237145438,45.06472838257991,12.215603625288166,7316138.143923054,3444454.169502367,100,0.548675772547722,1.6477152009364002,1.2560308627338397,0.6809349164472426,
2020-06-15 10:00:00,30.47,-100.0,charge,ok,-99.99999951944011,99.99999951944011,0.0,3046.99998535734,0.0,-3046.99998535734,0.09483349346401439,0.09483349346401448,51.295052843124736,14.009181879081375,8327614.659388504,3950192.4272350916,100,0.5476579546928406,1.6509078809928823,1.2595099809499908,0.6796717625983931,
2020-06-15 11:00:00,31.93,-100.0,charge,ok,-100.00000133921736,100.00000133921736,0.0,3193.0000427612104,0.0,-3193.0000427612104,0.1136829788537132,0.1136829788537133,57.51538302172535,15.799882991102761,9337468.629906328,4455119.412494004,100,0.5467794373631478,1.6536732165610166,1.2625226667808829,0.6785814649414762,
2020-06-15 12:00:00,31.93,0.0,idle,sin_restriccion,0.0,0.0,0.0,0.0,0.0,0.0,0.1136829788537132,0.1136829788537133,57.51538302172535,15.799882991102761,9337468.629906328,4455119.412494004,0,0.0,,,,
2020-06-15 13:00:00,31.93,0.0,idle,sin_restriccion,0.0,0.0,0.0,0.0,0.0,0.0,0.1136829788537132,0.1136829788537133,57.51538302172535,15.799882991102761,9337468.629906328,4455119.412494004,0,0.0,,,,
2020-06-15 14:00:00,32.25,0.0,idle,sin_restriccion,0.0,0.0,0.0,0.0,0.0,0.0,0.1136829788537132,0.1136829788537133,57.51538302172535,15.799882991102761,9337468.629906328,4455119.412494004,0,0.0,,,,
2020-06-15 15:00:00,31.32,0.0,idle,sin_restriccion,0.0,0.0,0.0,0.0,0.0,0.0,0.1136829788537132,0.1136829788537133,57.51538302172535,15.799882991102761,9337468.629906328,4455119.412494004,0,0.0,,,,
2020-06-15 16:00:00,45.38,0.0,idle,sin_restriccion,0.0,0.0,0.0,0.0,0.0,0.0,0.1136829788537132,0.1136829788537133,57.51538302172535,15.799882991102761,9337468.629906328,4455119.412494004,0,0.0,,,,
2020-06-15 17:00:00,56.92,0.0,idle,sin_restriccion,0.0,0.0,0.0,0.0,0.0,0.0,0.1136829788537132,0.1136829788537133,57.51538302172535,15.799882991102761,9337468.629906328,4455119.412494004,0,0.0,,,,
2020-06-15 18:00:00,79.32,100.0,discharge,above_max_power,92.49038292179802,0.0,92.49038292179802,0.0,7336.337173357018,7336.337173357018,0.03861471955975075,0.038614719559750856,32.74285745471774,8.668398358176331,5315715.349082101,2444242.77208189,143,1.5,0.46304832084624004,1.2651794345759404,,0.3422454879794864
2020-06-15 19:00:00,79.9,100.0,discharge,inventory_limited,71.70377603158302,0.0,71.70377603158302,0.0,5729.131704923484,5729.131704923484,0.0,1.0430191953976949e-16,19.999999999999996,5.00000000000001,3246946.517379281,1409858.3562304801,143,0.7715921467261819,0.6978711153200847,1.2520399615693787,,0.5158062985154872
2020-06-15 20:00:00,77.66,0.0,idle,sin_restriccion,0.0,0.0,0.0,0.0,0.0,0.0,0.0,1.0430191953976949e-16,19.999999999999996,5.00000000000001,3246946.517379281,1409858.3562304801,0,0.0,,,,
2020-06-15 21:00:00,74.14,0.0,idle,sin_restriccion,0.0,0.0,0.0,0.0,0.0,0.0,0.0,1.0430191953976949e-16,19.999999999999996,5.00000000000001,3246946.517379281,1409858.3562304801,0,0.0,,,,
2020-06-15 22:00:00,51.36,0.0,idle,sin_restriccion,0.0,0.0,0.0,0.0,0.0,0.0,0.0,1.0430191953976949e-16,19.999999999999996,5.00000000000001,3246946.517379281,1409858.3562304801,0,0.0,,,,
2020-06-15 23:00:00,51.36,0.0,idle,sin_restriccion,0.0,0.0,0.0,0.0,0.0,0.0,0.0,1.0430191953976949e-16,19.999999999999996,5.00000000000001,3246946.517379281,1409858.3562304801,0,0.0,,,,
2020-06-16 00:00:00,51.36,0.0,idle,sin_restriccion,0.0,0.0,0.0,0.0,0.0,0.0,0.0,1.0430191953976949e-16,19.999999999999996,5.00000000000001,3246946.517379281,1409858.3562304801,0,0.0,,,,
2020-06-16 01:00:00,31.35,0.0,idle,sin_restriccion,0.0,0.0,0.0,0.0,0.0,0.0,0.0,1.0430191953976949e-16,19.999999999999996,5.00000000000001,3246946.517379281,1409858.3562304801,0,0.0,,,,
2020-06-16 02:00:00,29.25,-100.0,charge,ok,-99.99999785310169,99.99999785310169,0.0,2924.9999372032244,0.0,-2924.9999372032244,0.019074487506696124,0.019074487506696228,26.29458087720972,6.812076313136142,4268854.890260197,1920812.5426709382,100,0.5533062219619752,1.6333385534091622,1.2403528795274816,0.6866815649834151,
2020-06-16 03:00:00,28.4,-100.0,charge,ok,-100.00000559707935,100.00000559707935,0.0,2840.0001589570534,0.0,-2840.0001589570534,0.03808232523084349,0.03808232523084359,32.56716732617834,8.61782089693014,5287192.526532155,2429981.3608069173,100,0.5513728678226469,1.6393119897393094,1.2468693095945675,0.684282119769492,
2020-06-16 04:00:00,28.8,-100.0,charge,ok,-99.99999359668428,99.99999359668428,0.0,2879.9998155845074,0.0,-2879.9998155845074,0.057038863377861404,0.0570388633778615,38.82282491469426,10.418692020896842,6302781.807579606,2937776.0013306425,100,0.5498847872018815,1.6439379748847116,1.2519135755856095,0.6824354169911391,
2020-06-16 05:00:00,29.43,0.0,idle,sin_restriccion,0.0,0.0,0.0,0.0,0.0,0.0,0.057038863377861404,0.0570388633778615,38.82282491469426,10.418692020896842,6302781.807579606,2937776.0013306425,0,0.0,,,,
2020-06-16 06:00:00,33.36,0.0,idle,sin_restriccion,0.0,0.0,0.0,0.0,0.0,0.0,0.057038863377861404,0.0570388633778615,38.82282491469426,10.418692020896842,6302781.807579606,2937776.0013306425,0,0.0,,,,
2020-06-16 07:00:00,46.57,0.0,idle,sin_restriccion,0.0,0.0,0.0,0.0,0.0,0.0,0.057038863377861404,0.0570388633778615,38.82282491469426,10.418692020896842,6302781.807579606,2937776.0013306425,0,0.0,,,,
2020-06-16 08:00:00,41.69,0.0,idle,sin_restriccion,0.0,0.0,0.0,0.0,0.0,0.0,0.057038863377861404,0.0570388633778615,38.82282491469426,10.418692020896842,6302781.807579606,2937776.0013306425,0,0.0,,,,
2020-06-16 09:00:00,31.93,0.0,idle,sin_restriccion,0.0,0.0,0.0,0.0,0.0,0.0,0.057038863377861404,0.0570388633778615,38.82282491469426,10.418692020896842,6302781.807579606,2937776.0013306425,0,0.0,,,,
2020-06-16 10:00:00,34.1,0.0,idle,sin_restriccion,0.0,0.0,0.0,0.0,0.0,0.0,0.057038863377861404,0.0570388633778615,38.82282491469426,10.418692020896842,6302781.807579606,2937776.0013306425,0,0.0,,,,
2020-06-16 11:00:00,36.01,0.0,idle,sin_restriccion,0.0,0.0,0.0,0.0,0.0,0.0,0.057038863377861404,0.0570388633778615,38.82282491469426,10.418692020896842,6302781.807579606,2937776.0013306425,0,0.0,,,,
2020-06-16 12:00:00,35.67,0.0,idle,sin_restriccion,0.0,0.0,0.0,0.0,0.0,0.0,0.057038863377861404,0.0570388633778615,38.82282491469426,10.418692020896842,6302781.807579606,2937776.0013306425,0,0.0,,,,
2020-06-16 13:00:00,32.64,-100.0,charge,ok,-100.00000107530116,100.00000107530116,0.0,3264.00003509783,0.0,-3264.00003509783,0.07595372237145429,0.07595372237145438,45.06472838257991,12.215603625288166,7316138.143923054,3444454.169502367,100,0.548675772547722,1.6477152009364002,1.2560308627338397,0.6809349164472426,
2020-06-16 14:00:00,32.64,-100.0,charge,ok,-99.99999951944011,99.99999951944011,0.0,3263.999984314525,0.0,-3263.999984314525,0.09483349346401439,0.09483349346401448,51.295052843124736,14.009181879081375,8327614.659388504,3950192.4272350916,100,0.5476579546928406,1.6509078809928823,1.2595099809499908,0.6796717625983931,
2020-06-16 15:00:00,32.64,-100.0,charge,ok,-100.00000133921736,100.00000133921736,0.0,3264.000043712055,0.0,-3264.000043712055,0.1136829788537132,0.1136829788537133,57.51538302172535,15.799882991102761,9337468.629906328,4455119.412494004,100,0.5467794373631478,1.6536732165610166,1.2625226667808829,0.6785814649414762,
2020-06-16 16:00:00,35.06,0.0,idle,sin_restriccion,0.0,0.0,0.0,0.0,0.0,0.0,0.1136829788537132,0.1136829788537133,57.51538302172535,15.799882991102761,9337468.629906328,4455119.412494004,0,0.0,,,,
2020-06-16 17:00:00,40.03,0.0,idle,sin_restriccion,0.0,0.0,0.0,0.0,0.0,0.0,0.1136829788537132,0.1136829788537133,57.51538302172535,15.799882991102761,9337468.629906328,4455119.412494004,0,0.0,,,,
2020-06-16 18:00:00,62.56,100.0,discharge,above_max_power,92.49038292179802,0.0,92.49038292179802,0.0,5786.198355587684,5786.198355587684,0.03861471955975075,0.038614719559750856,32.74285745471774,8.668398358176331,5315715.349082101,2444242.77208189,143,1.5,0.46304832084624004,1.2651794345759404,,0.3422454879794864
2020-06-16 19:00:00,72.58,100.0,discharge,inventory_limited,71.70377603158302,0.0,71.70377603158302,0.0,5204.260064372295,5204.260064372295,0.0,1.0430191953976949e-16,19.999999999999996,5.00000000000001,3246946.517379281,1409858.3562304801,143,0.7715921467261819,0.6978711153200847,1.2520399615693787,,0.5158062985154872
2020-06-16 20:00:00,51.89,0.0,idle,sin_restriccion,0.0,0.0,0.0,0.0,0.0,0.0,0.0,1.0430191953976949e-16,19.999999999999996,5.00000000000001,3246946.517379281,1409858.3562304801,0,0.0,,,,
2020-06-16 21:00:00,40.41,0.0,idle,sin_restriccion,0.0,0.0,0.0,0.0,0.0,0.0,0.0,1.0430191953976949e-16,19.999999999999996,5.00000000000001,3246946.517379281,1409858.3562304801,0,0.0,,,,
2020-06-16 22:00:00,36.17,0.0,idle,sin_restriccion,0.0,0.0,0.0,0.0,0.0,0.0,0.0,1.0430191953976949e-16,19.999999999999996,5.00000000000001,3246946.517379281,1409858.3562304801,0,0.0,,,,
2020-06-16 23:00:00,36.17,0.0,idle,sin_restriccion,0.0,0.0,0.0,0.0,0.0,0.0,0.0,1.0430191953976949e-16,19.999999999999996,5.00000000000001,3246946.517379281,1409858.3562304801,0,0.0,,,,
2020-06-17 00:00:00,30.87,0.0,idle,sin_restriccion,0.0,0.0,0.0,0.0,0.0,0.0,0.0,1.0430191953976949e-16,19.999999999999996,5.00000000000001,3246946.517379281,1409858.3562304801,0,0.0,,,,
2020-06-17 01:00:00,28.87,0.0,idle,sin_restriccion,0.0,0.0,0.0,0.0,0.0,0.0,0.0,1.0430191953976949e-16,19.999999999999996,5.00000000000001,3246946.517379281,1409858.3562304801,0,0.0,,,,
2020-06-17 02:00:00,28.83,0.0,idle,sin_restriccion,0.0,0.0,0.0,0.0,0.0,0.0,0.0,1.0430191953976949e-16,19.999999999999996,5.00000000000001,3246946.517379281,1409858.3562304801,0,0.0,,,,
2020-06-17 03:00:00,28.66,-100.0,charge,ok,-99.99999785310169,99.99999785310169,0.0,2865.9999384698945,0.0,-2865.9999384698945,0.019074487506696124,0.019074487506696228,26.29458087720972,6.812076313136142,4268854.890260197,1920812.5426709382,100,0.5533062219619752,1.6333385534091622,1.2403528795274816,0.6866815649834151,
2020-06-17 04:00:00,28.7,-100.0,charge,ok,-100.00000559707935,100.00000559707935,0.0,2870.0001606361775,0.0,-2870.0001606361775,0.03808232523084349,0.03808232523084359,32.56716732617834,8.61782089693014,5287192.526532155,2429981.3608069173,100,0.5513728678226469,1.6393119897393094,1.2468693095945675,0.684282119769492,
2020-06-17 05:00:00,28.7,-100.0,charge,ok,-99.99999359668428,99.99999359668428,0.0,2869.9998162248385,0.0,-2869.9998162248385,0.057038863377861404,0.0570388633778615,38.82282491469426,10.418692020896842,6302781.807579606,2937776.0013306425,100,0.5498847872018815,1.6439379748847116,1.2519135755856095,0.6824354169911391,
2020-06-17 06:00:00,28.7,-100.0,charge,ok,-100.00000107530116,100.00000107530116,0.0,2870.000030861143,0.0,-2870.000030861143,0.07595372237145429,0.07595372237145438,45.06472838257991,12.215603625288166,7316138.143923054,3444454.169502367,100,0.548675772547722,1.6477152009364002,1.2560308627338397,0.6809349164472426,
2020-06-17 07:00:00,29.05,-100.0,charge,ok,-99.99999951944011,99.99999951944011,0.0,2904.999986039735,0.0,-2904.999986039735,0.09483349346401439,0.09483349346401448,51.295052843124736,14.009181879081375,8327614.659388504,3950192.4272350916,100,0.5476579546928406,1.6509078809928823,1.2595099809499908,0.6796717625983931,
2020-06-17 08:00:00,29.93,-100.0,charge,ok,-100.00000133921736,100.00000133921736,0.0,2993.0000400827757,0.0,-2993.0000400827757,0.1136829788537132,0.1136829788537133,57.51538302172535,15.799882991102761,9337468.629906328,4455119.412494004,100,0.5467794373631478,1.6536732165610166,1.2625226667808829,0.6785814649414762,
2020-06-17 09:00:00,31.51,0.0,idle,sin_restriccion,0.0,0.0,0.0,0.0,0.0,0.0,0.1136829788537132,0.1136829788537133,57.51538302172535,15.799882991102761,9337468.629906328,4455119.412494004,0,0.0,,,,
2020-06-17 10:00:00,32.12,0.0,idle,sin_restriccion,0.0,0.0,0.0,0.0,0.0,0.0,0.1136829788537132,0.1136829788537133,57.51538302172535,15.799882991102761,9337468.629906328,4455119.412494004,0,0.0,,,,
2020-06-17 11:00:00,33.53,0.0,idle,sin_restriccion,0.0,0.0,0.0,0.0,0.0,0.0,0.1136829788537132,0.1136829788537133,57.51538302172535,15.799882991102761,9337468.629906328,4455119.412494004,0,0.0,,,,
2020-06-17 12:00:00,34.18,0.0,idle,sin_restriccion,0.0,0.0,0.0,0.0,0.0,0.0,0.1136829788537132,0.1136829788537133,57.51538302172535,15.799882991102761,9337468.629906328,4455119.412494004,0,0.0,,,,
2020-06-17 13:00:00,34.18,0.0,idle,sin_restriccion,0.0,0.0,0.0,0.0,0.0,0.0,0.1136829788537132,0.1136829788537133,57.51538302172535,15.799882991102761,9337468.629906328,4455119.412494004,0,0.0,,,,
2020-06-17 14:00:00,34.18,0.0,idle,sin_restriccion,0.0,0.0,0.0,0.0,0.0,0.0,0.1136829788537132,0.1136829788537133,57.51538302172535,15.799882991102761,9337468.629906328,4455119.412494004,0,0.0,,,,
2020-06-17 15:00:00,33.96,0.0,idle,sin_restriccion,0.0,0.0,0.0,0.0,0.0,0.0,0.1136829788537132,0.1136829788537133,57.51538302172535,15.799882991102761,9337468.629906328,4455119.412494004,0,0.0,,,,
2020-06-17 16:00:00,33.4,0.0,idle,sin_restriccion,0.0,0.0,0.0,0.0,0.0,0.0,0.1136829788537132,0.1136829788537133,57.51538302172535,15.799882991102761,9337468.629906328,4455119.412494004,0,0.0,,,,
2020-06-17 17:00:00,33.43,0.0,idle,sin_restriccion,0.0,0.0,0.0,0.0,0.0,0.0,0.1136829788537132,0.1136829788537133,57.51538302172535,15.799882991102761,9337468.629906328,4455119.412494004,0,0.0,,,,
2020-06-17 18:00:00,38.87,0.0,idle,sin_restriccion,0.0,0.0,0.0,0.0,0.0,0.0,0.1136829788537132,0.1136829788537133,57.51538302172535,15.799882991102761,9337468.629906328,4455119.412494004,0,0.0,,,,
2020-06-17 19:00:00,84.82,100.0,discharge,above_max_power,92.49038292179802,0.0,92.49038292179802,0.0,7845.034279426907,7845.034279426907,0.03861471955975075,0.038614719559750856,32.74285745471774,8.668398358176331,5315715.349082101,2444242.77208189,143,1.5,0.46304832084624004,1.2651794345759404,,0.3422454879794864
2020-06-17 20:00:00,93.49,100.0,discharge,inventory_limited,71.70377603158302,0.0,71.70377603158302,0.0,6703.586021192696,6703.586021192696,0.0,1.0430191953976949e-16,19.999999999999996,5.00000000000001,3246946.517379281,1409858.3562304801,143,0.7715921467261819,0.6978711153200847,1.2520399615693787,,0.5158062985154872
2020-06-17 21:00:00,74.28,0.0,idle,sin_restriccion,0.0,0.0,0.0,0.0,0.0,0.0,0.0,1.0430191953976949e-16,19.999999999999996,5.00000000000001,3246946.517379281,1409858.3562304801,0,0.0,,,,
2020-06-17 22:00:00,37.38,0.0,idle,sin_restriccion,0.0,0.0,0.0,0.0,0.0,0.0,0.0,1.0430191953976949e-16,19.999999999999996,5.00000000000001,3246946.517379281,1409858.3562304801,0,0.0,,,,
2020-06-17 23:00:00,35.73,0.0,idle,sin_restriccion,0.0,0.0,0.0,0.0,0.0,0.0,0.0,1.0430191953976949e-16,19.999999999999996,5.00000000000001,3246946.517379281,1409858.3562304801,0,0.0,,,,
2020-06-18 00:00:00,35.73,100.0,discharge_block_empty_tank,inventory_limited,0.0,0.0,0.0,0.0,0.0,0.0,0.0,1.0430191953976949e-16,19.999999999999996,5.00000000000001,3246946.517379281,1409858.3562304801,0,0.0,,,,
2020-06-18 01:00:00,29.72,0.0,idle,sin_restriccion,0.0,0.0,0.0,0.0,0.0,0.0,0.0,1.0430191953976949e-16,19.999999999999996,5.00000000000001,3246946.517379281,1409858.3562304801,0,0.0,,,,
2020-06-18 02:00:00,28.57,-100.0,charge,ok,-99.99999785310169,99.99999785310169,0.0,2856.9999386631152,0.0,-2856.9999386631152,0.019074487506696124,0.019074487506696228,26.29458087720972,6.812076313136142,4268854.890260197,1920812.5426709382,100,0.5533062219619752,1.6333385534091622,1.2403528795274816,0.6866815649834151,
2020-06-18 03:00:00,28.57,-100.0,charge,ok,-100.00000559707935,100.00000559707935,0.0,2857.000159908557,0.0,-2857.000159908557,0.03808232523084349,0.03808232523084359,32.56716732617834,8.61782089693014,5287192.526532155,2429981.3608069173,100,0.5513728678226469,1.6393119897393094,1.2468693095945675,0.684282119769492,
2020-06-18 04:00:00,28.57,-100.0,charge,ok,-99.99999359668428,99.99999359668428,0.0,2856.99981705727,0.0,-2856.99981705727,0.057038863377861404,0.0570388633778615,38.82282491469426,10.418692020896842,6302781.807579606,2937776.0013306425,100,0.5498847872018815,1.6439379748847116,1.2519135755856095,0.6824354169911391,
2020-06-18 05:00:00,28.57,-100.0,charge,ok,-100.00000107530116,100.00000107530116,0.0,2857.000030721354,0.0,-2857.000030721354,0.07595372237145429,0.07595372237145438,45.06472838257991,12.215603625288166,7316138.143923054,3444454.169502367,100,0.548675772547722,1.6477152009364002,1.2560308627338397,0.6809349164472426,
2020-06-18 06:00:00,28.63,-100.0,charge,ok,-99.99999951944011,99.99999951944011,0.0,2862.9999862415702,0.0,-2862.9999862415702,0.09483349346401439,0.09483349346401448,51.295052843124736,14.009181879081375,8327614.659388504,3950192.4272350916,100,0.5476579546928406,1.6509078809928823,1.2595099809499908,0.6796717625983931,
2020-06-18 07:00:00,28.79,-100.0,charge,ok,-100.00000133921736,100.00000133921736,0.0,2879.000038556068,0.0,-2879.000038556068,0.1136829788537132,0.1136829788537133,57.51538302172535,15.799882991102761,9337468.629906328,4455119.412494004,100,0.5467794373631478,1.6536732165610166,1.2625226667808829,0.6785814649414762,
2020-06-18 08:00:00,29.2,0.0,idle,sin_restriccion,0.0,0.0,0.0,0.0,0.0,0.0,0.1136829788537132,0.1136829788537133,57.51538302172535,15.799882991102761,9337468.629906328,4455119.412494004,0,0.0,,,,
2020-06-18 09:00:00,29.55,0.0,idle,sin_restriccion,0.0,0.0,0.0,0.0,0.0,0.0,0.1136829788537132,0.1136829788537133,57.51538302172535,15.799882991102761,9337468.629906328,4455119.412494004,0,0.0,,,,
2020-06-18 10:00:00,31.64,0.0,idle,sin_restriccion,0.0,0.0,0.0,0.0,0.0,0.0,0.1136829788537132,0.1136829788537133,57.51538302172535,15.799882991102761,9337468.629906328,4455119.412494004,0,0.0,,,,
2020-06-18 11:00:00,32.98,0.0,idle,sin_restriccion,0.0,0.0,0.0,0.0,0.0,0.0,0.1136829788537132,0.1136829788537133,57.51538302172535,15.799882991102761,9337468.629906328,4455119.412494004,0,0.0,,,,
2020-06-18 12:00:00,33.75,0.0,idle,sin_restriccion,0.0,0.0,0.0,0.0,0.0,0.0,0.1136829788537132,0.1136829788537133,57.51538302172535,15.799882991102761,9337468.629906328,4455119.412494004,0,0.0,,,,
2020-06-18 13:00:00,31.82,0.0,idle,sin_restriccion,0.0,0.0,0.0,0.0,0.0,0.0,0.1136829788537132,0.1136829788537133,57.51538302172535,15.799882991102761,9337468.629906328,4455119.412494004,0,0.0,,,,
2020-06-18 14:00:00,32.21,0.0,idle,sin_restriccion,0.0,0.0,0.0,0.0,0.0,0.0,0.1136829788537132,0.1136829788537133,57.51538302172535,15.799882991102761,9337468.629906328,4455119.412494004,0,0.0,,,,
2020-06-18 15:00:00,32.11,0.0,idle,sin_restriccion,0.0,0.0,0.0,0.0,0.0,0.0,0.1136829788537132,0.1136829788537133,57.51538302172535,15.799882991102761,9337468.629906328,4455119.412494004,0,0.0,,,,
2020-06-18 16:00:00,31.62,0.0,idle,sin_restriccion,0.0,0.0,0.0,0.0,0.0,0.0,0.1136829788537132,0.1136829788537133,57.51538302172535,15.799882991102761,9337468.629906328,4455119.412494004,0,0.0,,,,
2020-06-18 17:00:00,31.66,0.0,idle,sin_restriccion,0.0,0.0,0.0,0.0,0.0,0.0,0.1136829788537132,0.1136829788537133,57.51538302172535,15.799882991102761,9337468.629906328,4455119.412494004,0,0.0,,,,
2020-06-18 18:00:00,33.92,0.0,idle,sin_restriccion,0.0,0.0,0.0,0.0,0.0,0.0,0.1136829788537132,0.1136829788537133,57.51538302172535,15.799882991102761,9337468.629906328,4455119.412494004,0,0.0,,,,
2020-06-18 19:00:00,35.62,100.0,discharge,above_max_power,92.49038292179802,0.0,92.49038292179802,0.0,3294.507439674445,3294.507439674445,0.03861471955975075,0.038614719559750856,32.74285745471774,8.668398358176331,5315715.349082101,2444242.77208189,143,1.5,0.46304832084624004,1.2651794345759404,,0.3422454879794864
2020-06-18 20:00:00,35.62,0.0,idle,sin_restriccion,0.0,0.0,0.0,0.0,0.0,0.0,0.03861471955975075,0.038614719559750856,32.74285745471774,8.668398358176331,5315715.349082101,2444242.77208189,0,0.0,,,,
2020-06-18 21:00:00,35.62,0.0,idle,sin_restriccion,0.0,0.0,0.0,0.0,0.0,0.0,0.03861471955975075,0.038614719559750856,32.74285745471774,8.668398358176331,5315715.349082101,2444242.77208189,0,0.0,,,,
2020-06-18 22:00:00,32.14,0.0,idle,sin_restriccion,0.0,0.0,0.0,0.0,0.0,0.0,0.03861471955975075,0.038614719559750856,32.74285745471774,8.668398358176331,5315715.349082101,2444242.77208189,0,0.0,,,,
2020-06-18 23:00:00,30.73,0.0,idle,sin_restriccion,0.0,0.0,0.0,0.0,0.0,0.0,0.03861471955975075,0.038614719559750856,32.74285745471774,8.668398358176331,5315715.349082101,2444242.77208189,0,0.0,,,,
2020-06-19 00:00:00,29.1,0.0,idle,sin_restriccion,0.0,0.0,0.0,0.0,0.0,0.0,0.03861471955975075,0.038614719559750856,32.74285745471774,8.668398358176331,5315715.349082101,2444242.77208189,0,0.0,,,,
2020-06-19 01:00:00,28.53,0.0,idle,sin_restriccion,0.0,0.0,0.0,0.0,0.0,0.0,0.03861471955975075,0.038614719559750856,32.74285745471774,8.668398358176331,5315715.349082101,2444242.77208189,0,0.0,,,,
2020-06-19 02:00:00,28.35,-100.0,charge,ok,-99.99999238015998,99.99999238015998,0.0,2834.9997839775356,0.0,-2834.9997839775356,0.05756997551785346,0.05756997551785355,38.99809192089163,10.469147674196087,6331235.937348809,2952003.066215244,100,0.5498475939035417,1.6440539024380492,1.2520399615693787,0.6823892664886676,
2020-06-19 03:00:00,28.35,-100.0,charge,ok,-100.00000034609691,100.00000034609691,0.0,2835.0000098118476,0.0,-2835.0000098118476,0.07648377069533076,0.07648377069533084,45.239644329459146,12.26595821605643,7344535.280150736,3458652.7376162075,100,0.5486449137330055,1.64781181268637,1.2561361567989855,0.6808966240326201,
2020-06-19 04:00:00,28.35,-100.0,charge,ok,-99.99999349688413,99.99999349688413,0.0,2834.999815636665,0.0,-2834.999815636665,0.09536263223512913,0.09536263223512921,51.469668637592605,14.059450062337275,8355963.066674846,3964366.6308782627,100,0.5476315706968309,1.6509906968673622,1.2596002238013586,0.6796390596304566,
2020-06-19 05:00:00,28.35,-100.0,charge,ok,-100.0000083240302,100.0000083240302,0.0,2835.0002359862565,0.0,-2835.0002359862565,0.11421132627385683,0.11421132627385693,57.68973767037275,15.850075996016407,9365774.640867056,4469272.417974368,100,0.5467564821243287,1.6537457121888102,1.2626016269801073,0.6785529289112463,
2020-06-19 06:00:00,28.35,-100.0,charge,ok,-99.99999680635297,99.99999680635297,0.0,2834.9999094601067,0.0,-2834.9999094601067,0.13303347499519935,0.13303347499519944,63.90104674841578,17.638180124543947,10374164.059832962,4973467.127457321,100,0.5459864646196366,1.6561768157211705,1.265249622264393,0.6775973756083986,
2020-06-19 07:00:00,29.17,-100.0,charge,ok,-100.00000366661952,100.00000366661952,0.0,2917.0001069552914,0.0,-2917.0001069552914,0.15183193527633332,0.1518319352763334,70.10453864118999,19.424033851251675,11381284.379674654,5477027.287378167,100,0.5452993184328079,1.6583523710079822,1.2676187961874668,0.6767445453071764,
2020-06-19 08:00:00,28.9,0.0,idle,sin_restriccion,0.0,0.0,0.0,0.0,0.0,0.0,0.15183193527633332,0.1518319352763334,70.10453864118999,19.424033851251675,11381284.379674654,5477027.287378167,0,0.0,,,,
2020-06-19 09:00:00,30.24,0.0,idle,sin_restriccion,0.0,0.0,0.0,0.0,0.0,0.0,0.15183193527633332,0.1518319352763334,70.10453864118999,19.424033851251675,11381284.379674654,5477027.287378167,0,0.0,,,,
2020-06-19 10:00:00,32.8,0.0,idle,sin_restriccion,0.0,0.0,0.0,0.0,0.0,0.0,0.15183193527633332,0.1518319352763334,70.10453864118999,19.424033851251675,11381284.379674654,5477027.287378167,0,0.0,,,,
2020-06-19 11:00:00,32.69,0.0,idle,sin_restriccion,0.0,0.0,0.0,0.0,0.0,0.0,0.15183193527633332,0.1518319352763334,70.10453864118999,19.424033851251675,11381284.379674654,5477027.287378167,0,0.0,,,,
2020-06-19 12:00:00,31.67,0.0,idle,sin_restriccion,0.0,0.0,0.0,0.0,0.0,0.0,0.15183193527633332,0.1518319352763334,70.10453864118999,19.424033851251675,11381284.379674654,5477027.287378167,0,0.0,,,,
2020-06-19 13:00:00,31.58,0.0,idle,sin_restriccion,0.0,0.0,0.0,0.0,0.0,0.0,0.15183193527633332,0.1518319352763334,70.10453864118999,19.424033851251675,11381284.379674654,5477027.287378167,0,0.0,,,,
2020-06-19 14:00:00,31.58,0.0,idle,sin_restriccion,0.0,0.0,0.0,0.0,0.0,0.0,0.15183193527633332,0.1518319352763334,70.10453864118999,19.424033851251675,11381284.379674654,5477027.287378167,0,0.0,,,,
2020-06-19 15:00:00,31.31,0.0,idle,sin_restriccion,0.0,0.0,0.0,0.0,0.0,0.0,0.15183193527633332,0.1518319352763334,70.10453864118999,19.424033851251675,11381284.379674654,5477027.287378167,0,0.0,,,,
2020-06-19 16:00:00,29.45,0.0,idle,sin_restriccion,0.0,0.0,0.0,0.0,0.0,0.0,0.15183193527633332,0.1518319352763334,70.10453864118999,19.424033851251675,11381284.379674654,5477027.287378167,0,0.0,,,,
2020-06-19 17:00:00,31.0,0.0,idle,sin_restriccion,0.0,0.0,0.0,0.0,0.0,0.0,0.15183193527633332,0.1518319352763334,70.10453864118999,19.424033851251675,11381284.379674654,5477027.287378167,0,0.0,,,,
2020-06-19 18:00:00,32.97,100.0,discharge,above_max_power,93.4057853490092,0.0,93.4057853490092,0.0,3079.588742956833,3079.588742956833,0.07676367598237088,0.07676367598237098,45.33201307418239,12.292549218325245,7359531.098850427,3466150.646966053,143,1.5,0.4676312357767264,1.2697623495064267,,0.3456327844799603
2020-06-19 19:00:00,35.76,100.0,discharge,above_max_power,91.385467994459,0.0,91.385467994459,0.0,3267.944335481854,3267.944335481854,0.0016954166884084415,0.0016954166884085456,20.559487507174783,5.161064585398812,3337777.8180262004,1455274.0065539398,143,1.5,0.4575166213806333,1.2596477351103337,,0.33815693156381355
2020-06-19 20:00:00,32.28,0.0,idle,sin_restriccion,0.0,0.0,0.0,0.0,0.0,0.0,0.0016954166884084415,0.0016954166884085456,20.559487507174783,5.161064585398812,3337777.8180262004,1455274.0065539398,0,0.0,,,,
2020-06-19 21:00:00,30.56,0.0,idle,sin_restriccion,0.0,0.0,0.0,0.0,0.0,0.0,0.0016954166884084415,0.0016954166884085456,20.559487507174783,5.161064585398812,3337777.8180262004,1455274.0065539398,0,0.0,,,,
2020-06-19 22:00:00,29.27,0.0,idle,sin_restriccion,0.0,0.0,0.0,0.0,0.0,0.0,0.0016954166884084415,0.0016954166884085456,20.559487507174783,5.161064585398812,3337777.8180262004,1455274.0065539398,0,0.0,,,,
2020-06-19 23:00:00,32.89,0.0,idle,sin_restriccion,0.0,0.0,0.0,0.0,0.0,0.0,0.0016954166884084415,0.0016954166884085456,20.559487507174783,5.161064585398812,3337777.8180262004,1455274.0065539398,0,0.0,,,,
2020-06-20 00:00:00,35.77,100.0,discharge,inventory_limited,4.41123911430835,0.0,4.41123911430835,0.0,157.79002311880967,157.79002311880967,0.0,1.0430191953976949e-16,19.999999999999996,5.00000000000001,3246946.517379281,1409858.3562304801,96,0.05046336093032714,0.977845468583174,1.2410139064031853,,0.7227392574325008
2020-06-20 01:00:00,33.42,0.0,idle,sin_restriccion,0.0,0.0,0.0,0.0,0.0,0.0,0.0,1.0430191953976949e-16,19.999999999999996,5.00000000000001,3246946.517379281,1409858.3562304801,0,0.0,,,,
2020-06-20 02:00:00,29.68,-100.0,charge,ok,-99.99999785310169,99.99999785310169,0.0,2967.999936280058,0.0,-2967.999936280058,0.019074487506696124,0.019074487506696228,26.29458087720972,6.812076313136142,4268854.890260197,1920812.5426709382,100,0.5533062219619752,1.6333385534091622,1.2403528795274816,0.6866815649834151,
2020-06-20 03:00:00,29.42,-100.0,charge,ok,-100.00000559707935,100.00000559707935,0.0,2942.000164666075,0.0,-2942.000164666075,0.03808232523084349,0.03808232523084359,32.56716732617834,8.61782089693014,5287192.526532155,2429981.3608069173,100,0.5513728678226469,1.6393119897393094,1.2468693095945675,0.684282119769492,
2020-06-20 04:00:00,29.98,-100.0,charge,ok,-99.99999359668428,99.99999359668428,0.0,2997.9998080285945,0.0,-2997.9998080285945,0.057038863377861404,0.0570388633778615,38.82282491469426,10.418692020896842,6302781.807579606,2937776.0013306425,100,0.5498847872018815,1.6439379748847116,1.2519135755856095,0.6824354169911391,
2020-06-20 05:00:00,31.2,0.0,idle,sin_restriccion,0.0,0.0,0.0,0.0,0.0,0.0,0.057038863377861404,0.0570388633778615,38.82282491469426,10.418692020896842,6302781.807579606,2937776.0013306425,0,0.0,,,,
2020-06-20 06:00:00,31.27,0.0,idle,sin_restriccion,0.0,0.0,0.0,0.0,0.0,0.0,0.057038863377861404,0.0570388633778615,38.82282491469426,10.418692020896842,6302781.807579606,2937776.0013306425,0,0.0,,,,
2020-06-20 07:00:00,30.27,0.0,idle,sin_restriccion,0.0,0.0,0.0,0.0,0.0,0.0,0.057038863377861404,0.0570388633778615,38.82282491469426,10.418692020896842,6302781.807579606,2937776.0013306425,0,0.0,,,,
2020-06-20 08:00:00,29.42,-100.0,charge,ok,-100.00000107530116,100.00000107530116,0.0,2942.0000316353603,0.0,-2942.0000316353603,0.07595372237145429,0.07595372237145438,45.06472838257991,12.215603625288166,7316138.143923054,3444454.169502367,100,0.548675772547722,1.6477152009364002,1.2560308627338397,0.6809349164472426,
2020-06-20 09:00:00,29.16,-100.0,charge,ok,-99.99999951944011,99.99999951944011,0.0,2915.9999859868735,0.0,-2915.9999859868735,0.09483349346401439,0.09483349346401448,51.295052843124736,14.009181879081375,8327614.659388504,3950192.4272350916,100,0.5476579546928406,1.6509078809928823,1.2595099809499908,0.6796717625983931,
2020-06-20 10:00:00,28.69,-100.0,charge,ok,-100.00000133921736,100.00000133921736,0.0,2869.000038422146,0.0,-2869.000038422146,0.1136829788537132,0.1136829788537133,57.51538302172535,15.799882991102761,9337468.629906328,4455119.412494004,100,0.5467794373631478,1.6536732165610166,1.2625226667808829,0.6785814649414762,
2020-06-20 11:00:00,29.79,0.0,idle,sin_restriccion,0.0,0.0,0.0,0.0,0.0,0.0,0.1136829788537132,0.1136829788537133,57.51538302172535,15.799882991102761,9337468.629906328,4455119.412494004,0,0.0,,,,
2020-06-20 12:00:00,31.11,0.0,idle,sin_restriccion,0.0,0.0,0.0,0.0,0.0,0.0,0.1136829788537132,0.1136829788537133,57.51538302172535,15.799882991102761,9337468.629906328,4455119.412494004,0,0.0,,,,
2020-06-20 13:00:00,31.2,0.0,idle,sin_restriccion,0.0,0.0,0.0,0.0,0.0,0.0,0.1136829788537132,0.1136829788537133,57.51538302172535,15.799882991102761,9337468.629906328,4455119.412494004,0,0.0,,,,
2020-06-20 14:00:00,31.25,0.0,idle,sin_restriccion,0.0,0.0,0.0,0.0,0.0,0.0,0.1136829788537132,0.1136829788537133,57.51538302172535,15.799882991102761,9337468.629906328,4455119.412494004,0,0.0,,,,
2020-06-20 15:00:00,31.25,0.0,idle,sin_restriccion,0.0,0.0,0.0,0.0,0.0,0.0,0.1136829788537132,0.1136829788537133,57.51538302172535,15.799882991102761,9337468.629906328,4455119.412494004,0,0.0,,,,
2020-06-20 16:00:00,31.25,0.0,idle,sin_restriccion,0.0,0.0,0.0,0.0,0.0,0.0,0.1136829788537132,0.1136829788537133,57.51538302172535,15.799882991102761,9337468.629906328,4455119.412494004,0,0.0,,,,
2020-06-20 17:00:00,31.21,0.0,idle,sin_restriccion,0.0,0.0,0.0,0.0,0.0,0.0,0.1136829788537132,0.1136829788537133,57.51538302172535,15.799882991102761,9337468.629906328,4455119.412494004,0,0.0,,,,
2020-06-20 18:00:00,33.29,0.0,idle,sin_restriccion,0.0,0.0,0.0,0.0,0.0,0.0,0.1136829788537132,0.1136829788537133,57.51538302172535,15.799882991102761,9337468.629906328,4455119.412494004,0,0.0,,,,
2020-06-20 19:00:00,33.9,100.0,discharge,above_max_power,92.49038292179802,0.0,92.49038292179802,0.0,3135.4239810489526,3135.4239810489526,0.03861471955975075,0.038614719559750856,32.74285745471774,8.668398358176331,5315715.349082101,2444242.77208189,143,1.5,0.46304832084624004,1.2651794345759404,,0.3422454879794864
2020-06-20 20:00:00,33.67,0.0,idle,sin_restriccion,0.0,0.0,0.0,0.0,0.0,0.0,0.03861471955975075,0.038614719559750856,32.74285745471774,8.668398358176331,5315715.349082101,2444242.77208189,0,0.0,,,,
2020-06-20 21:00:00,32.16,0.0,idle,sin_restriccion,0.0,0.0,0.0,0.0,0.0,0.0,0.03861471955975075,0.038614719559750856,32.74285745471774,8.668398358176331,5315715.349082101,2444242.77208189,0,0.0,,,,
2020-06-20 22:00:00,32.16,0.0,idle,sin_restriccion,0.0,0.0,0.0,0.0,0.0,0.0,0.03861471955975075,0.038614719559750856,32.74285745471774,8.668398358176331,5315715.349082101,2444242.77208189,0,0.0,,,,
2020-06-20 23:00:00,32.12,0.0,idle,sin_restriccion,0.0,0.0,0.0,0.0,0.0,0.0,0.03861471955975075,0.038614719559750856,32.74285745471774,8.668398358176331,5315715.349082101,2444242.77208189,0,0.0,,,,
2020-06-21 00:00:00,31.73,0.0,idle,sin_restriccion,0.0,0.0,0.0,0.0,0.0,0.0,0.03861471955975075,0.038614719559750856,32.74285745471774,8.668398358176331,5315715.349082101,2444242.77208189,0,0.0,,,,
2020-06-21 01:00:00,30.16,0.0,idle,sin_restriccion,0.0,0.0,0.0,0.0,0.0,0.0,0.03861471955975075,0.038614719559750856,32.74285745471774,8.668398358176331,5315715.349082101,2444242.77208189,0,0.0,,,,
2020-06-21 02:00:00,29.09,0.0,idle,sin_restriccion,0.0,0.0,0.0,0.0,0.0,0.0,0.03861471955975075,0.038614719559750856,32.74285745471774,8.668398358176331,5315715.349082101,2444242.77208189,0,0.0,,,,
2020-06-21 03:00:00,28.5,0.0,idle,sin_restriccion,0.0,0.0,0.0,0.0,0.0,0.0,0.03861471955975075,0.038614719559750856,32.74285745471774,8.668398358176331,5315715.349082101,2444242.77208189,0,0.0,,,,
2020-06-21 04:00:00,28.32,0.0,idle,sin_restriccion,0.0,0.0,0.0,0.0,0.0,0.0,0.03861471955975075,0.038614719559750856,32.74285745471774,8.668398358176331,5315715.349082101,2444242.77208189,0,0.0,,,,
2020-06-21 05:00:00,28.32,-100.0,charge,ok,-99.99999238015998,99.99999238015998,0.0,2831.9997842061307,0.0,-2831.9997842061307,0.05756997551785346,0.05756997551785355,38.99809192089163,10.469147674196087,6331235.937348809,2952003.066215244,100,0.5498475939035417,1.6440539024380492,1.2520399615693787,0.6823892664886676,
2020-06-21 06:00:00,28.32,-100.0,charge,ok,-100.00000034609691,100.00000034609691,0.0,2832.0000098014643,0.0,-2832.0000098014643,0.07648377069533076,0.07648377069533084,45.239644329459146,12.26595821605643,7344535.280150736,3458652.7376162075,100,0.5486449137330055,1.64781181268637,1.2561361567989855,0.6808966240326201,
2020-06-21 07:00:00,28.31,-100.0,charge,ok,-99.99999349688413,99.99999349688413,0.0,2830.9998158967896,0.0,-2830.9998158967896,0.09536263223512913,0.09536263223512921,51.469668637592605,14.059450062337275,8355963.066674846,3964366.6308782627,100,0.5476315706968309,1.6509906968673622,1.2596002238013586,0.6796390596304566,
2020-06-21 08:00:00,27.36,-100.0,charge,ok,-100.0000083240302,100.0000083240302,0.0,2736.0002277454664,0.0,-2736.0002277454664,0.11421132627385683,0.11421132627385693,57.68973767037275,15.850075996016407,9365774.640867056,4469272.417974368,100,0.5467564821243287,1.6537457121888102,1.2626016269801073,0.6785529289112463,
2020-06-21 09:00:00,25.85,-100.0,charge,ok,-99.99999680635297,99.99999680635297,0.0,2584.999917444224,0.0,-2584.999917444224,0.13303347499519935,0.13303347499519944,63.90104674841578,17.638180124543947,10374164.059832962,4973467.127457321,100,0.5459864646196366,1.6561768157211705,1.265249622264393,0.6775973756083986,
2020-06-21 10:00:00,25.71,-100.0,charge,ok,-100.00000366661952,100.00000366661952,0.0,2571.000094268788,0.0,-2571.000094268788,0.15183193527633332,0.1518319352763334,70.10453864118999,19.424033851251675,11381284.379674654,5477027.287378167,100,0.5452993184328079,1.6583523710079822,1.2676187961874668,0.6767445453071764,
2020-06-21 11:00:00,27.86,0.0,idle,sin_restriccion,0.0,0.0,0.0,0.0,0.0,0.0,0.15183193527633332,0.1518319352763334,70.10453864118999,19.424033851251675,11381284.379674654,5477027.287378167,0,0.0,,,,
2020-06-21 12:00:00,29.0,0.0,idle,sin_restriccion,0.0,0.0,0.0,0.0,0.0,0.0,0.15183193527633332,0.1518319352763334,70.10453864118999,19.424033851251675,11381284.379674654,5477027.287378167,0,0.0,,,,
2020-06-21 13:00:00,29.18,0.0,idle,sin_restriccion,0.0,0.0,0.0,0.0,0.0,0.0,0.15183193527633332,0.1518319352763334,70.10453864118999,19.424033851251675,11381284.379674654,5477027.287378167,0,0.0,,,,
2020-06-21 14:00:00,28.76,0.0,idle,sin_restriccion,0.0,0.0,0.0,0.0,0.0,0.0,0.15183193527633332,0.1518319352763334,70.10453864118999,19.424033851251675,11381284.379674654,5477027.287378167,0,0.0,,,,
2020-06-21 15:00:00,28.0,0.0,idle,sin_restriccion,0.0,0.0,0.0,0.0,0.0,0.0,0.15183193527633332,0.1518319352763334,70.10453864118999,19.424033851251675,11381284.379674654,5477027.287378167,0,0.0,,,,
2020-06-21 16:00:00,28.83,0.0,idle,sin_restriccion,0.0,0.0,0.0,0.0,0.0,0.0,0.15183193527633332,0.1518319352763334,70.10453864118999,19.424033851251675,11381284.379674654,5477027.287378167,0,0.0,,,,
2020-06-21 17:00:00,29.89,0.0,idle,sin_restriccion,0.0,0.0,0.0,0.0,0.0,0.0,0.15183193527633332,0.1518319352763334,70.10453864118999,19.424033851251675,11381284.379674654,5477027.287378167,0,0.0,,,,
2020-06-21 18:00:00,30.42,0.0,idle,sin_restriccion,0.0,0.0,0.0,0.0,0.0,0.0,0.15183193527633332,0.1518319352763334,70.10453864118999,19.424033851251675,11381284.379674654,5477027.287378167,0,0.0,,,,
2020-06-21 19:00:00,31.79,100.0,discharge,above_max_power,93.4057853490092,0.0,93.4057853490092,0.0,2969.369916245002,2969.369916245002,0.07676367598237088,0.07676367598237098,45.33201307418239,12.292549218325245,7359531.098850427,3466150.646966053,143,1.5,0.4676312357767264,1.2697623495064267,,0.3456327844799603
2020-06-21 20:00:00,31.79,100.0,discharge,above_max_power,91.385467994459,0.0,91.385467994459,0.0,2905.1440275438517,2905.1440275438517,0.0016954166884084415,0.0016954166884085456,20.559487507174783,5.161064585398812,3337777.8180262004,1455274.0065539398,143,1.5,0.4575166213806333,1.2596477351103337,,0.33815693156381355
2020-06-21 21:00:00,31.78,0.0,idle,sin_restriccion,0.0,0.0,0.0,0.0,0.0,0.0,0.0016954166884084415,0.0016954166884085456,20.559487507174783,5.161064585398812,3337777.8180262004,1455274.0065539398,0,0.0,,,,
2020-06-21 22:00:00,31.5,0.0,idle,sin_restriccion,0.0,0.0,0.0,0.0,0.0,0.0,0.0016954166884084415,0.0016954166884085456,20.559487507174783,5.161064585398812,3337777.8180262004,1455274.0065539398,0,0.0,,,,
2020-06-21 23:00:00,30.96,0.0,idle,sin_restriccion,0.0,0.0,0.0,0.0,0.0,0.0,0.0016954166884084415,0.0016954166884085456,20.559487507174783,5.161064585398812,3337777.8180262004,1455274.0065539398,0,0.0,,,,
2020-06-22 00:00:00,30.96,0.0,idle,sin_restriccion,0.0,0.0,0.0,0.0,0.0,0.0,0.0016954166884084415,0.0016954166884085456,20.559487507174783,5.161064585398812,3337777.8180262004,1455274.0065539398,0,0.0,,,,
2020-06-22 01:00:00,29.6,0.0,idle,sin_restriccion,0.0,0.0,0.0,0.0,0.0,0.0,0.0016954166884084415,0.0016954166884085456,20.559487507174783,5.161064585398812,3337777.8180262004,1455274.0065539398,0,0.0,,,,
2020-06-22 02:00:00,28.64,-100.0,charge,ok,-100.00000512934477,100.00000512934477,0.0,2864.000146904434,0.0,-2864.000146904434,0.020763124621215382,0.020763124621215483,26.851831125001073,6.97249683901547,4359322.977828941,1966046.5864553102,100,0.553109562397003,1.6339443703300258,1.2410139064031853,0.6864374503713063,
2020-06-22 03:00:00,28.64,-100.0,charge,ok,-100.00000981130049,100.00000981130049,0.0,2864.000280995646,0.0,-2864.000280995646,0.0397659057128284,0.0397659057128285,33.12274888523338,8.777761042718707,5377389.706946848,2475079.9510142636,100,0.5512261867523192,1.6397669587434454,1.2473654954513274,0.6841000521789565,
2020-06-22 04:00:00,28.64,-100.0,charge,ok,-100.00000788528003,100.00000788528003,0.0,2864.0002258344202,0.0,-2864.0002258344202,0.05871841698528448,0.05871841698528458,39.377077605143874,10.578249613602033,6392763.24972978,2982766.7224057293,100,0.5497679769992828,1.6443024230643486,1.2523108704074275,0.6822903520079139,
2020-06-22 05:00:00,28.64,-100.0,charge,ok,-100.00000680657203,100.00000680657203,0.0,2864.000194940223,0.0,-2864.000194940223,0.07762993026717672,0.07762993026717682,45.61787698816831,12.374843375381797,7405940.3408484785,3489355.267965079,100,0.5485787212848663,1.6480192203417903,1.2563621885423817,0.6808144318079963,
2020-06-22 06:00:00,28.66,-100.0,charge,ok,-99.99999764799539,99.99999764799539,0.0,2865.999932591548,0.0,-2865.999932591548,0.09650684047571975,0.09650684047571986,51.84725735698751,14.168149845193387,8417263.585546896,3995016.890314288,100,0.5475749671459199,1.6511686887208408,1.2597941496244847,0.6795687834910381,
2020-06-22 07:00:00,29.78,-100.0,charge,ok,-99.99999318974612,99.99999318974612,0.0,2977.9997971906396,0.0,-2977.9997971906396,0.11535382760045408,0.11535382760045418,58.06676310814985,15.958613622043144,9426983.712474743,4499876.953778211,100,0.5467069685459137,1.653901582553449,1.2627714414275986,0.6784915826974348,
2020-06-22 08:00:00,30.52,0.0,idle,sin_restriccion,0.0,0.0,0.0,0.0,0.0,0.0,0.11535382760045408,0.11535382760045418,58.06676310814985,15.958613622043144,9426983.712474743,4499876.953778211,0,0.0,,,,
2020-06-22 09:00:00,27.11,0.0,idle,sin_restriccion,0.0,0.0,0.0,0.0,0.0,0.0,0.11535382760045408,0.11535382760045418,58.06676310814985,15.958613622043144,9426983.712474743,4499876.953778211,0,0.0,,,,
2020-06-22 10:00:00,30.08,0.0,idle,sin_restriccion,0.0,0.0,0.0,0.0,0.0,0.0,0.11535382760045408,0.11535382760045418,58.06676310814985,15.958613622043144,9426983.712474743,4499876.953778211,0,0.0,,,,
2020-06-22 11:00:00,32.69,0.0,idle,sin_restriccion,0.0,0.0,0.0,0.0,0.0,0.0,0.11535382760045408,0.11535382760045418,58.06676310814985,15.958613622043144,9426983.712474743,4499876.953778211,0,0.0,,,,
2020-06-22 12:00:00,33.06,0.0,idle,sin_restriccion,0.0,0.0,0.0,0.0,0.0,0.0,0.11535382760045408,0.11535382760045418,58.06676310814985,15.958613622043144,9426983.712474743,4499876.953778211,0,0.0,,,,
2020-06-22 13:00:00,32.97,0.0,idle,sin_restriccion,0.0,0.0,0.0,0.0,0.0,0.0,0.11535382760045408,0.11535382760045418,58.06676310814985,15.958613622043144,9426983.712474743,4499876.953778211,0,0.0,,,,
2020-06-22 14:00:00,32.82,0.0,idle,sin_restriccion,0.0,0.0,0.0,0.0,0.0,0.0,0.11535382760045408,0.11535382760045418,58.06676310814985,15.958613622043144,9426983.712474743,4499876.953778211,0,0.0,,,,
2020-06-22 15:00:00,32.82,0.0,idle,sin_restriccion,0.0,0.0,0.0,0.0,0.0,0.0,0.11535382760045408,0.11535382760045418,58.06676310814985,15.958613622043144,9426983.712474743,4499876.953778211,0,0.0,,,,
2020-06-22 16:00:00,32.82,0.0,idle,sin_restriccion,0.0,0.0,0.0,0.0,0.0,0.0,0.11535382760045408,0.11535382760045418,58.06676310814985,15.958613622043144,9426983.712474743,4499876.953778211,0,0.0,,,,
2020-06-22 17:00:00,33.25,0.0,idle,sin_restriccion,0.0,0.0,0.0,0.0,0.0,0.0,0.11535382760045408,0.11535382760045418,58.06676310814985,15.958613622043144,9426983.712474743,4499876.953778211,0,0.0,,,,
2020-06-22 18:00:00,36.78,0.0,idle,sin_restriccion,0.0,0.0,0.0,0.0,0.0,0.0,0.11535382760045408,0.11535382760045418,58.06676310814985,15.958613622043144,9426983.712474743,4499876.953778211,0,0.0,,,,
2020-06-22 19:00:00,38.67,100.0,discharge,above_max_power,92.53457144909902,0.0,92.53457144909902,0.0,3578.311877936659,3578.311877936659,0.04028556830649164,0.040285568306491736,33.29423754114224,8.827128989116714,5405230.431650516,2489000.3133660974,143,1.5,0.46326954842386503,1.2654006621535654,,0.3424090003751699
2020-06-22 20:00:00,38.41,100.0,discharge,inventory_limited,73.84408660467709,0.0,73.84408660467709,0.0,2836.351366485647,2836.351366485647,8.691826628314126e-18,1.1299374616808363e-16,20.000000000000004,5.000000000000011,3246946.5173792816,1409858.3562304804,143,0.8049787357277587,0.6888938536609553,1.2524321155427633,,0.5091710789089606
2020-06-22 21:00:00,35.73,0.0,idle,sin_restriccion,0.0,0.0,0.0,0.0,0.0,0.0,8.691826628314126e-18,1.1299374616808363e-16,20.000000000000004,5.000000000000011,3246946.5173792816,1409858.3562304804,0,0.0,,,,
2020-06-22 22:00:00,34.27,0.0,idle,sin_restriccion,0.0,0.0,0.0,0.0,0.0,0.0,8.691826628314126e-18,1.1299374616808363e-16,20.000000000000004,5.000000000000011,3246946.5173792816,1409858.3562304804,0,0.0,,,,
2020-06-22 23:00:00,34.27,0.0,idle,sin_restriccion,0.0,0.0,0.0,0.0,0.0,0.0,8.691826628314126e-18,1.1299374616808363e-16,20.000000000000004,5.000000000000011,3246946.5173792816,1409858.3562304804,0,0.0,,,,
2020-06-23 00:00:00,34.27,0.0,idle,sin_restriccion,0.0,0.0,0.0,0.0,0.0,0.0,8.691826628314126e-18,1.1299374616808363e-16,20.000000000000004,5.000000000000011,3246946.5173792816,1409858.3562304804,0,0.0,,,,
2020-06-23 01:00:00,30.58,0.0,idle,sin_restriccion,0.0,0.0,0.0,0.0,0.0,0.0,8.691826628314126e-18,1.1299374616808363e-16,20.000000000000004,5.000000000000011,3246946.5173792816,1409858.3562304804,0,0.0,,,,
2020-06-23 02:00:00,29.21,-100.0,charge,ok,-99.99999785310169,99.99999785310169,0.0,2920.9999372891,0.0,-2920.9999372891,0.019074487506696124,0.019074487506696235,26.29458087720972,6.812076313136142,4268854.890260197,1920812.5426709384,100,0.5533062219619752,1.6333385534091622,1.2403528795274816,0.6866815649834151,
2020-06-23 03:00:00,29.21,-100.0,charge,ok,-100.00000559707935,100.00000559707935,0.0,2921.000163490688,0.0,-2921.000163490688,0.03808232523084349,0.03808232523084361,32.56716732617834,8.61782089693014,5287192.526532155,2429981.360806918,100,0.5513728678226469,1.6393119897393094,1.2468693095945675,0.684282119769492,
2020-06-23 04:00:00,29.21,-100.0,charge,ok,-99.99999359668428,99.99999359668428,0.0,2920.9998129591477,0.0,-2920.9998129591477,0.057038863377861404,0.057038863377861515,38.82282491469426,10.418692020896845,6302781.807579606,2937776.001330643,100,0.5498847872018815,1.6439379748847116,1.2519135755856095,0.6824354169911391,
2020-06-23 05:00:00,29.21,-100.0,charge,ok,-100.00000107530116,100.00000107530116,0.0,2921.000031409547,0.0,-2921.000031409547,0.07595372237145429,0.0759537223714544,45.06472838257991,12.215603625288168,7316138.143923054,3444454.1695023673,100,0.548675772547722,1.6477152009364002,1.2560308627338397,0.6809349164472426,
2020-06-23 06:00:00,29.21,-100.0,charge,ok,-99.99999951944011,99.99999951944011,0.0,2920.9999859628456,0.0,-2920.9999859628456,0.09483349346401439,0.0948334934640145,51.295052843124736,14.009181879081376,8327614.659388504,3950192.427235092,100,0.5476579546928406,1.6509078809928823,1.2595099809499908,0.6796717625983931,
2020-06-23 07:00:00,30.23,-100.0,charge,ok,-100.00000133921736,100.00000133921736,0.0,3023.000040484541,0.0,-3023.000040484541,0.1136829788537132,0.1136829788537133,57.51538302172535,15.799882991102761,9337468.629906328,4455119.412494004,100,0.5467794373631478,1.6536732165610166,1.2625226667808829,0.6785814649414762,
2020-06-23 08:00:00,31.02,0.0,idle,sin_restriccion,0.0,0.0,0.0,0.0,0.0,0.0,0.1136829788537132,0.1136829788537133,57.51538302172535,15.799882991102761,9337468.629906328,4455119.412494004,0,0.0,,,,
2020-06-23 09:00:00,31.79,0.0,idle,sin_restriccion,0.0,0.0,0.0,0.0,0.0,0.0,0.1136829788537132,0.1136829788537133,57.51538302172535,15.799882991102761,9337468.629906328,4455119.412494004,0,0.0,,,,
2020-06-23 10:00:00,32.87,0.0,idle,sin_restriccion,0.0,0.0,0.0,0.0,0.0,0.0,0.1136829788537132,0.1136829788537133,57.51538302172535,15.799882991102761,9337468.629906328,4455119.412494004,0,0.0,,,,
2020-06-23 11:00:00,33.76,0.0,idle,sin_restriccion,0.0,0.0,0.0,0.0,0.0,0.0,0.1136829788537132,0.1136829788537133,57.51538302172535,15.799882991102761,9337468.629906328,4455119.412494004,0,0.0,,,,
2020-06-23 12:00:00,33.76,0.0,idle,sin_restriccion,0.0,0.0,0.0,0.0,0.0,0.0,0.1136829788537132,0.1136829788537133,57.51538302172535,15.799882991102761,9337468.629906328,4455119.412494004,0,0.0,,,,
2020-06-23 13:00:00,33.79,0.0,idle,sin_restriccion,0.0,0.0,0.0,0.0,0.0,0.0,0.1136829788537132,0.1136829788537133,57.51538302172535,15.799882991102761,9337468.629906328,4455119.412494004,0,0.0,,,,
2020-06-23 14:00:00,33.83,0.0,idle,sin_restriccion,0.0,0.0,0.0,0.0,0.0,0.0,0.1136829788537132,0.1136829788537133,57.51538302172535,15.799882991102761,9337468.629906328,4455119.412494004,0,0.0,,,,
2020-06-23 15:00:00,33.83,0.0,idle,sin_restriccion,0.0,0.0,0.0,0.0,0.0,0.0,0.1136829788537132,0.1136829788537133,57.51538302172535,15.799882991102761,9337468.629906328,4455119.412494004,0,0.0,,,,
2020-06-23 16:00:00,33.83,0.0,idle,sin_restriccion,0.0,0.0,0.0,0.0,0.0,0.0,0.1136829788537132,0.1136829788537133,57.51538302172535,15.799882991102761,9337468.629906328,4455119.412494004,0,0.0,,,,
2020-06-23 17:00:00,34.12,0.0,idle,sin_restriccion,0.0,0.0,0.0,0.0,0.0,0.0,0.1136829788537132,0.1136829788537133,57.51538302172535,15.799882991102761,9337468.629906328,4455119.412494004,0,0.0,,,,
2020-06-23 18:00:00,34.4,0.0,idle,sin_restriccion,0.0,0.0,0.0,0.0,0.0,0.0,0.1136829788537132,0.1136829788537133,57.51538302172535,15.799882991102761,9337468.629906328,4455119.412494004,0,0.0,,,,
2020-06-23 19:00:00,34.78,100.0,discharge,above_max_power,92.49038292179802,0.0,92.49038292179802,0.0,3216.815518020135,3216.815518020135,0.03861471955975075,0.038614719559750856,32.74285745471774,8.668398358176331,5315715.349082101,2444242.77208189,143,1.5,0.46304832084624004,1.2651794345759404,,0.3422454879794864
2020-06-23 20:00:00,34.78,100.0,discharge,inventory_limited,71.70377603158302,0.0,71.70377603158302,0.0,2493.8573303784574,2493.8573303784574,0.0,1.0430191953976949e-16,19.999999999999996,5.00000000000001,3246946.517379281,1409858.3562304801,143,0.7715921467261819,0.6978711153200847,1.2520399615693787,,0.5158062985154872
2020-06-23 21:00:00,34.78,0.0,idle,sin_restriccion,0.0,0.0,0.0,0.0,0.0,0.0,0.0,1.0430191953976949e-16,19.999999999999996,5.00000000000001,3246946.517379281,1409858.3562304801,0,0.0,,,,
2020-06-23 22:00:00,34.78,0.0,idle,sin_restriccion,0.0,0.0,0.0,0.0,0.0,0.0,0.0,1.0430191953976949e-16,19.999999999999996,5.00000000000001,3246946.517379281,1409858.3562304801,0,0.0,,,,
2020-06-23 23:00:00,34.78,0.0,idle,sin_restriccion,0.0,0.0,0.0,0.0,0.0,0.0,0.0,1.0430191953976949e-16,19.999999999999996,5.00000000000001,3246946.517379281,1409858.3562304801,0,0.0,,,,
2020-06-24 00:00:00,34.58,100.0,discharge_block_empty_tank,inventory_limited,0.0,0.0,0.0,0.0,0.0,0.0,0.0,1.0430191953976949e-16,19.999999999999996,5.00000000000001,3246946.517379281,1409858.3562304801,0,0.0,,,,
2020-06-24 01:00:00,29.98,0.0,idle,sin_restriccion,0.0,0.0,0.0,0.0,0.0,0.0,0.0,1.0430191953976949e-16,19.999999999999996,5.00000000000001,3246946.517379281,1409858.3562304801,0,0.0,,,,
2020-06-24 02:00:00,28.25,-100.0,charge,ok,-99.99999785310169,99.99999785310169,0.0,2824.9999393501225,0.0,-2824.9999393501225,0.019074487506696124,0.019074487506696228,26.29458087720972,6.812076313136142,4268854.890260197,1920812.5426709382,100,0.5533062219619752,1.6333385534091622,1.2403528795274816,0.6866815649834151,
2020-06-24 03:00:00,28.06,-100.0,charge,ok,-100.00000559707935,100.00000559707935,0.0,2806.0001570540467,0.0,-2806.0001570540467,0.03808232523084349,0.03808232523084359,32.56716732617834,8.61782089693014,5287192.526532155,2429981.3608069173,100,0.5513728678226469,1.6393119897393094,1.2468693095945675,0.684282119769492,
2020-06-24 04:00:00,28.27,-100.0,charge,ok,-99.99999359668428,99.99999359668428,0.0,2826.9998189782646,0.0,-2826.9998189782646,0.057038863377861404,0.0570388633778615,38.82282491469426,10.418692020896842,6302781.807579606,2937776.0013306425,100,0.5498847872018815,1.6439379748847116,1.2519135755856095,0.6824354169911391,
2020-06-24 05:00:00,28.27,-100.0,charge,ok,-100.00000107530116,100.00000107530116,0.0,2827.0000303987636,0.0,-2827.0000303987636,0.07595372237145429,0.07595372237145438,45.06472838257991,12.215603625288166,7316138.143923054,3444454.169502367,100,0.548675772547722,1.6477152009364002,1.2560308627338397,0.6809349164472426,
2020-06-24 06:00:00,28.26,-100.0,charge,ok,-99.99999951944011,99.99999951944011,0.0,2825.999986419378,0.0,-2825.999986419378,0.09483349346401439,0.09483349346401448,51.295052843124736,14.009181879081375,8327614.659388504,3950192.4272350916,100,0.5476579546928406,1.6509078809928823,1.2595099809499908,0.6796717625983931,
2020-06-24 07:00:00,28.26,-100.0,charge,ok,-100.00000133921736,100.00000133921736,0.0,2826.000037846283,0.0,-2826.000037846283,0.1136829788537132,0.1136829788537133,57.51538302172535,15.799882991102761,9337468.629906328,4455119.412494004,100,0.5467794373631478,1.6536732165610166,1.2625226667808829,0.6785814649414762,
2020-06-24 08:00:00,28.28,0.0,idle,sin_restriccion,0.0,0.0,0.0,0.0,0.0,0.0,0.1136829788537132,0.1136829788537133,57.51538302172535,15.799882991102761,9337468.629906328,4455119.412494004,0,0.0,,,,
2020-06-24 09:00:00,31.17,0.0,idle,sin_restriccion,0.0,0.0,0.0,0.0,0.0,0.0,0.1136829788537132,0.1136829788537133,57.51538302172535,15.799882991102761,9337468.629906328,4455119.412494004,0,0.0,,,,
2020-06-24 10:00:00,31.55,0.0,idle,sin_restriccion,0.0,0.0,0.0,0.0,0.0,0.0,0.1136829788537132,0.1136829788537133,57.51538302172535,15.799882991102761,9337468.629906328,4455119.412494004,0,0.0,,,,
2020-06-24 11:00:00,31.55,0.0,idle,sin_restriccion,0.0,0.0,0.0,0.0,0.0,0.0,0.1136829788537132,0.1136829788537133,57.51538302172535,15.799882991102761,9337468.629906328,4455119.412494004,0,0.0,,,,
2020-06-24 12:00:00,31.52,0.0,idle,sin_restriccion,0.0,0.0,0.0,0.0,0.0,0.0,0.1136829788537132,0.1136829788537133,57.51538302172535,15.799882991102761,9337468.629906328,4455119.412494004,0,0.0,,,,
2020-06-24 13:00:00,31.47,0.0,idle,sin_restriccion,0.0,0.0,0.0,0.0,0.0,0.0,0.1136829788537132,0.1136829788537133,57.51538302172535,15.799882991102761,9337468.629906328,4455119.412494004,0,0.0,,,,
2020-06-24 14:00:00,31.36,0.0,idle,sin_restriccion,0.0,0.0,0.0,0.0,0.0,0.0,0.1136829788537132,0.1136829788537133,57.51538302172535,15.799882991102761,9337468.629906328,4455119.412494004,0,0.0,,,,
2020-06-24 15:00:00,31.51,0.0,idle,sin_restriccion,0.0,0.0,0.0,0.0,0.0,0.0,0.1136829788537132,0.1136829788537133,57.51538302172535,15.799882991102761,9337468.629906328,4455119.412494004,0,0.0,,,,
2020-06-24 16:00:00,31.08,0.0,idle,sin_restriccion,0.0,0.0,0.0,0.0,0.0,0.0,0.1136829788537132,0.1136829788537133,57.51538302172535,15.799882991102761,9337468.629906328,4455119.412494004,0,0.0,,,,
2020-06-24 17:00:00,31.76,0.0,idle,sin_restriccion,0.0,0.0,0.0,0.0,0.0,0.0,0.1136829788537132,0.1136829788537133,57.51538302172535,15.799882991102761,9337468.629906328,4455119.412494004,0,0.0,,,,
2020-06-24 18:00:00,33.59,100.0,discharge,above_max_power,92.49038292179802,0.0,92.49038292179802,0.0,3106.751962343196,3106.751962343196,0.03861471955975075,0.038614719559750856,32.74285745471774,8.668398358176331,5315715.349082101,2444242.77208189,143,1.5,0.46304832084624004,1.2651794345759404,,0.3422454879794864
2020-06-24 19:00:00,33.58,0.0,idle,sin_restriccion,0.0,0.0,0.0,0.0,0.0,0.0,0.03861471955975075,0.038614719559750856,32.74285745471774,8.668398358176331,5315715.349082101,2444242.77208189,0,0.0,,,,
2020-06-24 20:00:00,32.15,0.0,idle,sin_restriccion,0.0,0.0,0.0,0.0,0.0,0.0,0.03861471955975075,0.038614719559750856,32.74285745471774,8.668398358176331,5315715.349082101,2444242.77208189,0,0.0,,,,
2020-06-24 21:00:00,29.75,0.0,idle,sin_restriccion,0.0,0.0,0.0,0.0,0.0,0.0,0.03861471955975075,0.038614719559750856,32.74285745471774,8.668398358176331,5315715.349082101,2444242.77208189,0,0.0,,,,
2020-06-24 22:00:00,32.52,0.0,idle,sin_restriccion,0.0,0.0,0.0,0.0,0.0,0.0,0.03861471955975075,0.038614719559750856,32.74285745471774,8.668398358176331,5315715.349082101,2444242.77208189,0,0.0,,,,
2020-06-24 23:00:00,31.63,0.0,idle,sin_restriccion,0.0,0.0,0.0,0.0,0.0,0.0,0.03861471955975075,0.038614719559750856,32.74285745471774,8.668398358176331,5315715.349082101,2444242.77208189,0,0.0,,,,
2020-06-25 00:00:00,31.63,0.0,idle,sin_restriccion,0.0,0.0,0.0,0.0,0.0,0.0,0.03861471955975075,0.038614719559750856,32.74285745471774,8.668398358176331,5315715.349082101,2444242.77208189,0,0.0,,,,
2020-06-25 01:00:00,29.99,0.0,idle,sin_restriccion,0.0,0.0,0.0,0.0,0.0,0.0,0.03861471955975075,0.038614719559750856,32.74285745471774,8.668398358176331,5315715.349082101,2444242.77208189,0,0.0,,,,
2020-06-25 02:00:00,28.45,0.0,idle,sin_restriccion,0.0,0.0,0.0,0.0,0.0,0.0,0.03861471955975075,0.038614719559750856,32.74285745471774,8.668398358176331,5315715.349082101,2444242.77208189,0,0.0,,,,
2020-06-25 03:00:00,27.64,-100.0,charge,ok,-99.99999238015998,99.99999238015998,0.0,2763.999789387622,0.0,-2763.999789387622,0.05756997551785346,0.05756997551785355,38.99809192089163,10.469147674196087,6331235.937348809,2952003.066215244,100,0.5498475939035417,1.6440539024380492,1.2520399615693787,0.6823892664886676,
2020-06-25 04:00:00,27.72,-100.0,charge,ok,-100.00000034609691,100.00000034609691,0.0,2772.000009593806,0.0,-2772.000009593806,0.07648377069533076,0.07648377069533084,45.239644329459146,12.26595821605643,7344535.280150736,3458652.7376162075,100,0.5486449137330055,1.64781181268637,1.2561361567989855,0.6808966240326201,
2020-06-25 05:00:00,28.0,-100.0,charge,ok,-99.99999349688413,99.99999349688413,0.0,2799.9998179127556,0.0,-2799.9998179127556,0.09536263223512913,0.09536263223512921,51.469668637592605,14.059450062337275,8355963.066674846,3964366.6308782627,100,0.5476315706968309,1.6509906968673622,1.2596002238013586,0.6796390596304566,
2020-06-25 06:00:00,28.0,-100.0,charge,ok,-100.0000083240302,100.0000083240302,0.0,2800.0002330728457,0.0,-2800.0002330728457,0.11421132627385683,0.11421132627385693,57.68973767037275,15.850075996016407,9365774.640867056,4469272.417974368,100,0.5467564821243287,1.6537457121888102,1.2626016269801073,0.6785529289112463,
2020-06-25 07:00:00,28.0,-100.0,charge,ok,-99.99999680635297,99.99999680635297,0.0,2799.999910577883,0.0,-2799.999910577883,0.13303347499519935,0.13303347499519944,63.90104674841578,17.638180124543947,10374164.059832962,4973467.127457321,100,0.5459864646196366,1.6561768157211705,1.265249622264393,0.6775973756083986,
2020-06-25 08:00:00,28.2,-100.0,charge,ok,-100.00000366661952,100.00000366661952,0.0,2820.0001033986705,0.0,-2820.0001033986705,0.15183193527633332,0.1518319352763334,70.10453864118999,19.424033851251675,11381284.379674654,5477027.287378167,100,0.5452993184328079,1.6583523710079822,1.2676187961874668,0.6767445453071764,
2020-06-25 09:00:00,30.24,0.0,idle,sin_restriccion,0.0,0.0,0.0,0.0,0.0,0.0,0.15183193527633332,0.1518319352763334,70.10453864118999,19.424033851251675,11381284.379674654,5477027.287378167,0,0.0,,,,
2020-06-25 10:00:00,30.84,0.0,idle,sin_restriccion,0.0,0.0,0.0,0.0,0.0,0.0,0.15183193527633332,0.1518319352763334,70.10453864118999,19.424033851251675,11381284.379674654,5477027.287378167,0,0.0,,,,
2020-06-25 11:00:00,31.09,0.0,idle,sin_restriccion,0.0,0.0,0.0,0.0,0.0,0.0,0.15183193527633332,0.1518319352763334,70.10453864118999,19.424033851251675,11381284.379674654,5477027.287378167,0,0.0,,,,
2020-06-25 12:00:00,31.35,0.0,idle,sin_restriccion,0.0,0.0,0.0,0.0,0.0,0.0,0.15183193527633332,0.1518319352763334,70.10453864118999,19.424033851251675,11381284.379674654,5477027.287378167,0,0.0,,,,
2020-06-25 13:00:00,31.55,0.0,idle,sin_restriccion,0.0,0.0,0.0,0.0,0.0,0.0,0.15183193527633332,0.1518319352763334,70.10453864118999,19.424033851251675,11381284.379674654,5477027.287378167,0,0.0,,,,
2020-06-25 14:00:00,32.15,0.0,idle,sin_restriccion,0.0,0.0,0.0,0.0,0.0,0.0,0.15183193527633332,0.1518319352763334,70.10453864118999,19.424033851251675,11381284.379674654,5477027.287378167,0,0.0,,,,
2020-06-25 15:00:00,31.81,0.0,idle,sin_restriccion,0.0,0.0,0.0,0.0,0.0,0.0,0.15183193527633332,0.1518319352763334,70.10453864118999,19.424033851251675,11381284.379674654,5477027.287378167,0,0.0,,,,
2020-06-25 16:00:00,32.68,0.0,idle,sin_restriccion,0.0,0.0,0.0,0.0,0.0,0.0,0.15183193527633332,0.1518319352763334,70.10453864118999,19.424033851251675,11381284.379674654,5477027.287378167,0,0.0,,,,
2020-06-25 17:00:00,32.7,0.0,idle,sin_restriccion,0.0,0.0,0.0,0.0,0.0,0.0,0.15183193527633332,0.1518319352763334,70.10453864118999,19.424033851251675,11381284.379674654,5477027.287378167,0,0.0,,,,
2020-06-25 18:00:00,32.75,100.0,discharge,above_max_power,93.4057853490092,0.0,93.4057853490092,0.0,3059.039470180051,3059.039470180051,0.07676367598237088,0.07676367598237098,45.33201307418239,12.292549218325245,7359531.098850427,3466150.646966053,143,1.5,0.4676312357767264,1.2697623495064267,,0.3456327844799603
2020-06-25 19:00:00,33.0,100.0,discharge,above_max_power,91.385467994459,0.0,91.385467994459,0.0,3015.720443817147,3015.720443817147,0.0016954166884084415,0.0016954166884085456,20.559487507174783,5.161064585398812,3337777.8180262004,1455274.0065539398,143,1.5,0.4575166213806333,1.2596477351103337,,0.33815693156381355
2020-06-25 20:00:00,32.3,0.0,idle,sin_restriccion,0.0,0.0,0.0,0.0,0.0,0.0,0.0016954166884084415,0.0016954166884085456,20.559487507174783,5.161064585398812,3337777.8180262004,1455274.0065539398,0,0.0,,,,
2020-06-25 21:00:00,30.58,0.0,idle,sin_restriccion,0.0,0.0,0.0,0.0,0.0,0.0,0.0016954166884084415,0.0016954166884085456,20.559487507174783,5.161064585398812,3337777.8180262004,1455274.0065539398,0,0.0,,,,
2020-06-25 22:00:00,30.71,0.0,idle,sin_restriccion,0.0,0.0,0.0,0.0,0.0,0.0,0.0016954166884084415,0.0016954166884085456,20.559487507174783,5.161064585398812,3337777.8180262004,1455274.0065539398,0,0.0,,,,
2020-06-25 23:00:00,30.71,0.0,idle,sin_restriccion,0.0,0.0,0.0,0.0,0.0,0.0,0.0016954166884084415,0.0016954166884085456,20.559487507174783,5.161064585398812,3337777.8180262004,1455274.0065539398,0,0.0,,,,
2020-06-26 00:00:00,30.67,0.0,idle,sin_restriccion,0.0,0.0,0.0,0.0,0.0,0.0,0.0016954166884084415,0.0016954166884085456,20.559487507174783,5.161064585398812,3337777.8180262004,1455274.0065539398,0,0.0,,,,
2020-06-26 01:00:00,30.3,-100.0,charge,ok,-100.00000512934477,100.00000512934477,0.0,3030.0001554191467,0.0,-3030.0001554191467,0.020763124621215382,0.020763124621215483,26.851831125001073,6.97249683901547,4359322.977828941,1966046.5864553102,100,0.553109562397003,1.6339443703300258,1.2410139064031853,0.6864374503713063,
2020-06-26 02:00:00,30.3,-100.0,charge,ok,-100.00000981130049,100.00000981130049,0.0,3030.000297282405,0.0,-3030.000297282405,0.0397659057128284,0.0397659057128285,33.12274888523338,8.777761042718707,5377389.706946848,2475079.9510142636,100,0.5512261867523192,1.6397669587434454,1.2473654954513274,0.6841000521789565,
2020-06-26 03:00:00,30.3,-100.0,charge,ok,-100.00000788528003,100.00000788528003,0.0,3030.000238923985,0.0,-3030.000238923985,0.05871841698528448,0.05871841698528458,39.377077605143874,10.578249613602033,6392763.24972978,2982766.7224057293,100,0.5497679769992828,1.6443024230643486,1.2523108704074275,0.6822903520079139,
2020-06-26 04:00:00,30.3,-100.0,charge,ok,-100.00000680657203,100.00000680657203,0.0,3030.0002062391327,0.0,-3030.0002062391327,0.07762993026717672,0.07762993026717682,45.61787698816831,12.374843375381797,7405940.3408484785,3489355.267965079,100,0.5485787212848663,1.6480192203417903,1.2563621885423817,0.6808144318079963,
2020-06-26 05:00:00,30.3,-100.0,charge,ok,-99.99999764799539,99.99999764799539,0.0,3029.9999287342603,0.0,-3029.9999287342603,0.09650684047571975,0.09650684047571986,51.84725735698751,14.168149845193387,8417263.585546896,3995016.890314288,100,0.5475749671459199,1.6511686887208408,1.2597941496244847,0.6795687834910381,
2020-06-26 06:00:00,30.3,-100.0,charge,ok,-99.99999318974612,99.99999318974612,0.0,3029.9997936493073,0.0,-3029.9997936493073,0.11535382760045408,0.11535382760045418,58.06676310814985,15.958613622043144,9426983.712474743,4499876.953778211,100,0.5467069685459137,1.653901582553449,1.2627714414275986,0.6784915826974348,
2020-06-26 07:00:00,30.3,0.0,idle,sin_restriccion,0.0,0.0,0.0,0.0,0.0,0.0,0.11535382760045408,0.11535382760045418,58.06676310814985,15.958613622043144,9426983.712474743,4499876.953778211,0,0.0,,,,
2020-06-26 08:00:00,31.87,0.0,idle,sin_restriccion,0.0,0.0,0.0,0.0,0.0,0.0,0.11535382760045408,0.11535382760045418,58.06676310814985,15.958613622043144,9426983.712474743,4499876.953778211,0,0.0,,,,
2020-06-26 09:00:00,31.81,0.0,idle,sin_restriccion,0.0,0.0,0.0,0.0,0.0,0.0,0.11535382760045408,0.11535382760045418,58.06676310814985,15.958613622043144,9426983.712474743,4499876.953778211,0,0.0,,,,
2020-06-26 10:00:00,32.24,0.0,idle,sin_restriccion,0.0,0.0,0.0,0.0,0.0,0.0,0.11535382760045408,0.11535382760045418,58.06676310814985,15.958613622043144,9426983.712474743,4499876.953778211,0,0.0,,,,
2020-06-26 11:00:00,31.44,0.0,idle,sin_restriccion,0.0,0.0,0.0,0.0,0.0,0.0,0.11535382760045408,0.11535382760045418,58.06676310814985,15.958613622043144,9426983.712474743,4499876.953778211,0,0.0,,,,
2020-06-26 12:00:00,31.37,0.0,idle,sin_restriccion,0.0,0.0,0.0,0.0,0.0,0.0,0.11535382760045408,0.11535382760045418,58.06676310814985,15.958613622043144,9426983.712474743,4499876.953778211,0,0.0,,,,
2020-06-26 13:00:00,31.42,0.0,idle,sin_restriccion,0.0,0.0,0.0,0.0,0.0,0.0,0.11535382760045408,0.11535382760045418,58.06676310814985,15.958613622043144,9426983.712474743,4499876.953778211,0,0.0,,,,
2020-06-26 14:00:00,31.53,0.0,idle,sin_restriccion,0.0,0.0,0.0,0.0,0.0,0.0,0.11535382760045408,0.11535382760045418,58.06676310814985,15.958613622043144,9426983.712474743,4499876.953778211,0,0.0,,,,
2020-06-26 15:00:00,31.87,0.0,idle,sin_restriccion,0.0,0.0,0.0,0.0,0.0,0.0,0.11535382760045408,0.11535382760045418,58.06676310814985,15.958613622043144,9426983.712474743,4499876.953778211,0,0.0,,,,
2020-06-26 16:00:00,32.16,0.0,idle,sin_restriccion,0.0,0.0,0.0,0.0,0.0,0.0,0.11535382760045408,0.11535382760045418,58.06676310814985,15.958613622043144,9426983.712474743,4499876.953778211,0,0.0,,,,
2020-06-26 17:00:00,32.91,0.0,idle,sin_restriccion,0.0,0.0,0.0,0.0,0.0,0.0,0.11535382760045408,0.11535382760045418,58.06676310814985,15.958613622043144,9426983.712474743,4499876.953778211,0,0.0,,,,
2020-06-26 18:00:00,51.87,0.0,idle,sin_restriccion,0.0,0.0,0.0,0.0,0.0,0.0,0.11535382760045408,0.11535382760045418,58.06676310814985,15.958613622043144,9426983.712474743,4499876.953778211,0,0.0,,,,
2020-06-26 19:00:00,59.56,100.0,discharge,above_max_power,92.53457144909902,0.0,92.53457144909902,0.0,5511.359075508338,5511.359075508338,0.04028556830649164,0.040285568306491736,33.29423754114224,8.827128989116714,5405230.431650516,2489000.3133660974,143,1.5,0.46326954842386503,1.2654006621535654,,0.3424090003751699
2020-06-26 20:00:00,59.56,100.0,discharge,inventory_limited,73.84408660467709,0.0,73.84408660467709,0.0,4398.153798174568,4398.153798174568,8.691826628314126e-18,1.1299374616808363e-16,20.000000000000004,5.000000000000011,3246946.5173792816,1409858.3562304804,143,0.8049787357277587,0.6888938536609553,1.2524321155427633,,0.5091710789089606
2020-06-26 21:00:00,59.56,0.0,idle,sin_restriccion,0.0,0.0,0.0,0.0,0.0,0.0,8.691826628314126e-18,1.1299374616808363e-16,20.000000000000004,5.000000000000011,3246946.5173792816,1409858.3562304804,0,0.0,,,,
2020-06-26 22:00:00,35.63,0.0,idle,sin_restriccion,0.0,0.0,0.0,0.0,0.0,0.0,8.691826628314126e-18,1.1299374616808363e-16,20.000000000000004,5.000000000000011,3246946.5173792816,1409858.3562304804,0,0.0,,,,
2020-06-26 23:00:00,35.23,0.0,idle,sin_restriccion,0.0,0.0,0.0,0.0,0.0,0.0,8.691826628314126e-18,1.1299374616808363e-16,20.000000000000004,5.000000000000011,3246946.5173792816,1409858.3562304804,0,0.0,,,,
2020-06-27 00:00:00,33.14,0.0,idle,sin_restriccion,0.0,0.0,0.0,0.0,0.0,0.0,8.691826628314126e-18,1.1299374616808363e-16,20.000000000000004,5.000000000000011,3246946.5173792816,1409858.3562304804,0,0.0,,,,
2020-06-27 01:00:00,37.41,0.0,idle,sin_restriccion,0.0,0.0,0.0,0.0,0.0,0.0,8.691826628314126e-18,1.1299374616808363e-16,20.000000000000004,5.000000000000011,3246946.5173792816,1409858.3562304804,0,0.0,,,,
2020-06-27 02:00:00,35.77,0.0,idle,sin_restriccion,0.0,0.0,0.0,0.0,0.0,0.0,8.691826628314126e-18,1.1299374616808363e-16,20.000000000000004,5.000000000000011,3246946.5173792816,1409858.3562304804,0,0.0,,,,
2020-06-27 03:00:00,33.02,0.0,idle,sin_restriccion,0.0,0.0,0.0,0.0,0.0,0.0,8.691826628314126e-18,1.1299374616808363e-16,20.000000000000004,5.000000000000011,3246946.5173792816,1409858.3562304804,0,0.0,,,,
2020-06-27 04:00:00,32.13,0.0,idle,sin_restriccion,0.0,0.0,0.0,0.0,0.0,0.0,8.691826628314126e-18,1.1299374616808363e-16,20.000000000000004,5.000000000000011,3246946.5173792816,1409858.3562304804,0,0.0,,,,
2020-06-27 05:00:00,31.0,0.0,idle,sin_restriccion,0.0,0.0,0.0,0.0,0.0,0.0,8.691826628314126e-18,1.1299374616808363e-16,20.000000000000004,5.000000000000011,3246946.5173792816,1409858.3562304804,0,0.0,,,,
2020-06-27 06:00:00,30.9,-100.0,charge,ok,-99.99999785310169,99.99999785310169,0.0,3089.999933660842,0.0,-3089.999933660842,0.019074487506696124,0.019074487506696235,26.29458087720972,6.812076313136142,4268854.890260197,1920812.5426709384,100,0.5533062219619752,1.6333385534091622,1.2403528795274816,0.6866815649834151,
2020-06-27 07:00:00,30.88,-100.0,charge,ok,-100.00000559707935,100.00000559707935,0.0,3088.00017283781,0.0,-3088.00017283781,0.03808232523084349,0.03808232523084361,32.56716732617834,8.61782089693014,5287192.526532155,2429981.360806918,100,0.5513728678226469,1.6393119897393094,1.2468693095945675,0.684282119769492,
2020-06-27 08:00:00,30.57,-100.0,charge,ok,-99.99999359668428,99.99999359668428,0.0,3056.9998042506386,0.0,-3056.9998042506386,0.057038863377861404,0.057038863377861515,38.82282491469426,10.418692020896845,6302781.807579606,2937776.001330643,100,0.5498847872018815,1.6439379748847116,1.2519135755856095,0.6824354169911391,
2020-06-27 09:00:00,31.7,-100.0,charge,ok,-100.00000107530116,100.00000107530116,0.0,3170.0000340870465,0.0,-3170.0000340870465,0.07595372237145429,0.0759537223714544,45.06472838257991,12.215603625288168,7316138.143923054,3444454.1695023673,100,0.548675772547722,1.6477152009364002,1.2560308627338397,0.6809349164472426,
2020-06-27 10:00:00,32.0,-100.0,charge,ok,-99.99999951944011,99.99999951944011,0.0,3199.9999846220835,0.0,-3199.9999846220835,0.09483349346401439,0.0948334934640145,51.295052843124736,14.009181879081376,8327614.659388504,3950192.427235092,100,0.5476579546928406,1.6509078809928823,1.2595099809499908,0.6796717625983931,
2020-06-27 11:00:00,32.4,-100.0,charge,ok,-100.00000133921736,100.00000133921736,0.0,3240.0000433906425,0.0,-3240.0000433906425,0.1136829788537132,0.1136829788537133,57.51538302172535,15.799882991102761,9337468.629906328,4455119.412494004,100,0.5467794373631478,1.6536732165610166,1.2625226667808829,0.6785814649414762,
2020-06-27 12:00:00,32.52,0.0,idle,sin_restriccion,0.0,0.0,0.0,0.0,0.0,0.0,0.1136829788537132,0.1136829788537133,57.51538302172535,15.799882991102761,9337468.629906328,4455119.412494004,0,0.0,,,,
2020-06-27 13:00:00,32.4,0.0,idle,sin_restriccion,0.0,0.0,0.0,0.0,0.0,0.0,0.1136829788537132,0.1136829788537133,57.51538302172535,15.799882991102761,9337468.629906328,4455119.412494004,0,0.0,,,,
2020-06-27 14:00:00,32.24,0.0,idle,sin_restriccion,0.0,0.0,0.0,0.0,0.0,0.0,0.1136829788537132,0.1136829788537133,57.51538302172535,15.799882991102761,9337468.629906328,4455119.412494004,0,0.0,,,,
2020-06-27 15:00:00,31.93,0.0,idle,sin_restriccion,0.0,0.0,0.0,0.0,0.0,0.0,0.1136829788537132,0.1136829788537133,57.51538302172535,15.799882991102761,9337468.629906328,4455119.412494004,0,0.0,,,,
2020-06-27 16:00:00,31.93,0.0,idle,sin_restriccion,0.0,0.0,0.0,0.0,0.0,0.0,0.1136829788537132,0.1136829788537133,57.51538302172535,15.799882991102761,9337468.629906328,4455119.412494004,0,0.0,,,,
2020-06-27 17:00:00,32.4,0.0,idle,sin_restriccion,0.0,0.0,0.0,0.0,0.0,0.0,0.1136829788537132,0.1136829788537133,57.51538302172535,15.799882991102761,9337468.629906328,4455119.412494004,0,0.0,,,,
2020-06-27 18:00:00,33.66,0.0,idle,sin_restriccion,0.0,0.0,0.0,0.0,0.0,0.0,0.1136829788537132,0.1136829788537133,57.51538302172535,15.799882991102761,9337468.629906328,4455119.412494004,0,0.0,,,,
2020-06-27 19:00:00,43.67,100.0,discharge,above_max_power,92.49038292179802,0.0,92.49038292179802,0.0,4039.0550221949197,4039.0550221949197,0.03861471955975075,0.038614719559750856,32.74285745471774,8.668398358176331,5315715.349082101,2444242.77208189,143,1.5,0.46304832084624004,1.2651794345759404,,0.3422454879794864
2020-06-27 20:00:00,43.67,100.0,discharge,inventory_limited,71.70377603158302,0.0,71.70377603158302,0.0,3131.3038992992306,3131.3038992992306,0.0,1.0430191953976949e-16,19.999999999999996,5.00000000000001,3246946.517379281,1409858.3562304801,143,0.7715921467261819,0.6978711153200847,1.2520399615693787,,0.5158062985154872
2020-06-27 21:00:00,43.67,0.0,idle,sin_restriccion,0.0,0.0,0.0,0.0,0.0,0.0,0.0,1.0430191953976949e-16,19.999999999999996,5.00000000000001,3246946.517379281,1409858.3562304801,0,0.0,,,,
2020-06-27 22:00:00,43.67,0.0,idle,sin_restriccion,0.0,0.0,0.0,0.0,0.0,0.0,0.0,1.0430191953976949e-16,19.999999999999996,5.00000000000001,3246946.517379281,1409858.3562304801,0,0.0,,,,
2020-06-27 23:00:00,43.67,0.0,idle,sin_restriccion,0.0,0.0,0.0,0.0,0.0,0.0,0.0,1.0430191953976949e-16,19.999999999999996,5.00000000000001,3246946.517379281,1409858.3562304801,0,0.0,,,,
2020-06-28 00:00:00,43.67,100.0,discharge_block_empty_tank,inventory_limited,0.0,0.0,0.0,0.0,0.0,0.0,0.0,1.0430191953976949e-16,19.999999999999996,5.00000000000001,3246946.517379281,1409858.3562304801,0,0.0,,,,
2020-06-28 01:00:00,40.76,0.0,idle,sin_restriccion,0.0,0.0,0.0,0.0,0.0,0.0,0.0,1.0430191953976949e-16,19.999999999999996,5.00000000000001,3246946.517379281,1409858.3562304801,0,0.0,,,,
2020-06-28 02:00:00,33.12,0.0,idle,sin_restriccion,0.0,0.0,0.0,0.0,0.0,0.0,0.0,1.0430191953976949e-16,19.999999999999996,5.00000000000001,3246946.517379281,1409858.3562304801,0,0.0,,,,
2020-06-28 03:00:00,32.75,0.0,idle,sin_restriccion,0.0,0.0,0.0,0.0,0.0,0.0,0.0,1.0430191953976949e-16,19.999999999999996,5.00000000000001,3246946.517379281,1409858.3562304801,0,0.0,,,,
2020-06-28 04:00:00,32.4,0.0,idle,sin_restriccion,0.0,0.0,0.0,0.0,0.0,0.0,0.0,1.0430191953976949e-16,19.999999999999996,5.00000000000001,3246946.517379281,1409858.3562304801,0,0.0,,,,
2020-06-28 05:00:00,32.33,0.0,idle,sin_restriccion,0.0,0.0,0.0,0.0,0.0,0.0,0.0,1.0430191953976949e-16,19.999999999999996,5.00000000000001,3246946.517379281,1409858.3562304801,0,0.0,,,,
2020-06-28 06:00:00,31.57,0.0,idle,sin_restriccion,0.0,0.0,0.0,0.0,0.0,0.0,0.0,1.0430191953976949e-16,19.999999999999996,5.00000000000001,3246946.517379281,1409858.3562304801,0,0.0,,,,
2020-06-28 07:00:00,31.23,0.0,idle,sin_restriccion,0.0,0.0,0.0,0.0,0.0,0.0,0.0,1.0430191953976949e-16,19.999999999999996,5.00000000000001,3246946.517379281,1409858.3562304801,0,0.0,,,,
2020-06-28 08:00:00,31.1,-100.0,charge,ok,-99.99999785310169,99.99999785310169,0.0,3109.999933231463,0.0,-3109.999933231463,0.019074487506696124,0.019074487506696228,26.29458087720972,6.812076313136142,4268854.890260197,1920812.5426709382,100,0.5533062219619752,1.6333385534091622,1.2403528795274816,0.6866815649834151,
2020-06-28 09:00:00,30.82,-100.0,charge,ok,-100.00000559707935,100.00000559707935,0.0,3082.0001725019856,0.0,-3082.0001725019856,0.03808232523084349,0.03808232523084359,32.56716732617834,8.61782089693014,5287192.526532155,2429981.3608069173,100,0.5513728678226469,1.6393119897393094,1.2468693095945675,0.684282119769492,
2020-06-28 10:00:00,31.21,-100.0,charge,ok,-99.99999359668428,99.99999359668428,0.0,3120.9998001525164,0.0,-3120.9998001525164,0.057038863377861404,0.0570388633778615,38.82282491469426,10.418692020896842,6302781.807579606,2937776.0013306425,100,0.5498847872018815,1.6439379748847116,1.2519135755856095,0.6824354169911391,
2020-06-28 11:00:00,31.87,0.0,idle,sin_restriccion,0.0,0.0,0.0,0.0,0.0,0.0,0.057038863377861404,0.0570388633778615,38.82282491469426,10.418692020896842,6302781.807579606,2937776.0013306425,0,0.0,,,,
2020-06-28 12:00:00,31.87,-100.0,charge,ok,-100.00000107530116,100.00000107530116,0.0,3187.000034269848,0.0,-3187.000034269848,0.07595372237145429,0.07595372237145438,45.06472838257991,12.215603625288166,7316138.143923054,3444454.169502367,100,0.548675772547722,1.6477152009364002,1.2560308627338397,0.6809349164472426,
2020-06-28 13:00:00,31.36,-100.0,charge,ok,-99.99999951944011,99.99999951944011,0.0,3135.999984929642,0.0,-3135.999984929642,0.09483349346401439,0.09483349346401448,51.295052843124736,14.009181879081375,8327614.659388504,3950192.4272350916,100,0.5476579546928406,1.6509078809928823,1.2595099809499908,0.6796717625983931,
2020-06-28 14:00:00,31.79,-100.0,charge,ok,-100.00000133921736,100.00000133921736,0.0,3179.00004257372,0.0,-3179.00004257372,0.1136829788537132,0.1136829788537133,57.51538302172535,15.799882991102761,9337468.629906328,4455119.412494004,100,0.5467794373631478,1.6536732165610166,1.2625226667808829,0.6785814649414762,
2020-06-28 15:00:00,31.89,0.0,idle,sin_restriccion,0.0,0.0,0.0,0.0,0.0,0.0,0.1136829788537132,0.1136829788537133,57.51538302172535,15.799882991102761,9337468.629906328,4455119.412494004,0,0.0,,,,
2020-06-28 16:00:00,32.4,0.0,idle,sin_restriccion,0.0,0.0,0.0,0.0,0.0,0.0,0.1136829788537132,0.1136829788537133,57.51538302172535,15.799882991102761,9337468.629906328,4455119.412494004,0,0.0,,,,
2020-06-28 17:00:00,32.49,0.0,idle,sin_restriccion,0.0,0.0,0.0,0.0,0.0,0.0,0.1136829788537132,0.1136829788537133,57.51538302172535,15.799882991102761,9337468.629906328,4455119.412494004,0,0.0,,,,
2020-06-28 18:00:00,33.4,0.0,idle,sin_restriccion,0.0,0.0,0.0,0.0,0.0,0.0,0.1136829788537132,0.1136829788537133,57.51538302172535,15.799882991102761,9337468.629906328,4455119.412494004,0,0.0,,,,
2020-06-28 19:00:00,39.55,0.0,idle,sin_restriccion,0.0,0.0,0.0,0.0,0.0,0.0,0.1136829788537132,0.1136829788537133,57.51538302172535,15.799882991102761,9337468.629906328,4455119.412494004,0,0.0,,,,
2020-06-28 20:00:00,43.6,100.0,discharge,above_max_power,92.49038292179802,0.0,92.49038292179802,0.0,4032.5806953903934,4032.5806953903934,0.03861471955975075,0.038614719559750856,32.74285745471774,8.668398358176331,5315715.349082101,2444242.77208189,143,1.5,0.46304832084624004,1.2651794345759404,,0.3422454879794864
2020-06-28 21:00:00,43.6,0.0,idle,sin_restriccion,0.0,0.0,0.0,0.0,0.0,0.0,0.03861471955975075,0.038614719559750856,32.74285745471774,8.668398358176331,5315715.349082101,2444242.77208189,0,0.0,,,,
2020-06-28 22:00:00,43.6,0.0,idle,sin_restriccion,0.0,0.0,0.0,0.0,0.0,0.0,0.03861471955975075,0.038614719559750856,32.74285745471774,8.668398358176331,5315715.349082101,2444242.77208189,0,0.0,,,,
2020-06-28 23:00:00,41.89,0.0,idle,sin_restriccion,0.0,0.0,0.0,0.0,0.0,0.0,0.03861471955975075,0.038614719559750856,32.74285745471774,8.668398358176331,5315715.349082101,2444242.77208189,0,0.0,,,,
2020-06-29 00:00:00,34.66,0.0,idle,sin_restriccion,0.0,0.0,0.0,0.0,0.0,0.0,0.03861471955975075,0.038614719559750856,32.74285745471774,8.668398358176331,5315715.349082101,2444242.77208189,0,0.0,,,,
2020-06-29 01:00:00,32.69,0.0,idle,sin_restriccion,0.0,0.0,0.0,0.0,0.0,0.0,0.03861471955975075,0.038614719559750856,32.74285745471774,8.668398358176331,5315715.349082101,2444242.77208189,0,0.0,,,,
2020-06-29 02:00:00,30.69,0.0,idle,sin_restriccion,0.0,0.0,0.0,0.0,0.0,0.0,0.03861471955975075,0.038614719559750856,32.74285745471774,8.668398358176331,5315715.349082101,2444242.77208189,0,0.0,,,,
2020-06-29 03:00:00,29.89,0.0,idle,sin_restriccion,0.0,0.0,0.0,0.0,0.0,0.0,0.03861471955975075,0.038614719559750856,32.74285745471774,8.668398358176331,5315715.349082101,2444242.77208189,0,0.0,,,,
2020-06-29 04:00:00,30.95,0.0,idle,sin_restriccion,0.0,0.0,0.0,0.0,0.0,0.0,0.03861471955975075,0.038614719559750856,32.74285745471774,8.668398358176331,5315715.349082101,2444242.77208189,0,0.0,,,,
2020-06-29 05:00:00,30.61,0.0,idle,sin_restriccion,0.0,0.0,0.0,0.0,0.0,0.0,0.03861471955975075,0.038614719559750856,32.74285745471774,8.668398358176331,5315715.349082101,2444242.77208189,0,0.0,,,,
2020-06-29 06:00:00,29.42,-100.0,charge,ok,-99.99999238015998,99.99999238015998,0.0,2941.9997758243067,0.0,-2941.9997758243067,0.05756997551785346,0.05756997551785355,38.99809192089163,10.469147674196087,6331235.937348809,2952003.066215244,100,0.5498475939035417,1.6440539024380492,1.2520399615693787,0.6823892664886676,
2020-06-29 07:00:00,28.78,-100.0,charge,ok,-100.00000034609691,100.00000034609691,0.0,2878.000009960669,0.0,-2878.000009960669,0.07648377069533076,0.07648377069533084,45.239644329459146,12.26595821605643,7344535.280150736,3458652.7376162075,100,0.5486449137330055,1.64781181268637,1.2561361567989855,0.6808966240326201,
2020-06-29 08:00:00,28.78,-100.0,charge,ok,-99.99999349688413,99.99999349688413,0.0,2877.9998128403254,0.0,-2877.9998128403254,0.09536263223512913,0.09536263223512921,51.469668637592605,14.059450062337275,8355963.066674846,3964366.6308782627,100,0.5476315706968309,1.6509906968673622,1.2596002238013586,0.6796390596304566,
2020-06-29 09:00:00,30.45,-100.0,charge,ok,-100.0000083240302,100.0000083240302,0.0,3045.0002534667196,0.0,-3045.0002534667196,0.11421132627385683,0.11421132627385693,57.68973767037275,15.850075996016407,9365774.640867056,4469272.417974368,100,0.5467564821243287,1.6537457121888102,1.2626016269801073,0.6785529289112463,
2020-06-29 10:00:00,30.31,-100.0,charge,ok,-99.99999680635297,99.99999680635297,0.0,3030.9999032005585,0.0,-3030.9999032005585,0.13303347499519935,0.13303347499519944,63.90104674841578,17.638180124543947,10374164.059832962,4973467.127457321,100,0.5459864646196366,1.6561768157211705,1.265249622264393,0.6775973756083986,
2020-06-29 11:00:00,30.41,-100.0,charge,ok,-100.00000366661952,100.00000366661952,0.0,3041.0001115018995,0.0,-3041.0001115018995,0.15183193527633332,0.1518319352763334,70.10453864118999,19.424033851251675,11381284.379674654,5477027.287378167,100,0.5452993184328079,1.6583523710079822,1.2676187961874668,0.6767445453071764,
2020-06-29 12:00:00,30.71,0.0,idle,sin_restriccion,0.0,0.0,0.0,0.0,0.0,0.0,0.15183193527633332,0.1518319352763334,70.10453864118999,19.424033851251675,11381284.379674654,5477027.287378167,0,0.0,,,,
2020-06-29 13:00:00,30.78,0.0,idle,sin_restriccion,0.0,0.0,0.0,0.0,0.0,0.0,0.15183193527633332,0.1518319352763334,70.10453864118999,19.424033851251675,11381284.379674654,5477027.287378167,0,0.0,,,,
2020-06-29 14:00:00,31.71,0.0,idle,sin_restriccion,0.0,0.0,0.0,0.0,0.0,0.0,0.15183193527633332,0.1518319352763334,70.10453864118999,19.424033851251675,11381284.379674654,5477027.287378167,0,0.0,,,,
2020-06-29 15:00:00,31.39,0.0,idle,sin_restriccion,0.0,0.0,0.0,0.0,0.0,0.0,0.15183193527633332,0.1518319352763334,70.10453864118999,19.424033851251675,11381284.379674654,5477027.287378167,0,0.0,,,,
2020-06-29 16:00:00,32.24,0.0,idle,sin_restriccion,0.0,0.0,0.0,0.0,0.0,0.0,0.15183193527633332,0.1518319352763334,70.10453864118999,19.424033851251675,11381284.379674654,5477027.287378167,0,0.0,,,,
2020-06-29 17:00:00,32.46,0.0,idle,sin_restriccion,0.0,0.0,0.0,0.0,0.0,0.0,0.15183193527633332,0.1518319352763334,70.10453864118999,19.424033851251675,11381284.379674654,5477027.287378167,0,0.0,,,,
2020-06-29 18:00:00,33.81,0.0,idle,sin_restriccion,0.0,0.0,0.0,0.0,0.0,0.0,0.15183193527633332,0.1518319352763334,70.10453864118999,19.424033851251675,11381284.379674654,5477027.287378167,0,0.0,,,,
2020-06-29 19:00:00,66.57,100.0,discharge,above_max_power,93.4057853490092,0.0,93.4057853490092,0.0,6218.023130683541,6218.023130683541,0.07676367598237088,0.07676367598237098,45.33201307418239,12.292549218325245,7359531.098850427,3466150.646966053,143,1.5,0.4676312357767264,1.2697623495064267,,0.3456327844799603
2020-06-29 20:00:00,68.48,100.0,discharge,above_max_power,91.385467994459,0.0,91.385467994459,0.0,6258.076848260553,6258.076848260553,0.0016954166884084415,0.0016954166884085456,20.559487507174783,5.161064585398812,3337777.8180262004,1455274.0065539398,143,1.5,0.4575166213806333,1.2596477351103337,,0.33815693156381355
2020-06-29 21:00:00,54.9,0.0,idle,sin_restriccion,0.0,0.0,0.0,0.0,0.0,0.0,0.0016954166884084415,0.0016954166884085456,20.559487507174783,5.161064585398812,3337777.8180262004,1455274.0065539398,0,0.0,,,,
2020-06-29 22:00:00,38.9,0.0,idle,sin_restriccion,0.0,0.0,0.0,0.0,0.0,0.0,0.0016954166884084415,0.0016954166884085456,20.559487507174783,5.161064585398812,3337777.8180262004,1455274.0065539398,0,0.0,,,,
2020-06-29 23:00:00,37.01,0.0,idle,sin_restriccion,0.0,0.0,0.0,0.0,0.0,0.0,0.0016954166884084415,0.0016954166884085456,20.559487507174783,5.161064585398812,3337777.8180262004,1455274.0065539398,0,0.0,,,,
2020-06-30 00:00:00,35.35,0.0,idle,sin_restriccion,0.0,0.0,0.0,0.0,0.0,0.0,0.0016954166884084415,0.0016954166884085456,20.559487507174783,5.161064585398812,3337777.8180262004,1455274.0065539398,0,0.0,,,,
2020-06-30 01:00:00,33.27,0.0,idle,sin_restriccion,0.0,0.0,0.0,0.0,0.0,0.0,0.0016954166884084415,0.0016954166884085456,20.559487507174783,5.161064585398812,3337777.8180262004,1455274.0065539398,0,0.0,,,,
2020-06-30 02:00:00,32.71,0.0,idle,sin_restriccion,0.0,0.0,0.0,0.0,0.0,0.0,0.0016954166884084415,0.0016954166884085456,20.559487507174783,5.161064585398812,3337777.8180262004,1455274.0065539398,0,0.0,,,,
2020-06-30 03:00:00,32.0,-100.0,charge,ok,-100.00000512934477,100.00000512934477,0.0,3200.0001641390327,0.0,-3200.0001641390327,0.020763124621215382,0.020763124621215483,26.851831125001073,6.97249683901547,4359322.977828941,1966046.5864553102,100,0.553109562397003,1.6339443703300258,1.2410139064031853,0.6864374503713063,
2020-06-30 04:00:00,30.95,-100.0,charge,ok,-100.00000981130049,100.00000981130049,0.0,3095.00030365975,0.0,-3095.00030365975,0.0397659057128284,0.0397659057128285,33.12274888523338,8.777761042718707,5377389.706946848,2475079.9510142636,100,0.5512261867523192,1.6397669587434454,1.2473654954513274,0.6841000521789565,
2020-06-30 05:00:00,30.95,-100.0,charge,ok,-100.00000788528003,100.00000788528003,0.0,3095.000244049417,0.0,-3095.000244049417,0.05871841698528448,0.05871841698528458,39.377077605143874,10.578249613602033,6392763.24972978,2982766.7224057293,100,0.5497679769992828,1.6443024230643486,1.2523108704074275,0.6822903520079139,
2020-06-30 06:00:00,30.95,-100.0,charge,ok,-100.00000680657203,100.00000680657203,0.0,3095.0002106634042,0.0,-3095.0002106634042,0.07762993026717672,0.07762993026717682,45.61787698816831,12.374843375381797,7405940.3408484785,3489355.267965079,100,0.5485787212848663,1.6480192203417903,1.2563621885423817,0.6808144318079963,
2020-06-30 07:00:00,30.88,-100.0,charge,ok,-99.99999764799539,99.99999764799539,0.0,3087.9999273700973,0.0,-3087.9999273700973,0.09650684047571975,0.09650684047571986,51.84725735698751,14.168149845193387,8417263.585546896,3995016.890314288,100,0.5475749671459199,1.6511686887208408,1.2597941496244847,0.6795687834910381,
2020-06-30 08:00:00,30.85,-100.0,charge,ok,-99.99999318974612,99.99999318974612,0.0,3084.999789903668,0.0,-3084.999789903668,0.11535382760045408,0.11535382760045418,58.06676310814985,15.958613622043144,9426983.712474743,4499876.953778211,100,0.5467069685459137,1.653901582553449,1.2627714414275986,0.6784915826974348,
2020-06-30 09:00:00,31.58,0.0,idle,sin_restriccion,0.0,0.0,0.0,0.0,0.0,0.0,0.11535382760045408,0.11535382760045418,58.06676310814985,15.958613622043144,9426983.712474743,4499876.953778211,0,0.0,,,,
2020-06-30 10:00:00,32.73,0.0,idle,sin_restriccion,0.0,0.0,0.0,0.0,0.0,0.0,0.11535382760045408,0.11535382760045418,58.06676310814985,15.958613622043144,9426983.712474743,4499876.953778211,0,0.0,,,,
2020-06-30 11:00:00,32.91,0.0,idle,sin_restriccion,0.0,0.0,0.0,0.0,0.0,0.0,0.11535382760045408,0.11535382760045418,58.06676310814985,15.958613622043144,9426983.712474743,4499876.953778211,0,0.0,,,,
2020-06-30 12:00:00,32.91,0.0,idle,sin_restriccion,0.0,0.0,0.0,0.0,0.0,0.0,0.11535382760045408,0.11535382760045418,58.06676310814985,15.958613622043144,9426983.712474743,4499876.953778211,0,0.0,,,,
2020-06-30 13:00:00,32.77,0.0,idle,sin_restriccion,0.0,0.0,0.0,0.0,0.0,0.0,0.11535382760045408,0.11535382760045418,58.06676310814985,15.958613622043144,9426983.712474743,4499876.953778211,0,0.0,,,,
2020-06-30 14:00:00,32.73,0.0,idle,sin_restriccion,0.0,0.0,0.0,0.0,0.0,0.0,0.11535382760045408,0.11535382760045418,58.06676310814985,15.958613622043144,9426983.712474743,4499876.953778211,0,0.0,,,,
2020-06-30 15:00:00,32.73,0.0,idle,sin_restriccion,0.0,0.0,0.0,0.0,0.0,0.0,0.11535382760045408,0.11535382760045418,58.06676310814985,15.958613622043144,9426983.712474743,4499876.953778211,0,0.0,,,,
2020-06-30 16:00:00,32.73,0.0,idle,sin_restriccion,0.0,0.0,0.0,0.0,0.0,0.0,0.11535382760045408,0.11535382760045418,58.06676310814985,15.958613622043144,9426983.712474743,4499876.953778211,0,0.0,,,,
2020-06-30 17:00:00,33.68,0.0,idle,sin_restriccion,0.0,0.0,0.0,0.0,0.0,0.0,0.11535382760045408,0.11535382760045418,58.06676310814985,15.958613622043144,9426983.712474743,4499876.953778211,0,0.0,,,,
2020-06-30 18:00:00,41.44,100.0,discharge,above_max_power,92.53457144909902,0.0,92.53457144909902,0.0,3834.632640850663,3834.632640850663,0.04028556830649164,0.040285568306491736,33.29423754114224,8.827128989116714,5405230.431650516,2489000.3133660974,143,1.5,0.46326954842386503,1.2654006621535654,,0.3424090003751699
2020-06-30 19:00:00,41.82,100.0,discharge,inventory_limited,73.84408660467709,0.0,73.84408660467709,0.0,3088.159701807596,3088.159701807596,8.691826628314126e-18,1.1299374616808363e-16,20.000000000000004,5.000000000000011,3246946.5173792816,1409858.3562304804,143,0.8049787357277587,0.6888938536609553,1.2524321155427633,,0.5091710789089606
2020-06-30 20:00:00,33.86,0.0,idle,sin_restriccion,0.0,0.0,0.0,0.0,0.0,0.0,8.691826628314126e-18,1.1299374616808363e-16,20.000000000000004,5.000000000000011,3246946.5173792816,1409858.3562304804,0,0.0,,,,
2020-06-30 21:00:00,33.86,0.0,idle,sin_restriccion,0.0,0.0,0.0,0.0,0.0,0.0,8.691826628314126e-18,1.1299374616808363e-16,20.000000000000004,5.000000000000011,3246946.5173792816,1409858.3562304804,0,0.0,,,,
2020-06-30 22:00:00,33.86,0.0,idle,sin_restriccion,0.0,0.0,0.0,0.0,0.0,0.0,8.691826628314126e-18,1.1299374616808363e-16,20.000000000000004,5.000000000000011,3246946.5173792816,1409858.3562304804,0,0.0,,,,
2020-06-30 23:00:00,33.86,0.0,idle,sin_restriccion,0.0,0.0,0.0,0.0,0.0,0.0,8.691826628314126e-18,1.1299374616808363e-16,20.000000000000004,5.000000000000011,3246946.5173792816,1409858.3562304804,0,0.0,,,,
