timestamp,precio_usd_mwh,P_cmd_MW,modo,constraint,P_real_MW,E_comprada_MWh,E_vendida_MWh,costo_USD,ingreso_USD,flujo_USD,soc_H2,soc_O2,p_H2_bar,p_O2_bar,n_H2_mol,n_O2_mol,n_active,j_A_cm2,V_cell_V,E_rev_V,eta_el_lhv,eta_fc_lhv,P_dc_total_MW,P_aux_MW,P_comp_MW,n_H2_prod_mol,n_H2_cons_mol,n_O2_prod_mol,n_O2_cons_mol
2020-01-01 00:00:00,32.35,0.0,idle,sin_restriccion,0.0,0.0,0.0,0.0,0.0,0.0,0.5,0.5,185.0,52.49999999999999,13348557.90478149,6579338.995742227,0,0.0,,,,,0.0,0.0,0.0,0.0,0.0,0.0,0.0
2020-01-01 01:00:00,32.35,0.0,idle,sin_restriccion,0.0,0.0,0.0,0.0,0.0,0.0,0.5,0.5,185.0,52.49999999999999,13348557.90478149,6579338.995742227,0,0.0,,,,,0.0,0.0,0.0,0.0,0.0,0.0,0.0
2020-01-01 02:00:00,32.35,0.0,idle,sin_restriccion,0.0,0.0,0.0,0.0,0.0,0.0,0.5,0.5,185.0,52.49999999999999,13348557.90478149,6579338.995742227,0,0.0,,,,,0.0,0.0,0.0,0.0,0.0,0.0,0.0
2020-01-01 03:00:00,32.35,0.0,idle,sin_restriccion,0.0,0.0,0.0,0.0,0.0,0.0,0.5,0.5,185.0,52.49999999999999,13348557.90478149,6579338.995742227,0,0.0,,,,,0.0,0.0,0.0,0.0,0.0,0.0,0.0
2020-01-01 04:00:00,31.84,0.0,idle,sin_restriccion,0.0,0.0,0.0,0.0,0.0,0.0,0.5,0.5,185.0,52.49999999999999,13348557.90478149,6579338.995742227,0,0.0,,,,,0.0,0.0,0.0,0.0,0.0,0.0,0.0
2020-01-01 05:00:00,31.33,0.0,idle,sin_restriccion,0.0,0.0,0.0,0.0,0.0,0.0,0.5,0.5,185.0,52.49999999999999,13348557.90478149,6579338.995742227,0,0.0,,,,,0.0,0.0,0.0,0.0,0.0,0.0,0.0
2020-01-01 06:00:00,29.44,0.0,idle,sin_restriccion,0.0,0.0,0.0,0.0,0.0,0.0,0.5,0.5,185.0,52.49999999999999,13348557.90478149,6579338.995742227,0,0.0,,,,,0.0,0.0,0.0,0.0,0.0,0.0,0.0
2020-01-01 07:00:00,24.57,0.0,idle,sin_restriccion,0.0,0.0,0.0,0.0,0.0,0.0,0.5,0.5,185.0,52.49999999999999,13348557.90478149,6579338.995742227,0,0.0,,,,,0.0,0.0,0.0,0.0,0.0,0.0,0.0
2020-01-01 08:00:00,24.32,-100.0,charge,ok,-100.00000933314523,100.00000933314523,0.0,2432.000226982092,0.0,-2432.000226982092,0.5417531509822563,0.5417531509822563,198.7785398241446,56.46654934331433,14342739.724705445,7076429.905704204,100,0.538293844461441,1.680848057087224,1.2920922055682393,0.6680503533659908,,90.47901626050255,2.7143704878150765,4.008302494296603,994181.8199239547,0.0,497090.90996197733,0.0
2020-01-01 09:00:00,24.32,-100.0,charge,ok,-100.00000825314483,100.00000825314483,0.0,2432.000200716482,0.0,-2432.000200716482,0.5834701953243182,0.5834701953243182,212.545164457025,60.42966855581023,15336061.811545422,7573090.949124193,100,0.5378283470869065,1.682363581394335,1.293739391398428,0.6674726543855064,,90.48228241805235,2.7144684725415704,4.004836256837947,993322.0868399775,0.0,496661.04341998877,0.0
2020-01-01 10:00:00,24.32,-100.0,charge,ok,-99.99999274278488,99.99999274278488,0.0,2431.999823504528,0.0,-2431.999823504528,0.625153639304831,0.625153639304831,226.30070097059425,64.38959573395894,16328583.842154693,8069351.964428828,100,0.5373951613903046,1.6837760123229877,1.29527437268543,0.6669351520891242,,90.48530818874355,2.7145592456623064,4.001610622129233,992522.0306092707,0.0,496261.01530463534,0.0
2020-01-01 11:00:00,24.42,0.0,idle,sin_restriccion,0.0,0.0,0.0,0.0,0.0,0.0,0.625153639304831,0.625153639304831,226.30070097059425,64.38959573395894,16328583.842154693,8069351.964428828,0,0.0,,,,,0.0,0.0,0.0,0.0,0.0,0.0,0.0
2020-01-01 12:00:00,26.4,0.0,idle,sin_restriccion,0.0,0.0,0.0,0.0,0.0,0.0,0.625153639304831,0.625153639304831,226.30070097059425,64.38959573395894,16328583.842154693,8069351.964428828,0,0.0,,,,,0.0,0.0,0.0,0.0,0.0,0.0,0.0
2020-01-01 13:00:00,27.03,0.0,idle,sin_restriccion,0.0,0.0,0.0,0.0,0.0,0.0,0.625153639304831,0.625153639304831,226.30070097059425,64.38959573395894,16328583.842154693,8069351.964428828,0,0.0,,,,,0.0,0.0,0.0,0.0,0.0,0.0,0.0
2020-01-01 14:00:00,27.03,0.0,idle,sin_restriccion,0.0,0.0,0.0,0.0,0.0,0.0,0.625153639304831,0.625153639304831,226.30070097059425,64.38959573395894,16328583.842154693,8069351.964428828,0,0.0,,,,,0.0,0.0,0.0,0.0,0.0,0.0,0.0
2020-01-01 15:00:00,27.03,-100.0,charge,ok,-100.00000809336248,100.00000809336248,0.0,2703.000218763588,0.0,-2703.000218763588,0.6668056826791524,0.6668056826791524,240.04587528412034,68.34653985451946,17320358.194778573,8565239.140740767,100,0.5369903355836867,1.685098557701453,1.2967114696162265,0.6664326400523326,,90.48816399916898,2.7146449199750693,3.998596163934851,991774.3526238792,0.0,495887.1763119396,0.0
2020-01-01 16:00:00,25.34,-100.0,charge,ok,-99.99999356614818,99.99999356614818,0.0,2533.999836966195,0.0,-2533.999836966195,0.7084282367101342,0.708428236710134,253.78131811434423,72.30068248746274,18311430.378384303,9060775.232543632,100,0.5366101503372193,1.6863419122180117,1.2980624247220947,0.6659609073426441,,90.4908187035261,2.714724561105783,3.9957651869742365,991072.1836057298,0.0,495536.0918028649,0.0
2020-01-01 17:00:00,23.39,-100.0,charge,ok,-100.00000527088004,100.00000527088004,0.0,2339.000123285884,0.0,-2339.000123285884,0.75002301432203,0.7500230143220298,267.5075947262698,76.25218636059283,19301841.17931045,9555980.633006705,100,0.5362520486116409,1.6875151035889968,1.2993369856070238,0.6655164067117616,,90.49334313626849,2.7148002940880547,3.9930986507419983,990410.8009261461,0.0,495205.40046307305,0.0
2020-01-01 18:00:00,28.29,0.0,idle,sin_restriccion,0.0,0.0,0.0,0.0,0.0,0.0,0.75002301432203,0.7500230143220298,267.5075947262698,76.25218636059283,19301841.17931045,9555980.633006705,0,0.0,,,,,0.0,0.0,0.0,0.0,0.0,0.0,0.0
2020-01-01 19:00:00,32.24,0.0,idle,sin_restriccion,0.0,0.0,0.0,0.0,0.0,0.0,0.75002301432203,0.7500230143220298,267.5075947262698,76.25218636059283,19301841.17931045,9555980.633006705,0,0.0,,,,,0.0,0.0,0.0,0.0,0.0,0.0,0.0
2020-01-01 20:00:00,34.26,74.0,discharge,above_max_power,73.79531205125522,0.0,73.79531205125522,0.0,2528.227390876004,2528.227390876004,0.6248217566883933,0.6248217566883932,226.1911797071698,64.35806688539735,16320681.40471347,8065400.745708216,106,1.5,0.4984122201909974,1.3005433339206978,,0.3683834404203568,79.24754301036859,3.1699017204147437,0.0,0.0,2981159.774596979,0.0,1490579.8872984895
2020-01-01 21:00:00,34.26,74.0,discharge,above_max_power,73.22632086087116,0.0,73.22632086087116,0.0,2508.7337526934457,2508.7337526934457,0.49962049905475675,0.49962049905475664,184.87476468806975,52.463947410201875,13339521.630116493,6574820.858409727,106,1.5,0.4945692638488456,1.296700377578546,,0.36554305765814327,78.63651295196645,3.145460518078658,0.0,0.0,2981159.774596979,0.0,1490579.8872984895
2020-01-01 22:00:00,34.26,0.0,idle,sin_restriccion,0.0,0.0,0.0,0.0,0.0,0.0,0.49962049905475675,0.49962049905475664,184.87476468806975,52.463947410201875,13339521.630116493,6574820.858409727,0,0.0,,,,,0.0,0.0,0.0,0.0,0.0,0.0,0.0
2020-01-01 23:00:00,33.75,0.0,idle,sin_restriccion,0.0,0.0,0.0,0.0,0.0,0.0,0.49962049905475675,0.49962049905475664,184.87476468806975,52.463947410201875,13339521.630116493,6574820.858409727,0,0.0,,,,,0.0,0.0,0.0,0.0,0.0,0.0,0.0
2020-01-02 00:00:00,31.94,0.0,idle,sin_restriccion,0.0,0.0,0.0,0.0,0.0,0.0,0.49962049905475675,0.49962049905475664,184.87476468806975,52.463947410201875,13339521.630116493,6574820.858409727,0,0.0,,,,,0.0,0.0,0.0,0.0,0.0,0.0,0.0
2020-01-02 01:00:00,34.31,0.0,idle,sin_restriccion,0.0,0.0,0.0,0.0,0.0,0.0,0.49962049905475675,0.49962049905475664,184.87476468806975,52.463947410201875,13339521.630116493,6574820.858409727,0,0.0,,,,,0.0,0.0,0.0,0.0,0.0,0.0,0.0
2020-01-02 02:00:00,33.7,-100.0,charge,ok,-99.99999076953368,99.99999076953368,0.0,3369.999688933285,0.0,-3369.999688933285,0.541373983606473,0.5413739836064729,198.65341459013612,56.430528442614914,14333711.39264322,7071915.739673091,100,0.5382981449365616,1.6808337429807825,1.292076675257693,0.6680558144921268,,90.47896857933326,2.7143690573799977,4.0083345169647595,994189.7625267277,0.0,497094.8812633639,0.0
2020-01-02 03:00:00,31.86,-100.0,charge,ok,-100.0000065778947,100.0000065778947,0.0,3186.000209571725,0.0,-3186.000209571725,0.5830913434872134,0.5830913434872133,212.42014335078042,60.39367763128526,15327040.992756093,7568580.539729527,100,0.5378324151039124,1.6823502962243808,1.2937249554940118,0.6674777141858639,,90.48225228691412,2.7144675686074233,4.00486654855107,993329.6001128714,0.0,496664.8000564357,0.0
2020-01-02 04:00:00,33.2,-100.0,charge,ok,-99.99999948654425,99.99999948654425,0.0,3319.9999829532694,0.0,-3319.9999829532694,0.6247750849756228,0.6247750849756228,226.17577804195557,64.35363307268416,16319570.107308377,8064845.097005669,100,0.5373989969491959,1.683763612108557,1.295260887254461,0.6669398672389941,,90.48528762466935,2.7145586287400807,4.001639182887319,992529.1145522846,0.0,496264.5572761423,0.0
2020-01-02 05:00:00,34.25,0.0,idle,sin_restriccion,0.0,0.0,0.0,0.0,0.0,0.0,0.6247750849756228,0.6247750849756228,226.17577804195557,64.35363307268416,16319570.107308377,8064845.097005669,0,0.0,,,,,0.0,0.0,0.0,0.0,0.0,0.0,0.0
2020-01-02 06:00:00,34.25,-100.0,charge,ok,-99.99999282949817,99.99999282949817,0.0,3424.999754410312,0.0,-3424.999754410312,0.6664273988116686,0.6664273988116685,239.92104160785064,68.3106028871085,17311350.89988045,8560735.493291706,100,0.5369938224554061,1.685086892152841,1.2966988173042593,0.6664370691636129,,90.48812513866548,2.7146437541599644,3.9986221282603838,991780.7925720739,0.0,495890.39628603694,0.0
2020-01-02 07:00:00,34.25,-100.0,charge,ok,-99.99999760573439,99.99999760573439,0.0,3424.999917996403,0.0,-3424.999917996403,0.7080502142889837,0.7080502142889835,253.65657071536464,72.26477035745343,18302429.308769435,9056274.697736198,100,0.5366135209798812,1.6863309498506944,1.2980505082991176,0.6659650635820145,,90.49079885367289,2.7147239656101863,3.995790285822252,991078.4088889846,0.0,495539.2044444923,0.0
2020-01-02 08:00:00,33.86,-100.0,charge,ok,-100.00000033859787,100.00000033859787,0.0,3386.000011464924,0.0,-3386.000011464924,0.7496452353164313,0.7496452353164311,267.38292765442236,76.21629735506096,19292845.905648954,9551482.996175958,100,0.5362551867961883,1.687504730760438,1.2993257243577465,0.6655203341857252,,90.49331646133903,2.7147994938401707,3.993122018634977,990416.596879521,0.0,495208.2984397605,0.0
2020-01-02 09:00:00,34.54,0.0,idle,sin_restriccion,0.0,0.0,0.0,0.0,0.0,0.0,0.7496452353164313,0.7496452353164311,267.38292765442236,76.21629735506096,19292845.905648954,9551482.996175958,0,0.0,,,,,0.0,0.0,0.0,0.0,0.0,0.0,0.0
2020-01-02 10:00:00,34.73,0.0,idle,sin_restriccion,0.0,0.0,0.0,0.0,0.0,0.0,0.7496452353164313,0.7496452353164311,267.38292765442236,76.21629735506096,19292845.905648954,9551482.996175958,0,0.0,,,,,0.0,0.0,0.0,0.0,0.0,0.0,0.0
2020-01-02 11:00:00,35.81,0.0,idle,sin_restriccion,0.0,0.0,0.0,0.0,0.0,0.0,0.7496452353164313,0.7496452353164311,267.38292765442236,76.21629735506096,19292845.905648954,9551482.996175958,0,0.0,,,,,0.0,0.0,0.0,0.0,0.0,0.0,0.0
2020-01-02 12:00:00,36.72,0.0,idle,sin_restriccion,0.0,0.0,0.0,0.0,0.0,0.0,0.7496452353164313,0.7496452353164311,267.38292765442236,76.21629735506096,19292845.905648954,9551482.996175958,0,0.0,,,,,0.0,0.0,0.0,0.0,0.0,0.0,0.0
2020-01-02 13:00:00,35.75,0.0,idle,sin_restriccion,0.0,0.0,0.0,0.0,0.0,0.0,0.7496452353164313,0.7496452353164311,267.38292765442236,76.21629735506096,19292845.905648954,9551482.996175958,0,0.0,,,,,0.0,0.0,0.0,0.0,0.0,0.0,0.0
2020-01-02 14:00:00,35.7,0.0,idle,sin_restriccion,0.0,0.0,0.0,0.0,0.0,0.0,0.7496452353164313,0.7496452353164311,267.38292765442236,76.21629735506096,19292845.905648954,9551482.996175958,0,0.0,,,,,0.0,0.0,0.0,0.0,0.0,0.0,0.0
2020-01-02 15:00:00,35.7,0.0,idle,sin_restriccion,0.0,0.0,0.0,0.0,0.0,0.0,0.7496452353164313,0.7496452353164311,267.38292765442236,76.21629735506096,19292845.905648954,9551482.996175958,0,0.0,,,,,0.0,0.0,0.0,0.0,0.0,0.0,0.0
2020-01-02 16:00:00,35.7,0.0,idle,sin_restriccion,0.0,0.0,0.0,0.0,0.0,0.0,0.7496452353164313,0.7496452353164311,267.38292765442236,76.21629735506096,19292845.905648954,9551482.996175958,0,0.0,,,,,0.0,0.0,0.0,0.0,0.0,0.0,0.0
2020-01-02 17:00:00,35.7,0.0,idle,sin_restriccion,0.0,0.0,0.0,0.0,0.0,0.0,0.7496452353164313,0.7496452353164311,267.38292765442236,76.21629735506096,19292845.905648954,9551482.996175958,0,0.0,,,,,0.0,0.0,0.0,0.0,0.0,0.0,0.0
2020-01-02 18:00:00,37.97,74.0,discharge,above_max_power,73.79373158024738,0.0,73.79373158024738,0.0,2801.947988101993,2801.947988101993,0.6244439776827947,0.6244439776827947,226.06651263532228,64.32217787986549,16311686.131051976,8060903.108877469,106,1.5,0.4984015457180252,1.3005326594477256,,0.3683755507681395,79.245845769166,3.16983383076664,0.0,0.0,2981159.774596979,0.0,1490579.8872984895
2020-01-02 19:00:00,37.97,74.0,discharge,above_max_power,73.22445047823615,0.0,73.22445047823615,0.0,2780.3323846586263,2780.3323846586263,0.49924272004915815,0.49924272004915804,184.7500976162222,52.42805840467001,13330526.356454998,6570323.22157898,106,1.5,0.49455663131791916,1.2966877450476195,,0.36553372077791557,78.63450437954914,3.1453801751819657,0.0,0.0,2981159.774596979,0.0,1490579.8872984895
2020-01-02 20:00:00,37.97,0.0,idle,sin_restriccion,0.0,0.0,0.0,0.0,0.0,0.0,0.49924272004915815,0.49924272004915804,184.7500976162222,52.42805840467001,13330526.356454998,6570323.22157898,0,0.0,,,,,0.0,0.0,0.0,0.0,0.0,0.0,0.0
2020-01-02 21:00:00,37.97,0.0,idle,sin_restriccion,0.0,0.0,0.0,0.0,0.0,0.0,0.49924272004915815,0.49924272004915804,184.7500976162222,52.42805840467001,13330526.356454998,6570323.22157898,0,0.0,,,,,0.0,0.0,0.0,0.0,0.0,0.0,0.0
2020-01-02 22:00:00,37.97,0.0,idle,sin_restriccion,0.0,0.0,0.0,0.0,0.0,0.0,0.49924272004915815,0.49924272004915804,184.7500976162222,52.42805840467001,13330526.356454998,6570323.22157898,0,0.0,,,,,0.0,0.0,0.0,0.0,0.0,0.0,0.0
2020-01-02 23:00:00,37.97,0.0,idle,sin_restriccion,0.0,0.0,0.0,0.0,0.0,0.0,0.49924272004915815,0.49924272004915804,184.7500976162222,52.42805840467001,13330526.356454998,6570323.22157898,0,0.0,,,,,0.0,0.0,0.0,0.0,0.0,0.0,0.0
2020-01-03 00:00:00,38.79,0.0,idle,sin_restriccion,0.0,0.0,0.0,0.0,0.0,0.0,0.49924272004915815,0.49924272004915804,184.7500976162222,52.42805840467001,13330526.356454998,6570323.22157898,0,0.0,,,,,0.0,0.0,0.0,0.0,0.0,0.0,0.0
2020-01-03 01:00:00,38.79,0.0,idle,sin_restriccion,0.0,0.0,0.0,0.0,0.0,0.0,0.49924272004915815,0.49924272004915804,184.7500976162222,52.42805840467001,13330526.356454998,6570323.22157898,0,0.0,,,,,0.0,0.0,0.0,0.0,0.0,0.0,0.0
2020-01-03 02:00:00,38.79,0.0,idle,sin_restriccion,0.0,0.0,0.0,0.0,0.0,0.0,0.49924272004915815,0.49924272004915804,184.7500976162222,52.42805840467001,13330526.356454998,6570323.22157898,0,0.0,,,,,0.0,0.0,0.0,0.0,0.0,0.0,0.0
2020-01-03 03:00:00,38.79,0.0,idle,sin_restriccion,0.0,0.0,0.0,0.0,0.0,0.0,0.49924272004915815,0.49924272004915804,184.7500976162222,52.42805840467001,13330526.356454998,6570323.22157898,0,0.0,,,,,0.0,0.0,0.0,0.0,0.0,0.0,0.0
2020-01-03 04:00:00,38.79,0.0,idle,sin_restriccion,0.0,0.0,0.0,0.0,0.0,0.0,0.49924272004915815,0.49924272004915804,184.7500976162222,52.42805840467001,13330526.356454998,6570323.22157898,0,0.0,,,,,0.0,0.0,0.0,0.0,0.0,0.0,0.0
2020-01-03 05:00:00,39.21,74.0,discharge,above_max_power,72.53944124435968,0.0,72.53944124435968,0.0,2844.271491191343,2844.271491191343,0.37404146241552155,0.37404146241552144,143.43368259712213,40.53393892947453,10349366.58185802,5079743.334280491,106,1.5,0.48993009118118824,1.2920612049108886,,0.36211418027756703,77.89888449780894,3.1159553799123576,0.0,0.0,2981159.774596979,0.0,1490579.8872984895
2020-01-03 06:00:00,45.94,74.0,discharge,above_max_power,71.67932301142984,0.0,71.67932301142984,0.0,3292.948099145087,3292.948099145087,0.24884020478188498,0.24884020478188482,102.11726757802205,28.639819454279056,7368206.807261041,3589163.4469820014,106,1.5,0.4841208679909189,1.2862519817206193,,0.35782050219683886,76.9752180105561,3.0790087204222445,0.0,0.0,2981159.774596979,0.0,1490579.8872984895
2020-01-03 07:00:00,38.79,0.0,idle,sin_restriccion,0.0,0.0,0.0,0.0,0.0,0.0,0.24884020478188498,0.24884020478188482,102.11726757802205,28.639819454279056,7368206.807261041,3589163.4469820014,0,0.0,,,,,0.0,0.0,0.0,0.0,0.0,0.0,0.0
2020-01-03 08:00:00,37.12,-100.0,charge,ok,-99.99999799543716,99.99999799543716,0.0,3711.999925590627,0.0,-3711.999925590627,0.29089486649439317,0.290894866494393,115.99530594314972,32.635012316967334,8369567.881432318,4089843.98406764,100,0.542181009054184,1.668293822768761,1.278439727623407,0.6728746008883253,,90.45172282276287,2.713551684682886,4.037247524400786,1001361.0741712766,0.0,500680.5370856383,0.0
2020-01-03 09:00:00,37.12,-100.0,charge,ok,-100.00000948395929,100.00000948395929,0.0,3712.0003520445684,0.0,-3712.0003520445684,0.33288442806986185,0.33288442806986174,129.85186126305442,36.62402066663686,9369378.860073159,4589749.47338806,100,0.5413417190313339,1.6709893432675846,1.2813721922225343,0.6718329214911383,,90.4576243567514,2.7137287307025417,4.030997911244994,999810.9786408404,0.0,499905.4893204202,0.0
2020-01-03 10:00:00,37.12,-100.0,charge,ok,-100.00000118103141,100.00000118103141,0.0,3712.0000438398856,0.0,-3712.0000438398856,0.37481654357508876,0.37481654357508865,143.68945937977932,40.60757163963341,10367821.99371747,5088971.040210215,100,0.5406011074781418,1.6733745712365555,1.283966588489325,0.6709138401599276,,90.46281464362427,2.713884439308728,4.025483088501785,998443.1336443105,0.0,499221.56682215526,0.0
2020-01-03 11:00:00,37.12,0.0,idle,sin_restriccion,0.0,0.0,0.0,0.0,0.0,0.0,0.37481654357508876,0.37481654357508865,143.68945937977932,40.60757163963341,10367821.99371747,5088971.040210215,0,0.0,,,,,0.0,0.0,0.0,0.0,0.0,0.0,0.0
2020-01-03 12:00:00,37.12,0.0,idle,sin_restriccion,0.0,0.0,0.0,0.0,0.0,0.0,0.37481654357508876,0.37481654357508865,143.68945937977932,40.60757163963341,10367821.99371747,5088971.040210215,0,0.0,,,,,0.0,0.0,0.0,0.0,0.0,0.0,0.0
2020-01-03 13:00:00,37.12,0.0,idle,sin_restriccion,0.0,0.0,0.0,0.0,0.0,0.0,0.37481654357508876,0.37481654357508865,143.68945937977932,40.60757163963341,10367821.99371747,5088971.040210215,0,0.0,,,,,0.0,0.0,0.0,0.0,0.0,0.0,0.0
2020-01-03 14:00:00,37.12,0.0,idle,sin_restriccion,0.0,0.0,0.0,0.0,0.0,0.0,0.37481654357508876,0.37481654357508865,143.68945937977932,40.60757163963341,10367821.99371747,5088971.040210215,0,0.0,,,,,0.0,0.0,0.0,0.0,0.0,0.0,0.0
2020-01-03 15:00:00,37.12,0.0,idle,sin_restriccion,0.0,0.0,0.0,0.0,0.0,0.0,0.37481654357508876,0.37481654357508865,143.68945937977932,40.60757163963341,10367821.99371747,5088971.040210215,0,0.0,,,,,0.0,0.0,0.0,0.0,0.0,0.0,0.0
2020-01-03 16:00:00,37.12,-100.0,charge,ok,-100.00000046118197,100.00000046118197,0.0,3712.0000171190745,0.0,-3712.0000171190745,0.41669727586039373,0.4166972758603937,157.51010103392994,44.58624120673739,11365041.64453728,5587580.86562012,100,0.5399386599659919,1.675513723645221,1.2862928994198746,0.6700917134745371,,90.467463469963,2.7140239040988896,4.020550299389275,997219.6508198096,0.0,498609.8254099048,0.0
2020-01-03 17:00:00,34.7,-100.0,charge,ok,-100.00000294789598,100.00000294789598,0.0,3470.000102291991,0.0,-3470.000102291991,0.4585315383137682,0.45853153831376814,171.31540764354352,48.56049613980796,12361154.80492479,6085637.445813876,100,0.5393395572900772,1.6774529051118257,1.2884013965252161,0.6693481795223032,,90.47167072179658,2.7141501216538972,4.016089195523948,996113.1603875102,0.0,498056.5801937551,0.0
2020-01-03 18:00:00,35.74,-100.0,charge,ok,-100.00000473254559,100.00000473254559,0.0,3574.0001691411794,0.0,-3574.0001691411794,0.5003233923687721,0.500323392368772,185.1067194816948,52.530722275033334,13356258.18143539,6583189.134069175,100,0.5387928158044815,1.6792263584757148,1.290329412046052,0.668669633234967,,90.4755098056236,2.7142652941687078,4.012017989280374,995103.3765105994,0.0,497551.6882552997,0.0
2020-01-03 19:00:00,37.56,0.0,idle,sin_restriccion,0.0,0.0,0.0,0.0,0.0,0.0,0.5003233923687721,0.500323392368772,185.1067194816948,52.530722275033334,13356258.18143539,6583189.134069175,0,0.0,,,,,0.0,0.0,0.0,0.0,0.0,0.0,0.0
2020-01-03 20:00:00,37.56,0.0,idle,sin_restriccion,0.0,0.0,0.0,0.0,0.0,0.0,0.5003233923687721,0.500323392368772,185.1067194816948,52.530722275033334,13356258.18143539,6583189.134069175,0,0.0,,,,,0.0,0.0,0.0,0.0,0.0,0.0,0.0
2020-01-03 21:00:00,37.56,0.0,idle,sin_restriccion,0.0,0.0,0.0,0.0,0.0,0.0,0.5003233923687721,0.500323392368772,185.1067194816948,52.530722275033334,13356258.18143539,6583189.134069175,0,0.0,,,,,0.0,0.0,0.0,0.0,0.0,0.0,0.0
2020-01-03 22:00:00,37.56,0.0,idle,sin_restriccion,0.0,0.0,0.0,0.0,0.0,0.0,0.5003233923687721,0.500323392368772,185.1067194816948,52.530722275033334,13356258.18143539,6583189.134069175,0,0.0,,,,,0.0,0.0,0.0,0.0,0.0,0.0,0.0
2020-01-03 23:00:00,37.56,0.0,idle,sin_restriccion,0.0,0.0,0.0,0.0,0.0,0.0,0.5003233923687721,0.500323392368772,185.1067194816948,52.530722275033334,13356258.18143539,6583189.134069175,0,0.0,,,,,0.0,0.0,0.0,0.0,0.0,0.0,0.0
2020-01-04 00:00:00,38.44,74.0,discharge,above_max_power,72.54598945577777,0.0,72.54598945577777,0.0,2788.6678346800973,2788.6678346800973,0.37512213473513545,0.37512213473513534,143.7903044625947,40.63660279983785,10375098.40683841,5092609.246770686,106,1.5,0.4899743176842065,1.2921054314139069,,0.3621468687042942,77.90591651178885,3.1162366604715537,0.0,0.0,2981159.774596979,0.0,1490579.8872984895
2020-01-04 01:00:00,38.44,74.0,discharge,above_max_power,71.68776694455283,0.0,71.68776694455283,0.0,2755.6777613486106,2755.6777613486106,0.24992087710149888,0.24992087710149874,102.47388944349463,28.742483324642375,7393938.632241431,3602029.359472196,106,1.5,0.4841778981644894,1.2863090118941898,,0.3578626539954838,76.98428580815383,3.079371432326153,0.0,0.0,2981159.774596979,0.0,1490579.8872984895
2020-01-04 02:00:00,38.44,0.0,idle,sin_restriccion,0.0,0.0,0.0,0.0,0.0,0.0,0.24992087710149888,0.24992087710149874,102.47388944349463,28.742483324642375,7393938.632241431,3602029.359472196,0,0.0,,,,,0.0,0.0,0.0,0.0,0.0,0.0,0.0
2020-01-04 03:00:00,38.44,0.0,idle,sin_restriccion,0.0,0.0,0.0,0.0,0.0,0.0,0.24992087710149888,0.24992087710149874,102.47388944349463,28.742483324642375,7393938.632241431,3602029.359472196,0,0.0,,,,,0.0,0.0,0.0,0.0,0.0,0.0,0.0
2020-01-04 04:00:00,34.26,0.0,idle,sin_restriccion,0.0,0.0,0.0,0.0,0.0,0.0,0.24992087710149888,0.24992087710149874,102.47388944349463,28.742483324642375,7393938.632241431,3602029.359472196,0,0.0,,,,,0.0,0.0,0.0,0.0,0.0,0.0,0.0
2020-01-04 05:00:00,34.26,0.0,idle,sin_restriccion,0.0,0.0,0.0,0.0,0.0,0.0,0.24992087710149888,0.24992087710149874,102.47388944349463,28.742483324642375,7393938.632241431,3602029.359472196,0,0.0,,,,,0.0,0.0,0.0,0.0,0.0,0.0,0.0
2020-01-04 06:00:00,34.26,0.0,idle,sin_restriccion,0.0,0.0,0.0,0.0,0.0,0.0,0.24992087710149888,0.24992087710149874,102.47388944349463,28.742483324642375,7393938.632241431,3602029.359472196,0,0.0,,,,,0.0,0.0,0.0,0.0,0.0,0.0,0.0
2020-01-04 07:00:00,32.27,-100.0,charge,ok,-99.99999680728519,99.99999680728519,0.0,3226.999896971093,0.0,-3226.999896971093,0.2919737537666266,0.29197375376662654,116.35133874298681,32.737506607829516,8395257.202754622,4102688.6447287924,100,0.5421579957008362,1.668367596593394,1.2785199971378767,0.6728460481241,,90.45188322612957,2.713556496783887,4.037076159852268,1001318.5705131923,0.0,500659.28525659617,0.0
2020-01-04 08:00:00,30.25,-100.0,charge,ok,-99.99999382790179,99.99999382790179,0.0,3024.999813294029,0.0,-3024.999813294029,0.33396174666409434,0.3339617466640943,130.20737639915114,36.72636593308895,9395030.829695934,4602575.458199448,100,0.5413214951753615,1.6710541212704568,1.2814426809477069,0.6718079278241287,,90.45775154450737,2.7137325463352213,4.030847318156901,999773.6269413114,0.0,499886.8134706557,0.0
2020-01-04 09:00:00,32.62,-100.0,charge,ok,-100.00000381468925,100.00000381468925,0.0,3262.000124435163,0.0,-3262.000124435163,0.3758924737991366,0.3758924737991365,144.04451635371507,40.70978501091796,10393440.904939514,5101780.495821238,100,0.5405832082033157,1.6734323482950657,1.2840294217371868,0.6708916085682448,,90.46294275525551,2.713888282657665,4.0253498049640495,998410.0752435784,0.0,499205.0376217892,0.0
2020-01-04 10:00:00,32.62,0.0,idle,sin_restriccion,0.0,0.0,0.0,0.0,0.0,0.0,0.3758924737991366,0.3758924737991365,144.04451635371507,40.70978501091796,10393440.904939514,5101780.495821238,0,0.0,,,,,0.0,0.0,0.0,0.0,0.0,0.0,0.0
2020-01-04 11:00:00,32.62,0.0,idle,sin_restriccion,0.0,0.0,0.0,0.0,0.0,0.0,0.3758924737991366,0.3758924737991365,144.04451635371507,40.70978501091796,10393440.904939514,5101780.495821238,0,0.0,,,,,0.0,0.0,0.0,0.0,0.0,0.0,0.0
2020-01-04 12:00:00,32.62,0.0,idle,sin_restriccion,0.0,0.0,0.0,0.0,0.0,0.0,0.3758924737991366,0.3758924737991365,144.04451635371507,40.70978501091796,10393440.904939514,5101780.495821238,0,0.0,,,,,0.0,0.0,0.0,0.0,0.0,0.0,0.0
2020-01-04 13:00:00,32.62,0.0,idle,sin_restriccion,0.0,0.0,0.0,0.0,0.0,0.0,0.3758924737991366,0.3758924737991365,144.04451635371507,40.70978501091796,10393440.904939514,5101780.495821238,0,0.0,,,,,0.0,0.0,0.0,0.0,0.0,0.0,0.0
2020-01-04 14:00:00,32.62,0.0,idle,sin_restriccion,0.0,0.0,0.0,0.0,0.0,0.0,0.3758924737991366,0.3758924737991365,144.04451635371507,40.70978501091796,10393440.904939514,5101780.495821238,0,0.0,,,,,0.0,0.0,0.0,0.0,0.0,0.0,0.0
2020-01-04 15:00:00,32.46,0.0,idle,sin_restriccion,0.0,0.0,0.0,0.0,0.0,0.0,0.3758924737991366,0.3758924737991365,144.04451635371507,40.70978501091796,10393440.904939514,5101780.495821238,0,0.0,,,,,0.0,0.0,0.0,0.0,0.0,0.0,0.0
2020-01-04 16:00:00,31.59,-100.0,charge,ok,-100.0000051586411,100.0000051586411,0.0,3159.0001629614726,0.0,-3159.0001629614726,0.41777195745281437,0.41777195745281426,157.86474595942875,44.68833595801734,11390630.824665159,5600375.45568406,100,0.5399225622415542,1.6755658534954925,1.2863495780678351,0.6700717038922498,,90.46758088237429,2.7140274264712287,4.0204304307530645,997189.9197256446,0.0,498594.9598628223,0.0
2020-01-04 17:00:00,31.05,-100.0,charge,ok,-100.0000045287096,100.0000045287096,0.0,3105.000140616433,0.0,-3105.000140616433,0.45960508396694677,0.45960508396694666,171.6696777090924,48.66248297685993,12386716.937270252,6098418.511986607,100,0.5393249124288557,1.6775003882526023,1.2884530191685828,0.6693299939141064,,90.47177499937061,2.714153249981118,4.015980145356709,996086.1126050928,0.0,498043.0563025464,0.0
2020-01-04 18:00:00,30.48,-100.0,charge,ok,-99.99999359787823,99.99999359787823,0.0,3047.9998048633283,0.0,-3047.9998048633283,0.5013958922366167,0.5013958922366166,185.4606444380835,52.632609762478566,13381795.412647832,6595957.749675397,100,0.5387793332338333,1.6792699415020655,1.2903768070927113,0.6686529751226965,,90.4755939402101,2.714267818206303,4.011917593888313,995078.4753775804,0.0,497539.2376887902,0.0
2020-01-04 19:00:00,32.8,0.0,idle,sin_restriccion,0.0,0.0,0.0,0.0,0.0,0.0,0.5013958922366167,0.5013958922366166,185.4606444380835,52.632609762478566,13381795.412647832,6595957.749675397,0,0.0,,,,,0.0,0.0,0.0,0.0,0.0,0.0,0.0
2020-01-04 20:00:00,37.86,0.0,idle,sin_restriccion,0.0,0.0,0.0,0.0,0.0,0.0,0.5013958922366167,0.5013958922366166,185.4606444380835,52.632609762478566,13381795.412647832,6595957.749675397,0,0.0,,,,,0.0,0.0,0.0,0.0,0.0,0.0,0.0
2020-01-04 21:00:00,38.31,0.0,idle,sin_restriccion,0.0,0.0,0.0,0.0,0.0,0.0,0.5013958922366167,0.5013958922366166,185.4606444380835,52.632609762478566,13381795.412647832,6595957.749675397,0,0.0,,,,,0.0,0.0,0.0,0.0,0.0,0.0,0.0
2020-01-04 22:00:00,38.31,0.0,idle,sin_restriccion,0.0,0.0,0.0,0.0,0.0,0.0,0.5013958922366167,0.5013958922366166,185.4606444380835,52.632609762478566,13381795.412647832,6595957.749675397,0,0.0,,,,,0.0,0.0,0.0,0.0,0.0,0.0,0.0
2020-01-04 23:00:00,38.31,0.0,idle,sin_restriccion,0.0,0.0,0.0,0.0,0.0,0.0,0.5013958922366167,0.5013958922366166,185.4606444380835,52.632609762478566,13381795.412647832,6595957.749675397,0,0.0,,,,,0.0,0.0,0.0,0.0,0.0,0.0,0.0
2020-01-05 00:00:00,38.54,0.0,idle,sin_restriccion,0.0,0.0,0.0,0.0,0.0,0.0,0.5013958922366167,0.5013958922366166,185.4606444380835,52.632609762478566,13381795.412647832,6595957.749675397,0,0.0,,,,,0.0,0.0,0.0,0.0,0.0,0.0,0.0
2020-01-05 01:00:00,38.54,0.0,idle,sin_restriccion,0.0,0.0,0.0,0.0,0.0,0.0,0.5013958922366167,0.5013958922366166,185.4606444380835,52.632609762478566,13381795.412647832,6595957.749675397,0,0.0,,,,,0.0,0.0,0.0,0.0,0.0,0.0,0.0
2020-01-05 02:00:00,35.4,0.0,idle,sin_restriccion,0.0,0.0,0.0,0.0,0.0,0.0,0.5013958922366167,0.5013958922366166,185.4606444380835,52.632609762478566,13381795.412647832,6595957.749675397,0,0.0,,,,,0.0,0.0,0.0,0.0,0.0,0.0,0.0
2020-01-05 03:00:00,33.78,0.0,idle,sin_restriccion,0.0,0.0,0.0,0.0,0.0,0.0,0.5013958922366167,0.5013958922366166,185.4606444380835,52.632609762478566,13381795.412647832,6595957.749675397,0,0.0,,,,,0.0,0.0,0.0,0.0,0.0,0.0,0.0
2020-01-05 04:00:00,33.39,0.0,idle,sin_restriccion,0.0,0.0,0.0,0.0,0.0,0.0,0.5013958922366167,0.5013958922366166,185.4606444380835,52.632609762478566,13381795.412647832,6595957.749675397,0,0.0,,,,,0.0,0.0,0.0,0.0,0.0,0.0,0.0
2020-01-05 05:00:00,34.26,0.0,idle,sin_restriccion,0.0,0.0,0.0,0.0,0.0,0.0,0.5013958922366167,0.5013958922366166,185.4606444380835,52.632609762478566,13381795.412647832,6595957.749675397,0,0.0,,,,,0.0,0.0,0.0,0.0,0.0,0.0,0.0
2020-01-05 06:00:00,32.91,0.0,idle,sin_restriccion,0.0,0.0,0.0,0.0,0.0,0.0,0.5013958922366167,0.5013958922366166,185.4606444380835,52.632609762478566,13381795.412647832,6595957.749675397,0,0.0,,,,,0.0,0.0,0.0,0.0,0.0,0.0,0.0
2020-01-05 07:00:00,31.05,-100.0,charge,ok,-100.0000041275621,100.0000041275621,0.0,3105.000128160803,0.0,-3105.000128160803,0.5431477900795504,0.5431477900795503,199.2387707262516,56.599040057557275,14375947.394145152,7093033.740424057,100,0.5382776886224747,1.680900521402383,1.2921492388900178,0.6680303379135718,,90.47912474647872,2.7143737423943612,4.008182192921634,994151.9814973196,0.0,497075.9907486598,0.0
2020-01-05 08:00:00,31.04,-100.0,charge,ok,-100.00000363241371,100.00000363241371,0.0,3104.0001127501214,0.0,-3104.0001127501214,0.5848636714361978,0.5848636714361978,213.0050115739453,60.56204878643878,15369241.789207892,7589680.937955427,100,0.5378133535385131,1.6824123592734863,1.2937924105764995,0.6674540774616659,,90.48238329755154,2.714471498926546,4.004724610238155,993294.3950627407,0.0,496647.19753137033,0.0
2020-01-05 09:00:00,31.09,-100.0,charge,ok,-99.99999636333719,99.99999636333719,0.0,3108.9998869361534,0.0,-3108.9998869361534,0.6265460335698134,0.6265460335698134,226.76019107803845,64.52187318913226,16361738.060024384,8085929.073363673,100,0.5373812139034272,1.683821599140096,1.2953239057622967,0.6669178183914023,,90.48540949427148,2.714562284828144,4.0015067648271,992496.2708164923,0.0,496248.13540824613,0.0
2020-01-05 10:00:00,32.11,0.0,idle,sin_restriccion,0.0,0.0,0.0,0.0,0.0,0.0,0.6265460335698134,0.6265460335698134,226.76019107803845,64.52187318913226,16361738.060024384,8085929.073363673,0,0.0,,,,,0.0,0.0,0.0,0.0,0.0,0.0,0.0
2020-01-05 11:00:00,33.74,0.0,idle,sin_restriccion,0.0,0.0,0.0,0.0,0.0,0.0,0.6265460335698134,0.6265460335698134,226.76019107803845,64.52187318913226,16361738.060024384,8085929.073363673,0,0.0,,,,,0.0,0.0,0.0,0.0,0.0,0.0,0.0
2020-01-05 12:00:00,32.77,0.0,idle,sin_restriccion,0.0,0.0,0.0,0.0,0.0,0.0,0.6265460335698134,0.6265460335698134,226.76019107803845,64.52187318913226,16361738.060024384,8085929.073363673,0,0.0,,,,,0.0,0.0,0.0,0.0,0.0,0.0,0.0
2020-01-05 13:00:00,31.59,0.0,idle,sin_restriccion,0.0,0.0,0.0,0.0,0.0,0.0,0.6265460335698134,0.6265460335698134,226.76019107803845,64.52187318913226,16361738.060024384,8085929.073363673,0,0.0,,,,,0.0,0.0,0.0,0.0,0.0,0.0,0.0
2020-01-05 14:00:00,32.84,-100.0,charge,ok,-99.99999830192314,99.99999830192314,0.0,3283.9999442351564,0.0,-3283.9999442351564,0.6681970582049732,0.6681970582049732,240.50502920764117,68.47872052947244,17353488.155510064,8581804.121106513,100,0.5369772017002105,1.6851413182163322,1.296757946955436,0.6664164054788201,,90.488246952521,2.7146474085756296,3.9984983649753434,991750.0954856797,0.0,495875.04774283984,0.0
2020-01-05 15:00:00,31.76,-100.0,charge,ok,-99.99999126157002,99.99999126157002,0.0,3175.999722467464,0.0,-3175.999722467464,0.7098186566045291,0.7098186566045289,254.24015667949462,72.43277237743024,18344537.584632173,9077328.835667567,100,0.5365978300571442,1.6863822016149759,1.2981062013709064,0.6659456325860852,,90.49090300335855,2.7147270901007565,3.995673446357354,991049.4291221091,0.0,495524.71456105454,0.0
2020-01-05 16:00:00,30.9,-100.0,charge,ok,-100.00000438489202,100.00000438489202,0.0,3090.0001354931633,0.0,-3090.0001354931633,0.7514125326773439,0.7514125326773436,267.9661357835235,76.38419060434764,19334926.919064336,9572523.502883648,100,0.5362404257059097,1.687553185857857,1.2993783583353606,0.6655019879834932,,90.49342387857813,2.714802716357344,3.993012102990221,990389.334432164,0.0,495194.667216082,0.0
2020-01-05 17:00:00,32.84,0.0,idle,sin_restriccion,0.0,0.0,0.0,0.0,0.0,0.0,0.7514125326773439,0.7514125326773436,267.9661357835235,76.38419060434764,19334926.919064336,9572523.502883648,0,0.0,,,,,0.0,0.0,0.0,0.0,0.0,0.0,0.0
2020-01-05 18:00:00,32.01,0.0,idle,sin_restriccion,0.0,0.0,0.0,0.0,0.0,0.0,0.7514125326773439,0.7514125326773436,267.9661357835235,76.38419060434764,19334926.919064336,9572523.502883648,0,0.0,,,,,0.0,0.0,0.0,0.0,0.0,0.0,0.0
2020-01-05 19:00:00,35.74,0.0,idle,sin_restriccion,0.0,0.0,0.0,0.0,0.0,0.0,0.7514125326773439,0.7514125326773436,267.9661357835235,76.38419060434764,19334926.919064336,9572523.502883648,0,0.0,,,,,0.0,0.0,0.0,0.0,0.0,0.0,0.0
2020-01-05 20:00:00,41.84,0.0,idle,sin_restriccion,0.0,0.0,0.0,0.0,0.0,0.0,0.7514125326773439,0.7514125326773436,267.9661357835235,76.38419060434764,19334926.919064336,9572523.502883648,0,0.0,,,,,0.0,0.0,0.0,0.0,0.0,0.0,0.0
2020-01-05 21:00:00,48.33,0.0,idle,sin_restriccion,0.0,0.0,0.0,0.0,0.0,0.0,0.7514125326773439,0.7514125326773436,267.9661357835235,76.38419060434764,19334926.919064336,9572523.502883648,0,0.0,,,,,0.0,0.0,0.0,0.0,0.0,0.0,0.0
2020-01-05 22:00:00,50.34,74.0,discharge,above_max_power,73.80111886982799,0.0,73.80111886982799,0.0,3715.1483239071413,3715.1483239071413,0.6262112750437072,0.6262112750437071,226.6497207644234,64.49007112915216,16353767.144467358,8081943.6155851595,106,1.5,0.4984514393399738,1.3005825530696742,,0.36841242784170203,79.25377885505583,3.1701511542022334,0.0,0.0,2981159.774596979,0.0,1490579.8872984895
2020-01-05 23:00:00,51.16,74.0,discharge,above_max_power,73.23319146892258,0.0,73.23319146892258,0.0,3746.6100755500793,3746.6100755500793,0.5010100174100706,0.5010100174100706,185.3333057453233,52.595951653956696,13372607.36987038,6591363.7282866705,106,1.5,0.49461566781296995,1.2967467815426703,,0.3655773554768178,78.64389118226222,3.145755647290489,0.0,0.0,2981159.774596979,0.0,1490579.8872984895
2020-01-06 00:00:00,46.66,0.0,idle,sin_restriccion,0.0,0.0,0.0,0.0,0.0,0.0,0.5010100174100706,0.5010100174100706,185.3333057453233,52.595951653956696,13372607.36987038,6591363.7282866705,0,0.0,,,,,0.0,0.0,0.0,0.0,0.0,0.0,0.0
2020-01-06 01:00:00,38.21,-100.0,charge,ok,-99.99999643320167,99.99999643320167,0.0,3820.999863712636,0.0,-3820.999863712636,0.5427622578378551,0.542762257837855,199.11154508649219,56.56241449459622,14366767.508635413,7088443.797669187,100,0.5382821053266527,1.680886018673638,1.2921334870766192,0.6680358706720437,,90.47908649457811,2.7143725948373434,4.008215081067309,994160.138765033,0.0,497080.0693825165,0.0
2020-01-06 02:00:00,38.21,-100.0,charge,ok,-99.9999901125232,99.9999901125232,0.0,3820.999622199511,0.0,-3820.999622199511,0.5844784547331808,0.5844784547331808,212.87789006194967,60.52545319965217,15360069.416971046,7585094.751837004,100,0.5378174215555191,1.6823988657767222,1.2937777663365342,0.667459216320088,,90.48234200199666,2.7144702600598998,4.004754901951277,993301.9083356344,0.0,496650.9541678172,0.0
2020-01-06 03:00:00,38.21,-100.0,charge,ok,-99.99999191903136,99.99999191903136,0.0,3820.999691226188,0.0,-3820.999691226188,0.6261611143746932,0.6261611143746932,226.6331677436488,64.48530586559585,16352572.771730553,8081346.429216757,100,0.5373850494623185,1.6838090020402467,1.2953102234382303,0.6669226081580046,,90.4853783846495,2.714561351539485,4.001535325585187,992503.3547595062,0.0,496251.6773797531,0.0
2020-01-06 04:00:00,39.06,0.0,idle,sin_restriccion,0.0,0.0,0.0,0.0,0.0,0.0,0.6261611143746932,0.6261611143746932,226.6331677436488,64.48530586559585,16352572.771730553,8081346.429216757,0,0.0,,,,,0.0,0.0,0.0,0.0,0.0,0.0,0.0
2020-01-06 05:00:00,48.35,0.0,idle,sin_restriccion,0.0,0.0,0.0,0.0,0.0,0.0,0.6261611143746932,0.6261611143746932,226.6331677436488,64.48530586559585,16352572.771730553,8081346.429216757,0,0.0,,,,,0.0,0.0,0.0,0.0,0.0,0.0,0.0
2020-01-06 06:00:00,48.35,0.0,idle,sin_restriccion,0.0,0.0,0.0,0.0,0.0,0.0,0.6261611143746932,0.6261611143746932,226.6331677436488,64.48530586559585,16352572.771730553,8081346.429216757,0,0.0,,,,,0.0,0.0,0.0,0.0,0.0,0.0,0.0
2020-01-06 07:00:00,48.35,0.0,idle,sin_restriccion,0.0,0.0,0.0,0.0,0.0,0.0,0.6261611143746932,0.6261611143746932,226.6331677436488,64.48530586559585,16352572.771730553,8081346.429216757,0,0.0,,,,,0.0,0.0,0.0,0.0,0.0,0.0,0.0
2020-01-06 08:00:00,48.36,0.0,idle,sin_restriccion,0.0,0.0,0.0,0.0,0.0,0.0,0.6261611143746932,0.6261611143746932,226.6331677436488,64.48530586559585,16352572.771730553,8081346.429216757,0,0.0,,,,,0.0,0.0,0.0,0.0,0.0,0.0,0.0
2020-01-06 09:00:00,48.36,0.0,idle,sin_restriccion,0.0,0.0,0.0,0.0,0.0,0.0,0.6261611143746932,0.6261611143746932,226.6331677436488,64.48530586559585,16352572.771730553,8081346.429216757,0,0.0,,,,,0.0,0.0,0.0,0.0,0.0,0.0,0.0
2020-01-06 10:00:00,48.36,0.0,idle,sin_restriccion,0.0,0.0,0.0,0.0,0.0,0.0,0.6261611143746932,0.6261611143746932,226.6331677436488,64.48530586559585,16352572.771730553,8081346.429216757,0,0.0,,,,,0.0,0.0,0.0,0.0,0.0,0.0,0.0
2020-01-06 11:00:00,48.36,0.0,idle,sin_restriccion,0.0,0.0,0.0,0.0,0.0,0.0,0.6261611143746932,0.6261611143746932,226.6331677436488,64.48530586559585,16352572.771730553,8081346.429216757,0,0.0,,,,,0.0,0.0,0.0,0.0,0.0,0.0,0.0
2020-01-06 12:00:00,43.11,0.0,idle,sin_restriccion,0.0,0.0,0.0,0.0,0.0,0.0,0.6261611143746932,0.6261611143746932,226.6331677436488,64.48530586559585,16352572.771730553,8081346.429216757,0,0.0,,,,,0.0,0.0,0.0,0.0,0.0,0.0,0.0
2020-01-06 13:00:00,37.86,-100.0,charge,ok,-99.99999595805042,99.99999595805042,0.0,3785.999846971789,0.0,-3785.999846971789,0.6678124184869682,0.6678124184869682,240.37809810069953,68.44217975626196,17344329.521829367,8577224.804266164,100,0.536980804800987,1.6851294989546473,1.2967451080315104,0.6664208927327951,,90.48821945425503,2.7146465836276508,3.9985251947783915,991756.7500988134,0.0,495878.3750494067,0.0
2020-01-06 14:00:00,37.86,-100.0,charge,ok,-100.0000087842119,100.0000087842119,0.0,3786.0003325702623,0.0,-3786.0003325702623,0.7094342873482483,0.7094342873482481,254.1133148249219,72.39625729808357,18335385.39089967,9072752.738801315,100,0.5366013169288635,1.68637109510611,1.2980941079017527,0.6659498432820357,,90.49089504647084,2.714726851394125,3.9956994106828865,991055.8690703035,0.0,495527.93453515175,0.0
2020-01-06 15:00:00,39.44,-100.0,charge,ok,-100.00000167252352,100.00000167252352,0.0,3944.0000659643274,0.0,-3944.0000659643274,0.7510284113443103,0.7510284113443102,267.8393757436224,76.34769907770945,19325780.628617678,9567950.35766032,100,0.5362436220049857,1.6875426611106041,1.2993669287098095,0.6655059728062492,,90.49339888818824,2.714801966645647,3.9930359036219594,990395.2377180088,0.0,495197.6188590044,0.0
2020-01-06 16:00:00,48.36,0.0,idle,sin_restriccion,0.0,0.0,0.0,0.0,0.0,0.0,0.7510284113443103,0.7510284113443102,267.8393757436224,76.34769907770945,19325780.628617678,9567950.35766032,0,0.0,,,,,0.0,0.0,0.0,0.0,0.0,0.0,0.0
2020-01-06 17:00:00,48.36,0.0,idle,sin_restriccion,0.0,0.0,0.0,0.0,0.0,0.0,0.7510284113443103,0.7510284113443102,267.8393757436224,76.34769907770945,19325780.628617678,9567950.35766032,0,0.0,,,,,0.0,0.0,0.0,0.0,0.0,0.0,0.0
2020-01-06 18:00:00,48.31,0.0,idle,sin_restriccion,0.0,0.0,0.0,0.0,0.0,0.0,0.7510284113443103,0.7510284113443102,267.8393757436224,76.34769907770945,19325780.628617678,9567950.35766032,0,0.0,,,,,0.0,0.0,0.0,0.0,0.0,0.0,0.0
2020-01-06 19:00:00,84.69,0.0,idle,sin_restriccion,0.0,0.0,0.0,0.0,0.0,0.0,0.7510284113443103,0.7510284113443102,267.8393757436224,76.34769907770945,19325780.628617678,9567950.35766032,0,0.0,,,,,0.0,0.0,0.0,0.0,0.0,0.0,0.0
2020-01-06 20:00:00,149.05,74.0,discharge,above_max_power,73.7995146185449,0.0,73.7995146185449,0.0,10999.817653894119,10999.817653894119,0.6258271537106737,0.6258271537106737,226.52296072452236,64.45357960251398,16344620.8540207,8077370.470361831,106,1.5,0.4984406042554471,1.3005717179851475,,0.36840441947923924,79.25205607661609,3.1700822430646434,0.0,0.0,2981159.774596979,0.0,1490579.8872984895
2020-01-06 21:00:00,149.89,74.0,discharge,above_max_power,73.23129354044258,0.0,73.23129354044258,0.0,10976.638588776937,10976.638588776937,0.5006258960770371,0.500625896077037,185.20654570542223,52.55946012731851,13363461.079423722,6586790.583063342,106,1.5,0.4946028492378981,1.2967339629675985,,0.3655678810887611,78.64185302882579,3.1456741211530317,0.0,0.0,2981159.774596979,0.0,1490579.8872984895
2020-01-06 22:00:00,114.85,0.0,idle,sin_restriccion,0.0,0.0,0.0,0.0,0.0,0.0,0.5006258960770371,0.500625896077037,185.20654570542223,52.55946012731851,13363461.079423722,6586790.583063342,0,0.0,,,,,0.0,0.0,0.0,0.0,0.0,0.0,0.0
2020-01-06 23:00:00,83.65,0.0,idle,sin_restriccion,0.0,0.0,0.0,0.0,0.0,0.0,0.5006258960770371,0.500625896077037,185.20654570542223,52.55946012731851,13363461.079423722,6586790.583063342,0,0.0,,,,,0.0,0.0,0.0,0.0,0.0,0.0,0.0
2020-01-07 00:00:00,77.3,0.0,idle,sin_restriccion,0.0,0.0,0.0,0.0,0.0,0.0,0.5006258960770371,0.500625896077037,185.20654570542223,52.55946012731851,13363461.079423722,6586790.583063342,0,0.0,,,,,0.0,0.0,0.0,0.0,0.0,0.0,0.0
2020-01-07 01:00:00,77.3,0.0,idle,sin_restriccion,0.0,0.0,0.0,0.0,0.0,0.0,0.5006258960770371,0.500625896077037,185.20654570542223,52.55946012731851,13363461.079423722,6586790.583063342,0,0.0,,,,,0.0,0.0,0.0,0.0,0.0,0.0,0.0
2020-01-07 02:00:00,77.3,0.0,idle,sin_restriccion,0.0,0.0,0.0,0.0,0.0,0.0,0.5006258960770371,0.500625896077037,185.20654570542223,52.55946012731851,13363461.079423722,6586790.583063342,0,0.0,,,,,0.0,0.0,0.0,0.0,0.0,0.0,0.0
2020-01-07 03:00:00,64.26,0.0,idle,sin_restriccion,0.0,0.0,0.0,0.0,0.0,0.0,0.5006258960770371,0.500625896077037,185.20654570542223,52.55946012731851,13363461.079423722,6586790.583063342,0,0.0,,,,,0.0,0.0,0.0,0.0,0.0,0.0,0.0
2020-01-07 04:00:00,62.54,0.0,idle,sin_restriccion,0.0,0.0,0.0,0.0,0.0,0.0,0.5006258960770371,0.500625896077037,185.20654570542223,52.55946012731851,13363461.079423722,6586790.583063342,0,0.0,,,,,0.0,0.0,0.0,0.0,0.0,0.0,0.0
2020-01-07 05:00:00,45.84,0.0,idle,sin_restriccion,0.0,0.0,0.0,0.0,0.0,0.0,0.5006258960770371,0.500625896077037,185.20654570542223,52.55946012731851,13363461.079423722,6586790.583063342,0,0.0,,,,,0.0,0.0,0.0,0.0,0.0,0.0,0.0
2020-01-07 06:00:00,38.96,0.0,idle,sin_restriccion,0.0,0.0,0.0,0.0,0.0,0.0,0.5006258960770371,0.500625896077037,185.20654570542223,52.55946012731851,13363461.079423722,6586790.583063342,0,0.0,,,,,0.0,0.0,0.0,0.0,0.0,0.0,0.0
2020-01-07 07:00:00,38.96,0.0,idle,sin_restriccion,0.0,0.0,0.0,0.0,0.0,0.0,0.5006258960770371,0.500625896077037,185.20654570542223,52.55946012731851,13363461.079423722,6586790.583063342,0,0.0,,,,,0.0,0.0,0.0,0.0,0.0,0.0,0.0
2020-01-07 08:00:00,36.2,-100.0,charge,ok,-99.99999219582206,99.99999219582206,0.0,3619.999717488759,0.0,-3619.999717488759,0.5423784790896723,0.5423784790896723,198.98489809959187,56.52595551351885,14357629.375456467,7083874.731079714,100,0.5382865220308304,1.6808715767166427,1.29211779603776,0.6680413803373019,,90.47905150112797,2.714371545033839,4.008247969212983,994168.2960327457,0.0,497084.14801637287,0.0
2020-01-07 09:00:00,35.2,-100.0,charge,ok,-100.00000333554254,100.00000333554254,0.0,3520.000117411098,0.0,-3520.000117411098,0.5840950005390673,0.5840950005390673,212.75135017789222,60.48902505121138,15350939.011729935,7580529.549216448,100,0.5378216058015823,1.682385462423114,1.2937631793638213,0.6674643209267631,,90.48232509776368,2.71446975293291,4.004786059141917,993309.636273468,0.0,496654.818136734,0.0
2020-01-07 10:00:00,35.63,-100.0,charge,ok,-99.9999905687508,99.9999905687508,0.0,3562.9996639645915,0.0,-3562.9996639645915,0.6257779576884763,0.6257779576884763,226.5067260371972,64.44890598040524,16343449.450432455,8076784.768567708,100,0.5373888850212099,1.683796459388907,1.2952965955647853,0.6669273772901284,,90.48535019136654,2.714560505740996,4.0015638863432725,992510.4387025203,0.0,496255.21935126017,0.0
2020-01-07 11:00:00,43.87,0.0,idle,sin_restriccion,0.0,0.0,0.0,0.0,0.0,0.0,0.6257779576884763,0.6257779576884763,226.5067260371972,64.44890598040524,16343449.450432455,8076784.768567708,0,0.0,,,,,0.0,0.0,0.0,0.0,0.0,0.0,0.0
2020-01-07 12:00:00,48.45,0.0,idle,sin_restriccion,0.0,0.0,0.0,0.0,0.0,0.0,0.6257779576884763,0.6257779576884763,226.5067260371972,64.44890598040524,16343449.450432455,8076784.768567708,0,0.0,,,,,0.0,0.0,0.0,0.0,0.0,0.0,0.0
2020-01-07 13:00:00,48.45,0.0,idle,sin_restriccion,0.0,0.0,0.0,0.0,0.0,0.0,0.6257779576884763,0.6257779576884763,226.5067260371972,64.44890598040524,16343449.450432455,8076784.768567708,0,0.0,,,,,0.0,0.0,0.0,0.0,0.0,0.0,0.0
2020-01-07 14:00:00,48.45,0.0,idle,sin_restriccion,0.0,0.0,0.0,0.0,0.0,0.0,0.6257779576884763,0.6257779576884763,226.5067260371972,64.44890598040524,16343449.450432455,8076784.768567708,0,0.0,,,,,0.0,0.0,0.0,0.0,0.0,0.0,0.0
2020-01-07 15:00:00,48.45,0.0,idle,sin_restriccion,0.0,0.0,0.0,0.0,0.0,0.0,0.6257779576884763,0.6257779576884763,226.5067260371972,64.44890598040524,16343449.450432455,8076784.768567708,0,0.0,,,,,0.0,0.0,0.0,0.0,0.0,0.0,0.0
2020-01-07 16:00:00,40.01,-100.0,charge,ok,-99.99999654534598,99.99999654534598,0.0,4000.9998617792926,0.0,-4000.9998617792926,0.6674295412778665,0.6674295412778664,240.25174862169592,68.40580642139729,17335212.855144404,8572666.470923683,100,0.5369844079017638,1.6851177313025032,1.296732320718992,0.6664253604529312,,90.48819471882382,2.7146458415647143,3.9985520245814445,991763.4047119484,0.0,495881.7023559742,0.0
2020-01-07 17:00:00,36.39,-100.0,charge,ok,-100.00000555781547,100.00000555781547,0.0,3639.000202248905,0.0,-3639.000202248905,0.70905167158548,0.7090516715854798,253.9870516232084,72.35990880062057,18326274.94949796,9068197.518100461,100,0.5366046875715256,1.6863600047446476,1.298082063480343,0.6659540479093198,,90.4908683479118,2.714726050437354,3.9957245095309015,991062.0943535583,0.0,495531.04717677913,0.0
2020-01-07 18:00:00,34.72,-100.0,charge,ok,-100.00000159581843,100.00000159581843,0.0,3472.000055406816,0.0,-3472.000055406816,0.7506460435047894,0.7506460435047893,267.7131943565805,76.31137413295497,19316676.090501815,9563398.088602388,100,0.5362468183040618,1.6875321828163705,1.2993555455387509,0.6655099400886195,,90.49337638209872,2.7148012914629613,3.993059704253698,990401.1410038541,0.0,495200.57050192705,0.0
2020-01-07 19:00:00,40.44,0.0,idle,sin_restriccion,0.0,0.0,0.0,0.0,0.0,0.0,0.7506460435047894,0.7506460435047893,267.7131943565805,76.31137413295497,19316676.090501815,9563398.088602388,0,0.0,,,,,0.0,0.0,0.0,0.0,0.0,0.0,0.0
2020-01-07 20:00:00,67.54,0.0,idle,sin_restriccion,0.0,0.0,0.0,0.0,0.0,0.0,0.7506460435047894,0.7506460435047893,267.7131943565805,76.31137413295497,19316676.090501815,9563398.088602388,0,0.0,,,,,0.0,0.0,0.0,0.0,0.0,0.0,0.0
2020-01-07 21:00:00,82.43,74.0,discharge,above_max_power,73.79791693384341,0.0,73.79791693384341,0.0,6083.162292856713,6083.162292856713,0.6254447858711527,0.6254447858711527,226.3967793374804,64.41725465775949,16335516.315904837,8072818.201303899,106,1.5,0.4984298135214954,1.3005609272511958,,0.3683964438969064,79.25034034991776,3.1700136139967108,0.0,0.0,2981159.774596979,0.0,1490579.8872984895
2020-01-07 22:00:00,82.43,0.0,idle,sin_restriccion,0.0,0.0,0.0,0.0,0.0,0.0,0.6254447858711527,0.6254447858711527,226.3967793374804,64.41725465775949,16335516.315904837,8072818.201303899,0,0.0,,,,,0.0,0.0,0.0,0.0,0.0,0.0,0.0
2020-01-07 23:00:00,87.28,74.0,discharge,above_max_power,73.22940321664377,0.0,73.22940321664377,0.0,6391.462312748668,6391.462312748668,0.5002435282375162,0.500243528237516,185.0803643183803,52.523135182564026,13354356.54130786,6582238.31400541,106,1.5,0.4945900820247072,1.2967211957544076,,0.36555844466298887,78.63982304192845,3.1455929216771383,0.0,0.0,2981159.774596979,0.0,1490579.8872984895
2020-01-08 00:00:00,76.87,0.0,idle,sin_restriccion,0.0,0.0,0.0,0.0,0.0,0.0,0.5002435282375162,0.500243528237516,185.0803643183803,52.523135182564026,13354356.54130786,6582238.31400541,0,0.0,,,,,0.0,0.0,0.0,0.0,0.0,0.0,0.0
2020-01-08 01:00:00,52.86,0.0,idle,sin_restriccion,0.0,0.0,0.0,0.0,0.0,0.0,0.5002435282375162,0.500243528237516,185.0803643183803,52.523135182564026,13354356.54130786,6582238.31400541,0,0.0,,,,,0.0,0.0,0.0,0.0,0.0,0.0,0.0
2020-01-08 02:00:00,38.96,0.0,idle,sin_restriccion,0.0,0.0,0.0,0.0,0.0,0.0,0.5002435282375162,0.500243528237516,185.0803643183803,52.523135182564026,13354356.54130786,6582238.31400541,0,0.0,,,,,0.0,0.0,0.0,0.0,0.0,0.0,0.0
2020-01-08 03:00:00,38.93,0.0,idle,sin_restriccion,0.0,0.0,0.0,0.0,0.0,0.0,0.5002435282375162,0.500243528237516,185.0803643183803,52.523135182564026,13354356.54130786,6582238.31400541,0,0.0,,,,,0.0,0.0,0.0,0.0,0.0,0.0,0.0
2020-01-08 04:00:00,38.47,0.0,idle,sin_restriccion,0.0,0.0,0.0,0.0,0.0,0.0,0.5002435282375162,0.500243528237516,185.0803643183803,52.523135182564026,13354356.54130786,6582238.31400541,0,0.0,,,,,0.0,0.0,0.0,0.0,0.0,0.0,0.0
2020-01-08 05:00:00,38.47,0.0,idle,sin_restriccion,0.0,0.0,0.0,0.0,0.0,0.0,0.5002435282375162,0.500243528237516,185.0803643183803,52.523135182564026,13354356.54130786,6582238.31400541,0,0.0,,,,,0.0,0.0,0.0,0.0,0.0,0.0,0.0
2020-01-08 06:00:00,38.9,0.0,idle,sin_restriccion,0.0,0.0,0.0,0.0,0.0,0.0,0.5002435282375162,0.500243528237516,185.0803643183803,52.523135182564026,13354356.54130786,6582238.31400541,0,0.0,,,,,0.0,0.0,0.0,0.0,0.0,0.0,0.0
2020-01-08 07:00:00,38.96,0.0,idle,sin_restriccion,0.0,0.0,0.0,0.0,0.0,0.0,0.5002435282375162,0.500243528237516,185.0803643183803,52.523135182564026,13354356.54130786,6582238.31400541,0,0.0,,,,,0.0,0.0,0.0,0.0,0.0,0.0,0.0
2020-01-08 08:00:00,35.32,0.0,idle,sin_restriccion,0.0,0.0,0.0,0.0,0.0,0.0,0.5002435282375162,0.500243528237516,185.0803643183803,52.523135182564026,13354356.54130786,6582238.31400541,0,0.0,,,,,0.0,0.0,0.0,0.0,0.0,0.0,0.0
2020-01-08 09:00:00,32.28,0.0,idle,sin_restriccion,0.0,0.0,0.0,0.0,0.0,0.0,0.5002435282375162,0.500243528237516,185.0803643183803,52.523135182564026,13354356.54130786,6582238.31400541,0,0.0,,,,,0.0,0.0,0.0,0.0,0.0,0.0,0.0
2020-01-08 10:00:00,35.4,0.0,idle,sin_restriccion,0.0,0.0,0.0,0.0,0.0,0.0,0.5002435282375162,0.500243528237516,185.0803643183803,52.523135182564026,13354356.54130786,6582238.31400541,0,0.0,,,,,0.0,0.0,0.0,0.0,0.0,0.0,0.0
2020-01-08 11:00:00,43.52,0.0,idle,sin_restriccion,0.0,0.0,0.0,0.0,0.0,0.0,0.5002435282375162,0.500243528237516,185.0803643183803,52.523135182564026,13354356.54130786,6582238.31400541,0,0.0,,,,,0.0,0.0,0.0,0.0,0.0,0.0,0.0
2020-01-08 12:00:00,47.18,0.0,idle,sin_restriccion,0.0,0.0,0.0,0.0,0.0,0.0,0.5002435282375162,0.500243528237516,185.0803643183803,52.523135182564026,13354356.54130786,6582238.31400541,0,0.0,,,,,0.0,0.0,0.0,0.0,0.0,0.0,0.0
2020-01-08 13:00:00,34.52,0.0,idle,sin_restriccion,0.0,0.0,0.0,0.0,0.0,0.0,0.5002435282375162,0.500243528237516,185.0803643183803,52.523135182564026,13354356.54130786,6582238.31400541,0,0.0,,,,,0.0,0.0,0.0,0.0,0.0,0.0,0.0
2020-01-08 14:00:00,33.03,-100.0,charge,ok,-99.99999142309862,99.99999142309862,0.0,3302.9997167049473,0.0,-3302.9997167049473,0.5419964538350022,0.5419964538350022,198.85882976555075,56.4896631143252,14348532.994608318,7079326.54065564,100,0.5382909387350083,1.680857195664299,1.2921021659063419,0.6680468668574975,,90.47901977336291,2.7143705932008872,4.00828085735866,994176.4533004593,0.0,497088.22665022966,0.0
2020-01-08 15:00:00,33.03,-100.0,charge,ok,-99.99999633383996,99.99999633383996,0.0,3302.999878906734,0.0,-3302.999878906734,0.5837132908230755,0.5837132908230754,212.62538597161497,60.452762628192154,15341850.14415468,7575985.115428821,100,0.5378256738185884,1.6823720835719174,1.2937486497742334,0.6674694162796703,,90.48228994606488,2.714468698381946,4.004816350855039,993317.1495463619,0.0,496658.57477318094,0.0
2020-01-08 16:00:00,33.03,-100.0,charge,ok,-99.99999228183769,99.99999228183769,0.0,3302.999745069099,0.0,-3302.999745069099,0.6253965454803814,0.6253965454803814,226.38086000852587,64.41267182063622,16334367.666800216,8072243.876751589,100,0.537392720580101,1.6837839706471827,1.295283021603067,0.666932125991797,,90.48532488552544,2.7145597465657634,4.001592447101358,992517.5226455341,0.0,496258.76132276707,0.0
2020-01-08 17:00:00,33.03,-100.0,charge,ok,-100.00000003473319,100.00000003473319,0.0,3303.0000011472375,0.0,-3303.0000011472375,0.6670484085468866,0.6670484085468866,240.1259748204726,68.3695988119542,17326137.7261253,8568128.90641413,100,0.5369880110025405,1.6851060147484827,1.2967195845064639,0.6664298088326102,,90.48817271882055,2.714645181564616,3.998578854384496,991770.0593250827,0.0,495885.02966254135,0.0
2020-01-08 18:00:00,31.06,-100.0,charge,ok,-100.00000508799258,100.00000508799258,0.0,3106.0001580330495,0.0,-3106.0001580330495,0.7086708003008338,0.7086708003008336,253.86136409927514,72.32372602857919,18317206.045762114,9063663.066232538,100,0.5366080582141876,1.6863489629427075,1.2980700676200918,0.665958234179247,,90.49084424761952,2.7147253274285856,3.995749608378916,991068.3196368128,0.0,495534.1598184064,0.0
2020-01-08 19:00:00,32.31,-100.0,charge,ok,-99.99999237045694,99.99999237045694,0.0,3230.9997534894637,0.0,-3230.9997534894637,0.750265415635695,0.7502654156356948,267.5875871597794,76.27521448539099,19307612.982719343,9558866.534711152,100,0.5362499564886092,1.6875217343268663,1.299344208626161,0.6655138961334488,,90.49334566063644,2.714800369819093,3.9930830721466775,990406.936957229,0.0,495203.4684786145,0.0
2020-01-08 20:00:00,46.36,0.0,idle,sin_restriccion,0.0,0.0,0.0,0.0,0.0,0.0,0.750265415635695,0.7502654156356948,267.5875871597794,76.27521448539099,19307612.982719343,9558866.534711152,0,0.0,,,,,0.0,0.0,0.0,0.0,0.0,0.0,0.0
2020-01-08 21:00:00,64.99,0.0,idle,sin_restriccion,0.0,0.0,0.0,0.0,0.0,0.0,0.750265415635695,0.7502654156356948,267.5875871597794,76.27521448539099,19307612.982719343,9558866.534711152,0,0.0,,,,,0.0,0.0,0.0,0.0,0.0,0.0,0.0
2020-01-08 22:00:00,87.38,74.0,discharge,above_max_power,73.79632576885662,0.0,73.79632576885662,0.0,6448.322945682691,6448.322945682691,0.6250641580020584,0.6250641580020583,226.2711721406793,64.38109501019554,16326453.208122365,8068286.647412663,106,1.5,0.4984190668215801,1.3005501805512805,,0.36838850086074576,79.24863162463124,3.16994526498525,0.0,0.0,2981159.774596979,0.0,1490579.8872984895
2020-01-08 23:00:00,89.36,74.0,discharge,above_max_power,73.22752044398034,0.0,73.22752044398034,0.0,6543.611226874083,6543.611226874083,0.4998629003684218,0.49986290036842174,184.9547571215792,52.48697553500005,13345293.433525387,6577706.760114174,106,1.5,0.49457736581174994,1.2967084795414503,,0.3655490459322022,78.63780116406824,3.1455120465627293,0.0,0.0,2981159.774596979,0.0,1490579.8872984895
2020-01-09 00:00:00,54.72,0.0,idle,sin_restriccion,0.0,0.0,0.0,0.0,0.0,0.0,0.4998629003684218,0.49986290036842174,184.9547571215792,52.48697553500005,13345293.433525387,6577706.760114174,0,0.0,,,,,0.0,0.0,0.0,0.0,0.0,0.0,0.0
2020-01-09 01:00:00,36.65,0.0,idle,sin_restriccion,0.0,0.0,0.0,0.0,0.0,0.0,0.4998629003684218,0.49986290036842174,184.9547571215792,52.48697553500005,13345293.433525387,6577706.760114174,0,0.0,,,,,0.0,0.0,0.0,0.0,0.0,0.0,0.0
2020-01-09 02:00:00,34.49,0.0,idle,sin_restriccion,0.0,0.0,0.0,0.0,0.0,0.0,0.4998629003684218,0.49986290036842174,184.9547571215792,52.48697553500005,13345293.433525387,6577706.760114174,0,0.0,,,,,0.0,0.0,0.0,0.0,0.0,0.0,0.0
2020-01-09 03:00:00,34.49,0.0,idle,sin_restriccion,0.0,0.0,0.0,0.0,0.0,0.0,0.4998629003684218,0.49986290036842174,184.9547571215792,52.48697553500005,13345293.433525387,6577706.760114174,0,0.0,,,,,0.0,0.0,0.0,0.0,0.0,0.0,0.0
2020-01-09 04:00:00,35.12,0.0,idle,sin_restriccion,0.0,0.0,0.0,0.0,0.0,0.0,0.4998629003684218,0.49986290036842174,184.9547571215792,52.48697553500005,13345293.433525387,6577706.760114174,0,0.0,,,,,0.0,0.0,0.0,0.0,0.0,0.0,0.0
2020-01-09 05:00:00,36.84,0.0,idle,sin_restriccion,0.0,0.0,0.0,0.0,0.0,0.0,0.4998629003684218,0.49986290036842174,184.9547571215792,52.48697553500005,13345293.433525387,6577706.760114174,0,0.0,,,,,0.0,0.0,0.0,0.0,0.0,0.0,0.0
2020-01-09 06:00:00,61.97,74.0,discharge,above_max_power,72.54320070806114,0.0,72.54320070806114,0.0,4495.502147878548,4495.502147878548,0.3746616427347852,0.37466164273478514,143.63834210247913,40.59285605980458,10364133.65892841,5087126.872815685,106,1.5,0.48995548253191334,1.2920865962616137,,0.3621329473798935,77.90292172257423,3.1161168689029695,0.0,0.0,2981159.774596979,0.0,1490579.8872984895
2020-01-09 07:00:00,72.2,74.0,discharge,above_max_power,71.68417142734835,0.0,71.68417142734835,0.0,5175.597177054551,5175.597177054551,0.24946038510114865,0.24946038510114849,102.32192708337902,28.6987365846091,7382973.88433143,3596546.985517196,106,1.5,0.48415361410547797,1.2862847278351783,,0.35784470530794443,76.980424642771,3.07921698571084,0.0,0.0,2981159.774596979,0.0,1490579.8872984895
2020-01-09 08:00:00,35.55,0.0,idle,sin_restriccion,0.0,0.0,0.0,0.0,0.0,0.0,0.24946038510114865,0.24946038510114849,102.32192708337902,28.6987365846091,7382973.88433143,3596546.985517196,0,0.0,,,,,0.0,0.0,0.0,0.0,0.0,0.0,0.0
2020-01-09 09:00:00,33.9,0.0,idle,sin_restriccion,0.0,0.0,0.0,0.0,0.0,0.0,0.24946038510114865,0.24946038510114849,102.32192708337902,28.6987365846091,7382973.88433143,3596546.985517196,0,0.0,,,,,0.0,0.0,0.0,0.0,0.0,0.0,0.0
2020-01-09 10:00:00,34.27,0.0,idle,sin_restriccion,0.0,0.0,0.0,0.0,0.0,0.0,0.24946038510114865,0.24946038510114849,102.32192708337902,28.6987365846091,7382973.88433143,3596546.985517196,0,0.0,,,,,0.0,0.0,0.0,0.0,0.0,0.0,0.0
2020-01-09 11:00:00,34.27,0.0,idle,sin_restriccion,0.0,0.0,0.0,0.0,0.0,0.0,0.24946038510114865,0.24946038510114849,102.32192708337902,28.6987365846091,7382973.88433143,3596546.985517196,0,0.0,,,,,0.0,0.0,0.0,0.0,0.0,0.0,0.0
2020-01-09 12:00:00,34.33,0.0,idle,sin_restriccion,0.0,0.0,0.0,0.0,0.0,0.0,0.24946038510114865,0.24946038510114849,102.32192708337902,28.6987365846091,7382973.88433143,3596546.985517196,0,0.0,,,,,0.0,0.0,0.0,0.0,0.0,0.0,0.0
2020-01-09 13:00:00,33.9,-100.0,charge,ok,-99.999990689729,99.999990689729,0.0,3389.999684381813,0.0,-3389.999684381813,0.29151401905910446,0.29151401905910435,116.19962628950447,32.69383181061491,8384310.486699568,4097215.286701265,100,0.5421677589416504,1.6683361827238845,1.2784858275120614,0.6728582059722158,,90.45180893486763,2.7135542680460287,4.037148859963761,1001336.6023681373,0.0,500668.30118406867,0.0
2020-01-09 14:00:00,33.23,-100.0,charge,ok,-99.99999868124155,99.99999868124155,0.0,3322.9999561776563,0.0,-3322.9999561776563,0.33350267909549214,0.333502679095492,130.0558841015124,36.68275451407174,9384099.998846427,4597110.042774694,100,0.5413300961256027,1.671026539984743,1.2814126709569447,0.6718185694418669,,90.45769575183742,2.7137308725551224,4.030911363493217,999789.5121468584,0.0,499894.7560734292,0.0
2020-01-09 15:00:00,34.27,-100.0,charge,ok,-100.00000106663563,100.00000106663563,0.0,3427.0000365536034,0.0,-3427.0000365536034,0.37543399673863237,0.37543399673863226,143.8932189237487,40.666229690170056,10382524.134643562,5096322.110673262,100,0.5405908212065695,1.6734077454349547,1.2840026683494354,0.6709010751341737,,90.46288673181164,2.713886601954349,4.025406493741462,998424.1357971363,0.0,499212.0678985682,0.0
2020-01-09 16:00:00,34.23,0.0,idle,sin_restriccion,0.0,0.0,0.0,0.0,0.0,0.0,0.37543399673863237,0.37543399673863226,143.8932189237487,40.666229690170056,10382524.134643562,5096322.110673262,0,0.0,,,,,0.0,0.0,0.0,0.0,0.0,0.0,0.0
2020-01-09 17:00:00,32.95,-100.0,charge,ok,-100.00000374725053,100.00000374725053,0.0,3295.000123471905,0.0,-3295.000123471905,0.41731401230036785,0.4173140123003678,157.71362405912143,44.644831168534935,11379726.719600655,5594923.403151808,100,0.5399294197559356,1.6755436564700739,1.2863254432829443,0.6700802238781839,,90.46753142136255,2.7140259426408764,4.020481493926612,997202.5849570938,0.0,498601.2924785469,0.0
2020-01-09 18:00:00,30.93,-100.0,charge,ok,-100.0000002071176,100.0000002071176,0.0,3093.0000064061473,0.0,-3093.0000064061473,0.45914762113790863,0.4591476211379085,171.51871497550988,48.6190240081013,12375824.316780029,6092972.201741495,100,0.539331130683422,1.6774801626489109,1.2884310359152198,0.6693377400143353,,90.47172728204477,2.714151818461343,4.016026448403909,996097.5971793731,0.0,498048.7985896866,0.0
2020-01-09 19:00:00,33.65,-100.0,charge,ok,-100.00000068029749,100.00000068029749,0.0,3365.0000228920103,0.0,-3365.0000228920103,0.5009388756694236,0.5009388756694235,185.30982897090982,52.58919318859523,13370913.41807213,6590516.752387546,100,0.5387850865721703,1.6792513840851098,1.2903566229915024,0.6686600679553628,,90.47556023507325,2.7142668070521974,4.011960435025443,995089.1012921015,0.0,497544.5506460508,0.0
2020-01-09 20:00:00,36.41,0.0,idle,sin_restriccion,0.0,0.0,0.0,0.0,0.0,0.0,0.5009388756694236,0.5009388756694235,185.30982897090982,52.58919318859523,13370913.41807213,6590516.752387546,0,0.0,,,,,0.0,0.0,0.0,0.0,0.0,0.0,0.0
2020-01-09 21:00:00,36.41,0.0,idle,sin_restriccion,0.0,0.0,0.0,0.0,0.0,0.0,0.5009388756694236,0.5009388756694235,185.30982897090982,52.58919318859523,13370913.41807213,6590516.752387546,0,0.0,,,,,0.0,0.0,0.0,0.0,0.0,0.0,0.0
2020-01-09 22:00:00,36.41,0.0,idle,sin_restriccion,0.0,0.0,0.0,0.0,0.0,0.0,0.5009388756694236,0.5009388756694235,185.30982897090982,52.58919318859523,13370913.41807213,6590516.752387546,0,0.0,,,,,0.0,0.0,0.0,0.0,0.0,0.0,0.0
2020-01-09 23:00:00,38.42,0.0,idle,sin_restriccion,0.0,0.0,0.0,0.0,0.0,0.0,0.5009388756694236,0.5009388756694235,185.30982897090982,52.58919318859523,13370913.41807213,6590516.752387546,0,0.0,,,,,0.0,0.0,0.0,0.0,0.0,0.0,0.0
2020-01-10 00:00:00,33.3,0.0,idle,sin_restriccion,0.0,0.0,0.0,0.0,0.0,0.0,0.5009388756694236,0.5009388756694235,185.30982897090982,52.58919318859523,13370913.41807213,6590516.752387546,0,0.0,,,,,0.0,0.0,0.0,0.0,0.0,0.0,0.0
2020-01-10 01:00:00,32.76,0.0,idle,sin_restriccion,0.0,0.0,0.0,0.0,0.0,0.0,0.5009388756694236,0.5009388756694235,185.30982897090982,52.58919318859523,13370913.41807213,6590516.752387546,0,0.0,,,,,0.0,0.0,0.0,0.0,0.0,0.0,0.0
2020-01-10 02:00:00,32.9,0.0,idle,sin_restriccion,0.0,0.0,0.0,0.0,0.0,0.0,0.5009388756694236,0.5009388756694235,185.30982897090982,52.58919318859523,13370913.41807213,6590516.752387546,0,0.0,,,,,0.0,0.0,0.0,0.0,0.0,0.0,0.0
2020-01-10 03:00:00,33.62,0.0,idle,sin_restriccion,0.0,0.0,0.0,0.0,0.0,0.0,0.5009388756694236,0.5009388756694235,185.30982897090982,52.58919318859523,13370913.41807213,6590516.752387546,0,0.0,,,,,0.0,0.0,0.0,0.0,0.0,0.0,0.0
2020-01-10 04:00:00,35.87,0.0,idle,sin_restriccion,0.0,0.0,0.0,0.0,0.0,0.0,0.5009388756694236,0.5009388756694235,185.30982897090982,52.58919318859523,13370913.41807213,6590516.752387546,0,0.0,,,,,0.0,0.0,0.0,0.0,0.0,0.0,0.0
2020-01-10 05:00:00,35.87,0.0,idle,sin_restriccion,0.0,0.0,0.0,0.0,0.0,0.0,0.5009388756694236,0.5009388756694235,185.30982897090982,52.58919318859523,13370913.41807213,6590516.752387546,0,0.0,,,,,0.0,0.0,0.0,0.0,0.0,0.0,0.0
2020-01-10 06:00:00,36.18,0.0,idle,sin_restriccion,0.0,0.0,0.0,0.0,0.0,0.0,0.5009388756694236,0.5009388756694235,185.30982897090982,52.58919318859523,13370913.41807213,6590516.752387546,0,0.0,,,,,0.0,0.0,0.0,0.0,0.0,0.0,0.0
2020-01-10 07:00:00,36.81,0.0,idle,sin_restriccion,0.0,0.0,0.0,0.0,0.0,0.0,0.5009388756694236,0.5009388756694235,185.30982897090982,52.58919318859523,13370913.41807213,6590516.752387546,0,0.0,,,,,0.0,0.0,0.0,0.0,0.0,0.0,0.0
2020-01-10 08:00:00,32.46,-100.0,charge,ok,-99.9999948077257,99.9999948077257,0.0,3245.999831458776,0.0,-3245.999831458776,0.5426911792049438,0.5426911792049437,199.08808913763147,56.55566202446965,14365075.059491742,7087597.573097352,100,0.5382829189300538,1.6808833435004338,1.2921305818091777,0.6680368912546298,,90.47907925203216,2.7143723775609647,4.008221139409932,994161.6414196114,0.0,497080.8207098057,0.0
2020-01-10 09:00:00,31.83,-100.0,charge,ok,-100.00000041291861,100.00000041291861,0.0,3183.0000131431993,0.0,-3183.0000131431993,0.5844074392080053,0.5844074392080052,212.85445493864174,60.518706724760484,15358378.470481956,7584249.278592459,100,0.5378182351589204,1.682396395014324,1.2937750654257802,0.6674601572929164,,90.48234600043335,2.7144703800130006,4.004760960293902,993303.4109902133,0.0,496651.70549510664,0.0
2020-01-10 10:00:00,32.58,-100.0,charge,ok,-100.00000083388574,100.00000083388574,0.0,3258.000027167997,0.0,-3258.000027167997,0.626090157449558,0.6260901574495579,226.60975195835417,64.47856495770799,16350883.220563572,8080501.653633267,100,0.537385804951191,1.683806692534811,1.2953077001767583,0.6669234863034622,,90.48538148500221,2.7145614445500663,4.001540951189052,992504.7500816152,0.0,496252.3750408076,0.0
2020-01-10 11:00:00,33.09,0.0,idle,sin_restriccion,0.0,0.0,0.0,0.0,0.0,0.0,0.626090157449558,0.6260901574495579,226.60975195835417,64.47856495770799,16350883.220563572,8080501.653633267,0,0.0,,,,,0.0,0.0,0.0,0.0,0.0,0.0,0.0
2020-01-10 12:00:00,33.2,0.0,idle,sin_restriccion,0.0,0.0,0.0,0.0,0.0,0.0,0.626090157449558,0.6260901574495579,226.60975195835417,64.47856495770799,16350883.220563572,8080501.653633267,0,0.0,,,,,0.0,0.0,0.0,0.0,0.0,0.0,0.0
2020-01-10 13:00:00,33.12,0.0,idle,sin_restriccion,0.0,0.0,0.0,0.0,0.0,0.0,0.626090157449558,0.6260901574495579,226.60975195835417,64.47856495770799,16350883.220563572,8080501.653633267,0,0.0,,,,,0.0,0.0,0.0,0.0,0.0,0.0,0.0
2020-01-10 14:00:00,33.03,0.0,idle,sin_restriccion,0.0,0.0,0.0,0.0,0.0,0.0,0.626090157449558,0.6260901574495579,226.60975195835417,64.47856495770799,16350883.220563572,8080501.653633267,0,0.0,,,,,0.0,0.0,0.0,0.0,0.0,0.0,0.0
2020-01-10 15:00:00,33.03,0.0,idle,sin_restriccion,0.0,0.0,0.0,0.0,0.0,0.0,0.626090157449558,0.6260901574495579,226.60975195835417,64.47856495770799,16350883.220563572,8080501.653633267,0,0.0,,,,,0.0,0.0,0.0,0.0,0.0,0.0,0.0
2020-01-10 16:00:00,33.03,-100.0,charge,ok,-100.00000219197175,100.00000219197175,0.0,3303.000072400827,0.0,-3303.000072400827,0.6677415156541777,0.6677415156541777,240.35470016587868,68.43544398714687,17342641.258652024,8576380.672677493,100,0.536981502175331,1.6851273287618596,1.296742740484956,0.666421716666141,,90.48822043552462,2.7146466130657387,3.9985303876435005,991758.0380884528,0.0,495879.0190442264,0.0
2020-01-10 17:00:00,32.75,-100.0,charge,ok,-99.99999949930152,99.99999949930152,0.0,3274.9999836021248,0.0,-3274.9999836021248,0.7093634295924118,0.7093634295924117,254.08993176549592,72.38952581127911,18333698.201047026,9071909.143874994,100,0.53660189807415,1.6863690296415361,1.2980918779439676,0.6659506263461505,,90.4908822159111,2.714726466477333,3.9957037380704756,991056.9423950027,0.0,495528.47119750135,0.0
2020-01-10 18:00:00,31.69,-100.0,charge,ok,-99.99999949793045,99.99999949793045,0.0,3168.999984089416,0.0,-3168.999984089416,0.750957598665428,0.7509575986654278,267.8160075595912,76.34097187321564,19324094.512089733,9567107.299396347,100,0.5362442031502722,1.6875407179786266,1.2993648210546633,0.6655067085095645,,90.49339275960867,2.71480178278826,3.9930402310095476,990396.311042708,0.0,495198.155521354,0.0
2020-01-10 19:00:00,35.14,0.0,idle,sin_restriccion,0.0,0.0,0.0,0.0,0.0,0.0,0.750957598665428,0.7509575986654278,267.8160075595912,76.34097187321564,19324094.512089733,9567107.299396347,0,0.0,,,,,0.0,0.0,0.0,0.0,0.0,0.0,0.0
2020-01-10 20:00:00,36.94,74.0,discharge,above_max_power,73.79921879203332,0.0,73.79921879203332,0.0,2726.1431421777106,2726.1431421777106,0.6257563410317913,0.6257563410317912,226.4995925404911,64.44685239802016,16342934.737492755,8076527.412097858,106,1.5,0.49843860624846903,1.3005697199781694,,0.36840294272434687,79.25173839350657,3.170069535740263,0.0,0.0,2981159.774596979,0.0,1490579.8872984895
2020-01-10 21:00:00,37.41,74.0,discharge,above_max_power,73.23094354136892,0.0,73.23094354136892,0.0,2739.569597882611,2739.569597882611,0.5005550833981548,0.5005550833981547,185.1831775213911,52.55273292282469,13361774.962895777,6585947.524799369,106,1.5,0.4946004853504028,1.2967315990801032,,0.36556613390646303,78.64147717071404,3.145659086828562,0.0,0.0,2981159.774596979,0.0,1490579.8872984895
2020-01-10 22:00:00,35.75,0.0,idle,sin_restriccion,0.0,0.0,0.0,0.0,0.0,0.0,0.5005550833981548,0.5005550833981547,185.1831775213911,52.55273292282469,13361774.962895777,6585947.524799369,0,0.0,,,,,0.0,0.0,0.0,0.0,0.0,0.0,0.0
2020-01-10 23:00:00,33.13,0.0,idle,sin_restriccion,0.0,0.0,0.0,0.0,0.0,0.0,0.5005550833981548,0.5005550833981547,185.1831775213911,52.55273292282469,13361774.962895777,6585947.524799369,0,0.0,,,,,0.0,0.0,0.0,0.0,0.0,0.0,0.0
2020-01-11 00:00:00,33.17,0.0,idle,sin_restriccion,0.0,0.0,0.0,0.0,0.0,0.0,0.5005550833981548,0.5005550833981547,185.1831775213911,52.55273292282469,13361774.962895777,6585947.524799369,0,0.0,,,,,0.0,0.0,0.0,0.0,0.0,0.0,0.0
2020-01-11 01:00:00,33.5,0.0,idle,sin_restriccion,0.0,0.0,0.0,0.0,0.0,0.0,0.5005550833981548,0.5005550833981547,185.1831775213911,52.55273292282469,13361774.962895777,6585947.524799369,0,0.0,,,,,0.0,0.0,0.0,0.0,0.0,0.0,0.0
2020-01-11 02:00:00,32.84,0.0,idle,sin_restriccion,0.0,0.0,0.0,0.0,0.0,0.0,0.5005550833981548,0.5005550833981547,185.1831775213911,52.55273292282469,13361774.962895777,6585947.524799369,0,0.0,,,,,0.0,0.0,0.0,0.0,0.0,0.0,0.0
2020-01-11 03:00:00,33.19,0.0,idle,sin_restriccion,0.0,0.0,0.0,0.0,0.0,0.0,0.5005550833981548,0.5005550833981547,185.1831775213911,52.55273292282469,13361774.962895777,6585947.524799369,0,0.0,,,,,0.0,0.0,0.0,0.0,0.0,0.0,0.0
2020-01-11 04:00:00,33.79,74.0,discharge,above_max_power,72.54739171095486,0.0,72.54739171095486,0.0,2451.3763659131646,2451.3763659131646,0.37535382576451815,0.3753538257645181,143.866762502291,40.65861344762921,10380615.1882988,5095367.63750088,106,1.5,0.4899837884906394,1.2921149022203398,,0.36215386870974337,77.90742237001166,3.1162968948004663,0.0,0.0,2981159.774596979,0.0,1490579.8872984895
2020-01-11 05:00:00,33.68,74.0,discharge,above_max_power,71.68957454025846,0.0,71.68957454025846,0.0,2414.504870515905,2414.504870515905,0.2501525681308816,0.25015256813088144,102.55034748319093,28.764493972433737,7399455.41370182,3604787.750202391,106,1.5,0.4841901066336157,1.286321220363316,,0.357871677445706,76.98622695474491,3.0794490781897963,0.0,0.0,2981159.774596979,0.0,1490579.8872984895
2020-01-11 06:00:00,33.03,0.0,idle,sin_restriccion,0.0,0.0,0.0,0.0,0.0,0.0,0.2501525681308816,0.25015256813088144,102.55034748319093,28.764493972433737,7399455.41370182,3604787.750202391,0,0.0,,,,,0.0,0.0,0.0,0.0,0.0,0.0,0.0
2020-01-11 07:00:00,32.71,0.0,idle,sin_restriccion,0.0,0.0,0.0,0.0,0.0,0.0,0.2501525681308816,0.25015256813088144,102.55034748319093,28.764493972433737,7399455.41370182,3604787.750202391,0,0.0,,,,,0.0,0.0,0.0,0.0,0.0,0.0,0.0
2020-01-11 08:00:00,32.18,0.0,idle,sin_restriccion,0.0,0.0,0.0,0.0,0.0,0.0,0.2501525681308816,0.25015256813088144,102.55034748319093,28.764493972433737,7399455.41370182,3604787.750202391,0,0.0,,,,,0.0,0.0,0.0,0.0,0.0,0.0,0.0
2020-01-11 09:00:00,31.94,0.0,idle,sin_restriccion,0.0,0.0,0.0,0.0,0.0,0.0,0.2501525681308816,0.25015256813088144,102.55034748319093,28.764493972433737,7399455.41370182,3604787.750202391,0,0.0,,,,,0.0,0.0,0.0,0.0,0.0,0.0,0.0
2020-01-11 10:00:00,31.98,0.0,idle,sin_restriccion,0.0,0.0,0.0,0.0,0.0,0.0,0.2501525681308816,0.25015256813088144,102.55034748319093,28.764493972433737,7399455.41370182,3604787.750202391,0,0.0,,,,,0.0,0.0,0.0,0.0,0.0,0.0,0.0
2020-01-11 11:00:00,32.65,0.0,idle,sin_restriccion,0.0,0.0,0.0,0.0,0.0,0.0,0.2501525681308816,0.25015256813088144,102.55034748319093,28.764493972433737,7399455.41370182,3604787.750202391,0,0.0,,,,,0.0,0.0,0.0,0.0,0.0,0.0,0.0
2020-01-11 12:00:00,32.65,0.0,idle,sin_restriccion,0.0,0.0,0.0,0.0,0.0,0.0,0.2501525681308816,0.25015256813088144,102.55034748319093,28.764493972433737,7399455.41370182,3604787.750202391,0,0.0,,,,,0.0,0.0,0.0,0.0,0.0,0.0,0.0
2020-01-11 13:00:00,30.41,-100.0,charge,ok,-100.00000489709014,100.00000489709014,0.0,3041.000148920511,0.0,-3041.000148920511,0.29220506614959535,0.29220506614959524,116.42767182936647,32.759481284211546,8400764.96828754,4105442.527495251,100,0.5421531140804291,1.6683833914203574,1.2785371698480237,0.6728399353498422,,90.45192511386144,2.713557753415843,4.037039809796522,1001309.5545857201,0.0,500654.77729286003,0.0
2020-01-11 14:00:00,31.74,-100.0,charge,ok,-99.99999594304305,99.99999594304305,0.0,3173.9998712321863,0.0,-3173.9998712321863,0.3341927254776031,0.334192725477603,130.28359940760902,36.748308920372274,9400530.652626079,4605325.36966452,100,0.5413171947002411,1.6710679913264972,1.2814577653601888,0.6718025765028653,,90.45778372182262,2.7137335116546786,4.030815295488745,999765.6843385382,0.0,499882.8421692691,0.0
2020-01-11 15:00:00,31.94,-100.0,charge,ok,-100.00000347778496,100.00000347778496,0.0,3194.0001110804515,0.0,-3194.0001110804515,0.37612315510474853,0.3761231551047484,144.12064118456703,40.73169973495109,10398933.643926643,5104526.865314802,100,0.5405793726444243,1.6734447138764625,1.2840428707936347,0.670886850702325,,90.46296935824664,2.713889080747399,4.025321244205963,998402.9913005643,0.0,499201.49565028213,0.0
2020-01-11 16:00:00,32.4,0.0,idle,sin_restriccion,0.0,0.0,0.0,0.0,0.0,0.0,0.37612315510474853,0.3761231551047484,144.12064118456703,40.73169973495109,10398933.643926643,5104526.865314802,0,0.0,,,,,0.0,0.0,0.0,0.0,0.0,0.0,0.0
2020-01-11 17:00:00,32.65,-100.0,charge,ok,-99.99999794589579,99.99999794589579,0.0,3264.9999329334973,0.0,-3264.9999329334973,0.41800236829670195,0.4180023682967019,157.94078153791168,44.710224988186674,11396117.123704093,5603118.605203527,100,0.5399190753698346,1.67557700188875,1.286361711765081,0.6700674248351381,,90.46759855707336,2.7140279567122008,4.02040446642753,997183.4797774495,0.0,498591.73988872475,0.0
2020-01-11 18:00:00,31.08,-100.0,charge,ok,-100.00000431432726,100.00000431432726,0.0,3108.000134089291,0.0,-3108.000134089291,0.4598352513952825,0.45983525139528236,171.74563296044323,48.68434888255182,12392197.44035581,6101158.763529385,100,0.5393217742443084,1.6775105538798334,1.2884640718360563,0.6693261007003697,,90.47179682320242,2.7141539046960728,4.015956777463728,996080.3166517176,0.0,498040.1583258588,0.0
2020-01-11 19:00:00,31.43,-100.0,charge,ok,-99.99999914691854,99.99999914691854,0.0,3142.9999731876496,0.0,-3142.9999731876496,0.5016258387878776,0.5016258387878775,185.5365267999996,52.65445468484835,13387270.656442365,6598695.371572663,100,0.538776485621929,1.6792792850379008,1.2903869557568437,0.6686494039856453,,90.47561915704259,2.7142685747112774,4.011896389689127,995073.2160865546,0.0,497536.6080432773,0.0
2020-01-11 20:00:00,32.83,0.0,idle,sin_restriccion,0.0,0.0,0.0,0.0,0.0,0.0,0.5016258387878776,0.5016258387878775,185.5365267999996,52.65445468484835,13387270.656442365,6598695.371572663,0,0.0,,,,,0.0,0.0,0.0,0.0,0.0,0.0,0.0
2020-01-11 21:00:00,33.08,0.0,idle,sin_restriccion,0.0,0.0,0.0,0.0,0.0,0.0,0.5016258387878776,0.5016258387878775,185.5365267999996,52.65445468484835,13387270.656442365,6598695.371572663,0,0.0,,,,,0.0,0.0,0.0,0.0,0.0,0.0,0.0
2020-01-11 22:00:00,33.14,0.0,idle,sin_restriccion,0.0,0.0,0.0,0.0,0.0,0.0,0.5016258387878776,0.5016258387878775,185.5365267999996,52.65445468484835,13387270.656442365,6598695.371572663,0,0.0,,,,,0.0,0.0,0.0,0.0,0.0,0.0,0.0
2020-01-11 23:00:00,32.84,0.0,idle,sin_restriccion,0.0,0.0,0.0,0.0,0.0,0.0,0.5016258387878776,0.5016258387878775,185.5365267999996,52.65445468484835,13387270.656442365,6598695.371572663,0,0.0,,,,,0.0,0.0,0.0,0.0,0.0,0.0,0.0
2020-01-12 00:00:00,32.64,0.0,idle,sin_restriccion,0.0,0.0,0.0,0.0,0.0,0.0,0.5016258387878776,0.5016258387878775,185.5365267999996,52.65445468484835,13387270.656442365,6598695.371572663,0,0.0,,,,,0.0,0.0,0.0,0.0,0.0,0.0,0.0
2020-01-12 01:00:00,31.8,0.0,idle,sin_restriccion,0.0,0.0,0.0,0.0,0.0,0.0,0.5016258387878776,0.5016258387878775,185.5365267999996,52.65445468484835,13387270.656442365,6598695.371572663,0,0.0,,,,,0.0,0.0,0.0,0.0,0.0,0.0,0.0
2020-01-12 02:00:00,31.24,0.0,idle,sin_restriccion,0.0,0.0,0.0,0.0,0.0,0.0,0.5016258387878776,0.5016258387878775,185.5365267999996,52.65445468484835,13387270.656442365,6598695.371572663,0,0.0,,,,,0.0,0.0,0.0,0.0,0.0,0.0,0.0
2020-01-12 03:00:00,31.24,0.0,idle,sin_restriccion,0.0,0.0,0.0,0.0,0.0,0.0,0.5016258387878776,0.5016258387878775,185.5365267999996,52.65445468484835,13387270.656442365,6598695.371572663,0,0.0,,,,,0.0,0.0,0.0,0.0,0.0,0.0,0.0
2020-01-12 04:00:00,31.24,0.0,idle,sin_restriccion,0.0,0.0,0.0,0.0,0.0,0.0,0.5016258387878776,0.5016258387878775,185.5365267999996,52.65445468484835,13387270.656442365,6598695.371572663,0,0.0,,,,,0.0,0.0,0.0,0.0,0.0,0.0,0.0
2020-01-12 05:00:00,31.25,0.0,idle,sin_restriccion,0.0,0.0,0.0,0.0,0.0,0.0,0.5016258387878776,0.5016258387878775,185.5365267999996,52.65445468484835,13387270.656442365,6598695.371572663,0,0.0,,,,,0.0,0.0,0.0,0.0,0.0,0.0,0.0
2020-01-12 06:00:00,30.87,0.0,idle,sin_restriccion,0.0,0.0,0.0,0.0,0.0,0.0,0.5016258387878776,0.5016258387878775,185.5365267999996,52.65445468484835,13387270.656442365,6598695.371572663,0,0.0,,,,,0.0,0.0,0.0,0.0,0.0,0.0,0.0
2020-01-12 07:00:00,29.53,0.0,idle,sin_restriccion,0.0,0.0,0.0,0.0,0.0,0.0,0.5016258387878776,0.5016258387878775,185.5365267999996,52.65445468484835,13387270.656442365,6598695.371572663,0,0.0,,,,,0.0,0.0,0.0,0.0,0.0,0.0,0.0
2020-01-12 08:00:00,27.04,-100.0,charge,ok,-100.00000006911574,100.00000006911574,0.0,2704.0000018688897,0.0,-2704.0000018688897,0.5433775292768226,0.5433775292768226,199.31458466135143,56.62086528129813,14381417.700646069,7095768.893674515,100,0.5382750153541564,1.6809091468675992,1.292158620381511,0.6680270473614087,,90.47913968390992,2.7143741905172973,4.008162286938724,994147.0442037038,0.0,497073.5221018519,0.0
2020-01-12 09:00:00,25.89,-100.0,charge,ok,-100.0000080592061,100.0000080592061,0.0,2589.0002086528457,0.0,-2589.0002086528457,0.5850932213102631,0.5850932213102631,213.08076303238687,60.58385602447497,15374707.587745074,7592413.837224018,100,0.5378109127283097,1.682420390883471,1.293801132633543,0.6674510187437941,,90.4824046013759,2.714472138041277,4.0047064352102835,993289.8870990049,0.0,496644.94354950247,0.0
2020-01-12 10:00:00,28.33,-100.0,charge,ok,-99.99999090215694,99.99999090215694,0.0,2832.999742258106,0.0,-2832.999742258106,0.6267754031360625,0.6267754031360625,226.83588303490066,64.54366329792593,16367199.56526277,8088659.825982866,100,0.537378889322281,1.683829090798858,1.2953320551337333,0.6669149698876682,,90.48542066220365,2.7145626198661095,4.0014894552767455,992491.9775176957,0.0,496245.9887588479,0.0
2020-01-12 11:00:00,28.33,0.0,idle,sin_restriccion,0.0,0.0,0.0,0.0,0.0,0.0,0.6267754031360625,0.6267754031360625,226.83588303490066,64.54366329792593,16367199.56526277,8088659.825982866,0,0.0,,,,,0.0,0.0,0.0,0.0,0.0,0.0,0.0
2020-01-12 12:00:00,30.48,0.0,idle,sin_restriccion,0.0,0.0,0.0,0.0,0.0,0.0,0.6267754031360625,0.6267754031360625,226.83588303490066,64.54366329792593,16367199.56526277,8088659.825982866,0,0.0,,,,,0.0,0.0,0.0,0.0,0.0,0.0,0.0
2020-01-12 13:00:00,30.68,0.0,idle,sin_restriccion,0.0,0.0,0.0,0.0,0.0,0.0,0.6267754031360625,0.6267754031360625,226.83588303490066,64.54366329792593,16367199.56526277,8088659.825982866,0,0.0,,,,,0.0,0.0,0.0,0.0,0.0,0.0,0.0
2020-01-12 14:00:00,30.68,0.0,idle,sin_restriccion,0.0,0.0,0.0,0.0,0.0,0.0,0.6267754031360625,0.6267754031360625,226.83588303490066,64.54366329792593,16367199.56526277,8088659.825982866,0,0.0,,,,,0.0,0.0,0.0,0.0,0.0,0.0,0.0
2020-01-12 15:00:00,28.07,0.0,idle,sin_restriccion,0.0,0.0,0.0,0.0,0.0,0.0,0.6267754031360625,0.6267754031360625,226.83588303490066,64.54366329792593,16367199.56526277,8088659.825982866,0,0.0,,,,,0.0,0.0,0.0,0.0,0.0,0.0,0.0
2020-01-12 16:00:00,25.08,-100.0,charge,ok,-99.99999885417887,99.99999885417887,0.0,2507.999971262806,0.0,-2507.999971262806,0.6684262609864924,0.6684262609864924,240.58066612554254,68.50049479371677,17358945.689447064,8584532.888075013,100,0.5369750514626502,1.6851483568632306,1.2967655941113352,0.6664137332427867,,90.48826256488337,2.714647876946501,3.998482353641264,991746.1241842929,0.0,495873.0620921464,0.0
2020-01-12 17:00:00,25.08,-100.0,charge,ok,-100.00000127401266,100.00000127401266,0.0,2508.0000319522374,0.0,-2508.0000319522374,0.7100477061244045,0.7100477061244043,254.31574302105344,72.45453208181841,18349991.469265196,9080055.777984079,100,0.5365958541631699,1.6863888456626506,1.2981134046968548,0.6659431137223925,,90.4909263089592,2.714727789268776,3.995658733239552,991045.7798181322,0.0,495522.8899090661,0.0
2020-01-12 18:00:00,27.93,-100.0,charge,ok,-99.99999142119705,99.99999142119705,0.0,2792.9997603940337,0.0,-2792.9997603940337,0.7516414289355755,0.7516414289355753,268.04167154873994,76.40593574887964,19340377.154393382,9575248.620548172,100,0.5362384498119355,1.6875594347863472,1.2993851666438994,0.6654996220706378,,90.49342552753367,2.7148027658260103,3.992997389872419,990385.6851281872,0.0,495192.8425640936,0.0
2020-01-12 19:00:00,31.94,0.0,idle,sin_restriccion,0.0,0.0,0.0,0.0,0.0,0.0,0.7516414289355755,0.7516414289355753,268.04167154873994,76.40593574887964,19340377.154393382,9575248.620548172,0,0.0,,,,,0.0,0.0,0.0,0.0,0.0,0.0,0.0
2020-01-12 20:00:00,32.79,0.0,idle,sin_restriccion,0.0,0.0,0.0,0.0,0.0,0.0,0.7516414289355755,0.7516414289355753,268.04167154873994,76.40593574887964,19340377.154393382,9575248.620548172,0,0.0,,,,,0.0,0.0,0.0,0.0,0.0,0.0,0.0
2020-01-12 21:00:00,32.84,74.0,discharge,above_max_power,73.8020744742957,0.0,73.8020744742957,0.0,2423.6601257358707,2423.6601257358707,0.6264401713019389,0.6264401713019387,226.72525652963984,64.51181627368416,16359217.379796404,8084668.733249683,106,1.5,0.4984578934754892,1.3005890072051896,,0.36841719818349894,79.25480506260277,3.170192202504111,0.0,0.0,2981159.774596979,0.0,1490579.8872984895
2020-01-12 22:00:00,32.84,74.0,discharge,above_max_power,73.23432192973259,0.0,73.23432192973259,0.0,2405.0151321724184,2405.0151321724184,0.5012389136683023,0.5012389136683022,185.40884151053976,52.6176967984887,13378057.605199426,6594088.845951194,106,1.5,0.4946233029250996,1.2967544166548,,0.365582998694942,78.64510516509084,3.145804206603634,0.0,0.0,2981159.774596979,0.0,1490579.8872984895
2020-01-12 23:00:00,32.84,0.0,idle,sin_restriccion,0.0,0.0,0.0,0.0,0.0,0.0,0.5012389136683023,0.5012389136683022,185.40884151053976,52.6176967984887,13378057.605199426,6594088.845951194,0,0.0,,,,,0.0,0.0,0.0,0.0,0.0,0.0,0.0
2020-01-13 00:00:00,32.93,0.0,idle,sin_restriccion,0.0,0.0,0.0,0.0,0.0,0.0,0.5012389136683023,0.5012389136683022,185.40884151053976,52.6176967984887,13378057.605199426,6594088.845951194,0,0.0,,,,,0.0,0.0,0.0,0.0,0.0,0.0,0.0
2020-01-13 01:00:00,32.64,0.0,idle,sin_restriccion,0.0,0.0,0.0,0.0,0.0,0.0,0.5012389136683023,0.5012389136683022,185.40884151053976,52.6176967984887,13378057.605199426,6594088.845951194,0,0.0,,,,,0.0,0.0,0.0,0.0,0.0,0.0,0.0
2020-01-13 02:00:00,32.24,-100.0,charge,ok,-99.99999030454725,99.99999030454725,0.0,3223.9996874186036,0.0,-3223.9996874186036,0.5429909467420981,0.542990946742098,199.18701242489237,56.58413994049931,14372212.806670845,7091166.446686903,100,0.5382794320583345,1.6808946077450244,1.292142832172594,0.6680325939495179,,90.47909948069088,2.7143729844207263,4.008195175084401,994155.2014714172,0.0,497077.6007357086,0.0
2020-01-13 03:00:00,32.09,-100.0,charge,ok,-99.99999258952766,99.99999258952766,0.0,3208.9997621979433,0.0,-3208.9997621979433,0.5847069543142169,0.5847069543142168,212.9532949236916,60.5471606598506,15365510.207042743,7587815.146872852,100,0.5378149807453155,1.6824068630928568,1.293786454098305,0.6674561706155557,,90.48236146800714,2.714470844040214,4.004736726923404,993297.4003718984,0.0,496648.7001859492,0.0
2020-01-13 04:00:00,32.09,-100.0,charge,ok,-100.00000811953997,100.00000811953997,0.0,3209.000260556038,0.0,-3209.000260556038,0.6263894426633039,0.6263894426633038,226.7085160788903,64.50699705301385,16358009.483168392,8084064.7849356765,100,0.5373828411102295,1.6838164941692,1.29531834039299,0.666919759434575,,90.4854091544911,2.7145622746347327,4.001518881512349,992499.2761256497,0.0,496249.63806282484,0.0
2020-01-13 05:00:00,32.46,-100.0,charge,ok,-100.00000654174569,100.00000654174569,0.0,3246.0002123450654,0.0,-3246.0002123450654,0.6680405844985443,0.6680405844985442,240.45339288451962,68.46385552736169,17349762.36929829,8579941.228000626,100,0.5369787126779555,1.6851365236212819,1.2967527247598638,0.66641822576846,,90.48824411407612,2.7146473234222834,3.9985096161830738,991752.8861298972,0.0,495876.4430649486,0.0
2020-01-13 06:00:00,33.34,-100.0,charge,ok,-99.99999362996273,99.99999362996273,0.0,3333.9997876229577,0.0,-3333.9997876229577,0.7096622910827899,0.7096622910827897,254.18855605732065,72.41791765286501,18340814.374399677,9075467.23055132,100,0.536599224805832,1.6863776774778483,1.2981012824494536,0.6659473477690221,,90.49089544644728,2.7147268633934183,3.9956838320875674,991052.0051013869,0.0,495526.00255069346,0.0
2020-01-13 07:00:00,32.89,-100.0,charge,ok,-99.99999891146966,99.99999891146966,0.0,3288.999964198237,0.0,-3288.999964198237,0.7512562663249036,0.7512562663249035,267.9145678872182,76.36934530086582,19331206.07014618,9570663.078424571,100,0.5362417042255401,1.6875488988061094,1.299373709332117,0.6655036111180281,,90.49340974597216,2.7148022923791646,3.993021623242917,990391.695746502,0.0,495195.847873251,0.0
2020-01-13 08:00:00,32.92,0.0,idle,sin_restriccion,0.0,0.0,0.0,0.0,0.0,0.0,0.7512562663249036,0.7512562663249035,267.9145678872182,76.36934530086582,19331206.07014618,9570663.078424571,0,0.0,,,,,0.0,0.0,0.0,0.0,0.0,0.0,0.0
2020-01-13 09:00:00,33.22,0.0,idle,sin_restriccion,0.0,0.0,0.0,0.0,0.0,0.0,0.7512562663249036,0.7512562663249035,267.9145678872182,76.36934530086582,19331206.07014618,9570663.078424571,0,0.0,,,,,0.0,0.0,0.0,0.0,0.0,0.0,0.0
2020-01-13 10:00:00,34.05,0.0,idle,sin_restriccion,0.0,0.0,0.0,0.0,0.0,0.0,0.7512562663249036,0.7512562663249035,267.9145678872182,76.36934530086582,19331206.07014618,9570663.078424571,0,0.0,,,,,0.0,0.0,0.0,0.0,0.0,0.0,0.0
2020-01-13 11:00:00,34.25,0.0,idle,sin_restriccion,0.0,0.0,0.0,0.0,0.0,0.0,0.7512562663249036,0.7512562663249035,267.9145678872182,76.36934530086582,19331206.07014618,9570663.078424571,0,0.0,,,,,0.0,0.0,0.0,0.0,0.0,0.0,0.0
2020-01-13 12:00:00,34.41,0.0,idle,sin_restriccion,0.0,0.0,0.0,0.0,0.0,0.0,0.7512562663249036,0.7512562663249035,267.9145678872182,76.36934530086582,19331206.07014618,9570663.078424571,0,0.0,,,,,0.0,0.0,0.0,0.0,0.0,0.0,0.0
2020-01-13 13:00:00,34.05,0.0,idle,sin_restriccion,0.0,0.0,0.0,0.0,0.0,0.0,0.7512562663249036,0.7512562663249035,267.9145678872182,76.36934530086582,19331206.07014618,9570663.078424571,0,0.0,,,,,0.0,0.0,0.0,0.0,0.0,0.0,0.0
2020-01-13 14:00:00,34.25,0.0,idle,sin_restriccion,0.0,0.0,0.0,0.0,0.0,0.0,0.7512562663249036,0.7512562663249035,267.9145678872182,76.36934530086582,19331206.07014618,9570663.078424571,0,0.0,,,,,0.0,0.0,0.0,0.0,0.0,0.0,0.0
2020-01-13 15:00:00,35.09,0.0,idle,sin_restriccion,0.0,0.0,0.0,0.0,0.0,0.0,0.7512562663249036,0.7512562663249035,267.9145678872182,76.36934530086582,19331206.07014618,9570663.078424571,0,0.0,,,,,0.0,0.0,0.0,0.0,0.0,0.0,0.0
2020-01-13 16:00:00,35.37,0.0,idle,sin_restriccion,0.0,0.0,0.0,0.0,0.0,0.0,0.7512562663249036,0.7512562663249035,267.9145678872182,76.36934530086582,19331206.07014618,9570663.078424571,0,0.0,,,,,0.0,0.0,0.0,0.0,0.0,0.0,0.0
2020-01-13 17:00:00,34.03,0.0,idle,sin_restriccion,0.0,0.0,0.0,0.0,0.0,0.0,0.7512562663249036,0.7512562663249035,267.9145678872182,76.36934530086582,19331206.07014618,9570663.078424571,0,0.0,,,,,0.0,0.0,0.0,0.0,0.0,0.0,0.0
2020-01-13 18:00:00,33.9,0.0,idle,sin_restriccion,0.0,0.0,0.0,0.0,0.0,0.0,0.7512562663249036,0.7512562663249035,267.9145678872182,76.36934530086582,19331206.07014618,9570663.078424571,0,0.0,,,,,0.0,0.0,0.0,0.0,0.0,0.0,0.0
2020-01-13 19:00:00,34.11,0.0,idle,sin_restriccion,0.0,0.0,0.0,0.0,0.0,0.0,0.7512562663249036,0.7512562663249035,267.9145678872182,76.36934530086582,19331206.07014618,9570663.078424571,0,0.0,,,,,0.0,0.0,0.0,0.0,0.0,0.0,0.0
2020-01-13 20:00:00,37.33,0.0,idle,sin_restriccion,0.0,0.0,0.0,0.0,0.0,0.0,0.7512562663249036,0.7512562663249035,267.9145678872182,76.36934530086582,19331206.07014618,9570663.078424571,0,0.0,,,,,0.0,0.0,0.0,0.0,0.0,0.0,0.0
2020-01-13 21:00:00,37.92,74.0,discharge,above_max_power,73.80046632809649,0.0,73.80046632809649,0.0,2798.513683161419,2798.513683161419,0.626055008691267,0.626055008691267,226.59815286811815,64.47522582567035,16350046.295549203,8080083.191126082,106,1.5,0.4984470320847686,1.300578145814469,,0.36840917037776044,79.2530781014782,3.1701231240591277,0.0,0.0,2981159.774596979,0.0,1490579.8872984895
2020-01-13 22:00:00,37.92,74.0,discharge,above_max_power,73.23241949160014,0.0,73.23241949160014,0.0,2776.973347121477,2776.973347121477,0.5008537510576304,0.5008537510576303,185.28173784901804,52.58110635047487,13368886.520952225,6589503.303827593,106,1.5,0.4946104538919157,1.296741567621616,,0.36557350179486886,78.6430621688146,3.1457224867525837,0.0,0.0,2981159.774596979,0.0,1490579.8872984895
2020-01-13 23:00:00,33.89,0.0,idle,sin_restriccion,0.0,0.0,0.0,0.0,0.0,0.0,0.5008537510576304,0.5008537510576303,185.28173784901804,52.58110635047487,13368886.520952225,6589503.303827593,0,0.0,,,,,0.0,0.0,0.0,0.0,0.0,0.0,0.0
2020-01-14 00:00:00,32.91,0.0,idle,sin_restriccion,0.0,0.0,0.0,0.0,0.0,0.0,0.5008537510576304,0.5008537510576303,185.28173784901804,52.58110635047487,13368886.520952225,6589503.303827593,0,0.0,,,,,0.0,0.0,0.0,0.0,0.0,0.0,0.0
2020-01-14 01:00:00,32.91,0.0,idle,sin_restriccion,0.0,0.0,0.0,0.0,0.0,0.0,0.5008537510576304,0.5008537510576303,185.28173784901804,52.58110635047487,13368886.520952225,6589503.303827593,0,0.0,,,,,0.0,0.0,0.0,0.0,0.0,0.0,0.0
2020-01-14 02:00:00,32.91,0.0,idle,sin_restriccion,0.0,0.0,0.0,0.0,0.0,0.0,0.5008537510576304,0.5008537510576303,185.28173784901804,52.58110635047487,13368886.520952225,6589503.303827593,0,0.0,,,,,0.0,0.0,0.0,0.0,0.0,0.0,0.0
2020-01-14 03:00:00,32.91,0.0,idle,sin_restriccion,0.0,0.0,0.0,0.0,0.0,0.0,0.5008537510576304,0.5008537510576303,185.28173784901804,52.58110635047487,13368886.520952225,6589503.303827593,0,0.0,,,,,0.0,0.0,0.0,0.0,0.0,0.0,0.0
2020-01-14 04:00:00,33.19,0.0,idle,sin_restriccion,0.0,0.0,0.0,0.0,0.0,0.0,0.5008537510576304,0.5008537510576303,185.28173784901804,52.58110635047487,13368886.520952225,6589503.303827593,0,0.0,,,,,0.0,0.0,0.0,0.0,0.0,0.0,0.0
2020-01-14 05:00:00,34.19,0.0,idle,sin_restriccion,0.0,0.0,0.0,0.0,0.0,0.0,0.5008537510576304,0.5008537510576303,185.28173784901804,52.58110635047487,13368886.520952225,6589503.303827593,0,0.0,,,,,0.0,0.0,0.0,0.0,0.0,0.0,0.0
2020-01-14 06:00:00,34.19,0.0,idle,sin_restriccion,0.0,0.0,0.0,0.0,0.0,0.0,0.5008537510576304,0.5008537510576303,185.28173784901804,52.58110635047487,13368886.520952225,6589503.303827593,0,0.0,,,,,0.0,0.0,0.0,0.0,0.0,0.0,0.0
2020-01-14 07:00:00,33.93,0.0,idle,sin_restriccion,0.0,0.0,0.0,0.0,0.0,0.0,0.5008537510576304,0.5008537510576303,185.28173784901804,52.58110635047487,13368886.520952225,6589503.303827593,0,0.0,,,,,0.0,0.0,0.0,0.0,0.0,0.0,0.0
2020-01-14 08:00:00,32.57,-100.0,charge,ok,-100.00000748308723,100.00000748308723,0.0,3257.000243724151,0.0,-3257.000243724151,0.5426061357316678,0.5426061357316677,199.0600247914504,56.54758289450843,14363050.094356295,7086585.090529628,100,0.5382839649915696,1.680880162553462,1.2921271050268972,0.6680381047947247,,90.47908385749514,2.714372515724854,4.0082289287075925,994163.57340407,0.0,497081.786702035,0.0
2020-01-14 09:00:00,32.25,-100.0,charge,ok,-100.00000389794981,100.00000389794981,0.0,3225.0001257088816,0.0,-3225.0001257088816,0.5843224678578558,0.5843224678578558,212.82641439309242,60.51063444649628,15356355.222666027,7583237.654684494,100,0.5378191649913788,1.6823934260613498,1.29377183344623,0.6674612880017013,,90.48234275913,2.7144702827739002,4.004767884114044,993305.128309732,0.0,496652.564154866,0.0
2020-01-14 10:00:00,32.83,-100.0,charge,ok,-100.00000496019567,100.00000496019567,0.0,3283.0001628432237,0.0,-3283.0001628432237,0.6260052537148395,0.6260052537148395,226.58173372589707,64.47049910290974,16348861.582734691,8079490.834718826,100,0.5373866766691209,1.6838039196820347,1.2953046806825035,0.666924540630977,,90.4853792560368,2.7145613776811035,4.001547442270435,992506.3600686636,0.0,496253.1800343318,0.0
2020-01-14 11:00:00,33.08,0.0,idle,sin_restriccion,0.0,0.0,0.0,0.0,0.0,0.0,0.6260052537148395,0.6260052537148395,226.58173372589707,64.47049910290974,16348861.582734691,8079490.834718826,0,0.0,,,,,0.0,0.0,0.0,0.0,0.0,0.0,0.0
2020-01-14 12:00:00,33.16,0.0,idle,sin_restriccion,0.0,0.0,0.0,0.0,0.0,0.0,0.6260052537148395,0.6260052537148395,226.58173372589707,64.47049910290974,16348861.582734691,8079490.834718826,0,0.0,,,,,0.0,0.0,0.0,0.0,0.0,0.0,0.0
2020-01-14 13:00:00,33.16,0.0,idle,sin_restriccion,0.0,0.0,0.0,0.0,0.0,0.0,0.6260052537148395,0.6260052537148395,226.58173372589707,64.47049910290974,16348861.582734691,8079490.834718826,0,0.0,,,,,0.0,0.0,0.0,0.0,0.0,0.0,0.0
2020-01-14 14:00:00,33.16,0.0,idle,sin_restriccion,0.0,0.0,0.0,0.0,0.0,0.0,0.6260052537148395,0.6260052537148395,226.58173372589707,64.47049910290974,16348861.582734691,8079490.834718826,0,0.0,,,,,0.0,0.0,0.0,0.0,0.0,0.0,0.0
2020-01-14 15:00:00,33.16,0.0,idle,sin_restriccion,0.0,0.0,0.0,0.0,0.0,0.0,0.6260052537148395,0.6260052537148395,226.58173372589707,64.47049910290974,16348861.582734691,8079490.834718826,0,0.0,,,,,0.0,0.0,0.0,0.0,0.0,0.0,0.0
2020-01-14 16:00:00,33.16,0.0,idle,sin_restriccion,0.0,0.0,0.0,0.0,0.0,0.0,0.6260052537148395,0.6260052537148395,226.58173372589707,64.47049910290974,16348861.582734691,8079490.834718826,0,0.0,,,,,0.0,0.0,0.0,0.0,0.0,0.0,0.0
2020-01-14 17:00:00,33.16,-100.0,charge,ok,-100.00000541501625,100.00000541501625,0.0,3316.0001795619382,0.0,-3316.0001795619382,0.6676566750271951,0.667656675027195,240.32670275897436,68.42738412758351,17340621.123477723,8575370.605090342,100,0.5369823157787322,1.6851247257896798,1.2967399072668038,0.6664227049107897,,90.48821776305434,2.71464653289163,3.9985364459861246,991759.5407430315,0.0,495879.77037151577,0.0
2020-01-14 18:00:00,32.13,-100.0,charge,ok,-100.00000054198777,100.00000054198777,0.0,3213.0000174140673,0.0,-3213.0000174140673,0.7092786475654695,0.7092786475654693,254.0619536966049,72.3814715187196,18331679.461194836,9070899.773948899,100,0.5366026535630226,1.6863665748823422,1.2980892093436722,0.6659515570030141,,90.49087789618505,2.7147263368855516,3.9957093636743406,991058.3377171115,0.0,495529.1688585557,0.0
2020-01-14 19:00:00,32.33,-100.0,charge,ok,-100.00000906531412,100.00000906531412,0.0,3233.0002930816054,0.0,-3233.0002930816054,0.750872875238526,0.7508728752385257,267.78804882871356,76.33292314765994,19322077.167559654,9566098.627131307,100,0.5362449586391448,1.6875384097720236,1.2993622989680138,0.6655075824385496,,90.49339647501671,2.7148018942505012,3.9930458566134135,990397.7063648169,0.0,495198.85318240843,0.0
2020-01-14 20:00:00,44.47,0.0,idle,sin_restriccion,0.0,0.0,0.0,0.0,0.0,0.0,0.750872875238526,0.7508728752385257,267.78804882871356,76.33292314765994,19322077.167559654,9566098.627131307,0,0.0,,,,,0.0,0.0,0.0,0.0,0.0,0.0,0.0
2020-01-14 21:00:00,48.22,74.0,discharge,above_max_power,73.798864818055,0.0,73.798864818055,0.0,3558.581261526612,3558.581261526612,0.6256716176048893,0.6256716176048892,226.47163380961348,64.43880367246446,16340917.392962676,8075518.7398328185,106,1.5,0.49843621551453865,1.300567329244239,,0.3684011756994732,79.25135826681165,3.1700543306724662,0.0,0.0,2981159.774596979,0.0,1490579.8872984895
2020-01-14 22:00:00,48.22,74.0,discharge,above_max_power,73.23052473933059,0.0,73.23052473933059,0.0,3531.175902930521,3531.175902930521,0.5004703599712528,0.5004703599712527,185.1552187905134,52.544684197269,13359757.618365698,6584938.8525343295,106,1.5,0.49459765676891243,1.2967287704986128,,0.3655640432623361,78.64102742625708,3.1456410970502833,0.0,0.0,2981159.774596979,0.0,1490579.8872984895
2020-01-14 23:00:00,48.22,0.0,idle,sin_restriccion,0.0,0.0,0.0,0.0,0.0,0.0,0.5004703599712528,0.5004703599712527,185.1552187905134,52.544684197269,13359757.618365698,6584938.8525343295,0,0.0,,,,,0.0,0.0,0.0,0.0,0.0,0.0,0.0
2020-01-15 00:00:00,37.26,0.0,idle,sin_restriccion,0.0,0.0,0.0,0.0,0.0,0.0,0.5004703599712528,0.5004703599712527,185.1552187905134,52.544684197269,13359757.618365698,6584938.8525343295,0,0.0,,,,,0.0,0.0,0.0,0.0,0.0,0.0,0.0
2020-01-15 01:00:00,33.09,-100.0,charge,ok,-100.00000469395692,100.00000469395692,0.0,3309.000155323035,0.0,-3309.000155323035,0.5422230872301409,0.5422230872301408,198.93361878594652,56.51119328686337,14353929.34903748,7082024.717870221,100,0.5382883816957473,1.680865746054015,1.292111439446761,0.6680436047845323,,90.47905022912308,2.714371506873692,4.008261816853268,994171.730671783,0.0,497085.8653358915,0.0
2020-01-15 02:00:00,32.66,-100.0,charge,ok,-99.99999499717798,99.99999499717798,0.0,3265.9998366078325,0.0,-3265.9998366078325,0.5839397348950072,0.5839397348950072,212.70011251535237,60.474274815025666,15347241.990620105,7578681.038661533,100,0.5378232330083847,1.6823800138067417,1.293757270451808,0.6674663960300169,,90.48230581742327,2.714469174522698,4.004798175827166,993312.6415826255,0.0,496656.3207913127,0.0
2020-01-15 03:00:00,32.84,-100.0,charge,ok,-100.0000048790372,100.0000048790372,0.0,3284.000160227582,0.0,-3284.000160227582,0.6256228182598876,0.6256228182598875,226.45553002576293,64.4341677346893,16339755.434631782,8074937.760667372,100,0.5373905122280122,1.6837913993650724,1.2952910751443316,0.6669293012983581,,90.48535225899177,2.714560567769753,4.0015760030285215,992513.4440116778,0.0,496256.7220058389,0.0
2020-01-15 04:00:00,33.52,0.0,idle,sin_restriccion,0.0,0.0,0.0,0.0,0.0,0.0,0.6256228182598876,0.6256228182598875,226.45553002576293,64.4341677346893,16339755.434631782,8074937.760667372,0,0.0,,,,,0.0,0.0,0.0,0.0,0.0,0.0,0.0
2020-01-15 05:00:00,35.69,0.0,idle,sin_restriccion,0.0,0.0,0.0,0.0,0.0,0.0,0.6256228182598876,0.6256228182598875,226.45553002576293,64.4341677346893,16339755.434631782,8074937.760667372,0,0.0,,,,,0.0,0.0,0.0,0.0,0.0,0.0,0.0
2020-01-15 06:00:00,41.17,0.0,idle,sin_restriccion,0.0,0.0,0.0,0.0,0.0,0.0,0.6256228182598876,0.6256228182598875,226.45553002576293,64.4341677346893,16339755.434631782,8074937.760667372,0,0.0,,,,,0.0,0.0,0.0,0.0,0.0,0.0,0.0
2020-01-15 07:00:00,39.75,0.0,idle,sin_restriccion,0.0,0.0,0.0,0.0,0.0,0.0,0.6256228182598876,0.6256228182598875,226.45553002576293,64.4341677346893,16339755.434631782,8074937.760667372,0,0.0,,,,,0.0,0.0,0.0,0.0,0.0,0.0,0.0
2020-01-15 08:00:00,32.91,0.0,idle,sin_restriccion,0.0,0.0,0.0,0.0,0.0,0.0,0.6256228182598876,0.6256228182598875,226.45553002576293,64.4341677346893,16339755.434631782,8074937.760667372,0,0.0,,,,,0.0,0.0,0.0,0.0,0.0,0.0,0.0
2020-01-15 09:00:00,32.91,0.0,idle,sin_restriccion,0.0,0.0,0.0,0.0,0.0,0.0,0.6256228182598876,0.6256228182598875,226.45553002576293,64.4341677346893,16339755.434631782,8074937.760667372,0,0.0,,,,,0.0,0.0,0.0,0.0,0.0,0.0,0.0
2020-01-15 10:00:00,32.91,0.0,idle,sin_restriccion,0.0,0.0,0.0,0.0,0.0,0.0,0.6256228182598876,0.6256228182598875,226.45553002576293,64.4341677346893,16339755.434631782,8074937.760667372,0,0.0,,,,,0.0,0.0,0.0,0.0,0.0,0.0,0.0
2020-01-15 11:00:00,32.91,0.0,idle,sin_restriccion,0.0,0.0,0.0,0.0,0.0,0.0,0.6256228182598876,0.6256228182598875,226.45553002576293,64.4341677346893,16339755.434631782,8074937.760667372,0,0.0,,,,,0.0,0.0,0.0,0.0,0.0,0.0,0.0
2020-01-15 12:00:00,32.9,0.0,idle,sin_restriccion,0.0,0.0,0.0,0.0,0.0,0.0,0.6256228182598876,0.6256228182598875,226.45553002576293,64.4341677346893,16339755.434631782,8074937.760667372,0,0.0,,,,,0.0,0.0,0.0,0.0,0.0,0.0,0.0
2020-01-15 13:00:00,32.84,0.0,idle,sin_restriccion,0.0,0.0,0.0,0.0,0.0,0.0,0.6256228182598876,0.6256228182598875,226.45553002576293,64.4341677346893,16339755.434631782,8074937.760667372,0,0.0,,,,,0.0,0.0,0.0,0.0,0.0,0.0,0.0
2020-01-15 14:00:00,32.9,0.0,idle,sin_restriccion,0.0,0.0,0.0,0.0,0.0,0.0,0.6256228182598876,0.6256228182598875,226.45553002576293,64.4341677346893,16339755.434631782,8074937.760667372,0,0.0,,,,,0.0,0.0,0.0,0.0,0.0,0.0,0.0
2020-01-15 15:00:00,32.91,0.0,idle,sin_restriccion,0.0,0.0,0.0,0.0,0.0,0.0,0.6256228182598876,0.6256228182598875,226.45553002576293,64.4341677346893,16339755.434631782,8074937.760667372,0,0.0,,,,,0.0,0.0,0.0,0.0,0.0,0.0,0.0
2020-01-15 16:00:00,32.91,0.0,idle,sin_restriccion,0.0,0.0,0.0,0.0,0.0,0.0,0.6256228182598876,0.6256228182598875,226.45553002576293,64.4341677346893,16339755.434631782,8074937.760667372,0,0.0,,,,,0.0,0.0,0.0,0.0,0.0,0.0,0.0
2020-01-15 17:00:00,32.7,-100.0,charge,ok,-100.00000720446438,100.00000720446438,0.0,3270.0002355859856,0.0,-3270.0002355859856,0.6672745190493582,0.6672745190493581,240.20059128628822,68.391079309689,17331521.629987948,8570820.858345455,100,0.536985918879509,1.6851129793040547,1.2967271411215873,0.6664271646190215,,90.48819416073748,2.7146458248221244,3.9985632757891763,991766.1953561661,0.0,495883.09767808305,0.0
2020-01-15 18:00:00,32.66,-100.0,charge,ok,-99.99999845740274,99.99999845740274,0.0,3265.999949618773,0.0,-3265.999949618773,0.7088967530339662,0.7088967530339659,253.9359285012088,72.34519153822676,18322586.192988314,9066353.139845638,100,0.5366060242056846,1.6863555046332985,1.2980771850353299,0.6659557540267411,,90.49085227386452,2.7147255682159352,3.995734462522356,991064.5630003662,0.0,495532.2815001831,0.0
2020-01-15 19:00:00,32.54,-100.0,charge,ok,-99.9999983022833,99.9999983022833,0.0,3253.9999447562986,0.0,-3253.9999447562986,0.7504912241225744,0.7504912241225742,267.66210396044954,76.29666629164454,19312989.695306506,9561554.891004734,100,0.5362480968236922,1.6875279341820033,1.2993509349540664,0.6655115487162329,,90.49336430419162,2.714800929125748,3.9930692245063932,990403.502318192,0.0,495201.751159096,0.0
2020-01-15 20:00:00,34.13,0.0,idle,sin_restriccion,0.0,0.0,0.0,0.0,0.0,0.0,0.7504912241225744,0.7504912241225742,267.66210396044954,76.29666629164454,19312989.695306506,9561554.891004734,0,0.0,,,,,0.0,0.0,0.0,0.0,0.0,0.0,0.0
2020-01-15 21:00:00,44.5,74.0,discharge,above_max_power,73.79726982207183,0.0,73.79726982207183,0.0,3283.9785070821963,3283.9785070821963,0.6252899664889378,0.6252899664889376,226.34568894134947,64.40254681644907,16331829.920709528,8070975.003706245,106,1.5,0.49842544294014235,1.3005565566698427,,0.3683932135391218,79.24964542748263,3.1699858170993056,0.0,0.0,2981159.774596979,0.0,1490579.8872984895
2020-01-15 22:00:00,44.74,74.0,discharge,above_max_power,73.2286375303865,0.0,73.2286375303865,0.0,3276.249243109492,3276.249243109492,0.5000887088553012,0.5000887088553011,185.02927392224942,52.50842734125359,13350670.14611255,6580395.116407756,106,1.5,0.4945849105933947,1.296716024323095,,0.36555462238580216,78.63900078434976,3.1455600313739907,0.0,0.0,2981159.774596979,0.0,1490579.8872984895
2020-01-15 23:00:00,34.23,0.0,idle,sin_restriccion,0.0,0.0,0.0,0.0,0.0,0.0,0.5000887088553012,0.5000887088553011,185.02927392224942,52.50842734125359,13350670.14611255,6580395.116407756,0,0.0,,,,,0.0,0.0,0.0,0.0,0.0,0.0,0.0
2020-01-16 00:00:00,36.42,0.0,idle,sin_restriccion,0.0,0.0,0.0,0.0,0.0,0.0,0.5000887088553012,0.5000887088553011,185.02927392224942,52.50842734125359,13350670.14611255,6580395.116407756,0,0.0,,,,,0.0,0.0,0.0,0.0,0.0,0.0,0.0
2020-01-16 01:00:00,36.42,0.0,idle,sin_restriccion,0.0,0.0,0.0,0.0,0.0,0.0,0.5000887088553012,0.5000887088553011,185.02927392224942,52.50842734125359,13350670.14611255,6580395.116407756,0,0.0,,,,,0.0,0.0,0.0,0.0,0.0,0.0,0.0
2020-01-16 02:00:00,36.42,0.0,idle,sin_restriccion,0.0,0.0,0.0,0.0,0.0,0.0,0.5000887088553012,0.5000887088553011,185.02927392224942,52.50842734125359,13350670.14611255,6580395.116407756,0,0.0,,,,,0.0,0.0,0.0,0.0,0.0,0.0,0.0
2020-01-16 03:00:00,35.94,0.0,idle,sin_restriccion,0.0,0.0,0.0,0.0,0.0,0.0,0.5000887088553012,0.5000887088553011,185.02927392224942,52.50842734125359,13350670.14611255,6580395.116407756,0,0.0,,,,,0.0,0.0,0.0,0.0,0.0,0.0,0.0
2020-01-16 04:00:00,36.42,0.0,idle,sin_restriccion,0.0,0.0,0.0,0.0,0.0,0.0,0.5000887088553012,0.5000887088553011,185.02927392224942,52.50842734125359,13350670.14611255,6580395.116407756,0,0.0,,,,,0.0,0.0,0.0,0.0,0.0,0.0,0.0
2020-01-16 05:00:00,37.58,0.0,idle,sin_restriccion,0.0,0.0,0.0,0.0,0.0,0.0,0.5000887088553012,0.5000887088553011,185.02927392224942,52.50842734125359,13350670.14611255,6580395.116407756,0,0.0,,,,,0.0,0.0,0.0,0.0,0.0,0.0,0.0
2020-01-16 06:00:00,37.81,0.0,idle,sin_restriccion,0.0,0.0,0.0,0.0,0.0,0.0,0.5000887088553012,0.5000887088553011,185.02927392224942,52.50842734125359,13350670.14611255,6580395.116407756,0,0.0,,,,,0.0,0.0,0.0,0.0,0.0,0.0,0.0
2020-01-16 07:00:00,36.1,-100.0,charge,ok,-100.0000053410657,100.0000053410657,0.0,3610.000192812472,0.0,-3610.000192812472,0.5418417786990402,0.54184177869904,198.80778697068325,56.474968976408796,14344850.034052046,7077485.060377504,100,0.5382927983999253,1.6808513899609971,1.2920958342758435,0.6680490818188835,,90.47901983965092,2.7143705951895276,4.008294704998943,994179.8879394963,0.0,497089.94396974816,0.0
2020-01-16 08:00:00,34.63,-100.0,charge,ok,-100.00000107575065,100.00000107575065,0.0,3463.000037253245,0.0,-3463.000037253245,0.5835587464102803,0.5835587464102802,212.57438631539247,60.43808090897661,15338170.296240035,7574145.191471498,100,0.5378273591399193,1.682366674905214,1.2937427643737485,0.6674714761995123,,90.48228258692784,2.714468477607835,4.004828900279046,993320.262187989,0.0,496660.1310939945,0.0
2020-01-16 09:00:00,37.79,-100.0,charge,ok,-100.00000786364689,100.00000786364689,0.0,3779.0002971672156,0.0,-3779.0002971672156,0.6252421272830574,0.6252421272830574,226.32990200340896,64.39800209189045,16330690.824194727,8070405.4554488445,100,0.5373943477869034,1.6837789329993504,1.2952775235595118,0.6669340415190966,,90.4853281516514,2.714559844549542,4.001604563786607,992520.5279546918,0.0,496260.2639773459,0.0
2020-01-16 10:00:00,37.73,0.0,idle,sin_restriccion,0.0,0.0,0.0,0.0,0.0,0.0,0.6252421272830574,0.6252421272830574,226.32990200340896,64.39800209189045,16330690.824194727,8070405.4554488445,0,0.0,,,,,0.0,0.0,0.0,0.0,0.0,0.0,0.0
2020-01-16 11:00:00,37.72,0.0,idle,sin_restriccion,0.0,0.0,0.0,0.0,0.0,0.0,0.6252421272830574,0.6252421272830574,226.32990200340896,64.39800209189045,16330690.824194727,8070405.4554488445,0,0.0,,,,,0.0,0.0,0.0,0.0,0.0,0.0,0.0
2020-01-16 12:00:00,37.72,0.0,idle,sin_restriccion,0.0,0.0,0.0,0.0,0.0,0.0,0.6252421272830574,0.6252421272830574,226.32990200340896,64.39800209189045,16330690.824194727,8070405.4554488445,0,0.0,,,,,0.0,0.0,0.0,0.0,0.0,0.0,0.0
2020-01-16 13:00:00,37.17,0.0,idle,sin_restriccion,0.0,0.0,0.0,0.0,0.0,0.0,0.6252421272830574,0.6252421272830574,226.32990200340896,64.39800209189045,16330690.824194727,8070405.4554488445,0,0.0,,,,,0.0,0.0,0.0,0.0,0.0,0.0,0.0
2020-01-16 14:00:00,35.04,-100.0,charge,ok,-100.00000013890072,100.00000013890072,0.0,3504.000004867081,0.0,-3504.000004867081,0.6668941030419477,0.6668941030419477,240.07505400384272,68.35493978898502,17322463.56683156,8566291.82676726,100,0.536989463865757,1.6851012675073658,1.296714426113251,0.6664316112165665,,90.4881626198288,2.714644878594864,3.998589672853468,991772.7426368307,0.0,495886.37131841533,0.0
2020-01-16 15:00:00,35.03,-100.0,charge,ok,-99.99999912320574,99.99999912320574,0.0,3502.9999692858974,0.0,-3502.9999692858974,0.7085165984728892,0.708516598472889,253.81047749605335,72.30907685492444,18313534.35511518,9061827.22090907,100,0.5366093948483468,1.6863444828347522,1.2980652091791212,0.6659599327341603,,90.49082924398047,2.714724877319414,3.9957595613703716,991070.7882836211,0.0,495535.39414181054,0.0
2020-01-16 16:00:00,35.03,-100.0,charge,ok,-99.99999015799551,99.99999015799551,0.0,3502.999655234583,0.0,-3502.999655234583,0.7501113129770492,0.750111312977049,267.5367332824262,76.26057473281966,19303943.653386746,9557031.870044854,100,0.5362512350082397,1.6875175047443534,1.2993396170939095,0.6655154975666273,,90.49333460171825,2.714800038051547,3.993092592399373,990409.2982715672,0.0,495204.6491357836,0.0
2020-01-16 17:00:00,36.11,0.0,idle,sin_restriccion,0.0,0.0,0.0,0.0,0.0,0.0,0.7501113129770492,0.750111312977049,267.5367332824262,76.26057473281966,19303943.653386746,9557031.870044854,0,0.0,,,,,0.0,0.0,0.0,0.0,0.0,0.0,0.0
2020-01-16 18:00:00,37.88,0.0,idle,sin_restriccion,0.0,0.0,0.0,0.0,0.0,0.0,0.7501113129770492,0.750111312977049,267.5367332824262,76.26057473281966,19303943.653386746,9557031.870044854,0,0.0,,,,,0.0,0.0,0.0,0.0,0.0,0.0,0.0
2020-01-16 19:00:00,37.93,0.0,idle,sin_restriccion,0.0,0.0,0.0,0.0,0.0,0.0,0.7501113129770492,0.750111312977049,267.5367332824262,76.26057473281966,19303943.653386746,9557031.870044854,0,0.0,,,,,0.0,0.0,0.0,0.0,0.0,0.0,0.0
2020-01-16 20:00:00,41.98,74.0,discharge,above_max_power,73.79568134973285,0.0,73.79568134973285,0.0,3097.9427030617844,3097.9427030617844,0.6249100553434126,0.6249100553434126,226.22031826332613,64.3664552576242,16322783.878789768,8066451.982746365,106,1.5,0.49841471442632257,1.300545828156023,,0.3683852839445584,79.24793959378528,3.169917583751411,0.0,0.0,2981159.774596979,0.0,1490579.8872984895
2020-01-16 21:00:00,41.09,74.0,discharge,above_max_power,73.22675787800561,0.0,73.22675787800561,0.0,3008.887481207251,3008.887481207251,0.49970879770977605,0.49970879770977594,184.9039032442261,52.47233578242871,13341624.10419279,6575872.095447876,106,1.5,0.49457221545477015,1.2967033291844705,,0.36554523923134946,78.63698225730845,3.145479290292338,0.0,0.0,2981159.774596979,0.0,1490579.8872984895
2020-01-16 22:00:00,36.77,0.0,idle,sin_restriccion,0.0,0.0,0.0,0.0,0.0,0.0,0.49970879770977605,0.49970879770977594,184.9039032442261,52.47233578242871,13341624.10419279,6575872.095447876,0,0.0,,,,,0.0,0.0,0.0,0.0,0.0,0.0,0.0
2020-01-16 23:00:00,36.57,0.0,idle,sin_restriccion,0.0,0.0,0.0,0.0,0.0,0.0,0.49970879770977605,0.49970879770977594,184.9039032442261,52.47233578242871,13341624.10419279,6575872.095447876,0,0.0,,,,,0.0,0.0,0.0,0.0,0.0,0.0,0.0
2020-01-17 00:00:00,36.03,0.0,idle,sin_restriccion,0.0,0.0,0.0,0.0,0.0,0.0,0.49970879770977605,0.49970879770977594,184.9039032442261,52.47233578242871,13341624.10419279,6575872.095447876,0,0.0,,,,,0.0,0.0,0.0,0.0,0.0,0.0,0.0
2020-01-17 01:00:00,35.09,-100.0,charge,ok,-100.00000943199937,100.00000943199937,0.0,3509.000330968858,0.0,-3509.000330968858,0.5414622101383658,0.5414622101383657,198.68252934566073,56.43890996314474,14335812.1494,7072966.1180514805,100,0.538297215104103,1.680837094405752,1.2920802896454884,0.6680545358465365,,90.47899269622886,2.7143697808868654,4.008327593144617,994188.0452072092,0.0,497094.0226036046,0.0
2020-01-17 02:00:00,35.06,-100.0,charge,ok,-99.9999986533331,99.9999986533331,0.0,3505.9999527858586,0.0,-3505.9999527858586,0.5831794933882842,0.5831794933882841,212.4492328181338,60.40205187188699,15329139.924860882,7569630.005781922,100,0.5378314271569252,1.6823533765930487,1.2937283153265453,0.6674765409873806,,90.48225175153114,2.714467552545934,4.004859191992169,993327.7754608829,0.0,496663.88773044146,0.0
2020-01-17 03:00:00,35.46,-100.0,charge,ok,-99.99999039851154,99.99999039851154,0.0,3545.9996595312195,0.0,-3545.9996595312195,0.6248631627535672,0.6248631627535672,226.20484370867717,64.36200046158888,16321667.322093647,8065893.704398304,100,0.5373980671167375,1.6837664874795517,1.295264025708059,0.6669387738805789,,90.48528558474494,2.714558567542348,4.001632259067177,992527.3972327661,0.0,496263.6986163831,0.0
2020-01-17 04:00:00,36.03,0.0,idle,sin_restriccion,0.0,0.0,0.0,0.0,0.0,0.0,0.6248631627535672,0.6248631627535672,226.20484370867717,64.36200046158888,16321667.322093647,8065893.704398304,0,0.0,,,,,0.0,0.0,0.0,0.0,0.0,0.0,0.0
2020-01-17 05:00:00,37.46,0.0,idle,sin_restriccion,0.0,0.0,0.0,0.0,0.0,0.0,0.6248631627535672,0.6248631627535672,226.20484370867717,64.36200046158888,16321667.322093647,8065893.704398304,0,0.0,,,,,0.0,0.0,0.0,0.0,0.0,0.0,0.0
2020-01-17 06:00:00,41.75,0.0,idle,sin_restriccion,0.0,0.0,0.0,0.0,0.0,0.0,0.6248631627535672,0.6248631627535672,226.20484370867717,64.36200046158888,16321667.322093647,8065893.704398304,0,0.0,,,,,0.0,0.0,0.0,0.0,0.0,0.0,0.0
2020-01-17 07:00:00,40.99,0.0,idle,sin_restriccion,0.0,0.0,0.0,0.0,0.0,0.0,0.6248631627535672,0.6248631627535672,226.20484370867717,64.36200046158888,16321667.322093647,8065893.704398304,0,0.0,,,,,0.0,0.0,0.0,0.0,0.0,0.0,0.0
2020-01-17 08:00:00,32.71,-100.0,charge,ok,-99.99999594850809,99.99999594850809,0.0,3270.9998674756994,0.0,-3270.9998674756994,0.6665154134818773,0.6665154134818773,239.95008644901952,68.31896428077832,17313446.612011142,8561783.349357052,100,0.536993008852005,1.6850896063325096,1.2967017617285546,0.6664360386535622,,90.48813378897349,2.7146440136692043,3.9986160699177593,991779.2899174951,0.0,495889.64495874755,0.0
2020-01-17 09:00:00,32.7,-100.0,charge,ok,-99.9999907533777,99.9999907533777,0.0,3269.999697635451,0.0,-3269.999697635451,0.7081381658514568,0.7081381658514566,253.68559473098074,72.27312575588839,18304523.518245548,9057321.802474255,100,0.53661270737648,1.6863334926910523,1.298053281428623,0.6659640994924562,,90.49079810525811,2.7147239431577432,3.9957842274796276,991076.9062344057,0.0,495538.45311720285,0.0
2020-01-17 10:00:00,36.51,-100.0,charge,ok,-100.000008152262,100.000008152262,0.0,3651.000297639085,0.0,-3651.000297639085,0.7497331327865596,0.7497331327865594,267.4119338195647,76.22464761472314,19294938.82713543,9552529.456919195,100,0.5362544894218444,1.687507153897822,1.299328344921834,0.6655194167067586,,90.49332872091863,2.714799861627559,3.9931168257698704,990415.308889882,0.0,495207.654444941,0.0
2020-01-17 11:00:00,40.45,0.0,idle,sin_restriccion,0.0,0.0,0.0,0.0,0.0,0.0,0.7497331327865596,0.7497331327865594,267.4119338195647,76.22464761472314,19294938.82713543,9552529.456919195,0,0.0,,,,,0.0,0.0,0.0,0.0,0.0,0.0,0.0
2020-01-17 12:00:00,37.97,0.0,idle,sin_restriccion,0.0,0.0,0.0,0.0,0.0,0.0,0.7497331327865596,0.7497331327865594,267.4119338195647,76.22464761472314,19294938.82713543,9552529.456919195,0,0.0,,,,,0.0,0.0,0.0,0.0,0.0,0.0,0.0
2020-01-17 13:00:00,36.05,0.0,idle,sin_restriccion,0.0,0.0,0.0,0.0,0.0,0.0,0.7497331327865596,0.7497331327865594,267.4119338195647,76.22464761472314,19294938.82713543,9552529.456919195,0,0.0,,,,,0.0,0.0,0.0,0.0,0.0,0.0,0.0
2020-01-17 14:00:00,39.88,0.0,idle,sin_restriccion,0.0,0.0,0.0,0.0,0.0,0.0,0.7497331327865596,0.7497331327865594,267.4119338195647,76.22464761472314,19294938.82713543,9552529.456919195,0,0.0,,,,,0.0,0.0,0.0,0.0,0.0,0.0,0.0
2020-01-17 15:00:00,40.45,0.0,idle,sin_restriccion,0.0,0.0,0.0,0.0,0.0,0.0,0.7497331327865596,0.7497331327865594,267.4119338195647,76.22464761472314,19294938.82713543,9552529.456919195,0,0.0,,,,,0.0,0.0,0.0,0.0,0.0,0.0,0.0
2020-01-17 16:00:00,38.12,0.0,idle,sin_restriccion,0.0,0.0,0.0,0.0,0.0,0.0,0.7497331327865596,0.7497331327865594,267.4119338195647,76.22464761472314,19294938.82713543,9552529.456919195,0,0.0,,,,,0.0,0.0,0.0,0.0,0.0,0.0,0.0
2020-01-17 17:00:00,34.23,0.0,idle,sin_restriccion,0.0,0.0,0.0,0.0,0.0,0.0,0.7497331327865596,0.7497331327865594,267.4119338195647,76.22464761472314,19294938.82713543,9552529.456919195,0,0.0,,,,,0.0,0.0,0.0,0.0,0.0,0.0,0.0
2020-01-17 18:00:00,33.33,0.0,idle,sin_restriccion,0.0,0.0,0.0,0.0,0.0,0.0,0.7497331327865596,0.7497331327865594,267.4119338195647,76.22464761472314,19294938.82713543,9552529.456919195,0,0.0,,,,,0.0,0.0,0.0,0.0,0.0,0.0,0.0
2020-01-17 19:00:00,38.83,0.0,idle,sin_restriccion,0.0,0.0,0.0,0.0,0.0,0.0,0.7497331327865596,0.7497331327865594,267.4119338195647,76.22464761472314,19294938.82713543,9552529.456919195,0,0.0,,,,,0.0,0.0,0.0,0.0,0.0,0.0,0.0
2020-01-17 20:00:00,41.04,0.0,idle,sin_restriccion,0.0,0.0,0.0,0.0,0.0,0.0,0.7497331327865596,0.7497331327865594,267.4119338195647,76.22464761472314,19294938.82713543,9552529.456919195,0,0.0,,,,,0.0,0.0,0.0,0.0,0.0,0.0,0.0
2020-01-17 21:00:00,53.06,74.0,discharge,above_max_power,73.79409937287399,0.0,73.79409937287399,0.0,3915.514912724694,3915.514912724694,0.624531875152923,0.6245318751529229,226.09551880046456,64.33052813952766,16313779.05253845,8061949.569620706,106,1.5,0.49840402978285947,1.3005351435125598,,0.36837738677518905,79.24624073547464,3.169849629418986,0.0,0.0,2981159.774596979,0.0,1490579.8872984895
2020-01-17 22:00:00,53.06,74.0,discharge,above_max_power,73.2248857507484,0.0,73.2248857507484,0.0,3885.31243793471,3885.31243793471,0.49933061751928637,0.49933061751928626,184.77910378136448,52.43640866433219,13332619.277941473,6571369.682322217,106,1.5,0.4945595711406964,1.2966906848703967,,0.36553589364203287,78.63497181137072,3.145398872454829,0.0,0.0,2981159.774596979,0.0,1490579.8872984895
2020-01-17 23:00:00,52.6,0.0,idle,sin_restriccion,0.0,0.0,0.0,0.0,0.0,0.0,0.49933061751928637,0.49933061751928626,184.77910378136448,52.43640866433219,13332619.277941473,6571369.682322217,0,0.0,,,,,0.0,0.0,0.0,0.0,0.0,0.0,0.0
2020-01-18 00:00:00,50.46,74.0,discharge,above_max_power,72.53997432344089,0.0,72.53997432344089,0.0,3660.3671043608274,3660.3671043608274,0.37412935988564977,0.37412935988564966,143.46268876226443,40.54228918913671,10351459.503344495,5080789.795023728,106,1.5,0.4899336915877862,1.2920648053174866,,0.3621168413884221,77.899456962458,3.11597827849832,0.0,0.0,2981159.774596979,0.0,1490579.8872984895
2020-01-18 01:00:00,42.42,74.0,discharge,above_max_power,71.68001059530508,0.0,71.68001059530508,0.0,3040.6660494528414,3040.6660494528414,0.2489281022520132,0.24892810225201303,102.14627374316436,28.648169713941236,7370299.728747516,3590209.9077252387,106,1.5,0.4841255119201374,1.2862566256498378,,0.3578239345898526,76.97595639530185,3.079038255812074,0.0,0.0,2981159.774596979,0.0,1490579.8872984895
2020-01-18 02:00:00,34.83,0.0,idle,sin_restriccion,0.0,0.0,0.0,0.0,0.0,0.0,0.2489281022520132,0.24892810225201303,102.14627374316436,28.648169713941236,7370299.728747516,3590209.9077252387,0,0.0,,,,,0.0,0.0,0.0,0.0,0.0,0.0,0.0
2020-01-18 03:00:00,32.68,0.0,idle,sin_restriccion,0.0,0.0,0.0,0.0,0.0,0.0,0.2489281022520132,0.24892810225201303,102.14627374316436,28.648169713941236,7370299.728747516,3590209.9077252387,0,0.0,,,,,0.0,0.0,0.0,0.0,0.0,0.0,0.0
2020-01-18 04:00:00,32.68,0.0,idle,sin_restriccion,0.0,0.0,0.0,0.0,0.0,0.0,0.2489281022520132,0.24892810225201303,102.14627374316436,28.648169713941236,7370299.728747516,3590209.9077252387,0,0.0,,,,,0.0,0.0,0.0,0.0,0.0,0.0,0.0
2020-01-18 05:00:00,32.68,0.0,idle,sin_restriccion,0.0,0.0,0.0,0.0,0.0,0.0,0.2489281022520132,0.24892810225201303,102.14627374316436,28.648169713941236,7370299.728747516,3590209.9077252387,0,0.0,,,,,0.0,0.0,0.0,0.0,0.0,0.0,0.0
2020-01-18 06:00:00,32.19,-100.0,charge,ok,-100.00000095742391,100.00000095742391,0.0,3219.0000308194753,0.0,-3219.0000308194753,0.2909826197182684,0.2909826197182683,116.02426450702858,32.64334887323548,8371657.368279755,4090888.7274913583,100,0.542179149389267,1.6682998372202507,1.2784462669763579,0.6728722730178437,,90.45173866703283,2.713552160010985,4.037233676760502,1001357.6395322396,0.0,500678.8197661198,0.0
2020-01-18 07:00:00,31.89,-100.0,charge,ok,-100.00000057492036,100.00000057492036,0.0,3189.0000183342104,0.0,-3189.0000183342104,0.3329720505705703,0.3329720505705702,129.88077668828822,36.63234480420416,9371465.234278968,4590792.660490965,100,0.5413400337100027,1.6709946088437981,1.2813779336900668,0.6718308897743382,,90.45762778807345,2.7137288336422034,4.030985361820985,999807.8659992126,0.0,499903.9329996063,0.0
2020-01-18 08:00:00,32.5,-100.0,charge,ok,-99.99999067728595,99.99999067728595,0.0,3249.9996970117936,0.0,-3249.9996970117936,0.3749040488757167,0.3749040488757166,143.71833612898652,40.61588464319308,10369905.577279061,5090012.831991011,100,0.5405995965003967,1.673379261356779,1.2839717054289739,0.6709120354295531,,90.46281534816067,2.7138844604448202,4.025471837294055,998440.3430000931,0.0,499220.17150004656,0.0
2020-01-18 09:00:00,32.77,0.0,idle,sin_restriccion,0.0,0.0,0.0,0.0,0.0,0.0,0.3749040488757167,0.3749040488757166,143.71833612898652,40.61588464319308,10369905.577279061,5090012.831991011,0,0.0,,,,,0.0,0.0,0.0,0.0,0.0,0.0,0.0
2020-01-18 10:00:00,33.2,0.0,idle,sin_restriccion,0.0,0.0,0.0,0.0,0.0,0.0,0.3749040488757167,0.3749040488757166,143.71833612898652,40.61588464319308,10369905.577279061,5090012.831991011,0,0.0,,,,,0.0,0.0,0.0,0.0,0.0,0.0,0.0
2020-01-18 11:00:00,32.75,0.0,idle,sin_restriccion,0.0,0.0,0.0,0.0,0.0,0.0,0.3749040488757167,0.3749040488757166,143.71833612898652,40.61588464319308,10369905.577279061,5090012.831991011,0,0.0,,,,,0.0,0.0,0.0,0.0,0.0,0.0,0.0
2020-01-18 12:00:00,32.58,0.0,idle,sin_restriccion,0.0,0.0,0.0,0.0,0.0,0.0,0.3749040488757167,0.3749040488757166,143.71833612898652,40.61588464319308,10369905.577279061,5090012.831991011,0,0.0,,,,,0.0,0.0,0.0,0.0,0.0,0.0,0.0
2020-01-18 13:00:00,32.58,0.0,idle,sin_restriccion,0.0,0.0,0.0,0.0,0.0,0.0,0.3749040488757167,0.3749040488757166,143.71833612898652,40.61588464319308,10369905.577279061,5090012.831991011,0,0.0,,,,,0.0,0.0,0.0,0.0,0.0,0.0,0.0
2020-01-18 14:00:00,32.58,0.0,idle,sin_restriccion,0.0,0.0,0.0,0.0,0.0,0.0,0.3749040488757167,0.3749040488757166,143.71833612898652,40.61588464319308,10369905.577279061,5090012.831991011,0,0.0,,,,,0.0,0.0,0.0,0.0,0.0,0.0,0.0
2020-01-18 15:00:00,32.58,0.0,idle,sin_restriccion,0.0,0.0,0.0,0.0,0.0,0.0,0.3749040488757167,0.3749040488757166,143.71833612898652,40.61588464319308,10369905.577279061,5090012.831991011,0,0.0,,,,,0.0,0.0,0.0,0.0,0.0,0.0,0.0
2020-01-18 16:00:00,32.58,-100.0,charge,ok,-99.99999563163847,99.99999563163847,0.0,3257.999857678781,0.0,-3257.999857678781,0.4167846774840273,0.4167846774840272,157.538943569729,44.59454436098259,11367122.759452062,5588621.423077512,100,0.5399373233318328,1.6755179608796593,1.2862975143509148,0.6700900870049277,,90.46746829917737,2.714024048975321,4.02054034639782,997217.1821730015,0.0,498608.59108650073,0.0
2020-01-18 17:00:00,32.55,-100.0,charge,ok,-100.00000912649928,100.00000912649928,0.0,3255.0002970675514,0.0,-3255.0002970675514,0.4586188497834937,0.4586188497834936,171.34422042855292,48.56879072943188,12363233.773190174,6086676.929946568,100,0.5393383949995041,1.6774567793081894,1.2884055992524157,0.6693466957035403,,90.47168470331162,2.7141505410993485,4.01608054074877,996111.013738112,0.0,498055.506869056,0.0
2020-01-18 18:00:00,31.66,-100.0,charge,ok,-99.99999077548665,99.99999077548665,0.0,3165.9997079519076,0.0,-3165.9997079519076,0.5004106136845895,0.5004106136845894,185.13550251591454,52.53900830003599,13358335.003051376,6584227.544877169,100,0.5387916535139083,1.6792298881725016,1.2903332703642574,0.668668284098928,,90.47550480784376,2.7142651442353127,4.012009334505198,995101.2298612014,0.0,497550.6149306007,0.0
2020-01-18 19:00:00,34.17,0.0,idle,sin_restriccion,0.0,0.0,0.0,0.0,0.0,0.0,0.5004106136845895,0.5004106136845894,185.13550251591454,52.53900830003599,13358335.003051376,6584227.544877169,0,0.0,,,,,0.0,0.0,0.0,0.0,0.0,0.0,0.0
2020-01-18 20:00:00,35.58,0.0,idle,sin_restriccion,0.0,0.0,0.0,0.0,0.0,0.0,0.5004106136845895,0.5004106136845894,185.13550251591454,52.53900830003599,13358335.003051376,6584227.544877169,0,0.0,,,,,0.0,0.0,0.0,0.0,0.0,0.0,0.0
2020-01-18 21:00:00,35.96,0.0,idle,sin_restriccion,0.0,0.0,0.0,0.0,0.0,0.0,0.5004106136845895,0.5004106136845894,185.13550251591454,52.53900830003599,13358335.003051376,6584227.544877169,0,0.0,,,,,0.0,0.0,0.0,0.0,0.0,0.0,0.0
2020-01-18 22:00:00,35.9,0.0,idle,sin_restriccion,0.0,0.0,0.0,0.0,0.0,0.0,0.5004106136845895,0.5004106136845894,185.13550251591454,52.53900830003599,13358335.003051376,6584227.544877169,0,0.0,,,,,0.0,0.0,0.0,0.0,0.0,0.0,0.0
2020-01-18 23:00:00,35.84,0.0,idle,sin_restriccion,0.0,0.0,0.0,0.0,0.0,0.0,0.5004106136845895,0.5004106136845894,185.13550251591454,52.53900830003599,13358335.003051376,6584227.544877169,0,0.0,,,,,0.0,0.0,0.0,0.0,0.0,0.0,0.0
2020-01-19 00:00:00,35.69,0.0,idle,sin_restriccion,0.0,0.0,0.0,0.0,0.0,0.0,0.5004106136845895,0.5004106136845894,185.13550251591454,52.53900830003599,13358335.003051376,6584227.544877169,0,0.0,,,,,0.0,0.0,0.0,0.0,0.0,0.0,0.0
2020-01-19 01:00:00,33.93,0.0,idle,sin_restriccion,0.0,0.0,0.0,0.0,0.0,0.0,0.5004106136845895,0.5004106136845894,185.13550251591454,52.53900830003599,13358335.003051376,6584227.544877169,0,0.0,,,,,0.0,0.0,0.0,0.0,0.0,0.0,0.0
2020-01-19 02:00:00,32.67,0.0,idle,sin_restriccion,0.0,0.0,0.0,0.0,0.0,0.0,0.5004106136845895,0.5004106136845894,185.13550251591454,52.53900830003599,13358335.003051376,6584227.544877169,0,0.0,,,,,0.0,0.0,0.0,0.0,0.0,0.0,0.0
2020-01-19 03:00:00,32.67,0.0,idle,sin_restriccion,0.0,0.0,0.0,0.0,0.0,0.0,0.5004106136845895,0.5004106136845894,185.13550251591454,52.53900830003599,13358335.003051376,6584227.544877169,0,0.0,,,,,0.0,0.0,0.0,0.0,0.0,0.0,0.0
2020-01-19 04:00:00,32.67,0.0,idle,sin_restriccion,0.0,0.0,0.0,0.0,0.0,0.0,0.5004106136845895,0.5004106136845894,185.13550251591454,52.53900830003599,13358335.003051376,6584227.544877169,0,0.0,,,,,0.0,0.0,0.0,0.0,0.0,0.0,0.0
2020-01-19 05:00:00,31.12,0.0,idle,sin_restriccion,0.0,0.0,0.0,0.0,0.0,0.0,0.5004106136845895,0.5004106136845894,185.13550251591454,52.53900830003599,13358335.003051376,6584227.544877169,0,0.0,,,,,0.0,0.0,0.0,0.0,0.0,0.0,0.0
2020-01-19 06:00:00,29.24,0.0,idle,sin_restriccion,0.0,0.0,0.0,0.0,0.0,0.0,0.5004106136845895,0.5004106136845894,185.13550251591454,52.53900830003599,13358335.003051376,6584227.544877169,0,0.0,,,,,0.0,0.0,0.0,0.0,0.0,0.0,0.0
2020-01-19 07:00:00,29.18,0.0,idle,sin_restriccion,0.0,0.0,0.0,0.0,0.0,0.0,0.5004106136845895,0.5004106136845894,185.13550251591454,52.53900830003599,13358335.003051376,6584227.544877169,0,0.0,,,,,0.0,0.0,0.0,0.0,0.0,0.0,0.0
2020-01-19 08:00:00,29.11,0.0,idle,sin_restriccion,0.0,0.0,0.0,0.0,0.0,0.0,0.5004106136845895,0.5004106136845894,185.13550251591454,52.53900830003599,13358335.003051376,6584227.544877169,0,0.0,,,,,0.0,0.0,0.0,0.0,0.0,0.0,0.0
2020-01-19 09:00:00,18.76,-100.0,charge,ok,-100.00000603846655,100.00000603846655,0.0,1876.0001132816326,0.0,-1876.0001132816326,0.5421633950358226,0.5421633950358226,198.91392036182145,56.505522528403134,14352508.021712799,7081314.05420788,100,0.5382890790700912,1.680863501040725,1.2921089972104591,0.6680444612800877,,90.4790466017741,2.714371398053223,4.008267009718374,994173.0186614218,0.0,497086.5093307109,0.0
2020-01-19 10:00:00,28.05,-100.0,charge,ok,-100.00000638028828,100.00000638028828,0.0,2805.0001789670864,0.0,-2805.0001789670864,0.5838800967930338,0.5838800967930337,212.68043194170113,60.46860919533819,15345821.951285062,7577971.018994012,100,0.5378239303827286,1.6823779408212751,1.2937550001968972,0.6674671855290482,,90.48231165216998,2.7144693495650993,4.004803368692273,993313.9295722645,0.0,496656.9647861323,0.0
2020-01-19 11:00:00,28.98,-100.0,charge,ok,-100.0000014836112,100.0000014836112,0.0,2898.000042995053,0.0,-2898.000042995053,0.6255632252348683,0.6255632252348682,226.43586432750658,64.42850639731247,16338336.46862144,8074228.277662201,100,0.5373910933732986,1.6837894430236604,1.295288954375648,0.6669300451747028,,90.48534497969025,2.7145603493907076,4.00158033041611,992514.517336377,0.0,496257.2586681885,0.0
2020-01-19 12:00:00,28.81,-100.0,charge,ok,-99.99999967115276,99.99999967115276,0.0,2880.999990525911,0.0,-2880.999990525911,0.6672149665935975,0.6672149665935975,240.1809389758872,68.38542182639175,17330103.629969835,8570111.858336398,100,0.5369864419102668,1.6851111373905485,1.2967251511931344,0.6664278639311971,,90.48818338907134,2.7146455016721402,3.998567170438006,991767.1613483953,0.0,495883.58067419764,0.0
2020-01-19 13:00:00,28.77,-100.0,charge,ok,-99.99999764862882,99.99999764862882,0.0,2876.999932351051,0.0,-2876.999932351051,0.7088372411474642,0.7088372411474639,253.9162895786632,72.33953790900907,18321169.158962432,9065644.622832697,100,0.5366065472364425,1.6863537783239386,1.2980753106824323,0.6659564085209713,,90.49084784055378,2.7147254352166135,3.9957383571711858,991065.5289925953,0.0,495532.76449629763,0.0
2020-01-19 14:00:00,28.98,-100.0,charge,ok,-99.99999170953605,99.99999170953605,0.0,2897.999759742355,0.0,-2897.999759742355,0.7504317482976357,0.7504317482976355,267.6424769382198,76.29101608827537,19311573.519940384,9560846.803321673,100,0.5362485617399215,1.687526294398722,1.2993491635525463,0.6655121695767907,,90.49335482696141,2.714800644808842,3.9930726864164656,990404.3609779514,0.0,495202.1804889757,0.0
2020-01-19 15:00:00,28.98,0.0,idle,sin_restriccion,0.0,0.0,0.0,0.0,0.0,0.0,0.7504317482976357,0.7504317482976355,267.6424769382198,76.29101608827537,19311573.519940384,9560846.803321673,0,0.0,,,,,0.0,0.0,0.0,0.0,0.0,0.0,0.0
2020-01-19 16:00:00,28.98,0.0,idle,sin_restriccion,0.0,0.0,0.0,0.0,0.0,0.0,0.7504317482976357,0.7504317482976355,267.6424769382198,76.29101608827537,19311573.519940384,9560846.803321673,0,0.0,,,,,0.0,0.0,0.0,0.0,0.0,0.0,0.0
2020-01-19 17:00:00,31.45,0.0,idle,sin_restriccion,0.0,0.0,0.0,0.0,0.0,0.0,0.7504317482976357,0.7504317482976355,267.6424769382198,76.29101608827537,19311573.519940384,9560846.803321673,0,0.0,,,,,0.0,0.0,0.0,0.0,0.0,0.0,0.0
2020-01-19 18:00:00,31.8,0.0,idle,sin_restriccion,0.0,0.0,0.0,0.0,0.0,0.0,0.7504317482976357,0.7504317482976355,267.6424769382198,76.29101608827537,19311573.519940384,9560846.803321673,0,0.0,,,,,0.0,0.0,0.0,0.0,0.0,0.0,0.0
2020-01-19 19:00:00,32.22,0.0,idle,sin_restriccion,0.0,0.0,0.0,0.0,0.0,0.0,0.7504317482976357,0.7504317482976355,267.6424769382198,76.29101608827537,19311573.519940384,9560846.803321673,0,0.0,,,,,0.0,0.0,0.0,0.0,0.0,0.0,0.0
2020-01-19 20:00:00,33.97,0.0,idle,sin_restriccion,0.0,0.0,0.0,0.0,0.0,0.0,0.7504317482976357,0.7504317482976355,267.6424769382198,76.29101608827537,19311573.519940384,9560846.803321673,0,0.0,,,,,0.0,0.0,0.0,0.0,0.0,0.0,0.0
2020-01-19 21:00:00,35.91,74.0,discharge,above_max_power,73.79702119294545,0.0,73.79702119294545,0.0,2650.0510310386708,2650.0510310386708,0.625230490663999,0.6252304906639989,226.32606191911967,64.39689661307989,16330413.745343406,8070266.916023184,106,1.5,0.4984237637034613,1.3005548774331617,,0.36839197239181287,79.24937842885035,3.169975137154014,0.0,0.0,2981159.774596979,0.0,1490579.8872984895
2020-01-19 22:00:00,35.91,74.0,discharge,above_max_power,73.22834333618788,0.0,73.22834333618788,0.0,2629.6298092025063,2629.6298092025063,0.5000292330303624,0.5000292330303624,185.00964690001962,52.502777137884415,13349253.970746428,6579687.028724695,106,1.5,0.4945829236110292,1.2967140373407295,,0.36555315377935516,78.63868485415365,3.145547394166146,0.0,0.0,2981159.774596979,0.0,1490579.8872984895
2020-01-19 23:00:00,34.14,0.0,idle,sin_restriccion,0.0,0.0,0.0,0.0,0.0,0.0,0.5000292330303624,0.5000292330303624,185.00964690001962,52.502777137884415,13349253.970746428,6579687.028724695,0,0.0,,,,,0.0,0.0,0.0,0.0,0.0,0.0,0.0
2020-01-20 00:00:00,33.23,0.0,idle,sin_restriccion,0.0,0.0,0.0,0.0,0.0,0.0,0.5000292330303624,0.5000292330303624,185.00964690001962,52.502777137884415,13349253.970746428,6579687.028724695,0,0.0,,,,,0.0,0.0,0.0,0.0,0.0,0.0,0.0
2020-01-20 01:00:00,33.38,0.0,idle,sin_restriccion,0.0,0.0,0.0,0.0,0.0,0.0,0.5000292330303624,0.5000292330303624,185.00964690001962,52.502777137884415,13349253.970746428,6579687.028724695,0,0.0,,,,,0.0,0.0,0.0,0.0,0.0,0.0,0.0
2020-01-20 02:00:00,32.68,-100.0,charge,ok,-100.0000072198744,100.0000072198744,0.0,3268.0002359454957,0.0,-3268.0002359454957,0.5417823569664463,0.5417823569664462,198.7881777989273,56.46932391181238,14343435.146675562,7076777.616689262,100,0.5382934957742691,1.6808491543404944,1.2920934014327696,0.6680499347449753,,90.47901671591687,2.714370501477506,4.00829989786405,994181.1759291351,0.0,497090.58796456753,0.0
2020-01-20 03:00:00,32.68,-100.0,charge,ok,-100.00000121849884,100.00000121849884,0.0,3268.000039820542,0.0,-3268.000039820542,0.5834993742623358,0.5834993742623358,212.55479350657083,60.43244055492189,15336756.58952072,7573438.338111841,100,0.5378279983997345,1.6823645943302186,1.2937405029688045,0.6674722686010905,,90.48227823472028,2.7144683470416084,4.004833660405394,993321.442845158,0.0,496660.721422579,0.0
2020-01-20 04:00:00,32.68,-100.0,charge,ok,-100.00000493437209,100.00000493437209,0.0,3268.0001612552796,0.0,-3268.0001612552796,0.6251828002120671,0.625182800212067,226.31032406998213,64.39236602014634,16329278.190800112,8069699.138751537,100,0.53739492893219,1.6837769848615054,1.2952754109947149,0.6669347822866556,,90.48532131173059,2.7145596393519176,4.001608891174195,992521.6012793906,0.0,496260.8006396953,0.0
2020-01-20 05:00:00,32.99,-100.0,charge,ok,-99.9999930472991,99.9999930472991,0.0,3298.9997706303975,0.0,-3298.9997706303975,0.666834816540216,0.6668348165402159,240.05548945827127,68.3493075713205,17321051.899429172,8565585.993066067,100,0.5369899868965149,1.685099433370702,1.2967124439619069,0.666432307585428,,90.48815226450579,2.7146445679351734,3.998593567502298,991773.7086290598,0.0,495886.8543145299,0.0
2020-01-20 06:00:00,33.71,-100.0,charge,ok,-99.9999987339935,99.9999987339935,0.0,3370.9999573229206,0.0,-3370.9999573229206,0.7084573525404161,0.708457352540416,253.7909263383373,72.30344849133951,18312123.653705023,9061121.870203992,100,0.5366099178791046,1.6863427639167037,1.298063342217789,0.6659605844343044,,90.49082520613648,2.7147247561840944,3.995763456019201,991071.75427585,0.0,495535.877137925,0.0
2020-01-20 07:00:00,33.67,-100.0,charge,ok,-100.0000075111642,100.0000075111642,0.0,3367.000252900899,0.0,-3367.000252900899,0.7500521121215303,0.7500521121215301,267.517197000105,76.25495065154534,19302534.02530129,9556327.056002125,100,0.5362518161535261,1.6875159049071886,1.2993378527342143,0.6655161033098196,,90.49334687944409,2.7148004063833224,3.9930969197869617,990410.3715962662,0.0,495205.1857981331,0.0
2020-01-20 08:00:00,33.8,0.0,idle,sin_restriccion,0.0,0.0,0.0,0.0,0.0,0.0,0.7500521121215303,0.7500521121215301,267.517197000105,76.25495065154534,19302534.02530129,9556327.056002125,0,0.0,,,,,0.0,0.0,0.0,0.0,0.0,0.0,0.0
2020-01-20 09:00:00,35.13,0.0,idle,sin_restriccion,0.0,0.0,0.0,0.0,0.0,0.0,0.7500521121215303,0.7500521121215301,267.517197000105,76.25495065154534,19302534.02530129,9556327.056002125,0,0.0,,,,,0.0,0.0,0.0,0.0,0.0,0.0,0.0
2020-01-20 10:00:00,35.35,0.0,idle,sin_restriccion,0.0,0.0,0.0,0.0,0.0,0.0,0.7500521121215303,0.7500521121215301,267.517197000105,76.25495065154534,19302534.02530129,9556327.056002125,0,0.0,,,,,0.0,0.0,0.0,0.0,0.0,0.0,0.0
2020-01-20 11:00:00,35.63,0.0,idle,sin_restriccion,0.0,0.0,0.0,0.0,0.0,0.0,0.7500521121215303,0.7500521121215301,267.517197000105,76.25495065154534,19302534.02530129,9556327.056002125,0,0.0,,,,,0.0,0.0,0.0,0.0,0.0,0.0,0.0
2020-01-20 12:00:00,35.63,0.0,idle,sin_restriccion,0.0,0.0,0.0,0.0,0.0,0.0,0.7500521121215303,0.7500521121215301,267.517197000105,76.25495065154534,19302534.02530129,9556327.056002125,0,0.0,,,,,0.0,0.0,0.0,0.0,0.0,0.0,0.0
2020-01-20 13:00:00,35.63,0.0,idle,sin_restriccion,0.0,0.0,0.0,0.0,0.0,0.0,0.7500521121215303,0.7500521121215301,267.517197000105,76.25495065154534,19302534.02530129,9556327.056002125,0,0.0,,,,,0.0,0.0,0.0,0.0,0.0,0.0,0.0
2020-01-20 14:00:00,35.63,0.0,idle,sin_restriccion,0.0,0.0,0.0,0.0,0.0,0.0,0.7500521121215303,0.7500521121215301,267.517197000105,76.25495065154534,19302534.02530129,9556327.056002125,0,0.0,,,,,0.0,0.0,0.0,0.0,0.0,0.0,0.0
2020-01-20 15:00:00,35.63,0.0,idle,sin_restriccion,0.0,0.0,0.0,0.0,0.0,0.0,0.7500521121215303,0.7500521121215301,267.517197000105,76.25495065154534,19302534.02530129,9556327.056002125,0,0.0,,,,,0.0,0.0,0.0,0.0,0.0,0.0,0.0
2020-01-20 16:00:00,35.63,0.0,idle,sin_restriccion,0.0,0.0,0.0,0.0,0.0,0.0,0.7500521121215303,0.7500521121215301,267.517197000105,76.25495065154534,19302534.02530129,9556327.056002125,0,0.0,,,,,0.0,0.0,0.0,0.0,0.0,0.0,0.0
2020-01-20 17:00:00,34.84,0.0,idle,sin_restriccion,0.0,0.0,0.0,0.0,0.0,0.0,0.7500521121215303,0.7500521121215301,267.517197000105,76.25495065154534,19302534.02530129,9556327.056002125,0,0.0,,,,,0.0,0.0,0.0,0.0,0.0,0.0,0.0
2020-01-20 18:00:00,33.59,0.0,idle,sin_restriccion,0.0,0.0,0.0,0.0,0.0,0.0,0.7500521121215303,0.7500521121215301,267.517197000105,76.25495065154534,19302534.02530129,9556327.056002125,0,0.0,,,,,0.0,0.0,0.0,0.0,0.0,0.0,0.0
2020-01-20 19:00:00,34.97,0.0,idle,sin_restriccion,0.0,0.0,0.0,0.0,0.0,0.0,0.7500521121215303,0.7500521121215301,267.517197000105,76.25495065154534,19302534.02530129,9556327.056002125,0,0.0,,,,,0.0,0.0,0.0,0.0,0.0,0.0,0.0
2020-01-20 20:00:00,36.28,0.0,idle,sin_restriccion,0.0,0.0,0.0,0.0,0.0,0.0,0.7500521121215303,0.7500521121215301,267.517197000105,76.25495065154534,19302534.02530129,9556327.056002125,0,0.0,,,,,0.0,0.0,0.0,0.0,0.0,0.0,0.0
2020-01-20 21:00:00,36.32,74.0,discharge,above_max_power,73.79543375375151,0.0,73.79543375375151,0.0,2680.2501539362547,2680.2501539362547,0.6248508544878937,0.6248508544878936,226.20078198100495,64.36083117634989,16321374.25070431,8065747.168703636,106,1.5,0.4984130421674847,1.300544155897185,,0.3683840479546709,79.24767370463006,3.1699069481852025,0.0,0.0,2981159.774596979,0.0,1490579.8872984895
2020-01-20 22:00:00,36.32,74.0,discharge,above_max_power,73.22646488105194,0.0,73.22646488105194,0.0,2659.5852044798066,2659.5852044798066,0.4996495968542571,0.49964959685425697,184.88436696190485,52.4667117011544,13340214.476107333,6575167.281405147,106,1.5,0.49457023655857546,1.2967013502882758,,0.36554377660150444,78.63666761281351,3.1454667045125406,0.0,0.0,2981159.774596979,0.0,1490579.8872984895
2020-01-20 23:00:00,36.32,0.0,idle,sin_restriccion,0.0,0.0,0.0,0.0,0.0,0.0,0.4996495968542571,0.49964959685425697,184.88436696190485,52.4667117011544,13340214.476107333,6575167.281405147,0,0.0,,,,,0.0,0.0,0.0,0.0,0.0,0.0,0.0
2020-01-21 00:00:00,33.88,0.0,idle,sin_restriccion,0.0,0.0,0.0,0.0,0.0,0.0,0.4996495968542571,0.49964959685425697,184.88436696190485,52.4667117011544,13340214.476107333,6575167.281405147,0,0.0,,,,,0.0,0.0,0.0,0.0,0.0,0.0,0.0
2020-01-21 01:00:00,33.87,-100.0,charge,ok,-100.00000012223937,100.00000012223937,0.0,3387.0000041402473,0.0,-3387.0000041402473,0.5414030588674963,0.5414030588674963,198.6630094262738,56.43329059241213,14334403.701971712,7072261.8943373365,100,0.5382978543639182,1.6808348519478002,1.2920778664005805,0.6680553913952009,,90.4789794343595,2.714369383030785,4.008332353270965,994189.2258643783,0.0,497094.61293218913,0.0
2020-01-21 02:00:00,33.97,-100.0,charge,ok,-99.99999930025568,99.99999930025568,0.0,3396.999976229685,0.0,-3396.999976229685,0.5831203917020642,0.5831203917020641,212.4297292616812,60.396437211696075,15327732.658089763,7568926.372396362,100,0.5378320664167404,1.6823513048854442,1.2937260627893648,0.6674773300237206,,90.48224787454382,2.7144674362363146,4.004863952118516,993328.9561180517,0.0,496664.47805902583,0.0
2020-01-21 03:00:00,33.61,-100.0,charge,ok,-99.99999969695843,99.99999969695843,0.0,3360.9999898147726,0.0,-3360.9999898147726,0.6248041106519967,0.6248041106519967,226.18535651515893,64.35639051193968,16320261.235979699,8065190.66134133,100,0.5373987063765526,1.6837645641638834,1.2952619215230876,0.6669395052200247,,90.4852898624351,2.7145586958730528,4.001637019193525,992528.5778899351,0.0,496264.28894496756,0.0
2020-01-21 04:00:00,35.29,0.0,idle,sin_restriccion,0.0,0.0,0.0,0.0,0.0,0.0,0.6248041106519967,0.6248041106519967,226.18535651515893,64.35639051193968,16320261.235979699,8065190.66134133,0,0.0,,,,,0.0,0.0,0.0,0.0,0.0,0.0,0.0
2020-01-21 05:00:00,34.15,0.0,idle,sin_restriccion,0.0,0.0,0.0,0.0,0.0,0.0,0.6248041106519967,0.6248041106519967,226.18535651515893,64.35639051193968,16320261.235979699,8065190.66134133,0,0.0,,,,,0.0,0.0,0.0,0.0,0.0,0.0,0.0
2020-01-21 06:00:00,33.29,0.0,idle,sin_restriccion,0.0,0.0,0.0,0.0,0.0,0.0,0.6248041106519967,0.6248041106519967,226.18535651515893,64.35639051193968,16320261.235979699,8065190.66134133,0,0.0,,,,,0.0,0.0,0.0,0.0,0.0,0.0,0.0
2020-01-21 07:00:00,35.91,0.0,idle,sin_restriccion,0.0,0.0,0.0,0.0,0.0,0.0,0.6248041106519967,0.6248041106519967,226.18535651515893,64.35639051193968,16320261.235979699,8065190.66134133,0,0.0,,,,,0.0,0.0,0.0,0.0,0.0,0.0,0.0
2020-01-21 08:00:00,32.7,-100.0,charge,ok,-100.00000107572556,100.00000107572556,0.0,3270.000035176226,0.0,-3270.000035176226,0.6664564064572608,0.6664564064572607,239.93061413089606,68.31335861343975,17312041.599221893,8561080.842962427,100,0.5369935899972915,1.6850877967337836,1.296699787669371,0.6664367257151945,,90.48813454287009,2.7146440362861024,3.9986203973053485,991780.3632421942,0.0,495890.1816210971,0.0
2020-01-21 09:00:00,32.84,-100.0,charge,ok,-100.0000025750356,100.0000025750356,0.0,3284.0000845641694,0.0,-3284.0000845641694,0.7080792039037944,0.7080792039037942,253.66613728825214,72.26752437086044,18303119.578780998,9056619.83274198,100,0.5366132885217667,1.6863317980518242,1.298051422297137,0.6659647419957069,,90.49080516914131,2.714724155074239,3.9957885548672163,991077.9795591048,0.0,495538.9897795524,0.0
2020-01-21 10:00:00,32.91,-100.0,charge,ok,-100.00000238979901,100.00000238979901,0.0,3291.000078648285,0.0,-3291.000078648285,0.7496742069004604,0.7496742069004602,267.3924882771519,76.21904965554371,19293535.746330637,9551827.9165168,100,0.5362549543380737,1.6875055287459466,1.2993265881521485,0.6655200320420661,,90.49332002629045,2.714799600788713,3.9931202876799428,990416.1675496417,0.0,495208.08377482084,0.0
2020-01-21 11:00:00,32.91,0.0,idle,sin_restriccion,0.0,0.0,0.0,0.0,0.0,0.0,0.7496742069004604,0.7496742069004602,267.3924882771519,76.21904965554371,19293535.746330637,9551827.9165168,0,0.0,,,,,0.0,0.0,0.0,0.0,0.0,0.0,0.0
2020-01-21 12:00:00,33.6,0.0,idle,sin_restriccion,0.0,0.0,0.0,0.0,0.0,0.0,0.7496742069004604,0.7496742069004602,267.3924882771519,76.21904965554371,19293535.746330637,9551827.9165168,0,0.0,,,,,0.0,0.0,0.0,0.0,0.0,0.0,0.0
2020-01-21 13:00:00,44.72,0.0,idle,sin_restriccion,0.0,0.0,0.0,0.0,0.0,0.0,0.7496742069004604,0.7496742069004602,267.3924882771519,76.21904965554371,19293535.746330637,9551827.9165168,0,0.0,,,,,0.0,0.0,0.0,0.0,0.0,0.0,0.0
2020-01-21 14:00:00,45.42,0.0,idle,sin_restriccion,0.0,0.0,0.0,0.0,0.0,0.0,0.7496742069004604,0.7496742069004602,267.3924882771519,76.21904965554371,19293535.746330637,9551827.9165168,0,0.0,,,,,0.0,0.0,0.0,0.0,0.0,0.0,0.0
2020-01-21 15:00:00,45.42,0.0,idle,sin_restriccion,0.0,0.0,0.0,0.0,0.0,0.0,0.7496742069004604,0.7496742069004602,267.3924882771519,76.21904965554371,19293535.746330637,9551827.9165168,0,0.0,,,,,0.0,0.0,0.0,0.0,0.0,0.0,0.0
2020-01-21 16:00:00,45.42,0.0,idle,sin_restriccion,0.0,0.0,0.0,0.0,0.0,0.0,0.7496742069004604,0.7496742069004602,267.3924882771519,76.21904965554371,19293535.746330637,9551827.9165168,0,0.0,,,,,0.0,0.0,0.0,0.0,0.0,0.0,0.0
2020-01-21 17:00:00,45.42,0.0,idle,sin_restriccion,0.0,0.0,0.0,0.0,0.0,0.0,0.7496742069004604,0.7496742069004602,267.3924882771519,76.21904965554371,19293535.746330637,9551827.9165168,0,0.0,,,,,0.0,0.0,0.0,0.0,0.0,0.0,0.0
2020-01-21 18:00:00,44.47,0.0,idle,sin_restriccion,0.0,0.0,0.0,0.0,0.0,0.0,0.7496742069004604,0.7496742069004602,267.3924882771519,76.21904965554371,19293535.746330637,9551827.9165168,0,0.0,,,,,0.0,0.0,0.0,0.0,0.0,0.0,0.0
2020-01-21 19:00:00,46.27,0.0,idle,sin_restriccion,0.0,0.0,0.0,0.0,0.0,0.0,0.7496742069004604,0.7496742069004602,267.3924882771519,76.21904965554371,19293535.746330637,9551827.9165168,0,0.0,,,,,0.0,0.0,0.0,0.0,0.0,0.0,0.0
2020-01-21 20:00:00,60.74,0.0,idle,sin_restriccion,0.0,0.0,0.0,0.0,0.0,0.0,0.7496742069004604,0.7496742069004602,267.3924882771519,76.21904965554371,19293535.746330637,9551827.9165168,0,0.0,,,,,0.0,0.0,0.0,0.0,0.0,0.0,0.0
2020-01-21 21:00:00,89.25,74.0,discharge,above_max_power,73.79385281153777,0.0,73.79385281153777,0.0,6586.101363429746,6586.101363429746,0.6244729492668237,0.6244729492668236,226.07607325805188,64.32493018034823,16312375.97173366,8061248.0292183105,106,1.5,0.49840236451199627,1.3005334782416966,,0.3683761559502114,79.24597595740741,3.1698390382962964,0.0,0.0,2981159.774596979,0.0,1490579.8872984895
2020-01-21 22:00:00,72.45,74.0,discharge,above_max_power,73.22459395311236,0.0,73.22459395311236,0.0,5305.12183190299,5305.12183190299,0.49927169163318713,0.4992716916331871,184.75965823895174,52.43081070515276,13331216.197136682,6570668.1419198215,106,1.5,0.49455760034467156,1.296688714074372,,0.36553443699913674,78.63465845480279,3.1453863381921114,0.0,0.0,2981159.774596979,0.0,1490579.8872984895
2020-01-21 23:00:00,50.48,0.0,idle,sin_restriccion,0.0,0.0,0.0,0.0,0.0,0.0,0.49927169163318713,0.4992716916331871,184.75965823895174,52.43081070515276,13331216.197136682,6570668.1419198215,0,0.0,,,,,0.0,0.0,0.0,0.0,0.0,0.0,0.0
2020-01-22 00:00:00,37.5,0.0,idle,sin_restriccion,0.0,0.0,0.0,0.0,0.0,0.0,0.49927169163318713,0.4992716916331871,184.75965823895174,52.43081070515276,13331216.197136682,6570668.1419198215,0,0.0,,,,,0.0,0.0,0.0,0.0,0.0,0.0,0.0
2020-01-22 01:00:00,36.31,0.0,idle,sin_restriccion,0.0,0.0,0.0,0.0,0.0,0.0,0.49927169163318713,0.4992716916331871,184.75965823895174,52.43081070515276,13331216.197136682,6570668.1419198215,0,0.0,,,,,0.0,0.0,0.0,0.0,0.0,0.0,0.0
2020-01-22 02:00:00,36.31,0.0,idle,sin_restriccion,0.0,0.0,0.0,0.0,0.0,0.0,0.49927169163318713,0.4992716916331871,184.75965823895174,52.43081070515276,13331216.197136682,6570668.1419198215,0,0.0,,,,,0.0,0.0,0.0,0.0,0.0,0.0,0.0
2020-01-22 03:00:00,35.07,0.0,idle,sin_restriccion,0.0,0.0,0.0,0.0,0.0,0.0,0.49927169163318713,0.4992716916331871,184.75965823895174,52.43081070515276,13331216.197136682,6570668.1419198215,0,0.0,,,,,0.0,0.0,0.0,0.0,0.0,0.0,0.0
2020-01-22 04:00:00,36.31,0.0,idle,sin_restriccion,0.0,0.0,0.0,0.0,0.0,0.0,0.49927169163318713,0.4992716916331871,184.75965823895174,52.43081070515276,13331216.197136682,6570668.1419198215,0,0.0,,,,,0.0,0.0,0.0,0.0,0.0,0.0,0.0
2020-01-22 05:00:00,36.31,0.0,idle,sin_restriccion,0.0,0.0,0.0,0.0,0.0,0.0,0.49927169163318713,0.4992716916331871,184.75965823895174,52.43081070515276,13331216.197136682,6570668.1419198215,0,0.0,,,,,0.0,0.0,0.0,0.0,0.0,0.0,0.0
2020-01-22 06:00:00,36.31,0.0,idle,sin_restriccion,0.0,0.0,0.0,0.0,0.0,0.0,0.49927169163318713,0.4992716916331871,184.75965823895174,52.43081070515276,13331216.197136682,6570668.1419198215,0,0.0,,,,,0.0,0.0,0.0,0.0,0.0,0.0,0.0
2020-01-22 07:00:00,36.44,0.0,idle,sin_restriccion,0.0,0.0,0.0,0.0,0.0,0.0,0.49927169163318713,0.4992716916331871,184.75965823895174,52.43081070515276,13331216.197136682,6570668.1419198215,0,0.0,,,,,0.0,0.0,0.0,0.0,0.0,0.0,0.0
2020-01-22 08:00:00,35.09,0.0,idle,sin_restriccion,0.0,0.0,0.0,0.0,0.0,0.0,0.49927169163318713,0.4992716916331871,184.75965823895174,52.43081070515276,13331216.197136682,6570668.1419198215,0,0.0,,,,,0.0,0.0,0.0,0.0,0.0,0.0,0.0
2020-01-22 09:00:00,34.04,-100.0,charge,ok,-99.99999645626357,99.99999645626357,0.0,3403.999879371212,0.0,-3403.999879371212,0.5410254917235817,0.5410254917235816,198.53841226878197,56.39742171374025,14325413.472936302,7067766.779819632,100,0.5383022129535675,1.6808206098753247,1.2920623916913268,0.6680608251206285,,90.47894538738521,2.714368361621556,4.008364808677882,994197.2757996216,0.0,497098.6378998108,0.0
2020-01-22 10:00:00,33.88,-100.0,charge,ok,-100.00000061254431,100.00000061254431,0.0,3388.0000207530015,0.0,-3388.0000207530015,0.5827431400968279,0.5827431400968279,212.30523623195322,60.360598309198636,15318749.942327248,7564435.014515105,100,0.5378361344337463,1.6823380722575756,1.2937116794292018,0.6674823698833144,,90.48222055937352,2.7144666167812055,4.004894243831639,993336.4693909456,0.0,496668.2346954728,0.0
2020-01-22 11:00:00,33.88,-100.0,charge,ok,-99.9999975104979,99.9999975104979,0.0,3387.999915655669,0.0,-3387.999915655669,0.6244271520469619,0.6244271520469618,226.06096017549743,64.32057944446136,16311285.496827727,8060702.791765344,100,0.5374024838209153,1.6837521971527305,1.2952484857399775,0.6669442078057319,,90.48526128888008,2.714557838666402,4.001665147212851,992535.554500479,0.0,496267.7772502395,0.0
2020-01-22 12:00:00,34.81,-100.0,charge,ok,-100.00000023458325,100.00000023458325,0.0,3481.000008165843,0.0,-3481.000008165843,0.6660797228216455,0.6660797228216455,239.80630853114303,68.2775736680563,17303072.407350585,8556596.247026773,100,0.5369971349835396,1.6850761945256056,1.2966871822534558,0.6664411308315807,,90.48810886892159,2.7146432660676476,3.9986467943696407,991786.9105228586,0.0,495893.4552614293,0.0
2020-01-22 13:00:00,35.09,-100.0,charge,ok,-100.00000915205568,100.00000915205568,0.0,3509.000321145634,0.0,-3509.000321145634,0.7077027817145126,0.7077027817145124,253.54191796578914,72.23176426287867,18294156.612192944,9052138.349447953,100,0.5366166591644286,1.6863208803823624,1.2980395505735387,0.665968881336029,,90.49078771100014,2.714723631330004,3.995813653715231,991084.2048423595,0.0,495542.10242117976,0.0
2020-01-22 14:00:00,35.09,-100.0,charge,ok,-99.99999987308739,99.99999987308739,0.0,3508.999995546637,0.0,-3508.999995546637,0.7492980281267305,0.7492980281267304,267.2683492818211,76.18331267203938,19284578.57569596,9547349.331199462,100,0.5362580925226212,1.687495198487673,1.2993153694744715,0.665523943440121,,90.49329562820817,2.714798868846245,3.993143655572923,990421.9635030169,0.0,495210.9817515084,0.0
2020-01-22 15:00:00,35.09,0.0,idle,sin_restriccion,0.0,0.0,0.0,0.0,0.0,0.0,0.7492980281267305,0.7492980281267304,267.2683492818211,76.18331267203938,19284578.57569596,9547349.331199462,0,0.0,,,,,0.0,0.0,0.0,0.0,0.0,0.0,0.0
2020-01-22 16:00:00,38.96,0.0,idle,sin_restriccion,0.0,0.0,0.0,0.0,0.0,0.0,0.7492980281267305,0.7492980281267304,267.2683492818211,76.18331267203938,19284578.57569596,9547349.331199462,0,0.0,,,,,0.0,0.0,0.0,0.0,0.0,0.0,0.0
2020-01-22 17:00:00,38.43,0.0,idle,sin_restriccion,0.0,0.0,0.0,0.0,0.0,0.0,0.7492980281267305,0.7492980281267304,267.2683492818211,76.18331267203938,19284578.57569596,9547349.331199462,0,0.0,,,,,0.0,0.0,0.0,0.0,0.0,0.0,0.0
2020-01-22 18:00:00,33.14,0.0,idle,sin_restriccion,0.0,0.0,0.0,0.0,0.0,0.0,0.7492980281267305,0.7492980281267304,267.2683492818211,76.18331267203938,19284578.57569596,9547349.331199462,0,0.0,,,,,0.0,0.0,0.0,0.0,0.0,0.0,0.0
2020-01-22 19:00:00,48.35,0.0,idle,sin_restriccion,0.0,0.0,0.0,0.0,0.0,0.0,0.7492980281267305,0.7492980281267304,267.2683492818211,76.18331267203938,19284578.57569596,9547349.331199462,0,0.0,,,,,0.0,0.0,0.0,0.0,0.0,0.0,0.0
2020-01-22 20:00:00,61.18,74.0,discharge,above_max_power,73.79227835690457,0.0,73.79227835690457,0.0,4514.6115898754215,4514.6115898754215,0.6240967704930939,0.6240967704930939,225.95193426272098,64.28919319684391,16303418.801098984,8056769.443900973,106,1.5,0.49839173067351095,1.3005228444032113,,0.36836829633151147,79.24428517708824,3.16977140708353,0.0,0.0,2981159.774596979,0.0,1490579.8872984895
2020-01-22 21:00:00,61.18,74.0,discharge,above_max_power,73.22273054312069,0.0,73.22273054312069,0.0,4479.766654628123,4479.766654628123,0.4988955128594573,0.49889551285945727,184.63551924362093,52.39507372164843,13322259.026502006,6566189.556602484,106,1.5,0.49454501490685365,1.296676128636554,,0.36552513492608407,78.63265737018973,3.1453062948075896,0.0,0.0,2981159.774596979,0.0,1490579.8872984895
2020-01-22 22:00:00,61.18,0.0,idle,sin_restriccion,0.0,0.0,0.0,0.0,0.0,0.0,0.4988955128594573,0.49889551285945727,184.63551924362093,52.39507372164843,13322259.026502006,6566189.556602484,0,0.0,,,,,0.0,0.0,0.0,0.0,0.0,0.0,0.0
2020-01-22 23:00:00,55.52,0.0,idle,sin_restriccion,0.0,0.0,0.0,0.0,0.0,0.0,0.4988955128594573,0.49889551285945727,184.63551924362093,52.39507372164843,13322259.026502006,6566189.556602484,0,0.0,,,,,0.0,0.0,0.0,0.0,0.0,0.0,0.0
2020-01-23 00:00:00,61.16,0.0,idle,sin_restriccion,0.0,0.0,0.0,0.0,0.0,0.0,0.4988955128594573,0.49889551285945727,184.63551924362093,52.39507372164843,13322259.026502006,6566189.556602484,0,0.0,,,,,0.0,0.0,0.0,0.0,0.0,0.0,0.0
2020-01-23 01:00:00,61.16,0.0,idle,sin_restriccion,0.0,0.0,0.0,0.0,0.0,0.0,0.4988955128594573,0.49889551285945727,184.63551924362093,52.39507372164843,13322259.026502006,6566189.556602484,0,0.0,,,,,0.0,0.0,0.0,0.0,0.0,0.0,0.0
2020-01-23 02:00:00,61.16,-100.0,charge,ok,-100.00000795332048,100.00000795332048,0.0,6116.00048642508,0.0,-6116.00048642508,0.5406496555347027,0.5406496555347027,198.41438632645193,56.361717275796735,14316464.45956934,7063292.273136151,100,0.5383066296577455,1.6808064445033462,1.2920469772501841,0.668066229670478,,90.47892522476145,2.7143677567428437,4.0083976968235575,994205.4330673348,0.0,497102.7165336674,0.0
2020-01-23 03:00:00,61.16,-100.0,charge,ok,-100.00000516190002,100.00000516190002,0.0,6116.0003157018045,0.0,-6116.0003157018045,0.5823676194466273,0.5823676194466272,212.18131441738703,60.32492384742957,15309808.442233179,7559964.26446807,100,0.5378402024507523,1.6823248965598554,1.2936973530015585,0.6674873881357617,,90.48219629536935,2.7144658888610804,4.0049245355447605,993343.9826638391,0.0,496671.99133191956,0.0
2020-01-23 04:00:00,60.76,-100.0,charge,ok,-99.99999838073153,99.99999838073153,0.0,6075.999901613247,0.0,-6075.999901613247,0.6240519243969624,0.6240519243969623,225.93713505099763,64.28493281771142,16302350.973344201,8056235.530023581,100,0.5374062612652779,1.683739883927608,1.2952351037449459,0.6669488900050563,,90.48523559647688,2.7145570678943063,4.001693275232179,992542.5311110233,0.0,496271.26555551164,0.0
2020-01-23 05:00:00,58.77,-100.0,charge,ok,-100.00000228817429,100.00000228817429,0.0,5877.000134476003,0.0,-5877.000134476003,0.6657047701410659,0.6657047701410659,239.6825741465518,68.24195316340125,17294144.431147724,8552132.258925343,100,0.5370006799697876,1.6850646432804572,1.2966746278023766,0.6664455166562203,,90.4880859234653,2.714642577703959,3.9986731914339315,991793.457803523,0.0,495896.7289017615,0.0
2020-01-23 06:00:00,57.18,-100.0,charge,ok,-99.99999494524184,99.99999494524184,0.0,5717.999710968928,0.0,-5717.999710968928,0.7073280814648756,0.7073280814648754,253.4182668834089,72.19616773916316,18285234.646608397,9047677.36665568,100,0.5366199135780334,1.6863099782306423,1.298027727267653,0.6659730148442802,,90.49075147839028,2.7147225443517082,3.9958378870857296,991090.2154606746,0.0,495545.1077303373,0.0
2020-01-23 07:00:00,57.18,-100.0,charge,ok,-99.99999995743448,99.99999995743448,0.0,5717.999997566104,0.0,-5717.999997566104,0.7489235712926454,0.7489235712926452,267.144778526573,76.14773927280129,19275662.40606479,9542891.246383876,100,0.5362612307071685,1.6874849140683779,1.2993041966371934,0.6655278375276021,,90.49327368180889,2.7147982104542665,3.993167023465901,990427.7594563916,0.0,495213.8797281958,0.0
2020-01-23 08:00:00,61.63,0.0,idle,sin_restriccion,0.0,0.0,0.0,0.0,0.0,0.0,0.7489235712926454,0.7489235712926452,267.144778526573,76.14773927280129,19275662.40606479,9542891.246383876,0,0.0,,,,,0.0,0.0,0.0,0.0,0.0,0.0,0.0
2020-01-23 09:00:00,61.63,0.0,idle,sin_restriccion,0.0,0.0,0.0,0.0,0.0,0.0,0.7489235712926454,0.7489235712926452,267.144778526573,76.14773927280129,19275662.40606479,9542891.246383876,0,0.0,,,,,0.0,0.0,0.0,0.0,0.0,0.0,0.0
2020-01-23 10:00:00,61.63,0.0,idle,sin_restriccion,0.0,0.0,0.0,0.0,0.0,0.0,0.7489235712926454,0.7489235712926452,267.144778526573,76.14773927280129,19275662.40606479,9542891.246383876,0,0.0,,,,,0.0,0.0,0.0,0.0,0.0,0.0,0.0
2020-01-23 11:00:00,61.63,0.0,idle,sin_restriccion,0.0,0.0,0.0,0.0,0.0,0.0,0.7489235712926454,0.7489235712926452,267.144778526573,76.14773927280129,19275662.40606479,9542891.246383876,0,0.0,,,,,0.0,0.0,0.0,0.0,0.0,0.0,0.0
2020-01-23 12:00:00,61.63,0.0,idle,sin_restriccion,0.0,0.0,0.0,0.0,0.0,0.0,0.7489235712926454,0.7489235712926452,267.144778526573,76.14773927280129,19275662.40606479,9542891.246383876,0,0.0,,,,,0.0,0.0,0.0,0.0,0.0,0.0,0.0
2020-01-23 13:00:00,61.63,0.0,idle,sin_restriccion,0.0,0.0,0.0,0.0,0.0,0.0,0.7489235712926454,0.7489235712926452,267.144778526573,76.14773927280129,19275662.40606479,9542891.246383876,0,0.0,,,,,0.0,0.0,0.0,0.0,0.0,0.0,0.0
2020-01-23 14:00:00,61.63,0.0,idle,sin_restriccion,0.0,0.0,0.0,0.0,0.0,0.0,0.7489235712926454,0.7489235712926452,267.144778526573,76.14773927280129,19275662.40606479,9542891.246383876,0,0.0,,,,,0.0,0.0,0.0,0.0,0.0,0.0,0.0
2020-01-23 15:00:00,61.63,0.0,idle,sin_restriccion,0.0,0.0,0.0,0.0,0.0,0.0,0.7489235712926454,0.7489235712926452,267.144778526573,76.14773927280129,19275662.40606479,9542891.246383876,0,0.0,,,,,0.0,0.0,0.0,0.0,0.0,0.0,0.0
2020-01-23 16:00:00,80.53,74.0,discharge,above_max_power,73.79071038038853,0.0,73.79071038038853,0.0,5942.365906932689,5942.365906932689,0.6237223136590088,0.6237223136590088,225.8283635074729,64.25361979760582,16294502.631467812,8052311.359085387,106,1.5,0.49838114058811345,1.3005122543178138,,0.36836046905133035,79.24260135351003,3.169704054140401,0.0,0.0,2981159.774596979,0.0,1490579.8872984895
2020-01-23 17:00:00,89.29,74.0,discharge,above_max_power,73.22087464174363,0.0,73.22087464174363,0.0,6537.89189676129,6537.89189676129,0.49852105602537217,0.4985210560253721,184.51194848837284,52.35950032241034,13313342.856870834,6561731.471786898,106,1.5,0.49453248018208484,1.2966635939117852,,0.365515870335755,78.6306643489515,3.14522657395806,0.0,0.0,2981159.774596979,0.0,1490579.8872984895
2020-01-23 18:00:00,62.21,0.0,idle,sin_restriccion,0.0,0.0,0.0,0.0,0.0,0.0,0.49852105602537217,0.4985210560253721,184.51194848837284,52.35950032241034,13313342.856870834,6561731.471786898,0,0.0,,,,,0.0,0.0,0.0,0.0,0.0,0.0,0.0
2020-01-23 19:00:00,61.2,0.0,idle,sin_restriccion,0.0,0.0,0.0,0.0,0.0,0.0,0.49852105602537217,0.4985210560253721,184.51194848837284,52.35950032241034,13313342.856870834,6561731.471786898,0,0.0,,,,,0.0,0.0,0.0,0.0,0.0,0.0,0.0
2020-01-23 20:00:00,61.2,0.0,idle,sin_restriccion,0.0,0.0,0.0,0.0,0.0,0.0,0.49852105602537217,0.4985210560253721,184.51194848837284,52.35950032241034,13313342.856870834,6561731.471786898,0,0.0,,,,,0.0,0.0,0.0,0.0,0.0,0.0,0.0
2020-01-23 21:00:00,62.54,0.0,idle,sin_restriccion,0.0,0.0,0.0,0.0,0.0,0.0,0.49852105602537217,0.4985210560253721,184.51194848837284,52.35950032241034,13313342.856870834,6561731.471786898,0,0.0,,,,,0.0,0.0,0.0,0.0,0.0,0.0,0.0
2020-01-23 22:00:00,61.2,0.0,idle,sin_restriccion,0.0,0.0,0.0,0.0,0.0,0.0,0.49852105602537217,0.4985210560253721,184.51194848837284,52.35950032241034,13313342.856870834,6561731.471786898,0,0.0,,,,,0.0,0.0,0.0,0.0,0.0,0.0,0.0
2020-01-23 23:00:00,61.2,0.0,idle,sin_restriccion,0.0,0.0,0.0,0.0,0.0,0.0,0.49852105602537217,0.4985210560253721,184.51194848837284,52.35950032241034,13313342.856870834,6561731.471786898,0,0.0,,,,,0.0,0.0,0.0,0.0,0.0,0.0,0.0
2020-01-24 00:00:00,61.12,0.0,idle,sin_restriccion,0.0,0.0,0.0,0.0,0.0,0.0,0.49852105602537217,0.4985210560253721,184.51194848837284,52.35950032241034,13313342.856870834,6561731.471786898,0,0.0,,,,,0.0,0.0,0.0,0.0,0.0,0.0,0.0
2020-01-24 01:00:00,61.12,0.0,idle,sin_restriccion,0.0,0.0,0.0,0.0,0.0,0.0,0.49852105602537217,0.4985210560253721,184.51194848837284,52.35950032241034,13313342.856870834,6561731.471786898,0,0.0,,,,,0.0,0.0,0.0,0.0,0.0,0.0,0.0
2020-01-24 02:00:00,61.12,0.0,idle,sin_restriccion,0.0,0.0,0.0,0.0,0.0,0.0,0.49852105602537217,0.4985210560253721,184.51194848837284,52.35950032241034,13313342.856870834,6561731.471786898,0,0.0,,,,,0.0,0.0,0.0,0.0,0.0,0.0,0.0
2020-01-24 03:00:00,53.62,0.0,idle,sin_restriccion,0.0,0.0,0.0,0.0,0.0,0.0,0.49852105602537217,0.4985210560253721,184.51194848837284,52.35950032241034,13313342.856870834,6561731.471786898,0,0.0,,,,,0.0,0.0,0.0,0.0,0.0,0.0,0.0
2020-01-24 04:00:00,40.9,0.0,idle,sin_restriccion,0.0,0.0,0.0,0.0,0.0,0.0,0.49852105602537217,0.4985210560253721,184.51194848837284,52.35950032241034,13313342.856870834,6561731.471786898,0,0.0,,,,,0.0,0.0,0.0,0.0,0.0,0.0,0.0
2020-01-24 05:00:00,51.26,0.0,idle,sin_restriccion,0.0,0.0,0.0,0.0,0.0,0.0,0.49852105602537217,0.4985210560253721,184.51194848837284,52.35950032241034,13313342.856870834,6561731.471786898,0,0.0,,,,,0.0,0.0,0.0,0.0,0.0,0.0,0.0
2020-01-24 06:00:00,64.35,74.0,discharge,above_max_power,72.53506132615604,0.0,72.53506132615604,0.0,4667.63119633814,4667.63119633814,0.3733197983917356,0.3733197983917355,143.19553346927276,40.46538084721487,10332183.082273856,5071151.584488409,106,1.5,0.4899005092918317,1.292031623021532,,0.36209231588954877,77.89418097740125,3.11576723909605,0.0,0.0,2981159.774596979,0.0,1490579.8872984895
2020-01-24 07:00:00,64.35,74.0,discharge,above_max_power,71.6736724498072,0.0,71.6736724498072,0.0,4612.200822145093,4612.200822145093,0.24811854075809903,0.2481185407580989,101.87911845017267,28.57126137201939,7351023.307676877,3580571.697189919,106,1.5,0.4840827041985941,1.2862138179282945,,0.35779229480435015,76.96914996757647,3.0787659987030587,0.0,0.0,2981159.774596979,0.0,1490579.8872984895
2020-01-24 08:00:00,55.86,0.0,idle,sin_restriccion,0.0,0.0,0.0,0.0,0.0,0.0,0.24811854075809903,0.2481185407580989,101.87911845017267,28.57126137201939,7351023.307676877,3580571.697189919,0,0.0,,,,,0.0,0.0,0.0,0.0,0.0,0.0,0.0
2020-01-24 09:00:00,55.86,0.0,idle,sin_restriccion,0.0,0.0,0.0,0.0,0.0,0.0,0.24811854075809903,0.2481185407580989,101.87911845017267,28.57126137201939,7351023.307676877,3580571.697189919,0,0.0,,,,,0.0,0.0,0.0,0.0,0.0,0.0,0.0
2020-01-24 10:00:00,53.68,0.0,idle,sin_restriccion,0.0,0.0,0.0,0.0,0.0,0.0,0.24811854075809903,0.2481185407580989,101.87911845017267,28.57126137201939,7351023.307676877,3580571.697189919,0,0.0,,,,,0.0,0.0,0.0,0.0,0.0,0.0,0.0
2020-01-24 11:00:00,39.9,-100.0,charge,ok,-100.00000764505624,100.00000764505624,0.0,3990.000305037744,0.0,-3990.000305037744,0.29017440151758495,0.29017440151758483,115.75755250080304,32.566568144170546,8352412.93228515,4081266.5094940555,100,0.5421964675188065,1.6682444250176627,1.2783859666477477,0.6728937207086714,,90.4516234202519,2.713548702607557,4.037362632910649,1001389.6246082727,0.0,500694.81230413634,0.0
2020-01-24 12:00:00,33.86,-100.0,charge,ok,-100.00000825661064,100.00000825661064,0.0,3386.000279568836,0.0,-3386.000279568836,0.3321650088783876,0.3321650088783875,129.61445292986792,36.55567584344681,9352248.81205901,4581184.449380985,100,0.541355201601982,1.670945957522942,1.2813249993617775,0.6718496623008317,,90.45752857008492,2.7137258571025473,4.0310983066370545,999835.8797738592,0.0,499917.9398869296,0.0
2020-01-24 13:00:00,36.11,-100.0,charge,ok,-99.99999752210758,99.99999752210758,0.0,3610.9999105233046,0.0,-3610.9999105233046,0.374098052968868,0.37409805296886794,143.45235747972646,40.539315032042445,10350714.056192122,5080417.071447542,100,0.5406130790710448,1.673335897191659,1.2839245327327204,0.6709287220725778,,90.46272717008921,2.7138818151026762,4.025572232686115,998465.244133112,0.0,499232.622066556,0.0
2020-01-24 14:00:00,44.93,0.0,idle,sin_restriccion,0.0,0.0,0.0,0.0,0.0,0.0,0.374098052968868,0.37409805296886794,143.45235747972646,40.539315032042445,10350714.056192122,5080417.071447542,0,0.0,,,,,0.0,0.0,0.0,0.0,0.0,0.0,0.0
2020-01-24 15:00:00,53.62,0.0,idle,sin_restriccion,0.0,0.0,0.0,0.0,0.0,0.0,0.374098052968868,0.37409805296886794,143.45235747972646,40.539315032042445,10350714.056192122,5080417.071447542,0,0.0,,,,,0.0,0.0,0.0,0.0,0.0,0.0,0.0
2020-01-24 16:00:00,58.34,0.0,idle,sin_restriccion,0.0,0.0,0.0,0.0,0.0,0.0,0.374098052968868,0.37409805296886794,143.45235747972646,40.539315032042445,10350714.056192122,5080417.071447542,0,0.0,,,,,0.0,0.0,0.0,0.0,0.0,0.0,0.0
2020-01-24 17:00:00,51.78,0.0,idle,sin_restriccion,0.0,0.0,0.0,0.0,0.0,0.0,0.374098052968868,0.37409805296886794,143.45235747972646,40.539315032042445,10350714.056192122,5080417.071447542,0,0.0,,,,,0.0,0.0,0.0,0.0,0.0,0.0,0.0
2020-01-24 18:00:00,37.51,-100.0,charge,ok,-99.99999299911511,99.99999299911511,0.0,3750.9997373968076,0.0,-3750.9997373968076,0.4159796191778229,0.4159796191778228,157.27327432868157,44.51806382189316,11347953.563518865,5579036.825110913,100,0.5399494111537931,1.6754788339153484,1.2862549717048242,0.670105106256565,,90.46738097732364,2.7140214293197094,4.020630356059668,997239.5073267428,0.0,498619.7536633714,0.0
2020-01-24 19:00:00,37.12,-100.0,charge,ok,-99.99999477922744,99.99999477922744,0.0,3711.999806204922,0.0,-3711.999806204922,0.45781463892402535,0.4578146389240253,171.0788308449284,48.49239069778239,12344084.75576132,6077102.421232141,100,0.5393493205308912,1.6774211267785128,1.288366858540475,0.6693603508850214,,90.47159449721528,2.7141478349164583,4.016161895635439,996131.1922424547,0.0,498065.59612122737,0.0
2020-01-24 20:00:00,46.51,-100.0,charge,ok,-99.99999809661037,99.99999809661037,0.0,4650.999911473348,0.0,-4650.999911473348,0.49960718716412167,0.49960718716412156,184.87037176416013,52.462682780591535,13339204.661472285,6574662.374087623,100,0.5388017654418944,1.6791971841808815,1.2902977073727524,0.668680784569141,,90.47544073617169,2.7142632220851506,4.012084631049242,995119.9057109654,0.0,497559.9528554827,0.0
2020-01-24 21:00:00,52.26,0.0,idle,sin_restriccion,0.0,0.0,0.0,0.0,0.0,0.0,0.49960718716412167,0.49960718716412156,184.87037176416013,52.462682780591535,13339204.661472285,6574662.374087623,0,0.0,,,,,0.0,0.0,0.0,0.0,0.0,0.0,0.0
2020-01-24 22:00:00,55.42,0.0,idle,sin_restriccion,0.0,0.0,0.0,0.0,0.0,0.0,0.49960718716412167,0.49960718716412156,184.87037176416013,52.462682780591535,13339204.661472285,6574662.374087623,0,0.0,,,,,0.0,0.0,0.0,0.0,0.0,0.0,0.0
2020-01-24 23:00:00,63.74,0.0,idle,sin_restriccion,0.0,0.0,0.0,0.0,0.0,0.0,0.49960718716412167,0.49960718716412156,184.87037176416013,52.462682780591535,13339204.661472285,6574662.374087623,0,0.0,,,,,0.0,0.0,0.0,0.0,0.0,0.0,0.0
2020-01-25 00:00:00,64.63,74.0,discharge,above_max_power,72.54165110993463,0.0,72.54165110993463,0.0,4688.366911235075,4688.366911235075,0.374405929530485,0.3744059295304849,143.55395674506005,40.568563305396054,10358044.886875305,5084082.486789133,106,1.5,0.4899450165738307,1.292076130303531,,0.36212521184394625,77.90125763523908,3.116050305409563,0.0,0.0,2981159.774596979,0.0,1490579.8872984895
2020-01-25 01:00:00,62.52,74.0,discharge,above_max_power,71.68217316770838,0.0,71.68217316770838,0.0,4481.5694664451285,4481.5694664451285,0.24920467189684842,0.24920467189684825,102.23754172595999,28.674443830200577,7376885.112278326,3593502.599490644,106,1.5,0.4841401178955428,1.2862712316252431,,0.3578347300704861,76.97827874539131,3.079131149815652,0.0,0.0,2981159.774596979,0.0,1490579.8872984895
2020-01-25 02:00:00,55.48,0.0,idle,sin_restriccion,0.0,0.0,0.0,0.0,0.0,0.0,0.24920467189684842,0.24920467189684825,102.23754172595999,28.674443830200577,7376885.112278326,3593502.599490644,0,0.0,,,,,0.0,0.0,0.0,0.0,0.0,0.0,0.0
2020-01-25 03:00:00,55.8,0.0,idle,sin_restriccion,0.0,0.0,0.0,0.0,0.0,0.0,0.24920467189684842,0.24920467189684825,102.23754172595999,28.674443830200577,7376885.112278326,3593502.599490644,0,0.0,,,,,0.0,0.0,0.0,0.0,0.0,0.0,0.0
2020-01-25 04:00:00,55.8,0.0,idle,sin_restriccion,0.0,0.0,0.0,0.0,0.0,0.0,0.24920467189684842,0.24920467189684825,102.23754172595999,28.674443830200577,7376885.112278326,3593502.599490644,0,0.0,,,,,0.0,0.0,0.0,0.0,0.0,0.0,0.0
2020-01-25 05:00:00,46.39,0.0,idle,sin_restriccion,0.0,0.0,0.0,0.0,0.0,0.0,0.24920467189684842,0.24920467189684825,102.23754172595999,28.674443830200577,7376885.112278326,3593502.599490644,0,0.0,,,,,0.0,0.0,0.0,0.0,0.0,0.0,0.0
2020-01-25 06:00:00,34.99,0.0,idle,sin_restriccion,0.0,0.0,0.0,0.0,0.0,0.0,0.24920467189684842,0.24920467189684825,102.23754172595999,28.674443830200577,7376885.112278326,3593502.599490644,0,0.0,,,,,0.0,0.0,0.0,0.0,0.0,0.0,0.0
2020-01-25 07:00:00,34.99,0.0,idle,sin_restriccion,0.0,0.0,0.0,0.0,0.0,0.0,0.24920467189684842,0.24920467189684825,102.23754172595999,28.674443830200577,7376885.112278326,3593502.599490644,0,0.0,,,,,0.0,0.0,0.0,0.0,0.0,0.0,0.0
2020-01-25 08:00:00,34.85,0.0,idle,sin_restriccion,0.0,0.0,0.0,0.0,0.0,0.0,0.24920467189684842,0.24920467189684825,102.23754172595999,28.674443830200577,7376885.112278326,3593502.599490644,0,0.0,,,,,0.0,0.0,0.0,0.0,0.0,0.0,0.0
2020-01-25 09:00:00,32.08,0.0,idle,sin_restriccion,0.0,0.0,0.0,0.0,0.0,0.0,0.24920467189684842,0.24920467189684825,102.23754172595999,28.674443830200577,7376885.112278326,3593502.599490644,0,0.0,,,,,0.0,0.0,0.0,0.0,0.0,0.0,0.0
2020-01-25 10:00:00,31.7,-100.0,charge,ok,-99.99999425909883,99.99999425909883,0.0,3169.9998180134326,0.0,-3169.9998180134326,0.29125872957817234,0.29125872957817217,116.11538076079687,32.66957930992635,8378231.803898635,4094175.9453007984,100,0.542173221707344,1.6683187279708807,1.2784668308536438,0.6728649615296949,,90.45177395786705,2.713553218736011,4.037189537407095,1001346.6916203087,0.0,500673.34581015434,0.0
2020-01-25 11:00:00,31.95,-100.0,charge,ok,-99.99999822580493,99.99999822580493,0.0,3194.9999433144676,0.0,-3194.9999433144676,0.3332477592455832,0.3332477592455831,129.97176055104245,36.65853712833039,9378030.117308026,4594075.102005494,100,0.5413348615169524,1.6710112040878136,1.2813959894306346,0.671824486598051,,90.45766187581525,2.7137298562744574,4.030946848071445,999798.3134093907,0.0,499899.1567046954,0.0
2020-01-25 12:00:00,31.69,-100.0,charge,ok,-100.0000017366867,100.0000017366867,0.0,3169.0000550356017,0.0,-3169.0000550356017,0.375179405950488,0.3751794059504879,143.80920396366105,40.64204356529634,10376462.088375466,5093291.087539214,100,0.5405950635671615,1.6733940741282165,1.2839877986606274,0.6709063356269358,,90.46285758762545,2.7138857276287633,4.025438083670861,998431.97106744,0.0,499215.98553372,0.0
2020-01-25 13:00:00,31.94,-100.0,charge,ok,-100.0000078768808,100.0000078768808,0.0,3194.000251587573,0.0,-3194.000251587573,0.4170597190201203,0.4170597190201202,157.6297072766397,44.620673306911414,11373671.757275574,5591895.921989268,100,0.5399332553148268,1.6755313273033234,1.2863120302875373,0.6700849563323231,,90.46750839328561,2.714025251798568,4.020510054684699,997209.668900108,0.0,498604.834450054,0.0
2020-01-25 14:00:00,31.95,-100.0,charge,ok,-99.99999239579847,99.99999239579847,0.0,3194.9997570457613,0.0,-3194.9997570457613,0.45889359381168987,0.4588935938116898,171.43488595785766,48.59489141211051,12369775.687070671,6089947.8868868165,100,0.5393345594406127,1.6774689155432234,1.2884188196405733,0.6693420475632321,,90.47169585398267,2.71415087561948,4.016051979990683,996103.9297950978,0.0,498051.9648975489,0.0
2020-01-25 15:00:00,31.95,-100.0,charge,ok,-100.00000446352337,100.00000446352337,0.0,3195.0001426095714,0.0,-3195.0001426095714,0.5006850962664522,0.5006850962664521,185.22608176792923,52.565084145312944,13364870.691648617,6587495.389175789,100,0.5387882828712462,1.6792410719307398,1.2903454071256997,0.6686640094302225,,90.47554136724342,2.7142662410173024,4.01198423565718,995095.0045779464,0.0,497547.5022889732,0.0
2020-01-25 16:00:00,31.95,0.0,idle,sin_restriccion,0.0,0.0,0.0,0.0,0.0,0.0,0.5006850962664522,0.5006850962664521,185.22608176792923,52.565084145312944,13364870.691648617,6587495.389175789,0,0.0,,,,,0.0,0.0,0.0,0.0,0.0,0.0,0.0
2020-01-25 17:00:00,32.16,0.0,idle,sin_restriccion,0.0,0.0,0.0,0.0,0.0,0.0,0.5006850962664522,0.5006850962664521,185.22608176792923,52.565084145312944,13364870.691648617,6587495.389175789,0,0.0,,,,,0.0,0.0,0.0,0.0,0.0,0.0,0.0
2020-01-25 18:00:00,34.22,0.0,idle,sin_restriccion,0.0,0.0,0.0,0.0,0.0,0.0,0.5006850962664522,0.5006850962664521,185.22608176792923,52.565084145312944,13364870.691648617,6587495.389175789,0,0.0,,,,,0.0,0.0,0.0,0.0,0.0,0.0,0.0
2020-01-25 19:00:00,41.35,0.0,idle,sin_restriccion,0.0,0.0,0.0,0.0,0.0,0.0,0.5006850962664522,0.5006850962664521,185.22608176792923,52.565084145312944,13364870.691648617,6587495.389175789,0,0.0,,,,,0.0,0.0,0.0,0.0,0.0,0.0,0.0
2020-01-25 20:00:00,55.77,0.0,idle,sin_restriccion,0.0,0.0,0.0,0.0,0.0,0.0,0.5006850962664522,0.5006850962664521,185.22608176792923,52.565084145312944,13364870.691648617,6587495.389175789,0,0.0,,,,,0.0,0.0,0.0,0.0,0.0,0.0,0.0
2020-01-25 21:00:00,55.77,0.0,idle,sin_restriccion,0.0,0.0,0.0,0.0,0.0,0.0,0.5006850962664522,0.5006850962664521,185.22608176792923,52.565084145312944,13364870.691648617,6587495.389175789,0,0.0,,,,,0.0,0.0,0.0,0.0,0.0,0.0,0.0
2020-01-25 22:00:00,54.75,0.0,idle,sin_restriccion,0.0,0.0,0.0,0.0,0.0,0.0,0.5006850962664522,0.5006850962664521,185.22608176792923,52.565084145312944,13364870.691648617,6587495.389175789,0,0.0,,,,,0.0,0.0,0.0,0.0,0.0,0.0,0.0
2020-01-25 23:00:00,62.25,0.0,idle,sin_restriccion,0.0,0.0,0.0,0.0,0.0,0.0,0.5006850962664522,0.5006850962664521,185.22608176792923,52.565084145312944,13364870.691648617,6587495.389175789,0,0.0,,,,,0.0,0.0,0.0,0.0,0.0,0.0,0.0
2020-01-26 00:00:00,59.62,74.0,discharge,above_max_power,72.54817832829876,0.0,72.54817832829876,0.0,4325.322391933172,4325.322391933172,0.3754838386328156,0.3754838386328155,143.90966674882915,40.67096467011746,10383710.91705164,5096915.5018773,106,1.5,0.4899891012901373,1.2921202150198376,,0.3621577954741324,77.90826710513183,3.1163306842052734,0.0,0.0,2981159.774596979,0.0,1490579.8872984895
2020-01-26 01:00:00,54.26,74.0,discharge,above_max_power,71.69058844489685,0.0,71.69058844489685,0.0,3889.9313290201026,3889.9313290201026,0.250282580999179,0.2502825809991788,102.59325172972906,28.776845194921986,7402551.1424546605,3606335.614578811,106,1.5,0.48419695452744305,1.2863280682571434,,0.3578767388197766,76.98731576986344,3.0794926307945376,0.0,0.0,2981159.774596979,0.0,1490579.8872984895
2020-01-26 02:00:00,42.92,0.0,idle,sin_restriccion,0.0,0.0,0.0,0.0,0.0,0.0,0.250282580999179,0.2502825809991788,102.59325172972906,28.776845194921986,7402551.1424546605,3606335.614578811,0,0.0,,,,,0.0,0.0,0.0,0.0,0.0,0.0,0.0
2020-01-26 03:00:00,36.89,0.0,idle,sin_restriccion,0.0,0.0,0.0,0.0,0.0,0.0,0.250282580999179,0.2502825809991788,102.59325172972906,28.776845194921986,7402551.1424546605,3606335.614578811,0,0.0,,,,,0.0,0.0,0.0,0.0,0.0,0.0,0.0
2020-01-26 04:00:00,37.02,0.0,idle,sin_restriccion,0.0,0.0,0.0,0.0,0.0,0.0,0.250282580999179,0.2502825809991788,102.59325172972906,28.776845194921986,7402551.1424546605,3606335.614578811,0,0.0,,,,,0.0,0.0,0.0,0.0,0.0,0.0,0.0
2020-01-26 05:00:00,37.02,0.0,idle,sin_restriccion,0.0,0.0,0.0,0.0,0.0,0.0,0.250282580999179,0.2502825809991788,102.59325172972906,28.776845194921986,7402551.1424546605,3606335.614578811,0,0.0,,,,,0.0,0.0,0.0,0.0,0.0,0.0,0.0
2020-01-26 06:00:00,37.02,0.0,idle,sin_restriccion,0.0,0.0,0.0,0.0,0.0,0.0,0.250282580999179,0.2502825809991788,102.59325172972906,28.776845194921986,7402551.1424546605,3606335.614578811,0,0.0,,,,,0.0,0.0,0.0,0.0,0.0,0.0,0.0
2020-01-26 07:00:00,32.67,0.0,idle,sin_restriccion,0.0,0.0,0.0,0.0,0.0,0.0,0.250282580999179,0.2502825809991788,102.59325172972906,28.776845194921986,7402551.1424546605,3606335.614578811,0,0.0,,,,,0.0,0.0,0.0,0.0,0.0,0.0,0.0
2020-01-26 08:00:00,32.45,0.0,idle,sin_restriccion,0.0,0.0,0.0,0.0,0.0,0.0,0.250282580999179,0.2502825809991788,102.59325172972906,28.776845194921986,7402551.1424546605,3606335.614578811,0,0.0,,,,,0.0,0.0,0.0,0.0,0.0,0.0,0.0
2020-01-26 09:00:00,28.57,-100.0,charge,ok,-99.99999903205087,99.99999903205087,0.0,2856.999972345693,0.0,-2856.999972345693,0.29233486264851327,0.2923348626485132,116.47050467400938,32.771811951608754,8403855.545081824,4106987.8158923932,100,0.5421503245830537,1.6683922348250442,1.2785468006160354,0.6728365129020646,,90.4519391642244,2.7135581749267317,4.037019038336096,1001304.4026271644,0.0,500652.2013135822,0.0
2020-01-26 10:00:00,28.42,-100.0,charge,ok,-99.99999131102011,99.99999131102011,0.0,2841.999753059192,0.0,-2841.999753059192,0.334322332653314,0.3343223326533139,130.32636977559366,36.760621602064816,9403616.721456626,4606868.404079794,100,0.5413147538900376,1.6710757620592092,1.2814662253233946,0.6717995784493422,,90.45779648706876,2.7137338946120626,4.030797120460871,999761.1763748021,0.0,499880.58818740107,0.0
2020-01-26 11:00:00,30.08,-100.0,charge,ok,-99.99999179106216,99.99999179106216,0.0,3007.9997530751493,0.0,-3007.9997530751493,0.3762525909880341,0.376252590988034,144.16335502605128,40.74399614386322,10402015.634123335,5106067.860413148,100,0.5405771642923354,1.673451633141254,1.2840504138783402,0.6708841884279868,,90.46297384238767,2.71388921527163,4.025304800133125,998398.9126667076,0.0,499199.4563333538,0.0
2020-01-26 12:00:00,30.8,0.0,idle,sin_restriccion,0.0,0.0,0.0,0.0,0.0,0.0,0.3762525909880341,0.376252590988034,144.16335502605128,40.74399614386322,10402015.634123335,5106067.860413148,0,0.0,,,,,0.0,0.0,0.0,0.0,0.0,0.0,0.0
2020-01-26 13:00:00,30.48,-100.0,charge,ok,-100.00000153024462,100.00000153024462,0.0,3048.000046641856,0.0,-3048.000046641856,0.4181316554260392,0.4181316554260391,157.98344629059295,44.72250726547371,11399195.571929278,5604657.82931612,100,0.539917157590389,1.6755832653957758,1.2863685171900365,0.6700650207544473,,90.46761539585098,2.7140284618755293,4.020390186048487,997179.9378059427,0.0,498589.96890297136,0.0
2020-01-26 14:00:00,29.47,-100.0,charge,ok,-100.0000075744349,100.0000075744349,0.0,2947.0002232185966,0.0,-2947.0002232185966,0.45996440329375754,0.4599644032937575,171.78825308694002,48.69661831290695,12395272.668606898,6102696.37765493,100,0.5393200308084487,1.677516260560169,1.2884702713171325,0.6693239151859895,,90.4718121326984,2.714154363980952,4.015943795300963,996077.0966776205,0.0,498038.5483388103,0.0
2020-01-26 15:00:00,30.22,-100.0,charge,ok,-100.0000079488147,100.0000079488147,0.0,3022.00024021318,0.0,-3022.00024021318,0.5017548689785767,0.5017548689785766,185.5791067629303,52.66671255296477,13390342.986716764,6600231.536709863,100,0.5387749165296554,1.6792845340532376,1.290392648414798,0.6686473978075635,,90.47563846640743,2.714269153992223,4.011884705742638,995070.318109867,0.0,497535.1590549335,0.0
2020-01-26 16:00:00,30.68,0.0,idle,sin_restriccion,0.0,0.0,0.0,0.0,0.0,0.0,0.5017548689785767,0.5017548689785766,185.5791067629303,52.66671255296477,13390342.986716764,6600231.536709863,0,0.0,,,,,0.0,0.0,0.0,0.0,0.0,0.0,0.0
2020-01-26 17:00:00,31.25,0.0,idle,sin_restriccion,0.0,0.0,0.0,0.0,0.0,0.0,0.5017548689785767,0.5017548689785766,185.5791067629303,52.66671255296477,13390342.986716764,6600231.536709863,0,0.0,,,,,0.0,0.0,0.0,0.0,0.0,0.0,0.0
2020-01-26 18:00:00,33.62,0.0,idle,sin_restriccion,0.0,0.0,0.0,0.0,0.0,0.0,0.5017548689785767,0.5017548689785766,185.5791067629303,52.66671255296477,13390342.986716764,6600231.536709863,0,0.0,,,,,0.0,0.0,0.0,0.0,0.0,0.0,0.0
2020-01-26 19:00:00,39.9,0.0,idle,sin_restriccion,0.0,0.0,0.0,0.0,0.0,0.0,0.5017548689785767,0.5017548689785766,185.5791067629303,52.66671255296477,13390342.986716764,6600231.536709863,0,0.0,,,,,0.0,0.0,0.0,0.0,0.0,0.0,0.0
2020-01-26 20:00:00,47.67,0.0,idle,sin_restriccion,0.0,0.0,0.0,0.0,0.0,0.0,0.5017548689785767,0.5017548689785766,185.5791067629303,52.66671255296477,13390342.986716764,6600231.536709863,0,0.0,,,,,0.0,0.0,0.0,0.0,0.0,0.0,0.0
2020-01-26 21:00:00,52.98,0.0,idle,sin_restriccion,0.0,0.0,0.0,0.0,0.0,0.0,0.5017548689785767,0.5017548689785766,185.5791067629303,52.66671255296477,13390342.986716764,6600231.536709863,0,0.0,,,,,0.0,0.0,0.0,0.0,0.0,0.0,0.0
2020-01-26 22:00:00,52.98,0.0,idle,sin_restriccion,0.0,0.0,0.0,0.0,0.0,0.0,0.5017548689785767,0.5017548689785766,185.5791067629303,52.66671255296477,13390342.986716764,6600231.536709863,0,0.0,,,,,0.0,0.0,0.0,0.0,0.0,0.0,0.0
2020-01-26 23:00:00,52.98,0.0,idle,sin_restriccion,0.0,0.0,0.0,0.0,0.0,0.0,0.5017548689785767,0.5017548689785766,185.5791067629303,52.66671255296477,13390342.986716764,6600231.536709863,0,0.0,,,,,0.0,0.0,0.0,0.0,0.0,0.0,0.0
2020-01-27 00:00:00,51.4,0.0,idle,sin_restriccion,0.0,0.0,0.0,0.0,0.0,0.0,0.5017548689785767,0.5017548689785766,185.5791067629303,52.66671255296477,13390342.986716764,6600231.536709863,0,0.0,,,,,0.0,0.0,0.0,0.0,0.0,0.0,0.0
2020-01-27 01:00:00,35.97,0.0,idle,sin_restriccion,0.0,0.0,0.0,0.0,0.0,0.0,0.5017548689785767,0.5017548689785766,185.5791067629303,52.66671255296477,13390342.986716764,6600231.536709863,0,0.0,,,,,0.0,0.0,0.0,0.0,0.0,0.0,0.0
2020-01-27 02:00:00,34.99,-100.0,charge,ok,-99.99999548743777,99.99999548743777,0.0,3498.999842105448,0.0,-3498.999842105448,0.5435064422674412,0.5435064422674412,199.35712594825557,56.63311201540689,14384487.240276251,7097303.663489606,100,0.5382735043764115,1.6809139821072248,1.2921638829407887,0.6680252027668853,,90.47914597041645,2.7143743791124937,4.008151035730994,994144.2535594862,0.0,497072.1267797431,0.0
2020-01-27 03:00:00,34.99,-100.0,charge,ok,-100.00000537721725,100.00000537721725,0.0,3499.000188148832,0.0,-3499.000188148832,0.5852220261161919,0.5852220261161918,213.12326861834333,60.59609248103822,15377774.551395977,7593947.319049469,100,0.5378095179796218,1.68242488906879,1.293806025360422,0.6674493056898122,,90.48241186270047,2.714472355881014,4.004696049480069,993287.3111197266,0.0,496643.6555598633,0.0
2020-01-27 04:00:00,34.99,-100.0,charge,ok,-99.99999299030274,99.99999299030274,0.0,3498.999754730693,0.0,-3498.999754730693,0.6269041087726924,0.6269041087726924,226.8783558949885,64.55589033340576,16370264.167599335,8090192.127151148,100,0.5373776108026505,1.683833300549916,1.2953366266270927,0.6669133692526164,,90.48543160394551,2.7145629481183655,4.001479935024049,992489.6162033577,0.0,496244.80810167885,0.0
2020-01-27 05:00:00,46.03,0.0,idle,sin_restriccion,0.0,0.0,0.0,0.0,0.0,0.0,0.6269041087726924,0.6269041087726924,226.8783558949885,64.55589033340576,16370264.167599335,8090192.127151148,0,0.0,,,,,0.0,0.0,0.0,0.0,0.0,0.0,0.0
2020-01-27 06:00:00,47.75,0.0,idle,sin_restriccion,0.0,0.0,0.0,0.0,0.0,0.0,0.6269041087726924,0.6269041087726924,226.8783558949885,64.55589033340576,16370264.167599335,8090192.127151148,0,0.0,,,,,0.0,0.0,0.0,0.0,0.0,0.0,0.0
2020-01-27 07:00:00,48.6,0.0,idle,sin_restriccion,0.0,0.0,0.0,0.0,0.0,0.0,0.6269041087726924,0.6269041087726924,226.8783558949885,64.55589033340576,16370264.167599335,8090192.127151148,0,0.0,,,,,0.0,0.0,0.0,0.0,0.0,0.0,0.0
2020-01-27 08:00:00,38.69,-100.0,charge,ok,-99.9999962967584,99.9999962967584,0.0,3868.999856721582,0.0,-3868.999856721582,0.6685548719615189,0.6685548719615187,240.62310774730116,68.51271283634426,17362008.03780176,8586064.062252361,100,0.5369738310575483,1.6851523014026268,1.2967698840210007,0.6664122357000762,,90.48826871996127,2.714648061598838,3.998473266127326,991743.8702024242,0.0,495871.9351012121,0.0
2020-01-27 09:00:00,39.12,-100.0,charge,ok,-99.99999598761008,99.99999598761008,0.0,3911.999843035306,0.0,-3911.999843035306,0.7101762269455228,0.7101762269455226,254.35815489202253,72.46674155982464,18353051.670970496,9081585.878836729,100,0.5365946918725968,1.6863925576322196,1.2981174456539062,0.6659417064642403,,90.49092948389013,2.7147278845167038,3.9956500784643745,991043.6331687339,0.0,495521.81658436696,0.0
2020-01-27 10:00:00,44.02,-100.0,charge,ok,-99.99999678215129,99.99999678215129,0.0,4401.9998583503,0.0,-4401.9998583503,0.7517698686181765,0.7517698686181763,268.0840566439982,76.41813751872674,19343435.424114224,9576777.755408593,100,0.5362374037504196,1.6875629579301101,1.299388985930269,0.6654982881771881,,90.49343792258209,2.7148031376774626,3.9929896005747607,990383.753143729,0.0,495191.8765718645,0.0
2020-01-27 11:00:00,45.6,0.0,idle,sin_restriccion,0.0,0.0,0.0,0.0,0.0,0.0,0.7517698686181765,0.7517698686181763,268.0840566439982,76.41813751872674,19343435.424114224,9576777.755408593,0,0.0,,,,,0.0,0.0,0.0,0.0,0.0,0.0,0.0
2020-01-27 12:00:00,45.6,0.0,idle,sin_restriccion,0.0,0.0,0.0,0.0,0.0,0.0,0.7517698686181765,0.7517698686181763,268.0840566439982,76.41813751872674,19343435.424114224,9576777.755408593,0,0.0,,,,,0.0,0.0,0.0,0.0,0.0,0.0,0.0
2020-01-27 13:00:00,45.6,0.0,idle,sin_restriccion,0.0,0.0,0.0,0.0,0.0,0.0,0.7517698686181765,0.7517698686181763,268.0840566439982,76.41813751872674,19343435.424114224,9576777.755408593,0,0.0,,,,,0.0,0.0,0.0,0.0,0.0,0.0,0.0
2020-01-27 14:00:00,60.09,0.0,idle,sin_restriccion,0.0,0.0,0.0,0.0,0.0,0.0,0.7517698686181765,0.7517698686181763,268.0840566439982,76.41813751872674,19343435.424114224,9576777.755408593,0,0.0,,,,,0.0,0.0,0.0,0.0,0.0,0.0,0.0
2020-01-27 15:00:00,64.35,0.0,idle,sin_restriccion,0.0,0.0,0.0,0.0,0.0,0.0,0.7517698686181765,0.7517698686181763,268.0840566439982,76.41813751872674,19343435.424114224,9576777.755408593,0,0.0,,,,,0.0,0.0,0.0,0.0,0.0,0.0,0.0
2020-01-27 16:00:00,48.41,0.0,idle,sin_restriccion,0.0,0.0,0.0,0.0,0.0,0.0,0.7517698686181765,0.7517698686181763,268.0840566439982,76.41813751872674,19343435.424114224,9576777.755408593,0,0.0,,,,,0.0,0.0,0.0,0.0,0.0,0.0,0.0
2020-01-27 17:00:00,45.6,0.0,idle,sin_restriccion,0.0,0.0,0.0,0.0,0.0,0.0,0.7517698686181765,0.7517698686181763,268.0840566439982,76.41813751872674,19343435.424114224,9576777.755408593,0,0.0,,,,,0.0,0.0,0.0,0.0,0.0,0.0,0.0
2020-01-27 18:00:00,43.55,0.0,idle,sin_restriccion,0.0,0.0,0.0,0.0,0.0,0.0,0.7517698686181765,0.7517698686181763,268.0840566439982,76.41813751872674,19343435.424114224,9576777.755408593,0,0.0,,,,,0.0,0.0,0.0,0.0,0.0,0.0,0.0
2020-01-27 19:00:00,49.57,0.0,idle,sin_restriccion,0.0,0.0,0.0,0.0,0.0,0.0,0.7517698686181765,0.7517698686181763,268.0840566439982,76.41813751872674,19343435.424114224,9576777.755408593,0,0.0,,,,,0.0,0.0,0.0,0.0,0.0,0.0,0.0
2020-01-27 20:00:00,79.85,0.0,idle,sin_restriccion,0.0,0.0,0.0,0.0,0.0,0.0,0.7517698686181765,0.7517698686181763,268.0840566439982,76.41813751872674,19343435.424114224,9576777.755408593,0,0.0,,,,,0.0,0.0,0.0,0.0,0.0,0.0,0.0
2020-01-27 21:00:00,104.41,0.0,idle,sin_restriccion,0.0,0.0,0.0,0.0,0.0,0.0,0.7517698686181765,0.7517698686181763,268.0840566439982,76.41813751872674,19343435.424114224,9576777.755408593,0,0.0,,,,,0.0,0.0,0.0,0.0,0.0,0.0,0.0
2020-01-27 22:00:00,134.91,74.0,discharge,above_max_power,73.80261057064341,0.0,73.80261057064341,0.0,9956.710192085502,9956.710192085502,0.6265686109845399,0.6265686109845398,226.76764162489818,64.52401804353127,16362275.649517246,8086197.8681101035,106,1.5,0.4984615142606511,1.3005926279903515,,0.3684198743564357,79.25538076744353,3.170215230697741,0.0,0.0,2981159.774596979,0.0,1490579.8872984895
2020-01-27 23:00:00,129.73,74.0,discharge,above_max_power,73.23495609528803,0.0,73.23495609528803,0.0,9500.770854241715,9500.770854241715,0.5013673533509033,0.5013673533509032,185.45122660579813,52.6298985683358,13381115.874920268,6595617.980811615,106,1.5,0.4946275860679398,1.2967586997976401,,0.36558616442569936,78.64578618480243,3.1458314473920974,0.0,0.0,2981159.774596979,0.0,1490579.8872984895
2020-01-28 00:00:00,75.06,0.0,idle,sin_restriccion,0.0,0.0,0.0,0.0,0.0,0.0,0.5013673533509033,0.5013673533509032,185.45122660579813,52.6298985683358,13381115.874920268,6595617.980811615,0,0.0,,,,,0.0,0.0,0.0,0.0,0.0,0.0,0.0
2020-01-28 01:00:00,40.91,0.0,idle,sin_restriccion,0.0,0.0,0.0,0.0,0.0,0.0,0.5013673533509033,0.5013673533509032,185.45122660579813,52.6298985683358,13381115.874920268,6595617.980811615,0,0.0,,,,,0.0,0.0,0.0,0.0,0.0,0.0,0.0
2020-01-28 02:00:00,35.1,-100.0,charge,ok,-100.00000802920367,100.00000802920367,0.0,3510.000281825049,0.0,-3510.000281825049,0.5431192782400094,0.5431192782400093,199.22936181920312,56.59633143280088,14375268.500412406,7092694.293557684,100,0.5382780373096466,1.6808994553995267,1.2921480742751137,0.6680307445881488,,90.47912597673111,2.7143737793019334,4.008184789354187,994152.6254921391,0.0,497076.31274606957,0.0
2020-01-28 03:00:00,35.1,-100.0,charge,ok,-100.00000057486518,100.00000057486518,0.0,3510.000020177768,0.0,-3510.000020177768,0.5848351821351339,0.5848351821351339,212.9956101045942,60.5593423028377,15368563.432137497,7589341.759420229,100,0.5378136441111564,1.6824113587839347,1.2937913278909263,0.6674544584850284,,90.482378376159,2.7144713512847702,4.00472677393195,993294.9317250904,0.0,496647.4658625452,0.0
2020-01-28 04:00:00,36.03,-100.0,charge,ok,-100.0000091997567,100.0000091997567,0.0,3603.000331467234,0.0,-3603.000331467234,0.6265175713149219,0.6265175713149218,226.75079853392427,64.51916927491757,16361060.346948808,8085590.216825885,100,0.5373815625905991,1.6838206861801814,1.295322894145548,0.6669181655217601,,90.48541914618806,2.7145625743856416,4.001509361259654,992496.9148113115,0.0,496248.45740565576,0.0
2020-01-28 05:00:00,37.46,0.0,idle,sin_restriccion,0.0,0.0,0.0,0.0,0.0,0.0,0.6265175713149219,0.6265175713149218,226.75079853392427,64.51916927491757,16361060.346948808,8085590.216825885,0,0.0,,,,,0.0,0.0,0.0,0.0,0.0,0.0,0.0
2020-01-28 06:00:00,47.58,0.0,idle,sin_restriccion,0.0,0.0,0.0,0.0,0.0,0.0,0.6265175713149219,0.6265175713149218,226.75079853392427,64.51916927491757,16361060.346948808,8085590.216825885,0,0.0,,,,,0.0,0.0,0.0,0.0,0.0,0.0,0.0
2020-01-28 07:00:00,47.58,0.0,idle,sin_restriccion,0.0,0.0,0.0,0.0,0.0,0.0,0.6265175713149219,0.6265175713149218,226.75079853392427,64.51916927491757,16361060.346948808,8085590.216825885,0,0.0,,,,,0.0,0.0,0.0,0.0,0.0,0.0,0.0
2020-01-28 08:00:00,43.79,0.0,idle,sin_restriccion,0.0,0.0,0.0,0.0,0.0,0.0,0.6265175713149219,0.6265175713149218,226.75079853392427,64.51916927491757,16361060.346948808,8085590.216825885,0,0.0,,,,,0.0,0.0,0.0,0.0,0.0,0.0,0.0
2020-01-28 09:00:00,37.8,-100.0,charge,ok,-99.99999126967391,99.99999126967391,0.0,3779.9996699936737,0.0,-3779.9996699936737,0.6681686139808632,0.6681686139808632,240.4956426136849,68.47601832818201,17352810.871764366,8581465.479233664,100,0.5369774341583251,1.6851404348939032,1.29675699784829,0.6664167408354176,,90.48823869257723,2.7146471607773166,3.998500095930378,991750.524815559,0.0,495875.2624077795,0.0
2020-01-28 10:00:00,37.8,-100.0,charge,ok,-99.99999919454417,99.99999919454417,0.0,3779.9999695537695,0.0,-3779.9999695537695,0.7097902349188963,0.709790234918896,254.23077752323576,72.43007231729513,18343860.837548826,9076990.462125894,100,0.5365981206297875,1.6863813897653932,1.298105307274566,0.665945940372425,,90.49090844131594,2.714727253239478,3.995675610051149,991049.9657844587,0.0,495524.98289222934,0.0
2020-01-28 11:00:00,38.76,-100.0,charge,ok,-100.00000340804189,100.00000340804189,0.0,3876.0001320957035,0.0,-3876.0001320957035,0.7513841290224926,0.7513841290224924,267.9567625774226,76.38149225713677,19334250.601310868,9572185.344006915,100,0.5362406581640242,1.687552406714357,1.2993775133824803,0.6655022829769461,,90.493421326279,2.71480263978837,3.9930138339452563,990389.7637620436,0.0,495194.8818810218,0.0
2020-01-28 12:00:00,46.78,0.0,idle,sin_restriccion,0.0,0.0,0.0,0.0,0.0,0.0,0.7513841290224926,0.7513841290224924,267.9567625774226,76.38149225713677,19334250.601310868,9572185.344006915,0,0.0,,,,,0.0,0.0,0.0,0.0,0.0,0.0,0.0
2020-01-28 13:00:00,83.57,74.0,discharge,above_max_power,73.80100027036212,0.0,73.80100027036212,0.0,6167.549592594162,6167.549592594162,0.626182871388856,0.6261828713888559,226.6403475583225,64.48737278194129,16353090.82671389,8081605.456708426,106,1.5,0.49845063832129866,1.300581752050999,,0.3684118357975999,79.25365149308648,3.1701460597234594,0.0,0.0,2981159.774596979,0.0,1490579.8872984895
2020-01-28 14:00:00,79.4,0.0,idle,sin_restriccion,0.0,0.0,0.0,0.0,0.0,0.0,0.626182871388856,0.6261828713888559,226.6403475583225,64.48737278194129,16353090.82671389,8081605.456708426,0,0.0,,,,,0.0,0.0,0.0,0.0,0.0,0.0,0.0
2020-01-28 15:00:00,79.68,74.0,discharge,above_max_power,73.23305116406588,0.0,73.23305116406588,0.0,5835.2095167527705,5835.2095167527705,0.5009816137552193,0.5009816137552193,185.3239325392224,52.59325330674583,13371931.052116912,6591025.569409937,106,1.5,0.49461472019647246,1.2967458339261728,,0.3655766550802156,78.64374051123913,3.1457496204495654,0.0,0.0,2981159.774596979,0.0,1490579.8872984895
2020-01-28 16:00:00,65.97,0.0,idle,sin_restriccion,0.0,0.0,0.0,0.0,0.0,0.0,0.5009816137552193,0.5009816137552193,185.3239325392224,52.59325330674583,13371931.052116912,6591025.569409937,0,0.0,,,,,0.0,0.0,0.0,0.0,0.0,0.0,0.0
2020-01-28 17:00:00,52.22,0.0,idle,sin_restriccion,0.0,0.0,0.0,0.0,0.0,0.0,0.5009816137552193,0.5009816137552193,185.3239325392224,52.59325330674583,13371931.052116912,6591025.569409937,0,0.0,,,,,0.0,0.0,0.0,0.0,0.0,0.0,0.0
2020-01-28 18:00:00,44.96,0.0,idle,sin_restriccion,0.0,0.0,0.0,0.0,0.0,0.0,0.5009816137552193,0.5009816137552193,185.3239325392224,52.59325330674583,13371931.052116912,6591025.569409937,0,0.0,,,,,0.0,0.0,0.0,0.0,0.0,0.0,0.0
2020-01-28 19:00:00,44.96,0.0,idle,sin_restriccion,0.0,0.0,0.0,0.0,0.0,0.0,0.5009816137552193,0.5009816137552193,185.3239325392224,52.59325330674583,13371931.052116912,6591025.569409937,0,0.0,,,,,0.0,0.0,0.0,0.0,0.0,0.0,0.0
2020-01-28 20:00:00,55.82,0.0,idle,sin_restriccion,0.0,0.0,0.0,0.0,0.0,0.0,0.5009816137552193,0.5009816137552193,185.3239325392224,52.59325330674583,13371931.052116912,6591025.569409937,0,0.0,,,,,0.0,0.0,0.0,0.0,0.0,0.0,0.0
2020-01-28 21:00:00,57.76,0.0,idle,sin_restriccion,0.0,0.0,0.0,0.0,0.0,0.0,0.5009816137552193,0.5009816137552193,185.3239325392224,52.59325330674583,13371931.052116912,6591025.569409937,0,0.0,,,,,0.0,0.0,0.0,0.0,0.0,0.0,0.0
2020-01-28 22:00:00,56.39,0.0,idle,sin_restriccion,0.0,0.0,0.0,0.0,0.0,0.0,0.5009816137552193,0.5009816137552193,185.3239325392224,52.59325330674583,13371931.052116912,6591025.569409937,0,0.0,,,,,0.0,0.0,0.0,0.0,0.0,0.0,0.0
2020-01-28 23:00:00,51.63,0.0,idle,sin_restriccion,0.0,0.0,0.0,0.0,0.0,0.0,0.5009816137552193,0.5009816137552193,185.3239325392224,52.59325330674583,13371931.052116912,6591025.569409937,0,0.0,,,,,0.0,0.0,0.0,0.0,0.0,0.0,0.0
2020-01-29 00:00:00,47.83,0.0,idle,sin_restriccion,0.0,0.0,0.0,0.0,0.0,0.0,0.5009816137552193,0.5009816137552193,185.3239325392224,52.59325330674583,13371931.052116912,6591025.569409937,0,0.0,,,,,0.0,0.0,0.0,0.0,0.0,0.0,0.0
2020-01-29 01:00:00,43.49,0.0,idle,sin_restriccion,0.0,0.0,0.0,0.0,0.0,0.0,0.5009816137552193,0.5009816137552193,185.3239325392224,52.59325330674583,13371931.052116912,6591025.569409937,0,0.0,,,,,0.0,0.0,0.0,0.0,0.0,0.0,0.0
2020-01-29 02:00:00,34.44,0.0,idle,sin_restriccion,0.0,0.0,0.0,0.0,0.0,0.0,0.5009816137552193,0.5009816137552193,185.3239325392224,52.59325330674583,13371931.052116912,6591025.569409937,0,0.0,,,,,0.0,0.0,0.0,0.0,0.0,0.0,0.0
2020-01-29 03:00:00,40.52,0.0,idle,sin_restriccion,0.0,0.0,0.0,0.0,0.0,0.0,0.5009816137552193,0.5009816137552193,185.3239325392224,52.59325330674583,13371931.052116912,6591025.569409937,0,0.0,,,,,0.0,0.0,0.0,0.0,0.0,0.0,0.0
2020-01-29 04:00:00,45.18,0.0,idle,sin_restriccion,0.0,0.0,0.0,0.0,0.0,0.0,0.5009816137552193,0.5009816137552193,185.3239325392224,52.59325330674583,13371931.052116912,6591025.569409937,0,0.0,,,,,0.0,0.0,0.0,0.0,0.0,0.0,0.0
2020-01-29 05:00:00,61.1,0.0,idle,sin_restriccion,0.0,0.0,0.0,0.0,0.0,0.0,0.5009816137552193,0.5009816137552193,185.3239325392224,52.59325330674583,13371931.052116912,6591025.569409937,0,0.0,,,,,0.0,0.0,0.0,0.0,0.0,0.0,0.0
2020-01-29 06:00:00,63.4,0.0,idle,sin_restriccion,0.0,0.0,0.0,0.0,0.0,0.0,0.5009816137552193,0.5009816137552193,185.3239325392224,52.59325330674583,13371931.052116912,6591025.569409937,0,0.0,,,,,0.0,0.0,0.0,0.0,0.0,0.0,0.0
2020-01-29 07:00:00,64.55,74.0,discharge,above_max_power,72.54997166443465,0.0,72.54997166443465,0.0,4683.100670939257,4683.100670939257,0.3757803561215828,0.37578035612158267,144.0075175201223,40.699133831550355,10390771.277519934,5100445.682111448,106,1.5,0.4900012134503843,1.2921323271800846,,0.3621667477411153,77.9101929386111,3.116407717544444,0.0,0.0,2981159.774596979,0.0,1490579.8872984895
2020-01-29 08:00:00,47.0,0.0,idle,sin_restriccion,0.0,0.0,0.0,0.0,0.0,0.0,0.3757803561215828,0.37578035612158267,144.0075175201223,40.699133831550355,10390771.277519934,5100445.682111448,0,0.0,,,,,0.0,0.0,0.0,0.0,0.0,0.0,0.0
2020-01-29 09:00:00,37.57,-100.0,charge,ok,-99.9999949309645,99.9999949309645,0.0,3756.9998095563365,0.0,-3756.9998095563365,0.4176599659907319,0.4176599659907318,157.82778877694153,44.67769676911952,11387964.202554736,5599042.144628849,100,0.5399241894483566,1.675560413650924,1.2863436784153297,0.670073791872664,,90.46755982122284,2.714026794636685,4.020442547438313,997192.9250348022,0.0,498596.4625174011,0.0
2020-01-29 10:00:00,37.15,-100.0,charge,ok,-100.0000016288823,100.0000016288823,0.0,3715.0000605129776,0.0,-3715.0000605129776,0.4594932097049448,0.4594932097049447,171.63275920263177,48.65185492196974,12384053.105804047,6097086.596253504,100,0.5393264234066009,1.6774954412497929,1.2884476450728235,0.669331888524778,,90.47176166101285,2.7141528498303855,4.01599139656444,996088.9032493104,0.0,498044.4516246552,0.0
2020-01-29 11:00:00,36.73,-100.0,charge,ok,-99.99999295424817,99.99999295424817,0.0,3672.999741209535,0.0,-3672.999741209535,0.5012841261593044,0.5012841261593044,185.4237616325705,52.6219919851339,13379134.157160904,6594627.121931933,100,0.538780727982521,1.6792654014007011,1.2903718726432154,0.6686547103815058,,90.475583544253,2.71426750632759,4.011927979618526,995081.0513568582,0.0,497540.5256784291,0.0
2020-01-29 12:00:00,37.57,0.0,idle,sin_restriccion,0.0,0.0,0.0,0.0,0.0,0.0,0.5012841261593044,0.5012841261593044,185.4237616325705,52.6219919851339,13379134.157160904,6594627.121931933,0,0.0,,,,,0.0,0.0,0.0,0.0,0.0,0.0,0.0
2020-01-29 13:00:00,37.57,0.0,idle,sin_restriccion,0.0,0.0,0.0,0.0,0.0,0.0,0.5012841261593044,0.5012841261593044,185.4237616325705,52.6219919851339,13379134.157160904,6594627.121931933,0,0.0,,,,,0.0,0.0,0.0,0.0,0.0,0.0,0.0
2020-01-29 14:00:00,37.57,0.0,idle,sin_restriccion,0.0,0.0,0.0,0.0,0.0,0.0,0.5012841261593044,0.5012841261593044,185.4237616325705,52.6219919851339,13379134.157160904,6594627.121931933,0,0.0,,,,,0.0,0.0,0.0,0.0,0.0,0.0,0.0
2020-01-29 15:00:00,37.57,0.0,idle,sin_restriccion,0.0,0.0,0.0,0.0,0.0,0.0,0.5012841261593044,0.5012841261593044,185.4237616325705,52.6219919851339,13379134.157160904,6594627.121931933,0,0.0,,,,,0.0,0.0,0.0,0.0,0.0,0.0,0.0
2020-01-29 16:00:00,37.57,-100.0,charge,ok,-100.00000181290225,100.00000181290225,0.0,3757.0000681107376,0.0,-3757.0000681107376,0.543036123171537,0.5430361231715369,199.2019206466072,56.588431701296,14373288.499972561,7091704.293337761,100,0.5382789671421052,1.6808963216901032,1.2921446776003145,0.6680319400849554,,90.47911359123125,2.7143734077369377,4.0081917131743285,994154.3428116578,0.0,497077.1714058289,0.0
2020-01-29 17:00:00,33.95,-100.0,charge,ok,-99.9999965427885,99.9999965427885,0.0,3394.9998826276696,0.0,-3394.9998826276696,0.5847520946820925,0.5847520946820924,212.96819124509057,60.551448994798776,15366585.0416847,7588352.564193831,100,0.5378145158290862,1.6824084474151344,1.293788169934134,0.6674555672442395,,90.48236845733351,2.714471053720005,4.004733265013333,993296.5417121388,0.0,496648.2708560694,0.0
2020-01-29 18:00:00,35.74,-100.0,charge,ok,-100.00000550580356,100.00000550580356,0.0,3574.000196777419,0.0,-3574.000196777419,0.6264345469696162,0.6264345469696162,226.72340049997337,64.51128196211353,16359083.45915059,8084601.772926776,100,0.5373823761940002,1.683817965799627,1.2953199435657814,0.6669191998811187,,90.48540995395514,2.714562298618654,4.001515419602278,992498.4174658904,0.0,496249.2087329452,0.0
2020-01-29 19:00:00,39.23,0.0,idle,sin_restriccion,0.0,0.0,0.0,0.0,0.0,0.0,0.6264345469696162,0.6264345469696162,226.72340049997337,64.51128196211353,16359083.45915059,8084601.772926776,0,0.0,,,,,0.0,0.0,0.0,0.0,0.0,0.0,0.0
2020-01-29 20:00:00,50.25,0.0,idle,sin_restriccion,0.0,0.0,0.0,0.0,0.0,0.0,0.6264345469696162,0.6264345469696162,226.72340049997337,64.51128196211353,16359083.45915059,8084601.772926776,0,0.0,,,,,0.0,0.0,0.0,0.0,0.0,0.0,0.0
2020-01-29 21:00:00,63.95,74.0,discharge,above_max_power,73.2342941571072,0.0,73.2342941571072,0.0,4683.333111347006,4683.333111347006,0.5012332893359797,0.5012332893359795,185.4069854808733,52.617162486918055,13377923.684553612,6594021.885628287,106,1.5,0.4946231153492836,1.296754229078984,,0.36558286005503376,78.64507534053608,3.1458030136214434,0.0,0.0,2981159.774596979,0.0,1490579.8872984895
2020-01-29 22:00:00,63.95,0.0,idle,sin_restriccion,0.0,0.0,0.0,0.0,0.0,0.0,0.5012332893359797,0.5012332893359795,185.4069854808733,52.617162486918055,13377923.684553612,6594021.885628287,0,0.0,,,,,0.0,0.0,0.0,0.0,0.0,0.0,0.0
2020-01-29 23:00:00,63.76,0.0,idle,sin_restriccion,0.0,0.0,0.0,0.0,0.0,0.0,0.5012332893359797,0.5012332893359795,185.4069854808733,52.617162486918055,13377923.684553612,6594021.885628287,0,0.0,,,,,0.0,0.0,0.0,0.0,0.0,0.0,0.0
2020-01-30 00:00:00,49.3,0.0,idle,sin_restriccion,0.0,0.0,0.0,0.0,0.0,0.0,0.5012332893359797,0.5012332893359795,185.4069854808733,52.617162486918055,13377923.684553612,6594021.885628287,0,0.0,,,,,0.0,0.0,0.0,0.0,0.0,0.0,0.0
2020-01-30 01:00:00,37.67,-100.0,charge,ok,-100.00000066379319,100.00000066379319,0.0,3767.0000250050894,0.0,-3767.0000250050894,0.5429853314251664,0.5429853314251663,199.18515937030492,56.583606485390796,14372079.10068997,7091099.593696466,100,0.5382795482873919,1.6808944110381807,1.2921426025950948,0.6680326689926311,,90.47910842924335,2.7143732528773006,4.008196040561919,994155.4161363571,0.0,497077.70806817856,0.0
2020-01-30 02:00:00,37.67,-100.0,charge,ok,-100.00000390728535,100.00000390728535,0.0,3767.0001471874393,0.0,-3767.0001471874393,0.5847013480126759,0.5847013480126759,212.95144484418307,60.546628061204196,15365376.715726808,7587748.401214885,100,0.5378150969743729,1.6824066826881336,1.293786240815199,0.6674562393207338,,90.48237132002515,2.7144711396007546,4.0047375924009225,993297.6150368382,0.0,496648.8075184191,0.0
2020-01-30 03:00:00,37.67,-100.0,charge,ok,-99.9999967673806,99.9999967673806,0.0,3766.9998782272273,0.0,-3766.9998782272273,0.6263838363617629,0.6263838363617629,226.70666599938173,64.50646445436746,16357875.991852457,8083998.039277709,100,0.5373828411102295,1.6838162950519706,1.2953181412757608,0.6669198351443716,,90.48539845427284,2.714561953628185,4.001518881512349,992499.2761256497,0.0,496249.63806282484,0.0
2020-01-30 04:00:00,37.67,-100.0,charge,ok,-99.99999588910138,99.99999588910138,0.0,3766.9998451424494,0.0,-3766.9998451424494,0.6680349781970033,0.6680349781970033,240.4515428050111,68.46332292871529,17349628.877982356,8579874.482342659,100,0.5369787126779555,1.685136336632948,1.2967525377715299,0.6664182967596262,,90.48823407320063,2.7146470221960186,3.9985096161830738,991752.8861298972,0.0,495876.4430649486,0.0
2020-01-30 05:00:00,37.7,-100.0,charge,ok,-100.00000712881689,100.00000712881689,0.0,3770.000268756397,0.0,-3770.000268756397,0.7096566937966396,0.7096566937966395,254.18670895289105,72.41738591068075,18340681.097748682,9075400.592225822,100,0.5365993410348893,1.6863775341166582,1.2981011061895824,0.6659474021200099,,90.49090735430401,2.71472722062912,3.9956846975650846,991052.2197663266,0.0,495526.1098831633,0.0
2020-01-30 06:00:00,37.73,-100.0,charge,ok,-100.00000121617853,100.00000121617853,0.0,3773.0000458864156,0.0,-3773.0000458864156,0.7512506735464488,0.7512506735464486,267.91272227032806,76.36881398691261,19331072.900827654,9570596.493765308,100,0.5362417623400687,1.6875487488243963,1.2993735428980688,0.6655036679032331,,90.49341151043723,2.7148023453131165,3.993022055981675,990391.8030789718,0.0,495195.9015394859,0.0
2020-01-30 07:00:00,37.73,0.0,idle,sin_restriccion,0.0,0.0,0.0,0.0,0.0,0.0,0.7512506735464488,0.7512506735464486,267.91272227032806,76.36881398691261,19331072.900827654,9570596.493765308,0,0.0,,,,,0.0,0.0,0.0,0.0,0.0,0.0,0.0
2020-01-30 08:00:00,39.0,0.0,idle,sin_restriccion,0.0,0.0,0.0,0.0,0.0,0.0,0.7512506735464488,0.7512506735464486,267.91272227032806,76.36881398691261,19331072.900827654,9570596.493765308,0,0.0,,,,,0.0,0.0,0.0,0.0,0.0,0.0,0.0
2020-01-30 09:00:00,37.88,0.0,idle,sin_restriccion,0.0,0.0,0.0,0.0,0.0,0.0,0.7512506735464488,0.7512506735464486,267.91272227032806,76.36881398691261,19331072.900827654,9570596.493765308,0,0.0,,,,,0.0,0.0,0.0,0.0,0.0,0.0,0.0
2020-01-30 10:00:00,53.69,0.0,idle,sin_restriccion,0.0,0.0,0.0,0.0,0.0,0.0,0.7512506735464488,0.7512506735464486,267.91272227032806,76.36881398691261,19331072.900827654,9570596.493765308,0,0.0,,,,,0.0,0.0,0.0,0.0,0.0,0.0,0.0
2020-01-30 11:00:00,72.34,0.0,idle,sin_restriccion,0.0,0.0,0.0,0.0,0.0,0.0,0.7512506735464488,0.7512506735464486,267.91272227032806,76.36881398691261,19331072.900827654,9570596.493765308,0,0.0,,,,,0.0,0.0,0.0,0.0,0.0,0.0,0.0
2020-01-30 12:00:00,48.39,0.0,idle,sin_restriccion,0.0,0.0,0.0,0.0,0.0,0.0,0.7512506735464488,0.7512506735464486,267.91272227032806,76.36881398691261,19331072.900827654,9570596.493765308,0,0.0,,,,,0.0,0.0,0.0,0.0,0.0,0.0,0.0
2020-01-30 13:00:00,53.97,0.0,idle,sin_restriccion,0.0,0.0,0.0,0.0,0.0,0.0,0.7512506735464488,0.7512506735464486,267.91272227032806,76.36881398691261,19331072.900827654,9570596.493765308,0,0.0,,,,,0.0,0.0,0.0,0.0,0.0,0.0,0.0
2020-01-30 14:00:00,84.01,0.0,idle,sin_restriccion,0.0,0.0,0.0,0.0,0.0,0.0,0.7512506735464488,0.7512506735464486,267.91272227032806,76.36881398691261,19331072.900827654,9570596.493765308,0,0.0,,,,,0.0,0.0,0.0,0.0,0.0,0.0,0.0
2020-01-30 15:00:00,84.5,74.0,discharge,above_max_power,73.80044297126838,0.0,73.80044297126838,0.0,6236.1374310721785,6236.1374310721785,0.6260494159128122,0.626049415912812,226.596307251228,64.47469451171715,16349913.126230676,8080016.606466819,106,1.5,0.49844687433316837,1.3005779880628687,,0.36840905378134725,79.25305301897377,3.170122120758951,0.0,0.0,2981159.774596979,0.0,1490579.8872984895
2020-01-30 16:00:00,85.81,74.0,discharge,above_max_power,73.23239185923457,0.0,73.23239185923457,0.0,6284.071545440918,6284.071545440918,0.5008481582791756,0.5008481582791755,185.27989223212793,52.580575036521665,13368753.351633698,6589436.71916833,106,1.5,0.49461026726341173,1.296741380993112,,0.3655733638551324,78.64303249488248,3.1457212997952992,0.0,0.0,2981159.774596979,0.0,1490579.8872984895
2020-01-30 17:00:00,71.06,0.0,idle,sin_restriccion,0.0,0.0,0.0,0.0,0.0,0.0,0.5008481582791756,0.5008481582791755,185.27989223212793,52.580575036521665,13368753.351633698,6589436.71916833,0,0.0,,,,,0.0,0.0,0.0,0.0,0.0,0.0,0.0
2020-01-30 18:00:00,35.95,0.0,idle,sin_restriccion,0.0,0.0,0.0,0.0,0.0,0.0,0.5008481582791756,0.5008481582791755,185.27989223212793,52.580575036521665,13368753.351633698,6589436.71916833,0,0.0,,,,,0.0,0.0,0.0,0.0,0.0,0.0,0.0
2020-01-30 19:00:00,46.27,0.0,idle,sin_restriccion,0.0,0.0,0.0,0.0,0.0,0.0,0.5008481582791756,0.5008481582791755,185.27989223212793,52.580575036521665,13368753.351633698,6589436.71916833,0,0.0,,,,,0.0,0.0,0.0,0.0,0.0,0.0,0.0
2020-01-30 20:00:00,53.4,0.0,idle,sin_restriccion,0.0,0.0,0.0,0.0,0.0,0.0,0.5008481582791756,0.5008481582791755,185.27989223212793,52.580575036521665,13368753.351633698,6589436.71916833,0,0.0,,,,,0.0,0.0,0.0,0.0,0.0,0.0,0.0
2020-01-30 21:00:00,54.77,0.0,idle,sin_restriccion,0.0,0.0,0.0,0.0,0.0,0.0,0.5008481582791756,0.5008481582791755,185.27989223212793,52.580575036521665,13368753.351633698,6589436.71916833,0,0.0,,,,,0.0,0.0,0.0,0.0,0.0,0.0,0.0
2020-01-30 22:00:00,51.63,0.0,idle,sin_restriccion,0.0,0.0,0.0,0.0,0.0,0.0,0.5008481582791756,0.5008481582791755,185.27989223212793,52.580575036521665,13368753.351633698,6589436.71916833,0,0.0,,,,,0.0,0.0,0.0,0.0,0.0,0.0,0.0
2020-01-30 23:00:00,51.63,0.0,idle,sin_restriccion,0.0,0.0,0.0,0.0,0.0,0.0,0.5008481582791756,0.5008481582791755,185.27989223212793,52.580575036521665,13368753.351633698,6589436.71916833,0,0.0,,,,,0.0,0.0,0.0,0.0,0.0,0.0,0.0
2020-01-31 00:00:00,50.76,74.0,discharge,above_max_power,72.54916464422901,0.0,72.54916464422901,0.0,3682.595597341064,3682.595597341064,0.375646900645539,0.3756469006455389,143.96347721302786,40.68645556132619,10387593.57703672,5098856.831869841,106,1.5,0.4899957628503223,1.2921268765800227,,0.3621627191264028,77.90932629320126,3.1163730517280506,0.0,0.0,2981159.774596979,0.0,1490579.8872984895
2020-01-31 01:00:00,49.21,0.0,idle,sin_restriccion,0.0,0.0,0.0,0.0,0.0,0.0,0.375646900645539,0.3756469006455389,143.96347721302786,40.68645556132619,10387593.57703672,5098856.831869841,0,0.0,,,,,0.0,0.0,0.0,0.0,0.0,0.0,0.0
2020-01-31 02:00:00,46.2,0.0,idle,sin_restriccion,0.0,0.0,0.0,0.0,0.0,0.0,0.375646900645539,0.3756469006455389,143.96347721302786,40.68645556132619,10387593.57703672,5098856.831869841,0,0.0,,,,,0.0,0.0,0.0,0.0,0.0,0.0,0.0
2020-01-31 03:00:00,37.69,0.0,idle,sin_restriccion,0.0,0.0,0.0,0.0,0.0,0.0,0.375646900645539,0.3756469006455389,143.96347721302786,40.68645556132619,10387593.57703672,5098856.831869841,0,0.0,,,,,0.0,0.0,0.0,0.0,0.0,0.0,0.0
2020-01-31 04:00:00,37.63,0.0,idle,sin_restriccion,0.0,0.0,0.0,0.0,0.0,0.0,0.375646900645539,0.3756469006455389,143.96347721302786,40.68645556132619,10387593.57703672,5098856.831869841,0,0.0,,,,,0.0,0.0,0.0,0.0,0.0,0.0,0.0
2020-01-31 05:00:00,37.63,0.0,idle,sin_restriccion,0.0,0.0,0.0,0.0,0.0,0.0,0.375646900645539,0.3756469006455389,143.96347721302786,40.68645556132619,10387593.57703672,5098856.831869841,0,0.0,,,,,0.0,0.0,0.0,0.0,0.0,0.0,0.0
2020-01-31 06:00:00,37.63,0.0,idle,sin_restriccion,0.0,0.0,0.0,0.0,0.0,0.0,0.375646900645539,0.3756469006455389,143.96347721302786,40.68645556132619,10387593.57703672,5098856.831869841,0,0.0,,,,,0.0,0.0,0.0,0.0,0.0,0.0,0.0
2020-01-31 07:00:00,37.63,0.0,idle,sin_restriccion,0.0,0.0,0.0,0.0,0.0,0.0,0.375646900645539,0.3756469006455389,143.96347721302786,40.68645556132619,10387593.57703672,5098856.831869841,0,0.0,,,,,0.0,0.0,0.0,0.0,0.0,0.0,0.0
2020-01-31 08:00:00,36.75,-100.0,charge,ok,-99.99999049559948,99.99999049559948,0.0,3674.999650713281,0.0,-3674.999650713281,0.41752666377633185,0.41752666377633174,157.78379904618953,44.66503305875151,11384790.151375499,5597455.11903923,100,0.5399261653423308,1.6755539475486505,1.286336653975353,0.6700762737794186,,90.46754177241479,2.7140262531724435,4.020457260556115,997196.574338779,0.0,498598.2871693895,0.0
2020-01-31 09:00:00,35.71,-100.0,charge,ok,-99.99999869560979,99.99999869560979,0.0,3570.9999534202257,0.0,-3570.9999534202257,0.4593600472291023,0.45936004722910223,171.58881558560375,48.639204486764704,12380882.381931376,6095501.234317169,100,0.5393282249569893,1.6774895520980786,1.2884412466953246,0.6693341439750568,,90.47174625169518,2.7141523875508553,4.016004811465966,996092.230555878,0.0,498046.115277939,0.0
2020-01-31 10:00:00,36.21,-100.0,charge,ok,-100.00000891080953,100.00000891080953,0.0,3621.000322660413,0.0,-3621.000322660413,0.5011510989143242,0.5011510989143241,185.379862641727,52.60935439686077,13375966.653262332,6593043.369982647,100,0.5387824714183808,1.67926001953353,1.2903659978412705,0.6686567673808179,,90.47558634783537,2.7142675904350613,4.011940961781293,995084.2713309556,0.0,497542.1356654778,0.0
2020-01-31 11:00:00,38.27,0.0,idle,sin_restriccion,0.0,0.0,0.0,0.0,0.0,0.0,0.5011510989143242,0.5011510989143241,185.379862641727,52.60935439686077,13375966.653262332,6593043.369982647,0,0.0,,,,,0.0,0.0,0.0,0.0,0.0,0.0,0.0
2020-01-31 12:00:00,39.6,0.0,idle,sin_restriccion,0.0,0.0,0.0,0.0,0.0,0.0,0.5011510989143242,0.5011510989143241,185.379862641727,52.60935439686077,13375966.653262332,6593043.369982647,0,0.0,,,,,0.0,0.0,0.0,0.0,0.0,0.0,0.0
2020-01-31 13:00:00,39.6,0.0,idle,sin_restriccion,0.0,0.0,0.0,0.0,0.0,0.0,0.5011510989143242,0.5011510989143241,185.379862641727,52.60935439686077,13375966.653262332,6593043.369982647,0,0.0,,,,,0.0,0.0,0.0,0.0,0.0,0.0,0.0
2020-01-31 14:00:00,39.6,0.0,idle,sin_restriccion,0.0,0.0,0.0,0.0,0.0,0.0,0.5011510989143242,0.5011510989143241,185.379862641727,52.60935439686077,13375966.653262332,6593043.369982647,0,0.0,,,,,0.0,0.0,0.0,0.0,0.0,0.0,0.0
2020-01-31 15:00:00,39.6,0.0,idle,sin_restriccion,0.0,0.0,0.0,0.0,0.0,0.0,0.5011510989143242,0.5011510989143241,185.379862641727,52.60935439686077,13375966.653262332,6593043.369982647,0,0.0,,,,,0.0,0.0,0.0,0.0,0.0,0.0,0.0
2020-01-31 16:00:00,37.94,0.0,idle,sin_restriccion,0.0,0.0,0.0,0.0,0.0,0.0,0.5011510989143242,0.5011510989143241,185.379862641727,52.60935439686077,13375966.653262332,6593043.369982647,0,0.0,,,,,0.0,0.0,0.0,0.0,0.0,0.0,0.0
2020-01-31 17:00:00,34.94,-100.0,charge,ok,-99.99999681710585,99.99999681710585,0.0,3493.999888789678,0.0,-3493.999888789678,0.5429032131266373,0.5429032131266373,199.1580603317903,56.57580524703054,14370123.786718208,7090121.936710585,100,0.5382804781198502,1.6808913188400618,1.2921392474318014,0.6680338486598202,,90.47909827727342,2.7143729483182026,4.008202964382059,994157.1334558753,0.0,497078.56672793766,0.0
2020-01-31 18:00:00,33.01,-100.0,charge,ok,-99.99999033772234,99.99999033772234,0.0,3300.9996810482144,0.0,-3300.9996810482144,0.5846192928218825,0.5846192928218825,212.92436663122126,60.53883281807884,15363422.904409625,7586771.495556293,100,0.537815910577774,1.682403793560553,1.2937831215389914,0.6674573396155058,,90.482352819327,2.71447058457981,4.0047436507435465,993299.1176914169,0.0,496649.55884570844,0.0
2020-01-31 19:00:00,36.16,-100.0,charge,ok,-99.99999512813504,99.99999512813504,0.0,3615.999823833363,0.0,-3615.999823833363,0.6263018442787052,0.626301844278705,226.6796086119727,64.49867520647696,16355923.683189852,8083021.884946407,100,0.5373836547136308,1.6838136107241173,1.2953152267488446,0.6669208558006458,,90.48539119874809,2.7145617359624428,4.001524939854973,992500.7787802283,0.0,496250.3893901142,0.0
2020-01-31 20:00:00,37.88,0.0,idle,sin_restriccion,0.0,0.0,0.0,0.0,0.0,0.0,0.6263018442787052,0.626301844278705,226.6796086119727,64.49867520647696,16355923.683189852,8083021.884946407,0,0.0,,,,,0.0,0.0,0.0,0.0,0.0,0.0,0.0
2020-01-31 21:00:00,48.59,0.0,idle,sin_restriccion,0.0,0.0,0.0,0.0,0.0,0.0,0.6263018442787052,0.626301844278705,226.6796086119727,64.49867520647696,16355923.683189852,8083021.884946407,0,0.0,,,,,0.0,0.0,0.0,0.0,0.0,0.0,0.0
2020-01-31 22:00:00,50.07,74.0,discharge,above_max_power,73.23363881271518,0.0,73.23363881271518,0.0,3666.808295352649,3666.808295352649,0.5011005866450685,0.5011005866450684,185.36319359287262,52.6045557312815,13374763.908592872,6592441.997647917,106,1.5,0.4946186891649592,1.2967498028946596,,0.3655795886003156,78.64437157722851,3.1457748630891404,0.0,0.0,2981159.774596979,0.0,1490579.8872984895
2020-01-31 23:00:00,50.07,0.0,idle,sin_restriccion,0.0,0.0,0.0,0.0,0.0,0.0,0.5011005866450685,0.5011005866450684,185.36319359287262,52.6045557312815,13374763.908592872,6592441.997647917,0,0.0,,,,,0.0,0.0,0.0,0.0,0.0,0.0,0.0
2020-06-01 00:00:00,63.1,0.0,idle,sin_restriccion,0.0,0.0,0.0,0.0,0.0,0.0,0.5011005866450685,0.5011005866450684,185.36319359287262,52.6045557312815,13374763.908592872,6592441.997647917,0,0.0,,,,,0.0,0.0,0.0,0.0,0.0,0.0,0.0
2020-06-01 01:00:00,61.55,0.0,idle,sin_restriccion,0.0,0.0,0.0,0.0,0.0,0.0,0.5011005866450685,0.5011005866450684,185.36319359287262,52.6045557312815,13374763.908592872,6592441.997647917,0,0.0,,,,,0.0,0.0,0.0,0.0,0.0,0.0,0.0
2020-06-01 02:00:00,53.07,0.0,idle,sin_restriccion,0.0,0.0,0.0,0.0,0.0,0.0,0.5011005866450685,0.5011005866450684,185.36319359287262,52.6045557312815,13374763.908592872,6592441.997647917,0,0.0,,,,,0.0,0.0,0.0,0.0,0.0,0.0,0.0
2020-06-01 03:00:00,39.58,-100.0,charge,ok,-99.99999639591472,99.99999639591472,0.0,3957.9998573503044,0.0,-3957.9998573503044,0.5428527459343357,0.5428527459343356,199.14140615833077,56.57101086376188,14368922.115373448,7089521.1010382045,100,0.5382810592651368,1.6808894209453027,1.2921371851838706,0.6680345727048106,,90.47909380139998,2.7143728140419996,4.008207291769649,994158.2067805746,0.0,497079.1033902873,0.0
2020-06-01 04:00:00,39.58,-100.0,charge,ok,-99.99999838085053,99.99999838085053,0.0,3957.999935914064,0.0,-3957.999935914064,0.584568870706535,0.584568870706535,212.90772733315657,60.53404271712081,15362222.306389563,7586171.196546262,100,0.5378164917230606,1.6824020407367752,1.2937812043233956,0.6674580071623321,,90.482356321677,2.71447068965031,4.004747978131136,993300.191016116,0.0,496650.095508058,0.0
2020-06-01 05:00:00,39.58,-100.0,charge,ok,-99.99999877713529,99.99999877713529,0.0,3957.9999515990144,0.0,-3957.9999515990144,0.6262514627326163,0.6262514627326162,226.6629827017634,64.49388895959854,16354724.051162021,8082422.068932491,100,0.5373841777443887,1.6838119675761452,1.295313435615811,0.6669214805728483,,90.48539096720681,2.714561729016204,4.001528834503805,992501.744772458,0.0,496250.872386229,0.0
2020-06-01 06:00:00,39.58,0.0,idle,sin_restriccion,0.0,0.0,0.0,0.0,0.0,0.0,0.6262514627326163,0.6262514627326162,226.6629827017634,64.49388895959854,16354724.051162021,8082422.068932491,0,0.0,,,,,0.0,0.0,0.0,0.0,0.0,0.0,0.0
2020-06-01 07:00:00,47.6,0.0,idle,sin_restriccion,0.0,0.0,0.0,0.0,0.0,0.0,0.6262514627326163,0.6262514627326162,226.6629827017634,64.49388895959854,16354724.051162021,8082422.068932491,0,0.0,,,,,0.0,0.0,0.0,0.0,0.0,0.0,0.0
2020-06-01 08:00:00,50.27,0.0,idle,sin_restriccion,0.0,0.0,0.0,0.0,0.0,0.0,0.6262514627326163,0.6262514627326162,226.6629827017634,64.49388895959854,16354724.051162021,8082422.068932491,0,0.0,,,,,0.0,0.0,0.0,0.0,0.0,0.0,0.0
2020-06-01 09:00:00,44.53,0.0,idle,sin_restriccion,0.0,0.0,0.0,0.0,0.0,0.0,0.6262514627326163,0.6262514627326162,226.6629827017634,64.49388895959854,16354724.051162021,8082422.068932491,0,0.0,,,,,0.0,0.0,0.0,0.0,0.0,0.0,0.0
2020-06-01 10:00:00,34.88,-100.0,charge,ok,-100.00000304493909,100.00000304493909,0.0,3488.0001062074757,0.0,-3488.0001062074757,0.6679027037371557,0.6679027037371557,240.40789223326138,68.45075685502978,17346479.298606258,8578299.69265461,100,0.5369799911975859,1.6851322829135986,1.2967481222366108,0.66641983578055,,90.4882318445712,2.714646955337136,3.998519136435769,991755.2474442351,0.0,495877.62372211757,0.0
2020-06-01 11:00:00,39.32,-100.0,charge,ok,-100.00000568847341,100.00000568847341,0.0,3932.0002236707746,0.0,-3932.0002236707746,0.7095245094907001,0.7095245094906999,254.14308813193102,72.40482840161648,18337533.665021982,9073826.875862472,100,0.5366005033254624,1.686373704052435,1.2980969471386548,0.6659488541743869,,90.49089783893609,2.7147269351680827,3.995693352340262,991054.3664157249,0.0,495527.1832078624,0.0
2020-06-01 12:00:00,41.53,-100.0,charge,ok,-100.00000127981718,100.00000127981718,0.0,4153.000053150808,0.0,-4153.000053150808,0.751118574886722,0.7511185748867218,267.86912971261825,76.35626461423857,19327927.507417884,9569023.797060423,100,0.5362428665161132,1.6875451305951772,1.2993696120745746,0.6655050378191013,,90.49340382056663,2.7148021146169987,3.993030278018095,990393.8423959003,0.0,495196.92119795014,0.0
2020-06-01 13:00:00,45.73,0.0,idle,sin_restriccion,0.0,0.0,0.0,0.0,0.0,0.0,0.751118574886722,0.7511185748867218,267.86912971261825,76.35626461423857,19327927.507417884,9569023.797060423,0,0.0,,,,,0.0,0.0,0.0,0.0,0.0,0.0,0.0
2020-06-01 14:00:00,45.73,0.0,idle,sin_restriccion,0.0,0.0,0.0,0.0,0.0,0.0,0.751118574886722,0.7511185748867218,267.86912971261825,76.35626461423857,19327927.507417884,9569023.797060423,0,0.0,,,,,0.0,0.0,0.0,0.0,0.0,0.0,0.0
2020-06-01 15:00:00,42.8,0.0,idle,sin_restriccion,0.0,0.0,0.0,0.0,0.0,0.0,0.751118574886722,0.7511185748867218,267.86912971261825,76.35626461423857,19327927.507417884,9569023.797060423,0,0.0,,,,,0.0,0.0,0.0,0.0,0.0,0.0,0.0
2020-06-01 16:00:00,38.08,0.0,idle,sin_restriccion,0.0,0.0,0.0,0.0,0.0,0.0,0.751118574886722,0.7511185748867218,267.86912971261825,76.35626461423857,19327927.507417884,9569023.797060423,0,0.0,,,,,0.0,0.0,0.0,0.0,0.0,0.0,0.0
2020-06-01 17:00:00,52.15,0.0,idle,sin_restriccion,0.0,0.0,0.0,0.0,0.0,0.0,0.751118574886722,0.7511185748867218,267.86912971261825,76.35626461423857,19327927.507417884,9569023.797060423,0,0.0,,,,,0.0,0.0,0.0,0.0,0.0,0.0,0.0
2020-06-01 18:00:00,89.99,74.0,discharge,above_max_power,73.79989124760213,0.0,73.79989124760213,0.0,6641.252213371716,6641.252213371716,0.6259173172530853,0.6259173172530853,226.55271469351817,64.46214513904309,16346767.732820906,8078443.909761934,106,1.5,0.4984431480013761,1.3005742617310765,,0.36840629959742033,79.25246053221879,3.1700984212887517,0.0,0.0,2981159.774596979,0.0,1490579.8872984895
2020-06-01 19:00:00,96.74,74.0,discharge,above_max_power,73.23173913072692,0.0,73.23173913072692,0.0,7084.438443506522,7084.438443506522,0.5007160596194488,0.5007160596194487,185.2362996744181,52.568025663847614,13365607.958223928,6587864.022463445,106,1.5,0.4946058587467238,1.2967369724764242,,0.3655701054588112,78.64233154072909,3.1456932616291637,0.0,0.0,2981159.774596979,0.0,1490579.8872984895
2020-06-01 20:00:00,84.69,0.0,idle,sin_restriccion,0.0,0.0,0.0,0.0,0.0,0.0,0.5007160596194488,0.5007160596194487,185.2362996744181,52.568025663847614,13365607.958223928,6587864.022463445,0,0.0,,,,,0.0,0.0,0.0,0.0,0.0,0.0,0.0
2020-06-01 21:00:00,70.62,0.0,idle,sin_restriccion,0.0,0.0,0.0,0.0,0.0,0.0,0.5007160596194488,0.5007160596194487,185.2362996744181,52.568025663847614,13365607.958223928,6587864.022463445,0,0.0,,,,,0.0,0.0,0.0,0.0,0.0,0.0,0.0
2020-06-01 22:00:00,70.62,0.0,idle,sin_restriccion,0.0,0.0,0.0,0.0,0.0,0.0,0.5007160596194488,0.5007160596194487,185.2362996744181,52.568025663847614,13365607.958223928,6587864.022463445,0,0.0,,,,,0.0,0.0,0.0,0.0,0.0,0.0,0.0
2020-06-01 23:00:00,70.27,0.0,idle,sin_restriccion,0.0,0.0,0.0,0.0,0.0,0.0,0.5007160596194488,0.5007160596194487,185.2362996744181,52.568025663847614,13365607.958223928,6587864.022463445,0,0.0,,,,,0.0,0.0,0.0,0.0,0.0,0.0,0.0
2020-06-02 00:00:00,70.62,0.0,idle,sin_restriccion,0.0,0.0,0.0,0.0,0.0,0.0,0.5007160596194488,0.5007160596194487,185.2362996744181,52.568025663847614,13365607.958223928,6587864.022463445,0,0.0,,,,,0.0,0.0,0.0,0.0,0.0,0.0,0.0
2020-06-02 01:00:00,66.91,0.0,idle,sin_restriccion,0.0,0.0,0.0,0.0,0.0,0.0,0.5007160596194488,0.5007160596194487,185.2362996744181,52.568025663847614,13365607.958223928,6587864.022463445,0,0.0,,,,,0.0,0.0,0.0,0.0,0.0,0.0,0.0
2020-06-02 02:00:00,64.26,0.0,idle,sin_restriccion,0.0,0.0,0.0,0.0,0.0,0.0,0.5007160596194488,0.5007160596194487,185.2362996744181,52.568025663847614,13365607.958223928,6587864.022463445,0,0.0,,,,,0.0,0.0,0.0,0.0,0.0,0.0,0.0
2020-06-02 03:00:00,64.26,0.0,idle,sin_restriccion,0.0,0.0,0.0,0.0,0.0,0.0,0.5007160596194488,0.5007160596194487,185.2362996744181,52.568025663847614,13365607.958223928,6587864.022463445,0,0.0,,,,,0.0,0.0,0.0,0.0,0.0,0.0,0.0
2020-06-02 04:00:00,61.98,0.0,idle,sin_restriccion,0.0,0.0,0.0,0.0,0.0,0.0,0.5007160596194488,0.5007160596194487,185.2362996744181,52.568025663847614,13365607.958223928,6587864.022463445,0,0.0,,,,,0.0,0.0,0.0,0.0,0.0,0.0,0.0
2020-06-02 05:00:00,35.54,-100.0,charge,ok,-99.99999136042328,99.99999136042328,0.0,3553.999692949443,0.0,-3553.999692949443,0.5424685614935667,0.5424685614935666,199.01462529287699,56.534513341888825,14359774.322272215,7084947.204487588,100,0.5382854759693145,1.6808749649568937,1.292121480112937,0.6680400877017231,,90.47905805567265,2.7143717416701794,4.008240179915323,994166.3640482875,0.0,497083.18202414375,0.0
2020-06-02 06:00:00,33.56,-100.0,charge,ok,-99.99999910849061,99.99999910849061,0.0,3355.9999700809453,0.0,-3355.9999700809453,0.5841850063121398,0.5841850063121398,212.78105208300616,60.49757559965327,15353082.133893695,7581601.110298328,100,0.5378206178545951,1.6823886077199353,1.2937666041260383,0.6674631230476656,,90.48232804754676,2.7144698414264026,4.004778702583016,993307.8116214793,0.0,496653.90581073967,0.0
2020-06-02 07:00:00,37.75,-100.0,charge,ok,-100.00000845904249,100.00000845904249,0.0,3775.000319328854,0.0,-3775.000319328854,0.6258679003538132,0.6258679003538131,226.53640711675834,64.45745053361223,16345591.069941636,8077855.578322299,100,0.5373880714178085,1.6837994287057487,1.2952997950800789,0.6669262482512,,90.485372764659,2.7145611829397702,4.0015578280006485,992508.9360479414,0.0,496254.4680239707,0.0
2020-06-02 08:00:00,41.76,0.0,idle,sin_restriccion,0.0,0.0,0.0,0.0,0.0,0.0,0.6258679003538132,0.6258679003538131,226.53640711675834,64.45745053361223,16345591.069941636,8077855.578322299,0,0.0,,,,,0.0,0.0,0.0,0.0,0.0,0.0,0.0
2020-06-02 09:00:00,36.55,0.0,idle,sin_restriccion,0.0,0.0,0.0,0.0,0.0,0.0,0.6258679003538132,0.6258679003538131,226.53640711675834,64.45745053361223,16345591.069941636,8077855.578322299,0,0.0,,,,,0.0,0.0,0.0,0.0,0.0,0.0,0.0
2020-06-02 10:00:00,38.73,0.0,idle,sin_restriccion,0.0,0.0,0.0,0.0,0.0,0.0,0.6258679003538132,0.6258679003538131,226.53640711675834,64.45745053361223,16345591.069941636,8077855.578322299,0,0.0,,,,,0.0,0.0,0.0,0.0,0.0,0.0,0.0
2020-06-02 11:00:00,89.21,0.0,idle,sin_restriccion,0.0,0.0,0.0,0.0,0.0,0.0,0.6258679003538132,0.6258679003538131,226.53640711675834,64.45745053361223,16345591.069941636,8077855.578322299,0,0.0,,,,,0.0,0.0,0.0,0.0,0.0,0.0,0.0
2020-06-02 12:00:00,71.99,0.0,idle,sin_restriccion,0.0,0.0,0.0,0.0,0.0,0.0,0.6258679003538132,0.6258679003538131,226.53640711675834,64.45745053361223,16345591.069941636,8077855.578322299,0,0.0,,,,,0.0,0.0,0.0,0.0,0.0,0.0,0.0
2020-06-02 13:00:00,59.92,0.0,idle,sin_restriccion,0.0,0.0,0.0,0.0,0.0,0.0,0.6258679003538132,0.6258679003538131,226.53640711675834,64.45745053361223,16345591.069941636,8077855.578322299,0,0.0,,,,,0.0,0.0,0.0,0.0,0.0,0.0,0.0
2020-06-02 14:00:00,35.59,-100.0,charge,ok,-100.00000295911278,100.00000295911278,0.0,3559.000105314824,0.0,-3559.000105314824,0.6675194208354676,0.6675194208354674,240.2814088757043,68.4143449793694,17337352.971999004,8573736.529350983,100,0.5369835942983625,1.6851205034095884,1.296735323071805,0.6664243079862231,,90.4882064746747,2.714646194240241,3.998545966238819,991761.9020573695,0.0,495880.95102868474,0.0
2020-06-02 15:00:00,31.29,-100.0,charge,ok,-100.00000182265867,100.00000182265867,0.0,3129.00005703099,0.0,-3129.00005703099,0.7091414880353455,0.7091414880353453,254.01669105166403,72.3684413633578,18328413.563697983,9069266.825200472,100,0.5366038739681244,1.6863626024260716,1.2980848914519492,0.6659530630599949,,90.4908705376798,2.714726116130394,3.9957184511882775,991060.5916989796,0.0,495530.2958494898,0.0
2020-06-02 16:00:00,31.26,-100.0,charge,ok,-100.00000059420354,100.00000059420354,0.0,3126.0000185748027,0.0,-3126.0000185748027,0.7507358013546145,0.7507358013546143,267.7428144470228,76.31990112868836,19318813.309379727,9564466.698041344,100,0.5362460628151894,1.687534641568546,1.2993582181707701,0.6655090091538275,,90.49338074053745,2.7148014222161234,3.993054078649833,990399.7456817453,0.0,495199.8728408727,0.0
2020-06-02 17:00:00,50.21,0.0,idle,sin_restriccion,0.0,0.0,0.0,0.0,0.0,0.0,0.7507358013546145,0.7507358013546143,267.7428144470228,76.31990112868836,19318813.309379727,9564466.698041344,0,0.0,,,,,0.0,0.0,0.0,0.0,0.0,0.0,0.0
2020-06-02 18:00:00,84.6,0.0,idle,sin_restriccion,0.0,0.0,0.0,0.0,0.0,0.0,0.7507358013546145,0.7507358013546143,267.7428144470228,76.31990112868836,19318813.309379727,9564466.698041344,0,0.0,,,,,0.0,0.0,0.0,0.0,0.0,0.0,0.0
2020-06-02 19:00:00,93.92,74.0,discharge,above_max_power,73.7982920456419,0.0,73.7982920456419,0.0,6931.135588926688,6931.135588926688,0.6255345437209778,0.6255345437209777,226.42639942792266,64.42578165349289,16337653.534782749,8073886.810742855,106,1.5,0.4984323470198858,1.3005634607495862,,0.3683983164409885,79.25074317616183,3.1700297270464732,0.0,0.0,2981159.774596979,0.0,1490579.8872984895
2020-06-02 20:00:00,94.82,74.0,discharge,above_max_power,73.2298470503088,0.0,73.2298470503088,0.0,6943.65409731028,6943.65409731028,0.5003332860873413,0.5003332860873412,185.1099844088226,52.531662178297395,13356493.76018577,6583306.923444366,106,1.5,0.4945930796693575,1.2967241933990579,,0.365560660264061,78.64029966742785,3.1456119866971144,0.0,0.0,2981159.774596979,0.0,1490579.8872984895
2020-06-02 21:00:00,92.65,0.0,idle,sin_restriccion,0.0,0.0,0.0,0.0,0.0,0.0,0.5003332860873413,0.5003332860873412,185.1099844088226,52.531662178297395,13356493.76018577,6583306.923444366,0,0.0,,,,,0.0,0.0,0.0,0.0,0.0,0.0,0.0
2020-06-02 22:00:00,92.47,0.0,idle,sin_restriccion,0.0,0.0,0.0,0.0,0.0,0.0,0.5003332860873413,0.5003332860873412,185.1099844088226,52.531662178297395,13356493.76018577,6583306.923444366,0,0.0,,,,,0.0,0.0,0.0,0.0,0.0,0.0,0.0
2020-06-02 23:00:00,92.47,0.0,idle,sin_restriccion,0.0,0.0,0.0,0.0,0.0,0.0,0.5003332860873413,0.5003332860873412,185.1099844088226,52.531662178297395,13356493.76018577,6583306.923444366,0,0.0,,,,,0.0,0.0,0.0,0.0,0.0,0.0,0.0
2020-06-03 00:00:00,91.75,74.0,discharge,above_max_power,72.54604934706519,0.0,72.54604934706519,0.0,6656.100027593231,6656.100027593231,0.3751320284537047,0.3751320284537046,143.79356938972253,40.63754270310193,10375333.985588793,5092727.036145877,106,1.5,0.4899747221888927,1.292105835918593,,0.36214716767936317,77.90598082803393,3.1162392331213575,0.0,0.0,2981159.774596979,0.0,1490579.8872984895
2020-06-03 01:00:00,84.51,0.0,idle,sin_restriccion,0.0,0.0,0.0,0.0,0.0,0.0,0.3751320284537047,0.3751320284537046,143.79356938972253,40.63754270310193,10375333.985588793,5092727.036145877,0,0.0,,,,,0.0,0.0,0.0,0.0,0.0,0.0,0.0
2020-06-03 02:00:00,84.51,0.0,idle,sin_restriccion,0.0,0.0,0.0,0.0,0.0,0.0,0.3751320284537047,0.3751320284537046,143.79356938972253,40.63754270310193,10375333.985588793,5092727.036145877,0,0.0,,,,,0.0,0.0,0.0,0.0,0.0,0.0,0.0
2020-06-03 03:00:00,84.51,0.0,idle,sin_restriccion,0.0,0.0,0.0,0.0,0.0,0.0,0.3751320284537047,0.3751320284537046,143.79356938972253,40.63754270310193,10375333.985588793,5092727.036145877,0,0.0,,,,,0.0,0.0,0.0,0.0,0.0,0.0,0.0
2020-06-03 04:00:00,65.33,0.0,idle,sin_restriccion,0.0,0.0,0.0,0.0,0.0,0.0,0.3751320284537047,0.3751320284537046,143.79356938972253,40.63754270310193,10375333.985588793,5092727.036145877,0,0.0,,,,,0.0,0.0,0.0,0.0,0.0,0.0,0.0
2020-06-03 05:00:00,32.2,-100.0,charge,ok,-100.00000529247981,100.00000529247981,0.0,3220.0001704178503,0.0,-3220.0001704178503,0.4170123956156818,0.4170123956156817,157.614090553175,44.61617758348975,11372544.94247854,5591332.51459075,100,0.5399339526891707,1.6755290274316033,1.286309533356286,0.6700858391274764,,90.46750106265874,2.7140250318797623,4.020515247549805,997210.9568897467,0.0,498605.47844487336,0.0
2020-06-03 06:00:00,32.2,-100.0,charge,ok,-100.0000028520849,100.0000028520849,0.0,3220.0000918371343,0.0,-3220.0000918371343,0.4588463244995963,0.45884632449959617,171.41928708486677,48.59040082746163,12368650.160263276,6089385.123483119,100,0.5393352568149566,1.6774668385191869,1.288416545497631,0.6693428430524054,,90.4717008151319,2.714151024453957,4.01605717285579,996105.2177847368,0.0,498052.6088923684,0.0
2020-06-03 07:00:00,35.73,-100.0,charge,ok,-100.00000238375647,100.00000238375647,0.0,3573.000085171618,0.0,-3573.000085171618,0.5006378720313126,0.5006378720313125,185.21049777033318,52.56059784297468,13363746.23816592,6586933.162434441,100,0.5387888640165328,1.679239148589159,1.290343319473106,0.6686647445681226,,90.47553532804426,2.7142660598413277,4.01198856304477,995096.0779026456,0.0,497548.0389513228,0.0
2020-06-03 08:00:00,43.98,0.0,idle,sin_restriccion,0.0,0.0,0.0,0.0,0.0,0.0,0.5006378720313126,0.5006378720313125,185.21049777033318,52.56059784297468,13363746.23816592,6586933.162434441,0,0.0,,,,,0.0,0.0,0.0,0.0,0.0,0.0,0.0
2020-06-03 09:00:00,59.91,0.0,idle,sin_restriccion,0.0,0.0,0.0,0.0,0.0,0.0,0.5006378720313126,0.5006378720313125,185.21049777033318,52.56059784297468,13363746.23816592,6586933.162434441,0,0.0,,,,,0.0,0.0,0.0,0.0,0.0,0.0,0.0
2020-06-03 10:00:00,87.79,74.0,discharge,above_max_power,72.54789262850774,0.0,72.54789262850774,0.0,6368.979493856695,6368.979493856695,0.37543661439767595,0.37543661439767584,143.89408275123304,40.6664783677792,10382586.46356894,5096353.275135951,106,1.5,0.4899871716788492,1.2921182854085496,,0.36215636927145073,77.90796029693702,3.1163184118774807,0.0,0.0,2981159.774596979,0.0,1490579.8872984895
2020-06-03 11:00:00,76.69,0.0,idle,sin_restriccion,0.0,0.0,0.0,0.0,0.0,0.0,0.37543661439767595,0.37543661439767584,143.89408275123304,40.6664783677792,10382586.46356894,5096353.275135951,0,0.0,,,,,0.0,0.0,0.0,0.0,0.0,0.0,0.0
2020-06-03 12:00:00,64.24,0.0,idle,sin_restriccion,0.0,0.0,0.0,0.0,0.0,0.0,0.37543661439767595,0.37543661439767584,143.89408275123304,40.6664783677792,10382586.46356894,5096353.275135951,0,0.0,,,,,0.0,0.0,0.0,0.0,0.0,0.0,0.0
2020-06-03 13:00:00,55.77,0.0,idle,sin_restriccion,0.0,0.0,0.0,0.0,0.0,0.0,0.37543661439767595,0.37543661439767584,143.89408275123304,40.6664783677792,10382586.46356894,5096353.275135951,0,0.0,,,,,0.0,0.0,0.0,0.0,0.0,0.0,0.0
2020-06-03 14:00:00,47.22,0.0,idle,sin_restriccion,0.0,0.0,0.0,0.0,0.0,0.0,0.37543661439767595,0.37543661439767584,143.89408275123304,40.6664783677792,10382586.46356894,5096353.275135951,0,0.0,,,,,0.0,0.0,0.0,0.0,0.0,0.0,0.0
2020-06-03 15:00:00,42.32,-100.0,charge,ok,-99.99999994072513,99.99999994072513,0.0,4231.999997491487,0.0,-4231.999997491487,0.4173166254517161,0.41731662545171605,157.71448639906635,44.64507941791302,11379788.941193566,5594954.513948264,100,0.5399293616414069,1.6755437779176074,1.2863255811521401,0.6700801772618314,,90.46752824132851,2.714025847239855,4.020481061187854,997202.477624624,0.0,498601.238812312,0.0
2020-06-03 16:00:00,35.76,-100.0,charge,ok,-99.99999567302726,99.99999567302726,0.0,3575.9998452674545,0.0,-3575.9998452674545,0.45915022978156145,0.4591502297815614,171.5195758279153,48.61927182924832,12375886.43104047,6093003.2588717155,100,0.5393310725688933,1.6774802717244195,1.2884311614173354,0.6693376982395849,,90.47172341622898,2.7141517024868693,4.01602601566515,996097.4898469034,0.0,498048.7449234517,0.0
2020-06-03 17:00:00,45.9,-100.0,charge,ok,-99.99999553689975,99.99999553689975,0.0,4589.999795143698,0.0,-4589.999795143698,0.5009414798053811,0.5009414798053811,185.31068833577578,52.589440581511184,13370975.425000101,6590547.755851531,100,0.5387850284576416,1.6792514828027538,1.290356738140277,0.6686600302240815,,90.47555579494185,2.7142666738482557,4.011960002286684,995088.9939596315,0.0,497544.49697981577,0.0
2020-06-03 18:00:00,58.65,0.0,idle,sin_restriccion,0.0,0.0,0.0,0.0,0.0,0.0,0.5009414798053811,0.5009414798053811,185.31068833577578,52.589440581511184,13370975.425000101,6590547.755851531,0,0.0,,,,,0.0,0.0,0.0,0.0,0.0,0.0,0.0
2020-06-03 19:00:00,72.91,0.0,idle,sin_restriccion,0.0,0.0,0.0,0.0,0.0,0.0,0.5009414798053811,0.5009414798053811,185.31068833577578,52.589440581511184,13370975.425000101,6590547.755851531,0,0.0,,,,,0.0,0.0,0.0,0.0,0.0,0.0,0.0
2020-06-03 20:00:00,66.65,0.0,idle,sin_restriccion,0.0,0.0,0.0,0.0,0.0,0.0,0.5009414798053811,0.5009414798053811,185.31068833577578,52.589440581511184,13370975.425000101,6590547.755851531,0,0.0,,,,,0.0,0.0,0.0,0.0,0.0,0.0,0.0
2020-06-03 21:00:00,42.21,0.0,idle,sin_restriccion,0.0,0.0,0.0,0.0,0.0,0.0,0.5009414798053811,0.5009414798053811,185.31068833577578,52.589440581511184,13370975.425000101,6590547.755851531,0,0.0,,,,,0.0,0.0,0.0,0.0,0.0,0.0,0.0
2020-06-03 22:00:00,40.4,0.0,idle,sin_restriccion,0.0,0.0,0.0,0.0,0.0,0.0,0.5009414798053811,0.5009414798053811,185.31068833577578,52.589440581511184,13370975.425000101,6590547.755851531,0,0.0,,,,,0.0,0.0,0.0,0.0,0.0,0.0,0.0
2020-06-03 23:00:00,45.9,0.0,idle,sin_restriccion,0.0,0.0,0.0,0.0,0.0,0.0,0.5009414798053811,0.5009414798053811,185.31068833577578,52.589440581511184,13370975.425000101,6590547.755851531,0,0.0,,,,,0.0,0.0,0.0,0.0,0.0,0.0,0.0
2020-06-04 00:00:00,47.28,0.0,idle,sin_restriccion,0.0,0.0,0.0,0.0,0.0,0.0,0.5009414798053811,0.5009414798053811,185.31068833577578,52.589440581511184,13370975.425000101,6590547.755851531,0,0.0,,,,,0.0,0.0,0.0,0.0,0.0,0.0,0.0
2020-06-04 01:00:00,46.89,0.0,idle,sin_restriccion,0.0,0.0,0.0,0.0,0.0,0.0,0.5009414798053811,0.5009414798053811,185.31068833577578,52.589440581511184,13370975.425000101,6590547.755851531,0,0.0,,,,,0.0,0.0,0.0,0.0,0.0,0.0,0.0
2020-06-04 02:00:00,35.35,0.0,idle,sin_restriccion,0.0,0.0,0.0,0.0,0.0,0.0,0.5009414798053811,0.5009414798053811,185.31068833577578,52.589440581511184,13370975.425000101,6590547.755851531,0,0.0,,,,,0.0,0.0,0.0,0.0,0.0,0.0,0.0
2020-06-04 03:00:00,32.85,0.0,idle,sin_restriccion,0.0,0.0,0.0,0.0,0.0,0.0,0.5009414798053811,0.5009414798053811,185.31068833577578,52.589440581511184,13370975.425000101,6590547.755851531,0,0.0,,,,,0.0,0.0,0.0,0.0,0.0,0.0,0.0
2020-06-04 04:00:00,32.85,-100.0,charge,ok,-100.00000088135606,100.00000088135606,0.0,3285.0000289525465,0.0,-3285.0000289525465,0.5426937833409012,0.5426937833409012,199.0889485024974,56.5559094173856,14365137.066419713,7087628.576561337,100,0.5382829189300538,1.680883449853965,1.292130688162709,0.6680368506805388,,90.47908497686109,2.7143725493058324,4.008221139409932,994161.6414196114,0.0,497080.8207098057,0.0
2020-06-04 05:00:00,32.85,-100.0,charge,ok,-100.00000605943958,100.00000605943958,0.0,3285.0001990525907,0.0,-3285.0001990525907,0.5844100433439627,0.5844100433439627,212.85531430350773,60.51895411767645,15358440.477409927,7584280.282056444,100,0.5378182351589204,1.682396493974299,1.2937751643857553,0.6674601196046409,,90.48235132268128,2.7144705396804385,4.004760960293902,993303.4109902133,0.0,496651.70549510664,0.0
2020-06-04 06:00:00,32.68,-100.0,charge,ok,-99.99999435768498,99.99999435768498,0.0,3267.999815609145,0.0,-3267.999815609145,0.62609275707782,0.62609275707782,226.61060983568058,64.47881192239288,16350945.120159073,8080532.603431017,100,0.5373857468366623,1.6838067686248483,1.2953077927095649,0.6669234573716379,,90.48537578860912,2.7145612736582736,4.001540518450293,992504.6427491452,0.0,496252.3213745726,0.0
2020-06-04 07:00:00,34.03,0.0,idle,sin_restriccion,0.0,0.0,0.0,0.0,0.0,0.0,0.62609275707782,0.62609275707782,226.61060983568058,64.47881192239288,16350945.120159073,8080532.603431017,0,0.0,,,,,0.0,0.0,0.0,0.0,0.0,0.0,0.0
2020-06-04 08:00:00,35.64,0.0,idle,sin_restriccion,0.0,0.0,0.0,0.0,0.0,0.0,0.62609275707782,0.62609275707782,226.61060983568058,64.47881192239288,16350945.120159073,8080532.603431017,0,0.0,,,,,0.0,0.0,0.0,0.0,0.0,0.0,0.0
2020-06-04 09:00:00,36.13,0.0,idle,sin_restriccion,0.0,0.0,0.0,0.0,0.0,0.0,0.62609275707782,0.62609275707782,226.61060983568058,64.47881192239288,16350945.120159073,8080532.603431017,0,0.0,,,,,0.0,0.0,0.0,0.0,0.0,0.0,0.0
2020-06-04 10:00:00,36.35,0.0,idle,sin_restriccion,0.0,0.0,0.0,0.0,0.0,0.0,0.62609275707782,0.62609275707782,226.61060983568058,64.47881192239288,16350945.120159073,8080532.603431017,0,0.0,,,,,0.0,0.0,0.0,0.0,0.0,0.0,0.0
2020-06-04 11:00:00,35.16,0.0,idle,sin_restriccion,0.0,0.0,0.0,0.0,0.0,0.0,0.62609275707782,0.62609275707782,226.61060983568058,64.47881192239288,16350945.120159073,8080532.603431017,0,0.0,,,,,0.0,0.0,0.0,0.0,0.0,0.0,0.0
2020-06-04 12:00:00,33.59,-100.0,charge,ok,-100.00000713373412,100.00000713373412,0.0,3359.0002396221294,0.0,-3359.0002396221294,0.6677441152824398,0.6677441152824398,240.35555804320515,68.43569095183177,17342703.158247527,8576411.622475244,100,0.536981502175331,1.6851274155053093,1.2967428272284058,0.6664216837331657,,90.48822509348742,2.7146467528046223,3.9985303876435005,991758.0380884528,0.0,495879.0190442264,0.0
2020-06-04 13:00:00,33.59,-100.0,charge,ok,-100.00000415412045,100.00000415412045,0.0,3359.0001395369063,0.0,-3359.0001395369063,0.709366029220674,0.7093660292206738,254.09078964282241,72.389772775964,18333760.10064253,9071940.093672745,100,0.53660189807415,1.6863691114060282,1.2980919597084597,0.6659505953473561,,90.49088660340927,2.7147265981022777,3.9957037380704756,991056.9423950027,0.0,495528.47119750135,0.0
2020-06-04 14:00:00,33.59,-100.0,charge,ok,-99.99999212398272,99.99999212398272,0.0,3358.99973544458,0.0,-3358.99973544458,0.7509601937859948,0.7509601937859945,267.8168639493782,76.34121840966948,19324156.304352768,9567138.195527865,100,0.5362441450357436,1.6875407788553711,1.2993648983837225,0.665506685460553,,90.49338621702513,2.7148015865107538,3.99303979827079,990396.2037102382,0.0,495198.1018551191,0.0
2020-06-04 15:00:00,34.54,0.0,idle,sin_restriccion,0.0,0.0,0.0,0.0,0.0,0.0,0.7509601937859948,0.7509601937859945,267.8168639493782,76.34121840966948,19324156.304352768,9567138.195527865,0,0.0,,,,,0.0,0.0,0.0,0.0,0.0,0.0,0.0
2020-06-04 16:00:00,38.18,0.0,idle,sin_restriccion,0.0,0.0,0.0,0.0,0.0,0.0,0.7509601937859948,0.7509601937859945,267.8168639493782,76.34121840966948,19324156.304352768,9567138.195527865,0,0.0,,,,,0.0,0.0,0.0,0.0,0.0,0.0,0.0
2020-06-04 17:00:00,52.68,0.0,idle,sin_restriccion,0.0,0.0,0.0,0.0,0.0,0.0,0.7509601937859948,0.7509601937859945,267.8168639493782,76.34121840966948,19324156.304352768,9567138.195527865,0,0.0,,,,,0.0,0.0,0.0,0.0,0.0,0.0,0.0
2020-06-04 18:00:00,90.88,74.0,discharge,above_max_power,73.79922963384652,0.0,73.79922963384652,0.0,6706.873989123972,6706.873989123972,0.6257589361523581,0.6257589361523581,226.5004489302782,64.44709893447401,16342996.52975579,8076558.308229376,106,1.5,0.4984386794738819,1.3005697932035822,,0.3684029968462733,79.25175003634722,3.170070001453889,0.0,0.0,2981159.774596979,0.0,1490579.8872984895
2020-06-04 19:00:00,95.73,74.0,discharge,above_max_power,73.23095636866374,0.0,73.23095636866374,0.0,7010.39945317218,7010.39945317218,0.5005576785187216,0.5005576785187215,185.18403391117812,52.552979459278525,13361836.755158812,6585978.420930887,106,1.5,0.49460057198572305,1.2967316857154234,,0.36556619793983947,78.64149094572997,3.145659637829199,0.0,0.0,2981159.774596979,0.0,1490579.8872984895
2020-06-04 20:00:00,90.73,0.0,idle,sin_restriccion,0.0,0.0,0.0,0.0,0.0,0.0,0.5005576785187216,0.5005576785187215,185.18403391117812,52.552979459278525,13361836.755158812,6585978.420930887,0,0.0,,,,,0.0,0.0,0.0,0.0,0.0,0.0,0.0
2020-06-04 21:00:00,89.81,0.0,idle,sin_restriccion,0.0,0.0,0.0,0.0,0.0,0.0,0.5005576785187216,0.5005576785187215,185.18403391117812,52.552979459278525,13361836.755158812,6585978.420930887,0,0.0,,,,,0.0,0.0,0.0,0.0,0.0,0.0,0.0
2020-06-04 22:00:00,65.02,0.0,idle,sin_restriccion,0.0,0.0,0.0,0.0,0.0,0.0,0.5005576785187216,0.5005576785187215,185.18403391117812,52.552979459278525,13361836.755158812,6585978.420930887,0,0.0,,,,,0.0,0.0,0.0,0.0,0.0,0.0,0.0
2020-06-04 23:00:00,65.66,0.0,idle,sin_restriccion,0.0,0.0,0.0,0.0,0.0,0.0,0.5005576785187216,0.5005576785187215,185.18403391117812,52.552979459278525,13361836.755158812,6585978.420930887,0,0.0,,,,,0.0,0.0,0.0,0.0,0.0,0.0,0.0
2020-06-05 00:00:00,65.85,0.0,idle,sin_restriccion,0.0,0.0,0.0,0.0,0.0,0.0,0.5005576785187216,0.5005576785187215,185.18403391117812,52.552979459278525,13361836.755158812,6585978.420930887,0,0.0,,,,,0.0,0.0,0.0,0.0,0.0,0.0,0.0
2020-06-05 01:00:00,45.74,0.0,idle,sin_restriccion,0.0,0.0,0.0,0.0,0.0,0.0,0.5005576785187216,0.5005576785187215,185.18403391117812,52.552979459278525,13361836.755158812,6585978.420930887,0,0.0,,,,,0.0,0.0,0.0,0.0,0.0,0.0,0.0
2020-06-05 02:00:00,32.35,-100.0,charge,ok,-99.99999727852212,99.99999727852212,0.0,3234.9999119601907,0.0,-3234.9999119601907,0.5423103246390925,0.5423103246390923,198.96240713090054,56.51948084071376,14356006.553846136,7083063.320274549,100,0.5382873356342316,1.6808690190511246,1.2921150082785187,0.6680423561065595,,90.47905058151542,2.714371517445463,4.008254027555607,994169.7986873245,0.0,497084.89934366225,0.0
2020-06-05 03:00:00,32.34,-100.0,charge,ok,-99.9999963926434,99.9999963926434,0.0,3233.999883338088,0.0,-3233.999883338088,0.5840269001808323,0.5840269001808321,212.72887705967463,60.48255551717905,15349317.478109242,7579718.782406102,100,0.5378223031759262,1.6823830682481862,1.2937605879192866,0.6674652327456884,,90.48231365894208,2.7144694097682622,4.004791252007023,993310.9242631069,0.0,496655.46213155345,0.0
2020-06-05 04:00:00,32.34,-100.0,charge,ok,-99.99999355324478,99.99999355324478,0.0,3233.9997915119366,0.0,-3233.9997915119366,0.6257099114225861,0.6257099114225861,226.48427076945345,64.44244158514567,16341829.204801401,8075974.645752181,100,0.5373895823955537,1.6837942355796627,1.2952941744426578,0.6669282228632933,,90.48534810981955,2.7145604432945865,4.00156907920838,992511.7266921593,0.0,496255.86334607966,0.0
2020-06-05 05:00:00,32.42,-100.0,charge,ok,-100.00000823810569,100.00000823810569,0.0,3242.0002670793865,0.0,-3242.0002670793865,0.6673615491043211,0.6673615491043211,240.22931120442595,68.3993471649105,17333593.89750299,8571856.992102975,100,0.5369851052761078,1.6851156569586745,1.2967300490217581,0.6664261480068681,,90.48820084543715,2.7146460253631144,3.998557217446552,991764.6927015873,0.0,495882.34635079367,0.0
2020-06-05 06:00:00,34.22,-100.0,charge,ok,-100.00000141897571,100.00000141897571,0.0,3422.0000485573487,0.0,-3422.0000485573487,0.7089837244888889,0.7089837244888885,253.96462908133333,72.35345382644441,18324657.065181248,9067388.575942103,100,0.536605268716812,1.6863580296980933,1.2980799239408598,0.6659547967033449,,90.49086036788991,2.714725811036697,3.9957288369184907,991063.1676782575,0.0,495531.5838391287,0.0
2020-06-05 07:00:00,34.7,-100.0,charge,ok,-100.00000428830715,100.00000428830715,0.0,3470.0001488042585,0.0,-3470.0001488042585,0.7505781414851523,0.750578141485152,267.6907866901002,76.30492344108943,19315059.2795098,9562589.68310638,100,0.5362473994493484,1.687530325256855,1.2993535234563347,0.665510643401074,,90.49337484109017,2.7148012452327053,3.9930640316412873,990402.2143285533,0.0,495201.10716427665,0.0
2020-06-05 08:00:00,34.7,0.0,idle,sin_restriccion,0.0,0.0,0.0,0.0,0.0,0.0,0.7505781414851523,0.750578141485152,267.6907866901002,76.30492344108943,19315059.2795098,9562589.68310638,0,0.0,,,,,0.0,0.0,0.0,0.0,0.0,0.0,0.0
2020-06-05 09:00:00,37.63,0.0,idle,sin_restriccion,0.0,0.0,0.0,0.0,0.0,0.0,0.7505781414851523,0.750578141485152,267.6907866901002,76.30492344108943,19315059.2795098,9562589.68310638,0,0.0,,,,,0.0,0.0,0.0,0.0,0.0,0.0,0.0
2020-06-05 10:00:00,36.98,0.0,idle,sin_restriccion,0.0,0.0,0.0,0.0,0.0,0.0,0.7505781414851523,0.750578141485152,267.6907866901002,76.30492344108943,19315059.2795098,9562589.68310638,0,0.0,,,,,0.0,0.0,0.0,0.0,0.0,0.0,0.0
2020-06-05 11:00:00,38.84,0.0,idle,sin_restriccion,0.0,0.0,0.0,0.0,0.0,0.0,0.7505781414851523,0.750578141485152,267.6907866901002,76.30492344108943,19315059.2795098,9562589.68310638,0,0.0,,,,,0.0,0.0,0.0,0.0,0.0,0.0,0.0
2020-06-05 12:00:00,37.39,0.0,idle,sin_restriccion,0.0,0.0,0.0,0.0,0.0,0.0,0.7505781414851523,0.750578141485152,267.6907866901002,76.30492344108943,19315059.2795098,9562589.68310638,0,0.0,,,,,0.0,0.0,0.0,0.0,0.0,0.0,0.0
2020-06-05 13:00:00,36.68,0.0,idle,sin_restriccion,0.0,0.0,0.0,0.0,0.0,0.0,0.7505781414851523,0.750578141485152,267.6907866901002,76.30492344108943,19315059.2795098,9562589.68310638,0,0.0,,,,,0.0,0.0,0.0,0.0,0.0,0.0,0.0
2020-06-05 14:00:00,36.68,0.0,idle,sin_restriccion,0.0,0.0,0.0,0.0,0.0,0.0,0.7505781414851523,0.750578141485152,267.6907866901002,76.30492344108943,19315059.2795098,9562589.68310638,0,0.0,,,,,0.0,0.0,0.0,0.0,0.0,0.0,0.0
2020-06-05 15:00:00,36.68,0.0,idle,sin_restriccion,0.0,0.0,0.0,0.0,0.0,0.0,0.7505781414851523,0.750578141485152,267.6907866901002,76.30492344108943,19315059.2795098,9562589.68310638,0,0.0,,,,,0.0,0.0,0.0,0.0,0.0,0.0,0.0
2020-06-05 16:00:00,36.68,0.0,idle,sin_restriccion,0.0,0.0,0.0,0.0,0.0,0.0,0.7505781414851523,0.750578141485152,267.6907866901002,76.30492344108943,19315059.2795098,9562589.68310638,0,0.0,,,,,0.0,0.0,0.0,0.0,0.0,0.0,0.0
2020-06-05 17:00:00,40.76,0.0,idle,sin_restriccion,0.0,0.0,0.0,0.0,0.0,0.0,0.7505781414851523,0.750578141485152,267.6907866901002,76.30492344108943,19315059.2795098,9562589.68310638,0,0.0,,,,,0.0,0.0,0.0,0.0,0.0,0.0,0.0
2020-06-05 18:00:00,76.14,74.0,discharge,above_max_power,73.79763313323866,0.0,73.79763313323866,0.0,5618.951786764792,5618.951786764792,0.6253768838515157,0.6253768838515155,226.37437167100015,64.41080396589396,16333899.504912823,8072009.795807891,106,1.5,0.4984278967372774,1.3005590104669777,,0.36839502717489164,79.2500355812271,3.170001423249084,0.0,0.0,2981159.774596979,0.0,1490579.8872984895
2020-06-05 19:00:00,91.97,74.0,discharge,above_max_power,73.22906741672189,0.0,73.22906741672189,0.0,6734.877330315912,6734.877330315912,0.500175626217879,0.5001756262178788,185.0579566519001,52.51668449069848,13352739.730315845,6581429.908509402,106,1.5,0.49458781403802965,1.29671892776773,,0.36555676836232587,78.63946243204671,3.1455784972818686,0.0,0.0,2981159.774596979,0.0,1490579.8872984895
2020-06-05 20:00:00,67.77,0.0,idle,sin_restriccion,0.0,0.0,0.0,0.0,0.0,0.0,0.500175626217879,0.5001756262178788,185.0579566519001,52.51668449069848,13352739.730315845,6581429.908509402,0,0.0,,,,,0.0,0.0,0.0,0.0,0.0,0.0,0.0
2020-06-05 21:00:00,40.98,0.0,idle,sin_restriccion,0.0,0.0,0.0,0.0,0.0,0.0,0.500175626217879,0.5001756262178788,185.0579566519001,52.51668449069848,13352739.730315845,6581429.908509402,0,0.0,,,,,0.0,0.0,0.0,0.0,0.0,0.0,0.0
2020-06-05 22:00:00,38.05,0.0,idle,sin_restriccion,0.0,0.0,0.0,0.0,0.0,0.0,0.500175626217879,0.5001756262178788,185.0579566519001,52.51668449069848,13352739.730315845,6581429.908509402,0,0.0,,,,,0.0,0.0,0.0,0.0,0.0,0.0,0.0
2020-06-05 23:00:00,42.35,0.0,idle,sin_restriccion,0.0,0.0,0.0,0.0,0.0,0.0,0.500175626217879,0.5001756262178788,185.0579566519001,52.51668449069848,13352739.730315845,6581429.908509402,0,0.0,,,,,0.0,0.0,0.0,0.0,0.0,0.0,0.0
2020-06-06 00:00:00,43.54,0.0,idle,sin_restriccion,0.0,0.0,0.0,0.0,0.0,0.0,0.500175626217879,0.5001756262178788,185.0579566519001,52.51668449069848,13352739.730315845,6581429.908509402,0,0.0,,,,,0.0,0.0,0.0,0.0,0.0,0.0,0.0
2020-06-06 01:00:00,46.02,0.0,idle,sin_restriccion,0.0,0.0,0.0,0.0,0.0,0.0,0.500175626217879,0.5001756262178788,185.0579566519001,52.51668449069848,13352739.730315845,6581429.908509402,0,0.0,,,,,0.0,0.0,0.0,0.0,0.0,0.0,0.0
2020-06-06 02:00:00,39.41,0.0,idle,sin_restriccion,0.0,0.0,0.0,0.0,0.0,0.0,0.500175626217879,0.5001756262178788,185.0579566519001,52.51668449069848,13352739.730315845,6581429.908509402,0,0.0,,,,,0.0,0.0,0.0,0.0,0.0,0.0,0.0
2020-06-06 03:00:00,35.59,-100.0,charge,ok,-99.99999713120691,99.99999713120691,0.0,3558.999897899654,0.0,-3558.999897899654,0.5419286149231007,0.5419286149231005,198.83644292462327,56.48321841769454,14346917.686270883,7078518.8864869205,100,0.5382917523384094,1.6808546489926601,1.2920993891414938,0.6680478384484574,,90.47901944324211,2.714370583297263,4.008286915701283,994177.9559550377,0.0,497088.97797751887,0.0
2020-06-06 04:00:00,35.59,-100.0,charge,ok,-100.00000172323595,100.00000172323595,0.0,3559.000061329968,0.0,-3559.000061329968,0.5836455105112144,0.5836455105112142,212.60301846870075,60.44632349856534,15340236.231139354,7575178.158921156,100,0.5378264293074608,1.6823697161913902,1.2937460686854092,0.6674703179077289,,90.48228972342216,2.7144686917026646,4.004821976458905,993318.5448684706,0.0,496659.2724342353,0.0
2020-06-06 05:00:00,35.59,-100.0,charge,ok,-99.99999583149773,99.99999583149773,0.0,3558.9998516430046,0.0,-3558.9998516430046,0.6253288192608651,0.6253288192608649,226.35851035608553,64.40623782978216,16332755.041774528,8071437.564238743,100,0.5373934179544448,1.6837817567828528,1.295280610426238,0.6669329677955267,,90.48532333668771,2.714559700100631,4.001597639966465,992518.8106351731,0.0,496259.40531758656,0.0
2020-06-06 06:00:00,39.6,0.0,idle,sin_restriccion,0.0,0.0,0.0,0.0,0.0,0.0,0.6253288192608651,0.6253288192608649,226.35851035608553,64.40623782978216,16332755.041774528,8071437.564238743,0,0.0,,,,,0.0,0.0,0.0,0.0,0.0,0.0,0.0
2020-06-06 07:00:00,53.51,0.0,idle,sin_restriccion,0.0,0.0,0.0,0.0,0.0,0.0,0.6253288192608651,0.6253288192608649,226.35851035608553,64.40623782978216,16332755.041774528,8071437.564238743,0,0.0,,,,,0.0,0.0,0.0,0.0,0.0,0.0,0.0
2020-06-06 08:00:00,59.59,0.0,idle,sin_restriccion,0.0,0.0,0.0,0.0,0.0,0.0,0.6253288192608651,0.6253288192608649,226.35851035608553,64.40623782978216,16332755.041774528,8071437.564238743,0,0.0,,,,,0.0,0.0,0.0,0.0,0.0,0.0,0.0
2020-06-06 09:00:00,38.47,0.0,idle,sin_restriccion,0.0,0.0,0.0,0.0,0.0,0.0,0.6253288192608651,0.6253288192608649,226.35851035608553,64.40623782978216,16332755.041774528,8071437.564238743,0,0.0,,,,,0.0,0.0,0.0,0.0,0.0,0.0,0.0
2020-06-06 10:00:00,38.28,0.0,idle,sin_restriccion,0.0,0.0,0.0,0.0,0.0,0.0,0.6253288192608651,0.6253288192608649,226.35851035608553,64.40623782978216,16332755.041774528,8071437.564238743,0,0.0,,,,,0.0,0.0,0.0,0.0,0.0,0.0,0.0
2020-06-06 11:00:00,38.71,0.0,idle,sin_restriccion,0.0,0.0,0.0,0.0,0.0,0.0,0.6253288192608651,0.6253288192608649,226.35851035608553,64.40623782978216,16332755.041774528,8071437.564238743,0,0.0,,,,,0.0,0.0,0.0,0.0,0.0,0.0,0.0
2020-06-06 12:00:00,40.31,0.0,idle,sin_restriccion,0.0,0.0,0.0,0.0,0.0,0.0,0.6253288192608651,0.6253288192608649,226.35851035608553,64.40623782978216,16332755.041774528,8071437.564238743,0,0.0,,,,,0.0,0.0,0.0,0.0,0.0,0.0,0.0
2020-06-06 13:00:00,40.28,0.0,idle,sin_restriccion,0.0,0.0,0.0,0.0,0.0,0.0,0.6253288192608651,0.6253288192608649,226.35851035608553,64.40623782978216,16332755.041774528,8071437.564238743,0,0.0,,,,,0.0,0.0,0.0,0.0,0.0,0.0,0.0
2020-06-06 14:00:00,38.29,-100.0,charge,ok,-100.00000050340256,100.00000050340256,0.0,3829.000019275284,0.0,-3829.000019275284,0.6669807319120198,0.6669807319120196,240.10364153096654,68.36316953164186,17324526.28175678,8567323.18422987,100,0.5369886502623556,1.6851039333812223,1.296717322232244,0.6664305990636451,,90.4881686738169,2.714645060214507,3.998583614510842,991771.2399822515,0.0,495885.6199911258,0.0
2020-06-06 15:00:00,38.28,-100.0,charge,ok,-100.00000144930581,100.00000144930581,0.0,3828.0000554794265,0.0,-3828.0000554794265,0.708603168742921,0.7086031687429206,253.8390456851639,72.31730103057747,18315595.674718294,9062857.880710626,100,0.5366086393594742,1.6863469967058733,1.2980679368906105,0.6659589796426354,,90.49083673902744,2.7147251021708234,3.9957539357665057,991069.3929615122,0.0,495534.6964807561,0.0
2020-06-06 16:00:00,38.28,-100.0,charge,ok,-99.99999553903439,99.99999553903439,0.0,3827.9998292342366,0.0,-3827.9998292342366,0.7501978291547362,0.7501978291547359,267.565283621063,76.26879376969991,19306003.685000222,9558061.88585159,100,0.5362505376338959,1.6875198851577882,1.2993421949344452,0.6655145962774218,,90.4933445683754,2.714800337051262,3.993087399534267,990408.0102819285,0.0,495204.00514096423,0.0
2020-06-06 17:00:00,42.52,0.0,idle,sin_restriccion,0.0,0.0,0.0,0.0,0.0,0.0,0.7501978291547362,0.7501978291547359,267.565283621063,76.26879376969991,19306003.685000222,9558061.88585159,0,0.0,,,,,0.0,0.0,0.0,0.0,0.0,0.0,0.0
2020-06-06 18:00:00,76.58,0.0,idle,sin_restriccion,0.0,0.0,0.0,0.0,0.0,0.0,0.7501978291547362,0.7501978291547359,267.565283621063,76.26879376969991,19306003.685000222,9558061.88585159,0,0.0,,,,,0.0,0.0,0.0,0.0,0.0,0.0,0.0
2020-06-06 19:00:00,101.18,0.0,idle,sin_restriccion,0.0,0.0,0.0,0.0,0.0,0.0,0.7501978291547362,0.7501978291547359,267.565283621063,76.26879376969991,19306003.685000222,9558061.88585159,0,0.0,,,,,0.0,0.0,0.0,0.0,0.0,0.0,0.0
2020-06-06 20:00:00,101.59,0.0,idle,sin_restriccion,0.0,0.0,0.0,0.0,0.0,0.0,0.7501978291547362,0.7501978291547359,267.565283621063,76.26879376969991,19306003.685000222,9558061.88585159,0,0.0,,,,,0.0,0.0,0.0,0.0,0.0,0.0,0.0
2020-06-06 21:00:00,102.24,0.0,idle,sin_restriccion,0.0,0.0,0.0,0.0,0.0,0.0,0.7501978291547362,0.7501978291547359,267.565283621063,76.26879376969991,19306003.685000222,9558061.88585159,0,0.0,,,,,0.0,0.0,0.0,0.0,0.0,0.0,0.0
2020-06-06 22:00:00,104.06,74.0,discharge,above_max_power,73.79604315407391,0.0,73.79604315407391,0.0,7679.216250612932,7679.216250612932,0.6249965715210996,0.6249965715210993,226.2488686019629,64.37467429450444,16324843.910403244,8067481.998553101,106,1.5,0.4984171580463831,1.3005482717760835,,0.3683870900583103,79.24832812937491,3.1699331251749965,0.0,0.0,2981159.774596979,0.0,1490579.8872984895
2020-06-06 23:00:00,102.26,74.0,discharge,above_max_power,73.22718601830302,0.0,73.22718601830302,0.0,7488.212042231667,7488.212042231667,0.499795313887463,0.4997953138874628,184.9324535828628,52.480554819308956,13343684.135806266,6576902.111254612,106,1.5,0.4945751071066954,1.2967062208363958,,0.36554737649171676,78.63744202996457,3.145497681198583,0.0,0.0,2981159.774596979,0.0,1490579.8872984895
2020-06-07 00:00:00,87.17,0.0,idle,sin_restriccion,0.0,0.0,0.0,0.0,0.0,0.0,0.499795313887463,0.4997953138874628,184.9324535828628,52.480554819308956,13343684.135806266,6576902.111254612,0,0.0,,,,,0.0,0.0,0.0,0.0,0.0,0.0,0.0
2020-06-07 01:00:00,87.99,0.0,idle,sin_restriccion,0.0,0.0,0.0,0.0,0.0,0.0,0.499795313887463,0.4997953138874628,184.9324535828628,52.480554819308956,13343684.135806266,6576902.111254612,0,0.0,,,,,0.0,0.0,0.0,0.0,0.0,0.0,0.0
2020-06-07 02:00:00,75.91,0.0,idle,sin_restriccion,0.0,0.0,0.0,0.0,0.0,0.0,0.499795313887463,0.4997953138874628,184.9324535828628,52.480554819308956,13343684.135806266,6576902.111254612,0,0.0,,,,,0.0,0.0,0.0,0.0,0.0,0.0,0.0
2020-06-07 03:00:00,40.57,0.0,idle,sin_restriccion,0.0,0.0,0.0,0.0,0.0,0.0,0.499795313887463,0.4997953138874628,184.9324535828628,52.480554819308956,13343684.135806266,6576902.111254612,0,0.0,,,,,0.0,0.0,0.0,0.0,0.0,0.0,0.0
2020-06-07 04:00:00,32.88,-100.0,charge,ok,-100.00000042597352,100.00000042597352,0.0,3288.0000140060097,0.0,-3288.0000140060097,0.5415486451775355,0.5415486451775353,198.7110529085867,56.44712129186585,14337870.249029018,7073995.167865988,100,0.5382961690425873,1.6808403394417932,1.292083830514856,0.6680532977954295,,90.47899154937592,2.7143697464812773,4.008319803846959,994186.1132227511,0.0,497093.05661137553,0.0
2020-06-07 05:00:00,32.88,-100.0,charge,ok,-99.99999855130302,99.99999855130302,0.0,3287.9999523668434,0.0,-3287.9999523668434,0.5832658563043275,0.5832658563043273,212.4777325804281,60.41025634891108,15331196.307170382,7570658.19693667,100,0.5378304973244669,1.6823564046976487,1.2937316064560878,0.667475387698367,,90.48225818155385,2.714467745446615,4.004852268172028,993326.0581413646,0.0,496663.0290706823,0.0
2020-06-07 06:00:00,36.74,-100.0,charge,ok,-100.00000116170975,100.00000116170975,0.0,3674.000042681216,0.0,-3674.000042681216,0.6249494625618749,0.6249494625618747,226.23332264541867,64.37019894337807,16323722.201748569,8066921.144225763,100,0.5373972535133362,1.6837693316941937,1.2952671001200806,0.6669376923728784,,90.48530144024453,2.714559043207336,4.001626200724551,992525.894578187,0.0,496262.9472890935,0.0
2020-06-07 07:00:00,64.27,0.0,idle,sin_restriccion,0.0,0.0,0.0,0.0,0.0,0.0,0.6249494625618749,0.6249494625618747,226.23332264541867,64.37019894337807,16323722.201748569,8066921.144225763,0,0.0,,,,,0.0,0.0,0.0,0.0,0.0,0.0,0.0
2020-06-07 08:00:00,58.22,0.0,idle,sin_restriccion,0.0,0.0,0.0,0.0,0.0,0.0,0.6249494625618749,0.6249494625618747,226.23332264541867,64.37019894337807,16323722.201748569,8066921.144225763,0,0.0,,,,,0.0,0.0,0.0,0.0,0.0,0.0,0.0
2020-06-07 09:00:00,34.17,-100.0,charge,ok,-99.99999565985988,99.99999565985988,0.0,3416.9998516974124,0.0,-3416.9998516974124,0.6666016501824492,0.666601650182449,239.9785445602083,68.32715676733264,17315499.989011485,8562810.037857221,100,0.5369921952486039,1.6850922607064918,1.2967046463472582,0.6664350308534034,,90.48813922732116,2.7146441768196348,3.9986100115751353,991777.7872629164,0.0,495888.8936314582,0.0
2020-06-07 10:00:00,31.72,-100.0,charge,ok,-100.00000422547213,100.00000422547213,0.0,3172.000134031976,0.0,-3172.000134031976,0.7082243484596839,0.7082243484596835,253.71403499169566,72.28131310366994,18306575.607256252,9058347.846979605,100,0.5366120100021362,1.6863360120834938,1.298055998211838,0.6659631442956665,,90.49081569831102,2.7147244709493306,3.995779034614521,991075.618244767,0.0,495537.8091223835,0.0
2020-06-07 11:00:00,34.68,-100.0,charge,ok,-100.00000117717792,100.00000117717792,0.0,3468.00004082453,0.0,-3468.00004082453,0.7498192567947465,0.7498192567947461,267.44035474226627,76.23282939550087,19296989.520824026,9553554.803763492,100,0.5362537339329719,1.687509507584119,1.2993309124871393,0.6655185255266638,,90.49332744893746,2.7147998234681237,3.9931112001660063,990413.9135677735,0.0,495206.95678388677,0.0
2020-06-07 12:00:00,44.69,0.0,idle,sin_restriccion,0.0,0.0,0.0,0.0,0.0,0.0,0.7498192567947465,0.7498192567947461,267.44035474226627,76.23282939550087,19296989.520824026,9553554.803763492,0,0.0,,,,,0.0,0.0,0.0,0.0,0.0,0.0,0.0
2020-06-07 13:00:00,45.21,0.0,idle,sin_restriccion,0.0,0.0,0.0,0.0,0.0,0.0,0.7498192567947465,0.7498192567947461,267.44035474226627,76.23282939550087,19296989.520824026,9553554.803763492,0,0.0,,,,,0.0,0.0,0.0,0.0,0.0,0.0,0.0
2020-06-07 14:00:00,45.21,0.0,idle,sin_restriccion,0.0,0.0,0.0,0.0,0.0,0.0,0.7498192567947465,0.7498192567947461,267.44035474226627,76.23282939550087,19296989.520824026,9553554.803763492,0,0.0,,,,,0.0,0.0,0.0,0.0,0.0,0.0,0.0
2020-06-07 15:00:00,45.21,0.0,idle,sin_restriccion,0.0,0.0,0.0,0.0,0.0,0.0,0.7498192567947465,0.7498192567947461,267.44035474226627,76.23282939550087,19296989.520824026,9553554.803763492,0,0.0,,,,,0.0,0.0,0.0,0.0,0.0,0.0,0.0
2020-06-07 16:00:00,45.21,0.0,idle,sin_restriccion,0.0,0.0,0.0,0.0,0.0,0.0,0.7498192567947465,0.7498192567947461,267.44035474226627,76.23282939550087,19296989.520824026,9553554.803763492,0,0.0,,,,,0.0,0.0,0.0,0.0,0.0,0.0,0.0
2020-06-07 17:00:00,70.06,0.0,idle,sin_restriccion,0.0,0.0,0.0,0.0,0.0,0.0,0.7498192567947465,0.7498192567947461,267.44035474226627,76.23282939550087,19296989.520824026,9553554.803763492,0,0.0,,,,,0.0,0.0,0.0,0.0,0.0,0.0,0.0
2020-06-07 18:00:00,93.9,0.0,idle,sin_restriccion,0.0,0.0,0.0,0.0,0.0,0.0,0.7498192567947465,0.7498192567947461,267.44035474226627,76.23282939550087,19296989.520824026,9553554.803763492,0,0.0,,,,,0.0,0.0,0.0,0.0,0.0,0.0,0.0
2020-06-07 19:00:00,101.7,74.0,discharge,above_max_power,73.79445970591624,0.0,73.79445970591624,0.0,7504.896552091682,7504.896552091682,0.6246179991611098,0.6246179991611096,226.12393972316622,64.3387099203054,16315829.746227048,8062974.916465003,106,1.5,0.498406463465794,1.3005375771954943,,0.36837918554427224,79.24662769106125,3.16986510764245,0.0,0.0,2981159.774596979,0.0,1490579.8872984895
2020-06-07 20:00:00,96.41,74.0,discharge,above_max_power,73.22531218661757,0.0,73.22531218661757,0.0,7059.6523479118,7059.6523479118,0.49941674152747323,0.499416741527473,184.80752470406617,52.44459044510993,13334669.97163007,6572395.029166514,106,1.5,0.4945624512809438,1.2966935650106441,,0.36553802239395816,78.63542975367007,3.145417190146803,0.0,0.0,2981159.774596979,0.0,1490579.8872984895
2020-06-07 21:00:00,77.38,0.0,idle,sin_restriccion,0.0,0.0,0.0,0.0,0.0,0.0,0.49941674152747323,0.499416741527473,184.80752470406617,52.44459044510993,13334669.97163007,6572395.029166514,0,0.0,,,,,0.0,0.0,0.0,0.0,0.0,0.0,0.0
2020-06-07 22:00:00,77.26,0.0,idle,sin_restriccion,0.0,0.0,0.0,0.0,0.0,0.0,0.49941674152747323,0.499416741527473,184.80752470406617,52.44459044510993,13334669.97163007,6572395.029166514,0,0.0,,,,,0.0,0.0,0.0,0.0,0.0,0.0,0.0
2020-06-07 23:00:00,75.41,0.0,idle,sin_restriccion,0.0,0.0,0.0,0.0,0.0,0.0,0.49941674152747323,0.499416741527473,184.80752470406617,52.44459044510993,13334669.97163007,6572395.029166514,0,0.0,,,,,0.0,0.0,0.0,0.0,0.0,0.0,0.0
2020-06-08 00:00:00,48.02,0.0,idle,sin_restriccion,0.0,0.0,0.0,0.0,0.0,0.0,0.49941674152747323,0.499416741527473,184.80752470406617,52.44459044510993,13334669.97163007,6572395.029166514,0,0.0,,,,,0.0,0.0,0.0,0.0,0.0,0.0,0.0
2020-06-08 01:00:00,32.48,-100.0,charge,ok,-100.000007170395,100.000007170395,0.0,3248.0002328944292,0.0,-3248.0002328944292,0.5411704154023965,0.5411704154023963,198.5862370827909,56.411189463227636,14328864.242120534,7069492.164411746,100,0.5383005857467651,1.680826090529639,1.2920683325297206,0.6680587340963221,,90.478966907055,2.71436900721165,4.008352691992633,994194.2704904642,0.0,497097.1352452321,0.0
2020-06-08 02:00:00,32.38,-100.0,charge,ok,-99.99999862696629,99.99999862696629,0.0,3237.9999555411687,0.0,-3237.9999555411687,0.5828879420678668,0.5828879420678665,212.35302088239604,60.37435449644731,15322197.813534793,7566158.950118875,100,0.5378345653414727,1.6823431503203725,1.2937172013456029,0.6674804358122561,,90.48222970077613,2.714466891023284,4.004882559885148,993333.571414258,0.0,496666.785707129,0.0
2020-06-08 03:00:00,31.73,-100.0,charge,ok,-100.00000955881322,100.00000955881322,0.0,3173.0003033011435,0.0,-3173.0003033011435,0.6245718458333109,0.6245718458333107,226.10870912499263,64.33432535416452,16314730.792055994,8062425.439379476,100,0.5374010890722274,1.6837569605744416,1.295253643784942,0.6669423964953283,,90.48528243456482,2.7145584730369445,4.001654761482638,992532.9785212011,0.0,496266.48926060053,0.0
2020-06-08 04:00:00,31.73,-100.0,charge,ok,-100.00000548029249,100.00000548029249,0.0,3173.000173889681,0.0,-3173.000173889681,0.6662243129310004,0.6662243129310002,239.85402326723013,68.29130972844501,17306515.233932044,8558317.660317501,100,0.5369957983493804,1.6850806556200535,1.2966920216063467,0.6664394370402005,,90.48812319477881,2.714643695843364,3.9986368413781856,991784.4418760506,0.0,495892.2209380253,0.0
2020-06-08 05:00:00,31.73,-100.0,charge,ok,-100.00000976821451,100.00000976821451,0.0,3173.0003099454466,0.0,-3173.0003099454466,0.7078472726545685,0.7078472726545681,253.5895999760076,72.24549090218397,18297597.077460065,9053858.582081512,100,0.5366153806447982,1.6863250761943416,1.2980441082679288,0.6659672905239759,,90.49079726528949,2.7147239179586844,3.995804133462536,991081.8435280217,0.0,495540.92176401085,0.0
2020-06-08 06:00:00,31.66,-100.0,charge,ok,-100.000009448855,100.000009448855,0.0,3166.000299150749,0.0,-3166.000299150749,0.7494424289128784,0.749442428912878,267.3160015412499,76.19703074672341,19288016.894313686,9549068.490508322,100,0.5362569302320481,1.6874991764234037,1.2993196764542603,0.6655224372487074,,90.49331281179238,2.714799384353771,3.9931350007977455,990419.8168536186,0.0,495209.9084268093,0.0
2020-06-08 07:00:00,32.07,0.0,idle,sin_restriccion,0.0,0.0,0.0,0.0,0.0,0.0,0.7494424289128784,0.749442428912878,267.3160015412499,76.19703074672341,19288016.894313686,9549068.490508322,0,0.0,,,,,0.0,0.0,0.0,0.0,0.0,0.0,0.0
2020-06-08 08:00:00,32.42,0.0,idle,sin_restriccion,0.0,0.0,0.0,0.0,0.0,0.0,0.7494424289128784,0.749442428912878,267.3160015412499,76.19703074672341,19288016.894313686,9549068.490508322,0,0.0,,,,,0.0,0.0,0.0,0.0,0.0,0.0,0.0
2020-06-08 09:00:00,32.56,0.0,idle,sin_restriccion,0.0,0.0,0.0,0.0,0.0,0.0,0.7494424289128784,0.749442428912878,267.3160015412499,76.19703074672341,19288016.894313686,9549068.490508322,0,0.0,,,,,0.0,0.0,0.0,0.0,0.0,0.0,0.0
2020-06-08 10:00:00,35.39,0.0,idle,sin_restriccion,0.0,0.0,0.0,0.0,0.0,0.0,0.7494424289128784,0.749442428912878,267.3160015412499,76.19703074672341,19288016.894313686,9549068.490508322,0,0.0,,,,,0.0,0.0,0.0,0.0,0.0,0.0,0.0
2020-06-08 11:00:00,35.36,0.0,idle,sin_restriccion,0.0,0.0,0.0,0.0,0.0,0.0,0.7494424289128784,0.749442428912878,267.3160015412499,76.19703074672341,19288016.894313686,9549068.490508322,0,0.0,,,,,0.0,0.0,0.0,0.0,0.0,0.0,0.0
2020-06-08 12:00:00,35.44,0.0,idle,sin_restriccion,0.0,0.0,0.0,0.0,0.0,0.0,0.7494424289128784,0.749442428912878,267.3160015412499,76.19703074672341,19288016.894313686,9549068.490508322,0,0.0,,,,,0.0,0.0,0.0,0.0,0.0,0.0,0.0
2020-06-08 13:00:00,35.44,0.0,idle,sin_restriccion,0.0,0.0,0.0,0.0,0.0,0.0,0.7494424289128784,0.749442428912878,267.3160015412499,76.19703074672341,19288016.894313686,9549068.490508322,0,0.0,,,,,0.0,0.0,0.0,0.0,0.0,0.0,0.0
2020-06-08 14:00:00,35.44,0.0,idle,sin_restriccion,0.0,0.0,0.0,0.0,0.0,0.0,0.7494424289128784,0.749442428912878,267.3160015412499,76.19703074672341,19288016.894313686,9549068.490508322,0,0.0,,,,,0.0,0.0,0.0,0.0,0.0,0.0,0.0
2020-06-08 15:00:00,35.44,0.0,idle,sin_restriccion,0.0,0.0,0.0,0.0,0.0,0.0,0.7494424289128784,0.749442428912878,267.3160015412499,76.19703074672341,19288016.894313686,9549068.490508322,0,0.0,,,,,0.0,0.0,0.0,0.0,0.0,0.0,0.0
2020-06-08 16:00:00,35.58,0.0,idle,sin_restriccion,0.0,0.0,0.0,0.0,0.0,0.0,0.7494424289128784,0.749442428912878,267.3160015412499,76.19703074672341,19288016.894313686,9549068.490508322,0,0.0,,,,,0.0,0.0,0.0,0.0,0.0,0.0,0.0
2020-06-08 17:00:00,60.67,0.0,idle,sin_restriccion,0.0,0.0,0.0,0.0,0.0,0.0,0.7494424289128784,0.749442428912878,267.3160015412499,76.19703074672341,19288016.894313686,9549068.490508322,0,0.0,,,,,0.0,0.0,0.0,0.0,0.0,0.0,0.0
2020-06-08 18:00:00,96.44,74.0,discharge,above_max_power,73.79288281716816,0.0,73.79288281716816,0.0,7116.585618887698,7116.585618887698,0.6242411712792417,0.6242411712792416,225.99958652214977,64.30291127152795,16306857.119716708,8058488.603209833,106,1.5,0.4983958131873404,1.3005269269170407,,0.36837131377456184,79.24493429678712,3.169797371871485,0.0,0.0,2981159.774596979,0.0,1490579.8872984895
2020-06-08 19:00:00,98.98,74.0,discharge,above_max_power,73.22344595717047,0.0,73.22344595717047,0.0,7247.656680840733,7247.656680840733,0.4990399136456052,0.49903991364560496,184.68317150304972,52.408791796332466,13325697.34511973,6567908.715911344,106,1.5,0.49454984680057434,1.2966809605302747,,0.3655287062462893,78.63342564129131,3.1453370256516524,0.0,0.0,2981159.774596979,0.0,1490579.8872984895
2020-06-08 20:00:00,75.59,0.0,idle,sin_restriccion,0.0,0.0,0.0,0.0,0.0,0.0,0.4990399136456052,0.49903991364560496,184.68317150304972,52.408791796332466,13325697.34511973,6567908.715911344,0,0.0,,,,,0.0,0.0,0.0,0.0,0.0,0.0,0.0
2020-06-08 21:00:00,75.59,0.0,idle,sin_restriccion,0.0,0.0,0.0,0.0,0.0,0.0,0.4990399136456052,0.49903991364560496,184.68317150304972,52.408791796332466,13325697.34511973,6567908.715911344,0,0.0,,,,,0.0,0.0,0.0,0.0,0.0,0.0,0.0
2020-06-08 22:00:00,75.59,0.0,idle,sin_restriccion,0.0,0.0,0.0,0.0,0.0,0.0,0.4990399136456052,0.49903991364560496,184.68317150304972,52.408791796332466,13325697.34511973,6567908.715911344,0,0.0,,,,,0.0,0.0,0.0,0.0,0.0,0.0,0.0
2020-06-08 23:00:00,75.59,0.0,idle,sin_restriccion,0.0,0.0,0.0,0.0,0.0,0.0,0.4990399136456052,0.49903991364560496,184.68317150304972,52.408791796332466,13325697.34511973,6567908.715911344,0,0.0,,,,,0.0,0.0,0.0,0.0,0.0,0.0,0.0
2020-06-09 00:00:00,69.38,0.0,idle,sin_restriccion,0.0,0.0,0.0,0.0,0.0,0.0,0.4990399136456052,0.49903991364560496,184.68317150304972,52.408791796332466,13325697.34511973,6567908.715911344,0,0.0,,,,,0.0,0.0,0.0,0.0,0.0,0.0,0.0
2020-06-09 01:00:00,41.78,0.0,idle,sin_restriccion,0.0,0.0,0.0,0.0,0.0,0.0,0.4990399136456052,0.49903991364560496,184.68317150304972,52.408791796332466,13325697.34511973,6567908.715911344,0,0.0,,,,,0.0,0.0,0.0,0.0,0.0,0.0,0.0
2020-06-09 02:00:00,31.44,0.0,idle,sin_restriccion,0.0,0.0,0.0,0.0,0.0,0.0,0.4990399136456052,0.49903991364560496,184.68317150304972,52.408791796332466,13325697.34511973,6567908.715911344,0,0.0,,,,,0.0,0.0,0.0,0.0,0.0,0.0,0.0
2020-06-09 03:00:00,31.17,0.0,idle,sin_restriccion,0.0,0.0,0.0,0.0,0.0,0.0,0.4990399136456052,0.49903991364560496,184.68317150304972,52.408791796332466,13325697.34511973,6567908.715911344,0,0.0,,,,,0.0,0.0,0.0,0.0,0.0,0.0,0.0
2020-06-09 04:00:00,30.71,-100.0,charge,ok,-99.99999391367236,99.99999391367236,0.0,3070.999813088878,0.0,-3070.999813088878,0.5407939210899885,0.5407939210899882,198.46199395969617,56.37542250354887,14319899.558212968,7065009.822457963,100,0.5383048862218855,1.680811869701503,1.2920528955016253,0.6680641597707052,,90.47892422800624,2.714367726840187,4.00838471466079,994202.2130932373,0.0,497101.1065466186,0.0
2020-06-09 05:00:00,30.71,-100.0,charge,ok,-99.99999020377919,99.99999020377919,0.0,3070.9996991580592,0.0,-3070.9996991580592,0.5825117587864417,0.5825117587864415,212.22888039952576,60.33861708471193,15313240.535567649,7561680.311135303,100,0.5378385752439498,1.6823299365627251,1.293702853296113,0.6674854685316023,,90.48219361711406,2.7144658085134217,4.0049124188595115,993340.9773546817,0.0,496670.48867734085,0.0
2020-06-09 06:00:00,30.82,-100.0,charge,ok,-99.99999750748594,99.99999750748594,0.0,3081.999923180717,0.0,-3081.999923180717,0.6241959510443917,0.6241959510443915,225.9846638446493,64.29861534921717,16305780.383366924,8057950.235034941,100,0.5374048084020613,1.683744610317312,1.295240241199757,0.6669470927509509,,90.48524497055783,2.7145573491167347,4.001682456763205,992539.8477992751,0.0,496269.92389963754,0.0
2020-06-09 07:00:00,31.57,-100.0,charge,ok,-99.9999946581148,99.9999946581148,0.0,3156.9998313566844,0.0,-3156.9998313566844,0.6658486886038054,0.6658486886038052,239.7300672392558,68.25562541736149,17297571.265191168,8553845.675947063,100,0.5369992852210999,1.6850690682693226,1.2966794474949992,0.6664438365512846,,90.4880885208811,2.714642655626433,3.9986628057037192,991790.8818242454,0.0,495895.4409121227,0.0
2020-06-09 08:00:00,31.16,-100.0,charge,ok,-99.99999449298527,99.99999449298527,0.0,3115.999828401421,0.0,-3115.999828401421,0.7074719007583162,0.7074719007583158,253.46572725024436,72.20983057204,18288659.119337503,9049389.60302023,100,0.536618635058403,1.686314155224473,1.2980322661432955,0.6659714311473172,,90.49076002562207,2.7147228007686617,3.9958283668330346,991087.8541463367,0.0,495543.92707316834,0.0
2020-06-09 09:00:00,32.41,-100.0,charge,ok,-100.00000851631823,100.00000851631823,0.0,3241.0002760138736,0.0,-3241.0002760138736,0.749067300432178,0.7490673004321776,267.1922091426187,76.16139354105687,19279084.732144497,9544602.409423728,100,0.5362600684165955,1.6874888740850205,1.2993084856973678,0.6655263381034464,,90.49328990690766,2.7147986972072298,3.993158368690724,990425.6128069935,0.0,495212.80640349677,0.0
2020-06-09 10:00:00,33.33,0.0,idle,sin_restriccion,0.0,0.0,0.0,0.0,0.0,0.0,0.749067300432178,0.7490673004321776,267.1922091426187,76.16139354105687,19279084.732144497,9544602.409423728,0,0.0,,,,,0.0,0.0,0.0,0.0,0.0,0.0,0.0
2020-06-09 11:00:00,32.71,0.0,idle,sin_restriccion,0.0,0.0,0.0,0.0,0.0,0.0,0.749067300432178,0.7490673004321776,267.1922091426187,76.16139354105687,19279084.732144497,9544602.409423728,0,0.0,,,,,0.0,0.0,0.0,0.0,0.0,0.0,0.0
2020-06-09 12:00:00,32.71,0.0,idle,sin_restriccion,0.0,0.0,0.0,0.0,0.0,0.0,0.749067300432178,0.7490673004321776,267.1922091426187,76.16139354105687,19279084.732144497,9544602.409423728,0,0.0,,,,,0.0,0.0,0.0,0.0,0.0,0.0,0.0
2020-06-09 13:00:00,32.28,0.0,idle,sin_restriccion,0.0,0.0,0.0,0.0,0.0,0.0,0.749067300432178,0.7490673004321776,267.1922091426187,76.16139354105687,19279084.732144497,9544602.409423728,0,0.0,,,,,0.0,0.0,0.0,0.0,0.0,0.0,0.0
2020-06-09 14:00:00,32.18,0.0,idle,sin_restriccion,0.0,0.0,0.0,0.0,0.0,0.0,0.749067300432178,0.7490673004321776,267.1922091426187,76.16139354105687,19279084.732144497,9544602.409423728,0,0.0,,,,,0.0,0.0,0.0,0.0,0.0,0.0,0.0
2020-06-09 15:00:00,31.92,0.0,idle,sin_restriccion,0.0,0.0,0.0,0.0,0.0,0.0,0.749067300432178,0.7490673004321776,267.1922091426187,76.16139354105687,19279084.732144497,9544602.409423728,0,0.0,,,,,0.0,0.0,0.0,0.0,0.0,0.0,0.0
2020-06-09 16:00:00,32.09,0.0,idle,sin_restriccion,0.0,0.0,0.0,0.0,0.0,0.0,0.749067300432178,0.7490673004321776,267.1922091426187,76.16139354105687,19279084.732144497,9544602.409423728,0,0.0,,,,,0.0,0.0,0.0,0.0,0.0,0.0,0.0
2020-06-09 17:00:00,41.04,0.0,idle,sin_restriccion,0.0,0.0,0.0,0.0,0.0,0.0,0.749067300432178,0.7490673004321776,267.1922091426187,76.16139354105687,19279084.732144497,9544602.409423728,0,0.0,,,,,0.0,0.0,0.0,0.0,0.0,0.0,0.0
2020-06-09 18:00:00,64.09,0.0,idle,sin_restriccion,0.0,0.0,0.0,0.0,0.0,0.0,0.749067300432178,0.7490673004321776,267.1922091426187,76.16139354105687,19279084.732144497,9544602.409423728,0,0.0,,,,,0.0,0.0,0.0,0.0,0.0,0.0,0.0
2020-06-09 19:00:00,73.86,74.0,discharge,above_max_power,73.79131230859981,0.0,73.79131230859981,0.0,5450.226327113182,5450.226327113182,0.6238660427985413,0.6238660427985411,225.87579412351866,64.2672740658614,16297924.95754752,8054022.522125239,106,1.5,0.4983852060005066,1.300516319730207,,0.3683634738544702,79.24324775408056,3.1697299101632224,0.0,0.0,2981159.774596979,0.0,1490579.8872984895
2020-06-09 20:00:00,76.93,74.0,discharge,above_max_power,73.2215871197103,0.0,73.2215871197103,0.0,5632.936697119314,5632.936697119314,0.4986647851649047,0.4986647851649045,184.55937910441858,52.37315459066591,13316765.182950541,6563442.63482675,106,1.5,0.49453729224555254,1.296668405975253,,0.3655194269991431,78.63142946704286,3.1452571786817147,0.0,0.0,2981159.774596979,0.0,1490579.8872984895
2020-06-09 21:00:00,67.69,0.0,idle,sin_restriccion,0.0,0.0,0.0,0.0,0.0,0.0,0.4986647851649047,0.4986647851649045,184.55937910441858,52.37315459066591,13316765.182950541,6563442.63482675,0,0.0,,,,,0.0,0.0,0.0,0.0,0.0,0.0,0.0
2020-06-09 22:00:00,65.13,0.0,idle,sin_restriccion,0.0,0.0,0.0,0.0,0.0,0.0,0.4986647851649047,0.4986647851649045,184.55937910441858,52.37315459066591,13316765.182950541,6563442.63482675,0,0.0,,,,,0.0,0.0,0.0,0.0,0.0,0.0,0.0
2020-06-09 23:00:00,65.13,0.0,idle,sin_restriccion,0.0,0.0,0.0,0.0,0.0,0.0,0.4986647851649047,0.4986647851649045,184.55937910441858,52.37315459066591,13316765.182950541,6563442.63482675,0,0.0,,,,,0.0,0.0,0.0,0.0,0.0,0.0,0.0
2020-06-10 00:00:00,65.13,0.0,idle,sin_restriccion,0.0,0.0,0.0,0.0,0.0,0.0,0.4986647851649047,0.4986647851649045,184.55937910441858,52.37315459066591,13316765.182950541,6563442.63482675,0,0.0,,,,,0.0,0.0,0.0,0.0,0.0,0.0,0.0
2020-06-10 01:00:00,64.72,0.0,idle,sin_restriccion,0.0,0.0,0.0,0.0,0.0,0.0,0.4986647851649047,0.4986647851649045,184.55937910441858,52.37315459066591,13316765.182950541,6563442.63482675,0,0.0,,,,,0.0,0.0,0.0,0.0,0.0,0.0,0.0
2020-06-10 02:00:00,64.72,0.0,idle,sin_restriccion,0.0,0.0,0.0,0.0,0.0,0.0,0.4986647851649047,0.4986647851649045,184.55937910441858,52.37315459066591,13316765.182950541,6563442.63482675,0,0.0,,,,,0.0,0.0,0.0,0.0,0.0,0.0,0.0
2020-06-10 03:00:00,37.9,0.0,idle,sin_restriccion,0.0,0.0,0.0,0.0,0.0,0.0,0.4986647851649047,0.4986647851649045,184.55937910441858,52.37315459066591,13316765.182950541,6563442.63482675,0,0.0,,,,,0.0,0.0,0.0,0.0,0.0,0.0,0.0
2020-06-10 04:00:00,34.64,0.0,idle,sin_restriccion,0.0,0.0,0.0,0.0,0.0,0.0,0.4986647851649047,0.4986647851649045,184.55937910441858,52.37315459066591,13316765.182950541,6563442.63482675,0,0.0,,,,,0.0,0.0,0.0,0.0,0.0,0.0,0.0
2020-06-10 05:00:00,34.64,0.0,idle,sin_restriccion,0.0,0.0,0.0,0.0,0.0,0.0,0.4986647851649047,0.4986647851649045,184.55937910441858,52.37315459066591,13316765.182950541,6563442.63482675,0,0.0,,,,,0.0,0.0,0.0,0.0,0.0,0.0,0.0
2020-06-10 06:00:00,34.64,0.0,idle,sin_restriccion,0.0,0.0,0.0,0.0,0.0,0.0,0.4986647851649047,0.4986647851649045,184.55937910441858,52.37315459066591,13316765.182950541,6563442.63482675,0,0.0,,,,,0.0,0.0,0.0,0.0,0.0,0.0,0.0
2020-06-10 07:00:00,38.35,0.0,idle,sin_restriccion,0.0,0.0,0.0,0.0,0.0,0.0,0.4986647851649047,0.4986647851649045,184.55937910441858,52.37315459066591,13316765.182950541,6563442.63482675,0,0.0,,,,,0.0,0.0,0.0,0.0,0.0,0.0,0.0
2020-06-10 08:00:00,40.51,0.0,idle,sin_restriccion,0.0,0.0,0.0,0.0,0.0,0.0,0.4986647851649047,0.4986647851649045,184.55937910441858,52.37315459066591,13316765.182950541,6563442.63482675,0,0.0,,,,,0.0,0.0,0.0,0.0,0.0,0.0,0.0
2020-06-10 09:00:00,33.76,-100.0,charge,ok,-100.00000749577057,100.00000749577057,0.0,3376.000253057214,0.0,-3376.000253057214,0.5404191351941388,0.5404191351941385,198.33831461406578,56.33981784344314,14310975.553311491,7060547.820007225,100,0.5383093029260637,1.680797740980328,1.2920375177129744,0.6680695503907835,,90.47890603068231,2.714367180920469,4.0084176028064675,994210.3703609507,0.0,497105.18518047535,0.0
2020-06-10 10:00:00,33.94,-100.0,charge,ok,-99.9999967159327,99.9999967159327,0.0,3393.9998885387554,0.0,-3393.9998885387554,0.5821372884292703,0.58213728842927,212.10530518165925,60.303042400780654,15304324.043939067,7557222.065321012,100,0.5378426432609558,1.6823167953844353,1.2936885613893225,0.6674904736829418,,90.48217120318652,2.714465136095596,4.0049427105726325,993348.4906275753,0.0,496674.24531378766,0.0
2020-06-10 11:00:00,34.58,-100.0,charge,ok,-100.00000023119104,100.00000023119104,0.0,3458.0000079945858,0.0,-3458.0000079945858,0.6238217736874218,0.6238217736874215,225.8611853168492,64.26306850030504,16296870.868348887,8053495.4775259225,100,0.5374085858464241,1.6837323297071676,1.2952268918209637,0.6669517625884896,,90.48522102518342,2.7145566307555025,4.0017105847825345,992546.8244098197,0.0,496273.41220490984,0.0
2020-06-10 12:00:00,34.66,0.0,idle,sin_restriccion,0.0,0.0,0.0,0.0,0.0,0.0,0.6238217736874218,0.6238217736874215,225.8611853168492,64.26306850030504,16296870.868348887,8053495.4775259225,0,0.0,,,,,0.0,0.0,0.0,0.0,0.0,0.0,0.0
2020-06-10 13:00:00,34.63,0.0,idle,sin_restriccion,0.0,0.0,0.0,0.0,0.0,0.0,0.6238217736874218,0.6238217736874215,225.8611853168492,64.26306850030504,16296870.868348887,8053495.4775259225,0,0.0,,,,,0.0,0.0,0.0,0.0,0.0,0.0,0.0
2020-06-10 14:00:00,34.62,-100.0,charge,ok,-99.99999846710594,99.99999846710594,0.0,3461.9999469312074,0.0,-3461.9999469312074,0.6654747862162552,0.665474786216255,239.60667945136424,68.22010469054422,17288668.2974538,8549394.192078378,100,0.5370028302073478,1.6850575479290315,1.2966669239498734,0.6664482106772802,,90.48806723001438,2.7146420169004313,3.998689202768011,991797.4291049098,0.0,495898.7145524549,0.0
2020-06-10 15:00:00,32.8,-100.0,charge,ok,-100.000005485526,100.000005485526,0.0,3280.0001799252527,0.0,-3280.0001799252527,0.7070982598170996,0.7070982598170993,253.34242573964286,72.17433468262442,18279762.37688339,9044941.231793175,100,0.536622005701065,1.686303315332784,1.2980204722000652,0.6659755410812467,,90.49074672942339,2.714722401882702,3.9958534656810487,991094.0794295913,0.0,495547.03971479565,0.0
2020-06-10 16:00:00,32.38,-100.0,charge,ok,-99.99999842964414,99.99999842964414,0.0,3237.9999491518774,0.0,-3237.9999491518774,0.7486938983988177,0.7486938983988174,267.06898647160983,76.12592034788766,19270193.67831129,9540156.882507123,100,0.536263148486614,1.6874786014452918,1.2992973410927058,0.6655302277586836,,90.49325878148402,2.7147977634445204,3.993181303844944,990431.3014278986,0.0,495215.6507139493,0.0
2020-06-10 17:00:00,36.91,0.0,idle,sin_restriccion,0.0,0.0,0.0,0.0,0.0,0.0,0.7486938983988177,0.7486938983988174,267.06898647160983,76.12592034788766,19270193.67831129,9540156.882507123,0,0.0,,,,,0.0,0.0,0.0,0.0,0.0,0.0,0.0
2020-06-10 18:00:00,60.51,0.0,idle,sin_restriccion,0.0,0.0,0.0,0.0,0.0,0.0,0.7486938983988177,0.7486938983988174,267.06898647160983,76.12592034788766,19270193.67831129,9540156.882507123,0,0.0,,,,,0.0,0.0,0.0,0.0,0.0,0.0,0.0
2020-06-10 19:00:00,65.76,0.0,idle,sin_restriccion,0.0,0.0,0.0,0.0,0.0,0.0,0.7486938983988177,0.7486938983988174,267.06898647160983,76.12592034788766,19270193.67831129,9540156.882507123,0,0.0,,,,,0.0,0.0,0.0,0.0,0.0,0.0,0.0
2020-06-10 20:00:00,70.94,0.0,idle,sin_restriccion,0.0,0.0,0.0,0.0,0.0,0.0,0.7486938983988177,0.7486938983988174,267.06898647160983,76.12592034788766,19270193.67831129,9540156.882507123,0,0.0,,,,,0.0,0.0,0.0,0.0,0.0,0.0,0.0
2020-06-10 21:00:00,75.78,74.0,discharge,above_max_power,73.78974830276226,0.0,73.78974830276226,0.0,5591.787126383324,5591.787126383324,0.6234926407651811,0.6234926407651808,225.75257145250976,64.23180087269218,16289033.90371431,8049576.995208634,106,1.5,0.4983746427330006,1.300505756462701,,0.3683556663957677,79.2415681945471,3.169662727781884,0.0,0.0,2981159.774596979,0.0,1490579.8872984895
2020-06-10 22:00:00,75.78,74.0,discharge,above_max_power,73.21973582113792,0.0,73.21973582113792,0.0,5548.591580525831,5548.591580525831,0.49829138313154453,0.4982913831315443,184.4361564334097,52.337681397496695,13307874.129117332,6558997.107910145,106,1.5,0.4945247886080443,1.2966559023377446,,0.36551018538584296,78.62944138867903,3.1451776555471613,0.0,0.0,2981159.774596979,0.0,1490579.8872984895
2020-06-10 23:00:00,75.27,0.0,idle,sin_restriccion,0.0,0.0,0.0,0.0,0.0,0.0,0.49829138313154453,0.4982913831315443,184.4361564334097,52.337681397496695,13307874.129117332,6558997.107910145,0,0.0,,,,,0.0,0.0,0.0,0.0,0.0,0.0,0.0
2020-06-11 00:00:00,61.32,0.0,idle,sin_restriccion,0.0,0.0,0.0,0.0,0.0,0.0,0.49829138313154453,0.4982913831315443,184.4361564334097,52.337681397496695,13307874.129117332,6558997.107910145,0,0.0,,,,,0.0,0.0,0.0,0.0,0.0,0.0,0.0
2020-06-11 01:00:00,46.29,-100.0,charge,ok,-100.00000104975415,100.00000104975415,0.0,4629.00004859312,0.0,-4629.00004859312,0.5400460667302385,0.5400460667302383,198.2152020209787,56.30437633937263,14302092.442081057,7056106.264392007,100,0.5383136034011841,1.6807836398624056,1.2920222004004531,0.6680749305659593,,90.47886977120896,2.714366093136269,4.008449625474622,994218.3129637237,0.0,497109.15648186184,0.0
2020-06-11 02:00:00,40.41,-100.0,charge,ok,-100.00000644618262,100.00000644618262,0.0,4041.0002604902397,0.0,-4041.0002604902397,0.5817645355040484,0.5817645355040482,211.98229671633598,60.26763087288457,15295448.445981525,7552784.266342241,100,0.5378467112779617,1.6823037108017629,1.2936743260805204,0.6674954573529829,,90.48215182254394,2.714464554676318,4.004973002285754,993356.0039004688,0.0,496678.0019502344,0.0
2020-06-11 03:00:00,40.18,-100.0,charge,ok,-100.00000599328744,100.00000599328744,0.0,4018.0002408102896,0.0,-4018.0002408102896,0.6234493137624011,0.623449313762401,225.7382735415924,64.22768480742809,16288002.247001888,8049061.166852423,100,0.5374123632907867,1.683720102560215,1.2952135959074105,0.6669564121610285,,90.48519994370908,2.714555998311272,4.001738712801861,992553.8010203635,0.0,496276.90051018173,0.0
2020-06-11 04:00:00,34.46,-100.0,charge,ok,-100.00000515317394,100.00000515317394,0.0,3446.0001775783744,0.0,-3446.0001775783744,0.6651026012606542,0.665102601260654,239.48385841601592,68.18474711976212,17279806.22338746,8544963.15504521,100,0.5370063751935958,1.6850460782402366,1.2966544510580502,0.6664525656285905,,90.48804865099737,2.714641459529921,3.9987155998323023,991803.9763855742,0.0,495901.9881927871,0.0
2020-06-11 05:00:00,31.6,-100.0,charge,ok,-99.99999567739837,99.99999567739837,0.0,3159.999863405789,0.0,-3159.999863405789,0.7067263272924413,0.7067263272924409,253.2196880065056,72.13900109278188,18270906.31343537,9040513.200069163,100,0.5366252601146698,1.6862924906582235,1.2980087263738445,0.665979645296238,,90.49071464288836,2.714721439286651,3.995877699051546,991100.0900479063,0.0,495550.04502395313,0.0
2020-06-11 06:00:00,37.66,-100.0,charge,ok,-99.99999092768788,99.99999092768788,0.0,3765.999658336725,0.0,-3765.999658336725,0.7483222047820159,0.7483222047820156,266.9463275780652,76.09060945429147,19261343.30348417,9535731.695093565,100,0.5362662285566329,1.6874683743539949,1.2992862420378435,0.6655341002125251,,90.49323009234092,2.7147969027702277,3.9932042389991658,990436.990048804,0.0,495218.495024402,0.0
2020-06-11 07:00:00,41.42,0.0,idle,sin_restriccion,0.0,0.0,0.0,0.0,0.0,0.0,0.7483222047820159,0.7483222047820156,266.9463275780652,76.09060945429147,19261343.30348417,9535731.695093565,0,0.0,,,,,0.0,0.0,0.0,0.0,0.0,0.0,0.0
2020-06-11 08:00:00,51.97,0.0,idle,sin_restriccion,0.0,0.0,0.0,0.0,0.0,0.0,0.7483222047820159,0.7483222047820156,266.9463275780652,76.09060945429147,19261343.30348417,9535731.695093565,0,0.0,,,,,0.0,0.0,0.0,0.0,0.0,0.0,0.0
2020-06-11 09:00:00,53.86,0.0,idle,sin_restriccion,0.0,0.0,0.0,0.0,0.0,0.0,0.7483222047820159,0.7483222047820156,266.9463275780652,76.09060945429147,19261343.30348417,9535731.695093565,0,0.0,,,,,0.0,0.0,0.0,0.0,0.0,0.0,0.0
2020-06-11 10:00:00,86.89,74.0,discharge,above_max_power,73.78819073345102,0.0,73.78819073345102,0.0,6411.455892829559,6411.455892829559,0.6231209471483793,0.6231209471483791,225.62991255896512,64.19648997909599,16280183.528887194,8045151.807795076,106,1.5,0.4983641229376784,1.3004952366673788,,0.3683478910679641,79.23989554709087,3.1695958218836346,0.0,0.0,2981159.774596979,0.0,1490579.8872984895
2020-06-11 11:00:00,74.87,74.0,discharge,above_max_power,73.21789198494145,0.0,73.21789198494145,0.0,5481.823572912566,5481.823572912566,0.4979196895147427,0.49791968951474247,184.31349753986512,52.302370503900526,13299023.754290216,6554571.920496587,106,1.5,0.4945123353712898,1.2966434491009902,,0.3655009810244445,78.62746132403507,3.1450984529614026,0.0,0.0,2981159.774596979,0.0,1490579.8872984895
2020-06-11 12:00:00,41.48,0.0,idle,sin_restriccion,0.0,0.0,0.0,0.0,0.0,0.0,0.4979196895147427,0.49791968951474247,184.31349753986512,52.302370503900526,13299023.754290216,6554571.920496587,0,0.0,,,,,0.0,0.0,0.0,0.0,0.0,0.0,0.0
2020-06-11 13:00:00,39.75,0.0,idle,sin_restriccion,0.0,0.0,0.0,0.0,0.0,0.0,0.4979196895147427,0.49791968951474247,184.31349753986512,52.302370503900526,13299023.754290216,6554571.920496587,0,0.0,,,,,0.0,0.0,0.0,0.0,0.0,0.0,0.0
2020-06-11 14:00:00,50.78,0.0,idle,sin_restriccion,0.0,0.0,0.0,0.0,0.0,0.0,0.4979196895147427,0.49791968951474247,184.31349753986512,52.302370503900526,13299023.754290216,6554571.920496587,0,0.0,,,,,0.0,0.0,0.0,0.0,0.0,0.0,0.0
2020-06-11 15:00:00,62.57,0.0,idle,sin_restriccion,0.0,0.0,0.0,0.0,0.0,0.0,0.4979196895147427,0.49791968951474247,184.31349753986512,52.302370503900526,13299023.754290216,6554571.920496587,0,0.0,,,,,0.0,0.0,0.0,0.0,0.0,0.0,0.0
2020-06-11 16:00:00,62.57,0.0,idle,sin_restriccion,0.0,0.0,0.0,0.0,0.0,0.0,0.4979196895147427,0.49791968951474247,184.31349753986512,52.302370503900526,13299023.754290216,6554571.920496587,0,0.0,,,,,0.0,0.0,0.0,0.0,0.0,0.0,0.0
2020-06-11 17:00:00,62.57,0.0,idle,sin_restriccion,0.0,0.0,0.0,0.0,0.0,0.0,0.4979196895147427,0.49791968951474247,184.31349753986512,52.302370503900526,13299023.754290216,6554571.920496587,0,0.0,,,,,0.0,0.0,0.0,0.0,0.0,0.0,0.0
2020-06-11 18:00:00,69.66,0.0,idle,sin_restriccion,0.0,0.0,0.0,0.0,0.0,0.0,0.4979196895147427,0.49791968951474247,184.31349753986512,52.302370503900526,13299023.754290216,6554571.920496587,0,0.0,,,,,0.0,0.0,0.0,0.0,0.0,0.0,0.0
2020-06-11 19:00:00,72.58,0.0,idle,sin_restriccion,0.0,0.0,0.0,0.0,0.0,0.0,0.4979196895147427,0.49791968951474247,184.31349753986512,52.302370503900526,13299023.754290216,6554571.920496587,0,0.0,,,,,0.0,0.0,0.0,0.0,0.0,0.0,0.0
2020-06-11 20:00:00,72.13,0.0,idle,sin_restriccion,0.0,0.0,0.0,0.0,0.0,0.0,0.4979196895147427,0.49791968951474247,184.31349753986512,52.302370503900526,13299023.754290216,6554571.920496587,0,0.0,,,,,0.0,0.0,0.0,0.0,0.0,0.0,0.0
2020-06-11 21:00:00,62.66,0.0,idle,sin_restriccion,0.0,0.0,0.0,0.0,0.0,0.0,0.4979196895147427,0.49791968951474247,184.31349753986512,52.302370503900526,13299023.754290216,6554571.920496587,0,0.0,,,,,0.0,0.0,0.0,0.0,0.0,0.0,0.0
2020-06-11 22:00:00,57.33,0.0,idle,sin_restriccion,0.0,0.0,0.0,0.0,0.0,0.0,0.4979196895147427,0.49791968951474247,184.31349753986512,52.302370503900526,13299023.754290216,6554571.920496587,0,0.0,,,,,0.0,0.0,0.0,0.0,0.0,0.0,0.0
2020-06-11 23:00:00,49.52,0.0,idle,sin_restriccion,0.0,0.0,0.0,0.0,0.0,0.0,0.4979196895147427,0.49791968951474247,184.31349753986512,52.302370503900526,13299023.754290216,6554571.920496587,0,0.0,,,,,0.0,0.0,0.0,0.0,0.0,0.0,0.0
2020-06-12 00:00:00,48.72,0.0,idle,sin_restriccion,0.0,0.0,0.0,0.0,0.0,0.0,0.4979196895147427,0.49791968951474247,184.31349753986512,52.302370503900526,13299023.754290216,6554571.920496587,0,0.0,,,,,0.0,0.0,0.0,0.0,0.0,0.0,0.0
2020-06-12 01:00:00,43.25,0.0,idle,sin_restriccion,0.0,0.0,0.0,0.0,0.0,0.0,0.4979196895147427,0.49791968951474247,184.31349753986512,52.302370503900526,13299023.754290216,6554571.920496587,0,0.0,,,,,0.0,0.0,0.0,0.0,0.0,0.0,0.0
2020-06-12 02:00:00,33.29,-100.0,charge,ok,-99.9999980096817,99.9999980096817,0.0,3328.9999337423037,0.0,-3328.9999337423037,0.5396747066828966,0.5396747066828964,198.0926532053559,56.269097134875146,14293250.009856712,7051685.048279835,100,0.5383179038763046,1.6807695986063758,1.292006942952469,0.6680802879873876,,90.47883672208022,2.7143651016624064,4.00848164814278,994226.2555664971,0.0,497113.12778324855,0.0
2020-06-12 03:00:00,32.57,-100.0,charge,ok,-99.99999589533269,99.99999589533269,0.0,3256.999866310986,0.0,-3256.999866310986,0.5813934819799941,0.5813934819799939,211.85984905339808,60.23238078809941,15286613.312365135,7548366.699534046,100,0.5378506630659103,1.6822906497041403,1.2936601471369276,0.6675004321522319,,90.4821141412953,2.714463424238859,4.005002428521358,993363.3025084229,0.0,496681.65125421144,0.0
2020-06-12 04:00:00,32.57,-100.0,charge,ok,-100.00000301154756,100.00000301154756,0.0,3257.000098086104,0.0,-3257.000098086104,0.6230785487308528,0.6230785487308526,225.61592108118145,64.19246212943098,16279173.982663574,8044647.034683266,100,0.5374160826206208,1.6837079118882665,1.2952003529134248,0.6669610479278891,,90.48517102843375,2.7145551308530127,4.00176640808243,992560.6702984379,0.0,496280.33514921897,0.0
2020-06-12 05:00:00,36.17,0.0,idle,sin_restriccion,0.0,0.0,0.0,0.0,0.0,0.0,0.6230785487308528,0.6230785487308526,225.61592108118145,64.19246212943098,16279173.982663574,8044647.034683266,0,0.0,,,,,0.0,0.0,0.0,0.0,0.0,0.0,0.0
2020-06-12 06:00:00,39.77,0.0,idle,sin_restriccion,0.0,0.0,0.0,0.0,0.0,0.0,0.6230785487308528,0.6230785487308526,225.61592108118145,64.19246212943098,16279173.982663574,8044647.034683266,0,0.0,,,,,0.0,0.0,0.0,0.0,0.0,0.0,0.0
2020-06-12 07:00:00,48.56,0.0,idle,sin_restriccion,0.0,0.0,0.0,0.0,0.0,0.0,0.6230785487308528,0.6230785487308526,225.61592108118145,64.19246212943098,16279173.982663574,8044647.034683266,0,0.0,,,,,0.0,0.0,0.0,0.0,0.0,0.0,0.0
2020-06-12 08:00:00,45.2,0.0,idle,sin_restriccion,0.0,0.0,0.0,0.0,0.0,0.0,0.6230785487308528,0.6230785487308526,225.61592108118145,64.19246212943098,16279173.982663574,8044647.034683266,0,0.0,,,,,0.0,0.0,0.0,0.0,0.0,0.0,0.0
2020-06-12 09:00:00,32.78,0.0,idle,sin_restriccion,0.0,0.0,0.0,0.0,0.0,0.0,0.6230785487308528,0.6230785487308526,225.61592108118145,64.19246212943098,16279173.982663574,8044647.034683266,0,0.0,,,,,0.0,0.0,0.0,0.0,0.0,0.0,0.0
2020-06-12 10:00:00,33.97,0.0,idle,sin_restriccion,0.0,0.0,0.0,0.0,0.0,0.0,0.6230785487308528,0.6230785487308526,225.61592108118145,64.19246212943098,16279173.982663574,8044647.034683266,0,0.0,,,,,0.0,0.0,0.0,0.0,0.0,0.0,0.0
2020-06-12 11:00:00,36.24,0.0,idle,sin_restriccion,0.0,0.0,0.0,0.0,0.0,0.0,0.6230785487308528,0.6230785487308526,225.61592108118145,64.19246212943098,16279173.982663574,8044647.034683266,0,0.0,,,,,0.0,0.0,0.0,0.0,0.0,0.0,0.0
2020-06-12 12:00:00,47.13,0.0,idle,sin_restriccion,0.0,0.0,0.0,0.0,0.0,0.0,0.6230785487308528,0.6230785487308526,225.61592108118145,64.19246212943098,16279173.982663574,8044647.034683266,0,0.0,,,,,0.0,0.0,0.0,0.0,0.0,0.0,0.0
2020-06-12 13:00:00,43.76,0.0,idle,sin_restriccion,0.0,0.0,0.0,0.0,0.0,0.0,0.6230785487308528,0.6230785487308526,225.61592108118145,64.19246212943098,16279173.982663574,8044647.034683266,0,0.0,,,,,0.0,0.0,0.0,0.0,0.0,0.0,0.0
2020-06-12 14:00:00,34.73,-100.0,charge,ok,-100.0000029194427,100.0000029194427,0.0,3473.0001013922442,0.0,-3473.0001013922442,0.6647321066908303,0.66473210669083,239.36159520797398,68.14955013562886,17270984.398997344,8540552.24285015,100,0.5370098620653152,1.685034642088489,1.2966420281509883,0.6664569079028116,,90.48802207232174,2.714640662169652,3.998741564157836,991810.4163337689,0.0,495905.20816688443,0.0
2020-06-12 15:00:00,33.46,-100.0,charge,ok,-100.00000032295371,100.00000032295371,0.0,3346.0000108060312,0.0,-3346.0000108060312,0.7063560896612555,0.7063560896612552,253.09750958821428,72.10382851781924,18262090.606996037,9036105.346849497,100,0.5366285726428032,1.6862817297714914,1.2979970278878818,0.6659837253759812,,90.49069577209127,2.714720873162738,3.995902365160803,991106.2079986911,0.0,495553.10399934556,0.0
2020-06-12 16:00:00,31.6,-100.0,charge,ok,-99.99999776429807,99.99999776429807,0.0,3159.9999293518194,0.0,-3159.9999293518194,0.747952210566382,0.7479522105663816,266.824229486906,76.05546000380625,19252533.392998215,9531326.739850586,100,0.5362693667411804,1.6874582089285166,1.2992751881980642,0.665537949361469,,90.49321451043022,2.7147964353129064,3.9932276068921464,990442.7860021793,0.0,495221.39300108963,0.0
2020-06-12 17:00:00,36.84,0.0,idle,sin_restriccion,0.0,0.0,0.0,0.0,0.0,0.0,0.747952210566382,0.7479522105663816,266.824229486906,76.05546000380625,19252533.392998215,9531326.739850586,0,0.0,,,,,0.0,0.0,0.0,0.0,0.0,0.0,0.0
2020-06-12 18:00:00,48.36,0.0,idle,sin_restriccion,0.0,0.0,0.0,0.0,0.0,0.0,0.747952210566382,0.7479522105663816,266.824229486906,76.05546000380625,19252533.392998215,9531326.739850586,0,0.0,,,,,0.0,0.0,0.0,0.0,0.0,0.0,0.0
2020-06-12 19:00:00,62.19,74.0,discharge,above_max_power,73.78663957209876,0.0,73.78663957209876,0.0,4588.791114988822,4588.791114988822,0.6227509529327453,0.6227509529327451,225.50781446780596,64.16134052861078,16271373.618401237,8040746.852552097,106,1.5,0.49835364642159685,1.3004847601512972,,0.36834014772845236,79.2382297810339,3.169529191241356,0.0,0.0,2981159.774596979,0.0,1490579.8872984895
2020-06-12 20:00:00,61.38,74.0,discharge,above_max_power,73.21605557913686,0.0,73.21605557913686,0.0,4494.00149144742,4494.00149144742,0.4975496952991087,0.4975496952991085,184.19139944870588,52.267221053415305,13290213.843804259,6550166.965253608,106,1.5,0.49449993231926925,1.2966310460489696,,0.3654918137552848,78.62548923876382,3.145019569550553,0.0,0.0,2981159.774596979,0.0,1490579.8872984895
2020-06-12 21:00:00,53.74,0.0,idle,sin_restriccion,0.0,0.0,0.0,0.0,0.0,0.0,0.4975496952991087,0.4975496952991085,184.19139944870588,52.267221053415305,13290213.843804259,6550166.965253608,0,0.0,,,,,0.0,0.0,0.0,0.0,0.0,0.0,0.0
2020-06-12 22:00:00,48.47,0.0,idle,sin_restriccion,0.0,0.0,0.0,0.0,0.0,0.0,0.4975496952991087,0.4975496952991085,184.19139944870588,52.267221053415305,13290213.843804259,6550166.965253608,0,0.0,,,,,0.0,0.0,0.0,0.0,0.0,0.0,0.0
2020-06-12 23:00:00,48.47,0.0,idle,sin_restriccion,0.0,0.0,0.0,0.0,0.0,0.0,0.4975496952991087,0.4975496952991085,184.19139944870588,52.267221053415305,13290213.843804259,6550166.965253608,0,0.0,,,,,0.0,0.0,0.0,0.0,0.0,0.0,0.0
2020-06-13 00:00:00,36.25,0.0,idle,sin_restriccion,0.0,0.0,0.0,0.0,0.0,0.0,0.4975496952991087,0.4975496952991085,184.19139944870588,52.267221053415305,13290213.843804259,6550166.965253608,0,0.0,,,,,0.0,0.0,0.0,0.0,0.0,0.0,0.0
2020-06-13 01:00:00,31.45,-100.0,charge,ok,-99.99999836173214,99.99999836173214,0.0,3144.9999484764758,0.0,-3144.9999484764758,0.5393050460367227,0.5393050460367225,197.97066519211847,56.23397937348862,14284448.04197353,7047284.064338244,100,0.5383222043514252,1.6807556169688063,1.2919917451255896,0.668085622746855,,90.47880687026874,2.714364206108062,4.008513670810937,994234.1981692704,0.0,497117.0990846352,0.0
2020-06-13 02:00:00,30.85,-100.0,charge,ok,-100.00000027931308,100.00000027931308,0.0,3085.000008616809,0.0,-3085.000008616809,0.5810241323648031,0.5810241323648029,211.737963680385,60.19729257465626,15277818.750422375,7543969.4185626665,100,0.5378546729683876,1.6822776611744392,1.293646024324632,0.6675053793848571,,90.4820901293002,2.714462703879006,4.005032287495722,993370.7084488467,0.0,496685.35422442335,0.0
2020-06-13 03:00:00,30.15,-100.0,charge,ok,-100.00000305204698,100.00000305204698,0.0,3015.000092019216,0.0,-3015.000092019216,0.6227094876081676,0.6227094876081674,225.4941309106953,64.1574013227759,16270386.289998887,8040253.188350922,100,0.5374198019504547,1.683695774391581,1.2951871630966878,0.6669656635377275,,90.4851449618341,2.714554348855023,4.0017941033629985,992567.5395765121,0.0,496283.76978825603,0.0
2020-06-13 04:00:00,36.6,0.0,idle,sin_restriccion,0.0,0.0,0.0,0.0,0.0,0.0,0.6227094876081676,0.6227094876081674,225.4941309106953,64.1574013227759,16270386.289998887,8040253.188350922,0,0.0,,,,,0.0,0.0,0.0,0.0,0.0,0.0,0.0
2020-06-13 05:00:00,33.09,0.0,idle,sin_restriccion,0.0,0.0,0.0,0.0,0.0,0.0,0.6227094876081676,0.6227094876081674,225.4941309106953,64.1574013227759,16270386.289998887,8040253.188350922,0,0.0,,,,,0.0,0.0,0.0,0.0,0.0,0.0,0.0
2020-06-13 06:00:00,32.09,0.0,idle,sin_restriccion,0.0,0.0,0.0,0.0,0.0,0.0,0.6227094876081676,0.6227094876081674,225.4941309106953,64.1574013227759,16270386.289998887,8040253.188350922,0,0.0,,,,,0.0,0.0,0.0,0.0,0.0,0.0,0.0
2020-06-13 07:00:00,36.59,0.0,idle,sin_restriccion,0.0,0.0,0.0,0.0,0.0,0.0,0.6227094876081676,0.6227094876081674,225.4941309106953,64.1574013227759,16270386.289998887,8040253.188350922,0,0.0,,,,,0.0,0.0,0.0,0.0,0.0,0.0,0.0
2020-06-13 08:00:00,34.76,0.0,idle,sin_restriccion,0.0,0.0,0.0,0.0,0.0,0.0,0.6227094876081676,0.6227094876081674,225.4941309106953,64.1574013227759,16270386.289998887,8040253.188350922,0,0.0,,,,,0.0,0.0,0.0,0.0,0.0,0.0,0.0
2020-06-13 09:00:00,32.01,-100.0,charge,ok,-100.0000035470323,100.0000035470323,0.0,3201.000113540504,0.0,-3201.000113540504,0.6643633160298694,0.6643633160298692,239.2398942898569,68.11451502283757,17262203.14628085,8536161.616491904,100,0.5370133489370346,1.6850232563074425,1.2966296556163757,0.666461231107633,,90.4879981906447,2.714639945719341,3.9987675284833686,991816.8562819635,0.0,495908.42814098176,0.0
2020-06-13 10:00:00,32.01,-100.0,charge,ok,-100.00000768471901,100.00000768471901,0.0,3201.000245987855,0.0,-3201.000245987855,0.7059875559389326,0.7059875559389321,252.97589345984773,72.06881781419855,18253315.472230326,9031717.779466642,100,0.5366318851709366,1.686271016726687,1.2979853772454266,0.6659877873657198,,90.49067946151538,2.7147203838454614,3.9959270312700594,991112.3259494761,0.0,495556.16297473805,0.0
2020-06-13 11:00:00,32.72,-100.0,charge,ok,-100.00000718576761,100.00000718576761,0.0,3272.000235118316,0.0,-3272.000235118316,0.747583920259611,0.7475839202596106,266.7026936856716,76.02047242466301,19243764.054185882,9526942.07044442,100,0.5362725049257278,1.6874480890543981,1.2992641799110647,0.6655417813065682,,90.49320136493346,2.7147960409480034,3.9932509747851244,990448.5819555541,0.0,495224.29097777704,0.0
2020-06-13 12:00:00,34.48,0.0,idle,sin_restriccion,0.0,0.0,0.0,0.0,0.0,0.0,0.747583920259611,0.7475839202596106,266.7026936856716,76.02047242466301,19243764.054185882,9526942.07044442,0,0.0,,,,,0.0,0.0,0.0,0.0,0.0,0.0,0.0
2020-06-13 13:00:00,39.06,0.0,idle,sin_restriccion,0.0,0.0,0.0,0.0,0.0,0.0,0.747583920259611,0.7475839202596106,266.7026936856716,76.02047242466301,19243764.054185882,9526942.07044442,0,0.0,,,,,0.0,0.0,0.0,0.0,0.0,0.0,0.0
2020-06-13 14:00:00,33.64,0.0,idle,sin_restriccion,0.0,0.0,0.0,0.0,0.0,0.0,0.747583920259611,0.7475839202596106,266.7026936856716,76.02047242466301,19243764.054185882,9526942.07044442,0,0.0,,,,,0.0,0.0,0.0,0.0,0.0,0.0,0.0
2020-06-13 15:00:00,32.76,0.0,idle,sin_restriccion,0.0,0.0,0.0,0.0,0.0,0.0,0.747583920259611,0.7475839202596106,266.7026936856716,76.02047242466301,19243764.054185882,9526942.07044442,0,0.0,,,,,0.0,0.0,0.0,0.0,0.0,0.0,0.0
2020-06-13 16:00:00,32.62,0.0,idle,sin_restriccion,0.0,0.0,0.0,0.0,0.0,0.0,0.747583920259611,0.7475839202596106,266.7026936856716,76.02047242466301,19243764.054185882,9526942.07044442,0,0.0,,,,,0.0,0.0,0.0,0.0,0.0,0.0,0.0
2020-06-13 17:00:00,37.12,0.0,idle,sin_restriccion,0.0,0.0,0.0,0.0,0.0,0.0,0.747583920259611,0.7475839202596106,266.7026936856716,76.02047242466301,19243764.054185882,9526942.07044442,0,0.0,,,,,0.0,0.0,0.0,0.0,0.0,0.0,0.0
2020-06-13 18:00:00,51.99,0.0,idle,sin_restriccion,0.0,0.0,0.0,0.0,0.0,0.0,0.747583920259611,0.7475839202596106,266.7026936856716,76.02047242466301,19243764.054185882,9526942.07044442,0,0.0,,,,,0.0,0.0,0.0,0.0,0.0,0.0,0.0
2020-06-13 19:00:00,71.97,0.0,idle,sin_restriccion,0.0,0.0,0.0,0.0,0.0,0.0,0.747583920259611,0.7475839202596106,266.7026936856716,76.02047242466301,19243764.054185882,9526942.07044442,0,0.0,,,,,0.0,0.0,0.0,0.0,0.0,0.0,0.0
2020-06-13 20:00:00,74.19,74.0,discharge,above_max_power,73.78509484677375,0.0,73.78509484677375,0.0,5474.116186682144,5474.116186682144,0.6223826626259743,0.6223826626259741,225.38627866657154,64.12635294946753,16262604.279588904,8036362.183145931,106,1.5,0.4983432133743283,1.3004743271040287,,0.36833243651734804,79.23657092651821,3.1694628370607285,0.0,0.0,2981159.774596979,0.0,1490579.8872984895
2020-06-13 21:00:00,74.19,74.0,discharge,above_max_power,73.214226638782,0.0,73.214226638782,0.0,5431.763474331236,5431.763474331236,0.49718140499233776,0.49718140499233754,184.0698636474715,52.23223347427205,13281444.504991926,6545782.295847442,106,1.5,0.494487579688763,1.2966186934184634,,0.3654826837533711,78.62352517051332,3.144941006820533,0.0,0.0,2981159.774596979,0.0,1490579.8872984895
2020-06-13 22:00:00,74.19,0.0,idle,sin_restriccion,0.0,0.0,0.0,0.0,0.0,0.0,0.49718140499233776,0.49718140499233754,184.0698636474715,52.23223347427205,13281444.504991926,6545782.295847442,0,0.0,,,,,0.0,0.0,0.0,0.0,0.0,0.0,0.0
2020-06-13 23:00:00,66.84,0.0,idle,sin_restriccion,0.0,0.0,0.0,0.0,0.0,0.0,0.49718140499233776,0.49718140499233754,184.0698636474715,52.23223347427205,13281444.504991926,6545782.295847442,0,0.0,,,,,0.0,0.0,0.0,0.0,0.0,0.0,0.0
2020-06-14 00:00:00,59.36,0.0,idle,sin_restriccion,0.0,0.0,0.0,0.0,0.0,0.0,0.49718140499233776,0.49718140499233754,184.0698636474715,52.23223347427205,13281444.504991926,6545782.295847442,0,0.0,,,,,0.0,0.0,0.0,0.0,0.0,0.0,0.0
2020-06-14 01:00:00,58.33,0.0,idle,sin_restriccion,0.0,0.0,0.0,0.0,0.0,0.0,0.49718140499233776,0.49718140499233754,184.0698636474715,52.23223347427205,13281444.504991926,6545782.295847442,0,0.0,,,,,0.0,0.0,0.0,0.0,0.0,0.0,0.0
2020-06-14 02:00:00,39.46,0.0,idle,sin_restriccion,0.0,0.0,0.0,0.0,0.0,0.0,0.49718140499233776,0.49718140499233754,184.0698636474715,52.23223347427205,13281444.504991926,6545782.295847442,0,0.0,,,,,0.0,0.0,0.0,0.0,0.0,0.0,0.0
2020-06-14 03:00:00,37.62,0.0,idle,sin_restriccion,0.0,0.0,0.0,0.0,0.0,0.0,0.49718140499233776,0.49718140499233754,184.0698636474715,52.23223347427205,13281444.504991926,6545782.295847442,0,0.0,,,,,0.0,0.0,0.0,0.0,0.0,0.0,0.0
2020-06-14 04:00:00,32.09,0.0,idle,sin_restriccion,0.0,0.0,0.0,0.0,0.0,0.0,0.49718140499233776,0.49718140499233754,184.0698636474715,52.23223347427205,13281444.504991926,6545782.295847442,0,0.0,,,,,0.0,0.0,0.0,0.0,0.0,0.0,0.0
2020-06-14 05:00:00,31.27,0.0,idle,sin_restriccion,0.0,0.0,0.0,0.0,0.0,0.0,0.49718140499233776,0.49718140499233754,184.0698636474715,52.23223347427205,13281444.504991926,6545782.295847442,0,0.0,,,,,0.0,0.0,0.0,0.0,0.0,0.0,0.0
2020-06-14 06:00:00,30.19,0.0,idle,sin_restriccion,0.0,0.0,0.0,0.0,0.0,0.0,0.49718140499233776,0.49718140499233754,184.0698636474715,52.23223347427205,13281444.504991926,6545782.295847442,0,0.0,,,,,0.0,0.0,0.0,0.0,0.0,0.0,0.0
2020-06-14 07:00:00,29.1,-100.0,charge,ok,-100.0000021237668,100.0000021237668,0.0,2910.0000618016143,0.0,-2910.0000618016143,0.5389370892994116,0.5389370892994114,197.84923946880582,56.19902348344408,14275686.645763969,7042903.366233463,100,0.5383265048265455,1.6807416952610077,1.2919766072311254,0.6680909347244888,,90.47878023261012,2.7143634069783036,4.0085456934790935,994242.1407720434,0.0,497121.0703860217,0.0
2020-06-14 08:00:00,28.6,-100.0,charge,ok,-100.0000078712234,100.0000078712234,0.0,2860.0002251169894,0.0,-2860.0002251169894,0.580656486658475,0.5806564866584748,211.61664059729677,60.16236623255509,15269064.76015324,7539592.423428099,100,0.5378586828708648,1.682264729055817,1.293631957925719,0.6675103052037866,,90.4820691410074,2.714462074230222,4.005062146470085,993378.1143892703,0.0,496689.05719463516,0.0
2020-06-14 09:00:00,27.94,-100.0,charge,ok,-100.00000612036128,100.00000612036128,0.0,2794.000171002894,0.0,-2794.000171002894,0.6223421303943455,0.6223421303943453,225.37290303013407,64.12250238746279,16261639.169007827,8035879.627855392,100,0.5374235212802886,1.6836836901668422,1.295174026553883,0.6669702589529382,,90.48512174916547,2.7145536524749643,4.001821798643565,992574.4088545861,0.0,496287.20442729304,0.0
2020-06-14 10:00:00,29.75,-100.0,charge,ok,-100.00000704087712,100.00000704087712,0.0,2975.0002094660945,0.0,-2975.0002094660945,0.6639962292777717,0.6639962292777715,239.1187556616647,68.07964178138829,17253462.465237986,8531791.275970472,100,0.5370168358087539,1.6850119209827232,1.2966173335398379,0.6664655352097976,,90.48797701061721,2.7146393103185162,3.9987934928089026,991823.2962301582,0.0,495911.6481150791,0.0
2020-06-14 11:00:00,30.88,-100.0,charge,ok,-100.00000600116608,100.00000600116608,0.0,3088.000185316009,0.0,-3088.000185316009,0.7056207216177777,0.7056207216177772,252.85483813386656,72.03396855368884,18244580.80180578,9027350.444254369,100,0.5366351395845415,1.686260335151132,1.2979737745228412,0.6659918374728165,,90.49065503297032,2.7147196509891094,3.995951264640557,991118.3365677912,0.0,495559.1682838956,0.0
2020-06-14 12:00:00,30.88,-100.0,charge,ok,-99.99999564291271,99.99999564291271,0.0,3087.999865453144,0.0,-3087.999865453144,0.7472173203386171,0.7472173203386168,266.5817157117436,75.9856454321686,19235034.96504977,9522577.525876364,100,0.5362755268812178,1.6874379817613154,1.2992532171106244,0.6655456085318343,,90.49316927484283,2.7147950782452845,3.9932734772005865,990454.1632439895,0.0,495227.08162199473,0.0
2020-06-14 13:00:00,31.1,0.0,idle,sin_restriccion,0.0,0.0,0.0,0.0,0.0,0.0,0.7472173203386171,0.7472173203386168,266.5817157117436,75.9856454321686,19235034.96504977,9522577.525876364,0,0.0,,,,,0.0,0.0,0.0,0.0,0.0,0.0,0.0
2020-06-14 14:00:00,31.11,0.0,idle,sin_restriccion,0.0,0.0,0.0,0.0,0.0,0.0,0.7472173203386171,0.7472173203386168,266.5817157117436,75.9856454321686,19235034.96504977,9522577.525876364,0,0.0,,,,,0.0,0.0,0.0,0.0,0.0,0.0,0.0
2020-06-14 15:00:00,30.88,0.0,idle,sin_restriccion,0.0,0.0,0.0,0.0,0.0,0.0,0.7472173203386171,0.7472173203386168,266.5817157117436,75.9856454321686,19235034.96504977,9522577.525876364,0,0.0,,,,,0.0,0.0,0.0,0.0,0.0,0.0,0.0
2020-06-14 16:00:00,31.19,0.0,idle,sin_restriccion,0.0,0.0,0.0,0.0,0.0,0.0,0.7472173203386171,0.7472173203386168,266.5817157117436,75.9856454321686,19235034.96504977,9522577.525876364,0,0.0,,,,,0.0,0.0,0.0,0.0,0.0,0.0,0.0
2020-06-14 17:00:00,38.84,0.0,idle,sin_restriccion,0.0,0.0,0.0,0.0,0.0,0.0,0.7472173203386171,0.7472173203386168,266.5817157117436,75.9856454321686,19235034.96504977,9522577.525876364,0,0.0,,,,,0.0,0.0,0.0,0.0,0.0,0.0,0.0
2020-06-14 18:00:00,71.31,0.0,idle,sin_restriccion,0.0,0.0,0.0,0.0,0.0,0.0,0.7472173203386171,0.7472173203386168,266.5817157117436,75.9856454321686,19235034.96504977,9522577.525876364,0,0.0,,,,,0.0,0.0,0.0,0.0,0.0,0.0,0.0
2020-06-14 19:00:00,96.52,0.0,idle,sin_restriccion,0.0,0.0,0.0,0.0,0.0,0.0,0.7472173203386171,0.7472173203386168,266.5817157117436,75.9856454321686,19235034.96504977,9522577.525876364,0,0.0,,,,,0.0,0.0,0.0,0.0,0.0,0.0,0.0
2020-06-14 20:00:00,103.28,74.0,discharge,above_max_power,73.78355650987226,0.0,73.78355650987226,0.0,7620.3657163396065,7620.3657163396065,0.6220160627049804,0.6220160627049802,225.26530069264354,64.0915259569731,16253875.190452792,8031997.638577875,106,1.5,0.49833282347435814,1.3004639372040585,,0.3683247571970153,79.23491893242296,3.1693967572969184,0.0,0.0,2981159.774596979,0.0,1490579.8872984895
2020-06-14 21:00:00,102.11,74.0,discharge,above_max_power,73.21240510933387,0.0,73.21240510933387,0.0,7475.718685714081,7475.718685714081,0.4968148050713439,0.4968148050713437,183.94888567354351,52.19740648177764,13272715.415855814,6541417.751279386,106,1.5,0.4944752771113886,1.296606390841089,,0.365473590746427,78.62156906071078,3.1448627624284313,0.0,0.0,2981159.774596979,0.0,1490579.8872984895
2020-06-14 22:00:00,99.98,0.0,idle,sin_restriccion,0.0,0.0,0.0,0.0,0.0,0.0,0.4968148050713439,0.4968148050713437,183.94888567354351,52.19740648177764,13272715.415855814,6541417.751279386,0,0.0,,,,,0.0,0.0,0.0,0.0,0.0,0.0,0.0
2020-06-14 23:00:00,81.56,0.0,idle,sin_restriccion,0.0,0.0,0.0,0.0,0.0,0.0,0.4968148050713439,0.4968148050713437,183.94888567354351,52.19740648177764,13272715.415855814,6541417.751279386,0,0.0,,,,,0.0,0.0,0.0,0.0,0.0,0.0,0.0
2020-06-15 00:00:00,42.58,0.0,idle,sin_restriccion,0.0,0.0,0.0,0.0,0.0,0.0,0.4968148050713439,0.4968148050713437,183.94888567354351,52.19740648177764,13272715.415855814,6541417.751279386,0,0.0,,,,,0.0,0.0,0.0,0.0,0.0,0.0,0.0
2020-06-15 01:00:00,39.33,0.0,idle,sin_restriccion,0.0,0.0,0.0,0.0,0.0,0.0,0.4968148050713439,0.4968148050713437,183.94888567354351,52.19740648177764,13272715.415855814,6541417.751279386,0,0.0,,,,,0.0,0.0,0.0,0.0,0.0,0.0,0.0
2020-06-15 02:00:00,35.24,0.0,idle,sin_restriccion,0.0,0.0,0.0,0.0,0.0,0.0,0.4968148050713439,0.4968148050713437,183.94888567354351,52.19740648177764,13272715.415855814,6541417.751279386,0,0.0,,,,,0.0,0.0,0.0,0.0,0.0,0.0,0.0
2020-06-15 03:00:00,31.46,-100.0,charge,ok,-100.00000927128897,100.00000927128897,0.0,3146.000291674751,0.0,-3146.000291674751,0.5385708229478777,0.5385708229478775,197.7283715727997,56.164228180048354,14266965.49923063,7038542.792966794,100,0.5383308053016662,1.6807278330526256,1.2919615288387218,0.6680962240834105,,90.47875678601444,2.7143627035804334,4.0085777161472524,994250.0833748172,0.0,497125.0416874086,0.0
2020-06-15 04:00:00,31.46,-100.0,charge,ok,-100.00000690510225,100.00000690510225,0.0,3146.000217234517,0.0,-3146.000217234517,0.5802905268302286,0.5802905268302284,211.4958738539754,60.12760004887169,15260350.912227854,7535235.499465406,100,0.5378626346588136,1.6822518365017864,1.2936179475324956,0.6675152160250066,,90.48204049404787,2.7144612148214358,4.005091572705689,993385.4129972244,0.0,496692.7064986122,0.0
2020-06-15 05:00:00,31.46,-100.0,charge,ok,-100.000000434315,100.000000434315,0.0,3146.00001366355,0.0,-3146.00001366355,0.6219764545509097,0.6219764545509094,225.2522300018002,64.08776318233637,16252932.083028045,8031526.084865501,100,0.5374271824955941,1.683671642223229,1.2951609427366122,0.6669748406341243,,90.48509069277596,2.7145527207832787,4.001849061185376,992581.1708001907,0.0,496290.5854000953,0.0
2020-06-15 06:00:00,31.46,0.0,idle,sin_restriccion,0.0,0.0,0.0,0.0,0.0,0.0,0.6219764545509097,0.6219764545509094,225.2522300018002,64.08776318233637,16252932.083028045,8031526.084865501,0,0.0,,,,,0.0,0.0,0.0,0.0,0.0,0.0,0.0
2020-06-15 07:00:00,33.64,0.0,idle,sin_restriccion,0.0,0.0,0.0,0.0,0.0,0.0,0.6219764545509097,0.6219764545509094,225.2522300018002,64.08776318233637,16252932.083028045,8031526.084865501,0,0.0,,,,,0.0,0.0,0.0,0.0,0.0,0.0,0.0
2020-06-15 08:00:00,33.64,0.0,idle,sin_restriccion,0.0,0.0,0.0,0.0,0.0,0.0,0.6219764545509097,0.6219764545509094,225.2522300018002,64.08776318233637,16252932.083028045,8031526.084865501,0,0.0,,,,,0.0,0.0,0.0,0.0,0.0,0.0,0.0
2020-06-15 09:00:00,31.44,-100.0,charge,ok,-100.00000160414297,100.00000160414297,0.0,3144.000050434255,0.0,-3144.000050434255,0.6636308193883645,0.6636308193883643,238.99817039816025,68.0449278418946,17244761.711873926,8527440.899288442,100,0.5370202645659445,1.685000618997289,1.2966050612501532,0.6664698267081504,,90.48794782077046,2.714638434623114,3.998819024395676,991829.6288458827,0.0,495914.81442294136,0.0
2020-06-15 10:00:00,30.47,-100.0,charge,ok,-100.00000699402175,100.00000699402175,0.0,3047.0002131078427,0.0,-3047.0002131078427,0.7052555641593131,0.7052555641593128,252.7343361725733,71.99927859513471,18235886.059060033,9023003.072881496,100,0.5366383939981461,1.6862497007145463,1.29796221894075,0.6659958697552798,,90.49063312713086,2.714718993813926,3.9959754980110547,991124.347186106,0.0,495562.173593053,0.0
2020-06-15 11:00:00,31.93,-100.0,charge,ok,-99.99999841967126,99.99999841967126,0.0,3192.9999495401034,0.0,-3192.9999495401034,0.746852401788009,0.7468524017880087,266.46129259004294,75.95097816986082,19226345.910924926,9518232.998813942,100,0.5362786069512367,1.6874279357995816,1.299242299190823,0.6655494125770032,,90.49315027412005,2.7147945082236014,3.993296412354807,990459.8518648947,0.0,495229.92593244737,0.0
2020-06-15 12:00:00,31.93,0.0,idle,sin_restriccion,0.0,0.0,0.0,0.0,0.0,0.0,0.746852401788009,0.7468524017880087,266.46129259004294,75.95097816986082,19226345.910924926,9518232.998813942,0,0.0,,,,,0.0,0.0,0.0,0.0,0.0,0.0,0.0
2020-06-15 13:00:00,31.93,0.0,idle,sin_restriccion,0.0,0.0,0.0,0.0,0.0,0.0,0.746852401788009,0.7468524017880087,266.46129259004294,75.95097816986082,19226345.910924926,9518232.998813942,0,0.0,,,,,0.0,0.0,0.0,0.0,0.0,0.0,0.0
2020-06-15 14:00:00,32.25,0.0,idle,sin_restriccion,0.0,0.0,0.0,0.0,0.0,0.0,0.746852401788009,0.7468524017880087,266.46129259004294,75.95097816986082,19226345.910924926,9518232.998813942,0,0.0,,,,,0.0,0.0,0.0,0.0,0.0,0.0,0.0
2020-06-15 15:00:00,31.32,0.0,idle,sin_restriccion,0.0,0.0,0.0,0.0,0.0,0.0,0.746852401788009,0.7468524017880087,266.46129259004294,75.95097816986082,19226345.910924926,9518232.998813942,0,0.0,,,,,0.0,0.0,0.0,0.0,0.0,0.0,0.0
2020-06-15 16:00:00,45.38,0.0,idle,sin_restriccion,0.0,0.0,0.0,0.0,0.0,0.0,0.746852401788009,0.7468524017880087,266.46129259004294,75.95097816986082,19226345.910924926,9518232.998813942,0,0.0,,,,,0.0,0.0,0.0,0.0,0.0,0.0,0.0
2020-06-15 17:00:00,56.92,0.0,idle,sin_restriccion,0.0,0.0,0.0,0.0,0.0,0.0,0.746852401788009,0.7468524017880087,266.46129259004294,75.95097816986082,19226345.910924926,9518232.998813942,0,0.0,,,,,0.0,0.0,0.0,0.0,0.0,0.0,0.0
2020-06-15 18:00:00,79.32,74.0,discharge,above_max_power,73.78202453258727,0.0,73.78202453258727,0.0,5852.390185924822,5852.390185924822,0.6216511441543724,0.6216511441543722,225.14487757094287,64.05685869466534,16245186.136327948,8027653.111515453,106,1.5,0.49832247652712447,1.3004535902568248,,0.3683171096236505,79.23327376781279,3.169330950712512,0.0,0.0,2981159.774596979,0.0,1490579.8872984895
2020-06-15 19:00:00,79.9,74.0,discharge,above_max_power,73.21059095848503,0.0,73.21059095848503,0.0,5849.526217582954,5849.526217582954,0.4964498865207358,0.4964498865207356,183.82846255184282,52.16273921946988,13264026.36173097,6537073.224216964,106,1.5,0.49446302436894196,1.2965941380986423,,0.36546453457317474,78.61962087466176,3.1447848349864707,0.0,0.0,2981159.774596979,0.0,1490579.8872984895
2020-06-15 20:00:00,77.66,0.0,idle,sin_restriccion,0.0,0.0,0.0,0.0,0.0,0.0,0.4964498865207358,0.4964498865207356,183.82846255184282,52.16273921946988,13264026.36173097,6537073.224216964,0,0.0,,,,,0.0,0.0,0.0,0.0,0.0,0.0,0.0
2020-06-15 21:00:00,74.14,0.0,idle,sin_restriccion,0.0,0.0,0.0,0.0,0.0,0.0,0.4964498865207358,0.4964498865207356,183.82846255184282,52.16273921946988,13264026.36173097,6537073.224216964,0,0.0,,,,,0.0,0.0,0.0,0.0,0.0,0.0,0.0
2020-06-15 22:00:00,51.36,0.0,idle,sin_restriccion,0.0,0.0,0.0,0.0,0.0,0.0,0.4964498865207358,0.4964498865207356,183.82846255184282,52.16273921946988,13264026.36173097,6537073.224216964,0,0.0,,,,,0.0,0.0,0.0,0.0,0.0,0.0,0.0
2020-06-15 23:00:00,51.36,0.0,idle,sin_restriccion,0.0,0.0,0.0,0.0,0.0,0.0,0.4964498865207358,0.4964498865207356,183.82846255184282,52.16273921946988,13264026.36173097,6537073.224216964,0,0.0,,,,,0.0,0.0,0.0,0.0,0.0,0.0,0.0
2020-06-16 00:00:00,51.36,0.0,idle,sin_restriccion,0.0,0.0,0.0,0.0,0.0,0.0,0.4964498865207358,0.4964498865207356,183.82846255184282,52.16273921946988,13264026.36173097,6537073.224216964,0,0.0,,,,,0.0,0.0,0.0,0.0,0.0,0.0,0.0
2020-06-16 01:00:00,31.35,0.0,idle,sin_restriccion,0.0,0.0,0.0,0.0,0.0,0.0,0.4964498865207358,0.4964498865207356,183.82846255184282,52.16273921946988,13264026.36173097,6537073.224216964,0,0.0,,,,,0.0,0.0,0.0,0.0,0.0,0.0,0.0
2020-06-16 02:00:00,29.25,-100.0,charge,ok,-99.99999632252526,99.99999632252526,0.0,2924.999892433864,0.0,-2924.999892433864,0.5382062289513388,0.5382062289513386,197.60805555394185,56.129591750377166,14258284.173043622,7034202.12987329,100,0.5383349895477294,1.680713997227392,1.2919465097018432,0.6681015034589126,,90.47871521301306,2.7143614563903915,4.008608873337892,994257.8113126507,0.0,497128.90565632534,0.0
2020-06-16 03:00:00,28.4,-100.0,charge,ok,-100.00000909073697,100.00000909073697,0.0,2840.0002581769295,0.0,-2840.0002581769295,0.5799262393569773,0.5799262393569771,211.37565898780252,60.09299273891281,15251676.8846488,7530898.485675879,100,0.5378665864467621,1.6822389993693814,1.2936039925631353,0.6675201058077186,,90.48201481784258,2.7144604445352774,4.005120998941293,993392.7116051783,0.0,496696.35580258915,0.0
2020-06-16 04:00:00,28.8,-100.0,charge,ok,-99.99999772290906,99.99999772290906,0.0,2879.999934419781,0.0,-2879.999934419781,0.6216124510624689,0.6216124510624687,225.1321088506147,64.0531828509345,16244264.817394596,8027192.452048777,100,0.5374308437108992,1.6836596466143914,1.2951479112560413,0.6669794024755918,,90.48506244019669,2.7145518732059006,4.001876323727186,992587.9327457949,0.0,496293.96637289744,0.0
2020-06-16 05:00:00,29.43,0.0,idle,sin_restriccion,0.0,0.0,0.0,0.0,0.0,0.0,0.6216124510624689,0.6216124510624687,225.1321088506147,64.0531828509345,16244264.817394596,8027192.452048777,0,0.0,,,,,0.0,0.0,0.0,0.0,0.0,0.0,0.0
2020-06-16 06:00:00,33.36,0.0,idle,sin_restriccion,0.0,0.0,0.0,0.0,0.0,0.0,0.6216124510624689,0.6216124510624687,225.1321088506147,64.0531828509345,16244264.817394596,8027192.452048777,0,0.0,,,,,0.0,0.0,0.0,0.0,0.0,0.0,0.0
2020-06-16 07:00:00,46.57,0.0,idle,sin_restriccion,0.0,0.0,0.0,0.0,0.0,0.0,0.6216124510624689,0.6216124510624687,225.1321088506147,64.0531828509345,16244264.817394596,8027192.452048777,0,0.0,,,,,0.0,0.0,0.0,0.0,0.0,0.0,0.0
2020-06-16 08:00:00,41.69,0.0,idle,sin_restriccion,0.0,0.0,0.0,0.0,0.0,0.0,0.6216124510624689,0.6216124510624687,225.1321088506147,64.0531828509345,16244264.817394596,8027192.452048777,0,0.0,,,,,0.0,0.0,0.0,0.0,0.0,0.0,0.0
2020-06-16 09:00:00,31.93,0.0,idle,sin_restriccion,0.0,0.0,0.0,0.0,0.0,0.0,0.6216124510624689,0.6216124510624687,225.1321088506147,64.0531828509345,16244264.817394596,8027192.452048777,0,0.0,,,,,0.0,0.0,0.0,0.0,0.0,0.0,0.0
2020-06-16 10:00:00,34.1,0.0,idle,sin_restriccion,0.0,0.0,0.0,0.0,0.0,0.0,0.6216124510624689,0.6216124510624687,225.1321088506147,64.0531828509345,16244264.817394596,8027192.452048777,0,0.0,,,,,0.0,0.0,0.0,0.0,0.0,0.0,0.0
2020-06-16 11:00:00,36.01,0.0,idle,sin_restriccion,0.0,0.0,0.0,0.0,0.0,0.0,0.6216124510624689,0.6216124510624687,225.1321088506147,64.0531828509345,16244264.817394596,8027192.452048777,0,0.0,,,,,0.0,0.0,0.0,0.0,0.0,0.0,0.0
2020-06-16 12:00:00,35.67,0.0,idle,sin_restriccion,0.0,0.0,0.0,0.0,0.0,0.0,0.6216124510624689,0.6216124510624687,225.1321088506147,64.0531828509345,16244264.817394596,8027192.452048777,0,0.0,,,,,0.0,0.0,0.0,0.0,0.0,0.0,0.0
2020-06-16 13:00:00,32.64,-100.0,charge,ok,-99.99999898319258,99.99999898319258,0.0,3263.999966811406,0.0,-3263.999966811406,0.6632670818539528,0.6632670818539526,238.8781370118044,68.01037277612548,17236100.778856203,8523110.43277958,100,0.5370236933231353,1.6849893665781404,1.2965928385284442,0.6664740994404996,,90.48792128500031,2.714637638550009,3.9988445559824495,991835.9614616071,0.0,495917.98073080357,0.0
2020-06-16 14:00:00,32.64,-100.0,charge,ok,-99.99999889365782,99.99999889365782,0.0,3263.9999638889913,0.0,-3263.9999638889913,0.7048920745481485,0.7048920745481482,252.61438460088897,71.96474708207406,18227231.029328153,9018675.558015555,100,0.5366415902972221,1.6862390968999068,1.2979507104311163,0.66599989047537,,90.49060305817176,2.7147180917451528,3.995999298642794,991130.2504719511,0.0,495565.12523597555,0.0
2020-06-16 15:00:00,32.64,-100.0,charge,ok,-100.00000373176003,100.00000373176003,0.0,3264.0001218046473,0.0,-3264.0001218046473,0.7464891510847008,0.7464891510847005,266.3414198579513,75.91646935304654,19217696.56981395,9513908.328258455,100,0.5362816870212553,1.6874179345143259,1.2992314259488682,0.6655531997479895,,90.49313366312649,2.7147940098937946,3.993319347509027,990465.5404857997,0.0,495232.77024289983,0.0
2020-06-16 16:00:00,35.06,0.0,idle,sin_restriccion,0.0,0.0,0.0,0.0,0.0,0.0,0.7464891510847008,0.7464891510847005,266.3414198579513,75.91646935304654,19217696.56981395,9513908.328258455,0,0.0,,,,,0.0,0.0,0.0,0.0,0.0,0.0,0.0
2020-06-16 17:00:00,40.03,0.0,idle,sin_restriccion,0.0,0.0,0.0,0.0,0.0,0.0,0.7464891510847008,0.7464891510847005,266.3414198579513,75.91646935304654,19217696.56981395,9513908.328258455,0,0.0,,,,,0.0,0.0,0.0,0.0,0.0,0.0,0.0
2020-06-16 18:00:00,62.56,74.0,discharge,above_max_power,73.78049886707883,0.0,73.78049886707883,0.0,4615.708009124452,4615.708009124452,0.6212878934510642,0.6212878934510639,225.0250048388512,64.02234987785107,16236536.795216974,8023328.440959966,106,1.5,0.49831217220951685,1.3004432859392172,,0.36830949355843845,79.23163538131318,3.1692654152525273,0.0,0.0,2981159.774596979,0.0,1490579.8872984895
2020-06-16 19:00:00,72.58,74.0,discharge,above_max_power,73.20878413136943,0.0,73.20878413136943,0.0,5313.493552254793,5313.493552254793,0.4960866358174276,0.4960866358174274,183.70858981975113,52.1282304026556,13255377.020619996,6532748.553661477,106,1.5,0.4944508210908588,1.2965819348205592,,0.3654555149597252,78.61768055344656,3.1447072221378627,0.0,0.0,2981159.774596979,0.0,1490579.8872984895
2020-06-16 20:00:00,51.89,0.0,idle,sin_restriccion,0.0,0.0,0.0,0.0,0.0,0.0,0.4960866358174276,0.4960866358174274,183.70858981975113,52.1282304026556,13255377.020619996,6532748.553661477,0,0.0,,,,,0.0,0.0,0.0,0.0,0.0,0.0,0.0
2020-06-16 21:00:00,40.41,0.0,idle,sin_restriccion,0.0,0.0,0.0,0.0,0.0,0.0,0.4960866358174276,0.4960866358174274,183.70858981975113,52.1282304026556,13255377.020619996,6532748.553661477,0,0.0,,,,,0.0,0.0,0.0,0.0,0.0,0.0,0.0
2020-06-16 22:00:00,36.17,0.0,idle,sin_restriccion,0.0,0.0,0.0,0.0,0.0,0.0,0.4960866358174276,0.4960866358174274,183.70858981975113,52.1282304026556,13255377.020619996,6532748.553661477,0,0.0,,,,,0.0,0.0,0.0,0.0,0.0,0.0,0.0
2020-06-16 23:00:00,36.17,0.0,idle,sin_restriccion,0.0,0.0,0.0,0.0,0.0,0.0,0.4960866358174276,0.4960866358174274,183.70858981975113,52.1282304026556,13255377.020619996,6532748.553661477,0,0.0,,,,,0.0,0.0,0.0,0.0,0.0,0.0,0.0
2020-06-17 00:00:00,30.87,0.0,idle,sin_restriccion,0.0,0.0,0.0,0.0,0.0,0.0,0.4960866358174276,0.4960866358174274,183.70858981975113,52.1282304026556,13255377.020619996,6532748.553661477,0,0.0,,,,,0.0,0.0,0.0,0.0,0.0,0.0,0.0
2020-06-17 01:00:00,28.87,0.0,idle,sin_restriccion,0.0,0.0,0.0,0.0,0.0,0.0,0.4960866358174276,0.4960866358174274,183.70858981975113,52.1282304026556,13255377.020619996,6532748.553661477,0,0.0,,,,,0.0,0.0,0.0,0.0,0.0,0.0,0.0
2020-06-17 02:00:00,28.83,0.0,idle,sin_restriccion,0.0,0.0,0.0,0.0,0.0,0.0,0.4960866358174276,0.4960866358174274,183.70858981975113,52.1282304026556,13255377.020619996,6532748.553661477,0,0.0,,,,,0.0,0.0,0.0,0.0,0.0,0.0,0.0
2020-06-17 03:00:00,28.66,-100.0,charge,ok,-99.99999845469641,99.99999845469641,0.0,2865.9999557115993,0.0,-2865.9999557115993,0.5378433073097952,0.537843307309795,197.48829141223246,56.095114194430515,14249642.66720295,7029881.376952954,100,0.5383392319083214,1.6807002366564945,1.2919315493869725,0.6681067542021596,,90.47868744697914,2.714360623409374,4.008640463267292,994265.6465829543,0.0,497132.82329147717,0.0
2020-06-17 04:00:00,28.7,-100.0,charge,ok,-99.9999909490601,99.9999909490601,0.0,2869.999740238025,0.0,-2869.999740238025,0.5795636152233304,0.5795636152233302,211.25599302369906,60.05854344621636,15243042.462751143,7526581.27472705,100,0.5378704220056534,1.6822261848881221,1.2935900931246176,0.6675249870338485,,90.48197079747344,2.714459123924203,4.00514955969938,993399.7955481922,0.0,496699.8977740961,0.0
2020-06-17 05:00:00,28.7,-100.0,charge,ok,-100.0000097239908,100.0000097239908,0.0,2870.000279078536,0.0,-2870.000279078536,0.6212501154213279,0.6212501154213277,225.0125380890382,64.01876096502612,16235637.264775012,8022878.675738985,100,0.5374345630407331,1.6836477195538904,1.295134931883368,0.6669839383105022,,90.48504764729721,2.714551429418916,4.001904019007753,992594.802023869,0.0,496297.4010119345,0.0
2020-06-17 06:00:00,28.7,-100.0,charge,ok,-99.99999917419014,99.99999917419014,0.0,2869.999976299257,0.0,-2869.999976299257,0.6629050121668407,0.6629050121668405,238.75865401505746,67.97597615584985,17227479.558852345,8518799.822777651,100,0.5370271220803261,1.6849781636570023,1.2965806653064358,0.666478353432048,,90.48789739969126,2.7146369219907376,3.998870087569224,991842.2940773321,0.0,495921.14703866607,0.0
2020-06-17 07:00:00,29.05,-100.0,charge,ok,-99.99999346214614,99.99999346214614,0.0,2904.9998100753455,0.0,-2904.9998100753455,0.7045302527842837,0.7045302527842835,252.49498341881363,71.93037401450692,18218615.71261014,9014367.89965655,100,0.5366447865962983,1.686228540087714,1.2979392489254002,0.6660038934214499,,90.49057550479588,2.7147172651438765,3.996023099274532,991136.1537577963,0.0,495568.07687889814,0.0
2020-06-17 08:00:00,29.93,-100.0,charge,ok,-99.99999981044176,99.99999981044176,0.0,2992.999994326522,0.0,-2992.999994326522,0.7461275637209972,0.7461275637209969,266.222096027929,75.88211855349469,19209086.834384374,9509603.460543666,100,0.5362847089767455,1.687407961519944,1.2992205974511297,0.665556976249033,,90.49310875687665,2.7147932627062996,3.99334184992449,990471.1217742352,0.0,495235.5608871176,0.0
2020-06-17 09:00:00,31.51,0.0,idle,sin_restriccion,0.0,0.0,0.0,0.0,0.0,0.0,0.7461275637209972,0.7461275637209969,266.222096027929,75.88211855349469,19209086.834384374,9509603.460543666,0,0.0,,,,,0.0,0.0,0.0,0.0,0.0,0.0,0.0
2020-06-17 10:00:00,32.12,0.0,idle,sin_restriccion,0.0,0.0,0.0,0.0,0.0,0.0,0.7461275637209972,0.7461275637209969,266.222096027929,75.88211855349469,19209086.834384374,9509603.460543666,0,0.0,,,,,0.0,0.0,0.0,0.0,0.0,0.0,0.0
2020-06-17 11:00:00,33.53,0.0,idle,sin_restriccion,0.0,0.0,0.0,0.0,0.0,0.0,0.7461275637209972,0.7461275637209969,266.222096027929,75.88211855349469,19209086.834384374,9509603.460543666,0,0.0,,,,,0.0,0.0,0.0,0.0,0.0,0.0,0.0
2020-06-17 12:00:00,34.18,0.0,idle,sin_restriccion,0.0,0.0,0.0,0.0,0.0,0.0,0.7461275637209972,0.7461275637209969,266.222096027929,75.88211855349469,19209086.834384374,9509603.460543666,0,0.0,,,,,0.0,0.0,0.0,0.0,0.0,0.0,0.0
2020-06-17 13:00:00,34.18,0.0,idle,sin_restriccion,0.0,0.0,0.0,0.0,0.0,0.0,0.7461275637209972,0.7461275637209969,266.222096027929,75.88211855349469,19209086.834384374,9509603.460543666,0,0.0,,,,,0.0,0.0,0.0,0.0,0.0,0.0,0.0
2020-06-17 14:00:00,34.18,0.0,idle,sin_restriccion,0.0,0.0,0.0,0.0,0.0,0.0,0.7461275637209972,0.7461275637209969,266.222096027929,75.88211855349469,19209086.834384374,9509603.460543666,0,0.0,,,,,0.0,0.0,0.0,0.0,0.0,0.0,0.0
2020-06-17 15:00:00,33.96,0.0,idle,sin_restriccion,0.0,0.0,0.0,0.0,0.0,0.0,0.7461275637209972,0.7461275637209969,266.222096027929,75.88211855349469,19209086.834384374,9509603.460543666,0,0.0,,,,,0.0,0.0,0.0,0.0,0.0,0.0,0.0
2020-06-17 16:00:00,33.4,0.0,idle,sin_restriccion,0.0,0.0,0.0,0.0,0.0,0.0,0.7461275637209972,0.7461275637209969,266.222096027929,75.88211855349469,19209086.834384374,9509603.460543666,0,0.0,,,,,0.0,0.0,0.0,0.0,0.0,0.0,0.0
2020-06-17 17:00:00,33.43,0.0,idle,sin_restriccion,0.0,0.0,0.0,0.0,0.0,0.0,0.7461275637209972,0.7461275637209969,266.222096027929,75.88211855349469,19209086.834384374,9509603.460543666,0,0.0,,,,,0.0,0.0,0.0,0.0,0.0,0.0,0.0
2020-06-17 18:00:00,38.87,0.0,idle,sin_restriccion,0.0,0.0,0.0,0.0,0.0,0.0,0.7461275637209972,0.7461275637209969,266.222096027929,75.88211855349469,19209086.834384374,9509603.460543666,0,0.0,,,,,0.0,0.0,0.0,0.0,0.0,0.0,0.0
2020-06-17 19:00:00,84.82,74.0,discharge,above_max_power,73.77897950326748,0.0,73.77897950326748,0.0,6257.933041467147,6257.933041467147,0.6209263060873605,0.6209263060873603,224.905681008829,63.987999078299225,16227927.059787396,8019023.573245177,106,1.5,0.49830191045345884,1.3004330241831592,,0.36830190895106274,79.23000376209995,3.169200150483998,0.0,0.0,2981159.774596979,0.0,1490579.8872984895
2020-06-17 20:00:00,93.49,74.0,discharge,above_max_power,73.20698461782156,0.0,73.20698461782156,0.0,6844.120991920137,6844.120991920137,0.49572504845372395,0.4957250484537237,183.58926598972894,52.093879603103744,13246767.285190418,6528443.685946688,106,1.5,0.4944386672084816,1.296569780938182,,0.36544653185533255,78.61574808614859,3.1446299234459434,0.0,0.0,2981159.774596979,0.0,1490579.8872984895
2020-06-17 21:00:00,74.28,0.0,idle,sin_restriccion,0.0,0.0,0.0,0.0,0.0,0.0,0.49572504845372395,0.4957250484537237,183.58926598972894,52.093879603103744,13246767.285190418,6528443.685946688,0,0.0,,,,,0.0,0.0,0.0,0.0,0.0,0.0,0.0
2020-06-17 22:00:00,37.38,0.0,idle,sin_restriccion,0.0,0.0,0.0,0.0,0.0,0.0,0.49572504845372395,0.4957250484537237,183.58926598972894,52.093879603103744,13246767.285190418,6528443.685946688,0,0.0,,,,,0.0,0.0,0.0,0.0,0.0,0.0,0.0
2020-06-17 23:00:00,35.73,0.0,idle,sin_restriccion,0.0,0.0,0.0,0.0,0.0,0.0,0.49572504845372395,0.4957250484537237,183.58926598972894,52.093879603103744,13246767.285190418,6528443.685946688,0,0.0,,,,,0.0,0.0,0.0,0.0,0.0,0.0,0.0
2020-06-18 00:00:00,35.73,74.0,discharge,above_max_power,72.51803800739165,0.0,72.51803800739165,0.0,2591.0694980041035,2591.0694980041035,0.37052379082008735,0.37052379082008713,142.2728509706288,40.19976012790828,10265607.51059344,5037863.798648199,106,1.5,0.4897855341007996,1.2919166478305,,0.3620073361183481,77.87589992202713,3.1150359968810855,0.0,0.0,2981159.774596979,0.0,1490579.8872984895
2020-06-18 01:00:00,29.72,0.0,idle,sin_restriccion,0.0,0.0,0.0,0.0,0.0,0.0,0.37052379082008735,0.37052379082008713,142.2728509706288,40.19976012790828,10265607.51059344,5037863.798648199,0,0.0,,,,,0.0,0.0,0.0,0.0,0.0,0.0,0.0
2020-06-18 02:00:00,28.57,-100.0,charge,ok,-99.99999061047325,99.99999061047325,0.0,2856.999731741221,0.0,-2856.999731741221,0.4124095401703781,0.41240954017037784,156.09514825622477,44.17890631618588,11262946.622452259,5536533.354577608,100,0.5400033414363861,1.6753044521170584,1.286065350963715,0.6701720525306363,,90.46700020664656,2.7140100061993966,4.021031937627912,997339.1118588191,0.0,498669.5559294096,0.0
2020-06-18 03:00:00,28.57,-100.0,charge,ok,-100.00000523239132,100.00000523239132,0.0,2857.00014948942,0.0,-2857.00014948942,0.4542483644115024,0.4542483644115022,169.90196025579579,48.1535946190927,12259168.403299317,6034644.245001137,100,0.5393983691930768,1.6772623956707768,1.2881942636749528,0.669421152831255,,90.47126009336903,2.7141378028010705,4.016527127147936,996221.7808470583,0.0,498110.89042352914,0.0
2020-06-18 04:00:00,28.57,-100.0,charge,ok,-99.99999598797753,99.99999598797753,0.0,2856.999885376518,0.0,-2856.999885376518,0.49604439259245137,0.49604439259245114,183.694649555509,52.12421729628285,13254371.169677053,6532245.628190005,100,0.5388466298580169,1.6790514934397478,1.2901393320494834,0.668736477725041,,90.47512385980782,2.714253715794235,4.0124187053711,995202.7663777358,0.0,497601.3831888679,0.0
2020-06-18 05:00:00,28.57,-100.0,charge,ok,-100.00000465756231,100.00000465756231,0.0,2857.0001330665555,0.0,-2857.0001330665555,0.5378011046540776,0.5378011046540774,197.47436453584558,56.09110494213735,14248637.782252235,7029378.934477597,100,0.5383397549390794,1.680698644165281,1.2919298089822966,0.6681073618685035,,90.47868962263804,2.7143606886791414,4.008644357916121,994266.6125751834,0.0,497133.3062875917,0.0
2020-06-18 06:00:00,28.63,-100.0,charge,ok,-99.99999262530831,99.99999262530831,0.0,2862.9997888625767,0.0,-2862.9997888625767,0.579521448629176,0.5795214486291758,211.24207804762807,60.054537619771686,15242038.436460186,7526079.261581572,100,0.5378708869218827,1.6822246995402281,1.2935884762668959,0.6675255528295265,,90.48196911436001,2.7144590734308003,4.00515302160945,993400.6542079514,0.0,496700.3271039757,0.0
2020-06-18 07:00:00,28.79,-100.0,charge,ok,-99.99999414644219,99.99999414644219,0.0,2878.9998314760705,0.0,-2878.9998314760705,0.6212079758733459,0.6212079758733456,224.9986320382042,64.01475770796782,16234633.882478874,8022376.984590916,100,0.5374349117279051,1.6836463084638142,1.2951334221391275,0.6669844749490397,,90.48503051702636,2.7145509155107908,4.001906615440308,992595.4460186885,0.0,496297.72300934425,0.0
2020-06-18 08:00:00,29.2,0.0,idle,sin_restriccion,0.0,0.0,0.0,0.0,0.0,0.0,0.6212079758733459,0.6212079758733456,224.9986320382042,64.01475770796782,16234633.882478874,8022376.984590916,0,0.0,,,,,0.0,0.0,0.0,0.0,0.0,0.0,0.0
2020-06-18 09:00:00,29.55,0.0,idle,sin_restriccion,0.0,0.0,0.0,0.0,0.0,0.0,0.6212079758733459,0.6212079758733456,224.9986320382042,64.01475770796782,16234633.882478874,8022376.984590916,0,0.0,,,,,0.0,0.0,0.0,0.0,0.0,0.0,0.0
2020-06-18 10:00:00,31.64,0.0,idle,sin_restriccion,0.0,0.0,0.0,0.0,0.0,0.0,0.6212079758733459,0.6212079758733456,224.9986320382042,64.01475770796782,16234633.882478874,8022376.984590916,0,0.0,,,,,0.0,0.0,0.0,0.0,0.0,0.0,0.0
2020-06-18 11:00:00,32.98,0.0,idle,sin_restriccion,0.0,0.0,0.0,0.0,0.0,0.0,0.6212079758733459,0.6212079758733456,224.9986320382042,64.01475770796782,16234633.882478874,8022376.984590916,0,0.0,,,,,0.0,0.0,0.0,0.0,0.0,0.0,0.0
2020-06-18 12:00:00,33.75,0.0,idle,sin_restriccion,0.0,0.0,0.0,0.0,0.0,0.0,0.6212079758733459,0.6212079758733456,224.9986320382042,64.01475770796782,16234633.882478874,8022376.984590916,0,0.0,,,,,0.0,0.0,0.0,0.0,0.0,0.0,0.0
2020-06-18 13:00:00,31.82,0.0,idle,sin_restriccion,0.0,0.0,0.0,0.0,0.0,0.0,0.6212079758733459,0.6212079758733456,224.9986320382042,64.01475770796782,16234633.882478874,8022376.984590916,0,0.0,,,,,0.0,0.0,0.0,0.0,0.0,0.0,0.0
2020-06-18 14:00:00,32.21,0.0,idle,sin_restriccion,0.0,0.0,0.0,0.0,0.0,0.0,0.6212079758733459,0.6212079758733456,224.9986320382042,64.01475770796782,16234633.882478874,8022376.984590916,0,0.0,,,,,0.0,0.0,0.0,0.0,0.0,0.0,0.0
2020-06-18 15:00:00,32.11,0.0,idle,sin_restriccion,0.0,0.0,0.0,0.0,0.0,0.0,0.6212079758733459,0.6212079758733456,224.9986320382042,64.01475770796782,16234633.882478874,8022376.984590916,0,0.0,,,,,0.0,0.0,0.0,0.0,0.0,0.0,0.0
2020-06-18 16:00:00,31.62,0.0,idle,sin_restriccion,0.0,0.0,0.0,0.0,0.0,0.0,0.6212079758733459,0.6212079758733456,224.9986320382042,64.01475770796782,16234633.882478874,8022376.984590916,0,0.0,,,,,0.0,0.0,0.0,0.0,0.0,0.0,0.0
2020-06-18 17:00:00,31.66,0.0,idle,sin_restriccion,0.0,0.0,0.0,0.0,0.0,0.0,0.6212079758733459,0.6212079758733456,224.9986320382042,64.01475770796782,16234633.882478874,8022376.984590916,0,0.0,,,,,0.0,0.0,0.0,0.0,0.0,0.0,0.0
2020-06-18 18:00:00,33.92,0.0,idle,sin_restriccion,0.0,0.0,0.0,0.0,0.0,0.0,0.6212079758733459,0.6212079758733456,224.9986320382042,64.01475770796782,16234633.882478874,8022376.984590916,0,0.0,,,,,0.0,0.0,0.0,0.0,0.0,0.0,0.0
2020-06-18 19:00:00,35.62,74.0,discharge,above_max_power,73.20838648766605,0.0,73.20838648766605,0.0,2607.6827266906644,2607.6827266906644,0.49600671823970927,0.49600671823970904,183.68221701910406,52.12063823277235,13253474.107881896,6531797.097292427,106,1.5,0.49444813541238497,1.2965792491420853,,0.36545352993721575,78.61725353056922,3.144690141222769,0.0,0.0,2981159.774596979,0.0,1490579.8872984895
2020-06-18 20:00:00,35.62,0.0,idle,sin_restriccion,0.0,0.0,0.0,0.0,0.0,0.0,0.49600671823970927,0.49600671823970904,183.68221701910406,52.12063823277235,13253474.107881896,6531797.097292427,0,0.0,,,,,0.0,0.0,0.0,0.0,0.0,0.0,0.0
2020-06-18 21:00:00,35.62,0.0,idle,sin_restriccion,0.0,0.0,0.0,0.0,0.0,0.0,0.49600671823970927,0.49600671823970904,183.68221701910406,52.12063823277235,13253474.107881896,6531797.097292427,0,0.0,,,,,0.0,0.0,0.0,0.0,0.0,0.0,0.0
2020-06-18 22:00:00,32.14,0.0,idle,sin_restriccion,0.0,0.0,0.0,0.0,0.0,0.0,0.49600671823970927,0.49600671823970904,183.68221701910406,52.12063823277235,13253474.107881896,6531797.097292427,0,0.0,,,,,0.0,0.0,0.0,0.0,0.0,0.0,0.0
2020-06-18 23:00:00,30.73,0.0,idle,sin_restriccion,0.0,0.0,0.0,0.0,0.0,0.0,0.49600671823970927,0.49600671823970904,183.68221701910406,52.12063823277235,13253474.107881896,6531797.097292427,0,0.0,,,,,0.0,0.0,0.0,0.0,0.0,0.0,0.0
2020-06-19 00:00:00,29.1,0.0,idle,sin_restriccion,0.0,0.0,0.0,0.0,0.0,0.0,0.49600671823970927,0.49600671823970904,183.68221701910406,52.12063823277235,13253474.107881896,6531797.097292427,0,0.0,,,,,0.0,0.0,0.0,0.0,0.0,0.0,0.0
2020-06-19 01:00:00,28.53,0.0,idle,sin_restriccion,0.0,0.0,0.0,0.0,0.0,0.0,0.49600671823970927,0.49600671823970904,183.68221701910406,52.12063823277235,13253474.107881896,6531797.097292427,0,0.0,,,,,0.0,0.0,0.0,0.0,0.0,0.0,0.0
2020-06-19 02:00:00,28.35,-100.0,charge,ok,-100.00000987096604,100.00000987096604,0.0,2835.0002798418873,0.0,-2835.0002798418873,0.5377634663628987,0.5377634663628985,197.4619438997566,56.087529304475346,14247741.579116838,7028930.832909898,100,0.5383402198553084,1.68069722336302,1.2919282567014352,0.6681079040223276,,90.47869127354546,2.7143607382063637,4.008647819826192,994267.4712349424,0.0,497133.7356174712,0.0
2020-06-19 03:00:00,28.35,-100.0,charge,ok,-100.00000427465429,100.00000427465429,0.0,2835.000121186449,0.0,-2835.000121186449,0.5794838463995605,0.5794838463995603,211.229669311855,60.050965407958216,15241143.09198455,7525631.589343754,100,0.537871351838112,1.682223388964473,1.2935870341813442,0.667526052052156,,90.48197683160112,2.7144593049480332,4.005156483519522,993401.5128677109,0.0,496700.75643385545,0.0
2020-06-19 04:00:00,28.35,-100.0,charge,ok,-99.9999996328976,99.9999996328976,0.0,2834.999989592647,0.0,-2834.999989592647,0.6211704051975981,0.6211704051975979,224.9862337152074,64.0111884937718,16233739.289330527,8021929.6880167425,100,0.5374353185296058,1.6836450771555866,1.295132075734397,0.666984943217121,,90.48503283319154,2.714550984995746,4.00190964461162,992596.1973459779,0.0,496298.09867298894,0.0
2020-06-19 05:00:00,28.35,-100.0,charge,ok,-99.99999940754307,99.99999940754307,0.0,2834.999983203846,0.0,-2834.999983203846,0.6628253605431511,0.6628253605431509,238.7323689792399,67.96840925159934,17225582.978729967,8517851.532716462,100,0.5370278775691986,1.6849756985930613,1.296577986447615,0.6664792894774509,,90.48789231711095,2.714636769513328,3.998875713173089,991843.6893994409,0.0,495921.84469972044,0.0
2020-06-19 06:00:00,28.35,-100.0,charge,ok,-99.9999910523651,99.9999910523651,0.0,2834.9997463345508,0.0,-2834.9997463345508,0.704450655252939,0.7044506552529388,252.46871623346988,71.92281224902916,18216720.4204774,9013420.25359018,100,0.5366454839706422,1.6862262152887353,1.2979367267389392,0.6660047749482821,,90.49056833876077,2.714717050162823,3.9960282921396386,991137.441747435,0.0,495568.7208737175,0.0
2020-06-19 07:00:00,29.17,-100.0,charge,ok,-100.00000550581964,100.00000550581964,0.0,2917.000160604759,0.0,-2917.000160604759,0.7460480202819973,0.746048020281997,266.1958466930591,75.87456192678971,19207192.830241274,9508656.458472116,100,0.5362854063510895,1.6874057760819927,1.2992182145895137,0.6655578038205205,,90.49310923053069,2.7147932769159207,3.9933470427895976,990472.4097638744,0.0,495236.2048819372,0.0
2020-06-19 08:00:00,28.9,0.0,idle,sin_restriccion,0.0,0.0,0.0,0.0,0.0,0.0,0.7460480202819973,0.746048020281997,266.1958466930591,75.87456192678971,19207192.830241274,9508656.458472116,0,0.0,,,,,0.0,0.0,0.0,0.0,0.0,0.0,0.0
2020-06-19 09:00:00,30.24,0.0,idle,sin_restriccion,0.0,0.0,0.0,0.0,0.0,0.0,0.7460480202819973,0.746048020281997,266.1958466930591,75.87456192678971,19207192.830241274,9508656.458472116,0,0.0,,,,,0.0,0.0,0.0,0.0,0.0,0.0,0.0
2020-06-19 10:00:00,32.8,0.0,idle,sin_restriccion,0.0,0.0,0.0,0.0,0.0,0.0,0.7460480202819973,0.746048020281997,266.1958466930591,75.87456192678971,19207192.830241274,9508656.458472116,0,0.0,,,,,0.0,0.0,0.0,0.0,0.0,0.0,0.0
2020-06-19 11:00:00,32.69,0.0,idle,sin_restriccion,0.0,0.0,0.0,0.0,0.0,0.0,0.7460480202819973,0.746048020281997,266.1958466930591,75.87456192678971,19207192.830241274,9508656.458472116,0,0.0,,,,,0.0,0.0,0.0,0.0,0.0,0.0,0.0
2020-06-19 12:00:00,31.67,0.0,idle,sin_restriccion,0.0,0.0,0.0,0.0,0.0,0.0,0.7460480202819973,0.746048020281997,266.1958466930591,75.87456192678971,19207192.830241274,9508656.458472116,0,0.0,,,,,0.0,0.0,0.0,0.0,0.0,0.0,0.0
2020-06-19 13:00:00,31.58,0.0,idle,sin_restriccion,0.0,0.0,0.0,0.0,0.0,0.0,0.7460480202819973,0.746048020281997,266.1958466930591,75.87456192678971,19207192.830241274,9508656.458472116,0,0.0,,,,,0.0,0.0,0.0,0.0,0.0,0.0,0.0
2020-06-19 14:00:00,31.58,0.0,idle,sin_restriccion,0.0,0.0,0.0,0.0,0.0,0.0,0.7460480202819973,0.746048020281997,266.1958466930591,75.87456192678971,19207192.830241274,9508656.458472116,0,0.0,,,,,0.0,0.0,0.0,0.0,0.0,0.0,0.0
2020-06-19 15:00:00,31.31,0.0,idle,sin_restriccion,0.0,0.0,0.0,0.0,0.0,0.0,0.7460480202819973,0.746048020281997,266.1958466930591,75.87456192678971,19207192.830241274,9508656.458472116,0,0.0,,,,,0.0,0.0,0.0,0.0,0.0,0.0,0.0
2020-06-19 16:00:00,29.45,0.0,idle,sin_restriccion,0.0,0.0,0.0,0.0,0.0,0.0,0.7460480202819973,0.746048020281997,266.1958466930591,75.87456192678971,19207192.830241274,9508656.458472116,0,0.0,,,,,0.0,0.0,0.0,0.0,0.0,0.0,0.0
2020-06-19 17:00:00,31.0,0.0,idle,sin_restriccion,0.0,0.0,0.0,0.0,0.0,0.0,0.7460480202819973,0.746048020281997,266.1958466930591,75.87456192678971,19207192.830241274,9508656.458472116,0,0.0,,,,,0.0,0.0,0.0,0.0,0.0,0.0,0.0
2020-06-19 18:00:00,32.97,74.0,discharge,above_max_power,73.77864517583319,0.0,73.77864517583319,0.0,2432.48193144722,2432.48193144722,0.6208467626483607,0.6208467626483605,224.87943167395903,63.98044245159423,16226033.055644296,8018076.571173627,106,1.5,0.4982996524119362,1.3004307661416366,,0.3683002400010028,79.22964473349785,3.169185789339914,0.0,0.0,2981159.774596979,0.0,1490579.8872984895
2020-06-19 19:00:00,35.76,74.0,discharge,above_max_power,73.20658862498905,0.0,73.20658862498905,0.0,2617.867609229608,2617.867609229608,0.4956455050147241,0.4956455050147239,183.56301665485896,52.086322976398755,13244873.281047318,6527496.683875138,106,1.5,0.4944359926799603,1.2965671064096607,,0.36544455507390883,78.61532283611368,3.144612913444547,0.0,0.0,2981159.774596979,0.0,1490579.8872984895
2020-06-19 20:00:00,32.28,0.0,idle,sin_restriccion,0.0,0.0,0.0,0.0,0.0,0.0,0.4956455050147241,0.4956455050147239,183.56301665485896,52.086322976398755,13244873.281047318,6527496.683875138,0,0.0,,,,,0.0,0.0,0.0,0.0,0.0,0.0,0.0
2020-06-19 21:00:00,30.56,0.0,idle,sin_restriccion,0.0,0.0,0.0,0.0,0.0,0.0,0.4956455050147241,0.4956455050147239,183.56301665485896,52.086322976398755,13244873.281047318,6527496.683875138,0,0.0,,,,,0.0,0.0,0.0,0.0,0.0,0.0,0.0
2020-06-19 22:00:00,29.27,0.0,idle,sin_restriccion,0.0,0.0,0.0,0.0,0.0,0.0,0.4956455050147241,0.4956455050147239,183.56301665485896,52.086322976398755,13244873.281047318,6527496.683875138,0,0.0,,,,,0.0,0.0,0.0,0.0,0.0,0.0,0.0
2020-06-19 23:00:00,32.89,0.0,idle,sin_restriccion,0.0,0.0,0.0,0.0,0.0,0.0,0.4956455050147241,0.4956455050147239,183.56301665485896,52.086322976398755,13244873.281047318,6527496.683875138,0,0.0,,,,,0.0,0.0,0.0,0.0,0.0,0.0,0.0
2020-06-20 00:00:00,35.77,74.0,discharge,above_max_power,72.51755245529765,0.0,72.51755245529765,0.0,2593.952851325997,2593.952851325997,0.3704442473810875,0.3704442473810873,142.2466016357589,40.19220350120329,10263713.50645034,5036916.796576649,106,1.5,0.48978225469062486,1.2919133684203252,,0.36200491226043735,77.87537849580934,3.1150151398323738,0.0,0.0,2981159.774596979,0.0,1490579.8872984895
2020-06-20 01:00:00,33.42,0.0,idle,sin_restriccion,0.0,0.0,0.0,0.0,0.0,0.0,0.3704442473810875,0.3704442473810873,142.2466016357589,40.19220350120329,10263713.50645034,5036916.796576649,0,0.0,,,,,0.0,0.0,0.0,0.0,0.0,0.0,0.0
2020-06-20 02:00:00,29.68,-100.0,charge,ok,-100.00000527769178,100.00000527769178,0.0,2968.0001566418923,0.0,-2968.0001566418923,0.41233009590067715,0.4123300959006769,156.06893164722348,44.1713591105643,11261054.979623497,5535587.533163227,100,0.5400046199560165,1.6753005754913128,1.2860611130749402,0.6701735409437407,,90.4670050580282,2.714010151740846,4.0210414578806075,997341.4731731571,0.0,498670.73658657854,0.0
2020-06-20 03:00:00,29.42,-100.0,charge,ok,-99.99999544129751,99.99999544129751,0.0,2941.999865882973,0.0,-2941.999865882973,0.4541690012803188,0.45416900128031856,169.8757704225052,48.146055121630255,12257278.692455014,6033699.389578986,100,0.5393994152545928,1.677258835734869,1.2881904080702156,0.6694225165912471,,90.47124352259874,2.714137305677962,4.016534916445597,996223.712831517,0.0,498111.8564157585,0.0
2020-06-20 04:00:00,29.98,-100.0,charge,ok,-100.00000482346647,100.00000482346647,0.0,2998.000144607525,0.0,-2998.000144607525,0.49596511059978504,0.4959651105997848,183.6684864979291,52.11668550697955,13252483.390817208,6531301.738760083,100,0.5388476759195326,1.6790482522082628,1.2901357950669188,0.6687377168551205,,90.47512484591756,2.7142537453775266,4.01242649466876,995204.6983621942,0.0,497602.3491810971,0.0
2020-06-20 05:00:00,31.2,0.0,idle,sin_restriccion,0.0,0.0,0.0,0.0,0.0,0.0,0.49596511059978504,0.4959651105997848,183.6684864979291,52.11668550697955,13252483.390817208,6531301.738760083,0,0.0,,,,,0.0,0.0,0.0,0.0,0.0,0.0,0.0
2020-06-20 06:00:00,31.27,0.0,idle,sin_restriccion,0.0,0.0,0.0,0.0,0.0,0.0,0.49596511059978504,0.4959651105997848,183.6684864979291,52.11668550697955,13252483.390817208,6531301.738760083,0,0.0,,,,,0.0,0.0,0.0,0.0,0.0,0.0,0.0
2020-06-20 07:00:00,30.27,0.0,idle,sin_restriccion,0.0,0.0,0.0,0.0,0.0,0.0,0.49596511059978504,0.4959651105997848,183.6684864979291,52.11668550697955,13252483.390817208,6531301.738760083,0,0.0,,,,,0.0,0.0,0.0,0.0,0.0,0.0,0.0
2020-06-20 08:00:00,29.42,-100.0,charge,ok,-100.00000582122325,100.00000582122325,0.0,2942.0001712603885,0.0,-2942.0001712603885,0.5377218947845378,0.5377218947845376,197.44822527889747,56.08358000453106,14246751.72071191,7028435.9037074335,100,0.5383406847715377,1.6806956403764193,1.2919265422362651,0.6681085080639558,,90.47868419327799,2.7143605257983396,4.008651281736261,994268.3298947016,0.0,497134.1649473508,0.0
2020-06-20 09:00:00,29.16,-100.0,charge,ok,-100.00000731816297,100.00000731816297,0.0,2916.0002133976323,0.0,-2916.0002133976323,0.5794423108827627,0.5794423108827624,211.2159625913117,60.047019533862425,15240154.09223938,7525137.089471169,100,0.537871816754341,1.6822219275815549,1.2935854412886605,0.6675266087209136,,90.48197643722803,2.7144592931168408,4.005159945429592,993402.3715274701,0.0,496701.18576373503,0.0
2020-06-20 10:00:00,28.69,-100.0,charge,ok,-99.99999708371249,99.99999708371249,0.0,2868.9999163317116,0.0,-2868.9999163317116,0.6211289012346682,0.621128901234668,224.97253740744054,64.00724561729345,16232751.040912647,8021435.563807802,100,0.5374357253313065,1.6836437049177055,1.2951305884000364,0.6669854650817025,,90.48502757519353,2.7145508272558057,4.0019126737829325,992596.9486732674,0.0,496298.4743366337,0.0
2020-06-20 11:00:00,29.79,0.0,idle,sin_restriccion,0.0,0.0,0.0,0.0,0.0,0.0,0.6211289012346682,0.621128901234668,224.97253740744054,64.00724561729345,16232751.040912647,8021435.563807802,0,0.0,,,,,0.0,0.0,0.0,0.0,0.0,0.0,0.0
2020-06-20 12:00:00,31.11,0.0,idle,sin_restriccion,0.0,0.0,0.0,0.0,0.0,0.0,0.6211289012346682,0.621128901234668,224.97253740744054,64.00724561729345,16232751.040912647,8021435.563807802,0,0.0,,,,,0.0,0.0,0.0,0.0,0.0,0.0,0.0
2020-06-20 13:00:00,31.2,0.0,idle,sin_restriccion,0.0,0.0,0.0,0.0,0.0,0.0,0.6211289012346682,0.621128901234668,224.97253740744054,64.00724561729345,16232751.040912647,8021435.563807802,0,0.0,,,,,0.0,0.0,0.0,0.0,0.0,0.0,0.0
2020-06-20 14:00:00,31.25,0.0,idle,sin_restriccion,0.0,0.0,0.0,0.0,0.0,0.0,0.6211289012346682,0.621128901234668,224.97253740744054,64.00724561729345,16232751.040912647,8021435.563807802,0,0.0,,,,,0.0,0.0,0.0,0.0,0.0,0.0,0.0
2020-06-20 15:00:00,31.25,0.0,idle,sin_restriccion,0.0,0.0,0.0,0.0,0.0,0.0,0.6211289012346682,0.621128901234668,224.97253740744054,64.00724561729345,16232751.040912647,8021435.563807802,0,0.0,,,,,0.0,0.0,0.0,0.0,0.0,0.0,0.0
2020-06-20 16:00:00,31.25,0.0,idle,sin_restriccion,0.0,0.0,0.0,0.0,0.0,0.0,0.6211289012346682,0.621128901234668,224.97253740744054,64.00724561729345,16232751.040912647,8021435.563807802,0,0.0,,,,,0.0,0.0,0.0,0.0,0.0,0.0,0.0
2020-06-20 17:00:00,31.21,0.0,idle,sin_restriccion,0.0,0.0,0.0,0.0,0.0,0.0,0.6211289012346682,0.621128901234668,224.97253740744054,64.00724561729345,16232751.040912647,8021435.563807802,0,0.0,,,,,0.0,0.0,0.0,0.0,0.0,0.0,0.0
2020-06-20 18:00:00,33.29,0.0,idle,sin_restriccion,0.0,0.0,0.0,0.0,0.0,0.0,0.6211289012346682,0.621128901234668,224.97253740744054,64.00724561729345,16232751.040912647,8021435.563807802,0,0.0,,,,,0.0,0.0,0.0,0.0,0.0,0.0,0.0
2020-06-20 19:00:00,33.9,74.0,discharge,above_max_power,73.20799299209204,0.0,73.20799299209204,0.0,2481.75096243192,2481.75096243192,0.49592764360103164,0.4959276436010314,183.65612238834046,52.11312614209798,13251591.266315669,6530855.676509313,106,1.5,0.494445477750303,1.2965765914800034,,0.3654515656220132,78.61683096229817,3.1446732384919267,0.0,0.0,2981159.774596979,0.0,1490579.8872984895
2020-06-20 20:00:00,33.67,0.0,idle,sin_restriccion,0.0,0.0,0.0,0.0,0.0,0.0,0.49592764360103164,0.4959276436010314,183.65612238834046,52.11312614209798,13251591.266315669,6530855.676509313,0,0.0,,,,,0.0,0.0,0.0,0.0,0.0,0.0,0.0
2020-06-20 21:00:00,32.16,0.0,idle,sin_restriccion,0.0,0.0,0.0,0.0,0.0,0.0,0.49592764360103164,0.4959276436010314,183.65612238834046,52.11312614209798,13251591.266315669,6530855.676509313,0,0.0,,,,,0.0,0.0,0.0,0.0,0.0,0.0,0.0
2020-06-20 22:00:00,32.16,0.0,idle,sin_restriccion,0.0,0.0,0.0,0.0,0.0,0.0,0.49592764360103164,0.4959276436010314,183.65612238834046,52.11312614209798,13251591.266315669,6530855.676509313,0,0.0,,,,,0.0,0.0,0.0,0.0,0.0,0.0,0.0
2020-06-20 23:00:00,32.12,0.0,idle,sin_restriccion,0.0,0.0,0.0,0.0,0.0,0.0,0.49592764360103164,0.4959276436010314,183.65612238834046,52.11312614209798,13251591.266315669,6530855.676509313,0,0.0,,,,,0.0,0.0,0.0,0.0,0.0,0.0,0.0
2020-06-21 00:00:00,31.73,0.0,idle,sin_restriccion,0.0,0.0,0.0,0.0,0.0,0.0,0.49592764360103164,0.4959276436010314,183.65612238834046,52.11312614209798,13251591.266315669,6530855.676509313,0,0.0,,,,,0.0,0.0,0.0,0.0,0.0,0.0,0.0
2020-06-21 01:00:00,30.16,0.0,idle,sin_restriccion,0.0,0.0,0.0,0.0,0.0,0.0,0.49592764360103164,0.4959276436010314,183.65612238834046,52.11312614209798,13251591.266315669,6530855.676509313,0,0.0,,,,,0.0,0.0,0.0,0.0,0.0,0.0,0.0
2020-06-21 02:00:00,29.09,0.0,idle,sin_restriccion,0.0,0.0,0.0,0.0,0.0,0.0,0.49592764360103164,0.4959276436010314,183.65612238834046,52.11312614209798,13251591.266315669,6530855.676509313,0,0.0,,,,,0.0,0.0,0.0,0.0,0.0,0.0,0.0
2020-06-21 03:00:00,28.5,0.0,idle,sin_restriccion,0.0,0.0,0.0,0.0,0.0,0.0,0.49592764360103164,0.4959276436010314,183.65612238834046,52.11312614209798,13251591.266315669,6530855.676509313,0,0.0,,,,,0.0,0.0,0.0,0.0,0.0,0.0,0.0
2020-06-21 04:00:00,28.32,0.0,idle,sin_restriccion,0.0,0.0,0.0,0.0,0.0,0.0,0.49592764360103164,0.4959276436010314,183.65612238834046,52.11312614209798,13251591.266315669,6530855.676509313,0,0.0,,,,,0.0,0.0,0.0,0.0,0.0,0.0,0.0
2020-06-21 05:00:00,28.32,-100.0,charge,ok,-99.99999977591315,99.99999977591315,0.0,2831.9999936538607,0.0,-2831.9999936538607,0.5376844593396521,0.5376844593396519,197.43587158208524,56.08002363726693,14245860.34753766,7027990.217120308,100,0.5383410915732384,1.6806942114621066,1.2919249982782295,0.6681090533150735,,90.47867563993336,2.7143602691980004,4.008654310907574,994269.0812219911,0.0,497134.54061099555,0.0
2020-06-21 06:00:00,28.32,-100.0,charge,ok,-99.99999591469039,99.99999591469039,0.0,2831.9998843040316,0.0,-2831.9998843040316,0.5794049024840495,0.5794049024840493,211.20361781973637,60.04346573598469,15239263.36305995,7524691.724881453,100,0.5378721654415131,1.6822205917097184,1.2935840067845201,0.6675271175809071,,90.48196324132095,2.7144588972396284,4.005162541862146,993403.0155222896,0.0,496701.5077611448,0.0
2020-06-21 07:00:00,28.31,-100.0,charge,ok,-99.99999120540176,99.99999120540176,0.0,2830.9997510249236,0.0,-2830.9997510249236,0.6210915198821275,0.6210915198821273,224.96020156110208,64.00369438880209,16231860.955728035,8020990.521215497,100,0.5374360740184784,1.6836424639413705,1.2951292487695951,0.6669859370279811,,90.48501958714476,2.714550587614343,4.001915270215486,992597.5926680869,0.0,496298.79633404344,0.0
2020-06-21 08:00:00,27.36,-100.0,charge,ok,-100.00000120237537,100.00000120237537,0.0,2736.00003289699,0.0,-2736.00003289699,0.6627465338277209,0.6627465338277206,238.70635616314792,67.96092071363344,17223706.040449586,8516913.063576272,100,0.537028633058071,1.6849732609425176,1.2965753350022737,0.6664802151158984,,90.48788870633608,2.7146366611900823,3.9988813387769553,991845.0847215496,0.0,495922.5423607748,0.0
2020-06-21 09:00:00,25.85,-100.0,charge,ok,-99.9999901137862,99.9999901137862,0.0,2584.9997444413734,0.0,-2584.9997444413734,0.7043718826298535,0.7043718826298534,252.44272126785165,71.91532884983606,18214844.77018666,9012482.428444808,100,0.536646181344986,1.6862239163361528,1.2979342303989445,0.6660056466768662,,90.49056255943835,2.71471687678315,3.996033485004745,991138.7297370739,0.0,495569.36486853694,0.0
2020-06-21 10:00:00,25.71,-100.0,charge,ok,-100.0000008194366,100.0000008194366,0.0,2571.000021067715,0.0,-2571.000021067715,0.7459692972435614,0.7459692972435611,266.1698680903752,75.86708323813829,19205318.360607702,9507719.22365533,100,0.5362860456109048,1.68740359864182,1.2992158561777103,0.6655586283654933,,90.4931003265232,2.714793009795696,3.993351802915946,990473.5904210435,0.0,495236.7952105217,0.0
2020-06-21 11:00:00,27.86,0.0,idle,sin_restriccion,0.0,0.0,0.0,0.0,0.0,0.0,0.7459692972435614,0.7459692972435611,266.1698680903752,75.86708323813829,19205318.360607702,9507719.22365533,0,0.0,,,,,0.0,0.0,0.0,0.0,0.0,0.0,0.0
2020-06-21 12:00:00,29.0,0.0,idle,sin_restriccion,0.0,0.0,0.0,0.0,0.0,0.0,0.7459692972435614,0.7459692972435611,266.1698680903752,75.86708323813829,19205318.360607702,9507719.22365533,0,0.0,,,,,0.0,0.0,0.0,0.0,0.0,0.0,0.0
2020-06-21 13:00:00,29.18,0.0,idle,sin_restriccion,0.0,0.0,0.0,0.0,0.0,0.0,0.7459692972435614,0.7459692972435611,266.1698680903752,75.86708323813829,19205318.360607702,9507719.22365533,0,0.0,,,,,0.0,0.0,0.0,0.0,0.0,0.0,0.0
2020-06-21 14:00:00,28.76,0.0,idle,sin_restriccion,0.0,0.0,0.0,0.0,0.0,0.0,0.7459692972435614,0.7459692972435611,266.1698680903752,75.86708323813829,19205318.360607702,9507719.22365533,0,0.0,,,,,0.0,0.0,0.0,0.0,0.0,0.0,0.0
2020-06-21 15:00:00,28.0,0.0,idle,sin_restriccion,0.0,0.0,0.0,0.0,0.0,0.0,0.7459692972435614,0.7459692972435611,266.1698680903752,75.86708323813829,19205318.360607702,9507719.22365533,0,0.0,,,,,0.0,0.0,0.0,0.0,0.0,0.0,0.0
2020-06-21 16:00:00,28.83,0.0,idle,sin_restriccion,0.0,0.0,0.0,0.0,0.0,0.0,0.7459692972435614,0.7459692972435611,266.1698680903752,75.86708323813829,19205318.360607702,9507719.22365533,0,0.0,,,,,0.0,0.0,0.0,0.0,0.0,0.0,0.0
2020-06-21 17:00:00,29.89,0.0,idle,sin_restriccion,0.0,0.0,0.0,0.0,0.0,0.0,0.7459692972435614,0.7459692972435611,266.1698680903752,75.86708323813829,19205318.360607702,9507719.22365533,0,0.0,,,,,0.0,0.0,0.0,0.0,0.0,0.0,0.0
2020-06-21 18:00:00,30.42,0.0,idle,sin_restriccion,0.0,0.0,0.0,0.0,0.0,0.0,0.7459692972435614,0.7459692972435611,266.1698680903752,75.86708323813829,19205318.360607702,9507719.22365533,0,0.0,,,,,0.0,0.0,0.0,0.0,0.0,0.0,0.0
2020-06-21 19:00:00,31.79,74.0,discharge,above_max_power,73.77831426403833,0.0,73.77831426403833,0.0,2345.4126104537786,2345.4126104537786,0.6207680396099248,0.6207680396099245,224.85345307127517,63.972963762942825,16224158.586010724,8017139.336356841,106,1.5,0.498297417439581,1.3004285311692814,,0.36829858810168725,79.22928937289339,3.169171574915736,0.0,0.0,2981159.774596979,0.0,1490579.8872984895
2020-06-21 20:00:00,31.79,74.0,discharge,above_max_power,73.20619667068073,0.0,73.20619667068073,0.0,2327.22499216094,2327.22499216094,0.4955667819762882,0.49556678197628795,183.5370380521751,52.07884428774734,13242998.811413746,6526559.449058352,106,1.5,0.494433345427559,1.2965644591572594,,0.36544259845264687,78.61490192298187,3.144596076919275,0.0,0.0,2981159.774596979,0.0,1490579.8872984895
2020-06-21 21:00:00,31.78,0.0,idle,sin_restriccion,0.0,0.0,0.0,0.0,0.0,0.0,0.4955667819762882,0.49556678197628795,183.5370380521751,52.07884428774734,13242998.811413746,6526559.449058352,0,0.0,,,,,0.0,0.0,0.0,0.0,0.0,0.0,0.0
2020-06-21 22:00:00,31.5,0.0,idle,sin_restriccion,0.0,0.0,0.0,0.0,0.0,0.0,0.4955667819762882,0.49556678197628795,183.5370380521751,52.07884428774734,13242998.811413746,6526559.449058352,0,0.0,,,,,0.0,0.0,0.0,0.0,0.0,0.0,0.0
2020-06-21 23:00:00,30.96,0.0,idle,sin_restriccion,0.0,0.0,0.0,0.0,0.0,0.0,0.4955667819762882,0.49556678197628795,183.5370380521751,52.07884428774734,13242998.811413746,6526559.449058352,0,0.0,,,,,0.0,0.0,0.0,0.0,0.0,0.0,0.0
2020-06-22 00:00:00,30.96,0.0,idle,sin_restriccion,0.0,0.0,0.0,0.0,0.0,0.0,0.4955667819762882,0.49556678197628795,183.5370380521751,52.07884428774734,13242998.811413746,6526559.449058352,0,0.0,,,,,0.0,0.0,0.0,0.0,0.0,0.0,0.0
2020-06-22 01:00:00,29.6,0.0,idle,sin_restriccion,0.0,0.0,0.0,0.0,0.0,0.0,0.4955667819762882,0.49556678197628795,183.5370380521751,52.07884428774734,13242998.811413746,6526559.449058352,0,0.0,,,,,0.0,0.0,0.0,0.0,0.0,0.0,0.0
2020-06-22 02:00:00,28.64,-100.0,charge,ok,-100.0000067108808,100.0000067108808,0.0,2864.000192199626,0.0,-2864.000192199626,0.5373239267766733,0.5373239267766731,197.31689583630222,56.04577304378393,14237275.72790604,7023697.907304499,100,0.5383453339338302,1.6806805352936895,1.2919101223695404,0.6681142719698098,,90.478652400877,2.71435957202631,4.008685900836973,994276.9164922945,0.0,497138.45824614726,0.0
2020-06-22 03:00:00,28.64,-100.0,charge,ok,-100.00000577522488,100.00000577522488,0.0,2864.0001654024404,0.0,-2864.0001654024404,0.5790446764443582,0.579044676444358,211.0847432266382,60.009244262214,15230686.042036284,7520403.064369621,100,0.5378761172294617,1.682207889528859,1.293570186772101,0.6675319561314866,,90.48194479925499,2.7144583439776495,4.0051919680977495,993410.3141302433,0.0,496705.15706512163,0.0
2020-06-22 04:00:00,28.64,-100.0,charge,ok,-100.00000748691674,100.00000748691674,0.0,2864.000214425296,0.0,-2864.000214425296,0.6207315823349421,0.6207315823349419,224.8414221705309,63.96950032181947,16223290.503982445,8016705.2953427015,100,0.5374397933483124,1.6836306121868303,1.2951163447056744,0.6669904443123232,,90.48500882885828,2.7145502648657485,4.001942965496054,992604.4619461611,0.0,496302.23097308056,0.0
2020-06-22 05:00:00,28.64,-100.0,charge,ok,-100.00000544435025,100.00000544435025,0.0,2864.0001559261914,0.0,-2864.0001559261914,0.6623868622345642,0.662386862234564,238.5876645374062,67.92675191228358,17215141.92131972,8512631.004011339,100,0.5370320618152618,1.6849621293279358,1.2965632330892563,0.6664844421082073,,90.48786863936151,2.714636059180845,3.9989068703637285,991851.4173372743,0.0,495925.70866863715,0.0
2020-06-22 06:00:00,28.66,-100.0,charge,ok,-100.00000029231863,100.00000029231863,0.0,2866.000008377852,0.0,-2866.000008377852,0.7040124634676397,0.7040124634676395,252.32411294432112,71.88118402942574,18206286.661675107,9008203.374189032,100,0.5366494357585907,1.6862134436764753,1.2979228365989355,0.6660096177823368,,90.49054931175307,2.714716479352592,3.996057718375241,991144.7403553887,0.0,495572.37017769436,0.0
2020-06-22 07:00:00,29.78,-100.0,charge,ok,-100.00000056312373,100.00000056312373,0.0,2978.000016769825,0.0,-2978.000016769825,0.7456101124815085,0.7456101124815082,266.0513371188978,75.83296068574327,19196765.833384585,9503442.960043771,100,0.5362890675663947,1.6873936902246924,1.2992050922591254,0.6655623804739613,,90.49307887480182,2.7147923662440547,3.9933743053314066,990479.1717094785,0.0,495239.58585473924,0.0
2020-06-22 08:00:00,30.52,0.0,idle,sin_restriccion,0.0,0.0,0.0,0.0,0.0,0.0,0.7456101124815085,0.7456101124815082,266.0513371188978,75.83296068574327,19196765.833384585,9503442.960043771,0,0.0,,,,,0.0,0.0,0.0,0.0,0.0,0.0,0.0
2020-06-22 09:00:00,27.11,0.0,idle,sin_restriccion,0.0,0.0,0.0,0.0,0.0,0.0,0.7456101124815085,0.7456101124815082,266.0513371188978,75.83296068574327,19196765.833384585,9503442.960043771,0,0.0,,,,,0.0,0.0,0.0,0.0,0.0,0.0,0.0
2020-06-22 10:00:00,30.08,0.0,idle,sin_restriccion,0.0,0.0,0.0,0.0,0.0,0.0,0.7456101124815085,0.7456101124815082,266.0513371188978,75.83296068574327,19196765.833384585,9503442.960043771,0,0.0,,,,,0.0,0.0,0.0,0.0,0.0,0.0,0.0
2020-06-22 11:00:00,32.69,0.0,idle,sin_restriccion,0.0,0.0,0.0,0.0,0.0,0.0,0.7456101124815085,0.7456101124815082,266.0513371188978,75.83296068574327,19196765.833384585,9503442.960043771,0,0.0,,,,,0.0,0.0,0.0,0.0,0.0,0.0,0.0
2020-06-22 12:00:00,33.06,0.0,idle,sin_restriccion,0.0,0.0,0.0,0.0,0.0,0.0,0.7456101124815085,0.7456101124815082,266.0513371188978,75.83296068574327,19196765.833384585,9503442.960043771,0,0.0,,,,,0.0,0.0,0.0,0.0,0.0,0.0,0.0
2020-06-22 13:00:00,32.97,0.0,idle,sin_restriccion,0.0,0.0,0.0,0.0,0.0,0.0,0.7456101124815085,0.7456101124815082,266.0513371188978,75.83296068574327,19196765.833384585,9503442.960043771,0,0.0,,,,,0.0,0.0,0.0,0.0,0.0,0.0,0.0
2020-06-22 14:00:00,32.82,0.0,idle,sin_restriccion,0.0,0.0,0.0,0.0,0.0,0.0,0.7456101124815085,0.7456101124815082,266.0513371188978,75.83296068574327,19196765.833384585,9503442.960043771,0,0.0,,,,,0.0,0.0,0.0,0.0,0.0,0.0,0.0
2020-06-22 15:00:00,32.82,0.0,idle,sin_restriccion,0.0,0.0,0.0,0.0,0.0,0.0,0.7456101124815085,0.7456101124815082,266.0513371188978,75.83296068574327,19196765.833384585,9503442.960043771,0,0.0,,,,,0.0,0.0,0.0,0.0,0.0,0.0,0.0
2020-06-22 16:00:00,32.82,0.0,idle,sin_restriccion,0.0,0.0,0.0,0.0,0.0,0.0,0.7456101124815085,0.7456101124815082,266.0513371188978,75.83296068574327,19196765.833384585,9503442.960043771,0,0.0,,,,,0.0,0.0,0.0,0.0,0.0,0.0,0.0
2020-06-22 17:00:00,33.25,0.0,idle,sin_restriccion,0.0,0.0,0.0,0.0,0.0,0.0,0.7456101124815085,0.7456101124815082,266.0513371188978,75.83296068574327,19196765.833384585,9503442.960043771,0,0.0,,,,,0.0,0.0,0.0,0.0,0.0,0.0,0.0
2020-06-22 18:00:00,36.78,0.0,idle,sin_restriccion,0.0,0.0,0.0,0.0,0.0,0.0,0.7456101124815085,0.7456101124815082,266.0513371188978,75.83296068574327,19196765.833384585,9503442.960043771,0,0.0,,,,,0.0,0.0,0.0,0.0,0.0,0.0,0.0
2020-06-22 19:00:00,38.67,74.0,discharge,above_max_power,73.77680402180982,0.0,73.77680402180982,0.0,2852.949011523386,2852.949011523386,0.6204088548478719,0.6204088548478717,224.73492209979773,63.9388412105478,16215606.058787607,8012863.072745282,106,1.5,0.49828721729053094,1.3004183310202313,,0.3682910490289123,79.22766754919441,3.1691067019677766,0.0,0.0,2981159.774596979,0.0,1490579.8872984895
2020-06-22 20:00:00,38.41,74.0,discharge,above_max_power,73.20440774773425,0.0,73.20440774773425,0.0,2811.781301590472,2811.781301590472,0.4952075972142353,0.495207597214235,183.41850708069765,52.04472173535231,13234446.284190629,6522283.185446793,106,1.5,0.49442126307391454,1.296552376803615,,0.36543366821614065,78.61298082875241,3.1445192331500964,0.0,0.0,2981159.774596979,0.0,1490579.8872984895
2020-06-22 21:00:00,35.73,0.0,idle,sin_restriccion,0.0,0.0,0.0,0.0,0.0,0.0,0.4952075972142353,0.495207597214235,183.41850708069765,52.04472173535231,13234446.284190629,6522283.185446793,0,0.0,,,,,0.0,0.0,0.0,0.0,0.0,0.0,0.0
2020-06-22 22:00:00,34.27,0.0,idle,sin_restriccion,0.0,0.0,0.0,0.0,0.0,0.0,0.4952075972142353,0.495207597214235,183.41850708069765,52.04472173535231,13234446.284190629,6522283.185446793,0,0.0,,,,,0.0,0.0,0.0,0.0,0.0,0.0,0.0
2020-06-22 23:00:00,34.27,0.0,idle,sin_restriccion,0.0,0.0,0.0,0.0,0.0,0.0,0.4952075972142353,0.495207597214235,183.41850708069765,52.04472173535231,13234446.284190629,6522283.185446793,0,0.0,,,,,0.0,0.0,0.0,0.0,0.0,0.0,0.0
2020-06-23 00:00:00,34.27,0.0,idle,sin_restriccion,0.0,0.0,0.0,0.0,0.0,0.0,0.4952075972142353,0.495207597214235,183.41850708069765,52.04472173535231,13234446.284190629,6522283.185446793,0,0.0,,,,,0.0,0.0,0.0,0.0,0.0,0.0,0.0
2020-06-23 01:00:00,30.58,0.0,idle,sin_restriccion,0.0,0.0,0.0,0.0,0.0,0.0,0.4952075972142353,0.495207597214235,183.41850708069765,52.04472173535231,13234446.284190629,6522283.185446793,0,0.0,,,,,0.0,0.0,0.0,0.0,0.0,0.0,0.0
2020-06-23 02:00:00,29.21,-100.0,charge,ok,-100.00000529760494,100.00000529760494,0.0,2921.0001547430406,0.0,-2921.0001547430406,0.5369650665686896,0.5369650665686894,197.19847196766756,56.01168132402549,14228730.928620758,7019425.507661858,100,0.5383495181798934,1.6806669021789653,1.2918953059518627,0.6681194742769384,,90.478621700894,2.71435865102682,4.008717058027613,994284.644430128,0.0,497142.322215064,0.0
2020-06-23 03:00:00,29.21,-100.0,charge,ok,-99.99999532375332,99.99999532375332,0.0,2920.9998634068347,0.0,-2920.9998634068347,0.5786861137442713,0.578686113744271,210.96641753560954,59.97518080570573,15222148.326694015,7516134.206698487,100,0.5378799527883529,1.6821952102582804,1.2935564225495004,0.6675367860249726,,90.48190802745172,2.7144572408235517,4.005220528855835,993417.3980732572,0.0,496708.6990366286,0.0
2020-06-23 04:00:00,29.21,-100.0,charge,ok,-100.00000324171221,100.00000324171221,0.0,2921.000094690414,0.0,-2921.000094690414,0.6203732991119703,0.62037329911197,224.72318870695017,63.93546341563714,16214759.44325331,8012439.764978134,100,0.537443396449089,1.6836187798806312,1.295103492976656,0.6669949442611277,,90.48497953845177,2.714549386153553,4.001969795299106,992611.1165592957,0.0,496305.55827964784,0.0
2020-06-23 05:00:00,29.21,-100.0,charge,ok,-100.00000072558719,100.00000072558719,0.0,2921.0000211944016,0.0,-2921.0000211944016,0.6620288404579259,0.6620288404579256,238.46951735111557,67.89273984350292,17206617.08587384,8508368.586288398,100,0.5370354324579238,1.6849510305119448,1.2965511804222132,0.6664886566993345,,90.48784053414069,2.7146352160242206,3.9989319692117444,991857.6426205293,0.0,495928.82131026464,0.0
2020-06-23 06:00:00,29.21,-100.0,charge,ok,-100.00000135177741,100.00000135177741,0.0,2921.0000394854183,0.0,-2921.0000394854183,0.7036546896142486,0.7036546896142484,252.20604757270206,71.84719551335358,18197767.729515072,9003943.908109015,100,0.5366526320576668,1.6862030011781455,1.2979114894106931,0.6660135774981423,,90.49052787657887,2.714715836297366,3.9960815190069803,991150.6436412338,0.0,495575.3218206169,0.0
2020-06-23 07:00:00,30.23,-100.0,charge,ok,-99.99999104449927,99.99999104449927,0.0,3022.9997292752128,0.0,-3022.9997292752128,0.7452525685205832,0.7452525685205827,265.93334761179244,75.79899400945537,19188252.375180516,9499186.230941737,100,0.5362920314073563,1.6873838095842026,1.2991943725704085,0.6655661221061306,,90.49304910057957,2.714791473017387,3.99339637500811,990484.645665444,0.0,495242.322832722,0.0
2020-06-23 08:00:00,31.02,0.0,idle,sin_restriccion,0.0,0.0,0.0,0.0,0.0,0.0,0.7452525685205832,0.7452525685205827,265.93334761179244,75.79899400945537,19188252.375180516,9499186.230941737,0,0.0,,,,,0.0,0.0,0.0,0.0,0.0,0.0,0.0
2020-06-23 09:00:00,31.79,0.0,idle,sin_restriccion,0.0,0.0,0.0,0.0,0.0,0.0,0.7452525685205832,0.7452525685205827,265.93334761179244,75.79899400945537,19188252.375180516,9499186.230941737,0,0.0,,,,,0.0,0.0,0.0,0.0,0.0,0.0,0.0
2020-06-23 10:00:00,32.87,0.0,idle,sin_restriccion,0.0,0.0,0.0,0.0,0.0,0.0,0.7452525685205832,0.7452525685205827,265.93334761179244,75.79899400945537,19188252.375180516,9499186.230941737,0,0.0,,,,,0.0,0.0,0.0,0.0,0.0,0.0,0.0
2020-06-23 11:00:00,33.76,0.0,idle,sin_restriccion,0.0,0.0,0.0,0.0,0.0,0.0,0.7452525685205832,0.7452525685205827,265.93334761179244,75.79899400945537,19188252.375180516,9499186.230941737,0,0.0,,,,,0.0,0.0,0.0,0.0,0.0,0.0,0.0
2020-06-23 12:00:00,33.76,0.0,idle,sin_restriccion,0.0,0.0,0.0,0.0,0.0,0.0,0.7452525685205832,0.7452525685205827,265.93334761179244,75.79899400945537,19188252.375180516,9499186.230941737,0,0.0,,,,,0.0,0.0,0.0,0.0,0.0,0.0,0.0
2020-06-23 13:00:00,33.79,0.0,idle,sin_restriccion,0.0,0.0,0.0,0.0,0.0,0.0,0.7452525685205832,0.7452525685205827,265.93334761179244,75.79899400945537,19188252.375180516,9499186.230941737,0,0.0,,,,,0.0,0.0,0.0,0.0,0.0,0.0,0.0
2020-06-23 14:00:00,33.83,0.0,idle,sin_restriccion,0.0,0.0,0.0,0.0,0.0,0.0,0.7452525685205832,0.7452525685205827,265.93334761179244,75.79899400945537,19188252.375180516,9499186.230941737,0,0.0,,,,,0.0,0.0,0.0,0.0,0.0,0.0,0.0
2020-06-23 15:00:00,33.83,0.0,idle,sin_restriccion,0.0,0.0,0.0,0.0,0.0,0.0,0.7452525685205832,0.7452525685205827,265.93334761179244,75.79899400945537,19188252.375180516,9499186.230941737,0,0.0,,,,,0.0,0.0,0.0,0.0,0.0,0.0,0.0
2020-06-23 16:00:00,33.83,0.0,idle,sin_restriccion,0.0,0.0,0.0,0.0,0.0,0.0,0.7452525685205832,0.7452525685205827,265.93334761179244,75.79899400945537,19188252.375180516,9499186.230941737,0,0.0,,,,,0.0,0.0,0.0,0.0,0.0,0.0,0.0
2020-06-23 17:00:00,34.12,0.0,idle,sin_restriccion,0.0,0.0,0.0,0.0,0.0,0.0,0.7452525685205832,0.7452525685205827,265.93334761179244,75.79899400945537,19188252.375180516,9499186.230941737,0,0.0,,,,,0.0,0.0,0.0,0.0,0.0,0.0,0.0
2020-06-23 18:00:00,34.4,0.0,idle,sin_restriccion,0.0,0.0,0.0,0.0,0.0,0.0,0.7452525685205832,0.7452525685205827,265.93334761179244,75.79899400945537,19188252.375180516,9499186.230941737,0,0.0,,,,,0.0,0.0,0.0,0.0,0.0,0.0,0.0
2020-06-23 19:00:00,34.78,74.0,discharge,above_max_power,73.77530000793018,0.0,73.77530000793018,0.0,2565.9049342758117,2565.9049342758117,0.6200513108869465,0.6200513108869463,224.61693259269234,63.90487453425988,16207092.600583538,8008606.343643248,106,1.5,0.49827705920763765,1.300408172937338,,0.3682835410478222,79.22605241401438,3.1690420965605752,0.0,0.0,2981159.774596979,0.0,1490579.8872984895
2020-06-23 20:00:00,34.78,74.0,discharge,above_max_power,73.20262605576625,0.0,73.20262605576625,0.0,2545.98733421955,2545.98733421955,0.49485005325330994,0.49485005325330966,183.3005175735923,52.010755059064415,13225932.82598656,6518026.456344759,106,1.5,0.49440922955816957,1.29654034328787,,0.3654247740764088,78.61106749974897,3.144442699989959,0.0,0.0,2981159.774596979,0.0,1490579.8872984895
2020-06-23 21:00:00,34.78,0.0,idle,sin_restriccion,0.0,0.0,0.0,0.0,0.0,0.0,0.49485005325330994,0.49485005325330966,183.3005175735923,52.010755059064415,13225932.82598656,6518026.456344759,0,0.0,,,,,0.0,0.0,0.0,0.0,0.0,0.0,0.0
2020-06-23 22:00:00,34.78,0.0,idle,sin_restriccion,0.0,0.0,0.0,0.0,0.0,0.0,0.49485005325330994,0.49485005325330966,183.3005175735923,52.010755059064415,13225932.82598656,6518026.456344759,0,0.0,,,,,0.0,0.0,0.0,0.0,0.0,0.0,0.0
2020-06-23 23:00:00,34.78,0.0,idle,sin_restriccion,0.0,0.0,0.0,0.0,0.0,0.0,0.49485005325330994,0.49485005325330966,183.3005175735923,52.010755059064415,13225932.82598656,6518026.456344759,0,0.0,,,,,0.0,0.0,0.0,0.0,0.0,0.0,0.0
2020-06-24 00:00:00,34.58,74.0,discharge,above_max_power,72.5126929870352,0.0,72.5126929870352,0.0,2507.488923491677,2507.488923491677,0.36964879561967334,0.36964879561967307,141.9841025544922,40.11663558386894,10244773.051389582,5027446.56904627,106,1.5,0.48974943392873194,1.2918805476584323,,0.36198065397644374,77.87015999466837,3.114806399786735,0.0,0.0,2981159.774596979,0.0,1490579.8872984895
2020-06-24 01:00:00,29.98,0.0,idle,sin_restriccion,0.0,0.0,0.0,0.0,0.0,0.0,0.36964879561967334,0.36964879561967307,141.9841025544922,40.11663558386894,10244773.051389582,5027446.56904627,0,0.0,,,,,0.0,0.0,0.0,0.0,0.0,0.0,0.0
2020-06-24 02:00:00,28.25,-100.0,charge,ok,-100.00000892640271,100.00000892640271,0.0,2825.0002521708766,0.0,-2825.0002521708766,0.41153558173990723,0.411535581739907,155.8067419741694,44.09588026529116,11242136.84971648,5526128.468209719,100,0.540016707777977,1.6752615679046654,1.2860186899220314,0.6701885181000166,,90.46692365668491,2.7140077097005473,4.021131467542456,997363.7983268985,0.0,498681.89916344924,0.0
2020-06-24 03:00:00,28.06,-100.0,charge,ok,-100.0000006585548,100.0000006585548,0.0,2806.0000184790474,0.0,-2806.0000184790474,0.4533753390739804,0.4533753390739802,169.61386189441353,48.07065721202811,12238380.84838481,6024250.467543884,100,0.5394103989005089,1.677223344859235,1.2881518126812757,0.6694361129365675,,90.47117134957658,2.714135140487297,4.016616704071026,996243.9986683301,0.0,498121.99933416507,0.0
2020-06-24 04:00:00,28.27,-100.0,charge,ok,-99.99999754141146,99.99999754141146,0.0,2826.999930495702,0.0,-2826.999930495702,0.4951722237170563,0.4951722237170561,183.4068338266286,52.04136125312032,13233604.007931828,6521862.047317393,100,0.5388576716184617,1.6790156768807254,1.290100393681383,0.6687501707310298,,90.4750478254843,2.714251434764529,4.012500925735288,995223.1595470188,0.0,497611.5797735094,0.0
2020-06-24 05:00:00,28.27,-100.0,charge,ok,-99.9999923295239,99.9999923295239,0.0,2826.9997831556407,0.0,-2826.9997831556407,0.536929720117683,0.5369297201176828,197.18680763883543,56.00832341117986,14227889.296356777,7019004.691529867,100,0.5383498668670654,1.680665541105705,1.291893846270136,0.668119993658012,,90.47860703023207,2.714358210906962,4.008719654460166,994285.2884249475,0.0,497142.64421247377,0.0
2020-06-24 06:00:00,28.26,-100.0,charge,ok,-100.00000013036144,100.00000013036144,0.0,2826.0000036840147,0.0,-2826.0000036840147,0.5786507988471326,0.5786507988471323,210.95476361955377,59.97182589047756,15221307.445757324,7515713.766230141,100,0.5378803595900534,1.6821939691527938,1.2935550663734685,0.6675372588009801,,90.48190970281242,2.7144572910843725,4.005223558027148,993418.1494005468,0.0,496709.0747002734,0.0
2020-06-24 07:00:00,28.26,-100.0,charge,ok,-100.00000155062929,100.00000155062929,0.0,2826.000043820784,0.0,-2826.000043820784,0.620338011261004,0.6203380112610037,224.7115437161313,63.93211106979534,16213919.206311438,8012019.646507198,100,0.537443745136261,1.6836176123739635,1.295102226816266,0.6669953882793173,,90.48497549716326,2.714549264914898,4.001972391731659,992611.760554115,0.0,496305.8802770575,0.0
2020-06-24 08:00:00,28.28,0.0,idle,sin_restriccion,0.0,0.0,0.0,0.0,0.0,0.0,0.620338011261004,0.6203380112610037,224.7115437161313,63.93211106979534,16213919.206311438,8012019.646507198,0,0.0,,,,,0.0,0.0,0.0,0.0,0.0,0.0,0.0
2020-06-24 09:00:00,31.17,0.0,idle,sin_restriccion,0.0,0.0,0.0,0.0,0.0,0.0,0.620338011261004,0.6203380112610037,224.7115437161313,63.93211106979534,16213919.206311438,8012019.646507198,0,0.0,,,,,0.0,0.0,0.0,0.0,0.0,0.0,0.0
2020-06-24 10:00:00,31.55,0.0,idle,sin_restriccion,0.0,0.0,0.0,0.0,0.0,0.0,0.620338011261004,0.6203380112610037,224.7115437161313,63.93211106979534,16213919.206311438,8012019.646507198,0,0.0,,,,,0.0,0.0,0.0,0.0,0.0,0.0,0.0
2020-06-24 11:00:00,31.55,0.0,idle,sin_restriccion,0.0,0.0,0.0,0.0,0.0,0.0,0.620338011261004,0.6203380112610037,224.7115437161313,63.93211106979534,16213919.206311438,8012019.646507198,0,0.0,,,,,0.0,0.0,0.0,0.0,0.0,0.0,0.0
2020-06-24 12:00:00,31.52,0.0,idle,sin_restriccion,0.0,0.0,0.0,0.0,0.0,0.0,0.620338011261004,0.6203380112610037,224.7115437161313,63.93211106979534,16213919.206311438,8012019.646507198,0,0.0,,,,,0.0,0.0,0.0,0.0,0.0,0.0,0.0
2020-06-24 13:00:00,31.47,0.0,idle,sin_restriccion,0.0,0.0,0.0,0.0,0.0,0.0,0.620338011261004,0.6203380112610037,224.7115437161313,63.93211106979534,16213919.206311438,8012019.646507198,0,0.0,,,,,0.0,0.0,0.0,0.0,0.0,0.0,0.0
2020-06-24 14:00:00,31.36,0.0,idle,sin_restriccion,0.0,0.0,0.0,0.0,0.0,0.0,0.620338011261004,0.6203380112610037,224.7115437161313,63.93211106979534,16213919.206311438,8012019.646507198,0,0.0,,,,,0.0,0.0,0.0,0.0,0.0,0.0,0.0
2020-06-24 15:00:00,31.51,0.0,idle,sin_restriccion,0.0,0.0,0.0,0.0,0.0,0.0,0.620338011261004,0.6203380112610037,224.7115437161313,63.93211106979534,16213919.206311438,8012019.646507198,0,0.0,,,,,0.0,0.0,0.0,0.0,0.0,0.0,0.0
2020-06-24 16:00:00,31.08,0.0,idle,sin_restriccion,0.0,0.0,0.0,0.0,0.0,0.0,0.620338011261004,0.6203380112610037,224.7115437161313,63.93211106979534,16213919.206311438,8012019.646507198,0,0.0,,,,,0.0,0.0,0.0,0.0,0.0,0.0,0.0
2020-06-24 17:00:00,31.76,0.0,idle,sin_restriccion,0.0,0.0,0.0,0.0,0.0,0.0,0.620338011261004,0.6203380112610037,224.7115437161313,63.93211106979534,16213919.206311438,8012019.646507198,0,0.0,,,,,0.0,0.0,0.0,0.0,0.0,0.0,0.0
2020-06-24 18:00:00,33.59,74.0,discharge,above_max_power,73.20405479876972,0.0,73.20405479876972,0.0,2458.924200690675,2458.924200690675,0.4951367536273674,0.49513675362736714,183.39512869703125,52.03799159459987,13232759.43171446,6521439.759208709,106,1.5,0.49441887926290906,1.2965499929926094,,0.3654319063080975,78.61260180280253,3.144504072112101,0.0,0.0,2981159.774596979,0.0,1490579.8872984895
2020-06-24 19:00:00,33.58,0.0,idle,sin_restriccion,0.0,0.0,0.0,0.0,0.0,0.0,0.4951367536273674,0.49513675362736714,183.39512869703125,52.03799159459987,13232759.43171446,6521439.759208709,0,0.0,,,,,0.0,0.0,0.0,0.0,0.0,0.0,0.0
2020-06-24 20:00:00,32.15,0.0,idle,sin_restriccion,0.0,0.0,0.0,0.0,0.0,0.0,0.4951367536273674,0.49513675362736714,183.39512869703125,52.03799159459987,13232759.43171446,6521439.759208709,0,0.0,,,,,0.0,0.0,0.0,0.0,0.0,0.0,0.0
2020-06-24 21:00:00,29.75,0.0,idle,sin_restriccion,0.0,0.0,0.0,0.0,0.0,0.0,0.4951367536273674,0.49513675362736714,183.39512869703125,52.03799159459987,13232759.43171446,6521439.759208709,0,0.0,,,,,0.0,0.0,0.0,0.0,0.0,0.0,0.0
2020-06-24 22:00:00,32.52,0.0,idle,sin_restriccion,0.0,0.0,0.0,0.0,0.0,0.0,0.4951367536273674,0.49513675362736714,183.39512869703125,52.03799159459987,13232759.43171446,6521439.759208709,0,0.0,,,,,0.0,0.0,0.0,0.0,0.0,0.0,0.0
2020-06-24 23:00:00,31.63,0.0,idle,sin_restriccion,0.0,0.0,0.0,0.0,0.0,0.0,0.4951367536273674,0.49513675362736714,183.39512869703125,52.03799159459987,13232759.43171446,6521439.759208709,0,0.0,,,,,0.0,0.0,0.0,0.0,0.0,0.0,0.0
2020-06-25 00:00:00,31.63,0.0,idle,sin_restriccion,0.0,0.0,0.0,0.0,0.0,0.0,0.4951367536273674,0.49513675362736714,183.39512869703125,52.03799159459987,13232759.43171446,6521439.759208709,0,0.0,,,,,0.0,0.0,0.0,0.0,0.0,0.0,0.0
2020-06-25 01:00:00,29.99,0.0,idle,sin_restriccion,0.0,0.0,0.0,0.0,0.0,0.0,0.4951367536273674,0.49513675362736714,183.39512869703125,52.03799159459987,13232759.43171446,6521439.759208709,0,0.0,,,,,0.0,0.0,0.0,0.0,0.0,0.0,0.0
2020-06-25 02:00:00,28.45,0.0,idle,sin_restriccion,0.0,0.0,0.0,0.0,0.0,0.0,0.4951367536273674,0.49513675362736714,183.39512869703125,52.03799159459987,13232759.43171446,6521439.759208709,0,0.0,,,,,0.0,0.0,0.0,0.0,0.0,0.0,0.0
2020-06-25 03:00:00,27.64,-100.0,charge,ok,-100.00000259553188,100.00000259553188,0.0,2764.0000717405014,0.0,-2764.0000717405014,0.5368942860895574,0.5368942860895571,197.17511440955394,56.00495717850792,14227045.578799168,7018582.832751063,100,0.5383503317832947,1.6806642088222867,1.2918923825087893,0.668120502053759,,90.47861344357865,2.7143584033073593,4.008723116370238,994286.1470847069,0.0,497143.07354235346,0.0
2020-06-25 04:00:00,27.72,-100.0,charge,ok,-100.00000474049615,100.00000474049615,0.0,2772.000131406553,0.0,-2772.000131406553,0.5786153963728747,0.5786153963728745,210.94308080304864,59.96846265542306,15220464.479527004,7515292.283114981,100,0.537880766391754,1.682192724606226,1.2935537067563792,0.667537732888476,,90.48191119298295,2.7144573357894886,4.005226587198459,993418.900727836,0.0,496709.450363918,0.0
2020-06-25 05:00:00,28.0,-100.0,charge,ok,-99.99999967640265,99.99999967640265,0.0,2799.999990939274,0.0,-2799.999990939274,0.6203026358329186,0.6203026358329183,224.69986982486316,63.92875040412723,16213076.884075938,8011598.485389448,100,0.5374440938234328,1.68361644165683,1.2951009574454275,0.6669958335190828,,90.48497128324875,2.7145491384974627,4.001974988164211,992612.4045489343,0.0,496306.20227446716,0.0
2020-06-25 06:00:00,28.0,-100.0,charge,ok,-100.00000634533359,100.00000634533359,0.0,2800.0001776693407,0.0,-2800.0001776693407,0.661958231271219,0.6619582312712188,238.4462163195023,67.88603197076577,17204935.814686105,8507527.950694531,100,0.5370361298322677,1.6849488499920615,1.2965488025540404,0.6664894847218272,,90.48784093650669,2.7146352280952004,3.9989371620768503,991858.9306101679,0.0,495929.46530508396,0.0
2020-06-25 07:00:00,28.0,-100.0,charge,ok,-100.00000332066853,100.00000332066853,0.0,2800.000092978719,0.0,-2800.000092978719,0.7035841300121912,0.703584130012191,252.18276290402312,71.84049235115815,18196087.63898451,9003103.862843733,100,0.5366532713174821,1.6862009435531258,1.2979092508478673,0.6660143577394256,,90.49052524564098,2.7147157573692295,3.9960862791333294,991151.8242984031,0.0,495575.91214920155,0.0
2020-06-25 08:00:00,28.2,-100.0,charge,ok,-100.00000022063476,100.00000022063476,0.0,2820.0000062219,0.0,-2820.0000062219,0.7451820585031752,0.7451820585031749,265.9100793060478,75.79229555780161,19186573.46530712,9498346.776005039,100,0.5362926706671715,1.6873818758403911,1.2991922578555768,0.6655668543872711,,90.4930532629825,2.7147915978894748,3.993401135134458,990485.826322613,0.0,495242.9131613065,0.0
2020-06-25 09:00:00,30.24,0.0,idle,sin_restriccion,0.0,0.0,0.0,0.0,0.0,0.0,0.7451820585031752,0.7451820585031749,265.9100793060478,75.79229555780161,19186573.46530712,9498346.776005039,0,0.0,,,,,0.0,0.0,0.0,0.0,0.0,0.0,0.0
2020-06-25 10:00:00,30.84,0.0,idle,sin_restriccion,0.0,0.0,0.0,0.0,0.0,0.0,0.7451820585031752,0.7451820585031749,265.9100793060478,75.79229555780161,19186573.46530712,9498346.776005039,0,0.0,,,,,0.0,0.0,0.0,0.0,0.0,0.0,0.0
2020-06-25 11:00:00,31.09,0.0,idle,sin_restriccion,0.0,0.0,0.0,0.0,0.0,0.0,0.7451820585031752,0.7451820585031749,265.9100793060478,75.79229555780161,19186573.46530712,9498346.776005039,0,0.0,,,,,0.0,0.0,0.0,0.0,0.0,0.0,0.0
2020-06-25 12:00:00,31.35,0.0,idle,sin_restriccion,0.0,0.0,0.0,0.0,0.0,0.0,0.7451820585031752,0.7451820585031749,265.9100793060478,75.79229555780161,19186573.46530712,9498346.776005039,0,0.0,,,,,0.0,0.0,0.0,0.0,0.0,0.0,0.0
2020-06-25 13:00:00,31.55,0.0,idle,sin_restriccion,0.0,0.0,0.0,0.0,0.0,0.0,0.7451820585031752,0.7451820585031749,265.9100793060478,75.79229555780161,19186573.46530712,9498346.776005039,0,0.0,,,,,0.0,0.0,0.0,0.0,0.0,0.0,0.0
2020-06-25 14:00:00,32.15,0.0,idle,sin_restriccion,0.0,0.0,0.0,0.0,0.0,0.0,0.7451820585031752,0.7451820585031749,265.9100793060478,75.79229555780161,19186573.46530712,9498346.776005039,0,0.0,,,,,0.0,0.0,0.0,0.0,0.0,0.0,0.0
2020-06-25 15:00:00,31.81,0.0,idle,sin_restriccion,0.0,0.0,0.0,0.0,0.0,0.0,0.7451820585031752,0.7451820585031749,265.9100793060478,75.79229555780161,19186573.46530712,9498346.776005039,0,0.0,,,,,0.0,0.0,0.0,0.0,0.0,0.0,0.0
2020-06-25 16:00:00,32.68,0.0,idle,sin_restriccion,0.0,0.0,0.0,0.0,0.0,0.0,0.7451820585031752,0.7451820585031749,265.9100793060478,75.79229555780161,19186573.46530712,9498346.776005039,0,0.0,,,,,0.0,0.0,0.0,0.0,0.0,0.0,0.0
2020-06-25 17:00:00,32.7,0.0,idle,sin_restriccion,0.0,0.0,0.0,0.0,0.0,0.0,0.7451820585031752,0.7451820585031749,265.9100793060478,75.79229555780161,19186573.46530712,9498346.776005039,0,0.0,,,,,0.0,0.0,0.0,0.0,0.0,0.0,0.0
2020-06-25 18:00:00,32.75,74.0,discharge,above_max_power,73.77500332747796,0.0,73.77500332747796,0.0,2416.1313589749034,2416.1313589749034,0.6199808008695386,0.6199808008695383,224.5936642869477,63.89817608260613,16205413.690710142,8007766.88870655,106,1.5,0.49827505543315975,1.3004061691628601,,0.36828206003009006,79.2257338138724,3.169029352554896,0.0,0.0,2981159.774596979,0.0,1490579.8872984895
2020-06-25 19:00:00,33.0,74.0,discharge,above_max_power,73.20227458348756,0.0,73.20227458348756,0.0,2415.6750612550895,2415.6750612550895,0.49477954323590195,0.49477954323590173,183.27724926784765,52.004056607410654,13224253.916113164,6517187.001408061,106,1.5,0.4944068557206741,1.2965379694503745,,0.36542301953992623,78.61069005958717,3.144427602383487,0.0,0.0,2981159.774596979,0.0,1490579.8872984895
2020-06-25 20:00:00,32.3,0.0,idle,sin_restriccion,0.0,0.0,0.0,0.0,0.0,0.0,0.49477954323590195,0.49477954323590173,183.27724926784765,52.004056607410654,13224253.916113164,6517187.001408061,0,0.0,,,,,0.0,0.0,0.0,0.0,0.0,0.0,0.0
2020-06-25 21:00:00,30.58,0.0,idle,sin_restriccion,0.0,0.0,0.0,0.0,0.0,0.0,0.49477954323590195,0.49477954323590173,183.27724926784765,52.004056607410654,13224253.916113164,6517187.001408061,0,0.0,,,,,0.0,0.0,0.0,0.0,0.0,0.0,0.0
2020-06-25 22:00:00,30.71,0.0,idle,sin_restriccion,0.0,0.0,0.0,0.0,0.0,0.0,0.49477954323590195,0.49477954323590173,183.27724926784765,52.004056607410654,13224253.916113164,6517187.001408061,0,0.0,,,,,0.0,0.0,0.0,0.0,0.0,0.0,0.0
2020-06-25 23:00:00,30.71,0.0,idle,sin_restriccion,0.0,0.0,0.0,0.0,0.0,0.0,0.49477954323590195,0.49477954323590173,183.27724926784765,52.004056607410654,13224253.916113164,6517187.001408061,0,0.0,,,,,0.0,0.0,0.0,0.0,0.0,0.0,0.0
2020-06-26 00:00:00,30.67,0.0,idle,sin_restriccion,0.0,0.0,0.0,0.0,0.0,0.0,0.49477954323590195,0.49477954323590173,183.27724926784765,52.004056607410654,13224253.916113164,6517187.001408061,0,0.0,,,,,0.0,0.0,0.0,0.0,0.0,0.0,0.0
2020-06-26 01:00:00,30.3,-100.0,charge,ok,-100.00000516615357,100.00000516615357,0.0,3030.0001565344533,0.0,-3030.0001565344533,0.5365374002521611,0.5365374002521609,197.05734208321317,55.97105302395527,14218547.791135704,7014333.938919331,100,0.5383545160293578,1.6806506457125852,1.2918776360991242,0.6681256777437474,,90.47858649870265,2.7143575949610796,4.008754273560876,994293.8750225402,0.0,497146.9375112701,0.0
2020-06-26 02:00:00,30.3,-100.0,charge,ok,-99.99999803478991,99.99999803478991,0.0,3029.9999404541345,0.0,-3029.9999404541345,0.578258808043375,0.5782588080433748,210.8254066543138,59.9345867641206,15211973.775806554,7511046.931254756,100,0.5378846019506454,1.6821801111929293,1.2935400083936148,0.6675425377780376,,90.48187795183011,2.7144563385549034,4.005255147956546,993425.9846708501,0.0,496712.99233542505,0.0
2020-06-26 03:00:00,30.3,-100.0,charge,ok,-99.9999989647922,99.9999989647922,0.0,3029.9999686332035,0.0,-3029.9999686332035,0.6199463269805341,0.6199463269805339,224.58228790357623,63.8949010631507,16204592.834968623,8007356.46083579,100,0.5374476969242096,1.6836046715121797,1.2950881678801818,0.6670003098993831,,90.48494532350614,2.714548359705184,4.002001817967263,992619.0591620689,0.0,496309.52958103444,0.0
2020-06-26 04:00:00,30.3,-100.0,charge,ok,-100.00000497009778,100.00000497009778,0.0,3030.0001505939626,0.0,-3030.0001505939626,0.6616021838651681,0.6616021838651679,238.32872067550548,67.85220746719094,17196457.990862045,8503289.038782502,100,0.5370395004749297,1.6849378100265544,1.2965368087394522,0.6664936770287568,,90.48781598279828,2.7146344794839483,3.9989622609248654,991865.1558934227,0.0,495932.57794671133,0.0
2020-06-26 05:00:00,30.3,-100.0,charge,ok,-99.9999957870276,99.9999957870276,0.0,3029.999872346936,0.0,-3029.999872346936,0.7032283260216922,0.7032283260216919,252.06534758715839,71.80669097206072,18187615.611113824,8998867.84890839,100,0.5366564095020294,1.6861905404747346,1.297897959530191,0.6660183025635519,,90.49049611874575,2.7147148835623724,3.996109647026308,991157.620251778,0.0,495578.810125889,0.0
2020-06-26 06:00:00,30.3,-100.0,charge,ok,-99.99999371209793,99.99999371209793,0.0,3029.9998094765674,0.0,-3029.9998094765674,0.7448264844051418,0.7448264844051414,265.79273985369673,75.75851601848844,19178106.911392402,9494113.49904768,100,0.5362956345081329,1.6873720482356407,1.299181591204139,0.6655705759856194,,90.49302632598209,2.7147907897794625,3.993423204811161,990491.3002785783,0.0,495245.65013928915,0.0
2020-06-26 07:00:00,30.3,0.0,idle,sin_restriccion,0.0,0.0,0.0,0.0,0.0,0.0,0.7448264844051418,0.7448264844051414,265.79273985369673,75.75851601848844,19178106.911392402,9494113.49904768,0,0.0,,,,,0.0,0.0,0.0,0.0,0.0,0.0,0.0
2020-06-26 08:00:00,31.87,0.0,idle,sin_restriccion,0.0,0.0,0.0,0.0,0.0,0.0,0.7448264844051418,0.7448264844051414,265.79273985369673,75.75851601848844,19178106.911392402,9494113.49904768,0,0.0,,,,,0.0,0.0,0.0,0.0,0.0,0.0,0.0
2020-06-26 09:00:00,31.81,0.0,idle,sin_restriccion,0.0,0.0,0.0,0.0,0.0,0.0,0.7448264844051418,0.7448264844051414,265.79273985369673,75.75851601848844,19178106.911392402,9494113.49904768,0,0.0,,,,,0.0,0.0,0.0,0.0,0.0,0.0,0.0
2020-06-26 10:00:00,32.24,0.0,idle,sin_restriccion,0.0,0.0,0.0,0.0,0.0,0.0,0.7448264844051418,0.7448264844051414,265.79273985369673,75.75851601848844,19178106.911392402,9494113.49904768,0,0.0,,,,,0.0,0.0,0.0,0.0,0.0,0.0,0.0
2020-06-26 11:00:00,31.44,0.0,idle,sin_restriccion,0.0,0.0,0.0,0.0,0.0,0.0,0.7448264844051418,0.7448264844051414,265.79273985369673,75.75851601848844,19178106.911392402,9494113.49904768,0,0.0,,,,,0.0,0.0,0.0,0.0,0.0,0.0,0.0
2020-06-26 12:00:00,31.37,0.0,idle,sin_restriccion,0.0,0.0,0.0,0.0,0.0,0.0,0.7448264844051418,0.7448264844051414,265.79273985369673,75.75851601848844,19178106.911392402,9494113.49904768,0,0.0,,,,,0.0,0.0,0.0,0.0,0.0,0.0,0.0
2020-06-26 13:00:00,31.42,0.0,idle,sin_restriccion,0.0,0.0,0.0,0.0,0.0,0.0,0.7448264844051418,0.7448264844051414,265.79273985369673,75.75851601848844,19178106.911392402,9494113.49904768,0,0.0,,,,,0.0,0.0,0.0,0.0,0.0,0.0,0.0
2020-06-26 14:00:00,31.53,0.0,idle,sin_restriccion,0.0,0.0,0.0,0.0,0.0,0.0,0.7448264844051418,0.7448264844051414,265.79273985369673,75.75851601848844,19178106.911392402,9494113.49904768,0,0.0,,,,,0.0,0.0,0.0,0.0,0.0,0.0,0.0
2020-06-26 15:00:00,31.87,0.0,idle,sin_restriccion,0.0,0.0,0.0,0.0,0.0,0.0,0.7448264844051418,0.7448264844051414,265.79273985369673,75.75851601848844,19178106.911392402,9494113.49904768,0,0.0,,,,,0.0,0.0,0.0,0.0,0.0,0.0,0.0
2020-06-26 16:00:00,32.16,0.0,idle,sin_restriccion,0.0,0.0,0.0,0.0,0.0,0.0,0.7448264844051418,0.7448264844051414,265.79273985369673,75.75851601848844,19178106.911392402,9494113.49904768,0,0.0,,,,,0.0,0.0,0.0,0.0,0.0,0.0,0.0
2020-06-26 17:00:00,32.91,0.0,idle,sin_restriccion,0.0,0.0,0.0,0.0,0.0,0.0,0.7448264844051418,0.7448264844051414,265.79273985369673,75.75851601848844,19178106.911392402,9494113.49904768,0,0.0,,,,,0.0,0.0,0.0,0.0,0.0,0.0,0.0
2020-06-26 18:00:00,51.87,0.0,idle,sin_restriccion,0.0,0.0,0.0,0.0,0.0,0.0,0.7448264844051418,0.7448264844051414,265.79273985369673,75.75851601848844,19178106.911392402,9494113.49904768,0,0.0,,,,,0.0,0.0,0.0,0.0,0.0,0.0,0.0
2020-06-26 19:00:00,59.56,74.0,discharge,above_max_power,73.77350680428246,0.0,73.77350680428246,0.0,4393.950065263064,4393.950065263064,0.6196252267715051,0.619625226771505,224.4763248345967,63.86439654329296,16196947.136795424,8003533.611749191,106,1.5,0.4982649479422133,1.3003960616719137,,0.36827458944221525,79.22412672281192,3.1689650689124766,0.0,0.0,2981159.774596979,0.0,1490579.8872984895
2020-06-26 20:00:00,59.56,74.0,discharge,above_max_power,73.2005015910489,0.0,73.2005015910489,0.0,4359.8218747628725,4359.8218747628725,0.49442396913786857,0.49442396913786835,183.15990981549666,51.97027706809748,13215787.362198446,6512953.724450702,106,1.5,0.49439488096139483,1.2965259946910952,,0.36541416882791977,78.60878607286179,3.1443514429144717,0.0,0.0,2981159.774596979,0.0,1490579.8872984895
2020-06-26 21:00:00,59.56,0.0,idle,sin_restriccion,0.0,0.0,0.0,0.0,0.0,0.0,0.49442396913786857,0.49442396913786835,183.15990981549666,51.97027706809748,13215787.362198446,6512953.724450702,0,0.0,,,,,0.0,0.0,0.0,0.0,0.0,0.0,0.0
2020-06-26 22:00:00,35.63,0.0,idle,sin_restriccion,0.0,0.0,0.0,0.0,0.0,0.0,0.49442396913786857,0.49442396913786835,183.15990981549666,51.97027706809748,13215787.362198446,6512953.724450702,0,0.0,,,,,0.0,0.0,0.0,0.0,0.0,0.0,0.0
2020-06-26 23:00:00,35.23,0.0,idle,sin_restriccion,0.0,0.0,0.0,0.0,0.0,0.0,0.49442396913786857,0.49442396913786835,183.15990981549666,51.97027706809748,13215787.362198446,6512953.724450702,0,0.0,,,,,0.0,0.0,0.0,0.0,0.0,0.0,0.0
2020-06-27 00:00:00,33.14,0.0,idle,sin_restriccion,0.0,0.0,0.0,0.0,0.0,0.0,0.49442396913786857,0.49442396913786835,183.15990981549666,51.97027706809748,13215787.362198446,6512953.724450702,0,0.0,,,,,0.0,0.0,0.0,0.0,0.0,0.0,0.0
2020-06-27 01:00:00,37.41,0.0,idle,sin_restriccion,0.0,0.0,0.0,0.0,0.0,0.0,0.49442396913786857,0.49442396913786835,183.15990981549666,51.97027706809748,13215787.362198446,6512953.724450702,0,0.0,,,,,0.0,0.0,0.0,0.0,0.0,0.0,0.0
2020-06-27 02:00:00,35.77,0.0,idle,sin_restriccion,0.0,0.0,0.0,0.0,0.0,0.0,0.49442396913786857,0.49442396913786835,183.15990981549666,51.97027706809748,13215787.362198446,6512953.724450702,0,0.0,,,,,0.0,0.0,0.0,0.0,0.0,0.0,0.0
2020-06-27 03:00:00,33.02,0.0,idle,sin_restriccion,0.0,0.0,0.0,0.0,0.0,0.0,0.49442396913786857,0.49442396913786835,183.15990981549666,51.97027706809748,13215787.362198446,6512953.724450702,0,0.0,,,,,0.0,0.0,0.0,0.0,0.0,0.0,0.0
2020-06-27 04:00:00,32.13,0.0,idle,sin_restriccion,0.0,0.0,0.0,0.0,0.0,0.0,0.49442396913786857,0.49442396913786835,183.15990981549666,51.97027706809748,13215787.362198446,6512953.724450702,0,0.0,,,,,0.0,0.0,0.0,0.0,0.0,0.0,0.0
2020-06-27 05:00:00,31.0,0.0,idle,sin_restriccion,0.0,0.0,0.0,0.0,0.0,0.0,0.49442396913786857,0.49442396913786835,183.15990981549666,51.97027706809748,13215787.362198446,6512953.724450702,0,0.0,,,,,0.0,0.0,0.0,0.0,0.0,0.0,0.0
2020-06-27 06:00:00,30.9,-100.0,charge,ok,-99.99999930850099,99.99999930850099,0.0,3089.9999786326803,0.0,-3089.9999786326803,0.5361821462005015,0.5361821462005013,196.94010824616552,55.937303889047605,14210088.85782635,7010104.472264654,100,0.5383586421608925,1.680637124246724,1.2918629477704722,0.6681308376222443,,90.47855201746535,2.71435656052396,4.008784998012757,994301.4956279038,0.0,497150.7478139519,0.0
2020-06-27 07:00:00,30.88,-100.0,charge,ok,-99.99999442666571,99.99999442666571,0.0,3087.999827895437,0.0,-3087.999827895437,0.5779038514996123,0.5779038514996121,210.70827099487204,59.90086589246314,15203521.926440215,7506821.006571586,100,0.5378884375095366,1.682167552240135,1.2935263644934603,0.6675473219904159,,90.4818476303688,2.714455428911064,4.005283708714632,993433.0686138642,0.0,496716.5343069321,0.0
2020-06-27 08:00:00,30.57,-100.0,charge,ok,-100.00000117515212,100.00000117515212,0.0,3057.0000359244004,0.0,-3057.0000359244004,0.6195916499138864,0.6195916499138862,224.46524447158254,63.861206741819174,16196147.640215417,8003133.863459188,100,0.5374513000249861,1.6835929527702693,1.2950754297195388,0.6670047667900647,,90.48492211792863,2.714547663537859,4.002028647770312,992625.713775203,0.0,496312.8568876015,0.0
2020-06-27 09:00:00,31.7,-100.0,charge,ok,-100.0000063596363,100.0000063596363,0.0,3170.0002016004705,0.0,-3170.0002016004705,0.6612477682448539,0.6612477682448537,238.2117635208018,67.8185379832611,17188019.021392096,8499069.554047527,100,0.5370428711175919,1.6849268187245545,1.2965248635900044,0.666497850908641,,90.48779363508649,2.7146338090525948,3.9989873597728813,991871.3811766776,0.0,495935.6905883388,0.0
2020-06-27 10:00:00,32.0,-100.0,charge,ok,-99.99999087671014,99.99999087671014,0.0,3199.9997080547246,0.0,-3199.9997080547246,0.7028741538169297,0.7028741538169296,251.94847075958685,71.77304461260832,18179182.43759725,8994651.262150103,100,0.5366595476865768,1.6861801835932009,1.2978867144107897,0.6660222299163531,,90.4904694645196,2.714714083935588,3.996133014919287,991163.416205153,0.0,495581.7081025765,0.0
2020-06-27 11:00:00,32.4,-100.0,charge,ok,-100.00000147116245,100.00000147116245,0.0,3240.0000476656633,0.0,-3240.0000476656633,0.7444725466005405,0.7444725466005401,265.6759403781783,75.72489192705132,19169679.31916426,9489899.70293361,100,0.5362986564636231,1.6873622810476407,1.2991709685188602,0.6655742747460917,,90.49301242932441,2.7147903728797322,3.993445707226623,990496.8815670138,0.0,495248.4407835069,0.0
2020-06-27 12:00:00,32.52,0.0,idle,sin_restriccion,0.0,0.0,0.0,0.0,0.0,0.0,0.7444725466005405,0.7444725466005401,265.6759403781783,75.72489192705132,19169679.31916426,9489899.70293361,0,0.0,,,,,0.0,0.0,0.0,0.0,0.0,0.0,0.0
2020-06-27 13:00:00,32.4,0.0,idle,sin_restriccion,0.0,0.0,0.0,0.0,0.0,0.0,0.7444725466005405,0.7444725466005401,265.6759403781783,75.72489192705132,19169679.31916426,9489899.70293361,0,0.0,,,,,0.0,0.0,0.0,0.0,0.0,0.0,0.0
2020-06-27 14:00:00,32.24,0.0,idle,sin_restriccion,0.0,0.0,0.0,0.0,0.0,0.0,0.7444725466005405,0.7444725466005401,265.6759403781783,75.72489192705132,19169679.31916426,9489899.70293361,0,0.0,,,,,0.0,0.0,0.0,0.0,0.0,0.0,0.0
2020-06-27 15:00:00,31.93,0.0,idle,sin_restriccion,0.0,0.0,0.0,0.0,0.0,0.0,0.7444725466005405,0.7444725466005401,265.6759403781783,75.72489192705132,19169679.31916426,9489899.70293361,0,0.0,,,,,0.0,0.0,0.0,0.0,0.0,0.0,0.0
2020-06-27 16:00:00,31.93,0.0,idle,sin_restriccion,0.0,0.0,0.0,0.0,0.0,0.0,0.7444725466005405,0.7444725466005401,265.6759403781783,75.72489192705132,19169679.31916426,9489899.70293361,0,0.0,,,,,0.0,0.0,0.0,0.0,0.0,0.0,0.0
2020-06-27 17:00:00,32.4,0.0,idle,sin_restriccion,0.0,0.0,0.0,0.0,0.0,0.0,0.7444725466005405,0.7444725466005401,265.6759403781783,75.72489192705132,19169679.31916426,9489899.70293361,0,0.0,,,,,0.0,0.0,0.0,0.0,0.0,0.0,0.0
2020-06-27 18:00:00,33.66,0.0,idle,sin_restriccion,0.0,0.0,0.0,0.0,0.0,0.0,0.7444725466005405,0.7444725466005401,265.6759403781783,75.72489192705132,19169679.31916426,9489899.70293361,0,0.0,,,,,0.0,0.0,0.0,0.0,0.0,0.0,0.0
2020-06-27 19:00:00,43.67,74.0,discharge,above_max_power,73.77201650937741,0.0,73.77201650937741,0.0,3221.6239609645118,3221.6239609645118,0.6192712889669039,0.6192712889669036,224.35952535907828,63.83077245185583,16188519.544567283,7999319.8156351205,106,1.5,0.49825488251702954,1.30038599624673,,0.3682671499457336,79.2225263202077,3.1689010528083084,0.0,0.0,2981159.774596979,0.0,1490579.8872984895
2020-06-27 20:00:00,43.67,74.0,discharge,above_max_power,73.19873583331982,0.0,73.19873583331982,0.0,3196.5887938410765,3196.5887938410765,0.49407003133326727,0.494070031333267,183.0431103399782,51.936652976660355,13207359.769970305,6508739.9283366315,106,1.5,0.49438295506521535,1.2965140687949157,,0.36540535423131315,78.60688985536923,3.1442755942147693,0.0,0.0,2981159.774596979,0.0,1490579.8872984895
2020-06-27 21:00:00,43.67,0.0,idle,sin_restriccion,0.0,0.0,0.0,0.0,0.0,0.0,0.49407003133326727,0.494070031333267,183.0431103399782,51.936652976660355,13207359.769970305,6508739.9283366315,0,0.0,,,,,0.0,0.0,0.0,0.0,0.0,0.0,0.0
2020-06-27 22:00:00,43.67,0.0,idle,sin_restriccion,0.0,0.0,0.0,0.0,0.0,0.0,0.49407003133326727,0.494070031333267,183.0431103399782,51.936652976660355,13207359.769970305,6508739.9283366315,0,0.0,,,,,0.0,0.0,0.0,0.0,0.0,0.0,0.0
2020-06-27 23:00:00,43.67,0.0,idle,sin_restriccion,0.0,0.0,0.0,0.0,0.0,0.0,0.49407003133326727,0.494070031333267,183.0431103399782,51.936652976660355,13207359.769970305,6508739.9283366315,0,0.0,,,,,0.0,0.0,0.0,0.0,0.0,0.0,0.0
2020-06-28 00:00:00,43.67,74.0,discharge,above_max_power,72.50792098489521,0.0,72.50792098489521,0.0,3166.420909410374,3166.420909410374,0.36886877369963067,0.3688687736996304,141.72669532087815,40.04253350146488,10226199.995373327,5018160.0410381425,106,1.5,0.4897172039114689,1.2918483176411693,,0.3619568323200653,77.86503542192355,3.1146014168769423,0.0,0.0,2981159.774596979,0.0,1490579.8872984895
2020-06-28 01:00:00,40.76,0.0,idle,sin_restriccion,0.0,0.0,0.0,0.0,0.0,0.0,0.36886877369963067,0.3688687736996304,141.72669532087815,40.04253350146488,10226199.995373327,5018160.0410381425,0,0.0,,,,,0.0,0.0,0.0,0.0,0.0,0.0,0.0
2020-06-28 02:00:00,33.12,0.0,idle,sin_restriccion,0.0,0.0,0.0,0.0,0.0,0.0,0.36886877369963067,0.3688687736996304,141.72669532087815,40.04253350146488,10226199.995373327,5018160.0410381425,0,0.0,,,,,0.0,0.0,0.0,0.0,0.0,0.0,0.0
2020-06-28 03:00:00,32.75,0.0,idle,sin_restriccion,0.0,0.0,0.0,0.0,0.0,0.0,0.36886877369963067,0.3688687736996304,141.72669532087815,40.04253350146488,10226199.995373327,5018160.0410381425,0,0.0,,,,,0.0,0.0,0.0,0.0,0.0,0.0,0.0
2020-06-28 04:00:00,32.4,0.0,idle,sin_restriccion,0.0,0.0,0.0,0.0,0.0,0.0,0.36886877369963067,0.3688687736996304,141.72669532087815,40.04253350146488,10226199.995373327,5018160.0410381425,0,0.0,,,,,0.0,0.0,0.0,0.0,0.0,0.0,0.0
2020-06-28 05:00:00,32.33,0.0,idle,sin_restriccion,0.0,0.0,0.0,0.0,0.0,0.0,0.36886877369963067,0.3688687736996304,141.72669532087815,40.04253350146488,10226199.995373327,5018160.0410381425,0,0.0,,,,,0.0,0.0,0.0,0.0,0.0,0.0,0.0
2020-06-28 06:00:00,31.57,0.0,idle,sin_restriccion,0.0,0.0,0.0,0.0,0.0,0.0,0.36886877369963067,0.3688687736996304,141.72669532087815,40.04253350146488,10226199.995373327,5018160.0410381425,0,0.0,,,,,0.0,0.0,0.0,0.0,0.0,0.0,0.0
2020-06-28 07:00:00,31.23,0.0,idle,sin_restriccion,0.0,0.0,0.0,0.0,0.0,0.0,0.36886877369963067,0.3688687736996304,141.72669532087815,40.04253350146488,10226199.995373327,5018160.0410381425,0,0.0,,,,,0.0,0.0,0.0,0.0,0.0,0.0,0.0
2020-06-28 08:00:00,31.1,-100.0,charge,ok,-100.00000841657206,100.00000841657206,0.0,3110.000261755391,0.0,-3110.000261755391,0.41075647938972715,0.4107564793897269,155.54963819860998,44.021865542024045,11223585.689524086,5516852.888113522,100,0.5400285631418227,1.6752232408012466,1.2859770129564694,0.6702032346334063,,90.4668399671685,2.714005199015055,4.021219746249266,997385.6941507596,0.0,498692.8470753798,0.0
2020-06-28 09:00:00,30.82,-100.0,charge,ok,-99.9999981497921,99.9999981497921,0.0,3081.9999429765926,0.0,-3081.9999429765926,0.45259707064745025,0.45259707064745,169.35703331365858,47.996721711507746,12219849.544699349,6014984.815701153,100,0.5394211500883102,1.677188473439866,1.288113902469217,0.6694494725097768,,90.47109352577898,2.7141328057733696,4.01669676074142,996263.8551752632,0.0,498131.9275876316,0.0
2020-06-28 10:00:00,31.21,-100.0,charge,ok,-100.00000294364229,100.00000294364229,0.0,3121.0000918710757,0.0,-3121.0000918710757,0.49439472159874503,0.4943947215987448,183.1502581275859,51.967498551880745,13215090.950766252,6512605.518734605,100,0.5388675510883331,1.678983701912243,1.2900656255300489,0.6687623955347436,,90.47498357666741,2.714249507300022,4.0125744913242976,995241.4060669033,0.0,497620.70303345163,0.0
2020-06-28 11:00:00,31.87,0.0,idle,sin_restriccion,0.0,0.0,0.0,0.0,0.0,0.0,0.49439472159874503,0.4943947215987448,183.1502581275859,51.967498551880745,13215090.950766252,6512605.518734605,0,0.0,,,,,0.0,0.0,0.0,0.0,0.0,0.0,0.0
2020-06-28 12:00:00,31.87,-100.0,charge,ok,-100.00000067871805,100.00000067871805,0.0,3187.0000216307444,0.0,-3187.0000216307444,0.5361529257075504,0.5361529257075501,196.93046548349164,55.934527942217265,14209393.090388976,7009756.588545967,100,0.5383589908480643,1.6806360142540062,1.291861739169743,0.6681312612061574,,90.47855086166997,2.714356525850099,4.00878759444531,994302.139622723,0.0,497151.0698113615,0.0
2020-06-28 13:00:00,31.36,-100.0,charge,ok,-100.00000081756951,100.00000081756951,0.0,3136.00002563898,0.0,-3136.00002563898,0.5778746580528336,0.5778746580528333,210.6986371574351,59.89809251501916,15202826.80299766,7506473.444850309,100,0.5378887861967085,1.682166528265164,1.2935252418870158,0.6675477120668645,,90.48185120692806,2.7144555362078417,4.0052863051471865,993433.7126086837,0.0,496716.85630434187,0.0
2020-06-28 14:00:00,31.79,-100.0,charge,ok,-100.0000001728677,100.0000001728677,0.0,3179.000005495464,0.0,-3179.000005495464,0.6195624790055847,0.6195624790055845,224.45561807184293,63.858435505530515,16195453.053435212,8002786.570069085,100,0.5374515905976295,1.6835919870132372,1.2950743817513997,0.6670051340909813,,90.4849191337688,2.714547574013064,4.002030811464107,992626.2504375526,0.0,496313.1252187763,0.0
2020-06-28 15:00:00,31.89,0.0,idle,sin_restriccion,0.0,0.0,0.0,0.0,0.0,0.0,0.6195624790055847,0.6195624790055845,224.45561807184293,63.858435505530515,16195453.053435212,8002786.570069085,0,0.0,,,,,0.0,0.0,0.0,0.0,0.0,0.0,0.0
2020-06-28 16:00:00,32.4,0.0,idle,sin_restriccion,0.0,0.0,0.0,0.0,0.0,0.0,0.6195624790055847,0.6195624790055845,224.45561807184293,63.858435505530515,16195453.053435212,8002786.570069085,0,0.0,,,,,0.0,0.0,0.0,0.0,0.0,0.0,0.0
2020-06-28 17:00:00,32.49,0.0,idle,sin_restriccion,0.0,0.0,0.0,0.0,0.0,0.0,0.6195624790055847,0.6195624790055845,224.45561807184293,63.858435505530515,16195453.053435212,8002786.570069085,0,0.0,,,,,0.0,0.0,0.0,0.0,0.0,0.0,0.0
2020-06-28 18:00:00,33.4,0.0,idle,sin_restriccion,0.0,0.0,0.0,0.0,0.0,0.0,0.6195624790055847,0.6195624790055845,224.45561807184293,63.858435505530515,16195453.053435212,8002786.570069085,0,0.0,,,,,0.0,0.0,0.0,0.0,0.0,0.0,0.0
2020-06-28 19:00:00,39.55,0.0,idle,sin_restriccion,0.0,0.0,0.0,0.0,0.0,0.0,0.6195624790055847,0.6195624790055845,224.45561807184293,63.858435505530515,16195453.053435212,8002786.570069085,0,0.0,,,,,0.0,0.0,0.0,0.0,0.0,0.0,0.0
2020-06-28 20:00:00,43.6,74.0,discharge,above_max_power,73.2001886164574,0.0,73.2001886164574,0.0,3191.5282236775424,3191.5282236775424,0.494361221371948,0.49436122137194777,183.13920305274286,51.96431603033503,13214293.278838232,6512206.682770595,106,1.5,0.4943927671365912,1.2965238808662916,,0.36541260647045315,78.608449974718,3.14433799898872,0.0,0.0,2981159.774596979,0.0,1490579.8872984895
2020-06-28 21:00:00,43.6,0.0,idle,sin_restriccion,0.0,0.0,0.0,0.0,0.0,0.0,0.494361221371948,0.49436122137194777,183.13920305274286,51.96431603033503,13214293.278838232,6512206.682770595,0,0.0,,,,,0.0,0.0,0.0,0.0,0.0,0.0,0.0
2020-06-28 22:00:00,43.6,0.0,idle,sin_restriccion,0.0,0.0,0.0,0.0,0.0,0.0,0.494361221371948,0.49436122137194777,183.13920305274286,51.96431603033503,13214293.278838232,6512206.682770595,0,0.0,,,,,0.0,0.0,0.0,0.0,0.0,0.0,0.0
2020-06-28 23:00:00,41.89,0.0,idle,sin_restriccion,0.0,0.0,0.0,0.0,0.0,0.0,0.494361221371948,0.49436122137194777,183.13920305274286,51.96431603033503,13214293.278838232,6512206.682770595,0,0.0,,,,,0.0,0.0,0.0,0.0,0.0,0.0,0.0
2020-06-29 00:00:00,34.66,0.0,idle,sin_restriccion,0.0,0.0,0.0,0.0,0.0,0.0,0.494361221371948,0.49436122137194777,183.13920305274286,51.96431603033503,13214293.278838232,6512206.682770595,0,0.0,,,,,0.0,0.0,0.0,0.0,0.0,0.0,0.0
2020-06-29 01:00:00,32.69,0.0,idle,sin_restriccion,0.0,0.0,0.0,0.0,0.0,0.0,0.494361221371948,0.49436122137194777,183.13920305274286,51.96431603033503,13214293.278838232,6512206.682770595,0,0.0,,,,,0.0,0.0,0.0,0.0,0.0,0.0,0.0
2020-06-29 02:00:00,30.69,0.0,idle,sin_restriccion,0.0,0.0,0.0,0.0,0.0,0.0,0.494361221371948,0.49436122137194777,183.13920305274286,51.96431603033503,13214293.278838232,6512206.682770595,0,0.0,,,,,0.0,0.0,0.0,0.0,0.0,0.0,0.0
2020-06-29 03:00:00,29.89,0.0,idle,sin_restriccion,0.0,0.0,0.0,0.0,0.0,0.0,0.494361221371948,0.49436122137194777,183.13920305274286,51.96431603033503,13214293.278838232,6512206.682770595,0,0.0,,,,,0.0,0.0,0.0,0.0,0.0,0.0,0.0
2020-06-29 04:00:00,30.95,0.0,idle,sin_restriccion,0.0,0.0,0.0,0.0,0.0,0.0,0.494361221371948,0.49436122137194777,183.13920305274286,51.96431603033503,13214293.278838232,6512206.682770595,0,0.0,,,,,0.0,0.0,0.0,0.0,0.0,0.0,0.0
2020-06-29 05:00:00,30.61,0.0,idle,sin_restriccion,0.0,0.0,0.0,0.0,0.0,0.0,0.494361221371948,0.49436122137194777,183.13920305274286,51.96431603033503,13214293.278838232,6512206.682770595,0,0.0,,,,,0.0,0.0,0.0,0.0,0.0,0.0,0.0
2020-06-29 06:00:00,29.42,-100.0,charge,ok,-100.0000037405311,100.0000037405311,0.0,2942.000110046425,0.0,-2942.000110046425,0.5361194570346212,0.5361194570346209,196.919420821425,55.93134841828898,14208596.169788245,7009358.128245601,100,0.5383593976497649,1.6806347448828012,1.2918603547558796,0.6681317456110947,,90.47855089243713,2.7143565267731136,4.008790623616623,994302.8909500126,0.0,497151.4454750063,0.0
2020-06-29 07:00:00,28.78,-100.0,charge,ok,-99.99999789084046,99.99999789084046,0.0,2877.9999392983887,0.0,-2877.9999392983887,0.5778412164260768,0.5778412164260766,210.68760142060538,59.89491556047727,15202030.526391748,7506075.306547353,100,0.5378891348838806,1.6821653410137816,1.293523956004177,0.6675481643429457,,90.4818460009551,2.714455380028653,4.00528890157974,993434.3566035032,0.0,496717.1783017516,0.0
2020-06-29 08:00:00,28.78,-100.0,charge,ok,-99.99999047172152,99.99999047172152,0.0,2877.999725776145,0.0,-2877.999725776145,0.6195290599173049,0.6195290599173047,224.4445897727106,63.85526069214394,16194657.31349165,8002388.700097304,100,0.5374518811702728,1.6835908686985437,1.2950731812256113,0.6670055594137974,,90.4849079503126,2.714547238509378,4.002032975157902,992626.7870999022,0.0,496313.3935499511,0.0
2020-06-29 09:00:00,30.45,-100.0,charge,ok,-100.00000380054271,100.00000380054271,0.0,3045.0001157265256,0.0,-3045.0001157265256,0.6611852233252264,0.6611852233252262,238.19112369732474,67.81259621589649,17186529.767993025,8498324.927347992,100,0.5370434522628783,1.6849248745666634,1.2965227549758218,0.6664985891961814,,90.48778714408782,2.7146336143226346,3.9989916871604705,991872.4545013767,0.0,495936.22725068836,0.0
2020-06-29 10:00:00,30.31,-100.0,charge,ok,-99.99999551160676,99.99999551160676,0.0,3030.9998639568007,0.0,-3030.9998639568007,0.7028116539742564,0.7028116539742562,251.9278458115046,71.76710712755433,18177694.257522877,8993907.172112918,100,0.5366601288318633,1.6861783630421256,1.2978847293713762,0.6660229202782071,,90.49046975436875,2.7147140926310622,3.996137342306876,991164.489529852,0.0,495582.244764926,0.0
2020-06-29 11:00:00,30.41,-100.0,charge,ok,-100.00000073501892,100.00000073501892,0.0,3041.000022351925,0.0,-3041.000022351925,0.7444100873271258,0.7444100873271254,265.6553288179515,75.71895829607692,19168192.10508212,9489156.09589254,100,0.5362991794943809,1.6873605540435315,1.2991690934480478,0.6655749287538071,,90.49300806447299,2.7147902419341894,3.993449601875452,990497.8475592427,0.0,495248.9237796214,0.0
2020-06-29 12:00:00,30.71,0.0,idle,sin_restriccion,0.0,0.0,0.0,0.0,0.0,0.0,0.7444100873271258,0.7444100873271254,265.6553288179515,75.71895829607692,19168192.10508212,9489156.09589254,0,0.0,,,,,0.0,0.0,0.0,0.0,0.0,0.0,0.0
2020-06-29 13:00:00,30.78,0.0,idle,sin_restriccion,0.0,0.0,0.0,0.0,0.0,0.0,0.7444100873271258,0.7444100873271254,265.6553288179515,75.71895829607692,19168192.10508212,9489156.09589254,0,0.0,,,,,0.0,0.0,0.0,0.0,0.0,0.0,0.0
2020-06-29 14:00:00,31.71,0.0,idle,sin_restriccion,0.0,0.0,0.0,0.0,0.0,0.0,0.7444100873271258,0.7444100873271254,265.6553288179515,75.71895829607692,19168192.10508212,9489156.09589254,0,0.0,,,,,0.0,0.0,0.0,0.0,0.0,0.0,0.0
2020-06-29 15:00:00,31.39,0.0,idle,sin_restriccion,0.0,0.0,0.0,0.0,0.0,0.0,0.7444100873271258,0.7444100873271254,265.6553288179515,75.71895829607692,19168192.10508212,9489156.09589254,0,0.0,,,,,0.0,0.0,0.0,0.0,0.0,0.0,0.0
2020-06-29 16:00:00,32.24,0.0,idle,sin_restriccion,0.0,0.0,0.0,0.0,0.0,0.0,0.7444100873271258,0.7444100873271254,265.6553288179515,75.71895829607692,19168192.10508212,9489156.09589254,0,0.0,,,,,0.0,0.0,0.0,0.0,0.0,0.0,0.0
2020-06-29 17:00:00,32.46,0.0,idle,sin_restriccion,0.0,0.0,0.0,0.0,0.0,0.0,0.7444100873271258,0.7444100873271254,265.6553288179515,75.71895829607692,19168192.10508212,9489156.09589254,0,0.0,,,,,0.0,0.0,0.0,0.0,0.0,0.0,0.0
2020-06-29 18:00:00,33.81,0.0,idle,sin_restriccion,0.0,0.0,0.0,0.0,0.0,0.0,0.7444100873271258,0.7444100873271254,265.6553288179515,75.71895829607692,19168192.10508212,9489156.09589254,0,0.0,,,,,0.0,0.0,0.0,0.0,0.0,0.0,0.0
2020-06-29 19:00:00,66.57,74.0,discharge,above_max_power,73.77175344934875,0.0,73.77175344934875,0.0,4910.985627123146,4910.985627123146,0.6192088296934891,0.6192088296934889,224.33891379885142,63.82483882088143,16187032.330485143,7998576.20859405,106,1.5,0.49825310581429216,1.3003842195439925,,0.36826583675989977,79.22224382447246,3.1688897529788984,0.0,0.0,2981159.774596979,0.0,1490579.8872984895
2020-06-29 20:00:00,68.48,74.0,discharge,above_max_power,73.19842413490677,0.0,73.19842413490677,0.0,5012.628084758416,5012.628084758416,0.4940075720598526,0.4940075720598523,183.02249877975137,51.93071934568597,13205872.555888165,6507996.321295561,106,1.5,0.4943808498596981,1.2965119635893985,,0.36540379824448177,78.60655512769199,3.1442622051076796,0.0,0.0,2981159.774596979,0.0,1490579.8872984895
2020-06-29 21:00:00,54.9,0.0,idle,sin_restriccion,0.0,0.0,0.0,0.0,0.0,0.0,0.4940075720598526,0.4940075720598523,183.02249877975137,51.93071934568597,13205872.555888165,6507996.321295561,0,0.0,,,,,0.0,0.0,0.0,0.0,0.0,0.0,0.0
2020-06-29 22:00:00,38.9,0.0,idle,sin_restriccion,0.0,0.0,0.0,0.0,0.0,0.0,0.4940075720598526,0.4940075720598523,183.02249877975137,51.93071934568597,13205872.555888165,6507996.321295561,0,0.0,,,,,0.0,0.0,0.0,0.0,0.0,0.0,0.0
2020-06-29 23:00:00,37.01,0.0,idle,sin_restriccion,0.0,0.0,0.0,0.0,0.0,0.0,0.4940075720598526,0.4940075720598523,183.02249877975137,51.93071934568597,13205872.555888165,6507996.321295561,0,0.0,,,,,0.0,0.0,0.0,0.0,0.0,0.0,0.0
2020-06-30 00:00:00,35.35,0.0,idle,sin_restriccion,0.0,0.0,0.0,0.0,0.0,0.0,0.4940075720598526,0.4940075720598523,183.02249877975137,51.93071934568597,13205872.555888165,6507996.321295561,0,0.0,,,,,0.0,0.0,0.0,0.0,0.0,0.0,0.0
2020-06-30 01:00:00,33.27,0.0,idle,sin_restriccion,0.0,0.0,0.0,0.0,0.0,0.0,0.4940075720598526,0.4940075720598523,183.02249877975137,51.93071934568597,13205872.555888165,6507996.321295561,0,0.0,,,,,0.0,0.0,0.0,0.0,0.0,0.0,0.0
2020-06-30 02:00:00,32.71,0.0,idle,sin_restriccion,0.0,0.0,0.0,0.0,0.0,0.0,0.4940075720598526,0.4940075720598523,183.02249877975137,51.93071934568597,13205872.555888165,6507996.321295561,0,0.0,,,,,0.0,0.0,0.0,0.0,0.0,0.0,0.0
2020-06-30 03:00:00,32.0,-100.0,charge,ok,-99.99999004597277,99.99999004597277,0.0,3199.9996814711285,0.0,-3199.9996814711285,0.535766123261204,0.5357661232612038,196.80282067619734,55.89778170981435,14200182.96011107,7005151.523407014,100,0.5383634656667708,1.680621275446068,1.291845734893865,0.6681368857281516,,90.47850943224539,2.7143552829673614,4.0088209153297445,994310.4042229062,0.0,497155.2021114531,0.0
2020-06-30 04:00:00,30.95,-100.0,charge,ok,-99.99999793543147,99.99999793543147,0.0,3094.999936101604,0.0,-3094.999936101604,0.5774881801605565,0.5774881801605563,210.57109945298362,59.861377115252836,15193624.400657589,7501872.243680273,100,0.537892970442772,1.6821528462801227,1.2935103763256484,0.6675529241717254,,90.48181912243788,2.7144545736731365,4.0053174623378265,993441.4405465174,0.0,496720.7202732587,0.0
2020-06-30 05:00:00,30.95,-100.0,charge,ok,-99.99999612730606,99.99999612730606,0.0,3094.9998801401225,0.0,-3094.9998801401225,0.6191763031288997,0.6191763031288995,224.32818003253686,63.821748797245434,16186257.842370626,7998188.964536792,100,0.5374554842710495,1.68357921056158,1.2950605036720786,0.6670099933247476,,90.48488799210452,2.7145466397631353,4.002059804960953,992633.4417130367,0.0,496316.72085651837,0.0
2020-06-30 06:00:00,30.95,-100.0,charge,ok,-100.00000844950182,100.00000844950182,0.0,3095.000261512081,0.0,-3095.000261512081,0.6608327279831546,0.6608327279831545,238.07480023444108,67.77910915839968,17178136.522155255,8494128.304429106,100,0.5370468229055403,1.684913940632837,1.2965108671964625,0.6665027413519196,,90.48776786861193,2.7146330360583577,3.9990167860084846,991878.6797846312,0.0,495939.3398923156,0.0
2020-06-30 07:00:00,30.88,-100.0,charge,ok,-99.99999369356885,99.99999369356885,0.0,3087.999805257406,0.0,-3087.999805257406,0.7024594020477365,0.7024594020477363,251.81160267575302,71.73364319453493,18169306.80763848,8989713.44717072,100,0.5366632670164109,1.686168060614982,1.2978735387080456,0.6660268270358326,,90.49044601483618,2.7147133804450854,3.9961607101998555,991170.2854832272,0.0,495585.1427416136,0.0
2020-06-30 08:00:00,30.85,-100.0,charge,ok,-99.99999966285667,99.99999966285667,0.0,3084.999989599128,0.0,-3084.999989599128,0.7440580652930716,0.7440580652930712,265.53916154671356,75.68551620284177,19159810.12915369,9484965.107928324,100,0.5363021433353424,1.687350822222214,1.2991585225828246,0.6655786141693132,,90.49298625164258,2.7147895875492773,3.9934716715521557,990503.3215152082,0.0,495251.6607576041,0.0
2020-06-30 09:00:00,31.58,0.0,idle,sin_restriccion,0.0,0.0,0.0,0.0,0.0,0.0,0.7440580652930716,0.7440580652930712,265.53916154671356,75.68551620284177,19159810.12915369,9484965.107928324,0,0.0,,,,,0.0,0.0,0.0,0.0,0.0,0.0,0.0
2020-06-30 10:00:00,32.73,0.0,idle,sin_restriccion,0.0,0.0,0.0,0.0,0.0,0.0,0.7440580652930716,0.7440580652930712,265.53916154671356,75.68551620284177,19159810.12915369,9484965.107928324,0,0.0,,,,,0.0,0.0,0.0,0.0,0.0,0.0,0.0
2020-06-30 11:00:00,32.91,0.0,idle,sin_restriccion,0.0,0.0,0.0,0.0,0.0,0.0,0.7440580652930716,0.7440580652930712,265.53916154671356,75.68551620284177,19159810.12915369,9484965.107928324,0,0.0,,,,,0.0,0.0,0.0,0.0,0.0,0.0,0.0
2020-06-30 12:00:00,32.91,0.0,idle,sin_restriccion,0.0,0.0,0.0,0.0,0.0,0.0,0.7440580652930716,0.7440580652930712,265.53916154671356,75.68551620284177,19159810.12915369,9484965.107928324,0,0.0,,,,,0.0,0.0,0.0,0.0,0.0,0.0,0.0
2020-06-30 13:00:00,32.77,0.0,idle,sin_restriccion,0.0,0.0,0.0,0.0,0.0,0.0,0.7440580652930716,0.7440580652930712,265.53916154671356,75.68551620284177,19159810.12915369,9484965.107928324,0,0.0,,,,,0.0,0.0,0.0,0.0,0.0,0.0,0.0
2020-06-30 14:00:00,32.73,0.0,idle,sin_restriccion,0.0,0.0,0.0,0.0,0.0,0.0,0.7440580652930716,0.7440580652930712,265.53916154671356,75.68551620284177,19159810.12915369,9484965.107928324,0,0.0,,,,,0.0,0.0,0.0,0.0,0.0,0.0,0.0
2020-06-30 15:00:00,32.73,0.0,idle,sin_restriccion,0.0,0.0,0.0,0.0,0.0,0.0,0.7440580652930716,0.7440580652930712,265.53916154671356,75.68551620284177,19159810.12915369,9484965.107928324,0,0.0,,,,,0.0,0.0,0.0,0.0,0.0,0.0,0.0
2020-06-30 16:00:00,32.73,0.0,idle,sin_restriccion,0.0,0.0,0.0,0.0,0.0,0.0,0.7440580652930716,0.7440580652930712,265.53916154671356,75.68551620284177,19159810.12915369,9484965.107928324,0,0.0,,,,,0.0,0.0,0.0,0.0,0.0,0.0,0.0
2020-06-30 17:00:00,33.68,0.0,idle,sin_restriccion,0.0,0.0,0.0,0.0,0.0,0.0,0.7440580652930716,0.7440580652930712,265.53916154671356,75.68551620284177,19159810.12915369,9484965.107928324,0,0.0,,,,,0.0,0.0,0.0,0.0,0.0,0.0,0.0
2020-06-30 18:00:00,41.44,74.0,discharge,above_max_power,73.77027045335127,0.0,73.77027045335127,0.0,3057.0400075868765,3057.0400075868765,0.618856807659435,0.6188568076594347,224.2227465276135,63.791396727646294,16178650.354556713,7994385.2206298355,106,1.5,0.4982430896857998,1.3003742034155001,,0.368258433699292,79.22065126004217,3.168826050401687,0.0,0.0,2981159.774596979,0.0,1490579.8872984895
2020-06-30 19:00:00,41.82,74.0,discharge,above_max_power,73.19666685696686,0.0,73.19666685696686,0.0,3061.084607958354,3061.084607958354,0.4936555500257983,0.4936555500257981,182.90633150851346,51.897277252450806,13197490.579959735,6503805.3333313465,106,1.5,0.49436898123586304,1.2965000949655634,,0.36539502597866585,78.60466801650222,3.144186720660089,0.0,0.0,2981159.774596979,0.0,1490579.8872984895
2020-06-30 20:00:00,33.86,0.0,idle,sin_restriccion,0.0,0.0,0.0,0.0,0.0,0.0,0.4936555500257983,0.4936555500257981,182.90633150851346,51.897277252450806,13197490.579959735,6503805.3333313465,0,0.0,,,,,0.0,0.0,0.0,0.0,0.0,0.0,0.0
2020-06-30 21:00:00,33.86,0.0,idle,sin_restriccion,0.0,0.0,0.0,0.0,0.0,0.0,0.4936555500257983,0.4936555500257981,182.90633150851346,51.897277252450806,13197490.579959735,6503805.3333313465,0,0.0,,,,,0.0,0.0,0.0,0.0,0.0,0.0,0.0
2020-06-30 22:00:00,33.86,0.0,idle,sin_restriccion,0.0,0.0,0.0,0.0,0.0,0.0,0.4936555500257983,0.4936555500257981,182.90633150851346,51.897277252450806,13197490.579959735,6503805.3333313465,0,0.0,,,,,0.0,0.0,0.0,0.0,0.0,0.0,0.0
2020-06-30 23:00:00,33.86,0.0,idle,sin_restriccion,0.0,0.0,0.0,0.0,0.0,0.0,0.4936555500257983,0.4936555500257981,182.90633150851346,51.897277252450806,13197490.579959735,6503805.3333313465,0,0.0,,,,,0.0,0.0,0.0,0.0,0.0,0.0,0.0
