"Time stamp","System net thermal power w/ avail. derate | (kWt)","Field thermal power leaving in HTF | (MWt)","Field optical focus fraction","TES thermal losses | (MWt)","Field fraction of focused SCAs","Resource Beam normal irradiance | (W/m2)"
"Jan 1, 12:00 am",0,0,1,0.0513846,1,0
"Jan 1, 01:00 am",0,0,1,0.0514191,1,0
"Jan 1, 02:00 am",0,0,1,0.0515176,1,0
"Jan 1, 03:00 am",0,0,1,0.0517119,1,0
"Jan 1, 04:00 am",0,0,1,0.0517301,1,0
"Jan 1, 05:00 am",0,0,1,0.0517802,1,0
"Jan 1, 06:00 am",2866.69,0,1,0.0518538,1,0
"Jan 1, 07:00 am",476.846,0,1,0.0514498,1,740.2
"Jan 1, 08:00 am",2866.59,6.90464,1,0.0510822,1,867.1
"Jan 1, 09:00 am",2866.59,7.07343,1,0.05061,1,929.3
"Jan 1, 10:00 am",2866.98,7.09053,0.966311,0.0501062,0.966311,964.8
"Jan 1, 11:00 am",2867.11,2.98657,0.416107,0.049696,0.416107,985.8
"Jan 1, 12:00 pm",2867.03,2.98649,0.414412,0.0494166,0.414412,993.3
"Jan 1, 01:00 pm",2867.03,2.98649,0.426486,0.0492015,0.426486,993.3
"Jan 1, 02:00 pm",2867.03,2.98649,0.42484,0.0492425,0.42484,985.9
"Jan 1, 03:00 pm",2867.03,2.98648,0.422531,0.0492835,0.422531,971.6
"Jan 1, 04:00 pm",2867.03,2.98649,0.429053,0.0494522,0.429053,945.8
"Jan 1, 05:00 pm",2867.03,2.98649,0.532429,0.0495888,0.532429,901.4
"Jan 1, 06:00 pm",2866.53,2.89212,1,0.0497944,1,815.5
"Jan 1, 07:00 pm",2866.56,0.399079,1,0.0501573,1,621.2
"Jan 1, 08:00 pm",2810.8,0.229662,1,0.0504687,1,0
"Jan 1, 09:00 pm",2866.63,0,1,0.0506789,1,0
"Jan 1, 10:00 pm",0,0,1,0.0507583,1,0
"Jan 1, 11:00 pm",0,0,1,0.0508402,1,0
"Jan 2, 12:00 am",0,0,1,0.0508901,1,0
"Jan 2, 01:00 am",0,0,1,0.0509079,1,0
"Jan 2, 02:00 am",0,0,1,0.0509736,1,0
"Jan 2, 03:00 am",0,0,1,0.0510713,1,0
"Jan 2, 04:00 am",0,0,1,0.0511369,1,0
"Jan 2, 05:00 am",0,0,1,0.0511064,1,0
"Jan 2, 06:00 am",2866.62,0,1,0.0511715,1,0
"Jan 2, 07:00 am",923.226,1.26341,1,0.0508357,1,746.5
"Jan 2, 08:00 am",2866.59,6.51576,1,0.0504272,1,870.9
"Jan 2, 09:00 am",2866.59,7.11272,1,0.0501083,1,934.2
"Jan 2, 10:00 am",2866.95,7.17707,0.971707,0.0497399,0.971707,970.8
"Jan 2, 11:00 am",2867.13,2.98659,0.414651,0.049403,0.414651,992.6
"Jan 2, 12:00 pm",2867.03,2.98649,0.410835,0.0491398,0.410835,1002.4
"Jan 2, 01:00 pm",2867.03,2.98649,0.421845,0.0489409,0.421845,1004.5
"Jan 2, 02:00 pm",2867.03,2.98649,0.419403,0.0489501,0.419403,999.3
"Jan 2, 03:00 pm",2867.04,2.9865,0.416564,0.0490232,0.416564,985.9
"Jan 2, 04:00 pm",2867.02,2.98648,0.422108,0.0491282,0.422108,961.5
"Jan 2, 05:00 pm",2867.04,2.9865,0.521339,0.0493131,0.521339,918.8
"Jan 2, 06:00 pm",2866.53,2.96178,1,0.0495795,1,831.1
"Jan 2, 07:00 pm",2866.56,0.399121,1,0.0500643,1,635.1
"Jan 2, 08:00 pm",2755.36,0.229806,1,0.0504893,1,0
"Jan 2, 09:00 pm",2866.61,0,1,0.0507086,1,0
"Jan 2, 10:00 pm",0,0,1,0.050877,1,0
"Jan 2, 11:00 pm",0,0,1,0.0509745,1,0
"Jan 3, 12:00 am",0,0,1,0.051024,1,0
"Jan 3, 01:00 am",0,0,1,0.0510734,1,0
"Jan 3, 02:00 am",0,0,1,0.0510907,1,0
"Jan 3, 03:00 am",0,0,1,0.051124,1,0
"Jan 3, 04:00 am",0,0,1,0.0511573,1,0
"Jan 3, 05:00 am",0,0,1,0.0509187,1,0
"Jan 3, 06:00 am",2810.93,0,1,0.05083,1,0
"Jan 3, 07:00 am",1200.64,1.50413,1,0.0503675,1,761.8
"Jan 3, 08:00 am",2866.59,6.5947,1,0.0500649,1,885.2
"Jan 3, 09:00 am",2866.59,7.19613,1,0.0497883,1,944.8
"Jan 3, 10:00 am",2866.97,7.188,0.96632,0.0494464,0.96632,977.7
"Jan 3, 11:00 am",2867.14,2.9866,0.413463,0.0490966,0.413463,996.4
"Jan 3, 12:00 pm",2867.03,2.98649,0.410652,0.0488178,0.410652,1003
"Jan 3, 01:00 pm",2867.03,2.98649,0.4229,0.0486353,0.4229,1002.1
"Jan 3, 02:00 pm",2867.03,2.98649,0.42177,0.0486608,0.42177,994.3
"Jan 3, 03:00 pm",2867.03,2.98649,0.41997,0.0487503,0.41997,978.2
"Jan 3, 04:00 pm",2867.03,2.98649,0.42663,0.0488717,0.42663,951.3
"Jan 3, 05:00 pm",2867.03,2.98649,0.527957,0.0490888,0.527957,905.5
"Jan 3, 06:00 pm",2866.53,2.96328,1,0.0493395,1,828.9
"Jan 3, 07:00 pm",2866.56,0.399154,1,0.0498192,1,646.2
"Jan 3, 08:00 pm",2749.07,0.22994,1,0.0502081,1,0
"Jan 3, 09:00 pm",2866.61,0,1,0.0504817,1,0
"Jan 3, 10:00 pm",0,0,1,0.0506364,1,0
"Jan 3, 11:00 pm",0,0,1,0.0507661,1,0
"Jan 4, 12:00 am",0,0,1,0.0508476,1,0
"Jan 4, 01:00 am",0,0,1,0.0508971,1,0
"Jan 4, 02:00 am",0,0,1,0.0509466,1,0
"Jan 4, 03:00 am",0,0,1,0.0510279,1,0
"Jan 4, 04:00 am",0,0,1,0.0510932,1,0
"Jan 4, 05:00 am",0,0,1,0.0508386,1,0
"Jan 4, 06:00 am",2791.86,0,1,0.0506552,1,0
"Jan 4, 07:00 am",862.612,1.26049,1,0.0502452,1,752.5
"Jan 4, 08:00 am",2866.59,6.59537,1,0.0498914,1,880.7
"Jan 4, 09:00 am",2866.59,7.17585,1,0.0495659,1,942
"Jan 4, 10:00 am",2866.94,7.11872,0.958321,0.0491916,0.958321,976.6
"Jan 4, 11:00 am",2867.16,2.98662,0.413413,0.04881,0.413413,996.5
"Jan 4, 12:00 pm",2867.03,2.98649,0.410306,0.0485156,0.410306,1003.9
"Jan 4, 01:00 pm",2867.04,2.9865,0.422261,0.0483174,0.422261,1003.7
"Jan 4, 02:00 pm",2867.03,2.98649,0.421141,0.0483593,0.421141,996.4
"Jan 4, 03:00 pm",2867.03,2.98649,0.418808,0.0484332,0.418808,981.3
"Jan 4, 04:00 pm",2867.03,2.98649,0.424808,0.048523,0.424808,955.3
"Jan 4, 05:00 pm",2867.05,2.98651,0.524008,0.0486765,0.524008,910.6
"Jan 4, 06:00 pm",2866.53,2.96647,1,0.0489276,1,827.2
"Jan 4, 07:00 pm",2866.56,0.39926,1,0.0494416,1,635.4
"Jan 4, 08:00 pm",2748.52,0.230268,1,0.0498972,1,0
"Jan 4, 09:00 pm",2866.61,0,1,0.0501563,1,0
"Jan 4, 10:00 pm",0,0,1,0.0503436,1,0
"Jan 4, 11:00 pm",0,0,1,0.0505056,1,0
"Jan 5, 12:00 am",0,0,1,0.0506033,1,0
"Jan 5, 01:00 am",0,0,1,0.050669,1,0
"Jan 5, 02:00 am",0,0,1,0.0506707,1,0
"Jan 5, 03:00 am",0,0,1,0.0507043,1,0
"Jan 5, 04:00 am",0,0,1,0.0507699,1,0
"Jan 5, 05:00 am",0,0,1,0.0505635,1,0
"Jan 5, 06:00 am",2792.67,0,1,0.0504287,1,0
"Jan 5, 07:00 am",854.67,1.24226,1,0.0500832,1,750.5
"Jan 5, 08:00 am",2866.59,6.56257,1,0.0497917,1,877.1
"Jan 5, 09:00 am",2866.59,7.15029,1,0.0494976,1,938.6
"Jan 5, 10:00 am",2866.94,7.18422,0.970775,0.0491569,0.970775,972.7
"Jan 5, 11:00 am",2867.15,2.98661,0.415306,0.0488081,0.415306,992.2
"Jan 5, 12:00 pm",2867.03,2.98649,0.412415,0.0485776,0.412415,999.1
"Jan 5, 01:00 pm",2867.03,2.98649,0.424569,0.0484114,0.424569,998.7
"Jan 5, 02:00 pm",2867.03,2.98649,0.423897,0.0484852,0.423897,990.8
"Jan 5, 03:00 pm",2867.03,2.98649,0.421308,0.0485589,0.421308,976
"Jan 5, 04:00 pm",2867.03,2.98649,0.427314,0.0487284,0.427314,950
"Jan 5, 05:00 pm",2867.03,2.98649,0.526261,0.0488498,0.526261,905.4
"Jan 5, 06:00 pm",2866.53,2.97375,1,0.0491479,1,826.8
"Jan 5, 07:00 pm",2866.56,0.398416,1,0.049678,1,641.7
"Jan 5, 08:00 pm",2747.32,0.2295,1,0.0501345,1,0
"Jan 5, 09:00 pm",2866.61,0,1,0.0504098,1,0
"Jan 5, 10:00 pm",0,0,1,0.0505492,1,0
"Jan 5, 11:00 pm",0,0,1,0.050663,1,0
"Jan 6, 12:00 am",0,0,1,0.0507606,1,0
"Jan 6, 01:00 am",0,0,1,0.0508102,1,0
"Jan 6, 02:00 am",0,0,1,0.0508917,1,0
"Jan 6, 03:00 am",0,0,1,0.0509892,1,0
"Jan 6, 04:00 am",0,0,1,0.0508946,1,0
"Jan 6, 05:00 am",0,0,1,0.0507841,1,0
"Jan 6, 06:00 am",0,0,1,0.0506257,1,0
"Jan 6, 07:00 am",0,1.18778,1,0.0502242,1,732.6
"Jan 6, 08:00 am",0,6.44476,1,0.0499817,1,862
"Jan 6, 09:00 am",0,1.16152,0.185829,0.0496322,0.185829,923.4
"Jan 6, 10:00 am",0,0,1,0.0492104,1,957.3
"Jan 6, 11:00 am",0,0,1,0.0489153,1,976.3
"Jan 6, 12:00 pm",0,0,1,0.0487484,1,983
"Jan 6, 01:00 pm",0,0,1,0.0486457,1,981.9
"Jan 6, 02:00 pm",0,0,1,0.0486711,1,973.4
"Jan 6, 03:00 pm",0,0,1,0.0487763,1,957.6
"Jan 6, 04:00 pm",0,0,1,0.0488974,1,930.4
"Jan 6, 05:00 pm",0,0,1,0.0490061,1,884.1
"Jan 6, 06:00 pm",0,0,1,0.0492329,1,807.1
"Jan 6, 07:00 pm",0,0,1,0.0494589,1,623.4
"Jan 6, 08:00 pm",0,0,1,0.0496528,1,0
"Jan 6, 09:00 pm",0,0,1,0.0497987,1,0
"Jan 6, 10:00 pm",0,0,1,0.0498806,1,0
"Jan 6, 11:00 pm",0,0,1,0.0499465,1,0
"Jan 7, 12:00 am",0,0,1,0.0500443,1,0
"Jan 7, 01:00 am",0,0,1,0.0500942,1,0
"Jan 7, 02:00 am",0,0,1,0.050096,1,0
"Jan 7, 03:00 am",0,0,1,0.0503538,1,0
"Jan 7, 04:00 am",0,0,1,0.0503715,1,0
"Jan 7, 05:00 am",0,0,1,0.0504373,1,0
"Jan 7, 06:00 am",0,0,1,0.050279,1,0
"Jan 7, 07:00 am",0,0,1,0.0499289,1,702.4
"Jan 7, 08:00 am",0,0,1,0.0495676,1,837
"Jan 7, 09:00 am",0,0,1,0.0490554,1,901.7
"Jan 7, 10:00 am",0,0,1,0.0487354,1,938.2
"Jan 7, 11:00 am",0,0,1,0.0484954,1,959.4
"Jan 7, 12:00 pm",0,0,1,0.0482874,1,969.7
"Jan 7, 01:00 pm",0,0,1,0.0480954,1,972.1
"Jan 7, 02:00 pm",0,0,1,0.0481914,1,966.7
"Jan 7, 03:00 pm",0,0,1,0.0483514,1,953.6
"Jan 7, 04:00 pm",0,0,1,0.0485274,1,929.2
"Jan 7, 05:00 pm",0,0,1,0.0487834,1,886.2
"Jan 7, 06:00 pm",0,0,1,0.0490874,1,802.1
"Jan 7, 07:00 pm",0,0,1,0.0493754,1,611.1
"Jan 7, 08:00 pm",0,0,1,0.0496474,1,0
"Jan 7, 09:00 pm",0,0,1,0.0499034,1,0
"Jan 7, 10:00 pm",0,0,1,0.0500634,1,0
"Jan 7, 11:00 pm",0,0,1,0.0501914,1,0
"Jan 8, 12:00 am",0,0,1,0.0502874,1,0
"Jan 8, 01:00 am",0,0,1,0.0504154,1,0
"Jan 8, 02:00 am",0,0,1,0.0503034,1,0
"Jan 8, 03:00 am",0,0,1,0.0501594,1,0
"Jan 8, 04:00 am",0,0,1,0.0500954,1,0
"Jan 8, 05:00 am",0,0,1,0.0499194,1,0
"Jan 8, 06:00 am",2820.18,0,1,0.0499836,1,0
"Jan 8, 07:00 am",2858.86,3.01039,1,0.0498132,1,731
"Jan 8, 08:00 am",2866.56,6.44581,0.994226,0.0495338,0.994226,865.1
"Jan 8, 09:00 am",2867.29,2.98676,0.438795,0.0491572,0.438795,931.4
"Jan 8, 10:00 am",2867.03,2.98649,0.419682,0.0487021,0.419682,969.6
"Jan 8, 11:00 am",2867.05,2.98651,0.412814,0.0483594,0.412814,992.6
"Jan 8, 12:00 pm",2867.04,2.9865,0.411858,0.0481132,0.411858,1001.1
"Jan 8, 01:00 pm",2867.03,2.98649,0.423752,0.0479471,0.423752,1001.9
"Jan 8, 02:00 pm",2867.03,2.98649,0.423115,0.0477813,0.423115,995.3
"Jan 8, 03:00 pm",2867.03,2.98649,0.420338,0.0478395,0.420338,980
"Jan 8, 04:00 pm",2867.03,2.98649,0.426034,0.0480052,0.426034,953.4
"Jan 8, 05:00 pm",2867.04,2.9865,0.522456,0.0482068,0.522456,908.4
"Jan 8, 06:00 pm",2866.54,2.96625,1,0.0485131,1,820.6
"Jan 8, 07:00 pm",2784.58,0.399181,1,0.0490701,1,625.3
"Jan 8, 08:00 pm",2616.15,0.230108,1,0.0495435,1,0
"Jan 8, 09:00 pm",2820.18,0,1,0.0498844,1,0
"Jan 8, 10:00 pm",0,0,1,0.0501385,1,0
"Jan 8, 11:00 pm",0,0,1,0.0503006,1,0
"Jan 9, 12:00 am",0,0,1,0.0503987,1,0
"Jan 9, 01:00 am",0,0,1,0.0504967,1,0
"Jan 9, 02:00 am",0,0,1,0.0505308,1,0
"Jan 9, 03:00 am",0,0,1,0.0505168,1,0
"Jan 9, 04:00 am",0,0,1,0.0506788,1,0
"Jan 9, 05:00 am",0,0,1,0.0506008,1,0
"Jan 9, 06:00 am",2617.11,0,1,0.0505493,1,0
"Jan 9, 07:00 am",842.106,1.183,1,0.0502065,1,752.5
"Jan 9, 08:00 am",2866.59,6.61812,1,0.0499473,1,888.4
"Jan 9, 09:00 am",2866.59,7.24308,1,0.0498141,1,950.3
"Jan 9, 10:00 am",2866.93,7.11677,0.951678,0.0494399,0.951678,983.9
"Jan 9, 11:00 am",2867.15,2.98662,0.41162,0.0492178,0.41162,1002.9
"Jan 9, 12:00 pm",2867.02,2.98648,0.409869,0.0490188,0.409869,1007.3
"Jan 9, 01:00 pm",2867.03,2.98649,0.422948,0.048884,0.422948,1004.6
"Jan 9, 02:00 pm",2867.03,2.98648,0.423762,0.0488932,0.423762,995.2
"Jan 9, 03:00 pm",2867.02,2.98648,0.420685,0.0489664,0.420685,980.2
"Jan 9, 04:00 pm",2867.03,2.98648,0.426034,0.0490875,0.426034,953.9
"Jan 9, 05:00 pm",2867.04,2.9865,0.521614,0.0492564,0.521614,909.2
"Jan 9, 06:00 pm",2866.24,2.98567,0.995353,0.049457,0.995353,828.5
"Jan 9, 07:00 pm",2866.56,0.398855,1,0.0499445,1,641.1
"Jan 9, 08:00 pm",2747.64,0.229721,1,0.0503764,1,0
"Jan 9, 09:00 pm",2866.61,0,1,0.0506075,1,0
"Jan 9, 10:00 pm",0,0,1,0.0507641,1,0
"Jan 9, 11:00 pm",0,0,1,0.0507818,1,0
"Jan 10, 12:00 am",0,0,1,0.0507355,1,0
"Jan 10, 01:00 am",0,0,1,0.0507691,1,0
"Jan 10, 02:00 am",0,0,1,0.0507868,1,0
"Jan 10, 03:00 am",0,0,1,0.0508523,1,0
"Jan 10, 04:00 am",0,0,1,0.0509658,1,0
"Jan 10, 05:00 am",0,0,1,0.0509352,1,0
"Jan 10, 06:00 am",2808.82,0,1,0.0510574,1,0
"Jan 10, 07:00 am",832.6,1.13825,1,0.0506492,1,744.8
"Jan 10, 08:00 am",2866.59,6.54292,1,0.050311,1,882.3
"Jan 10, 09:00 am",2866.59,7.22528,1,0.0501141,1,947.9
"Jan 10, 10:00 am",2867,7.22831,0.965464,0.0496461,0.965464,984.7
"Jan 10, 11:00 am",2867.13,2.9866,0.410335,0.0493447,0.410335,1006.2
"Jan 10, 12:00 pm",2867.02,2.98648,0.408303,0.0490496,0.408303,1011.5
"Jan 10, 01:00 pm",2867.03,2.98649,0.421067,0.0488028,0.421067,1009.5
"Jan 10, 02:00 pm",2867.03,2.98649,0.421789,0.0488761,0.421789,1000.8
"Jan 10, 03:00 pm",2867.03,2.98649,0.419289,0.0489493,0.419289,984.1
"Jan 10, 04:00 pm",2867.03,2.98649,0.424909,0.0490544,0.424909,956.6
"Jan 10, 05:00 pm",2867.04,2.9865,0.520329,0.0491594,0.520329,910.6
"Jan 10, 06:00 pm",2865.9,2.98531,0.992658,0.0493921,0.992658,829.8
"Jan 10, 07:00 pm",2866.56,0.398826,1,0.0498605,1,641.8
"Jan 10, 08:00 pm",2747.87,0.229612,1,0.0502727,1,0
"Jan 10, 09:00 pm",2866.61,0,1,0.0505179,1,0
"Jan 10, 10:00 pm",0,0,1,0.0506579,1,0
"Jan 10, 11:00 pm",0,0,1,0.0507557,1,0
"Jan 11, 12:00 am",0,0,1,0.0507893,1,0
"Jan 11, 01:00 am",0,0,1,0.050807,1,0
"Jan 11, 02:00 am",0,0,1,0.0508246,1,0
"Jan 11, 03:00 am",0,0,1,0.0508901,1,0
"Jan 11, 04:00 am",0,0,1,0.0509236,1,0
"Jan 11, 05:00 am",0,0,1,0.0508611,1,0
"Jan 11, 06:00 am",2809.94,0,1,0.0509509,1,0
"Jan 11, 07:00 am",829.711,1.12671,1,0.0504938,1,746.8
"Jan 11, 08:00 am",2866.59,6.53818,1,0.0501869,1,885.3
"Jan 11, 09:00 am",2866.59,7.24091,1,0.0498464,1,949.8
"Jan 11, 10:00 am",2867,7.22081,0.964003,0.0494587,0.964003,985.5
"Jan 11, 11:00 am",2867.13,2.98659,0.410545,0.0491254,0.410545,1006.1
"Jan 11, 12:00 pm",2867.02,2.98648,0.40835,0.0487826,0.40835,1011.9
"Jan 11, 01:00 pm",2867.03,2.98649,0.420817,0.0485042,0.420817,1010.6
"Jan 11, 02:00 pm",2867.03,2.98649,0.421634,0.0485299,0.421634,1002.2
"Jan 11, 03:00 pm",2867.03,2.98649,0.417598,0.0485396,0.417598,988.7
"Jan 11, 04:00 pm",2867.03,2.98649,0.421532,0.0485972,0.421532,964.4
"Jan 11, 05:00 pm",2867.03,2.98649,0.51374,0.0487987,0.51374,921.4
"Jan 11, 06:00 pm",2866.23,2.98566,0.984295,0.0490638,0.984295,835.9
"Jan 11, 07:00 pm",2866.56,0.399029,1,0.0495629,1,643
"Jan 11, 08:00 pm",2748.93,0.230273,1,0.0500216,1,0
"Jan 11, 09:00 pm",2866.61,0,1,0.0503459,1,0
"Jan 11, 10:00 pm",0,0,1,0.0505177,1,0
"Jan 11, 11:00 pm",0,0,1,0.0506316,1,0
"Jan 12, 12:00 am",0,0,1,0.0506974,1,0
"Jan 12, 01:00 am",0,0,1,0.050811,1,0
"Jan 12, 02:00 am",0,0,1,0.0508606,1,0
"Jan 12, 03:00 am",0,0,1,0.0508622,1,0
"Jan 12, 04:00 am",0,0,1,0.0509277,1,0
"Jan 12, 05:00 am",0,0,1,0.0507213,1,0
"Jan 12, 06:00 am",2811.66,0,1,0.0504591,1,0
"Jan 12, 07:00 am",797.971,1.00092,1,0.0497781,1,714.5
"Jan 12, 08:00 am",2866.59,6.2662,1,0.0493473,1,853.9
"Jan 12, 09:00 am",2866.59,7.01311,1,0.0491498,1,920.3
"Jan 12, 10:00 am",2866.54,7.27797,1,0.04877,1,957.1
"Jan 12, 11:00 am",2866.07,3.53394,0.49409,0.0485113,0.49409,978.5
"Jan 12, 12:00 pm",2867.24,2.98671,0.417957,0.0482863,0.417957,989.3
"Jan 12, 01:00 pm",2867.03,2.98649,0.428763,0.0481205,0.428763,992.3
"Jan 12, 02:00 pm",2867.04,2.9865,0.428182,0.0481627,0.428182,987.8
"Jan 12, 03:00 pm",2867.03,2.98649,0.423687,0.0482687,0.423687,975.1
"Jan 12, 04:00 pm",2867.03,2.98649,0.427534,0.0483747,0.427534,951
"Jan 12, 05:00 pm",2867.04,2.9865,0.520657,0.0485924,0.520657,908.6
"Jan 12, 06:00 pm",2865.33,2.98472,0.987896,0.0489698,0.987896,832.2
"Jan 12, 07:00 pm",2866.56,0.398974,1,0.0495142,1,649.2
"Jan 12, 08:00 pm",2750.97,0.230164,1,0.0499538,1,0
"Jan 12, 09:00 pm",2866.61,0,1,0.0502286,1,0
"Jan 12, 10:00 pm",0,0,1,0.0504319,1,0
"Jan 12, 11:00 pm",0,0,1,0.0505778,1,0
"Jan 13, 12:00 am",0,0,1,0.0506917,1,0
"Jan 13, 01:00 am",0,0,1,0.0507894,1,0
"Jan 13, 02:00 am",0,0,1,0.050855,1,0
"Jan 13, 03:00 am",0,0,1,0.0507286,1,0
"Jan 13, 04:00 am",0,0,1,0.0505864,1,0
"Jan 13, 05:00 am",0,0,1,0.0504602,1,0
"Jan 13, 06:00 am",0,0,1,0.0502702,1,0
"Jan 13, 07:00 am",0,1.00325,1,0.0497713,1,708.2
"Jan 13, 08:00 am",0,6.1947,1,0.0494736,1,848.6
"Jan 13, 09:00 am",0,1.49525,0.233873,0.0492492,0.233873,915.7
"Jan 13, 10:00 am",0,0,1,0.0488172,1,952.8
"Jan 13, 11:00 am",0,0,1,0.0484905,1,974.6
"Jan 13, 12:00 pm",0,0,1,0.0482922,1,984.7
"Jan 13, 01:00 pm",0,0,1,0.048302,1,987.1
"Jan 13, 02:00 pm",0,0,1,0.0483917,1,981.9
"Jan 13, 03:00 pm",0,0,1,0.0484973,1,967.6
"Jan 13, 04:00 pm",0,0,1,0.0486507,1,941.3
"Jan 13, 05:00 pm",0,0,1,0.0488206,1,896.5
"Jan 13, 06:00 pm",0,0,1,0.0491552,1,818.7
"Jan 13, 07:00 pm",0,0,1,0.0494292,1,633.4
"Jan 13, 08:00 pm",0,0,1,0.0496232,1,0
"Jan 13, 09:00 pm",0,0,1,0.0497531,1,0
"Jan 13, 10:00 pm",0,0,1,0.049835,1,0
"Jan 13, 11:00 pm",0,0,1,0.0498689,1,0
"Jan 14, 12:00 am",0,0,1,0.0500147,1,0
"Jan 14, 01:00 am",0,0,1,0.0500646,1,0
"Jan 14, 02:00 am",0,0,1,0.0501304,1,0
"Jan 14, 03:00 am",0,0,1,0.0501802,1,0
"Jan 14, 04:00 am",0,0,1,0.05023,1,0
"Jan 14, 05:00 am",0,0,1,0.0502958,1,0
"Jan 14, 06:00 am",0,0,1,0.0503616,1,0
"Jan 14, 07:00 am",0,0,1,0.0498877,1,707.2
"Jan 14, 08:00 am",0,0,1,0.0493914,1,850
"Jan 14, 09:00 am",0,0,1,0.0488794,1,917.1
"Jan 14, 10:00 am",0,0,1,0.0484314,1,954.4
"Jan 14, 11:00 am",0,0,1,0.0480954,1,975.4
"Jan 14, 12:00 pm",0,0,1,0.0479194,1,983.5
"Jan 14, 01:00 pm",0,0,1,0.0480154,1,983.7
"Jan 14, 02:00 pm",0,0,1,0.0481434,1,976.7
"Jan 14, 03:00 pm",0,0,1,0.0482874,1,962.6
"Jan 14, 04:00 pm",0,0,1,0.0485114,1,937.3
"Jan 14, 05:00 pm",0,0,1,0.0487194,1,892.8
"Jan 14, 06:00 pm",0,0,1,0.0490234,1,811.3
"Jan 14, 07:00 pm",0,0,1,0.0492794,1,620.4
"Jan 14, 08:00 pm",0,0,1,0.0495834,1,0
"Jan 14, 09:00 pm",0,0,1,0.0498394,1,0
"Jan 14, 10:00 pm",0,0,1,0.0500154,1,0
"Jan 14, 11:00 pm",0,0,1,0.0501594,1,0
"Jan 15, 12:00 am",0,0,1,0.0502714,1,0
"Jan 15, 01:00 am",0,0,1,0.0502234,1,0
"Jan 15, 02:00 am",0,0,1,0.0501274,1,0
"Jan 15, 03:00 am",0,0,1,0.0500794,1,0
"Jan 15, 04:00 am",0,0,1,0.0500314,1,0
"Jan 15, 05:00 am",0,0,1,0.0499834,1,0
"Jan 15, 06:00 am",2820.18,0,1,0.0501116,1,0
"Jan 15, 07:00 am",2633.76,2.36706,1,0.0499892,1,697.1
"Jan 15, 08:00 am",2866.54,6.13501,1,0.0497333,1,842.7
"Jan 15, 09:00 am",2865.88,3.7054,0.548944,0.0493823,0.548944,910.7
"Jan 15, 10:00 am",2867.22,2.98669,0.430705,0.0490377,0.430705,947.7
"Jan 15, 11:00 am",2867.03,2.98649,0.424064,0.0487746,0.424064,969.2
"Jan 15, 12:00 pm",2867.03,2.98649,0.423264,0.0485758,0.423264,978
"Jan 15, 01:00 pm",2867.03,2.98649,0.435724,0.0484412,0.435724,978.8
"Jan 15, 02:00 pm",2867.02,2.98648,0.437067,0.0484826,0.437067,972
"Jan 15, 03:00 pm",2867.02,2.98648,0.43239,0.04854,0.43239,958.6
"Jan 15, 04:00 pm",2867.02,2.98648,0.435945,0.0486077,0.435945,934.2
"Jan 15, 05:00 pm",2867.02,2.98648,0.53114,0.0487759,0.53114,890.5
"Jan 15, 06:00 pm",2866.54,2.9316,1,0.049018,1,809.4
"Jan 15, 07:00 pm",2786.7,0.398971,1,0.0494275,1,619.1
"Jan 15, 08:00 pm",2616.31,0.22951,1,0.0498318,1,0
"Jan 15, 09:00 pm",2820.18,0,1,0.0500906,1,0
"Jan 15, 10:00 pm",0,0,1,0.0502488,1,0
"Jan 15, 11:00 pm",0,0,1,0.0503309,1,0
"Jan 16, 12:00 am",0,0,1,0.050381,1,0
"Jan 16, 01:00 am",0,0,1,0.0503991,1,0
"Jan 16, 02:00 am",0,0,1,0.0504172,1,0
"Jan 16, 03:00 am",0,0,1,0.0504673,1,0
"Jan 16, 04:00 am",0,0,1,0.0505174,1,0
"Jan 16, 05:00 am",0,0,1,0.0505834,1,0
"Jan 16, 06:00 am",2583.99,0,1,0.0504675,1,0
"Jan 16, 07:00 am",748.484,0.844876,1,0.0501885,1,681.5
"Jan 16, 08:00 am",354.751,0.369533,1,0.0498572,1,8.3
"Jan 16, 09:00 am",238.337,0.248267,1,0.0493501,1,10.9
"Jan 16, 10:00 am",135.701,0.141355,1,0.049019,1,23.6
"Jan 16, 11:00 am",74.3681,0,1,0.0487051,1,45.5
"Jan 16, 12:00 pm",2388.78,5.96161,1,0.0486423,1,967.8
"Jan 16, 01:00 pm",2866.59,7.02641,1,0.0487195,1,969.6
"Jan 16, 02:00 pm",2866.54,7.00713,1,0.0489152,1,964
"Jan 16, 03:00 pm",2862.54,3.80565,0.552381,0.0490653,0.552381,949.3
"Jan 16, 04:00 pm",2867.3,2.98677,0.441997,0.0492112,0.441997,923.5
"Jan 16, 05:00 pm",2867.02,2.98648,0.538599,0.0493799,0.538599,878.4
"Jan 16, 06:00 pm",2866.53,2.88664,1,0.0496356,1,798.2
"Jan 16, 07:00 pm",2866.56,0.399009,1,0.0499834,1,608.8
"Jan 16, 08:00 pm",2756.78,0.229576,1,0.0503608,1,0
"Jan 16, 09:00 pm",2866.61,0,1,0.0505724,1,0
"Jan 16, 10:00 pm",0,0,1,0.050706,1,0
"Jan 16, 11:00 pm",0,0,1,0.0507395,1,0
"Jan 17, 12:00 am",0,0,1,0.0507569,1,0
"Jan 17, 01:00 am",0,0,1,0.0507743,1,0
"Jan 17, 02:00 am",0,0,1,0.0507756,1,0
"Jan 17, 03:00 am",0,0,1,0.050841,1,0
"Jan 17, 04:00 am",0,0,1,0.0508902,1,0
"Jan 17, 05:00 am",0,0,1,0.0509074,1,0
"Jan 17, 06:00 am",2746.57,0,1,0.0507676,1,0
"Jan 17, 07:00 am",748.137,0.842565,1,0.0503984,1,686.7
"Jan 17, 08:00 am",2866.59,6.00145,1,0.0501232,1,838
"Jan 17, 09:00 am",2866.59,6.89972,1,0.0499534,1,905.8
"Jan 17, 10:00 am",2866.54,7.15701,1,0.0496149,1,942.8
"Jan 17, 11:00 am",2868.95,4.11384,0.580665,0.0493343,0.580665,963.1
"Jan 17, 12:00 pm",2867.36,2.98683,0.426697,0.0490665,0.426697,972.8
"Jan 17, 01:00 pm",2867.03,2.98649,0.438456,0.0488677,0.438456,974.2
"Jan 17, 02:00 pm",2867.03,2.98649,0.439819,0.0487171,0.439819,968.2
"Jan 17, 03:00 pm",2867.03,2.98649,0.435535,0.0487745,0.435535,953.3
"Jan 17, 04:00 pm",2867.02,2.98648,0.439476,0.0488958,0.439476,927.2
"Jan 17, 05:00 pm",2867.03,2.98649,0.53628,0.0490649,0.53628,882
"Jan 17, 06:00 pm",2866.53,2.88628,1,0.0493699,1,798.8
"Jan 17, 07:00 pm",2866.56,0.399064,1,0.049766,1,605.1
"Jan 17, 08:00 pm",2749.38,0.229735,1,0.0501608,1,0
"Jan 17, 09:00 pm",2866.61,0,1,0.0503657,1,0
"Jan 17, 10:00 pm",0,0,1,0.0505026,1,0
"Jan 17, 11:00 pm",0,0,1,0.0505842,1,0
"Jan 18, 12:00 am",0,0,1,0.0506016,1,0
"Jan 18, 01:00 am",0,0,1,0.0506191,1,0
"Jan 18, 02:00 am",0,0,1,0.0506845,1,0
"Jan 18, 03:00 am",0,0,1,0.0507977,1,0
"Jan 18, 04:00 am",0,0,1,0.0508949,1,0
"Jan 18, 05:00 am",0,0,1,0.0507681,1,0
"Jan 18, 06:00 am",2722.02,0,1,0.0506303,1,0
"Jan 18, 07:00 am",750.291,0.852968,1,0.0502027,1,694.5
"Jan 18, 08:00 am",2866.59,6.0404,1,0.0499789,1,846.9
"Jan 18, 09:00 am",2866.59,6.94661,1,0.0497936,1,911.7
"Jan 18, 10:00 am",2866.54,7.17942,1,0.0495824,1,946
"Jan 18, 11:00 am",2866.9,4.01955,0.567806,0.0493161,0.567806,964.3
"Jan 18, 12:00 pm",2867.34,2.98681,0.42696,0.0490634,0.42696,973.2
"Jan 18, 01:00 pm",2867.02,2.98648,0.439041,0.0488646,0.439041,973.9
"Jan 18, 02:00 pm",2866.56,0.454421,1,0.0490223,1,59.1
"Jan 18, 03:00 pm",2866.56,0.388422,1,0.0492456,1,52.1
"Jan 18, 04:00 pm",2866.55,6.7083,1,0.0494544,1,925.9
"Jan 18, 05:00 pm",2865.13,4.66459,0.823342,0.0496459,0.823342,880.5
"Jan 18, 06:00 pm",2866.53,2.87325,1,0.0499332,1,798.5
"Jan 18, 07:00 pm",2866.56,0.398974,1,0.0502052,1,605.4
"Jan 18, 08:00 pm",2765.2,0.229416,1,0.0504528,1,0
"Jan 18, 09:00 pm",2866.62,0,1,0.050582,1,0
"Jan 18, 10:00 pm",0,0,1,0.0506873,1,0
"Jan 18, 11:00 pm",0,0,1,0.0506888,1,0
"Jan 19, 12:00 am",0,0,1,0.0506424,1,0
"Jan 19, 01:00 am",0,0,1,0.0506759,1,0
"Jan 19, 02:00 am",0,0,1,0.0505815,1,0
"Jan 19, 03:00 am",0,0,1,0.050759,1,0
"Jan 19, 04:00 am",0,0,1,0.0507764,1,0
"Jan 19, 05:00 am",0,0,1,0.0509217,1,0
"Jan 19, 06:00 am",2762.16,0,1,0.0508371,1,0
"Jan 19, 07:00 am",0,0,1,0.0505087,1,6.7
"Jan 19, 08:00 am",0,0,1,0.0501496,1,8.3
"Jan 19, 09:00 am",0,0,1,0.0498846,1,9
"Jan 19, 10:00 am",0,0,1,0.0494895,1,9.4
"Jan 19, 11:00 am",0,0,1,0.0492544,1,9.7
"Jan 19, 12:00 pm",0,0,1,0.0491314,1,38.6
"Jan 19, 01:00 pm",0,0,1,0.0491684,1,18.9
"Jan 19, 02:00 pm",1911.02,4.32964,1,0.0492101,1,973.9
"Jan 19, 03:00 pm",2499.71,0.406911,1,0.0493477,1,12.4
"Jan 19, 04:00 pm",2866.59,6.61805,1,0.0496205,1,933
"Jan 19, 05:00 pm",2854.18,0.401859,1,0.0498902,1,8.9
"Jan 19, 06:00 pm",2836.11,2.40536,1,0.0500713,1,802.7
"Jan 19, 07:00 pm",604.874,0.386122,1,0.0502358,1,605.7
"Jan 19, 08:00 pm",217.077,0.226122,1,0.0503754,1,0
"Jan 19, 09:00 pm",0,0,1,0.0504591,1,0
"Jan 19, 10:00 pm",0,0,1,0.0505567,1,0
"Jan 19, 11:00 pm",0,0,1,0.0506573,1,0
"Jan 20, 12:00 am",0,0,1,0.0507579,1,0
"Jan 20, 01:00 am",0,0,1,0.0508265,1,0
"Jan 20, 02:00 am",0,0,1,0.050895,1,0
"Jan 20, 03:00 am",0,0,1,0.0509636,1,0
"Jan 20, 04:00 am",0,0,1,0.0510481,1,0
"Jan 20, 05:00 am",0,0,1,0.0508446,1,0
"Jan 20, 06:00 am",0,0,1,0.0506252,1,0
"Jan 20, 07:00 am",0,0.837628,1,0.0502619,1,690.2
"Jan 20, 08:00 am",0,5.96204,1,0.0501377,1,845.9
"Jan 20, 09:00 am",0,5.21754,0.753681,0.0497963,0.753681,915.4
"Jan 20, 10:00 am",0,0,1,0.0493735,1,953.4
"Jan 20, 11:00 am",0,0,1,0.0489664,1,974.3
"Jan 20, 12:00 pm",0,0,1,0.0486237,1,983.7
"Jan 20, 01:00 pm",0,0,1,0.0486332,1,984.9
"Jan 20, 02:00 pm",0,0,1,0.0487866,1,978.6
"Jan 20, 03:00 pm",0,0,1,0.0489399,1,964.4
"Jan 20, 04:00 pm",0,0,1,0.0490449,1,939.1
"Jan 20, 05:00 pm",0,0,1,0.0492777,1,894.6
"Jan 20, 06:00 pm",0,0,1,0.0495472,1,809.2
"Jan 20, 07:00 pm",0,0,1,0.0498554,1,611
"Jan 20, 08:00 pm",0,0,1,0.0500492,1,0
"Jan 20, 09:00 pm",0,0,1,0.050227,1,0
"Jan 20, 10:00 pm",0,0,1,0.0504048,1,0
"Jan 20, 11:00 pm",0,0,1,0.0505665,1,0
"Jan 21, 12:00 am",0,0,1,0.0507282,1,0
"Jan 21, 01:00 am",0,0,1,0.0508418,1,0
"Jan 21, 02:00 am",0,0,1,0.0507315,1,0
"Jan 21, 03:00 am",0,0,1,0.0505411,1,0
"Jan 21, 04:00 am",0,0,1,0.0505429,1,0
"Jan 21, 05:00 am",0,0,1,0.0504166,1,0
"Jan 21, 06:00 am",0,0,1,0.0503543,1,0
"Jan 21, 07:00 am",0,0,1,0.0500521,1,692.5
"Jan 21, 08:00 am",0,0,1,0.049606,1,852.7
"Jan 21, 09:00 am",0,0,1,0.049176,1,924.7
"Jan 21, 10:00 am",0,0,1,0.0487461,1,965
"Jan 21, 11:00 am",0,0,1,0.0485403,1,988.2
"Jan 21, 12:00 pm",0,0,1,0.0484145,1,994.3
"Jan 21, 01:00 pm",0,0,1,0.0484327,1,56.5
"Jan 21, 02:00 pm",0,0,1,0.048435,1,16.1
"Jan 21, 03:00 pm",0,0,1,0.0484852,1,19.6
"Jan 21, 04:00 pm",0,0,1,0.0485994,1,9.4
"Jan 21, 05:00 pm",0,0,1,0.0487615,1,9
"Jan 21, 06:00 pm",0,0,1,0.0489921,1,8.2
"Jan 21, 07:00 pm",0,0,1,0.0492474,1,615.6
"Jan 21, 08:00 pm",0,0,1,0.0494394,1,0
"Jan 21, 09:00 pm",0,0,1,0.0495994,1,0
"Jan 21, 10:00 pm",0,0,1,0.0497434,1,0
"Jan 21, 11:00 pm",0,0,1,0.0498394,1,0
"Jan 22, 12:00 am",0,0,1,0.0499034,1,0
"Jan 22, 01:00 am",0,0,1,0.0499834,1,0
"Jan 22, 02:00 am",0,0,1,0.0499994,1,0
"Jan 22, 03:00 am",0,0,1,0.0500794,1,0
"Jan 22, 04:00 am",0,0,1,0.0502234,1,0
"Jan 22, 05:00 am",0,0,1,0.0502714,1,0
"Jan 22, 06:00 am",2820.18,0,1,0.0505434,1,0
"Jan 22, 07:00 am",2820.21,0,1,0.050426,1,6.9
"Jan 22, 08:00 am",2820.21,0,1,0.0502152,1,8.5
"Jan 22, 09:00 am",1794.71,0,1,0.0498594,1,9.2
"Jan 22, 10:00 am",0,0,1,0.0495458,1,9.5
"Jan 22, 11:00 am",0,0,1,0.0493427,1,9.7
"Jan 22, 12:00 pm",0,0,1,0.0492837,1,9.8
"Jan 22, 01:00 pm",0,0,1,0.0492087,1,9.8
"Jan 22, 02:00 pm",0,0,1,0.0491657,1,9.7
"Jan 22, 03:00 pm",0,0,1,0.0492347,1,31.9
"Jan 22, 04:00 pm",1911.02,4.61105,1,0.0494975,1,936.5
"Jan 22, 05:00 pm",2866.59,5.78504,1,0.0499247,1,893.1
"Jan 22, 06:00 pm",2868.28,0.398362,1,0.0503425,1,811.3
"Jan 22, 07:00 pm",2523,0.226577,1,0.0506237,1,614.9
"Jan 22, 08:00 pm",0,0,1,0.0507875,1,0
"Jan 22, 09:00 pm",0,0,1,0.0508596,1,0
"Jan 22, 10:00 pm",0,0,1,0.0509476,1,0
"Jan 22, 11:00 pm",0,0,1,0.0510167,1,0
"Jan 23, 12:00 am",0,0,1,0.0511322,1,0
"Jan 23, 01:00 am",0,0,1,0.0512007,1,0
"Jan 23, 02:00 am",0,0,1,0.0511251,1,0
"Jan 23, 03:00 am",0,0,1,0.0509856,1,0
"Jan 23, 04:00 am",0,0,1,0.0509742,1,0
"Jan 23, 05:00 am",0,0,1,0.0508507,1,0
"Jan 23, 06:00 am",0,0,1,0.0507913,1,0
"Jan 23, 07:00 am",0,0,1,0.0502999,1,686
"Jan 23, 08:00 am",2866.59,6.12233,1,0.0500406,1,848.8
"Jan 23, 09:00 am",2866.59,7.02388,1,0.0498297,1,920
"Jan 23, 10:00 am",2866.54,7.26069,1,0.0494977,1,958.1
"Jan 23, 11:00 am",2863.95,4.05735,0.565878,0.04919,0.565878,979.6
"Jan 23, 12:00 pm",2867.36,2.98684,0.421793,0.0489681,0.421793,989.8
"Jan 23, 01:00 pm",2867.03,2.98649,0.433246,0.0488015,0.433246,991.8
"Jan 23, 02:00 pm",2867.04,2.9865,0.435832,0.048667,0.435832,986.2
"Jan 23, 03:00 pm",2867.03,2.98649,0.43061,0.0486925,0.43061,970.9
"Jan 23, 04:00 pm",2867.03,2.98649,0.433078,0.048814,0.433078,944
"Jan 23, 05:00 pm",2867.03,2.98649,0.529156,0.0489513,0.529156,898.1
"Jan 23, 06:00 pm",2866.56,0.398839,1,0.0494018,1,812.3
"Jan 23, 07:00 pm",2771.01,0.229477,1,0.0499089,1,610.7
"Jan 23, 08:00 pm",2866.62,0,1,0.0502338,1,0
"Jan 23, 09:00 pm",2866.66,0,1,0.0504333,1,0
"Jan 23, 10:00 pm",0,0,1,0.0505559,1,0
"Jan 23, 11:00 pm",0,0,1,0.0506304,1,0
"Jan 24, 12:00 am",0,0,1,0.0507207,1,0
"Jan 24, 01:00 am",0,0,1,0.050747,1,0
"Jan 24, 02:00 am",0,0,1,0.0507893,1,0
"Jan 24, 03:00 am",0,0,1,0.0507994,1,0
"Jan 24, 04:00 am",0,0,1,0.0508947,1,0
"Jan 24, 05:00 am",0,0,1,0.050955,1,0
"Jan 24, 06:00 am",0,0,1,0.0507675,1,0
"Jan 24, 07:00 am",720.676,0.627027,1,0.050262,1,670.2
"Jan 24, 08:00 am",2866.59,5.73471,1,0.0499505,1,834.9
"Jan 24, 09:00 am",2866.59,6.9144,1,0.0496356,1,906.6
"Jan 24, 10:00 am",2866.55,7.15492,1,0.0493729,1,944.9
"Jan 24, 11:00 am",2866.31,4.5006,0.633212,0.0490204,0.633212,966.1
"Jan 24, 12:00 pm",2867.33,2.98681,0.428376,0.0487731,0.428376,976.2
"Jan 24, 01:00 pm",2867.02,2.98648,0.43998,0.0487665,0.43998,977.9
"Jan 24, 02:00 pm",2867.03,2.98649,0.443131,0.0488238,0.443131,971.9
"Jan 24, 03:00 pm",2867.03,2.98649,0.436576,0.0489131,0.436576,959.1
"Jan 24, 04:00 pm",2867.03,2.98649,0.437693,0.0490502,0.437693,934.8
"Jan 24, 05:00 pm",2867.03,2.98649,0.534132,0.0492192,0.534132,891.2
"Jan 24, 06:00 pm",2866.56,0.398755,1,0.0496759,1,808.1
"Jan 24, 07:00 pm",2753.21,0.229211,1,0.050203,1,607
"Jan 24, 08:00 pm",2866.61,0,1,0.0505374,1,0
"Jan 24, 09:00 pm",2866.63,0,1,0.0507488,1,0
"Jan 24, 10:00 pm",0,0,1,0.050789,1,0
"Jan 24, 11:00 pm",0,0,1,0.0508143,1,0
"Jan 25, 12:00 am",0,0,1,0.0508395,1,0
"Jan 25, 01:00 am",0,0,1,0.0508647,1,0
"Jan 25, 02:00 am",0,0,1,0.0508899,1,0
"Jan 25, 03:00 am",0,0,1,0.0508717,1,0
"Jan 25, 04:00 am",0,0,1,0.0509952,1,0
"Jan 25, 05:00 am",0,0,1,0.0508716,1,0
"Jan 25, 06:00 am",0,0,1,0.0507322,1,0
"Jan 25, 07:00 am",417.169,0.386309,1,0.0503538,1,659.9
"Jan 25, 08:00 am",2866.59,5.71676,1,0.0500509,1,827.2
"Jan 25, 09:00 am",2866.59,6.87523,1,0.0498609,1,901.3
"Jan 25, 10:00 am",2866.55,7.12352,1,0.0497125,1,941.4
"Jan 25, 11:00 am",2866.35,4.53674,0.639947,0.0494734,0.639947,964
"Jan 25, 12:00 pm",2867.32,2.98679,0.429506,0.049306,0.429506,975
"Jan 25, 01:00 pm",2867.01,2.98647,0.440777,0.0491868,0.440777,977.5
"Jan 25, 02:00 pm",2867.03,2.98649,0.443782,0.0490678,0.443782,972.3
"Jan 25, 03:00 pm",2867.03,2.98649,0.437637,0.0491408,0.437637,958.3
"Jan 25, 04:00 pm",2867.03,2.98649,0.438957,0.0493256,0.438957,932.9
"Jan 25, 05:00 pm",2867.03,2.98649,0.537054,0.0494941,0.537054,887.9
"Jan 25, 06:00 pm",2866.56,0.398688,1,0.0499167,1,805
"Jan 25, 07:00 pm",2750.94,0.229056,1,0.0503934,1,603.7
"Jan 25, 08:00 pm",2866.61,0,1,0.0507105,1,0
"Jan 25, 09:00 pm",2866.63,0,1,0.0509051,1,0
"Jan 25, 10:00 pm",0,0,1,0.0510087,1,0
"Jan 25, 11:00 pm",0,0,1,0.0510496,1,0
"Jan 26, 12:00 am",0,0,1,0.0510584,1,0
"Jan 26, 01:00 am",0,0,1,0.0510672,1,0
"Jan 26, 02:00 am",0,0,1,0.051076,1,0
"Jan 26, 03:00 am",0,0,1,0.0510936,1,0
"Jan 26, 04:00 am",0,0,1,0.051205,1,0
"Jan 26, 05:00 am",0,0,1,0.0510494,1,0
"Jan 26, 06:00 am",0,0,1,0.0509419,1,0
"Jan 26, 07:00 am",409.169,0.378196,1,0.0506274,1,663.9
"Jan 26, 08:00 am",2866.59,5.75229,1,0.0503418,1,835.8
"Jan 26, 09:00 am",2866.59,6.94689,1,0.0500888,1,910.6
"Jan 26, 10:00 am",2866.54,7.19425,1,0.049812,1,951
"Jan 26, 11:00 am",2863.85,4.35747,0.609775,0.0495373,0.609775,973.7
"Jan 26, 12:00 pm",2867.12,2.98659,0.426358,0.0492553,0.426358,983.8
"Jan 26, 01:00 pm",2867.02,2.98648,0.437695,0.0490722,0.437695,985.5
"Jan 26, 02:00 pm",2867.03,2.98649,0.441306,0.0489213,0.441306,979.5
"Jan 26, 03:00 pm",2867.03,2.98649,0.43521,0.0489945,0.43521,965
"Jan 26, 04:00 pm",2867.03,2.98649,0.43649,0.0491635,0.43649,938.9
"Jan 26, 05:00 pm",2867.02,2.98648,0.534715,0.0493162,0.534715,893.4
"Jan 26, 06:00 pm",2866.56,0.398725,1,0.0497229,1,806.5
"Jan 26, 07:00 pm",2750.18,0.229206,1,0.0501835,1,598.6
"Jan 26, 08:00 pm",2866.61,0,1,0.0504845,1,0
"Jan 26, 09:00 pm",2866.62,0,1,0.0506632,1,0
"Jan 26, 10:00 pm",0,0,1,0.050767,1,0
"Jan 26, 11:00 pm",0,0,1,0.0508241,1,0
"Jan 27, 12:00 am",0,0,1,0.0508492,1,0
"Jan 27, 01:00 am",0,0,1,0.0508583,1,0
"Jan 27, 02:00 am",0,0,1,0.0508673,1,0
"Jan 27, 03:00 am",0,0,1,0.0508857,1,0
"Jan 27, 04:00 am",0,0,1,0.0509659,1,0
"Jan 27, 05:00 am",0,0,1,0.0508104,1,0
"Jan 27, 06:00 am",0,0,1,0.050687,1,0
"Jan 27, 07:00 am",0,0,1,0.0503236,1,659.7
"Jan 27, 08:00 am",0,4.16963,1,0.0499286,1,832.2
"Jan 27, 09:00 am",0,6.89559,1,0.0497212,1,906.3
"Jan 27, 10:00 am",0,0.895274,0.147356,0.049478,0.147356,945.8
"Jan 27, 11:00 am",0,0,1,0.0491626,1,967.8
"Jan 27, 12:00 pm",0,0,1,0.0488995,1,977.8
"Jan 27, 01:00 pm",0,0,1,0.0486848,1,979.8
"Jan 27, 02:00 pm",0,0,1,0.0485343,1,973.6
"Jan 27, 03:00 pm",0,0,1,0.0486237,1,959.8
"Jan 27, 04:00 pm",0,0,1,0.0487771,1,934.8
"Jan 27, 05:00 pm",0,0,1,0.0489782,1,889.7
"Jan 27, 06:00 pm",0,0,1,0.049275,1,805.3
"Jan 27, 07:00 pm",0,0,1,0.0495873,1,599.4
"Jan 27, 08:00 pm",0,0,1,0.0498147,1,0
"Jan 27, 09:00 pm",0,0,1,0.0499829,1,0
"Jan 27, 10:00 pm",0,0,1,0.0501287,1,0
"Jan 27, 11:00 pm",0,0,1,0.0502425,1,0
"Jan 28, 12:00 am",0,0,1,0.0503083,1,0
"Jan 28, 01:00 am",0,0,1,0.05039,1,0
"Jan 28, 02:00 am",0,0,1,0.0504878,1,0
"Jan 28, 03:00 am",0,0,1,0.0505855,1,0
"Jan 28, 04:00 am",0,0,1,0.0507312,1,0
"Jan 28, 05:00 am",0,0,1,0.0505888,1,0
"Jan 28, 06:00 am",0,0,1,0.0504146,1,0
"Jan 28, 07:00 am",0,0,1,0.0500324,1,666.8
"Jan 28, 08:00 am",0,0,1,0.0495863,1,843.9
"Jan 28, 09:00 am",0,0,1,0.0491723,1,917.4
"Jan 28, 10:00 am",0,0,1,0.0488703,1,955.8
"Jan 28, 11:00 am",0,0,1,0.0485845,1,976.9
"Jan 28, 12:00 pm",0,0,1,0.0484267,1,983.7
"Jan 28, 01:00 pm",0,0,1,0.0483048,1,63.1
"Jan 28, 02:00 pm",0,0,1,0.0483834,1,55.5
"Jan 28, 03:00 pm",0,0,1,0.0485594,1,26.1
"Jan 28, 04:00 pm",0,0,1,0.0487674,1,936
"Jan 28, 05:00 pm",0,0,1,0.0489914,1,8.9
"Jan 28, 06:00 pm",0,0,1,0.0493274,1,805.7
"Jan 28, 07:00 pm",0,0,1,0.0496474,1,596.7
"Jan 28, 08:00 pm",0,0,1,0.0498554,1,0
"Jan 28, 09:00 pm",0,0,1,0.0500634,1,0
"Jan 28, 10:00 pm",0,0,1,0.0502234,1,0
"Jan 28, 11:00 pm",0,0,1,0.0503674,1,0
"Jan 29, 12:00 am",0,0,1,0.0504794,1,0
"Jan 29, 01:00 am",0,0,1,0.0505753,1,0
"Jan 29, 02:00 am",0,0,1,0.0506714,1,0
"Jan 29, 03:00 am",0,0,1,0.0507673,1,0
"Jan 29, 04:00 am",0,0,1,0.0508953,1,0
"Jan 29, 05:00 am",0,0,1,0.0507034,1,0
"Jan 29, 06:00 am",2820.18,0,1,0.0508153,1,0
"Jan 29, 07:00 am",2820.21,0,1,0.0506498,1,6.7
"Jan 29, 08:00 am",2852.21,4.46478,1,0.0502814,1,845.4
"Jan 29, 09:00 am",2866.54,7.02073,1,0.04995,1,920.8
"Jan 29, 10:00 am",2865.28,4.15902,0.585519,0.0496009,0.585519,960.9
"Jan 29, 11:00 am",2867.35,2.98682,0.422557,0.0492799,0.422557,983.4
"Jan 29, 12:00 pm",2867.02,2.98648,0.42267,0.0489846,0.42267,992.7
"Jan 29, 01:00 pm",2867.03,2.98649,0.435758,0.0487376,0.435758,993.8
"Jan 29, 02:00 pm",2867.03,2.98649,0.440431,0.0485389,0.440431,987.1
"Jan 29, 03:00 pm",2867.03,2.98649,0.433738,0.0485962,0.433738,972.8
"Jan 29, 04:00 pm",2867.03,2.98649,0.433751,0.0487335,0.433751,947.1
"Jan 29, 05:00 pm",2867.03,2.98649,0.533261,0.0489025,0.533261,901.7
"Jan 29, 06:00 pm",2821.94,0.398802,1,0.0493823,1,813.8
"Jan 29, 07:00 pm",2648.94,0.229476,1,0.0498825,1,600.8
"Jan 29, 08:00 pm",2850.47,0,1,0.0502194,1,0
"Jan 29, 09:00 pm",2651.24,0,1,0.0504309,1,0
"Jan 29, 10:00 pm",0,0,1,0.0506039,1,0
"Jan 29, 11:00 pm",0,0,1,0.0507288,1,0
"Jan 30, 12:00 am",0,0,1,0.0508454,1,0
"Jan 30, 01:00 am",0,0,1,0.0509139,1,0
"Jan 30, 02:00 am",0,0,1,0.0509665,1,0
"Jan 30, 03:00 am",0,0,1,0.051019,1,0
"Jan 30, 04:00 am",0,0,1,0.0511195,1,0
"Jan 30, 05:00 am",0,0,1,0.050932,1,0
"Jan 30, 06:00 am",0,0,1,0.0507446,1,0
"Jan 30, 07:00 am",0,0,1,0.0502532,1,670.9
"Jan 30, 08:00 am",2388.78,4.1813,1,0.0497718,1,850.8
"Jan 30, 09:00 am",2866.59,7.04644,1,0.0494572,1,925.1
"Jan 30, 10:00 am",2866.55,7.27923,1,0.049273,1,963.9
"Jan 30, 11:00 am",2867.58,5.18862,0.714472,0.048995,0.714472,984.7
"Jan 30, 12:00 pm",2866.99,2.98644,0.425393,0.0487557,0.425393,992.7
"Jan 30, 01:00 pm",2867.03,2.98649,0.437001,0.0485092,0.437001,992.6
"Jan 30, 02:00 pm",2867.04,2.9865,0.442272,0.0485029,0.442272,984.8
"Jan 30, 03:00 pm",2867.03,2.98649,0.435683,0.0485925,0.435683,969.9
"Jan 30, 04:00 pm",2867.03,2.98649,0.435801,0.04873,0.435801,943.4
"Jan 30, 05:00 pm",2867.03,2.98649,0.537529,0.0489472,0.537529,896.9
"Jan 30, 06:00 pm",2866.56,0.398867,1,0.049434,1,812.5
"Jan 30, 07:00 pm",2737.9,0.229632,1,0.0499259,1,601.4
"Jan 30, 08:00 pm",2866.61,0,1,0.0502585,1,0
"Jan 30, 09:00 pm",2866.6,0,1,0.0504689,1,0
"Jan 30, 10:00 pm",0,0,1,0.0506042,1,0
"Jan 30, 11:00 pm",0,0,1,0.0506768,1,0
"Jan 31, 12:00 am",0,0,1,0.0507494,1,0
"Jan 31, 01:00 am",0,0,1,0.0507738,1,0
"Jan 31, 02:00 am",0,0,1,0.0508296,1,0
"Jan 31, 03:00 am",0,0,1,0.0508675,1,0
"Jan 31, 04:00 am",0,0,1,0.050984,1,0
"Jan 31, 05:00 am",0,0,1,0.0510365,1,0
"Jan 31, 06:00 am",0,0,1,0.050865,1,0
"Jan 31, 07:00 am",15.4914,0,1,0.0503419,1,658.7
"Jan 31, 08:00 am",2388.78,4.08754,1,0.0498709,1,842.2
"Jan 31, 09:00 am",2866.59,6.97742,1,0.0495532,1,916.6
"Jan 31, 10:00 am",2866.55,7.2043,1,0.0493085,1,954.9
"Jan 31, 11:00 am",2866.56,5.42452,0.754096,0.0490533,0.754096,975.6
"Jan 31, 12:00 pm",2867.27,2.98674,0.429163,0.0488027,0.429163,984.4
"Jan 31, 01:00 pm",2867.02,2.98648,0.441331,0.0485882,0.441331,984.7
"Jan 31, 02:00 pm",2867.04,2.9865,0.446641,0.0485977,0.446641,977.4
"Jan 31, 03:00 pm",2867.03,2.98649,0.439337,0.0486713,0.439337,963.6
"Jan 31, 04:00 pm",2867.03,2.98649,0.43861,0.0487927,0.43861,938.3
"Jan 31, 05:00 pm",2867.03,2.98649,0.541742,0.0489459,0.541742,892.7
"Jan 31, 06:00 pm",2866.56,0.398908,1,0.0493824,1,807.2
"Jan 31, 07:00 pm",2739.75,0.229691,1,0.0498718,1,593.1
"Jan 31, 08:00 pm",2866.61,0,1,0.0502032,1,0
"Jan 31, 09:00 pm",2866.6,0,1,0.0503809,1,0
"Jan 31, 10:00 pm",0,0,1,0.0505481,1,0
"Jan 31, 11:00 pm",0,0,1,0.0506369,1,0
"Feb 1, 12:00 am",0,0,1,0.0504857,1,0
"Feb 1, 01:00 am",0,0,1,0.0504946,1,0
"Feb 1, 02:00 am",0,0,1,0.0505155,1,0
"Feb 1, 03:00 am",0,0,1,0.0505503,1,0
"Feb 1, 04:00 am",0,0,1,0.0504589,1,0
"Feb 1, 05:00 am",0,0,1,0.0503835,1,0
"Feb 1, 06:00 am",0,0,1,0.0502602,1,0
"Feb 1, 07:00 am",21.1718,0,1,0.0499612,1,6.5
"Feb 1, 08:00 am",0,0,1,0.0494383,1,8.3
"Feb 1, 09:00 am",1856.1,3.9406,1,0.0491072,1,908.9
"Feb 1, 10:00 am",2866.59,7.16548,1,0.0489086,1,951
"Feb 1, 11:00 am",2866.55,7.24965,1,0.0488528,1,974.7
"Feb 1, 12:00 pm",2865.08,4.685,0.657314,0.0487477,0.657314,985.9
"Feb 1, 01:00 pm",2867.27,2.98674,0.441647,0.048586,0.441647,988.6
"Feb 1, 02:00 pm",2867.03,2.98649,0.444868,0.0484837,0.444868,983.3
"Feb 1, 03:00 pm",2866.56,0.409974,1,0.0486455,1,11.8
"Feb 1, 04:00 pm",2866.78,5.68498,0.865785,0.0488515,0.865785,946.5
"Feb 1, 05:00 pm",2865.07,2.98444,0.540847,0.0490115,0.540847,902.6
"Feb 1, 06:00 pm",2866.56,0.398996,1,0.0494548,1,814.7
"Feb 1, 07:00 pm",2736.13,0.229618,1,0.0498948,1,596.2
"Feb 1, 08:00 pm",2866.61,0,1,0.0502081,1,0
"Feb 1, 09:00 pm",2866.6,0,1,0.0503969,1,0
"Feb 1, 10:00 pm",0,0,1,0.0505564,1,0
"Feb 1, 11:00 pm",0,0,1,0.050693,1,0
"Feb 2, 12:00 am",0,0,1,0.0507655,1,0
"Feb 2, 01:00 am",0,0,1,0.0508378,1,0
"Feb 2, 02:00 am",0,0,1,0.0508641,1,0
"Feb 2, 03:00 am",0,0,1,0.0509204,1,0
"Feb 2, 04:00 am",0,0,1,0.0510209,1,0
"Feb 2, 05:00 am",0,0,1,0.0508655,1,0
"Feb 2, 06:00 am",0,0,1,0.050646,1,0
"Feb 2, 07:00 am",10.1496,0,1,0.0501388,1,655.5
"Feb 2, 08:00 am",2389.52,4.03481,1,0.0496002,1,845
"Feb 2, 09:00 am",2866.59,7.03375,1,0.0493318,1,924.3
"Feb 2, 10:00 am",2866.55,7.28661,1,0.049027,1,966.7
"Feb 2, 11:00 am",2866.56,5.24103,0.719698,0.0487543,0.719698,990.9
"Feb 2, 12:00 pm",2867.3,2.98677,0.422693,0.0485344,0.422693,1001
"Feb 2, 01:00 pm",2867.03,2.98649,0.434919,0.0483681,0.434919,1002.5
"Feb 2, 02:00 pm",2867.03,2.98649,0.439971,0.0484259,0.439971,996.2
"Feb 2, 03:00 pm",2867.03,2.98649,0.432375,0.0485316,0.432375,982.3
"Feb 2, 04:00 pm",2867.03,2.98649,0.430781,0.0486372,0.430781,957.2
"Feb 2, 05:00 pm",2867.03,2.98649,0.533885,0.0488706,0.533885,912.1
"Feb 2, 06:00 pm",2866.56,0.398873,1,0.0493553,1,821.3
"Feb 2, 07:00 pm",2739.33,0.229561,1,0.0498747,1,597.8
"Feb 2, 08:00 pm",2866.61,0,1,0.0502446,1,0
"Feb 2, 09:00 pm",2866.6,0,1,0.0504805,1,0
"Feb 2, 10:00 pm",0,0,1,0.0506614,1,0
"Feb 2, 11:00 pm",0,0,1,0.0507981,1,0
"Feb 3, 12:00 am",0,0,1,0.0509185,1,0
"Feb 3, 01:00 am",0,0,1,0.0509748,1,0
"Feb 3, 02:00 am",0,0,1,0.0510604,1,0
"Feb 3, 03:00 am",0,0,1,0.0508721,1,0
"Feb 3, 04:00 am",0,0,1,0.0507806,1,0
"Feb 3, 05:00 am",0,0,1,0.0506252,1,0
"Feb 3, 06:00 am",0,0,1,0.0503738,1,0
"Feb 3, 07:00 am",0,0,1,0.0500585,1,654.1
"Feb 3, 08:00 am",0,4.04482,1,0.0496152,1,845.8
"Feb 3, 09:00 am",0,7.04133,1,0.0494379,1,926.2
"Feb 3, 10:00 am",0,0.850668,0.137955,0.0491693,0.137955,969.7
"Feb 3, 11:00 am",0,0,1,0.0488377,1,994.3
"Feb 3, 12:00 pm",0,0,1,0.048591,1,1003.3
"Feb 3, 01:00 pm",0,0,1,0.0484086,1,1004
"Feb 3, 02:00 pm",0,0,1,0.0484343,1,997.2
"Feb 3, 03:00 pm",0,0,1,0.0485079,1,981.9
"Feb 3, 04:00 pm",0,0,1,0.0486294,1,955.3
"Feb 3, 05:00 pm",0,0,1,0.0488467,1,908.7
"Feb 3, 06:00 pm",0,0,1,0.0491596,1,823
"Feb 3, 07:00 pm",0,0,1,0.0494721,1,602.4
"Feb 3, 08:00 pm",0,0,1,0.0496563,1,0
"Feb 3, 09:00 pm",0,0,1,0.0498121,1,0
"Feb 3, 10:00 pm",0,0,1,0.0499727,1,0
"Feb 3, 11:00 pm",0,0,1,0.0501185,1,0
"Feb 4, 12:00 am",0,0,1,0.0502803,1,0
"Feb 4, 01:00 am",0,0,1,0.0503781,1,0
"Feb 4, 02:00 am",0,0,1,0.0504598,1,0
"Feb 4, 03:00 am",0,0,1,0.0505575,1,0
"Feb 4, 04:00 am",0,0,1,0.0506712,1,0
"Feb 4, 05:00 am",0,0,1,0.0507529,1,0
"Feb 4, 06:00 am",0,0,1,0.0505466,1,0
"Feb 4, 07:00 am",0,0,1,0.0501003,1,658.7
"Feb 4, 08:00 am",0,0,1,0.0495902,1,855.7
"Feb 4, 09:00 am",0,0,1,0.0491282,1,934
"Feb 4, 10:00 am",0,0,1,0.0487303,1,974.7
"Feb 4, 11:00 am",0,0,1,0.0484285,1,996.9
"Feb 4, 12:00 pm",0,0,1,0.0481939,1,1005.2
"Feb 4, 01:00 pm",0,0,1,0.0479834,1,1005.3
"Feb 4, 02:00 pm",0,0,1,0.0478394,1,998
"Feb 4, 03:00 pm",0,0,1,0.0479354,1,981.3
"Feb 4, 04:00 pm",0,0,1,0.0480794,1,953.1
"Feb 4, 05:00 pm",0,0,1,0.0483354,1,904.9
"Feb 4, 06:00 pm",0,0,1,0.0487194,1,816.4
"Feb 4, 07:00 pm",0,0,1,0.0490714,1,590.3
"Feb 4, 08:00 pm",0,0,1,0.0493434,1,0
"Feb 4, 09:00 pm",0,0,1,0.0495514,1,0
"Feb 4, 10:00 pm",0,0,1,0.0497594,1,0
"Feb 4, 11:00 pm",0,0,1,0.0499034,1,0
"Feb 5, 12:00 am",0,0,1,0.0500474,1,0
"Feb 5, 01:00 am",0,0,1,0.0501754,1,0
"Feb 5, 02:00 am",0,0,1,0.0502234,1,0
"Feb 5, 03:00 am",0,0,1,0.0503034,1,0
"Feb 5, 04:00 am",0,0,1,0.0504314,1,0
"Feb 5, 05:00 am",0,0,1,0.0505274,1,0
"Feb 5, 06:00 am",2820.18,0,1,0.0504794,1,0
"Feb 5, 07:00 am",2577.45,1.78989,1,0.0502873,1,660.4
"Feb 5, 08:00 am",2866.55,5.6476,1,0.049831,1,858.8
"Feb 5, 09:00 am",2865.69,4.80724,0.684805,0.0494215,0.684805,933.9
"Feb 5, 10:00 am",2867.24,2.98671,0.425563,0.0489556,0.425563,971.5
"Feb 5, 11:00 am",2867.03,2.98649,0.421682,0.0485807,0.421682,991.3
"Feb 5, 12:00 pm",2867.04,2.9865,0.424301,0.0483023,0.424301,999.1
"Feb 5, 01:00 pm",2867.03,2.98649,0.439083,0.048104,0.439083,998.6
"Feb 5, 02:00 pm",2867.04,2.9865,0.445585,0.0479381,0.445585,990.5
"Feb 5, 03:00 pm",2867.04,2.9865,0.437404,0.0479961,0.437404,976.7
"Feb 5, 04:00 pm",2867.03,2.98649,0.435185,0.048198,0.435185,950.8
"Feb 5, 05:00 pm",2867.04,2.9865,0.544656,0.0483655,0.544656,904.7
"Feb 5, 06:00 pm",2802.49,0.398892,1,0.0489145,1,813.4
"Feb 5, 07:00 pm",2629.76,0.229668,1,0.0494408,1,581
"Feb 5, 08:00 pm",2827.6,0,1,0.0497754,1,0
"Feb 5, 09:00 pm",2636.83,0,1,0.050045,1,0
"Feb 5, 10:00 pm",0,0,1,0.0502825,1,0
"Feb 5, 11:00 pm",0,0,1,0.0504312,1,0
"Feb 6, 12:00 am",0,0,1,0.0505478,1,0
"Feb 6, 01:00 am",0,0,1,0.0506805,1,0
"Feb 6, 02:00 am",0,0,1,0.050749,1,0
"Feb 6, 03:00 am",0,0,1,0.0507856,1,0
"Feb 6, 04:00 am",0,0,1,0.0508862,1,0
"Feb 6, 05:00 am",0,0,1,0.0507148,1,0
"Feb 6, 06:00 am",0,0,1,0.0505274,1,0
"Feb 6, 07:00 am",0,0,1,0.0502121,1,640.8
"Feb 6, 08:00 am",1838.8,3.35752,1,0.0497688,1,841.7
"Feb 6, 09:00 am",2866.59,7.03084,1,0.0494667,1,923.7
"Feb 6, 10:00 am",2866.55,7.26196,1,0.0492096,1,966.7
"Feb 6, 11:00 am",2866.62,5.46991,0.753715,0.0488919,0.753715,990.9
"Feb 6, 12:00 pm",2867.26,2.98673,0.42636,0.0486418,0.42636,1001
"Feb 6, 01:00 pm",2867.03,2.98649,0.438382,0.0483955,0.438382,1002.6
"Feb 6, 02:00 pm",2867.04,2.9865,0.444133,0.0484533,0.444133,996.1
"Feb 6, 03:00 pm",2867.04,2.9865,0.435771,0.048543,0.435771,982.4
"Feb 6, 04:00 pm",2867.03,2.98649,0.432801,0.0486966,0.432801,957.2
"Feb 6, 05:00 pm",2867.04,2.9865,0.543117,0.0488819,0.543117,911.2
"Feb 6, 06:00 pm",2866.56,0.398903,1,0.0494058,1,819.5
"Feb 6, 07:00 pm",2739.88,0.229698,1,0.0499836,1,584.4
"Feb 6, 08:00 pm",2866.61,0,1,0.0502712,1,0
"Feb 6, 09:00 pm",2866.6,0,1,0.0504836,1,0
"Feb 6, 10:00 pm",0,0,1,0.0506196,1,0
"Feb 6, 11:00 pm",0,0,1,0.0506444,1,0
"Feb 7, 12:00 am",0,0,1,0.0506691,1,0
"Feb 7, 01:00 am",0,0,1,0.0507257,1,0
"Feb 7, 02:00 am",0,0,1,0.0507466,1,0
"Feb 7, 03:00 am",0,0,1,0.0507814,1,0
"Feb 7, 04:00 am",0,0,1,0.050882,1,0
"Feb 7, 05:00 am",0,0,1,0.0509665,1,0
"Feb 7, 06:00 am",0,0,1,0.050779,1,0
"Feb 7, 07:00 am",21.512,0,1,0.0504159,1,636.3
"Feb 7, 08:00 am",1835.87,3.32528,1,0.0498928,1,840.7
"Feb 7, 09:00 am",2866.59,7.01966,1,0.0495912,1,922.6
"Feb 7, 10:00 am",2866.55,7.23974,1,0.0493342,1,964.7
"Feb 7, 11:00 am",2866.64,5.4944,0.759911,0.0490487,0.759911,988.3
"Feb 7, 12:00 pm",2867.25,2.98672,0.428648,0.0487827,0.428648,997.3
"Feb 7, 01:00 pm",2867.03,2.98649,0.441622,0.0485202,0.441622,997.5
"Feb 7, 02:00 pm",2867.04,2.9865,0.447846,0.0485299,0.447846,990.3
"Feb 7, 03:00 pm",2867.03,2.98649,0.440028,0.0486035,0.440028,975
"Feb 7, 04:00 pm",2867.03,2.98649,0.437828,0.048741,0.437828,947.5
"Feb 7, 05:00 pm",2867.04,2.9865,0.552745,0.0489422,0.552745,899.7
"Feb 7, 06:00 pm",2866.56,0.398854,1,0.0493958,1,812.5
"Feb 7, 07:00 pm",2740.07,0.229555,1,0.0498706,1,580.8
"Feb 7, 08:00 pm",2866.61,0,1,0.0501386,1,0
"Feb 7, 09:00 pm",2866.6,0,1,0.0503168,1,0
"Feb 7, 10:00 pm",0,0,1,0.0504362,1,0
"Feb 7, 11:00 pm",0,0,1,0.0505252,1,0
"Feb 8, 12:00 am",0,0,1,0.0505981,1,0
"Feb 8, 01:00 am",0,0,1,0.0506228,1,0
"Feb 8, 02:00 am",0,0,1,0.0505949,1,0
"Feb 8, 03:00 am",0,0,1,0.0507569,1,0
"Feb 8, 04:00 am",0,0,1,0.0508894,1,0
"Feb 8, 05:00 am",0,0,1,0.050958,1,0
"Feb 8, 06:00 am",0,0,1,0.0507385,1,0
"Feb 8, 07:00 am",22.5888,0,1,0.0503754,1,642.9
"Feb 8, 08:00 am",1839.44,3.37093,1,0.0498843,1,853.3
"Feb 8, 09:00 am",2866.59,7.09792,1,0.0495361,1,933
"Feb 8, 10:00 am",2866.55,7.3015,1,0.0492312,1,973.7
"Feb 8, 11:00 am",2868.21,5.29982,0.729991,0.0489109,0.729991,995.4
"Feb 8, 12:00 pm",2867.3,2.98677,0.426446,0.0485792,0.426446,1003.8
"Feb 8, 01:00 pm",2867.02,2.98648,0.439824,0.048333,0.439824,1003.8
"Feb 8, 02:00 pm",2867.04,2.9865,0.446382,0.0484069,0.446382,996.1
"Feb 8, 03:00 pm",2867.03,2.98649,0.438647,0.0485126,0.438647,980.3
"Feb 8, 04:00 pm",2867.03,2.98649,0.436144,0.0486502,0.436144,952.4
"Feb 8, 05:00 pm",2867.04,2.9865,0.552727,0.0488675,0.552727,904.1
"Feb 8, 06:00 pm",2866.56,0.398855,1,0.0493835,1,811.6
"Feb 8, 07:00 pm",2739.37,0.229584,1,0.0498723,1,570
"Feb 8, 08:00 pm",2866.61,0,1,0.0501873,1,0
"Feb 8, 09:00 pm",2866.6,0,1,0.0504129,1,0
"Feb 8, 10:00 pm",0,0,1,0.0505959,1,0
"Feb 8, 11:00 pm",0,0,1,0.0507006,1,0
"Feb 9, 12:00 am",0,0,1,0.0507732,1,0
"Feb 9, 01:00 am",0,0,1,0.0508137,1,0
"Feb 9, 02:00 am",0,0,1,0.0508671,1,0
"Feb 9, 03:00 am",0,0,1,0.0507426,1,0
"Feb 9, 04:00 am",0,0,1,0.0505712,1,0
"Feb 9, 05:00 am",0,0,1,0.0503519,1,0
"Feb 9, 06:00 am",0,0,1,0.0501166,1,0
"Feb 9, 07:00 am",20.2699,0,1,0.0498656,1,618.9
"Feb 9, 08:00 am",1822.31,3.20569,1,0.0493746,1,830.8
"Feb 9, 09:00 am",2866.59,6.95203,1,0.0491058,1,914.7
"Feb 9, 10:00 am",2866.56,7.17682,1,0.0488818,1,958.3
"Feb 9, 11:00 am",2866.74,5.71959,0.796801,0.0485994,0.796801,982.2
"Feb 9, 12:00 pm",2867.18,2.98665,0.432084,0.0483517,0.432084,993.5
"Feb 9, 01:00 pm",2867.03,2.98649,0.444234,0.0481538,0.444234,995.9
"Feb 9, 02:00 pm",2867.05,2.98651,0.450126,0.0482119,0.450126,990.2
"Feb 9, 03:00 pm",2867.04,2.9865,0.441472,0.0483019,0.441472,976
"Feb 9, 04:00 pm",2867.04,2.9865,0.438162,0.0483757,0.438162,949.2
"Feb 9, 05:00 pm",2867.04,2.9865,0.556916,0.0485615,0.556916,901.7
"Feb 9, 06:00 pm",2866.56,0.398999,1,0.0490922,1,808.1
"Feb 9, 07:00 pm",2742.42,0.229938,1,0.0496115,1,561.1
"Feb 9, 08:00 pm",2866.61,0,1,0.0499418,1,0
"Feb 9, 09:00 pm",2866.61,0,1,0.0501989,1,0
"Feb 9, 10:00 pm",0,0,1,0.0503821,1,0
"Feb 9, 11:00 pm",0,0,1,0.0504872,1,0
"Feb 10, 12:00 am",0,0,1,0.0505123,1,0
"Feb 10, 01:00 am",0,0,1,0.0505053,1,0
"Feb 10, 02:00 am",0,0,1,0.0505062,1,0
"Feb 10, 03:00 am",0,0,1,0.0505209,1,0
"Feb 10, 04:00 am",0,0,1,0.0506375,1,0
"Feb 10, 05:00 am",0,0,1,0.05077,1,0
"Feb 10, 06:00 am",0,0,1,0.0505186,1,0
"Feb 10, 07:00 am",0,0,1,0.0501873,1,602.4
"Feb 10, 08:00 am",0,2.90005,1,0.0496824,1,818.4
"Feb 10, 09:00 am",0,6.88819,1,0.0496267,1,905.1
"Feb 10, 10:00 am",0,2.64668,0.387025,0.0492398,0.387025,950.7
"Feb 10, 11:00 am",0,0,1,0.0488489,1,976.4
"Feb 10, 12:00 pm",0,0,1,0.0486185,1,988.8
"Feb 10, 01:00 pm",0,0,1,0.0484043,1,992.4
"Feb 10, 02:00 pm",0,0,1,0.0482223,1,988
"Feb 10, 03:00 pm",0,0,1,0.0483284,1,973.6
"Feb 10, 04:00 pm",0,0,1,0.0484663,1,946.8
"Feb 10, 05:00 pm",0,0,1,0.048684,1,899
"Feb 10, 06:00 pm",0,0,1,0.0490454,1,805.9
"Feb 10, 07:00 pm",0,0,1,0.0493582,1,557
"Feb 10, 08:00 pm",0,0,1,0.0495588,1,0
"Feb 10, 09:00 pm",0,0,1,0.0497314,1,0
"Feb 10, 10:00 pm",0,0,1,0.0498926,1,0
"Feb 10, 11:00 pm",0,0,1,0.0500385,1,0
"Feb 11, 12:00 am",0,0,1,0.0501683,1,0
"Feb 11, 01:00 am",0,0,1,0.0502661,1,0
"Feb 11, 02:00 am",0,0,1,0.0503638,1,0
"Feb 11, 03:00 am",0,0,1,0.0504296,1,0
"Feb 11, 04:00 am",0,0,1,0.0505113,1,0
"Feb 11, 05:00 am",0,0,1,0.050609,1,0
"Feb 11, 06:00 am",0,0,1,0.0504667,1,0
"Feb 11, 07:00 am",0,0,1,0.0501005,1,584.3
"Feb 11, 08:00 am",0,0,1,0.0495903,1,805.1
"Feb 11, 09:00 am",0,0,1,0.0491603,1,892
"Feb 11, 10:00 am",0,0,1,0.0487944,1,937.2
"Feb 11, 11:00 am",0,0,1,0.0484606,1,962
"Feb 11, 12:00 pm",0,0,1,0.0482548,1,973.5
"Feb 11, 01:00 pm",0,0,1,0.0481131,1,975.9
"Feb 11, 02:00 pm",0,0,1,0.0481634,1,970
"Feb 11, 03:00 pm",0,0,1,0.0482777,1,955.3
"Feb 11, 04:00 pm",0,0,1,0.0484559,1,928
"Feb 11, 05:00 pm",0,0,1,0.0486341,1,879.1
"Feb 11, 06:00 pm",0,0,1,0.0489562,1,789.1
"Feb 11, 07:00 pm",0,0,1,0.0492623,1,539.9
"Feb 11, 08:00 pm",0,0,1,0.0494883,1,0
"Feb 11, 09:00 pm",0,0,1,0.0496502,1,0
"Feb 11, 10:00 pm",0,0,1,0.0497801,1,0
"Feb 11, 11:00 pm",0,0,1,0.04991,1,0
"Feb 12, 12:00 am",0,0,1,0.0500239,1,0
"Feb 12, 01:00 am",0,0,1,0.0501217,1,0
"Feb 12, 02:00 am",0,0,1,0.0502195,1,0
"Feb 12, 03:00 am",0,0,1,0.0502853,1,0
"Feb 12, 04:00 am",0,0,1,0.0503191,1,0
"Feb 12, 05:00 am",0,0,1,0.0504197,1,0
"Feb 12, 06:00 am",2820.18,0,1,0.0503355,1,0
"Feb 12, 07:00 am",2820.21,0,1,0.0501382,1,551.6
"Feb 12, 08:00 am",2858.86,4.1865,1,0.0497706,1,778.2
"Feb 12, 09:00 am",2866.55,6.58717,1,0.0493867,1,867.8
"Feb 12, 10:00 am",2868.5,4.97586,0.737718,0.0489666,0.737718,914.4
"Feb 12, 11:00 am",2867.13,2.98659,0.4509,0.0486429,0.4509,940.5
"Feb 12, 12:00 pm",2867.04,2.9865,0.450737,0.0483964,0.450737,954.2
"Feb 12, 01:00 pm",2867.04,2.9865,0.464814,0.0484221,0.464814,958.7
"Feb 12, 02:00 pm",2867.04,2.9865,0.470847,0.0484317,0.470847,954.6
"Feb 12, 03:00 pm",2867.03,2.98649,0.461405,0.0484892,0.461405,940.8
"Feb 12, 04:00 pm",2867.03,2.98649,0.457054,0.0485946,0.457054,914.2
"Feb 12, 05:00 pm",2867.03,2.98649,0.589926,0.0487958,0.589926,865.9
"Feb 12, 06:00 pm",2837.73,0.398793,1,0.0492739,1,771.7
"Feb 12, 07:00 pm",2664.5,0.229324,1,0.0497079,1,513.7
"Feb 12, 08:00 pm",2869.11,0,1,0.0499958,1,0
"Feb 12, 09:00 pm",2668.7,0,1,0.0501588,1,0
"Feb 12, 10:00 pm",0,0,1,0.0502294,1,0
"Feb 12, 11:00 pm",0,0,1,0.0502999,1,0
"Feb 13, 12:00 am",0,0,1,0.0504162,1,0
"Feb 13, 01:00 am",0,0,1,0.0504689,1,0
"Feb 13, 02:00 am",0,0,1,0.0505215,1,0
"Feb 13, 03:00 am",0,0,1,0.0505421,1,0
"Feb 13, 04:00 am",0,0,1,0.0506108,1,0
"Feb 13, 05:00 am",0,0,1,0.0506794,1,0
"Feb 13, 06:00 am",0,0,1,0.050764,1,0
"Feb 13, 07:00 am",0,0,1,0.0504326,1,564.1
"Feb 13, 08:00 am",955.49,2.67819,1,0.0500247,1,794.8
"Feb 13, 09:00 am",2866.59,6.69858,1,0.0499405,1,883.6
"Feb 13, 10:00 am",2868.64,6.92243,1,0.0496395,1,929.5
"Feb 13, 11:00 am",2867.33,6.08483,0.875423,0.0493316,0.875423,955
"Feb 13, 12:00 pm",2867.07,2.98653,0.448805,0.0490296,0.448805,966.4
"Feb 13, 01:00 pm",2867.02,2.98648,0.461584,0.0487829,0.461584,968.5
"Feb 13, 02:00 pm",2867.04,2.9865,0.468468,0.0487763,0.468468,962.2
"Feb 13, 03:00 pm",2867.03,2.98649,0.459878,0.0488177,0.459878,946.3
"Feb 13, 04:00 pm",2867.03,2.98649,0.456067,0.048939,0.456067,917.7
"Feb 13, 05:00 pm",2867.03,2.98649,0.592797,0.0490921,0.592797,867
"Feb 13, 06:00 pm",2866.56,0.398834,1,0.0494959,1,769.1
"Feb 13, 07:00 pm",2769.39,0.229441,1,0.049938,1,502.6
"Feb 13, 08:00 pm",2866.62,0,1,0.050222,1,0
"Feb 13, 09:00 pm",2866.66,0,1,0.0503842,1,0
"Feb 13, 10:00 pm",0,0,1,0.0504728,1,0
"Feb 13, 11:00 pm",0,0,1,0.0505313,1,0
"Feb 14, 12:00 am",0,0,1,0.0505578,1,0
"Feb 14, 01:00 am",0,0,1,0.0505683,1,0
"Feb 14, 02:00 am",0,0,1,0.0504987,1,0
"Feb 14, 03:00 am",0,0,1,0.0504293,1,0
"Feb 14, 04:00 am",0,0,1,0.0504466,1,0
"Feb 14, 05:00 am",0,0,1,0.0505729,1,0
"Feb 14, 06:00 am",0,0,1,0.0506094,1,0
"Feb 14, 07:00 am",113.898,0,1,0.0503434,1,555.5
"Feb 14, 08:00 am",955.49,2.63359,1,0.0499182,1,790.9
"Feb 14, 09:00 am",2866.59,6.68179,1,0.0498266,1,882
"Feb 14, 10:00 am",2866.59,6.91565,1,0.0494816,1,929.7
"Feb 14, 11:00 am",2867.41,6.13171,0.881628,0.0491918,0.881628,956.9
"Feb 14, 12:00 pm",2867.05,2.98651,0.448673,0.0488747,0.448673,968.9
"Feb 14, 01:00 pm",2867.03,2.98649,0.461217,0.0485962,0.461217,971.7
"Feb 14, 02:00 pm",2867.04,2.9865,0.467974,0.0486378,0.467974,965.9
"Feb 14, 03:00 pm",2867.03,2.98649,0.459502,0.0487114,0.459502,949.4
"Feb 14, 04:00 pm",2867.03,2.98649,0.455729,0.0488648,0.455729,919.8
"Feb 14, 05:00 pm",2867.03,2.98649,0.595538,0.049018,0.595538,868.4
"Feb 14, 06:00 pm",2866.56,0.398839,1,0.0494677,1,768.9
"Feb 14, 07:00 pm",2768.25,0.229511,1,0.0499074,1,496.1
"Feb 14, 08:00 pm",2866.62,0,1,0.0501902,1,0
"Feb 14, 09:00 pm",2866.66,0,1,0.0503356,1,0
"Feb 14, 10:00 pm",0,0,1,0.0504239,1,0
"Feb 14, 11:00 pm",0,0,1,0.0504665,1,0
"Feb 15, 12:00 am",0,0,1,0.050461,1,0
"Feb 15, 01:00 am",0,0,1,0.0504875,1,0
"Feb 15, 02:00 am",0,0,1,0.050482,1,0
"Feb 15, 03:00 am",0,0,1,0.0504924,1,0
"Feb 15, 04:00 am",0,0,1,0.0505274,1,0
"Feb 15, 05:00 am",0,0,1,0.0506235,1,0
"Feb 15, 06:00 am",0,0,1,0.0506921,1,0
"Feb 15, 07:00 am",110.193,0,1,0.0503779,1,541.1
"Feb 15, 08:00 am",955.49,2.55357,1,0.049932,1,780.6
"Feb 15, 09:00 am",2866.59,6.59409,1,0.0497933,1,871.5
"Feb 15, 10:00 am",2866.59,6.81726,1,0.0494545,1,918.1
"Feb 15, 11:00 am",2866.65,6.39266,0.932961,0.0492375,0.932961,943.8
"Feb 15, 12:00 pm",2867.27,2.98674,0.455911,0.0490055,0.455911,955.3
"Feb 15, 01:00 pm",2867.02,2.98648,0.469696,0.0488388,0.469696,957.2
"Feb 15, 02:00 pm",2867.04,2.9865,0.477031,0.0488321,0.477031,950.6
"Feb 15, 03:00 pm",2867.03,2.98649,0.468009,0.0489214,0.468009,934.8
"Feb 15, 04:00 pm",2867.03,2.98649,0.463665,0.0490266,0.463665,905.7
"Feb 15, 05:00 pm",2867.03,2.98649,0.60952,0.0492276,0.60952,854.1
"Feb 15, 06:00 pm",2866.56,0.398783,1,0.0496286,1,757
"Feb 15, 07:00 pm",2767.76,0.229362,1,0.0500356,1,482.2
"Feb 15, 08:00 pm",2866.62,0,1,0.0502859,1,0
"Feb 15, 09:00 pm",2866.66,0,1,0.0503832,1,0
"Feb 15, 10:00 pm",0,0,1,0.0504394,1,0
"Feb 15, 11:00 pm",0,0,1,0.0504179,1,0
"Feb 16, 12:00 am",0,0,1,0.0504125,1,0
"Feb 16, 01:00 am",0,0,1,0.050423,1,0
"Feb 16, 02:00 am",0,0,1,0.0504655,1,0
"Feb 16, 03:00 am",0,0,1,0.0505879,1,0
"Feb 16, 04:00 am",0,0,1,0.0506394,1,0
"Feb 16, 05:00 am",0,0,1,0.0506881,1,0
"Feb 16, 06:00 am",0,0,1,0.0507566,1,0
"Feb 16, 07:00 am",109.052,0,1,0.0503464,1,520.6
"Feb 16, 08:00 am",955.49,2.42558,1,0.0498446,1,764.9
"Feb 16, 09:00 am",2866.59,6.47405,1,0.0496961,1,857.2
"Feb 16, 10:00 am",2866.59,6.69989,1,0.0493844,1,904
"Feb 16, 11:00 am",2866.56,6.73644,0.99826,0.0491609,0.99826,929.7
"Feb 16, 12:00 pm",2867.21,2.98668,0.463193,0.0489652,0.463193,943.4
"Feb 16, 01:00 pm",2867.02,2.98648,0.47592,0.0487185,0.47592,947.5
"Feb 16, 02:00 pm",2867.04,2.9865,0.482386,0.04876,0.482386,943
"Feb 16, 03:00 pm",2867.03,2.98649,0.471898,0.0488174,0.471898,929.6
"Feb 16, 04:00 pm",2867.03,2.98649,0.466138,0.0489547,0.466138,902.5
"Feb 16, 05:00 pm",2867.03,2.98649,0.614395,0.0491237,0.614395,853.2
"Feb 16, 06:00 pm",2866.56,0.398838,1,0.0494925,1,751.3
"Feb 16, 07:00 pm",2764.24,0.22945,1,0.0499469,1,465.7
"Feb 16, 08:00 pm",2866.62,0,1,0.0502449,1,0
"Feb 16, 09:00 pm",2866.65,0,1,0.0504378,1,0
"Feb 16, 10:00 pm",0,0,1,0.0505577,1,0
"Feb 16, 11:00 pm",0,0,1,0.0506159,1,0
"Feb 17, 12:00 am",0,0,1,0.050642,1,0
"Feb 17, 01:00 am",0,0,1,0.050668,1,0
"Feb 17, 02:00 am",0,0,1,0.050662,1,0
"Feb 17, 03:00 am",0,0,1,0.0506265,1,0
"Feb 17, 04:00 am",0,0,1,0.0506522,1,0
"Feb 17, 05:00 am",0,0,1,0.0507687,1,0
"Feb 17, 06:00 am",0,0,1,0.0508852,1,0
"Feb 17, 07:00 am",0,0,1,0.0505057,1,535.8
"Feb 17, 08:00 am",0,2.53965,1,0.0501486,1,786.3
"Feb 17, 09:00 am",0,6.65903,1,0.0500403,1,880.7
"Feb 17, 10:00 am",0,3.06346,0.458643,0.0497235,0.458643,929.5
"Feb 17, 11:00 am",0,0,1,0.0493251,1,957.2
"Feb 17, 12:00 pm",0,0,1,0.0490141,1,967.4
"Feb 17, 01:00 pm",0,0,1,0.0487834,1,968.4
"Feb 17, 02:00 pm",0,0,1,0.0487768,1,960.8
"Feb 17, 03:00 pm",0,0,1,0.0488182,1,945.5
"Feb 17, 04:00 pm",0,0,1,0.0489714,1,917.1
"Feb 17, 05:00 pm",0,0,1,0.0491245,1,865.7
"Feb 17, 06:00 pm",0,0,1,0.0493733,1,760
"Feb 17, 07:00 pm",0,0,1,0.0495898,1,466.2
"Feb 17, 08:00 pm",0,0,1,0.0496961,1,0
"Feb 17, 09:00 pm",0,0,1,0.0497432,1,0
"Feb 17, 10:00 pm",0,0,1,0.0498091,1,0
"Feb 17, 11:00 pm",0,0,1,0.049843,1,0
"Feb 18, 12:00 am",0,0,1,0.0498769,1,0
"Feb 18, 01:00 am",0,0,1,0.0499107,1,0
"Feb 18, 02:00 am",0,0,1,0.0499766,1,0
"Feb 18, 03:00 am",0,0,1,0.0500904,1,0
"Feb 18, 04:00 am",0,0,1,0.0502202,1,0
"Feb 18, 05:00 am",0,0,1,0.050334,1,0
"Feb 18, 06:00 am",0,0,1,0.0504637,1,0
"Feb 18, 07:00 am",0,0,1,0.0500335,1,538.2
"Feb 18, 08:00 am",0,0,1,0.0495874,1,792.6
"Feb 18, 09:00 am",0,0,1,0.0492374,1,884.5
"Feb 18, 10:00 am",0,0,1,0.0487755,1,930.7
"Feb 18, 11:00 am",0,0,1,0.0485216,1,955.7
"Feb 18, 12:00 pm",0,0,1,0.0483319,1,965.1
"Feb 18, 01:00 pm",0,0,1,0.0482221,1,965.3
"Feb 18, 02:00 pm",0,0,1,0.0483044,1,957.2
"Feb 18, 03:00 pm",0,0,1,0.0484026,1,940.9
"Feb 18, 04:00 pm",0,0,1,0.0485968,1,911.2
"Feb 18, 05:00 pm",0,0,1,0.048823,1,858.5
"Feb 18, 06:00 pm",0,0,1,0.0491451,1,757.1
"Feb 18, 07:00 pm",0,0,1,0.0493871,1,460.9
"Feb 18, 08:00 pm",0,0,1,0.0495651,1,0
"Feb 18, 09:00 pm",0,0,1,0.049679,1,0
"Feb 18, 10:00 pm",0,0,1,0.0498089,1,0
"Feb 18, 11:00 pm",0,0,1,0.0498908,1,0
"Feb 19, 12:00 am",0,0,1,0.0499567,1,0
"Feb 19, 01:00 am",0,0,1,0.0500385,1,0
"Feb 19, 02:00 am",0,0,1,0.0500794,1,0
"Feb 19, 03:00 am",0,0,1,0.0501594,1,0
"Feb 19, 04:00 am",0,0,1,0.0502874,1,0
"Feb 19, 05:00 am",0,0,1,0.0503674,1,0
"Feb 19, 06:00 am",2820.18,0,1,0.0506074,1,0
"Feb 19, 07:00 am",2820.21,0,1,0.050474,1,533
"Feb 19, 08:00 am",2858.86,4.07022,1,0.0500064,1,791.8
"Feb 19, 09:00 am",2866.55,6.69069,1,0.049606,1,885.3
"Feb 19, 10:00 am",2866.55,4.98493,0.731859,0.0492209,0.731859,932.3
"Feb 19, 11:00 am",2867.12,2.98659,0.448718,0.0488492,0.448718,957.9
"Feb 19, 12:00 pm",2867.04,2.9865,0.45248,0.0485545,0.45248,968
"Feb 19, 01:00 pm",2867.04,2.9865,0.469359,0.0483241,0.469359,969
"Feb 19, 02:00 pm",2867.04,2.9865,0.477646,0.0483338,0.477646,961.4
"Feb 19, 03:00 pm",2867.04,2.9865,0.468262,0.0483755,0.468262,944.5
"Feb 19, 04:00 pm",2867.03,2.98649,0.462546,0.048481,0.462546,914.5
"Feb 19, 05:00 pm",2867.03,2.98649,0.622511,0.0486664,0.622511,860.9
"Feb 19, 06:00 pm",2837.36,0.398824,1,0.0490807,1,754.8
"Feb 19, 07:00 pm",2664.21,0.229406,1,0.0495309,1,447.7
"Feb 19, 08:00 pm",2868.69,0,1,0.0498348,1,0
"Feb 19, 09:00 pm",2668.35,0,1,0.050014,1,0
"Feb 19, 10:00 pm",0,0,1,0.0500688,1,0
"Feb 19, 11:00 pm",0,0,1,0.0501557,1,0
"Feb 20, 12:00 am",0,0,1,0.0502404,1,0
"Feb 20, 01:00 am",0,0,1,0.0503091,1,0
"Feb 20, 02:00 am",0,0,1,0.0503938,1,0
"Feb 20, 03:00 am",0,0,1,0.0505105,1,0
"Feb 20, 04:00 am",0,0,1,0.0506111,1,0
"Feb 20, 05:00 am",0,0,1,0.0507277,1,0
"Feb 20, 06:00 am",0,0,1,0.0505563,1,0
"Feb 20, 07:00 am",0,0,1,0.050193,1,517
"Feb 20, 08:00 am",955.49,2.40865,1,0.049753,1,777.2
"Feb 20, 09:00 am",2866.59,6.57419,1,0.0496205,1,872.7
"Feb 20, 10:00 am",2866.59,6.79229,1,0.0492792,1,921.5
"Feb 20, 11:00 am",2866.69,6.5729,0.964051,0.0491019,0.964051,948
"Feb 20, 12:00 pm",2867.24,2.98671,0.459607,0.048905,0.459607,961.3
"Feb 20, 01:00 pm",2867.02,2.98648,0.473145,0.0487224,0.473145,965.1
"Feb 20, 02:00 pm",2867.04,2.9865,0.479861,0.0487479,0.479861,960.3
"Feb 20, 03:00 pm",2867.03,2.98649,0.468719,0.0488053,0.468719,946.4
"Feb 20, 04:00 pm",2867.03,2.98649,0.460955,0.0488946,0.460955,919.5
"Feb 20, 05:00 pm",2867.03,2.98649,0.621913,0.0490957,0.621913,868.5
"Feb 20, 06:00 pm",2866.56,0.398847,1,0.049531,1,759.1
"Feb 20, 07:00 pm",2763.96,0.229539,1,0.0499882,1,442.5
"Feb 20, 08:00 pm",2866.62,0,1,0.0503196,1,0
"Feb 20, 09:00 pm",2866.65,0,1,0.0504974,1,0
"Feb 20, 10:00 pm",0,0,1,0.0506175,1,0
"Feb 20, 11:00 pm",0,0,1,0.0507076,1,0
"Feb 21, 12:00 am",0,0,1,0.0507176,1,0
"Feb 21, 01:00 am",0,0,1,0.0507115,1,0
"Feb 21, 02:00 am",0,0,1,0.0506895,1,0
"Feb 21, 03:00 am",0,0,1,0.0507507,1,0
"Feb 21, 04:00 am",0,0,1,0.0508091,1,0
"Feb 21, 05:00 am",0,0,1,0.0509096,1,0
"Feb 21, 06:00 am",0,0,1,0.0507221,1,0
"Feb 21, 07:00 am",96.8433,0,1,0.0505838,1,530.2
"Feb 21, 08:00 am",955.49,2.49055,1,0.0501016,1,795.4
"Feb 21, 09:00 am",2866.59,6.72876,1,0.0497789,1,893
"Feb 21, 10:00 am",2866.59,6.93924,1,0.0493833,1,942.3
"Feb 21, 11:00 am",2867.37,6.1794,0.889016,0.0490189,0.889016,969.9
"Feb 21, 12:00 pm",2867.04,2.9865,0.451477,0.0487035,0.451477,981.8
"Feb 21, 01:00 pm",2867.03,2.98649,0.465395,0.0484732,0.465395,984.2
"Feb 21, 02:00 pm",2867.04,2.9865,0.472689,0.048515,0.472689,978
"Feb 21, 03:00 pm",2867.04,2.9865,0.461331,0.0485887,0.461331,964.1
"Feb 21, 04:00 pm",2867.04,2.9865,0.453206,0.0487102,0.453206,936.9
"Feb 21, 05:00 pm",2867.04,2.9865,0.61417,0.0488796,0.61417,886.4
"Feb 21, 06:00 pm",2866.56,0.398948,1,0.0494093,1,774.4
"Feb 21, 07:00 pm",2764.46,0.229819,1,0.0498647,1,448.4
"Feb 21, 08:00 pm",2866.62,0,1,0.0501792,1,0
"Feb 21, 09:00 pm",2866.65,0,1,0.0504045,1,0
"Feb 21, 10:00 pm",0,0,1,0.0505565,1,0
"Feb 21, 11:00 pm",0,0,1,0.0506146,1,0
"Feb 22, 12:00 am",0,0,1,0.0506407,1,0
"Feb 22, 01:00 am",0,0,1,0.0506668,1,0
"Feb 22, 02:00 am",0,0,1,0.0507088,1,0
"Feb 22, 03:00 am",0,0,1,0.0507534,1,0
"Feb 22, 04:00 am",0,0,1,0.0508273,1,0
"Feb 22, 05:00 am",0,0,1,0.0509277,1,0
"Feb 22, 06:00 am",0,0,1,0.0507242,1,0
"Feb 22, 07:00 am",97.6793,0,1,0.0503619,1,538.2
"Feb 22, 08:00 am",955.49,2.52311,1,0.0498333,1,807.8
"Feb 22, 09:00 am",2866.59,6.78188,1,0.0496119,1,900.6
"Feb 22, 10:00 am",2868.63,6.95466,1,0.0492621,1,945.9
"Feb 22, 11:00 am",2867.33,6.08131,0.877442,0.0490237,0.877442,970
"Feb 22, 12:00 pm",2867.07,2.98654,0.453993,0.0487236,0.453993,979
"Feb 22, 01:00 pm",2867.03,2.98649,0.469516,0.0485412,0.469516,978.9
"Feb 22, 02:00 pm",2867.05,2.98651,0.477871,0.048391,0.477871,970.7
"Feb 22, 03:00 pm",2867.04,2.9865,0.468401,0.0484809,0.468401,952.4
"Feb 22, 04:00 pm",2867.03,2.98649,0.462083,0.0486186,0.462083,920.8
"Feb 22, 05:00 pm",2867.04,2.9865,0.634929,0.048836,0.634929,864.9
"Feb 22, 06:00 pm",2866.56,0.398909,1,0.0493493,1,762.9
"Feb 22, 07:00 pm",2765.05,0.229611,1,0.0498681,1,441.6
"Feb 22, 08:00 pm",2866.62,0,1,0.0502623,1,0
"Feb 22, 09:00 pm",2866.65,0,1,0.0505513,1,0
"Feb 22, 10:00 pm",0,0,1,0.050719,1,0
"Feb 22, 11:00 pm",0,0,1,0.050793,1,0
"Feb 23, 12:00 am",0,0,1,0.0508349,1,0
"Feb 23, 01:00 am",0,0,1,0.0508608,1,0
"Feb 23, 02:00 am",0,0,1,0.0507587,1,0
"Feb 23, 03:00 am",0,0,1,0.0505465,1,0
"Feb 23, 04:00 am",0,0,1,0.0504597,1,0
"Feb 23, 05:00 am",0,0,1,0.0504962,1,0
"Feb 23, 06:00 am",0,0,1,0.0503728,1,0
"Feb 23, 07:00 am",100.06,0,1,0.0503946,1,504.5
"Feb 23, 08:00 am",955.49,2.34274,1,0.0499998,1,779.1
"Feb 23, 09:00 am",1613,0.441425,1,0.0496472,1,8.8
"Feb 23, 10:00 am",242.688,0.2528,1,0.0492554,1,9.2
"Feb 23, 11:00 am",111.211,0.115845,1,0.048956,1,15.1
"Feb 23, 12:00 pm",0,0,1,0.048833,1,18.7
"Feb 23, 01:00 pm",0,0,1,0.0487582,1,38.5
"Feb 23, 02:00 pm",0,0,1,0.0486833,1,34
"Feb 23, 03:00 pm",0,0,1,0.0488004,1,10.2
"Feb 23, 04:00 pm",0,0,1,0.0489495,1,9
"Feb 23, 05:00 pm",0,0,1,0.0492105,1,8.4
"Feb 23, 06:00 pm",0,0,1,0.0495674,1,7.4
"Feb 23, 07:00 pm",0,0,1,0.0498603,1,407.2
"Feb 23, 08:00 pm",0,0,1,0.0500891,1,0
"Feb 23, 09:00 pm",0,0,1,0.0502378,1,0
"Feb 23, 10:00 pm",0,0,1,0.0503866,1,0
"Feb 23, 11:00 pm",0,0,1,0.0505032,1,0
"Feb 24, 12:00 am",0,0,1,0.0506199,1,0
"Feb 24, 01:00 am",0,0,1,0.0506885,1,0
"Feb 24, 02:00 am",0,0,1,0.0507251,1,0
"Feb 24, 03:00 am",0,0,1,0.0507457,1,0
"Feb 24, 04:00 am",0,0,1,0.0507663,1,0
"Feb 24, 05:00 am",0,0,1,0.0508509,1,0
"Feb 24, 06:00 am",0,0,1,0.0509354,1,0
"Feb 24, 07:00 am",0,0,1,0.0505401,1,481.4
"Feb 24, 08:00 am",0,1.95888,1,0.0501368,1,764.2
"Feb 24, 09:00 am",0,6.49545,1,0.0502886,1,864.4
"Feb 24, 10:00 am",0,4.51205,0.683083,0.0498844,0.683083,914.4
"Feb 24, 11:00 am",0,0,1,0.0495594,1,942.1
"Feb 24, 12:00 pm",0,0,1,0.0493121,1,19.5
"Feb 24, 01:00 pm",0,0,1,0.0491132,1,21.6
"Feb 24, 02:00 pm",0,0,1,0.0490903,1,18.6
"Feb 24, 03:00 pm",0,0,1,0.0491787,1,17.5
"Feb 24, 04:00 pm",0,0,1,0.0493355,1,9.4
"Feb 24, 05:00 pm",0,0,1,0.0494655,1,8.5
"Feb 24, 06:00 pm",0,0,1,0.0497234,1,7.3
"Feb 24, 07:00 pm",0,0,1,0.0498853,1,383.7
"Feb 24, 08:00 pm",0,0,1,0.0499351,1,0
"Feb 24, 09:00 pm",0,0,1,0.0500329,1,0
"Feb 24, 10:00 pm",0,0,1,0.0501148,1,0
"Feb 24, 11:00 pm",0,0,1,0.0501965,1,0
"Feb 25, 12:00 am",0,0,1,0.0503423,1,0
"Feb 25, 01:00 am",0,0,1,0.0503761,1,0
"Feb 25, 02:00 am",0,0,1,0.0503938,1,0
"Feb 25, 03:00 am",0,0,1,0.0505555,1,0
"Feb 25, 04:00 am",0,0,1,0.0506852,1,0
"Feb 25, 05:00 am",0,0,1,0.0507189,1,0
"Feb 25, 06:00 am",0,0,1,0.0507205,1,0
"Feb 25, 07:00 am",0,0,1,0.0505942,1,0
"Feb 25, 08:00 am",0,0,1,0.0501319,1,7.7
"Feb 25, 09:00 am",0,0,1,0.0497018,1,8.7
"Feb 25, 10:00 am",0,0,1,0.0493038,1,9.1
"Feb 25, 11:00 am",0,0,1,0.0489858,1,9.4
"Feb 25, 12:00 pm",0,0,1,0.0488599,1,31.2
"Feb 25, 01:00 pm",0,0,1,0.0487341,1,11.4
"Feb 25, 02:00 pm",0,0,1,0.0485922,1,16.2
"Feb 25, 03:00 pm",0,0,1,0.0486744,1,932.5
"Feb 25, 04:00 pm",0,0,1,0.0488045,1,902.6
"Feb 25, 05:00 pm",0,0,1,0.0489986,1,847.5
"Feb 25, 06:00 pm",0,0,1,0.0492887,1,735.4
"Feb 25, 07:00 pm",0,0,1,0.0494987,1,377.2
"Feb 25, 08:00 pm",0,0,1,0.0496926,1,0
"Feb 25, 09:00 pm",0,0,1,0.0498545,1,0
"Feb 25, 10:00 pm",0,0,1,0.0500003,1,0
"Feb 25, 11:00 pm",0,0,1,0.0501302,1,0
"Feb 26, 12:00 am",0,0,1,0.050244,1,0
"Feb 26, 01:00 am",0,0,1,0.0503257,1,0
"Feb 26, 02:00 am",0,0,1,0.0504075,1,0
"Feb 26, 03:00 am",0,0,1,0.0505372,1,0
"Feb 26, 04:00 am",0,0,1,0.0506189,1,0
"Feb 26, 05:00 am",0,0,1,0.0507486,1,0
"Feb 26, 06:00 am",2846,0,1,0.0507337,1,0
"Feb 26, 07:00 am",2838.43,0,1,0.050742,1,0
"Feb 26, 08:00 am",2785.24,2.82321,1,0.0502464,1,777.6
"Feb 26, 09:00 am",2866.59,6.58185,1,0.0497485,1,878.6
"Feb 26, 10:00 am",2866.56,6.29614,0.93141,0.0493833,0.93141,928.5
"Feb 26, 11:00 am",2866.99,2.98645,0.458273,0.0489844,0.458273,955.8
"Feb 26, 12:00 pm",2867.04,2.9865,0.462282,0.0486416,0.462282,968.7
"Feb 26, 01:00 pm",2867.05,2.98651,0.4798,0.0483951,0.4798,972
"Feb 26, 02:00 pm",2867.05,2.98651,0.487196,0.0481649,0.487196,966.4
"Feb 26, 03:00 pm",2867.04,2.9865,0.474636,0.0482228,0.474636,951.7
"Feb 26, 04:00 pm",2867.04,2.9865,0.465016,0.0483446,0.465016,922.9
"Feb 26, 05:00 pm",2867.04,2.9865,0.655227,0.0485941,0.655227,869
"Feb 26, 06:00 pm",2848.98,0.398921,1,0.0491151,1,747.8
"Feb 26, 07:00 pm",2676.1,0.229847,1,0.0495753,1,369.9
"Feb 26, 08:00 pm",2866.59,0,1,0.0498599,1,0
"Feb 26, 09:00 pm",2696.61,0,1,0.0500853,1,0
"Feb 26, 10:00 pm",0,0,1,0.0502355,1,0
"Feb 26, 11:00 pm",0,0,1,0.050354,1,0
"Feb 27, 12:00 am",0,0,1,0.0504864,1,0
"Feb 27, 01:00 am",0,0,1,0.050571,1,0
"Feb 27, 02:00 am",0,0,1,0.0506556,1,0
"Feb 27, 03:00 am",0,0,1,0.0507722,1,0
"Feb 27, 04:00 am",0,0,1,0.0508408,1,0
"Feb 27, 05:00 am",0,0,1,0.0509413,1,0
"Feb 27, 06:00 am",0,0,1,0.0507219,1,0
"Feb 27, 07:00 am",0,0,1,0.0502305,1,0
"Feb 27, 08:00 am",955.49,2.27931,1,0.049719,1,786.8
"Feb 27, 09:00 am",2866.59,6.62108,1,0.0494549,1,885.6
"Feb 27, 10:00 am",2866.59,6.79477,1,0.0490774,1,933.6
"Feb 27, 11:00 am",2866.68,6.62618,0.977957,0.0487933,0.977957,958.6
"Feb 27, 12:00 pm",2867.25,2.98672,0.466806,0.0485184,0.466806,968
"Feb 27, 01:00 pm",2867.03,2.98649,0.483969,0.0485282,0.483969,968.1
"Feb 27, 02:00 pm",2867.05,2.98651,0.492722,0.0486018,0.492722,959.5
"Feb 27, 03:00 pm",2867.04,2.9865,0.482262,0.0487074,0.482262,940
"Feb 27, 04:00 pm",2866.56,0.407222,1,0.0489465,1,9.1
"Feb 27, 05:00 pm",2792.91,0.251598,1,0.049269,1,8.5
"Feb 27, 06:00 pm",2638.99,0.108068,1,0.0495855,1,7.4
"Feb 27, 07:00 pm",2866.65,0,1,0.0497886,1,363.1
"Feb 27, 08:00 pm",447.503,0,1,0.04993,1,0
"Feb 27, 09:00 pm",0,0,1,0.0499437,1,0
"Feb 27, 10:00 pm",0,0,1,0.049985,1,0
"Feb 27, 11:00 pm",0,0,1,0.0500581,1,0
"Feb 28, 12:00 am",0,0,1,0.0501152,1,0
"Feb 28, 01:00 am",0,0,1,0.0501721,1,0
"Feb 28, 02:00 am",0,0,1,0.0501238,1,0
"Feb 28, 03:00 am",0,0,1,0.0502973,1,0
"Feb 28, 04:00 am",0,0,1,0.0503979,1,0
"Feb 28, 05:00 am",0,0,1,0.0504666,1,0
"Feb 28, 06:00 am",0,0,1,0.0505673,1,0
"Feb 28, 07:00 am",0,0,1,0.0502679,1,0
"Feb 28, 08:00 am",0,0,1,0.0499047,1,7.7
"Feb 28, 09:00 am",955.49,3.61615,1,0.0497225,1,869.4
"Feb 28, 10:00 am",2866.59,6.67844,1,0.0498245,1,918.4
"Feb 28, 11:00 am",2866.56,6.65414,1,0.0496731,1,944.1
"Feb 28, 12:00 pm",2866.74,5.6589,0.867973,0.0495471,0.867973,957.8
"Feb 28, 01:00 pm",2866.56,0.426639,1,0.049506,1,32.8
"Feb 28, 02:00 pm",2866.56,0.290244,1,0.0495327,1,10.1
"Feb 28, 03:00 pm",2756.4,0.157394,1,0.0496868,1,16.1
"Feb 28, 04:00 pm",2866.59,5.17896,1,0.0498333,1,908.1
"Feb 28, 05:00 pm",2866.59,4.45295,1,0.0500621,1,850.7
"Feb 28, 06:00 pm",2866.56,0.400194,1,0.0503718,1,727.1
"Feb 28, 07:00 pm",2782.17,0.228884,1,0.0506131,1,328.3
"Feb 28, 08:00 pm",1845.01,0,1,0.0507486,1,0
"Feb 28, 09:00 pm",0,0,1,0.0508029,1,0
"Feb 28, 10:00 pm",0,0,1,0.0508751,1,0
"Feb 28, 11:00 pm",0,0,1,0.0508832,1,0
"Mar 1, 12:00 am",0,0,1,0.0507633,1,0
"Mar 1, 01:00 am",0,0,1,0.0507396,1,0
"Mar 1, 02:00 am",0,0,1,0.0507478,1,0
"Mar 1, 03:00 am",0,0,1,0.0507134,1,0
"Mar 1, 04:00 am",0,0,1,0.0507571,1,0
"Mar 1, 05:00 am",0,0,1,0.0508737,1,0
"Mar 1, 06:00 am",0,0,1,0.0510382,1,0
"Mar 1, 07:00 am",0,0,1,0.0504508,1,0
"Mar 1, 08:00 am",477.685,1.06597,1,0.0500105,1,759.6
"Mar 1, 09:00 am",2866.59,6.55258,1,0.0498833,1,866.4
"Mar 1, 10:00 am",2866.59,6.65762,1,0.0496112,1,919.6
"Mar 1, 11:00 am",2866.54,6.67136,1,0.0492938,1,949.5
"Mar 1, 12:00 pm",2867.77,3.93278,0.610428,0.0489905,0.610428,965.4
"Mar 1, 01:00 pm",2867.26,2.98673,0.486801,0.0487508,0.486801,971.5
"Mar 1, 02:00 pm",2867.05,2.98651,0.492029,0.0485684,0.492029,969
"Mar 1, 03:00 pm",2867.04,2.9865,0.479016,0.0486581,0.479016,953.2
"Mar 1, 04:00 pm",2867.04,2.9865,0.468575,0.0488276,0.468575,922.9
"Mar 1, 05:00 pm",2867.04,2.9865,0.677669,0.0491568,0.677669,866.5
"Mar 1, 06:00 pm",2866.56,0.398822,1,0.0497817,1,737.8
"Mar 1, 07:00 pm",2786.44,0.229487,1,0.0501228,1,319.1
"Mar 1, 08:00 pm",2866.62,0,1,0.0503959,1,0
"Mar 1, 09:00 pm",2866.67,0,1,0.0506315,1,0
"Mar 1, 10:00 pm",0,0,1,0.050766,1,0
"Mar 1, 11:00 pm",0,0,1,0.0508411,1,0
"Mar 2, 12:00 am",0,0,1,0.050948,1,0
"Mar 2, 01:00 am",0,0,1,0.0509909,1,0
"Mar 2, 02:00 am",0,0,1,0.0510336,1,0
"Mar 2, 03:00 am",0,0,1,0.0510283,1,0
"Mar 2, 04:00 am",0,0,1,0.051087,1,0
"Mar 2, 05:00 am",0,0,1,0.0511713,1,0
"Mar 2, 06:00 am",165.622,0,1,0.0510303,1,0
"Mar 2, 07:00 am",0,0,1,0.0505566,1,0
"Mar 2, 08:00 am",477.685,1.05937,1,0.0502119,1,758.9
"Mar 2, 09:00 am",2866.59,6.52745,1,0.0501452,1,864.3
"Mar 2, 10:00 am",2866.59,6.61082,1,0.0498257,1,915.5
"Mar 2, 11:00 am",2866.54,6.60442,1,0.0495249,1,943.2
"Mar 2, 12:00 pm",2865.3,4.13154,0.64907,0.04924,0.64907,955.8
"Mar 2, 01:00 pm",2867.36,2.98683,0.49586,0.0489538,0.49586,958.4
"Mar 2, 02:00 pm",2867.03,2.98649,0.503194,0.0487712,0.503194,951.8
"Mar 2, 03:00 pm",2867.04,2.9865,0.48986,0.0488606,0.48986,935.5
"Mar 2, 04:00 pm",2867.03,2.98649,0.479387,0.0489659,0.479387,904.4
"Mar 2, 05:00 pm",2867.04,2.9865,0.701261,0.0492149,0.701261,846.4
"Mar 2, 06:00 pm",2866.56,0.398855,1,0.0497204,1,726
"Mar 2, 07:00 pm",2786.62,0.229589,1,0.0500874,1,303.8
"Mar 2, 08:00 pm",2866.62,0,1,0.0503497,1,0
"Mar 2, 09:00 pm",2866.67,0,1,0.0505725,1,0
"Mar 2, 10:00 pm",0,0,1,0.0506763,1,0
"Mar 2, 11:00 pm",0,0,1,0.0507195,1,0
"Mar 3, 12:00 am",0,0,1,0.0508105,1,0
"Mar 3, 01:00 am",0,0,1,0.0507896,1,0
"Mar 3, 02:00 am",0,0,1,0.0508006,1,0
"Mar 3, 03:00 am",0,0,1,0.0507956,1,0
"Mar 3, 04:00 am",0,0,1,0.0507746,1,0
"Mar 3, 05:00 am",0,0,1,0.0508743,1,0
"Mar 3, 06:00 am",0,0,1,0.0509228,1,0
"Mar 3, 07:00 am",0,0,1,0.0504313,1,0
"Mar 3, 08:00 am",0,1.01832,1,0.0499539,1,746.4
"Mar 3, 09:00 am",0,6.44035,1,0.0498599,1,852.9
"Mar 3, 10:00 am",0,4.88128,0.756322,0.0495037,0.756322,904.5
"Mar 3, 11:00 am",0,0,1,0.0491593,1,932.4
"Mar 3, 12:00 pm",0,0,1,0.0488805,1,946.8
"Mar 3, 01:00 pm",0,0,1,0.0486181,1,950.6
"Mar 3, 02:00 pm",0,0,1,0.0486277,1,945.3
"Mar 3, 03:00 pm",0,0,1,0.0487174,1,930.2
"Mar 3, 04:00 pm",0,0,1,0.0488868,1,900.1
"Mar 3, 05:00 pm",0,0,1,0.049152,1,843
"Mar 3, 06:00 pm",0,0,1,0.0495607,1,717.8
"Mar 3, 07:00 pm",0,0,1,0.049761,1,277.8
"Mar 3, 08:00 pm",0,0,1,0.0499291,1,0
"Mar 3, 09:00 pm",0,0,1,0.0500975,1,0
"Mar 3, 10:00 pm",0,0,1,0.0502387,1,0
"Mar 3, 11:00 pm",0,0,1,0.0503525,1,0
"Mar 4, 12:00 am",0,0,1,0.0504822,1,0
"Mar 4, 01:00 am",0,0,1,0.0505639,1,0
"Mar 4, 02:00 am",0,0,1,0.0506456,1,0
"Mar 4, 03:00 am",0,0,1,0.0507113,1,0
"Mar 4, 04:00 am",0,0,1,0.0507929,1,0
"Mar 4, 05:00 am",0,0,1,0.0509225,1,0
"Mar 4, 06:00 am",0,0,1,0.0507962,1,0
"Mar 4, 07:00 am",0,0,1,0.0503339,1,0
"Mar 4, 08:00 am",0,0,1,0.0499517,1,7.5
"Mar 4, 09:00 am",0,0,1,0.0495056,1,856.5
"Mar 4, 10:00 am",0,0,1,0.0490436,1,908.2
"Mar 4, 11:00 am",0,0,1,0.0487257,1,935.8
"Mar 4, 12:00 pm",0,0,1,0.0484719,1,949.2
"Mar 4, 01:00 pm",0,0,1,0.0482981,1,952.4
"Mar 4, 02:00 pm",0,0,1,0.0483644,1,9.5
"Mar 4, 03:00 pm",0,0,1,0.0485266,1,929.4
"Mar 4, 04:00 pm",0,0,1,0.0486888,1,9
"Mar 4, 05:00 pm",0,0,1,0.0489469,1,837.7
"Mar 4, 06:00 pm",0,0,1,0.049301,1,711.5
"Mar 4, 07:00 pm",0,0,1,0.0495109,1,258.3
"Mar 4, 08:00 pm",0,0,1,0.0496889,1,0
"Mar 4, 09:00 pm",0,0,1,0.0498188,1,0
"Mar 4, 10:00 pm",0,0,1,0.0499166,1,0
"Mar 4, 11:00 pm",0,0,1,0.0500145,1,0
"Mar 5, 12:00 am",0,0,1,0.0501123,1,0
"Mar 5, 01:00 am",0,0,1,0.0502261,1,0
"Mar 5, 02:00 am",0,0,1,0.0502919,1,0
"Mar 5, 03:00 am",0,0,1,0.0503417,1,0
"Mar 5, 04:00 am",0,0,1,0.0503914,1,0
"Mar 5, 05:00 am",0,0,1,0.0504732,1,0
"Mar 5, 06:00 am",2824.73,0,1,0.0507143,1,0
"Mar 5, 07:00 am",2820.76,0,1,0.0505873,1,0
"Mar 5, 08:00 am",2820.21,0,1,0.0503271,1,7.3
"Mar 5, 09:00 am",1794.74,0,1,0.0500513,1,8.4
"Mar 5, 10:00 am",2369.64,4.69564,1,0.0497214,1,892.8
"Mar 5, 11:00 am",2866.59,6.36737,1,0.0495441,1,920.4
"Mar 5, 12:00 pm",2867.34,0.407428,1,0.0494767,1,9.3
"Mar 5, 01:00 pm",2866.59,5.51828,1,0.0493972,1,937.4
"Mar 5, 02:00 pm",2866.59,5.89872,1,0.0494962,1,931.2
"Mar 5, 03:00 pm",2866.54,6.08246,1,0.0496818,1,915.2
"Mar 5, 04:00 pm",2867.55,3.60124,0.592079,0.0498533,0.592079,883.5
"Mar 5, 05:00 pm",2867.06,2.98652,0.746833,0.0500285,0.746833,823.9
"Mar 5, 06:00 pm",2866.56,0.398717,1,0.0503524,1,695.9
"Mar 5, 07:00 pm",2746.15,0.229242,1,0.0506411,1,227.5
"Mar 5, 08:00 pm",2866.61,0,1,0.0508704,1,0
"Mar 5, 09:00 pm",2866.62,0,1,0.0509768,1,0
"Mar 5, 10:00 pm",0,0,1,0.0510394,1,0
"Mar 5, 11:00 pm",0,0,1,0.051064,1,0
"Mar 6, 12:00 am",0,0,1,0.0510886,1,0
"Mar 6, 01:00 am",0,0,1,0.0510652,1,0
"Mar 6, 02:00 am",0,0,1,0.0510445,1,0
"Mar 6, 03:00 am",0,0,1,0.0510538,1,0
"Mar 6, 04:00 am",0,0,1,0.0511062,1,0
"Mar 6, 05:00 am",0,0,1,0.0512067,1,0
"Mar 6, 06:00 am",0,0,1,0.0512431,1,0
"Mar 6, 07:00 am",0,0,1,0.0509915,1,0
"Mar 6, 08:00 am",42.2545,0,1,0.0506125,1,7.4
"Mar 6, 09:00 am",0,0,1,0.0502975,1,8.5
"Mar 6, 10:00 am",0,0,1,0.0499823,1,9.1
"Mar 6, 11:00 am",1433.25,3.13445,1,0.0497412,1,935.6
"Mar 6, 12:00 pm",2866.59,6.32082,1,0.0497378,1,947
"Mar 6, 01:00 pm",2866.59,6.04263,1,0.049802,1,948.4
"Mar 6, 02:00 pm",2866.54,5.93298,1,0.0498088,1,940.2
"Mar 6, 03:00 pm",2865.7,4.21827,0.70158,0.0499535,0.70158,922.7
"Mar 6, 04:00 pm",2867.27,2.98674,0.494172,0.0500875,0.494172,889
"Mar 6, 05:00 pm",2867.02,2.98648,0.752464,0.0502231,0.752464,826.9
"Mar 6, 06:00 pm",2866.56,0.398744,1,0.0505064,1,692.7
"Mar 6, 07:00 pm",2755.86,0.229215,1,0.0508223,1,203.3
"Mar 6, 08:00 pm",2866.61,0,1,0.0510499,1,0
"Mar 6, 09:00 pm",2866.64,0,1,0.0511809,1,0
"Mar 6, 10:00 pm",0,0,1,0.0512788,1,0
"Mar 6, 11:00 pm",0,0,1,0.0512877,1,0
"Mar 7, 12:00 am",0,0,1,0.0513125,1,0
"Mar 7, 01:00 am",0,0,1,0.0512734,1,0
"Mar 7, 02:00 am",0,0,1,0.0512342,1,0
"Mar 7, 03:00 am",0,0,1,0.0512129,1,0
"Mar 7, 04:00 am",0,0,1,0.0511894,1,0
"Mar 7, 05:00 am",0,0,1,0.0512898,1,0
"Mar 7, 06:00 am",0,0,1,0.0511342,1,0
"Mar 7, 07:00 am",0,0,1,0.0507547,1,0
"Mar 7, 08:00 am",550.19,1.69337,1,0.0504622,1,743.4
"Mar 7, 09:00 am",2866.59,6.28955,1,0.0504543,1,853.3
"Mar 7, 10:00 am",2866.59,6.44705,1,0.050189,1,905.2
"Mar 7, 11:00 am",2866.54,6.42046,1,0.0498343,1,932.6
"Mar 7, 12:00 pm",2865.74,4.04547,0.656176,0.0495312,0.656176,946.1
"Mar 7, 01:00 pm",2867.36,2.98683,0.511938,0.0492601,0.511938,949.9
"Mar 7, 02:00 pm",2867.04,2.9865,0.518961,0.0490611,0.518961,943.7
"Mar 7, 03:00 pm",2867.04,2.9865,0.503147,0.0491182,0.503147,927.8
"Mar 7, 04:00 pm",2867.04,2.9865,0.490141,0.0492711,0.490141,896.2
"Mar 7, 05:00 pm",2867.04,2.9865,0.75317,0.0495038,0.75317,835.7
"Mar 7, 06:00 pm",2866.56,0.398903,1,0.0499566,1,697.1
"Mar 7, 07:00 pm",2785.79,0.229723,1,0.0503504,1,185.2
"Mar 7, 08:00 pm",2866.62,0,1,0.05061,1,0
"Mar 7, 09:00 pm",2866.67,0,1,0.050767,1,0
"Mar 7, 10:00 pm",0,0,1,0.050854,1,0
"Mar 7, 11:00 pm",0,0,1,0.0509129,1,0
"Mar 8, 12:00 am",0,0,1,0.0509558,1,0
"Mar 8, 01:00 am",0,0,1,0.0509985,1,0
"Mar 8, 02:00 am",0,0,1,0.0510412,1,0
"Mar 8, 03:00 am",0,0,1,0.0510678,1,0
"Mar 8, 04:00 am",0,0,1,0.0510784,1,0
"Mar 8, 05:00 am",0,0,1,0.0511644,1,0
"Mar 8, 06:00 am",162.922,0,1,0.051025,1,0
"Mar 8, 07:00 am",0,0,1,0.0506314,1,0
"Mar 8, 08:00 am",477.725,1.6175,1,0.0502065,1,729.7
"Mar 8, 09:00 am",2866.59,6.19352,1,0.0500733,1,842.7
"Mar 8, 10:00 am",2866.59,6.3696,1,0.0498662,1,896.7
"Mar 8, 11:00 am",2866.54,6.34792,1,0.0495821,1,925.4
"Mar 8, 12:00 pm",2864.09,4.38213,0.714761,0.0493481,0.714761,940
"Mar 8, 01:00 pm",2867.09,2.98655,0.518312,0.0491431,0.518312,944.8
"Mar 8, 02:00 pm",2867.04,2.9865,0.523736,0.0489762,0.523736,939.4
"Mar 8, 03:00 pm",2867.04,2.9865,0.50759,0.0490814,0.50759,923.2
"Mar 8, 04:00 pm",2867.04,2.9865,0.494323,0.0492503,0.494323,891
"Mar 8, 05:00 pm",2867.04,2.9865,0.768244,0.049499,0.768244,829.7
"Mar 8, 06:00 pm",2866.56,0.398929,1,0.0499577,1,691.6
"Mar 8, 07:00 pm",2781.72,0.229733,1,0.050342,1,159.9
"Mar 8, 08:00 pm",2866.62,0,1,0.050621,1,0
"Mar 8, 09:00 pm",2866.66,0,1,0.05078,1,0
"Mar 8, 10:00 pm",0,0,1,0.0508676,1,0
"Mar 8, 11:00 pm",0,0,1,0.0509103,1,0
"Mar 9, 12:00 am",0,0,1,0.0509529,1,0
"Mar 9, 01:00 am",0,0,1,0.0509795,1,0
"Mar 9, 02:00 am",0,0,1,0.051006,1,0
"Mar 9, 03:00 am",0,0,1,0.0510005,1,0
"Mar 9, 04:00 am",0,0,1,0.051,1,0
"Mar 9, 05:00 am",0,0,1,0.0510925,1,0
"Mar 9, 06:00 am",150.581,0,1,0.0509546,1,0
"Mar 9, 07:00 am",0,0,1,0.0506088,1,0
"Mar 9, 08:00 am",0,0,1,0.0502295,1,7.4
"Mar 9, 09:00 am",955.49,3.60204,1,0.0499076,1,852.2
"Mar 9, 10:00 am",2866.59,6.44285,1,0.0500376,1,906.4
"Mar 9, 11:00 am",2866.59,6.39344,1,0.049752,1,935.3
"Mar 9, 12:00 pm",2866.79,6.1784,0.989213,0.049513,0.989213,949.3
"Mar 9, 01:00 pm",2867.04,2.9865,0.517711,0.0492783,0.517711,953.5
"Mar 9, 02:00 pm",2867.04,2.9865,0.521741,0.0491113,0.521741,947.8
"Mar 9, 03:00 pm",2867.04,2.9865,0.50554,0.0492004,0.50554,930.7
"Mar 9, 04:00 pm",2867.04,2.9865,0.49195,0.0493374,0.49195,897.8
"Mar 9, 05:00 pm",2867.04,2.9865,0.773286,0.0495381,0.773286,835
"Mar 9, 06:00 pm",2866.56,0.398943,1,0.0499777,1,691
"Mar 9, 07:00 pm",2815.47,0.229845,1,0.050376,1,0
"Mar 9, 08:00 pm",2866.63,0,1,0.0506543,1,0
"Mar 9, 09:00 pm",2866.68,0,1,0.0508289,1,0
"Mar 9, 10:00 pm",0,0,1,0.0509335,1,0
"Mar 9, 11:00 pm",0,0,1,0.0509937,1,0
"Mar 10, 12:00 am",0,0,1,0.0510858,1,0
"Mar 10, 01:00 am",0,0,1,0.0510979,1,0
"Mar 10, 02:00 am",0,0,1,0.0511259,1,0
"Mar 10, 03:00 am",0,0,1,0.0511219,1,0
"Mar 10, 04:00 am",0,0,1,0.0511498,1,0
"Mar 10, 05:00 am",0,0,1,0.0511777,1,0
"Mar 10, 06:00 am",0,0,1,0.0509892,1,0
"Mar 10, 07:00 am",0,0,1,0.050605,1,0
"Mar 10, 08:00 am",0,1.63886,1,0.0502338,1,742.1
"Mar 10, 09:00 am",0,6.25491,1,0.0502519,1,852.9
"Mar 10, 10:00 am",0,4.33589,0.687569,0.0500502,0.687569,904.4
"Mar 10, 11:00 am",0,0,1,0.049704,1,930.5
"Mar 10, 12:00 pm",0,0,1,0.0494086,1,942.3
"Mar 10, 01:00 pm",0,0,1,0.0492094,1,944.3
"Mar 10, 02:00 pm",0,0,1,0.0491864,1,936.4
"Mar 10, 03:00 pm",0,0,1,0.0492593,1,918
"Mar 10, 04:00 pm",0,0,1,0.0494121,1,883.6
"Mar 10, 05:00 pm",0,0,1,0.0496126,1,818.8
"Mar 10, 06:00 pm",0,0,1,0.0498609,1,678.6
"Mar 10, 07:00 pm",0,0,1,0.0500608,1,0
"Mar 10, 08:00 pm",0,0,1,0.0501648,1,0
"Mar 10, 09:00 pm",0,0,1,0.0502738,1,0
"Mar 10, 10:00 pm",0,0,1,0.0503876,1,0
"Mar 10, 11:00 pm",0,0,1,0.0504373,1,0
"Mar 11, 12:00 am",0,0,1,0.050487,1,0
"Mar 11, 01:00 am",0,0,1,0.0505048,1,0
"Mar 11, 02:00 am",0,0,1,0.0505385,1,0
"Mar 11, 03:00 am",0,0,1,0.0505722,1,0
"Mar 11, 04:00 am",0,0,1,0.0505739,1,0
"Mar 11, 05:00 am",0,0,1,0.0507515,1,0
"Mar 11, 06:00 am",0,0,1,0.0506732,1,0
"Mar 11, 07:00 am",0,0,1,0.0504989,1,0
"Mar 11, 08:00 am",0,0,1,0.0501966,1,7.4
"Mar 11, 09:00 am",0,0,1,0.0498305,1,8.6
"Mar 11, 10:00 am",0,0,1,0.0494964,1,9.1
"Mar 11, 11:00 am",0,0,1,0.0492104,1,940.9
"Mar 11, 12:00 pm",0,0,1,0.0489725,1,953.6
"Mar 11, 01:00 pm",0,0,1,0.0488306,1,956.2
"Mar 11, 02:00 pm",0,0,1,0.0488647,1,949.1
"Mar 11, 03:00 pm",0,0,1,0.0489948,1,11.4
"Mar 11, 04:00 pm",0,0,1,0.0491889,1,8.9
"Mar 11, 05:00 pm",0,0,1,0.0494309,1,8.3
"Mar 11, 06:00 pm",0,0,1,0.0496088,1,675.8
"Mar 11, 07:00 pm",0,0,1,0.0498027,1,0
"Mar 11, 08:00 pm",0,0,1,0.0499166,1,0
"Mar 11, 09:00 pm",0,0,1,0.0500465,1,0
"Mar 11, 10:00 pm",0,0,1,0.0501443,1,0
"Mar 11, 11:00 pm",0,0,1,0.0502261,1,0
"Mar 12, 12:00 am",0,0,1,0.0503558,1,0
"Mar 12, 01:00 am",0,0,1,0.0503576,1,0
"Mar 12, 02:00 am",0,0,1,0.0504073,1,0
"Mar 12, 03:00 am",0,0,1,0.0503931,1,0
"Mar 12, 04:00 am",0,0,1,0.0503788,1,0
"Mar 12, 05:00 am",0,0,1,0.0503646,1,0
"Mar 12, 06:00 am",2821.5,0,1,0.0505946,1,0
"Mar 12, 07:00 am",2820.18,0,1,0.0506979,1,0
"Mar 12, 08:00 am",2820.21,0,1,0.050647,1,7.3
"Mar 12, 09:00 am",1794.74,0,1,0.0504031,1,8.5
"Mar 12, 10:00 am",4.25066e-13,0,1,0.0500574,1,9.1
"Mar 12, 11:00 am",1889.79,3.81626,1,0.0497421,1,936.9
"Mar 12, 12:00 pm",2866.59,6.17664,1,0.0496079,1,953.6
"Mar 12, 01:00 pm",2866.59,5.92141,1,0.0495916,1,960.1
"Mar 12, 02:00 pm",2866.54,5.86678,1,0.0497177,1,957.6
"Mar 12, 03:00 pm",2867.4,4.23518,0.705653,0.0498194,0.705653,942.9
"Mar 12, 04:00 pm",2867.26,2.98673,0.489499,0.049907,0.489499,912.3
"Mar 12, 05:00 pm",2867.03,2.98649,0.790414,0.0500588,0.790414,851.4
"Mar 12, 06:00 pm",2866.56,0.39894,1,0.0504644,1,690.4
"Mar 12, 07:00 pm",2745.62,0.22994,1,0.0507733,1,0
"Mar 12, 08:00 pm",2866.61,0,1,0.0509492,1,0
"Mar 12, 09:00 pm",2866.61,0,1,0.051158,1,0
"Mar 12, 10:00 pm",0,0,1,0.0512706,1,0
"Mar 12, 11:00 pm",0,0,1,0.0513269,1,0
"Mar 13, 12:00 am",0,0,1,0.0515109,1,0
"Mar 13, 01:00 am",0,0,1,0.0514549,1,0
"Mar 13, 02:00 am",0,0,1,0.0514846,1,0
"Mar 13, 03:00 am",0,0,1,0.0515285,1,0
"Mar 13, 04:00 am",0,0,1,0.0516288,1,0
"Mar 13, 05:00 am",0,0,1,0.0516811,1,0
"Mar 13, 06:00 am",0,0,1,0.0513815,1,0
"Mar 13, 07:00 am",0,0,1,0.0509699,1,0
"Mar 13, 08:00 am",516.256,1.77388,1,0.0505526,1,795.8
"Mar 13, 09:00 am",2866.59,6.63486,1,0.050409,1,908.6
"Mar 13, 10:00 am",2866.59,6.73712,1,0.0500105,1,960.3
"Mar 13, 11:00 am",2866.53,6.65269,1,0.0496927,1,987.1
"Mar 13, 12:00 pm",2864.62,3.10752,0.500089,0.0493755,0.500089,996.9
"Mar 13, 01:00 pm",2867.09,2.98655,0.502494,0.0491133,0.502494,997.3
"Mar 13, 02:00 pm",2867.03,2.98649,0.509953,0.0491703,0.509953,989.2
"Mar 13, 03:00 pm",2867.04,2.9865,0.494115,0.0493072,0.494115,968.3
"Mar 13, 04:00 pm",2867.03,2.98649,0.479782,0.0494759,0.479782,931.3
"Mar 13, 05:00 pm",2867.03,2.98649,0.790192,0.0498043,0.790192,863.9
"Mar 13, 06:00 pm",2866.56,0.398768,1,0.0502891,1,711.3
"Mar 13, 07:00 pm",2790.52,0.229402,1,0.0507152,1,0
"Mar 13, 08:00 pm",2866.62,0,1,0.0509429,1,0
"Mar 13, 09:00 pm",2866.67,0,1,0.0511799,1,0
"Mar 13, 10:00 pm",0,0,1,0.0513147,1,0
"Mar 13, 11:00 pm",0,0,1,0.0513733,1,0
"Mar 14, 12:00 am",0,0,1,0.0514957,1,0
"Mar 14, 01:00 am",0,0,1,0.0515221,1,0
"Mar 14, 02:00 am",0,0,1,0.0515484,1,0
"Mar 14, 03:00 am",0,0,1,0.0514947,1,0
"Mar 14, 04:00 am",0,0,1,0.051441,1,0
"Mar 14, 05:00 am",0,0,1,0.0514565,1,0
"Mar 14, 06:00 am",177.949,0,1,0.051327,1,0
"Mar 14, 07:00 am",0,0,1,0.0510934,1,0
"Mar 14, 08:00 am",0,0,1,0.0508099,1,7.5
"Mar 14, 09:00 am",0,0,1,0.0505585,1,8.6
"Mar 14, 10:00 am",0,0,1,0.0504352,1,9.1
"Mar 14, 11:00 am",0,0,1,0.0501999,1,9.4
"Mar 14, 12:00 pm",0,0,1,0.0500926,1,9.5
"Mar 14, 01:00 pm",0,0,1,0.0500654,1,9.5
"Mar 14, 02:00 pm",0,0,1,0.0500861,1,9.4
"Mar 14, 03:00 pm",0,0,1,0.0502029,1,9.2
"Mar 14, 04:00 pm",0,0,1,0.0503516,1,8.9
"Mar 14, 05:00 pm",0,0,1,0.0504683,1,8.2
"Mar 14, 06:00 pm",0,0,1,0.0505849,1,672.7
"Mar 14, 07:00 pm",0,0,1,0.0507175,1,0
"Mar 14, 08:00 pm",0,0,1,0.0507701,1,0
"Mar 14, 09:00 pm",0,0,1,0.0508547,1,0
"Mar 14, 10:00 pm",0,0,1,0.0508753,1,0
"Mar 14, 11:00 pm",0,0,1,0.0508798,1,0
"Mar 15, 12:00 am",0,0,1,0.0509484,1,0
"Mar 15, 01:00 am",0,0,1,0.0509209,1,0
"Mar 15, 02:00 am",0,0,1,0.0509415,1,0
"Mar 15, 03:00 am",0,0,1,0.050946,1,0
"Mar 15, 04:00 am",0,0,1,0.0508866,1,0
"Mar 15, 05:00 am",0,0,1,0.0509072,1,0
"Mar 15, 06:00 am",0,0,1,0.0509117,1,0
"Mar 15, 07:00 am",0,0,1,0.0508203,1,0
"Mar 15, 08:00 am",0,0,1,0.0507449,1,7.2
"Mar 15, 09:00 am",0,0,1,0.0505575,1,8.4
"Mar 15, 10:00 am",0,0,1,0.0504022,1,9
"Mar 15, 11:00 am",0,0,1,0.0502789,1,9.3
"Mar 15, 12:00 pm",0,0,1,0.0502197,1,9.4
"Mar 15, 01:00 pm",0,0,1,0.0502244,1,9.4
"Mar 15, 02:00 pm",0,0,1,0.0502772,1,9.4
"Mar 15, 03:00 pm",0,0,1,0.0503779,1,9.2
"Mar 15, 04:00 pm",0,0,1,0.0504946,1,8.9
"Mar 15, 05:00 pm",0,0,1,0.0506432,1,8.2
"Mar 15, 06:00 pm",0,0,1,0.0508399,1,6.5
"Mar 15, 07:00 pm",0,0,1,0.0509724,1,0
"Mar 15, 08:00 pm",0,0,1,0.051089,1,0
"Mar 15, 09:00 pm",0,0,1,0.0511895,1,0
"Mar 15, 10:00 pm",0,0,1,0.051274,1,0
"Mar 15, 11:00 pm",0,0,1,0.0512784,1,0
"Mar 16, 12:00 am",0,0,1,0.0513469,1,0
"Mar 16, 01:00 am",0,0,1,0.0513354,1,0
"Mar 16, 02:00 am",0,0,1,0.0513445,1,0
"Mar 16, 03:00 am",0,0,1,0.0513753,1,0
"Mar 16, 04:00 am",0,0,1,0.0513913,1,0
"Mar 16, 05:00 am",0,0,1,0.0514073,1,0
"Mar 16, 06:00 am",0,0,1,0.0511513,1,0
"Mar 16, 07:00 am",0,0,1,0.0507993,1,0
"Mar 16, 08:00 am",0,0,1,0.0502714,1,739.4
"Mar 16, 09:00 am",2388.78,5.1164,1,0.0498832,1,858.2
"Mar 16, 10:00 am",2866.59,6.33575,1,0.0496728,1,912.2
"Mar 16, 11:00 am",2866.59,6.24328,1,0.0493477,1,939.7
"Mar 16, 12:00 pm",2866.54,6.02383,1,0.0491563,1,950.2
"Mar 16, 01:00 pm",2867.73,3.71558,0.664501,0.0489959,0.664501,950.2
"Mar 16, 02:00 pm",2867.21,2.98668,0.547141,0.0490353,0.547141,940.8
"Mar 16, 03:00 pm",2867.03,2.98649,0.525483,0.0491974,0.525483,922.7
"Mar 16, 04:00 pm",2867.03,2.98649,0.508141,0.0493754,0.508141,887.2
"Mar 16, 05:00 pm",2867.04,2.9865,0.872462,0.0497293,0.872462,818.5
"Mar 16, 06:00 pm",2866.56,0.398872,1,0.0502323,1,655
"Mar 16, 07:00 pm",2767.84,0.229724,1,0.0507095,1,0
"Mar 16, 08:00 pm",2866.62,0,1,0.0509637,1,0
"Mar 16, 09:00 pm",2866.66,0,1,0.0511848,1,0
"Mar 16, 10:00 pm",0,0,1,0.0513085,1,0
"Mar 16, 11:00 pm",0,0,1,0.0513499,1,0
"Mar 17, 12:00 am",0,0,1,0.0514392,1,0
"Mar 17, 01:00 am",0,0,1,0.0514004,1,0
"Mar 17, 02:00 am",0,0,1,0.0513936,1,0
"Mar 17, 03:00 am",0,0,1,0.0513869,1,0
"Mar 17, 04:00 am",0,0,1,0.0514257,1,0
"Mar 17, 05:00 am",0,0,1,0.051526,1,0
"Mar 17, 06:00 am",0,0,1,0.0512903,1,0
"Mar 17, 07:00 am",0,0,1,0.0510227,1,0
"Mar 17, 08:00 am",0,1.4985,1,0.0505961,1,748.3
"Mar 17, 09:00 am",0,6.28274,1,0.0505219,1,871.1
"Mar 17, 10:00 am",0,4.62246,0.72769,0.050232,0.72769,928.5
"Mar 17, 11:00 am",0,0,1,0.0498283,1,959.7
"Mar 17, 12:00 pm",0,0,1,0.0495327,1,971.3
"Mar 17, 01:00 pm",0,0,1,0.0492374,1,972.4
"Mar 17, 02:00 pm",0,0,1,0.0490384,1,964.2
"Mar 17, 03:00 pm",0,0,1,0.0491275,1,946.1
"Mar 17, 04:00 pm",0,0,1,0.0492644,1,910.8
"Mar 17, 05:00 pm",0,0,1,0.0494971,1,842.3
"Mar 17, 06:00 pm",0,0,1,0.0498094,1,667.3
"Mar 17, 07:00 pm",0,0,1,0.0500433,1,0
"Mar 17, 08:00 pm",0,0,1,0.050202,1,0
"Mar 17, 09:00 pm",0,0,1,0.0503958,1,0
"Mar 17, 10:00 pm",0,0,1,0.0505735,1,0
"Mar 17, 11:00 pm",0,0,1,0.0507192,1,0
"Mar 18, 12:00 am",0,0,1,0.0509128,1,0
"Mar 18, 01:00 am",0,0,1,0.0509944,1,0
"Mar 18, 02:00 am",0,0,1,0.051108,1,0
"Mar 18, 03:00 am",0,0,1,0.0512056,1,0
"Mar 18, 04:00 am",0,0,1,0.0512551,1,0
"Mar 18, 05:00 am",0,0,1,0.0513686,1,0
"Mar 18, 06:00 am",0,0,1,0.0511461,1,0
"Mar 18, 07:00 am",0,0,1,0.0506998,1,0
"Mar 18, 08:00 am",0,0,1,0.0501575,1,773.2
"Mar 18, 09:00 am",0,0,1,0.0495994,1,891.2
"Mar 18, 10:00 am",0,0,1,0.0490414,1,944.1
"Mar 18, 11:00 am",0,0,1,0.0485315,1,971
"Mar 18, 12:00 pm",0,0,1,0.0481818,1,980.3
"Mar 18, 01:00 pm",0,0,1,0.0478961,1,979.6
"Mar 18, 02:00 pm",0,0,1,0.0479784,1,969.9
"Mar 18, 03:00 pm",0,0,1,0.0481248,1,948.1
"Mar 18, 04:00 pm",0,0,1,0.048367,1,909
"Mar 18, 05:00 pm",0,0,1,0.0487852,1,836.2
"Mar 18, 06:00 pm",0,0,1,0.0492833,1,669.7
"Mar 18, 07:00 pm",0,0,1,0.0495892,1,0
"Mar 18, 08:00 pm",0,0,1,0.0498152,1,0
"Mar 18, 09:00 pm",0,0,1,0.050057,1,0
"Mar 18, 10:00 pm",0,0,1,0.0502188,1,0
"Mar 18, 11:00 pm",0,0,1,0.0503646,1,0
"Mar 19, 12:00 am",0,0,1,0.0505423,1,0
"Mar 19, 01:00 am",0,0,1,0.05064,1,0
"Mar 19, 02:00 am",0,0,1,0.0507217,1,0
"Mar 19, 03:00 am",0,0,1,0.0508194,1,0
"Mar 19, 04:00 am",0,0,1,0.0508858,1,0
"Mar 19, 05:00 am",0,0,1,0.0510393,1,0
"Mar 19, 06:00 am",2820.18,0,1,0.0510232,1,0
"Mar 19, 07:00 am",2820.18,0,1,0.0509057,1,0
"Mar 19, 08:00 am",2716.34,2.72288,1,0.050489,1,721.2
"Mar 19, 09:00 am",2866.59,6.10334,1,0.0501002,1,847.6
"Mar 19, 10:00 am",2866.54,6.2221,1,0.0497127,1,905.9
"Mar 19, 11:00 am",2867.43,3.55997,0.593889,0.0492959,0.593889,937.2
"Mar 19, 12:00 pm",2867,2.98645,0.519979,0.0489457,0.519979,951.5
"Mar 19, 01:00 pm",2867.04,2.9865,0.543854,0.0487148,0.543854,955.1
"Mar 19, 02:00 pm",2867.04,2.9865,0.549596,0.048756,0.549596,948.6
"Mar 19, 03:00 pm",2867.03,2.98649,0.528426,0.0489091,0.528426,929.6
"Mar 19, 04:00 pm",2867.04,2.9865,0.520656,0.049062,0.520656,892.3
"Mar 19, 05:00 pm",2867.04,2.9865,0.913531,0.0493746,0.913531,820.5
"Mar 19, 06:00 pm",2846.96,0.398838,1,0.0498821,1,649.8
"Mar 19, 07:00 pm",2673.89,0.229637,1,0.0502816,1,0
"Mar 19, 08:00 pm",2866.59,0,1,0.0505678,1,0
"Mar 19, 09:00 pm",2691.66,0,1,0.0507459,1,0
"Mar 19, 10:00 pm",0,0,1,0.0508478,1,0
"Mar 19, 11:00 pm",0,0,1,0.0509375,1,0
"Mar 20, 12:00 am",0,0,1,0.0511054,1,0
"Mar 20, 01:00 am",0,0,1,0.0511578,1,0
"Mar 20, 02:00 am",0,0,1,0.0512583,1,0
"Mar 20, 03:00 am",0,0,1,0.0513427,1,0
"Mar 20, 04:00 am",0,0,1,0.0513952,1,0
"Mar 20, 05:00 am",0,0,1,0.0515275,1,0
"Mar 20, 06:00 am",0,0,1,0.051308,1,0
"Mar 20, 07:00 am",0,0,1,0.0509604,1,0
"Mar 20, 08:00 am",477.725,1.31115,1,0.0505058,1,724
"Mar 20, 09:00 am",2866.59,6.04745,1,0.0502169,1,849.5
"Mar 20, 10:00 am",2866.59,6.20271,1,0.0499628,1,906.5
"Mar 20, 11:00 am",2866.55,6.10094,1,0.0496464,1,935.6
"Mar 20, 12:00 pm",2867.5,5.17796,0.885569,0.0493964,0.885569,948.2
"Mar 20, 01:00 pm",2866.99,2.98645,0.553434,0.0491681,0.553434,950.2
"Mar 20, 02:00 pm",2867.04,2.9865,0.556946,0.0489692,0.556946,941.9
"Mar 20, 03:00 pm",2867.04,2.9865,0.534937,0.0490583,0.534937,922.5
"Mar 20, 04:00 pm",2867.03,2.98649,0.530561,0.0492113,0.530561,884.8
"Mar 20, 05:00 pm",2865.59,2.98498,0.938531,0.0494759,0.938531,811.7
"Mar 20, 06:00 pm",2866.56,0.398783,1,0.0499714,1,635.4
"Mar 20, 07:00 pm",2762.82,0.229502,1,0.0504084,1,0
"Mar 20, 08:00 pm",2866.62,0,1,0.0506896,1,0
"Mar 20, 09:00 pm",2866.65,0,1,0.050898,1,0
"Mar 20, 10:00 pm",0,0,1,0.0510331,1,0
"Mar 20, 11:00 pm",0,0,1,0.0511066,1,0
"Mar 21, 12:00 am",0,0,1,0.0512119,1,0
"Mar 21, 01:00 am",0,0,1,0.0512052,1,0
"Mar 21, 02:00 am",0,0,1,0.0512305,1,0
"Mar 21, 03:00 am",0,0,1,0.0512624,1,0
"Mar 21, 04:00 am",0,0,1,0.0512439,1,0
"Mar 21, 05:00 am",0,0,1,0.0513922,1,0
"Mar 21, 06:00 am",0,0,1,0.0511406,1,0
"Mar 21, 07:00 am",0,0,1,0.0508891,1,0
"Mar 21, 08:00 am",570.968,1.31608,1,0.0504679,1,731.1
"Mar 21, 09:00 am",2866.59,6.08988,1,0.050151,1,857.2
"Mar 21, 10:00 am",2866.59,6.23159,1,0.0499605,1,913.8
"Mar 21, 11:00 am",2866.55,6.12134,1,0.0496591,1,943.1
"Mar 21, 12:00 pm",2866.88,5.06654,0.865903,0.049376,0.865903,955.6
"Mar 21, 01:00 pm",2867.06,2.98653,0.55244,0.0490993,0.55244,957.4
"Mar 21, 02:00 pm",2867.03,2.98649,0.555865,0.0491403,0.555865,949.4
"Mar 21, 03:00 pm",2867.03,2.98649,0.533165,0.0492292,0.533165,930
"Mar 21, 04:00 pm",2867.03,2.98649,0.531326,0.0493819,0.531326,893
"Mar 21, 05:00 pm",2865.94,2.98536,0.945693,0.0496464,0.945693,819.7
"Mar 21, 06:00 pm",2866.56,0.39887,1,0.0500915,1,633.1
"Mar 21, 07:00 pm",2763.36,0.229763,1,0.050526,1,0
"Mar 21, 08:00 pm",2866.62,0,1,0.0507899,1,0
"Mar 21, 09:00 pm",2866.65,0,1,0.0509973,1,0
"Mar 21, 10:00 pm",0,0,1,0.0511321,1,0
"Mar 21, 11:00 pm",0,0,1,0.0511575,1,0
"Mar 22, 12:00 am",0,0,1,0.0512469,1,0
"Mar 22, 01:00 am",0,0,1,0.0512561,1,0
"Mar 22, 02:00 am",0,0,1,0.0512813,1,0
"Mar 22, 03:00 am",0,0,1,0.0513129,1,0
"Mar 22, 04:00 am",0,0,1,0.0512942,1,0
"Mar 22, 05:00 am",0,0,1,0.0514105,1,0
"Mar 22, 06:00 am",0,0,1,0.0511429,1,0
"Mar 22, 07:00 am",0,0,1,0.0509393,1,0
"Mar 22, 08:00 am",571.875,1.31256,1,0.050566,1,736.1
"Mar 22, 09:00 am",2866.59,6.10974,1,0.0503604,1,862.2
"Mar 22, 10:00 am",2866.59,6.23689,1,0.0501382,1,918
"Mar 22, 11:00 am",2866.55,6.11653,1,0.0498366,1,947
"Mar 22, 12:00 pm",2866.79,5.04567,0.867227,0.0495692,0.867227,956.3
"Mar 22, 01:00 pm",2867.08,2.98654,0.557249,0.0493082,0.557249,955.4
"Mar 22, 02:00 pm",2867.03,2.98649,0.562028,0.0491251,0.562028,944.7
"Mar 22, 03:00 pm",2867.03,2.98649,0.540172,0.049278,0.540172,922.5
"Mar 22, 04:00 pm",2867.03,2.98649,0.544049,0.0494626,0.544049,881.7
"Mar 22, 05:00 pm",2866.28,2.98571,0.982174,0.049711,0.982174,803.7
"Mar 22, 06:00 pm",2866.56,0.398719,1,0.0501558,1,620.1
"Mar 22, 07:00 pm",2762.63,0.22929,1,0.0505259,1,0
"Mar 22, 08:00 pm",2866.62,0,1,0.0507576,1,0
"Mar 22, 09:00 pm",2866.65,0,1,0.050933,1,0
"Mar 22, 10:00 pm",0,0,1,0.0510678,1,0
"Mar 22, 11:00 pm",0,0,1,0.0511253,1,0
"Mar 23, 12:00 am",0,0,1,0.0511667,1,0
"Mar 23, 01:00 am",0,0,1,0.051208,1,0
"Mar 23, 02:00 am",0,0,1,0.0512172,1,0
"Mar 23, 03:00 am",0,0,1,0.0512811,1,0
"Mar 23, 04:00 am",0,0,1,0.0513266,1,0
"Mar 23, 05:00 am",0,0,1,0.051491,1,0
"Mar 23, 06:00 am",0,0,1,0.0512873,1,0
"Mar 23, 07:00 am",0,0,1,0.0511477,1,0
"Mar 23, 08:00 am",570.957,1.23393,1,0.0508351,1,723.4
"Mar 23, 09:00 am",2866.59,6.04133,1,0.0506029,1,856.7
"Mar 23, 10:00 am",2866.59,6.21581,1,0.0503737,1,918.4
"Mar 23, 11:00 am",2866.55,6.12423,1,0.0500464,1,952.8
"Mar 23, 12:00 pm",2867.57,5.18725,0.888658,0.0497826,0.888658,964
"Mar 23, 01:00 pm",2866.98,2.98643,0.555882,0.0495227,0.555882,964.9
"Mar 23, 02:00 pm",2867.03,2.98649,0.558974,0.0493393,0.558974,955.7
"Mar 23, 03:00 pm",2867.03,2.98649,0.535397,0.0494119,0.535397,935.1
"Mar 23, 04:00 pm",2867.03,2.98649,0.540987,0.0495324,0.540987,896.3
"Mar 23, 05:00 pm",2866.31,2.98574,0.97999,0.0497647,0.97999,820
"Mar 23, 06:00 pm",2866.56,0.39876,1,0.0502415,1,620.9
"Mar 23, 07:00 pm",2759.13,0.229471,1,0.0506436,1,0
"Mar 23, 08:00 pm",2866.61,0,1,0.0508912,1,0
"Mar 23, 09:00 pm",2866.64,0,1,0.0510984,1,0
"Mar 23, 10:00 pm",0,0,1,0.0512009,1,0
"Mar 23, 11:00 pm",0,0,1,0.051274,1,0
"Mar 24, 12:00 am",0,0,1,0.051315,1,0
"Mar 24, 01:00 am",0,0,1,0.0513399,1,0
"Mar 24, 02:00 am",0,0,1,0.0513488,1,0
"Mar 24, 03:00 am",0,0,1,0.0513868,1,0
"Mar 24, 04:00 am",0,0,1,0.0514225,1,0
"Mar 24, 05:00 am",0,0,1,0.0515868,1,0
"Mar 24, 06:00 am",0,0,1,0.0513831,1,0
"Mar 24, 07:00 am",0,0,1,0.0510515,1,0
"Mar 24, 08:00 am",0,1.25652,1,0.0505635,1,731.6
"Mar 24, 09:00 am",0,6.05508,1,0.0504326,1,859.7
"Mar 24, 10:00 am",0,4.95194,0.807643,0.0502315,0.807643,915.9
"Mar 24, 11:00 am",0,0,1,0.0499186,1,944.3
"Mar 24, 12:00 pm",0,0,1,0.0496228,1,955
"Mar 24, 01:00 pm",0,0,1,0.0493433,1,954.9
"Mar 24, 02:00 pm",0,0,1,0.0491602,1,944.9
"Mar 24, 03:00 pm",0,0,1,0.049265,1,925.3
"Mar 24, 04:00 pm",0,0,1,0.0494177,1,887
"Mar 24, 05:00 pm",0,0,1,0.0497301,1,810.4
"Mar 24, 06:00 pm",0,0,1,0.0500261,1,616.5
"Mar 24, 07:00 pm",0,0,1,0.0502578,1,0
"Mar 24, 08:00 pm",0,0,1,0.0504104,1,0
"Mar 24, 09:00 pm",0,0,1,0.050552,1,0
"Mar 24, 10:00 pm",0,0,1,0.0507137,1,0
"Mar 24, 11:00 pm",0,0,1,0.0508594,1,0
"Mar 25, 12:00 am",0,0,1,0.051005,1,0
"Mar 25, 01:00 am",0,0,1,0.0511025,1,0
"Mar 25, 02:00 am",0,0,1,0.0512001,1,0
"Mar 25, 03:00 am",0,0,1,0.0513136,1,0
"Mar 25, 04:00 am",0,0,1,0.0513631,1,0
"Mar 25, 05:00 am",0,0,1,0.0515246,1,0
"Mar 25, 06:00 am",0,0,1,0.0513501,1,0
"Mar 25, 07:00 am",0,0,1,0.0511437,1,0
"Mar 25, 08:00 am",0,0,1,0.0508253,1,730.3
"Mar 25, 09:00 am",0,0,1,0.050395,1,861.3
"Mar 25, 10:00 am",0,0,1,0.0499808,1,919.5
"Mar 25, 11:00 am",0,0,1,0.0496307,1,950
"Mar 25, 12:00 pm",0,0,1,0.0493926,1,960.6
"Mar 25, 01:00 pm",0,0,1,0.0492186,1,960.8
"Mar 25, 02:00 pm",0,0,1,0.0493166,1,950.7
"Mar 25, 03:00 pm",0,0,1,0.0494946,1,926.8
"Mar 25, 04:00 pm",0,0,1,0.0497206,1,8.8
"Mar 25, 05:00 pm",0,0,1,0.0499784,1,8
"Mar 25, 06:00 pm",0,0,1,0.0502203,1,603.9
"Mar 25, 07:00 pm",0,0,1,0.05043,1,0
"Mar 25, 08:00 pm",0,0,1,0.0505278,1,0
"Mar 25, 09:00 pm",0,0,1,0.0506415,1,0
"Mar 25, 10:00 pm",0,0,1,0.0507231,1,0
"Mar 25, 11:00 pm",0,0,1,0.0507888,1,0
"Mar 26, 12:00 am",0,0,1,0.0509985,1,0
"Mar 26, 01:00 am",0,0,1,0.0510073,1,0
"Mar 26, 02:00 am",0,0,1,0.0510873,1,0
"Mar 26, 03:00 am",0,0,1,0.0511513,1,0
"Mar 26, 04:00 am",0,0,1,0.0512473,1,0
"Mar 26, 05:00 am",0,0,1,0.0513593,1,0
"Mar 26, 06:00 am",2820.18,0,1,0.0513751,1,0
"Mar 26, 07:00 am",2820.18,0,1,0.0513214,1,0
"Mar 26, 08:00 am",2743.9,2.20302,1,0.0509485,1,745.2
"Mar 26, 09:00 am",2866.59,6.18264,1,0.0506193,1,874.6
"Mar 26, 10:00 am",2866.54,6.22873,1,0.0503505,1,930.9
"Mar 26, 11:00 am",2864.19,4.10339,0.688954,0.0499945,0.688954,959.4
"Mar 26, 12:00 pm",2867.78,2.98728,0.530568,0.0497021,0.530568,971.4
"Mar 26, 01:00 pm",2867.03,2.98649,0.560029,0.0494224,0.560029,972.7
"Mar 26, 02:00 pm",2867.04,2.9865,0.564546,0.0492709,0.564546,963.9
"Mar 26, 03:00 pm",2867.03,2.98649,0.537768,0.0493754,0.537768,945
"Mar 26, 04:00 pm",2867.03,2.98649,0.553267,0.0495277,0.553267,906.8
"Mar 26, 05:00 pm",2866.54,2.81275,1,0.0498856,1,830.1
"Mar 26, 06:00 pm",2858.53,0.39911,1,0.0503762,1,611.1
"Mar 26, 07:00 pm",2685.21,0.229867,1,0.0507455,1,0
"Mar 26, 08:00 pm",2866.6,0,1,0.0509772,1,0
"Mar 26, 09:00 pm",2551.93,0,1,0.0511818,1,0
"Mar 26, 10:00 pm",0,0,1,0.0513131,1,0
"Mar 26, 11:00 pm",0,0,1,0.0513878,1,0
"Mar 27, 12:00 am",0,0,1,0.051509,1,0
"Mar 27, 01:00 am",0,0,1,0.0516093,1,0
"Mar 27, 02:00 am",0,0,1,0.0516937,1,0
"Mar 27, 03:00 am",0,0,1,0.051762,1,0
"Mar 27, 04:00 am",0,0,1,0.0518303,1,0
"Mar 27, 05:00 am",0,0,1,0.0519786,1,0
"Mar 27, 06:00 am",0,0,1,0.0517589,1,0
"Mar 27, 07:00 am",0,0,1,0.0514752,1,0
"Mar 27, 08:00 am",471.553,1.1796,1,0.0510797,1,733.6
"Mar 27, 09:00 am",2866.59,6.02675,1,0.0508005,1,865.4
"Mar 27, 10:00 am",2866.59,6.14934,1,0.050543,1,923.1
"Mar 27, 11:00 am",2866.55,5.99473,1,0.0502341,1,952.8
"Mar 27, 12:00 pm",2866.57,5.45893,0.957283,0.049977,0.957283,965.2
"Mar 27, 01:00 pm",2866.56,0.408923,1,0.0498248,1,13.5
"Mar 27, 02:00 pm",2808.04,0.253224,1,0.0500158,1,9.6
"Mar 27, 03:00 pm",2660.4,0.115846,1,0.0502026,1,9.4
"Mar 27, 04:00 pm",2866.66,0,1,0.0503784,1,9
"Mar 27, 05:00 pm",479.568,0,1,0.0506429,1,8.2
"Mar 27, 06:00 pm",0,0,1,0.0508472,1,608.6
"Mar 27, 07:00 pm",0,0,1,0.0510153,1,0
"Mar 27, 08:00 pm",0,0,1,0.0510871,1,0
"Mar 27, 09:00 pm",0,0,1,0.0512228,1,0
"Mar 27, 10:00 pm",0,0,1,0.0513264,1,0
"Mar 27, 11:00 pm",0,0,1,0.051405,1,0
"Mar 28, 12:00 am",0,0,1,0.051514,1,0
"Mar 28, 01:00 am",0,0,1,0.0515984,1,0
"Mar 28, 02:00 am",0,0,1,0.0516827,1,0
"Mar 28, 03:00 am",0,0,1,0.0517831,1,0
"Mar 28, 04:00 am",0,0,1,0.0518994,1,0
"Mar 28, 05:00 am",0,0,1,0.0520316,1,0
"Mar 28, 06:00 am",0,0,1,0.0517479,1,0
"Mar 28, 07:00 am",0,0,1,0.0513683,1,0
"Mar 28, 08:00 am",0,0,1,0.0507328,1,722.5
"Mar 28, 09:00 am",2866.59,6.6503,1,0.0503686,1,857.8
"Mar 28, 10:00 am",2866.59,6.09502,1,0.0500559,1,917.4
"Mar 28, 11:00 am",2866.56,5.93165,1,0.049617,1,947.8
"Mar 28, 12:00 pm",2866.53,5.64876,1,0.0493001,1,960.7
"Mar 28, 01:00 pm",2864.45,3.09426,0.596215,0.0490431,0.596215,962.6
"Mar 28, 02:00 pm",2867.04,2.9865,0.577857,0.049117,0.577857,953.9
"Mar 28, 03:00 pm",2867.04,2.9865,0.549723,0.049206,0.549723,933.4
"Mar 28, 04:00 pm",2867.04,2.9865,0.574597,0.0493269,0.574597,893.4
"Mar 28, 05:00 pm",2866.53,2.55301,1,0.0497177,1,812.3
"Mar 28, 06:00 pm",2866.56,0.398582,1,0.0502332,1,595.7
"Mar 28, 07:00 pm",2782.08,0.229848,1,0.0506461,1,0
"Mar 28, 08:00 pm",2866.62,0,1,0.0509169,1,0
"Mar 28, 09:00 pm",2614.84,0,1,0.0511643,1,0
"Mar 28, 10:00 pm",0,0,1,0.0512623,1,0
"Mar 28, 11:00 pm",0,0,1,0.0513338,1,0
"Mar 29, 12:00 am",0,0,1,0.0514532,1,0
"Mar 29, 01:00 am",0,0,1,0.0514445,1,0
"Mar 29, 02:00 am",0,0,1,0.0514677,1,0
"Mar 29, 03:00 am",0,0,1,0.051491,1,0
"Mar 29, 04:00 am",0,0,1,0.0515326,1,0
"Mar 29, 05:00 am",0,0,1,0.0516849,1,0
"Mar 29, 06:00 am",0,0,1,0.0514813,1,0
"Mar 29, 07:00 am",0,0,1,0.0511657,1,0
"Mar 29, 08:00 am",456.343,1.09377,1,0.0505783,1,725
"Mar 29, 09:00 am",2866.59,5.92941,1,0.0501668,1,861.8
"Mar 29, 10:00 am",2866.59,6.09228,1,0.0499088,1,922.1
"Mar 29, 11:00 am",2866.56,5.93215,1,0.0495544,1,953.2
"Mar 29, 12:00 pm",2797.8,5.64197,1,0.0492537,1,966.2
"Mar 29, 01:00 pm",2867.22,2.98669,0.577623,0.0489856,0.577623,968.1
"Mar 29, 02:00 pm",2867.03,2.98649,0.578199,0.0487549,0.578199,959.7
"Mar 29, 03:00 pm",2867.05,2.98651,0.54928,0.0488123,0.54928,938.8
"Mar 29, 04:00 pm",2867.04,2.9865,0.578133,0.0489495,0.578133,898.5
"Mar 29, 05:00 pm",2866.54,2.46964,1,0.0494102,1,816.6
"Mar 29, 06:00 pm",2866.56,0.398852,1,0.0499268,1,592.3
"Mar 29, 07:00 pm",2760.81,0.230391,1,0.0503671,1,0
"Mar 29, 08:00 pm",2866.62,0,1,0.0506196,1,0
"Mar 29, 09:00 pm",2464.25,0,1,0.0508485,1,0
"Mar 29, 10:00 pm",0,0,1,0.0509773,1,0
"Mar 29, 11:00 pm",0,0,1,0.0510812,1,0
"Mar 30, 12:00 am",0,0,1,0.0512169,1,0
"Mar 30, 01:00 am",0,0,1,0.0512245,1,0
"Mar 30, 02:00 am",0,0,1,0.05128,1,0
"Mar 30, 03:00 am",0,0,1,0.051338,1,0
"Mar 30, 04:00 am",0,0,1,0.0514104,1,0
"Mar 30, 05:00 am",0,0,1,0.0515748,1,0
"Mar 30, 06:00 am",0,0,1,0.0513712,1,0
"Mar 30, 07:00 am",0,0,1,0.0510077,1,0
"Mar 30, 08:00 am",463.406,1.13625,1,0.0505003,1,744.2
"Mar 30, 09:00 am",2866.59,6.02712,1,0.050109,1,880.4
"Mar 30, 10:00 am",2866.59,6.18196,1,0.0497403,1,939.1
"Mar 30, 11:00 am",2866.55,5.99851,1,0.0493523,1,968.9
"Mar 30, 12:00 pm",2866.57,5.42693,0.959099,0.0490476,0.959099,977.5
"Mar 30, 01:00 pm",2867.28,2.98675,0.576829,0.0487932,0.576829,975.9
"Mar 30, 02:00 pm",2867.03,2.98649,0.579177,0.0488346,0.579177,964.6
"Mar 30, 03:00 pm",2867.05,2.98651,0.551202,0.0489399,0.551202,940.4
"Mar 30, 04:00 pm",2867.04,2.9865,0.586752,0.0491089,0.586752,896.2
"Mar 30, 05:00 pm",2866.54,2.35044,1,0.0496248,1,809.8
"Mar 30, 06:00 pm",2866.56,0.398909,1,0.0501109,1,580.7
"Mar 30, 07:00 pm",2759.92,0.230079,1,0.0505462,1,0
"Mar 30, 08:00 pm",2866.62,0,1,0.0507963,1,0
"Mar 30, 09:00 pm",2349.06,0,1,0.0510067,1,0
"Mar 30, 10:00 pm",0,0,1,0.0511341,1,0
"Mar 30, 11:00 pm",0,0,1,0.0512218,1,0
"Mar 31, 12:00 am",0,0,1,0.0512774,1,0
"Mar 31, 01:00 am",0,0,1,0.0513169,1,0
"Mar 31, 02:00 am",0,0,1,0.0513723,1,0
"Mar 31, 03:00 am",0,0,1,0.0514319,1,0
"Mar 31, 04:00 am",0,0,1,0.0514421,1,0
"Mar 31, 05:00 am",0,0,1,0.0515745,1,0
"Mar 31, 06:00 am",0,0,1,0.0513389,1,0
"Mar 31, 07:00 am",0,0,1,0.0510554,1,0
"Mar 31, 08:00 am",0,1.02064,1,0.0506759,1,712.7
"Mar 31, 09:00 am",0,5.7604,1,0.0503878,1,851.6
"Mar 31, 10:00 am",0,5.48077,0.92128,0.0501239,0.92128,911.1
"Mar 31, 11:00 am",0,0,1,0.0496449,1,941
"Mar 31, 12:00 pm",0,0,1,0.0492695,1,953.2
"Mar 31, 01:00 pm",0,0,1,0.0489585,1,954.2
"Mar 31, 02:00 pm",0,0,1,0.0489837,1,944.5
"Mar 31, 03:00 pm",0,0,1,0.0491207,1,920.1
"Mar 31, 04:00 pm",0,0,1,0.0493056,1,875.2
"Mar 31, 05:00 pm",0,0,1,0.0496021,1,786.5
"Mar 31, 06:00 pm",0,0,1,0.0498982,1,552.6
"Mar 31, 07:00 pm",0,0,1,0.0501141,1,0
"Mar 31, 08:00 pm",0,0,1,0.0502657,1,0
"Mar 31, 09:00 pm",0,0,1,0.0504038,1,0
"Mar 31, 10:00 pm",0,0,1,0.0505631,1,0
"Mar 31, 11:00 pm",0,0,1,0.0507247,1,0
"Apr 1, 12:00 am",0,0,1,0.0509024,1,0
"Apr 1, 01:00 am",0,0,1,0.050936,1,0
"Apr 1, 02:00 am",0,0,1,0.0509696,1,0
"Apr 1, 03:00 am",0,0,1,0.0510032,1,0
"Apr 1, 04:00 am",0,0,1,0.0510368,1,0
"Apr 1, 05:00 am",0,0,1,0.0511504,1,0
"Apr 1, 06:00 am",0,0,1,0.0512479,1,0
"Apr 1, 07:00 am",0,0,1,0.0510895,1,0
"Apr 1, 08:00 am",0,0,1,0.0507711,1,6.8
"Apr 1, 09:00 am",0,0,1,0.0503568,1,8.2
"Apr 1, 10:00 am",0,0,1,0.0500226,1,8.9
"Apr 1, 11:00 am",0,0,1,0.0496885,1,9.2
"Apr 1, 12:00 pm",0,0,1,0.0493704,1,931.2
"Apr 1, 01:00 pm",0,0,1,0.0492124,1,932.6
"Apr 1, 02:00 pm",0,0,1,0.0491665,1,923.3
"Apr 1, 03:00 pm",0,0,1,0.0492805,1,899.8
"Apr 1, 04:00 pm",0,0,1,0.0494905,1,855.3
"Apr 1, 05:00 pm",0,0,1,0.0498604,1,765.9
"Apr 1, 06:00 pm",0,0,1,0.0501183,1,519.7
"Apr 1, 07:00 pm",0,0,1,0.050328,1,0
"Apr 1, 08:00 pm",0,0,1,0.0504418,1,0
"Apr 1, 09:00 pm",0,0,1,0.0505875,1,0
"Apr 1, 10:00 pm",0,0,1,0.0507012,1,0
"Apr 1, 11:00 pm",0,0,1,0.0507829,1,0
"Apr 2, 12:00 am",0,0,1,0.0508995,1,0
"Apr 2, 01:00 am",0,0,1,0.0509593,1,0
"Apr 2, 02:00 am",0,0,1,0.0509913,1,0
"Apr 2, 03:00 am",0,0,1,0.0510233,1,0
"Apr 2, 04:00 am",0,0,1,0.0511033,1,0
"Apr 2, 05:00 am",0,0,1,0.0511993,1,0
"Apr 2, 06:00 am",2820.18,0,1,0.0514711,1,0
"Apr 2, 07:00 am",2820.18,0,1,0.0514493,1,0
"Apr 2, 08:00 am",2629.6,0.821345,1,0.0511383,1,692.1
"Apr 2, 09:00 am",2866.59,5.63687,1,0.050669,1,838.6
"Apr 2, 10:00 am",2866.59,5.8535,1,0.0504013,1,902.3
"Apr 2, 11:00 am",2866.54,5.68261,1,0.0501327,1,935.5
"Apr 2, 12:00 pm",2866.95,3.74045,0.710005,0.0498464,0.710005,945.8
"Apr 2, 01:00 pm",2867.27,2.98674,0.607934,0.0496894,0.607934,944.8
"Apr 2, 02:00 pm",2867.03,2.98649,0.611197,0.0496975,0.611197,933.2
"Apr 2, 03:00 pm",2867.03,2.98649,0.579029,0.0497855,0.579029,910
"Apr 2, 04:00 pm",2867.04,2.9865,0.631043,0.0499054,0.631043,865.4
"Apr 2, 05:00 pm",2868.86,0.398751,1,0.0503394,1,775.3
"Apr 2, 06:00 pm",2710.22,0.229376,1,0.0507591,1,517
"Apr 2, 07:00 pm",2866.6,0,1,0.0510306,1,0
"Apr 2, 08:00 pm",2789.87,0,1,0.0511683,1,0
"Apr 2, 09:00 pm",0,0,1,0.0513153,1,0
"Apr 2, 10:00 pm",0,0,1,0.0513708,1,0
"Apr 2, 11:00 pm",0,0,1,0.0513622,1,0
"Apr 3, 12:00 am",0,0,1,0.0514446,1,0
"Apr 3, 01:00 am",0,0,1,0.0514135,1,0
"Apr 3, 02:00 am",0,0,1,0.0514339,1,0
"Apr 3, 03:00 am",0,0,1,0.0514383,1,0
"Apr 3, 04:00 am",0,0,1,0.0514907,1,0
"Apr 3, 05:00 am",0,0,1,0.0515111,1,0
"Apr 3, 06:00 am",0,0,1,0.0515474,1,0
"Apr 3, 07:00 am",0,0,1,0.0514558,1,0
"Apr 3, 08:00 am",0,0,1,0.0509643,1,680.5
"Apr 3, 09:00 am",2866.59,6.06961,1,0.050674,1,824.5
"Apr 3, 10:00 am",2866.56,0.420081,1,0.0504255,1,8.9
"Apr 3, 11:00 am",427.822,0.250694,1,0.0500883,1,9.5
"Apr 3, 12:00 pm",106.802,0.111252,1,0.049844,1,9.3
"Apr 3, 01:00 pm",0,0,1,0.0496614,1,9.3
"Apr 3, 02:00 pm",0,0,1,0.049479,1,9.2
"Apr 3, 03:00 pm",0,0,1,0.0495214,1,9
"Apr 3, 04:00 pm",0,0,1,0.0496573,1,8.5
"Apr 3, 05:00 pm",0,0,1,0.0499981,1,7.6
"Apr 3, 06:00 pm",0,0,1,0.0503069,1,4.9
"Apr 3, 07:00 pm",0,0,1,0.0505515,1,0
"Apr 3, 08:00 pm",0,0,1,0.0507162,1,0
"Apr 3, 09:00 pm",0,0,1,0.0509127,1,0
"Apr 3, 10:00 pm",0,0,1,0.0510613,1,0
"Apr 3, 11:00 pm",0,0,1,0.0511457,1,0
"Apr 4, 12:00 am",0,0,1,0.0512462,1,0
"Apr 4, 01:00 am",0,0,1,0.0512827,1,0
"Apr 4, 02:00 am",0,0,1,0.0513191,1,0
"Apr 4, 03:00 am",0,0,1,0.0513556,1,0
"Apr 4, 04:00 am",0,0,1,0.051392,1,0
"Apr 4, 05:00 am",0,0,1,0.0515084,1,0
"Apr 4, 06:00 am",0,0,1,0.0515448,1,0
"Apr 4, 07:00 am",0,0,1,0.0513252,1,0
"Apr 4, 08:00 am",0,0,1,0.0508977,1,670.4
"Apr 4, 09:00 am",2866.59,5.59837,1,0.050562,1,818.2
"Apr 4, 10:00 am",2866.59,5.66136,1,0.0503179,1,881.4
"Apr 4, 11:00 am",2866.59,5.47635,1,0.0500359,1,913.4
"Apr 4, 12:00 pm",2866.56,5.1611,1,0.0498249,1,925
"Apr 4, 01:00 pm",2866.54,4.84535,1,0.0496976,1,924.9
"Apr 4, 02:00 pm",2866.89,3.84767,0.805743,0.0495932,0.805743,913.7
"Apr 4, 03:00 pm",2866.99,2.98645,0.601086,0.0496576,0.601086,890.1
"Apr 4, 04:00 pm",2867.03,2.98649,0.664271,0.0498098,0.664271,843.7
"Apr 4, 05:00 pm",2866.56,0.398763,1,0.0502845,1,749.5
"Apr 4, 06:00 pm",2765.56,0.229368,1,0.0507692,1,484.4
"Apr 4, 07:00 pm",2866.62,0,1,0.0510828,1,0
"Apr 4, 08:00 pm",2866.65,0,1,0.051269,1,0
"Apr 4, 09:00 pm",0,0,1,0.0514236,1,0
"Apr 4, 10:00 pm",0,0,1,0.0514807,1,0
"Apr 4, 11:00 pm",0,0,1,0.0515057,1,0
"Apr 5, 12:00 am",0,0,1,0.0515307,1,0
"Apr 5, 01:00 am",0,0,1,0.0514757,1,0
"Apr 5, 02:00 am",0,0,1,0.0514402,1,0
"Apr 5, 03:00 am",0,0,1,0.0514183,1,0
"Apr 5, 04:00 am",0,0,1,0.0514386,1,0
"Apr 5, 05:00 am",0,0,1,0.0515069,1,0
"Apr 5, 06:00 am",0,0,1,0.0515752,1,0
"Apr 5, 07:00 am",0,0,1,0.0514355,1,0
"Apr 5, 08:00 am",101.901,0,1,0.0510093,1,6.8
"Apr 5, 09:00 am",0,0,1,0.0505513,1,8.2
"Apr 5, 10:00 am",0,0,1,0.050156,1,8.9
"Apr 5, 11:00 am",955.49,2.90899,1,0.0498509,1,918
"Apr 5, 12:00 pm",2026.84,0.449727,1,0.0498665,1,13.2
"Apr 5, 01:00 pm",2866.59,4.32229,1,0.0497457,1,928.8
"Apr 5, 02:00 pm",1582.38,0.398705,1,0.049799,1,9.2
"Apr 5, 03:00 pm",235.606,0.245423,1,0.0498756,1,8.9
"Apr 5, 04:00 pm",2734.92,3.72207,1,0.0499634,1,846
"Apr 5, 05:00 pm",1195.9,0.388626,1,0.0502232,1,750.5
"Apr 5, 06:00 pm",217.006,0.226048,1,0.0505044,1,474
"Apr 5, 07:00 pm",0,0,1,0.050717,1,0
"Apr 5, 08:00 pm",0,0,1,0.0508656,1,0
"Apr 5, 09:00 pm",0,0,1,0.0509982,1,0
"Apr 5, 10:00 pm",0,0,1,0.0510987,1,0
"Apr 5, 11:00 pm",0,0,1,0.0511512,1,0
"Apr 6, 12:00 am",0,0,1,0.0512036,1,0
"Apr 6, 01:00 am",0,0,1,0.0512401,1,0
"Apr 6, 02:00 am",0,0,1,0.0512606,1,0
"Apr 6, 03:00 am",0,0,1,0.051329,1,0
"Apr 6, 04:00 am",0,0,1,0.0513815,1,0
"Apr 6, 05:00 am",0,0,1,0.0514499,1,0
"Apr 6, 06:00 am",0,0,1,0.0513423,1,0
"Apr 6, 07:00 am",0,0,1,0.0511388,1,0
"Apr 6, 08:00 am",0,0,1,0.0506954,1,6.8
"Apr 6, 09:00 am",0,0,1,0.050188,1,8.3
"Apr 6, 10:00 am",0,0,1,0.0497449,1,8.9
"Apr 6, 11:00 am",955.49,2.95444,1,0.0493453,1,930.4
"Apr 6, 12:00 pm",2866.59,5.16957,1,0.0493719,1,941
"Apr 6, 01:00 pm",2866.59,4.84639,1,0.0492909,1,940
"Apr 6, 02:00 pm",2866.59,4.83681,1,0.0491937,1,928.4
"Apr 6, 03:00 pm",2866.56,5.15286,1,0.0493093,1,904.6
"Apr 6, 04:00 pm",2866.54,4.54243,1,0.0494911,1,858.5
"Apr 6, 05:00 pm",2866.56,0.399607,1,0.0500527,1,762.5
"Apr 6, 06:00 pm",2792.92,0.227646,1,0.0505332,1,473.7
"Apr 6, 07:00 pm",2866.64,0,1,0.0508821,1,0
"Apr 6, 08:00 pm",1972.23,0,1,0.0510833,1,0
"Apr 6, 09:00 pm",0,0,1,0.0512433,1,0
"Apr 6, 10:00 pm",0,0,1,0.0513148,1,0
"Apr 6, 11:00 pm",0,0,1,0.0513702,1,0
"Apr 7, 12:00 am",0,0,1,0.0514894,1,0
"Apr 7, 01:00 am",0,0,1,0.0514326,1,0
"Apr 7, 02:00 am",0,0,1,0.0514239,1,0
"Apr 7, 03:00 am",0,0,1,0.0514504,1,0
"Apr 7, 04:00 am",0,0,1,0.0514595,1,0
"Apr 7, 05:00 am",0,0,1,0.0515758,1,0
"Apr 7, 06:00 am",0,0,1,0.0516282,1,0
"Apr 7, 07:00 am",0,0,1,0.0513926,1,0
"Apr 7, 08:00 am",0,0,1,0.0508371,1,671.8
"Apr 7, 09:00 am",0,5.80712,1,0.050509,1,828.1
"Apr 7, 10:00 am",0,5.67747,1,0.0501379,1,894.9
"Apr 7, 11:00 am",0,1.02566,0.212637,0.0496321,0.212637,930.2
"Apr 7, 12:00 pm",0,0,1,0.0492162,1,944.1
"Apr 7, 01:00 pm",0,0,1,0.0489213,1,946.1
"Apr 7, 02:00 pm",0,0,1,0.0487067,1,937
"Apr 7, 03:00 pm",0,0,1,0.0488122,1,913.9
"Apr 7, 04:00 pm",0,0,1,0.0490135,1,868.5
"Apr 7, 05:00 pm",0,0,1,0.0494543,1,772.7
"Apr 7, 06:00 pm",0,0,1,0.0497667,1,474.3
"Apr 7, 07:00 pm",0,0,1,0.0500409,1,0
"Apr 7, 08:00 pm",0,0,1,0.0502719,1,0
"Apr 7, 09:00 pm",0,0,1,0.0504816,1,0
"Apr 7, 10:00 pm",0,0,1,0.0506593,1,0
"Apr 7, 11:00 pm",0,0,1,0.050821,1,0
"Apr 8, 12:00 am",0,0,1,0.0509986,1,0
"Apr 8, 01:00 am",0,0,1,0.0511282,1,0
"Apr 8, 02:00 am",0,0,1,0.0512257,1,0
"Apr 8, 03:00 am",0,0,1,0.0513392,1,0
"Apr 8, 04:00 am",0,0,1,0.0514367,1,0
"Apr 8, 05:00 am",0,0,1,0.0515342,1,0
"Apr 8, 06:00 am",0,0,1,0.0513437,1,0
"Apr 8, 07:00 am",0,0,1,0.0510893,1,0
"Apr 8, 08:00 am",0,0,1,0.0504349,1,677.1
"Apr 8, 09:00 am",0,0,1,0.0498287,1,829.5
"Apr 8, 10:00 am",0,0,1,0.0493667,1,892.2
"Apr 8, 11:00 am",0,0,1,0.0488887,1,923.2
"Apr 8, 12:00 pm",0,0,1,0.0485069,1,935.8
"Apr 8, 01:00 pm",0,0,1,0.0482691,1,936.6
"Apr 8, 02:00 pm",0,0,1,0.0480794,1,926.1
"Apr 8, 03:00 pm",0,0,1,0.0482257,1,902.5
"Apr 8, 04:00 pm",0,0,1,0.0484839,1,855.8
"Apr 8, 05:00 pm",0,0,1,0.0489821,1,756.9
"Apr 8, 06:00 pm",0,0,1,0.0493521,1,458.3
"Apr 8, 07:00 pm",0,0,1,0.0495941,1,0
"Apr 8, 08:00 pm",0,0,1,0.049804,1,0
"Apr 8, 09:00 pm",0,0,1,0.0499979,1,0
"Apr 8, 10:00 pm",0,0,1,0.0501437,1,0
"Apr 8, 11:00 pm",0,0,1,0.0502735,1,0
"Apr 9, 12:00 am",0,0,1,0.0503553,1,0
"Apr 9, 01:00 am",0,0,1,0.050533,1,0
"Apr 9, 02:00 am",0,0,1,0.0506467,1,0
"Apr 9, 03:00 am",0,0,1,0.0507834,1,0
"Apr 9, 04:00 am",0,0,1,0.0509113,1,0
"Apr 9, 05:00 am",0,0,1,0.0510393,1,0
"Apr 9, 06:00 am",2820.18,0,1,0.0513431,1,0
"Apr 9, 07:00 am",2820.18,0,1,0.0514174,1,0
"Apr 9, 08:00 am",2820.21,0,1,0.0512224,1,6.5
"Apr 9, 09:00 am",1794.74,0,1,0.0509305,1,8.1
"Apr 9, 10:00 am",0,0,1,0.0506486,1,8.7
"Apr 9, 11:00 am",0,0,1,0.0504613,1,9
"Apr 9, 12:00 pm",0,0,1,0.0504179,1,9.1
"Apr 9, 01:00 pm",0,0,1,0.0504066,1,9.1
"Apr 9, 02:00 pm",0,0,1,0.0505233,1,9
"Apr 9, 03:00 pm",0,0,1,0.0507039,1,8.7
"Apr 9, 04:00 pm",0,0,1,0.0509004,1,8.2
"Apr 9, 05:00 pm",0,0,1,0.051033,1,7.2
"Apr 9, 06:00 pm",0,0,1,0.0510695,1,413.6
"Apr 9, 07:00 pm",0,0,1,0.051122,1,0
"Apr 9, 08:00 pm",0,0,1,0.0511585,1,0
"Apr 9, 09:00 pm",0,0,1,0.0511789,1,0
"Apr 9, 10:00 pm",0,0,1,0.0511834,1,0
"Apr 9, 11:00 pm",0,0,1,0.0512199,1,0
"Apr 10, 12:00 am",0,0,1,0.0513043,1,0
"Apr 10, 01:00 am",0,0,1,0.0512448,1,0
"Apr 10, 02:00 am",0,0,1,0.0512492,1,0
"Apr 10, 03:00 am",0,0,1,0.0512857,1,0
"Apr 10, 04:00 am",0,0,1,0.0513381,1,0
"Apr 10, 05:00 am",0,0,1,0.0513906,1,0
"Apr 10, 06:00 am",0,0,1,0.051379,1,0
"Apr 10, 07:00 am",0,0,1,0.0512874,1,0
"Apr 10, 08:00 am",0,0,1,0.0509719,1,6.4
"Apr 10, 09:00 am",0,0,1,0.0506565,1,8
"Apr 10, 10:00 am",0,0,1,0.0503892,1,8.7
"Apr 10, 11:00 am",0,0,1,0.0501059,1,9
"Apr 10, 12:00 pm",0,0,1,0.0499027,1,9.2
"Apr 10, 01:00 pm",477.725,1.64612,1,0.0498642,1,918.6
"Apr 10, 02:00 pm",2866.59,4.5139,1,0.0502166,1,908
"Apr 10, 03:00 pm",2866.59,4.89549,1,0.0505088,1,882
"Apr 10, 04:00 pm",2866.59,4.15236,1,0.0507715,1,832.4
"Apr 10, 05:00 pm",2866.56,0.399708,1,0.0509773,1,7.3
"Apr 10, 06:00 pm",2576.4,0.22742,1,0.0511248,1,399.8
"Apr 10, 07:00 pm",0,0,1,0.0511765,1,0
"Apr 10, 08:00 pm",0,0,1,0.051168,1,0
"Apr 10, 09:00 pm",0,0,1,0.0511435,1,0
"Apr 10, 10:00 pm",0,0,1,0.051103,1,0
"Apr 10, 11:00 pm",0,0,1,0.0510625,1,0
"Apr 11, 12:00 am",0,0,1,0.0510061,1,0
"Apr 11, 01:00 am",0,0,1,0.0509608,1,0
"Apr 11, 02:00 am",0,0,1,0.050994,1,0
"Apr 11, 03:00 am",0,0,1,0.0510465,1,0
"Apr 11, 04:00 am",0,0,1,0.051147,1,0
"Apr 11, 05:00 am",0,0,1,0.0512315,1,0
"Apr 11, 06:00 am",0,0,1,0.051268,1,0
"Apr 11, 07:00 am",0,0,1,0.0512084,1,0
"Apr 11, 08:00 am",0,0,1,0.050861,1,653.8
"Apr 11, 09:00 am",2866.59,5.36541,1,0.0506145,1,815.7
"Apr 11, 10:00 am",2866.59,5.48114,1,0.0505429,1,882.9
"Apr 11, 11:00 am",2866.59,5.25417,1,0.0503521,1,916.5
"Apr 11, 12:00 pm",2866.56,0.40316,1,0.050285,1,9.3
"Apr 11, 01:00 pm",2757.38,0.243051,1,0.0503431,1,9.3
"Apr 11, 02:00 pm",1163.17,0.104312,1,0.0504444,1,9.2
"Apr 11, 03:00 pm",0,0,1,0.0504233,1,9
"Apr 11, 04:00 pm",0,0,1,0.0504318,1,8.5
"Apr 11, 05:00 pm",0,0,1,0.0506641,1,7.5
"Apr 11, 06:00 pm",0,0,1,0.0508161,1,407.4
"Apr 11, 07:00 pm",0,0,1,0.0509399,1,0
"Apr 11, 08:00 pm",0,0,1,0.0510461,1,0
"Apr 11, 09:00 pm",0,0,1,0.0511946,1,0
"Apr 11, 10:00 pm",0,0,1,0.0513111,1,0
"Apr 11, 11:00 pm",0,0,1,0.0514115,1,0
"Apr 12, 12:00 am",0,0,1,0.0515599,1,0
"Apr 12, 01:00 am",0,0,1,0.0516123,1,0
"Apr 12, 02:00 am",0,0,1,0.0516646,1,0
"Apr 12, 03:00 am",0,0,1,0.051733,1,0
"Apr 12, 04:00 am",0,0,1,0.0518333,1,0
"Apr 12, 05:00 am",0,0,1,0.0516936,1,0
"Apr 12, 06:00 am",0,0,1,0.051554,1,0
"Apr 12, 07:00 am",0,0,1,0.0512545,1,0
"Apr 12, 08:00 am",0,0,1,0.050715,1,678.6
"Apr 12, 09:00 am",2866.59,5.25382,1,0.050246,1,837.8
"Apr 12, 10:00 am",2866.59,5.57632,1,0.0499088,1,902.2
"Apr 12, 11:00 am",2866.59,5.31513,1,0.0496075,1,933.5
"Apr 12, 12:00 pm",2866.59,4.95761,1,0.0493237,1,947.7
"Apr 12, 01:00 pm",2866.55,4.64703,1,0.0491067,1,949.7
"Apr 12, 02:00 pm",2866.53,4.67881,1,0.0491625,1,940.1
"Apr 12, 03:00 pm",2864.58,3.2381,0.659112,0.0492575,0.659112,916.2
"Apr 12, 04:00 pm",2867.08,2.98655,0.719607,0.0494241,0.719607,868.8
"Apr 12, 05:00 pm",2866.56,0.398754,1,0.050062,1,765.4
"Apr 12, 06:00 pm",2763.87,0.229431,1,0.0505394,1,418.7
"Apr 12, 07:00 pm",2866.62,0,1,0.0508577,1,0
"Apr 12, 08:00 pm",2866.65,0,1,0.0510788,1,0
"Apr 12, 09:00 pm",0,0,1,0.0512184,1,0
"Apr 12, 10:00 pm",0,0,1,0.0513077,1,0
"Apr 12, 11:00 pm",0,0,1,0.0514128,1,0
"Apr 13, 12:00 am",0,0,1,0.0515338,1,0
"Apr 13, 01:00 am",0,0,1,0.0515586,1,0
"Apr 13, 02:00 am",0,0,1,0.0516054,1,0
"Apr 13, 03:00 am",0,0,1,0.0516499,1,0
"Apr 13, 04:00 am",0,0,1,0.0517342,1,0
"Apr 13, 05:00 am",0,0,1,0.0518504,1,0
"Apr 13, 06:00 am",0,0,1,0.0517426,1,0
"Apr 13, 07:00 am",0,0,1,0.0514749,1,0
"Apr 13, 08:00 am",96.5969,0,1,0.0509527,1,671.8
"Apr 13, 09:00 am",2866.59,5.40048,1,0.0505549,1,832
"Apr 13, 10:00 am",2866.59,5.50954,1,0.0503114,1,895.8
"Apr 13, 11:00 am",2866.59,5.23538,1,0.0499946,1,926.3
"Apr 13, 12:00 pm",2866.59,4.85667,1,0.0497503,1,936.9
"Apr 13, 01:00 pm",2866.55,4.53179,1,0.0495917,1,935.3
"Apr 13, 02:00 pm",2866.53,4.54873,1,0.0496912,1,922.4
"Apr 13, 03:00 pm",2865.67,3.31414,0.693575,0.0498647,0.693575,893.3
"Apr 13, 04:00 pm",2867.05,2.98651,0.755286,0.0500359,0.755286,839.9
"Apr 13, 05:00 pm",2866.56,0.398511,1,0.0504731,1,728
"Apr 13, 06:00 pm",2769.68,0.228638,1,0.050851,1,383.2
"Apr 13, 07:00 pm",2866.62,0,1,0.0511265,1,0
"Apr 13, 08:00 pm",2866.66,0,1,0.0512512,1,0
"Apr 13, 09:00 pm",0,0,1,0.0513211,1,0
"Apr 13, 10:00 pm",0,0,1,0.0513466,1,0
"Apr 13, 11:00 pm",0,0,1,0.0513722,1,0
"Apr 14, 12:00 am",0,0,1,0.0514616,1,0
"Apr 14, 01:00 am",0,0,1,0.051407,1,0
"Apr 14, 02:00 am",0,0,1,0.0513844,1,0
"Apr 14, 03:00 am",0,0,1,0.0513704,1,0
"Apr 14, 04:00 am",0,0,1,0.051402,1,0
"Apr 14, 05:00 am",0,0,1,0.0514543,1,0
"Apr 14, 06:00 am",0,0,1,0.0515066,1,0
"Apr 14, 07:00 am",0,0,1,0.0514468,1,0
"Apr 14, 08:00 am",0,0,1,0.0512432,1,6.4
"Apr 14, 09:00 am",0,0,1,0.0509116,1,8.1
"Apr 14, 10:00 am",0,0,1,0.0506761,1,8.7
"Apr 14, 11:00 am",0,0,1,0.0503926,1,9.1
"Apr 14, 12:00 pm",0,0,1,0.0502532,1,9.2
"Apr 14, 01:00 pm",0,0,1,0.0502578,1,9.2
"Apr 14, 02:00 pm",0,0,1,0.0502785,1,9.1
"Apr 14, 03:00 pm",0,0,1,0.0503471,1,8.9
"Apr 14, 04:00 pm",0,0,1,0.0503837,1,8.3
"Apr 14, 05:00 pm",0,0,1,0.0505962,1,7.3
"Apr 14, 06:00 pm",0,0,1,0.0508247,1,3.9
"Apr 14, 07:00 pm",0,0,1,0.0510372,1,0
"Apr 14, 08:00 pm",0,0,1,0.0511856,1,0
"Apr 14, 09:00 pm",0,0,1,0.051254,1,0
"Apr 14, 10:00 pm",0,0,1,0.0513063,1,0
"Apr 14, 11:00 pm",0,0,1,0.0513587,1,0
"Apr 15, 12:00 am",0,0,1,0.051411,1,0
"Apr 15, 01:00 am",0,0,1,0.0514313,1,0
"Apr 15, 02:00 am",0,0,1,0.0514356,1,0
"Apr 15, 03:00 am",0,0,1,0.05144,1,0
"Apr 15, 04:00 am",0,0,1,0.0514283,1,0
"Apr 15, 05:00 am",0,0,1,0.0515126,1,0
"Apr 15, 06:00 am",0,0,1,0.0513089,1,0
"Apr 15, 07:00 am",0,0,1,0.0510573,1,0
"Apr 15, 08:00 am",0,0,1,0.0506618,1,6.3
"Apr 15, 09:00 am",0,0,1,0.0501864,1,801.6
"Apr 15, 10:00 am",0,5.55447,1,0.0500971,1,870.4
"Apr 15, 11:00 am",0,5.0502,1,0.0498567,1,904.4
"Apr 15, 12:00 pm",0,2.25209,0.499076,0.0495157,0.499076,918.6
"Apr 15, 01:00 pm",0,0,1,0.0492626,1,920.1
"Apr 15, 02:00 pm",0,0,1,0.0492556,1,909.6
"Apr 15, 03:00 pm",0,0,1,0.0493392,1,882.6
"Apr 15, 04:00 pm",0,0,1,0.0495117,1,829.8
"Apr 15, 05:00 pm",0,0,1,0.0498336,1,716.5
"Apr 15, 06:00 pm",0,0,1,0.0500595,1,340.5
"Apr 15, 07:00 pm",0,0,1,0.0502692,1,0
"Apr 15, 08:00 pm",0,0,1,0.050431,1,0
"Apr 15, 09:00 pm",0,0,1,0.0505447,1,0
"Apr 15, 10:00 pm",0,0,1,0.0506264,1,0
"Apr 15, 11:00 pm",0,0,1,0.0507081,1,0
"Apr 16, 12:00 am",0,0,1,0.0508057,1,0
"Apr 16, 01:00 am",0,0,1,0.0508073,1,0
"Apr 16, 02:00 am",0,0,1,0.050857,1,0
"Apr 16, 03:00 am",0,0,1,0.0509066,1,0
"Apr 16, 04:00 am",0,0,1,0.0509402,1,0
"Apr 16, 05:00 am",0,0,1,0.0511178,1,0
"Apr 16, 06:00 am",2866.6,0,1,0.0514651,1,0
"Apr 16, 07:00 am",2866.6,0,1,0.0515186,1,0
"Apr 16, 08:00 am",2866.62,0,1,0.0513316,1,6.3
"Apr 16, 09:00 am",2184.68,0,1,0.0509108,1,8
"Apr 16, 10:00 am",0,0,1,0.0505929,1,8.6
"Apr 16, 11:00 am",0,0,1,0.0502495,1,9
"Apr 16, 12:00 pm",1801.49,2.5683,1,0.0499618,1,909.9
"Apr 16, 01:00 pm",2866.59,4.2785,1,0.0498457,1,909.3
"Apr 16, 02:00 pm",2866.59,4.31033,1,0.0500108,1,896.8
"Apr 16, 03:00 pm",2866.59,4.66407,1,0.050172,1,871.5
"Apr 16, 04:00 pm",2866.59,3.7429,1,0.0503426,1,819.6
"Apr 16, 05:00 pm",2866.56,0.399942,1,0.0506788,1,705.7
"Apr 16, 06:00 pm",2710.55,0.228941,1,0.0508995,1,316.5
"Apr 16, 07:00 pm",0,0,1,0.0510983,1,0
"Apr 16, 08:00 pm",0,0,1,0.0512197,1,0
"Apr 16, 09:00 pm",0,0,1,0.0513089,1,0
"Apr 16, 10:00 pm",0,0,1,0.0513819,1,0
"Apr 16, 11:00 pm",0,0,1,0.0514305,1,0
"Apr 17, 12:00 am",0,0,1,0.0515247,1,0
"Apr 17, 01:00 am",0,0,1,0.051593,1,0
"Apr 17, 02:00 am",0,0,1,0.0516453,1,0
"Apr 17, 03:00 am",0,0,1,0.0516815,1,0
"Apr 17, 04:00 am",0,0,1,0.0517818,1,0
"Apr 17, 05:00 am",0,0,1,0.05185,1,0
"Apr 17, 06:00 am",0,0,1,0.0517102,1,0
"Apr 17, 07:00 am",0,0,1,0.0514105,1,0
"Apr 17, 08:00 am",94.5651,0,1,0.0510163,1,642.2
"Apr 17, 09:00 am",2866.59,4.91893,1,0.0505123,1,814.5
"Apr 17, 10:00 am",2866.59,5.3117,1,0.050227,1,883.5
"Apr 17, 11:00 am",2866.59,5.04398,1,0.049894,1,917.3
"Apr 17, 12:00 pm",2866.59,4.6536,1,0.0496105,1,930.8
"Apr 17, 01:00 pm",2866.56,4.35407,1,0.049411,1,931.7
"Apr 17, 02:00 pm",2866.55,4.39687,1,0.0494689,1,920.5
"Apr 17, 03:00 pm",2866.56,4.69595,0.986309,0.0496332,0.986309,894.3
"Apr 17, 04:00 pm",2867.29,2.98676,0.799484,0.0498208,0.799484,842.3
"Apr 17, 05:00 pm",2866.56,0.398658,1,0.0502898,1,726.8
"Apr 17, 06:00 pm",2761.17,0.229284,1,0.0507151,1,312.5
"Apr 17, 07:00 pm",2866.62,0,1,0.0509901,1,0
"Apr 17, 08:00 pm",2866.65,0,1,0.0512105,1,0
"Apr 17, 09:00 pm",0,0,1,0.0513279,1,0
"Apr 17, 10:00 pm",0,0,1,0.051417,1,0
"Apr 17, 11:00 pm",0,0,1,0.0514899,1,0
"Apr 18, 12:00 am",0,0,1,0.0515467,1,0
"Apr 18, 01:00 am",0,0,1,0.0515874,1,0
"Apr 18, 02:00 am",0,0,1,0.0516062,1,0
"Apr 18, 03:00 am",0,0,1,0.0516549,1,0
"Apr 18, 04:00 am",0,0,1,0.0517551,1,0
"Apr 18, 05:00 am",0,0,1,0.0519194,1,0
"Apr 18, 06:00 am",0,0,1,0.0519716,1,0
"Apr 18, 07:00 am",0,0,1,0.0517038,1,0
"Apr 18, 08:00 am",88.6018,0,1,0.0512772,1,648.7
"Apr 18, 09:00 am",2866.59,4.93044,1,0.0507901,1,822.9
"Apr 18, 10:00 am",2866.59,5.33397,1,0.0503941,1,891.6
"Apr 18, 11:00 am",2866.59,5.04931,1,0.0500449,1,924.6
"Apr 18, 12:00 pm",2866.59,4.64034,1,0.0498086,1,936.2
"Apr 18, 01:00 pm",2866.56,4.33019,1,0.0496561,1,935.4
"Apr 18, 02:00 pm",2866.55,4.37185,1,0.0497292,1,922.9
"Apr 18, 03:00 pm",2866.44,4.62289,0.976808,0.0498603,0.976808,895
"Apr 18, 04:00 pm",2867.3,2.98678,0.812017,0.050047,0.812017,840.8
"Apr 18, 05:00 pm",2866.56,0.398551,1,0.0505328,1,722.2
"Apr 18, 06:00 pm",2760.73,0.228964,1,0.0509247,1,303.6
"Apr 18, 07:00 pm",2866.62,0,1,0.0512226,1,0
"Apr 18, 08:00 pm",2866.65,0,1,0.0513893,1,0
"Apr 18, 09:00 pm",0,0,1,0.0515206,1,0
"Apr 18, 10:00 pm",0,0,1,0.0516094,1,0
"Apr 18, 11:00 pm",0,0,1,0.0516501,1,0
"Apr 19, 12:00 am",0,0,1,0.0516907,1,0
"Apr 19, 01:00 am",0,0,1,0.0517152,1,0
"Apr 19, 02:00 am",0,0,1,0.0517027,1,0
"Apr 19, 03:00 am",0,0,1,0.05172,1,0
"Apr 19, 04:00 am",0,0,1,0.0517243,1,0
"Apr 19, 05:00 am",0,0,1,0.0517925,1,0
"Apr 19, 06:00 am",0,0,1,0.0518447,1,0
"Apr 19, 07:00 am",0,0,1,0.051609,1,0
"Apr 19, 08:00 am",88.0576,0,1,0.0513423,1,611.4
"Apr 19, 09:00 am",2388.78,4.04748,1,0.0509894,1,790.5
"Apr 19, 10:00 am",2866.59,5.12711,1,0.0507515,1,861
"Apr 19, 11:00 am",2866.59,4.8425,1,0.0504438,1,895.7
"Apr 19, 12:00 pm",2866.59,4.45883,1,0.0502017,1,909
"Apr 19, 01:00 pm",2866.59,4.16176,1,0.0499989,1,909.5
"Apr 19, 02:00 pm",2866.56,4.20926,1,0.050073,1,897.4
"Apr 19, 03:00 pm",2866.54,4.58375,1,0.0501449,1,871.6
"Apr 19, 04:00 pm",2866.54,3.57649,1,0.050297,1,818.9
"Apr 19, 05:00 pm",2866.56,0.398119,1,0.050658,1,700.5
"Apr 19, 06:00 pm",2767.66,0.228034,1,0.0509991,1,270.3
"Apr 19, 07:00 pm",2866.62,0,1,0.0512897,1,0
"Apr 19, 08:00 pm",2269.48,0,1,0.0515107,1,0
"Apr 19, 09:00 pm",0,0,1,0.0516196,1,0
"Apr 19, 10:00 pm",0,0,1,0.0517067,1,0
"Apr 19, 11:00 pm",0,0,1,0.0517457,1,0
"Apr 20, 12:00 am",0,0,1,0.0517686,1,0
"Apr 20, 01:00 am",0,0,1,0.0517594,1,0
"Apr 20, 02:00 am",0,0,1,0.0517588,1,0
"Apr 20, 03:00 am",0,0,1,0.0518049,1,0
"Apr 20, 04:00 am",0,0,1,0.0518892,1,0
"Apr 20, 05:00 am",0,0,1,0.0519735,1,0
"Apr 20, 06:00 am",0,0,1,0.0520578,1,0
"Apr 20, 07:00 am",0,0,1,0.051822,1,0
"Apr 20, 08:00 am",0,0,1,0.0515384,1,643.2
"Apr 20, 09:00 am",2866.59,4.7531,1,0.0511621,1,819.6
"Apr 20, 10:00 am",2866.59,5.25191,1,0.0508064,1,887.8
"Apr 20, 11:00 am",2866.59,4.95106,1,0.0504461,1,920.2
"Apr 20, 12:00 pm",2866.59,4.53799,1,0.050228,1,932.4
"Apr 20, 01:00 pm",2866.59,4.23131,1,0.0500771,1,932.3
"Apr 20, 02:00 pm",2866.55,4.28342,1,0.0501528,1,919.7
"Apr 20, 03:00 pm",2866.54,4.67168,1,0.050289,1,893.1
"Apr 20, 04:00 pm",2866.49,3.5872,0.993604,0.0505023,0.993604,839.1
"Apr 20, 05:00 pm",2866.56,0.398218,1,0.0509591,1,718
"Apr 20, 06:00 pm",2759.59,0.227953,1,0.0513471,1,265.1
"Apr 20, 07:00 pm",2866.62,0,1,0.0515789,1,0
"Apr 20, 08:00 pm",2866.65,0,1,0.0517283,1,0
"Apr 20, 09:00 pm",0,0,1,0.0518268,1,0
"Apr 20, 10:00 pm",0,0,1,0.0518992,1,0
"Apr 20, 11:00 pm",0,0,1,0.0519395,1,0
"Apr 21, 12:00 am",0,0,1,0.0519638,1,0
"Apr 21, 01:00 am",0,0,1,0.0519879,1,0
"Apr 21, 02:00 am",0,0,1,0.0520083,1,0
"Apr 21, 03:00 am",0,0,1,0.0520587,1,0
"Apr 21, 04:00 am",0,0,1,0.0521269,1,0
"Apr 21, 05:00 am",0,0,1,0.052227,1,0
"Apr 21, 06:00 am",0,0,1,0.0521031,1,0
"Apr 21, 07:00 am",0,0,1,0.0518193,1,0
"Apr 21, 08:00 am",0,0,1,0.0514716,1,635.7
"Apr 21, 09:00 am",0,4.16184,1,0.0512466,1,816.9
"Apr 21, 10:00 am",0,0.425904,1,0.0509339,1,8.9
"Apr 21, 11:00 am",0,4.43235,1,0.050631,1,921.4
"Apr 21, 12:00 pm",0,0.419495,1,0.050384,1,9.3
"Apr 21, 01:00 pm",0,0.262331,1,0.0499573,1,9.3
"Apr 21, 02:00 pm",0,0,1,0.049868,1,9.3
"Apr 21, 03:00 pm",0,0,1,0.0500145,1,9
"Apr 21, 04:00 pm",0,0,1,0.0502248,1,8.4
"Apr 21, 05:00 pm",0,0,1,0.0504669,1,7.2
"Apr 21, 06:00 pm",0,0,1,0.0506287,1,0
"Apr 21, 07:00 pm",0,0,1,0.0507904,1,0
"Apr 21, 08:00 pm",0,0,1,0.0508721,1,0
"Apr 21, 09:00 pm",0,0,1,0.0509458,1,0
"Apr 21, 10:00 pm",0,0,1,0.0510115,1,0
"Apr 21, 11:00 pm",0,0,1,0.0510451,1,0
"Apr 22, 12:00 am",0,0,1,0.0510788,1,0
"Apr 22, 01:00 am",0,0,1,0.0510804,1,0
"Apr 22, 02:00 am",0,0,1,0.0510923,1,0
"Apr 22, 03:00 am",0,0,1,0.0511033,1,0
"Apr 22, 04:00 am",0,0,1,0.0510393,1,0
"Apr 22, 05:00 am",0,0,1,0.0510873,1,0
"Apr 22, 06:00 am",0,0,1,0.0511993,1,0
"Apr 22, 07:00 am",0,0,1,0.0511193,1,0
"Apr 22, 08:00 am",0,0,1,0.0510393,1,6.1
"Apr 22, 09:00 am",0,0,1,0.0507513,1,7.8
"Apr 22, 10:00 am",0,0,1,0.0505913,1,8.5
"Apr 22, 11:00 am",0,0,1,0.0505114,1,8.8
"Apr 22, 12:00 pm",0,0,1,0.0504474,1,9
"Apr 22, 01:00 pm",0,0,1,0.0504794,1,9
"Apr 22, 02:00 pm",0,0,1,0.0505114,1,8.9
"Apr 22, 03:00 pm",0,0,1,0.0506073,1,8.6
"Apr 22, 04:00 pm",0,0,1,0.0507194,1,8.1
"Apr 22, 05:00 pm",0,0,1,0.0508314,1,6.8
"Apr 22, 06:00 pm",0,0,1,0.0509273,1,0
"Apr 22, 07:00 pm",0,0,1,0.0510873,1,0
"Apr 22, 08:00 pm",0,0,1,0.0511513,1,0
"Apr 22, 09:00 pm",0,0,1,0.0512473,1,0
"Apr 22, 10:00 pm",0,0,1,0.0512953,1,0
"Apr 22, 11:00 pm",0,0,1,0.0515993,1,0
"Apr 23, 12:00 am",0,0,1,0.0519353,1,0
"Apr 23, 01:00 am",0,0,1,0.0518073,1,0
"Apr 23, 02:00 am",0,0,1,0.0517113,1,0
"Apr 23, 03:00 am",0,0,1,0.0516313,1,0
"Apr 23, 04:00 am",0,0,1,0.0515673,1,0
"Apr 23, 05:00 am",0,0,1,0.0515673,1,0
"Apr 23, 06:00 am",2820.18,0,1,0.0516834,1,0
"Apr 23, 07:00 am",2820.18,0,1,0.0517512,1,0
"Apr 23, 08:00 am",2820.21,0,1,0.0517831,1,6
"Apr 23, 09:00 am",205.332,0,1,0.0515738,1,7.9
"Apr 23, 10:00 am",0,0,1,0.0511488,1,8.6
"Apr 23, 11:00 am",0,0,1,0.0506573,1,8.9
"Apr 23, 12:00 pm",0,0,1,0.050566,1,9.1
"Apr 23, 01:00 pm",0,0,1,0.0506506,1,9.1
"Apr 23, 02:00 pm",0,0,1,0.0507512,1,9
"Apr 23, 03:00 pm",0,0,1,0.0508998,1,8.7
"Apr 23, 04:00 pm",0,0,1,0.0511123,1,8.1
"Apr 23, 05:00 pm",0,0,1,0.0513087,1,6.8
"Apr 23, 06:00 pm",0,0,1,0.0513772,1,0
"Apr 23, 07:00 pm",0,0,1,0.0515896,1,0
"Apr 23, 08:00 pm",0,0,1,0.0517219,1,0
"Apr 23, 09:00 pm",0,0,1,0.0518862,1,0
"Apr 23, 10:00 pm",0,0,1,0.0519865,1,0
"Apr 23, 11:00 pm",0,0,1,0.0520868,1,0
"Apr 24, 12:00 am",0,0,1,0.052219,1,0
"Apr 24, 01:00 am",0,0,1,0.0521112,1,0
"Apr 24, 02:00 am",0,0,1,0.0520195,1,0
"Apr 24, 03:00 am",0,0,1,0.0518958,1,0
"Apr 24, 04:00 am",0,0,1,0.0517561,1,0
"Apr 24, 05:00 am",0,0,1,0.0516964,1,0
"Apr 24, 06:00 am",0,0,1,0.0516048,1,0
"Apr 24, 07:00 am",0,0,1,0.0514172,1,0
"Apr 24, 08:00 am",0,0,1,0.0511817,1,596.7
"Apr 24, 09:00 am",1340.53,2.15061,1,0.0507702,1,789.6
"Apr 24, 10:00 am",2866.59,5.00442,1,0.0504597,1,864.2
"Apr 24, 11:00 am",2866.59,4.69613,1,0.0503033,1,900.7
"Apr 24, 12:00 pm",2866.59,4.29569,1,0.0501765,1,915.8
"Apr 24, 01:00 pm",2866.59,3.9998,1,0.050111,1,917.6
"Apr 24, 02:00 pm",2866.59,4.07853,1,0.0502416,1,906.7
"Apr 24, 03:00 pm",2866.59,4.49527,1,0.0504202,1,879.8
"Apr 24, 04:00 pm",2866.56,3.316,1,0.0506599,1,824.3
"Apr 24, 05:00 pm",2866.56,0.398228,1,0.0511406,1,695.4
"Apr 24, 06:00 pm",2733.49,0.227426,1,0.0515197,1,0
"Apr 24, 07:00 pm",2866.63,0,1,0.0518207,1,0
"Apr 24, 08:00 pm",404.1,0,1,0.051998,1,0
"Apr 24, 09:00 pm",0,0,1,0.0521388,1,0
"Apr 24, 10:00 pm",0,0,1,0.0522569,1,0
"Apr 24, 11:00 pm",0,0,1,0.052359,1,0
"Apr 25, 12:00 am",0,0,1,0.0524382,1,0
"Apr 25, 01:00 am",0,0,1,0.0525485,1,0
"Apr 25, 02:00 am",0,0,1,0.0524247,1,0
"Apr 25, 03:00 am",0,0,1,0.0522848,1,0
"Apr 25, 04:00 am",0,0,1,0.052145,1,0
"Apr 25, 05:00 am",0,0,1,0.0520053,1,0
"Apr 25, 06:00 am",0,0,1,0.0519135,1,0
"Apr 25, 07:00 am",0,0,1,0.0517099,1,0
"Apr 25, 08:00 am",0,0,1,0.0513943,1,596.7
"Apr 25, 09:00 am",477.725,1.86946,1,0.0510121,1,790.5
"Apr 25, 10:00 am",2866.59,4.95791,1,0.050988,1,864.8
"Apr 25, 11:00 am",2866.59,4.66029,1,0.050752,1,900.3
"Apr 25, 12:00 pm",2866.59,4.25547,1,0.0505498,1,915.5
"Apr 25, 01:00 pm",2866.59,3.9606,1,0.0503632,1,917.2
"Apr 25, 02:00 pm",2866.59,4.04092,1,0.0504273,1,906.1
"Apr 25, 03:00 pm",2866.56,4.45938,1,0.0505239,1,878.4
"Apr 25, 04:00 pm",2866.56,3.2556,1,0.0507044,1,821.8
"Apr 25, 05:00 pm",2866.56,0.399101,1,0.0511358,1,689.9
"Apr 25, 06:00 pm",2783.28,0.228777,1,0.0514638,1,0
"Apr 25, 07:00 pm",2866.66,0,1,0.0517531,1,0
"Apr 25, 08:00 pm",651.155,0,1,0.0519135,1,0
"Apr 25, 09:00 pm",0,0,1,0.0520571,1,0
"Apr 25, 10:00 pm",0,0,1,0.0521594,1,0
"Apr 25, 11:00 pm",0,0,1,0.0522137,1,0
"Apr 26, 12:00 am",0,0,1,0.0522678,1,0
"Apr 26, 01:00 am",0,0,1,0.0523059,1,0
"Apr 26, 02:00 am",0,0,1,0.0523601,1,0
"Apr 26, 03:00 am",0,0,1,0.0524295,1,0
"Apr 26, 04:00 am",0,0,1,0.0524656,1,0
"Apr 26, 05:00 am",0,0,1,0.0525657,1,0
"Apr 26, 06:00 am",0,0,1,0.0523779,1,0
"Apr 26, 07:00 am",0,0,1,0.0520781,1,0
"Apr 26, 08:00 am",0,0,1,0.0516664,1,610.4
"Apr 26, 09:00 am",477.725,1.91467,1,0.0511419,1,808.6
"Apr 26, 10:00 am",2866.59,5.0566,1,0.0508779,1,885.1
"Apr 26, 11:00 am",2866.59,4.74477,1,0.0504638,1,922.1
"Apr 26, 12:00 pm",2866.59,4.32476,1,0.0501319,1,937.4
"Apr 26, 01:00 pm",2866.59,4.01998,1,0.0498648,1,939.2
"Apr 26, 02:00 pm",2866.59,4.11076,1,0.0497057,1,928.3
"Apr 26, 03:00 pm",2866.55,4.54492,1,0.0498202,1,900.2
"Apr 26, 04:00 pm",2866.55,3.30359,1,0.0500815,1,843
"Apr 26, 05:00 pm",2866.56,0.398671,1,0.0505601,1,709.2
"Apr 26, 06:00 pm",2791.5,0.228975,1,0.0509811,1,0
"Apr 26, 07:00 pm",2866.65,0,1,0.051348,1,0
"Apr 26, 08:00 pm",1184.72,0,1,0.0515633,1,0
"Apr 26, 09:00 pm",0,0,1,0.0517611,1,0
"Apr 26, 10:00 pm",0,0,1,0.0518799,1,0
"Apr 26, 11:00 pm",0,0,1,0.0519825,1,0
"Apr 27, 12:00 am",0,0,1,0.052149,1,0
"Apr 27, 01:00 am",0,0,1,0.0521553,1,0
"Apr 27, 02:00 am",0,0,1,0.0521935,1,0
"Apr 27, 03:00 am",0,0,1,0.0522145,1,0
"Apr 27, 04:00 am",0,0,1,0.0522664,1,0
"Apr 27, 05:00 am",0,0,1,0.0523666,1,0
"Apr 27, 06:00 am",0,0,1,0.0521308,1,0
"Apr 27, 07:00 am",0,0,1,0.0517831,1,0
"Apr 27, 08:00 am",0,0,1,0.0512435,1,620.5
"Apr 27, 09:00 am",477.725,1.91253,1,0.0505592,1,817.3
"Apr 27, 10:00 am",2866.59,5.06082,1,0.0503278,1,890.3
"Apr 27, 11:00 am",2866.59,4.72149,1,0.049914,1,924.2
"Apr 27, 12:00 pm",2866.59,4.29158,1,0.0495661,1,938.6
"Apr 27, 01:00 pm",2866.59,3.98252,1,0.049251,1,939.1
"Apr 27, 02:00 pm",2866.59,4.07861,1,0.0490097,1,927
"Apr 27, 03:00 pm",2866.55,4.50183,1,0.0491384,1,898.5
"Apr 27, 04:00 pm",2866.55,3.24042,1,0.0494479,1,840
"Apr 27, 05:00 pm",2866.56,0.399449,1,0.0500297,1,703.9
"Apr 27, 06:00 pm",2790.44,0.230014,1,0.0504716,1,0
"Apr 27, 07:00 pm",2866.65,0,1,0.050784,1,0
"Apr 27, 08:00 pm",1030.38,0,1,0.0510103,1,0
"Apr 27, 09:00 pm",0,0,1,0.0511905,1,0
"Apr 27, 10:00 pm",0,0,1,0.051358,1,0
"Apr 27, 11:00 pm",0,0,1,0.0514773,1,0
"Apr 28, 12:00 am",0,0,1,0.0515804,1,0
"Apr 28, 01:00 am",0,0,1,0.0516354,1,0
"Apr 28, 02:00 am",0,0,1,0.0516903,1,0
"Apr 28, 03:00 am",0,0,1,0.0517616,1,0
"Apr 28, 04:00 am",0,0,1,0.0518475,1,0
"Apr 28, 05:00 am",0,0,1,0.0519478,1,0
"Apr 28, 06:00 am",0,0,1,0.0518561,1,0
"Apr 28, 07:00 am",0,0,1,0.0516684,1,0
"Apr 28, 08:00 am",0,0,1,0.0512728,1,6.1
"Apr 28, 09:00 am",0,0,1,0.0507653,1,8.1
"Apr 28, 10:00 am",0,0,1,0.050402,1,8.8
"Apr 28, 11:00 am",0,1.08601,1,0.0500966,1,914.9
"Apr 28, 12:00 pm",0,4.3331,1,0.0504093,1,926
"Apr 28, 01:00 pm",0,3.88917,1,0.050336,1,923.7
"Apr 28, 02:00 pm",0,3.54095,0.899002,0.0502409,0.899002,908.7
"Apr 28, 03:00 pm",0,0,1,0.0503414,1,877.3
"Apr 28, 04:00 pm",0,0,1,0.050525,1,815.3
"Apr 28, 05:00 pm",0,0,1,0.0508841,1,672.8
"Apr 28, 06:00 pm",0,0,1,0.051083,1,0
"Apr 28, 07:00 pm",0,0,1,0.0512335,1,0
"Apr 28, 08:00 pm",0,0,1,0.051352,1,0
"Apr 28, 09:00 pm",0,0,1,0.0514752,1,0
"Apr 28, 10:00 pm",0,0,1,0.0515879,1,0
"Apr 28, 11:00 pm",0,0,1,0.0517014,1,0
"Apr 29, 12:00 am",0,0,1,0.0518628,1,0
"Apr 29, 01:00 am",0,0,1,0.0518961,1,0
"Apr 29, 02:00 am",0,0,1,0.0519615,1,0
"Apr 29, 03:00 am",0,0,1,0.0520108,1,0
"Apr 29, 04:00 am",0,0,1,0.0520442,1,0
"Apr 29, 05:00 am",0,0,1,0.0521415,1,0
"Apr 29, 06:00 am",0,0,1,0.0519828,1,0
"Apr 29, 07:00 am",0,0,1,0.0517282,1,0
"Apr 29, 08:00 am",0,0,1,0.0514897,1,577
"Apr 29, 09:00 am",0,0,1,0.0511872,1,778
"Apr 29, 10:00 am",0,0,1,0.0508208,1,850.5
"Apr 29, 11:00 am",0,0,1,0.0504705,1,8.8
"Apr 29, 12:00 pm",0,0,1,0.0502322,1,896.1
"Apr 29, 01:00 pm",0,0,1,0.05009,1,894.8
"Apr 29, 02:00 pm",0,0,1,0.0500918,1,879.9
"Apr 29, 03:00 pm",0,0,1,0.0502056,1,849.2
"Apr 29, 04:00 pm",0,0,1,0.0503514,1,787.1
"Apr 29, 05:00 pm",0,0,1,0.0505931,1,642.7
"Apr 29, 06:00 pm",0,0,1,0.0507708,1,0
"Apr 29, 07:00 pm",0,0,1,0.0509324,1,0
"Apr 29, 08:00 pm",0,0,1,0.051062,1,0
"Apr 29, 09:00 pm",0,0,1,0.0511116,1,0
"Apr 29, 10:00 pm",0,0,1,0.0511452,1,0
"Apr 29, 11:00 pm",0,0,1,0.0511627,1,0
"Apr 30, 12:00 am",0,0,1,0.0512283,1,0
"Apr 30, 01:00 am",0,0,1,0.0512618,1,0
"Apr 30, 02:00 am",0,0,1,0.0512793,1,0
"Apr 30, 03:00 am",0,0,1,0.0512969,1,0
"Apr 30, 04:00 am",0,0,1,0.0513464,1,0
"Apr 30, 05:00 am",0,0,1,0.0514279,1,0
"Apr 30, 06:00 am",2868.83,0,1,0.0516046,1,0
"Apr 30, 07:00 am",2861.14,0,1,0.0516442,1,0
"Apr 30, 08:00 am",2850.61,0,1,0.0514717,1,5.6
"Apr 30, 09:00 am",1803.84,0,1,0.0511089,1,7.6
"Apr 30, 10:00 am",0,0,1,0.0508768,1,8.4
"Apr 30, 11:00 am",0,0,1,0.050637,1,8.8
"Apr 30, 12:00 pm",0,0,1,0.0505137,1,8.9
"Apr 30, 01:00 pm",0,0,1,0.0504383,1,8.9
"Apr 30, 02:00 pm",0,0,1,0.050411,1,8.8
"Apr 30, 03:00 pm",0,0,1,0.0505116,1,8.4
"Apr 30, 04:00 pm",798,0.83125,1,0.0507402,1,779.9
"Apr 30, 05:00 pm",346.109,0.36053,1,0.0510488,1,631.8
"Apr 30, 06:00 pm",212.381,0.22123,1,0.0512293,1,0
"Apr 30, 07:00 pm",0,0,1,0.0513777,1,0
"Apr 30, 08:00 pm",0,0,1,0.0515101,1,0
"Apr 30, 09:00 pm",0,0,1,0.0515945,1,0
"Apr 30, 10:00 pm",0,0,1,0.0516628,1,0
"Apr 30, 11:00 pm",0,0,1,0.0517312,1,0
"May 1, 12:00 am",0,0,1,0.0509836,1,0
"May 1, 01:00 am",0,0,1,0.0511161,1,0
"May 1, 02:00 am",0,0,1,0.0512166,1,0
"May 1, 03:00 am",0,0,1,0.0513651,1,0
"May 1, 04:00 am",0,0,1,0.0514975,1,0
"May 1, 05:00 am",0,0,1,0.0516139,1,0
"May 1, 06:00 am",0,0,1,0.0517622,1,0
"May 1, 07:00 am",0,0,1,0.0515106,1,0
"May 1, 08:00 am",0,0,1,0.051099,1,576.6
"May 1, 09:00 am",477.725,1.68182,1,0.0505802,1,785.7
"May 1, 10:00 am",2866.59,4.7616,1,0.0503655,1,861.3
"May 1, 11:00 am",2866.59,4.44224,1,0.0500267,1,896.1
"May 1, 12:00 pm",2866.59,3.99296,1,0.0497161,1,909.1
"May 1, 01:00 pm",2866.59,3.69604,1,0.049515,1,907.8
"May 1, 02:00 pm",2866.59,3.78549,1,0.0495963,1,893.6
"May 1, 03:00 pm",2866.59,4.20583,1,0.0497476,1,861.8
"May 1, 04:00 pm",2866.53,2.87865,1,0.0500011,1,798.1
"May 1, 05:00 pm",2866.56,0.39923,1,0.0504646,1,648.7
"May 1, 06:00 pm",2755.27,0.230051,1,0.0507859,1,0
"May 1, 07:00 pm",1775.22,0,1,0.0509826,1,0
"May 1, 08:00 pm",0,0,1,0.0511311,1,0
"May 1, 09:00 pm",0,0,1,0.0512346,1,0
"May 1, 10:00 pm",0,0,1,0.051338,1,0
"May 1, 11:00 pm",0,0,1,0.0514252,1,0
"May 2, 12:00 am",0,0,1,0.0513843,1,0
"May 2, 01:00 am",0,0,1,0.0514893,1,0
"May 2, 02:00 am",0,0,1,0.0515449,1,0
"May 2, 03:00 am",0,0,1,0.0516773,1,0
"May 2, 04:00 am",0,0,1,0.0517936,1,0
"May 2, 05:00 am",0,0,1,0.0518939,1,0
"May 2, 06:00 am",0,0,1,0.0519782,1,0
"May 2, 07:00 am",0,0,1,0.0517425,1,0
"May 2, 08:00 am",0,0,1,0.0513149,1,5.6
"May 2, 09:00 am",0,0,1,0.0507915,1,7.7
"May 2, 10:00 am",0,0,1,0.0503801,1,8.5
"May 2, 11:00 am",477.725,1.77659,1,0.0499811,1,883
"May 2, 12:00 pm",2866.59,3.87893,1,0.0499682,1,897.7
"May 2, 01:00 pm",2866.59,3.61907,1,0.0497961,1,898.1
"May 2, 02:00 pm",2866.59,3.71387,1,0.0496909,1,884.8
"May 2, 03:00 pm",2866.59,4.12796,1,0.0498561,1,852.8
"May 2, 04:00 pm",2866.53,2.80538,1,0.0501186,1,788.6
"May 2, 05:00 pm",2866.56,0.399346,1,0.0505401,1,636.4
"May 2, 06:00 pm",1423.67,0.230073,1,0.0507526,1,0
"May 2, 07:00 pm",0,0,1,0.0508807,1,0
"May 2, 08:00 pm",0,0,1,0.0509844,1,0
"May 2, 09:00 pm",0,0,1,0.05104,1,0
"May 2, 10:00 pm",0,0,1,0.0510795,1,0
"May 2, 11:00 pm",0,0,1,0.0511527,1,0
"May 3, 12:00 am",0,0,1,0.0511604,1,0
"May 3, 01:00 am",0,0,1,0.0512768,1,0
"May 3, 02:00 am",0,0,1,0.0513773,1,0
"May 3, 03:00 am",0,0,1,0.0515417,1,0
"May 3, 04:00 am",0,0,1,0.0517221,1,0
"May 3, 05:00 am",0,0,1,0.0517904,1,0
"May 3, 06:00 am",0,0,1,0.0519227,1,0
"May 3, 07:00 am",0,0,1,0.051703,1,0
"May 3, 08:00 am",0,0,1,0.0512115,1,536
"May 3, 09:00 am",477.725,1.48645,1,0.0506031,1,756.4
"May 3, 10:00 am",2866.59,4.55187,1,0.0502453,1,837.1
"May 3, 11:00 am",2866.59,4.2621,1,0.0499467,1,875.1
"May 3, 12:00 pm",2866.59,3.8408,1,0.0496596,1,889.6
"May 3, 01:00 pm",2866.59,3.53965,1,0.049667,1,889.6
"May 3, 02:00 pm",2866.59,3.64598,1,0.049717,1,875.5
"May 3, 03:00 pm",2866.59,4.05678,1,0.0498406,1,842.9
"May 3, 04:00 pm",2866.53,2.71316,1,0.0500565,1,777.2
"May 3, 05:00 pm",2866.56,0.39824,1,0.0504658,1,621
"May 3, 06:00 pm",2720.83,0.229123,1,0.0507439,1,0
"May 3, 07:00 pm",545.675,0,1,0.0508714,1,0
"May 3, 08:00 pm",0,0,1,0.0509542,1,0
"May 3, 09:00 pm",0,0,1,0.0509778,1,0
"May 3, 10:00 pm",0,0,1,0.0510014,1,0
"May 3, 11:00 pm",0,0,1,0.051067,1,0
"May 4, 12:00 am",0,0,1,0.051035,1,0
"May 4, 01:00 am",0,0,1,0.0511195,1,0
"May 4, 02:00 am",0,0,1,0.051172,1,0
"May 4, 03:00 am",0,0,1,0.0512724,1,0
"May 4, 04:00 am",0,0,1,0.0513409,1,0
"May 4, 05:00 am",0,0,1,0.0513773,1,0
"May 4, 06:00 am",0,0,1,0.0515098,1,0
"May 4, 07:00 am",0,0,1,0.0514022,1,0
"May 4, 08:00 am",0,0,1,0.0512147,1,5.2
"May 4, 09:00 am",477.725,1.39556,1,0.0508745,1,739.6
"May 4, 10:00 am",2866.59,4.424,1,0.0506227,1,821.3
"May 4, 11:00 am",2866.59,4.15133,1,0.0503579,1,859.4
"May 4, 12:00 pm",2869.06,0.405085,1,0.0501596,1,8.8
"May 4, 01:00 pm",2866.53,2.95164,1,0.0500289,1,876.4
"May 4, 02:00 pm",2866.59,3.5561,1,0.050013,1,863.2
"May 4, 03:00 pm",1255.46,0.403177,1,0.0501116,1,8.3
"May 4, 04:00 pm",231.746,0.241402,1,0.0502524,1,7.6
"May 4, 05:00 pm",92.0179,0.0958519,1,0.0504528,1,6.1
"May 4, 06:00 pm",0,0,1,0.0506175,1,0
"May 4, 07:00 pm",0,0,1,0.0507163,1,0
"May 4, 08:00 pm",0,0,1,0.0508329,1,0
"May 4, 09:00 pm",0,0,1,0.0509015,1,0
"May 4, 10:00 pm",0,0,1,0.0509701,1,0
"May 4, 11:00 pm",0,0,1,0.0510546,1,0
"May 5, 12:00 am",0,0,1,0.0510591,1,0
"May 5, 01:00 am",0,0,1,0.0511277,1,0
"May 5, 02:00 am",0,0,1,0.0511642,1,0
"May 5, 03:00 am",0,0,1,0.0512487,1,0
"May 5, 04:00 am",0,0,1,0.0513011,1,0
"May 5, 05:00 am",0,0,1,0.0514016,1,0
"May 5, 06:00 am",0,0,1,0.05147,1,0
"May 5, 07:00 am",0,0,1,0.0513945,1,0
"May 5, 08:00 am",0,0,1,0.0511909,1,5.1
"May 5, 09:00 am",0,0,1,0.0508275,1,7.4
"May 5, 10:00 am",0,0,1,0.0504801,1,8.3
"May 5, 11:00 am",0,0,1,0.0502609,1,8.7
"May 5, 12:00 pm",0,0,1,0.0500954,1,8.9
"May 5, 01:00 pm",0,0,1,0.0500954,1,8.9
"May 5, 02:00 pm",0,0,1,0.0501114,1,8.7
"May 5, 03:00 pm",0,1.35191,1,0.050202,1,842.6
"May 5, 04:00 pm",0,2.5806,1,0.0506294,1,777.5
"May 5, 05:00 pm",0,0.440078,1,0.0509615,1,618.1
"May 5, 06:00 pm",0,0.259738,1,0.050941,1,0
"May 5, 07:00 pm",0,0,1,0.0508803,1,0
"May 5, 08:00 pm",0,0,1,0.050985,1,0
"May 5, 09:00 pm",0,0,1,0.0510233,1,0
"May 5, 10:00 pm",0,0,1,0.0511033,1,0
"May 5, 11:00 pm",0,0,1,0.0511993,1,0
"May 6, 12:00 am",0,0,1,0.0511993,1,0
"May 6, 01:00 am",0,0,1,0.0512953,1,0
"May 6, 02:00 am",0,0,1,0.0513273,1,0
"May 6, 03:00 am",0,0,1,0.0513753,1,0
"May 6, 04:00 am",0,0,1,0.0514393,1,0
"May 6, 05:00 am",0,0,1,0.0515033,1,0
"May 6, 06:00 am",0,0,1,0.0515513,1,0
"May 6, 07:00 am",0,0,1,0.0513433,1,0
"May 6, 08:00 am",0,0,1,0.0509593,1,5.6
"May 6, 09:00 am",0,1.47132,1,0.0504693,1,780.1
"May 6, 10:00 am",0,4.63737,1,0.0500679,1,862.7
"May 6, 11:00 am",0,2.01776,0.488275,0.0497689,0.488275,901.3
"May 6, 12:00 pm",0,0,1,0.0494117,1,916.3
"May 6, 01:00 pm",0,0,1,0.0492057,1,916.5
"May 6, 02:00 pm",0,0,1,0.0492397,1,903.1
"May 6, 03:00 pm",0,0,1,0.0493697,1,869
"May 6, 04:00 pm",0,0,1,0.0496916,1,801.4
"May 6, 05:00 pm",0,0,1,0.0500775,1,638.8
"May 6, 06:00 pm",0,0,1,0.0503673,1,0
"May 6, 07:00 pm",0,0,1,0.050561,1,0
"May 6, 08:00 pm",0,0,1,0.0507067,1,0
"May 6, 09:00 pm",0,0,1,0.0508523,1,0
"May 6, 10:00 pm",0,0,1,0.0509979,1,0
"May 6, 11:00 pm",0,0,1,0.0511275,1,0
"May 7, 12:00 am",0,0,1,0.0511771,1,0
"May 7, 01:00 am",0,0,1,0.0512906,1,0
"May 7, 02:00 am",0,0,1,0.0513721,1,0
"May 7, 03:00 am",0,0,1,0.0515016,1,0
"May 7, 04:00 am",0,0,1,0.0515831,1,0
"May 7, 05:00 am",0,0,1,0.0517125,1,0
"May 7, 06:00 am",2860.78,0,1,0.052065,1,0
"May 7, 07:00 am",2853.03,0,1,0.0520083,1,0
"May 7, 08:00 am",2842.46,0,1,0.0516757,1,546.3
"May 7, 09:00 am",2676.68,2.17801,1,0.0510733,1,780.3
"May 7, 10:00 am",2866.59,4.64591,1,0.0504861,1,864
"May 7, 11:00 am",2866.59,4.28728,1,0.0500961,1,903.3
"May 7, 12:00 pm",2866.59,3.82965,1,0.0497595,1,918.7
"May 7, 01:00 pm",2866.59,3.52802,1,0.0495027,1,919.8
"May 7, 02:00 pm",2866.59,3.6567,1,0.049303,1,907
"May 7, 03:00 pm",2866.59,4.09931,1,0.0494526,1,873.1
"May 7, 04:00 pm",2866.53,2.66547,1,0.0497987,1,805.1
"May 7, 05:00 pm",2867.7,0.398683,1,0.0502138,1,641.5
"May 7, 06:00 pm",2698.11,0.229859,1,0.0505464,1,0
"May 7, 07:00 pm",1274.61,0,1,0.0507708,1,0
"May 7, 08:00 pm",0,0,1,0.0509215,1,0
"May 7, 09:00 pm",0,0,1,0.0510574,1,0
"May 7, 10:00 pm",0,0,1,0.0511855,1,0
"May 7, 11:00 pm",0,0,1,0.0513279,1,0
"May 8, 12:00 am",0,0,1,0.0514763,1,0
"May 8, 01:00 am",0,0,1,0.0515767,1,0
"May 8, 02:00 am",0,0,1,0.051693,1,0
"May 8, 03:00 am",0,0,1,0.0518253,1,0
"May 8, 04:00 am",0,0,1,0.0519256,1,0
"May 8, 05:00 am",0,0,1,0.0520419,1,0
"May 8, 06:00 am",0,0,1,0.0521421,1,0
"May 8, 07:00 am",0,0,1,0.0518584,1,0
"May 8, 08:00 am",0,0,1,0.0513987,1,553.7
"May 8, 09:00 am",477.725,1.46432,1,0.0507901,1,790.6
"May 8, 10:00 am",2866.59,4.64607,1,0.0503288,1,875.3
"May 8, 11:00 am",2866.59,4.31757,1,0.0499107,1,915.5
"May 8, 12:00 pm",2866.59,3.84076,1,0.0495754,1,929.3
"May 8, 01:00 pm",2866.59,3.52988,1,0.0493103,1,928.8
"May 8, 02:00 pm",2866.59,3.66032,1,0.0491523,1,914.9
"May 8, 03:00 pm",2866.59,4.11425,1,0.0493107,1,880.8
"May 8, 04:00 pm",2866.53,2.64833,1,0.0496873,1,812.3
"May 8, 05:00 pm",2866.56,0.39872,1,0.0501323,1,646.5
"May 8, 06:00 pm",2730.56,0.229934,1,0.0504984,1,0
"May 8, 07:00 pm",809.66,0,1,0.0507409,1,0
"May 8, 08:00 pm",0,0,1,0.0509366,1,0
"May 8, 09:00 pm",0,0,1,0.0510564,1,0
"May 8, 10:00 pm",0,0,1,0.05116,1,0
"May 8, 11:00 pm",0,0,1,0.0512795,1,0
"May 9, 12:00 am",0,0,1,0.0513928,1,0
"May 9, 01:00 am",0,0,1,0.0514886,1,0
"May 9, 02:00 am",0,0,1,0.051605,1,0
"May 9, 03:00 am",0,0,1,0.0517534,1,0
"May 9, 04:00 am",0,0,1,0.0518697,1,0
"May 9, 05:00 am",0,0,1,0.0520499,1,0
"May 9, 06:00 am",0,0,1,0.0521502,1,0
"May 9, 07:00 am",0,0,1,0.0518184,1,0
"May 9, 08:00 am",0,0,1,0.0513108,1,545.5
"May 9, 09:00 am",477.725,1.41708,1,0.0506679,1,784.3
"May 9, 10:00 am",2866.59,4.57394,1,0.0502091,1,866.9
"May 9, 11:00 am",2866.59,4.22687,1,0.0497714,1,904.8
"May 9, 12:00 pm",2866.59,3.75921,1,0.0494222,1,918.9
"May 9, 01:00 pm",2866.59,3.45938,1,0.0491414,1,918.4
"May 9, 02:00 pm",2866.59,3.58552,1,0.0492538,1,904
"May 9, 03:00 pm",2866.59,4.03352,1,0.0494742,1,868.6
"May 9, 04:00 pm",2866.53,2.5537,1,0.0498536,1,798.4
"May 9, 05:00 pm",2866.56,0.398713,1,0.0503394,1,628.5
"May 9, 06:00 pm",2714.61,0.230013,1,0.0506806,1,0
"May 9, 07:00 pm",228.184,0,1,0.0508828,1,0
"May 9, 08:00 pm",0,0,1,0.0510545,1,0
"May 9, 09:00 pm",0,0,1,0.05119,1,0
"May 9, 10:00 pm",0,0,1,0.0513094,1,0
"May 9, 11:00 pm",0,0,1,0.051435,1,0
"May 10, 12:00 am",0,0,1,0.0515912,1,0
"May 10, 01:00 am",0,0,1,0.0517235,1,0
"May 10, 02:00 am",0,0,1,0.0518399,1,0
"May 10, 03:00 am",0,0,1,0.0519721,1,0
"May 10, 04:00 am",0,0,1,0.0520724,1,0
"May 10, 05:00 am",0,0,1,0.0522046,1,0
"May 10, 06:00 am",0,0,1,0.0520169,1,0
"May 10, 07:00 am",0,0,1,0.0517492,1,0
"May 10, 08:00 am",0,0,1,0.0513536,1,539
"May 10, 09:00 am",477.725,1.37635,1,0.0507567,1,780.2
"May 10, 10:00 am",2866.59,4.51566,1,0.0503266,1,862.2
"May 10, 11:00 am",2866.59,4.17039,1,0.04989,1,899.3
"May 10, 12:00 pm",2866.59,3.70646,1,0.0495086,1,914
"May 10, 01:00 pm",2866.59,3.40931,1,0.04921,1,913.9
"May 10, 02:00 pm",2866.59,3.53195,1,0.0490175,1,899.5
"May 10, 03:00 pm",2866.59,4.00527,1,0.0492075,1,866.5
"May 10, 04:00 pm",2866.53,2.51438,1,0.0495904,1,798.1
"May 10, 05:00 pm",2869.05,0.398781,1,0.0500831,1,627.3
"May 10, 06:00 pm",2565.48,0.230194,1,0.0504443,1,0
"May 10, 07:00 pm",0,0,1,0.0507061,1,0
"May 10, 08:00 pm",0,0,1,0.0508741,1,0
"May 10, 09:00 pm",0,0,1,0.0510418,1,0
"May 10, 10:00 pm",0,0,1,0.0511993,1,0
"May 10, 11:00 pm",0,0,1,0.0513393,1,0
"May 11, 12:00 am",0,0,1,0.0515037,1,0
"May 11, 01:00 am",0,0,1,0.0516041,1,0
"May 11, 02:00 am",0,0,1,0.0517204,1,0
"May 11, 03:00 am",0,0,1,0.0518528,1,0
"May 11, 04:00 am",0,0,1,0.0519531,1,0
"May 11, 05:00 am",0,0,1,0.0520533,1,0
"May 11, 06:00 am",0,0,1,0.0521536,1,0
"May 11, 07:00 am",0,0,1,0.0519018,1,0
"May 11, 08:00 am",0,0,1,0.0515222,1,528.8
"May 11, 09:00 am",477.725,1.34086,1,0.0509717,1,775.9
"May 11, 10:00 am",2866.59,4.47947,1,0.0505259,1,860.8
"May 11, 11:00 am",2866.59,4.13614,1,0.0501091,1,899.4
"May 11, 12:00 pm",2866.59,3.67077,1,0.0497464,1,911.8
"May 11, 01:00 pm",2866.59,3.35751,1,0.0494624,1,910.3
"May 11, 02:00 pm",2866.59,3.48594,1,0.0492841,1,894.5
"May 11, 03:00 pm",2866.59,3.94461,1,0.0494563,1,858.7
"May 11, 04:00 pm",2866.54,2.43919,1,0.0497776,1,787.2
"May 11, 05:00 pm",2868.17,0.398824,1,0.0502596,1,611.1
"May 11, 06:00 pm",2201.58,0.230071,1,0.0506017,1,0
"May 11, 07:00 pm",0,0,1,0.0508436,1,0
"May 11, 08:00 pm",0,0,1,0.0509793,1,0
"May 11, 09:00 pm",0,0,1,0.0511308,1,0
"May 11, 10:00 pm",0,0,1,0.0512675,1,0
"May 11, 11:00 pm",0,0,1,0.0513866,1,0
"May 12, 12:00 am",0,0,1,0.051503,1,0
"May 12, 01:00 am",0,0,1,0.0516194,1,0
"May 12, 02:00 am",0,0,1,0.0517357,1,0
"May 12, 03:00 am",0,0,1,0.0518521,1,0
"May 12, 04:00 am",0,0,1,0.0519684,1,0
"May 12, 05:00 am",0,0,1,0.0520526,1,0
"May 12, 06:00 am",0,0,1,0.0519609,1,0
"May 12, 07:00 am",0,0,1,0.0517892,1,0
"May 12, 08:00 am",0,0,1,0.0515056,1,5.3
"May 12, 09:00 am",0,1.32274,1,0.0511952,1,770.8
"May 12, 10:00 am",0,0.479053,1,0.0507797,1,8.6
"May 12, 11:00 am",0,0.264139,1,0.0502756,1,9
"May 12, 12:00 pm",0,2.41805,1,0.049984,1,909.1
"May 12, 01:00 pm",0,3.3467,1,0.0499061,1,907.7
"May 12, 02:00 pm",0,3.45298,1,0.0500692,1,892
"May 12, 03:00 pm",0,0.931925,0.272741,0.0502182,0.272741,857.3
"May 12, 04:00 pm",0,0,1,0.0504658,1,786.1
"May 12, 05:00 pm",0,0,1,0.0508329,1,608.9
"May 12, 06:00 pm",0,0,1,0.0510585,1,0
"May 12, 07:00 pm",0,0,1,0.0512361,1,0
"May 12, 08:00 pm",0,0,1,0.0513976,1,0
"May 12, 09:00 pm",0,0,1,0.0515751,1,0
"May 12, 10:00 pm",0,0,1,0.0517205,1,0
"May 12, 11:00 pm",0,0,1,0.0518339,1,0
"May 13, 12:00 am",0,0,1,0.0519313,1,0
"May 13, 01:00 am",0,0,1,0.0519967,1,0
"May 13, 02:00 am",0,0,1,0.052062,1,0
"May 13, 03:00 am",0,0,1,0.0521113,1,0
"May 13, 04:00 am",0,0,1,0.0521607,1,0
"May 13, 05:00 am",0,0,1,0.052242,1,0
"May 13, 06:00 am",0,0,1,0.0523073,1,0
"May 13, 07:00 am",0,0,1,0.0520686,1,0
"May 13, 08:00 am",0,0,1,0.051702,1,534.6
"May 13, 09:00 am",0,0,1,0.0511915,1,787.7
"May 13, 10:00 am",0,0,1,0.0505211,1,872.4
"May 13, 11:00 am",0,0,1,0.0500109,1,909.9
"May 13, 12:00 pm",0,0,1,0.0496328,1,917.6
"May 13, 01:00 pm",0,0,1,0.0493914,1,912.3
"May 13, 02:00 pm",0,0,1,0.0494714,1,893.5
"May 13, 03:00 pm",0,0,1,0.0496314,1,856.6
"May 13, 04:00 pm",0,0,1,0.0499354,1,783.3
"May 13, 05:00 pm",0,0,1,0.0503354,1,602.5
"May 13, 06:00 pm",0,0,1,0.0505753,1,0
"May 13, 07:00 pm",0,0,1,0.0508153,1,0
"May 13, 08:00 pm",0,0,1,0.0510233,1,0
"May 13, 09:00 pm",0,0,1,0.0512313,1,0
"May 13, 10:00 pm",0,0,1,0.0514073,1,0
"May 13, 11:00 pm",0,0,1,0.0515193,1,0
"May 14, 12:00 am",0,0,1,0.0515833,1,0
"May 14, 01:00 am",0,0,1,0.0516793,1,0
"May 14, 02:00 am",0,0,1,0.0517433,1,0
"May 14, 03:00 am",0,0,1,0.0518233,1,0
"May 14, 04:00 am",0,0,1,0.0518873,1,0
"May 14, 05:00 am",0,0,1,0.0519673,1,0
"May 14, 06:00 am",2820.18,0,1,0.0522548,1,0
"May 14, 07:00 am",2820.18,0,1,0.0522648,1,0
"May 14, 08:00 am",2820.21,0,1,0.0520377,1,4.9
"May 14, 09:00 am",1794.74,0,1,0.0517456,1,7.7
"May 14, 10:00 am",0,0,1,0.0512397,1,8.5
"May 14, 11:00 am",1833.79,2.3965,1,0.0508281,1,889.3
"May 14, 12:00 pm",2866.59,3.53449,1,0.050578,1,901.3
"May 14, 01:00 pm",2866.59,3.21518,1,0.0504166,1,898.6
"May 14, 02:00 pm",2866.59,3.34938,1,0.0504666,1,882.1
"May 14, 03:00 pm",2866.59,3.81232,1,0.0506475,1,845.6
"May 14, 04:00 pm",2866.54,2.29102,1,0.0508917,1,771.9
"May 14, 05:00 pm",1839.13,0.398979,1,0.051135,1,587.9
"May 14, 06:00 pm",220.827,0.230028,1,0.05129,1,0
"May 14, 07:00 pm",0,0,1,0.0514704,1,0
"May 14, 08:00 pm",0,0,1,0.0516508,1,0
"May 14, 09:00 pm",0,0,1,0.0517671,1,0
"May 14, 10:00 pm",0,0,1,0.0518674,1,0
"May 14, 11:00 pm",0,0,1,0.0519517,1,0
"May 15, 12:00 am",0,0,1,0.05202,1,0
"May 15, 01:00 am",0,0,1,0.0521202,1,0
"May 15, 02:00 am",0,0,1,0.0521724,1,0
"May 15, 03:00 am",0,0,1,0.0522406,1,0
"May 15, 04:00 am",0,0,1,0.0522928,1,0
"May 15, 05:00 am",0,0,1,0.052377,1,0
"May 15, 06:00 am",0,0,1,0.0524452,1,0
"May 15, 07:00 am",0,0,1,0.0522413,1,0
"May 15, 08:00 am",0,0,1,0.0519736,1,4.9
"May 15, 09:00 am",0,0,1,0.0515619,1,7.5
"May 15, 10:00 am",0,0,1,0.0510704,1,8.4
"May 15, 11:00 am",0,0,1,0.0507229,1,8.9
"May 15, 12:00 pm",471.411,1.1036,1,0.0505036,1,898
"May 15, 01:00 pm",967.421,0.43533,1,0.0503106,1,9
"May 15, 02:00 pm",211.365,0.220172,1,0.0501977,1,8.8
"May 15, 03:00 pm",0,0,1,0.0502664,1,8.5
"May 15, 04:00 pm",0,0,1,0.0504471,1,7.7
"May 15, 05:00 pm",0,0,1,0.0506278,1,587.6
"May 15, 06:00 pm",0,0,1,0.0508244,1,0
"May 15, 07:00 pm",0,0,1,0.0509249,1,0
"May 15, 08:00 pm",0,0,1,0.0510255,1,0
"May 15, 09:00 pm",0,0,1,0.051062,1,0
"May 15, 10:00 pm",0,0,1,0.0510825,1,0
"May 15, 11:00 pm",0,0,1,0.051119,1,0
"May 16, 12:00 am",0,0,1,0.0510756,1,0
"May 16, 01:00 am",0,0,1,0.0511281,1,0
"May 16, 02:00 am",0,0,1,0.0511006,1,0
"May 16, 03:00 am",0,0,1,0.0510731,1,0
"May 16, 04:00 am",0,0,1,0.0509657,1,0
"May 16, 05:00 am",0,0,1,0.0511302,1,0
"May 16, 06:00 am",0,0,1,0.0510867,1,0
"May 16, 07:00 am",0,0,1,0.0510272,1,0
"May 16, 08:00 am",0,0,1,0.0511438,1,429
"May 16, 09:00 am",0,0,1,0.0510683,1,704.7
"May 16, 10:00 am",2866.59,4.57143,1,0.0509253,1,799.1
"May 16, 11:00 am",2866.59,3.74784,1,0.0506214,1,843.2
"May 16, 12:00 pm",2866.59,3.31559,1,0.0503668,1,864.7
"May 16, 01:00 pm",2550.54,0.402712,1,0.0500223,1,8.7
"May 16, 02:00 pm",2599.86,2.70818,1,0.0499642,1,860.6
"May 16, 03:00 pm",376.685,0.39238,1,0.050005,1,8.3
"May 16, 04:00 pm",229.566,0.239131,1,0.0501418,1,7.6
"May 16, 05:00 pm",0,0,1,0.0503566,1,571.7
"May 16, 06:00 pm",0,0,1,0.0505373,1,0
"May 16, 07:00 pm",0,0,1,0.0507819,1,0
"May 16, 08:00 pm",0,0,1,0.0509465,1,0
"May 16, 09:00 pm",0,0,1,0.0511271,1,0
"May 16, 10:00 pm",0,0,1,0.0511956,1,0
"May 16, 11:00 pm",0,0,1,0.0511521,1,0
"May 17, 12:00 am",0,0,1,0.0512688,1,0
"May 17, 01:00 am",0,0,1,0.0511513,1,0
"May 17, 02:00 am",0,0,1,0.0511513,1,0
"May 17, 03:00 am",0,0,1,0.0511513,1,0
"May 17, 04:00 am",0,0,1,0.0511673,1,0
"May 17, 05:00 am",0,0,1,0.0513113,1,0
"May 17, 06:00 am",0,0,1,0.0513433,1,0
"May 17, 07:00 am",0,0,1,0.0515353,1,0
"May 17, 08:00 am",0,0,1,0.0514393,1,4.7
"May 17, 09:00 am",0,0,1,0.0509433,1,7.5
"May 17, 10:00 am",477.725,1.68989,1,0.0505815,1,838.1
"May 17, 11:00 am",2866.59,3.83431,1,0.0504564,1,878.3
"May 17, 12:00 pm",1999.2,0.403337,1,0.0503143,1,8.9
"May 17, 01:00 pm",230.612,0.240221,1,0.0501776,1,9
"May 17, 02:00 pm",4.3592e-13,0,1,0.050202,1,8.8
"May 17, 03:00 pm",0,0,1,0.0503544,1,8.4
"May 17, 04:00 pm",0,0,1,0.0505544,1,7.8
"May 17, 05:00 pm",0,0,1,0.0506776,1,584.9
"May 17, 06:00 pm",0,0,1,0.050719,1,0
"May 17, 07:00 pm",0,0,1,0.0507883,1,0
"May 17, 08:00 pm",0,0,1,0.0508473,1,0
"May 17, 09:00 pm",0,0,1,0.0509593,1,0
"May 17, 10:00 pm",0,0,1,0.0510393,1,0
"May 17, 11:00 pm",0,0,1,0.0510713,1,0
"May 18, 12:00 am",0,0,1,0.0512153,1,0
"May 18, 01:00 am",0,0,1,0.0512633,1,0
"May 18, 02:00 am",0,0,1,0.0512313,1,0
"May 18, 03:00 am",0,0,1,0.0511833,1,0
"May 18, 04:00 am",0,0,1,0.0513273,1,0
"May 18, 05:00 am",0,0,1,0.0513273,1,0
"May 18, 06:00 am",0,0,1,0.0513753,1,0
"May 18, 07:00 am",0,0,1,0.0514393,1,0
"May 18, 08:00 am",0,0,1,0.0513113,1,0
"May 18, 09:00 am",0,0,1,0.0507513,1,7.3
"May 18, 10:00 am",477.725,1.49377,1,0.0504435,1,819.7
"May 18, 11:00 am",2866.59,3.70295,1,0.0502823,1,861.9
"May 18, 12:00 pm",2866.59,3.3232,1,0.0501658,1,880.2
"May 18, 01:00 pm",2029.9,0.402881,1,0.0501167,1,8.8
"May 18, 02:00 pm",231.06,0.240687,1,0.0501417,1,8.7
"May 18, 03:00 pm",4.2848e-13,0,1,0.0502462,1,8.4
"May 18, 04:00 pm",0,0,1,0.0504804,1,7.6
"May 18, 05:00 pm",0,0,1,0.0506329,1,576.1
"May 18, 06:00 pm",0,0,1,0.0507175,1,0
"May 18, 07:00 pm",0,0,1,0.0508181,1,0
"May 18, 08:00 pm",0,0,1,0.0509027,1,0
"May 18, 09:00 pm",0,0,1,0.0510402,1,0
"May 18, 10:00 pm",0,0,1,0.0511833,1,0
"May 18, 11:00 pm",0,0,1,0.0512633,1,0
"May 19, 12:00 am",0,0,1,0.0514073,1,0
"May 19, 01:00 am",0,0,1,0.0514233,1,0
"May 19, 02:00 am",0,0,1,0.0514393,1,0
"May 19, 03:00 am",0,0,1,0.0515193,1,0
"May 19, 04:00 am",0,0,1,0.0516633,1,0
"May 19, 05:00 am",0,0,1,0.0517273,1,0
"May 19, 06:00 am",0,0,1,0.0517593,1,0
"May 19, 07:00 am",0,0,1,0.0518233,1,0
"May 19, 08:00 am",0,0,1,0.0519513,1,0
"May 19, 09:00 am",0,0,1,0.0516473,1,7.3
"May 19, 10:00 am",0,0,1,0.0512153,1,8.2
"May 19, 11:00 am",0,0,1,0.0508953,1,8.6
"May 19, 12:00 pm",0,0,1,0.0507513,1,8.8
"May 19, 01:00 pm",0,0,1,0.0506874,1,8.9
"May 19, 02:00 pm",0,0,1,0.0506714,1,8.7
"May 19, 03:00 pm",0,0,1,0.0507673,1,8.4
"May 19, 04:00 pm",0,0,1,0.0509913,1,7.6
"May 19, 05:00 pm",0,0,1,0.0512153,1,568.4
"May 19, 06:00 pm",0,0,1,0.0512633,1,0
"May 19, 07:00 pm",0,0,1,0.0512153,1,0
"May 19, 08:00 pm",0,0,1,0.0512633,1,0
"May 19, 09:00 pm",0,0,1,0.0512793,1,0
"May 19, 10:00 pm",0,0,1,0.0512953,1,0
"May 19, 11:00 pm",0,0,1,0.0512953,1,0
"May 20, 12:00 am",0,0,1,0.0513273,1,0
"May 20, 01:00 am",0,0,1,0.0513433,1,0
"May 20, 02:00 am",0,0,1,0.0513433,1,0
"May 20, 03:00 am",0,0,1,0.0512793,1,0
"May 20, 04:00 am",0,0,1,0.0512473,1,0
"May 20, 05:00 am",0,0,1,0.0513273,1,0
"May 20, 06:00 am",0,0,1,0.0513753,1,0
"May 20, 07:00 am",0,0,1,0.0514393,1,0
"May 20, 08:00 am",0,0,1,0.0512153,1,0
"May 20, 09:00 am",0,0,1,0.0509593,1,7
"May 20, 10:00 am",0,0,1,0.0506553,1,7.9
"May 20, 11:00 am",0,0,1,0.0503674,1,8.4
"May 20, 12:00 pm",0,0,1,0.0502554,1,8.5
"May 20, 01:00 pm",0,0,1,0.0503354,1,8.6
"May 20, 02:00 pm",0,0,1,0.0503994,1,8.4
"May 20, 03:00 pm",0,0,1,0.0504314,1,8.1
"May 20, 04:00 pm",0,0,1,0.0505753,1,7.3
"May 20, 05:00 pm",0,0,1,0.0506874,1,5.3
"May 20, 06:00 pm",0,0,1,0.0508314,1,0
"May 20, 07:00 pm",0,0,1,0.0509273,1,0
"May 20, 08:00 pm",0,0,1,0.0510553,1,0
"May 20, 09:00 pm",0,0,1,0.0511353,1,0
"May 20, 10:00 pm",0,0,1,0.0512153,1,0
"May 20, 11:00 pm",0,0,1,0.0513113,1,0
"May 21, 12:00 am",0,0,1,0.0513753,1,0
"May 21, 01:00 am",0,0,1,0.0514553,1,0
"May 21, 02:00 am",0,0,1,0.0515193,1,0
"May 21, 03:00 am",0,0,1,0.0516153,1,0
"May 21, 04:00 am",0,0,1,0.0516153,1,0
"May 21, 05:00 am",0,0,1,0.0517273,1,0
"May 21, 06:00 am",0,0,1,0.0518073,1,0
"May 21, 07:00 am",0,0,1,0.0518873,1,0
"May 21, 08:00 am",0,0,1,0.0515673,1,0
"May 21, 09:00 am",0,0,1,0.0511993,1,6.8
"May 21, 10:00 am",0,0,1,0.0506393,1,7.8
"May 21, 11:00 am",0,0,1,0.0501594,1,8.2
"May 21, 12:00 pm",0,0,1,0.0497754,1,8.4
"May 21, 01:00 pm",0,0,1,0.0495994,1,8.5
"May 21, 02:00 pm",0,0,1,0.0496474,1,8.3
"May 21, 03:00 pm",0,0,1,0.0497594,1,8
"May 21, 04:00 pm",0,0,1,0.0499674,1,720.3
"May 21, 05:00 pm",0,0,1,0.0501754,1,521.3
"May 21, 06:00 pm",0,0,1,0.0504154,1,0
"May 21, 07:00 pm",0,0,1,0.0505274,1,0
"May 21, 08:00 pm",0,0,1,0.0506874,1,0
"May 21, 09:00 pm",0,0,1,0.0507833,1,0
"May 21, 10:00 pm",0,0,1,0.0508633,1,0
"May 21, 11:00 pm",0,0,1,0.0509433,1,0
"May 22, 12:00 am",0,0,1,0.0510393,1,0
"May 22, 01:00 am",0,0,1,0.0510873,1,0
"May 22, 02:00 am",0,0,1,0.0511353,1,0
"May 22, 03:00 am",0,0,1,0.0511993,1,0
"May 22, 04:00 am",0,0,1,0.0512793,1,0
"May 22, 05:00 am",0,0,1,0.0513913,1,0
"May 22, 06:00 am",0,0,1,0.0514073,1,0
"May 22, 07:00 am",0,0,1,0.0515193,1,0
"May 22, 08:00 am",0,0,1,0.0512953,1,0
"May 22, 09:00 am",0,0,1,0.0507513,1,6.9
"May 22, 10:00 am",0,0,1,0.0502394,1,7.9
"May 22, 11:00 am",0,0,1,0.0499194,1,8.3
"May 22, 12:00 pm",0,0,1,0.0495834,1,8.5
"May 22, 01:00 pm",0,0,1,0.0495194,1,8.5
"May 22, 02:00 pm",0,0,1,0.0493754,1,8.4
"May 22, 03:00 pm",0,0,1,0.0493914,1,8.1
"May 22, 04:00 pm",0,0,1,0.0496314,1,7.3
"May 22, 05:00 pm",0,0,1,0.0498074,1,5.3
"May 22, 06:00 pm",0,0,1,0.0500154,1,0
"May 22, 07:00 pm",0,0,1,0.0501114,1,0
"May 22, 08:00 pm",0,0,1,0.0502234,1,0
"May 22, 09:00 pm",0,0,1,0.0503354,1,0
"May 22, 10:00 pm",0,0,1,0.0503514,1,0
"May 22, 11:00 pm",0,0,1,0.0503514,1,0
"May 23, 12:00 am",0,0,1,0.0504634,1,0
"May 23, 01:00 am",0,0,1,0.0505114,1,0
"May 23, 02:00 am",0,0,1,0.0505594,1,0
"May 23, 03:00 am",0,0,1,0.0505753,1,0
"May 23, 04:00 am",0,0,1,0.0505913,1,0
"May 23, 05:00 am",0,0,1,0.0506233,1,0
"May 23, 06:00 am",0,0,1,0.0507034,1,0
"May 23, 07:00 am",0,0,1,0.0507354,1,0
"May 23, 08:00 am",0,0,1,0.0505274,1,0
"May 23, 09:00 am",0,0,1,0.0500154,1,6.8
"May 23, 10:00 am",0,0,1,0.0498074,1,7.8
"May 23, 11:00 am",0,0,1,0.0496634,1,8.2
"May 23, 12:00 pm",0,0,1,0.0495034,1,8.4
"May 23, 01:00 pm",0,0,1,0.0495514,1,8.4
"May 23, 02:00 pm",0,0,1,0.0495034,1,8.3
"May 23, 03:00 pm",0,0,1,0.0494714,1,7.9
"May 23, 04:00 pm",0,0,1,0.0495994,1,7.1
"May 23, 05:00 pm",0,0,1,0.0496954,1,514
"May 23, 06:00 pm",0,0,1,0.0498554,1,0
"May 23, 07:00 pm",0,0,1,0.0499514,1,0
"May 23, 08:00 pm",0,0,1,0.0500954,1,0
"May 23, 09:00 pm",0,0,1,0.0501594,1,0
"May 23, 10:00 pm",0,0,1,0.0502074,1,0
"May 23, 11:00 pm",0,0,1,0.0502554,1,0
"May 24, 12:00 am",0,0,1,0.0505114,1,0
"May 24, 01:00 am",0,0,1,0.0503194,1,0
"May 24, 02:00 am",0,0,1,0.0503034,1,0
"May 24, 03:00 am",0,0,1,0.0503194,1,0
"May 24, 04:00 am",0,0,1,0.0504314,1,0
"May 24, 05:00 am",0,0,1,0.0505274,1,0
"May 24, 06:00 am",0,0,1,0.0505753,1,0
"May 24, 07:00 am",0,0,1,0.0506874,1,0
"May 24, 08:00 am",0,0,1,0.0507833,1,0
"May 24, 09:00 am",0,0,1,0.0507513,1,6.9
"May 24, 10:00 am",0,0,1,0.0503514,1,7.8
"May 24, 11:00 am",0,0,1,0.0501114,1,8.3
"May 24, 12:00 pm",0,0,1,0.0498874,1,8.5
"May 24, 01:00 pm",0,0,1,0.0499194,1,8.5
"May 24, 02:00 pm",0,0,1,0.0499194,1,8.4
"May 24, 03:00 pm",0,0,1,0.0500954,1,8.1
"May 24, 04:00 pm",0,0,1,0.0503354,1,7.4
"May 24, 05:00 pm",0,0,1,0.0504474,1,5.3
"May 24, 06:00 pm",0,0,1,0.0505913,1,0
"May 24, 07:00 pm",0,0,1,0.0506714,1,0
"May 24, 08:00 pm",0,0,1,0.0507993,1,0
"May 24, 09:00 pm",0,0,1,0.0508473,1,0
"May 24, 10:00 pm",0,0,1,0.0508633,1,0
"May 24, 11:00 pm",0,0,1,0.0508793,1,0
"May 25, 12:00 am",0,0,1,0.0509433,1,0
"May 25, 01:00 am",0,0,1,0.0508314,1,0
"May 25, 02:00 am",0,0,1,0.0508153,1,0
"May 25, 03:00 am",0,0,1,0.0507513,1,0
"May 25, 04:00 am",0,0,1,0.0507194,1,0
"May 25, 05:00 am",0,0,1,0.0508953,1,0
"May 25, 06:00 am",0,0,1,0.0510713,1,0
"May 25, 07:00 am",0,0,1,0.0510553,1,0
"May 25, 08:00 am",0,0,1,0.0507034,1,0
"May 25, 09:00 am",0,0,1,0.0503194,1,6.9
"May 25, 10:00 am",0,0,1,0.0500314,1,7.9
"May 25, 11:00 am",0,0,1,0.0496634,1,8.3
"May 25, 12:00 pm",0,0,1,0.0495514,1,8.5
"May 25, 01:00 pm",0,0,1,0.0495994,1,8.5
"May 25, 02:00 pm",0,0,1,0.0496314,1,8.3
"May 25, 03:00 pm",0,0,1,0.0497754,1,7.9
"May 25, 04:00 pm",0,0,1,0.0499674,1,7.1
"May 25, 05:00 pm",0,0,1,0.0501434,1,5.1
"May 25, 06:00 pm",0,0,1,0.0503034,1,0
"May 25, 07:00 pm",0,0,1,0.0503834,1,0
"May 25, 08:00 pm",0,0,1,0.0505594,1,0
"May 25, 09:00 pm",0,0,1,0.0505913,1,0
"May 25, 10:00 pm",0,0,1,0.0505913,1,0
"May 25, 11:00 pm",0,0,1,0.0506233,1,0
"May 26, 12:00 am",0,0,1,0.0506233,1,0
"May 26, 01:00 am",0,0,1,0.0506233,1,0
"May 26, 02:00 am",0,0,1,0.0506073,1,0
"May 26, 03:00 am",0,0,1,0.0505913,1,0
"May 26, 04:00 am",0,0,1,0.0505434,1,0
"May 26, 05:00 am",0,0,1,0.0508153,1,0
"May 26, 06:00 am",0,0,1,0.0509433,1,0
"May 26, 07:00 am",0,0,1,0.0509753,1,0
"May 26, 08:00 am",0,0,1,0.0508793,1,0
"May 26, 09:00 am",0,0,1,0.0506553,1,6.7
"May 26, 10:00 am",0,0,1,0.0503994,1,7.7
"May 26, 11:00 am",0,0,1,0.0502714,1,8.2
"May 26, 12:00 pm",0,0,1,0.0501434,1,8.4
"May 26, 01:00 pm",0,0,1,0.0500794,1,8.4
"May 26, 02:00 pm",0,0,1,0.0500634,1,8.3
"May 26, 03:00 pm",0,0,1,0.0500474,1,8
"May 26, 04:00 pm",0,0,1,0.0502074,1,7.2
"May 26, 05:00 pm",0,0,1,0.0503514,1,5.1
"May 26, 06:00 pm",0,0,1,0.0505594,1,0
"May 26, 07:00 pm",0,0,1,0.0506553,1,0
"May 26, 08:00 pm",0,0,1,0.0507833,1,0
"May 26, 09:00 pm",0,0,1,0.0508633,1,0
"May 26, 10:00 pm",0,0,1,0.0509273,1,0
"May 26, 11:00 pm",0,0,1,0.0509753,1,0
"May 27, 12:00 am",0,0,1,0.0509913,1,0
"May 27, 01:00 am",0,0,1,0.0510073,1,0
"May 27, 02:00 am",0,0,1,0.0510073,1,0
"May 27, 03:00 am",0,0,1,0.0509433,1,0
"May 27, 04:00 am",0,0,1,0.0509593,1,0
"May 27, 05:00 am",0,0,1,0.0510073,1,0
"May 27, 06:00 am",0,0,1,0.0511033,1,0
"May 27, 07:00 am",0,0,1,0.0512313,1,0
"May 27, 08:00 am",0,0,1,0.0511673,1,0
"May 27, 09:00 am",0,0,1,0.0507194,1,7
"May 27, 10:00 am",0,0,1,0.0503034,1,8
"May 27, 11:00 am",0,0,1,0.0499034,1,8.5
"May 27, 12:00 pm",0,0,1,0.0495834,1,867.7
"May 27, 01:00 pm",0,1.80136,1,0.0495298,1,868.8
"May 27, 02:00 pm",0,2.90106,1,0.0496651,1,854
"May 27, 03:00 pm",0,3.42981,1,0.0499992,1,817.2
"May 27, 04:00 pm",0,1.73773,1,0.0503038,1,738.8
"May 27, 05:00 pm",0,0.439765,1,0.0505597,1,529.9
"May 27, 06:00 pm",0,0.261275,1,0.0506611,1,0
"May 27, 07:00 pm",0,0,1,0.0507525,1,0
"May 27, 08:00 pm",0,0,1,0.0509122,1,0
"May 27, 09:00 pm",0,0,1,0.051024,1,0
"May 27, 10:00 pm",0,0,1,0.0511197,1,0
"May 27, 11:00 pm",0,0,1,0.0511994,1,0
"May 28, 12:00 am",0,0,1,0.051279,1,0
"May 28, 01:00 am",0,0,1,0.0513267,1,0
"May 28, 02:00 am",0,0,1,0.0513743,1,0
"May 28, 03:00 am",0,0,1,0.0513899,1,0
"May 28, 04:00 am",0,0,1,0.0514536,1,0
"May 28, 05:00 am",0,0,1,0.0514852,1,0
"May 28, 06:00 am",2825.43,0,1,0.0517131,1,0
"May 28, 07:00 am",2820.82,0,1,0.0519945,1,0
"May 28, 08:00 am",2820.18,0,1,0.0521527,1,0
"May 28, 09:00 am",255.41,0,1,0.051352,1,705.7
"May 28, 10:00 am",2866.59,4.31497,1,0.0509417,1,804.9
"May 28, 11:00 am",2866.59,3.52784,1,0.050623,1,847
"May 28, 12:00 pm",2866.59,3.04103,1,0.05027,1,864.9
"May 28, 01:00 pm",2866.53,2.75431,1,0.0500317,1,865.9
"May 28, 02:00 pm",2866.53,2.90308,1,0.0500304,1,850.6
"May 28, 03:00 pm",2866.59,3.40166,1,0.0500834,1,814.4
"May 28, 04:00 pm",2866.54,1.69761,1,0.0503296,1,736.5
"May 28, 05:00 pm",796.596,0.398587,1,0.0505662,1,527.4
"May 28, 06:00 pm",220.762,0.229961,1,0.0507922,1,0
"May 28, 07:00 pm",0,0,1,0.0508927,1,0
"May 28, 08:00 pm",0,0,1,0.0510092,1,0
"May 28, 09:00 pm",0,0,1,0.0510938,1,0
"May 28, 10:00 pm",0,0,1,0.0511783,1,0
"May 28, 11:00 pm",0,0,1,0.0512307,1,0
"May 29, 12:00 am",0,0,1,0.0512672,1,0
"May 29, 01:00 am",0,0,1,0.0512876,1,0
"May 29, 02:00 am",0,0,1,0.0512921,1,0
"May 29, 03:00 am",0,0,1,0.0512965,1,0
"May 29, 04:00 am",0,0,1,0.051477,1,0
"May 29, 05:00 am",0,0,1,0.0515614,1,0
"May 29, 06:00 am",0,0,1,0.0516777,1,0
"May 29, 07:00 am",0,0,1,0.0518101,1,0
"May 29, 08:00 am",0,0,1,0.0515424,1,0
"May 29, 09:00 am",0,0,1,0.0510989,1,704.8
"May 29, 10:00 am",2866.59,4.40379,1,0.0507271,1,809.7
"May 29, 11:00 am",2866.59,3.55204,1,0.0504956,1,856.5
"May 29, 12:00 pm",2866.59,3.04854,1,0.0502708,1,872.5
"May 29, 01:00 pm",2866.53,2.75572,1,0.0501628,1,871.8
"May 29, 02:00 pm",2866.53,2.90208,1,0.0501484,1,855.4
"May 29, 03:00 pm",2866.59,3.40272,1,0.0502007,1,817.6
"May 29, 04:00 pm",2866.54,1.67433,1,0.0503605,1,737.9
"May 29, 05:00 pm",824.529,0.398483,1,0.0505554,1,524
"May 29, 06:00 pm",220.447,0.229633,1,0.0506972,1,0
"May 29, 07:00 pm",0,0,1,0.0507818,1,0
"May 29, 08:00 pm",0,0,1,0.0508823,1,0
"May 29, 09:00 pm",0,0,1,0.0509349,1,0
"May 29, 10:00 pm",0,0,1,0.0509715,1,0
"May 29, 11:00 pm",0,0,1,0.051008,1,0
"May 30, 12:00 am",0,0,1,0.0509966,1,0
"May 30, 01:00 am",0,0,1,0.0509851,1,0
"May 30, 02:00 am",0,0,1,0.0509736,1,0
"May 30, 03:00 am",0,0,1,0.0509782,1,0
"May 30, 04:00 am",0,0,1,0.0510147,1,0
"May 30, 05:00 am",0,0,1,0.0511473,1,0
"May 30, 06:00 am",0,0,1,0.0513117,1,0
"May 30, 07:00 am",0,0,1,0.0515242,1,0
"May 30, 08:00 am",0,0,1,0.0513046,1,0
"May 30, 09:00 am",0,0,1,0.0508292,1,691.9
"May 30, 10:00 am",2866.59,4.27647,1,0.0505044,1,801.2
"May 30, 11:00 am",2866.59,3.51892,1,0.0502592,1,852
"May 30, 12:00 pm",2866.59,3.01993,1,0.0499516,1,870.3
"May 30, 01:00 pm",2866.53,2.73629,1,0.0497954,1,871.4
"May 30, 02:00 pm",2866.53,2.88987,1,0.0496867,1,856.7
"May 30, 03:00 pm",2866.59,3.40425,1,0.0497628,1,820.7
"May 30, 04:00 pm",2866.55,1.66328,1,0.0500048,1,742.4
"May 30, 05:00 pm",593.07,0.398739,1,0.0501738,1,530.4
"May 30, 06:00 pm",221.022,0.230231,1,0.0503921,1,0
"May 30, 07:00 pm",0,0,1,0.0504768,1,0
"May 30, 08:00 pm",0,0,1,0.0506255,1,0
"May 30, 09:00 pm",0,0,1,0.0507421,1,0
"May 30, 10:00 pm",0,0,1,0.0508267,1,0
"May 30, 11:00 pm",0,0,1,0.0509142,1,0
"May 31, 12:00 am",0,0,1,0.0510393,1,0
"May 31, 01:00 am",0,0,1,0.0510873,1,0
"May 31, 02:00 am",0,0,1,0.0511513,1,0
"May 31, 03:00 am",0,0,1,0.0511993,1,0
"May 31, 04:00 am",0,0,1,0.0512473,1,0
"May 31, 05:00 am",0,0,1,0.0513913,1,0
"May 31, 06:00 am",0,0,1,0.0514553,1,0
"May 31, 07:00 am",0,0,1,0.0515353,1,0
"May 31, 08:00 am",0,0,1,0.0513913,1,0
"May 31, 09:00 am",0,0,1,0.0507833,1,6.8
"May 31, 10:00 am",477.725,1.42274,1,0.0503461,1,791.3
"May 31, 11:00 am",1180.49,0.451069,1,0.0501255,1,8.4
"May 31, 12:00 pm",218.883,0.228003,1,0.0499012,1,8.6
"May 31, 01:00 pm",0,0,1,0.0499049,1,8.6
"May 31, 02:00 pm",0,0,1,0.0498918,1,8.4
"May 31, 03:00 pm",0,0,1,0.0500154,1,8.1
"May 31, 04:00 pm",0,0,1,0.0502074,1,7.3
"May 31, 05:00 pm",0,0,1,0.0503834,1,512.9
"May 31, 06:00 pm",0,0,1,0.0504954,1,0
"May 31, 07:00 pm",0,0,1,0.0506393,1,0
"May 31, 08:00 pm",0,0,1,0.0507513,1,0
"May 31, 09:00 pm",0,0,1,0.0508793,1,0
"May 31, 10:00 pm",0,0,1,0.0509593,1,0
"May 31, 11:00 pm",0,0,1,0.0508314,1,0
"Jun 1, 12:00 am",0,0,1,0.0519993,1,0
"Jun 1, 01:00 am",0,0,1,0.0518553,1,0
"Jun 1, 02:00 am",0,0,1,0.0516793,1,0
"Jun 1, 03:00 am",0,0,1,0.0515193,1,0
"Jun 1, 04:00 am",0,0,1,0.0514073,1,0
"Jun 1, 05:00 am",0,0,1,0.0513273,1,0
"Jun 1, 06:00 am",0,0,1,0.0511833,1,0
"Jun 1, 07:00 am",0,0,1,0.0510393,1,0
"Jun 1, 08:00 am",0,0,1,0.0508473,1,0
"Jun 1, 09:00 am",0,0,1,0.0503994,1,681.5
"Jun 1, 10:00 am",2388.78,3.25664,1,0.0500302,1,789.5
"Jun 1, 11:00 am",2866.59,3.43561,1,0.0496949,1,837.3
"Jun 1, 12:00 pm",2866.52,2.94185,1,0.0493729,1,858.6
"Jun 1, 01:00 pm",2866.53,2.66955,1,0.0490897,1,862.1
"Jun 1, 02:00 pm",2866.54,2.82848,1,0.0488963,1,849.5
"Jun 1, 03:00 pm",2866.59,3.33883,1,0.0490127,1,814
"Jun 1, 04:00 pm",2277.09,1.60986,1,0.0493303,1,736
"Jun 1, 05:00 pm",383.238,0.399206,1,0.0497048,1,521.2
"Jun 1, 06:00 pm",221.667,0.230903,1,0.0501257,1,0
"Jun 1, 07:00 pm",0,0,1,0.0503717,1,0
"Jun 1, 08:00 pm",0,0,1,0.0505753,1,0
"Jun 1, 09:00 pm",0,0,1,0.0507354,1,0
"Jun 1, 10:00 pm",0,0,1,0.0509113,1,0
"Jun 1, 11:00 pm",0,0,1,0.0510393,1,0
"Jun 2, 12:00 am",0,0,1,0.0511513,1,0
"Jun 2, 01:00 am",0,0,1,0.0512953,1,0
"Jun 2, 02:00 am",0,0,1,0.0514393,1,0
"Jun 2, 03:00 am",0,0,1,0.0515513,1,0
"Jun 2, 04:00 am",0,0,1,0.0516633,1,0
"Jun 2, 05:00 am",0,0,1,0.0517753,1,0
"Jun 2, 06:00 am",0,0,1,0.0519833,1,0
"Jun 2, 07:00 am",0,0,1,0.0517433,1,0
"Jun 2, 08:00 am",0,0,1,0.0513593,1,0
"Jun 2, 09:00 am",0,0,1,0.0508473,1,688.1
"Jun 2, 10:00 am",0,4.21176,1,0.0504901,1,794.9
"Jun 2, 11:00 am",0,3.45461,1,0.0500897,1,841.7
"Jun 2, 12:00 pm",0,2.95619,1,0.0497273,1,862.3
"Jun 2, 01:00 pm",0,2.33278,0.882092,0.0493922,0.882092,865.4
"Jun 2, 02:00 pm",0,0,1,0.0491237,1,852.1
"Jun 2, 03:00 pm",0,0,1,0.0492698,1,816.7
"Jun 2, 04:00 pm",0,0,1,0.0496077,1,738.8
"Jun 2, 05:00 pm",0,0,1,0.0500256,1,523.1
"Jun 2, 06:00 pm",0,0,1,0.0503154,1,0
"Jun 2, 07:00 pm",0,0,1,0.0505571,1,0
"Jun 2, 08:00 pm",0,0,1,0.0507668,1,0
"Jun 2, 09:00 pm",0,0,1,0.0509764,1,0
"Jun 2, 10:00 pm",0,0,1,0.051186,1,0
"Jun 2, 11:00 pm",0,0,1,0.0512995,1,0
"Jun 3, 12:00 am",0,0,1,0.051461,1,0
"Jun 3, 01:00 am",0,0,1,0.0515905,1,0
"Jun 3, 02:00 am",0,0,1,0.0517359,1,0
"Jun 3, 03:00 am",0,0,1,0.0518653,1,0
"Jun 3, 04:00 am",0,0,1,0.0520107,1,0
"Jun 3, 05:00 am",0,0,1,0.052172,1,0
"Jun 3, 06:00 am",0,0,1,0.0523013,1,0
"Jun 3, 07:00 am",0,0,1,0.0520146,1,0
"Jun 3, 08:00 am",0,0,1,0.051664,1,0
"Jun 3, 09:00 am",0,0,1,0.0510735,1,6.9
"Jun 3, 10:00 am",0,0,1,0.0504992,1,8
"Jun 3, 11:00 am",0,0,1,0.049989,1,8.5
"Jun 3, 12:00 pm",0,0,1,0.0496069,1,8.7
"Jun 3, 01:00 pm",0,0,1,0.0493208,1,8.7
"Jun 3, 02:00 pm",0,0,1,0.0493868,1,8.5
"Jun 3, 03:00 pm",0,0,1,0.0495328,1,8.2
"Jun 3, 04:00 pm",0,0,1,0.0498227,1,7.4
"Jun 3, 05:00 pm",0,0,1,0.0501766,1,517.8
"Jun 3, 06:00 pm",0,0,1,0.0504983,1,0
"Jun 3, 07:00 pm",0,0,1,0.050676,1,0
"Jun 3, 08:00 pm",0,0,1,0.0508217,1,0
"Jun 3, 09:00 pm",0,0,1,0.0509353,1,0
"Jun 3, 10:00 pm",0,0,1,0.0510169,1,0
"Jun 3, 11:00 pm",0,0,1,0.0510345,1,0
"Jun 4, 12:00 am",0,0,1,0.0510681,1,0
"Jun 4, 01:00 am",0,0,1,0.0511061,1,0
"Jun 4, 02:00 am",0,0,1,0.0511513,1,0
"Jun 4, 03:00 am",0,0,1,0.0511993,1,0
"Jun 4, 04:00 am",0,0,1,0.0513433,1,0
"Jun 4, 05:00 am",0,0,1,0.0515353,1,0
"Jun 4, 06:00 am",2820.18,0,1,0.051855,1,0
"Jun 4, 07:00 am",2820.18,0,1,0.052153,1,0
"Jun 4, 08:00 am",2820.18,0,1,0.0519419,1,0
"Jun 4, 09:00 am",1794.77,0,1,0.0515378,1,692
"Jun 4, 10:00 am",2388.78,2.85727,1,0.0511123,1,801
"Jun 4, 11:00 am",2866.59,3.43037,1,0.0505848,1,849
"Jun 4, 12:00 pm",2866.55,2.9451,1,0.0502045,1,869.5
"Jun 4, 01:00 pm",2866.54,2.65535,1,0.0498489,1,872.3
"Jun 4, 02:00 pm",2866.54,2.81642,1,0.0496507,1,858.8
"Jun 4, 03:00 pm",2866.59,3.32609,1,0.0497889,1,822.6
"Jun 4, 04:00 pm",1972.79,1.58077,1,0.0501027,1,743.4
"Jun 4, 05:00 pm",383.078,0.399039,1,0.0503809,1,525.7
"Jun 4, 06:00 pm",220.79,0.229989,1,0.0506735,1,0
"Jun 4, 07:00 pm",0,0,1,0.0508701,1,0
"Jun 4, 08:00 pm",0,0,1,0.0510666,1,0
"Jun 4, 09:00 pm",0,0,1,0.0512631,1,0
"Jun 4, 10:00 pm",0,0,1,0.0514755,1,0
"Jun 4, 11:00 pm",0,0,1,0.0516239,1,0
"Jun 5, 12:00 am",0,0,1,0.0517402,1,0
"Jun 5, 01:00 am",0,0,1,0.0518725,1,0
"Jun 5, 02:00 am",0,0,1,0.0520048,1,0
"Jun 5, 03:00 am",0,0,1,0.052089,1,0
"Jun 5, 04:00 am",0,0,1,0.0522052,1,0
"Jun 5, 05:00 am",0,0,1,0.0522894,1,0
"Jun 5, 06:00 am",0,0,1,0.0524216,1,0
"Jun 5, 07:00 am",0,0,1,0.0521218,1,0
"Jun 5, 08:00 am",0,0,1,0.0517421,1,0
"Jun 5, 09:00 am",0,0,1,0.0510905,1,738.9
"Jun 5, 10:00 am",2866.59,4.4883,1,0.0505981,1,845.9
"Jun 5, 11:00 am",2866.59,3.6223,1,0.0502141,1,891.8
"Jun 5, 12:00 pm",2866.59,3.0802,1,0.0497695,1,911.4
"Jun 5, 01:00 pm",2866.53,2.77964,1,0.0494397,1,914.4
"Jun 5, 02:00 pm",2866.53,2.95271,1,0.0492014,1,901.9
"Jun 5, 03:00 pm",2866.59,3.51088,1,0.0493077,1,866.6
"Jun 5, 04:00 pm",2866.54,1.68152,1,0.0496007,1,789.5
"Jun 5, 05:00 pm",1165.77,0.399339,1,0.0500953,1,573.8
"Jun 5, 06:00 pm",221.882,0.231127,1,0.0504616,1,0
"Jun 5, 07:00 pm",0,0,1,0.0507607,1,0
"Jun 5, 08:00 pm",0,0,1,0.0509573,1,0
"Jun 5, 09:00 pm",0,0,1,0.0511538,1,0
"Jun 5, 10:00 pm",0,0,1,0.0513183,1,0
"Jun 5, 11:00 pm",0,0,1,0.0514667,1,0
"Jun 6, 12:00 am",0,0,1,0.0515991,1,0
"Jun 6, 01:00 am",0,0,1,0.0517315,1,0
"Jun 6, 02:00 am",0,0,1,0.0518638,1,0
"Jun 6, 03:00 am",0,0,1,0.0519641,1,0
"Jun 6, 04:00 am",0,0,1,0.0520803,1,0
"Jun 6, 05:00 am",0,0,1,0.0522766,1,0
"Jun 6, 06:00 am",0,0,1,0.0524088,1,0
"Jun 6, 07:00 am",0,0,1,0.052173,1,0
"Jun 6, 08:00 am",0,0,1,0.0518093,1,0
"Jun 6, 09:00 am",0,0,1,0.0512857,1,713
"Jun 6, 10:00 am",2866.59,4.24732,1,0.0507768,1,820
"Jun 6, 11:00 am",2866.59,3.49387,1,0.050332,1,865.5
"Jun 6, 12:00 pm",1827.81,0.40313,1,0.0499777,1,8.8
"Jun 6, 01:00 pm",230.912,0.240534,1,0.0496903,1,8.8
"Jun 6, 02:00 pm",0,0,1,0.0496997,1,8.7
"Jun 6, 03:00 pm",0,0,1,0.0498029,1,8.3
"Jun 6, 04:00 pm",138.981,0.144772,1,0.0501757,1,749.7
"Jun 6, 05:00 pm",180.691,0.18822,1,0.0505804,1,528.9
"Jun 6, 06:00 pm",0,0,1,0.0508091,1,0
"Jun 6, 07:00 pm",0,0,1,0.0509736,1,0
"Jun 6, 08:00 pm",0,0,1,0.0511062,1,0
"Jun 6, 09:00 pm",0,0,1,0.0512067,1,0
"Jun 6, 10:00 pm",0,0,1,0.0512912,1,0
"Jun 6, 11:00 pm",0,0,1,0.0513596,1,0
"Jun 7, 12:00 am",0,0,1,0.0514446,1,0
"Jun 7, 01:00 am",0,0,1,0.0514873,1,0
"Jun 7, 02:00 am",0,0,1,0.0515353,1,0
"Jun 7, 03:00 am",0,0,1,0.0516153,1,0
"Jun 7, 04:00 am",0,0,1,0.0517113,1,0
"Jun 7, 05:00 am",0,0,1,0.0518393,1,0
"Jun 7, 06:00 am",0,0,1,0.0519513,1,0
"Jun 7, 07:00 am",0,0,1,0.0519833,1,0
"Jun 7, 08:00 am",0,0,1,0.0518873,1,0
"Jun 7, 09:00 am",0,0,1,0.0517593,1,6.9
"Jun 7, 10:00 am",0,0,1,0.0514553,1,8
"Jun 7, 11:00 am",0,0,1,0.0511193,1,8.4
"Jun 7, 12:00 pm",0,0,1,0.0509913,1,8.6
"Jun 7, 01:00 pm",0,0,1,0.0508473,1,8.6
"Jun 7, 02:00 pm",0,0,1,0.0508953,1,8.5
"Jun 7, 03:00 pm",0,0,1,0.0509433,1,809.3
"Jun 7, 04:00 pm",1993.13,2.07618,1,0.0511513,1,727
"Jun 7, 05:00 pm",420.632,0.438159,1,0.0514553,1,503.9
"Jun 7, 06:00 pm",217.99,0.227073,1,0.0515993,1,0
"Jun 7, 07:00 pm",0,0,1,0.0516633,1,0
"Jun 7, 08:00 pm",0,0,1,0.0517753,1,0
"Jun 7, 09:00 pm",0,0,1,0.0518073,1,0
"Jun 7, 10:00 pm",0,0,1,0.0517593,1,0
"Jun 7, 11:00 pm",0,0,1,0.0517593,1,0
"Jun 8, 12:00 am",0,0,1,0.0516953,1,0
"Jun 8, 01:00 am",0,0,1,0.0516953,1,0
"Jun 8, 02:00 am",0,0,1,0.0517113,1,0
"Jun 8, 03:00 am",0,0,1,0.0517433,1,0
"Jun 8, 04:00 am",0,0,1,0.0517913,1,0
"Jun 8, 05:00 am",0,0,1,0.0518553,1,0
"Jun 8, 06:00 am",0,0,1,0.0518873,1,0
"Jun 8, 07:00 am",0,0,1,0.0518233,1,0
"Jun 8, 08:00 am",0,0,1,0.0515513,1,0
"Jun 8, 09:00 am",0,0,1,0.0512793,1,685.2
"Jun 8, 10:00 am",2866.59,3.98244,1,0.0509108,1,798.2
"Jun 8, 11:00 am",2866.59,3.39489,1,0.050545,1,847.4
"Jun 8, 12:00 pm",2866.53,2.88701,1,0.0502573,1,867.1
"Jun 8, 01:00 pm",2866.54,2.59439,1,0.0500508,1,869.3
"Jun 8, 02:00 pm",2866.54,2.7509,1,0.0499631,1,854.6
"Jun 8, 03:00 pm",2866.59,3.25915,1,0.0501181,1,816.6
"Jun 8, 04:00 pm",2104.89,1.51748,1,0.0504934,1,734.5
"Jun 8, 05:00 pm",383.43,0.399406,1,0.0508044,1,512.1
"Jun 8, 06:00 pm",221.362,0.230585,1,0.051033,1,0
"Jun 8, 07:00 pm",0,0,1,0.0512333,1,0
"Jun 8, 08:00 pm",0,0,1,0.0514233,1,0
"Jun 8, 09:00 pm",0,0,1,0.0516153,1,0
"Jun 8, 10:00 pm",0,0,1,0.0517273,1,0
"Jun 8, 11:00 pm",0,0,1,0.0518553,1,0
"Jun 9, 12:00 am",0,0,1,0.0519673,1,0
"Jun 9, 01:00 am",0,0,1,0.0520633,1,0
"Jun 9, 02:00 am",0,0,1,0.0521273,1,0
"Jun 9, 03:00 am",0,0,1,0.0521753,1,0
"Jun 9, 04:00 am",0,0,1,0.0522713,1,0
"Jun 9, 05:00 am",0,0,1,0.0523993,1,0
"Jun 9, 06:00 am",0,0,1,0.0524953,1,0
"Jun 9, 07:00 am",0,0,1,0.0522713,1,0
"Jun 9, 08:00 am",0,0,1,0.0519193,1,0
"Jun 9, 09:00 am",0,0,1,0.0514553,1,688.3
"Jun 9, 10:00 am",0,4.08512,1,0.0510246,1,801.2
"Jun 9, 11:00 am",0,3.4157,1,0.0506573,1,849.8
"Jun 9, 12:00 pm",0,2.90738,1,0.0503547,1,871.1
"Jun 9, 01:00 pm",0,2.47703,0.954641,0.0500584,0.954641,874.7
"Jun 9, 02:00 pm",0,0,1,0.0498252,1,861.6
"Jun 9, 03:00 pm",0,0,1,0.049987,1,825.8
"Jun 9, 04:00 pm",0,0,1,0.0503568,1,746.1
"Jun 9, 05:00 pm",0,0,1,0.0506145,1,526.9
"Jun 9, 06:00 pm",0,0,1,0.0509202,1,0
"Jun 9, 07:00 pm",0,0,1,0.0511138,1,0
"Jun 9, 08:00 pm",0,0,1,0.0513233,1,0
"Jun 9, 09:00 pm",0,0,1,0.0515808,1,0
"Jun 9, 10:00 pm",0,0,1,0.0517742,1,0
"Jun 9, 11:00 pm",0,0,1,0.0519036,1,0
"Jun 10, 12:00 am",0,0,1,0.052049,1,0
"Jun 10, 01:00 am",0,0,1,0.0521303,1,0
"Jun 10, 02:00 am",0,0,1,0.0521956,1,0
"Jun 10, 03:00 am",0,0,1,0.0522609,1,0
"Jun 10, 04:00 am",0,0,1,0.0523582,1,0
"Jun 10, 05:00 am",0,0,1,0.0524394,1,0
"Jun 10, 06:00 am",0,0,1,0.0525207,1,0
"Jun 10, 07:00 am",0,0,1,0.0522499,1,0
"Jun 10, 08:00 am",0,0,1,0.0518993,1,0
"Jun 10, 09:00 am",0,0,1,0.0514367,1,690.9
"Jun 10, 10:00 am",0,0,1,0.0508783,1,805.2
"Jun 10, 11:00 am",0,0,1,0.050288,1,855.1
"Jun 10, 12:00 pm",0,0,1,0.0498578,1,875.5
"Jun 10, 01:00 pm",0,0,1,0.0495237,1,878.5
"Jun 10, 02:00 pm",0,0,1,0.0492857,1,864.8
"Jun 10, 03:00 pm",0,0,1,0.0494317,1,827.9
"Jun 10, 04:00 pm",0,0,1,0.0498176,1,747.1
"Jun 10, 05:00 pm",0,0,1,0.0501075,1,525.9
"Jun 10, 06:00 pm",0,0,1,0.0504453,1,0
"Jun 10, 07:00 pm",0,0,1,0.050655,1,0
"Jun 10, 08:00 pm",0,0,1,0.0508966,1,0
"Jun 10, 09:00 pm",0,0,1,0.0511222,1,0
"Jun 10, 10:00 pm",0,0,1,0.0512692,1,0
"Jun 10, 11:00 pm",0,0,1,0.0513913,1,0
"Jun 11, 12:00 am",0,0,1,0.0515033,1,0
"Jun 11, 01:00 am",0,0,1,0.0516473,1,0
"Jun 11, 02:00 am",0,0,1,0.0517913,1,0
"Jun 11, 03:00 am",0,0,1,0.0519353,1,0
"Jun 11, 04:00 am",0,0,1,0.0520473,1,0
"Jun 11, 05:00 am",0,0,1,0.0522233,1,0
"Jun 11, 06:00 am",2820.18,0,1,0.0525587,1,0
"Jun 11, 07:00 am",2820.18,0,1,0.0524566,1,0
"Jun 11, 08:00 am",2820.18,0,1,0.0521815,1,0
"Jun 11, 09:00 am",2610.57,1.09378,1,0.0516055,1,718.2
"Jun 11, 10:00 am",2866.59,3.94336,1,0.0510243,1,831.5
"Jun 11, 11:00 am",2866.59,3.51739,1,0.0504563,1,879.8
"Jun 11, 12:00 pm",2867.02,2.9865,1,0.0499236,1,900
"Jun 11, 01:00 pm",2866.53,2.67227,1,0.049554,1,902.9
"Jun 11, 02:00 pm",2866.54,2.83905,1,0.0492724,1,890.2
"Jun 11, 03:00 pm",2866.59,3.38678,1,0.0494951,1,853.2
"Jun 11, 04:00 pm",2866.54,1.59128,1,0.0499316,1,773.3
"Jun 11, 05:00 pm",383.599,0.399582,1,0.0503925,1,552.8
"Jun 11, 06:00 pm",222.308,0.23157,1,0.0507331,1,0
"Jun 11, 07:00 pm",0,0,1,0.0510096,1,0
"Jun 11, 08:00 pm",0,0,1,0.0512701,1,0
"Jun 11, 09:00 pm",0,0,1,0.0515144,1,0
"Jun 11, 10:00 pm",0,0,1,0.0517108,1,0
"Jun 11, 11:00 pm",0,0,1,0.051843,1,0
"Jun 12, 12:00 am",0,0,1,0.0519913,1,0
"Jun 12, 01:00 am",0,0,1,0.0521235,1,0
"Jun 12, 02:00 am",0,0,1,0.0522716,1,0
"Jun 12, 03:00 am",0,0,1,0.0524198,1,0
"Jun 12, 04:00 am",0,0,1,0.0525519,1,0
"Jun 12, 05:00 am",0,0,1,0.0526999,1,0
"Jun 12, 06:00 am",0,0,1,0.0528159,1,0
"Jun 12, 07:00 am",0,0,1,0.052612,1,0
"Jun 12, 08:00 am",0,0,1,0.0522801,1,0
"Jun 12, 09:00 am",43.4024,0,1,0.0518531,1,722.4
"Jun 12, 10:00 am",2866.59,4.22679,1,0.0513065,1,835.1
"Jun 12, 11:00 am",2866.59,3.5221,1,0.0507792,1,883.2
"Jun 12, 12:00 pm",2866.53,2.97923,1,0.0502796,1,901.4
"Jun 12, 01:00 pm",2866.53,2.66016,1,0.0499764,1,902.6
"Jun 12, 02:00 pm",2866.53,2.821,1,0.0497865,1,888.1
"Jun 12, 03:00 pm",2866.59,3.34819,1,0.0499671,1,846.7
"Jun 12, 04:00 pm",2780.07,1.56065,1,0.0503485,1,761.9
"Jun 12, 05:00 pm",383.513,0.399492,1,0.0507248,1,538
"Jun 12, 06:00 pm",221.806,0.231048,1,0.0509534,1,0
"Jun 12, 07:00 pm",0,0,1,0.0511499,1,0
"Jun 12, 08:00 pm",0,0,1,0.0512984,1,0
"Jun 12, 09:00 pm",0,0,1,0.0513988,1,0
"Jun 12, 10:00 pm",0,0,1,0.0514673,1,0
"Jun 12, 11:00 pm",0,0,1,0.0515677,1,0
"Jun 13, 12:00 am",0,0,1,0.051668,1,0
"Jun 13, 01:00 am",0,0,1,0.0517524,1,0
"Jun 13, 02:00 am",0,0,1,0.0518527,1,0
"Jun 13, 03:00 am",0,0,1,0.051905,1,0
"Jun 13, 04:00 am",0,0,1,0.0519573,1,0
"Jun 13, 05:00 am",0,0,1,0.0520256,1,0
"Jun 13, 06:00 am",0,0,1,0.0520939,1,0
"Jun 13, 07:00 am",0,0,1,0.0519381,1,0
"Jun 13, 08:00 am",0,0,1,0.0517345,1,0
"Jun 13, 09:00 am",0,0,1,0.0513389,1,7
"Jun 13, 10:00 am",0,0,1,0.0509594,1,8.1
"Jun 13, 11:00 am",0,0,1,0.050532,1,8.7
"Jun 13, 12:00 pm",0,0,1,0.0502327,1,885.2
"Jun 13, 01:00 pm",2866.59,2.99798,1,0.0500455,1,886.1
"Jun 13, 02:00 pm",2649.09,2.75947,1,0.0499863,1,870.9
"Jun 13, 03:00 pm",2866.59,3.262,1,0.0501191,1,828.2
"Jun 13, 04:00 pm",1679.38,1.51148,1,0.0503702,1,742.4
"Jun 13, 05:00 pm",383.261,0.39923,1,0.0507812,1,516.1
"Jun 13, 06:00 pm",220.938,0.230144,1,0.0509795,1,0
"Jun 13, 07:00 pm",0,0,1,0.0511353,1,0
"Jun 13, 08:00 pm",0,0,1,0.0512633,1,0
"Jun 13, 09:00 pm",0,0,1,0.0513753,1,0
"Jun 13, 10:00 pm",0,0,1,0.0514233,1,0
"Jun 13, 11:00 pm",0,0,1,0.0514873,1,0
"Jun 14, 12:00 am",0,0,1,0.0515993,1,0
"Jun 14, 01:00 am",0,0,1,0.0516473,1,0
"Jun 14, 02:00 am",0,0,1,0.0516313,1,0
"Jun 14, 03:00 am",0,0,1,0.0515833,1,0
"Jun 14, 04:00 am",0,0,1,0.0515993,1,0
"Jun 14, 05:00 am",0,0,1,0.0516953,1,0
"Jun 14, 06:00 am",0,0,1,0.0518393,1,0
"Jun 14, 07:00 am",0,0,1,0.0517913,1,0
"Jun 14, 08:00 am",0,0,1,0.0517113,1,0
"Jun 14, 09:00 am",0,0,1,0.0516633,1,6.4
"Jun 14, 10:00 am",0,0,1,0.0514393,1,7.6
"Jun 14, 11:00 am",0,0,1,0.0511673,1,8.1
"Jun 14, 12:00 pm",0,0,1,0.0511033,1,8.3
"Jun 14, 01:00 pm",0,0,1,0.0510713,1,8.3
"Jun 14, 02:00 pm",0,0,1,0.0510393,1,8.2
"Jun 14, 03:00 pm",0,0,1,0.0510713,1,7.8
"Jun 14, 04:00 pm",0,0,1,0.0512313,1,7
"Jun 14, 05:00 pm",0,0,1,0.0513593,1,477.3
"Jun 14, 06:00 pm",0,0,1,0.0515033,1,0
"Jun 14, 07:00 pm",0,0,1,0.0514713,1,0
"Jun 14, 08:00 pm",0,0,1,0.0513433,1,0
"Jun 14, 09:00 pm",0,0,1,0.0512473,1,0
"Jun 14, 10:00 pm",0,0,1,0.0511993,1,0
"Jun 14, 11:00 pm",0,0,1,0.0511833,1,0
"Jun 15, 12:00 am",0,0,1,0.0511673,1,0
"Jun 15, 01:00 am",0,0,1,0.0511833,1,0
"Jun 15, 02:00 am",0,0,1,0.0512473,1,0
"Jun 15, 03:00 am",0,0,1,0.0513273,1,0
"Jun 15, 04:00 am",0,0,1,0.0514233,1,0
"Jun 15, 05:00 am",0,0,1,0.0515513,1,0
"Jun 15, 06:00 am",0,0,1,0.0516633,1,0
"Jun 15, 07:00 am",0,0,1,0.0516793,1,0
"Jun 15, 08:00 am",0,0,1,0.0515193,1,0
"Jun 15, 09:00 am",0,0,1,0.0513753,1,654.6
"Jun 15, 10:00 am",2154.83,2.24461,1,0.0511193,1,777
"Jun 15, 11:00 am",2866.59,3.26203,1,0.0509433,1,831.1
"Jun 15, 12:00 pm",2866.53,2.79954,1,0.0508473,1,855.8
"Jun 15, 01:00 pm",2413.27,2.51383,1,0.0507673,1,862.3
"Jun 15, 02:00 pm",2568.63,2.67566,1,0.0508314,1,851.5
"Jun 15, 03:00 pm",2866.59,3.20389,1,0.0508314,1,817.6
"Jun 15, 04:00 pm",1657.23,1.50494,1,0.0510237,1,740.1
"Jun 15, 05:00 pm",383.369,0.399343,1,0.0512477,1,523.3
"Jun 15, 06:00 pm",221.525,0.230755,1,0.0514553,1,0
"Jun 15, 07:00 pm",0,0,1,0.0515513,1,0
"Jun 15, 08:00 pm",0,0,1,0.0516793,1,0
"Jun 15, 09:00 pm",0,0,1,0.0517113,1,0
"Jun 15, 10:00 pm",0,0,1,0.0517433,1,0
"Jun 15, 11:00 pm",0,0,1,0.0517913,1,0
"Jun 16, 12:00 am",0,0,1,0.0518233,1,0
"Jun 16, 01:00 am",0,0,1,0.0518713,1,0
"Jun 16, 02:00 am",0,0,1,0.0519353,1,0
"Jun 16, 03:00 am",0,0,1,0.0520313,1,0
"Jun 16, 04:00 am",0,0,1,0.0520793,1,0
"Jun 16, 05:00 am",0,0,1,0.0520473,1,0
"Jun 16, 06:00 am",0,0,1,0.0520633,1,0
"Jun 16, 07:00 am",0,0,1,0.0520953,1,0
"Jun 16, 08:00 am",0,0,1,0.0518393,1,0
"Jun 16, 09:00 am",0,0,1,0.0513753,1,6.7
"Jun 16, 10:00 am",0,0,1,0.0508953,1,7.9
"Jun 16, 11:00 am",0,0,1,0.0505434,1,8.4
"Jun 16, 12:00 pm",0,0,1,0.0503194,1,8.6
"Jun 16, 01:00 pm",0,0,1,0.0502394,1,8.7
"Jun 16, 02:00 pm",0,0,1,0.0501434,1,8.6
"Jun 16, 03:00 pm",0,0,1,0.0500794,1,8.2
"Jun 16, 04:00 pm",0,0,1,0.0503194,1,7.4
"Jun 16, 05:00 pm",0,0,1,0.0505594,1,516.2
"Jun 16, 06:00 pm",0,0,1,0.0507194,1,0
"Jun 16, 07:00 pm",0,0,1,0.0507034,1,0
"Jun 16, 08:00 pm",0,0,1,0.0507513,1,0
"Jun 16, 09:00 pm",0,0,1,0.0508153,1,0
"Jun 16, 10:00 pm",0,0,1,0.0508314,1,0
"Jun 16, 11:00 pm",0,0,1,0.0508633,1,0
"Jun 17, 12:00 am",0,0,1,0.0508473,1,0
"Jun 17, 01:00 am",0,0,1,0.0508314,1,0
"Jun 17, 02:00 am",0,0,1,0.0507673,1,0
"Jun 17, 03:00 am",0,0,1,0.0507673,1,0
"Jun 17, 04:00 am",0,0,1,0.0509273,1,0
"Jun 17, 05:00 am",0,0,1,0.0509593,1,0
"Jun 17, 06:00 am",0,0,1,0.0509753,1,0
"Jun 17, 07:00 am",0,0,1,0.0511033,1,0
"Jun 17, 08:00 am",0,0,1,0.0510393,1,0
"Jun 17, 09:00 am",0,0,1,0.0507673,1,649.5
"Jun 17, 10:00 am",0,2.28659,1,0.0505914,1,769
"Jun 17, 11:00 am",0,3.21348,1,0.0505795,1,819.9
"Jun 17, 12:00 pm",0,2.75068,1,0.0504171,1,837.9
"Jun 17, 01:00 pm",0,2.43491,1,0.050475,1,837.8
"Jun 17, 02:00 pm",0,1.96091,0.778982,0.0505329,0.778982,820.9
"Jun 17, 03:00 pm",0,0,1,0.0505724,1,786.2
"Jun 17, 04:00 pm",0,0,1,0.0507181,1,707.7
"Jun 17, 05:00 pm",0,0,1,0.0507837,1,490.1
"Jun 17, 06:00 pm",0,0,1,0.0508014,1,0
"Jun 17, 07:00 pm",0,0,1,0.050899,1,0
"Jun 17, 08:00 pm",0,0,1,0.0509966,1,0
"Jun 17, 09:00 pm",0,0,1,0.0509502,1,0
"Jun 17, 10:00 pm",0,0,1,0.0508878,1,0
"Jun 17, 11:00 pm",0,0,1,0.0510654,1,0
"Jun 18, 12:00 am",0,0,1,0.051195,1,0
"Jun 18, 01:00 am",0,0,1,0.0511165,1,0
"Jun 18, 02:00 am",0,0,1,0.0510701,1,0
"Jun 18, 03:00 am",0,0,1,0.0511037,1,0
"Jun 18, 04:00 am",0,0,1,0.0510573,1,0
"Jun 18, 05:00 am",0,0,1,0.0510909,1,0
"Jun 18, 06:00 am",2866.59,0,1,0.0512666,1,0
"Jun 18, 07:00 am",2866.59,0,1,0.0515621,1,0
"Jun 18, 08:00 am",2866.59,0,1,0.051726,1,0
"Jun 18, 09:00 am",1855.32,0,1,0.0515557,1,6.4
"Jun 18, 10:00 am",0,0,1,0.0513323,1,7.6
"Jun 18, 11:00 am",0,0,1,0.0509728,1,8.2
"Jun 18, 12:00 pm",0,0,1,0.0507854,1,8.4
"Jun 18, 01:00 pm",0,0,1,0.050742,1,8.4
"Jun 18, 02:00 pm",0,0,1,0.0507146,1,8.3
"Jun 18, 03:00 pm",0,0,1,0.0508151,1,7.9
"Jun 18, 04:00 pm",0,0,1,0.0509637,1,7.1
"Jun 18, 05:00 pm",0,0,1,0.0509842,1,490.7
"Jun 18, 06:00 pm",0,0,1,0.0510847,1,0
"Jun 18, 07:00 pm",0,0,1,0.0512172,1,0
"Jun 18, 08:00 pm",0,0,1,0.0513336,1,0
"Jun 18, 09:00 pm",0,0,1,0.0514661,1,0
"Jun 18, 10:00 pm",0,0,1,0.0515504,1,0
"Jun 18, 11:00 pm",0,0,1,0.0515548,1,0
"Jun 19, 12:00 am",0,0,1,0.0515592,1,0
"Jun 19, 01:00 am",0,0,1,0.0515796,1,0
"Jun 19, 02:00 am",0,0,1,0.0516159,1,0
"Jun 19, 03:00 am",0,0,1,0.0516363,1,0
"Jun 19, 04:00 am",0,0,1,0.0515607,1,0
"Jun 19, 05:00 am",0,0,1,0.0515171,1,0
"Jun 19, 06:00 am",0,0,1,0.0515215,1,0
"Jun 19, 07:00 am",0,0,1,0.0514778,1,0
"Jun 19, 08:00 am",0,0,1,0.0515462,1,0
"Jun 19, 09:00 am",0,0,1,0.0514067,1,6.4
"Jun 19, 10:00 am",0,0,1,0.0512351,1,7.6
"Jun 19, 11:00 am",0,0,1,0.0510956,1,8.1
"Jun 19, 12:00 pm",0,0,1,0.0510361,1,8.3
"Jun 19, 01:00 pm",0,0,1,0.0510406,1,832
"Jun 19, 02:00 pm",1355.12,1.41158,1,0.0510932,1,816.4
"Jun 19, 03:00 pm",2836.29,2.95446,1,0.0512257,1,780.1
"Jun 19, 04:00 pm",1372.67,1.42986,1,0.0514381,1,700.3
"Jun 19, 05:00 pm",382.115,0.398036,1,0.0514745,1,482.2
"Jun 19, 06:00 pm",219.751,0.228908,1,0.0514469,1,0
"Jun 19, 07:00 pm",0,0,1,0.0514354,1,0
"Jun 19, 08:00 pm",0,0,1,0.0514718,1,0
"Jun 19, 09:00 pm",0,0,1,0.0513642,1,0
"Jun 19, 10:00 pm",0,0,1,0.0513527,1,0
"Jun 19, 11:00 pm",0,0,1,0.0513571,1,0
"Jun 20, 12:00 am",0,0,1,0.0514576,1,0
"Jun 20, 01:00 am",0,0,1,0.051478,1,0
"Jun 20, 02:00 am",0,0,1,0.0515464,1,0
"Jun 20, 03:00 am",0,0,1,0.0515028,1,0
"Jun 20, 04:00 am",0,0,1,0.0514592,1,0
"Jun 20, 05:00 am",0,0,1,0.0514637,1,0
"Jun 20, 06:00 am",0,0,1,0.0514521,1,0
"Jun 20, 07:00 am",0,0,1,0.0515525,1,0
"Jun 20, 08:00 am",0,0,1,0.051605,1,0
"Jun 20, 09:00 am",0,0,1,0.0515833,1,6.3
"Jun 20, 10:00 am",0,0,1,0.0514233,1,7.6
"Jun 20, 11:00 am",0,0,1,0.0513433,1,8.1
"Jun 20, 12:00 pm",0,0,1,0.0512633,1,8.3
"Jun 20, 01:00 pm",0,0,1,0.0511673,1,8.4
"Jun 20, 02:00 pm",0,0,1,0.0511193,1,8.3
"Jun 20, 03:00 pm",0,0,1,0.0511193,1,7.9
"Jun 20, 04:00 pm",0,0,1,0.0512793,1,7.1
"Jun 20, 05:00 pm",0,0,1,0.0514233,1,497.9
"Jun 20, 06:00 pm",0,0,1,0.0514713,1,0
"Jun 20, 07:00 pm",0,0,1,0.0514713,1,0
"Jun 20, 08:00 pm",0,0,1,0.0515033,1,0
"Jun 20, 09:00 pm",0,0,1,0.0514553,1,0
"Jun 20, 10:00 pm",0,0,1,0.0514233,1,0
"Jun 20, 11:00 pm",0,0,1,0.0514713,1,0
"Jun 21, 12:00 am",0,0,1,0.0515033,1,0
"Jun 21, 01:00 am",0,0,1,0.0515193,1,0
"Jun 21, 02:00 am",0,0,1,0.0515193,1,0
"Jun 21, 03:00 am",0,0,1,0.0515193,1,0
"Jun 21, 04:00 am",0,0,1,0.0515513,1,0
"Jun 21, 05:00 am",0,0,1,0.0515833,1,0
"Jun 21, 06:00 am",0,0,1,0.0516153,1,0
"Jun 21, 07:00 am",0,0,1,0.0516473,1,0
"Jun 21, 08:00 am",0,0,1,0.0515993,1,0
"Jun 21, 09:00 am",0,0,1,0.0514233,1,6.8
"Jun 21, 10:00 am",0,0,1,0.0511513,1,8
"Jun 21, 11:00 am",0,0,1,0.0510553,1,8.6
"Jun 21, 12:00 pm",0,0,1,0.0509113,1,8.8
"Jun 21, 01:00 pm",0,0,1,0.0508473,1,8.9
"Jun 21, 02:00 pm",0,0,1,0.0508633,1,872.7
"Jun 21, 03:00 pm",1964.87,2.04674,1,0.0509113,1,835
"Jun 21, 04:00 pm",1477.41,1.53897,1,0.0512153,1,754.1
"Jun 21, 05:00 pm",382.288,0.398216,1,0.0515513,1,538.3
"Jun 21, 06:00 pm",219.956,0.229121,1,0.0517593,1,0
"Jun 21, 07:00 pm",0,0,1,0.0517913,1,0
"Jun 21, 08:00 pm",0,0,1,0.0518713,1,0
"Jun 21, 09:00 pm",0,0,1,0.0519353,1,0
"Jun 21, 10:00 pm",0,0,1,0.0520153,1,0
"Jun 21, 11:00 pm",0,0,1,0.0519993,1,0
"Jun 22, 12:00 am",0,0,1,0.0520633,1,0
"Jun 22, 01:00 am",0,0,1,0.0520313,1,0
"Jun 22, 02:00 am",0,0,1,0.0520313,1,0
"Jun 22, 03:00 am",0,0,1,0.0521113,1,0
"Jun 22, 04:00 am",0,0,1,0.0521913,1,0
"Jun 22, 05:00 am",0,0,1,0.0522073,1,0
"Jun 22, 06:00 am",0,0,1,0.0522873,1,0
"Jun 22, 07:00 am",0,0,1,0.0523193,1,0
"Jun 22, 08:00 am",0,0,1,0.0522073,1,0
"Jun 22, 09:00 am",0,0,1,0.0520313,1,7.2
"Jun 22, 10:00 am",0,0,1,0.0517113,1,8.3
"Jun 22, 11:00 am",0,0,1,0.0514233,1,8.8
"Jun 22, 12:00 pm",0,0,1,0.0512313,1,9
"Jun 22, 01:00 pm",0,0,1,0.0511353,1,9
"Jun 22, 02:00 pm",0,0,1,0.0511833,1,8.8
"Jun 22, 03:00 pm",0,0,1,0.0512473,1,8.4
"Jun 22, 04:00 pm",0,0,1,0.0514713,1,7.7
"Jun 22, 05:00 pm",0,0,1,0.0517913,1,551.4
"Jun 22, 06:00 pm",0,0,1,0.0519833,1,0
"Jun 22, 07:00 pm",0,0,1,0.0521113,1,0
"Jun 22, 08:00 pm",0,0,1,0.0522553,1,0
"Jun 22, 09:00 pm",0,0,1,0.0523513,1,0
"Jun 22, 10:00 pm",0,0,1,0.0523993,1,0
"Jun 22, 11:00 pm",0,0,1,0.0524633,1,0
"Jun 23, 12:00 am",0,0,1,0.0524953,1,0
"Jun 23, 01:00 am",0,0,1,0.0525433,1,0
"Jun 23, 02:00 am",0,0,1,0.0525753,1,0
"Jun 23, 03:00 am",0,0,1,0.0526393,1,0
"Jun 23, 04:00 am",0,0,1,0.0526713,1,0
"Jun 23, 05:00 am",0,0,1,0.0527193,1,0
"Jun 23, 06:00 am",0,0,1,0.0527833,1,0
"Jun 23, 07:00 am",0,0,1,0.0527673,1,0
"Jun 23, 08:00 am",0,0,1,0.0525433,1,0
"Jun 23, 09:00 am",0,0,1,0.0520313,1,699.8
"Jun 23, 10:00 am",0,2.59512,1,0.0515193,1,819.6
"Jun 23, 11:00 am",0,3.44037,1,0.0511951,1,869.9
"Jun 23, 12:00 pm",0,2.93449,1,0.0509738,1,889.9
"Jun 23, 01:00 pm",0,2.59728,1,0.0507588,1,892.1
"Jun 23, 02:00 pm",0,1.13143,0.450235,0.0506455,0.450235,878.4
"Jun 23, 03:00 pm",0,0,1,0.0507714,1,841.5
"Jun 23, 04:00 pm",0,0,1,0.051141,1,762.5
"Jun 23, 05:00 pm",0,0,1,0.0515265,1,549.7
"Jun 23, 06:00 pm",0,0,1,0.0517359,1,0
"Jun 23, 07:00 pm",0,0,1,0.0518653,1,0
"Jun 23, 08:00 pm",0,0,1,0.0520267,1,0
"Jun 23, 09:00 pm",0,0,1,0.05214,1,0
"Jun 23, 10:00 pm",0,0,1,0.0522213,1,0
"Jun 23, 11:00 pm",0,0,1,0.0523026,1,0
"Jun 24, 12:00 am",0,0,1,0.0523359,1,0
"Jun 24, 01:00 am",0,0,1,0.0523692,1,0
"Jun 24, 02:00 am",0,0,1,0.0524024,1,0
"Jun 24, 03:00 am",0,0,1,0.0524517,1,0
"Jun 24, 04:00 am",0,0,1,0.0525169,1,0
"Jun 24, 05:00 am",0,0,1,0.0525981,1,0
"Jun 24, 06:00 am",0,0,1,0.0526953,1,0
"Jun 24, 07:00 am",0,0,1,0.0525525,1,0
"Jun 24, 08:00 am",0,0,1,0.0522338,1,0
"Jun 24, 09:00 am",0,0,1,0.0516272,1,686.1
"Jun 24, 10:00 am",0,0,1,0.0511167,1,806.6
"Jun 24, 11:00 am",0,0,1,0.0507503,1,857.1
"Jun 24, 12:00 pm",0,0,1,0.050448,1,878
"Jun 24, 01:00 pm",0,0,1,0.0501618,1,880.7
"Jun 24, 02:00 pm",0,0,1,0.0500196,1,867.1
"Jun 24, 03:00 pm",0,0,1,0.0500854,1,8.3
"Jun 24, 04:00 pm",0,0,1,0.0504712,1,7.5
"Jun 24, 05:00 pm",0,0,1,0.0508474,1,542
"Jun 24, 06:00 pm",0,0,1,0.0511353,1,0
"Jun 24, 07:00 pm",0,0,1,0.0514073,1,0
"Jun 24, 08:00 pm",0,0,1,0.0516153,1,0
"Jun 24, 09:00 pm",0,0,1,0.0517433,1,0
"Jun 24, 10:00 pm",0,0,1,0.0518873,1,0
"Jun 24, 11:00 pm",0,0,1,0.0520473,1,0
"Jun 25, 12:00 am",0,0,1,0.0521593,1,0
"Jun 25, 01:00 am",0,0,1,0.0522393,1,0
"Jun 25, 02:00 am",0,0,1,0.0521753,1,0
"Jun 25, 03:00 am",0,0,1,0.0520953,1,0
"Jun 25, 04:00 am",0,0,1,0.0520153,1,0
"Jun 25, 05:00 am",0,0,1,0.0519833,1,0
"Jun 25, 06:00 am",2820.18,0,1,0.0521429,1,0
"Jun 25, 07:00 am",2820.18,0,1,0.0522488,1,0
"Jun 25, 08:00 am",2820.18,0,1,0.0522777,1,0
"Jun 25, 09:00 am",1794.77,0,1,0.0522095,1,6.6
"Jun 25, 10:00 am",0,0,1,0.0519114,1,7.8
"Jun 25, 11:00 am",0,0,1,0.0517077,1,8.3
"Jun 25, 12:00 pm",0,0,1,0.0513121,1,8.5
"Jun 25, 01:00 pm",0,0,1,0.0512365,1,8.5
"Jun 25, 02:00 pm",428.711,0.446574,1,0.051193,1,833.3
"Jun 25, 03:00 pm",2866.59,3.004,1,0.0512455,1,795.5
"Jun 25, 04:00 pm",1471.79,1.53311,1,0.0514099,1,714.7
"Jun 25, 05:00 pm",383.609,0.399593,1,0.0515103,1,501.2
"Jun 25, 06:00 pm",221.832,0.231075,1,0.0515786,1,0
"Jun 25, 07:00 pm",0,0,1,0.0517109,1,0
"Jun 25, 08:00 pm",0,0,1,0.0518752,1,0
"Jun 25, 09:00 pm",0,0,1,0.0520715,1,0
"Jun 25, 10:00 pm",0,0,1,0.0522197,1,0
"Jun 25, 11:00 pm",0,0,1,0.0522879,1,0
"Jun 26, 12:00 am",0,0,1,0.052228,1,0
"Jun 26, 01:00 am",0,0,1,0.0522642,1,0
"Jun 26, 02:00 am",0,0,1,0.0522844,1,0
"Jun 26, 03:00 am",0,0,1,0.0523046,1,0
"Jun 26, 04:00 am",0,0,1,0.0523407,1,0
"Jun 26, 05:00 am",0,0,1,0.0524569,1,0
"Jun 26, 06:00 am",0,0,1,0.052493,1,0
"Jun 26, 07:00 am",0,0,1,0.0523212,1,0
"Jun 26, 08:00 am",0,0,1,0.0521174,1,0
"Jun 26, 09:00 am",16.2797,0,1,0.051674,1,6.5
"Jun 26, 10:00 am",0,0,1,0.0511507,1,7.7
"Jun 26, 11:00 am",0,0,1,0.0507713,1,8.2
"Jun 26, 12:00 pm",0,0,1,0.0504559,1,842.1
"Jun 26, 01:00 pm",2618.4,2.7275,1,0.0503166,1,844.2
"Jun 26, 02:00 pm",2478.73,2.58201,1,0.0501773,1,829.4
"Jun 26, 03:00 pm",2866.59,3.07659,1,0.0502301,1,794.2
"Jun 26, 04:00 pm",1491.7,1.55385,1,0.0505387,1,716.7
"Jun 26, 05:00 pm",383.366,0.399339,1,0.0506873,1,507.6
"Jun 26, 06:00 pm",221.499,0.230728,1,0.0508518,1,0
"Jun 26, 07:00 pm",0,0,1,0.0509363,1,0
"Jun 26, 08:00 pm",0,0,1,0.0510688,1,0
"Jun 26, 09:00 pm",0,0,1,0.0511693,1,0
"Jun 26, 10:00 pm",0,0,1,0.0512857,1,0
"Jun 26, 11:00 pm",0,0,1,0.0513381,1,0
"Jun 27, 12:00 am",0,0,1,0.0514545,1,0
"Jun 27, 01:00 am",0,0,1,0.0516188,1,0
"Jun 27, 02:00 am",0,0,1,0.0517511,1,0
"Jun 27, 03:00 am",0,0,1,0.0518194,1,0
"Jun 27, 04:00 am",0,0,1,0.0518236,1,0
"Jun 27, 05:00 am",0,0,1,0.0518439,1,0
"Jun 27, 06:00 am",0,0,1,0.0519921,1,0
"Jun 27, 07:00 am",0,0,1,0.0519004,1,0
"Jun 27, 08:00 am",0,0,1,0.0516829,1,0
"Jun 27, 09:00 am",78.3663,0,1,0.0512153,1,6.4
"Jun 27, 10:00 am",0,0,1,0.0507993,1,7.7
"Jun 27, 11:00 am",0,0,1,0.0504634,1,8.2
"Jun 27, 12:00 pm",0,0,1,0.0501434,1,8.4
"Jun 27, 01:00 pm",0,0,1,0.0500634,1,8.5
"Jun 27, 02:00 pm",0,0,1,0.0499834,1,8.4
"Jun 27, 03:00 pm",0,0,1,0.0500954,1,8
"Jun 27, 04:00 pm",0,0,1,0.0503994,1,7.2
"Jun 27, 05:00 pm",0,0,1,0.0507034,1,513.2
"Jun 27, 06:00 pm",0,0,1,0.0508793,1,0
"Jun 27, 07:00 pm",0,0,1,0.0510393,1,0
"Jun 27, 08:00 pm",0,0,1,0.0512153,1,0
"Jun 27, 09:00 pm",0,0,1,0.0514233,1,0
"Jun 27, 10:00 pm",0,0,1,0.0514873,1,0
"Jun 27, 11:00 pm",0,0,1,0.0515033,1,0
"Jun 28, 12:00 am",0,0,1,0.0514553,1,0
"Jun 28, 01:00 am",0,0,1,0.0513273,1,0
"Jun 28, 02:00 am",0,0,1,0.0512473,1,0
"Jun 28, 03:00 am",0,0,1,0.0513273,1,0
"Jun 28, 04:00 am",0,0,1,0.0515353,1,0
"Jun 28, 05:00 am",0,0,1,0.0515673,1,0
"Jun 28, 06:00 am",0,0,1,0.0514393,1,0
"Jun 28, 07:00 am",0,0,1,0.0513913,1,0
"Jun 28, 08:00 am",0,0,1,0.0515353,1,0
"Jun 28, 09:00 am",0,0,1,0.0514393,1,6.3
"Jun 28, 10:00 am",0,0,1,0.0512793,1,7.5
"Jun 28, 11:00 am",0,0,1,0.0513273,1,8.1
"Jun 28, 12:00 pm",0,0,1,0.0513593,1,8.3
"Jun 28, 01:00 pm",0,0,1,0.0513113,1,8.4
"Jun 28, 02:00 pm",0,0,1,0.0513753,1,8.2
"Jun 28, 03:00 pm",0,0,1,0.0514233,1,7.9
"Jun 28, 04:00 pm",0,0,1,0.0514873,1,7.1
"Jun 28, 05:00 pm",0,0,1,0.0515673,1,505.8
"Jun 28, 06:00 pm",0,0,1,0.0515353,1,0
"Jun 28, 07:00 pm",0,0,1,0.0515673,1,0
"Jun 28, 08:00 pm",0,0,1,0.0515673,1,0
"Jun 28, 09:00 pm",0,0,1,0.0515673,1,0
"Jun 28, 10:00 pm",0,0,1,0.0515833,1,0
"Jun 28, 11:00 pm",0,0,1,0.0516313,1,0
"Jun 29, 12:00 am",0,0,1,0.0517753,1,0
"Jun 29, 01:00 am",0,0,1,0.0518073,1,0
"Jun 29, 02:00 am",0,0,1,0.0519513,1,0
"Jun 29, 03:00 am",0,0,1,0.0521273,1,0
"Jun 29, 04:00 am",0,0,1,0.0521273,1,0
"Jun 29, 05:00 am",0,0,1,0.0521593,1,0
"Jun 29, 06:00 am",0,0,1,0.0523033,1,0
"Jun 29, 07:00 am",0,0,1,0.0523833,1,0
"Jun 29, 08:00 am",0,0,1,0.0521593,1,0
"Jun 29, 09:00 am",0,0,1,0.0517273,1,669.3
"Jun 29, 10:00 am",2041.07,2.12611,1,0.0512473,1,795
"Jun 29, 11:00 am",2866.59,3.36498,1,0.0510266,1,849.8
"Jun 29, 12:00 pm",687.782,0.403527,1,0.0508055,1,8.7
"Jun 29, 01:00 pm",230.692,0.240305,1,0.0506903,1,8.8
"Jun 29, 02:00 pm",0,0,1,0.0505274,1,8.6
"Jun 29, 03:00 pm",0,0,1,0.0506393,1,8.3
"Jun 29, 04:00 pm",0,0,1,0.0508793,1,7.5
"Jun 29, 05:00 pm",0,0,1,0.0510073,1,547.1
"Jun 29, 06:00 pm",0,0,1,0.0511033,1,0
"Jun 29, 07:00 pm",0,0,1,0.0511353,1,0
"Jun 29, 08:00 pm",0,0,1,0.0512153,1,0
"Jun 29, 09:00 pm",0,0,1,0.0512473,1,0
"Jun 29, 10:00 pm",0,0,1,0.0512953,1,0
"Jun 29, 11:00 pm",0,0,1,0.0513593,1,0
"Jun 30, 12:00 am",0,0,1,0.0513593,1,0
"Jun 30, 01:00 am",0,0,1,0.0514073,1,0
"Jun 30, 02:00 am",0,0,1,0.0514873,1,0
"Jun 30, 03:00 am",0,0,1,0.0515673,1,0
"Jun 30, 04:00 am",0,0,1,0.0516313,1,0
"Jun 30, 05:00 am",0,0,1,0.0515993,1,0
"Jun 30, 06:00 am",0,0,1,0.0516153,1,0
"Jun 30, 07:00 am",0,0,1,0.0515993,1,0
"Jun 30, 08:00 am",0,0,1,0.0514393,1,0
"Jun 30, 09:00 am",0,0,1,0.0511833,1,6.6
"Jun 30, 10:00 am",0,0,1,0.0508633,1,7.8
"Jun 30, 11:00 am",0,0,1,0.0507513,1,8.3
"Jun 30, 12:00 pm",0,0,1,0.0506553,1,8.4
"Jun 30, 01:00 pm",0,0,1,0.0506233,1,8.5
"Jun 30, 02:00 pm",0,0,1,0.0506714,1,8.3
"Jun 30, 03:00 pm",0,0,1,0.0507833,1,7.9
"Jun 30, 04:00 pm",0,0,1,0.0509113,1,7.2
"Jun 30, 05:00 pm",0,0,1,0.0510713,1,512
"Jun 30, 06:00 pm",0,0,1,0.0511193,1,0
"Jun 30, 07:00 pm",0,0,1,0.0512153,1,0
"Jun 30, 08:00 pm",0,0,1,0.0512953,1,0
"Jun 30, 09:00 pm",0,0,1,0.0511833,1,0
"Jun 30, 10:00 pm",0,0,1,0.0511673,1,0
"Jun 30, 11:00 pm",0,0,1,0.0511513,1,0
"Jul 1, 12:00 am",0,0,1,0.0515193,1,0
"Jul 1, 01:00 am",0,0,1,0.0515673,1,0
"Jul 1, 02:00 am",0,0,1,0.0516473,1,0
"Jul 1, 03:00 am",0,0,1,0.0516953,1,0
"Jul 1, 04:00 am",0,0,1,0.0517433,1,0
"Jul 1, 05:00 am",0,0,1,0.0517753,1,0
"Jul 1, 06:00 am",0,0,1,0.0518713,1,0
"Jul 1, 07:00 am",0,0,1,0.0518873,1,0
"Jul 1, 08:00 am",0,0,1,0.0517113,1,0
"Jul 1, 09:00 am",0,0,1,0.0513273,1,650.9
"Jul 1, 10:00 am",0,0,1,0.0508473,1,7.7
"Jul 1, 11:00 am",0,0,1,0.0506233,1,8.3
"Jul 1, 12:00 pm",0,1.45276,1,0.0503514,1,845.8
"Jul 1, 01:00 pm",0,2.48566,1,0.0504514,1,848
"Jul 1, 02:00 pm",0,2.61986,1,0.0506295,1,833.4
"Jul 1, 03:00 pm",0,3.09596,1,0.0508263,1,795.9
"Jul 1, 04:00 pm",0,1.64618,1,0.0511035,1,717.7
"Jul 1, 05:00 pm",0,0.440044,1,0.0512504,1,513.5
"Jul 1, 06:00 pm",0,0.261474,1,0.0511724,1,0
"Jul 1, 07:00 pm",0,0,1,0.0511452,1,0
"Jul 1, 08:00 pm",0,0,1,0.0511787,1,0
"Jul 1, 09:00 pm",0,0,1,0.0511961,1,0
"Jul 1, 10:00 pm",0,0,1,0.0511496,1,0
"Jul 1, 11:00 pm",0,0,1,0.0511191,1,0
"Jul 2, 12:00 am",0,0,1,0.0512165,1,0
"Jul 2, 01:00 am",0,0,1,0.0512979,1,0
"Jul 2, 02:00 am",0,0,1,0.0512034,1,0
"Jul 2, 03:00 am",0,0,1,0.0511568,1,0
"Jul 2, 04:00 am",0,0,1,0.0510623,1,0
"Jul 2, 05:00 am",0,0,1,0.0510158,1,0
"Jul 2, 06:00 am",2830.68,0,1,0.0511892,1,0
"Jul 2, 07:00 am",2823.86,0,1,0.0515176,1,0
"Jul 2, 08:00 am",2820.18,0,1,0.051682,1,0
"Jul 2, 09:00 am",1697.99,0,1,0.0516934,1,6.3
"Jul 2, 10:00 am",0,0,1,0.0515547,1,7.5
"Jul 2, 11:00 am",0,0,1,0.051463,1,8
"Jul 2, 12:00 pm",0,0,1,0.0514034,1,8.3
"Jul 2, 01:00 pm",0,0,1,0.0512479,1,8.3
"Jul 2, 02:00 pm",0,0,1,0.0512683,1,8.2
"Jul 2, 03:00 pm",0,0,1,0.0513048,1,7.8
"Jul 2, 04:00 pm",0,0,1,0.0514372,1,7.1
"Jul 2, 05:00 pm",0,0,1,0.0515056,1,508
"Jul 2, 06:00 pm",0,0,1,0.0515899,1,0
"Jul 2, 07:00 pm",0,0,1,0.0517063,1,0
"Jul 2, 08:00 pm",0,0,1,0.0517586,1,0
"Jul 2, 09:00 pm",0,0,1,0.0517789,1,0
"Jul 2, 10:00 pm",0,0,1,0.0518632,1,0
"Jul 2, 11:00 pm",0,0,1,0.0517715,1,0
"Jul 3, 12:00 am",0,0,1,0.0517439,1,0
"Jul 3, 01:00 am",0,0,1,0.0517002,1,0
"Jul 3, 02:00 am",0,0,1,0.0516246,1,0
"Jul 3, 03:00 am",0,0,1,0.0515969,1,0
"Jul 3, 04:00 am",0,0,1,0.0515533,1,0
"Jul 3, 05:00 am",0,0,1,0.0515577,1,0
"Jul 3, 06:00 am",0,0,1,0.0515941,1,0
"Jul 3, 07:00 am",0,0,1,0.0516144,1,0
"Jul 3, 08:00 am",0,0,1,0.0515228,1,0
"Jul 3, 09:00 am",0,0,1,0.0513352,1,6.5
"Jul 3, 10:00 am",0,0,1,0.0510997,1,7.8
"Jul 3, 11:00 am",0,0,1,0.0510722,1,8.3
"Jul 3, 12:00 pm",0,0,1,0.0510128,1,8.5
"Jul 3, 01:00 pm",0,0,1,0.0509693,1,8.5
"Jul 3, 02:00 pm",0,0,1,0.0509738,1,8.4
"Jul 3, 03:00 pm",0,0,1,0.0510584,1,8
"Jul 3, 04:00 pm",0,0,1,0.0512389,1,7.3
"Jul 3, 05:00 pm",0,0,1,0.0514353,1,5.2
"Jul 3, 06:00 pm",0,0,1,0.0515357,1,0
"Jul 3, 07:00 pm",0,0,1,0.0516361,1,0
"Jul 3, 08:00 pm",0,0,1,0.0516725,1,0
"Jul 3, 09:00 pm",0,0,1,0.0516929,1,0
"Jul 3, 10:00 pm",0,0,1,0.0516812,1,0
"Jul 3, 11:00 pm",0,0,1,0.0517016,1,0
"Jul 4, 12:00 am",0,0,1,0.0516899,1,0
"Jul 4, 01:00 am",0,0,1,0.0516943,1,0
"Jul 4, 02:00 am",0,0,1,0.0517307,1,0
"Jul 4, 03:00 am",0,0,1,0.051735,1,0
"Jul 4, 04:00 am",0,0,1,0.0517554,1,0
"Jul 4, 05:00 am",0,0,1,0.0517917,1,0
"Jul 4, 06:00 am",0,0,1,0.051876,1,0
"Jul 4, 07:00 am",0,0,1,0.0518804,1,0
"Jul 4, 08:00 am",0,0,1,0.0516489,1,0
"Jul 4, 09:00 am",0,0,1,0.0513593,1,696.5
"Jul 4, 10:00 am",59.2445,0.061713,1,0.0509273,1,8.2
"Jul 4, 11:00 am",105.147,0.109528,1,0.0506393,1,8.7
"Jul 4, 12:00 pm",1273.82,1.32689,1,0.0503514,1,891.7
"Jul 4, 01:00 pm",2586.16,2.69392,1,0.0503354,1,896.6
"Jul 4, 02:00 pm",2699.74,2.81223,1,0.0503194,1,885.7
"Jul 4, 03:00 pm",2866.59,3.34444,1,0.0503548,1,851.9
"Jul 4, 04:00 pm",2072.28,1.86401,1,0.0506772,1,778.7
"Jul 4, 05:00 pm",383.271,0.399241,1,0.0509618,1,584.1
"Jul 4, 06:00 pm",221.278,0.230498,1,0.0512313,1,0
"Jul 4, 07:00 pm",0,0,1,0.0514233,1,0
"Jul 4, 08:00 pm",0,0,1,0.0516473,1,0
"Jul 4, 09:00 pm",0,0,1,0.0518233,1,0
"Jul 4, 10:00 pm",0,0,1,0.0519513,1,0
"Jul 4, 11:00 pm",0,0,1,0.0519673,1,0
"Jul 5, 12:00 am",0,0,1,0.0520313,1,0
"Jul 5, 01:00 am",0,0,1,0.0521113,1,0
"Jul 5, 02:00 am",0,0,1,0.0521753,1,0
"Jul 5, 03:00 am",0,0,1,0.0521273,1,0
"Jul 5, 04:00 am",0,0,1,0.0520633,1,0
"Jul 5, 05:00 am",0,0,1,0.0519833,1,0
"Jul 5, 06:00 am",0,0,1,0.0519513,1,0
"Jul 5, 07:00 am",0,0,1,0.0518553,1,0
"Jul 5, 08:00 am",0,0,1,0.0518393,1,0
"Jul 5, 09:00 am",0,0,1,0.0513913,1,7
"Jul 5, 10:00 am",0,0,1,0.0509593,1,8.2
"Jul 5, 11:00 am",0,0,1,0.0508953,1,8.7
"Jul 5, 12:00 pm",0,0,1,0.0502554,1,8.9
"Jul 5, 01:00 pm",0,0,1,0.0500634,1,8.9
"Jul 5, 02:00 pm",0,0,1,0.0500794,1,8.8
"Jul 5, 03:00 pm",0,0,1,0.0502554,1,8.4
"Jul 5, 04:00 pm",0,0,1,0.0505753,1,7.7
"Jul 5, 05:00 pm",0,0,1,0.0508153,1,5.7
"Jul 5, 06:00 pm",0,0,1,0.0510393,1,0
"Jul 5, 07:00 pm",0,0,1,0.0512473,1,0
"Jul 5, 08:00 pm",0,0,1,0.0513913,1,0
"Jul 5, 09:00 pm",0,0,1,0.0514233,1,0
"Jul 5, 10:00 pm",0,0,1,0.0515353,1,0
"Jul 5, 11:00 pm",0,0,1,0.0517113,1,0
"Jul 6, 12:00 am",0,0,1,0.0517913,1,0
"Jul 6, 01:00 am",0,0,1,0.0518393,1,0
"Jul 6, 02:00 am",0,0,1,0.0518713,1,0
"Jul 6, 03:00 am",0,0,1,0.0518393,1,0
"Jul 6, 04:00 am",0,0,1,0.0518233,1,0
"Jul 6, 05:00 am",0,0,1,0.0518713,1,0
"Jul 6, 06:00 am",0,0,1,0.0519833,1,0
"Jul 6, 07:00 am",0,0,1,0.0519193,1,0
"Jul 6, 08:00 am",0,0,1,0.0516153,1,0
"Jul 6, 09:00 am",0,0,1,0.0512953,1,6.7
"Jul 6, 10:00 am",0,0,1,0.0506714,1,7.9
"Jul 6, 11:00 am",0,0,1,0.0502074,1,8.3
"Jul 6, 12:00 pm",0,0,1,0.0497914,1,850.6
"Jul 6, 01:00 pm",1574.16,1.63975,1,0.0496794,1,851.4
"Jul 6, 02:00 pm",2517.7,2.6226,1,0.0495834,1,835.8
"Jul 6, 03:00 pm",2866.59,3.14593,1,0.0496794,1,801.9
"Jul 6, 04:00 pm",1716.74,1.78827,1,0.0499994,1,728
"Jul 6, 05:00 pm",382.372,0.398304,1,0.0504474,1,534.4
"Jul 6, 06:00 pm",220.68,0.229875,1,0.0506553,1,0
"Jul 6, 07:00 pm",0,0,1,0.0507993,1,0
"Jul 6, 08:00 pm",0,0,1,0.0509113,1,0
"Jul 6, 09:00 pm",0,0,1,0.0510393,1,0
"Jul 6, 10:00 pm",0,0,1,0.0511833,1,0
"Jul 6, 11:00 pm",0,0,1,0.0512953,1,0
"Jul 7, 12:00 am",0,0,1,0.0513753,1,0
"Jul 7, 01:00 am",0,0,1,0.0514393,1,0
"Jul 7, 02:00 am",0,0,1,0.0515033,1,0
"Jul 7, 03:00 am",0,0,1,0.0515993,1,0
"Jul 7, 04:00 am",0,0,1,0.0516953,1,0
"Jul 7, 05:00 am",0,0,1,0.0517593,1,0
"Jul 7, 06:00 am",0,0,1,0.0518233,1,0
"Jul 7, 07:00 am",0,0,1,0.0518073,1,0
"Jul 7, 08:00 am",0,0,1,0.0517273,1,0
"Jul 7, 09:00 am",0,0,1,0.0515513,1,6.6
"Jul 7, 10:00 am",0,0,1,0.0511833,1,7.8
"Jul 7, 11:00 am",0,0,1,0.0509753,1,8.3
"Jul 7, 12:00 pm",0,0,1,0.0507673,1,8.5
"Jul 7, 01:00 pm",0,0,1,0.0508633,1,8.5
"Jul 7, 02:00 pm",0,0,1,0.0508793,1,8.3
"Jul 7, 03:00 pm",0,0,1,0.0508793,1,8
"Jul 7, 04:00 pm",0,0,1,0.0510553,1,7.2
"Jul 7, 05:00 pm",0,0,1,0.0512633,1,5.4
"Jul 7, 06:00 pm",0,0,1,0.0513593,1,0
"Jul 7, 07:00 pm",0,0,1,0.0514393,1,0
"Jul 7, 08:00 pm",0,0,1,0.0515353,1,0
"Jul 7, 09:00 pm",0,0,1,0.0515993,1,0
"Jul 7, 10:00 pm",0,0,1,0.0516313,1,0
"Jul 7, 11:00 pm",0,0,1,0.0515353,1,0
"Jul 8, 12:00 am",0,0,1,0.0515033,1,0
"Jul 8, 01:00 am",0,0,1,0.0514553,1,0
"Jul 8, 02:00 am",0,0,1,0.0515193,1,0
"Jul 8, 03:00 am",0,0,1,0.0515993,1,0
"Jul 8, 04:00 am",0,0,1,0.0515673,1,0
"Jul 8, 05:00 am",0,0,1,0.0515833,1,0
"Jul 8, 06:00 am",0,0,1,0.0517433,1,0
"Jul 8, 07:00 am",0,0,1,0.0517433,1,0
"Jul 8, 08:00 am",0,0,1,0.0516473,1,0
"Jul 8, 09:00 am",0,0,1,0.0514873,1,6.8
"Jul 8, 10:00 am",0,0,1,0.0509433,1,8
"Jul 8, 11:00 am",0,0,1,0.0505114,1,8.5
"Jul 8, 12:00 pm",0,0,1,0.0500474,1,873.9
"Jul 8, 01:00 pm",0,1.88522,1,0.0500497,1,876.1
"Jul 8, 02:00 pm",0,2.76333,1,0.0501622,1,862.4
"Jul 8, 03:00 pm",0,3.27678,1,0.0503094,1,828.3
"Jul 8, 04:00 pm",0,1.92703,1,0.0508115,1,755.1
"Jul 8, 05:00 pm",0,0.439024,1,0.051162,1,565.8
"Jul 8, 06:00 pm",0,0.26069,1,0.0513105,1,0
"Jul 8, 07:00 pm",0,0,1,0.0514816,1,0
"Jul 8, 08:00 pm",0,0,1,0.0516733,1,0
"Jul 8, 09:00 pm",0,0,1,0.0518009,1,0
"Jul 8, 10:00 pm",0,0,1,0.0518645,1,0
"Jul 8, 11:00 pm",0,0,1,0.051928,1,0
"Jul 9, 12:00 am",0,0,1,0.0519756,1,0
"Jul 9, 01:00 am",0,0,1,0.0520072,1,0
"Jul 9, 02:00 am",0,0,1,0.0520387,1,0
"Jul 9, 03:00 am",0,0,1,0.0520542,1,0
"Jul 9, 04:00 am",0,0,1,0.0520538,1,0
"Jul 9, 05:00 am",0,0,1,0.0519733,1,0
"Jul 9, 06:00 am",2835.42,0,1,0.0521706,1,0
"Jul 9, 07:00 am",2826.35,0,1,0.0524579,1,0
"Jul 9, 08:00 am",2820.45,0,1,0.0522995,1,0
"Jul 9, 09:00 am",323.335,0,1,0.0520587,1,683.8
"Jul 9, 10:00 am",2866.59,3.956,1,0.0513834,1,802.4
"Jul 9, 11:00 am",2866.59,3.54031,1,0.050833,1,852.7
"Jul 9, 12:00 pm",2866.59,3.03428,1,0.0502934,1,874.5
"Jul 9, 01:00 pm",2866.54,2.69699,1,0.0500708,1,878.5
"Jul 9, 02:00 pm",2866.54,2.80365,1,0.0498846,1,866.5
"Jul 9, 03:00 pm",2866.59,3.31101,1,0.0497809,1,834.2
"Jul 9, 04:00 pm",2866.54,1.97556,1,0.0501996,1,763.3
"Jul 9, 05:00 pm",567.271,0.399237,1,0.050603,1,578.1
"Jul 9, 06:00 pm",221.637,0.230871,1,0.0509301,1,0
"Jul 9, 07:00 pm",0,0,1,0.0511746,1,0
"Jul 9, 08:00 pm",0,0,1,0.0513871,1,0
"Jul 9, 09:00 pm",0,0,1,0.0515355,1,0
"Jul 9, 10:00 pm",0,0,1,0.0516199,1,0
"Jul 9, 11:00 pm",0,0,1,0.0517042,1,0
"Jul 10, 12:00 am",0,0,1,0.0517725,1,0
"Jul 10, 01:00 am",0,0,1,0.0518089,1,0
"Jul 10, 02:00 am",0,0,1,0.0518772,1,0
"Jul 10, 03:00 am",0,0,1,0.0519775,1,0
"Jul 10, 04:00 am",0,0,1,0.0520297,1,0
"Jul 10, 05:00 am",0,0,1,0.05205,1,0
"Jul 10, 06:00 am",0,0,1,0.0522142,1,0
"Jul 10, 07:00 am",0,0,1,0.0522984,1,0
"Jul 10, 08:00 am",0,0,1,0.0519666,1,0
"Jul 10, 09:00 am",0,0,1,0.051619,1,6.9
"Jul 10, 10:00 am",0,0,1,0.0507915,1,8.1
"Jul 10, 11:00 am",0,0,1,0.0503961,1,8.6
"Jul 10, 12:00 pm",0,0,1,0.0497929,1,879.4
"Jul 10, 01:00 pm",2866.59,3.23527,1,0.0497018,1,880.7
"Jul 10, 02:00 pm",2866.53,2.82092,1,0.0496301,1,865.9
"Jul 10, 03:00 pm",2866.59,3.31223,1,0.0497837,1,832.2
"Jul 10, 04:00 pm",2219.24,1.99749,1,0.0502433,1,760.3
"Jul 10, 05:00 pm",382.94,0.398896,1,0.0505418,1,575.2
"Jul 10, 06:00 pm",220.883,0.230087,1,0.0507864,1,0
"Jul 10, 07:00 pm",0,0,1,0.051015,1,0
"Jul 10, 08:00 pm",0,0,1,0.0512275,1,0
"Jul 10, 09:00 pm",0,0,1,0.0514239,1,0
"Jul 10, 10:00 pm",0,0,1,0.0515883,1,0
"Jul 10, 11:00 pm",0,0,1,0.0517367,1,0
"Jul 11, 12:00 am",0,0,1,0.051853,1,0
"Jul 11, 01:00 am",0,0,1,0.0519853,1,0
"Jul 11, 02:00 am",0,0,1,0.0521496,1,0
"Jul 11, 03:00 am",0,0,1,0.0522498,1,0
"Jul 11, 04:00 am",0,0,1,0.0522061,1,0
"Jul 11, 05:00 am",0,0,1,0.0521143,1,0
"Jul 11, 06:00 am",0,0,1,0.0520546,1,0
"Jul 11, 07:00 am",0,0,1,0.051888,1,0
"Jul 11, 08:00 am",0,0,1,0.0516633,1,0
"Jul 11, 09:00 am",0,0,1,0.0513273,1,716.9
"Jul 11, 10:00 am",2866.59,4.34658,1,0.0505842,1,829.3
"Jul 11, 11:00 am",2866.59,3.66888,1,0.050188,1,875.6
"Jul 11, 12:00 pm",2866.59,3.11187,1,0.0496665,1,889.1
"Jul 11, 01:00 pm",2866.53,2.7562,1,0.0495868,1,886.5
"Jul 11, 02:00 pm",1914.13,0.402357,1,0.0496163,1,8.7
"Jul 11, 03:00 pm",231.891,0.241553,1,0.0497022,1,8.3
"Jul 11, 04:00 pm",96.3988,0.100415,1,0.0500121,1,7.6
"Jul 11, 05:00 pm",4.25066e-13,0,1,0.0503529,1,571.3
"Jul 11, 06:00 pm",0,0,1,0.0505656,1,0
"Jul 11, 07:00 pm",0,0,1,0.0507622,1,0
"Jul 11, 08:00 pm",0,0,1,0.0509108,1,0
"Jul 11, 09:00 pm",0,0,1,0.0510282,1,0
"Jul 11, 10:00 pm",0,0,1,0.0510873,1,0
"Jul 11, 11:00 pm",0,0,1,0.0511193,1,0
"Jul 12, 12:00 am",0,0,1,0.0511833,1,0
"Jul 12, 01:00 am",0,0,1,0.0512633,1,0
"Jul 12, 02:00 am",0,0,1,0.0513433,1,0
"Jul 12, 03:00 am",0,0,1,0.0513753,1,0
"Jul 12, 04:00 am",0,0,1,0.0513433,1,0
"Jul 12, 05:00 am",0,0,1,0.0513433,1,0
"Jul 12, 06:00 am",0,0,1,0.0513433,1,0
"Jul 12, 07:00 am",0,0,1,0.0514073,1,0
"Jul 12, 08:00 am",0,0,1,0.0512953,1,0
"Jul 12, 09:00 am",0,0,1,0.0509753,1,6.6
"Jul 12, 10:00 am",0,0,1,0.0507034,1,7.8
"Jul 12, 11:00 am",0,0,1,0.0504794,1,8.2
"Jul 12, 12:00 pm",0,0,1,0.0503354,1,8.4
"Jul 12, 01:00 pm",0,0,1,0.0503354,1,8.5
"Jul 12, 02:00 pm",0,0,1,0.0504314,1,832.8
"Jul 12, 03:00 pm",2866.59,3.1895,1,0.0505753,1,799.8
"Jul 12, 04:00 pm",575.335,0.420549,1,0.0507673,1,7.3
"Jul 12, 05:00 pm",223.02,0.232313,1,0.0510073,1,547.9
"Jul 12, 06:00 pm",0,0,1,0.0510873,1,0
"Jul 12, 07:00 pm",0,0,1,0.0512313,1,0
"Jul 12, 08:00 pm",0,0,1,0.0513593,1,0
"Jul 12, 09:00 pm",0,0,1,0.0514233,1,0
"Jul 12, 10:00 pm",0,0,1,0.0514553,1,0
"Jul 12, 11:00 pm",0,0,1,0.0514713,1,0
"Jul 13, 12:00 am",0,0,1,0.0515193,1,0
"Jul 13, 01:00 am",0,0,1,0.0515513,1,0
"Jul 13, 02:00 am",0,0,1,0.0515833,1,0
"Jul 13, 03:00 am",0,0,1,0.0515993,1,0
"Jul 13, 04:00 am",0,0,1,0.0516153,1,0
"Jul 13, 05:00 am",0,0,1,0.0517273,1,0
"Jul 13, 06:00 am",0,0,1,0.0518713,1,0
"Jul 13, 07:00 am",0,0,1,0.0519833,1,0
"Jul 13, 08:00 am",0,0,1,0.0517913,1,0
"Jul 13, 09:00 am",0,0,1,0.0514873,1,660.3
"Jul 13, 10:00 am",315.388,0.328529,1,0.0511353,1,7.8
"Jul 13, 11:00 am",331.883,0.345712,1,0.0508793,1,8.4
"Jul 13, 12:00 pm",160.629,0.167322,1,0.0506393,1,8.5
"Jul 13, 01:00 pm",0,0,1,0.0505274,1,8.6
"Jul 13, 02:00 pm",0,0,1,0.0505913,1,8.4
"Jul 13, 03:00 pm",0,0,1,0.0506714,1,8.1
"Jul 13, 04:00 pm",0,0,1,0.0508633,1,7.4
"Jul 13, 05:00 pm",0,0,1,0.0510233,1,561.7
"Jul 13, 06:00 pm",0,0,1,0.0511833,1,0
"Jul 13, 07:00 pm",0,0,1,0.0513433,1,0
"Jul 13, 08:00 pm",0,0,1,0.0514713,1,0
"Jul 13, 09:00 pm",0,0,1,0.0515673,1,0
"Jul 13, 10:00 pm",0,0,1,0.0516313,1,0
"Jul 13, 11:00 pm",0,0,1,0.0517113,1,0
"Jul 14, 12:00 am",0,0,1,0.0517273,1,0
"Jul 14, 01:00 am",0,0,1,0.0517593,1,0
"Jul 14, 02:00 am",0,0,1,0.0517273,1,0
"Jul 14, 03:00 am",0,0,1,0.0516473,1,0
"Jul 14, 04:00 am",0,0,1,0.0518713,1,0
"Jul 14, 05:00 am",0,0,1,0.0519513,1,0
"Jul 14, 06:00 am",0,0,1,0.0519673,1,0
"Jul 14, 07:00 am",0,0,1,0.0520313,1,0
"Jul 14, 08:00 am",0,0,1,0.0519993,1,0
"Jul 14, 09:00 am",0,0,1,0.0519353,1,6.5
"Jul 14, 10:00 am",0,0,1,0.0517913,1,7.7
"Jul 14, 11:00 am",0,0,1,0.0516313,1,8.3
"Jul 14, 12:00 pm",0,0,1,0.0515193,1,8.5
"Jul 14, 01:00 pm",0,0,1,0.0515033,1,8.5
"Jul 14, 02:00 pm",0,0,1,0.0514393,1,8.4
"Jul 14, 03:00 pm",0,0,1,0.0514553,1,8.1
"Jul 14, 04:00 pm",0,0,1,0.0515353,1,7.4
"Jul 14, 05:00 pm",0,0,1,0.0516153,1,560.9
"Jul 14, 06:00 pm",0,0,1,0.0516793,1,0
"Jul 14, 07:00 pm",0,0,1,0.0517113,1,0
"Jul 14, 08:00 pm",0,0,1,0.0517113,1,0
"Jul 14, 09:00 pm",0,0,1,0.0516953,1,0
"Jul 14, 10:00 pm",0,0,1,0.0516473,1,0
"Jul 14, 11:00 pm",0,0,1,0.0516953,1,0
"Jul 15, 12:00 am",0,0,1,0.0517273,1,0
"Jul 15, 01:00 am",0,0,1,0.0517913,1,0
"Jul 15, 02:00 am",0,0,1,0.0518233,1,0
"Jul 15, 03:00 am",0,0,1,0.0518553,1,0
"Jul 15, 04:00 am",0,0,1,0.0518713,1,0
"Jul 15, 05:00 am",0,0,1,0.0519513,1,0
"Jul 15, 06:00 am",0,0,1,0.0520313,1,0
"Jul 15, 07:00 am",0,0,1,0.0521593,1,0
"Jul 15, 08:00 am",0,0,1,0.0519673,1,0
"Jul 15, 09:00 am",0,0,1,0.0517273,1,663.3
"Jul 15, 10:00 am",0,2.41659,1,0.0513433,1,782
"Jul 15, 11:00 am",0,3.51423,1,0.051213,1,834
"Jul 15, 12:00 pm",0,0.444094,1,0.0510992,1,8.6
"Jul 15, 01:00 pm",0,0.271749,1,0.0509082,1,8.6
"Jul 15, 02:00 pm",0,0,1,0.0508953,1,8.5
"Jul 15, 03:00 pm",0,0,1,0.0510553,1,8.2
"Jul 15, 04:00 pm",0,0,1,0.0512633,1,7.4
"Jul 15, 05:00 pm",0,0,1,0.0514713,1,566.5
"Jul 15, 06:00 pm",0,0,1,0.0516953,1,0
"Jul 15, 07:00 pm",0,0,1,0.0518233,1,0
"Jul 15, 08:00 pm",0,0,1,0.0519353,1,0
"Jul 15, 09:00 pm",0,0,1,0.0520473,1,0
"Jul 15, 10:00 pm",0,0,1,0.0521273,1,0
"Jul 15, 11:00 pm",0,0,1,0.0522073,1,0
"Jul 16, 12:00 am",0,0,1,0.0522713,1,0
"Jul 16, 01:00 am",0,0,1,0.0523513,1,0
"Jul 16, 02:00 am",0,0,1,0.0524313,1,0
"Jul 16, 03:00 am",0,0,1,0.0524793,1,0
"Jul 16, 04:00 am",0,0,1,0.0523673,1,0
"Jul 16, 05:00 am",0,0,1,0.0522393,1,0
"Jul 16, 06:00 am",2820.18,0,1,0.0522163,1,0
"Jul 16, 07:00 am",2820.18,0,1,0.0523951,1,0
"Jul 16, 08:00 am",155.316,0,1,0.052364,1,0
"Jul 16, 09:00 am",0,0,1,0.0521469,1,6.6
"Jul 16, 10:00 am",0,0,1,0.0517832,1,7.8
"Jul 16, 11:00 am",0,0,1,0.0515316,1,8.3
"Jul 16, 12:00 pm",0,0,1,0.05136,1,8.5
"Jul 16, 01:00 pm",0,0,1,0.0512205,1,8.5
"Jul 16, 02:00 pm",0,0,1,0.0512569,1,8.4
"Jul 16, 03:00 pm",0,0,1,0.0513254,1,8.1
"Jul 16, 04:00 pm",0,0,1,0.0515058,1,7.4
"Jul 16, 05:00 pm",0,0,1,0.0516222,1,5.7
"Jul 16, 06:00 pm",0,0,1,0.0517706,1,0
"Jul 16, 07:00 pm",0,0,1,0.0519029,1,0
"Jul 16, 08:00 pm",0,0,1,0.0520032,1,0
"Jul 16, 09:00 pm",0,0,1,0.0521034,1,0
"Jul 16, 10:00 pm",0,0,1,0.0521557,1,0
"Jul 16, 11:00 pm",0,0,1,0.0521599,1,0
"Jul 17, 12:00 am",0,0,1,0.0522281,1,0
"Jul 17, 01:00 am",0,0,1,0.0522964,1,0
"Jul 17, 02:00 am",0,0,1,0.0523485,1,0
"Jul 17, 03:00 am",0,0,1,0.0524167,1,0
"Jul 17, 04:00 am",0,0,1,0.0524529,1,0
"Jul 17, 05:00 am",0,0,1,0.052473,1,0
"Jul 17, 06:00 am",0,0,1,0.0525252,1,0
"Jul 17, 07:00 am",0,0,1,0.0525454,1,0
"Jul 17, 08:00 am",0,0,1,0.0521495,1,0
"Jul 17, 09:00 am",0,0,1,0.0517698,1,671.7
"Jul 17, 10:00 am",2342.99,2.46863,1,0.0513931,1,789.5
"Jul 17, 11:00 am",2866.59,3.5998,1,0.0510616,1,841.5
"Jul 17, 12:00 pm",2866.59,3.13424,1,0.0508112,1,864
"Jul 17, 01:00 pm",2866.54,2.8061,1,0.0506302,1,868.9
"Jul 17, 02:00 pm",2866.54,2.90223,1,0.0505594,1,858.1
"Jul 17, 03:00 pm",2866.59,3.38291,1,0.0506936,1,827.3
"Jul 17, 04:00 pm",2785.14,2.18022,1,0.051076,1,759.9
"Jul 17, 05:00 pm",383.304,0.399275,1,0.0514298,1,589.7
"Jul 17, 06:00 pm",220.894,0.230097,1,0.0516262,1,0
"Jul 17, 07:00 pm",0,0,1,0.0517779,1,0
"Jul 17, 08:00 pm",0,0,1,0.0519353,1,0
"Jul 17, 09:00 pm",0,0,1,0.0520473,1,0
"Jul 17, 10:00 pm",0,0,1,0.0521113,1,0
"Jul 17, 11:00 pm",0,0,1,0.0521913,1,0
"Jul 18, 12:00 am",0,0,1,0.0522713,1,0
"Jul 18, 01:00 am",0,0,1,0.0523513,1,0
"Jul 18, 02:00 am",0,0,1,0.0524473,1,0
"Jul 18, 03:00 am",0,0,1,0.0525273,1,0
"Jul 18, 04:00 am",0,0,1,0.0525753,1,0
"Jul 18, 05:00 am",0,0,1,0.0526393,1,0
"Jul 18, 06:00 am",0,0,1,0.0527033,1,0
"Jul 18, 07:00 am",0,0,1,0.0525433,1,0
"Jul 18, 08:00 am",0,0,1,0.0522553,1,0
"Jul 18, 09:00 am",0,0,1,0.0516953,1,706.6
"Jul 18, 10:00 am",2866.59,4.46225,1,0.0511649,1,817.4
"Jul 18, 11:00 am",2866.59,3.74843,1,0.0507877,1,864.9
"Jul 18, 12:00 pm",2866.59,3.23451,1,0.0503541,1,883.8
"Jul 18, 01:00 pm",2866.53,2.88839,1,0.0500558,1,886
"Jul 18, 02:00 pm",2866.53,2.9795,1,0.0498262,1,873.2
"Jul 18, 03:00 pm",2866.59,3.46612,1,0.049877,1,841.9
"Jul 18, 04:00 pm",2866.54,2.25343,1,0.0501844,1,775.1
"Jul 18, 05:00 pm",1947.65,0.399413,1,0.0506285,1,606.9
"Jul 18, 06:00 pm",221.537,0.230768,1,0.0509742,1,0
"Jul 18, 07:00 pm",0,0,1,0.0511928,1,0
"Jul 18, 08:00 pm",0,0,1,0.0514212,1,0
"Jul 18, 09:00 pm",0,0,1,0.0516176,1,0
"Jul 18, 10:00 pm",0,0,1,0.05175,1,0
"Jul 18, 11:00 pm",0,0,1,0.0518503,1,0
"Jul 19, 12:00 am",0,0,1,0.0519027,1,0
"Jul 19, 01:00 am",0,0,1,0.051987,1,0
"Jul 19, 02:00 am",0,0,1,0.0520552,1,0
"Jul 19, 03:00 am",0,0,1,0.0520964,1,0
"Jul 19, 04:00 am",0,0,1,0.0521273,1,0
"Jul 19, 05:00 am",0,0,1,0.0521913,1,0
"Jul 19, 06:00 am",0,0,1,0.0522873,1,0
"Jul 19, 07:00 am",0,0,1,0.0524153,1,0
"Jul 19, 08:00 am",0,0,1,0.0522873,1,0
"Jul 19, 09:00 am",0,0,1,0.0518553,1,709.7
"Jul 19, 10:00 am",2866.59,4.51734,1,0.0514438,1,818.8
"Jul 19, 11:00 am",2866.59,3.77322,1,0.0511204,1,865.5
"Jul 19, 12:00 pm",2866.59,3.25426,1,0.0507838,1,882.8
"Jul 19, 01:00 pm",2866.53,2.90409,1,0.0506142,1,883.7
"Jul 19, 02:00 pm",2866.2,2.98565,1,0.0506248,1,869.6
"Jul 19, 03:00 pm",2377.55,0.403457,1,0.0507496,1,8.4
"Jul 19, 04:00 pm",231.943,0.241607,1,0.0509759,1,7.7
"Jul 19, 05:00 pm",92.56,0.0964167,1,0.0511888,1,6
"Jul 19, 06:00 pm",0,0,1,0.0512722,1,0
"Jul 19, 07:00 pm",0,0,1,0.0513566,1,0
"Jul 19, 08:00 pm",0,0,1,0.0514891,1,0
"Jul 19, 09:00 pm",0,0,1,0.0515575,1,0
"Jul 19, 10:00 pm",0,0,1,0.0515459,1,0
"Jul 19, 11:00 pm",0,0,1,0.0515823,1,0
"Jul 20, 12:00 am",0,0,1,0.0515879,1,0
"Jul 20, 01:00 am",0,0,1,0.0515833,1,0
"Jul 20, 02:00 am",0,0,1,0.0515833,1,0
"Jul 20, 03:00 am",0,0,1,0.0515833,1,0
"Jul 20, 04:00 am",0,0,1,0.0515993,1,0
"Jul 20, 05:00 am",0,0,1,0.0516473,1,0
"Jul 20, 06:00 am",0,0,1,0.0517273,1,0
"Jul 20, 07:00 am",0,0,1,0.0518713,1,0
"Jul 20, 08:00 am",0,0,1,0.0517753,1,0
"Jul 20, 09:00 am",0,0,1,0.0516953,1,6.7
"Jul 20, 10:00 am",0,0,1,0.0514873,1,7.9
"Jul 20, 11:00 am",0,0,1,0.0513593,1,8.4
"Jul 20, 12:00 pm",0,0,1,0.0513433,1,8.6
"Jul 20, 01:00 pm",0,0,1,0.0513913,1,8.6
"Jul 20, 02:00 pm",0,0,1,0.0513753,1,8.5
"Jul 20, 03:00 pm",0,0,1,0.0514553,1,8.2
"Jul 20, 04:00 pm",0,0,1,0.0515513,1,7.5
"Jul 20, 05:00 pm",0,0,1,0.0516633,1,584.3
"Jul 20, 06:00 pm",0,0,1,0.0517913,1,0
"Jul 20, 07:00 pm",0,0,1,0.0519033,1,0
"Jul 20, 08:00 pm",0,0,1,0.0519673,1,0
"Jul 20, 09:00 pm",0,0,1,0.0520473,1,0
"Jul 20, 10:00 pm",0,0,1,0.0520473,1,0
"Jul 20, 11:00 pm",0,0,1,0.0520633,1,0
"Jul 21, 12:00 am",0,0,1,0.0520473,1,0
"Jul 21, 01:00 am",0,0,1,0.0519993,1,0
"Jul 21, 02:00 am",0,0,1,0.0519993,1,0
"Jul 21, 03:00 am",0,0,1,0.0520313,1,0
"Jul 21, 04:00 am",0,0,1,0.0520153,1,0
"Jul 21, 05:00 am",0,0,1,0.0521593,1,0
"Jul 21, 06:00 am",0,0,1,0.0522553,1,0
"Jul 21, 07:00 am",0,0,1,0.0523033,1,0
"Jul 21, 08:00 am",0,0,1,0.0519993,1,0
"Jul 21, 09:00 am",0,0,1,0.0517433,1,6.8
"Jul 21, 10:00 am",0,0,1,0.0513593,1,7.9
"Jul 21, 11:00 am",0,0,1,0.0510713,1,8.4
"Jul 21, 12:00 pm",0,0,1,0.0508633,1,863.1
"Jul 21, 01:00 pm",0,2.15285,1,0.0508926,1,868.3
"Jul 21, 02:00 pm",0,2.98032,1,0.0510586,1,858
"Jul 21, 03:00 pm",0,3.44262,1,0.051256,1,826.4
"Jul 21, 04:00 pm",0,2.29563,1,0.0516551,1,759.3
"Jul 21, 05:00 pm",0,0.438734,1,0.052005,1,594.8
"Jul 21, 06:00 pm",0,0.259533,1,0.0521083,1,0
"Jul 21, 07:00 pm",0,0,1,0.0521701,1,0
"Jul 21, 08:00 pm",0,0,1,0.0522664,1,0
"Jul 21, 09:00 pm",0,0,1,0.0523467,1,0
"Jul 21, 10:00 pm",0,0,1,0.052347,1,0
"Jul 21, 11:00 pm",0,0,1,0.0523952,1,0
"Jul 22, 12:00 am",0,0,1,0.0524275,1,0
"Jul 22, 01:00 am",0,0,1,0.0524598,1,0
"Jul 22, 02:00 am",0,0,1,0.052508,1,0
"Jul 22, 03:00 am",0,0,1,0.0526042,1,0
"Jul 22, 04:00 am",0,0,1,0.0526684,1,0
"Jul 22, 05:00 am",0,0,1,0.0526846,1,0
"Jul 22, 06:00 am",0,0,1,0.0527488,1,0
"Jul 22, 07:00 am",0,0,1,0.052765,1,0
"Jul 22, 08:00 am",0,0,1,0.0523332,1,0
"Jul 22, 09:00 am",0,0,1,0.0517896,1,718.1
"Jul 22, 10:00 am",0,0.975074,0.141048,0.0511507,0.141048,824.3
"Jul 22, 11:00 am",0,0,1,0.0506247,1,869.5
"Jul 22, 12:00 pm",0,0,1,0.0501785,1,886.2
"Jul 22, 01:00 pm",0,0,1,0.0499412,1,886.9
"Jul 22, 02:00 pm",0,0,1,0.0499994,1,872.7
"Jul 22, 03:00 pm",0,0,1,0.0501434,1,839.8
"Jul 22, 04:00 pm",0,0,1,0.0504634,1,772.5
"Jul 22, 05:00 pm",0,0,1,0.0507993,1,609.2
"Jul 22, 06:00 pm",0,0,1,0.0511353,1,0
"Jul 22, 07:00 pm",0,0,1,0.0512953,1,0
"Jul 22, 08:00 pm",0,0,1,0.0515193,1,0
"Jul 22, 09:00 pm",0,0,1,0.0516953,1,0
"Jul 22, 10:00 pm",0,0,1,0.0518553,1,0
"Jul 22, 11:00 pm",0,0,1,0.0519673,1,0
"Jul 23, 12:00 am",0,0,1,0.0520633,1,0
"Jul 23, 01:00 am",0,0,1,0.0521433,1,0
"Jul 23, 02:00 am",0,0,1,0.0522233,1,0
"Jul 23, 03:00 am",0,0,1,0.0523033,1,0
"Jul 23, 04:00 am",0,0,1,0.0523673,1,0
"Jul 23, 05:00 am",0,0,1,0.0524313,1,0
"Jul 23, 06:00 am",2820.18,0,1,0.0527346,1,0
"Jul 23, 07:00 am",2820.18,0,1,0.0529844,1,0
"Jul 23, 08:00 am",2820.18,0,1,0.0526451,1,0
"Jul 23, 09:00 am",2618.16,1.19165,1,0.0521487,1,704.6
"Jul 23, 10:00 am",2866.59,4.17996,1,0.051581,1,811.6
"Jul 23, 11:00 am",2866.59,3.82202,1,0.051165,1,857.8
"Jul 23, 12:00 pm",2866.59,3.32496,1,0.0507092,1,876
"Jul 23, 01:00 pm",2863.87,2.98323,1,0.0505003,1,877.5
"Jul 23, 02:00 pm",2866.59,3.05242,1,0.0503114,1,864.3
"Jul 23, 03:00 pm",2866.59,3.50729,1,0.0504846,1,832.8
"Jul 23, 04:00 pm",2866.54,2.36923,1,0.0508871,1,766.7
"Jul 23, 05:00 pm",2617.54,0.399065,1,0.0512732,1,605.7
"Jul 23, 06:00 pm",220.97,0.230177,1,0.0515348,1,0
"Jul 23, 07:00 pm",0,0,1,0.0517157,1,0
"Jul 23, 08:00 pm",0,0,1,0.051928,1,0
"Jul 23, 09:00 pm",0,0,1,0.0520922,1,0
"Jul 23, 10:00 pm",0,0,1,0.0522245,1,0
"Jul 23, 11:00 pm",0,0,1,0.0523086,1,0
"Jul 24, 12:00 am",0,0,1,0.0524088,1,0
"Jul 24, 01:00 am",0,0,1,0.0524929,1,0
"Jul 24, 02:00 am",0,0,1,0.052577,1,0
"Jul 24, 03:00 am",0,0,1,0.0526931,1,0
"Jul 24, 04:00 am",0,0,1,0.0528092,1,0
"Jul 24, 05:00 am",0,0,1,0.0528932,1,0
"Jul 24, 06:00 am",0,0,1,0.0526733,1,0
"Jul 24, 07:00 am",0,0,1,0.0524214,1,0
"Jul 24, 08:00 am",0,0,1,0.0522176,1,0
"Jul 24, 09:00 am",0,0,1,0.0516299,1,711.4
"Jul 24, 10:00 am",2866.59,4.69403,1,0.0511711,1,817.6
"Jul 24, 11:00 am",2866.59,3.87727,1,0.0508248,1,863.6
"Jul 24, 12:00 pm",2866.59,3.37441,1,0.0503683,1,882.5
"Jul 24, 01:00 pm",2866.59,3.03645,1,0.0501134,1,884.8
"Jul 24, 02:00 pm",2866.59,3.1111,1,0.0498813,1,872.6
"Jul 24, 03:00 pm",2866.59,3.56902,1,0.0499898,1,840.3
"Jul 24, 04:00 pm",2866.53,2.41955,1,0.0503468,1,774.6
"Jul 24, 05:00 pm",2835.82,0.398993,1,0.0507299,1,615.6
"Jul 24, 06:00 pm",221.151,0.230366,1,0.0510785,1,0
"Jul 24, 07:00 pm",0,0,1,0.051296,1,0
"Jul 24, 08:00 pm",0,0,1,0.0515219,1,0
"Jul 24, 09:00 pm",0,0,1,0.0516971,1,0
"Jul 24, 10:00 pm",0,0,1,0.0518134,1,0
"Jul 24, 11:00 pm",0,0,1,0.0519136,1,0
"Jul 25, 12:00 am",0,0,1,0.0519978,1,0
"Jul 25, 01:00 am",0,0,1,0.0521139,1,0
"Jul 25, 02:00 am",0,0,1,0.052246,1,0
"Jul 25, 03:00 am",0,0,1,0.0523621,1,0
"Jul 25, 04:00 am",0,0,1,0.0524622,1,0
"Jul 25, 05:00 am",0,0,1,0.0525462,1,0
"Jul 25, 06:00 am",0,0,1,0.0526302,1,0
"Jul 25, 07:00 am",0,0,1,0.0524263,1,0
"Jul 25, 08:00 am",0,0,1,0.0521104,1,0
"Jul 25, 09:00 am",118.817,0,1,0.0513974,1,731.2
"Jul 25, 10:00 am",2866.59,4.9028,1,0.0508039,1,834.7
"Jul 25, 11:00 am",2866.59,3.97022,1,0.0503946,1,879.3
"Jul 25, 12:00 pm",2866.59,3.46969,1,0.0498611,1,898.5
"Jul 25, 01:00 pm",2866.59,3.12363,1,0.0495632,1,901.4
"Jul 25, 02:00 pm",2866.59,3.20316,1,0.0493212,1,890.1
"Jul 25, 03:00 pm",2866.59,3.66577,1,0.0494335,1,857.9
"Jul 25, 04:00 pm",2866.53,2.50817,1,0.0498261,1,792.1
"Jul 25, 05:00 pm",2858.19,0.39893,1,0.0503441,1,635.8
"Jul 25, 06:00 pm",898.22,0.230429,1,0.0506644,1,0
"Jul 25, 07:00 pm",0,0,1,0.0508803,1,0
"Jul 25, 08:00 pm",0,0,1,0.0510958,1,0
"Jul 25, 09:00 pm",0,0,1,0.0512851,1,0
"Jul 25, 10:00 pm",0,0,1,0.0514569,1,0
"Jul 25, 11:00 pm",0,0,1,0.0516213,1,0
"Jul 26, 12:00 am",0,0,1,0.0517537,1,0
"Jul 26, 01:00 am",0,0,1,0.051902,1,0
"Jul 26, 02:00 am",0,0,1,0.0520503,1,0
"Jul 26, 03:00 am",0,0,1,0.0522145,1,0
"Jul 26, 04:00 am",0,0,1,0.0523147,1,0
"Jul 26, 05:00 am",0,0,1,0.0523989,1,0
"Jul 26, 06:00 am",0,0,1,0.0524831,1,0
"Jul 26, 07:00 am",0,0,1,0.0522153,1,0
"Jul 26, 08:00 am",0,0,1,0.0519795,1,0
"Jul 26, 09:00 am",0,0,1,0.0513599,1,736.1
"Jul 26, 10:00 am",2866.59,4.97798,1,0.0508048,1,836.3
"Jul 26, 11:00 am",2010.37,0.422916,1,0.050381,1,8.8
"Jul 26, 12:00 pm",233.435,0.243162,1,0.049875,1,8.9
"Jul 26, 01:00 pm",2122.49,2.21093,1,0.049612,1,893.5
"Jul 26, 02:00 pm",2866.59,3.19442,1,0.0493981,1,879.7
"Jul 26, 03:00 pm",2866.59,3.6437,1,0.0494622,1,847.7
"Jul 26, 04:00 pm",2866.53,2.50442,1,0.0497313,1,782.2
"Jul 26, 05:00 pm",616.485,0.398751,1,0.0501011,1,627.4
"Jul 26, 06:00 pm",220.966,0.230173,1,0.0504207,1,0
"Jul 26, 07:00 pm",0,0,1,0.0506653,1,0
"Jul 26, 08:00 pm",0,0,1,0.0508939,1,0
"Jul 26, 09:00 pm",0,0,1,0.0510585,1,0
"Jul 26, 10:00 pm",0,0,1,0.051143,1,0
"Jul 26, 11:00 pm",0,0,1,0.0512275,1,0
"Jul 27, 12:00 am",0,0,1,0.0512986,1,0
"Jul 27, 01:00 am",0,0,1,0.0514073,1,0
"Jul 27, 02:00 am",0,0,1,0.0515993,1,0
"Jul 27, 03:00 am",0,0,1,0.0517433,1,0
"Jul 27, 04:00 am",0,0,1,0.0518073,1,0
"Jul 27, 05:00 am",0,0,1,0.0518713,1,0
"Jul 27, 06:00 am",0,0,1,0.0520633,1,0
"Jul 27, 07:00 am",0,0,1,0.0521113,1,0
"Jul 27, 08:00 am",0,0,1,0.0518553,1,0
"Jul 27, 09:00 am",0,0,1,0.0512473,1,721.4
"Jul 27, 10:00 am",2866.59,4.8914,1,0.0507907,1,822.1
"Jul 27, 11:00 am",2866.59,3.95433,1,0.0504729,1,865.6
"Jul 27, 12:00 pm",2713.04,0.403501,1,0.0501055,1,8.8
"Jul 27, 01:00 pm",231.556,0.241205,1,0.0499244,1,8.9
"Jul 27, 02:00 pm",0,0,1,0.0497254,1,8.7
"Jul 27, 03:00 pm",0,0,1,0.0496385,1,8.4
"Jul 27, 04:00 pm",0,0,1,0.0498396,1,7.8
"Jul 27, 05:00 pm",0,0,1,0.0500846,1,6.3
"Jul 27, 06:00 pm",0,0,1,0.0502316,1,0
"Jul 27, 07:00 pm",0,0,1,0.0503803,1,0
"Jul 27, 08:00 pm",0,0,1,0.050561,1,0
"Jul 27, 09:00 pm",0,0,1,0.0507096,1,0
"Jul 27, 10:00 pm",0,0,1,0.0507782,1,0
"Jul 27, 11:00 pm",0,0,1,0.05085,1,0
"Jul 28, 12:00 am",0,0,1,0.0508953,1,0
"Jul 28, 01:00 am",0,0,1,0.0509433,1,0
"Jul 28, 02:00 am",0,0,1,0.0510393,1,0
"Jul 28, 03:00 am",0,0,1,0.0511193,1,0
"Jul 28, 04:00 am",0,0,1,0.0511193,1,0
"Jul 28, 05:00 am",0,0,1,0.0511033,1,0
"Jul 28, 06:00 am",0,0,1,0.0512473,1,0
"Jul 28, 07:00 am",0,0,1,0.0513433,1,0
"Jul 28, 08:00 am",0,0,1,0.0512793,1,0
"Jul 28, 09:00 am",0,0,1,0.0509273,1,7.2
"Jul 28, 10:00 am",0,0,1,0.0505274,1,8.2
"Jul 28, 11:00 am",0,0,1,0.0502554,1,8.6
"Jul 28, 12:00 pm",0,0,1,0.0499834,1,8.8
"Jul 28, 01:00 pm",0,0,1,0.0500314,1,8.8
"Jul 28, 02:00 pm",0,0,1,0.0501594,1,8.7
"Jul 28, 03:00 pm",0,0,1,0.0501914,1,8.4
"Jul 28, 04:00 pm",0,0,1,0.0503674,1,7.7
"Jul 28, 05:00 pm",0,0,1,0.0507034,1,622.3
"Jul 28, 06:00 pm",0,0,1,0.0509113,1,0
"Jul 28, 07:00 pm",0,0,1,0.0511193,1,0
"Jul 28, 08:00 pm",0,0,1,0.0512793,1,0
"Jul 28, 09:00 pm",0,0,1,0.0513753,1,0
"Jul 28, 10:00 pm",0,0,1,0.0514073,1,0
"Jul 28, 11:00 pm",0,0,1,0.0514713,1,0
"Jul 29, 12:00 am",0,0,1,0.0515513,1,0
"Jul 29, 01:00 am",0,0,1,0.0515673,1,0
"Jul 29, 02:00 am",0,0,1,0.0515833,1,0
"Jul 29, 03:00 am",0,0,1,0.0516313,1,0
"Jul 29, 04:00 am",0,0,1,0.0516473,1,0
"Jul 29, 05:00 am",0,0,1,0.0515833,1,0
"Jul 29, 06:00 am",0,0,1,0.0515993,1,0
"Jul 29, 07:00 am",0,0,1,0.0515833,1,0
"Jul 29, 08:00 am",0,0,1,0.0513913,1,0
"Jul 29, 09:00 am",0,0,1,0.0511033,1,7.2
"Jul 29, 10:00 am",0,0,1,0.0506714,1,8.2
"Jul 29, 11:00 am",0,0,1,0.0504954,1,8.6
"Jul 29, 12:00 pm",0,0,1,0.0502874,1,8.8
"Jul 29, 01:00 pm",0,0,1,0.0503514,1,8.7
"Jul 29, 02:00 pm",0,0,1,0.0504314,1,8.6
"Jul 29, 03:00 pm",0,0,1,0.0505913,1,8.3
"Jul 29, 04:00 pm",0,0,1,0.0507833,1,7.6
"Jul 29, 05:00 pm",0,0,1,0.0510233,1,613
"Jul 29, 06:00 pm",0,0,1,0.0512153,1,0
"Jul 29, 07:00 pm",0,0,1,0.0513913,1,0
"Jul 29, 08:00 pm",0,0,1,0.0514553,1,0
"Jul 29, 09:00 pm",0,0,1,0.0514553,1,0
"Jul 29, 10:00 pm",0,0,1,0.0514553,1,0
"Jul 29, 11:00 pm",0,0,1,0.0514073,1,0
"Jul 30, 12:00 am",0,0,1,0.0514073,1,0
"Jul 30, 01:00 am",0,0,1,0.0514073,1,0
"Jul 30, 02:00 am",0,0,1,0.0514393,1,0
"Jul 30, 03:00 am",0,0,1,0.0514233,1,0
"Jul 30, 04:00 am",0,0,1,0.0514393,1,0
"Jul 30, 05:00 am",0,0,1,0.0514233,1,0
"Jul 30, 06:00 am",0,0,1,0.0514873,1,0
"Jul 30, 07:00 am",0,0,1,0.0515353,1,0
"Jul 30, 08:00 am",0,0,1,0.0514713,1,0
"Jul 30, 09:00 am",0,0,1,0.0513593,1,6.8
"Jul 30, 10:00 am",0,0,1,0.0511033,1,7.8
"Jul 30, 11:00 am",0,0,1,0.0508473,1,8.3
"Jul 30, 12:00 pm",0,0,1,0.0505913,1,8.5
"Jul 30, 01:00 pm",0,0,1,0.0505434,1,8.5
"Jul 30, 02:00 pm",0,0,1,0.0504954,1,8.4
"Jul 30, 03:00 pm",0,0,1,0.0505434,1,8.1
"Jul 30, 04:00 pm",0,0,1,0.0506714,1,7.5
"Jul 30, 05:00 pm",0,0,1,0.0507034,1,603.9
"Jul 30, 06:00 pm",0,0,1,0.0507513,1,0
"Jul 30, 07:00 pm",0,0,1,0.0508633,1,0
"Jul 30, 08:00 pm",0,0,1,0.0509113,1,0
"Jul 30, 09:00 pm",0,0,1,0.0509593,1,0
"Jul 30, 10:00 pm",0,0,1,0.0510073,1,0
"Jul 30, 11:00 pm",0,0,1,0.0510233,1,0
"Jul 31, 12:00 am",0,0,1,0.0511033,1,0
"Jul 31, 01:00 am",0,0,1,0.0511993,1,0
"Jul 31, 02:00 am",0,0,1,0.0512313,1,0
"Jul 31, 03:00 am",0,0,1,0.0512473,1,0
"Jul 31, 04:00 am",0,0,1,0.0512953,1,0
"Jul 31, 05:00 am",0,0,1,0.0513113,1,0
"Jul 31, 06:00 am",0,0,1,0.0513913,1,0
"Jul 31, 07:00 am",0,0,1,0.0514393,1,0
"Jul 31, 08:00 am",0,0,1,0.0514713,1,0
"Jul 31, 09:00 am",0,0,1,0.0515513,1,7.2
"Jul 31, 10:00 am",0,0,1,0.0512633,1,8.2
"Jul 31, 11:00 am",0,0,1,0.0510233,1,8.7
"Jul 31, 12:00 pm",0,0,1,0.0505753,1,8.9
"Jul 31, 01:00 pm",0,0,1,0.0505434,1,8.9
"Jul 31, 02:00 pm",0,0,1,0.0506233,1,8.8
"Jul 31, 03:00 pm",0,0,1,0.0506874,1,8.5
"Jul 31, 04:00 pm",0,0,1,0.0508473,1,7.9
"Jul 31, 05:00 pm",0,0,1,0.0511353,1,646.2
"Jul 31, 06:00 pm",0,0,1,0.0513593,1,0
"Jul 31, 07:00 pm",0,0,1,0.0515193,1,0
"Jul 31, 08:00 pm",0,0,1,0.0515673,1,0
"Jul 31, 09:00 pm",0,0,1,0.0515513,1,0
"Jul 31, 10:00 pm",0,0,1,0.0515193,1,0
"Jul 31, 11:00 pm",0,0,1,0.0515513,1,0
"Aug 1, 12:00 am",0,0,1,0.0514073,1,0
"Aug 1, 01:00 am",0,0,1,0.0514873,1,0
"Aug 1, 02:00 am",0,0,1,0.0515513,1,0
"Aug 1, 03:00 am",0,0,1,0.0515673,1,0
"Aug 1, 04:00 am",0,0,1,0.0515513,1,0
"Aug 1, 05:00 am",0,0,1,0.0515353,1,0
"Aug 1, 06:00 am",0,0,1,0.0515993,1,0
"Aug 1, 07:00 am",0,0,1,0.0514393,1,0
"Aug 1, 08:00 am",0,0,1,0.0510233,1,0
"Aug 1, 09:00 am",0,0,1,0.0504954,1,714.4
"Aug 1, 10:00 am",2388.78,3.1435,1,0.0499635,1,815.3
"Aug 1, 11:00 am",2866.59,4.04033,1,0.0496296,1,861.6
"Aug 1, 12:00 pm",2866.59,3.6056,1,0.0492861,1,882.3
"Aug 1, 01:00 pm",2866.59,3.2782,1,0.0491328,1,887.9
"Aug 1, 02:00 pm",2866.59,3.34739,1,0.0489991,1,878.5
"Aug 1, 03:00 pm",2866.59,3.78678,1,0.0490805,1,849.4
"Aug 1, 04:00 pm",2866.53,2.72324,1,0.049292,1,789
"Aug 1, 05:00 pm",2824.29,0.39852,1,0.0497125,1,646.1
"Aug 1, 06:00 pm",576.752,0.229788,1,0.0501096,1,0
"Aug 1, 07:00 pm",0,0,1,0.0503614,1,0
"Aug 1, 08:00 pm",0,0,1,0.0505216,1,0
"Aug 1, 09:00 pm",0,0,1,0.0506542,1,0
"Aug 1, 10:00 pm",0,0,1,0.0507709,1,0
"Aug 1, 11:00 pm",0,0,1,0.0508075,1,0
"Aug 2, 12:00 am",0,0,1,0.0508441,1,0
"Aug 2, 01:00 am",0,0,1,0.0508807,1,0
"Aug 2, 02:00 am",0,0,1,0.0509812,1,0
"Aug 2, 03:00 am",0,0,1,0.0510818,1,0
"Aug 2, 04:00 am",0,0,1,0.0511823,1,0
"Aug 2, 05:00 am",0,0,1,0.0512828,1,0
"Aug 2, 06:00 am",0,0,1,0.0514152,1,0
"Aug 2, 07:00 am",0,0,1,0.0515684,1,0
"Aug 2, 08:00 am",0,0,1,0.0512313,1,0
"Aug 2, 09:00 am",0,0,1,0.0509593,1,7
"Aug 2, 10:00 am",0,0,1,0.0505274,1,8
"Aug 2, 11:00 am",0,0,1,0.0501914,1,8.5
"Aug 2, 12:00 pm",0,0,1,0.0499034,1,8.7
"Aug 2, 01:00 pm",0,0,1,0.0497274,1,8.7
"Aug 2, 02:00 pm",0,0,1,0.0496634,1,8.6
"Aug 2, 03:00 pm",477.725,1.19594,1,0.0498258,1,823.4
"Aug 2, 04:00 pm",2866.54,2.53405,1,0.0501003,1,759.6
"Aug 2, 05:00 pm",538.305,0.398589,1,0.050284,1,613.6
"Aug 2, 06:00 pm",219.644,0.228796,1,0.0504211,1,0
"Aug 2, 07:00 pm",0,0,1,0.0505114,1,0
"Aug 2, 08:00 pm",0,0,1,0.0505753,1,0
"Aug 2, 09:00 pm",0,0,1,0.0505913,1,0
"Aug 2, 10:00 pm",0,0,1,0.0505753,1,0
"Aug 2, 11:00 pm",0,0,1,0.0506073,1,0
"Aug 3, 12:00 am",0,0,1,0.0506393,1,0
"Aug 3, 01:00 am",0,0,1,0.0505913,1,0
"Aug 3, 02:00 am",0,0,1,0.0505913,1,0
"Aug 3, 03:00 am",0,0,1,0.0506073,1,0
"Aug 3, 04:00 am",0,0,1,0.0506874,1,0
"Aug 3, 05:00 am",0,0,1,0.0507993,1,0
"Aug 3, 06:00 am",0,0,1,0.0509273,1,0
"Aug 3, 07:00 am",0,0,1,0.0510553,1,0
"Aug 3, 08:00 am",0,0,1,0.0509913,1,0
"Aug 3, 09:00 am",0,0,1,0.0507513,1,7
"Aug 3, 10:00 am",0,0,1,0.0505274,1,8.1
"Aug 3, 11:00 am",0,0,1,0.0503034,1,8.5
"Aug 3, 12:00 pm",0,0,1,0.0501754,1,8.7
"Aug 3, 01:00 pm",440.439,0.955926,1,0.0500634,1,876
"Aug 3, 02:00 pm",2866.59,3.19663,1,0.0500954,1,866.9
"Aug 3, 03:00 pm",2866.59,3.7837,1,0.0502267,1,839.8
"Aug 3, 04:00 pm",2866.53,2.75899,1,0.0503811,1,781.9
"Aug 3, 05:00 pm",1416.57,0.397961,1,0.0506131,1,644.3
"Aug 3, 06:00 pm",219.074,0.228202,1,0.0509388,1,0
"Aug 3, 07:00 pm",0,0,1,0.0511193,1,0
"Aug 3, 08:00 pm",0,0,1,0.0511559,1,0
"Aug 3, 09:00 pm",0,0,1,0.0511604,1,0
"Aug 3, 10:00 pm",0,0,1,0.051265,1,0
"Aug 3, 11:00 pm",0,0,1,0.0513273,1,0
"Aug 4, 12:00 am",0,0,1,0.0514873,1,0
"Aug 4, 01:00 am",0,0,1,0.0516313,1,0
"Aug 4, 02:00 am",0,0,1,0.0517913,1,0
"Aug 4, 03:00 am",0,0,1,0.0519833,1,0
"Aug 4, 04:00 am",0,0,1,0.0521113,1,0
"Aug 4, 05:00 am",0,0,1,0.0522233,1,0
"Aug 4, 06:00 am",0,0,1,0.0521593,1,0
"Aug 4, 07:00 am",0,0,1,0.0519353,1,0
"Aug 4, 08:00 am",0,0,1,0.0517433,1,483.1
"Aug 4, 09:00 am",0,0,1,0.0512473,1,7.7
"Aug 4, 10:00 am",0,0,1,0.0506874,1,8.6
"Aug 4, 11:00 am",0,0,1,0.0504314,1,9
"Aug 4, 12:00 pm",0,0,1,0.0499994,1,9.1
"Aug 4, 01:00 pm",0,0,1,0.0498554,1,9.1
"Aug 4, 02:00 pm",0,0,1,0.0499034,1,9
"Aug 4, 03:00 pm",0,0,1,0.0500474,1,8.7
"Aug 4, 04:00 pm",0,0,1,0.0503194,1,8.1
"Aug 4, 05:00 pm",0,0,1,0.0506393,1,679.4
"Aug 4, 06:00 pm",0,0,1,0.0509433,1,0
"Aug 4, 07:00 pm",0,0,1,0.0511513,1,0
"Aug 4, 08:00 pm",0,0,1,0.0513433,1,0
"Aug 4, 09:00 pm",0,0,1,0.0514713,1,0
"Aug 4, 10:00 pm",0,0,1,0.0515673,1,0
"Aug 4, 11:00 pm",0,0,1,0.0516793,1,0
"Aug 5, 12:00 am",0,0,1,0.0517913,1,0
"Aug 5, 01:00 am",0,0,1,0.0519033,1,0
"Aug 5, 02:00 am",0,0,1,0.0519833,1,0
"Aug 5, 03:00 am",0,0,1,0.0520633,1,0
"Aug 5, 04:00 am",0,0,1,0.0521273,1,0
"Aug 5, 05:00 am",0,0,1,0.0521913,1,0
"Aug 5, 06:00 am",0,0,1,0.0522873,1,0
"Aug 5, 07:00 am",0,0,1,0.0521433,1,0
"Aug 5, 08:00 am",0,0,1,0.0517113,1,471
"Aug 5, 09:00 am",0,0,1,0.0512633,1,757.4
"Aug 5, 10:00 am",0,3.92525,1,0.0509887,1,847.5
"Aug 5, 11:00 am",0,0.447567,1,0.0507228,1,8.9
"Aug 5, 12:00 pm",0,0.279056,1,0.0502013,1,9
"Aug 5, 01:00 pm",0,0,1,0.0498767,1,9
"Aug 5, 02:00 pm",0,0,1,0.0497698,1,8.9
"Aug 5, 03:00 pm",0,0,1,0.0498869,1,8.6
"Aug 5, 04:00 pm",0,0,1,0.0500724,1,8
"Aug 5, 05:00 pm",0,0,1,0.0503994,1,659.8
"Aug 5, 06:00 pm",0,0,1,0.0506393,1,0
"Aug 5, 07:00 pm",0,0,1,0.0508314,1,0
"Aug 5, 08:00 pm",0,0,1,0.0509273,1,0
"Aug 5, 09:00 pm",0,0,1,0.0510073,1,0
"Aug 5, 10:00 pm",0,0,1,0.0510233,1,0
"Aug 5, 11:00 pm",0,0,1,0.0510553,1,0
"Aug 6, 12:00 am",0,0,1,0.0511033,1,0
"Aug 6, 01:00 am",0,0,1,0.0511033,1,0
"Aug 6, 02:00 am",0,0,1,0.0512153,1,0
"Aug 6, 03:00 am",0,0,1,0.0512313,1,0
"Aug 6, 04:00 am",0,0,1,0.0511513,1,0
"Aug 6, 05:00 am",0,0,1,0.0512953,1,0
"Aug 6, 06:00 am",2820.18,0,1,0.0515274,1,0
"Aug 6, 07:00 am",1052.14,0,1,0.0517648,1,0
"Aug 6, 08:00 am",0,0,1,0.0517607,1,4.1
"Aug 6, 09:00 am",0,0,1,0.0516051,1,7.1
"Aug 6, 10:00 am",0,0,1,0.0513375,1,8
"Aug 6, 11:00 am",0,0,1,0.051198,1,8.5
"Aug 6, 12:00 pm",0,0,1,0.0510905,1,8.7
"Aug 6, 01:00 pm",0,0,1,0.050919,1,8.8
"Aug 6, 02:00 pm",0,0,1,0.0508916,1,8.8
"Aug 6, 03:00 pm",467.555,1.14714,1,0.0508482,1,853.1
"Aug 6, 04:00 pm",2866.56,2.78874,1,0.0510014,1,800.5
"Aug 6, 05:00 pm",777.577,0.3984,1,0.0513884,1,671.7
"Aug 6, 06:00 pm",218.852,0.227971,1,0.0516267,1,0
"Aug 6, 07:00 pm",0,0,1,0.051807,1,0
"Aug 6, 08:00 pm",0,0,1,0.0518914,1,0
"Aug 6, 09:00 pm",0,0,1,0.0519437,1,0
"Aug 6, 10:00 pm",0,0,1,0.051964,1,0
"Aug 6, 11:00 pm",0,0,1,0.0520642,1,0
"Aug 7, 12:00 am",0,0,1,0.0521965,1,0
"Aug 7, 01:00 am",0,0,1,0.0523127,1,0
"Aug 7, 02:00 am",0,0,1,0.0523809,1,0
"Aug 7, 03:00 am",0,0,1,0.0524672,1,0
"Aug 7, 04:00 am",0,0,1,0.0525273,1,0
"Aug 7, 05:00 am",0,0,1,0.0526233,1,0
"Aug 7, 06:00 am",0,0,1,0.0526713,1,0
"Aug 7, 07:00 am",0,0,1,0.0525593,1,0
"Aug 7, 08:00 am",0,0,1,0.0522073,1,534.6
"Aug 7, 09:00 am",477.725,1.38351,1,0.051669,1,798.9
"Aug 7, 10:00 am",2866.59,4.81466,1,0.0512285,1,881.5
"Aug 7, 11:00 am",2866.59,4.49124,1,0.0508371,1,917.1
"Aug 7, 12:00 pm",2866.59,4.00244,1,0.0504291,1,931.8
"Aug 7, 01:00 pm",2866.59,3.65784,1,0.0502343,1,932.4
"Aug 7, 02:00 pm",2866.59,3.70633,1,0.0500951,1,920
"Aug 7, 03:00 pm",2866.59,4.13695,1,0.0502053,1,890.1
"Aug 7, 04:00 pm",2866.59,3.09488,1,0.0505915,1,831.2
"Aug 7, 05:00 pm",2866.56,0.398854,1,0.0512254,1,696.3
"Aug 7, 06:00 pm",2727.61,0.22948,1,0.0515733,1,0
"Aug 7, 07:00 pm",1518.54,0,1,0.0518597,1,0
"Aug 7, 08:00 pm",0,0,1,0.0520405,1,0
"Aug 7, 09:00 pm",0,0,1,0.0520947,1,0
"Aug 7, 10:00 pm",0,0,1,0.0521489,1,0
"Aug 7, 11:00 pm",0,0,1,0.052219,1,0
"Aug 8, 12:00 am",0,0,1,0.0523027,1,0
"Aug 8, 01:00 am",0,0,1,0.0524175,1,0
"Aug 8, 02:00 am",0,0,1,0.0525656,1,0
"Aug 8, 03:00 am",0,0,1,0.0526657,1,0
"Aug 8, 04:00 am",0,0,1,0.0526858,1,0
"Aug 8, 05:00 am",0,0,1,0.0527219,1,0
"Aug 8, 06:00 am",0,0,1,0.052774,1,0
"Aug 8, 07:00 am",0,0,1,0.0525541,1,0
"Aug 8, 08:00 am",0,0,1,0.0521103,1,528.2
"Aug 8, 09:00 am",477.725,1.37218,1,0.0513523,1,790.8
"Aug 8, 10:00 am",2866.59,4.79638,1,0.0507883,1,873.6
"Aug 8, 11:00 am",2866.59,4.48519,1,0.0502882,1,909.8
"Aug 8, 12:00 pm",2866.59,3.99956,1,0.0498022,1,923.3
"Aug 8, 01:00 pm",2866.59,3.65706,1,0.0495444,1,923.1
"Aug 8, 02:00 pm",2866.59,3.69872,1,0.0493729,1,909.9
"Aug 8, 03:00 pm",2866.59,4.12475,1,0.0494811,1,881.1
"Aug 8, 04:00 pm",2866.59,3.10274,1,0.0497999,1,823.3
"Aug 8, 05:00 pm",2866.56,0.399332,1,0.0505472,1,691.6
"Aug 8, 06:00 pm",2729.5,0.23017,1,0.051,1,0
"Aug 8, 07:00 pm",1567.11,0,1,0.0512997,1,0
"Aug 8, 08:00 pm",0,0,1,0.0514806,1,0
"Aug 8, 09:00 pm",0,0,1,0.0515516,1,0
"Aug 8, 10:00 pm",0,0,1,0.0516065,1,0
"Aug 8, 11:00 pm",0,0,1,0.0516613,1,0
"Aug 9, 12:00 am",0,0,1,0.05171,1,0
"Aug 9, 01:00 am",0,0,1,0.0517895,1,0
"Aug 9, 02:00 am",0,0,1,0.0519059,1,0
"Aug 9, 03:00 am",0,0,1,0.0520381,1,0
"Aug 9, 04:00 am",0,0,1,0.0521544,1,0
"Aug 9, 05:00 am",0,0,1,0.0522706,1,0
"Aug 9, 06:00 am",0,0,1,0.0523548,1,0
"Aug 9, 07:00 am",0,0,1,0.052311,1,0
"Aug 9, 08:00 am",0,0,1,0.0519152,1,496.1
"Aug 9, 09:00 am",477.725,1.29298,1,0.0514264,1,759.1
"Aug 9, 10:00 am",2866.59,4.64888,1,0.0511015,1,845.9
"Aug 9, 11:00 am",2442.86,0.405498,1,0.050866,1,8.8
"Aug 9, 12:00 pm",2866.59,3.43559,1,0.0505903,1,899.9
"Aug 9, 01:00 pm",2866.59,3.59208,1,0.050424,1,900
"Aug 9, 02:00 pm",2866.59,3.6367,1,0.0503743,1,887.6
"Aug 9, 03:00 pm",1830.42,0.404302,1,0.0504467,1,8.6
"Aug 9, 04:00 pm",2463.13,2.56576,1,0.0506153,1,800.8
"Aug 9, 05:00 pm",371.272,0.386742,1,0.0510551,1,6.7
"Aug 9, 06:00 pm",217.261,0.226313,1,0.051312,1,0
"Aug 9, 07:00 pm",0,0,1,0.0514875,1,0
"Aug 9, 08:00 pm",0,0,1,0.0516198,1,0
"Aug 9, 09:00 pm",0,0,1,0.0517042,1,0
"Aug 9, 10:00 pm",0,0,1,0.0517725,1,0
"Aug 9, 11:00 pm",0,0,1,0.0518249,1,0
"Aug 10, 12:00 am",0,0,1,0.0518932,1,0
"Aug 10, 01:00 am",0,0,1,0.0519295,1,0
"Aug 10, 02:00 am",0,0,1,0.0519498,1,0
"Aug 10, 03:00 am",0,0,1,0.0519701,1,0
"Aug 10, 04:00 am",0,0,1,0.0520223,1,0
"Aug 10, 05:00 am",0,0,1,0.0520586,1,0
"Aug 10, 06:00 am",0,0,1,0.0519989,1,0
"Aug 10, 07:00 am",0,0,1,0.0520192,1,0
"Aug 10, 08:00 am",0,0,1,0.0516875,1,4.8
"Aug 10, 09:00 am",0,0,1,0.0514519,1,7.4
"Aug 10, 10:00 am",0,0,1,0.0510884,1,8.2
"Aug 10, 11:00 am",0,0,1,0.050677,1,8.6
"Aug 10, 12:00 pm",0,0,1,0.0504416,1,8.8
"Aug 10, 01:00 pm",0,0,1,0.0503504,1,8.8
"Aug 10, 02:00 pm",0,0,1,0.05034,1,8.7
"Aug 10, 03:00 pm",0,0,1,0.0503834,1,8.4
"Aug 10, 04:00 pm",0,0,1,0.0504954,1,7.9
"Aug 10, 05:00 pm",0,0,1,0.0507673,1,6.6
"Aug 10, 06:00 pm",0,0,1,0.0509913,1,0
"Aug 10, 07:00 pm",0,0,1,0.0511193,1,0
"Aug 10, 08:00 pm",0,0,1,0.0511993,1,0
"Aug 10, 09:00 pm",0,0,1,0.0512153,1,0
"Aug 10, 10:00 pm",0,0,1,0.0512313,1,0
"Aug 10, 11:00 pm",0,0,1,0.0512313,1,0
"Aug 11, 12:00 am",0,0,1,0.0512473,1,0
"Aug 11, 01:00 am",0,0,1,0.0512633,1,0
"Aug 11, 02:00 am",0,0,1,0.0512473,1,0
"Aug 11, 03:00 am",0,0,1,0.0512473,1,0
"Aug 11, 04:00 am",0,0,1,0.0512793,1,0
"Aug 11, 05:00 am",0,0,1,0.0513593,1,0
"Aug 11, 06:00 am",0,0,1,0.0514393,1,0
"Aug 11, 07:00 am",0,0,1,0.0514713,1,0
"Aug 11, 08:00 am",0,0,1,0.0511993,1,5.2
"Aug 11, 09:00 am",0,0,1,0.0510073,1,7.7
"Aug 11, 10:00 am",0,0,1,0.0507354,1,8.6
"Aug 11, 11:00 am",0,0,1,0.0503994,1,902.1
"Aug 11, 12:00 pm",0,4.92947,1,0.0505609,1,919
"Aug 11, 01:00 pm",0,3.7677,1,0.0507132,1,921.4
"Aug 11, 02:00 pm",0,3.80776,1,0.0507275,1,911.2
"Aug 11, 03:00 pm",0,0.792829,0.222842,0.0508042,0.222842,881.3
"Aug 11, 04:00 pm",0,0,1,0.0509514,1,823.3
"Aug 11, 05:00 pm",0,0,1,0.051353,1,694.9
"Aug 11, 06:00 pm",0,0,1,0.0517224,1,0
"Aug 11, 07:00 pm",0,0,1,0.0518998,1,0
"Aug 11, 08:00 pm",0,0,1,0.0520291,1,0
"Aug 11, 09:00 pm",0,0,1,0.0521265,1,0
"Aug 11, 10:00 pm",0,0,1,0.0521918,1,0
"Aug 11, 11:00 pm",0,0,1,0.0522411,1,0
"Aug 12, 12:00 am",0,0,1,0.0522904,1,0
"Aug 12, 01:00 am",0,0,1,0.0523556,1,0
"Aug 12, 02:00 am",0,0,1,0.0524049,1,0
"Aug 12, 03:00 am",0,0,1,0.0524701,1,0
"Aug 12, 04:00 am",0,0,1,0.0525513,1,0
"Aug 12, 05:00 am",0,0,1,0.0526645,1,0
"Aug 12, 06:00 am",0,0,1,0.0527617,1,0
"Aug 12, 07:00 am",0,0,1,0.0528269,1,0
"Aug 12, 08:00 am",0,0,1,0.0523641,1,558.2
"Aug 12, 09:00 am",0,0,1,0.0519814,1,801.7
"Aug 12, 10:00 am",0,0,1,0.0515188,1,884.4
"Aug 12, 11:00 am",0,0,1,0.0510883,1,922.7
"Aug 12, 12:00 pm",0,0,1,0.0507219,1,938.7
"Aug 12, 01:00 pm",0,0,1,0.0504836,1,940.9
"Aug 12, 02:00 pm",0,0,1,0.0503254,1,930.8
"Aug 12, 03:00 pm",0,0,1,0.0503591,1,901.1
"Aug 12, 04:00 pm",0,0,1,0.0506488,1,844.3
"Aug 12, 05:00 pm",0,0,1,0.0511145,1,717.5
"Aug 12, 06:00 pm",0,0,1,0.051484,1,233.1
"Aug 12, 07:00 pm",0,0,1,0.0517254,1,0
"Aug 12, 08:00 pm",0,0,1,0.0518548,1,0
"Aug 12, 09:00 pm",0,0,1,0.0519682,1,0
"Aug 12, 10:00 pm",0,0,1,0.0520335,1,0
"Aug 12, 11:00 pm",0,0,1,0.0520349,1,0
"Aug 13, 12:00 am",0,0,1,0.0520522,1,0
"Aug 13, 01:00 am",0,0,1,0.0521336,1,0
"Aug 13, 02:00 am",0,0,1,0.0522309,1,0
"Aug 13, 03:00 am",0,0,1,0.0523282,1,0
"Aug 13, 04:00 am",0,0,1,0.0524094,1,0
"Aug 13, 05:00 am",0,0,1,0.0525227,1,0
"Aug 13, 06:00 am",2864.89,0,1,0.0528426,1,0
"Aug 13, 07:00 am",2857.05,0,1,0.0528015,1,0
"Aug 13, 08:00 am",2846.34,0,1,0.0524044,1,589.7
"Aug 13, 09:00 am",2833.67,2.75267,1,0.0517836,1,820.3
"Aug 13, 10:00 am",2866.59,5.13458,1,0.051288,1,898.9
"Aug 13, 11:00 am",2866.59,4.75816,1,0.0508508,1,934.6
"Aug 13, 12:00 pm",2866.59,4.30726,1,0.0503663,1,949.4
"Aug 13, 01:00 pm",2866.59,3.95811,1,0.0500402,1,950.7
"Aug 13, 02:00 pm",2866.59,4.00931,1,0.0498459,1,940.2
"Aug 13, 03:00 pm",2866.55,4.45489,1,0.0496677,1,914.9
"Aug 13, 04:00 pm",2866.54,3.46618,1,0.0499691,1,863
"Aug 13, 05:00 pm",2866.56,0.400079,1,0.0505077,1,743.9
"Aug 13, 06:00 pm",2734.06,0.230703,1,0.0509418,1,266.7
"Aug 13, 07:00 pm",2866.62,0,1,0.051286,1,0
"Aug 13, 08:00 pm",1786.21,0,1,0.0514968,1,0
"Aug 13, 09:00 pm",0,0,1,0.0516487,1,0
"Aug 13, 10:00 pm",0,0,1,0.0517197,1,0
"Aug 13, 11:00 pm",0,0,1,0.0517746,1,0
"Aug 14, 12:00 am",0,0,1,0.0518305,1,0
"Aug 14, 01:00 am",0,0,1,0.0519012,1,0
"Aug 14, 02:00 am",0,0,1,0.0520174,1,0
"Aug 14, 03:00 am",0,0,1,0.0521017,1,0
"Aug 14, 04:00 am",0,0,1,0.0521539,1,0
"Aug 14, 05:00 am",0,0,1,0.0522541,1,0
"Aug 14, 06:00 am",0,0,1,0.0524182,1,0
"Aug 14, 07:00 am",0,0,1,0.0525504,1,0
"Aug 14, 08:00 am",0,0,1,0.0521385,1,577.4
"Aug 14, 09:00 am",477.725,1.63042,1,0.0515692,1,802.4
"Aug 14, 10:00 am",2866.59,4.99698,1,0.0513458,1,878.1
"Aug 14, 11:00 am",2866.59,4.66955,1,0.0509744,1,911.9
"Aug 14, 12:00 pm",2866.56,0.405648,1,0.0506855,1,9.3
"Aug 14, 01:00 pm",2866.59,3.40126,1,0.0503907,1,927.3
"Aug 14, 02:00 pm",2450.74,0.396733,1,0.0502287,1,9.2
"Aug 14, 03:00 pm",234.317,0.24408,1,0.0502486,1,8.9
"Aug 14, 04:00 pm",102.62,0.106896,1,0.0503693,1,8.3
"Aug 14, 05:00 pm",0,0,1,0.0507776,1,7.1
"Aug 14, 06:00 pm",0,0,1,0.0510255,1,264.2
"Aug 14, 07:00 pm",0,0,1,0.0512252,1,0
"Aug 14, 08:00 pm",0,0,1,0.0513905,1,0
"Aug 14, 09:00 pm",0,0,1,0.0515382,1,0
"Aug 14, 10:00 pm",0,0,1,0.0516386,1,0
"Aug 14, 11:00 pm",0,0,1,0.0517709,1,0
"Aug 15, 12:00 am",0,0,1,0.0518872,1,0
"Aug 15, 01:00 am",0,0,1,0.0519715,1,0
"Aug 15, 02:00 am",0,0,1,0.0520718,1,0
"Aug 15, 03:00 am",0,0,1,0.05214,1,0
"Aug 15, 04:00 am",0,0,1,0.0521922,1,0
"Aug 15, 05:00 am",0,0,1,0.0522284,1,0
"Aug 15, 06:00 am",0,0,1,0.0523606,1,0
"Aug 15, 07:00 am",0,0,1,0.0521888,1,0
"Aug 15, 08:00 am",0,0,1,0.0516811,1,5.5
"Aug 15, 09:00 am",477.725,1.43856,1,0.0509731,1,784
"Aug 15, 10:00 am",1234.53,0.449354,1,0.0504834,1,8.6
"Aug 15, 11:00 am",2866.59,4.04481,1,0.0500625,1,898
"Aug 15, 12:00 pm",2866.59,4.19414,1,0.0497082,1,912.8
"Aug 15, 01:00 pm",2866.59,3.87655,1,0.0495421,1,913.6
"Aug 15, 02:00 pm",2866.59,3.91167,1,0.0493462,1,902
"Aug 15, 03:00 pm",2866.59,4.30956,1,0.0494576,1,874.8
"Aug 15, 04:00 pm",2866.59,3.36202,1,0.049624,1,820.2
"Aug 15, 05:00 pm",2867.57,0.399931,1,0.050089,1,698.2
"Aug 15, 06:00 pm",2654.26,0.230353,1,0.0504587,1,257.4
"Aug 15, 07:00 pm",0,0,1,0.0507662,1,0
"Aug 15, 08:00 pm",0,0,1,0.0509021,1,0
"Aug 15, 09:00 pm",0,0,1,0.0509739,1,0
"Aug 15, 10:00 pm",0,0,1,0.0510526,1,0
"Aug 15, 11:00 pm",0,0,1,0.0511457,1,0
"Aug 16, 12:00 am",0,0,1,0.0512622,1,0
"Aug 16, 01:00 am",0,0,1,0.0513626,1,0
"Aug 16, 02:00 am",0,0,1,0.051479,1,0
"Aug 16, 03:00 am",0,0,1,0.0516274,1,0
"Aug 16, 04:00 am",0,0,1,0.0517758,1,0
"Aug 16, 05:00 am",0,0,1,0.0518921,1,0
"Aug 16, 06:00 am",0,0,1,0.0520084,1,0
"Aug 16, 07:00 am",0,0,1,0.0517727,1,0
"Aug 16, 08:00 am",0,0,1,0.0512971,1,542.2
"Aug 16, 09:00 am",477.725,1.56434,1,0.0506282,1,764.6
"Aug 16, 10:00 am",2866.59,4.82503,1,0.0503178,1,844
"Aug 16, 11:00 am",2866.59,4.56469,1,0.049982,1,880.7
"Aug 16, 12:00 pm",2866.59,4.15616,1,0.0495413,1,896.2
"Aug 16, 01:00 pm",2866.59,3.8449,1,0.049331,1,898
"Aug 16, 02:00 pm",2866.59,3.87821,1,0.0490469,1,887
"Aug 16, 03:00 pm",2866.59,4.26258,1,0.0489112,1,860.3
"Aug 16, 04:00 pm",2866.59,3.3392,1,0.0491012,1,806.1
"Aug 16, 05:00 pm",2866.56,0.399506,1,0.0495971,1,685.7
"Aug 16, 06:00 pm",2756.94,0.229707,1,0.0501793,1,254.4
"Aug 16, 07:00 pm",2624.8,0,1,0.0506089,1,0
"Aug 16, 08:00 pm",0,0,1,0.0508354,1,0
"Aug 16, 09:00 pm",0,0,1,0.0510033,1,0
"Aug 16, 10:00 pm",0,0,1,0.0511229,1,0
"Aug 16, 11:00 pm",0,0,1,0.0512104,1,0
"Aug 17, 12:00 am",0,0,1,0.0512658,1,0
"Aug 17, 01:00 am",0,0,1,0.0513162,1,0
"Aug 17, 02:00 am",0,0,1,0.0514132,1,0
"Aug 17, 03:00 am",0,0,1,0.0514816,1,0
"Aug 17, 04:00 am",0,0,1,0.051566,1,0
"Aug 17, 05:00 am",0,0,1,0.0516663,1,0
"Aug 17, 06:00 am",0,0,1,0.0517667,1,0
"Aug 17, 07:00 am",0,0,1,0.051851,1,0
"Aug 17, 08:00 am",0,0,1,0.0512794,1,553.2
"Aug 17, 09:00 am",477.725,1.63592,1,0.05039,1,773.3
"Aug 17, 10:00 am",2866.59,4.90967,1,0.0499204,1,852.9
"Aug 17, 11:00 am",2866.59,4.64519,1,0.0496766,1,890.4
"Aug 17, 12:00 pm",2866.59,4.2481,1,0.049153,1,907.8
"Aug 17, 01:00 pm",2866.59,3.93732,1,0.0489909,1,911.2
"Aug 17, 02:00 pm",2866.59,3.98399,1,0.0487246,1,902.2
"Aug 17, 03:00 pm",2866.59,4.38808,1,0.048556,1,877.3
"Aug 17, 04:00 pm",2866.56,3.46496,1,0.0488086,1,825.8
"Aug 17, 05:00 pm",2866.56,0.39962,1,0.0493702,1,709.1
"Aug 17, 06:00 pm",2770,0.229983,1,0.0499043,1,273.7
"Aug 17, 07:00 pm",2866.65,0,1,0.0504008,1,0
"Aug 17, 08:00 pm",465.912,0,1,0.0506385,1,0
"Aug 17, 09:00 pm",0,0,1,0.0508132,1,0
"Aug 17, 10:00 pm",0,0,1,0.0509332,1,0
"Aug 17, 11:00 pm",0,0,1,0.051037,1,0
"Aug 18, 12:00 am",0,0,1,0.0511246,1,0
"Aug 18, 01:00 am",0,0,1,0.0511802,1,0
"Aug 18, 02:00 am",0,0,1,0.0513491,1,0
"Aug 18, 03:00 am",0,0,1,0.0514365,1,0
"Aug 18, 04:00 am",0,0,1,0.0514889,1,0
"Aug 18, 05:00 am",0,0,1,0.0516213,1,0
"Aug 18, 06:00 am",0,0,1,0.0517056,1,0
"Aug 18, 07:00 am",0,0,1,0.0518059,1,0
"Aug 18, 08:00 am",0,0,1,0.0512663,1,603.3
"Aug 18, 09:00 am",0,1.84507,1,0.0504266,1,812
"Aug 18, 10:00 am",0,5.17073,1,0.0501468,1,886.1
"Aug 18, 11:00 am",0,4.84175,1,0.0497968,1,919.8
"Aug 18, 12:00 pm",0,0.962274,0.248142,0.0491974,0.248142,933.3
"Aug 18, 01:00 pm",0,0,1,0.0489706,1,933.9
"Aug 18, 02:00 pm",0,0,1,0.0487081,1,922.3
"Aug 18, 03:00 pm",0,0,1,0.0487497,1,893.6
"Aug 18, 04:00 pm",0,0,1,0.0489672,1,838.6
"Aug 18, 05:00 pm",0,0,1,0.0495201,1,719.9
"Aug 18, 06:00 pm",0,0,1,0.0499288,1,296.2
"Aug 18, 07:00 pm",0,0,1,0.0503582,1,0
"Aug 18, 08:00 pm",0,0,1,0.0505839,1,0
"Aug 18, 09:00 pm",0,0,1,0.0507935,1,0
"Aug 18, 10:00 pm",0,0,1,0.0509711,1,0
"Aug 18, 11:00 pm",0,0,1,0.0511327,1,0
"Aug 19, 12:00 am",0,0,1,0.0512943,1,0
"Aug 19, 01:00 am",0,0,1,0.0514398,1,0
"Aug 19, 02:00 am",0,0,1,0.0516012,1,0
"Aug 19, 03:00 am",0,0,1,0.0516827,1,0
"Aug 19, 04:00 am",0,0,1,0.0517481,1,0
"Aug 19, 05:00 am",0,0,1,0.0518615,1,0
"Aug 19, 06:00 am",0,0,1,0.0518948,1,0
"Aug 19, 07:00 am",0,0,1,0.0519922,1,0
"Aug 19, 08:00 am",0,0,1,0.0516896,1,5.7
"Aug 19, 09:00 am",0,0,1,0.0512911,1,7.9
"Aug 19, 10:00 am",0,0,1,0.0509406,1,8.7
"Aug 19, 11:00 am",0,0,1,0.0507343,1,9
"Aug 19, 12:00 pm",0,0,1,0.050496,1,9.1
"Aug 19, 01:00 pm",0,0,1,0.0505617,1,9.1
"Aug 19, 02:00 pm",0,0,1,0.0506434,1,9
"Aug 19, 03:00 pm",0,0,1,0.050645,1,8.7
"Aug 19, 04:00 pm",0,0,1,0.0507747,1,8.1
"Aug 19, 05:00 pm",0,0,1,0.0511123,1,7
"Aug 19, 06:00 pm",0,0,1,0.0512899,1,5.6
"Aug 19, 07:00 pm",0,0,1,0.0514834,1,0
"Aug 19, 08:00 pm",0,0,1,0.0515488,1,0
"Aug 19, 09:00 pm",0,0,1,0.0515983,1,0
"Aug 19, 10:00 pm",0,0,1,0.0515997,1,0
"Aug 19, 11:00 pm",0,0,1,0.0516012,1,0
"Aug 20, 12:00 am",0,0,1,0.0515867,1,0
"Aug 20, 01:00 am",0,0,1,0.0515401,1,0
"Aug 20, 02:00 am",0,0,1,0.0515256,1,0
"Aug 20, 03:00 am",0,0,1,0.0514791,1,0
"Aug 20, 04:00 am",0,0,1,0.0514326,1,0
"Aug 20, 05:00 am",0,0,1,0.0514021,1,0
"Aug 20, 06:00 am",2844.88,0,1,0.0515467,1,0
"Aug 20, 07:00 am",2837.19,0,1,0.0517143,1,0
"Aug 20, 08:00 am",2826.86,0,1,0.0514143,1,5.8
"Aug 20, 09:00 am",1794.74,0,1,0.0510743,1,7.8
"Aug 20, 10:00 am",477.725,1.73222,1,0.0508623,1,856
"Aug 20, 11:00 am",2866.59,4.66307,1,0.0509298,1,890.2
"Aug 20, 12:00 pm",2866.59,4.34851,1,0.0508447,1,906
"Aug 20, 01:00 pm",2866.59,4.03251,1,0.0508535,1,908.3
"Aug 20, 02:00 pm",2866.59,4.07489,1,0.0509636,1,898.5
"Aug 20, 03:00 pm",2866.59,4.45123,1,0.0509951,1,872.4
"Aug 20, 04:00 pm",2866.59,3.56485,1,0.0510931,1,820.2
"Aug 20, 05:00 pm",2866.56,0.398247,1,0.0516219,1,705.2
"Aug 20, 06:00 pm",2768.29,0.228555,1,0.0519118,1,296.6
"Aug 20, 07:00 pm",2363.27,0,1,0.0521032,1,0
"Aug 20, 08:00 pm",0,0,1,0.0521662,1,0
"Aug 20, 09:00 pm",0,0,1,0.0521246,1,0
"Aug 20, 10:00 pm",0,0,1,0.0520351,1,0
"Aug 20, 11:00 pm",0,0,1,0.0519936,1,0
"Aug 21, 12:00 am",0,0,1,0.0519042,1,0
"Aug 21, 01:00 am",0,0,1,0.0517989,1,0
"Aug 21, 02:00 am",0,0,1,0.0517537,1,0
"Aug 21, 03:00 am",0,0,1,0.0517552,1,0
"Aug 21, 04:00 am",0,0,1,0.0517595,1,0
"Aug 21, 05:00 am",0,0,1,0.0517638,1,0
"Aug 21, 06:00 am",0,0,1,0.0517521,1,0
"Aug 21, 07:00 am",0,0,1,0.0517725,1,0
"Aug 21, 08:00 am",0,0,1,0.0513928,1,5.8
"Aug 21, 09:00 am",0,0,1,0.0510613,1,7.9
"Aug 21, 10:00 am",0,0,1,0.0507778,1,8.6
"Aug 21, 11:00 am",0,0,1,0.0504945,1,9
"Aug 21, 12:00 pm",477.725,1.78697,1,0.050289,1,909.2
"Aug 21, 01:00 pm",2866.59,4.05926,1,0.0505718,1,910.5
"Aug 21, 02:00 pm",2866.59,4.10834,1,0.05063,1,899.9
"Aug 21, 03:00 pm",2866.59,4.48887,1,0.0507605,1,872.5
"Aug 21, 04:00 pm",2866.59,3.59539,1,0.050933,1,819.1
"Aug 21, 05:00 pm",2866.56,0.398391,1,0.0513663,1,703.9
"Aug 21, 06:00 pm",2486.78,0.228117,1,0.051696,1,305.3
"Aug 21, 07:00 pm",0,0,1,0.051929,1,0
"Aug 21, 08:00 pm",0,0,1,0.0520315,1,0
"Aug 21, 09:00 pm",0,0,1,0.0520859,1,0
"Aug 21, 10:00 pm",0,0,1,0.0520762,1,0
"Aug 21, 11:00 pm",0,0,1,0.0520985,1,0
"Aug 22, 12:00 am",0,0,1,0.0521208,1,0
"Aug 22, 01:00 am",0,0,1,0.0521638,1,0
"Aug 22, 02:00 am",0,0,1,0.0522059,1,0
"Aug 22, 03:00 am",0,0,1,0.0522261,1,0
"Aug 22, 04:00 am",0,0,1,0.0522623,1,0
"Aug 22, 05:00 am",0,0,1,0.0522825,1,0
"Aug 22, 06:00 am",0,0,1,0.0522706,1,0
"Aug 22, 07:00 am",0,0,1,0.0523388,1,0
"Aug 22, 08:00 am",0,0,1,0.0519271,1,5.8
"Aug 22, 09:00 am",477.725,1.8043,1,0.0516215,1,766.6
"Aug 22, 10:00 am",2866.59,4.95741,1,0.0515228,1,839.9
"Aug 22, 11:00 am",2866.59,4.70615,1,0.0513579,1,874.7
"Aug 22, 12:00 pm",2866.56,0.40514,1,0.0511935,1,8.9
"Aug 22, 01:00 pm",1969.51,0.244005,1,0.0511696,1,8.9
"Aug 22, 02:00 pm",99.9779,0.104144,1,0.0510635,1,8.8
"Aug 22, 03:00 pm",4.44154e-13,0,1,0.0510871,1,8.5
"Aug 22, 04:00 pm",0,0,1,0.0512066,1,8
"Aug 22, 05:00 pm",0,0,1,0.0513579,1,6.8
"Aug 22, 06:00 pm",0,0,1,0.051525,1,4.7
"Aug 22, 07:00 pm",0,0,1,0.0516759,1,0
"Aug 22, 08:00 pm",0,0,1,0.0516347,1,0
"Aug 22, 09:00 pm",0,0,1,0.0516564,1,0
"Aug 22, 10:00 pm",0,0,1,0.0516607,1,0
"Aug 22, 11:00 pm",0,0,1,0.0516491,1,0
"Aug 23, 12:00 am",0,0,1,0.0516535,1,0
"Aug 23, 01:00 am",0,0,1,0.0516578,1,0
"Aug 23, 02:00 am",0,0,1,0.0516622,1,0
"Aug 23, 03:00 am",0,0,1,0.0515865,1,0
"Aug 23, 04:00 am",0,0,1,0.0515589,1,0
"Aug 23, 05:00 am",0,0,1,0.0516273,1,0
"Aug 23, 06:00 am",0,0,1,0.0517757,1,0
"Aug 23, 07:00 am",0,0,1,0.051732,1,0
"Aug 23, 08:00 am",0,0,1,0.0515924,1,5.6
"Aug 23, 09:00 am",0,0,1,0.0515008,1,7.5
"Aug 23, 10:00 am",0,0,1,0.0513772,1,8.3
"Aug 23, 11:00 am",0,0,1,0.0511417,1,8.7
"Aug 23, 12:00 pm",0,0,1,0.0510182,1,8.8
"Aug 23, 01:00 pm",0,0,1,0.0510387,1,8.9
"Aug 23, 02:00 pm",0,0,1,0.0511233,1,8.8
"Aug 23, 03:00 pm",0,0,1,0.0512718,1,8.5
"Aug 23, 04:00 pm",0,0,1,0.0514682,1,8
"Aug 23, 05:00 pm",0,0,1,0.0516646,1,6.9
"Aug 23, 06:00 pm",0,0,1,0.051669,1,4.5
"Aug 23, 07:00 pm",0,0,1,0.0516893,1,0
"Aug 23, 08:00 pm",0,0,1,0.0516937,1,0
"Aug 23, 09:00 pm",0,0,1,0.0516661,1,0
"Aug 23, 10:00 pm",0,0,1,0.0517025,1,0
"Aug 23, 11:00 pm",0,0,1,0.051712,1,0
"Aug 24, 12:00 am",0,0,1,0.0516793,1,0
"Aug 24, 01:00 am",0,0,1,0.0516153,1,0
"Aug 24, 02:00 am",0,0,1,0.0515993,1,0
"Aug 24, 03:00 am",0,0,1,0.0515353,1,0
"Aug 24, 04:00 am",0,0,1,0.0514713,1,0
"Aug 24, 05:00 am",0,0,1,0.0514713,1,0
"Aug 24, 06:00 am",0,0,1,0.0515193,1,0
"Aug 24, 07:00 am",0,0,1,0.0516153,1,0
"Aug 24, 08:00 am",0,0,1,0.0516473,1,5.7
"Aug 24, 09:00 am",0,0,1,0.0514393,1,7.7
"Aug 24, 10:00 am",0,0,1,0.0513273,1,8.4
"Aug 24, 11:00 am",0,0,1,0.0511673,1,8.8
"Aug 24, 12:00 pm",0,0,1,0.0510553,1,8.9
"Aug 24, 01:00 pm",0,0,1,0.0510073,1,9
"Aug 24, 02:00 pm",0,0,1,0.0509913,1,8.9
"Aug 24, 03:00 pm",0,0,1,0.0510393,1,861.4
"Aug 24, 04:00 pm",2866.59,4.35441,1,0.0512516,1,809.9
"Aug 24, 05:00 pm",1473.01,0.430104,1,0.051552,1,697.5
"Aug 24, 06:00 pm",216.88,0.225916,1,0.0516704,1,322.3
"Aug 24, 07:00 pm",0,0,1,0.0518528,1,0
"Aug 24, 08:00 pm",0,0,1,0.051891,1,0
"Aug 24, 09:00 pm",0,0,1,0.0519432,1,0
"Aug 24, 10:00 pm",0,0,1,0.0520158,1,0
"Aug 24, 11:00 pm",0,0,1,0.0521433,1,0
"Aug 25, 12:00 am",0,0,1,0.0522873,1,0
"Aug 25, 01:00 am",0,0,1,0.0523673,1,0
"Aug 25, 02:00 am",0,0,1,0.0524793,1,0
"Aug 25, 03:00 am",0,0,1,0.0525753,1,0
"Aug 25, 04:00 am",0,0,1,0.0524473,1,0
"Aug 25, 05:00 am",0,0,1,0.0523353,1,0
"Aug 25, 06:00 am",0,0,1,0.0521593,1,0
"Aug 25, 07:00 am",0,0,1,0.0519513,1,0
"Aug 25, 08:00 am",0,0,1,0.0516473,1,6.3
"Aug 25, 09:00 am",0,1.19049,1,0.0512229,1,810.2
"Aug 25, 10:00 am",0,5.44402,1,0.0512583,1,882.1
"Aug 25, 11:00 am",0,5.0462,1,0.0511383,1,917.5
"Aug 25, 12:00 pm",0,1.55155,0.357669,0.0508612,0.357669,929.5
"Aug 25, 01:00 pm",0,0,1,0.050659,1,929.4
"Aug 25, 02:00 pm",0,0,1,0.0505007,1,917.8
"Aug 25, 03:00 pm",0,0,1,0.0505984,1,891.8
"Aug 25, 04:00 pm",0,0,1,0.0507761,1,840.3
"Aug 25, 05:00 pm",0,0,1,0.0511137,1,730.2
"Aug 25, 06:00 pm",0,0,1,0.0514992,1,350.2
"Aug 25, 07:00 pm",0,0,1,0.0518046,1,0
"Aug 25, 08:00 pm",0,0,1,0.052046,1,0
"Aug 25, 09:00 pm",0,0,1,0.0522713,1,0
"Aug 25, 10:00 pm",0,0,1,0.0524485,1,0
"Aug 25, 11:00 pm",0,0,1,0.0525618,1,0
"Aug 26, 12:00 am",0,0,1,0.052659,1,0
"Aug 26, 01:00 am",0,0,1,0.0527401,1,0
"Aug 26, 02:00 am",0,0,1,0.0528373,1,0
"Aug 26, 03:00 am",0,0,1,0.0529024,1,0
"Aug 26, 04:00 am",0,0,1,0.0527596,1,0
"Aug 26, 05:00 am",0,0,1,0.0526168,1,0
"Aug 26, 06:00 am",0,0,1,0.052506,1,0
"Aug 26, 07:00 am",0,0,1,0.0522832,1,0
"Aug 26, 08:00 am",0,0,1,0.0518046,1,668.1
"Aug 26, 09:00 am",0,0,1,0.0511501,1,836.4
"Aug 26, 10:00 am",0,0,1,0.0505277,1,899.7
"Aug 26, 11:00 am",0,0,1,0.0501295,1,928.8
"Aug 26, 12:00 pm",0,0,1,0.0496833,1,10.9
"Aug 26, 01:00 pm",0,0,1,0.0495093,1,11.3
"Aug 26, 02:00 pm",0,0,1,0.0493353,1,9.3
"Aug 26, 03:00 pm",0,0,1,0.0494652,1,890
"Aug 26, 04:00 pm",0,0,1,0.0496752,1,834.8
"Aug 26, 05:00 pm",0,0,1,0.050077,1,721.2
"Aug 26, 06:00 pm",0,0,1,0.0504468,1,362.8
"Aug 26, 07:00 pm",0,0,1,0.0507205,1,0
"Aug 26, 08:00 pm",0,0,1,0.0508342,1,0
"Aug 26, 09:00 pm",0,0,1,0.0509318,1,0
"Aug 26, 10:00 pm",0,0,1,0.0509814,1,0
"Aug 26, 11:00 pm",0,0,1,0.050983,1,0
"Aug 27, 12:00 am",0,0,1,0.0510326,1,0
"Aug 27, 01:00 am",0,0,1,0.0510982,1,0
"Aug 27, 02:00 am",0,0,1,0.0511637,1,0
"Aug 27, 03:00 am",0,0,1,0.0512453,1,0
"Aug 27, 04:00 am",0,0,1,0.0513268,1,0
"Aug 27, 05:00 am",0,0,1,0.0514083,1,0
"Aug 27, 06:00 am",2840.84,0,1,0.0516969,1,0
"Aug 27, 07:00 am",2833.13,0,1,0.0519924,1,0
"Aug 27, 08:00 am",2824.66,0,1,0.0518088,1,6.2
"Aug 27, 09:00 am",1794.74,0,1,0.051746,1,7.9
"Aug 27, 10:00 am",0,0,1,0.0515439,1,8.6
"Aug 27, 11:00 am",0,0,1,0.0512763,1,8.9
"Aug 27, 12:00 pm",0,0,1,0.0511848,1,9.1
"Aug 27, 01:00 pm",0,0,1,0.0511732,1,9.1
"Aug 27, 02:00 pm",0,0,1,0.0512097,1,9
"Aug 27, 03:00 pm",0,0,1,0.0512302,1,8.7
"Aug 27, 04:00 pm",0,0,1,0.0513466,1,8.2
"Aug 27, 05:00 pm",0,0,1,0.051671,1,7.1
"Aug 27, 06:00 pm",0,0,1,0.0519473,1,3.8
"Aug 27, 07:00 pm",0,0,1,0.0521115,1,0
"Aug 27, 08:00 pm",0,0,1,0.0521798,1,0
"Aug 27, 09:00 pm",0,0,1,0.052232,1,0
"Aug 27, 10:00 pm",0,0,1,0.0522202,1,0
"Aug 27, 11:00 pm",0,0,1,0.0522404,1,0
"Aug 28, 12:00 am",0,0,1,0.0522446,1,0
"Aug 28, 01:00 am",0,0,1,0.0521848,1,0
"Aug 28, 02:00 am",0,0,1,0.052141,1,0
"Aug 28, 03:00 am",0,0,1,0.0521132,1,0
"Aug 28, 04:00 am",0,0,1,0.0521014,1,0
"Aug 28, 05:00 am",0,0,1,0.0520737,1,0
"Aug 28, 06:00 am",0,0,1,0.0520939,1,0
"Aug 28, 07:00 am",0,0,1,0.0520982,1,0
"Aug 28, 08:00 am",0,0,1,0.0516705,1,6.3
"Aug 28, 09:00 am",0,0,1,0.0514349,1,8
"Aug 28, 10:00 am",0,0,1,0.0511993,1,8.6
"Aug 28, 11:00 am",0,0,1,0.0505479,1,9
"Aug 28, 12:00 pm",0,0,1,0.0501366,1,9.1
"Aug 28, 01:00 pm",0,0,1,0.0498694,1,9.1
"Aug 28, 02:00 pm",0,0,1,0.0497143,1,9
"Aug 28, 03:00 pm",0,0,1,0.0498951,1,8.8
"Aug 28, 04:00 pm",0,0,1,0.0500919,1,8.3
"Aug 28, 05:00 pm",0,0,1,0.0504007,1,7.1
"Aug 28, 06:00 pm",0,0,1,0.0506453,1,367.3
"Aug 28, 07:00 pm",0,0,1,0.0508419,1,0
"Aug 28, 08:00 pm",0,0,1,0.0509585,1,0
"Aug 28, 09:00 pm",0,0,1,0.051059,1,0
"Aug 28, 10:00 pm",0,0,1,0.0511276,1,0
"Aug 28, 11:00 pm",0,0,1,0.0511801,1,0
"Aug 29, 12:00 am",0,0,1,0.0512326,1,0
"Aug 29, 01:00 am",0,0,1,0.051285,1,0
"Aug 29, 02:00 am",0,0,1,0.0513215,1,0
"Aug 29, 03:00 am",0,0,1,0.05139,1,0
"Aug 29, 04:00 am",0,0,1,0.0514424,1,0
"Aug 29, 05:00 am",0,0,1,0.0514788,1,0
"Aug 29, 06:00 am",0,0,1,0.0515472,1,0
"Aug 29, 07:00 am",0,0,1,0.0516796,1,0
"Aug 29, 08:00 am",0,0,1,0.0513966,1,6.3
"Aug 29, 09:00 am",0,0,1,0.0509753,1,7.9
"Aug 29, 10:00 am",0,0,1,0.0505114,1,8.6
"Aug 29, 11:00 am",0,0,1,0.0500154,1,896.7
"Aug 29, 12:00 pm",994.108,1.03553,1,0.0496154,1,11.3
"Aug 29, 01:00 pm",470.018,0.489602,1,0.0494074,1,9.1
"Aug 29, 02:00 pm",196.639,0.204832,1,0.0491994,1,9
"Aug 29, 03:00 pm",0,0,1,0.0492794,1,8.8
"Aug 29, 04:00 pm",0,0,1,0.0494074,1,8.2
"Aug 29, 05:00 pm",0,0,1,0.0497434,1,7.1
"Aug 29, 06:00 pm",0,0,1,0.0499354,1,371.5
"Aug 29, 07:00 pm",0,0,1,0.0501274,1,0
"Aug 29, 08:00 pm",0,0,1,0.0502234,1,0
"Aug 29, 09:00 pm",0,0,1,0.0502874,1,0
"Aug 29, 10:00 pm",0,0,1,0.0502554,1,0
"Aug 29, 11:00 pm",0,0,1,0.0502554,1,0
"Aug 30, 12:00 am",0,0,1,0.0502874,1,0
"Aug 30, 01:00 am",0,0,1,0.0503194,1,0
"Aug 30, 02:00 am",0,0,1,0.0503514,1,0
"Aug 30, 03:00 am",0,0,1,0.0504474,1,0
"Aug 30, 04:00 am",0,0,1,0.0505274,1,0
"Aug 30, 05:00 am",0,0,1,0.0505913,1,0
"Aug 30, 06:00 am",0,0,1,0.0506393,1,0
"Aug 30, 07:00 am",0,0,1,0.0506553,1,0
"Aug 30, 08:00 am",0,0,1,0.0506393,1,6
"Aug 30, 09:00 am",0,0,1,0.0507034,1,7.7
"Aug 30, 10:00 am",477.725,2.16595,1,0.0507148,1,837.6
"Aug 30, 11:00 am",2866.59,4.89982,1,0.0508321,1,871.2
"Aug 30, 12:00 pm",2866.59,4.61224,1,0.0506448,1,888.4
"Aug 30, 01:00 pm",2866.56,0.405097,1,0.0505949,1,8.9
"Aug 30, 02:00 pm",1985.3,0.24368,1,0.0505886,1,8.8
"Aug 30, 03:00 pm",100.419,0.104603,1,0.0504944,1,8.6
"Aug 30, 04:00 pm",4.50939e-13,0,1,0.0505666,1,8.2
"Aug 30, 05:00 pm",0,0,1,0.0509105,1,7.1
"Aug 30, 06:00 pm",0,0,1,0.051174,1,375.6
"Aug 30, 07:00 pm",0,0,1,0.0513891,1,0
"Aug 30, 08:00 pm",0,0,1,0.051508,1,0
"Aug 30, 09:00 pm",0,0,1,0.0516107,1,0
"Aug 30, 10:00 pm",0,0,1,0.0516174,1,0
"Aug 30, 11:00 pm",0,0,1,0.0514878,1,0
"Aug 31, 12:00 am",0,0,1,0.051421,1,0
"Aug 31, 01:00 am",0,0,1,0.0514095,1,0
"Aug 31, 02:00 am",0,0,1,0.0514299,1,0
"Aug 31, 03:00 am",0,0,1,0.0514343,1,0
"Aug 31, 04:00 am",0,0,1,0.0513908,1,0
"Aug 31, 05:00 am",0,0,1,0.0513632,1,0
"Aug 31, 06:00 am",0,0,1,0.0513197,1,0
"Aug 31, 07:00 am",0,0,1,0.0514201,1,0
"Aug 31, 08:00 am",0,0,1,0.0514749,1,6.3
"Aug 31, 09:00 am",0,0,1,0.0511993,1,8
"Aug 31, 10:00 am",0,0,1,0.0508793,1,8.6
"Aug 31, 11:00 am",0,0,1,0.0504794,1,8.9
"Aug 31, 12:00 pm",0,0,1,0.0502234,1,9
"Aug 31, 01:00 pm",0,0,1,0.0502554,1,9
"Aug 31, 02:00 pm",0,0,1,0.0502554,1,8.9
"Aug 31, 03:00 pm",0,0,1,0.0502714,1,8.6
"Aug 31, 04:00 pm",0,0,1,0.0504154,1,8.1
"Aug 31, 05:00 pm",0,0,1,0.0506714,1,7.1
"Aug 31, 06:00 pm",0,0,1,0.0508793,1,3.8
"Aug 31, 07:00 pm",0,0,1,0.0510073,1,0
"Aug 31, 08:00 pm",0,0,1,0.0510553,1,0
"Aug 31, 09:00 pm",0,0,1,0.0511033,1,0
"Aug 31, 10:00 pm",0,0,1,0.0511193,1,0
"Aug 31, 11:00 pm",0,0,1,0.0511513,1,0
"Sep 1, 12:00 am",0,0,1,0.0510233,1,0
"Sep 1, 01:00 am",0,0,1,0.0511673,1,0
"Sep 1, 02:00 am",0,0,1,0.0513913,1,0
"Sep 1, 03:00 am",0,0,1,0.0514713,1,0
"Sep 1, 04:00 am",0,0,1,0.0515833,1,0
"Sep 1, 05:00 am",0,0,1,0.0517113,1,0
"Sep 1, 06:00 am",0,0,1,0.0517753,1,0
"Sep 1, 07:00 am",0,0,1,0.0516473,1,0
"Sep 1, 08:00 am",0,0,1,0.0512633,1,6.6
"Sep 1, 09:00 am",0,0,1,0.0506073,1,813.3
"Sep 1, 10:00 am",0,5.74164,1,0.0503831,1,877
"Sep 1, 11:00 am",0,5.22767,1,0.0502225,1,908.7
"Sep 1, 12:00 pm",0,2.23399,0.477393,0.0499045,0.477393,920.9
"Sep 1, 01:00 pm",0,0,1,0.049705,1,921.1
"Sep 1, 02:00 pm",0,0,1,0.049531,1,910.3
"Sep 1, 03:00 pm",0,0,1,0.0495649,1,8.8
"Sep 1, 04:00 pm",0,0,1,0.0496948,1,8.4
"Sep 1, 05:00 pm",0,0,1,0.0500647,1,7.3
"Sep 1, 06:00 pm",0,0,1,0.0503384,1,3.9
"Sep 1, 07:00 pm",0,0,1,0.0504522,1,0
"Sep 1, 08:00 pm",0,0,1,0.0505819,1,0
"Sep 1, 09:00 pm",0,0,1,0.0506956,1,0
"Sep 1, 10:00 pm",0,0,1,0.0507612,1,0
"Sep 1, 11:00 pm",0,0,1,0.0508428,1,0
"Sep 2, 12:00 am",0,0,1,0.0508605,1,0
"Sep 2, 01:00 am",0,0,1,0.0508941,1,0
"Sep 2, 02:00 am",0,0,1,0.0509117,1,0
"Sep 2, 03:00 am",0,0,1,0.0509613,1,0
"Sep 2, 04:00 am",0,0,1,0.0511389,1,0
"Sep 2, 05:00 am",0,0,1,0.0511404,1,0
"Sep 2, 06:00 am",0,0,1,0.051206,1,0
"Sep 2, 07:00 am",0,0,1,0.0511276,1,0
"Sep 2, 08:00 am",0,0,1,0.0508092,1,6.8
"Sep 2, 09:00 am",0,0,1,0.0503309,1,8.2
"Sep 2, 10:00 am",0,0,1,0.0497887,1,8.8
"Sep 2, 11:00 am",0,0,1,0.0496786,1,9.1
"Sep 2, 12:00 pm",0,0,1,0.0490566,1,9.3
"Sep 2, 01:00 pm",0,0,1,0.0488987,1,9.3
"Sep 2, 02:00 pm",0,0,1,0.0490768,1,9.2
"Sep 2, 03:00 pm",0,0,1,0.0491748,1,899.3
"Sep 2, 04:00 pm",0,0,1,0.0492888,1,854.5
"Sep 2, 05:00 pm",0,0,1,0.0497548,1,756.2
"Sep 2, 06:00 pm",0,0,1,0.0499007,1,430.4
"Sep 2, 07:00 pm",0,0,1,0.0502385,1,0
"Sep 2, 08:00 pm",0,0,1,0.0505762,1,0
"Sep 2, 09:00 pm",0,0,1,0.0508179,1,0
"Sep 2, 10:00 pm",0,0,1,0.0510115,1,0
"Sep 2, 11:00 pm",0,0,1,0.0511091,1,0
"Sep 3, 12:00 am",0,0,1,0.0511907,1,0
"Sep 3, 01:00 am",0,0,1,0.0512722,1,0
"Sep 3, 02:00 am",0,0,1,0.0514017,1,0
"Sep 3, 03:00 am",0,0,1,0.0515472,1,0
"Sep 3, 04:00 am",0,0,1,0.0516286,1,0
"Sep 3, 05:00 am",0,0,1,0.0515981,1,0
"Sep 3, 06:00 am",2839.9,0,1,0.0518066,1,0
"Sep 3, 07:00 am",2832.18,0,1,0.052086,1,0
"Sep 3, 08:00 am",2824.15,0,1,0.0518395,1,6.6
"Sep 3, 09:00 am",1794.74,0,1,0.0515379,1,8
"Sep 3, 10:00 am",4.25066e-13,0,1,0.051144,1,8.6
"Sep 3, 11:00 am",0,0,1,0.0509245,1,8.9
"Sep 3, 12:00 pm",0,0,1,0.050753,1,9.1
"Sep 3, 01:00 pm",0,0,1,0.0507736,1,9.1
"Sep 3, 02:00 pm",0,0,1,0.0507942,1,9
"Sep 3, 03:00 pm",0,0,1,0.0508947,1,8.7
"Sep 3, 04:00 pm",0,0,1,0.0511552,1,8.2
"Sep 3, 05:00 pm",0,0,1,0.0514477,1,7.1
"Sep 3, 06:00 pm",0,0,1,0.0516441,1,4.2
"Sep 3, 07:00 pm",0,0,1,0.0517124,1,0
"Sep 3, 08:00 pm",0,0,1,0.0517647,1,0
"Sep 3, 09:00 pm",0,0,1,0.051833,1,0
"Sep 3, 10:00 pm",0,0,1,0.0518533,1,0
"Sep 3, 11:00 pm",0,0,1,0.0517936,1,0
"Sep 4, 12:00 am",0,0,1,0.051718,1,0
"Sep 4, 01:00 am",0,0,1,0.0516423,1,0
"Sep 4, 02:00 am",0,0,1,0.0517107,1,0
"Sep 4, 03:00 am",0,0,1,0.051635,1,0
"Sep 4, 04:00 am",0,0,1,0.0514474,1,0
"Sep 4, 05:00 am",0,0,1,0.0516598,1,0
"Sep 4, 06:00 am",0,0,1,0.0517281,1,0
"Sep 4, 07:00 am",0,0,1,0.0517005,1,0
"Sep 4, 08:00 am",0,0,1,0.0516088,1,6.4
"Sep 4, 09:00 am",0,0,1,0.0512452,1,7.9
"Sep 4, 10:00 am",0,0,1,0.0510737,1,8.5
"Sep 4, 11:00 am",0,0,1,0.0509983,1,8.8
"Sep 4, 12:00 pm",0,0,1,0.0508428,1,8.9
"Sep 4, 01:00 pm",0,0,1,0.0507194,1,9
"Sep 4, 02:00 pm",0,0,1,0.050596,1,8.8
"Sep 4, 03:00 pm",0,0,1,0.0506167,1,8.6
"Sep 4, 04:00 pm",0,0,1,0.0507333,1,8.2
"Sep 4, 05:00 pm",0,0,1,0.0509779,1,7.1
"Sep 4, 06:00 pm",0,0,1,0.0511584,1,4.1
"Sep 4, 07:00 pm",0,0,1,0.0512589,1,0
"Sep 4, 08:00 pm",0,0,1,0.0513434,1,0
"Sep 4, 09:00 pm",0,0,1,0.0514118,1,0
"Sep 4, 10:00 pm",0,0,1,0.0514162,1,0
"Sep 4, 11:00 pm",0,0,1,0.0514047,1,0
"Sep 5, 12:00 am",0,0,1,0.0514411,1,0
"Sep 5, 01:00 am",0,0,1,0.0513975,1,0
"Sep 5, 02:00 am",0,0,1,0.051322,1,0
"Sep 5, 03:00 am",0,0,1,0.0513265,1,0
"Sep 5, 04:00 am",0,0,1,0.0513149,1,0
"Sep 5, 05:00 am",0,0,1,0.0513834,1,0
"Sep 5, 06:00 am",0,0,1,0.0513878,1,0
"Sep 5, 07:00 am",0,0,1,0.0513923,1,0
"Sep 5, 08:00 am",0,0,1,0.0512209,1,6.8
"Sep 5, 09:00 am",0,0,1,0.0507833,1,8.1
"Sep 5, 10:00 am",0,0,1,0.0503834,1,8.7
"Sep 5, 11:00 am",0,0,1,0.0501754,1,9
"Sep 5, 12:00 pm",0,0,1,0.0500794,1,9.1
"Sep 5, 01:00 pm",0,0,1,0.0499674,1,9.1
"Sep 5, 02:00 pm",0,0,1,0.0500474,1,9
"Sep 5, 03:00 pm",0,0,1,0.0500954,1,8.7
"Sep 5, 04:00 pm",0,0,1,0.0501754,1,8.2
"Sep 5, 05:00 pm",0,0,1,0.0504954,1,7.2
"Sep 5, 06:00 pm",0,0,1,0.0506073,1,4.2
"Sep 5, 07:00 pm",0,0,1,0.0507993,1,0
"Sep 5, 08:00 pm",0,0,1,0.0509753,1,0
"Sep 5, 09:00 pm",0,0,1,0.0510873,1,0
"Sep 5, 10:00 pm",0,0,1,0.0511033,1,0
"Sep 5, 11:00 pm",0,0,1,0.0510873,1,0
"Sep 6, 12:00 am",0,0,1,0.0510873,1,0
"Sep 6, 01:00 am",0,0,1,0.0511353,1,0
"Sep 6, 02:00 am",0,0,1,0.0511673,1,0
"Sep 6, 03:00 am",0,0,1,0.0511513,1,0
"Sep 6, 04:00 am",0,0,1,0.0510073,1,0
"Sep 6, 05:00 am",0,0,1,0.0510073,1,0
"Sep 6, 06:00 am",0,0,1,0.0510393,1,0
"Sep 6, 07:00 am",0,0,1,0.0510553,1,0
"Sep 6, 08:00 am",0,0,1,0.0511833,1,6.5
"Sep 6, 09:00 am",0,0,1,0.0511033,1,7.9
"Sep 6, 10:00 am",0,0,1,0.0511193,1,8.5
"Sep 6, 11:00 am",0,0,1,0.0510553,1,8.8
"Sep 6, 12:00 pm",0,0,1,0.0510233,1,9
"Sep 6, 01:00 pm",0,0,1,0.0508633,1,9
"Sep 6, 02:00 pm",0,0,1,0.0508153,1,8.9
"Sep 6, 03:00 pm",0,0,1,0.0508314,1,8.7
"Sep 6, 04:00 pm",0,0,1,0.0509433,1,8.2
"Sep 6, 05:00 pm",0,0,1,0.0510393,1,7.3
"Sep 6, 06:00 pm",0,0,1,0.0511193,1,4.3
"Sep 6, 07:00 pm",0,0,1,0.0511033,1,0
"Sep 6, 08:00 pm",0,0,1,0.0511513,1,0
"Sep 6, 09:00 pm",0,0,1,0.0511033,1,0
"Sep 6, 10:00 pm",0,0,1,0.0510873,1,0
"Sep 6, 11:00 pm",0,0,1,0.0510873,1,0
"Sep 7, 12:00 am",0,0,1,0.0510873,1,0
"Sep 7, 01:00 am",0,0,1,0.0511033,1,0
"Sep 7, 02:00 am",0,0,1,0.0511673,1,0
"Sep 7, 03:00 am",0,0,1,0.0512313,1,0
"Sep 7, 04:00 am",0,0,1,0.0512793,1,0
"Sep 7, 05:00 am",0,0,1,0.0514073,1,0
"Sep 7, 06:00 am",0,0,1,0.0515353,1,0
"Sep 7, 07:00 am",0,0,1,0.0516953,1,0
"Sep 7, 08:00 am",0,0,1,0.0515193,1,6.7
"Sep 7, 09:00 am",0,0,1,0.0513593,1,8.1
"Sep 7, 10:00 am",0,0,1,0.0511193,1,8.7
"Sep 7, 11:00 am",0,0,1,0.0509913,1,9
"Sep 7, 12:00 pm",0,0,1,0.0507993,1,9.1
"Sep 7, 01:00 pm",0,0,1,0.0508473,1,9.2
"Sep 7, 02:00 pm",0,0,1,0.0508314,1,9.1
"Sep 7, 03:00 pm",0,0,1,0.0508793,1,8.9
"Sep 7, 04:00 pm",0,0,1,0.0509433,1,8.4
"Sep 7, 05:00 pm",0,0,1,0.0511513,1,7.4
"Sep 7, 06:00 pm",0,0,1,0.0512953,1,4.4
"Sep 7, 07:00 pm",0,0,1,0.0514553,1,0
"Sep 7, 08:00 pm",0,0,1,0.0515353,1,0
"Sep 7, 09:00 pm",0,0,1,0.0516153,1,0
"Sep 7, 10:00 pm",0,0,1,0.0516473,1,0
"Sep 7, 11:00 pm",0,0,1,0.0516633,1,0
"Sep 8, 12:00 am",0,0,1,0.0516793,1,0
"Sep 8, 01:00 am",0,0,1,0.0516953,1,0
"Sep 8, 02:00 am",0,0,1,0.0517273,1,0
"Sep 8, 03:00 am",0,0,1,0.0517433,1,0
"Sep 8, 04:00 am",0,0,1,0.0517753,1,0
"Sep 8, 05:00 am",0,0,1,0.0518553,1,0
"Sep 8, 06:00 am",0,0,1,0.0518873,1,0
"Sep 8, 07:00 am",0,0,1,0.0518713,1,0
"Sep 8, 08:00 am",0,0,1,0.0515033,1,689.6
"Sep 8, 09:00 am",0,4.22843,1,0.0514076,1,829.2
"Sep 8, 10:00 am",0,5.71675,1,0.0513282,1,894.4
"Sep 8, 11:00 am",0,2.88385,0.532311,0.0512105,0.532311,930.3
"Sep 8, 12:00 pm",0,0,1,0.0509982,1,13.8
"Sep 8, 01:00 pm",0,0,1,0.0509038,1,9.4
"Sep 8, 02:00 pm",0,0,1,0.0508255,1,19
"Sep 8, 03:00 pm",0,0,1,0.0508911,1,9.3
"Sep 8, 04:00 pm",0,0,1,0.0509567,1,869.3
"Sep 8, 05:00 pm",0,0,1,0.0512463,1,774.6
"Sep 8, 06:00 pm",0,0,1,0.0515517,1,472.1
"Sep 8, 07:00 pm",0,0,1,0.0517932,1,0
"Sep 8, 08:00 pm",0,0,1,0.0519865,1,0
"Sep 8, 09:00 pm",0,0,1,0.0520839,1,0
"Sep 8, 10:00 pm",0,0,1,0.0521812,1,0
"Sep 8, 11:00 pm",0,0,1,0.0522785,1,0
"Sep 9, 12:00 am",0,0,1,0.0523278,1,0
"Sep 9, 01:00 am",0,0,1,0.0523611,1,0
"Sep 9, 02:00 am",0,0,1,0.0524103,1,0
"Sep 9, 03:00 am",0,0,1,0.0524756,1,0
"Sep 9, 04:00 am",0,0,1,0.0525088,1,0
"Sep 9, 05:00 am",0,0,1,0.052574,1,0
"Sep 9, 06:00 am",0,0,1,0.0525112,1,0
"Sep 9, 07:00 am",0,0,1,0.0523365,1,0
"Sep 9, 08:00 am",0,0,1,0.0520338,1,768.6
"Sep 9, 09:00 am",0,0,1,0.0514272,1,884.2
"Sep 9, 10:00 am",0,0,1,0.0509488,1,932.8
"Sep 9, 11:00 am",0,0,1,0.0505824,1,955.5
"Sep 9, 12:00 pm",0,0,1,0.0502962,1,961.8
"Sep 9, 01:00 pm",0,0,1,0.050106,1,958.5
"Sep 9, 02:00 pm",0,0,1,0.0500278,1,945.5
"Sep 9, 03:00 pm",0,0,1,0.0501576,1,919.8
"Sep 9, 04:00 pm",0,0,1,0.0503194,1,871.8
"Sep 9, 05:00 pm",0,0,1,0.0506891,1,774.2
"Sep 9, 06:00 pm",0,0,1,0.0510748,1,490.7
"Sep 9, 07:00 pm",0,0,1,0.0513014,1,0
"Sep 9, 08:00 pm",0,0,1,0.0514713,1,0
"Sep 9, 09:00 pm",0,0,1,0.0515993,1,0
"Sep 9, 10:00 pm",0,0,1,0.0517433,1,0
"Sep 9, 11:00 pm",0,0,1,0.0518393,1,0
"Sep 10, 12:00 am",0,0,1,0.0519193,1,0
"Sep 10, 01:00 am",0,0,1,0.0519993,1,0
"Sep 10, 02:00 am",0,0,1,0.0520633,1,0
"Sep 10, 03:00 am",0,0,1,0.0521273,1,0
"Sep 10, 04:00 am",0,0,1,0.0521913,1,0
"Sep 10, 05:00 am",0,0,1,0.0522553,1,0
"Sep 10, 06:00 am",2820.18,0,1,0.0523828,1,0
"Sep 10, 07:00 am",2820.18,0,1,0.0523927,1,0
"Sep 10, 08:00 am",2657.21,2.04832,1,0.0521795,1,732.6
"Sep 10, 09:00 am",2866.59,5.91022,1,0.0517632,1,860.1
"Sep 10, 10:00 am",2866.55,5.91857,1,0.0515203,1,916.8
"Sep 10, 11:00 am",2865.53,4.75376,0.836997,0.0512381,0.836997,946
"Sep 10, 12:00 pm",2867.24,2.98671,0.570519,0.0509533,0.570519,955.9
"Sep 10, 01:00 pm",2867.03,2.98649,0.600513,0.05064,0.600513,955.4
"Sep 10, 02:00 pm",2867.03,2.98649,0.597296,0.0505189,0.597296,944.5
"Sep 10, 03:00 pm",2867.03,2.98649,0.563809,0.0506059,0.563809,919.7
"Sep 10, 04:00 pm",2867.04,2.9865,0.652057,0.0507567,0.652057,872.9
"Sep 10, 05:00 pm",2863.58,0.398645,1,0.0512344,1,776.5
"Sep 10, 06:00 pm",2689.88,0.229078,1,0.0517311,1,493.6
"Sep 10, 07:00 pm",2866.6,0,1,0.052057,1,0
"Sep 10, 08:00 pm",2728.72,0,1,0.0522458,1,0
"Sep 10, 09:00 pm",0,0,1,0.0523927,1,0
"Sep 10, 10:00 pm",0,0,1,0.0524787,1,0
"Sep 10, 11:00 pm",0,0,1,0.0525604,1,0
"Sep 11, 12:00 am",0,0,1,0.052609,1,0
"Sep 11, 01:00 am",0,0,1,0.0526611,1,0
"Sep 11, 02:00 am",0,0,1,0.0526812,1,0
"Sep 11, 03:00 am",0,0,1,0.0527333,1,0
"Sep 11, 04:00 am",0,0,1,0.0526253,1,0
"Sep 11, 05:00 am",0,0,1,0.0525014,1,0
"Sep 11, 06:00 am",0,0,1,0.0523296,1,0
"Sep 11, 07:00 am",0,0,1,0.0520938,1,0
"Sep 11, 08:00 am",470.132,1.19097,1,0.0514741,1,737.8
"Sep 11, 09:00 am",2866.59,5.84044,1,0.050884,1,858.1
"Sep 11, 10:00 am",2866.59,5.90986,1,0.0504956,1,911.5
"Sep 11, 11:00 am",2866.59,5.70619,1,0.0502354,1,938.1
"Sep 11, 12:00 pm",2866.54,5.38927,1,0.0498543,1,948.5
"Sep 11, 01:00 pm",2865.7,3.77923,0.751814,0.0498835,0.751814,948.1
"Sep 11, 02:00 pm",2867.31,2.98678,0.597813,0.0498675,0.597813,937.4
"Sep 11, 03:00 pm",2867.05,2.98651,0.564155,0.0499715,0.564155,912.7
"Sep 11, 04:00 pm",2867.07,2.98653,0.650797,0.0501233,0.650797,866.2
"Sep 11, 05:00 pm",2866.56,0.398852,1,0.0508476,1,771.3
"Sep 11, 06:00 pm",2766.07,0.229313,1,0.0514324,1,496.8
"Sep 11, 07:00 pm",2866.62,0,1,0.051531,1,0
"Sep 11, 08:00 pm",2866.66,0,1,0.0517191,1,0
"Sep 11, 09:00 pm",0,0,1,0.0518363,1,0
"Sep 11, 10:00 pm",0,0,1,0.0520368,1,0
"Sep 11, 11:00 pm",0,0,1,0.0521252,1,0
"Sep 12, 12:00 am",0,0,1,0.0522454,1,0
"Sep 12, 01:00 am",0,0,1,0.0522535,1,0
"Sep 12, 02:00 am",0,0,1,0.0522822,1,0
"Sep 12, 03:00 am",0,0,1,0.052325,1,0
"Sep 12, 04:00 am",0,0,1,0.052505,1,0
"Sep 12, 05:00 am",0,0,1,0.0523331,1,0
"Sep 12, 06:00 am",0,0,1,0.0522092,1,0
"Sep 12, 07:00 am",0,0,1,0.0519573,1,0
"Sep 12, 08:00 am",581.268,1.33851,1,0.05112,1,767.4
"Sep 12, 09:00 am",2866.59,6.02769,1,0.0506887,1,879.7
"Sep 12, 10:00 am",2866.59,6.04047,1,0.0501283,1,927.2
"Sep 12, 11:00 am",2866.56,5.81715,1,0.04965,1,950.5
"Sep 12, 12:00 pm",2866.53,5.46807,1,0.04907,1,955.4
"Sep 12, 01:00 pm",2867.82,3.13463,0.624293,0.0491049,0.624293,950.9
"Sep 12, 02:00 pm",2867.06,2.98652,0.593107,0.0490833,0.593107,936.7
"Sep 12, 03:00 pm",2867.06,2.98652,0.562074,0.0491563,0.562074,910.2
"Sep 12, 04:00 pm",2867.07,2.98653,0.648603,0.0492611,0.648603,862.2
"Sep 12, 05:00 pm",2866.56,0.399026,1,0.0499687,1,766.6
"Sep 12, 06:00 pm",2770.93,0.229984,1,0.0504723,1,500.7
"Sep 12, 07:00 pm",2866.62,0,1,0.0508745,1,0
"Sep 12, 08:00 pm",2866.66,0,1,0.0511584,1,0
"Sep 12, 09:00 pm",0,0,1,0.05142,1,0
"Sep 12, 10:00 pm",0,0,1,0.0515574,1,0
"Sep 12, 11:00 pm",0,0,1,0.0515986,1,0
"Sep 13, 12:00 am",0,0,1,0.0516558,1,0
"Sep 13, 01:00 am",0,0,1,0.0516969,1,0
"Sep 13, 02:00 am",0,0,1,0.0517698,1,0
"Sep 13, 03:00 am",0,0,1,0.0518683,1,0
"Sep 13, 04:00 am",0,0,1,0.0519484,1,0
"Sep 13, 05:00 am",0,0,1,0.0520166,1,0
"Sep 13, 06:00 am",0,0,1,0.0521167,1,0
"Sep 13, 07:00 am",0,0,1,0.0519928,1,0
"Sep 13, 08:00 am",593.721,1.22752,1,0.0513596,1,724.9
"Sep 13, 09:00 am",2866.59,5.76436,1,0.0509665,1,842.3
"Sep 13, 10:00 am",2866.59,5.84208,1,0.0506869,1,894.5
"Sep 13, 11:00 am",2866.59,5.66033,1,0.050426,1,921.2
"Sep 13, 12:00 pm",2866.54,5.3495,1,0.0501409,1,929.8
"Sep 13, 01:00 pm",2867.26,3.97525,0.794673,0.0500285,0.794673,927.8
"Sep 13, 02:00 pm",2867.31,2.98678,0.60418,0.0499982,0.60418,915.4
"Sep 13, 03:00 pm",2867.03,2.98649,0.570971,0.0500381,0.570971,891.8
"Sep 13, 04:00 pm",2867.05,2.98651,0.655877,0.0501738,0.655877,846.4
"Sep 13, 05:00 pm",2866.56,0.398943,1,0.0506708,1,753.2
"Sep 13, 06:00 pm",2767.83,0.229825,1,0.0511558,1,487.7
"Sep 13, 07:00 pm",2866.62,0,1,0.0513965,1,0
"Sep 13, 08:00 pm",2866.66,0,1,0.0516154,1,0
"Sep 13, 09:00 pm",0,0,1,0.0517163,1,0
"Sep 13, 10:00 pm",0,0,1,0.0518211,1,0
"Sep 13, 11:00 pm",0,0,1,0.0518619,1,0
"Sep 14, 12:00 am",0,0,1,0.0518066,1,0
"Sep 14, 01:00 am",0,0,1,0.0517354,1,0
"Sep 14, 02:00 am",0,0,1,0.0516977,1,0
"Sep 14, 03:00 am",0,0,1,0.0517857,1,0
"Sep 14, 04:00 am",0,0,1,0.0519179,1,0
"Sep 14, 05:00 am",0,0,1,0.0520021,1,0
"Sep 14, 06:00 am",0,0,1,0.0521022,1,0
"Sep 14, 07:00 am",0,0,1,0.0519944,1,0
"Sep 14, 08:00 am",107.526,0,1,0.0515039,1,7.3
"Sep 14, 09:00 am",955.49,3.2319,1,0.0509817,1,845.9
"Sep 14, 10:00 am",2866.59,5.90357,1,0.0509149,1,898.8
"Sep 14, 11:00 am",2866.59,5.72315,1,0.050667,1,926.5
"Sep 14, 12:00 pm",2866.55,5.43251,1,0.0503343,1,937.9
"Sep 14, 01:00 pm",2800.66,5.1628,1,0.0501898,1,938.5
"Sep 14, 02:00 pm",2867.01,2.98647,0.5937,0.0500509,0.5937,928.7
"Sep 14, 03:00 pm",2867.03,2.98649,0.559045,0.0501228,0.559045,905.7
"Sep 14, 04:00 pm",2867.05,2.98651,0.639652,0.0502745,0.639652,861.3
"Sep 14, 05:00 pm",2866.56,0.398877,1,0.0507346,1,769.9
"Sep 14, 06:00 pm",2803.14,0.229685,1,0.0512793,1,499.7
"Sep 14, 07:00 pm",2866.63,0,1,0.0515181,1,0
"Sep 14, 08:00 pm",2866.68,0,1,0.0517199,1,0
"Sep 14, 09:00 pm",228.34,0,1,0.0518066,1,0
"Sep 14, 10:00 pm",0,0,1,0.0518477,1,0
"Sep 14, 11:00 pm",0,0,1,0.0518545,1,0
"Sep 15, 12:00 am",0,0,1,0.0518293,1,0
"Sep 15, 01:00 am",0,0,1,0.0518201,1,0
"Sep 15, 02:00 am",0,0,1,0.0518429,1,0
"Sep 15, 03:00 am",0,0,1,0.0519296,1,0
"Sep 15, 04:00 am",0,0,1,0.0520657,1,0
"Sep 15, 05:00 am",0,0,1,0.0520726,1,0
"Sep 15, 06:00 am",0,0,1,0.0521088,1,0
"Sep 15, 07:00 am",0,0,1,0.051953,1,0
"Sep 15, 08:00 am",0,1.46199,1,0.051284,1,757.7
"Sep 15, 09:00 am",0,5.98948,1,0.0511808,1,864
"Sep 15, 10:00 am",0,4.99305,0.83787,0.0507887,0.83787,910.2
"Sep 15, 11:00 am",0,0,1,0.0503861,1,932.4
"Sep 15, 12:00 pm",0,0,1,0.0498979,1,940.7
"Sep 15, 01:00 pm",0,0,1,0.0496182,1,938.6
"Sep 15, 02:00 pm",0,0,1,0.0494667,1,926.5
"Sep 15, 03:00 pm",0,0,1,0.0495232,1,902.3
"Sep 15, 04:00 pm",0,0,1,0.0496437,1,857
"Sep 15, 05:00 pm",0,0,1,0.0500038,1,764.5
"Sep 15, 06:00 pm",0,0,1,0.0503954,1,505.8
"Sep 15, 07:00 pm",0,0,1,0.0505467,1,0
"Sep 15, 08:00 pm",0,0,1,0.0507299,1,0
"Sep 15, 09:00 pm",0,0,1,0.0508383,1,0
"Sep 15, 10:00 pm",0,0,1,0.0510159,1,0
"Sep 15, 11:00 pm",0,0,1,0.0511135,1,0
"Sep 16, 12:00 am",0,0,1,0.051179,1,0
"Sep 16, 01:00 am",0,0,1,0.0512126,1,0
"Sep 16, 02:00 am",0,0,1,0.0512621,1,0
"Sep 16, 03:00 am",0,0,1,0.0514236,1,0
"Sep 16, 04:00 am",0,0,1,0.0516171,1,0
"Sep 16, 05:00 am",0,0,1,0.0517145,1,0
"Sep 16, 06:00 am",0,0,1,0.0517799,1,0
"Sep 16, 07:00 am",0,0,1,0.0514614,1,0
"Sep 16, 08:00 am",0,0,1,0.0508069,1,753.4
"Sep 16, 09:00 am",0,0,1,0.0503446,1,861.8
"Sep 16, 10:00 am",0,0,1,0.0497545,1,911.2
"Sep 16, 11:00 am",0,0,1,0.0492924,1,935.6
"Sep 16, 12:00 pm",0,0,1,0.0488145,1,943.4
"Sep 16, 01:00 pm",0,0,1,0.0486087,1,941.1
"Sep 16, 02:00 pm",0,0,1,0.0486588,1,928.4
"Sep 16, 03:00 pm",0,0,1,0.048821,1,902.3
"Sep 16, 04:00 pm",0,0,1,0.0490151,1,855
"Sep 16, 05:00 pm",0,0,1,0.0494011,1,760.8
"Sep 16, 06:00 pm",0,0,1,0.049899,1,505.4
"Sep 16, 07:00 pm",0,0,1,0.0502049,1,0
"Sep 16, 08:00 pm",0,0,1,0.0503826,1,0
"Sep 16, 09:00 pm",0,0,1,0.0504324,1,0
"Sep 16, 10:00 pm",0,0,1,0.0505781,1,0
"Sep 16, 11:00 pm",0,0,1,0.0506438,1,0
"Sep 17, 12:00 am",0,0,1,0.0507735,1,0
"Sep 17, 01:00 am",0,0,1,0.0508231,1,0
"Sep 17, 02:00 am",0,0,1,0.0508728,1,0
"Sep 17, 03:00 am",0,0,1,0.0509864,1,0
"Sep 17, 04:00 am",0,0,1,0.0510893,1,0
"Sep 17, 05:00 am",0,0,1,0.0510713,1,0
"Sep 17, 06:00 am",2820.18,0,1,0.0512952,1,0
"Sep 17, 07:00 am",2820.18,0,1,0.0514334,1,0
"Sep 17, 08:00 am",2820.21,0,1,0.0513504,1,7.3
"Sep 17, 09:00 am",1794.74,0,1,0.0509784,1,8.4
"Sep 17, 10:00 am",0,0,1,0.0506166,1,8.9
"Sep 17, 11:00 am",0,0,1,0.0504133,1,9.2
"Sep 17, 12:00 pm",0,0,1,0.0502739,1,16.4
"Sep 17, 01:00 pm",2351.91,3.7989,1,0.0502465,1,923.2
"Sep 17, 02:00 pm",2866.59,5.18842,1,0.0503583,1,911.2
"Sep 17, 03:00 pm",2866.59,5.47459,1,0.050592,1,887.6
"Sep 17, 04:00 pm",2866.59,4.77707,1,0.0507993,1,842.9
"Sep 17, 05:00 pm",2866.56,0.399185,1,0.05108,1,751.9
"Sep 17, 06:00 pm",2728.63,0.227671,1,0.0513002,1,499.3
"Sep 17, 07:00 pm",1948.95,0,1,0.0514041,1,0
"Sep 17, 08:00 pm",0,0,1,0.0514637,1,0
"Sep 17, 09:00 pm",0,0,1,0.051471,1,0
"Sep 17, 10:00 pm",0,0,1,0.0515102,1,0
"Sep 17, 11:00 pm",0,0,1,0.0514215,1,0
"Sep 18, 12:00 am",0,0,1,0.0513699,1,0
"Sep 18, 01:00 am",0,0,1,0.0513168,1,0
"Sep 18, 02:00 am",0,0,1,0.0512573,1,0
"Sep 18, 03:00 am",0,0,1,0.0512457,1,0
"Sep 18, 04:00 am",0,0,1,0.0513142,1,0
"Sep 18, 05:00 am",0,0,1,0.0514306,1,0
"Sep 18, 06:00 am",0,0,1,0.051531,1,0
"Sep 18, 07:00 am",0,0,1,0.0515354,1,0
"Sep 18, 08:00 am",4.25066e-13,0,1,0.0512998,1,7.3
"Sep 18, 09:00 am",0,0,1,0.0509843,1,8.3
"Sep 18, 10:00 am",0,0,1,0.0507008,1,8.9
"Sep 18, 11:00 am",0,0,1,0.0504815,1,9.1
"Sep 18, 12:00 pm",0,0,1,0.0504061,1,12.7
"Sep 18, 01:00 pm",0,0,1,0.0504588,1,10.4
"Sep 18, 02:00 pm",0,0,1,0.0504955,1,9.1
"Sep 18, 03:00 pm",0,0,1,0.0506121,1,8.9
"Sep 18, 04:00 pm",0,0,1,0.0508247,1,8.4
"Sep 18, 05:00 pm",0,0,1,0.0509413,1,7.5
"Sep 18, 06:00 pm",0,0,1,0.0510578,1,501.6
"Sep 18, 07:00 pm",0,0,1,0.0511103,1,0
"Sep 18, 08:00 pm",0,0,1,0.0511308,1,0
"Sep 18, 09:00 pm",0,0,1,0.0511833,1,0
"Sep 18, 10:00 pm",0,0,1,0.0511718,1,0
"Sep 18, 11:00 pm",0,0,1,0.0511123,1,0
"Sep 19, 12:00 am",0,0,1,0.0510528,1,0
"Sep 19, 01:00 am",0,0,1,0.0509933,1,0
"Sep 19, 02:00 am",0,0,1,0.0509658,1,0
"Sep 19, 03:00 am",0,0,1,0.0509864,1,0
"Sep 19, 04:00 am",0,0,1,0.0511349,1,0
"Sep 19, 05:00 am",0,0,1,0.0513154,1,0
"Sep 19, 06:00 am",0,0,1,0.0514318,1,0
"Sep 19, 07:00 am",0,0,1,0.0513883,1,0
"Sep 19, 08:00 am",0,0,1,0.0510887,1,7.4
"Sep 19, 09:00 am",0,0,1,0.0507413,1,8.6
"Sep 19, 10:00 am",0,0,1,0.050378,1,9.2
"Sep 19, 11:00 am",0,0,1,0.0500947,1,14.7
"Sep 19, 12:00 pm",0,0,1,0.0499075,1,14.8
"Sep 19, 01:00 pm",477.725,1.96266,1,0.0497856,1,956.8
"Sep 19, 02:00 pm",2866.59,5.415,1,0.0502231,1,946.4
"Sep 19, 03:00 pm",2866.59,5.75489,1,0.0504763,1,922
"Sep 19, 04:00 pm",2866.59,5.05318,1,0.0506444,1,876.8
"Sep 19, 05:00 pm",2866.56,0.397558,1,0.0509767,1,7.9
"Sep 19, 06:00 pm",2799.62,0.224929,1,0.0514987,1,526.9
"Sep 19, 07:00 pm",2267.58,0,1,0.0517336,1,0
"Sep 19, 08:00 pm",0,0,1,0.0518442,1,0
"Sep 19, 09:00 pm",0,0,1,0.0518668,1,0
"Sep 19, 10:00 pm",0,0,1,0.0519054,1,0
"Sep 19, 11:00 pm",0,0,1,0.0519438,1,0
"Sep 20, 12:00 am",0,0,1,0.0519183,1,0
"Sep 20, 01:00 am",0,0,1,0.0518928,1,0
"Sep 20, 02:00 am",0,0,1,0.0518673,1,0
"Sep 20, 03:00 am",0,0,1,0.0518997,1,0
"Sep 20, 04:00 am",0,0,1,0.051995,1,0
"Sep 20, 05:00 am",0,0,1,0.0520312,1,0
"Sep 20, 06:00 am",0,0,1,0.0521155,1,0
"Sep 20, 07:00 am",0,0,1,0.0518798,1,0
"Sep 20, 08:00 am",477.725,1.73916,1,0.0514586,1,770
"Sep 20, 09:00 am",2866.59,6.09905,1,0.0512228,1,867.3
"Sep 20, 10:00 am",2866.59,6.10991,1,0.0508209,1,911.4
"Sep 20, 11:00 am",2866.55,5.94041,1,0.0504917,1,932.9
"Sep 20, 12:00 pm",2868.32,5.38229,0.954603,0.0501832,0.954603,939.5
"Sep 20, 01:00 pm",2867.31,2.98678,0.576109,0.0500012,0.576109,936.3
"Sep 20, 02:00 pm",2867.03,2.98649,0.571105,0.0500092,0.571105,923.2
"Sep 20, 03:00 pm",2867.03,2.98649,0.544326,0.050145,0.544326,899.6
"Sep 20, 04:00 pm",2867.03,2.98649,0.616079,0.0503411,0.616079,855.2
"Sep 20, 05:00 pm",2866.56,0.398573,1,0.05077,1,765.4
"Sep 20, 06:00 pm",2787.63,0.228825,1,0.0513109,1,527.8
"Sep 20, 07:00 pm",2866.62,0,1,0.0516289,1,0
"Sep 20, 08:00 pm",2866.67,0,1,0.0518017,1,0
"Sep 20, 09:00 pm",180.117,0,1,0.0518308,1,0
"Sep 20, 10:00 pm",0,0,1,0.0518717,1,0
"Sep 20, 11:00 pm",0,0,1,0.0518784,1,0
"Sep 21, 12:00 am",0,0,1,0.0518691,1,0
"Sep 21, 01:00 am",0,0,1,0.0518598,1,0
"Sep 21, 02:00 am",0,0,1,0.0518185,1,0
"Sep 21, 03:00 am",0,0,1,0.0517855,1,0
"Sep 21, 04:00 am",0,0,1,0.0518312,1,0
"Sep 21, 05:00 am",0,0,1,0.0518995,1,0
"Sep 21, 06:00 am",0,0,1,0.0519358,1,0
"Sep 21, 07:00 am",0,0,1,0.0518601,1,0
"Sep 21, 08:00 am",0,0,1,0.0516564,1,7.5
"Sep 21, 09:00 am",0,0,1,0.0513088,1,8.5
"Sep 21, 10:00 am",0,0,1,0.0510413,1,9.1
"Sep 21, 11:00 am",0,0,1,0.0508218,1,12.2
"Sep 21, 12:00 pm",0,0,1,0.0506664,1,9.4
"Sep 21, 01:00 pm",0,0,1,0.0505591,1,20.2
"Sep 21, 02:00 pm",1371.78,2.35216,1,0.0504997,1,929
"Sep 21, 03:00 pm",2866.59,5.73072,1,0.0507034,1,907.2
"Sep 21, 04:00 pm",2866.59,5.05913,1,0.0509803,1,865.1
"Sep 21, 05:00 pm",2866.56,0.397746,1,0.0512538,1,778.5
"Sep 21, 06:00 pm",2707.71,0.225892,1,0.0516738,1,535.3
"Sep 21, 07:00 pm",0,0,1,0.0518479,1,0
"Sep 21, 08:00 pm",0,0,1,0.051887,1,0
"Sep 21, 09:00 pm",0,0,1,0.0519101,1,0
"Sep 21, 10:00 pm",0,0,1,0.0519171,1,0
"Sep 21, 11:00 pm",0,0,1,0.0519528,1,0
"Sep 22, 12:00 am",0,0,1,0.0519871,1,0
"Sep 22, 01:00 am",0,0,1,0.0520233,1,0
"Sep 22, 02:00 am",0,0,1,0.0520596,1,0
"Sep 22, 03:00 am",0,0,1,0.0521438,1,0
"Sep 22, 04:00 am",0,0,1,0.052292,1,0
"Sep 22, 05:00 am",0,0,1,0.0524081,1,0
"Sep 22, 06:00 am",0,0,1,0.0524442,1,0
"Sep 22, 07:00 am",0,0,1,0.0522244,1,490.2
"Sep 22, 08:00 am",0,1.09425,1,0.0517663,1,799
"Sep 22, 09:00 am",0,6.46473,1,0.0516628,1,896.5
"Sep 22, 10:00 am",0,5.20409,0.82174,0.0512462,0.82174,942.6
"Sep 22, 11:00 am",0,0,1,0.0508166,1,966.3
"Sep 22, 12:00 pm",0,0,1,0.0503759,1,971.9
"Sep 22, 01:00 pm",0,0,1,0.0500956,1,968.4
"Sep 22, 02:00 pm",0,0,1,0.0499276,1,955.7
"Sep 22, 03:00 pm",0,0,1,0.0499676,1,930.1
"Sep 22, 04:00 pm",0,0,1,0.0501554,1,884.4
"Sep 22, 05:00 pm",0,0,1,0.0505736,1,796.3
"Sep 22, 06:00 pm",0,0,1,0.0510392,1,555.2
"Sep 22, 07:00 pm",0,0,1,0.0512328,1,0
"Sep 22, 08:00 pm",0,0,1,0.0514263,1,0
"Sep 22, 09:00 pm",0,0,1,0.0515398,1,0
"Sep 22, 10:00 pm",0,0,1,0.0516372,1,0
"Sep 22, 11:00 pm",0,0,1,0.0517666,1,0
"Sep 23, 12:00 am",0,0,1,0.051848,1,0
"Sep 23, 01:00 am",0,0,1,0.0519294,1,0
"Sep 23, 02:00 am",0,0,1,0.0520268,1,0
"Sep 23, 03:00 am",0,0,1,0.0521401,1,0
"Sep 23, 04:00 am",0,0,1,0.0522694,1,0
"Sep 23, 05:00 am",0,0,1,0.0523187,1,0
"Sep 23, 06:00 am",0,0,1,0.0523359,1,0
"Sep 23, 07:00 am",0,0,1,0.0521132,1,518.7
"Sep 23, 08:00 am",0,0,1,0.0515386,1,811.1
"Sep 23, 09:00 am",0,0,1,0.0509002,1,902.4
"Sep 23, 10:00 am",0,0,1,0.0503739,1,944.9
"Sep 23, 11:00 am",0,0,1,0.0499917,1,965.4
"Sep 23, 12:00 pm",0,0,1,0.0496896,1,972.1
"Sep 23, 01:00 pm",0,0,1,0.0493395,1,969.6
"Sep 23, 02:00 pm",0,0,1,0.0491495,1,957.7
"Sep 23, 03:00 pm",0,0,1,0.0492956,1,935.9
"Sep 23, 04:00 pm",0,0,1,0.0495376,1,894.1
"Sep 23, 05:00 pm",0,0,1,0.0499554,1,809.7
"Sep 23, 06:00 pm",0,0,1,0.0505652,1,576.1
"Sep 23, 07:00 pm",0,0,1,0.0507909,1,0
"Sep 23, 08:00 pm",0,0,1,0.0510005,1,0
"Sep 23, 09:00 pm",0,0,1,0.0511461,1,0
"Sep 23, 10:00 pm",0,0,1,0.0512916,1,0
"Sep 23, 11:00 pm",0,0,1,0.0514531,1,0
"Sep 24, 12:00 am",0,0,1,0.0515666,1,0
"Sep 24, 01:00 am",0,0,1,0.0516321,1,0
"Sep 24, 02:00 am",0,0,1,0.0517455,1,0
"Sep 24, 03:00 am",0,0,1,0.0518589,1,0
"Sep 24, 04:00 am",0,0,1,0.0519723,1,0
"Sep 24, 05:00 am",0,0,1,0.0520376,1,0
"Sep 24, 06:00 am",2823.41,0,1,0.0520707,1,0
"Sep 24, 07:00 am",2820.21,0,1,0.0519449,1,513.1
"Sep 24, 08:00 am",2829.19,3.59859,1,0.0514159,1,795.9
"Sep 24, 09:00 am",2866.56,6.31775,1,0.0508368,1,886.6
"Sep 24, 10:00 am",2866.85,5.78381,0.918139,0.0503429,0.918139,928.8
"Sep 24, 11:00 am",2867.17,2.98663,0.501878,0.049906,0.501878,950
"Sep 24, 12:00 pm",2867.05,2.98651,0.521339,0.049418,0.521339,957.7
"Sep 24, 01:00 pm",2867.05,2.98651,0.546358,0.0491226,0.546358,955.7
"Sep 24, 02:00 pm",2867.05,2.98651,0.544165,0.0489234,0.544165,944.2
"Sep 24, 03:00 pm",2867.05,2.98651,0.52047,0.0489963,0.52047,921.3
"Sep 24, 04:00 pm",2867.04,2.9865,0.582825,0.0491331,0.582825,878.4
"Sep 24, 05:00 pm",2842.11,0.398938,1,0.0495543,1,793
"Sep 24, 06:00 pm",2669.19,0.229836,1,0.0502504,1,568.8
"Sep 24, 07:00 pm",2866.59,0,1,0.0506128,1,0
"Sep 24, 08:00 pm",2680.44,0,1,0.0508683,1,0
"Sep 24, 09:00 pm",0,0,1,0.0510332,1,0
"Sep 24, 10:00 pm",0,0,1,0.0511779,1,0
"Sep 24, 11:00 pm",0,0,1,0.0513208,1,0
"Sep 25, 12:00 am",0,0,1,0.0514372,1,0
"Sep 25, 01:00 am",0,0,1,0.0515376,1,0
"Sep 25, 02:00 am",0,0,1,0.051654,1,0
"Sep 25, 03:00 am",0,0,1,0.0517703,1,0
"Sep 25, 04:00 am",0,0,1,0.0518866,1,0
"Sep 25, 05:00 am",0,0,1,0.0520028,1,0
"Sep 25, 06:00 am",0,0,1,0.0520711,1,0
"Sep 25, 07:00 am",0,0,1,0.0518354,1,515.9
"Sep 25, 08:00 am",477.685,1.14834,1,0.05143,1,792.1
"Sep 25, 09:00 am",2866.59,6.39014,1,0.0512875,1,882.2
"Sep 25, 10:00 am",2866.59,6.31568,1,0.0509316,1,925.3
"Sep 25, 11:00 am",2866.55,6.17157,1,0.050602,1,946.8
"Sep 25, 12:00 pm",2864.02,4.94916,0.844525,0.0502554,0.844525,953
"Sep 25, 01:00 pm",2867.14,2.9866,0.54957,0.0500851,0.54957,949.7
"Sep 25, 02:00 pm",2867.03,2.98649,0.545634,0.049933,0.545634,937
"Sep 25, 03:00 pm",2867.04,2.9865,0.522608,0.049957,0.522608,913.5
"Sep 25, 04:00 pm",2867.03,2.98649,0.584641,0.0500769,0.584641,870.2
"Sep 25, 05:00 pm",2866.56,0.398738,1,0.0504841,1,784.7
"Sep 25, 06:00 pm",2788.97,0.229343,1,0.051041,1,560.3
"Sep 25, 07:00 pm",2866.62,0,1,0.051334,1,0
"Sep 25, 08:00 pm",2866.67,0,1,0.0515236,1,0
"Sep 25, 09:00 pm",183.101,0,1,0.0516272,1,0
"Sep 25, 10:00 pm",0,0,1,0.0516522,1,0
"Sep 25, 11:00 pm",0,0,1,0.0516592,1,0
"Sep 26, 12:00 am",0,0,1,0.0516662,1,0
"Sep 26, 01:00 am",0,0,1,0.0517052,1,0
"Sep 26, 02:00 am",0,0,1,0.0517761,1,0
"Sep 26, 03:00 am",0,0,1,0.051869,1,0
"Sep 26, 04:00 am",0,0,1,0.0519766,1,0
"Sep 26, 05:00 am",0,0,1,0.0519808,1,0
"Sep 26, 06:00 am",0,0,1,0.0518891,1,0
"Sep 26, 07:00 am",0,0,1,0.0517334,1,533.2
"Sep 26, 08:00 am",477.685,1.20494,1,0.0511866,1,800.6
"Sep 26, 09:00 am",936.7,0.438083,1,0.0509327,1,8.8
"Sep 26, 10:00 am",260.496,0.27135,1,0.0504206,1,9.3
"Sep 26, 11:00 am",127.282,0.132585,1,0.0499654,1,9.5
"Sep 26, 12:00 pm",0,0,1,0.0496547,1,9.5
"Sep 26, 01:00 pm",0,0,1,0.0497339,1,9.5
"Sep 26, 02:00 pm",0,0,1,0.0496508,1,9.4
"Sep 26, 03:00 pm",2366.87,4.32811,1,0.0496235,1,912.5
"Sep 26, 04:00 pm",2866.59,5.27405,1,0.0497939,1,870.8
"Sep 26, 05:00 pm",2842.56,0.399368,1,0.050178,1,786.8
"Sep 26, 06:00 pm",1405.25,0.227352,1,0.0505924,1,562.8
"Sep 26, 07:00 pm",0,0,1,0.0508265,1,0
"Sep 26, 08:00 pm",0,0,1,0.0509252,1,0
"Sep 26, 09:00 pm",0,0,1,0.0509902,1,0
"Sep 26, 10:00 pm",0,0,1,0.0511067,1,0
"Sep 26, 11:00 pm",0,0,1,0.0511432,1,0
"Sep 27, 12:00 am",0,0,1,0.0511477,1,0
"Sep 27, 01:00 am",0,0,1,0.0511521,1,0
"Sep 27, 02:00 am",0,0,1,0.0511726,1,0
"Sep 27, 03:00 am",0,0,1,0.0512251,1,0
"Sep 27, 04:00 am",0,0,1,0.0513095,1,0
"Sep 27, 05:00 am",0,0,1,0.051426,1,0
"Sep 27, 06:00 am",0,0,1,0.0514784,1,0
"Sep 27, 07:00 am",0,0,1,0.0514988,1,5.4
"Sep 27, 08:00 am",0,0,1,0.0512312,1,8
"Sep 27, 09:00 am",0,0,1,0.0506598,1,8.9
"Sep 27, 10:00 am",0,0,1,0.0501845,1,13
"Sep 27, 11:00 am",0,0,1,0.0498693,1,22.8
"Sep 27, 12:00 pm",0,0,1,0.0497141,1,9.6
"Sep 27, 01:00 pm",0,0,1,0.049623,1,9.6
"Sep 27, 02:00 pm",0,0,1,0.0495479,1,9.5
"Sep 27, 03:00 pm",0,0,1,0.0495848,1,9.2
"Sep 27, 04:00 pm",0,0,1,0.0497497,1,8.8
"Sep 27, 05:00 pm",0,0,1,0.0500745,1,8
"Sep 27, 06:00 pm",0,0,1,0.0503673,1,5.7
"Sep 27, 07:00 pm",0,0,1,0.050564,1,0
"Sep 27, 08:00 pm",0,0,1,0.0507286,1,0
"Sep 27, 09:00 pm",0,0,1,0.0508612,1,0
"Sep 27, 10:00 pm",0,0,1,0.0509458,1,0
"Sep 27, 11:00 pm",0,0,1,0.0510623,1,0
"Sep 28, 12:00 am",0,0,1,0.0511308,1,0
"Sep 28, 01:00 am",0,0,1,0.0511513,1,0
"Sep 28, 02:00 am",0,0,1,0.0512038,1,0
"Sep 28, 03:00 am",0,0,1,0.0513363,1,0
"Sep 28, 04:00 am",0,0,1,0.0515487,1,0
"Sep 28, 05:00 am",0,0,1,0.0517291,1,0
"Sep 28, 06:00 am",0,0,1,0.0517814,1,0
"Sep 28, 07:00 am",0,0,1,0.0514658,1,565.6
"Sep 28, 08:00 am",477.725,1.60633,1,0.0509184,1,818.5
"Sep 28, 09:00 am",2866.59,6.40999,1,0.0505817,1,905.3
"Sep 28, 10:00 am",2866.59,6.52165,1,0.0502475,1,946.9
"Sep 28, 11:00 am",2866.54,6.40768,1,0.0499071,1,968.6
"Sep 28, 12:00 pm",2865.88,4.48937,0.740324,0.0494983,0.740324,976.4
"Sep 28, 01:00 pm",2867.02,2.98648,0.527764,0.0493661,0.527764,975.3
"Sep 28, 02:00 pm",2867.04,2.9865,0.520637,0.0491601,0.520637,965
"Sep 28, 03:00 pm",2867.04,2.9865,0.498756,0.0492422,0.498756,943.3
"Sep 28, 04:00 pm",2866.56,0.406028,1,0.0496167,1,9
"Sep 28, 05:00 pm",2790.68,0.243629,1,0.0502222,1,8.2
"Sep 28, 06:00 pm",2630.74,0.0947175,1,0.0507122,1,597.1
"Sep 28, 07:00 pm",2866.65,0,1,0.0509651,1,0
"Sep 28, 08:00 pm",458.99,0,1,0.0511617,1,0
"Sep 28, 09:00 pm",0,0,1,0.0512547,1,0
"Sep 28, 10:00 pm",0,0,1,0.0512942,1,0
"Sep 28, 11:00 pm",0,0,1,0.0513336,1,0
"Sep 29, 12:00 am",0,0,1,0.051309,1,0
"Sep 29, 01:00 am",0,0,1,0.0512685,1,0
"Sep 29, 02:00 am",0,0,1,0.0512637,1,0
"Sep 29, 03:00 am",0,0,1,0.0513374,1,0
"Sep 29, 04:00 am",0,0,1,0.0514378,1,0
"Sep 29, 05:00 am",0,0,1,0.0515222,1,0
"Sep 29, 06:00 am",0,0,1,0.0516225,1,0
"Sep 29, 07:00 am",0,0,1,0.0514989,1,5.5
"Sep 29, 08:00 am",0,1.2145,1,0.0512231,1,797
"Sep 29, 09:00 am",0,6.44956,1,0.0513939,1,881.1
"Sep 29, 10:00 am",0,0.433948,1,0.0511045,1,14.6
"Sep 29, 11:00 am",0,0.281262,1,0.0507117,1,9.4
"Sep 29, 12:00 pm",0,0.142652,1,0.0502302,1,9.5
"Sep 29, 01:00 pm",0,0,1,0.0500782,1,9.5
"Sep 29, 02:00 pm",0,0,1,0.0499245,1,9.4
"Sep 29, 03:00 pm",0,0,1,0.0499468,1,9.1
"Sep 29, 04:00 pm",0,0,1,0.0500811,1,8.7
"Sep 29, 05:00 pm",0,0,1,0.0502472,1,7.9
"Sep 29, 06:00 pm",0,0,1,0.050573,1,579.8
"Sep 29, 07:00 pm",0,0,1,0.0507387,1,0
"Sep 29, 08:00 pm",0,0,1,0.0508402,1,0
"Sep 29, 09:00 pm",0,0,1,0.0508973,1,0
"Sep 29, 10:00 pm",0,0,1,0.0509635,1,0
"Sep 29, 11:00 pm",0,0,1,0.0510351,1,0
"Sep 30, 12:00 am",0,0,1,0.0510746,1,0
"Sep 30, 01:00 am",0,0,1,0.0510829,1,0
"Sep 30, 02:00 am",0,0,1,0.0511353,1,0
"Sep 30, 03:00 am",0,0,1,0.0512793,1,0
"Sep 30, 04:00 am",0,0,1,0.0514233,1,0
"Sep 30, 05:00 am",0,0,1,0.0516153,1,0
"Sep 30, 06:00 am",0,0,1,0.0516473,1,0
"Sep 30, 07:00 am",0,0,1,0.0513593,1,574.4
"Sep 30, 08:00 am",0,2.13956,1,0.0508156,1,814.4
"Sep 30, 09:00 am",0,1.77747,0.294043,0.0505424,0.294043,898.2
"Sep 30, 10:00 am",0,0,1,0.0500885,1,939.1
"Sep 30, 11:00 am",0,0,1,0.0497224,1,960.1
"Sep 30, 12:00 pm",0,0,1,0.0492604,1,967.2
"Sep 30, 01:00 pm",0,0,1,0.0491024,1,965
"Sep 30, 02:00 pm",0,0,1,0.0489445,1,953.7
"Sep 30, 03:00 pm",0,0,1,0.0489946,1,932.5
"Sep 30, 04:00 pm",0,0,1,0.0491406,1,892.4
"Sep 30, 05:00 pm",0,0,1,0.0494947,1,8.1
"Sep 30, 06:00 pm",0,0,1,0.0498806,1,591.3
"Sep 30, 07:00 pm",0,0,1,0.0501224,1,0
"Sep 30, 08:00 pm",0,0,1,0.0503642,1,0
"Sep 30, 09:00 pm",0,0,1,0.0505579,1,0
"Sep 30, 10:00 pm",0,0,1,0.0507196,1,0
"Sep 30, 11:00 pm",0,0,1,0.0508492,1,0
"Oct 1, 12:00 am",0,0,1,0.0511068,1,0
"Oct 1, 01:00 am",0,0,1,0.0511564,1,0
"Oct 1, 02:00 am",0,0,1,0.051206,1,0
"Oct 1, 03:00 am",0,0,1,0.0512235,1,0
"Oct 1, 04:00 am",0,0,1,0.0512731,1,0
"Oct 1, 05:00 am",0,0,1,0.0512266,1,0
"Oct 1, 06:00 am",2821.05,0,1,0.0514092,1,0
"Oct 1, 07:00 am",2820.21,0,1,0.0515613,1,5.7
"Oct 1, 08:00 am",2820.21,0,1,0.0514623,1,8.1
"Oct 1, 09:00 am",1794.71,0,1,0.0509623,1,8.9
"Oct 1, 10:00 am",4.25066e-13,0,1,0.0505045,1,9.4
"Oct 1, 11:00 am",0,0,1,0.0501892,1,11.4
"Oct 1, 12:00 pm",0,0,1,0.04997,1,24.3
"Oct 1, 01:00 pm",0,0,1,0.0500388,1,9.6
"Oct 1, 02:00 pm",0,0,1,0.0500595,1,11.9
"Oct 1, 03:00 pm",0,0,1,0.0501443,1,9.2
"Oct 1, 04:00 pm",0,0,1,0.050309,1,8.8
"Oct 1, 05:00 pm",0,0,1,0.0506496,1,8
"Oct 1, 06:00 pm",0,0,1,0.0509102,1,588.7
"Oct 1, 07:00 pm",0,0,1,0.0511067,1,0
"Oct 1, 08:00 pm",0,0,1,0.0512872,1,0
"Oct 1, 09:00 pm",0,0,1,0.0513876,1,0
"Oct 1, 10:00 pm",0,0,1,0.051472,1,0
"Oct 1, 11:00 pm",0,0,1,0.0515244,1,0
"Oct 2, 12:00 am",0,0,1,0.0515928,1,0
"Oct 2, 01:00 am",0,0,1,0.0516132,1,0
"Oct 2, 02:00 am",0,0,1,0.0516655,1,0
"Oct 2, 03:00 am",0,0,1,0.0516539,1,0
"Oct 2, 04:00 am",0,0,1,0.0516742,1,0
"Oct 2, 05:00 am",0,0,1,0.0517746,1,0
"Oct 2, 06:00 am",0,0,1,0.0518749,1,0
"Oct 2, 07:00 am",0,0,1,0.0517832,1,5.4
"Oct 2, 08:00 am",0,0,1,0.0515955,1,7.7
"Oct 2, 09:00 am",0,0,1,0.0514239,1,8.6
"Oct 2, 10:00 am",0,0,1,0.0512364,1,9
"Oct 2, 11:00 am",0,0,1,0.0510649,1,9.2
"Oct 2, 12:00 pm",0,0,1,0.0510214,1,9.3
"Oct 2, 01:00 pm",0,0,1,0.0510259,1,10.2
"Oct 2, 02:00 pm",0,0,1,0.0509505,1,9.3
"Oct 2, 03:00 pm",0,0,1,0.050955,1,9
"Oct 2, 04:00 pm",0,0,1,0.0509596,1,8.6
"Oct 2, 05:00 pm",0,0,1,0.0511241,1,7.8
"Oct 2, 06:00 pm",0,0,1,0.0512246,1,573.9
"Oct 2, 07:00 pm",0,0,1,0.0513091,1,0
"Oct 2, 08:00 pm",0,0,1,0.0513775,1,0
"Oct 2, 09:00 pm",0,0,1,0.051398,1,0
"Oct 2, 10:00 pm",0,0,1,0.0514024,1,0
"Oct 2, 11:00 pm",0,0,1,0.0514388,1,0
"Oct 3, 12:00 am",0,0,1,0.0514273,1,0
"Oct 3, 01:00 am",0,0,1,0.0514317,1,0
"Oct 3, 02:00 am",0,0,1,0.0515001,1,0
"Oct 3, 03:00 am",0,0,1,0.0515845,1,0
"Oct 3, 04:00 am",0,0,1,0.0516849,1,0
"Oct 3, 05:00 am",0,0,1,0.0518333,1,0
"Oct 3, 06:00 am",0,0,1,0.0518856,1,0
"Oct 3, 07:00 am",0,0,1,0.0516339,1,570.7
"Oct 3, 08:00 am",0,0,1,0.0511424,1,795.1
"Oct 3, 09:00 am",2866.59,6.58611,1,0.0510559,1,877.7
"Oct 3, 10:00 am",2866.59,6.41884,1,0.0508671,1,918.6
"Oct 3, 11:00 am",2866.55,6.32816,1,0.0506031,1,939.8
"Oct 3, 12:00 pm",2866.71,5.69088,0.937113,0.0503607,0.937113,944.9
"Oct 3, 01:00 pm",2866.56,0.413987,1,0.05059,1,20.1
"Oct 3, 02:00 pm",2847.17,0.272098,1,0.050811,1,20.1
"Oct 3, 03:00 pm",2711.06,0.145568,1,0.0509657,1,12.5
"Oct 3, 04:00 pm",2866.67,0,1,0.0511069,1,8.6
"Oct 3, 05:00 pm",529.964,0,1,0.0513524,1,7.8
"Oct 3, 06:00 pm",0,0,1,0.0513981,1,572.7
"Oct 3, 07:00 pm",0,0,1,0.0515014,1,0
"Oct 3, 08:00 pm",0,0,1,0.0515565,1,0
"Oct 3, 09:00 pm",0,0,1,0.0515956,1,0
"Oct 3, 10:00 pm",0,0,1,0.0516186,1,0
"Oct 3, 11:00 pm",0,0,1,0.0515776,1,0
"Oct 4, 12:00 am",0,0,1,0.051548,1,0
"Oct 4, 01:00 am",0,0,1,0.051533,1,0
"Oct 4, 02:00 am",0,0,1,0.0515373,1,0
"Oct 4, 03:00 am",0,0,1,0.0515097,1,0
"Oct 4, 04:00 am",0,0,1,0.0514501,1,0
"Oct 4, 05:00 am",0,0,1,0.0514225,1,0
"Oct 4, 06:00 am",0,0,1,0.0514429,1,0
"Oct 4, 07:00 am",0,0,1,0.0514313,1,569
"Oct 4, 08:00 am",477.685,1.24945,1,0.051334,1,788.2
"Oct 4, 09:00 am",2866.59,6.45569,1,0.0514113,1,875.5
"Oct 4, 10:00 am",2866.59,6.45359,1,0.051193,1,921.7
"Oct 4, 11:00 am",2866.55,6.41202,1,0.0509934,1,948.3
"Oct 4, 12:00 pm",2866.27,4.5732,0.746046,0.0507713,0.746046,957.8
"Oct 4, 01:00 pm",2867.32,2.98679,0.518928,0.0506614,0.518928,958.2
"Oct 4, 02:00 pm",2867.01,2.98647,0.513493,0.0506525,0.513493,949.3
"Oct 4, 03:00 pm",2867.03,2.98649,0.494582,0.0506917,0.494582,928.3
"Oct 4, 04:00 pm",2867.02,2.98648,0.540549,0.0508267,0.540549,888.8
"Oct 4, 05:00 pm",2866.53,2.85238,1,0.0509891,1,810.5
"Oct 4, 06:00 pm",2866.56,0.398917,1,0.0515718,1,597
"Oct 4, 07:00 pm",2791.84,0.22945,1,0.0520104,1,0
"Oct 4, 08:00 pm",2866.62,0,1,0.0523336,1,0
"Oct 4, 09:00 pm",2866.63,0,1,0.0524675,1,0
"Oct 4, 10:00 pm",0,0,1,0.0525871,1,0
"Oct 4, 11:00 pm",0,0,1,0.0526101,1,0
"Oct 5, 12:00 am",0,0,1,0.052569,1,0
"Oct 5, 01:00 am",0,0,1,0.052512,1,0
"Oct 5, 02:00 am",0,0,1,0.0524391,1,0
"Oct 5, 03:00 am",0,0,1,0.0523982,1,0
"Oct 5, 04:00 am",0,0,1,0.0522647,1,0
"Oct 5, 05:00 am",0,0,1,0.0521777,1,0
"Oct 5, 06:00 am",0,0,1,0.0521018,1,0
"Oct 5, 07:00 am",62.0705,0,1,0.0518189,1,647.4
"Oct 5, 08:00 am",326.188,0.33978,1,0.05128,1,8.5
"Oct 5, 09:00 am",2866.59,6.43191,1,0.0510345,1,923.9
"Oct 5, 10:00 am",2866.59,6.73798,1,0.0507844,1,958.9
"Oct 5, 11:00 am",2866.55,6.62971,1,0.050508,1,976
"Oct 5, 12:00 pm",2867,4.57333,0.725429,0.0502262,0.725429,980.4
"Oct 5, 01:00 pm",2867.32,2.98679,0.506265,0.0500892,0.506265,976.3
"Oct 5, 02:00 pm",2867.03,2.98649,0.503207,0.049985,0.503207,963.5
"Oct 5, 03:00 pm",2867.03,2.98649,0.487027,0.0500729,0.487027,938.7
"Oct 5, 04:00 pm",2867.02,2.98648,0.533374,0.0502565,0.533374,895.3
"Oct 5, 05:00 pm",2866.53,2.91859,1,0.0505413,1,814
"Oct 5, 06:00 pm",2866.56,0.39887,1,0.0510758,1,616
"Oct 5, 07:00 pm",2762.86,0.229265,1,0.0515161,1,0
"Oct 5, 08:00 pm",2866.62,0,1,0.0518472,1,0
"Oct 5, 09:00 pm",2866.61,0,1,0.0520562,1,0
"Oct 5, 10:00 pm",0,0,1,0.0521899,1,0
"Oct 5, 11:00 pm",0,0,1,0.0522289,1,0
"Oct 6, 12:00 am",0,0,1,0.0522358,1,0
"Oct 6, 01:00 am",0,0,1,0.0522586,1,0
"Oct 6, 02:00 am",0,0,1,0.0522814,1,0
"Oct 6, 03:00 am",0,0,1,0.0522224,1,0
"Oct 6, 04:00 am",0,0,1,0.0521462,1,0
"Oct 6, 05:00 am",0,0,1,0.0521984,1,0
"Oct 6, 06:00 am",0,0,1,0.0521705,1,0
"Oct 6, 07:00 am",0,0,1,0.0519988,1,6
"Oct 6, 08:00 am",0,0,1,0.051699,1,8.1
"Oct 6, 09:00 am",0,0,1,0.0513834,1,8.9
"Oct 6, 10:00 am",0,3.24103,1,0.0510785,1,931.6
"Oct 6, 11:00 am",0,6.5053,1,0.0510509,1,953.5
"Oct 6, 12:00 pm",0,2.39666,0.398928,0.0509716,0.398928,959.4
"Oct 6, 01:00 pm",0,0,1,0.050943,1,21
"Oct 6, 02:00 pm",0,0,1,0.0508537,1,19
"Oct 6, 03:00 pm",0,0,1,0.0508924,1,11.9
"Oct 6, 04:00 pm",0,0,1,0.050995,1,874.8
"Oct 6, 05:00 pm",0,0,1,0.0510495,1,792.8
"Oct 6, 06:00 pm",0,0,1,0.0513438,1,599.6
"Oct 6, 07:00 pm",0,0,1,0.0514458,1,0
"Oct 6, 08:00 pm",0,0,1,0.0514677,1,0
"Oct 6, 09:00 pm",0,0,1,0.0514365,1,0
"Oct 6, 10:00 pm",0,0,1,0.051443,1,0
"Oct 6, 11:00 pm",0,0,1,0.0514125,1,0
"Oct 7, 12:00 am",0,0,1,0.051398,1,0
"Oct 7, 01:00 am",0,0,1,0.0513675,1,0
"Oct 7, 02:00 am",0,0,1,0.0513531,1,0
"Oct 7, 03:00 am",0,0,1,0.0513066,1,0
"Oct 7, 04:00 am",0,0,1,0.0512921,1,0
"Oct 7, 05:00 am",0,0,1,0.0513256,1,0
"Oct 7, 06:00 am",0,0,1,0.0513271,1,0
"Oct 7, 07:00 am",0,0,1,0.0511527,1,6.1
"Oct 7, 08:00 am",0,0,1,0.0508663,1,8
"Oct 7, 09:00 am",0,0,1,0.050468,1,8.9
"Oct 7, 10:00 am",0,0,1,0.0501337,1,9.3
"Oct 7, 11:00 am",0,0,1,0.0498636,1,21.3
"Oct 7, 12:00 pm",0,0,1,0.0496415,1,962.1
"Oct 7, 01:00 pm",0,0,1,0.0495634,1,959.7
"Oct 7, 02:00 pm",0,0,1,0.0495654,1,948
"Oct 7, 03:00 pm",0,0,1,0.0496633,1,926.1
"Oct 7, 04:00 pm",0,0,1,0.0498092,1,885.4
"Oct 7, 05:00 pm",0,0,1,0.0500511,1,807.2
"Oct 7, 06:00 pm",0,0,1,0.0504535,1,605.3
"Oct 7, 07:00 pm",0,0,1,0.0506874,1,0
"Oct 7, 08:00 pm",0,0,1,0.0508633,1,0
"Oct 7, 09:00 pm",0,0,1,0.0510233,1,0
"Oct 7, 10:00 pm",0,0,1,0.0511513,1,0
"Oct 7, 11:00 pm",0,0,1,0.0512633,1,0
"Oct 8, 12:00 am",0,0,1,0.0513113,1,0
"Oct 8, 01:00 am",0,0,1,0.0513593,1,0
"Oct 8, 02:00 am",0,0,1,0.0514073,1,0
"Oct 8, 03:00 am",0,0,1,0.0514553,1,0
"Oct 8, 04:00 am",0,0,1,0.0515033,1,0
"Oct 8, 05:00 am",0,0,1,0.0516153,1,0
"Oct 8, 06:00 am",2820.18,0,1,0.051711,1,0
"Oct 8, 07:00 am",2650.68,0.765584,1,0.0515387,1,648.3
"Oct 8, 08:00 am",2866.56,5.57672,1,0.0509424,1,841.6
"Oct 8, 09:00 am",2867.43,6.11278,0.91282,0.0504509,0.91282,915.9
"Oct 8, 10:00 am",2867.07,2.98653,0.460135,0.0499274,0.460135,953.1
"Oct 8, 11:00 am",2867.04,2.9865,0.462554,0.0494554,0.462554,972.4
"Oct 8, 12:00 pm",2867.05,2.98651,0.477924,0.0490479,0.477924,977.2
"Oct 8, 01:00 pm",2867.05,2.98651,0.498835,0.0488648,0.498835,973.5
"Oct 8, 02:00 pm",2867.04,2.9865,0.497192,0.0487459,0.497192,960.8
"Oct 8, 03:00 pm",2867.04,2.9865,0.482293,0.048851,0.482293,936.7
"Oct 8, 04:00 pm",2867.05,2.98651,0.524342,0.0490199,0.524342,894.3
"Oct 8, 05:00 pm",2866.06,2.98548,0.972204,0.0493484,0.972204,815
"Oct 8, 06:00 pm",2818.9,0.39899,1,0.0499406,1,621.5
"Oct 8, 07:00 pm",2646.16,0.229957,1,0.0503954,1,0
"Oct 8, 08:00 pm",2846.52,0,1,0.050678,1,0
"Oct 8, 09:00 pm",2647.44,0,1,0.0508951,1,0
"Oct 8, 10:00 pm",0,0,1,0.051075,1,0
"Oct 8, 11:00 pm",0,0,1,0.0512048,1,0
"Oct 9, 12:00 am",0,0,1,0.0513053,1,0
"Oct 9, 01:00 am",0,0,1,0.0513897,1,0
"Oct 9, 02:00 am",0,0,1,0.0514581,1,0
"Oct 9, 03:00 am",0,0,1,0.0515425,1,0
"Oct 9, 04:00 am",0,0,1,0.0516108,1,0
"Oct 9, 05:00 am",0,0,1,0.0517432,1,0
"Oct 9, 06:00 am",0,0,1,0.0518115,1,0
"Oct 9, 07:00 am",0,0,1,0.0513359,1,628.9
"Oct 9, 08:00 am",2866.59,5.75393,1,0.0508567,1,819.1
"Oct 9, 09:00 am",2866.59,6.55511,1,0.0505111,1,893.6
"Oct 9, 10:00 am",2866.55,6.61084,1,0.0500819,1,931.5
"Oct 9, 11:00 am",2866.56,5.44513,0.837158,0.049721,0.837158,951
"Oct 9, 12:00 pm",2867.27,2.98674,0.488262,0.0492892,0.488262,957.5
"Oct 9, 01:00 pm",2867.03,2.98649,0.506526,0.049282,0.506526,955
"Oct 9, 02:00 pm",2867.04,2.9865,0.504068,0.0492428,0.504068,943.5
"Oct 9, 03:00 pm",2867.04,2.9865,0.488408,0.0492836,0.488408,921.6
"Oct 9, 04:00 pm",2867.03,2.98649,0.52891,0.0494363,0.52891,881.5
"Oct 9, 05:00 pm",2866.35,2.98578,0.976176,0.0496527,0.976176,804.3
"Oct 9, 06:00 pm",2866.56,0.398979,1,0.050192,1,617
"Oct 9, 07:00 pm",2759.43,0.229974,1,0.0506905,1,0
"Oct 9, 08:00 pm",2866.61,0,1,0.0510106,1,0
"Oct 9, 09:00 pm",2866.64,0,1,0.051159,1,0
"Oct 9, 10:00 pm",0,0,1,0.0513113,1,0
"Oct 9, 11:00 pm",0,0,1,0.0514002,1,0
"Oct 10, 12:00 am",0,0,1,0.051441,1,0
"Oct 10, 01:00 am",0,0,1,0.0514657,1,0
"Oct 10, 02:00 am",0,0,1,0.0514904,1,0
"Oct 10, 03:00 am",0,0,1,0.051561,1,0
"Oct 10, 04:00 am",0,0,1,0.0515975,1,0
"Oct 10, 05:00 am",0,0,1,0.0516497,1,0
"Oct 10, 06:00 am",0,0,1,0.051622,1,0
"Oct 10, 07:00 am",81.3479,0,1,0.0513074,1,6.5
"Oct 10, 08:00 am",955.49,3.22638,1,0.0508706,1,837.2
"Oct 10, 09:00 am",2866.59,6.68831,1,0.0508009,1,908.8
"Oct 10, 10:00 am",2866.56,6.72738,1,0.050385,1,945
"Oct 10, 11:00 am",2866.91,5.85363,0.882601,0.0500224,0.882601,963.6
"Oct 10, 12:00 pm",2867.15,2.98662,0.481903,0.0496334,0.481903,966.8
"Oct 10, 01:00 pm",2866.56,0.421366,1,0.0496386,1,27.2
"Oct 10, 02:00 pm",2866.69,5.61822,0.971809,0.0496962,0.971809,948.1
"Oct 10, 03:00 pm",2865.07,2.98445,0.488297,0.0497649,0.488297,923.4
"Oct 10, 04:00 pm",2867.03,2.98649,0.526706,0.049949,0.526706,880.4
"Oct 10, 05:00 pm",2866.08,2.9855,0.971254,0.0501169,0.971254,801.1
"Oct 10, 06:00 pm",2866.56,0.398858,1,0.0505882,1,616.1
"Oct 10, 07:00 pm",2781.37,0.229687,1,0.0509801,1,0
"Oct 10, 08:00 pm",2866.62,0,1,0.0512218,1,0
"Oct 10, 09:00 pm",2866.66,0,1,0.0513997,1,0
"Oct 10, 10:00 pm",0,0,1,0.0515299,1,0
"Oct 10, 11:00 pm",0,0,1,0.0515878,1,0
"Oct 11, 12:00 am",0,0,1,0.0516136,1,0
"Oct 11, 01:00 am",0,0,1,0.0516394,1,0
"Oct 11, 02:00 am",0,0,1,0.0516491,1,0
"Oct 11, 03:00 am",0,0,1,0.0516907,1,0
"Oct 11, 04:00 am",0,0,1,0.0517725,1,0
"Oct 11, 05:00 am",0,0,1,0.0518355,1,0
"Oct 11, 06:00 am",149.355,0,1,0.0518411,1,0
"Oct 11, 07:00 am",0,0,1,0.0517028,1,6.6
"Oct 11, 08:00 am",0,0,1,0.0512912,1,8.4
"Oct 11, 09:00 am",0,0,1,0.0507678,1,9.1
"Oct 11, 10:00 am",0,0,1,0.0503084,1,9.4
"Oct 11, 11:00 am",0,0,1,0.0500411,1,30.8
"Oct 11, 12:00 pm",1846.97,3.68748,1,0.0498858,1,966.5
"Oct 11, 01:00 pm",2866.59,6.1828,1,0.0499596,1,963.1
"Oct 11, 02:00 pm",2866.59,6.2144,1,0.0501554,1,950.9
"Oct 11, 03:00 pm",2866.54,6.40509,1,0.0503698,1,929
"Oct 11, 04:00 pm",2865.92,3.53375,0.610503,0.0505764,0.610503,889.3
"Oct 11, 05:00 pm",2865.9,2.98531,0.949942,0.050782,0.949942,812.9
"Oct 11, 06:00 pm",2866.56,0.398464,1,0.0511293,1,625.3
"Oct 11, 07:00 pm",2749.82,0.228701,1,0.0515252,1,0
"Oct 11, 08:00 pm",2866.61,0,1,0.0517846,1,0
"Oct 11, 09:00 pm",2866.62,0,1,0.0518993,1,0
"Oct 11, 10:00 pm",0,0,1,0.0519802,1,0
"Oct 11, 11:00 pm",0,0,1,0.0520199,1,0
"Oct 12, 12:00 am",0,0,1,0.0520115,1,0
"Oct 12, 01:00 am",0,0,1,0.0519391,1,0
"Oct 12, 02:00 am",0,0,1,0.0518988,1,0
"Oct 12, 03:00 am",0,0,1,0.0518879,1,0
"Oct 12, 04:00 am",0,0,1,0.0519072,1,0
"Oct 12, 05:00 am",0,0,1,0.0519274,1,0
"Oct 12, 06:00 am",0,0,1,0.0518517,1,0
"Oct 12, 07:00 am",54.7364,0,1,0.0515365,1,655
"Oct 12, 08:00 am",2866.59,6.18014,1,0.0513624,1,831.9
"Oct 12, 09:00 am",2866.59,6.65017,1,0.0510917,1,902.2
"Oct 12, 10:00 am",2866.55,6.70391,1,0.0507533,1,937.7
"Oct 12, 11:00 am",2865.64,4.76497,0.725626,0.0504392,0.725626,956.2
"Oct 12, 12:00 pm",2867.23,2.9867,0.479234,0.0501745,0.479234,962.8
"Oct 12, 01:00 pm",2867.03,2.98649,0.497392,0.0499264,0.497392,960.4
"Oct 12, 02:00 pm",2867.04,2.9865,0.494641,0.0499344,0.494641,949.2
"Oct 12, 03:00 pm",2867.03,2.98649,0.480492,0.0500862,0.480492,927.4
"Oct 12, 04:00 pm",2867.02,2.98648,0.516724,0.0502219,0.516724,887.7
"Oct 12, 05:00 pm",2865.55,2.98495,0.941021,0.0503414,0.941021,812.1
"Oct 12, 06:00 pm",2866.56,0.398637,1,0.0507695,1,629.9
"Oct 12, 07:00 pm",2764.6,0.229156,1,0.0511872,1,0
"Oct 12, 08:00 pm",2866.62,0,1,0.0514346,1,0
"Oct 12, 09:00 pm",2866.65,0,1,0.0515616,1,0
"Oct 12, 10:00 pm",0,0,1,0.0516159,1,0
"Oct 12, 11:00 pm",0,0,1,0.0516248,1,0
"Oct 13, 12:00 am",0,0,1,0.0516177,1,0
"Oct 13, 01:00 am",0,0,1,0.0515945,1,0
"Oct 13, 02:00 am",0,0,1,0.0515874,1,0
"Oct 13, 03:00 am",0,0,1,0.0515854,1,0
"Oct 13, 04:00 am",0,0,1,0.051677,1,0
"Oct 13, 05:00 am",0,0,1,0.0518093,1,0
"Oct 13, 06:00 am",0,0,1,0.0518615,1,0
"Oct 13, 07:00 am",0,0,1,0.0515777,1,6.6
"Oct 13, 08:00 am",0,0,1,0.0511981,1,8.3
"Oct 13, 09:00 am",0,0,1,0.0507385,1,9
"Oct 13, 10:00 am",0,3.36473,1,0.0503936,1,940.6
"Oct 13, 11:00 am",0,6.70269,1,0.0503128,1,959.6
"Oct 13, 12:00 pm",0,1.9919,0.324617,0.0502543,0.324617,966.4
"Oct 13, 01:00 pm",0,0,1,0.0501092,1,964.3
"Oct 13, 02:00 pm",0,0,1,0.050005,1,953.3
"Oct 13, 03:00 pm",0,0,1,0.0501087,1,932.7
"Oct 13, 04:00 pm",0,0,1,0.0502602,1,894.6
"Oct 13, 05:00 pm",0,0,1,0.0503796,1,820.7
"Oct 13, 06:00 pm",0,0,1,0.0507227,1,639
"Oct 13, 07:00 pm",0,0,1,0.0510014,1,0
"Oct 13, 08:00 pm",0,0,1,0.0511838,1,0
"Oct 13, 09:00 pm",0,0,1,0.0512729,1,0
"Oct 13, 10:00 pm",0,0,1,0.0514157,1,0
"Oct 13, 11:00 pm",0,0,1,0.0515451,1,0
"Oct 14, 12:00 am",0,0,1,0.0516106,1,0
"Oct 14, 01:00 am",0,0,1,0.051676,1,0
"Oct 14, 02:00 am",0,0,1,0.0517574,1,0
"Oct 14, 03:00 am",0,0,1,0.0518388,1,0
"Oct 14, 04:00 am",0,0,1,0.0519042,1,0
"Oct 14, 05:00 am",0,0,1,0.0517776,1,0
"Oct 14, 06:00 am",0,0,1,0.051683,1,0
"Oct 14, 07:00 am",0,0,1,0.0512685,1,683.3
"Oct 14, 08:00 am",0,0,1,0.0507901,1,851.6
"Oct 14, 09:00 am",0,0,1,0.0502479,1,919.8
"Oct 14, 10:00 am",0,0,1,0.0497537,1,954.8
"Oct 14, 11:00 am",0,0,1,0.0494037,1,972.7
"Oct 14, 12:00 pm",0,0,1,0.0490697,1,977.2
"Oct 14, 01:00 pm",0,0,1,0.0491198,1,973.3
"Oct 14, 02:00 pm",0,0,1,0.0491378,1,960.5
"Oct 14, 03:00 pm",0,0,1,0.0492678,1,938.4
"Oct 14, 04:00 pm",0,0,1,0.0495098,1,898.7
"Oct 14, 05:00 pm",0,0,1,0.0498158,1,823.9
"Oct 14, 06:00 pm",0,0,1,0.0502656,1,648.2
"Oct 14, 07:00 pm",0,0,1,0.0506249,1,0
"Oct 14, 08:00 pm",0,0,1,0.0508314,1,0
"Oct 14, 09:00 pm",0,0,1,0.0509913,1,0
"Oct 14, 10:00 pm",0,0,1,0.0511673,1,0
"Oct 14, 11:00 pm",0,0,1,0.0512953,1,0
"Oct 15, 12:00 am",0,0,1,0.0513913,1,0
"Oct 15, 01:00 am",0,0,1,0.0514713,1,0
"Oct 15, 02:00 am",0,0,1,0.0515353,1,0
"Oct 15, 03:00 am",0,0,1,0.0515993,1,0
"Oct 15, 04:00 am",0,0,1,0.0516793,1,0
"Oct 15, 05:00 am",0,0,1,0.0517433,1,0
"Oct 15, 06:00 am",2820.18,0,1,0.0519669,1,0
"Oct 15, 07:00 am",2820.21,0,1,0.0520089,1,6.6
"Oct 15, 08:00 am",2820.21,0,1,0.0519579,1,8.3
"Oct 15, 09:00 am",1794.71,0,1,0.0516338,1,9
"Oct 15, 10:00 am",0,0,1,0.0513838,1,9.4
"Oct 15, 11:00 am",0,0,1,0.0511803,1,9.6
"Oct 15, 12:00 pm",0,0,1,0.0511208,1,9.6
"Oct 15, 01:00 pm",0,0,1,0.0511252,1,28.5
"Oct 15, 02:00 pm",0,0,1,0.0511617,1,9.5
"Oct 15, 03:00 pm",0,0,1,0.0512942,1,9.3
"Oct 15, 04:00 pm",0,0,1,0.0514586,1,8.8
"Oct 15, 05:00 pm",0,0,1,0.051575,1,8.1
"Oct 15, 06:00 pm",0,0,1,0.0518033,1,636.2
"Oct 15, 07:00 pm",0,0,1,0.0519676,1,0
"Oct 15, 08:00 pm",0,0,1,0.0521318,1,0
"Oct 15, 09:00 pm",0,0,1,0.052136,1,0
"Oct 15, 10:00 pm",0,0,1,0.0521243,1,0
"Oct 15, 11:00 pm",0,0,1,0.0521925,1,0
"Oct 16, 12:00 am",0,0,1,0.0521487,1,0
"Oct 16, 01:00 am",0,0,1,0.0520569,1,0
"Oct 16, 02:00 am",0,0,1,0.0519812,1,0
"Oct 16, 03:00 am",0,0,1,0.0519215,1,0
"Oct 16, 04:00 am",0,0,1,0.0518618,1,0
"Oct 16, 05:00 am",0,0,1,0.0519141,1,0
"Oct 16, 06:00 am",0,0,1,0.0518224,1,0
"Oct 16, 07:00 am",0,0,1,0.0516347,1,6.7
"Oct 16, 08:00 am",955.49,3.1685,1,0.0513323,1,841.6
"Oct 16, 09:00 am",2866.59,6.77128,1,0.051223,1,913.5
"Oct 16, 10:00 am",2866.56,6.86768,1,0.0508992,1,951.7
"Oct 16, 11:00 am",2866.89,5.89747,0.865645,0.0505729,0.865645,972.7
"Oct 16, 12:00 pm",2867.16,2.98662,0.467415,0.0502485,0.467415,978.1
"Oct 16, 01:00 pm",2867.02,2.98648,0.482542,0.0500003,0.482542,974.9
"Oct 16, 02:00 pm",2867.03,2.98649,0.479847,0.0498484,0.479847,962.8
"Oct 16, 03:00 pm",2867.02,2.98648,0.467748,0.0498885,0.467748,940.6
"Oct 16, 04:00 pm",2867.02,2.98648,0.498302,0.0499788,0.498302,900.8
"Oct 16, 05:00 pm",2867.03,2.98649,0.892978,0.0502179,0.892978,826.5
"Oct 16, 06:00 pm",2866.56,0.398748,1,0.0507358,1,646.7
"Oct 16, 07:00 pm",2781.7,0.229417,1,0.0512287,1,0
"Oct 16, 08:00 pm",2866.62,0,1,0.0515467,1,0
"Oct 16, 09:00 pm",2866.66,0,1,0.0517515,1,0
"Oct 16, 10:00 pm",0,0,1,0.0518273,1,0
"Oct 16, 11:00 pm",0,0,1,0.0518847,1,0
"Oct 17, 12:00 am",0,0,1,0.0518781,1,0
"Oct 17, 01:00 am",0,0,1,0.0518555,1,0
"Oct 17, 02:00 am",0,0,1,0.0518489,1,0
"Oct 17, 03:00 am",0,0,1,0.0518423,1,0
"Oct 17, 04:00 am",0,0,1,0.0518922,1,0
"Oct 17, 05:00 am",0,0,1,0.0519715,1,0
"Oct 17, 06:00 am",150.915,0,1,0.0518816,1,0
"Oct 17, 07:00 am",0,0,1,0.0516158,1,6.9
"Oct 17, 08:00 am",1417.11,2.99365,1,0.0512202,1,844.7
"Oct 17, 09:00 am",1769,0.402418,1,0.050844,1,9.1
"Oct 17, 10:00 am",244.219,0.254395,1,0.0505473,1,9.4
"Oct 17, 11:00 am",118.312,0.123242,1,0.0502,1,10.4
"Oct 17, 12:00 pm",4.25066e-13,0,1,0.0499968,1,22.3
"Oct 17, 01:00 pm",0,0,1,0.0498576,1,21.9
"Oct 17, 02:00 pm",0,0,1,0.0497504,1,11.8
"Oct 17, 03:00 pm",0,0,1,0.0496433,1,17
"Oct 17, 04:00 pm",0,0,1,0.0497121,1,8.9
"Oct 17, 05:00 pm",0,0,1,0.049989,1,8.2
"Oct 17, 06:00 pm",0,0,1,0.0503457,1,6.5
"Oct 17, 07:00 pm",0,0,1,0.0506544,1,0
"Oct 17, 08:00 pm",0,0,1,0.050883,1,0
"Oct 17, 09:00 pm",0,0,1,0.0510635,1,0
"Oct 17, 10:00 pm",0,0,1,0.051212,1,0
"Oct 17, 11:00 pm",0,0,1,0.0513284,1,0
"Oct 18, 12:00 am",0,0,1,0.0513969,1,0
"Oct 18, 01:00 am",0,0,1,0.0514653,1,0
"Oct 18, 02:00 am",0,0,1,0.0515017,1,0
"Oct 18, 03:00 am",0,0,1,0.0515541,1,0
"Oct 18, 04:00 am",0,0,1,0.0516385,1,0
"Oct 18, 05:00 am",0,0,1,0.0517388,1,0
"Oct 18, 06:00 am",0,0,1,0.0518232,1,0
"Oct 18, 07:00 am",0,0,1,0.0513156,1,695.9
"Oct 18, 08:00 am",2866.59,6.72378,1,0.0508834,1,854.1
"Oct 18, 09:00 am",2866.59,6.85633,1,0.0505916,1,921.1
"Oct 18, 10:00 am",2866.54,6.93386,1,0.0501229,1,956.5
"Oct 18, 11:00 am",2865.46,4.2743,0.631793,0.0496842,0.631793,975.4
"Oct 18, 12:00 pm",2867.3,2.98677,0.462421,0.049223,0.462421,978.6
"Oct 18, 01:00 pm",2867.03,2.98649,0.479162,0.049024,0.479162,974
"Oct 18, 02:00 pm",2867.04,2.9865,0.477226,0.0488691,0.477226,960.5
"Oct 18, 03:00 pm",2867.03,2.98649,0.465929,0.0489267,0.465929,938.2
"Oct 18, 04:00 pm",2867.04,2.9865,0.493969,0.0490567,0.493969,898.9
"Oct 18, 05:00 pm",2867.05,2.98651,0.878663,0.0494427,0.878663,825.3
"Oct 18, 06:00 pm",2866.56,0.398984,1,0.0500415,1,657
"Oct 18, 07:00 pm",2774.14,0.229868,1,0.0505509,1,0
"Oct 18, 08:00 pm",2866.62,0,1,0.0508372,1,0
"Oct 18, 09:00 pm",2866.66,0,1,0.0510584,1,0
"Oct 18, 10:00 pm",0,0,1,0.0512145,1,0
"Oct 18, 11:00 pm",0,0,1,0.0512723,1,0
"Oct 19, 12:00 am",0,0,1,0.051314,1,0
"Oct 19, 01:00 am",0,0,1,0.0513237,1,0
"Oct 19, 02:00 am",0,0,1,0.0513653,1,0
"Oct 19, 03:00 am",0,0,1,0.0514389,1,0
"Oct 19, 04:00 am",0,0,1,0.0515316,1,0
"Oct 19, 05:00 am",0,0,1,0.0515098,1,0
"Oct 19, 06:00 am",0,0,1,0.05161,1,0
"Oct 19, 07:00 am",572.242,1.02999,1,0.0510083,1,698.2
"Oct 19, 08:00 am",2866.59,6.11302,1,0.0503469,1,852.7
"Oct 19, 09:00 am",2866.59,6.82314,1,0.0500074,1,916.8
"Oct 19, 10:00 am",2866.54,6.89707,1,0.0494414,1,949.8
"Oct 19, 11:00 am",2868.12,3.92312,0.585092,0.0490083,0.585092,966.9
"Oct 19, 12:00 pm",2867.24,2.9867,0.463358,0.0485465,0.463358,970.5
"Oct 19, 01:00 pm",2867.04,2.98651,0.481264,0.0485882,0.481264,965.9
"Oct 19, 02:00 pm",2867.04,2.9865,0.479228,0.0486298,0.479228,952.9
"Oct 19, 03:00 pm",2867.03,2.98649,0.468516,0.0487513,0.468516,930.2
"Oct 19, 04:00 pm",2867.04,2.9865,0.496102,0.0488407,0.496102,890.4
"Oct 19, 05:00 pm",2867.05,2.98651,0.879882,0.0492497,0.879882,817.1
"Oct 19, 06:00 pm",2866.56,0.398977,1,0.0496803,1,652.3
"Oct 19, 07:00 pm",2757.21,0.229947,1,0.0502144,1,0
"Oct 19, 08:00 pm",2866.61,0,1,0.0506323,1,0
"Oct 19, 09:00 pm",2866.64,0,1,0.05091,1,0
"Oct 19, 10:00 pm",0,0,1,0.0510468,1,0
"Oct 19, 11:00 pm",0,0,1,0.0511039,1,0
"Oct 20, 12:00 am",0,0,1,0.051161,1,0
"Oct 20, 01:00 am",0,0,1,0.0511859,1,0
"Oct 20, 02:00 am",0,0,1,0.0512748,1,0
"Oct 20, 03:00 am",0,0,1,0.0513641,1,0
"Oct 20, 04:00 am",0,0,1,0.0514672,1,0
"Oct 20, 05:00 am",0,0,1,0.0516475,1,0
"Oct 20, 06:00 am",0,0,1,0.0515718,1,0
"Oct 20, 07:00 am",0,0.819941,1,0.0512561,1,671.1
"Oct 20, 08:00 am",0,5.97617,1,0.0510643,1,824.6
"Oct 20, 09:00 am",0,5.0472,0.766821,0.0509125,0.766821,891.5
"Oct 20, 10:00 am",0,0,1,0.050553,1,927.1
"Oct 20, 11:00 am",0,0,1,0.0502083,1,945.9
"Oct 20, 12:00 pm",0,0,1,0.0497522,1,953
"Oct 20, 01:00 pm",0,0,1,0.0498242,1,951.3
"Oct 20, 02:00 pm",0,0,1,0.0497363,1,940.7
"Oct 20, 03:00 pm",0,0,1,0.0497444,1,919.5
"Oct 20, 04:00 pm",0,0,1,0.0498324,1,881.2
"Oct 20, 05:00 pm",0,0,1,0.0500802,1,809
"Oct 20, 06:00 pm",0,0,1,0.0503917,1,645
"Oct 20, 07:00 pm",0,0,1,0.0506305,1,0
"Oct 20, 08:00 pm",0,0,1,0.0508265,1,0
"Oct 20, 09:00 pm",0,0,1,0.0509241,1,0
"Oct 20, 10:00 pm",0,0,1,0.0509897,1,0
"Oct 20, 11:00 pm",0,0,1,0.0510233,1,0
"Oct 21, 12:00 am",0,0,1,0.0510569,1,0
"Oct 21, 01:00 am",0,0,1,0.0510745,1,0
"Oct 21, 02:00 am",0,0,1,0.051156,1,0
"Oct 21, 03:00 am",0,0,1,0.0511896,1,0
"Oct 21, 04:00 am",0,0,1,0.0511591,1,0
"Oct 21, 05:00 am",0,0,1,0.0512567,1,0
"Oct 21, 06:00 am",0,0,1,0.0512742,1,0
"Oct 21, 07:00 am",0,0,1,0.0509718,1,6.8
"Oct 21, 08:00 am",0,0,1,0.0505415,1,8.3
"Oct 21, 09:00 am",0,0,1,0.0501272,1,895.5
"Oct 21, 10:00 am",0,0,1,0.0497131,1,931.7
"Oct 21, 11:00 am",0,0,1,0.049363,1,951.4
"Oct 21, 12:00 pm",0,0,1,0.0491091,1,44
"Oct 21, 01:00 pm",0,0,1,0.0491111,1,42.7
"Oct 21, 02:00 pm",0,0,1,0.0490812,1,30.9
"Oct 21, 03:00 pm",0,0,1,0.0491793,1,920
"Oct 21, 04:00 pm",0,0,1,0.0493733,1,880.9
"Oct 21, 05:00 pm",0,0,1,0.0495062,1,808.6
"Oct 21, 06:00 pm",0,0,1,0.0497594,1,644.9
"Oct 21, 07:00 pm",0,0,1,0.0499514,1,0
"Oct 21, 08:00 pm",0,0,1,0.0501274,1,0
"Oct 21, 09:00 pm",0,0,1,0.0502074,1,0
"Oct 21, 10:00 pm",0,0,1,0.0503034,1,0
"Oct 21, 11:00 pm",0,0,1,0.0503994,1,0
"Oct 22, 12:00 am",0,0,1,0.0504314,1,0
"Oct 22, 01:00 am",0,0,1,0.0504794,1,0
"Oct 22, 02:00 am",0,0,1,0.0505114,1,0
"Oct 22, 03:00 am",0,0,1,0.0505913,1,0
"Oct 22, 04:00 am",0,0,1,0.0507354,1,0
"Oct 22, 05:00 am",0,0,1,0.0508953,1,0
"Oct 22, 06:00 am",2820.18,0,1,0.0511192,1,0
"Oct 22, 07:00 am",2820.21,0,1,0.0510336,1,7.2
"Oct 22, 08:00 am",2820.21,0,1,0.0506467,1,8.7
"Oct 22, 09:00 am",2858.86,5.25178,1,0.0503843,1,930.9
"Oct 22, 10:00 am",2866.59,7.04472,1,0.0500831,1,965.1
"Oct 22, 11:00 am",2866.7,6.65911,0.948059,0.0498547,0.948059,983.7
"Oct 22, 12:00 pm",2866.56,0.443108,1,0.0496331,1,48.8
"Oct 22, 01:00 pm",2858.16,0.35437,1,0.049654,1,46.8
"Oct 22, 02:00 pm",2762.01,0.264957,1,0.0496036,1,33.5
"Oct 22, 03:00 pm",2663.45,0.177791,1,0.0497222,1,11.8
"Oct 22, 04:00 pm",762.802,0,1,0.0498901,1,9
"Oct 22, 05:00 pm",0,0,1,0.0500652,1,8.3
"Oct 22, 06:00 pm",0,0,1,0.0504421,1,6.6
"Oct 22, 07:00 pm",0,0,1,0.0506747,1,0
"Oct 22, 08:00 pm",0,0,1,0.0508407,1,0
"Oct 22, 09:00 pm",0,0,1,0.0509568,1,0
"Oct 22, 10:00 pm",0,0,1,0.0510733,1,0
"Oct 22, 11:00 pm",0,0,1,0.0511898,1,0
"Oct 23, 12:00 am",0,0,1,0.0512742,1,0
"Oct 23, 01:00 am",0,0,1,0.0513427,1,0
"Oct 23, 02:00 am",0,0,1,0.0513951,1,0
"Oct 23, 03:00 am",0,0,1,0.0515115,1,0
"Oct 23, 04:00 am",0,0,1,0.0516438,1,0
"Oct 23, 05:00 am",0,0,1,0.0516962,1,0
"Oct 23, 06:00 am",0,0,1,0.0515565,1,0
"Oct 23, 07:00 am",440.337,1.03299,1,0.0512409,1,708
"Oct 23, 08:00 am",2866.59,6.24038,1,0.0510631,1,850.9
"Oct 23, 09:00 am",2866.59,6.81269,1,0.0508984,1,911.9
"Oct 23, 10:00 am",2866.54,6.89692,1,0.0505848,1,943.4
"Oct 23, 11:00 am",2865.93,3.70838,0.554095,0.0502913,0.554095,959.2
"Oct 23, 12:00 pm",2867.22,2.98669,0.460703,0.0499859,0.460703,964.3
"Oct 23, 01:00 pm",2867.02,2.98648,0.477915,0.0499778,0.477915,960.6
"Oct 23, 02:00 pm",2867.02,2.98648,0.475342,0.0499857,0.475342,948.4
"Oct 23, 03:00 pm",2867.02,2.98648,0.465313,0.0500895,0.465313,927.3
"Oct 23, 04:00 pm",2867.02,2.98647,0.487214,0.0502731,0.487214,889.4
"Oct 23, 05:00 pm",2867.02,2.98648,0.850045,0.0504085,0.850045,819.1
"Oct 23, 06:00 pm",2866.56,0.398621,1,0.0508124,1,665.2
"Oct 23, 07:00 pm",2754.49,0.22893,1,0.0512226,1,0
"Oct 23, 08:00 pm",2866.61,0,1,0.0514424,1,0
"Oct 23, 09:00 pm",2866.63,0,1,0.051588,1,0
"Oct 23, 10:00 pm",0,0,1,0.0515949,1,0
"Oct 23, 11:00 pm",0,0,1,0.0515872,1,0
"Oct 24, 12:00 am",0,0,1,0.0515796,1,0
"Oct 24, 01:00 am",0,0,1,0.051588,1,0
"Oct 24, 02:00 am",0,0,1,0.0515963,1,0
"Oct 24, 03:00 am",0,0,1,0.0515456,1,0
"Oct 24, 04:00 am",0,0,1,0.0515249,1,0
"Oct 24, 05:00 am",0,0,1,0.0515453,1,0
"Oct 24, 06:00 am",0,0,1,0.0515656,1,0
"Oct 24, 07:00 am",68.8167,0,1,0.0515707,1,6.8
"Oct 24, 08:00 am",0,0,1,0.0515439,1,8.3
"Oct 24, 09:00 am",0,0,1,0.0512763,1,8.9
"Oct 24, 10:00 am",0,0,1,0.0510728,1,9.3
"Oct 24, 11:00 am",0,0,1,0.0509653,1,9.4
"Oct 24, 12:00 pm",0,0,1,0.0508579,1,9.5
"Oct 24, 01:00 pm",0,0,1,0.0508464,1,9.5
"Oct 24, 02:00 pm",0,0,1,0.050835,1,9.4
"Oct 24, 03:00 pm",0,0,1,0.0508875,1,9.2
"Oct 24, 04:00 pm",0,0,1,0.0509401,1,8.9
"Oct 24, 05:00 pm",0,0,1,0.0510566,1,8.2
"Oct 24, 06:00 pm",0,0,1,0.0512371,1,664.6
"Oct 24, 07:00 pm",0,0,1,0.0514495,1,0
"Oct 24, 08:00 pm",0,0,1,0.0515179,1,0
"Oct 24, 09:00 pm",0,0,1,0.0515543,1,0
"Oct 24, 10:00 pm",0,0,1,0.0515907,1,0
"Oct 24, 11:00 pm",0,0,1,0.0516111,1,0
"Oct 25, 12:00 am",0,0,1,0.0515835,1,0
"Oct 25, 01:00 am",0,0,1,0.0515718,1,0
"Oct 25, 02:00 am",0,0,1,0.0515762,1,0
"Oct 25, 03:00 am",0,0,1,0.0515486,1,0
"Oct 25, 04:00 am",0,0,1,0.051537,1,0
"Oct 25, 05:00 am",0,0,1,0.0515094,1,0
"Oct 25, 06:00 am",0,0,1,0.0514178,1,0
"Oct 25, 07:00 am",0,0,1,0.0511503,1,7.2
"Oct 25, 08:00 am",0,0,1,0.0508188,1,8.6
"Oct 25, 09:00 am",0,0,1,0.0505035,1,9.2
"Oct 25, 10:00 am",0,0,1,0.0501882,1,9.5
"Oct 25, 11:00 am",0,0,1,0.049921,1,12.1
"Oct 25, 12:00 pm",0,0,1,0.0497018,1,36.3
"Oct 25, 01:00 pm",0,0,1,0.0496587,1,45.5
"Oct 25, 02:00 pm",0,0,1,0.0496796,1,34.9
"Oct 25, 03:00 pm",0,0,1,0.0497805,1,21.6
"Oct 25, 04:00 pm",1433.25,2.85476,1,0.0499027,1,897.7
"Oct 25, 05:00 pm",2866.59,3.63818,1,0.0501484,1,827.8
"Oct 25, 06:00 pm",2082.94,0.398386,1,0.05045,1,673.4
"Oct 25, 07:00 pm",218.105,0.227193,1,0.0506909,1,0
"Oct 25, 08:00 pm",0,0,1,0.0508831,1,0
"Oct 25, 09:00 pm",0,0,1,0.0510317,1,0
"Oct 25, 10:00 pm",0,0,1,0.0511002,1,0
"Oct 25, 11:00 pm",0,0,1,0.0511847,1,0
"Oct 26, 12:00 am",0,0,1,0.0512212,1,0
"Oct 26, 01:00 am",0,0,1,0.0512737,1,0
"Oct 26, 02:00 am",0,0,1,0.0513102,1,0
"Oct 26, 03:00 am",0,0,1,0.0513466,1,0
"Oct 26, 04:00 am",0,0,1,0.0513831,1,0
"Oct 26, 05:00 am",0,0,1,0.0514355,1,0
"Oct 26, 06:00 am",0,0,1,0.051312,1,0
"Oct 26, 07:00 am",477.725,1.30532,1,0.051096,1,717.2
"Oct 26, 08:00 am",2866.59,6.44708,1,0.0510518,1,855.7
"Oct 26, 09:00 am",2866.59,6.8725,1,0.0508586,1,916.7
"Oct 26, 10:00 am",2866.54,6.97605,1,0.0506533,1,949.3
"Oct 26, 11:00 am",2866.56,0.422105,1,0.0505768,1,26.7
"Oct 26, 12:00 pm",2860.18,0.300595,1,0.0505616,1,32.1
"Oct 26, 01:00 pm",2746.51,0.195877,1,0.0505871,1,25.8
"Oct 26, 02:00 pm",2659.26,0,1,0.0506453,1,20.8
"Oct 26, 03:00 pm",0,0,1,0.0507207,1,9.4
"Oct 26, 04:00 pm",0,0,1,0.0507928,1,9
"Oct 26, 05:00 pm",0,0,1,0.0509128,1,8.4
"Oct 26, 06:00 pm",0,0,1,0.0511286,1,678.7
"Oct 26, 07:00 pm",0,0,1,0.0513281,1,0
"Oct 26, 08:00 pm",0,0,1,0.0514633,1,0
"Oct 26, 09:00 pm",0,0,1,0.0515259,1,0
"Oct 26, 10:00 pm",0,0,1,0.0516031,1,0
"Oct 26, 11:00 pm",0,0,1,0.0516874,1,0
"Oct 27, 12:00 am",0,0,1,0.0517397,1,0
"Oct 27, 01:00 am",0,0,1,0.0517921,1,0
"Oct 27, 02:00 am",0,0,1,0.0518444,1,0
"Oct 27, 03:00 am",0,0,1,0.0518647,1,0
"Oct 27, 04:00 am",0,0,1,0.051901,1,0
"Oct 27, 05:00 am",0,0,1,0.0519532,1,0
"Oct 27, 06:00 am",0,0,1,0.0518295,1,0
"Oct 27, 07:00 am",0,0,1,0.0516099,1,7.2
"Oct 27, 08:00 am",0,0,1,0.0513103,1,8.6
"Oct 27, 09:00 am",0,0,1,0.0508028,1,9.2
"Oct 27, 10:00 am",0,0,1,0.0505034,1,18.4
"Oct 27, 11:00 am",0,0,1,0.0502681,1,34.8
"Oct 27, 12:00 pm",0,0,1,0.0501129,1,35
"Oct 27, 01:00 pm",0,0,1,0.0500537,1,20.3
"Oct 27, 02:00 pm",0,0,1,0.0500745,1,10.9
"Oct 27, 03:00 pm",0,0,1,0.0502072,1,9.4
"Oct 27, 04:00 pm",0,0,1,0.0504039,1,9
"Oct 27, 05:00 pm",0,0,1,0.0505206,1,8.3
"Oct 27, 06:00 pm",0,0,1,0.0507492,1,684
"Oct 27, 07:00 pm",0,0,1,0.0509458,1,0
"Oct 27, 08:00 pm",0,0,1,0.0510304,1,0
"Oct 27, 09:00 pm",0,0,1,0.0511149,1,0
"Oct 27, 10:00 pm",0,0,1,0.0511834,1,0
"Oct 27, 11:00 pm",0,0,1,0.0512039,1,0
"Oct 28, 12:00 am",0,0,1,0.0511924,1,0
"Oct 28, 01:00 am",0,0,1,0.0511809,1,0
"Oct 28, 02:00 am",0,0,1,0.0511694,1,0
"Oct 28, 03:00 am",0,0,1,0.0512059,1,0
"Oct 28, 04:00 am",0,0,1,0.0513064,1,0
"Oct 28, 05:00 am",0,0,1,0.0512948,1,0
"Oct 28, 06:00 am",0,0,1,0.0511873,1,0
"Oct 28, 07:00 am",0,0,1,0.0510158,1,7.1
"Oct 28, 08:00 am",0,3.07848,1,0.050796,1,847.6
"Oct 28, 09:00 am",0,6.82791,1,0.0508787,1,908.7
"Oct 28, 10:00 am",0,0.452487,1,0.0506676,1,12.3
"Oct 28, 11:00 am",0,0.322042,1,0.0503488,1,42.5
"Oct 28, 12:00 pm",0,1.72076,0.3577,0.0500378,0.3577,966.8
"Oct 28, 01:00 pm",0,0,1,0.0499502,1,966.3
"Oct 28, 02:00 pm",0,0,1,0.0499201,1,957.3
"Oct 28, 03:00 pm",0,0,1,0.049986,1,11.5
"Oct 28, 04:00 pm",0,0,1,0.0500358,1,9
"Oct 28, 05:00 pm",0,0,1,0.0502136,1,8.3
"Oct 28, 06:00 pm",0,0,1,0.0503754,1,687.4
"Oct 28, 07:00 pm",0,0,1,0.0506011,1,0
"Oct 28, 08:00 pm",0,0,1,0.0507788,1,0
"Oct 28, 09:00 pm",0,0,1,0.0509564,1,0
"Oct 28, 10:00 pm",0,0,1,0.051022,1,0
"Oct 28, 11:00 pm",0,0,1,0.0510876,1,0
"Oct 29, 12:00 am",0,0,1,0.0511691,1,0
"Oct 29, 01:00 am",0,0,1,0.0512507,1,0
"Oct 29, 02:00 am",0,0,1,0.0512842,1,0
"Oct 29, 03:00 am",0,0,1,0.0513338,1,0
"Oct 29, 04:00 am",0,0,1,0.0514313,1,0
"Oct 29, 05:00 am",0,0,1,0.0514397,1,0
"Oct 29, 06:00 am",2820.18,0,1,0.0515191,1,0
"Oct 29, 07:00 am",2695.19,1.77997,1,0.0514329,1,779.7
"Oct 29, 08:00 am",2866.54,6.93902,1,0.0511394,1,909.6
"Oct 29, 09:00 am",2868.69,3.63524,0.515085,0.0508498,0.515085,964.7
"Oct 29, 10:00 am",2867.12,2.98659,0.422251,0.0504371,0.422251,993.6
"Oct 29, 11:00 am",2867.03,2.98648,0.422322,0.0500444,0.422322,1008.6
"Oct 29, 12:00 pm",2867.03,2.98649,0.430627,0.0497001,0.430627,1013.6
"Oct 29, 01:00 pm",2867.03,2.98649,0.445965,0.0495002,0.445965,1011.1
"Oct 29, 02:00 pm",2867.03,2.98649,0.442168,0.0493964,0.442168,1001.1
"Oct 29, 03:00 pm",2867.02,2.98648,0.434184,0.0494687,0.434184,979.9
"Oct 29, 04:00 pm",2867.02,2.98648,0.446385,0.0495888,0.446385,943.1
"Oct 29, 05:00 pm",2867.03,2.98649,0.757041,0.0497017,0.757041,876.7
"Oct 29, 06:00 pm",2803.18,0.398747,1,0.0502924,1,719.5
"Oct 29, 07:00 pm",2630.18,0.229406,1,0.0508017,1,113
"Oct 29, 08:00 pm",2828.19,0,1,0.0511195,1,0
"Oct 29, 09:00 pm",2637.07,0,1,0.0513722,1,0
"Oct 29, 10:00 pm",0,0,1,0.0515769,1,0
"Oct 29, 11:00 pm",0,0,1,0.0516932,1,0
"Oct 30, 12:00 am",0,0,1,0.0517616,1,0
"Oct 30, 01:00 am",0,0,1,0.0518939,1,0
"Oct 30, 02:00 am",0,0,1,0.0519781,1,0
"Oct 30, 03:00 am",0,0,1,0.0520624,1,0
"Oct 30, 04:00 am",0,0,1,0.0521466,1,0
"Oct 30, 05:00 am",0,0,1,0.0520388,1,0
"Oct 30, 06:00 am",0,0,1,0.0518031,1,0
"Oct 30, 07:00 am",477.725,1.57808,1,0.0513439,1,768.4
"Oct 30, 08:00 am",2866.59,6.81531,1,0.0511689,1,895.4
"Oct 30, 09:00 am",2866.59,7.16572,1,0.0508637,1,950.8
"Oct 30, 10:00 am",2866.65,6.417,0.888366,0.0504755,0.888366,979.9
"Oct 30, 11:00 am",2867.27,2.98674,0.429709,0.0500939,0.429709,994.7
"Oct 30, 12:00 pm",2867.03,2.98649,0.435828,0.049734,0.435828,999.2
"Oct 30, 01:00 pm",2867.05,2.98651,0.451462,0.0495664,0.451462,995.7
"Oct 30, 02:00 pm",2867.04,2.9865,0.44829,0.049383,0.44829,984.3
"Oct 30, 03:00 pm",2867.03,2.98649,0.440381,0.0492637,0.440381,963.7
"Oct 30, 04:00 pm",2867.04,2.9865,0.451507,0.0494005,0.451507,927.7
"Oct 30, 05:00 pm",2867.04,2.9865,0.764199,0.0497129,0.764199,861.8
"Oct 30, 06:00 pm",2866.56,0.398871,1,0.0502588,1,722
"Oct 30, 07:00 pm",2775.04,0.229818,1,0.0508297,1,153.7
"Oct 30, 08:00 pm",2866.62,0,1,0.0512022,1,0
"Oct 30, 09:00 pm",2866.66,0,1,0.0514173,1,0
"Oct 30, 10:00 pm",0,0,1,0.051539,1,0
"Oct 30, 11:00 pm",0,0,1,0.0516124,1,0
"Oct 31, 12:00 am",0,0,1,0.0516698,1,0
"Oct 31, 01:00 am",0,0,1,0.0517111,1,0
"Oct 31, 02:00 am",0,0,1,0.0517682,1,0
"Oct 31, 03:00 am",0,0,1,0.0517934,1,0
"Oct 31, 04:00 am",0,0,1,0.0518536,1,0
"Oct 31, 05:00 am",0,0,1,0.0517354,1,0
"Oct 31, 06:00 am",0,0,1,0.0515317,1,0
"Oct 31, 07:00 am",607.346,1.48588,1,0.0511024,1,739.3
"Oct 31, 08:00 am",2866.59,6.57244,1,0.0508471,1,865.4
"Oct 31, 09:00 am",2866.59,6.95784,1,0.0505211,1,923.2
"Oct 31, 10:00 am",2866.77,6.90824,0.978614,0.0501288,0.978614,954
"Oct 31, 11:00 am",2867.19,2.98665,0.439992,0.0497206,0.439992,970.3
"Oct 31, 12:00 pm",2867.02,2.98648,0.444697,0.0493611,0.444697,977
"Oct 31, 01:00 pm",2867.04,2.9865,0.459436,0.049146,0.459436,976
"Oct 31, 02:00 pm",2867.03,2.98649,0.455481,0.0489791,0.455481,966.3
"Oct 31, 03:00 pm",2867.03,2.98649,0.447823,0.0490682,0.447823,946
"Oct 31, 04:00 pm",2867.03,2.98649,0.458223,0.0492052,0.458223,910.1
"Oct 31, 05:00 pm",2867.03,2.98649,0.774608,0.049406,0.774608,844.1
"Oct 31, 06:00 pm",2866.56,0.398836,1,0.0499628,1,706.3
"Oct 31, 07:00 pm",2770.9,0.229592,1,0.0504636,1,165.4
"Oct 31, 08:00 pm",2866.62,0,1,0.050833,1,0
"Oct 31, 09:00 pm",2866.66,0,1,0.0510783,1,0
"Oct 31, 10:00 pm",0,0,1,0.0512154,1,0
"Oct 31, 11:00 pm",0,0,1,0.0512891,1,0
"Nov 1, 12:00 am",0,0,1,0.0519382,1,0
"Nov 1, 01:00 am",0,0,1,0.0519949,1,0
"Nov 1, 02:00 am",0,0,1,0.0521635,1,0
"Nov 1, 03:00 am",0,0,1,0.0522199,1,0
"Nov 1, 04:00 am",0,0,1,0.0520781,1,0
"Nov 1, 05:00 am",0,0,1,0.0521262,1,0
"Nov 1, 06:00 am",0,0,1,0.0521943,1,0
"Nov 1, 07:00 am",595.5,1.50036,1,0.0521651,1,742.9
"Nov 1, 08:00 am",2866.59,6.60234,1,0.0517052,1,869.1
"Nov 1, 09:00 am",2866.59,6.99436,1,0.0508817,1,926.7
"Nov 1, 10:00 am",2866.79,6.82211,0.961209,0.0504556,0.961209,957.8
"Nov 1, 11:00 am",2867.23,2.9867,0.436549,0.0500143,0.436549,974.2
"Nov 1, 12:00 pm",2867.06,2.98652,0.441055,0.0496865,0.441055,981
"Nov 1, 01:00 pm",2867.08,2.98654,0.455698,0.049423,0.455698,979.6
"Nov 1, 02:00 pm",2867.07,2.98653,0.451681,0.0492557,0.451681,970.3
"Nov 1, 03:00 pm",2867.07,2.98653,0.44501,0.0491686,0.44501,949
"Nov 1, 04:00 pm",2867.04,2.9865,0.454699,0.0492255,0.454699,912.4
"Nov 1, 05:00 pm",2867.05,2.98651,0.766349,0.0492983,0.766349,846.4
"Nov 1, 06:00 pm",2866.56,0.398987,1,0.0496146,1,706.4
"Nov 1, 07:00 pm",2771.52,0.229935,1,0.0501945,1,175.7
"Nov 1, 08:00 pm",2866.62,0,1,0.0511554,1,0
"Nov 1, 09:00 pm",2866.66,0,1,0.0510642,1,0
"Nov 1, 10:00 pm",0,0,1,0.0512492,1,0
"Nov 1, 11:00 pm",0,0,1,0.0514347,1,0
"Nov 2, 12:00 am",0,0,1,0.0515401,1,0
"Nov 2, 01:00 am",0,0,1,0.0515334,1,0
"Nov 2, 02:00 am",0,0,1,0.0516066,1,0
"Nov 2, 03:00 am",0,0,1,0.0516317,1,0
"Nov 2, 04:00 am",0,0,1,0.0516811,1,0
"Nov 2, 05:00 am",0,0,1,0.051696,1,0
"Nov 2, 06:00 am",0,0,1,0.0517802,1,0
"Nov 2, 07:00 am",596.427,1.48633,1,0.0515905,1,734.6
"Nov 2, 08:00 am",2866.59,6.53004,1,0.051061,1,859.5
"Nov 2, 09:00 am",2866.59,6.93118,1,0.0506551,1,917.8
"Nov 2, 10:00 am",2866.56,6.96468,0.988041,0.0502798,0.988041,949.4
"Nov 2, 11:00 am",2867.2,2.98666,0.439658,0.0499518,0.439658,966.6
"Nov 2, 12:00 pm",2867.05,2.98651,0.444653,0.049656,0.444653,971.6
"Nov 2, 01:00 pm",2867.05,2.98651,0.460467,0.0494885,0.460467,968.5
"Nov 2, 02:00 pm",2867.04,2.9865,0.457476,0.0494011,0.457476,957.2
"Nov 2, 03:00 pm",2867.05,2.98651,0.451226,0.0494098,0.451226,935.3
"Nov 2, 04:00 pm",2867.04,2.9865,0.460184,0.0494184,0.460184,897.8
"Nov 2, 05:00 pm",2867.04,2.9865,0.775771,0.049475,0.775771,830.6
"Nov 2, 06:00 pm",2866.56,0.398729,1,0.0497745,1,693.7
"Nov 2, 07:00 pm",2770.08,0.229132,1,0.0503059,1,184.9
"Nov 2, 08:00 pm",2866.62,0,1,0.0507545,1,0
"Nov 2, 09:00 pm",2866.66,0,1,0.0509673,1,0
"Nov 2, 10:00 pm",0,0,1,0.0510884,1,0
"Nov 2, 11:00 pm",0,0,1,0.0511302,1,0
"Nov 3, 12:00 am",0,0,1,0.051108,1,0
"Nov 3, 01:00 am",0,0,1,0.0513256,1,0
"Nov 3, 02:00 am",0,0,1,0.0511273,1,0
"Nov 3, 03:00 am",0,0,1,0.0509931,1,0
"Nov 3, 04:00 am",0,0,1,0.0509147,1,0
"Nov 3, 05:00 am",0,0,1,0.0509296,1,0
"Nov 3, 06:00 am",0,0,1,0.050918,1,0
"Nov 3, 07:00 am",0,0,1,0.0509065,1,7.3
"Nov 3, 08:00 am",0,0,1,0.0508789,1,8.5
"Nov 3, 09:00 am",0,0,1,0.0507714,1,9.1
"Nov 3, 10:00 am",0,0,1,0.0505359,1,9.4
"Nov 3, 11:00 am",0,0,1,0.0504924,1,9.6
"Nov 3, 12:00 pm",0,0,1,0.050273,1,9.7
"Nov 3, 01:00 pm",0,0,1,0.0500377,1,9.7
"Nov 3, 02:00 pm",0,0,1,0.0499624,1,9.6
"Nov 3, 03:00 pm",0,0,1,0.0500631,1,9.4
"Nov 3, 04:00 pm",0,0,1,0.0501637,1,9
"Nov 3, 05:00 pm",0,0,1,0.0502484,1,8.3
"Nov 3, 06:00 pm",0,0,1,0.050429,1,6.9
"Nov 3, 07:00 pm",0,0,1,0.0506735,1,194.5
"Nov 3, 08:00 pm",0,0,1,0.0507261,1,0
"Nov 3, 09:00 pm",0,0,1,0.0507306,1,0
"Nov 3, 10:00 pm",0,0,1,0.0507511,1,0
"Nov 3, 11:00 pm",0,0,1,0.0509155,1,0
"Nov 4, 12:00 am",0,0,1,0.051144,1,0
"Nov 4, 01:00 am",0,0,1,0.0510524,1,0
"Nov 4, 02:00 am",0,0,1,0.0510088,1,0
"Nov 4, 03:00 am",0,0,1,0.0509972,1,0
"Nov 4, 04:00 am",0,0,1,0.0509857,1,0
"Nov 4, 05:00 am",0,0,1,0.0510061,1,0
"Nov 4, 06:00 am",0,0,1,0.0510266,1,0
"Nov 4, 07:00 am",0,0,1,0.051031,1,7.4
"Nov 4, 08:00 am",0,0,1,0.0509715,1,8.6
"Nov 4, 09:00 am",0,0,1,0.0508319,1,9.2
"Nov 4, 10:00 am",0,0,1,0.0505645,1,9.8
"Nov 4, 11:00 am",0,3.60298,1,0.0502513,1,971
"Nov 4, 12:00 pm",0,7.03067,1,0.0504135,1,978.1
"Nov 4, 01:00 pm",0,2.28672,0.352656,0.0502607,0.352656,977.1
"Nov 4, 02:00 pm",0,0,1,0.0500208,1,968.1
"Nov 4, 03:00 pm",0,0,1,0.0499352,1,949.2
"Nov 4, 04:00 pm",0,0,1,0.0499194,1,915.3
"Nov 4, 05:00 pm",0,0,1,0.0500492,1,852.4
"Nov 4, 06:00 pm",0,0,1,0.050291,1,708.9
"Nov 4, 07:00 pm",0,0,1,0.0505807,1,219.9
"Nov 4, 08:00 pm",0,0,1,0.0508704,1,0
"Nov 4, 09:00 pm",0,0,1,0.051064,1,0
"Nov 4, 10:00 pm",0,0,1,0.0510656,1,0
"Nov 4, 11:00 pm",0,0,1,0.0512911,1,0
"Nov 5, 12:00 am",0,0,1,0.0514206,1,0
"Nov 5, 01:00 am",0,0,1,0.0514221,1,0
"Nov 5, 02:00 am",0,0,1,0.0514556,1,0
"Nov 5, 03:00 am",0,0,1,0.0514411,1,0
"Nov 5, 04:00 am",0,0,1,0.0515065,1,0
"Nov 5, 05:00 am",0,0,1,0.051652,1,0
"Nov 5, 06:00 am",2866.6,0,1,0.0519023,1,0
"Nov 5, 07:00 am",2812.08,2.56606,1,0.0518826,1,755.2
"Nov 5, 08:00 am",2866.51,6.67146,0.998065,0.0517183,0.998065,875.5
"Nov 5, 09:00 am",2866.56,0.413651,1,0.0512913,1,15.2
"Nov 5, 10:00 am",2866.71,5.66827,0.855547,0.0507367,0.855547,962.1
"Nov 5, 11:00 am",2865.08,2.98446,0.432254,0.0503651,0.432254,978.4
"Nov 5, 12:00 pm",2867.05,2.98651,0.436982,0.0500686,0.436982,982.7
"Nov 5, 01:00 pm",2866.56,0.465249,1,0.0499559,1,73.4
"Nov 5, 02:00 pm",2866.56,0.404815,1,0.049939,1,48.7
"Nov 5, 03:00 pm",2866.55,6.67387,1,0.0499829,1,948.1
"Nov 5, 04:00 pm",2865.61,4.73268,0.695905,0.0500314,0.695905,912.9
"Nov 5, 05:00 pm",2867.23,2.9867,0.744464,0.0501415,0.744464,849.6
"Nov 5, 06:00 pm",2866.56,0.398611,1,0.0503582,1,7.2
"Nov 5, 07:00 pm",2746.08,0.229241,1,0.050666,1,245.5
"Nov 5, 08:00 pm",2866.61,0,1,0.0510807,1,0
"Nov 5, 09:00 pm",2866.62,0,1,0.0513587,1,0
"Nov 5, 10:00 pm",0,0,1,0.0516112,1,0
"Nov 5, 11:00 pm",0,0,1,0.0516672,1,0
"Nov 6, 12:00 am",0,0,1,0.051675,1,0
"Nov 6, 01:00 am",0,0,1,0.0516668,1,0
"Nov 6, 02:00 am",0,0,1,0.0516632,1,0
"Nov 6, 03:00 am",0,0,1,0.0516897,1,0
"Nov 6, 04:00 am",0,0,1,0.05179,1,0
"Nov 6, 05:00 am",0,0,1,0.0519382,1,0
"Nov 6, 06:00 am",0,0,1,0.0519904,1,0
"Nov 6, 07:00 am",519.558,1.59068,1,0.0518368,1,742
"Nov 6, 08:00 am",2866.59,6.56976,1,0.0513302,1,863.7
"Nov 6, 09:00 am",2866.59,7.0056,1,0.0509249,1,925.1
"Nov 6, 10:00 am",2866.7,6.64575,0.929298,0.0506187,0.929298,960.3
"Nov 6, 11:00 am",2867.23,2.9867,0.429223,0.0502703,0.429223,981.7
"Nov 6, 12:00 pm",2867.05,2.98651,0.433203,0.0499582,0.433203,988.6
"Nov 6, 01:00 pm",2867.05,2.98651,0.447654,0.0497423,0.447654,987.6
"Nov 6, 02:00 pm",2867.04,2.9865,0.443296,0.0496226,0.443296,978.6
"Nov 6, 03:00 pm",2867.04,2.9865,0.437579,0.049567,0.437579,958.1
"Nov 6, 04:00 pm",2867.04,2.9865,0.443066,0.0496075,0.443066,922.3
"Nov 6, 05:00 pm",2867.05,2.98652,0.729227,0.0495999,0.729227,858.9
"Nov 6, 06:00 pm",2866.56,0.398835,1,0.0498462,1,722
"Nov 6, 07:00 pm",2776.13,0.229546,1,0.0503693,1,256.8
"Nov 6, 08:00 pm",2866.62,0,1,0.0507734,1,0
"Nov 6, 09:00 pm",2866.66,0,1,0.0510905,1,0
"Nov 6, 10:00 pm",0,0,1,0.0512409,1,0
"Nov 6, 11:00 pm",0,0,1,0.0512669,1,0
"Nov 7, 12:00 am",0,0,1,0.0512928,1,0
"Nov 7, 01:00 am",0,0,1,0.0511587,1,0
"Nov 7, 02:00 am",0,0,1,0.0511208,1,0
"Nov 7, 03:00 am",0,0,1,0.0510829,1,0
"Nov 7, 04:00 am",0,0,1,0.0511237,1,0
"Nov 7, 05:00 am",0,0,1,0.0511616,1,0
"Nov 7, 06:00 am",0,0,1,0.051214,1,0
"Nov 7, 07:00 am",133.951,0,1,0.0512998,1,7.1
"Nov 7, 08:00 am",0,0,1,0.0512738,1,8.3
"Nov 7, 09:00 am",0,0,1,0.0512942,1,8.9
"Nov 7, 10:00 am",0,0,1,0.0512187,1,9.2
"Nov 7, 11:00 am",0,0,1,0.0511272,1,9.4
"Nov 7, 12:00 pm",0,0,1,0.0510517,1,9.5
"Nov 7, 01:00 pm",0,0,1,0.0510242,1,9.5
"Nov 7, 02:00 pm",0,0,1,0.0508527,1,9.4
"Nov 7, 03:00 pm",0,0,1,0.0510332,1,9.2
"Nov 7, 04:00 pm",0,0,1,0.0510538,1,8.9
"Nov 7, 05:00 pm",0,0,1,0.0511543,1,8.3
"Nov 7, 06:00 pm",0,0,1,0.0514627,1,7
"Nov 7, 07:00 pm",0,0,1,0.0515151,1,254.2
"Nov 7, 08:00 pm",0,0,1,0.0516955,1,0
"Nov 7, 09:00 pm",0,0,1,0.0517638,1,0
"Nov 7, 10:00 pm",0,0,1,0.0518321,1,0
"Nov 7, 11:00 pm",0,0,1,0.0518684,1,0
"Nov 8, 12:00 am",0,0,1,0.0518087,1,0
"Nov 8, 01:00 am",0,0,1,0.051813,1,0
"Nov 8, 02:00 am",0,0,1,0.0518334,1,0
"Nov 8, 03:00 am",0,0,1,0.0519017,1,0
"Nov 8, 04:00 am",0,0,1,0.051858,1,0
"Nov 8, 05:00 am",0,0,1,0.0519263,1,0
"Nov 8, 06:00 am",0,0,1,0.0521545,1,0
"Nov 8, 07:00 am",0,0,1,0.0519508,1,7.4
"Nov 8, 08:00 am",0,0,1,0.0516351,1,8.7
"Nov 8, 09:00 am",0,0,1,0.0513675,1,9.2
"Nov 8, 10:00 am",0,0,1,0.051132,1,9.6
"Nov 8, 11:00 am",0,0,1,0.0509445,1,9.8
"Nov 8, 12:00 pm",0,0,1,0.0507411,1,60.6
"Nov 8, 01:00 pm",0,0,1,0.0505698,1,9.9
"Nov 8, 02:00 pm",0,0,1,0.0505104,1,49.9
"Nov 8, 03:00 pm",0,0,1,0.0504671,1,16.1
"Nov 8, 04:00 pm",1433.25,3.2448,1,0.0505545,1,931.2
"Nov 8, 05:00 pm",2866.59,4.28074,1,0.0506074,1,872
"Nov 8, 06:00 pm",2831.29,0.398774,1,0.050796,1,725.9
"Nov 8, 07:00 pm",216.906,0.225944,1,0.0510775,1,276
"Nov 8, 08:00 pm",0,0,1,0.0513442,1,0
"Nov 8, 09:00 pm",0,0,1,0.0514963,1,0
"Nov 8, 10:00 pm",0,0,1,0.0517085,1,0
"Nov 8, 11:00 pm",0,0,1,0.0518088,1,0
"Nov 9, 12:00 am",0,0,1,0.051941,1,0
"Nov 9, 01:00 am",0,0,1,0.0519932,1,0
"Nov 9, 02:00 am",0,0,1,0.0520294,1,0
"Nov 9, 03:00 am",0,0,1,0.0521615,1,0
"Nov 9, 04:00 am",0,0,1,0.0522296,1,0
"Nov 9, 05:00 am",0,0,1,0.0522338,1,0
"Nov 9, 06:00 am",0,0,1,0.0522539,1,0
"Nov 9, 07:00 am",595.592,1.03186,1,0.0519586,1,788.9
"Nov 9, 08:00 am",2866.59,7.01161,1,0.0516442,1,906.4
"Nov 9, 09:00 am",2866.59,7.30632,1,0.0513338,1,961.9
"Nov 9, 10:00 am",2839.8,7.13133,0.960529,0.0510371,0.960529,992.6
"Nov 9, 11:00 am",2867.23,2.9867,0.419598,0.0507335,0.419598,1009.6
"Nov 9, 12:00 pm",2867.03,2.98649,0.419907,0.0504472,0.419907,1015.1
"Nov 9, 01:00 pm",2867.04,2.98651,0.433478,0.050225,0.433478,1013.3
"Nov 9, 02:00 pm",2867.03,2.98649,0.429403,0.0501468,0.429403,1004.1
"Nov 9, 03:00 pm",2867.02,2.98648,0.423969,0.0501006,0.423969,985.1
"Nov 9, 04:00 pm",2867.03,2.98649,0.428675,0.0500704,0.428675,952
"Nov 9, 05:00 pm",2867.03,2.98649,0.688602,0.0501202,0.688602,892
"Nov 9, 06:00 pm",2866.56,0.398656,1,0.0503986,1,759.7
"Nov 9, 07:00 pm",2775.26,0.229154,1,0.0508277,1,325.9
"Nov 9, 08:00 pm",2866.62,0,1,0.0513539,1,0
"Nov 9, 09:00 pm",2866.66,0,1,0.0514787,1,0
"Nov 9, 10:00 pm",0,0,1,0.0518743,1,0
"Nov 9, 11:00 pm",0,0,1,0.0519793,1,0
"Nov 10, 12:00 am",0,0,1,0.0520043,1,0
"Nov 10, 01:00 am",0,0,1,0.0521091,1,0
"Nov 10, 02:00 am",0,0,1,0.0521338,1,0
"Nov 10, 03:00 am",0,0,1,0.0521265,1,0
"Nov 10, 04:00 am",0,0,1,0.0521863,1,0
"Nov 10, 05:00 am",0,0,1,0.0522598,1,0
"Nov 10, 06:00 am",0,0,1,0.0523438,1,0
"Nov 10, 07:00 am",0,1.10302,1,0.0520616,1,805.6
"Nov 10, 08:00 am",0,7.11239,1,0.0517946,1,919.1
"Nov 10, 09:00 am",0,4.2683,0.588594,0.0513455,0.588594,971
"Nov 10, 10:00 am",0,0,1,0.0508972,1,998.6
"Nov 10, 11:00 am",0,0,1,0.0505204,1,1013.4
"Nov 10, 12:00 pm",0,0,1,0.0502239,1,1010.9
"Nov 10, 01:00 pm",0,0,1,0.0500397,1,1002.8
"Nov 10, 02:00 pm",0,0,1,0.0499198,1,987.8
"Nov 10, 03:00 pm",0,0,1,0.0498479,1,966.1
"Nov 10, 04:00 pm",0,0,1,0.049856,1,930
"Nov 10, 05:00 pm",0,0,1,0.0499601,1,867.1
"Nov 10, 06:00 pm",0,0,1,0.0500811,1,746.9
"Nov 10, 07:00 pm",0,0,1,0.0503513,1,335.3
"Nov 10, 08:00 pm",0,0,1,0.050689,1,0
"Nov 10, 09:00 pm",0,0,1,0.0509147,1,0
"Nov 10, 10:00 pm",0,0,1,0.0510603,1,0
"Nov 10, 11:00 pm",0,0,1,0.0512218,1,0
"Nov 11, 12:00 am",0,0,1,0.0514153,1,0
"Nov 11, 01:00 am",0,0,1,0.0514168,1,0
"Nov 11, 02:00 am",0,0,1,0.0514183,1,0
"Nov 11, 03:00 am",0,0,1,0.0514678,1,0
"Nov 11, 04:00 am",0,0,1,0.0515813,1,0
"Nov 11, 05:00 am",0,0,1,0.0517107,1,0
"Nov 11, 06:00 am",0,0,1,0.0518241,1,0
"Nov 11, 07:00 am",0,0,1,0.0516335,1,767
"Nov 11, 08:00 am",0,0,1,0.050947,1,881.6
"Nov 11, 09:00 am",0,0,1,0.0504047,1,936.9
"Nov 11, 10:00 am",0,0,1,0.0499585,1,967.7
"Nov 11, 11:00 am",0,0,1,0.0496084,1,984.9
"Nov 11, 12:00 pm",0,0,1,0.0494024,1,988.3
"Nov 11, 01:00 pm",0,0,1,0.0493084,1,984.3
"Nov 11, 02:00 pm",0,0,1,0.0492624,1,972.7
"Nov 11, 03:00 pm",0,0,1,0.0492804,1,952.7
"Nov 11, 04:00 pm",0,0,1,0.0493144,1,918.6
"Nov 11, 05:00 pm",0,0,1,0.0493964,1,857.2
"Nov 11, 06:00 pm",0,0,1,0.0495584,1,734.1
"Nov 11, 07:00 pm",0,0,1,0.0498163,1,328.8
"Nov 11, 08:00 pm",0,0,1,0.0501061,1,0
"Nov 11, 09:00 pm",0,0,1,0.0503959,1,0
"Nov 11, 10:00 pm",0,0,1,0.0505576,1,0
"Nov 11, 11:00 pm",0,0,1,0.0506713,1,0
"Nov 12, 12:00 am",0,0,1,0.050881,1,0
"Nov 12, 01:00 am",0,0,1,0.0508986,1,0
"Nov 12, 02:00 am",0,0,1,0.0508842,1,0
"Nov 12, 03:00 am",0,0,1,0.0508859,1,0
"Nov 12, 04:00 am",0,0,1,0.0509515,1,0
"Nov 12, 05:00 am",0,0,1,0.0511291,1,0
"Nov 12, 06:00 am",2824.63,0,1,0.0513539,1,0
"Nov 12, 07:00 am",2858.94,3.48061,1,0.051428,1,771.9
"Nov 12, 08:00 am",2867,5.93887,0.880749,0.0508273,0.880749,886.6
"Nov 12, 09:00 am",2867.15,2.98661,0.435113,0.0503894,0.435113,941.4
"Nov 12, 10:00 am",2867.04,2.98651,0.424108,0.0499647,0.424108,971.9
"Nov 12, 11:00 am",2867.05,2.98651,0.4215,0.0496365,0.4215,988.7
"Nov 12, 12:00 pm",2867.04,2.9865,0.427238,0.0494046,0.427238,992.3
"Nov 12, 01:00 pm",2867.03,2.98649,0.442022,0.0492369,0.442022,988.6
"Nov 12, 02:00 pm",2867.03,2.98649,0.438687,0.0491654,0.438687,977.2
"Nov 12, 03:00 pm",2867.03,2.98649,0.434374,0.049062,0.434374,957.6
"Nov 12, 04:00 pm",2867.03,2.98649,0.440976,0.0490575,0.440976,923.8
"Nov 12, 05:00 pm",2867.03,2.98649,0.697169,0.049156,0.697169,863.6
"Nov 12, 06:00 pm",2782.12,0.398657,1,0.049513,1,738.7
"Nov 12, 07:00 pm",2615.2,0.229165,1,0.0500081,1,338.5
"Nov 12, 08:00 pm",2820.18,0,1,0.0505088,1,0
"Nov 12, 09:00 pm",2636.01,0,1,0.0508102,1,0
"Nov 12, 10:00 pm",0,0,1,0.0509537,1,0
"Nov 12, 11:00 pm",0,0,1,0.0510062,1,0
"Nov 13, 12:00 am",0,0,1,0.0512667,1,0
"Nov 13, 01:00 am",0,0,1,0.0513831,1,0
"Nov 13, 02:00 am",0,0,1,0.0514995,1,0
"Nov 13, 03:00 am",0,0,1,0.0515359,1,0
"Nov 13, 04:00 am",0,0,1,0.0514763,1,0
"Nov 13, 05:00 am",0,0,1,0.0515127,1,0
"Nov 13, 06:00 am",0,0,1,0.051613,1,0
"Nov 13, 07:00 am",477.685,1.05532,1,0.0514117,1,781.1
"Nov 13, 08:00 am",2866.59,6.89531,1,0.0512385,1,893.4
"Nov 13, 09:00 am",2866.59,7.21776,1,0.0509226,1,949.1
"Nov 13, 10:00 am",2866.79,6.82877,0.929054,0.0506168,0.929054,980.4
"Nov 13, 11:00 am",2867.21,2.98668,0.419648,0.0503002,0.419648,998.1
"Nov 13, 12:00 pm",2867.02,2.98648,0.42311,0.050084,0.42311,1001.3
"Nov 13, 01:00 pm",2867.03,2.98649,0.437417,0.0499639,0.437417,997.4
"Nov 13, 02:00 pm",2867.03,2.98649,0.434061,0.0498439,0.434061,986.1
"Nov 13, 03:00 pm",2867.02,2.98648,0.430457,0.0498361,0.430457,965.6
"Nov 13, 04:00 pm",2867.02,2.98648,0.437375,0.0498282,0.437375,931.3
"Nov 13, 05:00 pm",2867.03,2.98649,0.687194,0.0499163,0.687194,870.8
"Nov 13, 06:00 pm",2866.56,0.398563,1,0.0502056,1,746
"Nov 13, 07:00 pm",2777.47,0.228811,1,0.0506162,1,353.3
"Nov 13, 08:00 pm",2866.62,0,1,0.0510207,1,0
"Nov 13, 09:00 pm",2866.66,0,1,0.0512518,1,0
"Nov 13, 10:00 pm",0,0,1,0.0513737,1,0
"Nov 13, 11:00 pm",0,0,1,0.0514316,1,0
"Nov 14, 12:00 am",0,0,1,0.0515853,1,0
"Nov 14, 01:00 am",0,0,1,0.0515469,1,0
"Nov 14, 02:00 am",0,0,1,0.0514925,1,0
"Nov 14, 03:00 am",0,0,1,0.0513742,1,0
"Nov 14, 04:00 am",0,0,1,0.0513806,1,0
"Nov 14, 05:00 am",0,0,1,0.0514483,1,0
"Nov 14, 06:00 am",0,0,1,0.0515645,1,0
"Nov 14, 07:00 am",617.629,1.04211,1,0.051397,1,775.9
"Nov 14, 08:00 am",2866.59,6.86822,1,0.0512688,1,890.2
"Nov 14, 09:00 am",2866.59,7.20019,1,0.0510347,1,946.4
"Nov 14, 10:00 am",2866.8,6.85738,0.934062,0.0507619,0.934062,978.1
"Nov 14, 11:00 am",2867.2,2.98666,0.419951,0.0504616,0.419951,996.4
"Nov 14, 12:00 pm",2867.01,2.98647,0.422625,0.0502291,0.422625,1001
"Nov 14, 01:00 pm",2867.03,2.98649,0.436294,0.0500609,0.436294,998.2
"Nov 14, 02:00 pm",2867.03,2.98649,0.432499,0.0499248,0.432499,987.8
"Nov 14, 03:00 pm",2867.03,2.98649,0.428669,0.0498529,0.428669,968.3
"Nov 14, 04:00 pm",2867.02,2.98648,0.435563,0.049893,0.435563,934.8
"Nov 14, 05:00 pm",2867.03,2.98649,0.678961,0.049933,0.678961,875.6
"Nov 14, 06:00 pm",2866.56,0.39858,1,0.0502342,1,753.7
"Nov 14, 07:00 pm",2776.97,0.228869,1,0.050656,1,371.3
"Nov 14, 08:00 pm",2866.62,0,1,0.051058,1,0
"Nov 14, 09:00 pm",2866.66,0,1,0.0513036,1,0
"Nov 14, 10:00 pm",0,0,1,0.0514409,1,0
"Nov 14, 11:00 pm",0,0,1,0.0516265,1,0
"Nov 15, 12:00 am",0,0,1,0.0517,1,0
"Nov 15, 01:00 am",0,0,1,0.0516294,1,0
"Nov 15, 02:00 am",0,0,1,0.0516549,1,0
"Nov 15, 03:00 am",0,0,1,0.0516004,1,0
"Nov 15, 04:00 am",0,0,1,0.0515759,1,0
"Nov 15, 05:00 am",0,0,1,0.0517248,1,0
"Nov 15, 06:00 am",0,0,1,0.051841,1,0
"Nov 15, 07:00 am",615.926,1.09007,1,0.0516434,1,788.6
"Nov 15, 08:00 am",2866.59,6.94681,1,0.0515312,1,900.5
"Nov 15, 09:00 am",2866.59,7.26996,1,0.051146,1,955.3
"Nov 15, 10:00 am",2866.67,6.66613,0.901332,0.0507405,0.901332,985.7
"Nov 15, 11:00 am",2867.23,2.9867,0.416562,0.0504064,0.416562,1002.8
"Nov 15, 12:00 pm",2867.04,2.9865,0.419345,0.050094,0.419345,1006.2
"Nov 15, 01:00 pm",2867.03,2.98649,0.433707,0.049942,0.433707,1002.5
"Nov 15, 02:00 pm",2867.02,2.98648,0.43041,0.049902,0.43041,991.3
"Nov 15, 03:00 pm",2867.02,2.98648,0.427621,0.0498941,0.427621,970
"Nov 15, 04:00 pm",2867.03,2.98649,0.435327,0.0499341,0.435327,934.7
"Nov 15, 05:00 pm",2866.56,0.404455,1,0.0501285,1,8.7
"Nov 15, 06:00 pm",2795.47,0.240374,1,0.0504266,1,7.5
"Nov 15, 07:00 pm",2866.62,0,1,0.0507428,1,383.4
"Nov 15, 08:00 pm",2866.67,0,1,0.0510969,1,0
"Nov 15, 09:00 pm",173.779,0,1,0.0512503,1,0
"Nov 15, 10:00 pm",0,0,1,0.0513557,1,0
"Nov 15, 11:00 pm",0,0,1,0.0513631,1,0
"Nov 16, 12:00 am",0,0,1,0.0514505,1,0
"Nov 16, 01:00 am",0,0,1,0.0515057,1,0
"Nov 16, 02:00 am",0,0,1,0.0514009,1,0
"Nov 16, 03:00 am",0,0,1,0.0513396,1,0
"Nov 16, 04:00 am",0,0,1,0.0513088,1,0
"Nov 16, 05:00 am",0,0,1,0.0513932,1,0
"Nov 16, 06:00 am",0,0,1,0.0514936,1,0
"Nov 16, 07:00 am",477.685,1.01567,1,0.0514505,1,776.4
"Nov 16, 08:00 am",2866.59,6.8461,1,0.0515352,1,888.6
"Nov 16, 09:00 am",2866.59,7.17311,1,0.051193,1,942.5
"Nov 16, 10:00 am",2866.83,6.91746,0.945969,0.0507628,0.945969,972.7
"Nov 16, 11:00 am",2867.2,2.98666,0.42184,0.0503994,0.42184,989.5
"Nov 16, 12:00 pm",2867.04,2.9865,0.423973,0.050103,0.423973,993.8
"Nov 16, 01:00 pm",2867.04,2.9865,0.437798,0.049935,0.437798,990.8
"Nov 16, 02:00 pm",2867.04,2.9865,0.434385,0.049863,0.434385,980.2
"Nov 16, 03:00 pm",2867.03,2.98649,0.431786,0.0497912,0.431786,959.4
"Nov 16, 04:00 pm",2867.02,2.98648,0.440002,0.0497993,0.440002,924.8
"Nov 16, 05:00 pm",2867.03,2.98649,0.679219,0.0498555,0.679219,864.3
"Nov 16, 06:00 pm",2866.56,0.398584,1,0.0501074,1,747.5
"Nov 16, 07:00 pm",2775.58,0.228786,1,0.0505597,1,385.5
"Nov 16, 08:00 pm",2866.62,0,1,0.0509609,1,0
"Nov 16, 09:00 pm",2866.66,0,1,0.051174,1,0
"Nov 16, 10:00 pm",0,0,1,0.0512952,1,0
"Nov 16, 11:00 pm",0,0,1,0.051369,1,0
"Nov 17, 12:00 am",0,0,1,0.0514747,1,0
"Nov 17, 01:00 am",0,0,1,0.0514364,1,0
"Nov 17, 02:00 am",0,0,1,0.0513501,1,0
"Nov 17, 03:00 am",0,0,1,0.0512159,1,0
"Nov 17, 04:00 am",0,0,1,0.051113,1,0
"Nov 17, 05:00 am",0,0,1,0.0510713,1,0
"Nov 17, 06:00 am",0,0,1,0.0510917,1,0
"Nov 17, 07:00 am",0,1.05006,1,0.0511439,1,766.9
"Nov 17, 08:00 am",0,6.77264,1,0.0514258,1,878.5
"Nov 17, 09:00 am",0,4.61348,0.657879,0.0512581,0.657879,933.5
"Nov 17, 10:00 am",0,0,1,0.0509085,1,964.7
"Nov 17, 11:00 am",0,0,1,0.0505316,1,982.2
"Nov 17, 12:00 pm",0,0,1,0.0502191,1,987.7
"Nov 17, 01:00 pm",0,0,1,0.050035,1,63.2
"Nov 17, 02:00 pm",0,0,1,0.049931,1,55.6
"Nov 17, 03:00 pm",0,0,1,0.0498751,1,23.1
"Nov 17, 04:00 pm",0,0,1,0.0498832,1,9.2
"Nov 17, 05:00 pm",0,0,1,0.0499073,1,8.6
"Nov 17, 06:00 pm",0,0,1,0.0499953,1,7.4
"Nov 17, 07:00 pm",0,0,1,0.0502174,1,382.6
"Nov 17, 08:00 pm",0,0,1,0.050543,1,0
"Nov 17, 09:00 pm",0,0,1,0.0507847,1,0
"Nov 17, 10:00 pm",0,0,1,0.0509623,1,0
"Nov 17, 11:00 pm",0,0,1,0.0510919,1,0
"Nov 18, 12:00 am",0,0,1,0.0511894,1,0
"Nov 18, 01:00 am",0,0,1,0.051303,1,0
"Nov 18, 02:00 am",0,0,1,0.0512885,1,0
"Nov 18, 03:00 am",0,0,1,0.051354,1,0
"Nov 18, 04:00 am",0,0,1,0.0514195,1,0
"Nov 18, 05:00 am",0,0,1,0.051533,1,0
"Nov 18, 06:00 am",0,0,1,0.0515024,1,0
"Nov 18, 07:00 am",0,0,1,0.0514559,1,764.3
"Nov 18, 08:00 am",0,0,1,0.0512014,1,874.5
"Nov 18, 09:00 am",0,0,1,0.0504031,1,928.7
"Nov 18, 10:00 am",0,0,1,0.0499889,1,958.8
"Nov 18, 11:00 am",0,0,1,0.0497667,1,975.5
"Nov 18, 12:00 pm",0,0,1,0.0497206,1,981.3
"Nov 18, 01:00 pm",0,0,1,0.0496746,1,979.4
"Nov 18, 02:00 pm",0,0,1,0.0496605,1,969.8
"Nov 18, 03:00 pm",0,0,1,0.0497744,1,950.1
"Nov 18, 04:00 pm",0,0,1,0.0494563,1,916.5
"Nov 18, 05:00 pm",0,0,1,0.0496023,1,857.7
"Nov 18, 06:00 pm",0,0,1,0.0500522,1,741.6
"Nov 18, 07:00 pm",0,0,1,0.05023,1,394.4
"Nov 18, 08:00 pm",0,0,1,0.0505837,1,0
"Nov 18, 09:00 pm",0,0,1,0.0507614,1,0
"Nov 18, 10:00 pm",0,0,1,0.050939,1,0
"Nov 18, 11:00 pm",0,0,1,0.0510846,1,0
"Nov 19, 12:00 am",0,0,1,0.0511822,1,0
"Nov 19, 01:00 am",0,0,1,0.0512957,1,0
"Nov 19, 02:00 am",0,0,1,0.0512492,1,0
"Nov 19, 03:00 am",0,0,1,0.0511708,1,0
"Nov 19, 04:00 am",0,0,1,0.0511724,1,0
"Nov 19, 05:00 am",0,0,1,0.0511899,1,0
"Nov 19, 06:00 am",2823.51,0,1,0.0513671,1,453.7
"Nov 19, 07:00 am",2858.86,3.53599,1,0.0515562,1,769.6
"Nov 19, 08:00 am",2866.93,5.88175,0.881181,0.0515304,0.881181,880.5
"Nov 19, 09:00 am",2867.15,2.98662,0.437037,0.0513784,0.437037,935.3
"Nov 19, 10:00 am",2842.11,0.425177,1,0.0509566,1,27
"Nov 19, 11:00 am",2711.4,0.297579,1,0.0505362,1,16.7
"Nov 19, 12:00 pm",2608.54,0.202425,1,0.0503036,1,46.5
"Nov 19, 01:00 pm",2558.11,0.163404,1,0.0501813,1,32.3
"Nov 19, 02:00 pm",657.377,0,1,0.0502345,1,9.8
"Nov 19, 03:00 pm",0,0,1,0.0502408,1,9.5
"Nov 19, 04:00 pm",0,0,1,0.0502775,1,9.2
"Nov 19, 05:00 pm",0,0,1,0.0504902,1,8.6
"Nov 19, 06:00 pm",0,0,1,0.0507188,1,7.5
"Nov 19, 07:00 pm",0,0,1,0.0509473,1,404.7
"Nov 19, 08:00 pm",0,0,1,0.0511918,1,0
"Nov 19, 09:00 pm",0,0,1,0.0512123,1,0
"Nov 19, 10:00 pm",0,0,1,0.0514087,1,0
"Nov 19, 11:00 pm",0,0,1,0.0514611,1,0
"Nov 20, 12:00 am",0,0,1,0.0515135,1,0
"Nov 20, 01:00 am",0,0,1,0.0515979,1,0
"Nov 20, 02:00 am",0,0,1,0.0517302,1,0
"Nov 20, 03:00 am",0,0,1,0.0517985,1,0
"Nov 20, 04:00 am",0,0,1,0.0518028,1,0
"Nov 20, 05:00 am",0,0,1,0.0517912,1,0
"Nov 20, 06:00 am",0,0,1,0.0518115,1,4.5
"Nov 20, 07:00 am",0,0,1,0.0517998,1,7.5
"Nov 20, 08:00 am",0,0,1,0.0515321,1,8.6
"Nov 20, 09:00 am",955.49,4.04302,1,0.0509132,1,918.1
"Nov 20, 10:00 am",2866.59,7.19404,1,0.0510762,1,951
"Nov 20, 11:00 am",2866.54,7.25901,1,0.050776,1,970.4
"Nov 20, 12:00 pm",2866.54,4.3007,0.608951,0.0505625,0.608951,976.4
"Nov 20, 01:00 pm",2867.2,2.98667,0.444606,0.0504622,0.444606,974.5
"Nov 20, 02:00 pm",2867.02,2.98648,0.439049,0.0503738,0.439049,965.2
"Nov 20, 03:00 pm",2867.02,2.98648,0.436141,0.0502854,0.436141,946.8
"Nov 20, 04:00 pm",2867.02,2.98648,0.444197,0.0503411,0.444197,915.1
"Nov 20, 05:00 pm",2867.02,2.98648,0.667654,0.0503487,0.667654,858.2
"Nov 20, 06:00 pm",2866.56,0.398521,1,0.0506152,1,745.5
"Nov 20, 07:00 pm",2827.06,0.228572,1,0.0510686,1,413.6
"Nov 20, 08:00 pm",2866.63,0,1,0.0514388,1,0
"Nov 20, 09:00 pm",2866.69,0,1,0.0516844,1,0
"Nov 20, 10:00 pm",0,0,1,0.0517753,1,0
"Nov 20, 11:00 pm",0,0,1,0.0518031,1,0
"Nov 21, 12:00 am",0,0,1,0.0519268,1,0
"Nov 21, 01:00 am",0,0,1,0.0520504,1,0
"Nov 21, 02:00 am",0,0,1,0.0521097,1,0
"Nov 21, 03:00 am",0,0,1,0.0520891,1,0
"Nov 21, 04:00 am",0,0,1,0.0520205,1,0
"Nov 21, 05:00 am",0,0,1,0.0519519,1,0
"Nov 21, 06:00 am",290.636,0,1,0.0519821,1,466.1
"Nov 21, 07:00 am",477.685,1.06691,1,0.0517763,1,773.1
"Nov 21, 08:00 am",2866.59,6.7718,1,0.0514237,1,880.1
"Nov 21, 09:00 am",2866.59,7.11194,1,0.0511534,1,933.1
"Nov 21, 10:00 am",2866.86,7.01978,0.967145,0.0508488,0.967145,962.1
"Nov 21, 11:00 am",2867.16,2.98663,0.425515,0.0505808,0.425515,978
"Nov 21, 12:00 pm",2867.02,2.98648,0.425763,0.0504281,0.425763,984.2
"Nov 21, 01:00 pm",2867.03,2.98649,0.438567,0.0502916,0.438567,982.7
"Nov 21, 02:00 pm",2867.03,2.98649,0.434542,0.0501873,0.434542,973.4
"Nov 21, 03:00 pm",2867.02,2.98648,0.432816,0.050163,0.432816,953.3
"Nov 21, 04:00 pm",2866.56,0.40764,1,0.0502677,1,9.2
"Nov 21, 05:00 pm",2811.67,0.252415,1,0.050555,1,8.6
"Nov 21, 06:00 pm",2657.16,0.108531,1,0.0508301,1,748.3
"Nov 21, 07:00 pm",2866.66,0,1,0.0511487,1,422.3
"Nov 21, 08:00 pm",488.111,0,1,0.0513712,1,0
"Nov 21, 09:00 pm",0,0,1,0.0514795,1,0
"Nov 21, 10:00 pm",0,0,1,0.0515348,1,0
"Nov 21, 11:00 pm",0,0,1,0.0516059,1,0
"Nov 22, 12:00 am",0,0,1,0.051629,1,0
"Nov 22, 01:00 am",0,0,1,0.0515401,1,0
"Nov 22, 02:00 am",0,0,1,0.0515023,1,0
"Nov 22, 03:00 am",0,0,1,0.0514952,1,0
"Nov 22, 04:00 am",0,0,1,0.0515156,1,0
"Nov 22, 05:00 am",0,0,1,0.051552,1,0
"Nov 22, 06:00 am",0,0,1,0.0515243,1,458.8
"Nov 22, 07:00 am",477.725,1.71254,1,0.0515345,1,765
"Nov 22, 08:00 am",2866.59,6.60184,1,0.0515535,1,874.2
"Nov 22, 09:00 am",2866.59,7.07091,1,0.0511839,1,928
"Nov 22, 10:00 am",2866.7,6.59132,0.913052,0.0508226,0.913052,958.3
"Nov 22, 11:00 am",2867.25,2.98671,0.425969,0.0504877,0.425969,975.1
"Nov 22, 12:00 pm",2867.03,2.98649,0.426159,0.0502073,0.426159,981.5
"Nov 22, 01:00 pm",2867.04,2.9865,0.438847,0.0500551,0.438847,980.3
"Nov 22, 02:00 pm",2867.03,2.98649,0.43491,0.049903,0.43491,971.2
"Nov 22, 03:00 pm",2867.03,2.98649,0.432224,0.0498631,0.432224,953.5
"Nov 22, 04:00 pm",2867.03,2.98649,0.440357,0.0498073,0.440357,922
"Nov 22, 05:00 pm",2867.04,2.9865,0.653352,0.0498314,0.653352,866.3
"Nov 22, 06:00 pm",2866.56,0.398652,1,0.050132,1,752.1
"Nov 22, 07:00 pm",2779.83,0.228978,1,0.0505531,1,430.5
"Nov 22, 08:00 pm",2866.62,0,1,0.0509869,1,0
"Nov 22, 09:00 pm",2866.66,0,1,0.0512482,1,0
"Nov 22, 10:00 pm",0,0,1,0.0513696,1,0
"Nov 22, 11:00 pm",0,0,1,0.0515236,1,0
"Nov 23, 12:00 am",0,0,1,0.0514534,1,0
"Nov 23, 01:00 am",0,0,1,0.0513833,1,0
"Nov 23, 02:00 am",0,0,1,0.0513613,1,0
"Nov 23, 03:00 am",0,0,1,0.0514671,1,0
"Nov 23, 04:00 am",0,0,1,0.0515818,1,0
"Nov 23, 05:00 am",0,0,1,0.0516458,1,0
"Nov 23, 06:00 am",146.703,0,1,0.0516837,1,460.8
"Nov 23, 07:00 am",477.685,1.05412,1,0.0515004,1,765
"Nov 23, 08:00 am",2866.59,6.7176,1,0.0512449,1,874.2
"Nov 23, 09:00 am",2866.59,7.08077,1,0.0508804,1,928.7
"Nov 23, 10:00 am",2866.86,7.11292,0.980883,0.0505297,0.980883,959.5
"Nov 23, 11:00 am",2867.17,2.98664,0.42484,0.0502308,0.42484,977.1
"Nov 23, 12:00 pm",2867.03,2.98649,0.424564,0.0499826,0.424564,984
"Nov 23, 01:00 pm",2867.04,2.9865,0.437078,0.0498307,0.437078,983.2
"Nov 23, 02:00 pm",2867.03,2.98649,0.432876,0.0497269,0.432876,974.7
"Nov 23, 03:00 pm",2867.02,2.98648,0.430211,0.0497032,0.430211,957.7
"Nov 23, 04:00 pm",2867.03,2.98649,0.438014,0.0497115,0.438014,927.1
"Nov 23, 05:00 pm",2867.03,2.98649,0.64506,0.0497677,0.64506,872.4
"Nov 23, 06:00 pm",2866.56,0.398591,1,0.0500672,1,760.4
"Nov 23, 07:00 pm",2777.99,0.228917,1,0.050487,1,445.3
"Nov 23, 08:00 pm",2866.62,0,1,0.050904,1,0
"Nov 23, 09:00 pm",2866.66,0,1,0.051149,1,0
"Nov 23, 10:00 pm",0,0,1,0.0512383,1,0
"Nov 23, 11:00 pm",0,0,1,0.0511365,1,0
"Nov 24, 12:00 am",0,0,1,0.0514025,1,0
"Nov 24, 01:00 am",0,0,1,0.0514603,1,0
"Nov 24, 02:00 am",0,0,1,0.0513581,1,0
"Nov 24, 03:00 am",0,0,1,0.051304,1,0
"Nov 24, 04:00 am",0,0,1,0.0513252,1,0
"Nov 24, 05:00 am",0,0,1,0.0514397,1,0
"Nov 24, 06:00 am",0,0,1,0.0514599,1,470.8
"Nov 24, 07:00 am",0,1.08637,1,0.0514499,1,770.5
"Nov 24, 08:00 am",0,6.74932,1,0.0516626,1,877.5
"Nov 24, 09:00 am",0,4.60611,0.657907,0.0509616,0.657907,930.5
"Nov 24, 10:00 am",0,0,1,0.0506112,1,960
"Nov 24, 11:00 am",0,0,1,0.0502667,1,976.4
"Nov 24, 12:00 pm",0,0,1,0.0499706,1,983.7
"Nov 24, 01:00 pm",0,0,1,0.0498827,1,983.1
"Nov 24, 02:00 pm",0,0,1,0.0497469,1,974.9
"Nov 24, 03:00 pm",0,0,1,0.0496752,1,958.6
"Nov 24, 04:00 pm",0,0,1,0.0497316,1,929
"Nov 24, 05:00 pm",0,0,1,0.0497878,1,876
"Nov 24, 06:00 pm",0,0,1,0.049892,1,766.3
"Nov 24, 07:00 pm",0,0,1,0.0501134,1,459.7
"Nov 24, 08:00 pm",0,0,1,0.0504218,1,0
"Nov 24, 09:00 pm",0,0,1,0.0506475,1,0
"Nov 24, 10:00 pm",0,0,1,0.0507932,1,0
"Nov 24, 11:00 pm",0,0,1,0.0509068,1,0
"Nov 25, 12:00 am",0,0,1,0.0510844,1,0
"Nov 25, 01:00 am",0,0,1,0.05115,1,0
"Nov 25, 02:00 am",0,0,1,0.0512635,1,0
"Nov 25, 03:00 am",0,0,1,0.051265,1,0
"Nov 25, 04:00 am",0,0,1,0.0511386,1,0
"Nov 25, 05:00 am",0,0,1,0.0511241,1,0
"Nov 25, 06:00 am",0,0,1,0.0511737,1,487.3
"Nov 25, 07:00 am",0,0,1,0.0510633,1,787.2
"Nov 25, 08:00 am",0,0,1,0.0507769,1,894.5
"Nov 25, 09:00 am",0,0,1,0.0503946,1,947.2
"Nov 25, 10:00 am",0,0,1,0.0499644,1,977.1
"Nov 25, 11:00 am",0,0,1,0.0496783,1,993.8
"Nov 25, 12:00 pm",0,0,1,0.0494722,1,998.7
"Nov 25, 01:00 pm",0,0,1,0.0493622,1,996
"Nov 25, 02:00 pm",0,0,1,0.0493322,1,986
"Nov 25, 03:00 pm",0,0,1,0.0493342,1,966.8
"Nov 25, 04:00 pm",0,0,1,0.0494002,1,934.3
"Nov 25, 05:00 pm",0,0,1,0.0494662,1,878.8
"Nov 25, 06:00 pm",0,0,1,0.0496281,1,770.5
"Nov 25, 07:00 pm",0,0,1,0.049902,1,469.7
"Nov 25, 08:00 pm",0,0,1,0.0502238,1,0
"Nov 25, 09:00 pm",0,0,1,0.0504656,1,0
"Nov 25, 10:00 pm",0,0,1,0.0506113,1,0
"Nov 25, 11:00 pm",0,0,1,0.050709,1,0
"Nov 26, 12:00 am",0,0,1,0.0508386,1,0
"Nov 26, 01:00 am",0,0,1,0.0509682,1,0
"Nov 26, 02:00 am",0,0,1,0.0510658,1,0
"Nov 26, 03:00 am",0,0,1,0.0509234,1,0
"Nov 26, 04:00 am",0,0,1,0.0508611,1,0
"Nov 26, 05:00 am",0,0,1,0.0507667,1,0
"Nov 26, 06:00 am",2615,0.150901,1,0.0509292,1,489.4
"Nov 26, 07:00 am",2859.3,3.66948,1,0.0510441,1,786.9
"Nov 26, 08:00 am",2868.26,5.33262,0.792318,0.0509741,0.792318,894.7
"Nov 26, 09:00 am",2867.33,2.9868,0.429978,0.0503953,0.429978,947.3
"Nov 26, 10:00 am",2867.04,2.9865,0.418396,0.0499866,0.418396,976.9
"Nov 26, 11:00 am",2867.06,2.98652,0.414532,0.0496743,0.414532,993.3
"Nov 26, 12:00 pm",2867.04,2.9865,0.417244,0.0494103,0.417244,998
"Nov 26, 01:00 pm",2867.03,2.98649,0.430347,0.0492586,0.430347,995.6
"Nov 26, 02:00 pm",2867.03,2.98649,0.426816,0.0491711,0.426816,985.7
"Nov 26, 03:00 pm",2867.02,2.98648,0.425092,0.0491751,0.425092,967.7
"Nov 26, 04:00 pm",2867.03,2.98649,0.433418,0.0492031,0.433418,936.5
"Nov 26, 05:00 pm",2867.03,2.98649,0.627244,0.0492954,0.627244,882.2
"Nov 26, 06:00 pm",2782.03,0.398567,1,0.049641,1,773.5
"Nov 26, 07:00 pm",2614.84,0.228803,1,0.050072,1,475.6
"Nov 26, 08:00 pm",2820.18,0,1,0.0504927,1,0
"Nov 26, 09:00 pm",2636.01,0,1,0.0506822,1,0
"Nov 26, 10:00 pm",0,0,1,0.0509377,1,0
"Nov 26, 11:00 pm",0,0,1,0.0510702,1,0
"Nov 27, 12:00 am",0,0,1,0.0511867,1,0
"Nov 27, 01:00 am",0,0,1,0.0513191,1,0
"Nov 27, 02:00 am",0,0,1,0.0514355,1,0
"Nov 27, 03:00 am",0,0,1,0.0513759,1,0
"Nov 27, 04:00 am",0,0,1,0.0513164,1,0
"Nov 27, 05:00 am",0,0,1,0.0513368,1,0
"Nov 27, 06:00 am",0,0,1,0.0513732,1,490.4
"Nov 27, 07:00 am",477.685,1.11663,1,0.0513668,1,784.6
"Nov 27, 08:00 am",2866.59,6.83204,1,0.0515476,1,890.2
"Nov 27, 09:00 am",2866.59,7.19668,1,0.0510784,1,943.1
"Nov 27, 10:00 am",2866.8,6.86786,0.933974,0.0508174,0.933974,972.9
"Nov 27, 11:00 am",2867.19,2.98665,0.419043,0.0505796,0.419043,989.7
"Nov 27, 12:00 pm",2867.02,2.98648,0.418385,0.0502991,0.418385,995.4
"Nov 27, 01:00 pm",2867.02,2.98648,0.43091,0.0501308,0.43091,993.7
"Nov 27, 02:00 pm",2867.02,2.98647,0.42717,0.0500746,0.42717,984.5
"Nov 27, 03:00 pm",2867.01,2.98647,0.425402,0.0500824,0.425402,966.7
"Nov 27, 04:00 pm",2867.02,2.98648,0.433811,0.0500583,0.433811,935.8
"Nov 27, 05:00 pm",2867.02,2.98648,0.624352,0.0501781,0.624352,881.7
"Nov 27, 06:00 pm",2866.56,0.398541,1,0.0504513,1,778
"Nov 27, 07:00 pm",2779.92,0.228791,1,0.0508621,1,491
"Nov 27, 08:00 pm",2866.62,0,1,0.0512507,1,0
"Nov 27, 09:00 pm",2866.66,0,1,0.0514818,1,0
"Nov 27, 10:00 pm",0,0,1,0.0515237,1,0
"Nov 27, 11:00 pm",0,0,1,0.0515175,1,0
"Nov 28, 12:00 am",0,0,1,0.0514314,1,0
"Nov 28, 01:00 am",0,0,1,0.0516332,1,0
"Nov 28, 02:00 am",0,0,1,0.0516908,1,0
"Nov 28, 03:00 am",0,0,1,0.0517323,1,0
"Nov 28, 04:00 am",0,0,1,0.051591,1,0
"Nov 28, 05:00 am",0,0,1,0.0514792,1,0
"Nov 28, 06:00 am",147.359,0,1,0.0514053,1,501.3
"Nov 28, 07:00 am",477.685,1.14678,1,0.051322,1,794.5
"Nov 28, 08:00 am",2866.59,6.90402,1,0.0515455,1,899.9
"Nov 28, 09:00 am",2866.59,7.26835,1,0.0514878,1,952.1
"Nov 28, 10:00 am",2866.67,6.67579,0.900597,0.0511589,0.900597,981.4
"Nov 28, 11:00 am",2867.23,2.98669,0.41499,0.0507434,0.41499,997.5
"Nov 28, 12:00 pm",2867.04,2.9865,0.414945,0.0504627,0.414945,1002
"Nov 28, 01:00 pm",2867.03,2.98649,0.427872,0.0502942,0.427872,999.4
"Nov 28, 02:00 pm",2867.02,2.98648,0.424673,0.0501578,0.424673,989.1
"Nov 28, 03:00 pm",2867.02,2.98648,0.42302,0.0500696,0.42302,971.3
"Nov 28, 04:00 pm",2867.02,2.98648,0.431708,0.0500615,0.431708,940.2
"Nov 28, 05:00 pm",2867.02,2.98648,0.617445,0.0500534,0.617445,886.5
"Nov 28, 06:00 pm",2866.56,0.398517,1,0.050339,1,782.1
"Nov 28, 07:00 pm",2780.84,0.228603,1,0.0507936,1,498.2
"Nov 28, 08:00 pm",2866.62,0,1,0.0512281,1,0
"Nov 28, 09:00 pm",2866.66,0,1,0.0514739,1,0
"Nov 28, 10:00 pm",0,0,1,0.0515793,1,0
"Nov 28, 11:00 pm",0,0,1,0.051637,1,0
"Nov 29, 12:00 am",0,0,1,0.0517747,1,0
"Nov 29, 01:00 am",0,0,1,0.0518162,1,0
"Nov 29, 02:00 am",0,0,1,0.0515378,1,0
"Nov 29, 03:00 am",0,0,1,0.0514037,1,0
"Nov 29, 04:00 am",0,0,1,0.051325,1,0
"Nov 29, 05:00 am",0,0,1,0.0512916,1,0
"Nov 29, 06:00 am",150.715,0,1,0.0512497,1,507.1
"Nov 29, 07:00 am",477.685,1.16723,1,0.0512154,1,801.9
"Nov 29, 08:00 am",2866.59,6.97284,1,0.051462,1,909
"Nov 29, 09:00 am",2866.59,7.33151,1,0.0513855,1,959.9
"Nov 29, 10:00 am",2866.68,6.52077,0.873676,0.0509421,0.873676,987.9
"Nov 29, 11:00 am",2867.25,2.98672,0.412287,0.0506057,0.412287,1003
"Nov 29, 12:00 pm",2867.02,2.98648,0.413129,0.0503411,0.413129,1006.2
"Nov 29, 01:00 pm",2867.02,2.98648,0.426254,0.0502208,0.426254,1002.5
"Nov 29, 02:00 pm",2867.02,2.98648,0.423224,0.0501645,0.423224,991.6
"Nov 29, 03:00 pm",2866.56,0.419034,1,0.0502914,1,20.7
"Nov 29, 04:00 pm",2846.4,0.278207,1,0.0504563,1,9.4
"Nov 29, 05:00 pm",2700.18,0.141596,1,0.0506306,1,8.9
"Nov 29, 06:00 pm",2866.66,0,1,0.0508823,1,7.9
"Nov 29, 07:00 pm",519.331,0,1,0.0510401,1,509
"Nov 29, 08:00 pm",0,0,1,0.051245,1,0
"Nov 29, 09:00 pm",0,0,1,0.0512366,1,0
"Nov 29, 10:00 pm",0,0,1,0.051468,1,0
"Nov 29, 11:00 pm",0,0,1,0.0515552,1,0
"Nov 30, 12:00 am",0,0,1,0.0514824,1,0
"Nov 30, 01:00 am",0,0,1,0.0514576,1,0
"Nov 30, 02:00 am",0,0,1,0.0514369,1,0
"Nov 30, 03:00 am",0,0,1,0.0514627,1,0
"Nov 30, 04:00 am",0,0,1,0.0514831,1,0
"Nov 30, 05:00 am",0,0,1,0.0517275,1,0
"Nov 30, 06:00 am",0,0,1,0.0518918,1,501.6
"Nov 30, 07:00 am",477.725,1.84584,1,0.0516197,1,794.5
"Nov 30, 08:00 am",2866.59,6.79041,1,0.0514587,1,901.1
"Nov 30, 09:00 am",2868.76,7.28412,1,0.0511681,1,953.6
"Nov 30, 10:00 am",2867.31,6.08488,0.820443,0.0508556,0.820443,983.1
"Nov 30, 11:00 am",2867.07,2.98653,0.413752,0.0505293,0.413752,999.4
"Nov 30, 12:00 pm",2867.04,2.9865,0.413426,0.0502328,0.413426,1003.7
"Nov 30, 01:00 pm",2867.03,2.98649,0.426392,0.0500966,0.426392,1000.9
"Nov 30, 02:00 pm",2866.56,0.431279,1,0.050118,1,34.1
"Nov 30, 03:00 pm",2869.36,0.317941,1,0.0502561,1,25.9
"Nov 30, 04:00 pm",2772.32,0.205237,1,0.0503456,1,18.2
"Nov 30, 05:00 pm",2866.66,0,1,0.0504508,1,8.9
"Nov 30, 06:00 pm",570.688,0,1,0.0505445,1,7.9
"Nov 30, 07:00 pm",0,0,1,0.0507343,1,519.3
"Nov 30, 08:00 pm",0,0,1,0.0510304,1,0
"Nov 30, 09:00 pm",0,0,1,0.0511981,1,0
"Nov 30, 10:00 pm",0,0,1,0.0512857,1,0
"Nov 30, 11:00 pm",0,0,1,0.0513412,1,0
"Dec 1, 12:00 am",0,0,1,0.0509968,1,0
"Dec 1, 01:00 am",0,0,1,0.0510125,1,0
"Dec 1, 02:00 am",0,0,1,0.0511385,1,0
"Dec 1, 03:00 am",0,0,1,0.0513669,1,0
"Dec 1, 04:00 am",0,0,1,0.0514993,1,0
"Dec 1, 05:00 am",0,0,1,0.0513437,1,0
"Dec 1, 06:00 am",0,0,1,0.0511882,1,528.1
"Dec 1, 07:00 am",0,0,1,0.0506967,1,8.1
"Dec 1, 08:00 am",0,0,1,0.0502854,1,9.2
"Dec 1, 09:00 am",0,0,1,0.0498261,1,14
"Dec 1, 10:00 am",0,0,1,0.049415,1,20.6
"Dec 1, 11:00 am",0,0,1,0.0491,1,36
"Dec 1, 12:00 pm",0,0,1,0.0488971,1,71.2
"Dec 1, 01:00 pm",0,0,1,0.0488062,1,87.4
"Dec 1, 02:00 pm",0,5.92053,1,0.0490473,1,997
"Dec 1, 03:00 pm",0,0.430571,1,0.0492496,1,11.4
"Dec 1, 04:00 pm",0,0.278277,1,0.0492954,1,9.5
"Dec 1, 05:00 pm",0,0.140062,1,0.0494321,1,9
"Dec 1, 06:00 pm",0,0,1,0.049793,1,8
"Dec 1, 07:00 pm",0,0,1,0.0501244,1,545.1
"Dec 1, 08:00 pm",0,0,1,0.0503917,1,0
"Dec 1, 09:00 pm",0,0,1,0.0505788,1,0
"Dec 1, 10:00 pm",0,0,1,0.0507338,1,0
"Dec 1, 11:00 pm",0,0,1,0.0508888,1,0
"Dec 2, 12:00 am",0,0,1,0.0510117,1,0
"Dec 2, 01:00 am",0,0,1,0.0510546,1,0
"Dec 2, 02:00 am",0,0,1,0.0510815,1,0
"Dec 2, 03:00 am",0,0,1,0.0511563,1,0
"Dec 2, 04:00 am",0,0,1,0.0512951,1,0
"Dec 2, 05:00 am",0,0,1,0.0510179,1,0
"Dec 2, 06:00 am",0,0,1,0.0507569,1,520.3
"Dec 2, 07:00 am",0,1.91195,1,0.05035,1,809.5
"Dec 2, 08:00 am",0,3.24755,0.482921,0.0501422,0.482921,914.8
"Dec 2, 09:00 am",0,0,1,0.049668,1,968.3
"Dec 2, 10:00 am",0,0,1,0.049142,1,999.1
"Dec 2, 11:00 am",0,0,1,0.0487121,1,1017
"Dec 2, 12:00 pm",0,0,1,0.0483943,1,1023.7
"Dec 2, 01:00 pm",0,0,1,0.0481566,1,1023.3
"Dec 2, 02:00 pm",0,0,1,0.0482548,1,1015.7
"Dec 2, 03:00 pm",0,0,1,0.0483691,1,999.2
"Dec 2, 04:00 pm",0,0,1,0.0484833,1,970.1
"Dec 2, 05:00 pm",0,0,1,0.0487255,1,919.4
"Dec 2, 06:00 pm",0,0,1,0.0490956,1,812.7
"Dec 2, 07:00 pm",0,0,1,0.0495136,1,542.9
"Dec 2, 08:00 pm",0,0,1,0.0497875,1,0
"Dec 2, 09:00 pm",0,0,1,0.0500294,1,0
"Dec 2, 10:00 pm",0,0,1,0.0502072,1,0
"Dec 2, 11:00 pm",0,0,1,0.0503849,1,0
"Dec 3, 12:00 am",0,0,1,0.0505307,1,0
"Dec 3, 01:00 am",0,0,1,0.0506444,1,0
"Dec 3, 02:00 am",0,0,1,0.0507261,1,0
"Dec 3, 03:00 am",0,0,1,0.0508557,1,0
"Dec 3, 04:00 am",0,0,1,0.0509693,1,0
"Dec 3, 05:00 am",0,0,1,0.050795,1,0
"Dec 3, 06:00 am",2606.01,0.14336,1,0.0507655,1,532.9
"Dec 3, 07:00 am",2859.05,3.81111,1,0.050418,1,820.3
"Dec 3, 08:00 am",2867.36,5.17186,0.747802,0.0498802,0.747802,923.2
"Dec 3, 09:00 am",2867.02,2.98648,0.419091,0.0494093,0.419091,973.1
"Dec 3, 10:00 am",2867.05,2.98651,0.407171,0.048666,0.407171,1000.9
"Dec 3, 11:00 am",2867.05,2.98651,0.403901,0.0482274,0.403901,1016
"Dec 3, 12:00 pm",2867.04,2.98651,0.405389,0.0478373,0.405389,1021
"Dec 3, 01:00 pm",2867.04,2.9865,0.417639,0.0476076,0.417639,1019.1
"Dec 3, 02:00 pm",2867.05,2.98651,0.414183,0.047698,0.414183,1009.8
"Dec 3, 03:00 pm",2867.04,2.9865,0.413912,0.0477793,0.413912,990.2
"Dec 3, 04:00 pm",2867.03,2.98649,0.42318,0.0479194,0.42318,958.2
"Dec 3, 05:00 pm",2867.03,2.98649,0.589072,0.0481594,0.589072,905
"Dec 3, 06:00 pm",2782.35,0.398893,1,0.0486973,1,811.6
"Dec 3, 07:00 pm",2615.68,0.229645,1,0.0492887,1,559
"Dec 3, 08:00 pm",2820.18,0,1,0.0497095,1,0
"Dec 3, 09:00 pm",2636.01,0,1,0.050027,1,0
"Dec 3, 10:00 pm",0,0,1,0.0502666,1,0
"Dec 3, 11:00 pm",0,0,1,0.0504313,1,0
"Dec 4, 12:00 am",0,0,1,0.0505799,1,0
"Dec 4, 01:00 am",0,0,1,0.0506805,1,0
"Dec 4, 02:00 am",0,0,1,0.0507971,1,0
"Dec 4, 03:00 am",0,0,1,0.0509297,1,0
"Dec 4, 04:00 am",0,0,1,0.0510302,1,0
"Dec 4, 05:00 am",0,0,1,0.0510667,1,0
"Dec 4, 06:00 am",0,0,1,0.0511832,1,507.4
"Dec 4, 07:00 am",1279.12,1.92538,1,0.0507557,1,797.1
"Dec 4, 08:00 am",2866.59,6.78319,1,0.0505129,1,901.5
"Dec 4, 09:00 am",2866.59,7.28009,1,0.050297,1,953.8
"Dec 4, 10:00 am",2866.7,6.59538,0.886334,0.0498506,0.886334,983.2
"Dec 4, 11:00 am",2867.24,2.98671,0.413074,0.0495127,0.413074,999.8
"Dec 4, 12:00 pm",2866.56,0.4571,1,0.0493597,1,60.3
"Dec 4, 01:00 pm",2866.56,0.40418,1,0.0493196,1,64.3
"Dec 4, 02:00 pm",2866.56,0.354388,1,0.049464,1,54.8
"Dec 4, 03:00 pm",2832.27,0.301782,1,0.0496271,1,39.3
"Dec 4, 04:00 pm",1150.68,0.221207,1,0.049771,1,9.4
"Dec 4, 05:00 pm",118.546,0.123486,1,0.0499807,1,8.8
"Dec 4, 06:00 pm",0,0,1,0.0502138,1,7.9
"Dec 4, 07:00 pm",0,0,1,0.0503986,1,544.5
"Dec 4, 08:00 pm",0,0,1,0.0505671,1,0
"Dec 4, 09:00 pm",0,0,1,0.0506555,1,0
"Dec 4, 10:00 pm",0,0,1,0.0507537,1,0
"Dec 4, 11:00 pm",0,0,1,0.050866,1,0
"Dec 5, 12:00 am",0,0,1,0.0510305,1,0
"Dec 5, 01:00 am",0,0,1,0.051147,1,0
"Dec 5, 02:00 am",0,0,1,0.0512315,1,0
"Dec 5, 03:00 am",0,0,1,0.0514919,1,0
"Dec 5, 04:00 am",0,0,1,0.0515603,1,0
"Dec 5, 05:00 am",0,0,1,0.0516606,1,0
"Dec 5, 06:00 am",0,0,1,0.051537,1,4.9
"Dec 5, 07:00 am",0,0,1,0.0510294,1,7.9
"Dec 5, 08:00 am",955.49,3.8277,1,0.0507174,1,892.9
"Dec 5, 09:00 am",2866.59,7.23227,1,0.0508298,1,945.5
"Dec 5, 10:00 am",2866.54,7.40895,1,0.0503706,1,975.3
"Dec 5, 11:00 am",2865.69,4.19572,0.573497,0.0500511,0.573497,991.9
"Dec 5, 12:00 pm",2867.31,2.98678,0.415582,0.0498085,0.415582,998
"Dec 5, 01:00 pm",2867.01,2.98647,0.426953,0.0495769,0.426953,996.7
"Dec 5, 02:00 pm",2867.02,2.98648,0.423128,0.0496335,0.423128,988.1
"Dec 5, 03:00 pm",2867.02,2.98648,0.421147,0.049658,0.421147,973.2
"Dec 5, 04:00 pm",2867.02,2.98648,0.428907,0.0497144,0.428907,946
"Dec 5, 05:00 pm",2867.02,2.98648,0.588621,0.0498986,0.588621,897.3
"Dec 5, 06:00 pm",2866.56,0.398696,1,0.0502898,1,796.6
"Dec 5, 07:00 pm",2814.64,0.229178,1,0.0507704,1,541.8
"Dec 5, 08:00 pm",2866.63,0,1,0.0510421,1,0
"Dec 5, 09:00 pm",2866.68,0,1,0.0512064,1,0
"Dec 5, 10:00 pm",0,0,1,0.0513127,1,0
"Dec 5, 11:00 pm",0,0,1,0.0513564,1,0
"Dec 6, 12:00 am",0,0,1,0.0514001,1,0
"Dec 6, 01:00 am",0,0,1,0.0514278,1,0
"Dec 6, 02:00 am",0,0,1,0.0514553,1,0
"Dec 6, 03:00 am",0,0,1,0.0514349,1,0
"Dec 6, 04:00 am",0,0,1,0.0514624,1,0
"Dec 6, 05:00 am",0,0,1,0.051266,1,0
"Dec 6, 06:00 am",251.296,0,1,0.0511465,1,4.9
"Dec 6, 07:00 am",0,0,1,0.0507989,1,7.8
"Dec 6, 08:00 am",1836.45,3.75428,1,0.0503394,1,885.9
"Dec 6, 09:00 am",2866.59,7.14008,1,0.050094,1,937.4
"Dec 6, 10:00 am",2866.55,7.33659,1,0.0498319,1,965.7
"Dec 6, 11:00 am",2865.67,4.78584,0.656506,0.0496479,0.656506,981.2
"Dec 6, 12:00 pm",2866.56,0.449052,1,0.0494906,1,51.3
"Dec 6, 01:00 pm",2866.76,5.67703,0.826576,0.0494065,0.826576,984.6
"Dec 6, 02:00 pm",2866.56,0.445273,1,0.0495738,1,51.1
"Dec 6, 03:00 pm",2867.34,0.342776,1,0.0497831,1,20.1
"Dec 6, 04:00 pm",2735.58,0.212479,1,0.0499552,1,9.3
"Dec 6, 05:00 pm",2866.64,0,1,0.0501701,1,8.8
"Dec 6, 06:00 pm",466.237,0,1,0.0504627,1,7.9
"Dec 6, 07:00 pm",0,0,1,0.0507467,1,551.8
"Dec 6, 08:00 pm",0,0,1,0.0509468,1,0
"Dec 6, 09:00 pm",0,0,1,0.0510828,1,0
"Dec 6, 10:00 pm",0,0,1,0.0511226,1,0
"Dec 6, 11:00 pm",0,0,1,0.0511881,1,0
"Dec 7, 12:00 am",0,0,1,0.0512841,1,0
"Dec 7, 01:00 am",0,0,1,0.0513525,1,0
"Dec 7, 02:00 am",0,0,1,0.0514849,1,0
"Dec 7, 03:00 am",0,0,1,0.0516173,1,0
"Dec 7, 04:00 am",0,0,1,0.0517496,1,0
"Dec 7, 05:00 am",0,0,1,0.0518019,1,0
"Dec 7, 06:00 am",0,0,1,0.0516142,1,477.7
"Dec 7, 07:00 am",477.725,1.73696,1,0.0512421,1,771.1
"Dec 7, 08:00 am",2866.59,6.59858,1,0.0512092,1,879.9
"Dec 7, 09:00 am",2866.59,7.14494,1,0.0508835,1,937
"Dec 7, 10:00 am",2866.66,6.42513,0.874569,0.0504872,0.874569,970.9
"Dec 7, 11:00 am",2867.24,2.98671,0.415672,0.0500712,0.415672,991.4
"Dec 7, 12:00 pm",2867.02,2.98648,0.41406,0.0497752,0.41406,998.5
"Dec 7, 01:00 pm",2867.02,2.98648,0.42569,0.0495756,0.42569,998.2
"Dec 7, 02:00 pm",2867.02,2.98648,0.421769,0.049616,0.421769,990.4
"Dec 7, 03:00 pm",2867.02,2.98648,0.420324,0.0497044,0.420324,974.7
"Dec 7, 04:00 pm",2867.02,2.98648,0.428773,0.0498566,0.428773,946.4
"Dec 7, 05:00 pm",2867.02,2.98648,0.583087,0.0500086,0.583087,897.3
"Dec 7, 06:00 pm",2866.56,0.398618,1,0.0503915,1,796
"Dec 7, 07:00 pm",2781.76,0.228915,1,0.0508611,1,548.1
"Dec 7, 08:00 pm",2866.62,0,1,0.0511587,1,0
"Dec 7, 09:00 pm",2866.66,0,1,0.0513511,1,0
"Dec 7, 10:00 pm",0,0,1,0.0514067,1,0
"Dec 7, 11:00 pm",0,0,1,0.0514168,1,0
"Dec 8, 12:00 am",0,0,1,0.0514588,1,0
"Dec 8, 01:00 am",0,0,1,0.0514528,1,0
"Dec 8, 02:00 am",0,0,1,0.0514947,1,0
"Dec 8, 03:00 am",0,0,1,0.0515526,1,0
"Dec 8, 04:00 am",0,0,1,0.0516482,1,0
"Dec 8, 05:00 am",0,0,1,0.0516771,1,0
"Dec 8, 06:00 am",0,0,1,0.0515373,1,496.1
"Dec 8, 07:00 am",0,1.88127,1,0.0510936,1,789.7
"Dec 8, 08:00 am",0,6.72646,1,0.050872,1,897.2
"Dec 8, 09:00 am",0,3.11021,0.44179,0.0505533,0.44179,952
"Dec 8, 10:00 am",0,0,1,0.0500552,1,983.8
"Dec 8, 11:00 am",0,0,1,0.0496472,1,1002.3
"Dec 8, 12:00 pm",0,0,1,0.0492717,1,1008.8
"Dec 8, 01:00 pm",0,0,1,0.0490245,1,1007.9
"Dec 8, 02:00 pm",0,0,1,0.0490655,1,999.9
"Dec 8, 03:00 pm",0,0,1,0.0491544,1,983.4
"Dec 8, 04:00 pm",0,0,1,0.0493231,1,954.9
"Dec 8, 05:00 pm",0,0,1,0.0494755,1,905.7
"Dec 8, 06:00 pm",0,0,1,0.0497717,1,809.5
"Dec 8, 07:00 pm",0,0,1,0.0501166,1,569.2
"Dec 8, 08:00 pm",0,0,1,0.0503228,1,0
"Dec 8, 09:00 pm",0,0,1,0.0504845,1,0
"Dec 8, 10:00 pm",0,0,1,0.0506462,1,0
"Dec 8, 11:00 pm",0,0,1,0.0507599,1,0
"Dec 9, 12:00 am",0,0,1,0.0508415,1,0
"Dec 9, 01:00 am",0,0,1,0.0509231,1,0
"Dec 9, 02:00 am",0,0,1,0.0510047,1,0
"Dec 9, 03:00 am",0,0,1,0.0510703,1,0
"Dec 9, 04:00 am",0,0,1,0.0512479,1,0
"Dec 9, 05:00 am",0,0,1,0.0510255,1,0
"Dec 9, 06:00 am",0,0,1,0.0508511,1,529.1
"Dec 9, 07:00 am",0,0,1,0.0503888,1,821.2
"Dec 9, 08:00 am",0,0,1,0.0498946,1,927.8
"Dec 9, 09:00 am",0,0,1,0.0494645,1,979.1
"Dec 9, 10:00 am",0,0,1,0.0489066,1,1007.4
"Dec 9, 11:00 am",0,0,1,0.0485087,1,1023.3
"Dec 9, 12:00 pm",0,0,1,0.048223,1,1025.6
"Dec 9, 01:00 pm",0,0,1,0.0480493,1,1021.3
"Dec 9, 02:00 pm",0,0,1,0.0481476,1,1010.4
"Dec 9, 03:00 pm",0,0,1,0.048278,1,989.9
"Dec 9, 04:00 pm",0,0,1,0.0484794,1,957.4
"Dec 9, 05:00 pm",0,0,1,0.0487194,1,904.9
"Dec 9, 06:00 pm",0,0,1,0.0490714,1,813.4
"Dec 9, 07:00 pm",0,0,1,0.0494874,1,579.6
"Dec 9, 08:00 pm",0,0,1,0.0498074,1,0
"Dec 9, 09:00 pm",0,0,1,0.0500474,1,0
"Dec 9, 10:00 pm",0,0,1,0.0502394,1,0
"Dec 9, 11:00 pm",0,0,1,0.0503674,1,0
"Dec 10, 12:00 am",0,0,1,0.0504794,1,0
"Dec 10, 01:00 am",0,0,1,0.0505594,1,0
"Dec 10, 02:00 am",0,0,1,0.0506714,1,0
"Dec 10, 03:00 am",0,0,1,0.0507993,1,0
"Dec 10, 04:00 am",0,0,1,0.0509273,1,0
"Dec 10, 05:00 am",0,0,1,0.0508153,1,0
"Dec 10, 06:00 am",2619.17,0.160957,1,0.0509447,1,489.4
"Dec 10, 07:00 am",2765.06,3.75666,1,0.0506817,1,781.5
"Dec 10, 08:00 am",2866.63,5.03342,0.761393,0.0502752,0.761393,886.8
"Dec 10, 09:00 am",2867.11,2.98658,0.435061,0.0498171,0.435061,938.4
"Dec 10, 10:00 am",2867.03,2.98649,0.421345,0.0493451,0.421345,966.4
"Dec 10, 11:00 am",2867.03,2.98649,0.417366,0.0490176,0.417366,981.7
"Dec 10, 12:00 pm",2867.03,2.98649,0.418112,0.0487705,0.418112,986.8
"Dec 10, 01:00 pm",2867.03,2.98649,0.430947,0.0485876,0.430947,984.5
"Dec 10, 02:00 pm",2867.02,2.98648,0.427895,0.0486558,0.427895,975.1
"Dec 10, 03:00 pm",2867.02,2.98648,0.427811,0.0487834,0.427811,957.1
"Dec 10, 04:00 pm",2867.02,2.98648,0.437735,0.0489914,0.437735,927
"Dec 10, 05:00 pm",2867.02,2.98648,0.589352,0.0491994,0.589352,875.7
"Dec 10, 06:00 pm",2782.08,0.398617,1,0.049657,1,789.8
"Dec 10, 07:00 pm",2614.97,0.228936,1,0.050152,1,566.8
"Dec 10, 08:00 pm",2820.18,0,1,0.0505087,1,0
"Dec 10, 09:00 pm",2636.01,0,1,0.0507301,1,0
"Dec 10, 10:00 pm",0,0,1,0.0508896,1,0
"Dec 10, 11:00 pm",0,0,1,0.0509902,1,0
"Dec 11, 12:00 am",0,0,1,0.0510907,1,0
"Dec 11, 01:00 am",0,0,1,0.0511432,1,0
"Dec 11, 02:00 am",0,0,1,0.0511796,1,0
"Dec 11, 03:00 am",0,0,1,0.0512481,1,0
"Dec 11, 04:00 am",0,0,1,0.0513645,1,0
"Dec 11, 05:00 am",0,0,1,0.0513689,1,0
"Dec 11, 06:00 am",0,0,1,0.0514373,1,474.1
"Dec 11, 07:00 am",1245.19,1.77226,1,0.0509618,1,771.3
"Dec 11, 08:00 am",2866.59,6.58908,1,0.0505857,1,880.2
"Dec 11, 09:00 am",2866.59,7.14399,1,0.0501617,1,937
"Dec 11, 10:00 am",2866.89,7.05373,0.957178,0.0496749,0.957178,970
"Dec 11, 11:00 am",2867.17,2.98663,0.416773,0.0492291,0.416773,989.5
"Dec 11, 12:00 pm",2867.03,2.98649,0.414644,0.0489181,0.414644,995
"Dec 11, 01:00 pm",2867.03,2.98649,0.427134,0.0489593,0.427134,992.8
"Dec 11, 02:00 pm",2867.02,2.98648,0.424056,0.0490484,0.424056,983.6
"Dec 11, 03:00 pm",2867.02,2.98648,0.423194,0.0491534,0.423194,967.3
"Dec 11, 04:00 pm",2867.03,2.98649,0.432159,0.0492742,0.432159,938.8
"Dec 11, 05:00 pm",2867.03,2.98649,0.577561,0.0493949,0.577561,889.4
"Dec 11, 06:00 pm",2866.56,0.398803,1,0.0497643,1,791.6
"Dec 11, 07:00 pm",2749.82,0.229429,1,0.0502693,1,556.4
"Dec 11, 08:00 pm",2866.61,0,1,0.0505767,1,0
"Dec 11, 09:00 pm",2866.62,0,1,0.0507913,1,0
"Dec 11, 10:00 pm",0,0,1,0.0509603,1,0
"Dec 11, 11:00 pm",0,0,1,0.0510491,1,0
"Dec 12, 12:00 am",0,0,1,0.0511218,1,0
"Dec 12, 01:00 am",0,0,1,0.0510985,1,0
"Dec 12, 02:00 am",0,0,1,0.0511232,1,0
"Dec 12, 03:00 am",0,0,1,0.051143,1,0
"Dec 12, 04:00 am",0,0,1,0.0512408,1,0
"Dec 12, 05:00 am",0,0,1,0.0510052,1,0
"Dec 12, 06:00 am",53.2393,0,1,0.0508344,1,491.8
"Dec 12, 07:00 am",1262.42,1.83601,1,0.0504556,1,789.4
"Dec 12, 08:00 am",2866.59,6.72272,1,0.0500689,1,896.9
"Dec 12, 09:00 am",2866.59,7.26124,1,0.0497421,1,952
"Dec 12, 10:00 am",2866.74,6.725,0.901378,0.0493142,0.901378,983.3
"Dec 12, 11:00 am",2867.22,2.98669,0.411258,0.0488659,0.411258,1001.4
"Dec 12, 12:00 pm",2867.04,2.9865,0.410311,0.0485234,0.410311,1004.6
"Dec 12, 01:00 pm",2867.04,2.9865,0.423195,0.0483092,0.423195,1001.1
"Dec 12, 02:00 pm",2867.04,2.9865,0.420806,0.0483832,0.420806,990.4
"Dec 12, 03:00 pm",2867.04,2.9865,0.420511,0.048473,0.420511,972.8
"Dec 12, 04:00 pm",2867.04,2.9865,0.430045,0.0486106,0.430045,943
"Dec 12, 05:00 pm",2867.04,2.9865,0.572643,0.0487961,0.572643,892.7
"Dec 12, 06:00 pm",2866.56,0.399,1,0.0491924,1,802.7
"Dec 12, 07:00 pm",2750.57,0.229963,1,0.0497392,1,578
"Dec 12, 08:00 pm",2866.61,0,1,0.0500755,1,0
"Dec 12, 09:00 pm",2866.62,0,1,0.0503363,1,0
"Dec 12, 10:00 pm",0,0,1,0.0504891,1,0
"Dec 12, 11:00 pm",0,0,1,0.0506105,1,0
"Dec 13, 12:00 am",0,0,1,0.0507318,1,0
"Dec 13, 01:00 am",0,0,1,0.0508529,1,0
"Dec 13, 02:00 am",0,0,1,0.0509258,1,0
"Dec 13, 03:00 am",0,0,1,0.0509443,1,0
"Dec 13, 04:00 am",0,0,1,0.0510245,1,0
"Dec 13, 05:00 am",0,0,1,0.050917,1,0
"Dec 13, 06:00 am",54.2707,0,1,0.0508102,1,471.4
"Dec 13, 07:00 am",1239.81,1.74488,1,0.0502874,1,770.6
"Dec 13, 08:00 am",2866.59,6.57447,1,0.0499762,1,879.2
"Dec 13, 09:00 am",2866.59,7.10747,1,0.0496805,1,932.5
"Dec 13, 10:00 am",2866.56,0.425864,1,0.0494257,1,27.8
"Dec 13, 11:00 am",2847.45,0.319744,1,0.049205,1,40.6
"Dec 13, 12:00 pm",2483.98,0.222903,1,0.049014,1,19.5
"Dec 13, 01:00 pm",155.033,0.161493,1,0.0488242,1,39.6
"Dec 13, 02:00 pm",2388.78,5.97399,1,0.0489405,1,976.1
"Dec 13, 03:00 pm",2866.59,7.24464,1,0.0492437,1,957.7
"Dec 13, 04:00 pm",2866.56,0.409871,1,0.0494803,1,11.8
"Dec 13, 05:00 pm",2797.87,0.256444,1,0.0497002,1,8.8
"Dec 13, 06:00 pm",2106.1,0.1125,1,0.0499718,1,7.9
"Dec 13, 07:00 pm",0,0,1,0.0502057,1,571.2
"Dec 13, 08:00 pm",0,0,1,0.0503586,1,0
"Dec 13, 09:00 pm",0,0,1,0.0504473,1,0
"Dec 13, 10:00 pm",0,0,1,0.0505359,1,0
"Dec 13, 11:00 pm",0,0,1,0.0506243,1,0
"Dec 14, 12:00 am",0,0,1,0.0507127,1,0
"Dec 14, 01:00 am",0,0,1,0.0508373,1,0
"Dec 14, 02:00 am",0,0,1,0.0508,1,0
"Dec 14, 03:00 am",0,0,1,0.0509646,1,0
"Dec 14, 04:00 am",0,0,1,0.0510491,1,0
"Dec 14, 05:00 am",0,0,1,0.0508296,1,0
"Dec 14, 06:00 am",0,0,1,0.0507382,1,475.8
"Dec 14, 07:00 am",477.725,1.72244,1,0.0504294,1,780.7
"Dec 14, 08:00 am",2866.59,6.67156,1,0.0502964,1,891.9
"Dec 14, 09:00 am",2866.59,7.23236,1,0.0499582,1,948.6
"Dec 14, 10:00 am",2866.56,6.29858,0.846708,0.0494309,0.846708,981.5
"Dec 14, 11:00 am",2866.99,2.98644,0.411426,0.0490447,0.411426,1001
"Dec 14, 12:00 pm",2867.03,2.98649,0.409266,0.04875,0.409266,1006.5
"Dec 14, 01:00 pm",2867.04,2.9865,0.421424,0.0485516,0.421424,1004.9
"Dec 14, 02:00 pm",2867.03,2.98649,0.418304,0.0485934,0.418304,996.2
"Dec 14, 03:00 pm",2867.03,2.98649,0.417464,0.048667,0.417464,980
"Dec 14, 04:00 pm",2867.03,2.98649,0.426019,0.0488205,0.426019,952.2
"Dec 14, 05:00 pm",2867.04,2.9865,0.560935,0.0490058,0.560935,904.2
"Dec 14, 06:00 pm",2866.56,0.39889,1,0.0494582,1,802.7
"Dec 14, 07:00 pm",2780.25,0.229648,1,0.0500134,1,572.3
"Dec 14, 08:00 pm",2866.62,0,1,0.0503141,1,0
"Dec 14, 09:00 pm",2866.66,0,1,0.0505407,1,0
"Dec 14, 10:00 pm",0,0,1,0.0506776,1,0
"Dec 14, 11:00 pm",0,0,1,0.0507844,1,0
"Dec 15, 12:00 am",0,0,1,0.0508911,1,0
"Dec 15, 01:00 am",0,0,1,0.0509176,1,0
"Dec 15, 02:00 am",0,0,1,0.0509601,1,0
"Dec 15, 03:00 am",0,0,1,0.0509866,1,0
"Dec 15, 04:00 am",0,0,1,0.0510199,1,0
"Dec 15, 05:00 am",0,0,1,0.0508102,1,0
"Dec 15, 06:00 am",0,0,1,0.0506707,1,479.7
"Dec 15, 07:00 am",0,1.81053,1,0.0502272,1,783.8
"Dec 15, 08:00 am",0,6.67537,1,0.0499569,1,893.5
"Dec 15, 09:00 am",0,3.22701,0.4596,0.0496568,0.4596,947.8
"Dec 15, 10:00 am",0,0,1,0.0491459,1,978.7
"Dec 15, 11:00 am",0,0,1,0.048739,1,996.5
"Dec 15, 12:00 pm",0,0,1,0.0484286,1,1002
"Dec 15, 01:00 pm",0,0,1,0.0482144,1,1000.1
"Dec 15, 02:00 pm",0,0,1,0.0482564,1,991.3
"Dec 15, 03:00 pm",0,0,1,0.0483463,1,975.1
"Dec 15, 04:00 pm",0,0,1,0.048468,1,947.1
"Dec 15, 05:00 pm",0,0,1,0.0486696,1,899
"Dec 15, 06:00 pm",0,0,1,0.0489508,1,811.7
"Dec 15, 07:00 pm",0,0,1,0.0492956,1,596.8
"Dec 15, 08:00 pm",0,0,1,0.0495303,1,0
"Dec 15, 09:00 pm",0,0,1,0.0497057,1,0
"Dec 15, 10:00 pm",0,0,1,0.0498516,1,0
"Dec 15, 11:00 pm",0,0,1,0.0500295,1,0
"Dec 16, 12:00 am",0,0,1,0.0502073,1,0
"Dec 16, 01:00 am",0,0,1,0.050353,1,0
"Dec 16, 02:00 am",0,0,1,0.0505308,1,0
"Dec 16, 03:00 am",0,0,1,0.0506765,1,0
"Dec 16, 04:00 am",0,0,1,0.0507421,1,0
"Dec 16, 05:00 am",0,0,1,0.0504878,1,0
"Dec 16, 06:00 am",0,0,1,0.0503296,1,478.4
"Dec 16, 07:00 am",0,0,1,0.0498514,1,783.5
"Dec 16, 08:00 am",0,0,1,0.0492934,1,892.3
"Dec 16, 09:00 am",0,0,1,0.0487514,1,948
"Dec 16, 10:00 am",0,0,1,0.0482417,1,980
"Dec 16, 11:00 am",0,0,1,0.047828,1,998.7
"Dec 16, 12:00 pm",0,0,1,0.0475584,1,1006.5
"Dec 16, 01:00 pm",0,0,1,0.0473529,1,1007.1
"Dec 16, 02:00 pm",0,0,1,0.0474513,1,1000.4
"Dec 16, 03:00 pm",0,0,1,0.0475658,1,984.3
"Dec 16, 04:00 pm",0,0,1,0.0477467,1,956.6
"Dec 16, 05:00 pm",0,0,1,0.0479514,1,909
"Dec 16, 06:00 pm",0,0,1,0.0483354,1,819
"Dec 16, 07:00 pm",0,0,1,0.0487834,1,602.2
"Dec 16, 08:00 pm",0,0,1,0.0490874,1,0
"Dec 16, 09:00 pm",0,0,1,0.0493274,1,0
"Dec 16, 10:00 pm",0,0,1,0.0495354,1,0
"Dec 16, 11:00 pm",0,0,1,0.0497434,1,0
"Dec 17, 12:00 am",0,0,1,0.0498714,1,0
"Dec 17, 01:00 am",0,0,1,0.0499674,1,0
"Dec 17, 02:00 am",0,0,1,0.0501114,1,0
"Dec 17, 03:00 am",0,0,1,0.0503034,1,0
"Dec 17, 04:00 am",0,0,1,0.0504634,1,0
"Dec 17, 05:00 am",0,0,1,0.0505434,1,0
"Dec 17, 06:00 am",2619.69,0.161469,1,0.0508647,1,487.1
"Dec 17, 07:00 am",2765.68,3.76066,1,0.0505218,1,797.9
"Dec 17, 08:00 am",2866.62,5.02983,0.743513,0.0499394,0.743513,909.6
"Dec 17, 09:00 am",2867.13,2.98659,0.423548,0.0493858,0.423548,964.2
"Dec 17, 10:00 am",2845.08,0.443692,1,0.0489802,1,45.3
"Dec 17, 11:00 am",2747.54,0.349131,1,0.0485931,1,32.2
"Dec 17, 12:00 pm",2679.55,0.287723,1,0.0483694,1,69.2
"Dec 17, 01:00 pm",2682.77,0.29628,1,0.0484762,1,75.4
"Dec 17, 02:00 pm",2866.59,7.14725,1,0.0487105,1,1000.6
"Dec 17, 03:00 pm",2866.56,7.43423,1,0.0489985,1,982.8
"Dec 17, 04:00 pm",2866.77,5.65164,0.783568,0.049246,0.783568,953.3
"Dec 17, 05:00 pm",2867.17,2.98664,0.556251,0.0494006,0.556251,904.3
"Dec 17, 06:00 pm",2866.56,0.398634,1,0.0496794,1,818.4
"Dec 17, 07:00 pm",2751.74,0.229118,1,0.0500807,1,608.5
"Dec 17, 08:00 pm",2866.61,0,1,0.0503502,1,0
"Dec 17, 09:00 pm",2866.63,0,1,0.0505479,1,0
"Dec 17, 10:00 pm",0,0,1,0.0506733,1,0
"Dec 17, 11:00 pm",0,0,1,0.0507787,1,0
"Dec 18, 12:00 am",0,0,1,0.050836,1,0
"Dec 18, 01:00 am",0,0,1,0.0508772,1,0
"Dec 18, 02:00 am",0,0,1,0.0508384,1,0
"Dec 18, 03:00 am",0,0,1,0.0508699,1,0
"Dec 18, 04:00 am",0,0,1,0.050995,1,0
"Dec 18, 05:00 am",0,0,1,0.0508874,1,0
"Dec 18, 06:00 am",60.1795,0,1,0.0507484,1,472.8
"Dec 18, 07:00 am",1240,1.74071,1,0.0504175,1,781.2
"Dec 18, 08:00 am",2866.59,6.64223,1,0.050174,1,890
"Dec 18, 09:00 am",2866.59,7.18625,1,0.0499272,1,943.3
"Dec 18, 10:00 am",2866.8,6.80729,0.921072,0.0496452,0.921072,973.1
"Dec 18, 11:00 am",2867.18,2.98664,0.415291,0.0492774,0.415291,989.6
"Dec 18, 12:00 pm",2867.03,2.98649,0.413512,0.0490303,0.413512,995.4
"Dec 18, 01:00 pm",2867.03,2.98649,0.425876,0.0488635,0.425876,993.8
"Dec 18, 02:00 pm",2867.03,2.98649,0.423068,0.0489367,0.423068,985.1
"Dec 18, 03:00 pm",2867.03,2.98649,0.421914,0.0490098,0.421914,969.9
"Dec 18, 04:00 pm",2867.03,2.98649,0.430203,0.0491308,0.430203,943
"Dec 18, 05:00 pm",2867.03,2.98649,0.557362,0.0492836,0.557362,896.2
"Dec 18, 06:00 pm",2866.56,0.398747,1,0.0496402,1,811.3
"Dec 18, 07:00 pm",2750.19,0.229289,1,0.0501122,1,603.6
"Dec 18, 08:00 pm",2866.61,0,1,0.0504025,1,0
"Dec 18, 09:00 pm",2866.62,0,1,0.0505747,1,0
"Dec 18, 10:00 pm",0,0,1,0.0506922,1,0
"Dec 18, 11:00 pm",0,0,1,0.0507814,1,0
"Dec 19, 12:00 am",0,0,1,0.0508065,1,0
"Dec 19, 01:00 am",0,0,1,0.0508156,1,0
"Dec 19, 02:00 am",0,0,1,0.0508407,1,0
"Dec 19, 03:00 am",0,0,1,0.0510351,1,0
"Dec 19, 04:00 am",0,0,1,0.0512111,1,0
"Dec 19, 05:00 am",0,0,1,0.0512155,1,0
"Dec 19, 06:00 am",54.8629,0,1,0.0513005,1,4.6
"Dec 19, 07:00 am",1233.63,1.70429,1,0.0509375,1,774.6
"Dec 19, 08:00 am",815.229,0.390923,1,0.050531,1,8.8
"Dec 19, 09:00 am",247.483,0.257795,1,0.0499967,1,16.6
"Dec 19, 10:00 am",154.67,0.161115,1,0.0496656,1,35.8
"Dec 19, 11:00 am",0,0,1,0.0493665,1,32.9
"Dec 19, 12:00 pm",0,0,1,0.0491954,1,19.4
"Dec 19, 01:00 pm",0,0,1,0.0490885,1,10
"Dec 19, 02:00 pm",0,0,1,0.0490135,1,10
"Dec 19, 03:00 pm",0,0,1,0.0490825,1,9.8
"Dec 19, 04:00 pm",0,0,1,0.0491675,1,9.6
"Dec 19, 05:00 pm",0,0,1,0.0493805,1,9.1
"Dec 19, 06:00 pm",0,0,1,0.0496414,1,8.2
"Dec 19, 07:00 pm",0,0,1,0.0500143,1,609
"Dec 19, 08:00 pm",0,0,1,0.050307,1,0
"Dec 19, 09:00 pm",0,0,1,0.0504717,1,0
"Dec 19, 10:00 pm",0,0,1,0.0506204,1,0
"Dec 19, 11:00 pm",0,0,1,0.050753,1,0
"Dec 20, 12:00 am",0,0,1,0.0508695,1,0
"Dec 20, 01:00 am",0,0,1,0.0509381,1,0
"Dec 20, 02:00 am",0,0,1,0.0509906,1,0
"Dec 20, 03:00 am",0,0,1,0.0510432,1,0
"Dec 20, 04:00 am",0,0,1,0.0511117,1,0
"Dec 20, 05:00 am",0,0,1,0.0508922,1,0
"Dec 20, 06:00 am",0,0,1,0.0507688,1,488.2
"Dec 20, 07:00 am",477.725,1.78847,1,0.050382,1,806.5
"Dec 20, 08:00 am",2866.59,6.86487,1,0.0502967,1,918.4
"Dec 20, 09:00 am",2866.59,7.43366,1,0.0498728,1,974.8
"Dec 20, 10:00 am",2867.14,6.21194,0.813805,0.0494055,0.813805,1007.6
"Dec 20, 11:00 am",2867.07,2.98653,0.402256,0.048954,0.402256,1027
"Dec 20, 12:00 pm",2867.02,2.98648,0.398807,0.0486435,0.398807,1032.1
"Dec 20, 01:00 pm",2867.04,2.9865,0.410554,0.0483654,0.410554,1030.6
"Dec 20, 02:00 pm",2867.03,2.98649,0.407847,0.0484402,0.407847,1022
"Dec 20, 03:00 pm",2867.03,2.98649,0.40746,0.0485511,0.40746,1004.4
"Dec 20, 04:00 pm",2867.04,2.9865,0.41581,0.0487293,0.41581,975.6
"Dec 20, 05:00 pm",2867.03,2.98649,0.534593,0.0489714,0.534593,927.9
"Dec 20, 06:00 pm",2866.56,0.398765,1,0.049474,1,840.2
"Dec 20, 07:00 pm",2782.42,0.22938,1,0.0500797,1,632.3
"Dec 20, 08:00 pm",2866.62,0,1,0.0504464,1,0
"Dec 20, 09:00 pm",2866.66,0,1,0.0506679,1,0
"Dec 20, 10:00 pm",0,0,1,0.0507768,1,0
"Dec 20, 11:00 pm",0,0,1,0.0508516,1,0
"Dec 21, 12:00 am",0,0,1,0.0509103,1,0
"Dec 21, 01:00 am",0,0,1,0.0509209,1,0
"Dec 21, 02:00 am",0,0,1,0.0509955,1,0
"Dec 21, 03:00 am",0,0,1,0.0511339,1,0
"Dec 21, 04:00 am",0,0,1,0.0512116,1,0
"Dec 21, 05:00 am",0,0,1,0.0509504,1,0
"Dec 21, 06:00 am",153.647,0,1,0.0507329,1,497.1
"Dec 21, 07:00 am",1264.99,1.85578,1,0.0503394,1,816.7
"Dec 21, 08:00 am",2866.59,6.94096,1,0.0501032,1,928
"Dec 21, 09:00 am",2866.59,7.45855,1,0.0498093,1,978.3
"Dec 21, 10:00 am",2867.76,6.30405,0.827128,0.049451,0.827128,1005.3
"Dec 21, 11:00 am",2866.99,2.98645,0.404137,0.0490277,0.404137,1019.5
"Dec 21, 12:00 pm",2867.02,2.98648,0.402653,0.0487489,0.402653,1022
"Dec 21, 01:00 pm",2867.04,2.9865,0.415618,0.0485025,0.415618,1018
"Dec 21, 02:00 pm",2867.04,2.9865,0.413829,0.0485442,0.413829,1007.4
"Dec 21, 03:00 pm",2867.04,2.9865,0.412949,0.0486178,0.412949,991.1
"Dec 21, 04:00 pm",2867.03,2.98649,0.420783,0.0487233,0.420783,963.9
"Dec 21, 05:00 pm",2867.03,2.98649,0.538984,0.0489086,0.538984,917.1
"Dec 21, 06:00 pm",2866.56,0.398802,1,0.0493582,1,834.6
"Dec 21, 07:00 pm",2747,0.229402,1,0.0499429,1,633.8
"Dec 21, 08:00 pm",2866.61,0,1,0.0502502,1,0
"Dec 21, 09:00 pm",2866.62,0,1,0.0504808,1,0
"Dec 21, 10:00 pm",0,0,1,0.050554,1,0
"Dec 21, 11:00 pm",0,0,1,0.0505792,1,0
"Dec 22, 12:00 am",0,0,1,0.0505884,1,0
"Dec 22, 01:00 am",0,0,1,0.0505496,1,0
"Dec 22, 02:00 am",0,0,1,0.0506231,1,0
"Dec 22, 03:00 am",0,0,1,0.0507902,1,0
"Dec 22, 04:00 am",0,0,1,0.0509547,1,0
"Dec 22, 05:00 am",0,0,1,0.0509592,1,0
"Dec 22, 06:00 am",0,0,1,0.0510437,1,450.1
"Dec 22, 07:00 am",0,1.69019,1,0.0506641,1,773.8
"Dec 22, 08:00 am",0,6.60719,1,0.0504291,1,886.8
"Dec 22, 09:00 am",0,3.54559,0.505461,0.0501336,0.505461,943.5
"Dec 22, 10:00 am",0,0,1,0.0497849,1,975.7
"Dec 22, 11:00 am",0,0,1,0.0493613,1,994.4
"Dec 22, 12:00 pm",0,0,1,0.0490661,1,1002.8
"Dec 22, 01:00 pm",0,0,1,0.0488352,1,1003.6
"Dec 22, 02:00 pm",0,0,1,0.0486685,1,997.2
"Dec 22, 03:00 pm",0,0,1,0.0487259,1,982.7
"Dec 22, 04:00 pm",0,0,1,0.0488792,1,957
"Dec 22, 05:00 pm",0,0,1,0.0490802,1,912
"Dec 22, 06:00 pm",0,0,1,0.0493769,1,828.5
"Dec 22, 07:00 pm",0,0,1,0.0496775,1,627.3
"Dec 22, 08:00 pm",0,0,1,0.0498724,1,0
"Dec 22, 09:00 pm",0,0,1,0.0500822,1,0
"Dec 22, 10:00 pm",0,0,1,0.050244,1,0
"Dec 22, 11:00 pm",0,0,1,0.0504218,1,0
"Dec 23, 12:00 am",0,0,1,0.0505835,1,0
"Dec 23, 01:00 am",0,0,1,0.0506972,1,0
"Dec 23, 02:00 am",0,0,1,0.0508108,1,0
"Dec 23, 03:00 am",0,0,1,0.0509244,1,0
"Dec 23, 04:00 am",0,0,1,0.051086,1,0
"Dec 23, 05:00 am",0,0,1,0.0509276,1,0
"Dec 23, 06:00 am",0,0,1,0.0508013,1,452.9
"Dec 23, 07:00 am",0,0,1,0.050323,1,781.7
"Dec 23, 08:00 am",0,0,1,0.0498768,1,895.4
"Dec 23, 09:00 am",0,0,1,0.0493667,1,953
"Dec 23, 10:00 am",0,0,1,0.0489528,1,985.5
"Dec 23, 11:00 am",0,0,1,0.048555,1,1004.8
"Dec 23, 12:00 pm",0,0,1,0.0483332,1,1011.5
"Dec 23, 01:00 pm",0,0,1,0.0481755,1,1010.7
"Dec 23, 02:00 pm",0,0,1,0.0482577,1,1002.9
"Dec 23, 03:00 pm",0,0,1,0.048372,1,987.3
"Dec 23, 04:00 pm",0,0,1,0.0485502,1,960.7
"Dec 23, 05:00 pm",0,0,1,0.0487834,1,914.6
"Dec 23, 06:00 pm",0,0,1,0.0491354,1,829.5
"Dec 23, 07:00 pm",0,0,1,0.0495674,1,628.1
"Dec 23, 08:00 pm",0,0,1,0.0498074,1,0
"Dec 23, 09:00 pm",0,0,1,0.0499994,1,0
"Dec 23, 10:00 pm",0,0,1,0.0501434,1,0
"Dec 23, 11:00 pm",0,0,1,0.0502554,1,0
"Dec 24, 12:00 am",0,0,1,0.0503674,1,0
"Dec 24, 01:00 am",0,0,1,0.0504474,1,0
"Dec 24, 02:00 am",0,0,1,0.0505753,1,0
"Dec 24, 03:00 am",0,0,1,0.0506714,1,0
"Dec 24, 04:00 am",0,0,1,0.0508153,1,0
"Dec 24, 05:00 am",0,0,1,0.0505434,1,0
"Dec 24, 06:00 am",2620.55,0.162321,1,0.0505928,1,463.4
"Dec 24, 07:00 am",2759.61,3.62469,1,0.0503141,1,795.6
"Dec 24, 08:00 am",2867.34,5.17297,0.764996,0.0497513,0.764996,909.2
"Dec 24, 09:00 am",2867.03,2.98649,0.424659,0.0493123,0.424659,963.1
"Dec 24, 10:00 am",2867.04,2.9865,0.40952,0.0488089,0.40952,992.6
"Dec 24, 11:00 am",2867.04,2.9865,0.40526,0.0484022,0.40526,1009.1
"Dec 24, 12:00 pm",2867.04,2.9865,0.405018,0.0480918,0.405018,1015.1
"Dec 24, 01:00 pm",2867.03,2.98649,0.417391,0.0478938,0.417391,1013.7
"Dec 24, 02:00 pm",2867.04,2.9865,0.414974,0.0479251,0.414974,1005.4
"Dec 24, 03:00 pm",2867.04,2.9865,0.413951,0.0480314,0.413951,989.2
"Dec 24, 04:00 pm",2867.03,2.98649,0.421723,0.0481914,0.421723,961.7
"Dec 24, 05:00 pm",2867.03,2.98649,0.535036,0.0484314,0.535036,915.1
"Dec 24, 06:00 pm",2782.29,0.398829,1,0.0489052,1,832.5
"Dec 24, 07:00 pm",2615.56,0.229521,1,0.0495125,1,635.4
"Dec 24, 08:00 pm",2820.18,0,1,0.0498854,1,0
"Dec 24, 09:00 pm",2636.01,0,1,0.0501708,1,0
"Dec 24, 10:00 pm",0,0,1,0.0503784,1,0
"Dec 24, 11:00 pm",0,0,1,0.050543,1,0
"Dec 25, 12:00 am",0,0,1,0.0506437,1,0
"Dec 25, 01:00 am",0,0,1,0.0507443,1,0
"Dec 25, 02:00 am",0,0,1,0.0508128,1,0
"Dec 25, 03:00 am",0,0,1,0.0509294,1,0
"Dec 25, 04:00 am",0,0,1,0.0510299,1,0
"Dec 25, 05:00 am",0,0,1,0.0508584,1,0
"Dec 25, 06:00 am",0,0,1,0.050703,1,435.1
"Dec 25, 07:00 am",883.057,1.40649,1,0.0502117,1,773.5
"Dec 25, 08:00 am",2866.59,6.66156,1,0.0499042,1,889.1
"Dec 25, 09:00 am",2866.59,7.18913,1,0.0496575,1,943.9
"Dec 25, 10:00 am",2866.84,6.95487,0.93888,0.0492485,0.93888,974.4
"Dec 25, 11:00 am",2867.18,2.98665,0.415475,0.0489618,0.415475,991.2
"Dec 25, 12:00 pm",2867.03,2.98648,0.412849,0.0487631,0.412849,996.7
"Dec 25, 01:00 pm",2867.03,2.98649,0.425465,0.0486126,0.425465,994.7
"Dec 25, 02:00 pm",2867.03,2.98649,0.42345,0.0486702,0.42345,985.8
"Dec 25, 03:00 pm",2867.02,2.98648,0.422111,0.0487916,0.422111,970.5
"Dec 25, 04:00 pm",2867.03,2.98649,0.429873,0.0489289,0.429873,943.6
"Dec 25, 05:00 pm",2867.03,2.98649,0.544101,0.049114,0.544101,897.4
"Dec 25, 06:00 pm",2866.56,0.398726,1,0.0495466,1,817.5
"Dec 25, 07:00 pm",2750.58,0.229208,1,0.0500985,1,624.4
"Dec 25, 08:00 pm",2866.61,0,1,0.0504214,1,0
"Dec 25, 09:00 pm",2866.63,0,1,0.0506518,1,0
"Dec 25, 10:00 pm",0,0,1,0.0507249,1,0
"Dec 25, 11:00 pm",0,0,1,0.0507821,1,0
"Dec 26, 12:00 am",0,0,1,0.0508712,1,0
"Dec 26, 01:00 am",0,0,1,0.0508962,1,0
"Dec 26, 02:00 am",0,0,1,0.0509691,1,0
"Dec 26, 03:00 am",0,0,1,0.0510829,1,0
"Dec 26, 04:00 am",0,0,1,0.0512424,1,0
"Dec 26, 05:00 am",0,0,1,0.0511349,1,0
"Dec 26, 06:00 am",56.296,0,1,0.050948,1,423.2
"Dec 26, 07:00 am",874.879,1.36387,1,0.0504893,1,766.8
"Dec 26, 08:00 am",2866.59,6.61692,1,0.0502128,1,883.8
"Dec 26, 09:00 am",2866.59,7.17758,1,0.0499662,1,942.6
"Dec 26, 10:00 am",2866.88,7.01528,0.945178,0.0495423,0.945178,976.1
"Dec 26, 11:00 am",2867.17,2.98663,0.413628,0.0491918,0.413628,995.5
"Dec 26, 12:00 pm",2867.02,2.98648,0.410081,0.0489449,0.410081,1003.5
"Dec 26, 01:00 pm",2867.03,2.98649,0.421558,0.0487462,0.421558,1004
"Dec 26, 02:00 pm",2867.03,2.98649,0.418765,0.0487716,0.418765,997.2
"Dec 26, 03:00 pm",2867.02,2.98648,0.41803,0.048797,0.41803,980.2
"Dec 26, 04:00 pm",2867.03,2.98649,0.42595,0.0488703,0.42595,952.2
"Dec 26, 05:00 pm",2867.03,2.98649,0.538091,0.0489755,0.538091,904.8
"Dec 26, 06:00 pm",2866.56,0.398797,1,0.0493075,1,820.5
"Dec 26, 07:00 pm",2751.06,0.229404,1,0.0497422,1,623.2
"Dec 26, 08:00 pm",2866.61,0,1,0.0499666,1,0
"Dec 26, 09:00 pm",2866.63,0,1,0.0500996,1,0
"Dec 26, 10:00 pm",0,0,1,0.0501407,1,0
"Dec 26, 11:00 pm",0,0,1,0.0501347,1,0
"Dec 27, 12:00 am",0,0,1,0.0500968,1,0
"Dec 27, 01:00 am",0,0,1,0.0500109,1,0
"Dec 27, 02:00 am",0,0,1,0.049957,1,0
"Dec 27, 03:00 am",0,0,1,0.0499568,1,0
"Dec 27, 04:00 am",0,0,1,0.0500179,1,0
"Dec 27, 05:00 am",0,0,1,0.0499746,1,0
"Dec 27, 06:00 am",57.4451,0,1,0.050044,1,416.7
"Dec 27, 07:00 am",874.538,1.35417,1,0.0498255,1,764.3
"Dec 27, 08:00 am",2866.59,6.60223,1,0.0497092,1,881.9
"Dec 27, 09:00 am",2866.59,7.15136,1,0.0493668,1,939.2
"Dec 27, 10:00 am",2866.9,7.0551,0.955007,0.0492957,0.955007,971.3
"Dec 27, 11:00 am",2867.16,2.98663,0.416214,0.0490578,0.416214,989.2
"Dec 27, 12:00 pm",2867.02,2.98648,0.413062,0.0489549,0.413062,996.3
"Dec 27, 01:00 pm",2867.03,2.98649,0.425018,0.0488841,0.425018,996
"Dec 27, 02:00 pm",2866.56,0.477389,1,0.0490778,1,81.9
"Dec 27, 03:00 pm",2866.56,0.416701,1,0.0493541,1,33.6
"Dec 27, 04:00 pm",2828.37,0.294322,1,0.0496013,1,11.3
"Dec 27, 05:00 pm",2685.39,0.162874,1,0.0499123,1,9
"Dec 27, 06:00 pm",930.545,0,1,0.0502655,1,8.2
"Dec 27, 07:00 pm",0,0,1,0.0505868,1,626.8
"Dec 27, 08:00 pm",0,0,1,0.0508191,1,0
"Dec 27, 09:00 pm",0,0,1,0.0510031,1,0
"Dec 27, 10:00 pm",0,0,1,0.0511389,1,0
"Dec 27, 11:00 pm",0,0,1,0.0511945,1,0
"Dec 28, 12:00 am",0,0,1,0.0512401,1,0
"Dec 28, 01:00 am",0,0,1,0.051316,1,0
"Dec 28, 02:00 am",0,0,1,0.0512885,1,0
"Dec 28, 03:00 am",0,0,1,0.0512929,1,0
"Dec 28, 04:00 am",0,0,1,0.0513613,1,0
"Dec 28, 05:00 am",0,0,1,0.0512538,1,0
"Dec 28, 06:00 am",0,0,1,0.0510502,1,412.9
"Dec 28, 07:00 am",477.725,1.48175,1,0.050714,1,767.2
"Dec 28, 08:00 am",2866.59,6.58828,1,0.0506091,1,887.1
"Dec 28, 09:00 am",2866.59,7.18745,1,0.0504333,1,944.2
"Dec 28, 10:00 am",2866.67,6.64151,0.896534,0.0501209,0.896534,976.2
"Dec 28, 11:00 am",2867.22,2.98668,0.414171,0.0498233,0.414171,994.2
"Dec 28, 12:00 pm",2867.01,2.98647,0.411149,0.0496236,0.411149,1001.5
"Dec 28, 01:00 pm",2866.56,0.476723,1,0.0495686,1,82.4
"Dec 28, 02:00 pm",2866.56,0.444845,1,0.0495791,1,65
"Dec 28, 03:00 pm",2866.56,0.366378,1,0.0497094,1,27
"Dec 28, 04:00 pm",2792.42,0.245616,1,0.0498745,1,9.5
"Dec 28, 05:00 pm",1177.96,0.128056,1,0.0500048,1,9
"Dec 28, 06:00 pm",0,0,1,0.0502313,1,8.2
"Dec 28, 07:00 pm",0,0,1,0.0504641,1,624
"Dec 28, 08:00 pm",0,0,1,0.0506486,1,0
"Dec 28, 09:00 pm",0,0,1,0.0507849,1,0
"Dec 28, 10:00 pm",0,0,1,0.050889,1,0
"Dec 28, 11:00 pm",0,0,1,0.0509609,1,0
"Dec 29, 12:00 am",0,0,1,0.0509863,1,0
"Dec 29, 01:00 am",0,0,1,0.051074,1,0
"Dec 29, 02:00 am",0,0,1,0.0510625,1,0
"Dec 29, 03:00 am",0,0,1,0.051131,1,0
"Dec 29, 04:00 am",0,0,1,0.0512955,1,0
"Dec 29, 05:00 am",0,0,1,0.0513479,1,0
"Dec 29, 06:00 am",0,0,1,0.0511603,1,0
"Dec 29, 07:00 am",0,1.45995,1,0.0507148,1,768
"Dec 29, 08:00 am",0,0.470732,1,0.0504366,1,8.9
"Dec 29, 09:00 am",0,0.271456,1,0.0498997,1,17.7
"Dec 29, 10:00 am",0,0.144215,1,0.049591,1,22.9
"Dec 29, 11:00 am",0,0,1,0.0492416,1,63.2
"Dec 29, 12:00 pm",0,6.24166,1,0.049123,1,995.6
"Dec 29, 01:00 pm",0,2.96252,0.420844,0.049097,0.420844,995.8
"Dec 29, 02:00 pm",0,0,1,0.0490087,1,988.9
"Dec 29, 03:00 pm",0,0,1,0.0490656,1,973.6
"Dec 29, 04:00 pm",0,0,1,0.0492344,1,947
"Dec 29, 05:00 pm",0,0,1,0.049323,1,901.4
"Dec 29, 06:00 pm",0,0,1,0.0495713,1,817.6
"Dec 29, 07:00 pm",0,0,1,0.0498673,1,623
"Dec 29, 08:00 pm",0,0,1,0.050067,1,0
"Dec 29, 09:00 pm",0,0,1,0.0502345,1,0
"Dec 29, 10:00 pm",0,0,1,0.0503648,1,0
"Dec 29, 11:00 pm",0,0,1,0.0505002,1,0
"Dec 30, 12:00 am",0,0,1,0.0506299,1,0
"Dec 30, 01:00 am",0,0,1,0.0507116,1,0
"Dec 30, 02:00 am",0,0,1,0.0508093,1,0
"Dec 30, 03:00 am",0,0,1,0.0508589,1,0
"Dec 30, 04:00 am",0,0,1,0.0509725,1,0
"Dec 30, 05:00 am",0,0,1,0.0507982,1,0
"Dec 30, 06:00 am",0,0,1,0.0506078,1,0
"Dec 30, 07:00 am",0,0,1,0.0500496,1,752.2
"Dec 30, 08:00 am",0,0,1,0.0495715,1,873.6
"Dec 30, 09:00 am",0,0,1,0.0491575,1,932
"Dec 30, 10:00 am",0,0,1,0.0487276,1,964.3
"Dec 30, 11:00 am",0,0,1,0.0483938,1,982.4
"Dec 30, 12:00 pm",0,0,1,0.0482083,1,991
"Dec 30, 01:00 pm",0,0,1,0.0480794,1,991.8
"Dec 30, 02:00 pm",0,0,1,0.0479994,1,985.5
"Dec 30, 03:00 pm",0,0,1,0.0481434,1,969.8
"Dec 30, 04:00 pm",0,0,1,0.0483354,1,943.3
"Dec 30, 05:00 pm",0,0,1,0.0485914,1,897.6
"Dec 30, 06:00 pm",0,0,1,0.0489434,1,815.7
"Dec 30, 07:00 pm",0,0,1,0.0493754,1,624.1
"Dec 30, 08:00 pm",0,0,1,0.0496314,1,0
"Dec 30, 09:00 pm",0,0,1,0.0498234,1,0
"Dec 30, 10:00 pm",0,0,1,0.0499674,1,0
"Dec 30, 11:00 pm",0,0,1,0.0501754,1,0
"Dec 31, 12:00 am",0,0,1,0.0503354,1,0
"Dec 31, 01:00 am",0,0,1,0.0504634,1,0
"Dec 31, 02:00 am",0,0,1,0.0506073,1,0
"Dec 31, 03:00 am",0,0,1,0.0507194,1,0
"Dec 31, 04:00 am",0,0,1,0.0508633,1,0
"Dec 31, 05:00 am",0,0,1,0.0507833,1,0
"Dec 31, 06:00 am",2820.18,0,1,0.0507354,1,0
"Dec 31, 07:00 am",2858.86,3.18421,1,0.0504365,1,737
"Dec 31, 08:00 am",2866.9,6.2574,0.971585,0.0501167,0.971585,859.6
"Dec 31, 09:00 am",2867.03,2.98649,0.445455,0.0497014,0.445455,919.1
"Dec 31, 10:00 am",2867.03,2.98649,0.427182,0.0492775,0.427182,952
"Dec 31, 11:00 am",2867.03,2.98649,0.421609,0.0489022,0.421609,970.7
"Dec 31, 12:00 pm",2867.03,2.98649,0.420115,0.0486872,0.420115,979.6
"Dec 31, 01:00 pm",2867.03,2.98649,0.431961,0.0485365,0.431961,980.7
"Dec 31, 02:00 pm",2867.02,2.98648,0.429746,0.0485618,0.429746,974.4
"Dec 31, 03:00 pm",2867.02,2.98648,0.427648,0.048651,0.427648,959.9
"Dec 31, 04:00 pm",2867.03,2.98648,0.434636,0.0488192,0.434636,933.7
"Dec 31, 05:00 pm",2867.03,2.98649,0.54131,0.0489918,0.54131,888.6
"Dec 31, 06:00 pm",2866.54,2.85216,1,0.0493161,1,807.7
"Dec 31, 07:00 pm",2782.48,0.399028,1,0.0498128,1,616.8
"Dec 31, 08:00 pm",2615.08,0.229039,1,0.0514733,1,0
"Dec 31, 09:00 pm",2820.18,0,1,0.0513981,1,0
"Dec 31, 10:00 pm",0,0,1,0.0514762,1,0
"Dec 31, 11:00 pm",0,0,1,0.0515101,1,0
