"Time stamp","System net thermal power w/ avail. derate | (kWt)","Field thermal power leaving in HTF | (MWt)","Field optical focus fraction","TES thermal losses | (MWt)","Field fraction of focused SCAs","Resource Beam normal irradiance | (W/m2)"
"Jan 1, 12:00 am",2866.72,0,1,0.0513829,1,0
"Jan 1, 01:00 am",561.176,0,1,0.0514026,1,0
"Jan 1, 02:00 am",0,0,1,0.051476,1,0
"Jan 1, 03:00 am",0,0,1,0.0516434,1,0
"Jan 1, 04:00 am",0,0,1,0.0516347,1,0
"Jan 1, 05:00 am",0,0,1,0.051658,1,0
"Jan 1, 06:00 am",0,0,1,0.0516972,1,0
"Jan 1, 07:00 am",0,0,1,0.0512726,1,740.2
"Jan 1, 08:00 am",2866.59,6.90464,1,0.0509593,1,867.1
"Jan 1, 09:00 am",2866.59,7.07343,1,0.0505398,1,929.3
"Jan 1, 10:00 am",2866.98,7.09056,0.966315,0.0500573,0.966315,964.8
"Jan 1, 11:00 am",2867.11,2.98657,0.416108,0.0496538,0.416108,985.8
"Jan 1, 12:00 pm",2867.03,2.98649,0.414412,0.0493744,0.414412,993.3
"Jan 1, 01:00 pm",2867.03,2.98649,0.426486,0.0491594,0.426486,993.3
"Jan 1, 02:00 pm",2867.03,2.98649,0.42484,0.0492004,0.42484,985.9
"Jan 1, 03:00 pm",2867.03,2.98648,0.422531,0.0492413,0.422531,971.6
"Jan 1, 04:00 pm",2867.03,2.98649,0.429053,0.0494101,0.429053,945.8
"Jan 1, 05:00 pm",2867.03,2.98649,0.532429,0.0495467,0.532429,901.4
"Jan 1, 06:00 pm",2866.53,2.89212,1,0.0497523,1,815.5
"Jan 1, 07:00 pm",2866.56,0.399079,1,0.0501157,1,621.2
"Jan 1, 08:00 pm",2795.99,0.229662,1,0.0504272,1,0
"Jan 1, 09:00 pm",2866.62,0,1,0.0506372,1,0
"Jan 1, 10:00 pm",2866.66,0,1,0.0507354,1,0
"Jan 1, 11:00 pm",0,0,1,0.050818,1,0
"Jan 2, 12:00 am",0,0,1,0.0508441,1,0
"Jan 2, 01:00 am",0,0,1,0.0508382,1,0
"Jan 2, 02:00 am",0,0,1,0.0508803,1,0
"Jan 2, 03:00 am",0,0,1,0.0509542,1,0
"Jan 2, 04:00 am",0,0,1,0.0509961,1,0
"Jan 2, 05:00 am",0,0,1,0.050942,1,0
"Jan 2, 06:00 am",0,0,1,0.0509683,1,0
"Jan 2, 07:00 am",974.179,1.26341,1,0.0506575,1,746.5
"Jan 2, 08:00 am",2866.59,6.51576,1,0.0503647,1,870.9
"Jan 2, 09:00 am",2866.59,7.11272,1,0.0500707,1,934.2
"Jan 2, 10:00 am",2866.95,7.17727,0.971733,0.0497136,0.971733,970.8
"Jan 2, 11:00 am",2867.13,2.98659,0.414652,0.0493803,0.414652,992.6
"Jan 2, 12:00 pm",2867.03,2.98649,0.410835,0.0491171,0.410835,1002.4
"Jan 2, 01:00 pm",2867.03,2.98649,0.421845,0.0489182,0.421845,1004.5
"Jan 2, 02:00 pm",2867.03,2.98649,0.419403,0.0489274,0.419403,999.3
"Jan 2, 03:00 pm",2867.04,2.9865,0.416564,0.0490006,0.416564,985.9
"Jan 2, 04:00 pm",2867.02,2.98648,0.422108,0.0491056,0.422108,961.5
"Jan 2, 05:00 pm",2867.04,2.9865,0.521339,0.0492904,0.521339,918.8
"Jan 2, 06:00 pm",2866.53,2.96178,1,0.0495569,1,831.1
"Jan 2, 07:00 pm",2866.56,0.399121,1,0.0500421,1,635.1
"Jan 2, 08:00 pm",2747.47,0.229806,1,0.0504671,1,0
"Jan 2, 09:00 pm",2866.61,0,1,0.0506864,1,0
"Jan 2, 10:00 pm",2866.6,0,1,0.0508799,1,0
"Jan 2, 11:00 pm",0,0,1,0.0509827,1,0
"Jan 3, 12:00 am",0,0,1,0.051007,1,0
"Jan 3, 01:00 am",0,0,1,0.0510313,1,0
"Jan 3, 02:00 am",0,0,1,0.0510235,1,0
"Jan 3, 03:00 am",0,0,1,0.0510345,1,0
"Jan 3, 04:00 am",0,0,1,0.0510756,1,0
"Jan 3, 05:00 am",0,0,1,0.0508721,1,0
"Jan 3, 06:00 am",0,0,1,0.0507806,1,0
"Jan 3, 07:00 am",1223.62,1.50414,1,0.0503376,1,761.8
"Jan 3, 08:00 am",2866.59,6.59471,1,0.0500646,1,885.2
"Jan 3, 09:00 am",2866.59,7.19613,1,0.0497881,1,944.8
"Jan 3, 10:00 am",2866.97,7.18829,0.966357,0.0494461,0.966357,977.7
"Jan 3, 11:00 am",2867.14,2.9866,0.413464,0.0490964,0.413464,996.4
"Jan 3, 12:00 pm",2867.03,2.98649,0.410652,0.0488176,0.410652,1003
"Jan 3, 01:00 pm",2867.03,2.98649,0.4229,0.0486351,0.4229,1002.1
"Jan 3, 02:00 pm",2867.03,2.98649,0.42177,0.0486606,0.42177,994.3
"Jan 3, 03:00 pm",2867.03,2.98649,0.41997,0.0487501,0.41997,978.2
"Jan 3, 04:00 pm",2867.03,2.98649,0.42663,0.0488714,0.42663,951.3
"Jan 3, 05:00 pm",2867.03,2.98649,0.527957,0.0490886,0.527957,905.5
"Jan 3, 06:00 pm",2866.53,2.96328,1,0.0493393,1,828.9
"Jan 3, 07:00 pm",2866.56,0.399154,1,0.049819,1,646.2
"Jan 3, 08:00 pm",2749.07,0.22994,1,0.050208,1,0
"Jan 3, 09:00 pm",2866.61,0,1,0.0504816,1,0
"Jan 3, 10:00 pm",2866.61,0,1,0.0506631,1,0
"Jan 3, 11:00 pm",0,0,1,0.0507995,1,0
"Jan 4, 12:00 am",0,0,1,0.0508562,1,0
"Jan 4, 01:00 am",0,0,1,0.0508807,1,0
"Jan 4, 02:00 am",0,0,1,0.0509052,1,0
"Jan 4, 03:00 am",0,0,1,0.0509617,1,0
"Jan 4, 04:00 am",0,0,1,0.051032,1,0
"Jan 4, 05:00 am",0,0,1,0.0508124,1,0
"Jan 4, 06:00 am",0,0,1,0.050625,1,0
"Jan 4, 07:00 am",891.679,1.2605,1,0.0502301,1,752.5
"Jan 4, 08:00 am",2866.59,6.59537,1,0.0498912,1,880.7
"Jan 4, 09:00 am",2866.59,7.17585,1,0.0495657,1,942
"Jan 4, 10:00 am",2866.94,7.11904,0.958363,0.0491913,0.958363,976.6
"Jan 4, 11:00 am",2867.16,2.98662,0.413415,0.0488098,0.413415,996.5
"Jan 4, 12:00 pm",2867.03,2.98649,0.410306,0.0485153,0.410306,1003.9
"Jan 4, 01:00 pm",2867.04,2.9865,0.422261,0.0483172,0.422261,1003.7
"Jan 4, 02:00 pm",2867.03,2.98649,0.421141,0.0483591,0.421141,996.4
"Jan 4, 03:00 pm",2867.03,2.98649,0.418808,0.048433,0.418808,981.3
"Jan 4, 04:00 pm",2867.03,2.98649,0.424808,0.0485227,0.424808,955.3
"Jan 4, 05:00 pm",2867.05,2.98651,0.524008,0.0486763,0.524008,910.6
"Jan 4, 06:00 pm",2866.53,2.96647,1,0.0489273,1,827.2
"Jan 4, 07:00 pm",2866.56,0.39926,1,0.0494414,1,635.4
"Jan 4, 08:00 pm",2748.52,0.230268,1,0.0498971,1,0
"Jan 4, 09:00 pm",2866.61,0,1,0.0501562,1,0
"Jan 4, 10:00 pm",2866.61,0,1,0.0503706,1,0
"Jan 4, 11:00 pm",0,0,1,0.0505396,1,0
"Jan 5, 12:00 am",0,0,1,0.0506126,1,0
"Jan 5, 01:00 am",0,0,1,0.0506534,1,0
"Jan 5, 02:00 am",0,0,1,0.0506303,1,0
"Jan 5, 03:00 am",0,0,1,0.0506393,1,0
"Jan 5, 04:00 am",0,0,1,0.0507103,1,0
"Jan 5, 05:00 am",0,0,1,0.0505389,1,0
"Jan 5, 06:00 am",0,0,1,0.0503995,1,0
"Jan 5, 07:00 am",884.082,1.24227,1,0.0500687,1,750.5
"Jan 5, 08:00 am",2866.59,6.56258,1,0.0497914,1,877.1
"Jan 5, 09:00 am",2866.59,7.15029,1,0.0494974,1,938.6
"Jan 5, 10:00 am",2866.94,7.18455,0.970818,0.0491567,0.970818,972.7
"Jan 5, 11:00 am",2867.15,2.98661,0.415308,0.0488078,0.415308,992.2
"Jan 5, 12:00 pm",2867.03,2.98649,0.412415,0.0485774,0.412415,999.1
"Jan 5, 01:00 pm",2867.03,2.98649,0.424569,0.0484111,0.424569,998.7
"Jan 5, 02:00 pm",2867.03,2.98649,0.423897,0.0484849,0.423897,990.8
"Jan 5, 03:00 pm",2867.03,2.98649,0.421308,0.0485586,0.421308,976
"Jan 5, 04:00 pm",2867.03,2.98649,0.427314,0.0487282,0.427314,950
"Jan 5, 05:00 pm",2867.03,2.98649,0.526261,0.0488495,0.526261,905.4
"Jan 5, 06:00 pm",2866.53,2.97375,1,0.0491477,1,826.8
"Jan 5, 07:00 pm",2866.56,0.398416,1,0.0496779,1,641.7
"Jan 5, 08:00 pm",2747.32,0.2295,1,0.0501344,1,0
"Jan 5, 09:00 pm",2866.61,0,1,0.0504097,1,0
"Jan 5, 10:00 pm",2866.61,0,1,0.0505763,1,0
"Jan 5, 11:00 pm",0,0,1,0.0506972,1,0
"Jan 6, 12:00 am",0,0,1,0.0507701,1,0
"Jan 6, 01:00 am",0,0,1,0.0507948,1,0
"Jan 6, 02:00 am",0,0,1,0.0508515,1,0
"Jan 6, 03:00 am",0,0,1,0.0509253,1,0
"Jan 6, 04:00 am",0,0,1,0.0508371,1,0
"Jan 6, 05:00 am",0,0,1,0.0507617,1,0
"Jan 6, 06:00 am",0,0,1,0.0506382,1,0
"Jan 6, 07:00 am",872.604,1.1601,1,0.0502755,1,732.6
"Jan 6, 08:00 am",2866.59,6.44535,1,0.0500748,1,862
"Jan 6, 09:00 am",2866.59,7.0313,1,0.049812,1,923.4
"Jan 6, 10:00 am",2866.53,7.28466,1,0.0495065,1,957.3
"Jan 6, 11:00 am",2867.48,3.19901,0.450103,0.0492575,0.450103,976.3
"Jan 6, 12:00 pm",2867.01,2.98647,0.419806,0.0490923,0.419806,983
"Jan 6, 01:00 pm",2867.03,2.98649,0.432219,0.0489893,0.432219,981.9
"Jan 6, 02:00 pm",2867.02,2.98648,0.432038,0.0490145,0.432038,973.4
"Jan 6, 03:00 pm",2867.02,2.98648,0.429838,0.0491195,0.429838,957.6
"Jan 6, 04:00 pm",2867.03,2.98649,0.43653,0.0492404,0.43653,930.4
"Jan 6, 05:00 pm",2867.03,2.98649,0.538357,0.0493451,0.538357,884.1
"Jan 6, 06:00 pm",2866.53,2.90195,1,0.0495529,1,807.1
"Jan 6, 07:00 pm",2866.56,0.399024,1,0.0499089,1,623.4
"Jan 6, 08:00 pm",2747.96,0.229579,1,0.0502658,1,0
"Jan 6, 09:00 pm",2866.61,0,1,0.0504918,1,0
"Jan 6, 10:00 pm",2836.11,0,1,0.0506093,1,0
"Jan 6, 11:00 pm",0,0,1,0.0506493,1,0
"Jan 7, 12:00 am",0,0,1,0.0506896,1,0
"Jan 7, 01:00 am",0,0,1,0.0506819,1,0
"Jan 7, 02:00 am",0,0,1,0.0506262,1,0
"Jan 7, 03:00 am",0,0,1,0.0508286,1,0
"Jan 7, 04:00 am",0,0,1,0.0508211,1,0
"Jan 7, 05:00 am",0,0,1,0.0508896,1,0
"Jan 7, 06:00 am",0,0,1,0.0507342,1,0
"Jan 7, 07:00 am",807.238,1.03048,1,0.0503868,1,702.4
"Jan 7, 08:00 am",2866.59,6.24926,1,0.0501864,1,837
"Jan 7, 09:00 am",2866.59,6.85602,1,0.0498545,1,901.7
"Jan 7, 10:00 am",2866.54,7.13328,1,0.0496202,1,938.2
"Jan 7, 11:00 am",2866.92,3.81923,0.540895,0.0493812,0.540895,959.4
"Jan 7, 12:00 pm",2866.98,2.98644,0.426634,0.0491256,0.426634,969.7
"Jan 7, 01:00 pm",2867.02,2.98648,0.436837,0.0488787,0.436837,972.1
"Jan 7, 02:00 pm",2867.03,2.98649,0.435439,0.0489199,0.435439,966.7
"Jan 7, 03:00 pm",2867.02,2.98648,0.431883,0.0490251,0.431883,953.6
"Jan 7, 04:00 pm",2867.03,2.98649,0.437155,0.0491461,0.437155,929.2
"Jan 7, 05:00 pm",2867.03,2.98649,0.536316,0.0493468,0.536316,886.2
"Jan 7, 06:00 pm",2866.53,2.88904,1,0.0496036,1,802.1
"Jan 7, 07:00 pm",2866.56,0.399071,1,0.0500069,1,611.1
"Jan 7, 08:00 pm",2747.02,0.229716,1,0.0504257,1,0
"Jan 7, 09:00 pm",2866.61,0,1,0.0507466,1,0
"Jan 7, 10:00 pm",2820.21,0,1,0.0509272,1,0
"Jan 7, 11:00 pm",0,0,1,0.0510145,1,0
"Jan 8, 12:00 am",0,0,1,0.0510384,1,0
"Jan 8, 01:00 am",0,0,1,0.0510942,1,0
"Jan 8, 02:00 am",0,0,1,0.05091,1,0
"Jan 8, 03:00 am",0,0,1,0.0506987,1,0
"Jan 8, 04:00 am",0,0,1,0.0505978,1,0
"Jan 8, 05:00 am",0,0,1,0.0504104,1,0
"Jan 8, 06:00 am",0,0,1,0.0502711,1,0
"Jan 8, 07:00 am",830.736,1.12379,1,0.0499398,1,731
"Jan 8, 08:00 am",2866.59,6.46157,1,0.049772,1,865.1
"Jan 8, 09:00 am",2866.59,7.09477,1,0.0495583,1,931.4
"Jan 8, 10:00 am",2803.63,7.37911,1,0.0492379,1,969.6
"Jan 8, 11:00 am",2867.11,2.98658,0.41572,0.048939,0.41572,992.6
"Jan 8, 12:00 pm",2867.03,2.98649,0.41208,0.0486923,0.41208,1001.1
"Jan 8, 01:00 pm",2867.03,2.98649,0.423752,0.048526,0.423752,1001.9
"Jan 8, 02:00 pm",2867.03,2.98649,0.423115,0.0483598,0.423115,995.3
"Jan 8, 03:00 pm",2867.03,2.98649,0.420338,0.0484177,0.420338,980
"Jan 8, 04:00 pm",2867.03,2.98649,0.426034,0.0485714,0.426034,953.4
"Jan 8, 05:00 pm",2867.04,2.9865,0.522456,0.0487409,0.522456,908.4
"Jan 8, 06:00 pm",2866.53,2.96625,1,0.0490078,1,820.6
"Jan 8, 07:00 pm",2866.56,0.399181,1,0.0495222,1,625.3
"Jan 8, 08:00 pm",2749.14,0.230108,1,0.0499623,1,0
"Jan 8, 09:00 pm",2866.61,0,1,0.0502696,1,0
"Jan 8, 10:00 pm",2866.61,0,1,0.0505161,1,0
"Jan 8, 11:00 pm",0,0,1,0.050653,1,0
"Jan 9, 12:00 am",0,0,1,0.0506939,1,0
"Jan 9, 01:00 am",0,0,1,0.0507347,1,0
"Jan 9, 02:00 am",0,0,1,0.0507115,1,0
"Jan 9, 03:00 am",0,0,1,0.0506403,1,0
"Jan 9, 04:00 am",0,0,1,0.0507743,1,0
"Jan 9, 05:00 am",0,0,1,0.0506981,1,0
"Jan 9, 06:00 am",0,0,1,0.0506067,1,0
"Jan 9, 07:00 am",873.697,1.18259,1,0.0502279,1,752.5
"Jan 9, 08:00 am",2866.59,6.61731,1,0.0499691,1,888.4
"Jan 9, 09:00 am",2866.59,7.2429,1,0.0498361,1,950.3
"Jan 9, 10:00 am",2866.92,7.08799,0.947952,0.0494616,0.947952,983.9
"Jan 9, 11:00 am",2867.15,2.98662,0.411453,0.0492393,0.411453,1002.9
"Jan 9, 12:00 pm",2867.02,2.98648,0.409857,0.0490402,0.409857,1007.3
"Jan 9, 01:00 pm",2867.03,2.98649,0.422948,0.0489054,0.422948,1004.6
"Jan 9, 02:00 pm",2867.03,2.98648,0.423762,0.0489146,0.423762,995.2
"Jan 9, 03:00 pm",2867.02,2.98648,0.420685,0.0489878,0.420685,980.2
"Jan 9, 04:00 pm",2867.03,2.98648,0.426034,0.0491088,0.426034,953.9
"Jan 9, 05:00 pm",2867.04,2.9865,0.521614,0.0492777,0.521614,909.2
"Jan 9, 06:00 pm",2866.24,2.98567,0.995353,0.0494783,0.995353,828.5
"Jan 9, 07:00 pm",2866.56,0.398855,1,0.0499609,1,641.1
"Jan 9, 08:00 pm",2747.64,0.229721,1,0.0503873,1,0
"Jan 9, 09:00 pm",2866.61,0,1,0.0506155,1,0
"Jan 9, 10:00 pm",2866.62,0,1,0.0507985,1,0
"Jan 9, 11:00 pm",0,0,1,0.0508237,1,0
"Jan 10, 12:00 am",0,0,1,0.0507526,1,0
"Jan 10, 01:00 am",0,0,1,0.0507616,1,0
"Jan 10, 02:00 am",0,0,1,0.0507546,1,0
"Jan 10, 03:00 am",0,0,1,0.0507961,1,0
"Jan 10, 04:00 am",0,0,1,0.0509154,1,0
"Jan 10, 05:00 am",0,0,1,0.0509199,1,0
"Jan 10, 06:00 am",0,0,1,0.0510363,1,0
"Jan 10, 07:00 am",878.168,1.13816,1,0.0506417,1,744.8
"Jan 10, 08:00 am",2866.59,6.54272,1,0.0503165,1,882.3
"Jan 10, 09:00 am",2866.59,7.22523,1,0.0501196,1,947.9
"Jan 10, 10:00 am",2867,7.22115,0.964538,0.0496515,0.964538,984.7
"Jan 10, 11:00 am",2867.13,2.9866,0.410293,0.04935,0.410293,1006.2
"Jan 10, 12:00 pm",2867.02,2.98648,0.4083,0.0490549,0.4083,1011.5
"Jan 10, 01:00 pm",2867.03,2.98649,0.421067,0.0488081,0.421067,1009.5
"Jan 10, 02:00 pm",2867.03,2.98649,0.421789,0.0488815,0.421789,1000.8
"Jan 10, 03:00 pm",2867.03,2.98649,0.419289,0.0489547,0.419289,984.1
"Jan 10, 04:00 pm",2867.03,2.98649,0.424909,0.0490598,0.424909,956.6
"Jan 10, 05:00 pm",2867.04,2.9865,0.520329,0.0491647,0.520329,910.6
"Jan 10, 06:00 pm",2865.9,2.98531,0.992658,0.0493974,0.992658,829.8
"Jan 10, 07:00 pm",2866.56,0.398826,1,0.0498646,1,641.8
"Jan 10, 08:00 pm",2747.87,0.229612,1,0.0502754,1,0
"Jan 10, 09:00 pm",2866.61,0,1,0.0505199,1,0
"Jan 10, 10:00 pm",2866.62,0,1,0.0506872,1,0
"Jan 10, 11:00 pm",0,0,1,0.0507925,1,0
"Jan 11, 12:00 am",0,0,1,0.0508014,1,0
"Jan 11, 01:00 am",0,0,1,0.0507944,1,0
"Jan 11, 02:00 am",0,0,1,0.0507874,1,0
"Jan 11, 03:00 am",0,0,1,0.0508283,1,0
"Jan 11, 04:00 am",0,0,1,0.050867,1,0
"Jan 11, 05:00 am",0,0,1,0.0508395,1,0
"Jan 11, 06:00 am",0,0,1,0.050924,1,0
"Jan 11, 07:00 am",876.344,1.12669,1,0.0504814,1,746.8
"Jan 11, 08:00 am",2866.59,6.53813,1,0.0501881,1,885.3
"Jan 11, 09:00 am",2866.59,7.2409,1,0.0498477,1,949.8
"Jan 11, 10:00 am",2867,7.21921,0.963796,0.0494599,0.963796,985.5
"Jan 11, 11:00 am",2867.13,2.98659,0.410536,0.0491266,0.410536,1006.1
"Jan 11, 12:00 pm",2867.02,2.98648,0.408349,0.0487838,0.408349,1011.9
"Jan 11, 01:00 pm",2867.03,2.98649,0.420817,0.0485053,0.420817,1010.6
"Jan 11, 02:00 pm",2867.03,2.98649,0.421634,0.0485311,0.421634,1002.2
"Jan 11, 03:00 pm",2867.03,2.98649,0.417598,0.0485408,0.417598,988.7
"Jan 11, 04:00 pm",2867.03,2.98649,0.421532,0.0485984,0.421532,964.4
"Jan 11, 05:00 pm",2867.03,2.98649,0.51374,0.0487999,0.51374,921.4
"Jan 11, 06:00 pm",2866.23,2.98566,0.984295,0.049065,0.984295,835.9
"Jan 11, 07:00 pm",2866.56,0.399029,1,0.0495638,1,643
"Jan 11, 08:00 pm",2748.93,0.230273,1,0.0500222,1,0
"Jan 11, 09:00 pm",2866.61,0,1,0.0503464,1,0
"Jan 11, 10:00 pm",2866.62,0,1,0.0505455,1,0
"Jan 11, 11:00 pm",0,0,1,0.0506669,1,0
"Jan 12, 12:00 am",0,0,1,0.050708,1,0
"Jan 12, 01:00 am",0,0,1,0.0507971,1,0
"Jan 12, 02:00 am",0,0,1,0.050822,1,0
"Jan 12, 03:00 am",0,0,1,0.050799,1,0
"Jan 12, 04:00 am",0,0,1,0.0508688,1,0
"Jan 12, 05:00 am",0,0,1,0.0506965,1,0
"Jan 12, 06:00 am",0,0,1,0.0504291,1,0
"Jan 12, 07:00 am",846.098,1.00092,1,0.0497627,1,714.5
"Jan 12, 08:00 am",2866.59,6.26619,1,0.0493474,1,853.9
"Jan 12, 09:00 am",2866.59,7.01311,1,0.0491499,1,920.3
"Jan 12, 10:00 am",2866.54,7.27797,1,0.0487701,1,957.1
"Jan 12, 11:00 am",2866.06,3.53376,0.494066,0.0485114,0.494066,978.5
"Jan 12, 12:00 pm",2867.24,2.98671,0.417957,0.0482864,0.417957,989.3
"Jan 12, 01:00 pm",2867.03,2.98649,0.428763,0.0481206,0.428763,992.3
"Jan 12, 02:00 pm",2867.04,2.9865,0.428182,0.0481628,0.428182,987.8
"Jan 12, 03:00 pm",2867.03,2.98649,0.423687,0.0482689,0.423687,975.1
"Jan 12, 04:00 pm",2867.03,2.98649,0.427534,0.0483748,0.427534,951
"Jan 12, 05:00 pm",2867.04,2.9865,0.520657,0.0485925,0.520657,908.6
"Jan 12, 06:00 pm",2865.33,2.98472,0.987896,0.0489699,0.987896,832.2
"Jan 12, 07:00 pm",2866.56,0.398974,1,0.0495143,1,649.2
"Jan 12, 08:00 pm",2750.97,0.230164,1,0.0499538,1,0
"Jan 12, 09:00 pm",2866.61,0,1,0.0502286,1,0
"Jan 12, 10:00 pm",2866.62,0,1,0.050459,1,0
"Jan 12, 11:00 pm",0,0,1,0.0506121,1,0
"Jan 13, 12:00 am",0,0,1,0.0507015,1,0
"Jan 13, 01:00 am",0,0,1,0.0507746,1,0
"Jan 13, 02:00 am",0,0,1,0.0508157,1,0
"Jan 13, 03:00 am",0,0,1,0.0506649,1,0
"Jan 13, 04:00 am",0,0,1,0.0505234,1,0
"Jan 13, 05:00 am",0,0,1,0.0504275,1,0
"Jan 13, 06:00 am",0,0,1,0.0502722,1,0
"Jan 13, 07:00 am",844.454,0.970592,1,0.0498139,1,708.2
"Jan 13, 08:00 am",2866.59,6.19965,1,0.0495637,1,848.6
"Jan 13, 09:00 am",2866.59,6.97281,1,0.0494261,1,915.7
"Jan 13, 10:00 am",2866.54,7.24176,1,0.0491146,1,952.8
"Jan 13, 11:00 am",2867.73,3.68542,0.51614,0.0488432,0.51614,974.6
"Jan 13, 12:00 pm",2867.2,2.98667,0.420496,0.0486514,0.420496,984.7
"Jan 13, 01:00 pm",2867.03,2.98649,0.431447,0.0486609,0.431447,987.1
"Jan 13, 02:00 pm",2867.03,2.98649,0.431455,0.0487504,0.431455,981.9
"Jan 13, 03:00 pm",2867.03,2.98648,0.427505,0.0488557,0.427505,967.6
"Jan 13, 04:00 pm",2867.03,2.98649,0.432268,0.0490089,0.432268,941.3
"Jan 13, 05:00 pm",2867.03,2.98649,0.527678,0.0491779,0.527678,896.5
"Jan 13, 06:00 pm",2866.53,2.97176,1,0.0494918,1,818.7
"Jan 13, 07:00 pm",2866.56,0.398207,1,0.0498921,1,633.4
"Jan 13, 08:00 pm",2747.32,0.229238,1,0.0502506,1,0
"Jan 13, 09:00 pm",2866.61,0,1,0.0504609,1,0
"Jan 13, 10:00 pm",2866.61,0,1,0.0505789,1,0
"Jan 13, 11:00 pm",0,0,1,0.0505877,1,0
"Jan 14, 12:00 am",0,0,1,0.0506767,1,0
"Jan 14, 01:00 am",0,0,1,0.0506696,1,0
"Jan 14, 02:00 am",0,0,1,0.0506784,1,0
"Jan 14, 03:00 am",0,0,1,0.0506718,1,0
"Jan 14, 04:00 am",0,0,1,0.0506951,1,0
"Jan 14, 05:00 am",0,0,1,0.0507637,1,0
"Jan 14, 06:00 am",0,0,1,0.0508322,1,0
"Jan 14, 07:00 am",818.367,0.956891,1,0.0503574,1,707.2
"Jan 14, 08:00 am",2866.59,6.18092,1,0.0500098,1,850
"Jan 14, 09:00 am",2866.59,6.98485,1,0.0496803,1,917.1
"Jan 14, 10:00 am",2866.54,7.25198,1,0.0493214,1,954.4
"Jan 14, 11:00 am",2865.8,3.69219,0.516938,0.0489861,0.516938,975.4
"Jan 14, 12:00 pm",2867.21,2.98668,0.42128,0.0487622,0.42128,983.5
"Jan 14, 01:00 pm",2867.03,2.98648,0.433267,0.0488036,0.433267,983.7
"Jan 14, 02:00 pm",2867.03,2.98649,0.434332,0.0488769,0.434332,976.7
"Jan 14, 03:00 pm",2867.02,2.98648,0.43016,0.0489661,0.43016,962.6
"Jan 14, 04:00 pm",2867.02,2.98648,0.434303,0.0491351,0.434303,937.3
"Jan 14, 05:00 pm",2867.02,2.98648,0.52979,0.049288,0.52979,892.8
"Jan 14, 06:00 pm",2866.53,2.9404,1,0.0495404,1,811.3
"Jan 14, 07:00 pm",2866.56,0.398988,1,0.0499098,1,620.4
"Jan 14, 08:00 pm",2747.56,0.229596,1,0.0503629,1,0
"Jan 14, 09:00 pm",2866.61,0,1,0.0506846,1,0
"Jan 14, 10:00 pm",2866.59,0,1,0.050882,1,0
"Jan 14, 11:00 pm",0,0,1,0.0509859,1,0
"Jan 15, 12:00 am",0,0,1,0.0510259,1,0
"Jan 15, 01:00 am",0,0,1,0.0509059,1,0
"Jan 15, 02:00 am",0,0,1,0.050738,1,0
"Jan 15, 03:00 am",0,0,1,0.0506213,1,0
"Jan 15, 04:00 am",0,0,1,0.0505348,1,0
"Jan 15, 05:00 am",0,0,1,0.0504754,1,0
"Jan 15, 06:00 am",0,0,1,0.0504001,1,0
"Jan 15, 07:00 am",770.419,0.901892,1,0.0501169,1,697.1
"Jan 15, 08:00 am",2866.59,6.09531,1,0.0499577,1,842.7
"Jan 15, 09:00 am",2866.59,6.9349,1,0.049756,1,910.7
"Jan 15, 10:00 am",2866.54,7.19766,1,0.049543,1,947.7
"Jan 15, 11:00 am",2867.91,3.92955,0.552024,0.049339,0.552024,969.2
"Jan 15, 12:00 pm",2867.24,2.98671,0.424168,0.049149,0.424168,978
"Jan 15, 01:00 pm",2867.02,2.98648,0.435839,0.0490141,0.435839,978.8
"Jan 15, 02:00 pm",2867.02,2.98648,0.437067,0.0490551,0.437067,972
"Jan 15, 03:00 pm",2867.02,2.98648,0.43239,0.0491121,0.43239,958.6
"Jan 15, 04:00 pm",2867.02,2.98648,0.435945,0.049169,0.435945,934.2
"Jan 15, 05:00 pm",2867.02,2.98648,0.53114,0.0493058,0.53114,890.5
"Jan 15, 06:00 pm",2866.53,2.9316,1,0.0495111,1,809.4
"Jan 15, 07:00 pm",2866.56,0.398971,1,0.0498807,1,619.1
"Jan 15, 08:00 pm",2748.18,0.22951,1,0.0502533,1,0
"Jan 15, 09:00 pm",2866.61,0,1,0.0504789,1,0
"Jan 15, 10:00 pm",2865.19,0,1,0.0506284,1,0
"Jan 15, 11:00 pm",0,0,1,0.0506845,1,0
"Jan 16, 12:00 am",0,0,1,0.0506768,1,0
"Jan 16, 01:00 am",0,0,1,0.0506371,1,0
"Jan 16, 02:00 am",0,0,1,0.0505975,1,0
"Jan 16, 03:00 am",0,0,1,0.0505913,1,0
"Jan 16, 04:00 am",0,0,1,0.0506153,1,0
"Jan 16, 05:00 am",0,0,1,0.0506839,1,0
"Jan 16, 06:00 am",0,0,1,0.0505285,1,0
"Jan 16, 07:00 am",748.533,0.844736,1,0.0502132,1,681.5
"Jan 16, 08:00 am",354.765,0.369546,1,0.049882,1,8.3
"Jan 16, 09:00 am",238.356,0.248287,1,0.0493748,1,10.9
"Jan 16, 10:00 am",135.724,0.14138,1,0.0490437,1,23.6
"Jan 16, 11:00 am",74.457,0,1,0.0487298,1,45.5
"Jan 16, 12:00 pm",2388.78,5.96028,1,0.0486671,1,967.8
"Jan 16, 01:00 pm",2866.59,7.02631,1,0.0487445,1,969.6
"Jan 16, 02:00 pm",2866.54,7.00705,1,0.0489401,1,964
"Jan 16, 03:00 pm",2865.84,3.77556,0.548131,0.0490897,0.548131,949.3
"Jan 16, 04:00 pm",2867.28,2.98675,0.44192,0.0492351,0.44192,923.5
"Jan 16, 05:00 pm",2867.02,2.98648,0.538587,0.0494038,0.538587,878.4
"Jan 16, 06:00 pm",2866.53,2.88664,1,0.0496592,1,798.2
"Jan 16, 07:00 pm",2866.56,0.399009,1,0.0500014,1,608.8
"Jan 16, 08:00 pm",2756.68,0.229576,1,0.0503727,1,0
"Jan 16, 09:00 pm",2866.61,0,1,0.0505812,1,0
"Jan 16, 10:00 pm",2850.16,0,1,0.0507359,1,0
"Jan 16, 11:00 pm",0,0,1,0.0507721,1,0
"Jan 17, 12:00 am",0,0,1,0.0507643,1,0
"Jan 17, 01:00 am",0,0,1,0.0507565,1,0
"Jan 17, 02:00 am",0,0,1,0.0507327,1,0
"Jan 17, 03:00 am",0,0,1,0.0507729,1,0
"Jan 17, 04:00 am",0,0,1,0.0508172,1,0
"Jan 17, 05:00 am",0,0,1,0.0508596,1,0
"Jan 17, 06:00 am",0,0,1,0.0507202,1,0
"Jan 17, 07:00 am",748.137,0.842565,1,0.0503728,1,686.7
"Jan 17, 08:00 am",2866.59,6.00113,1,0.0501294,1,838
"Jan 17, 09:00 am",2866.59,6.89964,1,0.0499596,1,905.8
"Jan 17, 10:00 am",2866.54,7.15698,1,0.0496212,1,942.8
"Jan 17, 11:00 am",2861.24,4.10351,0.580235,0.049342,0.580235,963.1
"Jan 17, 12:00 pm",2867.81,2.9873,0.425768,0.0490756,0.425768,972.8
"Jan 17, 01:00 pm",2867.02,2.98648,0.438492,0.0488768,0.438492,974.2
"Jan 17, 02:00 pm",2867.03,2.98649,0.439819,0.0487262,0.439819,968.2
"Jan 17, 03:00 pm",2867.03,2.98649,0.435535,0.0487836,0.435535,953.3
"Jan 17, 04:00 pm",2867.02,2.98648,0.439476,0.0489049,0.439476,927.2
"Jan 17, 05:00 pm",2867.03,2.98649,0.53628,0.049074,0.53628,882
"Jan 17, 06:00 pm",2866.53,2.88628,1,0.0493788,1,798.8
"Jan 17, 07:00 pm",2866.56,0.399064,1,0.0497735,1,605.1
"Jan 17, 08:00 pm",2750.43,0.229735,1,0.0501668,1,0
"Jan 17, 09:00 pm",2866.61,0,1,0.0503709,1,0
"Jan 17, 10:00 pm",2828.88,0,1,0.0505326,1,0
"Jan 17, 11:00 pm",0,0,1,0.0506194,1,0
"Jan 18, 12:00 am",0,0,1,0.0506118,1,0
"Jan 18, 01:00 am",0,0,1,0.0506042,1,0
"Jan 18, 02:00 am",0,0,1,0.0506445,1,0
"Jan 18, 03:00 am",0,0,1,0.0507327,1,0
"Jan 18, 04:00 am",0,0,1,0.0508338,1,0
"Jan 18, 05:00 am",0,0,1,0.0507411,1,0
"Jan 18, 06:00 am",0,0,1,0.0506017,1,0
"Jan 18, 07:00 am",750.292,0.852959,1,0.0501904,1,694.5
"Jan 18, 08:00 am",2866.59,6.04034,1,0.0499803,1,846.9
"Jan 18, 09:00 am",2866.59,6.94659,1,0.049795,1,911.7
"Jan 18, 10:00 am",2866.54,7.17941,1,0.0495838,1,946
"Jan 18, 11:00 am",2866.92,4.01764,0.567542,0.0493175,0.567542,964.3
"Jan 18, 12:00 pm",2867.33,2.98681,0.426955,0.0490648,0.426955,973.2
"Jan 18, 01:00 pm",2867.02,2.98648,0.439041,0.0488659,0.439041,973.9
"Jan 18, 02:00 pm",2866.56,0.454421,1,0.0490233,1,59.1
"Jan 18, 03:00 pm",2866.56,0.388422,1,0.0492463,1,52.1
"Jan 18, 04:00 pm",2866.55,6.70827,1,0.049455,1,925.9
"Jan 18, 05:00 pm",2865.13,4.66425,0.823283,0.0496465,0.823283,880.5
"Jan 18, 06:00 pm",2866.53,2.87327,1,0.0499338,1,798.5
"Jan 18, 07:00 pm",2866.56,0.398975,1,0.0502056,1,605.4
"Jan 18, 08:00 pm",2765.19,0.229417,1,0.0504531,1,0
"Jan 18, 09:00 pm",2866.62,0,1,0.0505822,1,0
"Jan 18, 10:00 pm",2865.95,0,1,0.0507018,1,0
"Jan 18, 11:00 pm",0,0,1,0.0506992,1,0
"Jan 19, 12:00 am",0,0,1,0.0506276,1,0
"Jan 19, 01:00 am",0,0,1,0.050636,1,0
"Jan 19, 02:00 am",0,0,1,0.0505165,1,0
"Jan 19, 03:00 am",0,0,1,0.0506689,1,0
"Jan 19, 04:00 am",0,0,1,0.0506684,1,0
"Jan 19, 05:00 am",0,0,1,0.050826,1,0
"Jan 19, 06:00 am",0,0,1,0.0507505,1,0
"Jan 19, 07:00 am",0.027176,0,1,0.0504512,1,6.7
"Jan 19, 08:00 am",0,0,1,0.0501359,1,8.3
"Jan 19, 09:00 am",0,0,1,0.0498846,1,9
"Jan 19, 10:00 am",0,0,1,0.0494895,1,9.4
"Jan 19, 11:00 am",0,0,1,0.0492545,1,9.7
"Jan 19, 12:00 pm",0,0,1,0.0491314,1,38.6
"Jan 19, 01:00 pm",0,0,1,0.0491684,1,18.9
"Jan 19, 02:00 pm",1911.02,4.32964,1,0.0492101,1,973.9
"Jan 19, 03:00 pm",2499.71,0.406911,1,0.0493477,1,12.4
"Jan 19, 04:00 pm",2866.59,6.61805,1,0.0496205,1,933
"Jan 19, 05:00 pm",2854.18,0.40186,1,0.0498903,1,8.9
"Jan 19, 06:00 pm",2836.11,2.40536,1,0.0500714,1,802.7
"Jan 19, 07:00 pm",604.888,0.386122,1,0.0502358,1,605.7
"Jan 19, 08:00 pm",217.077,0.226122,1,0.0503754,1,0
"Jan 19, 09:00 pm",0,0,1,0.0504591,1,0
"Jan 19, 10:00 pm",0,0,1,0.0505567,1,0
"Jan 19, 11:00 pm",0,0,1,0.0506574,1,0
"Jan 20, 12:00 am",0,0,1,0.0507579,1,0
"Jan 20, 01:00 am",0,0,1,0.0508265,1,0
"Jan 20, 02:00 am",0,0,1,0.0508951,1,0
"Jan 20, 03:00 am",0,0,1,0.0509636,1,0
"Jan 20, 04:00 am",0,0,1,0.0510481,1,0
"Jan 20, 05:00 am",0,0,1,0.0508447,1,0
"Jan 20, 06:00 am",0,0,1,0.0506253,1,0
"Jan 20, 07:00 am",732.319,0.803446,1,0.0502619,1,690.2
"Jan 20, 08:00 am",2866.59,5.9731,1,0.0500789,1,845.9
"Jan 20, 09:00 am",2866.59,6.97896,1,0.0497499,1,915.4
"Jan 20, 10:00 am",2866.54,7.23249,1,0.0494139,1,953.4
"Jan 20, 11:00 am",2865.3,4.13536,0.578184,0.0490701,0.578184,974.3
"Jan 20, 12:00 pm",2867.36,2.98684,0.423318,0.0487389,0.423318,983.7
"Jan 20, 01:00 pm",2867.02,2.98648,0.434914,0.0487483,0.434914,984.9
"Jan 20, 02:00 pm",2867.03,2.98649,0.437106,0.0489017,0.437106,978.6
"Jan 20, 03:00 pm",2867.03,2.98649,0.431928,0.0490548,0.431928,964.4
"Jan 20, 04:00 pm",2867.03,2.98649,0.434558,0.0491598,0.434558,939.1
"Jan 20, 05:00 pm",2867.03,2.98649,0.529597,0.0493925,0.529597,894.6
"Jan 20, 06:00 pm",2866.53,2.91124,1,0.0496639,1,809.2
"Jan 20, 07:00 pm",2866.56,0.398998,1,0.0501274,1,611
"Jan 20, 08:00 pm",2749.02,0.229531,1,0.0504979,1,0
"Jan 20, 09:00 pm",2866.61,0,1,0.0507629,1,0
"Jan 20, 10:00 pm",2848.43,0,1,0.0509806,1,0
"Jan 20, 11:00 pm",0,0,1,0.0511178,1,0
"Jan 21, 12:00 am",0,0,1,0.0512215,1,0
"Jan 21, 01:00 am",0,0,1,0.051277,1,0
"Jan 21, 02:00 am",0,0,1,0.0511086,1,0
"Jan 21, 03:00 am",0,0,1,0.0508623,1,0
"Jan 21, 04:00 am",0,0,1,0.0508385,1,0
"Jan 21, 05:00 am",0,0,1,0.0507151,1,0
"Jan 21, 06:00 am",0,0,1,0.0506557,1,0
"Jan 21, 07:00 am",729.371,0.796555,1,0.0503564,1,692.5
"Jan 21, 08:00 am",2866.59,5.99167,1,0.0500623,1,852.7
"Jan 21, 09:00 am",2866.59,7.05255,1,0.0498305,1,924.7
"Jan 21, 10:00 am",2866.54,7.3201,1,0.0495105,1,965
"Jan 21, 11:00 am",2866.62,3.89072,0.537965,0.0493227,0.537965,988.2
"Jan 21, 12:00 pm",2867.16,2.98663,0.419238,0.0491641,0.419238,994.3
"Jan 21, 01:00 pm",2866.56,0.451618,1,0.049254,1,56.5
"Jan 21, 02:00 pm",2866.56,0.348228,1,0.0493618,1,16.1
"Jan 21, 03:00 pm",2762.38,0.221956,1,0.0494601,1,19.6
"Jan 21, 04:00 pm",2648.67,0.120901,1,0.0495914,1,9.4
"Jan 21, 05:00 pm",854.949,0,1,0.0497343,1,9
"Jan 21, 06:00 pm",0,0,1,0.0499113,1,8.2
"Jan 21, 07:00 pm",0,0,1,0.0500965,1,615.6
"Jan 21, 08:00 pm",0,0,1,0.0502175,1,0
"Jan 21, 09:00 pm",0,0,1,0.0503064,1,0
"Jan 21, 10:00 pm",0,0,1,0.0503791,1,0
"Jan 21, 11:00 pm",0,0,1,0.0504143,1,0
"Jan 22, 12:00 am",0,0,1,0.0504474,1,0
"Jan 22, 01:00 am",0,0,1,0.0505161,1,0
"Jan 22, 02:00 am",0,0,1,0.0505207,1,0
"Jan 22, 03:00 am",0,0,1,0.0505894,1,0
"Jan 22, 04:00 am",0,0,1,0.050722,1,0
"Jan 22, 05:00 am",0,0,1,0.0507585,1,0
"Jan 22, 06:00 am",0,0,1,0.0508271,1,0
"Jan 22, 07:00 am",0,0,1,0.0504957,1,6.9
"Jan 22, 08:00 am",0,0,1,0.0501804,1,8.5
"Jan 22, 09:00 am",0,0,1,0.0497692,1,9.2
"Jan 22, 10:00 am",0,0,1,0.0494381,1,9.5
"Jan 22, 11:00 am",0,0,1,0.0492351,1,9.7
"Jan 22, 12:00 pm",0,0,1,0.0491761,1,9.8
"Jan 22, 01:00 pm",0,0,1,0.0491011,1,9.8
"Jan 22, 02:00 pm",0,0,1,0.0490581,1,9.7
"Jan 22, 03:00 pm",0,0,1,0.0491271,1,31.9
"Jan 22, 04:00 pm",1856.69,4.04267,1,0.04934,1,936.5
"Jan 22, 05:00 pm",2866.59,5.77472,1,0.0497152,1,893.1
"Jan 22, 06:00 pm",2849.28,0.398194,1,0.0501614,1,811.3
"Jan 22, 07:00 pm",2084.08,0.225948,1,0.050451,1,614.9
"Jan 22, 08:00 pm",0,0,1,0.0506158,1,0
"Jan 22, 09:00 pm",0,0,1,0.0506881,1,0
"Jan 22, 10:00 pm",0,0,1,0.0508028,1,0
"Jan 22, 11:00 pm",0,0,1,0.0509157,1,0
"Jan 23, 12:00 am",0,0,1,0.0510482,1,0
"Jan 23, 01:00 am",0,0,1,0.0511167,1,0
"Jan 23, 02:00 am",0,0,1,0.0510413,1,0
"Jan 23, 03:00 am",0,0,1,0.0509018,1,0
"Jan 23, 04:00 am",0,0,1,0.0508903,1,0
"Jan 23, 05:00 am",0,0,1,0.0507669,1,0
"Jan 23, 06:00 am",0,0,1,0.0507075,1,0
"Jan 23, 07:00 am",4.25066e-13,0,1,0.0502162,1,686
"Jan 23, 08:00 am",2866.59,6.12441,1,0.0499556,1,848.8
"Jan 23, 09:00 am",2866.59,7.02485,1,0.0497444,1,920
"Jan 23, 10:00 am",2866.54,7.2611,1,0.0494129,1,958.1
"Jan 23, 11:00 am",2865.22,4.17276,0.581363,0.0491066,0.581363,979.6
"Jan 23, 12:00 pm",2867.35,2.98683,0.422231,0.0488857,0.422231,989.8
"Jan 23, 01:00 pm",2867.02,2.98648,0.433275,0.0487191,0.433275,991.8
"Jan 23, 02:00 pm",2867.04,2.9865,0.435832,0.0485847,0.435832,986.2
"Jan 23, 03:00 pm",2867.03,2.98649,0.43061,0.0486104,0.43061,970.9
"Jan 23, 04:00 pm",2867.03,2.98649,0.433078,0.048732,0.433078,944
"Jan 23, 05:00 pm",2867.03,2.98649,0.529156,0.0488743,0.529156,898.1
"Jan 23, 06:00 pm",2866.56,0.398839,1,0.0493462,1,812.3
"Jan 23, 07:00 pm",2771.1,0.229477,1,0.049872,1,610.7
"Jan 23, 08:00 pm",2866.62,0,1,0.0502067,1,0
"Jan 23, 09:00 pm",2866.66,0,1,0.0504123,1,0
"Jan 23, 10:00 pm",0,0,1,0.050537,1,0
"Jan 23, 11:00 pm",0,0,1,0.0506115,1,0
"Jan 24, 12:00 am",0,0,1,0.0507019,1,0
"Jan 24, 01:00 am",0,0,1,0.0507282,1,0
"Jan 24, 02:00 am",0,0,1,0.0507704,1,0
"Jan 24, 03:00 am",0,0,1,0.0507806,1,0
"Jan 24, 04:00 am",0,0,1,0.0508757,1,0
"Jan 24, 05:00 am",0,0,1,0.0509359,1,0
"Jan 24, 06:00 am",0,0,1,0.0507484,1,0
"Jan 24, 07:00 am",720.953,0.627027,1,0.050243,1,670.2
"Jan 24, 08:00 am",2866.59,5.73562,1,0.0499314,1,834.9
"Jan 24, 09:00 am",2866.59,6.91467,1,0.0496164,1,906.6
"Jan 24, 10:00 am",2866.55,7.15501,1,0.0493537,1,944.9
"Jan 24, 11:00 am",2866.34,4.52604,0.636662,0.0490016,0.636662,966.1
"Jan 24, 12:00 pm",2867.34,2.98681,0.428491,0.0487544,0.428491,976.2
"Jan 24, 01:00 pm",2867.02,2.98648,0.439987,0.0487479,0.439987,977.9
"Jan 24, 02:00 pm",2867.03,2.98649,0.443131,0.0488053,0.443131,971.9
"Jan 24, 03:00 pm",2867.03,2.98649,0.436576,0.0488946,0.436576,959.1
"Jan 24, 04:00 pm",2867.03,2.98649,0.437693,0.0490317,0.437693,934.8
"Jan 24, 05:00 pm",2867.03,2.98649,0.534132,0.0492007,0.534132,891.2
"Jan 24, 06:00 pm",2866.56,0.398755,1,0.0496616,1,808.1
"Jan 24, 07:00 pm",2753.24,0.229211,1,0.0501936,1,607
"Jan 24, 08:00 pm",2866.61,0,1,0.0505304,1,0
"Jan 24, 09:00 pm",2866.63,0,1,0.0507435,1,0
"Jan 24, 10:00 pm",0,0,1,0.0507842,1,0
"Jan 24, 11:00 pm",0,0,1,0.0508095,1,0
"Jan 25, 12:00 am",0,0,1,0.0508347,1,0
"Jan 25, 01:00 am",0,0,1,0.0508599,1,0
"Jan 25, 02:00 am",0,0,1,0.0508851,1,0
"Jan 25, 03:00 am",0,0,1,0.0508668,1,0
"Jan 25, 04:00 am",0,0,1,0.0509903,1,0
"Jan 25, 05:00 am",0,0,1,0.0508667,1,0
"Jan 25, 06:00 am",0,0,1,0.0507273,1,0
"Jan 25, 07:00 am",417.28,0.386309,1,0.0503489,1,659.9
"Jan 25, 08:00 am",2866.59,5.71699,1,0.050046,1,827.2
"Jan 25, 09:00 am",2866.59,6.8753,1,0.049856,1,901.3
"Jan 25, 10:00 am",2866.55,7.12354,1,0.0497075,1,941.4
"Jan 25, 11:00 am",2866.29,4.5432,0.640824,0.0494685,0.640824,964
"Jan 25, 12:00 pm",2867.31,2.98679,0.429536,0.0493012,0.429536,975
"Jan 25, 01:00 pm",2867.01,2.98647,0.440779,0.049182,0.440779,977.5
"Jan 25, 02:00 pm",2867.03,2.98649,0.443782,0.049063,0.443782,972.3
"Jan 25, 03:00 pm",2867.03,2.98649,0.437637,0.049136,0.437637,958.3
"Jan 25, 04:00 pm",2867.03,2.98649,0.438957,0.0493208,0.438957,932.9
"Jan 25, 05:00 pm",2867.03,2.98649,0.537054,0.0494894,0.537054,887.9
"Jan 25, 06:00 pm",2866.56,0.398688,1,0.049913,1,805
"Jan 25, 07:00 pm",2750.95,0.229056,1,0.050391,1,603.7
"Jan 25, 08:00 pm",2866.61,0,1,0.0507087,1,0
"Jan 25, 09:00 pm",2866.63,0,1,0.0509037,1,0
"Jan 25, 10:00 pm",0,0,1,0.0510074,1,0
"Jan 25, 11:00 pm",0,0,1,0.0510483,1,0
"Jan 26, 12:00 am",0,0,1,0.0510572,1,0
"Jan 26, 01:00 am",0,0,1,0.051066,1,0
"Jan 26, 02:00 am",0,0,1,0.0510748,1,0
"Jan 26, 03:00 am",0,0,1,0.0510924,1,0
"Jan 26, 04:00 am",0,0,1,0.0512038,1,0
"Jan 26, 05:00 am",0,0,1,0.0510482,1,0
"Jan 26, 06:00 am",0,0,1,0.0509407,1,0
"Jan 26, 07:00 am",409.197,0.378196,1,0.0506261,1,663.9
"Jan 26, 08:00 am",2866.59,5.75235,1,0.0503405,1,835.8
"Jan 26, 09:00 am",2866.59,6.94691,1,0.0500876,1,910.6
"Jan 26, 10:00 am",2866.54,7.19425,1,0.0498108,1,951
"Jan 26, 11:00 am",2863.86,4.35912,0.609993,0.0495361,0.609993,973.7
"Jan 26, 12:00 pm",2867.12,2.98658,0.426369,0.049254,0.426369,983.8
"Jan 26, 01:00 pm",2867.02,2.98648,0.437695,0.049071,0.437695,985.5
"Jan 26, 02:00 pm",2867.03,2.98649,0.441306,0.0489201,0.441306,979.5
"Jan 26, 03:00 pm",2867.03,2.98649,0.43521,0.0489932,0.43521,965
"Jan 26, 04:00 pm",2867.03,2.98649,0.43649,0.0491622,0.43649,938.9
"Jan 26, 05:00 pm",2867.02,2.98648,0.534715,0.049315,0.534715,893.4
"Jan 26, 06:00 pm",2866.56,0.398725,1,0.0497219,1,806.5
"Jan 26, 07:00 pm",2750.17,0.229206,1,0.0501828,1,598.6
"Jan 26, 08:00 pm",2866.61,0,1,0.050484,1,0
"Jan 26, 09:00 pm",2866.62,0,1,0.0506629,1,0
"Jan 26, 10:00 pm",0,0,1,0.0507667,1,0
"Jan 26, 11:00 pm",0,0,1,0.0508238,1,0
"Jan 27, 12:00 am",0,0,1,0.0508489,1,0
"Jan 27, 01:00 am",0,0,1,0.0508579,1,0
"Jan 27, 02:00 am",0,0,1,0.0508669,1,0
"Jan 27, 03:00 am",0,0,1,0.0508854,1,0
"Jan 27, 04:00 am",0,0,1,0.0509656,1,0
"Jan 27, 05:00 am",0,0,1,0.0508101,1,0
"Jan 27, 06:00 am",0,0,1,0.0506866,1,0
"Jan 27, 07:00 am",55.019,0,1,0.0503241,1,659.7
"Jan 27, 08:00 am",2388.78,4.14423,1,0.0499067,1,832.2
"Jan 27, 09:00 am",2866.59,6.90051,1,0.0496687,1,906.3
"Jan 27, 10:00 am",2866.55,7.15053,1,0.0494999,1,945.8
"Jan 27, 11:00 am",2866.64,5.50436,0.7681,0.049277,0.7681,967.8
"Jan 27, 12:00 pm",2867.25,2.98672,0.429953,0.0490427,0.429953,977.8
"Jan 27, 01:00 pm",2867.02,2.98648,0.44086,0.0488279,0.44086,979.8
"Jan 27, 02:00 pm",2867.03,2.98649,0.44478,0.0486773,0.44478,973.6
"Jan 27, 03:00 pm",2867.03,2.98649,0.438219,0.0487667,0.438219,959.8
"Jan 27, 04:00 pm",2867.03,2.98649,0.438738,0.04892,0.438738,934.8
"Jan 27, 05:00 pm",2867.03,2.98649,0.53801,0.049121,0.53801,889.7
"Jan 27, 06:00 pm",2866.56,0.398725,1,0.0495738,1,805.3
"Jan 27, 07:00 pm",2739.71,0.229188,1,0.0500798,1,599.4
"Jan 27, 08:00 pm",2866.61,0,1,0.0504113,1,0
"Jan 27, 09:00 pm",2866.6,0,1,0.0506211,1,0
"Jan 27, 10:00 pm",0,0,1,0.0507401,1,0
"Jan 27, 11:00 pm",0,0,1,0.0507967,1,0
"Jan 28, 12:00 am",0,0,1,0.0508052,1,0
"Jan 28, 01:00 am",0,0,1,0.0508297,1,0
"Jan 28, 02:00 am",0,0,1,0.0508823,1,0
"Jan 28, 03:00 am",0,0,1,0.050965,1,0
"Jan 28, 04:00 am",0,0,1,0.0511134,1,0
"Jan 28, 05:00 am",0,0,1,0.0509739,1,0
"Jan 28, 06:00 am",0,0,1,0.0508025,1,0
"Jan 28, 07:00 am",22.3886,0,1,0.0504234,1,666.8
"Jan 28, 08:00 am",2388.78,4.19357,1,0.0499911,1,843.9
"Jan 28, 09:00 am",2866.59,6.98434,1,0.0497553,1,917.4
"Jan 28, 10:00 am",2866.55,7.22371,1,0.0496338,1,955.8
"Jan 28, 11:00 am",2868.22,5.30095,0.734744,0.0494075,0.734744,976.9
"Jan 28, 12:00 pm",2867.29,2.98676,0.42777,0.049235,0.42777,983.7
"Jan 28, 01:00 pm",2866.56,0.457181,1,0.0491746,1,63.1
"Jan 28, 02:00 pm",2866.56,0.395041,1,0.0493383,1,55.5
"Jan 28, 03:00 pm",2835.9,0.309045,1,0.0495444,1,26.1
"Jan 28, 04:00 pm",2866.59,6.4961,1,0.0497301,1,936
"Jan 28, 05:00 pm",2866.56,0.401779,1,0.0499392,1,8.9
"Jan 28, 06:00 pm",2738.52,0.24117,1,0.0502767,1,805.7
"Jan 28, 07:00 pm",1663.9,0,1,0.0505708,1,596.7
"Jan 28, 08:00 pm",0,0,1,0.0507203,1,0
"Jan 28, 09:00 pm",0,0,1,0.0508565,1,0
"Jan 28, 10:00 pm",0,0,1,0.0509445,1,0
"Jan 28, 11:00 pm",0,0,1,0.0510165,1,0
"Jan 29, 12:00 am",0,0,1,0.0510817,1,0
"Jan 29, 01:00 am",0,0,1,0.0511612,1,0
"Jan 29, 02:00 am",0,0,1,0.0512456,1,0
"Jan 29, 03:00 am",0,0,1,0.0513301,1,0
"Jan 29, 04:00 am",0,0,1,0.0514465,1,0
"Jan 29, 05:00 am",0,0,1,0.0512429,1,0
"Jan 29, 06:00 am",0,0,1,0.0511514,1,0
"Jan 29, 07:00 am",0,0,1,0.0507719,1,6.7
"Jan 29, 08:00 am",955.49,3.23989,1,0.0503988,1,845.4
"Jan 29, 09:00 am",2866.59,7.03262,1,0.0503677,1,920.8
"Jan 29, 10:00 am",2866.55,7.25934,1,0.0500333,1,960.9
"Jan 29, 11:00 am",2865.99,4.87701,0.674015,0.0497419,0.674015,983.4
"Jan 29, 12:00 pm",2867.17,2.98664,0.424114,0.0494589,0.424114,992.7
"Jan 29, 01:00 pm",2867.02,2.98648,0.435906,0.0492117,0.435906,993.8
"Jan 29, 02:00 pm",2867.03,2.98649,0.440431,0.0490127,0.440431,987.1
"Jan 29, 03:00 pm",2867.03,2.98649,0.433738,0.0490699,0.433738,972.8
"Jan 29, 04:00 pm",2867.03,2.98649,0.433751,0.0492069,0.433751,947.1
"Jan 29, 05:00 pm",2867.03,2.98649,0.533261,0.0493757,0.533261,901.7
"Jan 29, 06:00 pm",2866.56,0.398802,1,0.0498329,1,813.8
"Jan 29, 07:00 pm",2786.59,0.229476,1,0.0503117,1,600.8
"Jan 29, 08:00 pm",2866.62,0,1,0.0506378,1,0
"Jan 29, 09:00 pm",2866.67,0,1,0.0508443,1,0
"Jan 29, 10:00 pm",175.278,0,1,0.0509966,1,0
"Jan 29, 11:00 pm",0,0,1,0.0510703,1,0
"Jan 30, 12:00 am",0,0,1,0.0511261,1,0
"Jan 30, 01:00 am",0,0,1,0.0511338,1,0
"Jan 30, 02:00 am",0,0,1,0.0511255,1,0
"Jan 30, 03:00 am",0,0,1,0.0511171,1,0
"Jan 30, 04:00 am",0,0,1,0.0511639,1,0
"Jan 30, 05:00 am",0,0,1,0.0509531,1,0
"Jan 30, 06:00 am",0,0,1,0.0507657,1,0
"Jan 30, 07:00 am",0,0,1,0.0502743,1,670.9
"Jan 30, 08:00 am",2388.78,4.18047,1,0.049793,1,850.8
"Jan 30, 09:00 am",2866.59,7.04589,1,0.0494787,1,925.1
"Jan 30, 10:00 am",2866.55,7.27912,1,0.0492945,1,963.9
"Jan 30, 11:00 am",2867.08,5.16065,0.710772,0.0490162,0.710772,984.7
"Jan 30, 12:00 pm",2867,2.98646,0.425229,0.0487767,0.425229,992.7
"Jan 30, 01:00 pm",2867.03,2.98649,0.436993,0.0485302,0.436993,992.6
"Jan 30, 02:00 pm",2867.04,2.9865,0.442272,0.0485239,0.442272,984.8
"Jan 30, 03:00 pm",2867.03,2.98649,0.435683,0.0486135,0.435683,969.9
"Jan 30, 04:00 pm",2867.03,2.98649,0.435801,0.0487509,0.435801,943.4
"Jan 30, 05:00 pm",2867.03,2.98649,0.537529,0.0489682,0.537529,896.9
"Jan 30, 06:00 pm",2866.56,0.398867,1,0.0494501,1,812.5
"Jan 30, 07:00 pm",2737.94,0.229632,1,0.0499366,1,601.4
"Jan 30, 08:00 pm",2866.61,0,1,0.0502664,1,0
"Jan 30, 09:00 pm",2866.6,0,1,0.0504751,1,0
"Jan 30, 10:00 pm",0,0,1,0.0506098,1,0
"Jan 30, 11:00 pm",0,0,1,0.0506824,1,0
"Jan 31, 12:00 am",0,0,1,0.0507549,1,0
"Jan 31, 01:00 am",0,0,1,0.0507794,1,0
"Jan 31, 02:00 am",0,0,1,0.0508351,1,0
"Jan 31, 03:00 am",0,0,1,0.0508729,1,0
"Jan 31, 04:00 am",0,0,1,0.0509895,1,0
"Jan 31, 05:00 am",0,0,1,0.051042,1,0
"Jan 31, 06:00 am",0,0,1,0.0508705,1,0
"Jan 31, 07:00 am",15.6045,0,1,0.0503473,1,658.7
"Jan 31, 08:00 am",2388.78,4.08733,1,0.0498764,1,842.2
"Jan 31, 09:00 am",2866.59,6.97728,1,0.0495587,1,916.6
"Jan 31, 10:00 am",2866.55,7.20427,1,0.049314,1,954.9
"Jan 31, 11:00 am",2866.56,5.41734,0.753132,0.0490588,0.753132,975.6
"Jan 31, 12:00 pm",2867.27,2.98674,0.429125,0.0488081,0.429125,984.4
"Jan 31, 01:00 pm",2867.02,2.98648,0.441328,0.0485935,0.441328,984.7
"Jan 31, 02:00 pm",2867.04,2.9865,0.446641,0.0486031,0.446641,977.4
"Jan 31, 03:00 pm",2867.03,2.98649,0.439337,0.0486766,0.439337,963.6
"Jan 31, 04:00 pm",2867.03,2.98649,0.43861,0.048798,0.43861,938.3
"Jan 31, 05:00 pm",2867.03,2.98649,0.541742,0.0489512,0.541742,892.7
"Jan 31, 06:00 pm",2866.56,0.398908,1,0.0493865,1,807.2
"Jan 31, 07:00 pm",2739.74,0.229691,1,0.0498745,1,593.1
"Jan 31, 08:00 pm",2866.61,0,1,0.0502052,1,0
"Jan 31, 09:00 pm",2866.6,0,1,0.0503825,1,0
"Jan 31, 10:00 pm",0,0,1,0.0505494,1,0
"Jan 31, 11:00 pm",0,0,1,0.0506382,1,0
"Feb 1, 12:00 am",0,0,1,0.0504871,1,0
"Feb 1, 01:00 am",0,0,1,0.050496,1,0
"Feb 1, 02:00 am",0,0,1,0.0505169,1,0
"Feb 1, 03:00 am",0,0,1,0.0505517,1,0
"Feb 1, 04:00 am",0,0,1,0.0504603,1,0
"Feb 1, 05:00 am",0,0,1,0.0503849,1,0
"Feb 1, 06:00 am",0,0,1,0.0502616,1,0
"Feb 1, 07:00 am",21.1444,0,1,0.0499626,1,6.5
"Feb 1, 08:00 am",0,0,1,0.0494397,1,8.3
"Feb 1, 09:00 am",1856.11,3.94053,1,0.0491086,1,908.9
"Feb 1, 10:00 am",2866.59,7.16546,1,0.04891,1,951
"Feb 1, 11:00 am",2866.55,7.24964,1,0.0488542,1,974.7
"Feb 1, 12:00 pm",2865.07,4.68313,0.65706,0.0487491,0.65706,985.9
"Feb 1, 01:00 pm",2867.28,2.98675,0.441637,0.0485874,0.441637,988.6
"Feb 1, 02:00 pm",2867.03,2.98649,0.444868,0.048485,0.444868,983.3
"Feb 1, 03:00 pm",2866.56,0.409974,1,0.0486466,1,11.8
"Feb 1, 04:00 pm",2866.78,5.68472,0.865754,0.0488524,0.865754,946.5
"Feb 1, 05:00 pm",2865.07,2.98444,0.540841,0.0490124,0.540841,902.6
"Feb 1, 06:00 pm",2866.56,0.398996,1,0.0494554,1,814.7
"Feb 1, 07:00 pm",2736.13,0.229618,1,0.0498952,1,596.2
"Feb 1, 08:00 pm",2866.61,0,1,0.0502084,1,0
"Feb 1, 09:00 pm",2866.6,0,1,0.0503971,1,0
"Feb 1, 10:00 pm",0,0,1,0.0505566,1,0
"Feb 1, 11:00 pm",0,0,1,0.0506932,1,0
"Feb 2, 12:00 am",0,0,1,0.0507657,1,0
"Feb 2, 01:00 am",0,0,1,0.050838,1,0
"Feb 2, 02:00 am",0,0,1,0.0508643,1,0
"Feb 2, 03:00 am",0,0,1,0.0509207,1,0
"Feb 2, 04:00 am",0,0,1,0.0510212,1,0
"Feb 2, 05:00 am",0,0,1,0.0508657,1,0
"Feb 2, 06:00 am",0,0,1,0.0506463,1,0
"Feb 2, 07:00 am",10.1381,0,1,0.050139,1,655.5
"Feb 2, 08:00 am",2389.52,4.0348,1,0.0496004,1,845
"Feb 2, 09:00 am",2866.59,7.03374,1,0.049332,1,924.3
"Feb 2, 10:00 am",2866.55,7.28661,1,0.0490272,1,966.7
"Feb 2, 11:00 am",2866.56,5.24074,0.719659,0.0487546,0.719659,990.9
"Feb 2, 12:00 pm",2867.3,2.98677,0.422692,0.0485346,0.422692,1001
"Feb 2, 01:00 pm",2867.03,2.98649,0.434919,0.0483683,0.434919,1002.5
"Feb 2, 02:00 pm",2867.03,2.98649,0.439971,0.0484262,0.439971,996.2
"Feb 2, 03:00 pm",2867.03,2.98649,0.432375,0.0485319,0.432375,982.3
"Feb 2, 04:00 pm",2867.03,2.98649,0.430781,0.0486374,0.430781,957.2
"Feb 2, 05:00 pm",2867.03,2.98649,0.533885,0.0488708,0.533885,912.1
"Feb 2, 06:00 pm",2866.56,0.398873,1,0.0493555,1,821.3
"Feb 2, 07:00 pm",2739.33,0.229561,1,0.0498748,1,597.8
"Feb 2, 08:00 pm",2866.61,0,1,0.0502447,1,0
"Feb 2, 09:00 pm",2866.6,0,1,0.0504806,1,0
"Feb 2, 10:00 pm",0,0,1,0.0506615,1,0
"Feb 2, 11:00 pm",0,0,1,0.0507981,1,0
"Feb 3, 12:00 am",0,0,1,0.0509186,1,0
"Feb 3, 01:00 am",0,0,1,0.0509749,1,0
"Feb 3, 02:00 am",0,0,1,0.0510604,1,0
"Feb 3, 03:00 am",0,0,1,0.0508721,1,0
"Feb 3, 04:00 am",0,0,1,0.0507807,1,0
"Feb 3, 05:00 am",0,0,1,0.0506253,1,0
"Feb 3, 06:00 am",0,0,1,0.0503739,1,0
"Feb 3, 07:00 am",20.2355,0,1,0.0500589,1,654.1
"Feb 3, 08:00 am",2388.44,4.02046,1,0.0495998,1,845.8
"Feb 3, 09:00 am",2866.59,7.0468,1,0.0493952,1,926.2
"Feb 3, 10:00 am",2866.55,7.30311,1,0.0492029,1,969.7
"Feb 3, 11:00 am",2868.28,5.29372,0.725196,0.0489627,0.725196,994.3
"Feb 3, 12:00 pm",2867.29,2.98676,0.422761,0.0487428,0.422761,1003.3
"Feb 3, 01:00 pm",2867.03,2.98649,0.435162,0.0485603,0.435162,1004
"Feb 3, 02:00 pm",2867.03,2.98649,0.440589,0.0485859,0.440589,997.2
"Feb 3, 03:00 pm",2867.03,2.98649,0.43339,0.0486595,0.43339,981.9
"Feb 3, 04:00 pm",2867.03,2.98649,0.432157,0.0487809,0.432157,955.3
"Feb 3, 05:00 pm",2867.03,2.98649,0.53791,0.0489981,0.53791,908.7
"Feb 3, 06:00 pm",2866.56,0.398794,1,0.0494618,1,823
"Feb 3, 07:00 pm",2739.16,0.229368,1,0.0499617,1,602.4
"Feb 3, 08:00 pm",2866.61,0,1,0.0502582,1,0
"Feb 3, 09:00 pm",2866.6,0,1,0.0504662,1,0
"Feb 3, 10:00 pm",0,0,1,0.0506006,1,0
"Feb 3, 11:00 pm",0,0,1,0.0506893,1,0
"Feb 4, 12:00 am",0,0,1,0.0507939,1,0
"Feb 4, 01:00 am",0,0,1,0.0508344,1,0
"Feb 4, 02:00 am",0,0,1,0.0508718,1,0
"Feb 4, 03:00 am",0,0,1,0.0509553,1,0
"Feb 4, 04:00 am",0,0,1,0.0510718,1,0
"Feb 4, 05:00 am",0,0,1,0.0511563,1,0
"Feb 4, 06:00 am",0,0,1,0.0509528,1,0
"Feb 4, 07:00 am",20.2339,0,1,0.0505096,1,658.7
"Feb 4, 08:00 am",1850.94,3.4898,1,0.0500025,1,855.7
"Feb 4, 09:00 am",2866.59,7.11534,1,0.0497163,1,934
"Feb 4, 10:00 am",2866.55,7.33563,1,0.0495063,1,974.7
"Feb 4, 11:00 am",2867.16,5.11915,0.700708,0.0492616,0.700708,996.9
"Feb 4, 12:00 pm",2867.03,2.98649,0.42317,0.049006,0.42317,1005.2
"Feb 4, 01:00 pm",2867.03,2.98649,0.43545,0.0487432,0.43545,1005.3
"Feb 4, 02:00 pm",2867.04,2.9865,0.441211,0.0485447,0.441211,998
"Feb 4, 03:00 pm",2867.04,2.9865,0.434454,0.0485863,0.434454,981.3
"Feb 4, 04:00 pm",2867.03,2.98649,0.433595,0.0486758,0.433595,953.1
"Feb 4, 05:00 pm",2867.03,2.98649,0.542273,0.0488771,0.542273,904.9
"Feb 4, 06:00 pm",2866.56,0.398857,1,0.0493605,1,816.4
"Feb 4, 07:00 pm",2735.86,0.229532,1,0.0498484,1,590.3
"Feb 4, 08:00 pm",2866.61,0,1,0.050179,1,0
"Feb 4, 09:00 pm",2866.59,0,1,0.0504042,1,0
"Feb 4, 10:00 pm",0,0,1,0.0505709,1,0
"Feb 4, 11:00 pm",0,0,1,0.0506435,1,0
"Feb 5, 12:00 am",0,0,1,0.050716,1,0
"Feb 5, 01:00 am",0,0,1,0.0507723,1,0
"Feb 5, 02:00 am",0,0,1,0.050767,1,0
"Feb 5, 03:00 am",0,0,1,0.0508238,1,0
"Feb 5, 04:00 am",0,0,1,0.0509403,1,0
"Feb 5, 05:00 am",0,0,1,0.0510249,1,0
"Feb 5, 06:00 am",0,0,1,0.0507734,1,0
"Feb 5, 07:00 am",9.39931,0,1,0.0504101,1,660.4
"Feb 5, 08:00 am",1851.48,3.48796,1,0.0498869,1,858.8
"Feb 5, 09:00 am",2866.59,7.11174,1,0.0495847,1,933.9
"Feb 5, 10:00 am",2866.55,7.30397,1,0.0493106,1,971.5
"Feb 5, 11:00 am",2867.07,5.16254,0.71118,0.0490343,0.71118,991.3
"Feb 5, 12:00 pm",2867,2.98646,0.426643,0.0487792,0.426643,999.1
"Feb 5, 01:00 pm",2867.03,2.98649,0.439248,0.0485806,0.439248,998.6
"Feb 5, 02:00 pm",2867.04,2.9865,0.445585,0.0484143,0.445585,990.5
"Feb 5, 03:00 pm",2867.04,2.9865,0.437404,0.0484721,0.437404,976.7
"Feb 5, 04:00 pm",2867.03,2.98649,0.435185,0.0486737,0.435185,950.8
"Feb 5, 05:00 pm",2867.04,2.9865,0.544656,0.048827,0.544656,904.7
"Feb 5, 06:00 pm",2866.56,0.398892,1,0.0493269,1,813.4
"Feb 5, 07:00 pm",2736.08,0.229668,1,0.0498155,1,581
"Feb 5, 08:00 pm",2866.61,0,1,0.0501304,1,0
"Feb 5, 09:00 pm",2866.59,0,1,0.0503718,1,0
"Feb 5, 10:00 pm",0,0,1,0.0505547,1,0
"Feb 5, 11:00 pm",0,0,1,0.0506433,1,0
"Feb 6, 12:00 am",0,0,1,0.0506997,1,0
"Feb 6, 01:00 am",0,0,1,0.0507721,1,0
"Feb 6, 02:00 am",0,0,1,0.0507986,1,0
"Feb 6, 03:00 am",0,0,1,0.0508232,1,0
"Feb 6, 04:00 am",0,0,1,0.0509238,1,0
"Feb 6, 05:00 am",0,0,1,0.0507523,1,0
"Feb 6, 06:00 am",0,0,1,0.0505649,1,0
"Feb 6, 07:00 am",9.72836,0,1,0.0502497,1,640.8
"Feb 6, 08:00 am",1839.09,3.35599,1,0.0498065,1,841.7
"Feb 6, 09:00 am",2866.59,7.03004,1,0.0495048,1,923.7
"Feb 6, 10:00 am",2866.55,7.26176,1,0.0492478,1,966.7
"Feb 6, 11:00 am",2866.56,5.41963,0.74702,0.0489295,0.74702,990.9
"Feb 6, 12:00 pm",2867.27,2.98674,0.426099,0.048679,0.426099,1001
"Feb 6, 01:00 pm",2867.03,2.98649,0.438364,0.0484326,0.438364,1002.6
"Feb 6, 02:00 pm",2867.04,2.9865,0.444133,0.0484904,0.444133,996.1
"Feb 6, 03:00 pm",2867.04,2.9865,0.435771,0.04858,0.435771,982.4
"Feb 6, 04:00 pm",2867.03,2.98649,0.432801,0.0487335,0.432801,957.2
"Feb 6, 05:00 pm",2867.04,2.9865,0.543117,0.0489188,0.543117,911.2
"Feb 6, 06:00 pm",2866.56,0.398903,1,0.0494342,1,819.5
"Feb 6, 07:00 pm",2739.78,0.229698,1,0.0500023,1,584.4
"Feb 6, 08:00 pm",2866.61,0,1,0.0502849,1,0
"Feb 6, 09:00 pm",2866.6,0,1,0.0504942,1,0
"Feb 6, 10:00 pm",0,0,1,0.0506291,1,0
"Feb 6, 11:00 pm",0,0,1,0.0506538,1,0
"Feb 7, 12:00 am",0,0,1,0.0506785,1,0
"Feb 7, 01:00 am",0,0,1,0.0507352,1,0
"Feb 7, 02:00 am",0,0,1,0.0507562,1,0
"Feb 7, 03:00 am",0,0,1,0.0507912,1,0
"Feb 7, 04:00 am",0,0,1,0.0508917,1,0
"Feb 7, 05:00 am",0,0,1,0.0509762,1,0
"Feb 7, 06:00 am",0,0,1,0.0507888,1,0
"Feb 7, 07:00 am",21.213,0,1,0.0504257,1,636.3
"Feb 7, 08:00 am",1835.94,3.32488,1,0.0499025,1,840.7
"Feb 7, 09:00 am",2866.59,7.01946,1,0.0496011,1,922.6
"Feb 7, 10:00 am",2866.55,7.23969,1,0.0493441,1,964.7
"Feb 7, 11:00 am",2866.63,5.4813,0.758164,0.0490584,0.758164,988.3
"Feb 7, 12:00 pm",2867.26,2.98672,0.428577,0.0487923,0.428577,997.3
"Feb 7, 01:00 pm",2867.03,2.98649,0.441618,0.0485298,0.441618,997.5
"Feb 7, 02:00 pm",2867.04,2.9865,0.447846,0.0485395,0.447846,990.3
"Feb 7, 03:00 pm",2867.03,2.98649,0.440028,0.0486131,0.440028,975
"Feb 7, 04:00 pm",2867.03,2.98649,0.437828,0.0487505,0.437828,947.5
"Feb 7, 05:00 pm",2867.04,2.9865,0.552745,0.0489518,0.552745,899.7
"Feb 7, 06:00 pm",2866.56,0.398854,1,0.0494032,1,812.5
"Feb 7, 07:00 pm",2740.05,0.229555,1,0.0498754,1,580.8
"Feb 7, 08:00 pm",2866.61,0,1,0.0501422,1,0
"Feb 7, 09:00 pm",2866.6,0,1,0.0503196,1,0
"Feb 7, 10:00 pm",0,0,1,0.0504387,1,0
"Feb 7, 11:00 pm",0,0,1,0.0505277,1,0
"Feb 8, 12:00 am",0,0,1,0.0506005,1,0
"Feb 8, 01:00 am",0,0,1,0.0506253,1,0
"Feb 8, 02:00 am",0,0,1,0.0505974,1,0
"Feb 8, 03:00 am",0,0,1,0.0507594,1,0
"Feb 8, 04:00 am",0,0,1,0.050892,1,0
"Feb 8, 05:00 am",0,0,1,0.0509605,1,0
"Feb 8, 06:00 am",0,0,1,0.050741,1,0
"Feb 8, 07:00 am",22.5171,0,1,0.050378,1,642.9
"Feb 8, 08:00 am",1839.46,3.37083,1,0.0498868,1,853.3
"Feb 8, 09:00 am",2866.59,7.09786,1,0.0495387,1,933
"Feb 8, 10:00 am",2866.55,7.30149,1,0.0492337,1,973.7
"Feb 8, 11:00 am",2868.19,5.29645,0.729542,0.0489134,0.729542,995.4
"Feb 8, 12:00 pm",2867.3,2.98677,0.42643,0.0485817,0.42643,1003.8
"Feb 8, 01:00 pm",2867.02,2.98648,0.439822,0.0483355,0.439822,1003.8
"Feb 8, 02:00 pm",2867.04,2.9865,0.446382,0.0484093,0.446382,996.1
"Feb 8, 03:00 pm",2867.03,2.98649,0.438647,0.0485151,0.438647,980.3
"Feb 8, 04:00 pm",2867.03,2.98649,0.436144,0.0486526,0.436144,952.4
"Feb 8, 05:00 pm",2867.04,2.9865,0.552727,0.04887,0.552727,904.1
"Feb 8, 06:00 pm",2866.56,0.398855,1,0.0493854,1,811.6
"Feb 8, 07:00 pm",2739.36,0.229584,1,0.0498736,1,570
"Feb 8, 08:00 pm",2866.61,0,1,0.0501883,1,0
"Feb 8, 09:00 pm",2866.6,0,1,0.0504136,1,0
"Feb 8, 10:00 pm",0,0,1,0.0505965,1,0
"Feb 8, 11:00 pm",0,0,1,0.0507012,1,0
"Feb 9, 12:00 am",0,0,1,0.0507738,1,0
"Feb 9, 01:00 am",0,0,1,0.0508143,1,0
"Feb 9, 02:00 am",0,0,1,0.0508678,1,0
"Feb 9, 03:00 am",0,0,1,0.0507433,1,0
"Feb 9, 04:00 am",0,0,1,0.0505719,1,0
"Feb 9, 05:00 am",0,0,1,0.0503525,1,0
"Feb 9, 06:00 am",0,0,1,0.0501172,1,0
"Feb 9, 07:00 am",20.2467,0,1,0.0498663,1,618.9
"Feb 9, 08:00 am",1822.32,3.20566,1,0.0493753,1,830.8
"Feb 9, 09:00 am",2866.59,6.95201,1,0.0491065,1,914.7
"Feb 9, 10:00 am",2866.56,7.17681,1,0.0488824,1,958.3
"Feb 9, 11:00 am",2866.74,5.71873,0.796685,0.0486001,0.796685,982.2
"Feb 9, 12:00 pm",2867.18,2.98665,0.432079,0.0483524,0.432079,993.5
"Feb 9, 01:00 pm",2867.03,2.98649,0.444233,0.0481544,0.444233,995.9
"Feb 9, 02:00 pm",2867.05,2.98651,0.450126,0.0482125,0.450126,990.2
"Feb 9, 03:00 pm",2867.04,2.9865,0.441472,0.0483025,0.441472,976
"Feb 9, 04:00 pm",2867.04,2.9865,0.438162,0.0483764,0.438162,949.2
"Feb 9, 05:00 pm",2867.04,2.9865,0.556916,0.0485621,0.556916,901.7
"Feb 9, 06:00 pm",2866.56,0.398999,1,0.0490927,1,808.1
"Feb 9, 07:00 pm",2742.42,0.229938,1,0.0496118,1,561.1
"Feb 9, 08:00 pm",2866.61,0,1,0.049942,1,0
"Feb 9, 09:00 pm",2866.61,0,1,0.0501991,1,0
"Feb 9, 10:00 pm",0,0,1,0.0503822,1,0
"Feb 9, 11:00 pm",0,0,1,0.0504874,1,0
"Feb 10, 12:00 am",0,0,1,0.0505124,1,0
"Feb 10, 01:00 am",0,0,1,0.0505054,1,0
"Feb 10, 02:00 am",0,0,1,0.0505063,1,0
"Feb 10, 03:00 am",0,0,1,0.050521,1,0
"Feb 10, 04:00 am",0,0,1,0.0506376,1,0
"Feb 10, 05:00 am",0,0,1,0.0507702,1,0
"Feb 10, 06:00 am",0,0,1,0.0505188,1,0
"Feb 10, 07:00 am",28.959,0,1,0.0501878,1,602.4
"Feb 10, 08:00 am",955.49,2.8869,1,0.0496651,1,818.4
"Feb 10, 09:00 am",2866.59,6.8829,1,0.0495242,1,905.1
"Feb 10, 10:00 am",2866.55,7.11101,1,0.0491736,1,950.7
"Feb 10, 11:00 am",2866.65,5.52234,0.776171,0.0488377,0.776171,976.4
"Feb 10, 12:00 pm",2867.24,2.98671,0.434862,0.0486273,0.434862,988.8
"Feb 10, 01:00 pm",2867.04,2.9865,0.446895,0.0484131,0.446895,992.4
"Feb 10, 02:00 pm",2867.05,2.98651,0.452275,0.0482311,0.452275,988
"Feb 10, 03:00 pm",2867.04,2.9865,0.443569,0.0483372,0.443569,973.6
"Feb 10, 04:00 pm",2867.03,2.98649,0.439895,0.0484751,0.439895,946.8
"Feb 10, 05:00 pm",2867.04,2.9865,0.561593,0.0486927,0.561593,899
"Feb 10, 06:00 pm",2866.56,0.398973,1,0.0492058,1,805.9
"Feb 10, 07:00 pm",2777.02,0.229857,1,0.0497088,1,557
"Feb 10, 08:00 pm",2866.62,0,1,0.0500233,1,0
"Feb 10, 09:00 pm",2866.66,0,1,0.0502486,1,0
"Feb 10, 10:00 pm",143.196,0,1,0.0503859,1,0
"Feb 10, 11:00 pm",0,0,1,0.050476,1,0
"Feb 11, 12:00 am",0,0,1,0.0505486,1,0
"Feb 11, 01:00 am",0,0,1,0.050589,1,0
"Feb 11, 02:00 am",0,0,1,0.0506294,1,0
"Feb 11, 03:00 am",0,0,1,0.0506377,1,0
"Feb 11, 04:00 am",0,0,1,0.0506812,1,0
"Feb 11, 05:00 am",0,0,1,0.0507708,1,0
"Feb 11, 06:00 am",0,0,1,0.0506314,1,0
"Feb 11, 07:00 am",0,0,1,0.0502681,1,584.3
"Feb 11, 08:00 am",955.49,2.79087,1,0.0498034,1,805.1
"Feb 11, 09:00 am",2866.59,6.77508,1,0.049693,1,892
"Feb 11, 10:00 am",2866.56,6.99869,1,0.049462,1,937.2
"Feb 11, 11:00 am",2866.89,5.82257,0.830139,0.0491638,0.830139,962
"Feb 11, 12:00 pm",2867.15,2.98662,0.443072,0.0489395,0.443072,973.5
"Feb 11, 01:00 pm",2867.03,2.98649,0.455663,0.0487569,0.455663,975.9
"Feb 11, 02:00 pm",2867.03,2.98649,0.46208,0.0487664,0.46208,970
"Feb 11, 03:00 pm",2867.04,2.9865,0.453294,0.0488398,0.453294,955.3
"Feb 11, 04:00 pm",2867.03,2.98649,0.449622,0.048977,0.449622,928
"Feb 11, 05:00 pm",2867.03,2.98649,0.577716,0.0491141,0.577716,879.1
"Feb 11, 06:00 pm",2866.56,0.398824,1,0.0495473,1,789.1
"Feb 11, 07:00 pm",2773.31,0.22941,1,0.0500025,1,539.9
"Feb 11, 08:00 pm",2866.62,0,1,0.0503011,1,0
"Feb 11, 09:00 pm",2866.66,0,1,0.0504943,1,0
"Feb 11, 10:00 pm",0,0,1,0.0505986,1,0
"Feb 11, 11:00 pm",0,0,1,0.0506732,1,0
"Feb 12, 12:00 am",0,0,1,0.0507317,1,0
"Feb 12, 01:00 am",0,0,1,0.0507741,1,0
"Feb 12, 02:00 am",0,0,1,0.0508165,1,0
"Feb 12, 03:00 am",0,0,1,0.0508267,1,0
"Feb 12, 04:00 am",0,0,1,0.0508223,1,0
"Feb 12, 05:00 am",0,0,1,0.0509109,1,0
"Feb 12, 06:00 am",0,0,1,0.0506274,1,0
"Feb 12, 07:00 am",125.941,0,1,0.0502175,1,551.6
"Feb 12, 08:00 am",955.49,2.61109,1,0.0497914,1,778.2
"Feb 12, 09:00 am",2866.59,6.57953,1,0.0495826,1,867.8
"Feb 12, 10:00 am",2866.59,6.81636,1,0.0492226,1,914.4
"Feb 12, 11:00 am",2866.56,6.36068,0.926668,0.0489554,0.926668,940.5
"Feb 12, 12:00 pm",2867.27,2.98674,0.453029,0.0487388,0.453029,954.2
"Feb 12, 01:00 pm",2867.03,2.98649,0.465054,0.0487643,0.465054,958.7
"Feb 12, 02:00 pm",2867.04,2.9865,0.470848,0.0487737,0.470848,954.6
"Feb 12, 03:00 pm",2867.03,2.98649,0.461405,0.0488311,0.461405,940.8
"Feb 12, 04:00 pm",2867.03,2.98649,0.457054,0.0489364,0.457054,914.2
"Feb 12, 05:00 pm",2867.03,2.98649,0.589926,0.0491375,0.589926,865.9
"Feb 12, 06:00 pm",2866.56,0.398793,1,0.0496024,1,771.7
"Feb 12, 07:00 pm",2769.57,0.229324,1,0.0500252,1,513.7
"Feb 12, 08:00 pm",2866.62,0,1,0.0503074,1,0
"Feb 12, 09:00 pm",2866.66,0,1,0.0504686,1,0
"Feb 12, 10:00 pm",0,0,1,0.0505407,1,0
"Feb 12, 11:00 pm",0,0,1,0.0505832,1,0
"Feb 13, 12:00 am",0,0,1,0.0506416,1,0
"Feb 13, 01:00 am",0,0,1,0.050636,1,0
"Feb 13, 02:00 am",0,0,1,0.0506303,1,0
"Feb 13, 03:00 am",0,0,1,0.0505927,1,0
"Feb 13, 04:00 am",0,0,1,0.0506258,1,0
"Feb 13, 05:00 am",0,0,1,0.0506879,1,0
"Feb 13, 06:00 am",0,0,1,0.0507724,1,0
"Feb 13, 07:00 am",114.739,0,1,0.0504423,1,564.1
"Feb 13, 08:00 am",955.49,2.67747,1,0.0500357,1,794.8
"Feb 13, 09:00 am",2866.59,6.69859,1,0.0499517,1,883.6
"Feb 13, 10:00 am",2866.56,6.92238,1,0.0496507,1,929.5
"Feb 13, 11:00 am",2867.3,6.06807,0.873098,0.0493426,0.873098,955
"Feb 13, 12:00 pm",2867.07,2.98653,0.448714,0.0490406,0.448714,966.4
"Feb 13, 01:00 pm",2867.03,2.98648,0.461578,0.0487939,0.461578,968.5
"Feb 13, 02:00 pm",2867.04,2.9865,0.468468,0.0487873,0.468468,962.2
"Feb 13, 03:00 pm",2867.03,2.98649,0.459878,0.0488287,0.459878,946.3
"Feb 13, 04:00 pm",2867.03,2.98649,0.456067,0.04895,0.456067,917.7
"Feb 13, 05:00 pm",2867.03,2.98649,0.592797,0.0491031,0.592797,867
"Feb 13, 06:00 pm",2866.56,0.398834,1,0.0495044,1,769.1
"Feb 13, 07:00 pm",2769.42,0.229441,1,0.0499437,1,502.6
"Feb 13, 08:00 pm",2866.62,0,1,0.0502262,1,0
"Feb 13, 09:00 pm",2866.66,0,1,0.0503875,1,0
"Feb 13, 10:00 pm",0,0,1,0.0504757,1,0
"Feb 13, 11:00 pm",0,0,1,0.0505343,1,0
"Feb 14, 12:00 am",0,0,1,0.0505608,1,0
"Feb 14, 01:00 am",0,0,1,0.0505712,1,0
"Feb 14, 02:00 am",0,0,1,0.0505017,1,0
"Feb 14, 03:00 am",0,0,1,0.0504322,1,0
"Feb 14, 04:00 am",0,0,1,0.0504495,1,0
"Feb 14, 05:00 am",0,0,1,0.0505758,1,0
"Feb 14, 06:00 am",0,0,1,0.0506123,1,0
"Feb 14, 07:00 am",113.981,0,1,0.0503462,1,555.5
"Feb 14, 08:00 am",955.49,2.6334,1,0.0499211,1,790.9
"Feb 14, 09:00 am",2866.59,6.68179,1,0.0498295,1,882
"Feb 14, 10:00 am",2866.59,6.91564,1,0.0494845,1,929.7
"Feb 14, 11:00 am",2867.41,6.12797,0.881108,0.0491947,0.881108,956.9
"Feb 14, 12:00 pm",2867.05,2.98651,0.44865,0.0488775,0.44865,968.9
"Feb 14, 01:00 pm",2867.03,2.98649,0.461216,0.048599,0.461216,971.7
"Feb 14, 02:00 pm",2867.04,2.9865,0.467974,0.0486406,0.467974,965.9
"Feb 14, 03:00 pm",2867.03,2.98649,0.459502,0.0487142,0.459502,949.4
"Feb 14, 04:00 pm",2867.03,2.98649,0.455729,0.0488676,0.455729,919.8
"Feb 14, 05:00 pm",2867.03,2.98649,0.595538,0.0490208,0.595538,868.4
"Feb 14, 06:00 pm",2866.56,0.398839,1,0.0494699,1,768.9
"Feb 14, 07:00 pm",2768.26,0.229511,1,0.0499089,1,496.1
"Feb 14, 08:00 pm",2866.62,0,1,0.0501912,1,0
"Feb 14, 09:00 pm",2866.66,0,1,0.0503365,1,0
"Feb 14, 10:00 pm",0,0,1,0.0504247,1,0
"Feb 14, 11:00 pm",0,0,1,0.0504672,1,0
"Feb 15, 12:00 am",0,0,1,0.0504618,1,0
"Feb 15, 01:00 am",0,0,1,0.0504883,1,0
"Feb 15, 02:00 am",0,0,1,0.0504827,1,0
"Feb 15, 03:00 am",0,0,1,0.0504932,1,0
"Feb 15, 04:00 am",0,0,1,0.0505282,1,0
"Feb 15, 05:00 am",0,0,1,0.0506243,1,0
"Feb 15, 06:00 am",0,0,1,0.0506928,1,0
"Feb 15, 07:00 am",110.209,0,1,0.0503786,1,541.1
"Feb 15, 08:00 am",955.49,2.55353,1,0.0499328,1,780.6
"Feb 15, 09:00 am",2866.59,6.59409,1,0.049794,1,871.5
"Feb 15, 10:00 am",2866.59,6.81726,1,0.0494553,1,918.1
"Feb 15, 11:00 am",2866.65,6.39169,0.932824,0.0492382,0.932824,943.8
"Feb 15, 12:00 pm",2867.27,2.98674,0.455905,0.0490062,0.455905,955.3
"Feb 15, 01:00 pm",2867.02,2.98648,0.469696,0.0488395,0.469696,957.2
"Feb 15, 02:00 pm",2867.04,2.9865,0.477031,0.0488329,0.477031,950.6
"Feb 15, 03:00 pm",2867.03,2.98649,0.468009,0.0489222,0.468009,934.8
"Feb 15, 04:00 pm",2867.03,2.98649,0.463665,0.0490273,0.463665,905.7
"Feb 15, 05:00 pm",2867.03,2.98649,0.60952,0.0492283,0.60952,854.1
"Feb 15, 06:00 pm",2866.56,0.398783,1,0.0496292,1,757
"Feb 15, 07:00 pm",2767.76,0.229362,1,0.050036,1,482.2
"Feb 15, 08:00 pm",2866.62,0,1,0.0502862,1,0
"Feb 15, 09:00 pm",2866.66,0,1,0.0503834,1,0
"Feb 15, 10:00 pm",0,0,1,0.0504395,1,0
"Feb 15, 11:00 pm",0,0,1,0.0504181,1,0
"Feb 16, 12:00 am",0,0,1,0.0504127,1,0
"Feb 16, 01:00 am",0,0,1,0.0504232,1,0
"Feb 16, 02:00 am",0,0,1,0.0504657,1,0
"Feb 16, 03:00 am",0,0,1,0.0505881,1,0
"Feb 16, 04:00 am",0,0,1,0.0506396,1,0
"Feb 16, 05:00 am",0,0,1,0.0506883,1,0
"Feb 16, 06:00 am",0,0,1,0.0507568,1,0
"Feb 16, 07:00 am",109.052,0,1,0.0503466,1,520.6
"Feb 16, 08:00 am",955.49,2.42557,1,0.0498448,1,764.9
"Feb 16, 09:00 am",2866.59,6.47405,1,0.0496963,1,857.2
"Feb 16, 10:00 am",2866.59,6.69989,1,0.0493846,1,904
"Feb 16, 11:00 am",2866.56,6.73619,0.998224,0.0491611,0.998224,929.7
"Feb 16, 12:00 pm",2867.21,2.98668,0.463192,0.0489654,0.463192,943.4
"Feb 16, 01:00 pm",2867.02,2.98648,0.475919,0.0487187,0.475919,947.5
"Feb 16, 02:00 pm",2867.04,2.9865,0.482386,0.0487602,0.482386,943
"Feb 16, 03:00 pm",2867.03,2.98649,0.471898,0.0488176,0.471898,929.6
"Feb 16, 04:00 pm",2867.03,2.98649,0.466138,0.0489548,0.466138,902.5
"Feb 16, 05:00 pm",2867.03,2.98649,0.614395,0.0491239,0.614395,853.2
"Feb 16, 06:00 pm",2866.56,0.398838,1,0.0494926,1,751.3
"Feb 16, 07:00 pm",2764.24,0.22945,1,0.049947,1,465.7
"Feb 16, 08:00 pm",2866.62,0,1,0.050245,1,0
"Feb 16, 09:00 pm",2866.65,0,1,0.0504379,1,0
"Feb 16, 10:00 pm",0,0,1,0.0505577,1,0
"Feb 16, 11:00 pm",0,0,1,0.0506159,1,0
"Feb 17, 12:00 am",0,0,1,0.050642,1,0
"Feb 17, 01:00 am",0,0,1,0.0506681,1,0
"Feb 17, 02:00 am",0,0,1,0.0506621,1,0
"Feb 17, 03:00 am",0,0,1,0.0506265,1,0
"Feb 17, 04:00 am",0,0,1,0.0506523,1,0
"Feb 17, 05:00 am",0,0,1,0.0507688,1,0
"Feb 17, 06:00 am",0,0,1,0.0508852,1,0
"Feb 17, 07:00 am",98.0204,0,1,0.0505069,1,535.8
"Feb 17, 08:00 am",955.49,2.52456,1,0.0501386,1,786.3
"Feb 17, 09:00 am",2866.59,6.65471,1,0.0499469,1,880.7
"Feb 17, 10:00 am",2866.59,6.88466,1,0.0496599,1,929.5
"Feb 17, 11:00 am",2867.72,6.27447,0.906394,0.0493274,0.906394,957.2
"Feb 17, 12:00 pm",2867,2.98645,0.453125,0.0490439,0.453125,967.4
"Feb 17, 01:00 pm",2867.03,2.98649,0.466968,0.0488132,0.466968,968.4
"Feb 17, 02:00 pm",2867.04,2.9865,0.474873,0.0488066,0.474873,960.8
"Feb 17, 03:00 pm",2867.03,2.98649,0.465201,0.0488479,0.465201,945.5
"Feb 17, 04:00 pm",2867.03,2.98649,0.459551,0.0490011,0.459551,917.1
"Feb 17, 05:00 pm",2867.03,2.98649,0.609851,0.0491542,0.609851,865.7
"Feb 17, 06:00 pm",2866.56,0.398774,1,0.0495554,1,760
"Feb 17, 07:00 pm",2764.3,0.229297,1,0.0499623,1,466.2
"Feb 17, 08:00 pm",2866.62,0,1,0.0501807,1,0
"Feb 17, 09:00 pm",2866.65,0,1,0.0502779,1,0
"Feb 17, 10:00 pm",0,0,1,0.0503181,1,0
"Feb 17, 11:00 pm",0,0,1,0.0502966,1,0
"Feb 18, 12:00 am",0,0,1,0.0502752,1,0
"Feb 18, 01:00 am",0,0,1,0.0502537,1,0
"Feb 18, 02:00 am",0,0,1,0.0502643,1,0
"Feb 18, 03:00 am",0,0,1,0.0503237,1,0
"Feb 18, 04:00 am",0,0,1,0.0504282,1,0
"Feb 18, 05:00 am",0,0,1,0.0505448,1,0
"Feb 18, 06:00 am",0,0,1,0.0506773,1,0
"Feb 18, 07:00 am",98.6715,0,1,0.0502511,1,538.2
"Feb 18, 08:00 am",955.49,2.54317,1,0.0498361,1,792.6
"Feb 18, 09:00 am",2866.59,6.68108,1,0.0497607,1,884.5
"Feb 18, 10:00 am",2866.59,6.88423,1,0.0494559,1,930.7
"Feb 18, 11:00 am",2866.93,6.23245,0.903749,0.0492501,0.903749,955.7
"Feb 18, 12:00 pm",2867.01,2.98647,0.455423,0.0490463,0.455423,965.1
"Feb 18, 01:00 pm",2867.02,2.98648,0.469978,0.0488955,0.469978,965.3
"Feb 18, 02:00 pm",2867.03,2.98649,0.478257,0.0489367,0.478257,957.2
"Feb 18, 03:00 pm",2867.03,2.98649,0.468833,0.0489939,0.468833,940.9
"Feb 18, 04:00 pm",2867.03,2.98649,0.463393,0.049147,0.463393,911.2
"Feb 18, 05:00 pm",2867.03,2.98649,0.619536,0.0493318,0.619536,858.5
"Feb 18, 06:00 pm",2866.56,0.39875,1,0.0497648,1,757.1
"Feb 18, 07:00 pm",2764.89,0.229242,1,0.0501558,1,460.9
"Feb 18, 08:00 pm",2866.62,0,1,0.050406,1,0
"Feb 18, 09:00 pm",2866.65,0,1,0.0505511,1,0
"Feb 18, 10:00 pm",0,0,1,0.050655,1,0
"Feb 18, 11:00 pm",0,0,1,0.0506811,1,0
"Feb 19, 12:00 am",0,0,1,0.0506912,1,0
"Feb 19, 01:00 am",0,0,1,0.0507172,1,0
"Feb 19, 02:00 am",0,0,1,0.0506952,1,0
"Feb 19, 03:00 am",0,0,1,0.0507066,1,0
"Feb 19, 04:00 am",0,0,1,0.0507951,1,0
"Feb 19, 05:00 am",0,0,1,0.0508636,1,0
"Feb 19, 06:00 am",0,0,1,0.0509001,1,0
"Feb 19, 07:00 am",100.532,0,1,0.0505538,1,533
"Feb 19, 08:00 am",955.49,2.51364,1,0.050025,1,791.8
"Feb 19, 09:00 am",2866.59,6.68053,1,0.0497845,1,885.3
"Feb 19, 10:00 am",2866.59,6.88524,1,0.0494664,1,932.3
"Feb 19, 11:00 am",2867.2,6.25867,0.907252,0.04915,0.907252,957.9
"Feb 19, 12:00 pm",2867.01,2.98646,0.455337,0.0488828,0.455337,968
"Feb 19, 01:00 pm",2867.03,2.98649,0.469574,0.0486522,0.469574,969
"Feb 19, 02:00 pm",2867.04,2.9865,0.477646,0.0486618,0.477646,961.4
"Feb 19, 03:00 pm",2867.04,2.9865,0.468262,0.0487033,0.468262,944.5
"Feb 19, 04:00 pm",2867.03,2.98649,0.462546,0.0488087,0.462546,914.5
"Feb 19, 05:00 pm",2867.03,2.98649,0.622511,0.048994,0.622511,860.9
"Feb 19, 06:00 pm",2866.56,0.398824,1,0.0493953,1,754.8
"Feb 19, 07:00 pm",2764.38,0.229406,1,0.0498344,1,447.7
"Feb 19, 08:00 pm",2866.62,0,1,0.0501327,1,0
"Feb 19, 09:00 pm",2866.65,0,1,0.0503099,1,0
"Feb 19, 10:00 pm",0,0,1,0.0503661,1,0
"Feb 19, 11:00 pm",0,0,1,0.0504245,1,0
"Feb 20, 12:00 am",0,0,1,0.0504508,1,0
"Feb 20, 01:00 am",0,0,1,0.0504612,1,0
"Feb 20, 02:00 am",0,0,1,0.0504874,1,0
"Feb 20, 03:00 am",0,0,1,0.0505471,1,0
"Feb 20, 04:00 am",0,0,1,0.05062,1,0
"Feb 20, 05:00 am",0,0,1,0.0507365,1,0
"Feb 20, 06:00 am",0,0,1,0.0505651,1,0
"Feb 20, 07:00 am",98.6099,0,1,0.0502028,1,517
"Feb 20, 08:00 am",955.49,2.40798,1,0.049764,1,777.2
"Feb 20, 09:00 am",2866.59,6.57416,1,0.0496317,1,872.7
"Feb 20, 10:00 am",2866.59,6.79224,1,0.0492903,1,921.5
"Feb 20, 11:00 am",2866.7,6.55834,0.961987,0.0491129,0.961987,948
"Feb 20, 12:00 pm",2867.24,2.98671,0.459517,0.0489159,0.459517,961.3
"Feb 20, 01:00 pm",2867.02,2.98648,0.473138,0.0487333,0.473138,965.1
"Feb 20, 02:00 pm",2867.04,2.9865,0.479861,0.0487587,0.479861,960.3
"Feb 20, 03:00 pm",2867.03,2.98649,0.468719,0.0488161,0.468719,946.4
"Feb 20, 04:00 pm",2867.03,2.98649,0.460955,0.0489054,0.460955,919.5
"Feb 20, 05:00 pm",2867.03,2.98649,0.621913,0.0491065,0.621913,868.5
"Feb 20, 06:00 pm",2866.56,0.398847,1,0.0495393,1,759.1
"Feb 20, 07:00 pm",2763.96,0.229539,1,0.0499937,1,442.5
"Feb 20, 08:00 pm",2866.62,0,1,0.0503237,1,0
"Feb 20, 09:00 pm",2866.65,0,1,0.0505006,1,0
"Feb 20, 10:00 pm",0,0,1,0.0506204,1,0
"Feb 20, 11:00 pm",0,0,1,0.0507105,1,0
"Feb 21, 12:00 am",0,0,1,0.0507204,1,0
"Feb 21, 01:00 am",0,0,1,0.0507144,1,0
"Feb 21, 02:00 am",0,0,1,0.0506923,1,0
"Feb 21, 03:00 am",0,0,1,0.0507535,1,0
"Feb 21, 04:00 am",0,0,1,0.050812,1,0
"Feb 21, 05:00 am",0,0,1,0.0509125,1,0
"Feb 21, 06:00 am",0,0,1,0.0507249,1,0
"Feb 21, 07:00 am",96.8446,0,1,0.0505866,1,530.2
"Feb 21, 08:00 am",955.49,2.49037,1,0.0501045,1,795.4
"Feb 21, 09:00 am",2866.59,6.72875,1,0.0497818,1,893
"Feb 21, 10:00 am",2866.59,6.93923,1,0.0493861,1,942.3
"Feb 21, 11:00 am",2867.37,6.17567,0.888498,0.0490217,0.888498,969.9
"Feb 21, 12:00 pm",2867.04,2.9865,0.451453,0.0487063,0.451453,981.8
"Feb 21, 01:00 pm",2867.03,2.98649,0.465394,0.048476,0.465394,984.2
"Feb 21, 02:00 pm",2867.04,2.9865,0.472689,0.0485178,0.472689,978
"Feb 21, 03:00 pm",2867.04,2.9865,0.461331,0.0485915,0.461331,964.1
"Feb 21, 04:00 pm",2867.04,2.9865,0.453206,0.048713,0.453206,936.9
"Feb 21, 05:00 pm",2867.04,2.9865,0.61417,0.0488824,0.61417,886.4
"Feb 21, 06:00 pm",2866.56,0.398948,1,0.0494115,1,774.4
"Feb 21, 07:00 pm",2764.47,0.229819,1,0.0498662,1,448.4
"Feb 21, 08:00 pm",2866.62,0,1,0.0501803,1,0
"Feb 21, 09:00 pm",2866.65,0,1,0.0504053,1,0
"Feb 21, 10:00 pm",0,0,1,0.0505572,1,0
"Feb 21, 11:00 pm",0,0,1,0.0506154,1,0
"Feb 22, 12:00 am",0,0,1,0.0506415,1,0
"Feb 22, 01:00 am",0,0,1,0.0506675,1,0
"Feb 22, 02:00 am",0,0,1,0.0507095,1,0
"Feb 22, 03:00 am",0,0,1,0.0507541,1,0
"Feb 22, 04:00 am",0,0,1,0.050828,1,0
"Feb 22, 05:00 am",0,0,1,0.0509285,1,0
"Feb 22, 06:00 am",0,0,1,0.050725,1,0
"Feb 22, 07:00 am",97.6953,0,1,0.0503627,1,538.2
"Feb 22, 08:00 am",955.49,2.52306,1,0.0498341,1,807.8
"Feb 22, 09:00 am",2866.59,6.78188,1,0.0496127,1,900.6
"Feb 22, 10:00 am",2868.69,6.95465,1,0.0492628,1,945.9
"Feb 22, 11:00 am",2867.33,6.0804,0.877316,0.0490245,0.877316,970
"Feb 22, 12:00 pm",2867.07,2.98654,0.453987,0.0487243,0.453987,979
"Feb 22, 01:00 pm",2867.03,2.98649,0.469516,0.0485419,0.469516,978.9
"Feb 22, 02:00 pm",2867.05,2.98651,0.477871,0.0483917,0.477871,970.7
"Feb 22, 03:00 pm",2867.04,2.9865,0.468401,0.0484816,0.468401,952.4
"Feb 22, 04:00 pm",2867.03,2.98649,0.462083,0.0486193,0.462083,920.8
"Feb 22, 05:00 pm",2867.04,2.9865,0.634929,0.0488367,0.634929,864.9
"Feb 22, 06:00 pm",2866.56,0.398909,1,0.0493498,1,762.9
"Feb 22, 07:00 pm",2765.05,0.229611,1,0.0498685,1,441.6
"Feb 22, 08:00 pm",2866.62,0,1,0.0502626,1,0
"Feb 22, 09:00 pm",2866.65,0,1,0.0505515,1,0
"Feb 22, 10:00 pm",0,0,1,0.0507192,1,0
"Feb 22, 11:00 pm",0,0,1,0.0507932,1,0
"Feb 23, 12:00 am",0,0,1,0.0508351,1,0
"Feb 23, 01:00 am",0,0,1,0.050861,1,0
"Feb 23, 02:00 am",0,0,1,0.0507588,1,0
"Feb 23, 03:00 am",0,0,1,0.0505467,1,0
"Feb 23, 04:00 am",0,0,1,0.0504599,1,0
"Feb 23, 05:00 am",0,0,1,0.0504964,1,0
"Feb 23, 06:00 am",0,0,1,0.050373,1,0
"Feb 23, 07:00 am",100.063,0,1,0.0503948,1,504.5
"Feb 23, 08:00 am",955.49,2.34273,1,0.05,1,779.1
"Feb 23, 09:00 am",1613.02,0.441425,1,0.0496474,1,8.8
"Feb 23, 10:00 am",242.689,0.252801,1,0.0492555,1,9.2
"Feb 23, 11:00 am",111.213,0.115847,1,0.0489562,1,15.1
"Feb 23, 12:00 pm",0,0,1,0.0488332,1,18.7
"Feb 23, 01:00 pm",0,0,1,0.0487583,1,38.5
"Feb 23, 02:00 pm",0,0,1,0.0486834,1,34
"Feb 23, 03:00 pm",0,0,1,0.0488006,1,10.2
"Feb 23, 04:00 pm",0,0,1,0.0489496,1,9
"Feb 23, 05:00 pm",0,0,1,0.0492107,1,8.4
"Feb 23, 06:00 pm",0,0,1,0.0495676,1,7.4
"Feb 23, 07:00 pm",0,0,1,0.0498605,1,407.2
"Feb 23, 08:00 pm",0,0,1,0.0500893,1,0
"Feb 23, 09:00 pm",0,0,1,0.050238,1,0
"Feb 23, 10:00 pm",0,0,1,0.0503867,1,0
"Feb 23, 11:00 pm",0,0,1,0.0505034,1,0
"Feb 24, 12:00 am",0,0,1,0.05062,1,0
"Feb 24, 01:00 am",0,0,1,0.0506887,1,0
"Feb 24, 02:00 am",0,0,1,0.0507253,1,0
"Feb 24, 03:00 am",0,0,1,0.0507459,1,0
"Feb 24, 04:00 am",0,0,1,0.0507665,1,0
"Feb 24, 05:00 am",0,0,1,0.0508511,1,0
"Feb 24, 06:00 am",0,0,1,0.0509356,1,0
"Feb 24, 07:00 am",0,0,1,0.0505402,1,481.4
"Feb 24, 08:00 am",477.725,1.94286,1,0.0501282,1,764.2
"Feb 24, 09:00 am",2866.59,6.47995,1,0.0501708,1,864.4
"Feb 24, 10:00 am",2866.59,6.68656,1,0.0497843,1,914.4
"Feb 24, 11:00 am",2866.54,6.71601,1,0.0495118,1,942.1
"Feb 24, 12:00 pm",2866.56,0.415695,1,0.0494268,1,19.5
"Feb 24, 01:00 pm",2866.94,0.277768,1,0.0494087,1,21.6
"Feb 24, 02:00 pm",2741.29,0.158141,1,0.0494948,1,18.6
"Feb 24, 03:00 pm",2866.66,0,1,0.0496392,1,17.5
"Feb 24, 04:00 pm",123.327,0,1,0.049778,1,9.4
"Feb 24, 05:00 pm",0,0,1,0.0498528,1,8.5
"Feb 24, 06:00 pm",0,0,1,0.050054,1,7.3
"Feb 24, 07:00 pm",0,0,1,0.0501591,1,383.7
"Feb 24, 08:00 pm",0,0,1,0.050152,1,0
"Feb 24, 09:00 pm",0,0,1,0.0501929,1,0
"Feb 24, 10:00 pm",0,0,1,0.0502178,1,0
"Feb 24, 11:00 pm",0,0,1,0.0502426,1,0
"Feb 25, 12:00 am",0,0,1,0.050345,1,0
"Feb 25, 01:00 am",0,0,1,0.0503654,1,0
"Feb 25, 02:00 am",0,0,1,0.0503861,1,0
"Feb 25, 03:00 am",0,0,1,0.0505507,1,0
"Feb 25, 04:00 am",0,0,1,0.0506834,1,0
"Feb 25, 05:00 am",0,0,1,0.05072,1,0
"Feb 25, 06:00 am",0,0,1,0.0507246,1,0
"Feb 25, 07:00 am",0,0,1,0.0506012,1,0
"Feb 25, 08:00 am",0,0,1,0.0501419,1,7.7
"Feb 25, 09:00 am",0,0,1,0.0497147,1,8.7
"Feb 25, 10:00 am",0,0,1,0.0493196,1,9.1
"Feb 25, 11:00 am",0,0,1,0.0490046,1,9.4
"Feb 25, 12:00 pm",0,0,1,0.0488817,1,31.2
"Feb 25, 01:00 pm",0,0,1,0.0487588,1,11.4
"Feb 25, 02:00 pm",0,0,1,0.0486199,1,16.2
"Feb 25, 03:00 pm",1433.25,3.06322,1,0.0487131,1,932.5
"Feb 25, 04:00 pm",2866.59,6.50762,1,0.0490156,1,902.6
"Feb 25, 05:00 pm",2866.59,4.56813,1,0.0493434,1,847.5
"Feb 25, 06:00 pm",2866.56,0.399711,1,0.0497068,1,735.4
"Feb 25, 07:00 pm",2717.47,0.227826,1,0.0499826,1,377.2
"Feb 25, 08:00 pm",795.664,0,1,0.0501799,1,0
"Feb 25, 09:00 pm",0,0,1,0.0502967,1,0
"Feb 25, 10:00 pm",0,0,1,0.0503853,1,0
"Feb 25, 11:00 pm",0,0,1,0.0504578,1,0
"Feb 26, 12:00 am",0,0,1,0.0505236,1,0
"Feb 26, 01:00 am",0,0,1,0.0505874,1,0
"Feb 26, 02:00 am",0,0,1,0.0506721,1,0
"Feb 26, 03:00 am",0,0,1,0.0508046,1,0
"Feb 26, 04:00 am",0,0,1,0.0508892,1,0
"Feb 26, 05:00 am",0,0,1,0.0510217,1,0
"Feb 26, 06:00 am",0,0,1,0.0508183,1,0
"Feb 26, 07:00 am",0,0,1,0.0506309,1,0
"Feb 26, 08:00 am",477.685,1.18653,1,0.0500995,1,777.6
"Feb 26, 09:00 am",2866.59,6.68679,1,0.049895,1,878.6
"Feb 26, 10:00 am",2866.59,6.77132,1,0.0495273,1,928.5
"Feb 26, 11:00 am",2866.54,6.78029,1,0.0491545,1,955.8
"Feb 26, 12:00 pm",2865.37,3.76198,0.578021,0.0488468,0.578021,968.7
"Feb 26, 01:00 pm",2867.29,2.98676,0.481019,0.0486057,0.481019,972
"Feb 26, 02:00 pm",2867.04,2.9865,0.487346,0.0483755,0.487346,966.4
"Feb 26, 03:00 pm",2867.04,2.9865,0.474636,0.0484335,0.474636,951.7
"Feb 26, 04:00 pm",2867.04,2.9865,0.465016,0.0485554,0.465016,922.9
"Feb 26, 05:00 pm",2867.04,2.9865,0.655227,0.048805,0.655227,869
"Feb 26, 06:00 pm",2866.56,0.398921,1,0.0493478,1,747.8
"Feb 26, 07:00 pm",2791.03,0.229847,1,0.0498379,1,369.9
"Feb 26, 08:00 pm",2866.62,0,1,0.0501389,1,0
"Feb 26, 09:00 pm",2866.67,0,1,0.0503755,1,0
"Feb 26, 10:00 pm",188.894,0,1,0.0505337,1,0
"Feb 26, 11:00 pm",0,0,1,0.0506403,1,0
"Feb 27, 12:00 am",0,0,1,0.0507286,1,0
"Feb 27, 01:00 am",0,0,1,0.0507528,1,0
"Feb 27, 02:00 am",0,0,1,0.0507769,1,0
"Feb 27, 03:00 am",0,0,1,0.050833,1,0
"Feb 27, 04:00 am",0,0,1,0.050841,1,0
"Feb 27, 05:00 am",0,0,1,0.050911,1,0
"Feb 27, 06:00 am",0,0,1,0.0506913,1,0
"Feb 27, 07:00 am",0,0,1,0.0502,1,0
"Feb 27, 08:00 am",955.49,2.2811,1,0.0496884,1,786.8
"Feb 27, 09:00 am",2866.59,6.62123,1,0.0494239,1,885.6
"Feb 27, 10:00 am",2866.59,6.7949,1,0.0490464,1,933.6
"Feb 27, 11:00 am",2866.45,6.66677,0.98374,0.0487626,0.98374,958.6
"Feb 27, 12:00 pm",2867.25,2.98671,0.467067,0.0484881,0.467067,968
"Feb 27, 01:00 pm",2867.03,2.98649,0.483988,0.0484979,0.483988,968.1
"Feb 27, 02:00 pm",2867.05,2.98651,0.492722,0.0485716,0.492722,959.5
"Feb 27, 03:00 pm",2867.04,2.9865,0.482262,0.0486772,0.482262,940
"Feb 27, 04:00 pm",2866.56,0.407222,1,0.0489231,1,9.1
"Feb 27, 05:00 pm",2792.91,0.251598,1,0.0492535,1,8.5
"Feb 27, 06:00 pm",2638.99,0.108068,1,0.049574,1,7.4
"Feb 27, 07:00 pm",2866.65,0,1,0.0497794,1,363.1
"Feb 27, 08:00 pm",447.507,0,1,0.049922,1,0
"Feb 27, 09:00 pm",0,0,1,0.0499358,1,0
"Feb 27, 10:00 pm",0,0,1,0.049977,1,0
"Feb 27, 11:00 pm",0,0,1,0.0500502,1,0
"Feb 28, 12:00 am",0,0,1,0.0501072,1,0
"Feb 28, 01:00 am",0,0,1,0.0501642,1,0
"Feb 28, 02:00 am",0,0,1,0.0501158,1,0
"Feb 28, 03:00 am",0,0,1,0.0502893,1,0
"Feb 28, 04:00 am",0,0,1,0.05039,1,0
"Feb 28, 05:00 am",0,0,1,0.0504587,1,0
"Feb 28, 06:00 am",0,0,1,0.0505593,1,0
"Feb 28, 07:00 am",0,0,1,0.05026,1,0
"Feb 28, 08:00 am",0,0,1,0.0498968,1,7.7
"Feb 28, 09:00 am",955.49,3.61679,1,0.0497145,1,869.4
"Feb 28, 10:00 am",2866.59,6.67834,1,0.0498165,1,918.4
"Feb 28, 11:00 am",2866.56,6.65416,1,0.0496651,1,944.1
"Feb 28, 12:00 pm",2866.75,5.66927,0.869505,0.0495392,0.869505,957.8
"Feb 28, 01:00 pm",2866.56,0.426601,1,0.0494999,1,32.8
"Feb 28, 02:00 pm",2866.56,0.290176,1,0.0495286,1,10.1
"Feb 28, 03:00 pm",2756.3,0.157315,1,0.0496837,1,16.1
"Feb 28, 04:00 pm",2866.59,5.17884,1,0.0498307,1,908.1
"Feb 28, 05:00 pm",2866.59,4.45291,1,0.0500594,1,850.7
"Feb 28, 06:00 pm",2866.56,0.40019,1,0.0503695,1,727.1
"Feb 28, 07:00 pm",2782.13,0.228872,1,0.0506112,1,328.3
"Feb 28, 08:00 pm",1843.54,0,1,0.050747,1,0
"Feb 28, 09:00 pm",0,0,1,0.0508014,1,0
"Feb 28, 10:00 pm",0,0,1,0.0508736,1,0
"Feb 28, 11:00 pm",0,0,1,0.0508817,1,0
"Mar 1, 12:00 am",0,0,1,0.0507618,1,0
"Mar 1, 01:00 am",0,0,1,0.0507381,1,0
"Mar 1, 02:00 am",0,0,1,0.0507463,1,0
"Mar 1, 03:00 am",0,0,1,0.0507119,1,0
"Mar 1, 04:00 am",0,0,1,0.0507557,1,0
"Mar 1, 05:00 am",0,0,1,0.0508723,1,0
"Mar 1, 06:00 am",0,0,1,0.0510368,1,0
"Mar 1, 07:00 am",0,0,1,0.0504494,1,0
"Mar 1, 08:00 am",477.685,1.06599,1,0.0500091,1,759.6
"Mar 1, 09:00 am",2866.59,6.5526,1,0.0498818,1,866.4
"Mar 1, 10:00 am",2866.59,6.65762,1,0.0496098,1,919.6
"Mar 1, 11:00 am",2866.54,6.67136,1,0.0492924,1,949.5
"Mar 1, 12:00 pm",2867.74,3.93468,0.61072,0.0489892,0.61072,965.4
"Mar 1, 01:00 pm",2867.27,2.98674,0.486801,0.0487495,0.486801,971.5
"Mar 1, 02:00 pm",2867.05,2.98651,0.49203,0.0485671,0.49203,969
"Mar 1, 03:00 pm",2867.04,2.9865,0.479016,0.0486568,0.479016,953.2
"Mar 1, 04:00 pm",2867.04,2.9865,0.468575,0.0488263,0.468575,922.9
"Mar 1, 05:00 pm",2867.04,2.9865,0.677669,0.0491555,0.677669,866.5
"Mar 1, 06:00 pm",2866.56,0.398822,1,0.0497806,1,737.8
"Mar 1, 07:00 pm",2786.44,0.229487,1,0.0501221,1,319.1
"Mar 1, 08:00 pm",2866.62,0,1,0.0503954,1,0
"Mar 1, 09:00 pm",2866.67,0,1,0.0506311,1,0
"Mar 1, 10:00 pm",174.912,0,1,0.0507665,1,0
"Mar 1, 11:00 pm",0,0,1,0.0508404,1,0
"Mar 2, 12:00 am",0,0,1,0.0509444,1,0
"Mar 2, 01:00 am",0,0,1,0.0509844,1,0
"Mar 2, 02:00 am",0,0,1,0.0510242,1,0
"Mar 2, 03:00 am",0,0,1,0.051016,1,0
"Mar 2, 04:00 am",0,0,1,0.0510784,1,0
"Mar 2, 05:00 am",0,0,1,0.0511712,1,0
"Mar 2, 06:00 am",0,0,1,0.0510316,1,0
"Mar 2, 07:00 am",0,0,1,0.0505562,1,0
"Mar 2, 08:00 am",477.685,1.05936,1,0.0502116,1,758.9
"Mar 2, 09:00 am",2866.59,6.52745,1,0.0501448,1,864.3
"Mar 2, 10:00 am",2866.59,6.61082,1,0.0498253,1,915.5
"Mar 2, 11:00 am",2866.54,6.60442,1,0.0495245,1,943.2
"Mar 2, 12:00 pm",2865.3,4.13205,0.649147,0.0492396,0.649147,955.8
"Mar 2, 01:00 pm",2867.36,2.98683,0.495862,0.0489534,0.495862,958.4
"Mar 2, 02:00 pm",2867.03,2.98649,0.503194,0.0487708,0.503194,951.8
"Mar 2, 03:00 pm",2867.04,2.9865,0.48986,0.0488602,0.48986,935.5
"Mar 2, 04:00 pm",2867.03,2.98649,0.479387,0.0489655,0.479387,904.4
"Mar 2, 05:00 pm",2867.04,2.9865,0.701261,0.0492146,0.701261,846.4
"Mar 2, 06:00 pm",2866.56,0.398855,1,0.0497201,1,726
"Mar 2, 07:00 pm",2786.62,0.229589,1,0.0500872,1,303.8
"Mar 2, 08:00 pm",2866.62,0,1,0.0503496,1,0
"Mar 2, 09:00 pm",2866.67,0,1,0.0505724,1,0
"Mar 2, 10:00 pm",175.186,0,1,0.050677,1,0
"Mar 2, 11:00 pm",0,0,1,0.0507191,1,0
"Mar 3, 12:00 am",0,0,1,0.0508073,1,0
"Mar 3, 01:00 am",0,0,1,0.0507834,1,0
"Mar 3, 02:00 am",0,0,1,0.0507916,1,0
"Mar 3, 03:00 am",0,0,1,0.0507837,1,0
"Mar 3, 04:00 am",0,0,1,0.0507657,1,0
"Mar 3, 05:00 am",0,0,1,0.0508738,1,0
"Mar 3, 06:00 am",0,0,1,0.0509264,1,0
"Mar 3, 07:00 am",0,0,1,0.050435,1,0
"Mar 3, 08:00 am",477.685,1.00745,1,0.0499441,1,746.4
"Mar 3, 09:00 am",2866.59,6.42829,1,0.0497151,1,852.9
"Mar 3, 10:00 am",2866.59,6.51472,1,0.0494024,1,904.5
"Mar 3, 11:00 am",2866.55,6.5072,1,0.0491222,1,932.4
"Mar 3, 12:00 pm",2866.23,4.48197,0.710516,0.0488908,0.710516,946.8
"Mar 3, 01:00 pm",2867.35,2.98682,0.502466,0.0486399,0.502466,950.6
"Mar 3, 02:00 pm",2867.02,2.98648,0.508818,0.0486496,0.508818,945.3
"Mar 3, 03:00 pm",2867.05,2.98651,0.494379,0.0487391,0.494379,930.2
"Mar 3, 04:00 pm",2867.04,2.9865,0.482873,0.0489085,0.482873,900.1
"Mar 3, 05:00 pm",2867.04,2.9865,0.712022,0.0491737,0.712022,843
"Mar 3, 06:00 pm",2866.56,0.398854,1,0.0497284,1,717.8
"Mar 3, 07:00 pm",2785.27,0.22958,1,0.0501128,1,277.8
"Mar 3, 08:00 pm",2866.62,0,1,0.0503919,1,0
"Mar 3, 09:00 pm",2866.67,0,1,0.050615,1,0
"Mar 3, 10:00 pm",170.778,0,1,0.0507357,1,0
"Mar 3, 11:00 pm",0,0,1,0.0507936,1,0
"Mar 4, 12:00 am",0,0,1,0.0508657,1,0
"Mar 4, 01:00 am",0,0,1,0.0508898,1,0
"Mar 4, 02:00 am",0,0,1,0.0509138,1,0
"Mar 4, 03:00 am",0,0,1,0.0509217,1,0
"Mar 4, 04:00 am",0,0,1,0.0509538,1,0
"Mar 4, 05:00 am",0,0,1,0.0510642,1,0
"Mar 4, 06:00 am",0,0,1,0.0509407,1,0
"Mar 4, 07:00 am",0,0,1,0.0504813,1,0
"Mar 4, 08:00 am",0,0,1,0.0501021,1,7.5
"Mar 4, 09:00 am",955.49,3.66283,1,0.0497675,1,856.5
"Mar 4, 10:00 am",2866.59,6.54341,1,0.0498116,1,908.2
"Mar 4, 11:00 am",2866.56,6.51019,1,0.0495382,1,935.8
"Mar 4, 12:00 pm",2867,5.91378,0.927945,0.0492808,0.927945,949.2
"Mar 4, 01:00 pm",2867.13,2.98659,0.505421,0.0490776,0.505421,952.4
"Mar 4, 02:00 pm",2866.56,0.406456,1,0.0492084,1,9.5
"Mar 4, 03:00 pm",2866.7,5.58214,0.975966,0.0493957,0.975966,929.4
"Mar 4, 04:00 pm",2866.56,0.401596,1,0.0495827,1,9
"Mar 4, 05:00 pm",2866.55,3.70359,1,0.0498607,1,837.7
"Mar 4, 06:00 pm",2866.56,0.392924,1,0.0502233,1,711.5
"Mar 4, 07:00 pm",2794.01,0.228365,1,0.0504709,1,258.3
"Mar 4, 08:00 pm",2866.65,0,1,0.0506628,1,0
"Mar 4, 09:00 pm",1307.66,0,1,0.050776,1,0
"Mar 4, 10:00 pm",0,0,1,0.050826,1,0
"Mar 4, 11:00 pm",0,0,1,0.0508662,1,0
"Mar 5, 12:00 am",0,0,1,0.0509063,1,0
"Mar 5, 01:00 am",0,0,1,0.0509623,1,0
"Mar 5, 02:00 am",0,0,1,0.0509703,1,0
"Mar 5, 03:00 am",0,0,1,0.0509622,1,0
"Mar 5, 04:00 am",0,0,1,0.0509584,1,0
"Mar 5, 05:00 am",0,0,1,0.0510168,1,0
"Mar 5, 06:00 am",0,0,1,0.0510693,1,0
"Mar 5, 07:00 am",0,0,1,0.0507379,1,0
"Mar 5, 08:00 am",0,0,1,0.0503745,1,7.3
"Mar 5, 09:00 am",0,0,1,0.0500433,1,8.4
"Mar 5, 10:00 am",1433.25,3.0881,1,0.0497054,1,892.8
"Mar 5, 11:00 am",2866.59,6.38547,1,0.0495599,1,920.4
"Mar 5, 12:00 pm",2869.31,0.407372,1,0.0494948,1,9.3
"Mar 5, 01:00 pm",2866.59,5.51802,1,0.0494099,1,937.4
"Mar 5, 02:00 pm",2866.59,5.89881,1,0.0495049,1,931.2
"Mar 5, 03:00 pm",2866.54,6.08263,1,0.0496902,1,915.2
"Mar 5, 04:00 pm",2866.55,4.33769,0.706335,0.0498709,0.706335,883.5
"Mar 5, 05:00 pm",2867.12,2.98659,0.747771,0.0500538,0.747771,823.9
"Mar 5, 06:00 pm",2866.56,0.398661,1,0.0503805,1,695.9
"Mar 5, 07:00 pm",2759.89,0.22915,1,0.0506728,1,227.5
"Mar 5, 08:00 pm",2866.62,0,1,0.0509041,1,0
"Mar 5, 09:00 pm",2866.64,0,1,0.0510117,1,0
"Mar 5, 10:00 pm",0,0,1,0.0510753,1,0
"Mar 5, 11:00 pm",0,0,1,0.0511007,1,0
"Mar 6, 12:00 am",0,0,1,0.051126,1,0
"Mar 6, 01:00 am",0,0,1,0.0511033,1,0
"Mar 6, 02:00 am",0,0,1,0.0510806,1,0
"Mar 6, 03:00 am",0,0,1,0.0510685,1,0
"Mar 6, 04:00 am",0,0,1,0.0511018,1,0
"Mar 6, 05:00 am",0,0,1,0.0512022,1,0
"Mar 6, 06:00 am",0,0,1,0.0512386,1,0
"Mar 6, 07:00 am",0,0,1,0.050987,1,0
"Mar 6, 08:00 am",85.1417,0,1,0.0506084,1,7.4
"Mar 6, 09:00 am",0,0,1,0.0502938,1,8.5
"Mar 6, 10:00 am",0,0,1,0.0499786,1,9.1
"Mar 6, 11:00 am",1433.25,3.13452,1,0.0497375,1,935.6
"Mar 6, 12:00 pm",2866.59,6.32084,1,0.049734,1,947
"Mar 6, 01:00 pm",2866.59,6.04262,1,0.0497982,1,948.4
"Mar 6, 02:00 pm",2866.54,5.93299,1,0.049805,1,940.2
"Mar 6, 03:00 pm",2865.57,4.2232,0.702355,0.0499498,0.702355,922.7
"Mar 6, 04:00 pm",2867.27,2.98674,0.494203,0.0500838,0.494203,889
"Mar 6, 05:00 pm",2867.02,2.98648,0.752466,0.0502195,0.752466,826.9
"Mar 6, 06:00 pm",2866.56,0.398744,1,0.0505036,1,692.7
"Mar 6, 07:00 pm",2755.86,0.229215,1,0.0508204,1,203.3
"Mar 6, 08:00 pm",2866.61,0,1,0.0510485,1,0
"Mar 6, 09:00 pm",2866.64,0,1,0.0511798,1,0
"Mar 6, 10:00 pm",0,0,1,0.0512778,1,0
"Mar 6, 11:00 pm",0,0,1,0.0512867,1,0
"Mar 7, 12:00 am",0,0,1,0.0513116,1,0
"Mar 7, 01:00 am",0,0,1,0.0512724,1,0
"Mar 7, 02:00 am",0,0,1,0.0512333,1,0
"Mar 7, 03:00 am",0,0,1,0.051212,1,0
"Mar 7, 04:00 am",0,0,1,0.0511885,1,0
"Mar 7, 05:00 am",0,0,1,0.0512888,1,0
"Mar 7, 06:00 am",0,0,1,0.0511332,1,0
"Mar 7, 07:00 am",0,0,1,0.0507537,1,0
"Mar 7, 08:00 am",550.186,1.69343,1,0.0504613,1,743.4
"Mar 7, 09:00 am",2866.59,6.28954,1,0.0504533,1,853.3
"Mar 7, 10:00 am",2866.59,6.44705,1,0.050188,1,905.2
"Mar 7, 11:00 am",2866.54,6.42047,1,0.0498334,1,932.6
"Mar 7, 12:00 pm",2865.8,4.04679,0.656384,0.0495302,0.656384,946.1
"Mar 7, 01:00 pm",2867.36,2.98683,0.511942,0.0492592,0.511942,949.9
"Mar 7, 02:00 pm",2867.04,2.9865,0.518961,0.0490602,0.518961,943.7
"Mar 7, 03:00 pm",2867.04,2.9865,0.503147,0.0491172,0.503147,927.8
"Mar 7, 04:00 pm",2867.04,2.9865,0.490141,0.0492702,0.490141,896.2
"Mar 7, 05:00 pm",2867.04,2.9865,0.75317,0.0495029,0.75317,835.7
"Mar 7, 06:00 pm",2866.56,0.398903,1,0.0499559,1,697.1
"Mar 7, 07:00 pm",2785.79,0.229723,1,0.05035,1,185.2
"Mar 7, 08:00 pm",2866.62,0,1,0.0506097,1,0
"Mar 7, 09:00 pm",2866.67,0,1,0.0507667,1,0
"Mar 7, 10:00 pm",171.981,0,1,0.0508545,1,0
"Mar 7, 11:00 pm",0,0,1,0.0509123,1,0
"Mar 8, 12:00 am",0,0,1,0.0509523,1,0
"Mar 8, 01:00 am",0,0,1,0.0509923,1,0
"Mar 8, 02:00 am",0,0,1,0.0510321,1,0
"Mar 8, 03:00 am",0,0,1,0.0510559,1,0
"Mar 8, 04:00 am",0,0,1,0.0510718,1,0
"Mar 8, 05:00 am",0,0,1,0.0511661,1,0
"Mar 8, 06:00 am",0,0,1,0.0510266,1,0
"Mar 8, 07:00 am",0,0,1,0.0506311,1,0
"Mar 8, 08:00 am",477.725,1.61749,1,0.0502063,1,729.7
"Mar 8, 09:00 am",2866.59,6.19351,1,0.0500731,1,842.7
"Mar 8, 10:00 am",2866.59,6.3696,1,0.0498659,1,896.7
"Mar 8, 11:00 am",2866.54,6.34792,1,0.0495819,1,925.4
"Mar 8, 12:00 pm",2864.09,4.38248,0.714814,0.0493478,0.714814,940
"Mar 8, 01:00 pm",2867.09,2.98655,0.518315,0.0491428,0.518315,944.8
"Mar 8, 02:00 pm",2867.04,2.9865,0.523736,0.048976,0.523736,939.4
"Mar 8, 03:00 pm",2867.04,2.9865,0.50759,0.0490811,0.50759,923.2
"Mar 8, 04:00 pm",2867.04,2.9865,0.494323,0.0492501,0.494323,891
"Mar 8, 05:00 pm",2867.04,2.9865,0.768244,0.0494988,0.768244,829.7
"Mar 8, 06:00 pm",2866.56,0.398929,1,0.0499575,1,691.6
"Mar 8, 07:00 pm",2781.72,0.229733,1,0.0503419,1,159.9
"Mar 8, 08:00 pm",2866.62,0,1,0.0506209,1,0
"Mar 8, 09:00 pm",2866.66,0,1,0.05078,1,0
"Mar 8, 10:00 pm",158.675,0,1,0.0508683,1,0
"Mar 8, 11:00 pm",0,0,1,0.05091,1,0
"Mar 9, 12:00 am",0,0,1,0.05095,1,0
"Mar 9, 01:00 am",0,0,1,0.0509739,1,0
"Mar 9, 02:00 am",0,0,1,0.0509978,1,0
"Mar 9, 03:00 am",0,0,1,0.0509896,1,0
"Mar 9, 04:00 am",0,0,1,0.0509955,1,0
"Mar 9, 05:00 am",0,0,1,0.0510956,1,0
"Mar 9, 06:00 am",0,0,1,0.0509561,1,0
"Mar 9, 07:00 am",0,0,1,0.0506087,1,0
"Mar 9, 08:00 am",0,0,1,0.0502294,1,7.4
"Mar 9, 09:00 am",955.49,3.60203,1,0.0499075,1,852.2
"Mar 9, 10:00 am",2866.59,6.44285,1,0.0500375,1,906.4
"Mar 9, 11:00 am",2866.59,6.39344,1,0.0497519,1,935.3
"Mar 9, 12:00 pm",2866.79,6.17851,0.98923,0.0495129,0.98923,949.3
"Mar 9, 01:00 pm",2867.04,2.9865,0.517712,0.0492782,0.517712,953.5
"Mar 9, 02:00 pm",2867.04,2.9865,0.521741,0.0491113,0.521741,947.8
"Mar 9, 03:00 pm",2867.04,2.9865,0.50554,0.0492003,0.50554,930.7
"Mar 9, 04:00 pm",2867.04,2.9865,0.49195,0.0493373,0.49195,897.8
"Mar 9, 05:00 pm",2867.04,2.9865,0.773286,0.049538,0.773286,835
"Mar 9, 06:00 pm",2866.56,0.398943,1,0.0499776,1,691
"Mar 9, 07:00 pm",2815.47,0.229845,1,0.050376,1,0
"Mar 9, 08:00 pm",2866.63,0,1,0.0506542,1,0
"Mar 9, 09:00 pm",2866.68,0,1,0.0508288,1,0
"Mar 9, 10:00 pm",268.575,0,1,0.0509347,1,0
"Mar 9, 11:00 pm",0,0,1,0.0509934,1,0
"Mar 10, 12:00 am",0,0,1,0.0510813,1,0
"Mar 10, 01:00 am",0,0,1,0.051089,1,0
"Mar 10, 02:00 am",0,0,1,0.0511128,1,0
"Mar 10, 03:00 am",0,0,1,0.0511045,1,0
"Mar 10, 04:00 am",0,0,1,0.0511282,1,0
"Mar 10, 05:00 am",0,0,1,0.0511518,1,0
"Mar 10, 06:00 am",0,0,1,0.050978,1,0
"Mar 10, 07:00 am",0,0,1,0.0506108,1,0
"Mar 10, 08:00 am",477.725,1.62803,1,0.0502343,1,742.1
"Mar 10, 09:00 am",2866.59,6.2463,1,0.0501535,1,852.9
"Mar 10, 10:00 am",2866.59,6.38786,1,0.049961,1,904.4
"Mar 10, 11:00 am",2866.54,6.33535,1,0.0496755,1,930.5
"Mar 10, 12:00 pm",2866.54,4.32557,0.711318,0.0494246,0.711318,942.3
"Mar 10, 01:00 pm",2867.17,2.98664,0.523904,0.0492354,0.523904,944.3
"Mar 10, 02:00 pm",2867.03,2.98649,0.530704,0.0492123,0.530704,936.4
"Mar 10, 03:00 pm",2867.03,2.98649,0.514652,0.0492852,0.514652,918
"Mar 10, 04:00 pm",2867.03,2.98649,0.501263,0.0494379,0.501263,883.6
"Mar 10, 05:00 pm",2867.04,2.9865,0.799262,0.0496384,0.799262,818.8
"Mar 10, 06:00 pm",2866.56,0.398816,1,0.0500343,1,678.6
"Mar 10, 07:00 pm",2781.97,0.229468,1,0.0504202,1,0
"Mar 10, 08:00 pm",2866.62,0,1,0.050636,1,0
"Mar 10, 09:00 pm",2866.66,0,1,0.0507956,1,0
"Mar 10, 10:00 pm",160.229,0,1,0.0508841,1,0
"Mar 10, 11:00 pm",0,0,1,0.0508778,1,0
"Mar 11, 12:00 am",0,0,1,0.0508699,1,0
"Mar 11, 01:00 am",0,0,1,0.0508299,1,0
"Mar 11, 02:00 am",0,0,1,0.050806,1,0
"Mar 11, 03:00 am",0,0,1,0.0507821,1,0
"Mar 11, 04:00 am",0,0,1,0.0507391,1,0
"Mar 11, 05:00 am",0,0,1,0.0509023,1,0
"Mar 11, 06:00 am",0,0,1,0.0508268,1,0
"Mar 11, 07:00 am",0,0,1,0.0506554,1,0
"Mar 11, 08:00 am",0,0,1,0.0503561,1,7.4
"Mar 11, 09:00 am",0,0,1,0.0499928,1,8.6
"Mar 11, 10:00 am",0,0,1,0.0496616,1,9.1
"Mar 11, 11:00 am",1433.25,3.09804,1,0.0493875,1,940.9
"Mar 11, 12:00 pm",2866.59,6.22212,1,0.0493091,1,953.6
"Mar 11, 01:00 pm",2866.59,5.93072,1,0.0493214,1,956.2
"Mar 11, 02:00 pm",2866.55,5.84424,1,0.0494278,1,949.1
"Mar 11, 03:00 pm",2866.56,0.407757,1,0.0496429,1,11.4
"Mar 11, 04:00 pm",2779.98,0.252731,1,0.0499148,1,8.9
"Mar 11, 05:00 pm",2629.91,0.114313,1,0.0501921,1,8.3
"Mar 11, 06:00 pm",1860.36,0,1,0.0503709,1,675.8
"Mar 11, 07:00 pm",0,0,1,0.0505253,1,0
"Mar 11, 08:00 pm",0,0,1,0.0505818,1,0
"Mar 11, 09:00 pm",0,0,1,0.0506542,1,0
"Mar 11, 10:00 pm",0,0,1,0.0506945,1,0
"Mar 11, 11:00 pm",0,0,1,0.0507187,1,0
"Mar 12, 12:00 am",0,0,1,0.0508157,1,0
"Mar 12, 01:00 am",0,0,1,0.0508148,1,0
"Mar 12, 02:00 am",0,0,1,0.0508674,1,0
"Mar 12, 03:00 am",0,0,1,0.0508559,1,0
"Mar 12, 04:00 am",0,0,1,0.0508445,1,0
"Mar 12, 05:00 am",0,0,1,0.050833,1,0
"Mar 12, 06:00 am",0,0,1,0.0508696,1,0
"Mar 12, 07:00 am",0,0,1,0.0507621,1,0
"Mar 12, 08:00 am",0,0,1,0.0506067,1,7.3
"Mar 12, 09:00 am",0,0,1,0.0503074,1,8.5
"Mar 12, 10:00 am",0,0,1,0.0499442,1,9.1
"Mar 12, 11:00 am",955.49,3.44929,1,0.0497182,1,936.9
"Mar 12, 12:00 pm",2866.59,6.18928,1,0.0498882,1,953.6
"Mar 12, 01:00 pm",2866.59,5.92238,1,0.0497743,1,960.1
"Mar 12, 02:00 pm",2866.54,5.8673,1,0.0498352,1,957.6
"Mar 12, 03:00 pm",2865.27,4.16912,0.695687,0.049905,0.695687,942.9
"Mar 12, 04:00 pm",2867.33,2.98681,0.489752,0.0499847,0.489752,912.3
"Mar 12, 05:00 pm",2867.03,2.98649,0.790474,0.0501366,0.790474,851.4
"Mar 12, 06:00 pm",2866.56,0.398939,1,0.0505655,1,690.4
"Mar 12, 07:00 pm",2812.85,0.22994,1,0.0509036,1,0
"Mar 12, 08:00 pm",2866.63,0,1,0.0510954,1,0
"Mar 12, 09:00 pm",2866.68,0,1,0.0513139,1,0
"Mar 12, 10:00 pm",259.491,0,1,0.0514336,1,0
"Mar 12, 11:00 pm",0,0,1,0.0514915,1,0
"Mar 13, 12:00 am",0,0,1,0.0516747,1,0
"Mar 13, 01:00 am",0,0,1,0.0516177,1,0
"Mar 13, 02:00 am",0,0,1,0.0516408,1,0
"Mar 13, 03:00 am",0,0,1,0.0516478,1,0
"Mar 13, 04:00 am",0,0,1,0.0516868,1,0
"Mar 13, 05:00 am",0,0,1,0.0516803,1,0
"Mar 13, 06:00 am",0,0,1,0.0513525,1,0
"Mar 13, 07:00 am",0,0,1,0.050941,1,0
"Mar 13, 08:00 am",477.725,1.77597,1,0.0505232,1,795.8
"Mar 13, 09:00 am",2866.59,6.63466,1,0.0503788,1,908.6
"Mar 13, 10:00 am",2866.59,6.73723,1,0.0499804,1,960.3
"Mar 13, 11:00 am",2866.53,6.65277,1,0.0496628,1,987.1
"Mar 13, 12:00 pm",2864.72,3.14499,0.505868,0.0493461,0.505868,996.9
"Mar 13, 01:00 pm",2867.05,2.98651,0.502619,0.0490841,0.502619,997.3
"Mar 13, 02:00 pm",2867.03,2.98649,0.509949,0.0491411,0.509949,989.2
"Mar 13, 03:00 pm",2867.04,2.9865,0.494115,0.0492781,0.494115,968.3
"Mar 13, 04:00 pm",2867.03,2.98649,0.479782,0.0494468,0.479782,931.3
"Mar 13, 05:00 pm",2867.03,2.98649,0.790192,0.0497753,0.790192,863.9
"Mar 13, 06:00 pm",2866.56,0.398768,1,0.0502666,1,711.3
"Mar 13, 07:00 pm",2790.52,0.229402,1,0.0507002,1,0
"Mar 13, 08:00 pm",2866.62,0,1,0.0509319,1,0
"Mar 13, 09:00 pm",2866.67,0,1,0.0511713,1,0
"Mar 13, 10:00 pm",188.186,0,1,0.0513078,1,0
"Mar 13, 11:00 pm",0,0,1,0.0513653,1,0
"Mar 14, 12:00 am",0,0,1,0.0514846,1,0
"Mar 14, 01:00 am",0,0,1,0.0515079,1,0
"Mar 14, 02:00 am",0,0,1,0.051531,1,0
"Mar 14, 03:00 am",0,0,1,0.0514742,1,0
"Mar 14, 04:00 am",0,0,1,0.0514202,1,0
"Mar 14, 05:00 am",0,0,1,0.0514449,1,0
"Mar 14, 06:00 am",0,0,1,0.0513213,1,0
"Mar 14, 07:00 am",0,0,1,0.0510858,1,0
"Mar 14, 08:00 am",0,0,1,0.0508023,1,7.5
"Mar 14, 09:00 am",0,0,1,0.0505509,1,8.6
"Mar 14, 10:00 am",0,0,1,0.0504276,1,9.1
"Mar 14, 11:00 am",0,0,1,0.0501923,1,9.4
"Mar 14, 12:00 pm",0,0,1,0.050085,1,9.5
"Mar 14, 01:00 pm",0,0,1,0.0500578,1,9.5
"Mar 14, 02:00 pm",0,0,1,0.0500785,1,9.4
"Mar 14, 03:00 pm",0,0,1,0.0501953,1,9.2
"Mar 14, 04:00 pm",0,0,1,0.050344,1,8.9
"Mar 14, 05:00 pm",0,0,1,0.0504607,1,8.2
"Mar 14, 06:00 pm",0,0,1,0.0505773,1,672.7
"Mar 14, 07:00 pm",0,0,1,0.05071,1,0
"Mar 14, 08:00 pm",0,0,1,0.0507626,1,0
"Mar 14, 09:00 pm",0,0,1,0.0508471,1,0
"Mar 14, 10:00 pm",0,0,1,0.0508677,1,0
"Mar 14, 11:00 pm",0,0,1,0.0508723,1,0
"Mar 15, 12:00 am",0,0,1,0.0509408,1,0
"Mar 15, 01:00 am",0,0,1,0.0509134,1,0
"Mar 15, 02:00 am",0,0,1,0.0509339,1,0
"Mar 15, 03:00 am",0,0,1,0.0509385,1,0
"Mar 15, 04:00 am",0,0,1,0.050879,1,0
"Mar 15, 05:00 am",0,0,1,0.0508996,1,0
"Mar 15, 06:00 am",0,0,1,0.0509042,1,0
"Mar 15, 07:00 am",0,0,1,0.0508127,1,0
"Mar 15, 08:00 am",0,0,1,0.0507373,1,7.2
"Mar 15, 09:00 am",0,0,1,0.05055,1,8.4
"Mar 15, 10:00 am",0,0,1,0.0503947,1,9
"Mar 15, 11:00 am",0,0,1,0.0502714,1,9.3
"Mar 15, 12:00 pm",0,0,1,0.0502121,1,9.4
"Mar 15, 01:00 pm",0,0,1,0.0502169,1,9.4
"Mar 15, 02:00 pm",0,0,1,0.0502696,1,9.4
"Mar 15, 03:00 pm",0,0,1,0.0503704,1,9.2
"Mar 15, 04:00 pm",0,0,1,0.0504871,1,8.9
"Mar 15, 05:00 pm",0,0,1,0.0506357,1,8.2
"Mar 15, 06:00 pm",0,0,1,0.0508323,1,6.5
"Mar 15, 07:00 pm",0,0,1,0.0509649,1,0
"Mar 15, 08:00 pm",0,0,1,0.0510814,1,0
"Mar 15, 09:00 pm",0,0,1,0.051182,1,0
"Mar 15, 10:00 pm",0,0,1,0.0512665,1,0
"Mar 15, 11:00 pm",0,0,1,0.0512709,1,0
"Mar 16, 12:00 am",0,0,1,0.0513394,1,0
"Mar 16, 01:00 am",0,0,1,0.0513305,1,0
"Mar 16, 02:00 am",0,0,1,0.0513433,1,0
"Mar 16, 03:00 am",0,0,1,0.0513753,1,0
"Mar 16, 04:00 am",0,0,1,0.0513913,1,0
"Mar 16, 05:00 am",0,0,1,0.0514073,1,0
"Mar 16, 06:00 am",0,0,1,0.0511513,1,0
"Mar 16, 07:00 am",0,0,1,0.0507993,1,0
"Mar 16, 08:00 am",0,0,1,0.0502714,1,739.4
"Mar 16, 09:00 am",2388.78,5.1164,1,0.0498832,1,858.2
"Mar 16, 10:00 am",2866.59,6.33575,1,0.0496728,1,912.2
"Mar 16, 11:00 am",2866.59,6.24328,1,0.0493477,1,939.7
"Mar 16, 12:00 pm",2866.54,6.02383,1,0.0491563,1,950.2
"Mar 16, 01:00 pm",2867.73,3.71559,0.664502,0.0489959,0.664502,950.2
"Mar 16, 02:00 pm",2867.21,2.98668,0.547141,0.0490353,0.547141,940.8
"Mar 16, 03:00 pm",2867.03,2.98649,0.525483,0.0491974,0.525483,922.7
"Mar 16, 04:00 pm",2867.03,2.98649,0.508141,0.0493754,0.508141,887.2
"Mar 16, 05:00 pm",2867.04,2.9865,0.872462,0.0497293,0.872462,818.5
"Mar 16, 06:00 pm",2866.56,0.398872,1,0.0502323,1,655
"Mar 16, 07:00 pm",2767.84,0.229724,1,0.0507095,1,0
"Mar 16, 08:00 pm",2866.62,0,1,0.0509637,1,0
"Mar 16, 09:00 pm",2866.66,0,1,0.0511848,1,0
"Mar 16, 10:00 pm",0,0,1,0.0513085,1,0
"Mar 16, 11:00 pm",0,0,1,0.0513499,1,0
"Mar 17, 12:00 am",0,0,1,0.0514392,1,0
"Mar 17, 01:00 am",0,0,1,0.0514004,1,0
"Mar 17, 02:00 am",0,0,1,0.0513936,1,0
"Mar 17, 03:00 am",0,0,1,0.0513869,1,0
"Mar 17, 04:00 am",0,0,1,0.0514257,1,0
"Mar 17, 05:00 am",0,0,1,0.051526,1,0
"Mar 17, 06:00 am",0,0,1,0.0512903,1,0
"Mar 17, 07:00 am",0,0,1,0.0510227,1,0
"Mar 17, 08:00 am",585.66,1.4855,1,0.050593,1,748.3
"Mar 17, 09:00 am",2866.59,6.27393,1,0.050415,1,871.1
"Mar 17, 10:00 am",2866.59,6.41968,1,0.0501302,1,928.5
"Mar 17, 11:00 am",2866.54,6.35115,1,0.0497909,1,959.7
"Mar 17, 12:00 pm",2865.95,4.4169,0.729833,0.0495446,0.729833,971.3
"Mar 17, 01:00 pm",2867.05,2.98651,0.530157,0.0492603,0.530157,972.4
"Mar 17, 02:00 pm",2867.03,2.98649,0.534811,0.0490613,0.534811,964.2
"Mar 17, 03:00 pm",2867.03,2.98649,0.514601,0.0491503,0.514601,946.1
"Mar 17, 04:00 pm",2867.03,2.98649,0.499903,0.0492872,0.499903,910.8
"Mar 17, 05:00 pm",2867.04,2.9865,0.861239,0.0495198,0.861239,842.3
"Mar 17, 06:00 pm",2866.56,0.398866,1,0.049991,1,667.3
"Mar 17, 07:00 pm",2774.45,0.229707,1,0.0504216,1,0
"Mar 17, 08:00 pm",2866.62,0,1,0.0506758,1,0
"Mar 17, 09:00 pm",2866.66,0,1,0.0509033,1,0
"Mar 17, 10:00 pm",0,0,1,0.051056,1,0
"Mar 17, 11:00 pm",0,0,1,0.0511461,1,0
"Mar 18, 12:00 am",0,0,1,0.0512839,1,0
"Mar 18, 01:00 am",0,0,1,0.0513097,1,0
"Mar 18, 02:00 am",0,0,1,0.0513674,1,0
"Mar 18, 03:00 am",0,0,1,0.051409,1,0
"Mar 18, 04:00 am",0,0,1,0.0514206,1,0
"Mar 18, 05:00 am",0,0,1,0.0515256,1,0
"Mar 18, 06:00 am",0,0,1,0.0513059,1,0
"Mar 18, 07:00 am",0,0,1,0.0508623,1,0
"Mar 18, 08:00 am",606.118,1.55761,1,0.05034,1,773.2
"Mar 18, 09:00 am",2866.59,6.41762,1,0.0500936,1,891.2
"Mar 18, 10:00 am",2866.59,6.50962,1,0.0496881,1,944.1
"Mar 18, 11:00 am",2866.54,6.40113,1,0.0492306,1,971
"Mar 18, 12:00 pm",2865.25,4.03446,0.667739,0.0488834,0.667739,980.3
"Mar 18, 01:00 pm",2867.37,2.98685,0.527705,0.0485656,0.527705,979.6
"Mar 18, 02:00 pm",2867.04,2.9865,0.534459,0.0486073,0.534459,969.9
"Mar 18, 03:00 pm",2867.04,2.9865,0.515616,0.0487129,0.515616,948.1
"Mar 18, 04:00 pm",2867.04,2.9865,0.505775,0.0489143,0.505775,909
"Mar 18, 05:00 pm",2867.05,2.98651,0.881462,0.0492914,0.881462,836.2
"Mar 18, 06:00 pm",2866.56,0.398922,1,0.0498993,1,669.7
"Mar 18, 07:00 pm",2778.58,0.229827,1,0.0503535,1,0
"Mar 18, 08:00 pm",2866.62,0,1,0.0506514,1,0
"Mar 18, 09:00 pm",2866.66,0,1,0.0509242,1,0
"Mar 18, 10:00 pm",148.057,0,1,0.0510608,1,0
"Mar 18, 11:00 pm",0,0,1,0.0511502,1,0
"Mar 19, 12:00 am",0,0,1,0.0512698,1,0
"Mar 19, 01:00 am",0,0,1,0.0513093,1,0
"Mar 19, 02:00 am",0,0,1,0.0513327,1,0
"Mar 19, 03:00 am",0,0,1,0.0513721,1,0
"Mar 19, 04:00 am",0,0,1,0.0513994,1,0
"Mar 19, 05:00 am",0,0,1,0.0515371,1,0
"Mar 19, 06:00 am",0,0,1,0.0513175,1,0
"Mar 19, 07:00 am",0,0,1,0.050986,1,0
"Mar 19, 08:00 am",477.725,1.31825,1,0.0504996,1,721.2
"Mar 19, 09:00 am",2866.59,6.05158,1,0.050245,1,847.6
"Mar 19, 10:00 am",2866.59,6.22181,1,0.0499104,1,905.9
"Mar 19, 11:00 am",2866.55,6.14205,1,0.0495297,1,937.2
"Mar 19, 12:00 pm",2867,5.09395,0.863765,0.0492311,0.863765,951.5
"Mar 19, 01:00 pm",2867.05,2.98651,0.546675,0.0490187,0.546675,955.1
"Mar 19, 02:00 pm",2867.03,2.98649,0.549809,0.0490598,0.549809,948.6
"Mar 19, 03:00 pm",2867.03,2.98649,0.528426,0.0492127,0.528426,929.6
"Mar 19, 04:00 pm",2867.04,2.9865,0.520656,0.0493655,0.520656,892.3
"Mar 19, 05:00 pm",2867.04,2.9865,0.913531,0.0496779,0.913531,820.5
"Mar 19, 06:00 pm",2866.56,0.398838,1,0.0501711,1,649.8
"Mar 19, 07:00 pm",2763.29,0.229637,1,0.0505578,1,0
"Mar 19, 08:00 pm",2866.62,0,1,0.0508377,1,0
"Mar 19, 09:00 pm",2866.65,0,1,0.0510132,1,0
"Mar 19, 10:00 pm",0,0,1,0.051116,1,0
"Mar 19, 11:00 pm",0,0,1,0.0511894,1,0
"Mar 20, 12:00 am",0,0,1,0.0513107,1,0
"Mar 20, 01:00 am",0,0,1,0.0513039,1,0
"Mar 20, 02:00 am",0,0,1,0.051345,1,0
"Mar 20, 03:00 am",0,0,1,0.0513766,1,0
"Mar 20, 04:00 am",0,0,1,0.0514059,1,0
"Mar 20, 05:00 am",0,0,1,0.0515382,1,0
"Mar 20, 06:00 am",0,0,1,0.0513185,1,0
"Mar 20, 07:00 am",0,0,1,0.0509709,1,0
"Mar 20, 08:00 am",572.001,1.31042,1,0.0505175,1,724
"Mar 20, 09:00 am",2866.59,6.04746,1,0.0502297,1,849.5
"Mar 20, 10:00 am",2866.59,6.20266,1,0.0499756,1,906.5
"Mar 20, 11:00 am",2866.55,6.10092,1,0.0496592,1,935.6
"Mar 20, 12:00 pm",2867.03,5.16067,0.882748,0.049409,0.882748,948.2
"Mar 20, 01:00 pm",2867,2.98646,0.553306,0.0491807,0.553306,950.2
"Mar 20, 02:00 pm",2867.04,2.9865,0.556939,0.0489818,0.556939,941.9
"Mar 20, 03:00 pm",2867.04,2.9865,0.534937,0.0490709,0.534937,922.5
"Mar 20, 04:00 pm",2867.03,2.98649,0.530561,0.0492238,0.530561,884.8
"Mar 20, 05:00 pm",2865.59,2.98498,0.938531,0.0494885,0.938531,811.7
"Mar 20, 06:00 pm",2866.56,0.398783,1,0.0499811,1,635.4
"Mar 20, 07:00 pm",2762.84,0.229502,1,0.0504149,1,0
"Mar 20, 08:00 pm",2866.62,0,1,0.0506944,1,0
"Mar 20, 09:00 pm",2866.65,0,1,0.0509017,1,0
"Mar 20, 10:00 pm",0,0,1,0.0510365,1,0
"Mar 20, 11:00 pm",0,0,1,0.05111,1,0
"Mar 21, 12:00 am",0,0,1,0.0512153,1,0
"Mar 21, 01:00 am",0,0,1,0.0512086,1,0
"Mar 21, 02:00 am",0,0,1,0.0512338,1,0
"Mar 21, 03:00 am",0,0,1,0.0512657,1,0
"Mar 21, 04:00 am",0,0,1,0.0512472,1,0
"Mar 21, 05:00 am",0,0,1,0.0513955,1,0
"Mar 21, 06:00 am",0,0,1,0.0511439,1,0
"Mar 21, 07:00 am",0,0,1,0.0508923,1,0
"Mar 21, 08:00 am",571.045,1.31589,1,0.0504711,1,731.1
"Mar 21, 09:00 am",2866.59,6.08988,1,0.0501543,1,857.2
"Mar 21, 10:00 am",2866.59,6.23158,1,0.0499638,1,913.8
"Mar 21, 11:00 am",2866.55,6.12133,1,0.0496624,1,943.1
"Mar 21, 12:00 pm",2866.86,5.06219,0.865192,0.0493792,0.865192,955.6
"Mar 21, 01:00 pm",2867.07,2.98653,0.552408,0.0491025,0.552408,957.4
"Mar 21, 02:00 pm",2867.03,2.98649,0.555863,0.0491435,0.555863,949.4
"Mar 21, 03:00 pm",2867.03,2.98649,0.533165,0.0492324,0.533165,930
"Mar 21, 04:00 pm",2867.03,2.98649,0.531326,0.0493851,0.531326,893
"Mar 21, 05:00 pm",2865.94,2.98536,0.945693,0.0496496,0.945693,819.7
"Mar 21, 06:00 pm",2866.56,0.39887,1,0.050094,1,633.1
"Mar 21, 07:00 pm",2763.37,0.229763,1,0.0505277,1,0
"Mar 21, 08:00 pm",2866.62,0,1,0.0507911,1,0
"Mar 21, 09:00 pm",2866.65,0,1,0.0509983,1,0
"Mar 21, 10:00 pm",0,0,1,0.051133,1,0
"Mar 21, 11:00 pm",0,0,1,0.0511584,1,0
"Mar 22, 12:00 am",0,0,1,0.0512477,1,0
"Mar 22, 01:00 am",0,0,1,0.0512569,1,0
"Mar 22, 02:00 am",0,0,1,0.0512821,1,0
"Mar 22, 03:00 am",0,0,1,0.0513138,1,0
"Mar 22, 04:00 am",0,0,1,0.051295,1,0
"Mar 22, 05:00 am",0,0,1,0.0514114,1,0
"Mar 22, 06:00 am",0,0,1,0.0511437,1,0
"Mar 22, 07:00 am",0,0,1,0.0509402,1,0
"Mar 22, 08:00 am",571.886,1.31251,1,0.0505668,1,736.1
"Mar 22, 09:00 am",2866.59,6.10974,1,0.0503613,1,862.2
"Mar 22, 10:00 am",2866.59,6.23689,1,0.0501391,1,918
"Mar 22, 11:00 am",2866.55,6.11653,1,0.0498375,1,947
"Mar 22, 12:00 pm",2866.78,5.04455,0.867042,0.04957,0.867042,956.3
"Mar 22, 01:00 pm",2867.08,2.98654,0.557241,0.049309,0.557241,955.4
"Mar 22, 02:00 pm",2867.03,2.98649,0.562028,0.0491259,0.562028,944.7
"Mar 22, 03:00 pm",2867.03,2.98649,0.540172,0.0492788,0.540172,922.5
"Mar 22, 04:00 pm",2867.03,2.98649,0.544049,0.0494634,0.544049,881.7
"Mar 22, 05:00 pm",2866.28,2.98571,0.982174,0.0497118,0.982174,803.7
"Mar 22, 06:00 pm",2866.56,0.398719,1,0.0501564,1,620.1
"Mar 22, 07:00 pm",2762.63,0.22929,1,0.0505263,1,0
"Mar 22, 08:00 pm",2866.62,0,1,0.0507579,1,0
"Mar 22, 09:00 pm",2866.65,0,1,0.0509333,1,0
"Mar 22, 10:00 pm",0,0,1,0.0510681,1,0
"Mar 22, 11:00 pm",0,0,1,0.0511255,1,0
"Mar 23, 12:00 am",0,0,1,0.0511669,1,0
"Mar 23, 01:00 am",0,0,1,0.0512082,1,0
"Mar 23, 02:00 am",0,0,1,0.0512174,1,0
"Mar 23, 03:00 am",0,0,1,0.0512814,1,0
"Mar 23, 04:00 am",0,0,1,0.0513268,1,0
"Mar 23, 05:00 am",0,0,1,0.0514912,1,0
"Mar 23, 06:00 am",0,0,1,0.0512875,1,0
"Mar 23, 07:00 am",0,0,1,0.0511479,1,0
"Mar 23, 08:00 am",570.96,1.23392,1,0.0508353,1,723.4
"Mar 23, 09:00 am",2866.59,6.04133,1,0.0506031,1,856.7
"Mar 23, 10:00 am",2866.59,6.21581,1,0.0503739,1,918.4
"Mar 23, 11:00 am",2866.55,6.12423,1,0.0500466,1,952.8
"Mar 23, 12:00 pm",2867.57,5.18696,0.888611,0.0497828,0.888611,964
"Mar 23, 01:00 pm",2866.98,2.98643,0.55588,0.0495229,0.55588,964.9
"Mar 23, 02:00 pm",2867.03,2.98649,0.558974,0.0493395,0.558974,955.7
"Mar 23, 03:00 pm",2867.03,2.98649,0.535397,0.0494121,0.535397,935.1
"Mar 23, 04:00 pm",2867.03,2.98649,0.540987,0.0495326,0.540987,896.3
"Mar 23, 05:00 pm",2866.31,2.98574,0.97999,0.0497649,0.97999,820
"Mar 23, 06:00 pm",2866.56,0.39876,1,0.0502417,1,620.9
"Mar 23, 07:00 pm",2759.13,0.229471,1,0.0506437,1,0
"Mar 23, 08:00 pm",2866.61,0,1,0.0508913,1,0
"Mar 23, 09:00 pm",2866.64,0,1,0.0510985,1,0
"Mar 23, 10:00 pm",0,0,1,0.051201,1,0
"Mar 23, 11:00 pm",0,0,1,0.0512741,1,0
"Mar 24, 12:00 am",0,0,1,0.051315,1,0
"Mar 24, 01:00 am",0,0,1,0.05134,1,0
"Mar 24, 02:00 am",0,0,1,0.0513488,1,0
"Mar 24, 03:00 am",0,0,1,0.0513868,1,0
"Mar 24, 04:00 am",0,0,1,0.0514226,1,0
"Mar 24, 05:00 am",0,0,1,0.0515869,1,0
"Mar 24, 06:00 am",0,0,1,0.0513832,1,0
"Mar 24, 07:00 am",0,0,1,0.0510516,1,0
"Mar 24, 08:00 am",559.572,1.24323,1,0.0505633,1,731.6
"Mar 24, 09:00 am",2866.59,6.04827,1,0.050334,1,859.7
"Mar 24, 10:00 am",2866.59,6.17471,1,0.0501195,1,915.9
"Mar 24, 11:00 am",2866.55,6.03643,1,0.0498711,1,944.3
"Mar 24, 12:00 pm",2868.33,5.31442,0.924669,0.0496429,0.924669,955
"Mar 24, 01:00 pm",2867.29,2.98676,0.564741,0.0493863,0.564741,954.9
"Mar 24, 02:00 pm",2867.03,2.98649,0.568912,0.0492031,0.568912,944.9
"Mar 24, 03:00 pm",2867.04,2.9865,0.543684,0.0493079,0.543684,925.3
"Mar 24, 04:00 pm",2867.04,2.9865,0.552763,0.0494606,0.552763,887
"Mar 24, 05:00 pm",2866.53,2.94524,1,0.049776,1,810.4
"Mar 24, 06:00 pm",2866.56,0.398974,1,0.0502212,1,616.5
"Mar 24, 07:00 pm",2761.59,0.2295,1,0.0506368,1,0
"Mar 24, 08:00 pm",2866.62,0,1,0.0508994,1,0
"Mar 24, 09:00 pm",2866.62,0,1,0.05109,1,0
"Mar 24, 10:00 pm",0,0,1,0.0512239,1,0
"Mar 24, 11:00 pm",0,0,1,0.0513124,1,0
"Mar 25, 12:00 am",0,0,1,0.0514008,1,0
"Mar 25, 01:00 am",0,0,1,0.0514411,1,0
"Mar 25, 02:00 am",0,0,1,0.0514813,1,0
"Mar 25, 03:00 am",0,0,1,0.0515492,1,0
"Mar 25, 04:00 am",0,0,1,0.0515833,1,0
"Mar 25, 05:00 am",0,0,1,0.0517476,1,0
"Mar 25, 06:00 am",0,0,1,0.0515759,1,0
"Mar 25, 07:00 am",0,0,1,0.0513722,1,0
"Mar 25, 08:00 am",530.71,1.21454,1,0.0510584,1,730.3
"Mar 25, 09:00 am",2866.59,6.03914,1,0.0508204,1,861.3
"Mar 25, 10:00 am",2866.59,6.17413,1,0.0505925,1,919.5
"Mar 25, 11:00 am",2866.55,6.04112,1,0.0503137,1,950
"Mar 25, 12:00 pm",2868.83,5.34043,0.92978,0.0501022,0.92978,960.6
"Mar 25, 01:00 pm",2867.28,2.98675,0.565472,0.0499096,0.565472,960.8
"Mar 25, 02:00 pm",2867.02,2.98648,0.569282,0.0499656,0.569282,950.7
"Mar 25, 03:00 pm",2867.02,2.98648,0.545827,0.0501014,0.545827,926.8
"Mar 25, 04:00 pm",2866.56,0.405566,1,0.0504149,1,8.8
"Mar 25, 05:00 pm",2786.78,0.246086,1,0.0507957,1,8
"Mar 25, 06:00 pm",2630.25,0.100397,1,0.0510929,1,603.9
"Mar 25, 07:00 pm",2866.65,0,1,0.0513254,1,0
"Mar 25, 08:00 pm",444.01,0,1,0.0514007,1,0
"Mar 25, 09:00 pm",0,0,1,0.0514604,1,0
"Mar 25, 10:00 pm",0,0,1,0.0514837,1,0
"Mar 25, 11:00 pm",0,0,1,0.051491,1,0
"Mar 26, 12:00 am",0,0,1,0.0516421,1,0
"Mar 26, 01:00 am",0,0,1,0.0515851,1,0
"Mar 26, 02:00 am",0,0,1,0.051622,1,0
"Mar 26, 03:00 am",0,0,1,0.0516735,1,0
"Mar 26, 04:00 am",0,0,1,0.0517578,1,0
"Mar 26, 05:00 am",0,0,1,0.0518581,1,0
"Mar 26, 06:00 am",0,0,1,0.0516705,1,0
"Mar 26, 07:00 am",0,0,1,0.0514028,1,0
"Mar 26, 08:00 am",453.08,1.10971,1,0.0509433,1,745.2
"Mar 26, 09:00 am",2866.59,6.08229,1,0.0506974,1,874.6
"Mar 26, 10:00 am",2866.59,6.22829,1,0.0504885,1,930.9
"Mar 26, 11:00 am",2866.55,6.07077,1,0.0501636,1,959.4
"Mar 26, 12:00 pm",2866.56,5.25995,0.911969,0.04992,0.911969,971.4
"Mar 26, 01:00 pm",2867.3,2.98677,0.56223,0.0496632,0.56223,972.7
"Mar 26, 02:00 pm",2867.03,2.98649,0.564802,0.0495116,0.564802,963.9
"Mar 26, 03:00 pm",2867.03,2.98649,0.537768,0.0496161,0.537768,945
"Mar 26, 04:00 pm",2867.03,2.98649,0.553266,0.0497683,0.553266,906.8
"Mar 26, 05:00 pm",2866.53,2.81275,1,0.0501251,1,830.1
"Mar 26, 06:00 pm",2866.56,0.39911,1,0.0506059,1,611.1
"Mar 26, 07:00 pm",2759.11,0.229867,1,0.0509678,1,0
"Mar 26, 08:00 pm",2866.62,0,1,0.051196,1,0
"Mar 26, 09:00 pm",2786.73,0,1,0.0514004,1,0
"Mar 26, 10:00 pm",0,0,1,0.0515323,1,0
"Mar 26, 11:00 pm",0,0,1,0.0516035,1,0
"Mar 27, 12:00 am",0,0,1,0.0516905,1,0
"Mar 27, 01:00 am",0,0,1,0.0517294,1,0
"Mar 27, 02:00 am",0,0,1,0.0517523,1,0
"Mar 27, 03:00 am",0,0,1,0.0517799,1,0
"Mar 27, 04:00 am",0,0,1,0.0518381,1,0
"Mar 27, 05:00 am",0,0,1,0.0519864,1,0
"Mar 27, 06:00 am",0,0,1,0.0517667,1,0
"Mar 27, 07:00 am",0,0,1,0.051483,1,0
"Mar 27, 08:00 am",471.562,1.17919,1,0.0510875,1,733.6
"Mar 27, 09:00 am",2866.59,6.02672,1,0.0508084,1,865.4
"Mar 27, 10:00 am",2866.59,6.14931,1,0.050551,1,923.1
"Mar 27, 11:00 am",2866.55,5.99471,1,0.050242,1,952.8
"Mar 27, 12:00 pm",2866.56,5.44846,0.95552,0.0499848,0.95552,965.2
"Mar 27, 01:00 pm",2866.56,0.408958,1,0.0498308,1,13.5
"Mar 27, 02:00 pm",2808.09,0.253288,1,0.0500198,1,9.6
"Mar 27, 03:00 pm",2660.47,0.115921,1,0.0502055,1,9.4
"Mar 27, 04:00 pm",2866.66,0,1,0.0503807,1,9
"Mar 27, 05:00 pm",479.572,0,1,0.0506449,1,8.2
"Mar 27, 06:00 pm",0,0,1,0.0508492,1,608.6
"Mar 27, 07:00 pm",0,0,1,0.0510172,1,0
"Mar 27, 08:00 pm",0,0,1,0.0510891,1,0
"Mar 27, 09:00 pm",0,0,1,0.0512248,1,0
"Mar 27, 10:00 pm",0,0,1,0.0513283,1,0
"Mar 27, 11:00 pm",0,0,1,0.051407,1,0
"Mar 28, 12:00 am",0,0,1,0.0515161,1,0
"Mar 28, 01:00 am",0,0,1,0.0516004,1,0
"Mar 28, 02:00 am",0,0,1,0.0516848,1,0
"Mar 28, 03:00 am",0,0,1,0.0517851,1,0
"Mar 28, 04:00 am",0,0,1,0.0519014,1,0
"Mar 28, 05:00 am",0,0,1,0.0520336,1,0
"Mar 28, 06:00 am",0,0,1,0.0517499,1,0
"Mar 28, 07:00 am",0,0,1,0.0513703,1,0
"Mar 28, 08:00 am",0,0,1,0.0507348,1,722.5
"Mar 28, 09:00 am",2866.59,6.65029,1,0.0503706,1,857.8
"Mar 28, 10:00 am",2866.59,6.09502,1,0.050058,1,917.4
"Mar 28, 11:00 am",2866.56,5.93166,1,0.0496191,1,947.8
"Mar 28, 12:00 pm",2866.53,5.64875,1,0.0493021,1,960.7
"Mar 28, 01:00 pm",2867.02,3.09425,0.596198,0.0490451,0.596198,962.6
"Mar 28, 02:00 pm",2867.04,2.9865,0.577856,0.049119,0.577856,953.9
"Mar 28, 03:00 pm",2867.04,2.9865,0.549723,0.049208,0.549723,933.4
"Mar 28, 04:00 pm",2867.04,2.9865,0.574597,0.0493288,0.574597,893.4
"Mar 28, 05:00 pm",2866.53,2.55301,1,0.0497196,1,812.3
"Mar 28, 06:00 pm",2866.56,0.398582,1,0.0502346,1,595.7
"Mar 28, 07:00 pm",2782.07,0.229848,1,0.0506471,1,0
"Mar 28, 08:00 pm",2866.62,0,1,0.0509176,1,0
"Mar 28, 09:00 pm",2614.83,0,1,0.0511649,1,0
"Mar 28, 10:00 pm",0,0,1,0.0512628,1,0
"Mar 28, 11:00 pm",0,0,1,0.0513343,1,0
"Mar 29, 12:00 am",0,0,1,0.0514537,1,0
"Mar 29, 01:00 am",0,0,1,0.051445,1,0
"Mar 29, 02:00 am",0,0,1,0.0514682,1,0
"Mar 29, 03:00 am",0,0,1,0.0514915,1,0
"Mar 29, 04:00 am",0,0,1,0.0515332,1,0
"Mar 29, 05:00 am",0,0,1,0.0516854,1,0
"Mar 29, 06:00 am",0,0,1,0.0514818,1,0
"Mar 29, 07:00 am",0,0,1,0.0511662,1,0
"Mar 29, 08:00 am",456.344,1.09374,1,0.0505788,1,725
"Mar 29, 09:00 am",2866.59,5.9294,1,0.0501673,1,861.8
"Mar 29, 10:00 am",2866.59,6.09228,1,0.0499093,1,922.1
"Mar 29, 11:00 am",2866.56,5.93215,1,0.049555,1,953.2
"Mar 29, 12:00 pm",2798.47,5.64197,1,0.0492542,1,966.2
"Mar 29, 01:00 pm",2867.22,2.98669,0.577618,0.0489861,0.577618,968.1
"Mar 29, 02:00 pm",2867.03,2.98649,0.578199,0.0487554,0.578199,959.7
"Mar 29, 03:00 pm",2867.05,2.98651,0.54928,0.0488128,0.54928,938.8
"Mar 29, 04:00 pm",2867.04,2.9865,0.578133,0.04895,0.578133,898.5
"Mar 29, 05:00 pm",2866.54,2.46964,1,0.0494106,1,816.6
"Mar 29, 06:00 pm",2866.56,0.398852,1,0.0499272,1,592.3
"Mar 29, 07:00 pm",2760.8,0.230391,1,0.0503673,1,0
"Mar 29, 08:00 pm",2866.62,0,1,0.0506197,1,0
"Mar 29, 09:00 pm",2464.24,0,1,0.0508487,1,0
"Mar 29, 10:00 pm",0,0,1,0.0509774,1,0
"Mar 29, 11:00 pm",0,0,1,0.0510813,1,0
"Mar 30, 12:00 am",0,0,1,0.051217,1,0
"Mar 30, 01:00 am",0,0,1,0.0512246,1,0
"Mar 30, 02:00 am",0,0,1,0.0512801,1,0
"Mar 30, 03:00 am",0,0,1,0.0513381,1,0
"Mar 30, 04:00 am",0,0,1,0.0514106,1,0
"Mar 30, 05:00 am",0,0,1,0.0515749,1,0
"Mar 30, 06:00 am",0,0,1,0.0513713,1,0
"Mar 30, 07:00 am",0,0,1,0.0510078,1,0
"Mar 30, 08:00 am",463.406,1.13624,1,0.0505004,1,744.2
"Mar 30, 09:00 am",2866.59,6.02712,1,0.0501092,1,880.4
"Mar 30, 10:00 am",2866.59,6.18196,1,0.0497404,1,939.1
"Mar 30, 11:00 am",2866.55,5.99851,1,0.0493524,1,968.9
"Mar 30, 12:00 pm",2866.57,5.42675,0.959068,0.0490477,0.959068,977.5
"Mar 30, 01:00 pm",2867.28,2.98675,0.576827,0.0487934,0.576827,975.9
"Mar 30, 02:00 pm",2867.03,2.98649,0.579177,0.0488347,0.579177,964.6
"Mar 30, 03:00 pm",2867.05,2.98651,0.551202,0.04894,0.551202,940.4
"Mar 30, 04:00 pm",2867.04,2.9865,0.586752,0.0491091,0.586752,896.2
"Mar 30, 05:00 pm",2866.54,2.35044,1,0.0496249,1,809.8
"Mar 30, 06:00 pm",2866.56,0.398909,1,0.050111,1,580.7
"Mar 30, 07:00 pm",2759.92,0.230079,1,0.0505462,1,0
"Mar 30, 08:00 pm",2866.62,0,1,0.0507963,1,0
"Mar 30, 09:00 pm",2349.06,0,1,0.0510068,1,0
"Mar 30, 10:00 pm",0,0,1,0.0511342,1,0
"Mar 30, 11:00 pm",0,0,1,0.0512218,1,0
"Mar 31, 12:00 am",0,0,1,0.0512774,1,0
"Mar 31, 01:00 am",0,0,1,0.0513169,1,0
"Mar 31, 02:00 am",0,0,1,0.0513723,1,0
"Mar 31, 03:00 am",0,0,1,0.051432,1,0
"Mar 31, 04:00 am",0,0,1,0.0514422,1,0
"Mar 31, 05:00 am",0,0,1,0.0515745,1,0
"Mar 31, 06:00 am",0,0,1,0.0513389,1,0
"Mar 31, 07:00 am",0,0,1,0.0510554,1,0
"Mar 31, 08:00 am",440.126,1.00582,1,0.050676,1,712.7
"Mar 31, 09:00 am",2866.59,5.75427,1,0.050288,1,851.6
"Mar 31, 10:00 am",2866.59,5.96501,1,0.0499955,1,911.1
"Mar 31, 11:00 am",2866.59,5.78561,1,0.0495804,1,941
"Mar 31, 12:00 pm",2866.54,5.48232,1,0.049282,1,953.2
"Mar 31, 01:00 pm",2867.02,3.73058,0.732561,0.0490079,0.732561,954.2
"Mar 31, 02:00 pm",2867.26,2.98673,0.596295,0.0490404,0.596295,944.5
"Mar 31, 03:00 pm",2867.04,2.9865,0.566644,0.0491774,0.566644,920.1
"Mar 31, 04:00 pm",2867.03,2.98649,0.608429,0.0493621,0.608429,875.2
"Mar 31, 05:00 pm",2866.56,0.398815,1,0.0497944,1,786.5
"Mar 31, 06:00 pm",2766.62,0.229463,1,0.050262,1,552.6
"Mar 31, 07:00 pm",2866.62,0,1,0.0505822,1,0
"Mar 31, 08:00 pm",2866.66,0,1,0.050801,1,0
"Mar 31, 09:00 pm",0,0,1,0.0509344,1,0
"Mar 31, 10:00 pm",0,0,1,0.0510402,1,0
"Mar 31, 11:00 pm",0,0,1,0.0511459,1,0
"Apr 1, 12:00 am",0,0,1,0.0512674,1,0
"Apr 1, 01:00 am",0,0,1,0.0512448,1,0
"Apr 1, 02:00 am",0,0,1,0.0512225,1,0
"Apr 1, 03:00 am",0,0,1,0.0512298,1,0
"Apr 1, 04:00 am",0,0,1,0.0512661,1,0
"Apr 1, 05:00 am",0,0,1,0.0513825,1,0
"Apr 1, 06:00 am",0,0,1,0.0514828,1,0
"Apr 1, 07:00 am",0,0,1,0.0513271,1,0
"Apr 1, 08:00 am",105.159,0,1,0.0510127,1,6.8
"Apr 1, 09:00 am",0,0,1,0.0506026,1,8.2
"Apr 1, 10:00 am",0,0,1,0.0502712,1,8.9
"Apr 1, 11:00 am",0,0,1,0.04994,1,9.2
"Apr 1, 12:00 pm",955.49,2.75784,1,0.0496749,1,931.2
"Apr 1, 01:00 pm",2866.59,5.01143,1,0.0498118,1,932.6
"Apr 1, 02:00 pm",2866.59,4.98785,1,0.0498546,1,923.3
"Apr 1, 03:00 pm",2866.59,5.26052,1,0.0500115,1,899.8
"Apr 1, 04:00 pm",2866.56,4.84602,1,0.0502445,1,855.3
"Apr 1, 05:00 pm",2866.56,0.398812,1,0.0506773,1,765.9
"Apr 1, 06:00 pm",2783.76,0.22703,1,0.0510104,1,519.7
"Apr 1, 07:00 pm",2866.66,0,1,0.0512569,1,0
"Apr 1, 08:00 pm",761.233,0,1,0.0513588,1,0
"Apr 1, 09:00 pm",0,0,1,0.0514543,1,0
"Apr 1, 10:00 pm",0,0,1,0.0515095,1,0
"Apr 1, 11:00 pm",0,0,1,0.0515327,1,0
"Apr 2, 12:00 am",0,0,1,0.0515879,1,0
"Apr 2, 01:00 am",0,0,1,0.0515789,1,0
"Apr 2, 02:00 am",0,0,1,0.051538,1,0
"Apr 2, 03:00 am",0,0,1,0.051521,1,0
"Apr 2, 04:00 am",0,0,1,0.0515826,1,0
"Apr 2, 05:00 am",0,0,1,0.0516669,1,0
"Apr 2, 06:00 am",0,0,1,0.0517352,1,0
"Apr 2, 07:00 am",0,0,1,0.0514996,1,0
"Apr 2, 08:00 am",0,0,1,0.0510881,1,692.1
"Apr 2, 09:00 am",2866.59,6.273,1,0.0507354,1,838.6
"Apr 2, 10:00 am",2866.59,5.85755,1,0.0505395,1,902.3
"Apr 2, 11:00 am",2866.59,5.68266,1,0.0502559,1,935.5
"Apr 2, 12:00 pm",2866.54,5.35781,1,0.0499794,1,945.8
"Apr 2, 01:00 pm",2866.48,4.27915,0.855477,0.0498501,0.855477,944.8
"Apr 2, 02:00 pm",2867.24,2.98671,0.613097,0.0498692,0.613097,933.2
"Apr 2, 03:00 pm",2867.02,2.98648,0.579237,0.0499572,0.579237,910
"Apr 2, 04:00 pm",2867.04,2.9865,0.631043,0.0500771,0.631043,865.4
"Apr 2, 05:00 pm",2866.56,0.398751,1,0.0505157,1,775.3
"Apr 2, 06:00 pm",2782.25,0.229377,1,0.0509438,1,517
"Apr 2, 07:00 pm",2866.62,0,1,0.0512204,1,0
"Apr 2, 08:00 pm",2866.66,0,1,0.0513618,1,0
"Apr 2, 09:00 pm",161.127,0,1,0.051513,1,0
"Apr 2, 10:00 pm",0,0,1,0.0515699,1,0
"Apr 2, 11:00 pm",0,0,1,0.0515611,1,0
"Apr 3, 12:00 am",0,0,1,0.0516162,1,0
"Apr 3, 01:00 am",0,0,1,0.0515273,1,0
"Apr 3, 02:00 am",0,0,1,0.0514865,1,0
"Apr 3, 03:00 am",0,0,1,0.0514449,1,0
"Apr 3, 04:00 am",0,0,1,0.0514819,1,0
"Apr 3, 05:00 am",0,0,1,0.0515023,1,0
"Apr 3, 06:00 am",0,0,1,0.0515387,1,0
"Apr 3, 07:00 am",0,0,1,0.0514471,1,0
"Apr 3, 08:00 am",0,0,1,0.0509555,1,680.5
"Apr 3, 09:00 am",2866.59,6.07008,1,0.0506652,1,824.5
"Apr 3, 10:00 am",2866.56,0.42007,1,0.0504174,1,8.9
"Apr 3, 11:00 am",425.498,0.250638,1,0.0500809,1,9.5
"Apr 3, 12:00 pm",106.729,0.111176,1,0.0498366,1,9.3
"Apr 3, 01:00 pm",0,0,1,0.049654,1,9.3
"Apr 3, 02:00 pm",0,0,1,0.0494717,1,9.2
"Apr 3, 03:00 pm",0,0,1,0.0495141,1,9
"Apr 3, 04:00 pm",0,0,1,0.0496501,1,8.5
"Apr 3, 05:00 pm",0,0,1,0.0499909,1,7.6
"Apr 3, 06:00 pm",0,0,1,0.0502997,1,4.9
"Apr 3, 07:00 pm",0,0,1,0.0505443,1,0
"Apr 3, 08:00 pm",0,0,1,0.050709,1,0
"Apr 3, 09:00 pm",0,0,1,0.0509055,1,0
"Apr 3, 10:00 pm",0,0,1,0.0510541,1,0
"Apr 3, 11:00 pm",0,0,1,0.0511386,1,0
"Apr 4, 12:00 am",0,0,1,0.051239,1,0
"Apr 4, 01:00 am",0,0,1,0.0512755,1,0
"Apr 4, 02:00 am",0,0,1,0.051312,1,0
"Apr 4, 03:00 am",0,0,1,0.0513484,1,0
"Apr 4, 04:00 am",0,0,1,0.0513848,1,0
"Apr 4, 05:00 am",0,0,1,0.0515012,1,0
"Apr 4, 06:00 am",0,0,1,0.0515376,1,0
"Apr 4, 07:00 am",0,0,1,0.0513181,1,0
"Apr 4, 08:00 am",0,0,1,0.0508906,1,670.4
"Apr 4, 09:00 am",2866.59,5.59862,1,0.0505547,1,818.2
"Apr 4, 10:00 am",2866.59,5.66139,1,0.0503106,1,881.4
"Apr 4, 11:00 am",2866.59,5.47636,1,0.0500286,1,913.4
"Apr 4, 12:00 pm",2866.56,5.16108,1,0.0498176,1,925
"Apr 4, 01:00 pm",2866.54,4.84535,1,0.0496904,1,924.9
"Apr 4, 02:00 pm",2866.9,3.85786,0.807866,0.0495862,0.807866,913.7
"Apr 4, 03:00 pm",2867.02,2.98648,0.601052,0.0496508,0.601052,890.1
"Apr 4, 04:00 pm",2867.03,2.98649,0.664278,0.049803,0.664278,843.7
"Apr 4, 05:00 pm",2866.56,0.398763,1,0.0502793,1,749.5
"Apr 4, 06:00 pm",2765.63,0.229368,1,0.0507657,1,484.4
"Apr 4, 07:00 pm",2866.62,0,1,0.0510803,1,0
"Apr 4, 08:00 pm",2866.65,0,1,0.0512672,1,0
"Apr 4, 09:00 pm",0,0,1,0.0514219,1,0
"Apr 4, 10:00 pm",0,0,1,0.051479,1,0
"Apr 4, 11:00 pm",0,0,1,0.0515041,1,0
"Apr 5, 12:00 am",0,0,1,0.0515291,1,0
"Apr 5, 01:00 am",0,0,1,0.0514741,1,0
"Apr 5, 02:00 am",0,0,1,0.0514385,1,0
"Apr 5, 03:00 am",0,0,1,0.0514165,1,0
"Apr 5, 04:00 am",0,0,1,0.0514368,1,0
"Apr 5, 05:00 am",0,0,1,0.0515051,1,0
"Apr 5, 06:00 am",0,0,1,0.0515734,1,0
"Apr 5, 07:00 am",0,0,1,0.0514337,1,0
"Apr 5, 08:00 am",102.111,0,1,0.0510075,1,6.8
"Apr 5, 09:00 am",0,0,1,0.0505495,1,8.2
"Apr 5, 10:00 am",0,0,1,0.0501542,1,8.9
"Apr 5, 11:00 am",955.49,2.90912,1,0.049849,1,918
"Apr 5, 12:00 pm",2026.62,0.449724,1,0.0498647,1,13.2
"Apr 5, 01:00 pm",2866.59,4.32224,1,0.049744,1,928.8
"Apr 5, 02:00 pm",1582.09,0.398702,1,0.0497974,1,9.2
"Apr 5, 03:00 pm",235.6,0.245416,1,0.049874,1,8.9
"Apr 5, 04:00 pm",2734.9,3.72207,1,0.0499618,1,846
"Apr 5, 05:00 pm",1195.76,0.388625,1,0.0502217,1,750.5
"Apr 5, 06:00 pm",217.002,0.226044,1,0.050503,1,474
"Apr 5, 07:00 pm",0,0,1,0.0507156,1,0
"Apr 5, 08:00 pm",0,0,1,0.0508642,1,0
"Apr 5, 09:00 pm",0,0,1,0.0509967,1,0
"Apr 5, 10:00 pm",0,0,1,0.0510973,1,0
"Apr 5, 11:00 pm",0,0,1,0.0511498,1,0
"Apr 6, 12:00 am",0,0,1,0.0512022,1,0
"Apr 6, 01:00 am",0,0,1,0.0512387,1,0
"Apr 6, 02:00 am",0,0,1,0.0512592,1,0
"Apr 6, 03:00 am",0,0,1,0.0513276,1,0
"Apr 6, 04:00 am",0,0,1,0.0513801,1,0
"Apr 6, 05:00 am",0,0,1,0.0514485,1,0
"Apr 6, 06:00 am",0,0,1,0.0513409,1,0
"Apr 6, 07:00 am",0,0,1,0.0511374,1,0
"Apr 6, 08:00 am",0,0,1,0.0506939,1,6.8
"Apr 6, 09:00 am",0,0,1,0.0501866,1,8.3
"Apr 6, 10:00 am",0,0,1,0.0497434,1,8.9
"Apr 6, 11:00 am",955.49,2.95453,1,0.0493439,1,930.4
"Apr 6, 12:00 pm",2866.59,5.16954,1,0.0493704,1,941
"Apr 6, 01:00 pm",2866.59,4.84639,1,0.0492895,1,940
"Apr 6, 02:00 pm",2866.59,4.83681,1,0.0491922,1,928.4
"Apr 6, 03:00 pm",2866.56,5.15286,1,0.0493079,1,904.6
"Apr 6, 04:00 pm",2866.54,4.54242,1,0.0494897,1,858.5
"Apr 6, 05:00 pm",2866.56,0.399605,1,0.0500516,1,762.5
"Apr 6, 06:00 pm",2792.91,0.22764,1,0.0505323,1,473.7
"Apr 6, 07:00 pm",2866.64,0,1,0.0508814,1,0
"Apr 6, 08:00 pm",1970.73,0,1,0.0510827,1,0
"Apr 6, 09:00 pm",0,0,1,0.0512427,1,0
"Apr 6, 10:00 pm",0,0,1,0.0513142,1,0
"Apr 6, 11:00 pm",0,0,1,0.0513696,1,0
"Apr 7, 12:00 am",0,0,1,0.0514889,1,0
"Apr 7, 01:00 am",0,0,1,0.0514321,1,0
"Apr 7, 02:00 am",0,0,1,0.0514233,1,0
"Apr 7, 03:00 am",0,0,1,0.0514498,1,0
"Apr 7, 04:00 am",0,0,1,0.0514589,1,0
"Apr 7, 05:00 am",0,0,1,0.0515753,1,0
"Apr 7, 06:00 am",0,0,1,0.0516277,1,0
"Apr 7, 07:00 am",0,0,1,0.0513921,1,0
"Apr 7, 08:00 am",0,0,1,0.0508366,1,671.8
"Apr 7, 09:00 am",2866.59,5.78189,1,0.0503974,1,828.1
"Apr 7, 10:00 am",2866.59,5.67352,1,0.0499926,1,894.9
"Apr 7, 11:00 am",2866.59,5.47628,1,0.049536,1,930.2
"Apr 7, 12:00 pm",2866.55,5.14966,1,0.0491889,1,944.1
"Apr 7, 01:00 pm",2866.54,4.83867,1,0.0489443,1,946.1
"Apr 7, 02:00 pm",2864.05,3.52619,0.739758,0.0487548,0.739758,937
"Apr 7, 03:00 pm",2867.23,2.9867,0.592951,0.0488653,0.592951,913.9
"Apr 7, 04:00 pm",2867.05,2.98651,0.670695,0.0490665,0.670695,868.5
"Apr 7, 05:00 pm",2866.56,0.399099,1,0.0496562,1,772.7
"Apr 7, 06:00 pm",2774.63,0.230254,1,0.0501555,1,474.3
"Apr 7, 07:00 pm",2866.62,0,1,0.0505319,1,0
"Apr 7, 08:00 pm",2866.66,0,1,0.0508037,1,0
"Apr 7, 09:00 pm",0,0,1,0.0509872,1,0
"Apr 7, 10:00 pm",0,0,1,0.0511093,1,0
"Apr 7, 11:00 pm",0,0,1,0.0512152,1,0
"Apr 8, 12:00 am",0,0,1,0.051337,1,0
"Apr 8, 01:00 am",0,0,1,0.0514106,1,0
"Apr 8, 02:00 am",0,0,1,0.0514521,1,0
"Apr 8, 03:00 am",0,0,1,0.0515282,1,0
"Apr 8, 04:00 am",0,0,1,0.0516176,1,0
"Apr 8, 05:00 am",0,0,1,0.0517178,1,0
"Apr 8, 06:00 am",0,0,1,0.05153,1,0
"Apr 8, 07:00 am",0,0,1,0.0512784,1,0
"Apr 8, 08:00 am",127.519,0,1,0.0506284,1,677.1
"Apr 8, 09:00 am",2866.59,5.74776,1,0.0501904,1,829.5
"Apr 8, 10:00 am",2866.59,5.6279,1,0.0499132,1,892.2
"Apr 8, 11:00 am",2866.59,5.39852,1,0.0495201,1,923.2
"Apr 8, 12:00 pm",2866.55,5.06145,1,0.0491728,1,935.8
"Apr 8, 01:00 pm",2866.54,4.74715,1,0.0489448,1,936.6
"Apr 8, 02:00 pm",2865.67,3.7795,0.80449,0.0487428,0.80449,926.1
"Apr 8, 03:00 pm",2867.31,2.98678,0.603865,0.0488559,0.603865,902.5
"Apr 8, 04:00 pm",2867.05,2.98651,0.690022,0.0490731,0.690022,855.8
"Apr 8, 05:00 pm",2866.56,0.398998,1,0.0496634,1,756.9
"Apr 8, 06:00 pm",2775.26,0.230007,1,0.050161,1,458.3
"Apr 8, 07:00 pm",2866.62,0,1,0.0504642,1,0
"Apr 8, 08:00 pm",2866.66,0,1,0.0506984,1,0
"Apr 8, 09:00 pm",0,0,1,0.050864,1,0
"Apr 8, 10:00 pm",0,0,1,0.0509544,1,0
"Apr 8, 11:00 pm",0,0,1,0.0510286,1,0
"Apr 9, 12:00 am",0,0,1,0.0510547,1,0
"Apr 9, 01:00 am",0,0,1,0.0511768,1,0
"Apr 9, 02:00 am",0,0,1,0.0512346,1,0
"Apr 9, 03:00 am",0,0,1,0.0513247,1,0
"Apr 9, 04:00 am",0,0,1,0.0514281,1,0
"Apr 9, 05:00 am",0,0,1,0.0515443,1,0
"Apr 9, 06:00 am",0,0,1,0.0516446,1,0
"Apr 9, 07:00 am",0,0,1,0.0515048,1,0
"Apr 9, 08:00 am",130.157,0,1,0.0512067,1,6.5
"Apr 9, 09:00 am",0,0,1,0.0508608,1,8.1
"Apr 9, 10:00 am",0,0,1,0.0505614,1,8.7
"Apr 9, 11:00 am",0,0,1,0.050374,1,9
"Apr 9, 12:00 pm",0,0,1,0.0503307,1,9.1
"Apr 9, 01:00 pm",0,0,1,0.0503194,1,9.1
"Apr 9, 02:00 pm",0,0,1,0.0504361,1,9
"Apr 9, 03:00 pm",0,0,1,0.0506167,1,8.7
"Apr 9, 04:00 pm",0,0,1,0.0508133,1,8.2
"Apr 9, 05:00 pm",0,0,1,0.0509459,1,7.2
"Apr 9, 06:00 pm",0,0,1,0.0509824,1,413.6
"Apr 9, 07:00 pm",0,0,1,0.051035,1,0
"Apr 9, 08:00 pm",0,0,1,0.0510715,1,0
"Apr 9, 09:00 pm",0,0,1,0.051092,1,0
"Apr 9, 10:00 pm",0,0,1,0.0510965,1,0
"Apr 9, 11:00 pm",0,0,1,0.051133,1,0
"Apr 10, 12:00 am",0,0,1,0.0512175,1,0
"Apr 10, 01:00 am",0,0,1,0.0511579,1,0
"Apr 10, 02:00 am",0,0,1,0.0511624,1,0
"Apr 10, 03:00 am",0,0,1,0.0511989,1,0
"Apr 10, 04:00 am",0,0,1,0.0512514,1,0
"Apr 10, 05:00 am",0,0,1,0.0513039,1,0
"Apr 10, 06:00 am",0,0,1,0.0512923,1,0
"Apr 10, 07:00 am",0,0,1,0.0512008,1,0
"Apr 10, 08:00 am",0,0,1,0.0508853,1,6.4
"Apr 10, 09:00 am",0,0,1,0.0505699,1,8
"Apr 10, 10:00 am",0,0,1,0.0503026,1,8.7
"Apr 10, 11:00 am",0,0,1,0.0500194,1,9
"Apr 10, 12:00 pm",0,0,1,0.0498162,1,9.2
"Apr 10, 01:00 pm",0,0,1,0.0497571,1,918.6
"Apr 10, 02:00 pm",2866.59,5.49794,1,0.05007,1,908
"Apr 10, 03:00 pm",2866.59,4.89259,1,0.0504818,1,882
"Apr 10, 04:00 pm",2866.59,4.14516,1,0.0507476,1,832.4
"Apr 10, 05:00 pm",2866.56,0.402378,1,0.0509589,1,7.3
"Apr 10, 06:00 pm",2358.88,0.228873,1,0.0511124,1,399.8
"Apr 10, 07:00 pm",0,0,1,0.0511649,1,0
"Apr 10, 08:00 pm",0,0,1,0.0511563,1,0
"Apr 10, 09:00 pm",0,0,1,0.0511317,1,0
"Apr 10, 10:00 pm",0,0,1,0.0510912,1,0
"Apr 10, 11:00 pm",0,0,1,0.0510507,1,0
"Apr 11, 12:00 am",0,0,1,0.0509942,1,0
"Apr 11, 01:00 am",0,0,1,0.0509218,1,0
"Apr 11, 02:00 am",0,0,1,0.0509262,1,0
"Apr 11, 03:00 am",0,0,1,0.0509771,1,0
"Apr 11, 04:00 am",0,0,1,0.0510777,1,0
"Apr 11, 05:00 am",0,0,1,0.0511622,1,0
"Apr 11, 06:00 am",0,0,1,0.0511987,1,0
"Apr 11, 07:00 am",0,0,1,0.0511392,1,0
"Apr 11, 08:00 am",0,0,1,0.0507917,1,653.8
"Apr 11, 09:00 am",2866.59,5.36887,1,0.0505446,1,815.7
"Apr 11, 10:00 am",2866.59,5.48149,1,0.0504725,1,882.9
"Apr 11, 11:00 am",2866.59,5.25403,1,0.0502819,1,916.5
"Apr 11, 12:00 pm",2866.56,0.403084,1,0.0502229,1,9.3
"Apr 11, 01:00 pm",2756.56,0.242705,1,0.0502929,1,9.3
"Apr 11, 02:00 pm",1119.13,0.103829,1,0.0503993,1,9.2
"Apr 11, 03:00 pm",0,0,1,0.0503791,1,9
"Apr 11, 04:00 pm",0,0,1,0.0503875,1,8.5
"Apr 11, 05:00 pm",0,0,1,0.0506198,1,7.5
"Apr 11, 06:00 pm",0,0,1,0.0507719,1,407.4
"Apr 11, 07:00 pm",0,0,1,0.0508966,1,0
"Apr 11, 08:00 pm",0,0,1,0.0510037,1,0
"Apr 11, 09:00 pm",0,0,1,0.0511522,1,0
"Apr 11, 10:00 pm",0,0,1,0.0512687,1,0
"Apr 11, 11:00 pm",0,0,1,0.0513691,1,0
"Apr 12, 12:00 am",0,0,1,0.0515175,1,0
"Apr 12, 01:00 am",0,0,1,0.0515699,1,0
"Apr 12, 02:00 am",0,0,1,0.0516223,1,0
"Apr 12, 03:00 am",0,0,1,0.0516907,1,0
"Apr 12, 04:00 am",0,0,1,0.051791,1,0
"Apr 12, 05:00 am",0,0,1,0.0516514,1,0
"Apr 12, 06:00 am",0,0,1,0.0515118,1,0
"Apr 12, 07:00 am",0,0,1,0.0512122,1,0
"Apr 12, 08:00 am",0,0,1,0.0506728,1,678.6
"Apr 12, 09:00 am",2866.59,5.25492,1,0.0502032,1,837.8
"Apr 12, 10:00 am",2866.59,5.5766,1,0.0498657,1,902.2
"Apr 12, 11:00 am",2866.59,5.31531,1,0.0495645,1,933.5
"Apr 12, 12:00 pm",2866.59,4.95752,1,0.0492808,1,947.7
"Apr 12, 01:00 pm",2866.55,4.64697,1,0.049064,1,949.7
"Apr 12, 02:00 pm",2866.53,4.6789,1,0.0491201,1,940.1
"Apr 12, 03:00 pm",2867.11,3.29836,0.670321,0.049227,0.670321,916.2
"Apr 12, 04:00 pm",2867,2.98646,0.720244,0.0494148,0.720244,868.8
"Apr 12, 05:00 pm",2866.56,0.398752,1,0.0500621,1,765.4
"Apr 12, 06:00 pm",2763.89,0.229424,1,0.0505395,1,418.7
"Apr 12, 07:00 pm",2866.62,0,1,0.0508577,1,0
"Apr 12, 08:00 pm",2866.65,0,1,0.0510788,1,0
"Apr 12, 09:00 pm",0,0,1,0.0512185,1,0
"Apr 12, 10:00 pm",0,0,1,0.0513078,1,0
"Apr 12, 11:00 pm",0,0,1,0.0514129,1,0
"Apr 13, 12:00 am",0,0,1,0.0515338,1,0
"Apr 13, 01:00 am",0,0,1,0.0515587,1,0
"Apr 13, 02:00 am",0,0,1,0.0516054,1,0
"Apr 13, 03:00 am",0,0,1,0.0516499,1,0
"Apr 13, 04:00 am",0,0,1,0.0517342,1,0
"Apr 13, 05:00 am",0,0,1,0.0518504,1,0
"Apr 13, 06:00 am",0,0,1,0.0517426,1,0
"Apr 13, 07:00 am",0,0,1,0.0514749,1,0
"Apr 13, 08:00 am",96.6635,0,1,0.0509527,1,671.8
"Apr 13, 09:00 am",2866.59,5.40046,1,0.0505549,1,832
"Apr 13, 10:00 am",2866.59,5.50954,1,0.0503114,1,895.8
"Apr 13, 11:00 am",2866.59,5.23538,1,0.0499946,1,926.3
"Apr 13, 12:00 pm",2866.59,4.85667,1,0.0497503,1,936.9
"Apr 13, 01:00 pm",2866.55,4.53179,1,0.0495917,1,935.3
"Apr 13, 02:00 pm",2866.53,4.54873,1,0.0496912,1,922.4
"Apr 13, 03:00 pm",2865.67,3.31415,0.693578,0.0498647,0.693578,893.3
"Apr 13, 04:00 pm",2867.05,2.98651,0.755286,0.0500359,0.755286,839.9
"Apr 13, 05:00 pm",2866.56,0.398511,1,0.0504731,1,728
"Apr 13, 06:00 pm",2769.68,0.228638,1,0.050851,1,383.2
"Apr 13, 07:00 pm",2866.62,0,1,0.0511265,1,0
"Apr 13, 08:00 pm",2866.66,0,1,0.0512512,1,0
"Apr 13, 09:00 pm",0,0,1,0.0513211,1,0
"Apr 13, 10:00 pm",0,0,1,0.0513466,1,0
"Apr 13, 11:00 pm",0,0,1,0.0513722,1,0
"Apr 14, 12:00 am",0,0,1,0.0514616,1,0
"Apr 14, 01:00 am",0,0,1,0.051407,1,0
"Apr 14, 02:00 am",0,0,1,0.0513844,1,0
"Apr 14, 03:00 am",0,0,1,0.0513704,1,0
"Apr 14, 04:00 am",0,0,1,0.051402,1,0
"Apr 14, 05:00 am",0,0,1,0.0514543,1,0
"Apr 14, 06:00 am",0,0,1,0.0515066,1,0
"Apr 14, 07:00 am",0,0,1,0.0514468,1,0
"Apr 14, 08:00 am",116.607,0,1,0.0512446,1,6.4
"Apr 14, 09:00 am",0,0,1,0.0509145,1,8.1
"Apr 14, 10:00 am",0,0,1,0.0506791,1,8.7
"Apr 14, 11:00 am",0,0,1,0.0503958,1,9.1
"Apr 14, 12:00 pm",0,0,1,0.0502565,1,9.2
"Apr 14, 01:00 pm",0,0,1,0.0502612,1,9.2
"Apr 14, 02:00 pm",0,0,1,0.0502819,1,9.1
"Apr 14, 03:00 pm",0,0,1,0.0503506,1,8.9
"Apr 14, 04:00 pm",0,0,1,0.0503873,1,8.3
"Apr 14, 05:00 pm",0,0,1,0.0505999,1,7.3
"Apr 14, 06:00 pm",0,0,1,0.0508285,1,3.9
"Apr 14, 07:00 pm",0,0,1,0.0510411,1,0
"Apr 14, 08:00 pm",0,0,1,0.0511896,1,0
"Apr 14, 09:00 pm",0,0,1,0.051258,1,0
"Apr 14, 10:00 pm",0,0,1,0.0513105,1,0
"Apr 14, 11:00 pm",0,0,1,0.0513629,1,0
"Apr 15, 12:00 am",0,0,1,0.0514154,1,0
"Apr 15, 01:00 am",0,0,1,0.0514358,1,0
"Apr 15, 02:00 am",0,0,1,0.0514402,1,0
"Apr 15, 03:00 am",0,0,1,0.0514446,1,0
"Apr 15, 04:00 am",0,0,1,0.051433,1,0
"Apr 15, 05:00 am",0,0,1,0.0515175,1,0
"Apr 15, 06:00 am",0,0,1,0.0513139,1,0
"Apr 15, 07:00 am",0,0,1,0.0510624,1,0
"Apr 15, 08:00 am",0,0,1,0.050667,1,6.3
"Apr 15, 09:00 am",0,0,1,0.0501917,1,801.6
"Apr 15, 10:00 am",2866.59,5.51278,1,0.0499516,1,870.4
"Apr 15, 11:00 am",2866.59,5.0473,1,0.0496702,1,904.4
"Apr 15, 12:00 pm",2866.59,4.67169,1,0.0493667,1,918.6
"Apr 15, 01:00 pm",2866.59,4.37801,1,0.0491645,1,920.1
"Apr 15, 02:00 pm",2866.59,4.414,1,0.0492061,1,909.6
"Apr 15, 03:00 pm",2866.55,4.75886,1,0.0493253,1,882.6
"Apr 15, 04:00 pm",2866.54,3.85221,1,0.0494958,1,829.8
"Apr 15, 05:00 pm",2866.56,0.397743,1,0.0499388,1,716.5
"Apr 15, 06:00 pm",2784.86,0.227121,1,0.0503267,1,340.5
"Apr 15, 07:00 pm",2866.63,0,1,0.0506224,1,0
"Apr 15, 08:00 pm",2020.65,0,1,0.0508145,1,0
"Apr 15, 09:00 pm",0,0,1,0.0508971,1,0
"Apr 15, 10:00 pm",0,0,1,0.0509211,1,0
"Apr 15, 11:00 pm",0,0,1,0.050945,1,0
"Apr 16, 12:00 am",0,0,1,0.0509848,1,0
"Apr 16, 01:00 am",0,0,1,0.0509287,1,0
"Apr 16, 02:00 am",0,0,1,0.0509205,1,0
"Apr 16, 03:00 am",0,0,1,0.0509243,1,0
"Apr 16, 04:00 am",0,0,1,0.0509425,1,0
"Apr 16, 05:00 am",0,0,1,0.051123,1,0
"Apr 16, 06:00 am",0,0,1,0.0512875,1,0
"Apr 16, 07:00 am",0,0,1,0.0511479,1,0
"Apr 16, 08:00 am",0,0,1,0.0508805,1,6.3
"Apr 16, 09:00 am",0,0,1,0.0504371,1,8
"Apr 16, 10:00 am",0,0,1,0.0501538,1,8.6
"Apr 16, 11:00 am",0,0,1,0.0498706,1,9
"Apr 16, 12:00 pm",955.49,2.13715,1,0.0496801,1,909.9
"Apr 16, 01:00 pm",2866.59,4.25969,1,0.0497024,1,909.3
"Apr 16, 02:00 pm",2866.59,4.31233,1,0.0498686,1,896.8
"Apr 16, 03:00 pm",2866.59,4.66592,1,0.0500171,1,871.5
"Apr 16, 04:00 pm",2866.59,3.74074,1,0.0501804,1,819.6
"Apr 16, 05:00 pm",2866.56,0.399619,1,0.0505374,1,705.7
"Apr 16, 06:00 pm",2720.21,0.228325,1,0.0507926,1,316.5
"Apr 16, 07:00 pm",298.484,0,1,0.05101,1,0
"Apr 16, 08:00 pm",0,0,1,0.0511344,1,0
"Apr 16, 09:00 pm",0,0,1,0.0512219,1,0
"Apr 16, 10:00 pm",0,0,1,0.0512933,1,0
"Apr 16, 11:00 pm",0,0,1,0.0513281,1,0
"Apr 17, 12:00 am",0,0,1,0.0514096,1,0
"Apr 17, 01:00 am",0,0,1,0.051478,1,0
"Apr 17, 02:00 am",0,0,1,0.0515303,1,0
"Apr 17, 03:00 am",0,0,1,0.0515667,1,0
"Apr 17, 04:00 am",0,0,1,0.0516671,1,0
"Apr 17, 05:00 am",0,0,1,0.0517354,1,0
"Apr 17, 06:00 am",0,0,1,0.0515958,1,0
"Apr 17, 07:00 am",0,0,1,0.0512962,1,0
"Apr 17, 08:00 am",0,0,1,0.0509007,1,642.2
"Apr 17, 09:00 am",2866.59,4.92197,1,0.0503943,1,814.5
"Apr 17, 10:00 am",2866.59,5.31278,1,0.050108,1,883.5
"Apr 17, 11:00 am",2866.59,5.04373,1,0.049775,1,917.3
"Apr 17, 12:00 pm",2866.59,4.65338,1,0.0494918,1,930.8
"Apr 17, 01:00 pm",2866.59,4.35341,1,0.0492927,1,931.7
"Apr 17, 02:00 pm",2866.55,4.39706,1,0.0493513,1,920.5
"Apr 17, 03:00 pm",2777.95,4.76718,1,0.0495179,1,894.3
"Apr 17, 04:00 pm",2867.29,2.98676,0.80094,0.0497072,0.80094,842.3
"Apr 17, 05:00 pm",2866.56,0.398603,1,0.0502023,1,726.8
"Apr 17, 06:00 pm",2761.5,0.229188,1,0.0506574,1,312.5
"Apr 17, 07:00 pm",2866.62,0,1,0.0509479,1,0
"Apr 17, 08:00 pm",2866.65,0,1,0.0511779,1,0
"Apr 17, 09:00 pm",0,0,1,0.0512988,1,0
"Apr 17, 10:00 pm",0,0,1,0.0513879,1,0
"Apr 17, 11:00 pm",0,0,1,0.0514608,1,0
"Apr 18, 12:00 am",0,0,1,0.0515176,1,0
"Apr 18, 01:00 am",0,0,1,0.0515584,1,0
"Apr 18, 02:00 am",0,0,1,0.0515766,1,0
"Apr 18, 03:00 am",0,0,1,0.0516246,1,0
"Apr 18, 04:00 am",0,0,1,0.0517248,1,0
"Apr 18, 05:00 am",0,0,1,0.0518891,1,0
"Apr 18, 06:00 am",0,0,1,0.0519413,1,0
"Apr 18, 07:00 am",0,0,1,0.0516735,1,0
"Apr 18, 08:00 am",89.8754,0,1,0.051247,1,648.7
"Apr 18, 09:00 am",2866.59,4.93154,1,0.0507599,1,822.9
"Apr 18, 10:00 am",2866.59,5.33426,1,0.0503636,1,891.6
"Apr 18, 11:00 am",2866.59,5.04924,1,0.0500144,1,924.6
"Apr 18, 12:00 pm",2866.59,4.64028,1,0.0497781,1,936.2
"Apr 18, 01:00 pm",2866.56,4.33002,1,0.0496257,1,935.4
"Apr 18, 02:00 pm",2866.55,4.37189,1,0.049699,1,922.9
"Apr 18, 03:00 pm",2866.54,4.66454,0.985103,0.0498307,0.985103,895
"Apr 18, 04:00 pm",2867.29,2.98676,0.81238,0.0500178,0.81238,840.8
"Apr 18, 05:00 pm",2866.56,0.39854,1,0.0505103,1,722.2
"Apr 18, 06:00 pm",2760.8,0.228945,1,0.0509099,1,303.6
"Apr 18, 07:00 pm",2866.62,0,1,0.0512117,1,0
"Apr 18, 08:00 pm",2866.65,0,1,0.0513809,1,0
"Apr 18, 09:00 pm",0,0,1,0.0515131,1,0
"Apr 18, 10:00 pm",0,0,1,0.0516019,1,0
"Apr 18, 11:00 pm",0,0,1,0.0516426,1,0
"Apr 19, 12:00 am",0,0,1,0.0516832,1,0
"Apr 19, 01:00 am",0,0,1,0.0517078,1,0
"Apr 19, 02:00 am",0,0,1,0.0516951,1,0
"Apr 19, 03:00 am",0,0,1,0.0517122,1,0
"Apr 19, 04:00 am",0,0,1,0.0517165,1,0
"Apr 19, 05:00 am",0,0,1,0.0517847,1,0
"Apr 19, 06:00 am",0,0,1,0.0518369,1,0
"Apr 19, 07:00 am",0,0,1,0.0516012,1,0
"Apr 19, 08:00 am",88.3351,0,1,0.0513346,1,611.4
"Apr 19, 09:00 am",2388.78,4.04773,1,0.0509816,1,790.5
"Apr 19, 10:00 am",2866.59,5.12715,1,0.0507437,1,861
"Apr 19, 11:00 am",2866.59,4.8425,1,0.050436,1,895.7
"Apr 19, 12:00 pm",2866.59,4.45881,1,0.0501938,1,909
"Apr 19, 01:00 pm",2866.59,4.16173,1,0.0499911,1,909.5
"Apr 19, 02:00 pm",2866.56,4.20927,1,0.0500652,1,897.4
"Apr 19, 03:00 pm",2866.54,4.58381,1,0.0501372,1,871.6
"Apr 19, 04:00 pm",2866.54,3.5764,1,0.0502894,1,818.9
"Apr 19, 05:00 pm",2866.56,0.398101,1,0.0506517,1,700.5
"Apr 19, 06:00 pm",2767.58,0.228009,1,0.0509946,1,270.3
"Apr 19, 07:00 pm",2866.62,0,1,0.0512862,1,0
"Apr 19, 08:00 pm",2260.65,0,1,0.0515077,1,0
"Apr 19, 09:00 pm",0,0,1,0.0516168,1,0
"Apr 19, 10:00 pm",0,0,1,0.0517038,1,0
"Apr 19, 11:00 pm",0,0,1,0.0517428,1,0
"Apr 20, 12:00 am",0,0,1,0.0517657,1,0
"Apr 20, 01:00 am",0,0,1,0.0517566,1,0
"Apr 20, 02:00 am",0,0,1,0.0517561,1,0
"Apr 20, 03:00 am",0,0,1,0.0518023,1,0
"Apr 20, 04:00 am",0,0,1,0.0518866,1,0
"Apr 20, 05:00 am",0,0,1,0.0519709,1,0
"Apr 20, 06:00 am",0,0,1,0.0520551,1,0
"Apr 20, 07:00 am",0,0,1,0.0518194,1,0
"Apr 20, 08:00 am",0,0,1,0.0515357,1,643.2
"Apr 20, 09:00 am",2866.59,4.75315,1,0.0511595,1,819.6
"Apr 20, 10:00 am",2866.59,5.25194,1,0.0508038,1,887.8
"Apr 20, 11:00 am",2866.59,4.95105,1,0.0504434,1,920.2
"Apr 20, 12:00 pm",2866.59,4.53798,1,0.0502253,1,932.4
"Apr 20, 01:00 pm",2866.59,4.2313,1,0.0500744,1,932.3
"Apr 20, 02:00 pm",2866.55,4.28342,1,0.0501502,1,919.7
"Apr 20, 03:00 pm",2866.54,4.6717,1,0.0502864,1,893.1
"Apr 20, 04:00 pm",2866.49,3.59092,0.994626,0.0504998,0.994626,839.1
"Apr 20, 05:00 pm",2866.56,0.398274,1,0.0509572,1,718
"Apr 20, 06:00 pm",2759.63,0.22798,1,0.0513458,1,265.1
"Apr 20, 07:00 pm",2866.62,0,1,0.051578,1,0
"Apr 20, 08:00 pm",2866.65,0,1,0.0517276,1,0
"Apr 20, 09:00 pm",0,0,1,0.0518262,1,0
"Apr 20, 10:00 pm",0,0,1,0.0518986,1,0
"Apr 20, 11:00 pm",0,0,1,0.0519389,1,0
"Apr 21, 12:00 am",0,0,1,0.0519631,1,0
"Apr 21, 01:00 am",0,0,1,0.0519873,1,0
"Apr 21, 02:00 am",0,0,1,0.0520077,1,0
"Apr 21, 03:00 am",0,0,1,0.0520581,1,0
"Apr 21, 04:00 am",0,0,1,0.0521262,1,0
"Apr 21, 05:00 am",0,0,1,0.0522263,1,0
"Apr 21, 06:00 am",0,0,1,0.0521025,1,0
"Apr 21, 07:00 am",0,0,1,0.0518187,1,0
"Apr 21, 08:00 am",87.3354,0,1,0.051472,1,635.7
"Apr 21, 09:00 am",2388.78,4.14212,1,0.0511424,1,816.9
"Apr 21, 10:00 am",1793.55,0.407043,1,0.0507868,1,8.9
"Apr 21, 11:00 am",2866.59,4.44025,1,0.0505308,1,921.4
"Apr 21, 12:00 pm",1687.83,0.399076,1,0.0503233,1,9.3
"Apr 21, 01:00 pm",234.227,0.243986,1,0.0499663,1,9.3
"Apr 21, 02:00 pm",102.036,0.106287,1,0.0499121,1,9.3
"Apr 21, 03:00 pm",0,0,1,0.0500636,1,9
"Apr 21, 04:00 pm",0,0,1,0.0503083,1,8.4
"Apr 21, 05:00 pm",0,0,1,0.050585,1,7.2
"Apr 21, 06:00 pm",0,0,1,0.0507816,1,0
"Apr 21, 07:00 pm",0,0,1,0.0509781,1,0
"Apr 21, 08:00 pm",0,0,1,0.0510946,1,0
"Apr 21, 09:00 pm",0,0,1,0.0511951,1,0
"Apr 21, 10:00 pm",0,0,1,0.0512796,1,0
"Apr 21, 11:00 pm",0,0,1,0.051332,1,0
"Apr 22, 12:00 am",0,0,1,0.0513845,1,0
"Apr 22, 01:00 am",0,0,1,0.0514049,1,0
"Apr 22, 02:00 am",0,0,1,0.0514253,1,0
"Apr 22, 03:00 am",0,0,1,0.0514297,1,0
"Apr 22, 04:00 am",0,0,1,0.0513541,1,0
"Apr 22, 05:00 am",0,0,1,0.0513906,1,0
"Apr 22, 06:00 am",0,0,1,0.051491,1,0
"Apr 22, 07:00 am",0,0,1,0.0513994,1,0
"Apr 22, 08:00 am",0,0,1,0.0513078,1,6.1
"Apr 22, 09:00 am",0,0,1,0.0510083,1,7.8
"Apr 22, 10:00 am",0,0,1,0.0508369,1,8.5
"Apr 22, 11:00 am",0,0,1,0.0507455,1,8.8
"Apr 22, 12:00 pm",0,0,1,0.0506701,1,9
"Apr 22, 01:00 pm",0,0,1,0.0506907,1,9
"Apr 22, 02:00 pm",0,0,1,0.0507113,1,8.9
"Apr 22, 03:00 pm",0,0,1,0.0507959,1,8.6
"Apr 22, 04:00 pm",0,0,1,0.0508965,1,8.1
"Apr 22, 05:00 pm",0,0,1,0.0509971,1,6.8
"Apr 22, 06:00 pm",0,0,1,0.0510816,1,0
"Apr 22, 07:00 pm",0,0,1,0.0512301,1,0
"Apr 22, 08:00 pm",0,0,1,0.0512826,1,0
"Apr 22, 09:00 pm",0,0,1,0.051367,1,0
"Apr 22, 10:00 pm",0,0,1,0.0514035,1,0
"Apr 22, 11:00 pm",0,0,1,0.0516959,1,0
"Apr 23, 12:00 am",0,0,1,0.0520202,1,0
"Apr 23, 01:00 am",0,0,1,0.0518805,1,0
"Apr 23, 02:00 am",0,0,1,0.0517728,1,0
"Apr 23, 03:00 am",0,0,1,0.0516812,1,0
"Apr 23, 04:00 am",0,0,1,0.0516056,1,0
"Apr 23, 05:00 am",0,0,1,0.051594,1,0
"Apr 23, 06:00 am",0,0,1,0.0515504,1,0
"Apr 23, 07:00 am",0,0,1,0.051428,1,0
"Apr 23, 08:00 am",0,0,1,0.0513593,1,6
"Apr 23, 09:00 am",0,0,1,0.0511193,1,7.9
"Apr 23, 10:00 am",0,0,1,0.0507034,1,8.6
"Apr 23, 11:00 am",0,0,1,0.0502234,1,8.9
"Apr 23, 12:00 pm",0,0,1,0.0501434,1,9.1
"Apr 23, 01:00 pm",0,0,1,0.0502394,1,9.1
"Apr 23, 02:00 pm",0,0,1,0.0503514,1,9
"Apr 23, 03:00 pm",0,0,1,0.0505114,1,8.7
"Apr 23, 04:00 pm",0,0,1,0.0507354,1,8.1
"Apr 23, 05:00 pm",0,0,1,0.0509433,1,6.8
"Apr 23, 06:00 pm",0,0,1,0.0510233,1,0
"Apr 23, 07:00 pm",0,0,1,0.0512473,1,0
"Apr 23, 08:00 pm",0,0,1,0.0513913,1,0
"Apr 23, 09:00 pm",0,0,1,0.0515673,1,0
"Apr 23, 10:00 pm",0,0,1,0.0516793,1,0
"Apr 23, 11:00 pm",0,0,1,0.0517913,1,0
"Apr 24, 12:00 am",0,0,1,0.0519353,1,0
"Apr 24, 01:00 am",0,0,1,0.0518393,1,0
"Apr 24, 02:00 am",0,0,1,0.0517593,1,0
"Apr 24, 03:00 am",0,0,1,0.0516473,1,0
"Apr 24, 04:00 am",0,0,1,0.0515193,1,0
"Apr 24, 05:00 am",0,0,1,0.0514713,1,0
"Apr 24, 06:00 am",0,0,1,0.0513913,1,0
"Apr 24, 07:00 am",0,0,1,0.0512153,1,0
"Apr 24, 08:00 am",0,0,1,0.0509913,1,596.7
"Apr 24, 09:00 am",1336.83,2.1462,1,0.0505914,1,789.6
"Apr 24, 10:00 am",2866.59,5.00531,1,0.0502916,1,864.2
"Apr 24, 11:00 am",2866.59,4.69553,1,0.0501476,1,900.7
"Apr 24, 12:00 pm",2866.59,4.29437,1,0.0500359,1,915.8
"Apr 24, 01:00 pm",2866.59,3.99951,1,0.0499872,1,917.6
"Apr 24, 02:00 pm",2866.59,4.0782,1,0.0501362,1,906.7
"Apr 24, 03:00 pm",2866.59,4.49496,1,0.0503359,1,879.8
"Apr 24, 04:00 pm",2866.56,3.3146,1,0.0506001,1,824.3
"Apr 24, 05:00 pm",2866.56,0.398127,1,0.0510986,1,695.4
"Apr 24, 06:00 pm",2732.34,0.227291,1,0.0514854,1,0
"Apr 24, 07:00 pm",2866.64,0,1,0.0517915,1,0
"Apr 24, 08:00 pm",279.819,0,1,0.0519684,1,0
"Apr 24, 09:00 pm",0,0,1,0.0521075,1,0
"Apr 24, 10:00 pm",0,0,1,0.0522257,1,0
"Apr 24, 11:00 pm",0,0,1,0.0523277,1,0
"Apr 25, 12:00 am",0,0,1,0.0524096,1,0
"Apr 25, 01:00 am",0,0,1,0.0525225,1,0
"Apr 25, 02:00 am",0,0,1,0.0523987,1,0
"Apr 25, 03:00 am",0,0,1,0.0522588,1,0
"Apr 25, 04:00 am",0,0,1,0.0521191,1,0
"Apr 25, 05:00 am",0,0,1,0.0519793,1,0
"Apr 25, 06:00 am",0,0,1,0.0518876,1,0
"Apr 25, 07:00 am",0,0,1,0.0516839,1,0
"Apr 25, 08:00 am",0,0,1,0.0513683,1,596.7
"Apr 25, 09:00 am",477.725,1.87112,1,0.0509861,1,790.5
"Apr 25, 10:00 am",2866.59,4.95719,1,0.0509616,1,864.8
"Apr 25, 11:00 am",2866.59,4.66024,1,0.0507256,1,900.3
"Apr 25, 12:00 pm",2866.59,4.25532,1,0.0505234,1,915.5
"Apr 25, 01:00 pm",2866.59,3.96063,1,0.0503369,1,917.2
"Apr 25, 02:00 pm",2866.59,4.04096,1,0.0504009,1,906.1
"Apr 25, 03:00 pm",2866.56,4.45945,1,0.0504976,1,878.4
"Apr 25, 04:00 pm",2866.56,3.25519,1,0.0506783,1,821.8
"Apr 25, 05:00 pm",2866.56,0.39907,1,0.0511134,1,689.9
"Apr 25, 06:00 pm",2783.02,0.228732,1,0.0514465,1,0
"Apr 25, 07:00 pm",2866.66,0,1,0.0517392,1,0
"Apr 25, 08:00 pm",626.873,0,1,0.0519006,1,0
"Apr 25, 09:00 pm",0,0,1,0.0520441,1,0
"Apr 25, 10:00 pm",0,0,1,0.0521465,1,0
"Apr 25, 11:00 pm",0,0,1,0.0522007,1,0
"Apr 26, 12:00 am",0,0,1,0.0522549,1,0
"Apr 26, 01:00 am",0,0,1,0.052293,1,0
"Apr 26, 02:00 am",0,0,1,0.0523477,1,0
"Apr 26, 03:00 am",0,0,1,0.0524176,1,0
"Apr 26, 04:00 am",0,0,1,0.0524537,1,0
"Apr 26, 05:00 am",0,0,1,0.0525538,1,0
"Apr 26, 06:00 am",0,0,1,0.052366,1,0
"Apr 26, 07:00 am",0,0,1,0.0520662,1,0
"Apr 26, 08:00 am",0,0,1,0.0516545,1,610.4
"Apr 26, 09:00 am",477.725,1.91548,1,0.05113,1,808.6
"Apr 26, 10:00 am",2866.59,5.05627,1,0.0508658,1,885.1
"Apr 26, 11:00 am",2866.59,4.74475,1,0.0504517,1,922.1
"Apr 26, 12:00 pm",2866.59,4.32468,1,0.0501198,1,937.4
"Apr 26, 01:00 pm",2866.59,4.02,1,0.0498527,1,939.2
"Apr 26, 02:00 pm",2866.59,4.1111,1,0.0496936,1,928.3
"Apr 26, 03:00 pm",2866.55,4.54471,1,0.0498081,1,900.2
"Apr 26, 04:00 pm",2866.55,3.30336,1,0.0500694,1,843
"Apr 26, 05:00 pm",2866.56,0.398651,1,0.0505498,1,709.2
"Apr 26, 06:00 pm",2791.31,0.228949,1,0.0509733,1,0
"Apr 26, 07:00 pm",2866.65,0,1,0.0513417,1,0
"Apr 26, 08:00 pm",1173.01,0,1,0.0515577,1,0
"Apr 26, 09:00 pm",0,0,1,0.0517555,1,0
"Apr 26, 10:00 pm",0,0,1,0.0518743,1,0
"Apr 26, 11:00 pm",0,0,1,0.0519769,1,0
"Apr 27, 12:00 am",0,0,1,0.0521434,1,0
"Apr 27, 01:00 am",0,0,1,0.0521496,1,0
"Apr 27, 02:00 am",0,0,1,0.0521879,1,0
"Apr 27, 03:00 am",0,0,1,0.0522092,1,0
"Apr 27, 04:00 am",0,0,1,0.0522614,1,0
"Apr 27, 05:00 am",0,0,1,0.0523616,1,0
"Apr 27, 06:00 am",0,0,1,0.0521258,1,0
"Apr 27, 07:00 am",0,0,1,0.0517781,1,0
"Apr 27, 08:00 am",0,0,1,0.0512385,1,620.5
"Apr 27, 09:00 am",477.725,1.91287,1,0.0505542,1,817.3
"Apr 27, 10:00 am",2866.59,5.06067,1,0.0503227,1,890.3
"Apr 27, 11:00 am",2866.59,4.72148,1,0.0499089,1,924.2
"Apr 27, 12:00 pm",2866.59,4.29154,1,0.0495611,1,938.6
"Apr 27, 01:00 pm",2866.59,3.98252,1,0.0492459,1,939.1
"Apr 27, 02:00 pm",2866.59,4.07875,1,0.0490046,1,927
"Apr 27, 03:00 pm",2866.55,4.50175,1,0.0491333,1,898.5
"Apr 27, 04:00 pm",2866.55,3.24032,1,0.0494428,1,840
"Apr 27, 05:00 pm",2866.56,0.399442,1,0.0500254,1,703.9
"Apr 27, 06:00 pm",2790.37,0.230005,1,0.0504682,1,0
"Apr 27, 07:00 pm",2866.65,0,1,0.0507813,1,0
"Apr 27, 08:00 pm",1025.51,0,1,0.0510079,1,0
"Apr 27, 09:00 pm",0,0,1,0.0511881,1,0
"Apr 27, 10:00 pm",0,0,1,0.0513556,1,0
"Apr 27, 11:00 pm",0,0,1,0.0514749,1,0
"Apr 28, 12:00 am",0,0,1,0.051578,1,0
"Apr 28, 01:00 am",0,0,1,0.051633,1,0
"Apr 28, 02:00 am",0,0,1,0.0516879,1,0
"Apr 28, 03:00 am",0,0,1,0.0517593,1,0
"Apr 28, 04:00 am",0,0,1,0.0518454,1,0
"Apr 28, 05:00 am",0,0,1,0.0519457,1,0
"Apr 28, 06:00 am",0,0,1,0.0518539,1,0
"Apr 28, 07:00 am",0,0,1,0.0516663,1,0
"Apr 28, 08:00 am",0,0,1,0.0512707,1,6.1
"Apr 28, 09:00 am",0,0,1,0.0507632,1,8.1
"Apr 28, 10:00 am",0,0,1,0.0503998,1,8.8
"Apr 28, 11:00 am",477.685,1.07316,1,0.0500758,1,914.9
"Apr 28, 12:00 pm",2866.59,4.31602,1,0.0501445,1,926
"Apr 28, 01:00 pm",2866.59,3.87899,1,0.0500466,1,923.7
"Apr 28, 02:00 pm",2866.59,3.95148,1,0.0499712,1,908.7
"Apr 28, 03:00 pm",2866.59,4.36862,1,0.0501246,1,877.3
"Apr 28, 04:00 pm",2866.59,3.08456,1,0.0503512,1,815.3
"Apr 28, 05:00 pm",2866.56,0.398817,1,0.0507802,1,672.8
"Apr 28, 06:00 pm",2151.88,0.229646,1,0.0510616,1,0
"Apr 28, 07:00 pm",0,0,1,0.0512291,1,0
"Apr 28, 08:00 pm",0,0,1,0.0513325,1,0
"Apr 28, 09:00 pm",0,0,1,0.0514357,1,0
"Apr 28, 10:00 pm",0,0,1,0.0515068,1,0
"Apr 28, 11:00 pm",0,0,1,0.0515618,1,0
"Apr 29, 12:00 am",0,0,1,0.0516792,1,0
"Apr 29, 01:00 am",0,0,1,0.0516993,1,0
"Apr 29, 02:00 am",0,0,1,0.0517677,1,0
"Apr 29, 03:00 am",0,0,1,0.05182,1,0
"Apr 29, 04:00 am",0,0,1,0.0518563,1,0
"Apr 29, 05:00 am",0,0,1,0.0519566,1,0
"Apr 29, 06:00 am",0,0,1,0.0518009,1,0
"Apr 29, 07:00 am",0,0,1,0.0515492,1,0
"Apr 29, 08:00 am",0,0,1,0.0513137,1,577
"Apr 29, 09:00 am",477.725,1.69877,1,0.0510353,1,778
"Apr 29, 10:00 am",2866.59,4.75255,1,0.050969,1,850.5
"Apr 29, 11:00 am",2844.1,0.405272,1,0.0507204,1,8.8
"Apr 29, 12:00 pm",2866.59,3.51184,1,0.0504709,1,896.1
"Apr 29, 01:00 pm",2866.59,3.7059,1,0.05031,1,894.8
"Apr 29, 02:00 pm",2866.59,3.78849,1,0.0503367,1,879.9
"Apr 29, 03:00 pm",2866.59,4.19342,1,0.0504878,1,849.2
"Apr 29, 04:00 pm",2866.53,2.92698,1,0.05064,1,787.1
"Apr 29, 05:00 pm",2866.56,0.398933,1,0.0508987,1,642.7
"Apr 29, 06:00 pm",475.26,0.229282,1,0.051076,1,0
"Apr 29, 07:00 pm",0,0,1,0.0511844,1,0
"Apr 29, 08:00 pm",0,0,1,0.0512557,1,0
"Apr 29, 09:00 pm",0,0,1,0.051247,1,0
"Apr 29, 10:00 pm",0,0,1,0.0512282,1,0
"Apr 29, 11:00 pm",0,0,1,0.051224,1,0
"Apr 30, 12:00 am",0,0,1,0.0512925,1,0
"Apr 30, 01:00 am",0,0,1,0.0513289,1,0
"Apr 30, 02:00 am",0,0,1,0.0513494,1,0
"Apr 30, 03:00 am",0,0,1,0.0513698,1,0
"Apr 30, 04:00 am",0,0,1,0.0514223,1,0
"Apr 30, 05:00 am",0,0,1,0.0515067,1,0
"Apr 30, 06:00 am",0,0,1,0.0514951,1,0
"Apr 30, 07:00 am",0,0,1,0.0513395,1,0
"Apr 30, 08:00 am",0,0,1,0.051088,1,5.6
"Apr 30, 09:00 am",0,0,1,0.0507086,1,7.6
"Apr 30, 10:00 am",0,0,1,0.0504892,1,8.4
"Apr 30, 11:00 am",0,0,1,0.0502539,1,8.8
"Apr 30, 12:00 pm",0,0,1,0.0501307,1,8.9
"Apr 30, 01:00 pm",0,0,1,0.0500555,1,8.9
"Apr 30, 02:00 pm",0,0,1,0.0500283,1,8.8
"Apr 30, 03:00 pm",0,0,1,0.0501291,1,8.4
"Apr 30, 04:00 pm",0,0,1,0.0503578,1,779.9
"Apr 30, 05:00 pm",418.715,0.436162,1,0.0506665,1,631.8
"Apr 30, 06:00 pm",380.352,0.3962,1,0.0508471,1,0
"Apr 30, 07:00 pm",169.089,0.176135,1,0.0509957,1,0
"Apr 30, 08:00 pm",0,0,1,0.0511282,1,0
"Apr 30, 09:00 pm",0,0,1,0.0512127,1,0
"Apr 30, 10:00 pm",0,0,1,0.0512812,1,0
"Apr 30, 11:00 pm",0,0,1,0.0513497,1,0
"May 1, 12:00 am",0,0,1,0.0506076,1,0
"May 1, 01:00 am",0,0,1,0.0507513,1,0
"May 1, 02:00 am",0,0,1,0.0508633,1,0
"May 1, 03:00 am",0,0,1,0.0510233,1,0
"May 1, 04:00 am",0,0,1,0.0511673,1,0
"May 1, 05:00 am",0,0,1,0.0512953,1,0
"May 1, 06:00 am",0,0,1,0.0514553,1,0
"May 1, 07:00 am",0,0,1,0.0512153,1,0
"May 1, 08:00 am",0,0,1,0.0508153,1,576.6
"May 1, 09:00 am",477.725,1.64197,1,0.0503045,1,785.7
"May 1, 10:00 am",2866.59,4.74463,1,0.0500703,1,861.3
"May 1, 11:00 am",2866.59,4.43993,1,0.0497507,1,896.1
"May 1, 12:00 pm",2866.59,3.99276,1,0.0494585,1,909.1
"May 1, 01:00 pm",2866.59,3.69458,1,0.0492746,1,907.8
"May 1, 02:00 pm",2866.59,3.78556,1,0.0493739,1,893.6
"May 1, 03:00 pm",2866.59,4.20669,1,0.0495453,1,861.8
"May 1, 04:00 pm",2866.53,2.87431,1,0.0498157,1,798.1
"May 1, 05:00 pm",2866.56,0.39919,1,0.0503037,1,648.7
"May 1, 06:00 pm",2747.5,0.229971,1,0.0506522,1,0
"May 1, 07:00 pm",1553.68,0,1,0.0508603,1,0
"May 1, 08:00 pm",0,0,1,0.0510108,1,0
"May 1, 09:00 pm",0,0,1,0.0511143,1,0
"May 1, 10:00 pm",0,0,1,0.0512177,1,0
"May 1, 11:00 pm",0,0,1,0.051305,1,0
"May 2, 12:00 am",0,0,1,0.0512642,1,0
"May 2, 01:00 am",0,0,1,0.051381,1,0
"May 2, 02:00 am",0,0,1,0.0514484,1,0
"May 2, 03:00 am",0,0,1,0.0515808,1,0
"May 2, 04:00 am",0,0,1,0.0516972,1,0
"May 2, 05:00 am",0,0,1,0.0517975,1,0
"May 2, 06:00 am",0,0,1,0.0518819,1,0
"May 2, 07:00 am",0,0,1,0.0516462,1,0
"May 2, 08:00 am",0,0,1,0.0512186,1,5.6
"May 2, 09:00 am",0,0,1,0.0506952,1,7.7
"May 2, 10:00 am",0,0,1,0.0502839,1,8.5
"May 2, 11:00 am",477.725,1.78325,1,0.0498848,1,883
"May 2, 12:00 pm",2866.59,3.87537,1,0.0498703,1,897.7
"May 2, 01:00 pm",2866.59,3.61853,1,0.0496976,1,898.1
"May 2, 02:00 pm",2866.59,3.71405,1,0.0495922,1,884.8
"May 2, 03:00 pm",2866.59,4.13121,1,0.0497564,1,852.8
"May 2, 04:00 pm",2866.53,2.80083,1,0.0500188,1,788.6
"May 2, 05:00 pm",2866.56,0.399283,1,0.0504503,1,636.4
"May 2, 06:00 pm",1384.2,0.23002,1,0.050673,1,0
"May 2, 07:00 pm",0,0,1,0.0508033,1,0
"May 2, 08:00 pm",0,0,1,0.0509071,1,0
"May 2, 09:00 pm",0,0,1,0.0509627,1,0
"May 2, 10:00 pm",0,0,1,0.0510022,1,0
"May 2, 11:00 pm",0,0,1,0.051078,1,0
"May 3, 12:00 am",0,0,1,0.0510884,1,0
"May 3, 01:00 am",0,0,1,0.0512049,1,0
"May 3, 02:00 am",0,0,1,0.0513053,1,0
"May 3, 03:00 am",0,0,1,0.0514698,1,0
"May 3, 04:00 am",0,0,1,0.0516502,1,0
"May 3, 05:00 am",0,0,1,0.0517185,1,0
"May 3, 06:00 am",0,0,1,0.0518509,1,0
"May 3, 07:00 am",0,0,1,0.0516312,1,0
"May 3, 08:00 am",0,0,1,0.0511397,1,536
"May 3, 09:00 am",477.725,1.49088,1,0.0505313,1,756.4
"May 3, 10:00 am",2866.59,4.55008,1,0.0501728,1,837.1
"May 3, 11:00 am",2866.59,4.26209,1,0.049874,1,875.1
"May 3, 12:00 pm",2866.59,3.83433,1,0.0495885,1,889.6
"May 3, 01:00 pm",2866.59,3.54503,1,0.0495976,1,889.6
"May 3, 02:00 pm",2866.59,3.64626,1,0.0496499,1,875.5
"May 3, 03:00 pm",2866.59,4.05706,1,0.0497841,1,842.9
"May 3, 04:00 pm",2866.53,2.71179,1,0.0500094,1,777.2
"May 3, 05:00 pm",2866.56,0.398226,1,0.0504245,1,621
"May 3, 06:00 pm",2721.18,0.229097,1,0.0507102,1,0
"May 3, 07:00 pm",499.316,0,1,0.0508401,1,0
"May 3, 08:00 pm",0,0,1,0.0509225,1,0
"May 3, 09:00 pm",0,0,1,0.0509462,1,0
"May 3, 10:00 pm",0,0,1,0.0509698,1,0
"May 3, 11:00 pm",0,0,1,0.0510351,1,0
"May 4, 12:00 am",0,0,1,0.0510028,1,0
"May 4, 01:00 am",0,0,1,0.0510874,1,0
"May 4, 02:00 am",0,0,1,0.0511399,1,0
"May 4, 03:00 am",0,0,1,0.0512404,1,0
"May 4, 04:00 am",0,0,1,0.0513088,1,0
"May 4, 05:00 am",0,0,1,0.0513453,1,0
"May 4, 06:00 am",0,0,1,0.0514777,1,0
"May 4, 07:00 am",0,0,1,0.0513701,1,0
"May 4, 08:00 am",0,0,1,0.0511826,1,5.2
"May 4, 09:00 am",477.725,1.39745,1,0.0508424,1,739.6
"May 4, 10:00 am",2866.59,4.42321,1,0.0505902,1,821.3
"May 4, 11:00 am",2866.59,4.14477,1,0.0503281,1,859.4
"May 4, 12:00 pm",2866.56,0.407586,1,0.0501351,1,8.8
"May 4, 01:00 pm",2866.53,2.95446,1,0.0500066,1,876.4
"May 4, 02:00 pm",2866.59,3.5566,1,0.0499903,1,863.2
"May 4, 03:00 pm",1244.65,0.403134,1,0.0500891,1,8.3
"May 4, 04:00 pm",231.682,0.241336,1,0.0502304,1,7.6
"May 4, 05:00 pm",0,0,1,0.0504308,1,6.1
"May 4, 06:00 pm",0,0,1,0.0505937,1,0
"May 4, 07:00 pm",0,0,1,0.0506907,1,0
"May 4, 08:00 pm",0,0,1,0.0508073,1,0
"May 4, 09:00 pm",0,0,1,0.0508759,1,0
"May 4, 10:00 pm",0,0,1,0.0509445,1,0
"May 4, 11:00 pm",0,0,1,0.051029,1,0
"May 5, 12:00 am",0,0,1,0.0510336,1,0
"May 5, 01:00 am",0,0,1,0.0511021,1,0
"May 5, 02:00 am",0,0,1,0.0511386,1,0
"May 5, 03:00 am",0,0,1,0.0512231,1,0
"May 5, 04:00 am",0,0,1,0.0512756,1,0
"May 5, 05:00 am",0,0,1,0.0513761,1,0
"May 5, 06:00 am",0,0,1,0.0514445,1,0
"May 5, 07:00 am",0,0,1,0.051369,1,0
"May 5, 08:00 am",0,0,1,0.0511654,1,5.1
"May 5, 09:00 am",0,0,1,0.0508035,1,7.4
"May 5, 10:00 am",0,0,1,0.0504634,1,8.3
"May 5, 11:00 am",0,0,1,0.0502554,1,8.7
"May 5, 12:00 pm",0,0,1,0.0500954,1,8.9
"May 5, 01:00 pm",0,0,1,0.0500954,1,8.9
"May 5, 02:00 pm",0,0,1,0.0501114,1,8.7
"May 5, 03:00 pm",477.725,1.35795,1,0.0502,1,842.6
"May 5, 04:00 pm",2866.53,2.5338,1,0.0504296,1,777.5
"May 5, 05:00 pm",646.896,0.398376,1,0.0506453,1,618.1
"May 5, 06:00 pm",218.727,0.227841,1,0.0507789,1,0
"May 5, 07:00 pm",0,0,1,0.0508503,1,0
"May 5, 08:00 pm",0,0,1,0.0509753,1,0
"May 5, 09:00 pm",0,0,1,0.0510233,1,0
"May 5, 10:00 pm",0,0,1,0.0511033,1,0
"May 5, 11:00 pm",0,0,1,0.0511993,1,0
"May 6, 12:00 am",0,0,1,0.0511993,1,0
"May 6, 01:00 am",0,0,1,0.0512953,1,0
"May 6, 02:00 am",0,0,1,0.0513273,1,0
"May 6, 03:00 am",0,0,1,0.0513753,1,0
"May 6, 04:00 am",0,0,1,0.0514393,1,0
"May 6, 05:00 am",0,0,1,0.0515033,1,0
"May 6, 06:00 am",0,0,1,0.0515513,1,0
"May 6, 07:00 am",0,0,1,0.0513433,1,0
"May 6, 08:00 am",0,0,1,0.0509593,1,5.6
"May 6, 09:00 am",477.725,1.50831,1,0.0504748,1,780.1
"May 6, 10:00 am",2866.59,4.62417,1,0.0500703,1,862.7
"May 6, 11:00 am",2866.59,4.29886,1,0.0497368,1,901.3
"May 6, 12:00 pm",2866.59,3.85362,1,0.0493991,1,916.3
"May 6, 01:00 pm",2866.59,3.54576,1,0.0492133,1,916.5
"May 6, 02:00 pm",2866.59,3.67216,1,0.0492634,1,903.1
"May 6, 03:00 pm",2866.59,4.11757,1,0.0494199,1,869
"May 6, 04:00 pm",2866.53,2.67245,1,0.049759,1,801.4
"May 6, 05:00 pm",2866.56,0.398264,1,0.0502251,1,638.8
"May 6, 06:00 pm",2723.26,0.229357,1,0.0506242,1,0
"May 6, 07:00 pm",638.328,0,1,0.050838,1,0
"May 6, 08:00 pm",0,0,1,0.0509392,1,0
"May 6, 09:00 pm",0,0,1,0.0510268,1,0
"May 6, 10:00 pm",0,0,1,0.0511143,1,0
"May 6, 11:00 pm",0,0,1,0.0511921,1,0
"May 7, 12:00 am",0,0,1,0.0512205,1,0
"May 7, 01:00 am",0,0,1,0.0513369,1,0
"May 7, 02:00 am",0,0,1,0.0514214,1,0
"May 7, 03:00 am",0,0,1,0.0515538,1,0
"May 7, 04:00 am",0,0,1,0.0516382,1,0
"May 7, 05:00 am",0,0,1,0.0517705,1,0
"May 7, 06:00 am",0,0,1,0.0519348,1,0
"May 7, 07:00 am",0,0,1,0.0516832,1,0
"May 7, 08:00 am",0,0,1,0.0512716,1,546.3
"May 7, 09:00 am",477.725,1.47532,1,0.0506626,1,780.3
"May 7, 10:00 am",2866.59,4.60742,1,0.0502054,1,864
"May 7, 11:00 am",2866.59,4.27861,1,0.0498126,1,903.3
"May 7, 12:00 pm",2866.59,3.8234,1,0.049463,1,918.7
"May 7, 01:00 pm",2866.59,3.53048,1,0.0491998,1,919.8
"May 7, 02:00 pm",2866.59,3.65853,1,0.0489944,1,907
"May 7, 03:00 pm",2866.59,4.11292,1,0.0491347,1,873.1
"May 7, 04:00 pm",2866.53,2.6467,1,0.049482,1,805.1
"May 7, 05:00 pm",2866.56,0.398403,1,0.0499444,1,641.5
"May 7, 06:00 pm",2722.12,0.229626,1,0.0503372,1,0
"May 7, 07:00 pm",559.556,0,1,0.0505785,1,0
"May 7, 08:00 pm",0,0,1,0.050726,1,0
"May 7, 09:00 pm",0,0,1,0.0508619,1,0
"May 7, 10:00 pm",0,0,1,0.0509816,1,0
"May 7, 11:00 pm",0,0,1,0.0510935,1,0
"May 8, 12:00 am",0,0,1,0.0512199,1,0
"May 8, 01:00 am",0,0,1,0.0513204,1,0
"May 8, 02:00 am",0,0,1,0.0514368,1,0
"May 8, 03:00 am",0,0,1,0.0515692,1,0
"May 8, 04:00 am",0,0,1,0.0516696,1,0
"May 8, 05:00 am",0,0,1,0.0517859,1,0
"May 8, 06:00 am",0,0,1,0.0518863,1,0
"May 8, 07:00 am",0,0,1,0.0516026,1,0
"May 8, 08:00 am",0,0,1,0.0511431,1,553.7
"May 8, 09:00 am",477.725,1.48019,1,0.0505343,1,790.6
"May 8, 10:00 am",2866.59,4.64088,1,0.0500694,1,875.3
"May 8, 11:00 am",2866.59,4.31588,1,0.0496501,1,915.5
"May 8, 12:00 pm",2866.59,3.8411,1,0.0493146,1,929.3
"May 8, 01:00 pm",2866.59,3.52745,1,0.049049,1,928.8
"May 8, 02:00 pm",2866.59,3.66148,1,0.0488908,1,914.9
"May 8, 03:00 pm",2866.59,4.12293,1,0.0490474,1,880.8
"May 8, 04:00 pm",2866.53,2.63643,1,0.0494276,1,812.3
"May 8, 05:00 pm",2866.56,0.398542,1,0.0499051,1,646.5
"May 8, 06:00 pm",2726.11,0.229785,1,0.0503123,1,0
"May 8, 07:00 pm",643.544,0,1,0.0505708,1,0
"May 8, 08:00 pm",0,0,1,0.0507677,1,0
"May 8, 09:00 pm",0,0,1,0.0508876,1,0
"May 8, 10:00 pm",0,0,1,0.0509912,1,0
"May 8, 11:00 pm",0,0,1,0.0511132,1,0
"May 9, 12:00 am",0,0,1,0.0512337,1,0
"May 9, 01:00 am",0,0,1,0.0513341,1,0
"May 9, 02:00 am",0,0,1,0.0514505,1,0
"May 9, 03:00 am",0,0,1,0.0515989,1,0
"May 9, 04:00 am",0,0,1,0.0517153,1,0
"May 9, 05:00 am",0,0,1,0.0518956,1,0
"May 9, 06:00 am",0,0,1,0.0519959,1,0
"May 9, 07:00 am",0,0,1,0.0516642,1,0
"May 9, 08:00 am",0,0,1,0.0511567,1,545.5
"May 9, 09:00 am",477.725,1.42637,1,0.0505137,1,784.3
"May 9, 10:00 am",2866.59,4.56997,1,0.0500534,1,866.9
"May 9, 11:00 am",2866.59,4.22671,1,0.0496152,1,904.8
"May 9, 12:00 pm",2866.59,3.75857,1,0.0492659,1,918.9
"May 9, 01:00 pm",2866.59,3.45858,1,0.0489848,1,918.4
"May 9, 02:00 pm",2866.59,3.5862,1,0.0490969,1,904
"May 9, 03:00 pm",2866.59,4.03489,1,0.0493172,1,868.6
"May 9, 04:00 pm",2866.53,2.55014,1,0.0497001,1,798.4
"May 9, 05:00 pm",2866.56,0.398674,1,0.050205,1,628.5
"May 9, 06:00 pm",2712.85,0.229942,1,0.0505698,1,0
"May 9, 07:00 pm",0,0,1,0.0507775,1,0
"May 9, 08:00 pm",0,0,1,0.0509476,1,0
"May 9, 09:00 pm",0,0,1,0.0510855,1,0
"May 9, 10:00 pm",0,0,1,0.0512072,1,0
"May 9, 11:00 pm",0,0,1,0.0513329,1,0
"May 10, 12:00 am",0,0,1,0.0514879,1,0
"May 10, 01:00 am",0,0,1,0.0516201,1,0
"May 10, 02:00 am",0,0,1,0.0517364,1,0
"May 10, 03:00 am",0,0,1,0.0518686,1,0
"May 10, 04:00 am",0,0,1,0.0519688,1,0
"May 10, 05:00 am",0,0,1,0.0521009,1,0
"May 10, 06:00 am",0,0,1,0.0519131,1,0
"May 10, 07:00 am",0,0,1,0.0516453,1,0
"May 10, 08:00 am",129.782,0,1,0.0512527,1,539
"May 10, 09:00 am",477.725,1.3821,1,0.0506588,1,780.2
"May 10, 10:00 am",2866.59,4.5133,1,0.0502277,1,862.2
"May 10, 11:00 am",2866.59,4.17025,1,0.0497907,1,899.3
"May 10, 12:00 pm",2866.59,3.706,1,0.0494091,1,914
"May 10, 01:00 pm",2866.59,3.4088,1,0.0491103,1,913.9
"May 10, 02:00 pm",2866.59,3.53216,1,0.0489177,1,899.5
"May 10, 03:00 pm",2866.59,4.00638,1,0.0491076,1,866.5
"May 10, 04:00 pm",2866.53,2.51214,1,0.0494928,1,798.1
"May 10, 05:00 pm",2868.91,0.398756,1,0.0499974,1,627.3
"May 10, 06:00 pm",2507.94,0.230149,1,0.050372,1,0
"May 10, 07:00 pm",0,0,1,0.0506384,1,0
"May 10, 08:00 pm",0,0,1,0.0508064,1,0
"May 10, 09:00 pm",0,0,1,0.0509741,1,0
"May 10, 10:00 pm",0,0,1,0.0511333,1,0
"May 10, 11:00 pm",0,0,1,0.0512749,1,0
"May 11, 12:00 am",0,0,1,0.0514394,1,0
"May 11, 01:00 am",0,0,1,0.0515398,1,0
"May 11, 02:00 am",0,0,1,0.0516562,1,0
"May 11, 03:00 am",0,0,1,0.0517885,1,0
"May 11, 04:00 am",0,0,1,0.0518888,1,0
"May 11, 05:00 am",0,0,1,0.0519891,1,0
"May 11, 06:00 am",0,0,1,0.0520894,1,0
"May 11, 07:00 am",0,0,1,0.0518377,1,0
"May 11, 08:00 am",0,0,1,0.0514581,1,528.8
"May 11, 09:00 am",477.725,1.34454,1,0.0509075,1,775.9
"May 11, 10:00 am",2866.59,4.47797,1,0.050461,1,860.8
"May 11, 11:00 am",2866.59,4.13797,1,0.0500432,1,899.4
"May 11, 12:00 pm",2866.59,3.66873,1,0.0496795,1,911.8
"May 11, 01:00 pm",2866.59,3.35702,1,0.0493953,1,910.3
"May 11, 02:00 pm",2866.59,3.48617,1,0.049217,1,894.5
"May 11, 03:00 pm",2866.59,3.94537,1,0.0493892,1,858.7
"May 11, 04:00 pm",2866.54,2.43774,1,0.0497123,1,787.2
"May 11, 05:00 pm",2868.01,0.398807,1,0.0502022,1,611.1
"May 11, 06:00 pm",2167,0.230042,1,0.0505522,1,0
"May 11, 07:00 pm",0,0,1,0.0507966,1,0
"May 11, 08:00 pm",0,0,1,0.0509323,1,0
"May 11, 09:00 pm",0,0,1,0.0510839,1,0
"May 11, 10:00 pm",0,0,1,0.0512224,1,0
"May 11, 11:00 pm",0,0,1,0.0513433,1,0
"May 12, 12:00 am",0,0,1,0.0514598,1,0
"May 12, 01:00 am",0,0,1,0.0515762,1,0
"May 12, 02:00 am",0,0,1,0.0516925,1,0
"May 12, 03:00 am",0,0,1,0.0518089,1,0
"May 12, 04:00 am",0,0,1,0.0519252,1,0
"May 12, 05:00 am",0,0,1,0.0520095,1,0
"May 12, 06:00 am",0,0,1,0.0519178,1,0
"May 12, 07:00 am",0,0,1,0.0517461,1,0
"May 12, 08:00 am",0,0,1,0.0514625,1,5.3
"May 12, 09:00 am",477.725,1.29945,1,0.0511501,1,770.8
"May 12, 10:00 am",1107.62,0.441872,1,0.0507393,1,8.6
"May 12, 11:00 am",221.411,0.230637,1,0.0502631,1,9
"May 12, 12:00 pm",2227.96,2.62685,1,0.0499799,1,909.1
"May 12, 01:00 pm",2866.59,3.32071,1,0.0498091,1,907.7
"May 12, 02:00 pm",2866.59,3.44685,1,0.049857,1,892
"May 12, 03:00 pm",2866.59,3.91361,1,0.0500222,1,857.3
"May 12, 04:00 pm",2866.53,2.398,1,0.0503124,1,786.1
"May 12, 05:00 pm",1482.42,0.398798,1,0.0506837,1,608.9
"May 12, 06:00 pm",220.782,0.229981,1,0.0509121,1,0
"May 12, 07:00 pm",0,0,1,0.0510918,1,0
"May 12, 08:00 pm",0,0,1,0.0512563,1,0
"May 12, 09:00 pm",0,0,1,0.0514367,1,0
"May 12, 10:00 pm",0,0,1,0.0515851,1,0
"May 12, 11:00 pm",0,0,1,0.0517015,1,0
"May 13, 12:00 am",0,0,1,0.0518018,1,0
"May 13, 01:00 am",0,0,1,0.0518702,1,0
"May 13, 02:00 am",0,0,1,0.0519385,1,0
"May 13, 03:00 am",0,0,1,0.0519908,1,0
"May 13, 04:00 am",0,0,1,0.0520481,1,0
"May 13, 05:00 am",0,0,1,0.0521433,1,0
"May 13, 06:00 am",0,0,1,0.0522233,1,0
"May 13, 07:00 am",0,0,1,0.0519993,1,0
"May 13, 08:00 am",0,0,1,0.0516473,1,534.6
"May 13, 09:00 am",477.725,1.33281,1,0.0511554,1,787.7
"May 13, 10:00 am",2866.59,4.4894,1,0.0506324,1,872.4
"May 13, 11:00 am",2866.59,4.13449,1,0.0502424,1,909.9
"May 13, 12:00 pm",2866.59,3.62483,1,0.0499052,1,917.6
"May 13, 01:00 pm",2866.59,3.30021,1,0.049664,1,912.3
"May 13, 02:00 pm",2866.59,3.42435,1,0.0497368,1,893.5
"May 13, 03:00 pm",2866.59,3.8882,1,0.0499058,1,856.6
"May 13, 04:00 pm",2866.54,2.35261,1,0.050223,1,783.3
"May 13, 05:00 pm",2867.98,0.398824,1,0.0506835,1,602.5
"May 13, 06:00 pm",1852.04,0.229768,1,0.050978,1,0
"May 13, 07:00 pm",0,0,1,0.0511843,1,0
"May 13, 08:00 pm",0,0,1,0.0513195,1,0
"May 13, 09:00 pm",0,0,1,0.0514583,1,0
"May 13, 10:00 pm",0,0,1,0.0515958,1,0
"May 13, 11:00 pm",0,0,1,0.0516962,1,0
"May 14, 12:00 am",0,0,1,0.0517485,1,0
"May 14, 01:00 am",0,0,1,0.0518328,1,0
"May 14, 02:00 am",0,0,1,0.0518852,1,0
"May 14, 03:00 am",0,0,1,0.0519534,1,0
"May 14, 04:00 am",0,0,1,0.0520057,1,0
"May 14, 05:00 am",0,0,1,0.052074,1,0
"May 14, 06:00 am",0,0,1,0.0521583,1,0
"May 14, 07:00 am",0,0,1,0.0519545,1,0
"May 14, 08:00 am",0,0,1,0.0516229,1,4.9
"May 14, 09:00 am",0,0,1,0.0512753,1,7.7
"May 14, 10:00 am",0,0,1,0.0507519,1,8.5
"May 14, 11:00 am",477.725,1.54727,1,0.0503573,1,889.3
"May 14, 12:00 pm",2866.59,3.46506,1,0.0502737,1,901.3
"May 14, 01:00 pm",2866.59,3.21565,1,0.0501047,1,898.6
"May 14, 02:00 pm",2866.59,3.34886,1,0.0501457,1,882.1
"May 14, 03:00 pm",2866.59,3.81155,1,0.0503175,1,845.6
"May 14, 04:00 pm",2866.53,2.28725,1,0.0505711,1,771.9
"May 14, 05:00 pm",2067.13,0.399003,1,0.0508572,1,587.9
"May 14, 06:00 pm",220.662,0.229856,1,0.0510088,1,0
"May 14, 07:00 pm",0,0,1,0.0511281,1,0
"May 14, 08:00 pm",0,0,1,0.051271,1,0
"May 14, 09:00 pm",0,0,1,0.0513804,1,0
"May 14, 10:00 pm",0,0,1,0.0514808,1,0
"May 14, 11:00 pm",0,0,1,0.0515653,1,0
"May 15, 12:00 am",0,0,1,0.0516336,1,0
"May 15, 01:00 am",0,0,1,0.051734,1,0
"May 15, 02:00 am",0,0,1,0.0517864,1,0
"May 15, 03:00 am",0,0,1,0.0518579,1,0
"May 15, 04:00 am",0,0,1,0.0519193,1,0
"May 15, 05:00 am",0,0,1,0.0520153,1,0
"May 15, 06:00 am",0,0,1,0.0520953,1,0
"May 15, 07:00 am",0,0,1,0.0519033,1,0
"May 15, 08:00 am",0,0,1,0.0516473,1,4.9
"May 15, 09:00 am",0,0,1,0.0512473,1,7.5
"May 15, 10:00 am",0,0,1,0.0507673,1,8.4
"May 15, 11:00 am",0,0,1,0.0504314,1,8.9
"May 15, 12:00 pm",471.104,1.11695,1,0.0502234,1,898
"May 15, 01:00 pm",961.262,0.434736,1,0.0500415,1,9
"May 15, 02:00 pm",209.812,0.218554,1,0.0499338,1,8.8
"May 15, 03:00 pm",0,0,1,0.0500038,1,8.5
"May 15, 04:00 pm",0,0,1,0.0501914,1,7.7
"May 15, 05:00 pm",0,0,1,0.0503834,1,587.6
"May 15, 06:00 pm",0,0,1,0.0505913,1,0
"May 15, 07:00 pm",0,0,1,0.0507034,1,0
"May 15, 08:00 pm",0,0,1,0.0508153,1,0
"May 15, 09:00 pm",0,0,1,0.0508633,1,0
"May 15, 10:00 pm",0,0,1,0.0508953,1,0
"May 15, 11:00 pm",0,0,1,0.0509433,1,0
"May 16, 12:00 am",0,0,1,0.0509113,1,0
"May 16, 01:00 am",0,0,1,0.0509753,1,0
"May 16, 02:00 am",0,0,1,0.0509593,1,0
"May 16, 03:00 am",0,0,1,0.0509433,1,0
"May 16, 04:00 am",0,0,1,0.0508473,1,0
"May 16, 05:00 am",0,0,1,0.0510233,1,0
"May 16, 06:00 am",0,0,1,0.0509913,1,0
"May 16, 07:00 am",0,0,1,0.0509433,1,0
"May 16, 08:00 am",0,0,1,0.0510713,1,429
"May 16, 09:00 am",0,0,1,0.0510073,1,704.7
"May 16, 10:00 am",2866.59,4.56853,1,0.0508747,1,799.1
"May 16, 11:00 am",2866.59,3.7471,1,0.0505823,1,843.2
"May 16, 12:00 pm",2866.59,3.31509,1,0.0503405,1,864.7
"May 16, 01:00 pm",2537.16,0.402674,1,0.0500035,1,8.7
"May 16, 02:00 pm",2599.65,2.70797,1,0.0499463,1,860.6
"May 16, 03:00 pm",376.676,0.392371,1,0.0499871,1,8.3
"May 16, 04:00 pm",229.56,0.239125,1,0.0501251,1,7.6
"May 16, 05:00 pm",0,0,1,0.0503411,1,571.7
"May 16, 06:00 pm",0,0,1,0.0505218,1,0
"May 16, 07:00 pm",0,0,1,0.0507664,1,0
"May 16, 08:00 pm",0,0,1,0.050931,1,0
"May 16, 09:00 pm",0,0,1,0.0511115,1,0
"May 16, 10:00 pm",0,0,1,0.0511801,1,0
"May 16, 11:00 pm",0,0,1,0.0511388,1,0
"May 17, 12:00 am",0,0,1,0.0512633,1,0
"May 17, 01:00 am",0,0,1,0.0511513,1,0
"May 17, 02:00 am",0,0,1,0.0511513,1,0
"May 17, 03:00 am",0,0,1,0.0511513,1,0
"May 17, 04:00 am",0,0,1,0.0511673,1,0
"May 17, 05:00 am",0,0,1,0.0513113,1,0
"May 17, 06:00 am",0,0,1,0.0513433,1,0
"May 17, 07:00 am",0,0,1,0.0515353,1,0
"May 17, 08:00 am",0,0,1,0.0514393,1,4.7
"May 17, 09:00 am",0,0,1,0.0509433,1,7.5
"May 17, 10:00 am",477.725,1.68989,1,0.0505815,1,838.1
"May 17, 11:00 am",2866.59,3.83431,1,0.0504564,1,878.3
"May 17, 12:00 pm",1999.2,0.403337,1,0.0503143,1,8.9
"May 17, 01:00 pm",230.612,0.240221,1,0.0501776,1,9
"May 17, 02:00 pm",0,0,1,0.050202,1,8.8
"May 17, 03:00 pm",0,0,1,0.0503544,1,8.4
"May 17, 04:00 pm",0,0,1,0.0505544,1,7.8
"May 17, 05:00 pm",0,0,1,0.0506776,1,584.9
"May 17, 06:00 pm",0,0,1,0.050719,1,0
"May 17, 07:00 pm",0,0,1,0.0507883,1,0
"May 17, 08:00 pm",0,0,1,0.0508473,1,0
"May 17, 09:00 pm",0,0,1,0.0509593,1,0
"May 17, 10:00 pm",0,0,1,0.0510393,1,0
"May 17, 11:00 pm",0,0,1,0.0510713,1,0
"May 18, 12:00 am",0,0,1,0.0512153,1,0
"May 18, 01:00 am",0,0,1,0.0512633,1,0
"May 18, 02:00 am",0,0,1,0.0512313,1,0
"May 18, 03:00 am",0,0,1,0.0511833,1,0
"May 18, 04:00 am",0,0,1,0.0513273,1,0
"May 18, 05:00 am",0,0,1,0.0513273,1,0
"May 18, 06:00 am",0,0,1,0.0513753,1,0
"May 18, 07:00 am",0,0,1,0.0514393,1,0
"May 18, 08:00 am",0,0,1,0.0513113,1,0
"May 18, 09:00 am",0,0,1,0.0507513,1,7.3
"May 18, 10:00 am",477.725,1.49377,1,0.0504435,1,819.7
"May 18, 11:00 am",2866.59,3.70295,1,0.0502823,1,861.9
"May 18, 12:00 pm",2866.59,3.3232,1,0.0501658,1,880.2
"May 18, 01:00 pm",2029.9,0.402881,1,0.0501167,1,8.8
"May 18, 02:00 pm",231.06,0.240687,1,0.0501417,1,8.7
"May 18, 03:00 pm",0,0,1,0.0502462,1,8.4
"May 18, 04:00 pm",0,0,1,0.0504804,1,7.6
"May 18, 05:00 pm",0,0,1,0.0506329,1,576.1
"May 18, 06:00 pm",0,0,1,0.0507175,1,0
"May 18, 07:00 pm",0,0,1,0.0508181,1,0
"May 18, 08:00 pm",0,0,1,0.0509027,1,0
"May 18, 09:00 pm",0,0,1,0.0510402,1,0
"May 18, 10:00 pm",0,0,1,0.0511833,1,0
"May 18, 11:00 pm",0,0,1,0.0512633,1,0
"May 19, 12:00 am",0,0,1,0.0514073,1,0
"May 19, 01:00 am",0,0,1,0.0514233,1,0
"May 19, 02:00 am",0,0,1,0.0514393,1,0
"May 19, 03:00 am",0,0,1,0.0515193,1,0
"May 19, 04:00 am",0,0,1,0.0516633,1,0
"May 19, 05:00 am",0,0,1,0.0517273,1,0
"May 19, 06:00 am",0,0,1,0.0517593,1,0
"May 19, 07:00 am",0,0,1,0.0518233,1,0
"May 19, 08:00 am",0,0,1,0.0519513,1,0
"May 19, 09:00 am",0,0,1,0.0516473,1,7.3
"May 19, 10:00 am",0,0,1,0.0512153,1,8.2
"May 19, 11:00 am",0,0,1,0.0508953,1,8.6
"May 19, 12:00 pm",0,0,1,0.0507513,1,8.8
"May 19, 01:00 pm",0,0,1,0.0506874,1,8.9
"May 19, 02:00 pm",0,0,1,0.0506714,1,8.7
"May 19, 03:00 pm",0,0,1,0.0507673,1,8.4
"May 19, 04:00 pm",0,0,1,0.0509913,1,7.6
"May 19, 05:00 pm",0,0,1,0.0512153,1,568.4
"May 19, 06:00 pm",0,0,1,0.0512633,1,0
"May 19, 07:00 pm",0,0,1,0.0512153,1,0
"May 19, 08:00 pm",0,0,1,0.0512633,1,0
"May 19, 09:00 pm",0,0,1,0.0512793,1,0
"May 19, 10:00 pm",0,0,1,0.0512953,1,0
"May 19, 11:00 pm",0,0,1,0.0512953,1,0
"May 20, 12:00 am",0,0,1,0.0513273,1,0
"May 20, 01:00 am",0,0,1,0.0513433,1,0
"May 20, 02:00 am",0,0,1,0.0513433,1,0
"May 20, 03:00 am",0,0,1,0.0512793,1,0
"May 20, 04:00 am",0,0,1,0.0512473,1,0
"May 20, 05:00 am",0,0,1,0.0513273,1,0
"May 20, 06:00 am",0,0,1,0.0513753,1,0
"May 20, 07:00 am",0,0,1,0.0514393,1,0
"May 20, 08:00 am",0,0,1,0.0512153,1,0
"May 20, 09:00 am",0,0,1,0.0509593,1,7
"May 20, 10:00 am",0,0,1,0.0506553,1,7.9
"May 20, 11:00 am",0,0,1,0.0503674,1,8.4
"May 20, 12:00 pm",0,0,1,0.0502554,1,8.5
"May 20, 01:00 pm",0,0,1,0.0503354,1,8.6
"May 20, 02:00 pm",0,0,1,0.0503994,1,8.4
"May 20, 03:00 pm",0,0,1,0.0504314,1,8.1
"May 20, 04:00 pm",0,0,1,0.0505753,1,7.3
"May 20, 05:00 pm",0,0,1,0.0506874,1,5.3
"May 20, 06:00 pm",0,0,1,0.0508314,1,0
"May 20, 07:00 pm",0,0,1,0.0509273,1,0
"May 20, 08:00 pm",0,0,1,0.0510553,1,0
"May 20, 09:00 pm",0,0,1,0.0511353,1,0
"May 20, 10:00 pm",0,0,1,0.0512153,1,0
"May 20, 11:00 pm",0,0,1,0.0513113,1,0
"May 21, 12:00 am",0,0,1,0.0513753,1,0
"May 21, 01:00 am",0,0,1,0.0514553,1,0
"May 21, 02:00 am",0,0,1,0.0515193,1,0
"May 21, 03:00 am",0,0,1,0.0516153,1,0
"May 21, 04:00 am",0,0,1,0.0516153,1,0
"May 21, 05:00 am",0,0,1,0.0517273,1,0
"May 21, 06:00 am",0,0,1,0.0518073,1,0
"May 21, 07:00 am",0,0,1,0.0518873,1,0
"May 21, 08:00 am",0,0,1,0.0515673,1,0
"May 21, 09:00 am",0,0,1,0.0511993,1,6.8
"May 21, 10:00 am",0,0,1,0.0506393,1,7.8
"May 21, 11:00 am",0,0,1,0.0501594,1,8.2
"May 21, 12:00 pm",0,0,1,0.0497754,1,8.4
"May 21, 01:00 pm",0,0,1,0.0495994,1,8.5
"May 21, 02:00 pm",0,0,1,0.0496474,1,8.3
"May 21, 03:00 pm",0,0,1,0.0497594,1,8
"May 21, 04:00 pm",0,0,1,0.0499674,1,720.3
"May 21, 05:00 pm",0,0,1,0.0501754,1,521.3
"May 21, 06:00 pm",0,0,1,0.0504154,1,0
"May 21, 07:00 pm",0,0,1,0.0505274,1,0
"May 21, 08:00 pm",0,0,1,0.0506874,1,0
"May 21, 09:00 pm",0,0,1,0.0507833,1,0
"May 21, 10:00 pm",0,0,1,0.0508633,1,0
"May 21, 11:00 pm",0,0,1,0.0509433,1,0
"May 22, 12:00 am",0,0,1,0.0510393,1,0
"May 22, 01:00 am",0,0,1,0.0510873,1,0
"May 22, 02:00 am",0,0,1,0.0511353,1,0
"May 22, 03:00 am",0,0,1,0.0511993,1,0
"May 22, 04:00 am",0,0,1,0.0512793,1,0
"May 22, 05:00 am",0,0,1,0.0513913,1,0
"May 22, 06:00 am",0,0,1,0.0514073,1,0
"May 22, 07:00 am",0,0,1,0.0515193,1,0
"May 22, 08:00 am",0,0,1,0.0512953,1,0
"May 22, 09:00 am",0,0,1,0.0507513,1,6.9
"May 22, 10:00 am",0,0,1,0.0502394,1,7.9
"May 22, 11:00 am",0,0,1,0.0499194,1,8.3
"May 22, 12:00 pm",0,0,1,0.0495834,1,8.5
"May 22, 01:00 pm",0,0,1,0.0495194,1,8.5
"May 22, 02:00 pm",0,0,1,0.0493754,1,8.4
"May 22, 03:00 pm",0,0,1,0.0493914,1,8.1
"May 22, 04:00 pm",0,0,1,0.0496314,1,7.3
"May 22, 05:00 pm",0,0,1,0.0498074,1,5.3
"May 22, 06:00 pm",0,0,1,0.0500154,1,0
"May 22, 07:00 pm",0,0,1,0.0501114,1,0
"May 22, 08:00 pm",0,0,1,0.0502234,1,0
"May 22, 09:00 pm",0,0,1,0.0503354,1,0
"May 22, 10:00 pm",0,0,1,0.0503514,1,0
"May 22, 11:00 pm",0,0,1,0.0503514,1,0
"May 23, 12:00 am",0,0,1,0.0504634,1,0
"May 23, 01:00 am",0,0,1,0.0505114,1,0
"May 23, 02:00 am",0,0,1,0.0505594,1,0
"May 23, 03:00 am",0,0,1,0.0505753,1,0
"May 23, 04:00 am",0,0,1,0.0505913,1,0
"May 23, 05:00 am",0,0,1,0.0506233,1,0
"May 23, 06:00 am",0,0,1,0.0507034,1,0
"May 23, 07:00 am",0,0,1,0.0507354,1,0
"May 23, 08:00 am",0,0,1,0.0505274,1,0
"May 23, 09:00 am",0,0,1,0.0500154,1,6.8
"May 23, 10:00 am",0,0,1,0.0498074,1,7.8
"May 23, 11:00 am",0,0,1,0.0496634,1,8.2
"May 23, 12:00 pm",0,0,1,0.0495034,1,8.4
"May 23, 01:00 pm",0,0,1,0.0495514,1,8.4
"May 23, 02:00 pm",0,0,1,0.0495034,1,8.3
"May 23, 03:00 pm",0,0,1,0.0494714,1,7.9
"May 23, 04:00 pm",0,0,1,0.0495994,1,7.1
"May 23, 05:00 pm",0,0,1,0.0496954,1,514
"May 23, 06:00 pm",0,0,1,0.0498554,1,0
"May 23, 07:00 pm",0,0,1,0.0499514,1,0
"May 23, 08:00 pm",0,0,1,0.0500954,1,0
"May 23, 09:00 pm",0,0,1,0.0501594,1,0
"May 23, 10:00 pm",0,0,1,0.0502074,1,0
"May 23, 11:00 pm",0,0,1,0.0502554,1,0
"May 24, 12:00 am",0,0,1,0.0505114,1,0
"May 24, 01:00 am",0,0,1,0.0503194,1,0
"May 24, 02:00 am",0,0,1,0.0503034,1,0
"May 24, 03:00 am",0,0,1,0.0503194,1,0
"May 24, 04:00 am",0,0,1,0.0504314,1,0
"May 24, 05:00 am",0,0,1,0.0505274,1,0
"May 24, 06:00 am",0,0,1,0.0505753,1,0
"May 24, 07:00 am",0,0,1,0.0506874,1,0
"May 24, 08:00 am",0,0,1,0.0507833,1,0
"May 24, 09:00 am",0,0,1,0.0507513,1,6.9
"May 24, 10:00 am",0,0,1,0.0503514,1,7.8
"May 24, 11:00 am",0,0,1,0.0501114,1,8.3
"May 24, 12:00 pm",0,0,1,0.0498874,1,8.5
"May 24, 01:00 pm",0,0,1,0.0499194,1,8.5
"May 24, 02:00 pm",0,0,1,0.0499194,1,8.4
"May 24, 03:00 pm",0,0,1,0.0500954,1,8.1
"May 24, 04:00 pm",0,0,1,0.0503354,1,7.4
"May 24, 05:00 pm",0,0,1,0.0504474,1,5.3
"May 24, 06:00 pm",0,0,1,0.0505913,1,0
"May 24, 07:00 pm",0,0,1,0.0506714,1,0
"May 24, 08:00 pm",0,0,1,0.0507993,1,0
"May 24, 09:00 pm",0,0,1,0.0508473,1,0
"May 24, 10:00 pm",0,0,1,0.0508633,1,0
"May 24, 11:00 pm",0,0,1,0.0508793,1,0
"May 25, 12:00 am",0,0,1,0.0509433,1,0
"May 25, 01:00 am",0,0,1,0.0508314,1,0
"May 25, 02:00 am",0,0,1,0.0508153,1,0
"May 25, 03:00 am",0,0,1,0.0507513,1,0
"May 25, 04:00 am",0,0,1,0.0507194,1,0
"May 25, 05:00 am",0,0,1,0.0508953,1,0
"May 25, 06:00 am",0,0,1,0.0510713,1,0
"May 25, 07:00 am",0,0,1,0.0510553,1,0
"May 25, 08:00 am",0,0,1,0.0507034,1,0
"May 25, 09:00 am",0,0,1,0.0503194,1,6.9
"May 25, 10:00 am",0,0,1,0.0500314,1,7.9
"May 25, 11:00 am",0,0,1,0.0496634,1,8.3
"May 25, 12:00 pm",0,0,1,0.0495514,1,8.5
"May 25, 01:00 pm",0,0,1,0.0495994,1,8.5
"May 25, 02:00 pm",0,0,1,0.0496314,1,8.3
"May 25, 03:00 pm",0,0,1,0.0497754,1,7.9
"May 25, 04:00 pm",0,0,1,0.0499674,1,7.1
"May 25, 05:00 pm",0,0,1,0.0501434,1,5.1
"May 25, 06:00 pm",0,0,1,0.0503034,1,0
"May 25, 07:00 pm",0,0,1,0.0503834,1,0
"May 25, 08:00 pm",0,0,1,0.0505594,1,0
"May 25, 09:00 pm",0,0,1,0.0505913,1,0
"May 25, 10:00 pm",0,0,1,0.0505913,1,0
"May 25, 11:00 pm",0,0,1,0.0506233,1,0
"May 26, 12:00 am",0,0,1,0.0506233,1,0
"May 26, 01:00 am",0,0,1,0.0506233,1,0
"May 26, 02:00 am",0,0,1,0.0506073,1,0
"May 26, 03:00 am",0,0,1,0.0505913,1,0
"May 26, 04:00 am",0,0,1,0.0505434,1,0
"May 26, 05:00 am",0,0,1,0.0508153,1,0
"May 26, 06:00 am",0,0,1,0.0509433,1,0
"May 26, 07:00 am",0,0,1,0.0509753,1,0
"May 26, 08:00 am",0,0,1,0.0508793,1,0
"May 26, 09:00 am",0,0,1,0.0506553,1,6.7
"May 26, 10:00 am",0,0,1,0.0503994,1,7.7
"May 26, 11:00 am",0,0,1,0.0502714,1,8.2
"May 26, 12:00 pm",0,0,1,0.0501434,1,8.4
"May 26, 01:00 pm",0,0,1,0.0500794,1,8.4
"May 26, 02:00 pm",0,0,1,0.0500634,1,8.3
"May 26, 03:00 pm",0,0,1,0.0500474,1,8
"May 26, 04:00 pm",0,0,1,0.0502074,1,7.2
"May 26, 05:00 pm",0,0,1,0.0503514,1,5.1
"May 26, 06:00 pm",0,0,1,0.0505594,1,0
"May 26, 07:00 pm",0,0,1,0.0506553,1,0
"May 26, 08:00 pm",0,0,1,0.0507833,1,0
"May 26, 09:00 pm",0,0,1,0.0508633,1,0
"May 26, 10:00 pm",0,0,1,0.0509273,1,0
"May 26, 11:00 pm",0,0,1,0.0509753,1,0
"May 27, 12:00 am",0,0,1,0.0509913,1,0
"May 27, 01:00 am",0,0,1,0.0510073,1,0
"May 27, 02:00 am",0,0,1,0.0510073,1,0
"May 27, 03:00 am",0,0,1,0.0509433,1,0
"May 27, 04:00 am",0,0,1,0.0509593,1,0
"May 27, 05:00 am",0,0,1,0.0510073,1,0
"May 27, 06:00 am",0,0,1,0.0511033,1,0
"May 27, 07:00 am",0,0,1,0.0512313,1,0
"May 27, 08:00 am",0,0,1,0.0511673,1,0
"May 27, 09:00 am",0,0,1,0.0507194,1,7
"May 27, 10:00 am",0,0,1,0.0503034,1,8
"May 27, 11:00 am",0,0,1,0.0499034,1,8.5
"May 27, 12:00 pm",0,0,1,0.0495834,1,867.7
"May 27, 01:00 pm",1648.97,1.71768,1,0.0494874,1,868.8
"May 27, 02:00 pm",2772.13,2.88764,1,0.0494714,1,854
"May 27, 03:00 pm",2866.59,3.43442,1,0.0496746,1,817.2
"May 27, 04:00 pm",2012.09,1.72647,1,0.049919,1,738.8
"May 27, 05:00 pm",382.516,0.398454,1,0.05018,1,529.9
"May 27, 06:00 pm",220.748,0.229945,1,0.0503834,1,0
"May 27, 07:00 pm",0,0,1,0.0505594,1,0
"May 27, 08:00 pm",0,0,1,0.0507354,1,0
"May 27, 09:00 pm",0,0,1,0.0508633,1,0
"May 27, 10:00 pm",0,0,1,0.0509753,1,0
"May 27, 11:00 pm",0,0,1,0.0510713,1,0
"May 28, 12:00 am",0,0,1,0.0511673,1,0
"May 28, 01:00 am",0,0,1,0.0512313,1,0
"May 28, 02:00 am",0,0,1,0.0512953,1,0
"May 28, 03:00 am",0,0,1,0.0513273,1,0
"May 28, 04:00 am",0,0,1,0.0514073,1,0
"May 28, 05:00 am",0,0,1,0.0514553,1,0
"May 28, 06:00 am",0,0,1,0.0515513,1,0
"May 28, 07:00 am",0,0,1,0.0516633,1,0
"May 28, 08:00 am",0,0,1,0.0517273,1,0
"May 28, 09:00 am",0,0,1,0.0508953,1,705.7
"May 28, 10:00 am",2866.59,4.40947,1,0.0505035,1,804.9
"May 28, 11:00 am",2866.59,3.52435,1,0.0502023,1,847
"May 28, 12:00 pm",2866.59,3.03457,1,0.0498589,1,864.9
"May 28, 01:00 pm",2866.53,2.75333,1,0.0496301,1,865.9
"May 28, 02:00 pm",2866.53,2.90307,1,0.0496365,1,850.6
"May 28, 03:00 pm",2866.59,3.40696,1,0.0496984,1,814.4
"May 28, 04:00 pm",2866.54,1.69341,1,0.049968,1,736.5
"May 28, 05:00 pm",767.663,0.398505,1,0.050222,1,527.4
"May 28, 06:00 pm",220.632,0.229825,1,0.0504482,1,0
"May 28, 07:00 pm",0,0,1,0.0505489,1,0
"May 28, 08:00 pm",0,0,1,0.0506655,1,0
"May 28, 09:00 pm",0,0,1,0.0507502,1,0
"May 28, 10:00 pm",0,0,1,0.0508348,1,0
"May 28, 11:00 pm",0,0,1,0.0508873,1,0
"May 29, 12:00 am",0,0,1,0.0509285,1,0
"May 29, 01:00 am",0,0,1,0.0509593,1,0
"May 29, 02:00 am",0,0,1,0.0509753,1,0
"May 29, 03:00 am",0,0,1,0.0509913,1,0
"May 29, 04:00 am",0,0,1,0.0511833,1,0
"May 29, 05:00 am",0,0,1,0.0512793,1,0
"May 29, 06:00 am",0,0,1,0.0514073,1,0
"May 29, 07:00 am",0,0,1,0.0515513,1,0
"May 29, 08:00 am",0,0,1,0.0512953,1,0
"May 29, 09:00 am",0,0,1,0.0508633,1,704.8
"May 29, 10:00 am",2866.59,4.41031,1,0.0505018,1,809.7
"May 29, 11:00 am",2866.59,3.54999,1,0.050281,1,856.5
"May 29, 12:00 pm",2866.59,3.04537,1,0.0500678,1,872.5
"May 29, 01:00 pm",2866.53,2.75528,1,0.0499675,1,871.8
"May 29, 02:00 pm",2866.53,2.90207,1,0.049958,1,855.4
"May 29, 03:00 pm",2866.59,3.40504,1,0.0500198,1,817.6
"May 29, 04:00 pm",2866.54,1.67249,1,0.0501936,1,737.9
"May 29, 05:00 pm",778.939,0.398446,1,0.0503999,1,524
"May 29, 06:00 pm",220.389,0.229572,1,0.0505458,1,0
"May 29, 07:00 pm",0,0,1,0.0506305,1,0
"May 29, 08:00 pm",0,0,1,0.0507311,1,0
"May 29, 09:00 pm",0,0,1,0.0507838,1,0
"May 29, 10:00 pm",0,0,1,0.0508204,1,0
"May 29, 11:00 pm",0,0,1,0.050857,1,0
"May 30, 12:00 am",0,0,1,0.0508493,1,0
"May 30, 01:00 am",0,0,1,0.0508473,1,0
"May 30, 02:00 am",0,0,1,0.0508473,1,0
"May 30, 03:00 am",0,0,1,0.0508633,1,0
"May 30, 04:00 am",0,0,1,0.0509113,1,0
"May 30, 05:00 am",0,0,1,0.0510553,1,0
"May 30, 06:00 am",0,0,1,0.0512313,1,0
"May 30, 07:00 am",0,0,1,0.0514553,1,0
"May 30, 08:00 am",0,0,1,0.0512473,1,0
"May 30, 09:00 am",0,0,1,0.0507833,1,691.9
"May 30, 10:00 am",2866.59,4.27735,1,0.0504699,1,801.2
"May 30, 11:00 am",2866.59,3.51847,1,0.0502364,1,852
"May 30, 12:00 pm",2866.59,3.01959,1,0.0499412,1,870.3
"May 30, 01:00 pm",2866.53,2.73624,1,0.0497911,1,871.4
"May 30, 02:00 pm",2866.53,2.88987,1,0.0496842,1,856.7
"May 30, 03:00 pm",2866.59,3.40425,1,0.0497621,1,820.7
"May 30, 04:00 pm",2866.55,1.66328,1,0.0500044,1,742.4
"May 30, 05:00 pm",588.152,0.398739,1,0.0501737,1,530.4
"May 30, 06:00 pm",221.022,0.230231,1,0.0503918,1,0
"May 30, 07:00 pm",0,0,1,0.0504765,1,0
"May 30, 08:00 pm",0,0,1,0.0506252,1,0
"May 30, 09:00 pm",0,0,1,0.0507419,1,0
"May 30, 10:00 pm",0,0,1,0.0508265,1,0
"May 30, 11:00 pm",0,0,1,0.0509141,1,0
"May 31, 12:00 am",0,0,1,0.0510393,1,0
"May 31, 01:00 am",0,0,1,0.0510873,1,0
"May 31, 02:00 am",0,0,1,0.0511513,1,0
"May 31, 03:00 am",0,0,1,0.0511993,1,0
"May 31, 04:00 am",0,0,1,0.0512473,1,0
"May 31, 05:00 am",0,0,1,0.0513913,1,0
"May 31, 06:00 am",0,0,1,0.0514553,1,0
"May 31, 07:00 am",0,0,1,0.0515353,1,0
"May 31, 08:00 am",0,0,1,0.0513913,1,0
"May 31, 09:00 am",0,0,1,0.0507833,1,6.8
"May 31, 10:00 am",477.725,1.42274,1,0.0503461,1,791.3
"May 31, 11:00 am",1180.49,0.451069,1,0.0501255,1,8.4
"May 31, 12:00 pm",218.883,0.228003,1,0.0499012,1,8.6
"May 31, 01:00 pm",0,0,1,0.0499049,1,8.6
"May 31, 02:00 pm",0,0,1,0.0498918,1,8.4
"May 31, 03:00 pm",0,0,1,0.0500154,1,8.1
"May 31, 04:00 pm",0,0,1,0.0502074,1,7.3
"May 31, 05:00 pm",0,0,1,0.0503834,1,512.9
"May 31, 06:00 pm",0,0,1,0.0504954,1,0
"May 31, 07:00 pm",0,0,1,0.0506393,1,0
"May 31, 08:00 pm",0,0,1,0.0507513,1,0
"May 31, 09:00 pm",0,0,1,0.0508793,1,0
"May 31, 10:00 pm",0,0,1,0.0509593,1,0
"May 31, 11:00 pm",0,0,1,0.0508314,1,0
"Jun 1, 12:00 am",0,0,1,0.0519993,1,0
"Jun 1, 01:00 am",0,0,1,0.0518553,1,0
"Jun 1, 02:00 am",0,0,1,0.0516793,1,0
"Jun 1, 03:00 am",0,0,1,0.0515193,1,0
"Jun 1, 04:00 am",0,0,1,0.0514073,1,0
"Jun 1, 05:00 am",0,0,1,0.0513273,1,0
"Jun 1, 06:00 am",0,0,1,0.0511833,1,0
"Jun 1, 07:00 am",0,0,1,0.0510393,1,0
"Jun 1, 08:00 am",0,0,1,0.0508473,1,0
"Jun 1, 09:00 am",0,0,1,0.0503994,1,681.5
"Jun 1, 10:00 am",2388.78,3.25664,1,0.0500302,1,789.5
"Jun 1, 11:00 am",2866.59,3.43561,1,0.0496949,1,837.3
"Jun 1, 12:00 pm",2866.52,2.94185,1,0.0493729,1,858.6
"Jun 1, 01:00 pm",2866.53,2.66955,1,0.0490897,1,862.1
"Jun 1, 02:00 pm",2866.54,2.82848,1,0.0488963,1,849.5
"Jun 1, 03:00 pm",2866.59,3.33883,1,0.0490127,1,814
"Jun 1, 04:00 pm",2277.09,1.60986,1,0.0493303,1,736
"Jun 1, 05:00 pm",383.238,0.399206,1,0.0497048,1,521.2
"Jun 1, 06:00 pm",221.667,0.230903,1,0.0501257,1,0
"Jun 1, 07:00 pm",0,0,1,0.0503717,1,0
"Jun 1, 08:00 pm",0,0,1,0.0505753,1,0
"Jun 1, 09:00 pm",0,0,1,0.0507354,1,0
"Jun 1, 10:00 pm",0,0,1,0.0509113,1,0
"Jun 1, 11:00 pm",0,0,1,0.0510393,1,0
"Jun 2, 12:00 am",0,0,1,0.0511513,1,0
"Jun 2, 01:00 am",0,0,1,0.0512953,1,0
"Jun 2, 02:00 am",0,0,1,0.0514393,1,0
"Jun 2, 03:00 am",0,0,1,0.0515513,1,0
"Jun 2, 04:00 am",0,0,1,0.0516633,1,0
"Jun 2, 05:00 am",0,0,1,0.0517753,1,0
"Jun 2, 06:00 am",0,0,1,0.0519833,1,0
"Jun 2, 07:00 am",0,0,1,0.0517433,1,0
"Jun 2, 08:00 am",0,0,1,0.0513593,1,0
"Jun 2, 09:00 am",0,0,1,0.0508473,1,688.1
"Jun 2, 10:00 am",2866.59,4.1434,1,0.0503586,1,794.9
"Jun 2, 11:00 am",2866.59,3.43272,1,0.0498217,1,841.7
"Jun 2, 12:00 pm",2866.53,2.94472,1,0.0493605,1,862.3
"Jun 2, 01:00 pm",2866.53,2.66514,1,0.048953,1,865.4
"Jun 2, 02:00 pm",2866.55,2.82319,1,0.0486455,1,852.1
"Jun 2, 03:00 pm",2866.59,3.33765,1,0.0487888,1,816.7
"Jun 2, 04:00 pm",2585.1,1.59946,1,0.0491637,1,738.8
"Jun 2, 05:00 pm",383.298,0.399269,1,0.0496112,1,523.1
"Jun 2, 06:00 pm",221.685,0.230922,1,0.049904,1,0
"Jun 2, 07:00 pm",0,0,1,0.0501488,1,0
"Jun 2, 08:00 pm",0,0,1,0.0503616,1,0
"Jun 2, 09:00 pm",0,0,1,0.0505777,1,0
"Jun 2, 10:00 pm",0,0,1,0.0507993,1,0
"Jun 2, 11:00 pm",0,0,1,0.0509273,1,0
"Jun 3, 12:00 am",0,0,1,0.0511033,1,0
"Jun 3, 01:00 am",0,0,1,0.0512473,1,0
"Jun 3, 02:00 am",0,0,1,0.0514073,1,0
"Jun 3, 03:00 am",0,0,1,0.0515513,1,0
"Jun 3, 04:00 am",0,0,1,0.0517113,1,0
"Jun 3, 05:00 am",0,0,1,0.0518873,1,0
"Jun 3, 06:00 am",0,0,1,0.0520313,1,0
"Jun 3, 07:00 am",0,0,1,0.0517593,1,0
"Jun 3, 08:00 am",0,0,1,0.0514233,1,0
"Jun 3, 09:00 am",0,0,1,0.0508473,1,6.9
"Jun 3, 10:00 am",0,0,1,0.0502874,1,8
"Jun 3, 11:00 am",0,0,1,0.0497914,1,8.5
"Jun 3, 12:00 pm",0,0,1,0.0494234,1,8.7
"Jun 3, 01:00 pm",0,0,1,0.0491514,1,8.7
"Jun 3, 02:00 pm",0,0,1,0.0492314,1,8.5
"Jun 3, 03:00 pm",0,0,1,0.0493914,1,8.2
"Jun 3, 04:00 pm",0,0,1,0.0496954,1,7.4
"Jun 3, 05:00 pm",0,0,1,0.0500634,1,517.8
"Jun 3, 06:00 pm",0,0,1,0.0503994,1,0
"Jun 3, 07:00 pm",0,0,1,0.0505913,1,0
"Jun 3, 08:00 pm",0,0,1,0.0507513,1,0
"Jun 3, 09:00 pm",0,0,1,0.0508793,1,0
"Jun 3, 10:00 pm",0,0,1,0.0509753,1,0
"Jun 3, 11:00 pm",0,0,1,0.0510073,1,0
"Jun 4, 12:00 am",0,0,1,0.0510553,1,0
"Jun 4, 01:00 am",0,0,1,0.0511033,1,0
"Jun 4, 02:00 am",0,0,1,0.0511513,1,0
"Jun 4, 03:00 am",0,0,1,0.0511993,1,0
"Jun 4, 04:00 am",0,0,1,0.0513433,1,0
"Jun 4, 05:00 am",0,0,1,0.0515353,1,0
"Jun 4, 06:00 am",0,0,1,0.0516633,1,0
"Jun 4, 07:00 am",0,0,1,0.0517593,1,0
"Jun 4, 08:00 am",0,0,1,0.0514553,1,0
"Jun 4, 09:00 am",0,0,1,0.0510073,1,692
"Jun 4, 10:00 am",2388.78,2.63082,1,0.0505754,1,801
"Jun 4, 11:00 am",2866.59,3.42932,1,0.0500569,1,849
"Jun 4, 12:00 pm",2866.54,2.93854,1,0.0496886,1,869.5
"Jun 4, 01:00 pm",2866.54,2.65489,1,0.0493471,1,872.3
"Jun 4, 02:00 pm",2703.76,2.81642,1,0.049155,1,858.8
"Jun 4, 03:00 pm",2866.59,3.33144,1,0.0492979,1,822.6
"Jun 4, 04:00 pm",1893.89,1.57664,1,0.0496233,1,743.4
"Jun 4, 05:00 pm",382.996,0.398955,1,0.0499087,1,525.7
"Jun 4, 06:00 pm",220.644,0.229838,1,0.0502074,1,0
"Jun 4, 07:00 pm",0,0,1,0.0504154,1,0
"Jun 4, 08:00 pm",0,0,1,0.0506233,1,0
"Jun 4, 09:00 pm",0,0,1,0.0508314,1,0
"Jun 4, 10:00 pm",0,0,1,0.0510553,1,0
"Jun 4, 11:00 pm",0,0,1,0.0512153,1,0
"Jun 5, 12:00 am",0,0,1,0.0513433,1,0
"Jun 5, 01:00 am",0,0,1,0.0514873,1,0
"Jun 5, 02:00 am",0,0,1,0.0516313,1,0
"Jun 5, 03:00 am",0,0,1,0.0517273,1,0
"Jun 5, 04:00 am",0,0,1,0.0518553,1,0
"Jun 5, 05:00 am",0,0,1,0.0519513,1,0
"Jun 5, 06:00 am",0,0,1,0.0520953,1,0
"Jun 5, 07:00 am",0,0,1,0.0518073,1,0
"Jun 5, 08:00 am",0,0,1,0.0514393,1,0
"Jun 5, 09:00 am",0,0,1,0.0507993,1,738.9
"Jun 5, 10:00 am",2866.59,4.49779,1,0.0503161,1,845.9
"Jun 5, 11:00 am",2866.59,3.61395,1,0.0499429,1,891.8
"Jun 5, 12:00 pm",2866.59,3.08041,1,0.0495112,1,911.4
"Jun 5, 01:00 pm",2866.53,2.77922,1,0.0491895,1,914.4
"Jun 5, 02:00 pm",2866.53,2.95271,1,0.0489582,1,901.9
"Jun 5, 03:00 pm",2866.59,3.51433,1,0.0490756,1,866.6
"Jun 5, 04:00 pm",2866.54,1.67881,1,0.0493852,1,789.5
"Jun 5, 05:00 pm",1100.83,0.39929,1,0.0498932,1,573.8
"Jun 5, 06:00 pm",221.792,0.231033,1,0.0502662,1,0
"Jun 5, 07:00 pm",0,0,1,0.0505684,1,0
"Jun 5, 08:00 pm",0,0,1,0.0507651,1,0
"Jun 5, 09:00 pm",0,0,1,0.0509617,1,0
"Jun 5, 10:00 pm",0,0,1,0.0511262,1,0
"Jun 5, 11:00 pm",0,0,1,0.0512747,1,0
"Jun 6, 12:00 am",0,0,1,0.0514072,1,0
"Jun 6, 01:00 am",0,0,1,0.0515404,1,0
"Jun 6, 02:00 am",0,0,1,0.0516793,1,0
"Jun 6, 03:00 am",0,0,1,0.0517913,1,0
"Jun 6, 04:00 am",0,0,1,0.0519193,1,0
"Jun 6, 05:00 am",0,0,1,0.0521273,1,0
"Jun 6, 06:00 am",0,0,1,0.0522713,1,0
"Jun 6, 07:00 am",0,0,1,0.0520473,1,0
"Jun 6, 08:00 am",0,0,1,0.0516953,1,0
"Jun 6, 09:00 am",0,0,1,0.0511833,1,713
"Jun 6, 10:00 am",2866.59,4.24974,1,0.0506856,1,820
"Jun 6, 11:00 am",2866.59,3.49299,1,0.0502522,1,865.5
"Jun 6, 12:00 pm",1814.94,0.402989,1,0.0499072,1,8.8
"Jun 6, 01:00 pm",230.71,0.240323,1,0.049623,1,8.8
"Jun 6, 02:00 pm",0,0,1,0.0496332,1,8.7
"Jun 6, 03:00 pm",0,0,1,0.0497372,1,8.3
"Jun 6, 04:00 pm",138.875,0.144662,1,0.0501101,1,749.7
"Jun 6, 05:00 pm",180.531,0.188053,1,0.0505148,1,528.9
"Jun 6, 06:00 pm",0,0,1,0.0507435,1,0
"Jun 6, 07:00 pm",0,0,1,0.0509126,1,0
"Jun 6, 08:00 pm",0,0,1,0.0510553,1,0
"Jun 6, 09:00 pm",0,0,1,0.0511673,1,0
"Jun 6, 10:00 pm",0,0,1,0.0512633,1,0
"Jun 6, 11:00 pm",0,0,1,0.0513433,1,0
"Jun 7, 12:00 am",0,0,1,0.0514393,1,0
"Jun 7, 01:00 am",0,0,1,0.0514873,1,0
"Jun 7, 02:00 am",0,0,1,0.0515353,1,0
"Jun 7, 03:00 am",0,0,1,0.0516153,1,0
"Jun 7, 04:00 am",0,0,1,0.0517113,1,0
"Jun 7, 05:00 am",0,0,1,0.0518393,1,0
"Jun 7, 06:00 am",0,0,1,0.0519513,1,0
"Jun 7, 07:00 am",0,0,1,0.0519833,1,0
"Jun 7, 08:00 am",0,0,1,0.0518873,1,0
"Jun 7, 09:00 am",0,0,1,0.0517593,1,6.9
"Jun 7, 10:00 am",0,0,1,0.0514553,1,8
"Jun 7, 11:00 am",0,0,1,0.0511193,1,8.4
"Jun 7, 12:00 pm",0,0,1,0.0509913,1,8.6
"Jun 7, 01:00 pm",0,0,1,0.0508473,1,8.6
"Jun 7, 02:00 pm",0,0,1,0.0508953,1,8.5
"Jun 7, 03:00 pm",0,0,1,0.0509433,1,809.3
"Jun 7, 04:00 pm",1993,2.07604,1,0.0511513,1,727
"Jun 7, 05:00 pm",420.63,0.438156,1,0.0514553,1,503.9
"Jun 7, 06:00 pm",217.987,0.22707,1,0.0515993,1,0
"Jun 7, 07:00 pm",0,0,1,0.0516633,1,0
"Jun 7, 08:00 pm",0,0,1,0.0517753,1,0
"Jun 7, 09:00 pm",0,0,1,0.0518073,1,0
"Jun 7, 10:00 pm",0,0,1,0.0517593,1,0
"Jun 7, 11:00 pm",0,0,1,0.0517593,1,0
"Jun 8, 12:00 am",0,0,1,0.0516953,1,0
"Jun 8, 01:00 am",0,0,1,0.0516953,1,0
"Jun 8, 02:00 am",0,0,1,0.0517113,1,0
"Jun 8, 03:00 am",0,0,1,0.0517433,1,0
"Jun 8, 04:00 am",0,0,1,0.0517913,1,0
"Jun 8, 05:00 am",0,0,1,0.0518553,1,0
"Jun 8, 06:00 am",0,0,1,0.0518873,1,0
"Jun 8, 07:00 am",0,0,1,0.0518233,1,0
"Jun 8, 08:00 am",0,0,1,0.0515513,1,0
"Jun 8, 09:00 am",0,0,1,0.0512793,1,685.2
"Jun 8, 10:00 am",2866.59,3.98244,1,0.0509108,1,798.2
"Jun 8, 11:00 am",2866.59,3.39489,1,0.050545,1,847.4
"Jun 8, 12:00 pm",2866.53,2.88701,1,0.0502573,1,867.1
"Jun 8, 01:00 pm",2866.54,2.59439,1,0.0500508,1,869.3
"Jun 8, 02:00 pm",2866.54,2.7509,1,0.0499631,1,854.6
"Jun 8, 03:00 pm",2866.59,3.25915,1,0.0501181,1,816.6
"Jun 8, 04:00 pm",2104.88,1.51748,1,0.0504934,1,734.5
"Jun 8, 05:00 pm",383.43,0.399406,1,0.0508044,1,512.1
"Jun 8, 06:00 pm",221.362,0.230585,1,0.051033,1,0
"Jun 8, 07:00 pm",0,0,1,0.0512333,1,0
"Jun 8, 08:00 pm",0,0,1,0.0514233,1,0
"Jun 8, 09:00 pm",0,0,1,0.0516153,1,0
"Jun 8, 10:00 pm",0,0,1,0.0517273,1,0
"Jun 8, 11:00 pm",0,0,1,0.0518553,1,0
"Jun 9, 12:00 am",0,0,1,0.0519673,1,0
"Jun 9, 01:00 am",0,0,1,0.0520633,1,0
"Jun 9, 02:00 am",0,0,1,0.0521273,1,0
"Jun 9, 03:00 am",0,0,1,0.0521753,1,0
"Jun 9, 04:00 am",0,0,1,0.0522713,1,0
"Jun 9, 05:00 am",0,0,1,0.0523993,1,0
"Jun 9, 06:00 am",0,0,1,0.0524953,1,0
"Jun 9, 07:00 am",0,0,1,0.0522713,1,0
"Jun 9, 08:00 am",0,0,1,0.0519193,1,0
"Jun 9, 09:00 am",0,0,1,0.0514553,1,688.3
"Jun 9, 10:00 am",2866.59,4.00845,1,0.0509169,1,801.2
"Jun 9, 11:00 am",2866.59,3.40232,1,0.0504126,1,849.8
"Jun 9, 12:00 pm",2866.53,2.89237,1,0.0499975,1,871.1
"Jun 9, 01:00 pm",2866.54,2.60103,1,0.0496249,1,874.7
"Jun 9, 02:00 pm",2866.54,2.76402,1,0.0493706,1,861.6
"Jun 9, 03:00 pm",2866.59,3.29174,1,0.0495413,1,825.8
"Jun 9, 04:00 pm",2193.67,1.53419,1,0.0499349,1,746.1
"Jun 9, 05:00 pm",383.344,0.399317,1,0.0502162,1,526.9
"Jun 9, 06:00 pm",221.584,0.230817,1,0.0505249,1,0
"Jun 9, 07:00 pm",0,0,1,0.0507233,1,0
"Jun 9, 08:00 pm",0,0,1,0.0509433,1,0
"Jun 9, 09:00 pm",0,0,1,0.0512153,1,0
"Jun 9, 10:00 pm",0,0,1,0.0514233,1,0
"Jun 9, 11:00 pm",0,0,1,0.0515673,1,0
"Jun 10, 12:00 am",0,0,1,0.0517273,1,0
"Jun 10, 01:00 am",0,0,1,0.0518233,1,0
"Jun 10, 02:00 am",0,0,1,0.0519033,1,0
"Jun 10, 03:00 am",0,0,1,0.0519833,1,0
"Jun 10, 04:00 am",0,0,1,0.0520953,1,0
"Jun 10, 05:00 am",0,0,1,0.0521913,1,0
"Jun 10, 06:00 am",0,0,1,0.0522873,1,0
"Jun 10, 07:00 am",0,0,1,0.0520313,1,0
"Jun 10, 08:00 am",0,0,1,0.0516953,1,0
"Jun 10, 09:00 am",0,0,1,0.0512473,1,690.9
"Jun 10, 10:00 am",2866.59,4.02103,1,0.0507439,1,805.2
"Jun 10, 11:00 am",2866.59,3.42076,1,0.0502116,1,855.1
"Jun 10, 12:00 pm",2866.53,2.89993,1,0.0497821,1,875.5
"Jun 10, 01:00 pm",2866.53,2.60385,1,0.0494224,1,878.5
"Jun 10, 02:00 pm",2866.54,2.76501,1,0.0491796,1,864.8
"Jun 10, 03:00 pm",2866.59,3.292,1,0.0493333,1,827.9
"Jun 10, 04:00 pm",2225.64,1.53308,1,0.0497439,1,747.1
"Jun 10, 05:00 pm",383.761,0.399751,1,0.0500581,1,525.9
"Jun 10, 06:00 pm",222.217,0.231476,1,0.0503988,1,0
"Jun 10, 07:00 pm",0,0,1,0.0506123,1,0
"Jun 10, 08:00 pm",0,0,1,0.0508633,1,0
"Jun 10, 09:00 pm",0,0,1,0.0511033,1,0
"Jun 10, 10:00 pm",0,0,1,0.0512633,1,0
"Jun 10, 11:00 pm",0,0,1,0.0513913,1,0
"Jun 11, 12:00 am",0,0,1,0.0515033,1,0
"Jun 11, 01:00 am",0,0,1,0.0516473,1,0
"Jun 11, 02:00 am",0,0,1,0.0517913,1,0
"Jun 11, 03:00 am",0,0,1,0.0519353,1,0
"Jun 11, 04:00 am",0,0,1,0.0520473,1,0
"Jun 11, 05:00 am",0,0,1,0.0522233,1,0
"Jun 11, 06:00 am",0,0,1,0.0523673,1,0
"Jun 11, 07:00 am",0,0,1,0.0520633,1,0
"Jun 11, 08:00 am",0,0,1,0.0516953,1,0
"Jun 11, 09:00 am",0,0,1,0.0510713,1,718.2
"Jun 11, 10:00 am",2866.59,4.2301,1,0.0505026,1,831.5
"Jun 11, 11:00 am",2866.59,3.51391,1,0.0499536,1,879.8
"Jun 11, 12:00 pm",2866.53,2.97861,1,0.0494333,1,900
"Jun 11, 01:00 pm",2866.53,2.67107,1,0.0490752,1,902.9
"Jun 11, 02:00 pm",2866.55,2.83903,1,0.0487942,1,890.2
"Jun 11, 03:00 pm",2866.59,3.38812,1,0.0490157,1,853.2
"Jun 11, 04:00 pm",2808.98,1.59065,1,0.0494783,1,773.3
"Jun 11, 05:00 pm",383.691,0.399678,1,0.0499603,1,552.8
"Jun 11, 06:00 pm",222.195,0.231453,1,0.0503011,1,0
"Jun 11, 07:00 pm",0,0,1,0.0505778,1,0
"Jun 11, 08:00 pm",0,0,1,0.0508384,1,0
"Jun 11, 09:00 pm",0,0,1,0.051083,1,0
"Jun 11, 10:00 pm",0,0,1,0.0512823,1,0
"Jun 11, 11:00 pm",0,0,1,0.0514233,1,0
"Jun 12, 12:00 am",0,0,1,0.0515833,1,0
"Jun 12, 01:00 am",0,0,1,0.0517273,1,0
"Jun 12, 02:00 am",0,0,1,0.0518873,1,0
"Jun 12, 03:00 am",0,0,1,0.0520473,1,0
"Jun 12, 04:00 am",0,0,1,0.0521913,1,0
"Jun 12, 05:00 am",0,0,1,0.0523513,1,0
"Jun 12, 06:00 am",0,0,1,0.0524793,1,0
"Jun 12, 07:00 am",0,0,1,0.0522873,1,0
"Jun 12, 08:00 am",0,0,1,0.0519673,1,0
"Jun 12, 09:00 am",0,0,1,0.0515513,1,722.4
"Jun 12, 10:00 am",2866.59,4.23476,1,0.0510142,1,835.1
"Jun 12, 11:00 am",2866.59,3.51983,1,0.050497,1,883.2
"Jun 12, 12:00 pm",2866.53,2.97529,1,0.0500087,1,901.4
"Jun 12, 01:00 pm",2866.53,2.65949,1,0.0497144,1,902.6
"Jun 12, 02:00 pm",2866.55,2.82099,1,0.0495306,1,888.1
"Jun 12, 03:00 pm",2866.59,3.35094,1,0.0497174,1,846.7
"Jun 12, 04:00 pm",2726.08,1.55853,1,0.0501135,1,761.9
"Jun 12, 05:00 pm",383.471,0.399449,1,0.0505011,1,538
"Jun 12, 06:00 pm",221.729,0.230968,1,0.0507298,1,0
"Jun 12, 07:00 pm",0,0,1,0.0509264,1,0
"Jun 12, 08:00 pm",0,0,1,0.0510749,1,0
"Jun 12, 09:00 pm",0,0,1,0.0511754,1,0
"Jun 12, 10:00 pm",0,0,1,0.0512485,1,0
"Jun 12, 11:00 pm",0,0,1,0.0513593,1,0
"Jun 13, 12:00 am",0,0,1,0.0514713,1,0
"Jun 13, 01:00 am",0,0,1,0.0515673,1,0
"Jun 13, 02:00 am",0,0,1,0.0516793,1,0
"Jun 13, 03:00 am",0,0,1,0.0517433,1,0
"Jun 13, 04:00 am",0,0,1,0.0518073,1,0
"Jun 13, 05:00 am",0,0,1,0.0518873,1,0
"Jun 13, 06:00 am",0,0,1,0.0519673,1,0
"Jun 13, 07:00 am",0,0,1,0.0518233,1,0
"Jun 13, 08:00 am",0,0,1,0.0516313,1,0
"Jun 13, 09:00 am",0,0,1,0.0512473,1,7
"Jun 13, 10:00 am",0,0,1,0.0508793,1,8.1
"Jun 13, 11:00 am",0,0,1,0.0504634,1,8.7
"Jun 13, 12:00 pm",0,0,1,0.0501754,1,885.2
"Jun 13, 01:00 pm",2866.59,2.99785,1,0.0499994,1,886.1
"Jun 13, 02:00 pm",2649.08,2.75946,1,0.0499514,1,870.9
"Jun 13, 03:00 pm",2866.59,3.2622,1,0.0500954,1,828.2
"Jun 13, 04:00 pm",1678.72,1.51133,1,0.0503523,1,742.4
"Jun 13, 05:00 pm",383.258,0.399227,1,0.0507683,1,516.1
"Jun 13, 06:00 pm",220.932,0.230137,1,0.0509753,1,0
"Jun 13, 07:00 pm",0,0,1,0.0511353,1,0
"Jun 13, 08:00 pm",0,0,1,0.0512633,1,0
"Jun 13, 09:00 pm",0,0,1,0.0513753,1,0
"Jun 13, 10:00 pm",0,0,1,0.0514233,1,0
"Jun 13, 11:00 pm",0,0,1,0.0514873,1,0
"Jun 14, 12:00 am",0,0,1,0.0515993,1,0
"Jun 14, 01:00 am",0,0,1,0.0516473,1,0
"Jun 14, 02:00 am",0,0,1,0.0516313,1,0
"Jun 14, 03:00 am",0,0,1,0.0515833,1,0
"Jun 14, 04:00 am",0,0,1,0.0515993,1,0
"Jun 14, 05:00 am",0,0,1,0.0516953,1,0
"Jun 14, 06:00 am",0,0,1,0.0518393,1,0
"Jun 14, 07:00 am",0,0,1,0.0517913,1,0
"Jun 14, 08:00 am",0,0,1,0.0517113,1,0
"Jun 14, 09:00 am",0,0,1,0.0516633,1,6.4
"Jun 14, 10:00 am",0,0,1,0.0514393,1,7.6
"Jun 14, 11:00 am",0,0,1,0.0511673,1,8.1
"Jun 14, 12:00 pm",0,0,1,0.0511033,1,8.3
"Jun 14, 01:00 pm",0,0,1,0.0510713,1,8.3
"Jun 14, 02:00 pm",0,0,1,0.0510393,1,8.2
"Jun 14, 03:00 pm",0,0,1,0.0510713,1,7.8
"Jun 14, 04:00 pm",0,0,1,0.0512313,1,7
"Jun 14, 05:00 pm",0,0,1,0.0513593,1,477.3
"Jun 14, 06:00 pm",0,0,1,0.0515033,1,0
"Jun 14, 07:00 pm",0,0,1,0.0514713,1,0
"Jun 14, 08:00 pm",0,0,1,0.0513433,1,0
"Jun 14, 09:00 pm",0,0,1,0.0512473,1,0
"Jun 14, 10:00 pm",0,0,1,0.0511993,1,0
"Jun 14, 11:00 pm",0,0,1,0.0511833,1,0
"Jun 15, 12:00 am",0,0,1,0.0511673,1,0
"Jun 15, 01:00 am",0,0,1,0.0511833,1,0
"Jun 15, 02:00 am",0,0,1,0.0512473,1,0
"Jun 15, 03:00 am",0,0,1,0.0513273,1,0
"Jun 15, 04:00 am",0,0,1,0.0514233,1,0
"Jun 15, 05:00 am",0,0,1,0.0515513,1,0
"Jun 15, 06:00 am",0,0,1,0.0516633,1,0
"Jun 15, 07:00 am",0,0,1,0.0516793,1,0
"Jun 15, 08:00 am",0,0,1,0.0515193,1,0
"Jun 15, 09:00 am",0,0,1,0.0513753,1,654.6
"Jun 15, 10:00 am",2154.82,2.24461,1,0.0511193,1,777
"Jun 15, 11:00 am",2866.59,3.26203,1,0.0509433,1,831.1
"Jun 15, 12:00 pm",2866.53,2.79954,1,0.0508473,1,855.8
"Jun 15, 01:00 pm",2413.27,2.51383,1,0.0507673,1,862.3
"Jun 15, 02:00 pm",2568.63,2.67566,1,0.0508314,1,851.5
"Jun 15, 03:00 pm",2866.59,3.20389,1,0.0508314,1,817.6
"Jun 15, 04:00 pm",1657.23,1.50494,1,0.0510237,1,740.1
"Jun 15, 05:00 pm",383.369,0.399343,1,0.0512477,1,523.3
"Jun 15, 06:00 pm",221.525,0.230755,1,0.0514553,1,0
"Jun 15, 07:00 pm",0,0,1,0.0515513,1,0
"Jun 15, 08:00 pm",0,0,1,0.0516793,1,0
"Jun 15, 09:00 pm",0,0,1,0.0517113,1,0
"Jun 15, 10:00 pm",0,0,1,0.0517433,1,0
"Jun 15, 11:00 pm",0,0,1,0.0517913,1,0
"Jun 16, 12:00 am",0,0,1,0.0518233,1,0
"Jun 16, 01:00 am",0,0,1,0.0518713,1,0
"Jun 16, 02:00 am",0,0,1,0.0519353,1,0
"Jun 16, 03:00 am",0,0,1,0.0520313,1,0
"Jun 16, 04:00 am",0,0,1,0.0520793,1,0
"Jun 16, 05:00 am",0,0,1,0.0520473,1,0
"Jun 16, 06:00 am",0,0,1,0.0520633,1,0
"Jun 16, 07:00 am",0,0,1,0.0520953,1,0
"Jun 16, 08:00 am",0,0,1,0.0518393,1,0
"Jun 16, 09:00 am",0,0,1,0.0513753,1,6.7
"Jun 16, 10:00 am",0,0,1,0.0508953,1,7.9
"Jun 16, 11:00 am",0,0,1,0.0505434,1,8.4
"Jun 16, 12:00 pm",0,0,1,0.0503194,1,8.6
"Jun 16, 01:00 pm",0,0,1,0.0502394,1,8.7
"Jun 16, 02:00 pm",0,0,1,0.0501434,1,8.6
"Jun 16, 03:00 pm",0,0,1,0.0500794,1,8.2
"Jun 16, 04:00 pm",0,0,1,0.0503194,1,7.4
"Jun 16, 05:00 pm",0,0,1,0.0505594,1,516.2
"Jun 16, 06:00 pm",0,0,1,0.0507194,1,0
"Jun 16, 07:00 pm",0,0,1,0.0507034,1,0
"Jun 16, 08:00 pm",0,0,1,0.0507513,1,0
"Jun 16, 09:00 pm",0,0,1,0.0508153,1,0
"Jun 16, 10:00 pm",0,0,1,0.0508314,1,0
"Jun 16, 11:00 pm",0,0,1,0.0508633,1,0
"Jun 17, 12:00 am",0,0,1,0.0508473,1,0
"Jun 17, 01:00 am",0,0,1,0.0508314,1,0
"Jun 17, 02:00 am",0,0,1,0.0507673,1,0
"Jun 17, 03:00 am",0,0,1,0.0507673,1,0
"Jun 17, 04:00 am",0,0,1,0.0509273,1,0
"Jun 17, 05:00 am",0,0,1,0.0509593,1,0
"Jun 17, 06:00 am",0,0,1,0.0509753,1,0
"Jun 17, 07:00 am",0,0,1,0.0511033,1,0
"Jun 17, 08:00 am",0,0,1,0.0510393,1,0
"Jun 17, 09:00 am",0,0,1,0.0507673,1,649.5
"Jun 17, 10:00 am",2108.38,2.19623,1,0.0505914,1,769
"Jun 17, 11:00 am",2866.59,3.21008,1,0.0504634,1,819.9
"Jun 17, 12:00 pm",2810.11,2.74206,1,0.0501594,1,837.9
"Jun 17, 01:00 pm",2332.76,2.42995,1,0.0501434,1,837.8
"Jun 17, 02:00 pm",2462.1,2.56469,1,0.0501594,1,820.9
"Jun 17, 03:00 pm",2866.59,3.05891,1,0.0501914,1,786.2
"Jun 17, 04:00 pm",1393.34,1.45139,1,0.0503514,1,707.7
"Jun 17, 05:00 pm",382.842,0.398794,1,0.0504314,1,490.1
"Jun 17, 06:00 pm",221.472,0.2307,1,0.0504634,1,0
"Jun 17, 07:00 pm",0,0,1,0.0505753,1,0
"Jun 17, 08:00 pm",0,0,1,0.0506874,1,0
"Jun 17, 09:00 pm",0,0,1,0.0506553,1,0
"Jun 17, 10:00 pm",0,0,1,0.0506073,1,0
"Jun 17, 11:00 pm",0,0,1,0.0507993,1,0
"Jun 18, 12:00 am",0,0,1,0.0509433,1,0
"Jun 18, 01:00 am",0,0,1,0.0508793,1,0
"Jun 18, 02:00 am",0,0,1,0.0508473,1,0
"Jun 18, 03:00 am",0,0,1,0.0508953,1,0
"Jun 18, 04:00 am",0,0,1,0.0508633,1,0
"Jun 18, 05:00 am",0,0,1,0.0509113,1,0
"Jun 18, 06:00 am",0,0,1,0.0509113,1,0
"Jun 18, 07:00 am",0,0,1,0.0510233,1,0
"Jun 18, 08:00 am",0,0,1,0.0511193,1,0
"Jun 18, 09:00 am",62.9998,0,1,0.0509433,1,6.4
"Jun 18, 10:00 am",0,0,1,0.0507673,1,7.6
"Jun 18, 11:00 am",0,0,1,0.0504474,1,8.2
"Jun 18, 12:00 pm",0,0,1,0.0502714,1,8.4
"Jun 18, 01:00 pm",0,0,1,0.0502394,1,8.4
"Jun 18, 02:00 pm",0,0,1,0.0502234,1,8.3
"Jun 18, 03:00 pm",0,0,1,0.0503354,1,7.9
"Jun 18, 04:00 pm",0,0,1,0.0504954,1,7.1
"Jun 18, 05:00 pm",0,0,1,0.0505274,1,490.7
"Jun 18, 06:00 pm",0,0,1,0.0506393,1,0
"Jun 18, 07:00 pm",0,0,1,0.0507833,1,0
"Jun 18, 08:00 pm",0,0,1,0.0509113,1,0
"Jun 18, 09:00 pm",0,0,1,0.0510553,1,0
"Jun 18, 10:00 pm",0,0,1,0.0511513,1,0
"Jun 18, 11:00 pm",0,0,1,0.0511673,1,0
"Jun 19, 12:00 am",0,0,1,0.0511833,1,0
"Jun 19, 01:00 am",0,0,1,0.0512153,1,0
"Jun 19, 02:00 am",0,0,1,0.0512633,1,0
"Jun 19, 03:00 am",0,0,1,0.0512953,1,0
"Jun 19, 04:00 am",0,0,1,0.0512313,1,0
"Jun 19, 05:00 am",0,0,1,0.0511993,1,0
"Jun 19, 06:00 am",0,0,1,0.0512153,1,0
"Jun 19, 07:00 am",0,0,1,0.0511833,1,0
"Jun 19, 08:00 am",0,0,1,0.0512633,1,0
"Jun 19, 09:00 am",0,0,1,0.0511353,1,6.4
"Jun 19, 10:00 am",0,0,1,0.0509753,1,7.6
"Jun 19, 11:00 am",0,0,1,0.0508473,1,8.1
"Jun 19, 12:00 pm",0,0,1,0.0507993,1,8.3
"Jun 19, 01:00 pm",0,0,1,0.0508153,1,832
"Jun 19, 02:00 pm",1235.74,1.28722,1,0.0508793,1,816.4
"Jun 19, 03:00 pm",2810.77,2.92789,1,0.0510233,1,780.1
"Jun 19, 04:00 pm",1373.07,1.43029,1,0.0512473,1,700.3
"Jun 19, 05:00 pm",382.187,0.398111,1,0.0512953,1,482.2
"Jun 19, 06:00 pm",219.772,0.228929,1,0.0512793,1,0
"Jun 19, 07:00 pm",0,0,1,0.0512793,1,0
"Jun 19, 08:00 pm",0,0,1,0.0513273,1,0
"Jun 19, 09:00 pm",0,0,1,0.0512313,1,0
"Jun 19, 10:00 pm",0,0,1,0.0512313,1,0
"Jun 19, 11:00 pm",0,0,1,0.0512473,1,0
"Jun 20, 12:00 am",0,0,1,0.0513593,1,0
"Jun 20, 01:00 am",0,0,1,0.0513913,1,0
"Jun 20, 02:00 am",0,0,1,0.0514713,1,0
"Jun 20, 03:00 am",0,0,1,0.0514393,1,0
"Jun 20, 04:00 am",0,0,1,0.0514073,1,0
"Jun 20, 05:00 am",0,0,1,0.0514233,1,0
"Jun 20, 06:00 am",0,0,1,0.0514233,1,0
"Jun 20, 07:00 am",0,0,1,0.0515353,1,0
"Jun 20, 08:00 am",0,0,1,0.0515993,1,0
"Jun 20, 09:00 am",0,0,1,0.0515833,1,6.3
"Jun 20, 10:00 am",0,0,1,0.0514233,1,7.6
"Jun 20, 11:00 am",0,0,1,0.0513433,1,8.1
"Jun 20, 12:00 pm",0,0,1,0.0512633,1,8.3
"Jun 20, 01:00 pm",0,0,1,0.0511673,1,8.4
"Jun 20, 02:00 pm",0,0,1,0.0511193,1,8.3
"Jun 20, 03:00 pm",0,0,1,0.0511193,1,7.9
"Jun 20, 04:00 pm",0,0,1,0.0512793,1,7.1
"Jun 20, 05:00 pm",0,0,1,0.0514233,1,497.9
"Jun 20, 06:00 pm",0,0,1,0.0514713,1,0
"Jun 20, 07:00 pm",0,0,1,0.0514713,1,0
"Jun 20, 08:00 pm",0,0,1,0.0515033,1,0
"Jun 20, 09:00 pm",0,0,1,0.0514553,1,0
"Jun 20, 10:00 pm",0,0,1,0.0514233,1,0
"Jun 20, 11:00 pm",0,0,1,0.0514713,1,0
"Jun 21, 12:00 am",0,0,1,0.0515033,1,0
"Jun 21, 01:00 am",0,0,1,0.0515193,1,0
"Jun 21, 02:00 am",0,0,1,0.0515193,1,0
"Jun 21, 03:00 am",0,0,1,0.0515193,1,0
"Jun 21, 04:00 am",0,0,1,0.0515513,1,0
"Jun 21, 05:00 am",0,0,1,0.0515833,1,0
"Jun 21, 06:00 am",0,0,1,0.0516153,1,0
"Jun 21, 07:00 am",0,0,1,0.0516473,1,0
"Jun 21, 08:00 am",0,0,1,0.0515993,1,0
"Jun 21, 09:00 am",0,0,1,0.0514233,1,6.8
"Jun 21, 10:00 am",0,0,1,0.0511513,1,8
"Jun 21, 11:00 am",0,0,1,0.0510553,1,8.6
"Jun 21, 12:00 pm",0,0,1,0.0509113,1,8.8
"Jun 21, 01:00 pm",0,0,1,0.0508473,1,8.9
"Jun 21, 02:00 pm",0,0,1,0.0508633,1,872.7
"Jun 21, 03:00 pm",1964.87,2.04674,1,0.0509113,1,835
"Jun 21, 04:00 pm",1477.41,1.53897,1,0.0512153,1,754.1
"Jun 21, 05:00 pm",382.288,0.398216,1,0.0515513,1,538.3
"Jun 21, 06:00 pm",219.956,0.229121,1,0.0517593,1,0
"Jun 21, 07:00 pm",0,0,1,0.0517913,1,0
"Jun 21, 08:00 pm",0,0,1,0.0518713,1,0
"Jun 21, 09:00 pm",0,0,1,0.0519353,1,0
"Jun 21, 10:00 pm",0,0,1,0.0520153,1,0
"Jun 21, 11:00 pm",0,0,1,0.0519993,1,0
"Jun 22, 12:00 am",0,0,1,0.0520633,1,0
"Jun 22, 01:00 am",0,0,1,0.0520313,1,0
"Jun 22, 02:00 am",0,0,1,0.0520313,1,0
"Jun 22, 03:00 am",0,0,1,0.0521113,1,0
"Jun 22, 04:00 am",0,0,1,0.0521913,1,0
"Jun 22, 05:00 am",0,0,1,0.0522073,1,0
"Jun 22, 06:00 am",0,0,1,0.0522873,1,0
"Jun 22, 07:00 am",0,0,1,0.0523193,1,0
"Jun 22, 08:00 am",0,0,1,0.0522073,1,0
"Jun 22, 09:00 am",0,0,1,0.0520313,1,7.2
"Jun 22, 10:00 am",0,0,1,0.0517113,1,8.3
"Jun 22, 11:00 am",0,0,1,0.0514233,1,8.8
"Jun 22, 12:00 pm",0,0,1,0.0512313,1,9
"Jun 22, 01:00 pm",0,0,1,0.0511353,1,9
"Jun 22, 02:00 pm",0,0,1,0.0511833,1,8.8
"Jun 22, 03:00 pm",0,0,1,0.0512473,1,8.4
"Jun 22, 04:00 pm",0,0,1,0.0514713,1,7.7
"Jun 22, 05:00 pm",0,0,1,0.0517913,1,551.4
"Jun 22, 06:00 pm",0,0,1,0.0519833,1,0
"Jun 22, 07:00 pm",0,0,1,0.0521113,1,0
"Jun 22, 08:00 pm",0,0,1,0.0522553,1,0
"Jun 22, 09:00 pm",0,0,1,0.0523513,1,0
"Jun 22, 10:00 pm",0,0,1,0.0523993,1,0
"Jun 22, 11:00 pm",0,0,1,0.0524633,1,0
"Jun 23, 12:00 am",0,0,1,0.0524953,1,0
"Jun 23, 01:00 am",0,0,1,0.0525433,1,0
"Jun 23, 02:00 am",0,0,1,0.0525753,1,0
"Jun 23, 03:00 am",0,0,1,0.0526393,1,0
"Jun 23, 04:00 am",0,0,1,0.0526713,1,0
"Jun 23, 05:00 am",0,0,1,0.0527193,1,0
"Jun 23, 06:00 am",0,0,1,0.0527833,1,0
"Jun 23, 07:00 am",0,0,1,0.0527673,1,0
"Jun 23, 08:00 am",0,0,1,0.0525433,1,0
"Jun 23, 09:00 am",0,0,1,0.0520313,1,699.8
"Jun 23, 10:00 am",2374.51,2.5049,1,0.0515193,1,819.6
"Jun 23, 11:00 am",2866.59,3.44332,1,0.0510815,1,869.9
"Jun 23, 12:00 pm",2866.54,2.91776,1,0.0507132,1,889.9
"Jun 23, 01:00 pm",2816.96,2.59423,1,0.0504191,1,892.1
"Jun 23, 02:00 pm",2629.3,2.73886,1,0.0502751,1,878.4
"Jun 23, 03:00 pm",2866.59,3.26866,1,0.0503994,1,841.5
"Jun 23, 04:00 pm",1771.89,1.61379,1,0.0507841,1,762.5
"Jun 23, 05:00 pm",383.08,0.399042,1,0.051184,1,549.7
"Jun 23, 06:00 pm",221.111,0.230323,1,0.0514073,1,0
"Jun 23, 07:00 pm",0,0,1,0.0515513,1,0
"Jun 23, 08:00 pm",0,0,1,0.0517273,1,0
"Jun 23, 09:00 pm",0,0,1,0.0518553,1,0
"Jun 23, 10:00 pm",0,0,1,0.0519513,1,0
"Jun 23, 11:00 pm",0,0,1,0.0520473,1,0
"Jun 24, 12:00 am",0,0,1,0.0520953,1,0
"Jun 24, 01:00 am",0,0,1,0.0521433,1,0
"Jun 24, 02:00 am",0,0,1,0.0521913,1,0
"Jun 24, 03:00 am",0,0,1,0.0522553,1,0
"Jun 24, 04:00 am",0,0,1,0.0523353,1,0
"Jun 24, 05:00 am",0,0,1,0.0524313,1,0
"Jun 24, 06:00 am",0,0,1,0.0525433,1,0
"Jun 24, 07:00 am",0,0,1,0.0524153,1,0
"Jun 24, 08:00 am",0,0,1,0.0521113,1,0
"Jun 24, 09:00 am",0,0,1,0.0515193,1,686.1
"Jun 24, 10:00 am",2866.59,3.91485,1,0.0510396,1,806.6
"Jun 24, 11:00 am",2866.59,3.40687,1,0.0507105,1,857.1
"Jun 24, 12:00 pm",2866.53,2.88196,1,0.0504081,1,878
"Jun 24, 01:00 pm",2866.54,2.56241,1,0.0501187,1,880.7
"Jun 24, 02:00 pm",2866.54,2.70278,1,0.0499982,1,867.1
"Jun 24, 03:00 pm",702.535,0.402707,1,0.0500837,1,8.3
"Jun 24, 04:00 pm",230.602,0.240211,1,0.0504813,1,7.5
"Jun 24, 05:00 pm",0,0,1,0.0508539,1,542
"Jun 24, 06:00 pm",0,0,1,0.0511358,1,0
"Jun 24, 07:00 pm",0,0,1,0.0514073,1,0
"Jun 24, 08:00 pm",0,0,1,0.0516153,1,0
"Jun 24, 09:00 pm",0,0,1,0.0517433,1,0
"Jun 24, 10:00 pm",0,0,1,0.0518873,1,0
"Jun 24, 11:00 pm",0,0,1,0.0520473,1,0
"Jun 25, 12:00 am",0,0,1,0.0521593,1,0
"Jun 25, 01:00 am",0,0,1,0.0522393,1,0
"Jun 25, 02:00 am",0,0,1,0.0521753,1,0
"Jun 25, 03:00 am",0,0,1,0.0520953,1,0
"Jun 25, 04:00 am",0,0,1,0.0520153,1,0
"Jun 25, 05:00 am",0,0,1,0.0519833,1,0
"Jun 25, 06:00 am",0,0,1,0.0519513,1,0
"Jun 25, 07:00 am",0,0,1,0.0518553,1,0
"Jun 25, 08:00 am",0,0,1,0.0517913,1,0
"Jun 25, 09:00 am",0,0,1,0.0516793,1,6.6
"Jun 25, 10:00 am",0,0,1,0.0513753,1,7.8
"Jun 25, 11:00 am",0,0,1,0.0511833,1,8.3
"Jun 25, 12:00 pm",0,0,1,0.0507993,1,8.5
"Jun 25, 01:00 pm",0,0,1,0.0507354,1,8.5
"Jun 25, 02:00 pm",0,0,1,0.0507034,1,833.3
"Jun 25, 03:00 pm",2388.78,2.56469,1,0.0507674,1,795.5
"Jun 25, 04:00 pm",1480.27,1.54195,1,0.0509433,1,714.7
"Jun 25, 05:00 pm",383.802,0.399794,1,0.0510553,1,501.2
"Jun 25, 06:00 pm",221.987,0.231237,1,0.0511353,1,0
"Jun 25, 07:00 pm",0,0,1,0.0512793,1,0
"Jun 25, 08:00 pm",0,0,1,0.0514553,1,0
"Jun 25, 09:00 pm",0,0,1,0.0516633,1,0
"Jun 25, 10:00 pm",0,0,1,0.0518233,1,0
"Jun 25, 11:00 pm",0,0,1,0.0519033,1,0
"Jun 26, 12:00 am",0,0,1,0.0518553,1,0
"Jun 26, 01:00 am",0,0,1,0.0519033,1,0
"Jun 26, 02:00 am",0,0,1,0.0519353,1,0
"Jun 26, 03:00 am",0,0,1,0.0519673,1,0
"Jun 26, 04:00 am",0,0,1,0.0520153,1,0
"Jun 26, 05:00 am",0,0,1,0.0521433,1,0
"Jun 26, 06:00 am",0,0,1,0.0521913,1,0
"Jun 26, 07:00 am",0,0,1,0.0520313,1,0
"Jun 26, 08:00 am",0,0,1,0.0518393,1,0
"Jun 26, 09:00 am",64.1727,0,1,0.0514073,1,6.5
"Jun 26, 10:00 am",0,0,1,0.0508953,1,7.7
"Jun 26, 11:00 am",0,0,1,0.0505274,1,8.2
"Jun 26, 12:00 pm",0,0,1,0.0502234,1,842.1
"Jun 26, 01:00 pm",2618.52,2.72763,1,0.0500954,1,844.2
"Jun 26, 02:00 pm",2478.74,2.58202,1,0.0499674,1,829.4
"Jun 26, 03:00 pm",2866.59,3.07659,1,0.0500314,1,794.2
"Jun 26, 04:00 pm",1491.7,1.55385,1,0.0503514,1,716.7
"Jun 26, 05:00 pm",383.366,0.399339,1,0.0505114,1,507.6
"Jun 26, 06:00 pm",221.499,0.230728,1,0.0506874,1,0
"Jun 26, 07:00 pm",0,0,1,0.0507833,1,0
"Jun 26, 08:00 pm",0,0,1,0.0509273,1,0
"Jun 26, 09:00 pm",0,0,1,0.0510393,1,0
"Jun 26, 10:00 pm",0,0,1,0.0511673,1,0
"Jun 26, 11:00 pm",0,0,1,0.0512313,1,0
"Jun 27, 12:00 am",0,0,1,0.0513593,1,0
"Jun 27, 01:00 am",0,0,1,0.0515353,1,0
"Jun 27, 02:00 am",0,0,1,0.0516793,1,0
"Jun 27, 03:00 am",0,0,1,0.0517593,1,0
"Jun 27, 04:00 am",0,0,1,0.0517753,1,0
"Jun 27, 05:00 am",0,0,1,0.0518073,1,0
"Jun 27, 06:00 am",0,0,1,0.0519673,1,0
"Jun 27, 07:00 am",0,0,1,0.0518873,1,0
"Jun 27, 08:00 am",0,0,1,0.0516793,1,0
"Jun 27, 09:00 am",78.3664,0,1,0.0512153,1,6.4
"Jun 27, 10:00 am",0,0,1,0.0507993,1,7.7
"Jun 27, 11:00 am",0,0,1,0.0504634,1,8.2
"Jun 27, 12:00 pm",0,0,1,0.0501434,1,8.4
"Jun 27, 01:00 pm",0,0,1,0.0500634,1,8.5
"Jun 27, 02:00 pm",0,0,1,0.0499834,1,8.4
"Jun 27, 03:00 pm",0,0,1,0.0500954,1,8
"Jun 27, 04:00 pm",0,0,1,0.0503994,1,7.2
"Jun 27, 05:00 pm",0,0,1,0.0507034,1,513.2
"Jun 27, 06:00 pm",0,0,1,0.0508793,1,0
"Jun 27, 07:00 pm",0,0,1,0.0510393,1,0
"Jun 27, 08:00 pm",0,0,1,0.0512153,1,0
"Jun 27, 09:00 pm",0,0,1,0.0514233,1,0
"Jun 27, 10:00 pm",0,0,1,0.0514873,1,0
"Jun 27, 11:00 pm",0,0,1,0.0515033,1,0
"Jun 28, 12:00 am",0,0,1,0.0514553,1,0
"Jun 28, 01:00 am",0,0,1,0.0513273,1,0
"Jun 28, 02:00 am",0,0,1,0.0512473,1,0
"Jun 28, 03:00 am",0,0,1,0.0513273,1,0
"Jun 28, 04:00 am",0,0,1,0.0515353,1,0
"Jun 28, 05:00 am",0,0,1,0.0515673,1,0
"Jun 28, 06:00 am",0,0,1,0.0514393,1,0
"Jun 28, 07:00 am",0,0,1,0.0513913,1,0
"Jun 28, 08:00 am",0,0,1,0.0515353,1,0
"Jun 28, 09:00 am",0,0,1,0.0514393,1,6.3
"Jun 28, 10:00 am",0,0,1,0.0512793,1,7.5
"Jun 28, 11:00 am",0,0,1,0.0513273,1,8.1
"Jun 28, 12:00 pm",0,0,1,0.0513593,1,8.3
"Jun 28, 01:00 pm",0,0,1,0.0513113,1,8.4
"Jun 28, 02:00 pm",0,0,1,0.0513753,1,8.2
"Jun 28, 03:00 pm",0,0,1,0.0514233,1,7.9
"Jun 28, 04:00 pm",0,0,1,0.0514873,1,7.1
"Jun 28, 05:00 pm",0,0,1,0.0515673,1,505.8
"Jun 28, 06:00 pm",0,0,1,0.0515353,1,0
"Jun 28, 07:00 pm",0,0,1,0.0515673,1,0
"Jun 28, 08:00 pm",0,0,1,0.0515673,1,0
"Jun 28, 09:00 pm",0,0,1,0.0515673,1,0
"Jun 28, 10:00 pm",0,0,1,0.0515833,1,0
"Jun 28, 11:00 pm",0,0,1,0.0516313,1,0
"Jun 29, 12:00 am",0,0,1,0.0517753,1,0
"Jun 29, 01:00 am",0,0,1,0.0518073,1,0
"Jun 29, 02:00 am",0,0,1,0.0519513,1,0
"Jun 29, 03:00 am",0,0,1,0.0521273,1,0
"Jun 29, 04:00 am",0,0,1,0.0521273,1,0
"Jun 29, 05:00 am",0,0,1,0.0521593,1,0
"Jun 29, 06:00 am",0,0,1,0.0523033,1,0
"Jun 29, 07:00 am",0,0,1,0.0523833,1,0
"Jun 29, 08:00 am",0,0,1,0.0521593,1,0
"Jun 29, 09:00 am",0,0,1,0.0517273,1,669.3
"Jun 29, 10:00 am",2041.07,2.12611,1,0.0512473,1,795
"Jun 29, 11:00 am",2866.59,3.36498,1,0.0510266,1,849.8
"Jun 29, 12:00 pm",687.782,0.403527,1,0.0508055,1,8.7
"Jun 29, 01:00 pm",230.692,0.240305,1,0.0506903,1,8.8
"Jun 29, 02:00 pm",0,0,1,0.0505274,1,8.6
"Jun 29, 03:00 pm",0,0,1,0.0506393,1,8.3
"Jun 29, 04:00 pm",0,0,1,0.0508793,1,7.5
"Jun 29, 05:00 pm",0,0,1,0.0510073,1,547.1
"Jun 29, 06:00 pm",0,0,1,0.0511033,1,0
"Jun 29, 07:00 pm",0,0,1,0.0511353,1,0
"Jun 29, 08:00 pm",0,0,1,0.0512153,1,0
"Jun 29, 09:00 pm",0,0,1,0.0512473,1,0
"Jun 29, 10:00 pm",0,0,1,0.0512953,1,0
"Jun 29, 11:00 pm",0,0,1,0.0513593,1,0
"Jun 30, 12:00 am",0,0,1,0.0513593,1,0
"Jun 30, 01:00 am",0,0,1,0.0514073,1,0
"Jun 30, 02:00 am",0,0,1,0.0514873,1,0
"Jun 30, 03:00 am",0,0,1,0.0515673,1,0
"Jun 30, 04:00 am",0,0,1,0.0516313,1,0
"Jun 30, 05:00 am",0,0,1,0.0515993,1,0
"Jun 30, 06:00 am",0,0,1,0.0516153,1,0
"Jun 30, 07:00 am",0,0,1,0.0515993,1,0
"Jun 30, 08:00 am",0,0,1,0.0514393,1,0
"Jun 30, 09:00 am",0,0,1,0.0511833,1,6.6
"Jun 30, 10:00 am",0,0,1,0.0508633,1,7.8
"Jun 30, 11:00 am",0,0,1,0.0507513,1,8.3
"Jun 30, 12:00 pm",0,0,1,0.0506553,1,8.4
"Jun 30, 01:00 pm",0,0,1,0.0506233,1,8.5
"Jun 30, 02:00 pm",0,0,1,0.0506714,1,8.3
"Jun 30, 03:00 pm",0,0,1,0.0507833,1,7.9
"Jun 30, 04:00 pm",0,0,1,0.0509113,1,7.2
"Jun 30, 05:00 pm",0,0,1,0.0510713,1,512
"Jun 30, 06:00 pm",0,0,1,0.0511193,1,0
"Jun 30, 07:00 pm",0,0,1,0.0512153,1,0
"Jun 30, 08:00 pm",0,0,1,0.0512953,1,0
"Jun 30, 09:00 pm",0,0,1,0.0511833,1,0
"Jun 30, 10:00 pm",0,0,1,0.0511673,1,0
"Jun 30, 11:00 pm",0,0,1,0.0511513,1,0
"Jul 1, 12:00 am",0,0,1,0.0515193,1,0
"Jul 1, 01:00 am",0,0,1,0.0515673,1,0
"Jul 1, 02:00 am",0,0,1,0.0516473,1,0
"Jul 1, 03:00 am",0,0,1,0.0516953,1,0
"Jul 1, 04:00 am",0,0,1,0.0517433,1,0
"Jul 1, 05:00 am",0,0,1,0.0517753,1,0
"Jul 1, 06:00 am",0,0,1,0.0518713,1,0
"Jul 1, 07:00 am",0,0,1,0.0518873,1,0
"Jul 1, 08:00 am",0,0,1,0.0517113,1,0
"Jul 1, 09:00 am",0,0,1,0.0513273,1,650.9
"Jul 1, 10:00 am",0,0,1,0.0508473,1,7.7
"Jul 1, 11:00 am",0,0,1,0.0506233,1,8.3
"Jul 1, 12:00 pm",1321.18,1.37623,1,0.0503514,1,845.8
"Jul 1, 01:00 pm",2373.23,2.47211,1,0.0503674,1,848
"Jul 1, 02:00 pm",2509.88,2.61445,1,0.0504154,1,833.4
"Jul 1, 03:00 pm",2866.59,3.09266,1,0.0505114,1,795.9
"Jul 1, 04:00 pm",1575.07,1.6407,1,0.0507354,1,717.7
"Jul 1, 05:00 pm",382.914,0.398869,1,0.0508953,1,513.5
"Jul 1, 06:00 pm",221.166,0.230382,1,0.0509113,1,0
"Jul 1, 07:00 pm",0,0,1,0.0509593,1,0
"Jul 1, 08:00 pm",0,0,1,0.0510073,1,0
"Jul 1, 09:00 pm",0,0,1,0.0510393,1,0
"Jul 1, 10:00 pm",0,0,1,0.0510073,1,0
"Jul 1, 11:00 pm",0,0,1,0.0509913,1,0
"Jul 2, 12:00 am",0,0,1,0.0511033,1,0
"Jul 2, 01:00 am",0,0,1,0.0511993,1,0
"Jul 2, 02:00 am",0,0,1,0.0511193,1,0
"Jul 2, 03:00 am",0,0,1,0.0510873,1,0
"Jul 2, 04:00 am",0,0,1,0.0510073,1,0
"Jul 2, 05:00 am",0,0,1,0.0509753,1,0
"Jul 2, 06:00 am",0,0,1,0.0509753,1,0
"Jul 2, 07:00 am",0,0,1,0.0511193,1,0
"Jul 2, 08:00 am",0,0,1,0.0511993,1,0
"Jul 2, 09:00 am",85.1644,0,1,0.0511673,1,6.3
"Jul 2, 10:00 am",0,0,1,0.0510233,1,7.5
"Jul 2, 11:00 am",0,0,1,0.0509433,1,8
"Jul 2, 12:00 pm",0,0,1,0.0508953,1,8.3
"Jul 2, 01:00 pm",0,0,1,0.0507513,1,8.3
"Jul 2, 02:00 pm",0,0,1,0.0507833,1,8.2
"Jul 2, 03:00 pm",0,0,1,0.0508314,1,7.8
"Jul 2, 04:00 pm",0,0,1,0.0509753,1,7.1
"Jul 2, 05:00 pm",0,0,1,0.0510553,1,508
"Jul 2, 06:00 pm",0,0,1,0.0511513,1,0
"Jul 2, 07:00 pm",0,0,1,0.0512793,1,0
"Jul 2, 08:00 pm",0,0,1,0.0513433,1,0
"Jul 2, 09:00 pm",0,0,1,0.0513753,1,0
"Jul 2, 10:00 pm",0,0,1,0.0514713,1,0
"Jul 2, 11:00 pm",0,0,1,0.0513913,1,0
"Jul 3, 12:00 am",0,0,1,0.0513753,1,0
"Jul 3, 01:00 am",0,0,1,0.0513433,1,0
"Jul 3, 02:00 am",0,0,1,0.0512793,1,0
"Jul 3, 03:00 am",0,0,1,0.0512633,1,0
"Jul 3, 04:00 am",0,0,1,0.0512313,1,0
"Jul 3, 05:00 am",0,0,1,0.0512473,1,0
"Jul 3, 06:00 am",0,0,1,0.0512953,1,0
"Jul 3, 07:00 am",0,0,1,0.0513273,1,0
"Jul 3, 08:00 am",0,0,1,0.0512473,1,0
"Jul 3, 09:00 am",0,0,1,0.0510713,1,6.5
"Jul 3, 10:00 am",0,0,1,0.0508473,1,7.8
"Jul 3, 11:00 am",0,0,1,0.0508314,1,8.3
"Jul 3, 12:00 pm",0,0,1,0.0507833,1,8.5
"Jul 3, 01:00 pm",0,0,1,0.0507513,1,8.5
"Jul 3, 02:00 pm",0,0,1,0.0507673,1,8.4
"Jul 3, 03:00 pm",0,0,1,0.0508633,1,8
"Jul 3, 04:00 pm",0,0,1,0.0510553,1,7.3
"Jul 3, 05:00 pm",0,0,1,0.0512633,1,5.2
"Jul 3, 06:00 pm",0,0,1,0.0513753,1,0
"Jul 3, 07:00 pm",0,0,1,0.0514873,1,0
"Jul 3, 08:00 pm",0,0,1,0.0515353,1,0
"Jul 3, 09:00 pm",0,0,1,0.0515673,1,0
"Jul 3, 10:00 pm",0,0,1,0.0515673,1,0
"Jul 3, 11:00 pm",0,0,1,0.0515993,1,0
"Jul 4, 12:00 am",0,0,1,0.0515993,1,0
"Jul 4, 01:00 am",0,0,1,0.0516153,1,0
"Jul 4, 02:00 am",0,0,1,0.0516633,1,0
"Jul 4, 03:00 am",0,0,1,0.0516793,1,0
"Jul 4, 04:00 am",0,0,1,0.0517113,1,0
"Jul 4, 05:00 am",0,0,1,0.0517593,1,0
"Jul 4, 06:00 am",0,0,1,0.0518553,1,0
"Jul 4, 07:00 am",0,0,1,0.0518713,1,0
"Jul 4, 08:00 am",0,0,1,0.0516473,1,0
"Jul 4, 09:00 am",0,0,1,0.0513593,1,696.5
"Jul 4, 10:00 am",60.448,0.0629666,1,0.0509273,1,8.2
"Jul 4, 11:00 am",107.668,0.112155,1,0.0506393,1,8.7
"Jul 4, 12:00 pm",1279.16,1.33246,1,0.0503514,1,891.7
"Jul 4, 01:00 pm",2587.01,2.6948,1,0.0503354,1,896.6
"Jul 4, 02:00 pm",2699.76,2.81225,1,0.0503194,1,885.7
"Jul 4, 03:00 pm",2866.59,3.34444,1,0.0503548,1,851.9
"Jul 4, 04:00 pm",2072.28,1.86401,1,0.0506772,1,778.7
"Jul 4, 05:00 pm",383.271,0.399241,1,0.0509618,1,584.1
"Jul 4, 06:00 pm",221.278,0.230498,1,0.0512313,1,0
"Jul 4, 07:00 pm",0,0,1,0.0514233,1,0
"Jul 4, 08:00 pm",0,0,1,0.0516473,1,0
"Jul 4, 09:00 pm",0,0,1,0.0518233,1,0
"Jul 4, 10:00 pm",0,0,1,0.0519513,1,0
"Jul 4, 11:00 pm",0,0,1,0.0519673,1,0
"Jul 5, 12:00 am",0,0,1,0.0520313,1,0
"Jul 5, 01:00 am",0,0,1,0.0521113,1,0
"Jul 5, 02:00 am",0,0,1,0.0521753,1,0
"Jul 5, 03:00 am",0,0,1,0.0521273,1,0
"Jul 5, 04:00 am",0,0,1,0.0520633,1,0
"Jul 5, 05:00 am",0,0,1,0.0519833,1,0
"Jul 5, 06:00 am",0,0,1,0.0519513,1,0
"Jul 5, 07:00 am",0,0,1,0.0518553,1,0
"Jul 5, 08:00 am",0,0,1,0.0518393,1,0
"Jul 5, 09:00 am",0,0,1,0.0513913,1,7
"Jul 5, 10:00 am",0,0,1,0.0509593,1,8.2
"Jul 5, 11:00 am",0,0,1,0.0508953,1,8.7
"Jul 5, 12:00 pm",0,0,1,0.0502554,1,8.9
"Jul 5, 01:00 pm",0,0,1,0.0500634,1,8.9
"Jul 5, 02:00 pm",0,0,1,0.0500794,1,8.8
"Jul 5, 03:00 pm",0,0,1,0.0502554,1,8.4
"Jul 5, 04:00 pm",0,0,1,0.0505753,1,7.7
"Jul 5, 05:00 pm",0,0,1,0.0508153,1,5.7
"Jul 5, 06:00 pm",0,0,1,0.0510393,1,0
"Jul 5, 07:00 pm",0,0,1,0.0512473,1,0
"Jul 5, 08:00 pm",0,0,1,0.0513913,1,0
"Jul 5, 09:00 pm",0,0,1,0.0514233,1,0
"Jul 5, 10:00 pm",0,0,1,0.0515353,1,0
"Jul 5, 11:00 pm",0,0,1,0.0517113,1,0
"Jul 6, 12:00 am",0,0,1,0.0517913,1,0
"Jul 6, 01:00 am",0,0,1,0.0518393,1,0
"Jul 6, 02:00 am",0,0,1,0.0518713,1,0
"Jul 6, 03:00 am",0,0,1,0.0518393,1,0
"Jul 6, 04:00 am",0,0,1,0.0518233,1,0
"Jul 6, 05:00 am",0,0,1,0.0518713,1,0
"Jul 6, 06:00 am",0,0,1,0.0519833,1,0
"Jul 6, 07:00 am",0,0,1,0.0519193,1,0
"Jul 6, 08:00 am",0,0,1,0.0516153,1,0
"Jul 6, 09:00 am",0,0,1,0.0512953,1,6.7
"Jul 6, 10:00 am",0,0,1,0.0506714,1,7.9
"Jul 6, 11:00 am",0,0,1,0.0502074,1,8.3
"Jul 6, 12:00 pm",0,0,1,0.0497914,1,850.6
"Jul 6, 01:00 pm",1574.16,1.63975,1,0.0496794,1,851.4
"Jul 6, 02:00 pm",2517.7,2.6226,1,0.0495834,1,835.8
"Jul 6, 03:00 pm",2866.59,3.14593,1,0.0496794,1,801.9
"Jul 6, 04:00 pm",1716.74,1.78827,1,0.0499994,1,728
"Jul 6, 05:00 pm",382.372,0.398304,1,0.0504474,1,534.4
"Jul 6, 06:00 pm",220.68,0.229875,1,0.0506553,1,0
"Jul 6, 07:00 pm",0,0,1,0.0507993,1,0
"Jul 6, 08:00 pm",0,0,1,0.0509113,1,0
"Jul 6, 09:00 pm",0,0,1,0.0510393,1,0
"Jul 6, 10:00 pm",0,0,1,0.0511833,1,0
"Jul 6, 11:00 pm",0,0,1,0.0512953,1,0
"Jul 7, 12:00 am",0,0,1,0.0513753,1,0
"Jul 7, 01:00 am",0,0,1,0.0514393,1,0
"Jul 7, 02:00 am",0,0,1,0.0515033,1,0
"Jul 7, 03:00 am",0,0,1,0.0515993,1,0
"Jul 7, 04:00 am",0,0,1,0.0516953,1,0
"Jul 7, 05:00 am",0,0,1,0.0517593,1,0
"Jul 7, 06:00 am",0,0,1,0.0518233,1,0
"Jul 7, 07:00 am",0,0,1,0.0518073,1,0
"Jul 7, 08:00 am",0,0,1,0.0517273,1,0
"Jul 7, 09:00 am",127.845,0,1,0.0515513,1,6.6
"Jul 7, 10:00 am",0,0,1,0.0511833,1,7.8
"Jul 7, 11:00 am",0,0,1,0.0509753,1,8.3
"Jul 7, 12:00 pm",0,0,1,0.0507673,1,8.5
"Jul 7, 01:00 pm",0,0,1,0.0508633,1,8.5
"Jul 7, 02:00 pm",0,0,1,0.0508793,1,8.3
"Jul 7, 03:00 pm",0,0,1,0.0508793,1,8
"Jul 7, 04:00 pm",0,0,1,0.0510553,1,7.2
"Jul 7, 05:00 pm",0,0,1,0.0512633,1,5.4
"Jul 7, 06:00 pm",0,0,1,0.0513593,1,0
"Jul 7, 07:00 pm",0,0,1,0.0514393,1,0
"Jul 7, 08:00 pm",0,0,1,0.0515353,1,0
"Jul 7, 09:00 pm",0,0,1,0.0515993,1,0
"Jul 7, 10:00 pm",0,0,1,0.0516313,1,0
"Jul 7, 11:00 pm",0,0,1,0.0515353,1,0
"Jul 8, 12:00 am",0,0,1,0.0515033,1,0
"Jul 8, 01:00 am",0,0,1,0.0514553,1,0
"Jul 8, 02:00 am",0,0,1,0.0515193,1,0
"Jul 8, 03:00 am",0,0,1,0.0515993,1,0
"Jul 8, 04:00 am",0,0,1,0.0515673,1,0
"Jul 8, 05:00 am",0,0,1,0.0515833,1,0
"Jul 8, 06:00 am",0,0,1,0.0517433,1,0
"Jul 8, 07:00 am",0,0,1,0.0517433,1,0
"Jul 8, 08:00 am",0,0,1,0.0516473,1,0
"Jul 8, 09:00 am",0,0,1,0.0514873,1,6.8
"Jul 8, 10:00 am",0,0,1,0.0509433,1,8
"Jul 8, 11:00 am",0,0,1,0.0505114,1,8.5
"Jul 8, 12:00 pm",0,0,1,0.0500474,1,873.9
"Jul 8, 01:00 pm",1731.62,1.80377,1,0.0499674,1,876.1
"Jul 8, 02:00 pm",2639.6,2.74958,1,0.0499034,1,862.4
"Jul 8, 03:00 pm",2866.59,3.27752,1,0.0499354,1,828.3
"Jul 8, 04:00 pm",2068.65,1.91468,1,0.0503843,1,755.1
"Jul 8, 05:00 pm",383.161,0.399126,1,0.0507523,1,565.8
"Jul 8, 06:00 pm",221.169,0.230385,1,0.0510073,1,0
"Jul 8, 07:00 pm",0,0,1,0.0512633,1,0
"Jul 8, 08:00 pm",0,0,1,0.0514713,1,0
"Jul 8, 09:00 pm",0,0,1,0.0516153,1,0
"Jul 8, 10:00 pm",0,0,1,0.0516953,1,0
"Jul 8, 11:00 pm",0,0,1,0.0517753,1,0
"Jul 9, 12:00 am",0,0,1,0.0518393,1,0
"Jul 9, 01:00 am",0,0,1,0.0518873,1,0
"Jul 9, 02:00 am",0,0,1,0.0519353,1,0
"Jul 9, 03:00 am",0,0,1,0.0519673,1,0
"Jul 9, 04:00 am",0,0,1,0.0519833,1,0
"Jul 9, 05:00 am",0,0,1,0.0519193,1,0
"Jul 9, 06:00 am",0,0,1,0.0519833,1,0
"Jul 9, 07:00 am",0,0,1,0.0521113,1,0
"Jul 9, 08:00 am",0,0,1,0.0518713,1,0
"Jul 9, 09:00 am",0,0,1,0.0515993,1,683.8
"Jul 9, 10:00 am",2866.59,4.0496,1,0.0509408,1,802.4
"Jul 9, 11:00 am",2866.59,3.53911,1,0.0504071,1,852.7
"Jul 9, 12:00 pm",2866.59,3.02514,1,0.0498765,1,874.5
"Jul 9, 01:00 pm",2866.53,2.69848,1,0.0496631,1,878.5
"Jul 9, 02:00 pm",2866.54,2.8037,1,0.0494796,1,866.5
"Jul 9, 03:00 pm",2866.59,3.31524,1,0.0493782,1,834.2
"Jul 9, 04:00 pm",2866.54,1.97208,1,0.0498155,1,763.3
"Jul 9, 05:00 pm",554.668,0.399183,1,0.0502357,1,578.1
"Jul 9, 06:00 pm",221.547,0.230778,1,0.0505651,1,0
"Jul 9, 07:00 pm",0,0,1,0.0508097,1,0
"Jul 9, 08:00 pm",0,0,1,0.0510223,1,0
"Jul 9, 09:00 pm",0,0,1,0.051172,1,0
"Jul 9, 10:00 pm",0,0,1,0.0512633,1,0
"Jul 9, 11:00 pm",0,0,1,0.0513593,1,0
"Jul 10, 12:00 am",0,0,1,0.0514393,1,0
"Jul 10, 01:00 am",0,0,1,0.0514873,1,0
"Jul 10, 02:00 am",0,0,1,0.0515673,1,0
"Jul 10, 03:00 am",0,0,1,0.0516793,1,0
"Jul 10, 04:00 am",0,0,1,0.0517433,1,0
"Jul 10, 05:00 am",0,0,1,0.0517753,1,0
"Jul 10, 06:00 am",0,0,1,0.0519513,1,0
"Jul 10, 07:00 am",0,0,1,0.0520473,1,0
"Jul 10, 08:00 am",0,0,1,0.0517273,1,0
"Jul 10, 09:00 am",0,0,1,0.0513913,1,6.9
"Jul 10, 10:00 am",0,0,1,0.0505753,1,8.1
"Jul 10, 11:00 am",0,0,1,0.0501914,1,8.6
"Jul 10, 12:00 pm",0,0,1,0.0495994,1,879.4
"Jul 10, 01:00 pm",2866.59,3.23683,1,0.0495194,1,880.7
"Jul 10, 02:00 pm",2866.53,2.81962,1,0.0494554,1,865.9
"Jul 10, 03:00 pm",2866.59,3.31386,1,0.0496161,1,832.2
"Jul 10, 04:00 pm",2210.61,1.99607,1,0.050083,1,760.3
"Jul 10, 05:00 pm",382.919,0.398874,1,0.0503862,1,575.2
"Jul 10, 06:00 pm",220.847,0.230049,1,0.0506393,1,0
"Jul 10, 07:00 pm",0,0,1,0.0508793,1,0
"Jul 10, 08:00 pm",0,0,1,0.0511033,1,0
"Jul 10, 09:00 pm",0,0,1,0.0513113,1,0
"Jul 10, 10:00 pm",0,0,1,0.0514873,1,0
"Jul 10, 11:00 pm",0,0,1,0.0516473,1,0
"Jul 11, 12:00 am",0,0,1,0.0517753,1,0
"Jul 11, 01:00 am",0,0,1,0.0519193,1,0
"Jul 11, 02:00 am",0,0,1,0.0520953,1,0
"Jul 11, 03:00 am",0,0,1,0.0522073,1,0
"Jul 11, 04:00 am",0,0,1,0.0521753,1,0
"Jul 11, 05:00 am",0,0,1,0.0520953,1,0
"Jul 11, 06:00 am",0,0,1,0.0520473,1,0
"Jul 11, 07:00 am",0,0,1,0.0518873,1,0
"Jul 11, 08:00 am",0,0,1,0.0516633,1,0
"Jul 11, 09:00 am",0,0,1,0.0513273,1,716.9
"Jul 11, 10:00 am",2866.59,4.34651,1,0.0505842,1,829.3
"Jul 11, 11:00 am",2866.59,3.66888,1,0.050188,1,875.6
"Jul 11, 12:00 pm",2866.59,3.11187,1,0.0496665,1,889.1
"Jul 11, 01:00 pm",2866.53,2.7562,1,0.0495868,1,886.5
"Jul 11, 02:00 pm",1914.08,0.402357,1,0.0496162,1,8.7
"Jul 11, 03:00 pm",231.891,0.241553,1,0.0497022,1,8.3
"Jul 11, 04:00 pm",96.3988,0.100415,1,0.0500121,1,7.6
"Jul 11, 05:00 pm",4.25066e-13,0,1,0.0503529,1,571.3
"Jul 11, 06:00 pm",0,0,1,0.0505656,1,0
"Jul 11, 07:00 pm",0,0,1,0.0507622,1,0
"Jul 11, 08:00 pm",0,0,1,0.0509108,1,0
"Jul 11, 09:00 pm",0,0,1,0.0510282,1,0
"Jul 11, 10:00 pm",0,0,1,0.0510873,1,0
"Jul 11, 11:00 pm",0,0,1,0.0511193,1,0
"Jul 12, 12:00 am",0,0,1,0.0511833,1,0
"Jul 12, 01:00 am",0,0,1,0.0512633,1,0
"Jul 12, 02:00 am",0,0,1,0.0513433,1,0
"Jul 12, 03:00 am",0,0,1,0.0513753,1,0
"Jul 12, 04:00 am",0,0,1,0.0513433,1,0
"Jul 12, 05:00 am",0,0,1,0.0513433,1,0
"Jul 12, 06:00 am",0,0,1,0.0513433,1,0
"Jul 12, 07:00 am",0,0,1,0.0514073,1,0
"Jul 12, 08:00 am",0,0,1,0.0512953,1,0
"Jul 12, 09:00 am",0,0,1,0.0509753,1,6.6
"Jul 12, 10:00 am",0,0,1,0.0507034,1,7.8
"Jul 12, 11:00 am",0,0,1,0.0504794,1,8.2
"Jul 12, 12:00 pm",0,0,1,0.0503354,1,8.4
"Jul 12, 01:00 pm",0,0,1,0.0503354,1,8.5
"Jul 12, 02:00 pm",0,0,1,0.0504314,1,832.8
"Jul 12, 03:00 pm",2866.59,3.1895,1,0.0505753,1,799.8
"Jul 12, 04:00 pm",575.335,0.420549,1,0.0507673,1,7.3
"Jul 12, 05:00 pm",223.02,0.232313,1,0.0510073,1,547.9
"Jul 12, 06:00 pm",0,0,1,0.0510873,1,0
"Jul 12, 07:00 pm",0,0,1,0.0512313,1,0
"Jul 12, 08:00 pm",0,0,1,0.0513593,1,0
"Jul 12, 09:00 pm",0,0,1,0.0514233,1,0
"Jul 12, 10:00 pm",0,0,1,0.0514553,1,0
"Jul 12, 11:00 pm",0,0,1,0.0514713,1,0
"Jul 13, 12:00 am",0,0,1,0.0515193,1,0
"Jul 13, 01:00 am",0,0,1,0.0515513,1,0
"Jul 13, 02:00 am",0,0,1,0.0515833,1,0
"Jul 13, 03:00 am",0,0,1,0.0515993,1,0
"Jul 13, 04:00 am",0,0,1,0.0516153,1,0
"Jul 13, 05:00 am",0,0,1,0.0517273,1,0
"Jul 13, 06:00 am",0,0,1,0.0518713,1,0
"Jul 13, 07:00 am",0,0,1,0.0519833,1,0
"Jul 13, 08:00 am",0,0,1,0.0517913,1,0
"Jul 13, 09:00 am",0,0,1,0.0514873,1,660.3
"Jul 13, 10:00 am",315.388,0.328529,1,0.0511353,1,7.8
"Jul 13, 11:00 am",331.883,0.345712,1,0.0508793,1,8.4
"Jul 13, 12:00 pm",160.629,0.167322,1,0.0506393,1,8.5
"Jul 13, 01:00 pm",0,0,1,0.0505274,1,8.6
"Jul 13, 02:00 pm",0,0,1,0.0505913,1,8.4
"Jul 13, 03:00 pm",0,0,1,0.0506714,1,8.1
"Jul 13, 04:00 pm",0,0,1,0.0508633,1,7.4
"Jul 13, 05:00 pm",0,0,1,0.0510233,1,561.7
"Jul 13, 06:00 pm",0,0,1,0.0511833,1,0
"Jul 13, 07:00 pm",0,0,1,0.0513433,1,0
"Jul 13, 08:00 pm",0,0,1,0.0514713,1,0
"Jul 13, 09:00 pm",0,0,1,0.0515673,1,0
"Jul 13, 10:00 pm",0,0,1,0.0516313,1,0
"Jul 13, 11:00 pm",0,0,1,0.0517113,1,0
"Jul 14, 12:00 am",0,0,1,0.0517273,1,0
"Jul 14, 01:00 am",0,0,1,0.0517593,1,0
"Jul 14, 02:00 am",0,0,1,0.0517273,1,0
"Jul 14, 03:00 am",0,0,1,0.0516473,1,0
"Jul 14, 04:00 am",0,0,1,0.0518713,1,0
"Jul 14, 05:00 am",0,0,1,0.0519513,1,0
"Jul 14, 06:00 am",0,0,1,0.0519673,1,0
"Jul 14, 07:00 am",0,0,1,0.0520313,1,0
"Jul 14, 08:00 am",0,0,1,0.0519993,1,0
"Jul 14, 09:00 am",0,0,1,0.0519353,1,6.5
"Jul 14, 10:00 am",0,0,1,0.0517913,1,7.7
"Jul 14, 11:00 am",0,0,1,0.0516313,1,8.3
"Jul 14, 12:00 pm",0,0,1,0.0515193,1,8.5
"Jul 14, 01:00 pm",0,0,1,0.0515033,1,8.5
"Jul 14, 02:00 pm",0,0,1,0.0514393,1,8.4
"Jul 14, 03:00 pm",0,0,1,0.0514553,1,8.1
"Jul 14, 04:00 pm",0,0,1,0.0515353,1,7.4
"Jul 14, 05:00 pm",0,0,1,0.0516153,1,560.9
"Jul 14, 06:00 pm",0,0,1,0.0516793,1,0
"Jul 14, 07:00 pm",0,0,1,0.0517113,1,0
"Jul 14, 08:00 pm",0,0,1,0.0517113,1,0
"Jul 14, 09:00 pm",0,0,1,0.0516953,1,0
"Jul 14, 10:00 pm",0,0,1,0.0516473,1,0
"Jul 14, 11:00 pm",0,0,1,0.0516953,1,0
"Jul 15, 12:00 am",0,0,1,0.0517273,1,0
"Jul 15, 01:00 am",0,0,1,0.0517913,1,0
"Jul 15, 02:00 am",0,0,1,0.0518233,1,0
"Jul 15, 03:00 am",0,0,1,0.0518553,1,0
"Jul 15, 04:00 am",0,0,1,0.0518713,1,0
"Jul 15, 05:00 am",0,0,1,0.0519513,1,0
"Jul 15, 06:00 am",0,0,1,0.0520313,1,0
"Jul 15, 07:00 am",0,0,1,0.0521593,1,0
"Jul 15, 08:00 am",0,0,1,0.0519673,1,0
"Jul 15, 09:00 am",0,0,1,0.0517273,1,663.3
"Jul 15, 10:00 am",2230.45,2.32338,1,0.0513433,1,782
"Jul 15, 11:00 am",2866.59,3.51804,1,0.051104,1,834
"Jul 15, 12:00 pm",809.227,0.403576,1,0.0509341,1,8.6
"Jul 15, 01:00 pm",230.492,0.240096,1,0.0508384,1,8.6
"Jul 15, 02:00 pm",0,0,1,0.050896,1,8.5
"Jul 15, 03:00 pm",0,0,1,0.0510553,1,8.2
"Jul 15, 04:00 pm",0,0,1,0.0512633,1,7.4
"Jul 15, 05:00 pm",0,0,1,0.0514713,1,566.5
"Jul 15, 06:00 pm",0,0,1,0.0516953,1,0
"Jul 15, 07:00 pm",0,0,1,0.0518233,1,0
"Jul 15, 08:00 pm",0,0,1,0.0519353,1,0
"Jul 15, 09:00 pm",0,0,1,0.0520473,1,0
"Jul 15, 10:00 pm",0,0,1,0.0521273,1,0
"Jul 15, 11:00 pm",0,0,1,0.0522073,1,0
"Jul 16, 12:00 am",0,0,1,0.0522713,1,0
"Jul 16, 01:00 am",0,0,1,0.0523513,1,0
"Jul 16, 02:00 am",0,0,1,0.0524313,1,0
"Jul 16, 03:00 am",0,0,1,0.0524793,1,0
"Jul 16, 04:00 am",0,0,1,0.0523673,1,0
"Jul 16, 05:00 am",0,0,1,0.0522393,1,0
"Jul 16, 06:00 am",0,0,1,0.0521113,1,0
"Jul 16, 07:00 am",0,0,1,0.0521433,1,0
"Jul 16, 08:00 am",0,0,1,0.0520633,1,0
"Jul 16, 09:00 am",0,0,1,0.0518553,1,6.6
"Jul 16, 10:00 am",0,0,1,0.0515033,1,7.8
"Jul 16, 11:00 am",0,0,1,0.0512633,1,8.3
"Jul 16, 12:00 pm",0,0,1,0.0511033,1,8.5
"Jul 16, 01:00 pm",0,0,1,0.0509753,1,8.5
"Jul 16, 02:00 pm",0,0,1,0.0510233,1,8.4
"Jul 16, 03:00 pm",0,0,1,0.0511033,1,8.1
"Jul 16, 04:00 pm",0,0,1,0.0512953,1,7.4
"Jul 16, 05:00 pm",0,0,1,0.0514233,1,5.7
"Jul 16, 06:00 pm",0,0,1,0.0515833,1,0
"Jul 16, 07:00 pm",0,0,1,0.0517273,1,0
"Jul 16, 08:00 pm",0,0,1,0.0518393,1,0
"Jul 16, 09:00 pm",0,0,1,0.0519513,1,0
"Jul 16, 10:00 pm",0,0,1,0.0520153,1,0
"Jul 16, 11:00 pm",0,0,1,0.0520313,1,0
"Jul 17, 12:00 am",0,0,1,0.0521113,1,0
"Jul 17, 01:00 am",0,0,1,0.0521913,1,0
"Jul 17, 02:00 am",0,0,1,0.0522553,1,0
"Jul 17, 03:00 am",0,0,1,0.0523353,1,0
"Jul 17, 04:00 am",0,0,1,0.0523833,1,0
"Jul 17, 05:00 am",0,0,1,0.0524153,1,0
"Jul 17, 06:00 am",0,0,1,0.0524793,1,0
"Jul 17, 07:00 am",0,0,1,0.0525113,1,0
"Jul 17, 08:00 am",0,0,1,0.0521273,1,0
"Jul 17, 09:00 am",0,0,1,0.0517593,1,671.7
"Jul 17, 10:00 am",2358.95,2.50197,1,0.0513913,1,789.5
"Jul 17, 11:00 am",2866.59,3.60303,1,0.051062,1,841.5
"Jul 17, 12:00 pm",2866.59,3.13429,1,0.050812,1,864
"Jul 17, 01:00 pm",2866.54,2.80609,1,0.0506306,1,868.9
"Jul 17, 02:00 pm",2866.54,2.90223,1,0.0505594,1,858.1
"Jul 17, 03:00 pm",2866.59,3.38291,1,0.0506936,1,827.3
"Jul 17, 04:00 pm",2803.35,2.18022,1,0.0510765,1,759.9
"Jul 17, 05:00 pm",383.304,0.399275,1,0.0514309,1,589.7
"Jul 17, 06:00 pm",220.894,0.230097,1,0.0516273,1,0
"Jul 17, 07:00 pm",0,0,1,0.0517784,1,0
"Jul 17, 08:00 pm",0,0,1,0.0519353,1,0
"Jul 17, 09:00 pm",0,0,1,0.0520473,1,0
"Jul 17, 10:00 pm",0,0,1,0.0521113,1,0
"Jul 17, 11:00 pm",0,0,1,0.0521913,1,0
"Jul 18, 12:00 am",0,0,1,0.0522713,1,0
"Jul 18, 01:00 am",0,0,1,0.0523513,1,0
"Jul 18, 02:00 am",0,0,1,0.0524473,1,0
"Jul 18, 03:00 am",0,0,1,0.0525273,1,0
"Jul 18, 04:00 am",0,0,1,0.0525753,1,0
"Jul 18, 05:00 am",0,0,1,0.0526393,1,0
"Jul 18, 06:00 am",0,0,1,0.0527033,1,0
"Jul 18, 07:00 am",0,0,1,0.0525433,1,0
"Jul 18, 08:00 am",0,0,1,0.0522553,1,0
"Jul 18, 09:00 am",0,0,1,0.0516953,1,706.6
"Jul 18, 10:00 am",2866.59,4.46225,1,0.0511649,1,817.4
"Jul 18, 11:00 am",2866.59,3.74843,1,0.0507877,1,864.9
"Jul 18, 12:00 pm",2866.59,3.23451,1,0.0503541,1,883.8
"Jul 18, 01:00 pm",2866.53,2.88839,1,0.0500558,1,886
"Jul 18, 02:00 pm",2866.53,2.9795,1,0.0498262,1,873.2
"Jul 18, 03:00 pm",2866.59,3.46612,1,0.049877,1,841.9
"Jul 18, 04:00 pm",2866.54,2.25343,1,0.0501844,1,775.1
"Jul 18, 05:00 pm",1947.65,0.399413,1,0.0506285,1,606.9
"Jul 18, 06:00 pm",221.537,0.230768,1,0.0509742,1,0
"Jul 18, 07:00 pm",0,0,1,0.0511928,1,0
"Jul 18, 08:00 pm",0,0,1,0.0514212,1,0
"Jul 18, 09:00 pm",0,0,1,0.0516176,1,0
"Jul 18, 10:00 pm",0,0,1,0.05175,1,0
"Jul 18, 11:00 pm",0,0,1,0.0518503,1,0
"Jul 19, 12:00 am",0,0,1,0.0519027,1,0
"Jul 19, 01:00 am",0,0,1,0.051987,1,0
"Jul 19, 02:00 am",0,0,1,0.0520552,1,0
"Jul 19, 03:00 am",0,0,1,0.0520964,1,0
"Jul 19, 04:00 am",0,0,1,0.0521273,1,0
"Jul 19, 05:00 am",0,0,1,0.0521913,1,0
"Jul 19, 06:00 am",0,0,1,0.0522873,1,0
"Jul 19, 07:00 am",0,0,1,0.0524153,1,0
"Jul 19, 08:00 am",0,0,1,0.0522873,1,0
"Jul 19, 09:00 am",0,0,1,0.0518553,1,709.7
"Jul 19, 10:00 am",2866.59,4.51734,1,0.0514438,1,818.8
"Jul 19, 11:00 am",2866.59,3.77322,1,0.0511204,1,865.5
"Jul 19, 12:00 pm",2866.59,3.25426,1,0.0507838,1,882.8
"Jul 19, 01:00 pm",2866.53,2.90409,1,0.0506142,1,883.7
"Jul 19, 02:00 pm",2866.2,2.98565,1,0.0506248,1,869.6
"Jul 19, 03:00 pm",2377.55,0.403457,1,0.0507496,1,8.4
"Jul 19, 04:00 pm",231.943,0.241607,1,0.0509759,1,7.7
"Jul 19, 05:00 pm",92.56,0.0964167,1,0.0511888,1,6
"Jul 19, 06:00 pm",0,0,1,0.0512722,1,0
"Jul 19, 07:00 pm",0,0,1,0.0513566,1,0
"Jul 19, 08:00 pm",0,0,1,0.0514891,1,0
"Jul 19, 09:00 pm",0,0,1,0.0515575,1,0
"Jul 19, 10:00 pm",0,0,1,0.0515459,1,0
"Jul 19, 11:00 pm",0,0,1,0.0515823,1,0
"Jul 20, 12:00 am",0,0,1,0.0515879,1,0
"Jul 20, 01:00 am",0,0,1,0.0515833,1,0
"Jul 20, 02:00 am",0,0,1,0.0515833,1,0
"Jul 20, 03:00 am",0,0,1,0.0515833,1,0
"Jul 20, 04:00 am",0,0,1,0.0515993,1,0
"Jul 20, 05:00 am",0,0,1,0.0516473,1,0
"Jul 20, 06:00 am",0,0,1,0.0517273,1,0
"Jul 20, 07:00 am",0,0,1,0.0518713,1,0
"Jul 20, 08:00 am",0,0,1,0.0517753,1,0
"Jul 20, 09:00 am",0,0,1,0.0516953,1,6.7
"Jul 20, 10:00 am",0,0,1,0.0514873,1,7.9
"Jul 20, 11:00 am",0,0,1,0.0513593,1,8.4
"Jul 20, 12:00 pm",0,0,1,0.0513433,1,8.6
"Jul 20, 01:00 pm",0,0,1,0.0513913,1,8.6
"Jul 20, 02:00 pm",0,0,1,0.0513753,1,8.5
"Jul 20, 03:00 pm",0,0,1,0.0514553,1,8.2
"Jul 20, 04:00 pm",0,0,1,0.0515513,1,7.5
"Jul 20, 05:00 pm",0,0,1,0.0516633,1,584.3
"Jul 20, 06:00 pm",0,0,1,0.0517913,1,0
"Jul 20, 07:00 pm",0,0,1,0.0519033,1,0
"Jul 20, 08:00 pm",0,0,1,0.0519673,1,0
"Jul 20, 09:00 pm",0,0,1,0.0520473,1,0
"Jul 20, 10:00 pm",0,0,1,0.0520473,1,0
"Jul 20, 11:00 pm",0,0,1,0.0520633,1,0
"Jul 21, 12:00 am",0,0,1,0.0520473,1,0
"Jul 21, 01:00 am",0,0,1,0.0519993,1,0
"Jul 21, 02:00 am",0,0,1,0.0519993,1,0
"Jul 21, 03:00 am",0,0,1,0.0520313,1,0
"Jul 21, 04:00 am",0,0,1,0.0520153,1,0
"Jul 21, 05:00 am",0,0,1,0.0521593,1,0
"Jul 21, 06:00 am",0,0,1,0.0522553,1,0
"Jul 21, 07:00 am",0,0,1,0.0523033,1,0
"Jul 21, 08:00 am",0,0,1,0.0519993,1,0
"Jul 21, 09:00 am",0,0,1,0.0517433,1,6.8
"Jul 21, 10:00 am",0,0,1,0.0513593,1,7.9
"Jul 21, 11:00 am",0,0,1,0.0510713,1,8.4
"Jul 21, 12:00 pm",0,0,1,0.0508633,1,863.1
"Jul 21, 01:00 pm",1990.01,2.07292,1,0.0507674,1,868.3
"Jul 21, 02:00 pm",2846.52,2.96512,1,0.0507194,1,858
"Jul 21, 03:00 pm",2866.59,3.44756,1,0.0508273,1,826.4
"Jul 21, 04:00 pm",2553.48,2.27973,1,0.0511839,1,759.3
"Jul 21, 05:00 pm",382.783,0.398732,1,0.0515401,1,594.8
"Jul 21, 06:00 pm",219.963,0.229128,1,0.0517433,1,0
"Jul 21, 07:00 pm",0,0,1,0.0518873,1,0
"Jul 21, 08:00 pm",0,0,1,0.0519993,1,0
"Jul 21, 09:00 pm",0,0,1,0.0520953,1,0
"Jul 21, 10:00 pm",0,0,1,0.0521113,1,0
"Jul 21, 11:00 pm",0,0,1,0.0521753,1,0
"Jul 22, 12:00 am",0,0,1,0.0522233,1,0
"Jul 22, 01:00 am",0,0,1,0.0522713,1,0
"Jul 22, 02:00 am",0,0,1,0.0523353,1,0
"Jul 22, 03:00 am",0,0,1,0.0524473,1,0
"Jul 22, 04:00 am",0,0,1,0.0525273,1,0
"Jul 22, 05:00 am",0,0,1,0.0525593,1,0
"Jul 22, 06:00 am",0,0,1,0.0526393,1,0
"Jul 22, 07:00 am",0,0,1,0.0526713,1,0
"Jul 22, 08:00 am",0,0,1,0.0522553,1,0
"Jul 22, 09:00 am",0,0,1,0.0517273,1,718.1
"Jul 22, 10:00 am",2866.59,4.67646,1,0.0512078,1,824.3
"Jul 22, 11:00 am",2866.59,3.85096,1,0.0508048,1,869.5
"Jul 22, 12:00 pm",2866.59,3.34009,1,0.0503926,1,886.2
"Jul 22, 01:00 pm",2867,2.98649,1,0.050147,1,886.9
"Jul 22, 02:00 pm",2866.59,3.06145,1,0.0501795,1,872.7
"Jul 22, 03:00 pm",2866.59,3.52796,1,0.0503152,1,839.8
"Jul 22, 04:00 pm",2866.54,2.35567,1,0.0506375,1,772.5
"Jul 22, 05:00 pm",2607.12,0.399086,1,0.0510062,1,609.2
"Jul 22, 06:00 pm",221.062,0.230273,1,0.0513322,1,0
"Jul 22, 07:00 pm",0,0,1,0.0514324,1,0
"Jul 22, 08:00 pm",0,0,1,0.0516272,1,0
"Jul 22, 09:00 pm",0,0,1,0.0517916,1,0
"Jul 22, 10:00 pm",0,0,1,0.0519399,1,0
"Jul 22, 11:00 pm",0,0,1,0.0520402,1,0
"Jul 23, 12:00 am",0,0,1,0.0521244,1,0
"Jul 23, 01:00 am",0,0,1,0.0521927,1,0
"Jul 23, 02:00 am",0,0,1,0.0522609,1,0
"Jul 23, 03:00 am",0,0,1,0.0523291,1,0
"Jul 23, 04:00 am",0,0,1,0.0523813,1,0
"Jul 23, 05:00 am",0,0,1,0.0524354,1,0
"Jul 23, 06:00 am",0,0,1,0.0525433,1,0
"Jul 23, 07:00 am",0,0,1,0.0525913,1,0
"Jul 23, 08:00 am",0,0,1,0.0521593,1,0
"Jul 23, 09:00 am",0,0,1,0.0516153,1,704.6
"Jul 23, 10:00 am",2866.59,4.60871,1,0.0510894,1,811.6
"Jul 23, 11:00 am",2866.59,3.81751,1,0.0507131,1,857.8
"Jul 23, 12:00 pm",2866.59,3.32448,1,0.0502678,1,876
"Jul 23, 01:00 pm",2866.53,2.97816,1,0.0500696,1,877.5
"Jul 23, 02:00 pm",2866.59,3.05164,1,0.0498932,1,864.3
"Jul 23, 03:00 pm",2866.59,3.51438,1,0.0500764,1,832.8
"Jul 23, 04:00 pm",2866.53,2.3632,1,0.0504941,1,766.7
"Jul 23, 05:00 pm",2490.91,0.398992,1,0.0509226,1,605.7
"Jul 23, 06:00 pm",220.842,0.230043,1,0.051198,1,0
"Jul 23, 07:00 pm",0,0,1,0.051354,1,0
"Jul 23, 08:00 pm",0,0,1,0.0515567,1,0
"Jul 23, 09:00 pm",0,0,1,0.0517211,1,0
"Jul 23, 10:00 pm",0,0,1,0.0518534,1,0
"Jul 23, 11:00 pm",0,0,1,0.0519377,1,0
"Jul 24, 12:00 am",0,0,1,0.052038,1,0
"Jul 24, 01:00 am",0,0,1,0.0521223,1,0
"Jul 24, 02:00 am",0,0,1,0.0522065,1,0
"Jul 24, 03:00 am",0,0,1,0.0523227,1,0
"Jul 24, 04:00 am",0,0,1,0.0524389,1,0
"Jul 24, 05:00 am",0,0,1,0.0525282,1,0
"Jul 24, 06:00 am",0,0,1,0.0523193,1,0
"Jul 24, 07:00 am",0,0,1,0.0520793,1,0
"Jul 24, 08:00 am",0,0,1,0.0518873,1,0
"Jul 24, 09:00 am",0,0,1,0.0513113,1,711.4
"Jul 24, 10:00 am",2866.59,4.70545,1,0.0508615,1,817.6
"Jul 24, 11:00 am",2866.59,3.86881,1,0.050527,1,863.6
"Jul 24, 12:00 pm",2866.59,3.37648,1,0.0500845,1,882.5
"Jul 24, 01:00 pm",2866.59,3.03348,1,0.0498425,1,884.8
"Jul 24, 02:00 pm",2866.59,3.11042,1,0.0496232,1,872.6
"Jul 24, 03:00 pm",2866.59,3.56786,1,0.0497459,1,840.3
"Jul 24, 04:00 pm",2866.53,2.42087,1,0.0501158,1,774.6
"Jul 24, 05:00 pm",2834.51,0.399063,1,0.0505235,1,615.6
"Jul 24, 06:00 pm",221.108,0.230321,1,0.0508884,1,0
"Jul 24, 07:00 pm",0,0,1,0.0511041,1,0
"Jul 24, 08:00 pm",0,0,1,0.0513334,1,0
"Jul 24, 09:00 pm",0,0,1,0.051513,1,0
"Jul 24, 10:00 pm",0,0,1,0.0516294,1,0
"Jul 24, 11:00 pm",0,0,1,0.0517297,1,0
"Jul 25, 12:00 am",0,0,1,0.0518141,1,0
"Jul 25, 01:00 am",0,0,1,0.0519304,1,0
"Jul 25, 02:00 am",0,0,1,0.0520626,1,0
"Jul 25, 03:00 am",0,0,1,0.0521789,1,0
"Jul 25, 04:00 am",0,0,1,0.0522791,1,0
"Jul 25, 05:00 am",0,0,1,0.0523633,1,0
"Jul 25, 06:00 am",0,0,1,0.0524503,1,0
"Jul 25, 07:00 am",0,0,1,0.0522553,1,0
"Jul 25, 08:00 am",0,0,1,0.0519513,1,0
"Jul 25, 09:00 am",15.4837,0,1,0.0512473,1,731.2
"Jul 25, 10:00 am",2866.59,4.90833,1,0.0506614,1,834.7
"Jul 25, 11:00 am",2866.59,3.96906,1,0.0502633,1,879.3
"Jul 25, 12:00 pm",2866.59,3.46801,1,0.0497425,1,898.5
"Jul 25, 01:00 pm",2866.59,3.11918,1,0.0494578,1,901.4
"Jul 25, 02:00 pm",2866.59,3.20627,1,0.0492296,1,890.1
"Jul 25, 03:00 pm",2866.59,3.66663,1,0.049356,1,857.9
"Jul 25, 04:00 pm",2866.53,2.50692,1,0.0497571,1,792.1
"Jul 25, 05:00 pm",2856.81,0.398915,1,0.0502821,1,635.8
"Jul 25, 06:00 pm",851.515,0.230405,1,0.0506074,1,0
"Jul 25, 07:00 pm",0,0,1,0.0508234,1,0
"Jul 25, 08:00 pm",0,0,1,0.051039,1,0
"Jul 25, 09:00 pm",0,0,1,0.0512305,1,0
"Jul 25, 10:00 pm",0,0,1,0.0514045,1,0
"Jul 25, 11:00 pm",0,0,1,0.051569,1,0
"Jul 26, 12:00 am",0,0,1,0.0517013,1,0
"Jul 26, 01:00 am",0,0,1,0.0518497,1,0
"Jul 26, 02:00 am",0,0,1,0.051998,1,0
"Jul 26, 03:00 am",0,0,1,0.0521622,1,0
"Jul 26, 04:00 am",0,0,1,0.0522625,1,0
"Jul 26, 05:00 am",0,0,1,0.0523467,1,0
"Jul 26, 06:00 am",0,0,1,0.0524308,1,0
"Jul 26, 07:00 am",0,0,1,0.0521631,1,0
"Jul 26, 08:00 am",0,0,1,0.0519273,1,0
"Jul 26, 09:00 am",0,0,1,0.0513124,1,736.1
"Jul 26, 10:00 am",2866.59,4.97944,1,0.0507676,1,836.3
"Jul 26, 11:00 am",2005.07,0.422891,1,0.0503513,1,8.8
"Jul 26, 12:00 pm",233.274,0.242994,1,0.0498468,1,8.9
"Jul 26, 01:00 pm",2121.66,2.21006,1,0.0495839,1,893.5
"Jul 26, 02:00 pm",2866.59,3.19454,1,0.0493699,1,879.7
"Jul 26, 03:00 pm",2866.59,3.64406,1,0.0494339,1,847.7
"Jul 26, 04:00 pm",2866.53,2.50396,1,0.0497034,1,782.2
"Jul 26, 05:00 pm",614.315,0.398745,1,0.0500742,1,627.4
"Jul 26, 06:00 pm",220.958,0.230164,1,0.0503944,1,0
"Jul 26, 07:00 pm",0,0,1,0.0506391,1,0
"Jul 26, 08:00 pm",0,0,1,0.0508677,1,0
"Jul 26, 09:00 pm",0,0,1,0.0510323,1,0
"Jul 26, 10:00 pm",0,0,1,0.0511209,1,0
"Jul 26, 11:00 pm",0,0,1,0.0512153,1,0
"Jul 27, 12:00 am",0,0,1,0.0512953,1,0
"Jul 27, 01:00 am",0,0,1,0.0514073,1,0
"Jul 27, 02:00 am",0,0,1,0.0515993,1,0
"Jul 27, 03:00 am",0,0,1,0.0517433,1,0
"Jul 27, 04:00 am",0,0,1,0.0518073,1,0
"Jul 27, 05:00 am",0,0,1,0.0518713,1,0
"Jul 27, 06:00 am",0,0,1,0.0520633,1,0
"Jul 27, 07:00 am",0,0,1,0.0521113,1,0
"Jul 27, 08:00 am",0,0,1,0.0518553,1,0
"Jul 27, 09:00 am",0,0,1,0.0512473,1,721.4
"Jul 27, 10:00 am",2866.59,4.89139,1,0.0507907,1,822.1
"Jul 27, 11:00 am",2866.59,3.95433,1,0.0504729,1,865.6
"Jul 27, 12:00 pm",2713.03,0.403501,1,0.0501055,1,8.8
"Jul 27, 01:00 pm",231.556,0.241205,1,0.0499244,1,8.9
"Jul 27, 02:00 pm",0,0,1,0.0497254,1,8.7
"Jul 27, 03:00 pm",0,0,1,0.0496385,1,8.4
"Jul 27, 04:00 pm",0,0,1,0.0498396,1,7.8
"Jul 27, 05:00 pm",0,0,1,0.0500846,1,6.3
"Jul 27, 06:00 pm",0,0,1,0.0502316,1,0
"Jul 27, 07:00 pm",0,0,1,0.0503803,1,0
"Jul 27, 08:00 pm",0,0,1,0.050561,1,0
"Jul 27, 09:00 pm",0,0,1,0.0507096,1,0
"Jul 27, 10:00 pm",0,0,1,0.0507782,1,0
"Jul 27, 11:00 pm",0,0,1,0.05085,1,0
"Jul 28, 12:00 am",0,0,1,0.0508953,1,0
"Jul 28, 01:00 am",0,0,1,0.0509433,1,0
"Jul 28, 02:00 am",0,0,1,0.0510393,1,0
"Jul 28, 03:00 am",0,0,1,0.0511193,1,0
"Jul 28, 04:00 am",0,0,1,0.0511193,1,0
"Jul 28, 05:00 am",0,0,1,0.0511033,1,0
"Jul 28, 06:00 am",0,0,1,0.0512473,1,0
"Jul 28, 07:00 am",0,0,1,0.0513433,1,0
"Jul 28, 08:00 am",0,0,1,0.0512793,1,0
"Jul 28, 09:00 am",0,0,1,0.0509273,1,7.2
"Jul 28, 10:00 am",0,0,1,0.0505274,1,8.2
"Jul 28, 11:00 am",0,0,1,0.0502554,1,8.6
"Jul 28, 12:00 pm",0,0,1,0.0499834,1,8.8
"Jul 28, 01:00 pm",0,0,1,0.0500314,1,8.8
"Jul 28, 02:00 pm",0,0,1,0.0501594,1,8.7
"Jul 28, 03:00 pm",0,0,1,0.0501914,1,8.4
"Jul 28, 04:00 pm",0,0,1,0.0503674,1,7.7
"Jul 28, 05:00 pm",0,0,1,0.0507034,1,622.3
"Jul 28, 06:00 pm",0,0,1,0.0509113,1,0
"Jul 28, 07:00 pm",0,0,1,0.0511193,1,0
"Jul 28, 08:00 pm",0,0,1,0.0512793,1,0
"Jul 28, 09:00 pm",0,0,1,0.0513753,1,0
"Jul 28, 10:00 pm",0,0,1,0.0514073,1,0
"Jul 28, 11:00 pm",0,0,1,0.0514713,1,0
"Jul 29, 12:00 am",0,0,1,0.0515513,1,0
"Jul 29, 01:00 am",0,0,1,0.0515673,1,0
"Jul 29, 02:00 am",0,0,1,0.0515833,1,0
"Jul 29, 03:00 am",0,0,1,0.0516313,1,0
"Jul 29, 04:00 am",0,0,1,0.0516473,1,0
"Jul 29, 05:00 am",0,0,1,0.0515833,1,0
"Jul 29, 06:00 am",0,0,1,0.0515993,1,0
"Jul 29, 07:00 am",0,0,1,0.0515833,1,0
"Jul 29, 08:00 am",0,0,1,0.0513913,1,0
"Jul 29, 09:00 am",0,0,1,0.0511033,1,7.2
"Jul 29, 10:00 am",0,0,1,0.0506714,1,8.2
"Jul 29, 11:00 am",0,0,1,0.0504954,1,8.6
"Jul 29, 12:00 pm",0,0,1,0.0502874,1,8.8
"Jul 29, 01:00 pm",0,0,1,0.0503514,1,8.7
"Jul 29, 02:00 pm",0,0,1,0.0504314,1,8.6
"Jul 29, 03:00 pm",0,0,1,0.0505913,1,8.3
"Jul 29, 04:00 pm",0,0,1,0.0507833,1,7.6
"Jul 29, 05:00 pm",0,0,1,0.0510233,1,613
"Jul 29, 06:00 pm",0,0,1,0.0512153,1,0
"Jul 29, 07:00 pm",0,0,1,0.0513913,1,0
"Jul 29, 08:00 pm",0,0,1,0.0514553,1,0
"Jul 29, 09:00 pm",0,0,1,0.0514553,1,0
"Jul 29, 10:00 pm",0,0,1,0.0514553,1,0
"Jul 29, 11:00 pm",0,0,1,0.0514073,1,0
"Jul 30, 12:00 am",0,0,1,0.0514073,1,0
"Jul 30, 01:00 am",0,0,1,0.0514073,1,0
"Jul 30, 02:00 am",0,0,1,0.0514393,1,0
"Jul 30, 03:00 am",0,0,1,0.0514233,1,0
"Jul 30, 04:00 am",0,0,1,0.0514393,1,0
"Jul 30, 05:00 am",0,0,1,0.0514233,1,0
"Jul 30, 06:00 am",0,0,1,0.0514873,1,0
"Jul 30, 07:00 am",0,0,1,0.0515353,1,0
"Jul 30, 08:00 am",0,0,1,0.0514713,1,0
"Jul 30, 09:00 am",0,0,1,0.0513593,1,6.8
"Jul 30, 10:00 am",0,0,1,0.0511033,1,7.8
"Jul 30, 11:00 am",0,0,1,0.0508473,1,8.3
"Jul 30, 12:00 pm",0,0,1,0.0505913,1,8.5
"Jul 30, 01:00 pm",0,0,1,0.0505434,1,8.5
"Jul 30, 02:00 pm",0,0,1,0.0504954,1,8.4
"Jul 30, 03:00 pm",0,0,1,0.0505434,1,8.1
"Jul 30, 04:00 pm",0,0,1,0.0506714,1,7.5
"Jul 30, 05:00 pm",0,0,1,0.0507034,1,603.9
"Jul 30, 06:00 pm",0,0,1,0.0507513,1,0
"Jul 30, 07:00 pm",0,0,1,0.0508633,1,0
"Jul 30, 08:00 pm",0,0,1,0.0509113,1,0
"Jul 30, 09:00 pm",0,0,1,0.0509593,1,0
"Jul 30, 10:00 pm",0,0,1,0.0510073,1,0
"Jul 30, 11:00 pm",0,0,1,0.0510233,1,0
"Jul 31, 12:00 am",0,0,1,0.0511033,1,0
"Jul 31, 01:00 am",0,0,1,0.0511993,1,0
"Jul 31, 02:00 am",0,0,1,0.0512313,1,0
"Jul 31, 03:00 am",0,0,1,0.0512473,1,0
"Jul 31, 04:00 am",0,0,1,0.0512953,1,0
"Jul 31, 05:00 am",0,0,1,0.0513113,1,0
"Jul 31, 06:00 am",0,0,1,0.0513913,1,0
"Jul 31, 07:00 am",0,0,1,0.0514393,1,0
"Jul 31, 08:00 am",0,0,1,0.0514713,1,0
"Jul 31, 09:00 am",0,0,1,0.0515513,1,7.2
"Jul 31, 10:00 am",0,0,1,0.0512633,1,8.2
"Jul 31, 11:00 am",0,0,1,0.0510233,1,8.7
"Jul 31, 12:00 pm",0,0,1,0.0505753,1,8.9
"Jul 31, 01:00 pm",0,0,1,0.0505434,1,8.9
"Jul 31, 02:00 pm",0,0,1,0.0506233,1,8.8
"Jul 31, 03:00 pm",0,0,1,0.0506874,1,8.5
"Jul 31, 04:00 pm",0,0,1,0.0508473,1,7.9
"Jul 31, 05:00 pm",0,0,1,0.0511353,1,646.2
"Jul 31, 06:00 pm",0,0,1,0.0513593,1,0
"Jul 31, 07:00 pm",0,0,1,0.0515193,1,0
"Jul 31, 08:00 pm",0,0,1,0.0515673,1,0
"Jul 31, 09:00 pm",0,0,1,0.0515513,1,0
"Jul 31, 10:00 pm",0,0,1,0.0515193,1,0
"Jul 31, 11:00 pm",0,0,1,0.0515513,1,0
"Aug 1, 12:00 am",0,0,1,0.0514073,1,0
"Aug 1, 01:00 am",0,0,1,0.0514873,1,0
"Aug 1, 02:00 am",0,0,1,0.0515513,1,0
"Aug 1, 03:00 am",0,0,1,0.0515673,1,0
"Aug 1, 04:00 am",0,0,1,0.0515513,1,0
"Aug 1, 05:00 am",0,0,1,0.0515353,1,0
"Aug 1, 06:00 am",0,0,1,0.0515993,1,0
"Aug 1, 07:00 am",0,0,1,0.0514393,1,0
"Aug 1, 08:00 am",0,0,1,0.0510233,1,0
"Aug 1, 09:00 am",0,0,1,0.0504954,1,714.4
"Aug 1, 10:00 am",2388.78,3.1435,1,0.0499635,1,815.3
"Aug 1, 11:00 am",2866.59,4.04033,1,0.0496296,1,861.6
"Aug 1, 12:00 pm",2866.59,3.6056,1,0.0492861,1,882.3
"Aug 1, 01:00 pm",2866.59,3.2782,1,0.0491328,1,887.9
"Aug 1, 02:00 pm",2866.59,3.34739,1,0.0489991,1,878.5
"Aug 1, 03:00 pm",2866.59,3.78678,1,0.0490805,1,849.4
"Aug 1, 04:00 pm",2866.53,2.72324,1,0.049292,1,789
"Aug 1, 05:00 pm",2824.29,0.39852,1,0.0497125,1,646.1
"Aug 1, 06:00 pm",576.752,0.229788,1,0.0501096,1,0
"Aug 1, 07:00 pm",0,0,1,0.0503614,1,0
"Aug 1, 08:00 pm",0,0,1,0.0505216,1,0
"Aug 1, 09:00 pm",0,0,1,0.0506542,1,0
"Aug 1, 10:00 pm",0,0,1,0.0507709,1,0
"Aug 1, 11:00 pm",0,0,1,0.0508075,1,0
"Aug 2, 12:00 am",0,0,1,0.0508441,1,0
"Aug 2, 01:00 am",0,0,1,0.0508807,1,0
"Aug 2, 02:00 am",0,0,1,0.0509812,1,0
"Aug 2, 03:00 am",0,0,1,0.0510818,1,0
"Aug 2, 04:00 am",0,0,1,0.0511823,1,0
"Aug 2, 05:00 am",0,0,1,0.0512828,1,0
"Aug 2, 06:00 am",0,0,1,0.0514152,1,0
"Aug 2, 07:00 am",0,0,1,0.0515684,1,0
"Aug 2, 08:00 am",0,0,1,0.0512313,1,0
"Aug 2, 09:00 am",0,0,1,0.0509593,1,7
"Aug 2, 10:00 am",0,0,1,0.0505274,1,8
"Aug 2, 11:00 am",0,0,1,0.0501914,1,8.5
"Aug 2, 12:00 pm",0,0,1,0.0499034,1,8.7
"Aug 2, 01:00 pm",0,0,1,0.0497274,1,8.7
"Aug 2, 02:00 pm",0,0,1,0.0496634,1,8.6
"Aug 2, 03:00 pm",477.725,1.19594,1,0.0498258,1,823.4
"Aug 2, 04:00 pm",2866.54,2.53405,1,0.0501003,1,759.6
"Aug 2, 05:00 pm",538.305,0.398589,1,0.050284,1,613.6
"Aug 2, 06:00 pm",219.644,0.228796,1,0.0504211,1,0
"Aug 2, 07:00 pm",0,0,1,0.0505114,1,0
"Aug 2, 08:00 pm",0,0,1,0.0505753,1,0
"Aug 2, 09:00 pm",0,0,1,0.0505913,1,0
"Aug 2, 10:00 pm",0,0,1,0.0505753,1,0
"Aug 2, 11:00 pm",0,0,1,0.0506073,1,0
"Aug 3, 12:00 am",0,0,1,0.0506393,1,0
"Aug 3, 01:00 am",0,0,1,0.0505913,1,0
"Aug 3, 02:00 am",0,0,1,0.0505913,1,0
"Aug 3, 03:00 am",0,0,1,0.0506073,1,0
"Aug 3, 04:00 am",0,0,1,0.0506874,1,0
"Aug 3, 05:00 am",0,0,1,0.0507993,1,0
"Aug 3, 06:00 am",0,0,1,0.0509273,1,0
"Aug 3, 07:00 am",0,0,1,0.0510553,1,0
"Aug 3, 08:00 am",0,0,1,0.0509913,1,0
"Aug 3, 09:00 am",0,0,1,0.0507513,1,7
"Aug 3, 10:00 am",0,0,1,0.0505274,1,8.1
"Aug 3, 11:00 am",0,0,1,0.0503034,1,8.5
"Aug 3, 12:00 pm",0,0,1,0.0501754,1,8.7
"Aug 3, 01:00 pm",440.439,0.955926,1,0.0500634,1,876
"Aug 3, 02:00 pm",2866.59,3.19663,1,0.0500954,1,866.9
"Aug 3, 03:00 pm",2866.59,3.7837,1,0.0502267,1,839.8
"Aug 3, 04:00 pm",2866.53,2.75899,1,0.0503811,1,781.9
"Aug 3, 05:00 pm",1416.57,0.397961,1,0.0506131,1,644.3
"Aug 3, 06:00 pm",219.074,0.228202,1,0.0509388,1,0
"Aug 3, 07:00 pm",0,0,1,0.0511193,1,0
"Aug 3, 08:00 pm",0,0,1,0.0511559,1,0
"Aug 3, 09:00 pm",0,0,1,0.0511604,1,0
"Aug 3, 10:00 pm",0,0,1,0.051265,1,0
"Aug 3, 11:00 pm",0,0,1,0.0513273,1,0
"Aug 4, 12:00 am",0,0,1,0.0514873,1,0
"Aug 4, 01:00 am",0,0,1,0.0516313,1,0
"Aug 4, 02:00 am",0,0,1,0.0517913,1,0
"Aug 4, 03:00 am",0,0,1,0.0519833,1,0
"Aug 4, 04:00 am",0,0,1,0.0521113,1,0
"Aug 4, 05:00 am",0,0,1,0.0522233,1,0
"Aug 4, 06:00 am",0,0,1,0.0521593,1,0
"Aug 4, 07:00 am",0,0,1,0.0519353,1,0
"Aug 4, 08:00 am",0,0,1,0.0517433,1,483.1
"Aug 4, 09:00 am",0,0,1,0.0512473,1,7.7
"Aug 4, 10:00 am",0,0,1,0.0506874,1,8.6
"Aug 4, 11:00 am",0,0,1,0.0504314,1,9
"Aug 4, 12:00 pm",0,0,1,0.0499994,1,9.1
"Aug 4, 01:00 pm",0,0,1,0.0498554,1,9.1
"Aug 4, 02:00 pm",0,0,1,0.0499034,1,9
"Aug 4, 03:00 pm",0,0,1,0.0500474,1,8.7
"Aug 4, 04:00 pm",0,0,1,0.0503194,1,8.1
"Aug 4, 05:00 pm",0,0,1,0.0506393,1,679.4
"Aug 4, 06:00 pm",0,0,1,0.0509433,1,0
"Aug 4, 07:00 pm",0,0,1,0.0511513,1,0
"Aug 4, 08:00 pm",0,0,1,0.0513433,1,0
"Aug 4, 09:00 pm",0,0,1,0.0514713,1,0
"Aug 4, 10:00 pm",0,0,1,0.0515673,1,0
"Aug 4, 11:00 pm",0,0,1,0.0516793,1,0
"Aug 5, 12:00 am",0,0,1,0.0517913,1,0
"Aug 5, 01:00 am",0,0,1,0.0519033,1,0
"Aug 5, 02:00 am",0,0,1,0.0519833,1,0
"Aug 5, 03:00 am",0,0,1,0.0520633,1,0
"Aug 5, 04:00 am",0,0,1,0.0521273,1,0
"Aug 5, 05:00 am",0,0,1,0.0521913,1,0
"Aug 5, 06:00 am",0,0,1,0.0522873,1,0
"Aug 5, 07:00 am",0,0,1,0.0521433,1,0
"Aug 5, 08:00 am",0,0,1,0.0517113,1,471
"Aug 5, 09:00 am",0,0,1,0.0512633,1,757.4
"Aug 5, 10:00 am",2388.78,3.86914,1,0.050859,1,847.5
"Aug 5, 11:00 am",1482.15,0.405786,1,0.0505365,1,8.9
"Aug 5, 12:00 pm",234.524,0.244296,1,0.0501456,1,9
"Aug 5, 01:00 pm",98.9821,0.103106,1,0.0498823,1,9
"Aug 5, 02:00 pm",0,0,1,0.0497473,1,8.9
"Aug 5, 03:00 pm",0,0,1,0.0498663,1,8.6
"Aug 5, 04:00 pm",0,0,1,0.050066,1,8
"Aug 5, 05:00 pm",0,0,1,0.0503994,1,659.8
"Aug 5, 06:00 pm",0,0,1,0.0506393,1,0
"Aug 5, 07:00 pm",0,0,1,0.0508314,1,0
"Aug 5, 08:00 pm",0,0,1,0.0509273,1,0
"Aug 5, 09:00 pm",0,0,1,0.0510073,1,0
"Aug 5, 10:00 pm",0,0,1,0.0510233,1,0
"Aug 5, 11:00 pm",0,0,1,0.0510553,1,0
"Aug 6, 12:00 am",0,0,1,0.0511033,1,0
"Aug 6, 01:00 am",0,0,1,0.0511033,1,0
"Aug 6, 02:00 am",0,0,1,0.0512153,1,0
"Aug 6, 03:00 am",0,0,1,0.0512313,1,0
"Aug 6, 04:00 am",0,0,1,0.0511513,1,0
"Aug 6, 05:00 am",0,0,1,0.0512953,1,0
"Aug 6, 06:00 am",0,0,1,0.0514393,1,0
"Aug 6, 07:00 am",0,0,1,0.0515833,1,0
"Aug 6, 08:00 am",0,0,1,0.0515673,1,4.1
"Aug 6, 09:00 am",0,0,1,0.0514233,1,7.1
"Aug 6, 10:00 am",0,0,1,0.0511673,1,8
"Aug 6, 11:00 am",0,0,1,0.0510393,1,8.5
"Aug 6, 12:00 pm",0,0,1,0.0509433,1,8.7
"Aug 6, 01:00 pm",0,0,1,0.0507833,1,8.8
"Aug 6, 02:00 pm",0,0,1,0.0507673,1,8.8
"Aug 6, 03:00 pm",468.038,1.15546,1,0.0507354,1,853.1
"Aug 6, 04:00 pm",2866.56,2.78485,1,0.0508953,1,800.5
"Aug 6, 05:00 pm",772.583,0.398358,1,0.0512848,1,671.7
"Aug 6, 06:00 pm",218.763,0.227879,1,0.0515248,1,0
"Aug 6, 07:00 pm",0,0,1,0.0517113,1,0
"Aug 6, 08:00 pm",0,0,1,0.0518073,1,0
"Aug 6, 09:00 pm",0,0,1,0.0518713,1,0
"Aug 6, 10:00 pm",0,0,1,0.0519033,1,0
"Aug 6, 11:00 pm",0,0,1,0.0520153,1,0
"Aug 7, 12:00 am",0,0,1,0.0521593,1,0
"Aug 7, 01:00 am",0,0,1,0.0522873,1,0
"Aug 7, 02:00 am",0,0,1,0.0523673,1,0
"Aug 7, 03:00 am",0,0,1,0.0524633,1,0
"Aug 7, 04:00 am",0,0,1,0.0525273,1,0
"Aug 7, 05:00 am",0,0,1,0.0526233,1,0
"Aug 7, 06:00 am",0,0,1,0.0526713,1,0
"Aug 7, 07:00 am",0,0,1,0.0525593,1,0
"Aug 7, 08:00 am",0,0,1,0.0522073,1,534.6
"Aug 7, 09:00 am",477.725,1.38339,1,0.051669,1,798.9
"Aug 7, 10:00 am",2866.59,4.81463,1,0.0512284,1,881.5
"Aug 7, 11:00 am",2866.59,4.49124,1,0.050837,1,917.1
"Aug 7, 12:00 pm",2866.59,4.00244,1,0.050429,1,931.8
"Aug 7, 01:00 pm",2866.59,3.65784,1,0.0502343,1,932.4
"Aug 7, 02:00 pm",2866.59,3.70633,1,0.0500951,1,920
"Aug 7, 03:00 pm",2866.59,4.13695,1,0.0502053,1,890.1
"Aug 7, 04:00 pm",2866.59,3.09488,1,0.0505915,1,831.2
"Aug 7, 05:00 pm",2866.56,0.398854,1,0.0512254,1,696.3
"Aug 7, 06:00 pm",2727.6,0.22948,1,0.0515733,1,0
"Aug 7, 07:00 pm",1518.43,0,1,0.0518597,1,0
"Aug 7, 08:00 pm",0,0,1,0.0520404,1,0
"Aug 7, 09:00 pm",0,0,1,0.0520947,1,0
"Aug 7, 10:00 pm",0,0,1,0.0521489,1,0
"Aug 7, 11:00 pm",0,0,1,0.0522189,1,0
"Aug 8, 12:00 am",0,0,1,0.0523027,1,0
"Aug 8, 01:00 am",0,0,1,0.0524175,1,0
"Aug 8, 02:00 am",0,0,1,0.0525656,1,0
"Aug 8, 03:00 am",0,0,1,0.0526657,1,0
"Aug 8, 04:00 am",0,0,1,0.0526858,1,0
"Aug 8, 05:00 am",0,0,1,0.0527219,1,0
"Aug 8, 06:00 am",0,0,1,0.052774,1,0
"Aug 8, 07:00 am",0,0,1,0.0525541,1,0
"Aug 8, 08:00 am",0,0,1,0.0521103,1,528.2
"Aug 8, 09:00 am",477.725,1.37219,1,0.0513523,1,790.8
"Aug 8, 10:00 am",2866.59,4.79638,1,0.0507883,1,873.6
"Aug 8, 11:00 am",2866.59,4.48519,1,0.0502882,1,909.8
"Aug 8, 12:00 pm",2866.59,3.99956,1,0.0498022,1,923.3
"Aug 8, 01:00 pm",2866.59,3.65706,1,0.0495444,1,923.1
"Aug 8, 02:00 pm",2866.59,3.69872,1,0.0493729,1,909.9
"Aug 8, 03:00 pm",2866.59,4.12475,1,0.0494811,1,881.1
"Aug 8, 04:00 pm",2866.59,3.10274,1,0.0497999,1,823.3
"Aug 8, 05:00 pm",2866.56,0.399332,1,0.0505472,1,691.6
"Aug 8, 06:00 pm",2729.5,0.23017,1,0.051,1,0
"Aug 8, 07:00 pm",1567.11,0,1,0.0512997,1,0
"Aug 8, 08:00 pm",0,0,1,0.0514806,1,0
"Aug 8, 09:00 pm",0,0,1,0.0515516,1,0
"Aug 8, 10:00 pm",0,0,1,0.0516065,1,0
"Aug 8, 11:00 pm",0,0,1,0.0516613,1,0
"Aug 9, 12:00 am",0,0,1,0.05171,1,0
"Aug 9, 01:00 am",0,0,1,0.0517895,1,0
"Aug 9, 02:00 am",0,0,1,0.0519059,1,0
"Aug 9, 03:00 am",0,0,1,0.0520381,1,0
"Aug 9, 04:00 am",0,0,1,0.0521544,1,0
"Aug 9, 05:00 am",0,0,1,0.0522706,1,0
"Aug 9, 06:00 am",0,0,1,0.0523548,1,0
"Aug 9, 07:00 am",0,0,1,0.052311,1,0
"Aug 9, 08:00 am",0,0,1,0.0519152,1,496.1
"Aug 9, 09:00 am",477.725,1.29298,1,0.0514264,1,759.1
"Aug 9, 10:00 am",2866.59,4.64888,1,0.0511015,1,845.9
"Aug 9, 11:00 am",2442.86,0.405498,1,0.050866,1,8.8
"Aug 9, 12:00 pm",2866.59,3.43559,1,0.0505903,1,899.9
"Aug 9, 01:00 pm",2866.59,3.59208,1,0.050424,1,900
"Aug 9, 02:00 pm",2866.59,3.6367,1,0.0503743,1,887.6
"Aug 9, 03:00 pm",1830.42,0.404302,1,0.0504467,1,8.6
"Aug 9, 04:00 pm",2463.13,2.56576,1,0.0506153,1,800.8
"Aug 9, 05:00 pm",371.272,0.386742,1,0.0510551,1,6.7
"Aug 9, 06:00 pm",217.261,0.226313,1,0.051312,1,0
"Aug 9, 07:00 pm",0,0,1,0.0514875,1,0
"Aug 9, 08:00 pm",0,0,1,0.0516198,1,0
"Aug 9, 09:00 pm",0,0,1,0.0517042,1,0
"Aug 9, 10:00 pm",0,0,1,0.0517725,1,0
"Aug 9, 11:00 pm",0,0,1,0.0518249,1,0
"Aug 10, 12:00 am",0,0,1,0.0518932,1,0
"Aug 10, 01:00 am",0,0,1,0.0519295,1,0
"Aug 10, 02:00 am",0,0,1,0.0519498,1,0
"Aug 10, 03:00 am",0,0,1,0.0519701,1,0
"Aug 10, 04:00 am",0,0,1,0.0520223,1,0
"Aug 10, 05:00 am",0,0,1,0.0520586,1,0
"Aug 10, 06:00 am",0,0,1,0.0519989,1,0
"Aug 10, 07:00 am",0,0,1,0.0520192,1,0
"Aug 10, 08:00 am",4.25066e-13,0,1,0.0516875,1,4.8
"Aug 10, 09:00 am",0,0,1,0.0514519,1,7.4
"Aug 10, 10:00 am",0,0,1,0.0510884,1,8.2
"Aug 10, 11:00 am",0,0,1,0.050677,1,8.6
"Aug 10, 12:00 pm",0,0,1,0.0504416,1,8.8
"Aug 10, 01:00 pm",0,0,1,0.0503504,1,8.8
"Aug 10, 02:00 pm",0,0,1,0.05034,1,8.7
"Aug 10, 03:00 pm",0,0,1,0.0503834,1,8.4
"Aug 10, 04:00 pm",0,0,1,0.0504954,1,7.9
"Aug 10, 05:00 pm",0,0,1,0.0507673,1,6.6
"Aug 10, 06:00 pm",0,0,1,0.0509913,1,0
"Aug 10, 07:00 pm",0,0,1,0.0511193,1,0
"Aug 10, 08:00 pm",0,0,1,0.0511993,1,0
"Aug 10, 09:00 pm",0,0,1,0.0512153,1,0
"Aug 10, 10:00 pm",0,0,1,0.0512313,1,0
"Aug 10, 11:00 pm",0,0,1,0.0512313,1,0
"Aug 11, 12:00 am",0,0,1,0.0512473,1,0
"Aug 11, 01:00 am",0,0,1,0.0512633,1,0
"Aug 11, 02:00 am",0,0,1,0.0512473,1,0
"Aug 11, 03:00 am",0,0,1,0.0512473,1,0
"Aug 11, 04:00 am",0,0,1,0.0512793,1,0
"Aug 11, 05:00 am",0,0,1,0.0513593,1,0
"Aug 11, 06:00 am",0,0,1,0.0514393,1,0
"Aug 11, 07:00 am",0,0,1,0.0514713,1,0
"Aug 11, 08:00 am",0,0,1,0.0511993,1,5.2
"Aug 11, 09:00 am",0,0,1,0.0510073,1,7.7
"Aug 11, 10:00 am",0,0,1,0.0507354,1,8.6
"Aug 11, 11:00 am",0,0,1,0.0503994,1,902.1
"Aug 11, 12:00 pm",2866.59,4.86219,1,0.0503594,1,919
"Aug 11, 01:00 pm",2866.59,3.74736,1,0.0504059,1,921.4
"Aug 11, 02:00 pm",2866.59,3.80463,1,0.0504106,1,911.2
"Aug 11, 03:00 pm",2866.59,4.2141,1,0.0505136,1,881.3
"Aug 11, 04:00 pm",2866.59,3.21411,1,0.0506789,1,823.3
"Aug 11, 05:00 pm",2866.56,0.3984,1,0.0511437,1,694.9
"Aug 11, 06:00 pm",1710.15,0.22839,1,0.0515791,1,0
"Aug 11, 07:00 pm",0,0,1,0.0517345,1,0
"Aug 11, 08:00 pm",0,0,1,0.0518051,1,0
"Aug 11, 09:00 pm",0,0,1,0.0518435,1,0
"Aug 11, 10:00 pm",0,0,1,0.0518499,1,0
"Aug 11, 11:00 pm",0,0,1,0.0518464,1,0
"Aug 12, 12:00 am",0,0,1,0.0518738,1,0
"Aug 12, 01:00 am",0,0,1,0.0519421,1,0
"Aug 12, 02:00 am",0,0,1,0.0519944,1,0
"Aug 12, 03:00 am",0,0,1,0.0520627,1,0
"Aug 12, 04:00 am",0,0,1,0.0521469,1,0
"Aug 12, 05:00 am",0,0,1,0.0522632,1,0
"Aug 12, 06:00 am",0,0,1,0.0523634,1,0
"Aug 12, 07:00 am",0,0,1,0.0524315,1,0
"Aug 12, 08:00 am",0,0,1,0.0519718,1,558.2
"Aug 12, 09:00 am",477.725,1.58085,1,0.0516065,1,801.7
"Aug 12, 10:00 am",2866.59,4.96669,1,0.051394,1,884.4
"Aug 12, 11:00 am",2866.59,4.66115,1,0.0510806,1,922.7
"Aug 12, 12:00 pm",2866.59,4.21069,1,0.0507633,1,938.7
"Aug 12, 01:00 pm",2866.59,3.8777,1,0.0505528,1,940.9
"Aug 12, 02:00 pm",2866.59,3.92586,1,0.0504144,1,930.8
"Aug 12, 03:00 pm",2866.59,4.34349,1,0.0504737,1,901.1
"Aug 12, 04:00 pm",2866.59,3.33798,1,0.0507805,1,844.3
"Aug 12, 05:00 pm",2866.56,0.398749,1,0.0513527,1,717.5
"Aug 12, 06:00 pm",2756.44,0.228045,1,0.0518622,1,233.1
"Aug 12, 07:00 pm",2868.28,0,1,0.0521815,1,0
"Aug 12, 08:00 pm",0,0,1,0.0523028,1,0
"Aug 12, 09:00 pm",0,0,1,0.0523568,1,0
"Aug 12, 10:00 pm",0,0,1,0.0523627,1,0
"Aug 12, 11:00 pm",0,0,1,0.0523047,1,0
"Aug 13, 12:00 am",0,0,1,0.0522627,1,0
"Aug 13, 01:00 am",0,0,1,0.052298,1,0
"Aug 13, 02:00 am",0,0,1,0.0523803,1,0
"Aug 13, 03:00 am",0,0,1,0.0524805,1,0
"Aug 13, 04:00 am",0,0,1,0.0525646,1,0
"Aug 13, 05:00 am",0,0,1,0.0526807,1,0
"Aug 13, 06:00 am",0,0,1,0.0528128,1,0
"Aug 13, 07:00 am",0,0,1,0.0525769,1,0
"Aug 13, 08:00 am",0.0271964,0,1,0.052101,1,589.7
"Aug 13, 09:00 am",477.725,1.67016,1,0.0514845,1,820.3
"Aug 13, 10:00 am",2866.59,5.09183,1,0.0512049,1,898.9
"Aug 13, 11:00 am",2866.59,4.75883,1,0.0507532,1,934.6
"Aug 13, 12:00 pm",2866.59,4.3052,1,0.0502428,1,949.4
"Aug 13, 01:00 pm",2866.59,3.95838,1,0.049902,1,950.7
"Aug 13, 02:00 pm",2866.59,4.00963,1,0.0496976,1,940.2
"Aug 13, 03:00 pm",2866.56,4.45562,1,0.0495104,1,914.9
"Aug 13, 04:00 pm",2866.55,3.46312,1,0.049808,1,863
"Aug 13, 05:00 pm",2866.56,0.399631,1,0.0503808,1,743.9
"Aug 13, 06:00 pm",2773.31,0.229989,1,0.0508659,1,266.7
"Aug 13, 07:00 pm",2866.65,0,1,0.0512432,1,0
"Aug 13, 08:00 pm",855.774,0,1,0.0514589,1,0
"Aug 13, 09:00 pm",0,0,1,0.0516062,1,0
"Aug 13, 10:00 pm",0,0,1,0.0516771,1,0
"Aug 13, 11:00 pm",0,0,1,0.051732,1,0
"Aug 14, 12:00 am",0,0,1,0.0517868,1,0
"Aug 14, 01:00 am",0,0,1,0.0518255,1,0
"Aug 14, 02:00 am",0,0,1,0.0518927,1,0
"Aug 14, 03:00 am",0,0,1,0.0519587,1,0
"Aug 14, 04:00 am",0,0,1,0.052011,1,0
"Aug 14, 05:00 am",0,0,1,0.0521112,1,0
"Aug 14, 06:00 am",0,0,1,0.0522754,1,0
"Aug 14, 07:00 am",0,0,1,0.0524076,1,0
"Aug 14, 08:00 am",0,0,1,0.0519958,1,577.4
"Aug 14, 09:00 am",477.725,1.63875,1,0.0514263,1,802.4
"Aug 14, 10:00 am",2866.59,4.99385,1,0.0512004,1,878.1
"Aug 14, 11:00 am",2866.59,4.66928,1,0.0508288,1,911.9
"Aug 14, 12:00 pm",2866.56,0.405448,1,0.0505541,1,9.3
"Aug 14, 01:00 pm",2866.59,3.3985,1,0.0502713,1,927.3
"Aug 14, 02:00 pm",2379.45,0.39654,1,0.0501165,1,9.2
"Aug 14, 03:00 pm",234.089,0.243843,1,0.0501431,1,8.9
"Aug 14, 04:00 pm",102.381,0.106646,1,0.0502639,1,8.3
"Aug 14, 05:00 pm",0,0,1,0.0506723,1,7.1
"Aug 14, 06:00 pm",0,0,1,0.0509202,1,264.2
"Aug 14, 07:00 pm",0,0,1,0.0511213,1,0
"Aug 14, 08:00 pm",0,0,1,0.0512887,1,0
"Aug 14, 09:00 pm",0,0,1,0.0514371,1,0
"Aug 14, 10:00 pm",0,0,1,0.0515375,1,0
"Aug 14, 11:00 pm",0,0,1,0.0516699,1,0
"Aug 15, 12:00 am",0,0,1,0.0517862,1,0
"Aug 15, 01:00 am",0,0,1,0.0518705,1,0
"Aug 15, 02:00 am",0,0,1,0.0519708,1,0
"Aug 15, 03:00 am",0,0,1,0.0520391,1,0
"Aug 15, 04:00 am",0,0,1,0.0520914,1,0
"Aug 15, 05:00 am",0,0,1,0.0521276,1,0
"Aug 15, 06:00 am",0,0,1,0.0522598,1,0
"Aug 15, 07:00 am",0,0,1,0.052088,1,0
"Aug 15, 08:00 am",0,0,1,0.0515804,1,5.5
"Aug 15, 09:00 am",477.725,1.44467,1,0.0508723,1,784
"Aug 15, 10:00 am",1230.39,0.449108,1,0.0503848,1,8.6
"Aug 15, 11:00 am",2866.59,4.04167,1,0.0499662,1,898
"Aug 15, 12:00 pm",2866.59,4.19463,1,0.0496113,1,912.8
"Aug 15, 01:00 pm",2866.59,3.87672,1,0.0494448,1,913.6
"Aug 15, 02:00 pm",2866.59,3.91179,1,0.0492485,1,902
"Aug 15, 03:00 pm",2866.59,4.30978,1,0.0493598,1,874.8
"Aug 15, 04:00 pm",2866.59,3.36079,1,0.0495264,1,820.2
"Aug 15, 05:00 pm",2867.4,0.399809,1,0.0500014,1,698.2
"Aug 15, 06:00 pm",2597.39,0.230158,1,0.0503853,1,257.4
"Aug 15, 07:00 pm",0,0,1,0.0506979,1,0
"Aug 15, 08:00 pm",0,0,1,0.0508338,1,0
"Aug 15, 09:00 pm",0,0,1,0.0509056,1,0
"Aug 15, 10:00 pm",0,0,1,0.0509861,1,0
"Aug 15, 11:00 pm",0,0,1,0.0510811,1,0
"Aug 16, 12:00 am",0,0,1,0.0511976,1,0
"Aug 16, 01:00 am",0,0,1,0.051298,1,0
"Aug 16, 02:00 am",0,0,1,0.0514145,1,0
"Aug 16, 03:00 am",0,0,1,0.0515629,1,0
"Aug 16, 04:00 am",0,0,1,0.0517112,1,0
"Aug 16, 05:00 am",0,0,1,0.0518276,1,0
"Aug 16, 06:00 am",0,0,1,0.0519439,1,0
"Aug 16, 07:00 am",0,0,1,0.0517082,1,0
"Aug 16, 08:00 am",0,0,1,0.0512326,1,542.2
"Aug 16, 09:00 am",477.725,1.56817,1,0.0505637,1,764.6
"Aug 16, 10:00 am",2866.59,4.82359,1,0.0502523,1,844
"Aug 16, 11:00 am",2866.59,4.56456,1,0.0499162,1,880.7
"Aug 16, 12:00 pm",2866.59,4.15586,1,0.0494755,1,896.2
"Aug 16, 01:00 pm",2866.59,3.84498,1,0.0492652,1,898
"Aug 16, 02:00 pm",2866.59,3.87828,1,0.048981,1,887
"Aug 16, 03:00 pm",2866.59,4.26272,1,0.0488454,1,860.3
"Aug 16, 04:00 pm",2866.59,3.33836,1,0.0490356,1,806.1
"Aug 16, 05:00 pm",2866.56,0.399418,1,0.04954,1,685.7
"Aug 16, 06:00 pm",2756.07,0.229578,1,0.0501343,1,254.4
"Aug 16, 07:00 pm",2571.57,0,1,0.0505708,1,0
"Aug 16, 08:00 pm",0,0,1,0.0507997,1,0
"Aug 16, 09:00 pm",0,0,1,0.0509676,1,0
"Aug 16, 10:00 pm",0,0,1,0.0510873,1,0
"Aug 16, 11:00 pm",0,0,1,0.0511748,1,0
"Aug 17, 12:00 am",0,0,1,0.0512302,1,0
"Aug 17, 01:00 am",0,0,1,0.0512818,1,0
"Aug 17, 02:00 am",0,0,1,0.05138,1,0
"Aug 17, 03:00 am",0,0,1,0.0514484,1,0
"Aug 17, 04:00 am",0,0,1,0.0515328,1,0
"Aug 17, 05:00 am",0,0,1,0.0516332,1,0
"Aug 17, 06:00 am",0,0,1,0.0517335,1,0
"Aug 17, 07:00 am",0,0,1,0.0518179,1,0
"Aug 17, 08:00 am",0,0,1,0.0512463,1,553.2
"Aug 17, 09:00 am",477.725,1.6379,1,0.0503569,1,773.3
"Aug 17, 10:00 am",2866.59,4.9089,1,0.0498867,1,852.9
"Aug 17, 11:00 am",2866.59,4.64513,1,0.0496428,1,890.4
"Aug 17, 12:00 pm",2866.59,4.24791,1,0.0491193,1,907.8
"Aug 17, 01:00 pm",2866.59,3.93736,1,0.0489572,1,911.2
"Aug 17, 02:00 pm",2866.59,3.98403,1,0.0486908,1,902.2
"Aug 17, 03:00 pm",2866.59,4.38816,1,0.0485223,1,877.3
"Aug 17, 04:00 pm",2866.56,3.46463,1,0.0487751,1,825.8
"Aug 17, 05:00 pm",2866.56,0.399568,1,0.0493414,1,709.1
"Aug 17, 06:00 pm",2769.6,0.2299,1,0.049882,1,273.7
"Aug 17, 07:00 pm",2866.65,0,1,0.0503827,1,0
"Aug 17, 08:00 pm",435.777,0,1,0.0506217,1,0
"Aug 17, 09:00 pm",0,0,1,0.0507963,1,0
"Aug 17, 10:00 pm",0,0,1,0.0509162,1,0
"Aug 17, 11:00 pm",0,0,1,0.05102,1,0
"Aug 18, 12:00 am",0,0,1,0.0511077,1,0
"Aug 18, 01:00 am",0,0,1,0.0511632,1,0
"Aug 18, 02:00 am",0,0,1,0.0513329,1,0
"Aug 18, 03:00 am",0,0,1,0.051421,1,0
"Aug 18, 04:00 am",0,0,1,0.0514734,1,0
"Aug 18, 05:00 am",0,0,1,0.0516058,1,0
"Aug 18, 06:00 am",0,0,1,0.0516901,1,0
"Aug 18, 07:00 am",0,0,1,0.0517904,1,0
"Aug 18, 08:00 am",0,0,1,0.0512508,1,603.3
"Aug 18, 09:00 am",477.725,1.8324,1,0.0504027,1,812
"Aug 18, 10:00 am",2866.59,5.15245,1,0.0499835,1,886.1
"Aug 18, 11:00 am",2866.59,4.83558,1,0.0496123,1,919.8
"Aug 18, 12:00 pm",2866.59,4.41242,1,0.049045,1,933.3
"Aug 18, 01:00 pm",2866.59,4.0794,1,0.0488592,1,933.9
"Aug 18, 02:00 pm",2866.59,4.10803,1,0.0486364,1,922.3
"Aug 18, 03:00 pm",2866.55,4.50421,1,0.0487196,1,893.6
"Aug 18, 04:00 pm",2866.55,3.56368,1,0.0489679,1,838.6
"Aug 18, 05:00 pm",2866.56,0.40032,1,0.0496498,1,719.9
"Aug 18, 06:00 pm",2790.57,0.230181,1,0.050224,1,296.2
"Aug 18, 07:00 pm",2866.64,0,1,0.0507395,1,0
"Aug 18, 08:00 pm",1597.85,0,1,0.050979,1,0
"Aug 18, 09:00 pm",0,0,1,0.0511501,1,0
"Aug 18, 10:00 pm",0,0,1,0.0512697,1,0
"Aug 18, 11:00 pm",0,0,1,0.0513731,1,0
"Aug 19, 12:00 am",0,0,1,0.0514764,1,0
"Aug 19, 01:00 am",0,0,1,0.0515635,1,0
"Aug 19, 02:00 am",0,0,1,0.0516665,1,0
"Aug 19, 03:00 am",0,0,1,0.0517019,1,0
"Aug 19, 04:00 am",0,0,1,0.051752,1,0
"Aug 19, 05:00 am",0,0,1,0.0518683,1,0
"Aug 19, 06:00 am",0,0,1,0.0519046,1,0
"Aug 19, 07:00 am",0,0,1,0.0520048,1,0
"Aug 19, 08:00 am",0,0,1,0.0517051,1,5.7
"Aug 19, 09:00 am",0,0,1,0.0513095,1,7.9
"Aug 19, 10:00 am",0,0,1,0.050962,1,8.7
"Aug 19, 11:00 am",0,0,1,0.0507586,1,9
"Aug 19, 12:00 pm",0,0,1,0.0505232,1,9.1
"Aug 19, 01:00 pm",0,0,1,0.0505918,1,9.1
"Aug 19, 02:00 pm",0,0,1,0.0506765,1,9
"Aug 19, 03:00 pm",0,0,1,0.0506811,1,8.7
"Aug 19, 04:00 pm",0,0,1,0.0508137,1,8.1
"Aug 19, 05:00 pm",0,0,1,0.0511542,1,7
"Aug 19, 06:00 pm",0,0,1,0.0513347,1,5.6
"Aug 19, 07:00 pm",0,0,1,0.0515311,1,0
"Aug 19, 08:00 pm",0,0,1,0.0515995,1,0
"Aug 19, 09:00 pm",0,0,1,0.0516519,1,0
"Aug 19, 10:00 pm",0,0,1,0.0516562,1,0
"Aug 19, 11:00 pm",0,0,1,0.0516606,1,0
"Aug 20, 12:00 am",0,0,1,0.0516489,1,0
"Aug 20, 01:00 am",0,0,1,0.0516053,1,0
"Aug 20, 02:00 am",0,0,1,0.0515937,1,0
"Aug 20, 03:00 am",0,0,1,0.0515501,1,0
"Aug 20, 04:00 am",0,0,1,0.0515065,1,0
"Aug 20, 05:00 am",0,0,1,0.0514789,1,0
"Aug 20, 06:00 am",0,0,1,0.0514353,1,0
"Aug 20, 07:00 am",0,0,1,0.0514078,1,0
"Aug 20, 08:00 am",0,0,1,0.0510282,1,5.8
"Aug 20, 09:00 am",0,0,1,0.0506488,1,7.8
"Aug 20, 10:00 am",477.725,1.49085,1,0.0504033,1,856
"Aug 20, 11:00 am",2866.59,4.591,1,0.0503235,1,890.2
"Aug 20, 12:00 pm",2866.59,4.33976,1,0.0502631,1,906
"Aug 20, 01:00 pm",2866.59,4.03306,1,0.0502915,1,908.3
"Aug 20, 02:00 pm",2866.59,4.07527,1,0.0504147,1,898.5
"Aug 20, 03:00 pm",2866.59,4.45948,1,0.0504571,1,872.4
"Aug 20, 04:00 pm",2866.59,3.54907,1,0.0505667,1,820.2
"Aug 20, 05:00 pm",2866.56,0.399525,1,0.0511561,1,705.2
"Aug 20, 06:00 pm",2735.79,0.228661,1,0.0515233,1,296.6
"Aug 20, 07:00 pm",1774.67,0,1,0.0517525,1,0
"Aug 20, 08:00 pm",0,0,1,0.0518259,1,0
"Aug 20, 09:00 pm",0,0,1,0.0517845,1,0
"Aug 20, 10:00 pm",0,0,1,0.0516951,1,0
"Aug 20, 11:00 pm",0,0,1,0.0516539,1,0
"Aug 21, 12:00 am",0,0,1,0.0515793,1,0
"Aug 21, 01:00 am",0,0,1,0.0515196,1,0
"Aug 21, 02:00 am",0,0,1,0.051508,1,0
"Aug 21, 03:00 am",0,0,1,0.0515124,1,0
"Aug 21, 04:00 am",0,0,1,0.0515168,1,0
"Aug 21, 05:00 am",0,0,1,0.0515212,1,0
"Aug 21, 06:00 am",0,0,1,0.0515096,1,0
"Aug 21, 07:00 am",0,0,1,0.05153,1,0
"Aug 21, 08:00 am",0,0,1,0.0511504,1,5.8
"Aug 21, 09:00 am",0,0,1,0.050819,1,7.9
"Aug 21, 10:00 am",0,0,1,0.0505356,1,8.6
"Aug 21, 11:00 am",0,0,1,0.0502523,1,9
"Aug 21, 12:00 pm",477.725,1.80263,1,0.0500466,1,909.2
"Aug 21, 01:00 pm",2866.59,4.05151,1,0.0503244,1,910.5
"Aug 21, 02:00 pm",2866.59,4.11417,1,0.050378,1,899.9
"Aug 21, 03:00 pm",2866.59,4.49079,1,0.0505023,1,872.5
"Aug 21, 04:00 pm",2866.59,3.58698,1,0.0506718,1,819.1
"Aug 21, 05:00 pm",2866.56,0.397746,1,0.0511301,1,703.9
"Aug 21, 06:00 pm",2370.09,0.227321,1,0.0514944,1,305.3
"Aug 21, 07:00 pm",0,0,1,0.0517394,1,0
"Aug 21, 08:00 pm",0,0,1,0.051842,1,0
"Aug 21, 09:00 pm",0,0,1,0.0518965,1,0
"Aug 21, 10:00 pm",0,0,1,0.0518869,1,0
"Aug 21, 11:00 pm",0,0,1,0.0519093,1,0
"Aug 22, 12:00 am",0,0,1,0.0519319,1,0
"Aug 22, 01:00 am",0,0,1,0.0519854,1,0
"Aug 22, 02:00 am",0,0,1,0.0520376,1,0
"Aug 22, 03:00 am",0,0,1,0.0520579,1,0
"Aug 22, 04:00 am",0,0,1,0.0520942,1,0
"Aug 22, 05:00 am",0,0,1,0.0521144,1,0
"Aug 22, 06:00 am",0,0,1,0.0521027,1,0
"Aug 22, 07:00 am",0,0,1,0.0521709,1,0
"Aug 22, 08:00 am",0,0,1,0.0517592,1,5.8
"Aug 22, 09:00 am",477.725,1.81477,1,0.0514534,1,766.6
"Aug 22, 10:00 am",2866.59,4.95298,1,0.0513516,1,839.9
"Aug 22, 11:00 am",2866.59,4.70584,1,0.0511867,1,874.7
"Aug 22, 12:00 pm",2866.56,0.404908,1,0.0510389,1,8.9
"Aug 22, 01:00 pm",1895.44,0.243244,1,0.0510358,1,8.9
"Aug 22, 02:00 pm",98.9991,0.103124,1,0.050936,1,8.8
"Aug 22, 03:00 pm",0,0,1,0.0509596,1,8.5
"Aug 22, 04:00 pm",0,0,1,0.0510792,1,8
"Aug 22, 05:00 pm",0,0,1,0.0512305,1,6.8
"Aug 22, 06:00 pm",0,0,1,0.0513977,1,4.7
"Aug 22, 07:00 pm",0,0,1,0.0515486,1,0
"Aug 22, 08:00 pm",0,0,1,0.0515096,1,0
"Aug 22, 09:00 pm",0,0,1,0.0515334,1,0
"Aug 22, 10:00 pm",0,0,1,0.0515378,1,0
"Aug 22, 11:00 pm",0,0,1,0.0515262,1,0
"Aug 23, 12:00 am",0,0,1,0.0515306,1,0
"Aug 23, 01:00 am",0,0,1,0.051535,1,0
"Aug 23, 02:00 am",0,0,1,0.0515394,1,0
"Aug 23, 03:00 am",0,0,1,0.0514638,1,0
"Aug 23, 04:00 am",0,0,1,0.0514363,1,0
"Aug 23, 05:00 am",0,0,1,0.0515047,1,0
"Aug 23, 06:00 am",0,0,1,0.0516531,1,0
"Aug 23, 07:00 am",0,0,1,0.0516095,1,0
"Aug 23, 08:00 am",0,0,1,0.0514699,1,5.6
"Aug 23, 09:00 am",0,0,1,0.0513783,1,7.5
"Aug 23, 10:00 am",0,0,1,0.0512548,1,8.3
"Aug 23, 11:00 am",0,0,1,0.0510193,1,8.7
"Aug 23, 12:00 pm",0,0,1,0.0508985,1,8.8
"Aug 23, 01:00 pm",0,0,1,0.0509273,1,8.9
"Aug 23, 02:00 pm",0,0,1,0.0510233,1,8.8
"Aug 23, 03:00 pm",0,0,1,0.0511833,1,8.5
"Aug 23, 04:00 pm",0,0,1,0.0513913,1,8
"Aug 23, 05:00 pm",0,0,1,0.0515993,1,6.9
"Aug 23, 06:00 pm",0,0,1,0.0516153,1,4.5
"Aug 23, 07:00 pm",0,0,1,0.0516473,1,0
"Aug 23, 08:00 pm",0,0,1,0.0516633,1,0
"Aug 23, 09:00 pm",0,0,1,0.0516473,1,0
"Aug 23, 10:00 pm",0,0,1,0.0516953,1,0
"Aug 23, 11:00 pm",0,0,1,0.0517113,1,0
"Aug 24, 12:00 am",0,0,1,0.0516793,1,0
"Aug 24, 01:00 am",0,0,1,0.0516153,1,0
"Aug 24, 02:00 am",0,0,1,0.0515993,1,0
"Aug 24, 03:00 am",0,0,1,0.0515353,1,0
"Aug 24, 04:00 am",0,0,1,0.0514713,1,0
"Aug 24, 05:00 am",0,0,1,0.0514713,1,0
"Aug 24, 06:00 am",0,0,1,0.0515193,1,0
"Aug 24, 07:00 am",0,0,1,0.0516153,1,0
"Aug 24, 08:00 am",0,0,1,0.0516473,1,5.7
"Aug 24, 09:00 am",0,0,1,0.0514393,1,7.7
"Aug 24, 10:00 am",0,0,1,0.0513273,1,8.4
"Aug 24, 11:00 am",0,0,1,0.0511673,1,8.8
"Aug 24, 12:00 pm",0,0,1,0.0510553,1,8.9
"Aug 24, 01:00 pm",0,0,1,0.0510073,1,9
"Aug 24, 02:00 pm",0,0,1,0.0509913,1,8.9
"Aug 24, 03:00 pm",0,0,1,0.0510393,1,861.4
"Aug 24, 04:00 pm",2866.59,4.35375,1,0.0512514,1,809.9
"Aug 24, 05:00 pm",1472.55,0.430064,1,0.0515516,1,697.5
"Aug 24, 06:00 pm",216.854,0.22589,1,0.05167,1,322.3
"Aug 24, 07:00 pm",0,0,1,0.0518524,1,0
"Aug 24, 08:00 pm",0,0,1,0.0518906,1,0
"Aug 24, 09:00 pm",0,0,1,0.051943,1,0
"Aug 24, 10:00 pm",0,0,1,0.0520158,1,0
"Aug 24, 11:00 pm",0,0,1,0.0521433,1,0
"Aug 25, 12:00 am",0,0,1,0.0522873,1,0
"Aug 25, 01:00 am",0,0,1,0.0523673,1,0
"Aug 25, 02:00 am",0,0,1,0.0524793,1,0
"Aug 25, 03:00 am",0,0,1,0.0525753,1,0
"Aug 25, 04:00 am",0,0,1,0.0524473,1,0
"Aug 25, 05:00 am",0,0,1,0.0523353,1,0
"Aug 25, 06:00 am",0,0,1,0.0521593,1,0
"Aug 25, 07:00 am",0,0,1,0.0519513,1,0
"Aug 25, 08:00 am",0,0,1,0.0516473,1,6.3
"Aug 25, 09:00 am",477.685,1.16797,1,0.0512066,1,810.2
"Aug 25, 10:00 am",2866.59,5.41304,1,0.0510664,1,882.1
"Aug 25, 11:00 am",2866.59,5.04448,1,0.0509566,1,917.5
"Aug 25, 12:00 pm",2866.59,4.64289,1,0.0507025,1,929.5
"Aug 25, 01:00 pm",2866.59,4.32825,1,0.0505264,1,929.4
"Aug 25, 02:00 pm",2866.59,4.35719,1,0.0503913,1,917.8
"Aug 25, 03:00 pm",2866.55,4.72295,1,0.0505139,1,891.8
"Aug 25, 04:00 pm",2866.54,3.85392,1,0.0507102,1,840.3
"Aug 25, 05:00 pm",2866.56,0.397573,1,0.0511939,1,730.2
"Aug 25, 06:00 pm",2790.09,0.226787,1,0.0517518,1,350.2
"Aug 25, 07:00 pm",2866.63,0,1,0.052148,1,0
"Aug 25, 08:00 pm",2208.87,0,1,0.0524242,1,0
"Aug 25, 09:00 pm",0,0,1,0.0526197,1,0
"Aug 25, 10:00 pm",0,0,1,0.0527373,1,0
"Aug 25, 11:00 pm",0,0,1,0.0527908,1,0
"Aug 26, 12:00 am",0,0,1,0.0528283,1,0
"Aug 26, 01:00 am",0,0,1,0.0528497,1,0
"Aug 26, 02:00 am",0,0,1,0.052887,1,0
"Aug 26, 03:00 am",0,0,1,0.0529033,1,0
"Aug 26, 04:00 am",0,0,1,0.052743,1,0
"Aug 26, 05:00 am",0,0,1,0.0526031,1,0
"Aug 26, 06:00 am",0,0,1,0.0524952,1,0
"Aug 26, 07:00 am",0,0,1,0.0522754,1,0
"Aug 26, 08:00 am",0,0,1,0.0517997,1,668.1
"Aug 26, 09:00 am",2866.59,5.00139,1,0.0512233,1,836.4
"Aug 26, 10:00 am",2866.59,5.44995,1,0.0507538,1,899.7
"Aug 26, 11:00 am",2866.59,5.14792,1,0.0504673,1,928.8
"Aug 26, 12:00 pm",2866.56,0.405339,1,0.0500965,1,10.9
"Aug 26, 01:00 pm",2749.98,0.24856,1,0.0499802,1,11.3
"Aug 26, 02:00 pm",858.204,0.111537,1,0.0498054,1,9.3
"Aug 26, 03:00 pm",2330.99,3.49191,1,0.0498604,1,890
"Aug 26, 04:00 pm",2866.59,3.87309,1,0.05004,1,834.8
"Aug 26, 05:00 pm",2149.6,0.399552,1,0.0504697,1,721.2
"Aug 26, 06:00 pm",220.062,0.229231,1,0.0508075,1,362.8
"Aug 26, 07:00 pm",0,0,1,0.0510234,1,0
"Aug 26, 08:00 pm",0,0,1,0.0510996,1,0
"Aug 26, 09:00 pm",0,0,1,0.0511901,1,0
"Aug 26, 10:00 pm",0,0,1,0.0512426,1,0
"Aug 26, 11:00 pm",0,0,1,0.051247,1,0
"Aug 27, 12:00 am",0,0,1,0.0512995,1,0
"Aug 27, 01:00 am",0,0,1,0.0513679,1,0
"Aug 27, 02:00 am",0,0,1,0.0514363,1,0
"Aug 27, 03:00 am",0,0,1,0.0515207,1,0
"Aug 27, 04:00 am",0,0,1,0.0516051,1,0
"Aug 27, 05:00 am",0,0,1,0.0516894,1,0
"Aug 27, 06:00 am",0,0,1,0.0517898,1,0
"Aug 27, 07:00 am",0,0,1,0.0518901,1,0
"Aug 27, 08:00 am",0,0,1,0.0516224,1,6.2
"Aug 27, 09:00 am",0,0,1,0.0515148,1,7.9
"Aug 27, 10:00 am",0,0,1,0.0512952,1,8.6
"Aug 27, 11:00 am",0,0,1,0.0510277,1,8.9
"Aug 27, 12:00 pm",0,0,1,0.0509363,1,9.1
"Aug 27, 01:00 pm",0,0,1,0.0509248,1,9.1
"Aug 27, 02:00 pm",0,0,1,0.0509614,1,9
"Aug 27, 03:00 pm",0,0,1,0.0509819,1,8.7
"Aug 27, 04:00 pm",0,0,1,0.0510984,1,8.2
"Aug 27, 05:00 pm",0,0,1,0.0514229,1,7.1
"Aug 27, 06:00 pm",0,0,1,0.0516993,1,3.8
"Aug 27, 07:00 pm",0,0,1,0.0518636,1,0
"Aug 27, 08:00 pm",0,0,1,0.0519319,1,0
"Aug 27, 09:00 pm",0,0,1,0.0519842,1,0
"Aug 27, 10:00 pm",0,0,1,0.0519725,1,0
"Aug 27, 11:00 pm",0,0,1,0.0519928,1,0
"Aug 28, 12:00 am",0,0,1,0.051997,1,0
"Aug 28, 01:00 am",0,0,1,0.0519373,1,0
"Aug 28, 02:00 am",0,0,1,0.0518936,1,0
"Aug 28, 03:00 am",0,0,1,0.051866,1,0
"Aug 28, 04:00 am",0,0,1,0.0518543,1,0
"Aug 28, 05:00 am",0,0,1,0.0518266,1,0
"Aug 28, 06:00 am",0,0,1,0.0518469,1,0
"Aug 28, 07:00 am",0,0,1,0.0518513,1,0
"Aug 28, 08:00 am",0,0,1,0.0514236,1,6.3
"Aug 28, 09:00 am",0,0,1,0.0511881,1,8
"Aug 28, 10:00 am",0,0,1,0.0509527,1,8.6
"Aug 28, 11:00 am",0,0,1,0.0503052,1,9
"Aug 28, 12:00 pm",0,0,1,0.0499034,1,9.1
"Aug 28, 01:00 pm",0,0,1,0.0496474,1,9.1
"Aug 28, 02:00 pm",0,0,1,0.0495034,1,9
"Aug 28, 03:00 pm",0,0,1,0.0496954,1,8.8
"Aug 28, 04:00 pm",0,0,1,0.0499034,1,8.3
"Aug 28, 05:00 pm",0,0,1,0.0502234,1,7.1
"Aug 28, 06:00 pm",0,0,1,0.0504794,1,367.3
"Aug 28, 07:00 pm",0,0,1,0.0506874,1,0
"Aug 28, 08:00 pm",0,0,1,0.0508153,1,0
"Aug 28, 09:00 pm",0,0,1,0.0509273,1,0
"Aug 28, 10:00 pm",0,0,1,0.0510073,1,0
"Aug 28, 11:00 pm",0,0,1,0.0510713,1,0
"Aug 29, 12:00 am",0,0,1,0.0511353,1,0
"Aug 29, 01:00 am",0,0,1,0.0511993,1,0
"Aug 29, 02:00 am",0,0,1,0.0512473,1,0
"Aug 29, 03:00 am",0,0,1,0.0513273,1,0
"Aug 29, 04:00 am",0,0,1,0.0513913,1,0
"Aug 29, 05:00 am",0,0,1,0.0514393,1,0
"Aug 29, 06:00 am",0,0,1,0.0515193,1,0
"Aug 29, 07:00 am",0,0,1,0.0516633,1,0
"Aug 29, 08:00 am",0,0,1,0.0513913,1,6.3
"Aug 29, 09:00 am",0,0,1,0.0509753,1,7.9
"Aug 29, 10:00 am",0,0,1,0.0505114,1,8.6
"Aug 29, 11:00 am",0,0,1,0.0500154,1,896.7
"Aug 29, 12:00 pm",989.991,1.03124,1,0.0496154,1,11.3
"Aug 29, 01:00 pm",469.549,0.489114,1,0.0494074,1,9.1
"Aug 29, 02:00 pm",196.187,0.204361,1,0.0491994,1,9
"Aug 29, 03:00 pm",0,0,1,0.0492794,1,8.8
"Aug 29, 04:00 pm",0,0,1,0.0494074,1,8.2
"Aug 29, 05:00 pm",0,0,1,0.0497434,1,7.1
"Aug 29, 06:00 pm",0,0,1,0.0499354,1,371.5
"Aug 29, 07:00 pm",0,0,1,0.0501274,1,0
"Aug 29, 08:00 pm",0,0,1,0.0502234,1,0
"Aug 29, 09:00 pm",0,0,1,0.0502874,1,0
"Aug 29, 10:00 pm",0,0,1,0.0502554,1,0
"Aug 29, 11:00 pm",0,0,1,0.0502554,1,0
"Aug 30, 12:00 am",0,0,1,0.0502874,1,0
"Aug 30, 01:00 am",0,0,1,0.0503194,1,0
"Aug 30, 02:00 am",0,0,1,0.0503514,1,0
"Aug 30, 03:00 am",0,0,1,0.0504474,1,0
"Aug 30, 04:00 am",0,0,1,0.0505274,1,0
"Aug 30, 05:00 am",0,0,1,0.0505913,1,0
"Aug 30, 06:00 am",0,0,1,0.0506393,1,0
"Aug 30, 07:00 am",0,0,1,0.0506553,1,0
"Aug 30, 08:00 am",0,0,1,0.0506393,1,6
"Aug 30, 09:00 am",0,0,1,0.0507034,1,7.7
"Aug 30, 10:00 am",477.725,2.1652,1,0.0507147,1,837.6
"Aug 30, 11:00 am",2866.59,4.89969,1,0.0508316,1,871.2
"Aug 30, 12:00 pm",2866.59,4.61224,1,0.0506444,1,888.4
"Aug 30, 01:00 pm",2866.56,0.405097,1,0.0505946,1,8.9
"Aug 30, 02:00 pm",1984.65,0.24368,1,0.0505883,1,8.8
"Aug 30, 03:00 pm",100.419,0.104603,1,0.0504941,1,8.6
"Aug 30, 04:00 pm",4.50919e-13,0,1,0.0505663,1,8.2
"Aug 30, 05:00 pm",0,0,1,0.0509101,1,7.1
"Aug 30, 06:00 pm",0,0,1,0.0511736,1,375.6
"Aug 30, 07:00 pm",0,0,1,0.0513888,1,0
"Aug 30, 08:00 pm",0,0,1,0.0515077,1,0
"Aug 30, 09:00 pm",0,0,1,0.0516104,1,0
"Aug 30, 10:00 pm",0,0,1,0.051617,1,0
"Aug 30, 11:00 pm",0,0,1,0.0514876,1,0
"Aug 31, 12:00 am",0,0,1,0.051421,1,0
"Aug 31, 01:00 am",0,0,1,0.0514094,1,0
"Aug 31, 02:00 am",0,0,1,0.0514299,1,0
"Aug 31, 03:00 am",0,0,1,0.0514343,1,0
"Aug 31, 04:00 am",0,0,1,0.0513907,1,0
"Aug 31, 05:00 am",0,0,1,0.0513632,1,0
"Aug 31, 06:00 am",0,0,1,0.0513197,1,0
"Aug 31, 07:00 am",0,0,1,0.0514201,1,0
"Aug 31, 08:00 am",0,0,1,0.0514748,1,6.3
"Aug 31, 09:00 am",0,0,1,0.0511993,1,8
"Aug 31, 10:00 am",0,0,1,0.0508793,1,8.6
"Aug 31, 11:00 am",0,0,1,0.0504794,1,8.9
"Aug 31, 12:00 pm",0,0,1,0.0502234,1,9
"Aug 31, 01:00 pm",0,0,1,0.0502554,1,9
"Aug 31, 02:00 pm",0,0,1,0.0502554,1,8.9
"Aug 31, 03:00 pm",0,0,1,0.0502714,1,8.6
"Aug 31, 04:00 pm",0,0,1,0.0504154,1,8.1
"Aug 31, 05:00 pm",0,0,1,0.0506714,1,7.1
"Aug 31, 06:00 pm",0,0,1,0.0508793,1,3.8
"Aug 31, 07:00 pm",0,0,1,0.0510073,1,0
"Aug 31, 08:00 pm",0,0,1,0.0510553,1,0
"Aug 31, 09:00 pm",0,0,1,0.0511033,1,0
"Aug 31, 10:00 pm",0,0,1,0.0511193,1,0
"Aug 31, 11:00 pm",0,0,1,0.0511513,1,0
"Sep 1, 12:00 am",0,0,1,0.0510233,1,0
"Sep 1, 01:00 am",0,0,1,0.0511673,1,0
"Sep 1, 02:00 am",0,0,1,0.0513913,1,0
"Sep 1, 03:00 am",0,0,1,0.0514713,1,0
"Sep 1, 04:00 am",0,0,1,0.0515833,1,0
"Sep 1, 05:00 am",0,0,1,0.0517113,1,0
"Sep 1, 06:00 am",0,0,1,0.0517753,1,0
"Sep 1, 07:00 am",0,0,1,0.0516473,1,0
"Sep 1, 08:00 am",0,0,1,0.0512633,1,6.6
"Sep 1, 09:00 am",0,0,1,0.0506073,1,813.3
"Sep 1, 10:00 am",2866.59,5.69175,1,0.0502295,1,877
"Sep 1, 11:00 am",2866.59,5.22616,1,0.0500292,1,908.7
"Sep 1, 12:00 pm",2866.59,4.85917,1,0.0497389,1,920.9
"Sep 1, 01:00 pm",2866.59,4.56328,1,0.0495712,1,921.1
"Sep 1, 02:00 pm",2866.56,4.59637,1,0.0494275,1,910.3
"Sep 1, 03:00 pm",2866.56,0.405919,1,0.0495842,1,8.8
"Sep 1, 04:00 pm",2803.57,0.245035,1,0.04986,1,8.4
"Sep 1, 05:00 pm",2644.65,0.100121,1,0.0503076,1,7.3
"Sep 1, 06:00 pm",743.349,0,1,0.0505884,1,3.9
"Sep 1, 07:00 pm",0,0,1,0.0506567,1,0
"Sep 1, 08:00 pm",0,0,1,0.0507289,1,0
"Sep 1, 09:00 pm",0,0,1,0.0507849,1,0
"Sep 1, 10:00 pm",0,0,1,0.0507929,1,0
"Sep 1, 11:00 pm",0,0,1,0.0508168,1,0
"Sep 2, 12:00 am",0,0,1,0.0507767,1,0
"Sep 2, 01:00 am",0,0,1,0.0507722,1,0
"Sep 2, 02:00 am",0,0,1,0.0507819,1,0
"Sep 2, 03:00 am",0,0,1,0.0508345,1,0
"Sep 2, 04:00 am",0,0,1,0.0510151,1,0
"Sep 2, 05:00 am",0,0,1,0.0510196,1,0
"Sep 2, 06:00 am",0,0,1,0.0510881,1,0
"Sep 2, 07:00 am",0,0,1,0.0510126,1,0
"Sep 2, 08:00 am",0,0,1,0.0506972,1,6.8
"Sep 2, 09:00 am",0,0,1,0.0502219,1,8.2
"Sep 2, 10:00 am",0,0,1,0.0496827,1,8.8
"Sep 2, 11:00 am",0,0,1,0.0495756,1,9.1
"Sep 2, 12:00 pm",0,0,1,0.0489566,1,9.3
"Sep 2, 01:00 pm",0,0,1,0.0488017,1,9.3
"Sep 2, 02:00 pm",0,0,1,0.0489828,1,9.2
"Sep 2, 03:00 pm",955.49,2.36056,1,0.0491065,1,899.3
"Sep 2, 04:00 pm",2866.59,4.22957,1,0.0493897,1,854.5
"Sep 2, 05:00 pm",2556.83,0.402562,1,0.049946,1,756.2
"Sep 2, 06:00 pm",221.52,0.23075,1,0.0500862,1,430.4
"Sep 2, 07:00 pm",0,0,1,0.0503668,1,0
"Sep 2, 08:00 pm",0,0,1,0.0506469,1,0
"Sep 2, 09:00 pm",0,0,1,0.0508509,1,0
"Sep 2, 10:00 pm",0,0,1,0.0510371,1,0
"Sep 2, 11:00 pm",0,0,1,0.0511376,1,0
"Sep 3, 12:00 am",0,0,1,0.0512221,1,0
"Sep 3, 01:00 am",0,0,1,0.0513066,1,0
"Sep 3, 02:00 am",0,0,1,0.051439,1,0
"Sep 3, 03:00 am",0,0,1,0.0515874,1,0
"Sep 3, 04:00 am",0,0,1,0.0516718,1,0
"Sep 3, 05:00 am",0,0,1,0.0516442,1,0
"Sep 3, 06:00 am",0,0,1,0.0516646,1,0
"Sep 3, 07:00 am",0,0,1,0.0517489,1,0
"Sep 3, 08:00 am",0,0,1,0.0514173,1,6.6
"Sep 3, 09:00 am",0,0,1,0.0510698,1,8
"Sep 3, 10:00 am",0,0,1,0.0506584,1,8.6
"Sep 3, 11:00 am",0,0,1,0.0504391,1,8.9
"Sep 3, 12:00 pm",0,0,1,0.0502678,1,9.1
"Sep 3, 01:00 pm",0,0,1,0.0502885,1,9.1
"Sep 3, 02:00 pm",0,0,1,0.0503093,1,9
"Sep 3, 03:00 pm",0,0,1,0.0504155,1,8.7
"Sep 3, 04:00 pm",0,0,1,0.0506874,1,8.2
"Sep 3, 05:00 pm",0,0,1,0.0509913,1,7.1
"Sep 3, 06:00 pm",0,0,1,0.0511993,1,4.2
"Sep 3, 07:00 pm",0,0,1,0.0512793,1,0
"Sep 3, 08:00 pm",0,0,1,0.0513433,1,0
"Sep 3, 09:00 pm",0,0,1,0.0514233,1,0
"Sep 3, 10:00 pm",0,0,1,0.0514553,1,0
"Sep 3, 11:00 pm",0,0,1,0.0514073,1,0
"Sep 4, 12:00 am",0,0,1,0.0513433,1,0
"Sep 4, 01:00 am",0,0,1,0.0512793,1,0
"Sep 4, 02:00 am",0,0,1,0.0513593,1,0
"Sep 4, 03:00 am",0,0,1,0.0512953,1,0
"Sep 4, 04:00 am",0,0,1,0.0511193,1,0
"Sep 4, 05:00 am",0,0,1,0.0513433,1,0
"Sep 4, 06:00 am",0,0,1,0.0514233,1,0
"Sep 4, 07:00 am",0,0,1,0.0514073,1,0
"Sep 4, 08:00 am",0,0,1,0.0513273,1,6.4
"Sep 4, 09:00 am",0,0,1,0.0509753,1,7.9
"Sep 4, 10:00 am",0,0,1,0.0508153,1,8.5
"Sep 4, 11:00 am",0,0,1,0.0507513,1,8.8
"Sep 4, 12:00 pm",0,0,1,0.0506073,1,8.9
"Sep 4, 01:00 pm",0,0,1,0.0504954,1,9
"Sep 4, 02:00 pm",0,0,1,0.0503834,1,8.8
"Sep 4, 03:00 pm",0,0,1,0.0504154,1,8.6
"Sep 4, 04:00 pm",0,0,1,0.0505434,1,8.2
"Sep 4, 05:00 pm",0,0,1,0.0507993,1,7.1
"Sep 4, 06:00 pm",0,0,1,0.0509913,1,4.1
"Sep 4, 07:00 pm",0,0,1,0.0511033,1,0
"Sep 4, 08:00 pm",0,0,1,0.0511993,1,0
"Sep 4, 09:00 pm",0,0,1,0.0512793,1,0
"Sep 4, 10:00 pm",0,0,1,0.0512953,1,0
"Sep 4, 11:00 pm",0,0,1,0.0512953,1,0
"Sep 5, 12:00 am",0,0,1,0.0513433,1,0
"Sep 5, 01:00 am",0,0,1,0.0513113,1,0
"Sep 5, 02:00 am",0,0,1,0.0512473,1,0
"Sep 5, 03:00 am",0,0,1,0.0512633,1,0
"Sep 5, 04:00 am",0,0,1,0.0512633,1,0
"Sep 5, 05:00 am",0,0,1,0.0513433,1,0
"Sep 5, 06:00 am",0,0,1,0.0513593,1,0
"Sep 5, 07:00 am",0,0,1,0.0513753,1,0
"Sep 5, 08:00 am",0,0,1,0.0512153,1,6.8
"Sep 5, 09:00 am",0,0,1,0.0507833,1,8.1
"Sep 5, 10:00 am",0,0,1,0.0503834,1,8.7
"Sep 5, 11:00 am",0,0,1,0.0501754,1,9
"Sep 5, 12:00 pm",0,0,1,0.0500794,1,9.1
"Sep 5, 01:00 pm",0,0,1,0.0499674,1,9.1
"Sep 5, 02:00 pm",0,0,1,0.0500474,1,9
"Sep 5, 03:00 pm",0,0,1,0.0500954,1,8.7
"Sep 5, 04:00 pm",0,0,1,0.0501754,1,8.2
"Sep 5, 05:00 pm",0,0,1,0.0504954,1,7.2
"Sep 5, 06:00 pm",0,0,1,0.0506073,1,4.2
"Sep 5, 07:00 pm",0,0,1,0.0507993,1,0
"Sep 5, 08:00 pm",0,0,1,0.0509753,1,0
"Sep 5, 09:00 pm",0,0,1,0.0510873,1,0
"Sep 5, 10:00 pm",0,0,1,0.0511033,1,0
"Sep 5, 11:00 pm",0,0,1,0.0510873,1,0
"Sep 6, 12:00 am",0,0,1,0.0510873,1,0
"Sep 6, 01:00 am",0,0,1,0.0511353,1,0
"Sep 6, 02:00 am",0,0,1,0.0511673,1,0
"Sep 6, 03:00 am",0,0,1,0.0511513,1,0
"Sep 6, 04:00 am",0,0,1,0.0510073,1,0
"Sep 6, 05:00 am",0,0,1,0.0510073,1,0
"Sep 6, 06:00 am",0,0,1,0.0510393,1,0
"Sep 6, 07:00 am",0,0,1,0.0510553,1,0
"Sep 6, 08:00 am",0,0,1,0.0511833,1,6.5
"Sep 6, 09:00 am",0,0,1,0.0511033,1,7.9
"Sep 6, 10:00 am",0,0,1,0.0511193,1,8.5
"Sep 6, 11:00 am",0,0,1,0.0510553,1,8.8
"Sep 6, 12:00 pm",0,0,1,0.0510233,1,9
"Sep 6, 01:00 pm",0,0,1,0.0508633,1,9
"Sep 6, 02:00 pm",0,0,1,0.0508153,1,8.9
"Sep 6, 03:00 pm",0,0,1,0.0508314,1,8.7
"Sep 6, 04:00 pm",0,0,1,0.0509433,1,8.2
"Sep 6, 05:00 pm",0,0,1,0.0510393,1,7.3
"Sep 6, 06:00 pm",0,0,1,0.0511193,1,4.3
"Sep 6, 07:00 pm",0,0,1,0.0511033,1,0
"Sep 6, 08:00 pm",0,0,1,0.0511513,1,0
"Sep 6, 09:00 pm",0,0,1,0.0511033,1,0
"Sep 6, 10:00 pm",0,0,1,0.0510873,1,0
"Sep 6, 11:00 pm",0,0,1,0.0510873,1,0
"Sep 7, 12:00 am",0,0,1,0.0510873,1,0
"Sep 7, 01:00 am",0,0,1,0.0511033,1,0
"Sep 7, 02:00 am",0,0,1,0.0511673,1,0
"Sep 7, 03:00 am",0,0,1,0.0512313,1,0
"Sep 7, 04:00 am",0,0,1,0.0512793,1,0
"Sep 7, 05:00 am",0,0,1,0.0514073,1,0
"Sep 7, 06:00 am",0,0,1,0.0515353,1,0
"Sep 7, 07:00 am",0,0,1,0.0516953,1,0
"Sep 7, 08:00 am",0,0,1,0.0515193,1,6.7
"Sep 7, 09:00 am",0,0,1,0.0513593,1,8.1
"Sep 7, 10:00 am",0,0,1,0.0511193,1,8.7
"Sep 7, 11:00 am",0,0,1,0.0509913,1,9
"Sep 7, 12:00 pm",0,0,1,0.0507993,1,9.1
"Sep 7, 01:00 pm",0,0,1,0.0508473,1,9.2
"Sep 7, 02:00 pm",0,0,1,0.0508314,1,9.1
"Sep 7, 03:00 pm",0,0,1,0.0508793,1,8.9
"Sep 7, 04:00 pm",0,0,1,0.0509433,1,8.4
"Sep 7, 05:00 pm",0,0,1,0.0511513,1,7.4
"Sep 7, 06:00 pm",0,0,1,0.0512953,1,4.4
"Sep 7, 07:00 pm",0,0,1,0.0514553,1,0
"Sep 7, 08:00 pm",0,0,1,0.0515353,1,0
"Sep 7, 09:00 pm",0,0,1,0.0516153,1,0
"Sep 7, 10:00 pm",0,0,1,0.0516473,1,0
"Sep 7, 11:00 pm",0,0,1,0.0516633,1,0
"Sep 8, 12:00 am",0,0,1,0.0516793,1,0
"Sep 8, 01:00 am",0,0,1,0.0516953,1,0
"Sep 8, 02:00 am",0,0,1,0.0517273,1,0
"Sep 8, 03:00 am",0,0,1,0.0517433,1,0
"Sep 8, 04:00 am",0,0,1,0.0517753,1,0
"Sep 8, 05:00 am",0,0,1,0.0518553,1,0
"Sep 8, 06:00 am",0,0,1,0.0518873,1,0
"Sep 8, 07:00 am",0,0,1,0.0518713,1,0
"Sep 8, 08:00 am",0,0,1,0.0515033,1,689.6
"Sep 8, 09:00 am",2388.78,4.1814,1,0.0513448,1,829.2
"Sep 8, 10:00 am",2866.59,5.71724,1,0.0511993,1,894.4
"Sep 8, 11:00 am",2866.59,5.5622,1,0.0511036,1,930.3
"Sep 8, 12:00 pm",2866.56,0.408183,1,0.050996,1,13.8
"Sep 8, 01:00 pm",2754.01,0.250697,1,0.0510148,1,9.4
"Sep 8, 02:00 pm",960.685,0.11757,1,0.0509635,1,19
"Sep 8, 03:00 pm",0,0,1,0.0509891,1,9.3
"Sep 8, 04:00 pm",2306.21,3.18044,1,0.0509734,1,869.3
"Sep 8, 05:00 pm",1095.57,0.392948,1,0.0511968,1,774.6
"Sep 8, 06:00 pm",217.471,0.226532,1,0.0514733,1,472.1
"Sep 8, 07:00 pm",0,0,1,0.0517007,1,0
"Sep 8, 08:00 pm",0,0,1,0.051897,1,0
"Sep 8, 09:00 pm",0,0,1,0.0519973,1,0
"Sep 8, 10:00 pm",0,0,1,0.0520976,1,0
"Sep 8, 11:00 pm",0,0,1,0.0521978,1,0
"Sep 9, 12:00 am",0,0,1,0.05225,1,0
"Sep 9, 01:00 am",0,0,1,0.0522862,1,0
"Sep 9, 02:00 am",0,0,1,0.0523384,1,0
"Sep 9, 03:00 am",0,0,1,0.0524066,1,0
"Sep 9, 04:00 am",0,0,1,0.0524427,1,0
"Sep 9, 05:00 am",0,0,1,0.0525109,1,0
"Sep 9, 06:00 am",0,0,1,0.052451,1,0
"Sep 9, 07:00 am",0,0,1,0.0522792,1,0
"Sep 9, 08:00 am",474.384,1.24121,1,0.0519797,1,768.6
"Sep 9, 09:00 am",2866.59,5.9982,1,0.051553,1,884.2
"Sep 9, 10:00 am",2866.59,6.00373,1,0.0512592,1,932.8
"Sep 9, 11:00 am",2866.59,5.75142,1,0.0509645,1,955.5
"Sep 9, 12:00 pm",2866.54,5.39102,1,0.0507095,1,961.8
"Sep 9, 01:00 pm",2866.63,3.92011,0.782436,0.0505228,0.782436,958.5
"Sep 9, 02:00 pm",2867.15,2.98662,0.603985,0.0504408,0.603985,945.5
"Sep 9, 03:00 pm",2867.03,2.98649,0.567314,0.0505706,0.567314,919.8
"Sep 9, 04:00 pm",2867.03,2.98649,0.658317,0.0507322,0.658317,871.8
"Sep 9, 05:00 pm",2866.56,0.398619,1,0.0512667,1,774.2
"Sep 9, 06:00 pm",2765.1,0.228982,1,0.0518392,1,490.7
"Sep 9, 07:00 pm",2866.62,0,1,0.0521567,1,0
"Sep 9, 08:00 pm",2866.66,0,1,0.0523609,1,0
"Sep 9, 09:00 pm",0,0,1,0.0524513,1,0
"Sep 9, 10:00 pm",0,0,1,0.0525231,1,0
"Sep 9, 11:00 pm",0,0,1,0.0525468,1,0
"Sep 10, 12:00 am",0,0,1,0.0525545,1,0
"Sep 10, 01:00 am",0,0,1,0.0525621,1,0
"Sep 10, 02:00 am",0,0,1,0.0525612,1,0
"Sep 10, 03:00 am",0,0,1,0.0525906,1,0
"Sep 10, 04:00 am",0,0,1,0.0526426,1,0
"Sep 10, 05:00 am",0,0,1,0.0526946,1,0
"Sep 10, 06:00 am",0,0,1,0.0526186,1,0
"Sep 10, 07:00 am",0,0,1,0.0524146,1,0
"Sep 10, 08:00 am",562.799,1.14189,1,0.0521164,1,732.6
"Sep 10, 09:00 am",2866.59,5.82773,1,0.0517813,1,860.1
"Sep 10, 10:00 am",2866.59,5.91854,1,0.0515998,1,916.8
"Sep 10, 11:00 am",2866.59,5.72202,1,0.0513399,1,946
"Sep 10, 12:00 pm",2866.54,5.39293,1,0.0511025,1,955.9
"Sep 10, 01:00 pm",2869.4,3.85901,0.76662,0.0508271,0.76662,955.4
"Sep 10, 02:00 pm",2867.06,2.98652,0.599295,0.0507142,0.599295,944.5
"Sep 10, 03:00 pm",2867.02,2.98648,0.563957,0.0508012,0.563957,919.7
"Sep 10, 04:00 pm",2867.04,2.9865,0.652057,0.0509519,0.652057,872.9
"Sep 10, 05:00 pm",2866.56,0.398645,1,0.0514306,1,776.5
"Sep 10, 06:00 pm",2764.78,0.229078,1,0.0519318,1,493.6
"Sep 10, 07:00 pm",2866.62,0,1,0.0522607,1,0
"Sep 10, 08:00 pm",2866.65,0,1,0.0524523,1,0
"Sep 10, 09:00 pm",0,0,1,0.0526021,1,0
"Sep 10, 10:00 pm",0,0,1,0.0526897,1,0
"Sep 10, 11:00 pm",0,0,1,0.0527451,1,0
"Sep 11, 12:00 am",0,0,1,0.0527366,1,0
"Sep 11, 01:00 am",0,0,1,0.052728,1,0
"Sep 11, 02:00 am",0,0,1,0.052696,1,0
"Sep 11, 03:00 am",0,0,1,0.0527264,1,0
"Sep 11, 04:00 am",0,0,1,0.0526183,1,0
"Sep 11, 05:00 am",0,0,1,0.0524944,1,0
"Sep 11, 06:00 am",0,0,1,0.0523224,1,0
"Sep 11, 07:00 am",0,0,1,0.0520865,1,0
"Sep 11, 08:00 am",569.951,1.19123,1,0.0514683,1,737.8
"Sep 11, 09:00 am",2866.59,5.84045,1,0.0508792,1,858.1
"Sep 11, 10:00 am",2866.59,5.90986,1,0.0504907,1,911.5
"Sep 11, 11:00 am",2866.59,5.70621,1,0.0502306,1,938.1
"Sep 11, 12:00 pm",2866.54,5.38927,1,0.0498495,1,948.5
"Sep 11, 01:00 pm",2864.53,3.78451,0.752831,0.0498788,0.752831,948.1
"Sep 11, 02:00 pm",2867.31,2.98679,0.597832,0.0498629,0.597832,937.4
"Sep 11, 03:00 pm",2867.05,2.98651,0.564157,0.0499669,0.564157,912.7
"Sep 11, 04:00 pm",2867.07,2.98653,0.650797,0.0501187,0.650797,866.2
"Sep 11, 05:00 pm",2866.56,0.398852,1,0.0508441,1,771.3
"Sep 11, 06:00 pm",2766.09,0.229313,1,0.0514301,1,496.8
"Sep 11, 07:00 pm",2866.62,0,1,0.0515293,1,0
"Sep 11, 08:00 pm",2866.66,0,1,0.0517178,1,0
"Sep 11, 09:00 pm",0,0,1,0.0518351,1,0
"Sep 11, 10:00 pm",0,0,1,0.0520357,1,0
"Sep 11, 11:00 pm",0,0,1,0.052124,1,0
"Sep 12, 12:00 am",0,0,1,0.0522443,1,0
"Sep 12, 01:00 am",0,0,1,0.0522524,1,0
"Sep 12, 02:00 am",0,0,1,0.052281,1,0
"Sep 12, 03:00 am",0,0,1,0.0523237,1,0
"Sep 12, 04:00 am",0,0,1,0.0525038,1,0
"Sep 12, 05:00 am",0,0,1,0.0523318,1,0
"Sep 12, 06:00 am",0,0,1,0.0522079,1,0
"Sep 12, 07:00 am",0,0,1,0.0519561,1,0
"Sep 12, 08:00 am",581.344,1.33858,1,0.0511188,1,767.4
"Sep 12, 09:00 am",2866.59,6.02769,1,0.0506875,1,879.7
"Sep 12, 10:00 am",2866.59,6.04047,1,0.0501271,1,927.2
"Sep 12, 11:00 am",2866.56,5.81715,1,0.0496487,1,950.5
"Sep 12, 12:00 pm",2866.53,5.46807,1,0.0490688,1,955.4
"Sep 12, 01:00 pm",2867.79,3.13618,0.624612,0.0491037,0.624612,950.9
"Sep 12, 02:00 pm",2867.06,2.98652,0.593088,0.0490821,0.593088,936.7
"Sep 12, 03:00 pm",2867.06,2.98652,0.562075,0.0491551,0.562075,910.2
"Sep 12, 04:00 pm",2867.07,2.98653,0.648603,0.04926,0.648603,862.2
"Sep 12, 05:00 pm",2866.56,0.399026,1,0.0499678,1,766.6
"Sep 12, 06:00 pm",2770.93,0.229984,1,0.0504717,1,500.7
"Sep 12, 07:00 pm",2866.62,0,1,0.0508741,1,0
"Sep 12, 08:00 pm",2866.66,0,1,0.0511581,1,0
"Sep 12, 09:00 pm",0,0,1,0.0514197,1,0
"Sep 12, 10:00 pm",0,0,1,0.0515571,1,0
"Sep 12, 11:00 pm",0,0,1,0.0515983,1,0
"Sep 13, 12:00 am",0,0,1,0.0516555,1,0
"Sep 13, 01:00 am",0,0,1,0.0516966,1,0
"Sep 13, 02:00 am",0,0,1,0.0517695,1,0
"Sep 13, 03:00 am",0,0,1,0.051868,1,0
"Sep 13, 04:00 am",0,0,1,0.0519481,1,0
"Sep 13, 05:00 am",0,0,1,0.0520163,1,0
"Sep 13, 06:00 am",0,0,1,0.0521164,1,0
"Sep 13, 07:00 am",0,0,1,0.0519925,1,0
"Sep 13, 08:00 am",593.735,1.22754,1,0.0513592,1,724.9
"Sep 13, 09:00 am",2866.59,5.76436,1,0.0509662,1,842.3
"Sep 13, 10:00 am",2866.59,5.84208,1,0.0506866,1,894.5
"Sep 13, 11:00 am",2866.59,5.66034,1,0.0504256,1,921.2
"Sep 13, 12:00 pm",2866.54,5.3495,1,0.0501406,1,929.8
"Sep 13, 01:00 pm",2867.05,3.97545,0.794713,0.0500282,0.794713,927.8
"Sep 13, 02:00 pm",2867.31,2.98678,0.604182,0.0499979,0.604182,915.4
"Sep 13, 03:00 pm",2867.03,2.98649,0.570971,0.0500378,0.570971,891.8
"Sep 13, 04:00 pm",2867.05,2.98651,0.655877,0.0501735,0.655877,846.4
"Sep 13, 05:00 pm",2866.56,0.398943,1,0.0506706,1,753.2
"Sep 13, 06:00 pm",2767.83,0.229825,1,0.0511556,1,487.7
"Sep 13, 07:00 pm",2866.62,0,1,0.0513964,1,0
"Sep 13, 08:00 pm",2866.66,0,1,0.0516154,1,0
"Sep 13, 09:00 pm",0,0,1,0.0517162,1,0
"Sep 13, 10:00 pm",0,0,1,0.0518211,1,0
"Sep 13, 11:00 pm",0,0,1,0.0518618,1,0
"Sep 14, 12:00 am",0,0,1,0.0518065,1,0
"Sep 14, 01:00 am",0,0,1,0.0517353,1,0
"Sep 14, 02:00 am",0,0,1,0.0516976,1,0
"Sep 14, 03:00 am",0,0,1,0.0517856,1,0
"Sep 14, 04:00 am",0,0,1,0.0519178,1,0
"Sep 14, 05:00 am",0,0,1,0.052002,1,0
"Sep 14, 06:00 am",0,0,1,0.0521021,1,0
"Sep 14, 07:00 am",0,0,1,0.0519943,1,0
"Sep 14, 08:00 am",107.53,0,1,0.0515038,1,7.3
"Sep 14, 09:00 am",955.49,3.2319,1,0.0509816,1,845.9
"Sep 14, 10:00 am",2866.59,5.90357,1,0.0509148,1,898.8
"Sep 14, 11:00 am",2866.59,5.72315,1,0.0506669,1,926.5
"Sep 14, 12:00 pm",2866.55,5.43251,1,0.0503342,1,937.9
"Sep 14, 01:00 pm",2800.56,5.16281,1,0.0501898,1,938.5
"Sep 14, 02:00 pm",2867.01,2.98647,0.593701,0.0500508,0.593701,928.7
"Sep 14, 03:00 pm",2867.03,2.98649,0.559045,0.0501227,0.559045,905.7
"Sep 14, 04:00 pm",2867.05,2.98651,0.639652,0.0502744,0.639652,861.3
"Sep 14, 05:00 pm",2866.56,0.398877,1,0.0507345,1,769.9
"Sep 14, 06:00 pm",2803.14,0.229685,1,0.0512793,1,499.7
"Sep 14, 07:00 pm",2866.63,0,1,0.0515181,1,0
"Sep 14, 08:00 pm",2866.68,0,1,0.0517199,1,0
"Sep 14, 09:00 pm",228.34,0,1,0.0518065,1,0
"Sep 14, 10:00 pm",0,0,1,0.0518476,1,0
"Sep 14, 11:00 pm",0,0,1,0.0518545,1,0
"Sep 15, 12:00 am",0,0,1,0.0518293,1,0
"Sep 15, 01:00 am",0,0,1,0.0518201,1,0
"Sep 15, 02:00 am",0,0,1,0.0518428,1,0
"Sep 15, 03:00 am",0,0,1,0.0519295,1,0
"Sep 15, 04:00 am",0,0,1,0.0520656,1,0
"Sep 15, 05:00 am",0,0,1,0.0520725,1,0
"Sep 15, 06:00 am",0,0,1,0.0521088,1,0
"Sep 15, 07:00 am",0,0,1,0.051953,1,0
"Sep 15, 08:00 am",477.725,1.45047,1,0.0512794,1,757.7
"Sep 15, 09:00 am",2866.59,5.98117,1,0.0510606,1,864
"Sep 15, 10:00 am",2866.59,5.9922,1,0.050661,1,910.2
"Sep 15, 11:00 am",2866.56,5.79139,1,0.0503189,1,932.4
"Sep 15, 12:00 pm",2866.53,5.48605,1,0.0498947,1,940.7
"Sep 15, 01:00 pm",2864.7,3.14184,0.621089,0.0496398,0.621089,938.6
"Sep 15, 02:00 pm",2867.05,2.98651,0.587436,0.0494897,0.587436,926.5
"Sep 15, 03:00 pm",2867.05,2.98651,0.557496,0.0495462,0.557496,902.3
"Sep 15, 04:00 pm",2867.05,2.98651,0.637619,0.0496666,0.637619,857
"Sep 15, 05:00 pm",2866.56,0.398997,1,0.0501642,1,764.5
"Sep 15, 06:00 pm",2776.14,0.230037,1,0.0507299,1,505.8
"Sep 15, 07:00 pm",2866.62,0,1,0.0509872,1,0
"Sep 15, 08:00 pm",2866.66,0,1,0.0512386,1,0
"Sep 15, 09:00 pm",0,0,1,0.0513402,1,0
"Sep 15, 10:00 pm",0,0,1,0.051462,1,0
"Sep 15, 11:00 pm",0,0,1,0.0515036,1,0
"Sep 16, 12:00 am",0,0,1,0.0515132,1,0
"Sep 16, 01:00 am",0,0,1,0.0514908,1,0
"Sep 16, 02:00 am",0,0,1,0.0514843,1,0
"Sep 16, 03:00 am",0,0,1,0.0516065,1,0
"Sep 16, 04:00 am",0,0,1,0.05179,1,0
"Sep 16, 05:00 am",0,0,1,0.0518902,1,0
"Sep 16, 06:00 am",0,0,1,0.0519583,1,0
"Sep 16, 07:00 am",0,0,1,0.0516425,1,0
"Sep 16, 08:00 am",610.27,1.48001,1,0.0510041,1,753.4
"Sep 16, 09:00 am",2866.59,5.98424,1,0.0508135,1,861.8
"Sep 16, 10:00 am",2866.59,6.02281,1,0.0503784,1,911.2
"Sep 16, 11:00 am",2866.55,5.8425,1,0.0499707,1,935.6
"Sep 16, 12:00 pm",2857.08,5.53826,1,0.0495136,1,943.4
"Sep 16, 01:00 pm",2867.24,2.98671,0.586574,0.0492887,0.586574,941.1
"Sep 16, 02:00 pm",2867.04,2.9865,0.582462,0.0492975,0.582462,928.4
"Sep 16, 03:00 pm",2867.05,2.98651,0.554393,0.0494183,0.554393,902.3
"Sep 16, 04:00 pm",2867.04,2.9865,0.634474,0.0495708,0.634474,855
"Sep 16, 05:00 pm",2866.56,0.39885,1,0.0500533,1,760.8
"Sep 16, 06:00 pm",2777.06,0.229557,1,0.0506841,1,505.4
"Sep 16, 07:00 pm",2866.62,0,1,0.0510538,1,0
"Sep 16, 08:00 pm",2866.66,0,1,0.0512575,1,0
"Sep 16, 09:00 pm",143.751,0,1,0.0512799,1,0
"Sep 16, 10:00 pm",0,0,1,0.0513688,1,0
"Sep 16, 11:00 pm",0,0,1,0.0513763,1,0
"Sep 17, 12:00 am",0,0,1,0.0514476,1,0
"Sep 17, 01:00 am",0,0,1,0.0514389,1,0
"Sep 17, 02:00 am",0,0,1,0.0514302,1,0
"Sep 17, 03:00 am",0,0,1,0.0515078,1,0
"Sep 17, 04:00 am",0,0,1,0.0516,1,0
"Sep 17, 05:00 am",0,0,1,0.0515723,1,0
"Sep 17, 06:00 am",0,0,1,0.0515927,1,0
"Sep 17, 07:00 am",0,0,1,0.0515171,1,0
"Sep 17, 08:00 am",0,0,1,0.0513295,1,7.3
"Sep 17, 09:00 am",0,0,1,0.050902,1,8.4
"Sep 17, 10:00 am",0,0,1,0.0505226,1,8.9
"Sep 17, 11:00 am",0,0,1,0.0503192,1,9.2
"Sep 17, 12:00 pm",0,0,1,0.05018,1,16.4
"Sep 17, 01:00 pm",955.49,2.65102,1,0.0502011,1,923.2
"Sep 17, 02:00 pm",2866.59,5.19755,1,0.0504998,1,911.2
"Sep 17, 03:00 pm",2866.59,5.47088,1,0.0506837,1,887.6
"Sep 17, 04:00 pm",2866.59,4.77647,1,0.0508527,1,842.9
"Sep 17, 05:00 pm",2866.56,0.399058,1,0.0511333,1,751.9
"Sep 17, 06:00 pm",2775.77,0.227224,1,0.0513714,1,499.3
"Sep 17, 07:00 pm",2043.79,0,1,0.0514869,1,0
"Sep 17, 08:00 pm",0,0,1,0.0515507,1,0
"Sep 17, 09:00 pm",0,0,1,0.0515579,1,0
"Sep 17, 10:00 pm",0,0,1,0.051597,1,0
"Sep 17, 11:00 pm",0,0,1,0.0515081,1,0
"Sep 18, 12:00 am",0,0,1,0.0514353,1,0
"Sep 18, 01:00 am",0,0,1,0.0513306,1,0
"Sep 18, 02:00 am",0,0,1,0.0512246,1,0
"Sep 18, 03:00 am",0,0,1,0.0511971,1,0
"Sep 18, 04:00 am",0,0,1,0.0512656,1,0
"Sep 18, 05:00 am",0,0,1,0.051382,1,0
"Sep 18, 06:00 am",0,0,1,0.0514824,1,0
"Sep 18, 07:00 am",0,0,1,0.0514868,1,0
"Sep 18, 08:00 am",0,0,1,0.0512513,1,7.3
"Sep 18, 09:00 am",0,0,1,0.0509358,1,8.3
"Sep 18, 10:00 am",0,0,1,0.0506524,1,8.9
"Sep 18, 11:00 am",0,0,1,0.050433,1,9.1
"Sep 18, 12:00 pm",0,0,1,0.0503577,1,12.7
"Sep 18, 01:00 pm",0,0,1,0.0504104,1,10.4
"Sep 18, 02:00 pm",0,0,1,0.0504471,1,9.1
"Sep 18, 03:00 pm",0,0,1,0.0505637,1,8.9
"Sep 18, 04:00 pm",0,0,1,0.0507763,1,8.4
"Sep 18, 05:00 pm",0,0,1,0.0508929,1,7.5
"Sep 18, 06:00 pm",0,0,1,0.0510095,1,501.6
"Sep 18, 07:00 pm",0,0,1,0.051062,1,0
"Sep 18, 08:00 pm",0,0,1,0.0510825,1,0
"Sep 18, 09:00 pm",0,0,1,0.051135,1,0
"Sep 18, 10:00 pm",0,0,1,0.0511235,1,0
"Sep 18, 11:00 pm",0,0,1,0.051064,1,0
"Sep 19, 12:00 am",0,0,1,0.0510045,1,0
"Sep 19, 01:00 am",0,0,1,0.0509451,1,0
"Sep 19, 02:00 am",0,0,1,0.0509177,1,0
"Sep 19, 03:00 am",0,0,1,0.0509382,1,0
"Sep 19, 04:00 am",0,0,1,0.0510867,1,0
"Sep 19, 05:00 am",0,0,1,0.0512672,1,0
"Sep 19, 06:00 am",0,0,1,0.0513837,1,0
"Sep 19, 07:00 am",0,0,1,0.0513401,1,0
"Sep 19, 08:00 am",0,0,1,0.0510406,1,7.4
"Sep 19, 09:00 am",0,0,1,0.0506932,1,8.6
"Sep 19, 10:00 am",0,0,1,0.0503299,1,9.2
"Sep 19, 11:00 am",0,0,1,0.0500467,1,14.7
"Sep 19, 12:00 pm",0,0,1,0.0498595,1,14.8
"Sep 19, 01:00 pm",477.725,1.96601,1,0.0497375,1,956.8
"Sep 19, 02:00 pm",2866.59,5.41364,1,0.0501742,1,946.4
"Sep 19, 03:00 pm",2866.59,5.7552,1,0.0504276,1,922
"Sep 19, 04:00 pm",2866.59,5.05289,1,0.050596,1,876.8
"Sep 19, 05:00 pm",2866.56,0.397501,1,0.0509343,1,7.9
"Sep 19, 06:00 pm",2799.14,0.224698,1,0.051465,1,526.9
"Sep 19, 07:00 pm",2230.96,0,1,0.0517048,1,0
"Sep 19, 08:00 pm",0,0,1,0.0518169,1,0
"Sep 19, 09:00 pm",0,0,1,0.0518395,1,0
"Sep 19, 10:00 pm",0,0,1,0.0518781,1,0
"Sep 19, 11:00 pm",0,0,1,0.0519166,1,0
"Sep 20, 12:00 am",0,0,1,0.051891,1,0
"Sep 20, 01:00 am",0,0,1,0.0518655,1,0
"Sep 20, 02:00 am",0,0,1,0.05184,1,0
"Sep 20, 03:00 am",0,0,1,0.0518729,1,0
"Sep 20, 04:00 am",0,0,1,0.0519687,1,0
"Sep 20, 05:00 am",0,0,1,0.052005,1,0
"Sep 20, 06:00 am",0,0,1,0.0520892,1,0
"Sep 20, 07:00 am",0,0,1,0.0518535,1,0
"Sep 20, 08:00 am",477.725,1.74031,1,0.0514323,1,770
"Sep 20, 09:00 am",2866.59,6.09865,1,0.0511959,1,867.3
"Sep 20, 10:00 am",2866.59,6.10996,1,0.0507941,1,911.4
"Sep 20, 11:00 am",2866.55,5.94044,1,0.0504651,1,932.9
"Sep 20, 12:00 pm",2868.27,5.41782,0.960635,0.050157,0.960635,939.5
"Sep 20, 01:00 pm",2867.31,2.98678,0.576357,0.0499752,0.576357,936.3
"Sep 20, 02:00 pm",2867.03,2.98649,0.571122,0.0499832,0.571122,923.2
"Sep 20, 03:00 pm",2867.03,2.98649,0.544326,0.0501234,0.544326,899.6
"Sep 20, 04:00 pm",2867.03,2.98649,0.616079,0.0503324,0.616079,855.2
"Sep 20, 05:00 pm",2866.56,0.398573,1,0.05077,1,765.4
"Sep 20, 06:00 pm",2787.6,0.228825,1,0.0513108,1,527.8
"Sep 20, 07:00 pm",2866.62,0,1,0.0516288,1,0
"Sep 20, 08:00 pm",2866.67,0,1,0.0518016,1,0
"Sep 20, 09:00 pm",180.03,0,1,0.0518307,1,0
"Sep 20, 10:00 pm",0,0,1,0.0518716,1,0
"Sep 20, 11:00 pm",0,0,1,0.0518784,1,0
"Sep 21, 12:00 am",0,0,1,0.0518691,1,0
"Sep 21, 01:00 am",0,0,1,0.0518598,1,0
"Sep 21, 02:00 am",0,0,1,0.0518185,1,0
"Sep 21, 03:00 am",0,0,1,0.0517855,1,0
"Sep 21, 04:00 am",0,0,1,0.0518312,1,0
"Sep 21, 05:00 am",0,0,1,0.0518995,1,0
"Sep 21, 06:00 am",0,0,1,0.0519358,1,0
"Sep 21, 07:00 am",0,0,1,0.0518601,1,0
"Sep 21, 08:00 am",0,0,1,0.0516564,1,7.5
"Sep 21, 09:00 am",0,0,1,0.0513088,1,8.5
"Sep 21, 10:00 am",0,0,1,0.0510413,1,9.1
"Sep 21, 11:00 am",0,0,1,0.0508218,1,12.2
"Sep 21, 12:00 pm",0,0,1,0.0506664,1,9.4
"Sep 21, 01:00 pm",0,0,1,0.0505591,1,20.2
"Sep 21, 02:00 pm",1371.78,2.35216,1,0.0504997,1,929
"Sep 21, 03:00 pm",2866.59,5.73072,1,0.0507034,1,907.2
"Sep 21, 04:00 pm",2866.59,5.05913,1,0.0509803,1,865.1
"Sep 21, 05:00 pm",2866.56,0.397746,1,0.0512538,1,778.5
"Sep 21, 06:00 pm",2707.71,0.225892,1,0.0516738,1,535.3
"Sep 21, 07:00 pm",0,0,1,0.0518479,1,0
"Sep 21, 08:00 pm",0,0,1,0.051887,1,0
"Sep 21, 09:00 pm",0,0,1,0.0519101,1,0
"Sep 21, 10:00 pm",0,0,1,0.0519171,1,0
"Sep 21, 11:00 pm",0,0,1,0.0519528,1,0
"Sep 22, 12:00 am",0,0,1,0.0519871,1,0
"Sep 22, 01:00 am",0,0,1,0.0520233,1,0
"Sep 22, 02:00 am",0,0,1,0.0520596,1,0
"Sep 22, 03:00 am",0,0,1,0.0521438,1,0
"Sep 22, 04:00 am",0,0,1,0.052292,1,0
"Sep 22, 05:00 am",0,0,1,0.0524081,1,0
"Sep 22, 06:00 am",0,0,1,0.0524442,1,0
"Sep 22, 07:00 am",24.8815,0,1,0.0522248,1,490.2
"Sep 22, 08:00 am",477.685,1.07865,1,0.0517523,1,799
"Sep 22, 09:00 am",2866.59,6.44878,1,0.0515048,1,896.5
"Sep 22, 10:00 am",2866.59,6.36931,1,0.0511328,1,942.6
"Sep 22, 11:00 am",2866.55,6.22313,1,0.0507636,1,966.3
"Sep 22, 12:00 pm",2866.68,5.06852,0.861263,0.0503705,0.861263,971.9
"Sep 22, 01:00 pm",2867.1,2.98656,0.549887,0.0501045,0.549887,968.4
"Sep 22, 02:00 pm",2867.03,2.98649,0.544723,0.0499364,0.544723,955.7
"Sep 22, 03:00 pm",2867.04,2.9865,0.521081,0.0499765,0.521081,930.1
"Sep 22, 04:00 pm",2867.03,2.98649,0.587263,0.0501603,0.587263,884.4
"Sep 22, 05:00 pm",2866.56,0.39873,1,0.0507298,1,796.3
"Sep 22, 06:00 pm",2787.95,0.229415,1,0.0513744,1,555.2
"Sep 22, 07:00 pm",2866.62,0,1,0.0516561,1,0
"Sep 22, 08:00 pm",2866.67,0,1,0.0518902,1,0
"Sep 22, 09:00 pm",179.362,0,1,0.0519822,1,0
"Sep 22, 10:00 pm",0,0,1,0.0520229,1,0
"Sep 22, 11:00 pm",0,0,1,0.0520934,1,0
"Sep 23, 12:00 am",0,0,1,0.0521158,1,0
"Sep 23, 01:00 am",0,0,1,0.0521381,1,0
"Sep 23, 02:00 am",0,0,1,0.0521764,1,0
"Sep 23, 03:00 am",0,0,1,0.0522402,1,0
"Sep 23, 04:00 am",0,0,1,0.052351,1,0
"Sep 23, 05:00 am",0,0,1,0.0524031,1,0
"Sep 23, 06:00 am",0,0,1,0.0524233,1,0
"Sep 23, 07:00 am",0,0,1,0.0522034,1,518.7
"Sep 23, 08:00 am",477.685,1.14066,1,0.0516534,1,811.1
"Sep 23, 09:00 am",2866.59,6.50843,1,0.0513808,1,902.4
"Sep 23, 10:00 am",2866.59,6.40679,1,0.0509844,1,944.9
"Sep 23, 11:00 am",2866.55,6.2458,1,0.0506422,1,965.4
"Sep 23, 12:00 pm",2865.26,4.73066,0.80198,0.0503409,0.80198,972.1
"Sep 23, 01:00 pm",2867.26,2.98673,0.544243,0.0499612,0.544243,969.6
"Sep 23, 02:00 pm",2867.03,2.98649,0.540084,0.0497294,0.540084,957.7
"Sep 23, 03:00 pm",2867.04,2.9865,0.515044,0.0498336,0.515044,935.9
"Sep 23, 04:00 pm",2867.04,2.9865,0.576743,0.0500336,0.576743,894.1
"Sep 23, 05:00 pm",2866.56,0.398781,1,0.0505601,1,809.7
"Sep 23, 06:00 pm",2791.19,0.22953,1,0.0513175,1,576.1
"Sep 23, 07:00 pm",2866.62,0,1,0.0516148,1,0
"Sep 23, 08:00 pm",2866.67,0,1,0.051855,1,0
"Sep 23, 09:00 pm",189.646,0,1,0.0519754,1,0
"Sep 23, 10:00 pm",0,0,1,0.0520639,1,0
"Sep 23, 11:00 pm",0,0,1,0.0521664,1,0
"Sep 24, 12:00 am",0,0,1,0.0522207,1,0
"Sep 24, 01:00 am",0,0,1,0.052227,1,0
"Sep 24, 02:00 am",0,0,1,0.0522812,1,0
"Sep 24, 03:00 am",0,0,1,0.0523404,1,0
"Sep 24, 04:00 am",0,0,1,0.0524307,1,0
"Sep 24, 05:00 am",0,0,1,0.0524988,1,0
"Sep 24, 06:00 am",0,0,1,0.0523429,1,0
"Sep 24, 07:00 am",0,0,1,0.0520112,1,513.1
"Sep 24, 08:00 am",477.685,1.12526,1,0.0514287,1,795.9
"Sep 24, 09:00 am",2866.59,6.40715,1,0.051119,1,886.6
"Sep 24, 10:00 am",2866.59,6.31593,1,0.0506438,1,928.8
"Sep 24, 11:00 am",2866.55,6.17164,1,0.0502394,1,950
"Sep 24, 12:00 pm",2866.41,4.96673,0.847457,0.0497968,0.847457,957.7
"Sep 24, 01:00 pm",2867.14,2.9866,0.549039,0.0495148,0.549039,955.7
"Sep 24, 02:00 pm",2867.04,2.9865,0.544386,0.0493155,0.544386,944.2
"Sep 24, 03:00 pm",2867.05,2.98651,0.52047,0.0493883,0.52047,921.3
"Sep 24, 04:00 pm",2867.04,2.9865,0.582825,0.0495249,0.582825,878.4
"Sep 24, 05:00 pm",2866.56,0.398938,1,0.0499319,1,793
"Sep 24, 06:00 pm",2791.41,0.229836,1,0.0506163,1,568.8
"Sep 24, 07:00 pm",2866.62,0,1,0.0509732,1,0
"Sep 24, 08:00 pm",2866.67,0,1,0.0512268,1,0
"Sep 24, 09:00 pm",189.81,0,1,0.0513946,1,0
"Sep 24, 10:00 pm",0,0,1,0.0515159,1,0
"Sep 24, 11:00 pm",0,0,1,0.0516031,1,0
"Sep 25, 12:00 am",0,0,1,0.0516581,1,0
"Sep 25, 01:00 am",0,0,1,0.0516971,1,0
"Sep 25, 02:00 am",0,0,1,0.051752,1,0
"Sep 25, 03:00 am",0,0,1,0.0518096,1,0
"Sep 25, 04:00 am",0,0,1,0.051898,1,0
"Sep 25, 05:00 am",0,0,1,0.0520142,1,0
"Sep 25, 06:00 am",0,0,1,0.0520825,1,0
"Sep 25, 07:00 am",0,0,1,0.0518467,1,515.9
"Sep 25, 08:00 am",477.685,1.14792,1,0.0514414,1,792.1
"Sep 25, 09:00 am",2866.59,6.38991,1,0.051299,1,882.2
"Sep 25, 10:00 am",2866.59,6.31566,1,0.0509431,1,925.3
"Sep 25, 11:00 am",2866.55,6.17155,1,0.0506135,1,946.8
"Sep 25, 12:00 pm",2866.46,4.9365,0.842462,0.0502667,0.842462,953
"Sep 25, 01:00 pm",2867.14,2.98661,0.549467,0.0500963,0.549467,949.7
"Sep 25, 02:00 pm",2867.03,2.98649,0.545628,0.0499442,0.545628,937
"Sep 25, 03:00 pm",2867.04,2.9865,0.522608,0.0499682,0.522608,913.5
"Sep 25, 04:00 pm",2867.03,2.98649,0.584641,0.0500881,0.584641,870.2
"Sep 25, 05:00 pm",2866.56,0.398738,1,0.0504927,1,784.7
"Sep 25, 06:00 pm",2788.97,0.229343,1,0.0510467,1,560.3
"Sep 25, 07:00 pm",2866.62,0,1,0.0513383,1,0
"Sep 25, 08:00 pm",2866.67,0,1,0.051527,1,0
"Sep 25, 09:00 pm",183.112,0,1,0.0516302,1,0
"Sep 25, 10:00 pm",0,0,1,0.0516551,1,0
"Sep 25, 11:00 pm",0,0,1,0.0516622,1,0
"Sep 26, 12:00 am",0,0,1,0.0516692,1,0
"Sep 26, 01:00 am",0,0,1,0.0517082,1,0
"Sep 26, 02:00 am",0,0,1,0.051779,1,0
"Sep 26, 03:00 am",0,0,1,0.0518719,1,0
"Sep 26, 04:00 am",0,0,1,0.0519795,1,0
"Sep 26, 05:00 am",0,0,1,0.0519838,1,0
"Sep 26, 06:00 am",0,0,1,0.051892,1,0
"Sep 26, 07:00 am",0,0,1,0.0517363,1,533.2
"Sep 26, 08:00 am",477.685,1.20483,1,0.0511895,1,800.6
"Sep 26, 09:00 am",936.772,0.438084,1,0.0509356,1,8.8
"Sep 26, 10:00 am",260.509,0.271364,1,0.0504234,1,9.3
"Sep 26, 11:00 am",127.301,0.132605,1,0.0499682,1,9.5
"Sep 26, 12:00 pm",0,0,1,0.0496575,1,9.5
"Sep 26, 01:00 pm",0,0,1,0.0497367,1,9.5
"Sep 26, 02:00 pm",0,0,1,0.0496536,1,9.4
"Sep 26, 03:00 pm",2366.9,4.32805,1,0.0496263,1,912.5
"Sep 26, 04:00 pm",2866.59,5.27403,1,0.0497968,1,870.8
"Sep 26, 05:00 pm",2842.58,0.399374,1,0.0501806,1,786.8
"Sep 26, 06:00 pm",1406.34,0.227368,1,0.0505947,1,562.8
"Sep 26, 07:00 pm",0,0,1,0.0508287,1,0
"Sep 26, 08:00 pm",0,0,1,0.0509274,1,0
"Sep 26, 09:00 pm",0,0,1,0.0509923,1,0
"Sep 26, 10:00 pm",0,0,1,0.0511088,1,0
"Sep 26, 11:00 pm",0,0,1,0.0511453,1,0
"Sep 27, 12:00 am",0,0,1,0.0511498,1,0
"Sep 27, 01:00 am",0,0,1,0.0511543,1,0
"Sep 27, 02:00 am",0,0,1,0.0511747,1,0
"Sep 27, 03:00 am",0,0,1,0.0512272,1,0
"Sep 27, 04:00 am",0,0,1,0.0513117,1,0
"Sep 27, 05:00 am",0,0,1,0.0514281,1,0
"Sep 27, 06:00 am",0,0,1,0.0514805,1,0
"Sep 27, 07:00 am",0,0,1,0.0515009,1,5.4
"Sep 27, 08:00 am",0,0,1,0.0512333,1,8
"Sep 27, 09:00 am",0,0,1,0.0506619,1,8.9
"Sep 27, 10:00 am",0,0,1,0.0501866,1,13
"Sep 27, 11:00 am",0,0,1,0.0498714,1,22.8
"Sep 27, 12:00 pm",0,0,1,0.0497162,1,9.6
"Sep 27, 01:00 pm",0,0,1,0.0496251,1,9.6
"Sep 27, 02:00 pm",0,0,1,0.04955,1,9.5
"Sep 27, 03:00 pm",0,0,1,0.0495869,1,9.2
"Sep 27, 04:00 pm",0,0,1,0.0497518,1,8.8
"Sep 27, 05:00 pm",0,0,1,0.0500766,1,8
"Sep 27, 06:00 pm",0,0,1,0.0503694,1,5.7
"Sep 27, 07:00 pm",0,0,1,0.0505661,1,0
"Sep 27, 08:00 pm",0,0,1,0.0507307,1,0
"Sep 27, 09:00 pm",0,0,1,0.0508633,1,0
"Sep 27, 10:00 pm",0,0,1,0.0509479,1,0
"Sep 27, 11:00 pm",0,0,1,0.0510644,1,0
"Sep 28, 12:00 am",0,0,1,0.0511329,1,0
"Sep 28, 01:00 am",0,0,1,0.0511534,1,0
"Sep 28, 02:00 am",0,0,1,0.0512059,1,0
"Sep 28, 03:00 am",0,0,1,0.0513384,1,0
"Sep 28, 04:00 am",0,0,1,0.0515508,1,0
"Sep 28, 05:00 am",0,0,1,0.0517312,1,0
"Sep 28, 06:00 am",0,0,1,0.0517836,1,0
"Sep 28, 07:00 am",0,0,1,0.0514679,1,565.6
"Sep 28, 08:00 am",477.725,1.6062,1,0.0509205,1,818.5
"Sep 28, 09:00 am",2866.59,6.41002,1,0.0505839,1,905.3
"Sep 28, 10:00 am",2866.59,6.5217,1,0.0502486,1,946.9
"Sep 28, 11:00 am",2866.54,6.40773,1,0.0499071,1,968.6
"Sep 28, 12:00 pm",2865.89,4.48798,0.740114,0.0494984,0.740114,976.4
"Sep 28, 01:00 pm",2867.02,2.98648,0.527755,0.0493662,0.527755,975.3
"Sep 28, 02:00 pm",2867.04,2.9865,0.520637,0.0491602,0.520637,965
"Sep 28, 03:00 pm",2867.04,2.9865,0.498756,0.0492422,0.498756,943.3
"Sep 28, 04:00 pm",2866.56,0.406028,1,0.0496167,1,9
"Sep 28, 05:00 pm",2790.69,0.243629,1,0.0502223,1,8.2
"Sep 28, 06:00 pm",2630.75,0.0947175,1,0.0507122,1,597.1
"Sep 28, 07:00 pm",2866.65,0,1,0.0509651,1,0
"Sep 28, 08:00 pm",459.008,0,1,0.0511617,1,0
"Sep 28, 09:00 pm",0,0,1,0.0512547,1,0
"Sep 28, 10:00 pm",0,0,1,0.0512942,1,0
"Sep 28, 11:00 pm",0,0,1,0.0513337,1,0
"Sep 29, 12:00 am",0,0,1,0.0513091,1,0
"Sep 29, 01:00 am",0,0,1,0.0512685,1,0
"Sep 29, 02:00 am",0,0,1,0.0512637,1,0
"Sep 29, 03:00 am",0,0,1,0.0513374,1,0
"Sep 29, 04:00 am",0,0,1,0.0514378,1,0
"Sep 29, 05:00 am",0,0,1,0.0515222,1,0
"Sep 29, 06:00 am",0,0,1,0.0516225,1,0
"Sep 29, 07:00 am",0,0,1,0.0514989,1,5.5
"Sep 29, 08:00 am",477.685,1.20323,1,0.0512076,1,797
"Sep 29, 09:00 am",2866.59,6.43481,1,0.051238,1,881.1
"Sep 29, 10:00 am",2866.56,0.412423,1,0.0510292,1,14.6
"Sep 29, 11:00 am",1308.97,0.261253,1,0.0507649,1,9.4
"Sep 29, 12:00 pm",119.891,0.124886,1,0.0504526,1,9.5
"Sep 29, 01:00 pm",0,0,1,0.0503812,1,9.5
"Sep 29, 02:00 pm",0,0,1,0.0501979,1,9.4
"Sep 29, 03:00 pm",0,0,1,0.0501907,1,9.1
"Sep 29, 04:00 pm",0,0,1,0.0502954,1,8.7
"Sep 29, 05:00 pm",0,0,1,0.0504319,1,7.9
"Sep 29, 06:00 pm",0,0,1,0.0507392,1,579.8
"Sep 29, 07:00 pm",0,0,1,0.0509166,1,0
"Sep 29, 08:00 pm",0,0,1,0.0510491,1,0
"Sep 29, 09:00 pm",0,0,1,0.0511336,1,0
"Sep 29, 10:00 pm",0,0,1,0.0512181,1,0
"Sep 29, 11:00 pm",0,0,1,0.0513026,1,0
"Sep 30, 12:00 am",0,0,1,0.051355,1,0
"Sep 30, 01:00 am",0,0,1,0.0513754,1,0
"Sep 30, 02:00 am",0,0,1,0.0514279,1,0
"Sep 30, 03:00 am",0,0,1,0.0515603,1,0
"Sep 30, 04:00 am",0,0,1,0.0516926,1,0
"Sep 30, 05:00 am",0,0,1,0.051873,1,0
"Sep 30, 06:00 am",0,0,1,0.0518933,1,0
"Sep 30, 07:00 am",0,0,1,0.0515936,1,574.4
"Sep 30, 08:00 am",477.725,2.13261,1,0.0510603,1,814.4
"Sep 30, 09:00 am",2866.59,6.47049,1,0.0510238,1,898.2
"Sep 30, 10:00 am",2866.59,6.50341,1,0.0506004,1,939.1
"Sep 30, 11:00 am",2866.54,6.40208,1,0.0502489,1,960.1
"Sep 30, 12:00 pm",2869.43,3.87126,0.643263,0.0497697,0.643263,967.2
"Sep 30, 01:00 pm",2867.07,2.98653,0.525719,0.0495747,0.525719,965
"Sep 30, 02:00 pm",2867.05,2.98651,0.52092,0.0493754,0.52092,953.7
"Sep 30, 03:00 pm",2867.04,2.9865,0.499931,0.0493865,0.499931,932.5
"Sep 30, 04:00 pm",2867.05,2.98651,0.551311,0.0495143,0.551311,892.4
"Sep 30, 05:00 pm",2866.56,0.402507,1,0.0500313,1,8.1
"Sep 30, 06:00 pm",2812.08,0.236949,1,0.0506045,1,591.3
"Sep 30, 07:00 pm",2866.63,0,1,0.0509392,1,0
"Sep 30, 08:00 pm",2866.68,0,1,0.0512246,1,0
"Sep 30, 09:00 pm",237.314,0,1,0.0513993,1,0
"Sep 30, 10:00 pm",0,0,1,0.0515054,1,0
"Sep 30, 11:00 pm",0,0,1,0.0515765,1,0
"Oct 1, 12:00 am",0,0,1,0.0517755,1,0
"Oct 1, 01:00 am",0,0,1,0.0517663,1,0
"Oct 1, 02:00 am",0,0,1,0.0517571,1,0
"Oct 1, 03:00 am",0,0,1,0.051716,1,0
"Oct 1, 04:00 am",0,0,1,0.051721,1,0
"Oct 1, 05:00 am",0,0,1,0.0516608,1,0
"Oct 1, 06:00 am",0,0,1,0.0516492,1,0
"Oct 1, 07:00 am",0,0,1,0.0515895,1,5.7
"Oct 1, 08:00 am",0,0,1,0.0513859,1,8.1
"Oct 1, 09:00 am",0,0,1,0.0508304,1,8.9
"Oct 1, 10:00 am",0,0,1,0.0503551,1,9.4
"Oct 1, 11:00 am",0,0,1,0.0500398,1,11.4
"Oct 1, 12:00 pm",0,0,1,0.0498206,1,24.3
"Oct 1, 01:00 pm",0,0,1,0.0498895,1,9.6
"Oct 1, 02:00 pm",0,0,1,0.0499103,1,11.9
"Oct 1, 03:00 pm",0,0,1,0.0499951,1,9.2
"Oct 1, 04:00 pm",0,0,1,0.0501598,1,8.8
"Oct 1, 05:00 pm",0,0,1,0.0505005,1,8
"Oct 1, 06:00 pm",0,0,1,0.0507612,1,588.7
"Oct 1, 07:00 pm",0,0,1,0.0509577,1,0
"Oct 1, 08:00 pm",0,0,1,0.0511383,1,0
"Oct 1, 09:00 pm",0,0,1,0.0512387,1,0
"Oct 1, 10:00 pm",0,0,1,0.0513232,1,0
"Oct 1, 11:00 pm",0,0,1,0.0513756,1,0
"Oct 2, 12:00 am",0,0,1,0.0514441,1,0
"Oct 2, 01:00 am",0,0,1,0.0514645,1,0
"Oct 2, 02:00 am",0,0,1,0.0515169,1,0
"Oct 2, 03:00 am",0,0,1,0.0515053,1,0
"Oct 2, 04:00 am",0,0,1,0.0515257,1,0
"Oct 2, 05:00 am",0,0,1,0.0516261,1,0
"Oct 2, 06:00 am",0,0,1,0.0517264,1,0
"Oct 2, 07:00 am",0,0,1,0.0516348,1,5.4
"Oct 2, 08:00 am",0,0,1,0.0514472,1,7.7
"Oct 2, 09:00 am",0,0,1,0.0512757,1,8.6
"Oct 2, 10:00 am",0,0,1,0.0510882,1,9
"Oct 2, 11:00 am",0,0,1,0.0509167,1,9.2
"Oct 2, 12:00 pm",0,0,1,0.0508733,1,9.3
"Oct 2, 01:00 pm",0,0,1,0.0508779,1,10.2
"Oct 2, 02:00 pm",0,0,1,0.0508025,1,9.3
"Oct 2, 03:00 pm",0,0,1,0.0508071,1,9
"Oct 2, 04:00 pm",0,0,1,0.0508117,1,8.6
"Oct 2, 05:00 pm",0,0,1,0.0509762,1,7.8
"Oct 2, 06:00 pm",0,0,1,0.0510768,1,573.9
"Oct 2, 07:00 pm",0,0,1,0.0511613,1,0
"Oct 2, 08:00 pm",0,0,1,0.0512335,1,0
"Oct 2, 09:00 pm",0,0,1,0.0512633,1,0
"Oct 2, 10:00 pm",0,0,1,0.0512793,1,0
"Oct 2, 11:00 pm",0,0,1,0.0513273,1,0
"Oct 3, 12:00 am",0,0,1,0.0513273,1,0
"Oct 3, 01:00 am",0,0,1,0.0513433,1,0
"Oct 3, 02:00 am",0,0,1,0.0514233,1,0
"Oct 3, 03:00 am",0,0,1,0.0515193,1,0
"Oct 3, 04:00 am",0,0,1,0.0516313,1,0
"Oct 3, 05:00 am",0,0,1,0.0517913,1,0
"Oct 3, 06:00 am",0,0,1,0.0518553,1,0
"Oct 3, 07:00 am",0,0,1,0.0516153,1,570.7
"Oct 3, 08:00 am",0,0,1,0.0511353,1,795.1
"Oct 3, 09:00 am",2866.59,7.20914,1,0.0511264,1,877.7
"Oct 3, 10:00 am",2866.59,6.41244,1,0.0509646,1,918.6
"Oct 3, 11:00 am",2866.55,6.32875,1,0.0506808,1,939.8
"Oct 3, 12:00 pm",2867.05,5.17923,0.855827,0.0504191,0.855827,944.9
"Oct 3, 01:00 pm",2866.56,0.413089,1,0.0506392,1,20.1
"Oct 3, 02:00 pm",2864.68,0.271967,1,0.0508601,1,20.1
"Oct 3, 03:00 pm",2728.99,0.14593,1,0.0510152,1,12.5
"Oct 3, 04:00 pm",2866.68,0,1,0.0511564,1,8.6
"Oct 3, 05:00 pm",569.087,0,1,0.0514025,1,7.8
"Oct 3, 06:00 pm",0,0,1,0.0514485,1,572.7
"Oct 3, 07:00 pm",0,0,1,0.0515517,1,0
"Oct 3, 08:00 pm",0,0,1,0.0516068,1,0
"Oct 3, 09:00 pm",0,0,1,0.0516459,1,0
"Oct 3, 10:00 pm",0,0,1,0.0516688,1,0
"Oct 3, 11:00 pm",0,0,1,0.0516278,1,0
"Oct 4, 12:00 am",0,0,1,0.0515867,1,0
"Oct 4, 01:00 am",0,0,1,0.0515467,1,0
"Oct 4, 02:00 am",0,0,1,0.0515373,1,0
"Oct 4, 03:00 am",0,0,1,0.0515097,1,0
"Oct 4, 04:00 am",0,0,1,0.0514501,1,0
"Oct 4, 05:00 am",0,0,1,0.0514225,1,0
"Oct 4, 06:00 am",0,0,1,0.0514429,1,0
"Oct 4, 07:00 am",0,0,1,0.0514314,1,569
"Oct 4, 08:00 am",477.685,1.25023,1,0.0513341,1,788.2
"Oct 4, 09:00 am",2866.59,6.45579,1,0.0514116,1,875.5
"Oct 4, 10:00 am",2866.59,6.45359,1,0.0511932,1,921.7
"Oct 4, 11:00 am",2866.55,6.41202,1,0.0509936,1,948.3
"Oct 4, 12:00 pm",2866.27,4.57254,0.745945,0.0507714,0.745945,957.8
"Oct 4, 01:00 pm",2867.32,2.98679,0.518926,0.0506615,0.518926,958.2
"Oct 4, 02:00 pm",2867.01,2.98647,0.513493,0.0506526,0.513493,949.3
"Oct 4, 03:00 pm",2867.03,2.98649,0.494582,0.0506918,0.494582,928.3
"Oct 4, 04:00 pm",2867.02,2.98648,0.540549,0.0508268,0.540549,888.8
"Oct 4, 05:00 pm",2866.53,2.85238,1,0.0509892,1,810.5
"Oct 4, 06:00 pm",2866.56,0.398917,1,0.0515719,1,597
"Oct 4, 07:00 pm",2791.88,0.22945,1,0.0520105,1,0
"Oct 4, 08:00 pm",2866.62,0,1,0.0523337,1,0
"Oct 4, 09:00 pm",2866.63,0,1,0.0524676,1,0
"Oct 4, 10:00 pm",0,0,1,0.0525872,1,0
"Oct 4, 11:00 pm",0,0,1,0.0526102,1,0
"Oct 5, 12:00 am",0,0,1,0.0525691,1,0
"Oct 5, 01:00 am",0,0,1,0.0525121,1,0
"Oct 5, 02:00 am",0,0,1,0.0524392,1,0
"Oct 5, 03:00 am",0,0,1,0.0523983,1,0
"Oct 5, 04:00 am",0,0,1,0.0522647,1,0
"Oct 5, 05:00 am",0,0,1,0.0521777,1,0
"Oct 5, 06:00 am",0,0,1,0.0521018,1,0
"Oct 5, 07:00 am",62.1905,0,1,0.0518188,1,647.4
"Oct 5, 08:00 am",326.188,0.33978,1,0.05128,1,8.5
"Oct 5, 09:00 am",2866.59,6.43191,1,0.0510345,1,923.9
"Oct 5, 10:00 am",2866.59,6.73798,1,0.0507844,1,958.9
"Oct 5, 11:00 am",2866.55,6.62971,1,0.050508,1,976
"Oct 5, 12:00 pm",2867,4.57333,0.72543,0.0502262,0.72543,980.4
"Oct 5, 01:00 pm",2867.32,2.98679,0.506265,0.0500892,0.506265,976.3
"Oct 5, 02:00 pm",2867.03,2.98649,0.503207,0.049985,0.503207,963.5
"Oct 5, 03:00 pm",2867.03,2.98649,0.487027,0.0500729,0.487027,938.7
"Oct 5, 04:00 pm",2867.02,2.98648,0.533374,0.0502565,0.533374,895.3
"Oct 5, 05:00 pm",2866.53,2.91859,1,0.0505413,1,814
"Oct 5, 06:00 pm",2866.56,0.39887,1,0.0510758,1,616
"Oct 5, 07:00 pm",2762.86,0.229265,1,0.0515161,1,0
"Oct 5, 08:00 pm",2866.62,0,1,0.0518472,1,0
"Oct 5, 09:00 pm",2866.61,0,1,0.0520562,1,0
"Oct 5, 10:00 pm",0,0,1,0.0521899,1,0
"Oct 5, 11:00 pm",0,0,1,0.0522289,1,0
"Oct 6, 12:00 am",0,0,1,0.0522358,1,0
"Oct 6, 01:00 am",0,0,1,0.0522586,1,0
"Oct 6, 02:00 am",0,0,1,0.0522814,1,0
"Oct 6, 03:00 am",0,0,1,0.0522224,1,0
"Oct 6, 04:00 am",0,0,1,0.0521462,1,0
"Oct 6, 05:00 am",0,0,1,0.0521984,1,0
"Oct 6, 06:00 am",0,0,1,0.0521705,1,0
"Oct 6, 07:00 am",32.855,0,1,0.0519992,1,6
"Oct 6, 08:00 am",0,0,1,0.0516998,1,8.1
"Oct 6, 09:00 am",0,0,1,0.0513842,1,8.9
"Oct 6, 10:00 am",1433.25,3.224,1,0.0510679,1,931.6
"Oct 6, 11:00 am",2866.59,6.50254,1,0.0509801,1,953.5
"Oct 6, 12:00 pm",2866.59,6.2768,1,0.0509291,1,959.4
"Oct 6, 01:00 pm",2866.56,0.414204,1,0.0510014,1,21
"Oct 6, 02:00 pm",2787.98,0.274236,1,0.0510135,1,19
"Oct 6, 03:00 pm",2647.11,0.147259,1,0.0511173,1,11.9
"Oct 6, 04:00 pm",2411.05,4.29498,1,0.0512266,1,874.8
"Oct 6, 05:00 pm",2866.53,2.88355,1,0.0512751,1,792.8
"Oct 6, 06:00 pm",1955.94,0.398715,1,0.0515866,1,599.6
"Oct 6, 07:00 pm",219.659,0.228811,1,0.0516915,1,0
"Oct 6, 08:00 pm",0,0,1,0.0516984,1,0
"Oct 6, 09:00 pm",0,0,1,0.0516609,1,0
"Oct 6, 10:00 pm",0,0,1,0.0516701,1,0
"Oct 6, 11:00 pm",0,0,1,0.0516425,1,0
"Oct 7, 12:00 am",0,0,1,0.0516308,1,0
"Oct 7, 01:00 am",0,0,1,0.0516032,1,0
"Oct 7, 02:00 am",0,0,1,0.0515916,1,0
"Oct 7, 03:00 am",0,0,1,0.0515479,1,0
"Oct 7, 04:00 am",0,0,1,0.0515363,1,0
"Oct 7, 05:00 am",0,0,1,0.0515727,1,0
"Oct 7, 06:00 am",0,0,1,0.051577,1,0
"Oct 7, 07:00 am",4.25066e-13,0,1,0.0514054,1,6.1
"Oct 7, 08:00 am",0,0,1,0.0511219,1,8
"Oct 7, 09:00 am",0,0,1,0.0507264,1,8.9
"Oct 7, 10:00 am",0,0,1,0.0503951,1,9.3
"Oct 7, 11:00 am",0,0,1,0.0501278,1,21.3
"Oct 7, 12:00 pm",1433.25,3.10276,1,0.0499232,1,962.1
"Oct 7, 01:00 pm",2866.59,6.06622,1,0.0500104,1,959.7
"Oct 7, 02:00 pm",2866.59,6.07957,1,0.0501633,1,948
"Oct 7, 03:00 pm",2866.54,6.29503,1,0.0503367,1,926.1
"Oct 7, 04:00 pm",2866.55,4.30923,0.757475,0.0505005,0.757475,885.4
"Oct 7, 05:00 pm",2868.67,2.9882,1,0.0507142,1,807.2
"Oct 7, 06:00 pm",2866.56,0.398675,1,0.0512113,1,605.3
"Oct 7, 07:00 pm",2760.94,0.22928,1,0.0515685,1,0
"Oct 7, 08:00 pm",2866.62,0,1,0.0517933,1,0
"Oct 7, 09:00 pm",2866.65,0,1,0.0519641,1,0
"Oct 7, 10:00 pm",0,0,1,0.0520484,1,0
"Oct 7, 11:00 pm",0,0,1,0.0520885,1,0
"Oct 8, 12:00 am",0,0,1,0.0520646,1,0
"Oct 8, 01:00 am",0,0,1,0.0520407,1,0
"Oct 8, 02:00 am",0,0,1,0.0520168,1,0
"Oct 8, 03:00 am",0,0,1,0.0520057,1,0
"Oct 8, 04:00 am",0,0,1,0.0520246,1,0
"Oct 8, 05:00 am",0,0,1,0.0521247,1,0
"Oct 8, 06:00 am",0,0,1,0.0520169,1,0
"Oct 8, 07:00 am",87.5835,0,1,0.0516381,1,648.3
"Oct 8, 08:00 am",2866.59,5.88416,1,0.0511054,1,841.6
"Oct 8, 09:00 am",2866.59,6.71286,1,0.0507155,1,915.9
"Oct 8, 10:00 am",2866.55,6.75253,1,0.0502827,1,953.1
"Oct 8, 11:00 am",2864.44,4.94278,0.748167,0.0498809,0.748167,972.4
"Oct 8, 12:00 pm",2867.15,2.98661,0.48,0.0494913,0.48,977.2
"Oct 8, 01:00 pm",2867.04,2.9865,0.499019,0.0493079,0.499019,973.5
"Oct 8, 02:00 pm",2867.04,2.9865,0.497192,0.0491887,0.497192,960.8
"Oct 8, 03:00 pm",2867.04,2.9865,0.482293,0.0492936,0.482293,936.7
"Oct 8, 04:00 pm",2867.05,2.98651,0.524342,0.0494622,0.524342,894.3
"Oct 8, 05:00 pm",2866.06,2.98548,0.972204,0.0497905,0.972204,815
"Oct 8, 06:00 pm",2866.56,0.39899,1,0.0503518,1,621.5
"Oct 8, 07:00 pm",2758.75,0.229957,1,0.0507749,1,0
"Oct 8, 08:00 pm",2866.61,0,1,0.0510411,1,0
"Oct 8, 09:00 pm",2866.64,0,1,0.0512499,1,0
"Oct 8, 10:00 pm",0,0,1,0.0514007,1,0
"Oct 8, 11:00 pm",0,0,1,0.0514735,1,0
"Oct 9, 12:00 am",0,0,1,0.0515142,1,0
"Oct 9, 01:00 am",0,0,1,0.0515388,1,0
"Oct 9, 02:00 am",0,0,1,0.0515473,1,0
"Oct 9, 03:00 am",0,0,1,0.0515872,1,0
"Oct 9, 04:00 am",0,0,1,0.0516408,1,0
"Oct 9, 05:00 am",0,0,1,0.0517731,1,0
"Oct 9, 06:00 am",0,0,1,0.0518413,1,0
"Oct 9, 07:00 am",79.3107,0,1,0.0513666,1,628.9
"Oct 9, 08:00 am",2866.59,5.7523,1,0.0508887,1,819.1
"Oct 9, 09:00 am",2866.59,6.55474,1,0.0505433,1,893.6
"Oct 9, 10:00 am",2866.55,6.61072,1,0.050114,1,931.5
"Oct 9, 11:00 am",2866.56,5.40291,0.8309,0.0497526,0.8309,951
"Oct 9, 12:00 pm",2867.28,2.98675,0.488012,0.0493205,0.488012,957.5
"Oct 9, 01:00 pm",2867.04,2.9865,0.506509,0.0493133,0.506509,955
"Oct 9, 02:00 pm",2867.04,2.9865,0.504068,0.0492741,0.504068,943.5
"Oct 9, 03:00 pm",2867.04,2.9865,0.488408,0.0493148,0.488408,921.6
"Oct 9, 04:00 pm",2867.03,2.98649,0.52891,0.0494674,0.52891,881.5
"Oct 9, 05:00 pm",2866.35,2.98578,0.976176,0.0496838,0.976176,804.3
"Oct 9, 06:00 pm",2866.56,0.398979,1,0.050216,1,617
"Oct 9, 07:00 pm",2759.41,0.229974,1,0.0507064,1,0
"Oct 9, 08:00 pm",2866.61,0,1,0.0510223,1,0
"Oct 9, 09:00 pm",2866.64,0,1,0.0511681,1,0
"Oct 9, 10:00 pm",0,0,1,0.0513195,1,0
"Oct 9, 11:00 pm",0,0,1,0.0514084,1,0
"Oct 10, 12:00 am",0,0,1,0.0514491,1,0
"Oct 10, 01:00 am",0,0,1,0.0514739,1,0
"Oct 10, 02:00 am",0,0,1,0.0514985,1,0
"Oct 10, 03:00 am",0,0,1,0.0515692,1,0
"Oct 10, 04:00 am",0,0,1,0.0516057,1,0
"Oct 10, 05:00 am",0,0,1,0.051658,1,0
"Oct 10, 06:00 am",0,0,1,0.0516302,1,0
"Oct 10, 07:00 am",81.291,0,1,0.0513155,1,6.5
"Oct 10, 08:00 am",955.49,3.22577,1,0.0508788,1,837.2
"Oct 10, 09:00 am",2866.59,6.68838,1,0.0508092,1,908.8
"Oct 10, 10:00 am",2866.56,6.72736,1,0.0503932,1,945
"Oct 10, 11:00 am",2866.91,5.8429,0.881041,0.0500306,0.881041,963.6
"Oct 10, 12:00 pm",2867.16,2.98662,0.481835,0.0496415,0.481835,966.8
"Oct 10, 01:00 pm",2866.56,0.42137,1,0.0496449,1,27.2
"Oct 10, 02:00 pm",2866.69,5.61667,0.9716,0.0497012,0.9716,948.1
"Oct 10, 03:00 pm",2865.07,2.98445,0.488264,0.04977,0.488264,923.4
"Oct 10, 04:00 pm",2867.03,2.98649,0.526703,0.049954,0.526703,880.4
"Oct 10, 05:00 pm",2866.08,2.9855,0.971254,0.0501219,0.971254,801.1
"Oct 10, 06:00 pm",2866.56,0.398858,1,0.0505921,1,616.1
"Oct 10, 07:00 pm",2781.39,0.229687,1,0.0509827,1,0
"Oct 10, 08:00 pm",2866.62,0,1,0.0512237,1,0
"Oct 10, 09:00 pm",2866.66,0,1,0.0514012,1,0
"Oct 10, 10:00 pm",157.4,0,1,0.0515318,1,0
"Oct 10, 11:00 pm",0,0,1,0.0515885,1,0
"Oct 11, 12:00 am",0,0,1,0.0516116,1,0
"Oct 11, 01:00 am",0,0,1,0.0516347,1,0
"Oct 11, 02:00 am",0,0,1,0.0516418,1,0
"Oct 11, 03:00 am",0,0,1,0.0516808,1,0
"Oct 11, 04:00 am",0,0,1,0.0517689,1,0
"Oct 11, 05:00 am",0,0,1,0.0518395,1,0
"Oct 11, 06:00 am",0,0,1,0.0518438,1,0
"Oct 11, 07:00 am",0,0,1,0.0517041,1,6.6
"Oct 11, 08:00 am",0,0,1,0.0512925,1,8.4
"Oct 11, 09:00 am",0,0,1,0.050769,1,9.1
"Oct 11, 10:00 am",0,0,1,0.0503097,1,9.4
"Oct 11, 11:00 am",0,0,1,0.0500424,1,30.8
"Oct 11, 12:00 pm",1846.97,3.6874,1,0.0498871,1,966.5
"Oct 11, 01:00 pm",2866.59,6.18279,1,0.0499609,1,963.1
"Oct 11, 02:00 pm",2866.59,6.2144,1,0.0501567,1,950.9
"Oct 11, 03:00 pm",2866.54,6.40508,1,0.0503711,1,929
"Oct 11, 04:00 pm",2865.84,3.53191,0.610192,0.0505776,0.610192,889.3
"Oct 11, 05:00 pm",2865.9,2.98531,0.949941,0.0507832,0.949941,812.9
"Oct 11, 06:00 pm",2866.56,0.398464,1,0.0511302,1,625.3
"Oct 11, 07:00 pm",2749.81,0.228702,1,0.0515258,1,0
"Oct 11, 08:00 pm",2866.61,0,1,0.0517851,1,0
"Oct 11, 09:00 pm",2866.62,0,1,0.0518996,1,0
"Oct 11, 10:00 pm",0,0,1,0.0519805,1,0
"Oct 11, 11:00 pm",0,0,1,0.0520202,1,0
"Oct 12, 12:00 am",0,0,1,0.0520118,1,0
"Oct 12, 01:00 am",0,0,1,0.0519394,1,0
"Oct 12, 02:00 am",0,0,1,0.0518991,1,0
"Oct 12, 03:00 am",0,0,1,0.0518882,1,0
"Oct 12, 04:00 am",0,0,1,0.0519076,1,0
"Oct 12, 05:00 am",0,0,1,0.0519278,1,0
"Oct 12, 06:00 am",0,0,1,0.051852,1,0
"Oct 12, 07:00 am",54.7068,0,1,0.0515369,1,655
"Oct 12, 08:00 am",2866.59,6.18012,1,0.0513627,1,831.9
"Oct 12, 09:00 am",2866.59,6.65016,1,0.0510921,1,902.2
"Oct 12, 10:00 am",2866.55,6.70391,1,0.0507536,1,937.7
"Oct 12, 11:00 am",2865.64,4.76452,0.725561,0.0504395,0.725561,956.2
"Oct 12, 12:00 pm",2867.23,2.9867,0.479232,0.0501748,0.479232,962.8
"Oct 12, 01:00 pm",2867.03,2.98649,0.497392,0.0499267,0.497392,960.4
"Oct 12, 02:00 pm",2867.04,2.9865,0.494641,0.0499347,0.494641,949.2
"Oct 12, 03:00 pm",2867.03,2.98649,0.480492,0.0500866,0.480492,927.4
"Oct 12, 04:00 pm",2867.02,2.98648,0.516724,0.0502222,0.516724,887.7
"Oct 12, 05:00 pm",2865.55,2.98495,0.941021,0.0503418,0.941021,812.1
"Oct 12, 06:00 pm",2866.56,0.398637,1,0.0507697,1,629.9
"Oct 12, 07:00 pm",2764.6,0.229156,1,0.0511874,1,0
"Oct 12, 08:00 pm",2866.62,0,1,0.0514347,1,0
"Oct 12, 09:00 pm",2866.65,0,1,0.0515617,1,0
"Oct 12, 10:00 pm",0,0,1,0.051616,1,0
"Oct 12, 11:00 pm",0,0,1,0.0516249,1,0
"Oct 13, 12:00 am",0,0,1,0.0516178,1,0
"Oct 13, 01:00 am",0,0,1,0.0515946,1,0
"Oct 13, 02:00 am",0,0,1,0.0515875,1,0
"Oct 13, 03:00 am",0,0,1,0.0515855,1,0
"Oct 13, 04:00 am",0,0,1,0.0516771,1,0
"Oct 13, 05:00 am",0,0,1,0.0518094,1,0
"Oct 13, 06:00 am",0,0,1,0.0518616,1,0
"Oct 13, 07:00 am",99.386,0,1,0.051579,1,6.6
"Oct 13, 08:00 am",0,0,1,0.0512006,1,8.3
"Oct 13, 09:00 am",0,0,1,0.0507411,1,9
"Oct 13, 10:00 am",1433.25,3.34877,1,0.050383,1,940.6
"Oct 13, 11:00 am",2866.59,6.69995,1,0.0502455,1,959.6
"Oct 13, 12:00 pm",2866.59,6.50472,1,0.0502281,1,966.4
"Oct 13, 01:00 pm",2866.84,6.19656,0.991612,0.0501647,0.991612,964.3
"Oct 13, 02:00 pm",2867.03,2.98649,0.493857,0.0500945,0.493857,953.3
"Oct 13, 03:00 pm",2867.02,2.98647,0.476438,0.0501982,0.476438,932.7
"Oct 13, 04:00 pm",2867.02,2.98647,0.509929,0.0503497,0.509929,894.6
"Oct 13, 05:00 pm",2867.01,2.98647,0.923336,0.050469,0.923336,820.7
"Oct 13, 06:00 pm",2866.56,0.398687,1,0.0509536,1,639
"Oct 13, 07:00 pm",2752.52,0.229232,1,0.0514105,1,0
"Oct 13, 08:00 pm",2866.61,0,1,0.051701,1,0
"Oct 13, 09:00 pm",2866.63,0,1,0.0518569,1,0
"Oct 13, 10:00 pm",0,0,1,0.0519892,1,0
"Oct 13, 11:00 pm",0,0,1,0.052061,1,0
"Oct 14, 12:00 am",0,0,1,0.0520686,1,0
"Oct 14, 01:00 am",0,0,1,0.0520762,1,0
"Oct 14, 02:00 am",0,0,1,0.0520998,1,0
"Oct 14, 03:00 am",0,0,1,0.0521496,1,0
"Oct 14, 04:00 am",0,0,1,0.0522136,1,0
"Oct 14, 05:00 am",0,0,1,0.0520898,1,0
"Oct 14, 06:00 am",0,0,1,0.051998,1,0
"Oct 14, 07:00 am",61.703,0,1,0.0515871,1,683.3
"Oct 14, 08:00 am",2866.59,6.14024,1,0.0513287,1,851.6
"Oct 14, 09:00 am",2866.59,6.80583,1,0.0510021,1,919.8
"Oct 14, 10:00 am",2866.55,6.8618,1,0.050587,1,954.8
"Oct 14, 11:00 am",2867.07,4.56677,0.681176,0.0502515,0.681176,972.7
"Oct 14, 12:00 pm",2867.32,2.98679,0.468377,0.0498888,0.468377,977.2
"Oct 14, 01:00 pm",2867.03,2.98649,0.486781,0.0498969,0.486781,973.3
"Oct 14, 02:00 pm",2867.04,2.9865,0.484672,0.049873,0.484672,960.5
"Oct 14, 03:00 pm",2867.03,2.98649,0.471628,0.049961,0.471628,938.4
"Oct 14, 04:00 pm",2867.03,2.98649,0.504727,0.0501608,0.504727,898.7
"Oct 14, 05:00 pm",2867.04,2.9865,0.911618,0.0504243,0.911618,823.9
"Oct 14, 06:00 pm",2866.56,0.398718,1,0.0509866,1,648.2
"Oct 14, 07:00 pm",2770.23,0.229093,1,0.0514918,1,0
"Oct 14, 08:00 pm",2866.62,0,1,0.051759,1,0
"Oct 14, 09:00 pm",2866.66,0,1,0.0519363,1,0
"Oct 14, 10:00 pm",0,0,1,0.0520713,1,0
"Oct 14, 11:00 pm",0,0,1,0.0521278,1,0
"Oct 15, 12:00 am",0,0,1,0.0521524,1,0
"Oct 15, 01:00 am",0,0,1,0.0521608,1,0
"Oct 15, 02:00 am",0,0,1,0.0521533,1,0
"Oct 15, 03:00 am",0,0,1,0.0521457,1,0
"Oct 15, 04:00 am",0,0,1,0.0521818,1,0
"Oct 15, 05:00 am",0,0,1,0.0522317,1,0
"Oct 15, 06:00 am",0,0,1,0.0522518,1,0
"Oct 15, 07:00 am",116.794,0,1,0.0520814,1,6.6
"Oct 15, 08:00 am",0,0,1,0.051927,1,8.3
"Oct 15, 09:00 am",0,0,1,0.0515473,1,9
"Oct 15, 10:00 am",0,0,1,0.0512798,1,9.4
"Oct 15, 11:00 am",0,0,1,0.0510762,1,9.6
"Oct 15, 12:00 pm",0,0,1,0.0510167,1,9.6
"Oct 15, 01:00 pm",0,0,1,0.0510213,1,28.5
"Oct 15, 02:00 pm",0,0,1,0.0510578,1,9.5
"Oct 15, 03:00 pm",0,0,1,0.0511903,1,9.3
"Oct 15, 04:00 pm",0,0,1,0.0513547,1,8.8
"Oct 15, 05:00 pm",0,0,1,0.0514711,1,8.1
"Oct 15, 06:00 pm",0,0,1,0.0516995,1,636.2
"Oct 15, 07:00 pm",0,0,1,0.0518638,1,0
"Oct 15, 08:00 pm",0,0,1,0.0520281,1,0
"Oct 15, 09:00 pm",0,0,1,0.0520324,1,0
"Oct 15, 10:00 pm",0,0,1,0.0520206,1,0
"Oct 15, 11:00 pm",0,0,1,0.0520889,1,0
"Oct 16, 12:00 am",0,0,1,0.0520451,1,0
"Oct 16, 01:00 am",0,0,1,0.0519534,1,0
"Oct 16, 02:00 am",0,0,1,0.0518777,1,0
"Oct 16, 03:00 am",0,0,1,0.051818,1,0
"Oct 16, 04:00 am",0,0,1,0.0517583,1,0
"Oct 16, 05:00 am",0,0,1,0.0518106,1,0
"Oct 16, 06:00 am",0,0,1,0.051719,1,0
"Oct 16, 07:00 am",0,0,1,0.0515314,1,6.7
"Oct 16, 08:00 am",477.725,2.34071,1,0.0512158,1,841.6
"Oct 16, 09:00 am",2866.59,6.74817,1,0.0512942,1,913.5
"Oct 16, 10:00 am",2866.59,6.86768,1,0.05093,1,951.7
"Oct 16, 11:00 am",2866.67,6.59726,0.964972,0.0505783,0.964972,972.7
"Oct 16, 12:00 pm",2867.28,2.98675,0.468369,0.050248,0.468369,978.1
"Oct 16, 01:00 pm",2867.02,2.98648,0.482645,0.0499999,0.482645,974.9
"Oct 16, 02:00 pm",2867.03,2.98649,0.479847,0.049858,0.479847,962.8
"Oct 16, 03:00 pm",2867.02,2.98648,0.467748,0.049929,0.467748,940.6
"Oct 16, 04:00 pm",2867.02,2.98648,0.498302,0.0500588,0.498302,900.8
"Oct 16, 05:00 pm",2867.03,2.98649,0.892978,0.0503166,0.892978,826.5
"Oct 16, 06:00 pm",2866.56,0.398748,1,0.0508327,1,646.7
"Oct 16, 07:00 pm",2816.43,0.229417,1,0.0513254,1,0
"Oct 16, 08:00 pm",2866.63,0,1,0.0516438,1,0
"Oct 16, 09:00 pm",2866.68,0,1,0.0518487,1,0
"Oct 16, 10:00 pm",272.436,0,1,0.0519275,1,0
"Oct 16, 11:00 pm",0,0,1,0.0519853,1,0
"Oct 17, 12:00 am",0,0,1,0.0519759,1,0
"Oct 17, 01:00 am",0,0,1,0.0519505,1,0
"Oct 17, 02:00 am",0,0,1,0.0519411,1,0
"Oct 17, 03:00 am",0,0,1,0.0519317,1,0
"Oct 17, 04:00 am",0,0,1,0.0519703,1,0
"Oct 17, 05:00 am",0,0,1,0.0520088,1,0
"Oct 17, 06:00 am",0,0,1,0.0518848,1,0
"Oct 17, 07:00 am",0,0,1,0.0516158,1,6.9
"Oct 17, 08:00 am",1417.11,2.99363,1,0.0512202,1,844.7
"Oct 17, 09:00 am",1768.98,0.402418,1,0.050844,1,9.1
"Oct 17, 10:00 am",244.219,0.254395,1,0.0505473,1,9.4
"Oct 17, 11:00 am",118.312,0.123241,1,0.0502,1,10.4
"Oct 17, 12:00 pm",0,0,1,0.0499967,1,22.3
"Oct 17, 01:00 pm",0,0,1,0.0498576,1,21.9
"Oct 17, 02:00 pm",0,0,1,0.0497504,1,11.8
"Oct 17, 03:00 pm",0,0,1,0.0496433,1,17
"Oct 17, 04:00 pm",0,0,1,0.0497121,1,8.9
"Oct 17, 05:00 pm",0,0,1,0.049989,1,8.2
"Oct 17, 06:00 pm",0,0,1,0.0503457,1,6.5
"Oct 17, 07:00 pm",0,0,1,0.0506544,1,0
"Oct 17, 08:00 pm",0,0,1,0.050883,1,0
"Oct 17, 09:00 pm",0,0,1,0.0510635,1,0
"Oct 17, 10:00 pm",0,0,1,0.051212,1,0
"Oct 17, 11:00 pm",0,0,1,0.0513284,1,0
"Oct 18, 12:00 am",0,0,1,0.0513969,1,0
"Oct 18, 01:00 am",0,0,1,0.0514653,1,0
"Oct 18, 02:00 am",0,0,1,0.0515017,1,0
"Oct 18, 03:00 am",0,0,1,0.0515541,1,0
"Oct 18, 04:00 am",0,0,1,0.0516385,1,0
"Oct 18, 05:00 am",0,0,1,0.0517388,1,0
"Oct 18, 06:00 am",0,0,1,0.0518232,1,0
"Oct 18, 07:00 am",0,0,1,0.0513155,1,695.9
"Oct 18, 08:00 am",2866.59,6.72378,1,0.0508834,1,854.1
"Oct 18, 09:00 am",2866.59,6.85633,1,0.0505916,1,921.1
"Oct 18, 10:00 am",2866.54,6.93386,1,0.0501229,1,956.5
"Oct 18, 11:00 am",2865.46,4.2743,0.631794,0.0496842,0.631794,975.4
"Oct 18, 12:00 pm",2867.3,2.98677,0.462421,0.049223,0.462421,978.6
"Oct 18, 01:00 pm",2867.03,2.98649,0.479162,0.049024,0.479162,974
"Oct 18, 02:00 pm",2867.04,2.9865,0.477226,0.0488691,0.477226,960.5
"Oct 18, 03:00 pm",2867.03,2.98649,0.465929,0.0489267,0.465929,938.2
"Oct 18, 04:00 pm",2867.04,2.9865,0.493969,0.0490567,0.493969,898.9
"Oct 18, 05:00 pm",2867.05,2.98651,0.878663,0.0494427,0.878663,825.3
"Oct 18, 06:00 pm",2866.56,0.398984,1,0.0500415,1,657
"Oct 18, 07:00 pm",2774.14,0.229868,1,0.0505509,1,0
"Oct 18, 08:00 pm",2866.62,0,1,0.0508372,1,0
"Oct 18, 09:00 pm",2866.66,0,1,0.0510584,1,0
"Oct 18, 10:00 pm",0,0,1,0.0512145,1,0
"Oct 18, 11:00 pm",0,0,1,0.0512723,1,0
"Oct 19, 12:00 am",0,0,1,0.051314,1,0
"Oct 19, 01:00 am",0,0,1,0.0513237,1,0
"Oct 19, 02:00 am",0,0,1,0.0513653,1,0
"Oct 19, 03:00 am",0,0,1,0.0514389,1,0
"Oct 19, 04:00 am",0,0,1,0.0515316,1,0
"Oct 19, 05:00 am",0,0,1,0.0515098,1,0
"Oct 19, 06:00 am",0,0,1,0.05161,1,0
"Oct 19, 07:00 am",572.242,1.02999,1,0.0510083,1,698.2
"Oct 19, 08:00 am",2866.59,6.11302,1,0.0503469,1,852.7
"Oct 19, 09:00 am",2866.59,6.82314,1,0.0500074,1,916.8
"Oct 19, 10:00 am",2866.54,6.89707,1,0.0494414,1,949.8
"Oct 19, 11:00 am",2868.12,3.92312,0.585092,0.0490083,0.585092,966.9
"Oct 19, 12:00 pm",2867.24,2.9867,0.463358,0.0485465,0.463358,970.5
"Oct 19, 01:00 pm",2867.04,2.98651,0.481264,0.0485882,0.481264,965.9
"Oct 19, 02:00 pm",2867.04,2.9865,0.479228,0.0486298,0.479228,952.9
"Oct 19, 03:00 pm",2867.03,2.98649,0.468516,0.0487513,0.468516,930.2
"Oct 19, 04:00 pm",2867.04,2.9865,0.496102,0.0488407,0.496102,890.4
"Oct 19, 05:00 pm",2867.05,2.98651,0.879882,0.0492497,0.879882,817.1
"Oct 19, 06:00 pm",2866.56,0.398977,1,0.0496803,1,652.3
"Oct 19, 07:00 pm",2757.21,0.229947,1,0.0502144,1,0
"Oct 19, 08:00 pm",2866.61,0,1,0.0506323,1,0
"Oct 19, 09:00 pm",2866.64,0,1,0.05091,1,0
"Oct 19, 10:00 pm",0,0,1,0.0510468,1,0
"Oct 19, 11:00 pm",0,0,1,0.0511039,1,0
"Oct 20, 12:00 am",0,0,1,0.051161,1,0
"Oct 20, 01:00 am",0,0,1,0.0511859,1,0
"Oct 20, 02:00 am",0,0,1,0.0512748,1,0
"Oct 20, 03:00 am",0,0,1,0.0513641,1,0
"Oct 20, 04:00 am",0,0,1,0.0514672,1,0
"Oct 20, 05:00 am",0,0,1,0.0516475,1,0
"Oct 20, 06:00 am",0,0,1,0.0515718,1,0
"Oct 20, 07:00 am",793.253,0.789792,1,0.0512574,1,671.1
"Oct 20, 08:00 am",2866.59,5.98588,1,0.0510101,1,824.6
"Oct 20, 09:00 am",2866.59,6.63485,1,0.0508659,1,891.5
"Oct 20, 10:00 am",2866.55,6.73818,1,0.0505896,1,927.1
"Oct 20, 11:00 am",2866.09,4.89276,0.736012,0.0503175,0.736012,945.9
"Oct 20, 12:00 pm",2867.17,2.98663,0.471718,0.0498798,0.471718,953
"Oct 20, 01:00 pm",2867.02,2.98648,0.487455,0.0499518,0.487455,951.3
"Oct 20, 02:00 pm",2867.03,2.98649,0.483999,0.0498638,0.483999,940.7
"Oct 20, 03:00 pm",2867.02,2.98648,0.472876,0.0498718,0.472876,919.5
"Oct 20, 04:00 pm",2867.02,2.98648,0.498954,0.0499598,0.498954,881.2
"Oct 20, 05:00 pm",2867.04,2.9865,0.881803,0.0502075,0.881803,809
"Oct 20, 06:00 pm",2866.56,0.398733,1,0.0506801,1,645
"Oct 20, 07:00 pm",2753.18,0.229274,1,0.0511117,1,0
"Oct 20, 08:00 pm",2866.61,0,1,0.0513982,1,0
"Oct 20, 09:00 pm",2866.63,0,1,0.0515295,1,0
"Oct 20, 10:00 pm",0,0,1,0.051569,1,0
"Oct 20, 11:00 pm",0,0,1,0.0515453,1,0
"Oct 21, 12:00 am",0,0,1,0.0515216,1,0
"Oct 21, 01:00 am",0,0,1,0.051482,1,0
"Oct 21, 02:00 am",0,0,1,0.0515063,1,0
"Oct 21, 03:00 am",0,0,1,0.0515061,1,0
"Oct 21, 04:00 am",0,0,1,0.0514719,1,0
"Oct 21, 05:00 am",0,0,1,0.0515722,1,0
"Oct 21, 06:00 am",0,0,1,0.0515925,1,0
"Oct 21, 07:00 am",63.7773,0,1,0.0512937,1,6.8
"Oct 21, 08:00 am",0,0,1,0.0508669,1,8.3
"Oct 21, 09:00 am",1433.21,3.31119,1,0.050477,1,895.5
"Oct 21, 10:00 am",2866.59,6.79614,1,0.0502633,1,931.7
"Oct 21, 11:00 am",2866.56,6.78148,1,0.0500737,1,951.4
"Oct 21, 12:00 pm",2866.56,0.438247,1,0.0499128,1,44
"Oct 21, 01:00 pm",2867.35,0.341054,1,0.0499777,1,42.7
"Oct 21, 02:00 pm",2762.62,0.246462,1,0.0499747,1,30.9
"Oct 21, 03:00 pm",2866.59,5.89171,1,0.0500272,1,920
"Oct 21, 04:00 pm",2866.59,6.20195,1,0.0502498,1,880.9
"Oct 21, 05:00 pm",2866.59,3.42837,1,0.0504232,1,808.6
"Oct 21, 06:00 pm",2866.56,0.398875,1,0.0506821,1,644.9
"Oct 21, 07:00 pm",2733.95,0.228888,1,0.0508861,1,0
"Oct 21, 08:00 pm",1810.41,0,1,0.0510434,1,0
"Oct 21, 09:00 pm",0,0,1,0.0510673,1,0
"Oct 21, 10:00 pm",0,0,1,0.0510911,1,0
"Oct 21, 11:00 pm",0,0,1,0.0511149,1,0
"Oct 22, 12:00 am",0,0,1,0.0510746,1,0
"Oct 22, 01:00 am",0,0,1,0.0510649,1,0
"Oct 22, 02:00 am",0,0,1,0.0510696,1,0
"Oct 22, 03:00 am",0,0,1,0.0511381,1,0
"Oct 22, 04:00 am",0,0,1,0.0512705,1,0
"Oct 22, 05:00 am",0,0,1,0.051419,1,0
"Oct 22, 06:00 am",0,0,1,0.0514394,1,0
"Oct 22, 07:00 am",0,0,1,0.0511398,1,7.2
"Oct 22, 08:00 am",0,0,1,0.0506484,1,8.7
"Oct 22, 09:00 am",1860.53,3.97998,1,0.0503169,1,930.9
"Oct 22, 10:00 am",2866.59,7.04442,1,0.0500339,1,965.1
"Oct 22, 11:00 am",2866.55,7.03578,1,0.0498466,1,983.7
"Oct 22, 12:00 pm",2866.56,0.442546,1,0.0496271,1,48.8
"Oct 22, 01:00 pm",2868.98,0.353689,1,0.0496428,1,46.8
"Oct 22, 02:00 pm",2770.97,0.264287,1,0.0495916,1,33.5
"Oct 22, 03:00 pm",1753.9,0.177255,1,0.0496994,1,11.8
"Oct 22, 04:00 pm",0,0,1,0.0498512,1,9
"Oct 22, 05:00 pm",0,0,1,0.0500205,1,8.3
"Oct 22, 06:00 pm",0,0,1,0.0503974,1,6.6
"Oct 22, 07:00 pm",0,0,1,0.05063,1,0
"Oct 22, 08:00 pm",0,0,1,0.0507928,1,0
"Oct 22, 09:00 pm",0,0,1,0.0509058,1,0
"Oct 22, 10:00 pm",0,0,1,0.0510223,1,0
"Oct 22, 11:00 pm",0,0,1,0.0511388,1,0
"Oct 23, 12:00 am",0,0,1,0.0512232,1,0
"Oct 23, 01:00 am",0,0,1,0.0512917,1,0
"Oct 23, 02:00 am",0,0,1,0.0513441,1,0
"Oct 23, 03:00 am",0,0,1,0.0514605,1,0
"Oct 23, 04:00 am",0,0,1,0.0515929,1,0
"Oct 23, 05:00 am",0,0,1,0.0516452,1,0
"Oct 23, 06:00 am",0,0,1,0.0515056,1,0
"Oct 23, 07:00 am",440.167,1.03512,1,0.05119,1,708
"Oct 23, 08:00 am",2866.59,6.24067,1,0.0510116,1,850.9
"Oct 23, 09:00 am",2866.59,6.81311,1,0.0508468,1,911.9
"Oct 23, 10:00 am",2866.54,6.89711,1,0.0505333,1,943.4
"Oct 23, 11:00 am",2865.87,3.77738,0.564176,0.0502409,0.564176,959.2
"Oct 23, 12:00 pm",2867.29,2.98676,0.460797,0.0499364,0.460797,964.3
"Oct 23, 01:00 pm",2867.02,2.98648,0.477937,0.0499283,0.477937,960.6
"Oct 23, 02:00 pm",2867.02,2.98648,0.475342,0.0499363,0.475342,948.4
"Oct 23, 03:00 pm",2867.02,2.98648,0.465313,0.0500402,0.465313,927.3
"Oct 23, 04:00 pm",2867.02,2.98647,0.487214,0.0502239,0.487214,889.4
"Oct 23, 05:00 pm",2867.02,2.98648,0.850045,0.0503594,0.850045,819.1
"Oct 23, 06:00 pm",2866.56,0.398621,1,0.0507745,1,665.2
"Oct 23, 07:00 pm",2754.73,0.22893,1,0.0511977,1,0
"Oct 23, 08:00 pm",2866.61,0,1,0.0514242,1,0
"Oct 23, 09:00 pm",2866.63,0,1,0.051574,1,0
"Oct 23, 10:00 pm",0,0,1,0.0515824,1,0
"Oct 23, 11:00 pm",0,0,1,0.0515748,1,0
"Oct 24, 12:00 am",0,0,1,0.0515672,1,0
"Oct 24, 01:00 am",0,0,1,0.0515755,1,0
"Oct 24, 02:00 am",0,0,1,0.0515839,1,0
"Oct 24, 03:00 am",0,0,1,0.0515328,1,0
"Oct 24, 04:00 am",0,0,1,0.0515118,1,0
"Oct 24, 05:00 am",0,0,1,0.0515321,1,0
"Oct 24, 06:00 am",0,0,1,0.0515524,1,0
"Oct 24, 07:00 am",69.5405,0,1,0.0515576,1,6.8
"Oct 24, 08:00 am",0,0,1,0.0515309,1,8.3
"Oct 24, 09:00 am",0,0,1,0.0512633,1,8.9
"Oct 24, 10:00 am",0,0,1,0.0510598,1,9.3
"Oct 24, 11:00 am",0,0,1,0.0509523,1,9.4
"Oct 24, 12:00 pm",0,0,1,0.0508448,1,9.5
"Oct 24, 01:00 pm",0,0,1,0.0508334,1,9.5
"Oct 24, 02:00 pm",0,0,1,0.050822,1,9.4
"Oct 24, 03:00 pm",0,0,1,0.0508745,1,9.2
"Oct 24, 04:00 pm",0,0,1,0.0509271,1,8.9
"Oct 24, 05:00 pm",0,0,1,0.0510436,1,8.2
"Oct 24, 06:00 pm",0,0,1,0.0512241,1,664.6
"Oct 24, 07:00 pm",0,0,1,0.0514365,1,0
"Oct 24, 08:00 pm",0,0,1,0.0515049,1,0
"Oct 24, 09:00 pm",0,0,1,0.0515413,1,0
"Oct 24, 10:00 pm",0,0,1,0.0515777,1,0
"Oct 24, 11:00 pm",0,0,1,0.0515981,1,0
"Oct 25, 12:00 am",0,0,1,0.0515705,1,0
"Oct 25, 01:00 am",0,0,1,0.0515589,1,0
"Oct 25, 02:00 am",0,0,1,0.0515632,1,0
"Oct 25, 03:00 am",0,0,1,0.0515356,1,0
"Oct 25, 04:00 am",0,0,1,0.051524,1,0
"Oct 25, 05:00 am",0,0,1,0.0514964,1,0
"Oct 25, 06:00 am",0,0,1,0.0514049,1,0
"Oct 25, 07:00 am",0,0,1,0.0511373,1,7.2
"Oct 25, 08:00 am",0,0,1,0.0508059,1,8.6
"Oct 25, 09:00 am",0,0,1,0.0504905,1,9.2
"Oct 25, 10:00 am",0,0,1,0.0501752,1,9.5
"Oct 25, 11:00 am",0,0,1,0.0499081,1,12.1
"Oct 25, 12:00 pm",0,0,1,0.0496889,1,36.3
"Oct 25, 01:00 pm",0,0,1,0.0496458,1,45.5
"Oct 25, 02:00 pm",0,0,1,0.0496667,1,34.9
"Oct 25, 03:00 pm",0,0,1,0.0497676,1,21.6
"Oct 25, 04:00 pm",1433.25,2.85529,1,0.0498897,1,897.7
"Oct 25, 05:00 pm",2866.59,3.63792,1,0.0501353,1,827.8
"Oct 25, 06:00 pm",2080.64,0.398358,1,0.0504377,1,673.4
"Oct 25, 07:00 pm",218.065,0.227151,1,0.0506794,1,0
"Oct 25, 08:00 pm",0,0,1,0.0508717,1,0
"Oct 25, 09:00 pm",0,0,1,0.0510203,1,0
"Oct 25, 10:00 pm",0,0,1,0.0510888,1,0
"Oct 25, 11:00 pm",0,0,1,0.0511733,1,0
"Oct 26, 12:00 am",0,0,1,0.0512098,1,0
"Oct 26, 01:00 am",0,0,1,0.0512623,1,0
"Oct 26, 02:00 am",0,0,1,0.0512988,1,0
"Oct 26, 03:00 am",0,0,1,0.0513352,1,0
"Oct 26, 04:00 am",0,0,1,0.0513717,1,0
"Oct 26, 05:00 am",0,0,1,0.0514241,1,0
"Oct 26, 06:00 am",0,0,1,0.0513008,1,0
"Oct 26, 07:00 am",477.725,1.30527,1,0.0510908,1,717.2
"Oct 26, 08:00 am",2866.59,6.44703,1,0.0510518,1,855.7
"Oct 26, 09:00 am",2866.59,6.8725,1,0.0508586,1,916.7
"Oct 26, 10:00 am",2866.54,6.97605,1,0.0506533,1,949.3
"Oct 26, 11:00 am",2866.56,0.422105,1,0.0505768,1,26.7
"Oct 26, 12:00 pm",2860.18,0.300595,1,0.0505615,1,32.1
"Oct 26, 01:00 pm",2746.51,0.195877,1,0.0505871,1,25.8
"Oct 26, 02:00 pm",2659.13,0,1,0.0506453,1,20.8
"Oct 26, 03:00 pm",0,0,1,0.0507206,1,9.4
"Oct 26, 04:00 pm",0,0,1,0.0507928,1,9
"Oct 26, 05:00 pm",0,0,1,0.0509128,1,8.4
"Oct 26, 06:00 pm",0,0,1,0.0511286,1,678.7
"Oct 26, 07:00 pm",0,0,1,0.0513281,1,0
"Oct 26, 08:00 pm",0,0,1,0.0514633,1,0
"Oct 26, 09:00 pm",0,0,1,0.0515259,1,0
"Oct 26, 10:00 pm",0,0,1,0.051603,1,0
"Oct 26, 11:00 pm",0,0,1,0.0516874,1,0
"Oct 27, 12:00 am",0,0,1,0.0517397,1,0
"Oct 27, 01:00 am",0,0,1,0.0517921,1,0
"Oct 27, 02:00 am",0,0,1,0.0518444,1,0
"Oct 27, 03:00 am",0,0,1,0.0518647,1,0
"Oct 27, 04:00 am",0,0,1,0.051901,1,0
"Oct 27, 05:00 am",0,0,1,0.0519532,1,0
"Oct 27, 06:00 am",0,0,1,0.0518295,1,0
"Oct 27, 07:00 am",0,0,1,0.0516099,1,7.2
"Oct 27, 08:00 am",0,0,1,0.0513103,1,8.6
"Oct 27, 09:00 am",0,0,1,0.0508028,1,9.2
"Oct 27, 10:00 am",0,0,1,0.0505034,1,18.4
"Oct 27, 11:00 am",0,0,1,0.0502681,1,34.8
"Oct 27, 12:00 pm",0,0,1,0.0501129,1,35
"Oct 27, 01:00 pm",0,0,1,0.0500537,1,20.3
"Oct 27, 02:00 pm",0,0,1,0.0500744,1,10.9
"Oct 27, 03:00 pm",0,0,1,0.0502072,1,9.4
"Oct 27, 04:00 pm",0,0,1,0.0504039,1,9
"Oct 27, 05:00 pm",0,0,1,0.0505206,1,8.3
"Oct 27, 06:00 pm",0,0,1,0.0507492,1,684
"Oct 27, 07:00 pm",0,0,1,0.0509458,1,0
"Oct 27, 08:00 pm",0,0,1,0.0510304,1,0
"Oct 27, 09:00 pm",0,0,1,0.0511149,1,0
"Oct 27, 10:00 pm",0,0,1,0.0511834,1,0
"Oct 27, 11:00 pm",0,0,1,0.0512039,1,0
"Oct 28, 12:00 am",0,0,1,0.0511924,1,0
"Oct 28, 01:00 am",0,0,1,0.0511809,1,0
"Oct 28, 02:00 am",0,0,1,0.0511694,1,0
"Oct 28, 03:00 am",0,0,1,0.0512059,1,0
"Oct 28, 04:00 am",0,0,1,0.0513063,1,0
"Oct 28, 05:00 am",0,0,1,0.0512948,1,0
"Oct 28, 06:00 am",0,0,1,0.0511873,1,0
"Oct 28, 07:00 am",0,0,1,0.0510158,1,7.1
"Oct 28, 08:00 am",955.49,3.04405,1,0.0507793,1,847.6
"Oct 28, 09:00 am",2866.59,6.816,1,0.0507745,1,908.7
"Oct 28, 10:00 am",2866.56,0.409338,1,0.0506508,1,12.3
"Oct 28, 11:00 am",2692.97,0.285357,1,0.0505075,1,42.5
"Oct 28, 12:00 pm",2866.59,6.24144,1,0.0503088,1,966.8
"Oct 28, 01:00 pm",2866.59,6.59124,1,0.0503329,1,966.3
"Oct 28, 02:00 pm",2866.55,6.65822,1,0.0503905,1,957.3
"Oct 28, 03:00 pm",2866.56,0.408674,1,0.0505721,1,11.5
"Oct 28, 04:00 pm",2805.85,0.253815,1,0.0507373,1,9
"Oct 28, 05:00 pm",2654.81,0.114956,1,0.0509726,1,8.3
"Oct 28, 06:00 pm",1668.28,0,1,0.0511451,1,687.4
"Oct 28, 07:00 pm",0,0,1,0.0513329,1,0
"Oct 28, 08:00 pm",0,0,1,0.0514523,1,0
"Oct 28, 09:00 pm",0,0,1,0.0515714,1,0
"Oct 28, 10:00 pm",0,0,1,0.0515785,1,0
"Oct 28, 11:00 pm",0,0,1,0.0515855,1,0
"Oct 29, 12:00 am",0,0,1,0.0516085,1,0
"Oct 29, 01:00 am",0,0,1,0.0516566,1,0
"Oct 29, 02:00 am",0,0,1,0.0516874,1,0
"Oct 29, 03:00 am",0,0,1,0.0517397,1,0
"Oct 29, 04:00 am",0,0,1,0.05184,1,0
"Oct 29, 05:00 am",0,0,1,0.0518443,1,0
"Oct 29, 06:00 am",0,0,1,0.0517206,1,0
"Oct 29, 07:00 am",477.725,1.43127,1,0.051445,1,779.7
"Oct 29, 08:00 am",2866.59,6.89072,1,0.0513241,1,909.6
"Oct 29, 09:00 am",2866.59,7.2653,1,0.0511572,1,964.7
"Oct 29, 10:00 am",2866.56,6.40562,0.875989,0.0508276,0.875989,993.6
"Oct 29, 11:00 am",2867.27,2.98674,0.425121,0.0504645,0.425121,1008.6
"Oct 29, 12:00 pm",2867.02,2.98647,0.430893,0.0501201,0.430893,1013.6
"Oct 29, 01:00 pm",2867.03,2.98649,0.445965,0.04992,0.445965,1011.1
"Oct 29, 02:00 pm",2867.03,2.98649,0.442168,0.0498161,0.442168,1001.1
"Oct 29, 03:00 pm",2867.02,2.98648,0.434184,0.0498881,0.434184,979.9
"Oct 29, 04:00 pm",2867.02,2.98648,0.446385,0.0500081,0.446385,943.1
"Oct 29, 05:00 pm",2867.03,2.98649,0.757041,0.0501119,0.757041,876.7
"Oct 29, 06:00 pm",2866.56,0.398747,1,0.050686,1,719.5
"Oct 29, 07:00 pm",2765.04,0.229406,1,0.0511907,1,113
"Oct 29, 08:00 pm",2866.62,0,1,0.0515063,1,0
"Oct 29, 09:00 pm",2866.65,0,1,0.0517417,1,0
"Oct 29, 10:00 pm",0,0,1,0.0518962,1,0
"Oct 29, 11:00 pm",0,0,1,0.0519527,1,0
"Oct 30, 12:00 am",0,0,1,0.0519611,1,0
"Oct 30, 01:00 am",0,0,1,0.0520334,1,0
"Oct 30, 02:00 am",0,0,1,0.0520577,1,0
"Oct 30, 03:00 am",0,0,1,0.0520881,1,0
"Oct 30, 04:00 am",0,0,1,0.0521485,1,0
"Oct 30, 05:00 am",0,0,1,0.0520407,1,0
"Oct 30, 06:00 am",0,0,1,0.0518049,1,0
"Oct 30, 07:00 am",577.714,1.57781,1,0.0513471,1,768.4
"Oct 30, 08:00 am",2866.59,6.81532,1,0.0511733,1,895.4
"Oct 30, 09:00 am",2866.59,7.1657,1,0.0508681,1,950.8
"Oct 30, 10:00 am",2866.66,6.4113,0.887603,0.0504798,0.887603,979.9
"Oct 30, 11:00 am",2867.27,2.98674,0.429677,0.0500982,0.429677,994.7
"Oct 30, 12:00 pm",2867.03,2.98649,0.435825,0.0497383,0.435825,999.2
"Oct 30, 01:00 pm",2867.05,2.98651,0.451462,0.0495706,0.451462,995.7
"Oct 30, 02:00 pm",2867.04,2.9865,0.44829,0.0493872,0.44829,984.3
"Oct 30, 03:00 pm",2867.03,2.98649,0.440381,0.049268,0.440381,963.7
"Oct 30, 04:00 pm",2867.04,2.9865,0.451507,0.0494047,0.451507,927.7
"Oct 30, 05:00 pm",2867.04,2.9865,0.764199,0.0497172,0.764199,861.8
"Oct 30, 06:00 pm",2866.56,0.398871,1,0.0502621,1,722
"Oct 30, 07:00 pm",2775.04,0.229818,1,0.0508318,1,153.7
"Oct 30, 08:00 pm",2866.62,0,1,0.0512038,1,0
"Oct 30, 09:00 pm",2866.66,0,1,0.0514186,1,0
"Oct 30, 10:00 pm",0,0,1,0.0515401,1,0
"Oct 30, 11:00 pm",0,0,1,0.0516136,1,0
"Oct 31, 12:00 am",0,0,1,0.0516709,1,0
"Oct 31, 01:00 am",0,0,1,0.0517122,1,0
"Oct 31, 02:00 am",0,0,1,0.0517694,1,0
"Oct 31, 03:00 am",0,0,1,0.0517945,1,0
"Oct 31, 04:00 am",0,0,1,0.0518547,1,0
"Oct 31, 05:00 am",0,0,1,0.0517366,1,0
"Oct 31, 06:00 am",0,0,1,0.0515328,1,0
"Oct 31, 07:00 am",607.351,1.48581,1,0.0511035,1,739.3
"Oct 31, 08:00 am",2866.59,6.57244,1,0.0508482,1,865.4
"Oct 31, 09:00 am",2866.59,6.95783,1,0.0505222,1,923.2
"Oct 31, 10:00 am",2866.77,6.90677,0.978412,0.0501299,0.978412,954
"Oct 31, 11:00 am",2867.19,2.98665,0.439983,0.0497217,0.439983,970.3
"Oct 31, 12:00 pm",2867.02,2.98648,0.444697,0.0493622,0.444697,977
"Oct 31, 01:00 pm",2867.04,2.9865,0.459436,0.0491471,0.459436,976
"Oct 31, 02:00 pm",2867.03,2.98649,0.455481,0.0489802,0.455481,966.3
"Oct 31, 03:00 pm",2867.03,2.98649,0.447823,0.0490693,0.447823,946
"Oct 31, 04:00 pm",2867.03,2.98649,0.458223,0.0492063,0.458223,910.1
"Oct 31, 05:00 pm",2867.03,2.98649,0.774608,0.0494071,0.774608,844.1
"Oct 31, 06:00 pm",2866.56,0.398836,1,0.0499637,1,706.3
"Oct 31, 07:00 pm",2770.9,0.229592,1,0.0504641,1,165.4
"Oct 31, 08:00 pm",2866.62,0,1,0.0508334,1,0
"Oct 31, 09:00 pm",2866.66,0,1,0.0510786,1,0
"Oct 31, 10:00 pm",0,0,1,0.0512157,1,0
"Oct 31, 11:00 pm",0,0,1,0.0512893,1,0
"Nov 1, 12:00 am",0,0,1,0.0519385,1,0
"Nov 1, 01:00 am",0,0,1,0.0519952,1,0
"Nov 1, 02:00 am",0,0,1,0.0521638,1,0
"Nov 1, 03:00 am",0,0,1,0.0522202,1,0
"Nov 1, 04:00 am",0,0,1,0.0520784,1,0
"Nov 1, 05:00 am",0,0,1,0.0521265,1,0
"Nov 1, 06:00 am",0,0,1,0.0521946,1,0
"Nov 1, 07:00 am",595.502,1.50034,1,0.0521654,1,742.9
"Nov 1, 08:00 am",2866.59,6.60234,1,0.0517055,1,869.1
"Nov 1, 09:00 am",2866.59,6.99436,1,0.050882,1,926.7
"Nov 1, 10:00 am",2866.79,6.82173,0.961157,0.0504559,0.961157,957.8
"Nov 1, 11:00 am",2867.23,2.9867,0.436547,0.0500146,0.436547,974.2
"Nov 1, 12:00 pm",2867.06,2.98652,0.441055,0.0496868,0.441055,981
"Nov 1, 01:00 pm",2867.08,2.98654,0.455698,0.0494233,0.455698,979.6
"Nov 1, 02:00 pm",2867.07,2.98653,0.451681,0.049256,0.451681,970.3
"Nov 1, 03:00 pm",2867.07,2.98653,0.44501,0.0491689,0.44501,949
"Nov 1, 04:00 pm",2867.04,2.9865,0.454699,0.0492258,0.454699,912.4
"Nov 1, 05:00 pm",2867.05,2.98651,0.766349,0.0492986,0.766349,846.4
"Nov 1, 06:00 pm",2866.56,0.398987,1,0.0496148,1,706.4
"Nov 1, 07:00 pm",2771.52,0.229935,1,0.0501947,1,175.7
"Nov 1, 08:00 pm",2866.62,0,1,0.0511555,1,0
"Nov 1, 09:00 pm",2866.66,0,1,0.0510643,1,0
"Nov 1, 10:00 pm",0,0,1,0.0512493,1,0
"Nov 1, 11:00 pm",0,0,1,0.0514348,1,0
"Nov 2, 12:00 am",0,0,1,0.0515402,1,0
"Nov 2, 01:00 am",0,0,1,0.0515335,1,0
"Nov 2, 02:00 am",0,0,1,0.0516067,1,0
"Nov 2, 03:00 am",0,0,1,0.0516318,1,0
"Nov 2, 04:00 am",0,0,1,0.0516811,1,0
"Nov 2, 05:00 am",0,0,1,0.051696,1,0
"Nov 2, 06:00 am",0,0,1,0.0517802,1,0
"Nov 2, 07:00 am",596.428,1.48633,1,0.0515906,1,734.6
"Nov 2, 08:00 am",2866.59,6.53004,1,0.0510611,1,859.5
"Nov 2, 09:00 am",2866.59,6.93118,1,0.0506552,1,917.8
"Nov 2, 10:00 am",2866.56,6.96458,0.988027,0.0502798,0.988027,949.4
"Nov 2, 11:00 am",2867.2,2.98666,0.439658,0.0499519,0.439658,966.6
"Nov 2, 12:00 pm",2867.05,2.98651,0.444653,0.0496561,0.444653,971.6
"Nov 2, 01:00 pm",2867.05,2.98651,0.460467,0.0494886,0.460467,968.5
"Nov 2, 02:00 pm",2867.04,2.9865,0.457476,0.0494012,0.457476,957.2
"Nov 2, 03:00 pm",2867.05,2.98651,0.451226,0.0494098,0.451226,935.3
"Nov 2, 04:00 pm",2867.04,2.9865,0.460184,0.0494185,0.460184,897.8
"Nov 2, 05:00 pm",2867.04,2.9865,0.775771,0.0494751,0.775771,830.6
"Nov 2, 06:00 pm",2866.56,0.398729,1,0.0497746,1,693.7
"Nov 2, 07:00 pm",2770.08,0.229132,1,0.0503059,1,184.9
"Nov 2, 08:00 pm",2866.62,0,1,0.0507545,1,0
"Nov 2, 09:00 pm",2866.66,0,1,0.0509673,1,0
"Nov 2, 10:00 pm",0,0,1,0.0510884,1,0
"Nov 2, 11:00 pm",0,0,1,0.0511302,1,0
"Nov 3, 12:00 am",0,0,1,0.051108,1,0
"Nov 3, 01:00 am",0,0,1,0.0513256,1,0
"Nov 3, 02:00 am",0,0,1,0.0511273,1,0
"Nov 3, 03:00 am",0,0,1,0.0509931,1,0
"Nov 3, 04:00 am",0,0,1,0.0509147,1,0
"Nov 3, 05:00 am",0,0,1,0.0509296,1,0
"Nov 3, 06:00 am",0,0,1,0.050918,1,0
"Nov 3, 07:00 am",116.639,0,1,0.0509079,1,7.3
"Nov 3, 08:00 am",0,0,1,0.0508819,1,8.5
"Nov 3, 09:00 am",0,0,1,0.0507744,1,9.1
"Nov 3, 10:00 am",0,0,1,0.0505391,1,9.4
"Nov 3, 11:00 am",0,0,1,0.0504957,1,9.6
"Nov 3, 12:00 pm",0,0,1,0.0502764,1,9.7
"Nov 3, 01:00 pm",0,0,1,0.0500411,1,9.7
"Nov 3, 02:00 pm",0,0,1,0.0499659,1,9.6
"Nov 3, 03:00 pm",0,0,1,0.0500667,1,9.4
"Nov 3, 04:00 pm",0,0,1,0.0501675,1,9
"Nov 3, 05:00 pm",0,0,1,0.0502522,1,8.3
"Nov 3, 06:00 pm",0,0,1,0.0504329,1,6.9
"Nov 3, 07:00 pm",0,0,1,0.0506775,1,194.5
"Nov 3, 08:00 pm",0,0,1,0.0507302,1,0
"Nov 3, 09:00 pm",0,0,1,0.0507348,1,0
"Nov 3, 10:00 pm",0,0,1,0.0507554,1,0
"Nov 3, 11:00 pm",0,0,1,0.0509199,1,0
"Nov 4, 12:00 am",0,0,1,0.0511484,1,0
"Nov 4, 01:00 am",0,0,1,0.051057,1,0
"Nov 4, 02:00 am",0,0,1,0.0510135,1,0
"Nov 4, 03:00 am",0,0,1,0.051002,1,0
"Nov 4, 04:00 am",0,0,1,0.0509906,1,0
"Nov 4, 05:00 am",0,0,1,0.0510111,1,0
"Nov 4, 06:00 am",0,0,1,0.0510316,1,0
"Nov 4, 07:00 am",0,0,1,0.0510362,1,7.4
"Nov 4, 08:00 am",0,0,1,0.0509767,1,8.6
"Nov 4, 09:00 am",0,0,1,0.0508373,1,9.2
"Nov 4, 10:00 am",0,0,1,0.0505699,1,9.8
"Nov 4, 11:00 am",955.49,3.57872,1,0.050238,1,971
"Nov 4, 12:00 pm",2866.59,7.0177,1,0.0503259,1,978.1
"Nov 4, 01:00 pm",2866.55,6.79538,1,0.0502021,1,977.1
"Nov 4, 02:00 pm",2866.63,5.56437,0.816436,0.0500063,0.816436,968.1
"Nov 4, 03:00 pm",2867.27,2.98674,0.447244,0.0499341,0.447244,949.2
"Nov 4, 04:00 pm",2867.01,2.98647,0.447979,0.0499022,0.447979,915.3
"Nov 4, 05:00 pm",2867.03,2.98649,0.745942,0.0500193,0.745942,852.4
"Nov 4, 06:00 pm",2866.56,0.398553,1,0.0504241,1,708.9
"Nov 4, 07:00 pm",2806.97,0.228813,1,0.0509011,1,219.9
"Nov 4, 08:00 pm",2866.63,0,1,0.0512836,1,0
"Nov 4, 09:00 pm",2866.68,0,1,0.0515207,1,0
"Nov 4, 10:00 pm",243.511,0,1,0.0515033,1,0
"Nov 4, 11:00 pm",0,0,1,0.0516733,1,0
"Nov 5, 12:00 am",0,0,1,0.0517442,1,0
"Nov 5, 01:00 am",0,0,1,0.0516871,1,0
"Nov 5, 02:00 am",0,0,1,0.0516621,1,0
"Nov 5, 03:00 am",0,0,1,0.0515891,1,0
"Nov 5, 04:00 am",0,0,1,0.0515961,1,0
"Nov 5, 05:00 am",0,0,1,0.051693,1,0
"Nov 5, 06:00 am",0,0,1,0.0517405,1,0
"Nov 5, 07:00 am",871.782,1.35842,1,0.0515689,1,755.2
"Nov 5, 08:00 am",2866.59,6.68671,1,0.0515815,1,875.5
"Nov 5, 09:00 am",2866.56,0.413865,1,0.0511839,1,15.2
"Nov 5, 10:00 am",2866.59,6.73536,1,0.0506345,1,962.1
"Nov 5, 11:00 am",2866.56,7.19096,1,0.0503893,1,978.4
"Nov 5, 12:00 pm",2866.97,5.88455,0.836467,0.0501942,0.836467,982.7
"Nov 5, 01:00 pm",2866.56,0.464786,1,0.0500999,1,73.4
"Nov 5, 02:00 pm",2866.56,0.402264,1,0.0500707,1,48.7
"Nov 5, 03:00 pm",2866.55,6.6596,1,0.0500938,1,948.1
"Nov 5, 04:00 pm",2865.14,4.65205,0.684626,0.050123,0.684626,912.9
"Nov 5, 05:00 pm",2867.27,2.98674,0.744124,0.0502283,0.744124,849.6
"Nov 5, 06:00 pm",2866.56,0.398616,1,0.0504404,1,7.2
"Nov 5, 07:00 pm",2770.38,0.22925,1,0.0507436,1,245.5
"Nov 5, 08:00 pm",2866.62,0,1,0.051156,1,0
"Nov 5, 09:00 pm",2866.66,0,1,0.0514327,1,0
"Nov 5, 10:00 pm",0,0,1,0.0516857,1,0
"Nov 5, 11:00 pm",0,0,1,0.0517428,1,0
"Nov 6, 12:00 am",0,0,1,0.0517519,1,0
"Nov 6, 01:00 am",0,0,1,0.051745,1,0
"Nov 6, 02:00 am",0,0,1,0.0517381,1,0
"Nov 6, 03:00 am",0,0,1,0.0517311,1,0
"Nov 6, 04:00 am",0,0,1,0.0517976,1,0
"Nov 6, 05:00 am",0,0,1,0.0519417,1,0
"Nov 6, 06:00 am",0,0,1,0.0519938,1,0
"Nov 6, 07:00 am",594.701,1.59039,1,0.0518409,1,742
"Nov 6, 08:00 am",2866.59,6.56978,1,0.0513349,1,863.7
"Nov 6, 09:00 am",2866.59,7.00557,1,0.0509296,1,925.1
"Nov 6, 10:00 am",2866.7,6.63961,0.928467,0.0506234,0.928467,960.3
"Nov 6, 11:00 am",2867.23,2.9867,0.429187,0.0502749,0.429187,981.7
"Nov 6, 12:00 pm",2867.05,2.98651,0.4332,0.0499627,0.4332,988.6
"Nov 6, 01:00 pm",2867.05,2.98651,0.447654,0.0497469,0.447654,987.6
"Nov 6, 02:00 pm",2867.04,2.9865,0.443296,0.0496272,0.443296,978.6
"Nov 6, 03:00 pm",2867.04,2.9865,0.437579,0.0495716,0.437579,958.1
"Nov 6, 04:00 pm",2867.04,2.9865,0.443066,0.049612,0.443066,922.3
"Nov 6, 05:00 pm",2867.05,2.98652,0.729227,0.0496044,0.729227,858.9
"Nov 6, 06:00 pm",2866.56,0.398835,1,0.0498497,1,722
"Nov 6, 07:00 pm",2776.14,0.229546,1,0.0503717,1,256.8
"Nov 6, 08:00 pm",2866.62,0,1,0.0507752,1,0
"Nov 6, 09:00 pm",2866.66,0,1,0.0510919,1,0
"Nov 6, 10:00 pm",0,0,1,0.0512421,1,0
"Nov 6, 11:00 pm",0,0,1,0.0512681,1,0
"Nov 7, 12:00 am",0,0,1,0.051294,1,0
"Nov 7, 01:00 am",0,0,1,0.0511599,1,0
"Nov 7, 02:00 am",0,0,1,0.051122,1,0
"Nov 7, 03:00 am",0,0,1,0.0510841,1,0
"Nov 7, 04:00 am",0,0,1,0.0511249,1,0
"Nov 7, 05:00 am",0,0,1,0.0511628,1,0
"Nov 7, 06:00 am",0,0,1,0.0512152,1,0
"Nov 7, 07:00 am",133.965,0,1,0.051301,1,7.1
"Nov 7, 08:00 am",0,0,1,0.051275,1,8.3
"Nov 7, 09:00 am",0,0,1,0.0512954,1,8.9
"Nov 7, 10:00 am",0,0,1,0.0512199,1,9.2
"Nov 7, 11:00 am",0,0,1,0.0511284,1,9.4
"Nov 7, 12:00 pm",0,0,1,0.0510528,1,9.5
"Nov 7, 01:00 pm",0,0,1,0.0510254,1,9.5
"Nov 7, 02:00 pm",0,0,1,0.0508539,1,9.4
"Nov 7, 03:00 pm",0,0,1,0.0510344,1,9.2
"Nov 7, 04:00 pm",0,0,1,0.0510549,1,8.9
"Nov 7, 05:00 pm",0,0,1,0.0511554,1,8.3
"Nov 7, 06:00 pm",0,0,1,0.0514639,1,7
"Nov 7, 07:00 pm",0,0,1,0.0515163,1,254.2
"Nov 7, 08:00 pm",0,0,1,0.0516966,1,0
"Nov 7, 09:00 pm",0,0,1,0.051765,1,0
"Nov 7, 10:00 pm",0,0,1,0.0518333,1,0
"Nov 7, 11:00 pm",0,0,1,0.0518696,1,0
"Nov 8, 12:00 am",0,0,1,0.0518099,1,0
"Nov 8, 01:00 am",0,0,1,0.0518142,1,0
"Nov 8, 02:00 am",0,0,1,0.0518345,1,0
"Nov 8, 03:00 am",0,0,1,0.0519028,1,0
"Nov 8, 04:00 am",0,0,1,0.0518591,1,0
"Nov 8, 05:00 am",0,0,1,0.0519274,1,0
"Nov 8, 06:00 am",0,0,1,0.0521557,1,0
"Nov 8, 07:00 am",0,0,1,0.051952,1,7.4
"Nov 8, 08:00 am",0,0,1,0.0516363,1,8.7
"Nov 8, 09:00 am",0,0,1,0.0513687,1,9.2
"Nov 8, 10:00 am",0,0,1,0.0511332,1,9.6
"Nov 8, 11:00 am",0,0,1,0.0509457,1,9.8
"Nov 8, 12:00 pm",0,0,1,0.0507423,1,60.6
"Nov 8, 01:00 pm",0,0,1,0.0505709,1,9.9
"Nov 8, 02:00 pm",0,0,1,0.0505116,1,49.9
"Nov 8, 03:00 pm",0,0,1,0.0504683,1,16.1
"Nov 8, 04:00 pm",1433.25,3.24474,1,0.0505557,1,931.2
"Nov 8, 05:00 pm",2866.59,4.28076,1,0.0506086,1,872
"Nov 8, 06:00 pm",2831.3,0.398774,1,0.0507971,1,725.9
"Nov 8, 07:00 pm",216.91,0.225948,1,0.0510785,1,276
"Nov 8, 08:00 pm",0,0,1,0.0513452,1,0
"Nov 8, 09:00 pm",0,0,1,0.0514972,1,0
"Nov 8, 10:00 pm",0,0,1,0.0517095,1,0
"Nov 8, 11:00 pm",0,0,1,0.0518098,1,0
"Nov 9, 12:00 am",0,0,1,0.051942,1,0
"Nov 9, 01:00 am",0,0,1,0.0519942,1,0
"Nov 9, 02:00 am",0,0,1,0.0520303,1,0
"Nov 9, 03:00 am",0,0,1,0.0521625,1,0
"Nov 9, 04:00 am",0,0,1,0.0522306,1,0
"Nov 9, 05:00 am",0,0,1,0.0522347,1,0
"Nov 9, 06:00 am",0,0,1,0.0522549,1,0
"Nov 9, 07:00 am",595.897,1.03184,1,0.0519596,1,788.9
"Nov 9, 08:00 am",2866.59,7.01158,1,0.0516451,1,906.4
"Nov 9, 09:00 am",2866.59,7.30631,1,0.0513348,1,961.9
"Nov 9, 10:00 am",2840.1,7.13052,0.960421,0.0510376,0.960421,992.6
"Nov 9, 11:00 am",2867.23,2.9867,0.419593,0.0507335,0.419593,1009.6
"Nov 9, 12:00 pm",2867.03,2.98649,0.419907,0.0504472,0.419907,1015.1
"Nov 9, 01:00 pm",2867.04,2.98651,0.433478,0.050225,0.433478,1013.3
"Nov 9, 02:00 pm",2867.03,2.98649,0.429403,0.0501468,0.429403,1004.1
"Nov 9, 03:00 pm",2867.02,2.98648,0.423969,0.0501006,0.423969,985.1
"Nov 9, 04:00 pm",2867.03,2.98649,0.428675,0.0500704,0.428675,952
"Nov 9, 05:00 pm",2867.03,2.98649,0.688602,0.0501202,0.688602,892
"Nov 9, 06:00 pm",2866.56,0.398656,1,0.0503986,1,759.7
"Nov 9, 07:00 pm",2775.26,0.229154,1,0.0508277,1,325.9
"Nov 9, 08:00 pm",2866.62,0,1,0.0513539,1,0
"Nov 9, 09:00 pm",2866.66,0,1,0.0514787,1,0
"Nov 9, 10:00 pm",0,0,1,0.0518743,1,0
"Nov 9, 11:00 pm",0,0,1,0.0519793,1,0
"Nov 10, 12:00 am",0,0,1,0.0520043,1,0
"Nov 10, 01:00 am",0,0,1,0.0521091,1,0
"Nov 10, 02:00 am",0,0,1,0.0521338,1,0
"Nov 10, 03:00 am",0,0,1,0.0521265,1,0
"Nov 10, 04:00 am",0,0,1,0.0521863,1,0
"Nov 10, 05:00 am",0,0,1,0.0522598,1,0
"Nov 10, 06:00 am",0,0,1,0.0523438,1,0
"Nov 10, 07:00 am",609.799,1.09167,1,0.05205,1,805.6
"Nov 10, 08:00 am",2866.59,7.10562,1,0.0516508,1,919.1
"Nov 10, 09:00 am",2866.59,7.37943,1,0.05125,1,971
"Nov 10, 10:00 am",2866.65,6.42797,0.862419,0.050858,0.862419,998.6
"Nov 10, 11:00 am",2867.28,2.98675,0.414474,0.0505064,0.414474,1013.4
"Nov 10, 12:00 pm",2867.04,2.9865,0.420756,0.0502099,0.420756,1010.9
"Nov 10, 01:00 pm",2867.04,2.9865,0.437268,0.0500257,0.437268,1002.8
"Nov 10, 02:00 pm",2867.04,2.9865,0.435561,0.0499057,0.435561,987.8
"Nov 10, 03:00 pm",2867.03,2.98649,0.431643,0.0498338,0.431643,966.1
"Nov 10, 04:00 pm",2867.03,2.98649,0.438543,0.049842,0.438543,930
"Nov 10, 05:00 pm",2867.03,2.98649,0.703614,0.049946,0.703614,867.1
"Nov 10, 06:00 pm",2866.56,0.398671,1,0.0502362,1,746.9
"Nov 10, 07:00 pm",2778.58,0.229132,1,0.050696,1,335.3
"Nov 10, 08:00 pm",2866.62,0,1,0.0511171,1,0
"Nov 10, 09:00 pm",2866.66,0,1,0.0513805,1,0
"Nov 10, 10:00 pm",149.89,0,1,0.0515033,1,0
"Nov 10, 11:00 pm",0,0,1,0.0516081,1,0
"Nov 11, 12:00 am",0,0,1,0.0517431,1,0
"Nov 11, 01:00 am",0,0,1,0.0516861,1,0
"Nov 11, 02:00 am",0,0,1,0.051629,1,0
"Nov 11, 03:00 am",0,0,1,0.05162,1,0
"Nov 11, 04:00 am",0,0,1,0.0516956,1,0
"Nov 11, 05:00 am",0,0,1,0.0518179,1,0
"Nov 11, 06:00 am",0,0,1,0.0519342,1,0
"Nov 11, 07:00 am",477.685,0.996544,1,0.0517622,1,767
"Nov 11, 08:00 am",2866.59,6.80555,1,0.0514095,1,881.6
"Nov 11, 09:00 am",2866.59,7.11721,1,0.0510216,1,936.9
"Nov 11, 10:00 am",2866.86,7.04076,0.970963,0.0506255,0.970963,967.7
"Nov 11, 11:00 am",2867.18,2.98664,0.426371,0.0502632,0.426371,984.9
"Nov 11, 12:00 pm",2867.02,2.98648,0.429948,0.050015,0.429948,988.3
"Nov 11, 01:00 pm",2867.04,2.9865,0.444738,0.0498791,0.444738,984.3
"Nov 11, 02:00 pm",2867.03,2.98649,0.44158,0.0497912,0.44158,972.7
"Nov 11, 03:00 pm",2867.03,2.98649,0.437263,0.0497674,0.437263,952.7
"Nov 11, 04:00 pm",2867.03,2.98649,0.44373,0.0497596,0.44373,918.6
"Nov 11, 05:00 pm",2867.03,2.98649,0.706942,0.0497998,0.706942,857.2
"Nov 11, 06:00 pm",2866.56,0.398756,1,0.0500852,1,734.1
"Nov 11, 07:00 pm",2775.86,0.229484,1,0.0505072,1,328.8
"Nov 11, 08:00 pm",2866.62,0,1,0.0508773,1,0
"Nov 11, 09:00 pm",2866.66,0,1,0.0512029,1,0
"Nov 11, 10:00 pm",0,0,1,0.0513403,1,0
"Nov 11, 11:00 pm",0,0,1,0.0513981,1,0
"Nov 12, 12:00 am",0,0,1,0.0515517,1,0
"Nov 12, 01:00 am",0,0,1,0.0515132,1,0
"Nov 12, 02:00 am",0,0,1,0.0514428,1,0
"Nov 12, 03:00 am",0,0,1,0.0513884,1,0
"Nov 12, 04:00 am",0,0,1,0.0514143,1,0
"Nov 12, 05:00 am",0,0,1,0.0515814,1,0
"Nov 12, 06:00 am",0,0,1,0.0516176,1,0
"Nov 12, 07:00 am",1370.81,1.74169,1,0.0515444,1,771.9
"Nov 12, 08:00 am",2866.59,6.73102,1,0.0510785,1,886.6
"Nov 12, 09:00 am",2866.59,7.15421,1,0.0508138,1,941.4
"Nov 12, 10:00 am",2866.82,6.89296,0.946373,0.0505146,0.946373,971.9
"Nov 12, 11:00 am",2867.19,2.98666,0.424206,0.0502263,0.424206,988.7
"Nov 12, 12:00 pm",2867.03,2.98649,0.427469,0.049994,0.427469,992.3
"Nov 12, 01:00 pm",2867.03,2.98649,0.442022,0.049826,0.442022,988.6
"Nov 12, 02:00 pm",2867.03,2.98649,0.438687,0.0497541,0.438687,977.2
"Nov 12, 03:00 pm",2867.03,2.98649,0.434374,0.0496504,0.434374,957.6
"Nov 12, 04:00 pm",2867.03,2.98649,0.440976,0.0496267,0.440976,923.8
"Nov 12, 05:00 pm",2867.03,2.98649,0.697169,0.0496829,0.697169,863.6
"Nov 12, 06:00 pm",2866.56,0.398657,1,0.0499843,1,738.7
"Nov 12, 07:00 pm",2749.2,0.229165,1,0.0504367,1,338.5
"Nov 12, 08:00 pm",2866.61,0,1,0.0509018,1,0
"Nov 12, 09:00 pm",2866.62,0,1,0.0511627,1,0
"Nov 12, 10:00 pm",0,0,1,0.0512508,1,0
"Nov 12, 11:00 pm",0,0,1,0.0512433,1,0
"Nov 13, 12:00 am",0,0,1,0.0514437,1,0
"Nov 13, 01:00 am",0,0,1,0.0514999,1,0
"Nov 13, 02:00 am",0,0,1,0.0515559,1,0
"Nov 13, 03:00 am",0,0,1,0.0515611,1,0
"Nov 13, 04:00 am",0,0,1,0.0515004,1,0
"Nov 13, 05:00 am",0,0,1,0.0515367,1,0
"Nov 13, 06:00 am",0,0,1,0.0516371,1,0
"Nov 13, 07:00 am",529.554,1.05449,1,0.0514366,1,781.1
"Nov 13, 08:00 am",2866.59,6.89465,1,0.0512641,1,893.4
"Nov 13, 09:00 am",2866.59,7.21761,1,0.0509482,1,949.1
"Nov 13, 10:00 am",2866.8,6.7952,0.924633,0.0506421,0.924633,980.4
"Nov 13, 11:00 am",2867.21,2.98668,0.419453,0.0503254,0.419453,998.1
"Nov 13, 12:00 pm",2867.02,2.98648,0.423096,0.050109,0.423096,1001.3
"Nov 13, 01:00 pm",2867.03,2.98649,0.437417,0.0499889,0.437417,997.4
"Nov 13, 02:00 pm",2867.03,2.98649,0.434061,0.049869,0.434061,986.1
"Nov 13, 03:00 pm",2867.02,2.98648,0.430457,0.0498611,0.430457,965.6
"Nov 13, 04:00 pm",2867.02,2.98648,0.437375,0.0498532,0.437375,931.3
"Nov 13, 05:00 pm",2867.03,2.98649,0.687194,0.0499412,0.687194,870.8
"Nov 13, 06:00 pm",2866.56,0.398563,1,0.0502249,1,746
"Nov 13, 07:00 pm",2777.48,0.228811,1,0.050629,1,353.3
"Nov 13, 08:00 pm",2866.62,0,1,0.0510301,1,0
"Nov 13, 09:00 pm",2866.66,0,1,0.0512592,1,0
"Nov 13, 10:00 pm",147.294,0,1,0.0513812,1,0
"Nov 13, 11:00 pm",0,0,1,0.0514381,1,0
"Nov 14, 12:00 am",0,0,1,0.0515894,1,0
"Nov 14, 01:00 am",0,0,1,0.0515485,1,0
"Nov 14, 02:00 am",0,0,1,0.0514916,1,0
"Nov 14, 03:00 am",0,0,1,0.0513709,1,0
"Nov 14, 04:00 am",0,0,1,0.0513832,1,0
"Nov 14, 05:00 am",0,0,1,0.0514581,1,0
"Nov 14, 06:00 am",0,0,1,0.0515745,1,0
"Nov 14, 07:00 am",477.685,1.04188,1,0.0514046,1,775.9
"Nov 14, 08:00 am",2866.59,6.86804,1,0.0512754,1,890.2
"Nov 14, 09:00 am",2866.59,7.20015,1,0.0510412,1,946.4
"Nov 14, 10:00 am",2866.8,6.84874,0.932922,0.0507684,0.932922,978.1
"Nov 14, 11:00 am",2867.2,2.98666,0.4199,0.050468,0.4199,996.4
"Nov 14, 12:00 pm",2867.01,2.98647,0.422622,0.0502356,0.422622,1001
"Nov 14, 01:00 pm",2867.03,2.98649,0.436294,0.0500673,0.436294,998.2
"Nov 14, 02:00 pm",2867.03,2.98649,0.432499,0.0499313,0.432499,987.8
"Nov 14, 03:00 pm",2867.03,2.98649,0.428669,0.0498593,0.428669,968.3
"Nov 14, 04:00 pm",2867.02,2.98648,0.435563,0.0498994,0.435563,934.8
"Nov 14, 05:00 pm",2867.03,2.98649,0.678961,0.0499394,0.678961,875.6
"Nov 14, 06:00 pm",2866.56,0.39858,1,0.0502391,1,753.7
"Nov 14, 07:00 pm",2776.97,0.228869,1,0.0506593,1,371.3
"Nov 14, 08:00 pm",2866.62,0,1,0.0510604,1,0
"Nov 14, 09:00 pm",2866.66,0,1,0.0513055,1,0
"Nov 14, 10:00 pm",145.437,0,1,0.0514433,1,0
"Nov 14, 11:00 pm",0,0,1,0.0516282,1,0
"Nov 15, 12:00 am",0,0,1,0.0516992,1,0
"Nov 15, 01:00 am",0,0,1,0.0516262,1,0
"Nov 15, 02:00 am",0,0,1,0.0516492,1,0
"Nov 15, 03:00 am",0,0,1,0.0515922,1,0
"Nov 15, 04:00 am",0,0,1,0.0515736,1,0
"Nov 15, 05:00 am",0,0,1,0.0517297,1,0
"Nov 15, 06:00 am",0,0,1,0.051846,1,0
"Nov 15, 07:00 am",477.685,1.09,1,0.0516462,1,788.6
"Nov 15, 08:00 am",2866.59,6.94677,1,0.0515329,1,900.5
"Nov 15, 09:00 am",2866.59,7.26995,1,0.0511477,1,955.3
"Nov 15, 10:00 am",2866.67,6.66392,0.901043,0.0507422,0.901043,985.7
"Nov 15, 11:00 am",2867.23,2.9867,0.416549,0.050408,0.416549,1002.8
"Nov 15, 12:00 pm",2867.04,2.9865,0.419344,0.0500957,0.419344,1006.2
"Nov 15, 01:00 pm",2867.03,2.98649,0.433707,0.0499436,0.433707,1002.5
"Nov 15, 02:00 pm",2867.02,2.98648,0.43041,0.0499037,0.43041,991.3
"Nov 15, 03:00 pm",2867.02,2.98648,0.427621,0.0498957,0.427621,970
"Nov 15, 04:00 pm",2867.03,2.98649,0.435327,0.0499358,0.435327,934.7
"Nov 15, 05:00 pm",2866.56,0.404455,1,0.0501298,1,8.7
"Nov 15, 06:00 pm",2795.47,0.240374,1,0.0504275,1,7.5
"Nov 15, 07:00 pm",2866.62,0,1,0.0507435,1,383.4
"Nov 15, 08:00 pm",2866.67,0,1,0.0510974,1,0
"Nov 15, 09:00 pm",173.778,0,1,0.0512508,1,0
"Nov 15, 10:00 pm",0,0,1,0.0513561,1,0
"Nov 15, 11:00 pm",0,0,1,0.0513635,1,0
"Nov 16, 12:00 am",0,0,1,0.0514509,1,0
"Nov 16, 01:00 am",0,0,1,0.0515061,1,0
"Nov 16, 02:00 am",0,0,1,0.0514014,1,0
"Nov 16, 03:00 am",0,0,1,0.05134,1,0
"Nov 16, 04:00 am",0,0,1,0.0513092,1,0
"Nov 16, 05:00 am",0,0,1,0.0513936,1,0
"Nov 16, 06:00 am",0,0,1,0.051494,1,0
"Nov 16, 07:00 am",477.685,1.01566,1,0.0514509,1,776.4
"Nov 16, 08:00 am",2866.59,6.84608,1,0.0515356,1,888.6
"Nov 16, 09:00 am",2866.59,7.17311,1,0.0511934,1,942.5
"Nov 16, 10:00 am",2866.83,6.91689,0.945893,0.0507632,0.945893,972.7
"Nov 16, 11:00 am",2867.2,2.98666,0.421837,0.0503998,0.421837,989.5
"Nov 16, 12:00 pm",2867.04,2.9865,0.423973,0.0501035,0.423973,993.8
"Nov 16, 01:00 pm",2867.04,2.9865,0.437798,0.0499354,0.437798,990.8
"Nov 16, 02:00 pm",2867.04,2.9865,0.434385,0.0498635,0.434385,980.2
"Nov 16, 03:00 pm",2867.03,2.98649,0.431786,0.0497916,0.431786,959.4
"Nov 16, 04:00 pm",2867.02,2.98648,0.440002,0.0497998,0.440002,924.8
"Nov 16, 05:00 pm",2867.03,2.98649,0.679219,0.0498559,0.679219,864.3
"Nov 16, 06:00 pm",2866.56,0.398584,1,0.0501077,1,747.5
"Nov 16, 07:00 pm",2775.58,0.228786,1,0.0505599,1,385.5
"Nov 16, 08:00 pm",2866.62,0,1,0.050961,1,0
"Nov 16, 09:00 pm",2866.66,0,1,0.0511741,1,0
"Nov 16, 10:00 pm",0,0,1,0.0512953,1,0
"Nov 16, 11:00 pm",0,0,1,0.0513691,1,0
"Nov 17, 12:00 am",0,0,1,0.0514748,1,0
"Nov 17, 01:00 am",0,0,1,0.0514365,1,0
"Nov 17, 02:00 am",0,0,1,0.0513502,1,0
"Nov 17, 03:00 am",0,0,1,0.051216,1,0
"Nov 17, 04:00 am",0,0,1,0.0511131,1,0
"Nov 17, 05:00 am",0,0,1,0.0510714,1,0
"Nov 17, 06:00 am",0,0,1,0.0510918,1,0
"Nov 17, 07:00 am",611.988,1.03916,1,0.0511322,1,766.9
"Nov 17, 08:00 am",2866.59,6.76592,1,0.0512738,1,878.5
"Nov 17, 09:00 am",2866.59,7.10742,1,0.0511515,1,933.5
"Nov 17, 10:00 am",2866.86,7.04626,0.970472,0.0508648,0.970472,964.7
"Nov 17, 11:00 am",2867.17,2.98664,0.424739,0.0505175,0.424739,982.2
"Nov 17, 12:00 pm",2867.03,2.98649,0.426111,0.050205,0.426111,987.7
"Nov 17, 01:00 pm",2866.56,0.457508,1,0.0501345,1,63.2
"Nov 17, 02:00 pm",2866.56,0.397027,1,0.0501782,1,55.6
"Nov 17, 03:00 pm",2867.5,0.309925,1,0.0502132,1,23.1
"Nov 17, 04:00 pm",2755.47,0.200866,1,0.0502818,1,9.2
"Nov 17, 05:00 pm",972.193,0,1,0.0503303,1,8.6
"Nov 17, 06:00 pm",0,0,1,0.0504117,1,7.4
"Nov 17, 07:00 pm",0,0,1,0.0506123,1,382.6
"Nov 17, 08:00 pm",0,0,1,0.0508925,1,0
"Nov 17, 09:00 pm",0,0,1,0.0510764,1,0
"Nov 17, 10:00 pm",0,0,1,0.0511961,1,0
"Nov 17, 11:00 pm",0,0,1,0.0512677,1,0
"Nov 18, 12:00 am",0,0,1,0.0513146,1,0
"Nov 18, 01:00 am",0,0,1,0.051408,1,0
"Nov 18, 02:00 am",0,0,1,0.0513964,1,0
"Nov 18, 03:00 am",0,0,1,0.0514648,1,0
"Nov 18, 04:00 am",0,0,1,0.0515332,1,0
"Nov 18, 05:00 am",0,0,1,0.0516495,1,0
"Nov 18, 06:00 am",0,0,1,0.0516219,1,0
"Nov 18, 07:00 am",477.725,1.70819,1,0.0516,1,764.3
"Nov 18, 08:00 am",2866.59,6.61917,1,0.0517149,1,874.5
"Nov 18, 09:00 am",2866.59,7.07159,1,0.0510574,1,928.7
"Nov 18, 10:00 am",2866.7,6.57536,0.912503,0.0506801,0.912503,958.8
"Nov 18, 11:00 am",2867.24,2.98671,0.42722,0.0504412,0.42722,975.5
"Nov 18, 12:00 pm",2867.01,2.98647,0.428735,0.0503527,0.428735,981.3
"Nov 18, 01:00 pm",2867.02,2.98648,0.442074,0.0502643,0.442074,979.4
"Nov 18, 02:00 pm",2867.02,2.98648,0.438035,0.0502079,0.438035,969.8
"Nov 18, 03:00 pm",2867.03,2.98649,0.435213,0.0502796,0.435213,950.1
"Nov 18, 04:00 pm",2867.03,2.98649,0.443519,0.0499194,0.443519,916.5
"Nov 18, 05:00 pm",2867.04,2.9865,0.675763,0.0500233,0.675763,857.7
"Nov 18, 06:00 pm",2866.56,0.398757,1,0.0505955,1,741.6
"Nov 18, 07:00 pm",2779.9,0.22925,1,0.0509363,1,394.4
"Nov 18, 08:00 pm",2866.62,0,1,0.0513698,1,0
"Nov 18, 09:00 pm",2866.66,0,1,0.051583,1,0
"Nov 18, 10:00 pm",153.796,0,1,0.0517368,1,0
"Nov 18, 11:00 pm",0,0,1,0.0518254,1,0
"Nov 19, 12:00 am",0,0,1,0.0518642,1,0
"Nov 19, 01:00 am",0,0,1,0.0519189,1,0
"Nov 19, 02:00 am",0,0,1,0.0518136,1,0
"Nov 19, 03:00 am",0,0,1,0.0516765,1,0
"Nov 19, 04:00 am",0,0,1,0.0516389,1,0
"Nov 19, 05:00 am",0,0,1,0.0516481,1,0
"Nov 19, 06:00 am",0,0,1,0.0516365,1,453.7
"Nov 19, 07:00 am",477.685,1.05534,1,0.0516913,1,769.6
"Nov 19, 08:00 am",2866.59,6.78036,1,0.0519648,1,880.5
"Nov 19, 09:00 am",2866.59,7.12424,1,0.0519357,1,935.3
"Nov 19, 10:00 am",2866.56,0.42487,1,0.0514953,1,27
"Nov 19, 11:00 am",2861.37,0.295028,1,0.0510033,1,16.7
"Nov 19, 12:00 pm",2604.9,0.198783,1,0.0507336,1,46.5
"Nov 19, 01:00 pm",153.591,0.159991,1,0.0505593,1,32.3
"Nov 19, 02:00 pm",0,0,1,0.0505518,1,9.8
"Nov 19, 03:00 pm",0,0,1,0.0504963,1,9.5
"Nov 19, 04:00 pm",0,0,1,0.0504728,1,9.2
"Nov 19, 05:00 pm",0,0,1,0.0506252,1,8.6
"Nov 19, 06:00 pm",0,0,1,0.0507935,1,7.5
"Nov 19, 07:00 pm",0,0,1,0.0509614,1,404.7
"Nov 19, 08:00 pm",0,0,1,0.0511604,1,0
"Nov 19, 09:00 pm",0,0,1,0.0511656,1,0
"Nov 19, 10:00 pm",0,0,1,0.0513621,1,0
"Nov 19, 11:00 pm",0,0,1,0.0514145,1,0
"Nov 20, 12:00 am",0,0,1,0.0514669,1,0
"Nov 20, 01:00 am",0,0,1,0.0515513,1,0
"Nov 20, 02:00 am",0,0,1,0.0516836,1,0
"Nov 20, 03:00 am",0,0,1,0.051752,1,0
"Nov 20, 04:00 am",0,0,1,0.0517563,1,0
"Nov 20, 05:00 am",0,0,1,0.0517446,1,0
"Nov 20, 06:00 am",0,0,1,0.0517649,1,4.5
"Nov 20, 07:00 am",0,0,1,0.0517533,1,7.5
"Nov 20, 08:00 am",0,0,1,0.0514856,1,8.6
"Nov 20, 09:00 am",955.49,4.04377,1,0.050866,1,918.1
"Nov 20, 10:00 am",2866.59,7.19313,1,0.0510274,1,951
"Nov 20, 11:00 am",2866.54,7.25917,1,0.0507281,1,970.4
"Nov 20, 12:00 pm",2863.7,4.35946,0.616821,0.0505149,0.616821,976.4
"Nov 20, 01:00 pm",2867.13,2.9866,0.445019,0.0504146,0.445019,974.5
"Nov 20, 02:00 pm",2867.02,2.98648,0.439061,0.0503262,0.439061,965.2
"Nov 20, 03:00 pm",2867.02,2.98648,0.436141,0.0502379,0.436141,946.8
"Nov 20, 04:00 pm",2867.02,2.98648,0.444197,0.0502937,0.444197,915.1
"Nov 20, 05:00 pm",2867.02,2.98648,0.667654,0.0503014,0.667654,858.2
"Nov 20, 06:00 pm",2866.56,0.398521,1,0.0505781,1,745.5
"Nov 20, 07:00 pm",2826.49,0.228572,1,0.0510433,1,413.6
"Nov 20, 08:00 pm",2866.63,0,1,0.0514198,1,0
"Nov 20, 09:00 pm",2866.69,0,1,0.0516692,1,0
"Nov 20, 10:00 pm",308.023,0,1,0.0517633,1,0
"Nov 20, 11:00 pm",0,0,1,0.0517897,1,0
"Nov 21, 12:00 am",0,0,1,0.0519085,1,0
"Nov 21, 01:00 am",0,0,1,0.0520271,1,0
"Nov 21, 02:00 am",0,0,1,0.0520816,1,0
"Nov 21, 03:00 am",0,0,1,0.052056,1,0
"Nov 21, 04:00 am",0,0,1,0.0519825,1,0
"Nov 21, 05:00 am",0,0,1,0.051909,1,0
"Nov 21, 06:00 am",0,0,1,0.0519451,1,466.1
"Nov 21, 07:00 am",477.685,1.0673,1,0.051759,1,773.1
"Nov 21, 08:00 am",2866.59,6.77209,1,0.0514116,1,880.1
"Nov 21, 09:00 am",2866.59,7.11201,1,0.0511413,1,933.1
"Nov 21, 10:00 am",2866.86,7.03572,0.96927,0.0508368,0.96927,962.1
"Nov 21, 11:00 am",2867.16,2.98663,0.425611,0.0505688,0.425611,978
"Nov 21, 12:00 pm",2867.02,2.98648,0.42577,0.0504162,0.42577,984.2
"Nov 21, 01:00 pm",2867.03,2.98649,0.438567,0.0502797,0.438567,982.7
"Nov 21, 02:00 pm",2867.03,2.98649,0.434542,0.0501754,0.434542,973.4
"Nov 21, 03:00 pm",2867.02,2.98648,0.432816,0.0501511,0.432816,953.3
"Nov 21, 04:00 pm",2866.56,0.40764,1,0.0502585,1,9.2
"Nov 21, 05:00 pm",2811.66,0.252415,1,0.0505489,1,8.6
"Nov 21, 06:00 pm",2657.15,0.108531,1,0.0508255,1,748.3
"Nov 21, 07:00 pm",2866.66,0,1,0.051145,1,422.3
"Nov 21, 08:00 pm",488.09,0,1,0.051368,1,0
"Nov 21, 09:00 pm",0,0,1,0.0514764,1,0
"Nov 21, 10:00 pm",0,0,1,0.0515316,1,0
"Nov 21, 11:00 pm",0,0,1,0.0516028,1,0
"Nov 22, 12:00 am",0,0,1,0.0516259,1,0
"Nov 22, 01:00 am",0,0,1,0.0515369,1,0
"Nov 22, 02:00 am",0,0,1,0.0514992,1,0
"Nov 22, 03:00 am",0,0,1,0.0514921,1,0
"Nov 22, 04:00 am",0,0,1,0.0515125,1,0
"Nov 22, 05:00 am",0,0,1,0.0515489,1,0
"Nov 22, 06:00 am",0,0,1,0.0515212,1,458.8
"Nov 22, 07:00 am",477.725,1.71276,1,0.0515314,1,765
"Nov 22, 08:00 am",2866.59,6.60182,1,0.0515503,1,874.2
"Nov 22, 09:00 am",2866.59,7.07092,1,0.0511808,1,928
"Nov 22, 10:00 am",2866.71,6.59542,0.913602,0.0508195,0.913602,958.3
"Nov 22, 11:00 am",2867.24,2.98671,0.425993,0.0504846,0.425993,975.1
"Nov 22, 12:00 pm",2867.03,2.98649,0.426161,0.0502042,0.426161,981.5
"Nov 22, 01:00 pm",2867.04,2.9865,0.438847,0.050052,0.438847,980.3
"Nov 22, 02:00 pm",2867.03,2.98649,0.43491,0.0499,0.43491,971.2
"Nov 22, 03:00 pm",2867.03,2.98649,0.432224,0.04986,0.432224,953.5
"Nov 22, 04:00 pm",2867.03,2.98649,0.440357,0.0498042,0.440357,922
"Nov 22, 05:00 pm",2867.04,2.9865,0.653352,0.0498283,0.653352,866.3
"Nov 22, 06:00 pm",2866.56,0.398652,1,0.0501296,1,752.1
"Nov 22, 07:00 pm",2779.82,0.228978,1,0.0505515,1,430.5
"Nov 22, 08:00 pm",2866.62,0,1,0.0509857,1,0
"Nov 22, 09:00 pm",2866.66,0,1,0.0512473,1,0
"Nov 22, 10:00 pm",154.499,0,1,0.0513697,1,0
"Nov 22, 11:00 pm",0,0,1,0.0515227,1,0
"Nov 23, 12:00 am",0,0,1,0.0514499,1,0
"Nov 23, 01:00 am",0,0,1,0.0513773,1,0
"Nov 23, 02:00 am",0,0,1,0.0513526,1,0
"Nov 23, 03:00 am",0,0,1,0.0514559,1,0
"Nov 23, 04:00 am",0,0,1,0.0515768,1,0
"Nov 23, 05:00 am",0,0,1,0.0516483,1,0
"Nov 23, 06:00 am",0,0,1,0.0516847,1,460.8
"Nov 23, 07:00 am",477.685,1.05413,1,0.0514995,1,765
"Nov 23, 08:00 am",2866.59,6.71762,1,0.0512441,1,874.2
"Nov 23, 09:00 am",2866.59,7.08078,1,0.0508796,1,928.7
"Nov 23, 10:00 am",2866.86,7.11401,0.981028,0.0505289,0.981028,959.5
"Nov 23, 11:00 am",2867.17,2.98664,0.424846,0.0502299,0.424846,977.1
"Nov 23, 12:00 pm",2867.03,2.98649,0.424564,0.0499818,0.424564,984
"Nov 23, 01:00 pm",2867.04,2.9865,0.437078,0.0498299,0.437078,983.2
"Nov 23, 02:00 pm",2867.03,2.98649,0.432876,0.0497261,0.432876,974.7
"Nov 23, 03:00 pm",2867.02,2.98648,0.430211,0.0497024,0.430211,957.7
"Nov 23, 04:00 pm",2867.03,2.98649,0.438014,0.0497107,0.438014,927.1
"Nov 23, 05:00 pm",2867.03,2.98649,0.64506,0.0497669,0.64506,872.4
"Nov 23, 06:00 pm",2866.56,0.398591,1,0.0500666,1,760.4
"Nov 23, 07:00 pm",2777.99,0.228917,1,0.0504866,1,445.3
"Nov 23, 08:00 pm",2866.62,0,1,0.0509037,1,0
"Nov 23, 09:00 pm",2866.66,0,1,0.0511488,1,0
"Nov 23, 10:00 pm",148.697,0,1,0.0512389,1,0
"Nov 23, 11:00 pm",0,0,1,0.0511362,1,0
"Nov 24, 12:00 am",0,0,1,0.0513997,1,0
"Nov 24, 01:00 am",0,0,1,0.051455,1,0
"Nov 24, 02:00 am",0,0,1,0.0513503,1,0
"Nov 24, 03:00 am",0,0,1,0.0512937,1,0
"Nov 24, 04:00 am",0,0,1,0.051321,1,0
"Nov 24, 05:00 am",0,0,1,0.0514427,1,0
"Nov 24, 06:00 am",0,0,1,0.0514631,1,470.8
"Nov 24, 07:00 am",477.685,1.07579,1,0.051439,1,770.5
"Nov 24, 08:00 am",2866.59,6.74226,1,0.0515107,1,877.5
"Nov 24, 09:00 am",2866.59,7.09623,1,0.0508549,1,930.5
"Nov 24, 10:00 am",2866.86,7.05427,0.972146,0.0505663,0.972146,960
"Nov 24, 11:00 am",2867.17,2.98664,0.424946,0.0502506,0.424946,976.4
"Nov 24, 12:00 pm",2867.05,2.98651,0.423924,0.0499544,0.423924,983.7
"Nov 24, 01:00 pm",2867.03,2.98649,0.436663,0.0498665,0.436663,983.1
"Nov 24, 02:00 pm",2867.03,2.98649,0.432318,0.0497307,0.432318,974.9
"Nov 24, 03:00 pm",2867.03,2.98649,0.429469,0.049659,0.429469,958.6
"Nov 24, 04:00 pm",2867.03,2.98649,0.437015,0.0497154,0.437015,929
"Nov 24, 05:00 pm",2867.03,2.98649,0.638735,0.0497716,0.638735,876
"Nov 24, 06:00 pm",2866.56,0.398669,1,0.0500387,1,766.3
"Nov 24, 07:00 pm",2779.03,0.22905,1,0.0504582,1,459.7
"Nov 24, 08:00 pm",2866.62,0,1,0.0508591,1,0
"Nov 24, 09:00 pm",2866.66,0,1,0.05112,1,0
"Nov 24, 10:00 pm",151.734,0,1,0.0512421,1,0
"Nov 24, 11:00 pm",0,0,1,0.0512993,1,0
"Nov 25, 12:00 am",0,0,1,0.0514188,1,0
"Nov 25, 01:00 am",0,0,1,0.0514261,1,0
"Nov 25, 02:00 am",0,0,1,0.0514813,1,0
"Nov 25, 03:00 am",0,0,1,0.0514245,1,0
"Nov 25, 04:00 am",0,0,1,0.0512586,1,0
"Nov 25, 05:00 am",0,0,1,0.0512352,1,0
"Nov 25, 06:00 am",0,0,1,0.0512877,1,487.3
"Nov 25, 07:00 am",477.685,1.12302,1,0.0512016,1,787.2
"Nov 25, 08:00 am",2866.59,6.86904,1,0.0512897,1,894.5
"Nov 25, 09:00 am",2866.59,7.22684,1,0.0510435,1,947.2
"Nov 25, 10:00 am",2866.76,6.75855,0.916318,0.0506532,0.916318,977.1
"Nov 25, 11:00 am",2867.21,2.98668,0.41735,0.050351,0.41735,993.8
"Nov 25, 12:00 pm",2867.03,2.98649,0.417644,0.0501027,0.417644,998.7
"Nov 25, 01:00 pm",2867.02,2.98648,0.430712,0.0499507,0.430712,996
"Nov 25, 02:00 pm",2867.02,2.98648,0.427208,0.0498787,0.427208,986
"Nov 25, 03:00 pm",2867.02,2.98648,0.425687,0.0498388,0.425687,966.8
"Nov 25, 04:00 pm",2867.02,2.98648,0.434549,0.049863,0.434549,934.3
"Nov 25, 05:00 pm",2867.03,2.98649,0.633185,0.049887,0.633185,878.8
"Nov 25, 06:00 pm",2866.56,0.398597,1,0.0501703,1,770.5
"Nov 25, 07:00 pm",2780.5,0.228858,1,0.0506061,1,469.7
"Nov 25, 08:00 pm",2866.62,0,1,0.0510071,1,0
"Nov 25, 09:00 pm",2866.66,0,1,0.051284,1,0
"Nov 25, 10:00 pm",157.031,0,1,0.0514061,1,0
"Nov 25, 11:00 pm",0,0,1,0.0514471,1,0
"Nov 26, 12:00 am",0,0,1,0.0515184,1,0
"Nov 26, 01:00 am",0,0,1,0.0515895,1,0
"Nov 26, 02:00 am",0,0,1,0.0516286,1,0
"Nov 26, 03:00 am",0,0,1,0.0514277,1,0
"Nov 26, 04:00 am",0,0,1,0.0513238,1,0
"Nov 26, 05:00 am",0,0,1,0.0512185,1,0
"Nov 26, 06:00 am",0,0,1,0.051207,1,489.4
"Nov 26, 07:00 am",477.685,1.12404,1,0.051201,1,786.9
"Nov 26, 08:00 am",2866.59,6.86894,1,0.0514654,1,894.7
"Nov 26, 09:00 am",2866.59,7.23192,1,0.0510111,1,947.3
"Nov 26, 10:00 am",2866.76,6.75396,0.915285,0.0506846,0.915285,976.9
"Nov 26, 11:00 am",2867.22,2.98669,0.417088,0.0503984,0.417088,993.3
"Nov 26, 12:00 pm",2867.04,2.9865,0.417469,0.050134,0.417469,998
"Nov 26, 01:00 pm",2867.03,2.98649,0.430347,0.0499819,0.430347,995.6
"Nov 26, 02:00 pm",2867.03,2.98649,0.426816,0.0498939,0.426816,985.7
"Nov 26, 03:00 pm",2867.02,2.98648,0.425092,0.049886,0.425092,967.7
"Nov 26, 04:00 pm",2867.03,2.98649,0.433418,0.0498781,0.433418,936.5
"Nov 26, 05:00 pm",2867.03,2.98649,0.627244,0.0499181,0.627244,882.2
"Nov 26, 06:00 pm",2866.56,0.398567,1,0.0502016,1,773.5
"Nov 26, 07:00 pm",2780.47,0.228803,1,0.0505896,1,475.6
"Nov 26, 08:00 pm",2866.62,0,1,0.0509748,1,0
"Nov 26, 09:00 pm",2866.66,0,1,0.0511239,1,0
"Nov 26, 10:00 pm",157.13,0,1,0.0513261,1,0
"Nov 26, 11:00 pm",0,0,1,0.0513993,1,0
"Nov 27, 12:00 am",0,0,1,0.0514546,1,0
"Nov 27, 01:00 am",0,0,1,0.0515258,1,0
"Nov 27, 02:00 am",0,0,1,0.0515809,1,0
"Nov 27, 03:00 am",0,0,1,0.0514601,1,0
"Nov 27, 04:00 am",0,0,1,0.0513559,1,0
"Nov 27, 05:00 am",0,0,1,0.0513623,1,0
"Nov 27, 06:00 am",0,0,1,0.0513987,1,490.4
"Nov 27, 07:00 am",477.685,1.11573,1,0.0513923,1,784.6
"Nov 27, 08:00 am",2866.59,6.83143,1,0.0515735,1,890.2
"Nov 27, 09:00 am",2866.59,7.19653,1,0.0511042,1,943.1
"Nov 27, 10:00 am",2866.79,6.83396,0.929513,0.0508429,0.929513,972.9
"Nov 27, 11:00 am",2867.19,2.98665,0.418846,0.0506051,0.418846,989.7
"Nov 27, 12:00 pm",2867.03,2.98649,0.418371,0.0503245,0.418371,995.4
"Nov 27, 01:00 pm",2867.02,2.98648,0.43091,0.0501561,0.43091,993.7
"Nov 27, 02:00 pm",2867.02,2.98647,0.42717,0.0500999,0.42717,984.5
"Nov 27, 03:00 pm",2867.01,2.98647,0.425402,0.0501077,0.425402,966.7
"Nov 27, 04:00 pm",2867.02,2.98648,0.433811,0.0500835,0.433811,935.8
"Nov 27, 05:00 pm",2867.02,2.98648,0.624352,0.0502033,0.624352,881.7
"Nov 27, 06:00 pm",2866.56,0.398541,1,0.0504708,1,778
"Nov 27, 07:00 pm",2779.94,0.228791,1,0.0508751,1,491
"Nov 27, 08:00 pm",2866.62,0,1,0.0512603,1,0
"Nov 27, 09:00 pm",2866.66,0,1,0.0514893,1,0
"Nov 27, 10:00 pm",155.264,0,1,0.0515313,1,0
"Nov 27, 11:00 pm",0,0,1,0.0515242,1,0
"Nov 28, 12:00 am",0,0,1,0.0514355,1,0
"Nov 28, 01:00 am",0,0,1,0.0516346,1,0
"Nov 28, 02:00 am",0,0,1,0.0516896,1,0
"Nov 28, 03:00 am",0,0,1,0.0517285,1,0
"Nov 28, 04:00 am",0,0,1,0.0515935,1,0
"Nov 28, 05:00 am",0,0,1,0.0514893,1,0
"Nov 28, 06:00 am",0,0,1,0.0514137,1,501.3
"Nov 28, 07:00 am",477.685,1.14652,1,0.0513286,1,794.5
"Nov 28, 08:00 am",2866.59,6.90386,1,0.0515521,1,899.9
"Nov 28, 09:00 am",2866.59,7.26831,1,0.0514944,1,952.1
"Nov 28, 10:00 am",2866.67,6.66705,0.899456,0.0511655,0.899456,981.4
"Nov 28, 11:00 am",2867.23,2.98669,0.414941,0.05075,0.414941,997.5
"Nov 28, 12:00 pm",2867.04,2.9865,0.414941,0.0504692,0.414941,1002
"Nov 28, 01:00 pm",2867.03,2.98649,0.427872,0.0503007,0.427872,999.4
"Nov 28, 02:00 pm",2867.02,2.98648,0.424673,0.0501644,0.424673,989.1
"Nov 28, 03:00 pm",2867.02,2.98648,0.42302,0.0500762,0.42302,971.3
"Nov 28, 04:00 pm",2867.02,2.98648,0.431708,0.050068,0.431708,940.2
"Nov 28, 05:00 pm",2867.02,2.98648,0.617445,0.0500598,0.617445,886.5
"Nov 28, 06:00 pm",2866.56,0.398517,1,0.050344,1,782.1
"Nov 28, 07:00 pm",2780.84,0.228603,1,0.050797,1,498.2
"Nov 28, 08:00 pm",2866.62,0,1,0.0512306,1,0
"Nov 28, 09:00 pm",2866.66,0,1,0.0514758,1,0
"Nov 28, 10:00 pm",158.818,0,1,0.0515818,1,0
"Nov 28, 11:00 pm",0,0,1,0.0516387,1,0
"Nov 29, 12:00 am",0,0,1,0.0517737,1,0
"Nov 29, 01:00 am",0,0,1,0.0518125,1,0
"Nov 29, 02:00 am",0,0,1,0.0515315,1,0
"Nov 29, 03:00 am",0,0,1,0.0513947,1,0
"Nov 29, 04:00 am",0,0,1,0.0513224,1,0
"Nov 29, 05:00 am",0,0,1,0.0512968,1,0
"Nov 29, 06:00 am",0,0,1,0.0512532,1,507.1
"Nov 29, 07:00 am",477.685,1.16716,1,0.051217,1,801.9
"Nov 29, 08:00 am",2866.59,6.97279,1,0.0514637,1,909
"Nov 29, 09:00 am",2866.59,7.3315,1,0.0513872,1,959.9
"Nov 29, 10:00 am",2866.68,6.51854,0.873387,0.0509438,0.873387,987.9
"Nov 29, 11:00 am",2867.25,2.98672,0.412275,0.0506074,0.412275,1003
"Nov 29, 12:00 pm",2867.02,2.98648,0.413128,0.0503428,0.413128,1006.2
"Nov 29, 01:00 pm",2867.02,2.98648,0.426254,0.0502224,0.426254,1002.5
"Nov 29, 02:00 pm",2867.02,2.98648,0.423224,0.0501661,0.423224,991.6
"Nov 29, 03:00 pm",2866.56,0.419034,1,0.0502927,1,20.7
"Nov 29, 04:00 pm",2846.4,0.278207,1,0.0504571,1,9.4
"Nov 29, 05:00 pm",2700.18,0.141596,1,0.0506312,1,8.9
"Nov 29, 06:00 pm",2866.66,0,1,0.0508828,1,7.9
"Nov 29, 07:00 pm",519.33,0,1,0.0510406,1,509
"Nov 29, 08:00 pm",0,0,1,0.0512454,1,0
"Nov 29, 09:00 pm",0,0,1,0.051237,1,0
"Nov 29, 10:00 pm",0,0,1,0.0514685,1,0
"Nov 29, 11:00 pm",0,0,1,0.0515557,1,0
"Nov 30, 12:00 am",0,0,1,0.0514828,1,0
"Nov 30, 01:00 am",0,0,1,0.0514581,1,0
"Nov 30, 02:00 am",0,0,1,0.0514373,1,0
"Nov 30, 03:00 am",0,0,1,0.0514632,1,0
"Nov 30, 04:00 am",0,0,1,0.0514836,1,0
"Nov 30, 05:00 am",0,0,1,0.0517279,1,0
"Nov 30, 06:00 am",0,0,1,0.0518922,1,501.6
"Nov 30, 07:00 am",477.725,1.84581,1,0.0516202,1,794.5
"Nov 30, 08:00 am",2866.59,6.79041,1,0.0514591,1,901.1
"Nov 30, 09:00 am",2868.79,7.28411,1,0.0511686,1,953.6
"Nov 30, 10:00 am",2867.31,6.08434,0.820373,0.050856,0.820373,983.1
"Nov 30, 11:00 am",2867.07,2.98653,0.413749,0.0505298,0.413749,999.4
"Nov 30, 12:00 pm",2867.04,2.9865,0.413426,0.0502333,0.413426,1003.7
"Nov 30, 01:00 pm",2867.03,2.98649,0.426392,0.050097,0.426392,1000.9
"Nov 30, 02:00 pm",2866.56,0.431279,1,0.0501184,1,34.1
"Nov 30, 03:00 pm",2869.36,0.317941,1,0.0502564,1,25.9
"Nov 30, 04:00 pm",2772.32,0.205237,1,0.0503457,1,18.2
"Nov 30, 05:00 pm",2866.66,0,1,0.0504509,1,8.9
"Nov 30, 06:00 pm",570.691,0,1,0.0505446,1,7.9
"Nov 30, 07:00 pm",0,0,1,0.0507344,1,519.3
"Nov 30, 08:00 pm",0,0,1,0.0510305,1,0
"Nov 30, 09:00 pm",0,0,1,0.0511982,1,0
"Nov 30, 10:00 pm",0,0,1,0.0512858,1,0
"Nov 30, 11:00 pm",0,0,1,0.0513413,1,0
"Dec 1, 12:00 am",0,0,1,0.0509969,1,0
"Dec 1, 01:00 am",0,0,1,0.0510126,1,0
"Dec 1, 02:00 am",0,0,1,0.0511386,1,0
"Dec 1, 03:00 am",0,0,1,0.051367,1,0
"Dec 1, 04:00 am",0,0,1,0.0514994,1,0
"Dec 1, 05:00 am",0,0,1,0.0513438,1,0
"Dec 1, 06:00 am",0,0,1,0.0511883,1,528.1
"Dec 1, 07:00 am",0,0,1,0.0506968,1,8.1
"Dec 1, 08:00 am",0,0,1,0.0502855,1,9.2
"Dec 1, 09:00 am",0,0,1,0.0498262,1,14
"Dec 1, 10:00 am",0,0,1,0.0494151,1,20.6
"Dec 1, 11:00 am",0,0,1,0.0491001,1,36
"Dec 1, 12:00 pm",0,0,1,0.0488972,1,71.2
"Dec 1, 01:00 pm",0,0,1,0.0488063,1,87.4
"Dec 1, 02:00 pm",2388.78,5.90165,1,0.049009,1,997
"Dec 1, 03:00 pm",2843.42,0.406844,1,0.0492471,1,11.4
"Dec 1, 04:00 pm",792.796,0.256722,1,0.0494074,1,9.5
"Dec 1, 05:00 pm",116.578,0.121435,1,0.0495857,1,9
"Dec 1, 06:00 pm",0,0,1,0.0499205,1,8
"Dec 1, 07:00 pm",0,0,1,0.0502529,1,545.1
"Dec 1, 08:00 pm",0,0,1,0.0505296,1,0
"Dec 1, 09:00 pm",0,0,1,0.0507262,1,0
"Dec 1, 10:00 pm",0,0,1,0.0508908,1,0
"Dec 1, 11:00 pm",0,0,1,0.0510553,1,0
"Dec 2, 12:00 am",0,0,1,0.0511878,1,0
"Dec 2, 01:00 am",0,0,1,0.0512403,1,0
"Dec 2, 02:00 am",0,0,1,0.0512767,1,0
"Dec 2, 03:00 am",0,0,1,0.0513612,1,0
"Dec 2, 04:00 am",0,0,1,0.0515096,1,0
"Dec 2, 05:00 am",0,0,1,0.051242,1,0
"Dec 2, 06:00 am",0,0,1,0.0509905,1,520.3
"Dec 2, 07:00 am",477.725,1.90957,1,0.0506088,1,809.5
"Dec 2, 08:00 am",2866.59,6.88906,1,0.0506075,1,914.8
"Dec 2, 09:00 am",2866.56,7.39733,1,0.0501834,1,968.3
"Dec 2, 10:00 am",2867.13,6.07339,0.805558,0.0496764,0.805558,999.1
"Dec 2, 11:00 am",2867.11,2.98657,0.407388,0.0492226,0.407388,1017
"Dec 2, 12:00 pm",2867.02,2.98648,0.404974,0.0488638,0.404974,1023.7
"Dec 2, 01:00 pm",2867.05,2.98651,0.416323,0.0485854,0.416323,1023.3
"Dec 2, 02:00 pm",2867.03,2.98649,0.412112,0.0486431,0.412112,1015.7
"Dec 2, 03:00 pm",2867.03,2.98649,0.410373,0.0487167,0.410373,999.2
"Dec 2, 04:00 pm",2867.03,2.98649,0.418061,0.0488099,0.418061,970.1
"Dec 2, 05:00 pm",2867.03,2.98649,0.582847,0.0490514,0.582847,919.4
"Dec 2, 06:00 pm",2866.56,0.398846,1,0.0495857,1,812.7
"Dec 2, 07:00 pm",2788.2,0.229559,1,0.0501913,1,542.9
"Dec 2, 08:00 pm",2866.62,0,1,0.0505579,1,0
"Dec 2, 09:00 pm",2866.67,0,1,0.0508433,1,0
"Dec 2, 10:00 pm",180.299,0,1,0.0510014,1,0
"Dec 2, 11:00 pm",0,0,1,0.0511233,1,0
"Dec 3, 12:00 am",0,0,1,0.0512109,1,0
"Dec 3, 01:00 am",0,0,1,0.0512665,1,0
"Dec 3, 02:00 am",0,0,1,0.0512899,1,0
"Dec 3, 03:00 am",0,0,1,0.0513613,1,0
"Dec 3, 04:00 am",0,0,1,0.0514222,1,0
"Dec 3, 05:00 am",0,0,1,0.0512256,1,0
"Dec 3, 06:00 am",0,0,1,0.0510221,1,532.9
"Dec 3, 07:00 am",1293.78,2.02563,1,0.0505307,1,820.3
"Dec 3, 08:00 am",2866.59,6.95656,1,0.0501475,1,923.2
"Dec 3, 09:00 am",2866.59,7.43375,1,0.0498679,1,973.1
"Dec 3, 10:00 am",2867.47,6.16326,0.815042,0.0492367,0.815042,1000.9
"Dec 3, 11:00 am",2867.05,2.98651,0.406667,0.0488293,0.406667,1016
"Dec 3, 12:00 pm",2867.03,2.98649,0.405588,0.0484388,0.405588,1021
"Dec 3, 01:00 pm",2867.04,2.9865,0.417639,0.0482088,0.417639,1019.1
"Dec 3, 02:00 pm",2867.05,2.98651,0.414183,0.0482988,0.414183,1009.8
"Dec 3, 03:00 pm",2867.04,2.9865,0.413912,0.0483727,0.413912,990.2
"Dec 3, 04:00 pm",2867.03,2.98649,0.42318,0.0484785,0.42318,958.2
"Dec 3, 05:00 pm",2867.03,2.98649,0.589072,0.0486642,0.589072,905
"Dec 3, 06:00 pm",2866.56,0.398893,1,0.049146,1,811.6
"Dec 3, 07:00 pm",2745.66,0.229645,1,0.0496987,1,559
"Dec 3, 08:00 pm",2866.61,0,1,0.0500861,1,0
"Dec 3, 09:00 pm",2866.61,0,1,0.0503647,1,0
"Dec 3, 10:00 pm",0,0,1,0.0505499,1,0
"Dec 3, 11:00 pm",0,0,1,0.050655,1,0
"Dec 4, 12:00 am",0,0,1,0.050744,1,0
"Dec 4, 01:00 am",0,0,1,0.0507848,1,0
"Dec 4, 02:00 am",0,0,1,0.0508447,1,0
"Dec 4, 03:00 am",0,0,1,0.0509503,1,0
"Dec 4, 04:00 am",0,0,1,0.0510508,1,0
"Dec 4, 05:00 am",0,0,1,0.0510873,1,0
"Dec 4, 06:00 am",39.8657,0,1,0.0512042,1,507.4
"Dec 4, 07:00 am",1279.23,1.92479,1,0.0507772,1,797.1
"Dec 4, 08:00 am",2866.59,6.78251,1,0.0505346,1,901.5
"Dec 4, 09:00 am",2866.59,7.27994,1,0.0503188,1,953.8
"Dec 4, 10:00 am",2866.7,6.56677,0.882612,0.0498721,0.882612,983.2
"Dec 4, 11:00 am",2867.24,2.98671,0.412915,0.049534,0.412915,999.8
"Dec 4, 12:00 pm",2866.56,0.457112,1,0.0493762,1,60.3
"Dec 4, 01:00 pm",2866.56,0.404201,1,0.0493306,1,64.3
"Dec 4, 02:00 pm",2866.56,0.354407,1,0.0494722,1,54.8
"Dec 4, 03:00 pm",2832.26,0.301794,1,0.0496336,1,39.3
"Dec 4, 04:00 pm",1150.66,0.221213,1,0.0497767,1,9.4
"Dec 4, 05:00 pm",118.549,0.123489,1,0.0499862,1,8.8
"Dec 4, 06:00 pm",0,0,1,0.0502193,1,7.9
"Dec 4, 07:00 pm",0,0,1,0.0504041,1,544.5
"Dec 4, 08:00 pm",0,0,1,0.0505727,1,0
"Dec 4, 09:00 pm",0,0,1,0.0506611,1,0
"Dec 4, 10:00 pm",0,0,1,0.0507593,1,0
"Dec 4, 11:00 pm",0,0,1,0.0508716,1,0
"Dec 5, 12:00 am",0,0,1,0.0510361,1,0
"Dec 5, 01:00 am",0,0,1,0.0511526,1,0
"Dec 5, 02:00 am",0,0,1,0.0512371,1,0
"Dec 5, 03:00 am",0,0,1,0.0514975,1,0
"Dec 5, 04:00 am",0,0,1,0.0515658,1,0
"Dec 5, 05:00 am",0,0,1,0.0516662,1,0
"Dec 5, 06:00 am",0,0,1,0.0515426,1,4.9
"Dec 5, 07:00 am",0,0,1,0.051035,1,7.9
"Dec 5, 08:00 am",955.49,3.82723,1,0.050723,1,892.9
"Dec 5, 09:00 am",2866.59,7.23233,1,0.0508355,1,945.5
"Dec 5, 10:00 am",2866.54,7.40893,1,0.0503762,1,975.3
"Dec 5, 11:00 am",2865.69,4.18843,0.572544,0.0500567,0.572544,991.9
"Dec 5, 12:00 pm",2867.31,2.98678,0.415545,0.0498141,0.415545,998
"Dec 5, 01:00 pm",2867.01,2.98647,0.426952,0.0495825,0.426952,996.7
"Dec 5, 02:00 pm",2867.02,2.98648,0.423128,0.049639,0.423128,988.1
"Dec 5, 03:00 pm",2867.02,2.98648,0.421147,0.0496635,0.421147,973.2
"Dec 5, 04:00 pm",2867.02,2.98648,0.428907,0.0497199,0.428907,946
"Dec 5, 05:00 pm",2867.02,2.98648,0.588621,0.0499041,0.588621,897.3
"Dec 5, 06:00 pm",2866.56,0.398696,1,0.0502941,1,796.6
"Dec 5, 07:00 pm",2814.65,0.229178,1,0.0507733,1,541.8
"Dec 5, 08:00 pm",2866.63,0,1,0.0510442,1,0
"Dec 5, 09:00 pm",2866.68,0,1,0.051208,1,0
"Dec 5, 10:00 pm",267.676,0,1,0.0513156,1,0
"Dec 5, 11:00 pm",0,0,1,0.051358,1,0
"Dec 6, 12:00 am",0,0,1,0.0513974,1,0
"Dec 6, 01:00 am",0,0,1,0.0514207,1,0
"Dec 6, 02:00 am",0,0,1,0.051444,1,0
"Dec 6, 03:00 am",0,0,1,0.0514193,1,0
"Dec 6, 04:00 am",0,0,1,0.0514425,1,0
"Dec 6, 05:00 am",0,0,1,0.0512419,1,0
"Dec 6, 06:00 am",0,0,1,0.0511338,1,4.9
"Dec 6, 07:00 am",0,0,1,0.0508003,1,7.8
"Dec 6, 08:00 am",1836.46,3.75419,1,0.0503409,1,885.9
"Dec 6, 09:00 am",2866.59,7.14005,1,0.0500954,1,937.4
"Dec 6, 10:00 am",2866.55,7.33659,1,0.0498333,1,965.7
"Dec 6, 11:00 am",2865.69,4.78399,0.656262,0.0496494,0.656262,981.2
"Dec 6, 12:00 pm",2866.56,0.449061,1,0.0494917,1,51.3
"Dec 6, 01:00 pm",2866.76,5.67676,0.826537,0.0494073,0.826537,984.6
"Dec 6, 02:00 pm",2866.56,0.445275,1,0.0495745,1,51.1
"Dec 6, 03:00 pm",2867.35,0.342782,1,0.0497836,1,20.1
"Dec 6, 04:00 pm",2735.59,0.212486,1,0.0499555,1,9.3
"Dec 6, 05:00 pm",2866.64,0,1,0.0501704,1,8.8
"Dec 6, 06:00 pm",466.24,0,1,0.0504629,1,7.9
"Dec 6, 07:00 pm",0,0,1,0.0507469,1,551.8
"Dec 6, 08:00 pm",0,0,1,0.0509471,1,0
"Dec 6, 09:00 pm",0,0,1,0.051083,1,0
"Dec 6, 10:00 pm",0,0,1,0.0511228,1,0
"Dec 6, 11:00 pm",0,0,1,0.0511884,1,0
"Dec 7, 12:00 am",0,0,1,0.0512843,1,0
"Dec 7, 01:00 am",0,0,1,0.0513527,1,0
"Dec 7, 02:00 am",0,0,1,0.0514851,1,0
"Dec 7, 03:00 am",0,0,1,0.0516175,1,0
"Dec 7, 04:00 am",0,0,1,0.0517498,1,0
"Dec 7, 05:00 am",0,0,1,0.0518021,1,0
"Dec 7, 06:00 am",0,0,1,0.0516144,1,477.7
"Dec 7, 07:00 am",477.725,1.73696,1,0.0512423,1,771.1
"Dec 7, 08:00 am",2866.59,6.59859,1,0.0512095,1,879.9
"Dec 7, 09:00 am",2866.59,7.14494,1,0.0508837,1,937
"Dec 7, 10:00 am",2866.66,6.42483,0.874529,0.0504874,0.874529,970.9
"Dec 7, 11:00 am",2867.24,2.98671,0.415671,0.0500714,0.415671,991.4
"Dec 7, 12:00 pm",2867.02,2.98648,0.41406,0.0497755,0.41406,998.5
"Dec 7, 01:00 pm",2867.02,2.98648,0.42569,0.0495758,0.42569,998.2
"Dec 7, 02:00 pm",2867.02,2.98648,0.421769,0.0496163,0.421769,990.4
"Dec 7, 03:00 pm",2867.02,2.98648,0.420324,0.0497046,0.420324,974.7
"Dec 7, 04:00 pm",2867.02,2.98648,0.428773,0.0498568,0.428773,946.4
"Dec 7, 05:00 pm",2867.02,2.98648,0.583087,0.0500088,0.583087,897.3
"Dec 7, 06:00 pm",2866.56,0.398618,1,0.0503917,1,796
"Dec 7, 07:00 pm",2781.76,0.228915,1,0.0508612,1,548.1
"Dec 7, 08:00 pm",2866.62,0,1,0.0511587,1,0
"Dec 7, 09:00 pm",2866.66,0,1,0.0513511,1,0
"Dec 7, 10:00 pm",160.94,0,1,0.0514076,1,0
"Dec 7, 11:00 pm",0,0,1,0.0514166,1,0
"Dec 8, 12:00 am",0,0,1,0.051456,1,0
"Dec 8, 01:00 am",0,0,1,0.0514473,1,0
"Dec 8, 02:00 am",0,0,1,0.0514865,1,0
"Dec 8, 03:00 am",0,0,1,0.0515417,1,0
"Dec 8, 04:00 am",0,0,1,0.0516438,1,0
"Dec 8, 05:00 am",0,0,1,0.0516805,1,0
"Dec 8, 06:00 am",0,0,1,0.0515409,1,496.1
"Dec 8, 07:00 am",1265.55,1.85744,1,0.0510973,1,789.7
"Dec 8, 08:00 am",2866.59,6.73218,1,0.0508382,1,897.2
"Dec 8, 09:00 am",2866.59,7.26127,1,0.0505587,1,952
"Dec 8, 10:00 am",2866.68,6.67053,0.894852,0.0501456,0.894852,983.8
"Dec 8, 11:00 am",2867.22,2.98668,0.411427,0.0497759,0.411427,1002.3
"Dec 8, 12:00 pm",2867.02,2.98648,0.409624,0.0494003,0.409624,1008.8
"Dec 8, 01:00 pm",2867.02,2.98648,0.421344,0.0491531,0.421344,1007.9
"Dec 8, 02:00 pm",2867.03,2.98649,0.41759,0.049194,0.41759,999.9
"Dec 8, 03:00 pm",2867.03,2.98649,0.416516,0.0492828,0.416516,983.4
"Dec 8, 04:00 pm",2867.02,2.98648,0.424945,0.0494514,0.424945,954.9
"Dec 8, 05:00 pm",2867.02,2.98648,0.574948,0.0496039,0.574948,905.7
"Dec 8, 06:00 pm",2866.56,0.398653,1,0.050061,1,809.5
"Dec 8, 07:00 pm",2748.5,0.229056,1,0.0506046,1,569.2
"Dec 8, 08:00 pm",2866.61,0,1,0.050907,1,0
"Dec 8, 09:00 pm",2866.62,0,1,0.0511025,1,0
"Dec 8, 10:00 pm",0,0,1,0.051238,1,0
"Dec 8, 11:00 pm",0,0,1,0.0512945,1,0
"Dec 9, 12:00 am",0,0,1,0.0513189,1,0
"Dec 9, 01:00 am",0,0,1,0.0513432,1,0
"Dec 9, 02:00 am",0,0,1,0.0513675,1,0
"Dec 9, 03:00 am",0,0,1,0.0514054,1,0
"Dec 9, 04:00 am",0,0,1,0.0515854,1,0
"Dec 9, 05:00 am",0,0,1,0.0513658,1,0
"Dec 9, 06:00 am",50.0207,0,1,0.0511948,1,529.1
"Dec 9, 07:00 am",1290.14,1.99742,1,0.0507359,1,821.2
"Dec 9, 08:00 am",2866.59,6.96991,1,0.050434,1,927.8
"Dec 9, 09:00 am",2867.51,7.47338,1,0.0502029,1,979.1
"Dec 9, 10:00 am",2867.34,6.09726,0.80054,0.0497147,0.80054,1007.4
"Dec 9, 11:00 am",2867.06,2.98652,0.402922,0.0493062,0.402922,1023.3
"Dec 9, 12:00 pm",2867.02,2.98648,0.402561,0.0489791,0.402561,1025.6
"Dec 9, 01:00 pm",2867.04,2.9865,0.41547,0.0487644,0.41547,1021.3
"Dec 9, 02:00 pm",2867.04,2.9865,0.412966,0.0488218,0.412966,1010.4
"Dec 9, 03:00 pm",2867.04,2.9865,0.413594,0.048911,0.413594,989.9
"Dec 9, 04:00 pm",2867.03,2.98649,0.423753,0.0490641,0.423753,957.4
"Dec 9, 05:00 pm",2867.03,2.98649,0.572724,0.049249,0.572724,904.9
"Dec 9, 06:00 pm",2866.56,0.398764,1,0.0497086,1,813.4
"Dec 9, 07:00 pm",2745.27,0.229347,1,0.0502706,1,579.6
"Dec 9, 08:00 pm",2866.61,0,1,0.0506543,1,0
"Dec 9, 09:00 pm",2866.61,0,1,0.0509146,1,0
"Dec 9, 10:00 pm",0,0,1,0.0510664,1,0
"Dec 9, 11:00 pm",0,0,1,0.0511229,1,0
"Dec 10, 12:00 am",0,0,1,0.0511633,1,0
"Dec 10, 01:00 am",0,0,1,0.0511716,1,0
"Dec 10, 02:00 am",0,0,1,0.0512166,1,0
"Dec 10, 03:00 am",0,0,1,0.0513076,1,0
"Dec 10, 04:00 am",0,0,1,0.051424,1,0
"Dec 10, 05:00 am",0,0,1,0.0513004,1,0
"Dec 10, 06:00 am",39.2328,0,1,0.0512413,1,489.4
"Dec 10, 07:00 am",1259.86,1.81913,1,0.0508622,1,781.5
"Dec 10, 08:00 am",2866.59,6.64705,1,0.050617,1,886.8
"Dec 10, 09:00 am",2866.59,7.15424,1,0.050353,1,938.4
"Dec 10, 10:00 am",2866.83,6.91568,0.942848,0.0500074,0.942848,966.4
"Dec 10, 11:00 am",2867.18,2.98665,0.420027,0.0497199,0.420027,981.7
"Dec 10, 12:00 pm",2867.03,2.98649,0.418336,0.0494723,0.418336,986.8
"Dec 10, 01:00 pm",2867.03,2.98649,0.430947,0.049289,0.430947,984.5
"Dec 10, 02:00 pm",2867.02,2.98648,0.427895,0.0493457,0.427895,975.1
"Dec 10, 03:00 pm",2867.02,2.98648,0.427811,0.0494343,0.427811,957.1
"Dec 10, 04:00 pm",2867.02,2.98648,0.437735,0.0495868,0.437735,927
"Dec 10, 05:00 pm",2867.02,2.98648,0.589352,0.049739,0.589352,875.7
"Dec 10, 06:00 pm",2866.56,0.398617,1,0.0501344,1,789.8
"Dec 10, 07:00 pm",2748.95,0.228936,1,0.0505847,1,566.8
"Dec 10, 08:00 pm",2866.61,0,1,0.0509046,1,0
"Dec 10, 09:00 pm",2866.62,0,1,0.0510849,1,0
"Dec 10, 10:00 pm",0,0,1,0.0511889,1,0
"Dec 10, 11:00 pm",0,0,1,0.0512294,1,0
"Dec 11, 12:00 am",0,0,1,0.0512699,1,0
"Dec 11, 01:00 am",0,0,1,0.0512624,1,0
"Dec 11, 02:00 am",0,0,1,0.0512388,1,0
"Dec 11, 03:00 am",0,0,1,0.0512758,1,0
"Dec 11, 04:00 am",0,0,1,0.0513908,1,0
"Dec 11, 05:00 am",0,0,1,0.0513951,1,0
"Dec 11, 06:00 am",51.7592,0,1,0.0514641,1,474.1
"Dec 11, 07:00 am",1245.29,1.77165,1,0.0509892,1,771.3
"Dec 11, 08:00 am",2866.59,6.58811,1,0.0506134,1,880.2
"Dec 11, 09:00 am",2866.59,7.14377,1,0.0501894,1,937
"Dec 11, 10:00 am",2866.88,7.01722,0.952384,0.0497023,0.952384,970
"Dec 11, 11:00 am",2867.17,2.98664,0.416559,0.0492562,0.416559,989.5
"Dec 11, 12:00 pm",2867.03,2.98649,0.414629,0.0489452,0.414629,995
"Dec 11, 01:00 pm",2867.03,2.98649,0.427133,0.0489864,0.427133,992.8
"Dec 11, 02:00 pm",2867.02,2.98648,0.424056,0.0490755,0.424056,983.6
"Dec 11, 03:00 pm",2867.02,2.98648,0.423194,0.0491804,0.423194,967.3
"Dec 11, 04:00 pm",2867.03,2.98649,0.432159,0.0493012,0.432159,938.8
"Dec 11, 05:00 pm",2867.03,2.98649,0.577561,0.0494218,0.577561,889.4
"Dec 11, 06:00 pm",2866.56,0.398803,1,0.0497851,1,791.6
"Dec 11, 07:00 pm",2749.8,0.229429,1,0.050283,1,556.4
"Dec 11, 08:00 pm",2866.61,0,1,0.0505868,1,0
"Dec 11, 09:00 pm",2866.62,0,1,0.0507992,1,0
"Dec 11, 10:00 pm",0,0,1,0.0509674,1,0
"Dec 11, 11:00 pm",0,0,1,0.0510562,1,0
"Dec 12, 12:00 am",0,0,1,0.0511289,1,0
"Dec 12, 01:00 am",0,0,1,0.0511056,1,0
"Dec 12, 02:00 am",0,0,1,0.0511302,1,0
"Dec 12, 03:00 am",0,0,1,0.0511501,1,0
"Dec 12, 04:00 am",0,0,1,0.0512479,1,0
"Dec 12, 05:00 am",0,0,1,0.0510123,1,0
"Dec 12, 06:00 am",53.1884,0,1,0.0508415,1,491.8
"Dec 12, 07:00 am",1262.46,1.83582,1,0.0504627,1,789.4
"Dec 12, 08:00 am",2866.59,6.72248,1,0.050076,1,896.9
"Dec 12, 09:00 am",2866.59,7.26119,1,0.0497493,1,952
"Dec 12, 10:00 am",2866.74,6.71559,0.900157,0.0493213,0.900157,983.3
"Dec 12, 11:00 am",2867.22,2.98669,0.411205,0.0488729,0.411205,1001.4
"Dec 12, 12:00 pm",2867.04,2.9865,0.410308,0.0485304,0.410308,1004.6
"Dec 12, 01:00 pm",2867.04,2.9865,0.423195,0.0483162,0.423195,1001.1
"Dec 12, 02:00 pm",2867.04,2.9865,0.420806,0.0483901,0.420806,990.4
"Dec 12, 03:00 pm",2867.04,2.9865,0.420511,0.0484799,0.420511,972.8
"Dec 12, 04:00 pm",2867.04,2.9865,0.430045,0.0486176,0.430045,943
"Dec 12, 05:00 pm",2867.04,2.9865,0.572643,0.048803,0.572643,892.7
"Dec 12, 06:00 pm",2866.56,0.399,1,0.0491978,1,802.7
"Dec 12, 07:00 pm",2750.56,0.229963,1,0.0497428,1,578
"Dec 12, 08:00 pm",2866.61,0,1,0.0500781,1,0
"Dec 12, 09:00 pm",2866.62,0,1,0.0503384,1,0
"Dec 12, 10:00 pm",0,0,1,0.0504909,1,0
"Dec 12, 11:00 pm",0,0,1,0.0506123,1,0
"Dec 13, 12:00 am",0,0,1,0.0507336,1,0
"Dec 13, 01:00 am",0,0,1,0.0508547,1,0
"Dec 13, 02:00 am",0,0,1,0.0509277,1,0
"Dec 13, 03:00 am",0,0,1,0.0509461,1,0
"Dec 13, 04:00 am",0,0,1,0.0510264,1,0
"Dec 13, 05:00 am",0,0,1,0.0509189,1,0
"Dec 13, 06:00 am",54.2533,0,1,0.050812,1,471.4
"Dec 13, 07:00 am",1239.82,1.74484,1,0.0502893,1,770.6
"Dec 13, 08:00 am",2866.59,6.5744,1,0.049978,1,879.2
"Dec 13, 09:00 am",2866.59,7.10745,1,0.0496823,1,932.5
"Dec 13, 10:00 am",2866.56,0.425869,1,0.0494273,1,27.8
"Dec 13, 11:00 am",2847.47,0.319758,1,0.0492063,1,40.6
"Dec 13, 12:00 pm",2485.43,0.222922,1,0.049015,1,19.5
"Dec 13, 01:00 pm",155.049,0.16151,1,0.0488252,1,39.6
"Dec 13, 02:00 pm",2388.78,5.97398,1,0.0489415,1,976.1
"Dec 13, 03:00 pm",2866.59,7.24464,1,0.0492447,1,957.7
"Dec 13, 04:00 pm",2866.56,0.409874,1,0.0494812,1,11.8
"Dec 13, 05:00 pm",2797.89,0.256452,1,0.0497009,1,8.8
"Dec 13, 06:00 pm",2106.89,0.11251,1,0.0499723,1,7.9
"Dec 13, 07:00 pm",0,0,1,0.0502063,1,571.2
"Dec 13, 08:00 pm",0,0,1,0.0503592,1,0
"Dec 13, 09:00 pm",0,0,1,0.0504479,1,0
"Dec 13, 10:00 pm",0,0,1,0.0505365,1,0
"Dec 13, 11:00 pm",0,0,1,0.0506249,1,0
"Dec 14, 12:00 am",0,0,1,0.0507132,1,0
"Dec 14, 01:00 am",0,0,1,0.0508378,1,0
"Dec 14, 02:00 am",0,0,1,0.0508005,1,0
"Dec 14, 03:00 am",0,0,1,0.0509651,1,0
"Dec 14, 04:00 am",0,0,1,0.0510496,1,0
"Dec 14, 05:00 am",0,0,1,0.0508301,1,0
"Dec 14, 06:00 am",0,0,1,0.0507387,1,475.8
"Dec 14, 07:00 am",477.725,1.72242,1,0.0504299,1,780.7
"Dec 14, 08:00 am",2866.59,6.67157,1,0.050297,1,891.9
"Dec 14, 09:00 am",2866.59,7.23236,1,0.0499587,1,948.6
"Dec 14, 10:00 am",2866.56,6.2979,0.846619,0.0494315,0.846619,981.5
"Dec 14, 11:00 am",2866.99,2.98644,0.411422,0.0490452,0.411422,1001
"Dec 14, 12:00 pm",2867.03,2.98649,0.409266,0.0487505,0.409266,1006.5
"Dec 14, 01:00 pm",2867.04,2.9865,0.421424,0.0485522,0.421424,1004.9
"Dec 14, 02:00 pm",2867.03,2.98649,0.418304,0.0485939,0.418304,996.2
"Dec 14, 03:00 pm",2867.03,2.98649,0.417464,0.0486675,0.417464,980
"Dec 14, 04:00 pm",2867.03,2.98649,0.426019,0.048821,0.426019,952.2
"Dec 14, 05:00 pm",2867.04,2.9865,0.560935,0.0490063,0.560935,904.2
"Dec 14, 06:00 pm",2866.56,0.39889,1,0.0494586,1,802.7
"Dec 14, 07:00 pm",2780.26,0.229648,1,0.0500137,1,572.3
"Dec 14, 08:00 pm",2866.62,0,1,0.0503143,1,0
"Dec 14, 09:00 pm",2866.66,0,1,0.0505408,1,0
"Dec 14, 10:00 pm",154.245,0,1,0.0506785,1,0
"Dec 14, 11:00 pm",0,0,1,0.0507844,1,0
"Dec 15, 12:00 am",0,0,1,0.0508885,1,0
"Dec 15, 01:00 am",0,0,1,0.0509125,1,0
"Dec 15, 02:00 am",0,0,1,0.0509525,1,0
"Dec 15, 03:00 am",0,0,1,0.0509763,1,0
"Dec 15, 04:00 am",0,0,1,0.0510158,1,0
"Dec 15, 05:00 am",0,0,1,0.0508136,1,0
"Dec 15, 06:00 am",0,0,1,0.0506742,1,479.7
"Dec 15, 07:00 am",1246.86,1.78758,1,0.0502308,1,783.8
"Dec 15, 08:00 am",2866.59,6.68002,1,0.0499222,1,893.5
"Dec 15, 09:00 am",2866.59,7.22587,1,0.0496591,1,947.8
"Dec 15, 10:00 am",2866.78,6.81064,0.916372,0.0492331,0.916372,978.7
"Dec 15, 11:00 am",2867.21,2.98667,0.413021,0.0488657,0.413021,996.5
"Dec 15, 12:00 pm",2867.04,2.9865,0.410984,0.0485552,0.410984,1002
"Dec 15, 01:00 pm",2867.04,2.9865,0.423299,0.048341,0.423299,1000.1
"Dec 15, 02:00 pm",2867.03,2.98649,0.420316,0.0483829,0.420316,991.3
"Dec 15, 03:00 pm",2867.03,2.98649,0.419512,0.0484727,0.419512,975.1
"Dec 15, 04:00 pm",2867.03,2.98649,0.428265,0.0485944,0.428265,947.1
"Dec 15, 05:00 pm",2867.04,2.9865,0.561871,0.0487958,0.561871,899
"Dec 15, 06:00 pm",2866.56,0.39894,1,0.0492366,1,811.7
"Dec 15, 07:00 pm",2750.47,0.229836,1,0.0497793,1,596.8
"Dec 15, 08:00 pm",2866.61,0,1,0.0501135,1,0
"Dec 15, 09:00 pm",2866.62,0,1,0.050325,1,0
"Dec 15, 10:00 pm",0,0,1,0.0504453,1,0
"Dec 15, 11:00 pm",0,0,1,0.0505668,1,0
"Dec 16, 12:00 am",0,0,1,0.0506881,1,0
"Dec 16, 01:00 am",0,0,1,0.0507773,1,0
"Dec 16, 02:00 am",0,0,1,0.0508983,1,0
"Dec 16, 03:00 am",0,0,1,0.0510126,1,0
"Dec 16, 04:00 am",0,0,1,0.0510767,1,0
"Dec 16, 05:00 am",0,0,1,0.0508252,1,0
"Dec 16, 06:00 am",54.2992,0,1,0.0506704,1,478.4
"Dec 16, 07:00 am",1246.34,1.78026,1,0.0501956,1,783.5
"Dec 16, 08:00 am",2866.59,6.66962,1,0.0498229,1,892.3
"Dec 16, 09:00 am",2866.59,7.22702,1,0.0494801,1,948
"Dec 16, 10:00 am",2866.82,6.83266,0.917881,0.0490546,0.917881,980
"Dec 16, 11:00 am",2867.21,2.98667,0.412037,0.0486395,0.412037,998.7
"Dec 16, 12:00 pm",2867.04,2.9865,0.40899,0.0483293,0.40899,1006.5
"Dec 16, 01:00 pm",2867.04,2.9865,0.420181,0.0480834,0.420181,1007.1
"Dec 16, 02:00 pm",2867.04,2.9865,0.416371,0.0481416,0.416371,1000.4
"Dec 16, 03:00 pm",2867.05,2.98651,0.415535,0.0482157,0.415535,984.3
"Dec 16, 04:00 pm",2867.04,2.9865,0.423954,0.0483537,0.423954,956.6
"Dec 16, 05:00 pm",2867.04,2.9865,0.55349,0.0485075,0.55349,909
"Dec 16, 06:00 pm",2866.56,0.398906,1,0.0489968,1,819
"Dec 16, 07:00 pm",2750.72,0.229724,1,0.0495879,1,602.2
"Dec 16, 08:00 pm",2866.61,0,1,0.0499544,1,0
"Dec 16, 09:00 pm",2866.62,0,1,0.050214,1,0
"Dec 16, 10:00 pm",0,0,1,0.0503825,1,0
"Dec 16, 11:00 pm",0,0,1,0.0505201,1,0
"Dec 17, 12:00 am",0,0,1,0.0505775,1,0
"Dec 17, 01:00 am",0,0,1,0.0506029,1,0
"Dec 17, 02:00 am",0,0,1,0.0506762,1,0
"Dec 17, 03:00 am",0,0,1,0.0508217,1,0
"Dec 17, 04:00 am",0,0,1,0.0509648,1,0
"Dec 17, 05:00 am",0,0,1,0.0510333,1,0
"Dec 17, 06:00 am",55.46,0,1,0.0511664,1,487.1
"Dec 17, 07:00 am",1260.52,1.82548,1,0.0507075,1,797.9
"Dec 17, 08:00 am",2866.59,6.80683,1,0.0502918,1,909.6
"Dec 17, 09:00 am",2866.59,7.35167,1,0.0499337,1,964.2
"Dec 17, 10:00 am",2866.56,0.443111,1,0.0495191,1,45.3
"Dec 17, 11:00 am",2867.84,0.346395,1,0.0490453,1,32.2
"Dec 17, 12:00 pm",2804.11,0.283989,1,0.0487796,1,69.2
"Dec 17, 01:00 pm",530.657,0.292834,1,0.0488206,1,75.4
"Dec 17, 02:00 pm",2866.59,7.14069,1,0.0489226,1,1000.6
"Dec 17, 03:00 pm",2866.59,7.43415,1,0.0491285,1,982.8
"Dec 17, 04:00 pm",2866.67,6.44823,0.890276,0.0493558,0.890276,953.3
"Dec 17, 05:00 pm",2867.23,2.9867,0.556431,0.0495088,0.556431,904.3
"Dec 17, 06:00 pm",2866.56,0.398608,1,0.0497868,1,818.4
"Dec 17, 07:00 pm",2789.96,0.229078,1,0.0501882,1,608.5
"Dec 17, 08:00 pm",2866.62,0,1,0.050458,1,0
"Dec 17, 09:00 pm",2866.67,0,1,0.050656,1,0
"Dec 17, 10:00 pm",187.568,0,1,0.0507832,1,0
"Dec 17, 11:00 pm",0,0,1,0.0508889,1,0
"Dec 18, 12:00 am",0,0,1,0.0509449,1,0
"Dec 18, 01:00 am",0,0,1,0.0509849,1,0
"Dec 18, 02:00 am",0,0,1,0.0509449,1,0
"Dec 18, 03:00 am",0,0,1,0.0509529,1,0
"Dec 18, 04:00 am",0,0,1,0.0510254,1,0
"Dec 18, 05:00 am",0,0,1,0.0508882,1,0
"Dec 18, 06:00 am",0,0,1,0.0507487,1,472.8
"Dec 18, 07:00 am",1239.97,1.74064,1,0.0504173,1,781.2
"Dec 18, 08:00 am",2866.59,6.64224,1,0.0501738,1,890
"Dec 18, 09:00 am",2866.59,7.18625,1,0.049927,1,943.3
"Dec 18, 10:00 am",2866.8,6.8076,0.921112,0.049645,0.921112,973.1
"Dec 18, 11:00 am",2867.18,2.98664,0.415292,0.0492772,0.415292,989.6
"Dec 18, 12:00 pm",2867.03,2.98649,0.413512,0.0490301,0.413512,995.4
"Dec 18, 01:00 pm",2867.03,2.98649,0.425876,0.0488633,0.425876,993.8
"Dec 18, 02:00 pm",2867.03,2.98649,0.423068,0.0489365,0.423068,985.1
"Dec 18, 03:00 pm",2867.03,2.98649,0.421914,0.0490097,0.421914,969.9
"Dec 18, 04:00 pm",2867.03,2.98649,0.430203,0.0491306,0.430203,943
"Dec 18, 05:00 pm",2867.03,2.98649,0.557362,0.0492835,0.557362,896.2
"Dec 18, 06:00 pm",2866.56,0.398747,1,0.0496401,1,811.3
"Dec 18, 07:00 pm",2750.19,0.229289,1,0.0501121,1,603.6
"Dec 18, 08:00 pm",2866.61,0,1,0.0504025,1,0
"Dec 18, 09:00 pm",2866.62,0,1,0.0505746,1,0
"Dec 18, 10:00 pm",0,0,1,0.0506921,1,0
"Dec 18, 11:00 pm",0,0,1,0.0507813,1,0
"Dec 19, 12:00 am",0,0,1,0.0508065,1,0
"Dec 19, 01:00 am",0,0,1,0.0508156,1,0
"Dec 19, 02:00 am",0,0,1,0.0508407,1,0
"Dec 19, 03:00 am",0,0,1,0.051035,1,0
"Dec 19, 04:00 am",0,0,1,0.051211,1,0
"Dec 19, 05:00 am",0,0,1,0.0512154,1,0
"Dec 19, 06:00 am",54.865,0,1,0.0513004,1,4.6
"Dec 19, 07:00 am",1233.63,1.7043,1,0.0509375,1,774.6
"Dec 19, 08:00 am",815.227,0.390923,1,0.050531,1,8.8
"Dec 19, 09:00 am",247.483,0.257795,1,0.0499967,1,16.6
"Dec 19, 10:00 am",154.67,0.161115,1,0.0496655,1,35.8
"Dec 19, 11:00 am",0,0,1,0.0493664,1,32.9
"Dec 19, 12:00 pm",0,0,1,0.0491954,1,19.4
"Dec 19, 01:00 pm",0,0,1,0.0490884,1,10
"Dec 19, 02:00 pm",0,0,1,0.0490134,1,10
"Dec 19, 03:00 pm",0,0,1,0.0490825,1,9.8
"Dec 19, 04:00 pm",0,0,1,0.0491675,1,9.6
"Dec 19, 05:00 pm",0,0,1,0.0493805,1,9.1
"Dec 19, 06:00 pm",0,0,1,0.0496414,1,8.2
"Dec 19, 07:00 pm",0,0,1,0.0500142,1,609
"Dec 19, 08:00 pm",0,0,1,0.050307,1,0
"Dec 19, 09:00 pm",0,0,1,0.0504717,1,0
"Dec 19, 10:00 pm",0,0,1,0.0506203,1,0
"Dec 19, 11:00 pm",0,0,1,0.0507529,1,0
"Dec 20, 12:00 am",0,0,1,0.0508695,1,0
"Dec 20, 01:00 am",0,0,1,0.050938,1,0
"Dec 20, 02:00 am",0,0,1,0.0509906,1,0
"Dec 20, 03:00 am",0,0,1,0.0510431,1,0
"Dec 20, 04:00 am",0,0,1,0.0511116,1,0
"Dec 20, 05:00 am",0,0,1,0.0508922,1,0
"Dec 20, 06:00 am",0,0,1,0.0507687,1,488.2
"Dec 20, 07:00 am",477.725,1.78848,1,0.0503819,1,806.5
"Dec 20, 08:00 am",2866.59,6.86487,1,0.0502967,1,918.4
"Dec 20, 09:00 am",2866.59,7.43366,1,0.0498728,1,974.8
"Dec 20, 10:00 am",2867.14,6.212,0.813813,0.0494055,0.813813,1007.6
"Dec 20, 11:00 am",2867.07,2.98653,0.402257,0.048954,0.402257,1027
"Dec 20, 12:00 pm",2867.02,2.98648,0.398807,0.0486435,0.398807,1032.1
"Dec 20, 01:00 pm",2867.04,2.9865,0.410554,0.0483653,0.410554,1030.6
"Dec 20, 02:00 pm",2867.03,2.98649,0.407847,0.0484402,0.407847,1022
"Dec 20, 03:00 pm",2867.03,2.98649,0.40746,0.0485511,0.40746,1004.4
"Dec 20, 04:00 pm",2867.04,2.9865,0.41581,0.0487293,0.41581,975.6
"Dec 20, 05:00 pm",2867.03,2.98649,0.534593,0.0489714,0.534593,927.9
"Dec 20, 06:00 pm",2866.56,0.398765,1,0.049474,1,840.2
"Dec 20, 07:00 pm",2782.42,0.22938,1,0.0500797,1,632.3
"Dec 20, 08:00 pm",2866.62,0,1,0.0504464,1,0
"Dec 20, 09:00 pm",2866.66,0,1,0.0506679,1,0
"Dec 20, 10:00 pm",161.986,0,1,0.0507778,1,0
"Dec 20, 11:00 pm",0,0,1,0.0508518,1,0
"Dec 21, 12:00 am",0,0,1,0.0509078,1,0
"Dec 21, 01:00 am",0,0,1,0.0509158,1,0
"Dec 21, 02:00 am",0,0,1,0.0509876,1,0
"Dec 21, 03:00 am",0,0,1,0.0511234,1,0
"Dec 21, 04:00 am",0,0,1,0.0512076,1,0
"Dec 21, 05:00 am",0,0,1,0.0509542,1,0
"Dec 21, 06:00 am",0,0,1,0.0507348,1,497.1
"Dec 21, 07:00 am",1264.99,1.85576,1,0.0503394,1,816.7
"Dec 21, 08:00 am",2866.59,6.94096,1,0.0501032,1,928
"Dec 21, 09:00 am",2866.59,7.45855,1,0.0498093,1,978.3
"Dec 21, 10:00 am",2867.76,6.30408,0.827131,0.049451,0.827131,1005.3
"Dec 21, 11:00 am",2866.99,2.98645,0.404137,0.0490277,0.404137,1019.5
"Dec 21, 12:00 pm",2867.02,2.98648,0.402653,0.0487489,0.402653,1022
"Dec 21, 01:00 pm",2867.04,2.9865,0.415618,0.0485025,0.415618,1018
"Dec 21, 02:00 pm",2867.04,2.9865,0.413829,0.0485442,0.413829,1007.4
"Dec 21, 03:00 pm",2867.04,2.9865,0.412949,0.0486178,0.412949,991.1
"Dec 21, 04:00 pm",2867.03,2.98649,0.420783,0.0487233,0.420783,963.9
"Dec 21, 05:00 pm",2867.03,2.98649,0.538984,0.0489086,0.538984,917.1
"Dec 21, 06:00 pm",2866.56,0.398802,1,0.0493582,1,834.6
"Dec 21, 07:00 pm",2747,0.229402,1,0.0499429,1,633.8
"Dec 21, 08:00 pm",2866.61,0,1,0.0502502,1,0
"Dec 21, 09:00 pm",2866.62,0,1,0.0504808,1,0
"Dec 21, 10:00 pm",0,0,1,0.0505539,1,0
"Dec 21, 11:00 pm",0,0,1,0.0505792,1,0
"Dec 22, 12:00 am",0,0,1,0.0505884,1,0
"Dec 22, 01:00 am",0,0,1,0.0505496,1,0
"Dec 22, 02:00 am",0,0,1,0.0506231,1,0
"Dec 22, 03:00 am",0,0,1,0.0507902,1,0
"Dec 22, 04:00 am",0,0,1,0.0509547,1,0
"Dec 22, 05:00 am",0,0,1,0.0509592,1,0
"Dec 22, 06:00 am",44.6685,0,1,0.0510442,1,450.1
"Dec 22, 07:00 am",1226.13,1.66433,1,0.0506653,1,773.8
"Dec 22, 08:00 am",2866.59,6.61389,1,0.050389,1,886.8
"Dec 22, 09:00 am",2866.59,7.18533,1,0.0501266,1,943.5
"Dec 22, 10:00 am",2866.9,7.0557,0.951012,0.0498631,0.951012,975.7
"Dec 22, 11:00 am",2867.16,2.98662,0.414141,0.0494805,0.414141,994.4
"Dec 22, 12:00 pm",2867.02,2.98648,0.410381,0.0491853,0.410381,1002.8
"Dec 22, 01:00 pm",2867.03,2.98649,0.421637,0.0489543,0.421637,1003.6
"Dec 22, 02:00 pm",2867.03,2.98649,0.418145,0.0487876,0.418145,997.2
"Dec 22, 03:00 pm",2867.04,2.9865,0.416549,0.0488449,0.416549,982.7
"Dec 22, 04:00 pm",2867.03,2.98649,0.42384,0.0489981,0.42384,957
"Dec 22, 05:00 pm",2867.03,2.98649,0.540246,0.0491991,0.540246,912
"Dec 22, 06:00 pm",2866.56,0.398808,1,0.0496591,1,828.5
"Dec 22, 07:00 pm",2751.28,0.229398,1,0.0501579,1,627.3
"Dec 22, 08:00 pm",2866.61,0,1,0.0504462,1,0
"Dec 22, 09:00 pm",2866.63,0,1,0.0506908,1,0
"Dec 22, 10:00 pm",0,0,1,0.0508273,1,0
"Dec 22, 11:00 pm",0,0,1,0.0509484,1,0
"Dec 23, 12:00 am",0,0,1,0.0510533,1,0
"Dec 23, 01:00 am",0,0,1,0.0511101,1,0
"Dec 23, 02:00 am",0,0,1,0.0511668,1,0
"Dec 23, 03:00 am",0,0,1,0.0512481,1,0
"Dec 23, 04:00 am",0,0,1,0.0514072,1,0
"Dec 23, 05:00 am",0,0,1,0.0512516,1,0
"Dec 23, 06:00 am",57.9227,0,1,0.0511287,1,452.9
"Dec 23, 07:00 am",1226.24,1.67541,1,0.0506539,1,781.7
"Dec 23, 08:00 am",2866.59,6.67809,1,0.0503956,1,895.4
"Dec 23, 09:00 am",2866.59,7.25913,1,0.0500856,1,953
"Dec 23, 10:00 am",2866.82,6.89669,0.92101,0.0497559,0.92101,985.5
"Dec 23, 11:00 am",2867.18,2.98665,0.409746,0.0493561,0.409746,1004.8
"Dec 23, 12:00 pm",2867.02,2.98648,0.406853,0.0490929,0.406853,1011.5
"Dec 23, 01:00 pm",2867.03,2.98649,0.41871,0.0488941,0.41871,1010.7
"Dec 23, 02:00 pm",2867.04,2.9865,0.415977,0.0489353,0.415977,1002.9
"Dec 23, 03:00 pm",2867.04,2.9865,0.414736,0.0490084,0.414736,987.3
"Dec 23, 04:00 pm",2867.03,2.98649,0.422227,0.0491454,0.422227,960.7
"Dec 23, 05:00 pm",2867.03,2.98649,0.537052,0.0493302,0.537052,914.6
"Dec 23, 06:00 pm",2866.56,0.398729,1,0.0497892,1,829.5
"Dec 23, 07:00 pm",2750.82,0.22924,1,0.0503669,1,628.1
"Dec 23, 08:00 pm",2866.61,0,1,0.0506705,1,0
"Dec 23, 09:00 pm",2866.63,0,1,0.0508827,1,0
"Dec 23, 10:00 pm",0,0,1,0.0509869,1,0
"Dec 23, 11:00 pm",0,0,1,0.0510278,1,0
"Dec 24, 12:00 am",0,0,1,0.0510686,1,0
"Dec 24, 01:00 am",0,0,1,0.0510774,1,0
"Dec 24, 02:00 am",0,0,1,0.0511341,1,0
"Dec 24, 03:00 am",0,0,1,0.0511842,1,0
"Dec 24, 04:00 am",0,0,1,0.051312,1,0
"Dec 24, 05:00 am",0,0,1,0.0510285,1,0
"Dec 24, 06:00 am",56.8343,0,1,0.0508896,1,463.4
"Dec 24, 07:00 am",1236.58,1.72842,1,0.0504949,1,795.6
"Dec 24, 08:00 am",2866.59,6.78435,1,0.0500951,1,909.2
"Dec 24, 09:00 am",2866.59,7.33856,1,0.0498493,1,963.1
"Dec 24, 10:00 am",2866.68,6.65998,0.883833,0.0494681,0.883833,992.6
"Dec 24, 11:00 am",2867.23,2.9867,0.407674,0.0490986,0.407674,1009.1
"Dec 24, 12:00 pm",2867.03,2.98649,0.40523,0.0487879,0.40523,1015.1
"Dec 24, 01:00 pm",2867.03,2.98649,0.417391,0.0485894,0.417391,1013.7
"Dec 24, 02:00 pm",2867.04,2.9865,0.414974,0.048615,0.414974,1005.4
"Dec 24, 03:00 pm",2867.04,2.9865,0.413951,0.0486885,0.413951,989.2
"Dec 24, 04:00 pm",2867.03,2.98649,0.421723,0.0487939,0.421723,961.7
"Dec 24, 05:00 pm",2867.03,2.98649,0.535036,0.0489791,0.535036,915.1
"Dec 24, 06:00 pm",2866.56,0.398829,1,0.04939,1,832.5
"Dec 24, 07:00 pm",2750.65,0.229521,1,0.0499513,1,635.4
"Dec 24, 08:00 pm",2866.61,0,1,0.0502868,1,0
"Dec 24, 09:00 pm",2866.62,0,1,0.050531,1,0
"Dec 24, 10:00 pm",0,0,1,0.0506834,1,0
"Dec 24, 11:00 pm",0,0,1,0.0507886,1,0
"Dec 25, 12:00 am",0,0,1,0.0508298,1,0
"Dec 25, 01:00 am",0,0,1,0.0508708,1,0
"Dec 25, 02:00 am",0,0,1,0.0508798,1,0
"Dec 25, 03:00 am",0,0,1,0.0509618,1,0
"Dec 25, 04:00 am",0,0,1,0.0510576,1,0
"Dec 25, 05:00 am",0,0,1,0.0508861,1,0
"Dec 25, 06:00 am",55.6805,0,1,0.0507312,1,435.1
"Dec 25, 07:00 am",883.128,1.40571,1,0.0502405,1,773.5
"Dec 25, 08:00 am",2866.59,6.66069,1,0.0499335,1,889.1
"Dec 25, 09:00 am",2866.59,7.18892,1,0.0496868,1,943.9
"Dec 25, 10:00 am",2866.83,6.91644,0.933859,0.0492774,0.933859,974.4
"Dec 25, 11:00 am",2867.18,2.98665,0.415253,0.0489905,0.415253,991.2
"Dec 25, 12:00 pm",2867.03,2.98649,0.412833,0.0487918,0.412833,996.7
"Dec 25, 01:00 pm",2867.03,2.98649,0.425465,0.0486412,0.425465,994.7
"Dec 25, 02:00 pm",2867.03,2.98649,0.42345,0.0486988,0.42345,985.8
"Dec 25, 03:00 pm",2867.02,2.98648,0.422111,0.0488202,0.422111,970.5
"Dec 25, 04:00 pm",2867.03,2.98649,0.429873,0.0489574,0.429873,943.6
"Dec 25, 05:00 pm",2867.03,2.98649,0.544101,0.0491424,0.544101,897.4
"Dec 25, 06:00 pm",2866.56,0.398726,1,0.0495685,1,817.5
"Dec 25, 07:00 pm",2750.57,0.229208,1,0.0501131,1,624.4
"Dec 25, 08:00 pm",2866.61,0,1,0.0504321,1,0
"Dec 25, 09:00 pm",2866.63,0,1,0.0506601,1,0
"Dec 25, 10:00 pm",0,0,1,0.0507323,1,0
"Dec 25, 11:00 pm",0,0,1,0.0507895,1,0
"Dec 26, 12:00 am",0,0,1,0.0508786,1,0
"Dec 26, 01:00 am",0,0,1,0.0509037,1,0
"Dec 26, 02:00 am",0,0,1,0.0509766,1,0
"Dec 26, 03:00 am",0,0,1,0.0510904,1,0
"Dec 26, 04:00 am",0,0,1,0.0512499,1,0
"Dec 26, 05:00 am",0,0,1,0.0511423,1,0
"Dec 26, 06:00 am",56.2692,0,1,0.0509555,1,423.2
"Dec 26, 07:00 am",874.897,1.36367,1,0.0504967,1,766.8
"Dec 26, 08:00 am",2866.59,6.61669,1,0.0502203,1,883.8
"Dec 26, 09:00 am",2866.59,7.17752,1,0.0499737,1,942.6
"Dec 26, 10:00 am",2866.88,7.00535,0.943884,0.0495497,0.943884,976.1
"Dec 26, 11:00 am",2867.17,2.98663,0.41357,0.0491992,0.41357,995.5
"Dec 26, 12:00 pm",2867.02,2.98648,0.410077,0.0489523,0.410077,1003.5
"Dec 26, 01:00 pm",2867.03,2.98649,0.421558,0.0487536,0.421558,1004
"Dec 26, 02:00 pm",2867.03,2.98649,0.418765,0.048779,0.418765,997.2
"Dec 26, 03:00 pm",2867.02,2.98648,0.41803,0.0488043,0.41803,980.2
"Dec 26, 04:00 pm",2867.03,2.98649,0.42595,0.0488776,0.42595,952.2
"Dec 26, 05:00 pm",2867.03,2.98649,0.538091,0.0489828,0.538091,904.8
"Dec 26, 06:00 pm",2866.56,0.398797,1,0.0493132,1,820.5
"Dec 26, 07:00 pm",2751.06,0.229404,1,0.049746,1,623.2
"Dec 26, 08:00 pm",2866.61,0,1,0.0499694,1,0
"Dec 26, 09:00 pm",2866.63,0,1,0.0501017,1,0
"Dec 26, 10:00 pm",0,0,1,0.0501426,1,0
"Dec 26, 11:00 pm",0,0,1,0.0501366,1,0
"Dec 27, 12:00 am",0,0,1,0.0500987,1,0
"Dec 27, 01:00 am",0,0,1,0.0500128,1,0
"Dec 27, 02:00 am",0,0,1,0.049959,1,0
"Dec 27, 03:00 am",0,0,1,0.0499588,1,0
"Dec 27, 04:00 am",0,0,1,0.0500198,1,0
"Dec 27, 05:00 am",0,0,1,0.0499765,1,0
"Dec 27, 06:00 am",57.4376,0,1,0.0500459,1,416.7
"Dec 27, 07:00 am",874.542,1.35412,1,0.0498274,1,764.3
"Dec 27, 08:00 am",2866.59,6.60217,1,0.0497111,1,881.9
"Dec 27, 09:00 am",2866.59,7.15135,1,0.0493688,1,939.2
"Dec 27, 10:00 am",2866.9,7.05254,0.954671,0.0492976,0.954671,971.3
"Dec 27, 11:00 am",2867.16,2.98663,0.416199,0.0490597,0.416199,989.2
"Dec 27, 12:00 pm",2867.02,2.98648,0.413061,0.0489568,0.413061,996.3
"Dec 27, 01:00 pm",2867.03,2.98649,0.425018,0.048886,0.425018,996
"Dec 27, 02:00 pm",2866.56,0.477389,1,0.0490793,1,81.9
"Dec 27, 03:00 pm",2866.56,0.416701,1,0.0493551,1,33.6
"Dec 27, 04:00 pm",2828.37,0.294322,1,0.049602,1,11.3
"Dec 27, 05:00 pm",2685.39,0.162874,1,0.0499129,1,9
"Dec 27, 06:00 pm",930.543,0,1,0.050266,1,8.2
"Dec 27, 07:00 pm",0,0,1,0.0505873,1,626.8
"Dec 27, 08:00 pm",0,0,1,0.0508196,1,0
"Dec 27, 09:00 pm",0,0,1,0.0510036,1,0
"Dec 27, 10:00 pm",0,0,1,0.0511394,1,0
"Dec 27, 11:00 pm",0,0,1,0.051195,1,0
"Dec 28, 12:00 am",0,0,1,0.0512406,1,0
"Dec 28, 01:00 am",0,0,1,0.0513165,1,0
"Dec 28, 02:00 am",0,0,1,0.051289,1,0
"Dec 28, 03:00 am",0,0,1,0.0512934,1,0
"Dec 28, 04:00 am",0,0,1,0.0513618,1,0
"Dec 28, 05:00 am",0,0,1,0.0512543,1,0
"Dec 28, 06:00 am",0,0,1,0.0510507,1,412.9
"Dec 28, 07:00 am",477.725,1.48172,1,0.0507145,1,767.2
"Dec 28, 08:00 am",2866.59,6.58828,1,0.0506096,1,887.1
"Dec 28, 09:00 am",2866.59,7.18745,1,0.0504338,1,944.2
"Dec 28, 10:00 am",2866.67,6.64085,0.896447,0.0501214,0.896447,976.2
"Dec 28, 11:00 am",2867.22,2.98668,0.414168,0.0498238,0.414168,994.2
"Dec 28, 12:00 pm",2867.01,2.98647,0.411149,0.0496241,0.411149,1001.5
"Dec 28, 01:00 pm",2866.56,0.476723,1,0.0495689,1,82.4
"Dec 28, 02:00 pm",2866.56,0.444845,1,0.0495793,1,65
"Dec 28, 03:00 pm",2866.56,0.366378,1,0.0497096,1,27
"Dec 28, 04:00 pm",2792.42,0.245616,1,0.0498747,1,9.5
"Dec 28, 05:00 pm",1177.96,0.128056,1,0.0500049,1,9
"Dec 28, 06:00 pm",0,0,1,0.0502315,1,8.2
"Dec 28, 07:00 pm",0,0,1,0.0504642,1,624
"Dec 28, 08:00 pm",0,0,1,0.0506487,1,0
"Dec 28, 09:00 pm",0,0,1,0.050785,1,0
"Dec 28, 10:00 pm",0,0,1,0.0508891,1,0
"Dec 28, 11:00 pm",0,0,1,0.0509611,1,0
"Dec 29, 12:00 am",0,0,1,0.0509865,1,0
"Dec 29, 01:00 am",0,0,1,0.0510742,1,0
"Dec 29, 02:00 am",0,0,1,0.0510626,1,0
"Dec 29, 03:00 am",0,0,1,0.0511311,1,0
"Dec 29, 04:00 am",0,0,1,0.0512956,1,0
"Dec 29, 05:00 am",0,0,1,0.051348,1,0
"Dec 29, 06:00 am",0,0,1,0.0511605,1,0
"Dec 29, 07:00 am",477.725,1.44805,1,0.0507105,1,768
"Dec 29, 08:00 am",1252.35,0.451393,1,0.050396,1,8.9
"Dec 29, 09:00 am",243.587,0.253737,1,0.0498926,1,17.7
"Dec 29, 10:00 am",123.73,0.128885,1,0.0496152,1,22.9
"Dec 29, 11:00 am",0,0,1,0.0492682,1,63.2
"Dec 29, 12:00 pm",2388.78,6.27203,1,0.0491616,1,995.6
"Dec 29, 01:00 pm",2866.59,7.28054,1,0.0492019,1,995.8
"Dec 29, 02:00 pm",2866.57,7.22664,0.987817,0.0492106,0.987817,988.9
"Dec 29, 03:00 pm",2867.12,2.98658,0.424368,0.0493132,0.424368,973.6
"Dec 29, 04:00 pm",2867.01,2.98647,0.428686,0.0494818,0.428686,947
"Dec 29, 05:00 pm",2867.03,2.98649,0.536051,0.0495703,0.536051,901.4
"Dec 29, 06:00 pm",2866.56,0.398724,1,0.0499487,1,817.6
"Dec 29, 07:00 pm",2763.13,0.229213,1,0.0504097,1,623
"Dec 29, 08:00 pm",2866.62,0,1,0.0507104,1,0
"Dec 29, 09:00 pm",2866.65,0,1,0.050943,1,0
"Dec 29, 10:00 pm",0,0,1,0.0510754,1,0
"Dec 29, 11:00 pm",0,0,1,0.0511648,1,0
"Dec 30, 12:00 am",0,0,1,0.0512382,1,0
"Dec 30, 01:00 am",0,0,1,0.0512635,1,0
"Dec 30, 02:00 am",0,0,1,0.0513047,1,0
"Dec 30, 03:00 am",0,0,1,0.0513037,1,0
"Dec 30, 04:00 am",0,0,1,0.0513963,1,0
"Dec 30, 05:00 am",0,0,1,0.0512247,1,0
"Dec 30, 06:00 am",0,0,1,0.0510371,1,0
"Dec 30, 07:00 am",947.508,1.25424,1,0.0504831,1,752.2
"Dec 30, 08:00 am",2866.59,6.53307,1,0.0501895,1,873.6
"Dec 30, 09:00 am",2866.59,7.09565,1,0.0499748,1,932
"Dec 30, 10:00 am",2866.91,7.2096,0.982299,0.0496341,0.982299,964.3
"Dec 30, 11:00 am",2867.12,2.98659,0.418963,0.0493012,0.418963,982.4
"Dec 30, 12:00 pm",2867.03,2.98649,0.415292,0.0490701,0.415292,991
"Dec 30, 01:00 pm",2867.03,2.98649,0.426929,0.0488872,0.426929,991.8
"Dec 30, 02:00 pm",2867.03,2.98649,0.424484,0.0487526,0.424484,985.5
"Dec 30, 03:00 pm",2867.03,2.98649,0.422982,0.0488419,0.422982,969.8
"Dec 30, 04:00 pm",2867.03,2.98649,0.430052,0.0489791,0.430052,943.3
"Dec 30, 05:00 pm",2867.03,2.98649,0.536946,0.0491801,0.536946,897.6
"Dec 30, 06:00 pm",2866.53,2.87151,1,0.0494862,1,815.7
"Dec 30, 07:00 pm",2866.56,0.399139,1,0.050028,1,624.1
"Dec 30, 08:00 pm",2747.18,0.229873,1,0.0504235,1,0
"Dec 30, 09:00 pm",2866.61,0,1,0.0506767,1,0
"Dec 30, 10:00 pm",2803.64,0,1,0.0508388,1,0
"Dec 30, 11:00 pm",0,0,1,0.0510053,1,0
"Dec 31, 12:00 am",0,0,1,0.0510931,1,0
"Dec 31, 01:00 am",0,0,1,0.0511488,1,0
"Dec 31, 02:00 am",0,0,1,0.0512204,1,0
"Dec 31, 03:00 am",0,0,1,0.051265,1,0
"Dec 31, 04:00 am",0,0,1,0.0513721,1,0
"Dec 31, 05:00 am",0,0,1,0.0512806,1,0
"Dec 31, 06:00 am",0,0,1,0.051029,1,0
"Dec 31, 07:00 am",861.111,1.25386,1,0.0505696,1,737
"Dec 31, 08:00 am",2866.59,6.42956,1,0.0503682,1,859.6
"Dec 31, 09:00 am",2866.59,6.99428,1,0.0501208,1,919.1
"Dec 31, 10:00 am",2866.53,7.24595,1,0.0498304,1,952
"Dec 31, 11:00 am",2867.19,3.21115,0.453961,0.0495012,0.453961,970.7
"Dec 31, 12:00 pm",2867.02,2.98648,0.420597,0.0492879,0.420597,979.6
"Dec 31, 01:00 pm",2867.03,2.98649,0.431991,0.0491368,0.431991,980.7
"Dec 31, 02:00 pm",2867.02,2.98648,0.429746,0.0491617,0.429746,974.4
"Dec 31, 03:00 pm",2867.02,2.98648,0.427648,0.0492505,0.427648,959.9
"Dec 31, 04:00 pm",2867.03,2.98648,0.434636,0.0494032,0.434636,933.7
"Dec 31, 05:00 pm",2867.03,2.98649,0.54131,0.0495397,0.54131,888.6
"Dec 31, 06:00 pm",2866.53,2.85216,1,0.0498313,1,807.7
"Dec 31, 07:00 pm",2866.56,0.399028,1,0.0502833,1,616.8
"Dec 31, 08:00 pm",2746.66,0.229039,1,0.0518995,1,0
"Dec 31, 09:00 pm",2866.61,0,1,0.0517869,1,0
"Dec 31, 10:00 pm",2785.64,0,1,0.051854,1,0
"Dec 31, 11:00 pm",0,0,1,0.05186,1,0
