"Time stamp","System net thermal power w/ avail. derate | (kWt)","Field total mass flow rate | (kg/s)"
"Jan 1, 12:00 am",0,0.0786916
"Jan 1, 01:00 am",0,0.0786916
"Jan 1, 02:00 am",0,0.0786916
"Jan 1, 03:00 am",0,0.0786916
"Jan 1, 04:00 am",0,0.0786916
"Jan 1, 05:00 am",0,0.0786916
"Jan 1, 06:00 am",0,0.0786916
"Jan 1, 07:00 am",293.543,0.180516
"Jan 1, 08:00 am",971.773,0.472149
"Jan 1, 09:00 am",971.431,0.472149
"Jan 1, 10:00 am",971.309,0.472149
"Jan 1, 11:00 am",971.321,0.472149
"Jan 1, 12:00 pm",971.422,0.472149
"Jan 1, 01:00 pm",971.432,0.472149
"Jan 1, 02:00 pm",971.429,0.472149
"Jan 1, 03:00 pm",971.426,0.472149
"Jan 1, 04:00 pm",971.753,0.472149
"Jan 1, 05:00 pm",971.312,0.472149
"Jan 1, 06:00 pm",875.474,0.425541
"Jan 1, 07:00 pm",6.44945,0.0786916
"Jan 1, 08:00 pm",0,0.0786916
"Jan 1, 09:00 pm",0,0.0786916
"Jan 1, 10:00 pm",0,0.0786916
"Jan 1, 11:00 pm",0,0.0786916
"Jan 2, 12:00 am",0,0.0786916
"Jan 2, 01:00 am",0,0.0786916
"Jan 2, 02:00 am",0,0.0786916
"Jan 2, 03:00 am",0,0.0786916
"Jan 2, 04:00 am",0,0.0786916
"Jan 2, 05:00 am",0,0.0786916
"Jan 2, 06:00 am",0,0.0786916
"Jan 2, 07:00 am",265.66,0.168766
"Jan 2, 08:00 am",971.584,0.472149
"Jan 2, 09:00 am",971.442,0.472149
"Jan 2, 10:00 am",971.318,0.472149
"Jan 2, 11:00 am",971.328,0.472149
"Jan 2, 12:00 pm",971.437,0.472149
"Jan 2, 01:00 pm",971.447,0.472149
"Jan 2, 02:00 pm",971.445,0.472149
"Jan 2, 03:00 pm",971.44,0.472149
"Jan 2, 04:00 pm",971.971,0.472149
"Jan 2, 05:00 pm",972.145,0.472149
"Jan 2, 06:00 pm",894.88,0.434972
"Jan 2, 07:00 pm",6.52953,0.0786916
"Jan 2, 08:00 pm",0,0.0786916
"Jan 2, 09:00 pm",0,0.0786916
"Jan 2, 10:00 pm",0,0.0786916
"Jan 2, 11:00 pm",0,0.0786916
"Jan 3, 12:00 am",0,0.0786916
"Jan 3, 01:00 am",0,0.0786916
"Jan 3, 02:00 am",0,0.0786916
"Jan 3, 03:00 am",0,0.0786916
"Jan 3, 04:00 am",0,0.0786916
"Jan 3, 05:00 am",0,0.0786916
"Jan 3, 06:00 am",0,0.0786916
"Jan 3, 07:00 am",268.407,0.170098
"Jan 3, 08:00 am",971.764,0.472149
"Jan 3, 09:00 am",971.511,0.472149
"Jan 3, 10:00 am",971.336,0.472149
"Jan 3, 11:00 am",971.347,0.472149
"Jan 3, 12:00 pm",971.448,0.472149
"Jan 3, 01:00 pm",971.456,0.472149
"Jan 3, 02:00 pm",971.454,0.472149
"Jan 3, 03:00 pm",971.449,0.472149
"Jan 3, 04:00 pm",971.844,0.472149
"Jan 3, 05:00 pm",971.307,0.472149
"Jan 3, 06:00 pm",894.824,0.434967
"Jan 3, 07:00 pm",6.68201,0.0786916
"Jan 3, 08:00 pm",0,0.0786916
"Jan 3, 09:00 pm",0,0.0786916
"Jan 3, 10:00 pm",0,0.0786916
"Jan 3, 11:00 pm",0,0.0786916
"Jan 4, 12:00 am",0,0.0786916
"Jan 4, 01:00 am",0,0.0786916
"Jan 4, 02:00 am",0,0.0786916
"Jan 4, 03:00 am",0,0.0786916
"Jan 4, 04:00 am",0,0.0786916
"Jan 4, 05:00 am",0,0.0786916
"Jan 4, 06:00 am",0,0.0786916
"Jan 4, 07:00 am",259.99,0.16601
"Jan 4, 08:00 am",971.621,0.472149
"Jan 4, 09:00 am",971.47,0.472149
"Jan 4, 10:00 am",971.34,0.472149
"Jan 4, 11:00 am",971.352,0.472149
"Jan 4, 12:00 pm",971.458,0.472149
"Jan 4, 01:00 pm",971.467,0.472149
"Jan 4, 02:00 pm",971.464,0.472149
"Jan 4, 03:00 pm",971.46,0.472149
"Jan 4, 04:00 pm",971.918,0.472149
"Jan 4, 05:00 pm",972.28,0.472149
"Jan 4, 06:00 pm",895.825,0.435401
"Jan 4, 07:00 pm",6.83314,0.0786916
"Jan 4, 08:00 pm",0,0.0786916
"Jan 4, 09:00 pm",0,0.0786916
"Jan 4, 10:00 pm",0,0.0786916
"Jan 4, 11:00 pm",0,0.0786916
"Jan 5, 12:00 am",0,0.0786916
"Jan 5, 01:00 am",0,0.0786916
"Jan 5, 02:00 am",0,0.0786916
"Jan 5, 03:00 am",0,0.0786916
"Jan 5, 04:00 am",0,0.0786916
"Jan 5, 05:00 am",0,0.0786916
"Jan 5, 06:00 am",0,0.0786916
"Jan 5, 07:00 am",250.684,0.161885
"Jan 5, 08:00 am",971.556,0.472149
"Jan 5, 09:00 am",971.454,0.472149
"Jan 5, 10:00 am",971.334,0.472149
"Jan 5, 11:00 am",971.345,0.472149
"Jan 5, 12:00 pm",971.444,0.472149
"Jan 5, 01:00 pm",971.452,0.472149
"Jan 5, 02:00 pm",971.448,0.472149
"Jan 5, 03:00 pm",971.376,0.472149
"Jan 5, 04:00 pm",971.839,0.472149
"Jan 5, 05:00 pm",972.385,0.472149
"Jan 5, 06:00 pm",896.549,0.435736
"Jan 5, 07:00 pm",6.84526,0.0786916
"Jan 5, 08:00 pm",0,0.0786916
"Jan 5, 09:00 pm",0,0.0786916
"Jan 5, 10:00 pm",0,0.0786916
"Jan 5, 11:00 pm",0,0.0786916
"Jan 6, 12:00 am",0,0.0786916
"Jan 6, 01:00 am",0,0.0786916
"Jan 6, 02:00 am",0,0.0786916
"Jan 6, 03:00 am",0,0.0786916
"Jan 6, 04:00 am",0,0.0786916
"Jan 6, 05:00 am",0,0.0786916
"Jan 6, 06:00 am",0,0.0786916
"Jan 6, 07:00 am",169.075,0.158553
"Jan 6, 08:00 am",971.419,0.472149
"Jan 6, 09:00 am",971.388,0.472149
"Jan 6, 10:00 am",972.279,0.472149
"Jan 6, 11:00 am",971.452,0.472149
"Jan 6, 12:00 pm",971.353,0.472149
"Jan 6, 01:00 pm",971.428,0.472149
"Jan 6, 02:00 pm",971.425,0.472149
"Jan 6, 03:00 pm",971.332,0.472149
"Jan 6, 04:00 pm",971.637,0.472149
"Jan 6, 05:00 pm",971.321,0.472149
"Jan 6, 06:00 pm",874.681,0.425158
"Jan 6, 07:00 pm",6.78411,0.0786916
"Jan 6, 08:00 pm",0,0.0786916
"Jan 6, 09:00 pm",0,0.0786916
"Jan 6, 10:00 pm",0,0.0786916
"Jan 6, 11:00 pm",0,0.0786916
"Jan 7, 12:00 am",0,0.0786916
"Jan 7, 01:00 am",0,0.0786916
"Jan 7, 02:00 am",0,0.0786916
"Jan 7, 03:00 am",0,0.0786916
"Jan 7, 04:00 am",0,0.0786916
"Jan 7, 05:00 am",0,0.0786916
"Jan 7, 06:00 am",0,0.0786916
"Jan 7, 07:00 am",79.5073,0.126349
"Jan 7, 08:00 am",971.287,0.472149
"Jan 7, 09:00 am",970.176,0.472149
"Jan 7, 10:00 am",972.029,0.472149
"Jan 7, 11:00 am",971.34,0.472149
"Jan 7, 12:00 pm",971.342,0.472149
"Jan 7, 01:00 pm",971.411,0.472149
"Jan 7, 02:00 pm",971.408,0.472149
"Jan 7, 03:00 pm",971.329,0.472149
"Jan 7, 04:00 pm",971.636,0.472149
"Jan 7, 05:00 pm",971.318,0.472149
"Jan 7, 06:00 pm",870.197,0.422972
"Jan 7, 07:00 pm",6.76525,0.0786916
"Jan 7, 08:00 pm",0,0.0786916
"Jan 7, 09:00 pm",0,0.0786916
"Jan 7, 10:00 pm",0,0.0786916
"Jan 7, 11:00 pm",0,0.0786916
"Jan 8, 12:00 am",0,0.0786916
"Jan 8, 01:00 am",0,0.0786916
"Jan 8, 02:00 am",0,0.0786916
"Jan 8, 03:00 am",0,0.0786916
"Jan 8, 04:00 am",0,0.0786916
"Jan 8, 05:00 am",0,0.0786916
"Jan 8, 06:00 am",0,0.0786916
"Jan 8, 07:00 am",82.2749,0.128667
"Jan 8, 08:00 am",971.496,0.472149
"Jan 8, 09:00 am",971.407,0.472149
"Jan 8, 10:00 am",971.32,0.472149
"Jan 8, 11:00 am",971.329,0.472149
"Jan 8, 12:00 pm",971.439,0.472149
"Jan 8, 01:00 pm",971.448,0.472149
"Jan 8, 02:00 pm",971.451,0.472149
"Jan 8, 03:00 pm",971.448,0.472149
"Jan 8, 04:00 pm",971.903,0.472149
"Jan 8, 05:00 pm",972.273,0.472149
"Jan 8, 06:00 pm",893.76,0.434398
"Jan 8, 07:00 pm",6.95633,0.0786916
"Jan 8, 08:00 pm",0,0.0786916
"Jan 8, 09:00 pm",0,0.0786916
"Jan 8, 10:00 pm",0,0.0786916
"Jan 8, 11:00 pm",0,0.0786916
"Jan 9, 12:00 am",0,0.0786916
"Jan 9, 01:00 am",0,0.0786916
"Jan 9, 02:00 am",0,0.0786916
"Jan 9, 03:00 am",0,0.0786916
"Jan 9, 04:00 am",0,0.0786916
"Jan 9, 05:00 am",0,0.0786916
"Jan 9, 06:00 am",0,0.0786916
"Jan 9, 07:00 am",168.301,0.158025
"Jan 9, 08:00 am",971.511,0.472149
"Jan 9, 09:00 am",971.447,0.472149
"Jan 9, 10:00 am",971.332,0.472149
"Jan 9, 11:00 am",971.339,0.472149
"Jan 9, 12:00 pm",971.44,0.472149
"Jan 9, 01:00 pm",971.447,0.472149
"Jan 9, 02:00 pm",971.445,0.472149
"Jan 9, 03:00 pm",971.366,0.472149
"Jan 9, 04:00 pm",971.886,0.472149
"Jan 9, 05:00 pm",972.259,0.472149
"Jan 9, 06:00 pm",902.484,0.438652
"Jan 9, 07:00 pm",6.88521,0.0786916
"Jan 9, 08:00 pm",0,0.0786916
"Jan 9, 09:00 pm",0,0.0786916
"Jan 9, 10:00 pm",0,0.0786916
"Jan 9, 11:00 pm",0,0.0786916
"Jan 10, 12:00 am",0,0.0786916
"Jan 10, 01:00 am",0,0.0786916
"Jan 10, 02:00 am",0,0.0786916
"Jan 10, 03:00 am",0,0.0786916
"Jan 10, 04:00 am",0,0.0786916
"Jan 10, 05:00 am",0,0.0786916
"Jan 10, 06:00 am",0,0.0786916
"Jan 10, 07:00 am",79.7498,0.127347
"Jan 10, 08:00 am",971.478,0.472149
"Jan 10, 09:00 am",971.421,0.472149
"Jan 10, 10:00 am",971.32,0.472149
"Jan 10, 11:00 am",971.4,0.472149
"Jan 10, 12:00 pm",971.412,0.472149
"Jan 10, 01:00 pm",971.494,0.472149
"Jan 10, 02:00 pm",971.49,0.472149
"Jan 10, 03:00 pm",971.373,0.472149
"Jan 10, 04:00 pm",971.928,0.472149
"Jan 10, 05:00 pm",972.215,0.472149
"Jan 10, 06:00 pm",904.863,0.440383
"Jan 10, 07:00 pm",6.90558,0.0786916
"Jan 10, 08:00 pm",0,0.0786916
"Jan 10, 09:00 pm",0,0.0786916
"Jan 10, 10:00 pm",0,0.0786916
"Jan 10, 11:00 pm",0,0.0786916
"Jan 11, 12:00 am",0,0.0786916
"Jan 11, 01:00 am",0,0.0786916
"Jan 11, 02:00 am",0,0.0786916
"Jan 11, 03:00 am",0,0.0786916
"Jan 11, 04:00 am",0,0.0786916
"Jan 11, 05:00 am",0,0.0786916
"Jan 11, 06:00 am",0,0.0786916
"Jan 11, 07:00 am",77.4198,0.125917
"Jan 11, 08:00 am",971.587,0.472149
"Jan 11, 09:00 am",971.429,0.472149
"Jan 11, 10:00 am",971.329,0.472149
"Jan 11, 11:00 am",971.403,0.472149
"Jan 11, 12:00 pm",971.417,0.472149
"Jan 11, 01:00 pm",971.505,0.472149
"Jan 11, 02:00 pm",971.503,0.472149
"Jan 11, 03:00 pm",971.395,0.472149
"Jan 11, 04:00 pm",972.065,0.472149
"Jan 11, 05:00 pm",971.885,0.472149
"Jan 11, 06:00 pm",913.074,0.444173
"Jan 11, 07:00 pm",6.97068,0.0786916
"Jan 11, 08:00 pm",0,0.0786916
"Jan 11, 09:00 pm",0,0.0786916
"Jan 11, 10:00 pm",0,0.0786916
"Jan 11, 11:00 pm",0,0.0786916
"Jan 12, 12:00 am",0,0.0786916
"Jan 12, 01:00 am",0,0.0786916
"Jan 12, 02:00 am",0,0.0786916
"Jan 12, 03:00 am",0,0.0786916
"Jan 12, 04:00 am",0,0.0786916
"Jan 12, 05:00 am",0,0.0786916
"Jan 12, 06:00 am",0,0.0786916
"Jan 12, 07:00 am",0,0.120485
"Jan 12, 08:00 am",971.155,0.472149
"Jan 12, 09:00 am",971.367,0.472149
"Jan 12, 10:00 am",972.263,0.472149
"Jan 12, 11:00 am",971.464,0.472149
"Jan 12, 12:00 pm",971.382,0.472149
"Jan 12, 01:00 pm",971.473,0.472149
"Jan 12, 02:00 pm",971.469,0.472149
"Jan 12, 03:00 pm",971.383,0.472149
"Jan 12, 04:00 pm",971.89,0.472149
"Jan 12, 05:00 pm",972.237,0.472149
"Jan 12, 06:00 pm",909.545,0.442517
"Jan 12, 07:00 pm",6.9561,0.0786916
"Jan 12, 08:00 pm",0,0.0786916
"Jan 12, 09:00 pm",0,0.0786916
"Jan 12, 10:00 pm",0,0.0786916
"Jan 12, 11:00 pm",0,0.0786916
"Jan 13, 12:00 am",0,0.0786916
"Jan 13, 01:00 am",0,0.0786916
"Jan 13, 02:00 am",0,0.0786916
"Jan 13, 03:00 am",0,0.0786916
"Jan 13, 04:00 am",0,0.0786916
"Jan 13, 05:00 am",0,0.0786916
"Jan 13, 06:00 am",0,0.0786916
"Jan 13, 07:00 am",0,0.119205
"Jan 13, 08:00 am",971.05,0.472149
"Jan 13, 09:00 am",970.182,0.472149
"Jan 13, 10:00 am",972.183,0.472149
"Jan 13, 11:00 am",971.422,0.472149
"Jan 13, 12:00 pm",971.367,0.472149
"Jan 13, 01:00 pm",971.442,0.472149
"Jan 13, 02:00 pm",971.438,0.472149
"Jan 13, 03:00 pm",971.349,0.472149
"Jan 13, 04:00 pm",971.732,0.472149
"Jan 13, 05:00 pm",971.31,0.472149
"Jan 13, 06:00 pm",893.008,0.434085
"Jan 13, 07:00 pm",6.75833,0.0786916
"Jan 13, 08:00 pm",0,0.0786916
"Jan 13, 09:00 pm",0,0.0786916
"Jan 13, 10:00 pm",0,0.0786916
"Jan 13, 11:00 pm",0,0.0786916
"Jan 14, 12:00 am",0,0.0786916
"Jan 14, 01:00 am",0,0.0786916
"Jan 14, 02:00 am",0,0.0786916
"Jan 14, 03:00 am",0,0.0786916
"Jan 14, 04:00 am",0,0.0786916
"Jan 14, 05:00 am",0,0.0786916
"Jan 14, 06:00 am",0,0.0786916
"Jan 14, 07:00 am",0,0.118388
"Jan 14, 08:00 am",971.006,0.472149
"Jan 14, 09:00 am",970.221,0.472149
"Jan 14, 10:00 am",972.184,0.472149
"Jan 14, 11:00 am",971.42,0.472149
"Jan 14, 12:00 pm",971.363,0.472149
"Jan 14, 01:00 pm",971.36,0.472149
"Jan 14, 02:00 pm",971.356,0.472149
"Jan 14, 03:00 pm",971.351,0.472149
"Jan 14, 04:00 pm",971.678,0.472149
"Jan 14, 05:00 pm",971.312,0.472149
"Jan 14, 06:00 pm",884.424,0.429905
"Jan 14, 07:00 pm",6.65978,0.0786916
"Jan 14, 08:00 pm",0,0.0786916
"Jan 14, 09:00 pm",0,0.0786916
"Jan 14, 10:00 pm",0,0.0786916
"Jan 14, 11:00 pm",0,0.0786916
"Jan 15, 12:00 am",0,0.0786916
"Jan 15, 01:00 am",0,0.0786916
"Jan 15, 02:00 am",0,0.0786916
"Jan 15, 03:00 am",0,0.0786916
"Jan 15, 04:00 am",0,0.0786916
"Jan 15, 05:00 am",0,0.0786916
"Jan 15, 06:00 am",0,0.0786916
"Jan 15, 07:00 am",0,0.116794
"Jan 15, 08:00 am",970.935,0.472149
"Jan 15, 09:00 am",970.47,0.472149
"Jan 15, 10:00 am",972.085,0.472149
"Jan 15, 11:00 am",971.366,0.472149
"Jan 15, 12:00 pm",971.346,0.472149
"Jan 15, 01:00 pm",971.408,0.472149
"Jan 15, 02:00 pm",971.405,0.472149
"Jan 15, 03:00 pm",971.328,0.472149
"Jan 15, 04:00 pm",971.661,0.472149
"Jan 15, 05:00 pm",971.313,0.472149
"Jan 15, 06:00 pm",882.076,0.428761
"Jan 15, 07:00 pm",6.58491,0.0786916
"Jan 15, 08:00 pm",0,0.0786916
"Jan 15, 09:00 pm",0,0.0786916
"Jan 15, 10:00 pm",0,0.0786916
"Jan 15, 11:00 pm",0,0.0786916
"Jan 16, 12:00 am",0,0.0786916
"Jan 16, 01:00 am",0,0.0786916
"Jan 16, 02:00 am",0,0.0786916
"Jan 16, 03:00 am",0,0.0786916
"Jan 16, 04:00 am",0,0.0786916
"Jan 16, 05:00 am",0,0.0786916
"Jan 16, 06:00 am",0,0.0786916
"Jan 16, 07:00 am",0,0.114755
"Jan 16, 08:00 am",6.20936,0.0786916
"Jan 16, 09:00 am",0,0.0786916
"Jan 16, 10:00 am",0,0.0786916
"Jan 16, 11:00 am",5.84429,0.0786916
"Jan 16, 12:00 pm",970.777,0.472149
"Jan 16, 01:00 pm",971.398,0.472149
"Jan 16, 02:00 pm",971.395,0.472149
"Jan 16, 03:00 pm",971.321,0.472149
"Jan 16, 04:00 pm",971.615,0.472149
"Jan 16, 05:00 pm",971.328,0.472149
"Jan 16, 06:00 pm",868.894,0.422335
"Jan 16, 07:00 pm",6.46874,0.0786916
"Jan 16, 08:00 pm",0,0.0786916
"Jan 16, 09:00 pm",0,0.0786916
"Jan 16, 10:00 pm",0,0.0786916
"Jan 16, 11:00 pm",0,0.0786916
"Jan 17, 12:00 am",0,0.0786916
"Jan 17, 01:00 am",0,0.0786916
"Jan 17, 02:00 am",0,0.0786916
"Jan 17, 03:00 am",0,0.0786916
"Jan 17, 04:00 am",0,0.0786916
"Jan 17, 05:00 am",0,0.0786916
"Jan 17, 06:00 am",0,0.0786916
"Jan 17, 07:00 am",0,0.114461
"Jan 17, 08:00 am",971.762,0.472149
"Jan 17, 09:00 am",970.792,0.472149
"Jan 17, 10:00 am",971.997,0.472149
"Jan 17, 11:00 am",971.336,0.472149
"Jan 17, 12:00 pm",971.343,0.472149
"Jan 17, 01:00 pm",971.406,0.472149
"Jan 17, 02:00 pm",971.409,0.472149
"Jan 17, 03:00 pm",971.405,0.472149
"Jan 17, 04:00 pm",971.639,0.472149
"Jan 17, 05:00 pm",971.331,0.472149
"Jan 17, 06:00 pm",869.323,0.422541
"Jan 17, 07:00 pm",6.39781,0.0786916
"Jan 17, 08:00 pm",0,0.0786916
"Jan 17, 09:00 pm",0,0.0786916
"Jan 17, 10:00 pm",0,0.0786916
"Jan 17, 11:00 pm",0,0.0786916
"Jan 18, 12:00 am",0,0.0786916
"Jan 18, 01:00 am",0,0.0786916
"Jan 18, 02:00 am",0,0.0786916
"Jan 18, 03:00 am",0,0.0786916
"Jan 18, 04:00 am",0,0.0786916
"Jan 18, 05:00 am",0,0.0786916
"Jan 18, 06:00 am",0,0.0786916
"Jan 18, 07:00 am",0,0.114363
"Jan 18, 08:00 am",820.393,0.463141
"Jan 18, 09:00 am",970.647,0.472149
"Jan 18, 10:00 am",972.031,0.472149
"Jan 18, 11:00 am",971.342,0.472149
"Jan 18, 12:00 pm",971.344,0.472149
"Jan 18, 01:00 pm",971.404,0.472149
"Jan 18, 02:00 pm",86.3319,0.0786916
"Jan 18, 03:00 pm",63.5784,0.0786916
"Jan 18, 04:00 pm",971.009,0.472149
"Jan 18, 05:00 pm",971.326,0.472149
"Jan 18, 06:00 pm",867.631,0.42172
"Jan 18, 07:00 pm",6.24854,0.0786916
"Jan 18, 08:00 pm",0,0.0786916
"Jan 18, 09:00 pm",0,0.0786916
"Jan 18, 10:00 pm",0,0.0786916
"Jan 18, 11:00 pm",0,0.0786916
"Jan 19, 12:00 am",0,0.0786916
"Jan 19, 01:00 am",0,0.0786916
"Jan 19, 02:00 am",0,0.0786916
"Jan 19, 03:00 am",0,0.0786916
"Jan 19, 04:00 am",0,0.0786916
"Jan 19, 05:00 am",0,0.0786916
"Jan 19, 06:00 am",0,0.0786916
"Jan 19, 07:00 am",0,0.0786916
"Jan 19, 08:00 am",0,0.0786916
"Jan 19, 09:00 am",0,0.0786916
"Jan 19, 10:00 am",0,0.0786916
"Jan 19, 11:00 am",0,0.0786916
"Jan 19, 12:00 pm",0,0.0786916
"Jan 19, 01:00 pm",0,0.0786916
"Jan 19, 02:00 pm",820.969,0.472149
"Jan 19, 03:00 pm",8.39744,0.0786916
"Jan 19, 04:00 pm",968.856,0.472149
"Jan 19, 05:00 pm",7.14943,0.0786916
"Jan 19, 06:00 pm",723.586,0.411461
"Jan 19, 07:00 pm",6.03633,0.0786916
"Jan 19, 08:00 pm",0,0.0786916
"Jan 19, 09:00 pm",0,0.0786916
"Jan 19, 10:00 pm",0,0.0786916
"Jan 19, 11:00 pm",0,0.0786916
"Jan 20, 12:00 am",0,0.0786916
"Jan 20, 01:00 am",0,0.0786916
"Jan 20, 02:00 am",0,0.0786916
"Jan 20, 03:00 am",0,0.0786916
"Jan 20, 04:00 am",0,0.0786916
"Jan 20, 05:00 am",0,0.0786916
"Jan 20, 06:00 am",0,0.0786916
"Jan 20, 07:00 am",0,0.112521
"Jan 20, 08:00 am",809.451,0.462246
"Jan 20, 09:00 am",970.689,0.472149
"Jan 20, 10:00 am",972.099,0.472149
"Jan 20, 11:00 am",971.379,0.472149
"Jan 20, 12:00 pm",971.358,0.472149
"Jan 20, 01:00 pm",971.419,0.472149
"Jan 20, 02:00 pm",971.412,0.472149
"Jan 20, 03:00 pm",971.33,0.472149
"Jan 20, 04:00 pm",971.682,0.472149
"Jan 20, 05:00 pm",971.308,0.472149
"Jan 20, 06:00 pm",876.843,0.426213
"Jan 20, 07:00 pm",5.92506,0.0786916
"Jan 20, 08:00 pm",0,0.0786916
"Jan 20, 09:00 pm",0,0.0786916
"Jan 20, 10:00 pm",0,0.0786916
"Jan 20, 11:00 pm",0,0.0786916
"Jan 21, 12:00 am",0,0.0786916
"Jan 21, 01:00 am",0,0.0786916
"Jan 21, 02:00 am",0,0.0786916
"Jan 21, 03:00 am",0,0.0786916
"Jan 21, 04:00 am",0,0.0786916
"Jan 21, 05:00 am",0,0.0786916
"Jan 21, 06:00 am",0,0.0786916
"Jan 21, 07:00 am",0,0.111951
"Jan 21, 08:00 am",809.466,0.462364
"Jan 21, 09:00 am",970.525,0.472149
"Jan 21, 10:00 am",972.224,0.472149
"Jan 21, 11:00 am",971.435,0.472149
"Jan 21, 12:00 pm",971.358,0.472149
"Jan 21, 01:00 pm",82.7762,0.0786916
"Jan 21, 02:00 pm",8.36535,0.0786916
"Jan 21, 03:00 pm",7.61413,0.0786916
"Jan 21, 04:00 pm",0,0.0786916
"Jan 21, 05:00 pm",0,0.0786916
"Jan 21, 06:00 pm",0,0.0786916
"Jan 21, 07:00 pm",0,0.0786916
"Jan 21, 08:00 pm",0,0.0786916
"Jan 21, 09:00 pm",0,0.0786916
"Jan 21, 10:00 pm",0,0.0786916
"Jan 21, 11:00 pm",0,0.0786916
"Jan 22, 12:00 am",0,0.0786916
"Jan 22, 01:00 am",0,0.0786916
"Jan 22, 02:00 am",0,0.0786916
"Jan 22, 03:00 am",0,0.0786916
"Jan 22, 04:00 am",0,0.0786916
"Jan 22, 05:00 am",0,0.0786916
"Jan 22, 06:00 am",0,0.0786916
"Jan 22, 07:00 am",0,0.0786916
"Jan 22, 08:00 am",0,0.0786916
"Jan 22, 09:00 am",0,0.0786916
"Jan 22, 10:00 am",0,0.0786916
"Jan 22, 11:00 am",0,0.0786916
"Jan 22, 12:00 pm",0,0.0786916
"Jan 22, 01:00 pm",0,0.0786916
"Jan 22, 02:00 pm",0,0.0786916
"Jan 22, 03:00 pm",0,0.0786916
"Jan 22, 04:00 pm",809.465,0.472149
"Jan 22, 05:00 pm",971.3,0.472149
"Jan 22, 06:00 pm",874.657,0.425154
"Jan 22, 07:00 pm",5.53738,0.0786916
"Jan 22, 08:00 pm",0,0.0786916
"Jan 22, 09:00 pm",0,0.0786916
"Jan 22, 10:00 pm",0,0.0786916
"Jan 22, 11:00 pm",0,0.0786916
"Jan 23, 12:00 am",0,0.0786916
"Jan 23, 01:00 am",0,0.0786916
"Jan 23, 02:00 am",0,0.0786916
"Jan 23, 03:00 am",0,0.0786916
"Jan 23, 04:00 am",0,0.0786916
"Jan 23, 05:00 am",0,0.0786916
"Jan 23, 06:00 am",0,0.0786916
"Jan 23, 07:00 am",0,0.0943144
"Jan 23, 08:00 am",810.205,0.461232
"Jan 23, 09:00 am",970.884,0.472149
"Jan 23, 10:00 am",972.116,0.472149
"Jan 23, 11:00 am",971.388,0.472149
"Jan 23, 12:00 pm",971.356,0.472149
"Jan 23, 01:00 pm",971.43,0.472149
"Jan 23, 02:00 pm",971.432,0.472149
"Jan 23, 03:00 pm",971.43,0.472149
"Jan 23, 04:00 pm",971.75,0.472149
"Jan 23, 05:00 pm",971.321,0.472149
"Jan 23, 06:00 pm",870.762,0.423242
"Jan 23, 07:00 pm",5.70477,0.0786916
"Jan 23, 08:00 pm",0,0.0786916
"Jan 23, 09:00 pm",0,0.0786916
"Jan 23, 10:00 pm",0,0.0786916
"Jan 23, 11:00 pm",0,0.0786916
"Jan 24, 12:00 am",0,0.0786916
"Jan 24, 01:00 am",0,0.0786916
"Jan 24, 02:00 am",0,0.0786916
"Jan 24, 03:00 am",0,0.0786916
"Jan 24, 04:00 am",0,0.0786916
"Jan 24, 05:00 am",0,0.0786916
"Jan 24, 06:00 am",0,0.0786916
"Jan 24, 07:00 am",0,0.0786916
"Jan 24, 08:00 am",809.27,0.459754
"Jan 24, 09:00 am",971.146,0.472149
"Jan 24, 10:00 am",971.929,0.472149
"Jan 24, 11:00 am",971.343,0.472149
"Jan 24, 12:00 pm",971.349,0.472149
"Jan 24, 01:00 pm",971.348,0.472149
"Jan 24, 02:00 pm",971.344,0.472149
"Jan 24, 03:00 pm",971.34,0.472149
"Jan 24, 04:00 pm",971.658,0.472149
"Jan 24, 05:00 pm",971.321,0.472149
"Jan 24, 06:00 pm",856.897,0.416484
"Jan 24, 07:00 pm",5.61524,0.0786916
"Jan 24, 08:00 pm",0,0.0786916
"Jan 24, 09:00 pm",0,0.0786916
"Jan 24, 10:00 pm",0,0.0786916
"Jan 24, 11:00 pm",0,0.0786916
"Jan 25, 12:00 am",0,0.0786916
"Jan 25, 01:00 am",0,0.0786916
"Jan 25, 02:00 am",0,0.0786916
"Jan 25, 03:00 am",0,0.0786916
"Jan 25, 04:00 am",0,0.0786916
"Jan 25, 05:00 am",0,0.0786916
"Jan 25, 06:00 am",0,0.0786916
"Jan 25, 07:00 am",0,0.0786916
"Jan 25, 08:00 am",793.719,0.450905
"Jan 25, 09:00 am",971.527,0.472149
"Jan 25, 10:00 am",971.847,0.472149
"Jan 25, 11:00 am",971.323,0.472149
"Jan 25, 12:00 pm",971.327,0.472149
"Jan 25, 01:00 pm",971.385,0.472149
"Jan 25, 02:00 pm",971.387,0.472149
"Jan 25, 03:00 pm",971.383,0.472149
"Jan 25, 04:00 pm",971.636,0.472149
"Jan 25, 05:00 pm",971.318,0.472149
"Jan 25, 06:00 pm",843.861,0.410127
"Jan 25, 07:00 pm",5.55768,0.0786916
"Jan 25, 08:00 pm",0,0.0786916
"Jan 25, 09:00 pm",0,0.0786916
"Jan 25, 10:00 pm",0,0.0786916
"Jan 25, 11:00 pm",0,0.0786916
"Jan 26, 12:00 am",0,0.0786916
"Jan 26, 01:00 am",0,0.0786916
"Jan 26, 02:00 am",0,0.0786916
"Jan 26, 03:00 am",0,0.0786916
"Jan 26, 04:00 am",0,0.0786916
"Jan 26, 05:00 am",0,0.0786916
"Jan 26, 06:00 am",0,0.0786916
"Jan 26, 07:00 am",0,0.0786916
"Jan 26, 08:00 am",656.461,0.44585
"Jan 26, 09:00 am",971.711,0.472149
"Jan 26, 10:00 am",971.966,0.472149
"Jan 26, 11:00 am",971.331,0.472149
"Jan 26, 12:00 pm",971.339,0.472149
"Jan 26, 01:00 pm",971.402,0.472149
"Jan 26, 02:00 pm",971.405,0.472149
"Jan 26, 03:00 pm",971.401,0.472149
"Jan 26, 04:00 pm",971.667,0.472149
"Jan 26, 05:00 pm",971.319,0.472149
"Jan 26, 06:00 pm",836.361,0.406462
"Jan 26, 07:00 pm",5.60385,0.0786916
"Jan 26, 08:00 pm",0,0.0786916
"Jan 26, 09:00 pm",0,0.0786916
"Jan 26, 10:00 pm",0,0.0786916
"Jan 26, 11:00 pm",0,0.0786916
"Jan 27, 12:00 am",0,0.0786916
"Jan 27, 01:00 am",0,0.0786916
"Jan 27, 02:00 am",0,0.0786916
"Jan 27, 03:00 am",0,0.0786916
"Jan 27, 04:00 am",0,0.0786916
"Jan 27, 05:00 am",0,0.0786916
"Jan 27, 06:00 am",0,0.0786916
"Jan 27, 07:00 am",0,0.0786916
"Jan 27, 08:00 am",646.287,0.441352
"Jan 27, 09:00 am",971.62,0.472149
"Jan 27, 10:00 am",971.885,0.472149
"Jan 27, 11:00 am",971.331,0.472149
"Jan 27, 12:00 pm",971.338,0.472149
"Jan 27, 01:00 pm",971.397,0.472149
"Jan 27, 02:00 pm",971.4,0.472149
"Jan 27, 03:00 pm",971.395,0.472149
"Jan 27, 04:00 pm",971.654,0.472149
"Jan 27, 05:00 pm",971.329,0.472149
"Jan 27, 06:00 pm",825.21,0.401015
"Jan 27, 07:00 pm",5.61548,0.0786916
"Jan 27, 08:00 pm",0,0.0786916
"Jan 27, 09:00 pm",0,0.0786916
"Jan 27, 10:00 pm",0,0.0786916
"Jan 27, 11:00 pm",0,0.0786916
"Jan 28, 12:00 am",0,0.0786916
"Jan 28, 01:00 am",0,0.0786916
"Jan 28, 02:00 am",0,0.0786916
"Jan 28, 03:00 am",0,0.0786916
"Jan 28, 04:00 am",0,0.0786916
"Jan 28, 05:00 am",0,0.0786916
"Jan 28, 06:00 am",0,0.0786916
"Jan 28, 07:00 am",0,0.0786916
"Jan 28, 08:00 am",646.713,0.444032
"Jan 28, 09:00 am",972.365,0.472149
"Jan 28, 10:00 am",972.154,0.472149
"Jan 28, 11:00 am",971.344,0.472149
"Jan 28, 12:00 pm",971.339,0.472149
"Jan 28, 01:00 pm",95.8286,0.0786916
"Jan 28, 02:00 pm",70.6067,0.0786916
"Jan 28, 03:00 pm",15.8273,0.0786916
"Jan 28, 04:00 pm",970.98,0.472149
"Jan 28, 05:00 pm",7.18046,0.0786916
"Jan 28, 06:00 pm",670.256,0.383896
"Jan 28, 07:00 pm",5.51357,0.0786916
"Jan 28, 08:00 pm",0,0.0786916
"Jan 28, 09:00 pm",0,0.0786916
"Jan 28, 10:00 pm",0,0.0786916
"Jan 28, 11:00 pm",0,0.0786916
"Jan 29, 12:00 am",0,0.0786916
"Jan 29, 01:00 am",0,0.0786916
"Jan 29, 02:00 am",0,0.0786916
"Jan 29, 03:00 am",0,0.0786916
"Jan 29, 04:00 am",0,0.0786916
"Jan 29, 05:00 am",0,0.0786916
"Jan 29, 06:00 am",0,0.0786916
"Jan 29, 07:00 am",0,0.0786916
"Jan 29, 08:00 am",652.806,0.340991
"Jan 29, 09:00 am",972.38,0.472149
"Jan 29, 10:00 am",972.162,0.472149
"Jan 29, 11:00 am",971.357,0.472149
"Jan 29, 12:00 pm",971.342,0.472149
"Jan 29, 01:00 pm",971.408,0.472149
"Jan 29, 02:00 pm",971.412,0.472149
"Jan 29, 03:00 pm",971.409,0.472149
"Jan 29, 04:00 pm",971.737,0.472149
"Jan 29, 05:00 pm",971.317,0.472149
"Jan 29, 06:00 pm",811.903,0.394512
"Jan 29, 07:00 pm",5.58564,0.0786916
"Jan 29, 08:00 pm",0,0.0786916
"Jan 29, 09:00 pm",0,0.0786916
"Jan 29, 10:00 pm",0,0.0786916
"Jan 29, 11:00 pm",0,0.0786916
"Jan 30, 12:00 am",0,0.0786916
"Jan 30, 01:00 am",0,0.0786916
"Jan 30, 02:00 am",0,0.0786916
"Jan 30, 03:00 am",0,0.0786916
"Jan 30, 04:00 am",0,0.0786916
"Jan 30, 05:00 am",0,0.0786916
"Jan 30, 06:00 am",0,0.0786916
"Jan 30, 07:00 am",0,0.0786916
"Jan 30, 08:00 am",640.541,0.44113
"Jan 30, 09:00 am",971.157,0.472149
"Jan 30, 10:00 am",972.084,0.472149
"Jan 30, 11:00 am",971.376,0.472149
"Jan 30, 12:00 pm",971.36,0.472149
"Jan 30, 01:00 pm",971.424,0.472149
"Jan 30, 02:00 pm",971.423,0.472149
"Jan 30, 03:00 pm",971.34,0.472149
"Jan 30, 04:00 pm",971.698,0.472149
"Jan 30, 05:00 pm",971.331,0.472149
"Jan 30, 06:00 pm",799.223,0.388308
"Jan 30, 07:00 pm",5.63166,0.0786916
"Jan 30, 08:00 pm",0,0.0786916
"Jan 30, 09:00 pm",0,0.0786916
"Jan 30, 10:00 pm",0,0.0786916
"Jan 30, 11:00 pm",0,0.0786916
"Jan 31, 12:00 am",0,0.0786916
"Jan 31, 01:00 am",0,0.0786916
"Jan 31, 02:00 am",0,0.0786916
"Jan 31, 03:00 am",0,0.0786916
"Jan 31, 04:00 am",0,0.0786916
"Jan 31, 05:00 am",0,0.0786916
"Jan 31, 06:00 am",0,0.0786916
"Jan 31, 07:00 am",0,0.0786916
"Jan 31, 08:00 am",629.153,0.433728
"Jan 31, 09:00 am",971.575,0.472149
"Jan 31, 10:00 am",971.934,0.472149
"Jan 31, 11:00 am",971.342,0.472149
"Jan 31, 12:00 pm",971.349,0.472149
"Jan 31, 01:00 pm",971.405,0.472149
"Jan 31, 02:00 pm",971.403,0.472149
"Jan 31, 03:00 pm",971.329,0.472149
"Jan 31, 04:00 pm",971.664,0.472149
"Jan 31, 05:00 pm",971.338,0.472149
"Jan 31, 06:00 pm",781.587,0.379677
"Jan 31, 07:00 pm",5.66885,0.0786916
"Jan 31, 08:00 pm",0,0.0786916
"Jan 31, 09:00 pm",0,0.0786916
"Jan 31, 10:00 pm",0,0.0786916
"Jan 31, 11:00 pm",0,0.0786916
"Feb 1, 12:00 am",0,0.0786916
"Feb 1, 01:00 am",0,0.0786916
"Feb 1, 02:00 am",0,0.0786916
"Feb 1, 03:00 am",0,0.0786916
"Feb 1, 04:00 am",0,0.0786916
"Feb 1, 05:00 am",0,0.0786916
"Feb 1, 06:00 am",0,0.0786916
"Feb 1, 07:00 am",0,0.0786916
"Feb 1, 08:00 am",0,0.0786916
"Feb 1, 09:00 am",671.902,0.340991
"Feb 1, 10:00 am",971.936,0.472149
"Feb 1, 11:00 am",971.343,0.472149
"Feb 1, 12:00 pm",971.348,0.472149
"Feb 1, 01:00 pm",971.409,0.472149
"Feb 1, 02:00 pm",971.411,0.472149
"Feb 1, 03:00 pm",8.47382,0.0786916
"Feb 1, 04:00 pm",969.033,0.472149
"Feb 1, 05:00 pm",971.335,0.472149
"Feb 1, 06:00 pm",777.177,0.377508
"Feb 1, 07:00 pm",5.70648,0.0786916
"Feb 1, 08:00 pm",0,0.0786916
"Feb 1, 09:00 pm",0,0.0786916
"Feb 1, 10:00 pm",0,0.0786916
"Feb 1, 11:00 pm",0,0.0786916
"Feb 2, 12:00 am",0,0.0786916
"Feb 2, 01:00 am",0,0.0786916
"Feb 2, 02:00 am",0,0.0786916
"Feb 2, 03:00 am",0,0.0786916
"Feb 2, 04:00 am",0,0.0786916
"Feb 2, 05:00 am",0,0.0786916
"Feb 2, 06:00 am",0,0.0786916
"Feb 2, 07:00 am",0,0.0786916
"Feb 2, 08:00 am",659.041,0.340991
"Feb 2, 09:00 am",971.419,0.472149
"Feb 2, 10:00 am",972.074,0.472149
"Feb 2, 11:00 am",971.383,0.472149
"Feb 2, 12:00 pm",971.375,0.472149
"Feb 2, 01:00 pm",971.44,0.472149
"Feb 2, 02:00 pm",971.436,0.472149
"Feb 2, 03:00 pm",971.356,0.472149
"Feb 2, 04:00 pm",971.845,0.472149
"Feb 2, 05:00 pm",971.326,0.472149
"Feb 2, 06:00 pm",770.212,0.374084
"Feb 2, 07:00 pm",5.7127,0.0786916
"Feb 2, 08:00 pm",0,0.0786916
"Feb 2, 09:00 pm",0,0.0786916
"Feb 2, 10:00 pm",0,0.0786916
"Feb 2, 11:00 pm",0,0.0786916
"Feb 3, 12:00 am",0,0.0786916
"Feb 3, 01:00 am",0,0.0786916
"Feb 3, 02:00 am",0,0.0786916
"Feb 3, 03:00 am",0,0.0786916
"Feb 3, 04:00 am",0,0.0786916
"Feb 3, 05:00 am",0,0.0786916
"Feb 3, 06:00 am",0,0.0786916
"Feb 3, 07:00 am",0,0.0786916
"Feb 3, 08:00 am",940.437,0.454309
"Feb 3, 09:00 am",971.512,0.472149
"Feb 3, 10:00 am",972.075,0.472149
"Feb 3, 11:00 am",971.379,0.472149
"Feb 3, 12:00 pm",971.368,0.472149
"Feb 3, 01:00 pm",971.432,0.472149
"Feb 3, 02:00 pm",971.429,0.472149
"Feb 3, 03:00 pm",971.347,0.472149
"Feb 3, 04:00 pm",971.787,0.472149
"Feb 3, 05:00 pm",971.326,0.472149
"Feb 3, 06:00 pm",757.725,0.368353
"Feb 3, 07:00 pm",5.59731,0.0786916
"Feb 3, 08:00 pm",0,0.0786916
"Feb 3, 09:00 pm",0,0.0786916
"Feb 3, 10:00 pm",0,0.0786916
"Feb 3, 11:00 pm",0,0.0786916
"Feb 4, 12:00 am",0,0.0786916
"Feb 4, 01:00 am",0,0.0786916
"Feb 4, 02:00 am",0,0.0786916
"Feb 4, 03:00 am",0,0.0786916
"Feb 4, 04:00 am",0,0.0786916
"Feb 4, 05:00 am",0,0.0786916
"Feb 4, 06:00 am",0,0.0786916
"Feb 4, 07:00 am",0,0.0786916
"Feb 4, 08:00 am",939.798,0.454257
"Feb 4, 09:00 am",970.698,0.472149
"Feb 4, 10:00 am",972.095,0.472149
"Feb 4, 11:00 am",971.38,0.472149
"Feb 4, 12:00 pm",971.358,0.472149
"Feb 4, 01:00 pm",971.424,0.472149
"Feb 4, 02:00 pm",971.429,0.472149
"Feb 4, 03:00 pm",971.426,0.472149
"Feb 4, 04:00 pm",971.743,0.472149
"Feb 4, 05:00 pm",971.336,0.472149
"Feb 4, 06:00 pm",737.286,0.358401
"Feb 4, 07:00 pm",5.60575,0.0786916
"Feb 4, 08:00 pm",0,0.0786916
"Feb 4, 09:00 pm",0,0.0786916
"Feb 4, 10:00 pm",0,0.0786916
"Feb 4, 11:00 pm",0,0.0786916
"Feb 5, 12:00 am",0,0.0786916
"Feb 5, 01:00 am",0,0.0786916
"Feb 5, 02:00 am",0,0.0786916
"Feb 5, 03:00 am",0,0.0786916
"Feb 5, 04:00 am",0,0.0786916
"Feb 5, 05:00 am",0,0.0786916
"Feb 5, 06:00 am",0,0.0786916
"Feb 5, 07:00 am",0,0.0786916
"Feb 5, 08:00 am",932.504,0.451237
"Feb 5, 09:00 am",971.422,0.472149
"Feb 5, 10:00 am",972.043,0.472149
"Feb 5, 11:00 am",971.358,0.472149
"Feb 5, 12:00 pm",971.358,0.472149
"Feb 5, 01:00 pm",971.418,0.472149
"Feb 5, 02:00 pm",971.421,0.472149
"Feb 5, 03:00 pm",971.418,0.472149
"Feb 5, 04:00 pm",971.698,0.472149
"Feb 5, 05:00 pm",971.34,0.472149
"Feb 5, 06:00 pm",719.885,0.349928
"Feb 5, 07:00 pm",5.60113,0.0786916
"Feb 5, 08:00 pm",0,0.0786916
"Feb 5, 09:00 pm",0,0.0786916
"Feb 5, 10:00 pm",0,0.0786916
"Feb 5, 11:00 pm",0,0.0786916
"Feb 6, 12:00 am",0,0.0786916
"Feb 6, 01:00 am",0,0.0786916
"Feb 6, 02:00 am",0,0.0786916
"Feb 6, 03:00 am",0,0.0786916
"Feb 6, 04:00 am",0,0.0786916
"Feb 6, 05:00 am",0,0.0786916
"Feb 6, 06:00 am",0,0.0786916
"Feb 6, 07:00 am",0,0.0786916
"Feb 6, 08:00 am",899.065,0.437326
"Feb 6, 09:00 am",971.969,0.472149
"Feb 6, 10:00 am",971.968,0.472149
"Feb 6, 11:00 am",971.353,0.472149
"Feb 6, 12:00 pm",971.36,0.472149
"Feb 6, 01:00 pm",971.427,0.472149
"Feb 6, 02:00 pm",971.423,0.472149
"Feb 6, 03:00 pm",971.344,0.472149
"Feb 6, 04:00 pm",971.748,0.472149
"Feb 6, 05:00 pm",971.333,0.472149
"Feb 6, 06:00 pm",710.173,0.3452
"Feb 6, 07:00 pm",5.54999,0.0786916
"Feb 6, 08:00 pm",0,0.0786916
"Feb 6, 09:00 pm",0,0.0786916
"Feb 6, 10:00 pm",0,0.0786916
"Feb 6, 11:00 pm",0,0.0786916
"Feb 7, 12:00 am",0,0.0786916
"Feb 7, 01:00 am",0,0.0786916
"Feb 7, 02:00 am",0,0.0786916
"Feb 7, 03:00 am",0,0.0786916
"Feb 7, 04:00 am",0,0.0786916
"Feb 7, 05:00 am",0,0.0786916
"Feb 7, 06:00 am",0,0.0786916
"Feb 7, 07:00 am",0,0.0786916
"Feb 7, 08:00 am",888.771,0.432315
"Feb 7, 09:00 am",972.075,0.472149
"Feb 7, 10:00 am",971.952,0.472149
"Feb 7, 11:00 am",971.344,0.472149
"Feb 7, 12:00 pm",971.352,0.472149
"Feb 7, 01:00 pm",971.412,0.472149
"Feb 7, 02:00 pm",971.41,0.472149
"Feb 7, 03:00 pm",971.332,0.472149
"Feb 7, 04:00 pm",971.658,0.472149
"Feb 7, 05:00 pm",971.343,0.472149
"Feb 7, 06:00 pm",688.476,0.334632
"Feb 7, 07:00 pm",5.56539,0.0786916
"Feb 7, 08:00 pm",0,0.0786916
"Feb 7, 09:00 pm",0,0.0786916
"Feb 7, 10:00 pm",0,0.0786916
"Feb 7, 11:00 pm",0,0.0786916
"Feb 8, 12:00 am",0,0.0786916
"Feb 8, 01:00 am",0,0.0786916
"Feb 8, 02:00 am",0,0.0786916
"Feb 8, 03:00 am",0,0.0786916
"Feb 8, 04:00 am",0,0.0786916
"Feb 8, 05:00 am",0,0.0786916
"Feb 8, 06:00 am",0,0.0786916
"Feb 8, 07:00 am",0,0.0786916
"Feb 8, 08:00 am",893.885,0.434805
"Feb 8, 09:00 am",971.848,0.472149
"Feb 8, 10:00 am",971.995,0.472149
"Feb 8, 11:00 am",971.355,0.472149
"Feb 8, 12:00 pm",971.365,0.472149
"Feb 8, 01:00 pm",971.427,0.472149
"Feb 8, 02:00 pm",971.423,0.472149
"Feb 8, 03:00 pm",971.34,0.472149
"Feb 8, 04:00 pm",971.675,0.472149
"Feb 8, 05:00 pm",971.344,0.472149
"Feb 8, 06:00 pm",671.721,0.326469
"Feb 8, 07:00 pm",5.55292,0.0786916
"Feb 8, 08:00 pm",0,0.0786916
"Feb 8, 09:00 pm",0,0.0786916
"Feb 8, 10:00 pm",0,0.0786916
"Feb 8, 11:00 pm",0,0.0786916
"Feb 9, 12:00 am",0,0.0786916
"Feb 9, 01:00 am",0,0.0786916
"Feb 9, 02:00 am",0,0.0786916
"Feb 9, 03:00 am",0,0.0786916
"Feb 9, 04:00 am",0,0.0786916
"Feb 9, 05:00 am",0,0.0786916
"Feb 9, 06:00 am",0,0.0786916
"Feb 9, 07:00 am",0,0.0786916
"Feb 9, 08:00 am",730.142,0.413317
"Feb 9, 09:00 am",971.335,0.472149
"Feb 9, 10:00 am",971.774,0.472149
"Feb 9, 11:00 am",971.347,0.472149
"Feb 9, 12:00 pm",971.355,0.472149
"Feb 9, 01:00 pm",971.415,0.472149
"Feb 9, 02:00 pm",971.411,0.472149
"Feb 9, 03:00 pm",971.341,0.472149
"Feb 9, 04:00 pm",971.662,0.472149
"Feb 9, 05:00 pm",971.358,0.472149
"Feb 9, 06:00 pm",652.88,0.31728
"Feb 9, 07:00 pm",5.60652,0.0786916
"Feb 9, 08:00 pm",0,0.0786916
"Feb 9, 09:00 pm",0,0.0786916
"Feb 9, 10:00 pm",0,0.0786916
"Feb 9, 11:00 pm",0,0.0786916
"Feb 10, 12:00 am",0,0.0786916
"Feb 10, 01:00 am",0,0.0786916
"Feb 10, 02:00 am",0,0.0786916
"Feb 10, 03:00 am",0,0.0786916
"Feb 10, 04:00 am",0,0.0786916
"Feb 10, 05:00 am",0,0.0786916
"Feb 10, 06:00 am",0,0.0786916
"Feb 10, 07:00 am",0,0.0786916
"Feb 10, 08:00 am",710.408,0.403579
"Feb 10, 09:00 am",971.234,0.472149
"Feb 10, 10:00 am",971.673,0.472149
"Feb 10, 11:00 am",971.335,0.472149
"Feb 10, 12:00 pm",971.34,0.472149
"Feb 10, 01:00 pm",971.4,0.472149
"Feb 10, 02:00 pm",971.404,0.472149
"Feb 10, 03:00 pm",971.399,0.472149
"Feb 10, 04:00 pm",971.642,0.472149
"Feb 10, 05:00 pm",971.36,0.472149
"Feb 10, 06:00 pm",634.168,0.308165
"Feb 10, 07:00 pm",5.60236,0.0786916
"Feb 10, 08:00 pm",0,0.0786916
"Feb 10, 09:00 pm",0,0.0786916
"Feb 10, 10:00 pm",0,0.0786916
"Feb 10, 11:00 pm",0,0.0786916
"Feb 11, 12:00 am",0,0.0786916
"Feb 11, 01:00 am",0,0.0786916
"Feb 11, 02:00 am",0,0.0786916
"Feb 11, 03:00 am",0,0.0786916
"Feb 11, 04:00 am",0,0.0786916
"Feb 11, 05:00 am",0,0.0786916
"Feb 11, 06:00 am",0,0.0786916
"Feb 11, 07:00 am",0,0.0786916
"Feb 11, 08:00 am",692.58,0.393561
"Feb 11, 09:00 am",971.23,0.472149
"Feb 11, 10:00 am",971.591,0.472149
"Feb 11, 11:00 am",972.293,0.472149
"Feb 11, 12:00 pm",971.415,0.472149
"Feb 11, 01:00 pm",971.317,0.472149
"Feb 11, 02:00 pm",971.314,0.472149
"Feb 11, 03:00 pm",972.175,0.472149
"Feb 11, 04:00 pm",971.606,0.472149
"Feb 11, 05:00 pm",971.356,0.472149
"Feb 11, 06:00 pm",602.576,0.29279
"Feb 11, 07:00 pm",5.54168,0.0786916
"Feb 11, 08:00 pm",0,0.0786916
"Feb 11, 09:00 pm",0,0.0786916
"Feb 11, 10:00 pm",0,0.0786916
"Feb 11, 11:00 pm",0,0.0786916
"Feb 12, 12:00 am",0,0.0786916
"Feb 12, 01:00 am",0,0.0786916
"Feb 12, 02:00 am",0,0.0786916
"Feb 12, 03:00 am",0,0.0786916
"Feb 12, 04:00 am",0,0.0786916
"Feb 12, 05:00 am",0,0.0786916
"Feb 12, 06:00 am",0,0.0786916
"Feb 12, 07:00 am",0,0.0786916
"Feb 12, 08:00 am",662.983,0.377353
"Feb 12, 09:00 am",971.228,0.472149
"Feb 12, 10:00 am",971.5,0.472149
"Feb 12, 11:00 am",972.01,0.472149
"Feb 12, 12:00 pm",972.268,0.472149
"Feb 12, 01:00 pm",971.419,0.472149
"Feb 12, 02:00 pm",972.234,0.472149
"Feb 12, 03:00 pm",972.056,0.472149
"Feb 12, 04:00 pm",971.492,0.472149
"Feb 12, 05:00 pm",971.355,0.472149
"Feb 12, 06:00 pm",571.65,0.277729
"Feb 12, 07:00 pm",5.55802,0.0786916
"Feb 12, 08:00 pm",0,0.0786916
"Feb 12, 09:00 pm",0,0.0786916
"Feb 12, 10:00 pm",0,0.0786916
"Feb 12, 11:00 pm",0,0.0786916
"Feb 13, 12:00 am",0,0.0786916
"Feb 13, 01:00 am",0,0.0786916
"Feb 13, 02:00 am",0,0.0786916
"Feb 13, 03:00 am",0,0.0786916
"Feb 13, 04:00 am",0,0.0786916
"Feb 13, 05:00 am",0,0.0786916
"Feb 13, 06:00 am",0,0.0786916
"Feb 13, 07:00 am",0,0.0786916
"Feb 13, 08:00 am",672.126,0.382184
"Feb 13, 09:00 am",971.218,0.472149
"Feb 13, 10:00 am",971.542,0.472149
"Feb 13, 11:00 am",972.149,0.472149
"Feb 13, 12:00 pm",972.429,0.472149
"Feb 13, 01:00 pm",971.469,0.472149
"Feb 13, 02:00 pm",972.302,0.472149
"Feb 13, 03:00 pm",972.133,0.472149
"Feb 13, 04:00 pm",971.502,0.472149
"Feb 13, 05:00 pm",971.356,0.472149
"Feb 13, 06:00 pm",552.995,0.26864
"Feb 13, 07:00 pm",5.59601,0.0786916
"Feb 13, 08:00 pm",0,0.0786916
"Feb 13, 09:00 pm",0,0.0786916
"Feb 13, 10:00 pm",0,0.0786916
"Feb 13, 11:00 pm",0,0.0786916
"Feb 14, 12:00 am",0,0.0786916
"Feb 14, 01:00 am",0,0.0786916
"Feb 14, 02:00 am",0,0.0786916
"Feb 14, 03:00 am",0,0.0786916
"Feb 14, 04:00 am",0,0.0786916
"Feb 14, 05:00 am",0,0.0786916
"Feb 14, 06:00 am",0,0.0786916
"Feb 14, 07:00 am",0,0.0786916
"Feb 14, 08:00 am",662.718,0.377317
"Feb 14, 09:00 am",971.218,0.472149
"Feb 14, 10:00 am",971.548,0.472149
"Feb 14, 11:00 am",972.151,0.472149
"Feb 14, 12:00 pm",972.44,0.472149
"Feb 14, 01:00 pm",971.478,0.472149
"Feb 14, 02:00 pm",972.328,0.472149
"Feb 14, 03:00 pm",972.161,0.472149
"Feb 14, 04:00 pm",971.511,0.472149
"Feb 14, 05:00 pm",971.359,0.472149
"Feb 14, 06:00 pm",536.155,0.260677
"Feb 14, 07:00 pm",5.46368,0.0786916
"Feb 14, 08:00 pm",0,0.0786916
"Feb 14, 09:00 pm",0,0.0786916
"Feb 14, 10:00 pm",0,0.0786916
"Feb 14, 11:00 pm",0,0.0786916
"Feb 15, 12:00 am",0,0.0786916
"Feb 15, 01:00 am",0,0.0786916
"Feb 15, 02:00 am",0,0.0786916
"Feb 15, 03:00 am",0,0.0786916
"Feb 15, 04:00 am",0,0.0786916
"Feb 15, 05:00 am",0,0.0786916
"Feb 15, 06:00 am",0,0.0786916
"Feb 15, 07:00 am",0,0.0786916
"Feb 15, 08:00 am",646.355,0.367976
"Feb 15, 09:00 am",971.209,0.472149
"Feb 15, 10:00 am",971.479,0.472149
"Feb 15, 11:00 am",971.946,0.472149
"Feb 15, 12:00 pm",972.181,0.472149
"Feb 15, 01:00 pm",971.379,0.472149
"Feb 15, 02:00 pm",972.102,0.472149
"Feb 15, 03:00 pm",971.839,0.472149
"Feb 15, 04:00 pm",971.439,0.472149
"Feb 15, 05:00 pm",971.347,0.472149
"Feb 15, 06:00 pm",510.008,0.247955
"Feb 15, 07:00 pm",5.41315,0.0786916
"Feb 15, 08:00 pm",0,0.0786916
"Feb 15, 09:00 pm",0,0.0786916
"Feb 15, 10:00 pm",0,0.0786916
"Feb 15, 11:00 pm",0,0.0786916
"Feb 16, 12:00 am",0,0.0786916
"Feb 16, 01:00 am",0,0.0786916
"Feb 16, 02:00 am",0,0.0786916
"Feb 16, 03:00 am",0,0.0786916
"Feb 16, 04:00 am",0,0.0786916
"Feb 16, 05:00 am",0,0.0786916
"Feb 16, 06:00 am",0,0.0786916
"Feb 16, 07:00 am",0,0.0786916
"Feb 16, 08:00 am",624.846,0.355872
"Feb 16, 09:00 am",971.313,0.472149
"Feb 16, 10:00 am",971.425,0.472149
"Feb 16, 11:00 am",971.73,0.472149
"Feb 16, 12:00 pm",972.001,0.472149
"Feb 16, 01:00 pm",972.368,0.472149
"Feb 16, 02:00 pm",972.113,0.472149
"Feb 16, 03:00 pm",971.733,0.472149
"Feb 16, 04:00 pm",971.425,0.472149
"Feb 16, 05:00 pm",971.348,0.472149
"Feb 16, 06:00 pm",489.269,0.23786
"Feb 16, 07:00 pm",5.41673,0.0786916
"Feb 16, 08:00 pm",0,0.0786916
"Feb 16, 09:00 pm",0,0.0786916
"Feb 16, 10:00 pm",0,0.0786916
"Feb 16, 11:00 pm",0,0.0786916
"Feb 17, 12:00 am",0,0.0786916
"Feb 17, 01:00 am",0,0.0786916
"Feb 17, 02:00 am",0,0.0786916
"Feb 17, 03:00 am",0,0.0786916
"Feb 17, 04:00 am",0,0.0786916
"Feb 17, 05:00 am",0,0.0786916
"Feb 17, 06:00 am",0,0.0786916
"Feb 17, 07:00 am",0,0.0786916
"Feb 17, 08:00 am",636.758,0.362798
"Feb 17, 09:00 am",971.197,0.472149
"Feb 17, 10:00 am",971.498,0.472149
"Feb 17, 11:00 am",972.063,0.472149
"Feb 17, 12:00 pm",972.281,0.472149
"Feb 17, 01:00 pm",971.414,0.472149
"Feb 17, 02:00 pm",972.166,0.472149
"Feb 17, 03:00 pm",971.963,0.472149
"Feb 17, 04:00 pm",971.461,0.472149
"Feb 17, 05:00 pm",971.351,0.472149
"Feb 17, 06:00 pm",477.934,0.232346
"Feb 17, 07:00 pm",5.40678,0.0786916
"Feb 17, 08:00 pm",0,0.0786916
"Feb 17, 09:00 pm",0,0.0786916
"Feb 17, 10:00 pm",0,0.0786916
"Feb 17, 11:00 pm",0,0.0786916
"Feb 18, 12:00 am",0,0.0786916
"Feb 18, 01:00 am",0,0.0786916
"Feb 18, 02:00 am",0,0.0786916
"Feb 18, 03:00 am",0,0.0786916
"Feb 18, 04:00 am",0,0.0786916
"Feb 18, 05:00 am",0,0.0786916
"Feb 18, 06:00 am",0,0.0786916
"Feb 18, 07:00 am",0,0.0786916
"Feb 18, 08:00 am",636.228,0.362571
"Feb 18, 09:00 am",971.202,0.472149
"Feb 18, 10:00 am",971.502,0.472149
"Feb 18, 11:00 am",972.016,0.472149
"Feb 18, 12:00 pm",972.208,0.472149
"Feb 18, 01:00 pm",971.383,0.472149
"Feb 18, 02:00 pm",972.089,0.472149
"Feb 18, 03:00 pm",971.83,0.472149
"Feb 18, 04:00 pm",971.43,0.472149
"Feb 18, 05:00 pm",971.34,0.472149
"Feb 18, 06:00 pm",458.14,0.222728
"Feb 18, 07:00 pm",5.36029,0.0786916
"Feb 18, 08:00 pm",0,0.0786916
"Feb 18, 09:00 pm",0,0.0786916
"Feb 18, 10:00 pm",0,0.0786916
"Feb 18, 11:00 pm",0,0.0786916
"Feb 19, 12:00 am",0,0.0786916
"Feb 19, 01:00 am",0,0.0786916
"Feb 19, 02:00 am",0,0.0786916
"Feb 19, 03:00 am",0,0.0786916
"Feb 19, 04:00 am",0,0.0786916
"Feb 19, 05:00 am",0,0.0786916
"Feb 19, 06:00 am",0,0.0786916
"Feb 19, 07:00 am",0,0.0786916
"Feb 19, 08:00 am",516.709,0.354346
"Feb 19, 09:00 am",971.298,0.472149
"Feb 19, 10:00 am",971.497,0.472149
"Feb 19, 11:00 am",972.016,0.472149
"Feb 19, 12:00 pm",972.219,0.472149
"Feb 19, 01:00 pm",971.393,0.472149
"Feb 19, 02:00 pm",972.121,0.472149
"Feb 19, 03:00 pm",971.87,0.472149
"Feb 19, 04:00 pm",971.445,0.472149
"Feb 19, 05:00 pm",971.351,0.472149
"Feb 19, 06:00 pm",440.15,0.213978
"Feb 19, 07:00 pm",5.43939,0.0786916
"Feb 19, 08:00 pm",0,0.0786916
"Feb 19, 09:00 pm",0,0.0786916
"Feb 19, 10:00 pm",0,0.0786916
"Feb 19, 11:00 pm",0,0.0786916
"Feb 20, 12:00 am",0,0.0786916
"Feb 20, 01:00 am",0,0.0786916
"Feb 20, 02:00 am",0,0.0786916
"Feb 20, 03:00 am",0,0.0786916
"Feb 20, 04:00 am",0,0.0786916
"Feb 20, 05:00 am",0,0.0786916
"Feb 20, 06:00 am",0,0.0786916
"Feb 20, 07:00 am",0,0.0786916
"Feb 20, 08:00 am",494.589,0.343552
"Feb 20, 09:00 am",971.192,0.472149
"Feb 20, 10:00 am",971.457,0.472149
"Feb 20, 11:00 am",971.84,0.472149
"Feb 20, 12:00 pm",972.105,0.472149
"Feb 20, 01:00 pm",971.345,0.472149
"Feb 20, 02:00 pm",972.071,0.472149
"Feb 20, 03:00 pm",971.837,0.472149
"Feb 20, 04:00 pm",971.449,0.472149
"Feb 20, 05:00 pm",971.349,0.472149
"Feb 20, 06:00 pm",424.991,0.206613
"Feb 20, 07:00 pm",5.40182,0.0786916
"Feb 20, 08:00 pm",0,0.0786916
"Feb 20, 09:00 pm",0,0.0786916
"Feb 20, 10:00 pm",0,0.0786916
"Feb 20, 11:00 pm",0,0.0786916
"Feb 21, 12:00 am",0,0.0786916
"Feb 21, 01:00 am",0,0.0786916
"Feb 21, 02:00 am",0,0.0786916
"Feb 21, 03:00 am",0,0.0786916
"Feb 21, 04:00 am",0,0.0786916
"Feb 21, 05:00 am",0,0.0786916
"Feb 21, 06:00 am",0,0.0786916
"Feb 21, 07:00 am",0,0.0786916
"Feb 21, 08:00 am",501.68,0.348349
"Feb 21, 09:00 am",971.194,0.472149
"Feb 21, 10:00 am",971.52,0.472149
"Feb 21, 11:00 am",972.107,0.472149
"Feb 21, 12:00 pm",972.356,0.472149
"Feb 21, 01:00 pm",971.445,0.472149
"Feb 21, 02:00 pm",972.263,0.472149
"Feb 21, 03:00 pm",972.128,0.472149
"Feb 21, 04:00 pm",971.512,0.472149
"Feb 21, 05:00 pm",971.361,0.472149
"Feb 21, 06:00 pm",416.686,0.202575
"Feb 21, 07:00 pm",5.43328,0.0786916
"Feb 21, 08:00 pm",0,0.0786916
"Feb 21, 09:00 pm",0,0.0786916
"Feb 21, 10:00 pm",0,0.0786916
"Feb 21, 11:00 pm",0,0.0786916
"Feb 22, 12:00 am",0,0.0786916
"Feb 22, 01:00 am",0,0.0786916
"Feb 22, 02:00 am",0,0.0786916
"Feb 22, 03:00 am",0,0.0786916
"Feb 22, 04:00 am",0,0.0786916
"Feb 22, 05:00 am",0,0.0786916
"Feb 22, 06:00 am",0,0.0786916
"Feb 22, 07:00 am",0,0.0786916
"Feb 22, 08:00 am",505.7,0.350928
"Feb 22, 09:00 am",971.202,0.472149
"Feb 22, 10:00 am",971.529,0.472149
"Feb 22, 11:00 am",972.077,0.472149
"Feb 22, 12:00 pm",972.274,0.472149
"Feb 22, 01:00 pm",971.409,0.472149
"Feb 22, 02:00 pm",972.148,0.472149
"Feb 22, 03:00 pm",971.89,0.472149
"Feb 22, 04:00 pm",971.448,0.472149
"Feb 22, 05:00 pm",971.35,0.472149
"Feb 22, 06:00 pm",392.436,0.190791
"Feb 22, 07:00 pm",5.4355,0.0786916
"Feb 22, 08:00 pm",0,0.0786916
"Feb 22, 09:00 pm",0,0.0786916
"Feb 22, 10:00 pm",0,0.0786916
"Feb 22, 11:00 pm",0,0.0786916
"Feb 23, 12:00 am",0,0.0786916
"Feb 23, 01:00 am",0,0.0786916
"Feb 23, 02:00 am",0,0.0786916
"Feb 23, 03:00 am",0,0.0786916
"Feb 23, 04:00 am",0,0.0786916
"Feb 23, 05:00 am",0,0.0786916
"Feb 23, 06:00 am",0,0.0786916
"Feb 23, 07:00 am",0,0.0786916
"Feb 23, 08:00 am",481.851,0.334748
"Feb 23, 09:00 am",6.83384,0.0786916
"Feb 23, 10:00 am",0,0.0786916
"Feb 23, 11:00 am",0,0.0786916
"Feb 23, 12:00 pm",0,0.0786916
"Feb 23, 01:00 pm",0,0.0786916
"Feb 23, 02:00 pm",11.6892,0.0786916
"Feb 23, 03:00 pm",7.09964,0.0786916
"Feb 23, 04:00 pm",0,0.0786916
"Feb 23, 05:00 pm",0,0.0786916
"Feb 23, 06:00 pm",0,0.0786916
"Feb 23, 07:00 pm",0,0.0786916
"Feb 23, 08:00 pm",0,0.0786916
"Feb 23, 09:00 pm",0,0.0786916
"Feb 23, 10:00 pm",0,0.0786916
"Feb 23, 11:00 pm",0,0.0786916
"Feb 24, 12:00 am",0,0.0786916
"Feb 24, 01:00 am",0,0.0786916
"Feb 24, 02:00 am",0,0.0786916
"Feb 24, 03:00 am",0,0.0786916
"Feb 24, 04:00 am",0,0.0786916
"Feb 24, 05:00 am",0,0.0786916
"Feb 24, 06:00 am",0,0.0786916
"Feb 24, 07:00 am",0,0.0786916
"Feb 24, 08:00 am",462.999,0.32289
"Feb 24, 09:00 am",971.179,0.472149
"Feb 24, 10:00 am",971.383,0.472149
"Feb 24, 11:00 am",971.646,0.472149
"Feb 24, 12:00 pm",10.1276,0.0786916
"Feb 24, 01:00 pm",9.1729,0.0786916
"Feb 24, 02:00 pm",8.30739,0.0786916
"Feb 24, 03:00 pm",6.44598,0.0786916
"Feb 24, 04:00 pm",0,0.0786916
"Feb 24, 05:00 pm",0,0.0786916
"Feb 24, 06:00 pm",0,0.0786916
"Feb 24, 07:00 pm",0,0.0786916
"Feb 24, 08:00 pm",0,0.0786916
"Feb 24, 09:00 pm",0,0.0786916
"Feb 24, 10:00 pm",0,0.0786916
"Feb 24, 11:00 pm",0,0.0786916
"Feb 25, 12:00 am",0,0.0786916
"Feb 25, 01:00 am",0,0.0786916
"Feb 25, 02:00 am",0,0.0786916
"Feb 25, 03:00 am",0,0.0786916
"Feb 25, 04:00 am",0,0.0786916
"Feb 25, 05:00 am",0,0.0786916
"Feb 25, 06:00 am",0,0.0786916
"Feb 25, 07:00 am",0,0.0786916
"Feb 25, 08:00 am",0,0.0786916
"Feb 25, 09:00 am",0,0.0786916
"Feb 25, 10:00 am",0,0.0786916
"Feb 25, 11:00 am",0,0.0786916
"Feb 25, 12:00 pm",0,0.0786916
"Feb 25, 01:00 pm",0,0.0786916
"Feb 25, 02:00 pm",0,0.0786916
"Feb 25, 03:00 pm",809.443,0.472149
"Feb 25, 04:00 pm",970.028,0.472149
"Feb 25, 05:00 pm",971.287,0.472149
"Feb 25, 06:00 pm",324.986,0.15803
"Feb 25, 07:00 pm",5.3814,0.0786916
"Feb 25, 08:00 pm",0,0.0786916
"Feb 25, 09:00 pm",0,0.0786916
"Feb 25, 10:00 pm",0,0.0786916
"Feb 25, 11:00 pm",0,0.0786916
"Feb 26, 12:00 am",0,0.0786916
"Feb 26, 01:00 am",0,0.0786916
"Feb 26, 02:00 am",0,0.0786916
"Feb 26, 03:00 am",0,0.0786916
"Feb 26, 04:00 am",0,0.0786916
"Feb 26, 05:00 am",0,0.0786916
"Feb 26, 06:00 am",0,0.0786916
"Feb 26, 07:00 am",0,0.0786916
"Feb 26, 08:00 am",398.148,0.229951
"Feb 26, 09:00 am",971.345,0.472149
"Feb 26, 10:00 am",971.422,0.472149
"Feb 26, 11:00 am",971.725,0.472149
"Feb 26, 12:00 pm",971.969,0.472149
"Feb 26, 01:00 pm",972.241,0.472149
"Feb 26, 02:00 pm",972.027,0.472149
"Feb 26, 03:00 pm",971.713,0.472149
"Feb 26, 04:00 pm",971.422,0.472149
"Feb 26, 05:00 pm",971.333,0.472149
"Feb 26, 06:00 pm",314.915,0.153136
"Feb 26, 07:00 pm",5.45307,0.0786916
"Feb 26, 08:00 pm",0,0.0786916
"Feb 26, 09:00 pm",0,0.0786916
"Feb 26, 10:00 pm",0,0.0786916
"Feb 26, 11:00 pm",0,0.0786916
"Feb 27, 12:00 am",0,0.0786916
"Feb 27, 01:00 am",0,0.0786916
"Feb 27, 02:00 am",0,0.0786916
"Feb 27, 03:00 am",0,0.0786916
"Feb 27, 04:00 am",0,0.0786916
"Feb 27, 05:00 am",0,0.0786916
"Feb 27, 06:00 am",0,0.0786916
"Feb 27, 07:00 am",0,0.0786916
"Feb 27, 08:00 am",406.149,0.233429
"Feb 27, 09:00 am",971.31,0.472149
"Feb 27, 10:00 am",971.45,0.472149
"Feb 27, 11:00 am",971.745,0.472149
"Feb 27, 12:00 pm",971.935,0.472149
"Feb 27, 01:00 pm",972.156,0.472149
"Feb 27, 02:00 pm",971.851,0.472149
"Feb 27, 03:00 pm",971.638,0.472149
"Feb 27, 04:00 pm",7.5996,0.0786916
"Feb 27, 05:00 pm",0,0.0786916
"Feb 27, 06:00 pm",0,0.0786916
"Feb 27, 07:00 pm",0,0.0786916
"Feb 27, 08:00 pm",0,0.0786916
"Feb 27, 09:00 pm",0,0.0786916
"Feb 27, 10:00 pm",0,0.0786916
"Feb 27, 11:00 pm",0,0.0786916
"Feb 28, 12:00 am",0,0.0786916
"Feb 28, 01:00 am",0,0.0786916
"Feb 28, 02:00 am",0,0.0786916
"Feb 28, 03:00 am",0,0.0786916
"Feb 28, 04:00 am",0,0.0786916
"Feb 28, 05:00 am",0,0.0786916
"Feb 28, 06:00 am",0,0.0786916
"Feb 28, 07:00 am",0,0.0786916
"Feb 28, 08:00 am",0,0.0786916
"Feb 28, 09:00 am",663.702,0.340991
"Feb 28, 10:00 am",971.525,0.472149
"Feb 28, 11:00 am",971.606,0.472149
"Feb 28, 12:00 pm",971.717,0.472149
"Feb 28, 01:00 pm",30.9915,0.0786916
"Feb 28, 02:00 pm",7.07917,0.0786916
"Feb 28, 03:00 pm",0,0.0786916
"Feb 28, 04:00 pm",833.568,0.472149
"Feb 28, 05:00 pm",972.244,0.472149
"Feb 28, 06:00 pm",270.895,0.131796
"Feb 28, 07:00 pm",5.25912,0.0786916
"Feb 28, 08:00 pm",0,0.0786916
"Feb 28, 09:00 pm",0,0.0786916
"Feb 28, 10:00 pm",0,0.0786916
"Feb 28, 11:00 pm",0,0.0786916
"Mar 1, 12:00 am",0,0.0786916
"Mar 1, 01:00 am",0,0.0786916
"Mar 1, 02:00 am",0,0.0786916
"Mar 1, 03:00 am",0,0.0786916
"Mar 1, 04:00 am",0,0.0786916
"Mar 1, 05:00 am",0,0.0786916
"Mar 1, 06:00 am",0,0.0786916
"Mar 1, 07:00 am",0,0.0786916
"Mar 1, 08:00 am",366.675,0.215302
"Mar 1, 09:00 am",971.188,0.472149
"Mar 1, 10:00 am",971.361,0.472149
"Mar 1, 11:00 am",971.628,0.472149
"Mar 1, 12:00 pm",971.786,0.472149
"Mar 1, 01:00 pm",972.094,0.472149
"Mar 1, 02:00 pm",971.867,0.472149
"Mar 1, 03:00 pm",971.675,0.472149
"Mar 1, 04:00 pm",971.394,0.472149
"Mar 1, 05:00 pm",972.303,0.472149
"Mar 1, 06:00 pm",258.486,0.12574
"Mar 1, 07:00 pm",5.38673,0.0786916
"Mar 1, 08:00 pm",0,0.0786916
"Mar 1, 09:00 pm",0,0.0786916
"Mar 1, 10:00 pm",0,0.0786916
"Mar 1, 11:00 pm",0,0.0786916
"Mar 2, 12:00 am",0,0.0786916
"Mar 2, 01:00 am",0,0.0786916
"Mar 2, 02:00 am",0,0.0786916
"Mar 2, 03:00 am",0,0.0786916
"Mar 2, 04:00 am",0,0.0786916
"Mar 2, 05:00 am",0,0.0786916
"Mar 2, 06:00 am",0,0.0786916
"Mar 2, 07:00 am",0,0.0786916
"Mar 2, 08:00 am",359.448,0.211974
"Mar 2, 09:00 am",971.14,0.472149
"Mar 2, 10:00 am",971.343,0.472149
"Mar 2, 11:00 am",971.579,0.472149
"Mar 2, 12:00 pm",971.661,0.472149
"Mar 2, 01:00 pm",971.85,0.472149
"Mar 2, 02:00 pm",971.664,0.472149
"Mar 2, 03:00 pm",971.577,0.472149
"Mar 2, 04:00 pm",970.438,0.472149
"Mar 2, 05:00 pm",971.901,0.472149
"Mar 2, 06:00 pm",237.653,0.115646
"Mar 2, 07:00 pm",5.3898,0.0786916
"Mar 2, 08:00 pm",0,0.0786916
"Mar 2, 09:00 pm",0,0.0786916
"Mar 2, 10:00 pm",0,0.0786916
"Mar 2, 11:00 pm",0,0.0786916
"Mar 3, 12:00 am",0,0.0786916
"Mar 3, 01:00 am",0,0.0786916
"Mar 3, 02:00 am",0,0.0786916
"Mar 3, 03:00 am",0,0.0786916
"Mar 3, 04:00 am",0,0.0786916
"Mar 3, 05:00 am",0,0.0786916
"Mar 3, 06:00 am",0,0.0786916
"Mar 3, 07:00 am",0,0.0786916
"Mar 3, 08:00 am",342.305,0.20415
"Mar 3, 09:00 am",971.108,0.472149
"Mar 3, 10:00 am",970.182,0.472149
"Mar 3, 11:00 am",971.535,0.472149
"Mar 3, 12:00 pm",971.618,0.472149
"Mar 3, 01:00 pm",971.722,0.472149
"Mar 3, 02:00 pm",971.624,0.472149
"Mar 3, 03:00 pm",971.619,0.472149
"Mar 3, 04:00 pm",970.682,0.472149
"Mar 3, 05:00 pm",971.821,0.472149
"Mar 3, 06:00 pm",218.881,0.106556
"Mar 3, 07:00 pm",5.33105,0.0786916
"Mar 3, 08:00 pm",0,0.0786916
"Mar 3, 09:00 pm",0,0.0786916
"Mar 3, 10:00 pm",0,0.0786916
"Mar 3, 11:00 pm",0,0.0786916
"Mar 4, 12:00 am",0,0.0786916
"Mar 4, 01:00 am",0,0.0786916
"Mar 4, 02:00 am",0,0.0786916
"Mar 4, 03:00 am",0,0.0786916
"Mar 4, 04:00 am",0,0.0786916
"Mar 4, 05:00 am",0,0.0786916
"Mar 4, 06:00 am",0,0.0786916
"Mar 4, 07:00 am",0,0.0786916
"Mar 4, 08:00 am",0,0.0786916
"Mar 4, 09:00 am",662.79,0.340991
"Mar 4, 10:00 am",970.25,0.472149
"Mar 4, 11:00 am",971.525,0.472149
"Mar 4, 12:00 pm",971.603,0.472149
"Mar 4, 01:00 pm",971.687,0.472149
"Mar 4, 02:00 pm",7.74993,0.0786916
"Mar 4, 03:00 pm",838.935,0.472149
"Mar 4, 04:00 pm",7.4493,0.0786916
"Mar 4, 05:00 pm",815.346,0.468379
"Mar 4, 06:00 pm",200.91,0.0978118
"Mar 4, 07:00 pm",5.30932,0.0786916
"Mar 4, 08:00 pm",0,0.0786916
"Mar 4, 09:00 pm",0,0.0786916
"Mar 4, 10:00 pm",0,0.0786916
"Mar 4, 11:00 pm",0,0.0786916
"Mar 5, 12:00 am",0,0.0786916
"Mar 5, 01:00 am",0,0.0786916
"Mar 5, 02:00 am",0,0.0786916
"Mar 5, 03:00 am",0,0.0786916
"Mar 5, 04:00 am",0,0.0786916
"Mar 5, 05:00 am",0,0.0786916
"Mar 5, 06:00 am",0,0.0786916
"Mar 5, 07:00 am",0,0.0786916
"Mar 5, 08:00 am",0,0.0786916
"Mar 5, 09:00 am",0,0.0786916
"Mar 5, 10:00 am",673.105,0.340991
"Mar 5, 11:00 am",971.44,0.472149
"Mar 5, 12:00 pm",7.5399,0.0786916
"Mar 5, 01:00 pm",839.687,0.472149
"Mar 5, 02:00 pm",971.584,0.472149
"Mar 5, 03:00 pm",971.5,0.472149
"Mar 5, 04:00 pm",971.495,0.472149
"Mar 5, 05:00 pm",971.487,0.472149
"Mar 5, 06:00 pm",179.961,0.0876879
"Mar 5, 07:00 pm",5.16756,0.0786916
"Mar 5, 08:00 pm",0,0.0786916
"Mar 5, 09:00 pm",0,0.0786916
"Mar 5, 10:00 pm",0,0.0786916
"Mar 5, 11:00 pm",0,0.0786916
"Mar 6, 12:00 am",0,0.0786916
"Mar 6, 01:00 am",0,0.0786916
"Mar 6, 02:00 am",0,0.0786916
"Mar 6, 03:00 am",0,0.0786916
"Mar 6, 04:00 am",0,0.0786916
"Mar 6, 05:00 am",0,0.0786916
"Mar 6, 06:00 am",0,0.0786916
"Mar 6, 07:00 am",0,0.0786916
"Mar 6, 08:00 am",0,0.0786916
"Mar 6, 09:00 am",0,0.0786916
"Mar 6, 10:00 am",0,0.0786916
"Mar 6, 11:00 am",810.75,0.406568
"Mar 6, 12:00 pm",971.527,0.472149
"Mar 6, 01:00 pm",971.54,0.472149
"Mar 6, 02:00 pm",971.542,0.472149
"Mar 6, 03:00 pm",971.441,0.472149
"Mar 6, 04:00 pm",971.436,0.472149
"Mar 6, 05:00 pm",971.429,0.472149
"Mar 6, 06:00 pm",163.902,0.0798931
"Mar 6, 07:00 pm",5.13391,0.0786916
"Mar 6, 08:00 pm",0,0.0786916
"Mar 6, 09:00 pm",0,0.0786916
"Mar 6, 10:00 pm",0,0.0786916
"Mar 6, 11:00 pm",0,0.0786916
"Mar 7, 12:00 am",0,0.0786916
"Mar 7, 01:00 am",0,0.0786916
"Mar 7, 02:00 am",0,0.0786916
"Mar 7, 03:00 am",0,0.0786916
"Mar 7, 04:00 am",0,0.0786916
"Mar 7, 05:00 am",0,0.0786916
"Mar 7, 06:00 am",0,0.0786916
"Mar 7, 07:00 am",0,0.0786916
"Mar 7, 08:00 am",311.888,0.190011
"Mar 7, 09:00 am",972.247,0.472149
"Mar 7, 10:00 am",970.581,0.472149
"Mar 7, 11:00 am",971.464,0.472149
"Mar 7, 12:00 pm",971.527,0.472149
"Mar 7, 01:00 pm",971.614,0.472149
"Mar 7, 02:00 pm",971.618,0.472149
"Mar 7, 03:00 pm",971.475,0.472149
"Mar 7, 04:00 pm",970.489,0.472149
"Mar 7, 05:00 pm",971.514,0.472149
"Mar 7, 06:00 pm",152.389,0.0786916
"Mar 7, 07:00 pm",5.08944,0.0786916
"Mar 7, 08:00 pm",0,0.0786916
"Mar 7, 09:00 pm",0,0.0786916
"Mar 7, 10:00 pm",0,0.0786916
"Mar 7, 11:00 pm",0,0.0786916
"Mar 8, 12:00 am",0,0.0786916
"Mar 8, 01:00 am",0,0.0786916
"Mar 8, 02:00 am",0,0.0786916
"Mar 8, 03:00 am",0,0.0786916
"Mar 8, 04:00 am",0,0.0786916
"Mar 8, 05:00 am",0,0.0786916
"Mar 8, 06:00 am",0,0.0786916
"Mar 8, 07:00 am",0,0.0786916
"Mar 8, 08:00 am",299.148,0.184015
"Mar 8, 09:00 am",972.033,0.472149
"Mar 8, 10:00 am",970.797,0.472149
"Mar 8, 11:00 am",971.438,0.472149
"Mar 8, 12:00 pm",971.45,0.472149
"Mar 8, 01:00 pm",971.58,0.472149
"Mar 8, 02:00 pm",971.584,0.472149
"Mar 8, 03:00 pm",971.447,0.472149
"Mar 8, 04:00 pm",971.838,0.472149
"Mar 8, 05:00 pm",971.433,0.472149
"Mar 8, 06:00 pm",136.718,0.0786916
"Mar 8, 07:00 pm",5.08547,0.0786916
"Mar 8, 08:00 pm",0,0.0786916
"Mar 8, 09:00 pm",0,0.0786916
"Mar 8, 10:00 pm",0,0.0786916
"Mar 8, 11:00 pm",0,0.0786916
"Mar 9, 12:00 am",0,0.0786916
"Mar 9, 01:00 am",0,0.0786916
"Mar 9, 02:00 am",0,0.0786916
"Mar 9, 03:00 am",0,0.0786916
"Mar 9, 04:00 am",0,0.0786916
"Mar 9, 05:00 am",0,0.0786916
"Mar 9, 06:00 am",0,0.0786916
"Mar 9, 07:00 am",0,0.0786916
"Mar 9, 08:00 am",0,0.0786916
"Mar 9, 09:00 am",661.196,0.340991
"Mar 9, 10:00 am",970.658,0.472149
"Mar 9, 11:00 am",971.458,0.472149
"Mar 9, 12:00 pm",971.47,0.472149
"Mar 9, 01:00 pm",971.599,0.472149
"Mar 9, 02:00 pm",971.603,0.472149
"Mar 9, 03:00 pm",971.457,0.472149
"Mar 9, 04:00 pm",971.775,0.472149
"Mar 9, 05:00 pm",971.424,0.472149
"Mar 9, 06:00 pm",122.975,0.0786916
"Mar 9, 07:00 pm",5.10144,0.0786916
"Mar 9, 08:00 pm",0,0.0786916
"Mar 9, 09:00 pm",0,0.0786916
"Mar 9, 10:00 pm",0,0.0786916
"Mar 9, 11:00 pm",0,0.0786916
"Mar 10, 12:00 am",0,0.0786916
"Mar 10, 01:00 am",0,0.0786916
"Mar 10, 02:00 am",0,0.0786916
"Mar 10, 03:00 am",0,0.0786916
"Mar 10, 04:00 am",0,0.0786916
"Mar 10, 05:00 am",0,0.0786916
"Mar 10, 06:00 am",0,0.0786916
"Mar 10, 07:00 am",0,0.0786916
"Mar 10, 08:00 am",297.169,0.183091
"Mar 10, 09:00 am",972.012,0.472149
"Mar 10, 10:00 am",970.741,0.472149
"Mar 10, 11:00 am",971.429,0.472149
"Mar 10, 12:00 pm",971.441,0.472149
"Mar 10, 01:00 pm",971.543,0.472149
"Mar 10, 02:00 pm",971.541,0.472149
"Mar 10, 03:00 pm",971.399,0.472149
"Mar 10, 04:00 pm",972.37,0.472149
"Mar 10, 05:00 pm",971.441,0.472149
"Mar 10, 06:00 pm",106.447,0.0786916
"Mar 10, 07:00 pm",5.06613,0.0786916
"Mar 10, 08:00 pm",0,0.0786916
"Mar 10, 09:00 pm",0,0.0786916
"Mar 10, 10:00 pm",0,0.0786916
"Mar 10, 11:00 pm",0,0.0786916
"Mar 11, 12:00 am",0,0.0786916
"Mar 11, 01:00 am",0,0.0786916
"Mar 11, 02:00 am",0,0.0786916
"Mar 11, 03:00 am",0,0.0786916
"Mar 11, 04:00 am",0,0.0786916
"Mar 11, 05:00 am",0,0.0786916
"Mar 11, 06:00 am",0,0.0786916
"Mar 11, 07:00 am",0,0.0786916
"Mar 11, 08:00 am",0,0.0786916
"Mar 11, 09:00 am",0,0.0786916
"Mar 11, 10:00 am",0,0.0786916
"Mar 11, 11:00 am",811.481,0.406568
"Mar 11, 12:00 pm",971.622,0.472149
"Mar 11, 01:00 pm",971.498,0.472149
"Mar 11, 02:00 pm",971.497,0.472149
"Mar 11, 03:00 pm",7.87594,0.0786916
"Mar 11, 04:00 pm",0,0.0786916
"Mar 11, 05:00 pm",0,0.0786916
"Mar 11, 06:00 pm",0,0.0786916
"Mar 11, 07:00 pm",0,0.0786916
"Mar 11, 08:00 pm",0,0.0786916
"Mar 11, 09:00 pm",0,0.0786916
"Mar 11, 10:00 pm",0,0.0786916
"Mar 11, 11:00 pm",0,0.0786916
"Mar 12, 12:00 am",0,0.0786916
"Mar 12, 01:00 am",0,0.0786916
"Mar 12, 02:00 am",0,0.0786916
"Mar 12, 03:00 am",0,0.0786916
"Mar 12, 04:00 am",0,0.0786916
"Mar 12, 05:00 am",0,0.0786916
"Mar 12, 06:00 am",0,0.0786916
"Mar 12, 07:00 am",0,0.0786916
"Mar 12, 08:00 am",0,0.0786916
"Mar 12, 09:00 am",0,0.0786916
"Mar 12, 10:00 am",0,0.0786916
"Mar 12, 11:00 am",675.273,0.340991
"Mar 12, 12:00 pm",971.452,0.472149
"Mar 12, 01:00 pm",971.552,0.472149
"Mar 12, 02:00 pm",971.55,0.472149
"Mar 12, 03:00 pm",971.429,0.472149
"Mar 12, 04:00 pm",971.913,0.472149
"Mar 12, 05:00 pm",971.361,0.472149
"Mar 12, 06:00 pm",82.0353,0.0786916
"Mar 12, 07:00 pm",4.97385,0.0786916
"Mar 12, 08:00 pm",0,0.0786916
"Mar 12, 09:00 pm",0,0.0786916
"Mar 12, 10:00 pm",0,0.0786916
"Mar 12, 11:00 pm",0,0.0786916
"Mar 13, 12:00 am",0,0.0786916
"Mar 13, 01:00 am",0,0.0786916
"Mar 13, 02:00 am",0,0.0786916
"Mar 13, 03:00 am",0,0.0786916
"Mar 13, 04:00 am",0,0.0786916
"Mar 13, 05:00 am",0,0.0786916
"Mar 13, 06:00 am",0,0.0786916
"Mar 13, 07:00 am",0,0.0786916
"Mar 13, 08:00 am",305.068,0.187246
"Mar 13, 09:00 am",971.197,0.472149
"Mar 13, 10:00 am",971.37,0.472149
"Mar 13, 11:00 am",971.601,0.472149
"Mar 13, 12:00 pm",971.61,0.472149
"Mar 13, 01:00 pm",971.752,0.472149
"Mar 13, 02:00 pm",971.614,0.472149
"Mar 13, 03:00 pm",971.518,0.472149
"Mar 13, 04:00 pm",971.047,0.472149
"Mar 13, 05:00 pm",971.369,0.472149
"Mar 13, 06:00 pm",73.3525,0.0786916
"Mar 13, 07:00 pm",5.00182,0.0786916
"Mar 13, 08:00 pm",0,0.0786916
"Mar 13, 09:00 pm",0,0.0786916
"Mar 13, 10:00 pm",0,0.0786916
"Mar 13, 11:00 pm",0,0.0786916
"Mar 14, 12:00 am",0,0.0786916
"Mar 14, 01:00 am",0,0.0786916
"Mar 14, 02:00 am",0,0.0786916
"Mar 14, 03:00 am",0,0.0786916
"Mar 14, 04:00 am",0,0.0786916
"Mar 14, 05:00 am",0,0.0786916
"Mar 14, 06:00 am",0,0.0786916
"Mar 14, 07:00 am",0,0.0786916
"Mar 14, 08:00 am",0,0.0786916
"Mar 14, 09:00 am",0,0.0786916
"Mar 14, 10:00 am",0,0.0786916
"Mar 14, 11:00 am",0,0.0786916
"Mar 14, 12:00 pm",0,0.0786916
"Mar 14, 01:00 pm",0,0.0786916
"Mar 14, 02:00 pm",0,0.0786916
"Mar 14, 03:00 pm",0,0.0786916
"Mar 14, 04:00 pm",0,0.0786916
"Mar 14, 05:00 pm",0,0.0786916
"Mar 14, 06:00 pm",0,0.0786916
"Mar 14, 07:00 pm",0,0.0786916
"Mar 14, 08:00 pm",0,0.0786916
"Mar 14, 09:00 pm",0,0.0786916
"Mar 14, 10:00 pm",0,0.0786916
"Mar 14, 11:00 pm",0,0.0786916
"Mar 15, 12:00 am",0,0.0786916
"Mar 15, 01:00 am",0,0.0786916
"Mar 15, 02:00 am",0,0.0786916
"Mar 15, 03:00 am",0,0.0786916
"Mar 15, 04:00 am",0,0.0786916
"Mar 15, 05:00 am",0,0.0786916
"Mar 15, 06:00 am",0,0.0786916
"Mar 15, 07:00 am",0,0.0786916
"Mar 15, 08:00 am",0,0.0786916
"Mar 15, 09:00 am",0,0.0786916
"Mar 15, 10:00 am",0,0.0786916
"Mar 15, 11:00 am",0,0.0786916
"Mar 15, 12:00 pm",0,0.0786916
"Mar 15, 01:00 pm",0,0.0786916
"Mar 15, 02:00 pm",0,0.0786916
"Mar 15, 03:00 pm",0,0.0786916
"Mar 15, 04:00 pm",0,0.0786916
"Mar 15, 05:00 pm",0,0.0786916
"Mar 15, 06:00 pm",0,0.0786916
"Mar 15, 07:00 pm",0,0.0786916
"Mar 15, 08:00 pm",0,0.0786916
"Mar 15, 09:00 pm",0,0.0786916
"Mar 15, 10:00 pm",0,0.0786916
"Mar 15, 11:00 pm",0,0.0786916
"Mar 16, 12:00 am",0,0.0786916
"Mar 16, 01:00 am",0,0.0786916
"Mar 16, 02:00 am",0,0.0786916
"Mar 16, 03:00 am",0,0.0786916
"Mar 16, 04:00 am",0,0.0786916
"Mar 16, 05:00 am",0,0.0786916
"Mar 16, 06:00 am",0,0.0786916
"Mar 16, 07:00 am",0,0.0786916
"Mar 16, 08:00 am",0,0.131297
"Mar 16, 09:00 am",974.282,0.472149
"Mar 16, 10:00 am",971.113,0.472149
"Mar 16, 11:00 am",971.376,0.472149
"Mar 16, 12:00 pm",971.384,0.472149
"Mar 16, 01:00 pm",971.448,0.472149
"Mar 16, 02:00 pm",971.446,0.472149
"Mar 16, 03:00 pm",970.184,0.472149
"Mar 16, 04:00 pm",971.311,0.472149
"Mar 16, 05:00 pm",960.394,0.466755
"Mar 16, 06:00 pm",34.4584,0.0786916
"Mar 16, 07:00 pm",4.94965,0.0786916
"Mar 16, 08:00 pm",0,0.0786916
"Mar 16, 09:00 pm",0,0.0786916
"Mar 16, 10:00 pm",0,0.0786916
"Mar 16, 11:00 pm",0,0.0786916
"Mar 17, 12:00 am",0,0.0786916
"Mar 17, 01:00 am",0,0.0786916
"Mar 17, 02:00 am",0,0.0786916
"Mar 17, 03:00 am",0,0.0786916
"Mar 17, 04:00 am",0,0.0786916
"Mar 17, 05:00 am",0,0.0786916
"Mar 17, 06:00 am",0,0.0786916
"Mar 17, 07:00 am",0,0.0786916
"Mar 17, 08:00 am",182.17,0.167409
"Mar 17, 09:00 am",971.553,0.472149
"Mar 17, 10:00 am",970.845,0.472149
"Mar 17, 11:00 am",971.421,0.472149
"Mar 17, 12:00 pm",971.429,0.472149
"Mar 17, 01:00 pm",971.509,0.472149
"Mar 17, 02:00 pm",971.514,0.472149
"Mar 17, 03:00 pm",971.392,0.472149
"Mar 17, 04:00 pm",971.317,0.472149
"Mar 17, 05:00 pm",971.308,0.472149
"Mar 17, 06:00 pm",26.9861,0.0786916
"Mar 17, 07:00 pm",5.03887,0.0786916
"Mar 17, 08:00 pm",0,0.0786916
"Mar 17, 09:00 pm",0,0.0786916
"Mar 17, 10:00 pm",0,0.0786916
"Mar 17, 11:00 pm",0,0.0786916
"Mar 18, 12:00 am",0,0.0786916
"Mar 18, 01:00 am",0,0.0786916
"Mar 18, 02:00 am",0,0.0786916
"Mar 18, 03:00 am",0,0.0786916
"Mar 18, 04:00 am",0,0.0786916
"Mar 18, 05:00 am",0,0.0786916
"Mar 18, 06:00 am",0,0.0786916
"Mar 18, 07:00 am",0,0.0786916
"Mar 18, 08:00 am",186.766,0.170452
"Mar 18, 09:00 am",971.718,0.472149
"Mar 18, 10:00 am",970.569,0.472149
"Mar 18, 11:00 am",971.466,0.472149
"Mar 18, 12:00 pm",971.477,0.472149
"Mar 18, 01:00 pm",971.541,0.472149
"Mar 18, 02:00 pm",971.538,0.472149
"Mar 18, 03:00 pm",971.403,0.472149
"Mar 18, 04:00 pm",971.336,0.472149
"Mar 18, 05:00 pm",959.835,0.466469
"Mar 18, 06:00 pm",18.7679,0.0786916
"Mar 18, 07:00 pm",5.05427,0.0786916
"Mar 18, 08:00 pm",0,0.0786916
"Mar 18, 09:00 pm",0,0.0786916
"Mar 18, 10:00 pm",0,0.0786916
"Mar 18, 11:00 pm",0,0.0786916
"Mar 19, 12:00 am",0,0.0786916
"Mar 19, 01:00 am",0,0.0786916
"Mar 19, 02:00 am",0,0.0786916
"Mar 19, 03:00 am",0,0.0786916
"Mar 19, 04:00 am",0,0.0786916
"Mar 19, 05:00 am",0,0.0786916
"Mar 19, 06:00 am",0,0.0786916
"Mar 19, 07:00 am",0,0.0786916
"Mar 19, 08:00 am",82.964,0.130177
"Mar 19, 09:00 am",971.348,0.472149
"Mar 19, 10:00 am",971.962,0.472149
"Mar 19, 11:00 am",971.358,0.472149
"Mar 19, 12:00 pm",971.368,0.472149
"Mar 19, 01:00 pm",971.426,0.472149
"Mar 19, 02:00 pm",971.423,0.472149
"Mar 19, 03:00 pm",970.373,0.472149
"Mar 19, 04:00 pm",971.325,0.472149
"Mar 19, 05:00 pm",928.486,0.451362
"Mar 19, 06:00 pm",10.1405,0.0786916
"Mar 19, 07:00 pm",4.96241,0.0786916
"Mar 19, 08:00 pm",0,0.0786916
"Mar 19, 09:00 pm",0,0.0786916
"Mar 19, 10:00 pm",0,0.0786916
"Mar 19, 11:00 pm",0,0.0786916
"Mar 20, 12:00 am",0,0.0786916
"Mar 20, 01:00 am",0,0.0786916
"Mar 20, 02:00 am",0,0.0786916
"Mar 20, 03:00 am",0,0.0786916
"Mar 20, 04:00 am",0,0.0786916
"Mar 20, 05:00 am",0,0.0786916
"Mar 20, 06:00 am",0,0.0786916
"Mar 20, 07:00 am",0,0.0786916
"Mar 20, 08:00 am",80.3984,0.128683
"Mar 20, 09:00 am",971.285,0.472149
"Mar 20, 10:00 am",972.11,0.472149
"Mar 20, 11:00 am",970.16,0.472149
"Mar 20, 12:00 pm",970.126,0.472149
"Mar 20, 01:00 pm",971.39,0.472149
"Mar 20, 02:00 pm",970.066,0.472149
"Mar 20, 03:00 pm",970.658,0.472149
"Mar 20, 04:00 pm",971.337,0.472149
"Mar 20, 05:00 pm",907.068,0.44142
"Mar 20, 06:00 pm",8.70975,0.0786916
"Mar 20, 07:00 pm",3.75687,0.0786916
"Mar 20, 08:00 pm",0,0.0786916
"Mar 20, 09:00 pm",0,0.0786916
"Mar 20, 10:00 pm",0,0.0786916
"Mar 20, 11:00 pm",0,0.0786916
"Mar 21, 12:00 am",0,0.0786916
"Mar 21, 01:00 am",0,0.0786916
"Mar 21, 02:00 am",0,0.0786916
"Mar 21, 03:00 am",0,0.0786916
"Mar 21, 04:00 am",0,0.0786916
"Mar 21, 05:00 am",0,0.0786916
"Mar 21, 06:00 am",0,0.0786916
"Mar 21, 07:00 am",0,0.0786916
"Mar 21, 08:00 am",0,0.126589
"Mar 21, 09:00 am",975.276,0.472149
"Mar 21, 10:00 am",972.064,0.472149
"Mar 21, 11:00 am",970.067,0.472149
"Mar 21, 12:00 pm",970.054,0.472149
"Mar 21, 01:00 pm",971.396,0.472149
"Mar 21, 02:00 pm",971.393,0.472149
"Mar 21, 03:00 pm",970.609,0.472149
"Mar 21, 04:00 pm",971.33,0.472149
"Mar 21, 05:00 pm",904.342,0.440178
"Mar 21, 06:00 pm",7.73875,0.0786916
"Mar 21, 07:00 pm",0,0.0786916
"Mar 21, 08:00 pm",0,0.0786916
"Mar 21, 09:00 pm",0,0.0786916
"Mar 21, 10:00 pm",0,0.0786916
"Mar 21, 11:00 pm",0,0.0786916
"Mar 22, 12:00 am",0,0.0786916
"Mar 22, 01:00 am",0,0.0786916
"Mar 22, 02:00 am",0,0.0786916
"Mar 22, 03:00 am",0,0.0786916
"Mar 22, 04:00 am",0,0.0786916
"Mar 22, 05:00 am",0,0.0786916
"Mar 22, 06:00 am",0,0.0786916
"Mar 22, 07:00 am",0,0.0786916
"Mar 22, 08:00 am",0,0.126246
"Mar 22, 09:00 am",971.193,0.472149
"Mar 22, 10:00 am",972.103,0.472149
"Mar 22, 11:00 am",970.116,0.472149
"Mar 22, 12:00 pm",970.14,0.472149
"Mar 22, 01:00 pm",971.37,0.472149
"Mar 22, 02:00 pm",970.257,0.472149
"Mar 22, 03:00 pm",970.888,0.472149
"Mar 22, 04:00 pm",971.331,0.472149
"Mar 22, 05:00 pm",874.415,0.425028
"Mar 22, 06:00 pm",6.85361,0.0786916
"Mar 22, 07:00 pm",0,0.0786916
"Mar 22, 08:00 pm",0,0.0786916
"Mar 22, 09:00 pm",0,0.0786916
"Mar 22, 10:00 pm",0,0.0786916
"Mar 22, 11:00 pm",0,0.0786916
"Mar 23, 12:00 am",0,0.0786916
"Mar 23, 01:00 am",0,0.0786916
"Mar 23, 02:00 am",0,0.0786916
"Mar 23, 03:00 am",0,0.0786916
"Mar 23, 04:00 am",0,0.0786916
"Mar 23, 05:00 am",0,0.0786916
"Mar 23, 06:00 am",0,0.0786916
"Mar 23, 07:00 am",0,0.0786916
"Mar 23, 08:00 am",0,0.124265
"Mar 23, 09:00 am",971.087,0.472149
"Mar 23, 10:00 am",972.231,0.472149
"Mar 23, 11:00 am",970.14,0.472149
"Mar 23, 12:00 pm",970.053,0.472149
"Mar 23, 01:00 pm",971.37,0.472149
"Mar 23, 02:00 pm",970.091,0.472149
"Mar 23, 03:00 pm",970.71,0.472149
"Mar 23, 04:00 pm",971.326,0.472149
"Mar 23, 05:00 pm",881.109,0.428292
"Mar 23, 06:00 pm",6.14149,0.0786916
"Mar 23, 07:00 pm",0,0.0786916
"Mar 23, 08:00 pm",0,0.0786916
"Mar 23, 09:00 pm",0,0.0786916
"Mar 23, 10:00 pm",0,0.0786916
"Mar 23, 11:00 pm",0,0.0786916
"Mar 24, 12:00 am",0,0.0786916
"Mar 24, 01:00 am",0,0.0786916
"Mar 24, 02:00 am",0,0.0786916
"Mar 24, 03:00 am",0,0.0786916
"Mar 24, 04:00 am",0,0.0786916
"Mar 24, 05:00 am",0,0.0786916
"Mar 24, 06:00 am",0,0.0786916
"Mar 24, 07:00 am",0,0.0786916
"Mar 24, 08:00 am",0,0.12421
"Mar 24, 09:00 am",971.078,0.472149
"Mar 24, 10:00 am",971.283,0.472149
"Mar 24, 11:00 am",970.429,0.472149
"Mar 24, 12:00 pm",970.481,0.472149
"Mar 24, 01:00 pm",970.051,0.472149
"Mar 24, 02:00 pm",970.492,0.472149
"Mar 24, 03:00 pm",971.044,0.472149
"Mar 24, 04:00 pm",971.334,0.472149
"Mar 24, 05:00 pm",855.475,0.415793
"Mar 24, 06:00 pm",5.59056,0.0786916
"Mar 24, 07:00 pm",0,0.0786916
"Mar 24, 08:00 pm",0,0.0786916
"Mar 24, 09:00 pm",0,0.0786916
"Mar 24, 10:00 pm",0,0.0786916
"Mar 24, 11:00 pm",0,0.0786916
"Mar 25, 12:00 am",0,0.0786916
"Mar 25, 01:00 am",0,0.0786916
"Mar 25, 02:00 am",0,0.0786916
"Mar 25, 03:00 am",0,0.0786916
"Mar 25, 04:00 am",0,0.0786916
"Mar 25, 05:00 am",0,0.0786916
"Mar 25, 06:00 am",0,0.0786916
"Mar 25, 07:00 am",0,0.0786916
"Mar 25, 08:00 am",0,0.123288
"Mar 25, 09:00 am",970.997,0.472149
"Mar 25, 10:00 am",971.271,0.472149
"Mar 25, 11:00 am",970.423,0.472149
"Mar 25, 12:00 pm",970.504,0.472149
"Mar 25, 01:00 pm",970.059,0.472149
"Mar 25, 02:00 pm",970.488,0.472149
"Mar 25, 03:00 pm",972.364,0.472149
"Mar 25, 04:00 pm",7.01293,0.0786916
"Mar 25, 05:00 pm",0,0.0786916
"Mar 25, 06:00 pm",0,0.0786916
"Mar 25, 07:00 pm",0,0.0786916
"Mar 25, 08:00 pm",0,0.0786916
"Mar 25, 09:00 pm",0,0.0786916
"Mar 25, 10:00 pm",0,0.0786916
"Mar 25, 11:00 pm",0,0.0786916
"Mar 26, 12:00 am",0,0.0786916
"Mar 26, 01:00 am",0,0.0786916
"Mar 26, 02:00 am",0,0.0786916
"Mar 26, 03:00 am",0,0.0786916
"Mar 26, 04:00 am",0,0.0786916
"Mar 26, 05:00 am",0,0.0786916
"Mar 26, 06:00 am",0,0.0786916
"Mar 26, 07:00 am",0,0.0786916
"Mar 26, 08:00 am",0,0.123803
"Mar 26, 09:00 am",971.022,0.472149
"Mar 26, 10:00 am",972.335,0.472149
"Mar 26, 11:00 am",970.417,0.472149
"Mar 26, 12:00 pm",970.378,0.472149
"Mar 26, 01:00 pm",971.342,0.472149
"Mar 26, 02:00 pm",970.279,0.472149
"Mar 26, 03:00 pm",970.835,0.472149
"Mar 26, 04:00 pm",971.32,0.472149
"Mar 26, 05:00 pm",812.409,0.394766
"Mar 26, 06:00 pm",5.46328,0.0786916
"Mar 26, 07:00 pm",0,0.0786916
"Mar 26, 08:00 pm",0,0.0786916
"Mar 26, 09:00 pm",0,0.0786916
"Mar 26, 10:00 pm",0,0.0786916
"Mar 26, 11:00 pm",0,0.0786916
"Mar 27, 12:00 am",0,0.0786916
"Mar 27, 01:00 am",0,0.0786916
"Mar 27, 02:00 am",0,0.0786916
"Mar 27, 03:00 am",0,0.0786916
"Mar 27, 04:00 am",0,0.0786916
"Mar 27, 05:00 am",0,0.0786916
"Mar 27, 06:00 am",0,0.0786916
"Mar 27, 07:00 am",0,0.0786916
"Mar 27, 08:00 am",0,0.121964
"Mar 27, 09:00 am",970.929,0.472149
"Mar 27, 10:00 am",971.281,0.472149
"Mar 27, 11:00 am",970.609,0.472149
"Mar 27, 12:00 pm",970.67,0.472149
"Mar 27, 01:00 pm",8.08001,0.0786916
"Mar 27, 02:00 pm",0,0.0786916
"Mar 27, 03:00 pm",0,0.0786916
"Mar 27, 04:00 pm",0,0.0786916
"Mar 27, 05:00 pm",0,0.0786916
"Mar 27, 06:00 pm",0,0.0786916
"Mar 27, 07:00 pm",0,0.0786916
"Mar 27, 08:00 pm",0,0.0786916
"Mar 27, 09:00 pm",0,0.0786916
"Mar 27, 10:00 pm",0,0.0786916
"Mar 27, 11:00 pm",0,0.0786916
"Mar 28, 12:00 am",0,0.0786916
"Mar 28, 01:00 am",0,0.0786916
"Mar 28, 02:00 am",0,0.0786916
"Mar 28, 03:00 am",0,0.0786916
"Mar 28, 04:00 am",0,0.0786916
"Mar 28, 05:00 am",0,0.0786916
"Mar 28, 06:00 am",0,0.0786916
"Mar 28, 07:00 am",0,0.0786916
"Mar 28, 08:00 am",0,0.120193
"Mar 28, 09:00 am",814.712,0.463565
"Mar 28, 10:00 am",971.295,0.472149
"Mar 28, 11:00 am",970.834,0.472149
"Mar 28, 12:00 pm",970.844,0.472149
"Mar 28, 01:00 pm",970.452,0.472149
"Mar 28, 02:00 pm",970.777,0.472149
"Mar 28, 03:00 pm",971.439,0.472149
"Mar 28, 04:00 pm",971.351,0.472149
"Mar 28, 05:00 pm",735.029,0.357305
"Mar 28, 06:00 pm",5.52083,0.0786916
"Mar 28, 07:00 pm",0,0.0786916
"Mar 28, 08:00 pm",0,0.0786916
"Mar 28, 09:00 pm",0,0.0786916
"Mar 28, 10:00 pm",0,0.0786916
"Mar 28, 11:00 pm",0,0.0786916
"Mar 29, 12:00 am",0,0.0786916
"Mar 29, 01:00 am",0,0.0786916
"Mar 29, 02:00 am",0,0.0786916
"Mar 29, 03:00 am",0,0.0786916
"Mar 29, 04:00 am",0,0.0786916
"Mar 29, 05:00 am",0,0.0786916
"Mar 29, 06:00 am",0,0.0786916
"Mar 29, 07:00 am",0,0.0786916
"Mar 29, 08:00 am",0,0.119609
"Mar 29, 09:00 am",821.334,0.463372
"Mar 29, 10:00 am",971.298,0.472149
"Mar 29, 11:00 am",970.835,0.472149
"Mar 29, 12:00 pm",970.845,0.472149
"Mar 29, 01:00 pm",970.461,0.472149
"Mar 29, 02:00 pm",970.788,0.472149
"Mar 29, 03:00 pm",970.051,0.472149
"Mar 29, 04:00 pm",971.346,0.472149
"Mar 29, 05:00 pm",710.245,0.345234
"Mar 29, 06:00 pm",5.56593,0.0786916
"Mar 29, 07:00 pm",0,0.0786916
"Mar 29, 08:00 pm",0,0.0786916
"Mar 29, 09:00 pm",0,0.0786916
"Mar 29, 10:00 pm",0,0.0786916
"Mar 29, 11:00 pm",0,0.0786916
"Mar 30, 12:00 am",0,0.0786916
"Mar 30, 01:00 am",0,0.0786916
"Mar 30, 02:00 am",0,0.0786916
"Mar 30, 03:00 am",0,0.0786916
"Mar 30, 04:00 am",0,0.0786916
"Mar 30, 05:00 am",0,0.0786916
"Mar 30, 06:00 am",0,0.0786916
"Mar 30, 07:00 am",0,0.0786916
"Mar 30, 08:00 am",0,0.120427
"Mar 30, 09:00 am",821.686,0.464307
"Mar 30, 10:00 am",971.307,0.472149
"Mar 30, 11:00 am",970.602,0.472149
"Mar 30, 12:00 pm",970.721,0.472149
"Mar 30, 01:00 pm",970.408,0.472149
"Mar 30, 02:00 pm",970.829,0.472149
"Mar 30, 03:00 pm",971.572,0.472149
"Mar 30, 04:00 pm",971.354,0.472149
"Mar 30, 05:00 pm",673.973,0.327569
"Mar 30, 06:00 pm",5.49517,0.0786916
"Mar 30, 07:00 pm",0,0.0786916
"Mar 30, 08:00 pm",0,0.0786916
"Mar 30, 09:00 pm",0,0.0786916
"Mar 30, 10:00 pm",0,0.0786916
"Mar 30, 11:00 pm",0,0.0786916
"Mar 31, 12:00 am",0,0.0786916
"Mar 31, 01:00 am",0,0.0786916
"Mar 31, 02:00 am",0,0.0786916
"Mar 31, 03:00 am",0,0.0786916
"Mar 31, 04:00 am",0,0.0786916
"Mar 31, 05:00 am",0,0.0786916
"Mar 31, 06:00 am",0,0.0786916
"Mar 31, 07:00 am",0,0.0786916
"Mar 31, 08:00 am",0,0.116985
"Mar 31, 09:00 am",809.386,0.461574
"Mar 31, 10:00 am",971.324,0.472149
"Mar 31, 11:00 am",971.532,0.472149
"Mar 31, 12:00 pm",971.542,0.472149
"Mar 31, 01:00 pm",971.048,0.472149
"Mar 31, 02:00 pm",971.653,0.472149
"Mar 31, 03:00 pm",972.381,0.472149
"Mar 31, 04:00 pm",971.443,0.472149
"Mar 31, 05:00 pm",624.96,0.303691
"Mar 31, 06:00 pm",5.47207,0.0786916
"Mar 31, 07:00 pm",0,0.0786916
"Mar 31, 08:00 pm",0,0.0786916
"Mar 31, 09:00 pm",0,0.0786916
"Mar 31, 10:00 pm",0,0.0786916
"Mar 31, 11:00 pm",0,0.0786916
"Apr 1, 12:00 am",0,0.0786916
"Apr 1, 01:00 am",0,0.0786916
"Apr 1, 02:00 am",0,0.0786916
"Apr 1, 03:00 am",0,0.0786916
"Apr 1, 04:00 am",0,0.0786916
"Apr 1, 05:00 am",0,0.0786916
"Apr 1, 06:00 am",0,0.0786916
"Apr 1, 07:00 am",0,0.0786916
"Apr 1, 08:00 am",0,0.0786916
"Apr 1, 09:00 am",0,0.0786916
"Apr 1, 10:00 am",0,0.0786916
"Apr 1, 11:00 am",0,0.0786916
"Apr 1, 12:00 pm",669.717,0.340991
"Apr 1, 01:00 pm",972.131,0.472149
"Apr 1, 02:00 pm",971.325,0.472149
"Apr 1, 03:00 pm",971.284,0.472149
"Apr 1, 04:00 pm",971.276,0.472149
"Apr 1, 05:00 pm",578.967,0.281307
"Apr 1, 06:00 pm",5.33157,0.0786916
"Apr 1, 07:00 pm",0,0.0786916
"Apr 1, 08:00 pm",0,0.0786916
"Apr 1, 09:00 pm",0,0.0786916
"Apr 1, 10:00 pm",0,0.0786916
"Apr 1, 11:00 pm",0,0.0786916
"Apr 2, 12:00 am",0,0.0786916
"Apr 2, 01:00 am",0,0.0786916
"Apr 2, 02:00 am",0,0.0786916
"Apr 2, 03:00 am",0,0.0786916
"Apr 2, 04:00 am",0,0.0786916
"Apr 2, 05:00 am",0,0.0786916
"Apr 2, 06:00 am",0,0.0786916
"Apr 2, 07:00 am",0,0.0786916
"Apr 2, 08:00 am",0,0.0962327
"Apr 2, 09:00 am",808.616,0.459607
"Apr 2, 10:00 am",971.3,0.472149
"Apr 2, 11:00 am",972.176,0.472149
"Apr 2, 12:00 pm",972.249,0.472149
"Apr 2, 01:00 pm",971.943,0.472149
"Apr 2, 02:00 pm",971.29,0.472149
"Apr 2, 03:00 pm",971.285,0.472149
"Apr 2, 04:00 pm",971.28,0.472149
"Apr 2, 05:00 pm",559.844,0.271992
"Apr 2, 06:00 pm",5.35463,0.0786916
"Apr 2, 07:00 pm",0,0.0786916
"Apr 2, 08:00 pm",0,0.0786916
"Apr 2, 09:00 pm",0,0.0786916
"Apr 2, 10:00 pm",0,0.0786916
"Apr 2, 11:00 pm",0,0.0786916
"Apr 3, 12:00 am",0,0.0786916
"Apr 3, 01:00 am",0,0.0786916
"Apr 3, 02:00 am",0,0.0786916
"Apr 3, 03:00 am",0,0.0786916
"Apr 3, 04:00 am",0,0.0786916
"Apr 3, 05:00 am",0,0.0786916
"Apr 3, 06:00 am",0,0.0786916
"Apr 3, 07:00 am",0,0.0786916
"Apr 3, 08:00 am",0,0.0786916
"Apr 3, 09:00 am",786.284,0.44655
"Apr 3, 10:00 am",6.93713,0.0786916
"Apr 3, 11:00 am",0,0.0786916
"Apr 3, 12:00 pm",0,0.0786916
"Apr 3, 01:00 pm",0,0.0786916
"Apr 3, 02:00 pm",0,0.0786916
"Apr 3, 03:00 pm",0,0.0786916
"Apr 3, 04:00 pm",0,0.0786916
"Apr 3, 05:00 pm",0,0.0786916
"Apr 3, 06:00 pm",0,0.0786916
"Apr 3, 07:00 pm",0,0.0786916
"Apr 3, 08:00 pm",0,0.0786916
"Apr 3, 09:00 pm",0,0.0786916
"Apr 3, 10:00 pm",0,0.0786916
"Apr 3, 11:00 pm",0,0.0786916
"Apr 4, 12:00 am",0,0.0786916
"Apr 4, 01:00 am",0,0.0786916
"Apr 4, 02:00 am",0,0.0786916
"Apr 4, 03:00 am",0,0.0786916
"Apr 4, 04:00 am",0,0.0786916
"Apr 4, 05:00 am",0,0.0786916
"Apr 4, 06:00 am",0,0.0786916
"Apr 4, 07:00 am",0,0.0786916
"Apr 4, 08:00 am",0,0.0786916
"Apr 4, 09:00 am",624.806,0.431045
"Apr 4, 10:00 am",971.277,0.472149
"Apr 4, 11:00 am",971.312,0.472149
"Apr 4, 12:00 pm",971.32,0.472149
"Apr 4, 01:00 pm",971.324,0.472149
"Apr 4, 02:00 pm",971.327,0.472149
"Apr 4, 03:00 pm",971.323,0.472149
"Apr 4, 04:00 pm",971.932,0.472149
"Apr 4, 05:00 pm",490.35,0.2384
"Apr 4, 06:00 pm",5.19838,0.0786916
"Apr 4, 07:00 pm",0,0.0786916
"Apr 4, 08:00 pm",0,0.0786916
"Apr 4, 09:00 pm",0,0.0786916
"Apr 4, 10:00 pm",0,0.0786916
"Apr 4, 11:00 pm",0,0.0786916
"Apr 5, 12:00 am",0,0.0786916
"Apr 5, 01:00 am",0,0.0786916
"Apr 5, 02:00 am",0,0.0786916
"Apr 5, 03:00 am",0,0.0786916
"Apr 5, 04:00 am",0,0.0786916
"Apr 5, 05:00 am",0,0.0786916
"Apr 5, 06:00 am",0,0.0786916
"Apr 5, 07:00 am",0,0.0786916
"Apr 5, 08:00 am",0,0.0786916
"Apr 5, 09:00 am",0,0.0786916
"Apr 5, 10:00 am",0,0.0786916
"Apr 5, 11:00 am",667.926,0.340991
"Apr 5, 12:00 pm",7.76919,0.0786916
"Apr 5, 01:00 pm",831.937,0.472149
"Apr 5, 02:00 pm",7.16966,0.0786916
"Apr 5, 03:00 pm",0,0.0786916
"Apr 5, 04:00 pm",809.384,0.470607
"Apr 5, 05:00 pm",466.568,0.226836
"Apr 5, 06:00 pm",5.16003,0.0786916
"Apr 5, 07:00 pm",0,0.0786916
"Apr 5, 08:00 pm",0,0.0786916
"Apr 5, 09:00 pm",0,0.0786916
"Apr 5, 10:00 pm",0,0.0786916
"Apr 5, 11:00 pm",0,0.0786916
"Apr 6, 12:00 am",0,0.0786916
"Apr 6, 01:00 am",0,0.0786916
"Apr 6, 02:00 am",0,0.0786916
"Apr 6, 03:00 am",0,0.0786916
"Apr 6, 04:00 am",0,0.0786916
"Apr 6, 05:00 am",0,0.0786916
"Apr 6, 06:00 am",0,0.0786916
"Apr 6, 07:00 am",0,0.0786916
"Apr 6, 08:00 am",0,0.0786916
"Apr 6, 09:00 am",0,0.0786916
"Apr 6, 10:00 am",0,0.0786916
"Apr 6, 11:00 am",668.195,0.340991
"Apr 6, 12:00 pm",971.308,0.472149
"Apr 6, 01:00 pm",971.312,0.472149
"Apr 6, 02:00 pm",971.316,0.472149
"Apr 6, 03:00 pm",971.312,0.472149
"Apr 6, 04:00 pm",971.909,0.472149
"Apr 6, 05:00 pm",452.047,0.21977
"Apr 6, 06:00 pm",5.27299,0.0786916
"Apr 6, 07:00 pm",0,0.0786916
"Apr 6, 08:00 pm",0,0.0786916
"Apr 6, 09:00 pm",0,0.0786916
"Apr 6, 10:00 pm",0,0.0786916
"Apr 6, 11:00 pm",0,0.0786916
"Apr 7, 12:00 am",0,0.0786916
"Apr 7, 01:00 am",0,0.0786916
"Apr 7, 02:00 am",0,0.0786916
"Apr 7, 03:00 am",0,0.0786916
"Apr 7, 04:00 am",0,0.0786916
"Apr 7, 05:00 am",0,0.0786916
"Apr 7, 06:00 am",0,0.0786916
"Apr 7, 07:00 am",0,0.0786916
"Apr 7, 08:00 am",0,0.0786916
"Apr 7, 09:00 am",619.949,0.42655
"Apr 7, 10:00 am",971.286,0.472149
"Apr 7, 11:00 am",971.335,0.472149
"Apr 7, 12:00 pm",971.346,0.472149
"Apr 7, 01:00 pm",971.354,0.472149
"Apr 7, 02:00 pm",971.359,0.472149
"Apr 7, 03:00 pm",971.354,0.472149
"Apr 7, 04:00 pm",971.939,0.472149
"Apr 7, 05:00 pm",436.027,0.211978
"Apr 7, 06:00 pm",5.36889,0.0786916
"Apr 7, 07:00 pm",0,0.0786916
"Apr 7, 08:00 pm",0,0.0786916
"Apr 7, 09:00 pm",0,0.0786916
"Apr 7, 10:00 pm",0,0.0786916
"Apr 7, 11:00 pm",0,0.0786916
"Apr 8, 12:00 am",0,0.0786916
"Apr 8, 01:00 am",0,0.0786916
"Apr 8, 02:00 am",0,0.0786916
"Apr 8, 03:00 am",0,0.0786916
"Apr 8, 04:00 am",0,0.0786916
"Apr 8, 05:00 am",0,0.0786916
"Apr 8, 06:00 am",0,0.0786916
"Apr 8, 07:00 am",0,0.0786916
"Apr 8, 08:00 am",0,0.0786916
"Apr 8, 09:00 am",614.156,0.423686
"Apr 8, 10:00 am",971.286,0.472149
"Apr 8, 11:00 am",971.336,0.472149
"Apr 8, 12:00 pm",971.348,0.472149
"Apr 8, 01:00 pm",971.355,0.472149
"Apr 8, 02:00 pm",971.36,0.472149
"Apr 8, 03:00 pm",971.355,0.472149
"Apr 8, 04:00 pm",971.785,0.472149
"Apr 8, 05:00 pm",404.032,0.196428
"Apr 8, 06:00 pm",5.38034,0.0786916
"Apr 8, 07:00 pm",0,0.0786916
"Apr 8, 08:00 pm",0,0.0786916
"Apr 8, 09:00 pm",0,0.0786916
"Apr 8, 10:00 pm",0,0.0786916
"Apr 8, 11:00 pm",0,0.0786916
"Apr 9, 12:00 am",0,0.0786916
"Apr 9, 01:00 am",0,0.0786916
"Apr 9, 02:00 am",0,0.0786916
"Apr 9, 03:00 am",0,0.0786916
"Apr 9, 04:00 am",0,0.0786916
"Apr 9, 05:00 am",0,0.0786916
"Apr 9, 06:00 am",0,0.0786916
"Apr 9, 07:00 am",0,0.0786916
"Apr 9, 08:00 am",0,0.0786916
"Apr 9, 09:00 am",0,0.0786916
"Apr 9, 10:00 am",0,0.0786916
"Apr 9, 11:00 am",0,0.0786916
"Apr 9, 12:00 pm",0,0.0786916
"Apr 9, 01:00 pm",0,0.0786916
"Apr 9, 02:00 pm",0,0.0786916
"Apr 9, 03:00 pm",0,0.0786916
"Apr 9, 04:00 pm",0,0.0786916
"Apr 9, 05:00 pm",0,0.0786916
"Apr 9, 06:00 pm",0,0.0786916
"Apr 9, 07:00 pm",0,0.0786916
"Apr 9, 08:00 pm",0,0.0786916
"Apr 9, 09:00 pm",0,0.0786916
"Apr 9, 10:00 pm",0,0.0786916
"Apr 9, 11:00 pm",0,0.0786916
"Apr 10, 12:00 am",0,0.0786916
"Apr 10, 01:00 am",0,0.0786916
"Apr 10, 02:00 am",0,0.0786916
"Apr 10, 03:00 am",0,0.0786916
"Apr 10, 04:00 am",0,0.0786916
"Apr 10, 05:00 am",0,0.0786916
"Apr 10, 06:00 am",0,0.0786916
"Apr 10, 07:00 am",0,0.0786916
"Apr 10, 08:00 am",0,0.0786916
"Apr 10, 09:00 am",0,0.0786916
"Apr 10, 10:00 am",0,0.0786916
"Apr 10, 11:00 am",0,0.0786916
"Apr 10, 12:00 pm",0,0.0786916
"Apr 10, 01:00 pm",663.986,0.340991
"Apr 10, 02:00 pm",971.36,0.472149
"Apr 10, 03:00 pm",971.299,0.472149
"Apr 10, 04:00 pm",971.38,0.472149
"Apr 10, 05:00 pm",5.82278,0.0786916
"Apr 10, 06:00 pm",0,0.0786916
"Apr 10, 07:00 pm",0,0.0786916
"Apr 10, 08:00 pm",0,0.0786916
"Apr 10, 09:00 pm",0,0.0786916
"Apr 10, 10:00 pm",0,0.0786916
"Apr 10, 11:00 pm",0,0.0786916
"Apr 11, 12:00 am",0,0.0786916
"Apr 11, 01:00 am",0,0.0786916
"Apr 11, 02:00 am",0,0.0786916
"Apr 11, 03:00 am",0,0.0786916
"Apr 11, 04:00 am",0,0.0786916
"Apr 11, 05:00 am",0,0.0786916
"Apr 11, 06:00 am",0,0.0786916
"Apr 11, 07:00 am",0,0.0786916
"Apr 11, 08:00 am",0,0.0786916
"Apr 11, 09:00 am",895.498,0.432303
"Apr 11, 10:00 am",971.222,0.472149
"Apr 11, 11:00 am",971.291,0.472149
"Apr 11, 12:00 pm",6.93892,0.0786916
"Apr 11, 01:00 pm",0,0.0786916
"Apr 11, 02:00 pm",0,0.0786916
"Apr 11, 03:00 pm",0,0.0786916
"Apr 11, 04:00 pm",0,0.0786916
"Apr 11, 05:00 pm",0,0.0786916
"Apr 11, 06:00 pm",0,0.0786916
"Apr 11, 07:00 pm",0,0.0786916
"Apr 11, 08:00 pm",0,0.0786916
"Apr 11, 09:00 pm",0,0.0786916
"Apr 11, 10:00 pm",0,0.0786916
"Apr 11, 11:00 pm",0,0.0786916
"Apr 12, 12:00 am",0,0.0786916
"Apr 12, 01:00 am",0,0.0786916
"Apr 12, 02:00 am",0,0.0786916
"Apr 12, 03:00 am",0,0.0786916
"Apr 12, 04:00 am",0,0.0786916
"Apr 12, 05:00 am",0,0.0786916
"Apr 12, 06:00 am",0,0.0786916
"Apr 12, 07:00 am",0,0.0786916
"Apr 12, 08:00 am",0,0.0786916
"Apr 12, 09:00 am",904.549,0.437304
"Apr 12, 10:00 am",971.257,0.472149
"Apr 12, 11:00 am",971.32,0.472149
"Apr 12, 12:00 pm",971.331,0.472149
"Apr 12, 01:00 pm",971.338,0.472149
"Apr 12, 02:00 pm",971.336,0.472149
"Apr 12, 03:00 pm",971.332,0.472149
"Apr 12, 04:00 pm",971.573,0.472149
"Apr 12, 05:00 pm",323.133,0.157137
"Apr 12, 06:00 pm",5.2625,0.0786916
"Apr 12, 07:00 pm",0,0.0786916
"Apr 12, 08:00 pm",0,0.0786916
"Apr 12, 09:00 pm",0,0.0786916
"Apr 12, 10:00 pm",0,0.0786916
"Apr 12, 11:00 pm",0,0.0786916
"Apr 13, 12:00 am",0,0.0786916
"Apr 13, 01:00 am",0,0.0786916
"Apr 13, 02:00 am",0,0.0786916
"Apr 13, 03:00 am",0,0.0786916
"Apr 13, 04:00 am",0,0.0786916
"Apr 13, 05:00 am",0,0.0786916
"Apr 13, 06:00 am",0,0.0786916
"Apr 13, 07:00 am",0,0.0786916
"Apr 13, 08:00 am",0,0.0786916
"Apr 13, 09:00 am",654.713,0.33932
"Apr 13, 10:00 am",971.389,0.472149
"Apr 13, 11:00 am",971.288,0.472149
"Apr 13, 12:00 pm",971.325,0.472149
"Apr 13, 01:00 pm",971.331,0.472149
"Apr 13, 02:00 pm",971.327,0.472149
"Apr 13, 03:00 pm",971.32,0.472149
"Apr 13, 04:00 pm",971.323,0.472149
"Apr 13, 05:00 pm",286.369,0.139306
"Apr 13, 06:00 pm",5.18823,0.0786916
"Apr 13, 07:00 pm",0,0.0786916
"Apr 13, 08:00 pm",0,0.0786916
"Apr 13, 09:00 pm",0,0.0786916
"Apr 13, 10:00 pm",0,0.0786916
"Apr 13, 11:00 pm",0,0.0786916
"Apr 14, 12:00 am",0,0.0786916
"Apr 14, 01:00 am",0,0.0786916
"Apr 14, 02:00 am",0,0.0786916
"Apr 14, 03:00 am",0,0.0786916
"Apr 14, 04:00 am",0,0.0786916
"Apr 14, 05:00 am",0,0.0786916
"Apr 14, 06:00 am",0,0.0786916
"Apr 14, 07:00 am",0,0.0786916
"Apr 14, 08:00 am",0,0.0786916
"Apr 14, 09:00 am",0,0.0786916
"Apr 14, 10:00 am",0,0.0786916
"Apr 14, 11:00 am",0,0.0786916
"Apr 14, 12:00 pm",0,0.0786916
"Apr 14, 01:00 pm",0,0.0786916
"Apr 14, 02:00 pm",0,0.0786916
"Apr 14, 03:00 pm",0,0.0786916
"Apr 14, 04:00 pm",0,0.0786916
"Apr 14, 05:00 pm",0,0.0786916
"Apr 14, 06:00 pm",0,0.0786916
"Apr 14, 07:00 pm",0,0.0786916
"Apr 14, 08:00 pm",0,0.0786916
"Apr 14, 09:00 pm",0,0.0786916
"Apr 14, 10:00 pm",0,0.0786916
"Apr 14, 11:00 pm",0,0.0786916
"Apr 15, 12:00 am",0,0.0786916
"Apr 15, 01:00 am",0,0.0786916
"Apr 15, 02:00 am",0,0.0786916
"Apr 15, 03:00 am",0,0.0786916
"Apr 15, 04:00 am",0,0.0786916
"Apr 15, 05:00 am",0,0.0786916
"Apr 15, 06:00 am",0,0.0786916
"Apr 15, 07:00 am",0,0.0786916
"Apr 15, 08:00 am",0,0.0786916
"Apr 15, 09:00 am",469.007,0.263841
"Apr 15, 10:00 am",972.274,0.472149
"Apr 15, 11:00 am",971.431,0.472149
"Apr 15, 12:00 pm",971.319,0.472149
"Apr 15, 01:00 pm",971.336,0.472149
"Apr 15, 02:00 pm",971.335,0.472149
"Apr 15, 03:00 pm",971.33,0.472149
"Apr 15, 04:00 pm",972.347,0.472149
"Apr 15, 05:00 pm",247.631,0.120471
"Apr 15, 06:00 pm",5.30926,0.0786916
"Apr 15, 07:00 pm",0,0.0786916
"Apr 15, 08:00 pm",0,0.0786916
"Apr 15, 09:00 pm",0,0.0786916
"Apr 15, 10:00 pm",0,0.0786916
"Apr 15, 11:00 pm",0,0.0786916
"Apr 16, 12:00 am",0,0.0786916
"Apr 16, 01:00 am",0,0.0786916
"Apr 16, 02:00 am",0,0.0786916
"Apr 16, 03:00 am",0,0.0786916
"Apr 16, 04:00 am",0,0.0786916
"Apr 16, 05:00 am",0,0.0786916
"Apr 16, 06:00 am",0,0.0786916
"Apr 16, 07:00 am",0,0.0786916
"Apr 16, 08:00 am",0,0.0786916
"Apr 16, 09:00 am",0,0.0786916
"Apr 16, 10:00 am",0,0.0786916
"Apr 16, 11:00 am",0,0.0786916
"Apr 16, 12:00 pm",663.466,0.340991
"Apr 16, 01:00 pm",971.36,0.472149
"Apr 16, 02:00 pm",971.31,0.472149
"Apr 16, 03:00 pm",971.307,0.472149
"Apr 16, 04:00 pm",971.507,0.472149
"Apr 16, 05:00 pm",225.547,0.109816
"Apr 16, 06:00 pm",5.07991,0.0786916
"Apr 16, 07:00 pm",0,0.0786916
"Apr 16, 08:00 pm",0,0.0786916
"Apr 16, 09:00 pm",0,0.0786916
"Apr 16, 10:00 pm",0,0.0786916
"Apr 16, 11:00 pm",0,0.0786916
"Apr 17, 12:00 am",0,0.0786916
"Apr 17, 01:00 am",0,0.0786916
"Apr 17, 02:00 am",0,0.0786916
"Apr 17, 03:00 am",0,0.0786916
"Apr 17, 04:00 am",0,0.0786916
"Apr 17, 05:00 am",0,0.0786916
"Apr 17, 06:00 am",0,0.0786916
"Apr 17, 07:00 am",0,0.0786916
"Apr 17, 08:00 am",0,0.0786916
"Apr 17, 09:00 am",829.401,0.403362
"Apr 17, 10:00 am",972.234,0.472149
"Apr 17, 11:00 am",971.42,0.472149
"Apr 17, 12:00 pm",971.297,0.472149
"Apr 17, 01:00 pm",971.331,0.472149
"Apr 17, 02:00 pm",971.329,0.472149
"Apr 17, 03:00 pm",971.323,0.472149
"Apr 17, 04:00 pm",972.101,0.472149
"Apr 17, 05:00 pm",218.143,0.106201
"Apr 17, 06:00 pm",5.16984,0.0786916
"Apr 17, 07:00 pm",0,0.0786916
"Apr 17, 08:00 pm",0,0.0786916
"Apr 17, 09:00 pm",0,0.0786916
"Apr 17, 10:00 pm",0,0.0786916
"Apr 17, 11:00 pm",0,0.0786916
"Apr 18, 12:00 am",0,0.0786916
"Apr 18, 01:00 am",0,0.0786916
"Apr 18, 02:00 am",0,0.0786916
"Apr 18, 03:00 am",0,0.0786916
"Apr 18, 04:00 am",0,0.0786916
"Apr 18, 05:00 am",0,0.0786916
"Apr 18, 06:00 am",0,0.0786916
"Apr 18, 07:00 am",0,0.0786916
"Apr 18, 08:00 am",0,0.0786916
"Apr 18, 09:00 am",830.21,0.403762
"Apr 18, 10:00 am",972.263,0.472149
"Apr 18, 11:00 am",971.442,0.472149
"Apr 18, 12:00 pm",971.306,0.472149
"Apr 18, 01:00 pm",971.322,0.472149
"Apr 18, 02:00 pm",971.319,0.472149
"Apr 18, 03:00 pm",971.315,0.472149
"Apr 18, 04:00 pm",971.651,0.472149
"Apr 18, 05:00 pm",200.484,0.0976348
"Apr 18, 06:00 pm",5.13842,0.0786916
"Apr 18, 07:00 pm",0,0.0786916
"Apr 18, 08:00 pm",0,0.0786916
"Apr 18, 09:00 pm",0,0.0786916
"Apr 18, 10:00 pm",0,0.0786916
"Apr 18, 11:00 pm",0,0.0786916
"Apr 19, 12:00 am",0,0.0786916
"Apr 19, 01:00 am",0,0.0786916
"Apr 19, 02:00 am",0,0.0786916
"Apr 19, 03:00 am",0,0.0786916
"Apr 19, 04:00 am",0,0.0786916
"Apr 19, 05:00 am",0,0.0786916
"Apr 19, 06:00 am",0,0.0786916
"Apr 19, 07:00 am",0,0.0786916
"Apr 19, 08:00 am",0,0.0786916
"Apr 19, 09:00 am",666.9,0.376938
"Apr 19, 10:00 am",971.885,0.472149
"Apr 19, 11:00 am",971.286,0.472149
"Apr 19, 12:00 pm",971.295,0.472149
"Apr 19, 01:00 pm",971.302,0.472149
"Apr 19, 02:00 pm",971.299,0.472149
"Apr 19, 03:00 pm",971.297,0.472149
"Apr 19, 04:00 pm",953.926,0.463579
"Apr 19, 05:00 pm",178.577,0.0870247
"Apr 19, 06:00 pm",5.06963,0.0786916
"Apr 19, 07:00 pm",0,0.0786916
"Apr 19, 08:00 pm",0,0.0786916
"Apr 19, 09:00 pm",0,0.0786916
"Apr 19, 10:00 pm",0,0.0786916
"Apr 19, 11:00 pm",0,0.0786916
"Apr 20, 12:00 am",0,0.0786916
"Apr 20, 01:00 am",0,0.0786916
"Apr 20, 02:00 am",0,0.0786916
"Apr 20, 03:00 am",0,0.0786916
"Apr 20, 04:00 am",0,0.0786916
"Apr 20, 05:00 am",0,0.0786916
"Apr 20, 06:00 am",0,0.0786916
"Apr 20, 07:00 am",0,0.0786916
"Apr 20, 08:00 am",0,0.0786916
"Apr 20, 09:00 am",692.954,0.388709
"Apr 20, 10:00 am",972.097,0.472149
"Apr 20, 11:00 am",971.346,0.472149
"Apr 20, 12:00 pm",971.291,0.472149
"Apr 20, 01:00 pm",971.296,0.472149
"Apr 20, 02:00 pm",971.294,0.472149
"Apr 20, 03:00 pm",971.289,0.472149
"Apr 20, 04:00 pm",966.704,0.469895
"Apr 20, 05:00 pm",168.895,0.0823159
"Apr 20, 06:00 pm",5.02665,0.0786916
"Apr 20, 07:00 pm",0,0.0786916
"Apr 20, 08:00 pm",0,0.0786916
"Apr 20, 09:00 pm",0,0.0786916
"Apr 20, 10:00 pm",0,0.0786916
"Apr 20, 11:00 pm",0,0.0786916
"Apr 21, 12:00 am",0,0.0786916
"Apr 21, 01:00 am",0,0.0786916
"Apr 21, 02:00 am",0,0.0786916
"Apr 21, 03:00 am",0,0.0786916
"Apr 21, 04:00 am",0,0.0786916
"Apr 21, 05:00 am",0,0.0786916
"Apr 21, 06:00 am",0,0.0786916
"Apr 21, 07:00 am",0,0.0786916
"Apr 21, 08:00 am",0,0.0786916
"Apr 21, 09:00 am",675.23,0.382247
"Apr 21, 10:00 am",6.55051,0.0786916
"Apr 21, 11:00 am",819.148,0.472149
"Apr 21, 12:00 pm",6.82894,0.0786916
"Apr 21, 01:00 pm",0,0.0786916
"Apr 21, 02:00 pm",0,0.0786916
"Apr 21, 03:00 pm",0,0.0786916
"Apr 21, 04:00 pm",0,0.0786916
"Apr 21, 05:00 pm",0,0.0786916
"Apr 21, 06:00 pm",0,0.0786916
"Apr 21, 07:00 pm",0,0.0786916
"Apr 21, 08:00 pm",0,0.0786916
"Apr 21, 09:00 pm",0,0.0786916
"Apr 21, 10:00 pm",0,0.0786916
"Apr 21, 11:00 pm",0,0.0786916
"Apr 22, 12:00 am",0,0.0786916
"Apr 22, 01:00 am",0,0.0786916
"Apr 22, 02:00 am",0,0.0786916
"Apr 22, 03:00 am",0,0.0786916
"Apr 22, 04:00 am",0,0.0786916
"Apr 22, 05:00 am",0,0.0786916
"Apr 22, 06:00 am",0,0.0786916
"Apr 22, 07:00 am",0,0.0786916
"Apr 22, 08:00 am",0,0.0786916
"Apr 22, 09:00 am",0,0.0786916
"Apr 22, 10:00 am",0,0.0786916
"Apr 22, 11:00 am",0,0.0786916
"Apr 22, 12:00 pm",0,0.0786916
"Apr 22, 01:00 pm",0,0.0786916
"Apr 22, 02:00 pm",0,0.0786916
"Apr 22, 03:00 pm",0,0.0786916
"Apr 22, 04:00 pm",0,0.0786916
"Apr 22, 05:00 pm",0,0.0786916
"Apr 22, 06:00 pm",0,0.0786916
"Apr 22, 07:00 pm",0,0.0786916
"Apr 22, 08:00 pm",0,0.0786916
"Apr 22, 09:00 pm",0,0.0786916
"Apr 22, 10:00 pm",0,0.0786916
"Apr 22, 11:00 pm",0,0.0786916
"Apr 23, 12:00 am",0,0.0786916
"Apr 23, 01:00 am",0,0.0786916
"Apr 23, 02:00 am",0,0.0786916
"Apr 23, 03:00 am",0,0.0786916
"Apr 23, 04:00 am",0,0.0786916
"Apr 23, 05:00 am",0,0.0786916
"Apr 23, 06:00 am",0,0.0786916
"Apr 23, 07:00 am",0,0.0786916
"Apr 23, 08:00 am",0,0.0786916
"Apr 23, 09:00 am",0,0.0786916
"Apr 23, 10:00 am",0,0.0786916
"Apr 23, 11:00 am",0,0.0786916
"Apr 23, 12:00 pm",0,0.0786916
"Apr 23, 01:00 pm",0,0.0786916
"Apr 23, 02:00 pm",0,0.0786916
"Apr 23, 03:00 pm",0,0.0786916
"Apr 23, 04:00 pm",0,0.0786916
"Apr 23, 05:00 pm",0,0.0786916
"Apr 23, 06:00 pm",0,0.0786916
"Apr 23, 07:00 pm",0,0.0786916
"Apr 23, 08:00 pm",0,0.0786916
"Apr 23, 09:00 pm",0,0.0786916
"Apr 23, 10:00 pm",0,0.0786916
"Apr 23, 11:00 pm",0,0.0786916
"Apr 24, 12:00 am",0,0.0786916
"Apr 24, 01:00 am",0,0.0786916
"Apr 24, 02:00 am",0,0.0786916
"Apr 24, 03:00 am",0,0.0786916
"Apr 24, 04:00 am",0,0.0786916
"Apr 24, 05:00 am",0,0.0786916
"Apr 24, 06:00 am",0,0.0786916
"Apr 24, 07:00 am",0,0.0786916
"Apr 24, 08:00 am",0,0.0786916
"Apr 24, 09:00 am",621.902,0.354853
"Apr 24, 10:00 am",971.515,0.472149
"Apr 24, 11:00 am",972.295,0.472149
"Apr 24, 12:00 pm",972.403,0.472149
"Apr 24, 01:00 pm",972.409,0.472149
"Apr 24, 02:00 pm",972.331,0.472149
"Apr 24, 03:00 pm",972.194,0.472149
"Apr 24, 04:00 pm",906.008,0.440939
"Apr 24, 05:00 pm",110.392,0.0786916
"Apr 24, 06:00 pm",4.71974,0.0786916
"Apr 24, 07:00 pm",0,0.0786916
"Apr 24, 08:00 pm",0,0.0786916
"Apr 24, 09:00 pm",0,0.0786916
"Apr 24, 10:00 pm",0,0.0786916
"Apr 24, 11:00 pm",0,0.0786916
"Apr 25, 12:00 am",0,0.0786916
"Apr 25, 01:00 am",0,0.0786916
"Apr 25, 02:00 am",0,0.0786916
"Apr 25, 03:00 am",0,0.0786916
"Apr 25, 04:00 am",0,0.0786916
"Apr 25, 05:00 am",0,0.0786916
"Apr 25, 06:00 am",0,0.0786916
"Apr 25, 07:00 am",0,0.0786916
"Apr 25, 08:00 am",0,0.0786916
"Apr 25, 09:00 am",621.421,0.354188
"Apr 25, 10:00 am",971.462,0.472149
"Apr 25, 11:00 am",972.187,0.472149
"Apr 25, 12:00 pm",972.264,0.472149
"Apr 25, 01:00 pm",972.271,0.472149
"Apr 25, 02:00 pm",972.2,0.472149
"Apr 25, 03:00 pm",972.074,0.472149
"Apr 25, 04:00 pm",893.56,0.434361
"Apr 25, 05:00 pm",98.333,0.0786916
"Apr 25, 06:00 pm",4.78444,0.0786916
"Apr 25, 07:00 pm",0,0.0786916
"Apr 25, 08:00 pm",0,0.0786916
"Apr 25, 09:00 pm",0,0.0786916
"Apr 25, 10:00 pm",0,0.0786916
"Apr 25, 11:00 pm",0,0.0786916
"Apr 26, 12:00 am",0,0.0786916
"Apr 26, 01:00 am",0,0.0786916
"Apr 26, 02:00 am",0,0.0786916
"Apr 26, 03:00 am",0,0.0786916
"Apr 26, 04:00 am",0,0.0786916
"Apr 26, 05:00 am",0,0.0786916
"Apr 26, 06:00 am",0,0.0786916
"Apr 26, 07:00 am",0,0.0786916
"Apr 26, 08:00 am",0,0.0786916
"Apr 26, 09:00 am",629.054,0.358454
"Apr 26, 10:00 am",971.569,0.472149
"Apr 26, 11:00 am",971.273,0.472149
"Apr 26, 12:00 pm",972.361,0.472149
"Apr 26, 01:00 pm",972.503,0.472149
"Apr 26, 02:00 pm",972.509,0.472149
"Apr 26, 03:00 pm",972.433,0.472149
"Apr 26, 04:00 pm",909.283,0.442395
"Apr 26, 05:00 pm",92.8583,0.0786916
"Apr 26, 06:00 pm",4.92172,0.0786916
"Apr 26, 07:00 pm",0,0.0786916
"Apr 26, 08:00 pm",0,0.0786916
"Apr 26, 09:00 pm",0,0.0786916
"Apr 26, 10:00 pm",0,0.0786916
"Apr 26, 11:00 pm",0,0.0786916
"Apr 27, 12:00 am",0,0.0786916
"Apr 27, 01:00 am",0,0.0786916
"Apr 27, 02:00 am",0,0.0786916
"Apr 27, 03:00 am",0,0.0786916
"Apr 27, 04:00 am",0,0.0786916
"Apr 27, 05:00 am",0,0.0786916
"Apr 27, 06:00 am",0,0.0786916
"Apr 27, 07:00 am",0,0.0786916
"Apr 27, 08:00 am",0,0.0786916
"Apr 27, 09:00 am",630.175,0.358968
"Apr 27, 10:00 am",971.591,0.472149
"Apr 27, 11:00 am",972.367,0.472149
"Apr 27, 12:00 pm",972.454,0.472149
"Apr 27, 01:00 pm",972.453,0.472149
"Apr 27, 02:00 pm",972.448,0.472149
"Apr 27, 03:00 pm",972.367,0.472149
"Apr 27, 04:00 pm",897.611,0.436275
"Apr 27, 05:00 pm",82.5768,0.0786916
"Apr 27, 06:00 pm",5.05372,0.0786916
"Apr 27, 07:00 pm",0,0.0786916
"Apr 27, 08:00 pm",0,0.0786916
"Apr 27, 09:00 pm",0,0.0786916
"Apr 27, 10:00 pm",0,0.0786916
"Apr 27, 11:00 pm",0,0.0786916
"Apr 28, 12:00 am",0,0.0786916
"Apr 28, 01:00 am",0,0.0786916
"Apr 28, 02:00 am",0,0.0786916
"Apr 28, 03:00 am",0,0.0786916
"Apr 28, 04:00 am",0,0.0786916
"Apr 28, 05:00 am",0,0.0786916
"Apr 28, 06:00 am",0,0.0786916
"Apr 28, 07:00 am",0,0.0786916
"Apr 28, 08:00 am",0,0.0786916
"Apr 28, 09:00 am",0,0.0786916
"Apr 28, 10:00 am",0,0.0786916
"Apr 28, 11:00 am",659.121,0.340991
"Apr 28, 12:00 pm",972.031,0.472149
"Apr 28, 01:00 pm",972.031,0.472149
"Apr 28, 02:00 pm",971.887,0.472149
"Apr 28, 03:00 pm",971.873,0.472149
"Apr 28, 04:00 pm",858.263,0.41716
"Apr 28, 05:00 pm",65.5081,0.0786916
"Apr 28, 06:00 pm",4.86414,0.0786916
"Apr 28, 07:00 pm",0,0.0786916
"Apr 28, 08:00 pm",0,0.0786916
"Apr 28, 09:00 pm",0,0.0786916
"Apr 28, 10:00 pm",0,0.0786916
"Apr 28, 11:00 pm",0,0.0786916
"Apr 29, 12:00 am",0,0.0786916
"Apr 29, 01:00 am",0,0.0786916
"Apr 29, 02:00 am",0,0.0786916
"Apr 29, 03:00 am",0,0.0786916
"Apr 29, 04:00 am",0,0.0786916
"Apr 29, 05:00 am",0,0.0786916
"Apr 29, 06:00 am",0,0.0786916
"Apr 29, 07:00 am",0,0.0786916
"Apr 29, 08:00 am",0,0.0786916
"Apr 29, 09:00 am",578.235,0.330447
"Apr 29, 10:00 am",971.165,0.472149
"Apr 29, 11:00 am",6.60917,0.0786916
"Apr 29, 12:00 pm",811.674,0.468612
"Apr 29, 01:00 pm",971.75,0.472149
"Apr 29, 02:00 pm",971.641,0.472149
"Apr 29, 03:00 pm",971.637,0.472149
"Apr 29, 04:00 pm",817.293,0.397161
"Apr 29, 05:00 pm",52.4263,0.0786916
"Apr 29, 06:00 pm",4.81525,0.0786916
"Apr 29, 07:00 pm",0,0.0786916
"Apr 29, 08:00 pm",0,0.0786916
"Apr 29, 09:00 pm",0,0.0786916
"Apr 29, 10:00 pm",0,0.0786916
"Apr 29, 11:00 pm",0,0.0786916
"Apr 30, 12:00 am",0,0.0786916
"Apr 30, 01:00 am",0,0.0786916
"Apr 30, 02:00 am",0,0.0786916
"Apr 30, 03:00 am",0,0.0786916
"Apr 30, 04:00 am",0,0.0786916
"Apr 30, 05:00 am",0,0.0786916
"Apr 30, 06:00 am",0,0.0786916
"Apr 30, 07:00 am",0,0.0786916
"Apr 30, 08:00 am",0,0.0786916
"Apr 30, 09:00 am",0,0.0786916
"Apr 30, 10:00 am",0,0.0786916
"Apr 30, 11:00 am",0,0.0786916
"Apr 30, 12:00 pm",0,0.0786916
"Apr 30, 01:00 pm",0,0.0786916
"Apr 30, 02:00 pm",0,0.0786916
"Apr 30, 03:00 pm",0,0.0786916
"Apr 30, 04:00 pm",492.456,0.273183
"Apr 30, 05:00 pm",44.1399,0.0786916
"Apr 30, 06:00 pm",4.73479,0.0786916
"Apr 30, 07:00 pm",0,0.0786916
"Apr 30, 08:00 pm",0,0.0786916
"Apr 30, 09:00 pm",0,0.0786916
"Apr 30, 10:00 pm",0,0.0786916
"Apr 30, 11:00 pm",0,0.0786916
"May 1, 12:00 am",0,0.0786916
"May 1, 01:00 am",0,0.0786916
"May 1, 02:00 am",0,0.0786916
"May 1, 03:00 am",0,0.0786916
"May 1, 04:00 am",0,0.0786916
"May 1, 05:00 am",0,0.0786916
"May 1, 06:00 am",0,0.0786916
"May 1, 07:00 am",0,0.0786916
"May 1, 08:00 am",0,0.0786916
"May 1, 09:00 am",565.895,0.323718
"May 1, 10:00 am",971.171,0.472149
"May 1, 11:00 am",971.705,0.472149
"May 1, 12:00 pm",971.716,0.472149
"May 1, 01:00 pm",971.722,0.472149
"May 1, 02:00 pm",971.632,0.472149
"May 1, 03:00 pm",971.627,0.472149
"May 1, 04:00 pm",811.08,0.394115
"May 1, 05:00 pm",39.0301,0.0786916
"May 1, 06:00 pm",4.91975,0.0786916
"May 1, 07:00 pm",0,0.0786916
"May 1, 08:00 pm",0,0.0786916
"May 1, 09:00 pm",0,0.0786916
"May 1, 10:00 pm",0,0.0786916
"May 1, 11:00 pm",0,0.0786916
"May 2, 12:00 am",0,0.0786916
"May 2, 01:00 am",0,0.0786916
"May 2, 02:00 am",0,0.0786916
"May 2, 03:00 am",0,0.0786916
"May 2, 04:00 am",0,0.0786916
"May 2, 05:00 am",0,0.0786916
"May 2, 06:00 am",0,0.0786916
"May 2, 07:00 am",0,0.0786916
"May 2, 08:00 am",0,0.0786916
"May 2, 09:00 am",0,0.0786916
"May 2, 10:00 am",0,0.0786916
"May 2, 11:00 am",655.852,0.340991
"May 2, 12:00 pm",971.611,0.472149
"May 2, 01:00 pm",971.553,0.472149
"May 2, 02:00 pm",971.556,0.472149
"May 2, 03:00 pm",971.551,0.472149
"May 2, 04:00 pm",792.183,0.384878
"May 2, 05:00 pm",30.5454,0.0786916
"May 2, 06:00 pm",4.89638,0.0786916
"May 2, 07:00 pm",0,0.0786916
"May 2, 08:00 pm",0,0.0786916
"May 2, 09:00 pm",0,0.0786916
"May 2, 10:00 pm",0,0.0786916
"May 2, 11:00 pm",0,0.0786916
"May 3, 12:00 am",0,0.0786916
"May 3, 01:00 am",0,0.0786916
"May 3, 02:00 am",0,0.0786916
"May 3, 03:00 am",0,0.0786916
"May 3, 04:00 am",0,0.0786916
"May 3, 05:00 am",0,0.0786916
"May 3, 06:00 am",0,0.0786916
"May 3, 07:00 am",0,0.0786916
"May 3, 08:00 am",0,0.0786916
"May 3, 09:00 am",430.421,0.300534
"May 3, 10:00 am",971.849,0.472149
"May 3, 11:00 am",971.508,0.472149
"May 3, 12:00 pm",971.477,0.472149
"May 3, 01:00 pm",971.477,0.472149
"May 3, 02:00 pm",971.475,0.472149
"May 3, 03:00 pm",971.471,0.472149
"May 3, 04:00 pm",771.67,0.374812
"May 3, 05:00 pm",22.62,0.0786916
"May 3, 06:00 pm",4.87781,0.0786916
"May 3, 07:00 pm",0,0.0786916
"May 3, 08:00 pm",0,0.0786916
"May 3, 09:00 pm",0,0.0786916
"May 3, 10:00 pm",0,0.0786916
"May 3, 11:00 pm",0,0.0786916
"May 4, 12:00 am",0,0.0786916
"May 4, 01:00 am",0,0.0786916
"May 4, 02:00 am",0,0.0786916
"May 4, 03:00 am",0,0.0786916
"May 4, 04:00 am",0,0.0786916
"May 4, 05:00 am",0,0.0786916
"May 4, 06:00 am",0,0.0786916
"May 4, 07:00 am",0,0.0786916
"May 4, 08:00 am",0,0.0786916
"May 4, 09:00 am",310.642,0.189862
"May 4, 10:00 am",971.186,0.472149
"May 4, 11:00 am",971.331,0.472149
"May 4, 12:00 pm",6.63713,0.0786916
"May 4, 01:00 pm",809.731,0.463882
"May 4, 02:00 pm",971.327,0.472149
"May 4, 03:00 pm",6.62813,0.0786916
"May 4, 04:00 pm",0,0.0786916
"May 4, 05:00 pm",0,0.0786916
"May 4, 06:00 pm",0,0.0786916
"May 4, 07:00 pm",0,0.0786916
"May 4, 08:00 pm",0,0.0786916
"May 4, 09:00 pm",0,0.0786916
"May 4, 10:00 pm",0,0.0786916
"May 4, 11:00 pm",0,0.0786916
"May 5, 12:00 am",0,0.0786916
"May 5, 01:00 am",0,0.0786916
"May 5, 02:00 am",0,0.0786916
"May 5, 03:00 am",0,0.0786916
"May 5, 04:00 am",0,0.0786916
"May 5, 05:00 am",0,0.0786916
"May 5, 06:00 am",0,0.0786916
"May 5, 07:00 am",0,0.0786916
"May 5, 08:00 am",0,0.0786916
"May 5, 09:00 am",0,0.0786916
"May 5, 10:00 am",0,0.0786916
"May 5, 11:00 am",0,0.0786916
"May 5, 12:00 pm",0,0.0786916
"May 5, 01:00 pm",0,0.0786916
"May 5, 02:00 pm",0,0.0786916
"May 5, 03:00 pm",654.835,0.340991
"May 5, 04:00 pm",754.621,0.366865
"May 5, 05:00 pm",11.4158,0.0786916
"May 5, 06:00 pm",4.70471,0.0786916
"May 5, 07:00 pm",0,0.0786916
"May 5, 08:00 pm",0,0.0786916
"May 5, 09:00 pm",0,0.0786916
"May 5, 10:00 pm",0,0.0786916
"May 5, 11:00 pm",0,0.0786916
"May 6, 12:00 am",0,0.0786916
"May 6, 01:00 am",0,0.0786916
"May 6, 02:00 am",0,0.0786916
"May 6, 03:00 am",0,0.0786916
"May 6, 04:00 am",0,0.0786916
"May 6, 05:00 am",0,0.0786916
"May 6, 06:00 am",0,0.0786916
"May 6, 07:00 am",0,0.0786916
"May 6, 08:00 am",0,0.0786916
"May 6, 09:00 am",326.366,0.197151
"May 6, 10:00 am",972.15,0.472149
"May 6, 11:00 am",971.597,0.472149
"May 6, 12:00 pm",971.504,0.472149
"May 6, 01:00 pm",971.511,0.472149
"May 6, 02:00 pm",971.509,0.472149
"May 6, 03:00 pm",971.504,0.472149
"May 6, 04:00 pm",773.472,0.375696
"May 6, 05:00 pm",10.1218,0.0786916
"May 6, 06:00 pm",4.86134,0.0786916
"May 6, 07:00 pm",0,0.0786916
"May 6, 08:00 pm",0,0.0786916
"May 6, 09:00 pm",0,0.0786916
"May 6, 10:00 pm",0,0.0786916
"May 6, 11:00 pm",0,0.0786916
"May 7, 12:00 am",0,0.0786916
"May 7, 01:00 am",0,0.0786916
"May 7, 02:00 am",0,0.0786916
"May 7, 03:00 am",0,0.0786916
"May 7, 04:00 am",0,0.0786916
"May 7, 05:00 am",0,0.0786916
"May 7, 06:00 am",0,0.0786916
"May 7, 07:00 am",0,0.0786916
"May 7, 08:00 am",0,0.0786916
"May 7, 09:00 am",422.499,0.295483
"May 7, 10:00 am",971.846,0.472149
"May 7, 11:00 am",971.517,0.472149
"May 7, 12:00 pm",971.485,0.472149
"May 7, 01:00 pm",971.494,0.472149
"May 7, 02:00 pm",971.5,0.472149
"May 7, 03:00 pm",971.495,0.472149
"May 7, 04:00 pm",770.253,0.374108
"May 7, 05:00 pm",9.25771,0.0786916
"May 7, 06:00 pm",4.36106,0.0786916
"May 7, 07:00 pm",0,0.0786916
"May 7, 08:00 pm",0,0.0786916
"May 7, 09:00 pm",0,0.0786916
"May 7, 10:00 pm",0,0.0786916
"May 7, 11:00 pm",0,0.0786916
"May 8, 12:00 am",0,0.0786916
"May 8, 01:00 am",0,0.0786916
"May 8, 02:00 am",0,0.0786916
"May 8, 03:00 am",0,0.0786916
"May 8, 04:00 am",0,0.0786916
"May 8, 05:00 am",0,0.0786916
"May 8, 06:00 am",0,0.0786916
"May 8, 07:00 am",0,0.0786916
"May 8, 08:00 am",0,0.0786916
"May 8, 09:00 am",423.134,0.295945
"May 8, 10:00 am",972.019,0.472149
"May 8, 11:00 am",971.61,0.472149
"May 8, 12:00 pm",971.515,0.472149
"May 8, 01:00 pm",971.524,0.472149
"May 8, 02:00 pm",971.493,0.472149
"May 8, 03:00 pm",971.488,0.472149
"May 8, 04:00 pm",770.086,0.374025
"May 8, 05:00 pm",8.70537,0.0786916
"May 8, 06:00 pm",3.6463,0.0786916
"May 8, 07:00 pm",0,0.0786916
"May 8, 08:00 pm",0,0.0786916
"May 8, 09:00 pm",0,0.0786916
"May 8, 10:00 pm",0,0.0786916
"May 8, 11:00 pm",0,0.0786916
"May 9, 12:00 am",0,0.0786916
"May 9, 01:00 am",0,0.0786916
"May 9, 02:00 am",0,0.0786916
"May 9, 03:00 am",0,0.0786916
"May 9, 04:00 am",0,0.0786916
"May 9, 05:00 am",0,0.0786916
"May 9, 06:00 am",0,0.0786916
"May 9, 07:00 am",0,0.0786916
"May 9, 08:00 am",0,0.0786916
"May 9, 09:00 am",412.799,0.289285
"May 9, 10:00 am",971.492,0.472149
"May 9, 11:00 am",971.417,0.472149
"May 9, 12:00 pm",971.429,0.472149
"May 9, 01:00 pm",971.438,0.472149
"May 9, 02:00 pm",971.434,0.472149
"May 9, 03:00 pm",971.427,0.472149
"May 9, 04:00 pm",748.436,0.363838
"May 9, 05:00 pm",7.79864,0.0786916
"May 9, 06:00 pm",0,0.0786916
"May 9, 07:00 pm",0,0.0786916
"May 9, 08:00 pm",0,0.0786916
"May 9, 09:00 pm",0,0.0786916
"May 9, 10:00 pm",0,0.0786916
"May 9, 11:00 pm",0,0.0786916
"May 10, 12:00 am",0,0.0786916
"May 10, 01:00 am",0,0.0786916
"May 10, 02:00 am",0,0.0786916
"May 10, 03:00 am",0,0.0786916
"May 10, 04:00 am",0,0.0786916
"May 10, 05:00 am",0,0.0786916
"May 10, 06:00 am",0,0.0786916
"May 10, 07:00 am",0,0.0786916
"May 10, 08:00 am",0,0.0786916
"May 10, 09:00 am",403.637,0.283456
"May 10, 10:00 am",971.114,0.472149
"May 10, 11:00 am",971.369,0.472149
"May 10, 12:00 pm",971.382,0.472149
"May 10, 01:00 pm",971.391,0.472149
"May 10, 02:00 pm",971.397,0.472149
"May 10, 03:00 pm",971.391,0.472149
"May 10, 04:00 pm",741.052,0.36024
"May 10, 05:00 pm",7.36893,0.0786916
"May 10, 06:00 pm",0,0.0786916
"May 10, 07:00 pm",0,0.0786916
"May 10, 08:00 pm",0,0.0786916
"May 10, 09:00 pm",0,0.0786916
"May 10, 10:00 pm",0,0.0786916
"May 10, 11:00 pm",0,0.0786916
"May 11, 12:00 am",0,0.0786916
"May 11, 01:00 am",0,0.0786916
"May 11, 02:00 am",0,0.0786916
"May 11, 03:00 am",0,0.0786916
"May 11, 04:00 am",0,0.0786916
"May 11, 05:00 am",0,0.0786916
"May 11, 06:00 am",0,0.0786916
"May 11, 07:00 am",0,0.0786916
"May 11, 08:00 am",0,0.0786916
"May 11, 09:00 am",393.317,0.277067
"May 11, 10:00 am",971.919,0.472149
"May 11, 11:00 am",971.4,0.472149
"May 11, 12:00 pm",971.333,0.472149
"May 11, 01:00 pm",971.341,0.472149
"May 11, 02:00 pm",971.347,0.472149
"May 11, 03:00 pm",971.341,0.472149
"May 11, 04:00 pm",721.763,0.350853
"May 11, 05:00 pm",6.83559,0.0786916
"May 11, 06:00 pm",0,0.0786916
"May 11, 07:00 pm",0,0.0786916
"May 11, 08:00 pm",0,0.0786916
"May 11, 09:00 pm",0,0.0786916
"May 11, 10:00 pm",0,0.0786916
"May 11, 11:00 pm",0,0.0786916
"May 12, 12:00 am",0,0.0786916
"May 12, 01:00 am",0,0.0786916
"May 12, 02:00 am",0,0.0786916
"May 12, 03:00 am",0,0.0786916
"May 12, 04:00 am",0,0.0786916
"May 12, 05:00 am",0,0.0786916
"May 12, 06:00 am",0,0.0786916
"May 12, 07:00 am",0,0.0786916
"May 12, 08:00 am",0,0.0786916
"May 12, 09:00 am",286.748,0.179004
"May 12, 10:00 am",6.01224,0.0786916
"May 12, 11:00 am",0,0.0786916
"May 12, 12:00 pm",809.383,0.461708
"May 12, 01:00 pm",972.059,0.472149
"May 12, 02:00 pm",972.077,0.472149
"May 12, 03:00 pm",972.072,0.472149
"May 12, 04:00 pm",710.94,0.345585
"May 12, 05:00 pm",6.25938,0.0786916
"May 12, 06:00 pm",0,0.0786916
"May 12, 07:00 pm",0,0.0786916
"May 12, 08:00 pm",0,0.0786916
"May 12, 09:00 pm",0,0.0786916
"May 12, 10:00 pm",0,0.0786916
"May 12, 11:00 pm",0,0.0786916
"May 13, 12:00 am",0,0.0786916
"May 13, 01:00 am",0,0.0786916
"May 13, 02:00 am",0,0.0786916
"May 13, 03:00 am",0,0.0786916
"May 13, 04:00 am",0,0.0786916
"May 13, 05:00 am",0,0.0786916
"May 13, 06:00 am",0,0.0786916
"May 13, 07:00 am",0,0.0786916
"May 13, 08:00 am",0,0.0786916
"May 13, 09:00 am",390.363,0.21617
"May 13, 10:00 am",969.824,0.472149
"May 13, 11:00 am",971.297,0.472149
"May 13, 12:00 pm",972.318,0.472149
"May 13, 01:00 pm",972.098,0.472149
"May 13, 02:00 pm",971.862,0.472149
"May 13, 03:00 pm",971.766,0.472149
"May 13, 04:00 pm",701.256,0.340876
"May 13, 05:00 pm",5.95355,0.0786916
"May 13, 06:00 pm",0,0.0786916
"May 13, 07:00 pm",0,0.0786916
"May 13, 08:00 pm",0,0.0786916
"May 13, 09:00 pm",0,0.0786916
"May 13, 10:00 pm",0,0.0786916
"May 13, 11:00 pm",0,0.0786916
"May 14, 12:00 am",0,0.0786916
"May 14, 01:00 am",0,0.0786916
"May 14, 02:00 am",0,0.0786916
"May 14, 03:00 am",0,0.0786916
"May 14, 04:00 am",0,0.0786916
"May 14, 05:00 am",0,0.0786916
"May 14, 06:00 am",0,0.0786916
"May 14, 07:00 am",0,0.0786916
"May 14, 08:00 am",0,0.0786916
"May 14, 09:00 am",0,0.0786916
"May 14, 10:00 am",0,0.0786916
"May 14, 11:00 am",650.987,0.340991
"May 14, 12:00 pm",971.458,0.472149
"May 14, 01:00 pm",971.252,0.472149
"May 14, 02:00 pm",971.25,0.472149
"May 14, 03:00 pm",971.245,0.472149
"May 14, 04:00 pm",682.203,0.331601
"May 14, 05:00 pm",5.53446,0.0786916
"May 14, 06:00 pm",0,0.0786916
"May 14, 07:00 pm",0,0.0786916
"May 14, 08:00 pm",0,0.0786916
"May 14, 09:00 pm",0,0.0786916
"May 14, 10:00 pm",0,0.0786916
"May 14, 11:00 pm",0,0.0786916
"May 15, 12:00 am",0,0.0786916
"May 15, 01:00 am",0,0.0786916
"May 15, 02:00 am",0,0.0786916
"May 15, 03:00 am",0,0.0786916
"May 15, 04:00 am",0,0.0786916
"May 15, 05:00 am",0,0.0786916
"May 15, 06:00 am",0,0.0786916
"May 15, 07:00 am",0,0.0786916
"May 15, 08:00 am",0,0.0786916
"May 15, 09:00 am",0,0.0786916
"May 15, 10:00 am",0,0.0786916
"May 15, 11:00 am",0,0.0786916
"May 15, 12:00 pm",650.161,0.340991
"May 15, 01:00 pm",6.47306,0.0786916
"May 15, 02:00 pm",0,0.0786916
"May 15, 03:00 pm",0,0.0786916
"May 15, 04:00 pm",0,0.0786916
"May 15, 05:00 pm",0,0.0786916
"May 15, 06:00 pm",0,0.0786916
"May 15, 07:00 pm",0,0.0786916
"May 15, 08:00 pm",0,0.0786916
"May 15, 09:00 pm",0,0.0786916
"May 15, 10:00 pm",0,0.0786916
"May 15, 11:00 pm",0,0.0786916
"May 16, 12:00 am",0,0.0786916
"May 16, 01:00 am",0,0.0786916
"May 16, 02:00 am",0,0.0786916
"May 16, 03:00 am",0,0.0786916
"May 16, 04:00 am",0,0.0786916
"May 16, 05:00 am",0,0.0786916
"May 16, 06:00 am",0,0.0786916
"May 16, 07:00 am",0,0.0786916
"May 16, 08:00 am",0,0.0786916
"May 16, 09:00 am",253.116,0.162111
"May 16, 10:00 am",863.772,0.41993
"May 16, 11:00 am",937.19,0.455543
"May 16, 12:00 pm",928.275,0.451287
"May 16, 01:00 pm",6.47113,0.0786916
"May 16, 02:00 pm",779.333,0.441992
"May 16, 03:00 pm",6.52278,0.0786916
"May 16, 04:00 pm",0,0.0786916
"May 16, 05:00 pm",0,0.0786916
"May 16, 06:00 pm",0,0.0786916
"May 16, 07:00 pm",0,0.0786916
"May 16, 08:00 pm",0,0.0786916
"May 16, 09:00 pm",0,0.0786916
"May 16, 10:00 pm",0,0.0786916
"May 16, 11:00 pm",0,0.0786916
"May 17, 12:00 am",0,0.0786916
"May 17, 01:00 am",0,0.0786916
"May 17, 02:00 am",0,0.0786916
"May 17, 03:00 am",0,0.0786916
"May 17, 04:00 am",0,0.0786916
"May 17, 05:00 am",0,0.0786916
"May 17, 06:00 am",0,0.0786916
"May 17, 07:00 am",0,0.0786916
"May 17, 08:00 am",0,0.0786916
"May 17, 09:00 am",0,0.0786916
"May 17, 10:00 am",498.217,0.275415
"May 17, 11:00 am",972.061,0.472149
"May 17, 12:00 pm",6.48347,0.0786916
"May 17, 01:00 pm",0,0.0786916
"May 17, 02:00 pm",0,0.0786916
"May 17, 03:00 pm",0,0.0786916
"May 17, 04:00 pm",0,0.0786916
"May 17, 05:00 pm",0,0.0786916
"May 17, 06:00 pm",0,0.0786916
"May 17, 07:00 pm",0,0.0786916
"May 17, 08:00 pm",0,0.0786916
"May 17, 09:00 pm",0,0.0786916
"May 17, 10:00 pm",0,0.0786916
"May 17, 11:00 pm",0,0.0786916
"May 18, 12:00 am",0,0.0786916
"May 18, 01:00 am",0,0.0786916
"May 18, 02:00 am",0,0.0786916
"May 18, 03:00 am",0,0.0786916
"May 18, 04:00 am",0,0.0786916
"May 18, 05:00 am",0,0.0786916
"May 18, 06:00 am",0,0.0786916
"May 18, 07:00 am",0,0.0786916
"May 18, 08:00 am",0,0.0786916
"May 18, 09:00 am",0,0.0786916
"May 18, 10:00 am",496.178,0.275415
"May 18, 11:00 am",946.492,0.459972
"May 18, 12:00 pm",930.185,0.452183
"May 18, 01:00 pm",6.42581,0.0786916
"May 18, 02:00 pm",0,0.0786916
"May 18, 03:00 pm",0,0.0786916
"May 18, 04:00 pm",0,0.0786916
"May 18, 05:00 pm",0,0.0786916
"May 18, 06:00 pm",0,0.0786916
"May 18, 07:00 pm",0,0.0786916
"May 18, 08:00 pm",0,0.0786916
"May 18, 09:00 pm",0,0.0786916
"May 18, 10:00 pm",0,0.0786916
"May 18, 11:00 pm",0,0.0786916
"May 19, 12:00 am",0,0.0786916
"May 19, 01:00 am",0,0.0786916
"May 19, 02:00 am",0,0.0786916
"May 19, 03:00 am",0,0.0786916
"May 19, 04:00 am",0,0.0786916
"May 19, 05:00 am",0,0.0786916
"May 19, 06:00 am",0,0.0786916
"May 19, 07:00 am",0,0.0786916
"May 19, 08:00 am",0,0.0786916
"May 19, 09:00 am",0,0.0786916
"May 19, 10:00 am",0,0.0786916
"May 19, 11:00 am",0,0.0786916
"May 19, 12:00 pm",0,0.0786916
"May 19, 01:00 pm",0,0.0786916
"May 19, 02:00 pm",0,0.0786916
"May 19, 03:00 pm",0,0.0786916
"May 19, 04:00 pm",0,0.0786916
"May 19, 05:00 pm",0,0.0786916
"May 19, 06:00 pm",0,0.0786916
"May 19, 07:00 pm",0,0.0786916
"May 19, 08:00 pm",0,0.0786916
"May 19, 09:00 pm",0,0.0786916
"May 19, 10:00 pm",0,0.0786916
"May 19, 11:00 pm",0,0.0786916
"May 20, 12:00 am",0,0.0786916
"May 20, 01:00 am",0,0.0786916
"May 20, 02:00 am",0,0.0786916
"May 20, 03:00 am",0,0.0786916
"May 20, 04:00 am",0,0.0786916
"May 20, 05:00 am",0,0.0786916
"May 20, 06:00 am",0,0.0786916
"May 20, 07:00 am",0,0.0786916
"May 20, 08:00 am",0,0.0786916
"May 20, 09:00 am",0,0.0786916
"May 20, 10:00 am",0,0.0786916
"May 20, 11:00 am",0,0.0786916
"May 20, 12:00 pm",0,0.0786916
"May 20, 01:00 pm",0,0.0786916
"May 20, 02:00 pm",0,0.0786916
"May 20, 03:00 pm",0,0.0786916
"May 20, 04:00 pm",0,0.0786916
"May 20, 05:00 pm",0,0.0786916
"May 20, 06:00 pm",0,0.0786916
"May 20, 07:00 pm",0,0.0786916
"May 20, 08:00 pm",0,0.0786916
"May 20, 09:00 pm",0,0.0786916
"May 20, 10:00 pm",0,0.0786916
"May 20, 11:00 pm",0,0.0786916
"May 21, 12:00 am",0,0.0786916
"May 21, 01:00 am",0,0.0786916
"May 21, 02:00 am",0,0.0786916
"May 21, 03:00 am",0,0.0786916
"May 21, 04:00 am",0,0.0786916
"May 21, 05:00 am",0,0.0786916
"May 21, 06:00 am",0,0.0786916
"May 21, 07:00 am",0,0.0786916
"May 21, 08:00 am",0,0.0786916
"May 21, 09:00 am",0,0.0786916
"May 21, 10:00 am",0,0.0786916
"May 21, 11:00 am",0,0.0786916
"May 21, 12:00 pm",0,0.0786916
"May 21, 01:00 pm",0,0.0786916
"May 21, 02:00 pm",0,0.0786916
"May 21, 03:00 pm",0,0.0786916
"May 21, 04:00 pm",209.778,0.152629
"May 21, 05:00 pm",5.30893,0.0786916
"May 21, 06:00 pm",0,0.0786916
"May 21, 07:00 pm",0,0.0786916
"May 21, 08:00 pm",0,0.0786916
"May 21, 09:00 pm",0,0.0786916
"May 21, 10:00 pm",0,0.0786916
"May 21, 11:00 pm",0,0.0786916
"May 22, 12:00 am",0,0.0786916
"May 22, 01:00 am",0,0.0786916
"May 22, 02:00 am",0,0.0786916
"May 22, 03:00 am",0,0.0786916
"May 22, 04:00 am",0,0.0786916
"May 22, 05:00 am",0,0.0786916
"May 22, 06:00 am",0,0.0786916
"May 22, 07:00 am",0,0.0786916
"May 22, 08:00 am",0,0.0786916
"May 22, 09:00 am",0,0.0786916
"May 22, 10:00 am",0,0.0786916
"May 22, 11:00 am",0,0.0786916
"May 22, 12:00 pm",0,0.0786916
"May 22, 01:00 pm",0,0.0786916
"May 22, 02:00 pm",0,0.0786916
"May 22, 03:00 pm",0,0.0786916
"May 22, 04:00 pm",0,0.0786916
"May 22, 05:00 pm",0,0.0786916
"May 22, 06:00 pm",0,0.0786916
"May 22, 07:00 pm",0,0.0786916
"May 22, 08:00 pm",0,0.0786916
"May 22, 09:00 pm",0,0.0786916
"May 22, 10:00 pm",0,0.0786916
"May 22, 11:00 pm",0,0.0786916
"May 23, 12:00 am",0,0.0786916
"May 23, 01:00 am",0,0.0786916
"May 23, 02:00 am",0,0.0786916
"May 23, 03:00 am",0,0.0786916
"May 23, 04:00 am",0,0.0786916
"May 23, 05:00 am",0,0.0786916
"May 23, 06:00 am",0,0.0786916
"May 23, 07:00 am",0,0.0786916
"May 23, 08:00 am",0,0.0786916
"May 23, 09:00 am",0,0.0786916
"May 23, 10:00 am",0,0.0786916
"May 23, 11:00 am",0,0.0786916
"May 23, 12:00 pm",0,0.0786916
"May 23, 01:00 pm",0,0.0786916
"May 23, 02:00 pm",0,0.0786916
"May 23, 03:00 pm",0,0.0786916
"May 23, 04:00 pm",0,0.0786916
"May 23, 05:00 pm",0,0.0786916
"May 23, 06:00 pm",0,0.0786916
"May 23, 07:00 pm",0,0.0786916
"May 23, 08:00 pm",0,0.0786916
"May 23, 09:00 pm",0,0.0786916
"May 23, 10:00 pm",0,0.0786916
"May 23, 11:00 pm",0,0.0786916
"May 24, 12:00 am",0,0.0786916
"May 24, 01:00 am",0,0.0786916
"May 24, 02:00 am",0,0.0786916
"May 24, 03:00 am",0,0.0786916
"May 24, 04:00 am",0,0.0786916
"May 24, 05:00 am",0,0.0786916
"May 24, 06:00 am",0,0.0786916
"May 24, 07:00 am",0,0.0786916
"May 24, 08:00 am",0,0.0786916
"May 24, 09:00 am",0,0.0786916
"May 24, 10:00 am",0,0.0786916
"May 24, 11:00 am",0,0.0786916
"May 24, 12:00 pm",0,0.0786916
"May 24, 01:00 pm",0,0.0786916
"May 24, 02:00 pm",0,0.0786916
"May 24, 03:00 pm",0,0.0786916
"May 24, 04:00 pm",0,0.0786916
"May 24, 05:00 pm",0,0.0786916
"May 24, 06:00 pm",0,0.0786916
"May 24, 07:00 pm",0,0.0786916
"May 24, 08:00 pm",0,0.0786916
"May 24, 09:00 pm",0,0.0786916
"May 24, 10:00 pm",0,0.0786916
"May 24, 11:00 pm",0,0.0786916
"May 25, 12:00 am",0,0.0786916
"May 25, 01:00 am",0,0.0786916
"May 25, 02:00 am",0,0.0786916
"May 25, 03:00 am",0,0.0786916
"May 25, 04:00 am",0,0.0786916
"May 25, 05:00 am",0,0.0786916
"May 25, 06:00 am",0,0.0786916
"May 25, 07:00 am",0,0.0786916
"May 25, 08:00 am",0,0.0786916
"May 25, 09:00 am",0,0.0786916
"May 25, 10:00 am",0,0.0786916
"May 25, 11:00 am",0,0.0786916
"May 25, 12:00 pm",0,0.0786916
"May 25, 01:00 pm",0,0.0786916
"May 25, 02:00 pm",0,0.0786916
"May 25, 03:00 pm",0,0.0786916
"May 25, 04:00 pm",0,0.0786916
"May 25, 05:00 pm",0,0.0786916
"May 25, 06:00 pm",0,0.0786916
"May 25, 07:00 pm",0,0.0786916
"May 25, 08:00 pm",0,0.0786916
"May 25, 09:00 pm",0,0.0786916
"May 25, 10:00 pm",0,0.0786916
"May 25, 11:00 pm",0,0.0786916
"May 26, 12:00 am",0,0.0786916
"May 26, 01:00 am",0,0.0786916
"May 26, 02:00 am",0,0.0786916
"May 26, 03:00 am",0,0.0786916
"May 26, 04:00 am",0,0.0786916
"May 26, 05:00 am",0,0.0786916
"May 26, 06:00 am",0,0.0786916
"May 26, 07:00 am",0,0.0786916
"May 26, 08:00 am",0,0.0786916
"May 26, 09:00 am",0,0.0786916
"May 26, 10:00 am",0,0.0786916
"May 26, 11:00 am",0,0.0786916
"May 26, 12:00 pm",0,0.0786916
"May 26, 01:00 pm",0,0.0786916
"May 26, 02:00 pm",0,0.0786916
"May 26, 03:00 pm",0,0.0786916
"May 26, 04:00 pm",0,0.0786916
"May 26, 05:00 pm",0,0.0786916
"May 26, 06:00 pm",0,0.0786916
"May 26, 07:00 pm",0,0.0786916
"May 26, 08:00 pm",0,0.0786916
"May 26, 09:00 pm",0,0.0786916
"May 26, 10:00 pm",0,0.0786916
"May 26, 11:00 pm",0,0.0786916
"May 27, 12:00 am",0,0.0786916
"May 27, 01:00 am",0,0.0786916
"May 27, 02:00 am",0,0.0786916
"May 27, 03:00 am",0,0.0786916
"May 27, 04:00 am",0,0.0786916
"May 27, 05:00 am",0,0.0786916
"May 27, 06:00 am",0,0.0786916
"May 27, 07:00 am",0,0.0786916
"May 27, 08:00 am",0,0.0786916
"May 27, 09:00 am",0,0.0786916
"May 27, 10:00 am",0,0.0786916
"May 27, 11:00 am",0,0.0786916
"May 27, 12:00 pm",489.328,0.273093
"May 27, 01:00 pm",843.949,0.41016
"May 27, 02:00 pm",857.344,0.416753
"May 27, 03:00 pm",848.621,0.412496
"May 27, 04:00 pm",511.978,0.248955
"May 27, 05:00 pm",5.16254,0.0786916
"May 27, 06:00 pm",0,0.0786916
"May 27, 07:00 pm",0,0.0786916
"May 27, 08:00 pm",0,0.0786916
"May 27, 09:00 pm",0,0.0786916
"May 27, 10:00 pm",0,0.0786916
"May 27, 11:00 pm",0,0.0786916
"May 28, 12:00 am",0,0.0786916
"May 28, 01:00 am",0,0.0786916
"May 28, 02:00 am",0,0.0786916
"May 28, 03:00 am",0,0.0786916
"May 28, 04:00 am",0,0.0786916
"May 28, 05:00 am",0,0.0786916
"May 28, 06:00 am",0,0.0786916
"May 28, 07:00 am",0,0.0786916
"May 28, 08:00 am",0,0.0786916
"May 28, 09:00 am",72.8737,0.121025
"May 28, 10:00 am",802.966,0.390301
"May 28, 11:00 am",870.82,0.423347
"May 28, 12:00 pm",847.418,0.411905
"May 28, 01:00 pm",833.857,0.405289
"May 28, 02:00 pm",848.027,0.412212
"May 28, 03:00 pm",840.12,0.408356
"May 28, 04:00 pm",502.629,0.244406
"May 28, 05:00 pm",5.16334,0.0786916
"May 28, 06:00 pm",0,0.0786916
"May 28, 07:00 pm",0,0.0786916
"May 28, 08:00 pm",0,0.0786916
"May 28, 09:00 pm",0,0.0786916
"May 28, 10:00 pm",0,0.0786916
"May 28, 11:00 pm",0,0.0786916
"May 29, 12:00 am",0,0.0786916
"May 29, 01:00 am",0,0.0786916
"May 29, 02:00 am",0,0.0786916
"May 29, 03:00 am",0,0.0786916
"May 29, 04:00 am",0,0.0786916
"May 29, 05:00 am",0,0.0786916
"May 29, 06:00 am",0,0.0786916
"May 29, 07:00 am",0,0.0786916
"May 29, 08:00 am",0,0.0786916
"May 29, 09:00 am",71.008,0.119767
"May 29, 10:00 am",803.354,0.390428
"May 29, 11:00 am",875.927,0.425838
"May 29, 12:00 pm",849.262,0.412806
"May 29, 01:00 pm",832.961,0.404856
"May 29, 02:00 pm",846.914,0.411674
"May 29, 03:00 pm",837.506,0.407078
"May 29, 04:00 pm",495.969,0.241169
"May 29, 05:00 pm",5.11408,0.0786916
"May 29, 06:00 pm",0,0.0786916
"May 29, 07:00 pm",0,0.0786916
"May 29, 08:00 pm",0,0.0786916
"May 29, 09:00 pm",0,0.0786916
"May 29, 10:00 pm",0,0.0786916
"May 29, 11:00 pm",0,0.0786916
"May 30, 12:00 am",0,0.0786916
"May 30, 01:00 am",0,0.0786916
"May 30, 02:00 am",0,0.0786916
"May 30, 03:00 am",0,0.0786916
"May 30, 04:00 am",0,0.0786916
"May 30, 05:00 am",0,0.0786916
"May 30, 06:00 am",0,0.0786916
"May 30, 07:00 am",0,0.0786916
"May 30, 08:00 am",0,0.0786916
"May 30, 09:00 am",0,0.0975068
"May 30, 10:00 am",784.708,0.381434
"May 30, 11:00 am",865.763,0.420876
"May 30, 12:00 pm",841.95,0.409239
"May 30, 01:00 pm",827.058,0.401973
"May 30, 02:00 pm",843.666,0.410086
"May 30, 03:00 pm",836.293,0.406508
"May 30, 04:00 pm",492.958,0.239701
"May 30, 05:00 pm",5.16422,0.0786916
"May 30, 06:00 pm",0,0.0786916
"May 30, 07:00 pm",0,0.0786916
"May 30, 08:00 pm",0,0.0786916
"May 30, 09:00 pm",0,0.0786916
"May 30, 10:00 pm",0,0.0786916
"May 30, 11:00 pm",0,0.0786916
"May 31, 12:00 am",0,0.0786916
"May 31, 01:00 am",0,0.0786916
"May 31, 02:00 am",0,0.0786916
"May 31, 03:00 am",0,0.0786916
"May 31, 04:00 am",0,0.0786916
"May 31, 05:00 am",0,0.0786916
"May 31, 06:00 am",0,0.0786916
"May 31, 07:00 am",0,0.0786916
"May 31, 08:00 am",0,0.0786916
"May 31, 09:00 am",0,0.0786916
"May 31, 10:00 am",442.444,0.25096
"May 31, 11:00 am",6.33048,0.0786916
"May 31, 12:00 pm",0,0.0786916
"May 31, 01:00 pm",0,0.0786916
"May 31, 02:00 pm",0,0.0786916
"May 31, 03:00 pm",0,0.0786916
"May 31, 04:00 pm",0,0.0786916
"May 31, 05:00 pm",0,0.0786916
"May 31, 06:00 pm",0,0.0786916
"May 31, 07:00 pm",0,0.0786916
"May 31, 08:00 pm",0,0.0786916
"May 31, 09:00 pm",0,0.0786916
"May 31, 10:00 pm",0,0.0786916
"May 31, 11:00 pm",0,0.0786916
"Jun 1, 12:00 am",0,0.0786916
"Jun 1, 01:00 am",0,0.0786916
"Jun 1, 02:00 am",0,0.0786916
"Jun 1, 03:00 am",0,0.0786916
"Jun 1, 04:00 am",0,0.0786916
"Jun 1, 05:00 am",0,0.0786916
"Jun 1, 06:00 am",0,0.0786916
"Jun 1, 07:00 am",0,0.0786916
"Jun 1, 08:00 am",0,0.0786916
"Jun 1, 09:00 am",0,0.0964543
"Jun 1, 10:00 am",642.081,0.365229
"Jun 1, 11:00 am",840.503,0.408498
"Jun 1, 12:00 pm",820.342,0.398686
"Jun 1, 01:00 pm",807.061,0.392197
"Jun 1, 02:00 pm",827.061,0.401974
"Jun 1, 03:00 pm",820.213,0.398603
"Jun 1, 04:00 pm",477.384,0.232117
"Jun 1, 05:00 pm",5.26154,0.0786916
"Jun 1, 06:00 pm",0,0.0786916
"Jun 1, 07:00 pm",0,0.0786916
"Jun 1, 08:00 pm",0,0.0786916
"Jun 1, 09:00 pm",0,0.0786916
"Jun 1, 10:00 pm",0,0.0786916
"Jun 1, 11:00 pm",0,0.0786916
"Jun 2, 12:00 am",0,0.0786916
"Jun 2, 01:00 am",0,0.0786916
"Jun 2, 02:00 am",0,0.0786916
"Jun 2, 03:00 am",0,0.0786916
"Jun 2, 04:00 am",0,0.0786916
"Jun 2, 05:00 am",0,0.0786916
"Jun 2, 06:00 am",0,0.0786916
"Jun 2, 07:00 am",0,0.0786916
"Jun 2, 08:00 am",0,0.0786916
"Jun 2, 09:00 am",0,0.096472
"Jun 2, 10:00 am",642.74,0.365646
"Jun 2, 11:00 am",840.378,0.408437
"Jun 2, 12:00 pm",819.648,0.398347
"Jun 2, 01:00 pm",805.624,0.391492
"Jun 2, 02:00 pm",825.835,0.401372
"Jun 2, 03:00 pm",819.286,0.398157
"Jun 2, 04:00 pm",474.628,0.230774
"Jun 2, 05:00 pm",5.28972,0.0786916
"Jun 2, 06:00 pm",0,0.0786916
"Jun 2, 07:00 pm",0,0.0786916
"Jun 2, 08:00 pm",0,0.0786916
"Jun 2, 09:00 pm",0,0.0786916
"Jun 2, 10:00 pm",0,0.0786916
"Jun 2, 11:00 pm",0,0.0786916
"Jun 3, 12:00 am",0,0.0786916
"Jun 3, 01:00 am",0,0.0786916
"Jun 3, 02:00 am",0,0.0786916
"Jun 3, 03:00 am",0,0.0786916
"Jun 3, 04:00 am",0,0.0786916
"Jun 3, 05:00 am",0,0.0786916
"Jun 3, 06:00 am",0,0.0786916
"Jun 3, 07:00 am",0,0.0786916
"Jun 3, 08:00 am",0,0.0786916
"Jun 3, 09:00 am",0,0.0786916
"Jun 3, 10:00 am",0,0.0786916
"Jun 3, 11:00 am",0,0.0786916
"Jun 3, 12:00 pm",0,0.0786916
"Jun 3, 01:00 pm",0,0.0786916
"Jun 3, 02:00 pm",0,0.0786916
"Jun 3, 03:00 pm",0,0.0786916
"Jun 3, 04:00 pm",0,0.0786916
"Jun 3, 05:00 pm",0,0.0786916
"Jun 3, 06:00 pm",0,0.0786916
"Jun 3, 07:00 pm",0,0.0786916
"Jun 3, 08:00 pm",0,0.0786916
"Jun 3, 09:00 pm",0,0.0786916
"Jun 3, 10:00 pm",0,0.0786916
"Jun 3, 11:00 pm",0,0.0786916
"Jun 4, 12:00 am",0,0.0786916
"Jun 4, 01:00 am",0,0.0786916
"Jun 4, 02:00 am",0,0.0786916
"Jun 4, 03:00 am",0,0.0786916
"Jun 4, 04:00 am",0,0.0786916
"Jun 4, 05:00 am",0,0.0786916
"Jun 4, 06:00 am",0,0.0786916
"Jun 4, 07:00 am",0,0.0786916
"Jun 4, 08:00 am",0,0.0786916
"Jun 4, 09:00 am",0,0.0961432
"Jun 4, 10:00 am",639.433,0.36396
"Jun 4, 11:00 am",838.899,0.407717
"Jun 4, 12:00 pm",817.541,0.397323
"Jun 4, 01:00 pm",801.826,0.389641
"Jun 4, 02:00 pm",822.876,0.399935
"Jun 4, 03:00 pm",816.216,0.396663
"Jun 4, 04:00 pm",467.683,0.227406
"Jun 4, 05:00 pm",5.20561,0.0786916
"Jun 4, 06:00 pm",0,0.0786916
"Jun 4, 07:00 pm",0,0.0786916
"Jun 4, 08:00 pm",0,0.0786916
"Jun 4, 09:00 pm",0,0.0786916
"Jun 4, 10:00 pm",0,0.0786916
"Jun 4, 11:00 pm",0,0.0786916
"Jun 5, 12:00 am",0,0.0786916
"Jun 5, 01:00 am",0,0.0786916
"Jun 5, 02:00 am",0,0.0786916
"Jun 5, 03:00 am",0,0.0786916
"Jun 5, 04:00 am",0,0.0786916
"Jun 5, 05:00 am",0,0.0786916
"Jun 5, 06:00 am",0,0.0786916
"Jun 5, 07:00 am",0,0.0786916
"Jun 5, 08:00 am",0,0.0786916
"Jun 5, 09:00 am",0,0.0977895
"Jun 5, 10:00 am",677.026,0.385034
"Jun 5, 11:00 am",880.188,0.427906
"Jun 5, 12:00 pm",856.07,0.416117
"Jun 5, 01:00 pm",838.865,0.407725
"Jun 5, 02:00 pm",863.014,0.419511
"Jun 5, 03:00 pm",859.185,0.417614
"Jun 5, 04:00 pm",496.29,0.241308
"Jun 5, 05:00 pm",5.25089,0.0786916
"Jun 5, 06:00 pm",0,0.0786916
"Jun 5, 07:00 pm",0,0.0786916
"Jun 5, 08:00 pm",0,0.0786916
"Jun 5, 09:00 pm",0,0.0786916
"Jun 5, 10:00 pm",0,0.0786916
"Jun 5, 11:00 pm",0,0.0786916
"Jun 6, 12:00 am",0,0.0786916
"Jun 6, 01:00 am",0,0.0786916
"Jun 6, 02:00 am",0,0.0786916
"Jun 6, 03:00 am",0,0.0786916
"Jun 6, 04:00 am",0,0.0786916
"Jun 6, 05:00 am",0,0.0786916
"Jun 6, 06:00 am",0,0.0786916
"Jun 6, 07:00 am",0,0.0786916
"Jun 6, 08:00 am",0,0.0786916
"Jun 6, 09:00 am",0,0.0965233
"Jun 6, 10:00 am",651.383,0.370662
"Jun 6, 11:00 am",848.295,0.412369
"Jun 6, 12:00 pm",6.30268,0.0786916
"Jun 6, 01:00 pm",0,0.0786916
"Jun 6, 02:00 pm",0,0.0786916
"Jun 6, 03:00 pm",0,0.0786916
"Jun 6, 04:00 pm",276.073,0.214069
"Jun 6, 05:00 pm",5.1536,0.0786916
"Jun 6, 06:00 pm",0,0.0786916
"Jun 6, 07:00 pm",0,0.0786916
"Jun 6, 08:00 pm",0,0.0786916
"Jun 6, 09:00 pm",0,0.0786916
"Jun 6, 10:00 pm",0,0.0786916
"Jun 6, 11:00 pm",0,0.0786916
"Jun 7, 12:00 am",0,0.0786916
"Jun 7, 01:00 am",0,0.0786916
"Jun 7, 02:00 am",0,0.0786916
"Jun 7, 03:00 am",0,0.0786916
"Jun 7, 04:00 am",0,0.0786916
"Jun 7, 05:00 am",0,0.0786916
"Jun 7, 06:00 am",0,0.0786916
"Jun 7, 07:00 am",0,0.0786916
"Jun 7, 08:00 am",0,0.0786916
"Jun 7, 09:00 am",0,0.0786916
"Jun 7, 10:00 am",0,0.0786916
"Jun 7, 11:00 am",0,0.0786916
"Jun 7, 12:00 pm",0,0.0786916
"Jun 7, 01:00 pm",0,0.0786916
"Jun 7, 02:00 pm",0,0.0786916
"Jun 7, 03:00 pm",455.945,0.257011
"Jun 7, 04:00 pm",443.433,0.215626
"Jun 7, 05:00 pm",4.81523,0.0786916
"Jun 7, 06:00 pm",0,0.0786916
"Jun 7, 07:00 pm",0,0.0786916
"Jun 7, 08:00 pm",0,0.0786916
"Jun 7, 09:00 pm",0,0.0786916
"Jun 7, 10:00 pm",0,0.0786916
"Jun 7, 11:00 pm",0,0.0786916
"Jun 8, 12:00 am",0,0.0786916
"Jun 8, 01:00 am",0,0.0786916
"Jun 8, 02:00 am",0,0.0786916
"Jun 8, 03:00 am",0,0.0786916
"Jun 8, 04:00 am",0,0.0786916
"Jun 8, 05:00 am",0,0.0786916
"Jun 8, 06:00 am",0,0.0786916
"Jun 8, 07:00 am",0,0.0786916
"Jun 8, 08:00 am",0,0.0786916
"Jun 8, 09:00 am",0,0.0950061
"Jun 8, 10:00 am",627.266,0.357475
"Jun 8, 11:00 am",822.261,0.399671
"Jun 8, 12:00 pm",800.14,0.388827
"Jun 8, 01:00 pm",781.121,0.379521
"Jun 8, 02:00 pm",802.264,0.389851
"Jun 8, 03:00 pm",794.683,0.386152
"Jun 8, 04:00 pm",446.964,0.217351
"Jun 8, 05:00 pm",4.98541,0.0786916
"Jun 8, 06:00 pm",0,0.0786916
"Jun 8, 07:00 pm",0,0.0786916
"Jun 8, 08:00 pm",0,0.0786916
"Jun 8, 09:00 pm",0,0.0786916
"Jun 8, 10:00 pm",0,0.0786916
"Jun 8, 11:00 pm",0,0.0786916
"Jun 9, 12:00 am",0,0.0786916
"Jun 9, 01:00 am",0,0.0786916
"Jun 9, 02:00 am",0,0.0786916
"Jun 9, 03:00 am",0,0.0786916
"Jun 9, 04:00 am",0,0.0786916
"Jun 9, 05:00 am",0,0.0786916
"Jun 9, 06:00 am",0,0.0786916
"Jun 9, 07:00 am",0,0.0786916
"Jun 9, 08:00 am",0,0.0786916
"Jun 9, 09:00 am",0,0.0949333
"Jun 9, 10:00 am",626.661,0.357187
"Jun 9, 11:00 am",822.246,0.399662
"Jun 9, 12:00 pm",801.881,0.389675
"Jun 9, 01:00 pm",783.933,0.380898
"Jun 9, 02:00 pm",807.543,0.392434
"Jun 9, 03:00 pm",802.817,0.390125
"Jun 9, 04:00 pm",454.112,0.220816
"Jun 9, 05:00 pm",5.13413,0.0786916
"Jun 9, 06:00 pm",0,0.0786916
"Jun 9, 07:00 pm",0,0.0786916
"Jun 9, 08:00 pm",0,0.0786916
"Jun 9, 09:00 pm",0,0.0786916
"Jun 9, 10:00 pm",0,0.0786916
"Jun 9, 11:00 pm",0,0.0786916
"Jun 10, 12:00 am",0,0.0786916
"Jun 10, 01:00 am",0,0.0786916
"Jun 10, 02:00 am",0,0.0786916
"Jun 10, 03:00 am",0,0.0786916
"Jun 10, 04:00 am",0,0.0786916
"Jun 10, 05:00 am",0,0.0786916
"Jun 10, 06:00 am",0,0.0786916
"Jun 10, 07:00 am",0,0.0786916
"Jun 10, 08:00 am",0,0.0786916
"Jun 10, 09:00 am",0,0.0948491
"Jun 10, 10:00 am",628.062,0.357938
"Jun 10, 11:00 am",825.577,0.401285
"Jun 10, 12:00 pm",804.13,0.390771
"Jun 10, 01:00 pm",784.881,0.381362
"Jun 10, 02:00 pm",808.276,0.392794
"Jun 10, 03:00 pm",802.966,0.390195
"Jun 10, 04:00 pm",453.652,0.22059
"Jun 10, 05:00 pm",5.1743,0.0786916
"Jun 10, 06:00 pm",0,0.0786916
"Jun 10, 07:00 pm",0,0.0786916
"Jun 10, 08:00 pm",0,0.0786916
"Jun 10, 09:00 pm",0,0.0786916
"Jun 10, 10:00 pm",0,0.0786916
"Jun 10, 11:00 pm",0,0.0786916
"Jun 11, 12:00 am",0,0.0786916
"Jun 11, 01:00 am",0,0.0786916
"Jun 11, 02:00 am",0,0.0786916
"Jun 11, 03:00 am",0,0.0786916
"Jun 11, 04:00 am",0,0.0786916
"Jun 11, 05:00 am",0,0.0786916
"Jun 11, 06:00 am",0,0.0786916
"Jun 11, 07:00 am",0,0.0786916
"Jun 11, 08:00 am",0,0.0786916
"Jun 11, 09:00 am",0,0.0957197
"Jun 11, 10:00 am",648.988,0.369249
"Jun 11, 11:00 am",849.122,0.412759
"Jun 11, 12:00 pm",826.458,0.401672
"Jun 11, 01:00 pm",805.911,0.391632
"Jun 11, 02:00 pm",831.505,0.404144
"Jun 11, 03:00 pm",827.319,0.402081
"Jun 11, 04:00 pm",470.657,0.228846
"Jun 11, 05:00 pm",5.20619,0.0786916
"Jun 11, 06:00 pm",0,0.0786916
"Jun 11, 07:00 pm",0,0.0786916
"Jun 11, 08:00 pm",0,0.0786916
"Jun 11, 09:00 pm",0,0.0786916
"Jun 11, 10:00 pm",0,0.0786916
"Jun 11, 11:00 pm",0,0.0786916
"Jun 12, 12:00 am",0,0.0786916
"Jun 12, 01:00 am",0,0.0786916
"Jun 12, 02:00 am",0,0.0786916
"Jun 12, 03:00 am",0,0.0786916
"Jun 12, 04:00 am",0,0.0786916
"Jun 12, 05:00 am",0,0.0786916
"Jun 12, 06:00 am",0,0.0786916
"Jun 12, 07:00 am",0,0.0786916
"Jun 12, 08:00 am",0,0.0786916
"Jun 12, 09:00 am",0,0.0957084
"Jun 12, 10:00 am",648.484,0.36906
"Jun 12, 11:00 am",849.057,0.412722
"Jun 12, 12:00 pm",824.226,0.40059
"Jun 12, 01:00 pm",801.31,0.389391
"Jun 12, 02:00 pm",825.116,0.401034
"Jun 12, 03:00 pm",816.856,0.396991
"Jun 12, 04:00 pm",460.721,0.224028
"Jun 12, 05:00 pm",5.06941,0.0786916
"Jun 12, 06:00 pm",0,0.0786916
"Jun 12, 07:00 pm",0,0.0786916
"Jun 12, 08:00 pm",0,0.0786916
"Jun 12, 09:00 pm",0,0.0786916
"Jun 12, 10:00 pm",0,0.0786916
"Jun 12, 11:00 pm",0,0.0786916
"Jun 13, 12:00 am",0,0.0786916
"Jun 13, 01:00 am",0,0.0786916
"Jun 13, 02:00 am",0,0.0786916
"Jun 13, 03:00 am",0,0.0786916
"Jun 13, 04:00 am",0,0.0786916
"Jun 13, 05:00 am",0,0.0786916
"Jun 13, 06:00 am",0,0.0786916
"Jun 13, 07:00 am",0,0.0786916
"Jun 13, 08:00 am",0,0.0786916
"Jun 13, 09:00 am",0,0.0786916
"Jun 13, 10:00 am",0,0.0786916
"Jun 13, 11:00 am",0,0.0786916
"Jun 13, 12:00 pm",470.101,0.263558
"Jun 13, 01:00 pm",783.337,0.380568
"Jun 13, 02:00 pm",804.951,0.391167
"Jun 13, 03:00 pm",795.217,0.386407
"Jun 13, 04:00 pm",446.708,0.217223
"Jun 13, 05:00 pm",4.98943,0.0786916
"Jun 13, 06:00 pm",0,0.0786916
"Jun 13, 07:00 pm",0,0.0786916
"Jun 13, 08:00 pm",0,0.0786916
"Jun 13, 09:00 pm",0,0.0786916
"Jun 13, 10:00 pm",0,0.0786916
"Jun 13, 11:00 pm",0,0.0786916
"Jun 14, 12:00 am",0,0.0786916
"Jun 14, 01:00 am",0,0.0786916
"Jun 14, 02:00 am",0,0.0786916
"Jun 14, 03:00 am",0,0.0786916
"Jun 14, 04:00 am",0,0.0786916
"Jun 14, 05:00 am",0,0.0786916
"Jun 14, 06:00 am",0,0.0786916
"Jun 14, 07:00 am",0,0.0786916
"Jun 14, 08:00 am",0,0.0786916
"Jun 14, 09:00 am",0,0.0786916
"Jun 14, 10:00 am",0,0.0786916
"Jun 14, 11:00 am",0,0.0786916
"Jun 14, 12:00 pm",0,0.0786916
"Jun 14, 01:00 pm",0,0.0786916
"Jun 14, 02:00 pm",0,0.0786916
"Jun 14, 03:00 pm",0,0.0786916
"Jun 14, 04:00 pm",0,0.0786916
"Jun 14, 05:00 pm",0,0.0786916
"Jun 14, 06:00 pm",0,0.0786916
"Jun 14, 07:00 pm",0,0.0786916
"Jun 14, 08:00 pm",0,0.0786916
"Jun 14, 09:00 pm",0,0.0786916
"Jun 14, 10:00 pm",0,0.0786916
"Jun 14, 11:00 pm",0,0.0786916
"Jun 15, 12:00 am",0,0.0786916
"Jun 15, 01:00 am",0,0.0786916
"Jun 15, 02:00 am",0,0.0786916
"Jun 15, 03:00 am",0,0.0786916
"Jun 15, 04:00 am",0,0.0786916
"Jun 15, 05:00 am",0,0.0786916
"Jun 15, 06:00 am",0,0.0786916
"Jun 15, 07:00 am",0,0.0786916
"Jun 15, 08:00 am",0,0.0786916
"Jun 15, 09:00 am",0,0.0786916
"Jun 15, 10:00 am",708.899,0.344866
"Jun 15, 11:00 am",789.824,0.383828
"Jun 15, 12:00 pm",772.885,0.375481
"Jun 15, 01:00 pm",754.365,0.366758
"Jun 15, 02:00 pm",779.879,0.378929
"Jun 15, 03:00 pm",779.651,0.378784
"Jun 15, 04:00 pm",444.062,0.215933
"Jun 15, 05:00 pm",4.86807,0.0786916
"Jun 15, 06:00 pm",0,0.0786916
"Jun 15, 07:00 pm",0,0.0786916
"Jun 15, 08:00 pm",0,0.0786916
"Jun 15, 09:00 pm",0,0.0786916
"Jun 15, 10:00 pm",0,0.0786916
"Jun 15, 11:00 pm",0,0.0786916
"Jun 16, 12:00 am",0,0.0786916
"Jun 16, 01:00 am",0,0.0786916
"Jun 16, 02:00 am",0,0.0786916
"Jun 16, 03:00 am",0,0.0786916
"Jun 16, 04:00 am",0,0.0786916
"Jun 16, 05:00 am",0,0.0786916
"Jun 16, 06:00 am",0,0.0786916
"Jun 16, 07:00 am",0,0.0786916
"Jun 16, 08:00 am",0,0.0786916
"Jun 16, 09:00 am",0,0.0786916
"Jun 16, 10:00 am",0,0.0786916
"Jun 16, 11:00 am",0,0.0786916
"Jun 16, 12:00 pm",0,0.0786916
"Jun 16, 01:00 pm",0,0.0786916
"Jun 16, 02:00 pm",0,0.0786916
"Jun 16, 03:00 pm",0,0.0786916
"Jun 16, 04:00 pm",0,0.0786916
"Jun 16, 05:00 pm",0,0.0786916
"Jun 16, 06:00 pm",0,0.0786916
"Jun 16, 07:00 pm",0,0.0786916
"Jun 16, 08:00 pm",0,0.0786916
"Jun 16, 09:00 pm",0,0.0786916
"Jun 16, 10:00 pm",0,0.0786916
"Jun 16, 11:00 pm",0,0.0786916
"Jun 17, 12:00 am",0,0.0786916
"Jun 17, 01:00 am",0,0.0786916
"Jun 17, 02:00 am",0,0.0786916
"Jun 17, 03:00 am",0,0.0786916
"Jun 17, 04:00 am",0,0.0786916
"Jun 17, 05:00 am",0,0.0786916
"Jun 17, 06:00 am",0,0.0786916
"Jun 17, 07:00 am",0,0.0786916
"Jun 17, 08:00 am",0,0.0786916
"Jun 17, 09:00 am",0,0.0786916
"Jun 17, 10:00 am",698.501,0.33979
"Jun 17, 11:00 am",777.744,0.377896
"Jun 17, 12:00 pm",755.739,0.367429
"Jun 17, 01:00 pm",730.177,0.35502
"Jun 17, 02:00 pm",749.158,0.364271
"Jun 17, 03:00 pm",747.632,0.363507
"Jun 17, 04:00 pm",426.21,0.207269
"Jun 17, 05:00 pm",5.07748,0.0786916
"Jun 17, 06:00 pm",0,0.0786916
"Jun 17, 07:00 pm",0,0.0786916
"Jun 17, 08:00 pm",0,0.0786916
"Jun 17, 09:00 pm",0,0.0786916
"Jun 17, 10:00 pm",0,0.0786916
"Jun 17, 11:00 pm",0,0.0786916
"Jun 18, 12:00 am",0,0.0786916
"Jun 18, 01:00 am",0,0.0786916
"Jun 18, 02:00 am",0,0.0786916
"Jun 18, 03:00 am",0,0.0786916
"Jun 18, 04:00 am",0,0.0786916
"Jun 18, 05:00 am",0,0.0786916
"Jun 18, 06:00 am",0,0.0786916
"Jun 18, 07:00 am",0,0.0786916
"Jun 18, 08:00 am",0,0.0786916
"Jun 18, 09:00 am",0,0.0786916
"Jun 18, 10:00 am",0,0.0786916
"Jun 18, 11:00 am",0,0.0786916
"Jun 18, 12:00 pm",0,0.0786916
"Jun 18, 01:00 pm",0,0.0786916
"Jun 18, 02:00 pm",0,0.0786916
"Jun 18, 03:00 pm",0,0.0786916
"Jun 18, 04:00 pm",0,0.0786916
"Jun 18, 05:00 pm",0,0.0786916
"Jun 18, 06:00 pm",0,0.0786916
"Jun 18, 07:00 pm",0,0.0786916
"Jun 18, 08:00 pm",0,0.0786916
"Jun 18, 09:00 pm",0,0.0786916
"Jun 18, 10:00 pm",0,0.0786916
"Jun 18, 11:00 pm",0,0.0786916
"Jun 19, 12:00 am",0,0.0786916
"Jun 19, 01:00 am",0,0.0786916
"Jun 19, 02:00 am",0,0.0786916
"Jun 19, 03:00 am",0,0.0786916
"Jun 19, 04:00 am",0,0.0786916
"Jun 19, 05:00 am",0,0.0786916
"Jun 19, 06:00 am",0,0.0786916
"Jun 19, 07:00 am",0,0.0786916
"Jun 19, 08:00 am",0,0.0786916
"Jun 19, 09:00 am",0,0.0786916
"Jun 19, 10:00 am",0,0.0786916
"Jun 19, 11:00 am",0,0.0786916
"Jun 19, 12:00 pm",0,0.0786916
"Jun 19, 01:00 pm",365.974,0.216366
"Jun 19, 02:00 pm",741.18,0.3604
"Jun 19, 03:00 pm",738.421,0.359047
"Jun 19, 04:00 pm",422.615,0.205536
"Jun 19, 05:00 pm",4.85808,0.0786916
"Jun 19, 06:00 pm",0,0.0786916
"Jun 19, 07:00 pm",0,0.0786916
"Jun 19, 08:00 pm",0,0.0786916
"Jun 19, 09:00 pm",0,0.0786916
"Jun 19, 10:00 pm",0,0.0786916
"Jun 19, 11:00 pm",0,0.0786916
"Jun 20, 12:00 am",0,0.0786916
"Jun 20, 01:00 am",0,0.0786916
"Jun 20, 02:00 am",0,0.0786916
"Jun 20, 03:00 am",0,0.0786916
"Jun 20, 04:00 am",0,0.0786916
"Jun 20, 05:00 am",0,0.0786916
"Jun 20, 06:00 am",0,0.0786916
"Jun 20, 07:00 am",0,0.0786916
"Jun 20, 08:00 am",0,0.0786916
"Jun 20, 09:00 am",0,0.0786916
"Jun 20, 10:00 am",0,0.0786916
"Jun 20, 11:00 am",0,0.0786916
"Jun 20, 12:00 pm",0,0.0786916
"Jun 20, 01:00 pm",0,0.0786916
"Jun 20, 02:00 pm",0,0.0786916
"Jun 20, 03:00 pm",0,0.0786916
"Jun 20, 04:00 pm",0,0.0786916
"Jun 20, 05:00 pm",0,0.0786916
"Jun 20, 06:00 pm",0,0.0786916
"Jun 20, 07:00 pm",0,0.0786916
"Jun 20, 08:00 pm",0,0.0786916
"Jun 20, 09:00 pm",0,0.0786916
"Jun 20, 10:00 pm",0,0.0786916
"Jun 20, 11:00 pm",0,0.0786916
"Jun 21, 12:00 am",0,0.0786916
"Jun 21, 01:00 am",0,0.0786916
"Jun 21, 02:00 am",0,0.0786916
"Jun 21, 03:00 am",0,0.0786916
"Jun 21, 04:00 am",0,0.0786916
"Jun 21, 05:00 am",0,0.0786916
"Jun 21, 06:00 am",0,0.0786916
"Jun 21, 07:00 am",0,0.0786916
"Jun 21, 08:00 am",0,0.0786916
"Jun 21, 09:00 am",0,0.0786916
"Jun 21, 10:00 am",0,0.0786916
"Jun 21, 11:00 am",0,0.0786916
"Jun 21, 12:00 pm",0,0.0786916
"Jun 21, 01:00 pm",0,0.0786916
"Jun 21, 02:00 pm",435.705,0.248365
"Jun 21, 03:00 pm",794.765,0.386128
"Jun 21, 04:00 pm",464.567,0.225917
"Jun 21, 05:00 pm",4.78792,0.0786916
"Jun 21, 06:00 pm",0,0.0786916
"Jun 21, 07:00 pm",0,0.0786916
"Jun 21, 08:00 pm",0,0.0786916
"Jun 21, 09:00 pm",0,0.0786916
"Jun 21, 10:00 pm",0,0.0786916
"Jun 21, 11:00 pm",0,0.0786916
"Jun 22, 12:00 am",0,0.0786916
"Jun 22, 01:00 am",0,0.0786916
"Jun 22, 02:00 am",0,0.0786916
"Jun 22, 03:00 am",0,0.0786916
"Jun 22, 04:00 am",0,0.0786916
"Jun 22, 05:00 am",0,0.0786916
"Jun 22, 06:00 am",0,0.0786916
"Jun 22, 07:00 am",0,0.0786916
"Jun 22, 08:00 am",0,0.0786916
"Jun 22, 09:00 am",0,0.0786916
"Jun 22, 10:00 am",0,0.0786916
"Jun 22, 11:00 am",0,0.0786916
"Jun 22, 12:00 pm",0,0.0786916
"Jun 22, 01:00 pm",0,0.0786916
"Jun 22, 02:00 pm",0,0.0786916
"Jun 22, 03:00 pm",0,0.0786916
"Jun 22, 04:00 pm",0,0.0786916
"Jun 22, 05:00 pm",0,0.0786916
"Jun 22, 06:00 pm",0,0.0786916
"Jun 22, 07:00 pm",0,0.0786916
"Jun 22, 08:00 pm",0,0.0786916
"Jun 22, 09:00 pm",0,0.0786916
"Jun 22, 10:00 pm",0,0.0786916
"Jun 22, 11:00 pm",0,0.0786916
"Jun 23, 12:00 am",0,0.0786916
"Jun 23, 01:00 am",0,0.0786916
"Jun 23, 02:00 am",0,0.0786916
"Jun 23, 03:00 am",0,0.0786916
"Jun 23, 04:00 am",0,0.0786916
"Jun 23, 05:00 am",0,0.0786916
"Jun 23, 06:00 am",0,0.0786916
"Jun 23, 07:00 am",0,0.0786916
"Jun 23, 08:00 am",0,0.0786916
"Jun 23, 09:00 am",0,0.0786916
"Jun 23, 10:00 am",745.194,0.361723
"Jun 23, 11:00 am",826.578,0.401792
"Jun 23, 12:00 pm",804.054,0.390747
"Jun 23, 01:00 pm",777.047,0.377522
"Jun 23, 02:00 pm",801.72,0.389576
"Jun 23, 03:00 pm",802.921,0.390192
"Jun 23, 04:00 pm",478.569,0.232718
"Jun 23, 05:00 pm",4.88176,0.0786916
"Jun 23, 06:00 pm",0,0.0786916
"Jun 23, 07:00 pm",0,0.0786916
"Jun 23, 08:00 pm",0,0.0786916
"Jun 23, 09:00 pm",0,0.0786916
"Jun 23, 10:00 pm",0,0.0786916
"Jun 23, 11:00 pm",0,0.0786916
"Jun 24, 12:00 am",0,0.0786916
"Jun 24, 01:00 am",0,0.0786916
"Jun 24, 02:00 am",0,0.0786916
"Jun 24, 03:00 am",0,0.0786916
"Jun 24, 04:00 am",0,0.0786916
"Jun 24, 05:00 am",0,0.0786916
"Jun 24, 06:00 am",0,0.0786916
"Jun 24, 07:00 am",0,0.0786916
"Jun 24, 08:00 am",0,0.0786916
"Jun 24, 09:00 am",0,0.0786916
"Jun 24, 10:00 am",753.258,0.36331
"Jun 24, 11:00 am",815.686,0.396448
"Jun 24, 12:00 pm",794.299,0.38597
"Jun 24, 01:00 pm",767.697,0.372925
"Jun 24, 02:00 pm",792.225,0.384906
"Jun 24, 03:00 pm",6.16577,0.0786916
"Jun 24, 04:00 pm",0,0.0786916
"Jun 24, 05:00 pm",0,0.0786916
"Jun 24, 06:00 pm",0,0.0786916
"Jun 24, 07:00 pm",0,0.0786916
"Jun 24, 08:00 pm",0,0.0786916
"Jun 24, 09:00 pm",0,0.0786916
"Jun 24, 10:00 pm",0,0.0786916
"Jun 24, 11:00 pm",0,0.0786916
"Jun 25, 12:00 am",0,0.0786916
"Jun 25, 01:00 am",0,0.0786916
"Jun 25, 02:00 am",0,0.0786916
"Jun 25, 03:00 am",0,0.0786916
"Jun 25, 04:00 am",0,0.0786916
"Jun 25, 05:00 am",0,0.0786916
"Jun 25, 06:00 am",0,0.0786916
"Jun 25, 07:00 am",0,0.0786916
"Jun 25, 08:00 am",0,0.0786916
"Jun 25, 09:00 am",0,0.0786916
"Jun 25, 10:00 am",0,0.0786916
"Jun 25, 11:00 am",0,0.0786916
"Jun 25, 12:00 pm",0,0.0786916
"Jun 25, 01:00 pm",0,0.0786916
"Jun 25, 02:00 pm",420.831,0.240969
"Jun 25, 03:00 pm",758.026,0.368499
"Jun 25, 04:00 pm",453.36,0.220475
"Jun 25, 05:00 pm",4.9153,0.0786916
"Jun 25, 06:00 pm",0,0.0786916
"Jun 25, 07:00 pm",0,0.0786916
"Jun 25, 08:00 pm",0,0.0786916
"Jun 25, 09:00 pm",0,0.0786916
"Jun 25, 10:00 pm",0,0.0786916
"Jun 25, 11:00 pm",0,0.0786916
"Jun 26, 12:00 am",0,0.0786916
"Jun 26, 01:00 am",0,0.0786916
"Jun 26, 02:00 am",0,0.0786916
"Jun 26, 03:00 am",0,0.0786916
"Jun 26, 04:00 am",0,0.0786916
"Jun 26, 05:00 am",0,0.0786916
"Jun 26, 06:00 am",0,0.0786916
"Jun 26, 07:00 am",0,0.0786916
"Jun 26, 08:00 am",0,0.0786916
"Jun 26, 09:00 am",0,0.0786916
"Jun 26, 10:00 am",0,0.0786916
"Jun 26, 11:00 am",0,0.0786916
"Jun 26, 12:00 pm",425.269,0.24303
"Jun 26, 01:00 pm",736.483,0.358034
"Jun 26, 02:00 pm",757.546,0.36835
"Jun 26, 03:00 pm",758.842,0.368589
"Jun 26, 04:00 pm",461.107,0.224179
"Jun 26, 05:00 pm",5.05578,0.0786916
"Jun 26, 06:00 pm",0,0.0786916
"Jun 26, 07:00 pm",0,0.0786916
"Jun 26, 08:00 pm",0,0.0786916
"Jun 26, 09:00 pm",0,0.0786916
"Jun 26, 10:00 pm",0,0.0786916
"Jun 26, 11:00 pm",0,0.0786916
"Jun 27, 12:00 am",0,0.0786916
"Jun 27, 01:00 am",0,0.0786916
"Jun 27, 02:00 am",0,0.0786916
"Jun 27, 03:00 am",0,0.0786916
"Jun 27, 04:00 am",0,0.0786916
"Jun 27, 05:00 am",0,0.0786916
"Jun 27, 06:00 am",0,0.0786916
"Jun 27, 07:00 am",0,0.0786916
"Jun 27, 08:00 am",0,0.0786916
"Jun 27, 09:00 am",0,0.0786916
"Jun 27, 10:00 am",0,0.0786916
"Jun 27, 11:00 am",0,0.0786916
"Jun 27, 12:00 pm",0,0.0786916
"Jun 27, 01:00 pm",0,0.0786916
"Jun 27, 02:00 pm",0,0.0786916
"Jun 27, 03:00 pm",0,0.0786916
"Jun 27, 04:00 pm",0,0.0786916
"Jun 27, 05:00 pm",0,0.0786916
"Jun 27, 06:00 pm",0,0.0786916
"Jun 27, 07:00 pm",0,0.0786916
"Jun 27, 08:00 pm",0,0.0786916
"Jun 27, 09:00 pm",0,0.0786916
"Jun 27, 10:00 pm",0,0.0786916
"Jun 27, 11:00 pm",0,0.0786916
"Jun 28, 12:00 am",0,0.0786916
"Jun 28, 01:00 am",0,0.0786916
"Jun 28, 02:00 am",0,0.0786916
"Jun 28, 03:00 am",0,0.0786916
"Jun 28, 04:00 am",0,0.0786916
"Jun 28, 05:00 am",0,0.0786916
"Jun 28, 06:00 am",0,0.0786916
"Jun 28, 07:00 am",0,0.0786916
"Jun 28, 08:00 am",0,0.0786916
"Jun 28, 09:00 am",0,0.0786916
"Jun 28, 10:00 am",0,0.0786916
"Jun 28, 11:00 am",0,0.0786916
"Jun 28, 12:00 pm",0,0.0786916
"Jun 28, 01:00 pm",0,0.0786916
"Jun 28, 02:00 pm",0,0.0786916
"Jun 28, 03:00 pm",0,0.0786916
"Jun 28, 04:00 pm",0,0.0786916
"Jun 28, 05:00 pm",0,0.0786916
"Jun 28, 06:00 pm",0,0.0786916
"Jun 28, 07:00 pm",0,0.0786916
"Jun 28, 08:00 pm",0,0.0786916
"Jun 28, 09:00 pm",0,0.0786916
"Jun 28, 10:00 pm",0,0.0786916
"Jun 28, 11:00 pm",0,0.0786916
"Jun 29, 12:00 am",0,0.0786916
"Jun 29, 01:00 am",0,0.0786916
"Jun 29, 02:00 am",0,0.0786916
"Jun 29, 03:00 am",0,0.0786916
"Jun 29, 04:00 am",0,0.0786916
"Jun 29, 05:00 am",0,0.0786916
"Jun 29, 06:00 am",0,0.0786916
"Jun 29, 07:00 am",0,0.0786916
"Jun 29, 08:00 am",0,0.0786916
"Jun 29, 09:00 am",0,0.0786916
"Jun 29, 10:00 am",719.004,0.349794
"Jun 29, 11:00 am",815.075,0.396178
"Jun 29, 12:00 pm",5.99185,0.0786916
"Jun 29, 01:00 pm",0,0.0786916
"Jun 29, 02:00 pm",0,0.0786916
"Jun 29, 03:00 pm",0,0.0786916
"Jun 29, 04:00 pm",0,0.0786916
"Jun 29, 05:00 pm",0,0.0786916
"Jun 29, 06:00 pm",0,0.0786916
"Jun 29, 07:00 pm",0,0.0786916
"Jun 29, 08:00 pm",0,0.0786916
"Jun 29, 09:00 pm",0,0.0786916
"Jun 29, 10:00 pm",0,0.0786916
"Jun 29, 11:00 pm",0,0.0786916
"Jun 30, 12:00 am",0,0.0786916
"Jun 30, 01:00 am",0,0.0786916
"Jun 30, 02:00 am",0,0.0786916
"Jun 30, 03:00 am",0,0.0786916
"Jun 30, 04:00 am",0,0.0786916
"Jun 30, 05:00 am",0,0.0786916
"Jun 30, 06:00 am",0,0.0786916
"Jun 30, 07:00 am",0,0.0786916
"Jun 30, 08:00 am",0,0.0786916
"Jun 30, 09:00 am",0,0.0786916
"Jun 30, 10:00 am",0,0.0786916
"Jun 30, 11:00 am",0,0.0786916
"Jun 30, 12:00 pm",0,0.0786916
"Jun 30, 01:00 pm",0,0.0786916
"Jun 30, 02:00 pm",0,0.0786916
"Jun 30, 03:00 pm",0,0.0786916
"Jun 30, 04:00 pm",0,0.0786916
"Jun 30, 05:00 pm",0,0.0786916
"Jun 30, 06:00 pm",0,0.0786916
"Jun 30, 07:00 pm",0,0.0786916
"Jun 30, 08:00 pm",0,0.0786916
"Jun 30, 09:00 pm",0,0.0786916
"Jun 30, 10:00 pm",0,0.0786916
"Jun 30, 11:00 pm",0,0.0786916
"Jul 1, 12:00 am",0,0.0786916
"Jul 1, 01:00 am",0,0.0786916
"Jul 1, 02:00 am",0,0.0786916
"Jul 1, 03:00 am",0,0.0786916
"Jul 1, 04:00 am",0,0.0786916
"Jul 1, 05:00 am",0,0.0786916
"Jul 1, 06:00 am",0,0.0786916
"Jul 1, 07:00 am",0,0.0786916
"Jul 1, 08:00 am",0,0.0786916
"Jul 1, 09:00 am",0,0.0786916
"Jul 1, 10:00 am",5.39183,0.0786916
"Jul 1, 11:00 am",0,0.0786916
"Jul 1, 12:00 pm",645.043,0.366973
"Jul 1, 01:00 pm",747.545,0.363436
"Jul 1, 02:00 pm",768.463,0.373316
"Jul 1, 03:00 pm",769.043,0.373546
"Jul 1, 04:00 pm",489.57,0.238038
"Jul 1, 05:00 pm",4.96302,0.0786916
"Jul 1, 06:00 pm",0,0.0786916
"Jul 1, 07:00 pm",0,0.0786916
"Jul 1, 08:00 pm",0,0.0786916
"Jul 1, 09:00 pm",0,0.0786916
"Jul 1, 10:00 pm",0,0.0786916
"Jul 1, 11:00 pm",0,0.0786916
"Jul 2, 12:00 am",0,0.0786916
"Jul 2, 01:00 am",0,0.0786916
"Jul 2, 02:00 am",0,0.0786916
"Jul 2, 03:00 am",0,0.0786916
"Jul 2, 04:00 am",0,0.0786916
"Jul 2, 05:00 am",0,0.0786916
"Jul 2, 06:00 am",0,0.0786916
"Jul 2, 07:00 am",0,0.0786916
"Jul 2, 08:00 am",0,0.0786916
"Jul 2, 09:00 am",0,0.0786916
"Jul 2, 10:00 am",0,0.0786916
"Jul 2, 11:00 am",0,0.0786916
"Jul 2, 12:00 pm",0,0.0786916
"Jul 2, 01:00 pm",0,0.0786916
"Jul 2, 02:00 pm",0,0.0786916
"Jul 2, 03:00 pm",0,0.0786916
"Jul 2, 04:00 pm",0,0.0786916
"Jul 2, 05:00 pm",0,0.0786916
"Jul 2, 06:00 pm",0,0.0786916
"Jul 2, 07:00 pm",0,0.0786916
"Jul 2, 08:00 pm",0,0.0786916
"Jul 2, 09:00 pm",0,0.0786916
"Jul 2, 10:00 pm",0,0.0786916
"Jul 2, 11:00 pm",0,0.0786916
"Jul 3, 12:00 am",0,0.0786916
"Jul 3, 01:00 am",0,0.0786916
"Jul 3, 02:00 am",0,0.0786916
"Jul 3, 03:00 am",0,0.0786916
"Jul 3, 04:00 am",0,0.0786916
"Jul 3, 05:00 am",0,0.0786916
"Jul 3, 06:00 am",0,0.0786916
"Jul 3, 07:00 am",0,0.0786916
"Jul 3, 08:00 am",0,0.0786916
"Jul 3, 09:00 am",0,0.0786916
"Jul 3, 10:00 am",0,0.0786916
"Jul 3, 11:00 am",0,0.0786916
"Jul 3, 12:00 pm",0,0.0786916
"Jul 3, 01:00 pm",0,0.0786916
"Jul 3, 02:00 pm",0,0.0786916
"Jul 3, 03:00 pm",0,0.0786916
"Jul 3, 04:00 pm",0,0.0786916
"Jul 3, 05:00 pm",0,0.0786916
"Jul 3, 06:00 pm",0,0.0786916
"Jul 3, 07:00 pm",0,0.0786916
"Jul 3, 08:00 pm",0,0.0786916
"Jul 3, 09:00 pm",0,0.0786916
"Jul 3, 10:00 pm",0,0.0786916
"Jul 3, 11:00 pm",0,0.0786916
"Jul 4, 12:00 am",0,0.0786916
"Jul 4, 01:00 am",0,0.0786916
"Jul 4, 02:00 am",0,0.0786916
"Jul 4, 03:00 am",0,0.0786916
"Jul 4, 04:00 am",0,0.0786916
"Jul 4, 05:00 am",0,0.0786916
"Jul 4, 06:00 am",0,0.0786916
"Jul 4, 07:00 am",0,0.0786916
"Jul 4, 08:00 am",0,0.0786916
"Jul 4, 09:00 am",0,0.0786916
"Jul 4, 10:00 am",8.27796,0.0786916
"Jul 4, 11:00 am",0,0.0786916
"Jul 4, 12:00 pm",689.783,0.392174
"Jul 4, 01:00 pm",802.058,0.389765
"Jul 4, 02:00 pm",828.084,0.402497
"Jul 4, 03:00 pm",836,0.406355
"Jul 4, 04:00 pm",558.827,0.271543
"Jul 4, 05:00 pm",5.11213,0.0786916
"Jul 4, 06:00 pm",0,0.0786916
"Jul 4, 07:00 pm",0,0.0786916
"Jul 4, 08:00 pm",0,0.0786916
"Jul 4, 09:00 pm",0,0.0786916
"Jul 4, 10:00 pm",0,0.0786916
"Jul 4, 11:00 pm",0,0.0786916
"Jul 5, 12:00 am",0,0.0786916
"Jul 5, 01:00 am",0,0.0786916
"Jul 5, 02:00 am",0,0.0786916
"Jul 5, 03:00 am",0,0.0786916
"Jul 5, 04:00 am",0,0.0786916
"Jul 5, 05:00 am",0,0.0786916
"Jul 5, 06:00 am",0,0.0786916
"Jul 5, 07:00 am",0,0.0786916
"Jul 5, 08:00 am",0,0.0786916
"Jul 5, 09:00 am",0,0.0786916
"Jul 5, 10:00 am",0,0.0786916
"Jul 5, 11:00 am",0,0.0786916
"Jul 5, 12:00 pm",0,0.0786916
"Jul 5, 01:00 pm",0,0.0786916
"Jul 5, 02:00 pm",0,0.0786916
"Jul 5, 03:00 pm",0,0.0786916
"Jul 5, 04:00 pm",0,0.0786916
"Jul 5, 05:00 pm",0,0.0786916
"Jul 5, 06:00 pm",0,0.0786916
"Jul 5, 07:00 pm",0,0.0786916
"Jul 5, 08:00 pm",0,0.0786916
"Jul 5, 09:00 pm",0,0.0786916
"Jul 5, 10:00 pm",0,0.0786916
"Jul 5, 11:00 pm",0,0.0786916
"Jul 6, 12:00 am",0,0.0786916
"Jul 6, 01:00 am",0,0.0786916
"Jul 6, 02:00 am",0,0.0786916
"Jul 6, 03:00 am",0,0.0786916
"Jul 6, 04:00 am",0,0.0786916
"Jul 6, 05:00 am",0,0.0786916
"Jul 6, 06:00 am",0,0.0786916
"Jul 6, 07:00 am",0,0.0786916
"Jul 6, 08:00 am",0,0.0786916
"Jul 6, 09:00 am",0,0.0786916
"Jul 6, 10:00 am",0,0.0786916
"Jul 6, 11:00 am",0,0.0786916
"Jul 6, 12:00 pm",432.401,0.246918
"Jul 6, 01:00 pm",768.269,0.37312
"Jul 6, 02:00 pm",786.816,0.382254
"Jul 6, 03:00 pm",792.651,0.385152
"Jul 6, 04:00 pm",537.855,0.261558
"Jul 6, 05:00 pm",5.11393,0.0786916
"Jul 6, 06:00 pm",0,0.0786916
"Jul 6, 07:00 pm",0,0.0786916
"Jul 6, 08:00 pm",0,0.0786916
"Jul 6, 09:00 pm",0,0.0786916
"Jul 6, 10:00 pm",0,0.0786916
"Jul 6, 11:00 pm",0,0.0786916
"Jul 7, 12:00 am",0,0.0786916
"Jul 7, 01:00 am",0,0.0786916
"Jul 7, 02:00 am",0,0.0786916
"Jul 7, 03:00 am",0,0.0786916
"Jul 7, 04:00 am",0,0.0786916
"Jul 7, 05:00 am",0,0.0786916
"Jul 7, 06:00 am",0,0.0786916
"Jul 7, 07:00 am",0,0.0786916
"Jul 7, 08:00 am",0,0.0786916
"Jul 7, 09:00 am",0,0.0786916
"Jul 7, 10:00 am",0,0.0786916
"Jul 7, 11:00 am",0,0.0786916
"Jul 7, 12:00 pm",0,0.0786916
"Jul 7, 01:00 pm",0,0.0786916
"Jul 7, 02:00 pm",0,0.0786916
"Jul 7, 03:00 pm",0,0.0786916
"Jul 7, 04:00 pm",0,0.0786916
"Jul 7, 05:00 pm",0,0.0786916
"Jul 7, 06:00 pm",0,0.0786916
"Jul 7, 07:00 pm",0,0.0786916
"Jul 7, 08:00 pm",0,0.0786916
"Jul 7, 09:00 pm",0,0.0786916
"Jul 7, 10:00 pm",0,0.0786916
"Jul 7, 11:00 pm",0,0.0786916
"Jul 8, 12:00 am",0,0.0786916
"Jul 8, 01:00 am",0,0.0786916
"Jul 8, 02:00 am",0,0.0786916
"Jul 8, 03:00 am",0,0.0786916
"Jul 8, 04:00 am",0,0.0786916
"Jul 8, 05:00 am",0,0.0786916
"Jul 8, 06:00 am",0,0.0786916
"Jul 8, 07:00 am",0,0.0786916
"Jul 8, 08:00 am",0,0.0786916
"Jul 8, 09:00 am",0,0.0786916
"Jul 8, 10:00 am",0,0.0786916
"Jul 8, 11:00 am",0,0.0786916
"Jul 8, 12:00 pm",460.82,0.259931
"Jul 8, 01:00 pm",799.746,0.388526
"Jul 8, 02:00 pm",819.473,0.398283
"Jul 8, 03:00 pm",827.522,0.402211
"Jul 8, 04:00 pm",577.333,0.280555
"Jul 8, 05:00 pm",5.1489,0.0786916
"Jul 8, 06:00 pm",0,0.0786916
"Jul 8, 07:00 pm",0,0.0786916
"Jul 8, 08:00 pm",0,0.0786916
"Jul 8, 09:00 pm",0,0.0786916
"Jul 8, 10:00 pm",0,0.0786916
"Jul 8, 11:00 pm",0,0.0786916
"Jul 9, 12:00 am",0,0.0786916
"Jul 9, 01:00 am",0,0.0786916
"Jul 9, 02:00 am",0,0.0786916
"Jul 9, 03:00 am",0,0.0786916
"Jul 9, 04:00 am",0,0.0786916
"Jul 9, 05:00 am",0,0.0786916
"Jul 9, 06:00 am",0,0.0786916
"Jul 9, 07:00 am",0,0.0786916
"Jul 9, 08:00 am",0,0.0786916
"Jul 9, 09:00 am",0,0.0938891
"Jul 9, 10:00 am",620.048,0.353899
"Jul 9, 11:00 am",853.176,0.414767
"Jul 9, 12:00 pm",832.724,0.404738
"Jul 9, 01:00 pm",806.643,0.391996
"Jul 9, 02:00 pm",828.52,0.402695
"Jul 9, 03:00 pm",839.463,0.40803
"Jul 9, 04:00 pm",595.723,0.289499
"Jul 9, 05:00 pm",5.27627,0.0786916
"Jul 9, 06:00 pm",0,0.0786916
"Jul 9, 07:00 pm",0,0.0786916
"Jul 9, 08:00 pm",0,0.0786916
"Jul 9, 09:00 pm",0,0.0786916
"Jul 9, 10:00 pm",0,0.0786916
"Jul 9, 11:00 pm",0,0.0786916
"Jul 10, 12:00 am",0,0.0786916
"Jul 10, 01:00 am",0,0.0786916
"Jul 10, 02:00 am",0,0.0786916
"Jul 10, 03:00 am",0,0.0786916
"Jul 10, 04:00 am",0,0.0786916
"Jul 10, 05:00 am",0,0.0786916
"Jul 10, 06:00 am",0,0.0786916
"Jul 10, 07:00 am",0,0.0786916
"Jul 10, 08:00 am",0,0.0786916
"Jul 10, 09:00 am",0,0.0786916
"Jul 10, 10:00 am",0,0.0786916
"Jul 10, 11:00 am",0,0.0786916
"Jul 10, 12:00 pm",496.193,0.275415
"Jul 10, 01:00 pm",814.909,0.395967
"Jul 10, 02:00 pm",832.063,0.404423
"Jul 10, 03:00 pm",841.323,0.40894
"Jul 10, 04:00 pm",602.969,0.293032
"Jul 10, 05:00 pm",5.22332,0.0786916
"Jul 10, 06:00 pm",0,0.0786916
"Jul 10, 07:00 pm",0,0.0786916
"Jul 10, 08:00 pm",0,0.0786916
"Jul 10, 09:00 pm",0,0.0786916
"Jul 10, 10:00 pm",0,0.0786916
"Jul 10, 11:00 pm",0,0.0786916
"Jul 11, 12:00 am",0,0.0786916
"Jul 11, 01:00 am",0,0.0786916
"Jul 11, 02:00 am",0,0.0786916
"Jul 11, 03:00 am",0,0.0786916
"Jul 11, 04:00 am",0,0.0786916
"Jul 11, 05:00 am",0,0.0786916
"Jul 11, 06:00 am",0,0.0786916
"Jul 11, 07:00 am",0,0.0786916
"Jul 11, 08:00 am",0,0.0786916
"Jul 11, 09:00 am",0,0.0954584
"Jul 11, 10:00 am",651.804,0.371302
"Jul 11, 11:00 am",887.902,0.431682
"Jul 11, 12:00 pm",857.491,0.416811
"Jul 11, 01:00 pm",824.756,0.40084
"Jul 11, 02:00 pm",6.36215,0.0786916
"Jul 11, 03:00 pm",0,0.0786916
"Jul 11, 04:00 pm",0,0.0786916
"Jul 11, 05:00 pm",0,0.0786916
"Jul 11, 06:00 pm",0,0.0786916
"Jul 11, 07:00 pm",0,0.0786916
"Jul 11, 08:00 pm",0,0.0786916
"Jul 11, 09:00 pm",0,0.0786916
"Jul 11, 10:00 pm",0,0.0786916
"Jul 11, 11:00 pm",0,0.0786916
"Jul 12, 12:00 am",0,0.0786916
"Jul 12, 01:00 am",0,0.0786916
"Jul 12, 02:00 am",0,0.0786916
"Jul 12, 03:00 am",0,0.0786916
"Jul 12, 04:00 am",0,0.0786916
"Jul 12, 05:00 am",0,0.0786916
"Jul 12, 06:00 am",0,0.0786916
"Jul 12, 07:00 am",0,0.0786916
"Jul 12, 08:00 am",0,0.0786916
"Jul 12, 09:00 am",0,0.0786916
"Jul 12, 10:00 am",0,0.0786916
"Jul 12, 11:00 am",0,0.0786916
"Jul 12, 12:00 pm",0,0.0786916
"Jul 12, 01:00 pm",0,0.0786916
"Jul 12, 02:00 pm",471.099,0.264011
"Jul 12, 03:00 pm",814.702,0.395917
"Jul 12, 04:00 pm",5.81929,0.0786916
"Jul 12, 05:00 pm",0,0.0786916
"Jul 12, 06:00 pm",0,0.0786916
"Jul 12, 07:00 pm",0,0.0786916
"Jul 12, 08:00 pm",0,0.0786916
"Jul 12, 09:00 pm",0,0.0786916
"Jul 12, 10:00 pm",0,0.0786916
"Jul 12, 11:00 pm",0,0.0786916
"Jul 13, 12:00 am",0,0.0786916
"Jul 13, 01:00 am",0,0.0786916
"Jul 13, 02:00 am",0,0.0786916
"Jul 13, 03:00 am",0,0.0786916
"Jul 13, 04:00 am",0,0.0786916
"Jul 13, 05:00 am",0,0.0786916
"Jul 13, 06:00 am",0,0.0786916
"Jul 13, 07:00 am",0,0.0786916
"Jul 13, 08:00 am",0,0.0786916
"Jul 13, 09:00 am",0,0.0936546
"Jul 13, 10:00 am",0,0.0786916
"Jul 13, 11:00 am",0,0.0786916
"Jul 13, 12:00 pm",0,0.0786916
"Jul 13, 01:00 pm",0,0.0786916
"Jul 13, 02:00 pm",0,0.0786916
"Jul 13, 03:00 pm",0,0.0786916
"Jul 13, 04:00 pm",0,0.0786916
"Jul 13, 05:00 pm",0,0.0786916
"Jul 13, 06:00 pm",0,0.0786916
"Jul 13, 07:00 pm",0,0.0786916
"Jul 13, 08:00 pm",0,0.0786916
"Jul 13, 09:00 pm",0,0.0786916
"Jul 13, 10:00 pm",0,0.0786916
"Jul 13, 11:00 pm",0,0.0786916
"Jul 14, 12:00 am",0,0.0786916
"Jul 14, 01:00 am",0,0.0786916
"Jul 14, 02:00 am",0,0.0786916
"Jul 14, 03:00 am",0,0.0786916
"Jul 14, 04:00 am",0,0.0786916
"Jul 14, 05:00 am",0,0.0786916
"Jul 14, 06:00 am",0,0.0786916
"Jul 14, 07:00 am",0,0.0786916
"Jul 14, 08:00 am",0,0.0786916
"Jul 14, 09:00 am",0,0.0786916
"Jul 14, 10:00 am",0,0.0786916
"Jul 14, 11:00 am",0,0.0786916
"Jul 14, 12:00 pm",0,0.0786916
"Jul 14, 01:00 pm",0,0.0786916
"Jul 14, 02:00 pm",0,0.0786916
"Jul 14, 03:00 pm",0,0.0786916
"Jul 14, 04:00 pm",0,0.0786916
"Jul 14, 05:00 pm",0,0.0786916
"Jul 14, 06:00 pm",0,0.0786916
"Jul 14, 07:00 pm",0,0.0786916
"Jul 14, 08:00 pm",0,0.0786916
"Jul 14, 09:00 pm",0,0.0786916
"Jul 14, 10:00 pm",0,0.0786916
"Jul 14, 11:00 pm",0,0.0786916
"Jul 15, 12:00 am",0,0.0786916
"Jul 15, 01:00 am",0,0.0786916
"Jul 15, 02:00 am",0,0.0786916
"Jul 15, 03:00 am",0,0.0786916
"Jul 15, 04:00 am",0,0.0786916
"Jul 15, 05:00 am",0,0.0786916
"Jul 15, 06:00 am",0,0.0786916
"Jul 15, 07:00 am",0,0.0786916
"Jul 15, 08:00 am",0,0.0786916
"Jul 15, 09:00 am",0,0.0786916
"Jul 15, 10:00 am",754.008,0.364974
"Jul 15, 11:00 am",862.115,0.419138
"Jul 15, 12:00 pm",6.0443,0.0786916
"Jul 15, 01:00 pm",0,0.0786916
"Jul 15, 02:00 pm",0,0.0786916
"Jul 15, 03:00 pm",0,0.0786916
"Jul 15, 04:00 pm",0,0.0786916
"Jul 15, 05:00 pm",0,0.0786916
"Jul 15, 06:00 pm",0,0.0786916
"Jul 15, 07:00 pm",0,0.0786916
"Jul 15, 08:00 pm",0,0.0786916
"Jul 15, 09:00 pm",0,0.0786916
"Jul 15, 10:00 pm",0,0.0786916
"Jul 15, 11:00 pm",0,0.0786916
"Jul 16, 12:00 am",0,0.0786916
"Jul 16, 01:00 am",0,0.0786916
"Jul 16, 02:00 am",0,0.0786916
"Jul 16, 03:00 am",0,0.0786916
"Jul 16, 04:00 am",0,0.0786916
"Jul 16, 05:00 am",0,0.0786916
"Jul 16, 06:00 am",0,0.0786916
"Jul 16, 07:00 am",0,0.0786916
"Jul 16, 08:00 am",0,0.0786916
"Jul 16, 09:00 am",0,0.0786916
"Jul 16, 10:00 am",0,0.0786916
"Jul 16, 11:00 am",0,0.0786916
"Jul 16, 12:00 pm",0,0.0786916
"Jul 16, 01:00 pm",0,0.0786916
"Jul 16, 02:00 pm",0,0.0786916
"Jul 16, 03:00 pm",0,0.0786916
"Jul 16, 04:00 pm",0,0.0786916
"Jul 16, 05:00 pm",0,0.0786916
"Jul 16, 06:00 pm",0,0.0786916
"Jul 16, 07:00 pm",0,0.0786916
"Jul 16, 08:00 pm",0,0.0786916
"Jul 16, 09:00 pm",0,0.0786916
"Jul 16, 10:00 pm",0,0.0786916
"Jul 16, 11:00 pm",0,0.0786916
"Jul 17, 12:00 am",0,0.0786916
"Jul 17, 01:00 am",0,0.0786916
"Jul 17, 02:00 am",0,0.0786916
"Jul 17, 03:00 am",0,0.0786916
"Jul 17, 04:00 am",0,0.0786916
"Jul 17, 05:00 am",0,0.0786916
"Jul 17, 06:00 am",0,0.0786916
"Jul 17, 07:00 am",0,0.0786916
"Jul 17, 08:00 am",0,0.0786916
"Jul 17, 09:00 am",0,0.0786916
"Jul 17, 10:00 am",780.173,0.37674
"Jul 17, 11:00 am",882.531,0.429083
"Jul 17, 12:00 pm",860.906,0.418498
"Jul 17, 01:00 pm",839.942,0.408272
"Jul 17, 02:00 pm",855.075,0.415663
"Jul 17, 03:00 pm",871.206,0.423528
"Jul 17, 04:00 pm",650.449,0.316162
"Jul 17, 05:00 pm",6.14857,0.0786916
"Jul 17, 06:00 pm",0,0.0786916
"Jul 17, 07:00 pm",0,0.0786916
"Jul 17, 08:00 pm",0,0.0786916
"Jul 17, 09:00 pm",0,0.0786916
"Jul 17, 10:00 pm",0,0.0786916
"Jul 17, 11:00 pm",0,0.0786916
"Jul 18, 12:00 am",0,0.0786916
"Jul 18, 01:00 am",0,0.0786916
"Jul 18, 02:00 am",0,0.0786916
"Jul 18, 03:00 am",0,0.0786916
"Jul 18, 04:00 am",0,0.0786916
"Jul 18, 05:00 am",0,0.0786916
"Jul 18, 06:00 am",0,0.0786916
"Jul 18, 07:00 am",0,0.0786916
"Jul 18, 08:00 am",0,0.0786916
"Jul 18, 09:00 am",0,0.0965941
"Jul 18, 10:00 am",667.024,0.379914
"Jul 18, 11:00 am",916.005,0.445613
"Jul 18, 12:00 pm",889.506,0.432418
"Jul 18, 01:00 pm",866.157,0.421043
"Jul 18, 02:00 pm",878.771,0.427196
"Jul 18, 03:00 pm",896.1,0.435635
"Jul 18, 04:00 pm",672.729,0.326999
"Jul 18, 05:00 pm",6.72625,0.0786916
"Jul 18, 06:00 pm",0,0.0786916
"Jul 18, 07:00 pm",0,0.0786916
"Jul 18, 08:00 pm",0,0.0786916
"Jul 18, 09:00 pm",0,0.0786916
"Jul 18, 10:00 pm",0,0.0786916
"Jul 18, 11:00 pm",0,0.0786916
"Jul 19, 12:00 am",0,0.0786916
"Jul 19, 01:00 am",0,0.0786916
"Jul 19, 02:00 am",0,0.0786916
"Jul 19, 03:00 am",0,0.0786916
"Jul 19, 04:00 am",0,0.0786916
"Jul 19, 05:00 am",0,0.0786916
"Jul 19, 06:00 am",0,0.0786916
"Jul 19, 07:00 am",0,0.0786916
"Jul 19, 08:00 am",0,0.0786916
"Jul 19, 09:00 am",0,0.0969888
"Jul 19, 10:00 am",671.659,0.382678
"Jul 19, 11:00 am",922.599,0.448683
"Jul 19, 12:00 pm",893.767,0.434497
"Jul 19, 01:00 pm",869.551,0.422705
"Jul 19, 02:00 pm",878.803,0.427223
"Jul 19, 03:00 pm",6.18377,0.0786916
"Jul 19, 04:00 pm",0,0.0786916
"Jul 19, 05:00 pm",0,0.0786916
"Jul 19, 06:00 pm",0,0.0786916
"Jul 19, 07:00 pm",0,0.0786916
"Jul 19, 08:00 pm",0,0.0786916
"Jul 19, 09:00 pm",0,0.0786916
"Jul 19, 10:00 pm",0,0.0786916
"Jul 19, 11:00 pm",0,0.0786916
"Jul 20, 12:00 am",0,0.0786916
"Jul 20, 01:00 am",0,0.0786916
"Jul 20, 02:00 am",0,0.0786916
"Jul 20, 03:00 am",0,0.0786916
"Jul 20, 04:00 am",0,0.0786916
"Jul 20, 05:00 am",0,0.0786916
"Jul 20, 06:00 am",0,0.0786916
"Jul 20, 07:00 am",0,0.0786916
"Jul 20, 08:00 am",0,0.0786916
"Jul 20, 09:00 am",0,0.0786916
"Jul 20, 10:00 am",0,0.0786916
"Jul 20, 11:00 am",0,0.0786916
"Jul 20, 12:00 pm",0,0.0786916
"Jul 20, 01:00 pm",0,0.0786916
"Jul 20, 02:00 pm",0,0.0786916
"Jul 20, 03:00 pm",0,0.0786916
"Jul 20, 04:00 pm",0,0.0786916
"Jul 20, 05:00 pm",0,0.0786916
"Jul 20, 06:00 pm",0,0.0786916
"Jul 20, 07:00 pm",0,0.0786916
"Jul 20, 08:00 pm",0,0.0786916
"Jul 20, 09:00 pm",0,0.0786916
"Jul 20, 10:00 pm",0,0.0786916
"Jul 20, 11:00 pm",0,0.0786916
"Jul 21, 12:00 am",0,0.0786916
"Jul 21, 01:00 am",0,0.0786916
"Jul 21, 02:00 am",0,0.0786916
"Jul 21, 03:00 am",0,0.0786916
"Jul 21, 04:00 am",0,0.0786916
"Jul 21, 05:00 am",0,0.0786916
"Jul 21, 06:00 am",0,0.0786916
"Jul 21, 07:00 am",0,0.0786916
"Jul 21, 08:00 am",0,0.0786916
"Jul 21, 09:00 am",0,0.0786916
"Jul 21, 10:00 am",0,0.0786916
"Jul 21, 11:00 am",0,0.0786916
"Jul 21, 12:00 pm",494.758,0.275415
"Jul 21, 01:00 pm",868.086,0.421968
"Jul 21, 02:00 pm",878.128,0.426897
"Jul 21, 03:00 pm",896.114,0.435658
"Jul 21, 04:00 pm",673.276,0.327283
"Jul 21, 05:00 pm",7.38246,0.0786916
"Jul 21, 06:00 pm",0,0.0786916
"Jul 21, 07:00 pm",0,0.0786916
"Jul 21, 08:00 pm",0,0.0786916
"Jul 21, 09:00 pm",0,0.0786916
"Jul 21, 10:00 pm",0,0.0786916
"Jul 21, 11:00 pm",0,0.0786916
"Jul 22, 12:00 am",0,0.0786916
"Jul 22, 01:00 am",0,0.0786916
"Jul 22, 02:00 am",0,0.0786916
"Jul 22, 03:00 am",0,0.0786916
"Jul 22, 04:00 am",0,0.0786916
"Jul 22, 05:00 am",0,0.0786916
"Jul 22, 06:00 am",0,0.0786916
"Jul 22, 07:00 am",0,0.0786916
"Jul 22, 08:00 am",0,0.0786916
"Jul 22, 09:00 am",0,0.0982256
"Jul 22, 10:00 am",690.103,0.392484
"Jul 22, 11:00 am",946.817,0.460183
"Jul 22, 12:00 pm",918.763,0.446838
"Jul 22, 01:00 pm",897.064,0.436094
"Jul 22, 02:00 pm",902.638,0.438816
"Jul 22, 03:00 pm",920.325,0.447582
"Jul 22, 04:00 pm",693.965,0.337347
"Jul 22, 05:00 pm",8.05378,0.0786916
"Jul 22, 06:00 pm",0,0.0786916
"Jul 22, 07:00 pm",0,0.0786916
"Jul 22, 08:00 pm",0,0.0786916
"Jul 22, 09:00 pm",0,0.0786916
"Jul 22, 10:00 pm",0,0.0786916
"Jul 22, 11:00 pm",0,0.0786916
"Jul 23, 12:00 am",0,0.0786916
"Jul 23, 01:00 am",0,0.0786916
"Jul 23, 02:00 am",0,0.0786916
"Jul 23, 03:00 am",0,0.0786916
"Jul 23, 04:00 am",0,0.0786916
"Jul 23, 05:00 am",0,0.0786916
"Jul 23, 06:00 am",0,0.0786916
"Jul 23, 07:00 am",0,0.0786916
"Jul 23, 08:00 am",0,0.0786916
"Jul 23, 09:00 am",0,0.0979795
"Jul 23, 10:00 am",683.708,0.388892
"Jul 23, 11:00 am",939.916,0.456862
"Jul 23, 12:00 pm",914.952,0.445074
"Jul 23, 01:00 pm",895.233,0.435202
"Jul 23, 02:00 pm",901.084,0.438056
"Jul 23, 03:00 pm",920.135,0.447491
"Jul 23, 04:00 pm",695.136,0.337915
"Jul 23, 05:00 pm",8.48301,0.0786916
"Jul 23, 06:00 pm",3.33724,0.0786916
"Jul 23, 07:00 pm",0,0.0786916
"Jul 23, 08:00 pm",0,0.0786916
"Jul 23, 09:00 pm",0,0.0786916
"Jul 23, 10:00 pm",0,0.0786916
"Jul 23, 11:00 pm",0,0.0786916
"Jul 24, 12:00 am",0,0.0786916
"Jul 24, 01:00 am",0,0.0786916
"Jul 24, 02:00 am",0,0.0786916
"Jul 24, 03:00 am",0,0.0786916
"Jul 24, 04:00 am",0,0.0786916
"Jul 24, 05:00 am",0,0.0786916
"Jul 24, 06:00 am",0,0.0786916
"Jul 24, 07:00 am",0,0.0786916
"Jul 24, 08:00 am",0,0.0786916
"Jul 24, 09:00 am",0,0.0985996
"Jul 24, 10:00 am",694.396,0.394826
"Jul 24, 11:00 am",953.621,0.463488
"Jul 24, 12:00 pm",929.888,0.452037
"Jul 24, 01:00 pm",912.004,0.443711
"Jul 24, 02:00 pm",918.108,0.44654
"Jul 24, 03:00 pm",937.358,0.455595
"Jul 24, 04:00 pm",709.931,0.345109
"Jul 24, 05:00 pm",9.15322,0.0786916
"Jul 24, 06:00 pm",4.2789,0.0786916
"Jul 24, 07:00 pm",0,0.0786916
"Jul 24, 08:00 pm",0,0.0786916
"Jul 24, 09:00 pm",0,0.0786916
"Jul 24, 10:00 pm",0,0.0786916
"Jul 24, 11:00 pm",0,0.0786916
"Jul 25, 12:00 am",0,0.0786916
"Jul 25, 01:00 am",0,0.0786916
"Jul 25, 02:00 am",0,0.0786916
"Jul 25, 03:00 am",0,0.0786916
"Jul 25, 04:00 am",0,0.0786916
"Jul 25, 05:00 am",0,0.0786916
"Jul 25, 06:00 am",0,0.0786916
"Jul 25, 07:00 am",0,0.0786916
"Jul 25, 08:00 am",0,0.0786916
"Jul 25, 09:00 am",70.8082,0.121135
"Jul 25, 10:00 am",856.437,0.416398
"Jul 25, 11:00 am",971.214,0.472149
"Jul 25, 12:00 pm",956.08,0.464634
"Jul 25, 01:00 pm",939.752,0.456715
"Jul 25, 02:00 pm",946.05,0.459754
"Jul 25, 03:00 pm",967.004,0.470044
"Jul 25, 04:00 pm",733.813,0.356722
"Jul 25, 05:00 pm",11.5835,0.0786916
"Jul 25, 06:00 pm",4.8274,0.0786916
"Jul 25, 07:00 pm",0,0.0786916
"Jul 25, 08:00 pm",0,0.0786916
"Jul 25, 09:00 pm",0,0.0786916
"Jul 25, 10:00 pm",0,0.0786916
"Jul 25, 11:00 pm",0,0.0786916
"Jul 26, 12:00 am",0,0.0786916
"Jul 26, 01:00 am",0,0.0786916
"Jul 26, 02:00 am",0,0.0786916
"Jul 26, 03:00 am",0,0.0786916
"Jul 26, 04:00 am",0,0.0786916
"Jul 26, 05:00 am",0,0.0786916
"Jul 26, 06:00 am",0,0.0786916
"Jul 26, 07:00 am",0,0.0786916
"Jul 26, 08:00 am",0,0.0786916
"Jul 26, 09:00 am",75.3096,0.123895
"Jul 26, 10:00 am",864.539,0.420291
"Jul 26, 11:00 am",6.38762,0.0786916
"Jul 26, 12:00 pm",0,0.0786916
"Jul 26, 01:00 pm",781.465,0.44314
"Jul 26, 02:00 pm",941.533,0.457542
"Jul 26, 03:00 pm",962.515,0.467817
"Jul 26, 04:00 pm",729.672,0.354709
"Jul 26, 05:00 pm",14.3354,0.0786916
"Jul 26, 06:00 pm",4.82168,0.0786916
"Jul 26, 07:00 pm",0,0.0786916
"Jul 26, 08:00 pm",0,0.0786916
"Jul 26, 09:00 pm",0,0.0786916
"Jul 26, 10:00 pm",0,0.0786916
"Jul 26, 11:00 pm",0,0.0786916
"Jul 27, 12:00 am",0,0.0786916
"Jul 27, 01:00 am",0,0.0786916
"Jul 27, 02:00 am",0,0.0786916
"Jul 27, 03:00 am",0,0.0786916
"Jul 27, 04:00 am",0,0.0786916
"Jul 27, 05:00 am",0,0.0786916
"Jul 27, 06:00 am",0,0.0786916
"Jul 27, 07:00 am",0,0.0786916
"Jul 27, 08:00 am",0,0.0786916
"Jul 27, 09:00 am",75.6015,0.123785
"Jul 27, 10:00 am",855.252,0.415842
"Jul 27, 11:00 am",971.156,0.472149
"Jul 27, 12:00 pm",6.52135,0.0786916
"Jul 27, 01:00 pm",0,0.0786916
"Jul 27, 02:00 pm",0,0.0786916
"Jul 27, 03:00 pm",0,0.0786916
"Jul 27, 04:00 pm",0,0.0786916
"Jul 27, 05:00 pm",0,0.0786916
"Jul 27, 06:00 pm",0,0.0786916
"Jul 27, 07:00 pm",0,0.0786916
"Jul 27, 08:00 pm",0,0.0786916
"Jul 27, 09:00 pm",0,0.0786916
"Jul 27, 10:00 pm",0,0.0786916
"Jul 27, 11:00 pm",0,0.0786916
"Jul 28, 12:00 am",0,0.0786916
"Jul 28, 01:00 am",0,0.0786916
"Jul 28, 02:00 am",0,0.0786916
"Jul 28, 03:00 am",0,0.0786916
"Jul 28, 04:00 am",0,0.0786916
"Jul 28, 05:00 am",0,0.0786916
"Jul 28, 06:00 am",0,0.0786916
"Jul 28, 07:00 am",0,0.0786916
"Jul 28, 08:00 am",0,0.0786916
"Jul 28, 09:00 am",0,0.0786916
"Jul 28, 10:00 am",0,0.0786916
"Jul 28, 11:00 am",0,0.0786916
"Jul 28, 12:00 pm",0,0.0786916
"Jul 28, 01:00 pm",0,0.0786916
"Jul 28, 02:00 pm",0,0.0786916
"Jul 28, 03:00 pm",0,0.0786916
"Jul 28, 04:00 pm",0,0.0786916
"Jul 28, 05:00 pm",0,0.0786916
"Jul 28, 06:00 pm",0,0.0786916
"Jul 28, 07:00 pm",0,0.0786916
"Jul 28, 08:00 pm",0,0.0786916
"Jul 28, 09:00 pm",0,0.0786916
"Jul 28, 10:00 pm",0,0.0786916
"Jul 28, 11:00 pm",0,0.0786916
"Jul 29, 12:00 am",0,0.0786916
"Jul 29, 01:00 am",0,0.0786916
"Jul 29, 02:00 am",0,0.0786916
"Jul 29, 03:00 am",0,0.0786916
"Jul 29, 04:00 am",0,0.0786916
"Jul 29, 05:00 am",0,0.0786916
"Jul 29, 06:00 am",0,0.0786916
"Jul 29, 07:00 am",0,0.0786916
"Jul 29, 08:00 am",0,0.0786916
"Jul 29, 09:00 am",0,0.0786916
"Jul 29, 10:00 am",0,0.0786916
"Jul 29, 11:00 am",0,0.0786916
"Jul 29, 12:00 pm",0,0.0786916
"Jul 29, 01:00 pm",0,0.0786916
"Jul 29, 02:00 pm",0,0.0786916
"Jul 29, 03:00 pm",0,0.0786916
"Jul 29, 04:00 pm",0,0.0786916
"Jul 29, 05:00 pm",0,0.0786916
"Jul 29, 06:00 pm",0,0.0786916
"Jul 29, 07:00 pm",0,0.0786916
"Jul 29, 08:00 pm",0,0.0786916
"Jul 29, 09:00 pm",0,0.0786916
"Jul 29, 10:00 pm",0,0.0786916
"Jul 29, 11:00 pm",0,0.0786916
"Jul 30, 12:00 am",0,0.0786916
"Jul 30, 01:00 am",0,0.0786916
"Jul 30, 02:00 am",0,0.0786916
"Jul 30, 03:00 am",0,0.0786916
"Jul 30, 04:00 am",0,0.0786916
"Jul 30, 05:00 am",0,0.0786916
"Jul 30, 06:00 am",0,0.0786916
"Jul 30, 07:00 am",0,0.0786916
"Jul 30, 08:00 am",0,0.0786916
"Jul 30, 09:00 am",0,0.0786916
"Jul 30, 10:00 am",0,0.0786916
"Jul 30, 11:00 am",0,0.0786916
"Jul 30, 12:00 pm",0,0.0786916
"Jul 30, 01:00 pm",0,0.0786916
"Jul 30, 02:00 pm",0,0.0786916
"Jul 30, 03:00 pm",0,0.0786916
"Jul 30, 04:00 pm",0,0.0786916
"Jul 30, 05:00 pm",0,0.0786916
"Jul 30, 06:00 pm",0,0.0786916
"Jul 30, 07:00 pm",0,0.0786916
"Jul 30, 08:00 pm",0,0.0786916
"Jul 30, 09:00 pm",0,0.0786916
"Jul 30, 10:00 pm",0,0.0786916
"Jul 30, 11:00 pm",0,0.0786916
"Jul 31, 12:00 am",0,0.0786916
"Jul 31, 01:00 am",0,0.0786916
"Jul 31, 02:00 am",0,0.0786916
"Jul 31, 03:00 am",0,0.0786916
"Jul 31, 04:00 am",0,0.0786916
"Jul 31, 05:00 am",0,0.0786916
"Jul 31, 06:00 am",0,0.0786916
"Jul 31, 07:00 am",0,0.0786916
"Jul 31, 08:00 am",0,0.0786916
"Jul 31, 09:00 am",0,0.0786916
"Jul 31, 10:00 am",0,0.0786916
"Jul 31, 11:00 am",0,0.0786916
"Jul 31, 12:00 pm",0,0.0786916
"Jul 31, 01:00 pm",0,0.0786916
"Jul 31, 02:00 pm",0,0.0786916
"Jul 31, 03:00 pm",0,0.0786916
"Jul 31, 04:00 pm",0,0.0786916
"Jul 31, 05:00 pm",0,0.0786916
"Jul 31, 06:00 pm",0,0.0786916
"Jul 31, 07:00 pm",0,0.0786916
"Jul 31, 08:00 pm",0,0.0786916
"Jul 31, 09:00 pm",0,0.0786916
"Jul 31, 10:00 pm",0,0.0786916
"Jul 31, 11:00 pm",0,0.0786916
"Aug 1, 12:00 am",0,0.0786916
"Aug 1, 01:00 am",0,0.0786916
"Aug 1, 02:00 am",0,0.0786916
"Aug 1, 03:00 am",0,0.0786916
"Aug 1, 04:00 am",0,0.0786916
"Aug 1, 05:00 am",0,0.0786916
"Aug 1, 06:00 am",0,0.0786916
"Aug 1, 07:00 am",0,0.0786916
"Aug 1, 08:00 am",0,0.0786916
"Aug 1, 09:00 am",81.8702,0.128473
"Aug 1, 10:00 am",883.209,0.429424
"Aug 1, 11:00 am",972.081,0.472149
"Aug 1, 12:00 pm",971.79,0.472149
"Aug 1, 01:00 pm",971.635,0.472149
"Aug 1, 02:00 pm",971.639,0.472149
"Aug 1, 03:00 pm",971.297,0.472149
"Aug 1, 04:00 pm",773.694,0.375802
"Aug 1, 05:00 pm",43.911,0.0786916
"Aug 1, 06:00 pm",4.95735,0.0786916
"Aug 1, 07:00 pm",0,0.0786916
"Aug 1, 08:00 pm",0,0.0786916
"Aug 1, 09:00 pm",0,0.0786916
"Aug 1, 10:00 pm",0,0.0786916
"Aug 1, 11:00 pm",0,0.0786916
"Aug 2, 12:00 am",0,0.0786916
"Aug 2, 01:00 am",0,0.0786916
"Aug 2, 02:00 am",0,0.0786916
"Aug 2, 03:00 am",0,0.0786916
"Aug 2, 04:00 am",0,0.0786916
"Aug 2, 05:00 am",0,0.0786916
"Aug 2, 06:00 am",0,0.0786916
"Aug 2, 07:00 am",0,0.0786916
"Aug 2, 08:00 am",0,0.0786916
"Aug 2, 09:00 am",0,0.0786916
"Aug 2, 10:00 am",0,0.0786916
"Aug 2, 11:00 am",0,0.0786916
"Aug 2, 12:00 pm",0,0.0786916
"Aug 2, 01:00 pm",0,0.0786916
"Aug 2, 02:00 pm",0,0.0786916
"Aug 2, 03:00 pm",652.818,0.340991
"Aug 2, 04:00 pm",747.546,0.363405
"Aug 2, 05:00 pm",43.1306,0.0786916
"Aug 2, 06:00 pm",4.82834,0.0786916
"Aug 2, 07:00 pm",0,0.0786916
"Aug 2, 08:00 pm",0,0.0786916
"Aug 2, 09:00 pm",0,0.0786916
"Aug 2, 10:00 pm",0,0.0786916
"Aug 2, 11:00 pm",0,0.0786916
"Aug 3, 12:00 am",0,0.0786916
"Aug 3, 01:00 am",0,0.0786916
"Aug 3, 02:00 am",0,0.0786916
"Aug 3, 03:00 am",0,0.0786916
"Aug 3, 04:00 am",0,0.0786916
"Aug 3, 05:00 am",0,0.0786916
"Aug 3, 06:00 am",0,0.0786916
"Aug 3, 07:00 am",0,0.0786916
"Aug 3, 08:00 am",0,0.0786916
"Aug 3, 09:00 am",0,0.0786916
"Aug 3, 10:00 am",0,0.0786916
"Aug 3, 11:00 am",0,0.0786916
"Aug 3, 12:00 pm",0,0.0786916
"Aug 3, 01:00 pm",652.627,0.340991
"Aug 3, 02:00 pm",971.554,0.472149
"Aug 3, 03:00 pm",972.3,0.472149
"Aug 3, 04:00 pm",776.538,0.377156
"Aug 3, 05:00 pm",51.8549,0.0786916
"Aug 3, 06:00 pm",4.70949,0.0786916
"Aug 3, 07:00 pm",0,0.0786916
"Aug 3, 08:00 pm",0,0.0786916
"Aug 3, 09:00 pm",0,0.0786916
"Aug 3, 10:00 pm",0,0.0786916
"Aug 3, 11:00 pm",0,0.0786916
"Aug 4, 12:00 am",0,0.0786916
"Aug 4, 01:00 am",0,0.0786916
"Aug 4, 02:00 am",0,0.0786916
"Aug 4, 03:00 am",0,0.0786916
"Aug 4, 04:00 am",0,0.0786916
"Aug 4, 05:00 am",0,0.0786916
"Aug 4, 06:00 am",0,0.0786916
"Aug 4, 07:00 am",0,0.0786916
"Aug 4, 08:00 am",0,0.0786916
"Aug 4, 09:00 am",0,0.0786916
"Aug 4, 10:00 am",0,0.0786916
"Aug 4, 11:00 am",0,0.0786916
"Aug 4, 12:00 pm",0,0.0786916
"Aug 4, 01:00 pm",0,0.0786916
"Aug 4, 02:00 pm",0,0.0786916
"Aug 4, 03:00 pm",0,0.0786916
"Aug 4, 04:00 pm",0,0.0786916
"Aug 4, 05:00 pm",0,0.0786916
"Aug 4, 06:00 pm",0,0.0786916
"Aug 4, 07:00 pm",0,0.0786916
"Aug 4, 08:00 pm",0,0.0786916
"Aug 4, 09:00 pm",0,0.0786916
"Aug 4, 10:00 pm",0,0.0786916
"Aug 4, 11:00 pm",0,0.0786916
"Aug 5, 12:00 am",0,0.0786916
"Aug 5, 01:00 am",0,0.0786916
"Aug 5, 02:00 am",0,0.0786916
"Aug 5, 03:00 am",0,0.0786916
"Aug 5, 04:00 am",0,0.0786916
"Aug 5, 05:00 am",0,0.0786916
"Aug 5, 06:00 am",0,0.0786916
"Aug 5, 07:00 am",0,0.0786916
"Aug 5, 08:00 am",0,0.0786916
"Aug 5, 09:00 am",278.125,0.174052
"Aug 5, 10:00 am",950.473,0.461945
"Aug 5, 11:00 am",6.47566,0.0786916
"Aug 5, 12:00 pm",0,0.0786916
"Aug 5, 01:00 pm",0,0.0786916
"Aug 5, 02:00 pm",0,0.0786916
"Aug 5, 03:00 pm",0,0.0786916
"Aug 5, 04:00 pm",0,0.0786916
"Aug 5, 05:00 pm",0,0.0786916
"Aug 5, 06:00 pm",0,0.0786916
"Aug 5, 07:00 pm",0,0.0786916
"Aug 5, 08:00 pm",0,0.0786916
"Aug 5, 09:00 pm",0,0.0786916
"Aug 5, 10:00 pm",0,0.0786916
"Aug 5, 11:00 pm",0,0.0786916
"Aug 6, 12:00 am",0,0.0786916
"Aug 6, 01:00 am",0,0.0786916
"Aug 6, 02:00 am",0,0.0786916
"Aug 6, 03:00 am",0,0.0786916
"Aug 6, 04:00 am",0,0.0786916
"Aug 6, 05:00 am",0,0.0786916
"Aug 6, 06:00 am",0,0.0786916
"Aug 6, 07:00 am",0,0.0786916
"Aug 6, 08:00 am",0,0.0786916
"Aug 6, 09:00 am",0,0.0786916
"Aug 6, 10:00 am",0,0.0786916
"Aug 6, 11:00 am",0,0.0786916
"Aug 6, 12:00 pm",0,0.0786916
"Aug 6, 01:00 pm",0,0.0786916
"Aug 6, 02:00 pm",0,0.0786916
"Aug 6, 03:00 pm",654.547,0.340991
"Aug 6, 04:00 pm",815.091,0.396097
"Aug 6, 05:00 pm",71.545,0.0786916
"Aug 6, 06:00 pm",4.55538,0.0786916
"Aug 6, 07:00 pm",0,0.0786916
"Aug 6, 08:00 pm",0,0.0786916
"Aug 6, 09:00 pm",0,0.0786916
"Aug 6, 10:00 pm",0,0.0786916
"Aug 6, 11:00 pm",0,0.0786916
"Aug 7, 12:00 am",0,0.0786916
"Aug 7, 01:00 am",0,0.0786916
"Aug 7, 02:00 am",0,0.0786916
"Aug 7, 03:00 am",0,0.0786916
"Aug 7, 04:00 am",0,0.0786916
"Aug 7, 05:00 am",0,0.0786916
"Aug 7, 06:00 am",0,0.0786916
"Aug 7, 07:00 am",0,0.0786916
"Aug 7, 08:00 am",0,0.0786916
"Aug 7, 09:00 am",355.224,0.20919
"Aug 7, 10:00 am",971.815,0.472149
"Aug 7, 11:00 am",971.654,0.472149
"Aug 7, 12:00 pm",971.654,0.472149
"Aug 7, 01:00 pm",971.565,0.472149
"Aug 7, 02:00 pm",971.569,0.472149
"Aug 7, 03:00 pm",971.566,0.472149
"Aug 7, 04:00 pm",856.901,0.416505
"Aug 7, 05:00 pm",84.3158,0.0786916
"Aug 7, 06:00 pm",4.68262,0.0786916
"Aug 7, 07:00 pm",0,0.0786916
"Aug 7, 08:00 pm",0,0.0786916
"Aug 7, 09:00 pm",0,0.0786916
"Aug 7, 10:00 pm",0,0.0786916
"Aug 7, 11:00 pm",0,0.0786916
"Aug 8, 12:00 am",0,0.0786916
"Aug 8, 01:00 am",0,0.0786916
"Aug 8, 02:00 am",0,0.0786916
"Aug 8, 03:00 am",0,0.0786916
"Aug 8, 04:00 am",0,0.0786916
"Aug 8, 05:00 am",0,0.0786916
"Aug 8, 06:00 am",0,0.0786916
"Aug 8, 07:00 am",0,0.0786916
"Aug 8, 08:00 am",0,0.0786916
"Aug 8, 09:00 am",362.605,0.212381
"Aug 8, 10:00 am",971.945,0.472149
"Aug 8, 11:00 am",971.712,0.472149
"Aug 8, 12:00 pm",971.689,0.472149
"Aug 8, 01:00 pm",971.599,0.472149
"Aug 8, 02:00 pm",971.604,0.472149
"Aug 8, 03:00 pm",971.6,0.472149
"Aug 8, 04:00 pm",857.782,0.416922
"Aug 8, 05:00 pm",92.2802,0.0786916
"Aug 8, 06:00 pm",4.83719,0.0786916
"Aug 8, 07:00 pm",0,0.0786916
"Aug 8, 08:00 pm",0,0.0786916
"Aug 8, 09:00 pm",0,0.0786916
"Aug 8, 10:00 pm",0,0.0786916
"Aug 8, 11:00 pm",0,0.0786916
"Aug 9, 12:00 am",0,0.0786916
"Aug 9, 01:00 am",0,0.0786916
"Aug 9, 02:00 am",0,0.0786916
"Aug 9, 03:00 am",0,0.0786916
"Aug 9, 04:00 am",0,0.0786916
"Aug 9, 05:00 am",0,0.0786916
"Aug 9, 06:00 am",0,0.0786916
"Aug 9, 07:00 am",0,0.0786916
"Aug 9, 08:00 am",0,0.0786916
"Aug 9, 09:00 am",349.742,0.20656
"Aug 9, 10:00 am",971.171,0.472149
"Aug 9, 11:00 am",6.48461,0.0786916
"Aug 9, 12:00 pm",810.065,0.466339
"Aug 9, 01:00 pm",971.452,0.472149
"Aug 9, 02:00 pm",971.454,0.472149
"Aug 9, 03:00 pm",6.58155,0.0786916
"Aug 9, 04:00 pm",696.746,0.396059
"Aug 9, 05:00 pm",5.37724,0.0786916
"Aug 9, 06:00 pm",0,0.0786916
"Aug 9, 07:00 pm",0,0.0786916
"Aug 9, 08:00 pm",0,0.0786916
"Aug 9, 09:00 pm",0,0.0786916
"Aug 9, 10:00 pm",0,0.0786916
"Aug 9, 11:00 pm",0,0.0786916
"Aug 10, 12:00 am",0,0.0786916
"Aug 10, 01:00 am",0,0.0786916
"Aug 10, 02:00 am",0,0.0786916
"Aug 10, 03:00 am",0,0.0786916
"Aug 10, 04:00 am",0,0.0786916
"Aug 10, 05:00 am",0,0.0786916
"Aug 10, 06:00 am",0,0.0786916
"Aug 10, 07:00 am",0,0.0786916
"Aug 10, 08:00 am",0,0.0786916
"Aug 10, 09:00 am",0,0.0786916
"Aug 10, 10:00 am",0,0.0786916
"Aug 10, 11:00 am",0,0.0786916
"Aug 10, 12:00 pm",0,0.0786916
"Aug 10, 01:00 pm",0,0.0786916
"Aug 10, 02:00 pm",0,0.0786916
"Aug 10, 03:00 pm",0,0.0786916
"Aug 10, 04:00 pm",0,0.0786916
"Aug 10, 05:00 pm",0,0.0786916
"Aug 10, 06:00 pm",0,0.0786916
"Aug 10, 07:00 pm",0,0.0786916
"Aug 10, 08:00 pm",0,0.0786916
"Aug 10, 09:00 pm",0,0.0786916
"Aug 10, 10:00 pm",0,0.0786916
"Aug 10, 11:00 pm",0,0.0786916
"Aug 11, 12:00 am",0,0.0786916
"Aug 11, 01:00 am",0,0.0786916
"Aug 11, 02:00 am",0,0.0786916
"Aug 11, 03:00 am",0,0.0786916
"Aug 11, 04:00 am",0,0.0786916
"Aug 11, 05:00 am",0,0.0786916
"Aug 11, 06:00 am",0,0.0786916
"Aug 11, 07:00 am",0,0.0786916
"Aug 11, 08:00 am",0,0.0786916
"Aug 11, 09:00 am",0,0.0786916
"Aug 11, 10:00 am",0,0.0786916
"Aug 11, 11:00 am",651.884,0.340991
"Aug 11, 12:00 pm",971.679,0.472149
"Aug 11, 01:00 pm",971.683,0.472149
"Aug 11, 02:00 pm",971.683,0.472149
"Aug 11, 03:00 pm",971.685,0.472149
"Aug 11, 04:00 pm",877.995,0.426792
"Aug 11, 05:00 pm",113.534,0.0786916
"Aug 11, 06:00 pm",4.66685,0.0786916
"Aug 11, 07:00 pm",0,0.0786916
"Aug 11, 08:00 pm",0,0.0786916
"Aug 11, 09:00 pm",0,0.0786916
"Aug 11, 10:00 pm",0,0.0786916
"Aug 11, 11:00 pm",0,0.0786916
"Aug 12, 12:00 am",0,0.0786916
"Aug 12, 01:00 am",0,0.0786916
"Aug 12, 02:00 am",0,0.0786916
"Aug 12, 03:00 am",0,0.0786916
"Aug 12, 04:00 am",0,0.0786916
"Aug 12, 05:00 am",0,0.0786916
"Aug 12, 06:00 am",0,0.0786916
"Aug 12, 07:00 am",0,0.0786916
"Aug 12, 08:00 am",0,0.0786916
"Aug 12, 09:00 am",433.407,0.303552
"Aug 12, 10:00 am",971.274,0.472149
"Aug 12, 11:00 am",971.983,0.472149
"Aug 12, 12:00 pm",971.885,0.472149
"Aug 12, 01:00 pm",971.883,0.472149
"Aug 12, 02:00 pm",971.887,0.472149
"Aug 12, 03:00 pm",971.886,0.472149
"Aug 12, 04:00 pm",909.126,0.44239
"Aug 12, 05:00 pm",126.492,0.0786916
"Aug 12, 06:00 pm",4.63758,0.0786916
"Aug 12, 07:00 pm",0,0.0786916
"Aug 12, 08:00 pm",0,0.0786916
"Aug 12, 09:00 pm",0,0.0786916
"Aug 12, 10:00 pm",0,0.0786916
"Aug 12, 11:00 pm",0,0.0786916
"Aug 13, 12:00 am",0,0.0786916
"Aug 13, 01:00 am",0,0.0786916
"Aug 13, 02:00 am",0,0.0786916
"Aug 13, 03:00 am",0,0.0786916
"Aug 13, 04:00 am",0,0.0786916
"Aug 13, 05:00 am",0,0.0786916
"Aug 13, 06:00 am",0,0.0786916
"Aug 13, 07:00 am",0,0.0786916
"Aug 13, 08:00 am",0,0.0786916
"Aug 13, 09:00 am",454.874,0.31736
"Aug 13, 10:00 am",971.34,0.472149
"Aug 13, 11:00 am",972.271,0.472149
"Aug 13, 12:00 pm",972.288,0.472149
"Aug 13, 01:00 pm",972.269,0.472149
"Aug 13, 02:00 pm",972.197,0.472149
"Aug 13, 03:00 pm",972.334,0.472149
"Aug 13, 04:00 pm",941.13,0.457327
"Aug 13, 05:00 pm",144.064,0.0786916
"Aug 13, 06:00 pm",4.92167,0.0786916
"Aug 13, 07:00 pm",0,0.0786916
"Aug 13, 08:00 pm",0,0.0786916
"Aug 13, 09:00 pm",0,0.0786916
"Aug 13, 10:00 pm",0,0.0786916
"Aug 13, 11:00 pm",0,0.0786916
"Aug 14, 12:00 am",0,0.0786916
"Aug 14, 01:00 am",0,0.0786916
"Aug 14, 02:00 am",0,0.0786916
"Aug 14, 03:00 am",0,0.0786916
"Aug 14, 04:00 am",0,0.0786916
"Aug 14, 05:00 am",0,0.0786916
"Aug 14, 06:00 am",0,0.0786916
"Aug 14, 07:00 am",0,0.0786916
"Aug 14, 08:00 am",0,0.0786916
"Aug 14, 09:00 am",452.717,0.315612
"Aug 14, 10:00 am",971.274,0.472149
"Aug 14, 11:00 am",972.066,0.472149
"Aug 14, 12:00 pm",6.74846,0.0786916
"Aug 14, 01:00 pm",812.368,0.471342
"Aug 14, 02:00 pm",6.82382,0.0786916
"Aug 14, 03:00 pm",0,0.0786916
"Aug 14, 04:00 pm",0,0.0786916
"Aug 14, 05:00 pm",0,0.0786916
"Aug 14, 06:00 pm",0,0.0786916
"Aug 14, 07:00 pm",0,0.0786916
"Aug 14, 08:00 pm",0,0.0786916
"Aug 14, 09:00 pm",0,0.0786916
"Aug 14, 10:00 pm",0,0.0786916
"Aug 14, 11:00 pm",0,0.0786916
"Aug 15, 12:00 am",0,0.0786916
"Aug 15, 01:00 am",0,0.0786916
"Aug 15, 02:00 am",0,0.0786916
"Aug 15, 03:00 am",0,0.0786916
"Aug 15, 04:00 am",0,0.0786916
"Aug 15, 05:00 am",0,0.0786916
"Aug 15, 06:00 am",0,0.0786916
"Aug 15, 07:00 am",0,0.0786916
"Aug 15, 08:00 am",0,0.0786916
"Aug 15, 09:00 am",339.735,0.203771
"Aug 15, 10:00 am",6.38364,0.0786916
"Aug 15, 11:00 am",810.634,0.471624
"Aug 15, 12:00 pm",971.877,0.472149
"Aug 15, 01:00 pm",971.884,0.472149
"Aug 15, 02:00 pm",971.892,0.472149
"Aug 15, 03:00 pm",971.889,0.472149
"Aug 15, 04:00 pm",908.343,0.442008
"Aug 15, 05:00 pm",148.942,0.0786916
"Aug 15, 06:00 pm",4.97382,0.0786916
"Aug 15, 07:00 pm",0,0.0786916
"Aug 15, 08:00 pm",0,0.0786916
"Aug 15, 09:00 pm",0,0.0786916
"Aug 15, 10:00 pm",0,0.0786916
"Aug 15, 11:00 pm",0,0.0786916
"Aug 16, 12:00 am",0,0.0786916
"Aug 16, 01:00 am",0,0.0786916
"Aug 16, 02:00 am",0,0.0786916
"Aug 16, 03:00 am",0,0.0786916
"Aug 16, 04:00 am",0,0.0786916
"Aug 16, 05:00 am",0,0.0786916
"Aug 16, 06:00 am",0,0.0786916
"Aug 16, 07:00 am",0,0.0786916
"Aug 16, 08:00 am",0,0.0786916
"Aug 16, 09:00 am",444.572,0.309902
"Aug 16, 10:00 am",971.274,0.472149
"Aug 16, 11:00 am",971.864,0.472149
"Aug 16, 12:00 pm",971.879,0.472149
"Aug 16, 01:00 pm",971.886,0.472149
"Aug 16, 02:00 pm",971.895,0.472149
"Aug 16, 03:00 pm",971.899,0.472149
"Aug 16, 04:00 pm",901.28,0.438107
"Aug 16, 05:00 pm",154.995,0.0786916
"Aug 16, 06:00 pm",5.07754,0.0786916
"Aug 16, 07:00 pm",0,0.0786916
"Aug 16, 08:00 pm",0,0.0786916
"Aug 16, 09:00 pm",0,0.0786916
"Aug 16, 10:00 pm",0,0.0786916
"Aug 16, 11:00 pm",0,0.0786916
"Aug 17, 12:00 am",0,0.0786916
"Aug 17, 01:00 am",0,0.0786916
"Aug 17, 02:00 am",0,0.0786916
"Aug 17, 03:00 am",0,0.0786916
"Aug 17, 04:00 am",0,0.0786916
"Aug 17, 05:00 am",0,0.0786916
"Aug 17, 06:00 am",0,0.0786916
"Aug 17, 07:00 am",0,0.0786916
"Aug 17, 08:00 am",0,0.0786916
"Aug 17, 09:00 am",457.577,0.318567
"Aug 17, 10:00 am",971.323,0.472149
"Aug 17, 11:00 am",972.127,0.472149
"Aug 17, 12:00 pm",972.129,0.472149
"Aug 17, 01:00 pm",972.174,0.472149
"Aug 17, 02:00 pm",972.192,0.472149
"Aug 17, 03:00 pm",972.239,0.472149
"Aug 17, 04:00 pm",933.175,0.453539
"Aug 17, 05:00 pm",170.826,0.0832569
"Aug 17, 06:00 pm",5.27447,0.0786916
"Aug 17, 07:00 pm",0,0.0786916
"Aug 17, 08:00 pm",0,0.0786916
"Aug 17, 09:00 pm",0,0.0786916
"Aug 17, 10:00 pm",0,0.0786916
"Aug 17, 11:00 pm",0,0.0786916
"Aug 18, 12:00 am",0,0.0786916
"Aug 18, 01:00 am",0,0.0786916
"Aug 18, 02:00 am",0,0.0786916
"Aug 18, 03:00 am",0,0.0786916
"Aug 18, 04:00 am",0,0.0786916
"Aug 18, 05:00 am",0,0.0786916
"Aug 18, 06:00 am",0,0.0786916
"Aug 18, 07:00 am",0,0.0786916
"Aug 18, 08:00 am",0,0.0786916
"Aug 18, 09:00 am",607.421,0.3466
"Aug 18, 10:00 am",971.569,0.472149
"Aug 18, 11:00 am",971.312,0.472149
"Aug 18, 12:00 pm",971.33,0.472149
"Aug 18, 01:00 pm",971.336,0.472149
"Aug 18, 02:00 pm",971.343,0.472149
"Aug 18, 03:00 pm",971.34,0.472149
"Aug 18, 04:00 pm",956.178,0.464663
"Aug 18, 05:00 pm",182.314,0.0888192
"Aug 18, 06:00 pm",5.26722,0.0786916
"Aug 18, 07:00 pm",0,0.0786916
"Aug 18, 08:00 pm",0,0.0786916
"Aug 18, 09:00 pm",0,0.0786916
"Aug 18, 10:00 pm",0,0.0786916
"Aug 18, 11:00 pm",0,0.0786916
"Aug 19, 12:00 am",0,0.0786916
"Aug 19, 01:00 am",0,0.0786916
"Aug 19, 02:00 am",0,0.0786916
"Aug 19, 03:00 am",0,0.0786916
"Aug 19, 04:00 am",0,0.0786916
"Aug 19, 05:00 am",0,0.0786916
"Aug 19, 06:00 am",0,0.0786916
"Aug 19, 07:00 am",0,0.0786916
"Aug 19, 08:00 am",0,0.0786916
"Aug 19, 09:00 am",0,0.0786916
"Aug 19, 10:00 am",0,0.0786916
"Aug 19, 11:00 am",0,0.0786916
"Aug 19, 12:00 pm",0,0.0786916
"Aug 19, 01:00 pm",0,0.0786916
"Aug 19, 02:00 pm",0,0.0786916
"Aug 19, 03:00 pm",0,0.0786916
"Aug 19, 04:00 pm",0,0.0786916
"Aug 19, 05:00 pm",0,0.0786916
"Aug 19, 06:00 pm",0,0.0786916
"Aug 19, 07:00 pm",0,0.0786916
"Aug 19, 08:00 pm",0,0.0786916
"Aug 19, 09:00 pm",0,0.0786916
"Aug 19, 10:00 pm",0,0.0786916
"Aug 19, 11:00 pm",0,0.0786916
"Aug 20, 12:00 am",0,0.0786916
"Aug 20, 01:00 am",0,0.0786916
"Aug 20, 02:00 am",0,0.0786916
"Aug 20, 03:00 am",0,0.0786916
"Aug 20, 04:00 am",0,0.0786916
"Aug 20, 05:00 am",0,0.0786916
"Aug 20, 06:00 am",0,0.0786916
"Aug 20, 07:00 am",0,0.0786916
"Aug 20, 08:00 am",0,0.0786916
"Aug 20, 09:00 am",0,0.0786916
"Aug 20, 10:00 am",650.529,0.340991
"Aug 20, 11:00 am",972.415,0.472149
"Aug 20, 12:00 pm",972.381,0.472149
"Aug 20, 01:00 pm",972.414,0.472149
"Aug 20, 02:00 pm",972.333,0.472149
"Aug 20, 03:00 pm",972.306,0.472149
"Aug 20, 04:00 pm",946.178,0.459779
"Aug 20, 05:00 pm",190.696,0.0929093
"Aug 20, 06:00 pm",4.88343,0.0786916
"Aug 20, 07:00 pm",0,0.0786916
"Aug 20, 08:00 pm",0,0.0786916
"Aug 20, 09:00 pm",0,0.0786916
"Aug 20, 10:00 pm",0,0.0786916
"Aug 20, 11:00 pm",0,0.0786916
"Aug 21, 12:00 am",0,0.0786916
"Aug 21, 01:00 am",0,0.0786916
"Aug 21, 02:00 am",0,0.0786916
"Aug 21, 03:00 am",0,0.0786916
"Aug 21, 04:00 am",0,0.0786916
"Aug 21, 05:00 am",0,0.0786916
"Aug 21, 06:00 am",0,0.0786916
"Aug 21, 07:00 am",0,0.0786916
"Aug 21, 08:00 am",0,0.0786916
"Aug 21, 09:00 am",0,0.0786916
"Aug 21, 10:00 am",0,0.0786916
"Aug 21, 11:00 am",0,0.0786916
"Aug 21, 12:00 pm",660.104,0.340991
"Aug 21, 01:00 pm",971.344,0.472149
"Aug 21, 02:00 pm",972.341,0.472149
"Aug 21, 03:00 pm",972.407,0.472149
"Aug 21, 04:00 pm",953.274,0.463214
"Aug 21, 05:00 pm",199.564,0.0972032
"Aug 21, 06:00 pm",4.92709,0.0786916
"Aug 21, 07:00 pm",0,0.0786916
"Aug 21, 08:00 pm",0,0.0786916
"Aug 21, 09:00 pm",0,0.0786916
"Aug 21, 10:00 pm",0,0.0786916
"Aug 21, 11:00 pm",0,0.0786916
"Aug 22, 12:00 am",0,0.0786916
"Aug 22, 01:00 am",0,0.0786916
"Aug 22, 02:00 am",0,0.0786916
"Aug 22, 03:00 am",0,0.0786916
"Aug 22, 04:00 am",0,0.0786916
"Aug 22, 05:00 am",0,0.0786916
"Aug 22, 06:00 am",0,0.0786916
"Aug 22, 07:00 am",0,0.0786916
"Aug 22, 08:00 am",0,0.0786916
"Aug 22, 09:00 am",404.786,0.233407
"Aug 22, 10:00 am",971.561,0.472149
"Aug 22, 11:00 am",972.261,0.472149
"Aug 22, 12:00 pm",6.65204,0.0786916
"Aug 22, 01:00 pm",0,0.0786916
"Aug 22, 02:00 pm",0,0.0786916
"Aug 22, 03:00 pm",0,0.0786916
"Aug 22, 04:00 pm",0,0.0786916
"Aug 22, 05:00 pm",0,0.0786916
"Aug 22, 06:00 pm",0,0.0786916
"Aug 22, 07:00 pm",0,0.0786916
"Aug 22, 08:00 pm",0,0.0786916
"Aug 22, 09:00 pm",0,0.0786916
"Aug 22, 10:00 pm",0,0.0786916
"Aug 22, 11:00 pm",0,0.0786916
"Aug 23, 12:00 am",0,0.0786916
"Aug 23, 01:00 am",0,0.0786916
"Aug 23, 02:00 am",0,0.0786916
"Aug 23, 03:00 am",0,0.0786916
"Aug 23, 04:00 am",0,0.0786916
"Aug 23, 05:00 am",0,0.0786916
"Aug 23, 06:00 am",0,0.0786916
"Aug 23, 07:00 am",0,0.0786916
"Aug 23, 08:00 am",0,0.0786916
"Aug 23, 09:00 am",0,0.0786916
"Aug 23, 10:00 am",0,0.0786916
"Aug 23, 11:00 am",0,0.0786916
"Aug 23, 12:00 pm",0,0.0786916
"Aug 23, 01:00 pm",0,0.0786916
"Aug 23, 02:00 pm",0,0.0786916
"Aug 23, 03:00 pm",0,0.0786916
"Aug 23, 04:00 pm",0,0.0786916
"Aug 23, 05:00 pm",0,0.0786916
"Aug 23, 06:00 pm",0,0.0786916
"Aug 23, 07:00 pm",0,0.0786916
"Aug 23, 08:00 pm",0,0.0786916
"Aug 23, 09:00 pm",0,0.0786916
"Aug 23, 10:00 pm",0,0.0786916
"Aug 23, 11:00 pm",0,0.0786916
"Aug 24, 12:00 am",0,0.0786916
"Aug 24, 01:00 am",0,0.0786916
"Aug 24, 02:00 am",0,0.0786916
"Aug 24, 03:00 am",0,0.0786916
"Aug 24, 04:00 am",0,0.0786916
"Aug 24, 05:00 am",0,0.0786916
"Aug 24, 06:00 am",0,0.0786916
"Aug 24, 07:00 am",0,0.0786916
"Aug 24, 08:00 am",0,0.0786916
"Aug 24, 09:00 am",0,0.0786916
"Aug 24, 10:00 am",0,0.0786916
"Aug 24, 11:00 am",0,0.0786916
"Aug 24, 12:00 pm",0,0.0786916
"Aug 24, 01:00 pm",0,0.0786916
"Aug 24, 02:00 pm",0,0.0786916
"Aug 24, 03:00 pm",658.305,0.340991
"Aug 24, 04:00 pm",964.561,0.468784
"Aug 24, 05:00 pm",222.859,0.10853
"Aug 24, 06:00 pm",4.73849,0.0786916
"Aug 24, 07:00 pm",0,0.0786916
"Aug 24, 08:00 pm",0,0.0786916
"Aug 24, 09:00 pm",0,0.0786916
"Aug 24, 10:00 pm",0,0.0786916
"Aug 24, 11:00 pm",0,0.0786916
"Aug 25, 12:00 am",0,0.0786916
"Aug 25, 01:00 am",0,0.0786916
"Aug 25, 02:00 am",0,0.0786916
"Aug 25, 03:00 am",0,0.0786916
"Aug 25, 04:00 am",0,0.0786916
"Aug 25, 05:00 am",0,0.0786916
"Aug 25, 06:00 am",0,0.0786916
"Aug 25, 07:00 am",0,0.0786916
"Aug 25, 08:00 am",0,0.0786916
"Aug 25, 09:00 am",471.453,0.264206
"Aug 25, 10:00 am",972.128,0.472149
"Aug 25, 11:00 am",971.35,0.472149
"Aug 25, 12:00 pm",971.28,0.472149
"Aug 25, 01:00 pm",971.286,0.472149
"Aug 25, 02:00 pm",971.29,0.472149
"Aug 25, 03:00 pm",971.287,0.472149
"Aug 25, 04:00 pm",972.209,0.472149
"Aug 25, 05:00 pm",247.102,0.120247
"Aug 25, 06:00 pm",4.93391,0.0786916
"Aug 25, 07:00 pm",0,0.0786916
"Aug 25, 08:00 pm",0,0.0786916
"Aug 25, 09:00 pm",0,0.0786916
"Aug 25, 10:00 pm",0,0.0786916
"Aug 25, 11:00 pm",0,0.0786916
"Aug 26, 12:00 am",0,0.0786916
"Aug 26, 01:00 am",0,0.0786916
"Aug 26, 02:00 am",0,0.0786916
"Aug 26, 03:00 am",0,0.0786916
"Aug 26, 04:00 am",0,0.0786916
"Aug 26, 05:00 am",0,0.0786916
"Aug 26, 06:00 am",0,0.0786916
"Aug 26, 07:00 am",0,0.0786916
"Aug 26, 08:00 am",0,0.0786916
"Aug 26, 09:00 am",838.676,0.407904
"Aug 26, 10:00 am",971.171,0.472149
"Aug 26, 11:00 am",971.286,0.472149
"Aug 26, 12:00 pm",7.18317,0.0786916
"Aug 26, 01:00 pm",0,0.0786916
"Aug 26, 02:00 pm",0,0.0786916
"Aug 26, 03:00 pm",809.527,0.472149
"Aug 26, 04:00 pm",971.28,0.472149
"Aug 26, 05:00 pm",255.01,0.12411
"Aug 26, 06:00 pm",5.06616,0.0786916
"Aug 26, 07:00 pm",0,0.0786916
"Aug 26, 08:00 pm",0,0.0786916
"Aug 26, 09:00 pm",0,0.0786916
"Aug 26, 10:00 pm",0,0.0786916
"Aug 26, 11:00 pm",0,0.0786916
"Aug 27, 12:00 am",0,0.0786916
"Aug 27, 01:00 am",0,0.0786916
"Aug 27, 02:00 am",0,0.0786916
"Aug 27, 03:00 am",0,0.0786916
"Aug 27, 04:00 am",0,0.0786916
"Aug 27, 05:00 am",0,0.0786916
"Aug 27, 06:00 am",0,0.0786916
"Aug 27, 07:00 am",0,0.0786916
"Aug 27, 08:00 am",0,0.0786916
"Aug 27, 09:00 am",0,0.0786916
"Aug 27, 10:00 am",0,0.0786916
"Aug 27, 11:00 am",0,0.0786916
"Aug 27, 12:00 pm",0,0.0786916
"Aug 27, 01:00 pm",0,0.0786916
"Aug 27, 02:00 pm",0,0.0786916
"Aug 27, 03:00 pm",0,0.0786916
"Aug 27, 04:00 pm",0,0.0786916
"Aug 27, 05:00 pm",0,0.0786916
"Aug 27, 06:00 pm",0,0.0786916
"Aug 27, 07:00 pm",0,0.0786916
"Aug 27, 08:00 pm",0,0.0786916
"Aug 27, 09:00 pm",0,0.0786916
"Aug 27, 10:00 pm",0,0.0786916
"Aug 27, 11:00 pm",0,0.0786916
"Aug 28, 12:00 am",0,0.0786916
"Aug 28, 01:00 am",0,0.0786916
"Aug 28, 02:00 am",0,0.0786916
"Aug 28, 03:00 am",0,0.0786916
"Aug 28, 04:00 am",0,0.0786916
"Aug 28, 05:00 am",0,0.0786916
"Aug 28, 06:00 am",0,0.0786916
"Aug 28, 07:00 am",0,0.0786916
"Aug 28, 08:00 am",0,0.0786916
"Aug 28, 09:00 am",0,0.0786916
"Aug 28, 10:00 am",0,0.0786916
"Aug 28, 11:00 am",0,0.0786916
"Aug 28, 12:00 pm",0,0.0786916
"Aug 28, 01:00 pm",0,0.0786916
"Aug 28, 02:00 pm",0,0.0786916
"Aug 28, 03:00 pm",0,0.0786916
"Aug 28, 04:00 pm",0,0.0786916
"Aug 28, 05:00 pm",0,0.0786916
"Aug 28, 06:00 pm",0,0.0786916
"Aug 28, 07:00 pm",0,0.0786916
"Aug 28, 08:00 pm",0,0.0786916
"Aug 28, 09:00 pm",0,0.0786916
"Aug 28, 10:00 pm",0,0.0786916
"Aug 28, 11:00 pm",0,0.0786916
"Aug 29, 12:00 am",0,0.0786916
"Aug 29, 01:00 am",0,0.0786916
"Aug 29, 02:00 am",0,0.0786916
"Aug 29, 03:00 am",0,0.0786916
"Aug 29, 04:00 am",0,0.0786916
"Aug 29, 05:00 am",0,0.0786916
"Aug 29, 06:00 am",0,0.0786916
"Aug 29, 07:00 am",0,0.0786916
"Aug 29, 08:00 am",0,0.0786916
"Aug 29, 09:00 am",0,0.0786916
"Aug 29, 10:00 am",0,0.0786916
"Aug 29, 11:00 am",658.244,0.340991
"Aug 29, 12:00 pm",7.28885,0.0786916
"Aug 29, 01:00 pm",0,0.0786916
"Aug 29, 02:00 pm",0,0.0786916
"Aug 29, 03:00 pm",0,0.0786916
"Aug 29, 04:00 pm",0,0.0786916
"Aug 29, 05:00 pm",0,0.0786916
"Aug 29, 06:00 pm",0,0.0786916
"Aug 29, 07:00 pm",0,0.0786916
"Aug 29, 08:00 pm",0,0.0786916
"Aug 29, 09:00 pm",0,0.0786916
"Aug 29, 10:00 pm",0,0.0786916
"Aug 29, 11:00 pm",0,0.0786916
"Aug 30, 12:00 am",0,0.0786916
"Aug 30, 01:00 am",0,0.0786916
"Aug 30, 02:00 am",0,0.0786916
"Aug 30, 03:00 am",0,0.0786916
"Aug 30, 04:00 am",0,0.0786916
"Aug 30, 05:00 am",0,0.0786916
"Aug 30, 06:00 am",0,0.0786916
"Aug 30, 07:00 am",0,0.0786916
"Aug 30, 08:00 am",0,0.0786916
"Aug 30, 09:00 am",0,0.0786916
"Aug 30, 10:00 am",656.487,0.340991
"Aug 30, 11:00 am",971.268,0.472149
"Aug 30, 12:00 pm",971.276,0.472149
"Aug 30, 01:00 pm",6.80344,0.0786916
"Aug 30, 02:00 pm",0,0.0786916
"Aug 30, 03:00 pm",0,0.0786916
"Aug 30, 04:00 pm",0,0.0786916
"Aug 30, 05:00 pm",0,0.0786916
"Aug 30, 06:00 pm",0,0.0786916
"Aug 30, 07:00 pm",0,0.0786916
"Aug 30, 08:00 pm",0,0.0786916
"Aug 30, 09:00 pm",0,0.0786916
"Aug 30, 10:00 pm",0,0.0786916
"Aug 30, 11:00 pm",0,0.0786916
"Aug 31, 12:00 am",0,0.0786916
"Aug 31, 01:00 am",0,0.0786916
"Aug 31, 02:00 am",0,0.0786916
"Aug 31, 03:00 am",0,0.0786916
"Aug 31, 04:00 am",0,0.0786916
"Aug 31, 05:00 am",0,0.0786916
"Aug 31, 06:00 am",0,0.0786916
"Aug 31, 07:00 am",0,0.0786916
"Aug 31, 08:00 am",0,0.0786916
"Aug 31, 09:00 am",0,0.0786916
"Aug 31, 10:00 am",0,0.0786916
"Aug 31, 11:00 am",0,0.0786916
"Aug 31, 12:00 pm",0,0.0786916
"Aug 31, 01:00 pm",0,0.0786916
"Aug 31, 02:00 pm",0,0.0786916
"Aug 31, 03:00 pm",0,0.0786916
"Aug 31, 04:00 pm",0,0.0786916
"Aug 31, 05:00 pm",0,0.0786916
"Aug 31, 06:00 pm",0,0.0786916
"Aug 31, 07:00 pm",0,0.0786916
"Aug 31, 08:00 pm",0,0.0786916
"Aug 31, 09:00 pm",0,0.0786916
"Aug 31, 10:00 pm",0,0.0786916
"Aug 31, 11:00 pm",0,0.0786916
"Sep 1, 12:00 am",0,0.0786916
"Sep 1, 01:00 am",0,0.0786916
"Sep 1, 02:00 am",0,0.0786916
"Sep 1, 03:00 am",0,0.0786916
"Sep 1, 04:00 am",0,0.0786916
"Sep 1, 05:00 am",0,0.0786916
"Sep 1, 06:00 am",0,0.0786916
"Sep 1, 07:00 am",0,0.0786916
"Sep 1, 08:00 am",0,0.0786916
"Sep 1, 09:00 am",494.665,0.275415
"Sep 1, 10:00 am",971.307,0.472149
"Sep 1, 11:00 am",971.292,0.472149
"Sep 1, 12:00 pm",971.314,0.472149
"Sep 1, 01:00 pm",971.321,0.472149
"Sep 1, 02:00 pm",971.326,0.472149
"Sep 1, 03:00 pm",7.07655,0.0786916
"Sep 1, 04:00 pm",0,0.0786916
"Sep 1, 05:00 pm",0,0.0786916
"Sep 1, 06:00 pm",0,0.0786916
"Sep 1, 07:00 pm",0,0.0786916
"Sep 1, 08:00 pm",0,0.0786916
"Sep 1, 09:00 pm",0,0.0786916
"Sep 1, 10:00 pm",0,0.0786916
"Sep 1, 11:00 pm",0,0.0786916
"Sep 2, 12:00 am",0,0.0786916
"Sep 2, 01:00 am",0,0.0786916
"Sep 2, 02:00 am",0,0.0786916
"Sep 2, 03:00 am",0,0.0786916
"Sep 2, 04:00 am",0,0.0786916
"Sep 2, 05:00 am",0,0.0786916
"Sep 2, 06:00 am",0,0.0786916
"Sep 2, 07:00 am",0,0.0786916
"Sep 2, 08:00 am",0,0.0786916
"Sep 2, 09:00 am",0,0.0786916
"Sep 2, 10:00 am",0,0.0786916
"Sep 2, 11:00 am",0,0.0786916
"Sep 2, 12:00 pm",0,0.0786916
"Sep 2, 01:00 pm",0,0.0786916
"Sep 2, 02:00 pm",0,0.0786916
"Sep 2, 03:00 pm",667.517,0.340991
"Sep 2, 04:00 pm",971.643,0.472149
"Sep 2, 05:00 pm",346.646,0.168557
"Sep 2, 06:00 pm",5.27919,0.0786916
"Sep 2, 07:00 pm",0,0.0786916
"Sep 2, 08:00 pm",0,0.0786916
"Sep 2, 09:00 pm",0,0.0786916
"Sep 2, 10:00 pm",0,0.0786916
"Sep 2, 11:00 pm",0,0.0786916
"Sep 3, 12:00 am",0,0.0786916
"Sep 3, 01:00 am",0,0.0786916
"Sep 3, 02:00 am",0,0.0786916
"Sep 3, 03:00 am",0,0.0786916
"Sep 3, 04:00 am",0,0.0786916
"Sep 3, 05:00 am",0,0.0786916
"Sep 3, 06:00 am",0,0.0786916
"Sep 3, 07:00 am",0,0.0786916
"Sep 3, 08:00 am",0,0.0786916
"Sep 3, 09:00 am",0,0.0786916
"Sep 3, 10:00 am",0,0.0786916
"Sep 3, 11:00 am",0,0.0786916
"Sep 3, 12:00 pm",0,0.0786916
"Sep 3, 01:00 pm",0,0.0786916
"Sep 3, 02:00 pm",0,0.0786916
"Sep 3, 03:00 pm",0,0.0786916
"Sep 3, 04:00 pm",0,0.0786916
"Sep 3, 05:00 pm",0,0.0786916
"Sep 3, 06:00 pm",0,0.0786916
"Sep 3, 07:00 pm",0,0.0786916
"Sep 3, 08:00 pm",0,0.0786916
"Sep 3, 09:00 pm",0,0.0786916
"Sep 3, 10:00 pm",0,0.0786916
"Sep 3, 11:00 pm",0,0.0786916
"Sep 4, 12:00 am",0,0.0786916
"Sep 4, 01:00 am",0,0.0786916
"Sep 4, 02:00 am",0,0.0786916
"Sep 4, 03:00 am",0,0.0786916
"Sep 4, 04:00 am",0,0.0786916
"Sep 4, 05:00 am",0,0.0786916
"Sep 4, 06:00 am",0,0.0786916
"Sep 4, 07:00 am",0,0.0786916
"Sep 4, 08:00 am",0,0.0786916
"Sep 4, 09:00 am",0,0.0786916
"Sep 4, 10:00 am",0,0.0786916
"Sep 4, 11:00 am",0,0.0786916
"Sep 4, 12:00 pm",0,0.0786916
"Sep 4, 01:00 pm",0,0.0786916
"Sep 4, 02:00 pm",0,0.0786916
"Sep 4, 03:00 pm",0,0.0786916
"Sep 4, 04:00 pm",0,0.0786916
"Sep 4, 05:00 pm",0,0.0786916
"Sep 4, 06:00 pm",0,0.0786916
"Sep 4, 07:00 pm",0,0.0786916
"Sep 4, 08:00 pm",0,0.0786916
"Sep 4, 09:00 pm",0,0.0786916
"Sep 4, 10:00 pm",0,0.0786916
"Sep 4, 11:00 pm",0,0.0786916
"Sep 5, 12:00 am",0,0.0786916
"Sep 5, 01:00 am",0,0.0786916
"Sep 5, 02:00 am",0,0.0786916
"Sep 5, 03:00 am",0,0.0786916
"Sep 5, 04:00 am",0,0.0786916
"Sep 5, 05:00 am",0,0.0786916
"Sep 5, 06:00 am",0,0.0786916
"Sep 5, 07:00 am",0,0.0786916
"Sep 5, 08:00 am",0,0.0786916
"Sep 5, 09:00 am",0,0.0786916
"Sep 5, 10:00 am",0,0.0786916
"Sep 5, 11:00 am",0,0.0786916
"Sep 5, 12:00 pm",0,0.0786916
"Sep 5, 01:00 pm",0,0.0786916
"Sep 5, 02:00 pm",0,0.0786916
"Sep 5, 03:00 pm",0,0.0786916
"Sep 5, 04:00 pm",0,0.0786916
"Sep 5, 05:00 pm",0,0.0786916
"Sep 5, 06:00 pm",0,0.0786916
"Sep 5, 07:00 pm",0,0.0786916
"Sep 5, 08:00 pm",0,0.0786916
"Sep 5, 09:00 pm",0,0.0786916
"Sep 5, 10:00 pm",0,0.0786916
"Sep 5, 11:00 pm",0,0.0786916
"Sep 6, 12:00 am",0,0.0786916
"Sep 6, 01:00 am",0,0.0786916
"Sep 6, 02:00 am",0,0.0786916
"Sep 6, 03:00 am",0,0.0786916
"Sep 6, 04:00 am",0,0.0786916
"Sep 6, 05:00 am",0,0.0786916
"Sep 6, 06:00 am",0,0.0786916
"Sep 6, 07:00 am",0,0.0786916
"Sep 6, 08:00 am",0,0.0786916
"Sep 6, 09:00 am",0,0.0786916
"Sep 6, 10:00 am",0,0.0786916
"Sep 6, 11:00 am",0,0.0786916
"Sep 6, 12:00 pm",0,0.0786916
"Sep 6, 01:00 pm",0,0.0786916
"Sep 6, 02:00 pm",0,0.0786916
"Sep 6, 03:00 pm",0,0.0786916
"Sep 6, 04:00 pm",0,0.0786916
"Sep 6, 05:00 pm",0,0.0786916
"Sep 6, 06:00 pm",0,0.0786916
"Sep 6, 07:00 pm",0,0.0786916
"Sep 6, 08:00 pm",0,0.0786916
"Sep 6, 09:00 pm",0,0.0786916
"Sep 6, 10:00 pm",0,0.0786916
"Sep 6, 11:00 pm",0,0.0786916
"Sep 7, 12:00 am",0,0.0786916
"Sep 7, 01:00 am",0,0.0786916
"Sep 7, 02:00 am",0,0.0786916
"Sep 7, 03:00 am",0,0.0786916
"Sep 7, 04:00 am",0,0.0786916
"Sep 7, 05:00 am",0,0.0786916
"Sep 7, 06:00 am",0,0.0786916
"Sep 7, 07:00 am",0,0.0786916
"Sep 7, 08:00 am",0,0.0786916
"Sep 7, 09:00 am",0,0.0786916
"Sep 7, 10:00 am",0,0.0786916
"Sep 7, 11:00 am",0,0.0786916
"Sep 7, 12:00 pm",0,0.0786916
"Sep 7, 01:00 pm",0,0.0786916
"Sep 7, 02:00 pm",0,0.0786916
"Sep 7, 03:00 pm",0,0.0786916
"Sep 7, 04:00 pm",0,0.0786916
"Sep 7, 05:00 pm",0,0.0786916
"Sep 7, 06:00 pm",0,0.0786916
"Sep 7, 07:00 pm",0,0.0786916
"Sep 7, 08:00 pm",0,0.0786916
"Sep 7, 09:00 pm",0,0.0786916
"Sep 7, 10:00 pm",0,0.0786916
"Sep 7, 11:00 pm",0,0.0786916
"Sep 8, 12:00 am",0,0.0786916
"Sep 8, 01:00 am",0,0.0786916
"Sep 8, 02:00 am",0,0.0786916
"Sep 8, 03:00 am",0,0.0786916
"Sep 8, 04:00 am",0,0.0786916
"Sep 8, 05:00 am",0,0.0786916
"Sep 8, 06:00 am",0,0.0786916
"Sep 8, 07:00 am",0,0.0786916
"Sep 8, 08:00 am",0,0.0786916
"Sep 8, 09:00 am",809.385,0.4606
"Sep 8, 10:00 am",971.276,0.472149
"Sep 8, 11:00 am",971.283,0.472149
"Sep 8, 12:00 pm",7.51401,0.0786916
"Sep 8, 01:00 pm",0,0.0786916
"Sep 8, 02:00 pm",0,0.0786916
"Sep 8, 03:00 pm",0,0.0786916
"Sep 8, 04:00 pm",809.411,0.472149
"Sep 8, 05:00 pm",424.142,0.206231
"Sep 8, 06:00 pm",4.88821,0.0786916
"Sep 8, 07:00 pm",0,0.0786916
"Sep 8, 08:00 pm",0,0.0786916
"Sep 8, 09:00 pm",0,0.0786916
"Sep 8, 10:00 pm",0,0.0786916
"Sep 8, 11:00 pm",0,0.0786916
"Sep 9, 12:00 am",0,0.0786916
"Sep 9, 01:00 am",0,0.0786916
"Sep 9, 02:00 am",0,0.0786916
"Sep 9, 03:00 am",0,0.0786916
"Sep 9, 04:00 am",0,0.0786916
"Sep 9, 05:00 am",0,0.0786916
"Sep 9, 06:00 am",0,0.0786916
"Sep 9, 07:00 am",0,0.0786916
"Sep 9, 08:00 am",0,0.12581
"Sep 9, 09:00 am",970.956,0.472149
"Sep 9, 10:00 am",971.263,0.472149
"Sep 9, 11:00 am",971.685,0.472149
"Sep 9, 12:00 pm",971.694,0.472149
"Sep 9, 01:00 pm",971.423,0.472149
"Sep 9, 02:00 pm",972.116,0.472149
"Sep 9, 03:00 pm",971.321,0.472149
"Sep 9, 04:00 pm",972.189,0.472149
"Sep 9, 05:00 pm",436.874,0.212393
"Sep 9, 06:00 pm",4.92065,0.0786916
"Sep 9, 07:00 pm",0,0.0786916
"Sep 9, 08:00 pm",0,0.0786916
"Sep 9, 09:00 pm",0,0.0786916
"Sep 9, 10:00 pm",0,0.0786916
"Sep 9, 11:00 pm",0,0.0786916
"Sep 10, 12:00 am",0,0.0786916
"Sep 10, 01:00 am",0,0.0786916
"Sep 10, 02:00 am",0,0.0786916
"Sep 10, 03:00 am",0,0.0786916
"Sep 10, 04:00 am",0,0.0786916
"Sep 10, 05:00 am",0,0.0786916
"Sep 10, 06:00 am",0,0.0786916
"Sep 10, 07:00 am",0,0.0786916
"Sep 10, 08:00 am",0,0.124023
"Sep 10, 09:00 am",970.907,0.472149
"Sep 10, 10:00 am",971.269,0.472149
"Sep 10, 11:00 am",971.836,0.472149
"Sep 10, 12:00 pm",971.677,0.472149
"Sep 10, 01:00 pm",970.387,0.472149
"Sep 10, 02:00 pm",971.972,0.472149
"Sep 10, 03:00 pm",971.269,0.472149
"Sep 10, 04:00 pm",972.284,0.472149
"Sep 10, 05:00 pm",450.763,0.219134
"Sep 10, 06:00 pm",4.91607,0.0786916
"Sep 10, 07:00 pm",0,0.0786916
"Sep 10, 08:00 pm",0,0.0786916
"Sep 10, 09:00 pm",0,0.0786916
"Sep 10, 10:00 pm",0,0.0786916
"Sep 10, 11:00 pm",0,0.0786916
"Sep 11, 12:00 am",0,0.0786916
"Sep 11, 01:00 am",0,0.0786916
"Sep 11, 02:00 am",0,0.0786916
"Sep 11, 03:00 am",0,0.0786916
"Sep 11, 04:00 am",0,0.0786916
"Sep 11, 05:00 am",0,0.0786916
"Sep 11, 06:00 am",0,0.0786916
"Sep 11, 07:00 am",0,0.0786916
"Sep 11, 08:00 am",0,0.125911
"Sep 11, 09:00 am",971.006,0.472149
"Sep 11, 10:00 am",971.302,0.472149
"Sep 11, 11:00 am",971.832,0.472149
"Sep 11, 12:00 pm",971.648,0.472149
"Sep 11, 01:00 pm",970.82,0.472149
"Sep 11, 02:00 pm",971.938,0.472149
"Sep 11, 03:00 pm",971.296,0.472149
"Sep 11, 04:00 pm",972.33,0.472149
"Sep 11, 05:00 pm",461.609,0.224394
"Sep 11, 06:00 pm",5.04937,0.0786916
"Sep 11, 07:00 pm",0,0.0786916
"Sep 11, 08:00 pm",0,0.0786916
"Sep 11, 09:00 pm",0,0.0786916
"Sep 11, 10:00 pm",0,0.0786916
"Sep 11, 11:00 pm",0,0.0786916
"Sep 12, 12:00 am",0,0.0786916
"Sep 12, 01:00 am",0,0.0786916
"Sep 12, 02:00 am",0,0.0786916
"Sep 12, 03:00 am",0,0.0786916
"Sep 12, 04:00 am",0,0.0786916
"Sep 12, 05:00 am",0,0.0786916
"Sep 12, 06:00 am",0,0.0786916
"Sep 12, 07:00 am",0,0.0786916
"Sep 12, 08:00 am",85.7496,0.132999
"Sep 12, 09:00 am",971.371,0.472149
"Sep 12, 10:00 am",971.296,0.472149
"Sep 12, 11:00 am",971.087,0.472149
"Sep 12, 12:00 pm",971.107,0.472149
"Sep 12, 01:00 pm",971.104,0.472149
"Sep 12, 02:00 pm",971.645,0.472149
"Sep 12, 03:00 pm",971.317,0.472149
"Sep 12, 04:00 pm",971.312,0.472149
"Sep 12, 05:00 pm",473.269,0.230084
"Sep 12, 06:00 pm",5.29198,0.0786916
"Sep 12, 07:00 pm",0,0.0786916
"Sep 12, 08:00 pm",0,0.0786916
"Sep 12, 09:00 pm",0,0.0786916
"Sep 12, 10:00 pm",0,0.0786916
"Sep 12, 11:00 pm",0,0.0786916
"Sep 13, 12:00 am",0,0.0786916
"Sep 13, 01:00 am",0,0.0786916
"Sep 13, 02:00 am",0,0.0786916
"Sep 13, 03:00 am",0,0.0786916
"Sep 13, 04:00 am",0,0.0786916
"Sep 13, 05:00 am",0,0.0786916
"Sep 13, 06:00 am",0,0.0786916
"Sep 13, 07:00 am",0,0.0786916
"Sep 13, 08:00 am",83.1109,0.130415
"Sep 13, 09:00 am",971.167,0.472149
"Sep 13, 10:00 am",971.288,0.472149
"Sep 13, 11:00 am",972.041,0.472149
"Sep 13, 12:00 pm",972.013,0.472149
"Sep 13, 01:00 pm",971.749,0.472149
"Sep 13, 02:00 pm",972.203,0.472149
"Sep 13, 03:00 pm",971.371,0.472149
"Sep 13, 04:00 pm",972.212,0.472149
"Sep 13, 05:00 pm",475.292,0.231054
"Sep 13, 06:00 pm",5.12075,0.0786916
"Sep 13, 07:00 pm",0,0.0786916
"Sep 13, 08:00 pm",0,0.0786916
"Sep 13, 09:00 pm",0,0.0786916
"Sep 13, 10:00 pm",0,0.0786916
"Sep 13, 11:00 pm",0,0.0786916
"Sep 14, 12:00 am",0,0.0786916
"Sep 14, 01:00 am",0,0.0786916
"Sep 14, 02:00 am",0,0.0786916
"Sep 14, 03:00 am",0,0.0786916
"Sep 14, 04:00 am",0,0.0786916
"Sep 14, 05:00 am",0,0.0786916
"Sep 14, 06:00 am",0,0.0786916
"Sep 14, 07:00 am",0,0.0786916
"Sep 14, 08:00 am",0,0.0786916
"Sep 14, 09:00 am",655.412,0.340991
"Sep 14, 10:00 am",971.311,0.472149
"Sep 14, 11:00 am",971.619,0.472149
"Sep 14, 12:00 pm",971.405,0.472149
"Sep 14, 01:00 pm",971.097,0.472149
"Sep 14, 02:00 pm",971.516,0.472149
"Sep 14, 03:00 pm",971.287,0.472149
"Sep 14, 04:00 pm",971.28,0.472149
"Sep 14, 05:00 pm",499.72,0.242962
"Sep 14, 06:00 pm",5.12887,0.0786916
"Sep 14, 07:00 pm",0,0.0786916
"Sep 14, 08:00 pm",0,0.0786916
"Sep 14, 09:00 pm",0,0.0786916
"Sep 14, 10:00 pm",0,0.0786916
"Sep 14, 11:00 pm",0,0.0786916
"Sep 15, 12:00 am",0,0.0786916
"Sep 15, 01:00 am",0,0.0786916
"Sep 15, 02:00 am",0,0.0786916
"Sep 15, 03:00 am",0,0.0786916
"Sep 15, 04:00 am",0,0.0786916
"Sep 15, 05:00 am",0,0.0786916
"Sep 15, 06:00 am",0,0.0786916
"Sep 15, 07:00 am",0,0.0786916
"Sep 15, 08:00 am",93.4414,0.138485
"Sep 15, 09:00 am",971.511,0.472149
"Sep 15, 10:00 am",971.279,0.472149
"Sep 15, 11:00 am",971.122,0.472149
"Sep 15, 12:00 pm",971.136,0.472149
"Sep 15, 01:00 pm",970.978,0.472149
"Sep 15, 02:00 pm",970.981,0.472149
"Sep 15, 03:00 pm",971.285,0.472149
"Sep 15, 04:00 pm",971.28,0.472149
"Sep 15, 05:00 pm",510.159,0.248036
"Sep 15, 06:00 pm",5.25368,0.0786916
"Sep 15, 07:00 pm",0,0.0786916
"Sep 15, 08:00 pm",0,0.0786916
"Sep 15, 09:00 pm",0,0.0786916
"Sep 15, 10:00 pm",0,0.0786916
"Sep 15, 11:00 pm",0,0.0786916
"Sep 16, 12:00 am",0,0.0786916
"Sep 16, 01:00 am",0,0.0786916
"Sep 16, 02:00 am",0,0.0786916
"Sep 16, 03:00 am",0,0.0786916
"Sep 16, 04:00 am",0,0.0786916
"Sep 16, 05:00 am",0,0.0786916
"Sep 16, 06:00 am",0,0.0786916
"Sep 16, 07:00 am",0,0.0786916
"Sep 16, 08:00 am",280.252,0.17585
"Sep 16, 09:00 am",971.443,0.472149
"Sep 16, 10:00 am",971.279,0.472149
"Sep 16, 11:00 am",970.917,0.472149
"Sep 16, 12:00 pm",970.932,0.472149
"Sep 16, 01:00 pm",970.792,0.472149
"Sep 16, 02:00 pm",971.052,0.472149
"Sep 16, 03:00 pm",972.312,0.472149
"Sep 16, 04:00 pm",971.399,0.472149
"Sep 16, 05:00 pm",520.904,0.253261
"Sep 16, 06:00 pm",5.27413,0.0786916
"Sep 16, 07:00 pm",0,0.0786916
"Sep 16, 08:00 pm",0,0.0786916
"Sep 16, 09:00 pm",0,0.0786916
"Sep 16, 10:00 pm",0,0.0786916
"Sep 16, 11:00 pm",0,0.0786916
"Sep 17, 12:00 am",0,0.0786916
"Sep 17, 01:00 am",0,0.0786916
"Sep 17, 02:00 am",0,0.0786916
"Sep 17, 03:00 am",0,0.0786916
"Sep 17, 04:00 am",0,0.0786916
"Sep 17, 05:00 am",0,0.0786916
"Sep 17, 06:00 am",0,0.0786916
"Sep 17, 07:00 am",0,0.0786916
"Sep 17, 08:00 am",0,0.0786916
"Sep 17, 09:00 am",0,0.0786916
"Sep 17, 10:00 am",0,0.0786916
"Sep 17, 11:00 am",0,0.0786916
"Sep 17, 12:00 pm",0,0.0786916
"Sep 17, 01:00 pm",673.369,0.340991
"Sep 17, 02:00 pm",971.645,0.472149
"Sep 17, 03:00 pm",971.276,0.472149
"Sep 17, 04:00 pm",971.271,0.472149
"Sep 17, 05:00 pm",525.061,0.255297
"Sep 17, 06:00 pm",5.10796,0.0786916
"Sep 17, 07:00 pm",0,0.0786916
"Sep 17, 08:00 pm",0,0.0786916
"Sep 17, 09:00 pm",0,0.0786916
"Sep 17, 10:00 pm",0,0.0786916
"Sep 17, 11:00 pm",0,0.0786916
"Sep 18, 12:00 am",0,0.0786916
"Sep 18, 01:00 am",0,0.0786916
"Sep 18, 02:00 am",0,0.0786916
"Sep 18, 03:00 am",0,0.0786916
"Sep 18, 04:00 am",0,0.0786916
"Sep 18, 05:00 am",0,0.0786916
"Sep 18, 06:00 am",0,0.0786916
"Sep 18, 07:00 am",0,0.0786916
"Sep 18, 08:00 am",0,0.0786916
"Sep 18, 09:00 am",0,0.0786916
"Sep 18, 10:00 am",0,0.0786916
"Sep 18, 11:00 am",0,0.0786916
"Sep 18, 12:00 pm",0,0.0786916
"Sep 18, 01:00 pm",0,0.0786916
"Sep 18, 02:00 pm",0,0.0786916
"Sep 18, 03:00 pm",0,0.0786916
"Sep 18, 04:00 pm",0,0.0786916
"Sep 18, 05:00 pm",0,0.0786916
"Sep 18, 06:00 pm",0,0.0786916
"Sep 18, 07:00 pm",0,0.0786916
"Sep 18, 08:00 pm",0,0.0786916
"Sep 18, 09:00 pm",0,0.0786916
"Sep 18, 10:00 pm",0,0.0786916
"Sep 18, 11:00 pm",0,0.0786916
"Sep 19, 12:00 am",0,0.0786916
"Sep 19, 01:00 am",0,0.0786916
"Sep 19, 02:00 am",0,0.0786916
"Sep 19, 03:00 am",0,0.0786916
"Sep 19, 04:00 am",0,0.0786916
"Sep 19, 05:00 am",0,0.0786916
"Sep 19, 06:00 am",0,0.0786916
"Sep 19, 07:00 am",0,0.0786916
"Sep 19, 08:00 am",0,0.0786916
"Sep 19, 09:00 am",0,0.0786916
"Sep 19, 10:00 am",0,0.0786916
"Sep 19, 11:00 am",0,0.0786916
"Sep 19, 12:00 pm",0,0.0786916
"Sep 19, 01:00 pm",673.818,0.340991
"Sep 19, 02:00 pm",970.234,0.472149
"Sep 19, 03:00 pm",971.862,0.472149
"Sep 19, 04:00 pm",971.294,0.472149
"Sep 19, 05:00 pm",6.05103,0.0786916
"Sep 19, 06:00 pm",0,0.0786916
"Sep 19, 07:00 pm",0,0.0786916
"Sep 19, 08:00 pm",0,0.0786916
"Sep 19, 09:00 pm",0,0.0786916
"Sep 19, 10:00 pm",0,0.0786916
"Sep 19, 11:00 pm",0,0.0786916
"Sep 20, 12:00 am",0,0.0786916
"Sep 20, 01:00 am",0,0.0786916
"Sep 20, 02:00 am",0,0.0786916
"Sep 20, 03:00 am",0,0.0786916
"Sep 20, 04:00 am",0,0.0786916
"Sep 20, 05:00 am",0,0.0786916
"Sep 20, 06:00 am",0,0.0786916
"Sep 20, 07:00 am",0,0.0786916
"Sep 20, 08:00 am",317.701,0.193218
"Sep 20, 09:00 am",972.071,0.472149
"Sep 20, 10:00 am",971.862,0.472149
"Sep 20, 11:00 am",970.471,0.472149
"Sep 20, 12:00 pm",970.481,0.472149
"Sep 20, 01:00 pm",970.486,0.472149
"Sep 20, 02:00 pm",970.709,0.472149
"Sep 20, 03:00 pm",971.958,0.472149
"Sep 20, 04:00 pm",971.29,0.472149
"Sep 20, 05:00 pm",576.396,0.28006
"Sep 20, 06:00 pm",5.2252,0.0786916
"Sep 20, 07:00 pm",0,0.0786916
"Sep 20, 08:00 pm",0,0.0786916
"Sep 20, 09:00 pm",0,0.0786916
"Sep 20, 10:00 pm",0,0.0786916
"Sep 20, 11:00 pm",0,0.0786916
"Sep 21, 12:00 am",0,0.0786916
"Sep 21, 01:00 am",0,0.0786916
"Sep 21, 02:00 am",0,0.0786916
"Sep 21, 03:00 am",0,0.0786916
"Sep 21, 04:00 am",0,0.0786916
"Sep 21, 05:00 am",0,0.0786916
"Sep 21, 06:00 am",0,0.0786916
"Sep 21, 07:00 am",0,0.0786916
"Sep 21, 08:00 am",0,0.0786916
"Sep 21, 09:00 am",0,0.0786916
"Sep 21, 10:00 am",0,0.0786916
"Sep 21, 11:00 am",0,0.0786916
"Sep 21, 12:00 pm",0,0.0786916
"Sep 21, 01:00 pm",0,0.0786916
"Sep 21, 02:00 pm",812.268,0.406568
"Sep 21, 03:00 pm",971.491,0.472149
"Sep 21, 04:00 pm",971.279,0.472149
"Sep 21, 05:00 pm",599.991,0.291559
"Sep 21, 06:00 pm",5.07777,0.0786916
"Sep 21, 07:00 pm",0,0.0786916
"Sep 21, 08:00 pm",0,0.0786916
"Sep 21, 09:00 pm",0,0.0786916
"Sep 21, 10:00 pm",0,0.0786916
"Sep 21, 11:00 pm",0,0.0786916
"Sep 22, 12:00 am",0,0.0786916
"Sep 22, 01:00 am",0,0.0786916
"Sep 22, 02:00 am",0,0.0786916
"Sep 22, 03:00 am",0,0.0786916
"Sep 22, 04:00 am",0,0.0786916
"Sep 22, 05:00 am",0,0.0786916
"Sep 22, 06:00 am",0,0.0786916
"Sep 22, 07:00 am",0,0.0786916
"Sep 22, 08:00 am",451.835,0.245784
"Sep 22, 09:00 am",971.057,0.472149
"Sep 22, 10:00 am",970.505,0.472149
"Sep 22, 11:00 am",971.36,0.472149
"Sep 22, 12:00 pm",971.372,0.472149
"Sep 22, 01:00 pm",971.38,0.472149
"Sep 22, 02:00 pm",971.383,0.472149
"Sep 22, 03:00 pm",970.662,0.472149
"Sep 22, 04:00 pm",971.301,0.472149
"Sep 22, 05:00 pm",630.803,0.306553
"Sep 22, 06:00 pm",5.17971,0.0786916
"Sep 22, 07:00 pm",0,0.0786916
"Sep 22, 08:00 pm",0,0.0786916
"Sep 22, 09:00 pm",0,0.0786916
"Sep 22, 10:00 pm",0,0.0786916
"Sep 22, 11:00 pm",0,0.0786916
"Sep 23, 12:00 am",0,0.0786916
"Sep 23, 01:00 am",0,0.0786916
"Sep 23, 02:00 am",0,0.0786916
"Sep 23, 03:00 am",0,0.0786916
"Sep 23, 04:00 am",0,0.0786916
"Sep 23, 05:00 am",0,0.0786916
"Sep 23, 06:00 am",0,0.0786916
"Sep 23, 07:00 am",0,0.0786916
"Sep 23, 08:00 am",483.859,0.259857
"Sep 23, 09:00 am",971.236,0.472149
"Sep 23, 10:00 am",970.317,0.472149
"Sep 23, 11:00 am",971.382,0.472149
"Sep 23, 12:00 pm",971.392,0.472149
"Sep 23, 01:00 pm",971.403,0.472149
"Sep 23, 02:00 pm",971.408,0.472149
"Sep 23, 03:00 pm",970.398,0.472149
"Sep 23, 04:00 pm",971.315,0.472149
"Sep 23, 05:00 pm",657.91,0.319753
"Sep 23, 06:00 pm",5.21876,0.0786916
"Sep 23, 07:00 pm",0,0.0786916
"Sep 23, 08:00 pm",0,0.0786916
"Sep 23, 09:00 pm",0,0.0786916
"Sep 23, 10:00 pm",0,0.0786916
"Sep 23, 11:00 pm",0,0.0786916
"Sep 24, 12:00 am",0,0.0786916
"Sep 24, 01:00 am",0,0.0786916
"Sep 24, 02:00 am",0,0.0786916
"Sep 24, 03:00 am",0,0.0786916
"Sep 24, 04:00 am",0,0.0786916
"Sep 24, 05:00 am",0,0.0786916
"Sep 24, 06:00 am",0,0.0786916
"Sep 24, 07:00 am",0,0.0786916
"Sep 24, 08:00 am",466.684,0.325875
"Sep 24, 09:00 am",971.13,0.472149
"Sep 24, 10:00 am",970.606,0.472149
"Sep 24, 11:00 am",971.367,0.472149
"Sep 24, 12:00 pm",971.381,0.472149
"Sep 24, 01:00 pm",971.406,0.472149
"Sep 24, 02:00 pm",971.41,0.472149
"Sep 24, 03:00 pm",970.651,0.472149
"Sep 24, 04:00 pm",971.331,0.472149
"Sep 24, 05:00 pm",659.933,0.320728
"Sep 24, 06:00 pm",5.40126,0.0786916
"Sep 24, 07:00 pm",0,0.0786916
"Sep 24, 08:00 pm",0,0.0786916
"Sep 24, 09:00 pm",0,0.0786916
"Sep 24, 10:00 pm",0,0.0786916
"Sep 24, 11:00 pm",0,0.0786916
"Sep 25, 12:00 am",0,0.0786916
"Sep 25, 01:00 am",0,0.0786916
"Sep 25, 02:00 am",0,0.0786916
"Sep 25, 03:00 am",0,0.0786916
"Sep 25, 04:00 am",0,0.0786916
"Sep 25, 05:00 am",0,0.0786916
"Sep 25, 06:00 am",0,0.0786916
"Sep 25, 07:00 am",0,0.0786916
"Sep 25, 08:00 am",475.086,0.331075
"Sep 25, 09:00 am",971.102,0.472149
"Sep 25, 10:00 am",970.589,0.472149
"Sep 25, 11:00 am",971.355,0.472149
"Sep 25, 12:00 pm",971.366,0.472149
"Sep 25, 01:00 pm",971.37,0.472149
"Sep 25, 02:00 pm",971.373,0.472149
"Sep 25, 03:00 pm",970.754,0.472149
"Sep 25, 04:00 pm",971.31,0.472149
"Sep 25, 05:00 pm",665.777,0.323585
"Sep 25, 06:00 pm",5.29751,0.0786916
"Sep 25, 07:00 pm",0,0.0786916
"Sep 25, 08:00 pm",0,0.0786916
"Sep 25, 09:00 pm",0,0.0786916
"Sep 25, 10:00 pm",0,0.0786916
"Sep 25, 11:00 pm",0,0.0786916
"Sep 26, 12:00 am",0,0.0786916
"Sep 26, 01:00 am",0,0.0786916
"Sep 26, 02:00 am",0,0.0786916
"Sep 26, 03:00 am",0,0.0786916
"Sep 26, 04:00 am",0,0.0786916
"Sep 26, 05:00 am",0,0.0786916
"Sep 26, 06:00 am",0,0.0786916
"Sep 26, 07:00 am",0,0.0786916
"Sep 26, 08:00 am",491.727,0.342113
"Sep 26, 09:00 am",6.52636,0.0786916
"Sep 26, 10:00 am",0,0.0786916
"Sep 26, 11:00 am",0,0.0786916
"Sep 26, 12:00 pm",0,0.0786916
"Sep 26, 01:00 pm",0,0.0786916
"Sep 26, 02:00 pm",0,0.0786916
"Sep 26, 03:00 pm",809.556,0.472149
"Sep 26, 04:00 pm",971.327,0.472149
"Sep 26, 05:00 pm",682.542,0.331754
"Sep 26, 06:00 pm",5.33042,0.0786916
"Sep 26, 07:00 pm",0,0.0786916
"Sep 26, 08:00 pm",0,0.0786916
"Sep 26, 09:00 pm",0,0.0786916
"Sep 26, 10:00 pm",0,0.0786916
"Sep 26, 11:00 pm",0,0.0786916
"Sep 27, 12:00 am",0,0.0786916
"Sep 27, 01:00 am",0,0.0786916
"Sep 27, 02:00 am",0,0.0786916
"Sep 27, 03:00 am",0,0.0786916
"Sep 27, 04:00 am",0,0.0786916
"Sep 27, 05:00 am",0,0.0786916
"Sep 27, 06:00 am",0,0.0786916
"Sep 27, 07:00 am",0,0.0786916
"Sep 27, 08:00 am",0,0.0786916
"Sep 27, 09:00 am",0,0.0786916
"Sep 27, 10:00 am",0,0.0786916
"Sep 27, 11:00 am",0,0.0786916
"Sep 27, 12:00 pm",0,0.0786916
"Sep 27, 01:00 pm",0,0.0786916
"Sep 27, 02:00 pm",0,0.0786916
"Sep 27, 03:00 pm",0,0.0786916
"Sep 27, 04:00 pm",0,0.0786916
"Sep 27, 05:00 pm",0,0.0786916
"Sep 27, 06:00 pm",0,0.0786916
"Sep 27, 07:00 pm",0,0.0786916
"Sep 27, 08:00 pm",0,0.0786916
"Sep 27, 09:00 pm",0,0.0786916
"Sep 27, 10:00 pm",0,0.0786916
"Sep 27, 11:00 pm",0,0.0786916
"Sep 28, 12:00 am",0,0.0786916
"Sep 28, 01:00 am",0,0.0786916
"Sep 28, 02:00 am",0,0.0786916
"Sep 28, 03:00 am",0,0.0786916
"Sep 28, 04:00 am",0,0.0786916
"Sep 28, 05:00 am",0,0.0786916
"Sep 28, 06:00 am",0,0.0786916
"Sep 28, 07:00 am",0,0.0786916
"Sep 28, 08:00 am",518.937,0.36044
"Sep 28, 09:00 am",971.171,0.472149
"Sep 28, 10:00 am",971.325,0.472149
"Sep 28, 11:00 am",971.472,0.472149
"Sep 28, 12:00 pm",971.512,0.472149
"Sep 28, 01:00 pm",971.516,0.472149
"Sep 28, 02:00 pm",971.523,0.472149
"Sep 28, 03:00 pm",971.385,0.472149
"Sep 28, 04:00 pm",7.1339,0.0786916
"Sep 28, 05:00 pm",0,0.0786916
"Sep 28, 06:00 pm",0,0.0786916
"Sep 28, 07:00 pm",0,0.0786916
"Sep 28, 08:00 pm",0,0.0786916
"Sep 28, 09:00 pm",0,0.0786916
"Sep 28, 10:00 pm",0,0.0786916
"Sep 28, 11:00 pm",0,0.0786916
"Sep 29, 12:00 am",0,0.0786916
"Sep 29, 01:00 am",0,0.0786916
"Sep 29, 02:00 am",0,0.0786916
"Sep 29, 03:00 am",0,0.0786916
"Sep 29, 04:00 am",0,0.0786916
"Sep 29, 05:00 am",0,0.0786916
"Sep 29, 06:00 am",0,0.0786916
"Sep 29, 07:00 am",0,0.0786916
"Sep 29, 08:00 am",449.094,0.253764
"Sep 29, 09:00 am",971.221,0.472149
"Sep 29, 10:00 am",8.04481,0.0786916
"Sep 29, 11:00 am",0,0.0786916
"Sep 29, 12:00 pm",0,0.0786916
"Sep 29, 01:00 pm",0,0.0786916
"Sep 29, 02:00 pm",0,0.0786916
"Sep 29, 03:00 pm",0,0.0786916
"Sep 29, 04:00 pm",0,0.0786916
"Sep 29, 05:00 pm",0,0.0786916
"Sep 29, 06:00 pm",0,0.0786916
"Sep 29, 07:00 pm",0,0.0786916
"Sep 29, 08:00 pm",0,0.0786916
"Sep 29, 09:00 pm",0,0.0786916
"Sep 29, 10:00 pm",0,0.0786916
"Sep 29, 11:00 pm",0,0.0786916
"Sep 30, 12:00 am",0,0.0786916
"Sep 30, 01:00 am",0,0.0786916
"Sep 30, 02:00 am",0,0.0786916
"Sep 30, 03:00 am",0,0.0786916
"Sep 30, 04:00 am",0,0.0786916
"Sep 30, 05:00 am",0,0.0786916
"Sep 30, 06:00 am",0,0.0786916
"Sep 30, 07:00 am",0,0.0786916
"Sep 30, 08:00 am",535.481,0.370624
"Sep 30, 09:00 am",971.187,0.472149
"Sep 30, 10:00 am",971.323,0.472149
"Sep 30, 11:00 am",971.466,0.472149
"Sep 30, 12:00 pm",971.517,0.472149
"Sep 30, 01:00 pm",971.522,0.472149
"Sep 30, 02:00 pm",971.526,0.472149
"Sep 30, 03:00 pm",971.377,0.472149
"Sep 30, 04:00 pm",971.372,0.472149
"Sep 30, 05:00 pm",6.46691,0.0786916
"Sep 30, 06:00 pm",0,0.0786916
"Sep 30, 07:00 pm",0,0.0786916
"Sep 30, 08:00 pm",0,0.0786916
"Sep 30, 09:00 pm",0,0.0786916
"Sep 30, 10:00 pm",0,0.0786916
"Sep 30, 11:00 pm",0,0.0786916
"Oct 1, 12:00 am",0,0.0786916
"Oct 1, 01:00 am",0,0.0786916
"Oct 1, 02:00 am",0,0.0786916
"Oct 1, 03:00 am",0,0.0786916
"Oct 1, 04:00 am",0,0.0786916
"Oct 1, 05:00 am",0,0.0786916
"Oct 1, 06:00 am",0,0.0786916
"Oct 1, 07:00 am",0,0.0786916
"Oct 1, 08:00 am",0,0.0786916
"Oct 1, 09:00 am",0,0.0786916
"Oct 1, 10:00 am",0,0.0786916
"Oct 1, 11:00 am",0,0.0786916
"Oct 1, 12:00 pm",0,0.0786916
"Oct 1, 01:00 pm",0,0.0786916
"Oct 1, 02:00 pm",0,0.0786916
"Oct 1, 03:00 pm",0,0.0786916
"Oct 1, 04:00 pm",0,0.0786916
"Oct 1, 05:00 pm",0,0.0786916
"Oct 1, 06:00 pm",0,0.0786916
"Oct 1, 07:00 pm",0,0.0786916
"Oct 1, 08:00 pm",0,0.0786916
"Oct 1, 09:00 pm",0,0.0786916
"Oct 1, 10:00 pm",0,0.0786916
"Oct 1, 11:00 pm",0,0.0786916
"Oct 2, 12:00 am",0,0.0786916
"Oct 2, 01:00 am",0,0.0786916
"Oct 2, 02:00 am",0,0.0786916
"Oct 2, 03:00 am",0,0.0786916
"Oct 2, 04:00 am",0,0.0786916
"Oct 2, 05:00 am",0,0.0786916
"Oct 2, 06:00 am",0,0.0786916
"Oct 2, 07:00 am",0,0.0786916
"Oct 2, 08:00 am",0,0.0786916
"Oct 2, 09:00 am",0,0.0786916
"Oct 2, 10:00 am",0,0.0786916
"Oct 2, 11:00 am",0,0.0786916
"Oct 2, 12:00 pm",0,0.0786916
"Oct 2, 01:00 pm",0,0.0786916
"Oct 2, 02:00 pm",0,0.0786916
"Oct 2, 03:00 pm",0,0.0786916
"Oct 2, 04:00 pm",0,0.0786916
"Oct 2, 05:00 pm",0,0.0786916
"Oct 2, 06:00 pm",0,0.0786916
"Oct 2, 07:00 pm",0,0.0786916
"Oct 2, 08:00 pm",0,0.0786916
"Oct 2, 09:00 pm",0,0.0786916
"Oct 2, 10:00 pm",0,0.0786916
"Oct 2, 11:00 pm",0,0.0786916
"Oct 3, 12:00 am",0,0.0786916
"Oct 3, 01:00 am",0,0.0786916
"Oct 3, 02:00 am",0,0.0786916
"Oct 3, 03:00 am",0,0.0786916
"Oct 3, 04:00 am",0,0.0786916
"Oct 3, 05:00 am",0,0.0786916
"Oct 3, 06:00 am",0,0.0786916
"Oct 3, 07:00 am",0,0.0786916
"Oct 3, 08:00 am",542.885,0.375042
"Oct 3, 09:00 am",971.178,0.472149
"Oct 3, 10:00 am",971.304,0.472149
"Oct 3, 11:00 am",971.407,0.472149
"Oct 3, 12:00 pm",971.42,0.472149
"Oct 3, 01:00 pm",9.35356,0.0786916
"Oct 3, 02:00 pm",7.8191,0.0786916
"Oct 3, 03:00 pm",0,0.0786916
"Oct 3, 04:00 pm",0,0.0786916
"Oct 3, 05:00 pm",0,0.0786916
"Oct 3, 06:00 pm",0,0.0786916
"Oct 3, 07:00 pm",0,0.0786916
"Oct 3, 08:00 pm",0,0.0786916
"Oct 3, 09:00 pm",0,0.0786916
"Oct 3, 10:00 pm",0,0.0786916
"Oct 3, 11:00 pm",0,0.0786916
"Oct 4, 12:00 am",0,0.0786916
"Oct 4, 01:00 am",0,0.0786916
"Oct 4, 02:00 am",0,0.0786916
"Oct 4, 03:00 am",0,0.0786916
"Oct 4, 04:00 am",0,0.0786916
"Oct 4, 05:00 am",0,0.0786916
"Oct 4, 06:00 am",0,0.0786916
"Oct 4, 07:00 am",0,0.0786916
"Oct 4, 08:00 am",676.963,0.385235
"Oct 4, 09:00 am",971.183,0.472149
"Oct 4, 10:00 am",971.306,0.472149
"Oct 4, 11:00 am",971.448,0.472149
"Oct 4, 12:00 pm",971.464,0.472149
"Oct 4, 01:00 pm",971.527,0.472149
"Oct 4, 02:00 pm",971.526,0.472149
"Oct 4, 03:00 pm",971.361,0.472149
"Oct 4, 04:00 pm",971.355,0.472149
"Oct 4, 05:00 pm",828.298,0.402545
"Oct 4, 06:00 pm",5.23158,0.0786916
"Oct 4, 07:00 pm",0,0.0786916
"Oct 4, 08:00 pm",0,0.0786916
"Oct 4, 09:00 pm",0,0.0786916
"Oct 4, 10:00 pm",0,0.0786916
"Oct 4, 11:00 pm",0,0.0786916
"Oct 5, 12:00 am",0,0.0786916
"Oct 5, 01:00 am",0,0.0786916
"Oct 5, 02:00 am",0,0.0786916
"Oct 5, 03:00 am",0,0.0786916
"Oct 5, 04:00 am",0,0.0786916
"Oct 5, 05:00 am",0,0.0786916
"Oct 5, 06:00 am",0,0.0786916
"Oct 5, 07:00 am",0,0.0786916
"Oct 5, 08:00 am",0,0.0786916
"Oct 5, 09:00 am",818.001,0.472149
"Oct 5, 10:00 am",971.599,0.472149
"Oct 5, 11:00 am",971.591,0.472149
"Oct 5, 12:00 pm",971.656,0.472149
"Oct 5, 01:00 pm",971.659,0.472149
"Oct 5, 02:00 pm",971.584,0.472149
"Oct 5, 03:00 pm",971.427,0.472149
"Oct 5, 04:00 pm",971.307,0.472149
"Oct 5, 05:00 pm",849.704,0.41299
"Oct 5, 06:00 pm",5.36521,0.0786916
"Oct 5, 07:00 pm",0,0.0786916
"Oct 5, 08:00 pm",0,0.0786916
"Oct 5, 09:00 pm",0,0.0786916
"Oct 5, 10:00 pm",0,0.0786916
"Oct 5, 11:00 pm",0,0.0786916
"Oct 6, 12:00 am",0,0.0786916
"Oct 6, 01:00 am",0,0.0786916
"Oct 6, 02:00 am",0,0.0786916
"Oct 6, 03:00 am",0,0.0786916
"Oct 6, 04:00 am",0,0.0786916
"Oct 6, 05:00 am",0,0.0786916
"Oct 6, 06:00 am",0,0.0786916
"Oct 6, 07:00 am",0,0.0786916
"Oct 6, 08:00 am",0,0.0786916
"Oct 6, 09:00 am",0,0.0786916
"Oct 6, 10:00 am",674.683,0.340991
"Oct 6, 11:00 am",971.482,0.472149
"Oct 6, 12:00 pm",971.498,0.472149
"Oct 6, 01:00 pm",9.49324,0.0786916
"Oct 6, 02:00 pm",7.81133,0.0786916
"Oct 6, 03:00 pm",0,0.0786916
"Oct 6, 04:00 pm",821.225,0.472149
"Oct 6, 05:00 pm",841.617,0.408988
"Oct 6, 06:00 pm",5.23375,0.0786916
"Oct 6, 07:00 pm",0,0.0786916
"Oct 6, 08:00 pm",0,0.0786916
"Oct 6, 09:00 pm",0,0.0786916
"Oct 6, 10:00 pm",0,0.0786916
"Oct 6, 11:00 pm",0,0.0786916
"Oct 7, 12:00 am",0,0.0786916
"Oct 7, 01:00 am",0,0.0786916
"Oct 7, 02:00 am",0,0.0786916
"Oct 7, 03:00 am",0,0.0786916
"Oct 7, 04:00 am",0,0.0786916
"Oct 7, 05:00 am",0,0.0786916
"Oct 7, 06:00 am",0,0.0786916
"Oct 7, 07:00 am",0,0.0786916
"Oct 7, 08:00 am",0,0.0786916
"Oct 7, 09:00 am",0,0.0786916
"Oct 7, 10:00 am",0,0.0786916
"Oct 7, 11:00 am",0,0.0786916
"Oct 7, 12:00 pm",815.861,0.406568
"Oct 7, 01:00 pm",971.608,0.472149
"Oct 7, 02:00 pm",971.607,0.472149
"Oct 7, 03:00 pm",971.401,0.472149
"Oct 7, 04:00 pm",971.303,0.472149
"Oct 7, 05:00 pm",875.593,0.425618
"Oct 7, 06:00 pm",5.36422,0.0786916
"Oct 7, 07:00 pm",0,0.0786916
"Oct 7, 08:00 pm",0,0.0786916
"Oct 7, 09:00 pm",0,0.0786916
"Oct 7, 10:00 pm",0,0.0786916
"Oct 7, 11:00 pm",0,0.0786916
"Oct 8, 12:00 am",0,0.0786916
"Oct 8, 01:00 am",0,0.0786916
"Oct 8, 02:00 am",0,0.0786916
"Oct 8, 03:00 am",0,0.0786916
"Oct 8, 04:00 am",0,0.0786916
"Oct 8, 05:00 am",0,0.0786916
"Oct 8, 06:00 am",0,0.0786916
"Oct 8, 07:00 am",0,0.0786916
"Oct 8, 08:00 am",911.198,0.443575
"Oct 8, 09:00 am",971.224,0.472149
"Oct 8, 10:00 am",971.496,0.472149
"Oct 8, 11:00 am",971.649,0.472149
"Oct 8, 12:00 pm",971.793,0.472149
"Oct 8, 01:00 pm",971.797,0.472149
"Oct 8, 02:00 pm",971.634,0.472149
"Oct 8, 03:00 pm",971.486,0.472149
"Oct 8, 04:00 pm",971.324,0.472149
"Oct 8, 05:00 pm",897.711,0.436378
"Oct 8, 06:00 pm",5.76827,0.0786916
"Oct 8, 07:00 pm",0,0.0786916
"Oct 8, 08:00 pm",0,0.0786916
"Oct 8, 09:00 pm",0,0.0786916
"Oct 8, 10:00 pm",0,0.0786916
"Oct 8, 11:00 pm",0,0.0786916
"Oct 9, 12:00 am",0,0.0786916
"Oct 9, 01:00 am",0,0.0786916
"Oct 9, 02:00 am",0,0.0786916
"Oct 9, 03:00 am",0,0.0786916
"Oct 9, 04:00 am",0,0.0786916
"Oct 9, 05:00 am",0,0.0786916
"Oct 9, 06:00 am",0,0.0786916
"Oct 9, 07:00 am",0,0.0786916
"Oct 9, 08:00 am",897.093,0.43638
"Oct 9, 09:00 am",971.239,0.472149
"Oct 9, 10:00 am",971.438,0.472149
"Oct 9, 11:00 am",971.575,0.472149
"Oct 9, 12:00 pm",971.651,0.472149
"Oct 9, 01:00 pm",971.65,0.472149
"Oct 9, 02:00 pm",971.571,0.472149
"Oct 9, 03:00 pm",971.443,0.472149
"Oct 9, 04:00 pm",971.329,0.472149
"Oct 9, 05:00 pm",891.527,0.433366
"Oct 9, 06:00 pm",6.15421,0.0786916
"Oct 9, 07:00 pm",0,0.0786916
"Oct 9, 08:00 pm",0,0.0786916
"Oct 9, 09:00 pm",0,0.0786916
"Oct 9, 10:00 pm",0,0.0786916
"Oct 9, 11:00 pm",0,0.0786916
"Oct 10, 12:00 am",0,0.0786916
"Oct 10, 01:00 am",0,0.0786916
"Oct 10, 02:00 am",0,0.0786916
"Oct 10, 03:00 am",0,0.0786916
"Oct 10, 04:00 am",0,0.0786916
"Oct 10, 05:00 am",0,0.0786916
"Oct 10, 06:00 am",0,0.0786916
"Oct 10, 07:00 am",0,0.0786916
"Oct 10, 08:00 am",632.415,0.332211
"Oct 10, 09:00 am",971.238,0.472149
"Oct 10, 10:00 am",971.492,0.472149
"Oct 10, 11:00 am",971.638,0.472149
"Oct 10, 12:00 pm",971.752,0.472149
"Oct 10, 01:00 pm",19.9786,0.0786916
"Oct 10, 02:00 pm",970.935,0.472149
"Oct 10, 03:00 pm",971.451,0.472149
"Oct 10, 04:00 pm",971.32,0.472149
"Oct 10, 05:00 pm",893.237,0.434201
"Oct 10, 06:00 pm",6.49161,0.0786916
"Oct 10, 07:00 pm",0,0.0786916
"Oct 10, 08:00 pm",0,0.0786916
"Oct 10, 09:00 pm",0,0.0786916
"Oct 10, 10:00 pm",0,0.0786916
"Oct 10, 11:00 pm",0,0.0786916
"Oct 11, 12:00 am",0,0.0786916
"Oct 11, 01:00 am",0,0.0786916
"Oct 11, 02:00 am",0,0.0786916
"Oct 11, 03:00 am",0,0.0786916
"Oct 11, 04:00 am",0,0.0786916
"Oct 11, 05:00 am",0,0.0786916
"Oct 11, 06:00 am",0,0.0786916
"Oct 11, 07:00 am",0,0.0786916
"Oct 11, 08:00 am",0,0.0786916
"Oct 11, 09:00 am",0,0.0786916
"Oct 11, 10:00 am",0,0.0786916
"Oct 11, 11:00 am",0,0.0786916
"Oct 11, 12:00 pm",819.41,0.406568
"Oct 11, 01:00 pm",971.826,0.472149
"Oct 11, 02:00 pm",971.596,0.472149
"Oct 11, 03:00 pm",971.45,0.472149
"Oct 11, 04:00 pm",971.289,0.472149
"Oct 11, 05:00 pm",910.973,0.443232
"Oct 11, 06:00 pm",6.75775,0.0786916
"Oct 11, 07:00 pm",0,0.0786916
"Oct 11, 08:00 pm",0,0.0786916
"Oct 11, 09:00 pm",0,0.0786916
"Oct 11, 10:00 pm",0,0.0786916
"Oct 11, 11:00 pm",0,0.0786916
"Oct 12, 12:00 am",0,0.0786916
"Oct 12, 01:00 am",0,0.0786916
"Oct 12, 02:00 am",0,0.0786916
"Oct 12, 03:00 am",0,0.0786916
"Oct 12, 04:00 am",0,0.0786916
"Oct 12, 05:00 am",0,0.0786916
"Oct 12, 06:00 am",0,0.0786916
"Oct 12, 07:00 am",0,0.0786916
"Oct 12, 08:00 am",660.49,0.340991
"Oct 12, 09:00 am",971.252,0.472149
"Oct 12, 10:00 am",971.471,0.472149
"Oct 12, 11:00 am",971.617,0.472149
"Oct 12, 12:00 pm",971.763,0.472149
"Oct 12, 01:00 pm",971.769,0.472149
"Oct 12, 02:00 pm",971.615,0.472149
"Oct 12, 03:00 pm",971.462,0.472149
"Oct 12, 04:00 pm",971.294,0.472149
"Oct 12, 05:00 pm",916.78,0.445905
"Oct 12, 06:00 pm",7.28715,0.0786916
"Oct 12, 07:00 pm",0,0.0786916
"Oct 12, 08:00 pm",0,0.0786916
"Oct 12, 09:00 pm",0,0.0786916
"Oct 12, 10:00 pm",0,0.0786916
"Oct 12, 11:00 pm",0,0.0786916
"Oct 13, 12:00 am",0,0.0786916
"Oct 13, 01:00 am",0,0.0786916
"Oct 13, 02:00 am",0,0.0786916
"Oct 13, 03:00 am",0,0.0786916
"Oct 13, 04:00 am",0,0.0786916
"Oct 13, 05:00 am",0,0.0786916
"Oct 13, 06:00 am",0,0.0786916
"Oct 13, 07:00 am",0,0.0786916
"Oct 13, 08:00 am",0,0.0786916
"Oct 13, 09:00 am",0,0.0786916
"Oct 13, 10:00 am",810.648,0.406568
"Oct 13, 11:00 am",971.642,0.472149
"Oct 13, 12:00 pm",971.846,0.472149
"Oct 13, 01:00 pm",971.85,0.472149
"Oct 13, 02:00 pm",971.642,0.472149
"Oct 13, 03:00 pm",971.487,0.472149
"Oct 13, 04:00 pm",971.279,0.472149
"Oct 13, 05:00 pm",932.559,0.453299
"Oct 13, 06:00 pm",7.77733,0.0786916
"Oct 13, 07:00 pm",0,0.0786916
"Oct 13, 08:00 pm",0,0.0786916
"Oct 13, 09:00 pm",0,0.0786916
"Oct 13, 10:00 pm",0,0.0786916
"Oct 13, 11:00 pm",0,0.0786916
"Oct 14, 12:00 am",0,0.0786916
"Oct 14, 01:00 am",0,0.0786916
"Oct 14, 02:00 am",0,0.0786916
"Oct 14, 03:00 am",0,0.0786916
"Oct 14, 04:00 am",0,0.0786916
"Oct 14, 05:00 am",0,0.0786916
"Oct 14, 06:00 am",0,0.0786916
"Oct 14, 07:00 am",0,0.0786916
"Oct 14, 08:00 am",647.727,0.448946
"Oct 14, 09:00 am",971.44,0.472149
"Oct 14, 10:00 am",971.573,0.472149
"Oct 14, 11:00 am",971.854,0.472149
"Oct 14, 12:00 pm",972.068,0.472149
"Oct 14, 01:00 pm",972.079,0.472149
"Oct 14, 02:00 pm",971.75,0.472149
"Oct 14, 03:00 pm",971.527,0.472149
"Oct 14, 04:00 pm",972.34,0.472149
"Oct 14, 05:00 pm",942.544,0.458005
"Oct 14, 06:00 pm",8.359,0.0786916
"Oct 14, 07:00 pm",3.0396,0.0786916
"Oct 14, 08:00 pm",0,0.0786916
"Oct 14, 09:00 pm",0,0.0786916
"Oct 14, 10:00 pm",0,0.0786916
"Oct 14, 11:00 pm",0,0.0786916
"Oct 15, 12:00 am",0,0.0786916
"Oct 15, 01:00 am",0,0.0786916
"Oct 15, 02:00 am",0,0.0786916
"Oct 15, 03:00 am",0,0.0786916
"Oct 15, 04:00 am",0,0.0786916
"Oct 15, 05:00 am",0,0.0786916
"Oct 15, 06:00 am",0,0.0786916
"Oct 15, 07:00 am",0,0.0786916
"Oct 15, 08:00 am",0,0.0786916
"Oct 15, 09:00 am",0,0.0786916
"Oct 15, 10:00 am",0,0.0786916
"Oct 15, 11:00 am",0,0.0786916
"Oct 15, 12:00 pm",0,0.0786916
"Oct 15, 01:00 pm",0,0.0786916
"Oct 15, 02:00 pm",0,0.0786916
"Oct 15, 03:00 pm",0,0.0786916
"Oct 15, 04:00 pm",0,0.0786916
"Oct 15, 05:00 pm",0,0.0786916
"Oct 15, 06:00 pm",0,0.0786916
"Oct 15, 07:00 pm",0,0.0786916
"Oct 15, 08:00 pm",0,0.0786916
"Oct 15, 09:00 pm",0,0.0786916
"Oct 15, 10:00 pm",0,0.0786916
"Oct 15, 11:00 pm",0,0.0786916
"Oct 16, 12:00 am",0,0.0786916
"Oct 16, 01:00 am",0,0.0786916
"Oct 16, 02:00 am",0,0.0786916
"Oct 16, 03:00 am",0,0.0786916
"Oct 16, 04:00 am",0,0.0786916
"Oct 16, 05:00 am",0,0.0786916
"Oct 16, 06:00 am",0,0.0786916
"Oct 16, 07:00 am",0,0.0786916
"Oct 16, 08:00 am",648.034,0.340991
"Oct 16, 09:00 am",970.268,0.472149
"Oct 16, 10:00 am",971.569,0.472149
"Oct 16, 11:00 am",971.917,0.472149
"Oct 16, 12:00 pm",972.134,0.472149
"Oct 16, 01:00 pm",972.187,0.472149
"Oct 16, 02:00 pm",971.885,0.472149
"Oct 16, 03:00 pm",971.554,0.472149
"Oct 16, 04:00 pm",972.114,0.472149
"Oct 16, 05:00 pm",957.795,0.465458
"Oct 16, 06:00 pm",9.5625,0.0786916
"Oct 16, 07:00 pm",4.65199,0.0786916
"Oct 16, 08:00 pm",0,0.0786916
"Oct 16, 09:00 pm",0,0.0786916
"Oct 16, 10:00 pm",0,0.0786916
"Oct 16, 11:00 pm",0,0.0786916
"Oct 17, 12:00 am",0,0.0786916
"Oct 17, 01:00 am",0,0.0786916
"Oct 17, 02:00 am",0,0.0786916
"Oct 17, 03:00 am",0,0.0786916
"Oct 17, 04:00 am",0,0.0786916
"Oct 17, 05:00 am",0,0.0786916
"Oct 17, 06:00 am",0,0.0786916
"Oct 17, 07:00 am",0,0.0786916
"Oct 17, 08:00 am",654.249,0.340991
"Oct 17, 09:00 am",6.94421,0.0786916
"Oct 17, 10:00 am",0,0.0786916
"Oct 17, 11:00 am",0,0.0786916
"Oct 17, 12:00 pm",0,0.0786916
"Oct 17, 01:00 pm",0,0.0786916
"Oct 17, 02:00 pm",0,0.0786916
"Oct 17, 03:00 pm",0,0.0786916
"Oct 17, 04:00 pm",0,0.0786916
"Oct 17, 05:00 pm",0,0.0786916
"Oct 17, 06:00 pm",0,0.0786916
"Oct 17, 07:00 pm",0,0.0786916
"Oct 17, 08:00 pm",0,0.0786916
"Oct 17, 09:00 pm",0,0.0786916
"Oct 17, 10:00 pm",0,0.0786916
"Oct 17, 11:00 pm",0,0.0786916
"Oct 18, 12:00 am",0,0.0786916
"Oct 18, 01:00 am",0,0.0786916
"Oct 18, 02:00 am",0,0.0786916
"Oct 18, 03:00 am",0,0.0786916
"Oct 18, 04:00 am",0,0.0786916
"Oct 18, 05:00 am",0,0.0786916
"Oct 18, 06:00 am",0,0.0786916
"Oct 18, 07:00 am",0,0.0786916
"Oct 18, 08:00 am",809.381,0.463174
"Oct 18, 09:00 am",970.796,0.472149
"Oct 18, 10:00 am",971.643,0.472149
"Oct 18, 11:00 am",972.076,0.472149
"Oct 18, 12:00 pm",972.296,0.472149
"Oct 18, 01:00 pm",972.282,0.472149
"Oct 18, 02:00 pm",971.994,0.472149
"Oct 18, 03:00 pm",971.598,0.472149
"Oct 18, 04:00 pm",971.891,0.472149
"Oct 18, 05:00 pm",970.132,0.472149
"Oct 18, 06:00 pm",18.6492,0.0786916
"Oct 18, 07:00 pm",4.98232,0.0786916
"Oct 18, 08:00 pm",0,0.0786916
"Oct 18, 09:00 pm",0,0.0786916
"Oct 18, 10:00 pm",0,0.0786916
"Oct 18, 11:00 pm",0,0.0786916
"Oct 19, 12:00 am",0,0.0786916
"Oct 19, 01:00 am",0,0.0786916
"Oct 19, 02:00 am",0,0.0786916
"Oct 19, 03:00 am",0,0.0786916
"Oct 19, 04:00 am",0,0.0786916
"Oct 19, 05:00 am",0,0.0786916
"Oct 19, 06:00 am",0,0.0786916
"Oct 19, 07:00 am",0,0.113743
"Oct 19, 08:00 am",809.581,0.463647
"Oct 19, 09:00 am",970.766,0.472149
"Oct 19, 10:00 am",971.66,0.472149
"Oct 19, 11:00 am",972.055,0.472149
"Oct 19, 12:00 pm",972.262,0.472149
"Oct 19, 01:00 pm",972.236,0.472149
"Oct 19, 02:00 pm",971.932,0.472149
"Oct 19, 03:00 pm",971.586,0.472149
"Oct 19, 04:00 pm",972.058,0.472149
"Oct 19, 05:00 pm",966.715,0.469879
"Oct 19, 06:00 pm",23.7683,0.0786916
"Oct 19, 07:00 pm",5.07337,0.0786916
"Oct 19, 08:00 pm",0,0.0786916
"Oct 19, 09:00 pm",0,0.0786916
"Oct 19, 10:00 pm",0,0.0786916
"Oct 19, 11:00 pm",0,0.0786916
"Oct 20, 12:00 am",0,0.0786916
"Oct 20, 01:00 am",0,0.0786916
"Oct 20, 02:00 am",0,0.0786916
"Oct 20, 03:00 am",0,0.0786916
"Oct 20, 04:00 am",0,0.0786916
"Oct 20, 05:00 am",0,0.0786916
"Oct 20, 06:00 am",0,0.0786916
"Oct 20, 07:00 am",0,0.112555
"Oct 20, 08:00 am",809.383,0.461974
"Oct 20, 09:00 am",971.393,0.472149
"Oct 20, 10:00 am",971.523,0.472149
"Oct 20, 11:00 am",971.733,0.472149
"Oct 20, 12:00 pm",972.019,0.472149
"Oct 20, 01:00 pm",971.949,0.472149
"Oct 20, 02:00 pm",971.7,0.472149
"Oct 20, 03:00 pm",971.51,0.472149
"Oct 20, 04:00 pm",972.231,0.472149
"Oct 20, 05:00 pm",960.469,0.466756
"Oct 20, 06:00 pm",26.3295,0.0786916
"Oct 20, 07:00 pm",4.85019,0.0786916
"Oct 20, 08:00 pm",0,0.0786916
"Oct 20, 09:00 pm",0,0.0786916
"Oct 20, 10:00 pm",0,0.0786916
"Oct 20, 11:00 pm",0,0.0786916
"Oct 21, 12:00 am",0,0.0786916
"Oct 21, 01:00 am",0,0.0786916
"Oct 21, 02:00 am",0,0.0786916
"Oct 21, 03:00 am",0,0.0786916
"Oct 21, 04:00 am",0,0.0786916
"Oct 21, 05:00 am",0,0.0786916
"Oct 21, 06:00 am",0,0.0786916
"Oct 21, 07:00 am",0,0.0786916
"Oct 21, 08:00 am",0,0.0786916
"Oct 21, 09:00 am",671.889,0.340991
"Oct 21, 10:00 am",971.634,0.472149
"Oct 21, 11:00 am",971.852,0.472149
"Oct 21, 12:00 pm",50.4759,0.0786916
"Oct 21, 01:00 pm",40.4178,0.0786916
"Oct 21, 02:00 pm",19.7618,0.0786916
"Oct 21, 03:00 pm",970.858,0.472149
"Oct 21, 04:00 pm",972.152,0.472149
"Oct 21, 05:00 pm",966.231,0.469626
"Oct 21, 06:00 pm",32.4715,0.0786916
"Oct 21, 07:00 pm",4.94079,0.0786916
"Oct 21, 08:00 pm",0,0.0786916
"Oct 21, 09:00 pm",0,0.0786916
"Oct 21, 10:00 pm",0,0.0786916
"Oct 21, 11:00 pm",0,0.0786916
"Oct 22, 12:00 am",0,0.0786916
"Oct 22, 01:00 am",0,0.0786916
"Oct 22, 02:00 am",0,0.0786916
"Oct 22, 03:00 am",0,0.0786916
"Oct 22, 04:00 am",0,0.0786916
"Oct 22, 05:00 am",0,0.0786916
"Oct 22, 06:00 am",0,0.0786916
"Oct 22, 07:00 am",0,0.0786916
"Oct 22, 08:00 am",0,0.0786916
"Oct 22, 09:00 am",674.235,0.340991
"Oct 22, 10:00 am",971.884,0.472149
"Oct 22, 11:00 am",972.317,0.472149
"Oct 22, 12:00 pm",60.047,0.0786916
"Oct 22, 01:00 pm",49.2281,0.0786916
"Oct 22, 02:00 pm",24.8059,0.0786916
"Oct 22, 03:00 pm",7.27539,0.0786916
"Oct 22, 04:00 pm",0,0.0786916
"Oct 22, 05:00 pm",0,0.0786916
"Oct 22, 06:00 pm",0,0.0786916
"Oct 22, 07:00 pm",0,0.0786916
"Oct 22, 08:00 pm",0,0.0786916
"Oct 22, 09:00 pm",0,0.0786916
"Oct 22, 10:00 pm",0,0.0786916
"Oct 22, 11:00 pm",0,0.0786916
"Oct 23, 12:00 am",0,0.0786916
"Oct 23, 01:00 am",0,0.0786916
"Oct 23, 02:00 am",0,0.0786916
"Oct 23, 03:00 am",0,0.0786916
"Oct 23, 04:00 am",0,0.0786916
"Oct 23, 05:00 am",0,0.0786916
"Oct 23, 06:00 am",0,0.0786916
"Oct 23, 07:00 am",0,0.118596
"Oct 23, 08:00 am",820.554,0.465724
"Oct 23, 09:00 am",970.454,0.472149
"Oct 23, 10:00 am",971.639,0.472149
"Oct 23, 11:00 am",972.03,0.472149
"Oct 23, 12:00 pm",972.281,0.472149
"Oct 23, 01:00 pm",972.277,0.472149
"Oct 23, 02:00 pm",971.977,0.472149
"Oct 23, 03:00 pm",971.563,0.472149
"Oct 23, 04:00 pm",971.555,0.472149
"Oct 23, 05:00 pm",971.549,0.472149
"Oct 23, 06:00 pm",45.5613,0.0786916
"Oct 23, 07:00 pm",4.83265,0.0786916
"Oct 23, 08:00 pm",0,0.0786916
"Oct 23, 09:00 pm",0,0.0786916
"Oct 23, 10:00 pm",0,0.0786916
"Oct 23, 11:00 pm",0,0.0786916
"Oct 24, 12:00 am",0,0.0786916
"Oct 24, 01:00 am",0,0.0786916
"Oct 24, 02:00 am",0,0.0786916
"Oct 24, 03:00 am",0,0.0786916
"Oct 24, 04:00 am",0,0.0786916
"Oct 24, 05:00 am",0,0.0786916
"Oct 24, 06:00 am",0,0.0786916
"Oct 24, 07:00 am",0,0.0786916
"Oct 24, 08:00 am",0,0.0786916
"Oct 24, 09:00 am",0,0.0786916
"Oct 24, 10:00 am",0,0.0786916
"Oct 24, 11:00 am",0,0.0786916
"Oct 24, 12:00 pm",0,0.0786916
"Oct 24, 01:00 pm",0,0.0786916
"Oct 24, 02:00 pm",0,0.0786916
"Oct 24, 03:00 pm",0,0.0786916
"Oct 24, 04:00 pm",0,0.0786916
"Oct 24, 05:00 pm",0,0.0786916
"Oct 24, 06:00 pm",0,0.0786916
"Oct 24, 07:00 pm",0,0.0786916
"Oct 24, 08:00 pm",0,0.0786916
"Oct 24, 09:00 pm",0,0.0786916
"Oct 24, 10:00 pm",0,0.0786916
"Oct 24, 11:00 pm",0,0.0786916
"Oct 25, 12:00 am",0,0.0786916
"Oct 25, 01:00 am",0,0.0786916
"Oct 25, 02:00 am",0,0.0786916
"Oct 25, 03:00 am",0,0.0786916
"Oct 25, 04:00 am",0,0.0786916
"Oct 25, 05:00 am",0,0.0786916
"Oct 25, 06:00 am",0,0.0786916
"Oct 25, 07:00 am",0,0.0786916
"Oct 25, 08:00 am",0,0.0786916
"Oct 25, 09:00 am",0,0.0786916
"Oct 25, 10:00 am",0,0.0786916
"Oct 25, 11:00 am",0,0.0786916
"Oct 25, 12:00 pm",0,0.0786916
"Oct 25, 01:00 pm",0,0.0786916
"Oct 25, 02:00 pm",0,0.0786916
"Oct 25, 03:00 pm",0,0.0786916
"Oct 25, 04:00 pm",816.144,0.472149
"Oct 25, 05:00 pm",972.282,0.472149
"Oct 25, 06:00 pm",58.9658,0.0786916
"Oct 25, 07:00 pm",4.80122,0.0786916
"Oct 25, 08:00 pm",0,0.0786916
"Oct 25, 09:00 pm",0,0.0786916
"Oct 25, 10:00 pm",0,0.0786916
"Oct 25, 11:00 pm",0,0.0786916
"Oct 26, 12:00 am",0,0.0786916
"Oct 26, 01:00 am",0,0.0786916
"Oct 26, 02:00 am",0,0.0786916
"Oct 26, 03:00 am",0,0.0786916
"Oct 26, 04:00 am",0,0.0786916
"Oct 26, 05:00 am",0,0.0786916
"Oct 26, 06:00 am",0,0.0786916
"Oct 26, 07:00 am",0,0.122272
"Oct 26, 08:00 am",971.164,0.472149
"Oct 26, 09:00 am",971.295,0.472149
"Oct 26, 10:00 am",971.741,0.472149
"Oct 26, 11:00 am",18.4429,0.0786916
"Oct 26, 12:00 pm",20.7594,0.0786916
"Oct 26, 01:00 pm",11.6544,0.0786916
"Oct 26, 02:00 pm",8.61971,0.0786916
"Oct 26, 03:00 pm",5.43363,0.0786916
"Oct 26, 04:00 pm",0,0.0786916
"Oct 26, 05:00 pm",0,0.0786916
"Oct 26, 06:00 pm",0,0.0786916
"Oct 26, 07:00 pm",0,0.0786916
"Oct 26, 08:00 pm",0,0.0786916
"Oct 26, 09:00 pm",0,0.0786916
"Oct 26, 10:00 pm",0,0.0786916
"Oct 26, 11:00 pm",0,0.0786916
"Oct 27, 12:00 am",0,0.0786916
"Oct 27, 01:00 am",0,0.0786916
"Oct 27, 02:00 am",0,0.0786916
"Oct 27, 03:00 am",0,0.0786916
"Oct 27, 04:00 am",0,0.0786916
"Oct 27, 05:00 am",0,0.0786916
"Oct 27, 06:00 am",0,0.0786916
"Oct 27, 07:00 am",0,0.0786916
"Oct 27, 08:00 am",0,0.0786916
"Oct 27, 09:00 am",0,0.0786916
"Oct 27, 10:00 am",0,0.0786916
"Oct 27, 11:00 am",0,0.0786916
"Oct 27, 12:00 pm",0,0.0786916
"Oct 27, 01:00 pm",0,0.0786916
"Oct 27, 02:00 pm",0,0.0786916
"Oct 27, 03:00 pm",0,0.0786916
"Oct 27, 04:00 pm",0,0.0786916
"Oct 27, 05:00 pm",0,0.0786916
"Oct 27, 06:00 pm",0,0.0786916
"Oct 27, 07:00 pm",0,0.0786916
"Oct 27, 08:00 pm",0,0.0786916
"Oct 27, 09:00 pm",0,0.0786916
"Oct 27, 10:00 pm",0,0.0786916
"Oct 27, 11:00 pm",0,0.0786916
"Oct 28, 12:00 am",0,0.0786916
"Oct 28, 01:00 am",0,0.0786916
"Oct 28, 02:00 am",0,0.0786916
"Oct 28, 03:00 am",0,0.0786916
"Oct 28, 04:00 am",0,0.0786916
"Oct 28, 05:00 am",0,0.0786916
"Oct 28, 06:00 am",0,0.0786916
"Oct 28, 07:00 am",0,0.0786916
"Oct 28, 08:00 am",656.23,0.340991
"Oct 28, 09:00 am",971.399,0.472149
"Oct 28, 10:00 am",7.84469,0.0786916
"Oct 28, 11:00 am",19.3701,0.0786916
"Oct 28, 12:00 pm",971.656,0.472149
"Oct 28, 01:00 pm",971.351,0.472149
"Oct 28, 02:00 pm",972.13,0.472149
"Oct 28, 03:00 pm",7.81701,0.0786916
"Oct 28, 04:00 pm",0,0.0786916
"Oct 28, 05:00 pm",0,0.0786916
"Oct 28, 06:00 pm",0,0.0786916
"Oct 28, 07:00 pm",0,0.0786916
"Oct 28, 08:00 pm",0,0.0786916
"Oct 28, 09:00 pm",0,0.0786916
"Oct 28, 10:00 pm",0,0.0786916
"Oct 28, 11:00 pm",0,0.0786916
"Oct 29, 12:00 am",0,0.0786916
"Oct 29, 01:00 am",0,0.0786916
"Oct 29, 02:00 am",0,0.0786916
"Oct 29, 03:00 am",0,0.0786916
"Oct 29, 04:00 am",0,0.0786916
"Oct 29, 05:00 am",0,0.0786916
"Oct 29, 06:00 am",0,0.0786916
"Oct 29, 07:00 am",86.7498,0.133833
"Oct 29, 08:00 am",972.04,0.472149
"Oct 29, 09:00 am",971.6,0.472149
"Oct 29, 10:00 am",971.261,0.472149
"Oct 29, 11:00 am",971.272,0.472149
"Oct 29, 12:00 pm",971.342,0.472149
"Oct 29, 01:00 pm",971.347,0.472149
"Oct 29, 02:00 pm",971.348,0.472149
"Oct 29, 03:00 pm",972.209,0.472149
"Oct 29, 04:00 pm",971.456,0.472149
"Oct 29, 05:00 pm",971.554,0.472149
"Oct 29, 06:00 pm",97.9045,0.0786916
"Oct 29, 07:00 pm",4.84113,0.0786916
"Oct 29, 08:00 pm",0,0.0786916
"Oct 29, 09:00 pm",0,0.0786916
"Oct 29, 10:00 pm",0,0.0786916
"Oct 29, 11:00 pm",0,0.0786916
"Oct 30, 12:00 am",0,0.0786916
"Oct 30, 01:00 am",0,0.0786916
"Oct 30, 02:00 am",0,0.0786916
"Oct 30, 03:00 am",0,0.0786916
"Oct 30, 04:00 am",0,0.0786916
"Oct 30, 05:00 am",0,0.0786916
"Oct 30, 06:00 am",0,0.0786916
"Oct 30, 07:00 am",179.648,0.16583
"Oct 30, 08:00 am",971.881,0.472149
"Oct 30, 09:00 am",971.54,0.472149
"Oct 30, 10:00 am",972.263,0.472149
"Oct 30, 11:00 am",971.4,0.472149
"Oct 30, 12:00 pm",971.341,0.472149
"Oct 30, 01:00 pm",971.345,0.472149
"Oct 30, 02:00 pm",971.349,0.472149
"Oct 30, 03:00 pm",972.074,0.472149
"Oct 30, 04:00 pm",971.384,0.472149
"Oct 30, 05:00 pm",971.517,0.472149
"Oct 30, 06:00 pm",108.385,0.0786916
"Oct 30, 07:00 pm",4.94631,0.0786916
"Oct 30, 08:00 pm",0,0.0786916
"Oct 30, 09:00 pm",0,0.0786916
"Oct 30, 10:00 pm",0,0.0786916
"Oct 30, 11:00 pm",0,0.0786916
"Oct 31, 12:00 am",0,0.0786916
"Oct 31, 01:00 am",0,0.0786916
"Oct 31, 02:00 am",0,0.0786916
"Oct 31, 03:00 am",0,0.0786916
"Oct 31, 04:00 am",0,0.0786916
"Oct 31, 05:00 am",0,0.0786916
"Oct 31, 06:00 am",0,0.0786916
"Oct 31, 07:00 am",87.0216,0.132932
"Oct 31, 08:00 am",971.656,0.472149
"Oct 31, 09:00 am",971.395,0.472149
"Oct 31, 10:00 am",971.981,0.472149
"Oct 31, 11:00 am",971.298,0.472149
"Oct 31, 12:00 pm",971.308,0.472149
"Oct 31, 01:00 pm",971.324,0.472149
"Oct 31, 02:00 pm",972.405,0.472149
"Oct 31, 03:00 pm",972.02,0.472149
"Oct 31, 04:00 pm",970.245,0.472149
"Oct 31, 05:00 pm",971.448,0.472149
"Oct 31, 06:00 pm",114.694,0.0786916
"Oct 31, 07:00 pm",5.03773,0.0786916
"Oct 31, 08:00 pm",0,0.0786916
"Oct 31, 09:00 pm",0,0.0786916
"Oct 31, 10:00 pm",0,0.0786916
"Oct 31, 11:00 pm",0,0.0786916
"Nov 1, 12:00 am",0,0.0786916
"Nov 1, 01:00 am",0,0.0786916
"Nov 1, 02:00 am",0,0.0786916
"Nov 1, 03:00 am",0,0.0786916
"Nov 1, 04:00 am",0,0.0786916
"Nov 1, 05:00 am",0,0.0786916
"Nov 1, 06:00 am",0,0.0786916
"Nov 1, 07:00 am",176.576,0.163894
"Nov 1, 08:00 am",971.56,0.472149
"Nov 1, 09:00 am",971.4,0.472149
"Nov 1, 10:00 am",972.033,0.472149
"Nov 1, 11:00 am",971.307,0.472149
"Nov 1, 12:00 pm",971.301,0.472149
"Nov 1, 01:00 pm",971.323,0.472149
"Nov 1, 02:00 pm",971.327,0.472149
"Nov 1, 03:00 pm",971.913,0.472149
"Nov 1, 04:00 pm",970.12,0.472149
"Nov 1, 05:00 pm",971.492,0.472149
"Nov 1, 06:00 pm",124.124,0.0786916
"Nov 1, 07:00 pm",5.1054,0.0786916
"Nov 1, 08:00 pm",0,0.0786916
"Nov 1, 09:00 pm",0,0.0786916
"Nov 1, 10:00 pm",0,0.0786916
"Nov 1, 11:00 pm",0,0.0786916
"Nov 2, 12:00 am",0,0.0786916
"Nov 2, 01:00 am",0,0.0786916
"Nov 2, 02:00 am",0,0.0786916
"Nov 2, 03:00 am",0,0.0786916
"Nov 2, 04:00 am",0,0.0786916
"Nov 2, 05:00 am",0,0.0786916
"Nov 2, 06:00 am",0,0.0786916
"Nov 2, 07:00 am",177.046,0.164117
"Nov 2, 08:00 am",971.567,0.472149
"Nov 2, 09:00 am",971.389,0.472149
"Nov 2, 10:00 am",971.947,0.472149
"Nov 2, 11:00 am",971.291,0.472149
"Nov 2, 12:00 pm",971.299,0.472149
"Nov 2, 01:00 pm",971.303,0.472149
"Nov 2, 02:00 pm",972.307,0.472149
"Nov 2, 03:00 pm",971.866,0.472149
"Nov 2, 04:00 pm",970.462,0.472149
"Nov 2, 05:00 pm",971.414,0.472149
"Nov 2, 06:00 pm",129.837,0.0786916
"Nov 2, 07:00 pm",5.07774,0.0786916
"Nov 2, 08:00 pm",0,0.0786916
"Nov 2, 09:00 pm",0,0.0786916
"Nov 2, 10:00 pm",0,0.0786916
"Nov 2, 11:00 pm",0,0.0786916
"Nov 3, 12:00 am",0,0.0786916
"Nov 3, 01:00 am",0,0.0786916
"Nov 3, 02:00 am",0,0.0786916
"Nov 3, 03:00 am",0,0.0786916
"Nov 3, 04:00 am",0,0.0786916
"Nov 3, 05:00 am",0,0.0786916
"Nov 3, 06:00 am",0,0.0786916
"Nov 3, 07:00 am",0,0.0786916
"Nov 3, 08:00 am",0,0.0786916
"Nov 3, 09:00 am",0,0.0786916
"Nov 3, 10:00 am",0,0.0786916
"Nov 3, 11:00 am",0,0.0786916
"Nov 3, 12:00 pm",0,0.0786916
"Nov 3, 01:00 pm",0,0.0786916
"Nov 3, 02:00 pm",0,0.0786916
"Nov 3, 03:00 pm",0,0.0786916
"Nov 3, 04:00 pm",0,0.0786916
"Nov 3, 05:00 pm",0,0.0786916
"Nov 3, 06:00 pm",0,0.0786916
"Nov 3, 07:00 pm",0,0.0786916
"Nov 3, 08:00 pm",0,0.0786916
"Nov 3, 09:00 pm",0,0.0786916
"Nov 3, 10:00 pm",0,0.0786916
"Nov 3, 11:00 pm",0,0.0786916
"Nov 4, 12:00 am",0,0.0786916
"Nov 4, 01:00 am",0,0.0786916
"Nov 4, 02:00 am",0,0.0786916
"Nov 4, 03:00 am",0,0.0786916
"Nov 4, 04:00 am",0,0.0786916
"Nov 4, 05:00 am",0,0.0786916
"Nov 4, 06:00 am",0,0.0786916
"Nov 4, 07:00 am",0,0.0786916
"Nov 4, 08:00 am",0,0.0786916
"Nov 4, 09:00 am",0,0.0786916
"Nov 4, 10:00 am",0,0.0786916
"Nov 4, 11:00 am",812.639,0.406568
"Nov 4, 12:00 pm",971.293,0.472149
"Nov 4, 01:00 pm",971.299,0.472149
"Nov 4, 02:00 pm",971.306,0.472149
"Nov 4, 03:00 pm",971.941,0.472149
"Nov 4, 04:00 pm",971.345,0.472149
"Nov 4, 05:00 pm",971.59,0.472149
"Nov 4, 06:00 pm",151.069,0.0786916
"Nov 4, 07:00 pm",4.94175,0.0786916
"Nov 4, 08:00 pm",0,0.0786916
"Nov 4, 09:00 pm",0,0.0786916
"Nov 4, 10:00 pm",0,0.0786916
"Nov 4, 11:00 pm",0,0.0786916
"Nov 5, 12:00 am",0,0.0786916
"Nov 5, 01:00 am",0,0.0786916
"Nov 5, 02:00 am",0,0.0786916
"Nov 5, 03:00 am",0,0.0786916
"Nov 5, 04:00 am",0,0.0786916
"Nov 5, 05:00 am",0,0.0786916
"Nov 5, 06:00 am",0,0.0786916
"Nov 5, 07:00 am",280.95,0.175707
"Nov 5, 08:00 am",972.071,0.472149
"Nov 5, 09:00 am",8.30825,0.0786916
"Nov 5, 10:00 am",968.889,0.472149
"Nov 5, 11:00 am",971.294,0.472149
"Nov 5, 12:00 pm",971.302,0.472149
"Nov 5, 01:00 pm",111.601,0.0786916
"Nov 5, 02:00 pm",54.3459,0.0786916
"Nov 5, 03:00 pm",971.248,0.472149
"Nov 5, 04:00 pm",971.353,0.472149
"Nov 5, 05:00 pm",971.613,0.472149
"Nov 5, 06:00 pm",5.87477,0.0786916
"Nov 5, 07:00 pm",0,0.0786916
"Nov 5, 08:00 pm",0,0.0786916
"Nov 5, 09:00 pm",0,0.0786916
"Nov 5, 10:00 pm",0,0.0786916
"Nov 5, 11:00 pm",0,0.0786916
"Nov 6, 12:00 am",0,0.0786916
"Nov 6, 01:00 am",0,0.0786916
"Nov 6, 02:00 am",0,0.0786916
"Nov 6, 03:00 am",0,0.0786916
"Nov 6, 04:00 am",0,0.0786916
"Nov 6, 05:00 am",0,0.0786916
"Nov 6, 06:00 am",0,0.0786916
"Nov 6, 07:00 am",275.472,0.173536
"Nov 6, 08:00 am",971.859,0.472149
"Nov 6, 09:00 am",971.498,0.472149
"Nov 6, 10:00 am",972.149,0.472149
"Nov 6, 11:00 am",971.362,0.472149
"Nov 6, 12:00 pm",971.307,0.472149
"Nov 6, 01:00 pm",971.341,0.472149
"Nov 6, 02:00 pm",971.343,0.472149
"Nov 6, 03:00 pm",972.121,0.472149
"Nov 6, 04:00 pm",971.436,0.472149
"Nov 6, 05:00 pm",971.734,0.472149
"Nov 6, 06:00 pm",176.001,0.0857646
"Nov 6, 07:00 pm",5.21054,0.0786916
"Nov 6, 08:00 pm",0,0.0786916
"Nov 6, 09:00 pm",0,0.0786916
"Nov 6, 10:00 pm",0,0.0786916
"Nov 6, 11:00 pm",0,0.0786916
"Nov 7, 12:00 am",0,0.0786916
"Nov 7, 01:00 am",0,0.0786916
"Nov 7, 02:00 am",0,0.0786916
"Nov 7, 03:00 am",0,0.0786916
"Nov 7, 04:00 am",0,0.0786916
"Nov 7, 05:00 am",0,0.0786916
"Nov 7, 06:00 am",0,0.0786916
"Nov 7, 07:00 am",0,0.0786916
"Nov 7, 08:00 am",0,0.0786916
"Nov 7, 09:00 am",0,0.0786916
"Nov 7, 10:00 am",0,0.0786916
"Nov 7, 11:00 am",0,0.0786916
"Nov 7, 12:00 pm",0,0.0786916
"Nov 7, 01:00 pm",0,0.0786916
"Nov 7, 02:00 pm",0,0.0786916
"Nov 7, 03:00 pm",0,0.0786916
"Nov 7, 04:00 pm",0,0.0786916
"Nov 7, 05:00 pm",0,0.0786916
"Nov 7, 06:00 pm",0,0.0786916
"Nov 7, 07:00 pm",0,0.0786916
"Nov 7, 08:00 pm",0,0.0786916
"Nov 7, 09:00 pm",0,0.0786916
"Nov 7, 10:00 pm",0,0.0786916
"Nov 7, 11:00 pm",0,0.0786916
"Nov 8, 12:00 am",0,0.0786916
"Nov 8, 01:00 am",0,0.0786916
"Nov 8, 02:00 am",0,0.0786916
"Nov 8, 03:00 am",0,0.0786916
"Nov 8, 04:00 am",0,0.0786916
"Nov 8, 05:00 am",0,0.0786916
"Nov 8, 06:00 am",0,0.0786916
"Nov 8, 07:00 am",0,0.0786916
"Nov 8, 08:00 am",0,0.0786916
"Nov 8, 09:00 am",0,0.0786916
"Nov 8, 10:00 am",0,0.0786916
"Nov 8, 11:00 am",0,0.0786916
"Nov 8, 12:00 pm",0,0.0786916
"Nov 8, 01:00 pm",0,0.0786916
"Nov 8, 02:00 pm",0,0.0786916
"Nov 8, 03:00 pm",0,0.0786916
"Nov 8, 04:00 pm",817.874,0.472149
"Nov 8, 05:00 pm",971.916,0.472149
"Nov 8, 06:00 pm",194.36,0.094679
"Nov 8, 07:00 pm",4.9288,0.0786916
"Nov 8, 08:00 pm",0,0.0786916
"Nov 8, 09:00 pm",0,0.0786916
"Nov 8, 10:00 pm",0,0.0786916
"Nov 8, 11:00 pm",0,0.0786916
"Nov 9, 12:00 am",0,0.0786916
"Nov 9, 01:00 am",0,0.0786916
"Nov 9, 02:00 am",0,0.0786916
"Nov 9, 03:00 am",0,0.0786916
"Nov 9, 04:00 am",0,0.0786916
"Nov 9, 05:00 am",0,0.0786916
"Nov 9, 06:00 am",0,0.0786916
"Nov 9, 07:00 am",314.945,0.191531
"Nov 9, 08:00 am",971.17,0.472149
"Nov 9, 09:00 am",971.524,0.472149
"Nov 9, 10:00 am",971.263,0.472149
"Nov 9, 11:00 am",971.312,0.472149
"Nov 9, 12:00 pm",971.326,0.472149
"Nov 9, 01:00 pm",971.361,0.472149
"Nov 9, 02:00 pm",971.364,0.472149
"Nov 9, 03:00 pm",971.294,0.472149
"Nov 9, 04:00 pm",971.477,0.472149
"Nov 9, 05:00 pm",972.204,0.472149
"Nov 9, 06:00 pm",218.466,0.106355
"Nov 9, 07:00 pm",5.12557,0.0786916
"Nov 9, 08:00 pm",0,0.0786916
"Nov 9, 09:00 pm",0,0.0786916
"Nov 9, 10:00 pm",0,0.0786916
"Nov 9, 11:00 pm",0,0.0786916
"Nov 10, 12:00 am",0,0.0786916
"Nov 10, 01:00 am",0,0.0786916
"Nov 10, 02:00 am",0,0.0786916
"Nov 10, 03:00 am",0,0.0786916
"Nov 10, 04:00 am",0,0.0786916
"Nov 10, 05:00 am",0,0.0786916
"Nov 10, 06:00 am",0,0.0786916
"Nov 10, 07:00 am",337.538,0.201904
"Nov 10, 08:00 am",971.18,0.472149
"Nov 10, 09:00 am",971.589,0.472149
"Nov 10, 10:00 am",971.291,0.472149
"Nov 10, 11:00 am",971.342,0.472149
"Nov 10, 12:00 pm",971.354,0.472149
"Nov 10, 01:00 pm",971.358,0.472149
"Nov 10, 02:00 pm",971.36,0.472149
"Nov 10, 03:00 pm",972.273,0.472149
"Nov 10, 04:00 pm",971.544,0.472149
"Nov 10, 05:00 pm",971.906,0.472149
"Nov 10, 06:00 pm",225.853,0.109959
"Nov 10, 07:00 pm",5.14417,0.0786916
"Nov 10, 08:00 pm",0,0.0786916
"Nov 10, 09:00 pm",0,0.0786916
"Nov 10, 10:00 pm",0,0.0786916
"Nov 10, 11:00 pm",0,0.0786916
"Nov 11, 12:00 am",0,0.0786916
"Nov 11, 01:00 am",0,0.0786916
"Nov 11, 02:00 am",0,0.0786916
"Nov 11, 03:00 am",0,0.0786916
"Nov 11, 04:00 am",0,0.0786916
"Nov 11, 05:00 am",0,0.0786916
"Nov 11, 06:00 am",0,0.0786916
"Nov 11, 07:00 am",316.434,0.191969
"Nov 11, 08:00 am",971.176,0.472149
"Nov 11, 09:00 am",971.456,0.472149
"Nov 11, 10:00 am",972.329,0.472149
"Nov 11, 11:00 am",971.433,0.472149
"Nov 11, 12:00 pm",971.305,0.472149
"Nov 11, 01:00 pm",971.307,0.472149
"Nov 11, 02:00 pm",971.308,0.472149
"Nov 11, 03:00 pm",972.126,0.472149
"Nov 11, 04:00 pm",971.459,0.472149
"Nov 11, 05:00 pm",971.869,0.472149
"Nov 11, 06:00 pm",232.969,0.11342
"Nov 11, 07:00 pm",5.1694,0.0786916
"Nov 11, 08:00 pm",0,0.0786916
"Nov 11, 09:00 pm",0,0.0786916
"Nov 11, 10:00 pm",0,0.0786916
"Nov 11, 11:00 pm",0,0.0786916
"Nov 12, 12:00 am",0,0.0786916
"Nov 12, 01:00 am",0,0.0786916
"Nov 12, 02:00 am",0,0.0786916
"Nov 12, 03:00 am",0,0.0786916
"Nov 12, 04:00 am",0,0.0786916
"Nov 12, 05:00 am",0,0.0786916
"Nov 12, 06:00 am",0,0.0786916
"Nov 12, 07:00 am",326.162,0.196463
"Nov 12, 08:00 am",971.235,0.472149
"Nov 12, 09:00 am",971.478,0.472149
"Nov 12, 10:00 am",971.272,0.472149
"Nov 12, 11:00 am",971.28,0.472149
"Nov 12, 12:00 pm",971.356,0.472149
"Nov 12, 01:00 pm",971.359,0.472149
"Nov 12, 02:00 pm",971.36,0.472149
"Nov 12, 03:00 pm",972.204,0.472149
"Nov 12, 04:00 pm",971.515,0.472149
"Nov 12, 05:00 pm",972.034,0.472149
"Nov 12, 06:00 pm",246.227,0.119856
"Nov 12, 07:00 pm",5.16773,0.0786916
"Nov 12, 08:00 pm",0,0.0786916
"Nov 12, 09:00 pm",0,0.0786916
"Nov 12, 10:00 pm",0,0.0786916
"Nov 12, 11:00 pm",0,0.0786916
"Nov 13, 12:00 am",0,0.0786916
"Nov 13, 01:00 am",0,0.0786916
"Nov 13, 02:00 am",0,0.0786916
"Nov 13, 03:00 am",0,0.0786916
"Nov 13, 04:00 am",0,0.0786916
"Nov 13, 05:00 am",0,0.0786916
"Nov 13, 06:00 am",0,0.0786916
"Nov 13, 07:00 am",336.21,0.201202
"Nov 13, 08:00 am",971.194,0.472149
"Nov 13, 09:00 am",971.515,0.472149
"Nov 13, 10:00 am",971.281,0.472149
"Nov 13, 11:00 am",971.332,0.472149
"Nov 13, 12:00 pm",971.342,0.472149
"Nov 13, 01:00 pm",971.344,0.472149
"Nov 13, 02:00 pm",971.346,0.472149
"Nov 13, 03:00 pm",972.321,0.472149
"Nov 13, 04:00 pm",971.585,0.472149
"Nov 13, 05:00 pm",972.193,0.472149
"Nov 13, 06:00 pm",260.469,0.126761
"Nov 13, 07:00 pm",5.14266,0.0786916
"Nov 13, 08:00 pm",0,0.0786916
"Nov 13, 09:00 pm",0,0.0786916
"Nov 13, 10:00 pm",0,0.0786916
"Nov 13, 11:00 pm",0,0.0786916
"Nov 14, 12:00 am",0,0.0786916
"Nov 14, 01:00 am",0,0.0786916
"Nov 14, 02:00 am",0,0.0786916
"Nov 14, 03:00 am",0,0.0786916
"Nov 14, 04:00 am",0,0.0786916
"Nov 14, 05:00 am",0,0.0786916
"Nov 14, 06:00 am",0,0.0786916
"Nov 14, 07:00 am",336.119,0.201156
"Nov 14, 08:00 am",971.189,0.472149
"Nov 14, 09:00 am",971.499,0.472149
"Nov 14, 10:00 am",971.277,0.472149
"Nov 14, 11:00 am",971.327,0.472149
"Nov 14, 12:00 pm",971.337,0.472149
"Nov 14, 01:00 pm",971.341,0.472149
"Nov 14, 02:00 pm",971.343,0.472149
"Nov 14, 03:00 pm",972.374,0.472149
"Nov 14, 04:00 pm",971.621,0.472149
"Nov 14, 05:00 pm",972.321,0.472149
"Nov 14, 06:00 pm",275.488,0.13401
"Nov 14, 07:00 pm",5.20565,0.0786916
"Nov 14, 08:00 pm",0,0.0786916
"Nov 14, 09:00 pm",0,0.0786916
"Nov 14, 10:00 pm",0,0.0786916
"Nov 14, 11:00 pm",0,0.0786916
"Nov 15, 12:00 am",0,0.0786916
"Nov 15, 01:00 am",0,0.0786916
"Nov 15, 02:00 am",0,0.0786916
"Nov 15, 03:00 am",0,0.0786916
"Nov 15, 04:00 am",0,0.0786916
"Nov 15, 05:00 am",0,0.0786916
"Nov 15, 06:00 am",0,0.0786916
"Nov 15, 07:00 am",347.435,0.206559
"Nov 15, 08:00 am",971.084,0.472149
"Nov 15, 09:00 am",971.539,0.472149
"Nov 15, 10:00 am",971.288,0.472149
"Nov 15, 11:00 am",971.34,0.472149
"Nov 15, 12:00 pm",971.353,0.472149
"Nov 15, 01:00 pm",971.356,0.472149
"Nov 15, 02:00 pm",971.355,0.472149
"Nov 15, 03:00 pm",971.354,0.472149
"Nov 15, 04:00 pm",971.461,0.472149
"Nov 15, 05:00 pm",6.87236,0.0786916
"Nov 15, 06:00 pm",0,0.0786916
"Nov 15, 07:00 pm",0,0.0786916
"Nov 15, 08:00 pm",0,0.0786916
"Nov 15, 09:00 pm",0,0.0786916
"Nov 15, 10:00 pm",0,0.0786916
"Nov 15, 11:00 pm",0,0.0786916
"Nov 16, 12:00 am",0,0.0786916
"Nov 16, 01:00 am",0,0.0786916
"Nov 16, 02:00 am",0,0.0786916
"Nov 16, 03:00 am",0,0.0786916
"Nov 16, 04:00 am",0,0.0786916
"Nov 16, 05:00 am",0,0.0786916
"Nov 16, 06:00 am",0,0.0786916
"Nov 16, 07:00 am",334.403,0.200476
"Nov 16, 08:00 am",971.201,0.472149
"Nov 16, 09:00 am",971.483,0.472149
"Nov 16, 10:00 am",971.273,0.472149
"Nov 16, 11:00 am",971.322,0.472149
"Nov 16, 12:00 pm",971.334,0.472149
"Nov 16, 01:00 pm",971.338,0.472149
"Nov 16, 02:00 pm",971.338,0.472149
"Nov 16, 03:00 pm",972.292,0.472149
"Nov 16, 04:00 pm",971.564,0.472149
"Nov 16, 05:00 pm",972.294,0.472149
"Nov 16, 06:00 pm",297.547,0.1447
"Nov 16, 07:00 pm",5.26575,0.0786916
"Nov 16, 08:00 pm",0,0.0786916
"Nov 16, 09:00 pm",0,0.0786916
"Nov 16, 10:00 pm",0,0.0786916
"Nov 16, 11:00 pm",0,0.0786916
"Nov 17, 12:00 am",0,0.0786916
"Nov 17, 01:00 am",0,0.0786916
"Nov 17, 02:00 am",0,0.0786916
"Nov 17, 03:00 am",0,0.0786916
"Nov 17, 04:00 am",0,0.0786916
"Nov 17, 05:00 am",0,0.0786916
"Nov 17, 06:00 am",0,0.0786916
"Nov 17, 07:00 am",340.552,0.203313
"Nov 17, 08:00 am",971.067,0.472149
"Nov 17, 09:00 am",971.454,0.472149
"Nov 17, 10:00 am",971.262,0.472149
"Nov 17, 11:00 am",971.309,0.472149
"Nov 17, 12:00 pm",971.321,0.472149
"Nov 17, 01:00 pm",92.8026,0.0786916
"Nov 17, 02:00 pm",68.9647,0.0786916
"Nov 17, 03:00 pm",10.3114,0.0786916
"Nov 17, 04:00 pm",6.63986,0.0786916
"Nov 17, 05:00 pm",0,0.0786916
"Nov 17, 06:00 pm",0,0.0786916
"Nov 17, 07:00 pm",0,0.0786916
"Nov 17, 08:00 pm",0,0.0786916
"Nov 17, 09:00 pm",0,0.0786916
"Nov 17, 10:00 pm",0,0.0786916
"Nov 17, 11:00 pm",0,0.0786916
"Nov 18, 12:00 am",0,0.0786916
"Nov 18, 01:00 am",0,0.0786916
"Nov 18, 02:00 am",0,0.0786916
"Nov 18, 03:00 am",0,0.0786916
"Nov 18, 04:00 am",0,0.0786916
"Nov 18, 05:00 am",0,0.0786916
"Nov 18, 06:00 am",0,0.0786916
"Nov 18, 07:00 am",324.087,0.195903
"Nov 18, 08:00 am",971.163,0.472149
"Nov 18, 09:00 am",971.439,0.472149
"Nov 18, 10:00 am",972.314,0.472149
"Nov 18, 11:00 am",971.423,0.472149
"Nov 18, 12:00 pm",971.295,0.472149
"Nov 18, 01:00 pm",971.296,0.472149
"Nov 18, 02:00 pm",971.296,0.472149
"Nov 18, 03:00 pm",972.179,0.472149
"Nov 18, 04:00 pm",971.501,0.472149
"Nov 18, 05:00 pm",972.316,0.472149
"Nov 18, 06:00 pm",318.531,0.154884
"Nov 18, 07:00 pm",5.18767,0.0786916
"Nov 18, 08:00 pm",0,0.0786916
"Nov 18, 09:00 pm",0,0.0786916
"Nov 18, 10:00 pm",0,0.0786916
"Nov 18, 11:00 pm",0,0.0786916
"Nov 19, 12:00 am",0,0.0786916
"Nov 19, 01:00 am",0,0.0786916
"Nov 19, 02:00 am",0,0.0786916
"Nov 19, 03:00 am",0,0.0786916
"Nov 19, 04:00 am",0,0.0786916
"Nov 19, 05:00 am",0,0.0786916
"Nov 19, 06:00 am",0,0.0786916
"Nov 19, 07:00 am",423.006,0.231629
"Nov 19, 08:00 am",971.07,0.472149
"Nov 19, 09:00 am",971.434,0.472149
"Nov 19, 10:00 am",18.5857,0.0786916
"Nov 19, 11:00 am",8.04036,0.0786916
"Nov 19, 12:00 pm",27.0982,0.0786916
"Nov 19, 01:00 pm",23.893,0.0786916
"Nov 19, 02:00 pm",6.82746,0.0786916
"Nov 19, 03:00 pm",0,0.0786916
"Nov 19, 04:00 pm",0,0.0786916
"Nov 19, 05:00 pm",0,0.0786916
"Nov 19, 06:00 pm",0,0.0786916
"Nov 19, 07:00 pm",0,0.0786916
"Nov 19, 08:00 pm",0,0.0786916
"Nov 19, 09:00 pm",0,0.0786916
"Nov 19, 10:00 pm",0,0.0786916
"Nov 19, 11:00 pm",0,0.0786916
"Nov 20, 12:00 am",0,0.0786916
"Nov 20, 01:00 am",0,0.0786916
"Nov 20, 02:00 am",0,0.0786916
"Nov 20, 03:00 am",0,0.0786916
"Nov 20, 04:00 am",0,0.0786916
"Nov 20, 05:00 am",0,0.0786916
"Nov 20, 06:00 am",0,0.0786916
"Nov 20, 07:00 am",0,0.0786916
"Nov 20, 08:00 am",0,0.0786916
"Nov 20, 09:00 am",674.537,0.340991
"Nov 20, 10:00 am",972.217,0.472149
"Nov 20, 11:00 am",971.383,0.472149
"Nov 20, 12:00 pm",971.293,0.472149
"Nov 20, 01:00 pm",971.294,0.472149
"Nov 20, 02:00 pm",971.296,0.472149
"Nov 20, 03:00 pm",972.173,0.472149
"Nov 20, 04:00 pm",971.488,0.472149
"Nov 20, 05:00 pm",971.276,0.472149
"Nov 20, 06:00 pm",346.07,0.168281
"Nov 20, 07:00 pm",5.18361,0.0786916
"Nov 20, 08:00 pm",0,0.0786916
"Nov 20, 09:00 pm",0,0.0786916
"Nov 20, 10:00 pm",0,0.0786916
"Nov 20, 11:00 pm",0,0.0786916
"Nov 21, 12:00 am",0,0.0786916
"Nov 21, 01:00 am",0,0.0786916
"Nov 21, 02:00 am",0,0.0786916
"Nov 21, 03:00 am",0,0.0786916
"Nov 21, 04:00 am",0,0.0786916
"Nov 21, 05:00 am",0,0.0786916
"Nov 21, 06:00 am",0,0.0786916
"Nov 21, 07:00 am",424.197,0.297908
"Nov 21, 08:00 am",971.041,0.472149
"Nov 21, 09:00 am",971.459,0.472149
"Nov 21, 10:00 am",971.264,0.472149
"Nov 21, 11:00 am",971.272,0.472149
"Nov 21, 12:00 pm",971.347,0.472149
"Nov 21, 01:00 pm",971.35,0.472149
"Nov 21, 02:00 pm",971.351,0.472149
"Nov 21, 03:00 pm",972.271,0.472149
"Nov 21, 04:00 pm",7.40791,0.0786916
"Nov 21, 05:00 pm",0,0.0786916
"Nov 21, 06:00 pm",255.982,0.1677
"Nov 21, 07:00 pm",5.11115,0.0786916
"Nov 21, 08:00 pm",0,0.0786916
"Nov 21, 09:00 pm",0,0.0786916
"Nov 21, 10:00 pm",0,0.0786916
"Nov 21, 11:00 pm",0,0.0786916
"Nov 22, 12:00 am",0,0.0786916
"Nov 22, 01:00 am",0,0.0786916
"Nov 22, 02:00 am",0,0.0786916
"Nov 22, 03:00 am",0,0.0786916
"Nov 22, 04:00 am",0,0.0786916
"Nov 22, 05:00 am",0,0.0786916
"Nov 22, 06:00 am",0,0.0786916
"Nov 22, 07:00 am",421.641,0.296007
"Nov 22, 08:00 am",971.03,0.472149
"Nov 22, 09:00 am",971.437,0.472149
"Nov 22, 10:00 am",972.349,0.472149
"Nov 22, 11:00 am",971.439,0.472149
"Nov 22, 12:00 pm",971.352,0.472149
"Nov 22, 01:00 pm",971.355,0.472149
"Nov 22, 02:00 pm",971.358,0.472149
"Nov 22, 03:00 pm",972.304,0.472149
"Nov 22, 04:00 pm",971.581,0.472149
"Nov 22, 05:00 pm",971.305,0.472149
"Nov 22, 06:00 pm",376.559,0.183091
"Nov 22, 07:00 pm",5.26812,0.0786916
"Nov 22, 08:00 pm",0,0.0786916
"Nov 22, 09:00 pm",0,0.0786916
"Nov 22, 10:00 pm",0,0.0786916
"Nov 22, 11:00 pm",0,0.0786916
"Nov 23, 12:00 am",0,0.0786916
"Nov 23, 01:00 am",0,0.0786916
"Nov 23, 02:00 am",0,0.0786916
"Nov 23, 03:00 am",0,0.0786916
"Nov 23, 04:00 am",0,0.0786916
"Nov 23, 05:00 am",0,0.0786916
"Nov 23, 06:00 am",0,0.0786916
"Nov 23, 07:00 am",423.607,0.29719
"Nov 23, 08:00 am",971.043,0.472149
"Nov 23, 09:00 am",971.452,0.472149
"Nov 23, 10:00 am",971.274,0.472149
"Nov 23, 11:00 am",971.283,0.472149
"Nov 23, 12:00 pm",971.365,0.472149
"Nov 23, 01:00 pm",971.368,0.472149
"Nov 23, 02:00 pm",971.37,0.472149
"Nov 23, 03:00 pm",972.386,0.472149
"Nov 23, 04:00 pm",971.637,0.472149
"Nov 23, 05:00 pm",971.316,0.472149
"Nov 23, 06:00 pm",394.699,0.191901
"Nov 23, 07:00 pm",5.28607,0.0786916
"Nov 23, 08:00 pm",0,0.0786916
"Nov 23, 09:00 pm",0,0.0786916
"Nov 23, 10:00 pm",0,0.0786916
"Nov 23, 11:00 pm",0,0.0786916
"Nov 24, 12:00 am",0,0.0786916
"Nov 24, 01:00 am",0,0.0786916
"Nov 24, 02:00 am",0,0.0786916
"Nov 24, 03:00 am",0,0.0786916
"Nov 24, 04:00 am",0,0.0786916
"Nov 24, 05:00 am",0,0.0786916
"Nov 24, 06:00 am",0,0.0786916
"Nov 24, 07:00 am",429.037,0.300651
"Nov 24, 08:00 am",971.045,0.472149
"Nov 24, 09:00 am",971.46,0.472149
"Nov 24, 10:00 am",971.273,0.472149
"Nov 24, 11:00 am",971.283,0.472149
"Nov 24, 12:00 pm",971.367,0.472149
"Nov 24, 01:00 pm",971.368,0.472149
"Nov 24, 02:00 pm",971.371,0.472149
"Nov 24, 03:00 pm",971.371,0.472149
"Nov 24, 04:00 pm",971.482,0.472149
"Nov 24, 05:00 pm",971.32,0.472149
"Nov 24, 06:00 pm",411.742,0.200181
"Nov 24, 07:00 pm",5.29274,0.0786916
"Nov 24, 08:00 pm",0,0.0786916
"Nov 24, 09:00 pm",0,0.0786916
"Nov 24, 10:00 pm",0,0.0786916
"Nov 24, 11:00 pm",0,0.0786916
"Nov 25, 12:00 am",0,0.0786916
"Nov 25, 01:00 am",0,0.0786916
"Nov 25, 02:00 am",0,0.0786916
"Nov 25, 03:00 am",0,0.0786916
"Nov 25, 04:00 am",0,0.0786916
"Nov 25, 05:00 am",0,0.0786916
"Nov 25, 06:00 am",0,0.0786916
"Nov 25, 07:00 am",441.537,0.308623
"Nov 25, 08:00 am",971.223,0.472149
"Nov 25, 09:00 am",971.524,0.472149
"Nov 25, 10:00 am",971.292,0.472149
"Nov 25, 11:00 am",971.343,0.472149
"Nov 25, 12:00 pm",971.354,0.472149
"Nov 25, 01:00 pm",971.357,0.472149
"Nov 25, 02:00 pm",971.357,0.472149
"Nov 25, 03:00 pm",971.357,0.472149
"Nov 25, 04:00 pm",971.501,0.472149
"Nov 25, 05:00 pm",971.32,0.472149
"Nov 25, 06:00 pm",427.667,0.207923
"Nov 25, 07:00 pm",5.25522,0.0786916
"Nov 25, 08:00 pm",0,0.0786916
"Nov 25, 09:00 pm",0,0.0786916
"Nov 25, 10:00 pm",0,0.0786916
"Nov 25, 11:00 pm",0,0.0786916
"Nov 26, 12:00 am",0,0.0786916
"Nov 26, 01:00 am",0,0.0786916
"Nov 26, 02:00 am",0,0.0786916
"Nov 26, 03:00 am",0,0.0786916
"Nov 26, 04:00 am",0,0.0786916
"Nov 26, 05:00 am",0,0.0786916
"Nov 26, 06:00 am",0,0.0786916
"Nov 26, 07:00 am",442.27,0.309091
"Nov 26, 08:00 am",971.214,0.472149
"Nov 26, 09:00 am",971.526,0.472149
"Nov 26, 10:00 am",971.292,0.472149
"Nov 26, 11:00 am",971.3,0.472149
"Nov 26, 12:00 pm",971.389,0.472149
"Nov 26, 01:00 pm",971.392,0.472149
"Nov 26, 02:00 pm",971.393,0.472149
"Nov 26, 03:00 pm",971.315,0.472149
"Nov 26, 04:00 pm",971.513,0.472149
"Nov 26, 05:00 pm",971.323,0.472149
"Nov 26, 06:00 pm",443.297,0.21552
"Nov 26, 07:00 pm",5.25779,0.0786916
"Nov 26, 08:00 pm",0,0.0786916
"Nov 26, 09:00 pm",0,0.0786916
"Nov 26, 10:00 pm",0,0.0786916
"Nov 26, 11:00 pm",0,0.0786916
"Nov 27, 12:00 am",0,0.0786916
"Nov 27, 01:00 am",0,0.0786916
"Nov 27, 02:00 am",0,0.0786916
"Nov 27, 03:00 am",0,0.0786916
"Nov 27, 04:00 am",0,0.0786916
"Nov 27, 05:00 am",0,0.0786916
"Nov 27, 06:00 am",0,0.0786916
"Nov 27, 07:00 am",441.269,0.308459
"Nov 27, 08:00 am",971.214,0.472149
"Nov 27, 09:00 am",971.503,0.472149
"Nov 27, 10:00 am",971.282,0.472149
"Nov 27, 11:00 am",971.289,0.472149
"Nov 27, 12:00 pm",971.378,0.472149
"Nov 27, 01:00 pm",971.382,0.472149
"Nov 27, 02:00 pm",971.382,0.472149
"Nov 27, 03:00 pm",971.307,0.472149
"Nov 27, 04:00 pm",971.506,0.472149
"Nov 27, 05:00 pm",971.315,0.472149
"Nov 27, 06:00 pm",459.472,0.223386
"Nov 27, 07:00 pm",5.18455,0.0786916
"Nov 27, 08:00 pm",0,0.0786916
"Nov 27, 09:00 pm",0,0.0786916
"Nov 27, 10:00 pm",0,0.0786916
"Nov 27, 11:00 pm",0,0.0786916
"Nov 28, 12:00 am",0,0.0786916
"Nov 28, 01:00 am",0,0.0786916
"Nov 28, 02:00 am",0,0.0786916
"Nov 28, 03:00 am",0,0.0786916
"Nov 28, 04:00 am",0,0.0786916
"Nov 28, 05:00 am",0,0.0786916
"Nov 28, 06:00 am",0,0.0786916
"Nov 28, 07:00 am",448.351,0.313122
"Nov 28, 08:00 am",971.194,0.472149
"Nov 28, 09:00 am",971.529,0.472149
"Nov 28, 10:00 am",971.282,0.472149
"Nov 28, 11:00 am",971.338,0.472149
"Nov 28, 12:00 pm",971.35,0.472149
"Nov 28, 01:00 pm",971.354,0.472149
"Nov 28, 02:00 pm",971.356,0.472149
"Nov 28, 03:00 pm",971.357,0.472149
"Nov 28, 04:00 pm",971.531,0.472149
"Nov 28, 05:00 pm",971.323,0.472149
"Nov 28, 06:00 pm",476.561,0.231691
"Nov 28, 07:00 pm",5.20352,0.0786916
"Nov 28, 08:00 pm",0,0.0786916
"Nov 28, 09:00 pm",0,0.0786916
"Nov 28, 10:00 pm",0,0.0786916
"Nov 28, 11:00 pm",0,0.0786916
"Nov 29, 12:00 am",0,0.0786916
"Nov 29, 01:00 am",0,0.0786916
"Nov 29, 02:00 am",0,0.0786916
"Nov 29, 03:00 am",0,0.0786916
"Nov 29, 04:00 am",0,0.0786916
"Nov 29, 05:00 am",0,0.0786916
"Nov 29, 06:00 am",0,0.0786916
"Nov 29, 07:00 am",454.01,0.316779
"Nov 29, 08:00 am",971.182,0.472149
"Nov 29, 09:00 am",971.567,0.472149
"Nov 29, 10:00 am",971.3,0.472149
"Nov 29, 11:00 am",971.354,0.472149
"Nov 29, 12:00 pm",971.37,0.472149
"Nov 29, 01:00 pm",971.372,0.472149
"Nov 29, 02:00 pm",971.372,0.472149
"Nov 29, 03:00 pm",11.4524,0.0786916
"Nov 29, 04:00 pm",6.63417,0.0786916
"Nov 29, 05:00 pm",0,0.0786916
"Nov 29, 06:00 pm",0,0.0786916
"Nov 29, 07:00 pm",0,0.0786916
"Nov 29, 08:00 pm",0,0.0786916
"Nov 29, 09:00 pm",0,0.0786916
"Nov 29, 10:00 pm",0,0.0786916
"Nov 29, 11:00 pm",0,0.0786916
"Nov 30, 12:00 am",0,0.0786916
"Nov 30, 01:00 am",0,0.0786916
"Nov 30, 02:00 am",0,0.0786916
"Nov 30, 03:00 am",0,0.0786916
"Nov 30, 04:00 am",0,0.0786916
"Nov 30, 05:00 am",0,0.0786916
"Nov 30, 06:00 am",0,0.0786916
"Nov 30, 07:00 am",445.564,0.311852
"Nov 30, 08:00 am",971.203,0.472149
"Nov 30, 09:00 am",971.549,0.472149
"Nov 30, 10:00 am",971.296,0.472149
"Nov 30, 11:00 am",971.354,0.472149
"Nov 30, 12:00 pm",971.366,0.472149
"Nov 30, 01:00 pm",971.369,0.472149
"Nov 30, 02:00 pm",35.5717,0.0786916
"Nov 30, 03:00 pm",13.6866,0.0786916
"Nov 30, 04:00 pm",8.19186,0.0786916
"Nov 30, 05:00 pm",4.61044,0.0786916
"Nov 30, 06:00 pm",0,0.0786916
"Nov 30, 07:00 pm",0,0.0786916
"Nov 30, 08:00 pm",0,0.0786916
"Nov 30, 09:00 pm",0,0.0786916
"Nov 30, 10:00 pm",0,0.0786916
"Nov 30, 11:00 pm",0,0.0786916
"Dec 1, 12:00 am",0,0.0786916
"Dec 1, 01:00 am",0,0.0786916
"Dec 1, 02:00 am",0,0.0786916
"Dec 1, 03:00 am",0,0.0786916
"Dec 1, 04:00 am",0,0.0786916
"Dec 1, 05:00 am",0,0.0786916
"Dec 1, 06:00 am",0,0.0786916
"Dec 1, 07:00 am",0,0.0786916
"Dec 1, 08:00 am",0,0.0786916
"Dec 1, 09:00 am",0,0.0786916
"Dec 1, 10:00 am",0,0.0786916
"Dec 1, 11:00 am",0,0.0786916
"Dec 1, 12:00 pm",0,0.0786916
"Dec 1, 01:00 pm",138.485,0.0786916
"Dec 1, 02:00 pm",970.818,0.472149
"Dec 1, 03:00 pm",8.17459,0.0786916
"Dec 1, 04:00 pm",4.75974,0.0786916
"Dec 1, 05:00 pm",0,0.0786916
"Dec 1, 06:00 pm",0,0.0786916
"Dec 1, 07:00 pm",0,0.0786916
"Dec 1, 08:00 pm",0,0.0786916
"Dec 1, 09:00 pm",0,0.0786916
"Dec 1, 10:00 pm",0,0.0786916
"Dec 1, 11:00 pm",0,0.0786916
"Dec 2, 12:00 am",0,0.0786916
"Dec 2, 01:00 am",0,0.0786916
"Dec 2, 02:00 am",0,0.0786916
"Dec 2, 03:00 am",0,0.0786916
"Dec 2, 04:00 am",0,0.0786916
"Dec 2, 05:00 am",0,0.0786916
"Dec 2, 06:00 am",0,0.0786916
"Dec 2, 07:00 am",457.032,0.319093
"Dec 2, 08:00 am",971.192,0.472149
"Dec 2, 09:00 am",971.647,0.472149
"Dec 2, 10:00 am",971.355,0.472149
"Dec 2, 11:00 am",971.427,0.472149
"Dec 2, 12:00 pm",971.496,0.472149
"Dec 2, 01:00 pm",971.503,0.472149
"Dec 2, 02:00 pm",971.499,0.472149
"Dec 2, 03:00 pm",971.387,0.472149
"Dec 2, 04:00 pm",971.789,0.472149
"Dec 2, 05:00 pm",971.348,0.472149
"Dec 2, 06:00 pm",558.36,0.271256
"Dec 2, 07:00 pm",5.5228,0.0786916
"Dec 2, 08:00 pm",0,0.0786916
"Dec 2, 09:00 pm",0,0.0786916
"Dec 2, 10:00 pm",0,0.0786916
"Dec 2, 11:00 pm",0,0.0786916
"Dec 3, 12:00 am",0,0.0786916
"Dec 3, 01:00 am",0,0.0786916
"Dec 3, 02:00 am",0,0.0786916
"Dec 3, 03:00 am",0,0.0786916
"Dec 3, 04:00 am",0,0.0786916
"Dec 3, 05:00 am",0,0.0786916
"Dec 3, 06:00 am",0,0.0786916
"Dec 3, 07:00 am",467.932,0.325567
"Dec 3, 08:00 am",971.173,0.472149
"Dec 3, 09:00 am",971.706,0.472149
"Dec 3, 10:00 am",971.374,0.472149
"Dec 3, 11:00 am",971.441,0.472149
"Dec 3, 12:00 pm",971.507,0.472149
"Dec 3, 01:00 pm",971.513,0.472149
"Dec 3, 02:00 pm",971.508,0.472149
"Dec 3, 03:00 pm",971.385,0.472149
"Dec 3, 04:00 pm",971.689,0.472149
"Dec 3, 05:00 pm",971.364,0.472149
"Dec 3, 06:00 pm",573.195,0.278476
"Dec 3, 07:00 pm",5.61196,0.0786916
"Dec 3, 08:00 pm",0,0.0786916
"Dec 3, 09:00 pm",0,0.0786916
"Dec 3, 10:00 pm",0,0.0786916
"Dec 3, 11:00 pm",0,0.0786916
"Dec 4, 12:00 am",0,0.0786916
"Dec 4, 01:00 am",0,0.0786916
"Dec 4, 02:00 am",0,0.0786916
"Dec 4, 03:00 am",0,0.0786916
"Dec 4, 04:00 am",0,0.0786916
"Dec 4, 05:00 am",0,0.0786916
"Dec 4, 06:00 am",0,0.0786916
"Dec 4, 07:00 am",451.95,0.315055
"Dec 4, 08:00 am",971.209,0.472149
"Dec 4, 09:00 am",971.573,0.472149
"Dec 4, 10:00 am",971.325,0.472149
"Dec 4, 11:00 am",971.389,0.472149
"Dec 4, 12:00 pm",90.2929,0.0786916
"Dec 4, 01:00 pm",93.1411,0.0786916
"Dec 4, 02:00 pm",70.4811,0.0786916
"Dec 4, 03:00 pm",39.1621,0.0786916
"Dec 4, 04:00 pm",6.84904,0.0786916
"Dec 4, 05:00 pm",0,0.0786916
"Dec 4, 06:00 pm",0,0.0786916
"Dec 4, 07:00 pm",0,0.0786916
"Dec 4, 08:00 pm",0,0.0786916
"Dec 4, 09:00 pm",0,0.0786916
"Dec 4, 10:00 pm",0,0.0786916
"Dec 4, 11:00 pm",0,0.0786916
"Dec 5, 12:00 am",0,0.0786916
"Dec 5, 01:00 am",0,0.0786916
"Dec 5, 02:00 am",0,0.0786916
"Dec 5, 03:00 am",0,0.0786916
"Dec 5, 04:00 am",0,0.0786916
"Dec 5, 05:00 am",0,0.0786916
"Dec 5, 06:00 am",0,0.0786916
"Dec 5, 07:00 am",0,0.0786916
"Dec 5, 08:00 am",663.674,0.340991
"Dec 5, 09:00 am",971.657,0.472149
"Dec 5, 10:00 am",971.306,0.472149
"Dec 5, 11:00 am",971.36,0.472149
"Dec 5, 12:00 pm",971.375,0.472149
"Dec 5, 01:00 pm",971.425,0.472149
"Dec 5, 02:00 pm",971.421,0.472149
"Dec 5, 03:00 pm",971.326,0.472149
"Dec 5, 04:00 pm",971.601,0.472149
"Dec 5, 05:00 pm",971.333,0.472149
"Dec 5, 06:00 pm",588.389,0.285891
"Dec 5, 07:00 pm",5.38421,0.0786916
"Dec 5, 08:00 pm",0,0.0786916
"Dec 5, 09:00 pm",0,0.0786916
"Dec 5, 10:00 pm",0,0.0786916
"Dec 5, 11:00 pm",0,0.0786916
"Dec 6, 12:00 am",0,0.0786916
"Dec 6, 01:00 am",0,0.0786916
"Dec 6, 02:00 am",0,0.0786916
"Dec 6, 03:00 am",0,0.0786916
"Dec 6, 04:00 am",0,0.0786916
"Dec 6, 05:00 am",0,0.0786916
"Dec 6, 06:00 am",0,0.0786916
"Dec 6, 07:00 am",0,0.0786916
"Dec 6, 08:00 am",664.889,0.340991
"Dec 6, 09:00 am",971.667,0.472149
"Dec 6, 10:00 am",971.302,0.472149
"Dec 6, 11:00 am",971.309,0.472149
"Dec 6, 12:00 pm",70.9771,0.0786916
"Dec 6, 01:00 pm",970.846,0.472149
"Dec 6, 02:00 pm",68.9377,0.0786916
"Dec 6, 03:00 pm",8.97183,0.0786916
"Dec 6, 04:00 pm",6.4547,0.0786916
"Dec 6, 05:00 pm",0,0.0786916
"Dec 6, 06:00 pm",0,0.0786916
"Dec 6, 07:00 pm",0,0.0786916
"Dec 6, 08:00 pm",0,0.0786916
"Dec 6, 09:00 pm",0,0.0786916
"Dec 6, 10:00 pm",0,0.0786916
"Dec 6, 11:00 pm",0,0.0786916
"Dec 7, 12:00 am",0,0.0786916
"Dec 7, 01:00 am",0,0.0786916
"Dec 7, 02:00 am",0,0.0786916
"Dec 7, 03:00 am",0,0.0786916
"Dec 7, 04:00 am",0,0.0786916
"Dec 7, 05:00 am",0,0.0786916
"Dec 7, 06:00 am",0,0.0786916
"Dec 7, 07:00 am",435.321,0.2372
"Dec 7, 08:00 am",971.099,0.472149
"Dec 7, 09:00 am",971.487,0.472149
"Dec 7, 10:00 am",971.294,0.472149
"Dec 7, 11:00 am",971.36,0.472149
"Dec 7, 12:00 pm",971.372,0.472149
"Dec 7, 01:00 pm",971.432,0.472149
"Dec 7, 02:00 pm",971.428,0.472149
"Dec 7, 03:00 pm",971.326,0.472149
"Dec 7, 04:00 pm",971.607,0.472149
"Dec 7, 05:00 pm",971.327,0.472149
"Dec 7, 06:00 pm",615.903,0.299291
"Dec 7, 07:00 pm",5.3283,0.0786916
"Dec 7, 08:00 pm",0,0.0786916
"Dec 7, 09:00 pm",0,0.0786916
"Dec 7, 10:00 pm",0,0.0786916
"Dec 7, 11:00 pm",0,0.0786916
"Dec 8, 12:00 am",0,0.0786916
"Dec 8, 01:00 am",0,0.0786916
"Dec 8, 02:00 am",0,0.0786916
"Dec 8, 03:00 am",0,0.0786916
"Dec 8, 04:00 am",0,0.0786916
"Dec 8, 05:00 am",0,0.0786916
"Dec 8, 06:00 am",0,0.0786916
"Dec 8, 07:00 am",441.606,0.308557
"Dec 8, 08:00 am",971.231,0.472149
"Dec 8, 09:00 am",971.553,0.472149
"Dec 8, 10:00 am",971.316,0.472149
"Dec 8, 11:00 am",971.387,0.472149
"Dec 8, 12:00 pm",971.449,0.472149
"Dec 8, 01:00 pm",971.455,0.472149
"Dec 8, 02:00 pm",971.452,0.472149
"Dec 8, 03:00 pm",971.349,0.472149
"Dec 8, 04:00 pm",971.66,0.472149
"Dec 8, 05:00 pm",971.331,0.472149
"Dec 8, 06:00 pm",641.791,0.31189
"Dec 8, 07:00 pm",5.3539,0.0786916
"Dec 8, 08:00 pm",0,0.0786916
"Dec 8, 09:00 pm",0,0.0786916
"Dec 8, 10:00 pm",0,0.0786916
"Dec 8, 11:00 pm",0,0.0786916
"Dec 9, 12:00 am",0,0.0786916
"Dec 9, 01:00 am",0,0.0786916
"Dec 9, 02:00 am",0,0.0786916
"Dec 9, 03:00 am",0,0.0786916
"Dec 9, 04:00 am",0,0.0786916
"Dec 9, 05:00 am",0,0.0786916
"Dec 9, 06:00 am",0,0.0786916
"Dec 9, 07:00 am",461.911,0.321773
"Dec 9, 08:00 am",971.179,0.472149
"Dec 9, 09:00 am",971.735,0.472149
"Dec 9, 10:00 am",971.368,0.472149
"Dec 9, 11:00 am",971.443,0.472149
"Dec 9, 12:00 pm",971.461,0.472149
"Dec 9, 01:00 pm",971.516,0.472149
"Dec 9, 02:00 pm",971.512,0.472149
"Dec 9, 03:00 pm",971.373,0.472149
"Dec 9, 04:00 pm",971.703,0.472149
"Dec 9, 05:00 pm",971.34,0.472149
"Dec 9, 06:00 pm",660.039,0.320779
"Dec 9, 07:00 pm",5.44539,0.0786916
"Dec 9, 08:00 pm",0,0.0786916
"Dec 9, 09:00 pm",0,0.0786916
"Dec 9, 10:00 pm",0,0.0786916
"Dec 9, 11:00 pm",0,0.0786916
"Dec 10, 12:00 am",0,0.0786916
"Dec 10, 01:00 am",0,0.0786916
"Dec 10, 02:00 am",0,0.0786916
"Dec 10, 03:00 am",0,0.0786916
"Dec 10, 04:00 am",0,0.0786916
"Dec 10, 05:00 am",0,0.0786916
"Dec 10, 06:00 am",0,0.0786916
"Dec 10, 07:00 am",434.178,0.303545
"Dec 10, 08:00 am",971.262,0.472149
"Dec 10, 09:00 am",971.499,0.472149
"Dec 10, 10:00 am",971.3,0.472149
"Dec 10, 11:00 am",971.351,0.472149
"Dec 10, 12:00 pm",971.362,0.472149
"Dec 10, 01:00 pm",971.409,0.472149
"Dec 10, 02:00 pm",971.406,0.472149
"Dec 10, 03:00 pm",971.311,0.472149
"Dec 10, 04:00 pm",971.538,0.472149
"Dec 10, 05:00 pm",971.333,0.472149
"Dec 10, 06:00 pm",652.406,0.317065
"Dec 10, 07:00 pm",5.36367,0.0786916
"Dec 10, 08:00 pm",0,0.0786916
"Dec 10, 09:00 pm",0,0.0786916
"Dec 10, 10:00 pm",0,0.0786916
"Dec 10, 11:00 pm",0,0.0786916
"Dec 11, 12:00 am",0,0.0786916
"Dec 11, 01:00 am",0,0.0786916
"Dec 11, 02:00 am",0,0.0786916
"Dec 11, 03:00 am",0,0.0786916
"Dec 11, 04:00 am",0,0.0786916
"Dec 11, 05:00 am",0,0.0786916
"Dec 11, 06:00 am",0,0.0786916
"Dec 11, 07:00 am",425.503,0.29809
"Dec 11, 08:00 am",971.061,0.472149
"Dec 11, 09:00 am",971.5,0.472149
"Dec 11, 10:00 am",971.313,0.472149
"Dec 11, 11:00 am",971.381,0.472149
"Dec 11, 12:00 pm",971.394,0.472149
"Dec 11, 01:00 pm",971.395,0.472149
"Dec 11, 02:00 pm",971.39,0.472149
"Dec 11, 03:00 pm",971.385,0.472149
"Dec 11, 04:00 pm",971.604,0.472149
"Dec 11, 05:00 pm",971.34,0.472149
"Dec 11, 06:00 pm",668.313,0.324814
"Dec 11, 07:00 pm",5.4518,0.0786916
"Dec 11, 08:00 pm",0,0.0786916
"Dec 11, 09:00 pm",0,0.0786916
"Dec 11, 10:00 pm",0,0.0786916
"Dec 11, 11:00 pm",0,0.0786916
"Dec 12, 12:00 am",0,0.0786916
"Dec 12, 01:00 am",0,0.0786916
"Dec 12, 02:00 am",0,0.0786916
"Dec 12, 03:00 am",0,0.0786916
"Dec 12, 04:00 am",0,0.0786916
"Dec 12, 05:00 am",0,0.0786916
"Dec 12, 06:00 am",0,0.0786916
"Dec 12, 07:00 am",436.682,0.305082
"Dec 12, 08:00 am",971.275,0.472149
"Dec 12, 09:00 am",971.576,0.472149
"Dec 12, 10:00 am",971.342,0.472149
"Dec 12, 11:00 am",971.414,0.472149
"Dec 12, 12:00 pm",971.428,0.472149
"Dec 12, 01:00 pm",971.486,0.472149
"Dec 12, 02:00 pm",971.481,0.472149
"Dec 12, 03:00 pm",971.365,0.472149
"Dec 12, 04:00 pm",971.653,0.472149
"Dec 12, 05:00 pm",971.357,0.472149
"Dec 12, 06:00 pm",693.096,0.336879
"Dec 12, 07:00 pm",5.60433,0.0786916
"Dec 12, 08:00 pm",0,0.0786916
"Dec 12, 09:00 pm",0,0.0786916
"Dec 12, 10:00 pm",0,0.0786916
"Dec 12, 11:00 pm",0,0.0786916
"Dec 13, 12:00 am",0,0.0786916
"Dec 13, 01:00 am",0,0.0786916
"Dec 13, 02:00 am",0,0.0786916
"Dec 13, 03:00 am",0,0.0786916
"Dec 13, 04:00 am",0,0.0786916
"Dec 13, 05:00 am",0,0.0786916
"Dec 13, 06:00 am",0,0.0786916
"Dec 13, 07:00 am",423.422,0.296393
"Dec 13, 08:00 am",971.076,0.472149
"Dec 13, 09:00 am",971.499,0.472149
"Dec 13, 10:00 am",24.0178,0.0786916
"Dec 13, 11:00 am",40.771,0.0786916
"Dec 13, 12:00 pm",9.15334,0.0786916
"Dec 13, 01:00 pm",34.3548,0.0786916
"Dec 13, 02:00 pm",970.78,0.472149
"Dec 13, 03:00 pm",971.331,0.472149
"Dec 13, 04:00 pm",8.17717,0.0786916
"Dec 13, 05:00 pm",4.45331,0.0786916
"Dec 13, 06:00 pm",0,0.0786916
"Dec 13, 07:00 pm",0,0.0786916
"Dec 13, 08:00 pm",0,0.0786916
"Dec 13, 09:00 pm",0,0.0786916
"Dec 13, 10:00 pm",0,0.0786916
"Dec 13, 11:00 pm",0,0.0786916
"Dec 14, 12:00 am",0,0.0786916
"Dec 14, 01:00 am",0,0.0786916
"Dec 14, 02:00 am",0,0.0786916
"Dec 14, 03:00 am",0,0.0786916
"Dec 14, 04:00 am",0,0.0786916
"Dec 14, 05:00 am",0,0.0786916
"Dec 14, 06:00 am",0,0.0786916
"Dec 14, 07:00 am",424.455,0.297675
"Dec 14, 08:00 am",971.083,0.472149
"Dec 14, 09:00 am",971.558,0.472149
"Dec 14, 10:00 am",971.339,0.472149
"Dec 14, 11:00 am",971.411,0.472149
"Dec 14, 12:00 pm",971.428,0.472149
"Dec 14, 01:00 pm",971.491,0.472149
"Dec 14, 02:00 pm",971.488,0.472149
"Dec 14, 03:00 pm",971.374,0.472149
"Dec 14, 04:00 pm",971.71,0.472149
"Dec 14, 05:00 pm",971.344,0.472149
"Dec 14, 06:00 pm",718.63,0.349317
"Dec 14, 07:00 pm",5.58034,0.0786916
"Dec 14, 08:00 pm",0,0.0786916
"Dec 14, 09:00 pm",0,0.0786916
"Dec 14, 10:00 pm",0,0.0786916
"Dec 14, 11:00 pm",0,0.0786916
"Dec 15, 12:00 am",0,0.0786916
"Dec 15, 01:00 am",0,0.0786916
"Dec 15, 02:00 am",0,0.0786916
"Dec 15, 03:00 am",0,0.0786916
"Dec 15, 04:00 am",0,0.0786916
"Dec 15, 05:00 am",0,0.0786916
"Dec 15, 06:00 am",0,0.0786916
"Dec 15, 07:00 am",427.569,0.299171
"Dec 15, 08:00 am",971.091,0.472149
"Dec 15, 09:00 am",971.554,0.472149
"Dec 15, 10:00 am",971.34,0.472149
"Dec 15, 11:00 am",971.408,0.472149
"Dec 15, 12:00 pm",971.422,0.472149
"Dec 15, 01:00 pm",971.485,0.472149
"Dec 15, 02:00 pm",971.482,0.472149
"Dec 15, 03:00 pm",971.372,0.472149
"Dec 15, 04:00 pm",971.684,0.472149
"Dec 15, 05:00 pm",971.35,0.472149
"Dec 15, 06:00 pm",739.852,0.359648
"Dec 15, 07:00 pm",5.63135,0.0786916
"Dec 15, 08:00 pm",0,0.0786916
"Dec 15, 09:00 pm",0,0.0786916
"Dec 15, 10:00 pm",0,0.0786916
"Dec 15, 11:00 pm",0,0.0786916
"Dec 16, 12:00 am",0,0.0786916
"Dec 16, 01:00 am",0,0.0786916
"Dec 16, 02:00 am",0,0.0786916
"Dec 16, 03:00 am",0,0.0786916
"Dec 16, 04:00 am",0,0.0786916
"Dec 16, 05:00 am",0,0.0786916
"Dec 16, 06:00 am",0,0.0786916
"Dec 16, 07:00 am",425.033,0.297516
"Dec 16, 08:00 am",971.089,0.472149
"Dec 16, 09:00 am",971.562,0.472149
"Dec 16, 10:00 am",971.345,0.472149
"Dec 16, 11:00 am",971.42,0.472149
"Dec 16, 12:00 pm",971.437,0.472149
"Dec 16, 01:00 pm",971.514,0.472149
"Dec 16, 02:00 pm",971.51,0.472149
"Dec 16, 03:00 pm",971.395,0.472149
"Dec 16, 04:00 pm",971.802,0.472149
"Dec 16, 05:00 pm",971.35,0.472149
"Dec 16, 06:00 pm",759.688,0.369302
"Dec 16, 07:00 pm",5.69364,0.0786916
"Dec 16, 08:00 pm",0,0.0786916
"Dec 16, 09:00 pm",0,0.0786916
"Dec 16, 10:00 pm",0,0.0786916
"Dec 16, 11:00 pm",0,0.0786916
"Dec 17, 12:00 am",0,0.0786916
"Dec 17, 01:00 am",0,0.0786916
"Dec 17, 02:00 am",0,0.0786916
"Dec 17, 03:00 am",0,0.0786916
"Dec 17, 04:00 am",0,0.0786916
"Dec 17, 05:00 am",0,0.0786916
"Dec 17, 06:00 am",0,0.0786916
"Dec 17, 07:00 am",430.407,0.30112
"Dec 17, 08:00 am",971.291,0.472149
"Dec 17, 09:00 am",971.613,0.472149
"Dec 17, 10:00 am",55.611,0.0786916
"Dec 17, 11:00 am",27.5826,0.0786916
"Dec 17, 12:00 pm",99.6784,0.0786916
"Dec 17, 01:00 pm",118.978,0.0786916
"Dec 17, 02:00 pm",970.864,0.472149
"Dec 17, 03:00 pm",971.374,0.472149
"Dec 17, 04:00 pm",971.744,0.472149
"Dec 17, 05:00 pm",971.335,0.472149
"Dec 17, 06:00 pm",770.02,0.373991
"Dec 17, 07:00 pm",5.70544,0.0786916
"Dec 17, 08:00 pm",0,0.0786916
"Dec 17, 09:00 pm",0,0.0786916
"Dec 17, 10:00 pm",0,0.0786916
"Dec 17, 11:00 pm",0,0.0786916
"Dec 18, 12:00 am",0,0.0786916
"Dec 18, 01:00 am",0,0.0786916
"Dec 18, 02:00 am",0,0.0786916
"Dec 18, 03:00 am",0,0.0786916
"Dec 18, 04:00 am",0,0.0786916
"Dec 18, 05:00 am",0,0.0786916
"Dec 18, 06:00 am",0,0.0786916
"Dec 18, 07:00 am",418.087,0.293049
"Dec 18, 08:00 am",971.066,0.472149
"Dec 18, 09:00 am",971.523,0.472149
"Dec 18, 10:00 am",971.319,0.472149
"Dec 18, 11:00 am",971.385,0.472149
"Dec 18, 12:00 pm",971.396,0.472149
"Dec 18, 01:00 pm",971.458,0.472149
"Dec 18, 02:00 pm",971.454,0.472149
"Dec 18, 03:00 pm",971.351,0.472149
"Dec 18, 04:00 pm",971.659,0.472149
"Dec 18, 05:00 pm",971.336,0.472149
"Dec 18, 06:00 pm",774.217,0.376057
"Dec 18, 07:00 pm",5.64875,0.0786916
"Dec 18, 08:00 pm",0,0.0786916
"Dec 18, 09:00 pm",0,0.0786916
"Dec 18, 10:00 pm",0,0.0786916
"Dec 18, 11:00 pm",0,0.0786916
"Dec 19, 12:00 am",0,0.0786916
"Dec 19, 01:00 am",0,0.0786916
"Dec 19, 02:00 am",0,0.0786916
"Dec 19, 03:00 am",0,0.0786916
"Dec 19, 04:00 am",0,0.0786916
"Dec 19, 05:00 am",0,0.0786916
"Dec 19, 06:00 am",0,0.0786916
"Dec 19, 07:00 am",338.785,0.202164
"Dec 19, 08:00 am",6.54203,0.0786916
"Dec 19, 09:00 am",0,0.0786916
"Dec 19, 10:00 am",0,0.0786916
"Dec 19, 11:00 am",16.85,0.0786916
"Dec 19, 12:00 pm",8.95131,0.0786916
"Dec 19, 01:00 pm",6.73703,0.0786916
"Dec 19, 02:00 pm",0,0.0786916
"Dec 19, 03:00 pm",0,0.0786916
"Dec 19, 04:00 pm",0,0.0786916
"Dec 19, 05:00 pm",0,0.0786916
"Dec 19, 06:00 pm",0,0.0786916
"Dec 19, 07:00 pm",0,0.0786916
"Dec 19, 08:00 pm",0,0.0786916
"Dec 19, 09:00 pm",0,0.0786916
"Dec 19, 10:00 pm",0,0.0786916
"Dec 19, 11:00 pm",0,0.0786916
"Dec 20, 12:00 am",0,0.0786916
"Dec 20, 01:00 am",0,0.0786916
"Dec 20, 02:00 am",0,0.0786916
"Dec 20, 03:00 am",0,0.0786916
"Dec 20, 04:00 am",0,0.0786916
"Dec 20, 05:00 am",0,0.0786916
"Dec 20, 06:00 am",0,0.0786916
"Dec 20, 07:00 am",426.101,0.23359
"Dec 20, 08:00 am",971.084,0.472149
"Dec 20, 09:00 am",971.651,0.472149
"Dec 20, 10:00 am",971.369,0.472149
"Dec 20, 11:00 am",971.462,0.472149
"Dec 20, 12:00 pm",971.528,0.472149
"Dec 20, 01:00 pm",971.539,0.472149
"Dec 20, 02:00 pm",971.535,0.472149
"Dec 20, 03:00 pm",971.418,0.472149
"Dec 20, 04:00 pm",972.077,0.472149
"Dec 20, 05:00 pm",972.381,0.472149
"Dec 20, 06:00 pm",826.559,0.401607
"Dec 20, 07:00 pm",5.62827,0.0786916
"Dec 20, 08:00 pm",0,0.0786916
"Dec 20, 09:00 pm",0,0.0786916
"Dec 20, 10:00 pm",0,0.0786916
"Dec 20, 11:00 pm",0,0.0786916
"Dec 21, 12:00 am",0,0.0786916
"Dec 21, 01:00 am",0,0.0786916
"Dec 21, 02:00 am",0,0.0786916
"Dec 21, 03:00 am",0,0.0786916
"Dec 21, 04:00 am",0,0.0786916
"Dec 21, 05:00 am",0,0.0786916
"Dec 21, 06:00 am",0,0.0786916
"Dec 21, 07:00 am",430.456,0.301275
"Dec 21, 08:00 am",971.296,0.472149
"Dec 21, 09:00 am",971.671,0.472149
"Dec 21, 10:00 am",971.365,0.472149
"Dec 21, 11:00 am",971.447,0.472149
"Dec 21, 12:00 pm",971.459,0.472149
"Dec 21, 01:00 pm",971.527,0.472149
"Dec 21, 02:00 pm",971.524,0.472149
"Dec 21, 03:00 pm",971.394,0.472149
"Dec 21, 04:00 pm",971.928,0.472149
"Dec 21, 05:00 pm",971.318,0.472149
"Dec 21, 06:00 pm",831.738,0.4042
"Dec 21, 07:00 pm",5.65203,0.0786916
"Dec 21, 08:00 pm",0,0.0786916
"Dec 21, 09:00 pm",0,0.0786916
"Dec 21, 10:00 pm",0,0.0786916
"Dec 21, 11:00 pm",0,0.0786916
"Dec 22, 12:00 am",0,0.0786916
"Dec 22, 01:00 am",0,0.0786916
"Dec 22, 02:00 am",0,0.0786916
"Dec 22, 03:00 am",0,0.0786916
"Dec 22, 04:00 am",0,0.0786916
"Dec 22, 05:00 am",0,0.0786916
"Dec 22, 06:00 am",0,0.0786916
"Dec 22, 07:00 am",403.514,0.222568
"Dec 22, 08:00 am",971.029,0.472149
"Dec 22, 09:00 am",971.501,0.472149
"Dec 22, 10:00 am",971.31,0.472149
"Dec 22, 11:00 am",971.381,0.472149
"Dec 22, 12:00 pm",971.398,0.472149
"Dec 22, 01:00 pm",971.479,0.472149
"Dec 22, 02:00 pm",971.482,0.472149
"Dec 22, 03:00 pm",971.375,0.472149
"Dec 22, 04:00 pm",971.829,0.472149
"Dec 22, 05:00 pm",971.315,0.472149
"Dec 22, 06:00 pm",835.149,0.40587
"Dec 22, 07:00 pm",5.60693,0.0786916
"Dec 22, 08:00 pm",0,0.0786916
"Dec 22, 09:00 pm",0,0.0786916
"Dec 22, 10:00 pm",0,0.0786916
"Dec 22, 11:00 pm",0,0.0786916
"Dec 23, 12:00 am",0,0.0786916
"Dec 23, 01:00 am",0,0.0786916
"Dec 23, 02:00 am",0,0.0786916
"Dec 23, 03:00 am",0,0.0786916
"Dec 23, 04:00 am",0,0.0786916
"Dec 23, 05:00 am",0,0.0786916
"Dec 23, 06:00 am",0,0.0786916
"Dec 23, 07:00 am",404.481,0.22304
"Dec 23, 08:00 am",971.036,0.472149
"Dec 23, 09:00 am",971.54,0.472149
"Dec 23, 10:00 am",971.325,0.472149
"Dec 23, 11:00 am",971.406,0.472149
"Dec 23, 12:00 pm",971.417,0.472149
"Dec 23, 01:00 pm",971.499,0.472149
"Dec 23, 02:00 pm",971.496,0.472149
"Dec 23, 03:00 pm",971.379,0.472149
"Dec 23, 04:00 pm",971.882,0.472149
"Dec 23, 05:00 pm",971.306,0.472149
"Dec 23, 06:00 pm",845.92,0.41113
"Dec 23, 07:00 pm",5.56325,0.0786916
"Dec 23, 08:00 pm",0,0.0786916
"Dec 23, 09:00 pm",0,0.0786916
"Dec 23, 10:00 pm",0,0.0786916
"Dec 23, 11:00 pm",0,0.0786916
"Dec 24, 12:00 am",0,0.0786916
"Dec 24, 01:00 am",0,0.0786916
"Dec 24, 02:00 am",0,0.0786916
"Dec 24, 03:00 am",0,0.0786916
"Dec 24, 04:00 am",0,0.0786916
"Dec 24, 05:00 am",0,0.0786916
"Dec 24, 06:00 am",0,0.0786916
"Dec 24, 07:00 am",409.894,0.22568
"Dec 24, 08:00 am",971.057,0.472149
"Dec 24, 09:00 am",971.587,0.472149
"Dec 24, 10:00 am",971.344,0.472149
"Dec 24, 11:00 am",971.42,0.472149
"Dec 24, 12:00 pm",971.438,0.472149
"Dec 24, 01:00 pm",971.518,0.472149
"Dec 24, 02:00 pm",971.515,0.472149
"Dec 24, 03:00 pm",971.394,0.472149
"Dec 24, 04:00 pm",971.923,0.472149
"Dec 24, 05:00 pm",971.313,0.472149
"Dec 24, 06:00 pm",859.718,0.417856
"Dec 24, 07:00 pm",5.67675,0.0786916
"Dec 24, 08:00 pm",0,0.0786916
"Dec 24, 09:00 pm",0,0.0786916
"Dec 24, 10:00 pm",0,0.0786916
"Dec 24, 11:00 pm",0,0.0786916
"Dec 25, 12:00 am",0,0.0786916
"Dec 25, 01:00 am",0,0.0786916
"Dec 25, 02:00 am",0,0.0786916
"Dec 25, 03:00 am",0,0.0786916
"Dec 25, 04:00 am",0,0.0786916
"Dec 25, 05:00 am",0,0.0786916
"Dec 25, 06:00 am",0,0.0786916
"Dec 25, 07:00 am",363.462,0.212732
"Dec 25, 08:00 am",971.189,0.472149
"Dec 25, 09:00 am",971.511,0.472149
"Dec 25, 10:00 am",971.326,0.472149
"Dec 25, 11:00 am",971.392,0.472149
"Dec 25, 12:00 pm",971.402,0.472149
"Dec 25, 01:00 pm",971.467,0.472149
"Dec 25, 02:00 pm",971.464,0.472149
"Dec 25, 03:00 pm",971.36,0.472149
"Dec 25, 04:00 pm",971.689,0.472149
"Dec 25, 05:00 pm",971.326,0.472149
"Dec 25, 06:00 pm",852.19,0.414187
"Dec 25, 07:00 pm",5.6319,0.0786916
"Dec 25, 08:00 pm",0,0.0786916
"Dec 25, 09:00 pm",0,0.0786916
"Dec 25, 10:00 pm",0,0.0786916
"Dec 25, 11:00 pm",0,0.0786916
"Dec 26, 12:00 am",0,0.0786916
"Dec 26, 01:00 am",0,0.0786916
"Dec 26, 02:00 am",0,0.0786916
"Dec 26, 03:00 am",0,0.0786916
"Dec 26, 04:00 am",0,0.0786916
"Dec 26, 05:00 am",0,0.0786916
"Dec 26, 06:00 am",0,0.0786916
"Dec 26, 07:00 am",346.659,0.205139
"Dec 26, 08:00 am",971.07,0.472149
"Dec 26, 09:00 am",971.492,0.472149
"Dec 26, 10:00 am",971.319,0.472149
"Dec 26, 11:00 am",971.392,0.472149
"Dec 26, 12:00 pm",971.407,0.472149
"Dec 26, 01:00 pm",971.488,0.472149
"Dec 26, 02:00 pm",971.485,0.472149
"Dec 26, 03:00 pm",971.375,0.472149
"Dec 26, 04:00 pm",971.805,0.472149
"Dec 26, 05:00 pm",971.322,0.472149
"Dec 26, 06:00 pm",864.705,0.420288
"Dec 26, 07:00 pm",5.73182,0.0786916
"Dec 26, 08:00 pm",0,0.0786916
"Dec 26, 09:00 pm",0,0.0786916
"Dec 26, 10:00 pm",0,0.0786916
"Dec 26, 11:00 pm",0,0.0786916
"Dec 27, 12:00 am",0,0.0786916
"Dec 27, 01:00 am",0,0.0786916
"Dec 27, 02:00 am",0,0.0786916
"Dec 27, 03:00 am",0,0.0786916
"Dec 27, 04:00 am",0,0.0786916
"Dec 27, 05:00 am",0,0.0786916
"Dec 27, 06:00 am",0,0.0786916
"Dec 27, 07:00 am",345.809,0.204703
"Dec 27, 08:00 am",971.08,0.472149
"Dec 27, 09:00 am",971.5,0.472149
"Dec 27, 10:00 am",971.322,0.472149
"Dec 27, 11:00 am",971.385,0.472149
"Dec 27, 12:00 pm",971.396,0.472149
"Dec 27, 01:00 pm",971.401,0.472149
"Dec 27, 02:00 pm",134.87,0.0786916
"Dec 27, 03:00 pm",29.9152,0.0786916
"Dec 27, 04:00 pm",7.24962,0.0786916
"Dec 27, 05:00 pm",0,0.0786916
"Dec 27, 06:00 pm",0,0.0786916
"Dec 27, 07:00 pm",0,0.0786916
"Dec 27, 08:00 pm",0,0.0786916
"Dec 27, 09:00 pm",0,0.0786916
"Dec 27, 10:00 pm",0,0.0786916
"Dec 27, 11:00 pm",0,0.0786916
"Dec 28, 12:00 am",0,0.0786916
"Dec 28, 01:00 am",0,0.0786916
"Dec 28, 02:00 am",0,0.0786916
"Dec 28, 03:00 am",0,0.0786916
"Dec 28, 04:00 am",0,0.0786916
"Dec 28, 05:00 am",0,0.0786916
"Dec 28, 06:00 am",0,0.0786916
"Dec 28, 07:00 am",318.267,0.192243
"Dec 28, 08:00 am",972.268,0.472149
"Dec 28, 09:00 am",971.638,0.472149
"Dec 28, 10:00 am",971.3,0.472149
"Dec 28, 11:00 am",971.369,0.472149
"Dec 28, 12:00 pm",971.383,0.472149
"Dec 28, 01:00 pm",138.947,0.0786916
"Dec 28, 02:00 pm",92.3498,0.0786916
"Dec 28, 03:00 pm",17.7864,0.0786916
"Dec 28, 04:00 pm",6.87622,0.0786916
"Dec 28, 05:00 pm",0,0.0786916
"Dec 28, 06:00 pm",0,0.0786916
"Dec 28, 07:00 pm",0,0.0786916
"Dec 28, 08:00 pm",0,0.0786916
"Dec 28, 09:00 pm",0,0.0786916
"Dec 28, 10:00 pm",0,0.0786916
"Dec 28, 11:00 pm",0,0.0786916
"Dec 29, 12:00 am",0,0.0786916
"Dec 29, 01:00 am",0,0.0786916
"Dec 29, 02:00 am",0,0.0786916
"Dec 29, 03:00 am",0,0.0786916
"Dec 29, 04:00 am",0,0.0786916
"Dec 29, 05:00 am",0,0.0786916
"Dec 29, 06:00 am",0,0.0786916
"Dec 29, 07:00 am",282.991,0.177173
"Dec 29, 08:00 am",6.42404,0.0786916
"Dec 29, 09:00 am",0,0.0786916
"Dec 29, 10:00 am",0,0.0786916
"Dec 29, 11:00 am",51.6419,0.0786916
"Dec 29, 12:00 pm",970.855,0.472149
"Dec 29, 01:00 pm",971.453,0.472149
"Dec 29, 02:00 pm",971.456,0.472149
"Dec 29, 03:00 pm",971.353,0.472149
"Dec 29, 04:00 pm",971.739,0.472149
"Dec 29, 05:00 pm",971.308,0.472149
"Dec 29, 06:00 pm",870.164,0.422957
"Dec 29, 07:00 pm",6.00736,0.0786916
"Dec 29, 08:00 pm",0,0.0786916
"Dec 29, 09:00 pm",0,0.0786916
"Dec 29, 10:00 pm",0,0.0786916
"Dec 29, 11:00 pm",0,0.0786916
"Dec 30, 12:00 am",0,0.0786916
"Dec 30, 01:00 am",0,0.0786916
"Dec 30, 02:00 am",0,0.0786916
"Dec 30, 03:00 am",0,0.0786916
"Dec 30, 04:00 am",0,0.0786916
"Dec 30, 05:00 am",0,0.0786916
"Dec 30, 06:00 am",0,0.0786916
"Dec 30, 07:00 am",277.997,0.174158
"Dec 30, 08:00 am",971.992,0.472149
"Dec 30, 09:00 am",971.496,0.472149
"Dec 30, 10:00 am",971.318,0.472149
"Dec 30, 11:00 am",971.328,0.472149
"Dec 30, 12:00 pm",971.415,0.472149
"Dec 30, 01:00 pm",971.424,0.472149
"Dec 30, 02:00 pm",971.427,0.472149
"Dec 30, 03:00 pm",971.422,0.472149
"Dec 30, 04:00 pm",971.718,0.472149
"Dec 30, 05:00 pm",971.319,0.472149
"Dec 30, 06:00 pm",871.169,0.423444
"Dec 30, 07:00 pm",6.17056,0.0786916
"Dec 30, 08:00 pm",0,0.0786916
"Dec 30, 09:00 pm",0,0.0786916
"Dec 30, 10:00 pm",0,0.0786916
"Dec 30, 11:00 pm",0,0.0786916
"Dec 31, 12:00 am",0,0.0786916
"Dec 31, 01:00 am",0,0.0786916
"Dec 31, 02:00 am",0,0.0786916
"Dec 31, 03:00 am",0,0.0786916
"Dec 31, 04:00 am",0,0.0786916
"Dec 31, 05:00 am",0,0.0786916
"Dec 31, 06:00 am",0,0.0786916
"Dec 31, 07:00 am",266.204,0.16903
"Dec 31, 08:00 am",971.55,0.472149
"Dec 31, 09:00 am",971.402,0.472149
"Dec 31, 10:00 am",972.237,0.472149
"Dec 31, 11:00 am",971.428,0.472149
"Dec 31, 12:00 pm",971.342,0.472149
"Dec 31, 01:00 pm",971.422,0.472149
"Dec 31, 02:00 pm",971.419,0.472149
"Dec 31, 03:00 pm",971.332,0.472149
"Dec 31, 04:00 pm",971.638,0.472149
"Dec 31, 05:00 pm",971.316,0.472149
"Dec 31, 06:00 pm",863.801,0.419857
"Dec 31, 07:00 pm",6.20763,0.0786916
"Dec 31, 08:00 pm",0,0.0786916
"Dec 31, 09:00 pm",0,0.0786916
"Dec 31, 10:00 pm",0,0.0786916
"Dec 31, 11:00 pm",0,0.0786916
