"Time stamp","System net thermal power w/ avail. derate | (kWt)","Field total mass flow rate | (kg/s)"
"Jan 1, 12:00 am",0,0.157383
"Jan 1, 01:00 am",0,0.157383
"Jan 1, 02:00 am",0,0.157383
"Jan 1, 03:00 am",0,0.157383
"Jan 1, 04:00 am",0,0.157383
"Jan 1, 05:00 am",0,0.157383
"Jan 1, 06:00 am",0,0.157383
"Jan 1, 07:00 am",587.086,0.361032
"Jan 1, 08:00 am",1943.55,0.944299
"Jan 1, 09:00 am",1942.86,0.944299
"Jan 1, 10:00 am",1942.62,0.944299
"Jan 1, 11:00 am",1942.64,0.944299
"Jan 1, 12:00 pm",1942.84,0.944299
"Jan 1, 01:00 pm",1942.86,0.944299
"Jan 1, 02:00 pm",1942.86,0.944299
"Jan 1, 03:00 pm",1942.85,0.944299
"Jan 1, 04:00 pm",1943.51,0.944299
"Jan 1, 05:00 pm",1942.62,0.944299
"Jan 1, 06:00 pm",1750.95,0.851082
"Jan 1, 07:00 pm",12.8989,0.157383
"Jan 1, 08:00 pm",0,0.157383
"Jan 1, 09:00 pm",0,0.157383
"Jan 1, 10:00 pm",0,0.157383
"Jan 1, 11:00 pm",0,0.157383
"Jan 2, 12:00 am",0,0.157383
"Jan 2, 01:00 am",0,0.157383
"Jan 2, 02:00 am",0,0.157383
"Jan 2, 03:00 am",0,0.157383
"Jan 2, 04:00 am",0,0.157383
"Jan 2, 05:00 am",0,0.157383
"Jan 2, 06:00 am",0,0.157383
"Jan 2, 07:00 am",531.319,0.337532
"Jan 2, 08:00 am",1943.17,0.944299
"Jan 2, 09:00 am",1942.88,0.944299
"Jan 2, 10:00 am",1942.64,0.944299
"Jan 2, 11:00 am",1942.66,0.944299
"Jan 2, 12:00 pm",1942.87,0.944299
"Jan 2, 01:00 pm",1942.89,0.944299
"Jan 2, 02:00 pm",1942.89,0.944299
"Jan 2, 03:00 pm",1942.88,0.944299
"Jan 2, 04:00 pm",1943.94,0.944299
"Jan 2, 05:00 pm",1944.29,0.944299
"Jan 2, 06:00 pm",1789.76,0.869944
"Jan 2, 07:00 pm",13.0591,0.157383
"Jan 2, 08:00 pm",0,0.157383
"Jan 2, 09:00 pm",0,0.157383
"Jan 2, 10:00 pm",0,0.157383
"Jan 2, 11:00 pm",0,0.157383
"Jan 3, 12:00 am",0,0.157383
"Jan 3, 01:00 am",0,0.157383
"Jan 3, 02:00 am",0,0.157383
"Jan 3, 03:00 am",0,0.157383
"Jan 3, 04:00 am",0,0.157383
"Jan 3, 05:00 am",0,0.157383
"Jan 3, 06:00 am",0,0.157383
"Jan 3, 07:00 am",536.814,0.340196
"Jan 3, 08:00 am",1943.53,0.944299
"Jan 3, 09:00 am",1943.02,0.944299
"Jan 3, 10:00 am",1942.67,0.944299
"Jan 3, 11:00 am",1942.69,0.944299
"Jan 3, 12:00 pm",1942.9,0.944299
"Jan 3, 01:00 pm",1942.91,0.944299
"Jan 3, 02:00 pm",1942.91,0.944299
"Jan 3, 03:00 pm",1942.9,0.944299
"Jan 3, 04:00 pm",1943.69,0.944299
"Jan 3, 05:00 pm",1942.61,0.944299
"Jan 3, 06:00 pm",1789.65,0.869934
"Jan 3, 07:00 pm",13.364,0.157383
"Jan 3, 08:00 pm",0,0.157383
"Jan 3, 09:00 pm",0,0.157383
"Jan 3, 10:00 pm",0,0.157383
"Jan 3, 11:00 pm",0,0.157383
"Jan 4, 12:00 am",0,0.157383
"Jan 4, 01:00 am",0,0.157383
"Jan 4, 02:00 am",0,0.157383
"Jan 4, 03:00 am",0,0.157383
"Jan 4, 04:00 am",0,0.157383
"Jan 4, 05:00 am",0,0.157383
"Jan 4, 06:00 am",0,0.157383
"Jan 4, 07:00 am",519.98,0.332021
"Jan 4, 08:00 am",1943.24,0.944299
"Jan 4, 09:00 am",1942.94,0.944299
"Jan 4, 10:00 am",1942.68,0.944299
"Jan 4, 11:00 am",1942.7,0.944299
"Jan 4, 12:00 pm",1942.92,0.944299
"Jan 4, 01:00 pm",1942.93,0.944299
"Jan 4, 02:00 pm",1942.93,0.944299
"Jan 4, 03:00 pm",1942.92,0.944299
"Jan 4, 04:00 pm",1943.84,0.944299
"Jan 4, 05:00 pm",1944.56,0.944299
"Jan 4, 06:00 pm",1791.65,0.870802
"Jan 4, 07:00 pm",13.6663,0.157383
"Jan 4, 08:00 pm",0,0.157383
"Jan 4, 09:00 pm",0,0.157383
"Jan 4, 10:00 pm",0,0.157383
"Jan 4, 11:00 pm",0,0.157383
"Jan 5, 12:00 am",0,0.157383
"Jan 5, 01:00 am",0,0.157383
"Jan 5, 02:00 am",0,0.157383
"Jan 5, 03:00 am",0,0.157383
"Jan 5, 04:00 am",0,0.157383
"Jan 5, 05:00 am",0,0.157383
"Jan 5, 06:00 am",0,0.157383
"Jan 5, 07:00 am",501.369,0.32377
"Jan 5, 08:00 am",1943.11,0.944299
"Jan 5, 09:00 am",1942.91,0.944299
"Jan 5, 10:00 am",1942.67,0.944299
"Jan 5, 11:00 am",1942.69,0.944299
"Jan 5, 12:00 pm",1942.89,0.944299
"Jan 5, 01:00 pm",1942.9,0.944299
"Jan 5, 02:00 pm",1942.9,0.944299
"Jan 5, 03:00 pm",1942.75,0.944299
"Jan 5, 04:00 pm",1943.68,0.944299
"Jan 5, 05:00 pm",1944.77,0.944299
"Jan 5, 06:00 pm",1793.1,0.871471
"Jan 5, 07:00 pm",13.6905,0.157383
"Jan 5, 08:00 pm",0,0.157383
"Jan 5, 09:00 pm",0,0.157383
"Jan 5, 10:00 pm",0,0.157383
"Jan 5, 11:00 pm",0,0.157383
"Jan 6, 12:00 am",0,0.157383
"Jan 6, 01:00 am",0,0.157383
"Jan 6, 02:00 am",0,0.157383
"Jan 6, 03:00 am",0,0.157383
"Jan 6, 04:00 am",0,0.157383
"Jan 6, 05:00 am",0,0.157383
"Jan 6, 06:00 am",0,0.157383
"Jan 6, 07:00 am",338.149,0.317105
"Jan 6, 08:00 am",1942.84,0.944299
"Jan 6, 09:00 am",1942.78,0.944299
"Jan 6, 10:00 am",1944.56,0.944299
"Jan 6, 11:00 am",1942.9,0.944299
"Jan 6, 12:00 pm",1942.71,0.944299
"Jan 6, 01:00 pm",1942.86,0.944299
"Jan 6, 02:00 pm",1942.85,0.944299
"Jan 6, 03:00 pm",1942.66,0.944299
"Jan 6, 04:00 pm",1943.27,0.944299
"Jan 6, 05:00 pm",1942.64,0.944299
"Jan 6, 06:00 pm",1749.36,0.850315
"Jan 6, 07:00 pm",13.5682,0.157383
"Jan 6, 08:00 pm",0,0.157383
"Jan 6, 09:00 pm",0,0.157383
"Jan 6, 10:00 pm",0,0.157383
"Jan 6, 11:00 pm",0,0.157383
"Jan 7, 12:00 am",0,0.157383
"Jan 7, 01:00 am",0,0.157383
"Jan 7, 02:00 am",0,0.157383
"Jan 7, 03:00 am",0,0.157383
"Jan 7, 04:00 am",0,0.157383
"Jan 7, 05:00 am",0,0.157383
"Jan 7, 06:00 am",0,0.157383
"Jan 7, 07:00 am",159.015,0.252699
"Jan 7, 08:00 am",1942.57,0.944299
"Jan 7, 09:00 am",1940.35,0.944299
"Jan 7, 10:00 am",1944.06,0.944299
"Jan 7, 11:00 am",1942.68,0.944299
"Jan 7, 12:00 pm",1942.68,0.944299
"Jan 7, 01:00 pm",1942.82,0.944299
"Jan 7, 02:00 pm",1942.82,0.944299
"Jan 7, 03:00 pm",1942.66,0.944299
"Jan 7, 04:00 pm",1943.27,0.944299
"Jan 7, 05:00 pm",1942.64,0.944299
"Jan 7, 06:00 pm",1740.39,0.845944
"Jan 7, 07:00 pm",13.5305,0.157383
"Jan 7, 08:00 pm",0,0.157383
"Jan 7, 09:00 pm",0,0.157383
"Jan 7, 10:00 pm",0,0.157383
"Jan 7, 11:00 pm",0,0.157383
"Jan 8, 12:00 am",0,0.157383
"Jan 8, 01:00 am",0,0.157383
"Jan 8, 02:00 am",0,0.157383
"Jan 8, 03:00 am",0,0.157383
"Jan 8, 04:00 am",0,0.157383
"Jan 8, 05:00 am",0,0.157383
"Jan 8, 06:00 am",0,0.157383
"Jan 8, 07:00 am",164.55,0.257334
"Jan 8, 08:00 am",1942.99,0.944299
"Jan 8, 09:00 am",1942.81,0.944299
"Jan 8, 10:00 am",1942.64,0.944299
"Jan 8, 11:00 am",1942.66,0.944299
"Jan 8, 12:00 pm",1942.88,0.944299
"Jan 8, 01:00 pm",1942.9,0.944299
"Jan 8, 02:00 pm",1942.9,0.944299
"Jan 8, 03:00 pm",1942.9,0.944299
"Jan 8, 04:00 pm",1943.81,0.944299
"Jan 8, 05:00 pm",1944.55,0.944299
"Jan 8, 06:00 pm",1787.52,0.868796
"Jan 8, 07:00 pm",13.9127,0.157383
"Jan 8, 08:00 pm",0,0.157383
"Jan 8, 09:00 pm",0,0.157383
"Jan 8, 10:00 pm",0,0.157383
"Jan 8, 11:00 pm",0,0.157383
"Jan 9, 12:00 am",0,0.157383
"Jan 9, 01:00 am",0,0.157383
"Jan 9, 02:00 am",0,0.157383
"Jan 9, 03:00 am",0,0.157383
"Jan 9, 04:00 am",0,0.157383
"Jan 9, 05:00 am",0,0.157383
"Jan 9, 06:00 am",0,0.157383
"Jan 9, 07:00 am",336.603,0.31605
"Jan 9, 08:00 am",1943.02,0.944299
"Jan 9, 09:00 am",1942.89,0.944299
"Jan 9, 10:00 am",1942.66,0.944299
"Jan 9, 11:00 am",1942.68,0.944299
"Jan 9, 12:00 pm",1942.88,0.944299
"Jan 9, 01:00 pm",1942.89,0.944299
"Jan 9, 02:00 pm",1942.89,0.944299
"Jan 9, 03:00 pm",1942.73,0.944299
"Jan 9, 04:00 pm",1943.77,0.944299
"Jan 9, 05:00 pm",1944.52,0.944299
"Jan 9, 06:00 pm",1804.97,0.877305
"Jan 9, 07:00 pm",13.7704,0.157383
"Jan 9, 08:00 pm",0,0.157383
"Jan 9, 09:00 pm",0,0.157383
"Jan 9, 10:00 pm",0,0.157383
"Jan 9, 11:00 pm",0,0.157383
"Jan 10, 12:00 am",0,0.157383
"Jan 10, 01:00 am",0,0.157383
"Jan 10, 02:00 am",0,0.157383
"Jan 10, 03:00 am",0,0.157383
"Jan 10, 04:00 am",0,0.157383
"Jan 10, 05:00 am",0,0.157383
"Jan 10, 06:00 am",0,0.157383
"Jan 10, 07:00 am",159.5,0.254693
"Jan 10, 08:00 am",1942.96,0.944299
"Jan 10, 09:00 am",1942.84,0.944299
"Jan 10, 10:00 am",1942.64,0.944299
"Jan 10, 11:00 am",1942.8,0.944299
"Jan 10, 12:00 pm",1942.82,0.944299
"Jan 10, 01:00 pm",1942.99,0.944299
"Jan 10, 02:00 pm",1942.98,0.944299
"Jan 10, 03:00 pm",1942.75,0.944299
"Jan 10, 04:00 pm",1943.86,0.944299
"Jan 10, 05:00 pm",1944.43,0.944299
"Jan 10, 06:00 pm",1809.73,0.880767
"Jan 10, 07:00 pm",13.8112,0.157383
"Jan 10, 08:00 pm",0,0.157383
"Jan 10, 09:00 pm",0,0.157383
"Jan 10, 10:00 pm",0,0.157383
"Jan 10, 11:00 pm",0,0.157383
"Jan 11, 12:00 am",0,0.157383
"Jan 11, 01:00 am",0,0.157383
"Jan 11, 02:00 am",0,0.157383
"Jan 11, 03:00 am",0,0.157383
"Jan 11, 04:00 am",0,0.157383
"Jan 11, 05:00 am",0,0.157383
"Jan 11, 06:00 am",0,0.157383
"Jan 11, 07:00 am",154.84,0.251833
"Jan 11, 08:00 am",1943.17,0.944299
"Jan 11, 09:00 am",1942.86,0.944299
"Jan 11, 10:00 am",1942.66,0.944299
"Jan 11, 11:00 am",1942.81,0.944299
"Jan 11, 12:00 pm",1942.83,0.944299
"Jan 11, 01:00 pm",1943.01,0.944299
"Jan 11, 02:00 pm",1943.01,0.944299
"Jan 11, 03:00 pm",1942.79,0.944299
"Jan 11, 04:00 pm",1944.13,0.944299
"Jan 11, 05:00 pm",1943.77,0.944299
"Jan 11, 06:00 pm",1826.15,0.888346
"Jan 11, 07:00 pm",13.9414,0.157383
"Jan 11, 08:00 pm",0,0.157383
"Jan 11, 09:00 pm",0,0.157383
"Jan 11, 10:00 pm",0,0.157383
"Jan 11, 11:00 pm",0,0.157383
"Jan 12, 12:00 am",0,0.157383
"Jan 12, 01:00 am",0,0.157383
"Jan 12, 02:00 am",0,0.157383
"Jan 12, 03:00 am",0,0.157383
"Jan 12, 04:00 am",0,0.157383
"Jan 12, 05:00 am",0,0.157383
"Jan 12, 06:00 am",0,0.157383
"Jan 12, 07:00 am",0,0.24097
"Jan 12, 08:00 am",1942.31,0.944299
"Jan 12, 09:00 am",1942.73,0.944299
"Jan 12, 10:00 am",1944.53,0.944299
"Jan 12, 11:00 am",1942.93,0.944299
"Jan 12, 12:00 pm",1942.76,0.944299
"Jan 12, 01:00 pm",1942.95,0.944299
"Jan 12, 02:00 pm",1942.94,0.944299
"Jan 12, 03:00 pm",1942.77,0.944299
"Jan 12, 04:00 pm",1943.78,0.944299
"Jan 12, 05:00 pm",1944.47,0.944299
"Jan 12, 06:00 pm",1819.09,0.885033
"Jan 12, 07:00 pm",13.9122,0.157383
"Jan 12, 08:00 pm",0,0.157383
"Jan 12, 09:00 pm",0,0.157383
"Jan 12, 10:00 pm",0,0.157383
"Jan 12, 11:00 pm",0,0.157383
"Jan 13, 12:00 am",0,0.157383
"Jan 13, 01:00 am",0,0.157383
"Jan 13, 02:00 am",0,0.157383
"Jan 13, 03:00 am",0,0.157383
"Jan 13, 04:00 am",0,0.157383
"Jan 13, 05:00 am",0,0.157383
"Jan 13, 06:00 am",0,0.157383
"Jan 13, 07:00 am",0,0.238409
"Jan 13, 08:00 am",1942.1,0.944299
"Jan 13, 09:00 am",1940.36,0.944299
"Jan 13, 10:00 am",1944.37,0.944299
"Jan 13, 11:00 am",1942.84,0.944299
"Jan 13, 12:00 pm",1942.73,0.944299
"Jan 13, 01:00 pm",1942.88,0.944299
"Jan 13, 02:00 pm",1942.88,0.944299
"Jan 13, 03:00 pm",1942.7,0.944299
"Jan 13, 04:00 pm",1943.46,0.944299
"Jan 13, 05:00 pm",1942.62,0.944299
"Jan 13, 06:00 pm",1786.02,0.868171
"Jan 13, 07:00 pm",13.5167,0.157383
"Jan 13, 08:00 pm",0,0.157383
"Jan 13, 09:00 pm",0,0.157383
"Jan 13, 10:00 pm",0,0.157383
"Jan 13, 11:00 pm",0,0.157383
"Jan 14, 12:00 am",0,0.157383
"Jan 14, 01:00 am",0,0.157383
"Jan 14, 02:00 am",0,0.157383
"Jan 14, 03:00 am",0,0.157383
"Jan 14, 04:00 am",0,0.157383
"Jan 14, 05:00 am",0,0.157383
"Jan 14, 06:00 am",0,0.157383
"Jan 14, 07:00 am",0,0.236777
"Jan 14, 08:00 am",1942.01,0.944299
"Jan 14, 09:00 am",1940.44,0.944299
"Jan 14, 10:00 am",1944.37,0.944299
"Jan 14, 11:00 am",1942.84,0.944299
"Jan 14, 12:00 pm",1942.73,0.944299
"Jan 14, 01:00 pm",1942.72,0.944299
"Jan 14, 02:00 pm",1942.71,0.944299
"Jan 14, 03:00 pm",1942.7,0.944299
"Jan 14, 04:00 pm",1943.36,0.944299
"Jan 14, 05:00 pm",1942.62,0.944299
"Jan 14, 06:00 pm",1768.85,0.85981
"Jan 14, 07:00 pm",13.3196,0.157383
"Jan 14, 08:00 pm",0,0.157383
"Jan 14, 09:00 pm",0,0.157383
"Jan 14, 10:00 pm",0,0.157383
"Jan 14, 11:00 pm",0,0.157383
"Jan 15, 12:00 am",0,0.157383
"Jan 15, 01:00 am",0,0.157383
"Jan 15, 02:00 am",0,0.157383
"Jan 15, 03:00 am",0,0.157383
"Jan 15, 04:00 am",0,0.157383
"Jan 15, 05:00 am",0,0.157383
"Jan 15, 06:00 am",0,0.157383
"Jan 15, 07:00 am",0,0.233588
"Jan 15, 08:00 am",1941.87,0.944299
"Jan 15, 09:00 am",1940.94,0.944299
"Jan 15, 10:00 am",1944.17,0.944299
"Jan 15, 11:00 am",1942.73,0.944299
"Jan 15, 12:00 pm",1942.69,0.944299
"Jan 15, 01:00 pm",1942.82,0.944299
"Jan 15, 02:00 pm",1942.81,0.944299
"Jan 15, 03:00 pm",1942.66,0.944299
"Jan 15, 04:00 pm",1943.32,0.944299
"Jan 15, 05:00 pm",1942.63,0.944299
"Jan 15, 06:00 pm",1764.15,0.857521
"Jan 15, 07:00 pm",13.1698,0.157383
"Jan 15, 08:00 pm",0,0.157383
"Jan 15, 09:00 pm",0,0.157383
"Jan 15, 10:00 pm",0,0.157383
"Jan 15, 11:00 pm",0,0.157383
"Jan 16, 12:00 am",0,0.157383
"Jan 16, 01:00 am",0,0.157383
"Jan 16, 02:00 am",0,0.157383
"Jan 16, 03:00 am",0,0.157383
"Jan 16, 04:00 am",0,0.157383
"Jan 16, 05:00 am",0,0.157383
"Jan 16, 06:00 am",0,0.157383
"Jan 16, 07:00 am",0,0.22951
"Jan 16, 08:00 am",12.4187,0.157383
"Jan 16, 09:00 am",0,0.157383
"Jan 16, 10:00 am",0,0.157383
"Jan 16, 11:00 am",11.6886,0.157383
"Jan 16, 12:00 pm",1941.55,0.944299
"Jan 16, 01:00 pm",1942.8,0.944299
"Jan 16, 02:00 pm",1942.79,0.944299
"Jan 16, 03:00 pm",1942.64,0.944299
"Jan 16, 04:00 pm",1943.23,0.944299
"Jan 16, 05:00 pm",1942.66,0.944299
"Jan 16, 06:00 pm",1737.79,0.844669
"Jan 16, 07:00 pm",12.9375,0.157383
"Jan 16, 08:00 pm",0,0.157383
"Jan 16, 09:00 pm",0,0.157383
"Jan 16, 10:00 pm",0,0.157383
"Jan 16, 11:00 pm",0,0.157383
"Jan 17, 12:00 am",0,0.157383
"Jan 17, 01:00 am",0,0.157383
"Jan 17, 02:00 am",0,0.157383
"Jan 17, 03:00 am",0,0.157383
"Jan 17, 04:00 am",0,0.157383
"Jan 17, 05:00 am",0,0.157383
"Jan 17, 06:00 am",0,0.157383
"Jan 17, 07:00 am",0,0.228922
"Jan 17, 08:00 am",1943.52,0.944299
"Jan 17, 09:00 am",1941.58,0.944299
"Jan 17, 10:00 am",1943.99,0.944299
"Jan 17, 11:00 am",1942.67,0.944299
"Jan 17, 12:00 pm",1942.69,0.944299
"Jan 17, 01:00 pm",1942.81,0.944299
"Jan 17, 02:00 pm",1942.82,0.944299
"Jan 17, 03:00 pm",1942.81,0.944299
"Jan 17, 04:00 pm",1943.28,0.944299
"Jan 17, 05:00 pm",1942.66,0.944299
"Jan 17, 06:00 pm",1738.65,0.845082
"Jan 17, 07:00 pm",12.7956,0.157383
"Jan 17, 08:00 pm",0,0.157383
"Jan 17, 09:00 pm",0,0.157383
"Jan 17, 10:00 pm",0,0.157383
"Jan 17, 11:00 pm",0,0.157383
"Jan 18, 12:00 am",0,0.157383
"Jan 18, 01:00 am",0,0.157383
"Jan 18, 02:00 am",0,0.157383
"Jan 18, 03:00 am",0,0.157383
"Jan 18, 04:00 am",0,0.157383
"Jan 18, 05:00 am",0,0.157383
"Jan 18, 06:00 am",0,0.157383
"Jan 18, 07:00 am",0,0.228726
"Jan 18, 08:00 am",1640.79,0.926282
"Jan 18, 09:00 am",1941.29,0.944299
"Jan 18, 10:00 am",1944.06,0.944299
"Jan 18, 11:00 am",1942.68,0.944299
"Jan 18, 12:00 pm",1942.69,0.944299
"Jan 18, 01:00 pm",1942.81,0.944299
"Jan 18, 02:00 pm",172.664,0.157383
"Jan 18, 03:00 pm",127.157,0.157383
"Jan 18, 04:00 pm",1942.02,0.944299
"Jan 18, 05:00 pm",1942.65,0.944299
"Jan 18, 06:00 pm",1735.26,0.843439
"Jan 18, 07:00 pm",12.4971,0.157383
"Jan 18, 08:00 pm",0,0.157383
"Jan 18, 09:00 pm",0,0.157383
"Jan 18, 10:00 pm",0,0.157383
"Jan 18, 11:00 pm",0,0.157383
"Jan 19, 12:00 am",0,0.157383
"Jan 19, 01:00 am",0,0.157383
"Jan 19, 02:00 am",0,0.157383
"Jan 19, 03:00 am",0,0.157383
"Jan 19, 04:00 am",0,0.157383
"Jan 19, 05:00 am",0,0.157383
"Jan 19, 06:00 am",0,0.157383
"Jan 19, 07:00 am",0,0.157383
"Jan 19, 08:00 am",0,0.157383
"Jan 19, 09:00 am",0,0.157383
"Jan 19, 10:00 am",0,0.157383
"Jan 19, 11:00 am",0,0.157383
"Jan 19, 12:00 pm",0,0.157383
"Jan 19, 01:00 pm",0,0.157383
"Jan 19, 02:00 pm",1641.94,0.944299
"Jan 19, 03:00 pm",16.7949,0.157383
"Jan 19, 04:00 pm",1937.71,0.944299
"Jan 19, 05:00 pm",14.2989,0.157383
"Jan 19, 06:00 pm",1447.17,0.822921
"Jan 19, 07:00 pm",12.0727,0.157383
"Jan 19, 08:00 pm",0,0.157383
"Jan 19, 09:00 pm",0,0.157383
"Jan 19, 10:00 pm",0,0.157383
"Jan 19, 11:00 pm",0,0.157383
"Jan 20, 12:00 am",0,0.157383
"Jan 20, 01:00 am",0,0.157383
"Jan 20, 02:00 am",0,0.157383
"Jan 20, 03:00 am",0,0.157383
"Jan 20, 04:00 am",0,0.157383
"Jan 20, 05:00 am",0,0.157383
"Jan 20, 06:00 am",0,0.157383
"Jan 20, 07:00 am",0,0.225043
"Jan 20, 08:00 am",1618.9,0.924493
"Jan 20, 09:00 am",1941.38,0.944299
"Jan 20, 10:00 am",1944.2,0.944299
"Jan 20, 11:00 am",1942.76,0.944299
"Jan 20, 12:00 pm",1942.72,0.944299
"Jan 20, 01:00 pm",1942.84,0.944299
"Jan 20, 02:00 pm",1942.82,0.944299
"Jan 20, 03:00 pm",1942.66,0.944299
"Jan 20, 04:00 pm",1943.36,0.944299
"Jan 20, 05:00 pm",1942.62,0.944299
"Jan 20, 06:00 pm",1753.69,0.852427
"Jan 20, 07:00 pm",11.8501,0.157383
"Jan 20, 08:00 pm",0,0.157383
"Jan 20, 09:00 pm",0,0.157383
"Jan 20, 10:00 pm",0,0.157383
"Jan 20, 11:00 pm",0,0.157383
"Jan 21, 12:00 am",0,0.157383
"Jan 21, 01:00 am",0,0.157383
"Jan 21, 02:00 am",0,0.157383
"Jan 21, 03:00 am",0,0.157383
"Jan 21, 04:00 am",0,0.157383
"Jan 21, 05:00 am",0,0.157383
"Jan 21, 06:00 am",0,0.157383
"Jan 21, 07:00 am",0,0.223902
"Jan 21, 08:00 am",1618.93,0.924729
"Jan 21, 09:00 am",1941.05,0.944299
"Jan 21, 10:00 am",1944.45,0.944299
"Jan 21, 11:00 am",1942.87,0.944299
"Jan 21, 12:00 pm",1942.72,0.944299
"Jan 21, 01:00 pm",165.552,0.157383
"Jan 21, 02:00 pm",16.7307,0.157383
"Jan 21, 03:00 pm",15.2283,0.157383
"Jan 21, 04:00 pm",0,0.157383
"Jan 21, 05:00 pm",0,0.157383
"Jan 21, 06:00 pm",0,0.157383
"Jan 21, 07:00 pm",0,0.157383
"Jan 21, 08:00 pm",0,0.157383
"Jan 21, 09:00 pm",0,0.157383
"Jan 21, 10:00 pm",0,0.157383
"Jan 21, 11:00 pm",0,0.157383
"Jan 22, 12:00 am",0,0.157383
"Jan 22, 01:00 am",0,0.157383
"Jan 22, 02:00 am",0,0.157383
"Jan 22, 03:00 am",0,0.157383
"Jan 22, 04:00 am",0,0.157383
"Jan 22, 05:00 am",0,0.157383
"Jan 22, 06:00 am",0,0.157383
"Jan 22, 07:00 am",0,0.157383
"Jan 22, 08:00 am",0,0.157383
"Jan 22, 09:00 am",0,0.157383
"Jan 22, 10:00 am",0,0.157383
"Jan 22, 11:00 am",0,0.157383
"Jan 22, 12:00 pm",0,0.157383
"Jan 22, 01:00 pm",0,0.157383
"Jan 22, 02:00 pm",0,0.157383
"Jan 22, 03:00 pm",0,0.157383
"Jan 22, 04:00 pm",1618.93,0.944299
"Jan 22, 05:00 pm",1942.6,0.944299
"Jan 22, 06:00 pm",1749.31,0.850308
"Jan 22, 07:00 pm",11.0748,0.157383
"Jan 22, 08:00 pm",0,0.157383
"Jan 22, 09:00 pm",0,0.157383
"Jan 22, 10:00 pm",0,0.157383
"Jan 22, 11:00 pm",0,0.157383
"Jan 23, 12:00 am",0,0.157383
"Jan 23, 01:00 am",0,0.157383
"Jan 23, 02:00 am",0,0.157383
"Jan 23, 03:00 am",0,0.157383
"Jan 23, 04:00 am",0,0.157383
"Jan 23, 05:00 am",0,0.157383
"Jan 23, 06:00 am",0,0.157383
"Jan 23, 07:00 am",0,0.188629
"Jan 23, 08:00 am",1620.41,0.922464
"Jan 23, 09:00 am",1941.77,0.944299
"Jan 23, 10:00 am",1944.23,0.944299
"Jan 23, 11:00 am",1942.78,0.944299
"Jan 23, 12:00 pm",1942.71,0.944299
"Jan 23, 01:00 pm",1942.86,0.944299
"Jan 23, 02:00 pm",1942.86,0.944299
"Jan 23, 03:00 pm",1942.86,0.944299
"Jan 23, 04:00 pm",1943.5,0.944299
"Jan 23, 05:00 pm",1942.64,0.944299
"Jan 23, 06:00 pm",1741.52,0.846484
"Jan 23, 07:00 pm",11.4095,0.157383
"Jan 23, 08:00 pm",0,0.157383
"Jan 23, 09:00 pm",0,0.157383
"Jan 23, 10:00 pm",0,0.157383
"Jan 23, 11:00 pm",0,0.157383
"Jan 24, 12:00 am",0,0.157383
"Jan 24, 01:00 am",0,0.157383
"Jan 24, 02:00 am",0,0.157383
"Jan 24, 03:00 am",0,0.157383
"Jan 24, 04:00 am",0,0.157383
"Jan 24, 05:00 am",0,0.157383
"Jan 24, 06:00 am",0,0.157383
"Jan 24, 07:00 am",0,0.157383
"Jan 24, 08:00 am",1618.54,0.919508
"Jan 24, 09:00 am",1942.29,0.944299
"Jan 24, 10:00 am",1943.86,0.944299
"Jan 24, 11:00 am",1942.69,0.944299
"Jan 24, 12:00 pm",1942.7,0.944299
"Jan 24, 01:00 pm",1942.7,0.944299
"Jan 24, 02:00 pm",1942.69,0.944299
"Jan 24, 03:00 pm",1942.68,0.944299
"Jan 24, 04:00 pm",1943.32,0.944299
"Jan 24, 05:00 pm",1942.64,0.944299
"Jan 24, 06:00 pm",1713.79,0.832968
"Jan 24, 07:00 pm",11.2305,0.157383
"Jan 24, 08:00 pm",0,0.157383
"Jan 24, 09:00 pm",0,0.157383
"Jan 24, 10:00 pm",0,0.157383
"Jan 24, 11:00 pm",0,0.157383
"Jan 25, 12:00 am",0,0.157383
"Jan 25, 01:00 am",0,0.157383
"Jan 25, 02:00 am",0,0.157383
"Jan 25, 03:00 am",0,0.157383
"Jan 25, 04:00 am",0,0.157383
"Jan 25, 05:00 am",0,0.157383
"Jan 25, 06:00 am",0,0.157383
"Jan 25, 07:00 am",0,0.157383
"Jan 25, 08:00 am",1587.44,0.901811
"Jan 25, 09:00 am",1943.05,0.944299
"Jan 25, 10:00 am",1943.69,0.944299
"Jan 25, 11:00 am",1942.65,0.944299
"Jan 25, 12:00 pm",1942.65,0.944299
"Jan 25, 01:00 pm",1942.77,0.944299
"Jan 25, 02:00 pm",1942.77,0.944299
"Jan 25, 03:00 pm",1942.77,0.944299
"Jan 25, 04:00 pm",1943.27,0.944299
"Jan 25, 05:00 pm",1942.64,0.944299
"Jan 25, 06:00 pm",1687.72,0.820253
"Jan 25, 07:00 pm",11.1154,0.157383
"Jan 25, 08:00 pm",0,0.157383
"Jan 25, 09:00 pm",0,0.157383
"Jan 25, 10:00 pm",0,0.157383
"Jan 25, 11:00 pm",0,0.157383
"Jan 26, 12:00 am",0,0.157383
"Jan 26, 01:00 am",0,0.157383
"Jan 26, 02:00 am",0,0.157383
"Jan 26, 03:00 am",0,0.157383
"Jan 26, 04:00 am",0,0.157383
"Jan 26, 05:00 am",0,0.157383
"Jan 26, 06:00 am",0,0.157383
"Jan 26, 07:00 am",0,0.157383
"Jan 26, 08:00 am",1312.92,0.8917
"Jan 26, 09:00 am",1943.42,0.944299
"Jan 26, 10:00 am",1943.93,0.944299
"Jan 26, 11:00 am",1942.66,0.944299
"Jan 26, 12:00 pm",1942.68,0.944299
"Jan 26, 01:00 pm",1942.8,0.944299
"Jan 26, 02:00 pm",1942.81,0.944299
"Jan 26, 03:00 pm",1942.8,0.944299
"Jan 26, 04:00 pm",1943.33,0.944299
"Jan 26, 05:00 pm",1942.64,0.944299
"Jan 26, 06:00 pm",1672.72,0.812924
"Jan 26, 07:00 pm",11.2077,0.157383
"Jan 26, 08:00 pm",0,0.157383
"Jan 26, 09:00 pm",0,0.157383
"Jan 26, 10:00 pm",0,0.157383
"Jan 26, 11:00 pm",0,0.157383
"Jan 27, 12:00 am",0,0.157383
"Jan 27, 01:00 am",0,0.157383
"Jan 27, 02:00 am",0,0.157383
"Jan 27, 03:00 am",0,0.157383
"Jan 27, 04:00 am",0,0.157383
"Jan 27, 05:00 am",0,0.157383
"Jan 27, 06:00 am",0,0.157383
"Jan 27, 07:00 am",0,0.157383
"Jan 27, 08:00 am",1292.57,0.882703
"Jan 27, 09:00 am",1943.24,0.944299
"Jan 27, 10:00 am",1943.77,0.944299
"Jan 27, 11:00 am",1942.66,0.944299
"Jan 27, 12:00 pm",1942.68,0.944299
"Jan 27, 01:00 pm",1942.79,0.944299
"Jan 27, 02:00 pm",1942.8,0.944299
"Jan 27, 03:00 pm",1942.79,0.944299
"Jan 27, 04:00 pm",1943.31,0.944299
"Jan 27, 05:00 pm",1942.66,0.944299
"Jan 27, 06:00 pm",1650.42,0.80203
"Jan 27, 07:00 pm",11.231,0.157383
"Jan 27, 08:00 pm",0,0.157383
"Jan 27, 09:00 pm",0,0.157383
"Jan 27, 10:00 pm",0,0.157383
"Jan 27, 11:00 pm",0,0.157383
"Jan 28, 12:00 am",0,0.157383
"Jan 28, 01:00 am",0,0.157383
"Jan 28, 02:00 am",0,0.157383
"Jan 28, 03:00 am",0,0.157383
"Jan 28, 04:00 am",0,0.157383
"Jan 28, 05:00 am",0,0.157383
"Jan 28, 06:00 am",0,0.157383
"Jan 28, 07:00 am",0,0.157383
"Jan 28, 08:00 am",1293.43,0.888065
"Jan 28, 09:00 am",1944.73,0.944299
"Jan 28, 10:00 am",1944.31,0.944299
"Jan 28, 11:00 am",1942.69,0.944299
"Jan 28, 12:00 pm",1942.68,0.944299
"Jan 28, 01:00 pm",191.657,0.157383
"Jan 28, 02:00 pm",141.213,0.157383
"Jan 28, 03:00 pm",31.6546,0.157383
"Jan 28, 04:00 pm",1941.96,0.944299
"Jan 28, 05:00 pm",14.3609,0.157383
"Jan 28, 06:00 pm",1340.51,0.767792
"Jan 28, 07:00 pm",11.0271,0.157383
"Jan 28, 08:00 pm",0,0.157383
"Jan 28, 09:00 pm",0,0.157383
"Jan 28, 10:00 pm",0,0.157383
"Jan 28, 11:00 pm",0,0.157383
"Jan 29, 12:00 am",0,0.157383
"Jan 29, 01:00 am",0,0.157383
"Jan 29, 02:00 am",0,0.157383
"Jan 29, 03:00 am",0,0.157383
"Jan 29, 04:00 am",0,0.157383
"Jan 29, 05:00 am",0,0.157383
"Jan 29, 06:00 am",0,0.157383
"Jan 29, 07:00 am",0,0.157383
"Jan 29, 08:00 am",1305.61,0.681983
"Jan 29, 09:00 am",1944.76,0.944299
"Jan 29, 10:00 am",1944.32,0.944299
"Jan 29, 11:00 am",1942.71,0.944299
"Jan 29, 12:00 pm",1942.68,0.944299
"Jan 29, 01:00 pm",1942.82,0.944299
"Jan 29, 02:00 pm",1942.82,0.944299
"Jan 29, 03:00 pm",1942.82,0.944299
"Jan 29, 04:00 pm",1943.47,0.944299
"Jan 29, 05:00 pm",1942.63,0.944299
"Jan 29, 06:00 pm",1623.81,0.789025
"Jan 29, 07:00 pm",11.1713,0.157383
"Jan 29, 08:00 pm",0,0.157383
"Jan 29, 09:00 pm",0,0.157383
"Jan 29, 10:00 pm",0,0.157383
"Jan 29, 11:00 pm",0,0.157383
"Jan 30, 12:00 am",0,0.157383
"Jan 30, 01:00 am",0,0.157383
"Jan 30, 02:00 am",0,0.157383
"Jan 30, 03:00 am",0,0.157383
"Jan 30, 04:00 am",0,0.157383
"Jan 30, 05:00 am",0,0.157383
"Jan 30, 06:00 am",0,0.157383
"Jan 30, 07:00 am",0,0.157383
"Jan 30, 08:00 am",1281.08,0.88226
"Jan 30, 09:00 am",1942.31,0.944299
"Jan 30, 10:00 am",1944.17,0.944299
"Jan 30, 11:00 am",1942.75,0.944299
"Jan 30, 12:00 pm",1942.72,0.944299
"Jan 30, 01:00 pm",1942.85,0.944299
"Jan 30, 02:00 pm",1942.85,0.944299
"Jan 30, 03:00 pm",1942.68,0.944299
"Jan 30, 04:00 pm",1943.4,0.944299
"Jan 30, 05:00 pm",1942.66,0.944299
"Jan 30, 06:00 pm",1598.45,0.776617
"Jan 30, 07:00 pm",11.2633,0.157383
"Jan 30, 08:00 pm",0,0.157383
"Jan 30, 09:00 pm",0,0.157383
"Jan 30, 10:00 pm",0,0.157383
"Jan 30, 11:00 pm",0,0.157383
"Jan 31, 12:00 am",0,0.157383
"Jan 31, 01:00 am",0,0.157383
"Jan 31, 02:00 am",0,0.157383
"Jan 31, 03:00 am",0,0.157383
"Jan 31, 04:00 am",0,0.157383
"Jan 31, 05:00 am",0,0.157383
"Jan 31, 06:00 am",0,0.157383
"Jan 31, 07:00 am",0,0.157383
"Jan 31, 08:00 am",1258.31,0.867457
"Jan 31, 09:00 am",1943.15,0.944299
"Jan 31, 10:00 am",1943.87,0.944299
"Jan 31, 11:00 am",1942.68,0.944299
"Jan 31, 12:00 pm",1942.7,0.944299
"Jan 31, 01:00 pm",1942.81,0.944299
"Jan 31, 02:00 pm",1942.81,0.944299
"Jan 31, 03:00 pm",1942.66,0.944299
"Jan 31, 04:00 pm",1943.33,0.944299
"Jan 31, 05:00 pm",1942.68,0.944299
"Jan 31, 06:00 pm",1563.17,0.759354
"Jan 31, 07:00 pm",11.3377,0.157383
"Jan 31, 08:00 pm",0,0.157383
"Jan 31, 09:00 pm",0,0.157383
"Jan 31, 10:00 pm",0,0.157383
"Jan 31, 11:00 pm",0,0.157383
"Feb 1, 12:00 am",0,0.157383
"Feb 1, 01:00 am",0,0.157383
"Feb 1, 02:00 am",0,0.157383
"Feb 1, 03:00 am",0,0.157383
"Feb 1, 04:00 am",0,0.157383
"Feb 1, 05:00 am",0,0.157383
"Feb 1, 06:00 am",0,0.157383
"Feb 1, 07:00 am",0,0.157383
"Feb 1, 08:00 am",0,0.157383
"Feb 1, 09:00 am",1343.8,0.681983
"Feb 1, 10:00 am",1943.87,0.944299
"Feb 1, 11:00 am",1942.69,0.944299
"Feb 1, 12:00 pm",1942.7,0.944299
"Feb 1, 01:00 pm",1942.82,0.944299
"Feb 1, 02:00 pm",1942.82,0.944299
"Feb 1, 03:00 pm",16.9476,0.157383
"Feb 1, 04:00 pm",1938.07,0.944299
"Feb 1, 05:00 pm",1942.67,0.944299
"Feb 1, 06:00 pm",1554.35,0.755017
"Feb 1, 07:00 pm",11.413,0.157383
"Feb 1, 08:00 pm",0,0.157383
"Feb 1, 09:00 pm",0,0.157383
"Feb 1, 10:00 pm",0,0.157383
"Feb 1, 11:00 pm",0,0.157383
"Feb 2, 12:00 am",0,0.157383
"Feb 2, 01:00 am",0,0.157383
"Feb 2, 02:00 am",0,0.157383
"Feb 2, 03:00 am",0,0.157383
"Feb 2, 04:00 am",0,0.157383
"Feb 2, 05:00 am",0,0.157383
"Feb 2, 06:00 am",0,0.157383
"Feb 2, 07:00 am",0,0.157383
"Feb 2, 08:00 am",1318.08,0.681983
"Feb 2, 09:00 am",1942.84,0.944299
"Feb 2, 10:00 am",1944.15,0.944299
"Feb 2, 11:00 am",1942.77,0.944299
"Feb 2, 12:00 pm",1942.75,0.944299
"Feb 2, 01:00 pm",1942.88,0.944299
"Feb 2, 02:00 pm",1942.87,0.944299
"Feb 2, 03:00 pm",1942.71,0.944299
"Feb 2, 04:00 pm",1943.69,0.944299
"Feb 2, 05:00 pm",1942.65,0.944299
"Feb 2, 06:00 pm",1540.42,0.748168
"Feb 2, 07:00 pm",11.4254,0.157383
"Feb 2, 08:00 pm",0,0.157383
"Feb 2, 09:00 pm",0,0.157383
"Feb 2, 10:00 pm",0,0.157383
"Feb 2, 11:00 pm",0,0.157383
"Feb 3, 12:00 am",0,0.157383
"Feb 3, 01:00 am",0,0.157383
"Feb 3, 02:00 am",0,0.157383
"Feb 3, 03:00 am",0,0.157383
"Feb 3, 04:00 am",0,0.157383
"Feb 3, 05:00 am",0,0.157383
"Feb 3, 06:00 am",0,0.157383
"Feb 3, 07:00 am",0,0.157383
"Feb 3, 08:00 am",1880.87,0.908618
"Feb 3, 09:00 am",1943.02,0.944299
"Feb 3, 10:00 am",1944.15,0.944299
"Feb 3, 11:00 am",1942.76,0.944299
"Feb 3, 12:00 pm",1942.74,0.944299
"Feb 3, 01:00 pm",1942.86,0.944299
"Feb 3, 02:00 pm",1942.86,0.944299
"Feb 3, 03:00 pm",1942.69,0.944299
"Feb 3, 04:00 pm",1943.57,0.944299
"Feb 3, 05:00 pm",1942.65,0.944299
"Feb 3, 06:00 pm",1515.45,0.736705
"Feb 3, 07:00 pm",11.1946,0.157383
"Feb 3, 08:00 pm",0,0.157383
"Feb 3, 09:00 pm",0,0.157383
"Feb 3, 10:00 pm",0,0.157383
"Feb 3, 11:00 pm",0,0.157383
"Feb 4, 12:00 am",0,0.157383
"Feb 4, 01:00 am",0,0.157383
"Feb 4, 02:00 am",0,0.157383
"Feb 4, 03:00 am",0,0.157383
"Feb 4, 04:00 am",0,0.157383
"Feb 4, 05:00 am",0,0.157383
"Feb 4, 06:00 am",0,0.157383
"Feb 4, 07:00 am",0,0.157383
"Feb 4, 08:00 am",1879.6,0.908513
"Feb 4, 09:00 am",1941.4,0.944299
"Feb 4, 10:00 am",1944.19,0.944299
"Feb 4, 11:00 am",1942.76,0.944299
"Feb 4, 12:00 pm",1942.72,0.944299
"Feb 4, 01:00 pm",1942.85,0.944299
"Feb 4, 02:00 pm",1942.86,0.944299
"Feb 4, 03:00 pm",1942.85,0.944299
"Feb 4, 04:00 pm",1943.49,0.944299
"Feb 4, 05:00 pm",1942.67,0.944299
"Feb 4, 06:00 pm",1474.57,0.716802
"Feb 4, 07:00 pm",11.2115,0.157383
"Feb 4, 08:00 pm",0,0.157383
"Feb 4, 09:00 pm",0,0.157383
"Feb 4, 10:00 pm",0,0.157383
"Feb 4, 11:00 pm",0,0.157383
"Feb 5, 12:00 am",0,0.157383
"Feb 5, 01:00 am",0,0.157383
"Feb 5, 02:00 am",0,0.157383
"Feb 5, 03:00 am",0,0.157383
"Feb 5, 04:00 am",0,0.157383
"Feb 5, 05:00 am",0,0.157383
"Feb 5, 06:00 am",0,0.157383
"Feb 5, 07:00 am",0,0.157383
"Feb 5, 08:00 am",1865.01,0.902474
"Feb 5, 09:00 am",1942.84,0.944299
"Feb 5, 10:00 am",1944.09,0.944299
"Feb 5, 11:00 am",1942.72,0.944299
"Feb 5, 12:00 pm",1942.72,0.944299
"Feb 5, 01:00 pm",1942.84,0.944299
"Feb 5, 02:00 pm",1942.84,0.944299
"Feb 5, 03:00 pm",1942.84,0.944299
"Feb 5, 04:00 pm",1943.4,0.944299
"Feb 5, 05:00 pm",1942.68,0.944299
"Feb 5, 06:00 pm",1439.77,0.699856
"Feb 5, 07:00 pm",11.2023,0.157383
"Feb 5, 08:00 pm",0,0.157383
"Feb 5, 09:00 pm",0,0.157383
"Feb 5, 10:00 pm",0,0.157383
"Feb 5, 11:00 pm",0,0.157383
"Feb 6, 12:00 am",0,0.157383
"Feb 6, 01:00 am",0,0.157383
"Feb 6, 02:00 am",0,0.157383
"Feb 6, 03:00 am",0,0.157383
"Feb 6, 04:00 am",0,0.157383
"Feb 6, 05:00 am",0,0.157383
"Feb 6, 06:00 am",0,0.157383
"Feb 6, 07:00 am",0,0.157383
"Feb 6, 08:00 am",1798.13,0.874652
"Feb 6, 09:00 am",1943.94,0.944299
"Feb 6, 10:00 am",1943.94,0.944299
"Feb 6, 11:00 am",1942.71,0.944299
"Feb 6, 12:00 pm",1942.72,0.944299
"Feb 6, 01:00 pm",1942.85,0.944299
"Feb 6, 02:00 pm",1942.85,0.944299
"Feb 6, 03:00 pm",1942.69,0.944299
"Feb 6, 04:00 pm",1943.5,0.944299
"Feb 6, 05:00 pm",1942.67,0.944299
"Feb 6, 06:00 pm",1420.35,0.6904
"Feb 6, 07:00 pm",11.1,0.157383
"Feb 6, 08:00 pm",0,0.157383
"Feb 6, 09:00 pm",0,0.157383
"Feb 6, 10:00 pm",0,0.157383
"Feb 6, 11:00 pm",0,0.157383
"Feb 7, 12:00 am",0,0.157383
"Feb 7, 01:00 am",0,0.157383
"Feb 7, 02:00 am",0,0.157383
"Feb 7, 03:00 am",0,0.157383
"Feb 7, 04:00 am",0,0.157383
"Feb 7, 05:00 am",0,0.157383
"Feb 7, 06:00 am",0,0.157383
"Feb 7, 07:00 am",0,0.157383
"Feb 7, 08:00 am",1777.54,0.864629
"Feb 7, 09:00 am",1944.15,0.944299
"Feb 7, 10:00 am",1943.9,0.944299
"Feb 7, 11:00 am",1942.69,0.944299
"Feb 7, 12:00 pm",1942.7,0.944299
"Feb 7, 01:00 pm",1942.82,0.944299
"Feb 7, 02:00 pm",1942.82,0.944299
"Feb 7, 03:00 pm",1942.66,0.944299
"Feb 7, 04:00 pm",1943.32,0.944299
"Feb 7, 05:00 pm",1942.69,0.944299
"Feb 7, 06:00 pm",1376.95,0.669265
"Feb 7, 07:00 pm",11.1308,0.157383
"Feb 7, 08:00 pm",0,0.157383
"Feb 7, 09:00 pm",0,0.157383
"Feb 7, 10:00 pm",0,0.157383
"Feb 7, 11:00 pm",0,0.157383
"Feb 8, 12:00 am",0,0.157383
"Feb 8, 01:00 am",0,0.157383
"Feb 8, 02:00 am",0,0.157383
"Feb 8, 03:00 am",0,0.157383
"Feb 8, 04:00 am",0,0.157383
"Feb 8, 05:00 am",0,0.157383
"Feb 8, 06:00 am",0,0.157383
"Feb 8, 07:00 am",0,0.157383
"Feb 8, 08:00 am",1787.77,0.869609
"Feb 8, 09:00 am",1943.7,0.944299
"Feb 8, 10:00 am",1943.99,0.944299
"Feb 8, 11:00 am",1942.71,0.944299
"Feb 8, 12:00 pm",1942.73,0.944299
"Feb 8, 01:00 pm",1942.85,0.944299
"Feb 8, 02:00 pm",1942.85,0.944299
"Feb 8, 03:00 pm",1942.68,0.944299
"Feb 8, 04:00 pm",1943.35,0.944299
"Feb 8, 05:00 pm",1942.69,0.944299
"Feb 8, 06:00 pm",1343.44,0.652938
"Feb 8, 07:00 pm",11.1058,0.157383
"Feb 8, 08:00 pm",0,0.157383
"Feb 8, 09:00 pm",0,0.157383
"Feb 8, 10:00 pm",0,0.157383
"Feb 8, 11:00 pm",0,0.157383
"Feb 9, 12:00 am",0,0.157383
"Feb 9, 01:00 am",0,0.157383
"Feb 9, 02:00 am",0,0.157383
"Feb 9, 03:00 am",0,0.157383
"Feb 9, 04:00 am",0,0.157383
"Feb 9, 05:00 am",0,0.157383
"Feb 9, 06:00 am",0,0.157383
"Feb 9, 07:00 am",0,0.157383
"Feb 9, 08:00 am",1460.28,0.826634
"Feb 9, 09:00 am",1942.67,0.944299
"Feb 9, 10:00 am",1943.55,0.944299
"Feb 9, 11:00 am",1942.69,0.944299
"Feb 9, 12:00 pm",1942.71,0.944299
"Feb 9, 01:00 pm",1942.83,0.944299
"Feb 9, 02:00 pm",1942.82,0.944299
"Feb 9, 03:00 pm",1942.68,0.944299
"Feb 9, 04:00 pm",1943.32,0.944299
"Feb 9, 05:00 pm",1942.72,0.944299
"Feb 9, 06:00 pm",1305.76,0.63456
"Feb 9, 07:00 pm",11.213,0.157383
"Feb 9, 08:00 pm",0,0.157383
"Feb 9, 09:00 pm",0,0.157383
"Feb 9, 10:00 pm",0,0.157383
"Feb 9, 11:00 pm",0,0.157383
"Feb 10, 12:00 am",0,0.157383
"Feb 10, 01:00 am",0,0.157383
"Feb 10, 02:00 am",0,0.157383
"Feb 10, 03:00 am",0,0.157383
"Feb 10, 04:00 am",0,0.157383
"Feb 10, 05:00 am",0,0.157383
"Feb 10, 06:00 am",0,0.157383
"Feb 10, 07:00 am",0,0.157383
"Feb 10, 08:00 am",1420.82,0.807158
"Feb 10, 09:00 am",1942.47,0.944299
"Feb 10, 10:00 am",1943.35,0.944299
"Feb 10, 11:00 am",1942.67,0.944299
"Feb 10, 12:00 pm",1942.68,0.944299
"Feb 10, 01:00 pm",1942.8,0.944299
"Feb 10, 02:00 pm",1942.81,0.944299
"Feb 10, 03:00 pm",1942.8,0.944299
"Feb 10, 04:00 pm",1943.28,0.944299
"Feb 10, 05:00 pm",1942.72,0.944299
"Feb 10, 06:00 pm",1268.34,0.61633
"Feb 10, 07:00 pm",11.2047,0.157383
"Feb 10, 08:00 pm",0,0.157383
"Feb 10, 09:00 pm",0,0.157383
"Feb 10, 10:00 pm",0,0.157383
"Feb 10, 11:00 pm",0,0.157383
"Feb 11, 12:00 am",0,0.157383
"Feb 11, 01:00 am",0,0.157383
"Feb 11, 02:00 am",0,0.157383
"Feb 11, 03:00 am",0,0.157383
"Feb 11, 04:00 am",0,0.157383
"Feb 11, 05:00 am",0,0.157383
"Feb 11, 06:00 am",0,0.157383
"Feb 11, 07:00 am",0,0.157383
"Feb 11, 08:00 am",1385.16,0.787122
"Feb 11, 09:00 am",1942.46,0.944299
"Feb 11, 10:00 am",1943.18,0.944299
"Feb 11, 11:00 am",1944.59,0.944299
"Feb 11, 12:00 pm",1942.83,0.944299
"Feb 11, 01:00 pm",1942.63,0.944299
"Feb 11, 02:00 pm",1942.63,0.944299
"Feb 11, 03:00 pm",1944.35,0.944299
"Feb 11, 04:00 pm",1943.21,0.944299
"Feb 11, 05:00 pm",1942.71,0.944299
"Feb 11, 06:00 pm",1205.15,0.585579
"Feb 11, 07:00 pm",11.0834,0.157383
"Feb 11, 08:00 pm",0,0.157383
"Feb 11, 09:00 pm",0,0.157383
"Feb 11, 10:00 pm",0,0.157383
"Feb 11, 11:00 pm",0,0.157383
"Feb 12, 12:00 am",0,0.157383
"Feb 12, 01:00 am",0,0.157383
"Feb 12, 02:00 am",0,0.157383
"Feb 12, 03:00 am",0,0.157383
"Feb 12, 04:00 am",0,0.157383
"Feb 12, 05:00 am",0,0.157383
"Feb 12, 06:00 am",0,0.157383
"Feb 12, 07:00 am",0,0.157383
"Feb 12, 08:00 am",1325.97,0.754705
"Feb 12, 09:00 am",1942.46,0.944299
"Feb 12, 10:00 am",1943,0.944299
"Feb 12, 11:00 am",1944.02,0.944299
"Feb 12, 12:00 pm",1944.54,0.944299
"Feb 12, 01:00 pm",1942.84,0.944299
"Feb 12, 02:00 pm",1944.47,0.944299
"Feb 12, 03:00 pm",1944.11,0.944299
"Feb 12, 04:00 pm",1942.98,0.944299
"Feb 12, 05:00 pm",1942.71,0.944299
"Feb 12, 06:00 pm",1143.3,0.555458
"Feb 12, 07:00 pm",11.116,0.157383
"Feb 12, 08:00 pm",0,0.157383
"Feb 12, 09:00 pm",0,0.157383
"Feb 12, 10:00 pm",0,0.157383
"Feb 12, 11:00 pm",0,0.157383
"Feb 13, 12:00 am",0,0.157383
"Feb 13, 01:00 am",0,0.157383
"Feb 13, 02:00 am",0,0.157383
"Feb 13, 03:00 am",0,0.157383
"Feb 13, 04:00 am",0,0.157383
"Feb 13, 05:00 am",0,0.157383
"Feb 13, 06:00 am",0,0.157383
"Feb 13, 07:00 am",0,0.157383
"Feb 13, 08:00 am",1344.25,0.764369
"Feb 13, 09:00 am",1942.44,0.944299
"Feb 13, 10:00 am",1943.08,0.944299
"Feb 13, 11:00 am",1944.3,0.944299
"Feb 13, 12:00 pm",1944.86,0.944299
"Feb 13, 01:00 pm",1942.94,0.944299
"Feb 13, 02:00 pm",1944.6,0.944299
"Feb 13, 03:00 pm",1944.27,0.944299
"Feb 13, 04:00 pm",1943,0.944299
"Feb 13, 05:00 pm",1942.71,0.944299
"Feb 13, 06:00 pm",1105.99,0.537281
"Feb 13, 07:00 pm",11.192,0.157383
"Feb 13, 08:00 pm",0,0.157383
"Feb 13, 09:00 pm",0,0.157383
"Feb 13, 10:00 pm",0,0.157383
"Feb 13, 11:00 pm",0,0.157383
"Feb 14, 12:00 am",0,0.157383
"Feb 14, 01:00 am",0,0.157383
"Feb 14, 02:00 am",0,0.157383
"Feb 14, 03:00 am",0,0.157383
"Feb 14, 04:00 am",0,0.157383
"Feb 14, 05:00 am",0,0.157383
"Feb 14, 06:00 am",0,0.157383
"Feb 14, 07:00 am",0,0.157383
"Feb 14, 08:00 am",1325.44,0.754633
"Feb 14, 09:00 am",1942.44,0.944299
"Feb 14, 10:00 am",1943.1,0.944299
"Feb 14, 11:00 am",1944.3,0.944299
"Feb 14, 12:00 pm",1944.88,0.944299
"Feb 14, 01:00 pm",1942.96,0.944299
"Feb 14, 02:00 pm",1944.66,0.944299
"Feb 14, 03:00 pm",1944.32,0.944299
"Feb 14, 04:00 pm",1943.02,0.944299
"Feb 14, 05:00 pm",1942.72,0.944299
"Feb 14, 06:00 pm",1072.31,0.521355
"Feb 14, 07:00 pm",10.9274,0.157383
"Feb 14, 08:00 pm",0,0.157383
"Feb 14, 09:00 pm",0,0.157383
"Feb 14, 10:00 pm",0,0.157383
"Feb 14, 11:00 pm",0,0.157383
"Feb 15, 12:00 am",0,0.157383
"Feb 15, 01:00 am",0,0.157383
"Feb 15, 02:00 am",0,0.157383
"Feb 15, 03:00 am",0,0.157383
"Feb 15, 04:00 am",0,0.157383
"Feb 15, 05:00 am",0,0.157383
"Feb 15, 06:00 am",0,0.157383
"Feb 15, 07:00 am",0,0.157383
"Feb 15, 08:00 am",1292.71,0.735953
"Feb 15, 09:00 am",1942.42,0.944299
"Feb 15, 10:00 am",1942.96,0.944299
"Feb 15, 11:00 am",1943.89,0.944299
"Feb 15, 12:00 pm",1944.36,0.944299
"Feb 15, 01:00 pm",1942.76,0.944299
"Feb 15, 02:00 pm",1944.2,0.944299
"Feb 15, 03:00 pm",1943.68,0.944299
"Feb 15, 04:00 pm",1942.88,0.944299
"Feb 15, 05:00 pm",1942.69,0.944299
"Feb 15, 06:00 pm",1020.02,0.495911
"Feb 15, 07:00 pm",10.8263,0.157383
"Feb 15, 08:00 pm",0,0.157383
"Feb 15, 09:00 pm",0,0.157383
"Feb 15, 10:00 pm",0,0.157383
"Feb 15, 11:00 pm",0,0.157383
"Feb 16, 12:00 am",0,0.157383
"Feb 16, 01:00 am",0,0.157383
"Feb 16, 02:00 am",0,0.157383
"Feb 16, 03:00 am",0,0.157383
"Feb 16, 04:00 am",0,0.157383
"Feb 16, 05:00 am",0,0.157383
"Feb 16, 06:00 am",0,0.157383
"Feb 16, 07:00 am",0,0.157383
"Feb 16, 08:00 am",1249.69,0.711743
"Feb 16, 09:00 am",1942.63,0.944299
"Feb 16, 10:00 am",1942.85,0.944299
"Feb 16, 11:00 am",1943.46,0.944299
"Feb 16, 12:00 pm",1944,0.944299
"Feb 16, 01:00 pm",1944.74,0.944299
"Feb 16, 02:00 pm",1944.23,0.944299
"Feb 16, 03:00 pm",1943.47,0.944299
"Feb 16, 04:00 pm",1942.85,0.944299
"Feb 16, 05:00 pm",1942.7,0.944299
"Feb 16, 06:00 pm",978.537,0.47572
"Feb 16, 07:00 pm",10.8335,0.157383
"Feb 16, 08:00 pm",0,0.157383
"Feb 16, 09:00 pm",0,0.157383
"Feb 16, 10:00 pm",0,0.157383
"Feb 16, 11:00 pm",0,0.157383
"Feb 17, 12:00 am",0,0.157383
"Feb 17, 01:00 am",0,0.157383
"Feb 17, 02:00 am",0,0.157383
"Feb 17, 03:00 am",0,0.157383
"Feb 17, 04:00 am",0,0.157383
"Feb 17, 05:00 am",0,0.157383
"Feb 17, 06:00 am",0,0.157383
"Feb 17, 07:00 am",0,0.157383
"Feb 17, 08:00 am",1273.52,0.725596
"Feb 17, 09:00 am",1942.39,0.944299
"Feb 17, 10:00 am",1943,0.944299
"Feb 17, 11:00 am",1944.13,0.944299
"Feb 17, 12:00 pm",1944.56,0.944299
"Feb 17, 01:00 pm",1942.83,0.944299
"Feb 17, 02:00 pm",1944.33,0.944299
"Feb 17, 03:00 pm",1943.93,0.944299
"Feb 17, 04:00 pm",1942.92,0.944299
"Feb 17, 05:00 pm",1942.7,0.944299
"Feb 17, 06:00 pm",955.868,0.464692
"Feb 17, 07:00 pm",10.8136,0.157383
"Feb 17, 08:00 pm",0,0.157383
"Feb 17, 09:00 pm",0,0.157383
"Feb 17, 10:00 pm",0,0.157383
"Feb 17, 11:00 pm",0,0.157383
"Feb 18, 12:00 am",0,0.157383
"Feb 18, 01:00 am",0,0.157383
"Feb 18, 02:00 am",0,0.157383
"Feb 18, 03:00 am",0,0.157383
"Feb 18, 04:00 am",0,0.157383
"Feb 18, 05:00 am",0,0.157383
"Feb 18, 06:00 am",0,0.157383
"Feb 18, 07:00 am",0,0.157383
"Feb 18, 08:00 am",1272.46,0.725142
"Feb 18, 09:00 am",1942.4,0.944299
"Feb 18, 10:00 am",1943,0.944299
"Feb 18, 11:00 am",1944.03,0.944299
"Feb 18, 12:00 pm",1944.42,0.944299
"Feb 18, 01:00 pm",1942.77,0.944299
"Feb 18, 02:00 pm",1944.18,0.944299
"Feb 18, 03:00 pm",1943.66,0.944299
"Feb 18, 04:00 pm",1942.86,0.944299
"Feb 18, 05:00 pm",1942.68,0.944299
"Feb 18, 06:00 pm",916.28,0.445455
"Feb 18, 07:00 pm",10.7206,0.157383
"Feb 18, 08:00 pm",0,0.157383
"Feb 18, 09:00 pm",0,0.157383
"Feb 18, 10:00 pm",0,0.157383
"Feb 18, 11:00 pm",0,0.157383
"Feb 19, 12:00 am",0,0.157383
"Feb 19, 01:00 am",0,0.157383
"Feb 19, 02:00 am",0,0.157383
"Feb 19, 03:00 am",0,0.157383
"Feb 19, 04:00 am",0,0.157383
"Feb 19, 05:00 am",0,0.157383
"Feb 19, 06:00 am",0,0.157383
"Feb 19, 07:00 am",0,0.157383
"Feb 19, 08:00 am",1033.42,0.708691
"Feb 19, 09:00 am",1942.6,0.944299
"Feb 19, 10:00 am",1942.99,0.944299
"Feb 19, 11:00 am",1944.03,0.944299
"Feb 19, 12:00 pm",1944.44,0.944299
"Feb 19, 01:00 pm",1942.79,0.944299
"Feb 19, 02:00 pm",1944.24,0.944299
"Feb 19, 03:00 pm",1943.74,0.944299
"Feb 19, 04:00 pm",1942.89,0.944299
"Feb 19, 05:00 pm",1942.7,0.944299
"Feb 19, 06:00 pm",880.3,0.427957
"Feb 19, 07:00 pm",10.8788,0.157383
"Feb 19, 08:00 pm",0,0.157383
"Feb 19, 09:00 pm",0,0.157383
"Feb 19, 10:00 pm",0,0.157383
"Feb 19, 11:00 pm",0,0.157383
"Feb 20, 12:00 am",0,0.157383
"Feb 20, 01:00 am",0,0.157383
"Feb 20, 02:00 am",0,0.157383
"Feb 20, 03:00 am",0,0.157383
"Feb 20, 04:00 am",0,0.157383
"Feb 20, 05:00 am",0,0.157383
"Feb 20, 06:00 am",0,0.157383
"Feb 20, 07:00 am",0,0.157383
"Feb 20, 08:00 am",989.178,0.687104
"Feb 20, 09:00 am",1942.38,0.944299
"Feb 20, 10:00 am",1942.91,0.944299
"Feb 20, 11:00 am",1943.68,0.944299
"Feb 20, 12:00 pm",1944.21,0.944299
"Feb 20, 01:00 pm",1942.69,0.944299
"Feb 20, 02:00 pm",1944.14,0.944299
"Feb 20, 03:00 pm",1943.67,0.944299
"Feb 20, 04:00 pm",1942.9,0.944299
"Feb 20, 05:00 pm",1942.7,0.944299
"Feb 20, 06:00 pm",849.982,0.413226
"Feb 20, 07:00 pm",10.8036,0.157383
"Feb 20, 08:00 pm",0,0.157383
"Feb 20, 09:00 pm",0,0.157383
"Feb 20, 10:00 pm",0,0.157383
"Feb 20, 11:00 pm",0,0.157383
"Feb 21, 12:00 am",0,0.157383
"Feb 21, 01:00 am",0,0.157383
"Feb 21, 02:00 am",0,0.157383
"Feb 21, 03:00 am",0,0.157383
"Feb 21, 04:00 am",0,0.157383
"Feb 21, 05:00 am",0,0.157383
"Feb 21, 06:00 am",0,0.157383
"Feb 21, 07:00 am",0,0.157383
"Feb 21, 08:00 am",1003.36,0.696698
"Feb 21, 09:00 am",1942.39,0.944299
"Feb 21, 10:00 am",1943.04,0.944299
"Feb 21, 11:00 am",1944.21,0.944299
"Feb 21, 12:00 pm",1944.71,0.944299
"Feb 21, 01:00 pm",1942.89,0.944299
"Feb 21, 02:00 pm",1944.53,0.944299
"Feb 21, 03:00 pm",1944.26,0.944299
"Feb 21, 04:00 pm",1943.02,0.944299
"Feb 21, 05:00 pm",1942.72,0.944299
"Feb 21, 06:00 pm",833.372,0.40515
"Feb 21, 07:00 pm",10.8666,0.157383
"Feb 21, 08:00 pm",0,0.157383
"Feb 21, 09:00 pm",0,0.157383
"Feb 21, 10:00 pm",0,0.157383
"Feb 21, 11:00 pm",0,0.157383
"Feb 22, 12:00 am",0,0.157383
"Feb 22, 01:00 am",0,0.157383
"Feb 22, 02:00 am",0,0.157383
"Feb 22, 03:00 am",0,0.157383
"Feb 22, 04:00 am",0,0.157383
"Feb 22, 05:00 am",0,0.157383
"Feb 22, 06:00 am",0,0.157383
"Feb 22, 07:00 am",0,0.157383
"Feb 22, 08:00 am",1011.4,0.701856
"Feb 22, 09:00 am",1942.4,0.944299
"Feb 22, 10:00 am",1943.06,0.944299
"Feb 22, 11:00 am",1944.15,0.944299
"Feb 22, 12:00 pm",1944.55,0.944299
"Feb 22, 01:00 pm",1942.82,0.944299
"Feb 22, 02:00 pm",1944.3,0.944299
"Feb 22, 03:00 pm",1943.78,0.944299
"Feb 22, 04:00 pm",1942.9,0.944299
"Feb 22, 05:00 pm",1942.7,0.944299
"Feb 22, 06:00 pm",784.872,0.381582
"Feb 22, 07:00 pm",10.871,0.157383
"Feb 22, 08:00 pm",0,0.157383
"Feb 22, 09:00 pm",0,0.157383
"Feb 22, 10:00 pm",0,0.157383
"Feb 22, 11:00 pm",0,0.157383
"Feb 23, 12:00 am",0,0.157383
"Feb 23, 01:00 am",0,0.157383
"Feb 23, 02:00 am",0,0.157383
"Feb 23, 03:00 am",0,0.157383
"Feb 23, 04:00 am",0,0.157383
"Feb 23, 05:00 am",0,0.157383
"Feb 23, 06:00 am",0,0.157383
"Feb 23, 07:00 am",0,0.157383
"Feb 23, 08:00 am",963.703,0.669495
"Feb 23, 09:00 am",13.6677,0.157383
"Feb 23, 10:00 am",0,0.157383
"Feb 23, 11:00 am",0,0.157383
"Feb 23, 12:00 pm",0,0.157383
"Feb 23, 01:00 pm",0,0.157383
"Feb 23, 02:00 pm",23.3784,0.157383
"Feb 23, 03:00 pm",14.1993,0.157383
"Feb 23, 04:00 pm",0,0.157383
"Feb 23, 05:00 pm",0,0.157383
"Feb 23, 06:00 pm",0,0.157383
"Feb 23, 07:00 pm",0,0.157383
"Feb 23, 08:00 pm",0,0.157383
"Feb 23, 09:00 pm",0,0.157383
"Feb 23, 10:00 pm",0,0.157383
"Feb 23, 11:00 pm",0,0.157383
"Feb 24, 12:00 am",0,0.157383
"Feb 24, 01:00 am",0,0.157383
"Feb 24, 02:00 am",0,0.157383
"Feb 24, 03:00 am",0,0.157383
"Feb 24, 04:00 am",0,0.157383
"Feb 24, 05:00 am",0,0.157383
"Feb 24, 06:00 am",0,0.157383
"Feb 24, 07:00 am",0,0.157383
"Feb 24, 08:00 am",925.998,0.645779
"Feb 24, 09:00 am",1942.36,0.944299
"Feb 24, 10:00 am",1942.77,0.944299
"Feb 24, 11:00 am",1943.29,0.944299
"Feb 24, 12:00 pm",20.2551,0.157383
"Feb 24, 01:00 pm",18.3458,0.157383
"Feb 24, 02:00 pm",16.6148,0.157383
"Feb 24, 03:00 pm",12.892,0.157383
"Feb 24, 04:00 pm",0,0.157383
"Feb 24, 05:00 pm",0,0.157383
"Feb 24, 06:00 pm",0,0.157383
"Feb 24, 07:00 pm",0,0.157383
"Feb 24, 08:00 pm",0,0.157383
"Feb 24, 09:00 pm",0,0.157383
"Feb 24, 10:00 pm",0,0.157383
"Feb 24, 11:00 pm",0,0.157383
"Feb 25, 12:00 am",0,0.157383
"Feb 25, 01:00 am",0,0.157383
"Feb 25, 02:00 am",0,0.157383
"Feb 25, 03:00 am",0,0.157383
"Feb 25, 04:00 am",0,0.157383
"Feb 25, 05:00 am",0,0.157383
"Feb 25, 06:00 am",0,0.157383
"Feb 25, 07:00 am",0,0.157383
"Feb 25, 08:00 am",0,0.157383
"Feb 25, 09:00 am",0,0.157383
"Feb 25, 10:00 am",0,0.157383
"Feb 25, 11:00 am",0,0.157383
"Feb 25, 12:00 pm",0,0.157383
"Feb 25, 01:00 pm",0,0.157383
"Feb 25, 02:00 pm",0,0.157383
"Feb 25, 03:00 pm",1618.89,0.944299
"Feb 25, 04:00 pm",1940.06,0.944299
"Feb 25, 05:00 pm",1942.57,0.944299
"Feb 25, 06:00 pm",649.971,0.316061
"Feb 25, 07:00 pm",10.7628,0.157383
"Feb 25, 08:00 pm",0,0.157383
"Feb 25, 09:00 pm",0,0.157383
"Feb 25, 10:00 pm",0,0.157383
"Feb 25, 11:00 pm",0,0.157383
"Feb 26, 12:00 am",0,0.157383
"Feb 26, 01:00 am",0,0.157383
"Feb 26, 02:00 am",0,0.157383
"Feb 26, 03:00 am",0,0.157383
"Feb 26, 04:00 am",0,0.157383
"Feb 26, 05:00 am",0,0.157383
"Feb 26, 06:00 am",0,0.157383
"Feb 26, 07:00 am",0,0.157383
"Feb 26, 08:00 am",796.297,0.459902
"Feb 26, 09:00 am",1942.69,0.944299
"Feb 26, 10:00 am",1942.84,0.944299
"Feb 26, 11:00 am",1943.45,0.944299
"Feb 26, 12:00 pm",1943.94,0.944299
"Feb 26, 01:00 pm",1944.48,0.944299
"Feb 26, 02:00 pm",1944.05,0.944299
"Feb 26, 03:00 pm",1943.43,0.944299
"Feb 26, 04:00 pm",1942.84,0.944299
"Feb 26, 05:00 pm",1942.67,0.944299
"Feb 26, 06:00 pm",629.83,0.306273
"Feb 26, 07:00 pm",10.9061,0.157383
"Feb 26, 08:00 pm",0,0.157383
"Feb 26, 09:00 pm",0,0.157383
"Feb 26, 10:00 pm",0,0.157383
"Feb 26, 11:00 pm",0,0.157383
"Feb 27, 12:00 am",0,0.157383
"Feb 27, 01:00 am",0,0.157383
"Feb 27, 02:00 am",0,0.157383
"Feb 27, 03:00 am",0,0.157383
"Feb 27, 04:00 am",0,0.157383
"Feb 27, 05:00 am",0,0.157383
"Feb 27, 06:00 am",0,0.157383
"Feb 27, 07:00 am",0,0.157383
"Feb 27, 08:00 am",812.298,0.466859
"Feb 27, 09:00 am",1942.62,0.944299
"Feb 27, 10:00 am",1942.9,0.944299
"Feb 27, 11:00 am",1943.49,0.944299
"Feb 27, 12:00 pm",1943.87,0.944299
"Feb 27, 01:00 pm",1944.31,0.944299
"Feb 27, 02:00 pm",1943.7,0.944299
"Feb 27, 03:00 pm",1943.28,0.944299
"Feb 27, 04:00 pm",15.1992,0.157383
"Feb 27, 05:00 pm",0,0.157383
"Feb 27, 06:00 pm",0,0.157383
"Feb 27, 07:00 pm",0,0.157383
"Feb 27, 08:00 pm",0,0.157383
"Feb 27, 09:00 pm",0,0.157383
"Feb 27, 10:00 pm",0,0.157383
"Feb 27, 11:00 pm",0,0.157383
"Feb 28, 12:00 am",0,0.157383
"Feb 28, 01:00 am",0,0.157383
"Feb 28, 02:00 am",0,0.157383
"Feb 28, 03:00 am",0,0.157383
"Feb 28, 04:00 am",0,0.157383
"Feb 28, 05:00 am",0,0.157383
"Feb 28, 06:00 am",0,0.157383
"Feb 28, 07:00 am",0,0.157383
"Feb 28, 08:00 am",0,0.157383
"Feb 28, 09:00 am",1327.4,0.681983
"Feb 28, 10:00 am",1943.05,0.944299
"Feb 28, 11:00 am",1943.21,0.944299
"Feb 28, 12:00 pm",1943.43,0.944299
"Feb 28, 01:00 pm",61.9831,0.157383
"Feb 28, 02:00 pm",14.1583,0.157383
"Feb 28, 03:00 pm",0,0.157383
"Feb 28, 04:00 pm",1667.14,0.944299
"Feb 28, 05:00 pm",1944.49,0.944299
"Feb 28, 06:00 pm",541.791,0.263591
"Feb 28, 07:00 pm",10.5182,0.157383
"Feb 28, 08:00 pm",0,0.157383
"Feb 28, 09:00 pm",0,0.157383
"Feb 28, 10:00 pm",0,0.157383
"Feb 28, 11:00 pm",0,0.157383
"Mar 1, 12:00 am",0,0.157383
"Mar 1, 01:00 am",0,0.157383
"Mar 1, 02:00 am",0,0.157383
"Mar 1, 03:00 am",0,0.157383
"Mar 1, 04:00 am",0,0.157383
"Mar 1, 05:00 am",0,0.157383
"Mar 1, 06:00 am",0,0.157383
"Mar 1, 07:00 am",0,0.157383
"Mar 1, 08:00 am",733.35,0.430603
"Mar 1, 09:00 am",1942.38,0.944299
"Mar 1, 10:00 am",1942.72,0.944299
"Mar 1, 11:00 am",1943.26,0.944299
"Mar 1, 12:00 pm",1943.57,0.944299
"Mar 1, 01:00 pm",1944.19,0.944299
"Mar 1, 02:00 pm",1943.73,0.944299
"Mar 1, 03:00 pm",1943.35,0.944299
"Mar 1, 04:00 pm",1942.79,0.944299
"Mar 1, 05:00 pm",1944.61,0.944299
"Mar 1, 06:00 pm",516.973,0.25148
"Mar 1, 07:00 pm",10.7735,0.157383
"Mar 1, 08:00 pm",0,0.157383
"Mar 1, 09:00 pm",0,0.157383
"Mar 1, 10:00 pm",0,0.157383
"Mar 1, 11:00 pm",0,0.157383
"Mar 2, 12:00 am",0,0.157383
"Mar 2, 01:00 am",0,0.157383
"Mar 2, 02:00 am",0,0.157383
"Mar 2, 03:00 am",0,0.157383
"Mar 2, 04:00 am",0,0.157383
"Mar 2, 05:00 am",0,0.157383
"Mar 2, 06:00 am",0,0.157383
"Mar 2, 07:00 am",0,0.157383
"Mar 2, 08:00 am",718.897,0.423948
"Mar 2, 09:00 am",1942.28,0.944299
"Mar 2, 10:00 am",1942.69,0.944299
"Mar 2, 11:00 am",1943.16,0.944299
"Mar 2, 12:00 pm",1943.32,0.944299
"Mar 2, 01:00 pm",1943.7,0.944299
"Mar 2, 02:00 pm",1943.33,0.944299
"Mar 2, 03:00 pm",1943.15,0.944299
"Mar 2, 04:00 pm",1940.88,0.944299
"Mar 2, 05:00 pm",1943.8,0.944299
"Mar 2, 06:00 pm",475.307,0.231293
"Mar 2, 07:00 pm",10.7796,0.157383
"Mar 2, 08:00 pm",0,0.157383
"Mar 2, 09:00 pm",0,0.157383
"Mar 2, 10:00 pm",0,0.157383
"Mar 2, 11:00 pm",0,0.157383
"Mar 3, 12:00 am",0,0.157383
"Mar 3, 01:00 am",0,0.157383
"Mar 3, 02:00 am",0,0.157383
"Mar 3, 03:00 am",0,0.157383
"Mar 3, 04:00 am",0,0.157383
"Mar 3, 05:00 am",0,0.157383
"Mar 3, 06:00 am",0,0.157383
"Mar 3, 07:00 am",0,0.157383
"Mar 3, 08:00 am",684.609,0.4083
"Mar 3, 09:00 am",1942.22,0.944299
"Mar 3, 10:00 am",1940.36,0.944299
"Mar 3, 11:00 am",1943.07,0.944299
"Mar 3, 12:00 pm",1943.24,0.944299
"Mar 3, 01:00 pm",1943.44,0.944299
"Mar 3, 02:00 pm",1943.25,0.944299
"Mar 3, 03:00 pm",1943.24,0.944299
"Mar 3, 04:00 pm",1941.36,0.944299
"Mar 3, 05:00 pm",1943.64,0.944299
"Mar 3, 06:00 pm",437.761,0.213111
"Mar 3, 07:00 pm",10.6621,0.157383
"Mar 3, 08:00 pm",0,0.157383
"Mar 3, 09:00 pm",0,0.157383
"Mar 3, 10:00 pm",0,0.157383
"Mar 3, 11:00 pm",0,0.157383
"Mar 4, 12:00 am",0,0.157383
"Mar 4, 01:00 am",0,0.157383
"Mar 4, 02:00 am",0,0.157383
"Mar 4, 03:00 am",0,0.157383
"Mar 4, 04:00 am",0,0.157383
"Mar 4, 05:00 am",0,0.157383
"Mar 4, 06:00 am",0,0.157383
"Mar 4, 07:00 am",0,0.157383
"Mar 4, 08:00 am",0,0.157383
"Mar 4, 09:00 am",1325.58,0.681983
"Mar 4, 10:00 am",1940.5,0.944299
"Mar 4, 11:00 am",1943.05,0.944299
"Mar 4, 12:00 pm",1943.21,0.944299
"Mar 4, 01:00 pm",1943.37,0.944299
"Mar 4, 02:00 pm",15.4999,0.157383
"Mar 4, 03:00 pm",1677.87,0.944299
"Mar 4, 04:00 pm",14.8986,0.157383
"Mar 4, 05:00 pm",1630.69,0.936758
"Mar 4, 06:00 pm",401.82,0.195624
"Mar 4, 07:00 pm",10.6186,0.157383
"Mar 4, 08:00 pm",0,0.157383
"Mar 4, 09:00 pm",0,0.157383
"Mar 4, 10:00 pm",0,0.157383
"Mar 4, 11:00 pm",0,0.157383
"Mar 5, 12:00 am",0,0.157383
"Mar 5, 01:00 am",0,0.157383
"Mar 5, 02:00 am",0,0.157383
"Mar 5, 03:00 am",0,0.157383
"Mar 5, 04:00 am",0,0.157383
"Mar 5, 05:00 am",0,0.157383
"Mar 5, 06:00 am",0,0.157383
"Mar 5, 07:00 am",0,0.157383
"Mar 5, 08:00 am",0,0.157383
"Mar 5, 09:00 am",0,0.157383
"Mar 5, 10:00 am",1346.21,0.681983
"Mar 5, 11:00 am",1942.88,0.944299
"Mar 5, 12:00 pm",15.0798,0.157383
"Mar 5, 01:00 pm",1679.37,0.944299
"Mar 5, 02:00 pm",1943.17,0.944299
"Mar 5, 03:00 pm",1943,0.944299
"Mar 5, 04:00 pm",1942.99,0.944299
"Mar 5, 05:00 pm",1942.97,0.944299
"Mar 5, 06:00 pm",359.921,0.175376
"Mar 5, 07:00 pm",10.3351,0.157383
"Mar 5, 08:00 pm",0,0.157383
"Mar 5, 09:00 pm",0,0.157383
"Mar 5, 10:00 pm",0,0.157383
"Mar 5, 11:00 pm",0,0.157383
"Mar 6, 12:00 am",0,0.157383
"Mar 6, 01:00 am",0,0.157383
"Mar 6, 02:00 am",0,0.157383
"Mar 6, 03:00 am",0,0.157383
"Mar 6, 04:00 am",0,0.157383
"Mar 6, 05:00 am",0,0.157383
"Mar 6, 06:00 am",0,0.157383
"Mar 6, 07:00 am",0,0.157383
"Mar 6, 08:00 am",0,0.157383
"Mar 6, 09:00 am",0,0.157383
"Mar 6, 10:00 am",0,0.157383
"Mar 6, 11:00 am",1621.5,0.813135
"Mar 6, 12:00 pm",1943.05,0.944299
"Mar 6, 01:00 pm",1943.08,0.944299
"Mar 6, 02:00 pm",1943.08,0.944299
"Mar 6, 03:00 pm",1942.88,0.944299
"Mar 6, 04:00 pm",1942.87,0.944299
"Mar 6, 05:00 pm",1942.86,0.944299
"Mar 6, 06:00 pm",327.804,0.159786
"Mar 6, 07:00 pm",10.2678,0.157383
"Mar 6, 08:00 pm",0,0.157383
"Mar 6, 09:00 pm",0,0.157383
"Mar 6, 10:00 pm",0,0.157383
"Mar 6, 11:00 pm",0,0.157383
"Mar 7, 12:00 am",0,0.157383
"Mar 7, 01:00 am",0,0.157383
"Mar 7, 02:00 am",0,0.157383
"Mar 7, 03:00 am",0,0.157383
"Mar 7, 04:00 am",0,0.157383
"Mar 7, 05:00 am",0,0.157383
"Mar 7, 06:00 am",0,0.157383
"Mar 7, 07:00 am",0,0.157383
"Mar 7, 08:00 am",623.775,0.380021
"Mar 7, 09:00 am",1944.49,0.944299
"Mar 7, 10:00 am",1941.16,0.944299
"Mar 7, 11:00 am",1942.93,0.944299
"Mar 7, 12:00 pm",1943.05,0.944299
"Mar 7, 01:00 pm",1943.23,0.944299
"Mar 7, 02:00 pm",1943.24,0.944299
"Mar 7, 03:00 pm",1942.95,0.944299
"Mar 7, 04:00 pm",1940.98,0.944299
"Mar 7, 05:00 pm",1943.03,0.944299
"Mar 7, 06:00 pm",304.778,0.157383
"Mar 7, 07:00 pm",10.1789,0.157383
"Mar 7, 08:00 pm",0,0.157383
"Mar 7, 09:00 pm",0,0.157383
"Mar 7, 10:00 pm",0,0.157383
"Mar 7, 11:00 pm",0,0.157383
"Mar 8, 12:00 am",0,0.157383
"Mar 8, 01:00 am",0,0.157383
"Mar 8, 02:00 am",0,0.157383
"Mar 8, 03:00 am",0,0.157383
"Mar 8, 04:00 am",0,0.157383
"Mar 8, 05:00 am",0,0.157383
"Mar 8, 06:00 am",0,0.157383
"Mar 8, 07:00 am",0,0.157383
"Mar 8, 08:00 am",598.295,0.36803
"Mar 8, 09:00 am",1944.07,0.944299
"Mar 8, 10:00 am",1941.59,0.944299
"Mar 8, 11:00 am",1942.88,0.944299
"Mar 8, 12:00 pm",1942.9,0.944299
"Mar 8, 01:00 pm",1943.16,0.944299
"Mar 8, 02:00 pm",1943.17,0.944299
"Mar 8, 03:00 pm",1942.89,0.944299
"Mar 8, 04:00 pm",1943.68,0.944299
"Mar 8, 05:00 pm",1942.87,0.944299
"Mar 8, 06:00 pm",273.436,0.157383
"Mar 8, 07:00 pm",10.1709,0.157383
"Mar 8, 08:00 pm",0,0.157383
"Mar 8, 09:00 pm",0,0.157383
"Mar 8, 10:00 pm",0,0.157383
"Mar 8, 11:00 pm",0,0.157383
"Mar 9, 12:00 am",0,0.157383
"Mar 9, 01:00 am",0,0.157383
"Mar 9, 02:00 am",0,0.157383
"Mar 9, 03:00 am",0,0.157383
"Mar 9, 04:00 am",0,0.157383
"Mar 9, 05:00 am",0,0.157383
"Mar 9, 06:00 am",0,0.157383
"Mar 9, 07:00 am",0,0.157383
"Mar 9, 08:00 am",0,0.157383
"Mar 9, 09:00 am",1322.39,0.681983
"Mar 9, 10:00 am",1941.32,0.944299
"Mar 9, 11:00 am",1942.92,0.944299
"Mar 9, 12:00 pm",1942.94,0.944299
"Mar 9, 01:00 pm",1943.2,0.944299
"Mar 9, 02:00 pm",1943.21,0.944299
"Mar 9, 03:00 pm",1942.91,0.944299
"Mar 9, 04:00 pm",1943.55,0.944299
"Mar 9, 05:00 pm",1942.85,0.944299
"Mar 9, 06:00 pm",245.949,0.157383
"Mar 9, 07:00 pm",10.2029,0.157383
"Mar 9, 08:00 pm",0,0.157383
"Mar 9, 09:00 pm",0,0.157383
"Mar 9, 10:00 pm",0,0.157383
"Mar 9, 11:00 pm",0,0.157383
"Mar 10, 12:00 am",0,0.157383
"Mar 10, 01:00 am",0,0.157383
"Mar 10, 02:00 am",0,0.157383
"Mar 10, 03:00 am",0,0.157383
"Mar 10, 04:00 am",0,0.157383
"Mar 10, 05:00 am",0,0.157383
"Mar 10, 06:00 am",0,0.157383
"Mar 10, 07:00 am",0,0.157383
"Mar 10, 08:00 am",594.338,0.366181
"Mar 10, 09:00 am",1944.02,0.944299
"Mar 10, 10:00 am",1941.48,0.944299
"Mar 10, 11:00 am",1942.86,0.944299
"Mar 10, 12:00 pm",1942.88,0.944299
"Mar 10, 01:00 pm",1943.09,0.944299
"Mar 10, 02:00 pm",1943.08,0.944299
"Mar 10, 03:00 pm",1942.8,0.944299
"Mar 10, 04:00 pm",1944.74,0.944299
"Mar 10, 05:00 pm",1942.88,0.944299
"Mar 10, 06:00 pm",212.895,0.157383
"Mar 10, 07:00 pm",10.1323,0.157383
"Mar 10, 08:00 pm",0,0.157383
"Mar 10, 09:00 pm",0,0.157383
"Mar 10, 10:00 pm",0,0.157383
"Mar 10, 11:00 pm",0,0.157383
"Mar 11, 12:00 am",0,0.157383
"Mar 11, 01:00 am",0,0.157383
"Mar 11, 02:00 am",0,0.157383
"Mar 11, 03:00 am",0,0.157383
"Mar 11, 04:00 am",0,0.157383
"Mar 11, 05:00 am",0,0.157383
"Mar 11, 06:00 am",0,0.157383
"Mar 11, 07:00 am",0,0.157383
"Mar 11, 08:00 am",0,0.157383
"Mar 11, 09:00 am",0,0.157383
"Mar 11, 10:00 am",0,0.157383
"Mar 11, 11:00 am",1622.96,0.813135
"Mar 11, 12:00 pm",1943.24,0.944299
"Mar 11, 01:00 pm",1943,0.944299
"Mar 11, 02:00 pm",1942.99,0.944299
"Mar 11, 03:00 pm",15.7519,0.157383
"Mar 11, 04:00 pm",0,0.157383
"Mar 11, 05:00 pm",0,0.157383
"Mar 11, 06:00 pm",0,0.157383
"Mar 11, 07:00 pm",0,0.157383
"Mar 11, 08:00 pm",0,0.157383
"Mar 11, 09:00 pm",0,0.157383
"Mar 11, 10:00 pm",0,0.157383
"Mar 11, 11:00 pm",0,0.157383
"Mar 12, 12:00 am",0,0.157383
"Mar 12, 01:00 am",0,0.157383
"Mar 12, 02:00 am",0,0.157383
"Mar 12, 03:00 am",0,0.157383
"Mar 12, 04:00 am",0,0.157383
"Mar 12, 05:00 am",0,0.157383
"Mar 12, 06:00 am",0,0.157383
"Mar 12, 07:00 am",0,0.157383
"Mar 12, 08:00 am",0,0.157383
"Mar 12, 09:00 am",0,0.157383
"Mar 12, 10:00 am",0,0.157383
"Mar 12, 11:00 am",1350.55,0.681983
"Mar 12, 12:00 pm",1942.9,0.944299
"Mar 12, 01:00 pm",1943.1,0.944299
"Mar 12, 02:00 pm",1943.1,0.944299
"Mar 12, 03:00 pm",1942.86,0.944299
"Mar 12, 04:00 pm",1943.83,0.944299
"Mar 12, 05:00 pm",1942.72,0.944299
"Mar 12, 06:00 pm",164.071,0.157383
"Mar 12, 07:00 pm",9.9477,0.157383
"Mar 12, 08:00 pm",0,0.157383
"Mar 12, 09:00 pm",0,0.157383
"Mar 12, 10:00 pm",0,0.157383
"Mar 12, 11:00 pm",0,0.157383
"Mar 13, 12:00 am",0,0.157383
"Mar 13, 01:00 am",0,0.157383
"Mar 13, 02:00 am",0,0.157383
"Mar 13, 03:00 am",0,0.157383
"Mar 13, 04:00 am",0,0.157383
"Mar 13, 05:00 am",0,0.157383
"Mar 13, 06:00 am",0,0.157383
"Mar 13, 07:00 am",0,0.157383
"Mar 13, 08:00 am",610.135,0.374492
"Mar 13, 09:00 am",1942.39,0.944299
"Mar 13, 10:00 am",1942.74,0.944299
"Mar 13, 11:00 am",1943.2,0.944299
"Mar 13, 12:00 pm",1943.22,0.944299
"Mar 13, 01:00 pm",1943.5,0.944299
"Mar 13, 02:00 pm",1943.23,0.944299
"Mar 13, 03:00 pm",1943.04,0.944299
"Mar 13, 04:00 pm",1942.09,0.944299
"Mar 13, 05:00 pm",1942.74,0.944299
"Mar 13, 06:00 pm",146.705,0.157383
"Mar 13, 07:00 pm",10.0036,0.157383
"Mar 13, 08:00 pm",0,0.157383
"Mar 13, 09:00 pm",0,0.157383
"Mar 13, 10:00 pm",0,0.157383
"Mar 13, 11:00 pm",0,0.157383
"Mar 14, 12:00 am",0,0.157383
"Mar 14, 01:00 am",0,0.157383
"Mar 14, 02:00 am",0,0.157383
"Mar 14, 03:00 am",0,0.157383
"Mar 14, 04:00 am",0,0.157383
"Mar 14, 05:00 am",0,0.157383
"Mar 14, 06:00 am",0,0.157383
"Mar 14, 07:00 am",0,0.157383
"Mar 14, 08:00 am",0,0.157383
"Mar 14, 09:00 am",0,0.157383
"Mar 14, 10:00 am",0,0.157383
"Mar 14, 11:00 am",0,0.157383
"Mar 14, 12:00 pm",0,0.157383
"Mar 14, 01:00 pm",0,0.157383
"Mar 14, 02:00 pm",0,0.157383
"Mar 14, 03:00 pm",0,0.157383
"Mar 14, 04:00 pm",0,0.157383
"Mar 14, 05:00 pm",0,0.157383
"Mar 14, 06:00 pm",0,0.157383
"Mar 14, 07:00 pm",0,0.157383
"Mar 14, 08:00 pm",0,0.157383
"Mar 14, 09:00 pm",0,0.157383
"Mar 14, 10:00 pm",0,0.157383
"Mar 14, 11:00 pm",0,0.157383
"Mar 15, 12:00 am",0,0.157383
"Mar 15, 01:00 am",0,0.157383
"Mar 15, 02:00 am",0,0.157383
"Mar 15, 03:00 am",0,0.157383
"Mar 15, 04:00 am",0,0.157383
"Mar 15, 05:00 am",0,0.157383
"Mar 15, 06:00 am",0,0.157383
"Mar 15, 07:00 am",0,0.157383
"Mar 15, 08:00 am",0,0.157383
"Mar 15, 09:00 am",0,0.157383
"Mar 15, 10:00 am",0,0.157383
"Mar 15, 11:00 am",0,0.157383
"Mar 15, 12:00 pm",0,0.157383
"Mar 15, 01:00 pm",0,0.157383
"Mar 15, 02:00 pm",0,0.157383
"Mar 15, 03:00 pm",0,0.157383
"Mar 15, 04:00 pm",0,0.157383
"Mar 15, 05:00 pm",0,0.157383
"Mar 15, 06:00 pm",0,0.157383
"Mar 15, 07:00 pm",0,0.157383
"Mar 15, 08:00 pm",0,0.157383
"Mar 15, 09:00 pm",0,0.157383
"Mar 15, 10:00 pm",0,0.157383
"Mar 15, 11:00 pm",0,0.157383
"Mar 16, 12:00 am",0,0.157383
"Mar 16, 01:00 am",0,0.157383
"Mar 16, 02:00 am",0,0.157383
"Mar 16, 03:00 am",0,0.157383
"Mar 16, 04:00 am",0,0.157383
"Mar 16, 05:00 am",0,0.157383
"Mar 16, 06:00 am",0,0.157383
"Mar 16, 07:00 am",0,0.157383
"Mar 16, 08:00 am",0,0.262594
"Mar 16, 09:00 am",1948.56,0.944299
"Mar 16, 10:00 am",1942.23,0.944299
"Mar 16, 11:00 am",1942.75,0.944299
"Mar 16, 12:00 pm",1942.77,0.944299
"Mar 16, 01:00 pm",1942.9,0.944299
"Mar 16, 02:00 pm",1942.89,0.944299
"Mar 16, 03:00 pm",1940.37,0.944299
"Mar 16, 04:00 pm",1942.62,0.944299
"Mar 16, 05:00 pm",1920.79,0.933511
"Mar 16, 06:00 pm",68.9168,0.157383
"Mar 16, 07:00 pm",9.8993,0.157383
"Mar 16, 08:00 pm",0,0.157383
"Mar 16, 09:00 pm",0,0.157383
"Mar 16, 10:00 pm",0,0.157383
"Mar 16, 11:00 pm",0,0.157383
"Mar 17, 12:00 am",0,0.157383
"Mar 17, 01:00 am",0,0.157383
"Mar 17, 02:00 am",0,0.157383
"Mar 17, 03:00 am",0,0.157383
"Mar 17, 04:00 am",0,0.157383
"Mar 17, 05:00 am",0,0.157383
"Mar 17, 06:00 am",0,0.157383
"Mar 17, 07:00 am",0,0.157383
"Mar 17, 08:00 am",364.34,0.334818
"Mar 17, 09:00 am",1943.11,0.944299
"Mar 17, 10:00 am",1941.69,0.944299
"Mar 17, 11:00 am",1942.84,0.944299
"Mar 17, 12:00 pm",1942.86,0.944299
"Mar 17, 01:00 pm",1943.02,0.944299
"Mar 17, 02:00 pm",1943.03,0.944299
"Mar 17, 03:00 pm",1942.78,0.944299
"Mar 17, 04:00 pm",1942.63,0.944299
"Mar 17, 05:00 pm",1942.62,0.944299
"Mar 17, 06:00 pm",53.9723,0.157383
"Mar 17, 07:00 pm",10.0777,0.157383
"Mar 17, 08:00 pm",0,0.157383
"Mar 17, 09:00 pm",0,0.157383
"Mar 17, 10:00 pm",0,0.157383
"Mar 17, 11:00 pm",0,0.157383
"Mar 18, 12:00 am",0,0.157383
"Mar 18, 01:00 am",0,0.157383
"Mar 18, 02:00 am",0,0.157383
"Mar 18, 03:00 am",0,0.157383
"Mar 18, 04:00 am",0,0.157383
"Mar 18, 05:00 am",0,0.157383
"Mar 18, 06:00 am",0,0.157383
"Mar 18, 07:00 am",0,0.157383
"Mar 18, 08:00 am",373.531,0.340904
"Mar 18, 09:00 am",1943.44,0.944299
"Mar 18, 10:00 am",1941.14,0.944299
"Mar 18, 11:00 am",1942.93,0.944299
"Mar 18, 12:00 pm",1942.95,0.944299
"Mar 18, 01:00 pm",1943.08,0.944299
"Mar 18, 02:00 pm",1943.08,0.944299
"Mar 18, 03:00 pm",1942.81,0.944299
"Mar 18, 04:00 pm",1942.67,0.944299
"Mar 18, 05:00 pm",1919.67,0.932938
"Mar 18, 06:00 pm",37.5359,0.157383
"Mar 18, 07:00 pm",10.1085,0.157383
"Mar 18, 08:00 pm",0,0.157383
"Mar 18, 09:00 pm",0,0.157383
"Mar 18, 10:00 pm",0,0.157383
"Mar 18, 11:00 pm",0,0.157383
"Mar 19, 12:00 am",0,0.157383
"Mar 19, 01:00 am",0,0.157383
"Mar 19, 02:00 am",0,0.157383
"Mar 19, 03:00 am",0,0.157383
"Mar 19, 04:00 am",0,0.157383
"Mar 19, 05:00 am",0,0.157383
"Mar 19, 06:00 am",0,0.157383
"Mar 19, 07:00 am",0,0.157383
"Mar 19, 08:00 am",165.928,0.260353
"Mar 19, 09:00 am",1942.7,0.944299
"Mar 19, 10:00 am",1943.92,0.944299
"Mar 19, 11:00 am",1942.72,0.944299
"Mar 19, 12:00 pm",1942.74,0.944299
"Mar 19, 01:00 pm",1942.85,0.944299
"Mar 19, 02:00 pm",1942.85,0.944299
"Mar 19, 03:00 pm",1940.75,0.944299
"Mar 19, 04:00 pm",1942.65,0.944299
"Mar 19, 05:00 pm",1856.97,0.902724
"Mar 19, 06:00 pm",20.2809,0.157383
"Mar 19, 07:00 pm",9.92483,0.157383
"Mar 19, 08:00 pm",0,0.157383
"Mar 19, 09:00 pm",0,0.157383
"Mar 19, 10:00 pm",0,0.157383
"Mar 19, 11:00 pm",0,0.157383
"Mar 20, 12:00 am",0,0.157383
"Mar 20, 01:00 am",0,0.157383
"Mar 20, 02:00 am",0,0.157383
"Mar 20, 03:00 am",0,0.157383
"Mar 20, 04:00 am",0,0.157383
"Mar 20, 05:00 am",0,0.157383
"Mar 20, 06:00 am",0,0.157383
"Mar 20, 07:00 am",0,0.157383
"Mar 20, 08:00 am",160.797,0.257366
"Mar 20, 09:00 am",1942.57,0.944299
"Mar 20, 10:00 am",1944.22,0.944299
"Mar 20, 11:00 am",1940.32,0.944299
"Mar 20, 12:00 pm",1940.25,0.944299
"Mar 20, 01:00 pm",1942.78,0.944299
"Mar 20, 02:00 pm",1940.13,0.944299
"Mar 20, 03:00 pm",1941.32,0.944299
"Mar 20, 04:00 pm",1942.67,0.944299
"Mar 20, 05:00 pm",1814.14,0.88284
"Mar 20, 06:00 pm",17.4195,0.157383
"Mar 20, 07:00 pm",7.51374,0.157383
"Mar 20, 08:00 pm",0,0.157383
"Mar 20, 09:00 pm",0,0.157383
"Mar 20, 10:00 pm",0,0.157383
"Mar 20, 11:00 pm",0,0.157383
"Mar 21, 12:00 am",0,0.157383
"Mar 21, 01:00 am",0,0.157383
"Mar 21, 02:00 am",0,0.157383
"Mar 21, 03:00 am",0,0.157383
"Mar 21, 04:00 am",0,0.157383
"Mar 21, 05:00 am",0,0.157383
"Mar 21, 06:00 am",0,0.157383
"Mar 21, 07:00 am",0,0.157383
"Mar 21, 08:00 am",0,0.253178
"Mar 21, 09:00 am",1950.55,0.944299
"Mar 21, 10:00 am",1944.13,0.944299
"Mar 21, 11:00 am",1940.13,0.944299
"Mar 21, 12:00 pm",1940.11,0.944299
"Mar 21, 01:00 pm",1942.79,0.944299
"Mar 21, 02:00 pm",1942.79,0.944299
"Mar 21, 03:00 pm",1941.22,0.944299
"Mar 21, 04:00 pm",1942.66,0.944299
"Mar 21, 05:00 pm",1808.68,0.880357
"Mar 21, 06:00 pm",15.4775,0.157383
"Mar 21, 07:00 pm",0,0.157383
"Mar 21, 08:00 pm",0,0.157383
"Mar 21, 09:00 pm",0,0.157383
"Mar 21, 10:00 pm",0,0.157383
"Mar 21, 11:00 pm",0,0.157383
"Mar 22, 12:00 am",0,0.157383
"Mar 22, 01:00 am",0,0.157383
"Mar 22, 02:00 am",0,0.157383
"Mar 22, 03:00 am",0,0.157383
"Mar 22, 04:00 am",0,0.157383
"Mar 22, 05:00 am",0,0.157383
"Mar 22, 06:00 am",0,0.157383
"Mar 22, 07:00 am",0,0.157383
"Mar 22, 08:00 am",0,0.252493
"Mar 22, 09:00 am",1942.39,0.944299
"Mar 22, 10:00 am",1944.21,0.944299
"Mar 22, 11:00 am",1940.23,0.944299
"Mar 22, 12:00 pm",1940.28,0.944299
"Mar 22, 01:00 pm",1942.74,0.944299
"Mar 22, 02:00 pm",1940.51,0.944299
"Mar 22, 03:00 pm",1941.78,0.944299
"Mar 22, 04:00 pm",1942.66,0.944299
"Mar 22, 05:00 pm",1748.83,0.850056
"Mar 22, 06:00 pm",13.7072,0.157383
"Mar 22, 07:00 pm",0,0.157383
"Mar 22, 08:00 pm",0,0.157383
"Mar 22, 09:00 pm",0,0.157383
"Mar 22, 10:00 pm",0,0.157383
"Mar 22, 11:00 pm",0,0.157383
"Mar 23, 12:00 am",0,0.157383
"Mar 23, 01:00 am",0,0.157383
"Mar 23, 02:00 am",0,0.157383
"Mar 23, 03:00 am",0,0.157383
"Mar 23, 04:00 am",0,0.157383
"Mar 23, 05:00 am",0,0.157383
"Mar 23, 06:00 am",0,0.157383
"Mar 23, 07:00 am",0,0.157383
"Mar 23, 08:00 am",0,0.24853
"Mar 23, 09:00 am",1942.17,0.944299
"Mar 23, 10:00 am",1944.46,0.944299
"Mar 23, 11:00 am",1940.28,0.944299
"Mar 23, 12:00 pm",1940.11,0.944299
"Mar 23, 01:00 pm",1942.74,0.944299
"Mar 23, 02:00 pm",1940.18,0.944299
"Mar 23, 03:00 pm",1941.42,0.944299
"Mar 23, 04:00 pm",1942.65,0.944299
"Mar 23, 05:00 pm",1762.22,0.856584
"Mar 23, 06:00 pm",12.283,0.157383
"Mar 23, 07:00 pm",0,0.157383
"Mar 23, 08:00 pm",0,0.157383
"Mar 23, 09:00 pm",0,0.157383
"Mar 23, 10:00 pm",0,0.157383
"Mar 23, 11:00 pm",0,0.157383
"Mar 24, 12:00 am",0,0.157383
"Mar 24, 01:00 am",0,0.157383
"Mar 24, 02:00 am",0,0.157383
"Mar 24, 03:00 am",0,0.157383
"Mar 24, 04:00 am",0,0.157383
"Mar 24, 05:00 am",0,0.157383
"Mar 24, 06:00 am",0,0.157383
"Mar 24, 07:00 am",0,0.157383
"Mar 24, 08:00 am",0,0.248419
"Mar 24, 09:00 am",1942.16,0.944299
"Mar 24, 10:00 am",1942.57,0.944299
"Mar 24, 11:00 am",1940.86,0.944299
"Mar 24, 12:00 pm",1940.96,0.944299
"Mar 24, 01:00 pm",1940.1,0.944299
"Mar 24, 02:00 pm",1940.98,0.944299
"Mar 24, 03:00 pm",1942.09,0.944299
"Mar 24, 04:00 pm",1942.67,0.944299
"Mar 24, 05:00 pm",1710.95,0.831585
"Mar 24, 06:00 pm",11.1811,0.157383
"Mar 24, 07:00 pm",0,0.157383
"Mar 24, 08:00 pm",0,0.157383
"Mar 24, 09:00 pm",0,0.157383
"Mar 24, 10:00 pm",0,0.157383
"Mar 24, 11:00 pm",0,0.157383
"Mar 25, 12:00 am",0,0.157383
"Mar 25, 01:00 am",0,0.157383
"Mar 25, 02:00 am",0,0.157383
"Mar 25, 03:00 am",0,0.157383
"Mar 25, 04:00 am",0,0.157383
"Mar 25, 05:00 am",0,0.157383
"Mar 25, 06:00 am",0,0.157383
"Mar 25, 07:00 am",0,0.157383
"Mar 25, 08:00 am",0,0.246576
"Mar 25, 09:00 am",1941.99,0.944299
"Mar 25, 10:00 am",1942.54,0.944299
"Mar 25, 11:00 am",1940.85,0.944299
"Mar 25, 12:00 pm",1941.01,0.944299
"Mar 25, 01:00 pm",1940.12,0.944299
"Mar 25, 02:00 pm",1940.98,0.944299
"Mar 25, 03:00 pm",1944.73,0.944299
"Mar 25, 04:00 pm",14.0259,0.157383
"Mar 25, 05:00 pm",0,0.157383
"Mar 25, 06:00 pm",0,0.157383
"Mar 25, 07:00 pm",0,0.157383
"Mar 25, 08:00 pm",0,0.157383
"Mar 25, 09:00 pm",0,0.157383
"Mar 25, 10:00 pm",0,0.157383
"Mar 25, 11:00 pm",0,0.157383
"Mar 26, 12:00 am",0,0.157383
"Mar 26, 01:00 am",0,0.157383
"Mar 26, 02:00 am",0,0.157383
"Mar 26, 03:00 am",0,0.157383
"Mar 26, 04:00 am",0,0.157383
"Mar 26, 05:00 am",0,0.157383
"Mar 26, 06:00 am",0,0.157383
"Mar 26, 07:00 am",0,0.157383
"Mar 26, 08:00 am",0,0.247607
"Mar 26, 09:00 am",1942.04,0.944299
"Mar 26, 10:00 am",1944.67,0.944299
"Mar 26, 11:00 am",1940.83,0.944299
"Mar 26, 12:00 pm",1940.76,0.944299
"Mar 26, 01:00 pm",1942.68,0.944299
"Mar 26, 02:00 pm",1940.56,0.944299
"Mar 26, 03:00 pm",1941.67,0.944299
"Mar 26, 04:00 pm",1942.64,0.944299
"Mar 26, 05:00 pm",1624.82,0.789532
"Mar 26, 06:00 pm",10.9266,0.157383
"Mar 26, 07:00 pm",0,0.157383
"Mar 26, 08:00 pm",0,0.157383
"Mar 26, 09:00 pm",0,0.157383
"Mar 26, 10:00 pm",0,0.157383
"Mar 26, 11:00 pm",0,0.157383
"Mar 27, 12:00 am",0,0.157383
"Mar 27, 01:00 am",0,0.157383
"Mar 27, 02:00 am",0,0.157383
"Mar 27, 03:00 am",0,0.157383
"Mar 27, 04:00 am",0,0.157383
"Mar 27, 05:00 am",0,0.157383
"Mar 27, 06:00 am",0,0.157383
"Mar 27, 07:00 am",0,0.157383
"Mar 27, 08:00 am",0,0.243928
"Mar 27, 09:00 am",1941.86,0.944299
"Mar 27, 10:00 am",1942.56,0.944299
"Mar 27, 11:00 am",1941.22,0.944299
"Mar 27, 12:00 pm",1941.34,0.944299
"Mar 27, 01:00 pm",16.16,0.157383
"Mar 27, 02:00 pm",0,0.157383
"Mar 27, 03:00 pm",0,0.157383
"Mar 27, 04:00 pm",0,0.157383
"Mar 27, 05:00 pm",0,0.157383
"Mar 27, 06:00 pm",0,0.157383
"Mar 27, 07:00 pm",0,0.157383
"Mar 27, 08:00 pm",0,0.157383
"Mar 27, 09:00 pm",0,0.157383
"Mar 27, 10:00 pm",0,0.157383
"Mar 27, 11:00 pm",0,0.157383
"Mar 28, 12:00 am",0,0.157383
"Mar 28, 01:00 am",0,0.157383
"Mar 28, 02:00 am",0,0.157383
"Mar 28, 03:00 am",0,0.157383
"Mar 28, 04:00 am",0,0.157383
"Mar 28, 05:00 am",0,0.157383
"Mar 28, 06:00 am",0,0.157383
"Mar 28, 07:00 am",0,0.157383
"Mar 28, 08:00 am",0,0.240387
"Mar 28, 09:00 am",1629.42,0.92713
"Mar 28, 10:00 am",1942.59,0.944299
"Mar 28, 11:00 am",1941.67,0.944299
"Mar 28, 12:00 pm",1941.69,0.944299
"Mar 28, 01:00 pm",1940.9,0.944299
"Mar 28, 02:00 pm",1941.55,0.944299
"Mar 28, 03:00 pm",1942.88,0.944299
"Mar 28, 04:00 pm",1942.7,0.944299
"Mar 28, 05:00 pm",1470.06,0.714611
"Mar 28, 06:00 pm",11.0417,0.157383
"Mar 28, 07:00 pm",0,0.157383
"Mar 28, 08:00 pm",0,0.157383
"Mar 28, 09:00 pm",0,0.157383
"Mar 28, 10:00 pm",0,0.157383
"Mar 28, 11:00 pm",0,0.157383
"Mar 29, 12:00 am",0,0.157383
"Mar 29, 01:00 am",0,0.157383
"Mar 29, 02:00 am",0,0.157383
"Mar 29, 03:00 am",0,0.157383
"Mar 29, 04:00 am",0,0.157383
"Mar 29, 05:00 am",0,0.157383
"Mar 29, 06:00 am",0,0.157383
"Mar 29, 07:00 am",0,0.157383
"Mar 29, 08:00 am",0,0.239219
"Mar 29, 09:00 am",1642.67,0.926744
"Mar 29, 10:00 am",1942.6,0.944299
"Mar 29, 11:00 am",1941.67,0.944299
"Mar 29, 12:00 pm",1941.69,0.944299
"Mar 29, 01:00 pm",1940.92,0.944299
"Mar 29, 02:00 pm",1941.58,0.944299
"Mar 29, 03:00 pm",1940.1,0.944299
"Mar 29, 04:00 pm",1942.69,0.944299
"Mar 29, 05:00 pm",1420.49,0.690468
"Mar 29, 06:00 pm",11.1319,0.157383
"Mar 29, 07:00 pm",0,0.157383
"Mar 29, 08:00 pm",0,0.157383
"Mar 29, 09:00 pm",0,0.157383
"Mar 29, 10:00 pm",0,0.157383
"Mar 29, 11:00 pm",0,0.157383
"Mar 30, 12:00 am",0,0.157383
"Mar 30, 01:00 am",0,0.157383
"Mar 30, 02:00 am",0,0.157383
"Mar 30, 03:00 am",0,0.157383
"Mar 30, 04:00 am",0,0.157383
"Mar 30, 05:00 am",0,0.157383
"Mar 30, 06:00 am",0,0.157383
"Mar 30, 07:00 am",0,0.157383
"Mar 30, 08:00 am",0,0.240855
"Mar 30, 09:00 am",1643.37,0.928613
"Mar 30, 10:00 am",1942.61,0.944299
"Mar 30, 11:00 am",1941.2,0.944299
"Mar 30, 12:00 pm",1941.44,0.944299
"Mar 30, 01:00 pm",1940.82,0.944299
"Mar 30, 02:00 pm",1941.66,0.944299
"Mar 30, 03:00 pm",1943.14,0.944299
"Mar 30, 04:00 pm",1942.71,0.944299
"Mar 30, 05:00 pm",1347.95,0.655137
"Mar 30, 06:00 pm",10.9903,0.157383
"Mar 30, 07:00 pm",0,0.157383
"Mar 30, 08:00 pm",0,0.157383
"Mar 30, 09:00 pm",0,0.157383
"Mar 30, 10:00 pm",0,0.157383
"Mar 30, 11:00 pm",0,0.157383
"Mar 31, 12:00 am",0,0.157383
"Mar 31, 01:00 am",0,0.157383
"Mar 31, 02:00 am",0,0.157383
"Mar 31, 03:00 am",0,0.157383
"Mar 31, 04:00 am",0,0.157383
"Mar 31, 05:00 am",0,0.157383
"Mar 31, 06:00 am",0,0.157383
"Mar 31, 07:00 am",0,0.157383
"Mar 31, 08:00 am",0,0.233971
"Mar 31, 09:00 am",1618.77,0.923148
"Mar 31, 10:00 am",1942.65,0.944299
"Mar 31, 11:00 am",1943.06,0.944299
"Mar 31, 12:00 pm",1943.08,0.944299
"Mar 31, 01:00 pm",1942.1,0.944299
"Mar 31, 02:00 pm",1943.31,0.944299
"Mar 31, 03:00 pm",1944.76,0.944299
"Mar 31, 04:00 pm",1942.89,0.944299
"Mar 31, 05:00 pm",1249.92,0.607382
"Mar 31, 06:00 pm",10.9441,0.157383
"Mar 31, 07:00 pm",0,0.157383
"Mar 31, 08:00 pm",0,0.157383
"Mar 31, 09:00 pm",0,0.157383
"Mar 31, 10:00 pm",0,0.157383
"Mar 31, 11:00 pm",0,0.157383
"Apr 1, 12:00 am",0,0.157383
"Apr 1, 01:00 am",0,0.157383
"Apr 1, 02:00 am",0,0.157383
"Apr 1, 03:00 am",0,0.157383
"Apr 1, 04:00 am",0,0.157383
"Apr 1, 05:00 am",0,0.157383
"Apr 1, 06:00 am",0,0.157383
"Apr 1, 07:00 am",0,0.157383
"Apr 1, 08:00 am",0,0.157383
"Apr 1, 09:00 am",0,0.157383
"Apr 1, 10:00 am",0,0.157383
"Apr 1, 11:00 am",0,0.157383
"Apr 1, 12:00 pm",1339.43,0.681983
"Apr 1, 01:00 pm",1944.26,0.944299
"Apr 1, 02:00 pm",1942.65,0.944299
"Apr 1, 03:00 pm",1942.57,0.944299
"Apr 1, 04:00 pm",1942.55,0.944299
"Apr 1, 05:00 pm",1157.93,0.562614
"Apr 1, 06:00 pm",10.6631,0.157383
"Apr 1, 07:00 pm",0,0.157383
"Apr 1, 08:00 pm",0,0.157383
"Apr 1, 09:00 pm",0,0.157383
"Apr 1, 10:00 pm",0,0.157383
"Apr 1, 11:00 pm",0,0.157383
"Apr 2, 12:00 am",0,0.157383
"Apr 2, 01:00 am",0,0.157383
"Apr 2, 02:00 am",0,0.157383
"Apr 2, 03:00 am",0,0.157383
"Apr 2, 04:00 am",0,0.157383
"Apr 2, 05:00 am",0,0.157383
"Apr 2, 06:00 am",0,0.157383
"Apr 2, 07:00 am",0,0.157383
"Apr 2, 08:00 am",0,0.192465
"Apr 2, 09:00 am",1617.23,0.919214
"Apr 2, 10:00 am",1942.6,0.944299
"Apr 2, 11:00 am",1944.35,0.944299
"Apr 2, 12:00 pm",1944.5,0.944299
"Apr 2, 01:00 pm",1943.89,0.944299
"Apr 2, 02:00 pm",1942.58,0.944299
"Apr 2, 03:00 pm",1942.57,0.944299
"Apr 2, 04:00 pm",1942.56,0.944299
"Apr 2, 05:00 pm",1119.69,0.543984
"Apr 2, 06:00 pm",10.7093,0.157383
"Apr 2, 07:00 pm",0,0.157383
"Apr 2, 08:00 pm",0,0.157383
"Apr 2, 09:00 pm",0,0.157383
"Apr 2, 10:00 pm",0,0.157383
"Apr 2, 11:00 pm",0,0.157383
"Apr 3, 12:00 am",0,0.157383
"Apr 3, 01:00 am",0,0.157383
"Apr 3, 02:00 am",0,0.157383
"Apr 3, 03:00 am",0,0.157383
"Apr 3, 04:00 am",0,0.157383
"Apr 3, 05:00 am",0,0.157383
"Apr 3, 06:00 am",0,0.157383
"Apr 3, 07:00 am",0,0.157383
"Apr 3, 08:00 am",0,0.157383
"Apr 3, 09:00 am",1572.57,0.893099
"Apr 3, 10:00 am",13.8743,0.157383
"Apr 3, 11:00 am",0,0.157383
"Apr 3, 12:00 pm",0,0.157383
"Apr 3, 01:00 pm",0,0.157383
"Apr 3, 02:00 pm",0,0.157383
"Apr 3, 03:00 pm",0,0.157383
"Apr 3, 04:00 pm",0,0.157383
"Apr 3, 05:00 pm",0,0.157383
"Apr 3, 06:00 pm",0,0.157383
"Apr 3, 07:00 pm",0,0.157383
"Apr 3, 08:00 pm",0,0.157383
"Apr 3, 09:00 pm",0,0.157383
"Apr 3, 10:00 pm",0,0.157383
"Apr 3, 11:00 pm",0,0.157383
"Apr 4, 12:00 am",0,0.157383
"Apr 4, 01:00 am",0,0.157383
"Apr 4, 02:00 am",0,0.157383
"Apr 4, 03:00 am",0,0.157383
"Apr 4, 04:00 am",0,0.157383
"Apr 4, 05:00 am",0,0.157383
"Apr 4, 06:00 am",0,0.157383
"Apr 4, 07:00 am",0,0.157383
"Apr 4, 08:00 am",0,0.157383
"Apr 4, 09:00 am",1249.61,0.86209
"Apr 4, 10:00 am",1942.55,0.944299
"Apr 4, 11:00 am",1942.62,0.944299
"Apr 4, 12:00 pm",1942.64,0.944299
"Apr 4, 01:00 pm",1942.65,0.944299
"Apr 4, 02:00 pm",1942.65,0.944299
"Apr 4, 03:00 pm",1942.65,0.944299
"Apr 4, 04:00 pm",1943.86,0.944299
"Apr 4, 05:00 pm",980.7,0.476799
"Apr 4, 06:00 pm",10.3968,0.157383
"Apr 4, 07:00 pm",0,0.157383
"Apr 4, 08:00 pm",0,0.157383
"Apr 4, 09:00 pm",0,0.157383
"Apr 4, 10:00 pm",0,0.157383
"Apr 4, 11:00 pm",0,0.157383
"Apr 5, 12:00 am",0,0.157383
"Apr 5, 01:00 am",0,0.157383
"Apr 5, 02:00 am",0,0.157383
"Apr 5, 03:00 am",0,0.157383
"Apr 5, 04:00 am",0,0.157383
"Apr 5, 05:00 am",0,0.157383
"Apr 5, 06:00 am",0,0.157383
"Apr 5, 07:00 am",0,0.157383
"Apr 5, 08:00 am",0,0.157383
"Apr 5, 09:00 am",0,0.157383
"Apr 5, 10:00 am",0,0.157383
"Apr 5, 11:00 am",1335.85,0.681983
"Apr 5, 12:00 pm",15.5384,0.157383
"Apr 5, 01:00 pm",1663.87,0.944299
"Apr 5, 02:00 pm",14.3393,0.157383
"Apr 5, 03:00 pm",0,0.157383
"Apr 5, 04:00 pm",1618.77,0.941214
"Apr 5, 05:00 pm",933.135,0.453672
"Apr 5, 06:00 pm",10.3201,0.157383
"Apr 5, 07:00 pm",0,0.157383
"Apr 5, 08:00 pm",0,0.157383
"Apr 5, 09:00 pm",0,0.157383
"Apr 5, 10:00 pm",0,0.157383
"Apr 5, 11:00 pm",0,0.157383
"Apr 6, 12:00 am",0,0.157383
"Apr 6, 01:00 am",0,0.157383
"Apr 6, 02:00 am",0,0.157383
"Apr 6, 03:00 am",0,0.157383
"Apr 6, 04:00 am",0,0.157383
"Apr 6, 05:00 am",0,0.157383
"Apr 6, 06:00 am",0,0.157383
"Apr 6, 07:00 am",0,0.157383
"Apr 6, 08:00 am",0,0.157383
"Apr 6, 09:00 am",0,0.157383
"Apr 6, 10:00 am",0,0.157383
"Apr 6, 11:00 am",1336.39,0.681983
"Apr 6, 12:00 pm",1942.62,0.944299
"Apr 6, 01:00 pm",1942.62,0.944299
"Apr 6, 02:00 pm",1942.63,0.944299
"Apr 6, 03:00 pm",1942.62,0.944299
"Apr 6, 04:00 pm",1943.82,0.944299
"Apr 6, 05:00 pm",904.094,0.43954
"Apr 6, 06:00 pm",10.546,0.157383
"Apr 6, 07:00 pm",0,0.157383
"Apr 6, 08:00 pm",0,0.157383
"Apr 6, 09:00 pm",0,0.157383
"Apr 6, 10:00 pm",0,0.157383
"Apr 6, 11:00 pm",0,0.157383
"Apr 7, 12:00 am",0,0.157383
"Apr 7, 01:00 am",0,0.157383
"Apr 7, 02:00 am",0,0.157383
"Apr 7, 03:00 am",0,0.157383
"Apr 7, 04:00 am",0,0.157383
"Apr 7, 05:00 am",0,0.157383
"Apr 7, 06:00 am",0,0.157383
"Apr 7, 07:00 am",0,0.157383
"Apr 7, 08:00 am",0,0.157383
"Apr 7, 09:00 am",1239.9,0.8531
"Apr 7, 10:00 am",1942.57,0.944299
"Apr 7, 11:00 am",1942.67,0.944299
"Apr 7, 12:00 pm",1942.69,0.944299
"Apr 7, 01:00 pm",1942.71,0.944299
"Apr 7, 02:00 pm",1942.72,0.944299
"Apr 7, 03:00 pm",1942.71,0.944299
"Apr 7, 04:00 pm",1943.88,0.944299
"Apr 7, 05:00 pm",872.054,0.423956
"Apr 7, 06:00 pm",10.7378,0.157383
"Apr 7, 07:00 pm",0,0.157383
"Apr 7, 08:00 pm",0,0.157383
"Apr 7, 09:00 pm",0,0.157383
"Apr 7, 10:00 pm",0,0.157383
"Apr 7, 11:00 pm",0,0.157383
"Apr 8, 12:00 am",0,0.157383
"Apr 8, 01:00 am",0,0.157383
"Apr 8, 02:00 am",0,0.157383
"Apr 8, 03:00 am",0,0.157383
"Apr 8, 04:00 am",0,0.157383
"Apr 8, 05:00 am",0,0.157383
"Apr 8, 06:00 am",0,0.157383
"Apr 8, 07:00 am",0,0.157383
"Apr 8, 08:00 am",0,0.157383
"Apr 8, 09:00 am",1228.31,0.847373
"Apr 8, 10:00 am",1942.57,0.944299
"Apr 8, 11:00 am",1942.67,0.944299
"Apr 8, 12:00 pm",1942.7,0.944299
"Apr 8, 01:00 pm",1942.71,0.944299
"Apr 8, 02:00 pm",1942.72,0.944299
"Apr 8, 03:00 pm",1942.71,0.944299
"Apr 8, 04:00 pm",1943.57,0.944299
"Apr 8, 05:00 pm",808.064,0.392856
"Apr 8, 06:00 pm",10.7607,0.157383
"Apr 8, 07:00 pm",0,0.157383
"Apr 8, 08:00 pm",0,0.157383
"Apr 8, 09:00 pm",0,0.157383
"Apr 8, 10:00 pm",0,0.157383
"Apr 8, 11:00 pm",0,0.157383
"Apr 9, 12:00 am",0,0.157383
"Apr 9, 01:00 am",0,0.157383
"Apr 9, 02:00 am",0,0.157383
"Apr 9, 03:00 am",0,0.157383
"Apr 9, 04:00 am",0,0.157383
"Apr 9, 05:00 am",0,0.157383
"Apr 9, 06:00 am",0,0.157383
"Apr 9, 07:00 am",0,0.157383
"Apr 9, 08:00 am",0,0.157383
"Apr 9, 09:00 am",0,0.157383
"Apr 9, 10:00 am",0,0.157383
"Apr 9, 11:00 am",0,0.157383
"Apr 9, 12:00 pm",0,0.157383
"Apr 9, 01:00 pm",0,0.157383
"Apr 9, 02:00 pm",0,0.157383
"Apr 9, 03:00 pm",0,0.157383
"Apr 9, 04:00 pm",0,0.157383
"Apr 9, 05:00 pm",0,0.157383
"Apr 9, 06:00 pm",0,0.157383
"Apr 9, 07:00 pm",0,0.157383
"Apr 9, 08:00 pm",0,0.157383
"Apr 9, 09:00 pm",0,0.157383
"Apr 9, 10:00 pm",0,0.157383
"Apr 9, 11:00 pm",0,0.157383
"Apr 10, 12:00 am",0,0.157383
"Apr 10, 01:00 am",0,0.157383
"Apr 10, 02:00 am",0,0.157383
"Apr 10, 03:00 am",0,0.157383
"Apr 10, 04:00 am",0,0.157383
"Apr 10, 05:00 am",0,0.157383
"Apr 10, 06:00 am",0,0.157383
"Apr 10, 07:00 am",0,0.157383
"Apr 10, 08:00 am",0,0.157383
"Apr 10, 09:00 am",0,0.157383
"Apr 10, 10:00 am",0,0.157383
"Apr 10, 11:00 am",0,0.157383
"Apr 10, 12:00 pm",0,0.157383
"Apr 10, 01:00 pm",1327.97,0.681983
"Apr 10, 02:00 pm",1942.72,0.944299
"Apr 10, 03:00 pm",1942.6,0.944299
"Apr 10, 04:00 pm",1942.76,0.944299
"Apr 10, 05:00 pm",11.6456,0.157383
"Apr 10, 06:00 pm",0,0.157383
"Apr 10, 07:00 pm",0,0.157383
"Apr 10, 08:00 pm",0,0.157383
"Apr 10, 09:00 pm",0,0.157383
"Apr 10, 10:00 pm",0,0.157383
"Apr 10, 11:00 pm",0,0.157383
"Apr 11, 12:00 am",0,0.157383
"Apr 11, 01:00 am",0,0.157383
"Apr 11, 02:00 am",0,0.157383
"Apr 11, 03:00 am",0,0.157383
"Apr 11, 04:00 am",0,0.157383
"Apr 11, 05:00 am",0,0.157383
"Apr 11, 06:00 am",0,0.157383
"Apr 11, 07:00 am",0,0.157383
"Apr 11, 08:00 am",0,0.157383
"Apr 11, 09:00 am",1791,0.864605
"Apr 11, 10:00 am",1942.44,0.944299
"Apr 11, 11:00 am",1942.58,0.944299
"Apr 11, 12:00 pm",13.8778,0.157383
"Apr 11, 01:00 pm",0,0.157383
"Apr 11, 02:00 pm",0,0.157383
"Apr 11, 03:00 pm",0,0.157383
"Apr 11, 04:00 pm",0,0.157383
"Apr 11, 05:00 pm",0,0.157383
"Apr 11, 06:00 pm",0,0.157383
"Apr 11, 07:00 pm",0,0.157383
"Apr 11, 08:00 pm",0,0.157383
"Apr 11, 09:00 pm",0,0.157383
"Apr 11, 10:00 pm",0,0.157383
"Apr 11, 11:00 pm",0,0.157383
"Apr 12, 12:00 am",0,0.157383
"Apr 12, 01:00 am",0,0.157383
"Apr 12, 02:00 am",0,0.157383
"Apr 12, 03:00 am",0,0.157383
"Apr 12, 04:00 am",0,0.157383
"Apr 12, 05:00 am",0,0.157383
"Apr 12, 06:00 am",0,0.157383
"Apr 12, 07:00 am",0,0.157383
"Apr 12, 08:00 am",0,0.157383
"Apr 12, 09:00 am",1809.1,0.874609
"Apr 12, 10:00 am",1942.51,0.944299
"Apr 12, 11:00 am",1942.64,0.944299
"Apr 12, 12:00 pm",1942.66,0.944299
"Apr 12, 01:00 pm",1942.68,0.944299
"Apr 12, 02:00 pm",1942.67,0.944299
"Apr 12, 03:00 pm",1942.66,0.944299
"Apr 12, 04:00 pm",1943.15,0.944299
"Apr 12, 05:00 pm",646.265,0.314273
"Apr 12, 06:00 pm",10.525,0.157383
"Apr 12, 07:00 pm",0,0.157383
"Apr 12, 08:00 pm",0,0.157383
"Apr 12, 09:00 pm",0,0.157383
"Apr 12, 10:00 pm",0,0.157383
"Apr 12, 11:00 pm",0,0.157383
"Apr 13, 12:00 am",0,0.157383
"Apr 13, 01:00 am",0,0.157383
"Apr 13, 02:00 am",0,0.157383
"Apr 13, 03:00 am",0,0.157383
"Apr 13, 04:00 am",0,0.157383
"Apr 13, 05:00 am",0,0.157383
"Apr 13, 06:00 am",0,0.157383
"Apr 13, 07:00 am",0,0.157383
"Apr 13, 08:00 am",0,0.157383
"Apr 13, 09:00 am",1309.43,0.678641
"Apr 13, 10:00 am",1942.78,0.944299
"Apr 13, 11:00 am",1942.58,0.944299
"Apr 13, 12:00 pm",1942.65,0.944299
"Apr 13, 01:00 pm",1942.66,0.944299
"Apr 13, 02:00 pm",1942.65,0.944299
"Apr 13, 03:00 pm",1942.64,0.944299
"Apr 13, 04:00 pm",1942.65,0.944299
"Apr 13, 05:00 pm",572.739,0.278612
"Apr 13, 06:00 pm",10.3765,0.157383
"Apr 13, 07:00 pm",0,0.157383
"Apr 13, 08:00 pm",0,0.157383
"Apr 13, 09:00 pm",0,0.157383
"Apr 13, 10:00 pm",0,0.157383
"Apr 13, 11:00 pm",0,0.157383
"Apr 14, 12:00 am",0,0.157383
"Apr 14, 01:00 am",0,0.157383
"Apr 14, 02:00 am",0,0.157383
"Apr 14, 03:00 am",0,0.157383
"Apr 14, 04:00 am",0,0.157383
"Apr 14, 05:00 am",0,0.157383
"Apr 14, 06:00 am",0,0.157383
"Apr 14, 07:00 am",0,0.157383
"Apr 14, 08:00 am",0,0.157383
"Apr 14, 09:00 am",0,0.157383
"Apr 14, 10:00 am",0,0.157383
"Apr 14, 11:00 am",0,0.157383
"Apr 14, 12:00 pm",0,0.157383
"Apr 14, 01:00 pm",0,0.157383
"Apr 14, 02:00 pm",0,0.157383
"Apr 14, 03:00 pm",0,0.157383
"Apr 14, 04:00 pm",0,0.157383
"Apr 14, 05:00 pm",0,0.157383
"Apr 14, 06:00 pm",0,0.157383
"Apr 14, 07:00 pm",0,0.157383
"Apr 14, 08:00 pm",0,0.157383
"Apr 14, 09:00 pm",0,0.157383
"Apr 14, 10:00 pm",0,0.157383
"Apr 14, 11:00 pm",0,0.157383
"Apr 15, 12:00 am",0,0.157383
"Apr 15, 01:00 am",0,0.157383
"Apr 15, 02:00 am",0,0.157383
"Apr 15, 03:00 am",0,0.157383
"Apr 15, 04:00 am",0,0.157383
"Apr 15, 05:00 am",0,0.157383
"Apr 15, 06:00 am",0,0.157383
"Apr 15, 07:00 am",0,0.157383
"Apr 15, 08:00 am",0,0.157383
"Apr 15, 09:00 am",938.014,0.527682
"Apr 15, 10:00 am",1944.55,0.944299
"Apr 15, 11:00 am",1942.86,0.944299
"Apr 15, 12:00 pm",1942.64,0.944299
"Apr 15, 01:00 pm",1942.67,0.944299
"Apr 15, 02:00 pm",1942.67,0.944299
"Apr 15, 03:00 pm",1942.66,0.944299
"Apr 15, 04:00 pm",1944.69,0.944299
"Apr 15, 05:00 pm",495.262,0.240942
"Apr 15, 06:00 pm",10.6185,0.157383
"Apr 15, 07:00 pm",0,0.157383
"Apr 15, 08:00 pm",0,0.157383
"Apr 15, 09:00 pm",0,0.157383
"Apr 15, 10:00 pm",0,0.157383
"Apr 15, 11:00 pm",0,0.157383
"Apr 16, 12:00 am",0,0.157383
"Apr 16, 01:00 am",0,0.157383
"Apr 16, 02:00 am",0,0.157383
"Apr 16, 03:00 am",0,0.157383
"Apr 16, 04:00 am",0,0.157383
"Apr 16, 05:00 am",0,0.157383
"Apr 16, 06:00 am",0,0.157383
"Apr 16, 07:00 am",0,0.157383
"Apr 16, 08:00 am",0,0.157383
"Apr 16, 09:00 am",0,0.157383
"Apr 16, 10:00 am",0,0.157383
"Apr 16, 11:00 am",0,0.157383
"Apr 16, 12:00 pm",1326.93,0.681983
"Apr 16, 01:00 pm",1942.72,0.944299
"Apr 16, 02:00 pm",1942.62,0.944299
"Apr 16, 03:00 pm",1942.61,0.944299
"Apr 16, 04:00 pm",1943.01,0.944299
"Apr 16, 05:00 pm",451.094,0.219632
"Apr 16, 06:00 pm",10.1598,0.157383
"Apr 16, 07:00 pm",0,0.157383
"Apr 16, 08:00 pm",0,0.157383
"Apr 16, 09:00 pm",0,0.157383
"Apr 16, 10:00 pm",0,0.157383
"Apr 16, 11:00 pm",0,0.157383
"Apr 17, 12:00 am",0,0.157383
"Apr 17, 01:00 am",0,0.157383
"Apr 17, 02:00 am",0,0.157383
"Apr 17, 03:00 am",0,0.157383
"Apr 17, 04:00 am",0,0.157383
"Apr 17, 05:00 am",0,0.157383
"Apr 17, 06:00 am",0,0.157383
"Apr 17, 07:00 am",0,0.157383
"Apr 17, 08:00 am",0,0.157383
"Apr 17, 09:00 am",1658.8,0.806724
"Apr 17, 10:00 am",1944.47,0.944299
"Apr 17, 11:00 am",1942.84,0.944299
"Apr 17, 12:00 pm",1942.59,0.944299
"Apr 17, 01:00 pm",1942.66,0.944299
"Apr 17, 02:00 pm",1942.66,0.944299
"Apr 17, 03:00 pm",1942.65,0.944299
"Apr 17, 04:00 pm",1944.2,0.944299
"Apr 17, 05:00 pm",436.285,0.212402
"Apr 17, 06:00 pm",10.3397,0.157383
"Apr 17, 07:00 pm",0,0.157383
"Apr 17, 08:00 pm",0,0.157383
"Apr 17, 09:00 pm",0,0.157383
"Apr 17, 10:00 pm",0,0.157383
"Apr 17, 11:00 pm",0,0.157383
"Apr 18, 12:00 am",0,0.157383
"Apr 18, 01:00 am",0,0.157383
"Apr 18, 02:00 am",0,0.157383
"Apr 18, 03:00 am",0,0.157383
"Apr 18, 04:00 am",0,0.157383
"Apr 18, 05:00 am",0,0.157383
"Apr 18, 06:00 am",0,0.157383
"Apr 18, 07:00 am",0,0.157383
"Apr 18, 08:00 am",0,0.157383
"Apr 18, 09:00 am",1660.42,0.807525
"Apr 18, 10:00 am",1944.53,0.944299
"Apr 18, 11:00 am",1942.88,0.944299
"Apr 18, 12:00 pm",1942.61,0.944299
"Apr 18, 01:00 pm",1942.64,0.944299
"Apr 18, 02:00 pm",1942.64,0.944299
"Apr 18, 03:00 pm",1942.63,0.944299
"Apr 18, 04:00 pm",1943.3,0.944299
"Apr 18, 05:00 pm",400.968,0.19527
"Apr 18, 06:00 pm",10.2768,0.157383
"Apr 18, 07:00 pm",0,0.157383
"Apr 18, 08:00 pm",0,0.157383
"Apr 18, 09:00 pm",0,0.157383
"Apr 18, 10:00 pm",0,0.157383
"Apr 18, 11:00 pm",0,0.157383
"Apr 19, 12:00 am",0,0.157383
"Apr 19, 01:00 am",0,0.157383
"Apr 19, 02:00 am",0,0.157383
"Apr 19, 03:00 am",0,0.157383
"Apr 19, 04:00 am",0,0.157383
"Apr 19, 05:00 am",0,0.157383
"Apr 19, 06:00 am",0,0.157383
"Apr 19, 07:00 am",0,0.157383
"Apr 19, 08:00 am",0,0.157383
"Apr 19, 09:00 am",1333.8,0.753876
"Apr 19, 10:00 am",1943.77,0.944299
"Apr 19, 11:00 am",1942.57,0.944299
"Apr 19, 12:00 pm",1942.59,0.944299
"Apr 19, 01:00 pm",1942.6,0.944299
"Apr 19, 02:00 pm",1942.6,0.944299
"Apr 19, 03:00 pm",1942.59,0.944299
"Apr 19, 04:00 pm",1907.85,0.927158
"Apr 19, 05:00 pm",357.153,0.174049
"Apr 19, 06:00 pm",10.1393,0.157383
"Apr 19, 07:00 pm",0,0.157383
"Apr 19, 08:00 pm",0,0.157383
"Apr 19, 09:00 pm",0,0.157383
"Apr 19, 10:00 pm",0,0.157383
"Apr 19, 11:00 pm",0,0.157383
"Apr 20, 12:00 am",0,0.157383
"Apr 20, 01:00 am",0,0.157383
"Apr 20, 02:00 am",0,0.157383
"Apr 20, 03:00 am",0,0.157383
"Apr 20, 04:00 am",0,0.157383
"Apr 20, 05:00 am",0,0.157383
"Apr 20, 06:00 am",0,0.157383
"Apr 20, 07:00 am",0,0.157383
"Apr 20, 08:00 am",0,0.157383
"Apr 20, 09:00 am",1385.91,0.777418
"Apr 20, 10:00 am",1944.19,0.944299
"Apr 20, 11:00 am",1942.69,0.944299
"Apr 20, 12:00 pm",1942.58,0.944299
"Apr 20, 01:00 pm",1942.59,0.944299
"Apr 20, 02:00 pm",1942.59,0.944299
"Apr 20, 03:00 pm",1942.58,0.944299
"Apr 20, 04:00 pm",1933.41,0.93979
"Apr 20, 05:00 pm",337.789,0.164632
"Apr 20, 06:00 pm",10.0533,0.157383
"Apr 20, 07:00 pm",0,0.157383
"Apr 20, 08:00 pm",0,0.157383
"Apr 20, 09:00 pm",0,0.157383
"Apr 20, 10:00 pm",0,0.157383
"Apr 20, 11:00 pm",0,0.157383
"Apr 21, 12:00 am",0,0.157383
"Apr 21, 01:00 am",0,0.157383
"Apr 21, 02:00 am",0,0.157383
"Apr 21, 03:00 am",0,0.157383
"Apr 21, 04:00 am",0,0.157383
"Apr 21, 05:00 am",0,0.157383
"Apr 21, 06:00 am",0,0.157383
"Apr 21, 07:00 am",0,0.157383
"Apr 21, 08:00 am",0,0.157383
"Apr 21, 09:00 am",1350.46,0.764494
"Apr 21, 10:00 am",13.101,0.157383
"Apr 21, 11:00 am",1638.3,0.944299
"Apr 21, 12:00 pm",13.6579,0.157383
"Apr 21, 01:00 pm",0,0.157383
"Apr 21, 02:00 pm",0,0.157383
"Apr 21, 03:00 pm",0,0.157383
"Apr 21, 04:00 pm",0,0.157383
"Apr 21, 05:00 pm",0,0.157383
"Apr 21, 06:00 pm",0,0.157383
"Apr 21, 07:00 pm",0,0.157383
"Apr 21, 08:00 pm",0,0.157383
"Apr 21, 09:00 pm",0,0.157383
"Apr 21, 10:00 pm",0,0.157383
"Apr 21, 11:00 pm",0,0.157383
"Apr 22, 12:00 am",0,0.157383
"Apr 22, 01:00 am",0,0.157383
"Apr 22, 02:00 am",0,0.157383
"Apr 22, 03:00 am",0,0.157383
"Apr 22, 04:00 am",0,0.157383
"Apr 22, 05:00 am",0,0.157383
"Apr 22, 06:00 am",0,0.157383
"Apr 22, 07:00 am",0,0.157383
"Apr 22, 08:00 am",0,0.157383
"Apr 22, 09:00 am",0,0.157383
"Apr 22, 10:00 am",0,0.157383
"Apr 22, 11:00 am",0,0.157383
"Apr 22, 12:00 pm",0,0.157383
"Apr 22, 01:00 pm",0,0.157383
"Apr 22, 02:00 pm",0,0.157383
"Apr 22, 03:00 pm",0,0.157383
"Apr 22, 04:00 pm",0,0.157383
"Apr 22, 05:00 pm",0,0.157383
"Apr 22, 06:00 pm",0,0.157383
"Apr 22, 07:00 pm",0,0.157383
"Apr 22, 08:00 pm",0,0.157383
"Apr 22, 09:00 pm",0,0.157383
"Apr 22, 10:00 pm",0,0.157383
"Apr 22, 11:00 pm",0,0.157383
"Apr 23, 12:00 am",0,0.157383
"Apr 23, 01:00 am",0,0.157383
"Apr 23, 02:00 am",0,0.157383
"Apr 23, 03:00 am",0,0.157383
"Apr 23, 04:00 am",0,0.157383
"Apr 23, 05:00 am",0,0.157383
"Apr 23, 06:00 am",0,0.157383
"Apr 23, 07:00 am",0,0.157383
"Apr 23, 08:00 am",0,0.157383
"Apr 23, 09:00 am",0,0.157383
"Apr 23, 10:00 am",0,0.157383
"Apr 23, 11:00 am",0,0.157383
"Apr 23, 12:00 pm",0,0.157383
"Apr 23, 01:00 pm",0,0.157383
"Apr 23, 02:00 pm",0,0.157383
"Apr 23, 03:00 pm",0,0.157383
"Apr 23, 04:00 pm",0,0.157383
"Apr 23, 05:00 pm",0,0.157383
"Apr 23, 06:00 pm",0,0.157383
"Apr 23, 07:00 pm",0,0.157383
"Apr 23, 08:00 pm",0,0.157383
"Apr 23, 09:00 pm",0,0.157383
"Apr 23, 10:00 pm",0,0.157383
"Apr 23, 11:00 pm",0,0.157383
"Apr 24, 12:00 am",0,0.157383
"Apr 24, 01:00 am",0,0.157383
"Apr 24, 02:00 am",0,0.157383
"Apr 24, 03:00 am",0,0.157383
"Apr 24, 04:00 am",0,0.157383
"Apr 24, 05:00 am",0,0.157383
"Apr 24, 06:00 am",0,0.157383
"Apr 24, 07:00 am",0,0.157383
"Apr 24, 08:00 am",0,0.157383
"Apr 24, 09:00 am",1243.8,0.709706
"Apr 24, 10:00 am",1943.03,0.944299
"Apr 24, 11:00 am",1944.59,0.944299
"Apr 24, 12:00 pm",1944.81,0.944299
"Apr 24, 01:00 pm",1944.82,0.944299
"Apr 24, 02:00 pm",1944.66,0.944299
"Apr 24, 03:00 pm",1944.39,0.944299
"Apr 24, 04:00 pm",1812.02,0.881878
"Apr 24, 05:00 pm",220.783,0.157383
"Apr 24, 06:00 pm",9.43948,0.157383
"Apr 24, 07:00 pm",0,0.157383
"Apr 24, 08:00 pm",0,0.157383
"Apr 24, 09:00 pm",0,0.157383
"Apr 24, 10:00 pm",0,0.157383
"Apr 24, 11:00 pm",0,0.157383
"Apr 25, 12:00 am",0,0.157383
"Apr 25, 01:00 am",0,0.157383
"Apr 25, 02:00 am",0,0.157383
"Apr 25, 03:00 am",0,0.157383
"Apr 25, 04:00 am",0,0.157383
"Apr 25, 05:00 am",0,0.157383
"Apr 25, 06:00 am",0,0.157383
"Apr 25, 07:00 am",0,0.157383
"Apr 25, 08:00 am",0,0.157383
"Apr 25, 09:00 am",1242.84,0.708376
"Apr 25, 10:00 am",1942.92,0.944299
"Apr 25, 11:00 am",1944.37,0.944299
"Apr 25, 12:00 pm",1944.53,0.944299
"Apr 25, 01:00 pm",1944.54,0.944299
"Apr 25, 02:00 pm",1944.4,0.944299
"Apr 25, 03:00 pm",1944.15,0.944299
"Apr 25, 04:00 pm",1787.12,0.868721
"Apr 25, 05:00 pm",196.666,0.157383
"Apr 25, 06:00 pm",9.56888,0.157383
"Apr 25, 07:00 pm",0,0.157383
"Apr 25, 08:00 pm",0,0.157383
"Apr 25, 09:00 pm",0,0.157383
"Apr 25, 10:00 pm",0,0.157383
"Apr 25, 11:00 pm",0,0.157383
"Apr 26, 12:00 am",0,0.157383
"Apr 26, 01:00 am",0,0.157383
"Apr 26, 02:00 am",0,0.157383
"Apr 26, 03:00 am",0,0.157383
"Apr 26, 04:00 am",0,0.157383
"Apr 26, 05:00 am",0,0.157383
"Apr 26, 06:00 am",0,0.157383
"Apr 26, 07:00 am",0,0.157383
"Apr 26, 08:00 am",0,0.157383
"Apr 26, 09:00 am",1258.11,0.716908
"Apr 26, 10:00 am",1943.14,0.944299
"Apr 26, 11:00 am",1942.55,0.944299
"Apr 26, 12:00 pm",1944.72,0.944299
"Apr 26, 01:00 pm",1945.01,0.944299
"Apr 26, 02:00 pm",1945.02,0.944299
"Apr 26, 03:00 pm",1944.87,0.944299
"Apr 26, 04:00 pm",1818.57,0.88479
"Apr 26, 05:00 pm",185.717,0.157383
"Apr 26, 06:00 pm",9.84344,0.157383
"Apr 26, 07:00 pm",0,0.157383
"Apr 26, 08:00 pm",0,0.157383
"Apr 26, 09:00 pm",0,0.157383
"Apr 26, 10:00 pm",0,0.157383
"Apr 26, 11:00 pm",0,0.157383
"Apr 27, 12:00 am",0,0.157383
"Apr 27, 01:00 am",0,0.157383
"Apr 27, 02:00 am",0,0.157383
"Apr 27, 03:00 am",0,0.157383
"Apr 27, 04:00 am",0,0.157383
"Apr 27, 05:00 am",0,0.157383
"Apr 27, 06:00 am",0,0.157383
"Apr 27, 07:00 am",0,0.157383
"Apr 27, 08:00 am",0,0.157383
"Apr 27, 09:00 am",1260.35,0.717937
"Apr 27, 10:00 am",1943.18,0.944299
"Apr 27, 11:00 am",1944.73,0.944299
"Apr 27, 12:00 pm",1944.91,0.944299
"Apr 27, 01:00 pm",1944.91,0.944299
"Apr 27, 02:00 pm",1944.9,0.944299
"Apr 27, 03:00 pm",1944.73,0.944299
"Apr 27, 04:00 pm",1795.22,0.872551
"Apr 27, 05:00 pm",165.154,0.157383
"Apr 27, 06:00 pm",10.1074,0.157383
"Apr 27, 07:00 pm",0,0.157383
"Apr 27, 08:00 pm",0,0.157383
"Apr 27, 09:00 pm",0,0.157383
"Apr 27, 10:00 pm",0,0.157383
"Apr 27, 11:00 pm",0,0.157383
"Apr 28, 12:00 am",0,0.157383
"Apr 28, 01:00 am",0,0.157383
"Apr 28, 02:00 am",0,0.157383
"Apr 28, 03:00 am",0,0.157383
"Apr 28, 04:00 am",0,0.157383
"Apr 28, 05:00 am",0,0.157383
"Apr 28, 06:00 am",0,0.157383
"Apr 28, 07:00 am",0,0.157383
"Apr 28, 08:00 am",0,0.157383
"Apr 28, 09:00 am",0,0.157383
"Apr 28, 10:00 am",0,0.157383
"Apr 28, 11:00 am",1318.24,0.681983
"Apr 28, 12:00 pm",1944.06,0.944299
"Apr 28, 01:00 pm",1944.06,0.944299
"Apr 28, 02:00 pm",1943.77,0.944299
"Apr 28, 03:00 pm",1943.75,0.944299
"Apr 28, 04:00 pm",1716.53,0.83432
"Apr 28, 05:00 pm",131.016,0.157383
"Apr 28, 06:00 pm",9.72828,0.157383
"Apr 28, 07:00 pm",0,0.157383
"Apr 28, 08:00 pm",0,0.157383
"Apr 28, 09:00 pm",0,0.157383
"Apr 28, 10:00 pm",0,0.157383
"Apr 28, 11:00 pm",0,0.157383
"Apr 29, 12:00 am",0,0.157383
"Apr 29, 01:00 am",0,0.157383
"Apr 29, 02:00 am",0,0.157383
"Apr 29, 03:00 am",0,0.157383
"Apr 29, 04:00 am",0,0.157383
"Apr 29, 05:00 am",0,0.157383
"Apr 29, 06:00 am",0,0.157383
"Apr 29, 07:00 am",0,0.157383
"Apr 29, 08:00 am",0,0.157383
"Apr 29, 09:00 am",1156.47,0.660893
"Apr 29, 10:00 am",1942.33,0.944299
"Apr 29, 11:00 am",13.2183,0.157383
"Apr 29, 12:00 pm",1623.35,0.937224
"Apr 29, 01:00 pm",1943.5,0.944299
"Apr 29, 02:00 pm",1943.28,0.944299
"Apr 29, 03:00 pm",1943.27,0.944299
"Apr 29, 04:00 pm",1634.59,0.794323
"Apr 29, 05:00 pm",104.853,0.157383
"Apr 29, 06:00 pm",9.6305,0.157383
"Apr 29, 07:00 pm",0,0.157383
"Apr 29, 08:00 pm",0,0.157383
"Apr 29, 09:00 pm",0,0.157383
"Apr 29, 10:00 pm",0,0.157383
"Apr 29, 11:00 pm",0,0.157383
"Apr 30, 12:00 am",0,0.157383
"Apr 30, 01:00 am",0,0.157383
"Apr 30, 02:00 am",0,0.157383
"Apr 30, 03:00 am",0,0.157383
"Apr 30, 04:00 am",0,0.157383
"Apr 30, 05:00 am",0,0.157383
"Apr 30, 06:00 am",0,0.157383
"Apr 30, 07:00 am",0,0.157383
"Apr 30, 08:00 am",0,0.157383
"Apr 30, 09:00 am",0,0.157383
"Apr 30, 10:00 am",0,0.157383
"Apr 30, 11:00 am",0,0.157383
"Apr 30, 12:00 pm",0,0.157383
"Apr 30, 01:00 pm",0,0.157383
"Apr 30, 02:00 pm",0,0.157383
"Apr 30, 03:00 pm",0,0.157383
"Apr 30, 04:00 pm",984.911,0.546367
"Apr 30, 05:00 pm",88.2798,0.157383
"Apr 30, 06:00 pm",9.46957,0.157383
"Apr 30, 07:00 pm",0,0.157383
"Apr 30, 08:00 pm",0,0.157383
"Apr 30, 09:00 pm",0,0.157383
"Apr 30, 10:00 pm",0,0.157383
"Apr 30, 11:00 pm",0,0.157383
"May 1, 12:00 am",0,0.157383
"May 1, 01:00 am",0,0.157383
"May 1, 02:00 am",0,0.157383
"May 1, 03:00 am",0,0.157383
"May 1, 04:00 am",0,0.157383
"May 1, 05:00 am",0,0.157383
"May 1, 06:00 am",0,0.157383
"May 1, 07:00 am",0,0.157383
"May 1, 08:00 am",0,0.157383
"May 1, 09:00 am",1131.79,0.647436
"May 1, 10:00 am",1942.34,0.944299
"May 1, 11:00 am",1943.41,0.944299
"May 1, 12:00 pm",1943.43,0.944299
"May 1, 01:00 pm",1943.44,0.944299
"May 1, 02:00 pm",1943.26,0.944299
"May 1, 03:00 pm",1943.25,0.944299
"May 1, 04:00 pm",1622.16,0.78823
"May 1, 05:00 pm",78.0602,0.157383
"May 1, 06:00 pm",9.83949,0.157383
"May 1, 07:00 pm",0,0.157383
"May 1, 08:00 pm",0,0.157383
"May 1, 09:00 pm",0,0.157383
"May 1, 10:00 pm",0,0.157383
"May 1, 11:00 pm",0,0.157383
"May 2, 12:00 am",0,0.157383
"May 2, 01:00 am",0,0.157383
"May 2, 02:00 am",0,0.157383
"May 2, 03:00 am",0,0.157383
"May 2, 04:00 am",0,0.157383
"May 2, 05:00 am",0,0.157383
"May 2, 06:00 am",0,0.157383
"May 2, 07:00 am",0,0.157383
"May 2, 08:00 am",0,0.157383
"May 2, 09:00 am",0,0.157383
"May 2, 10:00 am",0,0.157383
"May 2, 11:00 am",1311.7,0.681983
"May 2, 12:00 pm",1943.22,0.944299
"May 2, 01:00 pm",1943.11,0.944299
"May 2, 02:00 pm",1943.11,0.944299
"May 2, 03:00 pm",1943.1,0.944299
"May 2, 04:00 pm",1584.37,0.769756
"May 2, 05:00 pm",61.0908,0.157383
"May 2, 06:00 pm",9.79275,0.157383
"May 2, 07:00 pm",0,0.157383
"May 2, 08:00 pm",0,0.157383
"May 2, 09:00 pm",0,0.157383
"May 2, 10:00 pm",0,0.157383
"May 2, 11:00 pm",0,0.157383
"May 3, 12:00 am",0,0.157383
"May 3, 01:00 am",0,0.157383
"May 3, 02:00 am",0,0.157383
"May 3, 03:00 am",0,0.157383
"May 3, 04:00 am",0,0.157383
"May 3, 05:00 am",0,0.157383
"May 3, 06:00 am",0,0.157383
"May 3, 07:00 am",0,0.157383
"May 3, 08:00 am",0,0.157383
"May 3, 09:00 am",860.841,0.601068
"May 3, 10:00 am",1943.7,0.944299
"May 3, 11:00 am",1943.02,0.944299
"May 3, 12:00 pm",1942.95,0.944299
"May 3, 01:00 pm",1942.95,0.944299
"May 3, 02:00 pm",1942.95,0.944299
"May 3, 03:00 pm",1942.94,0.944299
"May 3, 04:00 pm",1543.34,0.749624
"May 3, 05:00 pm",45.24,0.157383
"May 3, 06:00 pm",9.75561,0.157383
"May 3, 07:00 pm",0,0.157383
"May 3, 08:00 pm",0,0.157383
"May 3, 09:00 pm",0,0.157383
"May 3, 10:00 pm",0,0.157383
"May 3, 11:00 pm",0,0.157383
"May 4, 12:00 am",0,0.157383
"May 4, 01:00 am",0,0.157383
"May 4, 02:00 am",0,0.157383
"May 4, 03:00 am",0,0.157383
"May 4, 04:00 am",0,0.157383
"May 4, 05:00 am",0,0.157383
"May 4, 06:00 am",0,0.157383
"May 4, 07:00 am",0,0.157383
"May 4, 08:00 am",0,0.157383
"May 4, 09:00 am",621.284,0.379724
"May 4, 10:00 am",1942.37,0.944299
"May 4, 11:00 am",1942.66,0.944299
"May 4, 12:00 pm",13.2743,0.157383
"May 4, 01:00 pm",1619.46,0.927764
"May 4, 02:00 pm",1942.65,0.944299
"May 4, 03:00 pm",13.2563,0.157383
"May 4, 04:00 pm",0,0.157383
"May 4, 05:00 pm",0,0.157383
"May 4, 06:00 pm",0,0.157383
"May 4, 07:00 pm",0,0.157383
"May 4, 08:00 pm",0,0.157383
"May 4, 09:00 pm",0,0.157383
"May 4, 10:00 pm",0,0.157383
"May 4, 11:00 pm",0,0.157383
"May 5, 12:00 am",0,0.157383
"May 5, 01:00 am",0,0.157383
"May 5, 02:00 am",0,0.157383
"May 5, 03:00 am",0,0.157383
"May 5, 04:00 am",0,0.157383
"May 5, 05:00 am",0,0.157383
"May 5, 06:00 am",0,0.157383
"May 5, 07:00 am",0,0.157383
"May 5, 08:00 am",0,0.157383
"May 5, 09:00 am",0,0.157383
"May 5, 10:00 am",0,0.157383
"May 5, 11:00 am",0,0.157383
"May 5, 12:00 pm",0,0.157383
"May 5, 01:00 pm",0,0.157383
"May 5, 02:00 pm",0,0.157383
"May 5, 03:00 pm",1309.67,0.681983
"May 5, 04:00 pm",1509.24,0.73373
"May 5, 05:00 pm",22.8316,0.157383
"May 5, 06:00 pm",9.40942,0.157383
"May 5, 07:00 pm",0,0.157383
"May 5, 08:00 pm",0,0.157383
"May 5, 09:00 pm",0,0.157383
"May 5, 10:00 pm",0,0.157383
"May 5, 11:00 pm",0,0.157383
"May 6, 12:00 am",0,0.157383
"May 6, 01:00 am",0,0.157383
"May 6, 02:00 am",0,0.157383
"May 6, 03:00 am",0,0.157383
"May 6, 04:00 am",0,0.157383
"May 6, 05:00 am",0,0.157383
"May 6, 06:00 am",0,0.157383
"May 6, 07:00 am",0,0.157383
"May 6, 08:00 am",0,0.157383
"May 6, 09:00 am",652.732,0.394302
"May 6, 10:00 am",1944.3,0.944299
"May 6, 11:00 am",1943.19,0.944299
"May 6, 12:00 pm",1943.01,0.944299
"May 6, 01:00 pm",1943.02,0.944299
"May 6, 02:00 pm",1943.02,0.944299
"May 6, 03:00 pm",1943.01,0.944299
"May 6, 04:00 pm",1546.94,0.751392
"May 6, 05:00 pm",20.2436,0.157383
"May 6, 06:00 pm",9.72268,0.157383
"May 6, 07:00 pm",0,0.157383
"May 6, 08:00 pm",0,0.157383
"May 6, 09:00 pm",0,0.157383
"May 6, 10:00 pm",0,0.157383
"May 6, 11:00 pm",0,0.157383
"May 7, 12:00 am",0,0.157383
"May 7, 01:00 am",0,0.157383
"May 7, 02:00 am",0,0.157383
"May 7, 03:00 am",0,0.157383
"May 7, 04:00 am",0,0.157383
"May 7, 05:00 am",0,0.157383
"May 7, 06:00 am",0,0.157383
"May 7, 07:00 am",0,0.157383
"May 7, 08:00 am",0,0.157383
"May 7, 09:00 am",844.997,0.590966
"May 7, 10:00 am",1943.69,0.944299
"May 7, 11:00 am",1943.03,0.944299
"May 7, 12:00 pm",1942.97,0.944299
"May 7, 01:00 pm",1942.99,0.944299
"May 7, 02:00 pm",1943,0.944299
"May 7, 03:00 pm",1942.99,0.944299
"May 7, 04:00 pm",1540.51,0.748215
"May 7, 05:00 pm",18.5154,0.157383
"May 7, 06:00 pm",8.72211,0.157383
"May 7, 07:00 pm",0,0.157383
"May 7, 08:00 pm",0,0.157383
"May 7, 09:00 pm",0,0.157383
"May 7, 10:00 pm",0,0.157383
"May 7, 11:00 pm",0,0.157383
"May 8, 12:00 am",0,0.157383
"May 8, 01:00 am",0,0.157383
"May 8, 02:00 am",0,0.157383
"May 8, 03:00 am",0,0.157383
"May 8, 04:00 am",0,0.157383
"May 8, 05:00 am",0,0.157383
"May 8, 06:00 am",0,0.157383
"May 8, 07:00 am",0,0.157383
"May 8, 08:00 am",0,0.157383
"May 8, 09:00 am",846.269,0.591889
"May 8, 10:00 am",1944.04,0.944299
"May 8, 11:00 am",1943.22,0.944299
"May 8, 12:00 pm",1943.03,0.944299
"May 8, 01:00 pm",1943.05,0.944299
"May 8, 02:00 pm",1942.99,0.944299
"May 8, 03:00 pm",1942.98,0.944299
"May 8, 04:00 pm",1540.17,0.74805
"May 8, 05:00 pm",17.4107,0.157383
"May 8, 06:00 pm",7.29259,0.157383
"May 8, 07:00 pm",0,0.157383
"May 8, 08:00 pm",0,0.157383
"May 8, 09:00 pm",0,0.157383
"May 8, 10:00 pm",0,0.157383
"May 8, 11:00 pm",0,0.157383
"May 9, 12:00 am",0,0.157383
"May 9, 01:00 am",0,0.157383
"May 9, 02:00 am",0,0.157383
"May 9, 03:00 am",0,0.157383
"May 9, 04:00 am",0,0.157383
"May 9, 05:00 am",0,0.157383
"May 9, 06:00 am",0,0.157383
"May 9, 07:00 am",0,0.157383
"May 9, 08:00 am",0,0.157383
"May 9, 09:00 am",825.598,0.578569
"May 9, 10:00 am",1942.98,0.944299
"May 9, 11:00 am",1942.83,0.944299
"May 9, 12:00 pm",1942.86,0.944299
"May 9, 01:00 pm",1942.88,0.944299
"May 9, 02:00 pm",1942.87,0.944299
"May 9, 03:00 pm",1942.85,0.944299
"May 9, 04:00 pm",1496.87,0.727676
"May 9, 05:00 pm",15.5973,0.157383
"May 9, 06:00 pm",0,0.157383
"May 9, 07:00 pm",0,0.157383
"May 9, 08:00 pm",0,0.157383
"May 9, 09:00 pm",0,0.157383
"May 9, 10:00 pm",0,0.157383
"May 9, 11:00 pm",0,0.157383
"May 10, 12:00 am",0,0.157383
"May 10, 01:00 am",0,0.157383
"May 10, 02:00 am",0,0.157383
"May 10, 03:00 am",0,0.157383
"May 10, 04:00 am",0,0.157383
"May 10, 05:00 am",0,0.157383
"May 10, 06:00 am",0,0.157383
"May 10, 07:00 am",0,0.157383
"May 10, 08:00 am",0,0.157383
"May 10, 09:00 am",807.274,0.566911
"May 10, 10:00 am",1942.23,0.944299
"May 10, 11:00 am",1942.74,0.944299
"May 10, 12:00 pm",1942.76,0.944299
"May 10, 01:00 pm",1942.78,0.944299
"May 10, 02:00 pm",1942.79,0.944299
"May 10, 03:00 pm",1942.78,0.944299
"May 10, 04:00 pm",1482.1,0.720481
"May 10, 05:00 pm",14.7379,0.157383
"May 10, 06:00 pm",0,0.157383
"May 10, 07:00 pm",0,0.157383
"May 10, 08:00 pm",0,0.157383
"May 10, 09:00 pm",0,0.157383
"May 10, 10:00 pm",0,0.157383
"May 10, 11:00 pm",0,0.157383
"May 11, 12:00 am",0,0.157383
"May 11, 01:00 am",0,0.157383
"May 11, 02:00 am",0,0.157383
"May 11, 03:00 am",0,0.157383
"May 11, 04:00 am",0,0.157383
"May 11, 05:00 am",0,0.157383
"May 11, 06:00 am",0,0.157383
"May 11, 07:00 am",0,0.157383
"May 11, 08:00 am",0,0.157383
"May 11, 09:00 am",786.634,0.554135
"May 11, 10:00 am",1943.84,0.944299
"May 11, 11:00 am",1942.8,0.944299
"May 11, 12:00 pm",1942.67,0.944299
"May 11, 01:00 pm",1942.68,0.944299
"May 11, 02:00 pm",1942.69,0.944299
"May 11, 03:00 pm",1942.68,0.944299
"May 11, 04:00 pm",1443.53,0.701706
"May 11, 05:00 pm",13.6712,0.157383
"May 11, 06:00 pm",0,0.157383
"May 11, 07:00 pm",0,0.157383
"May 11, 08:00 pm",0,0.157383
"May 11, 09:00 pm",0,0.157383
"May 11, 10:00 pm",0,0.157383
"May 11, 11:00 pm",0,0.157383
"May 12, 12:00 am",0,0.157383
"May 12, 01:00 am",0,0.157383
"May 12, 02:00 am",0,0.157383
"May 12, 03:00 am",0,0.157383
"May 12, 04:00 am",0,0.157383
"May 12, 05:00 am",0,0.157383
"May 12, 06:00 am",0,0.157383
"May 12, 07:00 am",0,0.157383
"May 12, 08:00 am",0,0.157383
"May 12, 09:00 am",573.495,0.358007
"May 12, 10:00 am",12.0245,0.157383
"May 12, 11:00 am",0,0.157383
"May 12, 12:00 pm",1618.77,0.923415
"May 12, 01:00 pm",1944.12,0.944299
"May 12, 02:00 pm",1944.15,0.944299
"May 12, 03:00 pm",1944.14,0.944299
"May 12, 04:00 pm",1421.88,0.69117
"May 12, 05:00 pm",12.5188,0.157383
"May 12, 06:00 pm",0,0.157383
"May 12, 07:00 pm",0,0.157383
"May 12, 08:00 pm",0,0.157383
"May 12, 09:00 pm",0,0.157383
"May 12, 10:00 pm",0,0.157383
"May 12, 11:00 pm",0,0.157383
"May 13, 12:00 am",0,0.157383
"May 13, 01:00 am",0,0.157383
"May 13, 02:00 am",0,0.157383
"May 13, 03:00 am",0,0.157383
"May 13, 04:00 am",0,0.157383
"May 13, 05:00 am",0,0.157383
"May 13, 06:00 am",0,0.157383
"May 13, 07:00 am",0,0.157383
"May 13, 08:00 am",0,0.157383
"May 13, 09:00 am",780.727,0.432339
"May 13, 10:00 am",1939.65,0.944299
"May 13, 11:00 am",1942.59,0.944299
"May 13, 12:00 pm",1944.64,0.944299
"May 13, 01:00 pm",1944.2,0.944299
"May 13, 02:00 pm",1943.72,0.944299
"May 13, 03:00 pm",1943.53,0.944299
"May 13, 04:00 pm",1402.51,0.681752
"May 13, 05:00 pm",11.9071,0.157383
"May 13, 06:00 pm",0,0.157383
"May 13, 07:00 pm",0,0.157383
"May 13, 08:00 pm",0,0.157383
"May 13, 09:00 pm",0,0.157383
"May 13, 10:00 pm",0,0.157383
"May 13, 11:00 pm",0,0.157383
"May 14, 12:00 am",0,0.157383
"May 14, 01:00 am",0,0.157383
"May 14, 02:00 am",0,0.157383
"May 14, 03:00 am",0,0.157383
"May 14, 04:00 am",0,0.157383
"May 14, 05:00 am",0,0.157383
"May 14, 06:00 am",0,0.157383
"May 14, 07:00 am",0,0.157383
"May 14, 08:00 am",0,0.157383
"May 14, 09:00 am",0,0.157383
"May 14, 10:00 am",0,0.157383
"May 14, 11:00 am",1301.97,0.681983
"May 14, 12:00 pm",1942.92,0.944299
"May 14, 01:00 pm",1942.5,0.944299
"May 14, 02:00 pm",1942.5,0.944299
"May 14, 03:00 pm",1942.49,0.944299
"May 14, 04:00 pm",1364.41,0.663201
"May 14, 05:00 pm",11.0689,0.157383
"May 14, 06:00 pm",0,0.157383
"May 14, 07:00 pm",0,0.157383
"May 14, 08:00 pm",0,0.157383
"May 14, 09:00 pm",0,0.157383
"May 14, 10:00 pm",0,0.157383
"May 14, 11:00 pm",0,0.157383
"May 15, 12:00 am",0,0.157383
"May 15, 01:00 am",0,0.157383
"May 15, 02:00 am",0,0.157383
"May 15, 03:00 am",0,0.157383
"May 15, 04:00 am",0,0.157383
"May 15, 05:00 am",0,0.157383
"May 15, 06:00 am",0,0.157383
"May 15, 07:00 am",0,0.157383
"May 15, 08:00 am",0,0.157383
"May 15, 09:00 am",0,0.157383
"May 15, 10:00 am",0,0.157383
"May 15, 11:00 am",0,0.157383
"May 15, 12:00 pm",1300.32,0.681983
"May 15, 01:00 pm",12.9461,0.157383
"May 15, 02:00 pm",0,0.157383
"May 15, 03:00 pm",0,0.157383
"May 15, 04:00 pm",0,0.157383
"May 15, 05:00 pm",0,0.157383
"May 15, 06:00 pm",0,0.157383
"May 15, 07:00 pm",0,0.157383
"May 15, 08:00 pm",0,0.157383
"May 15, 09:00 pm",0,0.157383
"May 15, 10:00 pm",0,0.157383
"May 15, 11:00 pm",0,0.157383
"May 16, 12:00 am",0,0.157383
"May 16, 01:00 am",0,0.157383
"May 16, 02:00 am",0,0.157383
"May 16, 03:00 am",0,0.157383
"May 16, 04:00 am",0,0.157383
"May 16, 05:00 am",0,0.157383
"May 16, 06:00 am",0,0.157383
"May 16, 07:00 am",0,0.157383
"May 16, 08:00 am",0,0.157383
"May 16, 09:00 am",506.231,0.324223
"May 16, 10:00 am",1727.54,0.839861
"May 16, 11:00 am",1874.38,0.911086
"May 16, 12:00 pm",1856.55,0.902575
"May 16, 01:00 pm",12.9423,0.157383
"May 16, 02:00 pm",1558.67,0.883985
"May 16, 03:00 pm",13.0456,0.157383
"May 16, 04:00 pm",0,0.157383
"May 16, 05:00 pm",0,0.157383
"May 16, 06:00 pm",0,0.157383
"May 16, 07:00 pm",0,0.157383
"May 16, 08:00 pm",0,0.157383
"May 16, 09:00 pm",0,0.157383
"May 16, 10:00 pm",0,0.157383
"May 16, 11:00 pm",0,0.157383
"May 17, 12:00 am",0,0.157383
"May 17, 01:00 am",0,0.157383
"May 17, 02:00 am",0,0.157383
"May 17, 03:00 am",0,0.157383
"May 17, 04:00 am",0,0.157383
"May 17, 05:00 am",0,0.157383
"May 17, 06:00 am",0,0.157383
"May 17, 07:00 am",0,0.157383
"May 17, 08:00 am",0,0.157383
"May 17, 09:00 am",0,0.157383
"May 17, 10:00 am",996.433,0.55083
"May 17, 11:00 am",1944.12,0.944299
"May 17, 12:00 pm",12.9669,0.157383
"May 17, 01:00 pm",0,0.157383
"May 17, 02:00 pm",0,0.157383
"May 17, 03:00 pm",0,0.157383
"May 17, 04:00 pm",0,0.157383
"May 17, 05:00 pm",0,0.157383
"May 17, 06:00 pm",0,0.157383
"May 17, 07:00 pm",0,0.157383
"May 17, 08:00 pm",0,0.157383
"May 17, 09:00 pm",0,0.157383
"May 17, 10:00 pm",0,0.157383
"May 17, 11:00 pm",0,0.157383
"May 18, 12:00 am",0,0.157383
"May 18, 01:00 am",0,0.157383
"May 18, 02:00 am",0,0.157383
"May 18, 03:00 am",0,0.157383
"May 18, 04:00 am",0,0.157383
"May 18, 05:00 am",0,0.157383
"May 18, 06:00 am",0,0.157383
"May 18, 07:00 am",0,0.157383
"May 18, 08:00 am",0,0.157383
"May 18, 09:00 am",0,0.157383
"May 18, 10:00 am",992.356,0.55083
"May 18, 11:00 am",1892.98,0.919944
"May 18, 12:00 pm",1860.37,0.904366
"May 18, 01:00 pm",12.8516,0.157383
"May 18, 02:00 pm",0,0.157383
"May 18, 03:00 pm",0,0.157383
"May 18, 04:00 pm",0,0.157383
"May 18, 05:00 pm",0,0.157383
"May 18, 06:00 pm",0,0.157383
"May 18, 07:00 pm",0,0.157383
"May 18, 08:00 pm",0,0.157383
"May 18, 09:00 pm",0,0.157383
"May 18, 10:00 pm",0,0.157383
"May 18, 11:00 pm",0,0.157383
"May 19, 12:00 am",0,0.157383
"May 19, 01:00 am",0,0.157383
"May 19, 02:00 am",0,0.157383
"May 19, 03:00 am",0,0.157383
"May 19, 04:00 am",0,0.157383
"May 19, 05:00 am",0,0.157383
"May 19, 06:00 am",0,0.157383
"May 19, 07:00 am",0,0.157383
"May 19, 08:00 am",0,0.157383
"May 19, 09:00 am",0,0.157383
"May 19, 10:00 am",0,0.157383
"May 19, 11:00 am",0,0.157383
"May 19, 12:00 pm",0,0.157383
"May 19, 01:00 pm",0,0.157383
"May 19, 02:00 pm",0,0.157383
"May 19, 03:00 pm",0,0.157383
"May 19, 04:00 pm",0,0.157383
"May 19, 05:00 pm",0,0.157383
"May 19, 06:00 pm",0,0.157383
"May 19, 07:00 pm",0,0.157383
"May 19, 08:00 pm",0,0.157383
"May 19, 09:00 pm",0,0.157383
"May 19, 10:00 pm",0,0.157383
"May 19, 11:00 pm",0,0.157383
"May 20, 12:00 am",0,0.157383
"May 20, 01:00 am",0,0.157383
"May 20, 02:00 am",0,0.157383
"May 20, 03:00 am",0,0.157383
"May 20, 04:00 am",0,0.157383
"May 20, 05:00 am",0,0.157383
"May 20, 06:00 am",0,0.157383
"May 20, 07:00 am",0,0.157383
"May 20, 08:00 am",0,0.157383
"May 20, 09:00 am",0,0.157383
"May 20, 10:00 am",0,0.157383
"May 20, 11:00 am",0,0.157383
"May 20, 12:00 pm",0,0.157383
"May 20, 01:00 pm",0,0.157383
"May 20, 02:00 pm",0,0.157383
"May 20, 03:00 pm",0,0.157383
"May 20, 04:00 pm",0,0.157383
"May 20, 05:00 pm",0,0.157383
"May 20, 06:00 pm",0,0.157383
"May 20, 07:00 pm",0,0.157383
"May 20, 08:00 pm",0,0.157383
"May 20, 09:00 pm",0,0.157383
"May 20, 10:00 pm",0,0.157383
"May 20, 11:00 pm",0,0.157383
"May 21, 12:00 am",0,0.157383
"May 21, 01:00 am",0,0.157383
"May 21, 02:00 am",0,0.157383
"May 21, 03:00 am",0,0.157383
"May 21, 04:00 am",0,0.157383
"May 21, 05:00 am",0,0.157383
"May 21, 06:00 am",0,0.157383
"May 21, 07:00 am",0,0.157383
"May 21, 08:00 am",0,0.157383
"May 21, 09:00 am",0,0.157383
"May 21, 10:00 am",0,0.157383
"May 21, 11:00 am",0,0.157383
"May 21, 12:00 pm",0,0.157383
"May 21, 01:00 pm",0,0.157383
"May 21, 02:00 pm",0,0.157383
"May 21, 03:00 pm",0,0.157383
"May 21, 04:00 pm",419.556,0.305257
"May 21, 05:00 pm",10.6179,0.157383
"May 21, 06:00 pm",0,0.157383
"May 21, 07:00 pm",0,0.157383
"May 21, 08:00 pm",0,0.157383
"May 21, 09:00 pm",0,0.157383
"May 21, 10:00 pm",0,0.157383
"May 21, 11:00 pm",0,0.157383
"May 22, 12:00 am",0,0.157383
"May 22, 01:00 am",0,0.157383
"May 22, 02:00 am",0,0.157383
"May 22, 03:00 am",0,0.157383
"May 22, 04:00 am",0,0.157383
"May 22, 05:00 am",0,0.157383
"May 22, 06:00 am",0,0.157383
"May 22, 07:00 am",0,0.157383
"May 22, 08:00 am",0,0.157383
"May 22, 09:00 am",0,0.157383
"May 22, 10:00 am",0,0.157383
"May 22, 11:00 am",0,0.157383
"May 22, 12:00 pm",0,0.157383
"May 22, 01:00 pm",0,0.157383
"May 22, 02:00 pm",0,0.157383
"May 22, 03:00 pm",0,0.157383
"May 22, 04:00 pm",0,0.157383
"May 22, 05:00 pm",0,0.157383
"May 22, 06:00 pm",0,0.157383
"May 22, 07:00 pm",0,0.157383
"May 22, 08:00 pm",0,0.157383
"May 22, 09:00 pm",0,0.157383
"May 22, 10:00 pm",0,0.157383
"May 22, 11:00 pm",0,0.157383
"May 23, 12:00 am",0,0.157383
"May 23, 01:00 am",0,0.157383
"May 23, 02:00 am",0,0.157383
"May 23, 03:00 am",0,0.157383
"May 23, 04:00 am",0,0.157383
"May 23, 05:00 am",0,0.157383
"May 23, 06:00 am",0,0.157383
"May 23, 07:00 am",0,0.157383
"May 23, 08:00 am",0,0.157383
"May 23, 09:00 am",0,0.157383
"May 23, 10:00 am",0,0.157383
"May 23, 11:00 am",0,0.157383
"May 23, 12:00 pm",0,0.157383
"May 23, 01:00 pm",0,0.157383
"May 23, 02:00 pm",0,0.157383
"May 23, 03:00 pm",0,0.157383
"May 23, 04:00 pm",0,0.157383
"May 23, 05:00 pm",0,0.157383
"May 23, 06:00 pm",0,0.157383
"May 23, 07:00 pm",0,0.157383
"May 23, 08:00 pm",0,0.157383
"May 23, 09:00 pm",0,0.157383
"May 23, 10:00 pm",0,0.157383
"May 23, 11:00 pm",0,0.157383
"May 24, 12:00 am",0,0.157383
"May 24, 01:00 am",0,0.157383
"May 24, 02:00 am",0,0.157383
"May 24, 03:00 am",0,0.157383
"May 24, 04:00 am",0,0.157383
"May 24, 05:00 am",0,0.157383
"May 24, 06:00 am",0,0.157383
"May 24, 07:00 am",0,0.157383
"May 24, 08:00 am",0,0.157383
"May 24, 09:00 am",0,0.157383
"May 24, 10:00 am",0,0.157383
"May 24, 11:00 am",0,0.157383
"May 24, 12:00 pm",0,0.157383
"May 24, 01:00 pm",0,0.157383
"May 24, 02:00 pm",0,0.157383
"May 24, 03:00 pm",0,0.157383
"May 24, 04:00 pm",0,0.157383
"May 24, 05:00 pm",0,0.157383
"May 24, 06:00 pm",0,0.157383
"May 24, 07:00 pm",0,0.157383
"May 24, 08:00 pm",0,0.157383
"May 24, 09:00 pm",0,0.157383
"May 24, 10:00 pm",0,0.157383
"May 24, 11:00 pm",0,0.157383
"May 25, 12:00 am",0,0.157383
"May 25, 01:00 am",0,0.157383
"May 25, 02:00 am",0,0.157383
"May 25, 03:00 am",0,0.157383
"May 25, 04:00 am",0,0.157383
"May 25, 05:00 am",0,0.157383
"May 25, 06:00 am",0,0.157383
"May 25, 07:00 am",0,0.157383
"May 25, 08:00 am",0,0.157383
"May 25, 09:00 am",0,0.157383
"May 25, 10:00 am",0,0.157383
"May 25, 11:00 am",0,0.157383
"May 25, 12:00 pm",0,0.157383
"May 25, 01:00 pm",0,0.157383
"May 25, 02:00 pm",0,0.157383
"May 25, 03:00 pm",0,0.157383
"May 25, 04:00 pm",0,0.157383
"May 25, 05:00 pm",0,0.157383
"May 25, 06:00 pm",0,0.157383
"May 25, 07:00 pm",0,0.157383
"May 25, 08:00 pm",0,0.157383
"May 25, 09:00 pm",0,0.157383
"May 25, 10:00 pm",0,0.157383
"May 25, 11:00 pm",0,0.157383
"May 26, 12:00 am",0,0.157383
"May 26, 01:00 am",0,0.157383
"May 26, 02:00 am",0,0.157383
"May 26, 03:00 am",0,0.157383
"May 26, 04:00 am",0,0.157383
"May 26, 05:00 am",0,0.157383
"May 26, 06:00 am",0,0.157383
"May 26, 07:00 am",0,0.157383
"May 26, 08:00 am",0,0.157383
"May 26, 09:00 am",0,0.157383
"May 26, 10:00 am",0,0.157383
"May 26, 11:00 am",0,0.157383
"May 26, 12:00 pm",0,0.157383
"May 26, 01:00 pm",0,0.157383
"May 26, 02:00 pm",0,0.157383
"May 26, 03:00 pm",0,0.157383
"May 26, 04:00 pm",0,0.157383
"May 26, 05:00 pm",0,0.157383
"May 26, 06:00 pm",0,0.157383
"May 26, 07:00 pm",0,0.157383
"May 26, 08:00 pm",0,0.157383
"May 26, 09:00 pm",0,0.157383
"May 26, 10:00 pm",0,0.157383
"May 26, 11:00 pm",0,0.157383
"May 27, 12:00 am",0,0.157383
"May 27, 01:00 am",0,0.157383
"May 27, 02:00 am",0,0.157383
"May 27, 03:00 am",0,0.157383
"May 27, 04:00 am",0,0.157383
"May 27, 05:00 am",0,0.157383
"May 27, 06:00 am",0,0.157383
"May 27, 07:00 am",0,0.157383
"May 27, 08:00 am",0,0.157383
"May 27, 09:00 am",0,0.157383
"May 27, 10:00 am",0,0.157383
"May 27, 11:00 am",0,0.157383
"May 27, 12:00 pm",978.656,0.546187
"May 27, 01:00 pm",1687.9,0.82032
"May 27, 02:00 pm",1714.69,0.833507
"May 27, 03:00 pm",1697.24,0.824992
"May 27, 04:00 pm",1023.96,0.497909
"May 27, 05:00 pm",10.3251,0.157383
"May 27, 06:00 pm",0,0.157383
"May 27, 07:00 pm",0,0.157383
"May 27, 08:00 pm",0,0.157383
"May 27, 09:00 pm",0,0.157383
"May 27, 10:00 pm",0,0.157383
"May 27, 11:00 pm",0,0.157383
"May 28, 12:00 am",0,0.157383
"May 28, 01:00 am",0,0.157383
"May 28, 02:00 am",0,0.157383
"May 28, 03:00 am",0,0.157383
"May 28, 04:00 am",0,0.157383
"May 28, 05:00 am",0,0.157383
"May 28, 06:00 am",0,0.157383
"May 28, 07:00 am",0,0.157383
"May 28, 08:00 am",0,0.157383
"May 28, 09:00 am",145.747,0.24205
"May 28, 10:00 am",1605.93,0.780601
"May 28, 11:00 am",1741.64,0.846694
"May 28, 12:00 pm",1694.84,0.823809
"May 28, 01:00 pm",1667.71,0.810578
"May 28, 02:00 pm",1696.05,0.824424
"May 28, 03:00 pm",1680.24,0.816711
"May 28, 04:00 pm",1005.26,0.488812
"May 28, 05:00 pm",10.3267,0.157383
"May 28, 06:00 pm",0,0.157383
"May 28, 07:00 pm",0,0.157383
"May 28, 08:00 pm",0,0.157383
"May 28, 09:00 pm",0,0.157383
"May 28, 10:00 pm",0,0.157383
"May 28, 11:00 pm",0,0.157383
"May 29, 12:00 am",0,0.157383
"May 29, 01:00 am",0,0.157383
"May 29, 02:00 am",0,0.157383
"May 29, 03:00 am",0,0.157383
"May 29, 04:00 am",0,0.157383
"May 29, 05:00 am",0,0.157383
"May 29, 06:00 am",0,0.157383
"May 29, 07:00 am",0,0.157383
"May 29, 08:00 am",0,0.157383
"May 29, 09:00 am",142.016,0.239535
"May 29, 10:00 am",1606.71,0.780855
"May 29, 11:00 am",1751.85,0.851676
"May 29, 12:00 pm",1698.52,0.825611
"May 29, 01:00 pm",1665.92,0.809712
"May 29, 02:00 pm",1693.83,0.823348
"May 29, 03:00 pm",1675.01,0.814156
"May 29, 04:00 pm",991.937,0.482337
"May 29, 05:00 pm",10.2282,0.157383
"May 29, 06:00 pm",0,0.157383
"May 29, 07:00 pm",0,0.157383
"May 29, 08:00 pm",0,0.157383
"May 29, 09:00 pm",0,0.157383
"May 29, 10:00 pm",0,0.157383
"May 29, 11:00 pm",0,0.157383
"May 30, 12:00 am",0,0.157383
"May 30, 01:00 am",0,0.157383
"May 30, 02:00 am",0,0.157383
"May 30, 03:00 am",0,0.157383
"May 30, 04:00 am",0,0.157383
"May 30, 05:00 am",0,0.157383
"May 30, 06:00 am",0,0.157383
"May 30, 07:00 am",0,0.157383
"May 30, 08:00 am",0,0.157383
"May 30, 09:00 am",0,0.195014
"May 30, 10:00 am",1569.42,0.762869
"May 30, 11:00 am",1731.53,0.841752
"May 30, 12:00 pm",1683.9,0.818478
"May 30, 01:00 pm",1654.12,0.803946
"May 30, 02:00 pm",1687.33,0.820171
"May 30, 03:00 pm",1672.59,0.813017
"May 30, 04:00 pm",985.915,0.479403
"May 30, 05:00 pm",10.3284,0.157383
"May 30, 06:00 pm",0,0.157383
"May 30, 07:00 pm",0,0.157383
"May 30, 08:00 pm",0,0.157383
"May 30, 09:00 pm",0,0.157383
"May 30, 10:00 pm",0,0.157383
"May 30, 11:00 pm",0,0.157383
"May 31, 12:00 am",0,0.157383
"May 31, 01:00 am",0,0.157383
"May 31, 02:00 am",0,0.157383
"May 31, 03:00 am",0,0.157383
"May 31, 04:00 am",0,0.157383
"May 31, 05:00 am",0,0.157383
"May 31, 06:00 am",0,0.157383
"May 31, 07:00 am",0,0.157383
"May 31, 08:00 am",0,0.157383
"May 31, 09:00 am",0,0.157383
"May 31, 10:00 am",884.887,0.501921
"May 31, 11:00 am",12.661,0.157383
"May 31, 12:00 pm",0,0.157383
"May 31, 01:00 pm",0,0.157383
"May 31, 02:00 pm",0,0.157383
"May 31, 03:00 pm",0,0.157383
"May 31, 04:00 pm",0,0.157383
"May 31, 05:00 pm",0,0.157383
"May 31, 06:00 pm",0,0.157383
"May 31, 07:00 pm",0,0.157383
"May 31, 08:00 pm",0,0.157383
"May 31, 09:00 pm",0,0.157383
"May 31, 10:00 pm",0,0.157383
"May 31, 11:00 pm",0,0.157383
"Jun 1, 12:00 am",0,0.157383
"Jun 1, 01:00 am",0,0.157383
"Jun 1, 02:00 am",0,0.157383
"Jun 1, 03:00 am",0,0.157383
"Jun 1, 04:00 am",0,0.157383
"Jun 1, 05:00 am",0,0.157383
"Jun 1, 06:00 am",0,0.157383
"Jun 1, 07:00 am",0,0.157383
"Jun 1, 08:00 am",0,0.157383
"Jun 1, 09:00 am",0,0.192909
"Jun 1, 10:00 am",1284.16,0.730457
"Jun 1, 11:00 am",1681.01,0.816997
"Jun 1, 12:00 pm",1640.68,0.797372
"Jun 1, 01:00 pm",1614.12,0.784394
"Jun 1, 02:00 pm",1654.12,0.803949
"Jun 1, 03:00 pm",1640.43,0.797205
"Jun 1, 04:00 pm",954.769,0.464233
"Jun 1, 05:00 pm",10.5231,0.157383
"Jun 1, 06:00 pm",0,0.157383
"Jun 1, 07:00 pm",0,0.157383
"Jun 1, 08:00 pm",0,0.157383
"Jun 1, 09:00 pm",0,0.157383
"Jun 1, 10:00 pm",0,0.157383
"Jun 1, 11:00 pm",0,0.157383
"Jun 2, 12:00 am",0,0.157383
"Jun 2, 01:00 am",0,0.157383
"Jun 2, 02:00 am",0,0.157383
"Jun 2, 03:00 am",0,0.157383
"Jun 2, 04:00 am",0,0.157383
"Jun 2, 05:00 am",0,0.157383
"Jun 2, 06:00 am",0,0.157383
"Jun 2, 07:00 am",0,0.157383
"Jun 2, 08:00 am",0,0.157383
"Jun 2, 09:00 am",0,0.192944
"Jun 2, 10:00 am",1285.48,0.731293
"Jun 2, 11:00 am",1680.76,0.816874
"Jun 2, 12:00 pm",1639.3,0.796694
"Jun 2, 01:00 pm",1611.25,0.782985
"Jun 2, 02:00 pm",1651.67,0.802744
"Jun 2, 03:00 pm",1638.57,0.796313
"Jun 2, 04:00 pm",949.255,0.461548
"Jun 2, 05:00 pm",10.5794,0.157383
"Jun 2, 06:00 pm",0,0.157383
"Jun 2, 07:00 pm",0,0.157383
"Jun 2, 08:00 pm",0,0.157383
"Jun 2, 09:00 pm",0,0.157383
"Jun 2, 10:00 pm",0,0.157383
"Jun 2, 11:00 pm",0,0.157383
"Jun 3, 12:00 am",0,0.157383
"Jun 3, 01:00 am",0,0.157383
"Jun 3, 02:00 am",0,0.157383
"Jun 3, 03:00 am",0,0.157383
"Jun 3, 04:00 am",0,0.157383
"Jun 3, 05:00 am",0,0.157383
"Jun 3, 06:00 am",0,0.157383
"Jun 3, 07:00 am",0,0.157383
"Jun 3, 08:00 am",0,0.157383
"Jun 3, 09:00 am",0,0.157383
"Jun 3, 10:00 am",0,0.157383
"Jun 3, 11:00 am",0,0.157383
"Jun 3, 12:00 pm",0,0.157383
"Jun 3, 01:00 pm",0,0.157383
"Jun 3, 02:00 pm",0,0.157383
"Jun 3, 03:00 pm",0,0.157383
"Jun 3, 04:00 pm",0,0.157383
"Jun 3, 05:00 pm",0,0.157383
"Jun 3, 06:00 pm",0,0.157383
"Jun 3, 07:00 pm",0,0.157383
"Jun 3, 08:00 pm",0,0.157383
"Jun 3, 09:00 pm",0,0.157383
"Jun 3, 10:00 pm",0,0.157383
"Jun 3, 11:00 pm",0,0.157383
"Jun 4, 12:00 am",0,0.157383
"Jun 4, 01:00 am",0,0.157383
"Jun 4, 02:00 am",0,0.157383
"Jun 4, 03:00 am",0,0.157383
"Jun 4, 04:00 am",0,0.157383
"Jun 4, 05:00 am",0,0.157383
"Jun 4, 06:00 am",0,0.157383
"Jun 4, 07:00 am",0,0.157383
"Jun 4, 08:00 am",0,0.157383
"Jun 4, 09:00 am",0,0.192286
"Jun 4, 10:00 am",1278.87,0.72792
"Jun 4, 11:00 am",1677.8,0.815435
"Jun 4, 12:00 pm",1635.08,0.794647
"Jun 4, 01:00 pm",1603.65,0.779283
"Jun 4, 02:00 pm",1645.75,0.799871
"Jun 4, 03:00 pm",1632.43,0.793326
"Jun 4, 04:00 pm",935.365,0.454812
"Jun 4, 05:00 pm",10.4112,0.157383
"Jun 4, 06:00 pm",0,0.157383
"Jun 4, 07:00 pm",0,0.157383
"Jun 4, 08:00 pm",0,0.157383
"Jun 4, 09:00 pm",0,0.157383
"Jun 4, 10:00 pm",0,0.157383
"Jun 4, 11:00 pm",0,0.157383
"Jun 5, 12:00 am",0,0.157383
"Jun 5, 01:00 am",0,0.157383
"Jun 5, 02:00 am",0,0.157383
"Jun 5, 03:00 am",0,0.157383
"Jun 5, 04:00 am",0,0.157383
"Jun 5, 05:00 am",0,0.157383
"Jun 5, 06:00 am",0,0.157383
"Jun 5, 07:00 am",0,0.157383
"Jun 5, 08:00 am",0,0.157383
"Jun 5, 09:00 am",0,0.195579
"Jun 5, 10:00 am",1354.05,0.770067
"Jun 5, 11:00 am",1760.38,0.855812
"Jun 5, 12:00 pm",1712.14,0.832235
"Jun 5, 01:00 pm",1677.73,0.81545
"Jun 5, 02:00 pm",1726.03,0.839021
"Jun 5, 03:00 pm",1718.37,0.835229
"Jun 5, 04:00 pm",992.58,0.482616
"Jun 5, 05:00 pm",10.5018,0.157383
"Jun 5, 06:00 pm",0,0.157383
"Jun 5, 07:00 pm",0,0.157383
"Jun 5, 08:00 pm",0,0.157383
"Jun 5, 09:00 pm",0,0.157383
"Jun 5, 10:00 pm",0,0.157383
"Jun 5, 11:00 pm",0,0.157383
"Jun 6, 12:00 am",0,0.157383
"Jun 6, 01:00 am",0,0.157383
"Jun 6, 02:00 am",0,0.157383
"Jun 6, 03:00 am",0,0.157383
"Jun 6, 04:00 am",0,0.157383
"Jun 6, 05:00 am",0,0.157383
"Jun 6, 06:00 am",0,0.157383
"Jun 6, 07:00 am",0,0.157383
"Jun 6, 08:00 am",0,0.157383
"Jun 6, 09:00 am",0,0.193047
"Jun 6, 10:00 am",1302.77,0.741325
"Jun 6, 11:00 am",1696.59,0.824738
"Jun 6, 12:00 pm",12.6054,0.157383
"Jun 6, 01:00 pm",0,0.157383
"Jun 6, 02:00 pm",0,0.157383
"Jun 6, 03:00 pm",0,0.157383
"Jun 6, 04:00 pm",552.147,0.428138
"Jun 6, 05:00 pm",10.3072,0.157383
"Jun 6, 06:00 pm",0,0.157383
"Jun 6, 07:00 pm",0,0.157383
"Jun 6, 08:00 pm",0,0.157383
"Jun 6, 09:00 pm",0,0.157383
"Jun 6, 10:00 pm",0,0.157383
"Jun 6, 11:00 pm",0,0.157383
"Jun 7, 12:00 am",0,0.157383
"Jun 7, 01:00 am",0,0.157383
"Jun 7, 02:00 am",0,0.157383
"Jun 7, 03:00 am",0,0.157383
"Jun 7, 04:00 am",0,0.157383
"Jun 7, 05:00 am",0,0.157383
"Jun 7, 06:00 am",0,0.157383
"Jun 7, 07:00 am",0,0.157383
"Jun 7, 08:00 am",0,0.157383
"Jun 7, 09:00 am",0,0.157383
"Jun 7, 10:00 am",0,0.157383
"Jun 7, 11:00 am",0,0.157383
"Jun 7, 12:00 pm",0,0.157383
"Jun 7, 01:00 pm",0,0.157383
"Jun 7, 02:00 pm",0,0.157383
"Jun 7, 03:00 pm",911.891,0.514021
"Jun 7, 04:00 pm",886.865,0.431252
"Jun 7, 05:00 pm",9.63046,0.157383
"Jun 7, 06:00 pm",0,0.157383
"Jun 7, 07:00 pm",0,0.157383
"Jun 7, 08:00 pm",0,0.157383
"Jun 7, 09:00 pm",0,0.157383
"Jun 7, 10:00 pm",0,0.157383
"Jun 7, 11:00 pm",0,0.157383
"Jun 8, 12:00 am",0,0.157383
"Jun 8, 01:00 am",0,0.157383
"Jun 8, 02:00 am",0,0.157383
"Jun 8, 03:00 am",0,0.157383
"Jun 8, 04:00 am",0,0.157383
"Jun 8, 05:00 am",0,0.157383
"Jun 8, 06:00 am",0,0.157383
"Jun 8, 07:00 am",0,0.157383
"Jun 8, 08:00 am",0,0.157383
"Jun 8, 09:00 am",0,0.190012
"Jun 8, 10:00 am",1254.53,0.714951
"Jun 8, 11:00 am",1644.52,0.799343
"Jun 8, 12:00 pm",1600.28,0.777654
"Jun 8, 01:00 pm",1562.24,0.759041
"Jun 8, 02:00 pm",1604.53,0.779701
"Jun 8, 03:00 pm",1589.37,0.772304
"Jun 8, 04:00 pm",893.929,0.434701
"Jun 8, 05:00 pm",9.97082,0.157383
"Jun 8, 06:00 pm",0,0.157383
"Jun 8, 07:00 pm",0,0.157383
"Jun 8, 08:00 pm",0,0.157383
"Jun 8, 09:00 pm",0,0.157383
"Jun 8, 10:00 pm",0,0.157383
"Jun 8, 11:00 pm",0,0.157383
"Jun 9, 12:00 am",0,0.157383
"Jun 9, 01:00 am",0,0.157383
"Jun 9, 02:00 am",0,0.157383
"Jun 9, 03:00 am",0,0.157383
"Jun 9, 04:00 am",0,0.157383
"Jun 9, 05:00 am",0,0.157383
"Jun 9, 06:00 am",0,0.157383
"Jun 9, 07:00 am",0,0.157383
"Jun 9, 08:00 am",0,0.157383
"Jun 9, 09:00 am",0,0.189867
"Jun 9, 10:00 am",1253.32,0.714373
"Jun 9, 11:00 am",1644.49,0.799324
"Jun 9, 12:00 pm",1603.76,0.77935
"Jun 9, 01:00 pm",1567.87,0.761796
"Jun 9, 02:00 pm",1615.09,0.784869
"Jun 9, 03:00 pm",1605.63,0.780249
"Jun 9, 04:00 pm",908.224,0.441633
"Jun 9, 05:00 pm",10.2683,0.157383
"Jun 9, 06:00 pm",0,0.157383
"Jun 9, 07:00 pm",0,0.157383
"Jun 9, 08:00 pm",0,0.157383
"Jun 9, 09:00 pm",0,0.157383
"Jun 9, 10:00 pm",0,0.157383
"Jun 9, 11:00 pm",0,0.157383
"Jun 10, 12:00 am",0,0.157383
"Jun 10, 01:00 am",0,0.157383
"Jun 10, 02:00 am",0,0.157383
"Jun 10, 03:00 am",0,0.157383
"Jun 10, 04:00 am",0,0.157383
"Jun 10, 05:00 am",0,0.157383
"Jun 10, 06:00 am",0,0.157383
"Jun 10, 07:00 am",0,0.157383
"Jun 10, 08:00 am",0,0.157383
"Jun 10, 09:00 am",0,0.189698
"Jun 10, 10:00 am",1256.12,0.715877
"Jun 10, 11:00 am",1651.15,0.80257
"Jun 10, 12:00 pm",1608.26,0.781541
"Jun 10, 01:00 pm",1569.76,0.762723
"Jun 10, 02:00 pm",1616.55,0.785589
"Jun 10, 03:00 pm",1605.93,0.780391
"Jun 10, 04:00 pm",907.303,0.441179
"Jun 10, 05:00 pm",10.3486,0.157383
"Jun 10, 06:00 pm",0,0.157383
"Jun 10, 07:00 pm",0,0.157383
"Jun 10, 08:00 pm",0,0.157383
"Jun 10, 09:00 pm",0,0.157383
"Jun 10, 10:00 pm",0,0.157383
"Jun 10, 11:00 pm",0,0.157383
"Jun 11, 12:00 am",0,0.157383
"Jun 11, 01:00 am",0,0.157383
"Jun 11, 02:00 am",0,0.157383
"Jun 11, 03:00 am",0,0.157383
"Jun 11, 04:00 am",0,0.157383
"Jun 11, 05:00 am",0,0.157383
"Jun 11, 06:00 am",0,0.157383
"Jun 11, 07:00 am",0,0.157383
"Jun 11, 08:00 am",0,0.157383
"Jun 11, 09:00 am",0,0.191439
"Jun 11, 10:00 am",1297.98,0.738498
"Jun 11, 11:00 am",1698.24,0.825518
"Jun 11, 12:00 pm",1652.92,0.803345
"Jun 11, 01:00 pm",1611.82,0.783263
"Jun 11, 02:00 pm",1663.01,0.808288
"Jun 11, 03:00 pm",1654.64,0.804162
"Jun 11, 04:00 pm",941.314,0.457693
"Jun 11, 05:00 pm",10.4124,0.157383
"Jun 11, 06:00 pm",0,0.157383
"Jun 11, 07:00 pm",0,0.157383
"Jun 11, 08:00 pm",0,0.157383
"Jun 11, 09:00 pm",0,0.157383
"Jun 11, 10:00 pm",0,0.157383
"Jun 11, 11:00 pm",0,0.157383
"Jun 12, 12:00 am",0,0.157383
"Jun 12, 01:00 am",0,0.157383
"Jun 12, 02:00 am",0,0.157383
"Jun 12, 03:00 am",0,0.157383
"Jun 12, 04:00 am",0,0.157383
"Jun 12, 05:00 am",0,0.157383
"Jun 12, 06:00 am",0,0.157383
"Jun 12, 07:00 am",0,0.157383
"Jun 12, 08:00 am",0,0.157383
"Jun 12, 09:00 am",0,0.191417
"Jun 12, 10:00 am",1296.97,0.738121
"Jun 12, 11:00 am",1698.11,0.825443
"Jun 12, 12:00 pm",1648.45,0.80118
"Jun 12, 01:00 pm",1602.62,0.778782
"Jun 12, 02:00 pm",1650.23,0.802067
"Jun 12, 03:00 pm",1633.71,0.793982
"Jun 12, 04:00 pm",921.442,0.448057
"Jun 12, 05:00 pm",10.1388,0.157383
"Jun 12, 06:00 pm",0,0.157383
"Jun 12, 07:00 pm",0,0.157383
"Jun 12, 08:00 pm",0,0.157383
"Jun 12, 09:00 pm",0,0.157383
"Jun 12, 10:00 pm",0,0.157383
"Jun 12, 11:00 pm",0,0.157383
"Jun 13, 12:00 am",0,0.157383
"Jun 13, 01:00 am",0,0.157383
"Jun 13, 02:00 am",0,0.157383
"Jun 13, 03:00 am",0,0.157383
"Jun 13, 04:00 am",0,0.157383
"Jun 13, 05:00 am",0,0.157383
"Jun 13, 06:00 am",0,0.157383
"Jun 13, 07:00 am",0,0.157383
"Jun 13, 08:00 am",0,0.157383
"Jun 13, 09:00 am",0,0.157383
"Jun 13, 10:00 am",0,0.157383
"Jun 13, 11:00 am",0,0.157383
"Jun 13, 12:00 pm",940.203,0.527115
"Jun 13, 01:00 pm",1566.67,0.761137
"Jun 13, 02:00 pm",1609.9,0.782333
"Jun 13, 03:00 pm",1590.43,0.772813
"Jun 13, 04:00 pm",893.415,0.434446
"Jun 13, 05:00 pm",9.97886,0.157383
"Jun 13, 06:00 pm",0,0.157383
"Jun 13, 07:00 pm",0,0.157383
"Jun 13, 08:00 pm",0,0.157383
"Jun 13, 09:00 pm",0,0.157383
"Jun 13, 10:00 pm",0,0.157383
"Jun 13, 11:00 pm",0,0.157383
"Jun 14, 12:00 am",0,0.157383
"Jun 14, 01:00 am",0,0.157383
"Jun 14, 02:00 am",0,0.157383
"Jun 14, 03:00 am",0,0.157383
"Jun 14, 04:00 am",0,0.157383
"Jun 14, 05:00 am",0,0.157383
"Jun 14, 06:00 am",0,0.157383
"Jun 14, 07:00 am",0,0.157383
"Jun 14, 08:00 am",0,0.157383
"Jun 14, 09:00 am",0,0.157383
"Jun 14, 10:00 am",0,0.157383
"Jun 14, 11:00 am",0,0.157383
"Jun 14, 12:00 pm",0,0.157383
"Jun 14, 01:00 pm",0,0.157383
"Jun 14, 02:00 pm",0,0.157383
"Jun 14, 03:00 pm",0,0.157383
"Jun 14, 04:00 pm",0,0.157383
"Jun 14, 05:00 pm",0,0.157383
"Jun 14, 06:00 pm",0,0.157383
"Jun 14, 07:00 pm",0,0.157383
"Jun 14, 08:00 pm",0,0.157383
"Jun 14, 09:00 pm",0,0.157383
"Jun 14, 10:00 pm",0,0.157383
"Jun 14, 11:00 pm",0,0.157383
"Jun 15, 12:00 am",0,0.157383
"Jun 15, 01:00 am",0,0.157383
"Jun 15, 02:00 am",0,0.157383
"Jun 15, 03:00 am",0,0.157383
"Jun 15, 04:00 am",0,0.157383
"Jun 15, 05:00 am",0,0.157383
"Jun 15, 06:00 am",0,0.157383
"Jun 15, 07:00 am",0,0.157383
"Jun 15, 08:00 am",0,0.157383
"Jun 15, 09:00 am",0,0.157383
"Jun 15, 10:00 am",1417.8,0.689732
"Jun 15, 11:00 am",1579.65,0.767656
"Jun 15, 12:00 pm",1545.77,0.750961
"Jun 15, 01:00 pm",1508.73,0.733517
"Jun 15, 02:00 pm",1559.76,0.757858
"Jun 15, 03:00 pm",1559.3,0.757568
"Jun 15, 04:00 pm",888.124,0.431866
"Jun 15, 05:00 pm",9.73614,0.157383
"Jun 15, 06:00 pm",0,0.157383
"Jun 15, 07:00 pm",0,0.157383
"Jun 15, 08:00 pm",0,0.157383
"Jun 15, 09:00 pm",0,0.157383
"Jun 15, 10:00 pm",0,0.157383
"Jun 15, 11:00 pm",0,0.157383
"Jun 16, 12:00 am",0,0.157383
"Jun 16, 01:00 am",0,0.157383
"Jun 16, 02:00 am",0,0.157383
"Jun 16, 03:00 am",0,0.157383
"Jun 16, 04:00 am",0,0.157383
"Jun 16, 05:00 am",0,0.157383
"Jun 16, 06:00 am",0,0.157383
"Jun 16, 07:00 am",0,0.157383
"Jun 16, 08:00 am",0,0.157383
"Jun 16, 09:00 am",0,0.157383
"Jun 16, 10:00 am",0,0.157383
"Jun 16, 11:00 am",0,0.157383
"Jun 16, 12:00 pm",0,0.157383
"Jun 16, 01:00 pm",0,0.157383
"Jun 16, 02:00 pm",0,0.157383
"Jun 16, 03:00 pm",0,0.157383
"Jun 16, 04:00 pm",0,0.157383
"Jun 16, 05:00 pm",0,0.157383
"Jun 16, 06:00 pm",0,0.157383
"Jun 16, 07:00 pm",0,0.157383
"Jun 16, 08:00 pm",0,0.157383
"Jun 16, 09:00 pm",0,0.157383
"Jun 16, 10:00 pm",0,0.157383
"Jun 16, 11:00 pm",0,0.157383
"Jun 17, 12:00 am",0,0.157383
"Jun 17, 01:00 am",0,0.157383
"Jun 17, 02:00 am",0,0.157383
"Jun 17, 03:00 am",0,0.157383
"Jun 17, 04:00 am",0,0.157383
"Jun 17, 05:00 am",0,0.157383
"Jun 17, 06:00 am",0,0.157383
"Jun 17, 07:00 am",0,0.157383
"Jun 17, 08:00 am",0,0.157383
"Jun 17, 09:00 am",0,0.157383
"Jun 17, 10:00 am",1397,0.67958
"Jun 17, 11:00 am",1555.49,0.755792
"Jun 17, 12:00 pm",1511.48,0.734857
"Jun 17, 01:00 pm",1460.35,0.710039
"Jun 17, 02:00 pm",1498.32,0.728542
"Jun 17, 03:00 pm",1495.26,0.727014
"Jun 17, 04:00 pm",852.42,0.414537
"Jun 17, 05:00 pm",10.155,0.157383
"Jun 17, 06:00 pm",0,0.157383
"Jun 17, 07:00 pm",0,0.157383
"Jun 17, 08:00 pm",0,0.157383
"Jun 17, 09:00 pm",0,0.157383
"Jun 17, 10:00 pm",0,0.157383
"Jun 17, 11:00 pm",0,0.157383
"Jun 18, 12:00 am",0,0.157383
"Jun 18, 01:00 am",0,0.157383
"Jun 18, 02:00 am",0,0.157383
"Jun 18, 03:00 am",0,0.157383
"Jun 18, 04:00 am",0,0.157383
"Jun 18, 05:00 am",0,0.157383
"Jun 18, 06:00 am",0,0.157383
"Jun 18, 07:00 am",0,0.157383
"Jun 18, 08:00 am",0,0.157383
"Jun 18, 09:00 am",0,0.157383
"Jun 18, 10:00 am",0,0.157383
"Jun 18, 11:00 am",0,0.157383
"Jun 18, 12:00 pm",0,0.157383
"Jun 18, 01:00 pm",0,0.157383
"Jun 18, 02:00 pm",0,0.157383
"Jun 18, 03:00 pm",0,0.157383
"Jun 18, 04:00 pm",0,0.157383
"Jun 18, 05:00 pm",0,0.157383
"Jun 18, 06:00 pm",0,0.157383
"Jun 18, 07:00 pm",0,0.157383
"Jun 18, 08:00 pm",0,0.157383
"Jun 18, 09:00 pm",0,0.157383
"Jun 18, 10:00 pm",0,0.157383
"Jun 18, 11:00 pm",0,0.157383
"Jun 19, 12:00 am",0,0.157383
"Jun 19, 01:00 am",0,0.157383
"Jun 19, 02:00 am",0,0.157383
"Jun 19, 03:00 am",0,0.157383
"Jun 19, 04:00 am",0,0.157383
"Jun 19, 05:00 am",0,0.157383
"Jun 19, 06:00 am",0,0.157383
"Jun 19, 07:00 am",0,0.157383
"Jun 19, 08:00 am",0,0.157383
"Jun 19, 09:00 am",0,0.157383
"Jun 19, 10:00 am",0,0.157383
"Jun 19, 11:00 am",0,0.157383
"Jun 19, 12:00 pm",0,0.157383
"Jun 19, 01:00 pm",731.948,0.432732
"Jun 19, 02:00 pm",1482.36,0.720799
"Jun 19, 03:00 pm",1476.84,0.718094
"Jun 19, 04:00 pm",845.23,0.411072
"Jun 19, 05:00 pm",9.71616,0.157383
"Jun 19, 06:00 pm",0,0.157383
"Jun 19, 07:00 pm",0,0.157383
"Jun 19, 08:00 pm",0,0.157383
"Jun 19, 09:00 pm",0,0.157383
"Jun 19, 10:00 pm",0,0.157383
"Jun 19, 11:00 pm",0,0.157383
"Jun 20, 12:00 am",0,0.157383
"Jun 20, 01:00 am",0,0.157383
"Jun 20, 02:00 am",0,0.157383
"Jun 20, 03:00 am",0,0.157383
"Jun 20, 04:00 am",0,0.157383
"Jun 20, 05:00 am",0,0.157383
"Jun 20, 06:00 am",0,0.157383
"Jun 20, 07:00 am",0,0.157383
"Jun 20, 08:00 am",0,0.157383
"Jun 20, 09:00 am",0,0.157383
"Jun 20, 10:00 am",0,0.157383
"Jun 20, 11:00 am",0,0.157383
"Jun 20, 12:00 pm",0,0.157383
"Jun 20, 01:00 pm",0,0.157383
"Jun 20, 02:00 pm",0,0.157383
"Jun 20, 03:00 pm",0,0.157383
"Jun 20, 04:00 pm",0,0.157383
"Jun 20, 05:00 pm",0,0.157383
"Jun 20, 06:00 pm",0,0.157383
"Jun 20, 07:00 pm",0,0.157383
"Jun 20, 08:00 pm",0,0.157383
"Jun 20, 09:00 pm",0,0.157383
"Jun 20, 10:00 pm",0,0.157383
"Jun 20, 11:00 pm",0,0.157383
"Jun 21, 12:00 am",0,0.157383
"Jun 21, 01:00 am",0,0.157383
"Jun 21, 02:00 am",0,0.157383
"Jun 21, 03:00 am",0,0.157383
"Jun 21, 04:00 am",0,0.157383
"Jun 21, 05:00 am",0,0.157383
"Jun 21, 06:00 am",0,0.157383
"Jun 21, 07:00 am",0,0.157383
"Jun 21, 08:00 am",0,0.157383
"Jun 21, 09:00 am",0,0.157383
"Jun 21, 10:00 am",0,0.157383
"Jun 21, 11:00 am",0,0.157383
"Jun 21, 12:00 pm",0,0.157383
"Jun 21, 01:00 pm",0,0.157383
"Jun 21, 02:00 pm",871.409,0.496729
"Jun 21, 03:00 pm",1589.53,0.772255
"Jun 21, 04:00 pm",929.134,0.451834
"Jun 21, 05:00 pm",9.57585,0.157383
"Jun 21, 06:00 pm",0,0.157383
"Jun 21, 07:00 pm",0,0.157383
"Jun 21, 08:00 pm",0,0.157383
"Jun 21, 09:00 pm",0,0.157383
"Jun 21, 10:00 pm",0,0.157383
"Jun 21, 11:00 pm",0,0.157383
"Jun 22, 12:00 am",0,0.157383
"Jun 22, 01:00 am",0,0.157383
"Jun 22, 02:00 am",0,0.157383
"Jun 22, 03:00 am",0,0.157383
"Jun 22, 04:00 am",0,0.157383
"Jun 22, 05:00 am",0,0.157383
"Jun 22, 06:00 am",0,0.157383
"Jun 22, 07:00 am",0,0.157383
"Jun 22, 08:00 am",0,0.157383
"Jun 22, 09:00 am",0,0.157383
"Jun 22, 10:00 am",0,0.157383
"Jun 22, 11:00 am",0,0.157383
"Jun 22, 12:00 pm",0,0.157383
"Jun 22, 01:00 pm",0,0.157383
"Jun 22, 02:00 pm",0,0.157383
"Jun 22, 03:00 pm",0,0.157383
"Jun 22, 04:00 pm",0,0.157383
"Jun 22, 05:00 pm",0,0.157383
"Jun 22, 06:00 pm",0,0.157383
"Jun 22, 07:00 pm",0,0.157383
"Jun 22, 08:00 pm",0,0.157383
"Jun 22, 09:00 pm",0,0.157383
"Jun 22, 10:00 pm",0,0.157383
"Jun 22, 11:00 pm",0,0.157383
"Jun 23, 12:00 am",0,0.157383
"Jun 23, 01:00 am",0,0.157383
"Jun 23, 02:00 am",0,0.157383
"Jun 23, 03:00 am",0,0.157383
"Jun 23, 04:00 am",0,0.157383
"Jun 23, 05:00 am",0,0.157383
"Jun 23, 06:00 am",0,0.157383
"Jun 23, 07:00 am",0,0.157383
"Jun 23, 08:00 am",0,0.157383
"Jun 23, 09:00 am",0,0.157383
"Jun 23, 10:00 am",1490.39,0.723447
"Jun 23, 11:00 am",1653.16,0.803584
"Jun 23, 12:00 pm",1608.11,0.781494
"Jun 23, 01:00 pm",1554.09,0.755044
"Jun 23, 02:00 pm",1603.44,0.779153
"Jun 23, 03:00 pm",1605.84,0.780385
"Jun 23, 04:00 pm",957.138,0.465437
"Jun 23, 05:00 pm",9.76352,0.157383
"Jun 23, 06:00 pm",0,0.157383
"Jun 23, 07:00 pm",0,0.157383
"Jun 23, 08:00 pm",0,0.157383
"Jun 23, 09:00 pm",0,0.157383
"Jun 23, 10:00 pm",0,0.157383
"Jun 23, 11:00 pm",0,0.157383
"Jun 24, 12:00 am",0,0.157383
"Jun 24, 01:00 am",0,0.157383
"Jun 24, 02:00 am",0,0.157383
"Jun 24, 03:00 am",0,0.157383
"Jun 24, 04:00 am",0,0.157383
"Jun 24, 05:00 am",0,0.157383
"Jun 24, 06:00 am",0,0.157383
"Jun 24, 07:00 am",0,0.157383
"Jun 24, 08:00 am",0,0.157383
"Jun 24, 09:00 am",0,0.157383
"Jun 24, 10:00 am",1506.52,0.72662
"Jun 24, 11:00 am",1631.37,0.792896
"Jun 24, 12:00 pm",1588.6,0.77194
"Jun 24, 01:00 pm",1535.39,0.745849
"Jun 24, 02:00 pm",1584.45,0.769812
"Jun 24, 03:00 pm",12.3315,0.157383
"Jun 24, 04:00 pm",0,0.157383
"Jun 24, 05:00 pm",0,0.157383
"Jun 24, 06:00 pm",0,0.157383
"Jun 24, 07:00 pm",0,0.157383
"Jun 24, 08:00 pm",0,0.157383
"Jun 24, 09:00 pm",0,0.157383
"Jun 24, 10:00 pm",0,0.157383
"Jun 24, 11:00 pm",0,0.157383
"Jun 25, 12:00 am",0,0.157383
"Jun 25, 01:00 am",0,0.157383
"Jun 25, 02:00 am",0,0.157383
"Jun 25, 03:00 am",0,0.157383
"Jun 25, 04:00 am",0,0.157383
"Jun 25, 05:00 am",0,0.157383
"Jun 25, 06:00 am",0,0.157383
"Jun 25, 07:00 am",0,0.157383
"Jun 25, 08:00 am",0,0.157383
"Jun 25, 09:00 am",0,0.157383
"Jun 25, 10:00 am",0,0.157383
"Jun 25, 11:00 am",0,0.157383
"Jun 25, 12:00 pm",0,0.157383
"Jun 25, 01:00 pm",0,0.157383
"Jun 25, 02:00 pm",841.663,0.481939
"Jun 25, 03:00 pm",1516.05,0.736997
"Jun 25, 04:00 pm",906.721,0.44095
"Jun 25, 05:00 pm",9.8306,0.157383
"Jun 25, 06:00 pm",0,0.157383
"Jun 25, 07:00 pm",0,0.157383
"Jun 25, 08:00 pm",0,0.157383
"Jun 25, 09:00 pm",0,0.157383
"Jun 25, 10:00 pm",0,0.157383
"Jun 25, 11:00 pm",0,0.157383
"Jun 26, 12:00 am",0,0.157383
"Jun 26, 01:00 am",0,0.157383
"Jun 26, 02:00 am",0,0.157383
"Jun 26, 03:00 am",0,0.157383
"Jun 26, 04:00 am",0,0.157383
"Jun 26, 05:00 am",0,0.157383
"Jun 26, 06:00 am",0,0.157383
"Jun 26, 07:00 am",0,0.157383
"Jun 26, 08:00 am",0,0.157383
"Jun 26, 09:00 am",0,0.157383
"Jun 26, 10:00 am",0,0.157383
"Jun 26, 11:00 am",0,0.157383
"Jun 26, 12:00 pm",850.538,0.48606
"Jun 26, 01:00 pm",1472.97,0.716069
"Jun 26, 02:00 pm",1515.09,0.736699
"Jun 26, 03:00 pm",1517.68,0.737178
"Jun 26, 04:00 pm",922.215,0.448359
"Jun 26, 05:00 pm",10.1116,0.157383
"Jun 26, 06:00 pm",0,0.157383
"Jun 26, 07:00 pm",0,0.157383
"Jun 26, 08:00 pm",0,0.157383
"Jun 26, 09:00 pm",0,0.157383
"Jun 26, 10:00 pm",0,0.157383
"Jun 26, 11:00 pm",0,0.157383
"Jun 27, 12:00 am",0,0.157383
"Jun 27, 01:00 am",0,0.157383
"Jun 27, 02:00 am",0,0.157383
"Jun 27, 03:00 am",0,0.157383
"Jun 27, 04:00 am",0,0.157383
"Jun 27, 05:00 am",0,0.157383
"Jun 27, 06:00 am",0,0.157383
"Jun 27, 07:00 am",0,0.157383
"Jun 27, 08:00 am",0,0.157383
"Jun 27, 09:00 am",0,0.157383
"Jun 27, 10:00 am",0,0.157383
"Jun 27, 11:00 am",0,0.157383
"Jun 27, 12:00 pm",0,0.157383
"Jun 27, 01:00 pm",0,0.157383
"Jun 27, 02:00 pm",0,0.157383
"Jun 27, 03:00 pm",0,0.157383
"Jun 27, 04:00 pm",0,0.157383
"Jun 27, 05:00 pm",0,0.157383
"Jun 27, 06:00 pm",0,0.157383
"Jun 27, 07:00 pm",0,0.157383
"Jun 27, 08:00 pm",0,0.157383
"Jun 27, 09:00 pm",0,0.157383
"Jun 27, 10:00 pm",0,0.157383
"Jun 27, 11:00 pm",0,0.157383
"Jun 28, 12:00 am",0,0.157383
"Jun 28, 01:00 am",0,0.157383
"Jun 28, 02:00 am",0,0.157383
"Jun 28, 03:00 am",0,0.157383
"Jun 28, 04:00 am",0,0.157383
"Jun 28, 05:00 am",0,0.157383
"Jun 28, 06:00 am",0,0.157383
"Jun 28, 07:00 am",0,0.157383
"Jun 28, 08:00 am",0,0.157383
"Jun 28, 09:00 am",0,0.157383
"Jun 28, 10:00 am",0,0.157383
"Jun 28, 11:00 am",0,0.157383
"Jun 28, 12:00 pm",0,0.157383
"Jun 28, 01:00 pm",0,0.157383
"Jun 28, 02:00 pm",0,0.157383
"Jun 28, 03:00 pm",0,0.157383
"Jun 28, 04:00 pm",0,0.157383
"Jun 28, 05:00 pm",0,0.157383
"Jun 28, 06:00 pm",0,0.157383
"Jun 28, 07:00 pm",0,0.157383
"Jun 28, 08:00 pm",0,0.157383
"Jun 28, 09:00 pm",0,0.157383
"Jun 28, 10:00 pm",0,0.157383
"Jun 28, 11:00 pm",0,0.157383
"Jun 29, 12:00 am",0,0.157383
"Jun 29, 01:00 am",0,0.157383
"Jun 29, 02:00 am",0,0.157383
"Jun 29, 03:00 am",0,0.157383
"Jun 29, 04:00 am",0,0.157383
"Jun 29, 05:00 am",0,0.157383
"Jun 29, 06:00 am",0,0.157383
"Jun 29, 07:00 am",0,0.157383
"Jun 29, 08:00 am",0,0.157383
"Jun 29, 09:00 am",0,0.157383
"Jun 29, 10:00 am",1438.01,0.699588
"Jun 29, 11:00 am",1630.15,0.792357
"Jun 29, 12:00 pm",11.9837,0.157383
"Jun 29, 01:00 pm",0,0.157383
"Jun 29, 02:00 pm",0,0.157383
"Jun 29, 03:00 pm",0,0.157383
"Jun 29, 04:00 pm",0,0.157383
"Jun 29, 05:00 pm",0,0.157383
"Jun 29, 06:00 pm",0,0.157383
"Jun 29, 07:00 pm",0,0.157383
"Jun 29, 08:00 pm",0,0.157383
"Jun 29, 09:00 pm",0,0.157383
"Jun 29, 10:00 pm",0,0.157383
"Jun 29, 11:00 pm",0,0.157383
"Jun 30, 12:00 am",0,0.157383
"Jun 30, 01:00 am",0,0.157383
"Jun 30, 02:00 am",0,0.157383
"Jun 30, 03:00 am",0,0.157383
"Jun 30, 04:00 am",0,0.157383
"Jun 30, 05:00 am",0,0.157383
"Jun 30, 06:00 am",0,0.157383
"Jun 30, 07:00 am",0,0.157383
"Jun 30, 08:00 am",0,0.157383
"Jun 30, 09:00 am",0,0.157383
"Jun 30, 10:00 am",0,0.157383
"Jun 30, 11:00 am",0,0.157383
"Jun 30, 12:00 pm",0,0.157383
"Jun 30, 01:00 pm",0,0.157383
"Jun 30, 02:00 pm",0,0.157383
"Jun 30, 03:00 pm",0,0.157383
"Jun 30, 04:00 pm",0,0.157383
"Jun 30, 05:00 pm",0,0.157383
"Jun 30, 06:00 pm",0,0.157383
"Jun 30, 07:00 pm",0,0.157383
"Jun 30, 08:00 pm",0,0.157383
"Jun 30, 09:00 pm",0,0.157383
"Jun 30, 10:00 pm",0,0.157383
"Jun 30, 11:00 pm",0,0.157383
"Jul 1, 12:00 am",0,0.157383
"Jul 1, 01:00 am",0,0.157383
"Jul 1, 02:00 am",0,0.157383
"Jul 1, 03:00 am",0,0.157383
"Jul 1, 04:00 am",0,0.157383
"Jul 1, 05:00 am",0,0.157383
"Jul 1, 06:00 am",0,0.157383
"Jul 1, 07:00 am",0,0.157383
"Jul 1, 08:00 am",0,0.157383
"Jul 1, 09:00 am",0,0.157383
"Jul 1, 10:00 am",10.7837,0.157383
"Jul 1, 11:00 am",0,0.157383
"Jul 1, 12:00 pm",1290.09,0.733947
"Jul 1, 01:00 pm",1495.09,0.726873
"Jul 1, 02:00 pm",1536.93,0.746631
"Jul 1, 03:00 pm",1538.09,0.747092
"Jul 1, 04:00 pm",979.14,0.476076
"Jul 1, 05:00 pm",9.92604,0.157383
"Jul 1, 06:00 pm",0,0.157383
"Jul 1, 07:00 pm",0,0.157383
"Jul 1, 08:00 pm",0,0.157383
"Jul 1, 09:00 pm",0,0.157383
"Jul 1, 10:00 pm",0,0.157383
"Jul 1, 11:00 pm",0,0.157383
"Jul 2, 12:00 am",0,0.157383
"Jul 2, 01:00 am",0,0.157383
"Jul 2, 02:00 am",0,0.157383
"Jul 2, 03:00 am",0,0.157383
"Jul 2, 04:00 am",0,0.157383
"Jul 2, 05:00 am",0,0.157383
"Jul 2, 06:00 am",0,0.157383
"Jul 2, 07:00 am",0,0.157383
"Jul 2, 08:00 am",0,0.157383
"Jul 2, 09:00 am",0,0.157383
"Jul 2, 10:00 am",0,0.157383
"Jul 2, 11:00 am",0,0.157383
"Jul 2, 12:00 pm",0,0.157383
"Jul 2, 01:00 pm",0,0.157383
"Jul 2, 02:00 pm",0,0.157383
"Jul 2, 03:00 pm",0,0.157383
"Jul 2, 04:00 pm",0,0.157383
"Jul 2, 05:00 pm",0,0.157383
"Jul 2, 06:00 pm",0,0.157383
"Jul 2, 07:00 pm",0,0.157383
"Jul 2, 08:00 pm",0,0.157383
"Jul 2, 09:00 pm",0,0.157383
"Jul 2, 10:00 pm",0,0.157383
"Jul 2, 11:00 pm",0,0.157383
"Jul 3, 12:00 am",0,0.157383
"Jul 3, 01:00 am",0,0.157383
"Jul 3, 02:00 am",0,0.157383
"Jul 3, 03:00 am",0,0.157383
"Jul 3, 04:00 am",0,0.157383
"Jul 3, 05:00 am",0,0.157383
"Jul 3, 06:00 am",0,0.157383
"Jul 3, 07:00 am",0,0.157383
"Jul 3, 08:00 am",0,0.157383
"Jul 3, 09:00 am",0,0.157383
"Jul 3, 10:00 am",0,0.157383
"Jul 3, 11:00 am",0,0.157383
"Jul 3, 12:00 pm",0,0.157383
"Jul 3, 01:00 pm",0,0.157383
"Jul 3, 02:00 pm",0,0.157383
"Jul 3, 03:00 pm",0,0.157383
"Jul 3, 04:00 pm",0,0.157383
"Jul 3, 05:00 pm",0,0.157383
"Jul 3, 06:00 pm",0,0.157383
"Jul 3, 07:00 pm",0,0.157383
"Jul 3, 08:00 pm",0,0.157383
"Jul 3, 09:00 pm",0,0.157383
"Jul 3, 10:00 pm",0,0.157383
"Jul 3, 11:00 pm",0,0.157383
"Jul 4, 12:00 am",0,0.157383
"Jul 4, 01:00 am",0,0.157383
"Jul 4, 02:00 am",0,0.157383
"Jul 4, 03:00 am",0,0.157383
"Jul 4, 04:00 am",0,0.157383
"Jul 4, 05:00 am",0,0.157383
"Jul 4, 06:00 am",0,0.157383
"Jul 4, 07:00 am",0,0.157383
"Jul 4, 08:00 am",0,0.157383
"Jul 4, 09:00 am",0,0.157383
"Jul 4, 10:00 am",16.5559,0.157383
"Jul 4, 11:00 am",0,0.157383
"Jul 4, 12:00 pm",1379.57,0.784348
"Jul 4, 01:00 pm",1604.12,0.77953
"Jul 4, 02:00 pm",1656.17,0.804994
"Jul 4, 03:00 pm",1672,0.812709
"Jul 4, 04:00 pm",1117.65,0.543086
"Jul 4, 05:00 pm",10.2243,0.157383
"Jul 4, 06:00 pm",0,0.157383
"Jul 4, 07:00 pm",0,0.157383
"Jul 4, 08:00 pm",0,0.157383
"Jul 4, 09:00 pm",0,0.157383
"Jul 4, 10:00 pm",0,0.157383
"Jul 4, 11:00 pm",0,0.157383
"Jul 5, 12:00 am",0,0.157383
"Jul 5, 01:00 am",0,0.157383
"Jul 5, 02:00 am",0,0.157383
"Jul 5, 03:00 am",0,0.157383
"Jul 5, 04:00 am",0,0.157383
"Jul 5, 05:00 am",0,0.157383
"Jul 5, 06:00 am",0,0.157383
"Jul 5, 07:00 am",0,0.157383
"Jul 5, 08:00 am",0,0.157383
"Jul 5, 09:00 am",0,0.157383
"Jul 5, 10:00 am",0,0.157383
"Jul 5, 11:00 am",0,0.157383
"Jul 5, 12:00 pm",0,0.157383
"Jul 5, 01:00 pm",0,0.157383
"Jul 5, 02:00 pm",0,0.157383
"Jul 5, 03:00 pm",0,0.157383
"Jul 5, 04:00 pm",0,0.157383
"Jul 5, 05:00 pm",0,0.157383
"Jul 5, 06:00 pm",0,0.157383
"Jul 5, 07:00 pm",0,0.157383
"Jul 5, 08:00 pm",0,0.157383
"Jul 5, 09:00 pm",0,0.157383
"Jul 5, 10:00 pm",0,0.157383
"Jul 5, 11:00 pm",0,0.157383
"Jul 6, 12:00 am",0,0.157383
"Jul 6, 01:00 am",0,0.157383
"Jul 6, 02:00 am",0,0.157383
"Jul 6, 03:00 am",0,0.157383
"Jul 6, 04:00 am",0,0.157383
"Jul 6, 05:00 am",0,0.157383
"Jul 6, 06:00 am",0,0.157383
"Jul 6, 07:00 am",0,0.157383
"Jul 6, 08:00 am",0,0.157383
"Jul 6, 09:00 am",0,0.157383
"Jul 6, 10:00 am",0,0.157383
"Jul 6, 11:00 am",0,0.157383
"Jul 6, 12:00 pm",864.803,0.493836
"Jul 6, 01:00 pm",1536.54,0.746239
"Jul 6, 02:00 pm",1573.63,0.764507
"Jul 6, 03:00 pm",1585.3,0.770304
"Jul 6, 04:00 pm",1075.71,0.523115
"Jul 6, 05:00 pm",10.2279,0.157383
"Jul 6, 06:00 pm",0,0.157383
"Jul 6, 07:00 pm",0,0.157383
"Jul 6, 08:00 pm",0,0.157383
"Jul 6, 09:00 pm",0,0.157383
"Jul 6, 10:00 pm",0,0.157383
"Jul 6, 11:00 pm",0,0.157383
"Jul 7, 12:00 am",0,0.157383
"Jul 7, 01:00 am",0,0.157383
"Jul 7, 02:00 am",0,0.157383
"Jul 7, 03:00 am",0,0.157383
"Jul 7, 04:00 am",0,0.157383
"Jul 7, 05:00 am",0,0.157383
"Jul 7, 06:00 am",0,0.157383
"Jul 7, 07:00 am",0,0.157383
"Jul 7, 08:00 am",0,0.157383
"Jul 7, 09:00 am",0,0.157383
"Jul 7, 10:00 am",0,0.157383
"Jul 7, 11:00 am",0,0.157383
"Jul 7, 12:00 pm",0,0.157383
"Jul 7, 01:00 pm",0,0.157383
"Jul 7, 02:00 pm",0,0.157383
"Jul 7, 03:00 pm",0,0.157383
"Jul 7, 04:00 pm",0,0.157383
"Jul 7, 05:00 pm",0,0.157383
"Jul 7, 06:00 pm",0,0.157383
"Jul 7, 07:00 pm",0,0.157383
"Jul 7, 08:00 pm",0,0.157383
"Jul 7, 09:00 pm",0,0.157383
"Jul 7, 10:00 pm",0,0.157383
"Jul 7, 11:00 pm",0,0.157383
"Jul 8, 12:00 am",0,0.157383
"Jul 8, 01:00 am",0,0.157383
"Jul 8, 02:00 am",0,0.157383
"Jul 8, 03:00 am",0,0.157383
"Jul 8, 04:00 am",0,0.157383
"Jul 8, 05:00 am",0,0.157383
"Jul 8, 06:00 am",0,0.157383
"Jul 8, 07:00 am",0,0.157383
"Jul 8, 08:00 am",0,0.157383
"Jul 8, 09:00 am",0,0.157383
"Jul 8, 10:00 am",0,0.157383
"Jul 8, 11:00 am",0,0.157383
"Jul 8, 12:00 pm",921.639,0.519862
"Jul 8, 01:00 pm",1599.49,0.777052
"Jul 8, 02:00 pm",1638.95,0.796566
"Jul 8, 03:00 pm",1655.04,0.804421
"Jul 8, 04:00 pm",1154.67,0.56111
"Jul 8, 05:00 pm",10.2978,0.157383
"Jul 8, 06:00 pm",0,0.157383
"Jul 8, 07:00 pm",0,0.157383
"Jul 8, 08:00 pm",0,0.157383
"Jul 8, 09:00 pm",0,0.157383
"Jul 8, 10:00 pm",0,0.157383
"Jul 8, 11:00 pm",0,0.157383
"Jul 9, 12:00 am",0,0.157383
"Jul 9, 01:00 am",0,0.157383
"Jul 9, 02:00 am",0,0.157383
"Jul 9, 03:00 am",0,0.157383
"Jul 9, 04:00 am",0,0.157383
"Jul 9, 05:00 am",0,0.157383
"Jul 9, 06:00 am",0,0.157383
"Jul 9, 07:00 am",0,0.157383
"Jul 9, 08:00 am",0,0.157383
"Jul 9, 09:00 am",0,0.187778
"Jul 9, 10:00 am",1240.1,0.707799
"Jul 9, 11:00 am",1706.35,0.829535
"Jul 9, 12:00 pm",1665.45,0.809476
"Jul 9, 01:00 pm",1613.29,0.783993
"Jul 9, 02:00 pm",1657.04,0.805391
"Jul 9, 03:00 pm",1678.93,0.816061
"Jul 9, 04:00 pm",1191.45,0.578999
"Jul 9, 05:00 pm",10.5525,0.157383
"Jul 9, 06:00 pm",0,0.157383
"Jul 9, 07:00 pm",0,0.157383
"Jul 9, 08:00 pm",0,0.157383
"Jul 9, 09:00 pm",0,0.157383
"Jul 9, 10:00 pm",0,0.157383
"Jul 9, 11:00 pm",0,0.157383
"Jul 10, 12:00 am",0,0.157383
"Jul 10, 01:00 am",0,0.157383
"Jul 10, 02:00 am",0,0.157383
"Jul 10, 03:00 am",0,0.157383
"Jul 10, 04:00 am",0,0.157383
"Jul 10, 05:00 am",0,0.157383
"Jul 10, 06:00 am",0,0.157383
"Jul 10, 07:00 am",0,0.157383
"Jul 10, 08:00 am",0,0.157383
"Jul 10, 09:00 am",0,0.157383
"Jul 10, 10:00 am",0,0.157383
"Jul 10, 11:00 am",0,0.157383
"Jul 10, 12:00 pm",992.387,0.55083
"Jul 10, 01:00 pm",1629.82,0.791934
"Jul 10, 02:00 pm",1664.13,0.808845
"Jul 10, 03:00 pm",1682.65,0.817881
"Jul 10, 04:00 pm",1205.94,0.586065
"Jul 10, 05:00 pm",10.4466,0.157383
"Jul 10, 06:00 pm",0,0.157383
"Jul 10, 07:00 pm",0,0.157383
"Jul 10, 08:00 pm",0,0.157383
"Jul 10, 09:00 pm",0,0.157383
"Jul 10, 10:00 pm",0,0.157383
"Jul 10, 11:00 pm",0,0.157383
"Jul 11, 12:00 am",0,0.157383
"Jul 11, 01:00 am",0,0.157383
"Jul 11, 02:00 am",0,0.157383
"Jul 11, 03:00 am",0,0.157383
"Jul 11, 04:00 am",0,0.157383
"Jul 11, 05:00 am",0,0.157383
"Jul 11, 06:00 am",0,0.157383
"Jul 11, 07:00 am",0,0.157383
"Jul 11, 08:00 am",0,0.157383
"Jul 11, 09:00 am",0,0.190917
"Jul 11, 10:00 am",1303.61,0.742603
"Jul 11, 11:00 am",1775.8,0.863364
"Jul 11, 12:00 pm",1714.98,0.833622
"Jul 11, 01:00 pm",1649.51,0.80168
"Jul 11, 02:00 pm",12.7243,0.157383
"Jul 11, 03:00 pm",0,0.157383
"Jul 11, 04:00 pm",0,0.157383
"Jul 11, 05:00 pm",0,0.157383
"Jul 11, 06:00 pm",0,0.157383
"Jul 11, 07:00 pm",0,0.157383
"Jul 11, 08:00 pm",0,0.157383
"Jul 11, 09:00 pm",0,0.157383
"Jul 11, 10:00 pm",0,0.157383
"Jul 11, 11:00 pm",0,0.157383
"Jul 12, 12:00 am",0,0.157383
"Jul 12, 01:00 am",0,0.157383
"Jul 12, 02:00 am",0,0.157383
"Jul 12, 03:00 am",0,0.157383
"Jul 12, 04:00 am",0,0.157383
"Jul 12, 05:00 am",0,0.157383
"Jul 12, 06:00 am",0,0.157383
"Jul 12, 07:00 am",0,0.157383
"Jul 12, 08:00 am",0,0.157383
"Jul 12, 09:00 am",0,0.157383
"Jul 12, 10:00 am",0,0.157383
"Jul 12, 11:00 am",0,0.157383
"Jul 12, 12:00 pm",0,0.157383
"Jul 12, 01:00 pm",0,0.157383
"Jul 12, 02:00 pm",942.199,0.528021
"Jul 12, 03:00 pm",1629.4,0.791835
"Jul 12, 04:00 pm",11.6386,0.157383
"Jul 12, 05:00 pm",0,0.157383
"Jul 12, 06:00 pm",0,0.157383
"Jul 12, 07:00 pm",0,0.157383
"Jul 12, 08:00 pm",0,0.157383
"Jul 12, 09:00 pm",0,0.157383
"Jul 12, 10:00 pm",0,0.157383
"Jul 12, 11:00 pm",0,0.157383
"Jul 13, 12:00 am",0,0.157383
"Jul 13, 01:00 am",0,0.157383
"Jul 13, 02:00 am",0,0.157383
"Jul 13, 03:00 am",0,0.157383
"Jul 13, 04:00 am",0,0.157383
"Jul 13, 05:00 am",0,0.157383
"Jul 13, 06:00 am",0,0.157383
"Jul 13, 07:00 am",0,0.157383
"Jul 13, 08:00 am",0,0.157383
"Jul 13, 09:00 am",0,0.187309
"Jul 13, 10:00 am",0,0.157383
"Jul 13, 11:00 am",0,0.157383
"Jul 13, 12:00 pm",0,0.157383
"Jul 13, 01:00 pm",0,0.157383
"Jul 13, 02:00 pm",0,0.157383
"Jul 13, 03:00 pm",0,0.157383
"Jul 13, 04:00 pm",0,0.157383
"Jul 13, 05:00 pm",0,0.157383
"Jul 13, 06:00 pm",0,0.157383
"Jul 13, 07:00 pm",0,0.157383
"Jul 13, 08:00 pm",0,0.157383
"Jul 13, 09:00 pm",0,0.157383
"Jul 13, 10:00 pm",0,0.157383
"Jul 13, 11:00 pm",0,0.157383
"Jul 14, 12:00 am",0,0.157383
"Jul 14, 01:00 am",0,0.157383
"Jul 14, 02:00 am",0,0.157383
"Jul 14, 03:00 am",0,0.157383
"Jul 14, 04:00 am",0,0.157383
"Jul 14, 05:00 am",0,0.157383
"Jul 14, 06:00 am",0,0.157383
"Jul 14, 07:00 am",0,0.157383
"Jul 14, 08:00 am",0,0.157383
"Jul 14, 09:00 am",0,0.157383
"Jul 14, 10:00 am",0,0.157383
"Jul 14, 11:00 am",0,0.157383
"Jul 14, 12:00 pm",0,0.157383
"Jul 14, 01:00 pm",0,0.157383
"Jul 14, 02:00 pm",0,0.157383
"Jul 14, 03:00 pm",0,0.157383
"Jul 14, 04:00 pm",0,0.157383
"Jul 14, 05:00 pm",0,0.157383
"Jul 14, 06:00 pm",0,0.157383
"Jul 14, 07:00 pm",0,0.157383
"Jul 14, 08:00 pm",0,0.157383
"Jul 14, 09:00 pm",0,0.157383
"Jul 14, 10:00 pm",0,0.157383
"Jul 14, 11:00 pm",0,0.157383
"Jul 15, 12:00 am",0,0.157383
"Jul 15, 01:00 am",0,0.157383
"Jul 15, 02:00 am",0,0.157383
"Jul 15, 03:00 am",0,0.157383
"Jul 15, 04:00 am",0,0.157383
"Jul 15, 05:00 am",0,0.157383
"Jul 15, 06:00 am",0,0.157383
"Jul 15, 07:00 am",0,0.157383
"Jul 15, 08:00 am",0,0.157383
"Jul 15, 09:00 am",0,0.157383
"Jul 15, 10:00 am",1508.02,0.729948
"Jul 15, 11:00 am",1724.23,0.838275
"Jul 15, 12:00 pm",12.0886,0.157383
"Jul 15, 01:00 pm",0,0.157383
"Jul 15, 02:00 pm",0,0.157383
"Jul 15, 03:00 pm",0,0.157383
"Jul 15, 04:00 pm",0,0.157383
"Jul 15, 05:00 pm",0,0.157383
"Jul 15, 06:00 pm",0,0.157383
"Jul 15, 07:00 pm",0,0.157383
"Jul 15, 08:00 pm",0,0.157383
"Jul 15, 09:00 pm",0,0.157383
"Jul 15, 10:00 pm",0,0.157383
"Jul 15, 11:00 pm",0,0.157383
"Jul 16, 12:00 am",0,0.157383
"Jul 16, 01:00 am",0,0.157383
"Jul 16, 02:00 am",0,0.157383
"Jul 16, 03:00 am",0,0.157383
"Jul 16, 04:00 am",0,0.157383
"Jul 16, 05:00 am",0,0.157383
"Jul 16, 06:00 am",0,0.157383
"Jul 16, 07:00 am",0,0.157383
"Jul 16, 08:00 am",0,0.157383
"Jul 16, 09:00 am",0,0.157383
"Jul 16, 10:00 am",0,0.157383
"Jul 16, 11:00 am",0,0.157383
"Jul 16, 12:00 pm",0,0.157383
"Jul 16, 01:00 pm",0,0.157383
"Jul 16, 02:00 pm",0,0.157383
"Jul 16, 03:00 pm",0,0.157383
"Jul 16, 04:00 pm",0,0.157383
"Jul 16, 05:00 pm",0,0.157383
"Jul 16, 06:00 pm",0,0.157383
"Jul 16, 07:00 pm",0,0.157383
"Jul 16, 08:00 pm",0,0.157383
"Jul 16, 09:00 pm",0,0.157383
"Jul 16, 10:00 pm",0,0.157383
"Jul 16, 11:00 pm",0,0.157383
"Jul 17, 12:00 am",0,0.157383
"Jul 17, 01:00 am",0,0.157383
"Jul 17, 02:00 am",0,0.157383
"Jul 17, 03:00 am",0,0.157383
"Jul 17, 04:00 am",0,0.157383
"Jul 17, 05:00 am",0,0.157383
"Jul 17, 06:00 am",0,0.157383
"Jul 17, 07:00 am",0,0.157383
"Jul 17, 08:00 am",0,0.157383
"Jul 17, 09:00 am",0,0.157383
"Jul 17, 10:00 am",1560.35,0.753479
"Jul 17, 11:00 am",1765.06,0.858167
"Jul 17, 12:00 pm",1721.81,0.836996
"Jul 17, 01:00 pm",1679.88,0.816545
"Jul 17, 02:00 pm",1710.15,0.831327
"Jul 17, 03:00 pm",1742.41,0.847055
"Jul 17, 04:00 pm",1300.9,0.632325
"Jul 17, 05:00 pm",12.2971,0.157383
"Jul 17, 06:00 pm",0,0.157383
"Jul 17, 07:00 pm",0,0.157383
"Jul 17, 08:00 pm",0,0.157383
"Jul 17, 09:00 pm",0,0.157383
"Jul 17, 10:00 pm",0,0.157383
"Jul 17, 11:00 pm",0,0.157383
"Jul 18, 12:00 am",0,0.157383
"Jul 18, 01:00 am",0,0.157383
"Jul 18, 02:00 am",0,0.157383
"Jul 18, 03:00 am",0,0.157383
"Jul 18, 04:00 am",0,0.157383
"Jul 18, 05:00 am",0,0.157383
"Jul 18, 06:00 am",0,0.157383
"Jul 18, 07:00 am",0,0.157383
"Jul 18, 08:00 am",0,0.157383
"Jul 18, 09:00 am",0,0.193188
"Jul 18, 10:00 am",1334.05,0.759827
"Jul 18, 11:00 am",1832.01,0.891227
"Jul 18, 12:00 pm",1779.01,0.864837
"Jul 18, 01:00 pm",1732.31,0.842086
"Jul 18, 02:00 pm",1757.54,0.854392
"Jul 18, 03:00 pm",1792.2,0.871269
"Jul 18, 04:00 pm",1345.46,0.653998
"Jul 18, 05:00 pm",13.4525,0.157383
"Jul 18, 06:00 pm",0,0.157383
"Jul 18, 07:00 pm",0,0.157383
"Jul 18, 08:00 pm",0,0.157383
"Jul 18, 09:00 pm",0,0.157383
"Jul 18, 10:00 pm",0,0.157383
"Jul 18, 11:00 pm",0,0.157383
"Jul 19, 12:00 am",0,0.157383
"Jul 19, 01:00 am",0,0.157383
"Jul 19, 02:00 am",0,0.157383
"Jul 19, 03:00 am",0,0.157383
"Jul 19, 04:00 am",0,0.157383
"Jul 19, 05:00 am",0,0.157383
"Jul 19, 06:00 am",0,0.157383
"Jul 19, 07:00 am",0,0.157383
"Jul 19, 08:00 am",0,0.157383
"Jul 19, 09:00 am",0,0.193978
"Jul 19, 10:00 am",1343.32,0.765355
"Jul 19, 11:00 am",1845.2,0.897365
"Jul 19, 12:00 pm",1787.53,0.868995
"Jul 19, 01:00 pm",1739.1,0.845409
"Jul 19, 02:00 pm",1757.61,0.854447
"Jul 19, 03:00 pm",12.3675,0.157383
"Jul 19, 04:00 pm",0,0.157383
"Jul 19, 05:00 pm",0,0.157383
"Jul 19, 06:00 pm",0,0.157383
"Jul 19, 07:00 pm",0,0.157383
"Jul 19, 08:00 pm",0,0.157383
"Jul 19, 09:00 pm",0,0.157383
"Jul 19, 10:00 pm",0,0.157383
"Jul 19, 11:00 pm",0,0.157383
"Jul 20, 12:00 am",0,0.157383
"Jul 20, 01:00 am",0,0.157383
"Jul 20, 02:00 am",0,0.157383
"Jul 20, 03:00 am",0,0.157383
"Jul 20, 04:00 am",0,0.157383
"Jul 20, 05:00 am",0,0.157383
"Jul 20, 06:00 am",0,0.157383
"Jul 20, 07:00 am",0,0.157383
"Jul 20, 08:00 am",0,0.157383
"Jul 20, 09:00 am",0,0.157383
"Jul 20, 10:00 am",0,0.157383
"Jul 20, 11:00 am",0,0.157383
"Jul 20, 12:00 pm",0,0.157383
"Jul 20, 01:00 pm",0,0.157383
"Jul 20, 02:00 pm",0,0.157383
"Jul 20, 03:00 pm",0,0.157383
"Jul 20, 04:00 pm",0,0.157383
"Jul 20, 05:00 pm",0,0.157383
"Jul 20, 06:00 pm",0,0.157383
"Jul 20, 07:00 pm",0,0.157383
"Jul 20, 08:00 pm",0,0.157383
"Jul 20, 09:00 pm",0,0.157383
"Jul 20, 10:00 pm",0,0.157383
"Jul 20, 11:00 pm",0,0.157383
"Jul 21, 12:00 am",0,0.157383
"Jul 21, 01:00 am",0,0.157383
"Jul 21, 02:00 am",0,0.157383
"Jul 21, 03:00 am",0,0.157383
"Jul 21, 04:00 am",0,0.157383
"Jul 21, 05:00 am",0,0.157383
"Jul 21, 06:00 am",0,0.157383
"Jul 21, 07:00 am",0,0.157383
"Jul 21, 08:00 am",0,0.157383
"Jul 21, 09:00 am",0,0.157383
"Jul 21, 10:00 am",0,0.157383
"Jul 21, 11:00 am",0,0.157383
"Jul 21, 12:00 pm",989.517,0.55083
"Jul 21, 01:00 pm",1736.17,0.843936
"Jul 21, 02:00 pm",1756.26,0.853794
"Jul 21, 03:00 pm",1792.23,0.871315
"Jul 21, 04:00 pm",1346.55,0.654566
"Jul 21, 05:00 pm",14.7649,0.157383
"Jul 21, 06:00 pm",0,0.157383
"Jul 21, 07:00 pm",0,0.157383
"Jul 21, 08:00 pm",0,0.157383
"Jul 21, 09:00 pm",0,0.157383
"Jul 21, 10:00 pm",0,0.157383
"Jul 21, 11:00 pm",0,0.157383
"Jul 22, 12:00 am",0,0.157383
"Jul 22, 01:00 am",0,0.157383
"Jul 22, 02:00 am",0,0.157383
"Jul 22, 03:00 am",0,0.157383
"Jul 22, 04:00 am",0,0.157383
"Jul 22, 05:00 am",0,0.157383
"Jul 22, 06:00 am",0,0.157383
"Jul 22, 07:00 am",0,0.157383
"Jul 22, 08:00 am",0,0.157383
"Jul 22, 09:00 am",0,0.196451
"Jul 22, 10:00 am",1380.21,0.784967
"Jul 22, 11:00 am",1893.63,0.920365
"Jul 22, 12:00 pm",1837.53,0.893676
"Jul 22, 01:00 pm",1794.13,0.872187
"Jul 22, 02:00 pm",1805.28,0.877632
"Jul 22, 03:00 pm",1840.65,0.895164
"Jul 22, 04:00 pm",1387.93,0.674693
"Jul 22, 05:00 pm",16.1076,0.157383
"Jul 22, 06:00 pm",0,0.157383
"Jul 22, 07:00 pm",0,0.157383
"Jul 22, 08:00 pm",0,0.157383
"Jul 22, 09:00 pm",0,0.157383
"Jul 22, 10:00 pm",0,0.157383
"Jul 22, 11:00 pm",0,0.157383
"Jul 23, 12:00 am",0,0.157383
"Jul 23, 01:00 am",0,0.157383
"Jul 23, 02:00 am",0,0.157383
"Jul 23, 03:00 am",0,0.157383
"Jul 23, 04:00 am",0,0.157383
"Jul 23, 05:00 am",0,0.157383
"Jul 23, 06:00 am",0,0.157383
"Jul 23, 07:00 am",0,0.157383
"Jul 23, 08:00 am",0,0.157383
"Jul 23, 09:00 am",0,0.195959
"Jul 23, 10:00 am",1367.42,0.777785
"Jul 23, 11:00 am",1879.83,0.913724
"Jul 23, 12:00 pm",1829.9,0.890149
"Jul 23, 01:00 pm",1790.47,0.870405
"Jul 23, 02:00 pm",1802.17,0.876111
"Jul 23, 03:00 pm",1840.27,0.894981
"Jul 23, 04:00 pm",1390.27,0.67583
"Jul 23, 05:00 pm",16.966,0.157383
"Jul 23, 06:00 pm",6.67447,0.157383
"Jul 23, 07:00 pm",0,0.157383
"Jul 23, 08:00 pm",0,0.157383
"Jul 23, 09:00 pm",0,0.157383
"Jul 23, 10:00 pm",0,0.157383
"Jul 23, 11:00 pm",0,0.157383
"Jul 24, 12:00 am",0,0.157383
"Jul 24, 01:00 am",0,0.157383
"Jul 24, 02:00 am",0,0.157383
"Jul 24, 03:00 am",0,0.157383
"Jul 24, 04:00 am",0,0.157383
"Jul 24, 05:00 am",0,0.157383
"Jul 24, 06:00 am",0,0.157383
"Jul 24, 07:00 am",0,0.157383
"Jul 24, 08:00 am",0,0.157383
"Jul 24, 09:00 am",0,0.197199
"Jul 24, 10:00 am",1388.79,0.789653
"Jul 24, 11:00 am",1907.24,0.926975
"Jul 24, 12:00 pm",1859.78,0.904074
"Jul 24, 01:00 pm",1824.01,0.887421
"Jul 24, 02:00 pm",1836.22,0.893079
"Jul 24, 03:00 pm",1874.72,0.91119
"Jul 24, 04:00 pm",1419.86,0.690218
"Jul 24, 05:00 pm",18.3064,0.157383
"Jul 24, 06:00 pm",8.55779,0.157383
"Jul 24, 07:00 pm",0,0.157383
"Jul 24, 08:00 pm",0,0.157383
"Jul 24, 09:00 pm",0,0.157383
"Jul 24, 10:00 pm",0,0.157383
"Jul 24, 11:00 pm",0,0.157383
"Jul 25, 12:00 am",0,0.157383
"Jul 25, 01:00 am",0,0.157383
"Jul 25, 02:00 am",0,0.157383
"Jul 25, 03:00 am",0,0.157383
"Jul 25, 04:00 am",0,0.157383
"Jul 25, 05:00 am",0,0.157383
"Jul 25, 06:00 am",0,0.157383
"Jul 25, 07:00 am",0,0.157383
"Jul 25, 08:00 am",0,0.157383
"Jul 25, 09:00 am",141.616,0.242269
"Jul 25, 10:00 am",1712.87,0.832796
"Jul 25, 11:00 am",1942.43,0.944299
"Jul 25, 12:00 pm",1912.16,0.929268
"Jul 25, 01:00 pm",1879.5,0.913429
"Jul 25, 02:00 pm",1892.1,0.919509
"Jul 25, 03:00 pm",1934.01,0.940088
"Jul 25, 04:00 pm",1467.63,0.713444
"Jul 25, 05:00 pm",23.1671,0.157383
"Jul 25, 06:00 pm",9.65481,0.157383
"Jul 25, 07:00 pm",0,0.157383
"Jul 25, 08:00 pm",0,0.157383
"Jul 25, 09:00 pm",0,0.157383
"Jul 25, 10:00 pm",0,0.157383
"Jul 25, 11:00 pm",0,0.157383
"Jul 26, 12:00 am",0,0.157383
"Jul 26, 01:00 am",0,0.157383
"Jul 26, 02:00 am",0,0.157383
"Jul 26, 03:00 am",0,0.157383
"Jul 26, 04:00 am",0,0.157383
"Jul 26, 05:00 am",0,0.157383
"Jul 26, 06:00 am",0,0.157383
"Jul 26, 07:00 am",0,0.157383
"Jul 26, 08:00 am",0,0.157383
"Jul 26, 09:00 am",150.619,0.247789
"Jul 26, 10:00 am",1729.08,0.840582
"Jul 26, 11:00 am",12.7752,0.157383
"Jul 26, 12:00 pm",0,0.157383
"Jul 26, 01:00 pm",1562.93,0.886281
"Jul 26, 02:00 pm",1883.07,0.915083
"Jul 26, 03:00 pm",1925.03,0.935634
"Jul 26, 04:00 pm",1459.34,0.709418
"Jul 26, 05:00 pm",28.6709,0.157383
"Jul 26, 06:00 pm",9.64336,0.157383
"Jul 26, 07:00 pm",0,0.157383
"Jul 26, 08:00 pm",0,0.157383
"Jul 26, 09:00 pm",0,0.157383
"Jul 26, 10:00 pm",0,0.157383
"Jul 26, 11:00 pm",0,0.157383
"Jul 27, 12:00 am",0,0.157383
"Jul 27, 01:00 am",0,0.157383
"Jul 27, 02:00 am",0,0.157383
"Jul 27, 03:00 am",0,0.157383
"Jul 27, 04:00 am",0,0.157383
"Jul 27, 05:00 am",0,0.157383
"Jul 27, 06:00 am",0,0.157383
"Jul 27, 07:00 am",0,0.157383
"Jul 27, 08:00 am",0,0.157383
"Jul 27, 09:00 am",151.203,0.24757
"Jul 27, 10:00 am",1710.5,0.831684
"Jul 27, 11:00 am",1942.31,0.944299
"Jul 27, 12:00 pm",13.0427,0.157383
"Jul 27, 01:00 pm",0,0.157383
"Jul 27, 02:00 pm",0,0.157383
"Jul 27, 03:00 pm",0,0.157383
"Jul 27, 04:00 pm",0,0.157383
"Jul 27, 05:00 pm",0,0.157383
"Jul 27, 06:00 pm",0,0.157383
"Jul 27, 07:00 pm",0,0.157383
"Jul 27, 08:00 pm",0,0.157383
"Jul 27, 09:00 pm",0,0.157383
"Jul 27, 10:00 pm",0,0.157383
"Jul 27, 11:00 pm",0,0.157383
"Jul 28, 12:00 am",0,0.157383
"Jul 28, 01:00 am",0,0.157383
"Jul 28, 02:00 am",0,0.157383
"Jul 28, 03:00 am",0,0.157383
"Jul 28, 04:00 am",0,0.157383
"Jul 28, 05:00 am",0,0.157383
"Jul 28, 06:00 am",0,0.157383
"Jul 28, 07:00 am",0,0.157383
"Jul 28, 08:00 am",0,0.157383
"Jul 28, 09:00 am",0,0.157383
"Jul 28, 10:00 am",0,0.157383
"Jul 28, 11:00 am",0,0.157383
"Jul 28, 12:00 pm",0,0.157383
"Jul 28, 01:00 pm",0,0.157383
"Jul 28, 02:00 pm",0,0.157383
"Jul 28, 03:00 pm",0,0.157383
"Jul 28, 04:00 pm",0,0.157383
"Jul 28, 05:00 pm",0,0.157383
"Jul 28, 06:00 pm",0,0.157383
"Jul 28, 07:00 pm",0,0.157383
"Jul 28, 08:00 pm",0,0.157383
"Jul 28, 09:00 pm",0,0.157383
"Jul 28, 10:00 pm",0,0.157383
"Jul 28, 11:00 pm",0,0.157383
"Jul 29, 12:00 am",0,0.157383
"Jul 29, 01:00 am",0,0.157383
"Jul 29, 02:00 am",0,0.157383
"Jul 29, 03:00 am",0,0.157383
"Jul 29, 04:00 am",0,0.157383
"Jul 29, 05:00 am",0,0.157383
"Jul 29, 06:00 am",0,0.157383
"Jul 29, 07:00 am",0,0.157383
"Jul 29, 08:00 am",0,0.157383
"Jul 29, 09:00 am",0,0.157383
"Jul 29, 10:00 am",0,0.157383
"Jul 29, 11:00 am",0,0.157383
"Jul 29, 12:00 pm",0,0.157383
"Jul 29, 01:00 pm",0,0.157383
"Jul 29, 02:00 pm",0,0.157383
"Jul 29, 03:00 pm",0,0.157383
"Jul 29, 04:00 pm",0,0.157383
"Jul 29, 05:00 pm",0,0.157383
"Jul 29, 06:00 pm",0,0.157383
"Jul 29, 07:00 pm",0,0.157383
"Jul 29, 08:00 pm",0,0.157383
"Jul 29, 09:00 pm",0,0.157383
"Jul 29, 10:00 pm",0,0.157383
"Jul 29, 11:00 pm",0,0.157383
"Jul 30, 12:00 am",0,0.157383
"Jul 30, 01:00 am",0,0.157383
"Jul 30, 02:00 am",0,0.157383
"Jul 30, 03:00 am",0,0.157383
"Jul 30, 04:00 am",0,0.157383
"Jul 30, 05:00 am",0,0.157383
"Jul 30, 06:00 am",0,0.157383
"Jul 30, 07:00 am",0,0.157383
"Jul 30, 08:00 am",0,0.157383
"Jul 30, 09:00 am",0,0.157383
"Jul 30, 10:00 am",0,0.157383
"Jul 30, 11:00 am",0,0.157383
"Jul 30, 12:00 pm",0,0.157383
"Jul 30, 01:00 pm",0,0.157383
"Jul 30, 02:00 pm",0,0.157383
"Jul 30, 03:00 pm",0,0.157383
"Jul 30, 04:00 pm",0,0.157383
"Jul 30, 05:00 pm",0,0.157383
"Jul 30, 06:00 pm",0,0.157383
"Jul 30, 07:00 pm",0,0.157383
"Jul 30, 08:00 pm",0,0.157383
"Jul 30, 09:00 pm",0,0.157383
"Jul 30, 10:00 pm",0,0.157383
"Jul 30, 11:00 pm",0,0.157383
"Jul 31, 12:00 am",0,0.157383
"Jul 31, 01:00 am",0,0.157383
"Jul 31, 02:00 am",0,0.157383
"Jul 31, 03:00 am",0,0.157383
"Jul 31, 04:00 am",0,0.157383
"Jul 31, 05:00 am",0,0.157383
"Jul 31, 06:00 am",0,0.157383
"Jul 31, 07:00 am",0,0.157383
"Jul 31, 08:00 am",0,0.157383
"Jul 31, 09:00 am",0,0.157383
"Jul 31, 10:00 am",0,0.157383
"Jul 31, 11:00 am",0,0.157383
"Jul 31, 12:00 pm",0,0.157383
"Jul 31, 01:00 pm",0,0.157383
"Jul 31, 02:00 pm",0,0.157383
"Jul 31, 03:00 pm",0,0.157383
"Jul 31, 04:00 pm",0,0.157383
"Jul 31, 05:00 pm",0,0.157383
"Jul 31, 06:00 pm",0,0.157383
"Jul 31, 07:00 pm",0,0.157383
"Jul 31, 08:00 pm",0,0.157383
"Jul 31, 09:00 pm",0,0.157383
"Jul 31, 10:00 pm",0,0.157383
"Jul 31, 11:00 pm",0,0.157383
"Aug 1, 12:00 am",0,0.157383
"Aug 1, 01:00 am",0,0.157383
"Aug 1, 02:00 am",0,0.157383
"Aug 1, 03:00 am",0,0.157383
"Aug 1, 04:00 am",0,0.157383
"Aug 1, 05:00 am",0,0.157383
"Aug 1, 06:00 am",0,0.157383
"Aug 1, 07:00 am",0,0.157383
"Aug 1, 08:00 am",0,0.157383
"Aug 1, 09:00 am",163.74,0.256946
"Aug 1, 10:00 am",1766.42,0.858847
"Aug 1, 11:00 am",1944.16,0.944299
"Aug 1, 12:00 pm",1943.58,0.944299
"Aug 1, 01:00 pm",1943.27,0.944299
"Aug 1, 02:00 pm",1943.28,0.944299
"Aug 1, 03:00 pm",1942.59,0.944299
"Aug 1, 04:00 pm",1547.39,0.751604
"Aug 1, 05:00 pm",87.8219,0.157383
"Aug 1, 06:00 pm",9.91469,0.157383
"Aug 1, 07:00 pm",0,0.157383
"Aug 1, 08:00 pm",0,0.157383
"Aug 1, 09:00 pm",0,0.157383
"Aug 1, 10:00 pm",0,0.157383
"Aug 1, 11:00 pm",0,0.157383
"Aug 2, 12:00 am",0,0.157383
"Aug 2, 01:00 am",0,0.157383
"Aug 2, 02:00 am",0,0.157383
"Aug 2, 03:00 am",0,0.157383
"Aug 2, 04:00 am",0,0.157383
"Aug 2, 05:00 am",0,0.157383
"Aug 2, 06:00 am",0,0.157383
"Aug 2, 07:00 am",0,0.157383
"Aug 2, 08:00 am",0,0.157383
"Aug 2, 09:00 am",0,0.157383
"Aug 2, 10:00 am",0,0.157383
"Aug 2, 11:00 am",0,0.157383
"Aug 2, 12:00 pm",0,0.157383
"Aug 2, 01:00 pm",0,0.157383
"Aug 2, 02:00 pm",0,0.157383
"Aug 2, 03:00 pm",1305.64,0.681983
"Aug 2, 04:00 pm",1495.09,0.726811
"Aug 2, 05:00 pm",86.2612,0.157383
"Aug 2, 06:00 pm",9.65669,0.157383
"Aug 2, 07:00 pm",0,0.157383
"Aug 2, 08:00 pm",0,0.157383
"Aug 2, 09:00 pm",0,0.157383
"Aug 2, 10:00 pm",0,0.157383
"Aug 2, 11:00 pm",0,0.157383
"Aug 3, 12:00 am",0,0.157383
"Aug 3, 01:00 am",0,0.157383
"Aug 3, 02:00 am",0,0.157383
"Aug 3, 03:00 am",0,0.157383
"Aug 3, 04:00 am",0,0.157383
"Aug 3, 05:00 am",0,0.157383
"Aug 3, 06:00 am",0,0.157383
"Aug 3, 07:00 am",0,0.157383
"Aug 3, 08:00 am",0,0.157383
"Aug 3, 09:00 am",0,0.157383
"Aug 3, 10:00 am",0,0.157383
"Aug 3, 11:00 am",0,0.157383
"Aug 3, 12:00 pm",0,0.157383
"Aug 3, 01:00 pm",1305.25,0.681983
"Aug 3, 02:00 pm",1943.11,0.944299
"Aug 3, 03:00 pm",1944.6,0.944299
"Aug 3, 04:00 pm",1553.08,0.754313
"Aug 3, 05:00 pm",103.71,0.157383
"Aug 3, 06:00 pm",9.41898,0.157383
"Aug 3, 07:00 pm",0,0.157383
"Aug 3, 08:00 pm",0,0.157383
"Aug 3, 09:00 pm",0,0.157383
"Aug 3, 10:00 pm",0,0.157383
"Aug 3, 11:00 pm",0,0.157383
"Aug 4, 12:00 am",0,0.157383
"Aug 4, 01:00 am",0,0.157383
"Aug 4, 02:00 am",0,0.157383
"Aug 4, 03:00 am",0,0.157383
"Aug 4, 04:00 am",0,0.157383
"Aug 4, 05:00 am",0,0.157383
"Aug 4, 06:00 am",0,0.157383
"Aug 4, 07:00 am",0,0.157383
"Aug 4, 08:00 am",0,0.157383
"Aug 4, 09:00 am",0,0.157383
"Aug 4, 10:00 am",0,0.157383
"Aug 4, 11:00 am",0,0.157383
"Aug 4, 12:00 pm",0,0.157383
"Aug 4, 01:00 pm",0,0.157383
"Aug 4, 02:00 pm",0,0.157383
"Aug 4, 03:00 pm",0,0.157383
"Aug 4, 04:00 pm",0,0.157383
"Aug 4, 05:00 pm",0,0.157383
"Aug 4, 06:00 pm",0,0.157383
"Aug 4, 07:00 pm",0,0.157383
"Aug 4, 08:00 pm",0,0.157383
"Aug 4, 09:00 pm",0,0.157383
"Aug 4, 10:00 pm",0,0.157383
"Aug 4, 11:00 pm",0,0.157383
"Aug 5, 12:00 am",0,0.157383
"Aug 5, 01:00 am",0,0.157383
"Aug 5, 02:00 am",0,0.157383
"Aug 5, 03:00 am",0,0.157383
"Aug 5, 04:00 am",0,0.157383
"Aug 5, 05:00 am",0,0.157383
"Aug 5, 06:00 am",0,0.157383
"Aug 5, 07:00 am",0,0.157383
"Aug 5, 08:00 am",0,0.157383
"Aug 5, 09:00 am",556.25,0.348104
"Aug 5, 10:00 am",1900.95,0.923891
"Aug 5, 11:00 am",12.9513,0.157383
"Aug 5, 12:00 pm",0,0.157383
"Aug 5, 01:00 pm",0,0.157383
"Aug 5, 02:00 pm",0,0.157383
"Aug 5, 03:00 pm",0,0.157383
"Aug 5, 04:00 pm",0,0.157383
"Aug 5, 05:00 pm",0,0.157383
"Aug 5, 06:00 pm",0,0.157383
"Aug 5, 07:00 pm",0,0.157383
"Aug 5, 08:00 pm",0,0.157383
"Aug 5, 09:00 pm",0,0.157383
"Aug 5, 10:00 pm",0,0.157383
"Aug 5, 11:00 pm",0,0.157383
"Aug 6, 12:00 am",0,0.157383
"Aug 6, 01:00 am",0,0.157383
"Aug 6, 02:00 am",0,0.157383
"Aug 6, 03:00 am",0,0.157383
"Aug 6, 04:00 am",0,0.157383
"Aug 6, 05:00 am",0,0.157383
"Aug 6, 06:00 am",0,0.157383
"Aug 6, 07:00 am",0,0.157383
"Aug 6, 08:00 am",0,0.157383
"Aug 6, 09:00 am",0,0.157383
"Aug 6, 10:00 am",0,0.157383
"Aug 6, 11:00 am",0,0.157383
"Aug 6, 12:00 pm",0,0.157383
"Aug 6, 01:00 pm",0,0.157383
"Aug 6, 02:00 pm",0,0.157383
"Aug 6, 03:00 pm",1309.09,0.681983
"Aug 6, 04:00 pm",1630.18,0.792194
"Aug 6, 05:00 pm",143.09,0.157383
"Aug 6, 06:00 pm",9.11077,0.157383
"Aug 6, 07:00 pm",0,0.157383
"Aug 6, 08:00 pm",0,0.157383
"Aug 6, 09:00 pm",0,0.157383
"Aug 6, 10:00 pm",0,0.157383
"Aug 6, 11:00 pm",0,0.157383
"Aug 7, 12:00 am",0,0.157383
"Aug 7, 01:00 am",0,0.157383
"Aug 7, 02:00 am",0,0.157383
"Aug 7, 03:00 am",0,0.157383
"Aug 7, 04:00 am",0,0.157383
"Aug 7, 05:00 am",0,0.157383
"Aug 7, 06:00 am",0,0.157383
"Aug 7, 07:00 am",0,0.157383
"Aug 7, 08:00 am",0,0.157383
"Aug 7, 09:00 am",710.447,0.418379
"Aug 7, 10:00 am",1943.63,0.944299
"Aug 7, 11:00 am",1943.31,0.944299
"Aug 7, 12:00 pm",1943.31,0.944299
"Aug 7, 01:00 pm",1943.13,0.944299
"Aug 7, 02:00 pm",1943.14,0.944299
"Aug 7, 03:00 pm",1943.13,0.944299
"Aug 7, 04:00 pm",1713.8,0.833009
"Aug 7, 05:00 pm",168.632,0.157383
"Aug 7, 06:00 pm",9.36524,0.157383
"Aug 7, 07:00 pm",0,0.157383
"Aug 7, 08:00 pm",0,0.157383
"Aug 7, 09:00 pm",0,0.157383
"Aug 7, 10:00 pm",0,0.157383
"Aug 7, 11:00 pm",0,0.157383
"Aug 8, 12:00 am",0,0.157383
"Aug 8, 01:00 am",0,0.157383
"Aug 8, 02:00 am",0,0.157383
"Aug 8, 03:00 am",0,0.157383
"Aug 8, 04:00 am",0,0.157383
"Aug 8, 05:00 am",0,0.157383
"Aug 8, 06:00 am",0,0.157383
"Aug 8, 07:00 am",0,0.157383
"Aug 8, 08:00 am",0,0.157383
"Aug 8, 09:00 am",725.21,0.424761
"Aug 8, 10:00 am",1943.89,0.944299
"Aug 8, 11:00 am",1943.42,0.944299
"Aug 8, 12:00 pm",1943.38,0.944299
"Aug 8, 01:00 pm",1943.2,0.944299
"Aug 8, 02:00 pm",1943.21,0.944299
"Aug 8, 03:00 pm",1943.2,0.944299
"Aug 8, 04:00 pm",1715.56,0.833843
"Aug 8, 05:00 pm",184.56,0.157383
"Aug 8, 06:00 pm",9.67437,0.157383
"Aug 8, 07:00 pm",0,0.157383
"Aug 8, 08:00 pm",0,0.157383
"Aug 8, 09:00 pm",0,0.157383
"Aug 8, 10:00 pm",0,0.157383
"Aug 8, 11:00 pm",0,0.157383
"Aug 9, 12:00 am",0,0.157383
"Aug 9, 01:00 am",0,0.157383
"Aug 9, 02:00 am",0,0.157383
"Aug 9, 03:00 am",0,0.157383
"Aug 9, 04:00 am",0,0.157383
"Aug 9, 05:00 am",0,0.157383
"Aug 9, 06:00 am",0,0.157383
"Aug 9, 07:00 am",0,0.157383
"Aug 9, 08:00 am",0,0.157383
"Aug 9, 09:00 am",699.483,0.413119
"Aug 9, 10:00 am",1942.34,0.944299
"Aug 9, 11:00 am",12.9692,0.157383
"Aug 9, 12:00 pm",1620.13,0.932677
"Aug 9, 01:00 pm",1942.9,0.944299
"Aug 9, 02:00 pm",1942.91,0.944299
"Aug 9, 03:00 pm",13.1631,0.157383
"Aug 9, 04:00 pm",1393.49,0.792118
"Aug 9, 05:00 pm",10.7545,0.157383
"Aug 9, 06:00 pm",0,0.157383
"Aug 9, 07:00 pm",0,0.157383
"Aug 9, 08:00 pm",0,0.157383
"Aug 9, 09:00 pm",0,0.157383
"Aug 9, 10:00 pm",0,0.157383
"Aug 9, 11:00 pm",0,0.157383
"Aug 10, 12:00 am",0,0.157383
"Aug 10, 01:00 am",0,0.157383
"Aug 10, 02:00 am",0,0.157383
"Aug 10, 03:00 am",0,0.157383
"Aug 10, 04:00 am",0,0.157383
"Aug 10, 05:00 am",0,0.157383
"Aug 10, 06:00 am",0,0.157383
"Aug 10, 07:00 am",0,0.157383
"Aug 10, 08:00 am",0,0.157383
"Aug 10, 09:00 am",0,0.157383
"Aug 10, 10:00 am",0,0.157383
"Aug 10, 11:00 am",0,0.157383
"Aug 10, 12:00 pm",0,0.157383
"Aug 10, 01:00 pm",0,0.157383
"Aug 10, 02:00 pm",0,0.157383
"Aug 10, 03:00 pm",0,0.157383
"Aug 10, 04:00 pm",0,0.157383
"Aug 10, 05:00 pm",0,0.157383
"Aug 10, 06:00 pm",0,0.157383
"Aug 10, 07:00 pm",0,0.157383
"Aug 10, 08:00 pm",0,0.157383
"Aug 10, 09:00 pm",0,0.157383
"Aug 10, 10:00 pm",0,0.157383
"Aug 10, 11:00 pm",0,0.157383
"Aug 11, 12:00 am",0,0.157383
"Aug 11, 01:00 am",0,0.157383
"Aug 11, 02:00 am",0,0.157383
"Aug 11, 03:00 am",0,0.157383
"Aug 11, 04:00 am",0,0.157383
"Aug 11, 05:00 am",0,0.157383
"Aug 11, 06:00 am",0,0.157383
"Aug 11, 07:00 am",0,0.157383
"Aug 11, 08:00 am",0,0.157383
"Aug 11, 09:00 am",0,0.157383
"Aug 11, 10:00 am",0,0.157383
"Aug 11, 11:00 am",1303.77,0.681983
"Aug 11, 12:00 pm",1943.36,0.944299
"Aug 11, 01:00 pm",1943.37,0.944299
"Aug 11, 02:00 pm",1943.37,0.944299
"Aug 11, 03:00 pm",1943.37,0.944299
"Aug 11, 04:00 pm",1755.99,0.853583
"Aug 11, 05:00 pm",227.068,0.157383
"Aug 11, 06:00 pm",9.3337,0.157383
"Aug 11, 07:00 pm",0,0.157383
"Aug 11, 08:00 pm",0,0.157383
"Aug 11, 09:00 pm",0,0.157383
"Aug 11, 10:00 pm",0,0.157383
"Aug 11, 11:00 pm",0,0.157383
"Aug 12, 12:00 am",0,0.157383
"Aug 12, 01:00 am",0,0.157383
"Aug 12, 02:00 am",0,0.157383
"Aug 12, 03:00 am",0,0.157383
"Aug 12, 04:00 am",0,0.157383
"Aug 12, 05:00 am",0,0.157383
"Aug 12, 06:00 am",0,0.157383
"Aug 12, 07:00 am",0,0.157383
"Aug 12, 08:00 am",0,0.157383
"Aug 12, 09:00 am",866.815,0.607105
"Aug 12, 10:00 am",1942.55,0.944299
"Aug 12, 11:00 am",1943.97,0.944299
"Aug 12, 12:00 pm",1943.77,0.944299
"Aug 12, 01:00 pm",1943.77,0.944299
"Aug 12, 02:00 pm",1943.77,0.944299
"Aug 12, 03:00 pm",1943.77,0.944299
"Aug 12, 04:00 pm",1818.25,0.884779
"Aug 12, 05:00 pm",252.985,0.157383
"Aug 12, 06:00 pm",9.27516,0.157383
"Aug 12, 07:00 pm",0,0.157383
"Aug 12, 08:00 pm",0,0.157383
"Aug 12, 09:00 pm",0,0.157383
"Aug 12, 10:00 pm",0,0.157383
"Aug 12, 11:00 pm",0,0.157383
"Aug 13, 12:00 am",0,0.157383
"Aug 13, 01:00 am",0,0.157383
"Aug 13, 02:00 am",0,0.157383
"Aug 13, 03:00 am",0,0.157383
"Aug 13, 04:00 am",0,0.157383
"Aug 13, 05:00 am",0,0.157383
"Aug 13, 06:00 am",0,0.157383
"Aug 13, 07:00 am",0,0.157383
"Aug 13, 08:00 am",0,0.157383
"Aug 13, 09:00 am",909.748,0.63472
"Aug 13, 10:00 am",1942.68,0.944299
"Aug 13, 11:00 am",1944.54,0.944299
"Aug 13, 12:00 pm",1944.58,0.944299
"Aug 13, 01:00 pm",1944.54,0.944299
"Aug 13, 02:00 pm",1944.39,0.944299
"Aug 13, 03:00 pm",1944.67,0.944299
"Aug 13, 04:00 pm",1882.26,0.914654
"Aug 13, 05:00 pm",288.128,0.157383
"Aug 13, 06:00 pm",9.84334,0.157383
"Aug 13, 07:00 pm",0,0.157383
"Aug 13, 08:00 pm",0,0.157383
"Aug 13, 09:00 pm",0,0.157383
"Aug 13, 10:00 pm",0,0.157383
"Aug 13, 11:00 pm",0,0.157383
"Aug 14, 12:00 am",0,0.157383
"Aug 14, 01:00 am",0,0.157383
"Aug 14, 02:00 am",0,0.157383
"Aug 14, 03:00 am",0,0.157383
"Aug 14, 04:00 am",0,0.157383
"Aug 14, 05:00 am",0,0.157383
"Aug 14, 06:00 am",0,0.157383
"Aug 14, 07:00 am",0,0.157383
"Aug 14, 08:00 am",0,0.157383
"Aug 14, 09:00 am",905.435,0.631224
"Aug 14, 10:00 am",1942.55,0.944299
"Aug 14, 11:00 am",1944.13,0.944299
"Aug 14, 12:00 pm",13.4969,0.157383
"Aug 14, 01:00 pm",1624.74,0.942683
"Aug 14, 02:00 pm",13.6476,0.157383
"Aug 14, 03:00 pm",0,0.157383
"Aug 14, 04:00 pm",0,0.157383
"Aug 14, 05:00 pm",0,0.157383
"Aug 14, 06:00 pm",0,0.157383
"Aug 14, 07:00 pm",0,0.157383
"Aug 14, 08:00 pm",0,0.157383
"Aug 14, 09:00 pm",0,0.157383
"Aug 14, 10:00 pm",0,0.157383
"Aug 14, 11:00 pm",0,0.157383
"Aug 15, 12:00 am",0,0.157383
"Aug 15, 01:00 am",0,0.157383
"Aug 15, 02:00 am",0,0.157383
"Aug 15, 03:00 am",0,0.157383
"Aug 15, 04:00 am",0,0.157383
"Aug 15, 05:00 am",0,0.157383
"Aug 15, 06:00 am",0,0.157383
"Aug 15, 07:00 am",0,0.157383
"Aug 15, 08:00 am",0,0.157383
"Aug 15, 09:00 am",679.47,0.407542
"Aug 15, 10:00 am",12.7673,0.157383
"Aug 15, 11:00 am",1621.27,0.943248
"Aug 15, 12:00 pm",1943.75,0.944299
"Aug 15, 01:00 pm",1943.77,0.944299
"Aug 15, 02:00 pm",1943.78,0.944299
"Aug 15, 03:00 pm",1943.78,0.944299
"Aug 15, 04:00 pm",1816.69,0.884017
"Aug 15, 05:00 pm",297.883,0.157383
"Aug 15, 06:00 pm",9.94763,0.157383
"Aug 15, 07:00 pm",0,0.157383
"Aug 15, 08:00 pm",0,0.157383
"Aug 15, 09:00 pm",0,0.157383
"Aug 15, 10:00 pm",0,0.157383
"Aug 15, 11:00 pm",0,0.157383
"Aug 16, 12:00 am",0,0.157383
"Aug 16, 01:00 am",0,0.157383
"Aug 16, 02:00 am",0,0.157383
"Aug 16, 03:00 am",0,0.157383
"Aug 16, 04:00 am",0,0.157383
"Aug 16, 05:00 am",0,0.157383
"Aug 16, 06:00 am",0,0.157383
"Aug 16, 07:00 am",0,0.157383
"Aug 16, 08:00 am",0,0.157383
"Aug 16, 09:00 am",889.144,0.619803
"Aug 16, 10:00 am",1942.55,0.944299
"Aug 16, 11:00 am",1943.73,0.944299
"Aug 16, 12:00 pm",1943.76,0.944299
"Aug 16, 01:00 pm",1943.77,0.944299
"Aug 16, 02:00 pm",1943.79,0.944299
"Aug 16, 03:00 pm",1943.8,0.944299
"Aug 16, 04:00 pm",1802.56,0.876214
"Aug 16, 05:00 pm",309.99,0.157383
"Aug 16, 06:00 pm",10.1551,0.157383
"Aug 16, 07:00 pm",0,0.157383
"Aug 16, 08:00 pm",0,0.157383
"Aug 16, 09:00 pm",0,0.157383
"Aug 16, 10:00 pm",0,0.157383
"Aug 16, 11:00 pm",0,0.157383
"Aug 17, 12:00 am",0,0.157383
"Aug 17, 01:00 am",0,0.157383
"Aug 17, 02:00 am",0,0.157383
"Aug 17, 03:00 am",0,0.157383
"Aug 17, 04:00 am",0,0.157383
"Aug 17, 05:00 am",0,0.157383
"Aug 17, 06:00 am",0,0.157383
"Aug 17, 07:00 am",0,0.157383
"Aug 17, 08:00 am",0,0.157383
"Aug 17, 09:00 am",915.155,0.637135
"Aug 17, 10:00 am",1942.65,0.944299
"Aug 17, 11:00 am",1944.25,0.944299
"Aug 17, 12:00 pm",1944.26,0.944299
"Aug 17, 01:00 pm",1944.35,0.944299
"Aug 17, 02:00 pm",1944.38,0.944299
"Aug 17, 03:00 pm",1944.48,0.944299
"Aug 17, 04:00 pm",1866.35,0.907077
"Aug 17, 05:00 pm",341.652,0.166514
"Aug 17, 06:00 pm",10.5489,0.157383
"Aug 17, 07:00 pm",0,0.157383
"Aug 17, 08:00 pm",0,0.157383
"Aug 17, 09:00 pm",0,0.157383
"Aug 17, 10:00 pm",0,0.157383
"Aug 17, 11:00 pm",0,0.157383
"Aug 18, 12:00 am",0,0.157383
"Aug 18, 01:00 am",0,0.157383
"Aug 18, 02:00 am",0,0.157383
"Aug 18, 03:00 am",0,0.157383
"Aug 18, 04:00 am",0,0.157383
"Aug 18, 05:00 am",0,0.157383
"Aug 18, 06:00 am",0,0.157383
"Aug 18, 07:00 am",0,0.157383
"Aug 18, 08:00 am",0,0.157383
"Aug 18, 09:00 am",1214.84,0.6932
"Aug 18, 10:00 am",1943.14,0.944299
"Aug 18, 11:00 am",1942.62,0.944299
"Aug 18, 12:00 pm",1942.66,0.944299
"Aug 18, 01:00 pm",1942.67,0.944299
"Aug 18, 02:00 pm",1942.69,0.944299
"Aug 18, 03:00 pm",1942.68,0.944299
"Aug 18, 04:00 pm",1912.36,0.929326
"Aug 18, 05:00 pm",364.627,0.177638
"Aug 18, 06:00 pm",10.5344,0.157383
"Aug 18, 07:00 pm",0,0.157383
"Aug 18, 08:00 pm",0,0.157383
"Aug 18, 09:00 pm",0,0.157383
"Aug 18, 10:00 pm",0,0.157383
"Aug 18, 11:00 pm",0,0.157383
"Aug 19, 12:00 am",0,0.157383
"Aug 19, 01:00 am",0,0.157383
"Aug 19, 02:00 am",0,0.157383
"Aug 19, 03:00 am",0,0.157383
"Aug 19, 04:00 am",0,0.157383
"Aug 19, 05:00 am",0,0.157383
"Aug 19, 06:00 am",0,0.157383
"Aug 19, 07:00 am",0,0.157383
"Aug 19, 08:00 am",0,0.157383
"Aug 19, 09:00 am",0,0.157383
"Aug 19, 10:00 am",0,0.157383
"Aug 19, 11:00 am",0,0.157383
"Aug 19, 12:00 pm",0,0.157383
"Aug 19, 01:00 pm",0,0.157383
"Aug 19, 02:00 pm",0,0.157383
"Aug 19, 03:00 pm",0,0.157383
"Aug 19, 04:00 pm",0,0.157383
"Aug 19, 05:00 pm",0,0.157383
"Aug 19, 06:00 pm",0,0.157383
"Aug 19, 07:00 pm",0,0.157383
"Aug 19, 08:00 pm",0,0.157383
"Aug 19, 09:00 pm",0,0.157383
"Aug 19, 10:00 pm",0,0.157383
"Aug 19, 11:00 pm",0,0.157383
"Aug 20, 12:00 am",0,0.157383
"Aug 20, 01:00 am",0,0.157383
"Aug 20, 02:00 am",0,0.157383
"Aug 20, 03:00 am",0,0.157383
"Aug 20, 04:00 am",0,0.157383
"Aug 20, 05:00 am",0,0.157383
"Aug 20, 06:00 am",0,0.157383
"Aug 20, 07:00 am",0,0.157383
"Aug 20, 08:00 am",0,0.157383
"Aug 20, 09:00 am",0,0.157383
"Aug 20, 10:00 am",1301.06,0.681983
"Aug 20, 11:00 am",1944.83,0.944299
"Aug 20, 12:00 pm",1944.76,0.944299
"Aug 20, 01:00 pm",1944.83,0.944299
"Aug 20, 02:00 pm",1944.67,0.944299
"Aug 20, 03:00 pm",1944.61,0.944299
"Aug 20, 04:00 pm",1892.36,0.919558
"Aug 20, 05:00 pm",381.393,0.185819
"Aug 20, 06:00 pm",9.76686,0.157383
"Aug 20, 07:00 pm",0,0.157383
"Aug 20, 08:00 pm",0,0.157383
"Aug 20, 09:00 pm",0,0.157383
"Aug 20, 10:00 pm",0,0.157383
"Aug 20, 11:00 pm",0,0.157383
"Aug 21, 12:00 am",0,0.157383
"Aug 21, 01:00 am",0,0.157383
"Aug 21, 02:00 am",0,0.157383
"Aug 21, 03:00 am",0,0.157383
"Aug 21, 04:00 am",0,0.157383
"Aug 21, 05:00 am",0,0.157383
"Aug 21, 06:00 am",0,0.157383
"Aug 21, 07:00 am",0,0.157383
"Aug 21, 08:00 am",0,0.157383
"Aug 21, 09:00 am",0,0.157383
"Aug 21, 10:00 am",0,0.157383
"Aug 21, 11:00 am",0,0.157383
"Aug 21, 12:00 pm",1320.21,0.681983
"Aug 21, 01:00 pm",1942.69,0.944299
"Aug 21, 02:00 pm",1944.68,0.944299
"Aug 21, 03:00 pm",1944.81,0.944299
"Aug 21, 04:00 pm",1906.55,0.926427
"Aug 21, 05:00 pm",399.128,0.194406
"Aug 21, 06:00 pm",9.85419,0.157383
"Aug 21, 07:00 pm",0,0.157383
"Aug 21, 08:00 pm",0,0.157383
"Aug 21, 09:00 pm",0,0.157383
"Aug 21, 10:00 pm",0,0.157383
"Aug 21, 11:00 pm",0,0.157383
"Aug 22, 12:00 am",0,0.157383
"Aug 22, 01:00 am",0,0.157383
"Aug 22, 02:00 am",0,0.157383
"Aug 22, 03:00 am",0,0.157383
"Aug 22, 04:00 am",0,0.157383
"Aug 22, 05:00 am",0,0.157383
"Aug 22, 06:00 am",0,0.157383
"Aug 22, 07:00 am",0,0.157383
"Aug 22, 08:00 am",0,0.157383
"Aug 22, 09:00 am",809.571,0.466814
"Aug 22, 10:00 am",1943.12,0.944299
"Aug 22, 11:00 am",1944.52,0.944299
"Aug 22, 12:00 pm",13.3041,0.157383
"Aug 22, 01:00 pm",0,0.157383
"Aug 22, 02:00 pm",0,0.157383
"Aug 22, 03:00 pm",0,0.157383
"Aug 22, 04:00 pm",0,0.157383
"Aug 22, 05:00 pm",0,0.157383
"Aug 22, 06:00 pm",0,0.157383
"Aug 22, 07:00 pm",0,0.157383
"Aug 22, 08:00 pm",0,0.157383
"Aug 22, 09:00 pm",0,0.157383
"Aug 22, 10:00 pm",0,0.157383
"Aug 22, 11:00 pm",0,0.157383
"Aug 23, 12:00 am",0,0.157383
"Aug 23, 01:00 am",0,0.157383
"Aug 23, 02:00 am",0,0.157383
"Aug 23, 03:00 am",0,0.157383
"Aug 23, 04:00 am",0,0.157383
"Aug 23, 05:00 am",0,0.157383
"Aug 23, 06:00 am",0,0.157383
"Aug 23, 07:00 am",0,0.157383
"Aug 23, 08:00 am",0,0.157383
"Aug 23, 09:00 am",0,0.157383
"Aug 23, 10:00 am",0,0.157383
"Aug 23, 11:00 am",0,0.157383
"Aug 23, 12:00 pm",0,0.157383
"Aug 23, 01:00 pm",0,0.157383
"Aug 23, 02:00 pm",0,0.157383
"Aug 23, 03:00 pm",0,0.157383
"Aug 23, 04:00 pm",0,0.157383
"Aug 23, 05:00 pm",0,0.157383
"Aug 23, 06:00 pm",0,0.157383
"Aug 23, 07:00 pm",0,0.157383
"Aug 23, 08:00 pm",0,0.157383
"Aug 23, 09:00 pm",0,0.157383
"Aug 23, 10:00 pm",0,0.157383
"Aug 23, 11:00 pm",0,0.157383
"Aug 24, 12:00 am",0,0.157383
"Aug 24, 01:00 am",0,0.157383
"Aug 24, 02:00 am",0,0.157383
"Aug 24, 03:00 am",0,0.157383
"Aug 24, 04:00 am",0,0.157383
"Aug 24, 05:00 am",0,0.157383
"Aug 24, 06:00 am",0,0.157383
"Aug 24, 07:00 am",0,0.157383
"Aug 24, 08:00 am",0,0.157383
"Aug 24, 09:00 am",0,0.157383
"Aug 24, 10:00 am",0,0.157383
"Aug 24, 11:00 am",0,0.157383
"Aug 24, 12:00 pm",0,0.157383
"Aug 24, 01:00 pm",0,0.157383
"Aug 24, 02:00 pm",0,0.157383
"Aug 24, 03:00 pm",1316.61,0.681983
"Aug 24, 04:00 pm",1929.12,0.937567
"Aug 24, 05:00 pm",445.718,0.217061
"Aug 24, 06:00 pm",9.47699,0.157383
"Aug 24, 07:00 pm",0,0.157383
"Aug 24, 08:00 pm",0,0.157383
"Aug 24, 09:00 pm",0,0.157383
"Aug 24, 10:00 pm",0,0.157383
"Aug 24, 11:00 pm",0,0.157383
"Aug 25, 12:00 am",0,0.157383
"Aug 25, 01:00 am",0,0.157383
"Aug 25, 02:00 am",0,0.157383
"Aug 25, 03:00 am",0,0.157383
"Aug 25, 04:00 am",0,0.157383
"Aug 25, 05:00 am",0,0.157383
"Aug 25, 06:00 am",0,0.157383
"Aug 25, 07:00 am",0,0.157383
"Aug 25, 08:00 am",0,0.157383
"Aug 25, 09:00 am",942.906,0.528411
"Aug 25, 10:00 am",1944.26,0.944299
"Aug 25, 11:00 am",1942.7,0.944299
"Aug 25, 12:00 pm",1942.56,0.944299
"Aug 25, 01:00 pm",1942.57,0.944299
"Aug 25, 02:00 pm",1942.58,0.944299
"Aug 25, 03:00 pm",1942.57,0.944299
"Aug 25, 04:00 pm",1944.42,0.944299
"Aug 25, 05:00 pm",494.204,0.240494
"Aug 25, 06:00 pm",9.86781,0.157383
"Aug 25, 07:00 pm",0,0.157383
"Aug 25, 08:00 pm",0,0.157383
"Aug 25, 09:00 pm",0,0.157383
"Aug 25, 10:00 pm",0,0.157383
"Aug 25, 11:00 pm",0,0.157383
"Aug 26, 12:00 am",0,0.157383
"Aug 26, 01:00 am",0,0.157383
"Aug 26, 02:00 am",0,0.157383
"Aug 26, 03:00 am",0,0.157383
"Aug 26, 04:00 am",0,0.157383
"Aug 26, 05:00 am",0,0.157383
"Aug 26, 06:00 am",0,0.157383
"Aug 26, 07:00 am",0,0.157383
"Aug 26, 08:00 am",0,0.157383
"Aug 26, 09:00 am",1677.35,0.815808
"Aug 26, 10:00 am",1942.34,0.944299
"Aug 26, 11:00 am",1942.57,0.944299
"Aug 26, 12:00 pm",14.3663,0.157383
"Aug 26, 01:00 pm",0,0.157383
"Aug 26, 02:00 pm",0,0.157383
"Aug 26, 03:00 pm",1619.05,0.944299
"Aug 26, 04:00 pm",1942.56,0.944299
"Aug 26, 05:00 pm",510.02,0.24822
"Aug 26, 06:00 pm",10.1323,0.157383
"Aug 26, 07:00 pm",0,0.157383
"Aug 26, 08:00 pm",0,0.157383
"Aug 26, 09:00 pm",0,0.157383
"Aug 26, 10:00 pm",0,0.157383
"Aug 26, 11:00 pm",0,0.157383
"Aug 27, 12:00 am",0,0.157383
"Aug 27, 01:00 am",0,0.157383
"Aug 27, 02:00 am",0,0.157383
"Aug 27, 03:00 am",0,0.157383
"Aug 27, 04:00 am",0,0.157383
"Aug 27, 05:00 am",0,0.157383
"Aug 27, 06:00 am",0,0.157383
"Aug 27, 07:00 am",0,0.157383
"Aug 27, 08:00 am",0,0.157383
"Aug 27, 09:00 am",0,0.157383
"Aug 27, 10:00 am",0,0.157383
"Aug 27, 11:00 am",0,0.157383
"Aug 27, 12:00 pm",0,0.157383
"Aug 27, 01:00 pm",0,0.157383
"Aug 27, 02:00 pm",0,0.157383
"Aug 27, 03:00 pm",0,0.157383
"Aug 27, 04:00 pm",0,0.157383
"Aug 27, 05:00 pm",0,0.157383
"Aug 27, 06:00 pm",0,0.157383
"Aug 27, 07:00 pm",0,0.157383
"Aug 27, 08:00 pm",0,0.157383
"Aug 27, 09:00 pm",0,0.157383
"Aug 27, 10:00 pm",0,0.157383
"Aug 27, 11:00 pm",0,0.157383
"Aug 28, 12:00 am",0,0.157383
"Aug 28, 01:00 am",0,0.157383
"Aug 28, 02:00 am",0,0.157383
"Aug 28, 03:00 am",0,0.157383
"Aug 28, 04:00 am",0,0.157383
"Aug 28, 05:00 am",0,0.157383
"Aug 28, 06:00 am",0,0.157383
"Aug 28, 07:00 am",0,0.157383
"Aug 28, 08:00 am",0,0.157383
"Aug 28, 09:00 am",0,0.157383
"Aug 28, 10:00 am",0,0.157383
"Aug 28, 11:00 am",0,0.157383
"Aug 28, 12:00 pm",0,0.157383
"Aug 28, 01:00 pm",0,0.157383
"Aug 28, 02:00 pm",0,0.157383
"Aug 28, 03:00 pm",0,0.157383
"Aug 28, 04:00 pm",0,0.157383
"Aug 28, 05:00 pm",0,0.157383
"Aug 28, 06:00 pm",0,0.157383
"Aug 28, 07:00 pm",0,0.157383
"Aug 28, 08:00 pm",0,0.157383
"Aug 28, 09:00 pm",0,0.157383
"Aug 28, 10:00 pm",0,0.157383
"Aug 28, 11:00 pm",0,0.157383
"Aug 29, 12:00 am",0,0.157383
"Aug 29, 01:00 am",0,0.157383
"Aug 29, 02:00 am",0,0.157383
"Aug 29, 03:00 am",0,0.157383
"Aug 29, 04:00 am",0,0.157383
"Aug 29, 05:00 am",0,0.157383
"Aug 29, 06:00 am",0,0.157383
"Aug 29, 07:00 am",0,0.157383
"Aug 29, 08:00 am",0,0.157383
"Aug 29, 09:00 am",0,0.157383
"Aug 29, 10:00 am",0,0.157383
"Aug 29, 11:00 am",1316.49,0.681983
"Aug 29, 12:00 pm",14.5777,0.157383
"Aug 29, 01:00 pm",0,0.157383
"Aug 29, 02:00 pm",0,0.157383
"Aug 29, 03:00 pm",0,0.157383
"Aug 29, 04:00 pm",0,0.157383
"Aug 29, 05:00 pm",0,0.157383
"Aug 29, 06:00 pm",0,0.157383
"Aug 29, 07:00 pm",0,0.157383
"Aug 29, 08:00 pm",0,0.157383
"Aug 29, 09:00 pm",0,0.157383
"Aug 29, 10:00 pm",0,0.157383
"Aug 29, 11:00 pm",0,0.157383
"Aug 30, 12:00 am",0,0.157383
"Aug 30, 01:00 am",0,0.157383
"Aug 30, 02:00 am",0,0.157383
"Aug 30, 03:00 am",0,0.157383
"Aug 30, 04:00 am",0,0.157383
"Aug 30, 05:00 am",0,0.157383
"Aug 30, 06:00 am",0,0.157383
"Aug 30, 07:00 am",0,0.157383
"Aug 30, 08:00 am",0,0.157383
"Aug 30, 09:00 am",0,0.157383
"Aug 30, 10:00 am",1312.97,0.681983
"Aug 30, 11:00 am",1942.54,0.944299
"Aug 30, 12:00 pm",1942.55,0.944299
"Aug 30, 01:00 pm",13.6069,0.157383
"Aug 30, 02:00 pm",0,0.157383
"Aug 30, 03:00 pm",0,0.157383
"Aug 30, 04:00 pm",0,0.157383
"Aug 30, 05:00 pm",0,0.157383
"Aug 30, 06:00 pm",0,0.157383
"Aug 30, 07:00 pm",0,0.157383
"Aug 30, 08:00 pm",0,0.157383
"Aug 30, 09:00 pm",0,0.157383
"Aug 30, 10:00 pm",0,0.157383
"Aug 30, 11:00 pm",0,0.157383
"Aug 31, 12:00 am",0,0.157383
"Aug 31, 01:00 am",0,0.157383
"Aug 31, 02:00 am",0,0.157383
"Aug 31, 03:00 am",0,0.157383
"Aug 31, 04:00 am",0,0.157383
"Aug 31, 05:00 am",0,0.157383
"Aug 31, 06:00 am",0,0.157383
"Aug 31, 07:00 am",0,0.157383
"Aug 31, 08:00 am",0,0.157383
"Aug 31, 09:00 am",0,0.157383
"Aug 31, 10:00 am",0,0.157383
"Aug 31, 11:00 am",0,0.157383
"Aug 31, 12:00 pm",0,0.157383
"Aug 31, 01:00 pm",0,0.157383
"Aug 31, 02:00 pm",0,0.157383
"Aug 31, 03:00 pm",0,0.157383
"Aug 31, 04:00 pm",0,0.157383
"Aug 31, 05:00 pm",0,0.157383
"Aug 31, 06:00 pm",0,0.157383
"Aug 31, 07:00 pm",0,0.157383
"Aug 31, 08:00 pm",0,0.157383
"Aug 31, 09:00 pm",0,0.157383
"Aug 31, 10:00 pm",0,0.157383
"Aug 31, 11:00 pm",0,0.157383
"Sep 1, 12:00 am",0,0.157383
"Sep 1, 01:00 am",0,0.157383
"Sep 1, 02:00 am",0,0.157383
"Sep 1, 03:00 am",0,0.157383
"Sep 1, 04:00 am",0,0.157383
"Sep 1, 05:00 am",0,0.157383
"Sep 1, 06:00 am",0,0.157383
"Sep 1, 07:00 am",0,0.157383
"Sep 1, 08:00 am",0,0.157383
"Sep 1, 09:00 am",989.329,0.55083
"Sep 1, 10:00 am",1942.61,0.944299
"Sep 1, 11:00 am",1942.58,0.944299
"Sep 1, 12:00 pm",1942.63,0.944299
"Sep 1, 01:00 pm",1942.64,0.944299
"Sep 1, 02:00 pm",1942.65,0.944299
"Sep 1, 03:00 pm",14.1531,0.157383
"Sep 1, 04:00 pm",0,0.157383
"Sep 1, 05:00 pm",0,0.157383
"Sep 1, 06:00 pm",0,0.157383
"Sep 1, 07:00 pm",0,0.157383
"Sep 1, 08:00 pm",0,0.157383
"Sep 1, 09:00 pm",0,0.157383
"Sep 1, 10:00 pm",0,0.157383
"Sep 1, 11:00 pm",0,0.157383
"Sep 2, 12:00 am",0,0.157383
"Sep 2, 01:00 am",0,0.157383
"Sep 2, 02:00 am",0,0.157383
"Sep 2, 03:00 am",0,0.157383
"Sep 2, 04:00 am",0,0.157383
"Sep 2, 05:00 am",0,0.157383
"Sep 2, 06:00 am",0,0.157383
"Sep 2, 07:00 am",0,0.157383
"Sep 2, 08:00 am",0,0.157383
"Sep 2, 09:00 am",0,0.157383
"Sep 2, 10:00 am",0,0.157383
"Sep 2, 11:00 am",0,0.157383
"Sep 2, 12:00 pm",0,0.157383
"Sep 2, 01:00 pm",0,0.157383
"Sep 2, 02:00 pm",0,0.157383
"Sep 2, 03:00 pm",1335.03,0.681983
"Sep 2, 04:00 pm",1943.29,0.944299
"Sep 2, 05:00 pm",693.291,0.337114
"Sep 2, 06:00 pm",10.5584,0.157383
"Sep 2, 07:00 pm",0,0.157383
"Sep 2, 08:00 pm",0,0.157383
"Sep 2, 09:00 pm",0,0.157383
"Sep 2, 10:00 pm",0,0.157383
"Sep 2, 11:00 pm",0,0.157383
"Sep 3, 12:00 am",0,0.157383
"Sep 3, 01:00 am",0,0.157383
"Sep 3, 02:00 am",0,0.157383
"Sep 3, 03:00 am",0,0.157383
"Sep 3, 04:00 am",0,0.157383
"Sep 3, 05:00 am",0,0.157383
"Sep 3, 06:00 am",0,0.157383
"Sep 3, 07:00 am",0,0.157383
"Sep 3, 08:00 am",0,0.157383
"Sep 3, 09:00 am",0,0.157383
"Sep 3, 10:00 am",0,0.157383
"Sep 3, 11:00 am",0,0.157383
"Sep 3, 12:00 pm",0,0.157383
"Sep 3, 01:00 pm",0,0.157383
"Sep 3, 02:00 pm",0,0.157383
"Sep 3, 03:00 pm",0,0.157383
"Sep 3, 04:00 pm",0,0.157383
"Sep 3, 05:00 pm",0,0.157383
"Sep 3, 06:00 pm",0,0.157383
"Sep 3, 07:00 pm",0,0.157383
"Sep 3, 08:00 pm",0,0.157383
"Sep 3, 09:00 pm",0,0.157383
"Sep 3, 10:00 pm",0,0.157383
"Sep 3, 11:00 pm",0,0.157383
"Sep 4, 12:00 am",0,0.157383
"Sep 4, 01:00 am",0,0.157383
"Sep 4, 02:00 am",0,0.157383
"Sep 4, 03:00 am",0,0.157383
"Sep 4, 04:00 am",0,0.157383
"Sep 4, 05:00 am",0,0.157383
"Sep 4, 06:00 am",0,0.157383
"Sep 4, 07:00 am",0,0.157383
"Sep 4, 08:00 am",0,0.157383
"Sep 4, 09:00 am",0,0.157383
"Sep 4, 10:00 am",0,0.157383
"Sep 4, 11:00 am",0,0.157383
"Sep 4, 12:00 pm",0,0.157383
"Sep 4, 01:00 pm",0,0.157383
"Sep 4, 02:00 pm",0,0.157383
"Sep 4, 03:00 pm",0,0.157383
"Sep 4, 04:00 pm",0,0.157383
"Sep 4, 05:00 pm",0,0.157383
"Sep 4, 06:00 pm",0,0.157383
"Sep 4, 07:00 pm",0,0.157383
"Sep 4, 08:00 pm",0,0.157383
"Sep 4, 09:00 pm",0,0.157383
"Sep 4, 10:00 pm",0,0.157383
"Sep 4, 11:00 pm",0,0.157383
"Sep 5, 12:00 am",0,0.157383
"Sep 5, 01:00 am",0,0.157383
"Sep 5, 02:00 am",0,0.157383
"Sep 5, 03:00 am",0,0.157383
"Sep 5, 04:00 am",0,0.157383
"Sep 5, 05:00 am",0,0.157383
"Sep 5, 06:00 am",0,0.157383
"Sep 5, 07:00 am",0,0.157383
"Sep 5, 08:00 am",0,0.157383
"Sep 5, 09:00 am",0,0.157383
"Sep 5, 10:00 am",0,0.157383
"Sep 5, 11:00 am",0,0.157383
"Sep 5, 12:00 pm",0,0.157383
"Sep 5, 01:00 pm",0,0.157383
"Sep 5, 02:00 pm",0,0.157383
"Sep 5, 03:00 pm",0,0.157383
"Sep 5, 04:00 pm",0,0.157383
"Sep 5, 05:00 pm",0,0.157383
"Sep 5, 06:00 pm",0,0.157383
"Sep 5, 07:00 pm",0,0.157383
"Sep 5, 08:00 pm",0,0.157383
"Sep 5, 09:00 pm",0,0.157383
"Sep 5, 10:00 pm",0,0.157383
"Sep 5, 11:00 pm",0,0.157383
"Sep 6, 12:00 am",0,0.157383
"Sep 6, 01:00 am",0,0.157383
"Sep 6, 02:00 am",0,0.157383
"Sep 6, 03:00 am",0,0.157383
"Sep 6, 04:00 am",0,0.157383
"Sep 6, 05:00 am",0,0.157383
"Sep 6, 06:00 am",0,0.157383
"Sep 6, 07:00 am",0,0.157383
"Sep 6, 08:00 am",0,0.157383
"Sep 6, 09:00 am",0,0.157383
"Sep 6, 10:00 am",0,0.157383
"Sep 6, 11:00 am",0,0.157383
"Sep 6, 12:00 pm",0,0.157383
"Sep 6, 01:00 pm",0,0.157383
"Sep 6, 02:00 pm",0,0.157383
"Sep 6, 03:00 pm",0,0.157383
"Sep 6, 04:00 pm",0,0.157383
"Sep 6, 05:00 pm",0,0.157383
"Sep 6, 06:00 pm",0,0.157383
"Sep 6, 07:00 pm",0,0.157383
"Sep 6, 08:00 pm",0,0.157383
"Sep 6, 09:00 pm",0,0.157383
"Sep 6, 10:00 pm",0,0.157383
"Sep 6, 11:00 pm",0,0.157383
"Sep 7, 12:00 am",0,0.157383
"Sep 7, 01:00 am",0,0.157383
"Sep 7, 02:00 am",0,0.157383
"Sep 7, 03:00 am",0,0.157383
"Sep 7, 04:00 am",0,0.157383
"Sep 7, 05:00 am",0,0.157383
"Sep 7, 06:00 am",0,0.157383
"Sep 7, 07:00 am",0,0.157383
"Sep 7, 08:00 am",0,0.157383
"Sep 7, 09:00 am",0,0.157383
"Sep 7, 10:00 am",0,0.157383
"Sep 7, 11:00 am",0,0.157383
"Sep 7, 12:00 pm",0,0.157383
"Sep 7, 01:00 pm",0,0.157383
"Sep 7, 02:00 pm",0,0.157383
"Sep 7, 03:00 pm",0,0.157383
"Sep 7, 04:00 pm",0,0.157383
"Sep 7, 05:00 pm",0,0.157383
"Sep 7, 06:00 pm",0,0.157383
"Sep 7, 07:00 pm",0,0.157383
"Sep 7, 08:00 pm",0,0.157383
"Sep 7, 09:00 pm",0,0.157383
"Sep 7, 10:00 pm",0,0.157383
"Sep 7, 11:00 pm",0,0.157383
"Sep 8, 12:00 am",0,0.157383
"Sep 8, 01:00 am",0,0.157383
"Sep 8, 02:00 am",0,0.157383
"Sep 8, 03:00 am",0,0.157383
"Sep 8, 04:00 am",0,0.157383
"Sep 8, 05:00 am",0,0.157383
"Sep 8, 06:00 am",0,0.157383
"Sep 8, 07:00 am",0,0.157383
"Sep 8, 08:00 am",0,0.157383
"Sep 8, 09:00 am",1618.77,0.9212
"Sep 8, 10:00 am",1942.55,0.944299
"Sep 8, 11:00 am",1942.57,0.944299
"Sep 8, 12:00 pm",15.028,0.157383
"Sep 8, 01:00 pm",0,0.157383
"Sep 8, 02:00 pm",0,0.157383
"Sep 8, 03:00 pm",0,0.157383
"Sep 8, 04:00 pm",1618.82,0.944299
"Sep 8, 05:00 pm",848.284,0.412462
"Sep 8, 06:00 pm",9.77642,0.157383
"Sep 8, 07:00 pm",0,0.157383
"Sep 8, 08:00 pm",0,0.157383
"Sep 8, 09:00 pm",0,0.157383
"Sep 8, 10:00 pm",0,0.157383
"Sep 8, 11:00 pm",0,0.157383
"Sep 9, 12:00 am",0,0.157383
"Sep 9, 01:00 am",0,0.157383
"Sep 9, 02:00 am",0,0.157383
"Sep 9, 03:00 am",0,0.157383
"Sep 9, 04:00 am",0,0.157383
"Sep 9, 05:00 am",0,0.157383
"Sep 9, 06:00 am",0,0.157383
"Sep 9, 07:00 am",0,0.157383
"Sep 9, 08:00 am",0,0.25162
"Sep 9, 09:00 am",1941.91,0.944299
"Sep 9, 10:00 am",1942.53,0.944299
"Sep 9, 11:00 am",1943.37,0.944299
"Sep 9, 12:00 pm",1943.39,0.944299
"Sep 9, 01:00 pm",1942.85,0.944299
"Sep 9, 02:00 pm",1944.23,0.944299
"Sep 9, 03:00 pm",1942.64,0.944299
"Sep 9, 04:00 pm",1944.38,0.944299
"Sep 9, 05:00 pm",873.748,0.424787
"Sep 9, 06:00 pm",9.8413,0.157383
"Sep 9, 07:00 pm",0,0.157383
"Sep 9, 08:00 pm",0,0.157383
"Sep 9, 09:00 pm",0,0.157383
"Sep 9, 10:00 pm",0,0.157383
"Sep 9, 11:00 pm",0,0.157383
"Sep 10, 12:00 am",0,0.157383
"Sep 10, 01:00 am",0,0.157383
"Sep 10, 02:00 am",0,0.157383
"Sep 10, 03:00 am",0,0.157383
"Sep 10, 04:00 am",0,0.157383
"Sep 10, 05:00 am",0,0.157383
"Sep 10, 06:00 am",0,0.157383
"Sep 10, 07:00 am",0,0.157383
"Sep 10, 08:00 am",0,0.248045
"Sep 10, 09:00 am",1941.81,0.944299
"Sep 10, 10:00 am",1942.54,0.944299
"Sep 10, 11:00 am",1943.67,0.944299
"Sep 10, 12:00 pm",1943.35,0.944299
"Sep 10, 01:00 pm",1940.77,0.944299
"Sep 10, 02:00 pm",1943.94,0.944299
"Sep 10, 03:00 pm",1942.54,0.944299
"Sep 10, 04:00 pm",1944.57,0.944299
"Sep 10, 05:00 pm",901.526,0.438269
"Sep 10, 06:00 pm",9.83214,0.157383
"Sep 10, 07:00 pm",0,0.157383
"Sep 10, 08:00 pm",0,0.157383
"Sep 10, 09:00 pm",0,0.157383
"Sep 10, 10:00 pm",0,0.157383
"Sep 10, 11:00 pm",0,0.157383
"Sep 11, 12:00 am",0,0.157383
"Sep 11, 01:00 am",0,0.157383
"Sep 11, 02:00 am",0,0.157383
"Sep 11, 03:00 am",0,0.157383
"Sep 11, 04:00 am",0,0.157383
"Sep 11, 05:00 am",0,0.157383
"Sep 11, 06:00 am",0,0.157383
"Sep 11, 07:00 am",0,0.157383
"Sep 11, 08:00 am",0,0.251822
"Sep 11, 09:00 am",1942.01,0.944299
"Sep 11, 10:00 am",1942.6,0.944299
"Sep 11, 11:00 am",1943.66,0.944299
"Sep 11, 12:00 pm",1943.3,0.944299
"Sep 11, 01:00 pm",1941.64,0.944299
"Sep 11, 02:00 pm",1943.88,0.944299
"Sep 11, 03:00 pm",1942.59,0.944299
"Sep 11, 04:00 pm",1944.66,0.944299
"Sep 11, 05:00 pm",923.218,0.448788
"Sep 11, 06:00 pm",10.0987,0.157383
"Sep 11, 07:00 pm",0,0.157383
"Sep 11, 08:00 pm",0,0.157383
"Sep 11, 09:00 pm",0,0.157383
"Sep 11, 10:00 pm",0,0.157383
"Sep 11, 11:00 pm",0,0.157383
"Sep 12, 12:00 am",0,0.157383
"Sep 12, 01:00 am",0,0.157383
"Sep 12, 02:00 am",0,0.157383
"Sep 12, 03:00 am",0,0.157383
"Sep 12, 04:00 am",0,0.157383
"Sep 12, 05:00 am",0,0.157383
"Sep 12, 06:00 am",0,0.157383
"Sep 12, 07:00 am",0,0.157383
"Sep 12, 08:00 am",171.499,0.265997
"Sep 12, 09:00 am",1942.74,0.944299
"Sep 12, 10:00 am",1942.59,0.944299
"Sep 12, 11:00 am",1942.17,0.944299
"Sep 12, 12:00 pm",1942.21,0.944299
"Sep 12, 01:00 pm",1942.21,0.944299
"Sep 12, 02:00 pm",1943.29,0.944299
"Sep 12, 03:00 pm",1942.63,0.944299
"Sep 12, 04:00 pm",1942.62,0.944299
"Sep 12, 05:00 pm",946.538,0.460167
"Sep 12, 06:00 pm",10.584,0.157383
"Sep 12, 07:00 pm",0,0.157383
"Sep 12, 08:00 pm",0,0.157383
"Sep 12, 09:00 pm",0,0.157383
"Sep 12, 10:00 pm",0,0.157383
"Sep 12, 11:00 pm",0,0.157383
"Sep 13, 12:00 am",0,0.157383
"Sep 13, 01:00 am",0,0.157383
"Sep 13, 02:00 am",0,0.157383
"Sep 13, 03:00 am",0,0.157383
"Sep 13, 04:00 am",0,0.157383
"Sep 13, 05:00 am",0,0.157383
"Sep 13, 06:00 am",0,0.157383
"Sep 13, 07:00 am",0,0.157383
"Sep 13, 08:00 am",166.222,0.26083
"Sep 13, 09:00 am",1942.33,0.944299
"Sep 13, 10:00 am",1942.58,0.944299
"Sep 13, 11:00 am",1944.08,0.944299
"Sep 13, 12:00 pm",1944.03,0.944299
"Sep 13, 01:00 pm",1943.5,0.944299
"Sep 13, 02:00 pm",1944.41,0.944299
"Sep 13, 03:00 pm",1942.74,0.944299
"Sep 13, 04:00 pm",1944.42,0.944299
"Sep 13, 05:00 pm",950.583,0.462108
"Sep 13, 06:00 pm",10.2415,0.157383
"Sep 13, 07:00 pm",0,0.157383
"Sep 13, 08:00 pm",0,0.157383
"Sep 13, 09:00 pm",0,0.157383
"Sep 13, 10:00 pm",0,0.157383
"Sep 13, 11:00 pm",0,0.157383
"Sep 14, 12:00 am",0,0.157383
"Sep 14, 01:00 am",0,0.157383
"Sep 14, 02:00 am",0,0.157383
"Sep 14, 03:00 am",0,0.157383
"Sep 14, 04:00 am",0,0.157383
"Sep 14, 05:00 am",0,0.157383
"Sep 14, 06:00 am",0,0.157383
"Sep 14, 07:00 am",0,0.157383
"Sep 14, 08:00 am",0,0.157383
"Sep 14, 09:00 am",1310.82,0.681983
"Sep 14, 10:00 am",1942.62,0.944299
"Sep 14, 11:00 am",1943.24,0.944299
"Sep 14, 12:00 pm",1942.81,0.944299
"Sep 14, 01:00 pm",1942.19,0.944299
"Sep 14, 02:00 pm",1943.03,0.944299
"Sep 14, 03:00 pm",1942.57,0.944299
"Sep 14, 04:00 pm",1942.56,0.944299
"Sep 14, 05:00 pm",999.44,0.485925
"Sep 14, 06:00 pm",10.2577,0.157383
"Sep 14, 07:00 pm",0,0.157383
"Sep 14, 08:00 pm",0,0.157383
"Sep 14, 09:00 pm",0,0.157383
"Sep 14, 10:00 pm",0,0.157383
"Sep 14, 11:00 pm",0,0.157383
"Sep 15, 12:00 am",0,0.157383
"Sep 15, 01:00 am",0,0.157383
"Sep 15, 02:00 am",0,0.157383
"Sep 15, 03:00 am",0,0.157383
"Sep 15, 04:00 am",0,0.157383
"Sep 15, 05:00 am",0,0.157383
"Sep 15, 06:00 am",0,0.157383
"Sep 15, 07:00 am",0,0.157383
"Sep 15, 08:00 am",186.883,0.27697
"Sep 15, 09:00 am",1943.02,0.944299
"Sep 15, 10:00 am",1942.56,0.944299
"Sep 15, 11:00 am",1942.24,0.944299
"Sep 15, 12:00 pm",1942.27,0.944299
"Sep 15, 01:00 pm",1941.96,0.944299
"Sep 15, 02:00 pm",1941.96,0.944299
"Sep 15, 03:00 pm",1942.57,0.944299
"Sep 15, 04:00 pm",1942.56,0.944299
"Sep 15, 05:00 pm",1020.32,0.496072
"Sep 15, 06:00 pm",10.5074,0.157383
"Sep 15, 07:00 pm",0,0.157383
"Sep 15, 08:00 pm",0,0.157383
"Sep 15, 09:00 pm",0,0.157383
"Sep 15, 10:00 pm",0,0.157383
"Sep 15, 11:00 pm",0,0.157383
"Sep 16, 12:00 am",0,0.157383
"Sep 16, 01:00 am",0,0.157383
"Sep 16, 02:00 am",0,0.157383
"Sep 16, 03:00 am",0,0.157383
"Sep 16, 04:00 am",0,0.157383
"Sep 16, 05:00 am",0,0.157383
"Sep 16, 06:00 am",0,0.157383
"Sep 16, 07:00 am",0,0.157383
"Sep 16, 08:00 am",560.505,0.351699
"Sep 16, 09:00 am",1942.89,0.944299
"Sep 16, 10:00 am",1942.56,0.944299
"Sep 16, 11:00 am",1941.83,0.944299
"Sep 16, 12:00 pm",1941.86,0.944299
"Sep 16, 01:00 pm",1941.58,0.944299
"Sep 16, 02:00 pm",1942.1,0.944299
"Sep 16, 03:00 pm",1944.62,0.944299
"Sep 16, 04:00 pm",1942.8,0.944299
"Sep 16, 05:00 pm",1041.81,0.506523
"Sep 16, 06:00 pm",10.5483,0.157383
"Sep 16, 07:00 pm",0,0.157383
"Sep 16, 08:00 pm",0,0.157383
"Sep 16, 09:00 pm",0,0.157383
"Sep 16, 10:00 pm",0,0.157383
"Sep 16, 11:00 pm",0,0.157383
"Sep 17, 12:00 am",0,0.157383
"Sep 17, 01:00 am",0,0.157383
"Sep 17, 02:00 am",0,0.157383
"Sep 17, 03:00 am",0,0.157383
"Sep 17, 04:00 am",0,0.157383
"Sep 17, 05:00 am",0,0.157383
"Sep 17, 06:00 am",0,0.157383
"Sep 17, 07:00 am",0,0.157383
"Sep 17, 08:00 am",0,0.157383
"Sep 17, 09:00 am",0,0.157383
"Sep 17, 10:00 am",0,0.157383
"Sep 17, 11:00 am",0,0.157383
"Sep 17, 12:00 pm",0,0.157383
"Sep 17, 01:00 pm",1346.74,0.681983
"Sep 17, 02:00 pm",1943.29,0.944299
"Sep 17, 03:00 pm",1942.55,0.944299
"Sep 17, 04:00 pm",1942.54,0.944299
"Sep 17, 05:00 pm",1050.12,0.510594
"Sep 17, 06:00 pm",10.2159,0.157383
"Sep 17, 07:00 pm",0,0.157383
"Sep 17, 08:00 pm",0,0.157383
"Sep 17, 09:00 pm",0,0.157383
"Sep 17, 10:00 pm",0,0.157383
"Sep 17, 11:00 pm",0,0.157383
"Sep 18, 12:00 am",0,0.157383
"Sep 18, 01:00 am",0,0.157383
"Sep 18, 02:00 am",0,0.157383
"Sep 18, 03:00 am",0,0.157383
"Sep 18, 04:00 am",0,0.157383
"Sep 18, 05:00 am",0,0.157383
"Sep 18, 06:00 am",0,0.157383
"Sep 18, 07:00 am",0,0.157383
"Sep 18, 08:00 am",0,0.157383
"Sep 18, 09:00 am",0,0.157383
"Sep 18, 10:00 am",0,0.157383
"Sep 18, 11:00 am",0,0.157383
"Sep 18, 12:00 pm",0,0.157383
"Sep 18, 01:00 pm",0,0.157383
"Sep 18, 02:00 pm",0,0.157383
"Sep 18, 03:00 pm",0,0.157383
"Sep 18, 04:00 pm",0,0.157383
"Sep 18, 05:00 pm",0,0.157383
"Sep 18, 06:00 pm",0,0.157383
"Sep 18, 07:00 pm",0,0.157383
"Sep 18, 08:00 pm",0,0.157383
"Sep 18, 09:00 pm",0,0.157383
"Sep 18, 10:00 pm",0,0.157383
"Sep 18, 11:00 pm",0,0.157383
"Sep 19, 12:00 am",0,0.157383
"Sep 19, 01:00 am",0,0.157383
"Sep 19, 02:00 am",0,0.157383
"Sep 19, 03:00 am",0,0.157383
"Sep 19, 04:00 am",0,0.157383
"Sep 19, 05:00 am",0,0.157383
"Sep 19, 06:00 am",0,0.157383
"Sep 19, 07:00 am",0,0.157383
"Sep 19, 08:00 am",0,0.157383
"Sep 19, 09:00 am",0,0.157383
"Sep 19, 10:00 am",0,0.157383
"Sep 19, 11:00 am",0,0.157383
"Sep 19, 12:00 pm",0,0.157383
"Sep 19, 01:00 pm",1347.64,0.681983
"Sep 19, 02:00 pm",1940.47,0.944299
"Sep 19, 03:00 pm",1943.72,0.944299
"Sep 19, 04:00 pm",1942.59,0.944299
"Sep 19, 05:00 pm",12.1021,0.157383
"Sep 19, 06:00 pm",0,0.157383
"Sep 19, 07:00 pm",0,0.157383
"Sep 19, 08:00 pm",0,0.157383
"Sep 19, 09:00 pm",0,0.157383
"Sep 19, 10:00 pm",0,0.157383
"Sep 19, 11:00 pm",0,0.157383
"Sep 20, 12:00 am",0,0.157383
"Sep 20, 01:00 am",0,0.157383
"Sep 20, 02:00 am",0,0.157383
"Sep 20, 03:00 am",0,0.157383
"Sep 20, 04:00 am",0,0.157383
"Sep 20, 05:00 am",0,0.157383
"Sep 20, 06:00 am",0,0.157383
"Sep 20, 07:00 am",0,0.157383
"Sep 20, 08:00 am",635.401,0.386436
"Sep 20, 09:00 am",1944.14,0.944299
"Sep 20, 10:00 am",1943.72,0.944299
"Sep 20, 11:00 am",1940.94,0.944299
"Sep 20, 12:00 pm",1940.96,0.944299
"Sep 20, 01:00 pm",1940.97,0.944299
"Sep 20, 02:00 pm",1941.42,0.944299
"Sep 20, 03:00 pm",1943.92,0.944299
"Sep 20, 04:00 pm",1942.58,0.944299
"Sep 20, 05:00 pm",1152.79,0.56012
"Sep 20, 06:00 pm",10.4504,0.157383
"Sep 20, 07:00 pm",0,0.157383
"Sep 20, 08:00 pm",0,0.157383
"Sep 20, 09:00 pm",0,0.157383
"Sep 20, 10:00 pm",0,0.157383
"Sep 20, 11:00 pm",0,0.157383
"Sep 21, 12:00 am",0,0.157383
"Sep 21, 01:00 am",0,0.157383
"Sep 21, 02:00 am",0,0.157383
"Sep 21, 03:00 am",0,0.157383
"Sep 21, 04:00 am",0,0.157383
"Sep 21, 05:00 am",0,0.157383
"Sep 21, 06:00 am",0,0.157383
"Sep 21, 07:00 am",0,0.157383
"Sep 21, 08:00 am",0,0.157383
"Sep 21, 09:00 am",0,0.157383
"Sep 21, 10:00 am",0,0.157383
"Sep 21, 11:00 am",0,0.157383
"Sep 21, 12:00 pm",0,0.157383
"Sep 21, 01:00 pm",0,0.157383
"Sep 21, 02:00 pm",1624.54,0.813135
"Sep 21, 03:00 pm",1942.98,0.944299
"Sep 21, 04:00 pm",1942.56,0.944299
"Sep 21, 05:00 pm",1199.98,0.583118
"Sep 21, 06:00 pm",10.1555,0.157383
"Sep 21, 07:00 pm",0,0.157383
"Sep 21, 08:00 pm",0,0.157383
"Sep 21, 09:00 pm",0,0.157383
"Sep 21, 10:00 pm",0,0.157383
"Sep 21, 11:00 pm",0,0.157383
"Sep 22, 12:00 am",0,0.157383
"Sep 22, 01:00 am",0,0.157383
"Sep 22, 02:00 am",0,0.157383
"Sep 22, 03:00 am",0,0.157383
"Sep 22, 04:00 am",0,0.157383
"Sep 22, 05:00 am",0,0.157383
"Sep 22, 06:00 am",0,0.157383
"Sep 22, 07:00 am",0,0.157383
"Sep 22, 08:00 am",903.67,0.491567
"Sep 22, 09:00 am",1942.11,0.944299
"Sep 22, 10:00 am",1941.01,0.944299
"Sep 22, 11:00 am",1942.72,0.944299
"Sep 22, 12:00 pm",1942.74,0.944299
"Sep 22, 01:00 pm",1942.76,0.944299
"Sep 22, 02:00 pm",1942.77,0.944299
"Sep 22, 03:00 pm",1941.32,0.944299
"Sep 22, 04:00 pm",1942.6,0.944299
"Sep 22, 05:00 pm",1261.61,0.613105
"Sep 22, 06:00 pm",10.3594,0.157383
"Sep 22, 07:00 pm",0,0.157383
"Sep 22, 08:00 pm",0,0.157383
"Sep 22, 09:00 pm",0,0.157383
"Sep 22, 10:00 pm",0,0.157383
"Sep 22, 11:00 pm",0,0.157383
"Sep 23, 12:00 am",0,0.157383
"Sep 23, 01:00 am",0,0.157383
"Sep 23, 02:00 am",0,0.157383
"Sep 23, 03:00 am",0,0.157383
"Sep 23, 04:00 am",0,0.157383
"Sep 23, 05:00 am",0,0.157383
"Sep 23, 06:00 am",0,0.157383
"Sep 23, 07:00 am",0,0.157383
"Sep 23, 08:00 am",967.718,0.519715
"Sep 23, 09:00 am",1942.47,0.944299
"Sep 23, 10:00 am",1940.63,0.944299
"Sep 23, 11:00 am",1942.76,0.944299
"Sep 23, 12:00 pm",1942.78,0.944299
"Sep 23, 01:00 pm",1942.81,0.944299
"Sep 23, 02:00 pm",1942.82,0.944299
"Sep 23, 03:00 pm",1940.8,0.944299
"Sep 23, 04:00 pm",1942.63,0.944299
"Sep 23, 05:00 pm",1315.82,0.639505
"Sep 23, 06:00 pm",10.4375,0.157383
"Sep 23, 07:00 pm",0,0.157383
"Sep 23, 08:00 pm",0,0.157383
"Sep 23, 09:00 pm",0,0.157383
"Sep 23, 10:00 pm",0,0.157383
"Sep 23, 11:00 pm",0,0.157383
"Sep 24, 12:00 am",0,0.157383
"Sep 24, 01:00 am",0,0.157383
"Sep 24, 02:00 am",0,0.157383
"Sep 24, 03:00 am",0,0.157383
"Sep 24, 04:00 am",0,0.157383
"Sep 24, 05:00 am",0,0.157383
"Sep 24, 06:00 am",0,0.157383
"Sep 24, 07:00 am",0,0.157383
"Sep 24, 08:00 am",933.368,0.651751
"Sep 24, 09:00 am",1942.26,0.944299
"Sep 24, 10:00 am",1941.21,0.944299
"Sep 24, 11:00 am",1942.73,0.944299
"Sep 24, 12:00 pm",1942.76,0.944299
"Sep 24, 01:00 pm",1942.81,0.944299
"Sep 24, 02:00 pm",1942.82,0.944299
"Sep 24, 03:00 pm",1941.3,0.944299
"Sep 24, 04:00 pm",1942.66,0.944299
"Sep 24, 05:00 pm",1319.87,0.641456
"Sep 24, 06:00 pm",10.8025,0.157383
"Sep 24, 07:00 pm",0,0.157383
"Sep 24, 08:00 pm",0,0.157383
"Sep 24, 09:00 pm",0,0.157383
"Sep 24, 10:00 pm",0,0.157383
"Sep 24, 11:00 pm",0,0.157383
"Sep 25, 12:00 am",0,0.157383
"Sep 25, 01:00 am",0,0.157383
"Sep 25, 02:00 am",0,0.157383
"Sep 25, 03:00 am",0,0.157383
"Sep 25, 04:00 am",0,0.157383
"Sep 25, 05:00 am",0,0.157383
"Sep 25, 06:00 am",0,0.157383
"Sep 25, 07:00 am",0,0.157383
"Sep 25, 08:00 am",950.171,0.66215
"Sep 25, 09:00 am",1942.2,0.944299
"Sep 25, 10:00 am",1941.18,0.944299
"Sep 25, 11:00 am",1942.71,0.944299
"Sep 25, 12:00 pm",1942.73,0.944299
"Sep 25, 01:00 pm",1942.74,0.944299
"Sep 25, 02:00 pm",1942.75,0.944299
"Sep 25, 03:00 pm",1941.51,0.944299
"Sep 25, 04:00 pm",1942.62,0.944299
"Sep 25, 05:00 pm",1331.55,0.647171
"Sep 25, 06:00 pm",10.595,0.157383
"Sep 25, 07:00 pm",0,0.157383
"Sep 25, 08:00 pm",0,0.157383
"Sep 25, 09:00 pm",0,0.157383
"Sep 25, 10:00 pm",0,0.157383
"Sep 25, 11:00 pm",0,0.157383
"Sep 26, 12:00 am",0,0.157383
"Sep 26, 01:00 am",0,0.157383
"Sep 26, 02:00 am",0,0.157383
"Sep 26, 03:00 am",0,0.157383
"Sep 26, 04:00 am",0,0.157383
"Sep 26, 05:00 am",0,0.157383
"Sep 26, 06:00 am",0,0.157383
"Sep 26, 07:00 am",0,0.157383
"Sep 26, 08:00 am",983.454,0.684226
"Sep 26, 09:00 am",13.0527,0.157383
"Sep 26, 10:00 am",0,0.157383
"Sep 26, 11:00 am",0,0.157383
"Sep 26, 12:00 pm",0,0.157383
"Sep 26, 01:00 pm",0,0.157383
"Sep 26, 02:00 pm",0,0.157383
"Sep 26, 03:00 pm",1619.11,0.944299
"Sep 26, 04:00 pm",1942.65,0.944299
"Sep 26, 05:00 pm",1365.08,0.663508
"Sep 26, 06:00 pm",10.6608,0.157383
"Sep 26, 07:00 pm",0,0.157383
"Sep 26, 08:00 pm",0,0.157383
"Sep 26, 09:00 pm",0,0.157383
"Sep 26, 10:00 pm",0,0.157383
"Sep 26, 11:00 pm",0,0.157383
"Sep 27, 12:00 am",0,0.157383
"Sep 27, 01:00 am",0,0.157383
"Sep 27, 02:00 am",0,0.157383
"Sep 27, 03:00 am",0,0.157383
"Sep 27, 04:00 am",0,0.157383
"Sep 27, 05:00 am",0,0.157383
"Sep 27, 06:00 am",0,0.157383
"Sep 27, 07:00 am",0,0.157383
"Sep 27, 08:00 am",0,0.157383
"Sep 27, 09:00 am",0,0.157383
"Sep 27, 10:00 am",0,0.157383
"Sep 27, 11:00 am",0,0.157383
"Sep 27, 12:00 pm",0,0.157383
"Sep 27, 01:00 pm",0,0.157383
"Sep 27, 02:00 pm",0,0.157383
"Sep 27, 03:00 pm",0,0.157383
"Sep 27, 04:00 pm",0,0.157383
"Sep 27, 05:00 pm",0,0.157383
"Sep 27, 06:00 pm",0,0.157383
"Sep 27, 07:00 pm",0,0.157383
"Sep 27, 08:00 pm",0,0.157383
"Sep 27, 09:00 pm",0,0.157383
"Sep 27, 10:00 pm",0,0.157383
"Sep 27, 11:00 pm",0,0.157383
"Sep 28, 12:00 am",0,0.157383
"Sep 28, 01:00 am",0,0.157383
"Sep 28, 02:00 am",0,0.157383
"Sep 28, 03:00 am",0,0.157383
"Sep 28, 04:00 am",0,0.157383
"Sep 28, 05:00 am",0,0.157383
"Sep 28, 06:00 am",0,0.157383
"Sep 28, 07:00 am",0,0.157383
"Sep 28, 08:00 am",1037.87,0.720879
"Sep 28, 09:00 am",1942.34,0.944299
"Sep 28, 10:00 am",1942.65,0.944299
"Sep 28, 11:00 am",1942.94,0.944299
"Sep 28, 12:00 pm",1943.02,0.944299
"Sep 28, 01:00 pm",1943.03,0.944299
"Sep 28, 02:00 pm",1943.05,0.944299
"Sep 28, 03:00 pm",1942.77,0.944299
"Sep 28, 04:00 pm",14.2678,0.157383
"Sep 28, 05:00 pm",0,0.157383
"Sep 28, 06:00 pm",0,0.157383
"Sep 28, 07:00 pm",0,0.157383
"Sep 28, 08:00 pm",0,0.157383
"Sep 28, 09:00 pm",0,0.157383
"Sep 28, 10:00 pm",0,0.157383
"Sep 28, 11:00 pm",0,0.157383
"Sep 29, 12:00 am",0,0.157383
"Sep 29, 01:00 am",0,0.157383
"Sep 29, 02:00 am",0,0.157383
"Sep 29, 03:00 am",0,0.157383
"Sep 29, 04:00 am",0,0.157383
"Sep 29, 05:00 am",0,0.157383
"Sep 29, 06:00 am",0,0.157383
"Sep 29, 07:00 am",0,0.157383
"Sep 29, 08:00 am",898.188,0.507528
"Sep 29, 09:00 am",1942.44,0.944299
"Sep 29, 10:00 am",16.0896,0.157383
"Sep 29, 11:00 am",0,0.157383
"Sep 29, 12:00 pm",0,0.157383
"Sep 29, 01:00 pm",0,0.157383
"Sep 29, 02:00 pm",0,0.157383
"Sep 29, 03:00 pm",0,0.157383
"Sep 29, 04:00 pm",0,0.157383
"Sep 29, 05:00 pm",0,0.157383
"Sep 29, 06:00 pm",0,0.157383
"Sep 29, 07:00 pm",0,0.157383
"Sep 29, 08:00 pm",0,0.157383
"Sep 29, 09:00 pm",0,0.157383
"Sep 29, 10:00 pm",0,0.157383
"Sep 29, 11:00 pm",0,0.157383
"Sep 30, 12:00 am",0,0.157383
"Sep 30, 01:00 am",0,0.157383
"Sep 30, 02:00 am",0,0.157383
"Sep 30, 03:00 am",0,0.157383
"Sep 30, 04:00 am",0,0.157383
"Sep 30, 05:00 am",0,0.157383
"Sep 30, 06:00 am",0,0.157383
"Sep 30, 07:00 am",0,0.157383
"Sep 30, 08:00 am",1070.96,0.741248
"Sep 30, 09:00 am",1942.37,0.944299
"Sep 30, 10:00 am",1942.65,0.944299
"Sep 30, 11:00 am",1942.93,0.944299
"Sep 30, 12:00 pm",1943.03,0.944299
"Sep 30, 01:00 pm",1943.04,0.944299
"Sep 30, 02:00 pm",1943.05,0.944299
"Sep 30, 03:00 pm",1942.75,0.944299
"Sep 30, 04:00 pm",1942.74,0.944299
"Sep 30, 05:00 pm",12.9338,0.157383
"Sep 30, 06:00 pm",0,0.157383
"Sep 30, 07:00 pm",0,0.157383
"Sep 30, 08:00 pm",0,0.157383
"Sep 30, 09:00 pm",0,0.157383
"Sep 30, 10:00 pm",0,0.157383
"Sep 30, 11:00 pm",0,0.157383
"Oct 1, 12:00 am",0,0.157383
"Oct 1, 01:00 am",0,0.157383
"Oct 1, 02:00 am",0,0.157383
"Oct 1, 03:00 am",0,0.157383
"Oct 1, 04:00 am",0,0.157383
"Oct 1, 05:00 am",0,0.157383
"Oct 1, 06:00 am",0,0.157383
"Oct 1, 07:00 am",0,0.157383
"Oct 1, 08:00 am",0,0.157383
"Oct 1, 09:00 am",0,0.157383
"Oct 1, 10:00 am",0,0.157383
"Oct 1, 11:00 am",0,0.157383
"Oct 1, 12:00 pm",0,0.157383
"Oct 1, 01:00 pm",0,0.157383
"Oct 1, 02:00 pm",0,0.157383
"Oct 1, 03:00 pm",0,0.157383
"Oct 1, 04:00 pm",0,0.157383
"Oct 1, 05:00 pm",0,0.157383
"Oct 1, 06:00 pm",0,0.157383
"Oct 1, 07:00 pm",0,0.157383
"Oct 1, 08:00 pm",0,0.157383
"Oct 1, 09:00 pm",0,0.157383
"Oct 1, 10:00 pm",0,0.157383
"Oct 1, 11:00 pm",0,0.157383
"Oct 2, 12:00 am",0,0.157383
"Oct 2, 01:00 am",0,0.157383
"Oct 2, 02:00 am",0,0.157383
"Oct 2, 03:00 am",0,0.157383
"Oct 2, 04:00 am",0,0.157383
"Oct 2, 05:00 am",0,0.157383
"Oct 2, 06:00 am",0,0.157383
"Oct 2, 07:00 am",0,0.157383
"Oct 2, 08:00 am",0,0.157383
"Oct 2, 09:00 am",0,0.157383
"Oct 2, 10:00 am",0,0.157383
"Oct 2, 11:00 am",0,0.157383
"Oct 2, 12:00 pm",0,0.157383
"Oct 2, 01:00 pm",0,0.157383
"Oct 2, 02:00 pm",0,0.157383
"Oct 2, 03:00 pm",0,0.157383
"Oct 2, 04:00 pm",0,0.157383
"Oct 2, 05:00 pm",0,0.157383
"Oct 2, 06:00 pm",0,0.157383
"Oct 2, 07:00 pm",0,0.157383
"Oct 2, 08:00 pm",0,0.157383
"Oct 2, 09:00 pm",0,0.157383
"Oct 2, 10:00 pm",0,0.157383
"Oct 2, 11:00 pm",0,0.157383
"Oct 3, 12:00 am",0,0.157383
"Oct 3, 01:00 am",0,0.157383
"Oct 3, 02:00 am",0,0.157383
"Oct 3, 03:00 am",0,0.157383
"Oct 3, 04:00 am",0,0.157383
"Oct 3, 05:00 am",0,0.157383
"Oct 3, 06:00 am",0,0.157383
"Oct 3, 07:00 am",0,0.157383
"Oct 3, 08:00 am",1085.77,0.750083
"Oct 3, 09:00 am",1942.36,0.944299
"Oct 3, 10:00 am",1942.61,0.944299
"Oct 3, 11:00 am",1942.81,0.944299
"Oct 3, 12:00 pm",1942.84,0.944299
"Oct 3, 01:00 pm",18.7071,0.157383
"Oct 3, 02:00 pm",15.6382,0.157383
"Oct 3, 03:00 pm",0,0.157383
"Oct 3, 04:00 pm",0,0.157383
"Oct 3, 05:00 pm",0,0.157383
"Oct 3, 06:00 pm",0,0.157383
"Oct 3, 07:00 pm",0,0.157383
"Oct 3, 08:00 pm",0,0.157383
"Oct 3, 09:00 pm",0,0.157383
"Oct 3, 10:00 pm",0,0.157383
"Oct 3, 11:00 pm",0,0.157383
"Oct 4, 12:00 am",0,0.157383
"Oct 4, 01:00 am",0,0.157383
"Oct 4, 02:00 am",0,0.157383
"Oct 4, 03:00 am",0,0.157383
"Oct 4, 04:00 am",0,0.157383
"Oct 4, 05:00 am",0,0.157383
"Oct 4, 06:00 am",0,0.157383
"Oct 4, 07:00 am",0,0.157383
"Oct 4, 08:00 am",1353.93,0.77047
"Oct 4, 09:00 am",1942.37,0.944299
"Oct 4, 10:00 am",1942.61,0.944299
"Oct 4, 11:00 am",1942.9,0.944299
"Oct 4, 12:00 pm",1942.93,0.944299
"Oct 4, 01:00 pm",1943.05,0.944299
"Oct 4, 02:00 pm",1943.05,0.944299
"Oct 4, 03:00 pm",1942.72,0.944299
"Oct 4, 04:00 pm",1942.71,0.944299
"Oct 4, 05:00 pm",1656.6,0.805089
"Oct 4, 06:00 pm",10.4632,0.157383
"Oct 4, 07:00 pm",0,0.157383
"Oct 4, 08:00 pm",0,0.157383
"Oct 4, 09:00 pm",0,0.157383
"Oct 4, 10:00 pm",0,0.157383
"Oct 4, 11:00 pm",0,0.157383
"Oct 5, 12:00 am",0,0.157383
"Oct 5, 01:00 am",0,0.157383
"Oct 5, 02:00 am",0,0.157383
"Oct 5, 03:00 am",0,0.157383
"Oct 5, 04:00 am",0,0.157383
"Oct 5, 05:00 am",0,0.157383
"Oct 5, 06:00 am",0,0.157383
"Oct 5, 07:00 am",0,0.157383
"Oct 5, 08:00 am",0,0.157383
"Oct 5, 09:00 am",1636,0.944299
"Oct 5, 10:00 am",1943.2,0.944299
"Oct 5, 11:00 am",1943.18,0.944299
"Oct 5, 12:00 pm",1943.31,0.944299
"Oct 5, 01:00 pm",1943.32,0.944299
"Oct 5, 02:00 pm",1943.17,0.944299
"Oct 5, 03:00 pm",1942.85,0.944299
"Oct 5, 04:00 pm",1942.61,0.944299
"Oct 5, 05:00 pm",1699.41,0.825979
"Oct 5, 06:00 pm",10.7304,0.157383
"Oct 5, 07:00 pm",0,0.157383
"Oct 5, 08:00 pm",0,0.157383
"Oct 5, 09:00 pm",0,0.157383
"Oct 5, 10:00 pm",0,0.157383
"Oct 5, 11:00 pm",0,0.157383
"Oct 6, 12:00 am",0,0.157383
"Oct 6, 01:00 am",0,0.157383
"Oct 6, 02:00 am",0,0.157383
"Oct 6, 03:00 am",0,0.157383
"Oct 6, 04:00 am",0,0.157383
"Oct 6, 05:00 am",0,0.157383
"Oct 6, 06:00 am",0,0.157383
"Oct 6, 07:00 am",0,0.157383
"Oct 6, 08:00 am",0,0.157383
"Oct 6, 09:00 am",0,0.157383
"Oct 6, 10:00 am",1349.37,0.681983
"Oct 6, 11:00 am",1942.96,0.944299
"Oct 6, 12:00 pm",1943,0.944299
"Oct 6, 01:00 pm",18.9865,0.157383
"Oct 6, 02:00 pm",15.6227,0.157383
"Oct 6, 03:00 pm",0,0.157383
"Oct 6, 04:00 pm",1642.45,0.944299
"Oct 6, 05:00 pm",1683.23,0.817977
"Oct 6, 06:00 pm",10.4675,0.157383
"Oct 6, 07:00 pm",0,0.157383
"Oct 6, 08:00 pm",0,0.157383
"Oct 6, 09:00 pm",0,0.157383
"Oct 6, 10:00 pm",0,0.157383
"Oct 6, 11:00 pm",0,0.157383
"Oct 7, 12:00 am",0,0.157383
"Oct 7, 01:00 am",0,0.157383
"Oct 7, 02:00 am",0,0.157383
"Oct 7, 03:00 am",0,0.157383
"Oct 7, 04:00 am",0,0.157383
"Oct 7, 05:00 am",0,0.157383
"Oct 7, 06:00 am",0,0.157383
"Oct 7, 07:00 am",0,0.157383
"Oct 7, 08:00 am",0,0.157383
"Oct 7, 09:00 am",0,0.157383
"Oct 7, 10:00 am",0,0.157383
"Oct 7, 11:00 am",0,0.157383
"Oct 7, 12:00 pm",1631.72,0.813135
"Oct 7, 01:00 pm",1943.22,0.944299
"Oct 7, 02:00 pm",1943.21,0.944299
"Oct 7, 03:00 pm",1942.8,0.944299
"Oct 7, 04:00 pm",1942.61,0.944299
"Oct 7, 05:00 pm",1751.19,0.851235
"Oct 7, 06:00 pm",10.7284,0.157383
"Oct 7, 07:00 pm",0,0.157383
"Oct 7, 08:00 pm",0,0.157383
"Oct 7, 09:00 pm",0,0.157383
"Oct 7, 10:00 pm",0,0.157383
"Oct 7, 11:00 pm",0,0.157383
"Oct 8, 12:00 am",0,0.157383
"Oct 8, 01:00 am",0,0.157383
"Oct 8, 02:00 am",0,0.157383
"Oct 8, 03:00 am",0,0.157383
"Oct 8, 04:00 am",0,0.157383
"Oct 8, 05:00 am",0,0.157383
"Oct 8, 06:00 am",0,0.157383
"Oct 8, 07:00 am",0,0.157383
"Oct 8, 08:00 am",1822.4,0.887149
"Oct 8, 09:00 am",1942.45,0.944299
"Oct 8, 10:00 am",1942.99,0.944299
"Oct 8, 11:00 am",1943.3,0.944299
"Oct 8, 12:00 pm",1943.59,0.944299
"Oct 8, 01:00 pm",1943.59,0.944299
"Oct 8, 02:00 pm",1943.27,0.944299
"Oct 8, 03:00 pm",1942.97,0.944299
"Oct 8, 04:00 pm",1942.65,0.944299
"Oct 8, 05:00 pm",1795.42,0.872756
"Oct 8, 06:00 pm",11.5365,0.157383
"Oct 8, 07:00 pm",0,0.157383
"Oct 8, 08:00 pm",0,0.157383
"Oct 8, 09:00 pm",0,0.157383
"Oct 8, 10:00 pm",0,0.157383
"Oct 8, 11:00 pm",0,0.157383
"Oct 9, 12:00 am",0,0.157383
"Oct 9, 01:00 am",0,0.157383
"Oct 9, 02:00 am",0,0.157383
"Oct 9, 03:00 am",0,0.157383
"Oct 9, 04:00 am",0,0.157383
"Oct 9, 05:00 am",0,0.157383
"Oct 9, 06:00 am",0,0.157383
"Oct 9, 07:00 am",0,0.157383
"Oct 9, 08:00 am",1794.19,0.872761
"Oct 9, 09:00 am",1942.48,0.944299
"Oct 9, 10:00 am",1942.88,0.944299
"Oct 9, 11:00 am",1943.15,0.944299
"Oct 9, 12:00 pm",1943.3,0.944299
"Oct 9, 01:00 pm",1943.3,0.944299
"Oct 9, 02:00 pm",1943.14,0.944299
"Oct 9, 03:00 pm",1942.89,0.944299
"Oct 9, 04:00 pm",1942.66,0.944299
"Oct 9, 05:00 pm",1783.05,0.866732
"Oct 9, 06:00 pm",12.3084,0.157383
"Oct 9, 07:00 pm",0,0.157383
"Oct 9, 08:00 pm",0,0.157383
"Oct 9, 09:00 pm",0,0.157383
"Oct 9, 10:00 pm",0,0.157383
"Oct 9, 11:00 pm",0,0.157383
"Oct 10, 12:00 am",0,0.157383
"Oct 10, 01:00 am",0,0.157383
"Oct 10, 02:00 am",0,0.157383
"Oct 10, 03:00 am",0,0.157383
"Oct 10, 04:00 am",0,0.157383
"Oct 10, 05:00 am",0,0.157383
"Oct 10, 06:00 am",0,0.157383
"Oct 10, 07:00 am",0,0.157383
"Oct 10, 08:00 am",1264.83,0.664422
"Oct 10, 09:00 am",1942.48,0.944299
"Oct 10, 10:00 am",1942.98,0.944299
"Oct 10, 11:00 am",1943.28,0.944299
"Oct 10, 12:00 pm",1943.5,0.944299
"Oct 10, 01:00 pm",39.9572,0.157383
"Oct 10, 02:00 pm",1941.87,0.944299
"Oct 10, 03:00 pm",1942.9,0.944299
"Oct 10, 04:00 pm",1942.64,0.944299
"Oct 10, 05:00 pm",1786.47,0.868403
"Oct 10, 06:00 pm",12.9832,0.157383
"Oct 10, 07:00 pm",0,0.157383
"Oct 10, 08:00 pm",0,0.157383
"Oct 10, 09:00 pm",0,0.157383
"Oct 10, 10:00 pm",0,0.157383
"Oct 10, 11:00 pm",0,0.157383
"Oct 11, 12:00 am",0,0.157383
"Oct 11, 01:00 am",0,0.157383
"Oct 11, 02:00 am",0,0.157383
"Oct 11, 03:00 am",0,0.157383
"Oct 11, 04:00 am",0,0.157383
"Oct 11, 05:00 am",0,0.157383
"Oct 11, 06:00 am",0,0.157383
"Oct 11, 07:00 am",0,0.157383
"Oct 11, 08:00 am",0,0.157383
"Oct 11, 09:00 am",0,0.157383
"Oct 11, 10:00 am",0,0.157383
"Oct 11, 11:00 am",0,0.157383
"Oct 11, 12:00 pm",1638.82,0.813135
"Oct 11, 01:00 pm",1943.65,0.944299
"Oct 11, 02:00 pm",1943.19,0.944299
"Oct 11, 03:00 pm",1942.9,0.944299
"Oct 11, 04:00 pm",1942.58,0.944299
"Oct 11, 05:00 pm",1821.95,0.886464
"Oct 11, 06:00 pm",13.5155,0.157383
"Oct 11, 07:00 pm",0,0.157383
"Oct 11, 08:00 pm",0,0.157383
"Oct 11, 09:00 pm",0,0.157383
"Oct 11, 10:00 pm",0,0.157383
"Oct 11, 11:00 pm",0,0.157383
"Oct 12, 12:00 am",0,0.157383
"Oct 12, 01:00 am",0,0.157383
"Oct 12, 02:00 am",0,0.157383
"Oct 12, 03:00 am",0,0.157383
"Oct 12, 04:00 am",0,0.157383
"Oct 12, 05:00 am",0,0.157383
"Oct 12, 06:00 am",0,0.157383
"Oct 12, 07:00 am",0,0.157383
"Oct 12, 08:00 am",1320.98,0.681983
"Oct 12, 09:00 am",1942.5,0.944299
"Oct 12, 10:00 am",1942.94,0.944299
"Oct 12, 11:00 am",1943.23,0.944299
"Oct 12, 12:00 pm",1943.53,0.944299
"Oct 12, 01:00 pm",1943.54,0.944299
"Oct 12, 02:00 pm",1943.23,0.944299
"Oct 12, 03:00 pm",1942.92,0.944299
"Oct 12, 04:00 pm",1942.59,0.944299
"Oct 12, 05:00 pm",1833.56,0.89181
"Oct 12, 06:00 pm",14.5743,0.157383
"Oct 12, 07:00 pm",0,0.157383
"Oct 12, 08:00 pm",0,0.157383
"Oct 12, 09:00 pm",0,0.157383
"Oct 12, 10:00 pm",0,0.157383
"Oct 12, 11:00 pm",0,0.157383
"Oct 13, 12:00 am",0,0.157383
"Oct 13, 01:00 am",0,0.157383
"Oct 13, 02:00 am",0,0.157383
"Oct 13, 03:00 am",0,0.157383
"Oct 13, 04:00 am",0,0.157383
"Oct 13, 05:00 am",0,0.157383
"Oct 13, 06:00 am",0,0.157383
"Oct 13, 07:00 am",0,0.157383
"Oct 13, 08:00 am",0,0.157383
"Oct 13, 09:00 am",0,0.157383
"Oct 13, 10:00 am",1621.3,0.813135
"Oct 13, 11:00 am",1943.28,0.944299
"Oct 13, 12:00 pm",1943.69,0.944299
"Oct 13, 01:00 pm",1943.7,0.944299
"Oct 13, 02:00 pm",1943.28,0.944299
"Oct 13, 03:00 pm",1942.97,0.944299
"Oct 13, 04:00 pm",1942.56,0.944299
"Oct 13, 05:00 pm",1865.12,0.906598
"Oct 13, 06:00 pm",15.5547,0.157383
"Oct 13, 07:00 pm",0,0.157383
"Oct 13, 08:00 pm",0,0.157383
"Oct 13, 09:00 pm",0,0.157383
"Oct 13, 10:00 pm",0,0.157383
"Oct 13, 11:00 pm",0,0.157383
"Oct 14, 12:00 am",0,0.157383
"Oct 14, 01:00 am",0,0.157383
"Oct 14, 02:00 am",0,0.157383
"Oct 14, 03:00 am",0,0.157383
"Oct 14, 04:00 am",0,0.157383
"Oct 14, 05:00 am",0,0.157383
"Oct 14, 06:00 am",0,0.157383
"Oct 14, 07:00 am",0,0.157383
"Oct 14, 08:00 am",1295.45,0.897891
"Oct 14, 09:00 am",1942.88,0.944299
"Oct 14, 10:00 am",1943.15,0.944299
"Oct 14, 11:00 am",1943.71,0.944299
"Oct 14, 12:00 pm",1944.14,0.944299
"Oct 14, 01:00 pm",1944.16,0.944299
"Oct 14, 02:00 pm",1943.5,0.944299
"Oct 14, 03:00 pm",1943.05,0.944299
"Oct 14, 04:00 pm",1944.68,0.944299
"Oct 14, 05:00 pm",1885.09,0.916009
"Oct 14, 06:00 pm",16.718,0.157383
"Oct 14, 07:00 pm",6.0792,0.157383
"Oct 14, 08:00 pm",0,0.157383
"Oct 14, 09:00 pm",0,0.157383
"Oct 14, 10:00 pm",0,0.157383
"Oct 14, 11:00 pm",0,0.157383
"Oct 15, 12:00 am",0,0.157383
"Oct 15, 01:00 am",0,0.157383
"Oct 15, 02:00 am",0,0.157383
"Oct 15, 03:00 am",0,0.157383
"Oct 15, 04:00 am",0,0.157383
"Oct 15, 05:00 am",0,0.157383
"Oct 15, 06:00 am",0,0.157383
"Oct 15, 07:00 am",0,0.157383
"Oct 15, 08:00 am",0,0.157383
"Oct 15, 09:00 am",0,0.157383
"Oct 15, 10:00 am",0,0.157383
"Oct 15, 11:00 am",0,0.157383
"Oct 15, 12:00 pm",0,0.157383
"Oct 15, 01:00 pm",0,0.157383
"Oct 15, 02:00 pm",0,0.157383
"Oct 15, 03:00 pm",0,0.157383
"Oct 15, 04:00 pm",0,0.157383
"Oct 15, 05:00 pm",0,0.157383
"Oct 15, 06:00 pm",0,0.157383
"Oct 15, 07:00 pm",0,0.157383
"Oct 15, 08:00 pm",0,0.157383
"Oct 15, 09:00 pm",0,0.157383
"Oct 15, 10:00 pm",0,0.157383
"Oct 15, 11:00 pm",0,0.157383
"Oct 16, 12:00 am",0,0.157383
"Oct 16, 01:00 am",0,0.157383
"Oct 16, 02:00 am",0,0.157383
"Oct 16, 03:00 am",0,0.157383
"Oct 16, 04:00 am",0,0.157383
"Oct 16, 05:00 am",0,0.157383
"Oct 16, 06:00 am",0,0.157383
"Oct 16, 07:00 am",0,0.157383
"Oct 16, 08:00 am",1296.07,0.681983
"Oct 16, 09:00 am",1940.54,0.944299
"Oct 16, 10:00 am",1943.14,0.944299
"Oct 16, 11:00 am",1943.83,0.944299
"Oct 16, 12:00 pm",1944.27,0.944299
"Oct 16, 01:00 pm",1944.37,0.944299
"Oct 16, 02:00 pm",1943.77,0.944299
"Oct 16, 03:00 pm",1943.11,0.944299
"Oct 16, 04:00 pm",1944.23,0.944299
"Oct 16, 05:00 pm",1915.59,0.930915
"Oct 16, 06:00 pm",19.125,0.157383
"Oct 16, 07:00 pm",9.30398,0.157383
"Oct 16, 08:00 pm",0,0.157383
"Oct 16, 09:00 pm",0,0.157383
"Oct 16, 10:00 pm",0,0.157383
"Oct 16, 11:00 pm",0,0.157383
"Oct 17, 12:00 am",0,0.157383
"Oct 17, 01:00 am",0,0.157383
"Oct 17, 02:00 am",0,0.157383
"Oct 17, 03:00 am",0,0.157383
"Oct 17, 04:00 am",0,0.157383
"Oct 17, 05:00 am",0,0.157383
"Oct 17, 06:00 am",0,0.157383
"Oct 17, 07:00 am",0,0.157383
"Oct 17, 08:00 am",1308.5,0.681983
"Oct 17, 09:00 am",13.8884,0.157383
"Oct 17, 10:00 am",0,0.157383
"Oct 17, 11:00 am",0,0.157383
"Oct 17, 12:00 pm",0,0.157383
"Oct 17, 01:00 pm",0,0.157383
"Oct 17, 02:00 pm",0,0.157383
"Oct 17, 03:00 pm",0,0.157383
"Oct 17, 04:00 pm",0,0.157383
"Oct 17, 05:00 pm",0,0.157383
"Oct 17, 06:00 pm",0,0.157383
"Oct 17, 07:00 pm",0,0.157383
"Oct 17, 08:00 pm",0,0.157383
"Oct 17, 09:00 pm",0,0.157383
"Oct 17, 10:00 pm",0,0.157383
"Oct 17, 11:00 pm",0,0.157383
"Oct 18, 12:00 am",0,0.157383
"Oct 18, 01:00 am",0,0.157383
"Oct 18, 02:00 am",0,0.157383
"Oct 18, 03:00 am",0,0.157383
"Oct 18, 04:00 am",0,0.157383
"Oct 18, 05:00 am",0,0.157383
"Oct 18, 06:00 am",0,0.157383
"Oct 18, 07:00 am",0,0.157383
"Oct 18, 08:00 am",1618.76,0.926349
"Oct 18, 09:00 am",1941.59,0.944299
"Oct 18, 10:00 am",1943.29,0.944299
"Oct 18, 11:00 am",1944.15,0.944299
"Oct 18, 12:00 pm",1944.59,0.944299
"Oct 18, 01:00 pm",1944.56,0.944299
"Oct 18, 02:00 pm",1943.99,0.944299
"Oct 18, 03:00 pm",1943.2,0.944299
"Oct 18, 04:00 pm",1943.78,0.944299
"Oct 18, 05:00 pm",1940.26,0.944299
"Oct 18, 06:00 pm",37.2983,0.157383
"Oct 18, 07:00 pm",9.96464,0.157383
"Oct 18, 08:00 pm",0,0.157383
"Oct 18, 09:00 pm",0,0.157383
"Oct 18, 10:00 pm",0,0.157383
"Oct 18, 11:00 pm",0,0.157383
"Oct 19, 12:00 am",0,0.157383
"Oct 19, 01:00 am",0,0.157383
"Oct 19, 02:00 am",0,0.157383
"Oct 19, 03:00 am",0,0.157383
"Oct 19, 04:00 am",0,0.157383
"Oct 19, 05:00 am",0,0.157383
"Oct 19, 06:00 am",0,0.157383
"Oct 19, 07:00 am",0,0.227486
"Oct 19, 08:00 am",1619.16,0.927294
"Oct 19, 09:00 am",1941.53,0.944299
"Oct 19, 10:00 am",1943.32,0.944299
"Oct 19, 11:00 am",1944.11,0.944299
"Oct 19, 12:00 pm",1944.52,0.944299
"Oct 19, 01:00 pm",1944.47,0.944299
"Oct 19, 02:00 pm",1943.86,0.944299
"Oct 19, 03:00 pm",1943.17,0.944299
"Oct 19, 04:00 pm",1944.12,0.944299
"Oct 19, 05:00 pm",1933.43,0.939758
"Oct 19, 06:00 pm",47.5367,0.157383
"Oct 19, 07:00 pm",10.1467,0.157383
"Oct 19, 08:00 pm",0,0.157383
"Oct 19, 09:00 pm",0,0.157383
"Oct 19, 10:00 pm",0,0.157383
"Oct 19, 11:00 pm",0,0.157383
"Oct 20, 12:00 am",0,0.157383
"Oct 20, 01:00 am",0,0.157383
"Oct 20, 02:00 am",0,0.157383
"Oct 20, 03:00 am",0,0.157383
"Oct 20, 04:00 am",0,0.157383
"Oct 20, 05:00 am",0,0.157383
"Oct 20, 06:00 am",0,0.157383
"Oct 20, 07:00 am",0,0.22511
"Oct 20, 08:00 am",1618.77,0.923947
"Oct 20, 09:00 am",1942.79,0.944299
"Oct 20, 10:00 am",1943.05,0.944299
"Oct 20, 11:00 am",1943.47,0.944299
"Oct 20, 12:00 pm",1944.04,0.944299
"Oct 20, 01:00 pm",1943.9,0.944299
"Oct 20, 02:00 pm",1943.4,0.944299
"Oct 20, 03:00 pm",1943.02,0.944299
"Oct 20, 04:00 pm",1944.46,0.944299
"Oct 20, 05:00 pm",1920.94,0.933513
"Oct 20, 06:00 pm",52.6591,0.157383
"Oct 20, 07:00 pm",9.70037,0.157383
"Oct 20, 08:00 pm",0,0.157383
"Oct 20, 09:00 pm",0,0.157383
"Oct 20, 10:00 pm",0,0.157383
"Oct 20, 11:00 pm",0,0.157383
"Oct 21, 12:00 am",0,0.157383
"Oct 21, 01:00 am",0,0.157383
"Oct 21, 02:00 am",0,0.157383
"Oct 21, 03:00 am",0,0.157383
"Oct 21, 04:00 am",0,0.157383
"Oct 21, 05:00 am",0,0.157383
"Oct 21, 06:00 am",0,0.157383
"Oct 21, 07:00 am",0,0.157383
"Oct 21, 08:00 am",0,0.157383
"Oct 21, 09:00 am",1343.78,0.681983
"Oct 21, 10:00 am",1943.27,0.944299
"Oct 21, 11:00 am",1943.7,0.944299
"Oct 21, 12:00 pm",100.952,0.157383
"Oct 21, 01:00 pm",80.8356,0.157383
"Oct 21, 02:00 pm",39.5237,0.157383
"Oct 21, 03:00 pm",1941.72,0.944299
"Oct 21, 04:00 pm",1944.3,0.944299
"Oct 21, 05:00 pm",1932.46,0.939253
"Oct 21, 06:00 pm",64.9431,0.157383
"Oct 21, 07:00 pm",9.88158,0.157383
"Oct 21, 08:00 pm",0,0.157383
"Oct 21, 09:00 pm",0,0.157383
"Oct 21, 10:00 pm",0,0.157383
"Oct 21, 11:00 pm",0,0.157383
"Oct 22, 12:00 am",0,0.157383
"Oct 22, 01:00 am",0,0.157383
"Oct 22, 02:00 am",0,0.157383
"Oct 22, 03:00 am",0,0.157383
"Oct 22, 04:00 am",0,0.157383
"Oct 22, 05:00 am",0,0.157383
"Oct 22, 06:00 am",0,0.157383
"Oct 22, 07:00 am",0,0.157383
"Oct 22, 08:00 am",0,0.157383
"Oct 22, 09:00 am",1348.47,0.681983
"Oct 22, 10:00 am",1943.77,0.944299
"Oct 22, 11:00 am",1944.63,0.944299
"Oct 22, 12:00 pm",120.094,0.157383
"Oct 22, 01:00 pm",98.4561,0.157383
"Oct 22, 02:00 pm",49.6118,0.157383
"Oct 22, 03:00 pm",14.5508,0.157383
"Oct 22, 04:00 pm",0,0.157383
"Oct 22, 05:00 pm",0,0.157383
"Oct 22, 06:00 pm",0,0.157383
"Oct 22, 07:00 pm",0,0.157383
"Oct 22, 08:00 pm",0,0.157383
"Oct 22, 09:00 pm",0,0.157383
"Oct 22, 10:00 pm",0,0.157383
"Oct 22, 11:00 pm",0,0.157383
"Oct 23, 12:00 am",0,0.157383
"Oct 23, 01:00 am",0,0.157383
"Oct 23, 02:00 am",0,0.157383
"Oct 23, 03:00 am",0,0.157383
"Oct 23, 04:00 am",0,0.157383
"Oct 23, 05:00 am",0,0.157383
"Oct 23, 06:00 am",0,0.157383
"Oct 23, 07:00 am",0,0.237192
"Oct 23, 08:00 am",1641.11,0.931449
"Oct 23, 09:00 am",1940.91,0.944299
"Oct 23, 10:00 am",1943.28,0.944299
"Oct 23, 11:00 am",1944.06,0.944299
"Oct 23, 12:00 pm",1944.56,0.944299
"Oct 23, 01:00 pm",1944.55,0.944299
"Oct 23, 02:00 pm",1943.95,0.944299
"Oct 23, 03:00 pm",1943.13,0.944299
"Oct 23, 04:00 pm",1943.11,0.944299
"Oct 23, 05:00 pm",1943.1,0.944299
"Oct 23, 06:00 pm",91.1226,0.157383
"Oct 23, 07:00 pm",9.66529,0.157383
"Oct 23, 08:00 pm",0,0.157383
"Oct 23, 09:00 pm",0,0.157383
"Oct 23, 10:00 pm",0,0.157383
"Oct 23, 11:00 pm",0,0.157383
"Oct 24, 12:00 am",0,0.157383
"Oct 24, 01:00 am",0,0.157383
"Oct 24, 02:00 am",0,0.157383
"Oct 24, 03:00 am",0,0.157383
"Oct 24, 04:00 am",0,0.157383
"Oct 24, 05:00 am",0,0.157383
"Oct 24, 06:00 am",0,0.157383
"Oct 24, 07:00 am",0,0.157383
"Oct 24, 08:00 am",0,0.157383
"Oct 24, 09:00 am",0,0.157383
"Oct 24, 10:00 am",0,0.157383
"Oct 24, 11:00 am",0,0.157383
"Oct 24, 12:00 pm",0,0.157383
"Oct 24, 01:00 pm",0,0.157383
"Oct 24, 02:00 pm",0,0.157383
"Oct 24, 03:00 pm",0,0.157383
"Oct 24, 04:00 pm",0,0.157383
"Oct 24, 05:00 pm",0,0.157383
"Oct 24, 06:00 pm",0,0.157383
"Oct 24, 07:00 pm",0,0.157383
"Oct 24, 08:00 pm",0,0.157383
"Oct 24, 09:00 pm",0,0.157383
"Oct 24, 10:00 pm",0,0.157383
"Oct 24, 11:00 pm",0,0.157383
"Oct 25, 12:00 am",0,0.157383
"Oct 25, 01:00 am",0,0.157383
"Oct 25, 02:00 am",0,0.157383
"Oct 25, 03:00 am",0,0.157383
"Oct 25, 04:00 am",0,0.157383
"Oct 25, 05:00 am",0,0.157383
"Oct 25, 06:00 am",0,0.157383
"Oct 25, 07:00 am",0,0.157383
"Oct 25, 08:00 am",0,0.157383
"Oct 25, 09:00 am",0,0.157383
"Oct 25, 10:00 am",0,0.157383
"Oct 25, 11:00 am",0,0.157383
"Oct 25, 12:00 pm",0,0.157383
"Oct 25, 01:00 pm",0,0.157383
"Oct 25, 02:00 pm",0,0.157383
"Oct 25, 03:00 pm",0,0.157383
"Oct 25, 04:00 pm",1632.29,0.944299
"Oct 25, 05:00 pm",1944.56,0.944299
"Oct 25, 06:00 pm",117.932,0.157383
"Oct 25, 07:00 pm",9.60244,0.157383
"Oct 25, 08:00 pm",0,0.157383
"Oct 25, 09:00 pm",0,0.157383
"Oct 25, 10:00 pm",0,0.157383
"Oct 25, 11:00 pm",0,0.157383
"Oct 26, 12:00 am",0,0.157383
"Oct 26, 01:00 am",0,0.157383
"Oct 26, 02:00 am",0,0.157383
"Oct 26, 03:00 am",0,0.157383
"Oct 26, 04:00 am",0,0.157383
"Oct 26, 05:00 am",0,0.157383
"Oct 26, 06:00 am",0,0.157383
"Oct 26, 07:00 am",0,0.244545
"Oct 26, 08:00 am",1942.33,0.944299
"Oct 26, 09:00 am",1942.59,0.944299
"Oct 26, 10:00 am",1943.48,0.944299
"Oct 26, 11:00 am",36.8857,0.157383
"Oct 26, 12:00 pm",41.5188,0.157383
"Oct 26, 01:00 pm",23.3087,0.157383
"Oct 26, 02:00 pm",17.2394,0.157383
"Oct 26, 03:00 pm",10.8673,0.157383
"Oct 26, 04:00 pm",0,0.157383
"Oct 26, 05:00 pm",0,0.157383
"Oct 26, 06:00 pm",0,0.157383
"Oct 26, 07:00 pm",0,0.157383
"Oct 26, 08:00 pm",0,0.157383
"Oct 26, 09:00 pm",0,0.157383
"Oct 26, 10:00 pm",0,0.157383
"Oct 26, 11:00 pm",0,0.157383
"Oct 27, 12:00 am",0,0.157383
"Oct 27, 01:00 am",0,0.157383
"Oct 27, 02:00 am",0,0.157383
"Oct 27, 03:00 am",0,0.157383
"Oct 27, 04:00 am",0,0.157383
"Oct 27, 05:00 am",0,0.157383
"Oct 27, 06:00 am",0,0.157383
"Oct 27, 07:00 am",0,0.157383
"Oct 27, 08:00 am",0,0.157383
"Oct 27, 09:00 am",0,0.157383
"Oct 27, 10:00 am",0,0.157383
"Oct 27, 11:00 am",0,0.157383
"Oct 27, 12:00 pm",0,0.157383
"Oct 27, 01:00 pm",0,0.157383
"Oct 27, 02:00 pm",0,0.157383
"Oct 27, 03:00 pm",0,0.157383
"Oct 27, 04:00 pm",0,0.157383
"Oct 27, 05:00 pm",0,0.157383
"Oct 27, 06:00 pm",0,0.157383
"Oct 27, 07:00 pm",0,0.157383
"Oct 27, 08:00 pm",0,0.157383
"Oct 27, 09:00 pm",0,0.157383
"Oct 27, 10:00 pm",0,0.157383
"Oct 27, 11:00 pm",0,0.157383
"Oct 28, 12:00 am",0,0.157383
"Oct 28, 01:00 am",0,0.157383
"Oct 28, 02:00 am",0,0.157383
"Oct 28, 03:00 am",0,0.157383
"Oct 28, 04:00 am",0,0.157383
"Oct 28, 05:00 am",0,0.157383
"Oct 28, 06:00 am",0,0.157383
"Oct 28, 07:00 am",0,0.157383
"Oct 28, 08:00 am",1312.46,0.681983
"Oct 28, 09:00 am",1942.8,0.944299
"Oct 28, 10:00 am",15.6894,0.157383
"Oct 28, 11:00 am",38.7401,0.157383
"Oct 28, 12:00 pm",1943.31,0.944299
"Oct 28, 01:00 pm",1942.7,0.944299
"Oct 28, 02:00 pm",1944.26,0.944299
"Oct 28, 03:00 pm",15.634,0.157383
"Oct 28, 04:00 pm",0,0.157383
"Oct 28, 05:00 pm",0,0.157383
"Oct 28, 06:00 pm",0,0.157383
"Oct 28, 07:00 pm",0,0.157383
"Oct 28, 08:00 pm",0,0.157383
"Oct 28, 09:00 pm",0,0.157383
"Oct 28, 10:00 pm",0,0.157383
"Oct 28, 11:00 pm",0,0.157383
"Oct 29, 12:00 am",0,0.157383
"Oct 29, 01:00 am",0,0.157383
"Oct 29, 02:00 am",0,0.157383
"Oct 29, 03:00 am",0,0.157383
"Oct 29, 04:00 am",0,0.157383
"Oct 29, 05:00 am",0,0.157383
"Oct 29, 06:00 am",0,0.157383
"Oct 29, 07:00 am",173.5,0.267667
"Oct 29, 08:00 am",1944.08,0.944299
"Oct 29, 09:00 am",1943.2,0.944299
"Oct 29, 10:00 am",1942.52,0.944299
"Oct 29, 11:00 am",1942.54,0.944299
"Oct 29, 12:00 pm",1942.68,0.944299
"Oct 29, 01:00 pm",1942.69,0.944299
"Oct 29, 02:00 pm",1942.7,0.944299
"Oct 29, 03:00 pm",1944.42,0.944299
"Oct 29, 04:00 pm",1942.91,0.944299
"Oct 29, 05:00 pm",1943.11,0.944299
"Oct 29, 06:00 pm",195.809,0.157383
"Oct 29, 07:00 pm",9.68227,0.157383
"Oct 29, 08:00 pm",0,0.157383
"Oct 29, 09:00 pm",0,0.157383
"Oct 29, 10:00 pm",0,0.157383
"Oct 29, 11:00 pm",0,0.157383
"Oct 30, 12:00 am",0,0.157383
"Oct 30, 01:00 am",0,0.157383
"Oct 30, 02:00 am",0,0.157383
"Oct 30, 03:00 am",0,0.157383
"Oct 30, 04:00 am",0,0.157383
"Oct 30, 05:00 am",0,0.157383
"Oct 30, 06:00 am",0,0.157383
"Oct 30, 07:00 am",359.297,0.331661
"Oct 30, 08:00 am",1943.76,0.944299
"Oct 30, 09:00 am",1943.08,0.944299
"Oct 30, 10:00 am",1944.53,0.944299
"Oct 30, 11:00 am",1942.8,0.944299
"Oct 30, 12:00 pm",1942.68,0.944299
"Oct 30, 01:00 pm",1942.69,0.944299
"Oct 30, 02:00 pm",1942.7,0.944299
"Oct 30, 03:00 pm",1944.15,0.944299
"Oct 30, 04:00 pm",1942.77,0.944299
"Oct 30, 05:00 pm",1943.03,0.944299
"Oct 30, 06:00 pm",216.77,0.157383
"Oct 30, 07:00 pm",9.89262,0.157383
"Oct 30, 08:00 pm",0,0.157383
"Oct 30, 09:00 pm",0,0.157383
"Oct 30, 10:00 pm",0,0.157383
"Oct 30, 11:00 pm",0,0.157383
"Oct 31, 12:00 am",0,0.157383
"Oct 31, 01:00 am",0,0.157383
"Oct 31, 02:00 am",0,0.157383
"Oct 31, 03:00 am",0,0.157383
"Oct 31, 04:00 am",0,0.157383
"Oct 31, 05:00 am",0,0.157383
"Oct 31, 06:00 am",0,0.157383
"Oct 31, 07:00 am",174.043,0.265865
"Oct 31, 08:00 am",1943.31,0.944299
"Oct 31, 09:00 am",1942.79,0.944299
"Oct 31, 10:00 am",1943.96,0.944299
"Oct 31, 11:00 am",1942.6,0.944299
"Oct 31, 12:00 pm",1942.62,0.944299
"Oct 31, 01:00 pm",1942.65,0.944299
"Oct 31, 02:00 pm",1944.81,0.944299
"Oct 31, 03:00 pm",1944.04,0.944299
"Oct 31, 04:00 pm",1940.49,0.944299
"Oct 31, 05:00 pm",1942.9,0.944299
"Oct 31, 06:00 pm",229.387,0.157383
"Oct 31, 07:00 pm",10.0755,0.157383
"Oct 31, 08:00 pm",0,0.157383
"Oct 31, 09:00 pm",0,0.157383
"Oct 31, 10:00 pm",0,0.157383
"Oct 31, 11:00 pm",0,0.157383
"Nov 1, 12:00 am",0,0.157383
"Nov 1, 01:00 am",0,0.157383
"Nov 1, 02:00 am",0,0.157383
"Nov 1, 03:00 am",0,0.157383
"Nov 1, 04:00 am",0,0.157383
"Nov 1, 05:00 am",0,0.157383
"Nov 1, 06:00 am",0,0.157383
"Nov 1, 07:00 am",353.152,0.327788
"Nov 1, 08:00 am",1943.12,0.944299
"Nov 1, 09:00 am",1942.8,0.944299
"Nov 1, 10:00 am",1944.07,0.944299
"Nov 1, 11:00 am",1942.61,0.944299
"Nov 1, 12:00 pm",1942.6,0.944299
"Nov 1, 01:00 pm",1942.65,0.944299
"Nov 1, 02:00 pm",1942.65,0.944299
"Nov 1, 03:00 pm",1943.83,0.944299
"Nov 1, 04:00 pm",1940.24,0.944299
"Nov 1, 05:00 pm",1942.98,0.944299
"Nov 1, 06:00 pm",248.247,0.157383
"Nov 1, 07:00 pm",10.2108,0.157383
"Nov 1, 08:00 pm",0,0.157383
"Nov 1, 09:00 pm",0,0.157383
"Nov 1, 10:00 pm",0,0.157383
"Nov 1, 11:00 pm",0,0.157383
"Nov 2, 12:00 am",0,0.157383
"Nov 2, 01:00 am",0,0.157383
"Nov 2, 02:00 am",0,0.157383
"Nov 2, 03:00 am",0,0.157383
"Nov 2, 04:00 am",0,0.157383
"Nov 2, 05:00 am",0,0.157383
"Nov 2, 06:00 am",0,0.157383
"Nov 2, 07:00 am",354.092,0.328235
"Nov 2, 08:00 am",1943.13,0.944299
"Nov 2, 09:00 am",1942.78,0.944299
"Nov 2, 10:00 am",1943.89,0.944299
"Nov 2, 11:00 am",1942.58,0.944299
"Nov 2, 12:00 pm",1942.6,0.944299
"Nov 2, 01:00 pm",1942.61,0.944299
"Nov 2, 02:00 pm",1944.61,0.944299
"Nov 2, 03:00 pm",1943.73,0.944299
"Nov 2, 04:00 pm",1940.92,0.944299
"Nov 2, 05:00 pm",1942.83,0.944299
"Nov 2, 06:00 pm",259.674,0.157383
"Nov 2, 07:00 pm",10.1555,0.157383
"Nov 2, 08:00 pm",0,0.157383
"Nov 2, 09:00 pm",0,0.157383
"Nov 2, 10:00 pm",0,0.157383
"Nov 2, 11:00 pm",0,0.157383
"Nov 3, 12:00 am",0,0.157383
"Nov 3, 01:00 am",0,0.157383
"Nov 3, 02:00 am",0,0.157383
"Nov 3, 03:00 am",0,0.157383
"Nov 3, 04:00 am",0,0.157383
"Nov 3, 05:00 am",0,0.157383
"Nov 3, 06:00 am",0,0.157383
"Nov 3, 07:00 am",0,0.157383
"Nov 3, 08:00 am",0,0.157383
"Nov 3, 09:00 am",0,0.157383
"Nov 3, 10:00 am",0,0.157383
"Nov 3, 11:00 am",0,0.157383
"Nov 3, 12:00 pm",0,0.157383
"Nov 3, 01:00 pm",0,0.157383
"Nov 3, 02:00 pm",0,0.157383
"Nov 3, 03:00 pm",0,0.157383
"Nov 3, 04:00 pm",0,0.157383
"Nov 3, 05:00 pm",0,0.157383
"Nov 3, 06:00 pm",0,0.157383
"Nov 3, 07:00 pm",0,0.157383
"Nov 3, 08:00 pm",0,0.157383
"Nov 3, 09:00 pm",0,0.157383
"Nov 3, 10:00 pm",0,0.157383
"Nov 3, 11:00 pm",0,0.157383
"Nov 4, 12:00 am",0,0.157383
"Nov 4, 01:00 am",0,0.157383
"Nov 4, 02:00 am",0,0.157383
"Nov 4, 03:00 am",0,0.157383
"Nov 4, 04:00 am",0,0.157383
"Nov 4, 05:00 am",0,0.157383
"Nov 4, 06:00 am",0,0.157383
"Nov 4, 07:00 am",0,0.157383
"Nov 4, 08:00 am",0,0.157383
"Nov 4, 09:00 am",0,0.157383
"Nov 4, 10:00 am",0,0.157383
"Nov 4, 11:00 am",1625.28,0.813135
"Nov 4, 12:00 pm",1942.59,0.944299
"Nov 4, 01:00 pm",1942.6,0.944299
"Nov 4, 02:00 pm",1942.61,0.944299
"Nov 4, 03:00 pm",1943.88,0.944299
"Nov 4, 04:00 pm",1942.69,0.944299
"Nov 4, 05:00 pm",1943.18,0.944299
"Nov 4, 06:00 pm",302.138,0.157383
"Nov 4, 07:00 pm",9.88351,0.157383
"Nov 4, 08:00 pm",0,0.157383
"Nov 4, 09:00 pm",0,0.157383
"Nov 4, 10:00 pm",0,0.157383
"Nov 4, 11:00 pm",0,0.157383
"Nov 5, 12:00 am",0,0.157383
"Nov 5, 01:00 am",0,0.157383
"Nov 5, 02:00 am",0,0.157383
"Nov 5, 03:00 am",0,0.157383
"Nov 5, 04:00 am",0,0.157383
"Nov 5, 05:00 am",0,0.157383
"Nov 5, 06:00 am",0,0.157383
"Nov 5, 07:00 am",561.901,0.351413
"Nov 5, 08:00 am",1944.14,0.944299
"Nov 5, 09:00 am",16.6165,0.157383
"Nov 5, 10:00 am",1937.78,0.944299
"Nov 5, 11:00 am",1942.59,0.944299
"Nov 5, 12:00 pm",1942.6,0.944299
"Nov 5, 01:00 pm",223.202,0.157383
"Nov 5, 02:00 pm",108.692,0.157383
"Nov 5, 03:00 pm",1942.5,0.944299
"Nov 5, 04:00 pm",1942.71,0.944299
"Nov 5, 05:00 pm",1943.23,0.944299
"Nov 5, 06:00 pm",11.7495,0.157383
"Nov 5, 07:00 pm",0,0.157383
"Nov 5, 08:00 pm",0,0.157383
"Nov 5, 09:00 pm",0,0.157383
"Nov 5, 10:00 pm",0,0.157383
"Nov 5, 11:00 pm",0,0.157383
"Nov 6, 12:00 am",0,0.157383
"Nov 6, 01:00 am",0,0.157383
"Nov 6, 02:00 am",0,0.157383
"Nov 6, 03:00 am",0,0.157383
"Nov 6, 04:00 am",0,0.157383
"Nov 6, 05:00 am",0,0.157383
"Nov 6, 06:00 am",0,0.157383
"Nov 6, 07:00 am",550.944,0.347072
"Nov 6, 08:00 am",1943.72,0.944299
"Nov 6, 09:00 am",1943,0.944299
"Nov 6, 10:00 am",1944.3,0.944299
"Nov 6, 11:00 am",1942.72,0.944299
"Nov 6, 12:00 pm",1942.61,0.944299
"Nov 6, 01:00 pm",1942.68,0.944299
"Nov 6, 02:00 pm",1942.69,0.944299
"Nov 6, 03:00 pm",1944.24,0.944299
"Nov 6, 04:00 pm",1942.87,0.944299
"Nov 6, 05:00 pm",1943.47,0.944299
"Nov 6, 06:00 pm",352.001,0.171529
"Nov 6, 07:00 pm",10.4211,0.157383
"Nov 6, 08:00 pm",0,0.157383
"Nov 6, 09:00 pm",0,0.157383
"Nov 6, 10:00 pm",0,0.157383
"Nov 6, 11:00 pm",0,0.157383
"Nov 7, 12:00 am",0,0.157383
"Nov 7, 01:00 am",0,0.157383
"Nov 7, 02:00 am",0,0.157383
"Nov 7, 03:00 am",0,0.157383
"Nov 7, 04:00 am",0,0.157383
"Nov 7, 05:00 am",0,0.157383
"Nov 7, 06:00 am",0,0.157383
"Nov 7, 07:00 am",0,0.157383
"Nov 7, 08:00 am",0,0.157383
"Nov 7, 09:00 am",0,0.157383
"Nov 7, 10:00 am",0,0.157383
"Nov 7, 11:00 am",0,0.157383
"Nov 7, 12:00 pm",0,0.157383
"Nov 7, 01:00 pm",0,0.157383
"Nov 7, 02:00 pm",0,0.157383
"Nov 7, 03:00 pm",0,0.157383
"Nov 7, 04:00 pm",0,0.157383
"Nov 7, 05:00 pm",0,0.157383
"Nov 7, 06:00 pm",0,0.157383
"Nov 7, 07:00 pm",0,0.157383
"Nov 7, 08:00 pm",0,0.157383
"Nov 7, 09:00 pm",0,0.157383
"Nov 7, 10:00 pm",0,0.157383
"Nov 7, 11:00 pm",0,0.157383
"Nov 8, 12:00 am",0,0.157383
"Nov 8, 01:00 am",0,0.157383
"Nov 8, 02:00 am",0,0.157383
"Nov 8, 03:00 am",0,0.157383
"Nov 8, 04:00 am",0,0.157383
"Nov 8, 05:00 am",0,0.157383
"Nov 8, 06:00 am",0,0.157383
"Nov 8, 07:00 am",0,0.157383
"Nov 8, 08:00 am",0,0.157383
"Nov 8, 09:00 am",0,0.157383
"Nov 8, 10:00 am",0,0.157383
"Nov 8, 11:00 am",0,0.157383
"Nov 8, 12:00 pm",0,0.157383
"Nov 8, 01:00 pm",0,0.157383
"Nov 8, 02:00 pm",0,0.157383
"Nov 8, 03:00 pm",0,0.157383
"Nov 8, 04:00 pm",1635.75,0.944299
"Nov 8, 05:00 pm",1943.83,0.944299
"Nov 8, 06:00 pm",388.719,0.189358
"Nov 8, 07:00 pm",9.8576,0.157383
"Nov 8, 08:00 pm",0,0.157383
"Nov 8, 09:00 pm",0,0.157383
"Nov 8, 10:00 pm",0,0.157383
"Nov 8, 11:00 pm",0,0.157383
"Nov 9, 12:00 am",0,0.157383
"Nov 9, 01:00 am",0,0.157383
"Nov 9, 02:00 am",0,0.157383
"Nov 9, 03:00 am",0,0.157383
"Nov 9, 04:00 am",0,0.157383
"Nov 9, 05:00 am",0,0.157383
"Nov 9, 06:00 am",0,0.157383
"Nov 9, 07:00 am",629.89,0.383062
"Nov 9, 08:00 am",1942.34,0.944299
"Nov 9, 09:00 am",1943.05,0.944299
"Nov 9, 10:00 am",1942.53,0.944299
"Nov 9, 11:00 am",1942.62,0.944299
"Nov 9, 12:00 pm",1942.65,0.944299
"Nov 9, 01:00 pm",1942.72,0.944299
"Nov 9, 02:00 pm",1942.73,0.944299
"Nov 9, 03:00 pm",1942.59,0.944299
"Nov 9, 04:00 pm",1942.95,0.944299
"Nov 9, 05:00 pm",1944.41,0.944299
"Nov 9, 06:00 pm",436.931,0.212709
"Nov 9, 07:00 pm",10.2511,0.157383
"Nov 9, 08:00 pm",0,0.157383
"Nov 9, 09:00 pm",0,0.157383
"Nov 9, 10:00 pm",0,0.157383
"Nov 9, 11:00 pm",0,0.157383
"Nov 10, 12:00 am",0,0.157383
"Nov 10, 01:00 am",0,0.157383
"Nov 10, 02:00 am",0,0.157383
"Nov 10, 03:00 am",0,0.157383
"Nov 10, 04:00 am",0,0.157383
"Nov 10, 05:00 am",0,0.157383
"Nov 10, 06:00 am",0,0.157383
"Nov 10, 07:00 am",675.076,0.403808
"Nov 10, 08:00 am",1942.36,0.944299
"Nov 10, 09:00 am",1943.18,0.944299
"Nov 10, 10:00 am",1942.58,0.944299
"Nov 10, 11:00 am",1942.68,0.944299
"Nov 10, 12:00 pm",1942.71,0.944299
"Nov 10, 01:00 pm",1942.72,0.944299
"Nov 10, 02:00 pm",1942.72,0.944299
"Nov 10, 03:00 pm",1944.55,0.944299
"Nov 10, 04:00 pm",1943.09,0.944299
"Nov 10, 05:00 pm",1943.81,0.944299
"Nov 10, 06:00 pm",451.706,0.219918
"Nov 10, 07:00 pm",10.2883,0.157383
"Nov 10, 08:00 pm",0,0.157383
"Nov 10, 09:00 pm",0,0.157383
"Nov 10, 10:00 pm",0,0.157383
"Nov 10, 11:00 pm",0,0.157383
"Nov 11, 12:00 am",0,0.157383
"Nov 11, 01:00 am",0,0.157383
"Nov 11, 02:00 am",0,0.157383
"Nov 11, 03:00 am",0,0.157383
"Nov 11, 04:00 am",0,0.157383
"Nov 11, 05:00 am",0,0.157383
"Nov 11, 06:00 am",0,0.157383
"Nov 11, 07:00 am",632.868,0.383938
"Nov 11, 08:00 am",1942.35,0.944299
"Nov 11, 09:00 am",1942.91,0.944299
"Nov 11, 10:00 am",1944.66,0.944299
"Nov 11, 11:00 am",1942.87,0.944299
"Nov 11, 12:00 pm",1942.61,0.944299
"Nov 11, 01:00 pm",1942.61,0.944299
"Nov 11, 02:00 pm",1942.62,0.944299
"Nov 11, 03:00 pm",1944.25,0.944299
"Nov 11, 04:00 pm",1942.92,0.944299
"Nov 11, 05:00 pm",1943.74,0.944299
"Nov 11, 06:00 pm",465.937,0.22684
"Nov 11, 07:00 pm",10.3388,0.157383
"Nov 11, 08:00 pm",0,0.157383
"Nov 11, 09:00 pm",0,0.157383
"Nov 11, 10:00 pm",0,0.157383
"Nov 11, 11:00 pm",0,0.157383
"Nov 12, 12:00 am",0,0.157383
"Nov 12, 01:00 am",0,0.157383
"Nov 12, 02:00 am",0,0.157383
"Nov 12, 03:00 am",0,0.157383
"Nov 12, 04:00 am",0,0.157383
"Nov 12, 05:00 am",0,0.157383
"Nov 12, 06:00 am",0,0.157383
"Nov 12, 07:00 am",652.325,0.392925
"Nov 12, 08:00 am",1942.47,0.944299
"Nov 12, 09:00 am",1942.96,0.944299
"Nov 12, 10:00 am",1942.54,0.944299
"Nov 12, 11:00 am",1942.56,0.944299
"Nov 12, 12:00 pm",1942.71,0.944299
"Nov 12, 01:00 pm",1942.72,0.944299
"Nov 12, 02:00 pm",1942.72,0.944299
"Nov 12, 03:00 pm",1944.41,0.944299
"Nov 12, 04:00 pm",1943.03,0.944299
"Nov 12, 05:00 pm",1944.07,0.944299
"Nov 12, 06:00 pm",492.454,0.239711
"Nov 12, 07:00 pm",10.3355,0.157383
"Nov 12, 08:00 pm",0,0.157383
"Nov 12, 09:00 pm",0,0.157383
"Nov 12, 10:00 pm",0,0.157383
"Nov 12, 11:00 pm",0,0.157383
"Nov 13, 12:00 am",0,0.157383
"Nov 13, 01:00 am",0,0.157383
"Nov 13, 02:00 am",0,0.157383
"Nov 13, 03:00 am",0,0.157383
"Nov 13, 04:00 am",0,0.157383
"Nov 13, 05:00 am",0,0.157383
"Nov 13, 06:00 am",0,0.157383
"Nov 13, 07:00 am",672.419,0.402405
"Nov 13, 08:00 am",1942.39,0.944299
"Nov 13, 09:00 am",1943.03,0.944299
"Nov 13, 10:00 am",1942.56,0.944299
"Nov 13, 11:00 am",1942.66,0.944299
"Nov 13, 12:00 pm",1942.68,0.944299
"Nov 13, 01:00 pm",1942.69,0.944299
"Nov 13, 02:00 pm",1942.69,0.944299
"Nov 13, 03:00 pm",1944.64,0.944299
"Nov 13, 04:00 pm",1943.17,0.944299
"Nov 13, 05:00 pm",1944.39,0.944299
"Nov 13, 06:00 pm",520.939,0.253523
"Nov 13, 07:00 pm",10.2853,0.157383
"Nov 13, 08:00 pm",0,0.157383
"Nov 13, 09:00 pm",0,0.157383
"Nov 13, 10:00 pm",0,0.157383
"Nov 13, 11:00 pm",0,0.157383
"Nov 14, 12:00 am",0,0.157383
"Nov 14, 01:00 am",0,0.157383
"Nov 14, 02:00 am",0,0.157383
"Nov 14, 03:00 am",0,0.157383
"Nov 14, 04:00 am",0,0.157383
"Nov 14, 05:00 am",0,0.157383
"Nov 14, 06:00 am",0,0.157383
"Nov 14, 07:00 am",672.238,0.402312
"Nov 14, 08:00 am",1942.38,0.944299
"Nov 14, 09:00 am",1943,0.944299
"Nov 14, 10:00 am",1942.55,0.944299
"Nov 14, 11:00 am",1942.65,0.944299
"Nov 14, 12:00 pm",1942.67,0.944299
"Nov 14, 01:00 pm",1942.68,0.944299
"Nov 14, 02:00 pm",1942.69,0.944299
"Nov 14, 03:00 pm",1944.75,0.944299
"Nov 14, 04:00 pm",1943.24,0.944299
"Nov 14, 05:00 pm",1944.64,0.944299
"Nov 14, 06:00 pm",550.976,0.268021
"Nov 14, 07:00 pm",10.4113,0.157383
"Nov 14, 08:00 pm",0,0.157383
"Nov 14, 09:00 pm",0,0.157383
"Nov 14, 10:00 pm",0,0.157383
"Nov 14, 11:00 pm",0,0.157383
"Nov 15, 12:00 am",0,0.157383
"Nov 15, 01:00 am",0,0.157383
"Nov 15, 02:00 am",0,0.157383
"Nov 15, 03:00 am",0,0.157383
"Nov 15, 04:00 am",0,0.157383
"Nov 15, 05:00 am",0,0.157383
"Nov 15, 06:00 am",0,0.157383
"Nov 15, 07:00 am",694.871,0.413117
"Nov 15, 08:00 am",1942.17,0.944299
"Nov 15, 09:00 am",1943.08,0.944299
"Nov 15, 10:00 am",1942.58,0.944299
"Nov 15, 11:00 am",1942.68,0.944299
"Nov 15, 12:00 pm",1942.71,0.944299
"Nov 15, 01:00 pm",1942.71,0.944299
"Nov 15, 02:00 pm",1942.71,0.944299
"Nov 15, 03:00 pm",1942.71,0.944299
"Nov 15, 04:00 pm",1942.92,0.944299
"Nov 15, 05:00 pm",13.7447,0.157383
"Nov 15, 06:00 pm",0,0.157383
"Nov 15, 07:00 pm",0,0.157383
"Nov 15, 08:00 pm",0,0.157383
"Nov 15, 09:00 pm",0,0.157383
"Nov 15, 10:00 pm",0,0.157383
"Nov 15, 11:00 pm",0,0.157383
"Nov 16, 12:00 am",0,0.157383
"Nov 16, 01:00 am",0,0.157383
"Nov 16, 02:00 am",0,0.157383
"Nov 16, 03:00 am",0,0.157383
"Nov 16, 04:00 am",0,0.157383
"Nov 16, 05:00 am",0,0.157383
"Nov 16, 06:00 am",0,0.157383
"Nov 16, 07:00 am",668.807,0.400952
"Nov 16, 08:00 am",1942.4,0.944299
"Nov 16, 09:00 am",1942.97,0.944299
"Nov 16, 10:00 am",1942.55,0.944299
"Nov 16, 11:00 am",1942.64,0.944299
"Nov 16, 12:00 pm",1942.67,0.944299
"Nov 16, 01:00 pm",1942.68,0.944299
"Nov 16, 02:00 pm",1942.68,0.944299
"Nov 16, 03:00 pm",1944.58,0.944299
"Nov 16, 04:00 pm",1943.13,0.944299
"Nov 16, 05:00 pm",1944.59,0.944299
"Nov 16, 06:00 pm",595.093,0.289399
"Nov 16, 07:00 pm",10.5315,0.157383
"Nov 16, 08:00 pm",0,0.157383
"Nov 16, 09:00 pm",0,0.157383
"Nov 16, 10:00 pm",0,0.157383
"Nov 16, 11:00 pm",0,0.157383
"Nov 17, 12:00 am",0,0.157383
"Nov 17, 01:00 am",0,0.157383
"Nov 17, 02:00 am",0,0.157383
"Nov 17, 03:00 am",0,0.157383
"Nov 17, 04:00 am",0,0.157383
"Nov 17, 05:00 am",0,0.157383
"Nov 17, 06:00 am",0,0.157383
"Nov 17, 07:00 am",681.105,0.406626
"Nov 17, 08:00 am",1942.13,0.944299
"Nov 17, 09:00 am",1942.91,0.944299
"Nov 17, 10:00 am",1942.52,0.944299
"Nov 17, 11:00 am",1942.62,0.944299
"Nov 17, 12:00 pm",1942.64,0.944299
"Nov 17, 01:00 pm",185.605,0.157383
"Nov 17, 02:00 pm",137.929,0.157383
"Nov 17, 03:00 pm",20.6228,0.157383
"Nov 17, 04:00 pm",13.2797,0.157383
"Nov 17, 05:00 pm",0,0.157383
"Nov 17, 06:00 pm",0,0.157383
"Nov 17, 07:00 pm",0,0.157383
"Nov 17, 08:00 pm",0,0.157383
"Nov 17, 09:00 pm",0,0.157383
"Nov 17, 10:00 pm",0,0.157383
"Nov 17, 11:00 pm",0,0.157383
"Nov 18, 12:00 am",0,0.157383
"Nov 18, 01:00 am",0,0.157383
"Nov 18, 02:00 am",0,0.157383
"Nov 18, 03:00 am",0,0.157383
"Nov 18, 04:00 am",0,0.157383
"Nov 18, 05:00 am",0,0.157383
"Nov 18, 06:00 am",0,0.157383
"Nov 18, 07:00 am",648.174,0.391805
"Nov 18, 08:00 am",1942.33,0.944299
"Nov 18, 09:00 am",1942.88,0.944299
"Nov 18, 10:00 am",1944.63,0.944299
"Nov 18, 11:00 am",1942.85,0.944299
"Nov 18, 12:00 pm",1942.59,0.944299
"Nov 18, 01:00 pm",1942.59,0.944299
"Nov 18, 02:00 pm",1942.59,0.944299
"Nov 18, 03:00 pm",1944.36,0.944299
"Nov 18, 04:00 pm",1943,0.944299
"Nov 18, 05:00 pm",1944.63,0.944299
"Nov 18, 06:00 pm",637.061,0.309767
"Nov 18, 07:00 pm",10.3753,0.157383
"Nov 18, 08:00 pm",0,0.157383
"Nov 18, 09:00 pm",0,0.157383
"Nov 18, 10:00 pm",0,0.157383
"Nov 18, 11:00 pm",0,0.157383
"Nov 19, 12:00 am",0,0.157383
"Nov 19, 01:00 am",0,0.157383
"Nov 19, 02:00 am",0,0.157383
"Nov 19, 03:00 am",0,0.157383
"Nov 19, 04:00 am",0,0.157383
"Nov 19, 05:00 am",0,0.157383
"Nov 19, 06:00 am",0,0.157383
"Nov 19, 07:00 am",846.012,0.463258
"Nov 19, 08:00 am",1942.14,0.944299
"Nov 19, 09:00 am",1942.87,0.944299
"Nov 19, 10:00 am",37.1715,0.157383
"Nov 19, 11:00 am",16.0807,0.157383
"Nov 19, 12:00 pm",54.1963,0.157383
"Nov 19, 01:00 pm",47.786,0.157383
"Nov 19, 02:00 pm",13.6549,0.157383
"Nov 19, 03:00 pm",0,0.157383
"Nov 19, 04:00 pm",0,0.157383
"Nov 19, 05:00 pm",0,0.157383
"Nov 19, 06:00 pm",0,0.157383
"Nov 19, 07:00 pm",0,0.157383
"Nov 19, 08:00 pm",0,0.157383
"Nov 19, 09:00 pm",0,0.157383
"Nov 19, 10:00 pm",0,0.157383
"Nov 19, 11:00 pm",0,0.157383
"Nov 20, 12:00 am",0,0.157383
"Nov 20, 01:00 am",0,0.157383
"Nov 20, 02:00 am",0,0.157383
"Nov 20, 03:00 am",0,0.157383
"Nov 20, 04:00 am",0,0.157383
"Nov 20, 05:00 am",0,0.157383
"Nov 20, 06:00 am",0,0.157383
"Nov 20, 07:00 am",0,0.157383
"Nov 20, 08:00 am",0,0.157383
"Nov 20, 09:00 am",1349.07,0.681983
"Nov 20, 10:00 am",1944.43,0.944299
"Nov 20, 11:00 am",1942.77,0.944299
"Nov 20, 12:00 pm",1942.59,0.944299
"Nov 20, 01:00 pm",1942.59,0.944299
"Nov 20, 02:00 pm",1942.59,0.944299
"Nov 20, 03:00 pm",1944.35,0.944299
"Nov 20, 04:00 pm",1942.98,0.944299
"Nov 20, 05:00 pm",1942.55,0.944299
"Nov 20, 06:00 pm",692.14,0.336562
"Nov 20, 07:00 pm",10.3672,0.157383
"Nov 20, 08:00 pm",0,0.157383
"Nov 20, 09:00 pm",0,0.157383
"Nov 20, 10:00 pm",0,0.157383
"Nov 20, 11:00 pm",0,0.157383
"Nov 21, 12:00 am",0,0.157383
"Nov 21, 01:00 am",0,0.157383
"Nov 21, 02:00 am",0,0.157383
"Nov 21, 03:00 am",0,0.157383
"Nov 21, 04:00 am",0,0.157383
"Nov 21, 05:00 am",0,0.157383
"Nov 21, 06:00 am",0,0.157383
"Nov 21, 07:00 am",848.394,0.595817
"Nov 21, 08:00 am",1942.08,0.944299
"Nov 21, 09:00 am",1942.92,0.944299
"Nov 21, 10:00 am",1942.53,0.944299
"Nov 21, 11:00 am",1942.54,0.944299
"Nov 21, 12:00 pm",1942.69,0.944299
"Nov 21, 01:00 pm",1942.7,0.944299
"Nov 21, 02:00 pm",1942.7,0.944299
"Nov 21, 03:00 pm",1944.54,0.944299
"Nov 21, 04:00 pm",14.8158,0.157383
"Nov 21, 05:00 pm",0,0.157383
"Nov 21, 06:00 pm",511.963,0.335401
"Nov 21, 07:00 pm",10.2223,0.157383
"Nov 21, 08:00 pm",0,0.157383
"Nov 21, 09:00 pm",0,0.157383
"Nov 21, 10:00 pm",0,0.157383
"Nov 21, 11:00 pm",0,0.157383
"Nov 22, 12:00 am",0,0.157383
"Nov 22, 01:00 am",0,0.157383
"Nov 22, 02:00 am",0,0.157383
"Nov 22, 03:00 am",0,0.157383
"Nov 22, 04:00 am",0,0.157383
"Nov 22, 05:00 am",0,0.157383
"Nov 22, 06:00 am",0,0.157383
"Nov 22, 07:00 am",843.282,0.592015
"Nov 22, 08:00 am",1942.06,0.944299
"Nov 22, 09:00 am",1942.87,0.944299
"Nov 22, 10:00 am",1944.7,0.944299
"Nov 22, 11:00 am",1942.88,0.944299
"Nov 22, 12:00 pm",1942.7,0.944299
"Nov 22, 01:00 pm",1942.71,0.944299
"Nov 22, 02:00 pm",1942.72,0.944299
"Nov 22, 03:00 pm",1944.61,0.944299
"Nov 22, 04:00 pm",1943.16,0.944299
"Nov 22, 05:00 pm",1942.61,0.944299
"Nov 22, 06:00 pm",753.117,0.366182
"Nov 22, 07:00 pm",10.5362,0.157383
"Nov 22, 08:00 pm",0,0.157383
"Nov 22, 09:00 pm",0,0.157383
"Nov 22, 10:00 pm",0,0.157383
"Nov 22, 11:00 pm",0,0.157383
"Nov 23, 12:00 am",0,0.157383
"Nov 23, 01:00 am",0,0.157383
"Nov 23, 02:00 am",0,0.157383
"Nov 23, 03:00 am",0,0.157383
"Nov 23, 04:00 am",0,0.157383
"Nov 23, 05:00 am",0,0.157383
"Nov 23, 06:00 am",0,0.157383
"Nov 23, 07:00 am",847.214,0.59438
"Nov 23, 08:00 am",1942.09,0.944299
"Nov 23, 09:00 am",1942.9,0.944299
"Nov 23, 10:00 am",1942.55,0.944299
"Nov 23, 11:00 am",1942.57,0.944299
"Nov 23, 12:00 pm",1942.73,0.944299
"Nov 23, 01:00 pm",1942.74,0.944299
"Nov 23, 02:00 pm",1942.74,0.944299
"Nov 23, 03:00 pm",1944.77,0.944299
"Nov 23, 04:00 pm",1943.27,0.944299
"Nov 23, 05:00 pm",1942.63,0.944299
"Nov 23, 06:00 pm",789.398,0.383801
"Nov 23, 07:00 pm",10.5721,0.157383
"Nov 23, 08:00 pm",0,0.157383
"Nov 23, 09:00 pm",0,0.157383
"Nov 23, 10:00 pm",0,0.157383
"Nov 23, 11:00 pm",0,0.157383
"Nov 24, 12:00 am",0,0.157383
"Nov 24, 01:00 am",0,0.157383
"Nov 24, 02:00 am",0,0.157383
"Nov 24, 03:00 am",0,0.157383
"Nov 24, 04:00 am",0,0.157383
"Nov 24, 05:00 am",0,0.157383
"Nov 24, 06:00 am",0,0.157383
"Nov 24, 07:00 am",858.074,0.601301
"Nov 24, 08:00 am",1942.09,0.944299
"Nov 24, 09:00 am",1942.92,0.944299
"Nov 24, 10:00 am",1942.55,0.944299
"Nov 24, 11:00 am",1942.57,0.944299
"Nov 24, 12:00 pm",1942.73,0.944299
"Nov 24, 01:00 pm",1942.74,0.944299
"Nov 24, 02:00 pm",1942.74,0.944299
"Nov 24, 03:00 pm",1942.74,0.944299
"Nov 24, 04:00 pm",1942.96,0.944299
"Nov 24, 05:00 pm",1942.64,0.944299
"Nov 24, 06:00 pm",823.483,0.400362
"Nov 24, 07:00 pm",10.5855,0.157383
"Nov 24, 08:00 pm",0,0.157383
"Nov 24, 09:00 pm",0,0.157383
"Nov 24, 10:00 pm",0,0.157383
"Nov 24, 11:00 pm",0,0.157383
"Nov 25, 12:00 am",0,0.157383
"Nov 25, 01:00 am",0,0.157383
"Nov 25, 02:00 am",0,0.157383
"Nov 25, 03:00 am",0,0.157383
"Nov 25, 04:00 am",0,0.157383
"Nov 25, 05:00 am",0,0.157383
"Nov 25, 06:00 am",0,0.157383
"Nov 25, 07:00 am",883.074,0.617247
"Nov 25, 08:00 am",1942.45,0.944299
"Nov 25, 09:00 am",1943.05,0.944299
"Nov 25, 10:00 am",1942.58,0.944299
"Nov 25, 11:00 am",1942.69,0.944299
"Nov 25, 12:00 pm",1942.71,0.944299
"Nov 25, 01:00 pm",1942.71,0.944299
"Nov 25, 02:00 pm",1942.71,0.944299
"Nov 25, 03:00 pm",1942.71,0.944299
"Nov 25, 04:00 pm",1943,0.944299
"Nov 25, 05:00 pm",1942.64,0.944299
"Nov 25, 06:00 pm",855.335,0.415846
"Nov 25, 07:00 pm",10.5104,0.157383
"Nov 25, 08:00 pm",0,0.157383
"Nov 25, 09:00 pm",0,0.157383
"Nov 25, 10:00 pm",0,0.157383
"Nov 25, 11:00 pm",0,0.157383
"Nov 26, 12:00 am",0,0.157383
"Nov 26, 01:00 am",0,0.157383
"Nov 26, 02:00 am",0,0.157383
"Nov 26, 03:00 am",0,0.157383
"Nov 26, 04:00 am",0,0.157383
"Nov 26, 05:00 am",0,0.157383
"Nov 26, 06:00 am",0,0.157383
"Nov 26, 07:00 am",884.54,0.618181
"Nov 26, 08:00 am",1942.43,0.944299
"Nov 26, 09:00 am",1943.05,0.944299
"Nov 26, 10:00 am",1942.58,0.944299
"Nov 26, 11:00 am",1942.6,0.944299
"Nov 26, 12:00 pm",1942.78,0.944299
"Nov 26, 01:00 pm",1942.78,0.944299
"Nov 26, 02:00 pm",1942.79,0.944299
"Nov 26, 03:00 pm",1942.63,0.944299
"Nov 26, 04:00 pm",1943.03,0.944299
"Nov 26, 05:00 pm",1942.65,0.944299
"Nov 26, 06:00 pm",886.595,0.431041
"Nov 26, 07:00 pm",10.5156,0.157383
"Nov 26, 08:00 pm",0,0.157383
"Nov 26, 09:00 pm",0,0.157383
"Nov 26, 10:00 pm",0,0.157383
"Nov 26, 11:00 pm",0,0.157383
"Nov 27, 12:00 am",0,0.157383
"Nov 27, 01:00 am",0,0.157383
"Nov 27, 02:00 am",0,0.157383
"Nov 27, 03:00 am",0,0.157383
"Nov 27, 04:00 am",0,0.157383
"Nov 27, 05:00 am",0,0.157383
"Nov 27, 06:00 am",0,0.157383
"Nov 27, 07:00 am",882.538,0.616918
"Nov 27, 08:00 am",1942.43,0.944299
"Nov 27, 09:00 am",1943.01,0.944299
"Nov 27, 10:00 am",1942.56,0.944299
"Nov 27, 11:00 am",1942.58,0.944299
"Nov 27, 12:00 pm",1942.76,0.944299
"Nov 27, 01:00 pm",1942.76,0.944299
"Nov 27, 02:00 pm",1942.76,0.944299
"Nov 27, 03:00 pm",1942.61,0.944299
"Nov 27, 04:00 pm",1943.01,0.944299
"Nov 27, 05:00 pm",1942.63,0.944299
"Nov 27, 06:00 pm",918.943,0.446771
"Nov 27, 07:00 pm",10.3691,0.157383
"Nov 27, 08:00 pm",0,0.157383
"Nov 27, 09:00 pm",0,0.157383
"Nov 27, 10:00 pm",0,0.157383
"Nov 27, 11:00 pm",0,0.157383
"Nov 28, 12:00 am",0,0.157383
"Nov 28, 01:00 am",0,0.157383
"Nov 28, 02:00 am",0,0.157383
"Nov 28, 03:00 am",0,0.157383
"Nov 28, 04:00 am",0,0.157383
"Nov 28, 05:00 am",0,0.157383
"Nov 28, 06:00 am",0,0.157383
"Nov 28, 07:00 am",896.702,0.626244
"Nov 28, 08:00 am",1942.39,0.944299
"Nov 28, 09:00 am",1943.06,0.944299
"Nov 28, 10:00 am",1942.56,0.944299
"Nov 28, 11:00 am",1942.68,0.944299
"Nov 28, 12:00 pm",1942.7,0.944299
"Nov 28, 01:00 pm",1942.71,0.944299
"Nov 28, 02:00 pm",1942.71,0.944299
"Nov 28, 03:00 pm",1942.71,0.944299
"Nov 28, 04:00 pm",1943.06,0.944299
"Nov 28, 05:00 pm",1942.65,0.944299
"Nov 28, 06:00 pm",953.123,0.463382
"Nov 28, 07:00 pm",10.407,0.157383
"Nov 28, 08:00 pm",0,0.157383
"Nov 28, 09:00 pm",0,0.157383
"Nov 28, 10:00 pm",0,0.157383
"Nov 28, 11:00 pm",0,0.157383
"Nov 29, 12:00 am",0,0.157383
"Nov 29, 01:00 am",0,0.157383
"Nov 29, 02:00 am",0,0.157383
"Nov 29, 03:00 am",0,0.157383
"Nov 29, 04:00 am",0,0.157383
"Nov 29, 05:00 am",0,0.157383
"Nov 29, 06:00 am",0,0.157383
"Nov 29, 07:00 am",908.021,0.633558
"Nov 29, 08:00 am",1942.36,0.944299
"Nov 29, 09:00 am",1943.13,0.944299
"Nov 29, 10:00 am",1942.6,0.944299
"Nov 29, 11:00 am",1942.71,0.944299
"Nov 29, 12:00 pm",1942.74,0.944299
"Nov 29, 01:00 pm",1942.74,0.944299
"Nov 29, 02:00 pm",1942.74,0.944299
"Nov 29, 03:00 pm",22.9048,0.157383
"Nov 29, 04:00 pm",13.2683,0.157383
"Nov 29, 05:00 pm",0,0.157383
"Nov 29, 06:00 pm",0,0.157383
"Nov 29, 07:00 pm",0,0.157383
"Nov 29, 08:00 pm",0,0.157383
"Nov 29, 09:00 pm",0,0.157383
"Nov 29, 10:00 pm",0,0.157383
"Nov 29, 11:00 pm",0,0.157383
"Nov 30, 12:00 am",0,0.157383
"Nov 30, 01:00 am",0,0.157383
"Nov 30, 02:00 am",0,0.157383
"Nov 30, 03:00 am",0,0.157383
"Nov 30, 04:00 am",0,0.157383
"Nov 30, 05:00 am",0,0.157383
"Nov 30, 06:00 am",0,0.157383
"Nov 30, 07:00 am",891.128,0.623704
"Nov 30, 08:00 am",1942.41,0.944299
"Nov 30, 09:00 am",1943.1,0.944299
"Nov 30, 10:00 am",1942.59,0.944299
"Nov 30, 11:00 am",1942.71,0.944299
"Nov 30, 12:00 pm",1942.73,0.944299
"Nov 30, 01:00 pm",1942.74,0.944299
"Nov 30, 02:00 pm",71.1434,0.157383
"Nov 30, 03:00 pm",27.3731,0.157383
"Nov 30, 04:00 pm",16.3837,0.157383
"Nov 30, 05:00 pm",9.22087,0.157383
"Nov 30, 06:00 pm",0,0.157383
"Nov 30, 07:00 pm",0,0.157383
"Nov 30, 08:00 pm",0,0.157383
"Nov 30, 09:00 pm",0,0.157383
"Nov 30, 10:00 pm",0,0.157383
"Nov 30, 11:00 pm",0,0.157383
"Dec 1, 12:00 am",0,0.157383
"Dec 1, 01:00 am",0,0.157383
"Dec 1, 02:00 am",0,0.157383
"Dec 1, 03:00 am",0,0.157383
"Dec 1, 04:00 am",0,0.157383
"Dec 1, 05:00 am",0,0.157383
"Dec 1, 06:00 am",0,0.157383
"Dec 1, 07:00 am",0,0.157383
"Dec 1, 08:00 am",0,0.157383
"Dec 1, 09:00 am",0,0.157383
"Dec 1, 10:00 am",0,0.157383
"Dec 1, 11:00 am",0,0.157383
"Dec 1, 12:00 pm",0,0.157383
"Dec 1, 01:00 pm",276.969,0.157383
"Dec 1, 02:00 pm",1941.64,0.944299
"Dec 1, 03:00 pm",16.3492,0.157383
"Dec 1, 04:00 pm",9.51948,0.157383
"Dec 1, 05:00 pm",0,0.157383
"Dec 1, 06:00 pm",0,0.157383
"Dec 1, 07:00 pm",0,0.157383
"Dec 1, 08:00 pm",0,0.157383
"Dec 1, 09:00 pm",0,0.157383
"Dec 1, 10:00 pm",0,0.157383
"Dec 1, 11:00 pm",0,0.157383
"Dec 2, 12:00 am",0,0.157383
"Dec 2, 01:00 am",0,0.157383
"Dec 2, 02:00 am",0,0.157383
"Dec 2, 03:00 am",0,0.157383
"Dec 2, 04:00 am",0,0.157383
"Dec 2, 05:00 am",0,0.157383
"Dec 2, 06:00 am",0,0.157383
"Dec 2, 07:00 am",914.064,0.638186
"Dec 2, 08:00 am",1942.38,0.944299
"Dec 2, 09:00 am",1943.29,0.944299
"Dec 2, 10:00 am",1942.71,0.944299
"Dec 2, 11:00 am",1942.85,0.944299
"Dec 2, 12:00 pm",1942.99,0.944299
"Dec 2, 01:00 pm",1943.01,0.944299
"Dec 2, 02:00 pm",1943,0.944299
"Dec 2, 03:00 pm",1942.77,0.944299
"Dec 2, 04:00 pm",1943.58,0.944299
"Dec 2, 05:00 pm",1942.7,0.944299
"Dec 2, 06:00 pm",1116.72,0.542513
"Dec 2, 07:00 pm",11.0456,0.157383
"Dec 2, 08:00 pm",0,0.157383
"Dec 2, 09:00 pm",0,0.157383
"Dec 2, 10:00 pm",0,0.157383
"Dec 2, 11:00 pm",0,0.157383
"Dec 3, 12:00 am",0,0.157383
"Dec 3, 01:00 am",0,0.157383
"Dec 3, 02:00 am",0,0.157383
"Dec 3, 03:00 am",0,0.157383
"Dec 3, 04:00 am",0,0.157383
"Dec 3, 05:00 am",0,0.157383
"Dec 3, 06:00 am",0,0.157383
"Dec 3, 07:00 am",935.865,0.651134
"Dec 3, 08:00 am",1942.35,0.944299
"Dec 3, 09:00 am",1943.41,0.944299
"Dec 3, 10:00 am",1942.75,0.944299
"Dec 3, 11:00 am",1942.88,0.944299
"Dec 3, 12:00 pm",1943.01,0.944299
"Dec 3, 01:00 pm",1943.03,0.944299
"Dec 3, 02:00 pm",1943.02,0.944299
"Dec 3, 03:00 pm",1942.77,0.944299
"Dec 3, 04:00 pm",1943.38,0.944299
"Dec 3, 05:00 pm",1942.73,0.944299
"Dec 3, 06:00 pm",1146.39,0.556953
"Dec 3, 07:00 pm",11.2239,0.157383
"Dec 3, 08:00 pm",0,0.157383
"Dec 3, 09:00 pm",0,0.157383
"Dec 3, 10:00 pm",0,0.157383
"Dec 3, 11:00 pm",0,0.157383
"Dec 4, 12:00 am",0,0.157383
"Dec 4, 01:00 am",0,0.157383
"Dec 4, 02:00 am",0,0.157383
"Dec 4, 03:00 am",0,0.157383
"Dec 4, 04:00 am",0,0.157383
"Dec 4, 05:00 am",0,0.157383
"Dec 4, 06:00 am",0,0.157383
"Dec 4, 07:00 am",903.9,0.63011
"Dec 4, 08:00 am",1942.42,0.944299
"Dec 4, 09:00 am",1943.15,0.944299
"Dec 4, 10:00 am",1942.65,0.944299
"Dec 4, 11:00 am",1942.78,0.944299
"Dec 4, 12:00 pm",180.586,0.157383
"Dec 4, 01:00 pm",186.282,0.157383
"Dec 4, 02:00 pm",140.962,0.157383
"Dec 4, 03:00 pm",78.3242,0.157383
"Dec 4, 04:00 pm",13.6981,0.157383
"Dec 4, 05:00 pm",0,0.157383
"Dec 4, 06:00 pm",0,0.157383
"Dec 4, 07:00 pm",0,0.157383
"Dec 4, 08:00 pm",0,0.157383
"Dec 4, 09:00 pm",0,0.157383
"Dec 4, 10:00 pm",0,0.157383
"Dec 4, 11:00 pm",0,0.157383
"Dec 5, 12:00 am",0,0.157383
"Dec 5, 01:00 am",0,0.157383
"Dec 5, 02:00 am",0,0.157383
"Dec 5, 03:00 am",0,0.157383
"Dec 5, 04:00 am",0,0.157383
"Dec 5, 05:00 am",0,0.157383
"Dec 5, 06:00 am",0,0.157383
"Dec 5, 07:00 am",0,0.157383
"Dec 5, 08:00 am",1327.35,0.681983
"Dec 5, 09:00 am",1943.31,0.944299
"Dec 5, 10:00 am",1942.61,0.944299
"Dec 5, 11:00 am",1942.72,0.944299
"Dec 5, 12:00 pm",1942.75,0.944299
"Dec 5, 01:00 pm",1942.85,0.944299
"Dec 5, 02:00 pm",1942.84,0.944299
"Dec 5, 03:00 pm",1942.65,0.944299
"Dec 5, 04:00 pm",1943.2,0.944299
"Dec 5, 05:00 pm",1942.67,0.944299
"Dec 5, 06:00 pm",1176.78,0.571783
"Dec 5, 07:00 pm",10.7684,0.157383
"Dec 5, 08:00 pm",0,0.157383
"Dec 5, 09:00 pm",0,0.157383
"Dec 5, 10:00 pm",0,0.157383
"Dec 5, 11:00 pm",0,0.157383
"Dec 6, 12:00 am",0,0.157383
"Dec 6, 01:00 am",0,0.157383
"Dec 6, 02:00 am",0,0.157383
"Dec 6, 03:00 am",0,0.157383
"Dec 6, 04:00 am",0,0.157383
"Dec 6, 05:00 am",0,0.157383
"Dec 6, 06:00 am",0,0.157383
"Dec 6, 07:00 am",0,0.157383
"Dec 6, 08:00 am",1329.78,0.681983
"Dec 6, 09:00 am",1943.33,0.944299
"Dec 6, 10:00 am",1942.6,0.944299
"Dec 6, 11:00 am",1942.62,0.944299
"Dec 6, 12:00 pm",141.954,0.157383
"Dec 6, 01:00 pm",1941.69,0.944299
"Dec 6, 02:00 pm",137.875,0.157383
"Dec 6, 03:00 pm",17.9437,0.157383
"Dec 6, 04:00 pm",12.9094,0.157383
"Dec 6, 05:00 pm",0,0.157383
"Dec 6, 06:00 pm",0,0.157383
"Dec 6, 07:00 pm",0,0.157383
"Dec 6, 08:00 pm",0,0.157383
"Dec 6, 09:00 pm",0,0.157383
"Dec 6, 10:00 pm",0,0.157383
"Dec 6, 11:00 pm",0,0.157383
"Dec 7, 12:00 am",0,0.157383
"Dec 7, 01:00 am",0,0.157383
"Dec 7, 02:00 am",0,0.157383
"Dec 7, 03:00 am",0,0.157383
"Dec 7, 04:00 am",0,0.157383
"Dec 7, 05:00 am",0,0.157383
"Dec 7, 06:00 am",0,0.157383
"Dec 7, 07:00 am",870.641,0.474401
"Dec 7, 08:00 am",1942.2,0.944299
"Dec 7, 09:00 am",1942.97,0.944299
"Dec 7, 10:00 am",1942.59,0.944299
"Dec 7, 11:00 am",1942.72,0.944299
"Dec 7, 12:00 pm",1942.74,0.944299
"Dec 7, 01:00 pm",1942.86,0.944299
"Dec 7, 02:00 pm",1942.86,0.944299
"Dec 7, 03:00 pm",1942.65,0.944299
"Dec 7, 04:00 pm",1943.21,0.944299
"Dec 7, 05:00 pm",1942.65,0.944299
"Dec 7, 06:00 pm",1231.81,0.598582
"Dec 7, 07:00 pm",10.6566,0.157383
"Dec 7, 08:00 pm",0,0.157383
"Dec 7, 09:00 pm",0,0.157383
"Dec 7, 10:00 pm",0,0.157383
"Dec 7, 11:00 pm",0,0.157383
"Dec 8, 12:00 am",0,0.157383
"Dec 8, 01:00 am",0,0.157383
"Dec 8, 02:00 am",0,0.157383
"Dec 8, 03:00 am",0,0.157383
"Dec 8, 04:00 am",0,0.157383
"Dec 8, 05:00 am",0,0.157383
"Dec 8, 06:00 am",0,0.157383
"Dec 8, 07:00 am",883.213,0.617114
"Dec 8, 08:00 am",1942.46,0.944299
"Dec 8, 09:00 am",1943.11,0.944299
"Dec 8, 10:00 am",1942.63,0.944299
"Dec 8, 11:00 am",1942.77,0.944299
"Dec 8, 12:00 pm",1942.9,0.944299
"Dec 8, 01:00 pm",1942.91,0.944299
"Dec 8, 02:00 pm",1942.9,0.944299
"Dec 8, 03:00 pm",1942.7,0.944299
"Dec 8, 04:00 pm",1943.32,0.944299
"Dec 8, 05:00 pm",1942.66,0.944299
"Dec 8, 06:00 pm",1283.58,0.62378
"Dec 8, 07:00 pm",10.7078,0.157383
"Dec 8, 08:00 pm",0,0.157383
"Dec 8, 09:00 pm",0,0.157383
"Dec 8, 10:00 pm",0,0.157383
"Dec 8, 11:00 pm",0,0.157383
"Dec 9, 12:00 am",0,0.157383
"Dec 9, 01:00 am",0,0.157383
"Dec 9, 02:00 am",0,0.157383
"Dec 9, 03:00 am",0,0.157383
"Dec 9, 04:00 am",0,0.157383
"Dec 9, 05:00 am",0,0.157383
"Dec 9, 06:00 am",0,0.157383
"Dec 9, 07:00 am",923.821,0.643546
"Dec 9, 08:00 am",1942.36,0.944299
"Dec 9, 09:00 am",1943.47,0.944299
"Dec 9, 10:00 am",1942.74,0.944299
"Dec 9, 11:00 am",1942.89,0.944299
"Dec 9, 12:00 pm",1942.92,0.944299
"Dec 9, 01:00 pm",1943.03,0.944299
"Dec 9, 02:00 pm",1943.02,0.944299
"Dec 9, 03:00 pm",1942.75,0.944299
"Dec 9, 04:00 pm",1943.41,0.944299
"Dec 9, 05:00 pm",1942.68,0.944299
"Dec 9, 06:00 pm",1320.08,0.641559
"Dec 9, 07:00 pm",10.8908,0.157383
"Dec 9, 08:00 pm",0,0.157383
"Dec 9, 09:00 pm",0,0.157383
"Dec 9, 10:00 pm",0,0.157383
"Dec 9, 11:00 pm",0,0.157383
"Dec 10, 12:00 am",0,0.157383
"Dec 10, 01:00 am",0,0.157383
"Dec 10, 02:00 am",0,0.157383
"Dec 10, 03:00 am",0,0.157383
"Dec 10, 04:00 am",0,0.157383
"Dec 10, 05:00 am",0,0.157383
"Dec 10, 06:00 am",0,0.157383
"Dec 10, 07:00 am",868.357,0.607091
"Dec 10, 08:00 am",1942.52,0.944299
"Dec 10, 09:00 am",1943,0.944299
"Dec 10, 10:00 am",1942.6,0.944299
"Dec 10, 11:00 am",1942.7,0.944299
"Dec 10, 12:00 pm",1942.72,0.944299
"Dec 10, 01:00 pm",1942.82,0.944299
"Dec 10, 02:00 pm",1942.81,0.944299
"Dec 10, 03:00 pm",1942.62,0.944299
"Dec 10, 04:00 pm",1943.08,0.944299
"Dec 10, 05:00 pm",1942.67,0.944299
"Dec 10, 06:00 pm",1304.81,0.63413
"Dec 10, 07:00 pm",10.7273,0.157383
"Dec 10, 08:00 pm",0,0.157383
"Dec 10, 09:00 pm",0,0.157383
"Dec 10, 10:00 pm",0,0.157383
"Dec 10, 11:00 pm",0,0.157383
"Dec 11, 12:00 am",0,0.157383
"Dec 11, 01:00 am",0,0.157383
"Dec 11, 02:00 am",0,0.157383
"Dec 11, 03:00 am",0,0.157383
"Dec 11, 04:00 am",0,0.157383
"Dec 11, 05:00 am",0,0.157383
"Dec 11, 06:00 am",0,0.157383
"Dec 11, 07:00 am",851.005,0.596179
"Dec 11, 08:00 am",1942.12,0.944299
"Dec 11, 09:00 am",1943,0.944299
"Dec 11, 10:00 am",1942.63,0.944299
"Dec 11, 11:00 am",1942.76,0.944299
"Dec 11, 12:00 pm",1942.79,0.944299
"Dec 11, 01:00 pm",1942.79,0.944299
"Dec 11, 02:00 pm",1942.78,0.944299
"Dec 11, 03:00 pm",1942.77,0.944299
"Dec 11, 04:00 pm",1943.21,0.944299
"Dec 11, 05:00 pm",1942.68,0.944299
"Dec 11, 06:00 pm",1336.63,0.649627
"Dec 11, 07:00 pm",10.9036,0.157383
"Dec 11, 08:00 pm",0,0.157383
"Dec 11, 09:00 pm",0,0.157383
"Dec 11, 10:00 pm",0,0.157383
"Dec 11, 11:00 pm",0,0.157383
"Dec 12, 12:00 am",0,0.157383
"Dec 12, 01:00 am",0,0.157383
"Dec 12, 02:00 am",0,0.157383
"Dec 12, 03:00 am",0,0.157383
"Dec 12, 04:00 am",0,0.157383
"Dec 12, 05:00 am",0,0.157383
"Dec 12, 06:00 am",0,0.157383
"Dec 12, 07:00 am",873.363,0.610163
"Dec 12, 08:00 am",1942.55,0.944299
"Dec 12, 09:00 am",1943.15,0.944299
"Dec 12, 10:00 am",1942.68,0.944299
"Dec 12, 11:00 am",1942.83,0.944299
"Dec 12, 12:00 pm",1942.86,0.944299
"Dec 12, 01:00 pm",1942.97,0.944299
"Dec 12, 02:00 pm",1942.96,0.944299
"Dec 12, 03:00 pm",1942.73,0.944299
"Dec 12, 04:00 pm",1943.31,0.944299
"Dec 12, 05:00 pm",1942.71,0.944299
"Dec 12, 06:00 pm",1386.19,0.673759
"Dec 12, 07:00 pm",11.2087,0.157383
"Dec 12, 08:00 pm",0,0.157383
"Dec 12, 09:00 pm",0,0.157383
"Dec 12, 10:00 pm",0,0.157383
"Dec 12, 11:00 pm",0,0.157383
"Dec 13, 12:00 am",0,0.157383
"Dec 13, 01:00 am",0,0.157383
"Dec 13, 02:00 am",0,0.157383
"Dec 13, 03:00 am",0,0.157383
"Dec 13, 04:00 am",0,0.157383
"Dec 13, 05:00 am",0,0.157383
"Dec 13, 06:00 am",0,0.157383
"Dec 13, 07:00 am",846.845,0.592787
"Dec 13, 08:00 am",1942.15,0.944299
"Dec 13, 09:00 am",1943,0.944299
"Dec 13, 10:00 am",48.0355,0.157383
"Dec 13, 11:00 am",81.542,0.157383
"Dec 13, 12:00 pm",18.3067,0.157383
"Dec 13, 01:00 pm",68.7096,0.157383
"Dec 13, 02:00 pm",1941.56,0.944299
"Dec 13, 03:00 pm",1942.66,0.944299
"Dec 13, 04:00 pm",16.3543,0.157383
"Dec 13, 05:00 pm",8.90662,0.157383
"Dec 13, 06:00 pm",0,0.157383
"Dec 13, 07:00 pm",0,0.157383
"Dec 13, 08:00 pm",0,0.157383
"Dec 13, 09:00 pm",0,0.157383
"Dec 13, 10:00 pm",0,0.157383
"Dec 13, 11:00 pm",0,0.157383
"Dec 14, 12:00 am",0,0.157383
"Dec 14, 01:00 am",0,0.157383
"Dec 14, 02:00 am",0,0.157383
"Dec 14, 03:00 am",0,0.157383
"Dec 14, 04:00 am",0,0.157383
"Dec 14, 05:00 am",0,0.157383
"Dec 14, 06:00 am",0,0.157383
"Dec 14, 07:00 am",848.909,0.59535
"Dec 14, 08:00 am",1942.17,0.944299
"Dec 14, 09:00 am",1943.12,0.944299
"Dec 14, 10:00 am",1942.68,0.944299
"Dec 14, 11:00 am",1942.82,0.944299
"Dec 14, 12:00 pm",1942.86,0.944299
"Dec 14, 01:00 pm",1942.98,0.944299
"Dec 14, 02:00 pm",1942.98,0.944299
"Dec 14, 03:00 pm",1942.75,0.944299
"Dec 14, 04:00 pm",1943.42,0.944299
"Dec 14, 05:00 pm",1942.69,0.944299
"Dec 14, 06:00 pm",1437.26,0.698634
"Dec 14, 07:00 pm",11.1607,0.157383
"Dec 14, 08:00 pm",0,0.157383
"Dec 14, 09:00 pm",0,0.157383
"Dec 14, 10:00 pm",0,0.157383
"Dec 14, 11:00 pm",0,0.157383
"Dec 15, 12:00 am",0,0.157383
"Dec 15, 01:00 am",0,0.157383
"Dec 15, 02:00 am",0,0.157383
"Dec 15, 03:00 am",0,0.157383
"Dec 15, 04:00 am",0,0.157383
"Dec 15, 05:00 am",0,0.157383
"Dec 15, 06:00 am",0,0.157383
"Dec 15, 07:00 am",855.138,0.598341
"Dec 15, 08:00 am",1942.18,0.944299
"Dec 15, 09:00 am",1943.11,0.944299
"Dec 15, 10:00 am",1942.68,0.944299
"Dec 15, 11:00 am",1942.82,0.944299
"Dec 15, 12:00 pm",1942.84,0.944299
"Dec 15, 01:00 pm",1942.97,0.944299
"Dec 15, 02:00 pm",1942.96,0.944299
"Dec 15, 03:00 pm",1942.74,0.944299
"Dec 15, 04:00 pm",1943.37,0.944299
"Dec 15, 05:00 pm",1942.7,0.944299
"Dec 15, 06:00 pm",1479.7,0.719295
"Dec 15, 07:00 pm",11.2627,0.157383
"Dec 15, 08:00 pm",0,0.157383
"Dec 15, 09:00 pm",0,0.157383
"Dec 15, 10:00 pm",0,0.157383
"Dec 15, 11:00 pm",0,0.157383
"Dec 16, 12:00 am",0,0.157383
"Dec 16, 01:00 am",0,0.157383
"Dec 16, 02:00 am",0,0.157383
"Dec 16, 03:00 am",0,0.157383
"Dec 16, 04:00 am",0,0.157383
"Dec 16, 05:00 am",0,0.157383
"Dec 16, 06:00 am",0,0.157383
"Dec 16, 07:00 am",850.066,0.595032
"Dec 16, 08:00 am",1942.18,0.944299
"Dec 16, 09:00 am",1943.12,0.944299
"Dec 16, 10:00 am",1942.69,0.944299
"Dec 16, 11:00 am",1942.84,0.944299
"Dec 16, 12:00 pm",1942.87,0.944299
"Dec 16, 01:00 pm",1943.03,0.944299
"Dec 16, 02:00 pm",1943.02,0.944299
"Dec 16, 03:00 pm",1942.79,0.944299
"Dec 16, 04:00 pm",1943.6,0.944299
"Dec 16, 05:00 pm",1942.7,0.944299
"Dec 16, 06:00 pm",1519.38,0.738603
"Dec 16, 07:00 pm",11.3873,0.157383
"Dec 16, 08:00 pm",0,0.157383
"Dec 16, 09:00 pm",0,0.157383
"Dec 16, 10:00 pm",0,0.157383
"Dec 16, 11:00 pm",0,0.157383
"Dec 17, 12:00 am",0,0.157383
"Dec 17, 01:00 am",0,0.157383
"Dec 17, 02:00 am",0,0.157383
"Dec 17, 03:00 am",0,0.157383
"Dec 17, 04:00 am",0,0.157383
"Dec 17, 05:00 am",0,0.157383
"Dec 17, 06:00 am",0,0.157383
"Dec 17, 07:00 am",860.814,0.602239
"Dec 17, 08:00 am",1942.58,0.944299
"Dec 17, 09:00 am",1943.23,0.944299
"Dec 17, 10:00 am",111.222,0.157383
"Dec 17, 11:00 am",55.1651,0.157383
"Dec 17, 12:00 pm",199.357,0.157383
"Dec 17, 01:00 pm",237.957,0.157383
"Dec 17, 02:00 pm",1941.73,0.944299
"Dec 17, 03:00 pm",1942.75,0.944299
"Dec 17, 04:00 pm",1943.49,0.944299
"Dec 17, 05:00 pm",1942.67,0.944299
"Dec 17, 06:00 pm",1540.04,0.747982
"Dec 17, 07:00 pm",11.4109,0.157383
"Dec 17, 08:00 pm",0,0.157383
"Dec 17, 09:00 pm",0,0.157383
"Dec 17, 10:00 pm",0,0.157383
"Dec 17, 11:00 pm",0,0.157383
"Dec 18, 12:00 am",0,0.157383
"Dec 18, 01:00 am",0,0.157383
"Dec 18, 02:00 am",0,0.157383
"Dec 18, 03:00 am",0,0.157383
"Dec 18, 04:00 am",0,0.157383
"Dec 18, 05:00 am",0,0.157383
"Dec 18, 06:00 am",0,0.157383
"Dec 18, 07:00 am",836.174,0.586097
"Dec 18, 08:00 am",1942.13,0.944299
"Dec 18, 09:00 am",1943.05,0.944299
"Dec 18, 10:00 am",1942.64,0.944299
"Dec 18, 11:00 am",1942.77,0.944299
"Dec 18, 12:00 pm",1942.79,0.944299
"Dec 18, 01:00 pm",1942.92,0.944299
"Dec 18, 02:00 pm",1942.91,0.944299
"Dec 18, 03:00 pm",1942.7,0.944299
"Dec 18, 04:00 pm",1943.32,0.944299
"Dec 18, 05:00 pm",1942.67,0.944299
"Dec 18, 06:00 pm",1548.43,0.752113
"Dec 18, 07:00 pm",11.2975,0.157383
"Dec 18, 08:00 pm",0,0.157383
"Dec 18, 09:00 pm",0,0.157383
"Dec 18, 10:00 pm",0,0.157383
"Dec 18, 11:00 pm",0,0.157383
"Dec 19, 12:00 am",0,0.157383
"Dec 19, 01:00 am",0,0.157383
"Dec 19, 02:00 am",0,0.157383
"Dec 19, 03:00 am",0,0.157383
"Dec 19, 04:00 am",0,0.157383
"Dec 19, 05:00 am",0,0.157383
"Dec 19, 06:00 am",0,0.157383
"Dec 19, 07:00 am",677.57,0.404328
"Dec 19, 08:00 am",13.0841,0.157383
"Dec 19, 09:00 am",0,0.157383
"Dec 19, 10:00 am",0,0.157383
"Dec 19, 11:00 am",33.7,0.157383
"Dec 19, 12:00 pm",17.9026,0.157383
"Dec 19, 01:00 pm",13.4741,0.157383
"Dec 19, 02:00 pm",0,0.157383
"Dec 19, 03:00 pm",0,0.157383
"Dec 19, 04:00 pm",0,0.157383
"Dec 19, 05:00 pm",0,0.157383
"Dec 19, 06:00 pm",0,0.157383
"Dec 19, 07:00 pm",0,0.157383
"Dec 19, 08:00 pm",0,0.157383
"Dec 19, 09:00 pm",0,0.157383
"Dec 19, 10:00 pm",0,0.157383
"Dec 19, 11:00 pm",0,0.157383
"Dec 20, 12:00 am",0,0.157383
"Dec 20, 01:00 am",0,0.157383
"Dec 20, 02:00 am",0,0.157383
"Dec 20, 03:00 am",0,0.157383
"Dec 20, 04:00 am",0,0.157383
"Dec 20, 05:00 am",0,0.157383
"Dec 20, 06:00 am",0,0.157383
"Dec 20, 07:00 am",852.202,0.467179
"Dec 20, 08:00 am",1942.17,0.944299
"Dec 20, 09:00 am",1943.3,0.944299
"Dec 20, 10:00 am",1942.74,0.944299
"Dec 20, 11:00 am",1942.92,0.944299
"Dec 20, 12:00 pm",1943.06,0.944299
"Dec 20, 01:00 pm",1943.08,0.944299
"Dec 20, 02:00 pm",1943.07,0.944299
"Dec 20, 03:00 pm",1942.84,0.944299
"Dec 20, 04:00 pm",1944.15,0.944299
"Dec 20, 05:00 pm",1944.76,0.944299
"Dec 20, 06:00 pm",1653.12,0.803213
"Dec 20, 07:00 pm",11.2565,0.157383
"Dec 20, 08:00 pm",0,0.157383
"Dec 20, 09:00 pm",0,0.157383
"Dec 20, 10:00 pm",0,0.157383
"Dec 20, 11:00 pm",0,0.157383
"Dec 21, 12:00 am",0,0.157383
"Dec 21, 01:00 am",0,0.157383
"Dec 21, 02:00 am",0,0.157383
"Dec 21, 03:00 am",0,0.157383
"Dec 21, 04:00 am",0,0.157383
"Dec 21, 05:00 am",0,0.157383
"Dec 21, 06:00 am",0,0.157383
"Dec 21, 07:00 am",860.912,0.60255
"Dec 21, 08:00 am",1942.59,0.944299
"Dec 21, 09:00 am",1943.34,0.944299
"Dec 21, 10:00 am",1942.73,0.944299
"Dec 21, 11:00 am",1942.89,0.944299
"Dec 21, 12:00 pm",1942.92,0.944299
"Dec 21, 01:00 pm",1943.05,0.944299
"Dec 21, 02:00 pm",1943.05,0.944299
"Dec 21, 03:00 pm",1942.79,0.944299
"Dec 21, 04:00 pm",1943.86,0.944299
"Dec 21, 05:00 pm",1942.64,0.944299
"Dec 21, 06:00 pm",1663.48,0.808401
"Dec 21, 07:00 pm",11.3041,0.157383
"Dec 21, 08:00 pm",0,0.157383
"Dec 21, 09:00 pm",0,0.157383
"Dec 21, 10:00 pm",0,0.157383
"Dec 21, 11:00 pm",0,0.157383
"Dec 22, 12:00 am",0,0.157383
"Dec 22, 01:00 am",0,0.157383
"Dec 22, 02:00 am",0,0.157383
"Dec 22, 03:00 am",0,0.157383
"Dec 22, 04:00 am",0,0.157383
"Dec 22, 05:00 am",0,0.157383
"Dec 22, 06:00 am",0,0.157383
"Dec 22, 07:00 am",807.029,0.445135
"Dec 22, 08:00 am",1942.06,0.944299
"Dec 22, 09:00 am",1943,0.944299
"Dec 22, 10:00 am",1942.62,0.944299
"Dec 22, 11:00 am",1942.76,0.944299
"Dec 22, 12:00 pm",1942.8,0.944299
"Dec 22, 01:00 pm",1942.96,0.944299
"Dec 22, 02:00 pm",1942.96,0.944299
"Dec 22, 03:00 pm",1942.75,0.944299
"Dec 22, 04:00 pm",1943.66,0.944299
"Dec 22, 05:00 pm",1942.63,0.944299
"Dec 22, 06:00 pm",1670.3,0.811739
"Dec 22, 07:00 pm",11.2139,0.157383
"Dec 22, 08:00 pm",0,0.157383
"Dec 22, 09:00 pm",0,0.157383
"Dec 22, 10:00 pm",0,0.157383
"Dec 22, 11:00 pm",0,0.157383
"Dec 23, 12:00 am",0,0.157383
"Dec 23, 01:00 am",0,0.157383
"Dec 23, 02:00 am",0,0.157383
"Dec 23, 03:00 am",0,0.157383
"Dec 23, 04:00 am",0,0.157383
"Dec 23, 05:00 am",0,0.157383
"Dec 23, 06:00 am",0,0.157383
"Dec 23, 07:00 am",808.962,0.446081
"Dec 23, 08:00 am",1942.07,0.944299
"Dec 23, 09:00 am",1943.08,0.944299
"Dec 23, 10:00 am",1942.65,0.944299
"Dec 23, 11:00 am",1942.81,0.944299
"Dec 23, 12:00 pm",1942.83,0.944299
"Dec 23, 01:00 pm",1943,0.944299
"Dec 23, 02:00 pm",1942.99,0.944299
"Dec 23, 03:00 pm",1942.76,0.944299
"Dec 23, 04:00 pm",1943.76,0.944299
"Dec 23, 05:00 pm",1942.61,0.944299
"Dec 23, 06:00 pm",1691.84,0.82226
"Dec 23, 07:00 pm",11.1265,0.157383
"Dec 23, 08:00 pm",0,0.157383
"Dec 23, 09:00 pm",0,0.157383
"Dec 23, 10:00 pm",0,0.157383
"Dec 23, 11:00 pm",0,0.157383
"Dec 24, 12:00 am",0,0.157383
"Dec 24, 01:00 am",0,0.157383
"Dec 24, 02:00 am",0,0.157383
"Dec 24, 03:00 am",0,0.157383
"Dec 24, 04:00 am",0,0.157383
"Dec 24, 05:00 am",0,0.157383
"Dec 24, 06:00 am",0,0.157383
"Dec 24, 07:00 am",819.788,0.45136
"Dec 24, 08:00 am",1942.11,0.944299
"Dec 24, 09:00 am",1943.17,0.944299
"Dec 24, 10:00 am",1942.69,0.944299
"Dec 24, 11:00 am",1942.84,0.944299
"Dec 24, 12:00 pm",1942.88,0.944299
"Dec 24, 01:00 pm",1943.04,0.944299
"Dec 24, 02:00 pm",1943.03,0.944299
"Dec 24, 03:00 pm",1942.79,0.944299
"Dec 24, 04:00 pm",1943.85,0.944299
"Dec 24, 05:00 pm",1942.63,0.944299
"Dec 24, 06:00 pm",1719.44,0.835712
"Dec 24, 07:00 pm",11.3535,0.157383
"Dec 24, 08:00 pm",0,0.157383
"Dec 24, 09:00 pm",0,0.157383
"Dec 24, 10:00 pm",0,0.157383
"Dec 24, 11:00 pm",0,0.157383
"Dec 25, 12:00 am",0,0.157383
"Dec 25, 01:00 am",0,0.157383
"Dec 25, 02:00 am",0,0.157383
"Dec 25, 03:00 am",0,0.157383
"Dec 25, 04:00 am",0,0.157383
"Dec 25, 05:00 am",0,0.157383
"Dec 25, 06:00 am",0,0.157383
"Dec 25, 07:00 am",726.925,0.425465
"Dec 25, 08:00 am",1942.38,0.944299
"Dec 25, 09:00 am",1943.02,0.944299
"Dec 25, 10:00 am",1942.65,0.944299
"Dec 25, 11:00 am",1942.78,0.944299
"Dec 25, 12:00 pm",1942.8,0.944299
"Dec 25, 01:00 pm",1942.93,0.944299
"Dec 25, 02:00 pm",1942.93,0.944299
"Dec 25, 03:00 pm",1942.72,0.944299
"Dec 25, 04:00 pm",1943.38,0.944299
"Dec 25, 05:00 pm",1942.65,0.944299
"Dec 25, 06:00 pm",1704.38,0.828373
"Dec 25, 07:00 pm",11.2638,0.157383
"Dec 25, 08:00 pm",0,0.157383
"Dec 25, 09:00 pm",0,0.157383
"Dec 25, 10:00 pm",0,0.157383
"Dec 25, 11:00 pm",0,0.157383
"Dec 26, 12:00 am",0,0.157383
"Dec 26, 01:00 am",0,0.157383
"Dec 26, 02:00 am",0,0.157383
"Dec 26, 03:00 am",0,0.157383
"Dec 26, 04:00 am",0,0.157383
"Dec 26, 05:00 am",0,0.157383
"Dec 26, 06:00 am",0,0.157383
"Dec 26, 07:00 am",693.317,0.410278
"Dec 26, 08:00 am",1942.14,0.944299
"Dec 26, 09:00 am",1942.98,0.944299
"Dec 26, 10:00 am",1942.64,0.944299
"Dec 26, 11:00 am",1942.78,0.944299
"Dec 26, 12:00 pm",1942.81,0.944299
"Dec 26, 01:00 pm",1942.98,0.944299
"Dec 26, 02:00 pm",1942.97,0.944299
"Dec 26, 03:00 pm",1942.75,0.944299
"Dec 26, 04:00 pm",1943.61,0.944299
"Dec 26, 05:00 pm",1942.64,0.944299
"Dec 26, 06:00 pm",1729.41,0.840576
"Dec 26, 07:00 pm",11.4636,0.157383
"Dec 26, 08:00 pm",0,0.157383
"Dec 26, 09:00 pm",0,0.157383
"Dec 26, 10:00 pm",0,0.157383
"Dec 26, 11:00 pm",0,0.157383
"Dec 27, 12:00 am",0,0.157383
"Dec 27, 01:00 am",0,0.157383
"Dec 27, 02:00 am",0,0.157383
"Dec 27, 03:00 am",0,0.157383
"Dec 27, 04:00 am",0,0.157383
"Dec 27, 05:00 am",0,0.157383
"Dec 27, 06:00 am",0,0.157383
"Dec 27, 07:00 am",691.618,0.409406
"Dec 27, 08:00 am",1942.16,0.944299
"Dec 27, 09:00 am",1943,0.944299
"Dec 27, 10:00 am",1942.64,0.944299
"Dec 27, 11:00 am",1942.77,0.944299
"Dec 27, 12:00 pm",1942.79,0.944299
"Dec 27, 01:00 pm",1942.8,0.944299
"Dec 27, 02:00 pm",269.74,0.157383
"Dec 27, 03:00 pm",59.8303,0.157383
"Dec 27, 04:00 pm",14.4992,0.157383
"Dec 27, 05:00 pm",0,0.157383
"Dec 27, 06:00 pm",0,0.157383
"Dec 27, 07:00 pm",0,0.157383
"Dec 27, 08:00 pm",0,0.157383
"Dec 27, 09:00 pm",0,0.157383
"Dec 27, 10:00 pm",0,0.157383
"Dec 27, 11:00 pm",0,0.157383
"Dec 28, 12:00 am",0,0.157383
"Dec 28, 01:00 am",0,0.157383
"Dec 28, 02:00 am",0,0.157383
"Dec 28, 03:00 am",0,0.157383
"Dec 28, 04:00 am",0,0.157383
"Dec 28, 05:00 am",0,0.157383
"Dec 28, 06:00 am",0,0.157383
"Dec 28, 07:00 am",636.533,0.384486
"Dec 28, 08:00 am",1944.54,0.944299
"Dec 28, 09:00 am",1943.28,0.944299
"Dec 28, 10:00 am",1942.6,0.944299
"Dec 28, 11:00 am",1942.74,0.944299
"Dec 28, 12:00 pm",1942.77,0.944299
"Dec 28, 01:00 pm",277.895,0.157383
"Dec 28, 02:00 pm",184.7,0.157383
"Dec 28, 03:00 pm",35.5729,0.157383
"Dec 28, 04:00 pm",13.7524,0.157383
"Dec 28, 05:00 pm",0,0.157383
"Dec 28, 06:00 pm",0,0.157383
"Dec 28, 07:00 pm",0,0.157383
"Dec 28, 08:00 pm",0,0.157383
"Dec 28, 09:00 pm",0,0.157383
"Dec 28, 10:00 pm",0,0.157383
"Dec 28, 11:00 pm",0,0.157383
"Dec 29, 12:00 am",0,0.157383
"Dec 29, 01:00 am",0,0.157383
"Dec 29, 02:00 am",0,0.157383
"Dec 29, 03:00 am",0,0.157383
"Dec 29, 04:00 am",0,0.157383
"Dec 29, 05:00 am",0,0.157383
"Dec 29, 06:00 am",0,0.157383
"Dec 29, 07:00 am",565.982,0.354347
"Dec 29, 08:00 am",12.8481,0.157383
"Dec 29, 09:00 am",0,0.157383
"Dec 29, 10:00 am",0,0.157383
"Dec 29, 11:00 am",103.284,0.157383
"Dec 29, 12:00 pm",1941.71,0.944299
"Dec 29, 01:00 pm",1942.91,0.944299
"Dec 29, 02:00 pm",1942.91,0.944299
"Dec 29, 03:00 pm",1942.71,0.944299
"Dec 29, 04:00 pm",1943.48,0.944299
"Dec 29, 05:00 pm",1942.62,0.944299
"Dec 29, 06:00 pm",1740.33,0.845914
"Dec 29, 07:00 pm",12.0147,0.157383
"Dec 29, 08:00 pm",0,0.157383
"Dec 29, 09:00 pm",0,0.157383
"Dec 29, 10:00 pm",0,0.157383
"Dec 29, 11:00 pm",0,0.157383
"Dec 30, 12:00 am",0,0.157383
"Dec 30, 01:00 am",0,0.157383
"Dec 30, 02:00 am",0,0.157383
"Dec 30, 03:00 am",0,0.157383
"Dec 30, 04:00 am",0,0.157383
"Dec 30, 05:00 am",0,0.157383
"Dec 30, 06:00 am",0,0.157383
"Dec 30, 07:00 am",555.995,0.348317
"Dec 30, 08:00 am",1943.98,0.944299
"Dec 30, 09:00 am",1942.99,0.944299
"Dec 30, 10:00 am",1942.64,0.944299
"Dec 30, 11:00 am",1942.66,0.944299
"Dec 30, 12:00 pm",1942.83,0.944299
"Dec 30, 01:00 pm",1942.85,0.944299
"Dec 30, 02:00 pm",1942.85,0.944299
"Dec 30, 03:00 pm",1942.84,0.944299
"Dec 30, 04:00 pm",1943.44,0.944299
"Dec 30, 05:00 pm",1942.64,0.944299
"Dec 30, 06:00 pm",1742.34,0.846887
"Dec 30, 07:00 pm",12.3411,0.157383
"Dec 30, 08:00 pm",0,0.157383
"Dec 30, 09:00 pm",0,0.157383
"Dec 30, 10:00 pm",0,0.157383
"Dec 30, 11:00 pm",0,0.157383
"Dec 31, 12:00 am",0,0.157383
"Dec 31, 01:00 am",0,0.157383
"Dec 31, 02:00 am",0,0.157383
"Dec 31, 03:00 am",0,0.157383
"Dec 31, 04:00 am",0,0.157383
"Dec 31, 05:00 am",0,0.157383
"Dec 31, 06:00 am",0,0.157383
"Dec 31, 07:00 am",532.408,0.338061
"Dec 31, 08:00 am",1943.1,0.944299
"Dec 31, 09:00 am",1942.8,0.944299
"Dec 31, 10:00 am",1944.47,0.944299
"Dec 31, 11:00 am",1942.86,0.944299
"Dec 31, 12:00 pm",1942.68,0.944299
"Dec 31, 01:00 pm",1942.84,0.944299
"Dec 31, 02:00 pm",1942.84,0.944299
"Dec 31, 03:00 pm",1942.66,0.944299
"Dec 31, 04:00 pm",1943.28,0.944299
"Dec 31, 05:00 pm",1942.63,0.944299
"Dec 31, 06:00 pm",1727.6,0.839714
"Dec 31, 07:00 pm",12.4153,0.157383
"Dec 31, 08:00 pm",0,0.157383
"Dec 31, 09:00 pm",0,0.157383
"Dec 31, 10:00 pm",0,0.157383
"Dec 31, 11:00 pm",0,0.157383
