"Time stamp","System net thermal power w/ avail. derate | (kWt)","Field total mass flow rate | (kg/s)"
"Jan 1, 12:00 am",0,0.183617
"Jan 1, 01:00 am",0,0.183617
"Jan 1, 02:00 am",0,0.183617
"Jan 1, 03:00 am",0,0.183617
"Jan 1, 04:00 am",0,0.183617
"Jan 1, 05:00 am",0,0.183617
"Jan 1, 06:00 am",0,0.183617
"Jan 1, 07:00 am",683.538,0.42062
"Jan 1, 08:00 am",2267.25,1.1017
"Jan 1, 09:00 am",2266.55,1.1017
"Jan 1, 10:00 am",2266.48,1.1017
"Jan 1, 11:00 am",2266.51,1.1017
"Jan 1, 12:00 pm",2266.52,1.1017
"Jan 1, 01:00 pm",2266.63,1.1017
"Jan 1, 02:00 pm",2266.62,1.1017
"Jan 1, 03:00 pm",2266.61,1.1017
"Jan 1, 04:00 pm",2267.66,1.1017
"Jan 1, 05:00 pm",2268.54,1.1017
"Jan 1, 06:00 pm",2042.97,0.993053
"Jan 1, 07:00 pm",14.8668,0.183617
"Jan 1, 08:00 pm",0,0.183617
"Jan 1, 09:00 pm",0,0.183617
"Jan 1, 10:00 pm",0,0.183617
"Jan 1, 11:00 pm",0,0.183617
"Jan 2, 12:00 am",0,0.183617
"Jan 2, 01:00 am",0,0.183617
"Jan 2, 02:00 am",0,0.183617
"Jan 2, 03:00 am",0,0.183617
"Jan 2, 04:00 am",0,0.183617
"Jan 2, 05:00 am",0,0.183617
"Jan 2, 06:00 am",0,0.183617
"Jan 2, 07:00 am",618.872,0.392911
"Jan 2, 08:00 am",2267.01,1.1017
"Jan 2, 09:00 am",2266.56,1.1017
"Jan 2, 10:00 am",2266.49,1.1017
"Jan 2, 11:00 am",2266.52,1.1017
"Jan 2, 12:00 pm",2266.53,1.1017
"Jan 2, 01:00 pm",2266.65,1.1017
"Jan 2, 02:00 pm",2266.64,1.1017
"Jan 2, 03:00 pm",2266.63,1.1017
"Jan 2, 04:00 pm",2268.12,1.1017
"Jan 2, 05:00 pm",2267.85,1.1017
"Jan 2, 06:00 pm",2087.95,1.01501
"Jan 2, 07:00 pm",15.0524,0.183617
"Jan 2, 08:00 pm",0,0.183617
"Jan 2, 09:00 pm",0,0.183617
"Jan 2, 10:00 pm",0,0.183617
"Jan 2, 11:00 pm",0,0.183617
"Jan 3, 12:00 am",0,0.183617
"Jan 3, 01:00 am",0,0.183617
"Jan 3, 02:00 am",0,0.183617
"Jan 3, 03:00 am",0,0.183617
"Jan 3, 04:00 am",0,0.183617
"Jan 3, 05:00 am",0,0.183617
"Jan 3, 06:00 am",0,0.183617
"Jan 3, 07:00 am",625.575,0.39616
"Jan 3, 08:00 am",2267.36,1.1017
"Jan 3, 09:00 am",2266.65,1.1017
"Jan 3, 10:00 am",2266.43,1.1017
"Jan 3, 11:00 am",2266.46,1.1017
"Jan 3, 12:00 pm",2266.61,1.1017
"Jan 3, 01:00 pm",2266.62,1.1017
"Jan 3, 02:00 pm",2266.61,1.1017
"Jan 3, 03:00 pm",2266.6,1.1017
"Jan 3, 04:00 pm",2267.86,1.1017
"Jan 3, 05:00 pm",2268.35,1.1017
"Jan 3, 06:00 pm",2088.05,1.015
"Jan 3, 07:00 pm",15.4099,0.183617
"Jan 3, 08:00 pm",0,0.183617
"Jan 3, 09:00 pm",0,0.183617
"Jan 3, 10:00 pm",0,0.183617
"Jan 3, 11:00 pm",0,0.183617
"Jan 4, 12:00 am",0,0.183617
"Jan 4, 01:00 am",0,0.183617
"Jan 4, 02:00 am",0,0.183617
"Jan 4, 03:00 am",0,0.183617
"Jan 4, 04:00 am",0,0.183617
"Jan 4, 05:00 am",0,0.183617
"Jan 4, 06:00 am",0,0.183617
"Jan 4, 07:00 am",605.922,0.386546
"Jan 4, 08:00 am",2267.27,1.1017
"Jan 4, 09:00 am",2266.62,1.1017
"Jan 4, 10:00 am",2266.47,1.1017
"Jan 4, 11:00 am",2266.5,1.1017
"Jan 4, 12:00 pm",2266.52,1.1017
"Jan 4, 01:00 pm",2266.69,1.1017
"Jan 4, 02:00 pm",2266.68,1.1017
"Jan 4, 03:00 pm",2266.55,1.1017
"Jan 4, 04:00 pm",2268.02,1.1017
"Jan 4, 05:00 pm",2268.03,1.1017
"Jan 4, 06:00 pm",2090.05,1.01601
"Jan 4, 07:00 pm",15.7684,0.183617
"Jan 4, 08:00 pm",0,0.183617
"Jan 4, 09:00 pm",0,0.183617
"Jan 4, 10:00 pm",0,0.183617
"Jan 4, 11:00 pm",0,0.183617
"Jan 5, 12:00 am",0,0.183617
"Jan 5, 01:00 am",0,0.183617
"Jan 5, 02:00 am",0,0.183617
"Jan 5, 03:00 am",0,0.183617
"Jan 5, 04:00 am",0,0.183617
"Jan 5, 05:00 am",0,0.183617
"Jan 5, 06:00 am",0,0.183617
"Jan 5, 07:00 am",584.172,0.376766
"Jan 5, 08:00 am",2267.07,1.1017
"Jan 5, 09:00 am",2266.59,1.1017
"Jan 5, 10:00 am",2266.59,1.1017
"Jan 5, 11:00 am",2266.62,1.1017
"Jan 5, 12:00 pm",2266.63,1.1017
"Jan 5, 01:00 pm",2266.67,1.1017
"Jan 5, 02:00 pm",2266.66,1.1017
"Jan 5, 03:00 pm",2266.53,1.1017
"Jan 5, 04:00 pm",2267.85,1.1017
"Jan 5, 05:00 pm",2268.29,1.1017
"Jan 5, 06:00 pm",2091.72,1.01679
"Jan 5, 07:00 pm",15.7975,0.183617
"Jan 5, 08:00 pm",0,0.183617
"Jan 5, 09:00 pm",0,0.183617
"Jan 5, 10:00 pm",0,0.183617
"Jan 5, 11:00 pm",0,0.183617
"Jan 6, 12:00 am",0,0.183617
"Jan 6, 01:00 am",0,0.183617
"Jan 6, 02:00 am",0,0.183617
"Jan 6, 03:00 am",0,0.183617
"Jan 6, 04:00 am",0,0.183617
"Jan 6, 05:00 am",0,0.183617
"Jan 6, 06:00 am",0,0.183617
"Jan 6, 07:00 am",394.351,0.369834
"Jan 6, 08:00 am",2266.29,1.1017
"Jan 6, 09:00 am",2266.47,1.1017
"Jan 6, 10:00 am",2268.8,1.1017
"Jan 6, 11:00 am",2266.72,1.1017
"Jan 6, 12:00 pm",2266.47,1.1017
"Jan 6, 01:00 pm",2266.47,1.1017
"Jan 6, 02:00 pm",2266.47,1.1017
"Jan 6, 03:00 pm",2266.46,1.1017
"Jan 6, 04:00 pm",2267.3,1.1017
"Jan 6, 05:00 pm",2268.84,1.1017
"Jan 6, 06:00 pm",2041.22,0.992161
"Jan 6, 07:00 pm",15.6534,0.183617
"Jan 6, 08:00 pm",0,0.183617
"Jan 6, 09:00 pm",0,0.183617
"Jan 6, 10:00 pm",0,0.183617
"Jan 6, 11:00 pm",0,0.183617
"Jan 7, 12:00 am",0,0.183617
"Jan 7, 01:00 am",0,0.183617
"Jan 7, 02:00 am",0,0.183617
"Jan 7, 03:00 am",0,0.183617
"Jan 7, 04:00 am",0,0.183617
"Jan 7, 05:00 am",0,0.183617
"Jan 7, 06:00 am",0,0.183617
"Jan 7, 07:00 am",184.67,0.294396
"Jan 7, 08:00 am",2266.12,1.1017
"Jan 7, 09:00 am",2264,1.1017
"Jan 7, 10:00 am",2268.21,1.1017
"Jan 7, 11:00 am",2266.51,1.1017
"Jan 7, 12:00 pm",2266.46,1.1017
"Jan 7, 01:00 pm",2266.56,1.1017
"Jan 7, 02:00 pm",2266.55,1.1017
"Jan 7, 03:00 pm",2266.44,1.1017
"Jan 7, 04:00 pm",2267.29,1.1017
"Jan 7, 05:00 pm",2268.79,1.1017
"Jan 7, 06:00 pm",2030.74,0.987076
"Jan 7, 07:00 pm",15.6102,0.183617
"Jan 7, 08:00 pm",0,0.183617
"Jan 7, 09:00 pm",0,0.183617
"Jan 7, 10:00 pm",0,0.183617
"Jan 7, 11:00 pm",0,0.183617
"Jan 8, 12:00 am",0,0.183617
"Jan 8, 01:00 am",0,0.183617
"Jan 8, 02:00 am",0,0.183617
"Jan 8, 03:00 am",0,0.183617
"Jan 8, 04:00 am",0,0.183617
"Jan 8, 05:00 am",0,0.183617
"Jan 8, 06:00 am",0,0.183617
"Jan 8, 07:00 am",191.715,0.300084
"Jan 8, 08:00 am",2266.41,1.1017
"Jan 8, 09:00 am",2266.53,1.1017
"Jan 8, 10:00 am",2266.56,1.1017
"Jan 8, 11:00 am",2266.58,1.1017
"Jan 8, 12:00 pm",2266.59,1.1017
"Jan 8, 01:00 pm",2266.67,1.1017
"Jan 8, 02:00 pm",2266.68,1.1017
"Jan 8, 03:00 pm",2266.67,1.1017
"Jan 8, 04:00 pm",2267.99,1.1017
"Jan 8, 05:00 pm",2268,1.1017
"Jan 8, 06:00 pm",2085.24,1.01367
"Jan 8, 07:00 pm",16.0533,0.183617
"Jan 8, 08:00 pm",0,0.183617
"Jan 8, 09:00 pm",0,0.183617
"Jan 8, 10:00 pm",0,0.183617
"Jan 8, 11:00 pm",0,0.183617
"Jan 9, 12:00 am",0,0.183617
"Jan 9, 01:00 am",0,0.183617
"Jan 9, 02:00 am",0,0.183617
"Jan 9, 03:00 am",0,0.183617
"Jan 9, 04:00 am",0,0.183617
"Jan 9, 05:00 am",0,0.183617
"Jan 9, 06:00 am",0,0.183617
"Jan 9, 07:00 am",392.549,0.368607
"Jan 9, 08:00 am",2266.6,1.1017
"Jan 9, 09:00 am",2266.59,1.1017
"Jan 9, 10:00 am",2266.48,1.1017
"Jan 9, 11:00 am",2266.5,1.1017
"Jan 9, 12:00 pm",2266.51,1.1017
"Jan 9, 01:00 pm",2266.51,1.1017
"Jan 9, 02:00 pm",2266.51,1.1017
"Jan 9, 03:00 pm",2266.5,1.1017
"Jan 9, 04:00 pm",2267.94,1.1017
"Jan 9, 05:00 pm",2267.95,1.1017
"Jan 9, 06:00 pm",2105.59,1.02359
"Jan 9, 07:00 pm",15.8846,0.183617
"Jan 9, 08:00 pm",0,0.183617
"Jan 9, 09:00 pm",0,0.183617
"Jan 9, 10:00 pm",0,0.183617
"Jan 9, 11:00 pm",0,0.183617
"Jan 10, 12:00 am",0,0.183617
"Jan 10, 01:00 am",0,0.183617
"Jan 10, 02:00 am",0,0.183617
"Jan 10, 03:00 am",0,0.183617
"Jan 10, 04:00 am",0,0.183617
"Jan 10, 05:00 am",0,0.183617
"Jan 10, 06:00 am",0,0.183617
"Jan 10, 07:00 am",185.71,0.296962
"Jan 10, 08:00 am",2266.26,1.1017
"Jan 10, 09:00 am",2266.53,1.1017
"Jan 10, 10:00 am",2266.57,1.1017
"Jan 10, 11:00 am",2266.59,1.1017
"Jan 10, 12:00 pm",2266.61,1.1017
"Jan 10, 01:00 pm",2266.66,1.1017
"Jan 10, 02:00 pm",2266.65,1.1017
"Jan 10, 03:00 pm",2266.51,1.1017
"Jan 10, 04:00 pm",2268.03,1.1017
"Jan 10, 05:00 pm",2268.03,1.1017
"Jan 10, 06:00 pm",2111.22,1.02631
"Jan 10, 07:00 pm",15.9286,0.183617
"Jan 10, 08:00 pm",0,0.183617
"Jan 10, 09:00 pm",0,0.183617
"Jan 10, 10:00 pm",0,0.183617
"Jan 10, 11:00 pm",0,0.183617
"Jan 11, 12:00 am",0,0.183617
"Jan 11, 01:00 am",0,0.183617
"Jan 11, 02:00 am",0,0.183617
"Jan 11, 03:00 am",0,0.183617
"Jan 11, 04:00 am",0,0.183617
"Jan 11, 05:00 am",0,0.183617
"Jan 11, 06:00 am",0,0.183617
"Jan 11, 07:00 am",180.253,0.293655
"Jan 11, 08:00 am",2266.19,1.1017
"Jan 11, 09:00 am",2266.55,1.1017
"Jan 11, 10:00 am",2266.58,1.1017
"Jan 11, 11:00 am",2266.61,1.1017
"Jan 11, 12:00 pm",2266.63,1.1017
"Jan 11, 01:00 pm",2266.69,1.1017
"Jan 11, 02:00 pm",2266.68,1.1017
"Jan 11, 03:00 pm",2266.68,1.1017
"Jan 11, 04:00 pm",2268.29,1.1017
"Jan 11, 05:00 pm",2267.32,1.1017
"Jan 11, 06:00 pm",2130.54,1.03569
"Jan 11, 07:00 pm",16.0779,0.183617
"Jan 11, 08:00 pm",0,0.183617
"Jan 11, 09:00 pm",0,0.183617
"Jan 11, 10:00 pm",0,0.183617
"Jan 11, 11:00 pm",0,0.183617
"Jan 12, 12:00 am",0,0.183617
"Jan 12, 01:00 am",0,0.183617
"Jan 12, 02:00 am",0,0.183617
"Jan 12, 03:00 am",0,0.183617
"Jan 12, 04:00 am",0,0.183617
"Jan 12, 05:00 am",0,0.183617
"Jan 12, 06:00 am",0,0.183617
"Jan 12, 07:00 am",0,0.281137
"Jan 12, 08:00 am",2265.78,1.1017
"Jan 12, 09:00 am",2263.55,1.1017
"Jan 12, 10:00 am",2268.76,1.1017
"Jan 12, 11:00 am",2266.75,1.1017
"Jan 12, 12:00 pm",2266.53,1.1017
"Jan 12, 01:00 pm",2266.67,1.1017
"Jan 12, 02:00 pm",2266.66,1.1017
"Jan 12, 03:00 pm",2266.54,1.1017
"Jan 12, 04:00 pm",2267.96,1.1017
"Jan 12, 05:00 pm",2267.96,1.1017
"Jan 12, 06:00 pm",2122.13,1.0316
"Jan 12, 07:00 pm",16.0435,0.183617
"Jan 12, 08:00 pm",0,0.183617
"Jan 12, 09:00 pm",0,0.183617
"Jan 12, 10:00 pm",0,0.183617
"Jan 12, 11:00 pm",0,0.183617
"Jan 13, 12:00 am",0,0.183617
"Jan 13, 01:00 am",0,0.183617
"Jan 13, 02:00 am",0,0.183617
"Jan 13, 03:00 am",0,0.183617
"Jan 13, 04:00 am",0,0.183617
"Jan 13, 05:00 am",0,0.183617
"Jan 13, 06:00 am",0,0.183617
"Jan 13, 07:00 am",0,0.278149
"Jan 13, 08:00 am",2265.65,1.1017
"Jan 13, 09:00 am",2264.01,1.1017
"Jan 13, 10:00 am",2268.57,1.1017
"Jan 13, 11:00 am",2266.67,1.1017
"Jan 13, 12:00 pm",2266.51,1.1017
"Jan 13, 01:00 pm",2266.5,1.1017
"Jan 13, 02:00 pm",2266.49,1.1017
"Jan 13, 03:00 pm",2266.48,1.1017
"Jan 13, 04:00 pm",2267.61,1.1017
"Jan 13, 05:00 pm",2268.49,1.1017
"Jan 13, 06:00 pm",2083.87,1.01295
"Jan 13, 07:00 pm",15.5903,0.183617
"Jan 13, 08:00 pm",0,0.183617
"Jan 13, 09:00 pm",0,0.183617
"Jan 13, 10:00 pm",0,0.183617
"Jan 13, 11:00 pm",0,0.183617
"Jan 14, 12:00 am",0,0.183617
"Jan 14, 01:00 am",0,0.183617
"Jan 14, 02:00 am",0,0.183617
"Jan 14, 03:00 am",0,0.183617
"Jan 14, 04:00 am",0,0.183617
"Jan 14, 05:00 am",0,0.183617
"Jan 14, 06:00 am",0,0.183617
"Jan 14, 07:00 am",0,0.276244
"Jan 14, 08:00 am",2265.55,1.1017
"Jan 14, 09:00 am",2264.09,1.1017
"Jan 14, 10:00 am",2268.57,1.1017
"Jan 14, 11:00 am",2266.67,1.1017
"Jan 14, 12:00 pm",2266.5,1.1017
"Jan 14, 01:00 pm",2266.49,1.1017
"Jan 14, 02:00 pm",2266.48,1.1017
"Jan 14, 03:00 pm",2266.47,1.1017
"Jan 14, 04:00 pm",2267.5,1.1017
"Jan 14, 05:00 pm",2268.6,1.1017
"Jan 14, 06:00 pm",2063.87,1.00321
"Jan 14, 07:00 pm",15.358,0.183617
"Jan 14, 08:00 pm",0,0.183617
"Jan 14, 09:00 pm",0,0.183617
"Jan 14, 10:00 pm",0,0.183617
"Jan 14, 11:00 pm",0,0.183617
"Jan 15, 12:00 am",0,0.183617
"Jan 15, 01:00 am",0,0.183617
"Jan 15, 02:00 am",0,0.183617
"Jan 15, 03:00 am",0,0.183617
"Jan 15, 04:00 am",0,0.183617
"Jan 15, 05:00 am",0,0.183617
"Jan 15, 06:00 am",0,0.183617
"Jan 15, 07:00 am",0,0.272523
"Jan 15, 08:00 am",2266.6,1.1017
"Jan 15, 09:00 am",2264.62,1.1017
"Jan 15, 10:00 am",2268.33,1.1017
"Jan 15, 11:00 am",2266.56,1.1017
"Jan 15, 12:00 pm",2266.46,1.1017
"Jan 15, 01:00 pm",2266.47,1.1017
"Jan 15, 02:00 pm",2266.46,1.1017
"Jan 15, 03:00 pm",2266.45,1.1017
"Jan 15, 04:00 pm",2267.42,1.1017
"Jan 15, 05:00 pm",2268.67,1.1017
"Jan 15, 06:00 pm",2058.42,1.00055
"Jan 15, 07:00 pm",15.1854,0.183617
"Jan 15, 08:00 pm",0,0.183617
"Jan 15, 09:00 pm",0,0.183617
"Jan 15, 10:00 pm",0,0.183617
"Jan 15, 11:00 pm",0,0.183617
"Jan 16, 12:00 am",0,0.183617
"Jan 16, 01:00 am",0,0.183617
"Jan 16, 02:00 am",0,0.183617
"Jan 16, 03:00 am",0,0.183617
"Jan 16, 04:00 am",0,0.183617
"Jan 16, 05:00 am",0,0.183617
"Jan 16, 06:00 am",0,0.183617
"Jan 16, 07:00 am",0,0.267766
"Jan 16, 08:00 am",14.3567,0.183617
"Jan 16, 09:00 am",0,0.183617
"Jan 16, 10:00 am",0,0.183617
"Jan 16, 11:00 am",12.9735,0.183617
"Jan 16, 12:00 pm",2265.39,1.1017
"Jan 16, 01:00 pm",2266.54,1.1017
"Jan 16, 02:00 pm",2266.54,1.1017
"Jan 16, 03:00 pm",2266.53,1.1017
"Jan 16, 04:00 pm",2267.19,1.1017
"Jan 16, 05:00 pm",2268.91,1.1017
"Jan 16, 06:00 pm",2027.73,0.985593
"Jan 16, 07:00 pm",14.9135,0.183617
"Jan 16, 08:00 pm",0,0.183617
"Jan 16, 09:00 pm",0,0.183617
"Jan 16, 10:00 pm",0,0.183617
"Jan 16, 11:00 pm",0,0.183617
"Jan 17, 12:00 am",0,0.183617
"Jan 17, 01:00 am",0,0.183617
"Jan 17, 02:00 am",0,0.183617
"Jan 17, 03:00 am",0,0.183617
"Jan 17, 04:00 am",0,0.183617
"Jan 17, 05:00 am",0,0.183617
"Jan 17, 06:00 am",0,0.183617
"Jan 17, 07:00 am",0,0.26708
"Jan 17, 08:00 am",2265.06,1.1017
"Jan 17, 09:00 am",2265.16,1.1017
"Jan 17, 10:00 am",2268.15,1.1017
"Jan 17, 11:00 am",2266.5,1.1017
"Jan 17, 12:00 pm",2266.46,1.1017
"Jan 17, 01:00 pm",2266.55,1.1017
"Jan 17, 02:00 pm",2266.56,1.1017
"Jan 17, 03:00 pm",2266.55,1.1017
"Jan 17, 04:00 pm",2267.29,1.1017
"Jan 17, 05:00 pm",2268.86,1.1017
"Jan 17, 06:00 pm",2028.71,0.986073
"Jan 17, 07:00 pm",14.7491,0.183617
"Jan 17, 08:00 pm",0,0.183617
"Jan 17, 09:00 pm",0,0.183617
"Jan 17, 10:00 pm",0,0.183617
"Jan 17, 11:00 pm",0,0.183617
"Jan 18, 12:00 am",0,0.183617
"Jan 18, 01:00 am",0,0.183617
"Jan 18, 02:00 am",0,0.183617
"Jan 18, 03:00 am",0,0.183617
"Jan 18, 04:00 am",0,0.183617
"Jan 18, 05:00 am",0,0.183617
"Jan 18, 06:00 am",0,0.183617
"Jan 18, 07:00 am",0,0.266851
"Jan 18, 08:00 am",1916.03,1.08068
"Jan 18, 09:00 am",2265.13,1.1017
"Jan 18, 10:00 am",2268.21,1.1017
"Jan 18, 11:00 am",2266.51,1.1017
"Jan 18, 12:00 pm",2266.46,1.1017
"Jan 18, 01:00 pm",2266.55,1.1017
"Jan 18, 02:00 pm",201.265,0.183617
"Jan 18, 03:00 pm",150.418,0.183617
"Jan 18, 04:00 pm",2265.97,1.1017
"Jan 18, 05:00 pm",2268.89,1.1017
"Jan 18, 06:00 pm",2024.78,0.984163
"Jan 18, 07:00 pm",14.3951,0.183617
"Jan 18, 08:00 pm",0,0.183617
"Jan 18, 09:00 pm",0,0.183617
"Jan 18, 10:00 pm",0,0.183617
"Jan 18, 11:00 pm",0,0.183617
"Jan 19, 12:00 am",0,0.183617
"Jan 19, 01:00 am",0,0.183617
"Jan 19, 02:00 am",0,0.183617
"Jan 19, 03:00 am",0,0.183617
"Jan 19, 04:00 am",0,0.183617
"Jan 19, 05:00 am",0,0.183617
"Jan 19, 06:00 am",0,0.183617
"Jan 19, 07:00 am",0,0.183617
"Jan 19, 08:00 am",0,0.183617
"Jan 19, 09:00 am",0,0.183617
"Jan 19, 10:00 am",0,0.183617
"Jan 19, 11:00 am",0,0.183617
"Jan 19, 12:00 pm",0,0.183617
"Jan 19, 01:00 pm",0,0.183617
"Jan 19, 02:00 pm",1912.19,1.1017
"Jan 19, 03:00 pm",19.2557,0.183617
"Jan 19, 04:00 pm",2261.51,1.1017
"Jan 19, 05:00 pm",16.475,0.183617
"Jan 19, 06:00 pm",1688.46,0.959057
"Jan 19, 07:00 pm",13.8933,0.183617
"Jan 19, 08:00 pm",0,0.183617
"Jan 19, 09:00 pm",0,0.183617
"Jan 19, 10:00 pm",0,0.183617
"Jan 19, 11:00 pm",0,0.183617
"Jan 20, 12:00 am",0,0.183617
"Jan 20, 01:00 am",0,0.183617
"Jan 20, 02:00 am",0,0.183617
"Jan 20, 03:00 am",0,0.183617
"Jan 20, 04:00 am",0,0.183617
"Jan 20, 05:00 am",0,0.183617
"Jan 20, 06:00 am",0,0.183617
"Jan 20, 07:00 am",0,0.262554
"Jan 20, 08:00 am",1888.49,1.07859
"Jan 20, 09:00 am",2265.08,1.1017
"Jan 20, 10:00 am",2268.37,1.1017
"Jan 20, 11:00 am",2266.59,1.1017
"Jan 20, 12:00 pm",2266.49,1.1017
"Jan 20, 01:00 pm",2266.49,1.1017
"Jan 20, 02:00 pm",2266.47,1.1017
"Jan 20, 03:00 pm",2266.45,1.1017
"Jan 20, 04:00 pm",2267.51,1.1017
"Jan 20, 05:00 pm",2268.62,1.1017
"Jan 20, 06:00 pm",2046.19,0.994617
"Jan 20, 07:00 pm",13.6295,0.183617
"Jan 20, 08:00 pm",0,0.183617
"Jan 20, 09:00 pm",0,0.183617
"Jan 20, 10:00 pm",0,0.183617
"Jan 20, 11:00 pm",0,0.183617
"Jan 21, 12:00 am",0,0.183617
"Jan 21, 01:00 am",0,0.183617
"Jan 21, 02:00 am",0,0.183617
"Jan 21, 03:00 am",0,0.183617
"Jan 21, 04:00 am",0,0.183617
"Jan 21, 05:00 am",0,0.183617
"Jan 21, 06:00 am",0,0.183617
"Jan 21, 07:00 am",0,0.261223
"Jan 21, 08:00 am",1888.51,1.07887
"Jan 21, 09:00 am",2264.73,1.1017
"Jan 21, 10:00 am",2268.67,1.1017
"Jan 21, 11:00 am",2266.68,1.1017
"Jan 21, 12:00 pm",2266.47,1.1017
"Jan 21, 01:00 pm",192.969,0.183617
"Jan 21, 02:00 pm",19.489,0.183617
"Jan 21, 03:00 pm",17.8175,0.183617
"Jan 21, 04:00 pm",0,0.183617
"Jan 21, 05:00 pm",0,0.183617
"Jan 21, 06:00 pm",0,0.183617
"Jan 21, 07:00 pm",0,0.183617
"Jan 21, 08:00 pm",0,0.183617
"Jan 21, 09:00 pm",0,0.183617
"Jan 21, 10:00 pm",0,0.183617
"Jan 21, 11:00 pm",0,0.183617
"Jan 22, 12:00 am",0,0.183617
"Jan 22, 01:00 am",0,0.183617
"Jan 22, 02:00 am",0,0.183617
"Jan 22, 03:00 am",0,0.183617
"Jan 22, 04:00 am",0,0.183617
"Jan 22, 05:00 am",0,0.183617
"Jan 22, 06:00 am",0,0.183617
"Jan 22, 07:00 am",0,0.183617
"Jan 22, 08:00 am",0,0.183617
"Jan 22, 09:00 am",0,0.183617
"Jan 22, 10:00 am",0,0.183617
"Jan 22, 11:00 am",0,0.183617
"Jan 22, 12:00 pm",0,0.183617
"Jan 22, 01:00 pm",0,0.183617
"Jan 22, 02:00 pm",0,0.183617
"Jan 22, 03:00 pm",0,0.183617
"Jan 22, 04:00 pm",1888.72,1.1017
"Jan 22, 05:00 pm",2268.69,1.1017
"Jan 22, 06:00 pm",2041.13,0.992153
"Jan 22, 07:00 pm",12.7112,0.183617
"Jan 22, 08:00 pm",0,0.183617
"Jan 22, 09:00 pm",0,0.183617
"Jan 22, 10:00 pm",0,0.183617
"Jan 22, 11:00 pm",0,0.183617
"Jan 23, 12:00 am",0,0.183617
"Jan 23, 01:00 am",0,0.183617
"Jan 23, 02:00 am",0,0.183617
"Jan 23, 03:00 am",0,0.183617
"Jan 23, 04:00 am",0,0.183617
"Jan 23, 05:00 am",0,0.183617
"Jan 23, 06:00 am",0,0.183617
"Jan 23, 07:00 am",0,0.220071
"Jan 23, 08:00 am",1889.34,1.07623
"Jan 23, 09:00 am",2265.26,1.1017
"Jan 23, 10:00 am",2268.41,1.1017
"Jan 23, 11:00 am",2266.6,1.1017
"Jan 23, 12:00 pm",2266.48,1.1017
"Jan 23, 01:00 pm",2266.58,1.1017
"Jan 23, 02:00 pm",2266.59,1.1017
"Jan 23, 03:00 pm",2266.58,1.1017
"Jan 23, 04:00 pm",2267.66,1.1017
"Jan 23, 05:00 pm",2268.59,1.1017
"Jan 23, 06:00 pm",2031.98,0.987703
"Jan 23, 07:00 pm",13.1064,0.183617
"Jan 23, 08:00 pm",0,0.183617
"Jan 23, 09:00 pm",0,0.183617
"Jan 23, 10:00 pm",0,0.183617
"Jan 23, 11:00 pm",0,0.183617
"Jan 24, 12:00 am",0,0.183617
"Jan 24, 01:00 am",0,0.183617
"Jan 24, 02:00 am",0,0.183617
"Jan 24, 03:00 am",0,0.183617
"Jan 24, 04:00 am",0,0.183617
"Jan 24, 05:00 am",0,0.183617
"Jan 24, 06:00 am",0,0.183617
"Jan 24, 07:00 am",0,0.183617
"Jan 24, 08:00 am",1890.37,1.07278
"Jan 24, 09:00 am",2266.25,1.1017
"Jan 24, 10:00 am",2268.04,1.1017
"Jan 24, 11:00 am",2266.48,1.1017
"Jan 24, 12:00 pm",2266.48,1.1017
"Jan 24, 01:00 pm",2266.48,1.1017
"Jan 24, 02:00 pm",2266.47,1.1017
"Jan 24, 03:00 pm",2266.46,1.1017
"Jan 24, 04:00 pm",2267.4,1.1017
"Jan 24, 05:00 pm",2268.78,1.1017
"Jan 24, 06:00 pm",1999.69,0.971988
"Jan 24, 07:00 pm",12.8967,0.183617
"Jan 24, 08:00 pm",0,0.183617
"Jan 24, 09:00 pm",0,0.183617
"Jan 24, 10:00 pm",0,0.183617
"Jan 24, 11:00 pm",0,0.183617
"Jan 25, 12:00 am",0,0.183617
"Jan 25, 01:00 am",0,0.183617
"Jan 25, 02:00 am",0,0.183617
"Jan 25, 03:00 am",0,0.183617
"Jan 25, 04:00 am",0,0.183617
"Jan 25, 05:00 am",0,0.183617
"Jan 25, 06:00 am",0,0.183617
"Jan 25, 07:00 am",0,0.183617
"Jan 25, 08:00 am",1851.33,1.0521
"Jan 25, 09:00 am",2266.6,1.1017
"Jan 25, 10:00 am",2267.86,1.1017
"Jan 25, 11:00 am",2266.43,1.1017
"Jan 25, 12:00 pm",2266.44,1.1017
"Jan 25, 01:00 pm",2266.44,1.1017
"Jan 25, 02:00 pm",2266.45,1.1017
"Jan 25, 03:00 pm",2266.44,1.1017
"Jan 25, 04:00 pm",2267.32,1.1017
"Jan 25, 05:00 pm",2268.86,1.1017
"Jan 25, 06:00 pm",1969.3,0.957212
"Jan 25, 07:00 pm",12.7608,0.183617
"Jan 25, 08:00 pm",0,0.183617
"Jan 25, 09:00 pm",0,0.183617
"Jan 25, 10:00 pm",0,0.183617
"Jan 25, 11:00 pm",0,0.183617
"Jan 26, 12:00 am",0,0.183617
"Jan 26, 01:00 am",0,0.183617
"Jan 26, 02:00 am",0,0.183617
"Jan 26, 03:00 am",0,0.183617
"Jan 26, 04:00 am",0,0.183617
"Jan 26, 05:00 am",0,0.183617
"Jan 26, 06:00 am",0,0.183617
"Jan 26, 07:00 am",0,0.183617
"Jan 26, 08:00 am",1532.84,1.04033
"Jan 26, 09:00 am",2268.91,1.1017
"Jan 26, 10:00 am",2268.34,1.1017
"Jan 26, 11:00 am",2266.48,1.1017
"Jan 26, 12:00 pm",2266.45,1.1017
"Jan 26, 01:00 pm",2266.54,1.1017
"Jan 26, 02:00 pm",2266.54,1.1017
"Jan 26, 03:00 pm",2266.53,1.1017
"Jan 26, 04:00 pm",2267.46,1.1017
"Jan 26, 05:00 pm",2268.79,1.1017
"Jan 26, 06:00 pm",1951.77,0.9487
"Jan 26, 07:00 pm",12.8709,0.183617
"Jan 26, 08:00 pm",0,0.183617
"Jan 26, 09:00 pm",0,0.183617
"Jan 26, 10:00 pm",0,0.183617
"Jan 26, 11:00 pm",0,0.183617
"Jan 27, 12:00 am",0,0.183617
"Jan 27, 01:00 am",0,0.183617
"Jan 27, 02:00 am",0,0.183617
"Jan 27, 03:00 am",0,0.183617
"Jan 27, 04:00 am",0,0.183617
"Jan 27, 05:00 am",0,0.183617
"Jan 27, 06:00 am",0,0.183617
"Jan 27, 07:00 am",0,0.183617
"Jan 27, 08:00 am",1507.43,1.02956
"Jan 27, 09:00 am",2266.64,1.1017
"Jan 27, 10:00 am",2267.94,1.1017
"Jan 27, 11:00 am",2266.44,1.1017
"Jan 27, 12:00 pm",2266.46,1.1017
"Jan 27, 01:00 pm",2266.54,1.1017
"Jan 27, 02:00 pm",2266.55,1.1017
"Jan 27, 03:00 pm",2266.54,1.1017
"Jan 27, 04:00 pm",2267.37,1.1017
"Jan 27, 05:00 pm",2268.88,1.1017
"Jan 27, 06:00 pm",1925.78,0.936052
"Jan 27, 07:00 pm",12.8992,0.183617
"Jan 27, 08:00 pm",0,0.183617
"Jan 27, 09:00 pm",0,0.183617
"Jan 27, 10:00 pm",0,0.183617
"Jan 27, 11:00 pm",0,0.183617
"Jan 28, 12:00 am",0,0.183617
"Jan 28, 01:00 am",0,0.183617
"Jan 28, 02:00 am",0,0.183617
"Jan 28, 03:00 am",0,0.183617
"Jan 28, 04:00 am",0,0.183617
"Jan 28, 05:00 am",0,0.183617
"Jan 28, 06:00 am",0,0.183617
"Jan 28, 07:00 am",0,0.183617
"Jan 28, 08:00 am",1508.2,1.03529
"Jan 28, 09:00 am",2266.22,1.1017
"Jan 28, 10:00 am",2268.17,1.1017
"Jan 28, 11:00 am",2266.5,1.1017
"Jan 28, 12:00 pm",2266.45,1.1017
"Jan 28, 01:00 pm",223.425,0.183617
"Jan 28, 02:00 pm",165.411,0.183617
"Jan 28, 03:00 pm",37.1555,0.183617
"Jan 28, 04:00 pm",2265.88,1.1017
"Jan 28, 05:00 pm",16.5474,0.183617
"Jan 28, 06:00 pm",1563.98,0.895639
"Jan 28, 07:00 pm",12.6567,0.183617
"Jan 28, 08:00 pm",0,0.183617
"Jan 28, 09:00 pm",0,0.183617
"Jan 28, 10:00 pm",0,0.183617
"Jan 28, 11:00 pm",0,0.183617
"Jan 29, 12:00 am",0,0.183617
"Jan 29, 01:00 am",0,0.183617
"Jan 29, 02:00 am",0,0.183617
"Jan 29, 03:00 am",0,0.183617
"Jan 29, 04:00 am",0,0.183617
"Jan 29, 05:00 am",0,0.183617
"Jan 29, 06:00 am",0,0.183617
"Jan 29, 07:00 am",0,0.183617
"Jan 29, 08:00 am",1523.81,0.795659
"Jan 29, 09:00 am",2266.16,1.1017
"Jan 29, 10:00 am",2268.24,1.1017
"Jan 29, 11:00 am",2266.52,1.1017
"Jan 29, 12:00 pm",2266.46,1.1017
"Jan 29, 01:00 pm",2266.54,1.1017
"Jan 29, 02:00 pm",2266.56,1.1017
"Jan 29, 03:00 pm",2266.55,1.1017
"Jan 29, 04:00 pm",2267.63,1.1017
"Jan 29, 05:00 pm",2268.7,1.1017
"Jan 29, 06:00 pm",1894.67,0.920817
"Jan 29, 07:00 pm",12.8303,0.183617
"Jan 29, 08:00 pm",0,0.183617
"Jan 29, 09:00 pm",0,0.183617
"Jan 29, 10:00 pm",0,0.183617
"Jan 29, 11:00 pm",0,0.183617
"Jan 30, 12:00 am",0,0.183617
"Jan 30, 01:00 am",0,0.183617
"Jan 30, 02:00 am",0,0.183617
"Jan 30, 03:00 am",0,0.183617
"Jan 30, 04:00 am",0,0.183617
"Jan 30, 05:00 am",0,0.183617
"Jan 30, 06:00 am",0,0.183617
"Jan 30, 07:00 am",0,0.183617
"Jan 30, 08:00 am",1494.79,1.02955
"Jan 30, 09:00 am",2265.92,1.1017
"Jan 30, 10:00 am",2268.33,1.1017
"Jan 30, 11:00 am",2266.58,1.1017
"Jan 30, 12:00 pm",2266.49,1.1017
"Jan 30, 01:00 pm",2266.58,1.1017
"Jan 30, 02:00 pm",2266.58,1.1017
"Jan 30, 03:00 pm",2266.56,1.1017
"Jan 30, 04:00 pm",2267.56,1.1017
"Jan 30, 05:00 pm",2268.84,1.1017
"Jan 30, 06:00 pm",1865.12,0.906219
"Jan 30, 07:00 pm",12.9401,0.183617
"Jan 30, 08:00 pm",0,0.183617
"Jan 30, 09:00 pm",0,0.183617
"Jan 30, 10:00 pm",0,0.183617
"Jan 30, 11:00 pm",0,0.183617
"Jan 31, 12:00 am",0,0.183617
"Jan 31, 01:00 am",0,0.183617
"Jan 31, 02:00 am",0,0.183617
"Jan 31, 03:00 am",0,0.183617
"Jan 31, 04:00 am",0,0.183617
"Jan 31, 05:00 am",0,0.183617
"Jan 31, 06:00 am",0,0.183617
"Jan 31, 07:00 am",0,0.183617
"Jan 31, 08:00 am",1468.09,1.01215
"Jan 31, 09:00 am",2266.7,1.1017
"Jan 31, 10:00 am",2268.05,1.1017
"Jan 31, 11:00 am",2266.48,1.1017
"Jan 31, 12:00 pm",2266.48,1.1017
"Jan 31, 01:00 pm",2266.56,1.1017
"Jan 31, 02:00 pm",2266.55,1.1017
"Jan 31, 03:00 pm",2266.54,1.1017
"Jan 31, 04:00 pm",2267.41,1.1017
"Jan 31, 05:00 pm",2268.94,1.1017
"Jan 31, 06:00 pm",1823.99,0.885962
"Jan 31, 07:00 pm",13.0282,0.183617
"Jan 31, 08:00 pm",0,0.183617
"Jan 31, 09:00 pm",0,0.183617
"Jan 31, 10:00 pm",0,0.183617
"Jan 31, 11:00 pm",0,0.183617
"Feb 1, 12:00 am",0,0.183617
"Feb 1, 01:00 am",0,0.183617
"Feb 1, 02:00 am",0,0.183617
"Feb 1, 03:00 am",0,0.183617
"Feb 1, 04:00 am",0,0.183617
"Feb 1, 05:00 am",0,0.183617
"Feb 1, 06:00 am",0,0.183617
"Feb 1, 07:00 am",0,0.183617
"Feb 1, 08:00 am",0,0.183617
"Feb 1, 09:00 am",1564.4,0.795659
"Feb 1, 10:00 am",2268,1.1017
"Feb 1, 11:00 am",2266.47,1.1017
"Feb 1, 12:00 pm",2266.48,1.1017
"Feb 1, 01:00 pm",2266.49,1.1017
"Feb 1, 02:00 pm",2266.5,1.1017
"Feb 1, 03:00 pm",19.4942,0.183617
"Feb 1, 04:00 pm",2261.95,1.1017
"Feb 1, 05:00 pm",2268.8,1.1017
"Feb 1, 06:00 pm",1813.67,0.88091
"Feb 1, 07:00 pm",13.1092,0.183617
"Feb 1, 08:00 pm",0,0.183617
"Feb 1, 09:00 pm",0,0.183617
"Feb 1, 10:00 pm",0,0.183617
"Feb 1, 11:00 pm",0,0.183617
"Feb 2, 12:00 am",0,0.183617
"Feb 2, 01:00 am",0,0.183617
"Feb 2, 02:00 am",0,0.183617
"Feb 2, 03:00 am",0,0.183617
"Feb 2, 04:00 am",0,0.183617
"Feb 2, 05:00 am",0,0.183617
"Feb 2, 06:00 am",0,0.183617
"Feb 2, 07:00 am",0,0.183617
"Feb 2, 08:00 am",1538.45,0.795659
"Feb 2, 09:00 am",2264.61,1.1017
"Feb 2, 10:00 am",2268.31,1.1017
"Feb 2, 11:00 am",2266.59,1.1017
"Feb 2, 12:00 pm",2266.52,1.1017
"Feb 2, 01:00 pm",2266.62,1.1017
"Feb 2, 02:00 pm",2266.61,1.1017
"Feb 2, 03:00 pm",2266.5,1.1017
"Feb 2, 04:00 pm",2267.86,1.1017
"Feb 2, 05:00 pm",2268.63,1.1017
"Feb 2, 06:00 pm",1797.37,0.872923
"Feb 2, 07:00 pm",13.1159,0.183617
"Feb 2, 08:00 pm",0,0.183617
"Feb 2, 09:00 pm",0,0.183617
"Feb 2, 10:00 pm",0,0.183617
"Feb 2, 11:00 pm",0,0.183617
"Feb 3, 12:00 am",0,0.183617
"Feb 3, 01:00 am",0,0.183617
"Feb 3, 02:00 am",0,0.183617
"Feb 3, 03:00 am",0,0.183617
"Feb 3, 04:00 am",0,0.183617
"Feb 3, 05:00 am",0,0.183617
"Feb 3, 06:00 am",0,0.183617
"Feb 3, 07:00 am",0,0.183617
"Feb 3, 08:00 am",2197.22,1.06198
"Feb 3, 09:00 am",2266.56,1.1017
"Feb 3, 10:00 am",2268.31,1.1017
"Feb 3, 11:00 am",2266.58,1.1017
"Feb 3, 12:00 pm",2266.5,1.1017
"Feb 3, 01:00 pm",2266.6,1.1017
"Feb 3, 02:00 pm",2266.59,1.1017
"Feb 3, 03:00 pm",2266.58,1.1017
"Feb 3, 04:00 pm",2267.74,1.1017
"Feb 3, 05:00 pm",2268.76,1.1017
"Feb 3, 06:00 pm",1768.26,0.859552
"Feb 3, 07:00 pm",12.8616,0.183617
"Feb 3, 08:00 pm",0,0.183617
"Feb 3, 09:00 pm",0,0.183617
"Feb 3, 10:00 pm",0,0.183617
"Feb 3, 11:00 pm",0,0.183617
"Feb 4, 12:00 am",0,0.183617
"Feb 4, 01:00 am",0,0.183617
"Feb 4, 02:00 am",0,0.183617
"Feb 4, 03:00 am",0,0.183617
"Feb 4, 04:00 am",0,0.183617
"Feb 4, 05:00 am",0,0.183617
"Feb 4, 06:00 am",0,0.183617
"Feb 4, 07:00 am",0,0.183617
"Feb 4, 08:00 am",2192.49,1.06088
"Feb 4, 09:00 am",2266.9,1.1017
"Feb 4, 10:00 am",2268.35,1.1017
"Feb 4, 11:00 am",2266.58,1.1017
"Feb 4, 12:00 pm",2266.48,1.1017
"Feb 4, 01:00 pm",2266.58,1.1017
"Feb 4, 02:00 pm",2266.59,1.1017
"Feb 4, 03:00 pm",2266.59,1.1017
"Feb 4, 04:00 pm",2267.65,1.1017
"Feb 4, 05:00 pm",2268.88,1.1017
"Feb 4, 06:00 pm",1720.59,0.836345
"Feb 4, 07:00 pm",12.8834,0.183617
"Feb 4, 08:00 pm",0,0.183617
"Feb 4, 09:00 pm",0,0.183617
"Feb 4, 10:00 pm",0,0.183617
"Feb 4, 11:00 pm",0,0.183617
"Feb 5, 12:00 am",0,0.183617
"Feb 5, 01:00 am",0,0.183617
"Feb 5, 02:00 am",0,0.183617
"Feb 5, 03:00 am",0,0.183617
"Feb 5, 04:00 am",0,0.183617
"Feb 5, 05:00 am",0,0.183617
"Feb 5, 06:00 am",0,0.183617
"Feb 5, 07:00 am",0,0.183617
"Feb 5, 08:00 am",2175.61,1.05393
"Feb 5, 09:00 am",2263.75,1.1017
"Feb 5, 10:00 am",2268.24,1.1017
"Feb 5, 11:00 am",2266.55,1.1017
"Feb 5, 12:00 pm",2266.49,1.1017
"Feb 5, 01:00 pm",2266.57,1.1017
"Feb 5, 02:00 pm",2266.58,1.1017
"Feb 5, 03:00 pm",2266.57,1.1017
"Feb 5, 04:00 pm",2267.55,1.1017
"Feb 5, 05:00 pm",2268.92,1.1017
"Feb 5, 06:00 pm",1680,0.816586
"Feb 5, 07:00 pm",12.8729,0.183617
"Feb 5, 08:00 pm",0,0.183617
"Feb 5, 09:00 pm",0,0.183617
"Feb 5, 10:00 pm",0,0.183617
"Feb 5, 11:00 pm",0,0.183617
"Feb 6, 12:00 am",0,0.183617
"Feb 6, 01:00 am",0,0.183617
"Feb 6, 02:00 am",0,0.183617
"Feb 6, 03:00 am",0,0.183617
"Feb 6, 04:00 am",0,0.183617
"Feb 6, 05:00 am",0,0.183617
"Feb 6, 06:00 am",0,0.183617
"Feb 6, 07:00 am",0,0.183617
"Feb 6, 08:00 am",2097.34,1.02013
"Feb 6, 09:00 am",2267.39,1.1017
"Feb 6, 10:00 am",2268.08,1.1017
"Feb 6, 11:00 am",2266.5,1.1017
"Feb 6, 12:00 pm",2266.5,1.1017
"Feb 6, 01:00 pm",2266.59,1.1017
"Feb 6, 02:00 pm",2266.58,1.1017
"Feb 6, 03:00 pm",2266.48,1.1017
"Feb 6, 04:00 pm",2267.66,1.1017
"Feb 6, 05:00 pm",2268.85,1.1017
"Feb 6, 06:00 pm",1657.31,0.805559
"Feb 6, 07:00 pm",12.7536,0.183617
"Feb 6, 08:00 pm",0,0.183617
"Feb 6, 09:00 pm",0,0.183617
"Feb 6, 10:00 pm",0,0.183617
"Feb 6, 11:00 pm",0,0.183617
"Feb 7, 12:00 am",0,0.183617
"Feb 7, 01:00 am",0,0.183617
"Feb 7, 02:00 am",0,0.183617
"Feb 7, 03:00 am",0,0.183617
"Feb 7, 04:00 am",0,0.183617
"Feb 7, 05:00 am",0,0.183617
"Feb 7, 06:00 am",0,0.183617
"Feb 7, 07:00 am",0,0.183617
"Feb 7, 08:00 am",2073.36,1.00847
"Feb 7, 09:00 am",2267.66,1.1017
"Feb 7, 10:00 am",2267.96,1.1017
"Feb 7, 11:00 am",2266.47,1.1017
"Feb 7, 12:00 pm",2266.49,1.1017
"Feb 7, 01:00 pm",2266.57,1.1017
"Feb 7, 02:00 pm",2266.56,1.1017
"Feb 7, 03:00 pm",2266.55,1.1017
"Feb 7, 04:00 pm",2267.37,1.1017
"Feb 7, 05:00 pm",2266.41,1.1017
"Feb 7, 06:00 pm",1606.41,0.780892
"Feb 7, 07:00 pm",12.7947,0.183617
"Feb 7, 08:00 pm",0,0.183617
"Feb 7, 09:00 pm",0,0.183617
"Feb 7, 10:00 pm",0,0.183617
"Feb 7, 11:00 pm",0,0.183617
"Feb 8, 12:00 am",0,0.183617
"Feb 8, 01:00 am",0,0.183617
"Feb 8, 02:00 am",0,0.183617
"Feb 8, 03:00 am",0,0.183617
"Feb 8, 04:00 am",0,0.183617
"Feb 8, 05:00 am",0,0.183617
"Feb 8, 06:00 am",0,0.183617
"Feb 8, 07:00 am",0,0.183617
"Feb 8, 08:00 am",2085.52,1.01439
"Feb 8, 09:00 am",2267.18,1.1017
"Feb 8, 10:00 am",2268.17,1.1017
"Feb 8, 11:00 am",2266.53,1.1017
"Feb 8, 12:00 pm",2266.51,1.1017
"Feb 8, 01:00 pm",2266.59,1.1017
"Feb 8, 02:00 pm",2266.58,1.1017
"Feb 8, 03:00 pm",2266.47,1.1017
"Feb 8, 04:00 pm",2267.46,1.1017
"Feb 8, 05:00 pm",2266.42,1.1017
"Feb 8, 06:00 pm",1567.32,0.76186
"Feb 8, 07:00 pm",12.7651,0.183617
"Feb 8, 08:00 pm",0,0.183617
"Feb 8, 09:00 pm",0,0.183617
"Feb 8, 10:00 pm",0,0.183617
"Feb 8, 11:00 pm",0,0.183617
"Feb 9, 12:00 am",0,0.183617
"Feb 9, 01:00 am",0,0.183617
"Feb 9, 02:00 am",0,0.183617
"Feb 9, 03:00 am",0,0.183617
"Feb 9, 04:00 am",0,0.183617
"Feb 9, 05:00 am",0,0.183617
"Feb 9, 06:00 am",0,0.183617
"Feb 9, 07:00 am",0,0.183617
"Feb 9, 08:00 am",1702.77,0.964397
"Feb 9, 09:00 am",2268.32,1.1017
"Feb 9, 10:00 am",2267.86,1.1017
"Feb 9, 11:00 am",2266.49,1.1017
"Feb 9, 12:00 pm",2266.5,1.1017
"Feb 9, 01:00 pm",2266.58,1.1017
"Feb 9, 02:00 pm",2266.58,1.1017
"Feb 9, 03:00 pm",2266.48,1.1017
"Feb 9, 04:00 pm",2267.37,1.1017
"Feb 9, 05:00 pm",2266.44,1.1017
"Feb 9, 06:00 pm",1523.34,0.740438
"Feb 9, 07:00 pm",12.8916,0.183617
"Feb 9, 08:00 pm",0,0.183617
"Feb 9, 09:00 pm",0,0.183617
"Feb 9, 10:00 pm",0,0.183617
"Feb 9, 11:00 pm",0,0.183617
"Feb 10, 12:00 am",0,0.183617
"Feb 10, 01:00 am",0,0.183617
"Feb 10, 02:00 am",0,0.183617
"Feb 10, 03:00 am",0,0.183617
"Feb 10, 04:00 am",0,0.183617
"Feb 10, 05:00 am",0,0.183617
"Feb 10, 06:00 am",0,0.183617
"Feb 10, 07:00 am",0,0.183617
"Feb 10, 08:00 am",1657.68,0.941649
"Feb 10, 09:00 am",2268.58,1.1017
"Feb 10, 10:00 am",2267.72,1.1017
"Feb 10, 11:00 am",2266.46,1.1017
"Feb 10, 12:00 pm",2266.48,1.1017
"Feb 10, 01:00 pm",2266.56,1.1017
"Feb 10, 02:00 pm",2266.57,1.1017
"Feb 10, 03:00 pm",2266.56,1.1017
"Feb 10, 04:00 pm",2267.28,1.1017
"Feb 10, 05:00 pm",2266.44,1.1017
"Feb 10, 06:00 pm",1479.72,0.719191
"Feb 10, 07:00 pm",12.8596,0.183617
"Feb 10, 08:00 pm",0,0.183617
"Feb 10, 09:00 pm",0,0.183617
"Feb 10, 10:00 pm",0,0.183617
"Feb 10, 11:00 pm",0,0.183617
"Feb 11, 12:00 am",0,0.183617
"Feb 11, 01:00 am",0,0.183617
"Feb 11, 02:00 am",0,0.183617
"Feb 11, 03:00 am",0,0.183617
"Feb 11, 04:00 am",0,0.183617
"Feb 11, 05:00 am",0,0.183617
"Feb 11, 06:00 am",0,0.183617
"Feb 11, 07:00 am",0,0.183617
"Feb 11, 08:00 am",1616.08,0.918308
"Feb 11, 09:00 am",2266.18,1.1017
"Feb 11, 10:00 am",2267.09,1.1017
"Feb 11, 11:00 am",2268.83,1.1017
"Feb 11, 12:00 pm",2266.68,1.1017
"Feb 11, 01:00 pm",2266.42,1.1017
"Feb 11, 02:00 pm",2266.42,1.1017
"Feb 11, 03:00 pm",2268.55,1.1017
"Feb 11, 04:00 pm",2267.03,1.1017
"Feb 11, 05:00 pm",2266.42,1.1017
"Feb 11, 06:00 pm",1406.1,0.683356
"Feb 11, 07:00 pm",12.6537,0.183617
"Feb 11, 08:00 pm",0,0.183617
"Feb 11, 09:00 pm",0,0.183617
"Feb 11, 10:00 pm",0,0.183617
"Feb 11, 11:00 pm",0,0.183617
"Feb 12, 12:00 am",0,0.183617
"Feb 12, 01:00 am",0,0.183617
"Feb 12, 02:00 am",0,0.183617
"Feb 12, 03:00 am",0,0.183617
"Feb 12, 04:00 am",0,0.183617
"Feb 12, 05:00 am",0,0.183617
"Feb 12, 06:00 am",0,0.183617
"Feb 12, 07:00 am",0,0.183617
"Feb 12, 08:00 am",1546.85,0.87954
"Feb 12, 09:00 am",2266.16,1.1017
"Feb 12, 10:00 am",2266.71,1.1017
"Feb 12, 11:00 am",2268.19,1.1017
"Feb 12, 12:00 pm",2268.82,1.1017
"Feb 12, 01:00 pm",2266.68,1.1017
"Feb 12, 02:00 pm",2268.69,1.1017
"Feb 12, 03:00 pm",2268.32,1.1017
"Feb 12, 04:00 pm",2266.71,1.1017
"Feb 12, 05:00 pm",2266.42,1.1017
"Feb 12, 06:00 pm",1334,0.648265
"Feb 12, 07:00 pm",12.6669,0.183617
"Feb 12, 08:00 pm",0,0.183617
"Feb 12, 09:00 pm",0,0.183617
"Feb 12, 10:00 pm",0,0.183617
"Feb 12, 11:00 pm",0,0.183617
"Feb 13, 12:00 am",0,0.183617
"Feb 13, 01:00 am",0,0.183617
"Feb 13, 02:00 am",0,0.183617
"Feb 13, 03:00 am",0,0.183617
"Feb 13, 04:00 am",0,0.183617
"Feb 13, 05:00 am",0,0.183617
"Feb 13, 06:00 am",0,0.183617
"Feb 13, 07:00 am",0,0.183617
"Feb 13, 08:00 am",1567.64,0.891305
"Feb 13, 09:00 am",2266.14,1.1017
"Feb 13, 10:00 am",2266.87,1.1017
"Feb 13, 11:00 am",2268.49,1.1017
"Feb 13, 12:00 pm",2266.56,1.1017
"Feb 13, 01:00 pm",2266.42,1.1017
"Feb 13, 02:00 pm",2268.85,1.1017
"Feb 13, 03:00 pm",2268.47,1.1017
"Feb 13, 04:00 pm",2266.75,1.1017
"Feb 13, 05:00 pm",2266.42,1.1017
"Feb 13, 06:00 pm",1290.52,0.627093
"Feb 13, 07:00 pm",12.734,0.183617
"Feb 13, 08:00 pm",0,0.183617
"Feb 13, 09:00 pm",0,0.183617
"Feb 13, 10:00 pm",0,0.183617
"Feb 13, 11:00 pm",0,0.183617
"Feb 14, 12:00 am",0,0.183617
"Feb 14, 01:00 am",0,0.183617
"Feb 14, 02:00 am",0,0.183617
"Feb 14, 03:00 am",0,0.183617
"Feb 14, 04:00 am",0,0.183617
"Feb 14, 05:00 am",0,0.183617
"Feb 14, 06:00 am",0,0.183617
"Feb 14, 07:00 am",0,0.183617
"Feb 14, 08:00 am",1544.85,0.878702
"Feb 14, 09:00 am",2266.13,1.1017
"Feb 14, 10:00 am",2266.86,1.1017
"Feb 14, 11:00 am",2268.49,1.1017
"Feb 14, 12:00 pm",2266.57,1.1017
"Feb 14, 01:00 pm",2266.43,1.1017
"Feb 14, 02:00 pm",2268.92,1.1017
"Feb 14, 03:00 pm",2268.53,1.1017
"Feb 14, 04:00 pm",2266.77,1.1017
"Feb 14, 05:00 pm",2266.42,1.1017
"Feb 14, 06:00 pm",1250.61,0.607662
"Feb 14, 07:00 pm",12.7796,0.183617
"Feb 14, 08:00 pm",0,0.183617
"Feb 14, 09:00 pm",0,0.183617
"Feb 14, 10:00 pm",0,0.183617
"Feb 14, 11:00 pm",0,0.183617
"Feb 15, 12:00 am",0,0.183617
"Feb 15, 01:00 am",0,0.183617
"Feb 15, 02:00 am",0,0.183617
"Feb 15, 03:00 am",0,0.183617
"Feb 15, 04:00 am",0,0.183617
"Feb 15, 05:00 am",0,0.183617
"Feb 15, 06:00 am",0,0.183617
"Feb 15, 07:00 am",0,0.183617
"Feb 15, 08:00 am",1507.38,0.858014
"Feb 15, 09:00 am",2266.11,1.1017
"Feb 15, 10:00 am",2266.66,1.1017
"Feb 15, 11:00 am",2268.08,1.1017
"Feb 15, 12:00 pm",2268.58,1.1017
"Feb 15, 01:00 pm",2266.6,1.1017
"Feb 15, 02:00 pm",2268.37,1.1017
"Feb 15, 03:00 pm",2267.9,1.1017
"Feb 15, 04:00 pm",2266.58,1.1017
"Feb 15, 05:00 pm",2266.4,1.1017
"Feb 15, 06:00 pm",1189.44,0.577882
"Feb 15, 07:00 pm",12.7591,0.183617
"Feb 15, 08:00 pm",0,0.183617
"Feb 15, 09:00 pm",0,0.183617
"Feb 15, 10:00 pm",0,0.183617
"Feb 15, 11:00 pm",0,0.183617
"Feb 16, 12:00 am",0,0.183617
"Feb 16, 01:00 am",0,0.183617
"Feb 16, 02:00 am",0,0.183617
"Feb 16, 03:00 am",0,0.183617
"Feb 16, 04:00 am",0,0.183617
"Feb 16, 05:00 am",0,0.183617
"Feb 16, 06:00 am",0,0.183617
"Feb 16, 07:00 am",0,0.183617
"Feb 16, 08:00 am",1457.06,0.830221
"Feb 16, 09:00 am",2266.07,1.1017
"Feb 16, 10:00 am",2266.55,1.1017
"Feb 16, 11:00 am",2267.61,1.1017
"Feb 16, 12:00 pm",2268.18,1.1017
"Feb 16, 01:00 pm",2269.05,1.1017
"Feb 16, 02:00 pm",2268.43,1.1017
"Feb 16, 03:00 pm",2267.66,1.1017
"Feb 16, 04:00 pm",2266.56,1.1017
"Feb 16, 05:00 pm",2266.4,1.1017
"Feb 16, 06:00 pm",1141.54,0.555113
"Feb 16, 07:00 pm",12.4571,0.183617
"Feb 16, 08:00 pm",0,0.183617
"Feb 16, 09:00 pm",0,0.183617
"Feb 16, 10:00 pm",0,0.183617
"Feb 16, 11:00 pm",0,0.183617
"Feb 17, 12:00 am",0,0.183617
"Feb 17, 01:00 am",0,0.183617
"Feb 17, 02:00 am",0,0.183617
"Feb 17, 03:00 am",0,0.183617
"Feb 17, 04:00 am",0,0.183617
"Feb 17, 05:00 am",0,0.183617
"Feb 17, 06:00 am",0,0.183617
"Feb 17, 07:00 am",0,0.183617
"Feb 17, 08:00 am",1484.66,0.845864
"Feb 17, 09:00 am",2266.08,1.1017
"Feb 17, 10:00 am",2266.72,1.1017
"Feb 17, 11:00 am",2268.29,1.1017
"Feb 17, 12:00 pm",2268.86,1.1017
"Feb 17, 01:00 pm",2266.67,1.1017
"Feb 17, 02:00 pm",2268.53,1.1017
"Feb 17, 03:00 pm",2268.15,1.1017
"Feb 17, 04:00 pm",2266.62,1.1017
"Feb 17, 05:00 pm",2266.41,1.1017
"Feb 17, 06:00 pm",1115.1,0.542241
"Feb 17, 07:00 pm",12.4284,0.183617
"Feb 17, 08:00 pm",0,0.183617
"Feb 17, 09:00 pm",0,0.183617
"Feb 17, 10:00 pm",0,0.183617
"Feb 17, 11:00 pm",0,0.183617
"Feb 18, 12:00 am",0,0.183617
"Feb 18, 01:00 am",0,0.183617
"Feb 18, 02:00 am",0,0.183617
"Feb 18, 03:00 am",0,0.183617
"Feb 18, 04:00 am",0,0.183617
"Feb 18, 05:00 am",0,0.183617
"Feb 18, 06:00 am",0,0.183617
"Feb 18, 07:00 am",0,0.183617
"Feb 18, 08:00 am",1483.72,0.845311
"Feb 18, 09:00 am",2266.09,1.1017
"Feb 18, 10:00 am",2266.73,1.1017
"Feb 18, 11:00 am",2268.19,1.1017
"Feb 18, 12:00 pm",2268.68,1.1017
"Feb 18, 01:00 pm",2266.61,1.1017
"Feb 18, 02:00 pm",2268.34,1.1017
"Feb 18, 03:00 pm",2267.88,1.1017
"Feb 18, 04:00 pm",2266.57,1.1017
"Feb 18, 05:00 pm",2266.39,1.1017
"Feb 18, 06:00 pm",1068.97,0.519815
"Feb 18, 07:00 pm",12.2835,0.183617
"Feb 18, 08:00 pm",0,0.183617
"Feb 18, 09:00 pm",0,0.183617
"Feb 18, 10:00 pm",0,0.183617
"Feb 18, 11:00 pm",0,0.183617
"Feb 19, 12:00 am",0,0.183617
"Feb 19, 01:00 am",0,0.183617
"Feb 19, 02:00 am",0,0.183617
"Feb 19, 03:00 am",0,0.183617
"Feb 19, 04:00 am",0,0.183617
"Feb 19, 05:00 am",0,0.183617
"Feb 19, 06:00 am",0,0.183617
"Feb 19, 07:00 am",0,0.183617
"Feb 19, 08:00 am",1204.9,0.826124
"Feb 19, 09:00 am",2266.38,1.1017
"Feb 19, 10:00 am",2266.72,1.1017
"Feb 19, 11:00 am",2268.2,1.1017
"Feb 19, 12:00 pm",2268.7,1.1017
"Feb 19, 01:00 pm",2266.64,1.1017
"Feb 19, 02:00 pm",2268.42,1.1017
"Feb 19, 03:00 pm",2267.96,1.1017
"Feb 19, 04:00 pm",2266.6,1.1017
"Feb 19, 05:00 pm",2266.41,1.1017
"Feb 19, 06:00 pm",1027.05,0.499415
"Feb 19, 07:00 pm",12.4398,0.183617
"Feb 19, 08:00 pm",0,0.183617
"Feb 19, 09:00 pm",0,0.183617
"Feb 19, 10:00 pm",0,0.183617
"Feb 19, 11:00 pm",0,0.183617
"Feb 20, 12:00 am",0,0.183617
"Feb 20, 01:00 am",0,0.183617
"Feb 20, 02:00 am",0,0.183617
"Feb 20, 03:00 am",0,0.183617
"Feb 20, 04:00 am",0,0.183617
"Feb 20, 05:00 am",0,0.183617
"Feb 20, 06:00 am",0,0.183617
"Feb 20, 07:00 am",0,0.183617
"Feb 20, 08:00 am",1154.11,0.800884
"Feb 20, 09:00 am",2266.08,1.1017
"Feb 20, 10:00 am",2266.61,1.1017
"Feb 20, 11:00 am",2267.85,1.1017
"Feb 20, 12:00 pm",2268.38,1.1017
"Feb 20, 01:00 pm",2266.54,1.1017
"Feb 20, 02:00 pm",2268.31,1.1017
"Feb 20, 03:00 pm",2267.9,1.1017
"Feb 20, 04:00 pm",2266.6,1.1017
"Feb 20, 05:00 pm",2266.41,1.1017
"Feb 20, 06:00 pm",991.727,0.482246
"Feb 20, 07:00 pm",12.3249,0.183617
"Feb 20, 08:00 pm",0,0.183617
"Feb 20, 09:00 pm",0,0.183617
"Feb 20, 10:00 pm",0,0.183617
"Feb 20, 11:00 pm",0,0.183617
"Feb 21, 12:00 am",0,0.183617
"Feb 21, 01:00 am",0,0.183617
"Feb 21, 02:00 am",0,0.183617
"Feb 21, 03:00 am",0,0.183617
"Feb 21, 04:00 am",0,0.183617
"Feb 21, 05:00 am",0,0.183617
"Feb 21, 06:00 am",0,0.183617
"Feb 21, 07:00 am",0,0.183617
"Feb 21, 08:00 am",1170.65,0.812283
"Feb 21, 09:00 am",2266.08,1.1017
"Feb 21, 10:00 am",2266.8,1.1017
"Feb 21, 11:00 am",2268.38,1.1017
"Feb 21, 12:00 pm",2269.03,1.1017
"Feb 21, 01:00 pm",2266.74,1.1017
"Feb 21, 02:00 pm",2268.76,1.1017
"Feb 21, 03:00 pm",2268.46,1.1017
"Feb 21, 04:00 pm",2266.78,1.1017
"Feb 21, 05:00 pm",2266.43,1.1017
"Feb 21, 06:00 pm",972.359,0.47283
"Feb 21, 07:00 pm",12.3963,0.183617
"Feb 21, 08:00 pm",0,0.183617
"Feb 21, 09:00 pm",0,0.183617
"Feb 21, 10:00 pm",0,0.183617
"Feb 21, 11:00 pm",0,0.183617
"Feb 22, 12:00 am",0,0.183617
"Feb 22, 01:00 am",0,0.183617
"Feb 22, 02:00 am",0,0.183617
"Feb 22, 03:00 am",0,0.183617
"Feb 22, 04:00 am",0,0.183617
"Feb 22, 05:00 am",0,0.183617
"Feb 22, 06:00 am",0,0.183617
"Feb 22, 07:00 am",0,0.183617
"Feb 22, 08:00 am",1180.03,0.818408
"Feb 22, 09:00 am",2266.1,1.1017
"Feb 22, 10:00 am",2266.83,1.1017
"Feb 22, 11:00 am",2268.31,1.1017
"Feb 22, 12:00 pm",2268.83,1.1017
"Feb 22, 01:00 pm",2266.67,1.1017
"Feb 22, 02:00 pm",2268.48,1.1017
"Feb 22, 03:00 pm",2268.01,1.1017
"Feb 22, 04:00 pm",2266.61,1.1017
"Feb 22, 05:00 pm",2268.98,1.1017
"Feb 22, 06:00 pm",916.103,0.445419
"Feb 22, 07:00 pm",12.3858,0.183617
"Feb 22, 08:00 pm",0,0.183617
"Feb 22, 09:00 pm",0,0.183617
"Feb 22, 10:00 pm",0,0.183617
"Feb 22, 11:00 pm",0,0.183617
"Feb 23, 12:00 am",0,0.183617
"Feb 23, 01:00 am",0,0.183617
"Feb 23, 02:00 am",0,0.183617
"Feb 23, 03:00 am",0,0.183617
"Feb 23, 04:00 am",0,0.183617
"Feb 23, 05:00 am",0,0.183617
"Feb 23, 06:00 am",0,0.183617
"Feb 23, 07:00 am",0,0.183617
"Feb 23, 08:00 am",1124.35,0.780982
"Feb 23, 09:00 am",15.8261,0.183617
"Feb 23, 10:00 am",0,0.183617
"Feb 23, 11:00 am",0,0.183617
"Feb 23, 12:00 pm",0,0.183617
"Feb 23, 01:00 pm",0,0.183617
"Feb 23, 02:00 pm",27.3546,0.183617
"Feb 23, 03:00 pm",16.4991,0.183617
"Feb 23, 04:00 pm",0,0.183617
"Feb 23, 05:00 pm",0,0.183617
"Feb 23, 06:00 pm",0,0.183617
"Feb 23, 07:00 pm",0,0.183617
"Feb 23, 08:00 pm",0,0.183617
"Feb 23, 09:00 pm",0,0.183617
"Feb 23, 10:00 pm",0,0.183617
"Feb 23, 11:00 pm",0,0.183617
"Feb 24, 12:00 am",0,0.183617
"Feb 24, 01:00 am",0,0.183617
"Feb 24, 02:00 am",0,0.183617
"Feb 24, 03:00 am",0,0.183617
"Feb 24, 04:00 am",0,0.183617
"Feb 24, 05:00 am",0,0.183617
"Feb 24, 06:00 am",0,0.183617
"Feb 24, 07:00 am",0,0.183617
"Feb 24, 08:00 am",1079.52,0.752952
"Feb 24, 09:00 am",2266.14,1.1017
"Feb 24, 10:00 am",2266.47,1.1017
"Feb 24, 11:00 am",2267.37,1.1017
"Feb 24, 12:00 pm",23.3331,0.183617
"Feb 24, 01:00 pm",21.5002,0.183617
"Feb 24, 02:00 pm",19.4811,0.183617
"Feb 24, 03:00 pm",15.3176,0.183617
"Feb 24, 04:00 pm",0,0.183617
"Feb 24, 05:00 pm",0,0.183617
"Feb 24, 06:00 pm",0,0.183617
"Feb 24, 07:00 pm",0,0.183617
"Feb 24, 08:00 pm",0,0.183617
"Feb 24, 09:00 pm",0,0.183617
"Feb 24, 10:00 pm",0,0.183617
"Feb 24, 11:00 pm",0,0.183617
"Feb 25, 12:00 am",0,0.183617
"Feb 25, 01:00 am",0,0.183617
"Feb 25, 02:00 am",0,0.183617
"Feb 25, 03:00 am",0,0.183617
"Feb 25, 04:00 am",0,0.183617
"Feb 25, 05:00 am",0,0.183617
"Feb 25, 06:00 am",0,0.183617
"Feb 25, 07:00 am",0,0.183617
"Feb 25, 08:00 am",0,0.183617
"Feb 25, 09:00 am",0,0.183617
"Feb 25, 10:00 am",0,0.183617
"Feb 25, 11:00 am",0,0.183617
"Feb 25, 12:00 pm",0,0.183617
"Feb 25, 01:00 pm",0,0.183617
"Feb 25, 02:00 pm",0,0.183617
"Feb 25, 03:00 pm",1888.69,1.1017
"Feb 25, 04:00 pm",2263.69,1.1017
"Feb 25, 05:00 pm",2268.31,1.1017
"Feb 25, 06:00 pm",758.621,0.369
"Feb 25, 07:00 pm",12.1943,0.183617
"Feb 25, 08:00 pm",0,0.183617
"Feb 25, 09:00 pm",0,0.183617
"Feb 25, 10:00 pm",0,0.183617
"Feb 25, 11:00 pm",0,0.183617
"Feb 26, 12:00 am",0,0.183617
"Feb 26, 01:00 am",0,0.183617
"Feb 26, 02:00 am",0,0.183617
"Feb 26, 03:00 am",0,0.183617
"Feb 26, 04:00 am",0,0.183617
"Feb 26, 05:00 am",0,0.183617
"Feb 26, 06:00 am",0,0.183617
"Feb 26, 07:00 am",0,0.183617
"Feb 26, 08:00 am",934.3,0.538782
"Feb 26, 09:00 am",2266.48,1.1017
"Feb 26, 10:00 am",2266.54,1.1017
"Feb 26, 11:00 am",2267.6,1.1017
"Feb 26, 12:00 pm",2268.12,1.1017
"Feb 26, 01:00 pm",2268.73,1.1017
"Feb 26, 02:00 pm",2268.29,1.1017
"Feb 26, 03:00 pm",2267.59,1.1017
"Feb 26, 04:00 pm",2266.57,1.1017
"Feb 26, 05:00 pm",2268.65,1.1017
"Feb 26, 06:00 pm",735.216,0.357597
"Feb 26, 07:00 pm",12.3703,0.183617
"Feb 26, 08:00 pm",0,0.183617
"Feb 26, 09:00 pm",0,0.183617
"Feb 26, 10:00 pm",0,0.183617
"Feb 26, 11:00 pm",0,0.183617
"Feb 27, 12:00 am",0,0.183617
"Feb 27, 01:00 am",0,0.183617
"Feb 27, 02:00 am",0,0.183617
"Feb 27, 03:00 am",0,0.183617
"Feb 27, 04:00 am",0,0.183617
"Feb 27, 05:00 am",0,0.183617
"Feb 27, 06:00 am",0,0.183617
"Feb 27, 07:00 am",0,0.183617
"Feb 27, 08:00 am",948.798,0.545752
"Feb 27, 09:00 am",2266.16,1.1017
"Feb 27, 10:00 am",2266.59,1.1017
"Feb 27, 11:00 am",2267.65,1.1017
"Feb 27, 12:00 pm",2268.06,1.1017
"Feb 27, 01:00 pm",2268.5,1.1017
"Feb 27, 02:00 pm",2267.93,1.1017
"Feb 27, 03:00 pm",2267.23,1.1017
"Feb 27, 04:00 pm",17.4868,0.183617
"Feb 27, 05:00 pm",0,0.183617
"Feb 27, 06:00 pm",0,0.183617
"Feb 27, 07:00 pm",0,0.183617
"Feb 27, 08:00 pm",0,0.183617
"Feb 27, 09:00 pm",0,0.183617
"Feb 27, 10:00 pm",0,0.183617
"Feb 27, 11:00 pm",0,0.183617
"Feb 28, 12:00 am",0,0.183617
"Feb 28, 01:00 am",0,0.183617
"Feb 28, 02:00 am",0,0.183617
"Feb 28, 03:00 am",0,0.183617
"Feb 28, 04:00 am",0,0.183617
"Feb 28, 05:00 am",0,0.183617
"Feb 28, 06:00 am",0,0.183617
"Feb 28, 07:00 am",0,0.183617
"Feb 28, 08:00 am",0,0.183617
"Feb 28, 09:00 am",1546.2,0.795659
"Feb 28, 10:00 am",2266.73,1.1017
"Feb 28, 11:00 am",2267.17,1.1017
"Feb 28, 12:00 pm",2267.59,1.1017
"Feb 28, 01:00 pm",72.2371,0.183617
"Feb 28, 02:00 pm",16.4452,0.183617
"Feb 28, 03:00 pm",0,0.183617
"Feb 28, 04:00 pm",1942.95,1.1017
"Feb 28, 05:00 pm",2268.05,1.1017
"Feb 28, 06:00 pm",632.058,0.307621
"Feb 28, 07:00 pm",11.9515,0.183617
"Feb 28, 08:00 pm",0,0.183617
"Feb 28, 09:00 pm",0,0.183617
"Feb 28, 10:00 pm",0,0.183617
"Feb 28, 11:00 pm",0,0.183617
"Mar 1, 12:00 am",0,0.183617
"Mar 1, 01:00 am",0,0.183617
"Mar 1, 02:00 am",0,0.183617
"Mar 1, 03:00 am",0,0.183617
"Mar 1, 04:00 am",0,0.183617
"Mar 1, 05:00 am",0,0.183617
"Mar 1, 06:00 am",0,0.183617
"Mar 1, 07:00 am",0,0.183617
"Mar 1, 08:00 am",854.701,0.502055
"Mar 1, 09:00 am",2266.31,1.1017
"Mar 1, 10:00 am",2266.47,1.1017
"Mar 1, 11:00 am",2267.24,1.1017
"Mar 1, 12:00 pm",2267.74,1.1017
"Mar 1, 01:00 pm",2268.36,1.1017
"Mar 1, 02:00 pm",2267.97,1.1017
"Mar 1, 03:00 pm",2267.39,1.1017
"Mar 1, 04:00 pm",2266.53,1.1017
"Mar 1, 05:00 pm",2268.15,1.1017
"Mar 1, 06:00 pm",603.245,0.293612
"Mar 1, 07:00 pm",12.1426,0.183617
"Mar 1, 08:00 pm",0,0.183617
"Mar 1, 09:00 pm",0,0.183617
"Mar 1, 10:00 pm",0,0.183617
"Mar 1, 11:00 pm",0,0.183617
"Mar 2, 12:00 am",0,0.183617
"Mar 2, 01:00 am",0,0.183617
"Mar 2, 02:00 am",0,0.183617
"Mar 2, 03:00 am",0,0.183617
"Mar 2, 04:00 am",0,0.183617
"Mar 2, 05:00 am",0,0.183617
"Mar 2, 06:00 am",0,0.183617
"Mar 2, 07:00 am",0,0.183617
"Mar 2, 08:00 am",836.996,0.493861
"Mar 2, 09:00 am",2268.79,1.1017
"Mar 2, 10:00 am",2266.75,1.1017
"Mar 2, 11:00 am",2267.03,1.1017
"Mar 2, 12:00 pm",2267.4,1.1017
"Mar 2, 01:00 pm",2267.86,1.1017
"Mar 2, 02:00 pm",2267.35,1.1017
"Mar 2, 03:00 pm",2266.97,1.1017
"Mar 2, 04:00 pm",2264.56,1.1017
"Mar 2, 05:00 pm",2267.36,1.1017
"Mar 2, 06:00 pm",554.596,0.269923
"Mar 2, 07:00 pm",12.3079,0.183617
"Mar 2, 08:00 pm",0,0.183617
"Mar 2, 09:00 pm",0,0.183617
"Mar 2, 10:00 pm",0,0.183617
"Mar 2, 11:00 pm",0,0.183617
"Mar 3, 12:00 am",0,0.183617
"Mar 3, 01:00 am",0,0.183617
"Mar 3, 02:00 am",0,0.183617
"Mar 3, 03:00 am",0,0.183617
"Mar 3, 04:00 am",0,0.183617
"Mar 3, 05:00 am",0,0.183617
"Mar 3, 06:00 am",0,0.183617
"Mar 3, 07:00 am",0,0.183617
"Mar 3, 08:00 am",802.369,0.477596
"Mar 3, 09:00 am",2268.64,1.1017
"Mar 3, 10:00 am",2264.19,1.1017
"Mar 3, 11:00 am",2266.83,1.1017
"Mar 3, 12:00 pm",2267.17,1.1017
"Mar 3, 01:00 pm",2267.6,1.1017
"Mar 3, 02:00 pm",2267.15,1.1017
"Mar 3, 03:00 pm",2266.85,1.1017
"Mar 3, 04:00 pm",2265.07,1.1017
"Mar 3, 05:00 pm",2267.03,1.1017
"Mar 3, 06:00 pm",510.843,0.248752
"Mar 3, 07:00 pm",12.1321,0.183617
"Mar 3, 08:00 pm",0,0.183617
"Mar 3, 09:00 pm",0,0.183617
"Mar 3, 10:00 pm",0,0.183617
"Mar 3, 11:00 pm",0,0.183617
"Mar 4, 12:00 am",0,0.183617
"Mar 4, 01:00 am",0,0.183617
"Mar 4, 02:00 am",0,0.183617
"Mar 4, 03:00 am",0,0.183617
"Mar 4, 04:00 am",0,0.183617
"Mar 4, 05:00 am",0,0.183617
"Mar 4, 06:00 am",0,0.183617
"Mar 4, 07:00 am",0,0.183617
"Mar 4, 08:00 am",0,0.183617
"Mar 4, 09:00 am",1544.14,0.795659
"Mar 4, 10:00 am",2264.1,1.1017
"Mar 4, 11:00 am",2266.81,1.1017
"Mar 4, 12:00 pm",2267.12,1.1017
"Mar 4, 01:00 pm",2267.52,1.1017
"Mar 4, 02:00 pm",17.8228,0.183617
"Mar 4, 03:00 pm",1953.44,1.1017
"Mar 4, 04:00 pm",17.2595,0.183617
"Mar 4, 05:00 pm",1901.34,1.0929
"Mar 4, 06:00 pm",468.661,0.228285
"Mar 4, 07:00 pm",12.027,0.183617
"Mar 4, 08:00 pm",0,0.183617
"Mar 4, 09:00 pm",0,0.183617
"Mar 4, 10:00 pm",0,0.183617
"Mar 4, 11:00 pm",0,0.183617
"Mar 5, 12:00 am",0,0.183617
"Mar 5, 01:00 am",0,0.183617
"Mar 5, 02:00 am",0,0.183617
"Mar 5, 03:00 am",0,0.183617
"Mar 5, 04:00 am",0,0.183617
"Mar 5, 05:00 am",0,0.183617
"Mar 5, 06:00 am",0,0.183617
"Mar 5, 07:00 am",0,0.183617
"Mar 5, 08:00 am",0,0.183617
"Mar 5, 09:00 am",0,0.183617
"Mar 5, 10:00 am",1568.01,0.795659
"Mar 5, 11:00 am",2266.77,1.1017
"Mar 5, 12:00 pm",17.3544,0.183617
"Mar 5, 01:00 pm",1954.47,1.1017
"Mar 5, 02:00 pm",2266.72,1.1017
"Mar 5, 03:00 pm",2266.71,1.1017
"Mar 5, 04:00 pm",2266.59,1.1017
"Mar 5, 05:00 pm",2266.57,1.1017
"Mar 5, 06:00 pm",420.035,0.204722
"Mar 5, 07:00 pm",11.736,0.183617
"Mar 5, 08:00 pm",0,0.183617
"Mar 5, 09:00 pm",0,0.183617
"Mar 5, 10:00 pm",0,0.183617
"Mar 5, 11:00 pm",0,0.183617
"Mar 6, 12:00 am",0,0.183617
"Mar 6, 01:00 am",0,0.183617
"Mar 6, 02:00 am",0,0.183617
"Mar 6, 03:00 am",0,0.183617
"Mar 6, 04:00 am",0,0.183617
"Mar 6, 05:00 am",0,0.183617
"Mar 6, 06:00 am",0,0.183617
"Mar 6, 07:00 am",0,0.183617
"Mar 6, 08:00 am",0,0.183617
"Mar 6, 09:00 am",0,0.183617
"Mar 6, 10:00 am",0,0.183617
"Mar 6, 11:00 am",1892.98,0.948673
"Mar 6, 12:00 pm",2267.17,1.1017
"Mar 6, 01:00 pm",2267.15,1.1017
"Mar 6, 02:00 pm",2266.76,1.1017
"Mar 6, 03:00 pm",2266.57,1.1017
"Mar 6, 04:00 pm",2266.55,1.1017
"Mar 6, 05:00 pm",2266.54,1.1017
"Mar 6, 06:00 pm",382.472,0.186465
"Mar 6, 07:00 pm",11.7162,0.183617
"Mar 6, 08:00 pm",0,0.183617
"Mar 6, 09:00 pm",0,0.183617
"Mar 6, 10:00 pm",0,0.183617
"Mar 6, 11:00 pm",0,0.183617
"Mar 7, 12:00 am",0,0.183617
"Mar 7, 01:00 am",0,0.183617
"Mar 7, 02:00 am",0,0.183617
"Mar 7, 03:00 am",0,0.183617
"Mar 7, 04:00 am",0,0.183617
"Mar 7, 05:00 am",0,0.183617
"Mar 7, 06:00 am",0,0.183617
"Mar 7, 07:00 am",0,0.183617
"Mar 7, 08:00 am",728.594,0.443565
"Mar 7, 09:00 am",2268,1.1017
"Mar 7, 10:00 am",2264.7,1.1017
"Mar 7, 11:00 am",2266.62,1.1017
"Mar 7, 12:00 pm",2266.82,1.1017
"Mar 7, 01:00 pm",2267.18,1.1017
"Mar 7, 02:00 pm",2266.83,1.1017
"Mar 7, 03:00 pm",2266.82,1.1017
"Mar 7, 04:00 pm",2266.5,1.1017
"Mar 7, 05:00 pm",2266.48,1.1017
"Mar 7, 06:00 pm",355.389,0.183617
"Mar 7, 07:00 pm",11.7121,0.183617
"Mar 7, 08:00 pm",0,0.183617
"Mar 7, 09:00 pm",0,0.183617
"Mar 7, 10:00 pm",0,0.183617
"Mar 7, 11:00 pm",0,0.183617
"Mar 8, 12:00 am",0,0.183617
"Mar 8, 01:00 am",0,0.183617
"Mar 8, 02:00 am",0,0.183617
"Mar 8, 03:00 am",0,0.183617
"Mar 8, 04:00 am",0,0.183617
"Mar 8, 05:00 am",0,0.183617
"Mar 8, 06:00 am",0,0.183617
"Mar 8, 07:00 am",0,0.183617
"Mar 8, 08:00 am",696.45,0.428481
"Mar 8, 09:00 am",2267.57,1.1017
"Mar 8, 10:00 am",2265.23,1.1017
"Mar 8, 11:00 am",2266.57,1.1017
"Mar 8, 12:00 pm",2266.59,1.1017
"Mar 8, 01:00 pm",2267.02,1.1017
"Mar 8, 02:00 pm",2266.73,1.1017
"Mar 8, 03:00 pm",2266.72,1.1017
"Mar 8, 04:00 pm",2267.17,1.1017
"Mar 8, 05:00 pm",2266.44,1.1017
"Mar 8, 06:00 pm",318.819,0.183617
"Mar 8, 07:00 pm",11.7027,0.183617
"Mar 8, 08:00 pm",0,0.183617
"Mar 8, 09:00 pm",0,0.183617
"Mar 8, 10:00 pm",0,0.183617
"Mar 8, 11:00 pm",0,0.183617
"Mar 9, 12:00 am",0,0.183617
"Mar 9, 01:00 am",0,0.183617
"Mar 9, 02:00 am",0,0.183617
"Mar 9, 03:00 am",0,0.183617
"Mar 9, 04:00 am",0,0.183617
"Mar 9, 05:00 am",0,0.183617
"Mar 9, 06:00 am",0,0.183617
"Mar 9, 07:00 am",0,0.183617
"Mar 9, 08:00 am",0,0.183617
"Mar 9, 09:00 am",1541.14,0.795659
"Mar 9, 10:00 am",2265.11,1.1017
"Mar 9, 11:00 am",2266.59,1.1017
"Mar 9, 12:00 pm",2266.75,1.1017
"Mar 9, 01:00 pm",2267.11,1.1017
"Mar 9, 02:00 pm",2266.78,1.1017
"Mar 9, 03:00 pm",2266.76,1.1017
"Mar 9, 04:00 pm",2267.04,1.1017
"Mar 9, 05:00 pm",2266.43,1.1017
"Mar 9, 06:00 pm",286.767,0.183617
"Mar 9, 07:00 pm",11.7403,0.183617
"Mar 9, 08:00 pm",0,0.183617
"Mar 9, 09:00 pm",0,0.183617
"Mar 9, 10:00 pm",0,0.183617
"Mar 9, 11:00 pm",0,0.183617
"Mar 10, 12:00 am",0,0.183617
"Mar 10, 01:00 am",0,0.183617
"Mar 10, 02:00 am",0,0.183617
"Mar 10, 03:00 am",0,0.183617
"Mar 10, 04:00 am",0,0.183617
"Mar 10, 05:00 am",0,0.183617
"Mar 10, 06:00 am",0,0.183617
"Mar 10, 07:00 am",0,0.183617
"Mar 10, 08:00 am",691.364,0.426298
"Mar 10, 09:00 am",2267.61,1.1017
"Mar 10, 10:00 am",2265.12,1.1017
"Mar 10, 11:00 am",2266.55,1.1017
"Mar 10, 12:00 pm",2266.57,1.1017
"Mar 10, 01:00 pm",2266.87,1.1017
"Mar 10, 02:00 pm",2266.62,1.1017
"Mar 10, 03:00 pm",2266.61,1.1017
"Mar 10, 04:00 pm",2268.25,1.1017
"Mar 10, 05:00 pm",2267.73,1.1017
"Mar 10, 06:00 pm",248.203,0.183617
"Mar 10, 07:00 pm",11.6556,0.183617
"Mar 10, 08:00 pm",0,0.183617
"Mar 10, 09:00 pm",0,0.183617
"Mar 10, 10:00 pm",0,0.183617
"Mar 10, 11:00 pm",0,0.183617
"Mar 11, 12:00 am",0,0.183617
"Mar 11, 01:00 am",0,0.183617
"Mar 11, 02:00 am",0,0.183617
"Mar 11, 03:00 am",0,0.183617
"Mar 11, 04:00 am",0,0.183617
"Mar 11, 05:00 am",0,0.183617
"Mar 11, 06:00 am",0,0.183617
"Mar 11, 07:00 am",0,0.183617
"Mar 11, 08:00 am",0,0.183617
"Mar 11, 09:00 am",0,0.183617
"Mar 11, 10:00 am",0,0.183617
"Mar 11, 11:00 am",1892.61,0.948673
"Mar 11, 12:00 pm",2266.87,1.1017
"Mar 11, 01:00 pm",2266.97,1.1017
"Mar 11, 02:00 pm",2266.65,1.1017
"Mar 11, 03:00 pm",18.1123,0.183617
"Mar 11, 04:00 pm",0,0.183617
"Mar 11, 05:00 pm",0,0.183617
"Mar 11, 06:00 pm",0,0.183617
"Mar 11, 07:00 pm",0,0.183617
"Mar 11, 08:00 pm",0,0.183617
"Mar 11, 09:00 pm",0,0.183617
"Mar 11, 10:00 pm",0,0.183617
"Mar 11, 11:00 pm",0,0.183617
"Mar 12, 12:00 am",0,0.183617
"Mar 12, 01:00 am",0,0.183617
"Mar 12, 02:00 am",0,0.183617
"Mar 12, 03:00 am",0,0.183617
"Mar 12, 04:00 am",0,0.183617
"Mar 12, 05:00 am",0,0.183617
"Mar 12, 06:00 am",0,0.183617
"Mar 12, 07:00 am",0,0.183617
"Mar 12, 08:00 am",0,0.183617
"Mar 12, 09:00 am",0,0.183617
"Mar 12, 10:00 am",0,0.183617
"Mar 12, 11:00 am",1572.43,0.795659
"Mar 12, 12:00 pm",2266.68,1.1017
"Mar 12, 01:00 pm",2266.93,1.1017
"Mar 12, 02:00 pm",2266.67,1.1017
"Mar 12, 03:00 pm",2266.67,1.1017
"Mar 12, 04:00 pm",2267.3,1.1017
"Mar 12, 05:00 pm",2268.29,1.1017
"Mar 12, 06:00 pm",191.352,0.183617
"Mar 12, 07:00 pm",11.4381,0.183617
"Mar 12, 08:00 pm",0,0.183617
"Mar 12, 09:00 pm",0,0.183617
"Mar 12, 10:00 pm",0,0.183617
"Mar 12, 11:00 pm",0,0.183617
"Mar 13, 12:00 am",0,0.183617
"Mar 13, 01:00 am",0,0.183617
"Mar 13, 02:00 am",0,0.183617
"Mar 13, 03:00 am",0,0.183617
"Mar 13, 04:00 am",0,0.183617
"Mar 13, 05:00 am",0,0.183617
"Mar 13, 06:00 am",0,0.183617
"Mar 13, 07:00 am",0,0.183617
"Mar 13, 08:00 am",709.881,0.43592
"Mar 13, 09:00 am",2268.35,1.1017
"Mar 13, 10:00 am",2266.68,1.1017
"Mar 13, 11:00 am",2267.13,1.1017
"Mar 13, 12:00 pm",2267.16,1.1017
"Mar 13, 01:00 pm",2267.67,1.1017
"Mar 13, 02:00 pm",2267.14,1.1017
"Mar 13, 03:00 pm",2266.76,1.1017
"Mar 13, 04:00 pm",2267.67,1.1017
"Mar 13, 05:00 pm",2268.57,1.1017
"Mar 13, 06:00 pm",172.512,0.183617
"Mar 13, 07:00 pm",11.5016,0.183617
"Mar 13, 08:00 pm",0,0.183617
"Mar 13, 09:00 pm",0,0.183617
"Mar 13, 10:00 pm",0,0.183617
"Mar 13, 11:00 pm",0,0.183617
"Mar 14, 12:00 am",0,0.183617
"Mar 14, 01:00 am",0,0.183617
"Mar 14, 02:00 am",0,0.183617
"Mar 14, 03:00 am",0,0.183617
"Mar 14, 04:00 am",0,0.183617
"Mar 14, 05:00 am",0,0.183617
"Mar 14, 06:00 am",0,0.183617
"Mar 14, 07:00 am",0,0.183617
"Mar 14, 08:00 am",0,0.183617
"Mar 14, 09:00 am",0,0.183617
"Mar 14, 10:00 am",0,0.183617
"Mar 14, 11:00 am",0,0.183617
"Mar 14, 12:00 pm",0,0.183617
"Mar 14, 01:00 pm",0,0.183617
"Mar 14, 02:00 pm",0,0.183617
"Mar 14, 03:00 pm",0,0.183617
"Mar 14, 04:00 pm",0,0.183617
"Mar 14, 05:00 pm",0,0.183617
"Mar 14, 06:00 pm",0,0.183617
"Mar 14, 07:00 pm",0,0.183617
"Mar 14, 08:00 pm",0,0.183617
"Mar 14, 09:00 pm",0,0.183617
"Mar 14, 10:00 pm",0,0.183617
"Mar 14, 11:00 pm",0,0.183617
"Mar 15, 12:00 am",0,0.183617
"Mar 15, 01:00 am",0,0.183617
"Mar 15, 02:00 am",0,0.183617
"Mar 15, 03:00 am",0,0.183617
"Mar 15, 04:00 am",0,0.183617
"Mar 15, 05:00 am",0,0.183617
"Mar 15, 06:00 am",0,0.183617
"Mar 15, 07:00 am",0,0.183617
"Mar 15, 08:00 am",0,0.183617
"Mar 15, 09:00 am",0,0.183617
"Mar 15, 10:00 am",0,0.183617
"Mar 15, 11:00 am",0,0.183617
"Mar 15, 12:00 pm",0,0.183617
"Mar 15, 01:00 pm",0,0.183617
"Mar 15, 02:00 pm",0,0.183617
"Mar 15, 03:00 pm",0,0.183617
"Mar 15, 04:00 pm",0,0.183617
"Mar 15, 05:00 pm",0,0.183617
"Mar 15, 06:00 pm",0,0.183617
"Mar 15, 07:00 pm",0,0.183617
"Mar 15, 08:00 pm",0,0.183617
"Mar 15, 09:00 pm",0,0.183617
"Mar 15, 10:00 pm",0,0.183617
"Mar 15, 11:00 pm",0,0.183617
"Mar 16, 12:00 am",0,0.183617
"Mar 16, 01:00 am",0,0.183617
"Mar 16, 02:00 am",0,0.183617
"Mar 16, 03:00 am",0,0.183617
"Mar 16, 04:00 am",0,0.183617
"Mar 16, 05:00 am",0,0.183617
"Mar 16, 06:00 am",0,0.183617
"Mar 16, 07:00 am",0,0.183617
"Mar 16, 08:00 am",0,0.306365
"Mar 16, 09:00 am",2272.81,1.1017
"Mar 16, 10:00 am",2265.94,1.1017
"Mar 16, 11:00 am",2266.47,1.1017
"Mar 16, 12:00 pm",2266.49,1.1017
"Mar 16, 01:00 pm",2266.59,1.1017
"Mar 16, 02:00 pm",2266.59,1.1017
"Mar 16, 03:00 pm",2264.02,1.1017
"Mar 16, 04:00 pm",2266.34,1.1017
"Mar 16, 05:00 pm",2240.95,1.08926
"Mar 16, 06:00 pm",80.5049,0.183617
"Mar 16, 07:00 pm",11.3879,0.183617
"Mar 16, 08:00 pm",0,0.183617
"Mar 16, 09:00 pm",0,0.183617
"Mar 16, 10:00 pm",0,0.183617
"Mar 16, 11:00 pm",0,0.183617
"Mar 17, 12:00 am",0,0.183617
"Mar 17, 01:00 am",0,0.183617
"Mar 17, 02:00 am",0,0.183617
"Mar 17, 03:00 am",0,0.183617
"Mar 17, 04:00 am",0,0.183617
"Mar 17, 05:00 am",0,0.183617
"Mar 17, 06:00 am",0,0.183617
"Mar 17, 07:00 am",0,0.183617
"Mar 17, 08:00 am",424.83,0.390431
"Mar 17, 09:00 am",2266.8,1.1017
"Mar 17, 10:00 am",2265.4,1.1017
"Mar 17, 11:00 am",2266.53,1.1017
"Mar 17, 12:00 pm",2266.55,1.1017
"Mar 17, 01:00 pm",2266.75,1.1017
"Mar 17, 02:00 pm",2266.76,1.1017
"Mar 17, 03:00 pm",2266.51,1.1017
"Mar 17, 04:00 pm",2268.64,1.1017
"Mar 17, 05:00 pm",2266.36,1.1017
"Mar 17, 06:00 pm",62.6908,0.183617
"Mar 17, 07:00 pm",11.6019,0.183617
"Mar 17, 08:00 pm",0,0.183617
"Mar 17, 09:00 pm",0,0.183617
"Mar 17, 10:00 pm",0,0.183617
"Mar 17, 11:00 pm",0,0.183617
"Mar 18, 12:00 am",0,0.183617
"Mar 18, 01:00 am",0,0.183617
"Mar 18, 02:00 am",0,0.183617
"Mar 18, 03:00 am",0,0.183617
"Mar 18, 04:00 am",0,0.183617
"Mar 18, 05:00 am",0,0.183617
"Mar 18, 06:00 am",0,0.183617
"Mar 18, 07:00 am",0,0.183617
"Mar 18, 08:00 am",435.526,0.397507
"Mar 18, 09:00 am",2267.32,1.1017
"Mar 18, 10:00 am",2264.83,1.1017
"Mar 18, 11:00 am",2266.62,1.1017
"Mar 18, 12:00 pm",2266.64,1.1017
"Mar 18, 01:00 pm",2266.84,1.1017
"Mar 18, 02:00 pm",2266.66,1.1017
"Mar 18, 03:00 pm",2266.65,1.1017
"Mar 18, 04:00 pm",2268.82,1.1017
"Mar 18, 05:00 pm",2239.91,1.08861
"Mar 18, 06:00 pm",44.0708,0.183617
"Mar 18, 07:00 pm",11.6401,0.183617
"Mar 18, 08:00 pm",0,0.183617
"Mar 18, 09:00 pm",0,0.183617
"Mar 18, 10:00 pm",0,0.183617
"Mar 18, 11:00 pm",0,0.183617
"Mar 19, 12:00 am",0,0.183617
"Mar 19, 01:00 am",0,0.183617
"Mar 19, 02:00 am",0,0.183617
"Mar 19, 03:00 am",0,0.183617
"Mar 19, 04:00 am",0,0.183617
"Mar 19, 05:00 am",0,0.183617
"Mar 19, 06:00 am",0,0.183617
"Mar 19, 07:00 am",0,0.183617
"Mar 19, 08:00 am",193.217,0.303567
"Mar 19, 09:00 am",2266.15,1.1017
"Mar 19, 10:00 am",2267.38,1.1017
"Mar 19, 11:00 am",2263.49,1.1017
"Mar 19, 12:00 pm",2266.44,1.1017
"Mar 19, 01:00 pm",2266.47,1.1017
"Mar 19, 02:00 pm",2266.46,1.1017
"Mar 19, 03:00 pm",2264.42,1.1017
"Mar 19, 04:00 pm",2266.37,1.1017
"Mar 19, 05:00 pm",2166.48,1.05391
"Mar 19, 06:00 pm",23.391,0.183617
"Mar 19, 07:00 pm",11.4418,0.183617
"Mar 19, 08:00 pm",0,0.183617
"Mar 19, 09:00 pm",0,0.183617
"Mar 19, 10:00 pm",0,0.183617
"Mar 19, 11:00 pm",0,0.183617
"Mar 20, 12:00 am",0,0.183617
"Mar 20, 01:00 am",0,0.183617
"Mar 20, 02:00 am",0,0.183617
"Mar 20, 03:00 am",0,0.183617
"Mar 20, 04:00 am",0,0.183617
"Mar 20, 05:00 am",0,0.183617
"Mar 20, 06:00 am",0,0.183617
"Mar 20, 07:00 am",0,0.183617
"Mar 20, 08:00 am",186.937,0.299942
"Mar 20, 09:00 am",2266.02,1.1017
"Mar 20, 10:00 am",2267.7,1.1017
"Mar 20, 11:00 am",2263.89,1.1017
"Mar 20, 12:00 pm",2263.91,1.1017
"Mar 20, 01:00 pm",2266.51,1.1017
"Mar 20, 02:00 pm",2263.77,1.1017
"Mar 20, 03:00 pm",2265.02,1.1017
"Mar 20, 04:00 pm",2266.38,1.1017
"Mar 20, 05:00 pm",2116.54,1.0289
"Mar 20, 06:00 pm",20.0599,0.183617
"Mar 20, 07:00 pm",8.59933,0.183617
"Mar 20, 08:00 pm",0,0.183617
"Mar 20, 09:00 pm",0,0.183617
"Mar 20, 10:00 pm",0,0.183617
"Mar 20, 11:00 pm",0,0.183617
"Mar 21, 12:00 am",0,0.183617
"Mar 21, 01:00 am",0,0.183617
"Mar 21, 02:00 am",0,0.183617
"Mar 21, 03:00 am",0,0.183617
"Mar 21, 04:00 am",0,0.183617
"Mar 21, 05:00 am",0,0.183617
"Mar 21, 06:00 am",0,0.183617
"Mar 21, 07:00 am",0,0.183617
"Mar 21, 08:00 am",0,0.295379
"Mar 21, 09:00 am",2275.44,1.1017
"Mar 21, 10:00 am",2267.59,1.1017
"Mar 21, 11:00 am",2263.73,1.1017
"Mar 21, 12:00 pm",2263.75,1.1017
"Mar 21, 01:00 pm",2266.52,1.1017
"Mar 21, 02:00 pm",2263.6,1.1017
"Mar 21, 03:00 pm",2264.89,1.1017
"Mar 21, 04:00 pm",2266.37,1.1017
"Mar 21, 05:00 pm",2110.18,1.02581
"Mar 21, 06:00 pm",17.8181,0.183617
"Mar 21, 07:00 pm",0,0.183617
"Mar 21, 08:00 pm",0,0.183617
"Mar 21, 09:00 pm",0,0.183617
"Mar 21, 10:00 pm",0,0.183617
"Mar 21, 11:00 pm",0,0.183617
"Mar 22, 12:00 am",0,0.183617
"Mar 22, 01:00 am",0,0.183617
"Mar 22, 02:00 am",0,0.183617
"Mar 22, 03:00 am",0,0.183617
"Mar 22, 04:00 am",0,0.183617
"Mar 22, 05:00 am",0,0.183617
"Mar 22, 06:00 am",0,0.183617
"Mar 22, 07:00 am",0,0.183617
"Mar 22, 08:00 am",0,0.29458
"Mar 22, 09:00 am",2265.82,1.1017
"Mar 22, 10:00 am",2267.69,1.1017
"Mar 22, 11:00 am",2263.8,1.1017
"Mar 22, 12:00 pm",2263.92,1.1017
"Mar 22, 01:00 pm",2266.47,1.1017
"Mar 22, 02:00 pm",2264.17,1.1017
"Mar 22, 03:00 pm",2265.5,1.1017
"Mar 22, 04:00 pm",2266.37,1.1017
"Mar 22, 05:00 pm",2040.32,0.991858
"Mar 22, 06:00 pm",15.8188,0.183617
"Mar 22, 07:00 pm",0,0.183617
"Mar 22, 08:00 pm",0,0.183617
"Mar 22, 09:00 pm",0,0.183617
"Mar 22, 10:00 pm",0,0.183617
"Mar 22, 11:00 pm",0,0.183617
"Mar 23, 12:00 am",0,0.183617
"Mar 23, 01:00 am",0,0.183617
"Mar 23, 02:00 am",0,0.183617
"Mar 23, 03:00 am",0,0.183617
"Mar 23, 04:00 am",0,0.183617
"Mar 23, 05:00 am",0,0.183617
"Mar 23, 06:00 am",0,0.183617
"Mar 23, 07:00 am",0,0.183617
"Mar 23, 08:00 am",0,0.289957
"Mar 23, 09:00 am",2265.66,1.1017
"Mar 23, 10:00 am",2268.01,1.1017
"Mar 23, 11:00 am",2263.78,1.1017
"Mar 23, 12:00 pm",2263.78,1.1017
"Mar 23, 01:00 pm",2266.47,1.1017
"Mar 23, 02:00 pm",2263.82,1.1017
"Mar 23, 03:00 pm",2265.13,1.1017
"Mar 23, 04:00 pm",2266.36,1.1017
"Mar 23, 05:00 pm",2055.94,0.999454
"Mar 23, 06:00 pm",14.141,0.183617
"Mar 23, 07:00 pm",0,0.183617
"Mar 23, 08:00 pm",0,0.183617
"Mar 23, 09:00 pm",0,0.183617
"Mar 23, 10:00 pm",0,0.183617
"Mar 23, 11:00 pm",0,0.183617
"Mar 24, 12:00 am",0,0.183617
"Mar 24, 01:00 am",0,0.183617
"Mar 24, 02:00 am",0,0.183617
"Mar 24, 03:00 am",0,0.183617
"Mar 24, 04:00 am",0,0.183617
"Mar 24, 05:00 am",0,0.183617
"Mar 24, 06:00 am",0,0.183617
"Mar 24, 07:00 am",0,0.183617
"Mar 24, 08:00 am",0,0.289827
"Mar 24, 09:00 am",2265.66,1.1017
"Mar 24, 10:00 am",2268.3,1.1017
"Mar 24, 11:00 am",2264.63,1.1017
"Mar 24, 12:00 pm",2264.64,1.1017
"Mar 24, 01:00 pm",2263.73,1.1017
"Mar 24, 02:00 pm",2264.67,1.1017
"Mar 24, 03:00 pm",2265.82,1.1017
"Mar 24, 04:00 pm",2266.37,1.1017
"Mar 24, 05:00 pm",1996.12,0.970377
"Mar 24, 06:00 pm",12.8375,0.183617
"Mar 24, 07:00 pm",0,0.183617
"Mar 24, 08:00 pm",0,0.183617
"Mar 24, 09:00 pm",0,0.183617
"Mar 24, 10:00 pm",0,0.183617
"Mar 24, 11:00 pm",0,0.183617
"Mar 25, 12:00 am",0,0.183617
"Mar 25, 01:00 am",0,0.183617
"Mar 25, 02:00 am",0,0.183617
"Mar 25, 03:00 am",0,0.183617
"Mar 25, 04:00 am",0,0.183617
"Mar 25, 05:00 am",0,0.183617
"Mar 25, 06:00 am",0,0.183617
"Mar 25, 07:00 am",0,0.183617
"Mar 25, 08:00 am",0,0.287676
"Mar 25, 09:00 am",2268.04,1.1017
"Mar 25, 10:00 am",2268.66,1.1017
"Mar 25, 11:00 am",2264.65,1.1017
"Mar 25, 12:00 pm",2264.69,1.1017
"Mar 25, 01:00 pm",2263.75,1.1017
"Mar 25, 02:00 pm",2264.65,1.1017
"Mar 25, 03:00 pm",2266.01,1.1017
"Mar 25, 04:00 pm",15.9363,0.183617
"Mar 25, 05:00 pm",0,0.183617
"Mar 25, 06:00 pm",0,0.183617
"Mar 25, 07:00 pm",0,0.183617
"Mar 25, 08:00 pm",0,0.183617
"Mar 25, 09:00 pm",0,0.183617
"Mar 25, 10:00 pm",0,0.183617
"Mar 25, 11:00 pm",0,0.183617
"Mar 26, 12:00 am",0,0.183617
"Mar 26, 01:00 am",0,0.183617
"Mar 26, 02:00 am",0,0.183617
"Mar 26, 03:00 am",0,0.183617
"Mar 26, 04:00 am",0,0.183617
"Mar 26, 05:00 am",0,0.183617
"Mar 26, 06:00 am",0,0.183617
"Mar 26, 07:00 am",0,0.183617
"Mar 26, 08:00 am",0,0.288879
"Mar 26, 09:00 am",2265.57,1.1017
"Mar 26, 10:00 am",2268.18,1.1017
"Mar 26, 11:00 am",2264.35,1.1017
"Mar 26, 12:00 pm",2264.43,1.1017
"Mar 26, 01:00 pm",2266.42,1.1017
"Mar 26, 02:00 pm",2264.22,1.1017
"Mar 26, 03:00 pm",2265.38,1.1017
"Mar 26, 04:00 pm",2266.35,1.1017
"Mar 26, 05:00 pm",1895.62,0.921403
"Mar 26, 06:00 pm",12.5375,0.183617
"Mar 26, 07:00 pm",0,0.183617
"Mar 26, 08:00 pm",0,0.183617
"Mar 26, 09:00 pm",0,0.183617
"Mar 26, 10:00 pm",0,0.183617
"Mar 26, 11:00 pm",0,0.183617
"Mar 27, 12:00 am",0,0.183617
"Mar 27, 01:00 am",0,0.183617
"Mar 27, 02:00 am",0,0.183617
"Mar 27, 03:00 am",0,0.183617
"Mar 27, 04:00 am",0,0.183617
"Mar 27, 05:00 am",0,0.183617
"Mar 27, 06:00 am",0,0.183617
"Mar 27, 07:00 am",0,0.183617
"Mar 27, 08:00 am",0,0.284588
"Mar 27, 09:00 am",2266.06,1.1017
"Mar 27, 10:00 am",2268.59,1.1017
"Mar 27, 11:00 am",2265.09,1.1017
"Mar 27, 12:00 pm",2265.03,1.1017
"Mar 27, 01:00 pm",18.583,0.183617
"Mar 27, 02:00 pm",0,0.183617
"Mar 27, 03:00 pm",0,0.183617
"Mar 27, 04:00 pm",0,0.183617
"Mar 27, 05:00 pm",0,0.183617
"Mar 27, 06:00 pm",0,0.183617
"Mar 27, 07:00 pm",0,0.183617
"Mar 27, 08:00 pm",0,0.183617
"Mar 27, 09:00 pm",0,0.183617
"Mar 27, 10:00 pm",0,0.183617
"Mar 27, 11:00 pm",0,0.183617
"Mar 28, 12:00 am",0,0.183617
"Mar 28, 01:00 am",0,0.183617
"Mar 28, 02:00 am",0,0.183617
"Mar 28, 03:00 am",0,0.183617
"Mar 28, 04:00 am",0,0.183617
"Mar 28, 05:00 am",0,0.183617
"Mar 28, 06:00 am",0,0.183617
"Mar 28, 07:00 am",0,0.183617
"Mar 28, 08:00 am",0,0.280456
"Mar 28, 09:00 am",1902.03,1.08167
"Mar 28, 10:00 am",2269.01,1.1017
"Mar 28, 11:00 am",2265.62,1.1017
"Mar 28, 12:00 pm",2265.46,1.1017
"Mar 28, 01:00 pm",2264.59,1.1017
"Mar 28, 02:00 pm",2265.27,1.1017
"Mar 28, 03:00 pm",2264.29,1.1017
"Mar 28, 04:00 pm",2266.38,1.1017
"Mar 28, 05:00 pm",1715.04,0.83376
"Mar 28, 06:00 pm",12.6825,0.183617
"Mar 28, 07:00 pm",0,0.183617
"Mar 28, 08:00 pm",0,0.183617
"Mar 28, 09:00 pm",0,0.183617
"Mar 28, 10:00 pm",0,0.183617
"Mar 28, 11:00 pm",0,0.183617
"Mar 29, 12:00 am",0,0.183617
"Mar 29, 01:00 am",0,0.183617
"Mar 29, 02:00 am",0,0.183617
"Mar 29, 03:00 am",0,0.183617
"Mar 29, 04:00 am",0,0.183617
"Mar 29, 05:00 am",0,0.183617
"Mar 29, 06:00 am",0,0.183617
"Mar 29, 07:00 am",0,0.183617
"Mar 29, 08:00 am",0,0.279093
"Mar 29, 09:00 am",1918.25,1.08122
"Mar 29, 10:00 am",2269,1.1017
"Mar 29, 11:00 am",2265.63,1.1017
"Mar 29, 12:00 pm",2265.44,1.1017
"Mar 29, 01:00 pm",2264.6,1.1017
"Mar 29, 02:00 pm",2265.29,1.1017
"Mar 29, 03:00 pm",2265.52,1.1017
"Mar 29, 04:00 pm",2266.41,1.1017
"Mar 29, 05:00 pm",1657.21,0.805609
"Mar 29, 06:00 pm",12.7911,0.183617
"Mar 29, 07:00 pm",0,0.183617
"Mar 29, 08:00 pm",0,0.183617
"Mar 29, 09:00 pm",0,0.183617
"Mar 29, 10:00 pm",0,0.183617
"Mar 29, 11:00 pm",0,0.183617
"Mar 30, 12:00 am",0,0.183617
"Mar 30, 01:00 am",0,0.183617
"Mar 30, 02:00 am",0,0.183617
"Mar 30, 03:00 am",0,0.183617
"Mar 30, 04:00 am",0,0.183617
"Mar 30, 05:00 am",0,0.183617
"Mar 30, 06:00 am",0,0.183617
"Mar 30, 07:00 am",0,0.183617
"Mar 30, 08:00 am",0,0.281002
"Mar 30, 09:00 am",1917.43,1.0834
"Mar 30, 10:00 am",2268.62,1.1017
"Mar 30, 11:00 am",2265.07,1.1017
"Mar 30, 12:00 pm",2265.15,1.1017
"Mar 30, 01:00 pm",2264.5,1.1017
"Mar 30, 02:00 pm",2265.37,1.1017
"Mar 30, 03:00 pm",2266.71,1.1017
"Mar 30, 04:00 pm",2266.41,1.1017
"Mar 30, 05:00 pm",1572.56,0.764423
"Mar 30, 06:00 pm",12.6279,0.183617
"Mar 30, 07:00 pm",0,0.183617
"Mar 30, 08:00 pm",0,0.183617
"Mar 30, 09:00 pm",0,0.183617
"Mar 30, 10:00 pm",0,0.183617
"Mar 30, 11:00 pm",0,0.183617
"Mar 31, 12:00 am",0,0.183617
"Mar 31, 01:00 am",0,0.183617
"Mar 31, 02:00 am",0,0.183617
"Mar 31, 03:00 am",0,0.183617
"Mar 31, 04:00 am",0,0.183617
"Mar 31, 05:00 am",0,0.183617
"Mar 31, 06:00 am",0,0.183617
"Mar 31, 07:00 am",0,0.183617
"Mar 31, 08:00 am",0,0.27297
"Mar 31, 09:00 am",1890.43,1.07702
"Mar 31, 10:00 am",2266.58,1.1017
"Mar 31, 11:00 am",2266.64,1.1017
"Mar 31, 12:00 pm",2266.66,1.1017
"Mar 31, 01:00 pm",2265.83,1.1017
"Mar 31, 02:00 pm",2266.85,1.1017
"Mar 31, 03:00 pm",2268.28,1.1017
"Mar 31, 04:00 pm",2268.92,1.1017
"Mar 31, 05:00 pm",1458.55,0.708795
"Mar 31, 06:00 pm",12.526,0.183617
"Mar 31, 07:00 pm",0,0.183617
"Mar 31, 08:00 pm",0,0.183617
"Mar 31, 09:00 pm",0,0.183617
"Mar 31, 10:00 pm",0,0.183617
"Mar 31, 11:00 pm",0,0.183617
"Apr 1, 12:00 am",0,0.183617
"Apr 1, 01:00 am",0,0.183617
"Apr 1, 02:00 am",0,0.183617
"Apr 1, 03:00 am",0,0.183617
"Apr 1, 04:00 am",0,0.183617
"Apr 1, 05:00 am",0,0.183617
"Apr 1, 06:00 am",0,0.183617
"Apr 1, 07:00 am",0,0.183617
"Apr 1, 08:00 am",0,0.183617
"Apr 1, 09:00 am",0,0.183617
"Apr 1, 10:00 am",0,0.183617
"Apr 1, 11:00 am",0,0.183617
"Apr 1, 12:00 pm",1559.33,0.795659
"Apr 1, 01:00 pm",2267.63,1.1017
"Apr 1, 02:00 pm",2268.41,1.1017
"Apr 1, 03:00 pm",2269.02,1.1017
"Apr 1, 04:00 pm",2268.6,1.1017
"Apr 1, 05:00 pm",1351.18,0.656615
"Apr 1, 06:00 pm",12.1411,0.183617
"Apr 1, 07:00 pm",0,0.183617
"Apr 1, 08:00 pm",0,0.183617
"Apr 1, 09:00 pm",0,0.183617
"Apr 1, 10:00 pm",0,0.183617
"Apr 1, 11:00 pm",0,0.183617
"Apr 2, 12:00 am",0,0.183617
"Apr 2, 01:00 am",0,0.183617
"Apr 2, 02:00 am",0,0.183617
"Apr 2, 03:00 am",0,0.183617
"Apr 2, 04:00 am",0,0.183617
"Apr 2, 05:00 am",0,0.183617
"Apr 2, 06:00 am",0,0.183617
"Apr 2, 07:00 am",0,0.183617
"Apr 2, 08:00 am",0,0.224547
"Apr 2, 09:00 am",1886.46,1.07243
"Apr 2, 10:00 am",2266.29,1.1017
"Apr 2, 11:00 am",2267.87,1.1017
"Apr 2, 12:00 pm",2267.91,1.1017
"Apr 2, 01:00 pm",2267.22,1.1017
"Apr 2, 02:00 pm",2268.3,1.1017
"Apr 2, 03:00 pm",2268.91,1.1017
"Apr 2, 04:00 pm",2268.65,1.1017
"Apr 2, 05:00 pm",1306.63,0.634918
"Apr 2, 06:00 pm",12.1719,0.183617
"Apr 2, 07:00 pm",0,0.183617
"Apr 2, 08:00 pm",0,0.183617
"Apr 2, 09:00 pm",0,0.183617
"Apr 2, 10:00 pm",0,0.183617
"Apr 2, 11:00 pm",0,0.183617
"Apr 3, 12:00 am",0,0.183617
"Apr 3, 01:00 am",0,0.183617
"Apr 3, 02:00 am",0,0.183617
"Apr 3, 03:00 am",0,0.183617
"Apr 3, 04:00 am",0,0.183617
"Apr 3, 05:00 am",0,0.183617
"Apr 3, 06:00 am",0,0.183617
"Apr 3, 07:00 am",0,0.183617
"Apr 3, 08:00 am",0,0.183617
"Apr 3, 09:00 am",1832.99,1.04161
"Apr 3, 10:00 am",15.892,0.183617
"Apr 3, 11:00 am",0,0.183617
"Apr 3, 12:00 pm",0,0.183617
"Apr 3, 01:00 pm",0,0.183617
"Apr 3, 02:00 pm",0,0.183617
"Apr 3, 03:00 pm",0,0.183617
"Apr 3, 04:00 pm",0,0.183617
"Apr 3, 05:00 pm",0,0.183617
"Apr 3, 06:00 pm",0,0.183617
"Apr 3, 07:00 pm",0,0.183617
"Apr 3, 08:00 pm",0,0.183617
"Apr 3, 09:00 pm",0,0.183617
"Apr 3, 10:00 pm",0,0.183617
"Apr 3, 11:00 pm",0,0.183617
"Apr 4, 12:00 am",0,0.183617
"Apr 4, 01:00 am",0,0.183617
"Apr 4, 02:00 am",0,0.183617
"Apr 4, 03:00 am",0,0.183617
"Apr 4, 04:00 am",0,0.183617
"Apr 4, 05:00 am",0,0.183617
"Apr 4, 06:00 am",0,0.183617
"Apr 4, 07:00 am",0,0.183617
"Apr 4, 08:00 am",0,0.183617
"Apr 4, 09:00 am",1457.94,1.00591
"Apr 4, 10:00 am",2266.25,1.1017
"Apr 4, 11:00 am",2268.86,1.1017
"Apr 4, 12:00 pm",2269.15,1.1017
"Apr 4, 01:00 pm",2268.94,1.1017
"Apr 4, 02:00 pm",2266.57,1.1017
"Apr 4, 03:00 pm",2266.33,1.1017
"Apr 4, 04:00 pm",2267.48,1.1017
"Apr 4, 05:00 pm",1144.07,0.556373
"Apr 4, 06:00 pm",11.942,0.183617
"Apr 4, 07:00 pm",0,0.183617
"Apr 4, 08:00 pm",0,0.183617
"Apr 4, 09:00 pm",0,0.183617
"Apr 4, 10:00 pm",0,0.183617
"Apr 4, 11:00 pm",0,0.183617
"Apr 5, 12:00 am",0,0.183617
"Apr 5, 01:00 am",0,0.183617
"Apr 5, 02:00 am",0,0.183617
"Apr 5, 03:00 am",0,0.183617
"Apr 5, 04:00 am",0,0.183617
"Apr 5, 05:00 am",0,0.183617
"Apr 5, 06:00 am",0,0.183617
"Apr 5, 07:00 am",0,0.183617
"Apr 5, 08:00 am",0,0.183617
"Apr 5, 09:00 am",0,0.183617
"Apr 5, 10:00 am",0,0.183617
"Apr 5, 11:00 am",1555.68,0.795659
"Apr 5, 12:00 pm",17.867,0.183617
"Apr 5, 01:00 pm",1939.68,1.1017
"Apr 5, 02:00 pm",16.5955,0.183617
"Apr 5, 03:00 pm",0,0.183617
"Apr 5, 04:00 pm",1890.29,1.0981
"Apr 5, 05:00 pm",1088.77,0.529437
"Apr 5, 06:00 pm",11.8245,0.183617
"Apr 5, 07:00 pm",0,0.183617
"Apr 5, 08:00 pm",0,0.183617
"Apr 5, 09:00 pm",0,0.183617
"Apr 5, 10:00 pm",0,0.183617
"Apr 5, 11:00 pm",0,0.183617
"Apr 6, 12:00 am",0,0.183617
"Apr 6, 01:00 am",0,0.183617
"Apr 6, 02:00 am",0,0.183617
"Apr 6, 03:00 am",0,0.183617
"Apr 6, 04:00 am",0,0.183617
"Apr 6, 05:00 am",0,0.183617
"Apr 6, 06:00 am",0,0.183617
"Apr 6, 07:00 am",0,0.183617
"Apr 6, 08:00 am",0,0.183617
"Apr 6, 09:00 am",0,0.183617
"Apr 6, 10:00 am",0,0.183617
"Apr 6, 11:00 am",1556.38,0.795659
"Apr 6, 12:00 pm",2268.85,1.1017
"Apr 6, 01:00 pm",2268.81,1.1017
"Apr 6, 02:00 pm",2266.55,1.1017
"Apr 6, 03:00 pm",2266.36,1.1017
"Apr 6, 04:00 pm",2267.43,1.1017
"Apr 6, 05:00 pm",1054.77,0.512918
"Apr 6, 06:00 pm",12.0653,0.183617
"Apr 6, 07:00 pm",0,0.183617
"Apr 6, 08:00 pm",0,0.183617
"Apr 6, 09:00 pm",0,0.183617
"Apr 6, 10:00 pm",0,0.183617
"Apr 6, 11:00 pm",0,0.183617
"Apr 7, 12:00 am",0,0.183617
"Apr 7, 01:00 am",0,0.183617
"Apr 7, 02:00 am",0,0.183617
"Apr 7, 03:00 am",0,0.183617
"Apr 7, 04:00 am",0,0.183617
"Apr 7, 05:00 am",0,0.183617
"Apr 7, 06:00 am",0,0.183617
"Apr 7, 07:00 am",0,0.183617
"Apr 7, 08:00 am",0,0.183617
"Apr 7, 09:00 am",1445.93,0.995242
"Apr 7, 10:00 am",2266.27,1.1017
"Apr 7, 11:00 am",2268.9,1.1017
"Apr 7, 12:00 pm",2269.19,1.1017
"Apr 7, 01:00 pm",2268.9,1.1017
"Apr 7, 02:00 pm",2269.17,1.1017
"Apr 7, 03:00 pm",2266.7,1.1017
"Apr 7, 04:00 pm",2267.51,1.1017
"Apr 7, 05:00 pm",1017.44,0.494751
"Apr 7, 06:00 pm",12.2639,0.183617
"Apr 7, 07:00 pm",0,0.183617
"Apr 7, 08:00 pm",0,0.183617
"Apr 7, 09:00 pm",0,0.183617
"Apr 7, 10:00 pm",0,0.183617
"Apr 7, 11:00 pm",0,0.183617
"Apr 8, 12:00 am",0,0.183617
"Apr 8, 01:00 am",0,0.183617
"Apr 8, 02:00 am",0,0.183617
"Apr 8, 03:00 am",0,0.183617
"Apr 8, 04:00 am",0,0.183617
"Apr 8, 05:00 am",0,0.183617
"Apr 8, 06:00 am",0,0.183617
"Apr 8, 07:00 am",0,0.183617
"Apr 8, 08:00 am",0,0.183617
"Apr 8, 09:00 am",1433.09,0.98876
"Apr 8, 10:00 am",2266.28,1.1017
"Apr 8, 11:00 am",2266.39,1.1017
"Apr 8, 12:00 pm",2266.42,1.1017
"Apr 8, 01:00 pm",2268.94,1.1017
"Apr 8, 02:00 pm",2266.71,1.1017
"Apr 8, 03:00 pm",2266.4,1.1017
"Apr 8, 04:00 pm",2266.88,1.1017
"Apr 8, 05:00 pm",942.846,0.458498
"Apr 8, 06:00 pm",12.2598,0.183617
"Apr 8, 07:00 pm",0,0.183617
"Apr 8, 08:00 pm",0,0.183617
"Apr 8, 09:00 pm",0,0.183617
"Apr 8, 10:00 pm",0,0.183617
"Apr 8, 11:00 pm",0,0.183617
"Apr 9, 12:00 am",0,0.183617
"Apr 9, 01:00 am",0,0.183617
"Apr 9, 02:00 am",0,0.183617
"Apr 9, 03:00 am",0,0.183617
"Apr 9, 04:00 am",0,0.183617
"Apr 9, 05:00 am",0,0.183617
"Apr 9, 06:00 am",0,0.183617
"Apr 9, 07:00 am",0,0.183617
"Apr 9, 08:00 am",0,0.183617
"Apr 9, 09:00 am",0,0.183617
"Apr 9, 10:00 am",0,0.183617
"Apr 9, 11:00 am",0,0.183617
"Apr 9, 12:00 pm",0,0.183617
"Apr 9, 01:00 pm",0,0.183617
"Apr 9, 02:00 pm",0,0.183617
"Apr 9, 03:00 pm",0,0.183617
"Apr 9, 04:00 pm",0,0.183617
"Apr 9, 05:00 pm",0,0.183617
"Apr 9, 06:00 pm",0,0.183617
"Apr 9, 07:00 pm",0,0.183617
"Apr 9, 08:00 pm",0,0.183617
"Apr 9, 09:00 pm",0,0.183617
"Apr 9, 10:00 pm",0,0.183617
"Apr 9, 11:00 pm",0,0.183617
"Apr 10, 12:00 am",0,0.183617
"Apr 10, 01:00 am",0,0.183617
"Apr 10, 02:00 am",0,0.183617
"Apr 10, 03:00 am",0,0.183617
"Apr 10, 04:00 am",0,0.183617
"Apr 10, 05:00 am",0,0.183617
"Apr 10, 06:00 am",0,0.183617
"Apr 10, 07:00 am",0,0.183617
"Apr 10, 08:00 am",0,0.183617
"Apr 10, 09:00 am",0,0.183617
"Apr 10, 10:00 am",0,0.183617
"Apr 10, 11:00 am",0,0.183617
"Apr 10, 12:00 pm",0,0.183617
"Apr 10, 01:00 pm",1547.09,0.795659
"Apr 10, 02:00 pm",2266.54,1.1017
"Apr 10, 03:00 pm",2266.27,1.1017
"Apr 10, 04:00 pm",2266.25,1.1017
"Apr 10, 05:00 pm",13.3761,0.183617
"Apr 10, 06:00 pm",0,0.183617
"Apr 10, 07:00 pm",0,0.183617
"Apr 10, 08:00 pm",0,0.183617
"Apr 10, 09:00 pm",0,0.183617
"Apr 10, 10:00 pm",0,0.183617
"Apr 10, 11:00 pm",0,0.183617
"Apr 11, 12:00 am",0,0.183617
"Apr 11, 01:00 am",0,0.183617
"Apr 11, 02:00 am",0,0.183617
"Apr 11, 03:00 am",0,0.183617
"Apr 11, 04:00 am",0,0.183617
"Apr 11, 05:00 am",0,0.183617
"Apr 11, 06:00 am",0,0.183617
"Apr 11, 07:00 am",0,0.183617
"Apr 11, 08:00 am",0,0.183617
"Apr 11, 09:00 am",2090.72,1.00958
"Apr 11, 10:00 am",2268.55,1.1017
"Apr 11, 11:00 am",2266.53,1.1017
"Apr 11, 12:00 pm",15.9799,0.183617
"Apr 11, 01:00 pm",0,0.183617
"Apr 11, 02:00 pm",0,0.183617
"Apr 11, 03:00 pm",0,0.183617
"Apr 11, 04:00 pm",0,0.183617
"Apr 11, 05:00 pm",0,0.183617
"Apr 11, 06:00 pm",0,0.183617
"Apr 11, 07:00 pm",0,0.183617
"Apr 11, 08:00 pm",0,0.183617
"Apr 11, 09:00 pm",0,0.183617
"Apr 11, 10:00 pm",0,0.183617
"Apr 11, 11:00 pm",0,0.183617
"Apr 12, 12:00 am",0,0.183617
"Apr 12, 01:00 am",0,0.183617
"Apr 12, 02:00 am",0,0.183617
"Apr 12, 03:00 am",0,0.183617
"Apr 12, 04:00 am",0,0.183617
"Apr 12, 05:00 am",0,0.183617
"Apr 12, 06:00 am",0,0.183617
"Apr 12, 07:00 am",0,0.183617
"Apr 12, 08:00 am",0,0.183617
"Apr 12, 09:00 am",2110.67,1.02034
"Apr 12, 10:00 am",2268.98,1.1017
"Apr 12, 11:00 am",2266.64,1.1017
"Apr 12, 12:00 pm",2266.35,1.1017
"Apr 12, 01:00 pm",2266.38,1.1017
"Apr 12, 02:00 pm",2266.37,1.1017
"Apr 12, 03:00 pm",2266.36,1.1017
"Apr 12, 04:00 pm",2266.57,1.1017
"Apr 12, 05:00 pm",754.197,0.36689
"Apr 12, 06:00 pm",11.9095,0.183617
"Apr 12, 07:00 pm",0,0.183617
"Apr 12, 08:00 pm",0,0.183617
"Apr 12, 09:00 pm",0,0.183617
"Apr 12, 10:00 pm",0,0.183617
"Apr 12, 11:00 pm",0,0.183617
"Apr 13, 12:00 am",0,0.183617
"Apr 13, 01:00 am",0,0.183617
"Apr 13, 02:00 am",0,0.183617
"Apr 13, 03:00 am",0,0.183617
"Apr 13, 04:00 am",0,0.183617
"Apr 13, 05:00 am",0,0.183617
"Apr 13, 06:00 am",0,0.183617
"Apr 13, 07:00 am",0,0.183617
"Apr 13, 08:00 am",0,0.183617
"Apr 13, 09:00 am",1526.2,0.79182
"Apr 13, 10:00 am",2268.93,1.1017
"Apr 13, 11:00 am",2266.59,1.1017
"Apr 13, 12:00 pm",2266.34,1.1017
"Apr 13, 01:00 pm",2266.36,1.1017
"Apr 13, 02:00 pm",2266.35,1.1017
"Apr 13, 03:00 pm",2266.35,1.1017
"Apr 13, 04:00 pm",2268.31,1.1017
"Apr 13, 05:00 pm",668.499,0.325274
"Apr 13, 06:00 pm",11.7564,0.183617
"Apr 13, 07:00 pm",0,0.183617
"Apr 13, 08:00 pm",0,0.183617
"Apr 13, 09:00 pm",0,0.183617
"Apr 13, 10:00 pm",0,0.183617
"Apr 13, 11:00 pm",0,0.183617
"Apr 14, 12:00 am",0,0.183617
"Apr 14, 01:00 am",0,0.183617
"Apr 14, 02:00 am",0,0.183617
"Apr 14, 03:00 am",0,0.183617
"Apr 14, 04:00 am",0,0.183617
"Apr 14, 05:00 am",0,0.183617
"Apr 14, 06:00 am",0,0.183617
"Apr 14, 07:00 am",0,0.183617
"Apr 14, 08:00 am",0,0.183617
"Apr 14, 09:00 am",0,0.183617
"Apr 14, 10:00 am",0,0.183617
"Apr 14, 11:00 am",0,0.183617
"Apr 14, 12:00 pm",0,0.183617
"Apr 14, 01:00 pm",0,0.183617
"Apr 14, 02:00 pm",0,0.183617
"Apr 14, 03:00 pm",0,0.183617
"Apr 14, 04:00 pm",0,0.183617
"Apr 14, 05:00 pm",0,0.183617
"Apr 14, 06:00 pm",0,0.183617
"Apr 14, 07:00 pm",0,0.183617
"Apr 14, 08:00 pm",0,0.183617
"Apr 14, 09:00 pm",0,0.183617
"Apr 14, 10:00 pm",0,0.183617
"Apr 14, 11:00 pm",0,0.183617
"Apr 15, 12:00 am",0,0.183617
"Apr 15, 01:00 am",0,0.183617
"Apr 15, 02:00 am",0,0.183617
"Apr 15, 03:00 am",0,0.183617
"Apr 15, 04:00 am",0,0.183617
"Apr 15, 05:00 am",0,0.183617
"Apr 15, 06:00 am",0,0.183617
"Apr 15, 07:00 am",0,0.183617
"Apr 15, 08:00 am",0,0.183617
"Apr 15, 09:00 am",1095.33,0.616387
"Apr 15, 10:00 am",2268.08,1.1017
"Apr 15, 11:00 am",2266.42,1.1017
"Apr 15, 12:00 pm",2266.38,1.1017
"Apr 15, 01:00 pm",2266.4,1.1017
"Apr 15, 02:00 pm",2266.39,1.1017
"Apr 15, 03:00 pm",2268.91,1.1017
"Apr 15, 04:00 pm",2267.2,1.1017
"Apr 15, 05:00 pm",577.864,0.281311
"Apr 15, 06:00 pm",11.935,0.183617
"Apr 15, 07:00 pm",0,0.183617
"Apr 15, 08:00 pm",0,0.183617
"Apr 15, 09:00 pm",0,0.183617
"Apr 15, 10:00 pm",0,0.183617
"Apr 15, 11:00 pm",0,0.183617
"Apr 16, 12:00 am",0,0.183617
"Apr 16, 01:00 am",0,0.183617
"Apr 16, 02:00 am",0,0.183617
"Apr 16, 03:00 am",0,0.183617
"Apr 16, 04:00 am",0,0.183617
"Apr 16, 05:00 am",0,0.183617
"Apr 16, 06:00 am",0,0.183617
"Apr 16, 07:00 am",0,0.183617
"Apr 16, 08:00 am",0,0.183617
"Apr 16, 09:00 am",0,0.183617
"Apr 16, 10:00 am",0,0.183617
"Apr 16, 11:00 am",0,0.183617
"Apr 16, 12:00 pm",1546.1,0.795659
"Apr 16, 01:00 pm",2266.61,1.1017
"Apr 16, 02:00 pm",2268.81,1.1017
"Apr 16, 03:00 pm",2268.83,1.1017
"Apr 16, 04:00 pm",2266.31,1.1017
"Apr 16, 05:00 pm",526.332,0.256315
"Apr 16, 06:00 pm",11.5744,0.183617
"Apr 16, 07:00 pm",0,0.183617
"Apr 16, 08:00 pm",0,0.183617
"Apr 16, 09:00 pm",0,0.183617
"Apr 16, 10:00 pm",0,0.183617
"Apr 16, 11:00 pm",0,0.183617
"Apr 17, 12:00 am",0,0.183617
"Apr 17, 01:00 am",0,0.183617
"Apr 17, 02:00 am",0,0.183617
"Apr 17, 03:00 am",0,0.183617
"Apr 17, 04:00 am",0,0.183617
"Apr 17, 05:00 am",0,0.183617
"Apr 17, 06:00 am",0,0.183617
"Apr 17, 07:00 am",0,0.183617
"Apr 17, 08:00 am",0,0.183617
"Apr 17, 09:00 am",1934.88,0.941182
"Apr 17, 10:00 am",2267.97,1.1017
"Apr 17, 11:00 am",2266.42,1.1017
"Apr 17, 12:00 pm",2266.37,1.1017
"Apr 17, 01:00 pm",2266.38,1.1017
"Apr 17, 02:00 pm",2266.38,1.1017
"Apr 17, 03:00 pm",2268.89,1.1017
"Apr 17, 04:00 pm",2266.86,1.1017
"Apr 17, 05:00 pm",509.035,0.247897
"Apr 17, 06:00 pm",11.7469,0.183617
"Apr 17, 07:00 pm",0,0.183617
"Apr 17, 08:00 pm",0,0.183617
"Apr 17, 09:00 pm",0,0.183617
"Apr 17, 10:00 pm",0,0.183617
"Apr 17, 11:00 pm",0,0.183617
"Apr 18, 12:00 am",0,0.183617
"Apr 18, 01:00 am",0,0.183617
"Apr 18, 02:00 am",0,0.183617
"Apr 18, 03:00 am",0,0.183617
"Apr 18, 04:00 am",0,0.183617
"Apr 18, 05:00 am",0,0.183617
"Apr 18, 06:00 am",0,0.183617
"Apr 18, 07:00 am",0,0.183617
"Apr 18, 08:00 am",0,0.183617
"Apr 18, 09:00 am",1936.86,0.94215
"Apr 18, 10:00 am",2268.01,1.1017
"Apr 18, 11:00 am",2266.43,1.1017
"Apr 18, 12:00 pm",2266.35,1.1017
"Apr 18, 01:00 pm",2266.37,1.1017
"Apr 18, 02:00 pm",2266.36,1.1017
"Apr 18, 03:00 pm",2268.8,1.1017
"Apr 18, 04:00 pm",2266.46,1.1017
"Apr 18, 05:00 pm",467.993,0.227983
"Apr 18, 06:00 pm",11.6296,0.183617
"Apr 18, 07:00 pm",0,0.183617
"Apr 18, 08:00 pm",0,0.183617
"Apr 18, 09:00 pm",0,0.183617
"Apr 18, 10:00 pm",0,0.183617
"Apr 18, 11:00 pm",0,0.183617
"Apr 19, 12:00 am",0,0.183617
"Apr 19, 01:00 am",0,0.183617
"Apr 19, 02:00 am",0,0.183617
"Apr 19, 03:00 am",0,0.183617
"Apr 19, 04:00 am",0,0.183617
"Apr 19, 05:00 am",0,0.183617
"Apr 19, 06:00 am",0,0.183617
"Apr 19, 07:00 am",0,0.183617
"Apr 19, 08:00 am",0,0.183617
"Apr 19, 09:00 am",1555.44,0.879418
"Apr 19, 10:00 am",2267.12,1.1017
"Apr 19, 11:00 am",2268.66,1.1017
"Apr 19, 12:00 pm",2268.9,1.1017
"Apr 19, 01:00 pm",2268.92,1.1017
"Apr 19, 02:00 pm",2268.75,1.1017
"Apr 19, 03:00 pm",2268.47,1.1017
"Apr 19, 04:00 pm",2225.99,1.08196
"Apr 19, 05:00 pm",416.797,0.203167
"Apr 19, 06:00 pm",11.5118,0.183617
"Apr 19, 07:00 pm",0,0.183617
"Apr 19, 08:00 pm",0,0.183617
"Apr 19, 09:00 pm",0,0.183617
"Apr 19, 10:00 pm",0,0.183617
"Apr 19, 11:00 pm",0,0.183617
"Apr 20, 12:00 am",0,0.183617
"Apr 20, 01:00 am",0,0.183617
"Apr 20, 02:00 am",0,0.183617
"Apr 20, 03:00 am",0,0.183617
"Apr 20, 04:00 am",0,0.183617
"Apr 20, 05:00 am",0,0.183617
"Apr 20, 06:00 am",0,0.183617
"Apr 20, 07:00 am",0,0.183617
"Apr 20, 08:00 am",0,0.183617
"Apr 20, 09:00 am",1615.84,0.906065
"Apr 20, 10:00 am",2267.75,1.1017
"Apr 20, 11:00 am",2268.9,1.1017
"Apr 20, 12:00 pm",2269.2,1.1017
"Apr 20, 01:00 pm",2266.55,1.1017
"Apr 20, 02:00 pm",2268.74,1.1017
"Apr 20, 03:00 pm",2268.79,1.1017
"Apr 20, 04:00 pm",2255.89,1.0965
"Apr 20, 05:00 pm",394.223,0.192185
"Apr 20, 06:00 pm",11.4028,0.183617
"Apr 20, 07:00 pm",0,0.183617
"Apr 20, 08:00 pm",0,0.183617
"Apr 20, 09:00 pm",0,0.183617
"Apr 20, 10:00 pm",0,0.183617
"Apr 20, 11:00 pm",0,0.183617
"Apr 21, 12:00 am",0,0.183617
"Apr 21, 01:00 am",0,0.183617
"Apr 21, 02:00 am",0,0.183617
"Apr 21, 03:00 am",0,0.183617
"Apr 21, 04:00 am",0,0.183617
"Apr 21, 05:00 am",0,0.183617
"Apr 21, 06:00 am",0,0.183617
"Apr 21, 07:00 am",0,0.183617
"Apr 21, 08:00 am",0,0.183617
"Apr 21, 09:00 am",1574.71,0.891789
"Apr 21, 10:00 am",15.03,0.183617
"Apr 21, 11:00 am",1910.57,1.1017
"Apr 21, 12:00 pm",15.7304,0.183617
"Apr 21, 01:00 pm",0,0.183617
"Apr 21, 02:00 pm",0,0.183617
"Apr 21, 03:00 pm",0,0.183617
"Apr 21, 04:00 pm",0,0.183617
"Apr 21, 05:00 pm",0,0.183617
"Apr 21, 06:00 pm",0,0.183617
"Apr 21, 07:00 pm",0,0.183617
"Apr 21, 08:00 pm",0,0.183617
"Apr 21, 09:00 pm",0,0.183617
"Apr 21, 10:00 pm",0,0.183617
"Apr 21, 11:00 pm",0,0.183617
"Apr 22, 12:00 am",0,0.183617
"Apr 22, 01:00 am",0,0.183617
"Apr 22, 02:00 am",0,0.183617
"Apr 22, 03:00 am",0,0.183617
"Apr 22, 04:00 am",0,0.183617
"Apr 22, 05:00 am",0,0.183617
"Apr 22, 06:00 am",0,0.183617
"Apr 22, 07:00 am",0,0.183617
"Apr 22, 08:00 am",0,0.183617
"Apr 22, 09:00 am",0,0.183617
"Apr 22, 10:00 am",0,0.183617
"Apr 22, 11:00 am",0,0.183617
"Apr 22, 12:00 pm",0,0.183617
"Apr 22, 01:00 pm",0,0.183617
"Apr 22, 02:00 pm",0,0.183617
"Apr 22, 03:00 pm",0,0.183617
"Apr 22, 04:00 pm",0,0.183617
"Apr 22, 05:00 pm",0,0.183617
"Apr 22, 06:00 pm",0,0.183617
"Apr 22, 07:00 pm",0,0.183617
"Apr 22, 08:00 pm",0,0.183617
"Apr 22, 09:00 pm",0,0.183617
"Apr 22, 10:00 pm",0,0.183617
"Apr 22, 11:00 pm",0,0.183617
"Apr 23, 12:00 am",0,0.183617
"Apr 23, 01:00 am",0,0.183617
"Apr 23, 02:00 am",0,0.183617
"Apr 23, 03:00 am",0,0.183617
"Apr 23, 04:00 am",0,0.183617
"Apr 23, 05:00 am",0,0.183617
"Apr 23, 06:00 am",0,0.183617
"Apr 23, 07:00 am",0,0.183617
"Apr 23, 08:00 am",0,0.183617
"Apr 23, 09:00 am",0,0.183617
"Apr 23, 10:00 am",0,0.183617
"Apr 23, 11:00 am",0,0.183617
"Apr 23, 12:00 pm",0,0.183617
"Apr 23, 01:00 pm",0,0.183617
"Apr 23, 02:00 pm",0,0.183617
"Apr 23, 03:00 pm",0,0.183617
"Apr 23, 04:00 pm",0,0.183617
"Apr 23, 05:00 pm",0,0.183617
"Apr 23, 06:00 pm",0,0.183617
"Apr 23, 07:00 pm",0,0.183617
"Apr 23, 08:00 pm",0,0.183617
"Apr 23, 09:00 pm",0,0.183617
"Apr 23, 10:00 pm",0,0.183617
"Apr 23, 11:00 pm",0,0.183617
"Apr 24, 12:00 am",0,0.183617
"Apr 24, 01:00 am",0,0.183617
"Apr 24, 02:00 am",0,0.183617
"Apr 24, 03:00 am",0,0.183617
"Apr 24, 04:00 am",0,0.183617
"Apr 24, 05:00 am",0,0.183617
"Apr 24, 06:00 am",0,0.183617
"Apr 24, 07:00 am",0,0.183617
"Apr 24, 08:00 am",0,0.183617
"Apr 24, 09:00 am",1449.56,0.826688
"Apr 24, 10:00 am",2266.34,1.1017
"Apr 24, 11:00 am",2268.1,1.1017
"Apr 24, 12:00 pm",2268.16,1.1017
"Apr 24, 01:00 pm",2268.16,1.1017
"Apr 24, 02:00 pm",2268.14,1.1017
"Apr 24, 03:00 pm",2267.85,1.1017
"Apr 24, 04:00 pm",2113.94,1.02768
"Apr 24, 05:00 pm",257.401,0.183617
"Apr 24, 06:00 pm",10.8353,0.183617
"Apr 24, 07:00 pm",0,0.183617
"Apr 24, 08:00 pm",0,0.183617
"Apr 24, 09:00 pm",0,0.183617
"Apr 24, 10:00 pm",0,0.183617
"Apr 24, 11:00 pm",0,0.183617
"Apr 25, 12:00 am",0,0.183617
"Apr 25, 01:00 am",0,0.183617
"Apr 25, 02:00 am",0,0.183617
"Apr 25, 03:00 am",0,0.183617
"Apr 25, 04:00 am",0,0.183617
"Apr 25, 05:00 am",0,0.183617
"Apr 25, 06:00 am",0,0.183617
"Apr 25, 07:00 am",0,0.183617
"Apr 25, 08:00 am",0,0.183617
"Apr 25, 09:00 am",1449.75,0.826436
"Apr 25, 10:00 am",2266.27,1.1017
"Apr 25, 11:00 am",2267.93,1.1017
"Apr 25, 12:00 pm",2267.95,1.1017
"Apr 25, 01:00 pm",2267.96,1.1017
"Apr 25, 02:00 pm",2267.96,1.1017
"Apr 25, 03:00 pm",2267.64,1.1017
"Apr 25, 04:00 pm",2084.95,1.01359
"Apr 25, 05:00 pm",229.286,0.183617
"Apr 25, 06:00 pm",10.9894,0.183617
"Apr 25, 07:00 pm",0,0.183617
"Apr 25, 08:00 pm",0,0.183617
"Apr 25, 09:00 pm",0,0.183617
"Apr 25, 10:00 pm",0,0.183617
"Apr 25, 11:00 pm",0,0.183617
"Apr 26, 12:00 am",0,0.183617
"Apr 26, 01:00 am",0,0.183617
"Apr 26, 02:00 am",0,0.183617
"Apr 26, 03:00 am",0,0.183617
"Apr 26, 04:00 am",0,0.183617
"Apr 26, 05:00 am",0,0.183617
"Apr 26, 06:00 am",0,0.183617
"Apr 26, 07:00 am",0,0.183617
"Apr 26, 08:00 am",0,0.183617
"Apr 26, 09:00 am",1466.92,0.836291
"Apr 26, 10:00 am",2266.44,1.1017
"Apr 26, 11:00 am",2268.25,1.1017
"Apr 26, 12:00 pm",2268.37,1.1017
"Apr 26, 01:00 pm",2268.39,1.1017
"Apr 26, 02:00 pm",2268.4,1.1017
"Apr 26, 03:00 pm",2268.23,1.1017
"Apr 26, 04:00 pm",2121.47,1.03128
"Apr 26, 05:00 pm",216.491,0.183617
"Apr 26, 06:00 pm",11.3148,0.183617
"Apr 26, 07:00 pm",0,0.183617
"Apr 26, 08:00 pm",0,0.183617
"Apr 26, 09:00 pm",0,0.183617
"Apr 26, 10:00 pm",0,0.183617
"Apr 26, 11:00 pm",0,0.183617
"Apr 27, 12:00 am",0,0.183617
"Apr 27, 01:00 am",0,0.183617
"Apr 27, 02:00 am",0,0.183617
"Apr 27, 03:00 am",0,0.183617
"Apr 27, 04:00 am",0,0.183617
"Apr 27, 05:00 am",0,0.183617
"Apr 27, 06:00 am",0,0.183617
"Apr 27, 07:00 am",0,0.183617
"Apr 27, 08:00 am",0,0.183617
"Apr 27, 09:00 am",1469.69,0.837705
"Apr 27, 10:00 am",2266.47,1.1017
"Apr 27, 11:00 am",2268.23,1.1017
"Apr 27, 12:00 pm",2268.33,1.1017
"Apr 27, 01:00 pm",2268.35,1.1017
"Apr 27, 02:00 pm",2268.2,1.1017
"Apr 27, 03:00 pm",2268.15,1.1017
"Apr 27, 04:00 pm",2094.26,1.01805
"Apr 27, 05:00 pm",192.517,0.183617
"Apr 27, 06:00 pm",11.6273,0.183617
"Apr 27, 07:00 pm",0,0.183617
"Apr 27, 08:00 pm",0,0.183617
"Apr 27, 09:00 pm",0,0.183617
"Apr 27, 10:00 pm",0,0.183617
"Apr 27, 11:00 pm",0,0.183617
"Apr 28, 12:00 am",0,0.183617
"Apr 28, 01:00 am",0,0.183617
"Apr 28, 02:00 am",0,0.183617
"Apr 28, 03:00 am",0,0.183617
"Apr 28, 04:00 am",0,0.183617
"Apr 28, 05:00 am",0,0.183617
"Apr 28, 06:00 am",0,0.183617
"Apr 28, 07:00 am",0,0.183617
"Apr 28, 08:00 am",0,0.183617
"Apr 28, 09:00 am",0,0.183617
"Apr 28, 10:00 am",0,0.183617
"Apr 28, 11:00 am",1536.01,0.795659
"Apr 28, 12:00 pm",2267.63,1.1017
"Apr 28, 01:00 pm",2267.63,1.1017
"Apr 28, 02:00 pm",2267.35,1.1017
"Apr 28, 03:00 pm",2267.2,1.1017
"Apr 28, 04:00 pm",2002.62,0.973557
"Apr 28, 05:00 pm",154.566,0.183617
"Apr 28, 06:00 pm",11.1762,0.183617
"Apr 28, 07:00 pm",0,0.183617
"Apr 28, 08:00 pm",0,0.183617
"Apr 28, 09:00 pm",0,0.183617
"Apr 28, 10:00 pm",0,0.183617
"Apr 28, 11:00 pm",0,0.183617
"Apr 29, 12:00 am",0,0.183617
"Apr 29, 01:00 am",0,0.183617
"Apr 29, 02:00 am",0,0.183617
"Apr 29, 03:00 am",0,0.183617
"Apr 29, 04:00 am",0,0.183617
"Apr 29, 05:00 am",0,0.183617
"Apr 29, 06:00 am",0,0.183617
"Apr 29, 07:00 am",0,0.183617
"Apr 29, 08:00 am",0,0.183617
"Apr 29, 09:00 am",1348.16,0.770514
"Apr 29, 10:00 am",2268.27,1.1017
"Apr 29, 11:00 am",15.3841,0.183617
"Apr 29, 12:00 pm",1892.28,1.09345
"Apr 29, 01:00 pm",2266.66,1.1017
"Apr 29, 02:00 pm",2266.65,1.1017
"Apr 29, 03:00 pm",2266.64,1.1017
"Apr 29, 04:00 pm",1907.02,0.927033
"Apr 29, 05:00 pm",123.417,0.183617
"Apr 29, 06:00 pm",11.0633,0.183617
"Apr 29, 07:00 pm",0,0.183617
"Apr 29, 08:00 pm",0,0.183617
"Apr 29, 09:00 pm",0,0.183617
"Apr 29, 10:00 pm",0,0.183617
"Apr 29, 11:00 pm",0,0.183617
"Apr 30, 12:00 am",0,0.183617
"Apr 30, 01:00 am",0,0.183617
"Apr 30, 02:00 am",0,0.183617
"Apr 30, 03:00 am",0,0.183617
"Apr 30, 04:00 am",0,0.183617
"Apr 30, 05:00 am",0,0.183617
"Apr 30, 06:00 am",0,0.183617
"Apr 30, 07:00 am",0,0.183617
"Apr 30, 08:00 am",0,0.183617
"Apr 30, 09:00 am",0,0.183617
"Apr 30, 10:00 am",0,0.183617
"Apr 30, 11:00 am",0,0.183617
"Apr 30, 12:00 pm",0,0.183617
"Apr 30, 01:00 pm",0,0.183617
"Apr 30, 02:00 pm",0,0.183617
"Apr 30, 03:00 pm",0,0.183617
"Apr 30, 04:00 pm",1150.12,0.638516
"Apr 30, 05:00 pm",103.537,0.183617
"Apr 30, 06:00 pm",10.876,0.183617
"Apr 30, 07:00 pm",0,0.183617
"Apr 30, 08:00 pm",0,0.183617
"Apr 30, 09:00 pm",0,0.183617
"Apr 30, 10:00 pm",0,0.183617
"Apr 30, 11:00 pm",0,0.183617
"May 1, 12:00 am",0,0.183617
"May 1, 01:00 am",0,0.183617
"May 1, 02:00 am",0,0.183617
"May 1, 03:00 am",0,0.183617
"May 1, 04:00 am",0,0.183617
"May 1, 05:00 am",0,0.183617
"May 1, 06:00 am",0,0.183617
"May 1, 07:00 am",0,0.183617
"May 1, 08:00 am",0,0.183617
"May 1, 09:00 am",1319.39,0.753922
"May 1, 10:00 am",2268.17,1.1017
"May 1, 11:00 am",2266.87,1.1017
"May 1, 12:00 pm",2266.73,1.1017
"May 1, 01:00 pm",2266.75,1.1017
"May 1, 02:00 pm",2266.74,1.1017
"May 1, 03:00 pm",2266.73,1.1017
"May 1, 04:00 pm",1892.52,0.919871
"May 1, 05:00 pm",91.4927,0.183617
"May 1, 06:00 pm",11.3158,0.183617
"May 1, 07:00 pm",0,0.183617
"May 1, 08:00 pm",0,0.183617
"May 1, 09:00 pm",0,0.183617
"May 1, 10:00 pm",0,0.183617
"May 1, 11:00 pm",0,0.183617
"May 2, 12:00 am",0,0.183617
"May 2, 01:00 am",0,0.183617
"May 2, 02:00 am",0,0.183617
"May 2, 03:00 am",0,0.183617
"May 2, 04:00 am",0,0.183617
"May 2, 05:00 am",0,0.183617
"May 2, 06:00 am",0,0.183617
"May 2, 07:00 am",0,0.183617
"May 2, 08:00 am",0,0.183617
"May 2, 09:00 am",0,0.183617
"May 2, 10:00 am",0,0.183617
"May 2, 11:00 am",1528.15,0.795659
"May 2, 12:00 pm",2266.53,1.1017
"May 2, 01:00 pm",2266.54,1.1017
"May 2, 02:00 pm",2266.55,1.1017
"May 2, 03:00 pm",2266.54,1.1017
"May 2, 04:00 pm",1848.45,0.898131
"May 2, 05:00 pm",71.2533,0.183617
"May 2, 06:00 pm",11.263,0.183617
"May 2, 07:00 pm",0,0.183617
"May 2, 08:00 pm",0,0.183617
"May 2, 09:00 pm",0,0.183617
"May 2, 10:00 pm",0,0.183617
"May 2, 11:00 pm",0,0.183617
"May 3, 12:00 am",0,0.183617
"May 3, 01:00 am",0,0.183617
"May 3, 02:00 am",0,0.183617
"May 3, 03:00 am",0,0.183617
"May 3, 04:00 am",0,0.183617
"May 3, 05:00 am",0,0.183617
"May 3, 06:00 am",0,0.183617
"May 3, 07:00 am",0,0.183617
"May 3, 08:00 am",0,0.183617
"May 3, 09:00 am",1004.36,0.701261
"May 3, 10:00 am",2265.9,1.1017
"May 3, 11:00 am",2266.4,1.1017
"May 3, 12:00 pm",2266.43,1.1017
"May 3, 01:00 pm",2266.42,1.1017
"May 3, 02:00 pm",2266.42,1.1017
"May 3, 03:00 pm",2266.41,1.1017
"May 3, 04:00 pm",1800.6,0.874617
"May 3, 05:00 pm",53.3857,0.183617
"May 3, 06:00 pm",11.215,0.183617
"May 3, 07:00 pm",0,0.183617
"May 3, 08:00 pm",0,0.183617
"May 3, 09:00 pm",0,0.183617
"May 3, 10:00 pm",0,0.183617
"May 3, 11:00 pm",0,0.183617
"May 4, 12:00 am",0,0.183617
"May 4, 01:00 am",0,0.183617
"May 4, 02:00 am",0,0.183617
"May 4, 03:00 am",0,0.183617
"May 4, 04:00 am",0,0.183617
"May 4, 05:00 am",0,0.183617
"May 4, 06:00 am",0,0.183617
"May 4, 07:00 am",0,0.183617
"May 4, 08:00 am",0,0.183617
"May 4, 09:00 am",722.773,0.441908
"May 4, 10:00 am",2265.9,1.1017
"May 4, 11:00 am",2268.25,1.1017
"May 4, 12:00 pm",15.3634,0.183617
"May 4, 01:00 pm",1888.65,1.08241
"May 4, 02:00 pm",2267.81,1.1017
"May 4, 03:00 pm",15.2701,0.183617
"May 4, 04:00 pm",0,0.183617
"May 4, 05:00 pm",0,0.183617
"May 4, 06:00 pm",0,0.183617
"May 4, 07:00 pm",0,0.183617
"May 4, 08:00 pm",0,0.183617
"May 4, 09:00 pm",0,0.183617
"May 4, 10:00 pm",0,0.183617
"May 4, 11:00 pm",0,0.183617
"May 5, 12:00 am",0,0.183617
"May 5, 01:00 am",0,0.183617
"May 5, 02:00 am",0,0.183617
"May 5, 03:00 am",0,0.183617
"May 5, 04:00 am",0,0.183617
"May 5, 05:00 am",0,0.183617
"May 5, 06:00 am",0,0.183617
"May 5, 07:00 am",0,0.183617
"May 5, 08:00 am",0,0.183617
"May 5, 09:00 am",0,0.183617
"May 5, 10:00 am",0,0.183617
"May 5, 11:00 am",0,0.183617
"May 5, 12:00 pm",0,0.183617
"May 5, 01:00 pm",0,0.183617
"May 5, 02:00 pm",0,0.183617
"May 5, 03:00 pm",1527.19,0.795659
"May 5, 04:00 pm",1760.94,0.856065
"May 5, 05:00 pm",26.6387,0.183617
"May 5, 06:00 pm",10.8243,0.183617
"May 5, 07:00 pm",0,0.183617
"May 5, 08:00 pm",0,0.183617
"May 5, 09:00 pm",0,0.183617
"May 5, 10:00 pm",0,0.183617
"May 5, 11:00 pm",0,0.183617
"May 6, 12:00 am",0,0.183617
"May 6, 01:00 am",0,0.183617
"May 6, 02:00 am",0,0.183617
"May 6, 03:00 am",0,0.183617
"May 6, 04:00 am",0,0.183617
"May 6, 05:00 am",0,0.183617
"May 6, 06:00 am",0,0.183617
"May 6, 07:00 am",0,0.183617
"May 6, 08:00 am",0,0.183617
"May 6, 09:00 am",759.754,0.459183
"May 6, 10:00 am",2266.43,1.1017
"May 6, 11:00 am",2266.53,1.1017
"May 6, 12:00 pm",2266.55,1.1017
"May 6, 01:00 pm",2266.57,1.1017
"May 6, 02:00 pm",2266.57,1.1017
"May 6, 03:00 pm",2266.55,1.1017
"May 6, 04:00 pm",1804.79,0.876678
"May 6, 05:00 pm",23.4408,0.183617
"May 6, 06:00 pm",11.2014,0.183617
"May 6, 07:00 pm",0,0.183617
"May 6, 08:00 pm",0,0.183617
"May 6, 09:00 pm",0,0.183617
"May 6, 10:00 pm",0,0.183617
"May 6, 11:00 pm",0,0.183617
"May 7, 12:00 am",0,0.183617
"May 7, 01:00 am",0,0.183617
"May 7, 02:00 am",0,0.183617
"May 7, 03:00 am",0,0.183617
"May 7, 04:00 am",0,0.183617
"May 7, 05:00 am",0,0.183617
"May 7, 06:00 am",0,0.183617
"May 7, 07:00 am",0,0.183617
"May 7, 08:00 am",0,0.183617
"May 7, 09:00 am",984.381,0.68876
"May 7, 10:00 am",2265.89,1.1017
"May 7, 11:00 am",2266.41,1.1017
"May 7, 12:00 pm",2266.44,1.1017
"May 7, 01:00 pm",2266.46,1.1017
"May 7, 02:00 pm",2266.48,1.1017
"May 7, 03:00 pm",2266.47,1.1017
"May 7, 04:00 pm",1797.29,0.872975
"May 7, 05:00 pm",21.3211,0.183617
"May 7, 06:00 pm",10.0291,0.183617
"May 7, 07:00 pm",0,0.183617
"May 7, 08:00 pm",0,0.183617
"May 7, 09:00 pm",0,0.183617
"May 7, 10:00 pm",0,0.183617
"May 7, 11:00 pm",0,0.183617
"May 8, 12:00 am",0,0.183617
"May 8, 01:00 am",0,0.183617
"May 8, 02:00 am",0,0.183617
"May 8, 03:00 am",0,0.183617
"May 8, 04:00 am",0,0.183617
"May 8, 05:00 am",0,0.183617
"May 8, 06:00 am",0,0.183617
"May 8, 07:00 am",0,0.183617
"May 8, 08:00 am",0,0.183617
"May 8, 09:00 am",986.003,0.689904
"May 8, 10:00 am",2266.11,1.1017
"May 8, 11:00 am",2266.53,1.1017
"May 8, 12:00 pm",2266.55,1.1017
"May 8, 01:00 pm",2266.57,1.1017
"May 8, 02:00 pm",2266.58,1.1017
"May 8, 03:00 pm",2266.57,1.1017
"May 8, 04:00 pm",1796.9,0.872782
"May 8, 05:00 pm",20.0483,0.183617
"May 8, 06:00 pm",8.35438,0.183617
"May 8, 07:00 pm",0,0.183617
"May 8, 08:00 pm",0,0.183617
"May 8, 09:00 pm",0,0.183617
"May 8, 10:00 pm",0,0.183617
"May 8, 11:00 pm",0,0.183617
"May 9, 12:00 am",0,0.183617
"May 9, 01:00 am",0,0.183617
"May 9, 02:00 am",0,0.183617
"May 9, 03:00 am",0,0.183617
"May 9, 04:00 am",0,0.183617
"May 9, 05:00 am",0,0.183617
"May 9, 06:00 am",0,0.183617
"May 9, 07:00 am",0,0.183617
"May 9, 08:00 am",0,0.183617
"May 9, 09:00 am",962.491,0.674668
"May 9, 10:00 am",2265.66,1.1017
"May 9, 11:00 am",2266.38,1.1017
"May 9, 12:00 pm",2266.41,1.1017
"May 9, 01:00 pm",2268.7,1.1017
"May 9, 02:00 pm",2268.67,1.1017
"May 9, 03:00 pm",2268.6,1.1017
"May 9, 04:00 pm",1746.49,0.849012
"May 9, 05:00 pm",18.0533,0.183617
"May 9, 06:00 pm",0,0.183617
"May 9, 07:00 pm",0,0.183617
"May 9, 08:00 pm",0,0.183617
"May 9, 09:00 pm",0,0.183617
"May 9, 10:00 pm",0,0.183617
"May 9, 11:00 pm",0,0.183617
"May 10, 12:00 am",0,0.183617
"May 10, 01:00 am",0,0.183617
"May 10, 02:00 am",0,0.183617
"May 10, 03:00 am",0,0.183617
"May 10, 04:00 am",0,0.183617
"May 10, 05:00 am",0,0.183617
"May 10, 06:00 am",0,0.183617
"May 10, 07:00 am",0,0.183617
"May 10, 08:00 am",0,0.183617
"May 10, 09:00 am",941.362,0.661196
"May 10, 10:00 am",2265.53,1.1017
"May 10, 11:00 am",2268.44,1.1017
"May 10, 12:00 pm",2268.23,1.1017
"May 10, 01:00 pm",2268.14,1.1017
"May 10, 02:00 pm",2268.13,1.1017
"May 10, 03:00 pm",2268.12,1.1017
"May 10, 04:00 pm",1729.14,0.840609
"May 10, 05:00 pm",17.0556,0.183617
"May 10, 06:00 pm",0,0.183617
"May 10, 07:00 pm",0,0.183617
"May 10, 08:00 pm",0,0.183617
"May 10, 09:00 pm",0,0.183617
"May 10, 10:00 pm",0,0.183617
"May 10, 11:00 pm",0,0.183617
"May 11, 12:00 am",0,0.183617
"May 11, 01:00 am",0,0.183617
"May 11, 02:00 am",0,0.183617
"May 11, 03:00 am",0,0.183617
"May 11, 04:00 am",0,0.183617
"May 11, 05:00 am",0,0.183617
"May 11, 06:00 am",0,0.183617
"May 11, 07:00 am",0,0.183617
"May 11, 08:00 am",0,0.183617
"May 11, 09:00 am",916.678,0.646002
"May 11, 10:00 am",2267.91,1.1017
"May 11, 11:00 am",2268.14,1.1017
"May 11, 12:00 pm",2267.42,1.1017
"May 11, 01:00 pm",2267.25,1.1017
"May 11, 02:00 pm",2267.15,1.1017
"May 11, 03:00 pm",2267.14,1.1017
"May 11, 04:00 pm",1684.09,0.818713
"May 11, 05:00 pm",15.8068,0.183617
"May 11, 06:00 pm",0,0.183617
"May 11, 07:00 pm",0,0.183617
"May 11, 08:00 pm",0,0.183617
"May 11, 09:00 pm",0,0.183617
"May 11, 10:00 pm",0,0.183617
"May 11, 11:00 pm",0,0.183617
"May 12, 12:00 am",0,0.183617
"May 12, 01:00 am",0,0.183617
"May 12, 02:00 am",0,0.183617
"May 12, 03:00 am",0,0.183617
"May 12, 04:00 am",0,0.183617
"May 12, 05:00 am",0,0.183617
"May 12, 06:00 am",0,0.183617
"May 12, 07:00 am",0,0.183617
"May 12, 08:00 am",0,0.183617
"May 12, 09:00 am",668.706,0.417209
"May 12, 10:00 am",13.9194,0.183617
"May 12, 11:00 am",0,0.183617
"May 12, 12:00 pm",1890.48,1.07734
"May 12, 01:00 pm",2266.72,1.1017
"May 12, 02:00 pm",2266.41,1.1017
"May 12, 03:00 pm",2266.4,1.1017
"May 12, 04:00 pm",1658.77,0.806419
"May 12, 05:00 pm",14.4418,0.183617
"May 12, 06:00 pm",0,0.183617
"May 12, 07:00 pm",0,0.183617
"May 12, 08:00 pm",0,0.183617
"May 12, 09:00 pm",0,0.183617
"May 12, 10:00 pm",0,0.183617
"May 12, 11:00 pm",0,0.183617
"May 13, 12:00 am",0,0.183617
"May 13, 01:00 am",0,0.183617
"May 13, 02:00 am",0,0.183617
"May 13, 03:00 am",0,0.183617
"May 13, 04:00 am",0,0.183617
"May 13, 05:00 am",0,0.183617
"May 13, 06:00 am",0,0.183617
"May 13, 07:00 am",0,0.183617
"May 13, 08:00 am",0,0.183617
"May 13, 09:00 am",910.419,0.504143
"May 13, 10:00 am",2263.03,1.1017
"May 13, 11:00 am",2267.64,1.1017
"May 13, 12:00 pm",2266.79,1.1017
"May 13, 01:00 pm",2266.46,1.1017
"May 13, 02:00 pm",2266.45,1.1017
"May 13, 03:00 pm",2266.25,1.1017
"May 13, 04:00 pm",1636.23,0.795448
"May 13, 05:00 pm",13.7145,0.183617
"May 13, 06:00 pm",0,0.183617
"May 13, 07:00 pm",0,0.183617
"May 13, 08:00 pm",0,0.183617
"May 13, 09:00 pm",0,0.183617
"May 13, 10:00 pm",0,0.183617
"May 13, 11:00 pm",0,0.183617
"May 14, 12:00 am",0,0.183617
"May 14, 01:00 am",0,0.183617
"May 14, 02:00 am",0,0.183617
"May 14, 03:00 am",0,0.183617
"May 14, 04:00 am",0,0.183617
"May 14, 05:00 am",0,0.183617
"May 14, 06:00 am",0,0.183617
"May 14, 07:00 am",0,0.183617
"May 14, 08:00 am",0,0.183617
"May 14, 09:00 am",0,0.183617
"May 14, 10:00 am",0,0.183617
"May 14, 11:00 am",1519.15,0.795659
"May 14, 12:00 pm",2266.01,1.1017
"May 14, 01:00 pm",2266.02,1.1017
"May 14, 02:00 pm",2266.02,1.1017
"May 14, 03:00 pm",2266.02,1.1017
"May 14, 04:00 pm",1591.77,0.773823
"May 14, 05:00 pm",12.7238,0.183617
"May 14, 06:00 pm",0,0.183617
"May 14, 07:00 pm",0,0.183617
"May 14, 08:00 pm",0,0.183617
"May 14, 09:00 pm",0,0.183617
"May 14, 10:00 pm",0,0.183617
"May 14, 11:00 pm",0,0.183617
"May 15, 12:00 am",0,0.183617
"May 15, 01:00 am",0,0.183617
"May 15, 02:00 am",0,0.183617
"May 15, 03:00 am",0,0.183617
"May 15, 04:00 am",0,0.183617
"May 15, 05:00 am",0,0.183617
"May 15, 06:00 am",0,0.183617
"May 15, 07:00 am",0,0.183617
"May 15, 08:00 am",0,0.183617
"May 15, 09:00 am",0,0.183617
"May 15, 10:00 am",0,0.183617
"May 15, 11:00 am",0,0.183617
"May 15, 12:00 pm",1516.04,0.795659
"May 15, 01:00 pm",14.9042,0.183617
"May 15, 02:00 pm",0,0.183617
"May 15, 03:00 pm",0,0.183617
"May 15, 04:00 pm",0,0.183617
"May 15, 05:00 pm",0,0.183617
"May 15, 06:00 pm",0,0.183617
"May 15, 07:00 pm",0,0.183617
"May 15, 08:00 pm",0,0.183617
"May 15, 09:00 pm",0,0.183617
"May 15, 10:00 pm",0,0.183617
"May 15, 11:00 pm",0,0.183617
"May 16, 12:00 am",0,0.183617
"May 16, 01:00 am",0,0.183617
"May 16, 02:00 am",0,0.183617
"May 16, 03:00 am",0,0.183617
"May 16, 04:00 am",0,0.183617
"May 16, 05:00 am",0,0.183617
"May 16, 06:00 am",0,0.183617
"May 16, 07:00 am",0,0.183617
"May 16, 08:00 am",0,0.183617
"May 16, 09:00 am",588.061,0.377199
"May 16, 10:00 am",2015.5,0.979965
"May 16, 11:00 am",2186.83,1.0635
"May 16, 12:00 pm",2166.01,1.05374
"May 16, 01:00 pm",14.9064,0.183617
"May 16, 02:00 pm",1818.7,1.03208
"May 16, 03:00 pm",14.9054,0.183617
"May 16, 04:00 pm",0,0.183617
"May 16, 05:00 pm",0,0.183617
"May 16, 06:00 pm",0,0.183617
"May 16, 07:00 pm",0,0.183617
"May 16, 08:00 pm",0,0.183617
"May 16, 09:00 pm",0,0.183617
"May 16, 10:00 pm",0,0.183617
"May 16, 11:00 pm",0,0.183617
"May 17, 12:00 am",0,0.183617
"May 17, 01:00 am",0,0.183617
"May 17, 02:00 am",0,0.183617
"May 17, 03:00 am",0,0.183617
"May 17, 04:00 am",0,0.183617
"May 17, 05:00 am",0,0.183617
"May 17, 06:00 am",0,0.183617
"May 17, 07:00 am",0,0.183617
"May 17, 08:00 am",0,0.183617
"May 17, 09:00 am",0,0.183617
"May 17, 10:00 am",1161.32,0.642645
"May 17, 11:00 am",2268.29,1.1017
"May 17, 12:00 pm",14.9508,0.183617
"May 17, 01:00 pm",0,0.183617
"May 17, 02:00 pm",0,0.183617
"May 17, 03:00 pm",0,0.183617
"May 17, 04:00 pm",0,0.183617
"May 17, 05:00 pm",0,0.183617
"May 17, 06:00 pm",0,0.183617
"May 17, 07:00 pm",0,0.183617
"May 17, 08:00 pm",0,0.183617
"May 17, 09:00 pm",0,0.183617
"May 17, 10:00 pm",0,0.183617
"May 17, 11:00 pm",0,0.183617
"May 18, 12:00 am",0,0.183617
"May 18, 01:00 am",0,0.183617
"May 18, 02:00 am",0,0.183617
"May 18, 03:00 am",0,0.183617
"May 18, 04:00 am",0,0.183617
"May 18, 05:00 am",0,0.183617
"May 18, 06:00 am",0,0.183617
"May 18, 07:00 am",0,0.183617
"May 18, 08:00 am",0,0.183617
"May 18, 09:00 am",0,0.183617
"May 18, 10:00 am",1157.07,0.642645
"May 18, 11:00 am",2208.61,1.07367
"May 18, 12:00 pm",2170.46,1.05579
"May 18, 01:00 pm",14.8033,0.183617
"May 18, 02:00 pm",0,0.183617
"May 18, 03:00 pm",0,0.183617
"May 18, 04:00 pm",0,0.183617
"May 18, 05:00 pm",0,0.183617
"May 18, 06:00 pm",0,0.183617
"May 18, 07:00 pm",0,0.183617
"May 18, 08:00 pm",0,0.183617
"May 18, 09:00 pm",0,0.183617
"May 18, 10:00 pm",0,0.183617
"May 18, 11:00 pm",0,0.183617
"May 19, 12:00 am",0,0.183617
"May 19, 01:00 am",0,0.183617
"May 19, 02:00 am",0,0.183617
"May 19, 03:00 am",0,0.183617
"May 19, 04:00 am",0,0.183617
"May 19, 05:00 am",0,0.183617
"May 19, 06:00 am",0,0.183617
"May 19, 07:00 am",0,0.183617
"May 19, 08:00 am",0,0.183617
"May 19, 09:00 am",0,0.183617
"May 19, 10:00 am",0,0.183617
"May 19, 11:00 am",0,0.183617
"May 19, 12:00 pm",0,0.183617
"May 19, 01:00 pm",0,0.183617
"May 19, 02:00 pm",0,0.183617
"May 19, 03:00 pm",0,0.183617
"May 19, 04:00 pm",0,0.183617
"May 19, 05:00 pm",0,0.183617
"May 19, 06:00 pm",0,0.183617
"May 19, 07:00 pm",0,0.183617
"May 19, 08:00 pm",0,0.183617
"May 19, 09:00 pm",0,0.183617
"May 19, 10:00 pm",0,0.183617
"May 19, 11:00 pm",0,0.183617
"May 20, 12:00 am",0,0.183617
"May 20, 01:00 am",0,0.183617
"May 20, 02:00 am",0,0.183617
"May 20, 03:00 am",0,0.183617
"May 20, 04:00 am",0,0.183617
"May 20, 05:00 am",0,0.183617
"May 20, 06:00 am",0,0.183617
"May 20, 07:00 am",0,0.183617
"May 20, 08:00 am",0,0.183617
"May 20, 09:00 am",0,0.183617
"May 20, 10:00 am",0,0.183617
"May 20, 11:00 am",0,0.183617
"May 20, 12:00 pm",0,0.183617
"May 20, 01:00 pm",0,0.183617
"May 20, 02:00 pm",0,0.183617
"May 20, 03:00 pm",0,0.183617
"May 20, 04:00 pm",0,0.183617
"May 20, 05:00 pm",0,0.183617
"May 20, 06:00 pm",0,0.183617
"May 20, 07:00 pm",0,0.183617
"May 20, 08:00 pm",0,0.183617
"May 20, 09:00 pm",0,0.183617
"May 20, 10:00 pm",0,0.183617
"May 20, 11:00 pm",0,0.183617
"May 21, 12:00 am",0,0.183617
"May 21, 01:00 am",0,0.183617
"May 21, 02:00 am",0,0.183617
"May 21, 03:00 am",0,0.183617
"May 21, 04:00 am",0,0.183617
"May 21, 05:00 am",0,0.183617
"May 21, 06:00 am",0,0.183617
"May 21, 07:00 am",0,0.183617
"May 21, 08:00 am",0,0.183617
"May 21, 09:00 am",0,0.183617
"May 21, 10:00 am",0,0.183617
"May 21, 11:00 am",0,0.183617
"May 21, 12:00 pm",0,0.183617
"May 21, 01:00 pm",0,0.183617
"May 21, 02:00 pm",0,0.183617
"May 21, 03:00 pm",0,0.183617
"May 21, 04:00 pm",489.452,0.356175
"May 21, 05:00 pm",12.2316,0.183617
"May 21, 06:00 pm",0,0.183617
"May 21, 07:00 pm",0,0.183617
"May 21, 08:00 pm",0,0.183617
"May 21, 09:00 pm",0,0.183617
"May 21, 10:00 pm",0,0.183617
"May 21, 11:00 pm",0,0.183617
"May 22, 12:00 am",0,0.183617
"May 22, 01:00 am",0,0.183617
"May 22, 02:00 am",0,0.183617
"May 22, 03:00 am",0,0.183617
"May 22, 04:00 am",0,0.183617
"May 22, 05:00 am",0,0.183617
"May 22, 06:00 am",0,0.183617
"May 22, 07:00 am",0,0.183617
"May 22, 08:00 am",0,0.183617
"May 22, 09:00 am",0,0.183617
"May 22, 10:00 am",0,0.183617
"May 22, 11:00 am",0,0.183617
"May 22, 12:00 pm",0,0.183617
"May 22, 01:00 pm",0,0.183617
"May 22, 02:00 pm",0,0.183617
"May 22, 03:00 pm",0,0.183617
"May 22, 04:00 pm",0,0.183617
"May 22, 05:00 pm",0,0.183617
"May 22, 06:00 pm",0,0.183617
"May 22, 07:00 pm",0,0.183617
"May 22, 08:00 pm",0,0.183617
"May 22, 09:00 pm",0,0.183617
"May 22, 10:00 pm",0,0.183617
"May 22, 11:00 pm",0,0.183617
"May 23, 12:00 am",0,0.183617
"May 23, 01:00 am",0,0.183617
"May 23, 02:00 am",0,0.183617
"May 23, 03:00 am",0,0.183617
"May 23, 04:00 am",0,0.183617
"May 23, 05:00 am",0,0.183617
"May 23, 06:00 am",0,0.183617
"May 23, 07:00 am",0,0.183617
"May 23, 08:00 am",0,0.183617
"May 23, 09:00 am",0,0.183617
"May 23, 10:00 am",0,0.183617
"May 23, 11:00 am",0,0.183617
"May 23, 12:00 pm",0,0.183617
"May 23, 01:00 pm",0,0.183617
"May 23, 02:00 pm",0,0.183617
"May 23, 03:00 pm",0,0.183617
"May 23, 04:00 pm",0,0.183617
"May 23, 05:00 pm",0,0.183617
"May 23, 06:00 pm",0,0.183617
"May 23, 07:00 pm",0,0.183617
"May 23, 08:00 pm",0,0.183617
"May 23, 09:00 pm",0,0.183617
"May 23, 10:00 pm",0,0.183617
"May 23, 11:00 pm",0,0.183617
"May 24, 12:00 am",0,0.183617
"May 24, 01:00 am",0,0.183617
"May 24, 02:00 am",0,0.183617
"May 24, 03:00 am",0,0.183617
"May 24, 04:00 am",0,0.183617
"May 24, 05:00 am",0,0.183617
"May 24, 06:00 am",0,0.183617
"May 24, 07:00 am",0,0.183617
"May 24, 08:00 am",0,0.183617
"May 24, 09:00 am",0,0.183617
"May 24, 10:00 am",0,0.183617
"May 24, 11:00 am",0,0.183617
"May 24, 12:00 pm",0,0.183617
"May 24, 01:00 pm",0,0.183617
"May 24, 02:00 pm",0,0.183617
"May 24, 03:00 pm",0,0.183617
"May 24, 04:00 pm",0,0.183617
"May 24, 05:00 pm",0,0.183617
"May 24, 06:00 pm",0,0.183617
"May 24, 07:00 pm",0,0.183617
"May 24, 08:00 pm",0,0.183617
"May 24, 09:00 pm",0,0.183617
"May 24, 10:00 pm",0,0.183617
"May 24, 11:00 pm",0,0.183617
"May 25, 12:00 am",0,0.183617
"May 25, 01:00 am",0,0.183617
"May 25, 02:00 am",0,0.183617
"May 25, 03:00 am",0,0.183617
"May 25, 04:00 am",0,0.183617
"May 25, 05:00 am",0,0.183617
"May 25, 06:00 am",0,0.183617
"May 25, 07:00 am",0,0.183617
"May 25, 08:00 am",0,0.183617
"May 25, 09:00 am",0,0.183617
"May 25, 10:00 am",0,0.183617
"May 25, 11:00 am",0,0.183617
"May 25, 12:00 pm",0,0.183617
"May 25, 01:00 pm",0,0.183617
"May 25, 02:00 pm",0,0.183617
"May 25, 03:00 pm",0,0.183617
"May 25, 04:00 pm",0,0.183617
"May 25, 05:00 pm",0,0.183617
"May 25, 06:00 pm",0,0.183617
"May 25, 07:00 pm",0,0.183617
"May 25, 08:00 pm",0,0.183617
"May 25, 09:00 pm",0,0.183617
"May 25, 10:00 pm",0,0.183617
"May 25, 11:00 pm",0,0.183617
"May 26, 12:00 am",0,0.183617
"May 26, 01:00 am",0,0.183617
"May 26, 02:00 am",0,0.183617
"May 26, 03:00 am",0,0.183617
"May 26, 04:00 am",0,0.183617
"May 26, 05:00 am",0,0.183617
"May 26, 06:00 am",0,0.183617
"May 26, 07:00 am",0,0.183617
"May 26, 08:00 am",0,0.183617
"May 26, 09:00 am",0,0.183617
"May 26, 10:00 am",0,0.183617
"May 26, 11:00 am",0,0.183617
"May 26, 12:00 pm",0,0.183617
"May 26, 01:00 pm",0,0.183617
"May 26, 02:00 pm",0,0.183617
"May 26, 03:00 pm",0,0.183617
"May 26, 04:00 pm",0,0.183617
"May 26, 05:00 pm",0,0.183617
"May 26, 06:00 pm",0,0.183617
"May 26, 07:00 pm",0,0.183617
"May 26, 08:00 pm",0,0.183617
"May 26, 09:00 pm",0,0.183617
"May 26, 10:00 pm",0,0.183617
"May 26, 11:00 pm",0,0.183617
"May 27, 12:00 am",0,0.183617
"May 27, 01:00 am",0,0.183617
"May 27, 02:00 am",0,0.183617
"May 27, 03:00 am",0,0.183617
"May 27, 04:00 am",0,0.183617
"May 27, 05:00 am",0,0.183617
"May 27, 06:00 am",0,0.183617
"May 27, 07:00 am",0,0.183617
"May 27, 08:00 am",0,0.183617
"May 27, 09:00 am",0,0.183617
"May 27, 10:00 am",0,0.183617
"May 27, 11:00 am",0,0.183617
"May 27, 12:00 pm",1140.04,0.636769
"May 27, 01:00 pm",1969.37,0.957282
"May 27, 02:00 pm",2000.51,0.972606
"May 27, 03:00 pm",1980.15,0.962733
"May 27, 04:00 pm",1194.08,0.580234
"May 27, 05:00 pm",12.149,0.183617
"May 27, 06:00 pm",0,0.183617
"May 27, 07:00 pm",0,0.183617
"May 27, 08:00 pm",0,0.183617
"May 27, 09:00 pm",0,0.183617
"May 27, 10:00 pm",0,0.183617
"May 27, 11:00 pm",0,0.183617
"May 28, 12:00 am",0,0.183617
"May 28, 01:00 am",0,0.183617
"May 28, 02:00 am",0,0.183617
"May 28, 03:00 am",0,0.183617
"May 28, 04:00 am",0,0.183617
"May 28, 05:00 am",0,0.183617
"May 28, 06:00 am",0,0.183617
"May 28, 07:00 am",0,0.183617
"May 28, 08:00 am",0,0.183617
"May 28, 09:00 am",169.195,0.281983
"May 28, 10:00 am",1873.63,0.910867
"May 28, 11:00 am",2031.97,0.987944
"May 28, 12:00 pm",1977.34,0.961336
"May 28, 01:00 pm",1945.7,0.945967
"May 28, 02:00 pm",1978.78,0.962054
"May 28, 03:00 pm",1960.31,0.953072
"May 28, 04:00 pm",1172.75,0.57037
"May 28, 05:00 pm",11.8562,0.183617
"May 28, 06:00 pm",0,0.183617
"May 28, 07:00 pm",0,0.183617
"May 28, 08:00 pm",0,0.183617
"May 28, 09:00 pm",0,0.183617
"May 28, 10:00 pm",0,0.183617
"May 28, 11:00 pm",0,0.183617
"May 29, 12:00 am",0,0.183617
"May 29, 01:00 am",0,0.183617
"May 29, 02:00 am",0,0.183617
"May 29, 03:00 am",0,0.183617
"May 29, 04:00 am",0,0.183617
"May 29, 05:00 am",0,0.183617
"May 29, 06:00 am",0,0.183617
"May 29, 07:00 am",0,0.183617
"May 29, 08:00 am",0,0.183617
"May 29, 09:00 am",165.082,0.279161
"May 29, 10:00 am",1874.63,0.911185
"May 29, 11:00 am",2043.89,0.99374
"May 29, 12:00 pm",1981.64,0.96343
"May 29, 01:00 pm",1943.61,0.944961
"May 29, 02:00 pm",1976.18,0.960803
"May 29, 03:00 pm",1954.22,0.950159
"May 29, 04:00 pm",1157.21,0.562821
"May 29, 05:00 pm",11.7417,0.183617
"May 29, 06:00 pm",0,0.183617
"May 29, 07:00 pm",0,0.183617
"May 29, 08:00 pm",0,0.183617
"May 29, 09:00 pm",0,0.183617
"May 29, 10:00 pm",0,0.183617
"May 29, 11:00 pm",0,0.183617
"May 30, 12:00 am",0,0.183617
"May 30, 01:00 am",0,0.183617
"May 30, 02:00 am",0,0.183617
"May 30, 03:00 am",0,0.183617
"May 30, 04:00 am",0,0.183617
"May 30, 05:00 am",0,0.183617
"May 30, 06:00 am",0,0.183617
"May 30, 07:00 am",0,0.183617
"May 30, 08:00 am",0,0.183617
"May 30, 09:00 am",0,0.227519
"May 30, 10:00 am",1830.65,0.889829
"May 30, 11:00 am",2020.15,0.982193
"May 30, 12:00 pm",1964.58,0.955142
"May 30, 01:00 pm",1929.83,0.938267
"May 30, 02:00 pm",1968.6,0.957114
"May 30, 03:00 pm",1951.38,0.948682
"May 30, 04:00 pm",1150.18,0.559396
"May 30, 05:00 pm",11.8608,0.183617
"May 30, 06:00 pm",0,0.183617
"May 30, 07:00 pm",0,0.183617
"May 30, 08:00 pm",0,0.183617
"May 30, 09:00 pm",0,0.183617
"May 30, 10:00 pm",0,0.183617
"May 30, 11:00 pm",0,0.183617
"May 31, 12:00 am",0,0.183617
"May 31, 01:00 am",0,0.183617
"May 31, 02:00 am",0,0.183617
"May 31, 03:00 am",0,0.183617
"May 31, 04:00 am",0,0.183617
"May 31, 05:00 am",0,0.183617
"May 31, 06:00 am",0,0.183617
"May 31, 07:00 am",0,0.183617
"May 31, 08:00 am",0,0.183617
"May 31, 09:00 am",0,0.183617
"May 31, 10:00 am",1030.84,0.585318
"May 31, 11:00 am",14.4732,0.183617
"May 31, 12:00 pm",0,0.183617
"May 31, 01:00 pm",0,0.183617
"May 31, 02:00 pm",0,0.183617
"May 31, 03:00 pm",0,0.183617
"May 31, 04:00 pm",0,0.183617
"May 31, 05:00 pm",0,0.183617
"May 31, 06:00 pm",0,0.183617
"May 31, 07:00 pm",0,0.183617
"May 31, 08:00 pm",0,0.183617
"May 31, 09:00 pm",0,0.183617
"May 31, 10:00 pm",0,0.183617
"May 31, 11:00 pm",0,0.183617
"Jun 1, 12:00 am",0,0.183617
"Jun 1, 01:00 am",0,0.183617
"Jun 1, 02:00 am",0,0.183617
"Jun 1, 03:00 am",0,0.183617
"Jun 1, 04:00 am",0,0.183617
"Jun 1, 05:00 am",0,0.183617
"Jun 1, 06:00 am",0,0.183617
"Jun 1, 07:00 am",0,0.183617
"Jun 1, 08:00 am",0,0.183617
"Jun 1, 09:00 am",0,0.225064
"Jun 1, 10:00 am",1498.53,0.852812
"Jun 1, 11:00 am",1960.9,0.953408
"Jun 1, 12:00 pm",1914.16,0.930631
"Jun 1, 01:00 pm",1883.18,0.915361
"Jun 1, 02:00 pm",1929.85,0.93827
"Jun 1, 03:00 pm",1913.86,0.930478
"Jun 1, 04:00 pm",1113.85,0.541711
"Jun 1, 05:00 pm",12.0904,0.183617
"Jun 1, 06:00 pm",0,0.183617
"Jun 1, 07:00 pm",0,0.183617
"Jun 1, 08:00 pm",0,0.183617
"Jun 1, 09:00 pm",0,0.183617
"Jun 1, 10:00 pm",0,0.183617
"Jun 1, 11:00 pm",0,0.183617
"Jun 2, 12:00 am",0,0.183617
"Jun 2, 01:00 am",0,0.183617
"Jun 2, 02:00 am",0,0.183617
"Jun 2, 03:00 am",0,0.183617
"Jun 2, 04:00 am",0,0.183617
"Jun 2, 05:00 am",0,0.183617
"Jun 2, 06:00 am",0,0.183617
"Jun 2, 07:00 am",0,0.183617
"Jun 2, 08:00 am",0,0.183617
"Jun 2, 09:00 am",0,0.225105
"Jun 2, 10:00 am",1500.06,0.854964
"Jun 2, 11:00 am",1960.61,0.953275
"Jun 2, 12:00 pm",1912.54,0.929833
"Jun 2, 01:00 pm",1879.82,0.913704
"Jun 2, 02:00 pm",1926.99,0.936873
"Jun 2, 03:00 pm",1911.7,0.929407
"Jun 2, 04:00 pm",1107.42,0.538581
"Jun 2, 05:00 pm",12.1519,0.183617
"Jun 2, 06:00 pm",0,0.183617
"Jun 2, 07:00 pm",0,0.183617
"Jun 2, 08:00 pm",0,0.183617
"Jun 2, 09:00 pm",0,0.183617
"Jun 2, 10:00 pm",0,0.183617
"Jun 2, 11:00 pm",0,0.183617
"Jun 3, 12:00 am",0,0.183617
"Jun 3, 01:00 am",0,0.183617
"Jun 3, 02:00 am",0,0.183617
"Jun 3, 03:00 am",0,0.183617
"Jun 3, 04:00 am",0,0.183617
"Jun 3, 05:00 am",0,0.183617
"Jun 3, 06:00 am",0,0.183617
"Jun 3, 07:00 am",0,0.183617
"Jun 3, 08:00 am",0,0.183617
"Jun 3, 09:00 am",0,0.183617
"Jun 3, 10:00 am",0,0.183617
"Jun 3, 11:00 am",0,0.183617
"Jun 3, 12:00 pm",0,0.183617
"Jun 3, 01:00 pm",0,0.183617
"Jun 3, 02:00 pm",0,0.183617
"Jun 3, 03:00 pm",0,0.183617
"Jun 3, 04:00 pm",0,0.183617
"Jun 3, 05:00 pm",0,0.183617
"Jun 3, 06:00 pm",0,0.183617
"Jun 3, 07:00 pm",0,0.183617
"Jun 3, 08:00 pm",0,0.183617
"Jun 3, 09:00 pm",0,0.183617
"Jun 3, 10:00 pm",0,0.183617
"Jun 3, 11:00 pm",0,0.183617
"Jun 4, 12:00 am",0,0.183617
"Jun 4, 01:00 am",0,0.183617
"Jun 4, 02:00 am",0,0.183617
"Jun 4, 03:00 am",0,0.183617
"Jun 4, 04:00 am",0,0.183617
"Jun 4, 05:00 am",0,0.183617
"Jun 4, 06:00 am",0,0.183617
"Jun 4, 07:00 am",0,0.183617
"Jun 4, 08:00 am",0,0.183617
"Jun 4, 09:00 am",0,0.224338
"Jun 4, 10:00 am",1490.93,0.849153
"Jun 4, 11:00 am",1957.11,0.951587
"Jun 4, 12:00 pm",1907.62,0.927418
"Jun 4, 01:00 pm",1870.96,0.909342
"Jun 4, 02:00 pm",1920.09,0.93354
"Jun 4, 03:00 pm",1904.54,0.925887
"Jun 4, 04:00 pm",1091.24,0.530728
"Jun 4, 05:00 pm",11.9408,0.183617
"Jun 4, 06:00 pm",0,0.183617
"Jun 4, 07:00 pm",0,0.183617
"Jun 4, 08:00 pm",0,0.183617
"Jun 4, 09:00 pm",0,0.183617
"Jun 4, 10:00 pm",0,0.183617
"Jun 4, 11:00 pm",0,0.183617
"Jun 5, 12:00 am",0,0.183617
"Jun 5, 01:00 am",0,0.183617
"Jun 5, 02:00 am",0,0.183617
"Jun 5, 03:00 am",0,0.183617
"Jun 5, 04:00 am",0,0.183617
"Jun 5, 05:00 am",0,0.183617
"Jun 5, 06:00 am",0,0.183617
"Jun 5, 07:00 am",0,0.183617
"Jun 5, 08:00 am",0,0.183617
"Jun 5, 09:00 am",0,0.228179
"Jun 5, 10:00 am",1579.8,0.898334
"Jun 5, 11:00 am",2053.82,0.998551
"Jun 5, 12:00 pm",1997.53,0.971129
"Jun 5, 01:00 pm",1957.39,0.951625
"Jun 5, 02:00 pm",2013.75,0.979024
"Jun 5, 03:00 pm",2004.79,0.974636
"Jun 5, 04:00 pm",1157.96,0.563144
"Jun 5, 05:00 pm",12.0641,0.183617
"Jun 5, 06:00 pm",0,0.183617
"Jun 5, 07:00 pm",0,0.183617
"Jun 5, 08:00 pm",0,0.183617
"Jun 5, 09:00 pm",0,0.183617
"Jun 5, 10:00 pm",0,0.183617
"Jun 5, 11:00 pm",0,0.183617
"Jun 6, 12:00 am",0,0.183617
"Jun 6, 01:00 am",0,0.183617
"Jun 6, 02:00 am",0,0.183617
"Jun 6, 03:00 am",0,0.183617
"Jun 6, 04:00 am",0,0.183617
"Jun 6, 05:00 am",0,0.183617
"Jun 6, 06:00 am",0,0.183617
"Jun 6, 07:00 am",0,0.183617
"Jun 6, 08:00 am",0,0.183617
"Jun 6, 09:00 am",0,0.225225
"Jun 6, 10:00 am",1519.95,0.865042
"Jun 6, 11:00 am",1979.41,0.962416
"Jun 6, 12:00 pm",14.5274,0.183617
"Jun 6, 01:00 pm",0,0.183617
"Jun 6, 02:00 pm",0,0.183617
"Jun 6, 03:00 pm",0,0.183617
"Jun 6, 04:00 pm",644.459,0.499716
"Jun 6, 05:00 pm",11.6793,0.183617
"Jun 6, 06:00 pm",0,0.183617
"Jun 6, 07:00 pm",0,0.183617
"Jun 6, 08:00 pm",0,0.183617
"Jun 6, 09:00 pm",0,0.183617
"Jun 6, 10:00 pm",0,0.183617
"Jun 6, 11:00 pm",0,0.183617
"Jun 7, 12:00 am",0,0.183617
"Jun 7, 01:00 am",0,0.183617
"Jun 7, 02:00 am",0,0.183617
"Jun 7, 03:00 am",0,0.183617
"Jun 7, 04:00 am",0,0.183617
"Jun 7, 05:00 am",0,0.183617
"Jun 7, 06:00 am",0,0.183617
"Jun 7, 07:00 am",0,0.183617
"Jun 7, 08:00 am",0,0.183617
"Jun 7, 09:00 am",0,0.183617
"Jun 7, 10:00 am",0,0.183617
"Jun 7, 11:00 am",0,0.183617
"Jun 7, 12:00 pm",0,0.183617
"Jun 7, 01:00 pm",0,0.183617
"Jun 7, 02:00 pm",0,0.183617
"Jun 7, 03:00 pm",1066.86,0.601331
"Jun 7, 04:00 pm",1034.86,0.503303
"Jun 7, 05:00 pm",10.9661,0.183617
"Jun 7, 06:00 pm",0,0.183617
"Jun 7, 07:00 pm",0,0.183617
"Jun 7, 08:00 pm",0,0.183617
"Jun 7, 09:00 pm",0,0.183617
"Jun 7, 10:00 pm",0,0.183617
"Jun 7, 11:00 pm",0,0.183617
"Jun 8, 12:00 am",0,0.183617
"Jun 8, 01:00 am",0,0.183617
"Jun 8, 02:00 am",0,0.183617
"Jun 8, 03:00 am",0,0.183617
"Jun 8, 04:00 am",0,0.183617
"Jun 8, 05:00 am",0,0.183617
"Jun 8, 06:00 am",0,0.183617
"Jun 8, 07:00 am",0,0.183617
"Jun 8, 08:00 am",0,0.183617
"Jun 8, 09:00 am",0,0.221684
"Jun 8, 10:00 am",1462.41,0.833789
"Jun 8, 11:00 am",1918.65,0.932915
"Jun 8, 12:00 pm",1867.03,0.907415
"Jun 8, 01:00 pm",1822.66,0.885587
"Jun 8, 02:00 pm",1871.97,0.909826
"Jun 8, 03:00 pm",1854.28,0.901124
"Jun 8, 04:00 pm",1042.95,0.507286
"Jun 8, 05:00 pm",11.3787,0.183617
"Jun 8, 06:00 pm",0,0.183617
"Jun 8, 07:00 pm",0,0.183617
"Jun 8, 08:00 pm",0,0.183617
"Jun 8, 09:00 pm",0,0.183617
"Jun 8, 10:00 pm",0,0.183617
"Jun 8, 11:00 pm",0,0.183617
"Jun 9, 12:00 am",0,0.183617
"Jun 9, 01:00 am",0,0.183617
"Jun 9, 02:00 am",0,0.183617
"Jun 9, 03:00 am",0,0.183617
"Jun 9, 04:00 am",0,0.183617
"Jun 9, 05:00 am",0,0.183617
"Jun 9, 06:00 am",0,0.183617
"Jun 9, 07:00 am",0,0.183617
"Jun 9, 08:00 am",0,0.183617
"Jun 9, 09:00 am",0,0.221515
"Jun 9, 10:00 am",1460.55,0.832995
"Jun 9, 11:00 am",1918.62,0.932892
"Jun 9, 12:00 pm",1871.09,0.909414
"Jun 9, 01:00 pm",1829.21,0.888794
"Jun 9, 02:00 pm",1884.3,0.915913
"Jun 9, 03:00 pm",1873.27,0.910479
"Jun 9, 04:00 pm",1059.62,0.515365
"Jun 9, 05:00 pm",11.7457,0.183617
"Jun 9, 06:00 pm",0,0.183617
"Jun 9, 07:00 pm",0,0.183617
"Jun 9, 08:00 pm",0,0.183617
"Jun 9, 09:00 pm",0,0.183617
"Jun 9, 10:00 pm",0,0.183617
"Jun 9, 11:00 pm",0,0.183617
"Jun 10, 12:00 am",0,0.183617
"Jun 10, 01:00 am",0,0.183617
"Jun 10, 02:00 am",0,0.183617
"Jun 10, 03:00 am",0,0.183617
"Jun 10, 04:00 am",0,0.183617
"Jun 10, 05:00 am",0,0.183617
"Jun 10, 06:00 am",0,0.183617
"Jun 10, 07:00 am",0,0.183617
"Jun 10, 08:00 am",0,0.183617
"Jun 10, 09:00 am",0,0.221318
"Jun 10, 10:00 am",1463.82,0.834826
"Jun 10, 11:00 am",1926.39,0.936665
"Jun 10, 12:00 pm",1876.33,0.911995
"Jun 10, 01:00 pm",1831.42,0.889874
"Jun 10, 02:00 pm",1886.01,0.916761
"Jun 10, 03:00 pm",1873.62,0.910648
"Jun 10, 04:00 pm",1058.54,0.514837
"Jun 10, 05:00 pm",11.8402,0.183617
"Jun 10, 06:00 pm",0,0.183617
"Jun 10, 07:00 pm",0,0.183617
"Jun 10, 08:00 pm",0,0.183617
"Jun 10, 09:00 pm",0,0.183617
"Jun 10, 10:00 pm",0,0.183617
"Jun 10, 11:00 pm",0,0.183617
"Jun 11, 12:00 am",0,0.183617
"Jun 11, 01:00 am",0,0.183617
"Jun 11, 02:00 am",0,0.183617
"Jun 11, 03:00 am",0,0.183617
"Jun 11, 04:00 am",0,0.183617
"Jun 11, 05:00 am",0,0.183617
"Jun 11, 06:00 am",0,0.183617
"Jun 11, 07:00 am",0,0.183617
"Jun 11, 08:00 am",0,0.183617
"Jun 11, 09:00 am",0,0.22335
"Jun 11, 10:00 am",1513.23,0.86129
"Jun 11, 11:00 am",1981.28,0.963317
"Jun 11, 12:00 pm",1928.43,0.937569
"Jun 11, 01:00 pm",1880.49,0.91403
"Jun 11, 02:00 pm",1940.23,0.943309
"Jun 11, 03:00 pm",1930.44,0.93852
"Jun 11, 04:00 pm",1098.17,0.534087
"Jun 11, 05:00 pm",11.9459,0.183617
"Jun 11, 06:00 pm",0,0.183617
"Jun 11, 07:00 pm",0,0.183617
"Jun 11, 08:00 pm",0,0.183617
"Jun 11, 09:00 pm",0,0.183617
"Jun 11, 10:00 pm",0,0.183617
"Jun 11, 11:00 pm",0,0.183617
"Jun 12, 12:00 am",0,0.183617
"Jun 12, 01:00 am",0,0.183617
"Jun 12, 02:00 am",0,0.183617
"Jun 12, 03:00 am",0,0.183617
"Jun 12, 04:00 am",0,0.183617
"Jun 12, 05:00 am",0,0.183617
"Jun 12, 06:00 am",0,0.183617
"Jun 12, 07:00 am",0,0.183617
"Jun 12, 08:00 am",0,0.183617
"Jun 12, 09:00 am",0,0.223323
"Jun 12, 10:00 am",1511.37,0.860567
"Jun 12, 11:00 am",1981.06,0.963228
"Jun 12, 12:00 pm",1923.22,0.935056
"Jun 12, 01:00 pm",1869.76,0.908749
"Jun 12, 02:00 pm",1925.31,0.93609
"Jun 12, 03:00 pm",1906.03,0.926629
"Jun 12, 04:00 pm",1075.02,0.522854
"Jun 12, 05:00 pm",11.6038,0.183617
"Jun 12, 06:00 pm",0,0.183617
"Jun 12, 07:00 pm",0,0.183617
"Jun 12, 08:00 pm",0,0.183617
"Jun 12, 09:00 pm",0,0.183617
"Jun 12, 10:00 pm",0,0.183617
"Jun 12, 11:00 pm",0,0.183617
"Jun 13, 12:00 am",0,0.183617
"Jun 13, 01:00 am",0,0.183617
"Jun 13, 02:00 am",0,0.183617
"Jun 13, 03:00 am",0,0.183617
"Jun 13, 04:00 am",0,0.183617
"Jun 13, 05:00 am",0,0.183617
"Jun 13, 06:00 am",0,0.183617
"Jun 13, 07:00 am",0,0.183617
"Jun 13, 08:00 am",0,0.183617
"Jun 13, 09:00 am",0,0.183617
"Jun 13, 10:00 am",0,0.183617
"Jun 13, 11:00 am",0,0.183617
"Jun 13, 12:00 pm",1099.05,0.616367
"Jun 13, 01:00 pm",1828,0.888056
"Jun 13, 02:00 pm",1878.25,0.912923
"Jun 13, 03:00 pm",1855.57,0.901761
"Jun 13, 04:00 pm",1042.35,0.506987
"Jun 13, 05:00 pm",11.3879,0.183617
"Jun 13, 06:00 pm",0,0.183617
"Jun 13, 07:00 pm",0,0.183617
"Jun 13, 08:00 pm",0,0.183617
"Jun 13, 09:00 pm",0,0.183617
"Jun 13, 10:00 pm",0,0.183617
"Jun 13, 11:00 pm",0,0.183617
"Jun 14, 12:00 am",0,0.183617
"Jun 14, 01:00 am",0,0.183617
"Jun 14, 02:00 am",0,0.183617
"Jun 14, 03:00 am",0,0.183617
"Jun 14, 04:00 am",0,0.183617
"Jun 14, 05:00 am",0,0.183617
"Jun 14, 06:00 am",0,0.183617
"Jun 14, 07:00 am",0,0.183617
"Jun 14, 08:00 am",0,0.183617
"Jun 14, 09:00 am",0,0.183617
"Jun 14, 10:00 am",0,0.183617
"Jun 14, 11:00 am",0,0.183617
"Jun 14, 12:00 pm",0,0.183617
"Jun 14, 01:00 pm",0,0.183617
"Jun 14, 02:00 pm",0,0.183617
"Jun 14, 03:00 pm",0,0.183617
"Jun 14, 04:00 pm",0,0.183617
"Jun 14, 05:00 pm",0,0.183617
"Jun 14, 06:00 pm",0,0.183617
"Jun 14, 07:00 pm",0,0.183617
"Jun 14, 08:00 pm",0,0.183617
"Jun 14, 09:00 pm",0,0.183617
"Jun 14, 10:00 pm",0,0.183617
"Jun 14, 11:00 pm",0,0.183617
"Jun 15, 12:00 am",0,0.183617
"Jun 15, 01:00 am",0,0.183617
"Jun 15, 02:00 am",0,0.183617
"Jun 15, 03:00 am",0,0.183617
"Jun 15, 04:00 am",0,0.183617
"Jun 15, 05:00 am",0,0.183617
"Jun 15, 06:00 am",0,0.183617
"Jun 15, 07:00 am",0,0.183617
"Jun 15, 08:00 am",0,0.183617
"Jun 15, 09:00 am",0,0.183617
"Jun 15, 10:00 am",1653.5,0.804377
"Jun 15, 11:00 am",1842.98,0.895644
"Jun 15, 12:00 pm",1803.46,0.876176
"Jun 15, 01:00 pm",1760.18,0.855799
"Jun 15, 02:00 pm",1819.78,0.884213
"Jun 15, 03:00 pm",1819.22,0.883871
"Jun 15, 04:00 pm",1036.18,0.503976
"Jun 15, 05:00 pm",11.0929,0.183617
"Jun 15, 06:00 pm",0,0.183617
"Jun 15, 07:00 pm",0,0.183617
"Jun 15, 08:00 pm",0,0.183617
"Jun 15, 09:00 pm",0,0.183617
"Jun 15, 10:00 pm",0,0.183617
"Jun 15, 11:00 pm",0,0.183617
"Jun 16, 12:00 am",0,0.183617
"Jun 16, 01:00 am",0,0.183617
"Jun 16, 02:00 am",0,0.183617
"Jun 16, 03:00 am",0,0.183617
"Jun 16, 04:00 am",0,0.183617
"Jun 16, 05:00 am",0,0.183617
"Jun 16, 06:00 am",0,0.183617
"Jun 16, 07:00 am",0,0.183617
"Jun 16, 08:00 am",0,0.183617
"Jun 16, 09:00 am",0,0.183617
"Jun 16, 10:00 am",0,0.183617
"Jun 16, 11:00 am",0,0.183617
"Jun 16, 12:00 pm",0,0.183617
"Jun 16, 01:00 pm",0,0.183617
"Jun 16, 02:00 pm",0,0.183617
"Jun 16, 03:00 pm",0,0.183617
"Jun 16, 04:00 pm",0,0.183617
"Jun 16, 05:00 pm",0,0.183617
"Jun 16, 06:00 pm",0,0.183617
"Jun 16, 07:00 pm",0,0.183617
"Jun 16, 08:00 pm",0,0.183617
"Jun 16, 09:00 pm",0,0.183617
"Jun 16, 10:00 pm",0,0.183617
"Jun 16, 11:00 pm",0,0.183617
"Jun 17, 12:00 am",0,0.183617
"Jun 17, 01:00 am",0,0.183617
"Jun 17, 02:00 am",0,0.183617
"Jun 17, 03:00 am",0,0.183617
"Jun 17, 04:00 am",0,0.183617
"Jun 17, 05:00 am",0,0.183617
"Jun 17, 06:00 am",0,0.183617
"Jun 17, 07:00 am",0,0.183617
"Jun 17, 08:00 am",0,0.183617
"Jun 17, 09:00 am",0,0.183617
"Jun 17, 10:00 am",1629.37,0.792611
"Jun 17, 11:00 am",1814.8,0.881799
"Jun 17, 12:00 pm",1763.4,0.857367
"Jun 17, 01:00 pm",1703.77,0.828433
"Jun 17, 02:00 pm",1748.07,0.85001
"Jun 17, 03:00 pm",1744.5,0.848229
"Jun 17, 04:00 pm",994.613,0.483788
"Jun 17, 05:00 pm",11.5559,0.183617
"Jun 17, 06:00 pm",0,0.183617
"Jun 17, 07:00 pm",0,0.183617
"Jun 17, 08:00 pm",0,0.183617
"Jun 17, 09:00 pm",0,0.183617
"Jun 17, 10:00 pm",0,0.183617
"Jun 17, 11:00 pm",0,0.183617
"Jun 18, 12:00 am",0,0.183617
"Jun 18, 01:00 am",0,0.183617
"Jun 18, 02:00 am",0,0.183617
"Jun 18, 03:00 am",0,0.183617
"Jun 18, 04:00 am",0,0.183617
"Jun 18, 05:00 am",0,0.183617
"Jun 18, 06:00 am",0,0.183617
"Jun 18, 07:00 am",0,0.183617
"Jun 18, 08:00 am",0,0.183617
"Jun 18, 09:00 am",0,0.183617
"Jun 18, 10:00 am",0,0.183617
"Jun 18, 11:00 am",0,0.183617
"Jun 18, 12:00 pm",0,0.183617
"Jun 18, 01:00 pm",0,0.183617
"Jun 18, 02:00 pm",0,0.183617
"Jun 18, 03:00 pm",0,0.183617
"Jun 18, 04:00 pm",0,0.183617
"Jun 18, 05:00 pm",0,0.183617
"Jun 18, 06:00 pm",0,0.183617
"Jun 18, 07:00 pm",0,0.183617
"Jun 18, 08:00 pm",0,0.183617
"Jun 18, 09:00 pm",0,0.183617
"Jun 18, 10:00 pm",0,0.183617
"Jun 18, 11:00 pm",0,0.183617
"Jun 19, 12:00 am",0,0.183617
"Jun 19, 01:00 am",0,0.183617
"Jun 19, 02:00 am",0,0.183617
"Jun 19, 03:00 am",0,0.183617
"Jun 19, 04:00 am",0,0.183617
"Jun 19, 05:00 am",0,0.183617
"Jun 19, 06:00 am",0,0.183617
"Jun 19, 07:00 am",0,0.183617
"Jun 19, 08:00 am",0,0.183617
"Jun 19, 09:00 am",0,0.183617
"Jun 19, 10:00 am",0,0.183617
"Jun 19, 11:00 am",0,0.183617
"Jun 19, 12:00 pm",0,0.183617
"Jun 19, 01:00 pm",853.322,0.50415
"Jun 19, 02:00 pm",1729.71,0.840998
"Jun 19, 03:00 pm",1723.02,0.837828
"Jun 19, 04:00 pm",986.236,0.479754
"Jun 19, 05:00 pm",11.0333,0.183617
"Jun 19, 06:00 pm",0,0.183617
"Jun 19, 07:00 pm",0,0.183617
"Jun 19, 08:00 pm",0,0.183617
"Jun 19, 09:00 pm",0,0.183617
"Jun 19, 10:00 pm",0,0.183617
"Jun 19, 11:00 pm",0,0.183617
"Jun 20, 12:00 am",0,0.183617
"Jun 20, 01:00 am",0,0.183617
"Jun 20, 02:00 am",0,0.183617
"Jun 20, 03:00 am",0,0.183617
"Jun 20, 04:00 am",0,0.183617
"Jun 20, 05:00 am",0,0.183617
"Jun 20, 06:00 am",0,0.183617
"Jun 20, 07:00 am",0,0.183617
"Jun 20, 08:00 am",0,0.183617
"Jun 20, 09:00 am",0,0.183617
"Jun 20, 10:00 am",0,0.183617
"Jun 20, 11:00 am",0,0.183617
"Jun 20, 12:00 pm",0,0.183617
"Jun 20, 01:00 pm",0,0.183617
"Jun 20, 02:00 pm",0,0.183617
"Jun 20, 03:00 pm",0,0.183617
"Jun 20, 04:00 pm",0,0.183617
"Jun 20, 05:00 pm",0,0.183617
"Jun 20, 06:00 pm",0,0.183617
"Jun 20, 07:00 pm",0,0.183617
"Jun 20, 08:00 pm",0,0.183617
"Jun 20, 09:00 pm",0,0.183617
"Jun 20, 10:00 pm",0,0.183617
"Jun 20, 11:00 pm",0,0.183617
"Jun 21, 12:00 am",0,0.183617
"Jun 21, 01:00 am",0,0.183617
"Jun 21, 02:00 am",0,0.183617
"Jun 21, 03:00 am",0,0.183617
"Jun 21, 04:00 am",0,0.183617
"Jun 21, 05:00 am",0,0.183617
"Jun 21, 06:00 am",0,0.183617
"Jun 21, 07:00 am",0,0.183617
"Jun 21, 08:00 am",0,0.183617
"Jun 21, 09:00 am",0,0.183617
"Jun 21, 10:00 am",0,0.183617
"Jun 21, 11:00 am",0,0.183617
"Jun 21, 12:00 pm",0,0.183617
"Jun 21, 01:00 pm",0,0.183617
"Jun 21, 02:00 pm",1022.28,0.582124
"Jun 21, 03:00 pm",1854.24,0.901088
"Jun 21, 04:00 pm",1083.96,0.527252
"Jun 21, 05:00 pm",10.9424,0.183617
"Jun 21, 06:00 pm",0,0.183617
"Jun 21, 07:00 pm",0,0.183617
"Jun 21, 08:00 pm",0,0.183617
"Jun 21, 09:00 pm",0,0.183617
"Jun 21, 10:00 pm",0,0.183617
"Jun 21, 11:00 pm",0,0.183617
"Jun 22, 12:00 am",0,0.183617
"Jun 22, 01:00 am",0,0.183617
"Jun 22, 02:00 am",0,0.183617
"Jun 22, 03:00 am",0,0.183617
"Jun 22, 04:00 am",0,0.183617
"Jun 22, 05:00 am",0,0.183617
"Jun 22, 06:00 am",0,0.183617
"Jun 22, 07:00 am",0,0.183617
"Jun 22, 08:00 am",0,0.183617
"Jun 22, 09:00 am",0,0.183617
"Jun 22, 10:00 am",0,0.183617
"Jun 22, 11:00 am",0,0.183617
"Jun 22, 12:00 pm",0,0.183617
"Jun 22, 01:00 pm",0,0.183617
"Jun 22, 02:00 pm",0,0.183617
"Jun 22, 03:00 pm",0,0.183617
"Jun 22, 04:00 pm",0,0.183617
"Jun 22, 05:00 pm",0,0.183617
"Jun 22, 06:00 pm",0,0.183617
"Jun 22, 07:00 pm",0,0.183617
"Jun 22, 08:00 pm",0,0.183617
"Jun 22, 09:00 pm",0,0.183617
"Jun 22, 10:00 pm",0,0.183617
"Jun 22, 11:00 pm",0,0.183617
"Jun 23, 12:00 am",0,0.183617
"Jun 23, 01:00 am",0,0.183617
"Jun 23, 02:00 am",0,0.183617
"Jun 23, 03:00 am",0,0.183617
"Jun 23, 04:00 am",0,0.183617
"Jun 23, 05:00 am",0,0.183617
"Jun 23, 06:00 am",0,0.183617
"Jun 23, 07:00 am",0,0.183617
"Jun 23, 08:00 am",0,0.183617
"Jun 23, 09:00 am",0,0.183617
"Jun 23, 10:00 am",1737.31,0.8432
"Jun 23, 11:00 am",1928.73,0.937839
"Jun 23, 12:00 pm",1876.16,0.911927
"Jun 23, 01:00 pm",1813.17,0.880933
"Jun 23, 02:00 pm",1870.69,0.909177
"Jun 23, 03:00 pm",1873.54,0.910631
"Jun 23, 04:00 pm",1116.61,0.543115
"Jun 23, 05:00 pm",11.1901,0.183617
"Jun 23, 06:00 pm",0,0.183617
"Jun 23, 07:00 pm",0,0.183617
"Jun 23, 08:00 pm",0,0.183617
"Jun 23, 09:00 pm",0,0.183617
"Jun 23, 10:00 pm",0,0.183617
"Jun 23, 11:00 pm",0,0.183617
"Jun 24, 12:00 am",0,0.183617
"Jun 24, 01:00 am",0,0.183617
"Jun 24, 02:00 am",0,0.183617
"Jun 24, 03:00 am",0,0.183617
"Jun 24, 04:00 am",0,0.183617
"Jun 24, 05:00 am",0,0.183617
"Jun 24, 06:00 am",0,0.183617
"Jun 24, 07:00 am",0,0.183617
"Jun 24, 08:00 am",0,0.183617
"Jun 24, 09:00 am",0,0.183617
"Jun 24, 10:00 am",1757.29,0.848246
"Jun 24, 11:00 am",1903.25,0.925344
"Jun 24, 12:00 pm",1853.39,0.900691
"Jun 24, 01:00 pm",1791.37,0.87022
"Jun 24, 02:00 pm",1848.54,0.898193
"Jun 24, 03:00 pm",14.1934,0.183617
"Jun 24, 04:00 pm",0,0.183617
"Jun 24, 05:00 pm",0,0.183617
"Jun 24, 06:00 pm",0,0.183617
"Jun 24, 07:00 pm",0,0.183617
"Jun 24, 08:00 pm",0,0.183617
"Jun 24, 09:00 pm",0,0.183617
"Jun 24, 10:00 pm",0,0.183617
"Jun 24, 11:00 pm",0,0.183617
"Jun 25, 12:00 am",0,0.183617
"Jun 25, 01:00 am",0,0.183617
"Jun 25, 02:00 am",0,0.183617
"Jun 25, 03:00 am",0,0.183617
"Jun 25, 04:00 am",0,0.183617
"Jun 25, 05:00 am",0,0.183617
"Jun 25, 06:00 am",0,0.183617
"Jun 25, 07:00 am",0,0.183617
"Jun 25, 08:00 am",0,0.183617
"Jun 25, 09:00 am",0,0.183617
"Jun 25, 10:00 am",0,0.183617
"Jun 25, 11:00 am",0,0.183617
"Jun 25, 12:00 pm",0,0.183617
"Jun 25, 01:00 pm",0,0.183617
"Jun 25, 02:00 pm",981.072,0.562455
"Jun 25, 03:00 pm",1768.34,0.859828
"Jun 25, 04:00 pm",1057.88,0.514572
"Jun 25, 05:00 pm",11.2252,0.183617
"Jun 25, 06:00 pm",0,0.183617
"Jun 25, 07:00 pm",0,0.183617
"Jun 25, 08:00 pm",0,0.183617
"Jun 25, 09:00 pm",0,0.183617
"Jun 25, 10:00 pm",0,0.183617
"Jun 25, 11:00 pm",0,0.183617
"Jun 26, 12:00 am",0,0.183617
"Jun 26, 01:00 am",0,0.183617
"Jun 26, 02:00 am",0,0.183617
"Jun 26, 03:00 am",0,0.183617
"Jun 26, 04:00 am",0,0.183617
"Jun 26, 05:00 am",0,0.183617
"Jun 26, 06:00 am",0,0.183617
"Jun 26, 07:00 am",0,0.183617
"Jun 26, 08:00 am",0,0.183617
"Jun 26, 09:00 am",0,0.183617
"Jun 26, 10:00 am",0,0.183617
"Jun 26, 11:00 am",0,0.183617
"Jun 26, 12:00 pm",991.776,0.567308
"Jun 26, 01:00 pm",1718.27,0.835442
"Jun 26, 02:00 pm",1767.65,0.859522
"Jun 26, 03:00 pm",1770.74,0.860116
"Jun 26, 04:00 pm",1075.86,0.523192
"Jun 26, 05:00 pm",11.5659,0.183617
"Jun 26, 06:00 pm",0,0.183617
"Jun 26, 07:00 pm",0,0.183617
"Jun 26, 08:00 pm",0,0.183617
"Jun 26, 09:00 pm",0,0.183617
"Jun 26, 10:00 pm",0,0.183617
"Jun 26, 11:00 pm",0,0.183617
"Jun 27, 12:00 am",0,0.183617
"Jun 27, 01:00 am",0,0.183617
"Jun 27, 02:00 am",0,0.183617
"Jun 27, 03:00 am",0,0.183617
"Jun 27, 04:00 am",0,0.183617
"Jun 27, 05:00 am",0,0.183617
"Jun 27, 06:00 am",0,0.183617
"Jun 27, 07:00 am",0,0.183617
"Jun 27, 08:00 am",0,0.183617
"Jun 27, 09:00 am",0,0.183617
"Jun 27, 10:00 am",0,0.183617
"Jun 27, 11:00 am",0,0.183617
"Jun 27, 12:00 pm",0,0.183617
"Jun 27, 01:00 pm",0,0.183617
"Jun 27, 02:00 pm",0,0.183617
"Jun 27, 03:00 pm",0,0.183617
"Jun 27, 04:00 pm",0,0.183617
"Jun 27, 05:00 pm",0,0.183617
"Jun 27, 06:00 pm",0,0.183617
"Jun 27, 07:00 pm",0,0.183617
"Jun 27, 08:00 pm",0,0.183617
"Jun 27, 09:00 pm",0,0.183617
"Jun 27, 10:00 pm",0,0.183617
"Jun 27, 11:00 pm",0,0.183617
"Jun 28, 12:00 am",0,0.183617
"Jun 28, 01:00 am",0,0.183617
"Jun 28, 02:00 am",0,0.183617
"Jun 28, 03:00 am",0,0.183617
"Jun 28, 04:00 am",0,0.183617
"Jun 28, 05:00 am",0,0.183617
"Jun 28, 06:00 am",0,0.183617
"Jun 28, 07:00 am",0,0.183617
"Jun 28, 08:00 am",0,0.183617
"Jun 28, 09:00 am",0,0.183617
"Jun 28, 10:00 am",0,0.183617
"Jun 28, 11:00 am",0,0.183617
"Jun 28, 12:00 pm",0,0.183617
"Jun 28, 01:00 pm",0,0.183617
"Jun 28, 02:00 pm",0,0.183617
"Jun 28, 03:00 pm",0,0.183617
"Jun 28, 04:00 pm",0,0.183617
"Jun 28, 05:00 pm",0,0.183617
"Jun 28, 06:00 pm",0,0.183617
"Jun 28, 07:00 pm",0,0.183617
"Jun 28, 08:00 pm",0,0.183617
"Jun 28, 09:00 pm",0,0.183617
"Jun 28, 10:00 pm",0,0.183617
"Jun 28, 11:00 pm",0,0.183617
"Jun 29, 12:00 am",0,0.183617
"Jun 29, 01:00 am",0,0.183617
"Jun 29, 02:00 am",0,0.183617
"Jun 29, 03:00 am",0,0.183617
"Jun 29, 04:00 am",0,0.183617
"Jun 29, 05:00 am",0,0.183617
"Jun 29, 06:00 am",0,0.183617
"Jun 29, 07:00 am",0,0.183617
"Jun 29, 08:00 am",0,0.183617
"Jun 29, 09:00 am",0,0.183617
"Jun 29, 10:00 am",1677.2,0.815921
"Jun 29, 11:00 am",1901.9,0.9247
"Jun 29, 12:00 pm",13.7946,0.183617
"Jun 29, 01:00 pm",0,0.183617
"Jun 29, 02:00 pm",0,0.183617
"Jun 29, 03:00 pm",0,0.183617
"Jun 29, 04:00 pm",0,0.183617
"Jun 29, 05:00 pm",0,0.183617
"Jun 29, 06:00 pm",0,0.183617
"Jun 29, 07:00 pm",0,0.183617
"Jun 29, 08:00 pm",0,0.183617
"Jun 29, 09:00 pm",0,0.183617
"Jun 29, 10:00 pm",0,0.183617
"Jun 29, 11:00 pm",0,0.183617
"Jun 30, 12:00 am",0,0.183617
"Jun 30, 01:00 am",0,0.183617
"Jun 30, 02:00 am",0,0.183617
"Jun 30, 03:00 am",0,0.183617
"Jun 30, 04:00 am",0,0.183617
"Jun 30, 05:00 am",0,0.183617
"Jun 30, 06:00 am",0,0.183617
"Jun 30, 07:00 am",0,0.183617
"Jun 30, 08:00 am",0,0.183617
"Jun 30, 09:00 am",0,0.183617
"Jun 30, 10:00 am",0,0.183617
"Jun 30, 11:00 am",0,0.183617
"Jun 30, 12:00 pm",0,0.183617
"Jun 30, 01:00 pm",0,0.183617
"Jun 30, 02:00 pm",0,0.183617
"Jun 30, 03:00 pm",0,0.183617
"Jun 30, 04:00 pm",0,0.183617
"Jun 30, 05:00 pm",0,0.183617
"Jun 30, 06:00 pm",0,0.183617
"Jun 30, 07:00 pm",0,0.183617
"Jun 30, 08:00 pm",0,0.183617
"Jun 30, 09:00 pm",0,0.183617
"Jun 30, 10:00 pm",0,0.183617
"Jun 30, 11:00 pm",0,0.183617
"Jul 1, 12:00 am",0,0.183617
"Jul 1, 01:00 am",0,0.183617
"Jul 1, 02:00 am",0,0.183617
"Jul 1, 03:00 am",0,0.183617
"Jul 1, 04:00 am",0,0.183617
"Jul 1, 05:00 am",0,0.183617
"Jul 1, 06:00 am",0,0.183617
"Jul 1, 07:00 am",0,0.183617
"Jul 1, 08:00 am",0,0.183617
"Jul 1, 09:00 am",0,0.183617
"Jul 1, 10:00 am",12.4377,0.183617
"Jul 1, 11:00 am",0,0.183617
"Jul 1, 12:00 pm",1505.36,0.856782
"Jul 1, 01:00 pm",1744.08,0.848039
"Jul 1, 02:00 pm",1793.17,0.871134
"Jul 1, 03:00 pm",1794.48,0.871666
"Jul 1, 04:00 pm",1142.23,0.555523
"Jul 1, 05:00 pm",11.3837,0.183617
"Jul 1, 06:00 pm",0,0.183617
"Jul 1, 07:00 pm",0,0.183617
"Jul 1, 08:00 pm",0,0.183617
"Jul 1, 09:00 pm",0,0.183617
"Jul 1, 10:00 pm",0,0.183617
"Jul 1, 11:00 pm",0,0.183617
"Jul 2, 12:00 am",0,0.183617
"Jul 2, 01:00 am",0,0.183617
"Jul 2, 02:00 am",0,0.183617
"Jul 2, 03:00 am",0,0.183617
"Jul 2, 04:00 am",0,0.183617
"Jul 2, 05:00 am",0,0.183617
"Jul 2, 06:00 am",0,0.183617
"Jul 2, 07:00 am",0,0.183617
"Jul 2, 08:00 am",0,0.183617
"Jul 2, 09:00 am",0,0.183617
"Jul 2, 10:00 am",0,0.183617
"Jul 2, 11:00 am",0,0.183617
"Jul 2, 12:00 pm",0,0.183617
"Jul 2, 01:00 pm",0,0.183617
"Jul 2, 02:00 pm",0,0.183617
"Jul 2, 03:00 pm",0,0.183617
"Jul 2, 04:00 pm",0,0.183617
"Jul 2, 05:00 pm",0,0.183617
"Jul 2, 06:00 pm",0,0.183617
"Jul 2, 07:00 pm",0,0.183617
"Jul 2, 08:00 pm",0,0.183617
"Jul 2, 09:00 pm",0,0.183617
"Jul 2, 10:00 pm",0,0.183617
"Jul 2, 11:00 pm",0,0.183617
"Jul 3, 12:00 am",0,0.183617
"Jul 3, 01:00 am",0,0.183617
"Jul 3, 02:00 am",0,0.183617
"Jul 3, 03:00 am",0,0.183617
"Jul 3, 04:00 am",0,0.183617
"Jul 3, 05:00 am",0,0.183617
"Jul 3, 06:00 am",0,0.183617
"Jul 3, 07:00 am",0,0.183617
"Jul 3, 08:00 am",0,0.183617
"Jul 3, 09:00 am",0,0.183617
"Jul 3, 10:00 am",0,0.183617
"Jul 3, 11:00 am",0,0.183617
"Jul 3, 12:00 pm",0,0.183617
"Jul 3, 01:00 pm",0,0.183617
"Jul 3, 02:00 pm",0,0.183617
"Jul 3, 03:00 pm",0,0.183617
"Jul 3, 04:00 pm",0,0.183617
"Jul 3, 05:00 pm",0,0.183617
"Jul 3, 06:00 pm",0,0.183617
"Jul 3, 07:00 pm",0,0.183617
"Jul 3, 08:00 pm",0,0.183617
"Jul 3, 09:00 pm",0,0.183617
"Jul 3, 10:00 pm",0,0.183617
"Jul 3, 11:00 pm",0,0.183617
"Jul 4, 12:00 am",0,0.183617
"Jul 4, 01:00 am",0,0.183617
"Jul 4, 02:00 am",0,0.183617
"Jul 4, 03:00 am",0,0.183617
"Jul 4, 04:00 am",0,0.183617
"Jul 4, 05:00 am",0,0.183617
"Jul 4, 06:00 am",0,0.183617
"Jul 4, 07:00 am",0,0.183617
"Jul 4, 08:00 am",0,0.183617
"Jul 4, 09:00 am",0,0.183617
"Jul 4, 10:00 am",19.5347,0.183617
"Jul 4, 11:00 am",0.0677874,0.183617
"Jul 4, 12:00 pm",1609.56,0.915061
"Jul 4, 01:00 pm",1871.5,0.909619
"Jul 4, 02:00 pm",1932.24,0.939483
"Jul 4, 03:00 pm",1950.71,0.948444
"Jul 4, 04:00 pm",1304.14,0.633854
"Jul 4, 05:00 pm",11.602,0.183617
"Jul 4, 06:00 pm",0,0.183617
"Jul 4, 07:00 pm",0,0.183617
"Jul 4, 08:00 pm",0,0.183617
"Jul 4, 09:00 pm",0,0.183617
"Jul 4, 10:00 pm",0,0.183617
"Jul 4, 11:00 pm",0,0.183617
"Jul 5, 12:00 am",0,0.183617
"Jul 5, 01:00 am",0,0.183617
"Jul 5, 02:00 am",0,0.183617
"Jul 5, 03:00 am",0,0.183617
"Jul 5, 04:00 am",0,0.183617
"Jul 5, 05:00 am",0,0.183617
"Jul 5, 06:00 am",0,0.183617
"Jul 5, 07:00 am",0,0.183617
"Jul 5, 08:00 am",0,0.183617
"Jul 5, 09:00 am",0,0.183617
"Jul 5, 10:00 am",0,0.183617
"Jul 5, 11:00 am",0,0.183617
"Jul 5, 12:00 pm",0,0.183617
"Jul 5, 01:00 pm",0,0.183617
"Jul 5, 02:00 pm",0,0.183617
"Jul 5, 03:00 pm",0,0.183617
"Jul 5, 04:00 pm",0,0.183617
"Jul 5, 05:00 pm",0,0.183617
"Jul 5, 06:00 pm",0,0.183617
"Jul 5, 07:00 pm",0,0.183617
"Jul 5, 08:00 pm",0,0.183617
"Jul 5, 09:00 pm",0,0.183617
"Jul 5, 10:00 pm",0,0.183617
"Jul 5, 11:00 pm",0,0.183617
"Jul 6, 12:00 am",0,0.183617
"Jul 6, 01:00 am",0,0.183617
"Jul 6, 02:00 am",0,0.183617
"Jul 6, 03:00 am",0,0.183617
"Jul 6, 04:00 am",0,0.183617
"Jul 6, 05:00 am",0,0.183617
"Jul 6, 06:00 am",0,0.183617
"Jul 6, 07:00 am",0,0.183617
"Jul 6, 08:00 am",0,0.183617
"Jul 6, 09:00 am",0,0.183617
"Jul 6, 10:00 am",0,0.183617
"Jul 6, 11:00 am",0,0.183617
"Jul 6, 12:00 pm",1005.04,0.574859
"Jul 6, 01:00 pm",1792.34,0.87065
"Jul 6, 02:00 pm",1835.87,0.891957
"Jul 6, 03:00 pm",1849.55,0.898772
"Jul 6, 04:00 pm",1254.64,0.609743
"Jul 6, 05:00 pm",11.947,0.183617
"Jul 6, 06:00 pm",0,0.183617
"Jul 6, 07:00 pm",0,0.183617
"Jul 6, 08:00 pm",0,0.183617
"Jul 6, 09:00 pm",0,0.183617
"Jul 6, 10:00 pm",0,0.183617
"Jul 6, 11:00 pm",0,0.183617
"Jul 7, 12:00 am",0,0.183617
"Jul 7, 01:00 am",0,0.183617
"Jul 7, 02:00 am",0,0.183617
"Jul 7, 03:00 am",0,0.183617
"Jul 7, 04:00 am",0,0.183617
"Jul 7, 05:00 am",0,0.183617
"Jul 7, 06:00 am",0,0.183617
"Jul 7, 07:00 am",0,0.183617
"Jul 7, 08:00 am",0,0.183617
"Jul 7, 09:00 am",0,0.183617
"Jul 7, 10:00 am",0,0.183617
"Jul 7, 11:00 am",0,0.183617
"Jul 7, 12:00 pm",0,0.183617
"Jul 7, 01:00 pm",0,0.183617
"Jul 7, 02:00 pm",0,0.183617
"Jul 7, 03:00 pm",0,0.183617
"Jul 7, 04:00 pm",0,0.183617
"Jul 7, 05:00 pm",0,0.183617
"Jul 7, 06:00 pm",0,0.183617
"Jul 7, 07:00 pm",0,0.183617
"Jul 7, 08:00 pm",0,0.183617
"Jul 7, 09:00 pm",0,0.183617
"Jul 7, 10:00 pm",0,0.183617
"Jul 7, 11:00 pm",0,0.183617
"Jul 8, 12:00 am",0,0.183617
"Jul 8, 01:00 am",0,0.183617
"Jul 8, 02:00 am",0,0.183617
"Jul 8, 03:00 am",0,0.183617
"Jul 8, 04:00 am",0,0.183617
"Jul 8, 05:00 am",0,0.183617
"Jul 8, 06:00 am",0,0.183617
"Jul 8, 07:00 am",0,0.183617
"Jul 8, 08:00 am",0,0.183617
"Jul 8, 09:00 am",0,0.183617
"Jul 8, 10:00 am",0,0.183617
"Jul 8, 11:00 am",0,0.183617
"Jul 8, 12:00 pm",1075.34,0.607044
"Jul 8, 01:00 pm",1865.73,0.906712
"Jul 8, 02:00 pm",1912.14,0.929672
"Jul 8, 03:00 pm",1930.93,0.938821
"Jul 8, 04:00 pm",1347.28,0.654849
"Jul 8, 05:00 pm",11.7062,0.183617
"Jul 8, 06:00 pm",0,0.183617
"Jul 8, 07:00 pm",0,0.183617
"Jul 8, 08:00 pm",0,0.183617
"Jul 8, 09:00 pm",0,0.183617
"Jul 8, 10:00 pm",0,0.183617
"Jul 8, 11:00 pm",0,0.183617
"Jul 9, 12:00 am",0,0.183617
"Jul 9, 01:00 am",0,0.183617
"Jul 9, 02:00 am",0,0.183617
"Jul 9, 03:00 am",0,0.183617
"Jul 9, 04:00 am",0,0.183617
"Jul 9, 05:00 am",0,0.183617
"Jul 9, 06:00 am",0,0.183617
"Jul 9, 07:00 am",0,0.183617
"Jul 9, 08:00 am",0,0.183617
"Jul 9, 09:00 am",0,0.219078
"Jul 9, 10:00 am",1445.42,0.824548
"Jul 9, 11:00 am",1990.78,0.967973
"Jul 9, 12:00 pm",1943.05,0.944688
"Jul 9, 01:00 pm",1882.2,0.91488
"Jul 9, 02:00 pm",1933.26,0.939948
"Jul 9, 03:00 pm",1958.79,0.952338
"Jul 9, 04:00 pm",1390.15,0.675691
"Jul 9, 05:00 pm",12.0275,0.183617
"Jul 9, 06:00 pm",0,0.183617
"Jul 9, 07:00 pm",0,0.183617
"Jul 9, 08:00 pm",0,0.183617
"Jul 9, 09:00 pm",0,0.183617
"Jul 9, 10:00 pm",0,0.183617
"Jul 9, 11:00 pm",0,0.183617
"Jul 10, 12:00 am",0,0.183617
"Jul 10, 01:00 am",0,0.183617
"Jul 10, 02:00 am",0,0.183617
"Jul 10, 03:00 am",0,0.183617
"Jul 10, 04:00 am",0,0.183617
"Jul 10, 05:00 am",0,0.183617
"Jul 10, 06:00 am",0,0.183617
"Jul 10, 07:00 am",0,0.183617
"Jul 10, 08:00 am",0,0.183617
"Jul 10, 09:00 am",0,0.183617
"Jul 10, 10:00 am",0,0.183617
"Jul 10, 11:00 am",0,0.183617
"Jul 10, 12:00 pm",1156.77,0.642645
"Jul 10, 01:00 pm",1901.5,0.924231
"Jul 10, 02:00 pm",1941.53,0.943959
"Jul 10, 03:00 pm",1963.13,0.954451
"Jul 10, 04:00 pm",1407.05,0.683924
"Jul 10, 05:00 pm",11.9086,0.183617
"Jul 10, 06:00 pm",0,0.183617
"Jul 10, 07:00 pm",0,0.183617
"Jul 10, 08:00 pm",0,0.183617
"Jul 10, 09:00 pm",0,0.183617
"Jul 10, 10:00 pm",0,0.183617
"Jul 10, 11:00 pm",0,0.183617
"Jul 11, 12:00 am",0,0.183617
"Jul 11, 01:00 am",0,0.183617
"Jul 11, 02:00 am",0,0.183617
"Jul 11, 03:00 am",0,0.183617
"Jul 11, 04:00 am",0,0.183617
"Jul 11, 05:00 am",0,0.183617
"Jul 11, 06:00 am",0,0.183617
"Jul 11, 07:00 am",0,0.183617
"Jul 11, 08:00 am",0,0.183617
"Jul 11, 09:00 am",0,0.22274
"Jul 11, 10:00 am",1519.94,0.865544
"Jul 11, 11:00 am",2071.82,1.00733
"Jul 11, 12:00 pm",2000.84,0.972742
"Jul 11, 01:00 pm",1924.46,0.935637
"Jul 11, 02:00 pm",14.6724,0.183617
"Jul 11, 03:00 pm",0,0.183617
"Jul 11, 04:00 pm",0,0.183617
"Jul 11, 05:00 pm",0,0.183617
"Jul 11, 06:00 pm",0,0.183617
"Jul 11, 07:00 pm",0,0.183617
"Jul 11, 08:00 pm",0,0.183617
"Jul 11, 09:00 pm",0,0.183617
"Jul 11, 10:00 pm",0,0.183617
"Jul 11, 11:00 pm",0,0.183617
"Jul 12, 12:00 am",0,0.183617
"Jul 12, 01:00 am",0,0.183617
"Jul 12, 02:00 am",0,0.183617
"Jul 12, 03:00 am",0,0.183617
"Jul 12, 04:00 am",0,0.183617
"Jul 12, 05:00 am",0,0.183617
"Jul 12, 06:00 am",0,0.183617
"Jul 12, 07:00 am",0,0.183617
"Jul 12, 08:00 am",0,0.183617
"Jul 12, 09:00 am",0,0.183617
"Jul 12, 10:00 am",0,0.183617
"Jul 12, 11:00 am",0,0.183617
"Jul 12, 12:00 pm",0,0.183617
"Jul 12, 01:00 pm",0,0.183617
"Jul 12, 02:00 pm",1098.37,0.616015
"Jul 12, 03:00 pm",1901.13,0.924099
"Jul 12, 04:00 pm",13.3883,0.183617
"Jul 12, 05:00 pm",0,0.183617
"Jul 12, 06:00 pm",0,0.183617
"Jul 12, 07:00 pm",0,0.183617
"Jul 12, 08:00 pm",0,0.183617
"Jul 12, 09:00 pm",0,0.183617
"Jul 12, 10:00 pm",0,0.183617
"Jul 12, 11:00 pm",0,0.183617
"Jul 13, 12:00 am",0,0.183617
"Jul 13, 01:00 am",0,0.183617
"Jul 13, 02:00 am",0,0.183617
"Jul 13, 03:00 am",0,0.183617
"Jul 13, 04:00 am",0,0.183617
"Jul 13, 05:00 am",0,0.183617
"Jul 13, 06:00 am",0,0.183617
"Jul 13, 07:00 am",0,0.183617
"Jul 13, 08:00 am",0,0.183617
"Jul 13, 09:00 am",0,0.218531
"Jul 13, 10:00 am",0,0.183617
"Jul 13, 11:00 am",0,0.183617
"Jul 13, 12:00 pm",0,0.183617
"Jul 13, 01:00 pm",0,0.183617
"Jul 13, 02:00 pm",0,0.183617
"Jul 13, 03:00 pm",0,0.183617
"Jul 13, 04:00 pm",0,0.183617
"Jul 13, 05:00 pm",0,0.183617
"Jul 13, 06:00 pm",0,0.183617
"Jul 13, 07:00 pm",0,0.183617
"Jul 13, 08:00 pm",0,0.183617
"Jul 13, 09:00 pm",0,0.183617
"Jul 13, 10:00 pm",0,0.183617
"Jul 13, 11:00 pm",0,0.183617
"Jul 14, 12:00 am",0,0.183617
"Jul 14, 01:00 am",0,0.183617
"Jul 14, 02:00 am",0,0.183617
"Jul 14, 03:00 am",0,0.183617
"Jul 14, 04:00 am",0,0.183617
"Jul 14, 05:00 am",0,0.183617
"Jul 14, 06:00 am",0,0.183617
"Jul 14, 07:00 am",0,0.183617
"Jul 14, 08:00 am",0,0.183617
"Jul 14, 09:00 am",0,0.183617
"Jul 14, 10:00 am",0,0.183617
"Jul 14, 11:00 am",0,0.183617
"Jul 14, 12:00 pm",0,0.183617
"Jul 14, 01:00 pm",0,0.183617
"Jul 14, 02:00 pm",0,0.183617
"Jul 14, 03:00 pm",0,0.183617
"Jul 14, 04:00 pm",0,0.183617
"Jul 14, 05:00 pm",0,0.183617
"Jul 14, 06:00 pm",0,0.183617
"Jul 14, 07:00 pm",0,0.183617
"Jul 14, 08:00 pm",0,0.183617
"Jul 14, 09:00 pm",0,0.183617
"Jul 14, 10:00 pm",0,0.183617
"Jul 14, 11:00 pm",0,0.183617
"Jul 15, 12:00 am",0,0.183617
"Jul 15, 01:00 am",0,0.183617
"Jul 15, 02:00 am",0,0.183617
"Jul 15, 03:00 am",0,0.183617
"Jul 15, 04:00 am",0,0.183617
"Jul 15, 05:00 am",0,0.183617
"Jul 15, 06:00 am",0,0.183617
"Jul 15, 07:00 am",0,0.183617
"Jul 15, 08:00 am",0,0.183617
"Jul 15, 09:00 am",0,0.183617
"Jul 15, 10:00 am",1758.78,0.851679
"Jul 15, 11:00 am",2011.67,0.978145
"Jul 15, 12:00 pm",13.9169,0.183617
"Jul 15, 01:00 pm",0,0.183617
"Jul 15, 02:00 pm",0,0.183617
"Jul 15, 03:00 pm",0,0.183617
"Jul 15, 04:00 pm",0,0.183617
"Jul 15, 05:00 pm",0,0.183617
"Jul 15, 06:00 pm",0,0.183617
"Jul 15, 07:00 pm",0,0.183617
"Jul 15, 08:00 pm",0,0.183617
"Jul 15, 09:00 pm",0,0.183617
"Jul 15, 10:00 pm",0,0.183617
"Jul 15, 11:00 pm",0,0.183617
"Jul 16, 12:00 am",0,0.183617
"Jul 16, 01:00 am",0,0.183617
"Jul 16, 02:00 am",0,0.183617
"Jul 16, 03:00 am",0,0.183617
"Jul 16, 04:00 am",0,0.183617
"Jul 16, 05:00 am",0,0.183617
"Jul 16, 06:00 am",0,0.183617
"Jul 16, 07:00 am",0,0.183617
"Jul 16, 08:00 am",0,0.183617
"Jul 16, 09:00 am",0,0.183617
"Jul 16, 10:00 am",0,0.183617
"Jul 16, 11:00 am",0,0.183617
"Jul 16, 12:00 pm",0,0.183617
"Jul 16, 01:00 pm",0,0.183617
"Jul 16, 02:00 pm",0,0.183617
"Jul 16, 03:00 pm",0,0.183617
"Jul 16, 04:00 pm",0,0.183617
"Jul 16, 05:00 pm",0,0.183617
"Jul 16, 06:00 pm",0,0.183617
"Jul 16, 07:00 pm",0,0.183617
"Jul 16, 08:00 pm",0,0.183617
"Jul 16, 09:00 pm",0,0.183617
"Jul 16, 10:00 pm",0,0.183617
"Jul 16, 11:00 pm",0,0.183617
"Jul 17, 12:00 am",0,0.183617
"Jul 17, 01:00 am",0,0.183617
"Jul 17, 02:00 am",0,0.183617
"Jul 17, 03:00 am",0,0.183617
"Jul 17, 04:00 am",0,0.183617
"Jul 17, 05:00 am",0,0.183617
"Jul 17, 06:00 am",0,0.183617
"Jul 17, 07:00 am",0,0.183617
"Jul 17, 08:00 am",0,0.183617
"Jul 17, 09:00 am",0,0.183617
"Jul 17, 10:00 am",1820.41,0.879662
"Jul 17, 11:00 am",2059.31,1.00129
"Jul 17, 12:00 pm",2008.81,0.976663
"Jul 17, 01:00 pm",1959.89,0.952896
"Jul 17, 02:00 pm",1995.22,0.970076
"Jul 17, 03:00 pm",2032.86,0.988367
"Jul 17, 04:00 pm",1517.7,0.737833
"Jul 17, 05:00 pm",14.1848,0.183617
"Jul 17, 06:00 pm",0,0.183617
"Jul 17, 07:00 pm",0,0.183617
"Jul 17, 08:00 pm",0,0.183617
"Jul 17, 09:00 pm",0,0.183617
"Jul 17, 10:00 pm",0,0.183617
"Jul 17, 11:00 pm",0,0.183617
"Jul 18, 12:00 am",0,0.183617
"Jul 18, 01:00 am",0,0.183617
"Jul 18, 02:00 am",0,0.183617
"Jul 18, 03:00 am",0,0.183617
"Jul 18, 04:00 am",0,0.183617
"Jul 18, 05:00 am",0,0.183617
"Jul 18, 06:00 am",0,0.183617
"Jul 18, 07:00 am",0,0.183617
"Jul 18, 08:00 am",0,0.183617
"Jul 18, 09:00 am",0,0.22539
"Jul 18, 10:00 am",1555.11,0.884973
"Jul 18, 11:00 am",2137.4,1.03921
"Jul 18, 12:00 pm",2075.54,1.00906
"Jul 18, 01:00 pm",2021.06,0.982584
"Jul 18, 02:00 pm",2050.5,0.996902
"Jul 18, 03:00 pm",2090.95,1.01656
"Jul 18, 04:00 pm",1569.68,0.763097
"Jul 18, 05:00 pm",15.5511,0.183617
"Jul 18, 06:00 pm",0,0.183617
"Jul 18, 07:00 pm",0,0.183617
"Jul 18, 08:00 pm",0,0.183617
"Jul 18, 09:00 pm",0,0.183617
"Jul 18, 10:00 pm",0,0.183617
"Jul 18, 11:00 pm",0,0.183617
"Jul 19, 12:00 am",0,0.183617
"Jul 19, 01:00 am",0,0.183617
"Jul 19, 02:00 am",0,0.183617
"Jul 19, 03:00 am",0,0.183617
"Jul 19, 04:00 am",0,0.183617
"Jul 19, 05:00 am",0,0.183617
"Jul 19, 06:00 am",0,0.183617
"Jul 19, 07:00 am",0,0.183617
"Jul 19, 08:00 am",0,0.183617
"Jul 19, 09:00 am",0,0.226311
"Jul 19, 10:00 am",1567.29,0.891804
"Jul 19, 11:00 am",2152.77,1.04777
"Jul 19, 12:00 pm",2085.5,1.01391
"Jul 19, 01:00 pm",2028.98,0.986449
"Jul 19, 02:00 pm",2050.58,0.996966
"Jul 19, 03:00 pm",14.2441,0.183617
"Jul 19, 04:00 pm",0,0.183617
"Jul 19, 05:00 pm",0,0.183617
"Jul 19, 06:00 pm",0,0.183617
"Jul 19, 07:00 pm",0,0.183617
"Jul 19, 08:00 pm",0,0.183617
"Jul 19, 09:00 pm",0,0.183617
"Jul 19, 10:00 pm",0,0.183617
"Jul 19, 11:00 pm",0,0.183617
"Jul 20, 12:00 am",0,0.183617
"Jul 20, 01:00 am",0,0.183617
"Jul 20, 02:00 am",0,0.183617
"Jul 20, 03:00 am",0,0.183617
"Jul 20, 04:00 am",0,0.183617
"Jul 20, 05:00 am",0,0.183617
"Jul 20, 06:00 am",0,0.183617
"Jul 20, 07:00 am",0,0.183617
"Jul 20, 08:00 am",0,0.183617
"Jul 20, 09:00 am",0,0.183617
"Jul 20, 10:00 am",0,0.183617
"Jul 20, 11:00 am",0,0.183617
"Jul 20, 12:00 pm",0,0.183617
"Jul 20, 01:00 pm",0,0.183617
"Jul 20, 02:00 pm",0,0.183617
"Jul 20, 03:00 pm",0,0.183617
"Jul 20, 04:00 pm",0,0.183617
"Jul 20, 05:00 pm",0,0.183617
"Jul 20, 06:00 pm",0,0.183617
"Jul 20, 07:00 pm",0,0.183617
"Jul 20, 08:00 pm",0,0.183617
"Jul 20, 09:00 pm",0,0.183617
"Jul 20, 10:00 pm",0,0.183617
"Jul 20, 11:00 pm",0,0.183617
"Jul 21, 12:00 am",0,0.183617
"Jul 21, 01:00 am",0,0.183617
"Jul 21, 02:00 am",0,0.183617
"Jul 21, 03:00 am",0,0.183617
"Jul 21, 04:00 am",0,0.183617
"Jul 21, 05:00 am",0,0.183617
"Jul 21, 06:00 am",0,0.183617
"Jul 21, 07:00 am",0,0.183617
"Jul 21, 08:00 am",0,0.183617
"Jul 21, 09:00 am",0,0.183617
"Jul 21, 10:00 am",0,0.183617
"Jul 21, 11:00 am",0,0.183617
"Jul 21, 12:00 pm",1154.44,0.642645
"Jul 21, 01:00 pm",2025.55,0.984738
"Jul 21, 02:00 pm",2049.01,0.996206
"Jul 21, 03:00 pm",2090.98,1.01661
"Jul 21, 04:00 pm",1570.96,0.763758
"Jul 21, 05:00 pm",17.103,0.183617
"Jul 21, 06:00 pm",0,0.183617
"Jul 21, 07:00 pm",0,0.183617
"Jul 21, 08:00 pm",0,0.183617
"Jul 21, 09:00 pm",0,0.183617
"Jul 21, 10:00 pm",0,0.183617
"Jul 21, 11:00 pm",0,0.183617
"Jul 22, 12:00 am",0,0.183617
"Jul 22, 01:00 am",0,0.183617
"Jul 22, 02:00 am",0,0.183617
"Jul 22, 03:00 am",0,0.183617
"Jul 22, 04:00 am",0,0.183617
"Jul 22, 05:00 am",0,0.183617
"Jul 22, 06:00 am",0,0.183617
"Jul 22, 07:00 am",0,0.183617
"Jul 22, 08:00 am",0,0.183617
"Jul 22, 09:00 am",0,0.229197
"Jul 22, 10:00 am",1610.3,0.915782
"Jul 22, 11:00 am",2209.31,1.07415
"Jul 22, 12:00 pm",2143.8,1.04355
"Jul 22, 01:00 pm",2093.2,1.01763
"Jul 22, 02:00 pm",2106.2,1.02397
"Jul 22, 03:00 pm",2147.45,1.04525
"Jul 22, 04:00 pm",1619.25,0.787227
"Jul 22, 05:00 pm",18.6283,0.183617
"Jul 22, 06:00 pm",0,0.183617
"Jul 22, 07:00 pm",0,0.183617
"Jul 22, 08:00 pm",0,0.183617
"Jul 22, 09:00 pm",0,0.183617
"Jul 22, 10:00 pm",0,0.183617
"Jul 22, 11:00 pm",0,0.183617
"Jul 23, 12:00 am",0,0.183617
"Jul 23, 01:00 am",0,0.183617
"Jul 23, 02:00 am",0,0.183617
"Jul 23, 03:00 am",0,0.183617
"Jul 23, 04:00 am",0,0.183617
"Jul 23, 05:00 am",0,0.183617
"Jul 23, 06:00 am",0,0.183617
"Jul 23, 07:00 am",0,0.183617
"Jul 23, 08:00 am",0,0.183617
"Jul 23, 09:00 am",0,0.228623
"Jul 23, 10:00 am",1595.38,0.907378
"Jul 23, 11:00 am",2193.2,1.06652
"Jul 23, 12:00 pm",2134.94,1.0379
"Jul 23, 01:00 pm",2088.9,1.01554
"Jul 23, 02:00 pm",2102.58,1.0222
"Jul 23, 03:00 pm",2147.02,1.04504
"Jul 23, 04:00 pm",1621.98,0.788552
"Jul 23, 05:00 pm",19.6172,0.183617
"Jul 23, 06:00 pm",7.62795,0.183617
"Jul 23, 07:00 pm",0,0.183617
"Jul 23, 08:00 pm",0,0.183617
"Jul 23, 09:00 pm",0,0.183617
"Jul 23, 10:00 pm",0,0.183617
"Jul 23, 11:00 pm",0,0.183617
"Jul 24, 12:00 am",0,0.183617
"Jul 24, 01:00 am",0,0.183617
"Jul 24, 02:00 am",0,0.183617
"Jul 24, 03:00 am",0,0.183617
"Jul 24, 04:00 am",0,0.183617
"Jul 24, 05:00 am",0,0.183617
"Jul 24, 06:00 am",0,0.183617
"Jul 24, 07:00 am",0,0.183617
"Jul 24, 08:00 am",0,0.183617
"Jul 24, 09:00 am",0,0.23007
"Jul 24, 10:00 am",1620.32,0.921262
"Jul 24, 11:00 am",2225.19,1.08174
"Jul 24, 12:00 pm",2169.76,1.05546
"Jul 24, 01:00 pm",2128.07,1.03455
"Jul 24, 02:00 pm",2142.3,1.04147
"Jul 24, 03:00 pm",2187.21,1.06361
"Jul 24, 04:00 pm",1656.49,0.805324
"Jul 24, 05:00 pm",21.1591,0.183617
"Jul 24, 06:00 pm",9.83509,0.183617
"Jul 24, 07:00 pm",0,0.183617
"Jul 24, 08:00 pm",0,0.183617
"Jul 24, 09:00 pm",0,0.183617
"Jul 24, 10:00 pm",0,0.183617
"Jul 24, 11:00 pm",0,0.183617
"Jul 25, 12:00 am",0,0.183617
"Jul 25, 01:00 am",0,0.183617
"Jul 25, 02:00 am",0,0.183617
"Jul 25, 03:00 am",0,0.183617
"Jul 25, 04:00 am",0,0.183617
"Jul 25, 05:00 am",0,0.183617
"Jul 25, 06:00 am",0,0.183617
"Jul 25, 07:00 am",0,0.183617
"Jul 25, 08:00 am",0,0.183617
"Jul 25, 09:00 am",164.773,0.282429
"Jul 25, 10:00 am",1998.5,0.971756
"Jul 25, 11:00 am",2265.87,1.1017
"Jul 25, 12:00 pm",2230.89,1.08438
"Jul 25, 01:00 pm",2192.78,1.06619
"Jul 25, 02:00 pm",2207.5,1.07316
"Jul 25, 03:00 pm",2256.4,1.09684
"Jul 25, 04:00 pm",1712.21,0.832401
"Jul 25, 05:00 pm",27.0837,0.183617
"Jul 25, 06:00 pm",11.1141,0.183617
"Jul 25, 07:00 pm",0,0.183617
"Jul 25, 08:00 pm",0,0.183617
"Jul 25, 09:00 pm",0,0.183617
"Jul 25, 10:00 pm",0,0.183617
"Jul 25, 11:00 pm",0,0.183617
"Jul 26, 12:00 am",0,0.183617
"Jul 26, 01:00 am",0,0.183617
"Jul 26, 02:00 am",0,0.183617
"Jul 26, 03:00 am",0,0.183617
"Jul 26, 04:00 am",0,0.183617
"Jul 26, 05:00 am",0,0.183617
"Jul 26, 06:00 am",0,0.183617
"Jul 26, 07:00 am",0,0.183617
"Jul 26, 08:00 am",0,0.183617
"Jul 26, 09:00 am",175.811,0.28917
"Jul 26, 10:00 am",2016.95,0.980816
"Jul 26, 11:00 am",14.7255,0.183617
"Jul 26, 12:00 pm",0,0.183617
"Jul 26, 01:00 pm",1823.67,1.03469
"Jul 26, 02:00 pm",2196.72,1.06807
"Jul 26, 03:00 pm",2245.92,1.09171
"Jul 26, 04:00 pm",1702.55,0.827707
"Jul 26, 05:00 pm",33.3155,0.183617
"Jul 26, 06:00 pm",11.0983,0.183617
"Jul 26, 07:00 pm",0,0.183617
"Jul 26, 08:00 pm",0,0.183617
"Jul 26, 09:00 pm",0,0.183617
"Jul 26, 10:00 pm",0,0.183617
"Jul 26, 11:00 pm",0,0.183617
"Jul 27, 12:00 am",0,0.183617
"Jul 27, 01:00 am",0,0.183617
"Jul 27, 02:00 am",0,0.183617
"Jul 27, 03:00 am",0,0.183617
"Jul 27, 04:00 am",0,0.183617
"Jul 27, 05:00 am",0,0.183617
"Jul 27, 06:00 am",0,0.183617
"Jul 27, 07:00 am",0,0.183617
"Jul 27, 08:00 am",0,0.183617
"Jul 27, 09:00 am",175.853,0.288566
"Jul 27, 10:00 am",1995.66,0.970461
"Jul 27, 11:00 am",2265.87,1.1017
"Jul 27, 12:00 pm",15.0178,0.183617
"Jul 27, 01:00 pm",0,0.183617
"Jul 27, 02:00 pm",0,0.183617
"Jul 27, 03:00 pm",0,0.183617
"Jul 27, 04:00 pm",0,0.183617
"Jul 27, 05:00 pm",0,0.183617
"Jul 27, 06:00 pm",0,0.183617
"Jul 27, 07:00 pm",0,0.183617
"Jul 27, 08:00 pm",0,0.183617
"Jul 27, 09:00 pm",0,0.183617
"Jul 27, 10:00 pm",0,0.183617
"Jul 27, 11:00 pm",0,0.183617
"Jul 28, 12:00 am",0,0.183617
"Jul 28, 01:00 am",0,0.183617
"Jul 28, 02:00 am",0,0.183617
"Jul 28, 03:00 am",0,0.183617
"Jul 28, 04:00 am",0,0.183617
"Jul 28, 05:00 am",0,0.183617
"Jul 28, 06:00 am",0,0.183617
"Jul 28, 07:00 am",0,0.183617
"Jul 28, 08:00 am",0,0.183617
"Jul 28, 09:00 am",0,0.183617
"Jul 28, 10:00 am",0,0.183617
"Jul 28, 11:00 am",0,0.183617
"Jul 28, 12:00 pm",0,0.183617
"Jul 28, 01:00 pm",0,0.183617
"Jul 28, 02:00 pm",0,0.183617
"Jul 28, 03:00 pm",0,0.183617
"Jul 28, 04:00 pm",0,0.183617
"Jul 28, 05:00 pm",0,0.183617
"Jul 28, 06:00 pm",0,0.183617
"Jul 28, 07:00 pm",0,0.183617
"Jul 28, 08:00 pm",0,0.183617
"Jul 28, 09:00 pm",0,0.183617
"Jul 28, 10:00 pm",0,0.183617
"Jul 28, 11:00 pm",0,0.183617
"Jul 29, 12:00 am",0,0.183617
"Jul 29, 01:00 am",0,0.183617
"Jul 29, 02:00 am",0,0.183617
"Jul 29, 03:00 am",0,0.183617
"Jul 29, 04:00 am",0,0.183617
"Jul 29, 05:00 am",0,0.183617
"Jul 29, 06:00 am",0,0.183617
"Jul 29, 07:00 am",0,0.183617
"Jul 29, 08:00 am",0,0.183617
"Jul 29, 09:00 am",0,0.183617
"Jul 29, 10:00 am",0,0.183617
"Jul 29, 11:00 am",0,0.183617
"Jul 29, 12:00 pm",0,0.183617
"Jul 29, 01:00 pm",0,0.183617
"Jul 29, 02:00 pm",0,0.183617
"Jul 29, 03:00 pm",0,0.183617
"Jul 29, 04:00 pm",0,0.183617
"Jul 29, 05:00 pm",0,0.183617
"Jul 29, 06:00 pm",0,0.183617
"Jul 29, 07:00 pm",0,0.183617
"Jul 29, 08:00 pm",0,0.183617
"Jul 29, 09:00 pm",0,0.183617
"Jul 29, 10:00 pm",0,0.183617
"Jul 29, 11:00 pm",0,0.183617
"Jul 30, 12:00 am",0,0.183617
"Jul 30, 01:00 am",0,0.183617
"Jul 30, 02:00 am",0,0.183617
"Jul 30, 03:00 am",0,0.183617
"Jul 30, 04:00 am",0,0.183617
"Jul 30, 05:00 am",0,0.183617
"Jul 30, 06:00 am",0,0.183617
"Jul 30, 07:00 am",0,0.183617
"Jul 30, 08:00 am",0,0.183617
"Jul 30, 09:00 am",0,0.183617
"Jul 30, 10:00 am",0,0.183617
"Jul 30, 11:00 am",0,0.183617
"Jul 30, 12:00 pm",0,0.183617
"Jul 30, 01:00 pm",0,0.183617
"Jul 30, 02:00 pm",0,0.183617
"Jul 30, 03:00 pm",0,0.183617
"Jul 30, 04:00 pm",0,0.183617
"Jul 30, 05:00 pm",0,0.183617
"Jul 30, 06:00 pm",0,0.183617
"Jul 30, 07:00 pm",0,0.183617
"Jul 30, 08:00 pm",0,0.183617
"Jul 30, 09:00 pm",0,0.183617
"Jul 30, 10:00 pm",0,0.183617
"Jul 30, 11:00 pm",0,0.183617
"Jul 31, 12:00 am",0,0.183617
"Jul 31, 01:00 am",0,0.183617
"Jul 31, 02:00 am",0,0.183617
"Jul 31, 03:00 am",0,0.183617
"Jul 31, 04:00 am",0,0.183617
"Jul 31, 05:00 am",0,0.183617
"Jul 31, 06:00 am",0,0.183617
"Jul 31, 07:00 am",0,0.183617
"Jul 31, 08:00 am",0,0.183617
"Jul 31, 09:00 am",0,0.183617
"Jul 31, 10:00 am",0,0.183617
"Jul 31, 11:00 am",0,0.183617
"Jul 31, 12:00 pm",0,0.183617
"Jul 31, 01:00 pm",0,0.183617
"Jul 31, 02:00 pm",0,0.183617
"Jul 31, 03:00 pm",0,0.183617
"Jul 31, 04:00 pm",0,0.183617
"Jul 31, 05:00 pm",0,0.183617
"Jul 31, 06:00 pm",0,0.183617
"Jul 31, 07:00 pm",0,0.183617
"Jul 31, 08:00 pm",0,0.183617
"Jul 31, 09:00 pm",0,0.183617
"Jul 31, 10:00 pm",0,0.183617
"Jul 31, 11:00 pm",0,0.183617
"Aug 1, 12:00 am",0,0.183617
"Aug 1, 01:00 am",0,0.183617
"Aug 1, 02:00 am",0,0.183617
"Aug 1, 03:00 am",0,0.183617
"Aug 1, 04:00 am",0,0.183617
"Aug 1, 05:00 am",0,0.183617
"Aug 1, 06:00 am",0,0.183617
"Aug 1, 07:00 am",0,0.183617
"Aug 1, 08:00 am",0,0.183617
"Aug 1, 09:00 am",189.933,0.299228
"Aug 1, 10:00 am",2060.91,1.00205
"Aug 1, 11:00 am",2266.42,1.1017
"Aug 1, 12:00 pm",2266.31,1.1017
"Aug 1, 01:00 pm",2266.32,1.1017
"Aug 1, 02:00 pm",2266.33,1.1017
"Aug 1, 03:00 pm",2267.04,1.1017
"Aug 1, 04:00 pm",1805.31,0.876925
"Aug 1, 05:00 pm",103.092,0.183617
"Aug 1, 06:00 pm",11.4027,0.183617
"Aug 1, 07:00 pm",0,0.183617
"Aug 1, 08:00 pm",0,0.183617
"Aug 1, 09:00 pm",0,0.183617
"Aug 1, 10:00 pm",0,0.183617
"Aug 1, 11:00 pm",0,0.183617
"Aug 2, 12:00 am",0,0.183617
"Aug 2, 01:00 am",0,0.183617
"Aug 2, 02:00 am",0,0.183617
"Aug 2, 03:00 am",0,0.183617
"Aug 2, 04:00 am",0,0.183617
"Aug 2, 05:00 am",0,0.183617
"Aug 2, 06:00 am",0,0.183617
"Aug 2, 07:00 am",0,0.183617
"Aug 2, 08:00 am",0,0.183617
"Aug 2, 09:00 am",0,0.183617
"Aug 2, 10:00 am",0,0.183617
"Aug 2, 11:00 am",0,0.183617
"Aug 2, 12:00 pm",0,0.183617
"Aug 2, 01:00 pm",0,0.183617
"Aug 2, 02:00 pm",0,0.183617
"Aug 2, 03:00 pm",1523.38,0.795659
"Aug 2, 04:00 pm",1744.19,0.847977
"Aug 2, 05:00 pm",101.299,0.183617
"Aug 2, 06:00 pm",11.0973,0.183617
"Aug 2, 07:00 pm",0,0.183617
"Aug 2, 08:00 pm",0,0.183617
"Aug 2, 09:00 pm",0,0.183617
"Aug 2, 10:00 pm",0,0.183617
"Aug 2, 11:00 pm",0,0.183617
"Aug 3, 12:00 am",0,0.183617
"Aug 3, 01:00 am",0,0.183617
"Aug 3, 02:00 am",0,0.183617
"Aug 3, 03:00 am",0,0.183617
"Aug 3, 04:00 am",0,0.183617
"Aug 3, 05:00 am",0,0.183617
"Aug 3, 06:00 am",0,0.183617
"Aug 3, 07:00 am",0,0.183617
"Aug 3, 08:00 am",0,0.183617
"Aug 3, 09:00 am",0,0.183617
"Aug 3, 10:00 am",0,0.183617
"Aug 3, 11:00 am",0,0.183617
"Aug 3, 12:00 pm",0,0.183617
"Aug 3, 01:00 pm",1521.04,0.795659
"Aug 3, 02:00 pm",2266.03,1.1017
"Aug 3, 03:00 pm",2266.63,1.1017
"Aug 3, 04:00 pm",1811.66,0.880079
"Aug 3, 05:00 pm",122.008,0.183617
"Aug 3, 06:00 pm",10.8129,0.183617
"Aug 3, 07:00 pm",0,0.183617
"Aug 3, 08:00 pm",0,0.183617
"Aug 3, 09:00 pm",0,0.183617
"Aug 3, 10:00 pm",0,0.183617
"Aug 3, 11:00 pm",0,0.183617
"Aug 4, 12:00 am",0,0.183617
"Aug 4, 01:00 am",0,0.183617
"Aug 4, 02:00 am",0,0.183617
"Aug 4, 03:00 am",0,0.183617
"Aug 4, 04:00 am",0,0.183617
"Aug 4, 05:00 am",0,0.183617
"Aug 4, 06:00 am",0,0.183617
"Aug 4, 07:00 am",0,0.183617
"Aug 4, 08:00 am",0,0.183617
"Aug 4, 09:00 am",0,0.183617
"Aug 4, 10:00 am",0,0.183617
"Aug 4, 11:00 am",0,0.183617
"Aug 4, 12:00 pm",0,0.183617
"Aug 4, 01:00 pm",0,0.183617
"Aug 4, 02:00 pm",0,0.183617
"Aug 4, 03:00 pm",0,0.183617
"Aug 4, 04:00 pm",0,0.183617
"Aug 4, 05:00 pm",0,0.183617
"Aug 4, 06:00 pm",0,0.183617
"Aug 4, 07:00 pm",0,0.183617
"Aug 4, 08:00 pm",0,0.183617
"Aug 4, 09:00 pm",0,0.183617
"Aug 4, 10:00 pm",0,0.183617
"Aug 4, 11:00 pm",0,0.183617
"Aug 5, 12:00 am",0,0.183617
"Aug 5, 01:00 am",0,0.183617
"Aug 5, 02:00 am",0,0.183617
"Aug 5, 03:00 am",0,0.183617
"Aug 5, 04:00 am",0,0.183617
"Aug 5, 05:00 am",0,0.183617
"Aug 5, 06:00 am",0,0.183617
"Aug 5, 07:00 am",0,0.183617
"Aug 5, 08:00 am",0,0.183617
"Aug 5, 09:00 am",646.555,0.405103
"Aug 5, 10:00 am",2217.55,1.07816
"Aug 5, 11:00 am",14.9137,0.183617
"Aug 5, 12:00 pm",0,0.183617
"Aug 5, 01:00 pm",0,0.183617
"Aug 5, 02:00 pm",0,0.183617
"Aug 5, 03:00 pm",0,0.183617
"Aug 5, 04:00 pm",0,0.183617
"Aug 5, 05:00 pm",0,0.183617
"Aug 5, 06:00 pm",0,0.183617
"Aug 5, 07:00 pm",0,0.183617
"Aug 5, 08:00 pm",0,0.183617
"Aug 5, 09:00 pm",0,0.183617
"Aug 5, 10:00 pm",0,0.183617
"Aug 5, 11:00 pm",0,0.183617
"Aug 6, 12:00 am",0,0.183617
"Aug 6, 01:00 am",0,0.183617
"Aug 6, 02:00 am",0,0.183617
"Aug 6, 03:00 am",0,0.183617
"Aug 6, 04:00 am",0,0.183617
"Aug 6, 05:00 am",0,0.183617
"Aug 6, 06:00 am",0,0.183617
"Aug 6, 07:00 am",0,0.183617
"Aug 6, 08:00 am",0,0.183617
"Aug 6, 09:00 am",0,0.183617
"Aug 6, 10:00 am",0,0.183617
"Aug 6, 11:00 am",0,0.183617
"Aug 6, 12:00 pm",0,0.183617
"Aug 6, 01:00 pm",0,0.183617
"Aug 6, 02:00 pm",0,0.183617
"Aug 6, 03:00 pm",1526.54,0.795659
"Aug 6, 04:00 pm",1902.04,0.92452
"Aug 6, 05:00 pm",168.3,0.183617
"Aug 6, 06:00 pm",10.4434,0.183617
"Aug 6, 07:00 pm",0,0.183617
"Aug 6, 08:00 pm",0,0.183617
"Aug 6, 09:00 pm",0,0.183617
"Aug 6, 10:00 pm",0,0.183617
"Aug 6, 11:00 pm",0,0.183617
"Aug 7, 12:00 am",0,0.183617
"Aug 7, 01:00 am",0,0.183617
"Aug 7, 02:00 am",0,0.183617
"Aug 7, 03:00 am",0,0.183617
"Aug 7, 04:00 am",0,0.183617
"Aug 7, 05:00 am",0,0.183617
"Aug 7, 06:00 am",0,0.183617
"Aug 7, 07:00 am",0,0.183617
"Aug 7, 08:00 am",0,0.183617
"Aug 7, 09:00 am",828.198,0.487894
"Aug 7, 10:00 am",2265.97,1.1017
"Aug 7, 11:00 am",2266.57,1.1017
"Aug 7, 12:00 pm",2266.6,1.1017
"Aug 7, 01:00 pm",2266.61,1.1017
"Aug 7, 02:00 pm",2266.58,1.1017
"Aug 7, 03:00 pm",2266.58,1.1017
"Aug 7, 04:00 pm",1999.44,0.972032
"Aug 7, 05:00 pm",196.585,0.183617
"Aug 7, 06:00 pm",10.7482,0.183617
"Aug 7, 07:00 pm",0,0.183617
"Aug 7, 08:00 pm",0,0.183617
"Aug 7, 09:00 pm",0,0.183617
"Aug 7, 10:00 pm",0,0.183617
"Aug 7, 11:00 pm",0,0.183617
"Aug 8, 12:00 am",0,0.183617
"Aug 8, 01:00 am",0,0.183617
"Aug 8, 02:00 am",0,0.183617
"Aug 8, 03:00 am",0,0.183617
"Aug 8, 04:00 am",0,0.183617
"Aug 8, 05:00 am",0,0.183617
"Aug 8, 06:00 am",0,0.183617
"Aug 8, 07:00 am",0,0.183617
"Aug 8, 08:00 am",0,0.183617
"Aug 8, 09:00 am",849.392,0.49728
"Aug 8, 10:00 am",2266.23,1.1017
"Aug 8, 11:00 am",2266.64,1.1017
"Aug 8, 12:00 pm",2266.68,1.1017
"Aug 8, 01:00 pm",2266.7,1.1017
"Aug 8, 02:00 pm",2266.59,1.1017
"Aug 8, 03:00 pm",2266.58,1.1017
"Aug 8, 04:00 pm",2001.5,0.973002
"Aug 8, 05:00 pm",215.168,0.183617
"Aug 8, 06:00 pm",11.1143,0.183617
"Aug 8, 07:00 pm",0,0.183617
"Aug 8, 08:00 pm",0,0.183617
"Aug 8, 09:00 pm",0,0.183617
"Aug 8, 10:00 pm",0,0.183617
"Aug 8, 11:00 pm",0,0.183617
"Aug 9, 12:00 am",0,0.183617
"Aug 9, 01:00 am",0,0.183617
"Aug 9, 02:00 am",0,0.183617
"Aug 9, 03:00 am",0,0.183617
"Aug 9, 04:00 am",0,0.183617
"Aug 9, 05:00 am",0,0.183617
"Aug 9, 06:00 am",0,0.183617
"Aug 9, 07:00 am",0,0.183617
"Aug 9, 08:00 am",0,0.183617
"Aug 9, 09:00 am",821.794,0.484309
"Aug 9, 10:00 am",2265.8,1.1017
"Aug 9, 11:00 am",14.9317,0.183617
"Aug 9, 12:00 pm",1889.02,1.08814
"Aug 9, 01:00 pm",2266.41,1.1017
"Aug 9, 02:00 pm",2266.42,1.1017
"Aug 9, 03:00 pm",15.1637,0.183617
"Aug 9, 04:00 pm",1625.8,0.924142
"Aug 9, 05:00 pm",12.3346,0.183617
"Aug 9, 06:00 pm",0,0.183617
"Aug 9, 07:00 pm",0,0.183617
"Aug 9, 08:00 pm",0,0.183617
"Aug 9, 09:00 pm",0,0.183617
"Aug 9, 10:00 pm",0,0.183617
"Aug 9, 11:00 pm",0,0.183617
"Aug 10, 12:00 am",0,0.183617
"Aug 10, 01:00 am",0,0.183617
"Aug 10, 02:00 am",0,0.183617
"Aug 10, 03:00 am",0,0.183617
"Aug 10, 04:00 am",0,0.183617
"Aug 10, 05:00 am",0,0.183617
"Aug 10, 06:00 am",0,0.183617
"Aug 10, 07:00 am",0,0.183617
"Aug 10, 08:00 am",0,0.183617
"Aug 10, 09:00 am",0,0.183617
"Aug 10, 10:00 am",0,0.183617
"Aug 10, 11:00 am",0,0.183617
"Aug 10, 12:00 pm",0,0.183617
"Aug 10, 01:00 pm",0,0.183617
"Aug 10, 02:00 pm",0,0.183617
"Aug 10, 03:00 pm",0,0.183617
"Aug 10, 04:00 pm",0,0.183617
"Aug 10, 05:00 pm",0,0.183617
"Aug 10, 06:00 pm",0,0.183617
"Aug 10, 07:00 pm",0,0.183617
"Aug 10, 08:00 pm",0,0.183617
"Aug 10, 09:00 pm",0,0.183617
"Aug 10, 10:00 pm",0,0.183617
"Aug 10, 11:00 pm",0,0.183617
"Aug 11, 12:00 am",0,0.183617
"Aug 11, 01:00 am",0,0.183617
"Aug 11, 02:00 am",0,0.183617
"Aug 11, 03:00 am",0,0.183617
"Aug 11, 04:00 am",0,0.183617
"Aug 11, 05:00 am",0,0.183617
"Aug 11, 06:00 am",0,0.183617
"Aug 11, 07:00 am",0,0.183617
"Aug 11, 08:00 am",0,0.183617
"Aug 11, 09:00 am",0,0.183617
"Aug 11, 10:00 am",0,0.183617
"Aug 11, 11:00 am",1521.41,0.795659
"Aug 11, 12:00 pm",2266.65,1.1017
"Aug 11, 01:00 pm",2266.65,1.1017
"Aug 11, 02:00 pm",2266.66,1.1017
"Aug 11, 03:00 pm",2266.65,1.1017
"Aug 11, 04:00 pm",2048.67,0.995962
"Aug 11, 05:00 pm",264.76,0.183617
"Aug 11, 06:00 pm",10.7096,0.183617
"Aug 11, 07:00 pm",0,0.183617
"Aug 11, 08:00 pm",0,0.183617
"Aug 11, 09:00 pm",0,0.183617
"Aug 11, 10:00 pm",0,0.183617
"Aug 11, 11:00 pm",0,0.183617
"Aug 12, 12:00 am",0,0.183617
"Aug 12, 01:00 am",0,0.183617
"Aug 12, 02:00 am",0,0.183617
"Aug 12, 03:00 am",0,0.183617
"Aug 12, 04:00 am",0,0.183617
"Aug 12, 05:00 am",0,0.183617
"Aug 12, 06:00 am",0,0.183617
"Aug 12, 07:00 am",0,0.183617
"Aug 12, 08:00 am",0,0.183617
"Aug 12, 09:00 am",1011.19,0.70865
"Aug 12, 10:00 am",2267.75,1.1017
"Aug 12, 11:00 am",2267.65,1.1017
"Aug 12, 12:00 pm",2267.52,1.1017
"Aug 12, 01:00 pm",2267.35,1.1017
"Aug 12, 02:00 pm",2267.36,1.1017
"Aug 12, 03:00 pm",2267.36,1.1017
"Aug 12, 04:00 pm",2121.34,1.03128
"Aug 12, 05:00 pm",294.972,0.183617
"Aug 12, 06:00 pm",10.6417,0.183617
"Aug 12, 07:00 pm",0,0.183617
"Aug 12, 08:00 pm",0,0.183617
"Aug 12, 09:00 pm",0,0.183617
"Aug 12, 10:00 pm",0,0.183617
"Aug 12, 11:00 pm",0,0.183617
"Aug 13, 12:00 am",0,0.183617
"Aug 13, 01:00 am",0,0.183617
"Aug 13, 02:00 am",0,0.183617
"Aug 13, 03:00 am",0,0.183617
"Aug 13, 04:00 am",0,0.183617
"Aug 13, 05:00 am",0,0.183617
"Aug 13, 06:00 am",0,0.183617
"Aug 13, 07:00 am",0,0.183617
"Aug 13, 08:00 am",0,0.183617
"Aug 13, 09:00 am",1059.69,0.739617
"Aug 13, 10:00 am",2266.26,1.1017
"Aug 13, 11:00 am",2268.06,1.1017
"Aug 13, 12:00 pm",2267.99,1.1017
"Aug 13, 01:00 pm",2267.97,1.1017
"Aug 13, 02:00 pm",2267.96,1.1017
"Aug 13, 03:00 pm",2268.12,1.1017
"Aug 13, 04:00 pm",2195.78,1.06757
"Aug 13, 05:00 pm",335.983,0.183617
"Aug 13, 06:00 pm",11.3147,0.183617
"Aug 13, 07:00 pm",0,0.183617
"Aug 13, 08:00 pm",0,0.183617
"Aug 13, 09:00 pm",0,0.183617
"Aug 13, 10:00 pm",0,0.183617
"Aug 13, 11:00 pm",0,0.183617
"Aug 14, 12:00 am",0,0.183617
"Aug 14, 01:00 am",0,0.183617
"Aug 14, 02:00 am",0,0.183617
"Aug 14, 03:00 am",0,0.183617
"Aug 14, 04:00 am",0,0.183617
"Aug 14, 05:00 am",0,0.183617
"Aug 14, 06:00 am",0,0.183617
"Aug 14, 07:00 am",0,0.183617
"Aug 14, 08:00 am",0,0.183617
"Aug 14, 09:00 am",1054.99,0.735696
"Aug 14, 10:00 am",2266.2,1.1017
"Aug 14, 11:00 am",2267.69,1.1017
"Aug 14, 12:00 pm",15.4971,0.183617
"Aug 14, 01:00 pm",1896.8,1.09982
"Aug 14, 02:00 pm",15.9172,0.183617
"Aug 14, 03:00 pm",0,0.183617
"Aug 14, 04:00 pm",0,0.183617
"Aug 14, 05:00 pm",0,0.183617
"Aug 14, 06:00 pm",0,0.183617
"Aug 14, 07:00 pm",0,0.183617
"Aug 14, 08:00 pm",0,0.183617
"Aug 14, 09:00 pm",0,0.183617
"Aug 14, 10:00 pm",0,0.183617
"Aug 14, 11:00 pm",0,0.183617
"Aug 15, 12:00 am",0,0.183617
"Aug 15, 01:00 am",0,0.183617
"Aug 15, 02:00 am",0,0.183617
"Aug 15, 03:00 am",0,0.183617
"Aug 15, 04:00 am",0,0.183617
"Aug 15, 05:00 am",0,0.183617
"Aug 15, 06:00 am",0,0.183617
"Aug 15, 07:00 am",0,0.183617
"Aug 15, 08:00 am",0,0.183617
"Aug 15, 09:00 am",791.579,0.474841
"Aug 15, 10:00 am",14.5931,0.183617
"Aug 15, 11:00 am",1892.45,1.10047
"Aug 15, 12:00 pm",2267.66,1.1017
"Aug 15, 01:00 pm",2267.36,1.1017
"Aug 15, 02:00 pm",2267.38,1.1017
"Aug 15, 03:00 pm",2267.37,1.1017
"Aug 15, 04:00 pm",2119.51,1.03035
"Aug 15, 05:00 pm",347.351,0.183617
"Aug 15, 06:00 pm",11.4383,0.183617
"Aug 15, 07:00 pm",0,0.183617
"Aug 15, 08:00 pm",0,0.183617
"Aug 15, 09:00 pm",0,0.183617
"Aug 15, 10:00 pm",0,0.183617
"Aug 15, 11:00 pm",0,0.183617
"Aug 16, 12:00 am",0,0.183617
"Aug 16, 01:00 am",0,0.183617
"Aug 16, 02:00 am",0,0.183617
"Aug 16, 03:00 am",0,0.183617
"Aug 16, 04:00 am",0,0.183617
"Aug 16, 05:00 am",0,0.183617
"Aug 16, 06:00 am",0,0.183617
"Aug 16, 07:00 am",0,0.183617
"Aug 16, 08:00 am",0,0.183617
"Aug 16, 09:00 am",1037.32,0.723025
"Aug 16, 10:00 am",2267.98,1.1017
"Aug 16, 11:00 am",2267.35,1.1017
"Aug 16, 12:00 pm",2267.36,1.1017
"Aug 16, 01:00 pm",2267.38,1.1017
"Aug 16, 02:00 pm",2267.09,1.1017
"Aug 16, 03:00 pm",2267.25,1.1017
"Aug 16, 04:00 pm",2103.01,1.02231
"Aug 16, 05:00 pm",361.493,0.183617
"Aug 16, 06:00 pm",11.6839,0.183617
"Aug 16, 07:00 pm",0,0.183617
"Aug 16, 08:00 pm",0,0.183617
"Aug 16, 09:00 pm",0,0.183617
"Aug 16, 10:00 pm",0,0.183617
"Aug 16, 11:00 pm",0,0.183617
"Aug 17, 12:00 am",0,0.183617
"Aug 17, 01:00 am",0,0.183617
"Aug 17, 02:00 am",0,0.183617
"Aug 17, 03:00 am",0,0.183617
"Aug 17, 04:00 am",0,0.183617
"Aug 17, 05:00 am",0,0.183617
"Aug 17, 06:00 am",0,0.183617
"Aug 17, 07:00 am",0,0.183617
"Aug 17, 08:00 am",0,0.183617
"Aug 17, 09:00 am",1067.65,0.743234
"Aug 17, 10:00 am",2266.29,1.1017
"Aug 17, 11:00 am",2267.82,1.1017
"Aug 17, 12:00 pm",2267.86,1.1017
"Aug 17, 01:00 pm",2267.88,1.1017
"Aug 17, 02:00 pm",2267.9,1.1017
"Aug 17, 03:00 pm",2267.98,1.1017
"Aug 17, 04:00 pm",2177.28,1.05888
"Aug 17, 05:00 pm",398.341,0.194124
"Aug 17, 06:00 pm",12.2242,0.183617
"Aug 17, 07:00 pm",0,0.183617
"Aug 17, 08:00 pm",0,0.183617
"Aug 17, 09:00 pm",0,0.183617
"Aug 17, 10:00 pm",0,0.183617
"Aug 17, 11:00 pm",0,0.183617
"Aug 18, 12:00 am",0,0.183617
"Aug 18, 01:00 am",0,0.183617
"Aug 18, 02:00 am",0,0.183617
"Aug 18, 03:00 am",0,0.183617
"Aug 18, 04:00 am",0,0.183617
"Aug 18, 05:00 am",0,0.183617
"Aug 18, 06:00 am",0,0.183617
"Aug 18, 07:00 am",0,0.183617
"Aug 18, 08:00 am",0,0.183617
"Aug 18, 09:00 am",1416.15,0.807545
"Aug 18, 10:00 am",2266.43,1.1017
"Aug 18, 11:00 am",2268.57,1.1017
"Aug 18, 12:00 pm",2268.64,1.1017
"Aug 18, 01:00 pm",2268.62,1.1017
"Aug 18, 02:00 pm",2268.63,1.1017
"Aug 18, 03:00 pm",2268.61,1.1017
"Aug 18, 04:00 pm",2231.26,1.08445
"Aug 18, 05:00 pm",425.553,0.207378
"Aug 18, 06:00 pm",11.9608,0.183617
"Aug 18, 07:00 pm",0,0.183617
"Aug 18, 08:00 pm",0,0.183617
"Aug 18, 09:00 pm",0,0.183617
"Aug 18, 10:00 pm",0,0.183617
"Aug 18, 11:00 pm",0,0.183617
"Aug 19, 12:00 am",0,0.183617
"Aug 19, 01:00 am",0,0.183617
"Aug 19, 02:00 am",0,0.183617
"Aug 19, 03:00 am",0,0.183617
"Aug 19, 04:00 am",0,0.183617
"Aug 19, 05:00 am",0,0.183617
"Aug 19, 06:00 am",0,0.183617
"Aug 19, 07:00 am",0,0.183617
"Aug 19, 08:00 am",0,0.183617
"Aug 19, 09:00 am",0,0.183617
"Aug 19, 10:00 am",0,0.183617
"Aug 19, 11:00 am",0,0.183617
"Aug 19, 12:00 pm",0,0.183617
"Aug 19, 01:00 pm",0,0.183617
"Aug 19, 02:00 pm",0,0.183617
"Aug 19, 03:00 pm",0,0.183617
"Aug 19, 04:00 pm",0,0.183617
"Aug 19, 05:00 pm",0,0.183617
"Aug 19, 06:00 pm",0,0.183617
"Aug 19, 07:00 pm",0,0.183617
"Aug 19, 08:00 pm",0,0.183617
"Aug 19, 09:00 pm",0,0.183617
"Aug 19, 10:00 pm",0,0.183617
"Aug 19, 11:00 pm",0,0.183617
"Aug 20, 12:00 am",0,0.183617
"Aug 20, 01:00 am",0,0.183617
"Aug 20, 02:00 am",0,0.183617
"Aug 20, 03:00 am",0,0.183617
"Aug 20, 04:00 am",0,0.183617
"Aug 20, 05:00 am",0,0.183617
"Aug 20, 06:00 am",0,0.183617
"Aug 20, 07:00 am",0,0.183617
"Aug 20, 08:00 am",0,0.183617
"Aug 20, 09:00 am",0,0.183617
"Aug 20, 10:00 am",1518.6,0.795659
"Aug 20, 11:00 am",2268.26,1.1017
"Aug 20, 12:00 pm",2268.24,1.1017
"Aug 20, 01:00 pm",2268.23,1.1017
"Aug 20, 02:00 pm",2268.21,1.1017
"Aug 20, 03:00 pm",2268.07,1.1017
"Aug 20, 04:00 pm",2207.58,1.07321
"Aug 20, 05:00 pm",445.152,0.21695
"Aug 20, 06:00 pm",11.0334,0.183617
"Aug 20, 07:00 pm",0,0.183617
"Aug 20, 08:00 pm",0,0.183617
"Aug 20, 09:00 pm",0,0.183617
"Aug 20, 10:00 pm",0,0.183617
"Aug 20, 11:00 pm",0,0.183617
"Aug 21, 12:00 am",0,0.183617
"Aug 21, 01:00 am",0,0.183617
"Aug 21, 02:00 am",0,0.183617
"Aug 21, 03:00 am",0,0.183617
"Aug 21, 04:00 am",0,0.183617
"Aug 21, 05:00 am",0,0.183617
"Aug 21, 06:00 am",0,0.183617
"Aug 21, 07:00 am",0,0.183617
"Aug 21, 08:00 am",0,0.183617
"Aug 21, 09:00 am",0,0.183617
"Aug 21, 10:00 am",0,0.183617
"Aug 21, 11:00 am",0,0.183617
"Aug 21, 12:00 pm",1540.37,0.795659
"Aug 21, 01:00 pm",2268.58,1.1017
"Aug 21, 02:00 pm",2268.45,1.1017
"Aug 21, 03:00 pm",2268.21,1.1017
"Aug 21, 04:00 pm",2224.11,1.0811
"Aug 21, 05:00 pm",465.854,0.226979
"Aug 21, 06:00 pm",11.1289,0.183617
"Aug 21, 07:00 pm",0,0.183617
"Aug 21, 08:00 pm",0,0.183617
"Aug 21, 09:00 pm",0,0.183617
"Aug 21, 10:00 pm",0,0.183617
"Aug 21, 11:00 pm",0,0.183617
"Aug 22, 12:00 am",0,0.183617
"Aug 22, 01:00 am",0,0.183617
"Aug 22, 02:00 am",0,0.183617
"Aug 22, 03:00 am",0,0.183617
"Aug 22, 04:00 am",0,0.183617
"Aug 22, 05:00 am",0,0.183617
"Aug 22, 06:00 am",0,0.183617
"Aug 22, 07:00 am",0,0.183617
"Aug 22, 08:00 am",0,0.183617
"Aug 22, 09:00 am",943.878,0.544716
"Aug 22, 10:00 am",2266.34,1.1017
"Aug 22, 11:00 am",2268.03,1.1017
"Aug 22, 12:00 pm",15.2014,0.183617
"Aug 22, 01:00 pm",0,0.183617
"Aug 22, 02:00 pm",0,0.183617
"Aug 22, 03:00 pm",0,0.183617
"Aug 22, 04:00 pm",0,0.183617
"Aug 22, 05:00 pm",0,0.183617
"Aug 22, 06:00 pm",0,0.183617
"Aug 22, 07:00 pm",0,0.183617
"Aug 22, 08:00 pm",0,0.183617
"Aug 22, 09:00 pm",0,0.183617
"Aug 22, 10:00 pm",0,0.183617
"Aug 22, 11:00 pm",0,0.183617
"Aug 23, 12:00 am",0,0.183617
"Aug 23, 01:00 am",0,0.183617
"Aug 23, 02:00 am",0,0.183617
"Aug 23, 03:00 am",0,0.183617
"Aug 23, 04:00 am",0,0.183617
"Aug 23, 05:00 am",0,0.183617
"Aug 23, 06:00 am",0,0.183617
"Aug 23, 07:00 am",0,0.183617
"Aug 23, 08:00 am",0,0.183617
"Aug 23, 09:00 am",0,0.183617
"Aug 23, 10:00 am",0,0.183617
"Aug 23, 11:00 am",0,0.183617
"Aug 23, 12:00 pm",0,0.183617
"Aug 23, 01:00 pm",0,0.183617
"Aug 23, 02:00 pm",0,0.183617
"Aug 23, 03:00 pm",0,0.183617
"Aug 23, 04:00 pm",0,0.183617
"Aug 23, 05:00 pm",0,0.183617
"Aug 23, 06:00 pm",0,0.183617
"Aug 23, 07:00 pm",0,0.183617
"Aug 23, 08:00 pm",0,0.183617
"Aug 23, 09:00 pm",0,0.183617
"Aug 23, 10:00 pm",0,0.183617
"Aug 23, 11:00 pm",0,0.183617
"Aug 24, 12:00 am",0,0.183617
"Aug 24, 01:00 am",0,0.183617
"Aug 24, 02:00 am",0,0.183617
"Aug 24, 03:00 am",0,0.183617
"Aug 24, 04:00 am",0,0.183617
"Aug 24, 05:00 am",0,0.183617
"Aug 24, 06:00 am",0,0.183617
"Aug 24, 07:00 am",0,0.183617
"Aug 24, 08:00 am",0,0.183617
"Aug 24, 09:00 am",0,0.183617
"Aug 24, 10:00 am",0,0.183617
"Aug 24, 11:00 am",0,0.183617
"Aug 24, 12:00 pm",0,0.183617
"Aug 24, 01:00 pm",0,0.183617
"Aug 24, 02:00 pm",0,0.183617
"Aug 24, 03:00 pm",1534.11,0.795659
"Aug 24, 04:00 pm",2250.34,1.09392
"Aug 24, 05:00 pm",520.089,0.253335
"Aug 24, 06:00 pm",10.7526,0.183617
"Aug 24, 07:00 pm",0,0.183617
"Aug 24, 08:00 pm",0,0.183617
"Aug 24, 09:00 pm",0,0.183617
"Aug 24, 10:00 pm",0,0.183617
"Aug 24, 11:00 pm",0,0.183617
"Aug 25, 12:00 am",0,0.183617
"Aug 25, 01:00 am",0,0.183617
"Aug 25, 02:00 am",0,0.183617
"Aug 25, 03:00 am",0,0.183617
"Aug 25, 04:00 am",0,0.183617
"Aug 25, 05:00 am",0,0.183617
"Aug 25, 06:00 am",0,0.183617
"Aug 25, 07:00 am",0,0.183617
"Aug 25, 08:00 am",0,0.183617
"Aug 25, 09:00 am",1102.33,0.617945
"Aug 25, 10:00 am",2267.98,1.1017
"Aug 25, 11:00 am",2266.27,1.1017
"Aug 25, 12:00 pm",2266.28,1.1017
"Aug 25, 01:00 pm",2266.29,1.1017
"Aug 25, 02:00 pm",2266.3,1.1017
"Aug 25, 03:00 pm",2268.76,1.1017
"Aug 25, 04:00 pm",2266.79,1.1017
"Aug 25, 05:00 pm",576.657,0.280772
"Aug 25, 06:00 pm",11.0826,0.183617
"Aug 25, 07:00 pm",0,0.183617
"Aug 25, 08:00 pm",0,0.183617
"Aug 25, 09:00 pm",0,0.183617
"Aug 25, 10:00 pm",0,0.183617
"Aug 25, 11:00 pm",0,0.183617
"Aug 26, 12:00 am",0,0.183617
"Aug 26, 01:00 am",0,0.183617
"Aug 26, 02:00 am",0,0.183617
"Aug 26, 03:00 am",0,0.183617
"Aug 26, 04:00 am",0,0.183617
"Aug 26, 05:00 am",0,0.183617
"Aug 26, 06:00 am",0,0.183617
"Aug 26, 07:00 am",0,0.183617
"Aug 26, 08:00 am",0,0.183617
"Aug 26, 09:00 am",1956.36,0.951645
"Aug 26, 10:00 am",2268.2,1.1017
"Aug 26, 11:00 am",2266.45,1.1017
"Aug 26, 12:00 pm",16.5545,0.183617
"Aug 26, 01:00 pm",0,0.183617
"Aug 26, 02:00 pm",0,0.183617
"Aug 26, 03:00 pm",1888.72,1.1017
"Aug 26, 04:00 pm",2266.89,1.1017
"Aug 26, 05:00 pm",594.857,0.289499
"Aug 26, 06:00 pm",11.6802,0.183617
"Aug 26, 07:00 pm",0,0.183617
"Aug 26, 08:00 pm",0,0.183617
"Aug 26, 09:00 pm",0,0.183617
"Aug 26, 10:00 pm",0,0.183617
"Aug 26, 11:00 pm",0,0.183617
"Aug 27, 12:00 am",0,0.183617
"Aug 27, 01:00 am",0,0.183617
"Aug 27, 02:00 am",0,0.183617
"Aug 27, 03:00 am",0,0.183617
"Aug 27, 04:00 am",0,0.183617
"Aug 27, 05:00 am",0,0.183617
"Aug 27, 06:00 am",0,0.183617
"Aug 27, 07:00 am",0,0.183617
"Aug 27, 08:00 am",0,0.183617
"Aug 27, 09:00 am",0,0.183617
"Aug 27, 10:00 am",0,0.183617
"Aug 27, 11:00 am",0,0.183617
"Aug 27, 12:00 pm",0,0.183617
"Aug 27, 01:00 pm",0,0.183617
"Aug 27, 02:00 pm",0,0.183617
"Aug 27, 03:00 pm",0,0.183617
"Aug 27, 04:00 pm",0,0.183617
"Aug 27, 05:00 pm",0,0.183617
"Aug 27, 06:00 pm",0,0.183617
"Aug 27, 07:00 pm",0,0.183617
"Aug 27, 08:00 pm",0,0.183617
"Aug 27, 09:00 pm",0,0.183617
"Aug 27, 10:00 pm",0,0.183617
"Aug 27, 11:00 pm",0,0.183617
"Aug 28, 12:00 am",0,0.183617
"Aug 28, 01:00 am",0,0.183617
"Aug 28, 02:00 am",0,0.183617
"Aug 28, 03:00 am",0,0.183617
"Aug 28, 04:00 am",0,0.183617
"Aug 28, 05:00 am",0,0.183617
"Aug 28, 06:00 am",0,0.183617
"Aug 28, 07:00 am",0,0.183617
"Aug 28, 08:00 am",0,0.183617
"Aug 28, 09:00 am",0,0.183617
"Aug 28, 10:00 am",0,0.183617
"Aug 28, 11:00 am",0,0.183617
"Aug 28, 12:00 pm",0,0.183617
"Aug 28, 01:00 pm",0,0.183617
"Aug 28, 02:00 pm",0,0.183617
"Aug 28, 03:00 pm",0,0.183617
"Aug 28, 04:00 pm",0,0.183617
"Aug 28, 05:00 pm",0,0.183617
"Aug 28, 06:00 pm",0,0.183617
"Aug 28, 07:00 pm",0,0.183617
"Aug 28, 08:00 pm",0,0.183617
"Aug 28, 09:00 pm",0,0.183617
"Aug 28, 10:00 pm",0,0.183617
"Aug 28, 11:00 pm",0,0.183617
"Aug 29, 12:00 am",0,0.183617
"Aug 29, 01:00 am",0,0.183617
"Aug 29, 02:00 am",0,0.183617
"Aug 29, 03:00 am",0,0.183617
"Aug 29, 04:00 am",0,0.183617
"Aug 29, 05:00 am",0,0.183617
"Aug 29, 06:00 am",0,0.183617
"Aug 29, 07:00 am",0,0.183617
"Aug 29, 08:00 am",0,0.183617
"Aug 29, 09:00 am",0,0.183617
"Aug 29, 10:00 am",0,0.183617
"Aug 29, 11:00 am",1536.08,0.795659
"Aug 29, 12:00 pm",16.755,0.183617
"Aug 29, 01:00 pm",0,0.183617
"Aug 29, 02:00 pm",0,0.183617
"Aug 29, 03:00 pm",0,0.183617
"Aug 29, 04:00 pm",0,0.183617
"Aug 29, 05:00 pm",0,0.183617
"Aug 29, 06:00 pm",0,0.183617
"Aug 29, 07:00 pm",0,0.183617
"Aug 29, 08:00 pm",0,0.183617
"Aug 29, 09:00 pm",0,0.183617
"Aug 29, 10:00 pm",0,0.183617
"Aug 29, 11:00 pm",0,0.183617
"Aug 30, 12:00 am",0,0.183617
"Aug 30, 01:00 am",0,0.183617
"Aug 30, 02:00 am",0,0.183617
"Aug 30, 03:00 am",0,0.183617
"Aug 30, 04:00 am",0,0.183617
"Aug 30, 05:00 am",0,0.183617
"Aug 30, 06:00 am",0,0.183617
"Aug 30, 07:00 am",0,0.183617
"Aug 30, 08:00 am",0,0.183617
"Aug 30, 09:00 am",0,0.183617
"Aug 30, 10:00 am",1532.79,0.795659
"Aug 30, 11:00 am",2269.09,1.1017
"Aug 30, 12:00 pm",2269.14,1.1017
"Aug 30, 01:00 pm",15.8702,0.183617
"Aug 30, 02:00 pm",0,0.183617
"Aug 30, 03:00 pm",0,0.183617
"Aug 30, 04:00 pm",0,0.183617
"Aug 30, 05:00 pm",0,0.183617
"Aug 30, 06:00 pm",0,0.183617
"Aug 30, 07:00 pm",0,0.183617
"Aug 30, 08:00 pm",0,0.183617
"Aug 30, 09:00 pm",0,0.183617
"Aug 30, 10:00 pm",0,0.183617
"Aug 30, 11:00 pm",0,0.183617
"Aug 31, 12:00 am",0,0.183617
"Aug 31, 01:00 am",0,0.183617
"Aug 31, 02:00 am",0,0.183617
"Aug 31, 03:00 am",0,0.183617
"Aug 31, 04:00 am",0,0.183617
"Aug 31, 05:00 am",0,0.183617
"Aug 31, 06:00 am",0,0.183617
"Aug 31, 07:00 am",0,0.183617
"Aug 31, 08:00 am",0,0.183617
"Aug 31, 09:00 am",0,0.183617
"Aug 31, 10:00 am",0,0.183617
"Aug 31, 11:00 am",0,0.183617
"Aug 31, 12:00 pm",0,0.183617
"Aug 31, 01:00 pm",0,0.183617
"Aug 31, 02:00 pm",0,0.183617
"Aug 31, 03:00 pm",0,0.183617
"Aug 31, 04:00 pm",0,0.183617
"Aug 31, 05:00 pm",0,0.183617
"Aug 31, 06:00 pm",0,0.183617
"Aug 31, 07:00 pm",0,0.183617
"Aug 31, 08:00 pm",0,0.183617
"Aug 31, 09:00 pm",0,0.183617
"Aug 31, 10:00 pm",0,0.183617
"Aug 31, 11:00 pm",0,0.183617
"Sep 1, 12:00 am",0,0.183617
"Sep 1, 01:00 am",0,0.183617
"Sep 1, 02:00 am",0,0.183617
"Sep 1, 03:00 am",0,0.183617
"Sep 1, 04:00 am",0,0.183617
"Sep 1, 05:00 am",0,0.183617
"Sep 1, 06:00 am",0,0.183617
"Sep 1, 07:00 am",0,0.183617
"Sep 1, 08:00 am",0,0.183617
"Sep 1, 09:00 am",1152.75,0.642645
"Sep 1, 10:00 am",2268.68,1.1017
"Sep 1, 11:00 am",2266.55,1.1017
"Sep 1, 12:00 pm",2266.32,1.1017
"Sep 1, 01:00 pm",2266.34,1.1017
"Sep 1, 02:00 pm",2266.35,1.1017
"Sep 1, 03:00 pm",16.3024,0.183617
"Sep 1, 04:00 pm",0,0.183617
"Sep 1, 05:00 pm",0,0.183617
"Sep 1, 06:00 pm",0,0.183617
"Sep 1, 07:00 pm",0,0.183617
"Sep 1, 08:00 pm",0,0.183617
"Sep 1, 09:00 pm",0,0.183617
"Sep 1, 10:00 pm",0,0.183617
"Sep 1, 11:00 pm",0,0.183617
"Sep 2, 12:00 am",0,0.183617
"Sep 2, 01:00 am",0,0.183617
"Sep 2, 02:00 am",0,0.183617
"Sep 2, 03:00 am",0,0.183617
"Sep 2, 04:00 am",0,0.183617
"Sep 2, 05:00 am",0,0.183617
"Sep 2, 06:00 am",0,0.183617
"Sep 2, 07:00 am",0,0.183617
"Sep 2, 08:00 am",0,0.183617
"Sep 2, 09:00 am",0,0.183617
"Sep 2, 10:00 am",0,0.183617
"Sep 2, 11:00 am",0,0.183617
"Sep 2, 12:00 pm",0,0.183617
"Sep 2, 01:00 pm",0,0.183617
"Sep 2, 02:00 pm",0,0.183617
"Sep 2, 03:00 pm",1555.08,0.795659
"Sep 2, 04:00 pm",2266.82,1.1017
"Sep 2, 05:00 pm",809.048,0.39354
"Sep 2, 06:00 pm",11.9525,0.183617
"Sep 2, 07:00 pm",0,0.183617
"Sep 2, 08:00 pm",0,0.183617
"Sep 2, 09:00 pm",0,0.183617
"Sep 2, 10:00 pm",0,0.183617
"Sep 2, 11:00 pm",0,0.183617
"Sep 3, 12:00 am",0,0.183617
"Sep 3, 01:00 am",0,0.183617
"Sep 3, 02:00 am",0,0.183617
"Sep 3, 03:00 am",0,0.183617
"Sep 3, 04:00 am",0,0.183617
"Sep 3, 05:00 am",0,0.183617
"Sep 3, 06:00 am",0,0.183617
"Sep 3, 07:00 am",0,0.183617
"Sep 3, 08:00 am",0,0.183617
"Sep 3, 09:00 am",0,0.183617
"Sep 3, 10:00 am",0,0.183617
"Sep 3, 11:00 am",0,0.183617
"Sep 3, 12:00 pm",0,0.183617
"Sep 3, 01:00 pm",0,0.183617
"Sep 3, 02:00 pm",0,0.183617
"Sep 3, 03:00 pm",0,0.183617
"Sep 3, 04:00 pm",0,0.183617
"Sep 3, 05:00 pm",0,0.183617
"Sep 3, 06:00 pm",0,0.183617
"Sep 3, 07:00 pm",0,0.183617
"Sep 3, 08:00 pm",0,0.183617
"Sep 3, 09:00 pm",0,0.183617
"Sep 3, 10:00 pm",0,0.183617
"Sep 3, 11:00 pm",0,0.183617
"Sep 4, 12:00 am",0,0.183617
"Sep 4, 01:00 am",0,0.183617
"Sep 4, 02:00 am",0,0.183617
"Sep 4, 03:00 am",0,0.183617
"Sep 4, 04:00 am",0,0.183617
"Sep 4, 05:00 am",0,0.183617
"Sep 4, 06:00 am",0,0.183617
"Sep 4, 07:00 am",0,0.183617
"Sep 4, 08:00 am",0,0.183617
"Sep 4, 09:00 am",0,0.183617
"Sep 4, 10:00 am",0,0.183617
"Sep 4, 11:00 am",0,0.183617
"Sep 4, 12:00 pm",0,0.183617
"Sep 4, 01:00 pm",0,0.183617
"Sep 4, 02:00 pm",0,0.183617
"Sep 4, 03:00 pm",0,0.183617
"Sep 4, 04:00 pm",0,0.183617
"Sep 4, 05:00 pm",0,0.183617
"Sep 4, 06:00 pm",0,0.183617
"Sep 4, 07:00 pm",0,0.183617
"Sep 4, 08:00 pm",0,0.183617
"Sep 4, 09:00 pm",0,0.183617
"Sep 4, 10:00 pm",0,0.183617
"Sep 4, 11:00 pm",0,0.183617
"Sep 5, 12:00 am",0,0.183617
"Sep 5, 01:00 am",0,0.183617
"Sep 5, 02:00 am",0,0.183617
"Sep 5, 03:00 am",0,0.183617
"Sep 5, 04:00 am",0,0.183617
"Sep 5, 05:00 am",0,0.183617
"Sep 5, 06:00 am",0,0.183617
"Sep 5, 07:00 am",0,0.183617
"Sep 5, 08:00 am",0,0.183617
"Sep 5, 09:00 am",0,0.183617
"Sep 5, 10:00 am",0,0.183617
"Sep 5, 11:00 am",0,0.183617
"Sep 5, 12:00 pm",0,0.183617
"Sep 5, 01:00 pm",0,0.183617
"Sep 5, 02:00 pm",0,0.183617
"Sep 5, 03:00 pm",0,0.183617
"Sep 5, 04:00 pm",0,0.183617
"Sep 5, 05:00 pm",0,0.183617
"Sep 5, 06:00 pm",0,0.183617
"Sep 5, 07:00 pm",0,0.183617
"Sep 5, 08:00 pm",0,0.183617
"Sep 5, 09:00 pm",0,0.183617
"Sep 5, 10:00 pm",0,0.183617
"Sep 5, 11:00 pm",0,0.183617
"Sep 6, 12:00 am",0,0.183617
"Sep 6, 01:00 am",0,0.183617
"Sep 6, 02:00 am",0,0.183617
"Sep 6, 03:00 am",0,0.183617
"Sep 6, 04:00 am",0,0.183617
"Sep 6, 05:00 am",0,0.183617
"Sep 6, 06:00 am",0,0.183617
"Sep 6, 07:00 am",0,0.183617
"Sep 6, 08:00 am",0,0.183617
"Sep 6, 09:00 am",0,0.183617
"Sep 6, 10:00 am",0,0.183617
"Sep 6, 11:00 am",0,0.183617
"Sep 6, 12:00 pm",0,0.183617
"Sep 6, 01:00 pm",0,0.183617
"Sep 6, 02:00 pm",0,0.183617
"Sep 6, 03:00 pm",0,0.183617
"Sep 6, 04:00 pm",0,0.183617
"Sep 6, 05:00 pm",0,0.183617
"Sep 6, 06:00 pm",0,0.183617
"Sep 6, 07:00 pm",0,0.183617
"Sep 6, 08:00 pm",0,0.183617
"Sep 6, 09:00 pm",0,0.183617
"Sep 6, 10:00 pm",0,0.183617
"Sep 6, 11:00 pm",0,0.183617
"Sep 7, 12:00 am",0,0.183617
"Sep 7, 01:00 am",0,0.183617
"Sep 7, 02:00 am",0,0.183617
"Sep 7, 03:00 am",0,0.183617
"Sep 7, 04:00 am",0,0.183617
"Sep 7, 05:00 am",0,0.183617
"Sep 7, 06:00 am",0,0.183617
"Sep 7, 07:00 am",0,0.183617
"Sep 7, 08:00 am",0,0.183617
"Sep 7, 09:00 am",0,0.183617
"Sep 7, 10:00 am",0,0.183617
"Sep 7, 11:00 am",0,0.183617
"Sep 7, 12:00 pm",0,0.183617
"Sep 7, 01:00 pm",0,0.183617
"Sep 7, 02:00 pm",0,0.183617
"Sep 7, 03:00 pm",0,0.183617
"Sep 7, 04:00 pm",0,0.183617
"Sep 7, 05:00 pm",0,0.183617
"Sep 7, 06:00 pm",0,0.183617
"Sep 7, 07:00 pm",0,0.183617
"Sep 7, 08:00 pm",0,0.183617
"Sep 7, 09:00 pm",0,0.183617
"Sep 7, 10:00 pm",0,0.183617
"Sep 7, 11:00 pm",0,0.183617
"Sep 8, 12:00 am",0,0.183617
"Sep 8, 01:00 am",0,0.183617
"Sep 8, 02:00 am",0,0.183617
"Sep 8, 03:00 am",0,0.183617
"Sep 8, 04:00 am",0,0.183617
"Sep 8, 05:00 am",0,0.183617
"Sep 8, 06:00 am",0,0.183617
"Sep 8, 07:00 am",0,0.183617
"Sep 8, 08:00 am",0,0.183617
"Sep 8, 09:00 am",1888.17,1.07475
"Sep 8, 10:00 am",2266.2,1.1017
"Sep 8, 11:00 am",2268.43,1.1017
"Sep 8, 12:00 pm",17.4714,0.183617
"Sep 8, 01:00 pm",0,0.183617
"Sep 8, 02:00 pm",0,0.183617
"Sep 8, 03:00 pm",0,0.183617
"Sep 8, 04:00 pm",1888.54,1.1017
"Sep 8, 05:00 pm",989.751,0.481358
"Sep 8, 06:00 pm",11.1071,0.183617
"Sep 8, 07:00 pm",0,0.183617
"Sep 8, 08:00 pm",0,0.183617
"Sep 8, 09:00 pm",0,0.183617
"Sep 8, 10:00 pm",0,0.183617
"Sep 8, 11:00 pm",0,0.183617
"Sep 9, 12:00 am",0,0.183617
"Sep 9, 01:00 am",0,0.183617
"Sep 9, 02:00 am",0,0.183617
"Sep 9, 03:00 am",0,0.183617
"Sep 9, 04:00 am",0,0.183617
"Sep 9, 05:00 am",0,0.183617
"Sep 9, 06:00 am",0,0.183617
"Sep 9, 07:00 am",0,0.183617
"Sep 9, 08:00 am",0,0.293562
"Sep 9, 09:00 am",2267.65,1.1017
"Sep 9, 10:00 am",2266.37,1.1017
"Sep 9, 11:00 am",2266.88,1.1017
"Sep 9, 12:00 pm",2266.9,1.1017
"Sep 9, 01:00 pm",2263.51,1.1017
"Sep 9, 02:00 pm",2267.74,1.1017
"Sep 9, 03:00 pm",2268.69,1.1017
"Sep 9, 04:00 pm",2268.17,1.1017
"Sep 9, 05:00 pm",1019.25,0.495683
"Sep 9, 06:00 pm",11.1978,0.183617
"Sep 9, 07:00 pm",0,0.183617
"Sep 9, 08:00 pm",0,0.183617
"Sep 9, 09:00 pm",0,0.183617
"Sep 9, 10:00 pm",0,0.183617
"Sep 9, 11:00 pm",0,0.183617
"Sep 10, 12:00 am",0,0.183617
"Sep 10, 01:00 am",0,0.183617
"Sep 10, 02:00 am",0,0.183617
"Sep 10, 03:00 am",0,0.183617
"Sep 10, 04:00 am",0,0.183617
"Sep 10, 05:00 am",0,0.183617
"Sep 10, 06:00 am",0,0.183617
"Sep 10, 07:00 am",0,0.183617
"Sep 10, 08:00 am",0,0.289391
"Sep 10, 09:00 am",2266.08,1.1017
"Sep 10, 10:00 am",2266.23,1.1017
"Sep 10, 11:00 am",2267.15,1.1017
"Sep 10, 12:00 pm",2266.9,1.1017
"Sep 10, 01:00 pm",2266.14,1.1017
"Sep 10, 02:00 pm",2267.39,1.1017
"Sep 10, 03:00 pm",2268.57,1.1017
"Sep 10, 04:00 pm",2268.27,1.1017
"Sep 10, 05:00 pm",1051.57,0.511392
"Sep 10, 06:00 pm",11.2107,0.183617
"Sep 10, 07:00 pm",0,0.183617
"Sep 10, 08:00 pm",0,0.183617
"Sep 10, 09:00 pm",0,0.183617
"Sep 10, 10:00 pm",0,0.183617
"Sep 10, 11:00 pm",0,0.183617
"Sep 11, 12:00 am",0,0.183617
"Sep 11, 01:00 am",0,0.183617
"Sep 11, 02:00 am",0,0.183617
"Sep 11, 03:00 am",0,0.183617
"Sep 11, 04:00 am",0,0.183617
"Sep 11, 05:00 am",0,0.183617
"Sep 11, 06:00 am",0,0.183617
"Sep 11, 07:00 am",0,0.183617
"Sep 11, 08:00 am",0,0.293797
"Sep 11, 09:00 am",2268.15,1.1017
"Sep 11, 10:00 am",2266.59,1.1017
"Sep 11, 11:00 am",2267.15,1.1017
"Sep 11, 12:00 pm",2266.86,1.1017
"Sep 11, 01:00 pm",2267.13,1.1017
"Sep 11, 02:00 pm",2267.34,1.1017
"Sep 11, 03:00 pm",2268.61,1.1017
"Sep 11, 04:00 pm",2268.36,1.1017
"Sep 11, 05:00 pm",1076.83,0.523655
"Sep 11, 06:00 pm",11.5474,0.183617
"Sep 11, 07:00 pm",0,0.183617
"Sep 11, 08:00 pm",0,0.183617
"Sep 11, 09:00 pm",0,0.183617
"Sep 11, 10:00 pm",0,0.183617
"Sep 11, 11:00 pm",0,0.183617
"Sep 12, 12:00 am",0,0.183617
"Sep 12, 01:00 am",0,0.183617
"Sep 12, 02:00 am",0,0.183617
"Sep 12, 03:00 am",0,0.183617
"Sep 12, 04:00 am",0,0.183617
"Sep 12, 05:00 am",0,0.183617
"Sep 12, 06:00 am",0,0.183617
"Sep 12, 07:00 am",0,0.183617
"Sep 12, 08:00 am",199.439,0.310016
"Sep 12, 09:00 am",2266.16,1.1017
"Sep 12, 10:00 am",2268.65,1.1017
"Sep 12, 11:00 am",2266.1,1.1017
"Sep 12, 12:00 pm",2265.94,1.1017
"Sep 12, 01:00 pm",2265.94,1.1017
"Sep 12, 02:00 pm",2266.84,1.1017
"Sep 12, 03:00 pm",2268.51,1.1017
"Sep 12, 04:00 pm",2268.46,1.1017
"Sep 12, 05:00 pm",1104.33,0.537002
"Sep 12, 06:00 pm",12.1495,0.183617
"Sep 12, 07:00 pm",0,0.183617
"Sep 12, 08:00 pm",0,0.183617
"Sep 12, 09:00 pm",0,0.183617
"Sep 12, 10:00 pm",0,0.183617
"Sep 12, 11:00 pm",0,0.183617
"Sep 13, 12:00 am",0,0.183617
"Sep 13, 01:00 am",0,0.183617
"Sep 13, 02:00 am",0,0.183617
"Sep 13, 03:00 am",0,0.183617
"Sep 13, 04:00 am",0,0.183617
"Sep 13, 05:00 am",0,0.183617
"Sep 13, 06:00 am",0,0.183617
"Sep 13, 07:00 am",0,0.183617
"Sep 13, 08:00 am",193.517,0.304102
"Sep 13, 09:00 am",2265.9,1.1017
"Sep 13, 10:00 am",2266.32,1.1017
"Sep 13, 11:00 am",2267.54,1.1017
"Sep 13, 12:00 pm",2267.57,1.1017
"Sep 13, 01:00 pm",2267.01,1.1017
"Sep 13, 02:00 pm",2267.95,1.1017
"Sep 13, 03:00 pm",2268.83,1.1017
"Sep 13, 04:00 pm",2268.25,1.1017
"Sep 13, 05:00 pm",1108.77,0.539192
"Sep 13, 06:00 pm",11.7439,0.183617
"Sep 13, 07:00 pm",0,0.183617
"Sep 13, 08:00 pm",0,0.183617
"Sep 13, 09:00 pm",0,0.183617
"Sep 13, 10:00 pm",0,0.183617
"Sep 13, 11:00 pm",0,0.183617
"Sep 14, 12:00 am",0,0.183617
"Sep 14, 01:00 am",0,0.183617
"Sep 14, 02:00 am",0,0.183617
"Sep 14, 03:00 am",0,0.183617
"Sep 14, 04:00 am",0,0.183617
"Sep 14, 05:00 am",0,0.183617
"Sep 14, 06:00 am",0,0.183617
"Sep 14, 07:00 am",0,0.183617
"Sep 14, 08:00 am",0,0.183617
"Sep 14, 09:00 am",1527.17,0.795659
"Sep 14, 10:00 am",2266.26,1.1017
"Sep 14, 11:00 am",2266.78,1.1017
"Sep 14, 12:00 pm",2264.53,1.1017
"Sep 14, 01:00 pm",2265.9,1.1017
"Sep 14, 02:00 pm",2266.6,1.1017
"Sep 14, 03:00 pm",2268.38,1.1017
"Sep 14, 04:00 pm",2268.49,1.1017
"Sep 14, 05:00 pm",1166.07,0.567025
"Sep 14, 06:00 pm",11.7769,0.183617
"Sep 14, 07:00 pm",0,0.183617
"Sep 14, 08:00 pm",0,0.183617
"Sep 14, 09:00 pm",0,0.183617
"Sep 14, 10:00 pm",0,0.183617
"Sep 14, 11:00 pm",0,0.183617
"Sep 15, 12:00 am",0,0.183617
"Sep 15, 01:00 am",0,0.183617
"Sep 15, 02:00 am",0,0.183617
"Sep 15, 03:00 am",0,0.183617
"Sep 15, 04:00 am",0,0.183617
"Sep 15, 05:00 am",0,0.183617
"Sep 15, 06:00 am",0,0.183617
"Sep 15, 07:00 am",0,0.183617
"Sep 15, 08:00 am",217.995,0.323096
"Sep 15, 09:00 am",2266.45,1.1017
"Sep 15, 10:00 am",2268.58,1.1017
"Sep 15, 11:00 am",2266.17,1.1017
"Sep 15, 12:00 pm",2265.98,1.1017
"Sep 15, 01:00 pm",2265.66,1.1017
"Sep 15, 02:00 pm",2267.42,1.1017
"Sep 15, 03:00 pm",2268.33,1.1017
"Sep 15, 04:00 pm",2268.43,1.1017
"Sep 15, 05:00 pm",1189.9,0.578086
"Sep 15, 06:00 pm",12.3845,0.183617
"Sep 15, 07:00 pm",0,0.183617
"Sep 15, 08:00 pm",0,0.183617
"Sep 15, 09:00 pm",0,0.183617
"Sep 15, 10:00 pm",0,0.183617
"Sep 15, 11:00 pm",0,0.183617
"Sep 16, 12:00 am",0,0.183617
"Sep 16, 01:00 am",0,0.183617
"Sep 16, 02:00 am",0,0.183617
"Sep 16, 03:00 am",0,0.183617
"Sep 16, 04:00 am",0,0.183617
"Sep 16, 05:00 am",0,0.183617
"Sep 16, 06:00 am",0,0.183617
"Sep 16, 07:00 am",0,0.183617
"Sep 16, 08:00 am",653.583,0.409825
"Sep 16, 09:00 am",2266.31,1.1017
"Sep 16, 10:00 am",2268.37,1.1017
"Sep 16, 11:00 am",2265.67,1.1017
"Sep 16, 12:00 pm",2265.56,1.1017
"Sep 16, 01:00 pm",2265.28,1.1017
"Sep 16, 02:00 pm",2265.84,1.1017
"Sep 16, 03:00 pm",2268.16,1.1017
"Sep 16, 04:00 pm",2268.53,1.1017
"Sep 16, 05:00 pm",1215.09,0.59033
"Sep 16, 06:00 pm",12.3898,0.183617
"Sep 16, 07:00 pm",0,0.183617
"Sep 16, 08:00 pm",0,0.183617
"Sep 16, 09:00 pm",0,0.183617
"Sep 16, 10:00 pm",0,0.183617
"Sep 16, 11:00 pm",0,0.183617
"Sep 17, 12:00 am",0,0.183617
"Sep 17, 01:00 am",0,0.183617
"Sep 17, 02:00 am",0,0.183617
"Sep 17, 03:00 am",0,0.183617
"Sep 17, 04:00 am",0,0.183617
"Sep 17, 05:00 am",0,0.183617
"Sep 17, 06:00 am",0,0.183617
"Sep 17, 07:00 am",0,0.183617
"Sep 17, 08:00 am",0,0.183617
"Sep 17, 09:00 am",0,0.183617
"Sep 17, 10:00 am",0,0.183617
"Sep 17, 11:00 am",0,0.183617
"Sep 17, 12:00 pm",0,0.183617
"Sep 17, 01:00 pm",1567.77,0.795659
"Sep 17, 02:00 pm",2266.87,1.1017
"Sep 17, 03:00 pm",2268.53,1.1017
"Sep 17, 04:00 pm",2268.38,1.1017
"Sep 17, 05:00 pm",1224.76,0.595088
"Sep 17, 06:00 pm",11.9824,0.183617
"Sep 17, 07:00 pm",0,0.183617
"Sep 17, 08:00 pm",0,0.183617
"Sep 17, 09:00 pm",0,0.183617
"Sep 17, 10:00 pm",0,0.183617
"Sep 17, 11:00 pm",0,0.183617
"Sep 18, 12:00 am",0,0.183617
"Sep 18, 01:00 am",0,0.183617
"Sep 18, 02:00 am",0,0.183617
"Sep 18, 03:00 am",0,0.183617
"Sep 18, 04:00 am",0,0.183617
"Sep 18, 05:00 am",0,0.183617
"Sep 18, 06:00 am",0,0.183617
"Sep 18, 07:00 am",0,0.183617
"Sep 18, 08:00 am",0,0.183617
"Sep 18, 09:00 am",0,0.183617
"Sep 18, 10:00 am",0,0.183617
"Sep 18, 11:00 am",0,0.183617
"Sep 18, 12:00 pm",0,0.183617
"Sep 18, 01:00 pm",0,0.183617
"Sep 18, 02:00 pm",0,0.183617
"Sep 18, 03:00 pm",0,0.183617
"Sep 18, 04:00 pm",0,0.183617
"Sep 18, 05:00 pm",0,0.183617
"Sep 18, 06:00 pm",0,0.183617
"Sep 18, 07:00 pm",0,0.183617
"Sep 18, 08:00 pm",0,0.183617
"Sep 18, 09:00 pm",0,0.183617
"Sep 18, 10:00 pm",0,0.183617
"Sep 18, 11:00 pm",0,0.183617
"Sep 19, 12:00 am",0,0.183617
"Sep 19, 01:00 am",0,0.183617
"Sep 19, 02:00 am",0,0.183617
"Sep 19, 03:00 am",0,0.183617
"Sep 19, 04:00 am",0,0.183617
"Sep 19, 05:00 am",0,0.183617
"Sep 19, 06:00 am",0,0.183617
"Sep 19, 07:00 am",0,0.183617
"Sep 19, 08:00 am",0,0.183617
"Sep 19, 09:00 am",0,0.183617
"Sep 19, 10:00 am",0,0.183617
"Sep 19, 11:00 am",0,0.183617
"Sep 19, 12:00 pm",0,0.183617
"Sep 19, 01:00 pm",1569.63,0.795659
"Sep 19, 02:00 pm",2264.35,1.1017
"Sep 19, 03:00 pm",2266.03,1.1017
"Sep 19, 04:00 pm",2266.23,1.1017
"Sep 19, 05:00 pm",13.9115,0.183617
"Sep 19, 06:00 pm",0,0.183617
"Sep 19, 07:00 pm",0,0.183617
"Sep 19, 08:00 pm",0,0.183617
"Sep 19, 09:00 pm",0,0.183617
"Sep 19, 10:00 pm",0,0.183617
"Sep 19, 11:00 pm",0,0.183617
"Sep 20, 12:00 am",0,0.183617
"Sep 20, 01:00 am",0,0.183617
"Sep 20, 02:00 am",0,0.183617
"Sep 20, 03:00 am",0,0.183617
"Sep 20, 04:00 am",0,0.183617
"Sep 20, 05:00 am",0,0.183617
"Sep 20, 06:00 am",0,0.183617
"Sep 20, 07:00 am",0,0.183617
"Sep 20, 08:00 am",739.442,0.449844
"Sep 20, 09:00 am",2267.7,1.1017
"Sep 20, 10:00 am",2267.06,1.1017
"Sep 20, 11:00 am",2264.61,1.1017
"Sep 20, 12:00 pm",2264.64,1.1017
"Sep 20, 01:00 pm",2264.65,1.1017
"Sep 20, 02:00 pm",2265.11,1.1017
"Sep 20, 03:00 pm",2267.37,1.1017
"Sep 20, 04:00 pm",2268.65,1.1017
"Sep 20, 05:00 pm",1345.3,0.653724
"Sep 20, 06:00 pm",11.8876,0.183617
"Sep 20, 07:00 pm",0,0.183617
"Sep 20, 08:00 pm",0,0.183617
"Sep 20, 09:00 pm",0,0.183617
"Sep 20, 10:00 pm",0,0.183617
"Sep 20, 11:00 pm",0,0.183617
"Sep 21, 12:00 am",0,0.183617
"Sep 21, 01:00 am",0,0.183617
"Sep 21, 02:00 am",0,0.183617
"Sep 21, 03:00 am",0,0.183617
"Sep 21, 04:00 am",0,0.183617
"Sep 21, 05:00 am",0,0.183617
"Sep 21, 06:00 am",0,0.183617
"Sep 21, 07:00 am",0,0.183617
"Sep 21, 08:00 am",0,0.183617
"Sep 21, 09:00 am",0,0.183617
"Sep 21, 10:00 am",0,0.183617
"Sep 21, 11:00 am",0,0.183617
"Sep 21, 12:00 pm",0,0.183617
"Sep 21, 01:00 pm",0,0.183617
"Sep 21, 02:00 pm",1894.95,0.948673
"Sep 21, 03:00 pm",2266.65,1.1017
"Sep 21, 04:00 pm",2268.79,1.1017
"Sep 21, 05:00 pm",1400.37,0.680522
"Sep 21, 06:00 pm",11.5614,0.183617
"Sep 21, 07:00 pm",0,0.183617
"Sep 21, 08:00 pm",0,0.183617
"Sep 21, 09:00 pm",0,0.183617
"Sep 21, 10:00 pm",0,0.183617
"Sep 21, 11:00 pm",0,0.183617
"Sep 22, 12:00 am",0,0.183617
"Sep 22, 01:00 am",0,0.183617
"Sep 22, 02:00 am",0,0.183617
"Sep 22, 03:00 am",0,0.183617
"Sep 22, 04:00 am",0,0.183617
"Sep 22, 05:00 am",0,0.183617
"Sep 22, 06:00 am",0,0.183617
"Sep 22, 07:00 am",0,0.183617
"Sep 22, 08:00 am",1051.9,0.572324
"Sep 22, 09:00 am",2268.62,1.1017
"Sep 22, 10:00 am",2264.92,1.1017
"Sep 22, 11:00 am",2266.42,1.1017
"Sep 22, 12:00 pm",2266.45,1.1017
"Sep 22, 01:00 pm",2266.47,1.1017
"Sep 22, 02:00 pm",2266.47,1.1017
"Sep 22, 03:00 pm",2265.02,1.1017
"Sep 22, 04:00 pm",2266.3,1.1017
"Sep 22, 05:00 pm",1471.89,0.715431
"Sep 22, 06:00 pm",11.8516,0.183617
"Sep 22, 07:00 pm",0,0.183617
"Sep 22, 08:00 pm",0,0.183617
"Sep 22, 09:00 pm",0,0.183617
"Sep 22, 10:00 pm",0,0.183617
"Sep 22, 11:00 pm",0,0.183617
"Sep 23, 12:00 am",0,0.183617
"Sep 23, 01:00 am",0,0.183617
"Sep 23, 02:00 am",0,0.183617
"Sep 23, 03:00 am",0,0.183617
"Sep 23, 04:00 am",0,0.183617
"Sep 23, 05:00 am",0,0.183617
"Sep 23, 06:00 am",0,0.183617
"Sep 23, 07:00 am",0,0.183617
"Sep 23, 08:00 am",1127.07,0.605715
"Sep 23, 09:00 am",2266.06,1.1017
"Sep 23, 10:00 am",2264.29,1.1017
"Sep 23, 11:00 am",2266.45,1.1017
"Sep 23, 12:00 pm",2266.48,1.1017
"Sep 23, 01:00 pm",2266.5,1.1017
"Sep 23, 02:00 pm",2266.51,1.1017
"Sep 23, 03:00 pm",2264.47,1.1017
"Sep 23, 04:00 pm",2266.32,1.1017
"Sep 23, 05:00 pm",1535.08,0.746202
"Sep 23, 06:00 pm",11.9737,0.183617
"Sep 23, 07:00 pm",0,0.183617
"Sep 23, 08:00 pm",0,0.183617
"Sep 23, 09:00 pm",0,0.183617
"Sep 23, 10:00 pm",0,0.183617
"Sep 23, 11:00 pm",0,0.183617
"Sep 24, 12:00 am",0,0.183617
"Sep 24, 01:00 am",0,0.183617
"Sep 24, 02:00 am",0,0.183617
"Sep 24, 03:00 am",0,0.183617
"Sep 24, 04:00 am",0,0.183617
"Sep 24, 05:00 am",0,0.183617
"Sep 24, 06:00 am",0,0.183617
"Sep 24, 07:00 am",0,0.183617
"Sep 24, 08:00 am",1088.38,0.760048
"Sep 24, 09:00 am",2268.66,1.1017
"Sep 24, 10:00 am",2265.17,1.1017
"Sep 24, 11:00 am",2266.44,1.1017
"Sep 24, 12:00 pm",2266.47,1.1017
"Sep 24, 01:00 pm",2266.49,1.1017
"Sep 24, 02:00 pm",2266.5,1.1017
"Sep 24, 03:00 pm",2265,1.1017
"Sep 24, 04:00 pm",2266.36,1.1017
"Sep 24, 05:00 pm",1539.8,0.748476
"Sep 24, 06:00 pm",12.4055,0.183617
"Sep 24, 07:00 pm",0,0.183617
"Sep 24, 08:00 pm",0,0.183617
"Sep 24, 09:00 pm",0,0.183617
"Sep 24, 10:00 pm",0,0.183617
"Sep 24, 11:00 pm",0,0.183617
"Sep 25, 12:00 am",0,0.183617
"Sep 25, 01:00 am",0,0.183617
"Sep 25, 02:00 am",0,0.183617
"Sep 25, 03:00 am",0,0.183617
"Sep 25, 04:00 am",0,0.183617
"Sep 25, 05:00 am",0,0.183617
"Sep 25, 06:00 am",0,0.183617
"Sep 25, 07:00 am",0,0.183617
"Sep 25, 08:00 am",1107.12,0.771743
"Sep 25, 09:00 am",2265.99,1.1017
"Sep 25, 10:00 am",2264.86,1.1017
"Sep 25, 11:00 am",2266.41,1.1017
"Sep 25, 12:00 pm",2266.44,1.1017
"Sep 25, 01:00 pm",2266.45,1.1017
"Sep 25, 02:00 pm",2266.46,1.1017
"Sep 25, 03:00 pm",2265.21,1.1017
"Sep 25, 04:00 pm",2266.31,1.1017
"Sep 25, 05:00 pm",1553.44,0.755136
"Sep 25, 06:00 pm",12.159,0.183617
"Sep 25, 07:00 pm",0,0.183617
"Sep 25, 08:00 pm",0,0.183617
"Sep 25, 09:00 pm",0,0.183617
"Sep 25, 10:00 pm",0,0.183617
"Sep 25, 11:00 pm",0,0.183617
"Sep 26, 12:00 am",0,0.183617
"Sep 26, 01:00 am",0,0.183617
"Sep 26, 02:00 am",0,0.183617
"Sep 26, 03:00 am",0,0.183617
"Sep 26, 04:00 am",0,0.183617
"Sep 26, 05:00 am",0,0.183617
"Sep 26, 06:00 am",0,0.183617
"Sep 26, 07:00 am",0,0.183617
"Sep 26, 08:00 am",1145.42,0.796443
"Sep 26, 09:00 am",15.0681,0.183617
"Sep 26, 10:00 am",0,0.183617
"Sep 26, 11:00 am",0,0.183617
"Sep 26, 12:00 pm",0,0.183617
"Sep 26, 01:00 pm",0,0.183617
"Sep 26, 02:00 pm",0,0.183617
"Sep 26, 03:00 pm",1888.84,1.1017
"Sep 26, 04:00 pm",2266.35,1.1017
"Sep 26, 05:00 pm",1592.56,0.774181
"Sep 26, 06:00 pm",12.2349,0.183617
"Sep 26, 07:00 pm",0,0.183617
"Sep 26, 08:00 pm",0,0.183617
"Sep 26, 09:00 pm",0,0.183617
"Sep 26, 10:00 pm",0,0.183617
"Sep 26, 11:00 pm",0,0.183617
"Sep 27, 12:00 am",0,0.183617
"Sep 27, 01:00 am",0,0.183617
"Sep 27, 02:00 am",0,0.183617
"Sep 27, 03:00 am",0,0.183617
"Sep 27, 04:00 am",0,0.183617
"Sep 27, 05:00 am",0,0.183617
"Sep 27, 06:00 am",0,0.183617
"Sep 27, 07:00 am",0,0.183617
"Sep 27, 08:00 am",0,0.183617
"Sep 27, 09:00 am",0,0.183617
"Sep 27, 10:00 am",0,0.183617
"Sep 27, 11:00 am",0,0.183617
"Sep 27, 12:00 pm",0,0.183617
"Sep 27, 01:00 pm",0,0.183617
"Sep 27, 02:00 pm",0,0.183617
"Sep 27, 03:00 pm",0,0.183617
"Sep 27, 04:00 pm",0,0.183617
"Sep 27, 05:00 pm",0,0.183617
"Sep 27, 06:00 pm",0,0.183617
"Sep 27, 07:00 pm",0,0.183617
"Sep 27, 08:00 pm",0,0.183617
"Sep 27, 09:00 pm",0,0.183617
"Sep 27, 10:00 pm",0,0.183617
"Sep 27, 11:00 pm",0,0.183617
"Sep 28, 12:00 am",0,0.183617
"Sep 28, 01:00 am",0,0.183617
"Sep 28, 02:00 am",0,0.183617
"Sep 28, 03:00 am",0,0.183617
"Sep 28, 04:00 am",0,0.183617
"Sep 28, 05:00 am",0,0.183617
"Sep 28, 06:00 am",0,0.183617
"Sep 28, 07:00 am",0,0.183617
"Sep 28, 08:00 am",1208.94,0.840802
"Sep 28, 09:00 am",2266.01,1.1017
"Sep 28, 10:00 am",2266.38,1.1017
"Sep 28, 11:00 am",2266.65,1.1017
"Sep 28, 12:00 pm",2266.78,1.1017
"Sep 28, 01:00 pm",2266.8,1.1017
"Sep 28, 02:00 pm",2266.82,1.1017
"Sep 28, 03:00 pm",2266.53,1.1017
"Sep 28, 04:00 pm",16.4376,0.183617
"Sep 28, 05:00 pm",0,0.183617
"Sep 28, 06:00 pm",0,0.183617
"Sep 28, 07:00 pm",0,0.183617
"Sep 28, 08:00 pm",0,0.183617
"Sep 28, 09:00 pm",0,0.183617
"Sep 28, 10:00 pm",0,0.183617
"Sep 28, 11:00 pm",0,0.183617
"Sep 29, 12:00 am",0,0.183617
"Sep 29, 01:00 am",0,0.183617
"Sep 29, 02:00 am",0,0.183617
"Sep 29, 03:00 am",0,0.183617
"Sep 29, 04:00 am",0,0.183617
"Sep 29, 05:00 am",0,0.183617
"Sep 29, 06:00 am",0,0.183617
"Sep 29, 07:00 am",0,0.183617
"Sep 29, 08:00 am",1049.91,0.593307
"Sep 29, 09:00 am",2266.21,1.1017
"Sep 29, 10:00 am",18.5009,0.183617
"Sep 29, 11:00 am",0,0.183617
"Sep 29, 12:00 pm",0,0.183617
"Sep 29, 01:00 pm",0,0.183617
"Sep 29, 02:00 pm",0,0.183617
"Sep 29, 03:00 pm",0,0.183617
"Sep 29, 04:00 pm",0,0.183617
"Sep 29, 05:00 pm",0,0.183617
"Sep 29, 06:00 pm",0,0.183617
"Sep 29, 07:00 pm",0,0.183617
"Sep 29, 08:00 pm",0,0.183617
"Sep 29, 09:00 pm",0,0.183617
"Sep 29, 10:00 pm",0,0.183617
"Sep 29, 11:00 pm",0,0.183617
"Sep 30, 12:00 am",0,0.183617
"Sep 30, 01:00 am",0,0.183617
"Sep 30, 02:00 am",0,0.183617
"Sep 30, 03:00 am",0,0.183617
"Sep 30, 04:00 am",0,0.183617
"Sep 30, 05:00 am",0,0.183617
"Sep 30, 06:00 am",0,0.183617
"Sep 30, 07:00 am",0,0.183617
"Sep 30, 08:00 am",1248.89,0.865196
"Sep 30, 09:00 am",2266.05,1.1017
"Sep 30, 10:00 am",2266.38,1.1017
"Sep 30, 11:00 am",2266.63,1.1017
"Sep 30, 12:00 pm",2266.8,1.1017
"Sep 30, 01:00 pm",2266.81,1.1017
"Sep 30, 02:00 pm",2266.82,1.1017
"Sep 30, 03:00 pm",2266.48,1.1017
"Sep 30, 04:00 pm",2266.47,1.1017
"Sep 30, 05:00 pm",14.8885,0.183617
"Sep 30, 06:00 pm",0,0.183617
"Sep 30, 07:00 pm",0,0.183617
"Sep 30, 08:00 pm",0,0.183617
"Sep 30, 09:00 pm",0,0.183617
"Sep 30, 10:00 pm",0,0.183617
"Sep 30, 11:00 pm",0,0.183617
"Oct 1, 12:00 am",0,0.183617
"Oct 1, 01:00 am",0,0.183617
"Oct 1, 02:00 am",0,0.183617
"Oct 1, 03:00 am",0,0.183617
"Oct 1, 04:00 am",0,0.183617
"Oct 1, 05:00 am",0,0.183617
"Oct 1, 06:00 am",0,0.183617
"Oct 1, 07:00 am",0,0.183617
"Oct 1, 08:00 am",0,0.183617
"Oct 1, 09:00 am",0,0.183617
"Oct 1, 10:00 am",0,0.183617
"Oct 1, 11:00 am",0,0.183617
"Oct 1, 12:00 pm",0,0.183617
"Oct 1, 01:00 pm",0,0.183617
"Oct 1, 02:00 pm",0,0.183617
"Oct 1, 03:00 pm",0,0.183617
"Oct 1, 04:00 pm",0,0.183617
"Oct 1, 05:00 pm",0,0.183617
"Oct 1, 06:00 pm",0,0.183617
"Oct 1, 07:00 pm",0,0.183617
"Oct 1, 08:00 pm",0,0.183617
"Oct 1, 09:00 pm",0,0.183617
"Oct 1, 10:00 pm",0,0.183617
"Oct 1, 11:00 pm",0,0.183617
"Oct 2, 12:00 am",0,0.183617
"Oct 2, 01:00 am",0,0.183617
"Oct 2, 02:00 am",0,0.183617
"Oct 2, 03:00 am",0,0.183617
"Oct 2, 04:00 am",0,0.183617
"Oct 2, 05:00 am",0,0.183617
"Oct 2, 06:00 am",0,0.183617
"Oct 2, 07:00 am",0,0.183617
"Oct 2, 08:00 am",0,0.183617
"Oct 2, 09:00 am",0,0.183617
"Oct 2, 10:00 am",0,0.183617
"Oct 2, 11:00 am",0,0.183617
"Oct 2, 12:00 pm",0,0.183617
"Oct 2, 01:00 pm",0,0.183617
"Oct 2, 02:00 pm",0,0.183617
"Oct 2, 03:00 pm",0,0.183617
"Oct 2, 04:00 pm",0,0.183617
"Oct 2, 05:00 pm",0,0.183617
"Oct 2, 06:00 pm",0,0.183617
"Oct 2, 07:00 pm",0,0.183617
"Oct 2, 08:00 pm",0,0.183617
"Oct 2, 09:00 pm",0,0.183617
"Oct 2, 10:00 pm",0,0.183617
"Oct 2, 11:00 pm",0,0.183617
"Oct 3, 12:00 am",0,0.183617
"Oct 3, 01:00 am",0,0.183617
"Oct 3, 02:00 am",0,0.183617
"Oct 3, 03:00 am",0,0.183617
"Oct 3, 04:00 am",0,0.183617
"Oct 3, 05:00 am",0,0.183617
"Oct 3, 06:00 am",0,0.183617
"Oct 3, 07:00 am",0,0.183617
"Oct 3, 08:00 am",1266.17,0.874678
"Oct 3, 09:00 am",2266.07,1.1017
"Oct 3, 10:00 am",2263.31,1.1017
"Oct 3, 11:00 am",2266.48,1.1017
"Oct 3, 12:00 pm",2266.51,1.1017
"Oct 3, 01:00 pm",21.5218,0.183617
"Oct 3, 02:00 pm",18.2132,0.183617
"Oct 3, 03:00 pm",0,0.183617
"Oct 3, 04:00 pm",0,0.183617
"Oct 3, 05:00 pm",0,0.183617
"Oct 3, 06:00 pm",0,0.183617
"Oct 3, 07:00 pm",0,0.183617
"Oct 3, 08:00 pm",0,0.183617
"Oct 3, 09:00 pm",0,0.183617
"Oct 3, 10:00 pm",0,0.183617
"Oct 3, 11:00 pm",0,0.183617
"Oct 4, 12:00 am",0,0.183617
"Oct 4, 01:00 am",0,0.183617
"Oct 4, 02:00 am",0,0.183617
"Oct 4, 03:00 am",0,0.183617
"Oct 4, 04:00 am",0,0.183617
"Oct 4, 05:00 am",0,0.183617
"Oct 4, 06:00 am",0,0.183617
"Oct 4, 07:00 am",0,0.183617
"Oct 4, 08:00 am",1578.19,0.898097
"Oct 4, 09:00 am",2266.04,1.1017
"Oct 4, 10:00 am",2266.3,1.1017
"Oct 4, 11:00 am",2266.59,1.1017
"Oct 4, 12:00 pm",2266.86,1.1017
"Oct 4, 01:00 pm",2266.86,1.1017
"Oct 4, 02:00 pm",2266.86,1.1017
"Oct 4, 03:00 pm",2266.42,1.1017
"Oct 4, 04:00 pm",2266.41,1.1017
"Oct 4, 05:00 pm",1932.7,0.939598
"Oct 4, 06:00 pm",11.9895,0.183617
"Oct 4, 07:00 pm",0,0.183617
"Oct 4, 08:00 pm",0,0.183617
"Oct 4, 09:00 pm",0,0.183617
"Oct 4, 10:00 pm",0,0.183617
"Oct 4, 11:00 pm",0,0.183617
"Oct 5, 12:00 am",0,0.183617
"Oct 5, 01:00 am",0,0.183617
"Oct 5, 02:00 am",0,0.183617
"Oct 5, 03:00 am",0,0.183617
"Oct 5, 04:00 am",0,0.183617
"Oct 5, 05:00 am",0,0.183617
"Oct 5, 06:00 am",0,0.183617
"Oct 5, 07:00 am",0,0.183617
"Oct 5, 08:00 am",0,0.183617
"Oct 5, 09:00 am",1906.47,1.1017
"Oct 5, 10:00 am",2266.63,1.1017
"Oct 5, 11:00 am",2267.16,1.1017
"Oct 5, 12:00 pm",2267.45,1.1017
"Oct 5, 01:00 pm",2267.46,1.1017
"Oct 5, 02:00 pm",2267,1.1017
"Oct 5, 03:00 pm",2266.54,1.1017
"Oct 5, 04:00 pm",2266.32,1.1017
"Oct 5, 05:00 pm",1982.65,0.963862
"Oct 5, 06:00 pm",12.3049,0.183617
"Oct 5, 07:00 pm",0,0.183617
"Oct 5, 08:00 pm",0,0.183617
"Oct 5, 09:00 pm",0,0.183617
"Oct 5, 10:00 pm",0,0.183617
"Oct 5, 11:00 pm",0,0.183617
"Oct 6, 12:00 am",0,0.183617
"Oct 6, 01:00 am",0,0.183617
"Oct 6, 02:00 am",0,0.183617
"Oct 6, 03:00 am",0,0.183617
"Oct 6, 04:00 am",0,0.183617
"Oct 6, 05:00 am",0,0.183617
"Oct 6, 06:00 am",0,0.183617
"Oct 6, 07:00 am",0,0.183617
"Oct 6, 08:00 am",0,0.183617
"Oct 6, 09:00 am",0,0.183617
"Oct 6, 10:00 am",1571.56,0.795659
"Oct 6, 11:00 am",2267.06,1.1017
"Oct 6, 12:00 pm",2266.99,1.1017
"Oct 6, 01:00 pm",21.845,0.183617
"Oct 6, 02:00 pm",18.1883,0.183617
"Oct 6, 03:00 pm",0,0.183617
"Oct 6, 04:00 pm",1915.28,1.1017
"Oct 6, 05:00 pm",1963.48,0.954562
"Oct 6, 06:00 pm",11.9921,0.183617
"Oct 6, 07:00 pm",0,0.183617
"Oct 6, 08:00 pm",0,0.183617
"Oct 6, 09:00 pm",0,0.183617
"Oct 6, 10:00 pm",0,0.183617
"Oct 6, 11:00 pm",0,0.183617
"Oct 7, 12:00 am",0,0.183617
"Oct 7, 01:00 am",0,0.183617
"Oct 7, 02:00 am",0,0.183617
"Oct 7, 03:00 am",0,0.183617
"Oct 7, 04:00 am",0,0.183617
"Oct 7, 05:00 am",0,0.183617
"Oct 7, 06:00 am",0,0.183617
"Oct 7, 07:00 am",0,0.183617
"Oct 7, 08:00 am",0,0.183617
"Oct 7, 09:00 am",0,0.183617
"Oct 7, 10:00 am",0,0.183617
"Oct 7, 11:00 am",0,0.183617
"Oct 7, 12:00 pm",1901.15,0.948673
"Oct 7, 01:00 pm",2267.16,1.1017
"Oct 7, 02:00 pm",2266.83,1.1017
"Oct 7, 03:00 pm",2266.49,1.1017
"Oct 7, 04:00 pm",2266.31,1.1017
"Oct 7, 05:00 pm",2043.07,0.993229
"Oct 7, 06:00 pm",12.2993,0.183617
"Oct 7, 07:00 pm",0,0.183617
"Oct 7, 08:00 pm",0,0.183617
"Oct 7, 09:00 pm",0,0.183617
"Oct 7, 10:00 pm",0,0.183617
"Oct 7, 11:00 pm",0,0.183617
"Oct 8, 12:00 am",0,0.183617
"Oct 8, 01:00 am",0,0.183617
"Oct 8, 02:00 am",0,0.183617
"Oct 8, 03:00 am",0,0.183617
"Oct 8, 04:00 am",0,0.183617
"Oct 8, 05:00 am",0,0.183617
"Oct 8, 06:00 am",0,0.183617
"Oct 8, 07:00 am",0,0.183617
"Oct 8, 08:00 am",2125.91,1.03405
"Oct 8, 09:00 am",2268.42,1.1017
"Oct 8, 10:00 am",2266.97,1.1017
"Oct 8, 11:00 am",2267.39,1.1017
"Oct 8, 12:00 pm",2267.74,1.1017
"Oct 8, 01:00 pm",2267.75,1.1017
"Oct 8, 02:00 pm",2267.24,1.1017
"Oct 8, 03:00 pm",2266.66,1.1017
"Oct 8, 04:00 pm",2268.89,1.1017
"Oct 8, 05:00 pm",2094.98,1.01829
"Oct 8, 06:00 pm",13.2554,0.183617
"Oct 8, 07:00 pm",0,0.183617
"Oct 8, 08:00 pm",0,0.183617
"Oct 8, 09:00 pm",0,0.183617
"Oct 8, 10:00 pm",0,0.183617
"Oct 8, 11:00 pm",0,0.183617
"Oct 9, 12:00 am",0,0.183617
"Oct 9, 01:00 am",0,0.183617
"Oct 9, 02:00 am",0,0.183617
"Oct 9, 03:00 am",0,0.183617
"Oct 9, 04:00 am",0,0.183617
"Oct 9, 05:00 am",0,0.183617
"Oct 9, 06:00 am",0,0.183617
"Oct 9, 07:00 am",0,0.183617
"Oct 9, 08:00 am",2092.74,1.01793
"Oct 9, 09:00 am",2268.76,1.1017
"Oct 9, 10:00 am",2266.88,1.1017
"Oct 9, 11:00 am",2267.03,1.1017
"Oct 9, 12:00 pm",2267.37,1.1017
"Oct 9, 01:00 pm",2267.37,1.1017
"Oct 9, 02:00 pm",2266.97,1.1017
"Oct 9, 03:00 pm",2266.58,1.1017
"Oct 9, 04:00 pm",2266.38,1.1017
"Oct 9, 05:00 pm",2080.25,1.01127
"Oct 9, 06:00 pm",14.171,0.183617
"Oct 9, 07:00 pm",0,0.183617
"Oct 9, 08:00 pm",0,0.183617
"Oct 9, 09:00 pm",0,0.183617
"Oct 9, 10:00 pm",0,0.183617
"Oct 9, 11:00 pm",0,0.183617
"Oct 10, 12:00 am",0,0.183617
"Oct 10, 01:00 am",0,0.183617
"Oct 10, 02:00 am",0,0.183617
"Oct 10, 03:00 am",0,0.183617
"Oct 10, 04:00 am",0,0.183617
"Oct 10, 05:00 am",0,0.183617
"Oct 10, 06:00 am",0,0.183617
"Oct 10, 07:00 am",0,0.183617
"Oct 10, 08:00 am",1476.84,0.775144
"Oct 10, 09:00 am",2268.53,1.1017
"Oct 10, 10:00 am",2266.91,1.1017
"Oct 10, 11:00 am",2267.34,1.1017
"Oct 10, 12:00 pm",2267.66,1.1017
"Oct 10, 01:00 pm",47.0441,0.183617
"Oct 10, 02:00 pm",2265.69,1.1017
"Oct 10, 03:00 pm",2266.59,1.1017
"Oct 10, 04:00 pm",2266.36,1.1017
"Oct 10, 05:00 pm",2084.24,1.01322
"Oct 10, 06:00 pm",14.9642,0.183617
"Oct 10, 07:00 pm",0,0.183617
"Oct 10, 08:00 pm",0,0.183617
"Oct 10, 09:00 pm",0,0.183617
"Oct 10, 10:00 pm",0,0.183617
"Oct 10, 11:00 pm",0,0.183617
"Oct 11, 12:00 am",0,0.183617
"Oct 11, 01:00 am",0,0.183617
"Oct 11, 02:00 am",0,0.183617
"Oct 11, 03:00 am",0,0.183617
"Oct 11, 04:00 am",0,0.183617
"Oct 11, 05:00 am",0,0.183617
"Oct 11, 06:00 am",0,0.183617
"Oct 11, 07:00 am",0,0.183617
"Oct 11, 08:00 am",0,0.183617
"Oct 11, 09:00 am",0,0.183617
"Oct 11, 10:00 am",0,0.183617
"Oct 11, 11:00 am",0,0.183617
"Oct 11, 12:00 pm",1908.77,0.948673
"Oct 11, 01:00 pm",2267.56,1.1017
"Oct 11, 02:00 pm",2267.13,1.1017
"Oct 11, 03:00 pm",2266.57,1.1017
"Oct 11, 04:00 pm",2268.76,1.1017
"Oct 11, 05:00 pm",2125.92,1.03337
"Oct 11, 06:00 pm",15.5879,0.183617
"Oct 11, 07:00 pm",0,0.183617
"Oct 11, 08:00 pm",0,0.183617
"Oct 11, 09:00 pm",0,0.183617
"Oct 11, 10:00 pm",0,0.183617
"Oct 11, 11:00 pm",0,0.183617
"Oct 12, 12:00 am",0,0.183617
"Oct 12, 01:00 am",0,0.183617
"Oct 12, 02:00 am",0,0.183617
"Oct 12, 03:00 am",0,0.183617
"Oct 12, 04:00 am",0,0.183617
"Oct 12, 05:00 am",0,0.183617
"Oct 12, 06:00 am",0,0.183617
"Oct 12, 07:00 am",0,0.183617
"Oct 12, 08:00 am",1538.84,0.795659
"Oct 12, 09:00 am",2268.21,1.1017
"Oct 12, 10:00 am",2266.8,1.1017
"Oct 12, 11:00 am",2267.27,1.1017
"Oct 12, 12:00 pm",2267.68,1.1017
"Oct 12, 01:00 pm",2267.69,1.1017
"Oct 12, 02:00 pm",2267.19,1.1017
"Oct 12, 03:00 pm",2266.61,1.1017
"Oct 12, 04:00 pm",2268.73,1.1017
"Oct 12, 05:00 pm",2139.45,1.03993
"Oct 12, 06:00 pm",16.8104,0.183617
"Oct 12, 07:00 pm",0,0.183617
"Oct 12, 08:00 pm",0,0.183617
"Oct 12, 09:00 pm",0,0.183617
"Oct 12, 10:00 pm",0,0.183617
"Oct 12, 11:00 pm",0,0.183617
"Oct 13, 12:00 am",0,0.183617
"Oct 13, 01:00 am",0,0.183617
"Oct 13, 02:00 am",0,0.183617
"Oct 13, 03:00 am",0,0.183617
"Oct 13, 04:00 am",0,0.183617
"Oct 13, 05:00 am",0,0.183617
"Oct 13, 06:00 am",0,0.183617
"Oct 13, 07:00 am",0,0.183617
"Oct 13, 08:00 am",0,0.183617
"Oct 13, 09:00 am",0,0.183617
"Oct 13, 10:00 am",1890.68,0.948673
"Oct 13, 11:00 am",2267.41,1.1017
"Oct 13, 12:00 pm",2267.85,1.1017
"Oct 13, 01:00 pm",2267.86,1.1017
"Oct 13, 02:00 pm",2267.33,1.1017
"Oct 13, 03:00 pm",2266.68,1.1017
"Oct 13, 04:00 pm",2268.46,1.1017
"Oct 13, 05:00 pm",2176.17,1.05836
"Oct 13, 06:00 pm",17.9024,0.183617
"Oct 13, 07:00 pm",0,0.183617
"Oct 13, 08:00 pm",0,0.183617
"Oct 13, 09:00 pm",0,0.183617
"Oct 13, 10:00 pm",0,0.183617
"Oct 13, 11:00 pm",0,0.183617
"Oct 14, 12:00 am",0,0.183617
"Oct 14, 01:00 am",0,0.183617
"Oct 14, 02:00 am",0,0.183617
"Oct 14, 03:00 am",0,0.183617
"Oct 14, 04:00 am",0,0.183617
"Oct 14, 05:00 am",0,0.183617
"Oct 14, 06:00 am",0,0.183617
"Oct 14, 07:00 am",0,0.183617
"Oct 14, 08:00 am",1512.4,1.04756
"Oct 14, 09:00 am",2266.79,1.1017
"Oct 14, 10:00 am",2267.08,1.1017
"Oct 14, 11:00 am",2267.87,1.1017
"Oct 14, 12:00 pm",2268.29,1.1017
"Oct 14, 01:00 pm",2268.38,1.1017
"Oct 14, 02:00 pm",2267.7,1.1017
"Oct 14, 03:00 pm",2266.82,1.1017
"Oct 14, 04:00 pm",2268.19,1.1017
"Oct 14, 05:00 pm",2199.06,1.06913
"Oct 14, 06:00 pm",19.2385,0.183617
"Oct 14, 07:00 pm",6.91234,0.183617
"Oct 14, 08:00 pm",0,0.183617
"Oct 14, 09:00 pm",0,0.183617
"Oct 14, 10:00 pm",0,0.183617
"Oct 14, 11:00 pm",0,0.183617
"Oct 15, 12:00 am",0,0.183617
"Oct 15, 01:00 am",0,0.183617
"Oct 15, 02:00 am",0,0.183617
"Oct 15, 03:00 am",0,0.183617
"Oct 15, 04:00 am",0,0.183617
"Oct 15, 05:00 am",0,0.183617
"Oct 15, 06:00 am",0,0.183617
"Oct 15, 07:00 am",0,0.183617
"Oct 15, 08:00 am",0,0.183617
"Oct 15, 09:00 am",0,0.183617
"Oct 15, 10:00 am",0,0.183617
"Oct 15, 11:00 am",0,0.183617
"Oct 15, 12:00 pm",0,0.183617
"Oct 15, 01:00 pm",0,0.183617
"Oct 15, 02:00 pm",0,0.183617
"Oct 15, 03:00 pm",0,0.183617
"Oct 15, 04:00 pm",0,0.183617
"Oct 15, 05:00 pm",0,0.183617
"Oct 15, 06:00 pm",0,0.183617
"Oct 15, 07:00 pm",0,0.183617
"Oct 15, 08:00 pm",0,0.183617
"Oct 15, 09:00 pm",0,0.183617
"Oct 15, 10:00 pm",0,0.183617
"Oct 15, 11:00 pm",0,0.183617
"Oct 16, 12:00 am",0,0.183617
"Oct 16, 01:00 am",0,0.183617
"Oct 16, 02:00 am",0,0.183617
"Oct 16, 03:00 am",0,0.183617
"Oct 16, 04:00 am",0,0.183617
"Oct 16, 05:00 am",0,0.183617
"Oct 16, 06:00 am",0,0.183617
"Oct 16, 07:00 am",0,0.183617
"Oct 16, 08:00 am",1513.4,0.795659
"Oct 16, 09:00 am",2265.9,1.1017
"Oct 16, 10:00 am",2267.09,1.1017
"Oct 16, 11:00 am",2267.99,1.1017
"Oct 16, 12:00 pm",2268.47,1.1017
"Oct 16, 01:00 pm",2268.61,1.1017
"Oct 16, 02:00 pm",2267.98,1.1017
"Oct 16, 03:00 pm",2266.94,1.1017
"Oct 16, 04:00 pm",2267.72,1.1017
"Oct 16, 05:00 pm",2234.77,1.08627
"Oct 16, 06:00 pm",22.0113,0.183617
"Oct 16, 07:00 pm",10.6848,0.183617
"Oct 16, 08:00 pm",0,0.183617
"Oct 16, 09:00 pm",0,0.183617
"Oct 16, 10:00 pm",0,0.183617
"Oct 16, 11:00 pm",0,0.183617
"Oct 17, 12:00 am",0,0.183617
"Oct 17, 01:00 am",0,0.183617
"Oct 17, 02:00 am",0,0.183617
"Oct 17, 03:00 am",0,0.183617
"Oct 17, 04:00 am",0,0.183617
"Oct 17, 05:00 am",0,0.183617
"Oct 17, 06:00 am",0,0.183617
"Oct 17, 07:00 am",0,0.183617
"Oct 17, 08:00 am",1525.28,0.795659
"Oct 17, 09:00 am",15.9825,0.183617
"Oct 17, 10:00 am",0,0.183617
"Oct 17, 11:00 am",0,0.183617
"Oct 17, 12:00 pm",0,0.183617
"Oct 17, 01:00 pm",0,0.183617
"Oct 17, 02:00 pm",0,0.183617
"Oct 17, 03:00 pm",0,0.183617
"Oct 17, 04:00 pm",0,0.183617
"Oct 17, 05:00 pm",0,0.183617
"Oct 17, 06:00 pm",0,0.183617
"Oct 17, 07:00 pm",0,0.183617
"Oct 17, 08:00 pm",0,0.183617
"Oct 17, 09:00 pm",0,0.183617
"Oct 17, 10:00 pm",0,0.183617
"Oct 17, 11:00 pm",0,0.183617
"Oct 18, 12:00 am",0,0.183617
"Oct 18, 01:00 am",0,0.183617
"Oct 18, 02:00 am",0,0.183617
"Oct 18, 03:00 am",0,0.183617
"Oct 18, 04:00 am",0,0.183617
"Oct 18, 05:00 am",0,0.183617
"Oct 18, 06:00 am",0,0.183617
"Oct 18, 07:00 am",0,0.183617
"Oct 18, 08:00 am",1889.96,1.08076
"Oct 18, 09:00 am",2265.38,1.1017
"Oct 18, 10:00 am",2267.4,1.1017
"Oct 18, 11:00 am",2268.31,1.1017
"Oct 18, 12:00 pm",2268.88,1.1017
"Oct 18, 01:00 pm",2268.85,1.1017
"Oct 18, 02:00 pm",2268.22,1.1017
"Oct 18, 03:00 pm",2267.08,1.1017
"Oct 18, 04:00 pm",2267.17,1.1017
"Oct 18, 05:00 pm",2263.68,1.1017
"Oct 18, 06:00 pm",43.7697,0.183617
"Oct 18, 07:00 pm",11.4698,0.183617
"Oct 18, 08:00 pm",0,0.183617
"Oct 18, 09:00 pm",0,0.183617
"Oct 18, 10:00 pm",0,0.183617
"Oct 18, 11:00 pm",0,0.183617
"Oct 19, 12:00 am",0,0.183617
"Oct 19, 01:00 am",0,0.183617
"Oct 19, 02:00 am",0,0.183617
"Oct 19, 03:00 am",0,0.183617
"Oct 19, 04:00 am",0,0.183617
"Oct 19, 05:00 am",0,0.183617
"Oct 19, 06:00 am",0,0.183617
"Oct 19, 07:00 am",0,0.265405
"Oct 19, 08:00 am",1888.62,1.08186
"Oct 19, 09:00 am",2265.23,1.1017
"Oct 19, 10:00 am",2267.41,1.1017
"Oct 19, 11:00 am",2268.27,1.1017
"Oct 19, 12:00 pm",2268.81,1.1017
"Oct 19, 01:00 pm",2268.72,1.1017
"Oct 19, 02:00 pm",2268.09,1.1017
"Oct 19, 03:00 pm",2267.01,1.1017
"Oct 19, 04:00 pm",2267.57,1.1017
"Oct 19, 05:00 pm",2255.69,1.09645
"Oct 19, 06:00 pm",55.7255,0.183617
"Oct 19, 07:00 pm",11.6813,0.183617
"Oct 19, 08:00 pm",0,0.183617
"Oct 19, 09:00 pm",0,0.183617
"Oct 19, 10:00 pm",0,0.183617
"Oct 19, 11:00 pm",0,0.183617
"Oct 20, 12:00 am",0,0.183617
"Oct 20, 01:00 am",0,0.183617
"Oct 20, 02:00 am",0,0.183617
"Oct 20, 03:00 am",0,0.183617
"Oct 20, 04:00 am",0,0.183617
"Oct 20, 05:00 am",0,0.183617
"Oct 20, 06:00 am",0,0.183617
"Oct 20, 07:00 am",0,0.262633
"Oct 20, 08:00 am",1888.38,1.07796
"Oct 20, 09:00 am",2263.98,1.1017
"Oct 20, 10:00 am",2266.87,1.1017
"Oct 20, 11:00 am",2267.61,1.1017
"Oct 20, 12:00 pm",2268.18,1.1017
"Oct 20, 01:00 pm",2268.11,1.1017
"Oct 20, 02:00 pm",2267.57,1.1017
"Oct 20, 03:00 pm",2266.76,1.1017
"Oct 20, 04:00 pm",2268.01,1.1017
"Oct 20, 05:00 pm",2240.93,1.08925
"Oct 20, 06:00 pm",61.1325,0.183617
"Oct 20, 07:00 pm",11.1554,0.183617
"Oct 20, 08:00 pm",0,0.183617
"Oct 20, 09:00 pm",0,0.183617
"Oct 20, 10:00 pm",0,0.183617
"Oct 20, 11:00 pm",0,0.183617
"Oct 21, 12:00 am",0,0.183617
"Oct 21, 01:00 am",0,0.183617
"Oct 21, 02:00 am",0,0.183617
"Oct 21, 03:00 am",0,0.183617
"Oct 21, 04:00 am",0,0.183617
"Oct 21, 05:00 am",0,0.183617
"Oct 21, 06:00 am",0,0.183617
"Oct 21, 07:00 am",0,0.183617
"Oct 21, 08:00 am",0,0.183617
"Oct 21, 09:00 am",1564.39,0.795659
"Oct 21, 10:00 am",2267.13,1.1017
"Oct 21, 11:00 am",2267.86,1.1017
"Oct 21, 12:00 pm",118.674,0.183617
"Oct 21, 01:00 pm",94.3512,0.183617
"Oct 21, 02:00 pm",46.5351,0.183617
"Oct 21, 03:00 pm",2265.45,1.1017
"Oct 21, 04:00 pm",2267.82,1.1017
"Oct 21, 05:00 pm",2254.43,1.09587
"Oct 21, 06:00 pm",75.7675,0.183617
"Oct 21, 07:00 pm",11.3687,0.183617
"Oct 21, 08:00 pm",0,0.183617
"Oct 21, 09:00 pm",0,0.183617
"Oct 21, 10:00 pm",0,0.183617
"Oct 21, 11:00 pm",0,0.183617
"Oct 22, 12:00 am",0,0.183617
"Oct 22, 01:00 am",0,0.183617
"Oct 22, 02:00 am",0,0.183617
"Oct 22, 03:00 am",0,0.183617
"Oct 22, 04:00 am",0,0.183617
"Oct 22, 05:00 am",0,0.183617
"Oct 22, 06:00 am",0,0.183617
"Oct 22, 07:00 am",0,0.183617
"Oct 22, 08:00 am",0,0.183617
"Oct 22, 09:00 am",1570.56,0.795659
"Oct 22, 10:00 am",2268.2,1.1017
"Oct 22, 11:00 am",2268.9,1.1017
"Oct 22, 12:00 pm",141.494,0.183617
"Oct 22, 01:00 pm",115.195,0.183617
"Oct 22, 02:00 pm",58.6282,0.183617
"Oct 22, 03:00 pm",16.9005,0.183617
"Oct 22, 04:00 pm",0,0.183617
"Oct 22, 05:00 pm",0,0.183617
"Oct 22, 06:00 pm",0,0.183617
"Oct 22, 07:00 pm",0,0.183617
"Oct 22, 08:00 pm",0,0.183617
"Oct 22, 09:00 pm",0,0.183617
"Oct 22, 10:00 pm",0,0.183617
"Oct 22, 11:00 pm",0,0.183617
"Oct 23, 12:00 am",0,0.183617
"Oct 23, 01:00 am",0,0.183617
"Oct 23, 02:00 am",0,0.183617
"Oct 23, 03:00 am",0,0.183617
"Oct 23, 04:00 am",0,0.183617
"Oct 23, 05:00 am",0,0.183617
"Oct 23, 06:00 am",0,0.183617
"Oct 23, 07:00 am",0,0.276729
"Oct 23, 08:00 am",1914.33,1.08671
"Oct 23, 09:00 am",2264.52,1.1017
"Oct 23, 10:00 am",2267.38,1.1017
"Oct 23, 11:00 am",2268.21,1.1017
"Oct 23, 12:00 pm",2268.85,1.1017
"Oct 23, 01:00 pm",2268.81,1.1017
"Oct 23, 02:00 pm",2268.16,1.1017
"Oct 23, 03:00 pm",2266.99,1.1017
"Oct 23, 04:00 pm",2266.76,1.1017
"Oct 23, 05:00 pm",2266.12,1.1017
"Oct 23, 06:00 pm",106.96,0.183617
"Oct 23, 07:00 pm",11.1076,0.183617
"Oct 23, 08:00 pm",0,0.183617
"Oct 23, 09:00 pm",0,0.183617
"Oct 23, 10:00 pm",0,0.183617
"Oct 23, 11:00 pm",0,0.183617
"Oct 24, 12:00 am",0,0.183617
"Oct 24, 01:00 am",0,0.183617
"Oct 24, 02:00 am",0,0.183617
"Oct 24, 03:00 am",0,0.183617
"Oct 24, 04:00 am",0,0.183617
"Oct 24, 05:00 am",0,0.183617
"Oct 24, 06:00 am",0,0.183617
"Oct 24, 07:00 am",0,0.183617
"Oct 24, 08:00 am",0,0.183617
"Oct 24, 09:00 am",0,0.183617
"Oct 24, 10:00 am",0,0.183617
"Oct 24, 11:00 am",0,0.183617
"Oct 24, 12:00 pm",0,0.183617
"Oct 24, 01:00 pm",0,0.183617
"Oct 24, 02:00 pm",0,0.183617
"Oct 24, 03:00 pm",0,0.183617
"Oct 24, 04:00 pm",0,0.183617
"Oct 24, 05:00 pm",0,0.183617
"Oct 24, 06:00 pm",0,0.183617
"Oct 24, 07:00 pm",0,0.183617
"Oct 24, 08:00 pm",0,0.183617
"Oct 24, 09:00 pm",0,0.183617
"Oct 24, 10:00 pm",0,0.183617
"Oct 24, 11:00 pm",0,0.183617
"Oct 25, 12:00 am",0,0.183617
"Oct 25, 01:00 am",0,0.183617
"Oct 25, 02:00 am",0,0.183617
"Oct 25, 03:00 am",0,0.183617
"Oct 25, 04:00 am",0,0.183617
"Oct 25, 05:00 am",0,0.183617
"Oct 25, 06:00 am",0,0.183617
"Oct 25, 07:00 am",0,0.183617
"Oct 25, 08:00 am",0,0.183617
"Oct 25, 09:00 am",0,0.183617
"Oct 25, 10:00 am",0,0.183617
"Oct 25, 11:00 am",0,0.183617
"Oct 25, 12:00 pm",0,0.183617
"Oct 25, 01:00 pm",0,0.183617
"Oct 25, 02:00 pm",0,0.183617
"Oct 25, 03:00 pm",0,0.183617
"Oct 25, 04:00 pm",1901.4,1.1017
"Oct 25, 05:00 pm",2266.59,1.1017
"Oct 25, 06:00 pm",138.682,0.183617
"Oct 25, 07:00 pm",11.0275,0.183617
"Oct 25, 08:00 pm",0,0.183617
"Oct 25, 09:00 pm",0,0.183617
"Oct 25, 10:00 pm",0,0.183617
"Oct 25, 11:00 pm",0,0.183617
"Oct 26, 12:00 am",0,0.183617
"Oct 26, 01:00 am",0,0.183617
"Oct 26, 02:00 am",0,0.183617
"Oct 26, 03:00 am",0,0.183617
"Oct 26, 04:00 am",0,0.183617
"Oct 26, 05:00 am",0,0.183617
"Oct 26, 06:00 am",0,0.183617
"Oct 26, 07:00 am",0,0.285307
"Oct 26, 08:00 am",2265.72,1.1017
"Oct 26, 09:00 am",2263.48,1.1017
"Oct 26, 10:00 am",2267.62,1.1017
"Oct 26, 11:00 am",43.2613,0.183617
"Oct 26, 12:00 pm",48.5802,0.183617
"Oct 26, 01:00 pm",27.6091,0.183617
"Oct 26, 02:00 pm",20.143,0.183617
"Oct 26, 03:00 pm",12.758,0.183617
"Oct 26, 04:00 pm",0,0.183617
"Oct 26, 05:00 pm",0,0.183617
"Oct 26, 06:00 pm",0,0.183617
"Oct 26, 07:00 pm",0,0.183617
"Oct 26, 08:00 pm",0,0.183617
"Oct 26, 09:00 pm",0,0.183617
"Oct 26, 10:00 pm",0,0.183617
"Oct 26, 11:00 pm",0,0.183617
"Oct 27, 12:00 am",0,0.183617
"Oct 27, 01:00 am",0,0.183617
"Oct 27, 02:00 am",0,0.183617
"Oct 27, 03:00 am",0,0.183617
"Oct 27, 04:00 am",0,0.183617
"Oct 27, 05:00 am",0,0.183617
"Oct 27, 06:00 am",0,0.183617
"Oct 27, 07:00 am",0,0.183617
"Oct 27, 08:00 am",0,0.183617
"Oct 27, 09:00 am",0,0.183617
"Oct 27, 10:00 am",0,0.183617
"Oct 27, 11:00 am",0,0.183617
"Oct 27, 12:00 pm",0,0.183617
"Oct 27, 01:00 pm",0,0.183617
"Oct 27, 02:00 pm",0,0.183617
"Oct 27, 03:00 pm",0,0.183617
"Oct 27, 04:00 pm",0,0.183617
"Oct 27, 05:00 pm",0,0.183617
"Oct 27, 06:00 pm",0,0.183617
"Oct 27, 07:00 pm",0,0.183617
"Oct 27, 08:00 pm",0,0.183617
"Oct 27, 09:00 pm",0,0.183617
"Oct 27, 10:00 pm",0,0.183617
"Oct 27, 11:00 pm",0,0.183617
"Oct 28, 12:00 am",0,0.183617
"Oct 28, 01:00 am",0,0.183617
"Oct 28, 02:00 am",0,0.183617
"Oct 28, 03:00 am",0,0.183617
"Oct 28, 04:00 am",0,0.183617
"Oct 28, 05:00 am",0,0.183617
"Oct 28, 06:00 am",0,0.183617
"Oct 28, 07:00 am",0,0.183617
"Oct 28, 08:00 am",1530.97,0.795659
"Oct 28, 09:00 am",2263.47,1.1017
"Oct 28, 10:00 am",18.0373,0.183617
"Oct 28, 11:00 am",45.9953,0.183617
"Oct 28, 12:00 pm",2267.6,1.1017
"Oct 28, 01:00 pm",2266.53,1.1017
"Oct 28, 02:00 pm",2268.44,1.1017
"Oct 28, 03:00 pm",18.0135,0.183617
"Oct 28, 04:00 pm",0,0.183617
"Oct 28, 05:00 pm",0,0.183617
"Oct 28, 06:00 pm",0,0.183617
"Oct 28, 07:00 pm",0,0.183617
"Oct 28, 08:00 pm",0,0.183617
"Oct 28, 09:00 pm",0,0.183617
"Oct 28, 10:00 pm",0,0.183617
"Oct 28, 11:00 pm",0,0.183617
"Oct 29, 12:00 am",0,0.183617
"Oct 29, 01:00 am",0,0.183617
"Oct 29, 02:00 am",0,0.183617
"Oct 29, 03:00 am",0,0.183617
"Oct 29, 04:00 am",0,0.183617
"Oct 29, 05:00 am",0,0.183617
"Oct 29, 06:00 am",0,0.183617
"Oct 29, 07:00 am",202.19,0.312165
"Oct 29, 08:00 am",2267.65,1.1017
"Oct 29, 09:00 am",2266.77,1.1017
"Oct 29, 10:00 am",2266.3,1.1017
"Oct 29, 11:00 am",2266.32,1.1017
"Oct 29, 12:00 pm",2266.43,1.1017
"Oct 29, 01:00 pm",2266.44,1.1017
"Oct 29, 02:00 pm",2266.45,1.1017
"Oct 29, 03:00 pm",2268.63,1.1017
"Oct 29, 04:00 pm",2266.68,1.1017
"Oct 29, 05:00 pm",2266.44,1.1017
"Oct 29, 06:00 pm",228.269,0.183617
"Oct 29, 07:00 pm",11.1237,0.183617
"Oct 29, 08:00 pm",0,0.183617
"Oct 29, 09:00 pm",0,0.183617
"Oct 29, 10:00 pm",0,0.183617
"Oct 29, 11:00 pm",0,0.183617
"Oct 30, 12:00 am",0,0.183617
"Oct 30, 01:00 am",0,0.183617
"Oct 30, 02:00 am",0,0.183617
"Oct 30, 03:00 am",0,0.183617
"Oct 30, 04:00 am",0,0.183617
"Oct 30, 05:00 am",0,0.183617
"Oct 30, 06:00 am",0,0.183617
"Oct 30, 07:00 am",418.958,0.386759
"Oct 30, 08:00 am",2267.57,1.1017
"Oct 30, 09:00 am",2266.63,1.1017
"Oct 30, 10:00 am",2268.76,1.1017
"Oct 30, 11:00 am",2266.63,1.1017
"Oct 30, 12:00 pm",2266.38,1.1017
"Oct 30, 01:00 pm",2266.43,1.1017
"Oct 30, 02:00 pm",2266.44,1.1017
"Oct 30, 03:00 pm",2268.31,1.1017
"Oct 30, 04:00 pm",2266.56,1.1017
"Oct 30, 05:00 pm",2266.44,1.1017
"Oct 30, 06:00 pm",252.725,0.183617
"Oct 30, 07:00 pm",11.3717,0.183617
"Oct 30, 08:00 pm",0,0.183617
"Oct 30, 09:00 pm",0,0.183617
"Oct 30, 10:00 pm",0,0.183617
"Oct 30, 11:00 pm",0,0.183617
"Oct 31, 12:00 am",0,0.183617
"Oct 31, 01:00 am",0,0.183617
"Oct 31, 02:00 am",0,0.183617
"Oct 31, 03:00 am",0,0.183617
"Oct 31, 04:00 am",0,0.183617
"Oct 31, 05:00 am",0,0.183617
"Oct 31, 06:00 am",0,0.183617
"Oct 31, 07:00 am",203.006,0.310136
"Oct 31, 08:00 am",2266.96,1.1017
"Oct 31, 09:00 am",2266.48,1.1017
"Oct 31, 10:00 am",2268.12,1.1017
"Oct 31, 11:00 am",2266.43,1.1017
"Oct 31, 12:00 pm",2266.4,1.1017
"Oct 31, 01:00 pm",2266.43,1.1017
"Oct 31, 02:00 pm",2266.44,1.1017
"Oct 31, 03:00 pm",2267.88,1.1017
"Oct 31, 04:00 pm",2264.15,1.1017
"Oct 31, 05:00 pm",2266.45,1.1017
"Oct 31, 06:00 pm",267.446,0.183617
"Oct 31, 07:00 pm",11.5897,0.183617
"Oct 31, 08:00 pm",0,0.183617
"Oct 31, 09:00 pm",0,0.183617
"Oct 31, 10:00 pm",0,0.183617
"Oct 31, 11:00 pm",0,0.183617
"Nov 1, 12:00 am",0,0.183617
"Nov 1, 01:00 am",0,0.183617
"Nov 1, 02:00 am",0,0.183617
"Nov 1, 03:00 am",0,0.183617
"Nov 1, 04:00 am",0,0.183617
"Nov 1, 05:00 am",0,0.183617
"Nov 1, 06:00 am",0,0.183617
"Nov 1, 07:00 am",411.805,0.382255
"Nov 1, 08:00 am",2266.96,1.1017
"Nov 1, 09:00 am",2266.48,1.1017
"Nov 1, 10:00 am",2268.21,1.1017
"Nov 1, 11:00 am",2266.45,1.1017
"Nov 1, 12:00 pm",2266.38,1.1017
"Nov 1, 01:00 pm",2266.42,1.1017
"Nov 1, 02:00 pm",2266.43,1.1017
"Nov 1, 03:00 pm",2268.01,1.1017
"Nov 1, 04:00 pm",2263.88,1.1017
"Nov 1, 05:00 pm",2266.51,1.1017
"Nov 1, 06:00 pm",289.447,0.183617
"Nov 1, 07:00 pm",11.7497,0.183617
"Nov 1, 08:00 pm",0,0.183617
"Nov 1, 09:00 pm",0,0.183617
"Nov 1, 10:00 pm",0,0.183617
"Nov 1, 11:00 pm",0,0.183617
"Nov 2, 12:00 am",0,0.183617
"Nov 2, 01:00 am",0,0.183617
"Nov 2, 02:00 am",0,0.183617
"Nov 2, 03:00 am",0,0.183617
"Nov 2, 04:00 am",0,0.183617
"Nov 2, 05:00 am",0,0.183617
"Nov 2, 06:00 am",0,0.183617
"Nov 2, 07:00 am",412.902,0.382775
"Nov 2, 08:00 am",2266.92,1.1017
"Nov 2, 09:00 am",2266.47,1.1017
"Nov 2, 10:00 am",2268.05,1.1017
"Nov 2, 11:00 am",2266.39,1.1017
"Nov 2, 12:00 pm",2266.38,1.1017
"Nov 2, 01:00 pm",2266.39,1.1017
"Nov 2, 02:00 pm",2268.87,1.1017
"Nov 2, 03:00 pm",2267.94,1.1017
"Nov 2, 04:00 pm",2264.6,1.1017
"Nov 2, 05:00 pm",2266.4,1.1017
"Nov 2, 06:00 pm",302.771,0.183617
"Nov 2, 07:00 pm",11.6839,0.183617
"Nov 2, 08:00 pm",0,0.183617
"Nov 2, 09:00 pm",0,0.183617
"Nov 2, 10:00 pm",0,0.183617
"Nov 2, 11:00 pm",0,0.183617
"Nov 3, 12:00 am",0,0.183617
"Nov 3, 01:00 am",0,0.183617
"Nov 3, 02:00 am",0,0.183617
"Nov 3, 03:00 am",0,0.183617
"Nov 3, 04:00 am",0,0.183617
"Nov 3, 05:00 am",0,0.183617
"Nov 3, 06:00 am",0,0.183617
"Nov 3, 07:00 am",0,0.183617
"Nov 3, 08:00 am",0,0.183617
"Nov 3, 09:00 am",0,0.183617
"Nov 3, 10:00 am",0,0.183617
"Nov 3, 11:00 am",0,0.183617
"Nov 3, 12:00 pm",0,0.183617
"Nov 3, 01:00 pm",0,0.183617
"Nov 3, 02:00 pm",0,0.183617
"Nov 3, 03:00 pm",0,0.183617
"Nov 3, 04:00 pm",0,0.183617
"Nov 3, 05:00 pm",0,0.183617
"Nov 3, 06:00 pm",0,0.183617
"Nov 3, 07:00 pm",0,0.183617
"Nov 3, 08:00 pm",0,0.183617
"Nov 3, 09:00 pm",0,0.183617
"Nov 3, 10:00 pm",0,0.183617
"Nov 3, 11:00 pm",0,0.183617
"Nov 4, 12:00 am",0,0.183617
"Nov 4, 01:00 am",0,0.183617
"Nov 4, 02:00 am",0,0.183617
"Nov 4, 03:00 am",0,0.183617
"Nov 4, 04:00 am",0,0.183617
"Nov 4, 05:00 am",0,0.183617
"Nov 4, 06:00 am",0,0.183617
"Nov 4, 07:00 am",0,0.183617
"Nov 4, 08:00 am",0,0.183617
"Nov 4, 09:00 am",0,0.183617
"Nov 4, 10:00 am",0,0.183617
"Nov 4, 11:00 am",1895.68,0.948673
"Nov 4, 12:00 pm",2266.35,1.1017
"Nov 4, 01:00 pm",2266.36,1.1017
"Nov 4, 02:00 pm",2266.38,1.1017
"Nov 4, 03:00 pm",2268.04,1.1017
"Nov 4, 04:00 pm",2266.45,1.1017
"Nov 4, 05:00 pm",2266.41,1.1017
"Nov 4, 06:00 pm",352.308,0.183617
"Nov 4, 07:00 pm",11.3623,0.183617
"Nov 4, 08:00 pm",0,0.183617
"Nov 4, 09:00 pm",0,0.183617
"Nov 4, 10:00 pm",0,0.183617
"Nov 4, 11:00 pm",0,0.183617
"Nov 5, 12:00 am",0,0.183617
"Nov 5, 01:00 am",0,0.183617
"Nov 5, 02:00 am",0,0.183617
"Nov 5, 03:00 am",0,0.183617
"Nov 5, 04:00 am",0,0.183617
"Nov 5, 05:00 am",0,0.183617
"Nov 5, 06:00 am",0,0.183617
"Nov 5, 07:00 am",653.599,0.409286
"Nov 5, 08:00 am",2267.47,1.1017
"Nov 5, 09:00 am",18.9167,0.183617
"Nov 5, 10:00 am",1960.66,1.1017
"Nov 5, 11:00 am",2266.32,1.1017
"Nov 5, 12:00 pm",2266.35,1.1017
"Nov 5, 01:00 pm",260.229,0.183617
"Nov 5, 02:00 pm",128.49,0.183617
"Nov 5, 03:00 pm",2266.7,1.1017
"Nov 5, 04:00 pm",2266.44,1.1017
"Nov 5, 05:00 pm",2266.43,1.1017
"Nov 5, 06:00 pm",13.4958,0.183617
"Nov 5, 07:00 pm",0,0.183617
"Nov 5, 08:00 pm",0,0.183617
"Nov 5, 09:00 pm",0,0.183617
"Nov 5, 10:00 pm",0,0.183617
"Nov 5, 11:00 pm",0,0.183617
"Nov 6, 12:00 am",0,0.183617
"Nov 6, 01:00 am",0,0.183617
"Nov 6, 02:00 am",0,0.183617
"Nov 6, 03:00 am",0,0.183617
"Nov 6, 04:00 am",0,0.183617
"Nov 6, 05:00 am",0,0.183617
"Nov 6, 06:00 am",0,0.183617
"Nov 6, 07:00 am",642.152,0.404283
"Nov 6, 08:00 am",2267.44,1.1017
"Nov 6, 09:00 am",2266.51,1.1017
"Nov 6, 10:00 am",2268.49,1.1017
"Nov 6, 11:00 am",2266.55,1.1017
"Nov 6, 12:00 pm",2266.39,1.1017
"Nov 6, 01:00 pm",2266.44,1.1017
"Nov 6, 02:00 pm",2266.45,1.1017
"Nov 6, 03:00 pm",2268.42,1.1017
"Nov 6, 04:00 pm",2266.64,1.1017
"Nov 6, 05:00 pm",2266.76,1.1017
"Nov 6, 06:00 pm",410.363,0.199939
"Nov 6, 07:00 pm",12.1006,0.183617
"Nov 6, 08:00 pm",0,0.183617
"Nov 6, 09:00 pm",0,0.183617
"Nov 6, 10:00 pm",0,0.183617
"Nov 6, 11:00 pm",0,0.183617
"Nov 7, 12:00 am",0,0.183617
"Nov 7, 01:00 am",0,0.183617
"Nov 7, 02:00 am",0,0.183617
"Nov 7, 03:00 am",0,0.183617
"Nov 7, 04:00 am",0,0.183617
"Nov 7, 05:00 am",0,0.183617
"Nov 7, 06:00 am",0,0.183617
"Nov 7, 07:00 am",0,0.183617
"Nov 7, 08:00 am",0,0.183617
"Nov 7, 09:00 am",0,0.183617
"Nov 7, 10:00 am",0,0.183617
"Nov 7, 11:00 am",0,0.183617
"Nov 7, 12:00 pm",0,0.183617
"Nov 7, 01:00 pm",0,0.183617
"Nov 7, 02:00 pm",0,0.183617
"Nov 7, 03:00 pm",0,0.183617
"Nov 7, 04:00 pm",0,0.183617
"Nov 7, 05:00 pm",0,0.183617
"Nov 7, 06:00 pm",0,0.183617
"Nov 7, 07:00 pm",0,0.183617
"Nov 7, 08:00 pm",0,0.183617
"Nov 7, 09:00 pm",0,0.183617
"Nov 7, 10:00 pm",0,0.183617
"Nov 7, 11:00 pm",0,0.183617
"Nov 8, 12:00 am",0,0.183617
"Nov 8, 01:00 am",0,0.183617
"Nov 8, 02:00 am",0,0.183617
"Nov 8, 03:00 am",0,0.183617
"Nov 8, 04:00 am",0,0.183617
"Nov 8, 05:00 am",0,0.183617
"Nov 8, 06:00 am",0,0.183617
"Nov 8, 07:00 am",0,0.183617
"Nov 8, 08:00 am",0,0.183617
"Nov 8, 09:00 am",0,0.183617
"Nov 8, 10:00 am",0,0.183617
"Nov 8, 11:00 am",0,0.183617
"Nov 8, 12:00 pm",0,0.183617
"Nov 8, 01:00 pm",0,0.183617
"Nov 8, 02:00 pm",0,0.183617
"Nov 8, 03:00 pm",0,0.183617
"Nov 8, 04:00 pm",1905.59,1.1017
"Nov 8, 05:00 pm",2267.15,1.1017
"Nov 8, 06:00 pm",453.69,0.221076
"Nov 8, 07:00 pm",11.1396,0.183617
"Nov 8, 08:00 pm",0,0.183617
"Nov 8, 09:00 pm",0,0.183617
"Nov 8, 10:00 pm",0,0.183617
"Nov 8, 11:00 pm",0,0.183617
"Nov 9, 12:00 am",0,0.183617
"Nov 9, 01:00 am",0,0.183617
"Nov 9, 02:00 am",0,0.183617
"Nov 9, 03:00 am",0,0.183617
"Nov 9, 04:00 am",0,0.183617
"Nov 9, 05:00 am",0,0.183617
"Nov 9, 06:00 am",0,0.183617
"Nov 9, 07:00 am",735.417,0.447
"Nov 9, 08:00 am",2268.56,1.1017
"Nov 9, 09:00 am",2267.25,1.1017
"Nov 9, 10:00 am",2266.29,1.1017
"Nov 9, 11:00 am",2266.31,1.1017
"Nov 9, 12:00 pm",2266.43,1.1017
"Nov 9, 01:00 pm",2266.45,1.1017
"Nov 9, 02:00 pm",2266.45,1.1017
"Nov 9, 03:00 pm",2266.46,1.1017
"Nov 9, 04:00 pm",2266.67,1.1017
"Nov 9, 05:00 pm",2267.96,1.1017
"Nov 9, 06:00 pm",509.695,0.248223
"Nov 9, 07:00 pm",11.6431,0.183617
"Nov 9, 08:00 pm",0,0.183617
"Nov 9, 09:00 pm",0,0.183617
"Nov 9, 10:00 pm",0,0.183617
"Nov 9, 11:00 pm",0,0.183617
"Nov 10, 12:00 am",0,0.183617
"Nov 10, 01:00 am",0,0.183617
"Nov 10, 02:00 am",0,0.183617
"Nov 10, 03:00 am",0,0.183617
"Nov 10, 04:00 am",0,0.183617
"Nov 10, 05:00 am",0,0.183617
"Nov 10, 06:00 am",0,0.183617
"Nov 10, 07:00 am",784.947,0.470062
"Nov 10, 08:00 am",2265.93,1.1017
"Nov 10, 09:00 am",2267.2,1.1017
"Nov 10, 10:00 am",2266.35,1.1017
"Nov 10, 11:00 am",2266.37,1.1017
"Nov 10, 12:00 pm",2266.47,1.1017
"Nov 10, 01:00 pm",2266.48,1.1017
"Nov 10, 02:00 pm",2266.48,1.1017
"Nov 10, 03:00 pm",2268.78,1.1017
"Nov 10, 04:00 pm",2266.82,1.1017
"Nov 10, 05:00 pm",2267.45,1.1017
"Nov 10, 06:00 pm",527.048,0.25665
"Nov 10, 07:00 pm",11.7257,0.183617
"Nov 10, 08:00 pm",0,0.183617
"Nov 10, 09:00 pm",0,0.183617
"Nov 10, 10:00 pm",0,0.183617
"Nov 10, 11:00 pm",0,0.183617
"Nov 11, 12:00 am",0,0.183617
"Nov 11, 01:00 am",0,0.183617
"Nov 11, 02:00 am",0,0.183617
"Nov 11, 03:00 am",0,0.183617
"Nov 11, 04:00 am",0,0.183617
"Nov 11, 05:00 am",0,0.183617
"Nov 11, 06:00 am",0,0.183617
"Nov 11, 07:00 am",736.106,0.446892
"Nov 11, 08:00 am",2268.49,1.1017
"Nov 11, 09:00 am",2266.86,1.1017
"Nov 11, 10:00 am",2266.33,1.1017
"Nov 11, 11:00 am",2266.36,1.1017
"Nov 11, 12:00 pm",2266.37,1.1017
"Nov 11, 01:00 pm",2266.38,1.1017
"Nov 11, 02:00 pm",2266.38,1.1017
"Nov 11, 03:00 pm",2268.43,1.1017
"Nov 11, 04:00 pm",2266.67,1.1017
"Nov 11, 05:00 pm",2267.31,1.1017
"Nov 11, 06:00 pm",543.148,0.26435
"Nov 11, 07:00 pm",12.0903,0.183617
"Nov 11, 08:00 pm",0,0.183617
"Nov 11, 09:00 pm",0,0.183617
"Nov 11, 10:00 pm",0,0.183617
"Nov 11, 11:00 pm",0,0.183617
"Nov 12, 12:00 am",0,0.183617
"Nov 12, 01:00 am",0,0.183617
"Nov 12, 02:00 am",0,0.183617
"Nov 12, 03:00 am",0,0.183617
"Nov 12, 04:00 am",0,0.183617
"Nov 12, 05:00 am",0,0.183617
"Nov 12, 06:00 am",0,0.183617
"Nov 12, 07:00 am",758.692,0.457423
"Nov 12, 08:00 am",2268.64,1.1017
"Nov 12, 09:00 am",2266.98,1.1017
"Nov 12, 10:00 am",2266.32,1.1017
"Nov 12, 11:00 am",2266.34,1.1017
"Nov 12, 12:00 pm",2266.45,1.1017
"Nov 12, 01:00 pm",2266.46,1.1017
"Nov 12, 02:00 pm",2266.46,1.1017
"Nov 12, 03:00 pm",2268.62,1.1017
"Nov 12, 04:00 pm",2266.77,1.1017
"Nov 12, 05:00 pm",2267.64,1.1017
"Nov 12, 06:00 pm",574.397,0.279618
"Nov 12, 07:00 pm",11.8748,0.183617
"Nov 12, 08:00 pm",0,0.183617
"Nov 12, 09:00 pm",0,0.183617
"Nov 12, 10:00 pm",0,0.183617
"Nov 12, 11:00 pm",0,0.183617
"Nov 13, 12:00 am",0,0.183617
"Nov 13, 01:00 am",0,0.183617
"Nov 13, 02:00 am",0,0.183617
"Nov 13, 03:00 am",0,0.183617
"Nov 13, 04:00 am",0,0.183617
"Nov 13, 05:00 am",0,0.183617
"Nov 13, 06:00 am",0,0.183617
"Nov 13, 07:00 am",786.133,0.470107
"Nov 13, 08:00 am",2268.52,1.1017
"Nov 13, 09:00 am",2267.17,1.1017
"Nov 13, 10:00 am",2266.34,1.1017
"Nov 13, 11:00 am",2266.36,1.1017
"Nov 13, 12:00 pm",2266.47,1.1017
"Nov 13, 01:00 pm",2266.48,1.1017
"Nov 13, 02:00 pm",2266.48,1.1017
"Nov 13, 03:00 pm",2268.9,1.1017
"Nov 13, 04:00 pm",2266.9,1.1017
"Nov 13, 05:00 pm",2267.95,1.1017
"Nov 13, 06:00 pm",607.374,0.295605
"Nov 13, 07:00 pm",11.8741,0.183617
"Nov 13, 08:00 pm",0,0.183617
"Nov 13, 09:00 pm",0,0.183617
"Nov 13, 10:00 pm",0,0.183617
"Nov 13, 11:00 pm",0,0.183617
"Nov 14, 12:00 am",0,0.183617
"Nov 14, 01:00 am",0,0.183617
"Nov 14, 02:00 am",0,0.183617
"Nov 14, 03:00 am",0,0.183617
"Nov 14, 04:00 am",0,0.183617
"Nov 14, 05:00 am",0,0.183617
"Nov 14, 06:00 am",0,0.183617
"Nov 14, 07:00 am",786.093,0.470067
"Nov 14, 08:00 am",2268.51,1.1017
"Nov 14, 09:00 am",2267.13,1.1017
"Nov 14, 10:00 am",2266.33,1.1017
"Nov 14, 11:00 am",2266.35,1.1017
"Nov 14, 12:00 pm",2266.46,1.1017
"Nov 14, 01:00 pm",2266.47,1.1017
"Nov 14, 02:00 pm",2266.47,1.1017
"Nov 14, 03:00 pm",2266.47,1.1017
"Nov 14, 04:00 pm",2266.49,1.1017
"Nov 14, 05:00 pm",2268.15,1.1017
"Nov 14, 06:00 pm",642.74,0.31279
"Nov 14, 07:00 pm",11.8102,0.183617
"Nov 14, 08:00 pm",0,0.183617
"Nov 14, 09:00 pm",0,0.183617
"Nov 14, 10:00 pm",0,0.183617
"Nov 14, 11:00 pm",0,0.183617
"Nov 15, 12:00 am",0,0.183617
"Nov 15, 01:00 am",0,0.183617
"Nov 15, 02:00 am",0,0.183617
"Nov 15, 03:00 am",0,0.183617
"Nov 15, 04:00 am",0,0.183617
"Nov 15, 05:00 am",0,0.183617
"Nov 15, 06:00 am",0,0.183617
"Nov 15, 07:00 am",813.623,0.482892
"Nov 15, 08:00 am",2266.2,1.1017
"Nov 15, 09:00 am",2266.96,1.1017
"Nov 15, 10:00 am",2266.34,1.1017
"Nov 15, 11:00 am",2266.37,1.1017
"Nov 15, 12:00 pm",2266.49,1.1017
"Nov 15, 01:00 pm",2266.49,1.1017
"Nov 15, 02:00 pm",2266.49,1.1017
"Nov 15, 03:00 pm",2266.49,1.1017
"Nov 15, 04:00 pm",2266.5,1.1017
"Nov 15, 05:00 pm",15.8287,0.183617
"Nov 15, 06:00 pm",0,0.183617
"Nov 15, 07:00 pm",0,0.183617
"Nov 15, 08:00 pm",0,0.183617
"Nov 15, 09:00 pm",0,0.183617
"Nov 15, 10:00 pm",0,0.183617
"Nov 15, 11:00 pm",0,0.183617
"Nov 16, 12:00 am",0,0.183617
"Nov 16, 01:00 am",0,0.183617
"Nov 16, 02:00 am",0,0.183617
"Nov 16, 03:00 am",0,0.183617
"Nov 16, 04:00 am",0,0.183617
"Nov 16, 05:00 am",0,0.183617
"Nov 16, 06:00 am",0,0.183617
"Nov 16, 07:00 am",779.301,0.467609
"Nov 16, 08:00 am",2268.41,1.1017
"Nov 16, 09:00 am",2267.08,1.1017
"Nov 16, 10:00 am",2266.32,1.1017
"Nov 16, 11:00 am",2266.39,1.1017
"Nov 16, 12:00 pm",2266.42,1.1017
"Nov 16, 01:00 pm",2266.43,1.1017
"Nov 16, 02:00 pm",2266.43,1.1017
"Nov 16, 03:00 pm",2268.83,1.1017
"Nov 16, 04:00 pm",2266.86,1.1017
"Nov 16, 05:00 pm",2268.12,1.1017
"Nov 16, 06:00 pm",694.271,0.337784
"Nov 16, 07:00 pm",11.924,0.183617
"Nov 16, 08:00 pm",0,0.183617
"Nov 16, 09:00 pm",0,0.183617
"Nov 16, 10:00 pm",0,0.183617
"Nov 16, 11:00 pm",0,0.183617
"Nov 17, 12:00 am",0,0.183617
"Nov 17, 01:00 am",0,0.183617
"Nov 17, 02:00 am",0,0.183617
"Nov 17, 03:00 am",0,0.183617
"Nov 17, 04:00 am",0,0.183617
"Nov 17, 05:00 am",0,0.183617
"Nov 17, 06:00 am",0,0.183617
"Nov 17, 07:00 am",797.435,0.475212
"Nov 17, 08:00 am",2268.68,1.1017
"Nov 17, 09:00 am",2266.92,1.1017
"Nov 17, 10:00 am",2266.33,1.1017
"Nov 17, 11:00 am",2266.35,1.1017
"Nov 17, 12:00 pm",2266.37,1.1017
"Nov 17, 01:00 pm",216.364,0.183617
"Nov 17, 02:00 pm",161.933,0.183617
"Nov 17, 03:00 pm",24.0874,0.183617
"Nov 17, 04:00 pm",15.4177,0.183617
"Nov 17, 05:00 pm",0,0.183617
"Nov 17, 06:00 pm",0,0.183617
"Nov 17, 07:00 pm",0,0.183617
"Nov 17, 08:00 pm",0,0.183617
"Nov 17, 09:00 pm",0,0.183617
"Nov 17, 10:00 pm",0,0.183617
"Nov 17, 11:00 pm",0,0.183617
"Nov 18, 12:00 am",0,0.183617
"Nov 18, 01:00 am",0,0.183617
"Nov 18, 02:00 am",0,0.183617
"Nov 18, 03:00 am",0,0.183617
"Nov 18, 04:00 am",0,0.183617
"Nov 18, 05:00 am",0,0.183617
"Nov 18, 06:00 am",0,0.183617
"Nov 18, 07:00 am",756.698,0.457108
"Nov 18, 08:00 am",2268.61,1.1017
"Nov 18, 09:00 am",2266.86,1.1017
"Nov 18, 10:00 am",2268.88,1.1017
"Nov 18, 11:00 am",2266.66,1.1017
"Nov 18, 12:00 pm",2266.35,1.1017
"Nov 18, 01:00 pm",2266.35,1.1017
"Nov 18, 02:00 pm",2266.35,1.1017
"Nov 18, 03:00 pm",2268.56,1.1017
"Nov 18, 04:00 pm",2266.74,1.1017
"Nov 18, 05:00 pm",2268.14,1.1017
"Nov 18, 06:00 pm",743.239,0.361568
"Nov 18, 07:00 pm",11.7291,0.183617
"Nov 18, 08:00 pm",0,0.183617
"Nov 18, 09:00 pm",0,0.183617
"Nov 18, 10:00 pm",0,0.183617
"Nov 18, 11:00 pm",0,0.183617
"Nov 19, 12:00 am",0,0.183617
"Nov 19, 01:00 am",0,0.183617
"Nov 19, 02:00 am",0,0.183617
"Nov 19, 03:00 am",0,0.183617
"Nov 19, 04:00 am",0,0.183617
"Nov 19, 05:00 am",0,0.183617
"Nov 19, 06:00 am",0,0.183617
"Nov 19, 07:00 am",984.869,0.539842
"Nov 19, 08:00 am",2268.29,1.1017
"Nov 19, 09:00 am",2266.9,1.1017
"Nov 19, 10:00 am",43.6154,0.183617
"Nov 19, 11:00 am",18.732,0.183617
"Nov 19, 12:00 pm",63.9312,0.183617
"Nov 19, 01:00 pm",55.9445,0.183617
"Nov 19, 02:00 pm",15.8492,0.183617
"Nov 19, 03:00 pm",0,0.183617
"Nov 19, 04:00 pm",0,0.183617
"Nov 19, 05:00 pm",0,0.183617
"Nov 19, 06:00 pm",0,0.183617
"Nov 19, 07:00 pm",0,0.183617
"Nov 19, 08:00 pm",0,0.183617
"Nov 19, 09:00 pm",0,0.183617
"Nov 19, 10:00 pm",0,0.183617
"Nov 19, 11:00 pm",0,0.183617
"Nov 20, 12:00 am",0,0.183617
"Nov 20, 01:00 am",0,0.183617
"Nov 20, 02:00 am",0,0.183617
"Nov 20, 03:00 am",0,0.183617
"Nov 20, 04:00 am",0,0.183617
"Nov 20, 05:00 am",0,0.183617
"Nov 20, 06:00 am",0,0.183617
"Nov 20, 07:00 am",0,0.183617
"Nov 20, 08:00 am",0,0.183617
"Nov 20, 09:00 am",1571.23,0.795659
"Nov 20, 10:00 am",2268.95,1.1017
"Nov 20, 11:00 am",2266.6,1.1017
"Nov 20, 12:00 pm",2266.35,1.1017
"Nov 20, 01:00 pm",2266.35,1.1017
"Nov 20, 02:00 pm",2266.35,1.1017
"Nov 20, 03:00 pm",2268.54,1.1017
"Nov 20, 04:00 pm",2266.71,1.1017
"Nov 20, 05:00 pm",2268.3,1.1017
"Nov 20, 06:00 pm",807.826,0.392925
"Nov 20, 07:00 pm",11.7279,0.183617
"Nov 20, 08:00 pm",0,0.183617
"Nov 20, 09:00 pm",0,0.183617
"Nov 20, 10:00 pm",0,0.183617
"Nov 20, 11:00 pm",0,0.183617
"Nov 21, 12:00 am",0,0.183617
"Nov 21, 01:00 am",0,0.183617
"Nov 21, 02:00 am",0,0.183617
"Nov 21, 03:00 am",0,0.183617
"Nov 21, 04:00 am",0,0.183617
"Nov 21, 05:00 am",0,0.183617
"Nov 21, 06:00 am",0,0.183617
"Nov 21, 07:00 am",988.217,0.69436
"Nov 21, 08:00 am",2268.39,1.1017
"Nov 21, 09:00 am",2266.98,1.1017
"Nov 21, 10:00 am",2266.33,1.1017
"Nov 21, 11:00 am",2266.35,1.1017
"Nov 21, 12:00 pm",2266.36,1.1017
"Nov 21, 01:00 pm",2266.36,1.1017
"Nov 21, 02:00 pm",2266.37,1.1017
"Nov 21, 03:00 pm",2268.78,1.1017
"Nov 21, 04:00 pm",17.0526,0.183617
"Nov 21, 05:00 pm",0,0.183617
"Nov 21, 06:00 pm",597.517,0.391476
"Nov 21, 07:00 pm",11.6177,0.183617
"Nov 21, 08:00 pm",0,0.183617
"Nov 21, 09:00 pm",0,0.183617
"Nov 21, 10:00 pm",0,0.183617
"Nov 21, 11:00 pm",0,0.183617
"Nov 22, 12:00 am",0,0.183617
"Nov 22, 01:00 am",0,0.183617
"Nov 22, 02:00 am",0,0.183617
"Nov 22, 03:00 am",0,0.183617
"Nov 22, 04:00 am",0,0.183617
"Nov 22, 05:00 am",0,0.183617
"Nov 22, 06:00 am",0,0.183617
"Nov 22, 07:00 am",982.123,0.689861
"Nov 22, 08:00 am",2268.31,1.1017
"Nov 22, 09:00 am",2266.9,1.1017
"Nov 22, 10:00 am",2266.32,1.1017
"Nov 22, 11:00 am",2266.34,1.1017
"Nov 22, 12:00 pm",2266.36,1.1017
"Nov 22, 01:00 pm",2266.44,1.1017
"Nov 22, 02:00 pm",2266.45,1.1017
"Nov 22, 03:00 pm",2268.86,1.1017
"Nov 22, 04:00 pm",2266.89,1.1017
"Nov 22, 05:00 pm",2268.64,1.1017
"Nov 22, 06:00 pm",878.983,0.427441
"Nov 22, 07:00 pm",11.98,0.183617
"Nov 22, 08:00 pm",0,0.183617
"Nov 22, 09:00 pm",0,0.183617
"Nov 22, 10:00 pm",0,0.183617
"Nov 22, 11:00 pm",0,0.183617
"Nov 23, 12:00 am",0,0.183617
"Nov 23, 01:00 am",0,0.183617
"Nov 23, 02:00 am",0,0.183617
"Nov 23, 03:00 am",0,0.183617
"Nov 23, 04:00 am",0,0.183617
"Nov 23, 05:00 am",0,0.183617
"Nov 23, 06:00 am",0,0.183617
"Nov 23, 07:00 am",987.34,0.692924
"Nov 23, 08:00 am",2268.37,1.1017
"Nov 23, 09:00 am",2266.95,1.1017
"Nov 23, 10:00 am",2266.35,1.1017
"Nov 23, 11:00 am",2266.37,1.1017
"Nov 23, 12:00 pm",2266.38,1.1017
"Nov 23, 01:00 pm",2266.39,1.1017
"Nov 23, 02:00 pm",2266.39,1.1017
"Nov 23, 03:00 pm",2266.39,1.1017
"Nov 23, 04:00 pm",2266.65,1.1017
"Nov 23, 05:00 pm",2268.81,1.1017
"Nov 23, 06:00 pm",921.351,0.448001
"Nov 23, 07:00 pm",12.0316,0.183617
"Nov 23, 08:00 pm",0,0.183617
"Nov 23, 09:00 pm",0,0.183617
"Nov 23, 10:00 pm",0,0.183617
"Nov 23, 11:00 pm",0,0.183617
"Nov 24, 12:00 am",0,0.183617
"Nov 24, 01:00 am",0,0.183617
"Nov 24, 02:00 am",0,0.183617
"Nov 24, 03:00 am",0,0.183617
"Nov 24, 04:00 am",0,0.183617
"Nov 24, 05:00 am",0,0.183617
"Nov 24, 06:00 am",0,0.183617
"Nov 24, 07:00 am",1000.71,0.701334
"Nov 24, 08:00 am",2265.78,1.1017
"Nov 24, 09:00 am",2266.64,1.1017
"Nov 24, 10:00 am",2266.35,1.1017
"Nov 24, 11:00 am",2266.38,1.1017
"Nov 24, 12:00 pm",2266.39,1.1017
"Nov 24, 01:00 pm",2266.4,1.1017
"Nov 24, 02:00 pm",2266.4,1.1017
"Nov 24, 03:00 pm",2266.4,1.1017
"Nov 24, 04:00 pm",2266.68,1.1017
"Nov 24, 05:00 pm",2268.92,1.1017
"Nov 24, 06:00 pm",961.139,0.467318
"Nov 24, 07:00 pm",12.0584,0.183617
"Nov 24, 08:00 pm",0,0.183617
"Nov 24, 09:00 pm",0,0.183617
"Nov 24, 10:00 pm",0,0.183617
"Nov 24, 11:00 pm",0,0.183617
"Nov 25, 12:00 am",0,0.183617
"Nov 25, 01:00 am",0,0.183617
"Nov 25, 02:00 am",0,0.183617
"Nov 25, 03:00 am",0,0.183617
"Nov 25, 04:00 am",0,0.183617
"Nov 25, 05:00 am",0,0.183617
"Nov 25, 06:00 am",0,0.183617
"Nov 25, 07:00 am",1029.38,0.719638
"Nov 25, 08:00 am",2266.24,1.1017
"Nov 25, 09:00 am",2266.88,1.1017
"Nov 25, 10:00 am",2266.35,1.1017
"Nov 25, 11:00 am",2266.37,1.1017
"Nov 25, 12:00 pm",2266.49,1.1017
"Nov 25, 01:00 pm",2266.5,1.1017
"Nov 25, 02:00 pm",2266.5,1.1017
"Nov 25, 03:00 pm",2266.5,1.1017
"Nov 25, 04:00 pm",2266.76,1.1017
"Nov 25, 05:00 pm",2266.35,1.1017
"Nov 25, 06:00 pm",997.967,0.485299
"Nov 25, 07:00 pm",11.9788,0.183617
"Nov 25, 08:00 pm",0,0.183617
"Nov 25, 09:00 pm",0,0.183617
"Nov 25, 10:00 pm",0,0.183617
"Nov 25, 11:00 pm",0,0.183617
"Nov 26, 12:00 am",0,0.183617
"Nov 26, 01:00 am",0,0.183617
"Nov 26, 02:00 am",0,0.183617
"Nov 26, 03:00 am",0,0.183617
"Nov 26, 04:00 am",0,0.183617
"Nov 26, 05:00 am",0,0.183617
"Nov 26, 06:00 am",0,0.183617
"Nov 26, 07:00 am",1031.05,0.720707
"Nov 26, 08:00 am",2266.22,1.1017
"Nov 26, 09:00 am",2266.89,1.1017
"Nov 26, 10:00 am",2266.35,1.1017
"Nov 26, 11:00 am",2266.37,1.1017
"Nov 26, 12:00 pm",2266.49,1.1017
"Nov 26, 01:00 pm",2266.5,1.1017
"Nov 26, 02:00 pm",2266.5,1.1017
"Nov 26, 03:00 pm",2266.5,1.1017
"Nov 26, 04:00 pm",2266.8,1.1017
"Nov 26, 05:00 pm",2266.35,1.1017
"Nov 26, 06:00 pm",1034.39,0.503011
"Nov 26, 07:00 pm",12.0123,0.183617
"Nov 26, 08:00 pm",0,0.183617
"Nov 26, 09:00 pm",0,0.183617
"Nov 26, 10:00 pm",0,0.183617
"Nov 26, 11:00 pm",0,0.183617
"Nov 27, 12:00 am",0,0.183617
"Nov 27, 01:00 am",0,0.183617
"Nov 27, 02:00 am",0,0.183617
"Nov 27, 03:00 am",0,0.183617
"Nov 27, 04:00 am",0,0.183617
"Nov 27, 05:00 am",0,0.183617
"Nov 27, 06:00 am",0,0.183617
"Nov 27, 07:00 am",1028.69,0.71922
"Nov 27, 08:00 am",2266.26,1.1017
"Nov 27, 09:00 am",2266.81,1.1017
"Nov 27, 10:00 am",2266.33,1.1017
"Nov 27, 11:00 am",2266.35,1.1017
"Nov 27, 12:00 pm",2266.47,1.1017
"Nov 27, 01:00 pm",2266.48,1.1017
"Nov 27, 02:00 pm",2266.48,1.1017
"Nov 27, 03:00 pm",2266.47,1.1017
"Nov 27, 04:00 pm",2266.78,1.1017
"Nov 27, 05:00 pm",2266.33,1.1017
"Nov 27, 06:00 pm",1072.07,0.521349
"Nov 27, 07:00 pm",11.8693,0.183617
"Nov 27, 08:00 pm",0,0.183617
"Nov 27, 09:00 pm",0,0.183617
"Nov 27, 10:00 pm",0,0.183617
"Nov 27, 11:00 pm",0,0.183617
"Nov 28, 12:00 am",0,0.183617
"Nov 28, 01:00 am",0,0.183617
"Nov 28, 02:00 am",0,0.183617
"Nov 28, 03:00 am",0,0.183617
"Nov 28, 04:00 am",0,0.183617
"Nov 28, 05:00 am",0,0.183617
"Nov 28, 06:00 am",0,0.183617
"Nov 28, 07:00 am",1045.04,0.730009
"Nov 28, 08:00 am",2266.17,1.1017
"Nov 28, 09:00 am",2266.94,1.1017
"Nov 28, 10:00 am",2266.33,1.1017
"Nov 28, 11:00 am",2266.4,1.1017
"Nov 28, 12:00 pm",2266.43,1.1017
"Nov 28, 01:00 pm",2266.44,1.1017
"Nov 28, 02:00 pm",2266.44,1.1017
"Nov 28, 03:00 pm",2266.45,1.1017
"Nov 28, 04:00 pm",2266.87,1.1017
"Nov 28, 05:00 pm",2266.34,1.1017
"Nov 28, 06:00 pm",1111.9,0.540716
"Nov 28, 07:00 pm",11.9465,0.183617
"Nov 28, 08:00 pm",0,0.183617
"Nov 28, 09:00 pm",0,0.183617
"Nov 28, 10:00 pm",0,0.183617
"Nov 28, 11:00 pm",0,0.183617
"Nov 29, 12:00 am",0,0.183617
"Nov 29, 01:00 am",0,0.183617
"Nov 29, 02:00 am",0,0.183617
"Nov 29, 03:00 am",0,0.183617
"Nov 29, 04:00 am",0,0.183617
"Nov 29, 05:00 am",0,0.183617
"Nov 29, 06:00 am",0,0.183617
"Nov 29, 07:00 am",1058.01,0.738424
"Nov 29, 08:00 am",2266.14,1.1017
"Nov 29, 09:00 am",2267.1,1.1017
"Nov 29, 10:00 am",2266.36,1.1017
"Nov 29, 11:00 am",2266.38,1.1017
"Nov 29, 12:00 pm",2266.5,1.1017
"Nov 29, 01:00 pm",2266.51,1.1017
"Nov 29, 02:00 pm",2266.51,1.1017
"Nov 29, 03:00 pm",26.5784,0.183617
"Nov 29, 04:00 pm",15.4051,0.183617
"Nov 29, 05:00 pm",0,0.183617
"Nov 29, 06:00 pm",0,0.183617
"Nov 29, 07:00 pm",0,0.183617
"Nov 29, 08:00 pm",0,0.183617
"Nov 29, 09:00 pm",0,0.183617
"Nov 29, 10:00 pm",0,0.183617
"Nov 29, 11:00 pm",0,0.183617
"Nov 30, 12:00 am",0,0.183617
"Nov 30, 01:00 am",0,0.183617
"Nov 30, 02:00 am",0,0.183617
"Nov 30, 03:00 am",0,0.183617
"Nov 30, 04:00 am",0,0.183617
"Nov 30, 05:00 am",0,0.183617
"Nov 30, 06:00 am",0,0.183617
"Nov 30, 07:00 am",1039.17,0.727365
"Nov 30, 08:00 am",2266.19,1.1017
"Nov 30, 09:00 am",2267,1.1017
"Nov 30, 10:00 am",2266.35,1.1017
"Nov 30, 11:00 am",2266.37,1.1017
"Nov 30, 12:00 pm",2266.5,1.1017
"Nov 30, 01:00 pm",2266.51,1.1017
"Nov 30, 02:00 pm",83.1514,0.183617
"Nov 30, 03:00 pm",32.6345,0.183617
"Nov 30, 04:00 pm",19.0953,0.183617
"Nov 30, 05:00 pm",10.7485,0.183617
"Nov 30, 06:00 pm",0,0.183617
"Nov 30, 07:00 pm",0,0.183617
"Nov 30, 08:00 pm",0,0.183617
"Nov 30, 09:00 pm",0,0.183617
"Nov 30, 10:00 pm",0,0.183617
"Nov 30, 11:00 pm",0,0.183617
"Dec 1, 12:00 am",0,0.183617
"Dec 1, 01:00 am",0,0.183617
"Dec 1, 02:00 am",0,0.183617
"Dec 1, 03:00 am",0,0.183617
"Dec 1, 04:00 am",0,0.183617
"Dec 1, 05:00 am",0,0.183617
"Dec 1, 06:00 am",0,0.183617
"Dec 1, 07:00 am",0,0.183617
"Dec 1, 08:00 am",0,0.183617
"Dec 1, 09:00 am",0,0.183617
"Dec 1, 10:00 am",0,0.183617
"Dec 1, 11:00 am",0,0.183617
"Dec 1, 12:00 pm",0,0.183617
"Dec 1, 01:00 pm",322.634,0.183617
"Dec 1, 02:00 pm",2265.44,1.1017
"Dec 1, 03:00 pm",18.7997,0.183617
"Dec 1, 04:00 pm",0,0.183617
"Dec 1, 05:00 pm",0,0.183617
"Dec 1, 06:00 pm",0,0.183617
"Dec 1, 07:00 pm",0,0.183617
"Dec 1, 08:00 pm",0,0.183617
"Dec 1, 09:00 pm",0,0.183617
"Dec 1, 10:00 pm",0,0.183617
"Dec 1, 11:00 pm",0,0.183617
"Dec 2, 12:00 am",0,0.183617
"Dec 2, 01:00 am",0,0.183617
"Dec 2, 02:00 am",0,0.183617
"Dec 2, 03:00 am",0,0.183617
"Dec 2, 04:00 am",0,0.183617
"Dec 2, 05:00 am",0,0.183617
"Dec 2, 06:00 am",0,0.183617
"Dec 2, 07:00 am",1066.35,0.744459
"Dec 2, 08:00 am",2266.16,1.1017
"Dec 2, 09:00 am",2267.41,1.1017
"Dec 2, 10:00 am",2266.47,1.1017
"Dec 2, 11:00 am",2266.57,1.1017
"Dec 2, 12:00 pm",2266.6,1.1017
"Dec 2, 01:00 pm",2266.69,1.1017
"Dec 2, 02:00 pm",2266.68,1.1017
"Dec 2, 03:00 pm",2266.53,1.1017
"Dec 2, 04:00 pm",2267.74,1.1017
"Dec 2, 05:00 pm",2266.41,1.1017
"Dec 2, 06:00 pm",1303.02,0.633186
"Dec 2, 07:00 pm",12.5674,0.183617
"Dec 2, 08:00 pm",0,0.183617
"Dec 2, 09:00 pm",0,0.183617
"Dec 2, 10:00 pm",0,0.183617
"Dec 2, 11:00 pm",0,0.183617
"Dec 3, 12:00 am",0,0.183617
"Dec 3, 01:00 am",0,0.183617
"Dec 3, 02:00 am",0,0.183617
"Dec 3, 03:00 am",0,0.183617
"Dec 3, 04:00 am",0,0.183617
"Dec 3, 05:00 am",0,0.183617
"Dec 3, 06:00 am",0,0.183617
"Dec 3, 07:00 am",1089.72,0.758559
"Dec 3, 08:00 am",2266.14,1.1017
"Dec 3, 09:00 am",2267.56,1.1017
"Dec 3, 10:00 am",2266.5,1.1017
"Dec 3, 11:00 am",2266.6,1.1017
"Dec 3, 12:00 pm",2266.63,1.1017
"Dec 3, 01:00 pm",2266.71,1.1017
"Dec 3, 02:00 pm",2266.7,1.1017
"Dec 3, 03:00 pm",2266.54,1.1017
"Dec 3, 04:00 pm",2267.51,1.1017
"Dec 3, 05:00 pm",2266.44,1.1017
"Dec 3, 06:00 pm",1337.6,0.650006
"Dec 3, 07:00 pm",12.7951,0.183617
"Dec 3, 08:00 pm",0,0.183617
"Dec 3, 09:00 pm",0,0.183617
"Dec 3, 10:00 pm",0,0.183617
"Dec 3, 11:00 pm",0,0.183617
"Dec 4, 12:00 am",0,0.183617
"Dec 4, 01:00 am",0,0.183617
"Dec 4, 02:00 am",0,0.183617
"Dec 4, 03:00 am",0,0.183617
"Dec 4, 04:00 am",0,0.183617
"Dec 4, 05:00 am",0,0.183617
"Dec 4, 06:00 am",0,0.183617
"Dec 4, 07:00 am",1052.85,0.734231
"Dec 4, 08:00 am",2266.22,1.1017
"Dec 4, 09:00 am",2267.07,1.1017
"Dec 4, 10:00 am",2266.42,1.1017
"Dec 4, 11:00 am",2266.51,1.1017
"Dec 4, 12:00 pm",210.508,0.183617
"Dec 4, 01:00 pm",217.336,0.183617
"Dec 4, 02:00 pm",165.145,0.183617
"Dec 4, 03:00 pm",91.7941,0.183617
"Dec 4, 04:00 pm",15.8932,0.183617
"Dec 4, 05:00 pm",0,0.183617
"Dec 4, 06:00 pm",0,0.183617
"Dec 4, 07:00 pm",0,0.183617
"Dec 4, 08:00 pm",0,0.183617
"Dec 4, 09:00 pm",0,0.183617
"Dec 4, 10:00 pm",0,0.183617
"Dec 4, 11:00 pm",0,0.183617
"Dec 5, 12:00 am",0,0.183617
"Dec 5, 01:00 am",0,0.183617
"Dec 5, 02:00 am",0,0.183617
"Dec 5, 03:00 am",0,0.183617
"Dec 5, 04:00 am",0,0.183617
"Dec 5, 05:00 am",0,0.183617
"Dec 5, 06:00 am",0,0.183617
"Dec 5, 07:00 am",0,0.183617
"Dec 5, 08:00 am",1546.11,0.795659
"Dec 5, 09:00 am",2267.1,1.1017
"Dec 5, 10:00 am",2266.38,1.1017
"Dec 5, 11:00 am",2266.4,1.1017
"Dec 5, 12:00 pm",2266.53,1.1017
"Dec 5, 01:00 pm",2266.55,1.1017
"Dec 5, 02:00 pm",2266.54,1.1017
"Dec 5, 03:00 pm",2266.53,1.1017
"Dec 5, 04:00 pm",2267.17,1.1017
"Dec 5, 05:00 pm",2266.37,1.1017
"Dec 5, 06:00 pm",1373.03,0.667281
"Dec 5, 07:00 pm",12.2734,0.183617
"Dec 5, 08:00 pm",0,0.183617
"Dec 5, 09:00 pm",0,0.183617
"Dec 5, 10:00 pm",0,0.183617
"Dec 5, 11:00 pm",0,0.183617
"Dec 6, 12:00 am",0,0.183617
"Dec 6, 01:00 am",0,0.183617
"Dec 6, 02:00 am",0,0.183617
"Dec 6, 03:00 am",0,0.183617
"Dec 6, 04:00 am",0,0.183617
"Dec 6, 05:00 am",0,0.183617
"Dec 6, 06:00 am",0,0.183617
"Dec 6, 07:00 am",0,0.183617
"Dec 6, 08:00 am",1549.8,0.795659
"Dec 6, 09:00 am",2267.06,1.1017
"Dec 6, 10:00 am",2266.38,1.1017
"Dec 6, 11:00 am",2266.4,1.1017
"Dec 6, 12:00 pm",167.188,0.183617
"Dec 6, 01:00 pm",2265.48,1.1017
"Dec 6, 02:00 pm",162.673,0.183617
"Dec 6, 03:00 pm",20.9244,0.183617
"Dec 6, 04:00 pm",15.0002,0.183617
"Dec 6, 05:00 pm",0,0.183617
"Dec 6, 06:00 pm",0,0.183617
"Dec 6, 07:00 pm",0,0.183617
"Dec 6, 08:00 pm",0,0.183617
"Dec 6, 09:00 pm",0,0.183617
"Dec 6, 10:00 pm",0,0.183617
"Dec 6, 11:00 pm",0,0.183617
"Dec 7, 12:00 am",0,0.183617
"Dec 7, 01:00 am",0,0.183617
"Dec 7, 02:00 am",0,0.183617
"Dec 7, 03:00 am",0,0.183617
"Dec 7, 04:00 am",0,0.183617
"Dec 7, 05:00 am",0,0.183617
"Dec 7, 06:00 am",0,0.183617
"Dec 7, 07:00 am",1013.52,0.552166
"Dec 7, 08:00 am",2266.11,1.1017
"Dec 7, 09:00 am",2266.72,1.1017
"Dec 7, 10:00 am",2266.39,1.1017
"Dec 7, 11:00 am",2266.42,1.1017
"Dec 7, 12:00 pm",2266.44,1.1017
"Dec 7, 01:00 pm",2266.56,1.1017
"Dec 7, 02:00 pm",2266.55,1.1017
"Dec 7, 03:00 pm",2266.42,1.1017
"Dec 7, 04:00 pm",2267.19,1.1017
"Dec 7, 05:00 pm",2266.35,1.1017
"Dec 7, 06:00 pm",1437.18,0.698506
"Dec 7, 07:00 pm",12.162,0.183617
"Dec 7, 08:00 pm",0,0.183617
"Dec 7, 09:00 pm",0,0.183617
"Dec 7, 10:00 pm",0,0.183617
"Dec 7, 11:00 pm",0,0.183617
"Dec 8, 12:00 am",0,0.183617
"Dec 8, 01:00 am",0,0.183617
"Dec 8, 02:00 am",0,0.183617
"Dec 8, 03:00 am",0,0.183617
"Dec 8, 04:00 am",0,0.183617
"Dec 8, 05:00 am",0,0.183617
"Dec 8, 06:00 am",0,0.183617
"Dec 8, 07:00 am",1029.43,0.719423
"Dec 8, 08:00 am",2266.29,1.1017
"Dec 8, 09:00 am",2266.99,1.1017
"Dec 8, 10:00 am",2266.4,1.1017
"Dec 8, 11:00 am",2266.49,1.1017
"Dec 8, 12:00 pm",2266.53,1.1017
"Dec 8, 01:00 pm",2266.62,1.1017
"Dec 8, 02:00 pm",2266.61,1.1017
"Dec 8, 03:00 pm",2266.47,1.1017
"Dec 8, 04:00 pm",2267.44,1.1017
"Dec 8, 05:00 pm",2266.37,1.1017
"Dec 8, 06:00 pm",1497.47,0.727873
"Dec 8, 07:00 pm",12.2899,0.183617
"Dec 8, 08:00 pm",0,0.183617
"Dec 8, 09:00 pm",0,0.183617
"Dec 8, 10:00 pm",0,0.183617
"Dec 8, 11:00 pm",0,0.183617
"Dec 9, 12:00 am",0,0.183617
"Dec 9, 01:00 am",0,0.183617
"Dec 9, 02:00 am",0,0.183617
"Dec 9, 03:00 am",0,0.183617
"Dec 9, 04:00 am",0,0.183617
"Dec 9, 05:00 am",0,0.183617
"Dec 9, 06:00 am",0,0.183617
"Dec 9, 07:00 am",1076.08,0.749902
"Dec 9, 08:00 am",2266.15,1.1017
"Dec 9, 09:00 am",2267.63,1.1017
"Dec 9, 10:00 am",2266.48,1.1017
"Dec 9, 11:00 am",2266.59,1.1017
"Dec 9, 12:00 pm",2266.62,1.1017
"Dec 9, 01:00 pm",2266.7,1.1017
"Dec 9, 02:00 pm",2266.69,1.1017
"Dec 9, 03:00 pm",2266.51,1.1017
"Dec 9, 04:00 pm",2267.56,1.1017
"Dec 9, 05:00 pm",2266.39,1.1017
"Dec 9, 06:00 pm",1540.05,0.748595
"Dec 9, 07:00 pm",12.5095,0.183617
"Dec 9, 08:00 pm",0,0.183617
"Dec 9, 09:00 pm",0,0.183617
"Dec 9, 10:00 pm",0,0.183617
"Dec 9, 11:00 pm",0,0.183617
"Dec 10, 12:00 am",0,0.183617
"Dec 10, 01:00 am",0,0.183617
"Dec 10, 02:00 am",0,0.183617
"Dec 10, 03:00 am",0,0.183617
"Dec 10, 04:00 am",0,0.183617
"Dec 10, 05:00 am",0,0.183617
"Dec 10, 06:00 am",0,0.183617
"Dec 10, 07:00 am",1012.72,0.708495
"Dec 10, 08:00 am",2265.85,1.1017
"Dec 10, 09:00 am",2266.76,1.1017
"Dec 10, 10:00 am",2266.38,1.1017
"Dec 10, 11:00 am",2266.4,1.1017
"Dec 10, 12:00 pm",2266.52,1.1017
"Dec 10, 01:00 pm",2266.53,1.1017
"Dec 10, 02:00 pm",2266.52,1.1017
"Dec 10, 03:00 pm",2266.51,1.1017
"Dec 10, 04:00 pm",2266.85,1.1017
"Dec 10, 05:00 pm",2266.36,1.1017
"Dec 10, 06:00 pm",1522.24,0.739936
"Dec 10, 07:00 pm",12.3171,0.183617
"Dec 10, 08:00 pm",0,0.183617
"Dec 10, 09:00 pm",0,0.183617
"Dec 10, 10:00 pm",0,0.183617
"Dec 10, 11:00 pm",0,0.183617
"Dec 11, 12:00 am",0,0.183617
"Dec 11, 01:00 am",0,0.183617
"Dec 11, 02:00 am",0,0.183617
"Dec 11, 03:00 am",0,0.183617
"Dec 11, 04:00 am",0,0.183617
"Dec 11, 05:00 am",0,0.183617
"Dec 11, 06:00 am",0,0.183617
"Dec 11, 07:00 am",992.412,0.695339
"Dec 11, 08:00 am",2268.42,1.1017
"Dec 11, 09:00 am",2267.09,1.1017
"Dec 11, 10:00 am",2266.43,1.1017
"Dec 11, 11:00 am",2266.46,1.1017
"Dec 11, 12:00 pm",2266.58,1.1017
"Dec 11, 01:00 pm",2266.58,1.1017
"Dec 11, 02:00 pm",2266.57,1.1017
"Dec 11, 03:00 pm",2266.45,1.1017
"Dec 11, 04:00 pm",2267.15,1.1017
"Dec 11, 05:00 pm",2266.39,1.1017
"Dec 11, 06:00 pm",1559.36,0.758
"Dec 11, 07:00 pm",12.5238,0.183617
"Dec 11, 08:00 pm",0,0.183617
"Dec 11, 09:00 pm",0,0.183617
"Dec 11, 10:00 pm",0,0.183617
"Dec 11, 11:00 pm",0,0.183617
"Dec 12, 12:00 am",0,0.183617
"Dec 12, 01:00 am",0,0.183617
"Dec 12, 02:00 am",0,0.183617
"Dec 12, 03:00 am",0,0.183617
"Dec 12, 04:00 am",0,0.183617
"Dec 12, 05:00 am",0,0.183617
"Dec 12, 06:00 am",0,0.183617
"Dec 12, 07:00 am",1018.47,0.712026
"Dec 12, 08:00 am",2265.9,1.1017
"Dec 12, 09:00 am",2267.05,1.1017
"Dec 12, 10:00 am",2266.46,1.1017
"Dec 12, 11:00 am",2266.56,1.1017
"Dec 12, 12:00 pm",2266.59,1.1017
"Dec 12, 01:00 pm",2266.67,1.1017
"Dec 12, 02:00 pm",2266.66,1.1017
"Dec 12, 03:00 pm",2266.51,1.1017
"Dec 12, 04:00 pm",2267.33,1.1017
"Dec 12, 05:00 pm",2266.43,1.1017
"Dec 12, 06:00 pm",1617.19,0.786131
"Dec 12, 07:00 pm",12.8846,0.183617
"Dec 12, 08:00 pm",0,0.183617
"Dec 12, 09:00 pm",0,0.183617
"Dec 12, 10:00 pm",0,0.183617
"Dec 12, 11:00 pm",0,0.183617
"Dec 13, 12:00 am",0,0.183617
"Dec 13, 01:00 am",0,0.183617
"Dec 13, 02:00 am",0,0.183617
"Dec 13, 03:00 am",0,0.183617
"Dec 13, 04:00 am",0,0.183617
"Dec 13, 05:00 am",0,0.183617
"Dec 13, 06:00 am",0,0.183617
"Dec 13, 07:00 am",987.442,0.691325
"Dec 13, 08:00 am",2268.42,1.1017
"Dec 13, 09:00 am",2267.05,1.1017
"Dec 13, 10:00 am",56.2416,0.183617
"Dec 13, 11:00 am",95.1355,0.183617
"Dec 13, 12:00 pm",21.371,0.183617
"Dec 13, 01:00 pm",81.3948,0.183617
"Dec 13, 02:00 pm",2265.39,1.1017
"Dec 13, 03:00 pm",2266.45,1.1017
"Dec 13, 04:00 pm",18.8065,0.183617
"Dec 13, 05:00 pm",0,0.183617
"Dec 13, 06:00 pm",0,0.183617
"Dec 13, 07:00 pm",0,0.183617
"Dec 13, 08:00 pm",0,0.183617
"Dec 13, 09:00 pm",0,0.183617
"Dec 13, 10:00 pm",0,0.183617
"Dec 13, 11:00 pm",0,0.183617
"Dec 14, 12:00 am",0,0.183617
"Dec 14, 01:00 am",0,0.183617
"Dec 14, 02:00 am",0,0.183617
"Dec 14, 03:00 am",0,0.183617
"Dec 14, 04:00 am",0,0.183617
"Dec 14, 05:00 am",0,0.183617
"Dec 14, 06:00 am",0,0.183617
"Dec 14, 07:00 am",990.181,0.694477
"Dec 14, 08:00 am",2265.87,1.1017
"Dec 14, 09:00 am",2266.96,1.1017
"Dec 14, 10:00 am",2266.46,1.1017
"Dec 14, 11:00 am",2266.56,1.1017
"Dec 14, 12:00 pm",2266.58,1.1017
"Dec 14, 01:00 pm",2266.67,1.1017
"Dec 14, 02:00 pm",2266.66,1.1017
"Dec 14, 03:00 pm",2266.52,1.1017
"Dec 14, 04:00 pm",2267.58,1.1017
"Dec 14, 05:00 pm",2266.41,1.1017
"Dec 14, 06:00 pm",1676.78,0.815132
"Dec 14, 07:00 pm",12.8239,0.183617
"Dec 14, 08:00 pm",0,0.183617
"Dec 14, 09:00 pm",0,0.183617
"Dec 14, 10:00 pm",0,0.183617
"Dec 14, 11:00 pm",0,0.183617
"Dec 15, 12:00 am",0,0.183617
"Dec 15, 01:00 am",0,0.183617
"Dec 15, 02:00 am",0,0.183617
"Dec 15, 03:00 am",0,0.183617
"Dec 15, 04:00 am",0,0.183617
"Dec 15, 05:00 am",0,0.183617
"Dec 15, 06:00 am",0,0.183617
"Dec 15, 07:00 am",997.107,0.697794
"Dec 15, 08:00 am",2265.89,1.1017
"Dec 15, 09:00 am",2266.95,1.1017
"Dec 15, 10:00 am",2266.46,1.1017
"Dec 15, 11:00 am",2266.56,1.1017
"Dec 15, 12:00 pm",2266.59,1.1017
"Dec 15, 01:00 pm",2266.67,1.1017
"Dec 15, 02:00 pm",2266.66,1.1017
"Dec 15, 03:00 pm",2266.52,1.1017
"Dec 15, 04:00 pm",2267.49,1.1017
"Dec 15, 05:00 pm",2266.42,1.1017
"Dec 15, 06:00 pm",1726.3,0.839222
"Dec 15, 07:00 pm",12.9437,0.183617
"Dec 15, 08:00 pm",0,0.183617
"Dec 15, 09:00 pm",0,0.183617
"Dec 15, 10:00 pm",0,0.183617
"Dec 15, 11:00 pm",0,0.183617
"Dec 16, 12:00 am",0,0.183617
"Dec 16, 01:00 am",0,0.183617
"Dec 16, 02:00 am",0,0.183617
"Dec 16, 03:00 am",0,0.183617
"Dec 16, 04:00 am",0,0.183617
"Dec 16, 05:00 am",0,0.183617
"Dec 16, 06:00 am",0,0.183617
"Dec 16, 07:00 am",991.315,0.693998
"Dec 16, 08:00 am",2265.89,1.1017
"Dec 16, 09:00 am",2266.96,1.1017
"Dec 16, 10:00 am",2266.48,1.1017
"Dec 16, 11:00 am",2266.58,1.1017
"Dec 16, 12:00 pm",2266.61,1.1017
"Dec 16, 01:00 pm",2266.71,1.1017
"Dec 16, 02:00 pm",2266.7,1.1017
"Dec 16, 03:00 pm",2266.56,1.1017
"Dec 16, 04:00 pm",2267.78,1.1017
"Dec 16, 05:00 pm",2268.94,1.1017
"Dec 16, 06:00 pm",1772.88,0.861766
"Dec 16, 07:00 pm",13.089,0.183617
"Dec 16, 08:00 pm",0,0.183617
"Dec 16, 09:00 pm",0,0.183617
"Dec 16, 10:00 pm",0,0.183617
"Dec 16, 11:00 pm",0,0.183617
"Dec 17, 12:00 am",0,0.183617
"Dec 17, 01:00 am",0,0.183617
"Dec 17, 02:00 am",0,0.183617
"Dec 17, 03:00 am",0,0.183617
"Dec 17, 04:00 am",0,0.183617
"Dec 17, 05:00 am",0,0.183617
"Dec 17, 06:00 am",0,0.183617
"Dec 17, 07:00 am",1004.25,0.70301
"Dec 17, 08:00 am",2265.87,1.1017
"Dec 17, 09:00 am",2267.21,1.1017
"Dec 17, 10:00 am",130.913,0.183617
"Dec 17, 11:00 am",64.213,0.183617
"Dec 17, 12:00 pm",231.421,0.183617
"Dec 17, 01:00 pm",277.623,0.183617
"Dec 17, 02:00 pm",2265.52,1.1017
"Dec 17, 03:00 pm",2266.52,1.1017
"Dec 17, 04:00 pm",2267.64,1.1017
"Dec 17, 05:00 pm",2268.96,1.1017
"Dec 17, 06:00 pm",1797.03,0.872709
"Dec 17, 07:00 pm",13.1031,0.183617
"Dec 17, 08:00 pm",0,0.183617
"Dec 17, 09:00 pm",0,0.183617
"Dec 17, 10:00 pm",0,0.183617
"Dec 17, 11:00 pm",0,0.183617
"Dec 18, 12:00 am",0,0.183617
"Dec 18, 01:00 am",0,0.183617
"Dec 18, 02:00 am",0,0.183617
"Dec 18, 03:00 am",0,0.183617
"Dec 18, 04:00 am",0,0.183617
"Dec 18, 05:00 am",0,0.183617
"Dec 18, 06:00 am",0,0.183617
"Dec 18, 07:00 am",974.817,0.68344
"Dec 18, 08:00 am",2268.38,1.1017
"Dec 18, 09:00 am",2267.15,1.1017
"Dec 18, 10:00 am",2266.42,1.1017
"Dec 18, 11:00 am",2266.51,1.1017
"Dec 18, 12:00 pm",2266.54,1.1017
"Dec 18, 01:00 pm",2266.55,1.1017
"Dec 18, 02:00 pm",2266.54,1.1017
"Dec 18, 03:00 pm",2266.53,1.1017
"Dec 18, 04:00 pm",2267.4,1.1017
"Dec 18, 05:00 pm",2266.39,1.1017
"Dec 18, 06:00 pm",1806.53,0.877519
"Dec 18, 07:00 pm",12.9653,0.183617
"Dec 18, 08:00 pm",0,0.183617
"Dec 18, 09:00 pm",0,0.183617
"Dec 18, 10:00 pm",0,0.183617
"Dec 18, 11:00 pm",0,0.183617
"Dec 19, 12:00 am",0,0.183617
"Dec 19, 01:00 am",0,0.183617
"Dec 19, 02:00 am",0,0.183617
"Dec 19, 03:00 am",0,0.183617
"Dec 19, 04:00 am",0,0.183617
"Dec 19, 05:00 am",0,0.183617
"Dec 19, 06:00 am",0,0.183617
"Dec 19, 07:00 am",790.446,0.47187
"Dec 19, 08:00 am",15.1412,0.183617
"Dec 19, 09:00 am",0,0.183617
"Dec 19, 10:00 am",0,0.183617
"Dec 19, 11:00 am",39.5237,0.183617
"Dec 19, 12:00 pm",20.8962,0.183617
"Dec 19, 01:00 pm",15.7515,0.183617
"Dec 19, 02:00 pm",0,0.183617
"Dec 19, 03:00 pm",0,0.183617
"Dec 19, 04:00 pm",0,0.183617
"Dec 19, 05:00 pm",0,0.183617
"Dec 19, 06:00 pm",0,0.183617
"Dec 19, 07:00 pm",0,0.183617
"Dec 19, 08:00 pm",0,0.183617
"Dec 19, 09:00 pm",0,0.183617
"Dec 19, 10:00 pm",0,0.183617
"Dec 19, 11:00 pm",0,0.183617
"Dec 20, 12:00 am",0,0.183617
"Dec 20, 01:00 am",0,0.183617
"Dec 20, 02:00 am",0,0.183617
"Dec 20, 03:00 am",0,0.183617
"Dec 20, 04:00 am",0,0.183617
"Dec 20, 05:00 am",0,0.183617
"Dec 20, 06:00 am",0,0.183617
"Dec 20, 07:00 am",993.647,0.544684
"Dec 20, 08:00 am",2265.86,1.1017
"Dec 20, 09:00 am",2267.41,1.1017
"Dec 20, 10:00 am",2266.49,1.1017
"Dec 20, 11:00 am",2266.62,1.1017
"Dec 20, 12:00 pm",2266.65,1.1017
"Dec 20, 01:00 pm",2266.77,1.1017
"Dec 20, 02:00 pm",2266.77,1.1017
"Dec 20, 03:00 pm",2266.58,1.1017
"Dec 20, 04:00 pm",2268.32,1.1017
"Dec 20, 05:00 pm",2268.38,1.1017
"Dec 20, 06:00 pm",1928.42,0.937421
"Dec 20, 07:00 pm",12.9295,0.183617
"Dec 20, 08:00 pm",0,0.183617
"Dec 20, 09:00 pm",0,0.183617
"Dec 20, 10:00 pm",0,0.183617
"Dec 20, 11:00 pm",0,0.183617
"Dec 21, 12:00 am",0,0.183617
"Dec 21, 01:00 am",0,0.183617
"Dec 21, 02:00 am",0,0.183617
"Dec 21, 03:00 am",0,0.183617
"Dec 21, 04:00 am",0,0.183617
"Dec 21, 05:00 am",0,0.183617
"Dec 21, 06:00 am",0,0.183617
"Dec 21, 07:00 am",1004.25,0.703309
"Dec 21, 08:00 am",2265.89,1.1017
"Dec 21, 09:00 am",2267.47,1.1017
"Dec 21, 10:00 am",2266.49,1.1017
"Dec 21, 11:00 am",2266.6,1.1017
"Dec 21, 12:00 pm",2266.62,1.1017
"Dec 21, 01:00 pm",2266.73,1.1017
"Dec 21, 02:00 pm",2266.72,1.1017
"Dec 21, 03:00 pm",2266.55,1.1017
"Dec 21, 04:00 pm",2268.04,1.1017
"Dec 21, 05:00 pm",2268.54,1.1017
"Dec 21, 06:00 pm",1940.9,0.943447
"Dec 21, 07:00 pm",12.9855,0.183617
"Dec 21, 08:00 pm",0,0.183617
"Dec 21, 09:00 pm",0,0.183617
"Dec 21, 10:00 pm",0,0.183617
"Dec 21, 11:00 pm",0,0.183617
"Dec 22, 12:00 am",0,0.183617
"Dec 22, 01:00 am",0,0.183617
"Dec 22, 02:00 am",0,0.183617
"Dec 22, 03:00 am",0,0.183617
"Dec 22, 04:00 am",0,0.183617
"Dec 22, 05:00 am",0,0.183617
"Dec 22, 06:00 am",0,0.183617
"Dec 22, 07:00 am",941.11,0.519071
"Dec 22, 08:00 am",2268.09,1.1017
"Dec 22, 09:00 am",2267,1.1017
"Dec 22, 10:00 am",2266.4,1.1017
"Dec 22, 11:00 am",2266.5,1.1017
"Dec 22, 12:00 pm",2266.53,1.1017
"Dec 22, 01:00 pm",2266.64,1.1017
"Dec 22, 02:00 pm",2266.64,1.1017
"Dec 22, 03:00 pm",2266.64,1.1017
"Dec 22, 04:00 pm",2267.83,1.1017
"Dec 22, 05:00 pm",2268.63,1.1017
"Dec 22, 06:00 pm",1948.89,0.947323
"Dec 22, 07:00 pm",12.8782,0.183617
"Dec 22, 08:00 pm",0,0.183617
"Dec 22, 09:00 pm",0,0.183617
"Dec 22, 10:00 pm",0,0.183617
"Dec 22, 11:00 pm",0,0.183617
"Dec 23, 12:00 am",0,0.183617
"Dec 23, 01:00 am",0,0.183617
"Dec 23, 02:00 am",0,0.183617
"Dec 23, 03:00 am",0,0.183617
"Dec 23, 04:00 am",0,0.183617
"Dec 23, 05:00 am",0,0.183617
"Dec 23, 06:00 am",0,0.183617
"Dec 23, 07:00 am",943.608,0.52029
"Dec 23, 08:00 am",2268.18,1.1017
"Dec 23, 09:00 am",2267.18,1.1017
"Dec 23, 10:00 am",2266.43,1.1017
"Dec 23, 11:00 am",2266.53,1.1017
"Dec 23, 12:00 pm",2266.56,1.1017
"Dec 23, 01:00 pm",2266.67,1.1017
"Dec 23, 02:00 pm",2266.66,1.1017
"Dec 23, 03:00 pm",2266.51,1.1017
"Dec 23, 04:00 pm",2267.93,1.1017
"Dec 23, 05:00 pm",2268.51,1.1017
"Dec 23, 06:00 pm",1973.99,0.959542
"Dec 23, 07:00 pm",12.7738,0.183617
"Dec 23, 08:00 pm",0,0.183617
"Dec 23, 09:00 pm",0,0.183617
"Dec 23, 10:00 pm",0,0.183617
"Dec 23, 11:00 pm",0,0.183617
"Dec 24, 12:00 am",0,0.183617
"Dec 24, 01:00 am",0,0.183617
"Dec 24, 02:00 am",0,0.183617
"Dec 24, 03:00 am",0,0.183617
"Dec 24, 04:00 am",0,0.183617
"Dec 24, 05:00 am",0,0.183617
"Dec 24, 06:00 am",0,0.183617
"Dec 24, 07:00 am",956.126,0.526388
"Dec 24, 08:00 am",2268.37,1.1017
"Dec 24, 09:00 am",2267.43,1.1017
"Dec 24, 10:00 am",2266.46,1.1017
"Dec 24, 11:00 am",2266.56,1.1017
"Dec 24, 12:00 pm",2266.59,1.1017
"Dec 24, 01:00 pm",2266.71,1.1017
"Dec 24, 02:00 pm",2266.7,1.1017
"Dec 24, 03:00 pm",2266.54,1.1017
"Dec 24, 04:00 pm",2268.02,1.1017
"Dec 24, 05:00 pm",2268.45,1.1017
"Dec 24, 06:00 pm",2006.16,0.975176
"Dec 24, 07:00 pm",13.0431,0.183617
"Dec 24, 08:00 pm",0,0.183617
"Dec 24, 09:00 pm",0,0.183617
"Dec 24, 10:00 pm",0,0.183617
"Dec 24, 11:00 pm",0,0.183617
"Dec 25, 12:00 am",0,0.183617
"Dec 25, 01:00 am",0,0.183617
"Dec 25, 02:00 am",0,0.183617
"Dec 25, 03:00 am",0,0.183617
"Dec 25, 04:00 am",0,0.183617
"Dec 25, 05:00 am",0,0.183617
"Dec 25, 06:00 am",0,0.183617
"Dec 25, 07:00 am",847.584,0.496308
"Dec 25, 08:00 am",2268.5,1.1017
"Dec 25, 09:00 am",2266.98,1.1017
"Dec 25, 10:00 am",2266.46,1.1017
"Dec 25, 11:00 am",2266.48,1.1017
"Dec 25, 12:00 pm",2266.49,1.1017
"Dec 25, 01:00 pm",2266.64,1.1017
"Dec 25, 02:00 pm",2266.63,1.1017
"Dec 25, 03:00 pm",2266.49,1.1017
"Dec 25, 04:00 pm",2267.53,1.1017
"Dec 25, 05:00 pm",2268.84,1.1017
"Dec 25, 06:00 pm",1988.73,0.966647
"Dec 25, 07:00 pm",12.9358,0.183617
"Dec 25, 08:00 pm",0,0.183617
"Dec 25, 09:00 pm",0,0.183617
"Dec 25, 10:00 pm",0,0.183617
"Dec 25, 11:00 pm",0,0.183617
"Dec 26, 12:00 am",0,0.183617
"Dec 26, 01:00 am",0,0.183617
"Dec 26, 02:00 am",0,0.183617
"Dec 26, 03:00 am",0,0.183617
"Dec 26, 04:00 am",0,0.183617
"Dec 26, 05:00 am",0,0.183617
"Dec 26, 06:00 am",0,0.183617
"Dec 26, 07:00 am",808.559,0.478582
"Dec 26, 08:00 am",2268.21,1.1017
"Dec 26, 09:00 am",2266.86,1.1017
"Dec 26, 10:00 am",2266.44,1.1017
"Dec 26, 11:00 am",2266.46,1.1017
"Dec 26, 12:00 pm",2266.61,1.1017
"Dec 26, 01:00 pm",2266.62,1.1017
"Dec 26, 02:00 pm",2266.61,1.1017
"Dec 26, 03:00 pm",2266.61,1.1017
"Dec 26, 04:00 pm",2267.78,1.1017
"Dec 26, 05:00 pm",2268.65,1.1017
"Dec 26, 06:00 pm",2017.87,0.980832
"Dec 26, 07:00 pm",13.171,0.183617
"Dec 26, 08:00 pm",0,0.183617
"Dec 26, 09:00 pm",0,0.183617
"Dec 26, 10:00 pm",0,0.183617
"Dec 26, 11:00 pm",0,0.183617
"Dec 27, 12:00 am",0,0.183617
"Dec 27, 01:00 am",0,0.183617
"Dec 27, 02:00 am",0,0.183617
"Dec 27, 03:00 am",0,0.183617
"Dec 27, 04:00 am",0,0.183617
"Dec 27, 05:00 am",0,0.183617
"Dec 27, 06:00 am",0,0.183617
"Dec 27, 07:00 am",811.083,0.479246
"Dec 27, 08:00 am",2268.17,1.1017
"Dec 27, 09:00 am",2266.85,1.1017
"Dec 27, 10:00 am",2266.43,1.1017
"Dec 27, 11:00 am",2266.45,1.1017
"Dec 27, 12:00 pm",2266.59,1.1017
"Dec 27, 01:00 pm",2266.59,1.1017
"Dec 27, 02:00 pm",314.511,0.183617
"Dec 27, 03:00 pm",70.1427,0.183617
"Dec 27, 04:00 pm",16.8493,0.183617
"Dec 27, 05:00 pm",0,0.183617
"Dec 27, 06:00 pm",0,0.183617
"Dec 27, 07:00 pm",0,0.183617
"Dec 27, 08:00 pm",0,0.183617
"Dec 27, 09:00 pm",0,0.183617
"Dec 27, 10:00 pm",0,0.183617
"Dec 27, 11:00 pm",0,0.183617
"Dec 28, 12:00 am",0,0.183617
"Dec 28, 01:00 am",0,0.183617
"Dec 28, 02:00 am",0,0.183617
"Dec 28, 03:00 am",0,0.183617
"Dec 28, 04:00 am",0,0.183617
"Dec 28, 05:00 am",0,0.183617
"Dec 28, 06:00 am",0,0.183617
"Dec 28, 07:00 am",741.812,0.448315
"Dec 28, 08:00 am",2268.07,1.1017
"Dec 28, 09:00 am",2266.8,1.1017
"Dec 28, 10:00 am",2266.4,1.1017
"Dec 28, 11:00 am",2266.42,1.1017
"Dec 28, 12:00 pm",2266.44,1.1017
"Dec 28, 01:00 pm",324.021,0.183617
"Dec 28, 02:00 pm",215.49,0.183617
"Dec 28, 03:00 pm",42.1702,0.183617
"Dec 28, 04:00 pm",15.966,0.183617
"Dec 28, 05:00 pm",0,0.183617
"Dec 28, 06:00 pm",0,0.183617
"Dec 28, 07:00 pm",0,0.183617
"Dec 28, 08:00 pm",0,0.183617
"Dec 28, 09:00 pm",0,0.183617
"Dec 28, 10:00 pm",0,0.183617
"Dec 28, 11:00 pm",0,0.183617
"Dec 29, 12:00 am",0,0.183617
"Dec 29, 01:00 am",0,0.183617
"Dec 29, 02:00 am",0,0.183617
"Dec 29, 03:00 am",0,0.183617
"Dec 29, 04:00 am",0,0.183617
"Dec 29, 05:00 am",0,0.183617
"Dec 29, 06:00 am",0,0.183617
"Dec 29, 07:00 am",659.56,0.412744
"Dec 29, 08:00 am",14.9113,0.183617
"Dec 29, 09:00 am",0,0.183617
"Dec 29, 10:00 am",0,0.183617
"Dec 29, 11:00 am",120.602,0.183617
"Dec 29, 12:00 pm",2265.48,1.1017
"Dec 29, 01:00 pm",2266.61,1.1017
"Dec 29, 02:00 pm",2266.62,1.1017
"Dec 29, 03:00 pm",2266.61,1.1017
"Dec 29, 04:00 pm",2267.63,1.1017
"Dec 29, 05:00 pm",2268.63,1.1017
"Dec 29, 06:00 pm",2030.61,0.98704
"Dec 29, 07:00 pm",13.8262,0.183617
"Dec 29, 08:00 pm",0,0.183617
"Dec 29, 09:00 pm",0,0.183617
"Dec 29, 10:00 pm",0,0.183617
"Dec 29, 11:00 pm",0,0.183617
"Dec 30, 12:00 am",0,0.183617
"Dec 30, 01:00 am",0,0.183617
"Dec 30, 02:00 am",0,0.183617
"Dec 30, 03:00 am",0,0.183617
"Dec 30, 04:00 am",0,0.183617
"Dec 30, 05:00 am",0,0.183617
"Dec 30, 06:00 am",0,0.183617
"Dec 30, 07:00 am",646.711,0.405426
"Dec 30, 08:00 am",2267.53,1.1017
"Dec 30, 09:00 am",2266.59,1.1017
"Dec 30, 10:00 am",2266.39,1.1017
"Dec 30, 11:00 am",2266.42,1.1017
"Dec 30, 12:00 pm",2266.56,1.1017
"Dec 30, 01:00 pm",2266.57,1.1017
"Dec 30, 02:00 pm",2266.58,1.1017
"Dec 30, 03:00 pm",2266.57,1.1017
"Dec 30, 04:00 pm",2267.59,1.1017
"Dec 30, 05:00 pm",2268.69,1.1017
"Dec 30, 06:00 pm",2032.97,0.988172
"Dec 30, 07:00 pm",14.2112,0.183617
"Dec 30, 08:00 pm",0,0.183617
"Dec 30, 09:00 pm",0,0.183617
"Dec 30, 10:00 pm",0,0.183617
"Dec 30, 11:00 pm",0,0.183617
"Dec 31, 12:00 am",0,0.183617
"Dec 31, 01:00 am",0,0.183617
"Dec 31, 02:00 am",0,0.183617
"Dec 31, 03:00 am",0,0.183617
"Dec 31, 04:00 am",0,0.183617
"Dec 31, 05:00 am",0,0.183617
"Dec 31, 06:00 am",0,0.183617
"Dec 31, 07:00 am",620.209,0.393558
"Dec 31, 08:00 am",2266.88,1.1017
"Dec 31, 09:00 am",2266.5,1.1017
"Dec 31, 10:00 am",2268.7,1.1017
"Dec 31, 11:00 am",2266.68,1.1017
"Dec 31, 12:00 pm",2266.45,1.1017
"Dec 31, 01:00 pm",2266.56,1.1017
"Dec 31, 02:00 pm",2266.56,1.1017
"Dec 31, 03:00 pm",2266.44,1.1017
"Dec 31, 04:00 pm",2267.32,1.1017
"Dec 31, 05:00 pm",2268.85,1.1017
"Dec 31, 06:00 pm",2015.84,0.979831
"Dec 31, 07:00 pm",14.3003,0.183617
"Dec 31, 08:00 pm",0,0.183617
"Dec 31, 09:00 pm",0,0.183617
"Dec 31, 10:00 pm",0,0.183617
"Dec 31, 11:00 pm",0,0.183617
