"Time stamp","System net thermal power w/ avail. derate | (kWt)","Field total mass flow rate | (kg/s)"
"Jan 1, 12:00 am",0,0.209888
"Jan 1, 01:00 am",0,0.209888
"Jan 1, 02:00 am",0,0.209888
"Jan 1, 03:00 am",0,0.209888
"Jan 1, 04:00 am",0,0.209888
"Jan 1, 05:00 am",0,0.209888
"Jan 1, 06:00 am",0,0.209888
"Jan 1, 07:00 am",779.895,0.480318
"Jan 1, 08:00 am",2591.15,1.25933
"Jan 1, 09:00 am",2590.91,1.25933
"Jan 1, 10:00 am",2593.51,1.25933
"Jan 1, 11:00 am",2591,1.25933
"Jan 1, 12:00 pm",2590.71,1.25933
"Jan 1, 01:00 pm",2590.84,1.25933
"Jan 1, 02:00 pm",2590.83,1.25933
"Jan 1, 03:00 pm",2590.82,1.25933
"Jan 1, 04:00 pm",2592.05,1.25933
"Jan 1, 05:00 pm",2592.67,1.25933
"Jan 1, 06:00 pm",2335.19,1.13532
"Jan 1, 07:00 pm",16.8102,0.209888
"Jan 1, 08:00 pm",0,0.209888
"Jan 1, 09:00 pm",0,0.209888
"Jan 1, 10:00 pm",0,0.209888
"Jan 1, 11:00 pm",0,0.209888
"Jan 2, 12:00 am",0,0.209888
"Jan 2, 01:00 am",0,0.209888
"Jan 2, 02:00 am",0,0.209888
"Jan 2, 03:00 am",0,0.209888
"Jan 2, 04:00 am",0,0.209888
"Jan 2, 05:00 am",0,0.209888
"Jan 2, 06:00 am",0,0.209888
"Jan 2, 07:00 am",706.778,0.44871
"Jan 2, 08:00 am",2591.23,1.25933
"Jan 2, 09:00 am",2590.92,1.25933
"Jan 2, 10:00 am",2590.64,1.25933
"Jan 2, 11:00 am",2590.67,1.25933
"Jan 2, 12:00 pm",2590.8,1.25933
"Jan 2, 01:00 pm",2590.81,1.25933
"Jan 2, 02:00 pm",2590.81,1.25933
"Jan 2, 03:00 pm",2590.8,1.25933
"Jan 2, 04:00 pm",2592.51,1.25933
"Jan 2, 05:00 pm",2592,1.25933
"Jan 2, 06:00 pm",2386.76,1.16036
"Jan 2, 07:00 pm",17.0198,0.209888
"Jan 2, 08:00 pm",0,0.209888
"Jan 2, 09:00 pm",0,0.209888
"Jan 2, 10:00 pm",0,0.209888
"Jan 2, 11:00 pm",0,0.209888
"Jan 3, 12:00 am",0,0.209888
"Jan 3, 01:00 am",0,0.209888
"Jan 3, 02:00 am",0,0.209888
"Jan 3, 03:00 am",0,0.209888
"Jan 3, 04:00 am",0,0.209888
"Jan 3, 05:00 am",0,0.209888
"Jan 3, 06:00 am",0,0.209888
"Jan 3, 07:00 am",714.722,0.452571
"Jan 3, 08:00 am",2591.46,1.25933
"Jan 3, 09:00 am",2591.08,1.25933
"Jan 3, 10:00 am",2590.68,1.25933
"Jan 3, 11:00 am",2590.71,1.25933
"Jan 3, 12:00 pm",2590.73,1.25933
"Jan 3, 01:00 pm",2590.87,1.25933
"Jan 3, 02:00 pm",2590.86,1.25933
"Jan 3, 03:00 pm",2590.85,1.25933
"Jan 3, 04:00 pm",2592.26,1.25933
"Jan 3, 05:00 pm",2592.49,1.25933
"Jan 3, 06:00 pm",2386.76,1.16034
"Jan 3, 07:00 pm",17.4361,0.209888
"Jan 3, 08:00 pm",0,0.209888
"Jan 3, 09:00 pm",0,0.209888
"Jan 3, 10:00 pm",0,0.209888
"Jan 3, 11:00 pm",0,0.209888
"Jan 4, 12:00 am",0,0.209888
"Jan 4, 01:00 am",0,0.209888
"Jan 4, 02:00 am",0,0.209888
"Jan 4, 03:00 am",0,0.209888
"Jan 4, 04:00 am",0,0.209888
"Jan 4, 05:00 am",0,0.209888
"Jan 4, 06:00 am",0,0.209888
"Jan 4, 07:00 am",692.908,0.442127
"Jan 4, 08:00 am",2590.98,1.25933
"Jan 4, 09:00 am",2590.97,1.25933
"Jan 4, 10:00 am",2590.69,1.25933
"Jan 4, 11:00 am",2590.72,1.25933
"Jan 4, 12:00 pm",2590.85,1.25933
"Jan 4, 01:00 pm",2590.86,1.25933
"Jan 4, 02:00 pm",2590.86,1.25933
"Jan 4, 03:00 pm",2590.84,1.25933
"Jan 4, 04:00 pm",2592.43,1.25933
"Jan 4, 05:00 pm",2592.27,1.25933
"Jan 4, 06:00 pm",2389.15,1.16149
"Jan 4, 07:00 pm",17.8449,0.209888
"Jan 4, 08:00 pm",0,0.209888
"Jan 4, 09:00 pm",0,0.209888
"Jan 4, 10:00 pm",0,0.209888
"Jan 4, 11:00 pm",0,0.209888
"Jan 5, 12:00 am",0,0.209888
"Jan 5, 01:00 am",0,0.209888
"Jan 5, 02:00 am",0,0.209888
"Jan 5, 03:00 am",0,0.209888
"Jan 5, 04:00 am",0,0.209888
"Jan 5, 05:00 am",0,0.209888
"Jan 5, 06:00 am",0,0.209888
"Jan 5, 07:00 am",668.041,0.430818
"Jan 5, 08:00 am",2590.85,1.25933
"Jan 5, 09:00 am",2590.95,1.25933
"Jan 5, 10:00 am",2590.68,1.25933
"Jan 5, 11:00 am",2590.71,1.25933
"Jan 5, 12:00 pm",2590.82,1.25933
"Jan 5, 01:00 pm",2590.84,1.25933
"Jan 5, 02:00 pm",2590.83,1.25933
"Jan 5, 03:00 pm",2590.82,1.25933
"Jan 5, 04:00 pm",2592.26,1.25933
"Jan 5, 05:00 pm",2592.27,1.25933
"Jan 5, 06:00 pm",2390.97,1.16239
"Jan 5, 07:00 pm",17.8778,0.209888
"Jan 5, 08:00 pm",0,0.209888
"Jan 5, 09:00 pm",0,0.209888
"Jan 5, 10:00 pm",0,0.209888
"Jan 5, 11:00 pm",0,0.209888
"Jan 6, 12:00 am",0,0.209888
"Jan 6, 01:00 am",0,0.209888
"Jan 6, 02:00 am",0,0.209888
"Jan 6, 03:00 am",0,0.209888
"Jan 6, 04:00 am",0,0.209888
"Jan 6, 05:00 am",0,0.209888
"Jan 6, 06:00 am",0,0.209888
"Jan 6, 07:00 am",451.022,0.423074
"Jan 6, 08:00 am",2590.33,1.25933
"Jan 6, 09:00 am",2590.76,1.25933
"Jan 6, 10:00 am",2593.19,1.25933
"Jan 6, 11:00 am",2590.9,1.25933
"Jan 6, 12:00 pm",2590.7,1.25933
"Jan 6, 01:00 pm",2590.7,1.25933
"Jan 6, 02:00 pm",2590.69,1.25933
"Jan 6, 03:00 pm",2590.68,1.25933
"Jan 6, 04:00 pm",2591.68,1.25933
"Jan 6, 05:00 pm",2592.94,1.25933
"Jan 6, 06:00 pm",2333.16,1.1343
"Jan 6, 07:00 pm",17.721,0.209888
"Jan 6, 08:00 pm",0,0.209888
"Jan 6, 09:00 pm",0,0.209888
"Jan 6, 10:00 pm",0,0.209888
"Jan 6, 11:00 pm",0,0.209888
"Jan 7, 12:00 am",0,0.209888
"Jan 7, 01:00 am",0,0.209888
"Jan 7, 02:00 am",0,0.209888
"Jan 7, 03:00 am",0,0.209888
"Jan 7, 04:00 am",0,0.209888
"Jan 7, 05:00 am",0,0.209888
"Jan 7, 06:00 am",0,0.209888
"Jan 7, 07:00 am",210.177,0.336049
"Jan 7, 08:00 am",2593.28,1.25933
"Jan 7, 09:00 am",2588.41,1.25933
"Jan 7, 10:00 am",2592.61,1.25933
"Jan 7, 11:00 am",2590.72,1.25933
"Jan 7, 12:00 pm",2590.69,1.25933
"Jan 7, 01:00 pm",2590.76,1.25933
"Jan 7, 02:00 pm",2590.75,1.25933
"Jan 7, 03:00 pm",2590.74,1.25933
"Jan 7, 04:00 pm",2591.67,1.25933
"Jan 7, 05:00 pm",2592.89,1.25933
"Jan 7, 06:00 pm",2321.18,1.12851
"Jan 7, 07:00 pm",17.6717,0.209888
"Jan 7, 08:00 pm",0,0.209888
"Jan 7, 09:00 pm",0,0.209888
"Jan 7, 10:00 pm",0,0.209888
"Jan 7, 11:00 pm",0,0.209888
"Jan 8, 12:00 am",0,0.209888
"Jan 8, 01:00 am",0,0.209888
"Jan 8, 02:00 am",0,0.209888
"Jan 8, 03:00 am",0,0.209888
"Jan 8, 04:00 am",0,0.209888
"Jan 8, 05:00 am",0,0.209888
"Jan 8, 06:00 am",0,0.209888
"Jan 8, 07:00 am",218.531,0.342761
"Jan 8, 08:00 am",2590.33,1.25933
"Jan 8, 09:00 am",2590.84,1.25933
"Jan 8, 10:00 am",2593.58,1.25933
"Jan 8, 11:00 am",2591.05,1.25933
"Jan 8, 12:00 pm",2590.75,1.25933
"Jan 8, 01:00 pm",2590.88,1.25933
"Jan 8, 02:00 pm",2590.89,1.25933
"Jan 8, 03:00 pm",2590.88,1.25933
"Jan 8, 04:00 pm",2592.4,1.25933
"Jan 8, 05:00 pm",2592.25,1.25933
"Jan 8, 06:00 pm",2383.65,1.15883
"Jan 8, 07:00 pm",18.1719,0.209888
"Jan 8, 08:00 pm",0,0.209888
"Jan 8, 09:00 pm",0,0.209888
"Jan 8, 10:00 pm",0,0.209888
"Jan 8, 11:00 pm",0,0.209888
"Jan 9, 12:00 am",0,0.209888
"Jan 9, 01:00 am",0,0.209888
"Jan 9, 02:00 am",0,0.209888
"Jan 9, 03:00 am",0,0.209888
"Jan 9, 04:00 am",0,0.209888
"Jan 9, 05:00 am",0,0.209888
"Jan 9, 06:00 am",0,0.209888
"Jan 9, 07:00 am",448.374,0.421386
"Jan 9, 08:00 am",2590.61,1.25933
"Jan 9, 09:00 am",2590.91,1.25933
"Jan 9, 10:00 am",2590.67,1.25933
"Jan 9, 11:00 am",2590.68,1.25933
"Jan 9, 12:00 pm",2590.7,1.25933
"Jan 9, 01:00 pm",2590.84,1.25933
"Jan 9, 02:00 pm",2590.84,1.25933
"Jan 9, 03:00 pm",2590.83,1.25933
"Jan 9, 04:00 pm",2592.34,1.25933
"Jan 9, 05:00 pm",2592.32,1.25933
"Jan 9, 06:00 pm",2406.92,1.17014
"Jan 9, 07:00 pm",17.9785,0.209888
"Jan 9, 08:00 pm",0,0.209888
"Jan 9, 09:00 pm",0,0.209888
"Jan 9, 10:00 pm",0,0.209888
"Jan 9, 11:00 pm",0,0.209888
"Jan 10, 12:00 am",0,0.209888
"Jan 10, 01:00 am",0,0.209888
"Jan 10, 02:00 am",0,0.209888
"Jan 10, 03:00 am",0,0.209888
"Jan 10, 04:00 am",0,0.209888
"Jan 10, 05:00 am",0,0.209888
"Jan 10, 06:00 am",0,0.209888
"Jan 10, 07:00 am",211.983,0.339283
"Jan 10, 08:00 am",2590.64,1.25933
"Jan 10, 09:00 am",2590.89,1.25933
"Jan 10, 10:00 am",2590.64,1.25933
"Jan 10, 11:00 am",2590.73,1.25933
"Jan 10, 12:00 pm",2590.75,1.25933
"Jan 10, 01:00 pm",2590.86,1.25933
"Jan 10, 02:00 pm",2590.85,1.25933
"Jan 10, 03:00 pm",2590.73,1.25933
"Jan 10, 04:00 pm",2592.43,1.25933
"Jan 10, 05:00 pm",2592.13,1.25933
"Jan 10, 06:00 pm",2413.35,1.17326
"Jan 10, 07:00 pm",18.0287,0.209888
"Jan 10, 08:00 pm",0,0.209888
"Jan 10, 09:00 pm",0,0.209888
"Jan 10, 10:00 pm",0,0.209888
"Jan 10, 11:00 pm",0,0.209888
"Jan 11, 12:00 am",0,0.209888
"Jan 11, 01:00 am",0,0.209888
"Jan 11, 02:00 am",0,0.209888
"Jan 11, 03:00 am",0,0.209888
"Jan 11, 04:00 am",0,0.209888
"Jan 11, 05:00 am",0,0.209888
"Jan 11, 06:00 am",0,0.209888
"Jan 11, 07:00 am",205.472,0.335379
"Jan 11, 08:00 am",2590.49,1.25933
"Jan 11, 09:00 am",2590.9,1.25933
"Jan 11, 10:00 am",2590.66,1.25933
"Jan 11, 11:00 am",2590.69,1.25933
"Jan 11, 12:00 pm",2590.83,1.25933
"Jan 11, 01:00 pm",2590.85,1.25933
"Jan 11, 02:00 pm",2590.85,1.25933
"Jan 11, 03:00 pm",2590.84,1.25933
"Jan 11, 04:00 pm",2592.71,1.25933
"Jan 11, 05:00 pm",2591.56,1.25933
"Jan 11, 06:00 pm",2435.44,1.18396
"Jan 11, 07:00 pm",18.1961,0.209888
"Jan 11, 08:00 pm",0,0.209888
"Jan 11, 09:00 pm",0,0.209888
"Jan 11, 10:00 pm",0,0.209888
"Jan 11, 11:00 pm",0,0.209888
"Jan 12, 12:00 am",0,0.209888
"Jan 12, 01:00 am",0,0.209888
"Jan 12, 02:00 am",0,0.209888
"Jan 12, 03:00 am",0,0.209888
"Jan 12, 04:00 am",0,0.209888
"Jan 12, 05:00 am",0,0.209888
"Jan 12, 06:00 am",0,0.209888
"Jan 12, 07:00 am",0,0.321361
"Jan 12, 08:00 am",2592.69,1.25933
"Jan 12, 09:00 am",2587.75,1.25933
"Jan 12, 10:00 am",2593.17,1.25933
"Jan 12, 11:00 am",2590.95,1.25933
"Jan 12, 12:00 pm",2590.77,1.25933
"Jan 12, 01:00 pm",2590.89,1.25933
"Jan 12, 02:00 pm",2590.88,1.25933
"Jan 12, 03:00 pm",2590.87,1.25933
"Jan 12, 04:00 pm",2592.37,1.25933
"Jan 12, 05:00 pm",2592.18,1.25933
"Jan 12, 06:00 pm",2425.82,1.17929
"Jan 12, 07:00 pm",18.1585,0.209888
"Jan 12, 08:00 pm",0,0.209888
"Jan 12, 09:00 pm",0,0.209888
"Jan 12, 10:00 pm",0,0.209888
"Jan 12, 11:00 pm",0,0.209888
"Jan 13, 12:00 am",0,0.209888
"Jan 13, 01:00 am",0,0.209888
"Jan 13, 02:00 am",0,0.209888
"Jan 13, 03:00 am",0,0.209888
"Jan 13, 04:00 am",0,0.209888
"Jan 13, 05:00 am",0,0.209888
"Jan 13, 06:00 am",0,0.209888
"Jan 13, 07:00 am",0,0.317945
"Jan 13, 08:00 am",2591.26,1.25933
"Jan 13, 09:00 am",2588.17,1.25933
"Jan 13, 10:00 am",2592.98,1.25933
"Jan 13, 11:00 am",2590.86,1.25933
"Jan 13, 12:00 pm",2590.74,1.25933
"Jan 13, 01:00 pm",2590.73,1.25933
"Jan 13, 02:00 pm",2590.72,1.25933
"Jan 13, 03:00 pm",2590.7,1.25933
"Jan 13, 04:00 pm",2592.01,1.25933
"Jan 13, 05:00 pm",2592.63,1.25933
"Jan 13, 06:00 pm",2381.95,1.158
"Jan 13, 07:00 pm",17.6439,0.209888
"Jan 13, 08:00 pm",0,0.209888
"Jan 13, 09:00 pm",0,0.209888
"Jan 13, 10:00 pm",0,0.209888
"Jan 13, 11:00 pm",0,0.209888
"Jan 14, 12:00 am",0,0.209888
"Jan 14, 01:00 am",0,0.209888
"Jan 14, 02:00 am",0,0.209888
"Jan 14, 03:00 am",0,0.209888
"Jan 14, 04:00 am",0,0.209888
"Jan 14, 05:00 am",0,0.209888
"Jan 14, 06:00 am",0,0.209888
"Jan 14, 07:00 am",0,0.315768
"Jan 14, 08:00 am",2590.11,1.25933
"Jan 14, 09:00 am",2588.26,1.25933
"Jan 14, 10:00 am",2592.98,1.25933
"Jan 14, 11:00 am",2590.86,1.25933
"Jan 14, 12:00 pm",2590.73,1.25933
"Jan 14, 01:00 pm",2590.72,1.25933
"Jan 14, 02:00 pm",2590.71,1.25933
"Jan 14, 03:00 pm",2590.69,1.25933
"Jan 14, 04:00 pm",2591.88,1.25933
"Jan 14, 05:00 pm",2592.72,1.25933
"Jan 14, 06:00 pm",2359.09,1.1469
"Jan 14, 07:00 pm",17.3772,0.209888
"Jan 14, 08:00 pm",0,0.209888
"Jan 14, 09:00 pm",0,0.209888
"Jan 14, 10:00 pm",0,0.209888
"Jan 14, 11:00 pm",0,0.209888
"Jan 15, 12:00 am",0,0.209888
"Jan 15, 01:00 am",0,0.209888
"Jan 15, 02:00 am",0,0.209888
"Jan 15, 03:00 am",0,0.209888
"Jan 15, 04:00 am",0,0.209888
"Jan 15, 05:00 am",0,0.209888
"Jan 15, 06:00 am",0,0.209888
"Jan 15, 07:00 am",0,0.311515
"Jan 15, 08:00 am",2588.13,1.25933
"Jan 15, 09:00 am",2588.88,1.25933
"Jan 15, 10:00 am",2592.74,1.25933
"Jan 15, 11:00 am",2590.76,1.25933
"Jan 15, 12:00 pm",2590.69,1.25933
"Jan 15, 01:00 pm",2590.7,1.25933
"Jan 15, 02:00 pm",2590.69,1.25933
"Jan 15, 03:00 pm",2590.68,1.25933
"Jan 15, 04:00 pm",2591.8,1.25933
"Jan 15, 05:00 pm",2592.78,1.25933
"Jan 15, 06:00 pm",2352.84,1.14386
"Jan 15, 07:00 pm",17.1752,0.209888
"Jan 15, 08:00 pm",0,0.209888
"Jan 15, 09:00 pm",0,0.209888
"Jan 15, 10:00 pm",0,0.209888
"Jan 15, 11:00 pm",0,0.209888
"Jan 16, 12:00 am",0,0.209888
"Jan 16, 01:00 am",0,0.209888
"Jan 16, 02:00 am",0,0.209888
"Jan 16, 03:00 am",0,0.209888
"Jan 16, 04:00 am",0,0.209888
"Jan 16, 05:00 am",0,0.209888
"Jan 16, 06:00 am",0,0.209888
"Jan 16, 07:00 am",0,0.306077
"Jan 16, 08:00 am",16.2679,0.209888
"Jan 16, 09:00 am",0,0.209888
"Jan 16, 10:00 am",0,0.209888
"Jan 16, 11:00 am",14.4891,0.209888
"Jan 16, 12:00 pm",2589.64,1.25933
"Jan 16, 01:00 pm",2590.75,1.25933
"Jan 16, 02:00 pm",2590.75,1.25933
"Jan 16, 03:00 pm",2590.73,1.25933
"Jan 16, 04:00 pm",2591.57,1.25933
"Jan 16, 05:00 pm",2593,1.25933
"Jan 16, 06:00 pm",2317.73,1.12682
"Jan 16, 07:00 pm",16.8653,0.209888
"Jan 16, 08:00 pm",0,0.209888
"Jan 16, 09:00 pm",0,0.209888
"Jan 16, 10:00 pm",0,0.209888
"Jan 16, 11:00 pm",0,0.209888
"Jan 17, 12:00 am",0,0.209888
"Jan 17, 01:00 am",0,0.209888
"Jan 17, 02:00 am",0,0.209888
"Jan 17, 03:00 am",0,0.209888
"Jan 17, 04:00 am",0,0.209888
"Jan 17, 05:00 am",0,0.209888
"Jan 17, 06:00 am",0,0.209888
"Jan 17, 07:00 am",0,0.305293
"Jan 17, 08:00 am",2587.17,1.25933
"Jan 17, 09:00 am",2589.48,1.25933
"Jan 17, 10:00 am",2592.56,1.25933
"Jan 17, 11:00 am",2590.71,1.25933
"Jan 17, 12:00 pm",2590.7,1.25933
"Jan 17, 01:00 pm",2590.76,1.25933
"Jan 17, 02:00 pm",2590.77,1.25933
"Jan 17, 03:00 pm",2590.76,1.25933
"Jan 17, 04:00 pm",2591.66,1.25933
"Jan 17, 05:00 pm",2592.96,1.25933
"Jan 17, 06:00 pm",2318.85,1.12736
"Jan 17, 07:00 pm",16.674,0.209888
"Jan 17, 08:00 pm",0,0.209888
"Jan 17, 09:00 pm",0,0.209888
"Jan 17, 10:00 pm",0,0.209888
"Jan 17, 11:00 pm",0,0.209888
"Jan 18, 12:00 am",0,0.209888
"Jan 18, 01:00 am",0,0.209888
"Jan 18, 02:00 am",0,0.209888
"Jan 18, 03:00 am",0,0.209888
"Jan 18, 04:00 am",0,0.209888
"Jan 18, 05:00 am",0,0.209888
"Jan 18, 06:00 am",0,0.209888
"Jan 18, 07:00 am",0,0.305032
"Jan 18, 08:00 am",2190.18,1.2353
"Jan 18, 09:00 am",2589.33,1.25933
"Jan 18, 10:00 am",2592.62,1.25933
"Jan 18, 11:00 am",2590.73,1.25933
"Jan 18, 12:00 pm",2590.69,1.25933
"Jan 18, 01:00 pm",2590.76,1.25933
"Jan 18, 02:00 pm",230.786,0.209888
"Jan 18, 03:00 pm",173.138,0.209888
"Jan 18, 04:00 pm",2590.39,1.25933
"Jan 18, 05:00 pm",2592.98,1.25933
"Jan 18, 06:00 pm",2314.36,1.12519
"Jan 18, 07:00 pm",16.2643,0.209888
"Jan 18, 08:00 pm",0,0.209888
"Jan 18, 09:00 pm",0,0.209888
"Jan 18, 10:00 pm",0,0.209888
"Jan 18, 11:00 pm",0,0.209888
"Jan 19, 12:00 am",0,0.209888
"Jan 19, 01:00 am",0,0.209888
"Jan 19, 02:00 am",0,0.209888
"Jan 19, 03:00 am",0,0.209888
"Jan 19, 04:00 am",0,0.209888
"Jan 19, 05:00 am",0,0.209888
"Jan 19, 06:00 am",0,0.209888
"Jan 19, 07:00 am",0,0.209888
"Jan 19, 08:00 am",0,0.209888
"Jan 19, 09:00 am",0,0.209888
"Jan 19, 10:00 am",0,0.209888
"Jan 19, 11:00 am",0,0.209888
"Jan 19, 12:00 pm",0,0.209888
"Jan 19, 01:00 pm",0,0.209888
"Jan 19, 02:00 pm",2182.21,1.25933
"Jan 19, 03:00 pm",21.7717,0.209888
"Jan 19, 04:00 pm",2585.92,1.25933
"Jan 19, 05:00 pm",18.6368,0.209888
"Jan 19, 06:00 pm",1930.14,1.09635
"Jan 19, 07:00 pm",15.6816,0.209888
"Jan 19, 08:00 pm",0,0.209888
"Jan 19, 09:00 pm",0,0.209888
"Jan 19, 10:00 pm",0,0.209888
"Jan 19, 11:00 pm",0,0.209888
"Jan 20, 12:00 am",0,0.209888
"Jan 20, 01:00 am",0,0.209888
"Jan 20, 02:00 am",0,0.209888
"Jan 20, 03:00 am",0,0.209888
"Jan 20, 04:00 am",0,0.209888
"Jan 20, 05:00 am",0,0.209888
"Jan 20, 06:00 am",0,0.209888
"Jan 20, 07:00 am",0,0.300119
"Jan 20, 08:00 am",2160.04,1.23291
"Jan 20, 09:00 am",2589.42,1.25933
"Jan 20, 10:00 am",2592.77,1.25933
"Jan 20, 11:00 am",2590.79,1.25933
"Jan 20, 12:00 pm",2590.72,1.25933
"Jan 20, 01:00 pm",2590.72,1.25933
"Jan 20, 02:00 pm",2590.7,1.25933
"Jan 20, 03:00 pm",2590.68,1.25933
"Jan 20, 04:00 pm",2591.89,1.25933
"Jan 20, 05:00 pm",2592.73,1.25933
"Jan 20, 06:00 pm",2338.87,1.1371
"Jan 20, 07:00 pm",15.3747,0.209888
"Jan 20, 08:00 pm",0,0.209888
"Jan 20, 09:00 pm",0,0.209888
"Jan 20, 10:00 pm",0,0.209888
"Jan 20, 11:00 pm",0,0.209888
"Jan 21, 12:00 am",0,0.209888
"Jan 21, 01:00 am",0,0.209888
"Jan 21, 02:00 am",0,0.209888
"Jan 21, 03:00 am",0,0.209888
"Jan 21, 04:00 am",0,0.209888
"Jan 21, 05:00 am",0,0.209888
"Jan 21, 06:00 am",0,0.209888
"Jan 21, 07:00 am",0,0.298598
"Jan 21, 08:00 am",2160.17,1.23323
"Jan 21, 09:00 am",2589.03,1.25933
"Jan 21, 10:00 am",2593.06,1.25933
"Jan 21, 11:00 am",2590.87,1.25933
"Jan 21, 12:00 pm",2590.7,1.25933
"Jan 21, 01:00 pm",221.944,0.209888
"Jan 21, 02:00 pm",22.24,0.209888
"Jan 21, 03:00 pm",20.3871,0.209888
"Jan 21, 04:00 pm",0,0.209888
"Jan 21, 05:00 pm",0,0.209888
"Jan 21, 06:00 pm",0,0.209888
"Jan 21, 07:00 pm",0,0.209888
"Jan 21, 08:00 pm",0,0.209888
"Jan 21, 09:00 pm",0,0.209888
"Jan 21, 10:00 pm",0,0.209888
"Jan 21, 11:00 pm",0,0.209888
"Jan 22, 12:00 am",0,0.209888
"Jan 22, 01:00 am",0,0.209888
"Jan 22, 02:00 am",0,0.209888
"Jan 22, 03:00 am",0,0.209888
"Jan 22, 04:00 am",0,0.209888
"Jan 22, 05:00 am",0,0.209888
"Jan 22, 06:00 am",0,0.209888
"Jan 22, 07:00 am",0,0.209888
"Jan 22, 08:00 am",0,0.209888
"Jan 22, 09:00 am",0,0.209888
"Jan 22, 10:00 am",0,0.209888
"Jan 22, 11:00 am",0,0.209888
"Jan 22, 12:00 pm",0,0.209888
"Jan 22, 01:00 pm",0,0.209888
"Jan 22, 02:00 pm",0,0.209888
"Jan 22, 03:00 pm",0,0.209888
"Jan 22, 04:00 pm",2158.88,1.25933
"Jan 22, 05:00 pm",2592.79,1.25933
"Jan 22, 06:00 pm",2333.07,1.1343
"Jan 22, 07:00 pm",14.3054,0.209888
"Jan 22, 08:00 pm",0,0.209888
"Jan 22, 09:00 pm",0,0.209888
"Jan 22, 10:00 pm",0,0.209888
"Jan 22, 11:00 pm",0,0.209888
"Jan 23, 12:00 am",0,0.209888
"Jan 23, 01:00 am",0,0.209888
"Jan 23, 02:00 am",0,0.209888
"Jan 23, 03:00 am",0,0.209888
"Jan 23, 04:00 am",0,0.209888
"Jan 23, 05:00 am",0,0.209888
"Jan 23, 06:00 am",0,0.209888
"Jan 23, 07:00 am",0,0.251558
"Jan 23, 08:00 am",2158.43,1.23021
"Jan 23, 09:00 am",2589.61,1.25933
"Jan 23, 10:00 am",2592.81,1.25933
"Jan 23, 11:00 am",2590.8,1.25933
"Jan 23, 12:00 pm",2590.71,1.25933
"Jan 23, 01:00 pm",2590.72,1.25933
"Jan 23, 02:00 pm",2590.72,1.25933
"Jan 23, 03:00 pm",2590.72,1.25933
"Jan 23, 04:00 pm",2592.06,1.25933
"Jan 23, 05:00 pm",2592.72,1.25933
"Jan 23, 06:00 pm",2322.63,1.12922
"Jan 23, 07:00 pm",14.7655,0.209888
"Jan 23, 08:00 pm",0,0.209888
"Jan 23, 09:00 pm",0,0.209888
"Jan 23, 10:00 pm",0,0.209888
"Jan 23, 11:00 pm",0,0.209888
"Jan 24, 12:00 am",0,0.209888
"Jan 24, 01:00 am",0,0.209888
"Jan 24, 02:00 am",0,0.209888
"Jan 24, 03:00 am",0,0.209888
"Jan 24, 04:00 am",0,0.209888
"Jan 24, 05:00 am",0,0.209888
"Jan 24, 06:00 am",0,0.209888
"Jan 24, 07:00 am",0,0.209888
"Jan 24, 08:00 am",2159.66,1.22627
"Jan 24, 09:00 am",2590.38,1.25933
"Jan 24, 10:00 am",2592.44,1.25933
"Jan 24, 11:00 am",2590.7,1.25933
"Jan 24, 12:00 pm",2590.72,1.25933
"Jan 24, 01:00 pm",2590.72,1.25933
"Jan 24, 02:00 pm",2590.71,1.25933
"Jan 24, 03:00 pm",2590.69,1.25933
"Jan 24, 04:00 pm",2591.77,1.25933
"Jan 24, 05:00 pm",2592.88,1.25933
"Jan 24, 06:00 pm",2285.69,1.11132
"Jan 24, 07:00 pm",14.5223,0.209888
"Jan 24, 08:00 pm",0,0.209888
"Jan 24, 09:00 pm",0,0.209888
"Jan 24, 10:00 pm",0,0.209888
"Jan 24, 11:00 pm",0,0.209888
"Jan 25, 12:00 am",0,0.209888
"Jan 25, 01:00 am",0,0.209888
"Jan 25, 02:00 am",0,0.209888
"Jan 25, 03:00 am",0,0.209888
"Jan 25, 04:00 am",0,0.209888
"Jan 25, 05:00 am",0,0.209888
"Jan 25, 06:00 am",0,0.209888
"Jan 25, 07:00 am",0,0.209888
"Jan 25, 08:00 am",2115.28,1.20245
"Jan 25, 09:00 am",2590.94,1.25933
"Jan 25, 10:00 am",2592.25,1.25933
"Jan 25, 11:00 am",2590.66,1.25933
"Jan 25, 12:00 pm",2590.67,1.25933
"Jan 25, 01:00 pm",2590.67,1.25933
"Jan 25, 02:00 pm",2590.68,1.25933
"Jan 25, 03:00 pm",2590.67,1.25933
"Jan 25, 04:00 pm",2591.68,1.25933
"Jan 25, 05:00 pm",2592.95,1.25933
"Jan 25, 06:00 pm",2250.94,1.0945
"Jan 25, 07:00 pm",14.3676,0.209888
"Jan 25, 08:00 pm",0,0.209888
"Jan 25, 09:00 pm",0,0.209888
"Jan 25, 10:00 pm",0,0.209888
"Jan 25, 11:00 pm",0,0.209888
"Jan 26, 12:00 am",0,0.209888
"Jan 26, 01:00 am",0,0.209888
"Jan 26, 02:00 am",0,0.209888
"Jan 26, 03:00 am",0,0.209888
"Jan 26, 04:00 am",0,0.209888
"Jan 26, 05:00 am",0,0.209888
"Jan 26, 06:00 am",0,0.209888
"Jan 26, 07:00 am",0,0.209888
"Jan 26, 08:00 am",1752.8,1.18918
"Jan 26, 09:00 am",2591.5,1.25933
"Jan 26, 10:00 am",2592.49,1.25933
"Jan 26, 11:00 am",2590.68,1.25933
"Jan 26, 12:00 pm",2590.68,1.25933
"Jan 26, 01:00 pm",2590.74,1.25933
"Jan 26, 02:00 pm",2590.75,1.25933
"Jan 26, 03:00 pm",2590.74,1.25933
"Jan 26, 04:00 pm",2591.84,1.25933
"Jan 26, 05:00 pm",2592.89,1.25933
"Jan 26, 06:00 pm",2230.91,1.08466
"Jan 26, 07:00 pm",14.4957,0.209888
"Jan 26, 08:00 pm",0,0.209888
"Jan 26, 09:00 pm",0,0.209888
"Jan 26, 10:00 pm",0,0.209888
"Jan 26, 11:00 pm",0,0.209888
"Jan 27, 12:00 am",0,0.209888
"Jan 27, 01:00 am",0,0.209888
"Jan 27, 02:00 am",0,0.209888
"Jan 27, 03:00 am",0,0.209888
"Jan 27, 04:00 am",0,0.209888
"Jan 27, 05:00 am",0,0.209888
"Jan 27, 06:00 am",0,0.209888
"Jan 27, 07:00 am",0,0.209888
"Jan 27, 08:00 am",1722.35,1.17659
"Jan 27, 09:00 am",2590.96,1.25933
"Jan 27, 10:00 am",2592.34,1.25933
"Jan 27, 11:00 am",2590.67,1.25933
"Jan 27, 12:00 pm",2590.69,1.25933
"Jan 27, 01:00 pm",2590.75,1.25933
"Jan 27, 02:00 pm",2590.76,1.25933
"Jan 27, 03:00 pm",2590.75,1.25933
"Jan 27, 04:00 pm",2591.75,1.25933
"Jan 27, 05:00 pm",2592.97,1.25933
"Jan 27, 06:00 pm",2201.19,1.07004
"Jan 27, 07:00 pm",14.5315,0.209888
"Jan 27, 08:00 pm",0,0.209888
"Jan 27, 09:00 pm",0,0.209888
"Jan 27, 10:00 pm",0,0.209888
"Jan 27, 11:00 pm",0,0.209888
"Jan 28, 12:00 am",0,0.209888
"Jan 28, 01:00 am",0,0.209888
"Jan 28, 02:00 am",0,0.209888
"Jan 28, 03:00 am",0,0.209888
"Jan 28, 04:00 am",0,0.209888
"Jan 28, 05:00 am",0,0.209888
"Jan 28, 06:00 am",0,0.209888
"Jan 28, 07:00 am",0,0.209888
"Jan 28, 08:00 am",1723.66,1.18347
"Jan 28, 09:00 am",2593.16,1.25933
"Jan 28, 10:00 am",2592.77,1.25933
"Jan 28, 11:00 am",2590.72,1.25933
"Jan 28, 12:00 pm",2590.68,1.25933
"Jan 28, 01:00 pm",255.406,0.209888
"Jan 28, 02:00 pm",191.035,0.209888
"Jan 28, 03:00 pm",42.2371,0.209888
"Jan 28, 04:00 pm",2590.31,1.25933
"Jan 28, 05:00 pm",18.7192,0.209888
"Jan 28, 06:00 pm",1787.84,1.02367
"Jan 28, 07:00 pm",14.2565,0.209888
"Jan 28, 08:00 pm",0,0.209888
"Jan 28, 09:00 pm",0,0.209888
"Jan 28, 10:00 pm",0,0.209888
"Jan 28, 11:00 pm",0,0.209888
"Jan 29, 12:00 am",0,0.209888
"Jan 29, 01:00 am",0,0.209888
"Jan 29, 02:00 am",0,0.209888
"Jan 29, 03:00 am",0,0.209888
"Jan 29, 04:00 am",0,0.209888
"Jan 29, 05:00 am",0,0.209888
"Jan 29, 06:00 am",0,0.209888
"Jan 29, 07:00 am",0,0.209888
"Jan 29, 08:00 am",1740.96,0.9095
"Jan 29, 09:00 am",2593.14,1.25933
"Jan 29, 10:00 am",2592.82,1.25933
"Jan 29, 11:00 am",2590.74,1.25933
"Jan 29, 12:00 pm",2590.68,1.25933
"Jan 29, 01:00 pm",2590.75,1.25933
"Jan 29, 02:00 pm",2590.77,1.25933
"Jan 29, 03:00 pm",2590.76,1.25933
"Jan 29, 04:00 pm",2592.02,1.25933
"Jan 29, 05:00 pm",2592.81,1.25933
"Jan 29, 06:00 pm",2165.64,1.05258
"Jan 29, 07:00 pm",14.4506,0.209888
"Jan 29, 08:00 pm",0,0.209888
"Jan 29, 09:00 pm",0,0.209888
"Jan 29, 10:00 pm",0,0.209888
"Jan 29, 11:00 pm",0,0.209888
"Jan 30, 12:00 am",0,0.209888
"Jan 30, 01:00 am",0,0.209888
"Jan 30, 02:00 am",0,0.209888
"Jan 30, 03:00 am",0,0.209888
"Jan 30, 04:00 am",0,0.209888
"Jan 30, 05:00 am",0,0.209888
"Jan 30, 06:00 am",0,0.209888
"Jan 30, 07:00 am",0,0.209888
"Jan 30, 08:00 am",1708.75,1.17707
"Jan 30, 09:00 am",2590.29,1.25933
"Jan 30, 10:00 am",2592.74,1.25933
"Jan 30, 11:00 am",2590.78,1.25933
"Jan 30, 12:00 pm",2590.72,1.25933
"Jan 30, 01:00 pm",2590.79,1.25933
"Jan 30, 02:00 pm",2590.79,1.25933
"Jan 30, 03:00 pm",2590.78,1.25933
"Jan 30, 04:00 pm",2591.94,1.25933
"Jan 30, 05:00 pm",2592.94,1.25933
"Jan 30, 06:00 pm",2131.85,1.03593
"Jan 30, 07:00 pm",14.5791,0.209888
"Jan 30, 08:00 pm",0,0.209888
"Jan 30, 09:00 pm",0,0.209888
"Jan 30, 10:00 pm",0,0.209888
"Jan 30, 11:00 pm",0,0.209888
"Jan 31, 12:00 am",0,0.209888
"Jan 31, 01:00 am",0,0.209888
"Jan 31, 02:00 am",0,0.209888
"Jan 31, 03:00 am",0,0.209888
"Jan 31, 04:00 am",0,0.209888
"Jan 31, 05:00 am",0,0.209888
"Jan 31, 06:00 am",0,0.209888
"Jan 31, 07:00 am",0,0.209888
"Jan 31, 08:00 am",1677.52,1.15609
"Jan 31, 09:00 am",2591.05,1.25933
"Jan 31, 10:00 am",2592.45,1.25933
"Jan 31, 11:00 am",2590.71,1.25933
"Jan 31, 12:00 pm",2590.73,1.25933
"Jan 31, 01:00 pm",2590.77,1.25933
"Jan 31, 02:00 pm",2590.76,1.25933
"Jan 31, 03:00 pm",2590.75,1.25933
"Jan 31, 04:00 pm",2591.79,1.25933
"Jan 31, 05:00 pm",2593.03,1.25933
"Jan 31, 06:00 pm",2084.86,1.01281
"Jan 31, 07:00 pm",14.6533,0.209888
"Jan 31, 08:00 pm",0,0.209888
"Jan 31, 09:00 pm",0,0.209888
"Jan 31, 10:00 pm",0,0.209888
"Jan 31, 11:00 pm",0,0.209888
"Feb 1, 12:00 am",0,0.209888
"Feb 1, 01:00 am",0,0.209888
"Feb 1, 02:00 am",0,0.209888
"Feb 1, 03:00 am",0,0.209888
"Feb 1, 04:00 am",0,0.209888
"Feb 1, 05:00 am",0,0.209888
"Feb 1, 06:00 am",0,0.209888
"Feb 1, 07:00 am",0,0.209888
"Feb 1, 08:00 am",0,0.209888
"Feb 1, 09:00 am",1784.14,0.9095
"Feb 1, 10:00 am",2592.32,1.25933
"Feb 1, 11:00 am",2590.7,1.25933
"Feb 1, 12:00 pm",2590.72,1.25933
"Feb 1, 01:00 pm",2590.73,1.25933
"Feb 1, 02:00 pm",2590.73,1.25933
"Feb 1, 03:00 pm",22.0438,0.209888
"Feb 1, 04:00 pm",2586.37,1.25933
"Feb 1, 05:00 pm",2592.91,1.25933
"Feb 1, 06:00 pm",2073.09,1.00705
"Feb 1, 07:00 pm",14.7418,0.209888
"Feb 1, 08:00 pm",0,0.209888
"Feb 1, 09:00 pm",0,0.209888
"Feb 1, 10:00 pm",0,0.209888
"Feb 1, 11:00 pm",0,0.209888
"Feb 2, 12:00 am",0,0.209888
"Feb 2, 01:00 am",0,0.209888
"Feb 2, 02:00 am",0,0.209888
"Feb 2, 03:00 am",0,0.209888
"Feb 2, 04:00 am",0,0.209888
"Feb 2, 05:00 am",0,0.209888
"Feb 2, 06:00 am",0,0.209888
"Feb 2, 07:00 am",0,0.209888
"Feb 2, 08:00 am",1756.93,0.9095
"Feb 2, 09:00 am",2591.03,1.25933
"Feb 2, 10:00 am",2592.72,1.25933
"Feb 2, 11:00 am",2590.8,1.25933
"Feb 2, 12:00 pm",2590.75,1.25933
"Feb 2, 01:00 pm",2590.76,1.25933
"Feb 2, 02:00 pm",2590.75,1.25933
"Feb 2, 03:00 pm",2590.74,1.25933
"Feb 2, 04:00 pm",2592.26,1.25933
"Feb 2, 05:00 pm",2592.75,1.25933
"Feb 2, 06:00 pm",2054.49,0.997935
"Feb 2, 07:00 pm",14.7406,0.209888
"Feb 2, 08:00 pm",0,0.209888
"Feb 2, 09:00 pm",0,0.209888
"Feb 2, 10:00 pm",0,0.209888
"Feb 2, 11:00 pm",0,0.209888
"Feb 3, 12:00 am",0,0.209888
"Feb 3, 01:00 am",0,0.209888
"Feb 3, 02:00 am",0,0.209888
"Feb 3, 03:00 am",0,0.209888
"Feb 3, 04:00 am",0,0.209888
"Feb 3, 05:00 am",0,0.209888
"Feb 3, 06:00 am",0,0.209888
"Feb 3, 07:00 am",0,0.209888
"Feb 3, 08:00 am",2512.06,1.21528
"Feb 3, 09:00 am",2590.9,1.25933
"Feb 3, 10:00 am",2592.72,1.25933
"Feb 3, 11:00 am",2590.79,1.25933
"Feb 3, 12:00 pm",2590.73,1.25933
"Feb 3, 01:00 pm",2590.74,1.25933
"Feb 3, 02:00 pm",2590.74,1.25933
"Feb 3, 03:00 pm",2590.73,1.25933
"Feb 3, 04:00 pm",2592.14,1.25933
"Feb 3, 05:00 pm",2592.86,1.25933
"Feb 3, 06:00 pm",2020.74,0.981334
"Feb 3, 07:00 pm",14.7543,0.209888
"Feb 3, 08:00 pm",0,0.209888
"Feb 3, 09:00 pm",0,0.209888
"Feb 3, 10:00 pm",0,0.209888
"Feb 3, 11:00 pm",0,0.209888
"Feb 4, 12:00 am",0,0.209888
"Feb 4, 01:00 am",0,0.209888
"Feb 4, 02:00 am",0,0.209888
"Feb 4, 03:00 am",0,0.209888
"Feb 4, 04:00 am",0,0.209888
"Feb 4, 05:00 am",0,0.209888
"Feb 4, 06:00 am",0,0.209888
"Feb 4, 07:00 am",0,0.209888
"Feb 4, 08:00 am",2506.11,1.21358
"Feb 4, 09:00 am",2589.03,1.25933
"Feb 4, 10:00 am",2592.76,1.25933
"Feb 4, 11:00 am",2590.78,1.25933
"Feb 4, 12:00 pm",2590.71,1.25933
"Feb 4, 01:00 pm",2590.8,1.25933
"Feb 4, 02:00 pm",2590.81,1.25933
"Feb 4, 03:00 pm",2590.8,1.25933
"Feb 4, 04:00 pm",2592.04,1.25933
"Feb 4, 05:00 pm",2592.97,1.25933
"Feb 4, 06:00 pm",1966.62,0.956042
"Feb 4, 07:00 pm",14.5175,0.209888
"Feb 4, 08:00 pm",0,0.209888
"Feb 4, 09:00 pm",0,0.209888
"Feb 4, 10:00 pm",0,0.209888
"Feb 4, 11:00 pm",0,0.209888
"Feb 5, 12:00 am",0,0.209888
"Feb 5, 01:00 am",0,0.209888
"Feb 5, 02:00 am",0,0.209888
"Feb 5, 03:00 am",0,0.209888
"Feb 5, 04:00 am",0,0.209888
"Feb 5, 05:00 am",0,0.209888
"Feb 5, 06:00 am",0,0.209888
"Feb 5, 07:00 am",0,0.209888
"Feb 5, 08:00 am",2486.5,1.20379
"Feb 5, 09:00 am",2590.8,1.25933
"Feb 5, 10:00 am",2592.65,1.25933
"Feb 5, 11:00 am",2590.76,1.25933
"Feb 5, 12:00 pm",2590.72,1.25933
"Feb 5, 01:00 pm",2590.78,1.25933
"Feb 5, 02:00 pm",2590.79,1.25933
"Feb 5, 03:00 pm",2590.78,1.25933
"Feb 5, 04:00 pm",2591.93,1.25933
"Feb 5, 05:00 pm",2593.01,1.25933
"Feb 5, 06:00 pm",1920.2,0.933468
"Feb 5, 07:00 pm",14.5073,0.209888
"Feb 5, 08:00 pm",0,0.209888
"Feb 5, 09:00 pm",0,0.209888
"Feb 5, 10:00 pm",0,0.209888
"Feb 5, 11:00 pm",0,0.209888
"Feb 6, 12:00 am",0,0.209888
"Feb 6, 01:00 am",0,0.209888
"Feb 6, 02:00 am",0,0.209888
"Feb 6, 03:00 am",0,0.209888
"Feb 6, 04:00 am",0,0.209888
"Feb 6, 05:00 am",0,0.209888
"Feb 6, 06:00 am",0,0.209888
"Feb 6, 07:00 am",0,0.209888
"Feb 6, 08:00 am",2397.2,1.16596
"Feb 6, 09:00 am",2591.61,1.25933
"Feb 6, 10:00 am",2592.48,1.25933
"Feb 6, 11:00 am",2590.72,1.25933
"Feb 6, 12:00 pm",2590.73,1.25933
"Feb 6, 01:00 pm",2590.8,1.25933
"Feb 6, 02:00 pm",2590.79,1.25933
"Feb 6, 03:00 pm",2590.78,1.25933
"Feb 6, 04:00 pm",2592.05,1.25933
"Feb 6, 05:00 pm",2592.95,1.25933
"Feb 6, 06:00 pm",1894.28,0.92087
"Feb 6, 07:00 pm",14.3694,0.209888
"Feb 6, 08:00 pm",0,0.209888
"Feb 6, 09:00 pm",0,0.209888
"Feb 6, 10:00 pm",0,0.209888
"Feb 6, 11:00 pm",0,0.209888
"Feb 7, 12:00 am",0,0.209888
"Feb 7, 01:00 am",0,0.209888
"Feb 7, 02:00 am",0,0.209888
"Feb 7, 03:00 am",0,0.209888
"Feb 7, 04:00 am",0,0.209888
"Feb 7, 05:00 am",0,0.209888
"Feb 7, 06:00 am",0,0.209888
"Feb 7, 07:00 am",0,0.209888
"Feb 7, 08:00 am",2369.8,1.15267
"Feb 7, 09:00 am",2591.83,1.25933
"Feb 7, 10:00 am",2592.35,1.25933
"Feb 7, 11:00 am",2590.7,1.25933
"Feb 7, 12:00 pm",2590.72,1.25933
"Feb 7, 01:00 pm",2590.78,1.25933
"Feb 7, 02:00 pm",2590.78,1.25933
"Feb 7, 03:00 pm",2590.77,1.25933
"Feb 7, 04:00 pm",2591.76,1.25933
"Feb 7, 05:00 pm",2593.11,1.25933
"Feb 7, 06:00 pm",1836.45,0.892726
"Feb 7, 07:00 pm",14.4156,0.209888
"Feb 7, 08:00 pm",0,0.209888
"Feb 7, 09:00 pm",0,0.209888
"Feb 7, 10:00 pm",0,0.209888
"Feb 7, 11:00 pm",0,0.209888
"Feb 8, 12:00 am",0,0.209888
"Feb 8, 01:00 am",0,0.209888
"Feb 8, 02:00 am",0,0.209888
"Feb 8, 03:00 am",0,0.209888
"Feb 8, 04:00 am",0,0.209888
"Feb 8, 05:00 am",0,0.209888
"Feb 8, 06:00 am",0,0.209888
"Feb 8, 07:00 am",0,0.209888
"Feb 8, 08:00 am",2383.83,1.15948
"Feb 8, 09:00 am",2591.42,1.25933
"Feb 8, 10:00 am",2592.58,1.25933
"Feb 8, 11:00 am",2590.75,1.25933
"Feb 8, 12:00 pm",2590.74,1.25933
"Feb 8, 01:00 pm",2590.81,1.25933
"Feb 8, 02:00 pm",2590.8,1.25933
"Feb 8, 03:00 pm",2590.78,1.25933
"Feb 8, 04:00 pm",2591.84,1.25933
"Feb 8, 05:00 pm",2593.1,1.25933
"Feb 8, 06:00 pm",1791.74,0.870987
"Feb 8, 07:00 pm",14.385,0.209888
"Feb 8, 08:00 pm",0,0.209888
"Feb 8, 09:00 pm",0,0.209888
"Feb 8, 10:00 pm",0,0.209888
"Feb 8, 11:00 pm",0,0.209888
"Feb 9, 12:00 am",0,0.209888
"Feb 9, 01:00 am",0,0.209888
"Feb 9, 02:00 am",0,0.209888
"Feb 9, 03:00 am",0,0.209888
"Feb 9, 04:00 am",0,0.209888
"Feb 9, 05:00 am",0,0.209888
"Feb 9, 06:00 am",0,0.209888
"Feb 9, 07:00 am",0,0.209888
"Feb 9, 08:00 am",1945.59,1.10251
"Feb 9, 09:00 am",2592.41,1.25933
"Feb 9, 10:00 am",2592.16,1.25933
"Feb 9, 11:00 am",2590.73,1.25933
"Feb 9, 12:00 pm",2590.75,1.25933
"Feb 9, 01:00 pm",2590.8,1.25933
"Feb 9, 02:00 pm",2590.79,1.25933
"Feb 9, 03:00 pm",2590.78,1.25933
"Feb 9, 04:00 pm",2591.76,1.25933
"Feb 9, 05:00 pm",2593.15,1.25933
"Feb 9, 06:00 pm",1741.47,0.846517
"Feb 9, 07:00 pm",14.5335,0.209888
"Feb 9, 08:00 pm",0,0.209888
"Feb 9, 09:00 pm",0,0.209888
"Feb 9, 10:00 pm",0,0.209888
"Feb 9, 11:00 pm",0,0.209888
"Feb 10, 12:00 am",0,0.209888
"Feb 10, 01:00 am",0,0.209888
"Feb 10, 02:00 am",0,0.209888
"Feb 10, 03:00 am",0,0.209888
"Feb 10, 04:00 am",0,0.209888
"Feb 10, 05:00 am",0,0.209888
"Feb 10, 06:00 am",0,0.209888
"Feb 10, 07:00 am",0,0.209888
"Feb 10, 08:00 am",1894.96,1.07641
"Feb 10, 09:00 am",2592.7,1.25933
"Feb 10, 10:00 am",2591.99,1.25933
"Feb 10, 11:00 am",2590.71,1.25933
"Feb 10, 12:00 pm",2590.72,1.25933
"Feb 10, 01:00 pm",2590.74,1.25933
"Feb 10, 02:00 pm",2590.75,1.25933
"Feb 10, 03:00 pm",2593.64,1.25933
"Feb 10, 04:00 pm",2592,1.25933
"Feb 10, 05:00 pm",2593.16,1.25933
"Feb 10, 06:00 pm",1691.61,0.822252
"Feb 10, 07:00 pm",14.4983,0.209888
"Feb 10, 08:00 pm",0,0.209888
"Feb 10, 09:00 pm",0,0.209888
"Feb 10, 10:00 pm",0,0.209888
"Feb 10, 11:00 pm",0,0.209888
"Feb 11, 12:00 am",0,0.209888
"Feb 11, 01:00 am",0,0.209888
"Feb 11, 02:00 am",0,0.209888
"Feb 11, 03:00 am",0,0.209888
"Feb 11, 04:00 am",0,0.209888
"Feb 11, 05:00 am",0,0.209888
"Feb 11, 06:00 am",0,0.209888
"Feb 11, 07:00 am",0,0.209888
"Feb 11, 08:00 am",1847.41,1.0497
"Feb 11, 09:00 am",2592.9,1.25933
"Feb 11, 10:00 am",2591.69,1.25933
"Feb 11, 11:00 am",2593.23,1.25933
"Feb 11, 12:00 pm",2590.88,1.25933
"Feb 11, 01:00 pm",2590.68,1.25933
"Feb 11, 02:00 pm",2593.65,1.25933
"Feb 11, 03:00 pm",2593.28,1.25933
"Feb 11, 04:00 pm",2591.42,1.25933
"Feb 11, 05:00 pm",2593.17,1.25933
"Feb 11, 06:00 pm",1607.53,0.781335
"Feb 11, 07:00 pm",14.2335,0.209888
"Feb 11, 08:00 pm",0,0.209888
"Feb 11, 09:00 pm",0,0.209888
"Feb 11, 10:00 pm",0,0.209888
"Feb 11, 11:00 pm",0,0.209888
"Feb 12, 12:00 am",0,0.209888
"Feb 12, 01:00 am",0,0.209888
"Feb 12, 02:00 am",0,0.209888
"Feb 12, 03:00 am",0,0.209888
"Feb 12, 04:00 am",0,0.209888
"Feb 12, 05:00 am",0,0.209888
"Feb 12, 06:00 am",0,0.209888
"Feb 12, 07:00 am",0,0.209888
"Feb 12, 08:00 am",1766.59,1.0044
"Feb 12, 09:00 am",2592.97,1.25933
"Feb 12, 10:00 am",2591.35,1.25933
"Feb 12, 11:00 am",2592.6,1.25933
"Feb 12, 12:00 pm",2593.21,1.25933
"Feb 12, 01:00 pm",2590.89,1.25933
"Feb 12, 02:00 pm",2593.09,1.25933
"Feb 12, 03:00 pm",2592.7,1.25933
"Feb 12, 04:00 pm",2591.09,1.25933
"Feb 12, 05:00 pm",2593.14,1.25933
"Feb 12, 06:00 pm",1525.21,0.741271
"Feb 12, 07:00 pm",14.1729,0.209888
"Feb 12, 08:00 pm",0,0.209888
"Feb 12, 09:00 pm",0,0.209888
"Feb 12, 10:00 pm",0,0.209888
"Feb 12, 11:00 pm",0,0.209888
"Feb 13, 12:00 am",0,0.209888
"Feb 13, 01:00 am",0,0.209888
"Feb 13, 02:00 am",0,0.209888
"Feb 13, 03:00 am",0,0.209888
"Feb 13, 04:00 am",0,0.209888
"Feb 13, 05:00 am",0,0.209888
"Feb 13, 06:00 am",0,0.209888
"Feb 13, 07:00 am",0,0.209888
"Feb 13, 08:00 am",1790.45,1.01795
"Feb 13, 09:00 am",2592.9,1.25933
"Feb 13, 10:00 am",2591.48,1.25933
"Feb 13, 11:00 am",2592.89,1.25933
"Feb 13, 12:00 pm",2593.56,1.25933
"Feb 13, 01:00 pm",2590.96,1.25933
"Feb 13, 02:00 pm",2593.25,1.25933
"Feb 13, 03:00 pm",2592.84,1.25933
"Feb 13, 04:00 pm",2591.13,1.25933
"Feb 13, 05:00 pm",2593.13,1.25933
"Feb 13, 06:00 pm",1475.53,0.717101
"Feb 13, 07:00 pm",14.2332,0.209888
"Feb 13, 08:00 pm",0,0.209888
"Feb 13, 09:00 pm",0,0.209888
"Feb 13, 10:00 pm",0,0.209888
"Feb 13, 11:00 pm",0,0.209888
"Feb 14, 12:00 am",0,0.209888
"Feb 14, 01:00 am",0,0.209888
"Feb 14, 02:00 am",0,0.209888
"Feb 14, 03:00 am",0,0.209888
"Feb 14, 04:00 am",0,0.209888
"Feb 14, 05:00 am",0,0.209888
"Feb 14, 06:00 am",0,0.209888
"Feb 14, 07:00 am",0,0.209888
"Feb 14, 08:00 am",1764.79,1.00369
"Feb 14, 09:00 am",2592.91,1.25933
"Feb 14, 10:00 am",2591.46,1.25933
"Feb 14, 11:00 am",2592.9,1.25933
"Feb 14, 12:00 pm",2593.59,1.25933
"Feb 14, 01:00 pm",2590.99,1.25933
"Feb 14, 02:00 pm",2593.32,1.25933
"Feb 14, 03:00 pm",2592.9,1.25933
"Feb 14, 04:00 pm",2591.15,1.25933
"Feb 14, 05:00 pm",2593.13,1.25933
"Feb 14, 06:00 pm",1429.95,0.694924
"Feb 14, 07:00 pm",14.2647,0.209888
"Feb 14, 08:00 pm",0,0.209888
"Feb 14, 09:00 pm",0,0.209888
"Feb 14, 10:00 pm",0,0.209888
"Feb 14, 11:00 pm",0,0.209888
"Feb 15, 12:00 am",0,0.209888
"Feb 15, 01:00 am",0,0.209888
"Feb 15, 02:00 am",0,0.209888
"Feb 15, 03:00 am",0,0.209888
"Feb 15, 04:00 am",0,0.209888
"Feb 15, 05:00 am",0,0.209888
"Feb 15, 06:00 am",0,0.209888
"Feb 15, 07:00 am",0,0.209888
"Feb 15, 08:00 am",1722.5,0.980232
"Feb 15, 09:00 am",2593.03,1.25933
"Feb 15, 10:00 am",2591.29,1.25933
"Feb 15, 11:00 am",2592.48,1.25933
"Feb 15, 12:00 pm",2592.98,1.25933
"Feb 15, 01:00 pm",2590.82,1.25933
"Feb 15, 02:00 pm",2592.78,1.25933
"Feb 15, 03:00 pm",2592.28,1.25933
"Feb 15, 04:00 pm",2590.9,1.25933
"Feb 15, 05:00 pm",2592.94,1.25933
"Feb 15, 06:00 pm",1360.04,0.660932
"Feb 15, 07:00 pm",14.2024,0.209888
"Feb 15, 08:00 pm",0,0.209888
"Feb 15, 09:00 pm",0,0.209888
"Feb 15, 10:00 pm",0,0.209888
"Feb 15, 11:00 pm",0,0.209888
"Feb 16, 12:00 am",0,0.209888
"Feb 16, 01:00 am",0,0.209888
"Feb 16, 02:00 am",0,0.209888
"Feb 16, 03:00 am",0,0.209888
"Feb 16, 04:00 am",0,0.209888
"Feb 16, 05:00 am",0,0.209888
"Feb 16, 06:00 am",0,0.209888
"Feb 16, 07:00 am",0,0.209888
"Feb 16, 08:00 am",1664.41,0.948098
"Feb 16, 09:00 am",2593.12,1.25933
"Feb 16, 10:00 am",2591.1,1.25933
"Feb 16, 11:00 am",2592.01,1.25933
"Feb 16, 12:00 pm",2592.58,1.25933
"Feb 16, 01:00 pm",2593.44,1.25933
"Feb 16, 02:00 pm",2592.79,1.25933
"Feb 16, 03:00 pm",2592.03,1.25933
"Feb 16, 04:00 pm",2590.86,1.25933
"Feb 16, 05:00 pm",2592.92,1.25933
"Feb 16, 06:00 pm",1304.61,0.633958
"Feb 16, 07:00 pm",14.2835,0.209888
"Feb 16, 08:00 pm",0,0.209888
"Feb 16, 09:00 pm",0,0.209888
"Feb 16, 10:00 pm",0,0.209888
"Feb 16, 11:00 pm",0,0.209888
"Feb 17, 12:00 am",0,0.209888
"Feb 17, 01:00 am",0,0.209888
"Feb 17, 02:00 am",0,0.209888
"Feb 17, 03:00 am",0,0.209888
"Feb 17, 04:00 am",0,0.209888
"Feb 17, 05:00 am",0,0.209888
"Feb 17, 06:00 am",0,0.209888
"Feb 17, 07:00 am",0,0.209888
"Feb 17, 08:00 am",1696.15,0.966144
"Feb 17, 09:00 am",2593.08,1.25933
"Feb 17, 10:00 am",2591.36,1.25933
"Feb 17, 11:00 am",2592.69,1.25933
"Feb 17, 12:00 pm",2593.24,1.25933
"Feb 17, 01:00 pm",2590.88,1.25933
"Feb 17, 02:00 pm",2592.94,1.25933
"Feb 17, 03:00 pm",2592.53,1.25933
"Feb 17, 04:00 pm",2590.97,1.25933
"Feb 17, 05:00 pm",2593,1.25933
"Feb 17, 06:00 pm",1274.35,0.619227
"Feb 17, 07:00 pm",14.2904,0.209888
"Feb 17, 08:00 pm",0,0.209888
"Feb 17, 09:00 pm",0,0.209888
"Feb 17, 10:00 pm",0,0.209888
"Feb 17, 11:00 pm",0,0.209888
"Feb 18, 12:00 am",0,0.209888
"Feb 18, 01:00 am",0,0.209888
"Feb 18, 02:00 am",0,0.209888
"Feb 18, 03:00 am",0,0.209888
"Feb 18, 04:00 am",0,0.209888
"Feb 18, 05:00 am",0,0.209888
"Feb 18, 06:00 am",0,0.209888
"Feb 18, 07:00 am",0,0.209888
"Feb 18, 08:00 am",1695.31,0.965643
"Feb 18, 09:00 am",2593.1,1.25933
"Feb 18, 10:00 am",2591.37,1.25933
"Feb 18, 11:00 am",2592.6,1.25933
"Feb 18, 12:00 pm",2593.07,1.25933
"Feb 18, 01:00 pm",2590.83,1.25933
"Feb 18, 02:00 pm",2592.75,1.25933
"Feb 18, 03:00 pm",2592.26,1.25933
"Feb 18, 04:00 pm",2590.87,1.25933
"Feb 18, 05:00 pm",2592.88,1.25933
"Feb 18, 06:00 pm",1221.47,0.593522
"Feb 18, 07:00 pm",14.1947,0.209888
"Feb 18, 08:00 pm",0,0.209888
"Feb 18, 09:00 pm",0,0.209888
"Feb 18, 10:00 pm",0,0.209888
"Feb 18, 11:00 pm",0,0.209888
"Feb 19, 12:00 am",0,0.209888
"Feb 19, 01:00 am",0,0.209888
"Feb 19, 02:00 am",0,0.209888
"Feb 19, 03:00 am",0,0.209888
"Feb 19, 04:00 am",0,0.209888
"Feb 19, 05:00 am",0,0.209888
"Feb 19, 06:00 am",0,0.209888
"Feb 19, 07:00 am",0,0.209888
"Feb 19, 08:00 am",1376.61,0.943719
"Feb 19, 09:00 am",2593.16,1.25933
"Feb 19, 10:00 am",2591.36,1.25933
"Feb 19, 11:00 am",2592.6,1.25933
"Feb 19, 12:00 pm",2593.1,1.25933
"Feb 19, 01:00 pm",2590.85,1.25933
"Feb 19, 02:00 pm",2592.83,1.25933
"Feb 19, 03:00 pm",2592.34,1.25933
"Feb 19, 04:00 pm",2590.92,1.25933
"Feb 19, 05:00 pm",2592.9,1.25933
"Feb 19, 06:00 pm",1174.06,0.570994
"Feb 19, 07:00 pm",14.0266,0.209888
"Feb 19, 08:00 pm",0,0.209888
"Feb 19, 09:00 pm",0,0.209888
"Feb 19, 10:00 pm",0,0.209888
"Feb 19, 11:00 pm",0,0.209888
"Feb 20, 12:00 am",0,0.209888
"Feb 20, 01:00 am",0,0.209888
"Feb 20, 02:00 am",0,0.209888
"Feb 20, 03:00 am",0,0.209888
"Feb 20, 04:00 am",0,0.209888
"Feb 20, 05:00 am",0,0.209888
"Feb 20, 06:00 am",0,0.209888
"Feb 20, 07:00 am",0,0.209888
"Feb 20, 08:00 am",1319.31,0.915491
"Feb 20, 09:00 am",2592.84,1.25933
"Feb 20, 10:00 am",2591.21,1.25933
"Feb 20, 11:00 am",2592.25,1.25933
"Feb 20, 12:00 pm",2592.79,1.25933
"Feb 20, 01:00 pm",2593.63,1.25933
"Feb 20, 02:00 pm",2593.01,1.25933
"Feb 20, 03:00 pm",2592.29,1.25933
"Feb 20, 04:00 pm",2590.93,1.25933
"Feb 20, 05:00 pm",2592.92,1.25933
"Feb 20, 06:00 pm",1133.71,0.551381
"Feb 20, 07:00 pm",13.89,0.209888
"Feb 20, 08:00 pm",0,0.209888
"Feb 20, 09:00 pm",0,0.209888
"Feb 20, 10:00 pm",0,0.209888
"Feb 20, 11:00 pm",0,0.209888
"Feb 21, 12:00 am",0,0.209888
"Feb 21, 01:00 am",0,0.209888
"Feb 21, 02:00 am",0,0.209888
"Feb 21, 03:00 am",0,0.209888
"Feb 21, 04:00 am",0,0.209888
"Feb 21, 05:00 am",0,0.209888
"Feb 21, 06:00 am",0,0.209888
"Feb 21, 07:00 am",0,0.209888
"Feb 21, 08:00 am",1338.22,0.92852
"Feb 21, 09:00 am",2592.86,1.25933
"Feb 21, 10:00 am",2591.44,1.25933
"Feb 21, 11:00 am",2592.79,1.25933
"Feb 21, 12:00 pm",2593.41,1.25933
"Feb 21, 01:00 pm",2590.94,1.25933
"Feb 21, 02:00 pm",2593.17,1.25933
"Feb 21, 03:00 pm",2592.84,1.25933
"Feb 21, 04:00 pm",2591.16,1.25933
"Feb 21, 05:00 pm",2593.08,1.25933
"Feb 21, 06:00 pm",1111.63,0.540632
"Feb 21, 07:00 pm",13.961,0.209888
"Feb 21, 08:00 pm",0,0.209888
"Feb 21, 09:00 pm",0,0.209888
"Feb 21, 10:00 pm",0,0.209888
"Feb 21, 11:00 pm",0,0.209888
"Feb 22, 12:00 am",0,0.209888
"Feb 22, 01:00 am",0,0.209888
"Feb 22, 02:00 am",0,0.209888
"Feb 22, 03:00 am",0,0.209888
"Feb 22, 04:00 am",0,0.209888
"Feb 22, 05:00 am",0,0.209888
"Feb 22, 06:00 am",0,0.209888
"Feb 22, 07:00 am",0,0.209888
"Feb 22, 08:00 am",1348.95,0.935521
"Feb 22, 09:00 am",2592.86,1.25933
"Feb 22, 10:00 am",2591.46,1.25933
"Feb 22, 11:00 am",2592.72,1.25933
"Feb 22, 12:00 pm",2593.22,1.25933
"Feb 22, 01:00 pm",2590.88,1.25933
"Feb 22, 02:00 pm",2592.9,1.25933
"Feb 22, 03:00 pm",2592.39,1.25933
"Feb 22, 04:00 pm",2590.92,1.25933
"Feb 22, 05:00 pm",2592.81,1.25933
"Feb 22, 06:00 pm",1046.94,0.509225
"Feb 22, 07:00 pm",13.9153,0.209888
"Feb 22, 08:00 pm",0,0.209888
"Feb 22, 09:00 pm",0,0.209888
"Feb 22, 10:00 pm",0,0.209888
"Feb 22, 11:00 pm",0,0.209888
"Feb 23, 12:00 am",0,0.209888
"Feb 23, 01:00 am",0,0.209888
"Feb 23, 02:00 am",0,0.209888
"Feb 23, 03:00 am",0,0.209888
"Feb 23, 04:00 am",0,0.209888
"Feb 23, 05:00 am",0,0.209888
"Feb 23, 06:00 am",0,0.209888
"Feb 23, 07:00 am",0,0.209888
"Feb 23, 08:00 am",1284.83,0.89253
"Feb 23, 09:00 am",17.9444,0.209888
"Feb 23, 10:00 am",0,0.209888
"Feb 23, 11:00 am",0,0.209888
"Feb 23, 12:00 pm",0,0.209888
"Feb 23, 01:00 pm",0,0.209888
"Feb 23, 02:00 pm",31.2927,0.209888
"Feb 23, 03:00 pm",18.78,0.209888
"Feb 23, 04:00 pm",0,0.209888
"Feb 23, 05:00 pm",0,0.209888
"Feb 23, 06:00 pm",0,0.209888
"Feb 23, 07:00 pm",0,0.209888
"Feb 23, 08:00 pm",0,0.209888
"Feb 23, 09:00 pm",0,0.209888
"Feb 23, 10:00 pm",0,0.209888
"Feb 23, 11:00 pm",0,0.209888
"Feb 24, 12:00 am",0,0.209888
"Feb 24, 01:00 am",0,0.209888
"Feb 24, 02:00 am",0,0.209888
"Feb 24, 03:00 am",0,0.209888
"Feb 24, 04:00 am",0,0.209888
"Feb 24, 05:00 am",0,0.209888
"Feb 24, 06:00 am",0,0.209888
"Feb 24, 07:00 am",0,0.209888
"Feb 24, 08:00 am",1233.7,0.860558
"Feb 24, 09:00 am",2592.74,1.25933
"Feb 24, 10:00 am",2590.94,1.25933
"Feb 24, 11:00 am",2591.74,1.25933
"Feb 24, 12:00 pm",26.4236,0.209888
"Feb 24, 01:00 pm",24.6362,0.209888
"Feb 24, 02:00 pm",22.3501,0.209888
"Feb 24, 03:00 pm",17.7604,0.209888
"Feb 24, 04:00 pm",0,0.209888
"Feb 24, 05:00 pm",0,0.209888
"Feb 24, 06:00 pm",0,0.209888
"Feb 24, 07:00 pm",0,0.209888
"Feb 24, 08:00 pm",0,0.209888
"Feb 24, 09:00 pm",0,0.209888
"Feb 24, 10:00 pm",0,0.209888
"Feb 24, 11:00 pm",0,0.209888
"Feb 25, 12:00 am",0,0.209888
"Feb 25, 01:00 am",0,0.209888
"Feb 25, 02:00 am",0,0.209888
"Feb 25, 03:00 am",0,0.209888
"Feb 25, 04:00 am",0,0.209888
"Feb 25, 05:00 am",0,0.209888
"Feb 25, 06:00 am",0,0.209888
"Feb 25, 07:00 am",0,0.209888
"Feb 25, 08:00 am",0,0.209888
"Feb 25, 09:00 am",0,0.209888
"Feb 25, 10:00 am",0,0.209888
"Feb 25, 11:00 am",0,0.209888
"Feb 25, 12:00 pm",0,0.209888
"Feb 25, 01:00 pm",0,0.209888
"Feb 25, 02:00 pm",0,0.209888
"Feb 25, 03:00 pm",2158.88,1.25933
"Feb 25, 04:00 pm",2587.79,1.25933
"Feb 25, 05:00 pm",2592.19,1.25933
"Feb 25, 06:00 pm",867.189,0.421938
"Feb 25, 07:00 pm",13.6174,0.209888
"Feb 25, 08:00 pm",0,0.209888
"Feb 25, 09:00 pm",0,0.209888
"Feb 25, 10:00 pm",0,0.209888
"Feb 25, 11:00 pm",0,0.209888
"Feb 26, 12:00 am",0,0.209888
"Feb 26, 01:00 am",0,0.209888
"Feb 26, 02:00 am",0,0.209888
"Feb 26, 03:00 am",0,0.209888
"Feb 26, 04:00 am",0,0.209888
"Feb 26, 05:00 am",0,0.209888
"Feb 26, 06:00 am",0,0.209888
"Feb 26, 07:00 am",0,0.209888
"Feb 26, 08:00 am",1070.9,0.617642
"Feb 26, 09:00 am",2593.05,1.25933
"Feb 26, 10:00 am",2591.07,1.25933
"Feb 26, 11:00 am",2591.99,1.25933
"Feb 26, 12:00 pm",2592.53,1.25933
"Feb 26, 01:00 pm",2593.13,1.25933
"Feb 26, 02:00 pm",2592.66,1.25933
"Feb 26, 03:00 pm",2591.98,1.25933
"Feb 26, 04:00 pm",2590.85,1.25933
"Feb 26, 05:00 pm",2592.53,1.25933
"Feb 26, 06:00 pm",840.339,0.408874
"Feb 26, 07:00 pm",13.8182,0.209888
"Feb 26, 08:00 pm",0,0.209888
"Feb 26, 09:00 pm",0,0.209888
"Feb 26, 10:00 pm",0,0.209888
"Feb 26, 11:00 pm",0,0.209888
"Feb 27, 12:00 am",0,0.209888
"Feb 27, 01:00 am",0,0.209888
"Feb 27, 02:00 am",0,0.209888
"Feb 27, 03:00 am",0,0.209888
"Feb 27, 04:00 am",0,0.209888
"Feb 27, 05:00 am",0,0.209888
"Feb 27, 06:00 am",0,0.209888
"Feb 27, 07:00 am",0,0.209888
"Feb 27, 08:00 am",1084.24,0.623699
"Feb 27, 09:00 am",2593.18,1.25933
"Feb 27, 10:00 am",2591.16,1.25933
"Feb 27, 11:00 am",2592.05,1.25933
"Feb 27, 12:00 pm",2592.47,1.25933
"Feb 27, 01:00 pm",2592.92,1.25933
"Feb 27, 02:00 pm",2592.3,1.25933
"Feb 27, 03:00 pm",2591.62,1.25933
"Feb 27, 04:00 pm",19.7947,0.209888
"Feb 27, 05:00 pm",0,0.209888
"Feb 27, 06:00 pm",0,0.209888
"Feb 27, 07:00 pm",0,0.209888
"Feb 27, 08:00 pm",0,0.209888
"Feb 27, 09:00 pm",0,0.209888
"Feb 27, 10:00 pm",0,0.209888
"Feb 27, 11:00 pm",0,0.209888
"Feb 28, 12:00 am",0,0.209888
"Feb 28, 01:00 am",0,0.209888
"Feb 28, 02:00 am",0,0.209888
"Feb 28, 03:00 am",0,0.209888
"Feb 28, 04:00 am",0,0.209888
"Feb 28, 05:00 am",0,0.209888
"Feb 28, 06:00 am",0,0.209888
"Feb 28, 07:00 am",0,0.209888
"Feb 28, 08:00 am",0,0.209888
"Feb 28, 09:00 am",1764.79,0.9095
"Feb 28, 10:00 am",2590.92,1.25933
"Feb 28, 11:00 am",2591.55,1.25933
"Feb 28, 12:00 pm",2591.97,1.25933
"Feb 28, 01:00 pm",82.41,0.209888
"Feb 28, 02:00 pm",18.7106,0.209888
"Feb 28, 03:00 pm",0,0.209888
"Feb 28, 04:00 pm",2216.91,1.25933
"Feb 28, 05:00 pm",2591.93,1.25933
"Feb 28, 06:00 pm",722.156,0.351372
"Feb 28, 07:00 pm",13.6666,0.209888
"Feb 28, 08:00 pm",0,0.209888
"Feb 28, 09:00 pm",0,0.209888
"Feb 28, 10:00 pm",0,0.209888
"Feb 28, 11:00 pm",0,0.209888
"Mar 1, 12:00 am",0,0.209888
"Mar 1, 01:00 am",0,0.209888
"Mar 1, 02:00 am",0,0.209888
"Mar 1, 03:00 am",0,0.209888
"Mar 1, 04:00 am",0,0.209888
"Mar 1, 05:00 am",0,0.209888
"Mar 1, 06:00 am",0,0.209888
"Mar 1, 07:00 am",0,0.209888
"Mar 1, 08:00 am",975.848,0.57356
"Mar 1, 09:00 am",2592.78,1.25933
"Mar 1, 10:00 am",2590.87,1.25933
"Mar 1, 11:00 am",2591.62,1.25933
"Mar 1, 12:00 pm",2592.14,1.25933
"Mar 1, 01:00 pm",2592.77,1.25933
"Mar 1, 02:00 pm",2592.36,1.25933
"Mar 1, 03:00 pm",2591.77,1.25933
"Mar 1, 04:00 pm",2590.78,1.25933
"Mar 1, 05:00 pm",2592.05,1.25933
"Mar 1, 06:00 pm",689.452,0.335583
"Mar 1, 07:00 pm",13.7058,0.209888
"Mar 1, 08:00 pm",0,0.209888
"Mar 1, 09:00 pm",0,0.209888
"Mar 1, 10:00 pm",0,0.209888
"Mar 1, 11:00 pm",0,0.209888
"Mar 2, 12:00 am",0,0.209888
"Mar 2, 01:00 am",0,0.209888
"Mar 2, 02:00 am",0,0.209888
"Mar 2, 03:00 am",0,0.209888
"Mar 2, 04:00 am",0,0.209888
"Mar 2, 05:00 am",0,0.209888
"Mar 2, 06:00 am",0,0.209888
"Mar 2, 07:00 am",0,0.209888
"Mar 2, 08:00 am",954.872,0.563769
"Mar 2, 09:00 am",2592.71,1.25933
"Mar 2, 10:00 am",2590.78,1.25933
"Mar 2, 11:00 am",2591.43,1.25933
"Mar 2, 12:00 pm",2591.78,1.25933
"Mar 2, 01:00 pm",2592.28,1.25933
"Mar 2, 02:00 pm",2591.72,1.25933
"Mar 2, 03:00 pm",2591.38,1.25933
"Mar 2, 04:00 pm",2588.81,1.25933
"Mar 2, 05:00 pm",2591.46,1.25933
"Mar 2, 06:00 pm",634.084,0.308661
"Mar 2, 07:00 pm",13.7841,0.209888
"Mar 2, 08:00 pm",0,0.209888
"Mar 2, 09:00 pm",0,0.209888
"Mar 2, 10:00 pm",0,0.209888
"Mar 2, 11:00 pm",0,0.209888
"Mar 3, 12:00 am",0,0.209888
"Mar 3, 01:00 am",0,0.209888
"Mar 3, 02:00 am",0,0.209888
"Mar 3, 03:00 am",0,0.209888
"Mar 3, 04:00 am",0,0.209888
"Mar 3, 05:00 am",0,0.209888
"Mar 3, 06:00 am",0,0.209888
"Mar 3, 07:00 am",0,0.209888
"Mar 3, 08:00 am",916.353,0.545716
"Mar 3, 09:00 am",2592.51,1.25933
"Mar 3, 10:00 am",2588.19,1.25933
"Mar 3, 11:00 am",2591.25,1.25933
"Mar 3, 12:00 pm",2591.56,1.25933
"Mar 3, 01:00 pm",2592,1.25933
"Mar 3, 02:00 pm",2591.55,1.25933
"Mar 3, 03:00 pm",2591.27,1.25933
"Mar 3, 04:00 pm",2589.41,1.25933
"Mar 3, 05:00 pm",2591.21,1.25933
"Mar 3, 06:00 pm",584.074,0.284465
"Mar 3, 07:00 pm",13.5763,0.209888
"Mar 3, 08:00 pm",0,0.209888
"Mar 3, 09:00 pm",0,0.209888
"Mar 3, 10:00 pm",0,0.209888
"Mar 3, 11:00 pm",0,0.209888
"Mar 4, 12:00 am",0,0.209888
"Mar 4, 01:00 am",0,0.209888
"Mar 4, 02:00 am",0,0.209888
"Mar 4, 03:00 am",0,0.209888
"Mar 4, 04:00 am",0,0.209888
"Mar 4, 05:00 am",0,0.209888
"Mar 4, 06:00 am",0,0.209888
"Mar 4, 07:00 am",0,0.209888
"Mar 4, 08:00 am",0,0.209888
"Mar 4, 09:00 am",1762.66,0.9095
"Mar 4, 10:00 am",2588.23,1.25933
"Mar 4, 11:00 am",2591.22,1.25933
"Mar 4, 12:00 pm",2591.51,1.25933
"Mar 4, 01:00 pm",2591.9,1.25933
"Mar 4, 02:00 pm",20.1629,0.209888
"Mar 4, 03:00 pm",2227.19,1.25933
"Mar 4, 04:00 pm",19.4108,0.209888
"Mar 4, 05:00 pm",2172.57,1.24927
"Mar 4, 06:00 pm",535.895,0.261089
"Mar 4, 07:00 pm",13.4412,0.209888
"Mar 4, 08:00 pm",0,0.209888
"Mar 4, 09:00 pm",0,0.209888
"Mar 4, 10:00 pm",0,0.209888
"Mar 4, 11:00 pm",0,0.209888
"Mar 5, 12:00 am",0,0.209888
"Mar 5, 01:00 am",0,0.209888
"Mar 5, 02:00 am",0,0.209888
"Mar 5, 03:00 am",0,0.209888
"Mar 5, 04:00 am",0,0.209888
"Mar 5, 05:00 am",0,0.209888
"Mar 5, 06:00 am",0,0.209888
"Mar 5, 07:00 am",0,0.209888
"Mar 5, 08:00 am",0,0.209888
"Mar 5, 09:00 am",0,0.209888
"Mar 5, 10:00 am",1787.9,0.9095
"Mar 5, 11:00 am",2590.94,1.25933
"Mar 5, 12:00 pm",19.644,0.209888
"Mar 5, 01:00 pm",2230.27,1.25933
"Mar 5, 02:00 pm",2591.45,1.25933
"Mar 5, 03:00 pm",2591.11,1.25933
"Mar 5, 04:00 pm",2590.94,1.25933
"Mar 5, 05:00 pm",2590.63,1.25933
"Mar 5, 06:00 pm",479.967,0.233899
"Mar 5, 07:00 pm",13.3383,0.209888
"Mar 5, 08:00 pm",0,0.209888
"Mar 5, 09:00 pm",0,0.209888
"Mar 5, 10:00 pm",0,0.209888
"Mar 5, 11:00 pm",0,0.209888
"Mar 6, 12:00 am",0,0.209888
"Mar 6, 01:00 am",0,0.209888
"Mar 6, 02:00 am",0,0.209888
"Mar 6, 03:00 am",0,0.209888
"Mar 6, 04:00 am",0,0.209888
"Mar 6, 05:00 am",0,0.209888
"Mar 6, 06:00 am",0,0.209888
"Mar 6, 07:00 am",0,0.209888
"Mar 6, 08:00 am",0,0.209888
"Mar 6, 09:00 am",0,0.209888
"Mar 6, 10:00 am",0,0.209888
"Mar 6, 11:00 am",2163.61,1.08441
"Mar 6, 12:00 pm",2591.24,1.25933
"Mar 6, 01:00 pm",2591.52,1.25933
"Mar 6, 02:00 pm",2591.16,1.25933
"Mar 6, 03:00 pm",2590.92,1.25933
"Mar 6, 04:00 pm",2590.9,1.25933
"Mar 6, 05:00 pm",2590.58,1.25933
"Mar 6, 06:00 pm",437.356,0.21325
"Mar 6, 07:00 pm",13.1215,0.209888
"Mar 6, 08:00 pm",0,0.209888
"Mar 6, 09:00 pm",0,0.209888
"Mar 6, 10:00 pm",0,0.209888
"Mar 6, 11:00 pm",0,0.209888
"Mar 7, 12:00 am",0,0.209888
"Mar 7, 01:00 am",0,0.209888
"Mar 7, 02:00 am",0,0.209888
"Mar 7, 03:00 am",0,0.209888
"Mar 7, 04:00 am",0,0.209888
"Mar 7, 05:00 am",0,0.209888
"Mar 7, 06:00 am",0,0.209888
"Mar 7, 07:00 am",0,0.209888
"Mar 7, 08:00 am",831.126,0.506339
"Mar 7, 09:00 am",2591.77,1.25933
"Mar 7, 10:00 am",2588.9,1.25933
"Mar 7, 11:00 am",2591.01,1.25933
"Mar 7, 12:00 pm",2591.23,1.25933
"Mar 7, 01:00 pm",2591.56,1.25933
"Mar 7, 02:00 pm",2591.24,1.25933
"Mar 7, 03:00 pm",2591.01,1.25933
"Mar 7, 04:00 pm",2588.62,1.25933
"Mar 7, 05:00 pm",2590.63,1.25933
"Mar 7, 06:00 pm",406.235,0.209888
"Mar 7, 07:00 pm",13.2061,0.209888
"Mar 7, 08:00 pm",0,0.209888
"Mar 7, 09:00 pm",0,0.209888
"Mar 7, 10:00 pm",0,0.209888
"Mar 7, 11:00 pm",0,0.209888
"Mar 8, 12:00 am",0,0.209888
"Mar 8, 01:00 am",0,0.209888
"Mar 8, 02:00 am",0,0.209888
"Mar 8, 03:00 am",0,0.209888
"Mar 8, 04:00 am",0,0.209888
"Mar 8, 05:00 am",0,0.209888
"Mar 8, 06:00 am",0,0.209888
"Mar 8, 07:00 am",0,0.209888
"Mar 8, 08:00 am",793.866,0.488737
"Mar 8, 09:00 am",2591.71,1.25933
"Mar 8, 10:00 am",2589.58,1.25933
"Mar 8, 11:00 am",2590.91,1.25933
"Mar 8, 12:00 pm",2591.1,1.25933
"Mar 8, 01:00 pm",2591.41,1.25933
"Mar 8, 02:00 pm",2591.17,1.25933
"Mar 8, 03:00 pm",2590.92,1.25933
"Mar 8, 04:00 pm",2591.43,1.25933
"Mar 8, 05:00 pm",2592.68,1.25933
"Mar 8, 06:00 pm",364.517,0.209888
"Mar 8, 07:00 pm",13.1952,0.209888
"Mar 8, 08:00 pm",0,0.209888
"Mar 8, 09:00 pm",0,0.209888
"Mar 8, 10:00 pm",0,0.209888
"Mar 8, 11:00 pm",0,0.209888
"Mar 9, 12:00 am",0,0.209888
"Mar 9, 01:00 am",0,0.209888
"Mar 9, 02:00 am",0,0.209888
"Mar 9, 03:00 am",0,0.209888
"Mar 9, 04:00 am",0,0.209888
"Mar 9, 05:00 am",0,0.209888
"Mar 9, 06:00 am",0,0.209888
"Mar 9, 07:00 am",0,0.209888
"Mar 9, 08:00 am",0,0.209888
"Mar 9, 09:00 am",1759.15,0.9095
"Mar 9, 10:00 am",2589.31,1.25933
"Mar 9, 11:00 am",2590.98,1.25933
"Mar 9, 12:00 pm",2591.16,1.25933
"Mar 9, 01:00 pm",2591.49,1.25933
"Mar 9, 02:00 pm",2591.19,1.25933
"Mar 9, 03:00 pm",2590.95,1.25933
"Mar 9, 04:00 pm",2591.34,1.25933
"Mar 9, 05:00 pm",2592.29,1.25933
"Mar 9, 06:00 pm",327.811,0.209888
"Mar 9, 07:00 pm",13.2388,0.209888
"Mar 9, 08:00 pm",0,0.209888
"Mar 9, 09:00 pm",0,0.209888
"Mar 9, 10:00 pm",0,0.209888
"Mar 9, 11:00 pm",0,0.209888
"Mar 10, 12:00 am",0,0.209888
"Mar 10, 01:00 am",0,0.209888
"Mar 10, 02:00 am",0,0.209888
"Mar 10, 03:00 am",0,0.209888
"Mar 10, 04:00 am",0,0.209888
"Mar 10, 05:00 am",0,0.209888
"Mar 10, 06:00 am",0,0.209888
"Mar 10, 07:00 am",0,0.209888
"Mar 10, 08:00 am",789.447,0.486687
"Mar 10, 09:00 am",2591.65,1.25933
"Mar 10, 10:00 am",2589.47,1.25933
"Mar 10, 11:00 am",2590.89,1.25933
"Mar 10, 12:00 pm",2590.92,1.25933
"Mar 10, 01:00 pm",2591.28,1.25933
"Mar 10, 02:00 pm",2590.98,1.25933
"Mar 10, 03:00 pm",2590.97,1.25933
"Mar 10, 04:00 pm",2592.41,1.25933
"Mar 10, 05:00 pm",2589.69,1.25933
"Mar 10, 06:00 pm",283.74,0.209888
"Mar 10, 07:00 pm",13.1406,0.209888
"Mar 10, 08:00 pm",0,0.209888
"Mar 10, 09:00 pm",0,0.209888
"Mar 10, 10:00 pm",0,0.209888
"Mar 10, 11:00 pm",0,0.209888
"Mar 11, 12:00 am",0,0.209888
"Mar 11, 01:00 am",0,0.209888
"Mar 11, 02:00 am",0,0.209888
"Mar 11, 03:00 am",0,0.209888
"Mar 11, 04:00 am",0,0.209888
"Mar 11, 05:00 am",0,0.209888
"Mar 11, 06:00 am",0,0.209888
"Mar 11, 07:00 am",0,0.209888
"Mar 11, 08:00 am",0,0.209888
"Mar 11, 09:00 am",0,0.209888
"Mar 11, 10:00 am",0,0.209888
"Mar 11, 11:00 am",2165.39,1.08441
"Mar 11, 12:00 pm",2591.31,1.25933
"Mar 11, 01:00 pm",2591.37,1.25933
"Mar 11, 02:00 pm",2591.04,1.25933
"Mar 11, 03:00 pm",20.4711,0.209888
"Mar 11, 04:00 pm",0,0.209888
"Mar 11, 05:00 pm",0,0.209888
"Mar 11, 06:00 pm",0,0.209888
"Mar 11, 07:00 pm",0,0.209888
"Mar 11, 08:00 pm",0,0.209888
"Mar 11, 09:00 pm",0,0.209888
"Mar 11, 10:00 pm",0,0.209888
"Mar 11, 11:00 pm",0,0.209888
"Mar 12, 12:00 am",0,0.209888
"Mar 12, 01:00 am",0,0.209888
"Mar 12, 02:00 am",0,0.209888
"Mar 12, 03:00 am",0,0.209888
"Mar 12, 04:00 am",0,0.209888
"Mar 12, 05:00 am",0,0.209888
"Mar 12, 06:00 am",0,0.209888
"Mar 12, 07:00 am",0,0.209888
"Mar 12, 08:00 am",0,0.209888
"Mar 12, 09:00 am",0,0.209888
"Mar 12, 10:00 am",0,0.209888
"Mar 12, 11:00 am",1792.75,0.9095
"Mar 12, 12:00 pm",2590.98,1.25933
"Mar 12, 01:00 pm",2591.33,1.25933
"Mar 12, 02:00 pm",2591.07,1.25933
"Mar 12, 03:00 pm",2591.06,1.25933
"Mar 12, 04:00 pm",2591.53,1.25933
"Mar 12, 05:00 pm",2590.36,1.25933
"Mar 12, 06:00 pm",220.155,0.209888
"Mar 12, 07:00 pm",12.8859,0.209888
"Mar 12, 08:00 pm",0,0.209888
"Mar 12, 09:00 pm",0,0.209888
"Mar 12, 10:00 pm",0,0.209888
"Mar 12, 11:00 pm",0,0.209888
"Mar 13, 12:00 am",0,0.209888
"Mar 13, 01:00 am",0,0.209888
"Mar 13, 02:00 am",0,0.209888
"Mar 13, 03:00 am",0,0.209888
"Mar 13, 04:00 am",0,0.209888
"Mar 13, 05:00 am",0,0.209888
"Mar 13, 06:00 am",0,0.209888
"Mar 13, 07:00 am",0,0.209888
"Mar 13, 08:00 am",808.797,0.497313
"Mar 13, 09:00 am",2592,1.25933
"Mar 13, 10:00 am",2590.77,1.25933
"Mar 13, 11:00 am",2591.52,1.25933
"Mar 13, 12:00 pm",2591.54,1.25933
"Mar 13, 01:00 pm",2592.06,1.25933
"Mar 13, 02:00 pm",2591.53,1.25933
"Mar 13, 03:00 pm",2591.17,1.25933
"Mar 13, 04:00 pm",2589.92,1.25933
"Mar 13, 05:00 pm",2590.93,1.25933
"Mar 13, 06:00 pm",198.537,0.209888
"Mar 13, 07:00 pm",12.9598,0.209888
"Mar 13, 08:00 pm",0,0.209888
"Mar 13, 09:00 pm",0,0.209888
"Mar 13, 10:00 pm",0,0.209888
"Mar 13, 11:00 pm",0,0.209888
"Mar 14, 12:00 am",0,0.209888
"Mar 14, 01:00 am",0,0.209888
"Mar 14, 02:00 am",0,0.209888
"Mar 14, 03:00 am",0,0.209888
"Mar 14, 04:00 am",0,0.209888
"Mar 14, 05:00 am",0,0.209888
"Mar 14, 06:00 am",0,0.209888
"Mar 14, 07:00 am",0,0.209888
"Mar 14, 08:00 am",0,0.209888
"Mar 14, 09:00 am",0,0.209888
"Mar 14, 10:00 am",0,0.209888
"Mar 14, 11:00 am",0,0.209888
"Mar 14, 12:00 pm",0,0.209888
"Mar 14, 01:00 pm",0,0.209888
"Mar 14, 02:00 pm",0,0.209888
"Mar 14, 03:00 pm",0,0.209888
"Mar 14, 04:00 pm",0,0.209888
"Mar 14, 05:00 pm",0,0.209888
"Mar 14, 06:00 pm",0,0.209888
"Mar 14, 07:00 pm",0,0.209888
"Mar 14, 08:00 pm",0,0.209888
"Mar 14, 09:00 pm",0,0.209888
"Mar 14, 10:00 pm",0,0.209888
"Mar 14, 11:00 pm",0,0.209888
"Mar 15, 12:00 am",0,0.209888
"Mar 15, 01:00 am",0,0.209888
"Mar 15, 02:00 am",0,0.209888
"Mar 15, 03:00 am",0,0.209888
"Mar 15, 04:00 am",0,0.209888
"Mar 15, 05:00 am",0,0.209888
"Mar 15, 06:00 am",0,0.209888
"Mar 15, 07:00 am",0,0.209888
"Mar 15, 08:00 am",0,0.209888
"Mar 15, 09:00 am",0,0.209888
"Mar 15, 10:00 am",0,0.209888
"Mar 15, 11:00 am",0,0.209888
"Mar 15, 12:00 pm",0,0.209888
"Mar 15, 01:00 pm",0,0.209888
"Mar 15, 02:00 pm",0,0.209888
"Mar 15, 03:00 pm",0,0.209888
"Mar 15, 04:00 pm",0,0.209888
"Mar 15, 05:00 pm",0,0.209888
"Mar 15, 06:00 pm",0,0.209888
"Mar 15, 07:00 pm",0,0.209888
"Mar 15, 08:00 pm",0,0.209888
"Mar 15, 09:00 pm",0,0.209888
"Mar 15, 10:00 pm",0,0.209888
"Mar 15, 11:00 pm",0,0.209888
"Mar 16, 12:00 am",0,0.209888
"Mar 16, 01:00 am",0,0.209888
"Mar 16, 02:00 am",0,0.209888
"Mar 16, 03:00 am",0,0.209888
"Mar 16, 04:00 am",0,0.209888
"Mar 16, 05:00 am",0,0.209888
"Mar 16, 06:00 am",0,0.209888
"Mar 16, 07:00 am",0,0.209888
"Mar 16, 08:00 am",0,0.350199
"Mar 16, 09:00 am",2597.79,1.25933
"Mar 16, 10:00 am",2590.28,1.25933
"Mar 16, 11:00 am",2590.74,1.25933
"Mar 16, 12:00 pm",2590.76,1.25933
"Mar 16, 01:00 pm",2590.95,1.25933
"Mar 16, 02:00 pm",2590.95,1.25933
"Mar 16, 03:00 pm",2588.17,1.25933
"Mar 16, 04:00 pm",2593.03,1.25933
"Mar 16, 05:00 pm",2561.85,1.24526
"Mar 16, 06:00 pm",92.0198,0.209888
"Mar 16, 07:00 pm",12.8365,0.209888
"Mar 16, 08:00 pm",0,0.209888
"Mar 16, 09:00 pm",0,0.209888
"Mar 16, 10:00 pm",0,0.209888
"Mar 16, 11:00 pm",0,0.209888
"Mar 17, 12:00 am",0,0.209888
"Mar 17, 01:00 am",0,0.209888
"Mar 17, 02:00 am",0,0.209888
"Mar 17, 03:00 am",0,0.209888
"Mar 17, 04:00 am",0,0.209888
"Mar 17, 05:00 am",0,0.209888
"Mar 17, 06:00 am",0,0.209888
"Mar 17, 07:00 am",0,0.209888
"Mar 17, 08:00 am",486.027,0.446695
"Mar 17, 09:00 am",2590.65,1.25933
"Mar 17, 10:00 am",2589.75,1.25933
"Mar 17, 11:00 am",2590.87,1.25933
"Mar 17, 12:00 pm",2590.89,1.25933
"Mar 17, 01:00 pm",2591.16,1.25933
"Mar 17, 02:00 pm",2591.17,1.25933
"Mar 17, 03:00 pm",2590.77,1.25933
"Mar 17, 04:00 pm",2592.76,1.25933
"Mar 17, 05:00 pm",2590.27,1.25933
"Mar 17, 06:00 pm",72.2571,0.209888
"Mar 17, 07:00 pm",13.0822,0.209888
"Mar 17, 08:00 pm",0,0.209888
"Mar 17, 09:00 pm",0,0.209888
"Mar 17, 10:00 pm",0,0.209888
"Mar 17, 11:00 pm",0,0.209888
"Mar 18, 12:00 am",0,0.209888
"Mar 18, 01:00 am",0,0.209888
"Mar 18, 02:00 am",0,0.209888
"Mar 18, 03:00 am",0,0.209888
"Mar 18, 04:00 am",0,0.209888
"Mar 18, 05:00 am",0,0.209888
"Mar 18, 06:00 am",0,0.209888
"Mar 18, 07:00 am",0,0.209888
"Mar 18, 08:00 am",498.306,0.454801
"Mar 18, 09:00 am",2591.01,1.25933
"Mar 18, 10:00 am",2589.13,1.25933
"Mar 18, 11:00 am",2590.99,1.25933
"Mar 18, 12:00 pm",2591.02,1.25933
"Mar 18, 01:00 pm",2591.25,1.25933
"Mar 18, 02:00 pm",2591.02,1.25933
"Mar 18, 03:00 pm",2590.8,1.25933
"Mar 18, 04:00 pm",2592.93,1.25933
"Mar 18, 05:00 pm",2560.3,1.24451
"Mar 18, 06:00 pm",50.4444,0.209888
"Mar 18, 07:00 pm",13.1357,0.209888
"Mar 18, 08:00 pm",0,0.209888
"Mar 18, 09:00 pm",0,0.209888
"Mar 18, 10:00 pm",0,0.209888
"Mar 18, 11:00 pm",0,0.209888
"Mar 19, 12:00 am",0,0.209888
"Mar 19, 01:00 am",0,0.209888
"Mar 19, 02:00 am",0,0.209888
"Mar 19, 03:00 am",0,0.209888
"Mar 19, 04:00 am",0,0.209888
"Mar 19, 05:00 am",0,0.209888
"Mar 19, 06:00 am",0,0.209888
"Mar 19, 07:00 am",0,0.209888
"Mar 19, 08:00 am",220.578,0.346837
"Mar 19, 09:00 am",2590.39,1.25933
"Mar 19, 10:00 am",2591.6,1.25933
"Mar 19, 11:00 am",2587.4,1.25933
"Mar 19, 12:00 pm",2590.71,1.25933
"Mar 19, 01:00 pm",2590.74,1.25933
"Mar 19, 02:00 pm",2590.73,1.25933
"Mar 19, 03:00 pm",2588.65,1.25933
"Mar 19, 04:00 pm",2593.11,1.25933
"Mar 19, 05:00 pm",2476.72,1.20528
"Mar 19, 06:00 pm",26.5356,0.209888
"Mar 19, 07:00 pm",12.918,0.209888
"Mar 19, 08:00 pm",0,0.209888
"Mar 19, 09:00 pm",0,0.209888
"Mar 19, 10:00 pm",0,0.209888
"Mar 19, 11:00 pm",0,0.209888
"Mar 20, 12:00 am",0,0.209888
"Mar 20, 01:00 am",0,0.209888
"Mar 20, 02:00 am",0,0.209888
"Mar 20, 03:00 am",0,0.209888
"Mar 20, 04:00 am",0,0.209888
"Mar 20, 05:00 am",0,0.209888
"Mar 20, 06:00 am",0,0.209888
"Mar 20, 07:00 am",0,0.209888
"Mar 20, 08:00 am",213.229,0.342621
"Mar 20, 09:00 am",2590.2,1.25933
"Mar 20, 10:00 am",2591.87,1.25933
"Mar 20, 11:00 am",2588.03,1.25933
"Mar 20, 12:00 pm",2588.05,1.25933
"Mar 20, 01:00 pm",2590.78,1.25933
"Mar 20, 02:00 pm",2587.89,1.25933
"Mar 20, 03:00 pm",2589.36,1.25933
"Mar 20, 04:00 pm",2593.12,1.25933
"Mar 20, 05:00 pm",2419.62,1.17621
"Mar 20, 06:00 pm",22.7073,0.209888
"Mar 20, 07:00 pm",9.64092,0.209888
"Mar 20, 08:00 pm",0,0.209888
"Mar 20, 09:00 pm",0,0.209888
"Mar 20, 10:00 pm",0,0.209888
"Mar 20, 11:00 pm",0,0.209888
"Mar 21, 12:00 am",0,0.209888
"Mar 21, 01:00 am",0,0.209888
"Mar 21, 02:00 am",0,0.209888
"Mar 21, 03:00 am",0,0.209888
"Mar 21, 04:00 am",0,0.209888
"Mar 21, 05:00 am",0,0.209888
"Mar 21, 06:00 am",0,0.209888
"Mar 21, 07:00 am",0,0.209888
"Mar 21, 08:00 am",207.37,0.339649
"Mar 21, 09:00 am",2590.12,1.25933
"Mar 21, 10:00 am",2591.77,1.25933
"Mar 21, 11:00 am",2587.84,1.25933
"Mar 21, 12:00 pm",2587.86,1.25933
"Mar 21, 01:00 pm",2590.8,1.25933
"Mar 21, 02:00 pm",2587.63,1.25933
"Mar 21, 03:00 pm",2589.2,1.25933
"Mar 21, 04:00 pm",2593.1,1.25933
"Mar 21, 05:00 pm",2412.35,1.17269
"Mar 21, 06:00 pm",20.1905,0.209888
"Mar 21, 07:00 pm",0,0.209888
"Mar 21, 08:00 pm",0,0.209888
"Mar 21, 09:00 pm",0,0.209888
"Mar 21, 10:00 pm",0,0.209888
"Mar 21, 11:00 pm",0,0.209888
"Mar 22, 12:00 am",0,0.209888
"Mar 22, 01:00 am",0,0.209888
"Mar 22, 02:00 am",0,0.209888
"Mar 22, 03:00 am",0,0.209888
"Mar 22, 04:00 am",0,0.209888
"Mar 22, 05:00 am",0,0.209888
"Mar 22, 06:00 am",0,0.209888
"Mar 22, 07:00 am",0,0.209888
"Mar 22, 08:00 am",0,0.336728
"Mar 22, 09:00 am",2589.88,1.25933
"Mar 22, 10:00 am",2591.85,1.25933
"Mar 22, 11:00 am",2587.92,1.25933
"Mar 22, 12:00 pm",2588.07,1.25933
"Mar 22, 01:00 pm",2590.72,1.25933
"Mar 22, 02:00 pm",2588.36,1.25933
"Mar 22, 03:00 pm",2589.86,1.25933
"Mar 22, 04:00 pm",2593.15,1.25933
"Mar 22, 05:00 pm",2332.51,1.13396
"Mar 22, 06:00 pm",17.9102,0.209888
"Mar 22, 07:00 pm",0,0.209888
"Mar 22, 08:00 pm",0,0.209888
"Mar 22, 09:00 pm",0,0.209888
"Mar 22, 10:00 pm",0,0.209888
"Mar 22, 11:00 pm",0,0.209888
"Mar 23, 12:00 am",0,0.209888
"Mar 23, 01:00 am",0,0.209888
"Mar 23, 02:00 am",0,0.209888
"Mar 23, 03:00 am",0,0.209888
"Mar 23, 04:00 am",0,0.209888
"Mar 23, 05:00 am",0,0.209888
"Mar 23, 06:00 am",0,0.209888
"Mar 23, 07:00 am",0,0.209888
"Mar 23, 08:00 am",0,0.331443
"Mar 23, 09:00 am",2591.73,1.25933
"Mar 23, 10:00 am",2592.19,1.25933
"Mar 23, 11:00 am",2587.87,1.25933
"Mar 23, 12:00 pm",2587.89,1.25933
"Mar 23, 01:00 pm",2590.73,1.25933
"Mar 23, 02:00 pm",2587.94,1.25933
"Mar 23, 03:00 pm",2589.48,1.25933
"Mar 23, 04:00 pm",2593.13,1.25933
"Mar 23, 05:00 pm",2350.36,1.14262
"Mar 23, 06:00 pm",15.9673,0.209888
"Mar 23, 07:00 pm",0,0.209888
"Mar 23, 08:00 pm",0,0.209888
"Mar 23, 09:00 pm",0,0.209888
"Mar 23, 10:00 pm",0,0.209888
"Mar 23, 11:00 pm",0,0.209888
"Mar 24, 12:00 am",0,0.209888
"Mar 24, 01:00 am",0,0.209888
"Mar 24, 02:00 am",0,0.209888
"Mar 24, 03:00 am",0,0.209888
"Mar 24, 04:00 am",0,0.209888
"Mar 24, 05:00 am",0,0.209888
"Mar 24, 06:00 am",0,0.209888
"Mar 24, 07:00 am",0,0.209888
"Mar 24, 08:00 am",0,0.331295
"Mar 24, 09:00 am",2591.4,1.25933
"Mar 24, 10:00 am",2592.45,1.25933
"Mar 24, 11:00 am",2588.8,1.25933
"Mar 24, 12:00 pm",2588.92,1.25933
"Mar 24, 01:00 pm",2587.84,1.25933
"Mar 24, 02:00 pm",2588.95,1.25933
"Mar 24, 03:00 pm",2590.19,1.25933
"Mar 24, 04:00 pm",2593.14,1.25933
"Mar 24, 05:00 pm",2281.97,1.10949
"Mar 24, 06:00 pm",14.454,0.209888
"Mar 24, 07:00 pm",0,0.209888
"Mar 24, 08:00 pm",0,0.209888
"Mar 24, 09:00 pm",0,0.209888
"Mar 24, 10:00 pm",0,0.209888
"Mar 24, 11:00 pm",0,0.209888
"Mar 25, 12:00 am",0,0.209888
"Mar 25, 01:00 am",0,0.209888
"Mar 25, 02:00 am",0,0.209888
"Mar 25, 03:00 am",0,0.209888
"Mar 25, 04:00 am",0,0.209888
"Mar 25, 05:00 am",0,0.209888
"Mar 25, 06:00 am",0,0.209888
"Mar 25, 07:00 am",0,0.209888
"Mar 25, 08:00 am",0,0.328836
"Mar 25, 09:00 am",2589.77,1.25933
"Mar 25, 10:00 am",2592.51,1.25933
"Mar 25, 11:00 am",2588.8,1.25933
"Mar 25, 12:00 pm",2588.96,1.25933
"Mar 25, 01:00 pm",2587.86,1.25933
"Mar 25, 02:00 pm",2588.93,1.25933
"Mar 25, 03:00 pm",2593.09,1.25933
"Mar 25, 04:00 pm",18.1622,0.209888
"Mar 25, 05:00 pm",0,0.209888
"Mar 25, 06:00 pm",0,0.209888
"Mar 25, 07:00 pm",0,0.209888
"Mar 25, 08:00 pm",0,0.209888
"Mar 25, 09:00 pm",0,0.209888
"Mar 25, 10:00 pm",0,0.209888
"Mar 25, 11:00 pm",0,0.209888
"Mar 26, 12:00 am",0,0.209888
"Mar 26, 01:00 am",0,0.209888
"Mar 26, 02:00 am",0,0.209888
"Mar 26, 03:00 am",0,0.209888
"Mar 26, 04:00 am",0,0.209888
"Mar 26, 05:00 am",0,0.209888
"Mar 26, 06:00 am",0,0.209888
"Mar 26, 07:00 am",0,0.209888
"Mar 26, 08:00 am",0,0.330211
"Mar 26, 09:00 am",2590.03,1.25933
"Mar 26, 10:00 am",2592.33,1.25933
"Mar 26, 11:00 am",2588.47,1.25933
"Mar 26, 12:00 pm",2588.67,1.25933
"Mar 26, 01:00 pm",2590.66,1.25933
"Mar 26, 02:00 pm",2588.41,1.25933
"Mar 26, 03:00 pm",2589.73,1.25933
"Mar 26, 04:00 pm",2593.12,1.25933
"Mar 26, 05:00 pm",2167.1,1.05326
"Mar 26, 06:00 pm",14.1108,0.209888
"Mar 26, 07:00 pm",0,0.209888
"Mar 26, 08:00 pm",0,0.209888
"Mar 26, 09:00 pm",0,0.209888
"Mar 26, 10:00 pm",0,0.209888
"Mar 26, 11:00 pm",0,0.209888
"Mar 27, 12:00 am",0,0.209888
"Mar 27, 01:00 am",0,0.209888
"Mar 27, 02:00 am",0,0.209888
"Mar 27, 03:00 am",0,0.209888
"Mar 27, 04:00 am",0,0.209888
"Mar 27, 05:00 am",0,0.209888
"Mar 27, 06:00 am",0,0.209888
"Mar 27, 07:00 am",0,0.209888
"Mar 27, 08:00 am",0,0.325306
"Mar 27, 09:00 am",2587.72,1.25933
"Mar 27, 10:00 am",2592.7,1.25933
"Mar 27, 11:00 am",2589.3,1.25933
"Mar 27, 12:00 pm",2589.37,1.25933
"Mar 27, 01:00 pm",21.0059,0.209888
"Mar 27, 02:00 pm",0,0.209888
"Mar 27, 03:00 pm",0,0.209888
"Mar 27, 04:00 pm",0,0.209888
"Mar 27, 05:00 pm",0,0.209888
"Mar 27, 06:00 pm",0,0.209888
"Mar 27, 07:00 pm",0,0.209888
"Mar 27, 08:00 pm",0,0.209888
"Mar 27, 09:00 pm",0,0.209888
"Mar 27, 10:00 pm",0,0.209888
"Mar 27, 11:00 pm",0,0.209888
"Mar 28, 12:00 am",0,0.209888
"Mar 28, 01:00 am",0,0.209888
"Mar 28, 02:00 am",0,0.209888
"Mar 28, 03:00 am",0,0.209888
"Mar 28, 04:00 am",0,0.209888
"Mar 28, 05:00 am",0,0.209888
"Mar 28, 06:00 am",0,0.209888
"Mar 28, 07:00 am",0,0.209888
"Mar 28, 08:00 am",0,0.320582
"Mar 28, 09:00 am",2174.01,1.23643
"Mar 28, 10:00 am",2593.15,1.25933
"Mar 28, 11:00 am",2589.87,1.25933
"Mar 28, 12:00 pm",2589.82,1.25933
"Mar 28, 01:00 pm",2588.85,1.25933
"Mar 28, 02:00 pm",2589.62,1.25933
"Mar 28, 03:00 pm",2590.84,1.25933
"Mar 28, 04:00 pm",2593.06,1.25933
"Mar 28, 05:00 pm",1960.63,0.953129
"Mar 28, 06:00 pm",14.2849,0.209888
"Mar 28, 07:00 pm",0,0.209888
"Mar 28, 08:00 pm",0,0.209888
"Mar 28, 09:00 pm",0,0.209888
"Mar 28, 10:00 pm",0,0.209888
"Mar 28, 11:00 pm",0,0.209888
"Mar 29, 12:00 am",0,0.209888
"Mar 29, 01:00 am",0,0.209888
"Mar 29, 02:00 am",0,0.209888
"Mar 29, 03:00 am",0,0.209888
"Mar 29, 04:00 am",0,0.209888
"Mar 29, 05:00 am",0,0.209888
"Mar 29, 06:00 am",0,0.209888
"Mar 29, 07:00 am",0,0.209888
"Mar 29, 08:00 am",0,0.319025
"Mar 29, 09:00 am",2192.84,1.23592
"Mar 29, 10:00 am",2592.97,1.25933
"Mar 29, 11:00 am",2589.87,1.25933
"Mar 29, 12:00 pm",2589.75,1.25933
"Mar 29, 01:00 pm",2588.87,1.25933
"Mar 29, 02:00 pm",2589.65,1.25933
"Mar 29, 03:00 pm",2587.65,1.25933
"Mar 29, 04:00 pm",2593.09,1.25933
"Mar 29, 05:00 pm",1894.5,0.920964
"Mar 29, 06:00 pm",14.4131,0.209888
"Mar 29, 07:00 pm",0,0.209888
"Mar 29, 08:00 pm",0,0.209888
"Mar 29, 09:00 pm",0,0.209888
"Mar 29, 10:00 pm",0,0.209888
"Mar 29, 11:00 pm",0,0.209888
"Mar 30, 12:00 am",0,0.209888
"Mar 30, 01:00 am",0,0.209888
"Mar 30, 02:00 am",0,0.209888
"Mar 30, 03:00 am",0,0.209888
"Mar 30, 04:00 am",0,0.209888
"Mar 30, 05:00 am",0,0.209888
"Mar 30, 06:00 am",0,0.209888
"Mar 30, 07:00 am",0,0.209888
"Mar 30, 08:00 am",0,0.321207
"Mar 30, 09:00 am",2193.61,1.23841
"Mar 30, 10:00 am",2592.81,1.25933
"Mar 30, 11:00 am",2589.29,1.25933
"Mar 30, 12:00 pm",2589.51,1.25933
"Mar 30, 01:00 pm",2588.74,1.25933
"Mar 30, 02:00 pm",2589.74,1.25933
"Mar 30, 03:00 pm",2591.04,1.25933
"Mar 30, 04:00 pm",2592.99,1.25933
"Mar 30, 05:00 pm",1797.72,0.873913
"Mar 30, 06:00 pm",14.226,0.209888
"Mar 30, 07:00 pm",0,0.209888
"Mar 30, 08:00 pm",0,0.209888
"Mar 30, 09:00 pm",0,0.209888
"Mar 30, 10:00 pm",0,0.209888
"Mar 30, 11:00 pm",0,0.209888
"Mar 31, 12:00 am",0,0.209888
"Mar 31, 01:00 am",0,0.209888
"Mar 31, 02:00 am",0,0.209888
"Mar 31, 03:00 am",0,0.209888
"Mar 31, 04:00 am",0,0.209888
"Mar 31, 05:00 am",0,0.209888
"Mar 31, 06:00 am",0,0.209888
"Mar 31, 07:00 am",0,0.209888
"Mar 31, 08:00 am",0,0.312026
"Mar 31, 09:00 am",2159.43,1.23112
"Mar 31, 10:00 am",2593.08,1.25933
"Mar 31, 11:00 am",2591.2,1.25933
"Mar 31, 12:00 pm",2591.03,1.25933
"Mar 31, 01:00 pm",2590.2,1.25933
"Mar 31, 02:00 pm",2591.17,1.25933
"Mar 31, 03:00 pm",2592.43,1.25933
"Mar 31, 04:00 pm",2592.67,1.25933
"Mar 31, 05:00 pm",1666.97,0.810332
"Mar 31, 06:00 pm",14.1121,0.209888
"Mar 31, 07:00 pm",0,0.209888
"Mar 31, 08:00 pm",0,0.209888
"Mar 31, 09:00 pm",0,0.209888
"Mar 31, 10:00 pm",0,0.209888
"Mar 31, 11:00 pm",0,0.209888
"Apr 1, 12:00 am",0,0.209888
"Apr 1, 01:00 am",0,0.209888
"Apr 1, 02:00 am",0,0.209888
"Apr 1, 03:00 am",0,0.209888
"Apr 1, 04:00 am",0,0.209888
"Apr 1, 05:00 am",0,0.209888
"Apr 1, 06:00 am",0,0.209888
"Apr 1, 07:00 am",0,0.209888
"Apr 1, 08:00 am",0,0.209888
"Apr 1, 09:00 am",0,0.209888
"Apr 1, 10:00 am",0,0.209888
"Apr 1, 11:00 am",0,0.209888
"Apr 1, 12:00 pm",1778.73,0.9095
"Apr 1, 01:00 pm",2591.81,1.25933
"Apr 1, 02:00 pm",2592.56,1.25933
"Apr 1, 03:00 pm",2593.02,1.25933
"Apr 1, 04:00 pm",2592.37,1.25933
"Apr 1, 05:00 pm",1544.51,0.750767
"Apr 1, 06:00 pm",13.5705,0.209888
"Apr 1, 07:00 pm",0,0.209888
"Apr 1, 08:00 pm",0,0.209888
"Apr 1, 09:00 pm",0,0.209888
"Apr 1, 10:00 pm",0,0.209888
"Apr 1, 11:00 pm",0,0.209888
"Apr 2, 12:00 am",0,0.209888
"Apr 2, 01:00 am",0,0.209888
"Apr 2, 02:00 am",0,0.209888
"Apr 2, 03:00 am",0,0.209888
"Apr 2, 04:00 am",0,0.209888
"Apr 2, 05:00 am",0,0.209888
"Apr 2, 06:00 am",0,0.209888
"Apr 2, 07:00 am",0,0.209888
"Apr 2, 08:00 am",0,0.256674
"Apr 2, 09:00 am",2154.42,1.22386
"Apr 2, 10:00 am",2593.04,1.25933
"Apr 2, 11:00 am",2592.24,1.25933
"Apr 2, 12:00 pm",2592.06,1.25933
"Apr 2, 01:00 pm",2591.47,1.25933
"Apr 2, 02:00 pm",2592.46,1.25933
"Apr 2, 03:00 pm",2592.92,1.25933
"Apr 2, 04:00 pm",2592.43,1.25933
"Apr 2, 05:00 pm",1493.58,0.725991
"Apr 2, 06:00 pm",13.5848,0.209888
"Apr 2, 07:00 pm",0,0.209888
"Apr 2, 08:00 pm",0,0.209888
"Apr 2, 09:00 pm",0,0.209888
"Apr 2, 10:00 pm",0,0.209888
"Apr 2, 11:00 pm",0,0.209888
"Apr 3, 12:00 am",0,0.209888
"Apr 3, 01:00 am",0,0.209888
"Apr 3, 02:00 am",0,0.209888
"Apr 3, 03:00 am",0,0.209888
"Apr 3, 04:00 am",0,0.209888
"Apr 3, 05:00 am",0,0.209888
"Apr 3, 06:00 am",0,0.209888
"Apr 3, 07:00 am",0,0.209888
"Apr 3, 08:00 am",0,0.209888
"Apr 3, 09:00 am",2094.06,1.19051
"Apr 3, 10:00 am",17.9782,0.209888
"Apr 3, 11:00 am",0,0.209888
"Apr 3, 12:00 pm",0,0.209888
"Apr 3, 01:00 pm",0,0.209888
"Apr 3, 02:00 pm",0,0.209888
"Apr 3, 03:00 pm",0,0.209888
"Apr 3, 04:00 pm",0,0.209888
"Apr 3, 05:00 pm",0,0.209888
"Apr 3, 06:00 pm",0,0.209888
"Apr 3, 07:00 pm",0,0.209888
"Apr 3, 08:00 pm",0,0.209888
"Apr 3, 09:00 pm",0,0.209888
"Apr 3, 10:00 pm",0,0.209888
"Apr 3, 11:00 pm",0,0.209888
"Apr 4, 12:00 am",0,0.209888
"Apr 4, 01:00 am",0,0.209888
"Apr 4, 02:00 am",0,0.209888
"Apr 4, 03:00 am",0,0.209888
"Apr 4, 04:00 am",0,0.209888
"Apr 4, 05:00 am",0,0.209888
"Apr 4, 06:00 am",0,0.209888
"Apr 4, 07:00 am",0,0.209888
"Apr 4, 08:00 am",0,0.209888
"Apr 4, 09:00 am",1666.65,1.14937
"Apr 4, 10:00 am",2592.89,1.25933
"Apr 4, 11:00 am",2593.11,1.25933
"Apr 4, 12:00 pm",2593.13,1.25933
"Apr 4, 01:00 pm",2592.92,1.25933
"Apr 4, 02:00 pm",2593.16,1.25933
"Apr 4, 03:00 pm",2593.22,1.25933
"Apr 4, 04:00 pm",2591.7,1.25933
"Apr 4, 05:00 pm",1307.37,0.635381
"Apr 4, 06:00 pm",13.682,0.209888
"Apr 4, 07:00 pm",0,0.209888
"Apr 4, 08:00 pm",0,0.209888
"Apr 4, 09:00 pm",0,0.209888
"Apr 4, 10:00 pm",0,0.209888
"Apr 4, 11:00 pm",0,0.209888
"Apr 5, 12:00 am",0,0.209888
"Apr 5, 01:00 am",0,0.209888
"Apr 5, 02:00 am",0,0.209888
"Apr 5, 03:00 am",0,0.209888
"Apr 5, 04:00 am",0,0.209888
"Apr 5, 05:00 am",0,0.209888
"Apr 5, 06:00 am",0,0.209888
"Apr 5, 07:00 am",0,0.209888
"Apr 5, 08:00 am",0,0.209888
"Apr 5, 09:00 am",0,0.209888
"Apr 5, 10:00 am",0,0.209888
"Apr 5, 11:00 am",1774.58,0.9095
"Apr 5, 12:00 pm",20.2018,0.209888
"Apr 5, 01:00 pm",2214.47,1.25933
"Apr 5, 02:00 pm",18.6968,0.209888
"Apr 5, 03:00 pm",0,0.209888
"Apr 5, 04:00 pm",2160.32,1.25521
"Apr 5, 05:00 pm",1243.88,0.604481
"Apr 5, 06:00 pm",13.6328,0.209888
"Apr 5, 07:00 pm",0,0.209888
"Apr 5, 08:00 pm",0,0.209888
"Apr 5, 09:00 pm",0,0.209888
"Apr 5, 10:00 pm",0,0.209888
"Apr 5, 11:00 pm",0,0.209888
"Apr 6, 12:00 am",0,0.209888
"Apr 6, 01:00 am",0,0.209888
"Apr 6, 02:00 am",0,0.209888
"Apr 6, 03:00 am",0,0.209888
"Apr 6, 04:00 am",0,0.209888
"Apr 6, 05:00 am",0,0.209888
"Apr 6, 06:00 am",0,0.209888
"Apr 6, 07:00 am",0,0.209888
"Apr 6, 08:00 am",0,0.209888
"Apr 6, 09:00 am",0,0.209888
"Apr 6, 10:00 am",0,0.209888
"Apr 6, 11:00 am",1775.46,0.9095
"Apr 6, 12:00 pm",2592.94,1.25933
"Apr 6, 01:00 pm",2592.82,1.25933
"Apr 6, 02:00 pm",2593.14,1.25933
"Apr 6, 03:00 pm",2593.22,1.25933
"Apr 6, 04:00 pm",2591.68,1.25933
"Apr 6, 05:00 pm",1205.09,0.585599
"Apr 6, 06:00 pm",13.9627,0.209888
"Apr 6, 07:00 pm",0,0.209888
"Apr 6, 08:00 pm",0,0.209888
"Apr 6, 09:00 pm",0,0.209888
"Apr 6, 10:00 pm",0,0.209888
"Apr 6, 11:00 pm",0,0.209888
"Apr 7, 12:00 am",0,0.209888
"Apr 7, 01:00 am",0,0.209888
"Apr 7, 02:00 am",0,0.209888
"Apr 7, 03:00 am",0,0.209888
"Apr 7, 04:00 am",0,0.209888
"Apr 7, 05:00 am",0,0.209888
"Apr 7, 06:00 am",0,0.209888
"Apr 7, 07:00 am",0,0.209888
"Apr 7, 08:00 am",0,0.209888
"Apr 7, 09:00 am",1652.23,1.1368
"Apr 7, 10:00 am",2593.04,1.25933
"Apr 7, 11:00 am",2593.14,1.25933
"Apr 7, 12:00 pm",2593.18,1.25933
"Apr 7, 01:00 pm",2592.89,1.25933
"Apr 7, 02:00 pm",2593.15,1.25933
"Apr 7, 03:00 pm",2593.22,1.25933
"Apr 7, 04:00 pm",2591.75,1.25933
"Apr 7, 05:00 pm",1162.97,0.565648
"Apr 7, 06:00 pm",13.8239,0.209888
"Apr 7, 07:00 pm",0,0.209888
"Apr 7, 08:00 pm",0,0.209888
"Apr 7, 09:00 pm",0,0.209888
"Apr 7, 10:00 pm",0,0.209888
"Apr 7, 11:00 pm",0,0.209888
"Apr 8, 12:00 am",0,0.209888
"Apr 8, 01:00 am",0,0.209888
"Apr 8, 02:00 am",0,0.209888
"Apr 8, 03:00 am",0,0.209888
"Apr 8, 04:00 am",0,0.209888
"Apr 8, 05:00 am",0,0.209888
"Apr 8, 06:00 am",0,0.209888
"Apr 8, 07:00 am",0,0.209888
"Apr 8, 08:00 am",0,0.209888
"Apr 8, 09:00 am",1638.24,1.12988
"Apr 8, 10:00 am",2592.82,1.25933
"Apr 8, 11:00 am",2593.21,1.25933
"Apr 8, 12:00 pm",2593.27,1.25933
"Apr 8, 01:00 pm",2593.29,1.25933
"Apr 8, 02:00 pm",2593.33,1.25933
"Apr 8, 03:00 pm",2593.33,1.25933
"Apr 8, 04:00 pm",2591.31,1.25933
"Apr 8, 05:00 pm",1077.74,0.524217
"Apr 8, 06:00 pm",13.7851,0.209888
"Apr 8, 07:00 pm",0,0.209888
"Apr 8, 08:00 pm",0,0.209888
"Apr 8, 09:00 pm",0,0.209888
"Apr 8, 10:00 pm",0,0.209888
"Apr 8, 11:00 pm",0,0.209888
"Apr 9, 12:00 am",0,0.209888
"Apr 9, 01:00 am",0,0.209888
"Apr 9, 02:00 am",0,0.209888
"Apr 9, 03:00 am",0,0.209888
"Apr 9, 04:00 am",0,0.209888
"Apr 9, 05:00 am",0,0.209888
"Apr 9, 06:00 am",0,0.209888
"Apr 9, 07:00 am",0,0.209888
"Apr 9, 08:00 am",0,0.209888
"Apr 9, 09:00 am",0,0.209888
"Apr 9, 10:00 am",0,0.209888
"Apr 9, 11:00 am",0,0.209888
"Apr 9, 12:00 pm",0,0.209888
"Apr 9, 01:00 pm",0,0.209888
"Apr 9, 02:00 pm",0,0.209888
"Apr 9, 03:00 pm",0,0.209888
"Apr 9, 04:00 pm",0,0.209888
"Apr 9, 05:00 pm",0,0.209888
"Apr 9, 06:00 pm",0,0.209888
"Apr 9, 07:00 pm",0,0.209888
"Apr 9, 08:00 pm",0,0.209888
"Apr 9, 09:00 pm",0,0.209888
"Apr 9, 10:00 pm",0,0.209888
"Apr 9, 11:00 pm",0,0.209888
"Apr 10, 12:00 am",0,0.209888
"Apr 10, 01:00 am",0,0.209888
"Apr 10, 02:00 am",0,0.209888
"Apr 10, 03:00 am",0,0.209888
"Apr 10, 04:00 am",0,0.209888
"Apr 10, 05:00 am",0,0.209888
"Apr 10, 06:00 am",0,0.209888
"Apr 10, 07:00 am",0,0.209888
"Apr 10, 08:00 am",0,0.209888
"Apr 10, 09:00 am",0,0.209888
"Apr 10, 10:00 am",0,0.209888
"Apr 10, 11:00 am",0,0.209888
"Apr 10, 12:00 pm",0,0.209888
"Apr 10, 01:00 pm",1764.91,0.9095
"Apr 10, 02:00 pm",2593.06,1.25933
"Apr 10, 03:00 pm",2593.11,1.25933
"Apr 10, 04:00 pm",2592.74,1.25933
"Apr 10, 05:00 pm",15.1245,0.209888
"Apr 10, 06:00 pm",0,0.209888
"Apr 10, 07:00 pm",0,0.209888
"Apr 10, 08:00 pm",0,0.209888
"Apr 10, 09:00 pm",0,0.209888
"Apr 10, 10:00 pm",0,0.209888
"Apr 10, 11:00 pm",0,0.209888
"Apr 11, 12:00 am",0,0.209888
"Apr 11, 01:00 am",0,0.209888
"Apr 11, 02:00 am",0,0.209888
"Apr 11, 03:00 am",0,0.209888
"Apr 11, 04:00 am",0,0.209888
"Apr 11, 05:00 am",0,0.209888
"Apr 11, 06:00 am",0,0.209888
"Apr 11, 07:00 am",0,0.209888
"Apr 11, 08:00 am",0,0.209888
"Apr 11, 09:00 am",2392.25,1.15521
"Apr 11, 10:00 am",2592.5,1.25933
"Apr 11, 11:00 am",2593.11,1.25933
"Apr 11, 12:00 pm",18.2155,0.209888
"Apr 11, 01:00 pm",0,0.209888
"Apr 11, 02:00 pm",0,0.209888
"Apr 11, 03:00 pm",0,0.209888
"Apr 11, 04:00 pm",0,0.209888
"Apr 11, 05:00 pm",0,0.209888
"Apr 11, 06:00 pm",0,0.209888
"Apr 11, 07:00 pm",0,0.209888
"Apr 11, 08:00 pm",0,0.209888
"Apr 11, 09:00 pm",0,0.209888
"Apr 11, 10:00 pm",0,0.209888
"Apr 11, 11:00 pm",0,0.209888
"Apr 12, 12:00 am",0,0.209888
"Apr 12, 01:00 am",0,0.209888
"Apr 12, 02:00 am",0,0.209888
"Apr 12, 03:00 am",0,0.209888
"Apr 12, 04:00 am",0,0.209888
"Apr 12, 05:00 am",0,0.209888
"Apr 12, 06:00 am",0,0.209888
"Apr 12, 07:00 am",0,0.209888
"Apr 12, 08:00 am",0,0.209888
"Apr 12, 09:00 am",2412.25,1.1668
"Apr 12, 10:00 am",2592.64,1.25933
"Apr 12, 11:00 am",2593.16,1.25933
"Apr 12, 12:00 pm",2593.26,1.25933
"Apr 12, 01:00 pm",2593.29,1.25933
"Apr 12, 02:00 pm",2593.28,1.25933
"Apr 12, 03:00 pm",2593.3,1.25933
"Apr 12, 04:00 pm",2590.86,1.25933
"Apr 12, 05:00 pm",862.248,0.419551
"Apr 12, 06:00 pm",13.2937,0.209888
"Apr 12, 07:00 pm",0,0.209888
"Apr 12, 08:00 pm",0,0.209888
"Apr 12, 09:00 pm",0,0.209888
"Apr 12, 10:00 pm",0,0.209888
"Apr 12, 11:00 pm",0,0.209888
"Apr 13, 12:00 am",0,0.209888
"Apr 13, 01:00 am",0,0.209888
"Apr 13, 02:00 am",0,0.209888
"Apr 13, 03:00 am",0,0.209888
"Apr 13, 04:00 am",0,0.209888
"Apr 13, 05:00 am",0,0.209888
"Apr 13, 06:00 am",0,0.209888
"Apr 13, 07:00 am",0,0.209888
"Apr 13, 08:00 am",0,0.209888
"Apr 13, 09:00 am",1742.8,0.905347
"Apr 13, 10:00 am",2592.58,1.25933
"Apr 13, 11:00 am",2593.17,1.25933
"Apr 13, 12:00 pm",2593.32,1.25933
"Apr 13, 01:00 pm",2593.33,1.25933
"Apr 13, 02:00 pm",2593.32,1.25933
"Apr 13, 03:00 pm",2593.3,1.25933
"Apr 13, 04:00 pm",2590.61,1.25933
"Apr 13, 05:00 pm",764.15,0.37192
"Apr 13, 06:00 pm",13.1307,0.209888
"Apr 13, 07:00 pm",0,0.209888
"Apr 13, 08:00 pm",0,0.209888
"Apr 13, 09:00 pm",0,0.209888
"Apr 13, 10:00 pm",0,0.209888
"Apr 13, 11:00 pm",0,0.209888
"Apr 14, 12:00 am",0,0.209888
"Apr 14, 01:00 am",0,0.209888
"Apr 14, 02:00 am",0,0.209888
"Apr 14, 03:00 am",0,0.209888
"Apr 14, 04:00 am",0,0.209888
"Apr 14, 05:00 am",0,0.209888
"Apr 14, 06:00 am",0,0.209888
"Apr 14, 07:00 am",0,0.209888
"Apr 14, 08:00 am",0,0.209888
"Apr 14, 09:00 am",0,0.209888
"Apr 14, 10:00 am",0,0.209888
"Apr 14, 11:00 am",0,0.209888
"Apr 14, 12:00 pm",0,0.209888
"Apr 14, 01:00 pm",0,0.209888
"Apr 14, 02:00 pm",0,0.209888
"Apr 14, 03:00 pm",0,0.209888
"Apr 14, 04:00 pm",0,0.209888
"Apr 14, 05:00 pm",0,0.209888
"Apr 14, 06:00 pm",0,0.209888
"Apr 14, 07:00 pm",0,0.209888
"Apr 14, 08:00 pm",0,0.209888
"Apr 14, 09:00 pm",0,0.209888
"Apr 14, 10:00 pm",0,0.209888
"Apr 14, 11:00 pm",0,0.209888
"Apr 15, 12:00 am",0,0.209888
"Apr 15, 01:00 am",0,0.209888
"Apr 15, 02:00 am",0,0.209888
"Apr 15, 03:00 am",0,0.209888
"Apr 15, 04:00 am",0,0.209888
"Apr 15, 05:00 am",0,0.209888
"Apr 15, 06:00 am",0,0.209888
"Apr 15, 07:00 am",0,0.209888
"Apr 15, 08:00 am",0,0.209888
"Apr 15, 09:00 am",1248.99,0.70345
"Apr 15, 10:00 am",2592.08,1.25933
"Apr 15, 11:00 am",2592.96,1.25933
"Apr 15, 12:00 pm",2593.14,1.25933
"Apr 15, 01:00 pm",2593.19,1.25933
"Apr 15, 02:00 pm",2593.19,1.25933
"Apr 15, 03:00 pm",2592.91,1.25933
"Apr 15, 04:00 pm",2589.7,1.25933
"Apr 15, 05:00 pm",660.556,0.321593
"Apr 15, 06:00 pm",13.4218,0.209888
"Apr 15, 07:00 pm",0,0.209888
"Apr 15, 08:00 pm",0,0.209888
"Apr 15, 09:00 pm",0,0.209888
"Apr 15, 10:00 pm",0,0.209888
"Apr 15, 11:00 pm",0,0.209888
"Apr 16, 12:00 am",0,0.209888
"Apr 16, 01:00 am",0,0.209888
"Apr 16, 02:00 am",0,0.209888
"Apr 16, 03:00 am",0,0.209888
"Apr 16, 04:00 am",0,0.209888
"Apr 16, 05:00 am",0,0.209888
"Apr 16, 06:00 am",0,0.209888
"Apr 16, 07:00 am",0,0.209888
"Apr 16, 08:00 am",0,0.209888
"Apr 16, 09:00 am",0,0.209888
"Apr 16, 10:00 am",0,0.209888
"Apr 16, 11:00 am",0,0.209888
"Apr 16, 12:00 pm",1764.82,0.9095
"Apr 16, 01:00 pm",2593.07,1.25933
"Apr 16, 02:00 pm",2592.91,1.25933
"Apr 16, 03:00 pm",2592.57,1.25933
"Apr 16, 04:00 pm",2589.8,1.25933
"Apr 16, 05:00 pm",601.287,0.292722
"Apr 16, 06:00 pm",13.2595,0.209888
"Apr 16, 07:00 pm",0,0.209888
"Apr 16, 08:00 pm",0,0.209888
"Apr 16, 09:00 pm",0,0.209888
"Apr 16, 10:00 pm",0,0.209888
"Apr 16, 11:00 pm",0,0.209888
"Apr 17, 12:00 am",0,0.209888
"Apr 17, 01:00 am",0,0.209888
"Apr 17, 02:00 am",0,0.209888
"Apr 17, 03:00 am",0,0.209888
"Apr 17, 04:00 am",0,0.209888
"Apr 17, 05:00 am",0,0.209888
"Apr 17, 06:00 am",0,0.209888
"Apr 17, 07:00 am",0,0.209888
"Apr 17, 08:00 am",0,0.209888
"Apr 17, 09:00 am",2211.58,1.07582
"Apr 17, 10:00 am",2591.85,1.25933
"Apr 17, 11:00 am",2592.95,1.25933
"Apr 17, 12:00 pm",2593.12,1.25933
"Apr 17, 01:00 pm",2593.14,1.25933
"Apr 17, 02:00 pm",2593.13,1.25933
"Apr 17, 03:00 pm",2592.88,1.25933
"Apr 17, 04:00 pm",2589.65,1.25933
"Apr 17, 05:00 pm",582.02,0.283493
"Apr 17, 06:00 pm",13.1287,0.209888
"Apr 17, 07:00 pm",0,0.209888
"Apr 17, 08:00 pm",0,0.209888
"Apr 17, 09:00 pm",0,0.209888
"Apr 17, 10:00 pm",0,0.209888
"Apr 17, 11:00 pm",0,0.209888
"Apr 18, 12:00 am",0,0.209888
"Apr 18, 01:00 am",0,0.209888
"Apr 18, 02:00 am",0,0.209888
"Apr 18, 03:00 am",0,0.209888
"Apr 18, 04:00 am",0,0.209888
"Apr 18, 05:00 am",0,0.209888
"Apr 18, 06:00 am",0,0.209888
"Apr 18, 07:00 am",0,0.209888
"Apr 18, 08:00 am",0,0.209888
"Apr 18, 09:00 am",2213.92,1.07698
"Apr 18, 10:00 am",2591.88,1.25933
"Apr 18, 11:00 am",2592.94,1.25933
"Apr 18, 12:00 pm",2593.11,1.25933
"Apr 18, 01:00 pm",2593.12,1.25933
"Apr 18, 02:00 pm",2593.11,1.25933
"Apr 18, 03:00 pm",2592.8,1.25933
"Apr 18, 04:00 pm",2589.79,1.25933
"Apr 18, 05:00 pm",535.14,0.260748
"Apr 18, 06:00 pm",12.9807,0.209888
"Apr 18, 07:00 pm",0,0.209888
"Apr 18, 08:00 pm",0,0.209888
"Apr 18, 09:00 pm",0,0.209888
"Apr 18, 10:00 pm",0,0.209888
"Apr 18, 11:00 pm",0,0.209888
"Apr 19, 12:00 am",0,0.209888
"Apr 19, 01:00 am",0,0.209888
"Apr 19, 02:00 am",0,0.209888
"Apr 19, 03:00 am",0,0.209888
"Apr 19, 04:00 am",0,0.209888
"Apr 19, 05:00 am",0,0.209888
"Apr 19, 06:00 am",0,0.209888
"Apr 19, 07:00 am",0,0.209888
"Apr 19, 08:00 am",0,0.209888
"Apr 19, 09:00 am",1777.31,1.00514
"Apr 19, 10:00 am",2591.08,1.25933
"Apr 19, 11:00 am",2592.52,1.25933
"Apr 19, 12:00 pm",2592.57,1.25933
"Apr 19, 01:00 pm",2592.59,1.25933
"Apr 19, 02:00 pm",2592.58,1.25933
"Apr 19, 03:00 pm",2592.25,1.25933
"Apr 19, 04:00 pm",2544.42,1.23698
"Apr 19, 05:00 pm",476.279,0.232129
"Apr 19, 06:00 pm",13.0785,0.209888
"Apr 19, 07:00 pm",0,0.209888
"Apr 19, 08:00 pm",0,0.209888
"Apr 19, 09:00 pm",0,0.209888
"Apr 19, 10:00 pm",0,0.209888
"Apr 19, 11:00 pm",0,0.209888
"Apr 20, 12:00 am",0,0.209888
"Apr 20, 01:00 am",0,0.209888
"Apr 20, 02:00 am",0,0.209888
"Apr 20, 03:00 am",0,0.209888
"Apr 20, 04:00 am",0,0.209888
"Apr 20, 05:00 am",0,0.209888
"Apr 20, 06:00 am",0,0.209888
"Apr 20, 07:00 am",0,0.209888
"Apr 20, 08:00 am",0,0.209888
"Apr 20, 09:00 am",1846.16,1.03517
"Apr 20, 10:00 am",2591.54,1.25933
"Apr 20, 11:00 am",2592.71,1.25933
"Apr 20, 12:00 pm",2592.83,1.25933
"Apr 20, 01:00 pm",2592.84,1.25933
"Apr 20, 02:00 pm",2592.83,1.25933
"Apr 20, 03:00 pm",2592.53,1.25933
"Apr 20, 04:00 pm",2578.55,1.25346
"Apr 20, 05:00 pm",450.855,0.219836
"Apr 20, 06:00 pm",12.7175,0.209888
"Apr 20, 07:00 pm",0,0.209888
"Apr 20, 08:00 pm",0,0.209888
"Apr 20, 09:00 pm",0,0.209888
"Apr 20, 10:00 pm",0,0.209888
"Apr 20, 11:00 pm",0,0.209888
"Apr 21, 12:00 am",0,0.209888
"Apr 21, 01:00 am",0,0.209888
"Apr 21, 02:00 am",0,0.209888
"Apr 21, 03:00 am",0,0.209888
"Apr 21, 04:00 am",0,0.209888
"Apr 21, 05:00 am",0,0.209888
"Apr 21, 06:00 am",0,0.209888
"Apr 21, 07:00 am",0,0.209888
"Apr 21, 08:00 am",0,0.209888
"Apr 21, 09:00 am",1799.2,1.01928
"Apr 21, 10:00 am",17.0074,0.209888
"Apr 21, 11:00 am",2184.98,1.25933
"Apr 21, 12:00 pm",17.8845,0.209888
"Apr 21, 01:00 pm",0,0.209888
"Apr 21, 02:00 pm",0,0.209888
"Apr 21, 03:00 pm",0,0.209888
"Apr 21, 04:00 pm",0,0.209888
"Apr 21, 05:00 pm",0,0.209888
"Apr 21, 06:00 pm",0,0.209888
"Apr 21, 07:00 pm",0,0.209888
"Apr 21, 08:00 pm",0,0.209888
"Apr 21, 09:00 pm",0,0.209888
"Apr 21, 10:00 pm",0,0.209888
"Apr 21, 11:00 pm",0,0.209888
"Apr 22, 12:00 am",0,0.209888
"Apr 22, 01:00 am",0,0.209888
"Apr 22, 02:00 am",0,0.209888
"Apr 22, 03:00 am",0,0.209888
"Apr 22, 04:00 am",0,0.209888
"Apr 22, 05:00 am",0,0.209888
"Apr 22, 06:00 am",0,0.209888
"Apr 22, 07:00 am",0,0.209888
"Apr 22, 08:00 am",0,0.209888
"Apr 22, 09:00 am",0,0.209888
"Apr 22, 10:00 am",0,0.209888
"Apr 22, 11:00 am",0,0.209888
"Apr 22, 12:00 pm",0,0.209888
"Apr 22, 01:00 pm",0,0.209888
"Apr 22, 02:00 pm",0,0.209888
"Apr 22, 03:00 pm",0,0.209888
"Apr 22, 04:00 pm",0,0.209888
"Apr 22, 05:00 pm",0,0.209888
"Apr 22, 06:00 pm",0,0.209888
"Apr 22, 07:00 pm",0,0.209888
"Apr 22, 08:00 pm",0,0.209888
"Apr 22, 09:00 pm",0,0.209888
"Apr 22, 10:00 pm",0,0.209888
"Apr 22, 11:00 pm",0,0.209888
"Apr 23, 12:00 am",0,0.209888
"Apr 23, 01:00 am",0,0.209888
"Apr 23, 02:00 am",0,0.209888
"Apr 23, 03:00 am",0,0.209888
"Apr 23, 04:00 am",0,0.209888
"Apr 23, 05:00 am",0,0.209888
"Apr 23, 06:00 am",0,0.209888
"Apr 23, 07:00 am",0,0.209888
"Apr 23, 08:00 am",0,0.209888
"Apr 23, 09:00 am",0,0.209888
"Apr 23, 10:00 am",0,0.209888
"Apr 23, 11:00 am",0,0.209888
"Apr 23, 12:00 pm",0,0.209888
"Apr 23, 01:00 pm",0,0.209888
"Apr 23, 02:00 pm",0,0.209888
"Apr 23, 03:00 pm",0,0.209888
"Apr 23, 04:00 pm",0,0.209888
"Apr 23, 05:00 pm",0,0.209888
"Apr 23, 06:00 pm",0,0.209888
"Apr 23, 07:00 pm",0,0.209888
"Apr 23, 08:00 pm",0,0.209888
"Apr 23, 09:00 pm",0,0.209888
"Apr 23, 10:00 pm",0,0.209888
"Apr 23, 11:00 pm",0,0.209888
"Apr 24, 12:00 am",0,0.209888
"Apr 24, 01:00 am",0,0.209888
"Apr 24, 02:00 am",0,0.209888
"Apr 24, 03:00 am",0,0.209888
"Apr 24, 04:00 am",0,0.209888
"Apr 24, 05:00 am",0,0.209888
"Apr 24, 06:00 am",0,0.209888
"Apr 24, 07:00 am",0,0.209888
"Apr 24, 08:00 am",0,0.209888
"Apr 24, 09:00 am",1655.58,0.943905
"Apr 24, 10:00 am",2590.83,1.25933
"Apr 24, 11:00 am",2591.96,1.25933
"Apr 24, 12:00 pm",2591.98,1.25933
"Apr 24, 01:00 pm",2591.98,1.25933
"Apr 24, 02:00 pm",2591.97,1.25933
"Apr 24, 03:00 pm",2591.72,1.25933
"Apr 24, 04:00 pm",2416.48,1.17483
"Apr 24, 05:00 pm",294.289,0.209888
"Apr 24, 06:00 pm",12.1892,0.209888
"Apr 24, 07:00 pm",0,0.209888
"Apr 24, 08:00 pm",0,0.209888
"Apr 24, 09:00 pm",0,0.209888
"Apr 24, 10:00 pm",0,0.209888
"Apr 24, 11:00 pm",0,0.209888
"Apr 25, 12:00 am",0,0.209888
"Apr 25, 01:00 am",0,0.209888
"Apr 25, 02:00 am",0,0.209888
"Apr 25, 03:00 am",0,0.209888
"Apr 25, 04:00 am",0,0.209888
"Apr 25, 05:00 am",0,0.209888
"Apr 25, 06:00 am",0,0.209888
"Apr 25, 07:00 am",0,0.209888
"Apr 25, 08:00 am",0,0.209888
"Apr 25, 09:00 am",1655.51,0.942718
"Apr 25, 10:00 am",2590.56,1.25933
"Apr 25, 11:00 am",2591.81,1.25933
"Apr 25, 12:00 pm",2591.82,1.25933
"Apr 25, 01:00 pm",2591.84,1.25933
"Apr 25, 02:00 pm",2591.83,1.25933
"Apr 25, 03:00 pm",2591.82,1.25933
"Apr 25, 04:00 pm",2383.34,1.15874
"Apr 25, 05:00 pm",262.152,0.209888
"Apr 25, 06:00 pm",12.3681,0.209888
"Apr 25, 07:00 pm",0,0.209888
"Apr 25, 08:00 pm",0,0.209888
"Apr 25, 09:00 pm",0,0.209888
"Apr 25, 10:00 pm",0,0.209888
"Apr 25, 11:00 pm",0,0.209888
"Apr 26, 12:00 am",0,0.209888
"Apr 26, 01:00 am",0,0.209888
"Apr 26, 02:00 am",0,0.209888
"Apr 26, 03:00 am",0,0.209888
"Apr 26, 04:00 am",0,0.209888
"Apr 26, 05:00 am",0,0.209888
"Apr 26, 06:00 am",0,0.209888
"Apr 26, 07:00 am",0,0.209888
"Apr 26, 08:00 am",0,0.209888
"Apr 26, 09:00 am",1675.25,0.953879
"Apr 26, 10:00 am",2590.83,1.25933
"Apr 26, 11:00 am",2592.12,1.25933
"Apr 26, 12:00 pm",2592.15,1.25933
"Apr 26, 01:00 pm",2592.17,1.25933
"Apr 26, 02:00 pm",2592.18,1.25933
"Apr 26, 03:00 pm",2592.17,1.25933
"Apr 26, 04:00 pm",2425.02,1.17894
"Apr 26, 05:00 pm",247.515,0.209888
"Apr 26, 06:00 pm",12.7452,0.209888
"Apr 26, 07:00 pm",0,0.209888
"Apr 26, 08:00 pm",0,0.209888
"Apr 26, 09:00 pm",0,0.209888
"Apr 26, 10:00 pm",0,0.209888
"Apr 26, 11:00 pm",0,0.209888
"Apr 27, 12:00 am",0,0.209888
"Apr 27, 01:00 am",0,0.209888
"Apr 27, 02:00 am",0,0.209888
"Apr 27, 03:00 am",0,0.209888
"Apr 27, 04:00 am",0,0.209888
"Apr 27, 05:00 am",0,0.209888
"Apr 27, 06:00 am",0,0.209888
"Apr 27, 07:00 am",0,0.209888
"Apr 27, 08:00 am",0,0.209888
"Apr 27, 09:00 am",1678.39,0.955335
"Apr 27, 10:00 am",2590.88,1.25933
"Apr 27, 11:00 am",2592.1,1.25933
"Apr 27, 12:00 pm",2592.14,1.25933
"Apr 27, 01:00 pm",2592.16,1.25933
"Apr 27, 02:00 pm",2592.18,1.25933
"Apr 27, 03:00 pm",2592.13,1.25933
"Apr 27, 04:00 pm",2393.92,1.16382
"Apr 27, 05:00 pm",221.413,0.209888
"Apr 27, 06:00 pm",13.1057,0.209888
"Apr 27, 07:00 pm",0,0.209888
"Apr 27, 08:00 pm",0,0.209888
"Apr 27, 09:00 pm",0,0.209888
"Apr 27, 10:00 pm",0,0.209888
"Apr 27, 11:00 pm",0,0.209888
"Apr 28, 12:00 am",0,0.209888
"Apr 28, 01:00 am",0,0.209888
"Apr 28, 02:00 am",0,0.209888
"Apr 28, 03:00 am",0,0.209888
"Apr 28, 04:00 am",0,0.209888
"Apr 28, 05:00 am",0,0.209888
"Apr 28, 06:00 am",0,0.209888
"Apr 28, 07:00 am",0,0.209888
"Apr 28, 08:00 am",0,0.209888
"Apr 28, 09:00 am",0,0.209888
"Apr 28, 10:00 am",0,0.209888
"Apr 28, 11:00 am",1754.39,0.9095
"Apr 28, 12:00 pm",2591.89,1.25933
"Apr 28, 01:00 pm",2591.59,1.25933
"Apr 28, 02:00 pm",2591.6,1.25933
"Apr 28, 03:00 pm",2591.35,1.25933
"Apr 28, 04:00 pm",2289.22,1.11311
"Apr 28, 05:00 pm",178.012,0.209888
"Apr 28, 06:00 pm",12.5824,0.209888
"Apr 28, 07:00 pm",0,0.209888
"Apr 28, 08:00 pm",0,0.209888
"Apr 28, 09:00 pm",0,0.209888
"Apr 28, 10:00 pm",0,0.209888
"Apr 28, 11:00 pm",0,0.209888
"Apr 29, 12:00 am",0,0.209888
"Apr 29, 01:00 am",0,0.209888
"Apr 29, 02:00 am",0,0.209888
"Apr 29, 03:00 am",0,0.209888
"Apr 29, 04:00 am",0,0.209888
"Apr 29, 05:00 am",0,0.209888
"Apr 29, 06:00 am",0,0.209888
"Apr 29, 07:00 am",0,0.209888
"Apr 29, 08:00 am",0,0.209888
"Apr 29, 09:00 am",1539.95,0.879543
"Apr 29, 10:00 am",2590.3,1.25933
"Apr 29, 11:00 am",17.2085,0.209888
"Apr 29, 12:00 pm",2161.83,1.24989
"Apr 29, 01:00 pm",2590.8,1.25933
"Apr 29, 02:00 pm",2590.8,1.25933
"Apr 29, 03:00 pm",2590.79,1.25933
"Apr 29, 04:00 pm",2179.93,1.05968
"Apr 29, 05:00 pm",141.883,0.209888
"Apr 29, 06:00 pm",12.4558,0.209888
"Apr 29, 07:00 pm",0,0.209888
"Apr 29, 08:00 pm",0,0.209888
"Apr 29, 09:00 pm",0,0.209888
"Apr 29, 10:00 pm",0,0.209888
"Apr 29, 11:00 pm",0,0.209888
"Apr 30, 12:00 am",0,0.209888
"Apr 30, 01:00 am",0,0.209888
"Apr 30, 02:00 am",0,0.209888
"Apr 30, 03:00 am",0,0.209888
"Apr 30, 04:00 am",0,0.209888
"Apr 30, 05:00 am",0,0.209888
"Apr 30, 06:00 am",0,0.209888
"Apr 30, 07:00 am",0,0.209888
"Apr 30, 08:00 am",0,0.209888
"Apr 30, 09:00 am",0,0.209888
"Apr 30, 10:00 am",0,0.209888
"Apr 30, 11:00 am",0,0.209888
"Apr 30, 12:00 pm",0,0.209888
"Apr 30, 01:00 pm",0,0.209888
"Apr 30, 02:00 pm",0,0.209888
"Apr 30, 03:00 pm",0,0.209888
"Apr 30, 04:00 pm",1315.29,0.730761
"Apr 30, 05:00 pm",118.773,0.209888
"Apr 30, 06:00 pm",12.2405,0.209888
"Apr 30, 07:00 pm",0,0.209888
"Apr 30, 08:00 pm",0,0.209888
"Apr 30, 09:00 pm",0,0.209888
"Apr 30, 10:00 pm",0,0.209888
"Apr 30, 11:00 pm",0,0.209888
"May 1, 12:00 am",0,0.209888
"May 1, 01:00 am",0,0.209888
"May 1, 02:00 am",0,0.209888
"May 1, 03:00 am",0,0.209888
"May 1, 04:00 am",0,0.209888
"May 1, 05:00 am",0,0.209888
"May 1, 06:00 am",0,0.209888
"May 1, 07:00 am",0,0.209888
"May 1, 08:00 am",0,0.209888
"May 1, 09:00 am",1507.81,0.862035
"May 1, 10:00 am",2590.17,1.25933
"May 1, 11:00 am",2590.92,1.25933
"May 1, 12:00 pm",2590.95,1.25933
"May 1, 01:00 pm",2590.96,1.25933
"May 1, 02:00 pm",2590.71,1.25933
"May 1, 03:00 pm",2590.7,1.25933
"May 1, 04:00 pm",2163.34,1.05151
"May 1, 05:00 pm",104.844,0.209888
"May 1, 06:00 pm",12.7502,0.209888
"May 1, 07:00 pm",0,0.209888
"May 1, 08:00 pm",0,0.209888
"May 1, 09:00 pm",0,0.209888
"May 1, 10:00 pm",0,0.209888
"May 1, 11:00 pm",0,0.209888
"May 2, 12:00 am",0,0.209888
"May 2, 01:00 am",0,0.209888
"May 2, 02:00 am",0,0.209888
"May 2, 03:00 am",0,0.209888
"May 2, 04:00 am",0,0.209888
"May 2, 05:00 am",0,0.209888
"May 2, 06:00 am",0,0.209888
"May 2, 07:00 am",0,0.209888
"May 2, 08:00 am",0,0.209888
"May 2, 09:00 am",0,0.209888
"May 2, 10:00 am",0,0.209888
"May 2, 11:00 am",1746.71,0.9095
"May 2, 12:00 pm",2590.61,1.25933
"May 2, 01:00 pm",2590.62,1.25933
"May 2, 02:00 pm",2590.63,1.25933
"May 2, 03:00 pm",2590.62,1.25933
"May 2, 04:00 pm",2112.96,1.02671
"May 2, 05:00 pm",81.3681,0.209888
"May 2, 06:00 pm",12.6918,0.209888
"May 2, 07:00 pm",0,0.209888
"May 2, 08:00 pm",0,0.209888
"May 2, 09:00 pm",0,0.209888
"May 2, 10:00 pm",0,0.209888
"May 2, 11:00 pm",0,0.209888
"May 3, 12:00 am",0,0.209888
"May 3, 01:00 am",0,0.209888
"May 3, 02:00 am",0,0.209888
"May 3, 03:00 am",0,0.209888
"May 3, 04:00 am",0,0.209888
"May 3, 05:00 am",0,0.209888
"May 3, 06:00 am",0,0.209888
"May 3, 07:00 am",0,0.209888
"May 3, 08:00 am",0,0.209888
"May 3, 09:00 am",1148.13,0.801657
"May 3, 10:00 am",2588.7,1.25933
"May 3, 11:00 am",2590.54,1.25933
"May 3, 12:00 pm",2593.55,1.25933
"May 3, 01:00 pm",2593.5,1.25933
"May 3, 02:00 pm",2592.35,1.25933
"May 3, 03:00 pm",2592.78,1.25933
"May 3, 04:00 pm",2058.43,0.999881
"May 3, 05:00 pm",61.5359,0.209888
"May 3, 06:00 pm",12.6358,0.209888
"May 3, 07:00 pm",0,0.209888
"May 3, 08:00 pm",0,0.209888
"May 3, 09:00 pm",0,0.209888
"May 3, 10:00 pm",0,0.209888
"May 3, 11:00 pm",0,0.209888
"May 4, 12:00 am",0,0.209888
"May 4, 01:00 am",0,0.209888
"May 4, 02:00 am",0,0.209888
"May 4, 03:00 am",0,0.209888
"May 4, 04:00 am",0,0.209888
"May 4, 05:00 am",0,0.209888
"May 4, 06:00 am",0,0.209888
"May 4, 07:00 am",0,0.209888
"May 4, 08:00 am",0,0.209888
"May 4, 09:00 am",823.786,0.504246
"May 4, 10:00 am",2589.58,1.25933
"May 4, 11:00 am",2590.47,1.25933
"May 4, 12:00 pm",17.2818,0.209888
"May 4, 01:00 pm",2158.67,1.23728
"May 4, 02:00 pm",2589.46,1.25933
"May 4, 03:00 pm",17.2585,0.209888
"May 4, 04:00 pm",0,0.209888
"May 4, 05:00 pm",0,0.209888
"May 4, 06:00 pm",0,0.209888
"May 4, 07:00 pm",0,0.209888
"May 4, 08:00 pm",0,0.209888
"May 4, 09:00 pm",0,0.209888
"May 4, 10:00 pm",0,0.209888
"May 4, 11:00 pm",0,0.209888
"May 5, 12:00 am",0,0.209888
"May 5, 01:00 am",0,0.209888
"May 5, 02:00 am",0,0.209888
"May 5, 03:00 am",0,0.209888
"May 5, 04:00 am",0,0.209888
"May 5, 05:00 am",0,0.209888
"May 5, 06:00 am",0,0.209888
"May 5, 07:00 am",0,0.209888
"May 5, 08:00 am",0,0.209888
"May 5, 09:00 am",0,0.209888
"May 5, 10:00 am",0,0.209888
"May 5, 11:00 am",0,0.209888
"May 5, 12:00 pm",0,0.209888
"May 5, 01:00 pm",0,0.209888
"May 5, 02:00 pm",0,0.209888
"May 5, 03:00 pm",1744.49,0.9095
"May 5, 04:00 pm",2013.05,0.978622
"May 5, 05:00 pm",30.3129,0.209888
"May 5, 06:00 pm",12.1987,0.209888
"May 5, 07:00 pm",0,0.209888
"May 5, 08:00 pm",0,0.209888
"May 5, 09:00 pm",0,0.209888
"May 5, 10:00 pm",0,0.209888
"May 5, 11:00 pm",0,0.209888
"May 6, 12:00 am",0,0.209888
"May 6, 01:00 am",0,0.209888
"May 6, 02:00 am",0,0.209888
"May 6, 03:00 am",0,0.209888
"May 6, 04:00 am",0,0.209888
"May 6, 05:00 am",0,0.209888
"May 6, 06:00 am",0,0.209888
"May 6, 07:00 am",0,0.209888
"May 6, 08:00 am",0,0.209888
"May 6, 09:00 am",866.617,0.523757
"May 6, 10:00 am",2589.03,1.25933
"May 6, 11:00 am",2590.58,1.25933
"May 6, 12:00 pm",2590.61,1.25933
"May 6, 01:00 pm",2590.63,1.25933
"May 6, 02:00 pm",2593.05,1.25933
"May 6, 03:00 pm",2590.76,1.25933
"May 6, 04:00 pm",2063.12,1.00223
"May 6, 05:00 pm",26.5704,0.209888
"May 6, 06:00 pm",12.6412,0.209888
"May 6, 07:00 pm",0,0.209888
"May 6, 08:00 pm",0,0.209888
"May 6, 09:00 pm",0,0.209888
"May 6, 10:00 pm",0,0.209888
"May 6, 11:00 pm",0,0.209888
"May 7, 12:00 am",0,0.209888
"May 7, 01:00 am",0,0.209888
"May 7, 02:00 am",0,0.209888
"May 7, 03:00 am",0,0.209888
"May 7, 04:00 am",0,0.209888
"May 7, 05:00 am",0,0.209888
"May 7, 06:00 am",0,0.209888
"May 7, 07:00 am",0,0.209888
"May 7, 08:00 am",0,0.209888
"May 7, 09:00 am",1124.33,0.786907
"May 7, 10:00 am",2588.68,1.25933
"May 7, 11:00 am",2590.53,1.25933
"May 7, 12:00 pm",2593.24,1.25933
"May 7, 01:00 pm",2593.48,1.25933
"May 7, 02:00 pm",2593.1,1.25933
"May 7, 03:00 pm",2593.62,1.25933
"May 7, 04:00 pm",2054.81,0.998006
"May 7, 05:00 pm",24.1147,0.209888
"May 7, 06:00 pm",11.2871,0.209888
"May 7, 07:00 pm",0,0.209888
"May 7, 08:00 pm",0,0.209888
"May 7, 09:00 pm",0,0.209888
"May 7, 10:00 pm",0,0.209888
"May 7, 11:00 pm",0,0.209888
"May 8, 12:00 am",0,0.209888
"May 8, 01:00 am",0,0.209888
"May 8, 02:00 am",0,0.209888
"May 8, 03:00 am",0,0.209888
"May 8, 04:00 am",0,0.209888
"May 8, 05:00 am",0,0.209888
"May 8, 06:00 am",0,0.209888
"May 8, 07:00 am",0,0.209888
"May 8, 08:00 am",0,0.209888
"May 8, 09:00 am",1126.31,0.788276
"May 8, 10:00 am",2588.66,1.25933
"May 8, 11:00 am",2590.59,1.25933
"May 8, 12:00 pm",2590.62,1.25933
"May 8, 01:00 pm",2593.39,1.25933
"May 8, 02:00 pm",2593.26,1.25933
"May 8, 03:00 pm",2593.69,1.25933
"May 8, 04:00 pm",2054.38,0.997786
"May 8, 05:00 pm",22.6681,0.209888
"May 8, 06:00 pm",9.36866,0.209888
"May 8, 07:00 pm",0,0.209888
"May 8, 08:00 pm",0,0.209888
"May 8, 09:00 pm",0,0.209888
"May 8, 10:00 pm",0,0.209888
"May 8, 11:00 pm",0,0.209888
"May 9, 12:00 am",0,0.209888
"May 9, 01:00 am",0,0.209888
"May 9, 02:00 am",0,0.209888
"May 9, 03:00 am",0,0.209888
"May 9, 04:00 am",0,0.209888
"May 9, 05:00 am",0,0.209888
"May 9, 06:00 am",0,0.209888
"May 9, 07:00 am",0,0.209888
"May 9, 08:00 am",0,0.209888
"May 9, 09:00 am",1099.92,0.771103
"May 9, 10:00 am",2588.94,1.25933
"May 9, 11:00 am",2592.55,1.25933
"May 9, 12:00 pm",2591.48,1.25933
"May 9, 01:00 pm",2591.13,1.25933
"May 9, 02:00 pm",2590.54,1.25933
"May 9, 03:00 pm",2590.53,1.25933
"May 9, 04:00 pm",1996.22,0.970519
"May 9, 05:00 pm",20.4909,0.209888
"May 9, 06:00 pm",0,0.209888
"May 9, 07:00 pm",0,0.209888
"May 9, 08:00 pm",0,0.209888
"May 9, 09:00 pm",0,0.209888
"May 9, 10:00 pm",0,0.209888
"May 9, 11:00 pm",0,0.209888
"May 10, 12:00 am",0,0.209888
"May 10, 01:00 am",0,0.209888
"May 10, 02:00 am",0,0.209888
"May 10, 03:00 am",0,0.209888
"May 10, 04:00 am",0,0.209888
"May 10, 05:00 am",0,0.209888
"May 10, 06:00 am",0,0.209888
"May 10, 07:00 am",0,0.209888
"May 10, 08:00 am",0,0.209888
"May 10, 09:00 am",1074.49,0.755089
"May 10, 10:00 am",2589.36,1.25933
"May 10, 11:00 am",2590.74,1.25933
"May 10, 12:00 pm",2589.76,1.25933
"May 10, 01:00 pm",2589.79,1.25933
"May 10, 02:00 pm",2589.87,1.25933
"May 10, 03:00 pm",2589.86,1.25933
"May 10, 04:00 pm",1976.52,0.960933
"May 10, 05:00 pm",19.3559,0.209888
"May 10, 06:00 pm",0,0.209888
"May 10, 07:00 pm",0,0.209888
"May 10, 08:00 pm",0,0.209888
"May 10, 09:00 pm",0,0.209888
"May 10, 10:00 pm",0,0.209888
"May 10, 11:00 pm",0,0.209888
"May 11, 12:00 am",0,0.209888
"May 11, 01:00 am",0,0.209888
"May 11, 02:00 am",0,0.209888
"May 11, 03:00 am",0,0.209888
"May 11, 04:00 am",0,0.209888
"May 11, 05:00 am",0,0.209888
"May 11, 06:00 am",0,0.209888
"May 11, 07:00 am",0,0.209888
"May 11, 08:00 am",0,0.209888
"May 11, 09:00 am",1047.31,0.738232
"May 11, 10:00 am",2592.57,1.25933
"May 11, 11:00 am",2589.89,1.25933
"May 11, 12:00 pm",2589.71,1.25933
"May 11, 01:00 pm",2589.74,1.25933
"May 11, 02:00 pm",2589.75,1.25933
"May 11, 03:00 pm",2589.73,1.25933
"May 11, 04:00 pm",1925.06,0.935923
"May 11, 05:00 pm",17.9159,0.209888
"May 11, 06:00 pm",0,0.209888
"May 11, 07:00 pm",0,0.209888
"May 11, 08:00 pm",0,0.209888
"May 11, 09:00 pm",0,0.209888
"May 11, 10:00 pm",0,0.209888
"May 11, 11:00 pm",0,0.209888
"May 12, 12:00 am",0,0.209888
"May 12, 01:00 am",0,0.209888
"May 12, 02:00 am",0,0.209888
"May 12, 03:00 am",0,0.209888
"May 12, 04:00 am",0,0.209888
"May 12, 05:00 am",0,0.209888
"May 12, 06:00 am",0,0.209888
"May 12, 07:00 am",0,0.209888
"May 12, 08:00 am",0,0.209888
"May 12, 09:00 am",764.074,0.476636
"May 12, 10:00 am",15.8353,0.209888
"May 12, 11:00 am",0,0.209888
"May 12, 12:00 pm",2159.44,1.23148
"May 12, 01:00 pm",2589.39,1.25933
"May 12, 02:00 pm",2589.39,1.25933
"May 12, 03:00 pm",2589.38,1.25933
"May 12, 04:00 pm",1896.13,0.921883
"May 12, 05:00 pm",16.3334,0.209888
"May 12, 06:00 pm",0,0.209888
"May 12, 07:00 pm",0,0.209888
"May 12, 08:00 pm",0,0.209888
"May 12, 09:00 pm",0,0.209888
"May 12, 10:00 pm",0,0.209888
"May 12, 11:00 pm",0,0.209888
"May 13, 12:00 am",0,0.209888
"May 13, 01:00 am",0,0.209888
"May 13, 02:00 am",0,0.209888
"May 13, 03:00 am",0,0.209888
"May 13, 04:00 am",0,0.209888
"May 13, 05:00 am",0,0.209888
"May 13, 06:00 am",0,0.209888
"May 13, 07:00 am",0,0.209888
"May 13, 08:00 am",0,0.209888
"May 13, 09:00 am",1040.43,0.576159
"May 13, 10:00 am",2586.95,1.25933
"May 13, 11:00 am",2589.23,1.25933
"May 13, 12:00 pm",2589.33,1.25933
"May 13, 01:00 pm",2589.5,1.25933
"May 13, 02:00 pm",2589.5,1.25933
"May 13, 03:00 pm",2589.49,1.25933
"May 13, 04:00 pm",1870.36,0.909344
"May 13, 05:00 pm",15.4885,0.209888
"May 13, 06:00 pm",0,0.209888
"May 13, 07:00 pm",0,0.209888
"May 13, 08:00 pm",0,0.209888
"May 13, 09:00 pm",0,0.209888
"May 13, 10:00 pm",0,0.209888
"May 13, 11:00 pm",0,0.209888
"May 14, 12:00 am",0,0.209888
"May 14, 01:00 am",0,0.209888
"May 14, 02:00 am",0,0.209888
"May 14, 03:00 am",0,0.209888
"May 14, 04:00 am",0,0.209888
"May 14, 05:00 am",0,0.209888
"May 14, 06:00 am",0,0.209888
"May 14, 07:00 am",0,0.209888
"May 14, 08:00 am",0,0.209888
"May 14, 09:00 am",0,0.209888
"May 14, 10:00 am",0,0.209888
"May 14, 11:00 am",1736.38,0.9095
"May 14, 12:00 pm",2589.84,1.25933
"May 14, 01:00 pm",2590.12,1.25933
"May 14, 02:00 pm",2590.12,1.25933
"May 14, 03:00 pm",2590.13,1.25933
"May 14, 04:00 pm",1819.54,0.884644
"May 14, 05:00 pm",14.3372,0.209888
"May 14, 06:00 pm",0,0.209888
"May 14, 07:00 pm",0,0.209888
"May 14, 08:00 pm",0,0.209888
"May 14, 09:00 pm",0,0.209888
"May 14, 10:00 pm",0,0.209888
"May 14, 11:00 pm",0,0.209888
"May 15, 12:00 am",0,0.209888
"May 15, 01:00 am",0,0.209888
"May 15, 02:00 am",0,0.209888
"May 15, 03:00 am",0,0.209888
"May 15, 04:00 am",0,0.209888
"May 15, 05:00 am",0,0.209888
"May 15, 06:00 am",0,0.209888
"May 15, 07:00 am",0,0.209888
"May 15, 08:00 am",0,0.209888
"May 15, 09:00 am",0,0.209888
"May 15, 10:00 am",0,0.209888
"May 15, 11:00 am",0,0.209888
"May 15, 12:00 pm",1733.17,0.9095
"May 15, 01:00 pm",16.8401,0.209888
"May 15, 02:00 pm",0,0.209888
"May 15, 03:00 pm",0,0.209888
"May 15, 04:00 pm",0,0.209888
"May 15, 05:00 pm",0,0.209888
"May 15, 06:00 pm",0,0.209888
"May 15, 07:00 pm",0,0.209888
"May 15, 08:00 pm",0,0.209888
"May 15, 09:00 pm",0,0.209888
"May 15, 10:00 pm",0,0.209888
"May 15, 11:00 pm",0,0.209888
"May 16, 12:00 am",0,0.209888
"May 16, 01:00 am",0,0.209888
"May 16, 02:00 am",0,0.209888
"May 16, 03:00 am",0,0.209888
"May 16, 04:00 am",0,0.209888
"May 16, 05:00 am",0,0.209888
"May 16, 06:00 am",0,0.209888
"May 16, 07:00 am",0,0.209888
"May 16, 08:00 am",0,0.209888
"May 16, 09:00 am",670.621,0.430586
"May 16, 10:00 am",2303.82,1.1204
"May 16, 11:00 am",2499.84,1.21612
"May 16, 12:00 pm",2476.01,1.2051
"May 16, 01:00 pm",16.8498,0.209888
"May 16, 02:00 pm",2079.02,1.18037
"May 16, 03:00 pm",16.8482,0.209888
"May 16, 04:00 pm",0,0.209888
"May 16, 05:00 pm",0,0.209888
"May 16, 06:00 pm",0,0.209888
"May 16, 07:00 pm",0,0.209888
"May 16, 08:00 pm",0,0.209888
"May 16, 09:00 pm",0,0.209888
"May 16, 10:00 pm",0,0.209888
"May 16, 11:00 pm",0,0.209888
"May 17, 12:00 am",0,0.209888
"May 17, 01:00 am",0,0.209888
"May 17, 02:00 am",0,0.209888
"May 17, 03:00 am",0,0.209888
"May 17, 04:00 am",0,0.209888
"May 17, 05:00 am",0,0.209888
"May 17, 06:00 am",0,0.209888
"May 17, 07:00 am",0,0.209888
"May 17, 08:00 am",0,0.209888
"May 17, 09:00 am",0,0.209888
"May 17, 10:00 am",1325.5,0.734593
"May 17, 11:00 am",2592.73,1.25933
"May 17, 12:00 pm",16.9046,0.209888
"May 17, 01:00 pm",0,0.209888
"May 17, 02:00 pm",0,0.209888
"May 17, 03:00 pm",0,0.209888
"May 17, 04:00 pm",0,0.209888
"May 17, 05:00 pm",0,0.209888
"May 17, 06:00 pm",0,0.209888
"May 17, 07:00 pm",0,0.209888
"May 17, 08:00 pm",0,0.209888
"May 17, 09:00 pm",0,0.209888
"May 17, 10:00 pm",0,0.209888
"May 17, 11:00 pm",0,0.209888
"May 18, 12:00 am",0,0.209888
"May 18, 01:00 am",0,0.209888
"May 18, 02:00 am",0,0.209888
"May 18, 03:00 am",0,0.209888
"May 18, 04:00 am",0,0.209888
"May 18, 05:00 am",0,0.209888
"May 18, 06:00 am",0,0.209888
"May 18, 07:00 am",0,0.209888
"May 18, 08:00 am",0,0.209888
"May 18, 09:00 am",0,0.209888
"May 18, 10:00 am",1320.99,0.734593
"May 18, 11:00 am",2524.59,1.22761
"May 18, 12:00 pm",2481.1,1.20742
"May 18, 01:00 pm",16.7272,0.209888
"May 18, 02:00 pm",0,0.209888
"May 18, 03:00 pm",0,0.209888
"May 18, 04:00 pm",0,0.209888
"May 18, 05:00 pm",0,0.209888
"May 18, 06:00 pm",0,0.209888
"May 18, 07:00 pm",0,0.209888
"May 18, 08:00 pm",0,0.209888
"May 18, 09:00 pm",0,0.209888
"May 18, 10:00 pm",0,0.209888
"May 18, 11:00 pm",0,0.209888
"May 19, 12:00 am",0,0.209888
"May 19, 01:00 am",0,0.209888
"May 19, 02:00 am",0,0.209888
"May 19, 03:00 am",0,0.209888
"May 19, 04:00 am",0,0.209888
"May 19, 05:00 am",0,0.209888
"May 19, 06:00 am",0,0.209888
"May 19, 07:00 am",0,0.209888
"May 19, 08:00 am",0,0.209888
"May 19, 09:00 am",0,0.209888
"May 19, 10:00 am",0,0.209888
"May 19, 11:00 am",0,0.209888
"May 19, 12:00 pm",0,0.209888
"May 19, 01:00 pm",0,0.209888
"May 19, 02:00 pm",0,0.209888
"May 19, 03:00 pm",0,0.209888
"May 19, 04:00 pm",0,0.209888
"May 19, 05:00 pm",0,0.209888
"May 19, 06:00 pm",0,0.209888
"May 19, 07:00 pm",0,0.209888
"May 19, 08:00 pm",0,0.209888
"May 19, 09:00 pm",0,0.209888
"May 19, 10:00 pm",0,0.209888
"May 19, 11:00 pm",0,0.209888
"May 20, 12:00 am",0,0.209888
"May 20, 01:00 am",0,0.209888
"May 20, 02:00 am",0,0.209888
"May 20, 03:00 am",0,0.209888
"May 20, 04:00 am",0,0.209888
"May 20, 05:00 am",0,0.209888
"May 20, 06:00 am",0,0.209888
"May 20, 07:00 am",0,0.209888
"May 20, 08:00 am",0,0.209888
"May 20, 09:00 am",0,0.209888
"May 20, 10:00 am",0,0.209888
"May 20, 11:00 am",0,0.209888
"May 20, 12:00 pm",0,0.209888
"May 20, 01:00 pm",0,0.209888
"May 20, 02:00 pm",0,0.209888
"May 20, 03:00 pm",0,0.209888
"May 20, 04:00 pm",0,0.209888
"May 20, 05:00 pm",0,0.209888
"May 20, 06:00 pm",0,0.209888
"May 20, 07:00 pm",0,0.209888
"May 20, 08:00 pm",0,0.209888
"May 20, 09:00 pm",0,0.209888
"May 20, 10:00 pm",0,0.209888
"May 20, 11:00 pm",0,0.209888
"May 21, 12:00 am",0,0.209888
"May 21, 01:00 am",0,0.209888
"May 21, 02:00 am",0,0.209888
"May 21, 03:00 am",0,0.209888
"May 21, 04:00 am",0,0.209888
"May 21, 05:00 am",0,0.209888
"May 21, 06:00 am",0,0.209888
"May 21, 07:00 am",0,0.209888
"May 21, 08:00 am",0,0.209888
"May 21, 09:00 am",0,0.209888
"May 21, 10:00 am",0,0.209888
"May 21, 11:00 am",0,0.209888
"May 21, 12:00 pm",0,0.209888
"May 21, 01:00 pm",0,0.209888
"May 21, 02:00 pm",0,0.209888
"May 21, 03:00 pm",0,0.209888
"May 21, 04:00 pm",559.716,0.407454
"May 21, 05:00 pm",13.541,0.209888
"May 21, 06:00 pm",0,0.209888
"May 21, 07:00 pm",0,0.209888
"May 21, 08:00 pm",0,0.209888
"May 21, 09:00 pm",0,0.209888
"May 21, 10:00 pm",0,0.209888
"May 21, 11:00 pm",0,0.209888
"May 22, 12:00 am",0,0.209888
"May 22, 01:00 am",0,0.209888
"May 22, 02:00 am",0,0.209888
"May 22, 03:00 am",0,0.209888
"May 22, 04:00 am",0,0.209888
"May 22, 05:00 am",0,0.209888
"May 22, 06:00 am",0,0.209888
"May 22, 07:00 am",0,0.209888
"May 22, 08:00 am",0,0.209888
"May 22, 09:00 am",0,0.209888
"May 22, 10:00 am",0,0.209888
"May 22, 11:00 am",0,0.209888
"May 22, 12:00 pm",0,0.209888
"May 22, 01:00 pm",0,0.209888
"May 22, 02:00 pm",0,0.209888
"May 22, 03:00 pm",0,0.209888
"May 22, 04:00 pm",0,0.209888
"May 22, 05:00 pm",0,0.209888
"May 22, 06:00 pm",0,0.209888
"May 22, 07:00 pm",0,0.209888
"May 22, 08:00 pm",0,0.209888
"May 22, 09:00 pm",0,0.209888
"May 22, 10:00 pm",0,0.209888
"May 22, 11:00 pm",0,0.209888
"May 23, 12:00 am",0,0.209888
"May 23, 01:00 am",0,0.209888
"May 23, 02:00 am",0,0.209888
"May 23, 03:00 am",0,0.209888
"May 23, 04:00 am",0,0.209888
"May 23, 05:00 am",0,0.209888
"May 23, 06:00 am",0,0.209888
"May 23, 07:00 am",0,0.209888
"May 23, 08:00 am",0,0.209888
"May 23, 09:00 am",0,0.209888
"May 23, 10:00 am",0,0.209888
"May 23, 11:00 am",0,0.209888
"May 23, 12:00 pm",0,0.209888
"May 23, 01:00 pm",0,0.209888
"May 23, 02:00 pm",0,0.209888
"May 23, 03:00 pm",0,0.209888
"May 23, 04:00 pm",0,0.209888
"May 23, 05:00 pm",0,0.209888
"May 23, 06:00 pm",0,0.209888
"May 23, 07:00 pm",0,0.209888
"May 23, 08:00 pm",0,0.209888
"May 23, 09:00 pm",0,0.209888
"May 23, 10:00 pm",0,0.209888
"May 23, 11:00 pm",0,0.209888
"May 24, 12:00 am",0,0.209888
"May 24, 01:00 am",0,0.209888
"May 24, 02:00 am",0,0.209888
"May 24, 03:00 am",0,0.209888
"May 24, 04:00 am",0,0.209888
"May 24, 05:00 am",0,0.209888
"May 24, 06:00 am",0,0.209888
"May 24, 07:00 am",0,0.209888
"May 24, 08:00 am",0,0.209888
"May 24, 09:00 am",0,0.209888
"May 24, 10:00 am",0,0.209888
"May 24, 11:00 am",0,0.209888
"May 24, 12:00 pm",0,0.209888
"May 24, 01:00 pm",0,0.209888
"May 24, 02:00 pm",0,0.209888
"May 24, 03:00 pm",0,0.209888
"May 24, 04:00 pm",0,0.209888
"May 24, 05:00 pm",0,0.209888
"May 24, 06:00 pm",0,0.209888
"May 24, 07:00 pm",0,0.209888
"May 24, 08:00 pm",0,0.209888
"May 24, 09:00 pm",0,0.209888
"May 24, 10:00 pm",0,0.209888
"May 24, 11:00 pm",0,0.209888
"May 25, 12:00 am",0,0.209888
"May 25, 01:00 am",0,0.209888
"May 25, 02:00 am",0,0.209888
"May 25, 03:00 am",0,0.209888
"May 25, 04:00 am",0,0.209888
"May 25, 05:00 am",0,0.209888
"May 25, 06:00 am",0,0.209888
"May 25, 07:00 am",0,0.209888
"May 25, 08:00 am",0,0.209888
"May 25, 09:00 am",0,0.209888
"May 25, 10:00 am",0,0.209888
"May 25, 11:00 am",0,0.209888
"May 25, 12:00 pm",0,0.209888
"May 25, 01:00 pm",0,0.209888
"May 25, 02:00 pm",0,0.209888
"May 25, 03:00 pm",0,0.209888
"May 25, 04:00 pm",0,0.209888
"May 25, 05:00 pm",0,0.209888
"May 25, 06:00 pm",0,0.209888
"May 25, 07:00 pm",0,0.209888
"May 25, 08:00 pm",0,0.209888
"May 25, 09:00 pm",0,0.209888
"May 25, 10:00 pm",0,0.209888
"May 25, 11:00 pm",0,0.209888
"May 26, 12:00 am",0,0.209888
"May 26, 01:00 am",0,0.209888
"May 26, 02:00 am",0,0.209888
"May 26, 03:00 am",0,0.209888
"May 26, 04:00 am",0,0.209888
"May 26, 05:00 am",0,0.209888
"May 26, 06:00 am",0,0.209888
"May 26, 07:00 am",0,0.209888
"May 26, 08:00 am",0,0.209888
"May 26, 09:00 am",0,0.209888
"May 26, 10:00 am",0,0.209888
"May 26, 11:00 am",0,0.209888
"May 26, 12:00 pm",0,0.209888
"May 26, 01:00 pm",0,0.209888
"May 26, 02:00 pm",0,0.209888
"May 26, 03:00 pm",0,0.209888
"May 26, 04:00 pm",0,0.209888
"May 26, 05:00 pm",0,0.209888
"May 26, 06:00 pm",0,0.209888
"May 26, 07:00 pm",0,0.209888
"May 26, 08:00 pm",0,0.209888
"May 26, 09:00 pm",0,0.209888
"May 26, 10:00 pm",0,0.209888
"May 26, 11:00 pm",0,0.209888
"May 27, 12:00 am",0,0.209888
"May 27, 01:00 am",0,0.209888
"May 27, 02:00 am",0,0.209888
"May 27, 03:00 am",0,0.209888
"May 27, 04:00 am",0,0.209888
"May 27, 05:00 am",0,0.209888
"May 27, 06:00 am",0,0.209888
"May 27, 07:00 am",0,0.209888
"May 27, 08:00 am",0,0.209888
"May 27, 09:00 am",0,0.209888
"May 27, 10:00 am",0,0.209888
"May 27, 11:00 am",0,0.209888
"May 27, 12:00 pm",1301.16,0.727389
"May 27, 01:00 pm",2251.22,1.09457
"May 27, 02:00 pm",2286.83,1.11204
"May 27, 03:00 pm",2263.55,1.1008
"May 27, 04:00 pm",1365.24,0.663606
"May 27, 05:00 pm",13.5084,0.209888
"May 27, 06:00 pm",0,0.209888
"May 27, 07:00 pm",0,0.209888
"May 27, 08:00 pm",0,0.209888
"May 27, 09:00 pm",0,0.209888
"May 27, 10:00 pm",0,0.209888
"May 27, 11:00 pm",0,0.209888
"May 28, 12:00 am",0,0.209888
"May 28, 01:00 am",0,0.209888
"May 28, 02:00 am",0,0.209888
"May 28, 03:00 am",0,0.209888
"May 28, 04:00 am",0,0.209888
"May 28, 05:00 am",0,0.209888
"May 28, 06:00 am",0,0.209888
"May 28, 07:00 am",0,0.209888
"May 28, 08:00 am",0,0.209888
"May 28, 09:00 am",192.728,0.321983
"May 28, 10:00 am",2141.93,1.04122
"May 28, 11:00 am",2322.8,1.1295
"May 28, 12:00 pm",2260.34,1.0992
"May 28, 01:00 pm",2224.17,1.0815
"May 28, 02:00 pm",2261.98,1.10002
"May 28, 03:00 pm",2240.88,1.08965
"May 28, 04:00 pm",1340.26,0.651453
"May 28, 05:00 pm",13.5407,0.209888
"May 28, 06:00 pm",0,0.209888
"May 28, 07:00 pm",0,0.209888
"May 28, 08:00 pm",0,0.209888
"May 28, 09:00 pm",0,0.209888
"May 28, 10:00 pm",0,0.209888
"May 28, 11:00 pm",0,0.209888
"May 29, 12:00 am",0,0.209888
"May 29, 01:00 am",0,0.209888
"May 29, 02:00 am",0,0.209888
"May 29, 03:00 am",0,0.209888
"May 29, 04:00 am",0,0.209888
"May 29, 05:00 am",0,0.209888
"May 29, 06:00 am",0,0.209888
"May 29, 07:00 am",0,0.209888
"May 29, 08:00 am",0,0.209888
"May 29, 09:00 am",188.75,0.31916
"May 29, 10:00 am",2142.54,1.04157
"May 29, 11:00 am",2336.43,1.13611
"May 29, 12:00 pm",2265.25,1.10159
"May 29, 01:00 pm",2221.78,1.08033
"May 29, 02:00 pm",2259.02,1.0986
"May 29, 03:00 pm",2233.91,1.08633
"May 29, 04:00 pm",1322.46,0.642802
"May 29, 05:00 pm",13.4281,0.209888
"May 29, 06:00 pm",0,0.209888
"May 29, 07:00 pm",0,0.209888
"May 29, 08:00 pm",0,0.209888
"May 29, 09:00 pm",0,0.209888
"May 29, 10:00 pm",0,0.209888
"May 29, 11:00 pm",0,0.209888
"May 30, 12:00 am",0,0.209888
"May 30, 01:00 am",0,0.209888
"May 30, 02:00 am",0,0.209888
"May 30, 03:00 am",0,0.209888
"May 30, 04:00 am",0,0.209888
"May 30, 05:00 am",0,0.209888
"May 30, 06:00 am",0,0.209888
"May 30, 07:00 am",0,0.209888
"May 30, 08:00 am",0,0.209888
"May 30, 09:00 am",0,0.260072
"May 30, 10:00 am",2092.32,1.01701
"May 30, 11:00 am",2309.28,1.12295
"May 30, 12:00 pm",2245.75,1.0921
"May 30, 01:00 pm",2206.04,1.0726
"May 30, 02:00 pm",2250.35,1.09438
"May 30, 03:00 pm",2230.67,1.08468
"May 30, 04:00 pm",1314.41,0.638879
"May 30, 05:00 pm",13.5757,0.209888
"May 30, 06:00 pm",0,0.209888
"May 30, 07:00 pm",0,0.209888
"May 30, 08:00 pm",0,0.209888
"May 30, 09:00 pm",0,0.209888
"May 30, 10:00 pm",0,0.209888
"May 30, 11:00 pm",0,0.209888
"May 31, 12:00 am",0,0.209888
"May 31, 01:00 am",0,0.209888
"May 31, 02:00 am",0,0.209888
"May 31, 03:00 am",0,0.209888
"May 31, 04:00 am",0,0.209888
"May 31, 05:00 am",0,0.209888
"May 31, 06:00 am",0,0.209888
"May 31, 07:00 am",0,0.209888
"May 31, 08:00 am",0,0.209888
"May 31, 09:00 am",0,0.209888
"May 31, 10:00 am",1176.41,0.668359
"May 31, 11:00 am",16.5498,0.209888
"May 31, 12:00 pm",0,0.209888
"May 31, 01:00 pm",0,0.209888
"May 31, 02:00 pm",0,0.209888
"May 31, 03:00 pm",0,0.209888
"May 31, 04:00 pm",0,0.209888
"May 31, 05:00 pm",0,0.209888
"May 31, 06:00 pm",0,0.209888
"May 31, 07:00 pm",0,0.209888
"May 31, 08:00 pm",0,0.209888
"May 31, 09:00 pm",0,0.209888
"May 31, 10:00 pm",0,0.209888
"May 31, 11:00 pm",0,0.209888
"Jun 1, 12:00 am",0,0.209888
"Jun 1, 01:00 am",0,0.209888
"Jun 1, 02:00 am",0,0.209888
"Jun 1, 03:00 am",0,0.209888
"Jun 1, 04:00 am",0,0.209888
"Jun 1, 05:00 am",0,0.209888
"Jun 1, 06:00 am",0,0.209888
"Jun 1, 07:00 am",0,0.209888
"Jun 1, 08:00 am",0,0.209888
"Jun 1, 09:00 am",0,0.257265
"Jun 1, 10:00 am",1712.92,0.974468
"Jun 1, 11:00 am",2241.7,1.09011
"Jun 1, 12:00 pm",2188.11,1.06377
"Jun 1, 01:00 pm",2152.69,1.04635
"Jun 1, 02:00 pm",2206.05,1.0726
"Jun 1, 03:00 pm",2187.77,1.06359
"Jun 1, 04:00 pm",1272.8,0.618611
"Jun 1, 05:00 pm",13.8985,0.209888
"Jun 1, 06:00 pm",0,0.209888
"Jun 1, 07:00 pm",0,0.209888
"Jun 1, 08:00 pm",0,0.209888
"Jun 1, 09:00 pm",0,0.209888
"Jun 1, 10:00 pm",0,0.209888
"Jun 1, 11:00 pm",0,0.209888
"Jun 2, 12:00 am",0,0.209888
"Jun 2, 01:00 am",0,0.209888
"Jun 2, 02:00 am",0,0.209888
"Jun 2, 03:00 am",0,0.209888
"Jun 2, 04:00 am",0,0.209888
"Jun 2, 05:00 am",0,0.209888
"Jun 2, 06:00 am",0,0.209888
"Jun 2, 07:00 am",0,0.209888
"Jun 2, 08:00 am",0,0.209888
"Jun 2, 09:00 am",0,0.257312
"Jun 2, 10:00 am",1714.71,0.975619
"Jun 2, 11:00 am",2241.35,1.08995
"Jun 2, 12:00 pm",2186.26,1.06286
"Jun 2, 01:00 pm",2148.85,1.04446
"Jun 2, 02:00 pm",2202.78,1.07099
"Jun 2, 03:00 pm",2185.29,1.06237
"Jun 2, 04:00 pm",1265.44,0.615023
"Jun 2, 05:00 pm",13.979,0.209888
"Jun 2, 06:00 pm",0,0.209888
"Jun 2, 07:00 pm",0,0.209888
"Jun 2, 08:00 pm",0,0.209888
"Jun 2, 09:00 pm",0,0.209888
"Jun 2, 10:00 pm",0,0.209888
"Jun 2, 11:00 pm",0,0.209888
"Jun 3, 12:00 am",0,0.209888
"Jun 3, 01:00 am",0,0.209888
"Jun 3, 02:00 am",0,0.209888
"Jun 3, 03:00 am",0,0.209888
"Jun 3, 04:00 am",0,0.209888
"Jun 3, 05:00 am",0,0.209888
"Jun 3, 06:00 am",0,0.209888
"Jun 3, 07:00 am",0,0.209888
"Jun 3, 08:00 am",0,0.209888
"Jun 3, 09:00 am",0,0.209888
"Jun 3, 10:00 am",0,0.209888
"Jun 3, 11:00 am",0,0.209888
"Jun 3, 12:00 pm",0,0.209888
"Jun 3, 01:00 pm",0,0.209888
"Jun 3, 02:00 pm",0,0.209888
"Jun 3, 03:00 pm",0,0.209888
"Jun 3, 04:00 pm",0,0.209888
"Jun 3, 05:00 pm",0,0.209888
"Jun 3, 06:00 pm",0,0.209888
"Jun 3, 07:00 pm",0,0.209888
"Jun 3, 08:00 pm",0,0.209888
"Jun 3, 09:00 pm",0,0.209888
"Jun 3, 10:00 pm",0,0.209888
"Jun 3, 11:00 pm",0,0.209888
"Jun 4, 12:00 am",0,0.209888
"Jun 4, 01:00 am",0,0.209888
"Jun 4, 02:00 am",0,0.209888
"Jun 4, 03:00 am",0,0.209888
"Jun 4, 04:00 am",0,0.209888
"Jun 4, 05:00 am",0,0.209888
"Jun 4, 06:00 am",0,0.209888
"Jun 4, 07:00 am",0,0.209888
"Jun 4, 08:00 am",0,0.209888
"Jun 4, 09:00 am",0,0.256435
"Jun 4, 10:00 am",1703.24,0.969799
"Jun 4, 11:00 am",2237.41,1.088
"Jun 4, 12:00 pm",2180.65,1.06011
"Jun 4, 01:00 pm",2138.73,1.03949
"Jun 4, 02:00 pm",2194.9,1.06713
"Jun 4, 03:00 pm",2177.11,1.05836
"Jun 4, 04:00 pm",1246.89,0.606022
"Jun 4, 05:00 pm",13.7539,0.209888
"Jun 4, 06:00 pm",0,0.209888
"Jun 4, 07:00 pm",0,0.209888
"Jun 4, 08:00 pm",0,0.209888
"Jun 4, 09:00 pm",0,0.209888
"Jun 4, 10:00 pm",0,0.209888
"Jun 4, 11:00 pm",0,0.209888
"Jun 5, 12:00 am",0,0.209888
"Jun 5, 01:00 am",0,0.209888
"Jun 5, 02:00 am",0,0.209888
"Jun 5, 03:00 am",0,0.209888
"Jun 5, 04:00 am",0,0.209888
"Jun 5, 05:00 am",0,0.209888
"Jun 5, 06:00 am",0,0.209888
"Jun 5, 07:00 am",0,0.209888
"Jun 5, 08:00 am",0,0.209888
"Jun 5, 09:00 am",0,0.260826
"Jun 5, 10:00 am",1805.93,1.02679
"Jun 5, 11:00 am",2347.78,1.14159
"Jun 5, 12:00 pm",2283.41,1.11035
"Jun 5, 01:00 pm",2237.51,1.08804
"Jun 5, 02:00 pm",2301.96,1.11934
"Jun 5, 03:00 pm",2291.69,1.11434
"Jun 5, 04:00 pm",1323.3,0.64317
"Jun 5, 05:00 pm",13.8009,0.209888
"Jun 5, 06:00 pm",0,0.209888
"Jun 5, 07:00 pm",0,0.209888
"Jun 5, 08:00 pm",0,0.209888
"Jun 5, 09:00 pm",0,0.209888
"Jun 5, 10:00 pm",0,0.209888
"Jun 5, 11:00 pm",0,0.209888
"Jun 6, 12:00 am",0,0.209888
"Jun 6, 01:00 am",0,0.209888
"Jun 6, 02:00 am",0,0.209888
"Jun 6, 03:00 am",0,0.209888
"Jun 6, 04:00 am",0,0.209888
"Jun 6, 05:00 am",0,0.209888
"Jun 6, 06:00 am",0,0.209888
"Jun 6, 07:00 am",0,0.209888
"Jun 6, 08:00 am",0,0.209888
"Jun 6, 09:00 am",0,0.257449
"Jun 6, 10:00 am",1737.46,0.988528
"Jun 6, 11:00 am",2262.8,1.10043
"Jun 6, 12:00 pm",16.4203,0.209888
"Jun 6, 01:00 pm",0,0.209888
"Jun 6, 02:00 pm",0,0.209888
"Jun 6, 03:00 pm",0,0.209888
"Jun 6, 04:00 pm",736.877,0.571369
"Jun 6, 05:00 pm",13.0472,0.209888
"Jun 6, 06:00 pm",0,0.209888
"Jun 6, 07:00 pm",0,0.209888
"Jun 6, 08:00 pm",0,0.209888
"Jun 6, 09:00 pm",0,0.209888
"Jun 6, 10:00 pm",0,0.209888
"Jun 6, 11:00 pm",0,0.209888
"Jun 7, 12:00 am",0,0.209888
"Jun 7, 01:00 am",0,0.209888
"Jun 7, 02:00 am",0,0.209888
"Jun 7, 03:00 am",0,0.209888
"Jun 7, 04:00 am",0,0.209888
"Jun 7, 05:00 am",0,0.209888
"Jun 7, 06:00 am",0,0.209888
"Jun 7, 07:00 am",0,0.209888
"Jun 7, 08:00 am",0,0.209888
"Jun 7, 09:00 am",0,0.209888
"Jun 7, 10:00 am",0,0.209888
"Jun 7, 11:00 am",0,0.209888
"Jun 7, 12:00 pm",0,0.209888
"Jun 7, 01:00 pm",0,0.209888
"Jun 7, 02:00 pm",0,0.209888
"Jun 7, 03:00 pm",1219.62,0.688147
"Jun 7, 04:00 pm",1182.83,0.575411
"Jun 7, 05:00 pm",12.3165,0.209888
"Jun 7, 06:00 pm",0,0.209888
"Jun 7, 07:00 pm",0,0.209888
"Jun 7, 08:00 pm",0,0.209888
"Jun 7, 09:00 pm",0,0.209888
"Jun 7, 10:00 pm",0,0.209888
"Jun 7, 11:00 pm",0,0.209888
"Jun 8, 12:00 am",0,0.209888
"Jun 8, 01:00 am",0,0.209888
"Jun 8, 02:00 am",0,0.209888
"Jun 8, 03:00 am",0,0.209888
"Jun 8, 04:00 am",0,0.209888
"Jun 8, 05:00 am",0,0.209888
"Jun 8, 06:00 am",0,0.209888
"Jun 8, 07:00 am",0,0.209888
"Jun 8, 08:00 am",0,0.209888
"Jun 8, 09:00 am",0,0.253402
"Jun 8, 10:00 am",1670.07,0.951046
"Jun 8, 11:00 am",2193.46,1.0664
"Jun 8, 12:00 pm",2134.24,1.0373
"Jun 8, 01:00 pm",2083.56,1.0124
"Jun 8, 02:00 pm",2139.86,1.04005
"Jun 8, 03:00 pm",2119.67,1.03013
"Jun 8, 04:00 pm",1192.18,0.579978
"Jun 8, 05:00 pm",12.7963,0.209888
"Jun 8, 06:00 pm",0,0.209888
"Jun 8, 07:00 pm",0,0.209888
"Jun 8, 08:00 pm",0,0.209888
"Jun 8, 09:00 pm",0,0.209888
"Jun 8, 10:00 pm",0,0.209888
"Jun 8, 11:00 pm",0,0.209888
"Jun 9, 12:00 am",0,0.209888
"Jun 9, 01:00 am",0,0.209888
"Jun 9, 02:00 am",0,0.209888
"Jun 9, 03:00 am",0,0.209888
"Jun 9, 04:00 am",0,0.209888
"Jun 9, 05:00 am",0,0.209888
"Jun 9, 06:00 am",0,0.209888
"Jun 9, 07:00 am",0,0.209888
"Jun 9, 08:00 am",0,0.209888
"Jun 9, 09:00 am",0,0.253208
"Jun 9, 10:00 am",1668.23,0.950157
"Jun 9, 11:00 am",2193.43,1.06638
"Jun 9, 12:00 pm",2138.88,1.03958
"Jun 9, 01:00 pm",2091.03,1.01605
"Jun 9, 02:00 pm",2153.96,1.04699
"Jun 9, 03:00 pm",2141.38,1.0408
"Jun 9, 04:00 pm",1210.68,0.588419
"Jun 9, 05:00 pm",13.581,0.209888
"Jun 9, 06:00 pm",0,0.209888
"Jun 9, 07:00 pm",0,0.209888
"Jun 9, 08:00 pm",0,0.209888
"Jun 9, 09:00 pm",0,0.209888
"Jun 9, 10:00 pm",0,0.209888
"Jun 9, 11:00 pm",0,0.209888
"Jun 10, 12:00 am",0,0.209888
"Jun 10, 01:00 am",0,0.209888
"Jun 10, 02:00 am",0,0.209888
"Jun 10, 03:00 am",0,0.209888
"Jun 10, 04:00 am",0,0.209888
"Jun 10, 05:00 am",0,0.209888
"Jun 10, 06:00 am",0,0.209888
"Jun 10, 07:00 am",0,0.209888
"Jun 10, 08:00 am",0,0.209888
"Jun 10, 09:00 am",0,0.252984
"Jun 10, 10:00 am",1671.99,0.952188
"Jun 10, 11:00 am",2202.31,1.07074
"Jun 10, 12:00 pm",2144.88,1.04252
"Jun 10, 01:00 pm",2093.55,1.01728
"Jun 10, 02:00 pm",2155.92,1.04794
"Jun 10, 03:00 pm",2141.77,1.04099
"Jun 10, 04:00 pm",1209.45,0.587813
"Jun 10, 05:00 pm",13.6911,0.209888
"Jun 10, 06:00 pm",0,0.209888
"Jun 10, 07:00 pm",0,0.209888
"Jun 10, 08:00 pm",0,0.209888
"Jun 10, 09:00 pm",0,0.209888
"Jun 10, 10:00 pm",0,0.209888
"Jun 10, 11:00 pm",0,0.209888
"Jun 11, 12:00 am",0,0.209888
"Jun 11, 01:00 am",0,0.209888
"Jun 11, 02:00 am",0,0.209888
"Jun 11, 03:00 am",0,0.209888
"Jun 11, 04:00 am",0,0.209888
"Jun 11, 05:00 am",0,0.209888
"Jun 11, 06:00 am",0,0.209888
"Jun 11, 07:00 am",0,0.209888
"Jun 11, 08:00 am",0,0.209888
"Jun 11, 09:00 am",0,0.255306
"Jun 11, 10:00 am",1728.16,0.983432
"Jun 11, 11:00 am",2264.97,1.10147
"Jun 11, 12:00 pm",2204.43,1.07179
"Jun 11, 01:00 pm",2149.61,1.04484
"Jun 11, 02:00 pm",2217.9,1.07843
"Jun 11, 03:00 pm",2206.71,1.07289
"Jun 11, 04:00 pm",1254.84,0.609873
"Jun 11, 05:00 pm",13.7566,0.209888
"Jun 11, 06:00 pm",0,0.209888
"Jun 11, 07:00 pm",0,0.209888
"Jun 11, 08:00 pm",0,0.209888
"Jun 11, 09:00 pm",0,0.209888
"Jun 11, 10:00 pm",0,0.209888
"Jun 11, 11:00 pm",0,0.209888
"Jun 12, 12:00 am",0,0.209888
"Jun 12, 01:00 am",0,0.209888
"Jun 12, 02:00 am",0,0.209888
"Jun 12, 03:00 am",0,0.209888
"Jun 12, 04:00 am",0,0.209888
"Jun 12, 05:00 am",0,0.209888
"Jun 12, 06:00 am",0,0.209888
"Jun 12, 07:00 am",0,0.209888
"Jun 12, 08:00 am",0,0.209888
"Jun 12, 09:00 am",0,0.255276
"Jun 12, 10:00 am",1726.25,0.982706
"Jun 12, 11:00 am",2264.73,1.10137
"Jun 12, 12:00 pm",2198.48,1.06888
"Jun 12, 01:00 pm",2137.35,1.03882
"Jun 12, 02:00 pm",2200.87,1.07008
"Jun 12, 03:00 pm",2178.82,1.0592
"Jun 12, 04:00 pm",1228.31,0.596998
"Jun 12, 05:00 pm",13.3885,0.209888
"Jun 12, 06:00 pm",0,0.209888
"Jun 12, 07:00 pm",0,0.209888
"Jun 12, 08:00 pm",0,0.209888
"Jun 12, 09:00 pm",0,0.209888
"Jun 12, 10:00 pm",0,0.209888
"Jun 12, 11:00 pm",0,0.209888
"Jun 13, 12:00 am",0,0.209888
"Jun 13, 01:00 am",0,0.209888
"Jun 13, 02:00 am",0,0.209888
"Jun 13, 03:00 am",0,0.209888
"Jun 13, 04:00 am",0,0.209888
"Jun 13, 05:00 am",0,0.209888
"Jun 13, 06:00 am",0,0.209888
"Jun 13, 07:00 am",0,0.209888
"Jun 13, 08:00 am",0,0.209888
"Jun 13, 09:00 am",0,0.209888
"Jun 13, 10:00 am",0,0.209888
"Jun 13, 11:00 am",0,0.209888
"Jun 13, 12:00 pm",1255.28,0.704799
"Jun 13, 01:00 pm",2089.47,1.01521
"Jun 13, 02:00 pm",2147.03,1.04358
"Jun 13, 03:00 pm",2121.15,1.03087
"Jun 13, 04:00 pm",1191.49,0.579636
"Jun 13, 05:00 pm",12.8071,0.209888
"Jun 13, 06:00 pm",0,0.209888
"Jun 13, 07:00 pm",0,0.209888
"Jun 13, 08:00 pm",0,0.209888
"Jun 13, 09:00 pm",0,0.209888
"Jun 13, 10:00 pm",0,0.209888
"Jun 13, 11:00 pm",0,0.209888
"Jun 14, 12:00 am",0,0.209888
"Jun 14, 01:00 am",0,0.209888
"Jun 14, 02:00 am",0,0.209888
"Jun 14, 03:00 am",0,0.209888
"Jun 14, 04:00 am",0,0.209888
"Jun 14, 05:00 am",0,0.209888
"Jun 14, 06:00 am",0,0.209888
"Jun 14, 07:00 am",0,0.209888
"Jun 14, 08:00 am",0,0.209888
"Jun 14, 09:00 am",0,0.209888
"Jun 14, 10:00 am",0,0.209888
"Jun 14, 11:00 am",0,0.209888
"Jun 14, 12:00 pm",0,0.209888
"Jun 14, 01:00 pm",0,0.209888
"Jun 14, 02:00 pm",0,0.209888
"Jun 14, 03:00 pm",0,0.209888
"Jun 14, 04:00 pm",0,0.209888
"Jun 14, 05:00 pm",0,0.209888
"Jun 14, 06:00 pm",0,0.209888
"Jun 14, 07:00 pm",0,0.209888
"Jun 14, 08:00 pm",0,0.209888
"Jun 14, 09:00 pm",0,0.209888
"Jun 14, 10:00 pm",0,0.209888
"Jun 14, 11:00 pm",0,0.209888
"Jun 15, 12:00 am",0,0.209888
"Jun 15, 01:00 am",0,0.209888
"Jun 15, 02:00 am",0,0.209888
"Jun 15, 03:00 am",0,0.209888
"Jun 15, 04:00 am",0,0.209888
"Jun 15, 05:00 am",0,0.209888
"Jun 15, 06:00 am",0,0.209888
"Jun 15, 07:00 am",0,0.209888
"Jun 15, 08:00 am",0,0.209888
"Jun 15, 09:00 am",0,0.209888
"Jun 15, 10:00 am",1889.78,0.91931
"Jun 15, 11:00 am",2106.78,1.02388
"Jun 15, 12:00 pm",2061.64,1.00166
"Jun 15, 01:00 pm",2012.05,0.978301
"Jun 15, 02:00 pm",2080.29,1.01084
"Jun 15, 03:00 pm",2079.62,1.01044
"Jun 15, 04:00 pm",1184.41,0.576188
"Jun 15, 05:00 pm",12.4646,0.209888
"Jun 15, 06:00 pm",0,0.209888
"Jun 15, 07:00 pm",0,0.209888
"Jun 15, 08:00 pm",0,0.209888
"Jun 15, 09:00 pm",0,0.209888
"Jun 15, 10:00 pm",0,0.209888
"Jun 15, 11:00 pm",0,0.209888
"Jun 16, 12:00 am",0,0.209888
"Jun 16, 01:00 am",0,0.209888
"Jun 16, 02:00 am",0,0.209888
"Jun 16, 03:00 am",0,0.209888
"Jun 16, 04:00 am",0,0.209888
"Jun 16, 05:00 am",0,0.209888
"Jun 16, 06:00 am",0,0.209888
"Jun 16, 07:00 am",0,0.209888
"Jun 16, 08:00 am",0,0.209888
"Jun 16, 09:00 am",0,0.209888
"Jun 16, 10:00 am",0,0.209888
"Jun 16, 11:00 am",0,0.209888
"Jun 16, 12:00 pm",0,0.209888
"Jun 16, 01:00 pm",0,0.209888
"Jun 16, 02:00 pm",0,0.209888
"Jun 16, 03:00 pm",0,0.209888
"Jun 16, 04:00 pm",0,0.209888
"Jun 16, 05:00 pm",0,0.209888
"Jun 16, 06:00 pm",0,0.209888
"Jun 16, 07:00 pm",0,0.209888
"Jun 16, 08:00 pm",0,0.209888
"Jun 16, 09:00 pm",0,0.209888
"Jun 16, 10:00 pm",0,0.209888
"Jun 16, 11:00 pm",0,0.209888
"Jun 17, 12:00 am",0,0.209888
"Jun 17, 01:00 am",0,0.209888
"Jun 17, 02:00 am",0,0.209888
"Jun 17, 03:00 am",0,0.209888
"Jun 17, 04:00 am",0,0.209888
"Jun 17, 05:00 am",0,0.209888
"Jun 17, 06:00 am",0,0.209888
"Jun 17, 07:00 am",0,0.209888
"Jun 17, 08:00 am",0,0.209888
"Jun 17, 09:00 am",0,0.209888
"Jun 17, 10:00 am",1861.74,0.905646
"Jun 17, 11:00 am",2074.6,1.00807
"Jun 17, 12:00 pm",2015.33,0.978837
"Jun 17, 01:00 pm",1948.02,0.947064
"Jun 17, 02:00 pm",1998.28,0.971691
"Jun 17, 03:00 pm",1994.2,0.969656
"Jun 17, 04:00 pm",1136.92,0.55313
"Jun 17, 05:00 pm",13.0025,0.209888
"Jun 17, 06:00 pm",0,0.209888
"Jun 17, 07:00 pm",0,0.209888
"Jun 17, 08:00 pm",0,0.209888
"Jun 17, 09:00 pm",0,0.209888
"Jun 17, 10:00 pm",0,0.209888
"Jun 17, 11:00 pm",0,0.209888
"Jun 18, 12:00 am",0,0.209888
"Jun 18, 01:00 am",0,0.209888
"Jun 18, 02:00 am",0,0.209888
"Jun 18, 03:00 am",0,0.209888
"Jun 18, 04:00 am",0,0.209888
"Jun 18, 05:00 am",0,0.209888
"Jun 18, 06:00 am",0,0.209888
"Jun 18, 07:00 am",0,0.209888
"Jun 18, 08:00 am",0,0.209888
"Jun 18, 09:00 am",0,0.209888
"Jun 18, 10:00 am",0,0.209888
"Jun 18, 11:00 am",0,0.209888
"Jun 18, 12:00 pm",0,0.209888
"Jun 18, 01:00 pm",0,0.209888
"Jun 18, 02:00 pm",0,0.209888
"Jun 18, 03:00 pm",0,0.209888
"Jun 18, 04:00 pm",0,0.209888
"Jun 18, 05:00 pm",0,0.209888
"Jun 18, 06:00 pm",0,0.209888
"Jun 18, 07:00 pm",0,0.209888
"Jun 18, 08:00 pm",0,0.209888
"Jun 18, 09:00 pm",0,0.209888
"Jun 18, 10:00 pm",0,0.209888
"Jun 18, 11:00 pm",0,0.209888
"Jun 19, 12:00 am",0,0.209888
"Jun 19, 01:00 am",0,0.209888
"Jun 19, 02:00 am",0,0.209888
"Jun 19, 03:00 am",0,0.209888
"Jun 19, 04:00 am",0,0.209888
"Jun 19, 05:00 am",0,0.209888
"Jun 19, 06:00 am",0,0.209888
"Jun 19, 07:00 am",0,0.209888
"Jun 19, 08:00 am",0,0.209888
"Jun 19, 09:00 am",0,0.209888
"Jun 19, 10:00 am",0,0.209888
"Jun 19, 11:00 am",0,0.209888
"Jun 19, 12:00 pm",0,0.209888
"Jun 19, 01:00 pm",972.653,0.574962
"Jun 19, 02:00 pm",1977.4,0.961389
"Jun 19, 03:00 pm",1969.63,0.957777
"Jun 19, 04:00 pm",1127.37,0.548524
"Jun 19, 05:00 pm",12.3907,0.209888
"Jun 19, 06:00 pm",0,0.209888
"Jun 19, 07:00 pm",0,0.209888
"Jun 19, 08:00 pm",0,0.209888
"Jun 19, 09:00 pm",0,0.209888
"Jun 19, 10:00 pm",0,0.209888
"Jun 19, 11:00 pm",0,0.209888
"Jun 20, 12:00 am",0,0.209888
"Jun 20, 01:00 am",0,0.209888
"Jun 20, 02:00 am",0,0.209888
"Jun 20, 03:00 am",0,0.209888
"Jun 20, 04:00 am",0,0.209888
"Jun 20, 05:00 am",0,0.209888
"Jun 20, 06:00 am",0,0.209888
"Jun 20, 07:00 am",0,0.209888
"Jun 20, 08:00 am",0,0.209888
"Jun 20, 09:00 am",0,0.209888
"Jun 20, 10:00 am",0,0.209888
"Jun 20, 11:00 am",0,0.209888
"Jun 20, 12:00 pm",0,0.209888
"Jun 20, 01:00 pm",0,0.209888
"Jun 20, 02:00 pm",0,0.209888
"Jun 20, 03:00 pm",0,0.209888
"Jun 20, 04:00 pm",0,0.209888
"Jun 20, 05:00 pm",0,0.209888
"Jun 20, 06:00 pm",0,0.209888
"Jun 20, 07:00 pm",0,0.209888
"Jun 20, 08:00 pm",0,0.209888
"Jun 20, 09:00 pm",0,0.209888
"Jun 20, 10:00 pm",0,0.209888
"Jun 20, 11:00 pm",0,0.209888
"Jun 21, 12:00 am",0,0.209888
"Jun 21, 01:00 am",0,0.209888
"Jun 21, 02:00 am",0,0.209888
"Jun 21, 03:00 am",0,0.209888
"Jun 21, 04:00 am",0,0.209888
"Jun 21, 05:00 am",0,0.209888
"Jun 21, 06:00 am",0,0.209888
"Jun 21, 07:00 am",0,0.209888
"Jun 21, 08:00 am",0,0.209888
"Jun 21, 09:00 am",0,0.209888
"Jun 21, 10:00 am",0,0.209888
"Jun 21, 11:00 am",0,0.209888
"Jun 21, 12:00 pm",0,0.209888
"Jun 21, 01:00 pm",0,0.209888
"Jun 21, 02:00 pm",1168.38,0.665446
"Jun 21, 03:00 pm",2119.92,1.0301
"Jun 21, 04:00 pm",1238.56,0.602038
"Jun 21, 05:00 pm",12.6144,0.209888
"Jun 21, 06:00 pm",0,0.209888
"Jun 21, 07:00 pm",0,0.209888
"Jun 21, 08:00 pm",0,0.209888
"Jun 21, 09:00 pm",0,0.209888
"Jun 21, 10:00 pm",0,0.209888
"Jun 21, 11:00 pm",0,0.209888
"Jun 22, 12:00 am",0,0.209888
"Jun 22, 01:00 am",0,0.209888
"Jun 22, 02:00 am",0,0.209888
"Jun 22, 03:00 am",0,0.209888
"Jun 22, 04:00 am",0,0.209888
"Jun 22, 05:00 am",0,0.209888
"Jun 22, 06:00 am",0,0.209888
"Jun 22, 07:00 am",0,0.209888
"Jun 22, 08:00 am",0,0.209888
"Jun 22, 09:00 am",0,0.209888
"Jun 22, 10:00 am",0,0.209888
"Jun 22, 11:00 am",0,0.209888
"Jun 22, 12:00 pm",0,0.209888
"Jun 22, 01:00 pm",0,0.209888
"Jun 22, 02:00 pm",0,0.209888
"Jun 22, 03:00 pm",0,0.209888
"Jun 22, 04:00 pm",0,0.209888
"Jun 22, 05:00 pm",0,0.209888
"Jun 22, 06:00 pm",0,0.209888
"Jun 22, 07:00 pm",0,0.209888
"Jun 22, 08:00 pm",0,0.209888
"Jun 22, 09:00 pm",0,0.209888
"Jun 22, 10:00 pm",0,0.209888
"Jun 22, 11:00 pm",0,0.209888
"Jun 23, 12:00 am",0,0.209888
"Jun 23, 01:00 am",0,0.209888
"Jun 23, 02:00 am",0,0.209888
"Jun 23, 03:00 am",0,0.209888
"Jun 23, 04:00 am",0,0.209888
"Jun 23, 05:00 am",0,0.209888
"Jun 23, 06:00 am",0,0.209888
"Jun 23, 07:00 am",0,0.209888
"Jun 23, 08:00 am",0,0.209888
"Jun 23, 09:00 am",0,0.209888
"Jun 23, 10:00 am",1984.03,0.963192
"Jun 23, 11:00 am",2204.8,1.07209
"Jun 23, 12:00 pm",2144.69,1.04245
"Jun 23, 01:00 pm",2072.73,1.00709
"Jun 23, 02:00 pm",2138.39,1.03931
"Jun 23, 03:00 pm",2141.7,1.04097
"Jun 23, 04:00 pm",1275.99,0.620219
"Jun 23, 05:00 pm",12.8591,0.209888
"Jun 23, 06:00 pm",0,0.209888
"Jun 23, 07:00 pm",0,0.209888
"Jun 23, 08:00 pm",0,0.209888
"Jun 23, 09:00 pm",0,0.209888
"Jun 23, 10:00 pm",0,0.209888
"Jun 23, 11:00 pm",0,0.209888
"Jun 24, 12:00 am",0,0.209888
"Jun 24, 01:00 am",0,0.209888
"Jun 24, 02:00 am",0,0.209888
"Jun 24, 03:00 am",0,0.209888
"Jun 24, 04:00 am",0,0.209888
"Jun 24, 05:00 am",0,0.209888
"Jun 24, 06:00 am",0,0.209888
"Jun 24, 07:00 am",0,0.209888
"Jun 24, 08:00 am",0,0.209888
"Jun 24, 09:00 am",0,0.209888
"Jun 24, 10:00 am",2008.87,0.970299
"Jun 24, 11:00 am",2175.69,1.05776
"Jun 24, 12:00 pm",2118.65,1.02963
"Jun 24, 01:00 pm",2047.83,0.994857
"Jun 24, 02:00 pm",2113.04,1.02678
"Jun 24, 03:00 pm",16.0377,0.209888
"Jun 24, 04:00 pm",0,0.209888
"Jun 24, 05:00 pm",0,0.209888
"Jun 24, 06:00 pm",0,0.209888
"Jun 24, 07:00 pm",0,0.209888
"Jun 24, 08:00 pm",0,0.209888
"Jun 24, 09:00 pm",0,0.209888
"Jun 24, 10:00 pm",0,0.209888
"Jun 24, 11:00 pm",0,0.209888
"Jun 25, 12:00 am",0,0.209888
"Jun 25, 01:00 am",0,0.209888
"Jun 25, 02:00 am",0,0.209888
"Jun 25, 03:00 am",0,0.209888
"Jun 25, 04:00 am",0,0.209888
"Jun 25, 05:00 am",0,0.209888
"Jun 25, 06:00 am",0,0.209888
"Jun 25, 07:00 am",0,0.209888
"Jun 25, 08:00 am",0,0.209888
"Jun 25, 09:00 am",0,0.209888
"Jun 25, 10:00 am",0,0.209888
"Jun 25, 11:00 am",0,0.209888
"Jun 25, 12:00 pm",0,0.209888
"Jun 25, 01:00 pm",0,0.209888
"Jun 25, 02:00 pm",1119.72,0.642106
"Jun 25, 03:00 pm",2021.36,0.981689
"Jun 25, 04:00 pm",1209.64,0.588376
"Jun 25, 05:00 pm",12.6175,0.209888
"Jun 25, 06:00 pm",0,0.209888
"Jun 25, 07:00 pm",0,0.209888
"Jun 25, 08:00 pm",0,0.209888
"Jun 25, 09:00 pm",0,0.209888
"Jun 25, 10:00 pm",0,0.209888
"Jun 25, 11:00 pm",0,0.209888
"Jun 26, 12:00 am",0,0.209888
"Jun 26, 01:00 am",0,0.209888
"Jun 26, 02:00 am",0,0.209888
"Jun 26, 03:00 am",0,0.209888
"Jun 26, 04:00 am",0,0.209888
"Jun 26, 05:00 am",0,0.209888
"Jun 26, 06:00 am",0,0.209888
"Jun 26, 07:00 am",0,0.209888
"Jun 26, 08:00 am",0,0.209888
"Jun 26, 09:00 am",0,0.209888
"Jun 26, 10:00 am",0,0.209888
"Jun 26, 11:00 am",0,0.209888
"Jun 26, 12:00 pm",1132.66,0.648034
"Jun 26, 01:00 pm",1964.51,0.955067
"Jun 26, 02:00 pm",2020.3,0.981354
"Jun 26, 03:00 pm",2024.67,0.983336
"Jun 26, 04:00 pm",1229.23,0.59736
"Jun 26, 05:00 pm",13.3526,0.209888
"Jun 26, 06:00 pm",0,0.209888
"Jun 26, 07:00 pm",0,0.209888
"Jun 26, 08:00 pm",0,0.209888
"Jun 26, 09:00 pm",0,0.209888
"Jun 26, 10:00 pm",0,0.209888
"Jun 26, 11:00 pm",0,0.209888
"Jun 27, 12:00 am",0,0.209888
"Jun 27, 01:00 am",0,0.209888
"Jun 27, 02:00 am",0,0.209888
"Jun 27, 03:00 am",0,0.209888
"Jun 27, 04:00 am",0,0.209888
"Jun 27, 05:00 am",0,0.209888
"Jun 27, 06:00 am",0,0.209888
"Jun 27, 07:00 am",0,0.209888
"Jun 27, 08:00 am",0,0.209888
"Jun 27, 09:00 am",0,0.209888
"Jun 27, 10:00 am",0,0.209888
"Jun 27, 11:00 am",0,0.209888
"Jun 27, 12:00 pm",0,0.209888
"Jun 27, 01:00 pm",0,0.209888
"Jun 27, 02:00 pm",0,0.209888
"Jun 27, 03:00 pm",0,0.209888
"Jun 27, 04:00 pm",0,0.209888
"Jun 27, 05:00 pm",0,0.209888
"Jun 27, 06:00 pm",0,0.209888
"Jun 27, 07:00 pm",0,0.209888
"Jun 27, 08:00 pm",0,0.209888
"Jun 27, 09:00 pm",0,0.209888
"Jun 27, 10:00 pm",0,0.209888
"Jun 27, 11:00 pm",0,0.209888
"Jun 28, 12:00 am",0,0.209888
"Jun 28, 01:00 am",0,0.209888
"Jun 28, 02:00 am",0,0.209888
"Jun 28, 03:00 am",0,0.209888
"Jun 28, 04:00 am",0,0.209888
"Jun 28, 05:00 am",0,0.209888
"Jun 28, 06:00 am",0,0.209888
"Jun 28, 07:00 am",0,0.209888
"Jun 28, 08:00 am",0,0.209888
"Jun 28, 09:00 am",0,0.209888
"Jun 28, 10:00 am",0,0.209888
"Jun 28, 11:00 am",0,0.209888
"Jun 28, 12:00 pm",0,0.209888
"Jun 28, 01:00 pm",0,0.209888
"Jun 28, 02:00 pm",0,0.209888
"Jun 28, 03:00 pm",0,0.209888
"Jun 28, 04:00 pm",0,0.209888
"Jun 28, 05:00 pm",0,0.209888
"Jun 28, 06:00 pm",0,0.209888
"Jun 28, 07:00 pm",0,0.209888
"Jun 28, 08:00 pm",0,0.209888
"Jun 28, 09:00 pm",0,0.209888
"Jun 28, 10:00 pm",0,0.209888
"Jun 28, 11:00 pm",0,0.209888
"Jun 29, 12:00 am",0,0.209888
"Jun 29, 01:00 am",0,0.209888
"Jun 29, 02:00 am",0,0.209888
"Jun 29, 03:00 am",0,0.209888
"Jun 29, 04:00 am",0,0.209888
"Jun 29, 05:00 am",0,0.209888
"Jun 29, 06:00 am",0,0.209888
"Jun 29, 07:00 am",0,0.209888
"Jun 29, 08:00 am",0,0.209888
"Jun 29, 09:00 am",0,0.209888
"Jun 29, 10:00 am",1917,0.932561
"Jun 29, 11:00 am",2174.13,1.05702
"Jun 29, 12:00 pm",15.5724,0.209888
"Jun 29, 01:00 pm",0,0.209888
"Jun 29, 02:00 pm",0,0.209888
"Jun 29, 03:00 pm",0,0.209888
"Jun 29, 04:00 pm",0,0.209888
"Jun 29, 05:00 pm",0,0.209888
"Jun 29, 06:00 pm",0,0.209888
"Jun 29, 07:00 pm",0,0.209888
"Jun 29, 08:00 pm",0,0.209888
"Jun 29, 09:00 pm",0,0.209888
"Jun 29, 10:00 pm",0,0.209888
"Jun 29, 11:00 pm",0,0.209888
"Jun 30, 12:00 am",0,0.209888
"Jun 30, 01:00 am",0,0.209888
"Jun 30, 02:00 am",0,0.209888
"Jun 30, 03:00 am",0,0.209888
"Jun 30, 04:00 am",0,0.209888
"Jun 30, 05:00 am",0,0.209888
"Jun 30, 06:00 am",0,0.209888
"Jun 30, 07:00 am",0,0.209888
"Jun 30, 08:00 am",0,0.209888
"Jun 30, 09:00 am",0,0.209888
"Jun 30, 10:00 am",0,0.209888
"Jun 30, 11:00 am",0,0.209888
"Jun 30, 12:00 pm",0,0.209888
"Jun 30, 01:00 pm",0,0.209888
"Jun 30, 02:00 pm",0,0.209888
"Jun 30, 03:00 pm",0,0.209888
"Jun 30, 04:00 pm",0,0.209888
"Jun 30, 05:00 pm",0,0.209888
"Jun 30, 06:00 pm",0,0.209888
"Jun 30, 07:00 pm",0,0.209888
"Jun 30, 08:00 pm",0,0.209888
"Jun 30, 09:00 pm",0,0.209888
"Jun 30, 10:00 pm",0,0.209888
"Jun 30, 11:00 pm",0,0.209888
"Jul 1, 12:00 am",0,0.209888
"Jul 1, 01:00 am",0,0.209888
"Jul 1, 02:00 am",0,0.209888
"Jul 1, 03:00 am",0,0.209888
"Jul 1, 04:00 am",0,0.209888
"Jul 1, 05:00 am",0,0.209888
"Jul 1, 06:00 am",0,0.209888
"Jul 1, 07:00 am",0,0.209888
"Jul 1, 08:00 am",0,0.209888
"Jul 1, 09:00 am",0,0.209888
"Jul 1, 10:00 am",14.0602,0.209888
"Jul 1, 11:00 am",0,0.209888
"Jul 1, 12:00 pm",1720.75,0.97903
"Jul 1, 01:00 pm",1993.8,0.969446
"Jul 1, 02:00 pm",2049.9,0.995903
"Jul 1, 03:00 pm",2051.32,0.996509
"Jul 1, 04:00 pm",1305.25,0.634401
"Jul 1, 05:00 pm",13.0383,0.209888
"Jul 1, 06:00 pm",0,0.209888
"Jul 1, 07:00 pm",0,0.209888
"Jul 1, 08:00 pm",0,0.209888
"Jul 1, 09:00 pm",0,0.209888
"Jul 1, 10:00 pm",0,0.209888
"Jul 1, 11:00 pm",0,0.209888
"Jul 2, 12:00 am",0,0.209888
"Jul 2, 01:00 am",0,0.209888
"Jul 2, 02:00 am",0,0.209888
"Jul 2, 03:00 am",0,0.209888
"Jul 2, 04:00 am",0,0.209888
"Jul 2, 05:00 am",0,0.209888
"Jul 2, 06:00 am",0,0.209888
"Jul 2, 07:00 am",0,0.209888
"Jul 2, 08:00 am",0,0.209888
"Jul 2, 09:00 am",0,0.209888
"Jul 2, 10:00 am",0,0.209888
"Jul 2, 11:00 am",0,0.209888
"Jul 2, 12:00 pm",0,0.209888
"Jul 2, 01:00 pm",0,0.209888
"Jul 2, 02:00 pm",0,0.209888
"Jul 2, 03:00 pm",0,0.209888
"Jul 2, 04:00 pm",0,0.209888
"Jul 2, 05:00 pm",0,0.209888
"Jul 2, 06:00 pm",0,0.209888
"Jul 2, 07:00 pm",0,0.209888
"Jul 2, 08:00 pm",0,0.209888
"Jul 2, 09:00 pm",0,0.209888
"Jul 2, 10:00 pm",0,0.209888
"Jul 2, 11:00 pm",0,0.209888
"Jul 3, 12:00 am",0,0.209888
"Jul 3, 01:00 am",0,0.209888
"Jul 3, 02:00 am",0,0.209888
"Jul 3, 03:00 am",0,0.209888
"Jul 3, 04:00 am",0,0.209888
"Jul 3, 05:00 am",0,0.209888
"Jul 3, 06:00 am",0,0.209888
"Jul 3, 07:00 am",0,0.209888
"Jul 3, 08:00 am",0,0.209888
"Jul 3, 09:00 am",0,0.209888
"Jul 3, 10:00 am",0,0.209888
"Jul 3, 11:00 am",0,0.209888
"Jul 3, 12:00 pm",0,0.209888
"Jul 3, 01:00 pm",0,0.209888
"Jul 3, 02:00 pm",0,0.209888
"Jul 3, 03:00 pm",0,0.209888
"Jul 3, 04:00 pm",0,0.209888
"Jul 3, 05:00 pm",0,0.209888
"Jul 3, 06:00 pm",0,0.209888
"Jul 3, 07:00 pm",0,0.209888
"Jul 3, 08:00 pm",0,0.209888
"Jul 3, 09:00 pm",0,0.209888
"Jul 3, 10:00 pm",0,0.209888
"Jul 3, 11:00 pm",0,0.209888
"Jul 4, 12:00 am",0,0.209888
"Jul 4, 01:00 am",0,0.209888
"Jul 4, 02:00 am",0,0.209888
"Jul 4, 03:00 am",0,0.209888
"Jul 4, 04:00 am",0,0.209888
"Jul 4, 05:00 am",0,0.209888
"Jul 4, 06:00 am",0,0.209888
"Jul 4, 07:00 am",0,0.209888
"Jul 4, 08:00 am",0,0.209888
"Jul 4, 09:00 am",0,0.209888
"Jul 4, 10:00 am",21.4998,0.209888
"Jul 4, 11:00 am",0,0.209888
"Jul 4, 12:00 pm",1839.96,1.04598
"Jul 4, 01:00 pm",2139.35,1.03982
"Jul 4, 02:00 pm",2208.81,1.074
"Jul 4, 03:00 pm",2229.91,1.08436
"Jul 4, 04:00 pm",1490.94,0.724809
"Jul 4, 05:00 pm",12.9288,0.209888
"Jul 4, 06:00 pm",0,0.209888
"Jul 4, 07:00 pm",0,0.209888
"Jul 4, 08:00 pm",0,0.209888
"Jul 4, 09:00 pm",0,0.209888
"Jul 4, 10:00 pm",0,0.209888
"Jul 4, 11:00 pm",0,0.209888
"Jul 5, 12:00 am",0,0.209888
"Jul 5, 01:00 am",0,0.209888
"Jul 5, 02:00 am",0,0.209888
"Jul 5, 03:00 am",0,0.209888
"Jul 5, 04:00 am",0,0.209888
"Jul 5, 05:00 am",0,0.209888
"Jul 5, 06:00 am",0,0.209888
"Jul 5, 07:00 am",0,0.209888
"Jul 5, 08:00 am",0,0.209888
"Jul 5, 09:00 am",0,0.209888
"Jul 5, 10:00 am",0,0.209888
"Jul 5, 11:00 am",0,0.209888
"Jul 5, 12:00 pm",0,0.209888
"Jul 5, 01:00 pm",0,0.209888
"Jul 5, 02:00 pm",0,0.209888
"Jul 5, 03:00 pm",0,0.209888
"Jul 5, 04:00 pm",0,0.209888
"Jul 5, 05:00 pm",0,0.209888
"Jul 5, 06:00 pm",0,0.209888
"Jul 5, 07:00 pm",0,0.209888
"Jul 5, 08:00 pm",0,0.209888
"Jul 5, 09:00 pm",0,0.209888
"Jul 5, 10:00 pm",0,0.209888
"Jul 5, 11:00 pm",0,0.209888
"Jul 6, 12:00 am",0,0.209888
"Jul 6, 01:00 am",0,0.209888
"Jul 6, 02:00 am",0,0.209888
"Jul 6, 03:00 am",0,0.209888
"Jul 6, 04:00 am",0,0.209888
"Jul 6, 05:00 am",0,0.209888
"Jul 6, 06:00 am",0,0.209888
"Jul 6, 07:00 am",0,0.209888
"Jul 6, 08:00 am",0,0.209888
"Jul 6, 09:00 am",0,0.209888
"Jul 6, 10:00 am",0,0.209888
"Jul 6, 11:00 am",0,0.209888
"Jul 6, 12:00 pm",1149.17,0.657328
"Jul 6, 01:00 pm",2049.23,0.995356
"Jul 6, 02:00 pm",2098.59,1.01966
"Jul 6, 03:00 pm",2114.22,1.02744
"Jul 6, 04:00 pm",1434.39,0.697284
"Jul 6, 05:00 pm",13.2941,0.209888
"Jul 6, 06:00 pm",0,0.209888
"Jul 6, 07:00 pm",0,0.209888
"Jul 6, 08:00 pm",0,0.209888
"Jul 6, 09:00 pm",0,0.209888
"Jul 6, 10:00 pm",0,0.209888
"Jul 6, 11:00 pm",0,0.209888
"Jul 7, 12:00 am",0,0.209888
"Jul 7, 01:00 am",0,0.209888
"Jul 7, 02:00 am",0,0.209888
"Jul 7, 03:00 am",0,0.209888
"Jul 7, 04:00 am",0,0.209888
"Jul 7, 05:00 am",0,0.209888
"Jul 7, 06:00 am",0,0.209888
"Jul 7, 07:00 am",0,0.209888
"Jul 7, 08:00 am",0,0.209888
"Jul 7, 09:00 am",0,0.209888
"Jul 7, 10:00 am",0,0.209888
"Jul 7, 11:00 am",0,0.209888
"Jul 7, 12:00 pm",0,0.209888
"Jul 7, 01:00 pm",0,0.209888
"Jul 7, 02:00 pm",0,0.209888
"Jul 7, 03:00 pm",0,0.209888
"Jul 7, 04:00 pm",0,0.209888
"Jul 7, 05:00 pm",0,0.209888
"Jul 7, 06:00 pm",0,0.209888
"Jul 7, 07:00 pm",0,0.209888
"Jul 7, 08:00 pm",0,0.209888
"Jul 7, 09:00 pm",0,0.209888
"Jul 7, 10:00 pm",0,0.209888
"Jul 7, 11:00 pm",0,0.209888
"Jul 8, 12:00 am",0,0.209888
"Jul 8, 01:00 am",0,0.209888
"Jul 8, 02:00 am",0,0.209888
"Jul 8, 03:00 am",0,0.209888
"Jul 8, 04:00 am",0,0.209888
"Jul 8, 05:00 am",0,0.209888
"Jul 8, 06:00 am",0,0.209888
"Jul 8, 07:00 am",0,0.209888
"Jul 8, 08:00 am",0,0.209888
"Jul 8, 09:00 am",0,0.209888
"Jul 8, 10:00 am",0,0.209888
"Jul 8, 11:00 am",0,0.209888
"Jul 8, 12:00 pm",1227.68,0.69341
"Jul 8, 01:00 pm",2132.92,1.0365
"Jul 8, 02:00 pm",2185.82,1.06269
"Jul 8, 03:00 pm",2207.29,1.07323
"Jul 8, 04:00 pm",1540.22,0.748775
"Jul 8, 05:00 pm",13.0683,0.209888
"Jul 8, 06:00 pm",0,0.209888
"Jul 8, 07:00 pm",0,0.209888
"Jul 8, 08:00 pm",0,0.209888
"Jul 8, 09:00 pm",0,0.209888
"Jul 8, 10:00 pm",0,0.209888
"Jul 8, 11:00 pm",0,0.209888
"Jul 9, 12:00 am",0,0.209888
"Jul 9, 01:00 am",0,0.209888
"Jul 9, 02:00 am",0,0.209888
"Jul 9, 03:00 am",0,0.209888
"Jul 9, 04:00 am",0,0.209888
"Jul 9, 05:00 am",0,0.209888
"Jul 9, 06:00 am",0,0.209888
"Jul 9, 07:00 am",0,0.209888
"Jul 9, 08:00 am",0,0.209888
"Jul 9, 09:00 am",0,0.250423
"Jul 9, 10:00 am",1651.07,0.941555
"Jul 9, 11:00 am",2276.07,1.10676
"Jul 9, 12:00 pm",2221.14,1.08002
"Jul 9, 01:00 pm",2151.58,1.04581
"Jul 9, 02:00 pm",2209.95,1.07454
"Jul 9, 03:00 pm",2239.13,1.08887
"Jul 9, 04:00 pm",1589.15,0.77257
"Jul 9, 05:00 pm",13.4881,0.209888
"Jul 9, 06:00 pm",0,0.209888
"Jul 9, 07:00 pm",0,0.209888
"Jul 9, 08:00 pm",0,0.209888
"Jul 9, 09:00 pm",0,0.209888
"Jul 9, 10:00 pm",0,0.209888
"Jul 9, 11:00 pm",0,0.209888
"Jul 10, 12:00 am",0,0.209888
"Jul 10, 01:00 am",0,0.209888
"Jul 10, 02:00 am",0,0.209888
"Jul 10, 03:00 am",0,0.209888
"Jul 10, 04:00 am",0,0.209888
"Jul 10, 05:00 am",0,0.209888
"Jul 10, 06:00 am",0,0.209888
"Jul 10, 07:00 am",0,0.209888
"Jul 10, 08:00 am",0,0.209888
"Jul 10, 09:00 am",0,0.209888
"Jul 10, 10:00 am",0,0.209888
"Jul 10, 11:00 am",0,0.209888
"Jul 10, 12:00 pm",1320.84,0.734593
"Jul 10, 01:00 pm",2173.45,1.05648
"Jul 10, 02:00 pm",2219.4,1.07918
"Jul 10, 03:00 pm",2244.1,1.09131
"Jul 10, 04:00 pm",1608.44,0.781972
"Jul 10, 05:00 pm",13.3688,0.209888
"Jul 10, 06:00 pm",0,0.209888
"Jul 10, 07:00 pm",0,0.209888
"Jul 10, 08:00 pm",0,0.209888
"Jul 10, 09:00 pm",0,0.209888
"Jul 10, 10:00 pm",0,0.209888
"Jul 10, 11:00 pm",0,0.209888
"Jul 11, 12:00 am",0,0.209888
"Jul 11, 01:00 am",0,0.209888
"Jul 11, 02:00 am",0,0.209888
"Jul 11, 03:00 am",0,0.209888
"Jul 11, 04:00 am",0,0.209888
"Jul 11, 05:00 am",0,0.209888
"Jul 11, 06:00 am",0,0.209888
"Jul 11, 07:00 am",0,0.209888
"Jul 11, 08:00 am",0,0.209888
"Jul 11, 09:00 am",0,0.254609
"Jul 11, 10:00 am",1736.83,0.988843
"Jul 11, 11:00 am",2368.49,1.1516
"Jul 11, 12:00 pm",2287.2,1.11218
"Jul 11, 01:00 pm",2199.88,1.06955
"Jul 11, 02:00 pm",16.5898,0.209888
"Jul 11, 03:00 pm",0,0.209888
"Jul 11, 04:00 pm",0,0.209888
"Jul 11, 05:00 pm",0,0.209888
"Jul 11, 06:00 pm",0,0.209888
"Jul 11, 07:00 pm",0,0.209888
"Jul 11, 08:00 pm",0,0.209888
"Jul 11, 09:00 pm",0,0.209888
"Jul 11, 10:00 pm",0,0.209888
"Jul 11, 11:00 pm",0,0.209888
"Jul 12, 12:00 am",0,0.209888
"Jul 12, 01:00 am",0,0.209888
"Jul 12, 02:00 am",0,0.209888
"Jul 12, 03:00 am",0,0.209888
"Jul 12, 04:00 am",0,0.209888
"Jul 12, 05:00 am",0,0.209888
"Jul 12, 06:00 am",0,0.209888
"Jul 12, 07:00 am",0,0.209888
"Jul 12, 08:00 am",0,0.209888
"Jul 12, 09:00 am",0,0.209888
"Jul 12, 10:00 am",0,0.209888
"Jul 12, 11:00 am",0,0.209888
"Jul 12, 12:00 pm",0,0.209888
"Jul 12, 01:00 pm",0,0.209888
"Jul 12, 02:00 pm",1254.48,0.704388
"Jul 12, 03:00 pm",2173.04,1.05634
"Jul 12, 04:00 pm",15.0988,0.209888
"Jul 12, 05:00 pm",0,0.209888
"Jul 12, 06:00 pm",0,0.209888
"Jul 12, 07:00 pm",0,0.209888
"Jul 12, 08:00 pm",0,0.209888
"Jul 12, 09:00 pm",0,0.209888
"Jul 12, 10:00 pm",0,0.209888
"Jul 12, 11:00 pm",0,0.209888
"Jul 13, 12:00 am",0,0.209888
"Jul 13, 01:00 am",0,0.209888
"Jul 13, 02:00 am",0,0.209888
"Jul 13, 03:00 am",0,0.209888
"Jul 13, 04:00 am",0,0.209888
"Jul 13, 05:00 am",0,0.209888
"Jul 13, 06:00 am",0,0.209888
"Jul 13, 07:00 am",0,0.209888
"Jul 13, 08:00 am",0,0.209888
"Jul 13, 09:00 am",0,0.249798
"Jul 13, 10:00 am",0,0.209888
"Jul 13, 11:00 am",0,0.209888
"Jul 13, 12:00 pm",0,0.209888
"Jul 13, 01:00 pm",0,0.209888
"Jul 13, 02:00 pm",0,0.209888
"Jul 13, 03:00 pm",0,0.209888
"Jul 13, 04:00 pm",0,0.209888
"Jul 13, 05:00 pm",0,0.209888
"Jul 13, 06:00 pm",0,0.209888
"Jul 13, 07:00 pm",0,0.209888
"Jul 13, 08:00 pm",0,0.209888
"Jul 13, 09:00 pm",0,0.209888
"Jul 13, 10:00 pm",0,0.209888
"Jul 13, 11:00 pm",0,0.209888
"Jul 14, 12:00 am",0,0.209888
"Jul 14, 01:00 am",0,0.209888
"Jul 14, 02:00 am",0,0.209888
"Jul 14, 03:00 am",0,0.209888
"Jul 14, 04:00 am",0,0.209888
"Jul 14, 05:00 am",0,0.209888
"Jul 14, 06:00 am",0,0.209888
"Jul 14, 07:00 am",0,0.209888
"Jul 14, 08:00 am",0,0.209888
"Jul 14, 09:00 am",0,0.209888
"Jul 14, 10:00 am",0,0.209888
"Jul 14, 11:00 am",0,0.209888
"Jul 14, 12:00 pm",0,0.209888
"Jul 14, 01:00 pm",0,0.209888
"Jul 14, 02:00 pm",0,0.209888
"Jul 14, 03:00 pm",0,0.209888
"Jul 14, 04:00 pm",0,0.209888
"Jul 14, 05:00 pm",0,0.209888
"Jul 14, 06:00 pm",0,0.209888
"Jul 14, 07:00 pm",0,0.209888
"Jul 14, 08:00 pm",0,0.209888
"Jul 14, 09:00 pm",0,0.209888
"Jul 14, 10:00 pm",0,0.209888
"Jul 14, 11:00 pm",0,0.209888
"Jul 15, 12:00 am",0,0.209888
"Jul 15, 01:00 am",0,0.209888
"Jul 15, 02:00 am",0,0.209888
"Jul 15, 03:00 am",0,0.209888
"Jul 15, 04:00 am",0,0.209888
"Jul 15, 05:00 am",0,0.209888
"Jul 15, 06:00 am",0,0.209888
"Jul 15, 07:00 am",0,0.209888
"Jul 15, 08:00 am",0,0.209888
"Jul 15, 09:00 am",0,0.209888
"Jul 15, 10:00 am",2008.91,0.973112
"Jul 15, 11:00 am",2299.61,1.11834
"Jul 15, 12:00 pm",15.7118,0.209888
"Jul 15, 01:00 pm",0,0.209888
"Jul 15, 02:00 pm",0,0.209888
"Jul 15, 03:00 pm",0,0.209888
"Jul 15, 04:00 pm",0,0.209888
"Jul 15, 05:00 pm",0,0.209888
"Jul 15, 06:00 pm",0,0.209888
"Jul 15, 07:00 pm",0,0.209888
"Jul 15, 08:00 pm",0,0.209888
"Jul 15, 09:00 pm",0,0.209888
"Jul 15, 10:00 pm",0,0.209888
"Jul 15, 11:00 pm",0,0.209888
"Jul 16, 12:00 am",0,0.209888
"Jul 16, 01:00 am",0,0.209888
"Jul 16, 02:00 am",0,0.209888
"Jul 16, 03:00 am",0,0.209888
"Jul 16, 04:00 am",0,0.209888
"Jul 16, 05:00 am",0,0.209888
"Jul 16, 06:00 am",0,0.209888
"Jul 16, 07:00 am",0,0.209888
"Jul 16, 08:00 am",0,0.209888
"Jul 16, 09:00 am",0,0.209888
"Jul 16, 10:00 am",0,0.209888
"Jul 16, 11:00 am",0,0.209888
"Jul 16, 12:00 pm",0,0.209888
"Jul 16, 01:00 pm",0,0.209888
"Jul 16, 02:00 pm",0,0.209888
"Jul 16, 03:00 pm",0,0.209888
"Jul 16, 04:00 pm",0,0.209888
"Jul 16, 05:00 pm",0,0.209888
"Jul 16, 06:00 pm",0,0.209888
"Jul 16, 07:00 pm",0,0.209888
"Jul 16, 08:00 pm",0,0.209888
"Jul 16, 09:00 pm",0,0.209888
"Jul 16, 10:00 pm",0,0.209888
"Jul 16, 11:00 pm",0,0.209888
"Jul 17, 12:00 am",0,0.209888
"Jul 17, 01:00 am",0,0.209888
"Jul 17, 02:00 am",0,0.209888
"Jul 17, 03:00 am",0,0.209888
"Jul 17, 04:00 am",0,0.209888
"Jul 17, 05:00 am",0,0.209888
"Jul 17, 06:00 am",0,0.209888
"Jul 17, 07:00 am",0,0.209888
"Jul 17, 08:00 am",0,0.209888
"Jul 17, 09:00 am",0,0.209888
"Jul 17, 10:00 am",2079.97,1.00566
"Jul 17, 11:00 am",2354.09,1.14473
"Jul 17, 12:00 pm",2296.33,1.11666
"Jul 17, 01:00 pm",2240.41,1.0895
"Jul 17, 02:00 pm",2280.79,1.10916
"Jul 17, 03:00 pm",2323.83,1.12999
"Jul 17, 04:00 pm",1734.89,0.84354
"Jul 17, 05:00 pm",16.0415,0.209888
"Jul 17, 06:00 pm",0,0.209888
"Jul 17, 07:00 pm",0,0.209888
"Jul 17, 08:00 pm",0,0.209888
"Jul 17, 09:00 pm",0,0.209888
"Jul 17, 10:00 pm",0,0.209888
"Jul 17, 11:00 pm",0,0.209888
"Jul 18, 12:00 am",0,0.209888
"Jul 18, 01:00 am",0,0.209888
"Jul 18, 02:00 am",0,0.209888
"Jul 18, 03:00 am",0,0.209888
"Jul 18, 04:00 am",0,0.209888
"Jul 18, 05:00 am",0,0.209888
"Jul 18, 06:00 am",0,0.209888
"Jul 18, 07:00 am",0,0.209888
"Jul 18, 08:00 am",0,0.209888
"Jul 18, 09:00 am",0,0.257638
"Jul 18, 10:00 am",1776.08,1.01064
"Jul 18, 11:00 am",2443.35,1.18798
"Jul 18, 12:00 pm",2372.6,1.15357
"Jul 18, 01:00 pm",2310.32,1.1234
"Jul 18, 02:00 pm",2343.99,1.13971
"Jul 18, 03:00 pm",2390.22,1.16213
"Jul 18, 04:00 pm",1794.3,0.872391
"Jul 18, 05:00 pm",17.6257,0.209888
"Jul 18, 06:00 pm",0,0.209888
"Jul 18, 07:00 pm",0,0.209888
"Jul 18, 08:00 pm",0,0.209888
"Jul 18, 09:00 pm",0,0.209888
"Jul 18, 10:00 pm",0,0.209888
"Jul 18, 11:00 pm",0,0.209888
"Jul 19, 12:00 am",0,0.209888
"Jul 19, 01:00 am",0,0.209888
"Jul 19, 02:00 am",0,0.209888
"Jul 19, 03:00 am",0,0.209888
"Jul 19, 04:00 am",0,0.209888
"Jul 19, 05:00 am",0,0.209888
"Jul 19, 06:00 am",0,0.209888
"Jul 19, 07:00 am",0,0.209888
"Jul 19, 08:00 am",0,0.209888
"Jul 19, 09:00 am",0,0.258691
"Jul 19, 10:00 am",1791.65,1.01929
"Jul 19, 11:00 am",2460.93,1.19653
"Jul 19, 12:00 pm",2383.97,1.1591
"Jul 19, 01:00 pm",2319.38,1.1278
"Jul 19, 02:00 pm",2344.09,1.13979
"Jul 19, 03:00 pm",16.0884,0.209888
"Jul 19, 04:00 pm",0,0.209888
"Jul 19, 05:00 pm",0,0.209888
"Jul 19, 06:00 pm",0,0.209888
"Jul 19, 07:00 pm",0,0.209888
"Jul 19, 08:00 pm",0,0.209888
"Jul 19, 09:00 pm",0,0.209888
"Jul 19, 10:00 pm",0,0.209888
"Jul 19, 11:00 pm",0,0.209888
"Jul 20, 12:00 am",0,0.209888
"Jul 20, 01:00 am",0,0.209888
"Jul 20, 02:00 am",0,0.209888
"Jul 20, 03:00 am",0,0.209888
"Jul 20, 04:00 am",0,0.209888
"Jul 20, 05:00 am",0,0.209888
"Jul 20, 06:00 am",0,0.209888
"Jul 20, 07:00 am",0,0.209888
"Jul 20, 08:00 am",0,0.209888
"Jul 20, 09:00 am",0,0.209888
"Jul 20, 10:00 am",0,0.209888
"Jul 20, 11:00 am",0,0.209888
"Jul 20, 12:00 pm",0,0.209888
"Jul 20, 01:00 pm",0,0.209888
"Jul 20, 02:00 pm",0,0.209888
"Jul 20, 03:00 pm",0,0.209888
"Jul 20, 04:00 pm",0,0.209888
"Jul 20, 05:00 pm",0,0.209888
"Jul 20, 06:00 pm",0,0.209888
"Jul 20, 07:00 pm",0,0.209888
"Jul 20, 08:00 pm",0,0.209888
"Jul 20, 09:00 pm",0,0.209888
"Jul 20, 10:00 pm",0,0.209888
"Jul 20, 11:00 pm",0,0.209888
"Jul 21, 12:00 am",0,0.209888
"Jul 21, 01:00 am",0,0.209888
"Jul 21, 02:00 am",0,0.209888
"Jul 21, 03:00 am",0,0.209888
"Jul 21, 04:00 am",0,0.209888
"Jul 21, 05:00 am",0,0.209888
"Jul 21, 06:00 am",0,0.209888
"Jul 21, 07:00 am",0,0.209888
"Jul 21, 08:00 am",0,0.209888
"Jul 21, 09:00 am",0,0.209888
"Jul 21, 10:00 am",0,0.209888
"Jul 21, 11:00 am",0,0.209888
"Jul 21, 12:00 pm",1318.94,0.734593
"Jul 21, 01:00 pm",2315.56,1.12586
"Jul 21, 02:00 pm",2342.29,1.13893
"Jul 21, 03:00 pm",2390.27,1.1622
"Jul 21, 04:00 pm",1795.77,0.873153
"Jul 21, 05:00 pm",19.4283,0.209888
"Jul 21, 06:00 pm",0,0.209888
"Jul 21, 07:00 pm",0,0.209888
"Jul 21, 08:00 pm",0,0.209888
"Jul 21, 09:00 pm",0,0.209888
"Jul 21, 10:00 pm",0,0.209888
"Jul 21, 11:00 pm",0,0.209888
"Jul 22, 12:00 am",0,0.209888
"Jul 22, 01:00 am",0,0.209888
"Jul 22, 02:00 am",0,0.209888
"Jul 22, 03:00 am",0,0.209888
"Jul 22, 04:00 am",0,0.209888
"Jul 22, 05:00 am",0,0.209888
"Jul 22, 06:00 am",0,0.209888
"Jul 22, 07:00 am",0,0.209888
"Jul 22, 08:00 am",0,0.209888
"Jul 22, 09:00 am",0,0.26199
"Jul 22, 10:00 am",1840.82,1.04681
"Jul 22, 11:00 am",2525.53,1.22816
"Jul 22, 12:00 pm",2450.66,1.19143
"Jul 22, 01:00 pm",2392.76,1.16334
"Jul 22, 02:00 pm",2407.66,1.17059
"Jul 22, 03:00 pm",2454.85,1.19349
"Jul 22, 04:00 pm",1850.94,0.899945
"Jul 22, 05:00 pm",21.1676,0.209888
"Jul 22, 06:00 pm",0,0.209888
"Jul 22, 07:00 pm",0,0.209888
"Jul 22, 08:00 pm",0,0.209888
"Jul 22, 09:00 pm",0,0.209888
"Jul 22, 10:00 pm",0,0.209888
"Jul 22, 11:00 pm",0,0.209888
"Jul 23, 12:00 am",0,0.209888
"Jul 23, 01:00 am",0,0.209888
"Jul 23, 02:00 am",0,0.209888
"Jul 23, 03:00 am",0,0.209888
"Jul 23, 04:00 am",0,0.209888
"Jul 23, 05:00 am",0,0.209888
"Jul 23, 06:00 am",0,0.209888
"Jul 23, 07:00 am",0,0.209888
"Jul 23, 08:00 am",0,0.209888
"Jul 23, 09:00 am",0,0.261333
"Jul 23, 10:00 am",1823.76,1.03717
"Jul 23, 11:00 am",2507.12,1.21954
"Jul 23, 12:00 pm",2440.5,1.1865
"Jul 23, 01:00 pm",2387.87,1.16097
"Jul 23, 02:00 pm",2403.51,1.16856
"Jul 23, 03:00 pm",2454.34,1.19323
"Jul 23, 04:00 pm",1854.06,0.901458
"Jul 23, 05:00 pm",22.2698,0.209888
"Jul 23, 06:00 pm",8.53127,0.209888
"Jul 23, 07:00 pm",0,0.209888
"Jul 23, 08:00 pm",0,0.209888
"Jul 23, 09:00 pm",0,0.209888
"Jul 23, 10:00 pm",0,0.209888
"Jul 23, 11:00 pm",0,0.209888
"Jul 24, 12:00 am",0,0.209888
"Jul 24, 01:00 am",0,0.209888
"Jul 24, 02:00 am",0,0.209888
"Jul 24, 03:00 am",0,0.209888
"Jul 24, 04:00 am",0,0.209888
"Jul 24, 05:00 am",0,0.209888
"Jul 24, 06:00 am",0,0.209888
"Jul 24, 07:00 am",0,0.209888
"Jul 24, 08:00 am",0,0.209888
"Jul 24, 09:00 am",0,0.262987
"Jul 24, 10:00 am",1852.27,1.05309
"Jul 24, 11:00 am",2543.68,1.23675
"Jul 24, 12:00 pm",2480.3,1.20704
"Jul 24, 01:00 pm",2432.64,1.18268
"Jul 24, 02:00 pm",2448.91,1.19057
"Jul 24, 03:00 pm",2500.24,1.21624
"Jul 24, 04:00 pm",1893.54,0.920631
"Jul 24, 05:00 pm",24.0204,0.209888
"Jul 24, 06:00 pm",11.0624,0.209888
"Jul 24, 07:00 pm",0,0.209888
"Jul 24, 08:00 pm",0,0.209888
"Jul 24, 09:00 pm",0,0.209888
"Jul 24, 10:00 pm",0,0.209888
"Jul 24, 11:00 pm",0,0.209888
"Jul 25, 12:00 am",0,0.209888
"Jul 25, 01:00 am",0,0.209888
"Jul 25, 02:00 am",0,0.209888
"Jul 25, 03:00 am",0,0.209888
"Jul 25, 04:00 am",0,0.209888
"Jul 25, 05:00 am",0,0.209888
"Jul 25, 06:00 am",0,0.209888
"Jul 25, 07:00 am",0,0.209888
"Jul 25, 08:00 am",0,0.209888
"Jul 25, 09:00 am",188.074,0.32273
"Jul 25, 10:00 am",2284.29,1.11105
"Jul 25, 11:00 am",2589.82,1.25933
"Jul 25, 12:00 pm",2550.17,1.23973
"Jul 25, 01:00 pm",2506.6,1.21915
"Jul 25, 02:00 pm",2523.44,1.22704
"Jul 25, 03:00 pm",2579.34,1.25386
"Jul 25, 04:00 pm",1957.22,0.951562
"Jul 25, 05:00 pm",30.8636,0.209888
"Jul 25, 06:00 pm",12.5337,0.209888
"Jul 25, 07:00 pm",0,0.209888
"Jul 25, 08:00 pm",0,0.209888
"Jul 25, 09:00 pm",0,0.209888
"Jul 25, 10:00 pm",0,0.209888
"Jul 25, 11:00 pm",0,0.209888
"Jul 26, 12:00 am",0,0.209888
"Jul 26, 01:00 am",0,0.209888
"Jul 26, 02:00 am",0,0.209888
"Jul 26, 03:00 am",0,0.209888
"Jul 26, 04:00 am",0,0.209888
"Jul 26, 05:00 am",0,0.209888
"Jul 26, 06:00 am",0,0.209888
"Jul 26, 07:00 am",0,0.209888
"Jul 26, 08:00 am",0,0.209888
"Jul 26, 09:00 am",200.262,0.330188
"Jul 26, 10:00 am",2305.75,1.12137
"Jul 26, 11:00 am",16.6495,0.209888
"Jul 26, 12:00 pm",0,0.209888
"Jul 26, 01:00 pm",2084.7,1.18331
"Jul 26, 02:00 pm",2511.13,1.22128
"Jul 26, 03:00 pm",2567.37,1.24804
"Jul 26, 04:00 pm",1946.17,0.946199
"Jul 26, 05:00 pm",38.3004,0.209888
"Jul 26, 06:00 pm",12.506,0.209888
"Jul 26, 07:00 pm",0,0.209888
"Jul 26, 08:00 pm",0,0.209888
"Jul 26, 09:00 pm",0,0.209888
"Jul 26, 10:00 pm",0,0.209888
"Jul 26, 11:00 pm",0,0.209888
"Jul 27, 12:00 am",0,0.209888
"Jul 27, 01:00 am",0,0.209888
"Jul 27, 02:00 am",0,0.209888
"Jul 27, 03:00 am",0,0.209888
"Jul 27, 04:00 am",0,0.209888
"Jul 27, 05:00 am",0,0.209888
"Jul 27, 06:00 am",0,0.209888
"Jul 27, 07:00 am",0,0.209888
"Jul 27, 08:00 am",0,0.209888
"Jul 27, 09:00 am",200.585,0.329626
"Jul 27, 10:00 am",2281.46,1.10958
"Jul 27, 11:00 am",2589.93,1.25933
"Jul 27, 12:00 pm",16.9707,0.209888
"Jul 27, 01:00 pm",0,0.209888
"Jul 27, 02:00 pm",0,0.209888
"Jul 27, 03:00 pm",0,0.209888
"Jul 27, 04:00 pm",0,0.209888
"Jul 27, 05:00 pm",0,0.209888
"Jul 27, 06:00 pm",0,0.209888
"Jul 27, 07:00 pm",0,0.209888
"Jul 27, 08:00 pm",0,0.209888
"Jul 27, 09:00 pm",0,0.209888
"Jul 27, 10:00 pm",0,0.209888
"Jul 27, 11:00 pm",0,0.209888
"Jul 28, 12:00 am",0,0.209888
"Jul 28, 01:00 am",0,0.209888
"Jul 28, 02:00 am",0,0.209888
"Jul 28, 03:00 am",0,0.209888
"Jul 28, 04:00 am",0,0.209888
"Jul 28, 05:00 am",0,0.209888
"Jul 28, 06:00 am",0,0.209888
"Jul 28, 07:00 am",0,0.209888
"Jul 28, 08:00 am",0,0.209888
"Jul 28, 09:00 am",0,0.209888
"Jul 28, 10:00 am",0,0.209888
"Jul 28, 11:00 am",0,0.209888
"Jul 28, 12:00 pm",0,0.209888
"Jul 28, 01:00 pm",0,0.209888
"Jul 28, 02:00 pm",0,0.209888
"Jul 28, 03:00 pm",0,0.209888
"Jul 28, 04:00 pm",0,0.209888
"Jul 28, 05:00 pm",0,0.209888
"Jul 28, 06:00 pm",0,0.209888
"Jul 28, 07:00 pm",0,0.209888
"Jul 28, 08:00 pm",0,0.209888
"Jul 28, 09:00 pm",0,0.209888
"Jul 28, 10:00 pm",0,0.209888
"Jul 28, 11:00 pm",0,0.209888
"Jul 29, 12:00 am",0,0.209888
"Jul 29, 01:00 am",0,0.209888
"Jul 29, 02:00 am",0,0.209888
"Jul 29, 03:00 am",0,0.209888
"Jul 29, 04:00 am",0,0.209888
"Jul 29, 05:00 am",0,0.209888
"Jul 29, 06:00 am",0,0.209888
"Jul 29, 07:00 am",0,0.209888
"Jul 29, 08:00 am",0,0.209888
"Jul 29, 09:00 am",0,0.209888
"Jul 29, 10:00 am",0,0.209888
"Jul 29, 11:00 am",0,0.209888
"Jul 29, 12:00 pm",0,0.209888
"Jul 29, 01:00 pm",0,0.209888
"Jul 29, 02:00 pm",0,0.209888
"Jul 29, 03:00 pm",0,0.209888
"Jul 29, 04:00 pm",0,0.209888
"Jul 29, 05:00 pm",0,0.209888
"Jul 29, 06:00 pm",0,0.209888
"Jul 29, 07:00 pm",0,0.209888
"Jul 29, 08:00 pm",0,0.209888
"Jul 29, 09:00 pm",0,0.209888
"Jul 29, 10:00 pm",0,0.209888
"Jul 29, 11:00 pm",0,0.209888
"Jul 30, 12:00 am",0,0.209888
"Jul 30, 01:00 am",0,0.209888
"Jul 30, 02:00 am",0,0.209888
"Jul 30, 03:00 am",0,0.209888
"Jul 30, 04:00 am",0,0.209888
"Jul 30, 05:00 am",0,0.209888
"Jul 30, 06:00 am",0,0.209888
"Jul 30, 07:00 am",0,0.209888
"Jul 30, 08:00 am",0,0.209888
"Jul 30, 09:00 am",0,0.209888
"Jul 30, 10:00 am",0,0.209888
"Jul 30, 11:00 am",0,0.209888
"Jul 30, 12:00 pm",0,0.209888
"Jul 30, 01:00 pm",0,0.209888
"Jul 30, 02:00 pm",0,0.209888
"Jul 30, 03:00 pm",0,0.209888
"Jul 30, 04:00 pm",0,0.209888
"Jul 30, 05:00 pm",0,0.209888
"Jul 30, 06:00 pm",0,0.209888
"Jul 30, 07:00 pm",0,0.209888
"Jul 30, 08:00 pm",0,0.209888
"Jul 30, 09:00 pm",0,0.209888
"Jul 30, 10:00 pm",0,0.209888
"Jul 30, 11:00 pm",0,0.209888
"Jul 31, 12:00 am",0,0.209888
"Jul 31, 01:00 am",0,0.209888
"Jul 31, 02:00 am",0,0.209888
"Jul 31, 03:00 am",0,0.209888
"Jul 31, 04:00 am",0,0.209888
"Jul 31, 05:00 am",0,0.209888
"Jul 31, 06:00 am",0,0.209888
"Jul 31, 07:00 am",0,0.209888
"Jul 31, 08:00 am",0,0.209888
"Jul 31, 09:00 am",0,0.209888
"Jul 31, 10:00 am",0,0.209888
"Jul 31, 11:00 am",0,0.209888
"Jul 31, 12:00 pm",0,0.209888
"Jul 31, 01:00 pm",0,0.209888
"Jul 31, 02:00 pm",0,0.209888
"Jul 31, 03:00 pm",0,0.209888
"Jul 31, 04:00 pm",0,0.209888
"Jul 31, 05:00 pm",0,0.209888
"Jul 31, 06:00 pm",0,0.209888
"Jul 31, 07:00 pm",0,0.209888
"Jul 31, 08:00 pm",0,0.209888
"Jul 31, 09:00 pm",0,0.209888
"Jul 31, 10:00 pm",0,0.209888
"Jul 31, 11:00 pm",0,0.209888
"Aug 1, 12:00 am",0,0.209888
"Aug 1, 01:00 am",0,0.209888
"Aug 1, 02:00 am",0,0.209888
"Aug 1, 03:00 am",0,0.209888
"Aug 1, 04:00 am",0,0.209888
"Aug 1, 05:00 am",0,0.209888
"Aug 1, 06:00 am",0,0.209888
"Aug 1, 07:00 am",0,0.209888
"Aug 1, 08:00 am",0,0.209888
"Aug 1, 09:00 am",216.102,0.341527
"Aug 1, 10:00 am",2356.07,1.14555
"Aug 1, 11:00 am",2589.24,1.25933
"Aug 1, 12:00 pm",2589.67,1.25933
"Aug 1, 01:00 pm",2589.7,1.25933
"Aug 1, 02:00 pm",2589.85,1.25933
"Aug 1, 03:00 pm",2589.62,1.25933
"Aug 1, 04:00 pm",2063.7,1.00251
"Aug 1, 05:00 pm",118.247,0.209888
"Aug 1, 06:00 pm",12.8509,0.209888
"Aug 1, 07:00 pm",0,0.209888
"Aug 1, 08:00 pm",0,0.209888
"Aug 1, 09:00 pm",0,0.209888
"Aug 1, 10:00 pm",0,0.209888
"Aug 1, 11:00 pm",0,0.209888
"Aug 2, 12:00 am",0,0.209888
"Aug 2, 01:00 am",0,0.209888
"Aug 2, 02:00 am",0,0.209888
"Aug 2, 03:00 am",0,0.209888
"Aug 2, 04:00 am",0,0.209888
"Aug 2, 05:00 am",0,0.209888
"Aug 2, 06:00 am",0,0.209888
"Aug 2, 07:00 am",0,0.209888
"Aug 2, 08:00 am",0,0.209888
"Aug 2, 09:00 am",0,0.209888
"Aug 2, 10:00 am",0,0.209888
"Aug 2, 11:00 am",0,0.209888
"Aug 2, 12:00 pm",0,0.209888
"Aug 2, 01:00 pm",0,0.209888
"Aug 2, 02:00 pm",0,0.209888
"Aug 2, 03:00 pm",1739.75,0.9095
"Aug 2, 04:00 pm",1993.78,0.969362
"Aug 2, 05:00 pm",116.255,0.209888
"Aug 2, 06:00 pm",12.497,0.209888
"Aug 2, 07:00 pm",0,0.209888
"Aug 2, 08:00 pm",0,0.209888
"Aug 2, 09:00 pm",0,0.209888
"Aug 2, 10:00 pm",0,0.209888
"Aug 2, 11:00 pm",0,0.209888
"Aug 3, 12:00 am",0,0.209888
"Aug 3, 01:00 am",0,0.209888
"Aug 3, 02:00 am",0,0.209888
"Aug 3, 03:00 am",0,0.209888
"Aug 3, 04:00 am",0,0.209888
"Aug 3, 05:00 am",0,0.209888
"Aug 3, 06:00 am",0,0.209888
"Aug 3, 07:00 am",0,0.209888
"Aug 3, 08:00 am",0,0.209888
"Aug 3, 09:00 am",0,0.209888
"Aug 3, 10:00 am",0,0.209888
"Aug 3, 11:00 am",0,0.209888
"Aug 3, 12:00 pm",0,0.209888
"Aug 3, 01:00 pm",1738.99,0.9095
"Aug 3, 02:00 pm",2589.58,1.25933
"Aug 3, 03:00 pm",2589.15,1.25933
"Aug 3, 04:00 pm",2070.98,1.00612
"Aug 3, 05:00 pm",140.212,0.209888
"Aug 3, 06:00 pm",12.165,0.209888
"Aug 3, 07:00 pm",0,0.209888
"Aug 3, 08:00 pm",0,0.209888
"Aug 3, 09:00 pm",0,0.209888
"Aug 3, 10:00 pm",0,0.209888
"Aug 3, 11:00 pm",0,0.209888
"Aug 4, 12:00 am",0,0.209888
"Aug 4, 01:00 am",0,0.209888
"Aug 4, 02:00 am",0,0.209888
"Aug 4, 03:00 am",0,0.209888
"Aug 4, 04:00 am",0,0.209888
"Aug 4, 05:00 am",0,0.209888
"Aug 4, 06:00 am",0,0.209888
"Aug 4, 07:00 am",0,0.209888
"Aug 4, 08:00 am",0,0.209888
"Aug 4, 09:00 am",0,0.209888
"Aug 4, 10:00 am",0,0.209888
"Aug 4, 11:00 am",0,0.209888
"Aug 4, 12:00 pm",0,0.209888
"Aug 4, 01:00 pm",0,0.209888
"Aug 4, 02:00 pm",0,0.209888
"Aug 4, 03:00 pm",0,0.209888
"Aug 4, 04:00 pm",0,0.209888
"Aug 4, 05:00 pm",0,0.209888
"Aug 4, 06:00 pm",0,0.209888
"Aug 4, 07:00 pm",0,0.209888
"Aug 4, 08:00 pm",0,0.209888
"Aug 4, 09:00 pm",0,0.209888
"Aug 4, 10:00 pm",0,0.209888
"Aug 4, 11:00 pm",0,0.209888
"Aug 5, 12:00 am",0,0.209888
"Aug 5, 01:00 am",0,0.209888
"Aug 5, 02:00 am",0,0.209888
"Aug 5, 03:00 am",0,0.209888
"Aug 5, 04:00 am",0,0.209888
"Aug 5, 05:00 am",0,0.209888
"Aug 5, 06:00 am",0,0.209888
"Aug 5, 07:00 am",0,0.209888
"Aug 5, 08:00 am",0,0.209888
"Aug 5, 09:00 am",737.146,0.461959
"Aug 5, 10:00 am",2535.13,1.23269
"Aug 5, 11:00 am",16.8562,0.209888
"Aug 5, 12:00 pm",0,0.209888
"Aug 5, 01:00 pm",0,0.209888
"Aug 5, 02:00 pm",0,0.209888
"Aug 5, 03:00 pm",0,0.209888
"Aug 5, 04:00 pm",0,0.209888
"Aug 5, 05:00 pm",0,0.209888
"Aug 5, 06:00 pm",0,0.209888
"Aug 5, 07:00 pm",0,0.209888
"Aug 5, 08:00 pm",0,0.209888
"Aug 5, 09:00 pm",0,0.209888
"Aug 5, 10:00 pm",0,0.209888
"Aug 5, 11:00 pm",0,0.209888
"Aug 6, 12:00 am",0,0.209888
"Aug 6, 01:00 am",0,0.209888
"Aug 6, 02:00 am",0,0.209888
"Aug 6, 03:00 am",0,0.209888
"Aug 6, 04:00 am",0,0.209888
"Aug 6, 05:00 am",0,0.209888
"Aug 6, 06:00 am",0,0.209888
"Aug 6, 07:00 am",0,0.209888
"Aug 6, 08:00 am",0,0.209888
"Aug 6, 09:00 am",0,0.209888
"Aug 6, 10:00 am",0,0.209888
"Aug 6, 11:00 am",0,0.209888
"Aug 6, 12:00 pm",0,0.209888
"Aug 6, 01:00 pm",0,0.209888
"Aug 6, 02:00 pm",0,0.209888
"Aug 6, 03:00 pm",1743.79,0.9095
"Aug 6, 04:00 pm",2174.33,1.05682
"Aug 6, 05:00 pm",193.973,0.209888
"Aug 6, 06:00 pm",11.7329,0.209888
"Aug 6, 07:00 pm",0,0.209888
"Aug 6, 08:00 pm",0,0.209888
"Aug 6, 09:00 pm",0,0.209888
"Aug 6, 10:00 pm",0,0.209888
"Aug 6, 11:00 pm",0,0.209888
"Aug 7, 12:00 am",0,0.209888
"Aug 7, 01:00 am",0,0.209888
"Aug 7, 02:00 am",0,0.209888
"Aug 7, 03:00 am",0,0.209888
"Aug 7, 04:00 am",0,0.209888
"Aug 7, 05:00 am",0,0.209888
"Aug 7, 06:00 am",0,0.209888
"Aug 7, 07:00 am",0,0.209888
"Aug 7, 08:00 am",0,0.209888
"Aug 7, 09:00 am",946.083,0.557606
"Aug 7, 10:00 am",2588.81,1.25933
"Aug 7, 11:00 am",2590.73,1.25933
"Aug 7, 12:00 pm",2590.77,1.25933
"Aug 7, 01:00 pm",2590.74,1.25933
"Aug 7, 02:00 pm",2590.55,1.25933
"Aug 7, 03:00 pm",2590.54,1.25933
"Aug 7, 04:00 pm",2285.59,1.11138
"Aug 7, 05:00 pm",225.776,0.209888
"Aug 7, 06:00 pm",12.0863,0.209888
"Aug 7, 07:00 pm",0,0.209888
"Aug 7, 08:00 pm",0,0.209888
"Aug 7, 09:00 pm",0,0.209888
"Aug 7, 10:00 pm",0,0.209888
"Aug 7, 11:00 pm",0,0.209888
"Aug 8, 12:00 am",0,0.209888
"Aug 8, 01:00 am",0,0.209888
"Aug 8, 02:00 am",0,0.209888
"Aug 8, 03:00 am",0,0.209888
"Aug 8, 04:00 am",0,0.209888
"Aug 8, 05:00 am",0,0.209888
"Aug 8, 06:00 am",0,0.209888
"Aug 8, 07:00 am",0,0.209888
"Aug 8, 08:00 am",0,0.209888
"Aug 8, 09:00 am",972.059,0.569265
"Aug 8, 10:00 am",2588.95,1.25933
"Aug 8, 11:00 am",2590.81,1.25933
"Aug 8, 12:00 pm",2590.85,1.25933
"Aug 8, 01:00 pm",2590.73,1.25933
"Aug 8, 02:00 pm",2590.63,1.25933
"Aug 8, 03:00 pm",2590.62,1.25933
"Aug 8, 04:00 pm",2287.93,1.11248
"Aug 8, 05:00 pm",246.021,0.209888
"Aug 8, 06:00 pm",12.5128,0.209888
"Aug 8, 07:00 pm",0,0.209888
"Aug 8, 08:00 pm",0,0.209888
"Aug 8, 09:00 pm",0,0.209888
"Aug 8, 10:00 pm",0,0.209888
"Aug 8, 11:00 pm",0,0.209888
"Aug 9, 12:00 am",0,0.209888
"Aug 9, 01:00 am",0,0.209888
"Aug 9, 02:00 am",0,0.209888
"Aug 9, 03:00 am",0,0.209888
"Aug 9, 04:00 am",0,0.209888
"Aug 9, 05:00 am",0,0.209888
"Aug 9, 06:00 am",0,0.209888
"Aug 9, 07:00 am",0,0.209888
"Aug 9, 08:00 am",0,0.209888
"Aug 9, 09:00 am",940.804,0.554548
"Aug 9, 10:00 am",2589.54,1.25933
"Aug 9, 11:00 am",16.8721,0.209888
"Aug 9, 12:00 pm",2158.89,1.24383
"Aug 9, 01:00 pm",2593.46,1.25933
"Aug 9, 02:00 pm",2592.71,1.25933
"Aug 9, 03:00 pm",17.1548,0.209888
"Aug 9, 04:00 pm",1858.53,1.05639
"Aug 9, 05:00 pm",13.8744,0.209888
"Aug 9, 06:00 pm",0,0.209888
"Aug 9, 07:00 pm",0,0.209888
"Aug 9, 08:00 pm",0,0.209888
"Aug 9, 09:00 pm",0,0.209888
"Aug 9, 10:00 pm",0,0.209888
"Aug 9, 11:00 pm",0,0.209888
"Aug 10, 12:00 am",0,0.209888
"Aug 10, 01:00 am",0,0.209888
"Aug 10, 02:00 am",0,0.209888
"Aug 10, 03:00 am",0,0.209888
"Aug 10, 04:00 am",0,0.209888
"Aug 10, 05:00 am",0,0.209888
"Aug 10, 06:00 am",0,0.209888
"Aug 10, 07:00 am",0,0.209888
"Aug 10, 08:00 am",0,0.209888
"Aug 10, 09:00 am",0,0.209888
"Aug 10, 10:00 am",0,0.209888
"Aug 10, 11:00 am",0,0.209888
"Aug 10, 12:00 pm",0,0.209888
"Aug 10, 01:00 pm",0,0.209888
"Aug 10, 02:00 pm",0,0.209888
"Aug 10, 03:00 pm",0,0.209888
"Aug 10, 04:00 pm",0,0.209888
"Aug 10, 05:00 pm",0,0.209888
"Aug 10, 06:00 pm",0,0.209888
"Aug 10, 07:00 pm",0,0.209888
"Aug 10, 08:00 pm",0,0.209888
"Aug 10, 09:00 pm",0,0.209888
"Aug 10, 10:00 pm",0,0.209888
"Aug 10, 11:00 pm",0,0.209888
"Aug 11, 12:00 am",0,0.209888
"Aug 11, 01:00 am",0,0.209888
"Aug 11, 02:00 am",0,0.209888
"Aug 11, 03:00 am",0,0.209888
"Aug 11, 04:00 am",0,0.209888
"Aug 11, 05:00 am",0,0.209888
"Aug 11, 06:00 am",0,0.209888
"Aug 11, 07:00 am",0,0.209888
"Aug 11, 08:00 am",0,0.209888
"Aug 11, 09:00 am",0,0.209888
"Aug 11, 10:00 am",0,0.209888
"Aug 11, 11:00 am",1739.04,0.9095
"Aug 11, 12:00 pm",2591.06,1.25933
"Aug 11, 01:00 pm",2590.89,1.25933
"Aug 11, 02:00 pm",2590.89,1.25933
"Aug 11, 03:00 pm",2590.88,1.25933
"Aug 11, 04:00 pm",2341.87,1.13864
"Aug 11, 05:00 pm",302.706,0.209888
"Aug 11, 06:00 pm",12.0431,0.209888
"Aug 11, 07:00 pm",0,0.209888
"Aug 11, 08:00 pm",0,0.209888
"Aug 11, 09:00 pm",0,0.209888
"Aug 11, 10:00 pm",0,0.209888
"Aug 11, 11:00 pm",0,0.209888
"Aug 12, 12:00 am",0,0.209888
"Aug 12, 01:00 am",0,0.209888
"Aug 12, 02:00 am",0,0.209888
"Aug 12, 03:00 am",0,0.209888
"Aug 12, 04:00 am",0,0.209888
"Aug 12, 05:00 am",0,0.209888
"Aug 12, 06:00 am",0,0.209888
"Aug 12, 07:00 am",0,0.209888
"Aug 12, 08:00 am",0,0.209888
"Aug 12, 09:00 am",1155.73,0.809994
"Aug 12, 10:00 am",2589.65,1.25933
"Aug 12, 11:00 am",2591.49,1.25933
"Aug 12, 12:00 pm",2591.52,1.25933
"Aug 12, 01:00 pm",2591.54,1.25933
"Aug 12, 02:00 pm",2591.29,1.25933
"Aug 12, 03:00 pm",2591.46,1.25933
"Aug 12, 04:00 pm",2424.94,1.17894
"Aug 12, 05:00 pm",337.23,0.209888
"Aug 12, 06:00 pm",11.9644,0.209888
"Aug 12, 07:00 pm",0,0.209888
"Aug 12, 08:00 pm",0,0.209888
"Aug 12, 09:00 pm",0,0.209888
"Aug 12, 10:00 pm",0,0.209888
"Aug 12, 11:00 pm",0,0.209888
"Aug 13, 12:00 am",0,0.209888
"Aug 13, 01:00 am",0,0.209888
"Aug 13, 02:00 am",0,0.209888
"Aug 13, 03:00 am",0,0.209888
"Aug 13, 04:00 am",0,0.209888
"Aug 13, 05:00 am",0,0.209888
"Aug 13, 06:00 am",0,0.209888
"Aug 13, 07:00 am",0,0.209888
"Aug 13, 08:00 am",0,0.209888
"Aug 13, 09:00 am",1210.37,0.844996
"Aug 13, 10:00 am",2593.21,1.25933
"Aug 13, 11:00 am",2592.21,1.25933
"Aug 13, 12:00 pm",2591.96,1.25933
"Aug 13, 01:00 pm",2591.99,1.25933
"Aug 13, 02:00 pm",2591.77,1.25933
"Aug 13, 03:00 pm",2592.01,1.25933
"Aug 13, 04:00 pm",2509.97,1.22071
"Aug 13, 05:00 pm",384.077,0.209888
"Aug 13, 06:00 pm",12.7453,0.209888
"Aug 13, 07:00 pm",0,0.209888
"Aug 13, 08:00 pm",0,0.209888
"Aug 13, 09:00 pm",0,0.209888
"Aug 13, 10:00 pm",0,0.209888
"Aug 13, 11:00 pm",0,0.209888
"Aug 14, 12:00 am",0,0.209888
"Aug 14, 01:00 am",0,0.209888
"Aug 14, 02:00 am",0,0.209888
"Aug 14, 03:00 am",0,0.209888
"Aug 14, 04:00 am",0,0.209888
"Aug 14, 05:00 am",0,0.209888
"Aug 14, 06:00 am",0,0.209888
"Aug 14, 07:00 am",0,0.209888
"Aug 14, 08:00 am",0,0.209888
"Aug 14, 09:00 am",1204.51,0.84028
"Aug 14, 10:00 am",2591.8,1.25933
"Aug 14, 11:00 am",2591.66,1.25933
"Aug 14, 12:00 pm",17.5184,0.209888
"Aug 14, 01:00 pm",2167,1.25717
"Aug 14, 02:00 pm",17.8603,0.209888
"Aug 14, 03:00 pm",0,0.209888
"Aug 14, 04:00 pm",0,0.209888
"Aug 14, 05:00 pm",0,0.209888
"Aug 14, 06:00 pm",0,0.209888
"Aug 14, 07:00 pm",0,0.209888
"Aug 14, 08:00 pm",0,0.209888
"Aug 14, 09:00 pm",0,0.209888
"Aug 14, 10:00 pm",0,0.209888
"Aug 14, 11:00 pm",0,0.209888
"Aug 15, 12:00 am",0,0.209888
"Aug 15, 01:00 am",0,0.209888
"Aug 15, 02:00 am",0,0.209888
"Aug 15, 03:00 am",0,0.209888
"Aug 15, 04:00 am",0,0.209888
"Aug 15, 05:00 am",0,0.209888
"Aug 15, 06:00 am",0,0.209888
"Aug 15, 07:00 am",0,0.209888
"Aug 15, 08:00 am",0,0.209888
"Aug 15, 09:00 am",901.31,0.541088
"Aug 15, 10:00 am",16.6191,0.209888
"Aug 15, 11:00 am",2161.92,1.25793
"Aug 15, 12:00 pm",2591.57,1.25933
"Aug 15, 01:00 pm",2591.46,1.25933
"Aug 15, 02:00 pm",2591.48,1.25933
"Aug 15, 03:00 pm",2591.47,1.25933
"Aug 15, 04:00 pm",2422.84,1.17787
"Aug 15, 05:00 pm",397.073,0.209888
"Aug 15, 06:00 pm",12.8886,0.209888
"Aug 15, 07:00 pm",0,0.209888
"Aug 15, 08:00 pm",0,0.209888
"Aug 15, 09:00 pm",0,0.209888
"Aug 15, 10:00 pm",0,0.209888
"Aug 15, 11:00 pm",0,0.209888
"Aug 16, 12:00 am",0,0.209888
"Aug 16, 01:00 am",0,0.209888
"Aug 16, 02:00 am",0,0.209888
"Aug 16, 03:00 am",0,0.209888
"Aug 16, 04:00 am",0,0.209888
"Aug 16, 05:00 am",0,0.209888
"Aug 16, 06:00 am",0,0.209888
"Aug 16, 07:00 am",0,0.209888
"Aug 16, 08:00 am",0,0.209888
"Aug 16, 09:00 am",1185.48,0.82637
"Aug 16, 10:00 am",2590.05,1.25933
"Aug 16, 11:00 am",2591.35,1.25933
"Aug 16, 12:00 pm",2591.39,1.25933
"Aug 16, 01:00 pm",2591.4,1.25933
"Aug 16, 02:00 pm",2591.32,1.25933
"Aug 16, 03:00 pm",2591.33,1.25933
"Aug 16, 04:00 pm",2403.96,1.16869
"Aug 16, 05:00 pm",413.221,0.209888
"Aug 16, 06:00 pm",13.1734,0.209888
"Aug 16, 07:00 pm",0,0.209888
"Aug 16, 08:00 pm",0,0.209888
"Aug 16, 09:00 pm",0,0.209888
"Aug 16, 10:00 pm",0,0.209888
"Aug 16, 11:00 pm",0,0.209888
"Aug 17, 12:00 am",0,0.209888
"Aug 17, 01:00 am",0,0.209888
"Aug 17, 02:00 am",0,0.209888
"Aug 17, 03:00 am",0,0.209888
"Aug 17, 04:00 am",0,0.209888
"Aug 17, 05:00 am",0,0.209888
"Aug 17, 06:00 am",0,0.209888
"Aug 17, 07:00 am",0,0.209888
"Aug 17, 08:00 am",0,0.209888
"Aug 17, 09:00 am",1220.53,0.849644
"Aug 17, 10:00 am",2592.69,1.25933
"Aug 17, 11:00 am",2591.9,1.25933
"Aug 17, 12:00 pm",2591.83,1.25933
"Aug 17, 01:00 pm",2591.84,1.25933
"Aug 17, 02:00 pm",2591.86,1.25933
"Aug 17, 03:00 pm",2591.92,1.25933
"Aug 17, 04:00 pm",2488.87,1.21089
"Aug 17, 05:00 pm",455.587,0.222071
"Aug 17, 06:00 pm",13.6486,0.209888
"Aug 17, 07:00 pm",0,0.209888
"Aug 17, 08:00 pm",0,0.209888
"Aug 17, 09:00 pm",0,0.209888
"Aug 17, 10:00 pm",0,0.209888
"Aug 17, 11:00 pm",0,0.209888
"Aug 18, 12:00 am",0,0.209888
"Aug 18, 01:00 am",0,0.209888
"Aug 18, 02:00 am",0,0.209888
"Aug 18, 03:00 am",0,0.209888
"Aug 18, 04:00 am",0,0.209888
"Aug 18, 05:00 am",0,0.209888
"Aug 18, 06:00 am",0,0.209888
"Aug 18, 07:00 am",0,0.209888
"Aug 18, 08:00 am",0,0.209888
"Aug 18, 09:00 am",1617.32,0.921879
"Aug 18, 10:00 am",2591.05,1.25933
"Aug 18, 11:00 am",2592.45,1.25933
"Aug 18, 12:00 pm",2592.51,1.25933
"Aug 18, 01:00 pm",2592.52,1.25933
"Aug 18, 02:00 pm",2592.34,1.25933
"Aug 18, 03:00 pm",2592.33,1.25933
"Aug 18, 04:00 pm",2550.41,1.2398
"Aug 18, 05:00 pm",486.27,0.236932
"Aug 18, 06:00 pm",13.599,0.209888
"Aug 18, 07:00 pm",0,0.209888
"Aug 18, 08:00 pm",0,0.209888
"Aug 18, 09:00 pm",0,0.209888
"Aug 18, 10:00 pm",0,0.209888
"Aug 18, 11:00 pm",0,0.209888
"Aug 19, 12:00 am",0,0.209888
"Aug 19, 01:00 am",0,0.209888
"Aug 19, 02:00 am",0,0.209888
"Aug 19, 03:00 am",0,0.209888
"Aug 19, 04:00 am",0,0.209888
"Aug 19, 05:00 am",0,0.209888
"Aug 19, 06:00 am",0,0.209888
"Aug 19, 07:00 am",0,0.209888
"Aug 19, 08:00 am",0,0.209888
"Aug 19, 09:00 am",0,0.209888
"Aug 19, 10:00 am",0,0.209888
"Aug 19, 11:00 am",0,0.209888
"Aug 19, 12:00 pm",0,0.209888
"Aug 19, 01:00 pm",0,0.209888
"Aug 19, 02:00 pm",0,0.209888
"Aug 19, 03:00 pm",0,0.209888
"Aug 19, 04:00 pm",0,0.209888
"Aug 19, 05:00 pm",0,0.209888
"Aug 19, 06:00 pm",0,0.209888
"Aug 19, 07:00 pm",0,0.209888
"Aug 19, 08:00 pm",0,0.209888
"Aug 19, 09:00 pm",0,0.209888
"Aug 19, 10:00 pm",0,0.209888
"Aug 19, 11:00 pm",0,0.209888
"Aug 20, 12:00 am",0,0.209888
"Aug 20, 01:00 am",0,0.209888
"Aug 20, 02:00 am",0,0.209888
"Aug 20, 03:00 am",0,0.209888
"Aug 20, 04:00 am",0,0.209888
"Aug 20, 05:00 am",0,0.209888
"Aug 20, 06:00 am",0,0.209888
"Aug 20, 07:00 am",0,0.209888
"Aug 20, 08:00 am",0,0.209888
"Aug 20, 09:00 am",0,0.209888
"Aug 20, 10:00 am",1735.18,0.9095
"Aug 20, 11:00 am",2592.19,1.25933
"Aug 20, 12:00 pm",2592.03,1.25933
"Aug 20, 01:00 pm",2592.03,1.25933
"Aug 20, 02:00 pm",2592.02,1.25933
"Aug 20, 03:00 pm",2592.01,1.25933
"Aug 20, 04:00 pm",2523.49,1.22709
"Aug 20, 05:00 pm",508.61,0.247815
"Aug 20, 06:00 pm",12.5873,0.209888
"Aug 20, 07:00 pm",0,0.209888
"Aug 20, 08:00 pm",0,0.209888
"Aug 20, 09:00 pm",0,0.209888
"Aug 20, 10:00 pm",0,0.209888
"Aug 20, 11:00 pm",0,0.209888
"Aug 21, 12:00 am",0,0.209888
"Aug 21, 01:00 am",0,0.209888
"Aug 21, 02:00 am",0,0.209888
"Aug 21, 03:00 am",0,0.209888
"Aug 21, 04:00 am",0,0.209888
"Aug 21, 05:00 am",0,0.209888
"Aug 21, 06:00 am",0,0.209888
"Aug 21, 07:00 am",0,0.209888
"Aug 21, 08:00 am",0,0.209888
"Aug 21, 09:00 am",0,0.209888
"Aug 21, 10:00 am",0,0.209888
"Aug 21, 11:00 am",0,0.209888
"Aug 21, 12:00 pm",1758.49,0.9095
"Aug 21, 01:00 pm",2592.33,1.25933
"Aug 21, 02:00 pm",2592.21,1.25933
"Aug 21, 03:00 pm",2591.97,1.25933
"Aug 21, 04:00 pm",2542.35,1.23602
"Aug 21, 05:00 pm",532.713,0.259608
"Aug 21, 06:00 pm",12.4004,0.209888
"Aug 21, 07:00 pm",0,0.209888
"Aug 21, 08:00 pm",0,0.209888
"Aug 21, 09:00 pm",0,0.209888
"Aug 21, 10:00 pm",0,0.209888
"Aug 21, 11:00 pm",0,0.209888
"Aug 22, 12:00 am",0,0.209888
"Aug 22, 01:00 am",0,0.209888
"Aug 22, 02:00 am",0,0.209888
"Aug 22, 03:00 am",0,0.209888
"Aug 22, 04:00 am",0,0.209888
"Aug 22, 05:00 am",0,0.209888
"Aug 22, 06:00 am",0,0.209888
"Aug 22, 07:00 am",0,0.209888
"Aug 22, 08:00 am",0,0.209888
"Aug 22, 09:00 am",1077.16,0.622013
"Aug 22, 10:00 am",2590.53,1.25933
"Aug 22, 11:00 am",2591.89,1.25933
"Aug 22, 12:00 pm",17.138,0.209888
"Aug 22, 01:00 pm",0,0.209888
"Aug 22, 02:00 pm",0,0.209888
"Aug 22, 03:00 pm",0,0.209888
"Aug 22, 04:00 pm",0,0.209888
"Aug 22, 05:00 pm",0,0.209888
"Aug 22, 06:00 pm",0,0.209888
"Aug 22, 07:00 pm",0,0.209888
"Aug 22, 08:00 pm",0,0.209888
"Aug 22, 09:00 pm",0,0.209888
"Aug 22, 10:00 pm",0,0.209888
"Aug 22, 11:00 pm",0,0.209888
"Aug 23, 12:00 am",0,0.209888
"Aug 23, 01:00 am",0,0.209888
"Aug 23, 02:00 am",0,0.209888
"Aug 23, 03:00 am",0,0.209888
"Aug 23, 04:00 am",0,0.209888
"Aug 23, 05:00 am",0,0.209888
"Aug 23, 06:00 am",0,0.209888
"Aug 23, 07:00 am",0,0.209888
"Aug 23, 08:00 am",0,0.209888
"Aug 23, 09:00 am",0,0.209888
"Aug 23, 10:00 am",0,0.209888
"Aug 23, 11:00 am",0,0.209888
"Aug 23, 12:00 pm",0,0.209888
"Aug 23, 01:00 pm",0,0.209888
"Aug 23, 02:00 pm",0,0.209888
"Aug 23, 03:00 pm",0,0.209888
"Aug 23, 04:00 pm",0,0.209888
"Aug 23, 05:00 pm",0,0.209888
"Aug 23, 06:00 pm",0,0.209888
"Aug 23, 07:00 pm",0,0.209888
"Aug 23, 08:00 pm",0,0.209888
"Aug 23, 09:00 pm",0,0.209888
"Aug 23, 10:00 pm",0,0.209888
"Aug 23, 11:00 pm",0,0.209888
"Aug 24, 12:00 am",0,0.209888
"Aug 24, 01:00 am",0,0.209888
"Aug 24, 02:00 am",0,0.209888
"Aug 24, 03:00 am",0,0.209888
"Aug 24, 04:00 am",0,0.209888
"Aug 24, 05:00 am",0,0.209888
"Aug 24, 06:00 am",0,0.209888
"Aug 24, 07:00 am",0,0.209888
"Aug 24, 08:00 am",0,0.209888
"Aug 24, 09:00 am",0,0.209888
"Aug 24, 10:00 am",0,0.209888
"Aug 24, 11:00 am",0,0.209888
"Aug 24, 12:00 pm",0,0.209888
"Aug 24, 01:00 pm",0,0.209888
"Aug 24, 02:00 pm",0,0.209888
"Aug 24, 03:00 pm",1752.36,0.9095
"Aug 24, 04:00 pm",2572.67,1.25056
"Aug 24, 05:00 pm",594.164,0.289318
"Aug 24, 06:00 pm",12.3152,0.209888
"Aug 24, 07:00 pm",0,0.209888
"Aug 24, 08:00 pm",0,0.209888
"Aug 24, 09:00 pm",0,0.209888
"Aug 24, 10:00 pm",0,0.209888
"Aug 24, 11:00 pm",0,0.209888
"Aug 25, 12:00 am",0,0.209888
"Aug 25, 01:00 am",0,0.209888
"Aug 25, 02:00 am",0,0.209888
"Aug 25, 03:00 am",0,0.209888
"Aug 25, 04:00 am",0,0.209888
"Aug 25, 05:00 am",0,0.209888
"Aug 25, 06:00 am",0,0.209888
"Aug 25, 07:00 am",0,0.209888
"Aug 25, 08:00 am",0,0.209888
"Aug 25, 09:00 am",1259.06,0.706633
"Aug 25, 10:00 am",2591.68,1.25933
"Aug 25, 11:00 am",2592.78,1.25933
"Aug 25, 12:00 pm",2592.94,1.25933
"Aug 25, 01:00 pm",2592.96,1.25933
"Aug 25, 02:00 pm",2592.97,1.25933
"Aug 25, 03:00 pm",2592.74,1.25933
"Aug 25, 04:00 pm",2589.25,1.25933
"Aug 25, 05:00 pm",659.187,0.320982
"Aug 25, 06:00 pm",12.4337,0.209888
"Aug 25, 07:00 pm",0,0.209888
"Aug 25, 08:00 pm",0,0.209888
"Aug 25, 09:00 pm",0,0.209888
"Aug 25, 10:00 pm",0,0.209888
"Aug 25, 11:00 pm",0,0.209888
"Aug 26, 12:00 am",0,0.209888
"Aug 26, 01:00 am",0,0.209888
"Aug 26, 02:00 am",0,0.209888
"Aug 26, 03:00 am",0,0.209888
"Aug 26, 04:00 am",0,0.209888
"Aug 26, 05:00 am",0,0.209888
"Aug 26, 06:00 am",0,0.209888
"Aug 26, 07:00 am",0,0.209888
"Aug 26, 08:00 am",0,0.209888
"Aug 26, 09:00 am",2236,1.08786
"Aug 26, 10:00 am",2592.07,1.25933
"Aug 26, 11:00 am",2593.01,1.25933
"Aug 26, 12:00 pm",18.8548,0.209888
"Aug 26, 01:00 pm",0,0.209888
"Aug 26, 02:00 pm",0,0.209888
"Aug 26, 03:00 pm",2158.84,1.25933
"Aug 26, 04:00 pm",2589.43,1.25933
"Aug 26, 05:00 pm",680.232,0.331149
"Aug 26, 06:00 pm",12.9718,0.209888
"Aug 26, 07:00 pm",0,0.209888
"Aug 26, 08:00 pm",0,0.209888
"Aug 26, 09:00 pm",0,0.209888
"Aug 26, 10:00 pm",0,0.209888
"Aug 26, 11:00 pm",0,0.209888
"Aug 27, 12:00 am",0,0.209888
"Aug 27, 01:00 am",0,0.209888
"Aug 27, 02:00 am",0,0.209888
"Aug 27, 03:00 am",0,0.209888
"Aug 27, 04:00 am",0,0.209888
"Aug 27, 05:00 am",0,0.209888
"Aug 27, 06:00 am",0,0.209888
"Aug 27, 07:00 am",0,0.209888
"Aug 27, 08:00 am",0,0.209888
"Aug 27, 09:00 am",0,0.209888
"Aug 27, 10:00 am",0,0.209888
"Aug 27, 11:00 am",0,0.209888
"Aug 27, 12:00 pm",0,0.209888
"Aug 27, 01:00 pm",0,0.209888
"Aug 27, 02:00 pm",0,0.209888
"Aug 27, 03:00 pm",0,0.209888
"Aug 27, 04:00 pm",0,0.209888
"Aug 27, 05:00 pm",0,0.209888
"Aug 27, 06:00 pm",0,0.209888
"Aug 27, 07:00 pm",0,0.209888
"Aug 27, 08:00 pm",0,0.209888
"Aug 27, 09:00 pm",0,0.209888
"Aug 27, 10:00 pm",0,0.209888
"Aug 27, 11:00 pm",0,0.209888
"Aug 28, 12:00 am",0,0.209888
"Aug 28, 01:00 am",0,0.209888
"Aug 28, 02:00 am",0,0.209888
"Aug 28, 03:00 am",0,0.209888
"Aug 28, 04:00 am",0,0.209888
"Aug 28, 05:00 am",0,0.209888
"Aug 28, 06:00 am",0,0.209888
"Aug 28, 07:00 am",0,0.209888
"Aug 28, 08:00 am",0,0.209888
"Aug 28, 09:00 am",0,0.209888
"Aug 28, 10:00 am",0,0.209888
"Aug 28, 11:00 am",0,0.209888
"Aug 28, 12:00 pm",0,0.209888
"Aug 28, 01:00 pm",0,0.209888
"Aug 28, 02:00 pm",0,0.209888
"Aug 28, 03:00 pm",0,0.209888
"Aug 28, 04:00 pm",0,0.209888
"Aug 28, 05:00 pm",0,0.209888
"Aug 28, 06:00 pm",0,0.209888
"Aug 28, 07:00 pm",0,0.209888
"Aug 28, 08:00 pm",0,0.209888
"Aug 28, 09:00 pm",0,0.209888
"Aug 28, 10:00 pm",0,0.209888
"Aug 28, 11:00 pm",0,0.209888
"Aug 29, 12:00 am",0,0.209888
"Aug 29, 01:00 am",0,0.209888
"Aug 29, 02:00 am",0,0.209888
"Aug 29, 03:00 am",0,0.209888
"Aug 29, 04:00 am",0,0.209888
"Aug 29, 05:00 am",0,0.209888
"Aug 29, 06:00 am",0,0.209888
"Aug 29, 07:00 am",0,0.209888
"Aug 29, 08:00 am",0,0.209888
"Aug 29, 09:00 am",0,0.209888
"Aug 29, 10:00 am",0,0.209888
"Aug 29, 11:00 am",1754.23,0.9095
"Aug 29, 12:00 pm",18.9637,0.209888
"Aug 29, 01:00 pm",0,0.209888
"Aug 29, 02:00 pm",0,0.209888
"Aug 29, 03:00 pm",0,0.209888
"Aug 29, 04:00 pm",0,0.209888
"Aug 29, 05:00 pm",0,0.209888
"Aug 29, 06:00 pm",0,0.209888
"Aug 29, 07:00 pm",0,0.209888
"Aug 29, 08:00 pm",0,0.209888
"Aug 29, 09:00 pm",0,0.209888
"Aug 29, 10:00 pm",0,0.209888
"Aug 29, 11:00 pm",0,0.209888
"Aug 30, 12:00 am",0,0.209888
"Aug 30, 01:00 am",0,0.209888
"Aug 30, 02:00 am",0,0.209888
"Aug 30, 03:00 am",0,0.209888
"Aug 30, 04:00 am",0,0.209888
"Aug 30, 05:00 am",0,0.209888
"Aug 30, 06:00 am",0,0.209888
"Aug 30, 07:00 am",0,0.209888
"Aug 30, 08:00 am",0,0.209888
"Aug 30, 09:00 am",0,0.209888
"Aug 30, 10:00 am",1750.05,0.9095
"Aug 30, 11:00 am",2592.66,1.25933
"Aug 30, 12:00 pm",2592.77,1.25933
"Aug 30, 01:00 pm",17.7899,0.209888
"Aug 30, 02:00 pm",0,0.209888
"Aug 30, 03:00 pm",0,0.209888
"Aug 30, 04:00 pm",0,0.209888
"Aug 30, 05:00 pm",0,0.209888
"Aug 30, 06:00 pm",0,0.209888
"Aug 30, 07:00 pm",0,0.209888
"Aug 30, 08:00 pm",0,0.209888
"Aug 30, 09:00 pm",0,0.209888
"Aug 30, 10:00 pm",0,0.209888
"Aug 30, 11:00 pm",0,0.209888
"Aug 31, 12:00 am",0,0.209888
"Aug 31, 01:00 am",0,0.209888
"Aug 31, 02:00 am",0,0.209888
"Aug 31, 03:00 am",0,0.209888
"Aug 31, 04:00 am",0,0.209888
"Aug 31, 05:00 am",0,0.209888
"Aug 31, 06:00 am",0,0.209888
"Aug 31, 07:00 am",0,0.209888
"Aug 31, 08:00 am",0,0.209888
"Aug 31, 09:00 am",0,0.209888
"Aug 31, 10:00 am",0,0.209888
"Aug 31, 11:00 am",0,0.209888
"Aug 31, 12:00 pm",0,0.209888
"Aug 31, 01:00 pm",0,0.209888
"Aug 31, 02:00 pm",0,0.209888
"Aug 31, 03:00 pm",0,0.209888
"Aug 31, 04:00 pm",0,0.209888
"Aug 31, 05:00 pm",0,0.209888
"Aug 31, 06:00 pm",0,0.209888
"Aug 31, 07:00 pm",0,0.209888
"Aug 31, 08:00 pm",0,0.209888
"Aug 31, 09:00 pm",0,0.209888
"Aug 31, 10:00 pm",0,0.209888
"Aug 31, 11:00 pm",0,0.209888
"Sep 1, 12:00 am",0,0.209888
"Sep 1, 01:00 am",0,0.209888
"Sep 1, 02:00 am",0,0.209888
"Sep 1, 03:00 am",0,0.209888
"Sep 1, 04:00 am",0,0.209888
"Sep 1, 05:00 am",0,0.209888
"Sep 1, 06:00 am",0,0.209888
"Sep 1, 07:00 am",0,0.209888
"Sep 1, 08:00 am",0,0.209888
"Sep 1, 09:00 am",1318.11,0.734593
"Sep 1, 10:00 am",2592.63,1.25933
"Sep 1, 11:00 am",2593.14,1.25933
"Sep 1, 12:00 pm",2593.29,1.25933
"Sep 1, 01:00 pm",2593.31,1.25933
"Sep 1, 02:00 pm",2593.33,1.25933
"Sep 1, 03:00 pm",18.5799,0.209888
"Sep 1, 04:00 pm",0,0.209888
"Sep 1, 05:00 pm",0,0.209888
"Sep 1, 06:00 pm",0,0.209888
"Sep 1, 07:00 pm",0,0.209888
"Sep 1, 08:00 pm",0,0.209888
"Sep 1, 09:00 pm",0,0.209888
"Sep 1, 10:00 pm",0,0.209888
"Sep 1, 11:00 pm",0,0.209888
"Sep 2, 12:00 am",0,0.209888
"Sep 2, 01:00 am",0,0.209888
"Sep 2, 02:00 am",0,0.209888
"Sep 2, 03:00 am",0,0.209888
"Sep 2, 04:00 am",0,0.209888
"Sep 2, 05:00 am",0,0.209888
"Sep 2, 06:00 am",0,0.209888
"Sep 2, 07:00 am",0,0.209888
"Sep 2, 08:00 am",0,0.209888
"Sep 2, 09:00 am",0,0.209888
"Sep 2, 10:00 am",0,0.209888
"Sep 2, 11:00 am",0,0.209888
"Sep 2, 12:00 pm",0,0.209888
"Sep 2, 01:00 pm",0,0.209888
"Sep 2, 02:00 pm",0,0.209888
"Sep 2, 03:00 pm",1773.66,0.9095
"Sep 2, 04:00 pm",2590.68,1.25933
"Sep 2, 05:00 pm",924.904,0.449999
"Sep 2, 06:00 pm",13.3713,0.209888
"Sep 2, 07:00 pm",0,0.209888
"Sep 2, 08:00 pm",0,0.209888
"Sep 2, 09:00 pm",0,0.209888
"Sep 2, 10:00 pm",0,0.209888
"Sep 2, 11:00 pm",0,0.209888
"Sep 3, 12:00 am",0,0.209888
"Sep 3, 01:00 am",0,0.209888
"Sep 3, 02:00 am",0,0.209888
"Sep 3, 03:00 am",0,0.209888
"Sep 3, 04:00 am",0,0.209888
"Sep 3, 05:00 am",0,0.209888
"Sep 3, 06:00 am",0,0.209888
"Sep 3, 07:00 am",0,0.209888
"Sep 3, 08:00 am",0,0.209888
"Sep 3, 09:00 am",0,0.209888
"Sep 3, 10:00 am",0,0.209888
"Sep 3, 11:00 am",0,0.209888
"Sep 3, 12:00 pm",0,0.209888
"Sep 3, 01:00 pm",0,0.209888
"Sep 3, 02:00 pm",0,0.209888
"Sep 3, 03:00 pm",0,0.209888
"Sep 3, 04:00 pm",0,0.209888
"Sep 3, 05:00 pm",0,0.209888
"Sep 3, 06:00 pm",0,0.209888
"Sep 3, 07:00 pm",0,0.209888
"Sep 3, 08:00 pm",0,0.209888
"Sep 3, 09:00 pm",0,0.209888
"Sep 3, 10:00 pm",0,0.209888
"Sep 3, 11:00 pm",0,0.209888
"Sep 4, 12:00 am",0,0.209888
"Sep 4, 01:00 am",0,0.209888
"Sep 4, 02:00 am",0,0.209888
"Sep 4, 03:00 am",0,0.209888
"Sep 4, 04:00 am",0,0.209888
"Sep 4, 05:00 am",0,0.209888
"Sep 4, 06:00 am",0,0.209888
"Sep 4, 07:00 am",0,0.209888
"Sep 4, 08:00 am",0,0.209888
"Sep 4, 09:00 am",0,0.209888
"Sep 4, 10:00 am",0,0.209888
"Sep 4, 11:00 am",0,0.209888
"Sep 4, 12:00 pm",0,0.209888
"Sep 4, 01:00 pm",0,0.209888
"Sep 4, 02:00 pm",0,0.209888
"Sep 4, 03:00 pm",0,0.209888
"Sep 4, 04:00 pm",0,0.209888
"Sep 4, 05:00 pm",0,0.209888
"Sep 4, 06:00 pm",0,0.209888
"Sep 4, 07:00 pm",0,0.209888
"Sep 4, 08:00 pm",0,0.209888
"Sep 4, 09:00 pm",0,0.209888
"Sep 4, 10:00 pm",0,0.209888
"Sep 4, 11:00 pm",0,0.209888
"Sep 5, 12:00 am",0,0.209888
"Sep 5, 01:00 am",0,0.209888
"Sep 5, 02:00 am",0,0.209888
"Sep 5, 03:00 am",0,0.209888
"Sep 5, 04:00 am",0,0.209888
"Sep 5, 05:00 am",0,0.209888
"Sep 5, 06:00 am",0,0.209888
"Sep 5, 07:00 am",0,0.209888
"Sep 5, 08:00 am",0,0.209888
"Sep 5, 09:00 am",0,0.209888
"Sep 5, 10:00 am",0,0.209888
"Sep 5, 11:00 am",0,0.209888
"Sep 5, 12:00 pm",0,0.209888
"Sep 5, 01:00 pm",0,0.209888
"Sep 5, 02:00 pm",0,0.209888
"Sep 5, 03:00 pm",0,0.209888
"Sep 5, 04:00 pm",0,0.209888
"Sep 5, 05:00 pm",0,0.209888
"Sep 5, 06:00 pm",0,0.209888
"Sep 5, 07:00 pm",0,0.209888
"Sep 5, 08:00 pm",0,0.209888
"Sep 5, 09:00 pm",0,0.209888
"Sep 5, 10:00 pm",0,0.209888
"Sep 5, 11:00 pm",0,0.209888
"Sep 6, 12:00 am",0,0.209888
"Sep 6, 01:00 am",0,0.209888
"Sep 6, 02:00 am",0,0.209888
"Sep 6, 03:00 am",0,0.209888
"Sep 6, 04:00 am",0,0.209888
"Sep 6, 05:00 am",0,0.209888
"Sep 6, 06:00 am",0,0.209888
"Sep 6, 07:00 am",0,0.209888
"Sep 6, 08:00 am",0,0.209888
"Sep 6, 09:00 am",0,0.209888
"Sep 6, 10:00 am",0,0.209888
"Sep 6, 11:00 am",0,0.209888
"Sep 6, 12:00 pm",0,0.209888
"Sep 6, 01:00 pm",0,0.209888
"Sep 6, 02:00 pm",0,0.209888
"Sep 6, 03:00 pm",0,0.209888
"Sep 6, 04:00 pm",0,0.209888
"Sep 6, 05:00 pm",0,0.209888
"Sep 6, 06:00 pm",0,0.209888
"Sep 6, 07:00 pm",0,0.209888
"Sep 6, 08:00 pm",0,0.209888
"Sep 6, 09:00 pm",0,0.209888
"Sep 6, 10:00 pm",0,0.209888
"Sep 6, 11:00 pm",0,0.209888
"Sep 7, 12:00 am",0,0.209888
"Sep 7, 01:00 am",0,0.209888
"Sep 7, 02:00 am",0,0.209888
"Sep 7, 03:00 am",0,0.209888
"Sep 7, 04:00 am",0,0.209888
"Sep 7, 05:00 am",0,0.209888
"Sep 7, 06:00 am",0,0.209888
"Sep 7, 07:00 am",0,0.209888
"Sep 7, 08:00 am",0,0.209888
"Sep 7, 09:00 am",0,0.209888
"Sep 7, 10:00 am",0,0.209888
"Sep 7, 11:00 am",0,0.209888
"Sep 7, 12:00 pm",0,0.209888
"Sep 7, 01:00 pm",0,0.209888
"Sep 7, 02:00 pm",0,0.209888
"Sep 7, 03:00 pm",0,0.209888
"Sep 7, 04:00 pm",0,0.209888
"Sep 7, 05:00 pm",0,0.209888
"Sep 7, 06:00 pm",0,0.209888
"Sep 7, 07:00 pm",0,0.209888
"Sep 7, 08:00 pm",0,0.209888
"Sep 7, 09:00 pm",0,0.209888
"Sep 7, 10:00 pm",0,0.209888
"Sep 7, 11:00 pm",0,0.209888
"Sep 8, 12:00 am",0,0.209888
"Sep 8, 01:00 am",0,0.209888
"Sep 8, 02:00 am",0,0.209888
"Sep 8, 03:00 am",0,0.209888
"Sep 8, 04:00 am",0,0.209888
"Sep 8, 05:00 am",0,0.209888
"Sep 8, 06:00 am",0,0.209888
"Sep 8, 07:00 am",0,0.209888
"Sep 8, 08:00 am",0,0.209888
"Sep 8, 09:00 am",2158.07,1.22852
"Sep 8, 10:00 am",2592.96,1.25933
"Sep 8, 11:00 am",2592.76,1.25933
"Sep 8, 12:00 pm",19.6342,0.209888
"Sep 8, 01:00 pm",0,0.209888
"Sep 8, 02:00 pm",0,0.209888
"Sep 8, 03:00 pm",0,0.209888
"Sep 8, 04:00 pm",2160.66,1.25933
"Sep 8, 05:00 pm",1131.51,0.550387
"Sep 8, 06:00 pm",12.4723,0.209888
"Sep 8, 07:00 pm",0,0.209888
"Sep 8, 08:00 pm",0,0.209888
"Sep 8, 09:00 pm",0,0.209888
"Sep 8, 10:00 pm",0,0.209888
"Sep 8, 11:00 pm",0,0.209888
"Sep 9, 12:00 am",0,0.209888
"Sep 9, 01:00 am",0,0.209888
"Sep 9, 02:00 am",0,0.209888
"Sep 9, 03:00 am",0,0.209888
"Sep 9, 04:00 am",0,0.209888
"Sep 9, 05:00 am",0,0.209888
"Sep 9, 06:00 am",0,0.209888
"Sep 9, 07:00 am",0,0.209888
"Sep 9, 08:00 am",0,0.335564
"Sep 9, 09:00 am",2589.17,1.25933
"Sep 9, 10:00 am",2592.91,1.25933
"Sep 9, 11:00 am",2591.36,1.25933
"Sep 9, 12:00 pm",2591.2,1.25933
"Sep 9, 01:00 pm",2590.81,1.25933
"Sep 9, 02:00 pm",2591.88,1.25933
"Sep 9, 03:00 pm",2592.79,1.25933
"Sep 9, 04:00 pm",2591.95,1.25933
"Sep 9, 05:00 pm",1165.02,0.566719
"Sep 9, 06:00 pm",12.5859,0.209888
"Sep 9, 07:00 pm",0,0.209888
"Sep 9, 08:00 pm",0,0.209888
"Sep 9, 09:00 pm",0,0.209888
"Sep 9, 10:00 pm",0,0.209888
"Sep 9, 11:00 pm",0,0.209888
"Sep 10, 12:00 am",0,0.209888
"Sep 10, 01:00 am",0,0.209888
"Sep 10, 02:00 am",0,0.209888
"Sep 10, 03:00 am",0,0.209888
"Sep 10, 04:00 am",0,0.209888
"Sep 10, 05:00 am",0,0.209888
"Sep 10, 06:00 am",0,0.209888
"Sep 10, 07:00 am",0,0.209888
"Sep 10, 08:00 am",0,0.330796
"Sep 10, 09:00 am",2587.77,1.25933
"Sep 10, 10:00 am",2592.95,1.25933
"Sep 10, 11:00 am",2591.6,1.25933
"Sep 10, 12:00 pm",2591.16,1.25933
"Sep 10, 01:00 pm",2588.15,1.25933
"Sep 10, 02:00 pm",2591.59,1.25933
"Sep 10, 03:00 pm",2592.68,1.25933
"Sep 10, 04:00 pm",2592.05,1.25933
"Sep 10, 05:00 pm",1201.92,0.584652
"Sep 10, 06:00 pm",12.6008,0.209888
"Sep 10, 07:00 pm",0,0.209888
"Sep 10, 08:00 pm",0,0.209888
"Sep 10, 09:00 pm",0,0.209888
"Sep 10, 10:00 pm",0,0.209888
"Sep 10, 11:00 pm",0,0.209888
"Sep 11, 12:00 am",0,0.209888
"Sep 11, 01:00 am",0,0.209888
"Sep 11, 02:00 am",0,0.209888
"Sep 11, 03:00 am",0,0.209888
"Sep 11, 04:00 am",0,0.209888
"Sep 11, 05:00 am",0,0.209888
"Sep 11, 06:00 am",0,0.209888
"Sep 11, 07:00 am",0,0.209888
"Sep 11, 08:00 am",0,0.335833
"Sep 11, 09:00 am",2590.1,1.25933
"Sep 11, 10:00 am",2593.02,1.25933
"Sep 11, 11:00 am",2591.61,1.25933
"Sep 11, 12:00 pm",2591.15,1.25933
"Sep 11, 01:00 pm",2589.33,1.25933
"Sep 11, 02:00 pm",2591.56,1.25933
"Sep 11, 03:00 pm",2592.72,1.25933
"Sep 11, 04:00 pm",2592.15,1.25933
"Sep 11, 05:00 pm",1230.27,0.59788
"Sep 11, 06:00 pm",13.3313,0.209888
"Sep 11, 07:00 pm",0,0.209888
"Sep 11, 08:00 pm",0,0.209888
"Sep 11, 09:00 pm",0,0.209888
"Sep 11, 10:00 pm",0,0.209888
"Sep 11, 11:00 pm",0,0.209888
"Sep 12, 12:00 am",0,0.209888
"Sep 12, 01:00 am",0,0.209888
"Sep 12, 02:00 am",0,0.209888
"Sep 12, 03:00 am",0,0.209888
"Sep 12, 04:00 am",0,0.209888
"Sep 12, 05:00 am",0,0.209888
"Sep 12, 06:00 am",0,0.209888
"Sep 12, 07:00 am",0,0.209888
"Sep 12, 08:00 am",226.961,0.35386
"Sep 12, 09:00 am",2590.35,1.25933
"Sep 12, 10:00 am",2592.75,1.25933
"Sep 12, 11:00 am",2590.36,1.25933
"Sep 12, 12:00 pm",2590.31,1.25933
"Sep 12, 01:00 pm",2590.3,1.25933
"Sep 12, 02:00 pm",2591.15,1.25933
"Sep 12, 03:00 pm",2592.65,1.25933
"Sep 12, 04:00 pm",2592.26,1.25933
"Sep 12, 05:00 pm",1261.74,0.613158
"Sep 12, 06:00 pm",13.9812,0.209888
"Sep 12, 07:00 pm",0,0.209888
"Sep 12, 08:00 pm",0,0.209888
"Sep 12, 09:00 pm",0,0.209888
"Sep 12, 10:00 pm",0,0.209888
"Sep 12, 11:00 pm",0,0.209888
"Sep 13, 12:00 am",0,0.209888
"Sep 13, 01:00 am",0,0.209888
"Sep 13, 02:00 am",0,0.209888
"Sep 13, 03:00 am",0,0.209888
"Sep 13, 04:00 am",0,0.209888
"Sep 13, 05:00 am",0,0.209888
"Sep 13, 06:00 am",0,0.209888
"Sep 13, 07:00 am",0,0.209888
"Sep 13, 08:00 am",220.887,0.347434
"Sep 13, 09:00 am",2591.04,1.25933
"Sep 13, 10:00 am",2593,1.25933
"Sep 13, 11:00 am",2591.94,1.25933
"Sep 13, 12:00 pm",2591.78,1.25933
"Sep 13, 01:00 pm",2591.29,1.25933
"Sep 13, 02:00 pm",2592.07,1.25933
"Sep 13, 03:00 pm",2592.92,1.25933
"Sep 13, 04:00 pm",2592.03,1.25933
"Sep 13, 05:00 pm",1266.91,0.615702
"Sep 13, 06:00 pm",13.5075,0.209888
"Sep 13, 07:00 pm",0,0.209888
"Sep 13, 08:00 pm",0,0.209888
"Sep 13, 09:00 pm",0,0.209888
"Sep 13, 10:00 pm",0,0.209888
"Sep 13, 11:00 pm",0,0.209888
"Sep 14, 12:00 am",0,0.209888
"Sep 14, 01:00 am",0,0.209888
"Sep 14, 02:00 am",0,0.209888
"Sep 14, 03:00 am",0,0.209888
"Sep 14, 04:00 am",0,0.209888
"Sep 14, 05:00 am",0,0.209888
"Sep 14, 06:00 am",0,0.209888
"Sep 14, 07:00 am",0,0.209888
"Sep 14, 08:00 am",0,0.209888
"Sep 14, 09:00 am",1745.1,0.9095
"Sep 14, 10:00 am",2593.11,1.25933
"Sep 14, 11:00 am",2591.28,1.25933
"Sep 14, 12:00 pm",2590.8,1.25933
"Sep 14, 01:00 pm",2590.28,1.25933
"Sep 14, 02:00 pm",2590.93,1.25933
"Sep 14, 03:00 pm",2592.52,1.25933
"Sep 14, 04:00 pm",2592.32,1.25933
"Sep 14, 05:00 pm",1332.41,0.647573
"Sep 14, 06:00 pm",13.4596,0.209888
"Sep 14, 07:00 pm",0,0.209888
"Sep 14, 08:00 pm",0,0.209888
"Sep 14, 09:00 pm",0,0.209888
"Sep 14, 10:00 pm",0,0.209888
"Sep 14, 11:00 pm",0,0.209888
"Sep 15, 12:00 am",0,0.209888
"Sep 15, 01:00 am",0,0.209888
"Sep 15, 02:00 am",0,0.209888
"Sep 15, 03:00 am",0,0.209888
"Sep 15, 04:00 am",0,0.209888
"Sep 15, 05:00 am",0,0.209888
"Sep 15, 06:00 am",0,0.209888
"Sep 15, 07:00 am",0,0.209888
"Sep 15, 08:00 am",249.489,0.369512
"Sep 15, 09:00 am",2590.41,1.25933
"Sep 15, 10:00 am",2592.69,1.25933
"Sep 15, 11:00 am",2590.41,1.25933
"Sep 15, 12:00 pm",2590.35,1.25933
"Sep 15, 01:00 pm",2590.01,1.25933
"Sep 15, 02:00 pm",2589.65,1.25933
"Sep 15, 03:00 pm",2592.48,1.25933
"Sep 15, 04:00 pm",2592.48,1.25933
"Sep 15, 05:00 pm",1360.32,0.66113
"Sep 15, 06:00 pm",13.7652,0.209888
"Sep 15, 07:00 pm",0,0.209888
"Sep 15, 08:00 pm",0,0.209888
"Sep 15, 09:00 pm",0,0.209888
"Sep 15, 10:00 pm",0,0.209888
"Sep 15, 11:00 pm",0,0.209888
"Sep 16, 12:00 am",0,0.209888
"Sep 16, 01:00 am",0,0.209888
"Sep 16, 02:00 am",0,0.209888
"Sep 16, 03:00 am",0,0.209888
"Sep 16, 04:00 am",0,0.209888
"Sep 16, 05:00 am",0,0.209888
"Sep 16, 06:00 am",0,0.209888
"Sep 16, 07:00 am",0,0.209888
"Sep 16, 08:00 am",746.726,0.468189
"Sep 16, 09:00 am",2590.66,1.25933
"Sep 16, 10:00 am",2592.51,1.25933
"Sep 16, 11:00 am",2589.94,1.25933
"Sep 16, 12:00 pm",2589.94,1.25933
"Sep 16, 01:00 pm",2589.63,1.25933
"Sep 16, 02:00 pm",2590.21,1.25933
"Sep 16, 03:00 pm",2592.3,1.25933
"Sep 16, 04:00 pm",2592.29,1.25933
"Sep 16, 05:00 pm",1389.02,0.675094
"Sep 16, 06:00 pm",13.786,0.209888
"Sep 16, 07:00 pm",0,0.209888
"Sep 16, 08:00 pm",0,0.209888
"Sep 16, 09:00 pm",0,0.209888
"Sep 16, 10:00 pm",0,0.209888
"Sep 16, 11:00 pm",0,0.209888
"Sep 17, 12:00 am",0,0.209888
"Sep 17, 01:00 am",0,0.209888
"Sep 17, 02:00 am",0,0.209888
"Sep 17, 03:00 am",0,0.209888
"Sep 17, 04:00 am",0,0.209888
"Sep 17, 05:00 am",0,0.209888
"Sep 17, 06:00 am",0,0.209888
"Sep 17, 07:00 am",0,0.209888
"Sep 17, 08:00 am",0,0.209888
"Sep 17, 09:00 am",0,0.209888
"Sep 17, 10:00 am",0,0.209888
"Sep 17, 11:00 am",0,0.209888
"Sep 17, 12:00 pm",0,0.209888
"Sep 17, 01:00 pm",2156.17,1.08441
"Sep 17, 02:00 pm",2590.99,1.25933
"Sep 17, 03:00 pm",2592.64,1.25933
"Sep 17, 04:00 pm",2592.16,1.25933
"Sep 17, 05:00 pm",1400.13,0.68054
"Sep 17, 06:00 pm",13.3208,0.209888
"Sep 17, 07:00 pm",0,0.209888
"Sep 17, 08:00 pm",0,0.209888
"Sep 17, 09:00 pm",0,0.209888
"Sep 17, 10:00 pm",0,0.209888
"Sep 17, 11:00 pm",0,0.209888
"Sep 18, 12:00 am",0,0.209888
"Sep 18, 01:00 am",0,0.209888
"Sep 18, 02:00 am",0,0.209888
"Sep 18, 03:00 am",0,0.209888
"Sep 18, 04:00 am",0,0.209888
"Sep 18, 05:00 am",0,0.209888
"Sep 18, 06:00 am",0,0.209888
"Sep 18, 07:00 am",0,0.209888
"Sep 18, 08:00 am",0,0.209888
"Sep 18, 09:00 am",0,0.209888
"Sep 18, 10:00 am",0,0.209888
"Sep 18, 11:00 am",0,0.209888
"Sep 18, 12:00 pm",0,0.209888
"Sep 18, 01:00 pm",0,0.209888
"Sep 18, 02:00 pm",0,0.209888
"Sep 18, 03:00 pm",0,0.209888
"Sep 18, 04:00 pm",0,0.209888
"Sep 18, 05:00 pm",0,0.209888
"Sep 18, 06:00 pm",0,0.209888
"Sep 18, 07:00 pm",0,0.209888
"Sep 18, 08:00 pm",0,0.209888
"Sep 18, 09:00 pm",0,0.209888
"Sep 18, 10:00 pm",0,0.209888
"Sep 18, 11:00 pm",0,0.209888
"Sep 19, 12:00 am",0,0.209888
"Sep 19, 01:00 am",0,0.209888
"Sep 19, 02:00 am",0,0.209888
"Sep 19, 03:00 am",0,0.209888
"Sep 19, 04:00 am",0,0.209888
"Sep 19, 05:00 am",0,0.209888
"Sep 19, 06:00 am",0,0.209888
"Sep 19, 07:00 am",0,0.209888
"Sep 19, 08:00 am",0,0.209888
"Sep 19, 09:00 am",0,0.209888
"Sep 19, 10:00 am",0,0.209888
"Sep 19, 11:00 am",0,0.209888
"Sep 19, 12:00 pm",0,0.209888
"Sep 19, 01:00 pm",1789.47,0.9095
"Sep 19, 02:00 pm",2588.32,1.25933
"Sep 19, 03:00 pm",2591.68,1.25933
"Sep 19, 04:00 pm",2592.69,1.25933
"Sep 19, 05:00 pm",15.765,0.209888
"Sep 19, 06:00 pm",0,0.209888
"Sep 19, 07:00 pm",0,0.209888
"Sep 19, 08:00 pm",0,0.209888
"Sep 19, 09:00 pm",0,0.209888
"Sep 19, 10:00 pm",0,0.209888
"Sep 19, 11:00 pm",0,0.209888
"Sep 20, 12:00 am",0,0.209888
"Sep 20, 01:00 am",0,0.209888
"Sep 20, 02:00 am",0,0.209888
"Sep 20, 03:00 am",0,0.209888
"Sep 20, 04:00 am",0,0.209888
"Sep 20, 05:00 am",0,0.209888
"Sep 20, 06:00 am",0,0.209888
"Sep 20, 07:00 am",0,0.209888
"Sep 20, 08:00 am",842.252,0.51291
"Sep 20, 09:00 am",2591.48,1.25933
"Sep 20, 10:00 am",2591.33,1.25933
"Sep 20, 11:00 am",2588.87,1.25933
"Sep 20, 12:00 pm",2588.9,1.25933
"Sep 20, 01:00 pm",2588.91,1.25933
"Sep 20, 02:00 pm",2589.46,1.25933
"Sep 20, 03:00 pm",2591.58,1.25933
"Sep 20, 04:00 pm",2592.5,1.25933
"Sep 20, 05:00 pm",1537.71,0.747456
"Sep 20, 06:00 pm",13.2724,0.209888
"Sep 20, 07:00 pm",0,0.209888
"Sep 20, 08:00 pm",0,0.209888
"Sep 20, 09:00 pm",0,0.209888
"Sep 20, 10:00 pm",0,0.209888
"Sep 20, 11:00 pm",0,0.209888
"Sep 21, 12:00 am",0,0.209888
"Sep 21, 01:00 am",0,0.209888
"Sep 21, 02:00 am",0,0.209888
"Sep 21, 03:00 am",0,0.209888
"Sep 21, 04:00 am",0,0.209888
"Sep 21, 05:00 am",0,0.209888
"Sep 21, 06:00 am",0,0.209888
"Sep 21, 07:00 am",0,0.209888
"Sep 21, 08:00 am",0,0.209888
"Sep 21, 09:00 am",0,0.209888
"Sep 21, 10:00 am",0,0.209888
"Sep 21, 11:00 am",0,0.209888
"Sep 21, 12:00 pm",0,0.209888
"Sep 21, 01:00 pm",0,0.209888
"Sep 21, 02:00 pm",2164.47,1.08441
"Sep 21, 03:00 pm",2590.9,1.25933
"Sep 21, 04:00 pm",2592.61,1.25933
"Sep 21, 05:00 pm",1600.55,0.778053
"Sep 21, 06:00 pm",12.9489,0.209888
"Sep 21, 07:00 pm",0,0.209888
"Sep 21, 08:00 pm",0,0.209888
"Sep 21, 09:00 pm",0,0.209888
"Sep 21, 10:00 pm",0,0.209888
"Sep 21, 11:00 pm",0,0.209888
"Sep 22, 12:00 am",0,0.209888
"Sep 22, 01:00 am",0,0.209888
"Sep 22, 02:00 am",0,0.209888
"Sep 22, 03:00 am",0,0.209888
"Sep 22, 04:00 am",0,0.209888
"Sep 22, 05:00 am",0,0.209888
"Sep 22, 06:00 am",0,0.209888
"Sep 22, 07:00 am",0,0.209888
"Sep 22, 08:00 am",1201.13,0.653954
"Sep 22, 09:00 am",2592.43,1.25933
"Sep 22, 10:00 am",2589.01,1.25933
"Sep 22, 11:00 am",2590.7,1.25933
"Sep 22, 12:00 pm",2590.73,1.25933
"Sep 22, 01:00 pm",2590.75,1.25933
"Sep 22, 02:00 pm",2590.76,1.25933
"Sep 22, 03:00 pm",2589.35,1.25933
"Sep 22, 04:00 pm",2592.94,1.25933
"Sep 22, 05:00 pm",1682.65,0.817963
"Sep 22, 06:00 pm",13.3301,0.209888
"Sep 22, 07:00 pm",0,0.209888
"Sep 22, 08:00 pm",0,0.209888
"Sep 22, 09:00 pm",0,0.209888
"Sep 22, 10:00 pm",0,0.209888
"Sep 22, 11:00 pm",0,0.209888
"Sep 23, 12:00 am",0,0.209888
"Sep 23, 01:00 am",0,0.209888
"Sep 23, 02:00 am",0,0.209888
"Sep 23, 03:00 am",0,0.209888
"Sep 23, 04:00 am",0,0.209888
"Sep 23, 05:00 am",0,0.209888
"Sep 23, 06:00 am",0,0.209888
"Sep 23, 07:00 am",0,0.209888
"Sep 23, 08:00 am",1288.31,0.692037
"Sep 23, 09:00 am",2592.73,1.25933
"Sep 23, 10:00 am",2588.59,1.25933
"Sep 23, 11:00 am",2590.76,1.25933
"Sep 23, 12:00 pm",2590.79,1.25933
"Sep 23, 01:00 pm",2590.85,1.25933
"Sep 23, 02:00 pm",2590.86,1.25933
"Sep 23, 03:00 pm",2588.7,1.25933
"Sep 23, 04:00 pm",2593.07,1.25933
"Sep 23, 05:00 pm",1754.92,0.853108
"Sep 23, 06:00 pm",13.4692,0.209888
"Sep 23, 07:00 pm",0,0.209888
"Sep 23, 08:00 pm",0,0.209888
"Sep 23, 09:00 pm",0,0.209888
"Sep 23, 10:00 pm",0,0.209888
"Sep 23, 11:00 pm",0,0.209888
"Sep 24, 12:00 am",0,0.209888
"Sep 24, 01:00 am",0,0.209888
"Sep 24, 02:00 am",0,0.209888
"Sep 24, 03:00 am",0,0.209888
"Sep 24, 04:00 am",0,0.209888
"Sep 24, 05:00 am",0,0.209888
"Sep 24, 06:00 am",0,0.209888
"Sep 24, 07:00 am",0,0.209888
"Sep 24, 08:00 am",1243.61,0.86856
"Sep 24, 09:00 am",2592.46,1.25933
"Sep 24, 10:00 am",2589.3,1.25933
"Sep 24, 11:00 am",2590.72,1.25933
"Sep 24, 12:00 pm",2590.75,1.25933
"Sep 24, 01:00 pm",2590.82,1.25933
"Sep 24, 02:00 pm",2590.83,1.25933
"Sep 24, 03:00 pm",2589.33,1.25933
"Sep 24, 04:00 pm",2593.04,1.25933
"Sep 24, 05:00 pm",1760.29,0.855701
"Sep 24, 06:00 pm",13.9698,0.209888
"Sep 24, 07:00 pm",0,0.209888
"Sep 24, 08:00 pm",0,0.209888
"Sep 24, 09:00 pm",0,0.209888
"Sep 24, 10:00 pm",0,0.209888
"Sep 24, 11:00 pm",0,0.209888
"Sep 25, 12:00 am",0,0.209888
"Sep 25, 01:00 am",0,0.209888
"Sep 25, 02:00 am",0,0.209888
"Sep 25, 03:00 am",0,0.209888
"Sep 25, 04:00 am",0,0.209888
"Sep 25, 05:00 am",0,0.209888
"Sep 25, 06:00 am",0,0.209888
"Sep 25, 07:00 am",0,0.209888
"Sep 25, 08:00 am",1264.79,0.881803
"Sep 25, 09:00 am",2592.43,1.25933
"Sep 25, 10:00 am",2589.25,1.25933
"Sep 25, 11:00 am",2590.68,1.25933
"Sep 25, 12:00 pm",2590.71,1.25933
"Sep 25, 01:00 pm",2590.72,1.25933
"Sep 25, 02:00 pm",2590.73,1.25933
"Sep 25, 03:00 pm",2589.56,1.25933
"Sep 25, 04:00 pm",2592.94,1.25933
"Sep 25, 05:00 pm",1775.87,0.86331
"Sep 25, 06:00 pm",13.6835,0.209888
"Sep 25, 07:00 pm",0,0.209888
"Sep 25, 08:00 pm",0,0.209888
"Sep 25, 09:00 pm",0,0.209888
"Sep 25, 10:00 pm",0,0.209888
"Sep 25, 11:00 pm",0,0.209888
"Sep 26, 12:00 am",0,0.209888
"Sep 26, 01:00 am",0,0.209888
"Sep 26, 02:00 am",0,0.209888
"Sep 26, 03:00 am",0,0.209888
"Sep 26, 04:00 am",0,0.209888
"Sep 26, 05:00 am",0,0.209888
"Sep 26, 06:00 am",0,0.209888
"Sep 26, 07:00 am",0,0.209888
"Sep 26, 08:00 am",1307.79,0.909637
"Sep 26, 09:00 am",17.0573,0.209888
"Sep 26, 10:00 am",0,0.209888
"Sep 26, 11:00 am",0,0.209888
"Sep 26, 12:00 pm",0,0.209888
"Sep 26, 01:00 pm",0,0.209888
"Sep 26, 02:00 pm",0,0.209888
"Sep 26, 03:00 pm",2159.01,1.25933
"Sep 26, 04:00 pm",2592.98,1.25933
"Sep 26, 05:00 pm",1820.61,0.885062
"Sep 26, 06:00 pm",13.7701,0.209888
"Sep 26, 07:00 pm",0,0.209888
"Sep 26, 08:00 pm",0,0.209888
"Sep 26, 09:00 pm",0,0.209888
"Sep 26, 10:00 pm",0,0.209888
"Sep 26, 11:00 pm",0,0.209888
"Sep 27, 12:00 am",0,0.209888
"Sep 27, 01:00 am",0,0.209888
"Sep 27, 02:00 am",0,0.209888
"Sep 27, 03:00 am",0,0.209888
"Sep 27, 04:00 am",0,0.209888
"Sep 27, 05:00 am",0,0.209888
"Sep 27, 06:00 am",0,0.209888
"Sep 27, 07:00 am",0,0.209888
"Sep 27, 08:00 am",0,0.209888
"Sep 27, 09:00 am",0,0.209888
"Sep 27, 10:00 am",0,0.209888
"Sep 27, 11:00 am",0,0.209888
"Sep 27, 12:00 pm",0,0.209888
"Sep 27, 01:00 pm",0,0.209888
"Sep 27, 02:00 pm",0,0.209888
"Sep 27, 03:00 pm",0,0.209888
"Sep 27, 04:00 pm",0,0.209888
"Sep 27, 05:00 pm",0,0.209888
"Sep 27, 06:00 pm",0,0.209888
"Sep 27, 07:00 pm",0,0.209888
"Sep 27, 08:00 pm",0,0.209888
"Sep 27, 09:00 pm",0,0.209888
"Sep 27, 10:00 pm",0,0.209888
"Sep 27, 11:00 pm",0,0.209888
"Sep 28, 12:00 am",0,0.209888
"Sep 28, 01:00 am",0,0.209888
"Sep 28, 02:00 am",0,0.209888
"Sep 28, 03:00 am",0,0.209888
"Sep 28, 04:00 am",0,0.209888
"Sep 28, 05:00 am",0,0.209888
"Sep 28, 06:00 am",0,0.209888
"Sep 28, 07:00 am",0,0.209888
"Sep 28, 08:00 am",1380.76,0.959542
"Sep 28, 09:00 am",2592.78,1.25933
"Sep 28, 10:00 am",2590.86,1.25933
"Sep 28, 11:00 am",2591.05,1.25933
"Sep 28, 12:00 pm",2591.19,1.25933
"Sep 28, 01:00 pm",2591.2,1.25933
"Sep 28, 02:00 pm",2591.22,1.25933
"Sep 28, 03:00 pm",2590.75,1.25933
"Sep 28, 04:00 pm",18.5953,0.209888
"Sep 28, 05:00 pm",0,0.209888
"Sep 28, 06:00 pm",0,0.209888
"Sep 28, 07:00 pm",0,0.209888
"Sep 28, 08:00 pm",0,0.209888
"Sep 28, 09:00 pm",0,0.209888
"Sep 28, 10:00 pm",0,0.209888
"Sep 28, 11:00 pm",0,0.209888
"Sep 29, 12:00 am",0,0.209888
"Sep 29, 01:00 am",0,0.209888
"Sep 29, 02:00 am",0,0.209888
"Sep 29, 03:00 am",0,0.209888
"Sep 29, 04:00 am",0,0.209888
"Sep 29, 05:00 am",0,0.209888
"Sep 29, 06:00 am",0,0.209888
"Sep 29, 07:00 am",0,0.209888
"Sep 29, 08:00 am",1197.62,0.677679
"Sep 29, 09:00 am",2592.79,1.25933
"Sep 29, 10:00 am",21.0868,0.209888
"Sep 29, 11:00 am",0,0.209888
"Sep 29, 12:00 pm",0,0.209888
"Sep 29, 01:00 pm",0,0.209888
"Sep 29, 02:00 pm",0,0.209888
"Sep 29, 03:00 pm",0,0.209888
"Sep 29, 04:00 pm",0,0.209888
"Sep 29, 05:00 pm",0,0.209888
"Sep 29, 06:00 pm",0,0.209888
"Sep 29, 07:00 pm",0,0.209888
"Sep 29, 08:00 pm",0,0.209888
"Sep 29, 09:00 pm",0,0.209888
"Sep 29, 10:00 pm",0,0.209888
"Sep 29, 11:00 pm",0,0.209888
"Sep 30, 12:00 am",0,0.209888
"Sep 30, 01:00 am",0,0.209888
"Sep 30, 02:00 am",0,0.209888
"Sep 30, 03:00 am",0,0.209888
"Sep 30, 04:00 am",0,0.209888
"Sep 30, 05:00 am",0,0.209888
"Sep 30, 06:00 am",0,0.209888
"Sep 30, 07:00 am",0,0.209888
"Sep 30, 08:00 am",1427.14,0.988081
"Sep 30, 09:00 am",2592.83,1.25933
"Sep 30, 10:00 am",2590.86,1.25933
"Sep 30, 11:00 am",2591.03,1.25933
"Sep 30, 12:00 pm",2591.2,1.25933
"Sep 30, 01:00 pm",2591.21,1.25933
"Sep 30, 02:00 pm",2591.22,1.25933
"Sep 30, 03:00 pm",2590.73,1.25933
"Sep 30, 04:00 pm",2593.1,1.25933
"Sep 30, 05:00 pm",16.9522,0.209888
"Sep 30, 06:00 pm",0,0.209888
"Sep 30, 07:00 pm",0,0.209888
"Sep 30, 08:00 pm",0,0.209888
"Sep 30, 09:00 pm",0,0.209888
"Sep 30, 10:00 pm",0,0.209888
"Sep 30, 11:00 pm",0,0.209888
"Oct 1, 12:00 am",0,0.209888
"Oct 1, 01:00 am",0,0.209888
"Oct 1, 02:00 am",0,0.209888
"Oct 1, 03:00 am",0,0.209888
"Oct 1, 04:00 am",0,0.209888
"Oct 1, 05:00 am",0,0.209888
"Oct 1, 06:00 am",0,0.209888
"Oct 1, 07:00 am",0,0.209888
"Oct 1, 08:00 am",0,0.209888
"Oct 1, 09:00 am",0,0.209888
"Oct 1, 10:00 am",0,0.209888
"Oct 1, 11:00 am",0,0.209888
"Oct 1, 12:00 pm",0,0.209888
"Oct 1, 01:00 pm",0,0.209888
"Oct 1, 02:00 pm",0,0.209888
"Oct 1, 03:00 pm",0,0.209888
"Oct 1, 04:00 pm",0,0.209888
"Oct 1, 05:00 pm",0,0.209888
"Oct 1, 06:00 pm",0,0.209888
"Oct 1, 07:00 pm",0,0.209888
"Oct 1, 08:00 pm",0,0.209888
"Oct 1, 09:00 pm",0,0.209888
"Oct 1, 10:00 pm",0,0.209888
"Oct 1, 11:00 pm",0,0.209888
"Oct 2, 12:00 am",0,0.209888
"Oct 2, 01:00 am",0,0.209888
"Oct 2, 02:00 am",0,0.209888
"Oct 2, 03:00 am",0,0.209888
"Oct 2, 04:00 am",0,0.209888
"Oct 2, 05:00 am",0,0.209888
"Oct 2, 06:00 am",0,0.209888
"Oct 2, 07:00 am",0,0.209888
"Oct 2, 08:00 am",0,0.209888
"Oct 2, 09:00 am",0,0.209888
"Oct 2, 10:00 am",0,0.209888
"Oct 2, 11:00 am",0,0.209888
"Oct 2, 12:00 pm",0,0.209888
"Oct 2, 01:00 pm",0,0.209888
"Oct 2, 02:00 pm",0,0.209888
"Oct 2, 03:00 pm",0,0.209888
"Oct 2, 04:00 pm",0,0.209888
"Oct 2, 05:00 pm",0,0.209888
"Oct 2, 06:00 pm",0,0.209888
"Oct 2, 07:00 pm",0,0.209888
"Oct 2, 08:00 pm",0,0.209888
"Oct 2, 09:00 pm",0,0.209888
"Oct 2, 10:00 pm",0,0.209888
"Oct 2, 11:00 pm",0,0.209888
"Oct 3, 12:00 am",0,0.209888
"Oct 3, 01:00 am",0,0.209888
"Oct 3, 02:00 am",0,0.209888
"Oct 3, 03:00 am",0,0.209888
"Oct 3, 04:00 am",0,0.209888
"Oct 3, 05:00 am",0,0.209888
"Oct 3, 06:00 am",0,0.209888
"Oct 3, 07:00 am",0,0.209888
"Oct 3, 08:00 am",1446.64,0.9993
"Oct 3, 09:00 am",2593.06,1.25933
"Oct 3, 10:00 am",2587.29,1.25933
"Oct 3, 11:00 am",2590.83,1.25933
"Oct 3, 12:00 pm",2590.99,1.25933
"Oct 3, 01:00 pm",24.3477,0.209888
"Oct 3, 02:00 pm",20.7751,0.209888
"Oct 3, 03:00 pm",0,0.209888
"Oct 3, 04:00 pm",0,0.209888
"Oct 3, 05:00 pm",0,0.209888
"Oct 3, 06:00 pm",0,0.209888
"Oct 3, 07:00 pm",0,0.209888
"Oct 3, 08:00 pm",0,0.209888
"Oct 3, 09:00 pm",0,0.209888
"Oct 3, 10:00 pm",0,0.209888
"Oct 3, 11:00 pm",0,0.209888
"Oct 4, 12:00 am",0,0.209888
"Oct 4, 01:00 am",0,0.209888
"Oct 4, 02:00 am",0,0.209888
"Oct 4, 03:00 am",0,0.209888
"Oct 4, 04:00 am",0,0.209888
"Oct 4, 05:00 am",0,0.209888
"Oct 4, 06:00 am",0,0.209888
"Oct 4, 07:00 am",0,0.209888
"Oct 4, 08:00 am",1803.11,1.02604
"Oct 4, 09:00 am",2592.8,1.25933
"Oct 4, 10:00 am",2590.8,1.25933
"Oct 4, 11:00 am",2590.98,1.25933
"Oct 4, 12:00 pm",2591.24,1.25933
"Oct 4, 01:00 pm",2591.24,1.25933
"Oct 4, 02:00 pm",2591.24,1.25933
"Oct 4, 03:00 pm",2590.69,1.25933
"Oct 4, 04:00 pm",2592.99,1.25933
"Oct 4, 05:00 pm",2209.49,1.07413
"Oct 4, 06:00 pm",13.4737,0.209888
"Oct 4, 07:00 pm",0,0.209888
"Oct 4, 08:00 pm",0,0.209888
"Oct 4, 09:00 pm",0,0.209888
"Oct 4, 10:00 pm",0,0.209888
"Oct 4, 11:00 pm",0,0.209888
"Oct 5, 12:00 am",0,0.209888
"Oct 5, 01:00 am",0,0.209888
"Oct 5, 02:00 am",0,0.209888
"Oct 5, 03:00 am",0,0.209888
"Oct 5, 04:00 am",0,0.209888
"Oct 5, 05:00 am",0,0.209888
"Oct 5, 06:00 am",0,0.209888
"Oct 5, 07:00 am",0,0.209888
"Oct 5, 08:00 am",0,0.209888
"Oct 5, 09:00 am",2177.06,1.25933
"Oct 5, 10:00 am",2590.99,1.25933
"Oct 5, 11:00 am",2591.52,1.25933
"Oct 5, 12:00 pm",2591.82,1.25933
"Oct 5, 01:00 pm",2591.83,1.25933
"Oct 5, 02:00 pm",2591.39,1.25933
"Oct 5, 03:00 pm",2590.88,1.25933
"Oct 5, 04:00 pm",2593.03,1.25933
"Oct 5, 05:00 pm",2266.58,1.10208
"Oct 5, 06:00 pm",13.8388,0.209888
"Oct 5, 07:00 pm",0,0.209888
"Oct 5, 08:00 pm",0,0.209888
"Oct 5, 09:00 pm",0,0.209888
"Oct 5, 10:00 pm",0,0.209888
"Oct 5, 11:00 pm",0,0.209888
"Oct 6, 12:00 am",0,0.209888
"Oct 6, 01:00 am",0,0.209888
"Oct 6, 02:00 am",0,0.209888
"Oct 6, 03:00 am",0,0.209888
"Oct 6, 04:00 am",0,0.209888
"Oct 6, 05:00 am",0,0.209888
"Oct 6, 06:00 am",0,0.209888
"Oct 6, 07:00 am",0,0.209888
"Oct 6, 08:00 am",0,0.209888
"Oct 6, 09:00 am",0,0.209888
"Oct 6, 10:00 am",1791.4,0.9095
"Oct 6, 11:00 am",2591.12,1.25933
"Oct 6, 12:00 pm",2591.36,1.25933
"Oct 6, 01:00 pm",24.7156,0.209888
"Oct 6, 02:00 pm",20.7377,0.209888
"Oct 6, 03:00 pm",0,0.209888
"Oct 6, 04:00 pm",2188.63,1.25933
"Oct 6, 05:00 pm",2244.48,1.09143
"Oct 6, 06:00 pm",13.4761,0.209888
"Oct 6, 07:00 pm",0,0.209888
"Oct 6, 08:00 pm",0,0.209888
"Oct 6, 09:00 pm",0,0.209888
"Oct 6, 10:00 pm",0,0.209888
"Oct 6, 11:00 pm",0,0.209888
"Oct 7, 12:00 am",0,0.209888
"Oct 7, 01:00 am",0,0.209888
"Oct 7, 02:00 am",0,0.209888
"Oct 7, 03:00 am",0,0.209888
"Oct 7, 04:00 am",0,0.209888
"Oct 7, 05:00 am",0,0.209888
"Oct 7, 06:00 am",0,0.209888
"Oct 7, 07:00 am",0,0.209888
"Oct 7, 08:00 am",0,0.209888
"Oct 7, 09:00 am",0,0.209888
"Oct 7, 10:00 am",0,0.209888
"Oct 7, 11:00 am",0,0.209888
"Oct 7, 12:00 pm",2171.04,1.08441
"Oct 7, 01:00 pm",2591.52,1.25933
"Oct 7, 02:00 pm",2591.22,1.25933
"Oct 7, 03:00 pm",2590.8,1.25933
"Oct 7, 04:00 pm",2593.03,1.25933
"Oct 7, 05:00 pm",2335.66,1.13553
"Oct 7, 06:00 pm",13.83,0.209888
"Oct 7, 07:00 pm",0,0.209888
"Oct 7, 08:00 pm",0,0.209888
"Oct 7, 09:00 pm",0,0.209888
"Oct 7, 10:00 pm",0,0.209888
"Oct 7, 11:00 pm",0,0.209888
"Oct 8, 12:00 am",0,0.209888
"Oct 8, 01:00 am",0,0.209888
"Oct 8, 02:00 am",0,0.209888
"Oct 8, 03:00 am",0,0.209888
"Oct 8, 04:00 am",0,0.209888
"Oct 8, 05:00 am",0,0.209888
"Oct 8, 06:00 am",0,0.209888
"Oct 8, 07:00 am",0,0.209888
"Oct 8, 08:00 am",2430.1,1.18197
"Oct 8, 09:00 am",2592.55,1.25933
"Oct 8, 10:00 am",2591.25,1.25933
"Oct 8, 11:00 am",2591.76,1.25933
"Oct 8, 12:00 pm",2592.14,1.25933
"Oct 8, 01:00 pm",2592.15,1.25933
"Oct 8, 02:00 pm",2591.62,1.25933
"Oct 8, 03:00 pm",2591.06,1.25933
"Oct 8, 04:00 pm",2592.98,1.25933
"Oct 8, 05:00 pm",2394.61,1.1641
"Oct 8, 06:00 pm",14.9373,0.209888
"Oct 8, 07:00 pm",0,0.209888
"Oct 8, 08:00 pm",0,0.209888
"Oct 8, 09:00 pm",0,0.209888
"Oct 8, 10:00 pm",0,0.209888
"Oct 8, 11:00 pm",0,0.209888
"Oct 9, 12:00 am",0,0.209888
"Oct 9, 01:00 am",0,0.209888
"Oct 9, 02:00 am",0,0.209888
"Oct 9, 03:00 am",0,0.209888
"Oct 9, 04:00 am",0,0.209888
"Oct 9, 05:00 am",0,0.209888
"Oct 9, 06:00 am",0,0.209888
"Oct 9, 07:00 am",0,0.209888
"Oct 9, 08:00 am",2391.96,1.16346
"Oct 9, 09:00 am",2592.84,1.25933
"Oct 9, 10:00 am",2591.12,1.25933
"Oct 9, 11:00 am",2591.41,1.25933
"Oct 9, 12:00 pm",2591.75,1.25933
"Oct 9, 01:00 pm",2591.74,1.25933
"Oct 9, 02:00 pm",2591.37,1.25933
"Oct 9, 03:00 pm",2590.92,1.25933
"Oct 9, 04:00 pm",2593.07,1.25933
"Oct 9, 05:00 pm",2378.14,1.15609
"Oct 9, 06:00 pm",16.0009,0.209888
"Oct 9, 07:00 pm",0,0.209888
"Oct 9, 08:00 pm",0,0.209888
"Oct 9, 09:00 pm",0,0.209888
"Oct 9, 10:00 pm",0,0.209888
"Oct 9, 11:00 pm",0,0.209888
"Oct 10, 12:00 am",0,0.209888
"Oct 10, 01:00 am",0,0.209888
"Oct 10, 02:00 am",0,0.209888
"Oct 10, 03:00 am",0,0.209888
"Oct 10, 04:00 am",0,0.209888
"Oct 10, 05:00 am",0,0.209888
"Oct 10, 06:00 am",0,0.209888
"Oct 10, 07:00 am",0,0.209888
"Oct 10, 08:00 am",1684.1,0.884597
"Oct 10, 09:00 am",2592.51,1.25933
"Oct 10, 10:00 am",2591.19,1.25933
"Oct 10, 11:00 am",2591.7,1.25933
"Oct 10, 12:00 pm",2592.04,1.25933
"Oct 10, 01:00 pm",53.9683,0.209888
"Oct 10, 02:00 pm",2590.13,1.25933
"Oct 10, 03:00 pm",2590.94,1.25933
"Oct 10, 04:00 pm",2593.04,1.25933
"Oct 10, 05:00 pm",2382.7,1.15831
"Oct 10, 06:00 pm",16.919,0.209888
"Oct 10, 07:00 pm",0,0.209888
"Oct 10, 08:00 pm",0,0.209888
"Oct 10, 09:00 pm",0,0.209888
"Oct 10, 10:00 pm",0,0.209888
"Oct 10, 11:00 pm",0,0.209888
"Oct 11, 12:00 am",0,0.209888
"Oct 11, 01:00 am",0,0.209888
"Oct 11, 02:00 am",0,0.209888
"Oct 11, 03:00 am",0,0.209888
"Oct 11, 04:00 am",0,0.209888
"Oct 11, 05:00 am",0,0.209888
"Oct 11, 06:00 am",0,0.209888
"Oct 11, 07:00 am",0,0.209888
"Oct 11, 08:00 am",0,0.209888
"Oct 11, 09:00 am",0,0.209888
"Oct 11, 10:00 am",0,0.209888
"Oct 11, 11:00 am",0,0.209888
"Oct 11, 12:00 pm",2181.13,1.08441
"Oct 11, 01:00 pm",2591.93,1.25933
"Oct 11, 02:00 pm",2591.5,1.25933
"Oct 11, 03:00 pm",2590.95,1.25933
"Oct 11, 04:00 pm",2592.85,1.25933
"Oct 11, 05:00 pm",2430.01,1.18132
"Oct 11, 06:00 pm",17.6349,0.209888
"Oct 11, 07:00 pm",0,0.209888
"Oct 11, 08:00 pm",0,0.209888
"Oct 11, 09:00 pm",0,0.209888
"Oct 11, 10:00 pm",0,0.209888
"Oct 11, 11:00 pm",0,0.209888
"Oct 12, 12:00 am",0,0.209888
"Oct 12, 01:00 am",0,0.209888
"Oct 12, 02:00 am",0,0.209888
"Oct 12, 03:00 am",0,0.209888
"Oct 12, 04:00 am",0,0.209888
"Oct 12, 05:00 am",0,0.209888
"Oct 12, 06:00 am",0,0.209888
"Oct 12, 07:00 am",0,0.209888
"Oct 12, 08:00 am",1757.98,0.9095
"Oct 12, 09:00 am",2592.47,1.25933
"Oct 12, 10:00 am",2591.12,1.25933
"Oct 12, 11:00 am",2591.63,1.25933
"Oct 12, 12:00 pm",2592.06,1.25933
"Oct 12, 01:00 pm",2592.08,1.25933
"Oct 12, 02:00 pm",2591.56,1.25933
"Oct 12, 03:00 pm",2590.99,1.25933
"Oct 12, 04:00 pm",2592.82,1.25933
"Oct 12, 05:00 pm",2445.47,1.18881
"Oct 12, 06:00 pm",19.0306,0.209888
"Oct 12, 07:00 pm",0,0.209888
"Oct 12, 08:00 pm",0,0.209888
"Oct 12, 09:00 pm",0,0.209888
"Oct 12, 10:00 pm",0,0.209888
"Oct 12, 11:00 pm",0,0.209888
"Oct 13, 12:00 am",0,0.209888
"Oct 13, 01:00 am",0,0.209888
"Oct 13, 02:00 am",0,0.209888
"Oct 13, 03:00 am",0,0.209888
"Oct 13, 04:00 am",0,0.209888
"Oct 13, 05:00 am",0,0.209888
"Oct 13, 06:00 am",0,0.209888
"Oct 13, 07:00 am",0,0.209888
"Oct 13, 08:00 am",0,0.209888
"Oct 13, 09:00 am",0,0.209888
"Oct 13, 10:00 am",2162.77,1.08441
"Oct 13, 11:00 am",2592.07,1.25933
"Oct 13, 12:00 pm",2592.24,1.25933
"Oct 13, 01:00 pm",2592.25,1.25933
"Oct 13, 02:00 pm",2591.7,1.25933
"Oct 13, 03:00 pm",2591.08,1.25933
"Oct 13, 04:00 pm",2592.59,1.25933
"Oct 13, 05:00 pm",2487.48,1.2103
"Oct 13, 06:00 pm",20.2565,0.209888
"Oct 13, 07:00 pm",0,0.209888
"Oct 13, 08:00 pm",0,0.209888
"Oct 13, 09:00 pm",0,0.209888
"Oct 13, 10:00 pm",0,0.209888
"Oct 13, 11:00 pm",0,0.209888
"Oct 14, 12:00 am",0,0.209888
"Oct 14, 01:00 am",0,0.209888
"Oct 14, 02:00 am",0,0.209888
"Oct 14, 03:00 am",0,0.209888
"Oct 14, 04:00 am",0,0.209888
"Oct 14, 05:00 am",0,0.209888
"Oct 14, 06:00 am",0,0.209888
"Oct 14, 07:00 am",0,0.209888
"Oct 14, 08:00 am",1728.03,1.19744
"Oct 14, 09:00 am",2590.87,1.25933
"Oct 14, 10:00 am",2591.45,1.25933
"Oct 14, 11:00 am",2592.26,1.25933
"Oct 14, 12:00 pm",2592.69,1.25933
"Oct 14, 01:00 pm",2592.76,1.25933
"Oct 14, 02:00 pm",2592.06,1.25933
"Oct 14, 03:00 pm",2591.22,1.25933
"Oct 14, 04:00 pm",2592.34,1.25933
"Oct 14, 05:00 pm",2513.69,1.22247
"Oct 14, 06:00 pm",21.7619,0.209888
"Oct 14, 07:00 pm",0,0.209888
"Oct 14, 08:00 pm",0,0.209888
"Oct 14, 09:00 pm",0,0.209888
"Oct 14, 10:00 pm",0,0.209888
"Oct 14, 11:00 pm",0,0.209888
"Oct 15, 12:00 am",0,0.209888
"Oct 15, 01:00 am",0,0.209888
"Oct 15, 02:00 am",0,0.209888
"Oct 15, 03:00 am",0,0.209888
"Oct 15, 04:00 am",0,0.209888
"Oct 15, 05:00 am",0,0.209888
"Oct 15, 06:00 am",0,0.209888
"Oct 15, 07:00 am",0,0.209888
"Oct 15, 08:00 am",0,0.209888
"Oct 15, 09:00 am",0,0.209888
"Oct 15, 10:00 am",0,0.209888
"Oct 15, 11:00 am",0,0.209888
"Oct 15, 12:00 pm",0,0.209888
"Oct 15, 01:00 pm",0,0.209888
"Oct 15, 02:00 pm",0,0.209888
"Oct 15, 03:00 pm",0,0.209888
"Oct 15, 04:00 pm",0,0.209888
"Oct 15, 05:00 pm",0,0.209888
"Oct 15, 06:00 pm",0,0.209888
"Oct 15, 07:00 pm",0,0.209888
"Oct 15, 08:00 pm",0,0.209888
"Oct 15, 09:00 pm",0,0.209888
"Oct 15, 10:00 pm",0,0.209888
"Oct 15, 11:00 pm",0,0.209888
"Oct 16, 12:00 am",0,0.209888
"Oct 16, 01:00 am",0,0.209888
"Oct 16, 02:00 am",0,0.209888
"Oct 16, 03:00 am",0,0.209888
"Oct 16, 04:00 am",0,0.209888
"Oct 16, 05:00 am",0,0.209888
"Oct 16, 06:00 am",0,0.209888
"Oct 16, 07:00 am",0,0.209888
"Oct 16, 08:00 am",1728.27,0.9095
"Oct 16, 09:00 am",2587.79,1.25933
"Oct 16, 10:00 am",2591.44,1.25933
"Oct 16, 11:00 am",2592.38,1.25933
"Oct 16, 12:00 pm",2592.86,1.25933
"Oct 16, 01:00 pm",2592.98,1.25933
"Oct 16, 02:00 pm",2592.33,1.25933
"Oct 16, 03:00 pm",2591.33,1.25933
"Oct 16, 04:00 pm",2591.88,1.25933
"Oct 16, 05:00 pm",2554.61,1.24187
"Oct 16, 06:00 pm",24.9107,0.209888
"Oct 16, 07:00 pm",12.0173,0.209888
"Oct 16, 08:00 pm",0,0.209888
"Oct 16, 09:00 pm",0,0.209888
"Oct 16, 10:00 pm",0,0.209888
"Oct 16, 11:00 pm",0,0.209888
"Oct 17, 12:00 am",0,0.209888
"Oct 17, 01:00 am",0,0.209888
"Oct 17, 02:00 am",0,0.209888
"Oct 17, 03:00 am",0,0.209888
"Oct 17, 04:00 am",0,0.209888
"Oct 17, 05:00 am",0,0.209888
"Oct 17, 06:00 am",0,0.209888
"Oct 17, 07:00 am",0,0.209888
"Oct 17, 08:00 am",1741.71,0.9095
"Oct 17, 09:00 am",17.9746,0.209888
"Oct 17, 10:00 am",0,0.209888
"Oct 17, 11:00 am",0,0.209888
"Oct 17, 12:00 pm",0,0.209888
"Oct 17, 01:00 pm",0,0.209888
"Oct 17, 02:00 pm",0,0.209888
"Oct 17, 03:00 pm",0,0.209888
"Oct 17, 04:00 pm",0,0.209888
"Oct 17, 05:00 pm",0,0.209888
"Oct 17, 06:00 pm",0,0.209888
"Oct 17, 07:00 pm",0,0.209888
"Oct 17, 08:00 pm",0,0.209888
"Oct 17, 09:00 pm",0,0.209888
"Oct 17, 10:00 pm",0,0.209888
"Oct 17, 11:00 pm",0,0.209888
"Oct 18, 12:00 am",0,0.209888
"Oct 18, 01:00 am",0,0.209888
"Oct 18, 02:00 am",0,0.209888
"Oct 18, 03:00 am",0,0.209888
"Oct 18, 04:00 am",0,0.209888
"Oct 18, 05:00 am",0,0.209888
"Oct 18, 06:00 am",0,0.209888
"Oct 18, 07:00 am",0,0.209888
"Oct 18, 08:00 am",2158.15,1.23539
"Oct 18, 09:00 am",2589.63,1.25933
"Oct 18, 10:00 am",2591.77,1.25933
"Oct 18, 11:00 am",2592.71,1.25933
"Oct 18, 12:00 pm",2593.25,1.25933
"Oct 18, 01:00 pm",2593.2,1.25933
"Oct 18, 02:00 pm",2592.57,1.25933
"Oct 18, 03:00 pm",2591.47,1.25933
"Oct 18, 04:00 pm",2591.46,1.25933
"Oct 18, 05:00 pm",2587.66,1.25933
"Oct 18, 06:00 pm",50.0803,0.209888
"Oct 18, 07:00 pm",12.9376,0.209888
"Oct 18, 08:00 pm",0,0.209888
"Oct 18, 09:00 pm",0,0.209888
"Oct 18, 10:00 pm",0,0.209888
"Oct 18, 11:00 pm",0,0.209888
"Oct 19, 12:00 am",0,0.209888
"Oct 19, 01:00 am",0,0.209888
"Oct 19, 02:00 am",0,0.209888
"Oct 19, 03:00 am",0,0.209888
"Oct 19, 04:00 am",0,0.209888
"Oct 19, 05:00 am",0,0.209888
"Oct 19, 06:00 am",0,0.209888
"Oct 19, 07:00 am",0,0.303378
"Oct 19, 08:00 am",2158.64,1.23665
"Oct 19, 09:00 am",2589.58,1.25933
"Oct 19, 10:00 am",2591.79,1.25933
"Oct 19, 11:00 am",2592.68,1.25933
"Oct 19, 12:00 pm",2593.2,1.25933
"Oct 19, 01:00 pm",2593.09,1.25933
"Oct 19, 02:00 pm",2592.48,1.25933
"Oct 19, 03:00 pm",2591.41,1.25933
"Oct 19, 04:00 pm",2591.77,1.25933
"Oct 19, 05:00 pm",2578.51,1.25341
"Oct 19, 06:00 pm",64.2913,0.209888
"Oct 19, 07:00 pm",13.1758,0.209888
"Oct 19, 08:00 pm",0,0.209888
"Oct 19, 09:00 pm",0,0.209888
"Oct 19, 10:00 pm",0,0.209888
"Oct 19, 11:00 pm",0,0.209888
"Oct 20, 12:00 am",0,0.209888
"Oct 20, 01:00 am",0,0.209888
"Oct 20, 02:00 am",0,0.209888
"Oct 20, 03:00 am",0,0.209888
"Oct 20, 04:00 am",0,0.209888
"Oct 20, 05:00 am",0,0.209888
"Oct 20, 06:00 am",0,0.209888
"Oct 20, 07:00 am",0,0.300209
"Oct 20, 08:00 am",2159.43,1.23219
"Oct 20, 09:00 am",2590.75,1.25933
"Oct 20, 10:00 am",2591.26,1.25933
"Oct 20, 11:00 am",2592,1.25933
"Oct 20, 12:00 pm",2592.58,1.25933
"Oct 20, 01:00 pm",2592.61,1.25933
"Oct 20, 02:00 pm",2591.96,1.25933
"Oct 20, 03:00 pm",2591.16,1.25933
"Oct 20, 04:00 pm",2592.13,1.25933
"Oct 20, 05:00 pm",2561.63,1.24525
"Oct 20, 06:00 pm",70.6505,0.209888
"Oct 20, 07:00 pm",12.5634,0.209888
"Oct 20, 08:00 pm",0,0.209888
"Oct 20, 09:00 pm",0,0.209888
"Oct 20, 10:00 pm",0,0.209888
"Oct 20, 11:00 pm",0,0.209888
"Oct 21, 12:00 am",0,0.209888
"Oct 21, 01:00 am",0,0.209888
"Oct 21, 02:00 am",0,0.209888
"Oct 21, 03:00 am",0,0.209888
"Oct 21, 04:00 am",0,0.209888
"Oct 21, 05:00 am",0,0.209888
"Oct 21, 06:00 am",0,0.209888
"Oct 21, 07:00 am",0,0.209888
"Oct 21, 08:00 am",0,0.209888
"Oct 21, 09:00 am",1784.11,0.9095
"Oct 21, 10:00 am",2591.39,1.25933
"Oct 21, 11:00 am",2592.25,1.25933
"Oct 21, 12:00 pm",136.294,0.209888
"Oct 21, 01:00 pm",107.822,0.209888
"Oct 21, 02:00 pm",53.3414,0.209888
"Oct 21, 03:00 pm",2589.86,1.25933
"Oct 21, 04:00 pm",2591.97,1.25933
"Oct 21, 05:00 pm",2577.09,1.25275
"Oct 21, 06:00 pm",86.5194,0.209888
"Oct 21, 07:00 pm",12.8133,0.209888
"Oct 21, 08:00 pm",0,0.209888
"Oct 21, 09:00 pm",0,0.209888
"Oct 21, 10:00 pm",0,0.209888
"Oct 21, 11:00 pm",0,0.209888
"Oct 22, 12:00 am",0,0.209888
"Oct 22, 01:00 am",0,0.209888
"Oct 22, 02:00 am",0,0.209888
"Oct 22, 03:00 am",0,0.209888
"Oct 22, 04:00 am",0,0.209888
"Oct 22, 05:00 am",0,0.209888
"Oct 22, 06:00 am",0,0.209888
"Oct 22, 07:00 am",0,0.209888
"Oct 22, 08:00 am",0,0.209888
"Oct 22, 09:00 am",1790.42,0.9095
"Oct 22, 10:00 am",2592.32,1.25933
"Oct 22, 11:00 am",2593.28,1.25933
"Oct 22, 12:00 pm",162.667,0.209888
"Oct 22, 01:00 pm",131.855,0.209888
"Oct 22, 02:00 pm",67.6727,0.209888
"Oct 22, 03:00 pm",19.2403,0.209888
"Oct 22, 04:00 pm",0,0.209888
"Oct 22, 05:00 pm",0,0.209888
"Oct 22, 06:00 pm",0,0.209888
"Oct 22, 07:00 pm",0,0.209888
"Oct 22, 08:00 pm",0,0.209888
"Oct 22, 09:00 pm",0,0.209888
"Oct 22, 10:00 pm",0,0.209888
"Oct 22, 11:00 pm",0,0.209888
"Oct 23, 12:00 am",0,0.209888
"Oct 23, 01:00 am",0,0.209888
"Oct 23, 02:00 am",0,0.209888
"Oct 23, 03:00 am",0,0.209888
"Oct 23, 04:00 am",0,0.209888
"Oct 23, 05:00 am",0,0.209888
"Oct 23, 06:00 am",0,0.209888
"Oct 23, 07:00 am",0,0.316322
"Oct 23, 08:00 am",2189.82,1.24219
"Oct 23, 09:00 am",2588.96,1.25933
"Oct 23, 10:00 am",2591.75,1.25933
"Oct 23, 11:00 am",2592.6,1.25933
"Oct 23, 12:00 pm",2593.22,1.25933
"Oct 23, 01:00 pm",2593.16,1.25933
"Oct 23, 02:00 pm",2592.51,1.25933
"Oct 23, 03:00 pm",2591.37,1.25933
"Oct 23, 04:00 pm",2591.06,1.25933
"Oct 23, 05:00 pm",2589.65,1.25933
"Oct 23, 06:00 pm",122.711,0.209888
"Oct 23, 07:00 pm",12.5084,0.209888
"Oct 23, 08:00 pm",0,0.209888
"Oct 23, 09:00 pm",0,0.209888
"Oct 23, 10:00 pm",0,0.209888
"Oct 23, 11:00 pm",0,0.209888
"Oct 24, 12:00 am",0,0.209888
"Oct 24, 01:00 am",0,0.209888
"Oct 24, 02:00 am",0,0.209888
"Oct 24, 03:00 am",0,0.209888
"Oct 24, 04:00 am",0,0.209888
"Oct 24, 05:00 am",0,0.209888
"Oct 24, 06:00 am",0,0.209888
"Oct 24, 07:00 am",0,0.209888
"Oct 24, 08:00 am",0,0.209888
"Oct 24, 09:00 am",0,0.209888
"Oct 24, 10:00 am",0,0.209888
"Oct 24, 11:00 am",0,0.209888
"Oct 24, 12:00 pm",0,0.209888
"Oct 24, 01:00 pm",0,0.209888
"Oct 24, 02:00 pm",0,0.209888
"Oct 24, 03:00 pm",0,0.209888
"Oct 24, 04:00 pm",0,0.209888
"Oct 24, 05:00 pm",0,0.209888
"Oct 24, 06:00 pm",0,0.209888
"Oct 24, 07:00 pm",0,0.209888
"Oct 24, 08:00 pm",0,0.209888
"Oct 24, 09:00 pm",0,0.209888
"Oct 24, 10:00 pm",0,0.209888
"Oct 24, 11:00 pm",0,0.209888
"Oct 25, 12:00 am",0,0.209888
"Oct 25, 01:00 am",0,0.209888
"Oct 25, 02:00 am",0,0.209888
"Oct 25, 03:00 am",0,0.209888
"Oct 25, 04:00 am",0,0.209888
"Oct 25, 05:00 am",0,0.209888
"Oct 25, 06:00 am",0,0.209888
"Oct 25, 07:00 am",0,0.209888
"Oct 25, 08:00 am",0,0.209888
"Oct 25, 09:00 am",0,0.209888
"Oct 25, 10:00 am",0,0.209888
"Oct 25, 11:00 am",0,0.209888
"Oct 25, 12:00 pm",0,0.209888
"Oct 25, 01:00 pm",0,0.209888
"Oct 25, 02:00 pm",0,0.209888
"Oct 25, 03:00 pm",0,0.209888
"Oct 25, 04:00 pm",2172,1.25933
"Oct 25, 05:00 pm",2589.4,1.25933
"Oct 25, 06:00 pm",159.521,0.209888
"Oct 25, 07:00 pm",12.4133,0.209888
"Oct 25, 08:00 pm",0,0.209888
"Oct 25, 09:00 pm",0,0.209888
"Oct 25, 10:00 pm",0,0.209888
"Oct 25, 11:00 pm",0,0.209888
"Oct 26, 12:00 am",0,0.209888
"Oct 26, 01:00 am",0,0.209888
"Oct 26, 02:00 am",0,0.209888
"Oct 26, 03:00 am",0,0.209888
"Oct 26, 04:00 am",0,0.209888
"Oct 26, 05:00 am",0,0.209888
"Oct 26, 06:00 am",0,0.209888
"Oct 26, 07:00 am",0,0.326127
"Oct 26, 08:00 am",2589.75,1.25933
"Oct 26, 09:00 am",2587.5,1.25933
"Oct 26, 10:00 am",2591.99,1.25933
"Oct 26, 11:00 am",49.4783,0.209888
"Oct 26, 12:00 pm",56.2407,0.209888
"Oct 26, 01:00 pm",31.789,0.209888
"Oct 26, 02:00 pm",23.0494,0.209888
"Oct 26, 03:00 pm",14.6454,0.209888
"Oct 26, 04:00 pm",0,0.209888
"Oct 26, 05:00 pm",0,0.209888
"Oct 26, 06:00 pm",0,0.209888
"Oct 26, 07:00 pm",0,0.209888
"Oct 26, 08:00 pm",0,0.209888
"Oct 26, 09:00 pm",0,0.209888
"Oct 26, 10:00 pm",0,0.209888
"Oct 26, 11:00 pm",0,0.209888
"Oct 27, 12:00 am",0,0.209888
"Oct 27, 01:00 am",0,0.209888
"Oct 27, 02:00 am",0,0.209888
"Oct 27, 03:00 am",0,0.209888
"Oct 27, 04:00 am",0,0.209888
"Oct 27, 05:00 am",0,0.209888
"Oct 27, 06:00 am",0,0.209888
"Oct 27, 07:00 am",0,0.209888
"Oct 27, 08:00 am",0,0.209888
"Oct 27, 09:00 am",0,0.209888
"Oct 27, 10:00 am",0,0.209888
"Oct 27, 11:00 am",0,0.209888
"Oct 27, 12:00 pm",0,0.209888
"Oct 27, 01:00 pm",0,0.209888
"Oct 27, 02:00 pm",0,0.209888
"Oct 27, 03:00 pm",0,0.209888
"Oct 27, 04:00 pm",0,0.209888
"Oct 27, 05:00 pm",0,0.209888
"Oct 27, 06:00 pm",0,0.209888
"Oct 27, 07:00 pm",0,0.209888
"Oct 27, 08:00 pm",0,0.209888
"Oct 27, 09:00 pm",0,0.209888
"Oct 27, 10:00 pm",0,0.209888
"Oct 27, 11:00 pm",0,0.209888
"Oct 28, 12:00 am",0,0.209888
"Oct 28, 01:00 am",0,0.209888
"Oct 28, 02:00 am",0,0.209888
"Oct 28, 03:00 am",0,0.209888
"Oct 28, 04:00 am",0,0.209888
"Oct 28, 05:00 am",0,0.209888
"Oct 28, 06:00 am",0,0.209888
"Oct 28, 07:00 am",0,0.209888
"Oct 28, 08:00 am",1748,0.9095
"Oct 28, 09:00 am",2587.47,1.25933
"Oct 28, 10:00 am",20.3859,0.209888
"Oct 28, 11:00 am",53.024,0.209888
"Oct 28, 12:00 pm",2592.01,1.25933
"Oct 28, 01:00 pm",2593.7,1.25933
"Oct 28, 02:00 pm",2593.16,1.25933
"Oct 28, 03:00 pm",20.3117,0.209888
"Oct 28, 04:00 pm",0,0.209888
"Oct 28, 05:00 pm",0,0.209888
"Oct 28, 06:00 pm",0,0.209888
"Oct 28, 07:00 pm",0,0.209888
"Oct 28, 08:00 pm",0,0.209888
"Oct 28, 09:00 pm",0,0.209888
"Oct 28, 10:00 pm",0,0.209888
"Oct 28, 11:00 pm",0,0.209888
"Oct 29, 12:00 am",0,0.209888
"Oct 29, 01:00 am",0,0.209888
"Oct 29, 02:00 am",0,0.209888
"Oct 29, 03:00 am",0,0.209888
"Oct 29, 04:00 am",0,0.209888
"Oct 29, 05:00 am",0,0.209888
"Oct 29, 06:00 am",0,0.209888
"Oct 29, 07:00 am",229.907,0.356217
"Oct 29, 08:00 am",2591.66,1.25933
"Oct 29, 09:00 am",2591.12,1.25933
"Oct 29, 10:00 am",2593.46,1.25933
"Oct 29, 11:00 am",2590.87,1.25933
"Oct 29, 12:00 pm",2590.58,1.25933
"Oct 29, 01:00 pm",2590.62,1.25933
"Oct 29, 02:00 pm",2590.62,1.25933
"Oct 29, 03:00 pm",2593.02,1.25933
"Oct 29, 04:00 pm",2590.9,1.25933
"Oct 29, 05:00 pm",2590.7,1.25933
"Oct 29, 06:00 pm",260.971,0.209888
"Oct 29, 07:00 pm",12.5239,0.209888
"Oct 29, 08:00 pm",0,0.209888
"Oct 29, 09:00 pm",0,0.209888
"Oct 29, 10:00 pm",0,0.209888
"Oct 29, 11:00 pm",0,0.209888
"Oct 30, 12:00 am",0,0.209888
"Oct 30, 01:00 am",0,0.209888
"Oct 30, 02:00 am",0,0.209888
"Oct 30, 03:00 am",0,0.209888
"Oct 30, 04:00 am",0,0.209888
"Oct 30, 05:00 am",0,0.209888
"Oct 30, 06:00 am",0,0.209888
"Oct 30, 07:00 am",479.29,0.442491
"Oct 30, 08:00 am",2591.18,1.25933
"Oct 30, 09:00 am",2591.02,1.25933
"Oct 30, 10:00 am",2593.15,1.25933
"Oct 30, 11:00 am",2590.81,1.25933
"Oct 30, 12:00 pm",2590.61,1.25933
"Oct 30, 01:00 pm",2590.65,1.25933
"Oct 30, 02:00 pm",2590.66,1.25933
"Oct 30, 03:00 pm",2592.71,1.25933
"Oct 30, 04:00 pm",2590.78,1.25933
"Oct 30, 05:00 pm",2590.67,1.25933
"Oct 30, 06:00 pm",288.913,0.209888
"Oct 30, 07:00 pm",12.8114,0.209888
"Oct 30, 08:00 pm",0,0.209888
"Oct 30, 09:00 pm",0,0.209888
"Oct 30, 10:00 pm",0,0.209888
"Oct 30, 11:00 pm",0,0.209888
"Oct 31, 12:00 am",0,0.209888
"Oct 31, 01:00 am",0,0.209888
"Oct 31, 02:00 am",0,0.209888
"Oct 31, 03:00 am",0,0.209888
"Oct 31, 04:00 am",0,0.209888
"Oct 31, 05:00 am",0,0.209888
"Oct 31, 06:00 am",0,0.209888
"Oct 31, 07:00 am",232.376,0.35471
"Oct 31, 08:00 am",2590.85,1.25933
"Oct 31, 09:00 am",2590.78,1.25933
"Oct 31, 10:00 am",2592.51,1.25933
"Oct 31, 11:00 am",2593.57,1.25933
"Oct 31, 12:00 pm",2590.96,1.25933
"Oct 31, 01:00 pm",2590.65,1.25933
"Oct 31, 02:00 pm",2593.5,1.25933
"Oct 31, 03:00 pm",2592.61,1.25933
"Oct 31, 04:00 pm",2588.33,1.25933
"Oct 31, 05:00 pm",2593.27,1.25933
"Oct 31, 06:00 pm",305.973,0.209888
"Oct 31, 07:00 pm",13.0641,0.209888
"Oct 31, 08:00 pm",0,0.209888
"Oct 31, 09:00 pm",0,0.209888
"Oct 31, 10:00 pm",0,0.209888
"Oct 31, 11:00 pm",0,0.209888
"Nov 1, 12:00 am",0,0.209888
"Nov 1, 01:00 am",0,0.209888
"Nov 1, 02:00 am",0,0.209888
"Nov 1, 03:00 am",0,0.209888
"Nov 1, 04:00 am",0,0.209888
"Nov 1, 05:00 am",0,0.209888
"Nov 1, 06:00 am",0,0.209888
"Nov 1, 07:00 am",471.082,0.437331
"Nov 1, 08:00 am",2590.75,1.25933
"Nov 1, 09:00 am",2590.81,1.25933
"Nov 1, 10:00 am",2592.6,1.25933
"Nov 1, 11:00 am",2590.66,1.25933
"Nov 1, 12:00 pm",2590.62,1.25933
"Nov 1, 01:00 pm",2590.64,1.25933
"Nov 1, 02:00 pm",2593.64,1.25933
"Nov 1, 03:00 pm",2592.75,1.25933
"Nov 1, 04:00 pm",2588.02,1.25933
"Nov 1, 05:00 pm",2590.62,1.25933
"Nov 1, 06:00 pm",330.872,0.209888
"Nov 1, 07:00 pm",13.2497,0.209888
"Nov 1, 08:00 pm",0,0.209888
"Nov 1, 09:00 pm",0,0.209888
"Nov 1, 10:00 pm",0,0.209888
"Nov 1, 11:00 pm",0,0.209888
"Nov 2, 12:00 am",0,0.209888
"Nov 2, 01:00 am",0,0.209888
"Nov 2, 02:00 am",0,0.209888
"Nov 2, 03:00 am",0,0.209888
"Nov 2, 04:00 am",0,0.209888
"Nov 2, 05:00 am",0,0.209888
"Nov 2, 06:00 am",0,0.209888
"Nov 2, 07:00 am",472.335,0.437924
"Nov 2, 08:00 am",2590.74,1.25933
"Nov 2, 09:00 am",2590.78,1.25933
"Nov 2, 10:00 am",2592.45,1.25933
"Nov 2, 11:00 am",2593.53,1.25933
"Nov 2, 12:00 pm",2590.92,1.25933
"Nov 2, 01:00 pm",2590.62,1.25933
"Nov 2, 02:00 pm",2593.26,1.25933
"Nov 2, 03:00 pm",2592.27,1.25933
"Nov 2, 04:00 pm",2588.86,1.25933
"Nov 2, 05:00 pm",2592.6,1.25933
"Nov 2, 06:00 pm",346.155,0.209888
"Nov 2, 07:00 pm",13.1734,0.209888
"Nov 2, 08:00 pm",0,0.209888
"Nov 2, 09:00 pm",0,0.209888
"Nov 2, 10:00 pm",0,0.209888
"Nov 2, 11:00 pm",0,0.209888
"Nov 3, 12:00 am",0,0.209888
"Nov 3, 01:00 am",0,0.209888
"Nov 3, 02:00 am",0,0.209888
"Nov 3, 03:00 am",0,0.209888
"Nov 3, 04:00 am",0,0.209888
"Nov 3, 05:00 am",0,0.209888
"Nov 3, 06:00 am",0,0.209888
"Nov 3, 07:00 am",0,0.209888
"Nov 3, 08:00 am",0,0.209888
"Nov 3, 09:00 am",0,0.209888
"Nov 3, 10:00 am",0,0.209888
"Nov 3, 11:00 am",0,0.209888
"Nov 3, 12:00 pm",0,0.209888
"Nov 3, 01:00 pm",0,0.209888
"Nov 3, 02:00 pm",0,0.209888
"Nov 3, 03:00 pm",0,0.209888
"Nov 3, 04:00 pm",0,0.209888
"Nov 3, 05:00 pm",0,0.209888
"Nov 3, 06:00 pm",0,0.209888
"Nov 3, 07:00 pm",0,0.209888
"Nov 3, 08:00 pm",0,0.209888
"Nov 3, 09:00 pm",0,0.209888
"Nov 3, 10:00 pm",0,0.209888
"Nov 3, 11:00 pm",0,0.209888
"Nov 4, 12:00 am",0,0.209888
"Nov 4, 01:00 am",0,0.209888
"Nov 4, 02:00 am",0,0.209888
"Nov 4, 03:00 am",0,0.209888
"Nov 4, 04:00 am",0,0.209888
"Nov 4, 05:00 am",0,0.209888
"Nov 4, 06:00 am",0,0.209888
"Nov 4, 07:00 am",0,0.209888
"Nov 4, 08:00 am",0,0.209888
"Nov 4, 09:00 am",0,0.209888
"Nov 4, 10:00 am",0,0.209888
"Nov 4, 11:00 am",2165.76,1.08441
"Nov 4, 12:00 pm",2590.55,1.25933
"Nov 4, 01:00 pm",2590.57,1.25933
"Nov 4, 02:00 pm",2590.59,1.25933
"Nov 4, 03:00 pm",2592.44,1.25933
"Nov 4, 04:00 pm",2590.67,1.25933
"Nov 4, 05:00 pm",2590.64,1.25933
"Nov 4, 06:00 pm",402.723,0.209888
"Nov 4, 07:00 pm",12.8005,0.209888
"Nov 4, 08:00 pm",0,0.209888
"Nov 4, 09:00 pm",0,0.209888
"Nov 4, 10:00 pm",0,0.209888
"Nov 4, 11:00 pm",0,0.209888
"Nov 5, 12:00 am",0,0.209888
"Nov 5, 01:00 am",0,0.209888
"Nov 5, 02:00 am",0,0.209888
"Nov 5, 03:00 am",0,0.209888
"Nov 5, 04:00 am",0,0.209888
"Nov 5, 05:00 am",0,0.209888
"Nov 5, 06:00 am",0,0.209888
"Nov 5, 07:00 am",744.535,0.466826
"Nov 5, 08:00 am",2591.53,1.25933
"Nov 5, 09:00 am",21.3361,0.209888
"Nov 5, 10:00 am",2237.07,1.25933
"Nov 5, 11:00 am",2590.8,1.25933
"Nov 5, 12:00 pm",2590.57,1.25933
"Nov 5, 01:00 pm",297.482,0.209888
"Nov 5, 02:00 pm",148.141,0.209888
"Nov 5, 03:00 pm",2591.11,1.25933
"Nov 5, 04:00 pm",2590.67,1.25933
"Nov 5, 05:00 pm",2590.66,1.25933
"Nov 5, 06:00 pm",15.2117,0.209888
"Nov 5, 07:00 pm",0,0.209888
"Nov 5, 08:00 pm",0,0.209888
"Nov 5, 09:00 pm",0,0.209888
"Nov 5, 10:00 pm",0,0.209888
"Nov 5, 11:00 pm",0,0.209888
"Nov 6, 12:00 am",0,0.209888
"Nov 6, 01:00 am",0,0.209888
"Nov 6, 02:00 am",0,0.209888
"Nov 6, 03:00 am",0,0.209888
"Nov 6, 04:00 am",0,0.209888
"Nov 6, 05:00 am",0,0.209888
"Nov 6, 06:00 am",0,0.209888
"Nov 6, 07:00 am",733.665,0.461853
"Nov 6, 08:00 am",2591.45,1.25933
"Nov 6, 09:00 am",2590.86,1.25933
"Nov 6, 10:00 am",2592.88,1.25933
"Nov 6, 11:00 am",2590.74,1.25933
"Nov 6, 12:00 pm",2590.61,1.25933
"Nov 6, 01:00 pm",2590.65,1.25933
"Nov 6, 02:00 pm",2590.66,1.25933
"Nov 6, 03:00 pm",2592.82,1.25933
"Nov 6, 04:00 pm",2590.89,1.25933
"Nov 6, 05:00 pm",2590.77,1.25933
"Nov 6, 06:00 pm",469.37,0.228749
"Nov 6, 07:00 pm",13.4693,0.209888
"Nov 6, 08:00 pm",0,0.209888
"Nov 6, 09:00 pm",0,0.209888
"Nov 6, 10:00 pm",0,0.209888
"Nov 6, 11:00 pm",0,0.209888
"Nov 7, 12:00 am",0,0.209888
"Nov 7, 01:00 am",0,0.209888
"Nov 7, 02:00 am",0,0.209888
"Nov 7, 03:00 am",0,0.209888
"Nov 7, 04:00 am",0,0.209888
"Nov 7, 05:00 am",0,0.209888
"Nov 7, 06:00 am",0,0.209888
"Nov 7, 07:00 am",0,0.209888
"Nov 7, 08:00 am",0,0.209888
"Nov 7, 09:00 am",0,0.209888
"Nov 7, 10:00 am",0,0.209888
"Nov 7, 11:00 am",0,0.209888
"Nov 7, 12:00 pm",0,0.209888
"Nov 7, 01:00 pm",0,0.209888
"Nov 7, 02:00 pm",0,0.209888
"Nov 7, 03:00 pm",0,0.209888
"Nov 7, 04:00 pm",0,0.209888
"Nov 7, 05:00 pm",0,0.209888
"Nov 7, 06:00 pm",0,0.209888
"Nov 7, 07:00 pm",0,0.209888
"Nov 7, 08:00 pm",0,0.209888
"Nov 7, 09:00 pm",0,0.209888
"Nov 7, 10:00 pm",0,0.209888
"Nov 7, 11:00 pm",0,0.209888
"Nov 8, 12:00 am",0,0.209888
"Nov 8, 01:00 am",0,0.209888
"Nov 8, 02:00 am",0,0.209888
"Nov 8, 03:00 am",0,0.209888
"Nov 8, 04:00 am",0,0.209888
"Nov 8, 05:00 am",0,0.209888
"Nov 8, 06:00 am",0,0.209888
"Nov 8, 07:00 am",0,0.209888
"Nov 8, 08:00 am",0,0.209888
"Nov 8, 09:00 am",0,0.209888
"Nov 8, 10:00 am",0,0.209888
"Nov 8, 11:00 am",0,0.209888
"Nov 8, 12:00 pm",0,0.209888
"Nov 8, 01:00 pm",0,0.209888
"Nov 8, 02:00 pm",0,0.209888
"Nov 8, 03:00 pm",0,0.209888
"Nov 8, 04:00 pm",2175.33,1.25933
"Nov 8, 05:00 pm",2591.24,1.25933
"Nov 8, 06:00 pm",518.34,0.252511
"Nov 8, 07:00 pm",12.7215,0.209888
"Nov 8, 08:00 pm",0,0.209888
"Nov 8, 09:00 pm",0,0.209888
"Nov 8, 10:00 pm",0,0.209888
"Nov 8, 11:00 pm",0,0.209888
"Nov 9, 12:00 am",0,0.209888
"Nov 9, 01:00 am",0,0.209888
"Nov 9, 02:00 am",0,0.209888
"Nov 9, 03:00 am",0,0.209888
"Nov 9, 04:00 am",0,0.209888
"Nov 9, 05:00 am",0,0.209888
"Nov 9, 06:00 am",0,0.209888
"Nov 9, 07:00 am",838.296,0.509971
"Nov 9, 08:00 am",2592.24,1.25933
"Nov 9, 09:00 am",2591.4,1.25933
"Nov 9, 10:00 am",2590.5,1.25933
"Nov 9, 11:00 am",2590.52,1.25933
"Nov 9, 12:00 pm",2590.63,1.25933
"Nov 9, 01:00 pm",2590.65,1.25933
"Nov 9, 02:00 pm",2590.65,1.25933
"Nov 9, 03:00 pm",2590.65,1.25933
"Nov 9, 04:00 pm",2591.07,1.25933
"Nov 9, 05:00 pm",2591.85,1.25933
"Nov 9, 06:00 pm",582.761,0.283862
"Nov 9, 07:00 pm",13.0076,0.209888
"Nov 9, 08:00 pm",0,0.209888
"Nov 9, 09:00 pm",0,0.209888
"Nov 9, 10:00 pm",0,0.209888
"Nov 9, 11:00 pm",0,0.209888
"Nov 10, 12:00 am",0,0.209888
"Nov 10, 01:00 am",0,0.209888
"Nov 10, 02:00 am",0,0.209888
"Nov 10, 03:00 am",0,0.209888
"Nov 10, 04:00 am",0,0.209888
"Nov 10, 05:00 am",0,0.209888
"Nov 10, 06:00 am",0,0.209888
"Nov 10, 07:00 am",898.811,0.537797
"Nov 10, 08:00 am",2592.6,1.25933
"Nov 10, 09:00 am",2591.69,1.25933
"Nov 10, 10:00 am",2590.55,1.25933
"Nov 10, 11:00 am",2590.58,1.25933
"Nov 10, 12:00 pm",2590.67,1.25933
"Nov 10, 01:00 pm",2590.68,1.25933
"Nov 10, 02:00 pm",2590.69,1.25933
"Nov 10, 03:00 pm",2593.17,1.25933
"Nov 10, 04:00 pm",2591.12,1.25933
"Nov 10, 05:00 pm",2591.48,1.25933
"Nov 10, 06:00 pm",602.103,0.293104
"Nov 10, 07:00 pm",13.434,0.209888
"Nov 10, 08:00 pm",0,0.209888
"Nov 10, 09:00 pm",0,0.209888
"Nov 10, 10:00 pm",0,0.209888
"Nov 10, 11:00 pm",0,0.209888
"Nov 11, 12:00 am",0,0.209888
"Nov 11, 01:00 am",0,0.209888
"Nov 11, 02:00 am",0,0.209888
"Nov 11, 03:00 am",0,0.209888
"Nov 11, 04:00 am",0,0.209888
"Nov 11, 05:00 am",0,0.209888
"Nov 11, 06:00 am",0,0.209888
"Nov 11, 07:00 am",839.409,0.510062
"Nov 11, 08:00 am",2592.19,1.25933
"Nov 11, 09:00 am",2591.06,1.25933
"Nov 11, 10:00 am",2593.3,1.25933
"Nov 11, 11:00 am",2590.85,1.25933
"Nov 11, 12:00 pm",2590.6,1.25933
"Nov 11, 01:00 pm",2590.61,1.25933
"Nov 11, 02:00 pm",2590.61,1.25933
"Nov 11, 03:00 pm",2592.83,1.25933
"Nov 11, 04:00 pm",2590.95,1.25933
"Nov 11, 05:00 pm",2591.39,1.25933
"Nov 11, 06:00 pm",621.063,0.302333
"Nov 11, 07:00 pm",13.5002,0.209888
"Nov 11, 08:00 pm",0,0.209888
"Nov 11, 09:00 pm",0,0.209888
"Nov 11, 10:00 pm",0,0.209888
"Nov 11, 11:00 pm",0,0.209888
"Nov 12, 12:00 am",0,0.209888
"Nov 12, 01:00 am",0,0.209888
"Nov 12, 02:00 am",0,0.209888
"Nov 12, 03:00 am",0,0.209888
"Nov 12, 04:00 am",0,0.209888
"Nov 12, 05:00 am",0,0.209888
"Nov 12, 06:00 am",0,0.209888
"Nov 12, 07:00 am",867.912,0.523108
"Nov 12, 08:00 am",2592.27,1.25933
"Nov 12, 09:00 am",2591.18,1.25933
"Nov 12, 10:00 am",2593.48,1.25933
"Nov 12, 11:00 am",2590.9,1.25933
"Nov 12, 12:00 pm",2590.6,1.25933
"Nov 12, 01:00 pm",2590.61,1.25933
"Nov 12, 02:00 pm",2590.61,1.25933
"Nov 12, 03:00 pm",2593.01,1.25933
"Nov 12, 04:00 pm",2591.07,1.25933
"Nov 12, 05:00 pm",2591.63,1.25933
"Nov 12, 06:00 pm",656.617,0.319674
"Nov 12, 07:00 pm",13.3394,0.209888
"Nov 12, 08:00 pm",0,0.209888
"Nov 12, 09:00 pm",0,0.209888
"Nov 12, 10:00 pm",0,0.209888
"Nov 12, 11:00 pm",0,0.209888
"Nov 13, 12:00 am",0,0.209888
"Nov 13, 01:00 am",0,0.209888
"Nov 13, 02:00 am",0,0.209888
"Nov 13, 03:00 am",0,0.209888
"Nov 13, 04:00 am",0,0.209888
"Nov 13, 05:00 am",0,0.209888
"Nov 13, 06:00 am",0,0.209888
"Nov 13, 07:00 am",898.954,0.537633
"Nov 13, 08:00 am",2592.52,1.25933
"Nov 13, 09:00 am",2591.34,1.25933
"Nov 13, 10:00 am",2590.56,1.25933
"Nov 13, 11:00 am",2590.58,1.25933
"Nov 13, 12:00 pm",2590.67,1.25933
"Nov 13, 01:00 pm",2590.67,1.25933
"Nov 13, 02:00 pm",2590.68,1.25933
"Nov 13, 03:00 pm",2593.28,1.25933
"Nov 13, 04:00 pm",2591.23,1.25933
"Nov 13, 05:00 pm",2591.84,1.25933
"Nov 13, 06:00 pm",694.123,0.337785
"Nov 13, 07:00 pm",13.4665,0.209888
"Nov 13, 08:00 pm",0,0.209888
"Nov 13, 09:00 pm",0,0.209888
"Nov 13, 10:00 pm",0,0.209888
"Nov 13, 11:00 pm",0,0.209888
"Nov 14, 12:00 am",0,0.209888
"Nov 14, 01:00 am",0,0.209888
"Nov 14, 02:00 am",0,0.209888
"Nov 14, 03:00 am",0,0.209888
"Nov 14, 04:00 am",0,0.209888
"Nov 14, 05:00 am",0,0.209888
"Nov 14, 06:00 am",0,0.209888
"Nov 14, 07:00 am",898.917,0.537592
"Nov 14, 08:00 am",2592.52,1.25933
"Nov 14, 09:00 am",2591.29,1.25933
"Nov 14, 10:00 am",2590.54,1.25933
"Nov 14, 11:00 am",2590.57,1.25933
"Nov 14, 12:00 pm",2590.66,1.25933
"Nov 14, 01:00 pm",2590.67,1.25933
"Nov 14, 02:00 pm",2590.67,1.25933
"Nov 14, 03:00 pm",2593.41,1.25933
"Nov 14, 04:00 pm",2591.31,1.25933
"Nov 14, 05:00 pm",2592.03,1.25933
"Nov 14, 06:00 pm",734.215,0.357187
"Nov 14, 07:00 pm",13.5562,0.209888
"Nov 14, 08:00 pm",0,0.209888
"Nov 14, 09:00 pm",0,0.209888
"Nov 14, 10:00 pm",0,0.209888
"Nov 14, 11:00 pm",0,0.209888
"Nov 15, 12:00 am",0,0.209888
"Nov 15, 01:00 am",0,0.209888
"Nov 15, 02:00 am",0,0.209888
"Nov 15, 03:00 am",0,0.209888
"Nov 15, 04:00 am",0,0.209888
"Nov 15, 05:00 am",0,0.209888
"Nov 15, 06:00 am",0,0.209888
"Nov 15, 07:00 am",929.502,0.551956
"Nov 15, 08:00 am",2592.61,1.25933
"Nov 15, 09:00 am",2591.48,1.25933
"Nov 15, 10:00 am",2590.56,1.25933
"Nov 15, 11:00 am",2590.59,1.25933
"Nov 15, 12:00 pm",2590.69,1.25933
"Nov 15, 01:00 pm",2590.7,1.25933
"Nov 15, 02:00 pm",2590.69,1.25933
"Nov 15, 03:00 pm",2593.51,1.25933
"Nov 15, 04:00 pm",2591.35,1.25933
"Nov 15, 05:00 pm",17.9044,0.209888
"Nov 15, 06:00 pm",0,0.209888
"Nov 15, 07:00 pm",0,0.209888
"Nov 15, 08:00 pm",0,0.209888
"Nov 15, 09:00 pm",0,0.209888
"Nov 15, 10:00 pm",0,0.209888
"Nov 15, 11:00 pm",0,0.209888
"Nov 16, 12:00 am",0,0.209888
"Nov 16, 01:00 am",0,0.209888
"Nov 16, 02:00 am",0,0.209888
"Nov 16, 03:00 am",0,0.209888
"Nov 16, 04:00 am",0,0.209888
"Nov 16, 05:00 am",0,0.209888
"Nov 16, 06:00 am",0,0.209888
"Nov 16, 07:00 am",888.498,0.533353
"Nov 16, 08:00 am",2592.57,1.25933
"Nov 16, 09:00 am",2591.24,1.25933
"Nov 16, 10:00 am",2590.54,1.25933
"Nov 16, 11:00 am",2590.57,1.25933
"Nov 16, 12:00 pm",2590.66,1.25933
"Nov 16, 01:00 pm",2590.67,1.25933
"Nov 16, 02:00 pm",2590.67,1.25933
"Nov 16, 03:00 pm",2593.22,1.25933
"Nov 16, 04:00 pm",2591.18,1.25933
"Nov 16, 05:00 pm",2592,1.25933
"Nov 16, 06:00 pm",793.682,0.386247
"Nov 16, 07:00 pm",13.3189,0.209888
"Nov 16, 08:00 pm",0,0.209888
"Nov 16, 09:00 pm",0,0.209888
"Nov 16, 10:00 pm",0,0.209888
"Nov 16, 11:00 pm",0,0.209888
"Nov 17, 12:00 am",0,0.209888
"Nov 17, 01:00 am",0,0.209888
"Nov 17, 02:00 am",0,0.209888
"Nov 17, 03:00 am",0,0.209888
"Nov 17, 04:00 am",0,0.209888
"Nov 17, 05:00 am",0,0.209888
"Nov 17, 06:00 am",0,0.209888
"Nov 17, 07:00 am",910.933,0.543066
"Nov 17, 08:00 am",2592.55,1.25933
"Nov 17, 09:00 am",2591.1,1.25933
"Nov 17, 10:00 am",2593.4,1.25933
"Nov 17, 11:00 am",2590.87,1.25933
"Nov 17, 12:00 pm",2590.59,1.25933
"Nov 17, 01:00 pm",247.351,0.209888
"Nov 17, 02:00 pm",186.999,0.209888
"Nov 17, 03:00 pm",27.6615,0.209888
"Nov 17, 04:00 pm",17.5245,0.209888
"Nov 17, 05:00 pm",0,0.209888
"Nov 17, 06:00 pm",0,0.209888
"Nov 17, 07:00 pm",0,0.209888
"Nov 17, 08:00 pm",0,0.209888
"Nov 17, 09:00 pm",0,0.209888
"Nov 17, 10:00 pm",0,0.209888
"Nov 17, 11:00 pm",0,0.209888
"Nov 18, 12:00 am",0,0.209888
"Nov 18, 01:00 am",0,0.209888
"Nov 18, 02:00 am",0,0.209888
"Nov 18, 03:00 am",0,0.209888
"Nov 18, 04:00 am",0,0.209888
"Nov 18, 05:00 am",0,0.209888
"Nov 18, 06:00 am",0,0.209888
"Nov 18, 07:00 am",862.642,0.521598
"Nov 18, 08:00 am",2592.24,1.25933
"Nov 18, 09:00 am",2591.05,1.25933
"Nov 18, 10:00 am",2593.26,1.25933
"Nov 18, 11:00 am",2590.83,1.25933
"Nov 18, 12:00 pm",2590.57,1.25933
"Nov 18, 01:00 pm",2590.58,1.25933
"Nov 18, 02:00 pm",2590.58,1.25933
"Nov 18, 03:00 pm",2592.95,1.25933
"Nov 18, 04:00 pm",2591.04,1.25933
"Nov 18, 05:00 pm",2592.02,1.25933
"Nov 18, 06:00 pm",849.646,0.413441
"Nov 18, 07:00 pm",13.0896,0.209888
"Nov 18, 08:00 pm",0,0.209888
"Nov 18, 09:00 pm",0,0.209888
"Nov 18, 10:00 pm",0,0.209888
"Nov 18, 11:00 pm",0,0.209888
"Nov 19, 12:00 am",0,0.209888
"Nov 19, 01:00 am",0,0.209888
"Nov 19, 02:00 am",0,0.209888
"Nov 19, 03:00 am",0,0.209888
"Nov 19, 04:00 am",0,0.209888
"Nov 19, 05:00 am",0,0.209888
"Nov 19, 06:00 am",0,0.209888
"Nov 19, 07:00 am",1123.46,0.616603
"Nov 19, 08:00 am",2592.1,1.25933
"Nov 19, 09:00 am",2591.07,1.25933
"Nov 19, 10:00 am",49.9025,0.209888
"Nov 19, 11:00 am",21.3764,0.209888
"Nov 19, 12:00 pm",82.0114,0.209888
"Nov 19, 01:00 pm",62.584,0.209888
"Nov 19, 02:00 pm",18.023,0.209888
"Nov 19, 03:00 pm",0,0.209888
"Nov 19, 04:00 pm",0,0.209888
"Nov 19, 05:00 pm",0,0.209888
"Nov 19, 06:00 pm",0,0.209888
"Nov 19, 07:00 pm",0,0.209888
"Nov 19, 08:00 pm",0,0.209888
"Nov 19, 09:00 pm",0,0.209888
"Nov 19, 10:00 pm",0,0.209888
"Nov 19, 11:00 pm",0,0.209888
"Nov 20, 12:00 am",0,0.209888
"Nov 20, 01:00 am",0,0.209888
"Nov 20, 02:00 am",0,0.209888
"Nov 20, 03:00 am",0,0.209888
"Nov 20, 04:00 am",0,0.209888
"Nov 20, 05:00 am",0,0.209888
"Nov 20, 06:00 am",0,0.209888
"Nov 20, 07:00 am",0,0.209888
"Nov 20, 08:00 am",0,0.209888
"Nov 20, 09:00 am",1791.01,0.9095
"Nov 20, 10:00 am",2593.03,1.25933
"Nov 20, 11:00 am",2590.76,1.25933
"Nov 20, 12:00 pm",2590.57,1.25933
"Nov 20, 01:00 pm",2590.57,1.25933
"Nov 20, 02:00 pm",2590.58,1.25933
"Nov 20, 03:00 pm",2592.94,1.25933
"Nov 20, 04:00 pm",2591.01,1.25933
"Nov 20, 05:00 pm",2592.17,1.25933
"Nov 20, 06:00 pm",923.374,0.449265
"Nov 20, 07:00 pm",13.1062,0.209888
"Nov 20, 08:00 pm",0,0.209888
"Nov 20, 09:00 pm",0,0.209888
"Nov 20, 10:00 pm",0,0.209888
"Nov 20, 11:00 pm",0,0.209888
"Nov 21, 12:00 am",0,0.209888
"Nov 21, 01:00 am",0,0.209888
"Nov 21, 02:00 am",0,0.209888
"Nov 21, 03:00 am",0,0.209888
"Nov 21, 04:00 am",0,0.209888
"Nov 21, 05:00 am",0,0.209888
"Nov 21, 06:00 am",0,0.209888
"Nov 21, 07:00 am",1128.69,0.793289
"Nov 21, 08:00 am",2592.2,1.25933
"Nov 21, 09:00 am",2591.15,1.25933
"Nov 21, 10:00 am",2593.44,1.25933
"Nov 21, 11:00 am",2590.87,1.25933
"Nov 21, 12:00 pm",2590.57,1.25933
"Nov 21, 01:00 pm",2590.58,1.25933
"Nov 21, 02:00 pm",2590.58,1.25933
"Nov 21, 03:00 pm",2593.17,1.25933
"Nov 21, 04:00 pm",19.2013,0.209888
"Nov 21, 05:00 pm",0,0.209888
"Nov 21, 06:00 pm",682.726,0.447245
"Nov 21, 07:00 pm",13.283,0.209888
"Nov 21, 08:00 pm",0,0.209888
"Nov 21, 09:00 pm",0,0.209888
"Nov 21, 10:00 pm",0,0.209888
"Nov 21, 11:00 pm",0,0.209888
"Nov 22, 12:00 am",0,0.209888
"Nov 22, 01:00 am",0,0.209888
"Nov 22, 02:00 am",0,0.209888
"Nov 22, 03:00 am",0,0.209888
"Nov 22, 04:00 am",0,0.209888
"Nov 22, 05:00 am",0,0.209888
"Nov 22, 06:00 am",0,0.209888
"Nov 22, 07:00 am",1121.59,0.788086
"Nov 22, 08:00 am",2592.13,1.25933
"Nov 22, 09:00 am",2591.07,1.25933
"Nov 22, 10:00 am",2593.34,1.25933
"Nov 22, 11:00 am",2590.85,1.25933
"Nov 22, 12:00 pm",2590.59,1.25933
"Nov 22, 01:00 pm",2590.6,1.25933
"Nov 22, 02:00 pm",2590.6,1.25933
"Nov 22, 03:00 pm",2593.25,1.25933
"Nov 22, 04:00 pm",2591.22,1.25933
"Nov 22, 05:00 pm",2592.51,1.25933
"Nov 22, 06:00 pm",1004.59,0.488678
"Nov 22, 07:00 pm",13.4277,0.209888
"Nov 22, 08:00 pm",0,0.209888
"Nov 22, 09:00 pm",0,0.209888
"Nov 22, 10:00 pm",0,0.209888
"Nov 22, 11:00 pm",0,0.209888
"Nov 23, 12:00 am",0,0.209888
"Nov 23, 01:00 am",0,0.209888
"Nov 23, 02:00 am",0,0.209888
"Nov 23, 03:00 am",0,0.209888
"Nov 23, 04:00 am",0,0.209888
"Nov 23, 05:00 am",0,0.209888
"Nov 23, 06:00 am",0,0.209888
"Nov 23, 07:00 am",1127.21,0.791418
"Nov 23, 08:00 am",2592.18,1.25933
"Nov 23, 09:00 am",2591.12,1.25933
"Nov 23, 10:00 am",2593.45,1.25933
"Nov 23, 11:00 am",2590.9,1.25933
"Nov 23, 12:00 pm",2590.61,1.25933
"Nov 23, 01:00 pm",2590.62,1.25933
"Nov 23, 02:00 pm",2590.62,1.25933
"Nov 23, 03:00 pm",2593.44,1.25933
"Nov 23, 04:00 pm",2591.36,1.25933
"Nov 23, 05:00 pm",2592.65,1.25933
"Nov 23, 06:00 pm",1052.96,0.512162
"Nov 23, 07:00 pm",13.5057,0.209888
"Nov 23, 08:00 pm",0,0.209888
"Nov 23, 09:00 pm",0,0.209888
"Nov 23, 10:00 pm",0,0.209888
"Nov 23, 11:00 pm",0,0.209888
"Nov 24, 12:00 am",0,0.209888
"Nov 24, 01:00 am",0,0.209888
"Nov 24, 02:00 am",0,0.209888
"Nov 24, 03:00 am",0,0.209888
"Nov 24, 04:00 am",0,0.209888
"Nov 24, 05:00 am",0,0.209888
"Nov 24, 06:00 am",0,0.209888
"Nov 24, 07:00 am",1142.99,0.801265
"Nov 24, 08:00 am",2592.22,1.25933
"Nov 24, 09:00 am",2591.16,1.25933
"Nov 24, 10:00 am",2593.49,1.25933
"Nov 24, 11:00 am",2590.91,1.25933
"Nov 24, 12:00 pm",2590.61,1.25933
"Nov 24, 01:00 pm",2590.61,1.25933
"Nov 24, 02:00 pm",2590.62,1.25933
"Nov 24, 03:00 pm",2593.51,1.25933
"Nov 24, 04:00 pm",2591.42,1.25933
"Nov 24, 05:00 pm",2592.74,1.25933
"Nov 24, 06:00 pm",1098.39,0.534247
"Nov 24, 07:00 pm",13.5596,0.209888
"Nov 24, 08:00 pm",0,0.209888
"Nov 24, 09:00 pm",0,0.209888
"Nov 24, 10:00 pm",0,0.209888
"Nov 24, 11:00 pm",0,0.209888
"Nov 25, 12:00 am",0,0.209888
"Nov 25, 01:00 am",0,0.209888
"Nov 25, 02:00 am",0,0.209888
"Nov 25, 03:00 am",0,0.209888
"Nov 25, 04:00 am",0,0.209888
"Nov 25, 05:00 am",0,0.209888
"Nov 25, 06:00 am",0,0.209888
"Nov 25, 07:00 am",1176.36,0.822478
"Nov 25, 08:00 am",2592.81,1.25933
"Nov 25, 09:00 am",2591.44,1.25933
"Nov 25, 10:00 am",2590.57,1.25933
"Nov 25, 11:00 am",2590.59,1.25933
"Nov 25, 12:00 pm",2590.69,1.25933
"Nov 25, 01:00 pm",2590.7,1.25933
"Nov 25, 02:00 pm",2590.7,1.25933
"Nov 25, 03:00 pm",2590.7,1.25933
"Nov 25, 04:00 pm",2591.15,1.25933
"Nov 25, 05:00 pm",2592.8,1.25933
"Nov 25, 06:00 pm",1140.83,0.554872
"Nov 25, 07:00 pm",13.4911,0.209888
"Nov 25, 08:00 pm",0,0.209888
"Nov 25, 09:00 pm",0,0.209888
"Nov 25, 10:00 pm",0,0.209888
"Nov 25, 11:00 pm",0,0.209888
"Nov 26, 12:00 am",0,0.209888
"Nov 26, 01:00 am",0,0.209888
"Nov 26, 02:00 am",0,0.209888
"Nov 26, 03:00 am",0,0.209888
"Nov 26, 04:00 am",0,0.209888
"Nov 26, 05:00 am",0,0.209888
"Nov 26, 06:00 am",0,0.209888
"Nov 26, 07:00 am",1178.23,0.823681
"Nov 26, 08:00 am",2592.8,1.25933
"Nov 26, 09:00 am",2591.45,1.25933
"Nov 26, 10:00 am",2590.57,1.25933
"Nov 26, 11:00 am",2590.59,1.25933
"Nov 26, 12:00 pm",2590.69,1.25933
"Nov 26, 01:00 pm",2590.7,1.25933
"Nov 26, 02:00 pm",2590.7,1.25933
"Nov 26, 03:00 pm",2590.7,1.25933
"Nov 26, 04:00 pm",2591.2,1.25933
"Nov 26, 05:00 pm",2592.87,1.25933
"Nov 26, 06:00 pm",1182.47,0.575109
"Nov 26, 07:00 pm",13.5317,0.209888
"Nov 26, 08:00 pm",0,0.209888
"Nov 26, 09:00 pm",0,0.209888
"Nov 26, 10:00 pm",0,0.209888
"Nov 26, 11:00 pm",0,0.209888
"Nov 27, 12:00 am",0,0.209888
"Nov 27, 01:00 am",0,0.209888
"Nov 27, 02:00 am",0,0.209888
"Nov 27, 03:00 am",0,0.209888
"Nov 27, 04:00 am",0,0.209888
"Nov 27, 05:00 am",0,0.209888
"Nov 27, 06:00 am",0,0.209888
"Nov 27, 07:00 am",1175.52,0.821974
"Nov 27, 08:00 am",2592.75,1.25933
"Nov 27, 09:00 am",2591.36,1.25933
"Nov 27, 10:00 am",2590.55,1.25933
"Nov 27, 11:00 am",2590.57,1.25933
"Nov 27, 12:00 pm",2590.67,1.25933
"Nov 27, 01:00 pm",2590.68,1.25933
"Nov 27, 02:00 pm",2590.68,1.25933
"Nov 27, 03:00 pm",2590.67,1.25933
"Nov 27, 04:00 pm",2591.18,1.25933
"Nov 27, 05:00 pm",2592.88,1.25933
"Nov 27, 06:00 pm",1225.05,0.595282
"Nov 27, 07:00 pm",13.713,0.209888
"Nov 27, 08:00 pm",0,0.209888
"Nov 27, 09:00 pm",0,0.209888
"Nov 27, 10:00 pm",0,0.209888
"Nov 27, 11:00 pm",0,0.209888
"Nov 28, 12:00 am",0,0.209888
"Nov 28, 01:00 am",0,0.209888
"Nov 28, 02:00 am",0,0.209888
"Nov 28, 03:00 am",0,0.209888
"Nov 28, 04:00 am",0,0.209888
"Nov 28, 05:00 am",0,0.209888
"Nov 28, 06:00 am",0,0.209888
"Nov 28, 07:00 am",1194.06,0.834233
"Nov 28, 08:00 am",2592.82,1.25933
"Nov 28, 09:00 am",2591.5,1.25933
"Nov 28, 10:00 am",2590.53,1.25933
"Nov 28, 11:00 am",2590.59,1.25933
"Nov 28, 12:00 pm",2590.62,1.25933
"Nov 28, 01:00 pm",2590.63,1.25933
"Nov 28, 02:00 pm",2590.64,1.25933
"Nov 28, 03:00 pm",2590.64,1.25933
"Nov 28, 04:00 pm",2591.26,1.25933
"Nov 28, 05:00 pm",2592.97,1.25933
"Nov 28, 06:00 pm",1270.7,0.617478
"Nov 28, 07:00 pm",13.7383,0.209888
"Nov 28, 08:00 pm",0,0.209888
"Nov 28, 09:00 pm",0,0.209888
"Nov 28, 10:00 pm",0,0.209888
"Nov 28, 11:00 pm",0,0.209888
"Nov 29, 12:00 am",0,0.209888
"Nov 29, 01:00 am",0,0.209888
"Nov 29, 02:00 am",0,0.209888
"Nov 29, 03:00 am",0,0.209888
"Nov 29, 04:00 am",0,0.209888
"Nov 29, 05:00 am",0,0.209888
"Nov 29, 06:00 am",0,0.209888
"Nov 29, 07:00 am",1208.69,0.843752
"Nov 29, 08:00 am",2592.87,1.25933
"Nov 29, 09:00 am",2591.67,1.25933
"Nov 29, 10:00 am",2590.56,1.25933
"Nov 29, 11:00 am",2590.59,1.25933
"Nov 29, 12:00 pm",2590.7,1.25933
"Nov 29, 01:00 pm",2590.7,1.25933
"Nov 29, 02:00 pm",2590.7,1.25933
"Nov 29, 03:00 pm",30.1158,0.209888
"Nov 29, 04:00 pm",17.5201,0.209888
"Nov 29, 05:00 pm",0,0.209888
"Nov 29, 06:00 pm",0,0.209888
"Nov 29, 07:00 pm",0,0.209888
"Nov 29, 08:00 pm",0,0.209888
"Nov 29, 09:00 pm",0,0.209888
"Nov 29, 10:00 pm",0,0.209888
"Nov 29, 11:00 pm",0,0.209888
"Nov 30, 12:00 am",0,0.209888
"Nov 30, 01:00 am",0,0.209888
"Nov 30, 02:00 am",0,0.209888
"Nov 30, 03:00 am",0,0.209888
"Nov 30, 04:00 am",0,0.209888
"Nov 30, 05:00 am",0,0.209888
"Nov 30, 06:00 am",0,0.209888
"Nov 30, 07:00 am",1186.15,0.830627
"Nov 30, 08:00 am",2592.84,1.25933
"Nov 30, 09:00 am",2591.57,1.25933
"Nov 30, 10:00 am",2590.56,1.25933
"Nov 30, 11:00 am",2590.59,1.25933
"Nov 30, 12:00 pm",2590.7,1.25933
"Nov 30, 01:00 pm",2590.71,1.25933
"Nov 30, 02:00 pm",95.0834,0.209888
"Nov 30, 03:00 pm",37.7519,0.209888
"Nov 30, 04:00 pm",21.8083,0.209888
"Nov 30, 05:00 pm",12.2841,0.209888
"Nov 30, 06:00 pm",0,0.209888
"Nov 30, 07:00 pm",0,0.209888
"Nov 30, 08:00 pm",0,0.209888
"Nov 30, 09:00 pm",0,0.209888
"Nov 30, 10:00 pm",0,0.209888
"Nov 30, 11:00 pm",0,0.209888
"Dec 1, 12:00 am",0,0.209888
"Dec 1, 01:00 am",0,0.209888
"Dec 1, 02:00 am",0,0.209888
"Dec 1, 03:00 am",0,0.209888
"Dec 1, 04:00 am",0,0.209888
"Dec 1, 05:00 am",0,0.209888
"Dec 1, 06:00 am",0,0.209888
"Dec 1, 07:00 am",0,0.209888
"Dec 1, 08:00 am",0,0.209888
"Dec 1, 09:00 am",0,0.209888
"Dec 1, 10:00 am",0,0.209888
"Dec 1, 11:00 am",0,0.209888
"Dec 1, 12:00 pm",0,0.209888
"Dec 1, 01:00 pm",368.734,0.209888
"Dec 1, 02:00 pm",2589.66,1.25933
"Dec 1, 03:00 pm",21.2533,0.209888
"Dec 1, 04:00 pm",0,0.209888
"Dec 1, 05:00 pm",0,0.209888
"Dec 1, 06:00 pm",0,0.209888
"Dec 1, 07:00 pm",0,0.209888
"Dec 1, 08:00 pm",0,0.209888
"Dec 1, 09:00 pm",0,0.209888
"Dec 1, 10:00 pm",0,0.209888
"Dec 1, 11:00 pm",0,0.209888
"Dec 2, 12:00 am",0,0.209888
"Dec 2, 01:00 am",0,0.209888
"Dec 2, 02:00 am",0,0.209888
"Dec 2, 03:00 am",0,0.209888
"Dec 2, 04:00 am",0,0.209888
"Dec 2, 05:00 am",0,0.209888
"Dec 2, 06:00 am",0,0.209888
"Dec 2, 07:00 am",1218.71,0.850884
"Dec 2, 08:00 am",2592.92,1.25933
"Dec 2, 09:00 am",2592,1.25933
"Dec 2, 10:00 am",2590.68,1.25933
"Dec 2, 11:00 am",2590.78,1.25933
"Dec 2, 12:00 pm",2590.81,1.25933
"Dec 2, 01:00 pm",2590.9,1.25933
"Dec 2, 02:00 pm",2590.89,1.25933
"Dec 2, 03:00 pm",2590.74,1.25933
"Dec 2, 04:00 pm",2592.14,1.25933
"Dec 2, 05:00 pm",2593.12,1.25933
"Dec 2, 06:00 pm",1489.81,0.724057
"Dec 2, 07:00 pm",14.0455,0.209888
"Dec 2, 08:00 pm",0,0.209888
"Dec 2, 09:00 pm",0,0.209888
"Dec 2, 10:00 pm",0,0.209888
"Dec 2, 11:00 pm",0,0.209888
"Dec 3, 12:00 am",0,0.209888
"Dec 3, 01:00 am",0,0.209888
"Dec 3, 02:00 am",0,0.209888
"Dec 3, 03:00 am",0,0.209888
"Dec 3, 04:00 am",0,0.209888
"Dec 3, 05:00 am",0,0.209888
"Dec 3, 06:00 am",0,0.209888
"Dec 3, 07:00 am",1244.3,0.866441
"Dec 3, 08:00 am",2592.92,1.25933
"Dec 3, 09:00 am",2592.16,1.25933
"Dec 3, 10:00 am",2590.72,1.25933
"Dec 3, 11:00 am",2590.81,1.25933
"Dec 3, 12:00 pm",2590.85,1.25933
"Dec 3, 01:00 pm",2590.92,1.25933
"Dec 3, 02:00 pm",2590.9,1.25933
"Dec 3, 03:00 pm",2590.77,1.25933
"Dec 3, 04:00 pm",2591.9,1.25933
"Dec 3, 05:00 pm",2593.18,1.25933
"Dec 3, 06:00 pm",1529.32,0.743258
"Dec 3, 07:00 pm",14.3239,0.209888
"Dec 3, 08:00 pm",0,0.209888
"Dec 3, 09:00 pm",0,0.209888
"Dec 3, 10:00 pm",0,0.209888
"Dec 3, 11:00 pm",0,0.209888
"Dec 4, 12:00 am",0,0.209888
"Dec 4, 01:00 am",0,0.209888
"Dec 4, 02:00 am",0,0.209888
"Dec 4, 03:00 am",0,0.209888
"Dec 4, 04:00 am",0,0.209888
"Dec 4, 05:00 am",0,0.209888
"Dec 4, 06:00 am",0,0.209888
"Dec 4, 07:00 am",1202.49,0.838816
"Dec 4, 08:00 am",2592.88,1.25933
"Dec 4, 09:00 am",2591.64,1.25933
"Dec 4, 10:00 am",2590.64,1.25933
"Dec 4, 11:00 am",2590.66,1.25933
"Dec 4, 12:00 pm",240.672,0.209888
"Dec 4, 01:00 pm",248.605,0.209888
"Dec 4, 02:00 pm",190.726,0.209888
"Dec 4, 03:00 pm",104.278,0.209888
"Dec 4, 04:00 pm",18.069,0.209888
"Dec 4, 05:00 pm",0,0.209888
"Dec 4, 06:00 pm",0,0.209888
"Dec 4, 07:00 pm",0,0.209888
"Dec 4, 08:00 pm",0,0.209888
"Dec 4, 09:00 pm",0,0.209888
"Dec 4, 10:00 pm",0,0.209888
"Dec 4, 11:00 pm",0,0.209888
"Dec 5, 12:00 am",0,0.209888
"Dec 5, 01:00 am",0,0.209888
"Dec 5, 02:00 am",0,0.209888
"Dec 5, 03:00 am",0,0.209888
"Dec 5, 04:00 am",0,0.209888
"Dec 5, 05:00 am",0,0.209888
"Dec 5, 06:00 am",0,0.209888
"Dec 5, 07:00 am",0,0.209888
"Dec 5, 08:00 am",1764.61,0.9095
"Dec 5, 09:00 am",2591.39,1.25933
"Dec 5, 10:00 am",2590.6,1.25933
"Dec 5, 11:00 am",2590.63,1.25933
"Dec 5, 12:00 pm",2590.74,1.25933
"Dec 5, 01:00 pm",2590.75,1.25933
"Dec 5, 02:00 pm",2590.74,1.25933
"Dec 5, 03:00 pm",2590.74,1.25933
"Dec 5, 04:00 pm",2591.54,1.25933
"Dec 5, 05:00 pm",2593.11,1.25933
"Dec 5, 06:00 pm",1569.78,0.762984
"Dec 5, 07:00 pm",13.7502,0.209888
"Dec 5, 08:00 pm",0,0.209888
"Dec 5, 09:00 pm",0,0.209888
"Dec 5, 10:00 pm",0,0.209888
"Dec 5, 11:00 pm",0,0.209888
"Dec 6, 12:00 am",0,0.209888
"Dec 6, 01:00 am",0,0.209888
"Dec 6, 02:00 am",0,0.209888
"Dec 6, 03:00 am",0,0.209888
"Dec 6, 04:00 am",0,0.209888
"Dec 6, 05:00 am",0,0.209888
"Dec 6, 06:00 am",0,0.209888
"Dec 6, 07:00 am",0,0.209888
"Dec 6, 08:00 am",1768.63,0.9095
"Dec 6, 09:00 am",2591.29,1.25933
"Dec 6, 10:00 am",2590.61,1.25933
"Dec 6, 11:00 am",2590.63,1.25933
"Dec 6, 12:00 pm",192.59,0.209888
"Dec 6, 01:00 pm",2589.7,1.25933
"Dec 6, 02:00 pm",187.35,0.209888
"Dec 6, 03:00 pm",23.9111,0.209888
"Dec 6, 04:00 pm",17.0798,0.209888
"Dec 6, 05:00 pm",0,0.209888
"Dec 6, 06:00 pm",0,0.209888
"Dec 6, 07:00 pm",0,0.209888
"Dec 6, 08:00 pm",0,0.209888
"Dec 6, 09:00 pm",0,0.209888
"Dec 6, 10:00 pm",0,0.209888
"Dec 6, 11:00 pm",0,0.209888
"Dec 7, 12:00 am",0,0.209888
"Dec 7, 01:00 am",0,0.209888
"Dec 7, 02:00 am",0,0.209888
"Dec 7, 03:00 am",0,0.209888
"Dec 7, 04:00 am",0,0.209888
"Dec 7, 05:00 am",0,0.209888
"Dec 7, 06:00 am",0,0.209888
"Dec 7, 07:00 am",1155.64,0.630174
"Dec 7, 08:00 am",2592.34,1.25933
"Dec 7, 09:00 am",2591.25,1.25933
"Dec 7, 10:00 am",2590.58,1.25933
"Dec 7, 11:00 am",2590.66,1.25933
"Dec 7, 12:00 pm",2590.68,1.25933
"Dec 7, 01:00 pm",2590.77,1.25933
"Dec 7, 02:00 pm",2590.76,1.25933
"Dec 7, 03:00 pm",2590.75,1.25933
"Dec 7, 04:00 pm",2591.56,1.25933
"Dec 7, 05:00 pm",2593.08,1.25933
"Dec 7, 06:00 pm",1643,0.798638
"Dec 7, 07:00 pm",13.69,0.209888
"Dec 7, 08:00 pm",0,0.209888
"Dec 7, 09:00 pm",0,0.209888
"Dec 7, 10:00 pm",0,0.209888
"Dec 7, 11:00 pm",0,0.209888
"Dec 8, 12:00 am",0,0.209888
"Dec 8, 01:00 am",0,0.209888
"Dec 8, 02:00 am",0,0.209888
"Dec 8, 03:00 am",0,0.209888
"Dec 8, 04:00 am",0,0.209888
"Dec 8, 05:00 am",0,0.209888
"Dec 8, 06:00 am",0,0.209888
"Dec 8, 07:00 am",1176.31,0.822182
"Dec 8, 08:00 am",2592.83,1.25933
"Dec 8, 09:00 am",2591.55,1.25933
"Dec 8, 10:00 am",2590.61,1.25933
"Dec 8, 11:00 am",2590.7,1.25933
"Dec 8, 12:00 pm",2590.72,1.25933
"Dec 8, 01:00 pm",2590.82,1.25933
"Dec 8, 02:00 pm",2590.81,1.25933
"Dec 8, 03:00 pm",2590.68,1.25933
"Dec 8, 04:00 pm",2591.81,1.25933
"Dec 8, 05:00 pm",2593.08,1.25933
"Dec 8, 06:00 pm",1711.92,0.832173
"Dec 8, 07:00 pm",13.8369,0.209888
"Dec 8, 08:00 pm",0,0.209888
"Dec 8, 09:00 pm",0,0.209888
"Dec 8, 10:00 pm",0,0.209888
"Dec 8, 11:00 pm",0,0.209888
"Dec 9, 12:00 am",0,0.209888
"Dec 9, 01:00 am",0,0.209888
"Dec 9, 02:00 am",0,0.209888
"Dec 9, 03:00 am",0,0.209888
"Dec 9, 04:00 am",0,0.209888
"Dec 9, 05:00 am",0,0.209888
"Dec 9, 06:00 am",0,0.209888
"Dec 9, 07:00 am",1229.05,0.85672
"Dec 9, 08:00 am",2592.93,1.25933
"Dec 9, 09:00 am",2592.24,1.25933
"Dec 9, 10:00 am",2590.69,1.25933
"Dec 9, 11:00 am",2590.79,1.25933
"Dec 9, 12:00 pm",2590.82,1.25933
"Dec 9, 01:00 pm",2590.89,1.25933
"Dec 9, 02:00 pm",2590.88,1.25933
"Dec 9, 03:00 pm",2590.73,1.25933
"Dec 9, 04:00 pm",2591.94,1.25933
"Dec 9, 05:00 pm",2593.11,1.25933
"Dec 9, 06:00 pm",1760.59,0.855839
"Dec 9, 07:00 pm",14.0904,0.209888
"Dec 9, 08:00 pm",0,0.209888
"Dec 9, 09:00 pm",0,0.209888
"Dec 9, 10:00 pm",0,0.209888
"Dec 9, 11:00 pm",0,0.209888
"Dec 10, 12:00 am",0,0.209888
"Dec 10, 01:00 am",0,0.209888
"Dec 10, 02:00 am",0,0.209888
"Dec 10, 03:00 am",0,0.209888
"Dec 10, 04:00 am",0,0.209888
"Dec 10, 05:00 am",0,0.209888
"Dec 10, 06:00 am",0,0.209888
"Dec 10, 07:00 am",1156.78,0.808963
"Dec 10, 08:00 am",2592.77,1.25933
"Dec 10, 09:00 am",2591.3,1.25933
"Dec 10, 10:00 am",2590.6,1.25933
"Dec 10, 11:00 am",2590.63,1.25933
"Dec 10, 12:00 pm",2590.73,1.25933
"Dec 10, 01:00 pm",2590.74,1.25933
"Dec 10, 02:00 pm",2590.73,1.25933
"Dec 10, 03:00 pm",2590.71,1.25933
"Dec 10, 04:00 pm",2591.28,1.25933
"Dec 10, 05:00 pm",2593.11,1.25933
"Dec 10, 06:00 pm",1740.24,0.845951
"Dec 10, 07:00 pm",13.8679,0.209888
"Dec 10, 08:00 pm",0,0.209888
"Dec 10, 09:00 pm",0,0.209888
"Dec 10, 10:00 pm",0,0.209888
"Dec 10, 11:00 pm",0,0.209888
"Dec 11, 12:00 am",0,0.209888
"Dec 11, 01:00 am",0,0.209888
"Dec 11, 02:00 am",0,0.209888
"Dec 11, 03:00 am",0,0.209888
"Dec 11, 04:00 am",0,0.209888
"Dec 11, 05:00 am",0,0.209888
"Dec 11, 06:00 am",0,0.209888
"Dec 11, 07:00 am",1133.8,0.794562
"Dec 11, 08:00 am",2592.24,1.25933
"Dec 11, 09:00 am",2591.27,1.25933
"Dec 11, 10:00 am",2590.63,1.25933
"Dec 11, 11:00 am",2590.72,1.25933
"Dec 11, 12:00 pm",2590.74,1.25933
"Dec 11, 01:00 pm",2590.73,1.25933
"Dec 11, 02:00 pm",2590.72,1.25933
"Dec 11, 03:00 pm",2590.7,1.25933
"Dec 11, 04:00 pm",2591.53,1.25933
"Dec 11, 05:00 pm",2593.11,1.25933
"Dec 11, 06:00 pm",1782.67,0.866582
"Dec 11, 07:00 pm",14.106,0.209888
"Dec 11, 08:00 pm",0,0.209888
"Dec 11, 09:00 pm",0,0.209888
"Dec 11, 10:00 pm",0,0.209888
"Dec 11, 11:00 pm",0,0.209888
"Dec 12, 12:00 am",0,0.209888
"Dec 12, 01:00 am",0,0.209888
"Dec 12, 02:00 am",0,0.209888
"Dec 12, 03:00 am",0,0.209888
"Dec 12, 04:00 am",0,0.209888
"Dec 12, 05:00 am",0,0.209888
"Dec 12, 06:00 am",0,0.209888
"Dec 12, 07:00 am",1163.34,0.812997
"Dec 12, 08:00 am",2592.88,1.25933
"Dec 12, 09:00 am",2591.6,1.25933
"Dec 12, 10:00 am",2590.68,1.25933
"Dec 12, 11:00 am",2590.77,1.25933
"Dec 12, 12:00 pm",2590.8,1.25933
"Dec 12, 01:00 pm",2590.88,1.25933
"Dec 12, 02:00 pm",2590.87,1.25933
"Dec 12, 03:00 pm",2590.74,1.25933
"Dec 12, 04:00 pm",2591.72,1.25933
"Dec 12, 05:00 pm",2593.14,1.25933
"Dec 12, 06:00 pm",1848.76,0.898708
"Dec 12, 07:00 pm",14.5219,0.209888
"Dec 12, 08:00 pm",0,0.209888
"Dec 12, 09:00 pm",0,0.209888
"Dec 12, 10:00 pm",0,0.209888
"Dec 12, 11:00 pm",0,0.209888
"Dec 13, 12:00 am",0,0.209888
"Dec 13, 01:00 am",0,0.209888
"Dec 13, 02:00 am",0,0.209888
"Dec 13, 03:00 am",0,0.209888
"Dec 13, 04:00 am",0,0.209888
"Dec 13, 05:00 am",0,0.209888
"Dec 13, 06:00 am",0,0.209888
"Dec 13, 07:00 am",1128.54,0.79018
"Dec 13, 08:00 am",2592.25,1.25933
"Dec 13, 09:00 am",2591.25,1.25933
"Dec 13, 10:00 am",64.896,0.209888
"Dec 13, 11:00 am",109.012,0.209888
"Dec 13, 12:00 pm",24.4503,0.209888
"Dec 13, 01:00 pm",93.1345,0.209888
"Dec 13, 02:00 pm",2589.64,1.25933
"Dec 13, 03:00 pm",2590.7,1.25933
"Dec 13, 04:00 pm",21.2607,0.209888
"Dec 13, 05:00 pm",0,0.209888
"Dec 13, 06:00 pm",0,0.209888
"Dec 13, 07:00 pm",0,0.209888
"Dec 13, 08:00 pm",0,0.209888
"Dec 13, 09:00 pm",0,0.209888
"Dec 13, 10:00 pm",0,0.209888
"Dec 13, 11:00 pm",0,0.209888
"Dec 14, 12:00 am",0,0.209888
"Dec 14, 01:00 am",0,0.209888
"Dec 14, 02:00 am",0,0.209888
"Dec 14, 03:00 am",0,0.209888
"Dec 14, 04:00 am",0,0.209888
"Dec 14, 05:00 am",0,0.209888
"Dec 14, 06:00 am",0,0.209888
"Dec 14, 07:00 am",1130.76,0.793334
"Dec 14, 08:00 am",2592.37,1.25933
"Dec 14, 09:00 am",2591.5,1.25933
"Dec 14, 10:00 am",2590.68,1.25933
"Dec 14, 11:00 am",2590.77,1.25933
"Dec 14, 12:00 pm",2590.8,1.25933
"Dec 14, 01:00 pm",2590.89,1.25933
"Dec 14, 02:00 pm",2590.88,1.25933
"Dec 14, 03:00 pm",2590.87,1.25933
"Dec 14, 04:00 pm",2591.97,1.25933
"Dec 14, 05:00 pm",2593.11,1.25933
"Dec 14, 06:00 pm",1916.88,0.931843
"Dec 14, 07:00 pm",14.4506,0.209888
"Dec 14, 08:00 pm",0,0.209888
"Dec 14, 09:00 pm",0,0.209888
"Dec 14, 10:00 pm",0,0.209888
"Dec 14, 11:00 pm",0,0.209888
"Dec 15, 12:00 am",0,0.209888
"Dec 15, 01:00 am",0,0.209888
"Dec 15, 02:00 am",0,0.209888
"Dec 15, 03:00 am",0,0.209888
"Dec 15, 04:00 am",0,0.209888
"Dec 15, 05:00 am",0,0.209888
"Dec 15, 06:00 am",0,0.209888
"Dec 15, 07:00 am",1139.59,0.797569
"Dec 15, 08:00 am",2592.38,1.25933
"Dec 15, 09:00 am",2591.5,1.25933
"Dec 15, 10:00 am",2590.69,1.25933
"Dec 15, 11:00 am",2590.72,1.25933
"Dec 15, 12:00 pm",2590.85,1.25933
"Dec 15, 01:00 pm",2590.86,1.25933
"Dec 15, 02:00 pm",2590.86,1.25933
"Dec 15, 03:00 pm",2590.84,1.25933
"Dec 15, 04:00 pm",2591.88,1.25933
"Dec 15, 05:00 pm",2593.13,1.25933
"Dec 15, 06:00 pm",1973.5,0.959368
"Dec 15, 07:00 pm",14.5873,0.209888
"Dec 15, 08:00 pm",0,0.209888
"Dec 15, 09:00 pm",0,0.209888
"Dec 15, 10:00 pm",0,0.209888
"Dec 15, 11:00 pm",0,0.209888
"Dec 16, 12:00 am",0,0.209888
"Dec 16, 01:00 am",0,0.209888
"Dec 16, 02:00 am",0,0.209888
"Dec 16, 03:00 am",0,0.209888
"Dec 16, 04:00 am",0,0.209888
"Dec 16, 05:00 am",0,0.209888
"Dec 16, 06:00 am",0,0.209888
"Dec 16, 07:00 am",1132.62,0.793061
"Dec 16, 08:00 am",2592.35,1.25933
"Dec 16, 09:00 am",2591.5,1.25933
"Dec 16, 10:00 am",2590.7,1.25933
"Dec 16, 11:00 am",2590.79,1.25933
"Dec 16, 12:00 pm",2590.82,1.25933
"Dec 16, 01:00 pm",2590.92,1.25933
"Dec 16, 02:00 pm",2590.91,1.25933
"Dec 16, 03:00 pm",2590.79,1.25933
"Dec 16, 04:00 pm",2592.18,1.25933
"Dec 16, 05:00 pm",2593.04,1.25933
"Dec 16, 06:00 pm",2026.03,0.983908
"Dec 16, 07:00 pm",14.9957,0.209888
"Dec 16, 08:00 pm",0,0.209888
"Dec 16, 09:00 pm",0,0.209888
"Dec 16, 10:00 pm",0,0.209888
"Dec 16, 11:00 pm",0,0.209888
"Dec 17, 12:00 am",0,0.209888
"Dec 17, 01:00 am",0,0.209888
"Dec 17, 02:00 am",0,0.209888
"Dec 17, 03:00 am",0,0.209888
"Dec 17, 04:00 am",0,0.209888
"Dec 17, 05:00 am",0,0.209888
"Dec 17, 06:00 am",0,0.209888
"Dec 17, 07:00 am",1147.79,0.803544
"Dec 17, 08:00 am",2592.45,1.25933
"Dec 17, 09:00 am",2591.75,1.25933
"Dec 17, 10:00 am",150.491,0.209888
"Dec 17, 11:00 am",74.4309,0.209888
"Dec 17, 12:00 pm",263.466,0.209888
"Dec 17, 01:00 pm",317.073,0.209888
"Dec 17, 02:00 pm",2589.74,1.25933
"Dec 17, 03:00 pm",2590.73,1.25933
"Dec 17, 04:00 pm",2592.04,1.25933
"Dec 17, 05:00 pm",2593.04,1.25933
"Dec 17, 06:00 pm",2054.06,0.99769
"Dec 17, 07:00 pm",14.7214,0.209888
"Dec 17, 08:00 pm",0,0.209888
"Dec 17, 09:00 pm",0,0.209888
"Dec 17, 10:00 pm",0,0.209888
"Dec 17, 11:00 pm",0,0.209888
"Dec 18, 12:00 am",0,0.209888
"Dec 18, 01:00 am",0,0.209888
"Dec 18, 02:00 am",0,0.209888
"Dec 18, 03:00 am",0,0.209888
"Dec 18, 04:00 am",0,0.209888
"Dec 18, 05:00 am",0,0.209888
"Dec 18, 06:00 am",0,0.209888
"Dec 18, 07:00 am",1112.82,0.780545
"Dec 18, 08:00 am",2592.22,1.25933
"Dec 18, 09:00 am",2591.34,1.25933
"Dec 18, 10:00 am",2590.65,1.25933
"Dec 18, 11:00 am",2590.68,1.25933
"Dec 18, 12:00 pm",2590.8,1.25933
"Dec 18, 01:00 pm",2590.81,1.25933
"Dec 18, 02:00 pm",2590.8,1.25933
"Dec 18, 03:00 pm",2590.79,1.25933
"Dec 18, 04:00 pm",2591.78,1.25933
"Dec 18, 05:00 pm",2593.09,1.25933
"Dec 18, 06:00 pm",2065.27,1.00319
"Dec 18, 07:00 pm",14.5778,0.209888
"Dec 18, 08:00 pm",0,0.209888
"Dec 18, 09:00 pm",0,0.209888
"Dec 18, 10:00 pm",0,0.209888
"Dec 18, 11:00 pm",0,0.209888
"Dec 19, 12:00 am",0,0.209888
"Dec 19, 01:00 am",0,0.209888
"Dec 19, 02:00 am",0,0.209888
"Dec 19, 03:00 am",0,0.209888
"Dec 19, 04:00 am",0,0.209888
"Dec 19, 05:00 am",0,0.209888
"Dec 19, 06:00 am",0,0.209888
"Dec 19, 07:00 am",901.118,0.538321
"Dec 19, 08:00 am",17.2154,0.209888
"Dec 19, 09:00 am",0,0.209888
"Dec 19, 10:00 am",0,0.209888
"Dec 19, 11:00 am",45.3047,0.209888
"Dec 19, 12:00 pm",23.8914,0.209888
"Dec 19, 01:00 pm",18.0152,0.209888
"Dec 19, 02:00 pm",0,0.209888
"Dec 19, 03:00 pm",0,0.209888
"Dec 19, 04:00 pm",0,0.209888
"Dec 19, 05:00 pm",0,0.209888
"Dec 19, 06:00 pm",0,0.209888
"Dec 19, 07:00 pm",0,0.209888
"Dec 19, 08:00 pm",0,0.209888
"Dec 19, 09:00 pm",0,0.209888
"Dec 19, 10:00 pm",0,0.209888
"Dec 19, 11:00 pm",0,0.209888
"Dec 20, 12:00 am",0,0.209888
"Dec 20, 01:00 am",0,0.209888
"Dec 20, 02:00 am",0,0.209888
"Dec 20, 03:00 am",0,0.209888
"Dec 20, 04:00 am",0,0.209888
"Dec 20, 05:00 am",0,0.209888
"Dec 20, 06:00 am",0,0.209888
"Dec 20, 07:00 am",1135.45,0.622415
"Dec 20, 08:00 am",2592.44,1.25933
"Dec 20, 09:00 am",2591.95,1.25933
"Dec 20, 10:00 am",2590.7,1.25933
"Dec 20, 11:00 am",2590.82,1.25933
"Dec 20, 12:00 pm",2590.85,1.25933
"Dec 20, 01:00 pm",2590.95,1.25933
"Dec 20, 02:00 pm",2590.94,1.25933
"Dec 20, 03:00 pm",2590.79,1.25933
"Dec 20, 04:00 pm",2592.73,1.25933
"Dec 20, 05:00 pm",2592.5,1.25933
"Dec 20, 06:00 pm",2204.27,1.07162
"Dec 20, 07:00 pm",14.5662,0.209888
"Dec 20, 08:00 pm",0,0.209888
"Dec 20, 09:00 pm",0,0.209888
"Dec 20, 10:00 pm",0,0.209888
"Dec 20, 11:00 pm",0,0.209888
"Dec 21, 12:00 am",0,0.209888
"Dec 21, 01:00 am",0,0.209888
"Dec 21, 02:00 am",0,0.209888
"Dec 21, 03:00 am",0,0.209888
"Dec 21, 04:00 am",0,0.209888
"Dec 21, 05:00 am",0,0.209888
"Dec 21, 06:00 am",0,0.209888
"Dec 21, 07:00 am",1146.37,0.8032
"Dec 21, 08:00 am",2592.53,1.25933
"Dec 21, 09:00 am",2592.06,1.25933
"Dec 21, 10:00 am",2590.7,1.25933
"Dec 21, 11:00 am",2590.81,1.25933
"Dec 21, 12:00 pm",2590.83,1.25933
"Dec 21, 01:00 pm",2590.92,1.25933
"Dec 21, 02:00 pm",2590.91,1.25933
"Dec 21, 03:00 pm",2590.76,1.25933
"Dec 21, 04:00 pm",2592.44,1.25933
"Dec 21, 05:00 pm",2592.66,1.25933
"Dec 21, 06:00 pm",2218.5,1.07859
"Dec 21, 07:00 pm",14.6286,0.209888
"Dec 21, 08:00 pm",0,0.209888
"Dec 21, 09:00 pm",0,0.209888
"Dec 21, 10:00 pm",0,0.209888
"Dec 21, 11:00 pm",0,0.209888
"Dec 22, 12:00 am",0,0.209888
"Dec 22, 01:00 am",0,0.209888
"Dec 22, 02:00 am",0,0.209888
"Dec 22, 03:00 am",0,0.209888
"Dec 22, 04:00 am",0,0.209888
"Dec 22, 05:00 am",0,0.209888
"Dec 22, 06:00 am",0,0.209888
"Dec 22, 07:00 am",1075.52,0.593227
"Dec 22, 08:00 am",2591.96,1.25933
"Dec 22, 09:00 am",2591.21,1.25933
"Dec 22, 10:00 am",2590.62,1.25933
"Dec 22, 11:00 am",2590.71,1.25933
"Dec 22, 12:00 pm",2590.74,1.25933
"Dec 22, 01:00 pm",2590.84,1.25933
"Dec 22, 02:00 pm",2590.85,1.25933
"Dec 22, 03:00 pm",2590.84,1.25933
"Dec 22, 04:00 pm",2592.23,1.25933
"Dec 22, 05:00 pm",2592.75,1.25933
"Dec 22, 06:00 pm",2227.63,1.08307
"Dec 22, 07:00 pm",14.5043,0.209888
"Dec 22, 08:00 pm",0,0.209888
"Dec 22, 09:00 pm",0,0.209888
"Dec 22, 10:00 pm",0,0.209888
"Dec 22, 11:00 pm",0,0.209888
"Dec 23, 12:00 am",0,0.209888
"Dec 23, 01:00 am",0,0.209888
"Dec 23, 02:00 am",0,0.209888
"Dec 23, 03:00 am",0,0.209888
"Dec 23, 04:00 am",0,0.209888
"Dec 23, 05:00 am",0,0.209888
"Dec 23, 06:00 am",0,0.209888
"Dec 23, 07:00 am",1078.52,0.594691
"Dec 23, 08:00 am",2592.04,1.25933
"Dec 23, 09:00 am",2591.38,1.25933
"Dec 23, 10:00 am",2590.64,1.25933
"Dec 23, 11:00 am",2590.75,1.25933
"Dec 23, 12:00 pm",2590.76,1.25933
"Dec 23, 01:00 pm",2590.87,1.25933
"Dec 23, 02:00 pm",2590.86,1.25933
"Dec 23, 03:00 pm",2590.72,1.25933
"Dec 23, 04:00 pm",2592.33,1.25933
"Dec 23, 05:00 pm",2592.62,1.25933
"Dec 23, 06:00 pm",2256.34,1.09716
"Dec 23, 07:00 pm",14.3824,0.209888
"Dec 23, 08:00 pm",0,0.209888
"Dec 23, 09:00 pm",0,0.209888
"Dec 23, 10:00 pm",0,0.209888
"Dec 23, 11:00 pm",0,0.209888
"Dec 24, 12:00 am",0,0.209888
"Dec 24, 01:00 am",0,0.209888
"Dec 24, 02:00 am",0,0.209888
"Dec 24, 03:00 am",0,0.209888
"Dec 24, 04:00 am",0,0.209888
"Dec 24, 05:00 am",0,0.209888
"Dec 24, 06:00 am",0,0.209888
"Dec 24, 07:00 am",1092.79,0.601636
"Dec 24, 08:00 am",2592.21,1.25933
"Dec 24, 09:00 am",2591.6,1.25933
"Dec 24, 10:00 am",2590.68,1.25933
"Dec 24, 11:00 am",2590.78,1.25933
"Dec 24, 12:00 pm",2590.8,1.25933
"Dec 24, 01:00 pm",2590.9,1.25933
"Dec 24, 02:00 pm",2590.9,1.25933
"Dec 24, 03:00 pm",2590.76,1.25933
"Dec 24, 04:00 pm",2592.43,1.25933
"Dec 24, 05:00 pm",2592.44,1.25933
"Dec 24, 06:00 pm",2293.09,1.11495
"Dec 24, 07:00 pm",14.6907,0.209888
"Dec 24, 08:00 pm",0,0.209888
"Dec 24, 09:00 pm",0,0.209888
"Dec 24, 10:00 pm",0,0.209888
"Dec 24, 11:00 pm",0,0.209888
"Dec 25, 12:00 am",0,0.209888
"Dec 25, 01:00 am",0,0.209888
"Dec 25, 02:00 am",0,0.209888
"Dec 25, 03:00 am",0,0.209888
"Dec 25, 04:00 am",0,0.209888
"Dec 25, 05:00 am",0,0.209888
"Dec 25, 06:00 am",0,0.209888
"Dec 25, 07:00 am",967.698,0.567026
"Dec 25, 08:00 am",2592.46,1.25933
"Dec 25, 09:00 am",2591.22,1.25933
"Dec 25, 10:00 am",2590.67,1.25933
"Dec 25, 11:00 am",2590.69,1.25933
"Dec 25, 12:00 pm",2590.82,1.25933
"Dec 25, 01:00 pm",2590.83,1.25933
"Dec 25, 02:00 pm",2590.82,1.25933
"Dec 25, 03:00 pm",2590.8,1.25933
"Dec 25, 04:00 pm",2591.92,1.25933
"Dec 25, 05:00 pm",2592.94,1.25933
"Dec 25, 06:00 pm",2273.15,1.10524
"Dec 25, 07:00 pm",14.5681,0.209888
"Dec 25, 08:00 pm",0,0.209888
"Dec 25, 09:00 pm",0,0.209888
"Dec 25, 10:00 pm",0,0.209888
"Dec 25, 11:00 pm",0,0.209888
"Dec 26, 12:00 am",0,0.209888
"Dec 26, 01:00 am",0,0.209888
"Dec 26, 02:00 am",0,0.209888
"Dec 26, 03:00 am",0,0.209888
"Dec 26, 04:00 am",0,0.209888
"Dec 26, 05:00 am",0,0.209888
"Dec 26, 06:00 am",0,0.209888
"Dec 26, 07:00 am",924.051,0.547159
"Dec 26, 08:00 am",2592.13,1.25933
"Dec 26, 09:00 am",2591.15,1.25933
"Dec 26, 10:00 am",2590.65,1.25933
"Dec 26, 11:00 am",2590.68,1.25933
"Dec 26, 12:00 pm",2590.82,1.25933
"Dec 26, 01:00 pm",2590.83,1.25933
"Dec 26, 02:00 pm",2590.82,1.25933
"Dec 26, 03:00 pm",2590.82,1.25933
"Dec 26, 04:00 pm",2592.18,1.25933
"Dec 26, 05:00 pm",2592.77,1.25933
"Dec 26, 06:00 pm",2306.48,1.12139
"Dec 26, 07:00 pm",14.841,0.209888
"Dec 26, 08:00 pm",0,0.209888
"Dec 26, 09:00 pm",0,0.209888
"Dec 26, 10:00 pm",0,0.209888
"Dec 26, 11:00 pm",0,0.209888
"Dec 27, 12:00 am",0,0.209888
"Dec 27, 01:00 am",0,0.209888
"Dec 27, 02:00 am",0,0.209888
"Dec 27, 03:00 am",0,0.209888
"Dec 27, 04:00 am",0,0.209888
"Dec 27, 05:00 am",0,0.209888
"Dec 27, 06:00 am",0,0.209888
"Dec 27, 07:00 am",930.368,0.549603
"Dec 27, 08:00 am",2592.09,1.25933
"Dec 27, 09:00 am",2591.16,1.25933
"Dec 27, 10:00 am",2590.66,1.25933
"Dec 27, 11:00 am",2590.68,1.25933
"Dec 27, 12:00 pm",2590.8,1.25933
"Dec 27, 01:00 pm",2590.8,1.25933
"Dec 27, 02:00 pm",359.503,0.209888
"Dec 27, 03:00 pm",80.3359,0.209888
"Dec 27, 04:00 pm",19.1798,0.209888
"Dec 27, 05:00 pm",0,0.209888
"Dec 27, 06:00 pm",0,0.209888
"Dec 27, 07:00 pm",0,0.209888
"Dec 27, 08:00 pm",0,0.209888
"Dec 27, 09:00 pm",0,0.209888
"Dec 27, 10:00 pm",0,0.209888
"Dec 27, 11:00 pm",0,0.209888
"Dec 28, 12:00 am",0,0.209888
"Dec 28, 01:00 am",0,0.209888
"Dec 28, 02:00 am",0,0.209888
"Dec 28, 03:00 am",0,0.209888
"Dec 28, 04:00 am",0,0.209888
"Dec 28, 05:00 am",0,0.209888
"Dec 28, 06:00 am",0,0.209888
"Dec 28, 07:00 am",846.433,0.511889
"Dec 28, 08:00 am",2591.97,1.25933
"Dec 28, 09:00 am",2591.11,1.25933
"Dec 28, 10:00 am",2590.6,1.25933
"Dec 28, 11:00 am",2590.63,1.25933
"Dec 28, 12:00 pm",2590.76,1.25933
"Dec 28, 01:00 pm",370.378,0.209888
"Dec 28, 02:00 pm",246.499,0.209888
"Dec 28, 03:00 pm",48.5811,0.209888
"Dec 28, 04:00 pm",18.1615,0.209888
"Dec 28, 05:00 pm",0,0.209888
"Dec 28, 06:00 pm",0,0.209888
"Dec 28, 07:00 pm",0,0.209888
"Dec 28, 08:00 pm",0,0.209888
"Dec 28, 09:00 pm",0,0.209888
"Dec 28, 10:00 pm",0,0.209888
"Dec 28, 11:00 pm",0,0.209888
"Dec 29, 12:00 am",0,0.209888
"Dec 29, 01:00 am",0,0.209888
"Dec 29, 02:00 am",0,0.209888
"Dec 29, 03:00 am",0,0.209888
"Dec 29, 04:00 am",0,0.209888
"Dec 29, 05:00 am",0,0.209888
"Dec 29, 06:00 am",0,0.209888
"Dec 29, 07:00 am",753.381,0.47144
"Dec 29, 08:00 am",16.9516,0.209888
"Dec 29, 09:00 am",0,0.209888
"Dec 29, 10:00 am",0,0.209888
"Dec 29, 11:00 am",139.358,0.209888
"Dec 29, 12:00 pm",2589.7,1.25933
"Dec 29, 01:00 pm",2590.8,1.25933
"Dec 29, 02:00 pm",2590.8,1.25933
"Dec 29, 03:00 pm",2590.79,1.25933
"Dec 29, 04:00 pm",2592.01,1.25933
"Dec 29, 05:00 pm",2592.75,1.25933
"Dec 29, 06:00 pm",2321.06,1.12847
"Dec 29, 07:00 pm",15.6039,0.209888
"Dec 29, 08:00 pm",0,0.209888
"Dec 29, 09:00 pm",0,0.209888
"Dec 29, 10:00 pm",0,0.209888
"Dec 29, 11:00 pm",0,0.209888
"Dec 30, 12:00 am",0,0.209888
"Dec 30, 01:00 am",0,0.209888
"Dec 30, 02:00 am",0,0.209888
"Dec 30, 03:00 am",0,0.209888
"Dec 30, 04:00 am",0,0.209888
"Dec 30, 05:00 am",0,0.209888
"Dec 30, 06:00 am",0,0.209888
"Dec 30, 07:00 am",737.133,0.462726
"Dec 30, 08:00 am",2591.3,1.25933
"Dec 30, 09:00 am",2590.97,1.25933
"Dec 30, 10:00 am",2593.53,1.25933
"Dec 30, 11:00 am",2591,1.25933
"Dec 30, 12:00 pm",2590.7,1.25933
"Dec 30, 01:00 pm",2590.82,1.25933
"Dec 30, 02:00 pm",2590.83,1.25933
"Dec 30, 03:00 pm",2590.82,1.25933
"Dec 30, 04:00 pm",2591.98,1.25933
"Dec 30, 05:00 pm",2592.81,1.25933
"Dec 30, 06:00 pm",2323.75,1.12976
"Dec 30, 07:00 pm",16.0496,0.209888
"Dec 30, 08:00 pm",0,0.209888
"Dec 30, 09:00 pm",0,0.209888
"Dec 30, 10:00 pm",0,0.209888
"Dec 30, 11:00 pm",0,0.209888
"Dec 31, 12:00 am",0,0.209888
"Dec 31, 01:00 am",0,0.209888
"Dec 31, 02:00 am",0,0.209888
"Dec 31, 03:00 am",0,0.209888
"Dec 31, 04:00 am",0,0.209888
"Dec 31, 05:00 am",0,0.209888
"Dec 31, 06:00 am",0,0.209888
"Dec 31, 07:00 am",708.377,0.449486
"Dec 31, 08:00 am",2591.13,1.25933
"Dec 31, 09:00 am",2590.8,1.25933
"Dec 31, 10:00 am",2593.09,1.25933
"Dec 31, 11:00 am",2590.86,1.25933
"Dec 31, 12:00 pm",2590.68,1.25933
"Dec 31, 01:00 pm",2590.69,1.25933
"Dec 31, 02:00 pm",2590.68,1.25933
"Dec 31, 03:00 pm",2590.67,1.25933
"Dec 31, 04:00 pm",2591.69,1.25933
"Dec 31, 05:00 pm",2592.94,1.25933
"Dec 31, 06:00 pm",2304.14,1.12026
"Dec 31, 07:00 pm",16.154,0.209888
"Dec 31, 08:00 pm",0,0.209888
"Dec 31, 09:00 pm",0,0.209888
"Dec 31, 10:00 pm",0,0.209888
"Dec 31, 11:00 pm",0,0.209888
