"Time stamp","System net thermal power w/ avail. derate | (kWt)","Field total mass flow rate | (kg/s)"
"Jan 1, 12:00 am",0,0.23616
"Jan 1, 01:00 am",0,0.23616
"Jan 1, 02:00 am",0,0.23616
"Jan 1, 03:00 am",0,0.23616
"Jan 1, 04:00 am",0,0.23616
"Jan 1, 05:00 am",0,0.23616
"Jan 1, 06:00 am",0,0.23616
"Jan 1, 07:00 am",876.219,0.539998
"Jan 1, 08:00 am",2915.18,1.41696
"Jan 1, 09:00 am",2915.19,1.41696
"Jan 1, 10:00 am",2917.91,1.41696
"Jan 1, 11:00 am",2915.22,1.41696
"Jan 1, 12:00 pm",2914.99,1.41696
"Jan 1, 01:00 pm",2915.07,1.41696
"Jan 1, 02:00 pm",2915.06,1.41696
"Jan 1, 03:00 pm",2915.05,1.41696
"Jan 1, 04:00 pm",2916.32,1.41696
"Jan 1, 05:00 pm",2916.86,1.41696
"Jan 1, 06:00 pm",2627.39,1.27758
"Jan 1, 07:00 pm",18.7233,0.23616
"Jan 1, 08:00 pm",0,0.23616
"Jan 1, 09:00 pm",0,0.23616
"Jan 1, 10:00 pm",0,0.23616
"Jan 1, 11:00 pm",0,0.23616
"Jan 2, 12:00 am",0,0.23616
"Jan 2, 01:00 am",0,0.23616
"Jan 2, 02:00 am",0,0.23616
"Jan 2, 03:00 am",0,0.23616
"Jan 2, 04:00 am",0,0.23616
"Jan 2, 05:00 am",0,0.23616
"Jan 2, 06:00 am",0,0.23616
"Jan 2, 07:00 am",794.921,0.504657
"Jan 2, 08:00 am",2915.37,1.41696
"Jan 2, 09:00 am",2915.2,1.41696
"Jan 2, 10:00 am",2918.1,1.41696
"Jan 2, 11:00 am",2915.27,1.41696
"Jan 2, 12:00 pm",2914.99,1.41696
"Jan 2, 01:00 pm",2915.1,1.41696
"Jan 2, 02:00 pm",2915.09,1.41696
"Jan 2, 03:00 pm",2915.08,1.41696
"Jan 2, 04:00 pm",2916.81,1.41696
"Jan 2, 05:00 pm",2916.15,1.41696
"Jan 2, 06:00 pm",2685.48,1.30568
"Jan 2, 07:00 pm",18.9616,0.23616
"Jan 2, 08:00 pm",0,0.23616
"Jan 2, 09:00 pm",0,0.23616
"Jan 2, 10:00 pm",0,0.23616
"Jan 2, 11:00 pm",0,0.23616
"Jan 3, 12:00 am",0,0.23616
"Jan 3, 01:00 am",0,0.23616
"Jan 3, 02:00 am",0,0.23616
"Jan 3, 03:00 am",0,0.23616
"Jan 3, 04:00 am",0,0.23616
"Jan 3, 05:00 am",0,0.23616
"Jan 3, 06:00 am",0,0.23616
"Jan 3, 07:00 am",804.083,0.509112
"Jan 3, 08:00 am",2915.54,1.41696
"Jan 3, 09:00 am",2915.33,1.41696
"Jan 3, 10:00 am",2914.93,1.41696
"Jan 3, 11:00 am",2914.97,1.41696
"Jan 3, 12:00 pm",2914.99,1.41696
"Jan 3, 01:00 pm",2915.11,1.41696
"Jan 3, 02:00 pm",2915.1,1.41696
"Jan 3, 03:00 pm",2915.09,1.41696
"Jan 3, 04:00 pm",2916.54,1.41696
"Jan 3, 05:00 pm",2916.52,1.41696
"Jan 3, 06:00 pm",2685.46,1.30566
"Jan 3, 07:00 pm",19.4337,0.23616
"Jan 3, 08:00 pm",0,0.23616
"Jan 3, 09:00 pm",0,0.23616
"Jan 3, 10:00 pm",0,0.23616
"Jan 3, 11:00 pm",0,0.23616
"Jan 4, 12:00 am",0,0.23616
"Jan 4, 01:00 am",0,0.23616
"Jan 4, 02:00 am",0,0.23616
"Jan 4, 03:00 am",0,0.23616
"Jan 4, 04:00 am",0,0.23616
"Jan 4, 05:00 am",0,0.23616
"Jan 4, 06:00 am",0,0.23616
"Jan 4, 07:00 am",779.635,0.497446
"Jan 4, 08:00 am",2915.01,1.41696
"Jan 4, 09:00 am",2915.26,1.41696
"Jan 4, 10:00 am",2918.34,1.41696
"Jan 4, 11:00 am",2915.37,1.41696
"Jan 4, 12:00 pm",2915.05,1.41696
"Jan 4, 01:00 pm",2915.15,1.41696
"Jan 4, 02:00 pm",2915.14,1.41696
"Jan 4, 03:00 pm",2915.13,1.41696
"Jan 4, 04:00 pm",2916.71,1.41696
"Jan 4, 05:00 pm",2916.44,1.41696
"Jan 4, 06:00 pm",2688.17,1.30695
"Jan 4, 07:00 pm",19.9,0.23616
"Jan 4, 08:00 pm",0,0.23616
"Jan 4, 09:00 pm",0,0.23616
"Jan 4, 10:00 pm",0,0.23616
"Jan 4, 11:00 pm",0,0.23616
"Jan 5, 12:00 am",0,0.23616
"Jan 5, 01:00 am",0,0.23616
"Jan 5, 02:00 am",0,0.23616
"Jan 5, 03:00 am",0,0.23616
"Jan 5, 04:00 am",0,0.23616
"Jan 5, 05:00 am",0,0.23616
"Jan 5, 06:00 am",0,0.23616
"Jan 5, 07:00 am",751.645,0.484606
"Jan 5, 08:00 am",2914.95,1.41696
"Jan 5, 09:00 am",2915.23,1.41696
"Jan 5, 10:00 am",2918.18,1.41696
"Jan 5, 11:00 am",2915.33,1.41696
"Jan 5, 12:00 pm",2915.03,1.41696
"Jan 5, 01:00 pm",2915.05,1.41696
"Jan 5, 02:00 pm",2915.03,1.41696
"Jan 5, 03:00 pm",2915.02,1.41696
"Jan 5, 04:00 pm",2916.53,1.41696
"Jan 5, 05:00 pm",2916.53,1.41696
"Jan 5, 06:00 pm",2690.21,1.30795
"Jan 5, 07:00 pm",19.9376,0.23616
"Jan 5, 08:00 pm",0,0.23616
"Jan 5, 09:00 pm",0,0.23616
"Jan 5, 10:00 pm",0,0.23616
"Jan 5, 11:00 pm",0,0.23616
"Jan 6, 12:00 am",0,0.23616
"Jan 6, 01:00 am",0,0.23616
"Jan 6, 02:00 am",0,0.23616
"Jan 6, 03:00 am",0,0.23616
"Jan 6, 04:00 am",0,0.23616
"Jan 6, 05:00 am",0,0.23616
"Jan 6, 06:00 am",0,0.23616
"Jan 6, 07:00 am",507.323,0.475707
"Jan 6, 08:00 am",2914.79,1.41696
"Jan 6, 09:00 am",2915.08,1.41696
"Jan 6, 10:00 am",2917.56,1.41696
"Jan 6, 11:00 am",2915.12,1.41696
"Jan 6, 12:00 pm",2914.97,1.41696
"Jan 6, 01:00 pm",2914.97,1.41696
"Jan 6, 02:00 pm",2914.96,1.41696
"Jan 6, 03:00 pm",2914.95,1.41696
"Jan 6, 04:00 pm",2915.94,1.41696
"Jan 6, 05:00 pm",2917.1,1.41696
"Jan 6, 06:00 pm",2625.07,1.27644
"Jan 6, 07:00 pm",19.7621,0.23616
"Jan 6, 08:00 pm",0,0.23616
"Jan 6, 09:00 pm",0,0.23616
"Jan 6, 10:00 pm",0,0.23616
"Jan 6, 11:00 pm",0,0.23616
"Jan 7, 12:00 am",0,0.23616
"Jan 7, 01:00 am",0,0.23616
"Jan 7, 02:00 am",0,0.23616
"Jan 7, 03:00 am",0,0.23616
"Jan 7, 04:00 am",0,0.23616
"Jan 7, 05:00 am",0,0.23616
"Jan 7, 06:00 am",0,0.23616
"Jan 7, 07:00 am",236.251,0.378044
"Jan 7, 08:00 am",2914.55,1.41696
"Jan 7, 09:00 am",2914.94,1.41696
"Jan 7, 10:00 am",2916.93,1.41696
"Jan 7, 11:00 am",2914.94,1.41696
"Jan 7, 12:00 pm",2914.95,1.41696
"Jan 7, 01:00 pm",2915.02,1.41696
"Jan 7, 02:00 pm",2915.01,1.41696
"Jan 7, 03:00 pm",2915,1.41696
"Jan 7, 04:00 pm",2915.93,1.41696
"Jan 7, 05:00 pm",2917.06,1.41696
"Jan 7, 06:00 pm",2611.6,1.26994
"Jan 7, 07:00 pm",19.7066,0.23616
"Jan 7, 08:00 pm",0,0.23616
"Jan 7, 09:00 pm",0,0.23616
"Jan 7, 10:00 pm",0,0.23616
"Jan 7, 11:00 pm",0,0.23616
"Jan 8, 12:00 am",0,0.23616
"Jan 8, 01:00 am",0,0.23616
"Jan 8, 02:00 am",0,0.23616
"Jan 8, 03:00 am",0,0.23616
"Jan 8, 04:00 am",0,0.23616
"Jan 8, 05:00 am",0,0.23616
"Jan 8, 06:00 am",0,0.23616
"Jan 8, 07:00 am",245.119,0.385265
"Jan 8, 08:00 am",2914.73,1.41696
"Jan 8, 09:00 am",2915.1,1.41696
"Jan 8, 10:00 am",2917.98,1.41696
"Jan 8, 11:00 am",2915.27,1.41696
"Jan 8, 12:00 pm",2915.03,1.41696
"Jan 8, 01:00 pm",2915.04,1.41696
"Jan 8, 02:00 pm",2915.06,1.41696
"Jan 8, 03:00 pm",2915.05,1.41696
"Jan 8, 04:00 pm",2916.68,1.41696
"Jan 8, 05:00 pm",2916.43,1.41696
"Jan 8, 06:00 pm",2681.98,1.30396
"Jan 8, 07:00 pm",20.272,0.23616
"Jan 8, 08:00 pm",0,0.23616
"Jan 8, 09:00 pm",0,0.23616
"Jan 8, 10:00 pm",0,0.23616
"Jan 8, 11:00 pm",0,0.23616
"Jan 9, 12:00 am",0,0.23616
"Jan 9, 01:00 am",0,0.23616
"Jan 9, 02:00 am",0,0.23616
"Jan 9, 03:00 am",0,0.23616
"Jan 9, 04:00 am",0,0.23616
"Jan 9, 05:00 am",0,0.23616
"Jan 9, 06:00 am",0,0.23616
"Jan 9, 07:00 am",503.396,0.473309
"Jan 9, 08:00 am",2915.09,1.41696
"Jan 9, 09:00 am",2915.25,1.41696
"Jan 9, 10:00 am",2914.92,1.41696
"Jan 9, 11:00 am",2914.94,1.41696
"Jan 9, 12:00 pm",2914.95,1.41696
"Jan 9, 01:00 pm",2915.09,1.41696
"Jan 9, 02:00 pm",2915.08,1.41696
"Jan 9, 03:00 pm",2915.07,1.41696
"Jan 9, 04:00 pm",2916.62,1.41696
"Jan 9, 05:00 pm",2916.39,1.41696
"Jan 9, 06:00 pm",2708.17,1.31667
"Jan 9, 07:00 pm",20.0503,0.23616
"Jan 9, 08:00 pm",0,0.23616
"Jan 9, 09:00 pm",0,0.23616
"Jan 9, 10:00 pm",0,0.23616
"Jan 9, 11:00 pm",0,0.23616
"Jan 10, 12:00 am",0,0.23616
"Jan 10, 01:00 am",0,0.23616
"Jan 10, 02:00 am",0,0.23616
"Jan 10, 03:00 am",0,0.23616
"Jan 10, 04:00 am",0,0.23616
"Jan 10, 05:00 am",0,0.23616
"Jan 10, 06:00 am",0,0.23616
"Jan 10, 07:00 am",238.121,0.381598
"Jan 10, 08:00 am",2914.64,1.41696
"Jan 10, 09:00 am",2915.13,1.41696
"Jan 10, 10:00 am",2914.89,1.41696
"Jan 10, 11:00 am",2914.98,1.41696
"Jan 10, 12:00 pm",2915,1.41696
"Jan 10, 01:00 pm",2915.1,1.41696
"Jan 10, 02:00 pm",2915.09,1.41696
"Jan 10, 03:00 pm",2915.08,1.41696
"Jan 10, 04:00 pm",2916.71,1.41696
"Jan 10, 05:00 pm",2916.3,1.41696
"Jan 10, 06:00 pm",2715.39,1.32016
"Jan 10, 07:00 pm",20.1068,0.23616
"Jan 10, 08:00 pm",0,0.23616
"Jan 10, 09:00 pm",0,0.23616
"Jan 10, 10:00 pm",0,0.23616
"Jan 10, 11:00 pm",0,0.23616
"Jan 11, 12:00 am",0,0.23616
"Jan 11, 01:00 am",0,0.23616
"Jan 11, 02:00 am",0,0.23616
"Jan 11, 03:00 am",0,0.23616
"Jan 11, 04:00 am",0,0.23616
"Jan 11, 05:00 am",0,0.23616
"Jan 11, 06:00 am",0,0.23616
"Jan 11, 07:00 am",231.12,0.377356
"Jan 11, 08:00 am",2914.54,1.41696
"Jan 11, 09:00 am",2915.15,1.41696
"Jan 11, 10:00 am",2914.91,1.41696
"Jan 11, 11:00 am",2914.94,1.41696
"Jan 11, 12:00 pm",2915.07,1.41696
"Jan 11, 01:00 pm",2915.09,1.41696
"Jan 11, 02:00 pm",2915.08,1.41696
"Jan 11, 03:00 pm",2915.08,1.41696
"Jan 11, 04:00 pm",2917.04,1.41696
"Jan 11, 05:00 pm",2915.69,1.41696
"Jan 11, 06:00 pm",2740.25,1.33219
"Jan 11, 07:00 pm",20.2976,0.23616
"Jan 11, 08:00 pm",0,0.23616
"Jan 11, 09:00 pm",0,0.23616
"Jan 11, 10:00 pm",0,0.23616
"Jan 11, 11:00 pm",0,0.23616
"Jan 12, 12:00 am",0,0.23616
"Jan 12, 01:00 am",0,0.23616
"Jan 12, 02:00 am",0,0.23616
"Jan 12, 03:00 am",0,0.23616
"Jan 12, 04:00 am",0,0.23616
"Jan 12, 05:00 am",0,0.23616
"Jan 12, 06:00 am",0,0.23616
"Jan 12, 07:00 am",0,0.361586
"Jan 12, 08:00 am",2914.37,1.41696
"Jan 12, 09:00 am",2915.03,1.41696
"Jan 12, 10:00 am",2917.53,1.41696
"Jan 12, 11:00 am",2915.17,1.41696
"Jan 12, 12:00 pm",2915.05,1.41696
"Jan 12, 01:00 pm",2915.06,1.41696
"Jan 12, 02:00 pm",2915.05,1.41696
"Jan 12, 03:00 pm",2915.04,1.41696
"Jan 12, 04:00 pm",2916.65,1.41696
"Jan 12, 05:00 pm",2916.36,1.41696
"Jan 12, 06:00 pm",2729.43,1.32694
"Jan 12, 07:00 pm",20.255,0.23616
"Jan 12, 08:00 pm",0,0.23616
"Jan 12, 09:00 pm",0,0.23616
"Jan 12, 10:00 pm",0,0.23616
"Jan 12, 11:00 pm",0,0.23616
"Jan 13, 12:00 am",0,0.23616
"Jan 13, 01:00 am",0,0.23616
"Jan 13, 02:00 am",0,0.23616
"Jan 13, 03:00 am",0,0.23616
"Jan 13, 04:00 am",0,0.23616
"Jan 13, 05:00 am",0,0.23616
"Jan 13, 06:00 am",0,0.23616
"Jan 13, 07:00 am",0,0.357743
"Jan 13, 08:00 am",2913.04,1.41696
"Jan 13, 09:00 am",2914.93,1.41696
"Jan 13, 10:00 am",2917.33,1.41696
"Jan 13, 11:00 am",2915.09,1.41696
"Jan 13, 12:00 pm",2915.01,1.41696
"Jan 13, 01:00 pm",2915,1.41696
"Jan 13, 02:00 pm",2914.99,1.41696
"Jan 13, 03:00 pm",2914.97,1.41696
"Jan 13, 04:00 pm",2916.28,1.41696
"Jan 13, 05:00 pm",2916.81,1.41696
"Jan 13, 06:00 pm",2680.02,1.30303
"Jan 13, 07:00 pm",19.6674,0.23616
"Jan 13, 08:00 pm",0,0.23616
"Jan 13, 09:00 pm",0,0.23616
"Jan 13, 10:00 pm",0,0.23616
"Jan 13, 11:00 pm",0,0.23616
"Jan 14, 12:00 am",0,0.23616
"Jan 14, 01:00 am",0,0.23616
"Jan 14, 02:00 am",0,0.23616
"Jan 14, 03:00 am",0,0.23616
"Jan 14, 04:00 am",0,0.23616
"Jan 14, 05:00 am",0,0.23616
"Jan 14, 06:00 am",0,0.23616
"Jan 14, 07:00 am",0,0.355294
"Jan 14, 08:00 am",2911.94,1.41696
"Jan 14, 09:00 am",2914.9,1.41696
"Jan 14, 10:00 am",2917.33,1.41696
"Jan 14, 11:00 am",2915.08,1.41696
"Jan 14, 12:00 pm",2915,1.41696
"Jan 14, 01:00 pm",2914.99,1.41696
"Jan 14, 02:00 pm",2914.98,1.41696
"Jan 14, 03:00 pm",2914.96,1.41696
"Jan 14, 04:00 pm",2916.15,1.41696
"Jan 14, 05:00 pm",2916.91,1.41696
"Jan 14, 06:00 pm",2654.26,1.29057
"Jan 14, 07:00 pm",19.3681,0.23616
"Jan 14, 08:00 pm",0,0.23616
"Jan 14, 09:00 pm",0,0.23616
"Jan 14, 10:00 pm",0,0.23616
"Jan 14, 11:00 pm",0,0.23616
"Jan 15, 12:00 am",0,0.23616
"Jan 15, 01:00 am",0,0.23616
"Jan 15, 02:00 am",0,0.23616
"Jan 15, 03:00 am",0,0.23616
"Jan 15, 04:00 am",0,0.23616
"Jan 15, 05:00 am",0,0.23616
"Jan 15, 06:00 am",0,0.23616
"Jan 15, 07:00 am",0,0.350509
"Jan 15, 08:00 am",2910.5,1.41696
"Jan 15, 09:00 am",2912.04,1.41696
"Jan 15, 10:00 am",2917.07,1.41696
"Jan 15, 11:00 am",2914.99,1.41696
"Jan 15, 12:00 pm",2914.95,1.41696
"Jan 15, 01:00 pm",2914.96,1.41696
"Jan 15, 02:00 pm",2914.95,1.41696
"Jan 15, 03:00 pm",2914.94,1.41696
"Jan 15, 04:00 pm",2916.06,1.41696
"Jan 15, 05:00 pm",2916.96,1.41696
"Jan 15, 06:00 pm",2647.23,1.28716
"Jan 15, 07:00 pm",19.1401,0.23616
"Jan 15, 08:00 pm",0,0.23616
"Jan 15, 09:00 pm",0,0.23616
"Jan 15, 10:00 pm",0,0.23616
"Jan 15, 11:00 pm",0,0.23616
"Jan 16, 12:00 am",0,0.23616
"Jan 16, 01:00 am",0,0.23616
"Jan 16, 02:00 am",0,0.23616
"Jan 16, 03:00 am",0,0.23616
"Jan 16, 04:00 am",0,0.23616
"Jan 16, 05:00 am",0,0.23616
"Jan 16, 06:00 am",0,0.23616
"Jan 16, 07:00 am",0,0.344389
"Jan 16, 08:00 am",18.1496,0.23616
"Jan 16, 09:00 am",0,0.23616
"Jan 16, 10:00 am",0,0.23616
"Jan 16, 11:00 am",16.3644,0.23616
"Jan 16, 12:00 pm",2913.93,1.41696
"Jan 16, 01:00 pm",2915.02,1.41696
"Jan 16, 02:00 pm",2915.01,1.41696
"Jan 16, 03:00 pm",2918.17,1.41696
"Jan 16, 04:00 pm",2916.14,1.41696
"Jan 16, 05:00 pm",2917.15,1.41696
"Jan 16, 06:00 pm",2607.7,1.26804
"Jan 16, 07:00 pm",18.7871,0.23616
"Jan 16, 08:00 pm",0,0.23616
"Jan 16, 09:00 pm",0,0.23616
"Jan 16, 10:00 pm",0,0.23616
"Jan 16, 11:00 pm",0,0.23616
"Jan 17, 12:00 am",0,0.23616
"Jan 17, 01:00 am",0,0.23616
"Jan 17, 02:00 am",0,0.23616
"Jan 17, 03:00 am",0,0.23616
"Jan 17, 04:00 am",0,0.23616
"Jan 17, 05:00 am",0,0.23616
"Jan 17, 06:00 am",0,0.23616
"Jan 17, 07:00 am",0,0.343508
"Jan 17, 08:00 am",2914.02,1.41696
"Jan 17, 09:00 am",2913.32,1.41696
"Jan 17, 10:00 am",2916.86,1.41696
"Jan 17, 11:00 am",2914.94,1.41696
"Jan 17, 12:00 pm",2914.96,1.41696
"Jan 17, 01:00 pm",2915.02,1.41696
"Jan 17, 02:00 pm",2915.03,1.41696
"Jan 17, 03:00 pm",2918.33,1.41696
"Jan 17, 04:00 pm",2916.29,1.41696
"Jan 17, 05:00 pm",2917.12,1.41696
"Jan 17, 06:00 pm",2608.98,1.26865
"Jan 17, 07:00 pm",18.569,0.23616
"Jan 17, 08:00 pm",0,0.23616
"Jan 17, 09:00 pm",0,0.23616
"Jan 17, 10:00 pm",0,0.23616
"Jan 17, 11:00 pm",0,0.23616
"Jan 18, 12:00 am",0,0.23616
"Jan 18, 01:00 am",0,0.23616
"Jan 18, 02:00 am",0,0.23616
"Jan 18, 03:00 am",0,0.23616
"Jan 18, 04:00 am",0,0.23616
"Jan 18, 05:00 am",0,0.23616
"Jan 18, 06:00 am",0,0.23616
"Jan 18, 07:00 am",0,0.343214
"Jan 18, 08:00 am",2464.87,1.38993
"Jan 18, 09:00 am",2913.13,1.41696
"Jan 18, 10:00 am",2916.94,1.41696
"Jan 18, 11:00 am",2914.95,1.41696
"Jan 18, 12:00 pm",2914.95,1.41696
"Jan 18, 01:00 pm",2914.97,1.41696
"Jan 18, 02:00 pm",261.357,0.23616
"Jan 18, 03:00 pm",195.076,0.23616
"Jan 18, 04:00 pm",2914.62,1.41696
"Jan 18, 05:00 pm",2917.14,1.41696
"Jan 18, 06:00 pm",2603.91,1.26622
"Jan 18, 07:00 pm",18.0982,0.23616
"Jan 18, 08:00 pm",0,0.23616
"Jan 18, 09:00 pm",0,0.23616
"Jan 18, 10:00 pm",0,0.23616
"Jan 18, 11:00 pm",0,0.23616
"Jan 19, 12:00 am",0,0.23616
"Jan 19, 01:00 am",0,0.23616
"Jan 19, 02:00 am",0,0.23616
"Jan 19, 03:00 am",0,0.23616
"Jan 19, 04:00 am",0,0.23616
"Jan 19, 05:00 am",0,0.23616
"Jan 19, 06:00 am",0,0.23616
"Jan 19, 07:00 am",0,0.23616
"Jan 19, 08:00 am",0,0.23616
"Jan 19, 09:00 am",0,0.23616
"Jan 19, 10:00 am",0,0.23616
"Jan 19, 11:00 am",0,0.23616
"Jan 19, 12:00 pm",0,0.23616
"Jan 19, 01:00 pm",0,0.23616
"Jan 19, 02:00 pm",2454.01,1.41696
"Jan 19, 03:00 pm",24.2842,0.23616
"Jan 19, 04:00 pm",2506.51,1.41696
"Jan 19, 05:00 pm",20.7831,0.23616
"Jan 19, 06:00 pm",2171.76,1.23357
"Jan 19, 07:00 pm",17.435,0.23616
"Jan 19, 08:00 pm",0,0.23616
"Jan 19, 09:00 pm",0,0.23616
"Jan 19, 10:00 pm",0,0.23616
"Jan 19, 11:00 pm",0,0.23616
"Jan 20, 12:00 am",0,0.23616
"Jan 20, 01:00 am",0,0.23616
"Jan 20, 02:00 am",0,0.23616
"Jan 20, 03:00 am",0,0.23616
"Jan 20, 04:00 am",0,0.23616
"Jan 20, 05:00 am",0,0.23616
"Jan 20, 06:00 am",0,0.23616
"Jan 20, 07:00 am",0,0.337686
"Jan 20, 08:00 am",2428.52,1.38724
"Jan 20, 09:00 am",2913.14,1.41696
"Jan 20, 10:00 am",2917.11,1.41696
"Jan 20, 11:00 am",2915.02,1.41696
"Jan 20, 12:00 pm",2914.99,1.41696
"Jan 20, 01:00 pm",2914.98,1.41696
"Jan 20, 02:00 pm",2914.96,1.41696
"Jan 20, 03:00 pm",2914.94,1.41696
"Jan 20, 04:00 pm",2916.16,1.41696
"Jan 20, 05:00 pm",2916.92,1.41696
"Jan 20, 06:00 pm",2631.52,1.27958
"Jan 20, 07:00 pm",17.0843,0.23616
"Jan 20, 08:00 pm",0,0.23616
"Jan 20, 09:00 pm",0,0.23616
"Jan 20, 10:00 pm",0,0.23616
"Jan 20, 11:00 pm",0,0.23616
"Jan 21, 12:00 am",0,0.23616
"Jan 21, 01:00 am",0,0.23616
"Jan 21, 02:00 am",0,0.23616
"Jan 21, 03:00 am",0,0.23616
"Jan 21, 04:00 am",0,0.23616
"Jan 21, 05:00 am",0,0.23616
"Jan 21, 06:00 am",0,0.23616
"Jan 21, 07:00 am",0,0.335974
"Jan 21, 08:00 am",2428.59,1.3876
"Jan 21, 09:00 am",2912.35,1.41696
"Jan 21, 10:00 am",2917.43,1.41696
"Jan 21, 11:00 am",2915.09,1.41696
"Jan 21, 12:00 pm",2914.97,1.41696
"Jan 21, 01:00 pm",251.299,0.23616
"Jan 21, 02:00 pm",24.9833,0.23616
"Jan 21, 03:00 pm",22.954,0.23616
"Jan 21, 04:00 pm",0,0.23616
"Jan 21, 05:00 pm",0,0.23616
"Jan 21, 06:00 pm",0,0.23616
"Jan 21, 07:00 pm",0,0.23616
"Jan 21, 08:00 pm",0,0.23616
"Jan 21, 09:00 pm",0,0.23616
"Jan 21, 10:00 pm",0,0.23616
"Jan 21, 11:00 pm",0,0.23616
"Jan 22, 12:00 am",0,0.23616
"Jan 22, 01:00 am",0,0.23616
"Jan 22, 02:00 am",0,0.23616
"Jan 22, 03:00 am",0,0.23616
"Jan 22, 04:00 am",0,0.23616
"Jan 22, 05:00 am",0,0.23616
"Jan 22, 06:00 am",0,0.23616
"Jan 22, 07:00 am",0,0.23616
"Jan 22, 08:00 am",0,0.23616
"Jan 22, 09:00 am",0,0.23616
"Jan 22, 10:00 am",0,0.23616
"Jan 22, 11:00 am",0,0.23616
"Jan 22, 12:00 pm",0,0.23616
"Jan 22, 01:00 pm",0,0.23616
"Jan 22, 02:00 pm",0,0.23616
"Jan 22, 03:00 pm",0,0.23616
"Jan 22, 04:00 pm",2429.06,1.41696
"Jan 22, 05:00 pm",2916.97,1.41696
"Jan 22, 06:00 pm",2624.99,1.27643
"Jan 22, 07:00 pm",15.8619,0.23616
"Jan 22, 08:00 pm",0,0.23616
"Jan 22, 09:00 pm",0,0.23616
"Jan 22, 10:00 pm",0,0.23616
"Jan 22, 11:00 pm",0,0.23616
"Jan 23, 12:00 am",0,0.23616
"Jan 23, 01:00 am",0,0.23616
"Jan 23, 02:00 am",0,0.23616
"Jan 23, 03:00 am",0,0.23616
"Jan 23, 04:00 am",0,0.23616
"Jan 23, 05:00 am",0,0.23616
"Jan 23, 06:00 am",0,0.23616
"Jan 23, 07:00 am",0,0.283046
"Jan 23, 08:00 am",2427.68,1.3842
"Jan 23, 09:00 am",2913.51,1.41696
"Jan 23, 10:00 am",2917.15,1.41696
"Jan 23, 11:00 am",2915.02,1.41696
"Jan 23, 12:00 pm",2914.98,1.41696
"Jan 23, 01:00 pm",2914.99,1.41696
"Jan 23, 02:00 pm",2915,1.41696
"Jan 23, 03:00 pm",2914.99,1.41696
"Jan 23, 04:00 pm",2916.33,1.41696
"Jan 23, 05:00 pm",2916.9,1.41696
"Jan 23, 06:00 pm",2613.24,1.27074
"Jan 23, 07:00 pm",16.3876,0.23616
"Jan 23, 08:00 pm",0,0.23616
"Jan 23, 09:00 pm",0,0.23616
"Jan 23, 10:00 pm",0,0.23616
"Jan 23, 11:00 pm",0,0.23616
"Jan 24, 12:00 am",0,0.23616
"Jan 24, 01:00 am",0,0.23616
"Jan 24, 02:00 am",0,0.23616
"Jan 24, 03:00 am",0,0.23616
"Jan 24, 04:00 am",0,0.23616
"Jan 24, 05:00 am",0,0.23616
"Jan 24, 06:00 am",0,0.23616
"Jan 24, 07:00 am",0,0.23616
"Jan 24, 08:00 am",2428.9,1.37976
"Jan 24, 09:00 am",2914.55,1.41696
"Jan 24, 10:00 am",2916.72,1.41696
"Jan 24, 11:00 am",2914.96,1.41696
"Jan 24, 12:00 pm",2914.98,1.41696
"Jan 24, 01:00 pm",2914.97,1.41696
"Jan 24, 02:00 pm",2914.96,1.41696
"Jan 24, 03:00 pm",2918.28,1.41696
"Jan 24, 04:00 pm",2916.4,1.41696
"Jan 24, 05:00 pm",2917.05,1.41696
"Jan 24, 06:00 pm",2571.67,1.25057
"Jan 24, 07:00 pm",16.1101,0.23616
"Jan 24, 08:00 pm",0,0.23616
"Jan 24, 09:00 pm",0,0.23616
"Jan 24, 10:00 pm",0,0.23616
"Jan 24, 11:00 pm",0,0.23616
"Jan 25, 12:00 am",0,0.23616
"Jan 25, 01:00 am",0,0.23616
"Jan 25, 02:00 am",0,0.23616
"Jan 25, 03:00 am",0,0.23616
"Jan 25, 04:00 am",0,0.23616
"Jan 25, 05:00 am",0,0.23616
"Jan 25, 06:00 am",0,0.23616
"Jan 25, 07:00 am",0,0.23616
"Jan 25, 08:00 am",2378.87,1.35262
"Jan 25, 09:00 am",2915.07,1.41696
"Jan 25, 10:00 am",2916.53,1.41696
"Jan 25, 11:00 am",2914.91,1.41696
"Jan 25, 12:00 pm",2914.93,1.41696
"Jan 25, 01:00 pm",2914.93,1.41696
"Jan 25, 02:00 pm",2914.94,1.41696
"Jan 25, 03:00 pm",2918.18,1.41696
"Jan 25, 04:00 pm",2916.28,1.41696
"Jan 25, 05:00 pm",2917.11,1.41696
"Jan 25, 06:00 pm",2532.57,1.23141
"Jan 25, 07:00 pm",15.9336,0.23616
"Jan 25, 08:00 pm",0,0.23616
"Jan 25, 09:00 pm",0,0.23616
"Jan 25, 10:00 pm",0,0.23616
"Jan 25, 11:00 pm",0,0.23616
"Jan 26, 12:00 am",0,0.23616
"Jan 26, 01:00 am",0,0.23616
"Jan 26, 02:00 am",0,0.23616
"Jan 26, 03:00 am",0,0.23616
"Jan 26, 04:00 am",0,0.23616
"Jan 26, 05:00 am",0,0.23616
"Jan 26, 06:00 am",0,0.23616
"Jan 26, 07:00 am",0,0.23616
"Jan 26, 08:00 am",1972.35,1.33804
"Jan 26, 09:00 am",2914.74,1.41696
"Jan 26, 10:00 am",2916.79,1.41696
"Jan 26, 11:00 am",2914.91,1.41696
"Jan 26, 12:00 pm",2914.94,1.41696
"Jan 26, 01:00 pm",2915,1.41696
"Jan 26, 02:00 pm",2915.01,1.41696
"Jan 26, 03:00 pm",2915,1.41696
"Jan 26, 04:00 pm",2916.1,1.41696
"Jan 26, 05:00 pm",2917.05,1.41696
"Jan 26, 06:00 pm",2510.05,1.22037
"Jan 26, 07:00 pm",16.0803,0.23616
"Jan 26, 08:00 pm",0,0.23616
"Jan 26, 09:00 pm",0,0.23616
"Jan 26, 10:00 pm",0,0.23616
"Jan 26, 11:00 pm",0,0.23616
"Jan 27, 12:00 am",0,0.23616
"Jan 27, 01:00 am",0,0.23616
"Jan 27, 02:00 am",0,0.23616
"Jan 27, 03:00 am",0,0.23616
"Jan 27, 04:00 am",0,0.23616
"Jan 27, 05:00 am",0,0.23616
"Jan 27, 06:00 am",0,0.23616
"Jan 27, 07:00 am",0,0.23616
"Jan 27, 08:00 am",1937.13,1.32353
"Jan 27, 09:00 am",2915.12,1.41696
"Jan 27, 10:00 am",2916.62,1.41696
"Jan 27, 11:00 am",2914.93,1.41696
"Jan 27, 12:00 pm",2914.95,1.41696
"Jan 27, 01:00 pm",2914.96,1.41696
"Jan 27, 02:00 pm",2914.97,1.41696
"Jan 27, 03:00 pm",2918.2,1.41696
"Jan 27, 04:00 pm",2916.35,1.41696
"Jan 27, 05:00 pm",2917.13,1.41696
"Jan 27, 06:00 pm",2476.6,1.20395
"Jan 27, 07:00 pm",16.1197,0.23616
"Jan 27, 08:00 pm",0,0.23616
"Jan 27, 09:00 pm",0,0.23616
"Jan 27, 10:00 pm",0,0.23616
"Jan 27, 11:00 pm",0,0.23616
"Jan 28, 12:00 am",0,0.23616
"Jan 28, 01:00 am",0,0.23616
"Jan 28, 02:00 am",0,0.23616
"Jan 28, 03:00 am",0,0.23616
"Jan 28, 04:00 am",0,0.23616
"Jan 28, 05:00 am",0,0.23616
"Jan 28, 06:00 am",0,0.23616
"Jan 28, 07:00 am",0,0.23616
"Jan 28, 08:00 am",1939.02,1.3316
"Jan 28, 09:00 am",2914.55,1.41696
"Jan 28, 10:00 am",2916.88,1.41696
"Jan 28, 11:00 am",2914.93,1.41696
"Jan 28, 12:00 pm",2914.94,1.41696
"Jan 28, 01:00 pm",288.263,0.23616
"Jan 28, 02:00 pm",216.058,0.23616
"Jan 28, 03:00 pm",47.9325,0.23616
"Jan 28, 04:00 pm",2914.54,1.41696
"Jan 28, 05:00 pm",20.8767,0.23616
"Jan 28, 06:00 pm",2011.61,1.15171
"Jan 28, 07:00 pm",15.8611,0.23616
"Jan 28, 08:00 pm",0,0.23616
"Jan 28, 09:00 pm",0,0.23616
"Jan 28, 10:00 pm",0,0.23616
"Jan 28, 11:00 pm",0,0.23616
"Jan 29, 12:00 am",0,0.23616
"Jan 29, 01:00 am",0,0.23616
"Jan 29, 02:00 am",0,0.23616
"Jan 29, 03:00 am",0,0.23616
"Jan 29, 04:00 am",0,0.23616
"Jan 29, 05:00 am",0,0.23616
"Jan 29, 06:00 am",0,0.23616
"Jan 29, 07:00 am",0,0.23616
"Jan 29, 08:00 am",1957.08,1.02334
"Jan 29, 09:00 am",2914.56,1.41696
"Jan 29, 10:00 am",2916.96,1.41696
"Jan 29, 11:00 am",2914.95,1.41696
"Jan 29, 12:00 pm",2914.94,1.41696
"Jan 29, 01:00 pm",2915.01,1.41696
"Jan 29, 02:00 pm",2915.02,1.41696
"Jan 29, 03:00 pm",2915.01,1.41696
"Jan 29, 04:00 pm",2916.29,1.41696
"Jan 29, 05:00 pm",2916.99,1.41696
"Jan 29, 06:00 pm",2436.62,1.18435
"Jan 29, 07:00 pm",16.0303,0.23616
"Jan 29, 08:00 pm",0,0.23616
"Jan 29, 09:00 pm",0,0.23616
"Jan 29, 10:00 pm",0,0.23616
"Jan 29, 11:00 pm",0,0.23616
"Jan 30, 12:00 am",0,0.23616
"Jan 30, 01:00 am",0,0.23616
"Jan 30, 02:00 am",0,0.23616
"Jan 30, 03:00 am",0,0.23616
"Jan 30, 04:00 am",0,0.23616
"Jan 30, 05:00 am",0,0.23616
"Jan 30, 06:00 am",0,0.23616
"Jan 30, 07:00 am",0,0.23616
"Jan 30, 08:00 am",1922.63,1.32454
"Jan 30, 09:00 am",2914.44,1.41696
"Jan 30, 10:00 am",2917.07,1.41696
"Jan 30, 11:00 am",2915.01,1.41696
"Jan 30, 12:00 pm",2914.99,1.41696
"Jan 30, 01:00 pm",2915.06,1.41696
"Jan 30, 02:00 pm",2915.05,1.41696
"Jan 30, 03:00 pm",2915.04,1.41696
"Jan 30, 04:00 pm",2916.21,1.41696
"Jan 30, 05:00 pm",2917.11,1.41696
"Jan 30, 06:00 pm",2398.59,1.16566
"Jan 30, 07:00 pm",16.1778,0.23616
"Jan 30, 08:00 pm",0,0.23616
"Jan 30, 09:00 pm",0,0.23616
"Jan 30, 10:00 pm",0,0.23616
"Jan 30, 11:00 pm",0,0.23616
"Jan 31, 12:00 am",0,0.23616
"Jan 31, 01:00 am",0,0.23616
"Jan 31, 02:00 am",0,0.23616
"Jan 31, 03:00 am",0,0.23616
"Jan 31, 04:00 am",0,0.23616
"Jan 31, 05:00 am",0,0.23616
"Jan 31, 06:00 am",0,0.23616
"Jan 31, 07:00 am",0,0.23616
"Jan 31, 08:00 am",1885.72,1.30041
"Jan 31, 09:00 am",2915.17,1.41696
"Jan 31, 10:00 am",2916.73,1.41696
"Jan 31, 11:00 am",2914.95,1.41696
"Jan 31, 12:00 pm",2914.97,1.41696
"Jan 31, 01:00 pm",2915.03,1.41696
"Jan 31, 02:00 pm",2915.02,1.41696
"Jan 31, 03:00 pm",2918.17,1.41696
"Jan 31, 04:00 pm",2916.38,1.41696
"Jan 31, 05:00 pm",2917.18,1.41696
"Jan 31, 06:00 pm",2345.78,1.13971
"Jan 31, 07:00 pm",16.228,0.23616
"Jan 31, 08:00 pm",0,0.23616
"Jan 31, 09:00 pm",0,0.23616
"Jan 31, 10:00 pm",0,0.23616
"Jan 31, 11:00 pm",0,0.23616
"Feb 1, 12:00 am",0,0.23616
"Feb 1, 01:00 am",0,0.23616
"Feb 1, 02:00 am",0,0.23616
"Feb 1, 03:00 am",0,0.23616
"Feb 1, 04:00 am",0,0.23616
"Feb 1, 05:00 am",0,0.23616
"Feb 1, 06:00 am",0,0.23616
"Feb 1, 07:00 am",0,0.23616
"Feb 1, 08:00 am",0,0.23616
"Feb 1, 09:00 am",2003.3,1.02334
"Feb 1, 10:00 am",2916.59,1.41696
"Feb 1, 11:00 am",2914.96,1.41696
"Feb 1, 12:00 pm",2914.98,1.41696
"Feb 1, 01:00 pm",2914.99,1.41696
"Feb 1, 02:00 pm",2914.99,1.41696
"Feb 1, 03:00 pm",24.5895,0.23616
"Feb 1, 04:00 pm",2910.58,1.41696
"Feb 1, 05:00 pm",2917.08,1.41696
"Feb 1, 06:00 pm",2332.55,1.13323
"Feb 1, 07:00 pm",16.3234,0.23616
"Feb 1, 08:00 pm",0,0.23616
"Feb 1, 09:00 pm",0,0.23616
"Feb 1, 10:00 pm",0,0.23616
"Feb 1, 11:00 pm",0,0.23616
"Feb 2, 12:00 am",0,0.23616
"Feb 2, 01:00 am",0,0.23616
"Feb 2, 02:00 am",0,0.23616
"Feb 2, 03:00 am",0,0.23616
"Feb 2, 04:00 am",0,0.23616
"Feb 2, 05:00 am",0,0.23616
"Feb 2, 06:00 am",0,0.23616
"Feb 2, 07:00 am",0,0.23616
"Feb 2, 08:00 am",1974.48,1.02334
"Feb 2, 09:00 am",2912.54,1.41696
"Feb 2, 10:00 am",2917.05,1.41696
"Feb 2, 11:00 am",2915.03,1.41696
"Feb 2, 12:00 pm",2915.02,1.41696
"Feb 2, 01:00 pm",2915.03,1.41696
"Feb 2, 02:00 pm",2915.02,1.41696
"Feb 2, 03:00 pm",2915.01,1.41696
"Feb 2, 04:00 pm",2916.54,1.41696
"Feb 2, 05:00 pm",2916.91,1.41696
"Feb 2, 06:00 pm",2311.65,1.123
"Feb 2, 07:00 pm",16.3147,0.23616
"Feb 2, 08:00 pm",0,0.23616
"Feb 2, 09:00 pm",0,0.23616
"Feb 2, 10:00 pm",0,0.23616
"Feb 2, 11:00 pm",0,0.23616
"Feb 3, 12:00 am",0,0.23616
"Feb 3, 01:00 am",0,0.23616
"Feb 3, 02:00 am",0,0.23616
"Feb 3, 03:00 am",0,0.23616
"Feb 3, 04:00 am",0,0.23616
"Feb 3, 05:00 am",0,0.23616
"Feb 3, 06:00 am",0,0.23616
"Feb 3, 07:00 am",0,0.23616
"Feb 3, 08:00 am",2826.31,1.36828
"Feb 3, 09:00 am",2915.05,1.41696
"Feb 3, 10:00 am",2917.05,1.41696
"Feb 3, 11:00 am",2915.02,1.41696
"Feb 3, 12:00 pm",2915,1.41696
"Feb 3, 01:00 pm",2915.01,1.41696
"Feb 3, 02:00 pm",2915.01,1.41696
"Feb 3, 03:00 pm",2914.99,1.41696
"Feb 3, 04:00 pm",2916.42,1.41696
"Feb 3, 05:00 pm",2917.04,1.41696
"Feb 3, 06:00 pm",2273.68,1.10435
"Feb 3, 07:00 pm",16.2992,0.23616
"Feb 3, 08:00 pm",0,0.23616
"Feb 3, 09:00 pm",0,0.23616
"Feb 3, 10:00 pm",0,0.23616
"Feb 3, 11:00 pm",0,0.23616
"Feb 4, 12:00 am",0,0.23616
"Feb 4, 01:00 am",0,0.23616
"Feb 4, 02:00 am",0,0.23616
"Feb 4, 03:00 am",0,0.23616
"Feb 4, 04:00 am",0,0.23616
"Feb 4, 05:00 am",0,0.23616
"Feb 4, 06:00 am",0,0.23616
"Feb 4, 07:00 am",0,0.23616
"Feb 4, 08:00 am",2819.62,1.36625
"Feb 4, 09:00 am",2915.87,1.41696
"Feb 4, 10:00 am",2917.09,1.41696
"Feb 4, 11:00 am",2915,1.41696
"Feb 4, 12:00 pm",2914.97,1.41696
"Feb 4, 01:00 pm",2915.04,1.41696
"Feb 4, 02:00 pm",2915.06,1.41696
"Feb 4, 03:00 pm",2915.05,1.41696
"Feb 4, 04:00 pm",2916.31,1.41696
"Feb 4, 05:00 pm",2917.14,1.41696
"Feb 4, 06:00 pm",2212.69,1.07575
"Feb 4, 07:00 pm",16.1139,0.23616
"Feb 4, 08:00 pm",0,0.23616
"Feb 4, 09:00 pm",0,0.23616
"Feb 4, 10:00 pm",0,0.23616
"Feb 4, 11:00 pm",0,0.23616
"Feb 5, 12:00 am",0,0.23616
"Feb 5, 01:00 am",0,0.23616
"Feb 5, 02:00 am",0,0.23616
"Feb 5, 03:00 am",0,0.23616
"Feb 5, 04:00 am",0,0.23616
"Feb 5, 05:00 am",0,0.23616
"Feb 5, 06:00 am",0,0.23616
"Feb 5, 07:00 am",0,0.23616
"Feb 5, 08:00 am",2797.42,1.35486
"Feb 5, 09:00 am",2911.54,1.41696
"Feb 5, 10:00 am",2916.97,1.41696
"Feb 5, 11:00 am",2914.98,1.41696
"Feb 5, 12:00 pm",2914.99,1.41696
"Feb 5, 01:00 pm",2915,1.41696
"Feb 5, 02:00 pm",2915.01,1.41696
"Feb 5, 03:00 pm",2915,1.41696
"Feb 5, 04:00 pm",2916.2,1.41696
"Feb 5, 05:00 pm",2917.17,1.41696
"Feb 5, 06:00 pm",2160.47,1.05036
"Feb 5, 07:00 pm",16.1028,0.23616
"Feb 5, 08:00 pm",0,0.23616
"Feb 5, 09:00 pm",0,0.23616
"Feb 5, 10:00 pm",0,0.23616
"Feb 5, 11:00 pm",0,0.23616
"Feb 6, 12:00 am",0,0.23616
"Feb 6, 01:00 am",0,0.23616
"Feb 6, 02:00 am",0,0.23616
"Feb 6, 03:00 am",0,0.23616
"Feb 6, 04:00 am",0,0.23616
"Feb 6, 05:00 am",0,0.23616
"Feb 6, 06:00 am",0,0.23616
"Feb 6, 07:00 am",0,0.23616
"Feb 6, 08:00 am",2697.11,1.31183
"Feb 6, 09:00 am",2915.78,1.41696
"Feb 6, 10:00 am",2916.76,1.41696
"Feb 6, 11:00 am",2914.97,1.41696
"Feb 6, 12:00 pm",2915,1.41696
"Feb 6, 01:00 pm",2915.07,1.41696
"Feb 6, 02:00 pm",2915.06,1.41696
"Feb 6, 03:00 pm",2915.04,1.41696
"Feb 6, 04:00 pm",2916.32,1.41696
"Feb 6, 05:00 pm",2917.12,1.41696
"Feb 6, 06:00 pm",2131.31,1.03619
"Feb 6, 07:00 pm",15.9463,0.23616
"Feb 6, 08:00 pm",0,0.23616
"Feb 6, 09:00 pm",0,0.23616
"Feb 6, 10:00 pm",0,0.23616
"Feb 6, 11:00 pm",0,0.23616
"Feb 7, 12:00 am",0,0.23616
"Feb 7, 01:00 am",0,0.23616
"Feb 7, 02:00 am",0,0.23616
"Feb 7, 03:00 am",0,0.23616
"Feb 7, 04:00 am",0,0.23616
"Feb 7, 05:00 am",0,0.23616
"Feb 7, 06:00 am",0,0.23616
"Feb 7, 07:00 am",0,0.23616
"Feb 7, 08:00 am",2666.3,1.29692
"Feb 7, 09:00 am",2916,1.41696
"Feb 7, 10:00 am",2916.63,1.41696
"Feb 7, 11:00 am",2914.95,1.41696
"Feb 7, 12:00 pm",2914.98,1.41696
"Feb 7, 01:00 pm",2915.05,1.41696
"Feb 7, 02:00 pm",2915.04,1.41696
"Feb 7, 03:00 pm",2918.22,1.41696
"Feb 7, 04:00 pm",2916.36,1.41696
"Feb 7, 05:00 pm",2917.25,1.41696
"Feb 7, 06:00 pm",2066.23,1.00454
"Feb 7, 07:00 pm",16.0008,0.23616
"Feb 7, 08:00 pm",0,0.23616
"Feb 7, 09:00 pm",0,0.23616
"Feb 7, 10:00 pm",0,0.23616
"Feb 7, 11:00 pm",0,0.23616
"Feb 8, 12:00 am",0,0.23616
"Feb 8, 01:00 am",0,0.23616
"Feb 8, 02:00 am",0,0.23616
"Feb 8, 03:00 am",0,0.23616
"Feb 8, 04:00 am",0,0.23616
"Feb 8, 05:00 am",0,0.23616
"Feb 8, 06:00 am",0,0.23616
"Feb 8, 07:00 am",0,0.23616
"Feb 8, 08:00 am",2682.1,1.30456
"Feb 8, 09:00 am",2915.58,1.41696
"Feb 8, 10:00 am",2916.88,1.41696
"Feb 8, 11:00 am",2914.98,1.41696
"Feb 8, 12:00 pm",2915.01,1.41696
"Feb 8, 01:00 pm",2915.07,1.41696
"Feb 8, 02:00 pm",2915.06,1.41696
"Feb 8, 03:00 pm",2918.37,1.41696
"Feb 8, 04:00 pm",2916.48,1.41696
"Feb 8, 05:00 pm",2917.24,1.41696
"Feb 8, 06:00 pm",2015.94,0.980099
"Feb 8, 07:00 pm",15.9664,0.23616
"Feb 8, 08:00 pm",0,0.23616
"Feb 8, 09:00 pm",0,0.23616
"Feb 8, 10:00 pm",0,0.23616
"Feb 8, 11:00 pm",0,0.23616
"Feb 9, 12:00 am",0,0.23616
"Feb 9, 01:00 am",0,0.23616
"Feb 9, 02:00 am",0,0.23616
"Feb 9, 03:00 am",0,0.23616
"Feb 9, 04:00 am",0,0.23616
"Feb 9, 05:00 am",0,0.23616
"Feb 9, 06:00 am",0,0.23616
"Feb 9, 07:00 am",0,0.23616
"Feb 9, 08:00 am",2188.36,1.24047
"Feb 9, 09:00 am",2916.59,1.41696
"Feb 9, 10:00 am",2916.42,1.41696
"Feb 9, 11:00 am",2914.99,1.41696
"Feb 9, 12:00 pm",2915.01,1.41696
"Feb 9, 01:00 pm",2915.03,1.41696
"Feb 9, 02:00 pm",2915.02,1.41696
"Feb 9, 03:00 pm",2918.18,1.41696
"Feb 9, 04:00 pm",2916.34,1.41696
"Feb 9, 05:00 pm",2917.29,1.41696
"Feb 9, 06:00 pm",1959.38,0.952589
"Feb 9, 07:00 pm",16.138,0.23616
"Feb 9, 08:00 pm",0,0.23616
"Feb 9, 09:00 pm",0,0.23616
"Feb 9, 10:00 pm",0,0.23616
"Feb 9, 11:00 pm",0,0.23616
"Feb 10, 12:00 am",0,0.23616
"Feb 10, 01:00 am",0,0.23616
"Feb 10, 02:00 am",0,0.23616
"Feb 10, 03:00 am",0,0.23616
"Feb 10, 04:00 am",0,0.23616
"Feb 10, 05:00 am",0,0.23616
"Feb 10, 06:00 am",0,0.23616
"Feb 10, 07:00 am",0,0.23616
"Feb 10, 08:00 am",2132.18,1.21115
"Feb 10, 09:00 am",2916.89,1.41696
"Feb 10, 10:00 am",2916.18,1.41696
"Feb 10, 11:00 am",2918.22,1.41696
"Feb 10, 12:00 pm",2915.29,1.41696
"Feb 10, 01:00 pm",2914.99,1.41696
"Feb 10, 02:00 pm",2915.01,1.41696
"Feb 10, 03:00 pm",2918.05,1.41696
"Feb 10, 04:00 pm",2916.2,1.41696
"Feb 10, 05:00 pm",2917.3,1.41696
"Feb 10, 06:00 pm",1903.28,0.92531
"Feb 10, 07:00 pm",16.0993,0.23616
"Feb 10, 08:00 pm",0,0.23616
"Feb 10, 09:00 pm",0,0.23616
"Feb 10, 10:00 pm",0,0.23616
"Feb 10, 11:00 pm",0,0.23616
"Feb 11, 12:00 am",0,0.23616
"Feb 11, 01:00 am",0,0.23616
"Feb 11, 02:00 am",0,0.23616
"Feb 11, 03:00 am",0,0.23616
"Feb 11, 04:00 am",0,0.23616
"Feb 11, 05:00 am",0,0.23616
"Feb 11, 06:00 am",0,0.23616
"Feb 11, 07:00 am",0,0.23616
"Feb 11, 08:00 am",2078.69,1.18108
"Feb 11, 09:00 am",2917.04,1.41696
"Feb 11, 10:00 am",2915.83,1.41696
"Feb 11, 11:00 am",2917.6,1.41696
"Feb 11, 12:00 pm",2918.43,1.41696
"Feb 11, 01:00 pm",2915.31,1.41696
"Feb 11, 02:00 pm",2918.06,1.41696
"Feb 11, 03:00 pm",2917.59,1.41696
"Feb 11, 04:00 pm",2915.62,1.41696
"Feb 11, 05:00 pm",2917.12,1.41696
"Feb 11, 06:00 pm",1808.63,0.879314
"Feb 11, 07:00 pm",15.8014,0.23616
"Feb 11, 08:00 pm",0,0.23616
"Feb 11, 09:00 pm",0,0.23616
"Feb 11, 10:00 pm",0,0.23616
"Feb 11, 11:00 pm",0,0.23616
"Feb 12, 12:00 am",0,0.23616
"Feb 12, 01:00 am",0,0.23616
"Feb 12, 02:00 am",0,0.23616
"Feb 12, 03:00 am",0,0.23616
"Feb 12, 04:00 am",0,0.23616
"Feb 12, 05:00 am",0,0.23616
"Feb 12, 06:00 am",0,0.23616
"Feb 12, 07:00 am",0,0.23616
"Feb 12, 08:00 am",1986.43,1.12939
"Feb 12, 09:00 am",2917.1,1.41696
"Feb 12, 10:00 am",2915.49,1.41696
"Feb 12, 11:00 am",2916.91,1.41696
"Feb 12, 12:00 pm",2917.55,1.41696
"Feb 12, 01:00 pm",2915.11,1.41696
"Feb 12, 02:00 pm",2917.46,1.41696
"Feb 12, 03:00 pm",2916.96,1.41696
"Feb 12, 04:00 pm",2915.35,1.41696
"Feb 12, 05:00 pm",2917.03,1.41696
"Feb 12, 06:00 pm",1716.03,0.834287
"Feb 12, 07:00 pm",15.7121,0.23616
"Feb 12, 08:00 pm",0,0.23616
"Feb 12, 09:00 pm",0,0.23616
"Feb 12, 10:00 pm",0,0.23616
"Feb 12, 11:00 pm",0,0.23616
"Feb 13, 12:00 am",0,0.23616
"Feb 13, 01:00 am",0,0.23616
"Feb 13, 02:00 am",0,0.23616
"Feb 13, 03:00 am",0,0.23616
"Feb 13, 04:00 am",0,0.23616
"Feb 13, 05:00 am",0,0.23616
"Feb 13, 06:00 am",0,0.23616
"Feb 13, 07:00 am",0,0.23616
"Feb 13, 08:00 am",2013.35,1.14469
"Feb 13, 09:00 am",2917.1,1.41696
"Feb 13, 10:00 am",2915.61,1.41696
"Feb 13, 11:00 am",2917.24,1.41696
"Feb 13, 12:00 pm",2917.92,1.41696
"Feb 13, 01:00 pm",2915.19,1.41696
"Feb 13, 02:00 pm",2917.63,1.41696
"Feb 13, 03:00 pm",2917.12,1.41696
"Feb 13, 04:00 pm",2915.37,1.41696
"Feb 13, 05:00 pm",2917.03,1.41696
"Feb 13, 06:00 pm",1660.22,0.807125
"Feb 13, 07:00 pm",15.7351,0.23616
"Feb 13, 08:00 pm",0,0.23616
"Feb 13, 09:00 pm",0,0.23616
"Feb 13, 10:00 pm",0,0.23616
"Feb 13, 11:00 pm",0,0.23616
"Feb 14, 12:00 am",0,0.23616
"Feb 14, 01:00 am",0,0.23616
"Feb 14, 02:00 am",0,0.23616
"Feb 14, 03:00 am",0,0.23616
"Feb 14, 04:00 am",0,0.23616
"Feb 14, 05:00 am",0,0.23616
"Feb 14, 06:00 am",0,0.23616
"Feb 14, 07:00 am",0,0.23616
"Feb 14, 08:00 am",1984.86,1.12881
"Feb 14, 09:00 am",2917.15,1.41696
"Feb 14, 10:00 am",2915.6,1.41696
"Feb 14, 11:00 am",2917.24,1.41696
"Feb 14, 12:00 pm",2917.94,1.41696
"Feb 14, 01:00 pm",2915.21,1.41696
"Feb 14, 02:00 pm",2917.7,1.41696
"Feb 14, 03:00 pm",2917.19,1.41696
"Feb 14, 04:00 pm",2915.39,1.41696
"Feb 14, 05:00 pm",2917.03,1.41696
"Feb 14, 06:00 pm",1609,0.782203
"Feb 14, 07:00 pm",15.7243,0.23616
"Feb 14, 08:00 pm",0,0.23616
"Feb 14, 09:00 pm",0,0.23616
"Feb 14, 10:00 pm",0,0.23616
"Feb 14, 11:00 pm",0,0.23616
"Feb 15, 12:00 am",0,0.23616
"Feb 15, 01:00 am",0,0.23616
"Feb 15, 02:00 am",0,0.23616
"Feb 15, 03:00 am",0,0.23616
"Feb 15, 04:00 am",0,0.23616
"Feb 15, 05:00 am",0,0.23616
"Feb 15, 06:00 am",0,0.23616
"Feb 15, 07:00 am",0,0.23616
"Feb 15, 08:00 am",1937.75,1.10258
"Feb 15, 09:00 am",2917.12,1.41696
"Feb 15, 10:00 am",2915.41,1.41696
"Feb 15, 11:00 am",2916.77,1.41696
"Feb 15, 12:00 pm",2917.32,1.41696
"Feb 15, 01:00 pm",2918.35,1.41696
"Feb 15, 02:00 pm",2917.45,1.41696
"Feb 15, 03:00 pm",2916.52,1.41696
"Feb 15, 04:00 pm",2915.2,1.41696
"Feb 15, 05:00 pm",2916.89,1.41696
"Feb 15, 06:00 pm",1530.45,0.744011
"Feb 15, 07:00 pm",15.61,0.23616
"Feb 15, 08:00 pm",0,0.23616
"Feb 15, 09:00 pm",0,0.23616
"Feb 15, 10:00 pm",0,0.23616
"Feb 15, 11:00 pm",0,0.23616
"Feb 16, 12:00 am",0,0.23616
"Feb 16, 01:00 am",0,0.23616
"Feb 16, 02:00 am",0,0.23616
"Feb 16, 03:00 am",0,0.23616
"Feb 16, 04:00 am",0,0.23616
"Feb 16, 05:00 am",0,0.23616
"Feb 16, 06:00 am",0,0.23616
"Feb 16, 07:00 am",0,0.23616
"Feb 16, 08:00 am",1872.56,1.06751
"Feb 16, 09:00 am",2916.74,1.41696
"Feb 16, 10:00 am",2915.24,1.41696
"Feb 16, 11:00 am",2916.28,1.41696
"Feb 16, 12:00 pm",2916.89,1.41696
"Feb 16, 01:00 pm",2917.8,1.41696
"Feb 16, 02:00 pm",2917.05,1.41696
"Feb 16, 03:00 pm",2916.29,1.41696
"Feb 16, 04:00 pm",2915.16,1.41696
"Feb 16, 05:00 pm",2916.85,1.41696
"Feb 16, 06:00 pm",1468.14,0.713699
"Feb 16, 07:00 pm",15.6776,0.23616
"Feb 16, 08:00 pm",0,0.23616
"Feb 16, 09:00 pm",0,0.23616
"Feb 16, 10:00 pm",0,0.23616
"Feb 16, 11:00 pm",0,0.23616
"Feb 17, 12:00 am",0,0.23616
"Feb 17, 01:00 am",0,0.23616
"Feb 17, 02:00 am",0,0.23616
"Feb 17, 03:00 am",0,0.23616
"Feb 17, 04:00 am",0,0.23616
"Feb 17, 05:00 am",0,0.23616
"Feb 17, 06:00 am",0,0.23616
"Feb 17, 07:00 am",0,0.23616
"Feb 17, 08:00 am",1907.89,1.08659
"Feb 17, 09:00 am",2917.26,1.41696
"Feb 17, 10:00 am",2915.48,1.41696
"Feb 17, 11:00 am",2917.02,1.41696
"Feb 17, 12:00 pm",2917.57,1.41696
"Feb 17, 01:00 pm",2915.1,1.41696
"Feb 17, 02:00 pm",2917.29,1.41696
"Feb 17, 03:00 pm",2916.77,1.41696
"Feb 17, 04:00 pm",2915.26,1.41696
"Feb 17, 05:00 pm",2916.94,1.41696
"Feb 17, 06:00 pm",1434.1,0.697143
"Feb 17, 07:00 pm",15.6711,0.23616
"Feb 17, 08:00 pm",0,0.23616
"Feb 17, 09:00 pm",0,0.23616
"Feb 17, 10:00 pm",0,0.23616
"Feb 17, 11:00 pm",0,0.23616
"Feb 18, 12:00 am",0,0.23616
"Feb 18, 01:00 am",0,0.23616
"Feb 18, 02:00 am",0,0.23616
"Feb 18, 03:00 am",0,0.23616
"Feb 18, 04:00 am",0,0.23616
"Feb 18, 05:00 am",0,0.23616
"Feb 18, 06:00 am",0,0.23616
"Feb 18, 07:00 am",0,0.23616
"Feb 18, 08:00 am",1906.79,1.08595
"Feb 18, 09:00 am",2917.3,1.41696
"Feb 18, 10:00 am",2915.5,1.41696
"Feb 18, 11:00 am",2916.92,1.41696
"Feb 18, 12:00 pm",2917.39,1.41696
"Feb 18, 01:00 pm",2918.29,1.41696
"Feb 18, 02:00 pm",2917.39,1.41696
"Feb 18, 03:00 pm",2916.5,1.41696
"Feb 18, 04:00 pm",2915.17,1.41696
"Feb 18, 05:00 pm",2916.8,1.41696
"Feb 18, 06:00 pm",1374.69,0.668259
"Feb 18, 07:00 pm",15.534,0.23616
"Feb 18, 08:00 pm",0,0.23616
"Feb 18, 09:00 pm",0,0.23616
"Feb 18, 10:00 pm",0,0.23616
"Feb 18, 11:00 pm",0,0.23616
"Feb 19, 12:00 am",0,0.23616
"Feb 19, 01:00 am",0,0.23616
"Feb 19, 02:00 am",0,0.23616
"Feb 19, 03:00 am",0,0.23616
"Feb 19, 04:00 am",0,0.23616
"Feb 19, 05:00 am",0,0.23616
"Feb 19, 06:00 am",0,0.23616
"Feb 19, 07:00 am",0,0.23616
"Feb 19, 08:00 am",1548.4,1.06152
"Feb 19, 09:00 am",2917.01,1.41696
"Feb 19, 10:00 am",2915.47,1.41696
"Feb 19, 11:00 am",2916.92,1.41696
"Feb 19, 12:00 pm",2917.42,1.41696
"Feb 19, 01:00 pm",2918.34,1.41696
"Feb 19, 02:00 pm",2917.48,1.41696
"Feb 19, 03:00 pm",2916.59,1.41696
"Feb 19, 04:00 pm",2915.22,1.41696
"Feb 19, 05:00 pm",2916.83,1.41696
"Feb 19, 06:00 pm",1320.69,0.641985
"Feb 19, 07:00 pm",15.7938,0.23616
"Feb 19, 08:00 pm",0,0.23616
"Feb 19, 09:00 pm",0,0.23616
"Feb 19, 10:00 pm",0,0.23616
"Feb 19, 11:00 pm",0,0.23616
"Feb 20, 12:00 am",0,0.23616
"Feb 20, 01:00 am",0,0.23616
"Feb 20, 02:00 am",0,0.23616
"Feb 20, 03:00 am",0,0.23616
"Feb 20, 04:00 am",0,0.23616
"Feb 20, 05:00 am",0,0.23616
"Feb 20, 06:00 am",0,0.23616
"Feb 20, 07:00 am",0,0.23616
"Feb 20, 08:00 am",1484.52,1.03015
"Feb 20, 09:00 am",2916.74,1.41696
"Feb 20, 10:00 am",2915.33,1.41696
"Feb 20, 11:00 am",2916.52,1.41696
"Feb 20, 12:00 pm",2917.13,1.41696
"Feb 20, 01:00 pm",2918,1.41696
"Feb 20, 02:00 pm",2917.3,1.41696
"Feb 20, 03:00 pm",2916.53,1.41696
"Feb 20, 04:00 pm",2915.23,1.41696
"Feb 20, 05:00 pm",2916.86,1.41696
"Feb 20, 06:00 pm",1275.21,0.619875
"Feb 20, 07:00 pm",15.6837,0.23616
"Feb 20, 08:00 pm",0,0.23616
"Feb 20, 09:00 pm",0,0.23616
"Feb 20, 10:00 pm",0,0.23616
"Feb 20, 11:00 pm",0,0.23616
"Feb 21, 12:00 am",0,0.23616
"Feb 21, 01:00 am",0,0.23616
"Feb 21, 02:00 am",0,0.23616
"Feb 21, 03:00 am",0,0.23616
"Feb 21, 04:00 am",0,0.23616
"Feb 21, 05:00 am",0,0.23616
"Feb 21, 06:00 am",0,0.23616
"Feb 21, 07:00 am",0,0.23616
"Feb 21, 08:00 am",1505.79,1.04479
"Feb 21, 09:00 am",2916.86,1.41696
"Feb 21, 10:00 am",2915.55,1.41696
"Feb 21, 11:00 am",2917.13,1.41696
"Feb 21, 12:00 pm",2917.76,1.41696
"Feb 21, 01:00 pm",2915.17,1.41696
"Feb 21, 02:00 pm",2917.53,1.41696
"Feb 21, 03:00 pm",2917.13,1.41696
"Feb 21, 04:00 pm",2915.4,1.41696
"Feb 21, 05:00 pm",2917,1.41696
"Feb 21, 06:00 pm",1250.31,0.607758
"Feb 21, 07:00 pm",15.789,0.23616
"Feb 21, 08:00 pm",0,0.23616
"Feb 21, 09:00 pm",0,0.23616
"Feb 21, 10:00 pm",0,0.23616
"Feb 21, 11:00 pm",0,0.23616
"Feb 22, 12:00 am",0,0.23616
"Feb 22, 01:00 am",0,0.23616
"Feb 22, 02:00 am",0,0.23616
"Feb 22, 03:00 am",0,0.23616
"Feb 22, 04:00 am",0,0.23616
"Feb 22, 05:00 am",0,0.23616
"Feb 22, 06:00 am",0,0.23616
"Feb 22, 07:00 am",0,0.23616
"Feb 22, 08:00 am",1517.85,1.05267
"Feb 22, 09:00 am",2916.94,1.41696
"Feb 22, 10:00 am",2915.59,1.41696
"Feb 22, 11:00 am",2917.06,1.41696
"Feb 22, 12:00 pm",2917.55,1.41696
"Feb 22, 01:00 pm",2918.35,1.41696
"Feb 22, 02:00 pm",2917.55,1.41696
"Feb 22, 03:00 pm",2916.64,1.41696
"Feb 22, 04:00 pm",2915.23,1.41696
"Feb 22, 05:00 pm",2916.71,1.41696
"Feb 22, 06:00 pm",1177.51,0.57238
"Feb 22, 07:00 pm",15.8029,0.23616
"Feb 22, 08:00 pm",0,0.23616
"Feb 22, 09:00 pm",0,0.23616
"Feb 22, 10:00 pm",0,0.23616
"Feb 22, 11:00 pm",0,0.23616
"Feb 23, 12:00 am",0,0.23616
"Feb 23, 01:00 am",0,0.23616
"Feb 23, 02:00 am",0,0.23616
"Feb 23, 03:00 am",0,0.23616
"Feb 23, 04:00 am",0,0.23616
"Feb 23, 05:00 am",0,0.23616
"Feb 23, 06:00 am",0,0.23616
"Feb 23, 07:00 am",0,0.23616
"Feb 23, 08:00 am",1444.27,1.00361
"Feb 23, 09:00 am",19.9953,0.23616
"Feb 23, 10:00 am",0,0.23616
"Feb 23, 11:00 am",0,0.23616
"Feb 23, 12:00 pm",0,0.23616
"Feb 23, 01:00 pm",0,0.23616
"Feb 23, 02:00 pm",35.4419,0.23616
"Feb 23, 03:00 pm",21.0332,0.23616
"Feb 23, 04:00 pm",0,0.23616
"Feb 23, 05:00 pm",0,0.23616
"Feb 23, 06:00 pm",0,0.23616
"Feb 23, 07:00 pm",0,0.23616
"Feb 23, 08:00 pm",0,0.23616
"Feb 23, 09:00 pm",0,0.23616
"Feb 23, 10:00 pm",0,0.23616
"Feb 23, 11:00 pm",0,0.23616
"Feb 24, 12:00 am",0,0.23616
"Feb 24, 01:00 am",0,0.23616
"Feb 24, 02:00 am",0,0.23616
"Feb 24, 03:00 am",0,0.23616
"Feb 24, 04:00 am",0,0.23616
"Feb 24, 05:00 am",0,0.23616
"Feb 24, 06:00 am",0,0.23616
"Feb 24, 07:00 am",0,0.23616
"Feb 24, 08:00 am",1387.45,0.967999
"Feb 24, 09:00 am",2916.62,1.41696
"Feb 24, 10:00 am",2915.09,1.41696
"Feb 24, 11:00 am",2915.99,1.41696
"Feb 24, 12:00 pm",29.4589,0.23616
"Feb 24, 01:00 pm",27.797,0.23616
"Feb 24, 02:00 pm",25.2204,0.23616
"Feb 24, 03:00 pm",20.226,0.23616
"Feb 24, 04:00 pm",0,0.23616
"Feb 24, 05:00 pm",0,0.23616
"Feb 24, 06:00 pm",0,0.23616
"Feb 24, 07:00 pm",0,0.23616
"Feb 24, 08:00 pm",0,0.23616
"Feb 24, 09:00 pm",0,0.23616
"Feb 24, 10:00 pm",0,0.23616
"Feb 24, 11:00 pm",0,0.23616
"Feb 25, 12:00 am",0,0.23616
"Feb 25, 01:00 am",0,0.23616
"Feb 25, 02:00 am",0,0.23616
"Feb 25, 03:00 am",0,0.23616
"Feb 25, 04:00 am",0,0.23616
"Feb 25, 05:00 am",0,0.23616
"Feb 25, 06:00 am",0,0.23616
"Feb 25, 07:00 am",0,0.23616
"Feb 25, 08:00 am",0,0.23616
"Feb 25, 09:00 am",0,0.23616
"Feb 25, 10:00 am",0,0.23616
"Feb 25, 11:00 am",0,0.23616
"Feb 25, 12:00 pm",0,0.23616
"Feb 25, 01:00 pm",0,0.23616
"Feb 25, 02:00 pm",0,0.23616
"Feb 25, 03:00 pm",2431.59,1.41696
"Feb 25, 04:00 pm",2915.26,1.41696
"Feb 25, 05:00 pm",2916.1,1.41696
"Feb 25, 06:00 pm",975.449,0.474393
"Feb 25, 07:00 pm",15.4279,0.23616
"Feb 25, 08:00 pm",0,0.23616
"Feb 25, 09:00 pm",0,0.23616
"Feb 25, 10:00 pm",0,0.23616
"Feb 25, 11:00 pm",0,0.23616
"Feb 26, 12:00 am",0,0.23616
"Feb 26, 01:00 am",0,0.23616
"Feb 26, 02:00 am",0,0.23616
"Feb 26, 03:00 am",0,0.23616
"Feb 26, 04:00 am",0,0.23616
"Feb 26, 05:00 am",0,0.23616
"Feb 26, 06:00 am",0,0.23616
"Feb 26, 07:00 am",0,0.23616
"Feb 26, 08:00 am",1204.18,0.694908
"Feb 26, 09:00 am",2917.04,1.41696
"Feb 26, 10:00 am",2915.22,1.41696
"Feb 26, 11:00 am",2916.27,1.41696
"Feb 26, 12:00 pm",2916.82,1.41696
"Feb 26, 01:00 pm",2917.48,1.41696
"Feb 26, 02:00 pm",2916.91,1.41696
"Feb 26, 03:00 pm",2916.24,1.41696
"Feb 26, 04:00 pm",2915.16,1.41696
"Feb 26, 05:00 pm",2916.38,1.41696
"Feb 26, 06:00 pm",945.196,0.459675
"Feb 26, 07:00 pm",15.6717,0.23616
"Feb 26, 08:00 pm",0,0.23616
"Feb 26, 09:00 pm",0,0.23616
"Feb 26, 10:00 pm",0,0.23616
"Feb 26, 11:00 pm",0,0.23616
"Feb 27, 12:00 am",0,0.23616
"Feb 27, 01:00 am",0,0.23616
"Feb 27, 02:00 am",0,0.23616
"Feb 27, 03:00 am",0,0.23616
"Feb 27, 04:00 am",0,0.23616
"Feb 27, 05:00 am",0,0.23616
"Feb 27, 06:00 am",0,0.23616
"Feb 27, 07:00 am",0,0.23616
"Feb 27, 08:00 am",1219.85,0.7021
"Feb 27, 09:00 am",2917.07,1.41696
"Feb 27, 10:00 am",2915.31,1.41696
"Feb 27, 11:00 am",2916.32,1.41696
"Feb 27, 12:00 pm",2916.75,1.41696
"Feb 27, 01:00 pm",2917.27,1.41696
"Feb 27, 02:00 pm",2916.54,1.41696
"Feb 27, 03:00 pm",2915.86,1.41696
"Feb 27, 04:00 pm",22.0843,0.23616
"Feb 27, 05:00 pm",0,0.23616
"Feb 27, 06:00 pm",0,0.23616
"Feb 27, 07:00 pm",0,0.23616
"Feb 27, 08:00 pm",0,0.23616
"Feb 27, 09:00 pm",0,0.23616
"Feb 27, 10:00 pm",0,0.23616
"Feb 27, 11:00 pm",0,0.23616
"Feb 28, 12:00 am",0,0.23616
"Feb 28, 01:00 am",0,0.23616
"Feb 28, 02:00 am",0,0.23616
"Feb 28, 03:00 am",0,0.23616
"Feb 28, 04:00 am",0,0.23616
"Feb 28, 05:00 am",0,0.23616
"Feb 28, 06:00 am",0,0.23616
"Feb 28, 07:00 am",0,0.23616
"Feb 28, 08:00 am",0,0.23616
"Feb 28, 09:00 am",1982.27,1.02334
"Feb 28, 10:00 am",2915.03,1.41696
"Feb 28, 11:00 am",2915.79,1.41696
"Feb 28, 12:00 pm",2916.25,1.41696
"Feb 28, 01:00 pm",93.4037,0.23616
"Feb 28, 02:00 pm",20.9551,0.23616
"Feb 28, 03:00 pm",0,0.23616
"Feb 28, 04:00 pm",2490.87,1.41696
"Feb 28, 05:00 pm",2916.02,1.41696
"Feb 28, 06:00 pm",812.96,0.395648
"Feb 28, 07:00 pm",15.0175,0.23616
"Feb 28, 08:00 pm",0,0.23616
"Feb 28, 09:00 pm",0,0.23616
"Feb 28, 10:00 pm",0,0.23616
"Feb 28, 11:00 pm",0,0.23616
"Mar 1, 12:00 am",0,0.23616
"Mar 1, 01:00 am",0,0.23616
"Mar 1, 02:00 am",0,0.23616
"Mar 1, 03:00 am",0,0.23616
"Mar 1, 04:00 am",0,0.23616
"Mar 1, 05:00 am",0,0.23616
"Mar 1, 06:00 am",0,0.23616
"Mar 1, 07:00 am",0,0.23616
"Mar 1, 08:00 am",1096.4,0.644792
"Mar 1, 09:00 am",2916.8,1.41696
"Mar 1, 10:00 am",2915.07,1.41696
"Mar 1, 11:00 am",2915.87,1.41696
"Mar 1, 12:00 pm",2916.42,1.41696
"Mar 1, 01:00 pm",2917.11,1.41696
"Mar 1, 02:00 pm",2916.6,1.41696
"Mar 1, 03:00 pm",2916.04,1.41696
"Mar 1, 04:00 pm",2915.09,1.41696
"Mar 1, 05:00 pm",2916,1.41696
"Mar 1, 06:00 pm",775.606,0.377389
"Mar 1, 07:00 pm",15.4526,0.23616
"Mar 1, 08:00 pm",0,0.23616
"Mar 1, 09:00 pm",0,0.23616
"Mar 1, 10:00 pm",0,0.23616
"Mar 1, 11:00 pm",0,0.23616
"Mar 2, 12:00 am",0,0.23616
"Mar 2, 01:00 am",0,0.23616
"Mar 2, 02:00 am",0,0.23616
"Mar 2, 03:00 am",0,0.23616
"Mar 2, 04:00 am",0,0.23616
"Mar 2, 05:00 am",0,0.23616
"Mar 2, 06:00 am",0,0.23616
"Mar 2, 07:00 am",0,0.23616
"Mar 2, 08:00 am",1072.88,0.633872
"Mar 2, 09:00 am",2916.52,1.41696
"Mar 2, 10:00 am",2915,1.41696
"Mar 2, 11:00 am",2915.64,1.41696
"Mar 2, 12:00 pm",2916.03,1.41696
"Mar 2, 01:00 pm",2916.55,1.41696
"Mar 2, 02:00 pm",2915.99,1.41696
"Mar 2, 03:00 pm",2915.61,1.41696
"Mar 2, 04:00 pm",2911.84,1.41696
"Mar 2, 05:00 pm",2915.55,1.41696
"Mar 2, 06:00 pm",713.784,0.347511
"Mar 2, 07:00 pm",15.2114,0.23616
"Mar 2, 08:00 pm",0,0.23616
"Mar 2, 09:00 pm",0,0.23616
"Mar 2, 10:00 pm",0,0.23616
"Mar 2, 11:00 pm",0,0.23616
"Mar 3, 12:00 am",0,0.23616
"Mar 3, 01:00 am",0,0.23616
"Mar 3, 02:00 am",0,0.23616
"Mar 3, 03:00 am",0,0.23616
"Mar 3, 04:00 am",0,0.23616
"Mar 3, 05:00 am",0,0.23616
"Mar 3, 06:00 am",0,0.23616
"Mar 3, 07:00 am",0,0.23616
"Mar 3, 08:00 am",1029.76,0.613681
"Mar 3, 09:00 am",2916.17,1.41696
"Mar 3, 10:00 am",2914.98,1.41696
"Mar 3, 11:00 am",2915.5,1.41696
"Mar 3, 12:00 pm",2915.81,1.41696
"Mar 3, 01:00 pm",2916.28,1.41696
"Mar 3, 02:00 pm",2915.79,1.41696
"Mar 3, 03:00 pm",2915.52,1.41696
"Mar 3, 04:00 pm",2913.07,1.41696
"Mar 3, 05:00 pm",2915.39,1.41696
"Mar 3, 06:00 pm",657.083,0.319933
"Mar 3, 07:00 pm",15.2797,0.23616
"Mar 3, 08:00 pm",0,0.23616
"Mar 3, 09:00 pm",0,0.23616
"Mar 3, 10:00 pm",0,0.23616
"Mar 3, 11:00 pm",0,0.23616
"Mar 4, 12:00 am",0,0.23616
"Mar 4, 01:00 am",0,0.23616
"Mar 4, 02:00 am",0,0.23616
"Mar 4, 03:00 am",0,0.23616
"Mar 4, 04:00 am",0,0.23616
"Mar 4, 05:00 am",0,0.23616
"Mar 4, 06:00 am",0,0.23616
"Mar 4, 07:00 am",0,0.23616
"Mar 4, 08:00 am",0,0.23616
"Mar 4, 09:00 am",1980.96,1.02334
"Mar 4, 10:00 am",2915.13,1.41696
"Mar 4, 11:00 am",2915.47,1.41696
"Mar 4, 12:00 pm",2915.74,1.41696
"Mar 4, 01:00 pm",2916.17,1.41696
"Mar 4, 02:00 pm",22.5002,0.23616
"Mar 4, 03:00 pm",2501.73,1.41696
"Mar 4, 04:00 pm",21.6702,0.23616
"Mar 4, 05:00 pm",2444.02,1.40565
"Mar 4, 06:00 pm",602.907,0.293664
"Mar 4, 07:00 pm",15.1083,0.23616
"Mar 4, 08:00 pm",0,0.23616
"Mar 4, 09:00 pm",0,0.23616
"Mar 4, 10:00 pm",0,0.23616
"Mar 4, 11:00 pm",0,0.23616
"Mar 5, 12:00 am",0,0.23616
"Mar 5, 01:00 am",0,0.23616
"Mar 5, 02:00 am",0,0.23616
"Mar 5, 03:00 am",0,0.23616
"Mar 5, 04:00 am",0,0.23616
"Mar 5, 05:00 am",0,0.23616
"Mar 5, 06:00 am",0,0.23616
"Mar 5, 07:00 am",0,0.23616
"Mar 5, 08:00 am",0,0.23616
"Mar 5, 09:00 am",0,0.23616
"Mar 5, 10:00 am",2008.62,1.02334
"Mar 5, 11:00 am",2915.44,1.41696
"Mar 5, 12:00 pm",21.911,0.23616
"Mar 5, 01:00 pm",2502.97,1.41696
"Mar 5, 02:00 pm",2915.38,1.41696
"Mar 5, 03:00 pm",2915.37,1.41696
"Mar 5, 04:00 pm",2915.08,1.41696
"Mar 5, 05:00 pm",2916.75,1.41696
"Mar 5, 06:00 pm",540.5,0.263462
"Mar 5, 07:00 pm",14.6403,0.23616
"Mar 5, 08:00 pm",0,0.23616
"Mar 5, 09:00 pm",0,0.23616
"Mar 5, 10:00 pm",0,0.23616
"Mar 5, 11:00 pm",0,0.23616
"Mar 6, 12:00 am",0,0.23616
"Mar 6, 01:00 am",0,0.23616
"Mar 6, 02:00 am",0,0.23616
"Mar 6, 03:00 am",0,0.23616
"Mar 6, 04:00 am",0,0.23616
"Mar 6, 05:00 am",0,0.23616
"Mar 6, 06:00 am",0,0.23616
"Mar 6, 07:00 am",0,0.23616
"Mar 6, 08:00 am",0,0.23616
"Mar 6, 09:00 am",0,0.23616
"Mar 6, 10:00 am",0,0.23616
"Mar 6, 11:00 am",2435.5,1.22015
"Mar 6, 12:00 pm",2915.69,1.41696
"Mar 6, 01:00 pm",2915.76,1.41696
"Mar 6, 02:00 pm",2915.41,1.41696
"Mar 6, 03:00 pm",2915.39,1.41696
"Mar 6, 04:00 pm",2915.08,1.41696
"Mar 6, 05:00 pm",2915.82,1.41696
"Mar 6, 06:00 pm",492.419,0.240125
"Mar 6, 07:00 pm",14.4878,0.23616
"Mar 6, 08:00 pm",0,0.23616
"Mar 6, 09:00 pm",0,0.23616
"Mar 6, 10:00 pm",0,0.23616
"Mar 6, 11:00 pm",0,0.23616
"Mar 7, 12:00 am",0,0.23616
"Mar 7, 01:00 am",0,0.23616
"Mar 7, 02:00 am",0,0.23616
"Mar 7, 03:00 am",0,0.23616
"Mar 7, 04:00 am",0,0.23616
"Mar 7, 05:00 am",0,0.23616
"Mar 7, 06:00 am",0,0.23616
"Mar 7, 07:00 am",0,0.23616
"Mar 7, 08:00 am",932.732,0.568608
"Mar 7, 09:00 am",2915.76,1.41696
"Mar 7, 10:00 am",2912.13,1.41696
"Mar 7, 11:00 am",2915.28,1.41696
"Mar 7, 12:00 pm",2915.47,1.41696
"Mar 7, 01:00 pm",2915.81,1.41696
"Mar 7, 02:00 pm",2915.52,1.41696
"Mar 7, 03:00 pm",2915.3,1.41696
"Mar 7, 04:00 pm",2915.28,1.41696
"Mar 7, 05:00 pm",2916.54,1.41696
"Mar 7, 06:00 pm",457.282,0.23616
"Mar 7, 07:00 pm",14.6614,0.23616
"Mar 7, 08:00 pm",0,0.23616
"Mar 7, 09:00 pm",0,0.23616
"Mar 7, 10:00 pm",0,0.23616
"Mar 7, 11:00 pm",0,0.23616
"Mar 8, 12:00 am",0,0.23616
"Mar 8, 01:00 am",0,0.23616
"Mar 8, 02:00 am",0,0.23616
"Mar 8, 03:00 am",0,0.23616
"Mar 8, 04:00 am",0,0.23616
"Mar 8, 05:00 am",0,0.23616
"Mar 8, 06:00 am",0,0.23616
"Mar 8, 07:00 am",0,0.23616
"Mar 8, 08:00 am",891.2,0.549121
"Mar 8, 09:00 am",2915.46,1.41696
"Mar 8, 10:00 am",2913.44,1.41696
"Mar 8, 11:00 am",2915.2,1.41696
"Mar 8, 12:00 pm",2915.23,1.41696
"Mar 8, 01:00 pm",2915.64,1.41696
"Mar 8, 02:00 pm",2915.65,1.41696
"Mar 8, 03:00 pm",2915.22,1.41696
"Mar 8, 04:00 pm",2915.56,1.41696
"Mar 8, 05:00 pm",2914.73,1.41696
"Mar 8, 06:00 pm",410.267,0.23616
"Mar 8, 07:00 pm",14.6484,0.23616
"Mar 8, 08:00 pm",0,0.23616
"Mar 8, 09:00 pm",0,0.23616
"Mar 8, 10:00 pm",0,0.23616
"Mar 8, 11:00 pm",0,0.23616
"Mar 9, 12:00 am",0,0.23616
"Mar 9, 01:00 am",0,0.23616
"Mar 9, 02:00 am",0,0.23616
"Mar 9, 03:00 am",0,0.23616
"Mar 9, 04:00 am",0,0.23616
"Mar 9, 05:00 am",0,0.23616
"Mar 9, 06:00 am",0,0.23616
"Mar 9, 07:00 am",0,0.23616
"Mar 9, 08:00 am",0,0.23616
"Mar 9, 09:00 am",1977.12,1.02334
"Mar 9, 10:00 am",2912.79,1.41696
"Mar 9, 11:00 am",2915.25,1.41696
"Mar 9, 12:00 pm",2915.29,1.41696
"Mar 9, 01:00 pm",2915.73,1.41696
"Mar 9, 02:00 pm",2915.48,1.41696
"Mar 9, 03:00 pm",2915.25,1.41696
"Mar 9, 04:00 pm",2915.48,1.41696
"Mar 9, 05:00 pm",2914.4,1.41696
"Mar 9, 06:00 pm",369.055,0.23616
"Mar 9, 07:00 pm",14.6981,0.23616
"Mar 9, 08:00 pm",0,0.23616
"Mar 9, 09:00 pm",0,0.23616
"Mar 9, 10:00 pm",0,0.23616
"Mar 9, 11:00 pm",0,0.23616
"Mar 10, 12:00 am",0,0.23616
"Mar 10, 01:00 am",0,0.23616
"Mar 10, 02:00 am",0,0.23616
"Mar 10, 03:00 am",0,0.23616
"Mar 10, 04:00 am",0,0.23616
"Mar 10, 05:00 am",0,0.23616
"Mar 10, 06:00 am",0,0.23616
"Mar 10, 07:00 am",0,0.23616
"Mar 10, 08:00 am",886.183,0.546782
"Mar 10, 09:00 am",2915.42,1.41696
"Mar 10, 10:00 am",2913.23,1.41696
"Mar 10, 11:00 am",2915.17,1.41696
"Mar 10, 12:00 pm",2915.21,1.41696
"Mar 10, 01:00 pm",2915.52,1.41696
"Mar 10, 02:00 pm",2915.52,1.41696
"Mar 10, 03:00 pm",2915.09,1.41696
"Mar 10, 04:00 pm",2916.57,1.41696
"Mar 10, 05:00 pm",2911.96,1.41696
"Mar 10, 06:00 pm",319.475,0.23616
"Mar 10, 07:00 pm",14.5861,0.23616
"Mar 10, 08:00 pm",0,0.23616
"Mar 10, 09:00 pm",0,0.23616
"Mar 10, 10:00 pm",0,0.23616
"Mar 10, 11:00 pm",0,0.23616
"Mar 11, 12:00 am",0,0.23616
"Mar 11, 01:00 am",0,0.23616
"Mar 11, 02:00 am",0,0.23616
"Mar 11, 03:00 am",0,0.23616
"Mar 11, 04:00 am",0,0.23616
"Mar 11, 05:00 am",0,0.23616
"Mar 11, 06:00 am",0,0.23616
"Mar 11, 07:00 am",0,0.23616
"Mar 11, 08:00 am",0,0.23616
"Mar 11, 09:00 am",0,0.23616
"Mar 11, 10:00 am",0,0.23616
"Mar 11, 11:00 am",2434.92,1.22015
"Mar 11, 12:00 pm",2915.45,1.41696
"Mar 11, 01:00 pm",2915.59,1.41696
"Mar 11, 02:00 pm",2915.31,1.41696
"Mar 11, 03:00 pm",22.845,0.23616
"Mar 11, 04:00 pm",0,0.23616
"Mar 11, 05:00 pm",0,0.23616
"Mar 11, 06:00 pm",0,0.23616
"Mar 11, 07:00 pm",0,0.23616
"Mar 11, 08:00 pm",0,0.23616
"Mar 11, 09:00 pm",0,0.23616
"Mar 11, 10:00 pm",0,0.23616
"Mar 11, 11:00 pm",0,0.23616
"Mar 12, 12:00 am",0,0.23616
"Mar 12, 01:00 am",0,0.23616
"Mar 12, 02:00 am",0,0.23616
"Mar 12, 03:00 am",0,0.23616
"Mar 12, 04:00 am",0,0.23616
"Mar 12, 05:00 am",0,0.23616
"Mar 12, 06:00 am",0,0.23616
"Mar 12, 07:00 am",0,0.23616
"Mar 12, 08:00 am",0,0.23616
"Mar 12, 09:00 am",0,0.23616
"Mar 12, 10:00 am",0,0.23616
"Mar 12, 11:00 am",2014.08,1.02334
"Mar 12, 12:00 pm",2915.54,1.41696
"Mar 12, 01:00 pm",2915.54,1.41696
"Mar 12, 02:00 pm",2915.54,1.41696
"Mar 12, 03:00 pm",2915.16,1.41696
"Mar 12, 04:00 pm",2915.68,1.41696
"Mar 12, 05:00 pm",2912.82,1.41696
"Mar 12, 06:00 pm",249.268,0.23616
"Mar 12, 07:00 pm",14.294,0.23616
"Mar 12, 08:00 pm",0,0.23616
"Mar 12, 09:00 pm",0,0.23616
"Mar 12, 10:00 pm",0,0.23616
"Mar 12, 11:00 pm",0,0.23616
"Mar 13, 12:00 am",0,0.23616
"Mar 13, 01:00 am",0,0.23616
"Mar 13, 02:00 am",0,0.23616
"Mar 13, 03:00 am",0,0.23616
"Mar 13, 04:00 am",0,0.23616
"Mar 13, 05:00 am",0,0.23616
"Mar 13, 06:00 am",0,0.23616
"Mar 13, 07:00 am",0,0.23616
"Mar 13, 08:00 am",907.945,0.558543
"Mar 13, 09:00 am",2916.19,1.41696
"Mar 13, 10:00 am",2915.05,1.41696
"Mar 13, 11:00 am",2915.75,1.41696
"Mar 13, 12:00 pm",2915.78,1.41696
"Mar 13, 01:00 pm",2916.33,1.41696
"Mar 13, 02:00 pm",2915.77,1.41696
"Mar 13, 03:00 pm",2915.42,1.41696
"Mar 13, 04:00 pm",2916.81,1.41696
"Mar 13, 05:00 pm",2913.31,1.41696
"Mar 13, 06:00 pm",224.672,0.23616
"Mar 13, 07:00 pm",14.3796,0.23616
"Mar 13, 08:00 pm",0,0.23616
"Mar 13, 09:00 pm",0,0.23616
"Mar 13, 10:00 pm",0,0.23616
"Mar 13, 11:00 pm",0,0.23616
"Mar 14, 12:00 am",0,0.23616
"Mar 14, 01:00 am",0,0.23616
"Mar 14, 02:00 am",0,0.23616
"Mar 14, 03:00 am",0,0.23616
"Mar 14, 04:00 am",0,0.23616
"Mar 14, 05:00 am",0,0.23616
"Mar 14, 06:00 am",0,0.23616
"Mar 14, 07:00 am",0,0.23616
"Mar 14, 08:00 am",0,0.23616
"Mar 14, 09:00 am",0,0.23616
"Mar 14, 10:00 am",0,0.23616
"Mar 14, 11:00 am",0,0.23616
"Mar 14, 12:00 pm",0,0.23616
"Mar 14, 01:00 pm",0,0.23616
"Mar 14, 02:00 pm",0,0.23616
"Mar 14, 03:00 pm",0,0.23616
"Mar 14, 04:00 pm",0,0.23616
"Mar 14, 05:00 pm",0,0.23616
"Mar 14, 06:00 pm",0,0.23616
"Mar 14, 07:00 pm",0,0.23616
"Mar 14, 08:00 pm",0,0.23616
"Mar 14, 09:00 pm",0,0.23616
"Mar 14, 10:00 pm",0,0.23616
"Mar 14, 11:00 pm",0,0.23616
"Mar 15, 12:00 am",0,0.23616
"Mar 15, 01:00 am",0,0.23616
"Mar 15, 02:00 am",0,0.23616
"Mar 15, 03:00 am",0,0.23616
"Mar 15, 04:00 am",0,0.23616
"Mar 15, 05:00 am",0,0.23616
"Mar 15, 06:00 am",0,0.23616
"Mar 15, 07:00 am",0,0.23616
"Mar 15, 08:00 am",0,0.23616
"Mar 15, 09:00 am",0,0.23616
"Mar 15, 10:00 am",0,0.23616
"Mar 15, 11:00 am",0,0.23616
"Mar 15, 12:00 pm",0,0.23616
"Mar 15, 01:00 pm",0,0.23616
"Mar 15, 02:00 pm",0,0.23616
"Mar 15, 03:00 pm",0,0.23616
"Mar 15, 04:00 pm",0,0.23616
"Mar 15, 05:00 pm",0,0.23616
"Mar 15, 06:00 pm",0,0.23616
"Mar 15, 07:00 pm",0,0.23616
"Mar 15, 08:00 pm",0,0.23616
"Mar 15, 09:00 pm",0,0.23616
"Mar 15, 10:00 pm",0,0.23616
"Mar 15, 11:00 pm",0,0.23616
"Mar 16, 12:00 am",0,0.23616
"Mar 16, 01:00 am",0,0.23616
"Mar 16, 02:00 am",0,0.23616
"Mar 16, 03:00 am",0,0.23616
"Mar 16, 04:00 am",0,0.23616
"Mar 16, 05:00 am",0,0.23616
"Mar 16, 06:00 am",0,0.23616
"Mar 16, 07:00 am",0,0.23616
"Mar 16, 08:00 am",0,0.394034
"Mar 16, 09:00 am",2922.67,1.41696
"Mar 16, 10:00 am",2914.45,1.41696
"Mar 16, 11:00 am",2915.04,1.41696
"Mar 16, 12:00 pm",2915.06,1.41696
"Mar 16, 01:00 pm",2915.23,1.41696
"Mar 16, 02:00 pm",2915.23,1.41696
"Mar 16, 03:00 pm",2914.95,1.41696
"Mar 16, 04:00 pm",2917.18,1.41696
"Mar 16, 05:00 pm",2882.35,1.40118
"Mar 16, 06:00 pm",103.481,0.23616
"Mar 16, 07:00 pm",14.2441,0.23616
"Mar 16, 08:00 pm",0,0.23616
"Mar 16, 09:00 pm",0,0.23616
"Mar 16, 10:00 pm",0,0.23616
"Mar 16, 11:00 pm",0,0.23616
"Mar 17, 12:00 am",0,0.23616
"Mar 17, 01:00 am",0,0.23616
"Mar 17, 02:00 am",0,0.23616
"Mar 17, 03:00 am",0,0.23616
"Mar 17, 04:00 am",0,0.23616
"Mar 17, 05:00 am",0,0.23616
"Mar 17, 06:00 am",0,0.23616
"Mar 17, 07:00 am",0,0.23616
"Mar 17, 08:00 am",546.645,0.502285
"Mar 17, 09:00 am",2915.08,1.41696
"Mar 17, 10:00 am",2913.76,1.41696
"Mar 17, 11:00 am",2915.16,1.41696
"Mar 17, 12:00 pm",2915.18,1.41696
"Mar 17, 01:00 pm",2915.41,1.41696
"Mar 17, 02:00 pm",2915.43,1.41696
"Mar 17, 03:00 pm",2915.08,1.41696
"Mar 17, 04:00 pm",2916.95,1.41696
"Mar 17, 05:00 pm",2914.26,1.41696
"Mar 17, 06:00 pm",81.9332,0.23616
"Mar 17, 07:00 pm",14.5236,0.23616
"Mar 17, 08:00 pm",0,0.23616
"Mar 17, 09:00 pm",0,0.23616
"Mar 17, 10:00 pm",0,0.23616
"Mar 17, 11:00 pm",0,0.23616
"Mar 18, 12:00 am",0,0.23616
"Mar 18, 01:00 am",0,0.23616
"Mar 18, 02:00 am",0,0.23616
"Mar 18, 03:00 am",0,0.23616
"Mar 18, 04:00 am",0,0.23616
"Mar 18, 05:00 am",0,0.23616
"Mar 18, 06:00 am",0,0.23616
"Mar 18, 07:00 am",0,0.23616
"Mar 18, 08:00 am",560.74,0.511875
"Mar 18, 09:00 am",2915.06,1.41696
"Mar 18, 10:00 am",2912.56,1.41696
"Mar 18, 11:00 am",2915.28,1.41696
"Mar 18, 12:00 pm",2915.31,1.41696
"Mar 18, 01:00 pm",2915.51,1.41696
"Mar 18, 02:00 pm",2915.5,1.41696
"Mar 18, 03:00 pm",2915.11,1.41696
"Mar 18, 04:00 pm",2917.1,1.41696
"Mar 18, 05:00 pm",2880.62,1.40034
"Mar 18, 06:00 pm",56.6804,0.23616
"Mar 18, 07:00 pm",14.5887,0.23616
"Mar 18, 08:00 pm",0,0.23616
"Mar 18, 09:00 pm",0,0.23616
"Mar 18, 10:00 pm",0,0.23616
"Mar 18, 11:00 pm",0,0.23616
"Mar 19, 12:00 am",0,0.23616
"Mar 19, 01:00 am",0,0.23616
"Mar 19, 02:00 am",0,0.23616
"Mar 19, 03:00 am",0,0.23616
"Mar 19, 04:00 am",0,0.23616
"Mar 19, 05:00 am",0,0.23616
"Mar 19, 06:00 am",0,0.23616
"Mar 19, 07:00 am",0,0.23616
"Mar 19, 08:00 am",247.566,0.389993
"Mar 19, 09:00 am",2914.38,1.41696
"Mar 19, 10:00 am",2915.75,1.41696
"Mar 19, 11:00 am",2915,1.41696
"Mar 19, 12:00 pm",2915.03,1.41696
"Mar 19, 01:00 pm",2915.18,1.41696
"Mar 19, 02:00 pm",2915.17,1.41696
"Mar 19, 03:00 pm",2911.49,1.41696
"Mar 19, 04:00 pm",2917.25,1.41696
"Mar 19, 05:00 pm",2786.59,1.35464
"Mar 19, 06:00 pm",29.5751,0.23616
"Mar 19, 07:00 pm",14.3542,0.23616
"Mar 19, 08:00 pm",0,0.23616
"Mar 19, 09:00 pm",0,0.23616
"Mar 19, 10:00 pm",0,0.23616
"Mar 19, 11:00 pm",0,0.23616
"Mar 20, 12:00 am",0,0.23616
"Mar 20, 01:00 am",0,0.23616
"Mar 20, 02:00 am",0,0.23616
"Mar 20, 03:00 am",0,0.23616
"Mar 20, 04:00 am",0,0.23616
"Mar 20, 05:00 am",0,0.23616
"Mar 20, 06:00 am",0,0.23616
"Mar 20, 07:00 am",0,0.23616
"Mar 20, 08:00 am",239.964,0.385564
"Mar 20, 09:00 am",2915.9,1.41696
"Mar 20, 10:00 am",2916.09,1.41696
"Mar 20, 11:00 am",2914.95,1.41696
"Mar 20, 12:00 pm",2914.98,1.41696
"Mar 20, 01:00 pm",2915.08,1.41696
"Mar 20, 02:00 pm",2915.1,1.41696
"Mar 20, 03:00 pm",2913.04,1.41696
"Mar 20, 04:00 pm",2917.22,1.41696
"Mar 20, 05:00 pm",2722.32,1.32348
"Mar 20, 06:00 pm",25.3532,0.23616
"Mar 20, 07:00 pm",10.6366,0.23616
"Mar 20, 08:00 pm",0,0.23616
"Mar 20, 09:00 pm",0,0.23616
"Mar 20, 10:00 pm",0,0.23616
"Mar 20, 11:00 pm",0,0.23616
"Mar 21, 12:00 am",0,0.23616
"Mar 21, 01:00 am",0,0.23616
"Mar 21, 02:00 am",0,0.23616
"Mar 21, 03:00 am",0,0.23616
"Mar 21, 04:00 am",0,0.23616
"Mar 21, 05:00 am",0,0.23616
"Mar 21, 06:00 am",0,0.23616
"Mar 21, 07:00 am",0,0.23616
"Mar 21, 08:00 am",232.821,0.381886
"Mar 21, 09:00 am",2917.34,1.41696
"Mar 21, 10:00 am",2916.14,1.41696
"Mar 21, 11:00 am",2914.97,1.41696
"Mar 21, 12:00 pm",2914.99,1.41696
"Mar 21, 01:00 pm",2915.1,1.41696
"Mar 21, 02:00 pm",2915.09,1.41696
"Mar 21, 03:00 pm",2912.75,1.41696
"Mar 21, 04:00 pm",2917.22,1.41696
"Mar 21, 05:00 pm",2714.15,1.31952
"Mar 21, 06:00 pm",22.544,0.23616
"Mar 21, 07:00 pm",0,0.23616
"Mar 21, 08:00 pm",0,0.23616
"Mar 21, 09:00 pm",0,0.23616
"Mar 21, 10:00 pm",0,0.23616
"Mar 21, 11:00 pm",0,0.23616
"Mar 22, 12:00 am",0,0.23616
"Mar 22, 01:00 am",0,0.23616
"Mar 22, 02:00 am",0,0.23616
"Mar 22, 03:00 am",0,0.23616
"Mar 22, 04:00 am",0,0.23616
"Mar 22, 05:00 am",0,0.23616
"Mar 22, 06:00 am",0,0.23616
"Mar 22, 07:00 am",0,0.23616
"Mar 22, 08:00 am",0,0.378877
"Mar 22, 09:00 am",2915.74,1.41696
"Mar 22, 10:00 am",2916.02,1.41696
"Mar 22, 11:00 am",2914.94,1.41696
"Mar 22, 12:00 pm",2914.97,1.41696
"Mar 22, 01:00 pm",2915.03,1.41696
"Mar 22, 02:00 pm",2915.04,1.41696
"Mar 22, 03:00 pm",2913.96,1.41696
"Mar 22, 04:00 pm",2917.05,1.41696
"Mar 22, 05:00 pm",2624.26,1.27605
"Mar 22, 06:00 pm",19.9753,0.23616
"Mar 22, 07:00 pm",0,0.23616
"Mar 22, 08:00 pm",0,0.23616
"Mar 22, 09:00 pm",0,0.23616
"Mar 22, 10:00 pm",0,0.23616
"Mar 22, 11:00 pm",0,0.23616
"Mar 23, 12:00 am",0,0.23616
"Mar 23, 01:00 am",0,0.23616
"Mar 23, 02:00 am",0,0.23616
"Mar 23, 03:00 am",0,0.23616
"Mar 23, 04:00 am",0,0.23616
"Mar 23, 05:00 am",0,0.23616
"Mar 23, 06:00 am",0,0.23616
"Mar 23, 07:00 am",0,0.23616
"Mar 23, 08:00 am",0,0.37293
"Mar 23, 09:00 am",2913.2,1.41696
"Mar 23, 10:00 am",2916.28,1.41696
"Mar 23, 11:00 am",2914.92,1.41696
"Mar 23, 12:00 pm",2914.95,1.41696
"Mar 23, 01:00 pm",2915.03,1.41696
"Mar 23, 02:00 pm",2915.04,1.41696
"Mar 23, 03:00 pm",2913.29,1.41696
"Mar 23, 04:00 pm",2917.14,1.41696
"Mar 23, 05:00 pm",2644.38,1.28577
"Mar 23, 06:00 pm",17.7595,0.23616
"Mar 23, 07:00 pm",0,0.23616
"Mar 23, 08:00 pm",0,0.23616
"Mar 23, 09:00 pm",0,0.23616
"Mar 23, 10:00 pm",0,0.23616
"Mar 23, 11:00 pm",0,0.23616
"Mar 24, 12:00 am",0,0.23616
"Mar 24, 01:00 am",0,0.23616
"Mar 24, 02:00 am",0,0.23616
"Mar 24, 03:00 am",0,0.23616
"Mar 24, 04:00 am",0,0.23616
"Mar 24, 05:00 am",0,0.23616
"Mar 24, 06:00 am",0,0.23616
"Mar 24, 07:00 am",0,0.23616
"Mar 24, 08:00 am",0,0.372764
"Mar 24, 09:00 am",2912.85,1.41696
"Mar 24, 10:00 am",2916.62,1.41696
"Mar 24, 11:00 am",2911.84,1.41696
"Mar 24, 12:00 pm",2912.17,1.41696
"Mar 24, 01:00 pm",2914.96,1.41696
"Mar 24, 02:00 pm",2912.22,1.41696
"Mar 24, 03:00 pm",2914.33,1.41696
"Mar 24, 04:00 pm",2917.03,1.41696
"Mar 24, 05:00 pm",2567.41,1.24849
"Mar 24, 06:00 pm",16.0323,0.23616
"Mar 24, 07:00 pm",0,0.23616
"Mar 24, 08:00 pm",0,0.23616
"Mar 24, 09:00 pm",0,0.23616
"Mar 24, 10:00 pm",0,0.23616
"Mar 24, 11:00 pm",0,0.23616
"Mar 25, 12:00 am",0,0.23616
"Mar 25, 01:00 am",0,0.23616
"Mar 25, 02:00 am",0,0.23616
"Mar 25, 03:00 am",0,0.23616
"Mar 25, 04:00 am",0,0.23616
"Mar 25, 05:00 am",0,0.23616
"Mar 25, 06:00 am",0,0.23616
"Mar 25, 07:00 am",0,0.23616
"Mar 25, 08:00 am",0,0.369998
"Mar 25, 09:00 am",2911.47,1.41696
"Mar 25, 10:00 am",2916.7,1.41696
"Mar 25, 11:00 am",2911.84,1.41696
"Mar 25, 12:00 pm",2912.29,1.41696
"Mar 25, 01:00 pm",2914.9,1.41696
"Mar 25, 02:00 pm",2912.24,1.41696
"Mar 25, 03:00 pm",2914.53,1.41696
"Mar 25, 04:00 pm",20.0962,0.23616
"Mar 25, 05:00 pm",0,0.23616
"Mar 25, 06:00 pm",0,0.23616
"Mar 25, 07:00 pm",0,0.23616
"Mar 25, 08:00 pm",0,0.23616
"Mar 25, 09:00 pm",0,0.23616
"Mar 25, 10:00 pm",0,0.23616
"Mar 25, 11:00 pm",0,0.23616
"Mar 26, 12:00 am",0,0.23616
"Mar 26, 01:00 am",0,0.23616
"Mar 26, 02:00 am",0,0.23616
"Mar 26, 03:00 am",0,0.23616
"Mar 26, 04:00 am",0,0.23616
"Mar 26, 05:00 am",0,0.23616
"Mar 26, 06:00 am",0,0.23616
"Mar 26, 07:00 am",0,0.23616
"Mar 26, 08:00 am",0,0.371545
"Mar 26, 09:00 am",2911.39,1.41696
"Mar 26, 10:00 am",2916.49,1.41696
"Mar 26, 11:00 am",2911.19,1.41696
"Mar 26, 12:00 pm",2911.63,1.41696
"Mar 26, 01:00 pm",2914.96,1.41696
"Mar 26, 02:00 pm",2914.97,1.41696
"Mar 26, 03:00 pm",2913.78,1.41696
"Mar 26, 04:00 pm",2917.03,1.41696
"Mar 26, 05:00 pm",2438.18,1.18512
"Mar 26, 06:00 pm",15.6435,0.23616
"Mar 26, 07:00 pm",0,0.23616
"Mar 26, 08:00 pm",0,0.23616
"Mar 26, 09:00 pm",0,0.23616
"Mar 26, 10:00 pm",0,0.23616
"Mar 26, 11:00 pm",0,0.23616
"Mar 27, 12:00 am",0,0.23616
"Mar 27, 01:00 am",0,0.23616
"Mar 27, 02:00 am",0,0.23616
"Mar 27, 03:00 am",0,0.23616
"Mar 27, 04:00 am",0,0.23616
"Mar 27, 05:00 am",0,0.23616
"Mar 27, 06:00 am",0,0.23616
"Mar 27, 07:00 am",0,0.23616
"Mar 27, 08:00 am",0,0.366025
"Mar 27, 09:00 am",2914.02,1.41696
"Mar 27, 10:00 am",2916.88,1.41696
"Mar 27, 11:00 am",2912.81,1.41696
"Mar 27, 12:00 pm",2913.08,1.41696
"Mar 27, 01:00 pm",23.4236,0.23616
"Mar 27, 02:00 pm",0,0.23616
"Mar 27, 03:00 pm",0,0.23616
"Mar 27, 04:00 pm",0,0.23616
"Mar 27, 05:00 pm",0,0.23616
"Mar 27, 06:00 pm",0,0.23616
"Mar 27, 07:00 pm",0,0.23616
"Mar 27, 08:00 pm",0,0.23616
"Mar 27, 09:00 pm",0,0.23616
"Mar 27, 10:00 pm",0,0.23616
"Mar 27, 11:00 pm",0,0.23616
"Mar 28, 12:00 am",0,0.23616
"Mar 28, 01:00 am",0,0.23616
"Mar 28, 02:00 am",0,0.23616
"Mar 28, 03:00 am",0,0.23616
"Mar 28, 04:00 am",0,0.23616
"Mar 28, 05:00 am",0,0.23616
"Mar 28, 06:00 am",0,0.23616
"Mar 28, 07:00 am",0,0.23616
"Mar 28, 08:00 am",0,0.360711
"Mar 28, 09:00 am",2443.93,1.3912
"Mar 28, 10:00 am",2917.08,1.41696
"Mar 28, 11:00 am",2913.77,1.41696
"Mar 28, 12:00 pm",2913.88,1.41696
"Mar 28, 01:00 pm",2911.91,1.41696
"Mar 28, 02:00 pm",2913.52,1.41696
"Mar 28, 03:00 pm",2912.16,1.41696
"Mar 28, 04:00 pm",2916.99,1.41696
"Mar 28, 05:00 pm",2205.89,1.07247
"Mar 28, 06:00 pm",15.8485,0.23616
"Mar 28, 07:00 pm",0,0.23616
"Mar 28, 08:00 pm",0,0.23616
"Mar 28, 09:00 pm",0,0.23616
"Mar 28, 10:00 pm",0,0.23616
"Mar 28, 11:00 pm",0,0.23616
"Mar 29, 12:00 am",0,0.23616
"Mar 29, 01:00 am",0,0.23616
"Mar 29, 02:00 am",0,0.23616
"Mar 29, 03:00 am",0,0.23616
"Mar 29, 04:00 am",0,0.23616
"Mar 29, 05:00 am",0,0.23616
"Mar 29, 06:00 am",0,0.23616
"Mar 29, 07:00 am",0,0.23616
"Mar 29, 08:00 am",0,0.358958
"Mar 29, 09:00 am",2466.07,1.39062
"Mar 29, 10:00 am",2917.17,1.41696
"Mar 29, 11:00 am",2913.78,1.41696
"Mar 29, 12:00 pm",2913.85,1.41696
"Mar 29, 01:00 pm",2911.96,1.41696
"Mar 29, 02:00 pm",2913.56,1.41696
"Mar 29, 03:00 pm",2913.82,1.41696
"Mar 29, 04:00 pm",2917.01,1.41696
"Mar 29, 05:00 pm",2131.49,1.03629
"Mar 29, 06:00 pm",15.9961,0.23616
"Mar 29, 07:00 pm",0,0.23616
"Mar 29, 08:00 pm",0,0.23616
"Mar 29, 09:00 pm",0,0.23616
"Mar 29, 10:00 pm",0,0.23616
"Mar 29, 11:00 pm",0,0.23616
"Mar 30, 12:00 am",0,0.23616
"Mar 30, 01:00 am",0,0.23616
"Mar 30, 02:00 am",0,0.23616
"Mar 30, 03:00 am",0,0.23616
"Mar 30, 04:00 am",0,0.23616
"Mar 30, 05:00 am",0,0.23616
"Mar 30, 06:00 am",0,0.23616
"Mar 30, 07:00 am",0,0.23616
"Mar 30, 08:00 am",0,0.361413
"Mar 30, 09:00 am",2466.37,1.39343
"Mar 30, 10:00 am",2916.93,1.41696
"Mar 30, 11:00 am",2912.72,1.41696
"Mar 30, 12:00 pm",2913.29,1.41696
"Mar 30, 01:00 pm",2911.66,1.41696
"Mar 30, 02:00 pm",2913.72,1.41696
"Mar 30, 03:00 pm",2915.21,1.41696
"Mar 30, 04:00 pm",2916.94,1.41696
"Mar 30, 05:00 pm",2022.62,0.983386
"Mar 30, 06:00 pm",15.7856,0.23616
"Mar 30, 07:00 pm",0,0.23616
"Mar 30, 08:00 pm",0,0.23616
"Mar 30, 09:00 pm",0,0.23616
"Mar 30, 10:00 pm",0,0.23616
"Mar 30, 11:00 pm",0,0.23616
"Mar 31, 12:00 am",0,0.23616
"Mar 31, 01:00 am",0,0.23616
"Mar 31, 02:00 am",0,0.23616
"Mar 31, 03:00 am",0,0.23616
"Mar 31, 04:00 am",0,0.23616
"Mar 31, 05:00 am",0,0.23616
"Mar 31, 06:00 am",0,0.23616
"Mar 31, 07:00 am",0,0.23616
"Mar 31, 08:00 am",0,0.351084
"Mar 31, 09:00 am",2428.29,1.38522
"Mar 31, 10:00 am",2917.2,1.41696
"Mar 31, 11:00 am",2915.24,1.41696
"Mar 31, 12:00 pm",2915.18,1.41696
"Mar 31, 01:00 pm",2914.34,1.41696
"Mar 31, 02:00 pm",2915.33,1.41696
"Mar 31, 03:00 pm",2916.59,1.41696
"Mar 31, 04:00 pm",2916.57,1.41696
"Mar 31, 05:00 pm",1875.61,0.91192
"Mar 31, 06:00 pm",15.6595,0.23616
"Mar 31, 07:00 pm",0,0.23616
"Mar 31, 08:00 pm",0,0.23616
"Mar 31, 09:00 pm",0,0.23616
"Mar 31, 10:00 pm",0,0.23616
"Mar 31, 11:00 pm",0,0.23616
"Apr 1, 12:00 am",0,0.23616
"Apr 1, 01:00 am",0,0.23616
"Apr 1, 02:00 am",0,0.23616
"Apr 1, 03:00 am",0,0.23616
"Apr 1, 04:00 am",0,0.23616
"Apr 1, 05:00 am",0,0.23616
"Apr 1, 06:00 am",0,0.23616
"Apr 1, 07:00 am",0,0.23616
"Apr 1, 08:00 am",0,0.23616
"Apr 1, 09:00 am",0,0.23616
"Apr 1, 10:00 am",0,0.23616
"Apr 1, 11:00 am",0,0.23616
"Apr 1, 12:00 pm",1997.76,1.02334
"Apr 1, 01:00 pm",2915.98,1.41696
"Apr 1, 02:00 pm",2916.74,1.41696
"Apr 1, 03:00 pm",2917.12,1.41696
"Apr 1, 04:00 pm",2916.18,1.41696
"Apr 1, 05:00 pm",1737.92,0.844984
"Apr 1, 06:00 pm",15.0397,0.23616
"Apr 1, 07:00 pm",0,0.23616
"Apr 1, 08:00 pm",0,0.23616
"Apr 1, 09:00 pm",0,0.23616
"Apr 1, 10:00 pm",0,0.23616
"Apr 1, 11:00 pm",0,0.23616
"Apr 2, 12:00 am",0,0.23616
"Apr 2, 01:00 am",0,0.23616
"Apr 2, 02:00 am",0,0.23616
"Apr 2, 03:00 am",0,0.23616
"Apr 2, 04:00 am",0,0.23616
"Apr 2, 05:00 am",0,0.23616
"Apr 2, 06:00 am",0,0.23616
"Apr 2, 07:00 am",0,0.23616
"Apr 2, 08:00 am",0,0.288803
"Apr 2, 09:00 am",2422.54,1.37629
"Apr 2, 10:00 am",2917.03,1.41696
"Apr 2, 11:00 am",2916.26,1.41696
"Apr 2, 12:00 pm",2916.23,1.41696
"Apr 2, 01:00 pm",2915.63,1.41696
"Apr 2, 02:00 pm",2916.63,1.41696
"Apr 2, 03:00 pm",2917.07,1.41696
"Apr 2, 04:00 pm",2916.22,1.41696
"Apr 2, 05:00 pm",1680.69,0.817142
"Apr 2, 06:00 pm",15.0128,0.23616
"Apr 2, 07:00 pm",0,0.23616
"Apr 2, 08:00 pm",0,0.23616
"Apr 2, 09:00 pm",0,0.23616
"Apr 2, 10:00 pm",0,0.23616
"Apr 2, 11:00 pm",0,0.23616
"Apr 3, 12:00 am",0,0.23616
"Apr 3, 01:00 am",0,0.23616
"Apr 3, 02:00 am",0,0.23616
"Apr 3, 03:00 am",0,0.23616
"Apr 3, 04:00 am",0,0.23616
"Apr 3, 05:00 am",0,0.23616
"Apr 3, 06:00 am",0,0.23616
"Apr 3, 07:00 am",0,0.23616
"Apr 3, 08:00 am",0,0.23616
"Apr 3, 09:00 am",2355.31,1.33948
"Apr 3, 10:00 am",20.0458,0.23616
"Apr 3, 11:00 am",0,0.23616
"Apr 3, 12:00 pm",0,0.23616
"Apr 3, 01:00 pm",0,0.23616
"Apr 3, 02:00 pm",0,0.23616
"Apr 3, 03:00 pm",0,0.23616
"Apr 3, 04:00 pm",0,0.23616
"Apr 3, 05:00 pm",0,0.23616
"Apr 3, 06:00 pm",0,0.23616
"Apr 3, 07:00 pm",0,0.23616
"Apr 3, 08:00 pm",0,0.23616
"Apr 3, 09:00 pm",0,0.23616
"Apr 3, 10:00 pm",0,0.23616
"Apr 3, 11:00 pm",0,0.23616
"Apr 4, 12:00 am",0,0.23616
"Apr 4, 01:00 am",0,0.23616
"Apr 4, 02:00 am",0,0.23616
"Apr 4, 03:00 am",0,0.23616
"Apr 4, 04:00 am",0,0.23616
"Apr 4, 05:00 am",0,0.23616
"Apr 4, 06:00 am",0,0.23616
"Apr 4, 07:00 am",0,0.23616
"Apr 4, 08:00 am",0,0.23616
"Apr 4, 09:00 am",1875.27,1.29373
"Apr 4, 10:00 am",2916.81,1.41696
"Apr 4, 11:00 am",2917.13,1.41696
"Apr 4, 12:00 pm",2917.2,1.41696
"Apr 4, 01:00 pm",2917.19,1.41696
"Apr 4, 02:00 pm",2917.23,1.41696
"Apr 4, 03:00 pm",2917.23,1.41696
"Apr 4, 04:00 pm",2915.66,1.41696
"Apr 4, 05:00 pm",1471.4,0.715325
"Apr 4, 06:00 pm",14.9932,0.23616
"Apr 4, 07:00 pm",0,0.23616
"Apr 4, 08:00 pm",0,0.23616
"Apr 4, 09:00 pm",0,0.23616
"Apr 4, 10:00 pm",0,0.23616
"Apr 4, 11:00 pm",0,0.23616
"Apr 5, 12:00 am",0,0.23616
"Apr 5, 01:00 am",0,0.23616
"Apr 5, 02:00 am",0,0.23616
"Apr 5, 03:00 am",0,0.23616
"Apr 5, 04:00 am",0,0.23616
"Apr 5, 05:00 am",0,0.23616
"Apr 5, 06:00 am",0,0.23616
"Apr 5, 07:00 am",0,0.23616
"Apr 5, 08:00 am",0,0.23616
"Apr 5, 09:00 am",0,0.23616
"Apr 5, 10:00 am",0,0.23616
"Apr 5, 11:00 am",1994.57,1.02334
"Apr 5, 12:00 pm",22.5884,0.23616
"Apr 5, 01:00 pm",2487.39,1.41696
"Apr 5, 02:00 pm",20.7897,0.23616
"Apr 5, 03:00 pm",0,0.23616
"Apr 5, 04:00 pm",2430.25,1.41233
"Apr 5, 05:00 pm",1399.99,0.6806
"Apr 5, 06:00 pm",14.9072,0.23616
"Apr 5, 07:00 pm",0,0.23616
"Apr 5, 08:00 pm",0,0.23616
"Apr 5, 09:00 pm",0,0.23616
"Apr 5, 10:00 pm",0,0.23616
"Apr 5, 11:00 pm",0,0.23616
"Apr 6, 12:00 am",0,0.23616
"Apr 6, 01:00 am",0,0.23616
"Apr 6, 02:00 am",0,0.23616
"Apr 6, 03:00 am",0,0.23616
"Apr 6, 04:00 am",0,0.23616
"Apr 6, 05:00 am",0,0.23616
"Apr 6, 06:00 am",0,0.23616
"Apr 6, 07:00 am",0,0.23616
"Apr 6, 08:00 am",0,0.23616
"Apr 6, 09:00 am",0,0.23616
"Apr 6, 10:00 am",0,0.23616
"Apr 6, 11:00 am",1995.51,1.02334
"Apr 6, 12:00 pm",2917.21,1.41696
"Apr 6, 01:00 pm",2916.97,1.41696
"Apr 6, 02:00 pm",2917.2,1.41696
"Apr 6, 03:00 pm",2917.25,1.41696
"Apr 6, 04:00 pm",2915.67,1.41696
"Apr 6, 05:00 pm",1356.41,0.659379
"Apr 6, 06:00 pm",15.2651,0.23616
"Apr 6, 07:00 pm",0,0.23616
"Apr 6, 08:00 pm",0,0.23616
"Apr 6, 09:00 pm",0,0.23616
"Apr 6, 10:00 pm",0,0.23616
"Apr 6, 11:00 pm",0,0.23616
"Apr 7, 12:00 am",0,0.23616
"Apr 7, 01:00 am",0,0.23616
"Apr 7, 02:00 am",0,0.23616
"Apr 7, 03:00 am",0,0.23616
"Apr 7, 04:00 am",0,0.23616
"Apr 7, 05:00 am",0,0.23616
"Apr 7, 06:00 am",0,0.23616
"Apr 7, 07:00 am",0,0.23616
"Apr 7, 08:00 am",0,0.23616
"Apr 7, 09:00 am",1858.76,1.27975
"Apr 7, 10:00 am",2916.83,1.41696
"Apr 7, 11:00 am",2917.16,1.41696
"Apr 7, 12:00 pm",2917.23,1.41696
"Apr 7, 01:00 pm",2917,1.41696
"Apr 7, 02:00 pm",2917.23,1.41696
"Apr 7, 03:00 pm",2917.28,1.41696
"Apr 7, 04:00 pm",2915.73,1.41696
"Apr 7, 05:00 pm",1308.33,0.63598
"Apr 7, 06:00 pm",15.5756,0.23616
"Apr 7, 07:00 pm",0,0.23616
"Apr 7, 08:00 pm",0,0.23616
"Apr 7, 09:00 pm",0,0.23616
"Apr 7, 10:00 pm",0,0.23616
"Apr 7, 11:00 pm",0,0.23616
"Apr 8, 12:00 am",0,0.23616
"Apr 8, 01:00 am",0,0.23616
"Apr 8, 02:00 am",0,0.23616
"Apr 8, 03:00 am",0,0.23616
"Apr 8, 04:00 am",0,0.23616
"Apr 8, 05:00 am",0,0.23616
"Apr 8, 06:00 am",0,0.23616
"Apr 8, 07:00 am",0,0.23616
"Apr 8, 08:00 am",0,0.23616
"Apr 8, 09:00 am",1843.3,1.27217
"Apr 8, 10:00 am",2916.76,1.41696
"Apr 8, 11:00 am",2917.27,1.41696
"Apr 8, 12:00 pm",2917.39,1.41696
"Apr 8, 01:00 pm",2917.41,1.41696
"Apr 8, 02:00 pm",2917.43,1.41696
"Apr 8, 03:00 pm",2917.42,1.41696
"Apr 8, 04:00 pm",2915.43,1.41696
"Apr 8, 05:00 pm",1212.32,0.589304
"Apr 8, 06:00 pm",15.6249,0.23616
"Apr 8, 07:00 pm",0,0.23616
"Apr 8, 08:00 pm",0,0.23616
"Apr 8, 09:00 pm",0,0.23616
"Apr 8, 10:00 pm",0,0.23616
"Apr 8, 11:00 pm",0,0.23616
"Apr 9, 12:00 am",0,0.23616
"Apr 9, 01:00 am",0,0.23616
"Apr 9, 02:00 am",0,0.23616
"Apr 9, 03:00 am",0,0.23616
"Apr 9, 04:00 am",0,0.23616
"Apr 9, 05:00 am",0,0.23616
"Apr 9, 06:00 am",0,0.23616
"Apr 9, 07:00 am",0,0.23616
"Apr 9, 08:00 am",0,0.23616
"Apr 9, 09:00 am",0,0.23616
"Apr 9, 10:00 am",0,0.23616
"Apr 9, 11:00 am",0,0.23616
"Apr 9, 12:00 pm",0,0.23616
"Apr 9, 01:00 pm",0,0.23616
"Apr 9, 02:00 pm",0,0.23616
"Apr 9, 03:00 pm",0,0.23616
"Apr 9, 04:00 pm",0,0.23616
"Apr 9, 05:00 pm",0,0.23616
"Apr 9, 06:00 pm",0,0.23616
"Apr 9, 07:00 pm",0,0.23616
"Apr 9, 08:00 pm",0,0.23616
"Apr 9, 09:00 pm",0,0.23616
"Apr 9, 10:00 pm",0,0.23616
"Apr 9, 11:00 pm",0,0.23616
"Apr 10, 12:00 am",0,0.23616
"Apr 10, 01:00 am",0,0.23616
"Apr 10, 02:00 am",0,0.23616
"Apr 10, 03:00 am",0,0.23616
"Apr 10, 04:00 am",0,0.23616
"Apr 10, 05:00 am",0,0.23616
"Apr 10, 06:00 am",0,0.23616
"Apr 10, 07:00 am",0,0.23616
"Apr 10, 08:00 am",0,0.23616
"Apr 10, 09:00 am",0,0.23616
"Apr 10, 10:00 am",0,0.23616
"Apr 10, 11:00 am",0,0.23616
"Apr 10, 12:00 pm",0,0.23616
"Apr 10, 01:00 pm",1984.19,1.02334
"Apr 10, 02:00 pm",2917.14,1.41696
"Apr 10, 03:00 pm",2916.97,1.41696
"Apr 10, 04:00 pm",2914.4,1.41696
"Apr 10, 05:00 pm",16.7276,0.23616
"Apr 10, 06:00 pm",0,0.23616
"Apr 10, 07:00 pm",0,0.23616
"Apr 10, 08:00 pm",0,0.23616
"Apr 10, 09:00 pm",0,0.23616
"Apr 10, 10:00 pm",0,0.23616
"Apr 10, 11:00 pm",0,0.23616
"Apr 11, 12:00 am",0,0.23616
"Apr 11, 01:00 am",0,0.23616
"Apr 11, 02:00 am",0,0.23616
"Apr 11, 03:00 am",0,0.23616
"Apr 11, 04:00 am",0,0.23616
"Apr 11, 05:00 am",0,0.23616
"Apr 11, 06:00 am",0,0.23616
"Apr 11, 07:00 am",0,0.23616
"Apr 11, 08:00 am",0,0.23616
"Apr 11, 09:00 am",2691.19,1.30056
"Apr 11, 10:00 am",2916.23,1.41696
"Apr 11, 11:00 am",2917.03,1.41696
"Apr 11, 12:00 pm",20.1976,0.23616
"Apr 11, 01:00 pm",0,0.23616
"Apr 11, 02:00 pm",0,0.23616
"Apr 11, 03:00 pm",0,0.23616
"Apr 11, 04:00 pm",0,0.23616
"Apr 11, 05:00 pm",0,0.23616
"Apr 11, 06:00 pm",0,0.23616
"Apr 11, 07:00 pm",0,0.23616
"Apr 11, 08:00 pm",0,0.23616
"Apr 11, 09:00 pm",0,0.23616
"Apr 11, 10:00 pm",0,0.23616
"Apr 11, 11:00 pm",0,0.23616
"Apr 12, 12:00 am",0,0.23616
"Apr 12, 01:00 am",0,0.23616
"Apr 12, 02:00 am",0,0.23616
"Apr 12, 03:00 am",0,0.23616
"Apr 12, 04:00 am",0,0.23616
"Apr 12, 05:00 am",0,0.23616
"Apr 12, 06:00 am",0,0.23616
"Apr 12, 07:00 am",0,0.23616
"Apr 12, 08:00 am",0,0.23616
"Apr 12, 09:00 am",2713.66,1.31336
"Apr 12, 10:00 am",2916.54,1.41696
"Apr 12, 11:00 am",2917.19,1.41696
"Apr 12, 12:00 pm",2917.3,1.41696
"Apr 12, 01:00 pm",2917.33,1.41696
"Apr 12, 02:00 pm",2917.32,1.41696
"Apr 12, 03:00 pm",2917.14,1.41696
"Apr 12, 04:00 pm",2914.96,1.41696
"Apr 12, 05:00 pm",969.894,0.47171
"Apr 12, 06:00 pm",15.0587,0.23616
"Apr 12, 07:00 pm",0,0.23616
"Apr 12, 08:00 pm",0,0.23616
"Apr 12, 09:00 pm",0,0.23616
"Apr 12, 10:00 pm",0,0.23616
"Apr 12, 11:00 pm",0,0.23616
"Apr 13, 12:00 am",0,0.23616
"Apr 13, 01:00 am",0,0.23616
"Apr 13, 02:00 am",0,0.23616
"Apr 13, 03:00 am",0,0.23616
"Apr 13, 04:00 am",0,0.23616
"Apr 13, 05:00 am",0,0.23616
"Apr 13, 06:00 am",0,0.23616
"Apr 13, 07:00 am",0,0.23616
"Apr 13, 08:00 am",0,0.23616
"Apr 13, 09:00 am",1959.03,1.01838
"Apr 13, 10:00 am",2916.55,1.41696
"Apr 13, 11:00 am",2917.06,1.41696
"Apr 13, 12:00 pm",2917.13,1.41696
"Apr 13, 01:00 pm",2917.14,1.41696
"Apr 13, 02:00 pm",2917.13,1.41696
"Apr 13, 03:00 pm",2917.1,1.41696
"Apr 13, 04:00 pm",2912.91,1.41696
"Apr 13, 05:00 pm",859.579,0.418202
"Apr 13, 06:00 pm",14.8335,0.23616
"Apr 13, 07:00 pm",0,0.23616
"Apr 13, 08:00 pm",0,0.23616
"Apr 13, 09:00 pm",0,0.23616
"Apr 13, 10:00 pm",0,0.23616
"Apr 13, 11:00 pm",0,0.23616
"Apr 14, 12:00 am",0,0.23616
"Apr 14, 01:00 am",0,0.23616
"Apr 14, 02:00 am",0,0.23616
"Apr 14, 03:00 am",0,0.23616
"Apr 14, 04:00 am",0,0.23616
"Apr 14, 05:00 am",0,0.23616
"Apr 14, 06:00 am",0,0.23616
"Apr 14, 07:00 am",0,0.23616
"Apr 14, 08:00 am",0,0.23616
"Apr 14, 09:00 am",0,0.23616
"Apr 14, 10:00 am",0,0.23616
"Apr 14, 11:00 am",0,0.23616
"Apr 14, 12:00 pm",0,0.23616
"Apr 14, 01:00 pm",0,0.23616
"Apr 14, 02:00 pm",0,0.23616
"Apr 14, 03:00 pm",0,0.23616
"Apr 14, 04:00 pm",0,0.23616
"Apr 14, 05:00 pm",0,0.23616
"Apr 14, 06:00 pm",0,0.23616
"Apr 14, 07:00 pm",0,0.23616
"Apr 14, 08:00 pm",0,0.23616
"Apr 14, 09:00 pm",0,0.23616
"Apr 14, 10:00 pm",0,0.23616
"Apr 14, 11:00 pm",0,0.23616
"Apr 15, 12:00 am",0,0.23616
"Apr 15, 01:00 am",0,0.23616
"Apr 15, 02:00 am",0,0.23616
"Apr 15, 03:00 am",0,0.23616
"Apr 15, 04:00 am",0,0.23616
"Apr 15, 05:00 am",0,0.23616
"Apr 15, 06:00 am",0,0.23616
"Apr 15, 07:00 am",0,0.23616
"Apr 15, 08:00 am",0,0.23616
"Apr 15, 09:00 am",1404.02,0.791258
"Apr 15, 10:00 am",2916.09,1.41696
"Apr 15, 11:00 am",2916.87,1.41696
"Apr 15, 12:00 pm",2916.91,1.41696
"Apr 15, 01:00 pm",2916.94,1.41696
"Apr 15, 02:00 pm",2916.93,1.41696
"Apr 15, 03:00 pm",2916.72,1.41696
"Apr 15, 04:00 pm",2912.46,1.41696
"Apr 15, 05:00 pm",743.495,0.362006
"Apr 15, 06:00 pm",14.8487,0.23616
"Apr 15, 07:00 pm",0,0.23616
"Apr 15, 08:00 pm",0,0.23616
"Apr 15, 09:00 pm",0,0.23616
"Apr 15, 10:00 pm",0,0.23616
"Apr 15, 11:00 pm",0,0.23616
"Apr 16, 12:00 am",0,0.23616
"Apr 16, 01:00 am",0,0.23616
"Apr 16, 02:00 am",0,0.23616
"Apr 16, 03:00 am",0,0.23616
"Apr 16, 04:00 am",0,0.23616
"Apr 16, 05:00 am",0,0.23616
"Apr 16, 06:00 am",0,0.23616
"Apr 16, 07:00 am",0,0.23616
"Apr 16, 08:00 am",0,0.23616
"Apr 16, 09:00 am",0,0.23616
"Apr 16, 10:00 am",0,0.23616
"Apr 16, 11:00 am",0,0.23616
"Apr 16, 12:00 pm",1982.26,1.02334
"Apr 16, 01:00 pm",2916.71,1.41696
"Apr 16, 02:00 pm",2916.7,1.41696
"Apr 16, 03:00 pm",2916.31,1.41696
"Apr 16, 04:00 pm",2913.49,1.41696
"Apr 16, 05:00 pm",677.003,0.329659
"Apr 16, 06:00 pm",14.5485,0.23616
"Apr 16, 07:00 pm",0,0.23616
"Apr 16, 08:00 pm",0,0.23616
"Apr 16, 09:00 pm",0,0.23616
"Apr 16, 10:00 pm",0,0.23616
"Apr 16, 11:00 pm",0,0.23616
"Apr 17, 12:00 am",0,0.23616
"Apr 17, 01:00 am",0,0.23616
"Apr 17, 02:00 am",0,0.23616
"Apr 17, 03:00 am",0,0.23616
"Apr 17, 04:00 am",0,0.23616
"Apr 17, 05:00 am",0,0.23616
"Apr 17, 06:00 am",0,0.23616
"Apr 17, 07:00 am",0,0.23616
"Apr 17, 08:00 am",0,0.23616
"Apr 17, 09:00 am",2488.37,1.21034
"Apr 17, 10:00 am",2915.77,1.41696
"Apr 17, 11:00 am",2916.88,1.41696
"Apr 17, 12:00 pm",2916.92,1.41696
"Apr 17, 01:00 pm",2916.94,1.41696
"Apr 17, 02:00 pm",2916.93,1.41696
"Apr 17, 03:00 pm",2916.64,1.41696
"Apr 17, 04:00 pm",2912.69,1.41696
"Apr 17, 05:00 pm",654.775,0.318841
"Apr 17, 06:00 pm",14.7715,0.23616
"Apr 17, 07:00 pm",0,0.23616
"Apr 17, 08:00 pm",0,0.23616
"Apr 17, 09:00 pm",0,0.23616
"Apr 17, 10:00 pm",0,0.23616
"Apr 17, 11:00 pm",0,0.23616
"Apr 18, 12:00 am",0,0.23616
"Apr 18, 01:00 am",0,0.23616
"Apr 18, 02:00 am",0,0.23616
"Apr 18, 03:00 am",0,0.23616
"Apr 18, 04:00 am",0,0.23616
"Apr 18, 05:00 am",0,0.23616
"Apr 18, 06:00 am",0,0.23616
"Apr 18, 07:00 am",0,0.23616
"Apr 18, 08:00 am",0,0.23616
"Apr 18, 09:00 am",2490.78,1.21153
"Apr 18, 10:00 am",2915.79,1.41696
"Apr 18, 11:00 am",2916.86,1.41696
"Apr 18, 12:00 pm",2916.9,1.41696
"Apr 18, 01:00 pm",2916.92,1.41696
"Apr 18, 02:00 pm",2916.91,1.41696
"Apr 18, 03:00 pm",2916.57,1.41696
"Apr 18, 04:00 pm",2913.3,1.41696
"Apr 18, 05:00 pm",602.062,0.293282
"Apr 18, 06:00 pm",14.5832,0.23616
"Apr 18, 07:00 pm",0,0.23616
"Apr 18, 08:00 pm",0,0.23616
"Apr 18, 09:00 pm",0,0.23616
"Apr 18, 10:00 pm",0,0.23616
"Apr 18, 11:00 pm",0,0.23616
"Apr 19, 12:00 am",0,0.23616
"Apr 19, 01:00 am",0,0.23616
"Apr 19, 02:00 am",0,0.23616
"Apr 19, 03:00 am",0,0.23616
"Apr 19, 04:00 am",0,0.23616
"Apr 19, 05:00 am",0,0.23616
"Apr 19, 06:00 am",0,0.23616
"Apr 19, 07:00 am",0,0.23616
"Apr 19, 08:00 am",0,0.23616
"Apr 19, 09:00 am",1999.02,1.13081
"Apr 19, 10:00 am",2915.17,1.41696
"Apr 19, 11:00 am",2916.35,1.41696
"Apr 19, 12:00 pm",2916.37,1.41696
"Apr 19, 01:00 pm",2916.39,1.41696
"Apr 19, 02:00 pm",2916.39,1.41696
"Apr 19, 03:00 pm",2916.1,1.41696
"Apr 19, 04:00 pm",2862.86,1.39193
"Apr 19, 05:00 pm",536.349,0.261467
"Apr 19, 06:00 pm",14.3497,0.23616
"Apr 19, 07:00 pm",0,0.23616
"Apr 19, 08:00 pm",0,0.23616
"Apr 19, 09:00 pm",0,0.23616
"Apr 19, 10:00 pm",0,0.23616
"Apr 19, 11:00 pm",0,0.23616
"Apr 20, 12:00 am",0,0.23616
"Apr 20, 01:00 am",0,0.23616
"Apr 20, 02:00 am",0,0.23616
"Apr 20, 03:00 am",0,0.23616
"Apr 20, 04:00 am",0,0.23616
"Apr 20, 05:00 am",0,0.23616
"Apr 20, 06:00 am",0,0.23616
"Apr 20, 07:00 am",0,0.23616
"Apr 20, 08:00 am",0,0.23616
"Apr 20, 09:00 am",2076.26,1.16426
"Apr 20, 10:00 am",2915.66,1.41696
"Apr 20, 11:00 am",2916.6,1.41696
"Apr 20, 12:00 pm",2916.62,1.41696
"Apr 20, 01:00 pm",2916.64,1.41696
"Apr 20, 02:00 pm",2916.63,1.41696
"Apr 20, 03:00 pm",2916.31,1.41696
"Apr 20, 04:00 pm",2901.23,1.41036
"Apr 20, 05:00 pm",507.229,0.247257
"Apr 20, 06:00 pm",14.2933,0.23616
"Apr 20, 07:00 pm",0,0.23616
"Apr 20, 08:00 pm",0,0.23616
"Apr 20, 09:00 pm",0,0.23616
"Apr 20, 10:00 pm",0,0.23616
"Apr 20, 11:00 pm",0,0.23616
"Apr 21, 12:00 am",0,0.23616
"Apr 21, 01:00 am",0,0.23616
"Apr 21, 02:00 am",0,0.23616
"Apr 21, 03:00 am",0,0.23616
"Apr 21, 04:00 am",0,0.23616
"Apr 21, 05:00 am",0,0.23616
"Apr 21, 06:00 am",0,0.23616
"Apr 21, 07:00 am",0,0.23616
"Apr 21, 08:00 am",0,0.23616
"Apr 21, 09:00 am",2023.7,1.14675
"Apr 21, 10:00 am",18.9544,0.23616
"Apr 21, 11:00 am",2457.81,1.41696
"Apr 21, 12:00 pm",19.8691,0.23616
"Apr 21, 01:00 pm",0,0.23616
"Apr 21, 02:00 pm",0,0.23616
"Apr 21, 03:00 pm",0,0.23616
"Apr 21, 04:00 pm",0,0.23616
"Apr 21, 05:00 pm",0,0.23616
"Apr 21, 06:00 pm",0,0.23616
"Apr 21, 07:00 pm",0,0.23616
"Apr 21, 08:00 pm",0,0.23616
"Apr 21, 09:00 pm",0,0.23616
"Apr 21, 10:00 pm",0,0.23616
"Apr 21, 11:00 pm",0,0.23616
"Apr 22, 12:00 am",0,0.23616
"Apr 22, 01:00 am",0,0.23616
"Apr 22, 02:00 am",0,0.23616
"Apr 22, 03:00 am",0,0.23616
"Apr 22, 04:00 am",0,0.23616
"Apr 22, 05:00 am",0,0.23616
"Apr 22, 06:00 am",0,0.23616
"Apr 22, 07:00 am",0,0.23616
"Apr 22, 08:00 am",0,0.23616
"Apr 22, 09:00 am",0,0.23616
"Apr 22, 10:00 am",0,0.23616
"Apr 22, 11:00 am",0,0.23616
"Apr 22, 12:00 pm",0,0.23616
"Apr 22, 01:00 pm",0,0.23616
"Apr 22, 02:00 pm",0,0.23616
"Apr 22, 03:00 pm",0,0.23616
"Apr 22, 04:00 pm",0,0.23616
"Apr 22, 05:00 pm",0,0.23616
"Apr 22, 06:00 pm",0,0.23616
"Apr 22, 07:00 pm",0,0.23616
"Apr 22, 08:00 pm",0,0.23616
"Apr 22, 09:00 pm",0,0.23616
"Apr 22, 10:00 pm",0,0.23616
"Apr 22, 11:00 pm",0,0.23616
"Apr 23, 12:00 am",0,0.23616
"Apr 23, 01:00 am",0,0.23616
"Apr 23, 02:00 am",0,0.23616
"Apr 23, 03:00 am",0,0.23616
"Apr 23, 04:00 am",0,0.23616
"Apr 23, 05:00 am",0,0.23616
"Apr 23, 06:00 am",0,0.23616
"Apr 23, 07:00 am",0,0.23616
"Apr 23, 08:00 am",0,0.23616
"Apr 23, 09:00 am",0,0.23616
"Apr 23, 10:00 am",0,0.23616
"Apr 23, 11:00 am",0,0.23616
"Apr 23, 12:00 pm",0,0.23616
"Apr 23, 01:00 pm",0,0.23616
"Apr 23, 02:00 pm",0,0.23616
"Apr 23, 03:00 pm",0,0.23616
"Apr 23, 04:00 pm",0,0.23616
"Apr 23, 05:00 pm",0,0.23616
"Apr 23, 06:00 pm",0,0.23616
"Apr 23, 07:00 pm",0,0.23616
"Apr 23, 08:00 pm",0,0.23616
"Apr 23, 09:00 pm",0,0.23616
"Apr 23, 10:00 pm",0,0.23616
"Apr 23, 11:00 pm",0,0.23616
"Apr 24, 12:00 am",0,0.23616
"Apr 24, 01:00 am",0,0.23616
"Apr 24, 02:00 am",0,0.23616
"Apr 24, 03:00 am",0,0.23616
"Apr 24, 04:00 am",0,0.23616
"Apr 24, 05:00 am",0,0.23616
"Apr 24, 06:00 am",0,0.23616
"Apr 24, 07:00 am",0,0.23616
"Apr 24, 08:00 am",0,0.23616
"Apr 24, 09:00 am",1862.46,1.06271
"Apr 24, 10:00 am",2914.75,1.41696
"Apr 24, 11:00 am",2915.92,1.41696
"Apr 24, 12:00 pm",2915.87,1.41696
"Apr 24, 01:00 pm",2915.88,1.41696
"Apr 24, 02:00 pm",2915.87,1.41696
"Apr 24, 03:00 pm",2915.85,1.41696
"Apr 24, 04:00 pm",2718.93,1.32194
"Apr 24, 05:00 pm",331.363,0.23616
"Apr 24, 06:00 pm",13.5008,0.23616
"Apr 24, 07:00 pm",0,0.23616
"Apr 24, 08:00 pm",0,0.23616
"Apr 24, 09:00 pm",0,0.23616
"Apr 24, 10:00 pm",0,0.23616
"Apr 24, 11:00 pm",0,0.23616
"Apr 25, 12:00 am",0,0.23616
"Apr 25, 01:00 am",0,0.23616
"Apr 25, 02:00 am",0,0.23616
"Apr 25, 03:00 am",0,0.23616
"Apr 25, 04:00 am",0,0.23616
"Apr 25, 05:00 am",0,0.23616
"Apr 25, 06:00 am",0,0.23616
"Apr 25, 07:00 am",0,0.23616
"Apr 25, 08:00 am",0,0.23616
"Apr 25, 09:00 am",1861.84,1.06098
"Apr 25, 10:00 am",2914.65,1.41696
"Apr 25, 11:00 am",2915.76,1.41696
"Apr 25, 12:00 pm",2915.78,1.41696
"Apr 25, 01:00 pm",2915.8,1.41696
"Apr 25, 02:00 pm",2915.79,1.41696
"Apr 25, 03:00 pm",2915.78,1.41696
"Apr 25, 04:00 pm",2681.64,1.30387
"Apr 25, 05:00 pm",295.413,0.23616
"Apr 25, 06:00 pm",13.7047,0.23616
"Apr 25, 07:00 pm",0,0.23616
"Apr 25, 08:00 pm",0,0.23616
"Apr 25, 09:00 pm",0,0.23616
"Apr 25, 10:00 pm",0,0.23616
"Apr 25, 11:00 pm",0,0.23616
"Apr 26, 12:00 am",0,0.23616
"Apr 26, 01:00 am",0,0.23616
"Apr 26, 02:00 am",0,0.23616
"Apr 26, 03:00 am",0,0.23616
"Apr 26, 04:00 am",0,0.23616
"Apr 26, 05:00 am",0,0.23616
"Apr 26, 06:00 am",0,0.23616
"Apr 26, 07:00 am",0,0.23616
"Apr 26, 08:00 am",0,0.23616
"Apr 26, 09:00 am",1884.07,1.07353
"Apr 26, 10:00 am",2914.85,1.41696
"Apr 26, 11:00 am",2916.02,1.41696
"Apr 26, 12:00 pm",2916.06,1.41696
"Apr 26, 01:00 pm",2916.08,1.41696
"Apr 26, 02:00 pm",2916.09,1.41696
"Apr 26, 03:00 pm",2916.08,1.41696
"Apr 26, 04:00 pm",2728.53,1.32655
"Apr 26, 05:00 pm",279.865,0.23616
"Apr 26, 06:00 pm",14.1336,0.23616
"Apr 26, 07:00 pm",0,0.23616
"Apr 26, 08:00 pm",0,0.23616
"Apr 26, 09:00 pm",0,0.23616
"Apr 26, 10:00 pm",0,0.23616
"Apr 26, 11:00 pm",0,0.23616
"Apr 27, 12:00 am",0,0.23616
"Apr 27, 01:00 am",0,0.23616
"Apr 27, 02:00 am",0,0.23616
"Apr 27, 03:00 am",0,0.23616
"Apr 27, 04:00 am",0,0.23616
"Apr 27, 05:00 am",0,0.23616
"Apr 27, 06:00 am",0,0.23616
"Apr 27, 07:00 am",0,0.23616
"Apr 27, 08:00 am",0,0.23616
"Apr 27, 09:00 am",1887.16,1.07398
"Apr 27, 10:00 am",2915.33,1.41696
"Apr 27, 11:00 am",2916.03,1.41696
"Apr 27, 12:00 pm",2916.07,1.41696
"Apr 27, 01:00 pm",2916.1,1.41696
"Apr 27, 02:00 pm",2916.12,1.41696
"Apr 27, 03:00 pm",2916.1,1.41696
"Apr 27, 04:00 pm",2693.54,1.30957
"Apr 27, 05:00 pm",250.732,0.23616
"Apr 27, 06:00 pm",14.5444,0.23616
"Apr 27, 07:00 pm",0,0.23616
"Apr 27, 08:00 pm",0,0.23616
"Apr 27, 09:00 pm",0,0.23616
"Apr 27, 10:00 pm",0,0.23616
"Apr 27, 11:00 pm",0,0.23616
"Apr 28, 12:00 am",0,0.23616
"Apr 28, 01:00 am",0,0.23616
"Apr 28, 02:00 am",0,0.23616
"Apr 28, 03:00 am",0,0.23616
"Apr 28, 04:00 am",0,0.23616
"Apr 28, 05:00 am",0,0.23616
"Apr 28, 06:00 am",0,0.23616
"Apr 28, 07:00 am",0,0.23616
"Apr 28, 08:00 am",0,0.23616
"Apr 28, 09:00 am",0,0.23616
"Apr 28, 10:00 am",0,0.23616
"Apr 28, 11:00 am",1973.15,1.02334
"Apr 28, 12:00 pm",2915.72,1.41696
"Apr 28, 01:00 pm",2915.64,1.41696
"Apr 28, 02:00 pm",2915.65,1.41696
"Apr 28, 03:00 pm",2915.64,1.41696
"Apr 28, 04:00 pm",2575.75,1.25261
"Apr 28, 05:00 pm",201.369,0.23616
"Apr 28, 06:00 pm",13.9504,0.23616
"Apr 28, 07:00 pm",0,0.23616
"Apr 28, 08:00 pm",0,0.23616
"Apr 28, 09:00 pm",0,0.23616
"Apr 28, 10:00 pm",0,0.23616
"Apr 28, 11:00 pm",0,0.23616
"Apr 29, 12:00 am",0,0.23616
"Apr 29, 01:00 am",0,0.23616
"Apr 29, 02:00 am",0,0.23616
"Apr 29, 03:00 am",0,0.23616
"Apr 29, 04:00 am",0,0.23616
"Apr 29, 05:00 am",0,0.23616
"Apr 29, 06:00 am",0,0.23616
"Apr 29, 07:00 am",0,0.23616
"Apr 29, 08:00 am",0,0.23616
"Apr 29, 09:00 am",1731.98,0.989283
"Apr 29, 10:00 am",2912.3,1.41696
"Apr 29, 11:00 am",19.1656,0.23616
"Apr 29, 12:00 pm",2431.68,1.40635
"Apr 29, 01:00 pm",2915.05,1.41696
"Apr 29, 02:00 pm",2915.05,1.41696
"Apr 29, 03:00 pm",2915.04,1.41696
"Apr 29, 04:00 pm",2452.8,1.19234
"Apr 29, 05:00 pm",160.277,0.23616
"Apr 29, 06:00 pm",13.8073,0.23616
"Apr 29, 07:00 pm",0,0.23616
"Apr 29, 08:00 pm",0,0.23616
"Apr 29, 09:00 pm",0,0.23616
"Apr 29, 10:00 pm",0,0.23616
"Apr 29, 11:00 pm",0,0.23616
"Apr 30, 12:00 am",0,0.23616
"Apr 30, 01:00 am",0,0.23616
"Apr 30, 02:00 am",0,0.23616
"Apr 30, 03:00 am",0,0.23616
"Apr 30, 04:00 am",0,0.23616
"Apr 30, 05:00 am",0,0.23616
"Apr 30, 06:00 am",0,0.23616
"Apr 30, 07:00 am",0,0.23616
"Apr 30, 08:00 am",0,0.23616
"Apr 30, 09:00 am",0,0.23616
"Apr 30, 10:00 am",0,0.23616
"Apr 30, 11:00 am",0,0.23616
"Apr 30, 12:00 pm",0,0.23616
"Apr 30, 01:00 pm",0,0.23616
"Apr 30, 02:00 pm",0,0.23616
"Apr 30, 03:00 pm",0,0.23616
"Apr 30, 04:00 pm",1479.67,0.822729
"Apr 30, 05:00 pm",133.96,0.23616
"Apr 30, 06:00 pm",13.5635,0.23616
"Apr 30, 07:00 pm",0,0.23616
"Apr 30, 08:00 pm",0,0.23616
"Apr 30, 09:00 pm",0,0.23616
"Apr 30, 10:00 pm",0,0.23616
"Apr 30, 11:00 pm",0,0.23616
"May 1, 12:00 am",0,0.23616
"May 1, 01:00 am",0,0.23616
"May 1, 02:00 am",0,0.23616
"May 1, 03:00 am",0,0.23616
"May 1, 04:00 am",0,0.23616
"May 1, 05:00 am",0,0.23616
"May 1, 06:00 am",0,0.23616
"May 1, 07:00 am",0,0.23616
"May 1, 08:00 am",0,0.23616
"May 1, 09:00 am",1696.18,0.969768
"May 1, 10:00 am",2912.32,1.41696
"May 1, 11:00 am",2915.14,1.41696
"May 1, 12:00 pm",2915.17,1.41696
"May 1, 01:00 pm",2915.18,1.41696
"May 1, 02:00 pm",2915.18,1.41696
"May 1, 03:00 pm",2915.16,1.41696
"May 1, 04:00 pm",2434.13,1.18316
"May 1, 05:00 pm",118.138,0.23616
"May 1, 06:00 pm",14.145,0.23616
"May 1, 07:00 pm",0,0.23616
"May 1, 08:00 pm",0,0.23616
"May 1, 09:00 pm",0,0.23616
"May 1, 10:00 pm",0,0.23616
"May 1, 11:00 pm",0,0.23616
"May 2, 12:00 am",0,0.23616
"May 2, 01:00 am",0,0.23616
"May 2, 02:00 am",0,0.23616
"May 2, 03:00 am",0,0.23616
"May 2, 04:00 am",0,0.23616
"May 2, 05:00 am",0,0.23616
"May 2, 06:00 am",0,0.23616
"May 2, 07:00 am",0,0.23616
"May 2, 08:00 am",0,0.23616
"May 2, 09:00 am",0,0.23616
"May 2, 10:00 am",0,0.23616
"May 2, 11:00 am",1965.09,1.02334
"May 2, 12:00 pm",2915,1.41696
"May 2, 01:00 pm",2918.14,1.41696
"May 2, 02:00 pm",2916.54,1.41696
"May 2, 03:00 pm",2916.7,1.41696
"May 2, 04:00 pm",2377.46,1.15532
"May 2, 05:00 pm",92.3853,0.23616
"May 2, 06:00 pm",14.077,0.23616
"May 2, 07:00 pm",0,0.23616
"May 2, 08:00 pm",0,0.23616
"May 2, 09:00 pm",0,0.23616
"May 2, 10:00 pm",0,0.23616
"May 2, 11:00 pm",0,0.23616
"May 3, 12:00 am",0,0.23616
"May 3, 01:00 am",0,0.23616
"May 3, 02:00 am",0,0.23616
"May 3, 03:00 am",0,0.23616
"May 3, 04:00 am",0,0.23616
"May 3, 05:00 am",0,0.23616
"May 3, 06:00 am",0,0.23616
"May 3, 07:00 am",0,0.23616
"May 3, 08:00 am",0,0.23616
"May 3, 09:00 am",1290.7,0.900915
"May 3, 10:00 am",2912.06,1.41696
"May 3, 11:00 am",2915.61,1.41696
"May 3, 12:00 pm",2915.64,1.41696
"May 3, 01:00 pm",2915.17,1.41696
"May 3, 02:00 pm",2914.16,1.41696
"May 3, 03:00 pm",2914.68,1.41696
"May 3, 04:00 pm",2316.05,1.12519
"May 3, 05:00 pm",69.5622,0.23616
"May 3, 06:00 pm",14.0184,0.23616
"May 3, 07:00 pm",0,0.23616
"May 3, 08:00 pm",0,0.23616
"May 3, 09:00 pm",0,0.23616
"May 3, 10:00 pm",0,0.23616
"May 3, 11:00 pm",0,0.23616
"May 4, 12:00 am",0,0.23616
"May 4, 01:00 am",0,0.23616
"May 4, 02:00 am",0,0.23616
"May 4, 03:00 am",0,0.23616
"May 4, 04:00 am",0,0.23616
"May 4, 05:00 am",0,0.23616
"May 4, 06:00 am",0,0.23616
"May 4, 07:00 am",0,0.23616
"May 4, 08:00 am",0,0.23616
"May 4, 09:00 am",925.22,0.566525
"May 4, 10:00 am",2913.49,1.41696
"May 4, 11:00 am",2912.78,1.41696
"May 4, 12:00 pm",19.2484,0.23616
"May 4, 01:00 pm",2430.44,1.39215
"May 4, 02:00 pm",2912.03,1.41696
"May 4, 03:00 pm",19.222,0.23616
"May 4, 04:00 pm",0,0.23616
"May 4, 05:00 pm",0,0.23616
"May 4, 06:00 pm",0,0.23616
"May 4, 07:00 pm",0,0.23616
"May 4, 08:00 pm",0,0.23616
"May 4, 09:00 pm",0,0.23616
"May 4, 10:00 pm",0,0.23616
"May 4, 11:00 pm",0,0.23616
"May 5, 12:00 am",0,0.23616
"May 5, 01:00 am",0,0.23616
"May 5, 02:00 am",0,0.23616
"May 5, 03:00 am",0,0.23616
"May 5, 04:00 am",0,0.23616
"May 5, 05:00 am",0,0.23616
"May 5, 06:00 am",0,0.23616
"May 5, 07:00 am",0,0.23616
"May 5, 08:00 am",0,0.23616
"May 5, 09:00 am",0,0.23616
"May 5, 10:00 am",0,0.23616
"May 5, 11:00 am",0,0.23616
"May 5, 12:00 pm",0,0.23616
"May 5, 01:00 pm",0,0.23616
"May 5, 02:00 pm",0,0.23616
"May 5, 03:00 pm",1962.74,1.02334
"May 5, 04:00 pm",2264.46,1.09981
"May 5, 05:00 pm",34.476,0.23616
"May 5, 06:00 pm",13.5264,0.23616
"May 5, 07:00 pm",0,0.23616
"May 5, 08:00 pm",0,0.23616
"May 5, 09:00 pm",0,0.23616
"May 5, 10:00 pm",0,0.23616
"May 5, 11:00 pm",0,0.23616
"May 6, 12:00 am",0,0.23616
"May 6, 01:00 am",0,0.23616
"May 6, 02:00 am",0,0.23616
"May 6, 03:00 am",0,0.23616
"May 6, 04:00 am",0,0.23616
"May 6, 05:00 am",0,0.23616
"May 6, 06:00 am",0,0.23616
"May 6, 07:00 am",0,0.23616
"May 6, 08:00 am",0,0.23616
"May 6, 09:00 am",973.872,0.589037
"May 6, 10:00 am",2911.45,1.41696
"May 6, 11:00 am",2916.31,1.41696
"May 6, 12:00 pm",2915.92,1.41696
"May 6, 01:00 pm",2915.94,1.41696
"May 6, 02:00 pm",2915.08,1.41696
"May 6, 03:00 pm",2915.73,1.41696
"May 6, 04:00 pm",2321.45,1.12782
"May 6, 05:00 pm",29.6566,0.23616
"May 6, 06:00 pm",14.0374,0.23616
"May 6, 07:00 pm",0,0.23616
"May 6, 08:00 pm",0,0.23616
"May 6, 09:00 pm",0,0.23616
"May 6, 10:00 pm",0,0.23616
"May 6, 11:00 pm",0,0.23616
"May 7, 12:00 am",0,0.23616
"May 7, 01:00 am",0,0.23616
"May 7, 02:00 am",0,0.23616
"May 7, 03:00 am",0,0.23616
"May 7, 04:00 am",0,0.23616
"May 7, 05:00 am",0,0.23616
"May 7, 06:00 am",0,0.23616
"May 7, 07:00 am",0,0.23616
"May 7, 08:00 am",0,0.23616
"May 7, 09:00 am",1264.58,0.885202
"May 7, 10:00 am",2911.63,1.41696
"May 7, 11:00 am",2915.72,1.41696
"May 7, 12:00 pm",2915.24,1.41696
"May 7, 01:00 pm",2915.27,1.41696
"May 7, 02:00 pm",2914.97,1.41696
"May 7, 03:00 pm",2915.54,1.41696
"May 7, 04:00 pm",2311.78,1.12307
"May 7, 05:00 pm",26.8811,0.23616
"May 7, 06:00 pm",12.4991,0.23616
"May 7, 07:00 pm",0,0.23616
"May 7, 08:00 pm",0,0.23616
"May 7, 09:00 pm",0,0.23616
"May 7, 10:00 pm",0,0.23616
"May 7, 11:00 pm",0,0.23616
"May 8, 12:00 am",0,0.23616
"May 8, 01:00 am",0,0.23616
"May 8, 02:00 am",0,0.23616
"May 8, 03:00 am",0,0.23616
"May 8, 04:00 am",0,0.23616
"May 8, 05:00 am",0,0.23616
"May 8, 06:00 am",0,0.23616
"May 8, 07:00 am",0,0.23616
"May 8, 08:00 am",0,0.23616
"May 8, 09:00 am",1266.45,0.885989
"May 8, 10:00 am",2911.85,1.41696
"May 8, 11:00 am",2916.51,1.41696
"May 8, 12:00 pm",2915.66,1.41696
"May 8, 01:00 pm",2915.69,1.41696
"May 8, 02:00 pm",2915.12,1.41696
"May 8, 03:00 pm",2915.6,1.41696
"May 8, 04:00 pm",2311.29,1.12283
"May 8, 05:00 pm",25.2555,0.23616
"May 8, 06:00 pm",10.338,0.23616
"May 8, 07:00 pm",0,0.23616
"May 8, 08:00 pm",0,0.23616
"May 8, 09:00 pm",0,0.23616
"May 8, 10:00 pm",0,0.23616
"May 8, 11:00 pm",0,0.23616
"May 9, 12:00 am",0,0.23616
"May 9, 01:00 am",0,0.23616
"May 9, 02:00 am",0,0.23616
"May 9, 03:00 am",0,0.23616
"May 9, 04:00 am",0,0.23616
"May 9, 05:00 am",0,0.23616
"May 9, 06:00 am",0,0.23616
"May 9, 07:00 am",0,0.23616
"May 9, 08:00 am",0,0.23616
"May 9, 09:00 am",1237.12,0.867431
"May 9, 10:00 am",2912.35,1.41696
"May 9, 11:00 am",2914.5,1.41696
"May 9, 12:00 pm",2913.72,1.41696
"May 9, 01:00 pm",2913.75,1.41696
"May 9, 02:00 pm",2913.08,1.41696
"May 9, 03:00 pm",2913.06,1.41696
"May 9, 04:00 pm",2246.09,1.09203
"May 9, 05:00 pm",22.922,0.23616
"May 9, 06:00 pm",0,0.23616
"May 9, 07:00 pm",0,0.23616
"May 9, 08:00 pm",0,0.23616
"May 9, 09:00 pm",0,0.23616
"May 9, 10:00 pm",0,0.23616
"May 9, 11:00 pm",0,0.23616
"May 10, 12:00 am",0,0.23616
"May 10, 01:00 am",0,0.23616
"May 10, 02:00 am",0,0.23616
"May 10, 03:00 am",0,0.23616
"May 10, 04:00 am",0,0.23616
"May 10, 05:00 am",0,0.23616
"May 10, 06:00 am",0,0.23616
"May 10, 07:00 am",0,0.23616
"May 10, 08:00 am",0,0.23616
"May 10, 09:00 am",1208.01,0.849182
"May 10, 10:00 am",2913.26,1.41696
"May 10, 11:00 am",2913.11,1.41696
"May 10, 12:00 pm",2912.41,1.41696
"May 10, 01:00 pm",2912.43,1.41696
"May 10, 02:00 pm",2912.24,1.41696
"May 10, 03:00 pm",2912.22,1.41696
"May 10, 04:00 pm",2223.94,1.08126
"May 10, 05:00 pm",21.6397,0.23616
"May 10, 06:00 pm",0,0.23616
"May 10, 07:00 pm",0,0.23616
"May 10, 08:00 pm",0,0.23616
"May 10, 09:00 pm",0,0.23616
"May 10, 10:00 pm",0,0.23616
"May 10, 11:00 pm",0,0.23616
"May 11, 12:00 am",0,0.23616
"May 11, 01:00 am",0,0.23616
"May 11, 02:00 am",0,0.23616
"May 11, 03:00 am",0,0.23616
"May 11, 04:00 am",0,0.23616
"May 11, 05:00 am",0,0.23616
"May 11, 06:00 am",0,0.23616
"May 11, 07:00 am",0,0.23616
"May 11, 08:00 am",0,0.23616
"May 11, 09:00 am",1178.03,0.830516
"May 11, 10:00 am",2917.13,1.41696
"May 11, 11:00 am",2912.46,1.41696
"May 11, 12:00 pm",2911.87,1.41696
"May 11, 01:00 pm",2911.9,1.41696
"May 11, 02:00 pm",2912.31,1.41696
"May 11, 03:00 pm",2912.3,1.41696
"May 11, 04:00 pm",2166.06,1.05313
"May 11, 05:00 pm",19.9999,0.23616
"May 11, 06:00 pm",0,0.23616
"May 11, 07:00 pm",0,0.23616
"May 11, 08:00 pm",0,0.23616
"May 11, 09:00 pm",0,0.23616
"May 11, 10:00 pm",0,0.23616
"May 11, 11:00 pm",0,0.23616
"May 12, 12:00 am",0,0.23616
"May 12, 01:00 am",0,0.23616
"May 12, 02:00 am",0,0.23616
"May 12, 03:00 am",0,0.23616
"May 12, 04:00 am",0,0.23616
"May 12, 05:00 am",0,0.23616
"May 12, 06:00 am",0,0.23616
"May 12, 07:00 am",0,0.23616
"May 12, 08:00 am",0,0.23616
"May 12, 09:00 am",859.514,0.536143
"May 12, 10:00 am",17.6484,0.23616
"May 12, 11:00 am",0,0.23616
"May 12, 12:00 pm",2428.24,1.38563
"May 12, 01:00 pm",2912.47,1.41696
"May 12, 02:00 pm",2912.47,1.41696
"May 12, 03:00 pm",2912.45,1.41696
"May 12, 04:00 pm",2133.5,1.03735
"May 12, 05:00 pm",18.1936,0.23616
"May 12, 06:00 pm",0,0.23616
"May 12, 07:00 pm",0,0.23616
"May 12, 08:00 pm",0,0.23616
"May 12, 09:00 pm",0,0.23616
"May 12, 10:00 pm",0,0.23616
"May 12, 11:00 pm",0,0.23616
"May 13, 12:00 am",0,0.23616
"May 13, 01:00 am",0,0.23616
"May 13, 02:00 am",0,0.23616
"May 13, 03:00 am",0,0.23616
"May 13, 04:00 am",0,0.23616
"May 13, 05:00 am",0,0.23616
"May 13, 06:00 am",0,0.23616
"May 13, 07:00 am",0,0.23616
"May 13, 08:00 am",0,0.23616
"May 13, 09:00 am",1170.5,0.648239
"May 13, 10:00 am",2910.79,1.41696
"May 13, 11:00 am",2911.78,1.41696
"May 13, 12:00 pm",2912.09,1.41696
"May 13, 01:00 pm",2912.72,1.41696
"May 13, 02:00 pm",2912.74,1.41696
"May 13, 03:00 pm",2912.73,1.41696
"May 13, 04:00 pm",2104.52,1.02325
"May 13, 05:00 pm",17.2294,0.23616
"May 13, 06:00 pm",0,0.23616
"May 13, 07:00 pm",0,0.23616
"May 13, 08:00 pm",0,0.23616
"May 13, 09:00 pm",0,0.23616
"May 13, 10:00 pm",0,0.23616
"May 13, 11:00 pm",0,0.23616
"May 14, 12:00 am",0,0.23616
"May 14, 01:00 am",0,0.23616
"May 14, 02:00 am",0,0.23616
"May 14, 03:00 am",0,0.23616
"May 14, 04:00 am",0,0.23616
"May 14, 05:00 am",0,0.23616
"May 14, 06:00 am",0,0.23616
"May 14, 07:00 am",0,0.23616
"May 14, 08:00 am",0,0.23616
"May 14, 09:00 am",0,0.23616
"May 14, 10:00 am",0,0.23616
"May 14, 11:00 am",1953.43,1.02334
"May 14, 12:00 pm",2913.78,1.41696
"May 14, 01:00 pm",2914.24,1.41696
"May 14, 02:00 pm",2914.23,1.41696
"May 14, 03:00 pm",2914.25,1.41696
"May 14, 04:00 pm",2047.34,0.995475
"May 14, 05:00 pm",15.9132,0.23616
"May 14, 06:00 pm",0,0.23616
"May 14, 07:00 pm",0,0.23616
"May 14, 08:00 pm",0,0.23616
"May 14, 09:00 pm",0,0.23616
"May 14, 10:00 pm",0,0.23616
"May 14, 11:00 pm",0,0.23616
"May 15, 12:00 am",0,0.23616
"May 15, 01:00 am",0,0.23616
"May 15, 02:00 am",0,0.23616
"May 15, 03:00 am",0,0.23616
"May 15, 04:00 am",0,0.23616
"May 15, 05:00 am",0,0.23616
"May 15, 06:00 am",0,0.23616
"May 15, 07:00 am",0,0.23616
"May 15, 08:00 am",0,0.23616
"May 15, 09:00 am",0,0.23616
"May 15, 10:00 am",0,0.23616
"May 15, 11:00 am",0,0.23616
"May 15, 12:00 pm",1949.32,1.02334
"May 15, 01:00 pm",18.7449,0.23616
"May 15, 02:00 pm",0,0.23616
"May 15, 03:00 pm",0,0.23616
"May 15, 04:00 pm",0,0.23616
"May 15, 05:00 pm",0,0.23616
"May 15, 06:00 pm",0,0.23616
"May 15, 07:00 pm",0,0.23616
"May 15, 08:00 pm",0,0.23616
"May 15, 09:00 pm",0,0.23616
"May 15, 10:00 pm",0,0.23616
"May 15, 11:00 pm",0,0.23616
"May 16, 12:00 am",0,0.23616
"May 16, 01:00 am",0,0.23616
"May 16, 02:00 am",0,0.23616
"May 16, 03:00 am",0,0.23616
"May 16, 04:00 am",0,0.23616
"May 16, 05:00 am",0,0.23616
"May 16, 06:00 am",0,0.23616
"May 16, 07:00 am",0,0.23616
"May 16, 08:00 am",0,0.23616
"May 16, 09:00 am",752.804,0.483961
"May 16, 10:00 am",2592.05,1.26084
"May 16, 11:00 am",2812.73,1.36864
"May 16, 12:00 pm",2785.94,1.35444
"May 16, 01:00 pm",18.7616,0.23616
"May 16, 02:00 pm",2339.25,1.32858
"May 16, 03:00 pm",18.762,0.23616
"May 16, 04:00 pm",0,0.23616
"May 16, 05:00 pm",0,0.23616
"May 16, 06:00 pm",0,0.23616
"May 16, 07:00 pm",0,0.23616
"May 16, 08:00 pm",0,0.23616
"May 16, 09:00 pm",0,0.23616
"May 16, 10:00 pm",0,0.23616
"May 16, 11:00 pm",0,0.23616
"May 17, 12:00 am",0,0.23616
"May 17, 01:00 am",0,0.23616
"May 17, 02:00 am",0,0.23616
"May 17, 03:00 am",0,0.23616
"May 17, 04:00 am",0,0.23616
"May 17, 05:00 am",0,0.23616
"May 17, 06:00 am",0,0.23616
"May 17, 07:00 am",0,0.23616
"May 17, 08:00 am",0,0.23616
"May 17, 09:00 am",0,0.23616
"May 17, 10:00 am",1490.62,0.826545
"May 17, 11:00 am",2917.48,1.41696
"May 17, 12:00 pm",18.824,0.23616
"May 17, 01:00 pm",0,0.23616
"May 17, 02:00 pm",0,0.23616
"May 17, 03:00 pm",0,0.23616
"May 17, 04:00 pm",0,0.23616
"May 17, 05:00 pm",0,0.23616
"May 17, 06:00 pm",0,0.23616
"May 17, 07:00 pm",0,0.23616
"May 17, 08:00 pm",0,0.23616
"May 17, 09:00 pm",0,0.23616
"May 17, 10:00 pm",0,0.23616
"May 17, 11:00 pm",0,0.23616
"May 18, 12:00 am",0,0.23616
"May 18, 01:00 am",0,0.23616
"May 18, 02:00 am",0,0.23616
"May 18, 03:00 am",0,0.23616
"May 18, 04:00 am",0,0.23616
"May 18, 05:00 am",0,0.23616
"May 18, 06:00 am",0,0.23616
"May 18, 07:00 am",0,0.23616
"May 18, 08:00 am",0,0.23616
"May 18, 09:00 am",0,0.23616
"May 18, 10:00 am",1484.73,0.826545
"May 18, 11:00 am",2840.56,1.38146
"May 18, 12:00 pm",2791.66,1.3572
"May 18, 01:00 pm",18.6221,0.23616
"May 18, 02:00 pm",0,0.23616
"May 18, 03:00 pm",0,0.23616
"May 18, 04:00 pm",0,0.23616
"May 18, 05:00 pm",0,0.23616
"May 18, 06:00 pm",0,0.23616
"May 18, 07:00 pm",0,0.23616
"May 18, 08:00 pm",0,0.23616
"May 18, 09:00 pm",0,0.23616
"May 18, 10:00 pm",0,0.23616
"May 18, 11:00 pm",0,0.23616
"May 19, 12:00 am",0,0.23616
"May 19, 01:00 am",0,0.23616
"May 19, 02:00 am",0,0.23616
"May 19, 03:00 am",0,0.23616
"May 19, 04:00 am",0,0.23616
"May 19, 05:00 am",0,0.23616
"May 19, 06:00 am",0,0.23616
"May 19, 07:00 am",0,0.23616
"May 19, 08:00 am",0,0.23616
"May 19, 09:00 am",0,0.23616
"May 19, 10:00 am",0,0.23616
"May 19, 11:00 am",0,0.23616
"May 19, 12:00 pm",0,0.23616
"May 19, 01:00 pm",0,0.23616
"May 19, 02:00 pm",0,0.23616
"May 19, 03:00 pm",0,0.23616
"May 19, 04:00 pm",0,0.23616
"May 19, 05:00 pm",0,0.23616
"May 19, 06:00 pm",0,0.23616
"May 19, 07:00 pm",0,0.23616
"May 19, 08:00 pm",0,0.23616
"May 19, 09:00 pm",0,0.23616
"May 19, 10:00 pm",0,0.23616
"May 19, 11:00 pm",0,0.23616
"May 20, 12:00 am",0,0.23616
"May 20, 01:00 am",0,0.23616
"May 20, 02:00 am",0,0.23616
"May 20, 03:00 am",0,0.23616
"May 20, 04:00 am",0,0.23616
"May 20, 05:00 am",0,0.23616
"May 20, 06:00 am",0,0.23616
"May 20, 07:00 am",0,0.23616
"May 20, 08:00 am",0,0.23616
"May 20, 09:00 am",0,0.23616
"May 20, 10:00 am",0,0.23616
"May 20, 11:00 am",0,0.23616
"May 20, 12:00 pm",0,0.23616
"May 20, 01:00 pm",0,0.23616
"May 20, 02:00 pm",0,0.23616
"May 20, 03:00 pm",0,0.23616
"May 20, 04:00 pm",0,0.23616
"May 20, 05:00 pm",0,0.23616
"May 20, 06:00 pm",0,0.23616
"May 20, 07:00 pm",0,0.23616
"May 20, 08:00 pm",0,0.23616
"May 20, 09:00 pm",0,0.23616
"May 20, 10:00 pm",0,0.23616
"May 20, 11:00 pm",0,0.23616
"May 21, 12:00 am",0,0.23616
"May 21, 01:00 am",0,0.23616
"May 21, 02:00 am",0,0.23616
"May 21, 03:00 am",0,0.23616
"May 21, 04:00 am",0,0.23616
"May 21, 05:00 am",0,0.23616
"May 21, 06:00 am",0,0.23616
"May 21, 07:00 am",0,0.23616
"May 21, 08:00 am",0,0.23616
"May 21, 09:00 am",0,0.23616
"May 21, 10:00 am",0,0.23616
"May 21, 11:00 am",0,0.23616
"May 21, 12:00 pm",0,0.23616
"May 21, 01:00 pm",0,0.23616
"May 21, 02:00 pm",0,0.23616
"May 21, 03:00 pm",0,0.23616
"May 21, 04:00 pm",630.74,0.458603
"May 21, 05:00 pm",15.2612,0.23616
"May 21, 06:00 pm",0,0.23616
"May 21, 07:00 pm",0,0.23616
"May 21, 08:00 pm",0,0.23616
"May 21, 09:00 pm",0,0.23616
"May 21, 10:00 pm",0,0.23616
"May 21, 11:00 pm",0,0.23616
"May 22, 12:00 am",0,0.23616
"May 22, 01:00 am",0,0.23616
"May 22, 02:00 am",0,0.23616
"May 22, 03:00 am",0,0.23616
"May 22, 04:00 am",0,0.23616
"May 22, 05:00 am",0,0.23616
"May 22, 06:00 am",0,0.23616
"May 22, 07:00 am",0,0.23616
"May 22, 08:00 am",0,0.23616
"May 22, 09:00 am",0,0.23616
"May 22, 10:00 am",0,0.23616
"May 22, 11:00 am",0,0.23616
"May 22, 12:00 pm",0,0.23616
"May 22, 01:00 pm",0,0.23616
"May 22, 02:00 pm",0,0.23616
"May 22, 03:00 pm",0,0.23616
"May 22, 04:00 pm",0,0.23616
"May 22, 05:00 pm",0,0.23616
"May 22, 06:00 pm",0,0.23616
"May 22, 07:00 pm",0,0.23616
"May 22, 08:00 pm",0,0.23616
"May 22, 09:00 pm",0,0.23616
"May 22, 10:00 pm",0,0.23616
"May 22, 11:00 pm",0,0.23616
"May 23, 12:00 am",0,0.23616
"May 23, 01:00 am",0,0.23616
"May 23, 02:00 am",0,0.23616
"May 23, 03:00 am",0,0.23616
"May 23, 04:00 am",0,0.23616
"May 23, 05:00 am",0,0.23616
"May 23, 06:00 am",0,0.23616
"May 23, 07:00 am",0,0.23616
"May 23, 08:00 am",0,0.23616
"May 23, 09:00 am",0,0.23616
"May 23, 10:00 am",0,0.23616
"May 23, 11:00 am",0,0.23616
"May 23, 12:00 pm",0,0.23616
"May 23, 01:00 pm",0,0.23616
"May 23, 02:00 pm",0,0.23616
"May 23, 03:00 pm",0,0.23616
"May 23, 04:00 pm",0,0.23616
"May 23, 05:00 pm",0,0.23616
"May 23, 06:00 pm",0,0.23616
"May 23, 07:00 pm",0,0.23616
"May 23, 08:00 pm",0,0.23616
"May 23, 09:00 pm",0,0.23616
"May 23, 10:00 pm",0,0.23616
"May 23, 11:00 pm",0,0.23616
"May 24, 12:00 am",0,0.23616
"May 24, 01:00 am",0,0.23616
"May 24, 02:00 am",0,0.23616
"May 24, 03:00 am",0,0.23616
"May 24, 04:00 am",0,0.23616
"May 24, 05:00 am",0,0.23616
"May 24, 06:00 am",0,0.23616
"May 24, 07:00 am",0,0.23616
"May 24, 08:00 am",0,0.23616
"May 24, 09:00 am",0,0.23616
"May 24, 10:00 am",0,0.23616
"May 24, 11:00 am",0,0.23616
"May 24, 12:00 pm",0,0.23616
"May 24, 01:00 pm",0,0.23616
"May 24, 02:00 pm",0,0.23616
"May 24, 03:00 pm",0,0.23616
"May 24, 04:00 pm",0,0.23616
"May 24, 05:00 pm",0,0.23616
"May 24, 06:00 pm",0,0.23616
"May 24, 07:00 pm",0,0.23616
"May 24, 08:00 pm",0,0.23616
"May 24, 09:00 pm",0,0.23616
"May 24, 10:00 pm",0,0.23616
"May 24, 11:00 pm",0,0.23616
"May 25, 12:00 am",0,0.23616
"May 25, 01:00 am",0,0.23616
"May 25, 02:00 am",0,0.23616
"May 25, 03:00 am",0,0.23616
"May 25, 04:00 am",0,0.23616
"May 25, 05:00 am",0,0.23616
"May 25, 06:00 am",0,0.23616
"May 25, 07:00 am",0,0.23616
"May 25, 08:00 am",0,0.23616
"May 25, 09:00 am",0,0.23616
"May 25, 10:00 am",0,0.23616
"May 25, 11:00 am",0,0.23616
"May 25, 12:00 pm",0,0.23616
"May 25, 01:00 pm",0,0.23616
"May 25, 02:00 pm",0,0.23616
"May 25, 03:00 pm",0,0.23616
"May 25, 04:00 pm",0,0.23616
"May 25, 05:00 pm",0,0.23616
"May 25, 06:00 pm",0,0.23616
"May 25, 07:00 pm",0,0.23616
"May 25, 08:00 pm",0,0.23616
"May 25, 09:00 pm",0,0.23616
"May 25, 10:00 pm",0,0.23616
"May 25, 11:00 pm",0,0.23616
"May 26, 12:00 am",0,0.23616
"May 26, 01:00 am",0,0.23616
"May 26, 02:00 am",0,0.23616
"May 26, 03:00 am",0,0.23616
"May 26, 04:00 am",0,0.23616
"May 26, 05:00 am",0,0.23616
"May 26, 06:00 am",0,0.23616
"May 26, 07:00 am",0,0.23616
"May 26, 08:00 am",0,0.23616
"May 26, 09:00 am",0,0.23616
"May 26, 10:00 am",0,0.23616
"May 26, 11:00 am",0,0.23616
"May 26, 12:00 pm",0,0.23616
"May 26, 01:00 pm",0,0.23616
"May 26, 02:00 pm",0,0.23616
"May 26, 03:00 pm",0,0.23616
"May 26, 04:00 pm",0,0.23616
"May 26, 05:00 pm",0,0.23616
"May 26, 06:00 pm",0,0.23616
"May 26, 07:00 pm",0,0.23616
"May 26, 08:00 pm",0,0.23616
"May 26, 09:00 pm",0,0.23616
"May 26, 10:00 pm",0,0.23616
"May 26, 11:00 pm",0,0.23616
"May 27, 12:00 am",0,0.23616
"May 27, 01:00 am",0,0.23616
"May 27, 02:00 am",0,0.23616
"May 27, 03:00 am",0,0.23616
"May 27, 04:00 am",0,0.23616
"May 27, 05:00 am",0,0.23616
"May 27, 06:00 am",0,0.23616
"May 27, 07:00 am",0,0.23616
"May 27, 08:00 am",0,0.23616
"May 27, 09:00 am",0,0.23616
"May 27, 10:00 am",0,0.23616
"May 27, 11:00 am",0,0.23616
"May 27, 12:00 pm",1470.5,0.821685
"May 27, 01:00 pm",2533.03,1.23154
"May 27, 02:00 pm",2573.08,1.25138
"May 27, 03:00 pm",2546.89,1.2386
"May 27, 04:00 pm",1536.48,0.747045
"May 27, 05:00 pm",14.823,0.23616
"May 27, 06:00 pm",0,0.23616
"May 27, 07:00 pm",0,0.23616
"May 27, 08:00 pm",0,0.23616
"May 27, 09:00 pm",0,0.23616
"May 27, 10:00 pm",0,0.23616
"May 27, 11:00 pm",0,0.23616
"May 28, 12:00 am",0,0.23616
"May 28, 01:00 am",0,0.23616
"May 28, 02:00 am",0,0.23616
"May 28, 03:00 am",0,0.23616
"May 28, 04:00 am",0,0.23616
"May 28, 05:00 am",0,0.23616
"May 28, 06:00 am",0,0.23616
"May 28, 07:00 am",0,0.23616
"May 28, 08:00 am",0,0.23616
"May 28, 09:00 am",216.7,0.362245
"May 28, 10:00 am",2409.9,1.1716
"May 28, 11:00 am",2613.57,1.27106
"May 28, 12:00 pm",2543.27,1.23676
"May 28, 01:00 pm",2502.58,1.21682
"May 28, 02:00 pm",2545.14,1.23769
"May 28, 03:00 pm",2521.38,1.22599
"May 28, 04:00 pm",1508.39,0.733387
"May 28, 05:00 pm",14.849,0.23616
"May 28, 06:00 pm",0,0.23616
"May 28, 07:00 pm",0,0.23616
"May 28, 08:00 pm",0,0.23616
"May 28, 09:00 pm",0,0.23616
"May 28, 10:00 pm",0,0.23616
"May 28, 11:00 pm",0,0.23616
"May 29, 12:00 am",0,0.23616
"May 29, 01:00 am",0,0.23616
"May 29, 02:00 am",0,0.23616
"May 29, 03:00 am",0,0.23616
"May 29, 04:00 am",0,0.23616
"May 29, 05:00 am",0,0.23616
"May 29, 06:00 am",0,0.23616
"May 29, 07:00 am",0,0.23616
"May 29, 08:00 am",0,0.23616
"May 29, 09:00 am",211.953,0.358869
"May 29, 10:00 am",2411.17,1.17201
"May 29, 11:00 am",2628.9,1.27847
"May 29, 12:00 pm",2548.81,1.23948
"May 29, 01:00 pm",2499.9,1.21552
"May 29, 02:00 pm",2541.81,1.23607
"May 29, 03:00 pm",2513.54,1.22228
"May 29, 04:00 pm",1488.39,0.723669
"May 29, 05:00 pm",14.7122,0.23616
"May 29, 06:00 pm",0,0.23616
"May 29, 07:00 pm",0,0.23616
"May 29, 08:00 pm",0,0.23616
"May 29, 09:00 pm",0,0.23616
"May 29, 10:00 pm",0,0.23616
"May 29, 11:00 pm",0,0.23616
"May 30, 12:00 am",0,0.23616
"May 30, 01:00 am",0,0.23616
"May 30, 02:00 am",0,0.23616
"May 30, 03:00 am",0,0.23616
"May 30, 04:00 am",0,0.23616
"May 30, 05:00 am",0,0.23616
"May 30, 06:00 am",0,0.23616
"May 30, 07:00 am",0,0.23616
"May 30, 08:00 am",0,0.23616
"May 30, 09:00 am",0,0.292626
"May 30, 10:00 am",2353.67,1.14408
"May 30, 11:00 am",2598.32,1.26371
"May 30, 12:00 pm",2526.87,1.22873
"May 30, 01:00 pm",2482.19,1.20683
"May 30, 02:00 pm",2532.05,1.23128
"May 30, 03:00 pm",2509.9,1.22038
"May 30, 04:00 pm",1479.34,0.719259
"May 30, 05:00 pm",14.8768,0.23616
"May 30, 06:00 pm",0,0.23616
"May 30, 07:00 pm",0,0.23616
"May 30, 08:00 pm",0,0.23616
"May 30, 09:00 pm",0,0.23616
"May 30, 10:00 pm",0,0.23616
"May 30, 11:00 pm",0,0.23616
"May 31, 12:00 am",0,0.23616
"May 31, 01:00 am",0,0.23616
"May 31, 02:00 am",0,0.23616
"May 31, 03:00 am",0,0.23616
"May 31, 04:00 am",0,0.23616
"May 31, 05:00 am",0,0.23616
"May 31, 06:00 am",0,0.23616
"May 31, 07:00 am",0,0.23616
"May 31, 08:00 am",0,0.23616
"May 31, 09:00 am",0,0.23616
"May 31, 10:00 am",1331.29,0.755609
"May 31, 11:00 am",18.3223,0.23616
"May 31, 12:00 pm",0,0.23616
"May 31, 01:00 pm",0,0.23616
"May 31, 02:00 pm",0,0.23616
"May 31, 03:00 pm",0,0.23616
"May 31, 04:00 pm",0,0.23616
"May 31, 05:00 pm",0,0.23616
"May 31, 06:00 pm",0,0.23616
"May 31, 07:00 pm",0,0.23616
"May 31, 08:00 pm",0,0.23616
"May 31, 09:00 pm",0,0.23616
"May 31, 10:00 pm",0,0.23616
"May 31, 11:00 pm",0,0.23616
"Jun 1, 12:00 am",0,0.23616
"Jun 1, 01:00 am",0,0.23616
"Jun 1, 02:00 am",0,0.23616
"Jun 1, 03:00 am",0,0.23616
"Jun 1, 04:00 am",0,0.23616
"Jun 1, 05:00 am",0,0.23616
"Jun 1, 06:00 am",0,0.23616
"Jun 1, 07:00 am",0,0.23616
"Jun 1, 08:00 am",0,0.23616
"Jun 1, 09:00 am",0,0.289468
"Jun 1, 10:00 am",1927.25,1.09618
"Jun 1, 11:00 am",2522.48,1.22649
"Jun 1, 12:00 pm",2462.02,1.19692
"Jun 1, 01:00 pm",2422.17,1.17737
"Jun 1, 02:00 pm",2482.21,1.20684
"Jun 1, 03:00 pm",2461.63,1.19672
"Jun 1, 04:00 pm",1432.55,0.696482
"Jun 1, 05:00 pm",15.2209,0.23616
"Jun 1, 06:00 pm",0,0.23616
"Jun 1, 07:00 pm",0,0.23616
"Jun 1, 08:00 pm",0,0.23616
"Jun 1, 09:00 pm",0,0.23616
"Jun 1, 10:00 pm",0,0.23616
"Jun 1, 11:00 pm",0,0.23616
"Jun 2, 12:00 am",0,0.23616
"Jun 2, 01:00 am",0,0.23616
"Jun 2, 02:00 am",0,0.23616
"Jun 2, 03:00 am",0,0.23616
"Jun 2, 04:00 am",0,0.23616
"Jun 2, 05:00 am",0,0.23616
"Jun 2, 06:00 am",0,0.23616
"Jun 2, 07:00 am",0,0.23616
"Jun 2, 08:00 am",0,0.23616
"Jun 2, 09:00 am",0,0.289521
"Jun 2, 10:00 am",1929.26,1.09748
"Jun 2, 11:00 am",2522.08,1.2263
"Jun 2, 12:00 pm",2459.94,1.1959
"Jun 2, 01:00 pm",2417.85,1.17524
"Jun 2, 02:00 pm",2478.53,1.20502
"Jun 2, 03:00 pm",2458.85,1.19535
"Jun 2, 04:00 pm",1424.27,0.692449
"Jun 2, 05:00 pm",15.3093,0.23616
"Jun 2, 06:00 pm",0,0.23616
"Jun 2, 07:00 pm",0,0.23616
"Jun 2, 08:00 pm",0,0.23616
"Jun 2, 09:00 pm",0,0.23616
"Jun 2, 10:00 pm",0,0.23616
"Jun 2, 11:00 pm",0,0.23616
"Jun 3, 12:00 am",0,0.23616
"Jun 3, 01:00 am",0,0.23616
"Jun 3, 02:00 am",0,0.23616
"Jun 3, 03:00 am",0,0.23616
"Jun 3, 04:00 am",0,0.23616
"Jun 3, 05:00 am",0,0.23616
"Jun 3, 06:00 am",0,0.23616
"Jun 3, 07:00 am",0,0.23616
"Jun 3, 08:00 am",0,0.23616
"Jun 3, 09:00 am",0,0.23616
"Jun 3, 10:00 am",0,0.23616
"Jun 3, 11:00 am",0,0.23616
"Jun 3, 12:00 pm",0,0.23616
"Jun 3, 01:00 pm",0,0.23616
"Jun 3, 02:00 pm",0,0.23616
"Jun 3, 03:00 pm",0,0.23616
"Jun 3, 04:00 pm",0,0.23616
"Jun 3, 05:00 pm",0,0.23616
"Jun 3, 06:00 pm",0,0.23616
"Jun 3, 07:00 pm",0,0.23616
"Jun 3, 08:00 pm",0,0.23616
"Jun 3, 09:00 pm",0,0.23616
"Jun 3, 10:00 pm",0,0.23616
"Jun 3, 11:00 pm",0,0.23616
"Jun 4, 12:00 am",0,0.23616
"Jun 4, 01:00 am",0,0.23616
"Jun 4, 02:00 am",0,0.23616
"Jun 4, 03:00 am",0,0.23616
"Jun 4, 04:00 am",0,0.23616
"Jun 4, 05:00 am",0,0.23616
"Jun 4, 06:00 am",0,0.23616
"Jun 4, 07:00 am",0,0.23616
"Jun 4, 08:00 am",0,0.23616
"Jun 4, 09:00 am",0,0.288534
"Jun 4, 10:00 am",1915.7,1.09061
"Jun 4, 11:00 am",2517.66,1.22412
"Jun 4, 12:00 pm",2453.62,1.19282
"Jun 4, 01:00 pm",2406.46,1.16966
"Jun 4, 02:00 pm",2469.66,1.20069
"Jun 4, 03:00 pm",2449.65,1.19085
"Jun 4, 04:00 pm",1403.44,0.682337
"Jun 4, 05:00 pm",15.0526,0.23616
"Jun 4, 06:00 pm",0,0.23616
"Jun 4, 07:00 pm",0,0.23616
"Jun 4, 08:00 pm",0,0.23616
"Jun 4, 09:00 pm",0,0.23616
"Jun 4, 10:00 pm",0,0.23616
"Jun 4, 11:00 pm",0,0.23616
"Jun 5, 12:00 am",0,0.23616
"Jun 5, 01:00 am",0,0.23616
"Jun 5, 02:00 am",0,0.23616
"Jun 5, 03:00 am",0,0.23616
"Jun 5, 04:00 am",0,0.23616
"Jun 5, 05:00 am",0,0.23616
"Jun 5, 06:00 am",0,0.23616
"Jun 5, 07:00 am",0,0.23616
"Jun 5, 08:00 am",0,0.23616
"Jun 5, 09:00 am",0,0.293475
"Jun 5, 10:00 am",2032.02,1.15525
"Jun 5, 11:00 am",2641.7,1.28461
"Jun 5, 12:00 pm",2569.22,1.24946
"Jun 5, 01:00 pm",2517.6,1.22416
"Jun 5, 02:00 pm",2590.1,1.25965
"Jun 5, 03:00 pm",2578.56,1.25401
"Jun 5, 04:00 pm",1489.33,0.724079
"Jun 5, 05:00 pm",15.1381,0.23616
"Jun 5, 06:00 pm",0,0.23616
"Jun 5, 07:00 pm",0,0.23616
"Jun 5, 08:00 pm",0,0.23616
"Jun 5, 09:00 pm",0,0.23616
"Jun 5, 10:00 pm",0,0.23616
"Jun 5, 11:00 pm",0,0.23616
"Jun 6, 12:00 am",0,0.23616
"Jun 6, 01:00 am",0,0.23616
"Jun 6, 02:00 am",0,0.23616
"Jun 6, 03:00 am",0,0.23616
"Jun 6, 04:00 am",0,0.23616
"Jun 6, 05:00 am",0,0.23616
"Jun 6, 06:00 am",0,0.23616
"Jun 6, 07:00 am",0,0.23616
"Jun 6, 08:00 am",0,0.23616
"Jun 6, 09:00 am",0,0.289675
"Jun 6, 10:00 am",1954.88,1.11207
"Jun 6, 11:00 am",2546.21,1.23817
"Jun 6, 12:00 pm",18.2793,0.23616
"Jun 6, 01:00 pm",0,0.23616
"Jun 6, 02:00 pm",0,0.23616
"Jun 6, 03:00 pm",0,0.23616
"Jun 6, 04:00 pm",829.382,0.643068
"Jun 6, 05:00 pm",14.3857,0.23616
"Jun 6, 06:00 pm",0,0.23616
"Jun 6, 07:00 pm",0,0.23616
"Jun 6, 08:00 pm",0,0.23616
"Jun 6, 09:00 pm",0,0.23616
"Jun 6, 10:00 pm",0,0.23616
"Jun 6, 11:00 pm",0,0.23616
"Jun 7, 12:00 am",0,0.23616
"Jun 7, 01:00 am",0,0.23616
"Jun 7, 02:00 am",0,0.23616
"Jun 7, 03:00 am",0,0.23616
"Jun 7, 04:00 am",0,0.23616
"Jun 7, 05:00 am",0,0.23616
"Jun 7, 06:00 am",0,0.23616
"Jun 7, 07:00 am",0,0.23616
"Jun 7, 08:00 am",0,0.23616
"Jun 7, 09:00 am",0,0.23616
"Jun 7, 10:00 am",0,0.23616
"Jun 7, 11:00 am",0,0.23616
"Jun 7, 12:00 pm",0,0.23616
"Jun 7, 01:00 pm",0,0.23616
"Jun 7, 02:00 pm",0,0.23616
"Jun 7, 03:00 pm",1371.95,0.774281
"Jun 7, 04:00 pm",1330.88,0.647023
"Jun 7, 05:00 pm",13.847,0.23616
"Jun 7, 06:00 pm",0,0.23616
"Jun 7, 07:00 pm",0,0.23616
"Jun 7, 08:00 pm",0,0.23616
"Jun 7, 09:00 pm",0,0.23616
"Jun 7, 10:00 pm",0,0.23616
"Jun 7, 11:00 pm",0,0.23616
"Jun 8, 12:00 am",0,0.23616
"Jun 8, 01:00 am",0,0.23616
"Jun 8, 02:00 am",0,0.23616
"Jun 8, 03:00 am",0,0.23616
"Jun 8, 04:00 am",0,0.23616
"Jun 8, 05:00 am",0,0.23616
"Jun 8, 06:00 am",0,0.23616
"Jun 8, 07:00 am",0,0.23616
"Jun 8, 08:00 am",0,0.23616
"Jun 8, 09:00 am",0,0.285122
"Jun 8, 10:00 am",1878.28,1.07037
"Jun 8, 11:00 am",2467.83,1.19987
"Jun 8, 12:00 pm",2401.42,1.16721
"Jun 8, 01:00 pm",2344.45,1.13924
"Jun 8, 02:00 pm",2407.7,1.17029
"Jun 8, 03:00 pm",2385.03,1.15915
"Jun 8, 04:00 pm",1341.28,0.652152
"Jun 8, 05:00 pm",14.3732,0.23616
"Jun 8, 06:00 pm",0,0.23616
"Jun 8, 07:00 pm",0,0.23616
"Jun 8, 08:00 pm",0,0.23616
"Jun 8, 09:00 pm",0,0.23616
"Jun 8, 10:00 pm",0,0.23616
"Jun 8, 11:00 pm",0,0.23616
"Jun 9, 12:00 am",0,0.23616
"Jun 9, 01:00 am",0,0.23616
"Jun 9, 02:00 am",0,0.23616
"Jun 9, 03:00 am",0,0.23616
"Jun 9, 04:00 am",0,0.23616
"Jun 9, 05:00 am",0,0.23616
"Jun 9, 06:00 am",0,0.23616
"Jun 9, 07:00 am",0,0.23616
"Jun 9, 08:00 am",0,0.23616
"Jun 9, 09:00 am",0,0.284903
"Jun 9, 10:00 am",1876.49,1.06952
"Jun 9, 11:00 am",2467.78,1.19984
"Jun 9, 12:00 pm",2406.64,1.16977
"Jun 9, 01:00 pm",2352.86,1.14334
"Jun 9, 02:00 pm",2423.55,1.17806
"Jun 9, 03:00 pm",2409.45,1.17113
"Jun 9, 04:00 pm",1362.73,0.662555
"Jun 9, 05:00 pm",14.8373,0.23616
"Jun 9, 06:00 pm",0,0.23616
"Jun 9, 07:00 pm",0,0.23616
"Jun 9, 08:00 pm",0,0.23616
"Jun 9, 09:00 pm",0,0.23616
"Jun 9, 10:00 pm",0,0.23616
"Jun 9, 11:00 pm",0,0.23616
"Jun 10, 12:00 am",0,0.23616
"Jun 10, 01:00 am",0,0.23616
"Jun 10, 02:00 am",0,0.23616
"Jun 10, 03:00 am",0,0.23616
"Jun 10, 04:00 am",0,0.23616
"Jun 10, 05:00 am",0,0.23616
"Jun 10, 06:00 am",0,0.23616
"Jun 10, 07:00 am",0,0.23616
"Jun 10, 08:00 am",0,0.23616
"Jun 10, 09:00 am",0,0.284651
"Jun 10, 10:00 am",1880.72,1.07181
"Jun 10, 11:00 am",2477.77,1.20473
"Jun 10, 12:00 pm",2413.38,1.17307
"Jun 10, 01:00 pm",2355.71,1.14473
"Jun 10, 02:00 pm",2425.76,1.17915
"Jun 10, 03:00 pm",2409.89,1.17134
"Jun 10, 04:00 pm",1361.34,0.661874
"Jun 10, 05:00 pm",14.9605,0.23616
"Jun 10, 06:00 pm",0,0.23616
"Jun 10, 07:00 pm",0,0.23616
"Jun 10, 08:00 pm",0,0.23616
"Jun 10, 09:00 pm",0,0.23616
"Jun 10, 10:00 pm",0,0.23616
"Jun 10, 11:00 pm",0,0.23616
"Jun 11, 12:00 am",0,0.23616
"Jun 11, 01:00 am",0,0.23616
"Jun 11, 02:00 am",0,0.23616
"Jun 11, 03:00 am",0,0.23616
"Jun 11, 04:00 am",0,0.23616
"Jun 11, 05:00 am",0,0.23616
"Jun 11, 06:00 am",0,0.23616
"Jun 11, 07:00 am",0,0.23616
"Jun 11, 08:00 am",0,0.23616
"Jun 11, 09:00 am",0,0.287263
"Jun 11, 10:00 am",1943.23,1.10574
"Jun 11, 11:00 am",2548.63,1.23933
"Jun 11, 12:00 pm",2480.37,1.20592
"Jun 11, 01:00 pm",2418.71,1.17566
"Jun 11, 02:00 pm",2495.55,1.21337
"Jun 11, 03:00 pm",2482.94,1.20716
"Jun 11, 04:00 pm",1412.36,0.686663
"Jun 11, 05:00 pm",15.0501,0.23616
"Jun 11, 06:00 pm",0,0.23616
"Jun 11, 07:00 pm",0,0.23616
"Jun 11, 08:00 pm",0,0.23616
"Jun 11, 09:00 pm",0,0.23616
"Jun 11, 10:00 pm",0,0.23616
"Jun 11, 11:00 pm",0,0.23616
"Jun 12, 12:00 am",0,0.23616
"Jun 12, 01:00 am",0,0.23616
"Jun 12, 02:00 am",0,0.23616
"Jun 12, 03:00 am",0,0.23616
"Jun 12, 04:00 am",0,0.23616
"Jun 12, 05:00 am",0,0.23616
"Jun 12, 06:00 am",0,0.23616
"Jun 12, 07:00 am",0,0.23616
"Jun 12, 08:00 am",0,0.23616
"Jun 12, 09:00 am",0,0.287229
"Jun 12, 10:00 am",1941.28,1.10502
"Jun 12, 11:00 am",2548.36,1.23922
"Jun 12, 12:00 pm",2473.69,1.20266
"Jun 12, 01:00 pm",2404.92,1.16891
"Jun 12, 02:00 pm",2476.38,1.204
"Jun 12, 03:00 pm",2451.58,1.19179
"Jun 12, 04:00 pm",1382.55,0.672198
"Jun 12, 05:00 pm",14.6302,0.23616
"Jun 12, 06:00 pm",0,0.23616
"Jun 12, 07:00 pm",0,0.23616
"Jun 12, 08:00 pm",0,0.23616
"Jun 12, 09:00 pm",0,0.23616
"Jun 12, 10:00 pm",0,0.23616
"Jun 12, 11:00 pm",0,0.23616
"Jun 13, 12:00 am",0,0.23616
"Jun 13, 01:00 am",0,0.23616
"Jun 13, 02:00 am",0,0.23616
"Jun 13, 03:00 am",0,0.23616
"Jun 13, 04:00 am",0,0.23616
"Jun 13, 05:00 am",0,0.23616
"Jun 13, 06:00 am",0,0.23616
"Jun 13, 07:00 am",0,0.23616
"Jun 13, 08:00 am",0,0.23616
"Jun 13, 09:00 am",0,0.23616
"Jun 13, 10:00 am",0,0.23616
"Jun 13, 11:00 am",0,0.23616
"Jun 13, 12:00 pm",1410.45,0.792362
"Jun 13, 01:00 pm",2351.16,1.1424
"Jun 13, 02:00 pm",2415.77,1.17426
"Jun 13, 03:00 pm",2386.69,1.15998
"Jun 13, 04:00 pm",1340.5,0.651766
"Jun 13, 05:00 pm",14.3856,0.23616
"Jun 13, 06:00 pm",0,0.23616
"Jun 13, 07:00 pm",0,0.23616
"Jun 13, 08:00 pm",0,0.23616
"Jun 13, 09:00 pm",0,0.23616
"Jun 13, 10:00 pm",0,0.23616
"Jun 13, 11:00 pm",0,0.23616
"Jun 14, 12:00 am",0,0.23616
"Jun 14, 01:00 am",0,0.23616
"Jun 14, 02:00 am",0,0.23616
"Jun 14, 03:00 am",0,0.23616
"Jun 14, 04:00 am",0,0.23616
"Jun 14, 05:00 am",0,0.23616
"Jun 14, 06:00 am",0,0.23616
"Jun 14, 07:00 am",0,0.23616
"Jun 14, 08:00 am",0,0.23616
"Jun 14, 09:00 am",0,0.23616
"Jun 14, 10:00 am",0,0.23616
"Jun 14, 11:00 am",0,0.23616
"Jun 14, 12:00 pm",0,0.23616
"Jun 14, 01:00 pm",0,0.23616
"Jun 14, 02:00 pm",0,0.23616
"Jun 14, 03:00 pm",0,0.23616
"Jun 14, 04:00 pm",0,0.23616
"Jun 14, 05:00 pm",0,0.23616
"Jun 14, 06:00 pm",0,0.23616
"Jun 14, 07:00 pm",0,0.23616
"Jun 14, 08:00 pm",0,0.23616
"Jun 14, 09:00 pm",0,0.23616
"Jun 14, 10:00 pm",0,0.23616
"Jun 14, 11:00 pm",0,0.23616
"Jun 15, 12:00 am",0,0.23616
"Jun 15, 01:00 am",0,0.23616
"Jun 15, 02:00 am",0,0.23616
"Jun 15, 03:00 am",0,0.23616
"Jun 15, 04:00 am",0,0.23616
"Jun 15, 05:00 am",0,0.23616
"Jun 15, 06:00 am",0,0.23616
"Jun 15, 07:00 am",0,0.23616
"Jun 15, 08:00 am",0,0.23616
"Jun 15, 09:00 am",0,0.23616
"Jun 15, 10:00 am",2126.25,1.03433
"Jun 15, 11:00 am",2370.57,1.15214
"Jun 15, 12:00 pm",2319.82,1.12719
"Jun 15, 01:00 pm",2263.52,1.09949
"Jun 15, 02:00 pm",2341.16,1.1375
"Jun 15, 03:00 pm",2340.03,1.13705
"Jun 15, 04:00 pm",1332.48,0.647871
"Jun 15, 05:00 pm",14.0091,0.23616
"Jun 15, 06:00 pm",0,0.23616
"Jun 15, 07:00 pm",0,0.23616
"Jun 15, 08:00 pm",0,0.23616
"Jun 15, 09:00 pm",0,0.23616
"Jun 15, 10:00 pm",0,0.23616
"Jun 15, 11:00 pm",0,0.23616
"Jun 16, 12:00 am",0,0.23616
"Jun 16, 01:00 am",0,0.23616
"Jun 16, 02:00 am",0,0.23616
"Jun 16, 03:00 am",0,0.23616
"Jun 16, 04:00 am",0,0.23616
"Jun 16, 05:00 am",0,0.23616
"Jun 16, 06:00 am",0,0.23616
"Jun 16, 07:00 am",0,0.23616
"Jun 16, 08:00 am",0,0.23616
"Jun 16, 09:00 am",0,0.23616
"Jun 16, 10:00 am",0,0.23616
"Jun 16, 11:00 am",0,0.23616
"Jun 16, 12:00 pm",0,0.23616
"Jun 16, 01:00 pm",0,0.23616
"Jun 16, 02:00 pm",0,0.23616
"Jun 16, 03:00 pm",0,0.23616
"Jun 16, 04:00 pm",0,0.23616
"Jun 16, 05:00 pm",0,0.23616
"Jun 16, 06:00 pm",0,0.23616
"Jun 16, 07:00 pm",0,0.23616
"Jun 16, 08:00 pm",0,0.23616
"Jun 16, 09:00 pm",0,0.23616
"Jun 16, 10:00 pm",0,0.23616
"Jun 16, 11:00 pm",0,0.23616
"Jun 17, 12:00 am",0,0.23616
"Jun 17, 01:00 am",0,0.23616
"Jun 17, 02:00 am",0,0.23616
"Jun 17, 03:00 am",0,0.23616
"Jun 17, 04:00 am",0,0.23616
"Jun 17, 05:00 am",0,0.23616
"Jun 17, 06:00 am",0,0.23616
"Jun 17, 07:00 am",0,0.23616
"Jun 17, 08:00 am",0,0.23616
"Jun 17, 09:00 am",0,0.23616
"Jun 17, 10:00 am",2094.27,1.01876
"Jun 17, 11:00 am",2334.41,1.13438
"Jun 17, 12:00 pm",2267.71,1.10155
"Jun 17, 01:00 pm",2191.8,1.06566
"Jun 17, 02:00 pm",2248.07,1.09196
"Jun 17, 03:00 pm",2244.33,1.09112
"Jun 17, 04:00 pm",1279.04,0.621896
"Jun 17, 05:00 pm",14.6739,0.23616
"Jun 17, 06:00 pm",0,0.23616
"Jun 17, 07:00 pm",0,0.23616
"Jun 17, 08:00 pm",0,0.23616
"Jun 17, 09:00 pm",0,0.23616
"Jun 17, 10:00 pm",0,0.23616
"Jun 17, 11:00 pm",0,0.23616
"Jun 18, 12:00 am",0,0.23616
"Jun 18, 01:00 am",0,0.23616
"Jun 18, 02:00 am",0,0.23616
"Jun 18, 03:00 am",0,0.23616
"Jun 18, 04:00 am",0,0.23616
"Jun 18, 05:00 am",0,0.23616
"Jun 18, 06:00 am",0,0.23616
"Jun 18, 07:00 am",0,0.23616
"Jun 18, 08:00 am",0,0.23616
"Jun 18, 09:00 am",0,0.23616
"Jun 18, 10:00 am",0,0.23616
"Jun 18, 11:00 am",0,0.23616
"Jun 18, 12:00 pm",0,0.23616
"Jun 18, 01:00 pm",0,0.23616
"Jun 18, 02:00 pm",0,0.23616
"Jun 18, 03:00 pm",0,0.23616
"Jun 18, 04:00 pm",0,0.23616
"Jun 18, 05:00 pm",0,0.23616
"Jun 18, 06:00 pm",0,0.23616
"Jun 18, 07:00 pm",0,0.23616
"Jun 18, 08:00 pm",0,0.23616
"Jun 18, 09:00 pm",0,0.23616
"Jun 18, 10:00 pm",0,0.23616
"Jun 18, 11:00 pm",0,0.23616
"Jun 19, 12:00 am",0,0.23616
"Jun 19, 01:00 am",0,0.23616
"Jun 19, 02:00 am",0,0.23616
"Jun 19, 03:00 am",0,0.23616
"Jun 19, 04:00 am",0,0.23616
"Jun 19, 05:00 am",0,0.23616
"Jun 19, 06:00 am",0,0.23616
"Jun 19, 07:00 am",0,0.23616
"Jun 19, 08:00 am",0,0.23616
"Jun 19, 09:00 am",0,0.23616
"Jun 19, 10:00 am",0,0.23616
"Jun 19, 11:00 am",0,0.23616
"Jun 19, 12:00 pm",0,0.23616
"Jun 19, 01:00 pm",1093.87,0.646658
"Jun 19, 02:00 pm",2224.64,1.08175
"Jun 19, 03:00 pm",2216.25,1.07772
"Jun 19, 04:00 pm",1268.28,0.616702
"Jun 19, 05:00 pm",13.994,0.23616
"Jun 19, 06:00 pm",0,0.23616
"Jun 19, 07:00 pm",0,0.23616
"Jun 19, 08:00 pm",0,0.23616
"Jun 19, 09:00 pm",0,0.23616
"Jun 19, 10:00 pm",0,0.23616
"Jun 19, 11:00 pm",0,0.23616
"Jun 20, 12:00 am",0,0.23616
"Jun 20, 01:00 am",0,0.23616
"Jun 20, 02:00 am",0,0.23616
"Jun 20, 03:00 am",0,0.23616
"Jun 20, 04:00 am",0,0.23616
"Jun 20, 05:00 am",0,0.23616
"Jun 20, 06:00 am",0,0.23616
"Jun 20, 07:00 am",0,0.23616
"Jun 20, 08:00 am",0,0.23616
"Jun 20, 09:00 am",0,0.23616
"Jun 20, 10:00 am",0,0.23616
"Jun 20, 11:00 am",0,0.23616
"Jun 20, 12:00 pm",0,0.23616
"Jun 20, 01:00 pm",0,0.23616
"Jun 20, 02:00 pm",0,0.23616
"Jun 20, 03:00 pm",0,0.23616
"Jun 20, 04:00 pm",0,0.23616
"Jun 20, 05:00 pm",0,0.23616
"Jun 20, 06:00 pm",0,0.23616
"Jun 20, 07:00 pm",0,0.23616
"Jun 20, 08:00 pm",0,0.23616
"Jun 20, 09:00 pm",0,0.23616
"Jun 20, 10:00 pm",0,0.23616
"Jun 20, 11:00 pm",0,0.23616
"Jun 21, 12:00 am",0,0.23616
"Jun 21, 01:00 am",0,0.23616
"Jun 21, 02:00 am",0,0.23616
"Jun 21, 03:00 am",0,0.23616
"Jun 21, 04:00 am",0,0.23616
"Jun 21, 05:00 am",0,0.23616
"Jun 21, 06:00 am",0,0.23616
"Jun 21, 07:00 am",0,0.23616
"Jun 21, 08:00 am",0,0.23616
"Jun 21, 09:00 am",0,0.23616
"Jun 21, 10:00 am",0,0.23616
"Jun 21, 11:00 am",0,0.23616
"Jun 21, 12:00 pm",0,0.23616
"Jun 21, 01:00 pm",0,0.23616
"Jun 21, 02:00 pm",1312.57,0.748102
"Jun 21, 03:00 pm",2385.24,1.15911
"Jun 21, 04:00 pm",1394.1,0.677871
"Jun 21, 05:00 pm",13.7457,0.23616
"Jun 21, 06:00 pm",0,0.23616
"Jun 21, 07:00 pm",0,0.23616
"Jun 21, 08:00 pm",0,0.23616
"Jun 21, 09:00 pm",0,0.23616
"Jun 21, 10:00 pm",0,0.23616
"Jun 21, 11:00 pm",0,0.23616
"Jun 22, 12:00 am",0,0.23616
"Jun 22, 01:00 am",0,0.23616
"Jun 22, 02:00 am",0,0.23616
"Jun 22, 03:00 am",0,0.23616
"Jun 22, 04:00 am",0,0.23616
"Jun 22, 05:00 am",0,0.23616
"Jun 22, 06:00 am",0,0.23616
"Jun 22, 07:00 am",0,0.23616
"Jun 22, 08:00 am",0,0.23616
"Jun 22, 09:00 am",0,0.23616
"Jun 22, 10:00 am",0,0.23616
"Jun 22, 11:00 am",0,0.23616
"Jun 22, 12:00 pm",0,0.23616
"Jun 22, 01:00 pm",0,0.23616
"Jun 22, 02:00 pm",0,0.23616
"Jun 22, 03:00 pm",0,0.23616
"Jun 22, 04:00 pm",0,0.23616
"Jun 22, 05:00 pm",0,0.23616
"Jun 22, 06:00 pm",0,0.23616
"Jun 22, 07:00 pm",0,0.23616
"Jun 22, 08:00 pm",0,0.23616
"Jun 22, 09:00 pm",0,0.23616
"Jun 22, 10:00 pm",0,0.23616
"Jun 22, 11:00 pm",0,0.23616
"Jun 23, 12:00 am",0,0.23616
"Jun 23, 01:00 am",0,0.23616
"Jun 23, 02:00 am",0,0.23616
"Jun 23, 03:00 am",0,0.23616
"Jun 23, 04:00 am",0,0.23616
"Jun 23, 05:00 am",0,0.23616
"Jun 23, 06:00 am",0,0.23616
"Jun 23, 07:00 am",0,0.23616
"Jun 23, 08:00 am",0,0.23616
"Jun 23, 09:00 am",0,0.23616
"Jun 23, 10:00 am",2230.83,1.08327
"Jun 23, 11:00 am",2480.82,1.20627
"Jun 23, 12:00 pm",2413.18,1.173
"Jun 23, 01:00 pm",2332.28,1.13328
"Jun 23, 02:00 pm",2406.04,1.16946
"Jun 23, 03:00 pm",2409.81,1.17133
"Jun 23, 04:00 pm",1436.14,0.698299
"Jun 23, 05:00 pm",14.0311,0.23616
"Jun 23, 06:00 pm",0,0.23616
"Jun 23, 07:00 pm",0,0.23616
"Jun 23, 08:00 pm",0,0.23616
"Jun 23, 09:00 pm",0,0.23616
"Jun 23, 10:00 pm",0,0.23616
"Jun 23, 11:00 pm",0,0.23616
"Jun 24, 12:00 am",0,0.23616
"Jun 24, 01:00 am",0,0.23616
"Jun 24, 02:00 am",0,0.23616
"Jun 24, 03:00 am",0,0.23616
"Jun 24, 04:00 am",0,0.23616
"Jun 24, 05:00 am",0,0.23616
"Jun 24, 06:00 am",0,0.23616
"Jun 24, 07:00 am",0,0.23616
"Jun 24, 08:00 am",0,0.23616
"Jun 24, 09:00 am",0,0.23616
"Jun 24, 10:00 am",2262.33,1.09282
"Jun 24, 11:00 am",2448.1,1.19019
"Jun 24, 12:00 pm",2383.88,1.1586
"Jun 24, 01:00 pm",2304.29,1.11954
"Jun 24, 02:00 pm",2377.5,1.15539
"Jun 24, 03:00 pm",17.8492,0.23616
"Jun 24, 04:00 pm",0,0.23616
"Jun 24, 05:00 pm",0,0.23616
"Jun 24, 06:00 pm",0,0.23616
"Jun 24, 07:00 pm",0,0.23616
"Jun 24, 08:00 pm",0,0.23616
"Jun 24, 09:00 pm",0,0.23616
"Jun 24, 10:00 pm",0,0.23616
"Jun 24, 11:00 pm",0,0.23616
"Jun 25, 12:00 am",0,0.23616
"Jun 25, 01:00 am",0,0.23616
"Jun 25, 02:00 am",0,0.23616
"Jun 25, 03:00 am",0,0.23616
"Jun 25, 04:00 am",0,0.23616
"Jun 25, 05:00 am",0,0.23616
"Jun 25, 06:00 am",0,0.23616
"Jun 25, 07:00 am",0,0.23616
"Jun 25, 08:00 am",0,0.23616
"Jun 25, 09:00 am",0,0.23616
"Jun 25, 10:00 am",0,0.23616
"Jun 25, 11:00 am",0,0.23616
"Jun 25, 12:00 pm",0,0.23616
"Jun 25, 01:00 pm",0,0.23616
"Jun 25, 02:00 pm",1258.41,0.722331
"Jun 25, 03:00 pm",2274.16,1.10474
"Jun 25, 04:00 pm",1360.82,0.661581
"Jun 25, 05:00 pm",14.1551,0.23616
"Jun 25, 06:00 pm",0,0.23616
"Jun 25, 07:00 pm",0,0.23616
"Jun 25, 08:00 pm",0,0.23616
"Jun 25, 09:00 pm",0,0.23616
"Jun 25, 10:00 pm",0,0.23616
"Jun 25, 11:00 pm",0,0.23616
"Jun 26, 12:00 am",0,0.23616
"Jun 26, 01:00 am",0,0.23616
"Jun 26, 02:00 am",0,0.23616
"Jun 26, 03:00 am",0,0.23616
"Jun 26, 04:00 am",0,0.23616
"Jun 26, 05:00 am",0,0.23616
"Jun 26, 06:00 am",0,0.23616
"Jun 26, 07:00 am",0,0.23616
"Jun 26, 08:00 am",0,0.23616
"Jun 26, 09:00 am",0,0.23616
"Jun 26, 10:00 am",0,0.23616
"Jun 26, 11:00 am",0,0.23616
"Jun 26, 12:00 pm",1273.23,0.729071
"Jun 26, 01:00 pm",2210.21,1.07464
"Jun 26, 02:00 pm",2273.35,1.10438
"Jun 26, 03:00 pm",2278.17,1.1066
"Jun 26, 04:00 pm",1383.48,0.672587
"Jun 26, 05:00 pm",14.5811,0.23616
"Jun 26, 06:00 pm",0,0.23616
"Jun 26, 07:00 pm",0,0.23616
"Jun 26, 08:00 pm",0,0.23616
"Jun 26, 09:00 pm",0,0.23616
"Jun 26, 10:00 pm",0,0.23616
"Jun 26, 11:00 pm",0,0.23616
"Jun 27, 12:00 am",0,0.23616
"Jun 27, 01:00 am",0,0.23616
"Jun 27, 02:00 am",0,0.23616
"Jun 27, 03:00 am",0,0.23616
"Jun 27, 04:00 am",0,0.23616
"Jun 27, 05:00 am",0,0.23616
"Jun 27, 06:00 am",0,0.23616
"Jun 27, 07:00 am",0,0.23616
"Jun 27, 08:00 am",0,0.23616
"Jun 27, 09:00 am",0,0.23616
"Jun 27, 10:00 am",0,0.23616
"Jun 27, 11:00 am",0,0.23616
"Jun 27, 12:00 pm",0,0.23616
"Jun 27, 01:00 pm",0,0.23616
"Jun 27, 02:00 pm",0,0.23616
"Jun 27, 03:00 pm",0,0.23616
"Jun 27, 04:00 pm",0,0.23616
"Jun 27, 05:00 pm",0,0.23616
"Jun 27, 06:00 pm",0,0.23616
"Jun 27, 07:00 pm",0,0.23616
"Jun 27, 08:00 pm",0,0.23616
"Jun 27, 09:00 pm",0,0.23616
"Jun 27, 10:00 pm",0,0.23616
"Jun 27, 11:00 pm",0,0.23616
"Jun 28, 12:00 am",0,0.23616
"Jun 28, 01:00 am",0,0.23616
"Jun 28, 02:00 am",0,0.23616
"Jun 28, 03:00 am",0,0.23616
"Jun 28, 04:00 am",0,0.23616
"Jun 28, 05:00 am",0,0.23616
"Jun 28, 06:00 am",0,0.23616
"Jun 28, 07:00 am",0,0.23616
"Jun 28, 08:00 am",0,0.23616
"Jun 28, 09:00 am",0,0.23616
"Jun 28, 10:00 am",0,0.23616
"Jun 28, 11:00 am",0,0.23616
"Jun 28, 12:00 pm",0,0.23616
"Jun 28, 01:00 pm",0,0.23616
"Jun 28, 02:00 pm",0,0.23616
"Jun 28, 03:00 pm",0,0.23616
"Jun 28, 04:00 pm",0,0.23616
"Jun 28, 05:00 pm",0,0.23616
"Jun 28, 06:00 pm",0,0.23616
"Jun 28, 07:00 pm",0,0.23616
"Jun 28, 08:00 pm",0,0.23616
"Jun 28, 09:00 pm",0,0.23616
"Jun 28, 10:00 pm",0,0.23616
"Jun 28, 11:00 pm",0,0.23616
"Jun 29, 12:00 am",0,0.23616
"Jun 29, 01:00 am",0,0.23616
"Jun 29, 02:00 am",0,0.23616
"Jun 29, 03:00 am",0,0.23616
"Jun 29, 04:00 am",0,0.23616
"Jun 29, 05:00 am",0,0.23616
"Jun 29, 06:00 am",0,0.23616
"Jun 29, 07:00 am",0,0.23616
"Jun 29, 08:00 am",0,0.23616
"Jun 29, 09:00 am",0,0.23616
"Jun 29, 10:00 am",2155.85,1.04873
"Jun 29, 11:00 am",2446.32,1.18935
"Jun 29, 12:00 pm",17.3174,0.23616
"Jun 29, 01:00 pm",0,0.23616
"Jun 29, 02:00 pm",0,0.23616
"Jun 29, 03:00 pm",0,0.23616
"Jun 29, 04:00 pm",0,0.23616
"Jun 29, 05:00 pm",0,0.23616
"Jun 29, 06:00 pm",0,0.23616
"Jun 29, 07:00 pm",0,0.23616
"Jun 29, 08:00 pm",0,0.23616
"Jun 29, 09:00 pm",0,0.23616
"Jun 29, 10:00 pm",0,0.23616
"Jun 29, 11:00 pm",0,0.23616
"Jun 30, 12:00 am",0,0.23616
"Jun 30, 01:00 am",0,0.23616
"Jun 30, 02:00 am",0,0.23616
"Jun 30, 03:00 am",0,0.23616
"Jun 30, 04:00 am",0,0.23616
"Jun 30, 05:00 am",0,0.23616
"Jun 30, 06:00 am",0,0.23616
"Jun 30, 07:00 am",0,0.23616
"Jun 30, 08:00 am",0,0.23616
"Jun 30, 09:00 am",0,0.23616
"Jun 30, 10:00 am",0,0.23616
"Jun 30, 11:00 am",0,0.23616
"Jun 30, 12:00 pm",0,0.23616
"Jun 30, 01:00 pm",0,0.23616
"Jun 30, 02:00 pm",0,0.23616
"Jun 30, 03:00 pm",0,0.23616
"Jun 30, 04:00 pm",0,0.23616
"Jun 30, 05:00 pm",0,0.23616
"Jun 30, 06:00 pm",0,0.23616
"Jun 30, 07:00 pm",0,0.23616
"Jun 30, 08:00 pm",0,0.23616
"Jun 30, 09:00 pm",0,0.23616
"Jun 30, 10:00 pm",0,0.23616
"Jun 30, 11:00 pm",0,0.23616
"Jul 1, 12:00 am",0,0.23616
"Jul 1, 01:00 am",0,0.23616
"Jul 1, 02:00 am",0,0.23616
"Jul 1, 03:00 am",0,0.23616
"Jul 1, 04:00 am",0,0.23616
"Jul 1, 05:00 am",0,0.23616
"Jul 1, 06:00 am",0,0.23616
"Jul 1, 07:00 am",0,0.23616
"Jul 1, 08:00 am",0,0.23616
"Jul 1, 09:00 am",0,0.23616
"Jul 1, 10:00 am",15.6427,0.23616
"Jul 1, 11:00 am",0,0.23616
"Jul 1, 12:00 pm",1935.91,1.10126
"Jul 1, 01:00 pm",2243.57,1.09085
"Jul 1, 02:00 pm",2306.63,1.12072
"Jul 1, 03:00 pm",2308.15,1.1214
"Jul 1, 04:00 pm",1468.97,0.714221
"Jul 1, 05:00 pm",14.258,0.23616
"Jul 1, 06:00 pm",0,0.23616
"Jul 1, 07:00 pm",0,0.23616
"Jul 1, 08:00 pm",0,0.23616
"Jul 1, 09:00 pm",0,0.23616
"Jul 1, 10:00 pm",0,0.23616
"Jul 1, 11:00 pm",0,0.23616
"Jul 2, 12:00 am",0,0.23616
"Jul 2, 01:00 am",0,0.23616
"Jul 2, 02:00 am",0,0.23616
"Jul 2, 03:00 am",0,0.23616
"Jul 2, 04:00 am",0,0.23616
"Jul 2, 05:00 am",0,0.23616
"Jul 2, 06:00 am",0,0.23616
"Jul 2, 07:00 am",0,0.23616
"Jul 2, 08:00 am",0,0.23616
"Jul 2, 09:00 am",0,0.23616
"Jul 2, 10:00 am",0,0.23616
"Jul 2, 11:00 am",0,0.23616
"Jul 2, 12:00 pm",0,0.23616
"Jul 2, 01:00 pm",0,0.23616
"Jul 2, 02:00 pm",0,0.23616
"Jul 2, 03:00 pm",0,0.23616
"Jul 2, 04:00 pm",0,0.23616
"Jul 2, 05:00 pm",0,0.23616
"Jul 2, 06:00 pm",0,0.23616
"Jul 2, 07:00 pm",0,0.23616
"Jul 2, 08:00 pm",0,0.23616
"Jul 2, 09:00 pm",0,0.23616
"Jul 2, 10:00 pm",0,0.23616
"Jul 2, 11:00 pm",0,0.23616
"Jul 3, 12:00 am",0,0.23616
"Jul 3, 01:00 am",0,0.23616
"Jul 3, 02:00 am",0,0.23616
"Jul 3, 03:00 am",0,0.23616
"Jul 3, 04:00 am",0,0.23616
"Jul 3, 05:00 am",0,0.23616
"Jul 3, 06:00 am",0,0.23616
"Jul 3, 07:00 am",0,0.23616
"Jul 3, 08:00 am",0,0.23616
"Jul 3, 09:00 am",0,0.23616
"Jul 3, 10:00 am",0,0.23616
"Jul 3, 11:00 am",0,0.23616
"Jul 3, 12:00 pm",0,0.23616
"Jul 3, 01:00 pm",0,0.23616
"Jul 3, 02:00 pm",0,0.23616
"Jul 3, 03:00 pm",0,0.23616
"Jul 3, 04:00 pm",0,0.23616
"Jul 3, 05:00 pm",0,0.23616
"Jul 3, 06:00 pm",0,0.23616
"Jul 3, 07:00 pm",0,0.23616
"Jul 3, 08:00 pm",0,0.23616
"Jul 3, 09:00 pm",0,0.23616
"Jul 3, 10:00 pm",0,0.23616
"Jul 3, 11:00 pm",0,0.23616
"Jul 4, 12:00 am",0,0.23616
"Jul 4, 01:00 am",0,0.23616
"Jul 4, 02:00 am",0,0.23616
"Jul 4, 03:00 am",0,0.23616
"Jul 4, 04:00 am",0,0.23616
"Jul 4, 05:00 am",0,0.23616
"Jul 4, 06:00 am",0,0.23616
"Jul 4, 07:00 am",0,0.23616
"Jul 4, 08:00 am",0,0.23616
"Jul 4, 09:00 am",0,0.23616
"Jul 4, 10:00 am",23.3762,0.23616
"Jul 4, 11:00 am",0,0.23616
"Jul 4, 12:00 pm",2070.32,1.17689
"Jul 4, 01:00 pm",2407.18,1.17003
"Jul 4, 02:00 pm",2485.32,1.20841
"Jul 4, 03:00 pm",2509.06,1.22004
"Jul 4, 04:00 pm",1677.75,0.815819
"Jul 4, 05:00 pm",14.2626,0.23616
"Jul 4, 06:00 pm",0,0.23616
"Jul 4, 07:00 pm",0,0.23616
"Jul 4, 08:00 pm",0,0.23616
"Jul 4, 09:00 pm",0,0.23616
"Jul 4, 10:00 pm",0,0.23616
"Jul 4, 11:00 pm",0,0.23616
"Jul 5, 12:00 am",0,0.23616
"Jul 5, 01:00 am",0,0.23616
"Jul 5, 02:00 am",0,0.23616
"Jul 5, 03:00 am",0,0.23616
"Jul 5, 04:00 am",0,0.23616
"Jul 5, 05:00 am",0,0.23616
"Jul 5, 06:00 am",0,0.23616
"Jul 5, 07:00 am",0,0.23616
"Jul 5, 08:00 am",0,0.23616
"Jul 5, 09:00 am",0,0.23616
"Jul 5, 10:00 am",0,0.23616
"Jul 5, 11:00 am",0,0.23616
"Jul 5, 12:00 pm",0,0.23616
"Jul 5, 01:00 pm",0,0.23616
"Jul 5, 02:00 pm",0,0.23616
"Jul 5, 03:00 pm",0,0.23616
"Jul 5, 04:00 pm",0,0.23616
"Jul 5, 05:00 pm",0,0.23616
"Jul 5, 06:00 pm",0,0.23616
"Jul 5, 07:00 pm",0,0.23616
"Jul 5, 08:00 pm",0,0.23616
"Jul 5, 09:00 pm",0,0.23616
"Jul 5, 10:00 pm",0,0.23616
"Jul 5, 11:00 pm",0,0.23616
"Jul 6, 12:00 am",0,0.23616
"Jul 6, 01:00 am",0,0.23616
"Jul 6, 02:00 am",0,0.23616
"Jul 6, 03:00 am",0,0.23616
"Jul 6, 04:00 am",0,0.23616
"Jul 6, 05:00 am",0,0.23616
"Jul 6, 06:00 am",0,0.23616
"Jul 6, 07:00 am",0,0.23616
"Jul 6, 08:00 am",0,0.23616
"Jul 6, 09:00 am",0,0.23616
"Jul 6, 10:00 am",0,0.23616
"Jul 6, 11:00 am",0,0.23616
"Jul 6, 12:00 pm",1296.52,0.741206
"Jul 6, 01:00 pm",2305.76,1.12012
"Jul 6, 02:00 pm",2361.26,1.14739
"Jul 6, 03:00 pm",2378.84,1.15612
"Jul 6, 04:00 pm",1614.21,0.784889
"Jul 6, 05:00 pm",14.6269,0.23616
"Jul 6, 06:00 pm",0,0.23616
"Jul 6, 07:00 pm",0,0.23616
"Jul 6, 08:00 pm",0,0.23616
"Jul 6, 09:00 pm",0,0.23616
"Jul 6, 10:00 pm",0,0.23616
"Jul 6, 11:00 pm",0,0.23616
"Jul 7, 12:00 am",0,0.23616
"Jul 7, 01:00 am",0,0.23616
"Jul 7, 02:00 am",0,0.23616
"Jul 7, 03:00 am",0,0.23616
"Jul 7, 04:00 am",0,0.23616
"Jul 7, 05:00 am",0,0.23616
"Jul 7, 06:00 am",0,0.23616
"Jul 7, 07:00 am",0,0.23616
"Jul 7, 08:00 am",0,0.23616
"Jul 7, 09:00 am",0,0.23616
"Jul 7, 10:00 am",0,0.23616
"Jul 7, 11:00 am",0,0.23616
"Jul 7, 12:00 pm",0,0.23616
"Jul 7, 01:00 pm",0,0.23616
"Jul 7, 02:00 pm",0,0.23616
"Jul 7, 03:00 pm",0,0.23616
"Jul 7, 04:00 pm",0,0.23616
"Jul 7, 05:00 pm",0,0.23616
"Jul 7, 06:00 pm",0,0.23616
"Jul 7, 07:00 pm",0,0.23616
"Jul 7, 08:00 pm",0,0.23616
"Jul 7, 09:00 pm",0,0.23616
"Jul 7, 10:00 pm",0,0.23616
"Jul 7, 11:00 pm",0,0.23616
"Jul 8, 12:00 am",0,0.23616
"Jul 8, 01:00 am",0,0.23616
"Jul 8, 02:00 am",0,0.23616
"Jul 8, 03:00 am",0,0.23616
"Jul 8, 04:00 am",0,0.23616
"Jul 8, 05:00 am",0,0.23616
"Jul 8, 06:00 am",0,0.23616
"Jul 8, 07:00 am",0,0.23616
"Jul 8, 08:00 am",0,0.23616
"Jul 8, 09:00 am",0,0.23616
"Jul 8, 10:00 am",0,0.23616
"Jul 8, 11:00 am",0,0.23616
"Jul 8, 12:00 pm",1379.28,0.779538
"Jul 8, 01:00 pm",2399.99,1.1663
"Jul 8, 02:00 pm",2459.46,1.19571
"Jul 8, 03:00 pm",2483.61,1.20755
"Jul 8, 04:00 pm",1733.12,0.842751
"Jul 8, 05:00 pm",14.4662,0.23616
"Jul 8, 06:00 pm",0,0.23616
"Jul 8, 07:00 pm",0,0.23616
"Jul 8, 08:00 pm",0,0.23616
"Jul 8, 09:00 pm",0,0.23616
"Jul 8, 10:00 pm",0,0.23616
"Jul 8, 11:00 pm",0,0.23616
"Jul 9, 12:00 am",0,0.23616
"Jul 9, 01:00 am",0,0.23616
"Jul 9, 02:00 am",0,0.23616
"Jul 9, 03:00 am",0,0.23616
"Jul 9, 04:00 am",0,0.23616
"Jul 9, 05:00 am",0,0.23616
"Jul 9, 06:00 am",0,0.23616
"Jul 9, 07:00 am",0,0.23616
"Jul 9, 08:00 am",0,0.23616
"Jul 9, 09:00 am",0,0.281769
"Jul 9, 10:00 am",1857.62,1.06018
"Jul 9, 11:00 am",2560.62,1.24537
"Jul 9, 12:00 pm",2499.19,1.21516
"Jul 9, 01:00 pm",2420.92,1.17676
"Jul 9, 02:00 pm",2486.6,1.20901
"Jul 9, 03:00 pm",2519.43,1.22509
"Jul 9, 04:00 pm",1788.16,0.869489
"Jul 9, 05:00 pm",14.9487,0.23616
"Jul 9, 06:00 pm",0,0.23616
"Jul 9, 07:00 pm",0,0.23616
"Jul 9, 08:00 pm",0,0.23616
"Jul 9, 09:00 pm",0,0.23616
"Jul 9, 10:00 pm",0,0.23616
"Jul 9, 11:00 pm",0,0.23616
"Jul 10, 12:00 am",0,0.23616
"Jul 10, 01:00 am",0,0.23616
"Jul 10, 02:00 am",0,0.23616
"Jul 10, 03:00 am",0,0.23616
"Jul 10, 04:00 am",0,0.23616
"Jul 10, 05:00 am",0,0.23616
"Jul 10, 06:00 am",0,0.23616
"Jul 10, 07:00 am",0,0.23616
"Jul 10, 08:00 am",0,0.23616
"Jul 10, 09:00 am",0,0.23616
"Jul 10, 10:00 am",0,0.23616
"Jul 10, 11:00 am",0,0.23616
"Jul 10, 12:00 pm",1484.62,0.826545
"Jul 10, 01:00 pm",2445.49,1.18874
"Jul 10, 02:00 pm",2497.23,1.21422
"Jul 10, 03:00 pm",2525.01,1.22783
"Jul 10, 04:00 pm",1809.86,0.880056
"Jul 10, 05:00 pm",14.8119,0.23616
"Jul 10, 06:00 pm",0,0.23616
"Jul 10, 07:00 pm",0,0.23616
"Jul 10, 08:00 pm",0,0.23616
"Jul 10, 09:00 pm",0,0.23616
"Jul 10, 10:00 pm",0,0.23616
"Jul 10, 11:00 pm",0,0.23616
"Jul 11, 12:00 am",0,0.23616
"Jul 11, 01:00 am",0,0.23616
"Jul 11, 02:00 am",0,0.23616
"Jul 11, 03:00 am",0,0.23616
"Jul 11, 04:00 am",0,0.23616
"Jul 11, 05:00 am",0,0.23616
"Jul 11, 06:00 am",0,0.23616
"Jul 11, 07:00 am",0,0.23616
"Jul 11, 08:00 am",0,0.23616
"Jul 11, 09:00 am",0,0.286479
"Jul 11, 10:00 am",1953.87,1.11229
"Jul 11, 11:00 am",2665.08,1.29586
"Jul 11, 12:00 pm",2573.49,1.25155
"Jul 11, 01:00 pm",2475.26,1.20342
"Jul 11, 02:00 pm",18.4758,0.23616
"Jul 11, 03:00 pm",0,0.23616
"Jul 11, 04:00 pm",0,0.23616
"Jul 11, 05:00 pm",0,0.23616
"Jul 11, 06:00 pm",0,0.23616
"Jul 11, 07:00 pm",0,0.23616
"Jul 11, 08:00 pm",0,0.23616
"Jul 11, 09:00 pm",0,0.23616
"Jul 11, 10:00 pm",0,0.23616
"Jul 11, 11:00 pm",0,0.23616
"Jul 12, 12:00 am",0,0.23616
"Jul 12, 01:00 am",0,0.23616
"Jul 12, 02:00 am",0,0.23616
"Jul 12, 03:00 am",0,0.23616
"Jul 12, 04:00 am",0,0.23616
"Jul 12, 05:00 am",0,0.23616
"Jul 12, 06:00 am",0,0.23616
"Jul 12, 07:00 am",0,0.23616
"Jul 12, 08:00 am",0,0.23616
"Jul 12, 09:00 am",0,0.23616
"Jul 12, 10:00 am",0,0.23616
"Jul 12, 11:00 am",0,0.23616
"Jul 12, 12:00 pm",0,0.23616
"Jul 12, 01:00 pm",0,0.23616
"Jul 12, 02:00 pm",1409.48,0.79186
"Jul 12, 03:00 pm",2445.14,1.18858
"Jul 12, 04:00 pm",16.7751,0.23616
"Jul 12, 05:00 pm",0,0.23616
"Jul 12, 06:00 pm",0,0.23616
"Jul 12, 07:00 pm",0,0.23616
"Jul 12, 08:00 pm",0,0.23616
"Jul 12, 09:00 pm",0,0.23616
"Jul 12, 10:00 pm",0,0.23616
"Jul 12, 11:00 pm",0,0.23616
"Jul 13, 12:00 am",0,0.23616
"Jul 13, 01:00 am",0,0.23616
"Jul 13, 02:00 am",0,0.23616
"Jul 13, 03:00 am",0,0.23616
"Jul 13, 04:00 am",0,0.23616
"Jul 13, 05:00 am",0,0.23616
"Jul 13, 06:00 am",0,0.23616
"Jul 13, 07:00 am",0,0.23616
"Jul 13, 08:00 am",0,0.23616
"Jul 13, 09:00 am",0,0.281066
"Jul 13, 10:00 am",0,0.23616
"Jul 13, 11:00 am",0,0.23616
"Jul 13, 12:00 pm",0,0.23616
"Jul 13, 01:00 pm",0,0.23616
"Jul 13, 02:00 pm",0,0.23616
"Jul 13, 03:00 pm",0,0.23616
"Jul 13, 04:00 pm",0,0.23616
"Jul 13, 05:00 pm",0,0.23616
"Jul 13, 06:00 pm",0,0.23616
"Jul 13, 07:00 pm",0,0.23616
"Jul 13, 08:00 pm",0,0.23616
"Jul 13, 09:00 pm",0,0.23616
"Jul 13, 10:00 pm",0,0.23616
"Jul 13, 11:00 pm",0,0.23616
"Jul 14, 12:00 am",0,0.23616
"Jul 14, 01:00 am",0,0.23616
"Jul 14, 02:00 am",0,0.23616
"Jul 14, 03:00 am",0,0.23616
"Jul 14, 04:00 am",0,0.23616
"Jul 14, 05:00 am",0,0.23616
"Jul 14, 06:00 am",0,0.23616
"Jul 14, 07:00 am",0,0.23616
"Jul 14, 08:00 am",0,0.23616
"Jul 14, 09:00 am",0,0.23616
"Jul 14, 10:00 am",0,0.23616
"Jul 14, 11:00 am",0,0.23616
"Jul 14, 12:00 pm",0,0.23616
"Jul 14, 01:00 pm",0,0.23616
"Jul 14, 02:00 pm",0,0.23616
"Jul 14, 03:00 pm",0,0.23616
"Jul 14, 04:00 pm",0,0.23616
"Jul 14, 05:00 pm",0,0.23616
"Jul 14, 06:00 pm",0,0.23616
"Jul 14, 07:00 pm",0,0.23616
"Jul 14, 08:00 pm",0,0.23616
"Jul 14, 09:00 pm",0,0.23616
"Jul 14, 10:00 pm",0,0.23616
"Jul 14, 11:00 pm",0,0.23616
"Jul 15, 12:00 am",0,0.23616
"Jul 15, 01:00 am",0,0.23616
"Jul 15, 02:00 am",0,0.23616
"Jul 15, 03:00 am",0,0.23616
"Jul 15, 04:00 am",0,0.23616
"Jul 15, 05:00 am",0,0.23616
"Jul 15, 06:00 am",0,0.23616
"Jul 15, 07:00 am",0,0.23616
"Jul 15, 08:00 am",0,0.23616
"Jul 15, 09:00 am",0,0.23616
"Jul 15, 10:00 am",2259.02,1.09466
"Jul 15, 11:00 am",2587.49,1.25854
"Jul 15, 12:00 pm",17.4711,0.23616
"Jul 15, 01:00 pm",0,0.23616
"Jul 15, 02:00 pm",0,0.23616
"Jul 15, 03:00 pm",0,0.23616
"Jul 15, 04:00 pm",0,0.23616
"Jul 15, 05:00 pm",0,0.23616
"Jul 15, 06:00 pm",0,0.23616
"Jul 15, 07:00 pm",0,0.23616
"Jul 15, 08:00 pm",0,0.23616
"Jul 15, 09:00 pm",0,0.23616
"Jul 15, 10:00 pm",0,0.23616
"Jul 15, 11:00 pm",0,0.23616
"Jul 16, 12:00 am",0,0.23616
"Jul 16, 01:00 am",0,0.23616
"Jul 16, 02:00 am",0,0.23616
"Jul 16, 03:00 am",0,0.23616
"Jul 16, 04:00 am",0,0.23616
"Jul 16, 05:00 am",0,0.23616
"Jul 16, 06:00 am",0,0.23616
"Jul 16, 07:00 am",0,0.23616
"Jul 16, 08:00 am",0,0.23616
"Jul 16, 09:00 am",0,0.23616
"Jul 16, 10:00 am",0,0.23616
"Jul 16, 11:00 am",0,0.23616
"Jul 16, 12:00 pm",0,0.23616
"Jul 16, 01:00 pm",0,0.23616
"Jul 16, 02:00 pm",0,0.23616
"Jul 16, 03:00 pm",0,0.23616
"Jul 16, 04:00 pm",0,0.23616
"Jul 16, 05:00 pm",0,0.23616
"Jul 16, 06:00 pm",0,0.23616
"Jul 16, 07:00 pm",0,0.23616
"Jul 16, 08:00 pm",0,0.23616
"Jul 16, 09:00 pm",0,0.23616
"Jul 16, 10:00 pm",0,0.23616
"Jul 16, 11:00 pm",0,0.23616
"Jul 17, 12:00 am",0,0.23616
"Jul 17, 01:00 am",0,0.23616
"Jul 17, 02:00 am",0,0.23616
"Jul 17, 03:00 am",0,0.23616
"Jul 17, 04:00 am",0,0.23616
"Jul 17, 05:00 am",0,0.23616
"Jul 17, 06:00 am",0,0.23616
"Jul 17, 07:00 am",0,0.23616
"Jul 17, 08:00 am",0,0.23616
"Jul 17, 09:00 am",0,0.23616
"Jul 17, 10:00 am",2339.38,1.13045
"Jul 17, 11:00 am",2649.21,1.28814
"Jul 17, 12:00 pm",2583.77,1.25663
"Jul 17, 01:00 pm",2520.86,1.22581
"Jul 17, 02:00 pm",2566.31,1.2481
"Jul 17, 03:00 pm",2614.72,1.27161
"Jul 17, 04:00 pm",1952.13,0.94927
"Jul 17, 05:00 pm",17.8673,0.23616
"Jul 17, 06:00 pm",0,0.23616
"Jul 17, 07:00 pm",0,0.23616
"Jul 17, 08:00 pm",0,0.23616
"Jul 17, 09:00 pm",0,0.23616
"Jul 17, 10:00 pm",0,0.23616
"Jul 17, 11:00 pm",0,0.23616
"Jul 18, 12:00 am",0,0.23616
"Jul 18, 01:00 am",0,0.23616
"Jul 18, 02:00 am",0,0.23616
"Jul 18, 03:00 am",0,0.23616
"Jul 18, 04:00 am",0,0.23616
"Jul 18, 05:00 am",0,0.23616
"Jul 18, 06:00 am",0,0.23616
"Jul 18, 07:00 am",0,0.23616
"Jul 18, 08:00 am",0,0.23616
"Jul 18, 09:00 am",0,0.289887
"Jul 18, 10:00 am",1997.19,1.13646
"Jul 18, 11:00 am",2749.26,1.33671
"Jul 18, 12:00 pm",2669.57,1.29806
"Jul 18, 01:00 pm",2599.5,1.26421
"Jul 18, 02:00 pm",2637.39,1.28251
"Jul 18, 03:00 pm",2689.39,1.30767
"Jul 18, 04:00 pm",2018.95,0.981698
"Jul 18, 05:00 pm",19.6762,0.23616
"Jul 18, 06:00 pm",0,0.23616
"Jul 18, 07:00 pm",0,0.23616
"Jul 18, 08:00 pm",0,0.23616
"Jul 18, 09:00 pm",0,0.23616
"Jul 18, 10:00 pm",0,0.23616
"Jul 18, 11:00 pm",0,0.23616
"Jul 19, 12:00 am",0,0.23616
"Jul 19, 01:00 am",0,0.23616
"Jul 19, 02:00 am",0,0.23616
"Jul 19, 03:00 am",0,0.23616
"Jul 19, 04:00 am",0,0.23616
"Jul 19, 05:00 am",0,0.23616
"Jul 19, 06:00 am",0,0.23616
"Jul 19, 07:00 am",0,0.23616
"Jul 19, 08:00 am",0,0.23616
"Jul 19, 09:00 am",0,0.291072
"Jul 19, 10:00 am",2014.67,1.14617
"Jul 19, 11:00 am",2769.03,1.34633
"Jul 19, 12:00 pm",2682.37,1.30428
"Jul 19, 01:00 pm",2609.7,1.26915
"Jul 19, 02:00 pm",2637.51,1.2826
"Jul 19, 03:00 pm",17.8993,0.23616
"Jul 19, 04:00 pm",0,0.23616
"Jul 19, 05:00 pm",0,0.23616
"Jul 19, 06:00 pm",0,0.23616
"Jul 19, 07:00 pm",0,0.23616
"Jul 19, 08:00 pm",0,0.23616
"Jul 19, 09:00 pm",0,0.23616
"Jul 19, 10:00 pm",0,0.23616
"Jul 19, 11:00 pm",0,0.23616
"Jul 20, 12:00 am",0,0.23616
"Jul 20, 01:00 am",0,0.23616
"Jul 20, 02:00 am",0,0.23616
"Jul 20, 03:00 am",0,0.23616
"Jul 20, 04:00 am",0,0.23616
"Jul 20, 05:00 am",0,0.23616
"Jul 20, 06:00 am",0,0.23616
"Jul 20, 07:00 am",0,0.23616
"Jul 20, 08:00 am",0,0.23616
"Jul 20, 09:00 am",0,0.23616
"Jul 20, 10:00 am",0,0.23616
"Jul 20, 11:00 am",0,0.23616
"Jul 20, 12:00 pm",0,0.23616
"Jul 20, 01:00 pm",0,0.23616
"Jul 20, 02:00 pm",0,0.23616
"Jul 20, 03:00 pm",0,0.23616
"Jul 20, 04:00 pm",0,0.23616
"Jul 20, 05:00 pm",0,0.23616
"Jul 20, 06:00 pm",0,0.23616
"Jul 20, 07:00 pm",0,0.23616
"Jul 20, 08:00 pm",0,0.23616
"Jul 20, 09:00 pm",0,0.23616
"Jul 20, 10:00 pm",0,0.23616
"Jul 20, 11:00 pm",0,0.23616
"Jul 21, 12:00 am",0,0.23616
"Jul 21, 01:00 am",0,0.23616
"Jul 21, 02:00 am",0,0.23616
"Jul 21, 03:00 am",0,0.23616
"Jul 21, 04:00 am",0,0.23616
"Jul 21, 05:00 am",0,0.23616
"Jul 21, 06:00 am",0,0.23616
"Jul 21, 07:00 am",0,0.23616
"Jul 21, 08:00 am",0,0.23616
"Jul 21, 09:00 am",0,0.23616
"Jul 21, 10:00 am",0,0.23616
"Jul 21, 11:00 am",0,0.23616
"Jul 21, 12:00 pm",1483.22,0.826545
"Jul 21, 01:00 pm",2605.54,1.26697
"Jul 21, 02:00 pm",2635.48,1.28164
"Jul 21, 03:00 pm",2689.46,1.30775
"Jul 21, 04:00 pm",2020.62,0.982562
"Jul 21, 05:00 pm",21.7324,0.23616
"Jul 21, 06:00 pm",0,0.23616
"Jul 21, 07:00 pm",0,0.23616
"Jul 21, 08:00 pm",0,0.23616
"Jul 21, 09:00 pm",0,0.23616
"Jul 21, 10:00 pm",0,0.23616
"Jul 21, 11:00 pm",0,0.23616
"Jul 22, 12:00 am",0,0.23616
"Jul 22, 01:00 am",0,0.23616
"Jul 22, 02:00 am",0,0.23616
"Jul 22, 03:00 am",0,0.23616
"Jul 22, 04:00 am",0,0.23616
"Jul 22, 05:00 am",0,0.23616
"Jul 22, 06:00 am",0,0.23616
"Jul 22, 07:00 am",0,0.23616
"Jul 22, 08:00 am",0,0.23616
"Jul 22, 09:00 am",0,0.294784
"Jul 22, 10:00 am",2071.29,1.17782
"Jul 22, 11:00 am",2841.65,1.38208
"Jul 22, 12:00 pm",2757.39,1.34059
"Jul 22, 01:00 pm",2692.25,1.30903
"Jul 22, 02:00 pm",2709.01,1.31717
"Jul 22, 03:00 pm",2762.11,1.34291
"Jul 22, 04:00 pm",2082.68,1.01268
"Jul 22, 05:00 pm",23.6933,0.23616
"Jul 22, 06:00 pm",0,0.23616
"Jul 22, 07:00 pm",0,0.23616
"Jul 22, 08:00 pm",0,0.23616
"Jul 22, 09:00 pm",0,0.23616
"Jul 22, 10:00 pm",0,0.23616
"Jul 22, 11:00 pm",0,0.23616
"Jul 23, 12:00 am",0,0.23616
"Jul 23, 01:00 am",0,0.23616
"Jul 23, 02:00 am",0,0.23616
"Jul 23, 03:00 am",0,0.23616
"Jul 23, 04:00 am",0,0.23616
"Jul 23, 05:00 am",0,0.23616
"Jul 23, 06:00 am",0,0.23616
"Jul 23, 07:00 am",0,0.23616
"Jul 23, 08:00 am",0,0.23616
"Jul 23, 09:00 am",0,0.294045
"Jul 23, 10:00 am",2052.1,1.16695
"Jul 23, 11:00 am",2820.93,1.37245
"Jul 23, 12:00 pm",2745.96,1.33505
"Jul 23, 01:00 pm",2686.75,1.30637
"Jul 23, 02:00 pm",2704.35,1.3149
"Jul 23, 03:00 pm",2761.53,1.34262
"Jul 23, 04:00 pm",2086.19,1.01438
"Jul 23, 05:00 pm",24.9173,0.23616
"Jul 23, 06:00 pm",9.38768,0.23616
"Jul 23, 07:00 pm",0,0.23616
"Jul 23, 08:00 pm",0,0.23616
"Jul 23, 09:00 pm",0,0.23616
"Jul 23, 10:00 pm",0,0.23616
"Jul 23, 11:00 pm",0,0.23616
"Jul 24, 12:00 am",0,0.23616
"Jul 24, 01:00 am",0,0.23616
"Jul 24, 02:00 am",0,0.23616
"Jul 24, 03:00 am",0,0.23616
"Jul 24, 04:00 am",0,0.23616
"Jul 24, 05:00 am",0,0.23616
"Jul 24, 06:00 am",0,0.23616
"Jul 24, 07:00 am",0,0.23616
"Jul 24, 08:00 am",0,0.23616
"Jul 24, 09:00 am",0,0.295906
"Jul 24, 10:00 am",2084.17,1.1849
"Jul 24, 11:00 am",2862.07,1.39168
"Jul 24, 12:00 pm",2790.75,1.35675
"Jul 24, 01:00 pm",2737.1,1.33074
"Jul 24, 02:00 pm",2755.42,1.33963
"Jul 24, 03:00 pm",2813.17,1.36878
"Jul 24, 04:00 pm",2130.6,1.03594
"Jul 24, 05:00 pm",26.8827,0.23616
"Jul 24, 06:00 pm",12.2423,0.23616
"Jul 24, 07:00 pm",0,0.23616
"Jul 24, 08:00 pm",0,0.23616
"Jul 24, 09:00 pm",0,0.23616
"Jul 24, 10:00 pm",0,0.23616
"Jul 24, 11:00 pm",0,0.23616
"Jul 25, 12:00 am",0,0.23616
"Jul 25, 01:00 am",0,0.23616
"Jul 25, 02:00 am",0,0.23616
"Jul 25, 03:00 am",0,0.23616
"Jul 25, 04:00 am",0,0.23616
"Jul 25, 05:00 am",0,0.23616
"Jul 25, 06:00 am",0,0.23616
"Jul 25, 07:00 am",0,0.23616
"Jul 25, 08:00 am",0,0.23616
"Jul 25, 09:00 am",211.07,0.362843
"Jul 25, 10:00 am",2570.45,1.25025
"Jul 25, 11:00 am",2913.82,1.41696
"Jul 25, 12:00 pm",2869.33,1.395
"Jul 25, 01:00 pm",2820.32,1.37202
"Jul 25, 02:00 pm",2839.26,1.38083
"Jul 25, 03:00 pm",2902.15,1.4108
"Jul 25, 04:00 pm",2202.23,1.07072
"Jul 25, 05:00 pm",34.6851,0.23616
"Jul 25, 06:00 pm",13.9085,0.23616
"Jul 25, 07:00 pm",0,0.23616
"Jul 25, 08:00 pm",0,0.23616
"Jul 25, 09:00 pm",0,0.23616
"Jul 25, 10:00 pm",0,0.23616
"Jul 25, 11:00 pm",0,0.23616
"Jul 26, 12:00 am",0,0.23616
"Jul 26, 01:00 am",0,0.23616
"Jul 26, 02:00 am",0,0.23616
"Jul 26, 03:00 am",0,0.23616
"Jul 26, 04:00 am",0,0.23616
"Jul 26, 05:00 am",0,0.23616
"Jul 26, 06:00 am",0,0.23616
"Jul 26, 07:00 am",0,0.23616
"Jul 26, 08:00 am",0,0.23616
"Jul 26, 09:00 am",224.695,0.371241
"Jul 26, 10:00 am",2594.19,1.26191
"Jul 26, 11:00 am",18.5428,0.23616
"Jul 26, 12:00 pm",0,0.23616
"Jul 26, 01:00 pm",2345.64,1.33184
"Jul 26, 02:00 pm",2825.42,1.3744
"Jul 26, 03:00 pm",2888.69,1.40429
"Jul 26, 04:00 pm",2189.81,1.06469
"Jul 26, 05:00 pm",43.333,0.23616
"Jul 26, 06:00 pm",13.8724,0.23616
"Jul 26, 07:00 pm",0,0.23616
"Jul 26, 08:00 pm",0,0.23616
"Jul 26, 09:00 pm",0,0.23616
"Jul 26, 10:00 pm",0,0.23616
"Jul 26, 11:00 pm",0,0.23616
"Jul 27, 12:00 am",0,0.23616
"Jul 27, 01:00 am",0,0.23616
"Jul 27, 02:00 am",0,0.23616
"Jul 27, 03:00 am",0,0.23616
"Jul 27, 04:00 am",0,0.23616
"Jul 27, 05:00 am",0,0.23616
"Jul 27, 06:00 am",0,0.23616
"Jul 27, 07:00 am",0,0.23616
"Jul 27, 08:00 am",0,0.23616
"Jul 27, 09:00 am",225.802,0.370973
"Jul 27, 10:00 am",2566.87,1.24858
"Jul 27, 11:00 am",2914.03,1.41696
"Jul 27, 12:00 pm",18.8928,0.23616
"Jul 27, 01:00 pm",0,0.23616
"Jul 27, 02:00 pm",0,0.23616
"Jul 27, 03:00 pm",0,0.23616
"Jul 27, 04:00 pm",0,0.23616
"Jul 27, 05:00 pm",0,0.23616
"Jul 27, 06:00 pm",0,0.23616
"Jul 27, 07:00 pm",0,0.23616
"Jul 27, 08:00 pm",0,0.23616
"Jul 27, 09:00 pm",0,0.23616
"Jul 27, 10:00 pm",0,0.23616
"Jul 27, 11:00 pm",0,0.23616
"Jul 28, 12:00 am",0,0.23616
"Jul 28, 01:00 am",0,0.23616
"Jul 28, 02:00 am",0,0.23616
"Jul 28, 03:00 am",0,0.23616
"Jul 28, 04:00 am",0,0.23616
"Jul 28, 05:00 am",0,0.23616
"Jul 28, 06:00 am",0,0.23616
"Jul 28, 07:00 am",0,0.23616
"Jul 28, 08:00 am",0,0.23616
"Jul 28, 09:00 am",0,0.23616
"Jul 28, 10:00 am",0,0.23616
"Jul 28, 11:00 am",0,0.23616
"Jul 28, 12:00 pm",0,0.23616
"Jul 28, 01:00 pm",0,0.23616
"Jul 28, 02:00 pm",0,0.23616
"Jul 28, 03:00 pm",0,0.23616
"Jul 28, 04:00 pm",0,0.23616
"Jul 28, 05:00 pm",0,0.23616
"Jul 28, 06:00 pm",0,0.23616
"Jul 28, 07:00 pm",0,0.23616
"Jul 28, 08:00 pm",0,0.23616
"Jul 28, 09:00 pm",0,0.23616
"Jul 28, 10:00 pm",0,0.23616
"Jul 28, 11:00 pm",0,0.23616
"Jul 29, 12:00 am",0,0.23616
"Jul 29, 01:00 am",0,0.23616
"Jul 29, 02:00 am",0,0.23616
"Jul 29, 03:00 am",0,0.23616
"Jul 29, 04:00 am",0,0.23616
"Jul 29, 05:00 am",0,0.23616
"Jul 29, 06:00 am",0,0.23616
"Jul 29, 07:00 am",0,0.23616
"Jul 29, 08:00 am",0,0.23616
"Jul 29, 09:00 am",0,0.23616
"Jul 29, 10:00 am",0,0.23616
"Jul 29, 11:00 am",0,0.23616
"Jul 29, 12:00 pm",0,0.23616
"Jul 29, 01:00 pm",0,0.23616
"Jul 29, 02:00 pm",0,0.23616
"Jul 29, 03:00 pm",0,0.23616
"Jul 29, 04:00 pm",0,0.23616
"Jul 29, 05:00 pm",0,0.23616
"Jul 29, 06:00 pm",0,0.23616
"Jul 29, 07:00 pm",0,0.23616
"Jul 29, 08:00 pm",0,0.23616
"Jul 29, 09:00 pm",0,0.23616
"Jul 29, 10:00 pm",0,0.23616
"Jul 29, 11:00 pm",0,0.23616
"Jul 30, 12:00 am",0,0.23616
"Jul 30, 01:00 am",0,0.23616
"Jul 30, 02:00 am",0,0.23616
"Jul 30, 03:00 am",0,0.23616
"Jul 30, 04:00 am",0,0.23616
"Jul 30, 05:00 am",0,0.23616
"Jul 30, 06:00 am",0,0.23616
"Jul 30, 07:00 am",0,0.23616
"Jul 30, 08:00 am",0,0.23616
"Jul 30, 09:00 am",0,0.23616
"Jul 30, 10:00 am",0,0.23616
"Jul 30, 11:00 am",0,0.23616
"Jul 30, 12:00 pm",0,0.23616
"Jul 30, 01:00 pm",0,0.23616
"Jul 30, 02:00 pm",0,0.23616
"Jul 30, 03:00 pm",0,0.23616
"Jul 30, 04:00 pm",0,0.23616
"Jul 30, 05:00 pm",0,0.23616
"Jul 30, 06:00 pm",0,0.23616
"Jul 30, 07:00 pm",0,0.23616
"Jul 30, 08:00 pm",0,0.23616
"Jul 30, 09:00 pm",0,0.23616
"Jul 30, 10:00 pm",0,0.23616
"Jul 30, 11:00 pm",0,0.23616
"Jul 31, 12:00 am",0,0.23616
"Jul 31, 01:00 am",0,0.23616
"Jul 31, 02:00 am",0,0.23616
"Jul 31, 03:00 am",0,0.23616
"Jul 31, 04:00 am",0,0.23616
"Jul 31, 05:00 am",0,0.23616
"Jul 31, 06:00 am",0,0.23616
"Jul 31, 07:00 am",0,0.23616
"Jul 31, 08:00 am",0,0.23616
"Jul 31, 09:00 am",0,0.23616
"Jul 31, 10:00 am",0,0.23616
"Jul 31, 11:00 am",0,0.23616
"Jul 31, 12:00 pm",0,0.23616
"Jul 31, 01:00 pm",0,0.23616
"Jul 31, 02:00 pm",0,0.23616
"Jul 31, 03:00 pm",0,0.23616
"Jul 31, 04:00 pm",0,0.23616
"Jul 31, 05:00 pm",0,0.23616
"Jul 31, 06:00 pm",0,0.23616
"Jul 31, 07:00 pm",0,0.23616
"Jul 31, 08:00 pm",0,0.23616
"Jul 31, 09:00 pm",0,0.23616
"Jul 31, 10:00 pm",0,0.23616
"Jul 31, 11:00 pm",0,0.23616
"Aug 1, 12:00 am",0,0.23616
"Aug 1, 01:00 am",0,0.23616
"Aug 1, 02:00 am",0,0.23616
"Aug 1, 03:00 am",0,0.23616
"Aug 1, 04:00 am",0,0.23616
"Aug 1, 05:00 am",0,0.23616
"Aug 1, 06:00 am",0,0.23616
"Aug 1, 07:00 am",0,0.23616
"Aug 1, 08:00 am",0,0.23616
"Aug 1, 09:00 am",242.888,0.384195
"Aug 1, 10:00 am",2650.62,1.28905
"Aug 1, 11:00 am",2912.22,1.41696
"Aug 1, 12:00 pm",2913.2,1.41696
"Aug 1, 01:00 pm",2913.48,1.41696
"Aug 1, 02:00 pm",2913.5,1.41696
"Aug 1, 03:00 pm",2912.37,1.41696
"Aug 1, 04:00 pm",2322.1,1.12814
"Aug 1, 05:00 pm",133.326,0.23616
"Aug 1, 06:00 pm",14.2594,0.23616
"Aug 1, 07:00 pm",0,0.23616
"Aug 1, 08:00 pm",0,0.23616
"Aug 1, 09:00 pm",0,0.23616
"Aug 1, 10:00 pm",0,0.23616
"Aug 1, 11:00 pm",0,0.23616
"Aug 2, 12:00 am",0,0.23616
"Aug 2, 01:00 am",0,0.23616
"Aug 2, 02:00 am",0,0.23616
"Aug 2, 03:00 am",0,0.23616
"Aug 2, 04:00 am",0,0.23616
"Aug 2, 05:00 am",0,0.23616
"Aug 2, 06:00 am",0,0.23616
"Aug 2, 07:00 am",0,0.23616
"Aug 2, 08:00 am",0,0.23616
"Aug 2, 09:00 am",0,0.23616
"Aug 2, 10:00 am",0,0.23616
"Aug 2, 11:00 am",0,0.23616
"Aug 2, 12:00 pm",0,0.23616
"Aug 2, 01:00 pm",0,0.23616
"Aug 2, 02:00 pm",0,0.23616
"Aug 2, 03:00 pm",1957.75,1.02334
"Aug 2, 04:00 pm",2243.52,1.09074
"Aug 2, 05:00 pm",131.145,0.23616
"Aug 2, 06:00 pm",13.856,0.23616
"Aug 2, 07:00 pm",0,0.23616
"Aug 2, 08:00 pm",0,0.23616
"Aug 2, 09:00 pm",0,0.23616
"Aug 2, 10:00 pm",0,0.23616
"Aug 2, 11:00 pm",0,0.23616
"Aug 3, 12:00 am",0,0.23616
"Aug 3, 01:00 am",0,0.23616
"Aug 3, 02:00 am",0,0.23616
"Aug 3, 03:00 am",0,0.23616
"Aug 3, 04:00 am",0,0.23616
"Aug 3, 05:00 am",0,0.23616
"Aug 3, 06:00 am",0,0.23616
"Aug 3, 07:00 am",0,0.23616
"Aug 3, 08:00 am",0,0.23616
"Aug 3, 09:00 am",0,0.23616
"Aug 3, 10:00 am",0,0.23616
"Aug 3, 11:00 am",0,0.23616
"Aug 3, 12:00 pm",0,0.23616
"Aug 3, 01:00 pm",1957.01,1.02334
"Aug 3, 02:00 pm",2913.39,1.41696
"Aug 3, 03:00 pm",2911.83,1.41696
"Aug 3, 04:00 pm",2330.29,1.13219
"Aug 3, 05:00 pm",158.321,0.23616
"Aug 3, 06:00 pm",13.477,0.23616
"Aug 3, 07:00 pm",0,0.23616
"Aug 3, 08:00 pm",0,0.23616
"Aug 3, 09:00 pm",0,0.23616
"Aug 3, 10:00 pm",0,0.23616
"Aug 3, 11:00 pm",0,0.23616
"Aug 4, 12:00 am",0,0.23616
"Aug 4, 01:00 am",0,0.23616
"Aug 4, 02:00 am",0,0.23616
"Aug 4, 03:00 am",0,0.23616
"Aug 4, 04:00 am",0,0.23616
"Aug 4, 05:00 am",0,0.23616
"Aug 4, 06:00 am",0,0.23616
"Aug 4, 07:00 am",0,0.23616
"Aug 4, 08:00 am",0,0.23616
"Aug 4, 09:00 am",0,0.23616
"Aug 4, 10:00 am",0,0.23616
"Aug 4, 11:00 am",0,0.23616
"Aug 4, 12:00 pm",0,0.23616
"Aug 4, 01:00 pm",0,0.23616
"Aug 4, 02:00 pm",0,0.23616
"Aug 4, 03:00 pm",0,0.23616
"Aug 4, 04:00 pm",0,0.23616
"Aug 4, 05:00 pm",0,0.23616
"Aug 4, 06:00 pm",0,0.23616
"Aug 4, 07:00 pm",0,0.23616
"Aug 4, 08:00 pm",0,0.23616
"Aug 4, 09:00 pm",0,0.23616
"Aug 4, 10:00 pm",0,0.23616
"Aug 4, 11:00 pm",0,0.23616
"Aug 5, 12:00 am",0,0.23616
"Aug 5, 01:00 am",0,0.23616
"Aug 5, 02:00 am",0,0.23616
"Aug 5, 03:00 am",0,0.23616
"Aug 5, 04:00 am",0,0.23616
"Aug 5, 05:00 am",0,0.23616
"Aug 5, 06:00 am",0,0.23616
"Aug 5, 07:00 am",0,0.23616
"Aug 5, 08:00 am",0,0.23616
"Aug 5, 09:00 am",827.25,0.518938
"Aug 5, 10:00 am",2852.24,1.38712
"Aug 5, 11:00 am",18.7701,0.23616
"Aug 5, 12:00 pm",0,0.23616
"Aug 5, 01:00 pm",0,0.23616
"Aug 5, 02:00 pm",0,0.23616
"Aug 5, 03:00 pm",0,0.23616
"Aug 5, 04:00 pm",0,0.23616
"Aug 5, 05:00 pm",0,0.23616
"Aug 5, 06:00 pm",0,0.23616
"Aug 5, 07:00 pm",0,0.23616
"Aug 5, 08:00 pm",0,0.23616
"Aug 5, 09:00 pm",0,0.23616
"Aug 5, 10:00 pm",0,0.23616
"Aug 5, 11:00 pm",0,0.23616
"Aug 6, 12:00 am",0,0.23616
"Aug 6, 01:00 am",0,0.23616
"Aug 6, 02:00 am",0,0.23616
"Aug 6, 03:00 am",0,0.23616
"Aug 6, 04:00 am",0,0.23616
"Aug 6, 05:00 am",0,0.23616
"Aug 6, 06:00 am",0,0.23616
"Aug 6, 07:00 am",0,0.23616
"Aug 6, 08:00 am",0,0.23616
"Aug 6, 09:00 am",0,0.23616
"Aug 6, 10:00 am",0,0.23616
"Aug 6, 11:00 am",0,0.23616
"Aug 6, 12:00 pm",0,0.23616
"Aug 6, 01:00 pm",0,0.23616
"Aug 6, 02:00 pm",0,0.23616
"Aug 6, 03:00 pm",1961.37,1.02334
"Aug 6, 04:00 pm",2446.22,1.18913
"Aug 6, 05:00 pm",219.553,0.23616
"Aug 6, 06:00 pm",12.9794,0.23616
"Aug 6, 07:00 pm",0,0.23616
"Aug 6, 08:00 pm",0,0.23616
"Aug 6, 09:00 pm",0,0.23616
"Aug 6, 10:00 pm",0,0.23616
"Aug 6, 11:00 pm",0,0.23616
"Aug 7, 12:00 am",0,0.23616
"Aug 7, 01:00 am",0,0.23616
"Aug 7, 02:00 am",0,0.23616
"Aug 7, 03:00 am",0,0.23616
"Aug 7, 04:00 am",0,0.23616
"Aug 7, 05:00 am",0,0.23616
"Aug 7, 06:00 am",0,0.23616
"Aug 7, 07:00 am",0,0.23616
"Aug 7, 08:00 am",0,0.23616
"Aug 7, 09:00 am",1064.17,0.627552
"Aug 7, 10:00 am",2911.66,1.41696
"Aug 7, 11:00 am",2914.97,1.41696
"Aug 7, 12:00 pm",2915.01,1.41696
"Aug 7, 01:00 pm",2915.03,1.41696
"Aug 7, 02:00 pm",2916.31,1.41696
"Aug 7, 03:00 pm",2914.95,1.41696
"Aug 7, 04:00 pm",2571.67,1.25063
"Aug 7, 05:00 pm",255.717,0.23616
"Aug 7, 06:00 pm",13.3811,0.23616
"Aug 7, 07:00 pm",0,0.23616
"Aug 7, 08:00 pm",0,0.23616
"Aug 7, 09:00 pm",0,0.23616
"Aug 7, 10:00 pm",0,0.23616
"Aug 7, 11:00 pm",0,0.23616
"Aug 8, 12:00 am",0,0.23616
"Aug 8, 01:00 am",0,0.23616
"Aug 8, 02:00 am",0,0.23616
"Aug 8, 03:00 am",0,0.23616
"Aug 8, 04:00 am",0,0.23616
"Aug 8, 05:00 am",0,0.23616
"Aug 8, 06:00 am",0,0.23616
"Aug 8, 07:00 am",0,0.23616
"Aug 8, 08:00 am",0,0.23616
"Aug 8, 09:00 am",1093.83,0.640923
"Aug 8, 10:00 am",2911.76,1.41696
"Aug 8, 11:00 am",2915.05,1.41696
"Aug 8, 12:00 pm",2915.1,1.41696
"Aug 8, 01:00 pm",2915.12,1.41696
"Aug 8, 02:00 pm",2916.87,1.41696
"Aug 8, 03:00 pm",2915.03,1.41696
"Aug 8, 04:00 pm",2574.3,1.25189
"Aug 8, 05:00 pm",278.235,0.23616
"Aug 8, 06:00 pm",13.8683,0.23616
"Aug 8, 07:00 pm",0,0.23616
"Aug 8, 08:00 pm",0,0.23616
"Aug 8, 09:00 pm",0,0.23616
"Aug 8, 10:00 pm",0,0.23616
"Aug 8, 11:00 pm",0,0.23616
"Aug 9, 12:00 am",0,0.23616
"Aug 9, 01:00 am",0,0.23616
"Aug 9, 02:00 am",0,0.23616
"Aug 9, 03:00 am",0,0.23616
"Aug 9, 04:00 am",0,0.23616
"Aug 9, 05:00 am",0,0.23616
"Aug 9, 06:00 am",0,0.23616
"Aug 9, 07:00 am",0,0.23616
"Aug 9, 08:00 am",0,0.23616
"Aug 9, 09:00 am",1058.6,0.624227
"Aug 9, 10:00 am",2913.43,1.41696
"Aug 9, 11:00 am",18.7817,0.23616
"Aug 9, 12:00 pm",2428.92,1.39952
"Aug 9, 01:00 pm",2915.23,1.41696
"Aug 9, 02:00 pm",2914.25,1.41696
"Aug 9, 03:00 pm",19.0812,0.23616
"Aug 9, 04:00 pm",2091.21,1.18861
"Aug 9, 05:00 pm",15.3725,0.23616
"Aug 9, 06:00 pm",0,0.23616
"Aug 9, 07:00 pm",0,0.23616
"Aug 9, 08:00 pm",0,0.23616
"Aug 9, 09:00 pm",0,0.23616
"Aug 9, 10:00 pm",0,0.23616
"Aug 9, 11:00 pm",0,0.23616
"Aug 10, 12:00 am",0,0.23616
"Aug 10, 01:00 am",0,0.23616
"Aug 10, 02:00 am",0,0.23616
"Aug 10, 03:00 am",0,0.23616
"Aug 10, 04:00 am",0,0.23616
"Aug 10, 05:00 am",0,0.23616
"Aug 10, 06:00 am",0,0.23616
"Aug 10, 07:00 am",0,0.23616
"Aug 10, 08:00 am",0,0.23616
"Aug 10, 09:00 am",0,0.23616
"Aug 10, 10:00 am",0,0.23616
"Aug 10, 11:00 am",0,0.23616
"Aug 10, 12:00 pm",0,0.23616
"Aug 10, 01:00 pm",0,0.23616
"Aug 10, 02:00 pm",0,0.23616
"Aug 10, 03:00 pm",0,0.23616
"Aug 10, 04:00 pm",0,0.23616
"Aug 10, 05:00 pm",0,0.23616
"Aug 10, 06:00 pm",0,0.23616
"Aug 10, 07:00 pm",0,0.23616
"Aug 10, 08:00 pm",0,0.23616
"Aug 10, 09:00 pm",0,0.23616
"Aug 10, 10:00 pm",0,0.23616
"Aug 10, 11:00 pm",0,0.23616
"Aug 11, 12:00 am",0,0.23616
"Aug 11, 01:00 am",0,0.23616
"Aug 11, 02:00 am",0,0.23616
"Aug 11, 03:00 am",0,0.23616
"Aug 11, 04:00 am",0,0.23616
"Aug 11, 05:00 am",0,0.23616
"Aug 11, 06:00 am",0,0.23616
"Aug 11, 07:00 am",0,0.23616
"Aug 11, 08:00 am",0,0.23616
"Aug 11, 09:00 am",0,0.23616
"Aug 11, 10:00 am",0,0.23616
"Aug 11, 11:00 am",1955.38,1.02334
"Aug 11, 12:00 pm",2915.16,1.41696
"Aug 11, 01:00 pm",2915.11,1.41696
"Aug 11, 02:00 pm",2915.11,1.41696
"Aug 11, 03:00 pm",2915.1,1.41696
"Aug 11, 04:00 pm",2634.99,1.28131
"Aug 11, 05:00 pm",340.839,0.23616
"Aug 11, 06:00 pm",13.3337,0.23616
"Aug 11, 07:00 pm",0,0.23616
"Aug 11, 08:00 pm",0,0.23616
"Aug 11, 09:00 pm",0,0.23616
"Aug 11, 10:00 pm",0,0.23616
"Aug 11, 11:00 pm",0,0.23616
"Aug 12, 12:00 am",0,0.23616
"Aug 12, 01:00 am",0,0.23616
"Aug 12, 02:00 am",0,0.23616
"Aug 12, 03:00 am",0,0.23616
"Aug 12, 04:00 am",0,0.23616
"Aug 12, 05:00 am",0,0.23616
"Aug 12, 06:00 am",0,0.23616
"Aug 12, 07:00 am",0,0.23616
"Aug 12, 08:00 am",0,0.23616
"Aug 12, 09:00 am",1298.5,0.90996
"Aug 12, 10:00 am",2911.94,1.41696
"Aug 12, 11:00 am",2915.49,1.41696
"Aug 12, 12:00 pm",2915.53,1.41696
"Aug 12, 01:00 pm",2915.55,1.41696
"Aug 12, 02:00 pm",2915.56,1.41696
"Aug 12, 03:00 pm",2915.56,1.41696
"Aug 12, 04:00 pm",2728.45,1.32656
"Aug 12, 05:00 pm",379.674,0.23616
"Aug 12, 06:00 pm",13.244,0.23616
"Aug 12, 07:00 pm",0,0.23616
"Aug 12, 08:00 pm",0,0.23616
"Aug 12, 09:00 pm",0,0.23616
"Aug 12, 10:00 pm",0,0.23616
"Aug 12, 11:00 pm",0,0.23616
"Aug 13, 12:00 am",0,0.23616
"Aug 13, 01:00 am",0,0.23616
"Aug 13, 02:00 am",0,0.23616
"Aug 13, 03:00 am",0,0.23616
"Aug 13, 04:00 am",0,0.23616
"Aug 13, 05:00 am",0,0.23616
"Aug 13, 06:00 am",0,0.23616
"Aug 13, 07:00 am",0,0.23616
"Aug 13, 08:00 am",0,0.23616
"Aug 13, 09:00 am",1361.39,0.950598
"Aug 13, 10:00 am",2914.57,1.41696
"Aug 13, 11:00 am",2915.88,1.41696
"Aug 13, 12:00 pm",2915.78,1.41696
"Aug 13, 01:00 pm",2915.81,1.41696
"Aug 13, 02:00 pm",2915.83,1.41696
"Aug 13, 03:00 pm",2915.95,1.41696
"Aug 13, 04:00 pm",2824.1,1.37377
"Aug 13, 05:00 pm",432.368,0.23616
"Aug 13, 06:00 pm",14.1353,0.23616
"Aug 13, 07:00 pm",0,0.23616
"Aug 13, 08:00 pm",0,0.23616
"Aug 13, 09:00 pm",0,0.23616
"Aug 13, 10:00 pm",0,0.23616
"Aug 13, 11:00 pm",0,0.23616
"Aug 14, 12:00 am",0,0.23616
"Aug 14, 01:00 am",0,0.23616
"Aug 14, 02:00 am",0,0.23616
"Aug 14, 03:00 am",0,0.23616
"Aug 14, 04:00 am",0,0.23616
"Aug 14, 05:00 am",0,0.23616
"Aug 14, 06:00 am",0,0.23616
"Aug 14, 07:00 am",0,0.23616
"Aug 14, 08:00 am",0,0.23616
"Aug 14, 09:00 am",1354.39,0.945095
"Aug 14, 10:00 am",2913.33,1.41696
"Aug 14, 11:00 am",2915.62,1.41696
"Aug 14, 12:00 pm",19.5168,0.23616
"Aug 14, 01:00 pm",2437.22,1.41454
"Aug 14, 02:00 pm",19.8071,0.23616
"Aug 14, 03:00 pm",0,0.23616
"Aug 14, 04:00 pm",0,0.23616
"Aug 14, 05:00 pm",0,0.23616
"Aug 14, 06:00 pm",0,0.23616
"Aug 14, 07:00 pm",0,0.23616
"Aug 14, 08:00 pm",0,0.23616
"Aug 14, 09:00 pm",0,0.23616
"Aug 14, 10:00 pm",0,0.23616
"Aug 14, 11:00 pm",0,0.23616
"Aug 15, 12:00 am",0,0.23616
"Aug 15, 01:00 am",0,0.23616
"Aug 15, 02:00 am",0,0.23616
"Aug 15, 03:00 am",0,0.23616
"Aug 15, 04:00 am",0,0.23616
"Aug 15, 05:00 am",0,0.23616
"Aug 15, 06:00 am",0,0.23616
"Aug 15, 07:00 am",0,0.23616
"Aug 15, 08:00 am",0,0.23616
"Aug 15, 09:00 am",1012.39,0.607893
"Aug 15, 10:00 am",18.3749,0.23616
"Aug 15, 11:00 am",2431.34,1.41539
"Aug 15, 12:00 pm",2915.53,1.41696
"Aug 15, 01:00 pm",2915.55,1.41696
"Aug 15, 02:00 pm",2915.57,1.41696
"Aug 15, 03:00 pm",2915.56,1.41696
"Aug 15, 04:00 pm",2726.07,1.32535
"Aug 15, 05:00 pm",446.984,0.23616
"Aug 15, 06:00 pm",14.299,0.23616
"Aug 15, 07:00 pm",0,0.23616
"Aug 15, 08:00 pm",0,0.23616
"Aug 15, 09:00 pm",0,0.23616
"Aug 15, 10:00 pm",0,0.23616
"Aug 15, 11:00 pm",0,0.23616
"Aug 16, 12:00 am",0,0.23616
"Aug 16, 01:00 am",0,0.23616
"Aug 16, 02:00 am",0,0.23616
"Aug 16, 03:00 am",0,0.23616
"Aug 16, 04:00 am",0,0.23616
"Aug 16, 05:00 am",0,0.23616
"Aug 16, 06:00 am",0,0.23616
"Aug 16, 07:00 am",0,0.23616
"Aug 16, 08:00 am",0,0.23616
"Aug 16, 09:00 am",1332.69,0.929309
"Aug 16, 10:00 am",2912.24,1.41696
"Aug 16, 11:00 am",2915.47,1.41696
"Aug 16, 12:00 pm",2915.51,1.41696
"Aug 16, 01:00 pm",2915.53,1.41696
"Aug 16, 02:00 pm",2915.56,1.41696
"Aug 16, 03:00 pm",2915.57,1.41696
"Aug 16, 04:00 pm",2704.83,1.31503
"Aug 16, 05:00 pm",465.153,0.23616
"Aug 16, 06:00 pm",14.6242,0.23616
"Aug 16, 07:00 pm",0,0.23616
"Aug 16, 08:00 pm",0,0.23616
"Aug 16, 09:00 pm",0,0.23616
"Aug 16, 10:00 pm",0,0.23616
"Aug 16, 11:00 pm",0,0.23616
"Aug 17, 12:00 am",0,0.23616
"Aug 17, 01:00 am",0,0.23616
"Aug 17, 02:00 am",0,0.23616
"Aug 17, 03:00 am",0,0.23616
"Aug 17, 04:00 am",0,0.23616
"Aug 17, 05:00 am",0,0.23616
"Aug 17, 06:00 am",0,0.23616
"Aug 17, 07:00 am",0,0.23616
"Aug 17, 08:00 am",0,0.23616
"Aug 17, 09:00 am",1373.48,0.956144
"Aug 17, 10:00 am",2914.36,1.41696
"Aug 17, 11:00 am",2915.77,1.41696
"Aug 17, 12:00 pm",2915.82,1.41696
"Aug 17, 01:00 pm",2915.84,1.41696
"Aug 17, 02:00 pm",2915.86,1.41696
"Aug 17, 03:00 pm",2915.88,1.41696
"Aug 17, 04:00 pm",2800.34,1.3628
"Aug 17, 05:00 pm",512.529,0.249752
"Aug 17, 06:00 pm",15.3737,0.23616
"Aug 17, 07:00 pm",0,0.23616
"Aug 17, 08:00 pm",0,0.23616
"Aug 17, 09:00 pm",0,0.23616
"Aug 17, 10:00 pm",0,0.23616
"Aug 17, 11:00 pm",0,0.23616
"Aug 18, 12:00 am",0,0.23616
"Aug 18, 01:00 am",0,0.23616
"Aug 18, 02:00 am",0,0.23616
"Aug 18, 03:00 am",0,0.23616
"Aug 18, 04:00 am",0,0.23616
"Aug 18, 05:00 am",0,0.23616
"Aug 18, 06:00 am",0,0.23616
"Aug 18, 07:00 am",0,0.23616
"Aug 18, 08:00 am",0,0.23616
"Aug 18, 09:00 am",1819.51,1.03804
"Aug 18, 10:00 am",2914.88,1.41696
"Aug 18, 11:00 am",2916.28,1.41696
"Aug 18, 12:00 pm",2916.34,1.41696
"Aug 18, 01:00 pm",2916.36,1.41696
"Aug 18, 02:00 pm",2916.38,1.41696
"Aug 18, 03:00 pm",2916.37,1.41696
"Aug 18, 04:00 pm",2869.59,1.39507
"Aug 18, 05:00 pm",547.569,0.266859
"Aug 18, 06:00 pm",14.9517,0.23616
"Aug 18, 07:00 pm",0,0.23616
"Aug 18, 08:00 pm",0,0.23616
"Aug 18, 09:00 pm",0,0.23616
"Aug 18, 10:00 pm",0,0.23616
"Aug 18, 11:00 pm",0,0.23616
"Aug 19, 12:00 am",0,0.23616
"Aug 19, 01:00 am",0,0.23616
"Aug 19, 02:00 am",0,0.23616
"Aug 19, 03:00 am",0,0.23616
"Aug 19, 04:00 am",0,0.23616
"Aug 19, 05:00 am",0,0.23616
"Aug 19, 06:00 am",0,0.23616
"Aug 19, 07:00 am",0,0.23616
"Aug 19, 08:00 am",0,0.23616
"Aug 19, 09:00 am",0,0.23616
"Aug 19, 10:00 am",0,0.23616
"Aug 19, 11:00 am",0,0.23616
"Aug 19, 12:00 pm",0,0.23616
"Aug 19, 01:00 pm",0,0.23616
"Aug 19, 02:00 pm",0,0.23616
"Aug 19, 03:00 pm",0,0.23616
"Aug 19, 04:00 pm",0,0.23616
"Aug 19, 05:00 pm",0,0.23616
"Aug 19, 06:00 pm",0,0.23616
"Aug 19, 07:00 pm",0,0.23616
"Aug 19, 08:00 pm",0,0.23616
"Aug 19, 09:00 pm",0,0.23616
"Aug 19, 10:00 pm",0,0.23616
"Aug 19, 11:00 pm",0,0.23616
"Aug 20, 12:00 am",0,0.23616
"Aug 20, 01:00 am",0,0.23616
"Aug 20, 02:00 am",0,0.23616
"Aug 20, 03:00 am",0,0.23616
"Aug 20, 04:00 am",0,0.23616
"Aug 20, 05:00 am",0,0.23616
"Aug 20, 06:00 am",0,0.23616
"Aug 20, 07:00 am",0,0.23616
"Aug 20, 08:00 am",0,0.23616
"Aug 20, 09:00 am",0,0.23616
"Aug 20, 10:00 am",1952.59,1.02334
"Aug 20, 11:00 am",2916.01,1.41696
"Aug 20, 12:00 pm",2915.95,1.41696
"Aug 20, 01:00 pm",2915.95,1.41696
"Aug 20, 02:00 pm",2915.94,1.41696
"Aug 20, 03:00 pm",2915.94,1.41696
"Aug 20, 04:00 pm",2839.32,1.38089
"Aug 20, 05:00 pm",572.771,0.279148
"Aug 20, 06:00 pm",13.7643,0.23616
"Aug 20, 07:00 pm",0,0.23616
"Aug 20, 08:00 pm",0,0.23616
"Aug 20, 09:00 pm",0,0.23616
"Aug 20, 10:00 pm",0,0.23616
"Aug 20, 11:00 pm",0,0.23616
"Aug 21, 12:00 am",0,0.23616
"Aug 21, 01:00 am",0,0.23616
"Aug 21, 02:00 am",0,0.23616
"Aug 21, 03:00 am",0,0.23616
"Aug 21, 04:00 am",0,0.23616
"Aug 21, 05:00 am",0,0.23616
"Aug 21, 06:00 am",0,0.23616
"Aug 21, 07:00 am",0,0.23616
"Aug 21, 08:00 am",0,0.23616
"Aug 21, 09:00 am",0,0.23616
"Aug 21, 10:00 am",0,0.23616
"Aug 21, 11:00 am",0,0.23616
"Aug 21, 12:00 pm",1976.42,1.02334
"Aug 21, 01:00 pm",2916.2,1.41696
"Aug 21, 02:00 pm",2916.09,1.41696
"Aug 21, 03:00 pm",2916.08,1.41696
"Aug 21, 04:00 pm",2860.54,1.39086
"Aug 21, 05:00 pm",599.344,0.292007
"Aug 21, 06:00 pm",13.9187,0.23616
"Aug 21, 07:00 pm",0,0.23616
"Aug 21, 08:00 pm",0,0.23616
"Aug 21, 09:00 pm",0,0.23616
"Aug 21, 10:00 pm",0,0.23616
"Aug 21, 11:00 pm",0,0.23616
"Aug 22, 12:00 am",0,0.23616
"Aug 22, 01:00 am",0,0.23616
"Aug 22, 02:00 am",0,0.23616
"Aug 22, 03:00 am",0,0.23616
"Aug 22, 04:00 am",0,0.23616
"Aug 22, 05:00 am",0,0.23616
"Aug 22, 06:00 am",0,0.23616
"Aug 22, 07:00 am",0,0.23616
"Aug 22, 08:00 am",0,0.23616
"Aug 22, 09:00 am",1210.27,0.699322
"Aug 22, 10:00 am",2914.84,1.41696
"Aug 22, 11:00 am",2915.81,1.41696
"Aug 22, 12:00 pm",19.0858,0.23616
"Aug 22, 01:00 pm",0,0.23616
"Aug 22, 02:00 pm",0,0.23616
"Aug 22, 03:00 pm",0,0.23616
"Aug 22, 04:00 pm",0,0.23616
"Aug 22, 05:00 pm",0,0.23616
"Aug 22, 06:00 pm",0,0.23616
"Aug 22, 07:00 pm",0,0.23616
"Aug 22, 08:00 pm",0,0.23616
"Aug 22, 09:00 pm",0,0.23616
"Aug 22, 10:00 pm",0,0.23616
"Aug 22, 11:00 pm",0,0.23616
"Aug 23, 12:00 am",0,0.23616
"Aug 23, 01:00 am",0,0.23616
"Aug 23, 02:00 am",0,0.23616
"Aug 23, 03:00 am",0,0.23616
"Aug 23, 04:00 am",0,0.23616
"Aug 23, 05:00 am",0,0.23616
"Aug 23, 06:00 am",0,0.23616
"Aug 23, 07:00 am",0,0.23616
"Aug 23, 08:00 am",0,0.23616
"Aug 23, 09:00 am",0,0.23616
"Aug 23, 10:00 am",0,0.23616
"Aug 23, 11:00 am",0,0.23616
"Aug 23, 12:00 pm",0,0.23616
"Aug 23, 01:00 pm",0,0.23616
"Aug 23, 02:00 pm",0,0.23616
"Aug 23, 03:00 pm",0,0.23616
"Aug 23, 04:00 pm",0,0.23616
"Aug 23, 05:00 pm",0,0.23616
"Aug 23, 06:00 pm",0,0.23616
"Aug 23, 07:00 pm",0,0.23616
"Aug 23, 08:00 pm",0,0.23616
"Aug 23, 09:00 pm",0,0.23616
"Aug 23, 10:00 pm",0,0.23616
"Aug 23, 11:00 pm",0,0.23616
"Aug 24, 12:00 am",0,0.23616
"Aug 24, 01:00 am",0,0.23616
"Aug 24, 02:00 am",0,0.23616
"Aug 24, 03:00 am",0,0.23616
"Aug 24, 04:00 am",0,0.23616
"Aug 24, 05:00 am",0,0.23616
"Aug 24, 06:00 am",0,0.23616
"Aug 24, 07:00 am",0,0.23616
"Aug 24, 08:00 am",0,0.23616
"Aug 24, 09:00 am",0,0.23616
"Aug 24, 10:00 am",0,0.23616
"Aug 24, 11:00 am",0,0.23616
"Aug 24, 12:00 pm",0,0.23616
"Aug 24, 01:00 pm",0,0.23616
"Aug 24, 02:00 pm",0,0.23616
"Aug 24, 03:00 pm",1969.29,1.02334
"Aug 24, 04:00 pm",2894.39,1.40711
"Aug 24, 05:00 pm",669.016,0.325845
"Aug 24, 06:00 pm",13.4624,0.23616
"Aug 24, 07:00 pm",0,0.23616
"Aug 24, 08:00 pm",0,0.23616
"Aug 24, 09:00 pm",0,0.23616
"Aug 24, 10:00 pm",0,0.23616
"Aug 24, 11:00 pm",0,0.23616
"Aug 25, 12:00 am",0,0.23616
"Aug 25, 01:00 am",0,0.23616
"Aug 25, 02:00 am",0,0.23616
"Aug 25, 03:00 am",0,0.23616
"Aug 25, 04:00 am",0,0.23616
"Aug 25, 05:00 am",0,0.23616
"Aug 25, 06:00 am",0,0.23616
"Aug 25, 07:00 am",0,0.23616
"Aug 25, 08:00 am",0,0.23616
"Aug 25, 09:00 am",1414.7,0.794442
"Aug 25, 10:00 am",2915.74,1.41696
"Aug 25, 11:00 am",2916.69,1.41696
"Aug 25, 12:00 pm",2916.72,1.41696
"Aug 25, 01:00 pm",2916.74,1.41696
"Aug 25, 02:00 pm",2916.75,1.41696
"Aug 25, 03:00 pm",2916.64,1.41696
"Aug 25, 04:00 pm",2911.98,1.41696
"Aug 25, 05:00 pm",741.963,0.361322
"Aug 25, 06:00 pm",13.7232,0.23616
"Aug 25, 07:00 pm",0,0.23616
"Aug 25, 08:00 pm",0,0.23616
"Aug 25, 09:00 pm",0,0.23616
"Aug 25, 10:00 pm",0,0.23616
"Aug 25, 11:00 pm",0,0.23616
"Aug 26, 12:00 am",0,0.23616
"Aug 26, 01:00 am",0,0.23616
"Aug 26, 02:00 am",0,0.23616
"Aug 26, 03:00 am",0,0.23616
"Aug 26, 04:00 am",0,0.23616
"Aug 26, 05:00 am",0,0.23616
"Aug 26, 06:00 am",0,0.23616
"Aug 26, 07:00 am",0,0.23616
"Aug 26, 08:00 am",0,0.23616
"Aug 26, 09:00 am",2515.72,1.2238
"Aug 26, 10:00 am",2915.92,1.41696
"Aug 26, 11:00 am",2916.9,1.41696
"Aug 26, 12:00 pm",20.9079,0.23616
"Aug 26, 01:00 pm",0,0.23616
"Aug 26, 02:00 pm",0,0.23616
"Aug 26, 03:00 pm",2431.59,1.41696
"Aug 26, 04:00 pm",2912.4,1.41696
"Aug 26, 05:00 pm",765.538,0.372672
"Aug 26, 06:00 pm",14.4045,0.23616
"Aug 26, 07:00 pm",0,0.23616
"Aug 26, 08:00 pm",0,0.23616
"Aug 26, 09:00 pm",0,0.23616
"Aug 26, 10:00 pm",0,0.23616
"Aug 26, 11:00 pm",0,0.23616
"Aug 27, 12:00 am",0,0.23616
"Aug 27, 01:00 am",0,0.23616
"Aug 27, 02:00 am",0,0.23616
"Aug 27, 03:00 am",0,0.23616
"Aug 27, 04:00 am",0,0.23616
"Aug 27, 05:00 am",0,0.23616
"Aug 27, 06:00 am",0,0.23616
"Aug 27, 07:00 am",0,0.23616
"Aug 27, 08:00 am",0,0.23616
"Aug 27, 09:00 am",0,0.23616
"Aug 27, 10:00 am",0,0.23616
"Aug 27, 11:00 am",0,0.23616
"Aug 27, 12:00 pm",0,0.23616
"Aug 27, 01:00 pm",0,0.23616
"Aug 27, 02:00 pm",0,0.23616
"Aug 27, 03:00 pm",0,0.23616
"Aug 27, 04:00 pm",0,0.23616
"Aug 27, 05:00 pm",0,0.23616
"Aug 27, 06:00 pm",0,0.23616
"Aug 27, 07:00 pm",0,0.23616
"Aug 27, 08:00 pm",0,0.23616
"Aug 27, 09:00 pm",0,0.23616
"Aug 27, 10:00 pm",0,0.23616
"Aug 27, 11:00 pm",0,0.23616
"Aug 28, 12:00 am",0,0.23616
"Aug 28, 01:00 am",0,0.23616
"Aug 28, 02:00 am",0,0.23616
"Aug 28, 03:00 am",0,0.23616
"Aug 28, 04:00 am",0,0.23616
"Aug 28, 05:00 am",0,0.23616
"Aug 28, 06:00 am",0,0.23616
"Aug 28, 07:00 am",0,0.23616
"Aug 28, 08:00 am",0,0.23616
"Aug 28, 09:00 am",0,0.23616
"Aug 28, 10:00 am",0,0.23616
"Aug 28, 11:00 am",0,0.23616
"Aug 28, 12:00 pm",0,0.23616
"Aug 28, 01:00 pm",0,0.23616
"Aug 28, 02:00 pm",0,0.23616
"Aug 28, 03:00 pm",0,0.23616
"Aug 28, 04:00 pm",0,0.23616
"Aug 28, 05:00 pm",0,0.23616
"Aug 28, 06:00 pm",0,0.23616
"Aug 28, 07:00 pm",0,0.23616
"Aug 28, 08:00 pm",0,0.23616
"Aug 28, 09:00 pm",0,0.23616
"Aug 28, 10:00 pm",0,0.23616
"Aug 28, 11:00 pm",0,0.23616
"Aug 29, 12:00 am",0,0.23616
"Aug 29, 01:00 am",0,0.23616
"Aug 29, 02:00 am",0,0.23616
"Aug 29, 03:00 am",0,0.23616
"Aug 29, 04:00 am",0,0.23616
"Aug 29, 05:00 am",0,0.23616
"Aug 29, 06:00 am",0,0.23616
"Aug 29, 07:00 am",0,0.23616
"Aug 29, 08:00 am",0,0.23616
"Aug 29, 09:00 am",0,0.23616
"Aug 29, 10:00 am",0,0.23616
"Aug 29, 11:00 am",1971.33,1.02334
"Aug 29, 12:00 pm",21.0006,0.23616
"Aug 29, 01:00 pm",0,0.23616
"Aug 29, 02:00 pm",0,0.23616
"Aug 29, 03:00 pm",0,0.23616
"Aug 29, 04:00 pm",0,0.23616
"Aug 29, 05:00 pm",0,0.23616
"Aug 29, 06:00 pm",0,0.23616
"Aug 29, 07:00 pm",0,0.23616
"Aug 29, 08:00 pm",0,0.23616
"Aug 29, 09:00 pm",0,0.23616
"Aug 29, 10:00 pm",0,0.23616
"Aug 29, 11:00 pm",0,0.23616
"Aug 30, 12:00 am",0,0.23616
"Aug 30, 01:00 am",0,0.23616
"Aug 30, 02:00 am",0,0.23616
"Aug 30, 03:00 am",0,0.23616
"Aug 30, 04:00 am",0,0.23616
"Aug 30, 05:00 am",0,0.23616
"Aug 30, 06:00 am",0,0.23616
"Aug 30, 07:00 am",0,0.23616
"Aug 30, 08:00 am",0,0.23616
"Aug 30, 09:00 am",0,0.23616
"Aug 30, 10:00 am",1966.78,1.02334
"Aug 30, 11:00 am",2916.55,1.41696
"Aug 30, 12:00 pm",2916.58,1.41696
"Aug 30, 01:00 pm",19.7462,0.23616
"Aug 30, 02:00 pm",0,0.23616
"Aug 30, 03:00 pm",0,0.23616
"Aug 30, 04:00 pm",0,0.23616
"Aug 30, 05:00 pm",0,0.23616
"Aug 30, 06:00 pm",0,0.23616
"Aug 30, 07:00 pm",0,0.23616
"Aug 30, 08:00 pm",0,0.23616
"Aug 30, 09:00 pm",0,0.23616
"Aug 30, 10:00 pm",0,0.23616
"Aug 30, 11:00 pm",0,0.23616
"Aug 31, 12:00 am",0,0.23616
"Aug 31, 01:00 am",0,0.23616
"Aug 31, 02:00 am",0,0.23616
"Aug 31, 03:00 am",0,0.23616
"Aug 31, 04:00 am",0,0.23616
"Aug 31, 05:00 am",0,0.23616
"Aug 31, 06:00 am",0,0.23616
"Aug 31, 07:00 am",0,0.23616
"Aug 31, 08:00 am",0,0.23616
"Aug 31, 09:00 am",0,0.23616
"Aug 31, 10:00 am",0,0.23616
"Aug 31, 11:00 am",0,0.23616
"Aug 31, 12:00 pm",0,0.23616
"Aug 31, 01:00 pm",0,0.23616
"Aug 31, 02:00 pm",0,0.23616
"Aug 31, 03:00 pm",0,0.23616
"Aug 31, 04:00 pm",0,0.23616
"Aug 31, 05:00 pm",0,0.23616
"Aug 31, 06:00 pm",0,0.23616
"Aug 31, 07:00 pm",0,0.23616
"Aug 31, 08:00 pm",0,0.23616
"Aug 31, 09:00 pm",0,0.23616
"Aug 31, 10:00 pm",0,0.23616
"Aug 31, 11:00 pm",0,0.23616
"Sep 1, 12:00 am",0,0.23616
"Sep 1, 01:00 am",0,0.23616
"Sep 1, 02:00 am",0,0.23616
"Sep 1, 03:00 am",0,0.23616
"Sep 1, 04:00 am",0,0.23616
"Sep 1, 05:00 am",0,0.23616
"Sep 1, 06:00 am",0,0.23616
"Sep 1, 07:00 am",0,0.23616
"Sep 1, 08:00 am",0,0.23616
"Sep 1, 09:00 am",1482.46,0.826545
"Sep 1, 10:00 am",2916.63,1.41696
"Sep 1, 11:00 am",2917.01,1.41696
"Sep 1, 12:00 pm",2917.09,1.41696
"Sep 1, 01:00 pm",2917.22,1.41696
"Sep 1, 02:00 pm",2917.25,1.41696
"Sep 1, 03:00 pm",20.6196,0.23616
"Sep 1, 04:00 pm",0,0.23616
"Sep 1, 05:00 pm",0,0.23616
"Sep 1, 06:00 pm",0,0.23616
"Sep 1, 07:00 pm",0,0.23616
"Sep 1, 08:00 pm",0,0.23616
"Sep 1, 09:00 pm",0,0.23616
"Sep 1, 10:00 pm",0,0.23616
"Sep 1, 11:00 pm",0,0.23616
"Sep 2, 12:00 am",0,0.23616
"Sep 2, 01:00 am",0,0.23616
"Sep 2, 02:00 am",0,0.23616
"Sep 2, 03:00 am",0,0.23616
"Sep 2, 04:00 am",0,0.23616
"Sep 2, 05:00 am",0,0.23616
"Sep 2, 06:00 am",0,0.23616
"Sep 2, 07:00 am",0,0.23616
"Sep 2, 08:00 am",0,0.23616
"Sep 2, 09:00 am",0,0.23616
"Sep 2, 10:00 am",0,0.23616
"Sep 2, 11:00 am",0,0.23616
"Sep 2, 12:00 pm",0,0.23616
"Sep 2, 01:00 pm",0,0.23616
"Sep 2, 02:00 pm",0,0.23616
"Sep 2, 03:00 pm",1993.78,1.02334
"Sep 2, 04:00 pm",2915.24,1.41696
"Sep 2, 05:00 pm",1040.29,0.505833
"Sep 2, 06:00 pm",15.2109,0.23616
"Sep 2, 07:00 pm",0,0.23616
"Sep 2, 08:00 pm",0,0.23616
"Sep 2, 09:00 pm",0,0.23616
"Sep 2, 10:00 pm",0,0.23616
"Sep 2, 11:00 pm",0,0.23616
"Sep 3, 12:00 am",0,0.23616
"Sep 3, 01:00 am",0,0.23616
"Sep 3, 02:00 am",0,0.23616
"Sep 3, 03:00 am",0,0.23616
"Sep 3, 04:00 am",0,0.23616
"Sep 3, 05:00 am",0,0.23616
"Sep 3, 06:00 am",0,0.23616
"Sep 3, 07:00 am",0,0.23616
"Sep 3, 08:00 am",0,0.23616
"Sep 3, 09:00 am",0,0.23616
"Sep 3, 10:00 am",0,0.23616
"Sep 3, 11:00 am",0,0.23616
"Sep 3, 12:00 pm",0,0.23616
"Sep 3, 01:00 pm",0,0.23616
"Sep 3, 02:00 pm",0,0.23616
"Sep 3, 03:00 pm",0,0.23616
"Sep 3, 04:00 pm",0,0.23616
"Sep 3, 05:00 pm",0,0.23616
"Sep 3, 06:00 pm",0,0.23616
"Sep 3, 07:00 pm",0,0.23616
"Sep 3, 08:00 pm",0,0.23616
"Sep 3, 09:00 pm",0,0.23616
"Sep 3, 10:00 pm",0,0.23616
"Sep 3, 11:00 pm",0,0.23616
"Sep 4, 12:00 am",0,0.23616
"Sep 4, 01:00 am",0,0.23616
"Sep 4, 02:00 am",0,0.23616
"Sep 4, 03:00 am",0,0.23616
"Sep 4, 04:00 am",0,0.23616
"Sep 4, 05:00 am",0,0.23616
"Sep 4, 06:00 am",0,0.23616
"Sep 4, 07:00 am",0,0.23616
"Sep 4, 08:00 am",0,0.23616
"Sep 4, 09:00 am",0,0.23616
"Sep 4, 10:00 am",0,0.23616
"Sep 4, 11:00 am",0,0.23616
"Sep 4, 12:00 pm",0,0.23616
"Sep 4, 01:00 pm",0,0.23616
"Sep 4, 02:00 pm",0,0.23616
"Sep 4, 03:00 pm",0,0.23616
"Sep 4, 04:00 pm",0,0.23616
"Sep 4, 05:00 pm",0,0.23616
"Sep 4, 06:00 pm",0,0.23616
"Sep 4, 07:00 pm",0,0.23616
"Sep 4, 08:00 pm",0,0.23616
"Sep 4, 09:00 pm",0,0.23616
"Sep 4, 10:00 pm",0,0.23616
"Sep 4, 11:00 pm",0,0.23616
"Sep 5, 12:00 am",0,0.23616
"Sep 5, 01:00 am",0,0.23616
"Sep 5, 02:00 am",0,0.23616
"Sep 5, 03:00 am",0,0.23616
"Sep 5, 04:00 am",0,0.23616
"Sep 5, 05:00 am",0,0.23616
"Sep 5, 06:00 am",0,0.23616
"Sep 5, 07:00 am",0,0.23616
"Sep 5, 08:00 am",0,0.23616
"Sep 5, 09:00 am",0,0.23616
"Sep 5, 10:00 am",0,0.23616
"Sep 5, 11:00 am",0,0.23616
"Sep 5, 12:00 pm",0,0.23616
"Sep 5, 01:00 pm",0,0.23616
"Sep 5, 02:00 pm",0,0.23616
"Sep 5, 03:00 pm",0,0.23616
"Sep 5, 04:00 pm",0,0.23616
"Sep 5, 05:00 pm",0,0.23616
"Sep 5, 06:00 pm",0,0.23616
"Sep 5, 07:00 pm",0,0.23616
"Sep 5, 08:00 pm",0,0.23616
"Sep 5, 09:00 pm",0,0.23616
"Sep 5, 10:00 pm",0,0.23616
"Sep 5, 11:00 pm",0,0.23616
"Sep 6, 12:00 am",0,0.23616
"Sep 6, 01:00 am",0,0.23616
"Sep 6, 02:00 am",0,0.23616
"Sep 6, 03:00 am",0,0.23616
"Sep 6, 04:00 am",0,0.23616
"Sep 6, 05:00 am",0,0.23616
"Sep 6, 06:00 am",0,0.23616
"Sep 6, 07:00 am",0,0.23616
"Sep 6, 08:00 am",0,0.23616
"Sep 6, 09:00 am",0,0.23616
"Sep 6, 10:00 am",0,0.23616
"Sep 6, 11:00 am",0,0.23616
"Sep 6, 12:00 pm",0,0.23616
"Sep 6, 01:00 pm",0,0.23616
"Sep 6, 02:00 pm",0,0.23616
"Sep 6, 03:00 pm",0,0.23616
"Sep 6, 04:00 pm",0,0.23616
"Sep 6, 05:00 pm",0,0.23616
"Sep 6, 06:00 pm",0,0.23616
"Sep 6, 07:00 pm",0,0.23616
"Sep 6, 08:00 pm",0,0.23616
"Sep 6, 09:00 pm",0,0.23616
"Sep 6, 10:00 pm",0,0.23616
"Sep 6, 11:00 pm",0,0.23616
"Sep 7, 12:00 am",0,0.23616
"Sep 7, 01:00 am",0,0.23616
"Sep 7, 02:00 am",0,0.23616
"Sep 7, 03:00 am",0,0.23616
"Sep 7, 04:00 am",0,0.23616
"Sep 7, 05:00 am",0,0.23616
"Sep 7, 06:00 am",0,0.23616
"Sep 7, 07:00 am",0,0.23616
"Sep 7, 08:00 am",0,0.23616
"Sep 7, 09:00 am",0,0.23616
"Sep 7, 10:00 am",0,0.23616
"Sep 7, 11:00 am",0,0.23616
"Sep 7, 12:00 pm",0,0.23616
"Sep 7, 01:00 pm",0,0.23616
"Sep 7, 02:00 pm",0,0.23616
"Sep 7, 03:00 pm",0,0.23616
"Sep 7, 04:00 pm",0,0.23616
"Sep 7, 05:00 pm",0,0.23616
"Sep 7, 06:00 pm",0,0.23616
"Sep 7, 07:00 pm",0,0.23616
"Sep 7, 08:00 pm",0,0.23616
"Sep 7, 09:00 pm",0,0.23616
"Sep 7, 10:00 pm",0,0.23616
"Sep 7, 11:00 pm",0,0.23616
"Sep 8, 12:00 am",0,0.23616
"Sep 8, 01:00 am",0,0.23616
"Sep 8, 02:00 am",0,0.23616
"Sep 8, 03:00 am",0,0.23616
"Sep 8, 04:00 am",0,0.23616
"Sep 8, 05:00 am",0,0.23616
"Sep 8, 06:00 am",0,0.23616
"Sep 8, 07:00 am",0,0.23616
"Sep 8, 08:00 am",0,0.23616
"Sep 8, 09:00 am",2428.03,1.3823
"Sep 8, 10:00 am",2916.82,1.41696
"Sep 8, 11:00 am",2916.87,1.41696
"Sep 8, 12:00 pm",21.857,0.23616
"Sep 8, 01:00 pm",0,0.23616
"Sep 8, 02:00 pm",0,0.23616
"Sep 8, 03:00 pm",0,0.23616
"Sep 8, 04:00 pm",2430.58,1.41696
"Sep 8, 05:00 pm",1272.71,0.61874
"Sep 8, 06:00 pm",14.081,0.23616
"Sep 8, 07:00 pm",0,0.23616
"Sep 8, 08:00 pm",0,0.23616
"Sep 8, 09:00 pm",0,0.23616
"Sep 8, 10:00 pm",0,0.23616
"Sep 8, 11:00 pm",0,0.23616
"Sep 9, 12:00 am",0,0.23616
"Sep 9, 01:00 am",0,0.23616
"Sep 9, 02:00 am",0,0.23616
"Sep 9, 03:00 am",0,0.23616
"Sep 9, 04:00 am",0,0.23616
"Sep 9, 05:00 am",0,0.23616
"Sep 9, 06:00 am",0,0.23616
"Sep 9, 07:00 am",0,0.23616
"Sep 9, 08:00 am",0,0.377567
"Sep 9, 09:00 am",2910.73,1.41696
"Sep 9, 10:00 am",2917.04,1.41696
"Sep 9, 11:00 am",2915.39,1.41696
"Sep 9, 12:00 pm",2915.33,1.41696
"Sep 9, 01:00 pm",2911.34,1.41696
"Sep 9, 02:00 pm",2916.03,1.41696
"Sep 9, 03:00 pm",2916.95,1.41696
"Sep 9, 04:00 pm",2915.82,1.41696
"Sep 9, 05:00 pm",1310.64,0.637179
"Sep 9, 06:00 pm",14.1704,0.23616
"Sep 9, 07:00 pm",0,0.23616
"Sep 9, 08:00 pm",0,0.23616
"Sep 9, 09:00 pm",0,0.23616
"Sep 9, 10:00 pm",0,0.23616
"Sep 9, 11:00 pm",0,0.23616
"Sep 10, 12:00 am",0,0.23616
"Sep 10, 01:00 am",0,0.23616
"Sep 10, 02:00 am",0,0.23616
"Sep 10, 03:00 am",0,0.23616
"Sep 10, 04:00 am",0,0.23616
"Sep 10, 05:00 am",0,0.23616
"Sep 10, 06:00 am",0,0.23616
"Sep 10, 07:00 am",0,0.23616
"Sep 10, 08:00 am",0,0.372203
"Sep 10, 09:00 am",2913.94,1.41696
"Sep 10, 10:00 am",2917.07,1.41696
"Sep 10, 11:00 am",2915.63,1.41696
"Sep 10, 12:00 pm",2915.45,1.41696
"Sep 10, 01:00 pm",2914.92,1.41696
"Sep 10, 02:00 pm",2915.73,1.41696
"Sep 10, 03:00 pm",2916.85,1.41696
"Sep 10, 04:00 pm",2915.9,1.41696
"Sep 10, 05:00 pm",1352.21,0.657399
"Sep 10, 06:00 pm",14.1471,0.23616
"Sep 10, 07:00 pm",0,0.23616
"Sep 10, 08:00 pm",0,0.23616
"Sep 10, 09:00 pm",0,0.23616
"Sep 10, 10:00 pm",0,0.23616
"Sep 10, 11:00 pm",0,0.23616
"Sep 11, 12:00 am",0,0.23616
"Sep 11, 01:00 am",0,0.23616
"Sep 11, 02:00 am",0,0.23616
"Sep 11, 03:00 am",0,0.23616
"Sep 11, 04:00 am",0,0.23616
"Sep 11, 05:00 am",0,0.23616
"Sep 11, 06:00 am",0,0.23616
"Sep 11, 07:00 am",0,0.23616
"Sep 11, 08:00 am",0,0.37787
"Sep 11, 09:00 am",2911.94,1.41696
"Sep 11, 10:00 am",2917.15,1.41696
"Sep 11, 11:00 am",2915.67,1.41696
"Sep 11, 12:00 pm",2915.3,1.41696
"Sep 11, 01:00 pm",2916.14,1.41696
"Sep 11, 02:00 pm",2915.75,1.41696
"Sep 11, 03:00 pm",2916.9,1.41696
"Sep 11, 04:00 pm",2916,1.41696
"Sep 11, 05:00 pm",1384.73,0.673186
"Sep 11, 06:00 pm",14.5578,0.23616
"Sep 11, 07:00 pm",0,0.23616
"Sep 11, 08:00 pm",0,0.23616
"Sep 11, 09:00 pm",0,0.23616
"Sep 11, 10:00 pm",0,0.23616
"Sep 11, 11:00 pm",0,0.23616
"Sep 12, 12:00 am",0,0.23616
"Sep 12, 01:00 am",0,0.23616
"Sep 12, 02:00 am",0,0.23616
"Sep 12, 03:00 am",0,0.23616
"Sep 12, 04:00 am",0,0.23616
"Sep 12, 05:00 am",0,0.23616
"Sep 12, 06:00 am",0,0.23616
"Sep 12, 07:00 am",0,0.23616
"Sep 12, 08:00 am",255.005,0.398017
"Sep 12, 09:00 am",2914.41,1.41696
"Sep 12, 10:00 am",2916.92,1.41696
"Sep 12, 11:00 am",2914.44,1.41696
"Sep 12, 12:00 pm",2914.47,1.41696
"Sep 12, 01:00 pm",2914.46,1.41696
"Sep 12, 02:00 pm",2915.31,1.41696
"Sep 12, 03:00 pm",2916.84,1.41696
"Sep 12, 04:00 pm",2916.13,1.41696
"Sep 12, 05:00 pm",1420.1,0.690352
"Sep 12, 06:00 pm",15.3142,0.23616
"Sep 12, 07:00 pm",0,0.23616
"Sep 12, 08:00 pm",0,0.23616
"Sep 12, 09:00 pm",0,0.23616
"Sep 12, 10:00 pm",0,0.23616
"Sep 12, 11:00 pm",0,0.23616
"Sep 13, 12:00 am",0,0.23616
"Sep 13, 01:00 am",0,0.23616
"Sep 13, 02:00 am",0,0.23616
"Sep 13, 03:00 am",0,0.23616
"Sep 13, 04:00 am",0,0.23616
"Sep 13, 05:00 am",0,0.23616
"Sep 13, 06:00 am",0,0.23616
"Sep 13, 07:00 am",0,0.23616
"Sep 13, 08:00 am",247.956,0.390684
"Sep 13, 09:00 am",2912.5,1.41696
"Sep 13, 10:00 am",2917.15,1.41696
"Sep 13, 11:00 am",2916,1.41696
"Sep 13, 12:00 pm",2915.93,1.41696
"Sep 13, 01:00 pm",2915.47,1.41696
"Sep 13, 02:00 pm",2916.24,1.41696
"Sep 13, 03:00 pm",2917.07,1.41696
"Sep 13, 04:00 pm",2915.91,1.41696
"Sep 13, 05:00 pm",1425.92,0.693215
"Sep 13, 06:00 pm",14.7751,0.23616
"Sep 13, 07:00 pm",0,0.23616
"Sep 13, 08:00 pm",0,0.23616
"Sep 13, 09:00 pm",0,0.23616
"Sep 13, 10:00 pm",0,0.23616
"Sep 13, 11:00 pm",0,0.23616
"Sep 14, 12:00 am",0,0.23616
"Sep 14, 01:00 am",0,0.23616
"Sep 14, 02:00 am",0,0.23616
"Sep 14, 03:00 am",0,0.23616
"Sep 14, 04:00 am",0,0.23616
"Sep 14, 05:00 am",0,0.23616
"Sep 14, 06:00 am",0,0.23616
"Sep 14, 07:00 am",0,0.23616
"Sep 14, 08:00 am",0,0.23616
"Sep 14, 09:00 am",1963.78,1.02334
"Sep 14, 10:00 am",2917.24,1.41696
"Sep 14, 11:00 am",2915.33,1.41696
"Sep 14, 12:00 pm",2912.63,1.41696
"Sep 14, 01:00 pm",2914.4,1.41696
"Sep 14, 02:00 pm",2915.08,1.41696
"Sep 14, 03:00 pm",2916.7,1.41696
"Sep 14, 04:00 pm",2916.16,1.41696
"Sep 14, 05:00 pm",1499.56,0.729026
"Sep 14, 06:00 pm",14.7509,0.23616
"Sep 14, 07:00 pm",0,0.23616
"Sep 14, 08:00 pm",0,0.23616
"Sep 14, 09:00 pm",0,0.23616
"Sep 14, 10:00 pm",0,0.23616
"Sep 14, 11:00 pm",0,0.23616
"Sep 15, 12:00 am",0,0.23616
"Sep 15, 01:00 am",0,0.23616
"Sep 15, 02:00 am",0,0.23616
"Sep 15, 03:00 am",0,0.23616
"Sep 15, 04:00 am",0,0.23616
"Sep 15, 05:00 am",0,0.23616
"Sep 15, 06:00 am",0,0.23616
"Sep 15, 07:00 am",0,0.23616
"Sep 15, 08:00 am",280.593,0.415659
"Sep 15, 09:00 am",2914.87,1.41696
"Sep 15, 10:00 am",2916.85,1.41696
"Sep 15, 11:00 am",2914.5,1.41696
"Sep 15, 12:00 pm",2914.52,1.41696
"Sep 15, 01:00 pm",2914.12,1.41696
"Sep 15, 02:00 pm",2916.47,1.41696
"Sep 15, 03:00 pm",2916.48,1.41696
"Sep 15, 04:00 pm",2916.22,1.41696
"Sep 15, 05:00 pm",1530.91,0.744255
"Sep 15, 06:00 pm",15.113,0.23616
"Sep 15, 07:00 pm",0,0.23616
"Sep 15, 08:00 pm",0,0.23616
"Sep 15, 09:00 pm",0,0.23616
"Sep 15, 10:00 pm",0,0.23616
"Sep 15, 11:00 pm",0,0.23616
"Sep 16, 12:00 am",0,0.23616
"Sep 16, 01:00 am",0,0.23616
"Sep 16, 02:00 am",0,0.23616
"Sep 16, 03:00 am",0,0.23616
"Sep 16, 04:00 am",0,0.23616
"Sep 16, 05:00 am",0,0.23616
"Sep 16, 06:00 am",0,0.23616
"Sep 16, 07:00 am",0,0.23616
"Sep 16, 08:00 am",839.668,0.526468
"Sep 16, 09:00 am",2914.91,1.41696
"Sep 16, 10:00 am",2916.69,1.41696
"Sep 16, 11:00 am",2913.98,1.41696
"Sep 16, 12:00 pm",2914.03,1.41696
"Sep 16, 01:00 pm",2913.53,1.41696
"Sep 16, 02:00 pm",2914.34,1.41696
"Sep 16, 03:00 pm",2916.47,1.41696
"Sep 16, 04:00 pm",2916.26,1.41696
"Sep 16, 05:00 pm",1563.19,0.759948
"Sep 16, 06:00 pm",15.1505,0.23616
"Sep 16, 07:00 pm",0,0.23616
"Sep 16, 08:00 pm",0,0.23616
"Sep 16, 09:00 pm",0,0.23616
"Sep 16, 10:00 pm",0,0.23616
"Sep 16, 11:00 pm",0,0.23616
"Sep 17, 12:00 am",0,0.23616
"Sep 17, 01:00 am",0,0.23616
"Sep 17, 02:00 am",0,0.23616
"Sep 17, 03:00 am",0,0.23616
"Sep 17, 04:00 am",0,0.23616
"Sep 17, 05:00 am",0,0.23616
"Sep 17, 06:00 am",0,0.23616
"Sep 17, 07:00 am",0,0.23616
"Sep 17, 08:00 am",0,0.23616
"Sep 17, 09:00 am",0,0.23616
"Sep 17, 10:00 am",0,0.23616
"Sep 17, 11:00 am",0,0.23616
"Sep 17, 12:00 pm",0,0.23616
"Sep 17, 01:00 pm",2426.6,1.22015
"Sep 17, 02:00 pm",2915.12,1.41696
"Sep 17, 03:00 pm",2916.82,1.41696
"Sep 17, 04:00 pm",2916,1.41696
"Sep 17, 05:00 pm",1575.69,0.766072
"Sep 17, 06:00 pm",14.624,0.23616
"Sep 17, 07:00 pm",0,0.23616
"Sep 17, 08:00 pm",0,0.23616
"Sep 17, 09:00 pm",0,0.23616
"Sep 17, 10:00 pm",0,0.23616
"Sep 17, 11:00 pm",0,0.23616
"Sep 18, 12:00 am",0,0.23616
"Sep 18, 01:00 am",0,0.23616
"Sep 18, 02:00 am",0,0.23616
"Sep 18, 03:00 am",0,0.23616
"Sep 18, 04:00 am",0,0.23616
"Sep 18, 05:00 am",0,0.23616
"Sep 18, 06:00 am",0,0.23616
"Sep 18, 07:00 am",0,0.23616
"Sep 18, 08:00 am",0,0.23616
"Sep 18, 09:00 am",0,0.23616
"Sep 18, 10:00 am",0,0.23616
"Sep 18, 11:00 am",0,0.23616
"Sep 18, 12:00 pm",0,0.23616
"Sep 18, 01:00 pm",0,0.23616
"Sep 18, 02:00 pm",0,0.23616
"Sep 18, 03:00 pm",0,0.23616
"Sep 18, 04:00 pm",0,0.23616
"Sep 18, 05:00 pm",0,0.23616
"Sep 18, 06:00 pm",0,0.23616
"Sep 18, 07:00 pm",0,0.23616
"Sep 18, 08:00 pm",0,0.23616
"Sep 18, 09:00 pm",0,0.23616
"Sep 18, 10:00 pm",0,0.23616
"Sep 18, 11:00 pm",0,0.23616
"Sep 19, 12:00 am",0,0.23616
"Sep 19, 01:00 am",0,0.23616
"Sep 19, 02:00 am",0,0.23616
"Sep 19, 03:00 am",0,0.23616
"Sep 19, 04:00 am",0,0.23616
"Sep 19, 05:00 am",0,0.23616
"Sep 19, 06:00 am",0,0.23616
"Sep 19, 07:00 am",0,0.23616
"Sep 19, 08:00 am",0,0.23616
"Sep 19, 09:00 am",0,0.23616
"Sep 19, 10:00 am",0,0.23616
"Sep 19, 11:00 am",0,0.23616
"Sep 19, 12:00 pm",0,0.23616
"Sep 19, 01:00 pm",2010.44,1.02334
"Sep 19, 02:00 pm",2915.07,1.41696
"Sep 19, 03:00 pm",2914.57,1.41696
"Sep 19, 04:00 pm",2916.59,1.41696
"Sep 19, 05:00 pm",17.439,0.23616
"Sep 19, 06:00 pm",0,0.23616
"Sep 19, 07:00 pm",0,0.23616
"Sep 19, 08:00 pm",0,0.23616
"Sep 19, 09:00 pm",0,0.23616
"Sep 19, 10:00 pm",0,0.23616
"Sep 19, 11:00 pm",0,0.23616
"Sep 20, 12:00 am",0,0.23616
"Sep 20, 01:00 am",0,0.23616
"Sep 20, 02:00 am",0,0.23616
"Sep 20, 03:00 am",0,0.23616
"Sep 20, 04:00 am",0,0.23616
"Sep 20, 05:00 am",0,0.23616
"Sep 20, 06:00 am",0,0.23616
"Sep 20, 07:00 am",0,0.23616
"Sep 20, 08:00 am",946.127,0.576291
"Sep 20, 09:00 am",2915.31,1.41696
"Sep 20, 10:00 am",2915.48,1.41696
"Sep 20, 11:00 am",2912.12,1.41696
"Sep 20, 12:00 pm",2912.15,1.41696
"Sep 20, 01:00 pm",2911.79,1.41696
"Sep 20, 02:00 pm",2913.26,1.41696
"Sep 20, 03:00 pm",2915.73,1.41696
"Sep 20, 04:00 pm",2916.33,1.41696
"Sep 20, 05:00 pm",1730.23,0.841259
"Sep 20, 06:00 pm",14.6931,0.23616
"Sep 20, 07:00 pm",0,0.23616
"Sep 20, 08:00 pm",0,0.23616
"Sep 20, 09:00 pm",0,0.23616
"Sep 20, 10:00 pm",0,0.23616
"Sep 20, 11:00 pm",0,0.23616
"Sep 21, 12:00 am",0,0.23616
"Sep 21, 01:00 am",0,0.23616
"Sep 21, 02:00 am",0,0.23616
"Sep 21, 03:00 am",0,0.23616
"Sep 21, 04:00 am",0,0.23616
"Sep 21, 05:00 am",0,0.23616
"Sep 21, 06:00 am",0,0.23616
"Sep 21, 07:00 am",0,0.23616
"Sep 21, 08:00 am",0,0.23616
"Sep 21, 09:00 am",0,0.23616
"Sep 21, 10:00 am",0,0.23616
"Sep 21, 11:00 am",0,0.23616
"Sep 21, 12:00 pm",0,0.23616
"Sep 21, 01:00 pm",0,0.23616
"Sep 21, 02:00 pm",2436.61,1.22015
"Sep 21, 03:00 pm",2915.02,1.41696
"Sep 21, 04:00 pm",2916.48,1.41696
"Sep 21, 05:00 pm",1800.87,0.875642
"Sep 21, 06:00 pm",14.3332,0.23616
"Sep 21, 07:00 pm",0,0.23616
"Sep 21, 08:00 pm",0,0.23616
"Sep 21, 09:00 pm",0,0.23616
"Sep 21, 10:00 pm",0,0.23616
"Sep 21, 11:00 pm",0,0.23616
"Sep 22, 12:00 am",0,0.23616
"Sep 22, 01:00 am",0,0.23616
"Sep 22, 02:00 am",0,0.23616
"Sep 22, 03:00 am",0,0.23616
"Sep 22, 04:00 am",0,0.23616
"Sep 22, 05:00 am",0,0.23616
"Sep 22, 06:00 am",0,0.23616
"Sep 22, 07:00 am",0,0.23616
"Sep 22, 08:00 am",1351.31,0.735748
"Sep 22, 09:00 am",2916.22,1.41696
"Sep 22, 10:00 am",2912.32,1.41696
"Sep 22, 11:00 am",2914.98,1.41696
"Sep 22, 12:00 pm",2915.02,1.41696
"Sep 22, 01:00 pm",2915.04,1.41696
"Sep 22, 02:00 pm",2915.05,1.41696
"Sep 22, 03:00 pm",2913.03,1.41696
"Sep 22, 04:00 pm",2916.86,1.41696
"Sep 22, 05:00 pm",1893.16,0.920492
"Sep 22, 06:00 pm",14.7684,0.23616
"Sep 22, 07:00 pm",0,0.23616
"Sep 22, 08:00 pm",0,0.23616
"Sep 22, 09:00 pm",0,0.23616
"Sep 22, 10:00 pm",0,0.23616
"Sep 22, 11:00 pm",0,0.23616
"Sep 23, 12:00 am",0,0.23616
"Sep 23, 01:00 am",0,0.23616
"Sep 23, 02:00 am",0,0.23616
"Sep 23, 03:00 am",0,0.23616
"Sep 23, 04:00 am",0,0.23616
"Sep 23, 05:00 am",0,0.23616
"Sep 23, 06:00 am",0,0.23616
"Sep 23, 07:00 am",0,0.23616
"Sep 23, 08:00 am",1448.29,0.778458
"Sep 23, 09:00 am",2916.46,1.41696
"Sep 23, 10:00 am",2911.3,1.41696
"Sep 23, 11:00 am",2915.04,1.41696
"Sep 23, 12:00 pm",2915.07,1.41696
"Sep 23, 01:00 pm",2915.1,1.41696
"Sep 23, 02:00 pm",2915.12,1.41696
"Sep 23, 03:00 pm",2911.68,1.41696
"Sep 23, 04:00 pm",2916.95,1.41696
"Sep 23, 05:00 pm",1974.45,0.96
"Sep 23, 06:00 pm",14.9237,0.23616
"Sep 23, 07:00 pm",0,0.23616
"Sep 23, 08:00 pm",0,0.23616
"Sep 23, 09:00 pm",0,0.23616
"Sep 23, 10:00 pm",0,0.23616
"Sep 23, 11:00 pm",0,0.23616
"Sep 24, 12:00 am",0,0.23616
"Sep 24, 01:00 am",0,0.23616
"Sep 24, 02:00 am",0,0.23616
"Sep 24, 03:00 am",0,0.23616
"Sep 24, 04:00 am",0,0.23616
"Sep 24, 05:00 am",0,0.23616
"Sep 24, 06:00 am",0,0.23616
"Sep 24, 07:00 am",0,0.23616
"Sep 24, 08:00 am",1397.62,0.976525
"Sep 24, 09:00 am",2916.31,1.41696
"Sep 24, 10:00 am",2912.78,1.41696
"Sep 24, 11:00 am",2915.01,1.41696
"Sep 24, 12:00 pm",2915.05,1.41696
"Sep 24, 01:00 pm",2915.11,1.41696
"Sep 24, 02:00 pm",2915.13,1.41696
"Sep 24, 03:00 pm",2912.95,1.41696
"Sep 24, 04:00 pm",2916.96,1.41696
"Sep 24, 05:00 pm",1980.5,0.962913
"Sep 24, 06:00 pm",15.4945,0.23616
"Sep 24, 07:00 pm",0,0.23616
"Sep 24, 08:00 pm",0,0.23616
"Sep 24, 09:00 pm",0,0.23616
"Sep 24, 10:00 pm",0,0.23616
"Sep 24, 11:00 pm",0,0.23616
"Sep 25, 12:00 am",0,0.23616
"Sep 25, 01:00 am",0,0.23616
"Sep 25, 02:00 am",0,0.23616
"Sep 25, 03:00 am",0,0.23616
"Sep 25, 04:00 am",0,0.23616
"Sep 25, 05:00 am",0,0.23616
"Sep 25, 06:00 am",0,0.23616
"Sep 25, 07:00 am",0,0.23616
"Sep 25, 08:00 am",1422.76,0.992053
"Sep 25, 09:00 am",2916.28,1.41696
"Sep 25, 10:00 am",2912.71,1.41696
"Sep 25, 11:00 am",2914.97,1.41696
"Sep 25, 12:00 pm",2915.01,1.41696
"Sep 25, 01:00 pm",2915.02,1.41696
"Sep 25, 02:00 pm",2915.03,1.41696
"Sep 25, 03:00 pm",2913.41,1.41696
"Sep 25, 04:00 pm",2916.86,1.41696
"Sep 25, 05:00 pm",1998.04,0.971471
"Sep 25, 06:00 pm",15.1675,0.23616
"Sep 25, 07:00 pm",0,0.23616
"Sep 25, 08:00 pm",0,0.23616
"Sep 25, 09:00 pm",0,0.23616
"Sep 25, 10:00 pm",0,0.23616
"Sep 25, 11:00 pm",0,0.23616
"Sep 26, 12:00 am",0,0.23616
"Sep 26, 01:00 am",0,0.23616
"Sep 26, 02:00 am",0,0.23616
"Sep 26, 03:00 am",0,0.23616
"Sep 26, 04:00 am",0,0.23616
"Sep 26, 05:00 am",0,0.23616
"Sep 26, 06:00 am",0,0.23616
"Sep 26, 07:00 am",0,0.23616
"Sep 26, 08:00 am",1470.48,1.02305
"Sep 26, 09:00 am",19.0193,0.23616
"Sep 26, 10:00 am",0,0.23616
"Sep 26, 11:00 am",0,0.23616
"Sep 26, 12:00 pm",0,0.23616
"Sep 26, 01:00 pm",0,0.23616
"Sep 26, 02:00 pm",0,0.23616
"Sep 26, 03:00 pm",2429.3,1.41696
"Sep 26, 04:00 pm",2916.9,1.41696
"Sep 26, 05:00 pm",2048.36,0.995927
"Sep 26, 06:00 pm",15.2652,0.23616
"Sep 26, 07:00 pm",0,0.23616
"Sep 26, 08:00 pm",0,0.23616
"Sep 26, 09:00 pm",0,0.23616
"Sep 26, 10:00 pm",0,0.23616
"Sep 26, 11:00 pm",0,0.23616
"Sep 27, 12:00 am",0,0.23616
"Sep 27, 01:00 am",0,0.23616
"Sep 27, 02:00 am",0,0.23616
"Sep 27, 03:00 am",0,0.23616
"Sep 27, 04:00 am",0,0.23616
"Sep 27, 05:00 am",0,0.23616
"Sep 27, 06:00 am",0,0.23616
"Sep 27, 07:00 am",0,0.23616
"Sep 27, 08:00 am",0,0.23616
"Sep 27, 09:00 am",0,0.23616
"Sep 27, 10:00 am",0,0.23616
"Sep 27, 11:00 am",0,0.23616
"Sep 27, 12:00 pm",0,0.23616
"Sep 27, 01:00 pm",0,0.23616
"Sep 27, 02:00 pm",0,0.23616
"Sep 27, 03:00 pm",0,0.23616
"Sep 27, 04:00 pm",0,0.23616
"Sep 27, 05:00 pm",0,0.23616
"Sep 27, 06:00 pm",0,0.23616
"Sep 27, 07:00 pm",0,0.23616
"Sep 27, 08:00 pm",0,0.23616
"Sep 27, 09:00 pm",0,0.23616
"Sep 27, 10:00 pm",0,0.23616
"Sep 27, 11:00 pm",0,0.23616
"Sep 28, 12:00 am",0,0.23616
"Sep 28, 01:00 am",0,0.23616
"Sep 28, 02:00 am",0,0.23616
"Sep 28, 03:00 am",0,0.23616
"Sep 28, 04:00 am",0,0.23616
"Sep 28, 05:00 am",0,0.23616
"Sep 28, 06:00 am",0,0.23616
"Sep 28, 07:00 am",0,0.23616
"Sep 28, 08:00 am",1552.87,1.0793
"Sep 28, 09:00 am",2916.66,1.41696
"Sep 28, 10:00 am",2914.98,1.41696
"Sep 28, 11:00 am",2915.3,1.41696
"Sep 28, 12:00 pm",2915.42,1.41696
"Sep 28, 01:00 pm",2915.44,1.41696
"Sep 28, 02:00 pm",2915.46,1.41696
"Sep 28, 03:00 pm",2915.09,1.41696
"Sep 28, 04:00 pm",20.7354,0.23616
"Sep 28, 05:00 pm",0,0.23616
"Sep 28, 06:00 pm",0,0.23616
"Sep 28, 07:00 pm",0,0.23616
"Sep 28, 08:00 pm",0,0.23616
"Sep 28, 09:00 pm",0,0.23616
"Sep 28, 10:00 pm",0,0.23616
"Sep 28, 11:00 pm",0,0.23616
"Sep 29, 12:00 am",0,0.23616
"Sep 29, 01:00 am",0,0.23616
"Sep 29, 02:00 am",0,0.23616
"Sep 29, 03:00 am",0,0.23616
"Sep 29, 04:00 am",0,0.23616
"Sep 29, 05:00 am",0,0.23616
"Sep 29, 06:00 am",0,0.23616
"Sep 29, 07:00 am",0,0.23616
"Sep 29, 08:00 am",1347.43,0.762561
"Sep 29, 09:00 am",2916.88,1.41696
"Sep 29, 10:00 am",23.3539,0.23616
"Sep 29, 11:00 am",0,0.23616
"Sep 29, 12:00 pm",0,0.23616
"Sep 29, 01:00 pm",0,0.23616
"Sep 29, 02:00 pm",0,0.23616
"Sep 29, 03:00 pm",0,0.23616
"Sep 29, 04:00 pm",0,0.23616
"Sep 29, 05:00 pm",0,0.23616
"Sep 29, 06:00 pm",0,0.23616
"Sep 29, 07:00 pm",0,0.23616
"Sep 29, 08:00 pm",0,0.23616
"Sep 29, 09:00 pm",0,0.23616
"Sep 29, 10:00 pm",0,0.23616
"Sep 29, 11:00 pm",0,0.23616
"Sep 30, 12:00 am",0,0.23616
"Sep 30, 01:00 am",0,0.23616
"Sep 30, 02:00 am",0,0.23616
"Sep 30, 03:00 am",0,0.23616
"Sep 30, 04:00 am",0,0.23616
"Sep 30, 05:00 am",0,0.23616
"Sep 30, 06:00 am",0,0.23616
"Sep 30, 07:00 am",0,0.23616
"Sep 30, 08:00 am",1605.39,1.11179
"Sep 30, 09:00 am",2916.7,1.41696
"Sep 30, 10:00 am",2914.99,1.41696
"Sep 30, 11:00 am",2915.28,1.41696
"Sep 30, 12:00 pm",2915.43,1.41696
"Sep 30, 01:00 pm",2915.44,1.41696
"Sep 30, 02:00 pm",2915.46,1.41696
"Sep 30, 03:00 pm",2915.04,1.41696
"Sep 30, 04:00 pm",2917.17,1.41696
"Sep 30, 05:00 pm",18.7802,0.23616
"Sep 30, 06:00 pm",0,0.23616
"Sep 30, 07:00 pm",0,0.23616
"Sep 30, 08:00 pm",0,0.23616
"Sep 30, 09:00 pm",0,0.23616
"Sep 30, 10:00 pm",0,0.23616
"Sep 30, 11:00 pm",0,0.23616
"Oct 1, 12:00 am",0,0.23616
"Oct 1, 01:00 am",0,0.23616
"Oct 1, 02:00 am",0,0.23616
"Oct 1, 03:00 am",0,0.23616
"Oct 1, 04:00 am",0,0.23616
"Oct 1, 05:00 am",0,0.23616
"Oct 1, 06:00 am",0,0.23616
"Oct 1, 07:00 am",0,0.23616
"Oct 1, 08:00 am",0,0.23616
"Oct 1, 09:00 am",0,0.23616
"Oct 1, 10:00 am",0,0.23616
"Oct 1, 11:00 am",0,0.23616
"Oct 1, 12:00 pm",0,0.23616
"Oct 1, 01:00 pm",0,0.23616
"Oct 1, 02:00 pm",0,0.23616
"Oct 1, 03:00 pm",0,0.23616
"Oct 1, 04:00 pm",0,0.23616
"Oct 1, 05:00 pm",0,0.23616
"Oct 1, 06:00 pm",0,0.23616
"Oct 1, 07:00 pm",0,0.23616
"Oct 1, 08:00 pm",0,0.23616
"Oct 1, 09:00 pm",0,0.23616
"Oct 1, 10:00 pm",0,0.23616
"Oct 1, 11:00 pm",0,0.23616
"Oct 2, 12:00 am",0,0.23616
"Oct 2, 01:00 am",0,0.23616
"Oct 2, 02:00 am",0,0.23616
"Oct 2, 03:00 am",0,0.23616
"Oct 2, 04:00 am",0,0.23616
"Oct 2, 05:00 am",0,0.23616
"Oct 2, 06:00 am",0,0.23616
"Oct 2, 07:00 am",0,0.23616
"Oct 2, 08:00 am",0,0.23616
"Oct 2, 09:00 am",0,0.23616
"Oct 2, 10:00 am",0,0.23616
"Oct 2, 11:00 am",0,0.23616
"Oct 2, 12:00 pm",0,0.23616
"Oct 2, 01:00 pm",0,0.23616
"Oct 2, 02:00 pm",0,0.23616
"Oct 2, 03:00 pm",0,0.23616
"Oct 2, 04:00 pm",0,0.23616
"Oct 2, 05:00 pm",0,0.23616
"Oct 2, 06:00 pm",0,0.23616
"Oct 2, 07:00 pm",0,0.23616
"Oct 2, 08:00 pm",0,0.23616
"Oct 2, 09:00 pm",0,0.23616
"Oct 2, 10:00 pm",0,0.23616
"Oct 2, 11:00 pm",0,0.23616
"Oct 3, 12:00 am",0,0.23616
"Oct 3, 01:00 am",0,0.23616
"Oct 3, 02:00 am",0,0.23616
"Oct 3, 03:00 am",0,0.23616
"Oct 3, 04:00 am",0,0.23616
"Oct 3, 05:00 am",0,0.23616
"Oct 3, 06:00 am",0,0.23616
"Oct 3, 07:00 am",0,0.23616
"Oct 3, 08:00 am",1627.47,1.12443
"Oct 3, 09:00 am",2916.83,1.41696
"Oct 3, 10:00 am",2914.87,1.41696
"Oct 3, 11:00 am",2915.1,1.41696
"Oct 3, 12:00 pm",2915.14,1.41696
"Oct 3, 01:00 pm",27.1773,0.23616
"Oct 3, 02:00 pm",23.322,0.23616
"Oct 3, 03:00 pm",0,0.23616
"Oct 3, 04:00 pm",0,0.23616
"Oct 3, 05:00 pm",0,0.23616
"Oct 3, 06:00 pm",0,0.23616
"Oct 3, 07:00 pm",0,0.23616
"Oct 3, 08:00 pm",0,0.23616
"Oct 3, 09:00 pm",0,0.23616
"Oct 3, 10:00 pm",0,0.23616
"Oct 3, 11:00 pm",0,0.23616
"Oct 4, 12:00 am",0,0.23616
"Oct 4, 01:00 am",0,0.23616
"Oct 4, 02:00 am",0,0.23616
"Oct 4, 03:00 am",0,0.23616
"Oct 4, 04:00 am",0,0.23616
"Oct 4, 05:00 am",0,0.23616
"Oct 4, 06:00 am",0,0.23616
"Oct 4, 07:00 am",0,0.23616
"Oct 4, 08:00 am",2028.17,1.15407
"Oct 4, 09:00 am",2916.72,1.41696
"Oct 4, 10:00 am",2914.92,1.41696
"Oct 4, 11:00 am",2915.22,1.41696
"Oct 4, 12:00 pm",2915.44,1.41696
"Oct 4, 01:00 pm",2915.45,1.41696
"Oct 4, 02:00 pm",2915.44,1.41696
"Oct 4, 03:00 pm",2914.97,1.41696
"Oct 4, 04:00 pm",2917.12,1.41696
"Oct 4, 05:00 pm",2485.93,1.20856
"Oct 4, 06:00 pm",14.9161,0.23616
"Oct 4, 07:00 pm",0,0.23616
"Oct 4, 08:00 pm",0,0.23616
"Oct 4, 09:00 pm",0,0.23616
"Oct 4, 10:00 pm",0,0.23616
"Oct 4, 11:00 pm",0,0.23616
"Oct 5, 12:00 am",0,0.23616
"Oct 5, 01:00 am",0,0.23616
"Oct 5, 02:00 am",0,0.23616
"Oct 5, 03:00 am",0,0.23616
"Oct 5, 04:00 am",0,0.23616
"Oct 5, 05:00 am",0,0.23616
"Oct 5, 06:00 am",0,0.23616
"Oct 5, 07:00 am",0,0.23616
"Oct 5, 08:00 am",0,0.23616
"Oct 5, 09:00 am",2447.6,1.41696
"Oct 5, 10:00 am",2915.24,1.41696
"Oct 5, 11:00 am",2915.76,1.41696
"Oct 5, 12:00 pm",2916.08,1.41696
"Oct 5, 01:00 pm",2916.09,1.41696
"Oct 5, 02:00 pm",2915.6,1.41696
"Oct 5, 03:00 pm",2915.15,1.41696
"Oct 5, 04:00 pm",2917.17,1.41696
"Oct 5, 05:00 pm",2550.16,1.24004
"Oct 5, 06:00 pm",15.3296,0.23616
"Oct 5, 07:00 pm",0,0.23616
"Oct 5, 08:00 pm",0,0.23616
"Oct 5, 09:00 pm",0,0.23616
"Oct 5, 10:00 pm",0,0.23616
"Oct 5, 11:00 pm",0,0.23616
"Oct 6, 12:00 am",0,0.23616
"Oct 6, 01:00 am",0,0.23616
"Oct 6, 02:00 am",0,0.23616
"Oct 6, 03:00 am",0,0.23616
"Oct 6, 04:00 am",0,0.23616
"Oct 6, 05:00 am",0,0.23616
"Oct 6, 06:00 am",0,0.23616
"Oct 6, 07:00 am",0,0.23616
"Oct 6, 08:00 am",0,0.23616
"Oct 6, 09:00 am",0,0.23616
"Oct 6, 10:00 am",2012.6,1.02334
"Oct 6, 11:00 am",2915.62,1.41696
"Oct 6, 12:00 pm",2915.57,1.41696
"Oct 6, 01:00 pm",27.5896,0.23616
"Oct 6, 02:00 pm",23.2727,0.23616
"Oct 6, 03:00 pm",0,0.23616
"Oct 6, 04:00 pm",2462.13,1.41696
"Oct 6, 05:00 pm",2525.42,1.22797
"Oct 6, 06:00 pm",14.9177,0.23616
"Oct 6, 07:00 pm",0,0.23616
"Oct 6, 08:00 pm",0,0.23616
"Oct 6, 09:00 pm",0,0.23616
"Oct 6, 10:00 pm",0,0.23616
"Oct 6, 11:00 pm",0,0.23616
"Oct 7, 12:00 am",0,0.23616
"Oct 7, 01:00 am",0,0.23616
"Oct 7, 02:00 am",0,0.23616
"Oct 7, 03:00 am",0,0.23616
"Oct 7, 04:00 am",0,0.23616
"Oct 7, 05:00 am",0,0.23616
"Oct 7, 06:00 am",0,0.23616
"Oct 7, 07:00 am",0,0.23616
"Oct 7, 08:00 am",0,0.23616
"Oct 7, 09:00 am",0,0.23616
"Oct 7, 10:00 am",0,0.23616
"Oct 7, 11:00 am",0,0.23616
"Oct 7, 12:00 pm",2443.68,1.22015
"Oct 7, 01:00 pm",2915.76,1.41696
"Oct 7, 02:00 pm",2915.44,1.41696
"Oct 7, 03:00 pm",2915.08,1.41696
"Oct 7, 04:00 pm",2917.16,1.41696
"Oct 7, 05:00 pm",2627.87,1.27782
"Oct 7, 06:00 pm",15.3184,0.23616
"Oct 7, 07:00 pm",0,0.23616
"Oct 7, 08:00 pm",0,0.23616
"Oct 7, 09:00 pm",0,0.23616
"Oct 7, 10:00 pm",0,0.23616
"Oct 7, 11:00 pm",0,0.23616
"Oct 8, 12:00 am",0,0.23616
"Oct 8, 01:00 am",0,0.23616
"Oct 8, 02:00 am",0,0.23616
"Oct 8, 03:00 am",0,0.23616
"Oct 8, 04:00 am",0,0.23616
"Oct 8, 05:00 am",0,0.23616
"Oct 8, 06:00 am",0,0.23616
"Oct 8, 07:00 am",0,0.23616
"Oct 8, 08:00 am",2733.81,1.32967
"Oct 8, 09:00 am",2916.73,1.41696
"Oct 8, 10:00 am",2915.42,1.41696
"Oct 8, 11:00 am",2916.02,1.41696
"Oct 8, 12:00 pm",2916.41,1.41696
"Oct 8, 01:00 pm",2916.42,1.41696
"Oct 8, 02:00 pm",2915.86,1.41696
"Oct 8, 03:00 pm",2915.33,1.41696
"Oct 8, 04:00 pm",2917.14,1.41696
"Oct 8, 05:00 pm",2694.2,1.30988
"Oct 8, 06:00 pm",16.5824,0.23616
"Oct 8, 07:00 pm",0,0.23616
"Oct 8, 08:00 pm",0,0.23616
"Oct 8, 09:00 pm",0,0.23616
"Oct 8, 10:00 pm",0,0.23616
"Oct 8, 11:00 pm",0,0.23616
"Oct 9, 12:00 am",0,0.23616
"Oct 9, 01:00 am",0,0.23616
"Oct 9, 02:00 am",0,0.23616
"Oct 9, 03:00 am",0,0.23616
"Oct 9, 04:00 am",0,0.23616
"Oct 9, 05:00 am",0,0.23616
"Oct 9, 06:00 am",0,0.23616
"Oct 9, 07:00 am",0,0.23616
"Oct 9, 08:00 am",2691.23,1.30903
"Oct 9, 09:00 am",2917,1.41696
"Oct 9, 10:00 am",2915.3,1.41696
"Oct 9, 11:00 am",2915.64,1.41696
"Oct 9, 12:00 pm",2916.01,1.41696
"Oct 9, 01:00 pm",2916.01,1.41696
"Oct 9, 02:00 pm",2915.59,1.41696
"Oct 9, 03:00 pm",2915.21,1.41696
"Oct 9, 04:00 pm",2917.21,1.41696
"Oct 9, 05:00 pm",2675.66,1.30089
"Oct 9, 06:00 pm",17.7966,0.23616
"Oct 9, 07:00 pm",0,0.23616
"Oct 9, 08:00 pm",0,0.23616
"Oct 9, 09:00 pm",0,0.23616
"Oct 9, 10:00 pm",0,0.23616
"Oct 9, 11:00 pm",0,0.23616
"Oct 10, 12:00 am",0,0.23616
"Oct 10, 01:00 am",0,0.23616
"Oct 10, 02:00 am",0,0.23616
"Oct 10, 03:00 am",0,0.23616
"Oct 10, 04:00 am",0,0.23616
"Oct 10, 05:00 am",0,0.23616
"Oct 10, 06:00 am",0,0.23616
"Oct 10, 07:00 am",0,0.23616
"Oct 10, 08:00 am",1893.22,0.994271
"Oct 10, 09:00 am",2916.75,1.41696
"Oct 10, 10:00 am",2915.38,1.41696
"Oct 10, 11:00 am",2915.96,1.41696
"Oct 10, 12:00 pm",2916.32,1.41696
"Oct 10, 01:00 pm",60.7537,0.23616
"Oct 10, 02:00 pm",2914.41,1.41696
"Oct 10, 03:00 pm",2915.22,1.41696
"Oct 10, 04:00 pm",2917.18,1.41696
"Oct 10, 05:00 pm",2680.79,1.30338
"Oct 10, 06:00 pm",18.8479,0.23616
"Oct 10, 07:00 pm",0,0.23616
"Oct 10, 08:00 pm",0,0.23616
"Oct 10, 09:00 pm",0,0.23616
"Oct 10, 10:00 pm",0,0.23616
"Oct 10, 11:00 pm",0,0.23616
"Oct 11, 12:00 am",0,0.23616
"Oct 11, 01:00 am",0,0.23616
"Oct 11, 02:00 am",0,0.23616
"Oct 11, 03:00 am",0,0.23616
"Oct 11, 04:00 am",0,0.23616
"Oct 11, 05:00 am",0,0.23616
"Oct 11, 06:00 am",0,0.23616
"Oct 11, 07:00 am",0,0.23616
"Oct 11, 08:00 am",0,0.23616
"Oct 11, 09:00 am",0,0.23616
"Oct 11, 10:00 am",0,0.23616
"Oct 11, 11:00 am",0,0.23616
"Oct 11, 12:00 pm",2452.19,1.22015
"Oct 11, 01:00 pm",2916.19,1.41696
"Oct 11, 02:00 pm",2915.73,1.41696
"Oct 11, 03:00 pm",2915.22,1.41696
"Oct 11, 04:00 pm",2917.01,1.41696
"Oct 11, 05:00 pm",2734.04,1.32923
"Oct 11, 06:00 pm",19.6597,0.23616
"Oct 11, 07:00 pm",0,0.23616
"Oct 11, 08:00 pm",0,0.23616
"Oct 11, 09:00 pm",0,0.23616
"Oct 11, 10:00 pm",0,0.23616
"Oct 11, 11:00 pm",0,0.23616
"Oct 12, 12:00 am",0,0.23616
"Oct 12, 01:00 am",0,0.23616
"Oct 12, 02:00 am",0,0.23616
"Oct 12, 03:00 am",0,0.23616
"Oct 12, 04:00 am",0,0.23616
"Oct 12, 05:00 am",0,0.23616
"Oct 12, 06:00 am",0,0.23616
"Oct 12, 07:00 am",0,0.23616
"Oct 12, 08:00 am",1976.11,1.02334
"Oct 12, 09:00 am",2916.72,1.41696
"Oct 12, 10:00 am",2915.32,1.41696
"Oct 12, 11:00 am",2915.88,1.41696
"Oct 12, 12:00 pm",2916.33,1.41696
"Oct 12, 01:00 pm",2916.35,1.41696
"Oct 12, 02:00 pm",2915.8,1.41696
"Oct 12, 03:00 pm",2915.25,1.41696
"Oct 12, 04:00 pm",2916.99,1.41696
"Oct 12, 05:00 pm",2751.44,1.33765
"Oct 12, 06:00 pm",21.2429,0.23616
"Oct 12, 07:00 pm",0,0.23616
"Oct 12, 08:00 pm",0,0.23616
"Oct 12, 09:00 pm",0,0.23616
"Oct 12, 10:00 pm",0,0.23616
"Oct 12, 11:00 pm",0,0.23616
"Oct 13, 12:00 am",0,0.23616
"Oct 13, 01:00 am",0,0.23616
"Oct 13, 02:00 am",0,0.23616
"Oct 13, 03:00 am",0,0.23616
"Oct 13, 04:00 am",0,0.23616
"Oct 13, 05:00 am",0,0.23616
"Oct 13, 06:00 am",0,0.23616
"Oct 13, 07:00 am",0,0.23616
"Oct 13, 08:00 am",0,0.23616
"Oct 13, 09:00 am",0,0.23616
"Oct 13, 10:00 am",2432.53,1.22015
"Oct 13, 11:00 am",2916.22,1.41696
"Oct 13, 12:00 pm",2916.51,1.41696
"Oct 13, 01:00 pm",2916.52,1.41696
"Oct 13, 02:00 pm",2915.95,1.41696
"Oct 13, 03:00 pm",2915.33,1.41696
"Oct 13, 04:00 pm",2916.77,1.41696
"Oct 13, 05:00 pm",2798.72,1.36215
"Oct 13, 06:00 pm",22.6174,0.23616
"Oct 13, 07:00 pm",0,0.23616
"Oct 13, 08:00 pm",0,0.23616
"Oct 13, 09:00 pm",0,0.23616
"Oct 13, 10:00 pm",0,0.23616
"Oct 13, 11:00 pm",0,0.23616
"Oct 14, 12:00 am",0,0.23616
"Oct 14, 01:00 am",0,0.23616
"Oct 14, 02:00 am",0,0.23616
"Oct 14, 03:00 am",0,0.23616
"Oct 14, 04:00 am",0,0.23616
"Oct 14, 05:00 am",0,0.23616
"Oct 14, 06:00 am",0,0.23616
"Oct 14, 07:00 am",0,0.23616
"Oct 14, 08:00 am",1943.57,1.34732
"Oct 14, 09:00 am",2914.95,1.41696
"Oct 14, 10:00 am",2915.68,1.41696
"Oct 14, 11:00 am",2916.53,1.41696
"Oct 14, 12:00 pm",2917.02,1.41696
"Oct 14, 01:00 pm",2917.04,1.41696
"Oct 14, 02:00 pm",2916.29,1.41696
"Oct 14, 03:00 pm",2915.45,1.41696
"Oct 14, 04:00 pm",2916.5,1.41696
"Oct 14, 05:00 pm",2828.28,1.37573
"Oct 14, 06:00 pm",24.2812,0.23616
"Oct 14, 07:00 pm",0,0.23616
"Oct 14, 08:00 pm",0,0.23616
"Oct 14, 09:00 pm",0,0.23616
"Oct 14, 10:00 pm",0,0.23616
"Oct 14, 11:00 pm",0,0.23616
"Oct 15, 12:00 am",0,0.23616
"Oct 15, 01:00 am",0,0.23616
"Oct 15, 02:00 am",0,0.23616
"Oct 15, 03:00 am",0,0.23616
"Oct 15, 04:00 am",0,0.23616
"Oct 15, 05:00 am",0,0.23616
"Oct 15, 06:00 am",0,0.23616
"Oct 15, 07:00 am",0,0.23616
"Oct 15, 08:00 am",0,0.23616
"Oct 15, 09:00 am",0,0.23616
"Oct 15, 10:00 am",0,0.23616
"Oct 15, 11:00 am",0,0.23616
"Oct 15, 12:00 pm",0,0.23616
"Oct 15, 01:00 pm",0,0.23616
"Oct 15, 02:00 pm",0,0.23616
"Oct 15, 03:00 pm",0,0.23616
"Oct 15, 04:00 pm",0,0.23616
"Oct 15, 05:00 pm",0,0.23616
"Oct 15, 06:00 pm",0,0.23616
"Oct 15, 07:00 pm",0,0.23616
"Oct 15, 08:00 pm",0,0.23616
"Oct 15, 09:00 pm",0,0.23616
"Oct 15, 10:00 pm",0,0.23616
"Oct 15, 11:00 pm",0,0.23616
"Oct 16, 12:00 am",0,0.23616
"Oct 16, 01:00 am",0,0.23616
"Oct 16, 02:00 am",0,0.23616
"Oct 16, 03:00 am",0,0.23616
"Oct 16, 04:00 am",0,0.23616
"Oct 16, 05:00 am",0,0.23616
"Oct 16, 06:00 am",0,0.23616
"Oct 16, 07:00 am",0,0.23616
"Oct 16, 08:00 am",1942.94,1.02334
"Oct 16, 09:00 am",2914.58,1.41696
"Oct 16, 10:00 am",2915.67,1.41696
"Oct 16, 11:00 am",2916.66,1.41696
"Oct 16, 12:00 pm",2917.18,1.41696
"Oct 16, 01:00 pm",2917.29,1.41696
"Oct 16, 02:00 pm",2916.57,1.41696
"Oct 16, 03:00 pm",2915.53,1.41696
"Oct 16, 04:00 pm",2916.04,1.41696
"Oct 16, 05:00 pm",2874.33,1.3974
"Oct 16, 06:00 pm",27.8102,0.23616
"Oct 16, 07:00 pm",13.3007,0.23616
"Oct 16, 08:00 pm",0,0.23616
"Oct 16, 09:00 pm",0,0.23616
"Oct 16, 10:00 pm",0,0.23616
"Oct 16, 11:00 pm",0,0.23616
"Oct 17, 12:00 am",0,0.23616
"Oct 17, 01:00 am",0,0.23616
"Oct 17, 02:00 am",0,0.23616
"Oct 17, 03:00 am",0,0.23616
"Oct 17, 04:00 am",0,0.23616
"Oct 17, 05:00 am",0,0.23616
"Oct 17, 06:00 am",0,0.23616
"Oct 17, 07:00 am",0,0.23616
"Oct 17, 08:00 am",1957.91,1.02334
"Oct 17, 09:00 am",20.0374,0.23616
"Oct 17, 10:00 am",0,0.23616
"Oct 17, 11:00 am",0,0.23616
"Oct 17, 12:00 pm",0,0.23616
"Oct 17, 01:00 pm",0,0.23616
"Oct 17, 02:00 pm",0,0.23616
"Oct 17, 03:00 pm",0,0.23616
"Oct 17, 04:00 pm",0,0.23616
"Oct 17, 05:00 pm",0,0.23616
"Oct 17, 06:00 pm",0,0.23616
"Oct 17, 07:00 pm",0,0.23616
"Oct 17, 08:00 pm",0,0.23616
"Oct 17, 09:00 pm",0,0.23616
"Oct 17, 10:00 pm",0,0.23616
"Oct 17, 11:00 pm",0,0.23616
"Oct 18, 12:00 am",0,0.23616
"Oct 18, 01:00 am",0,0.23616
"Oct 18, 02:00 am",0,0.23616
"Oct 18, 03:00 am",0,0.23616
"Oct 18, 04:00 am",0,0.23616
"Oct 18, 05:00 am",0,0.23616
"Oct 18, 06:00 am",0,0.23616
"Oct 18, 07:00 am",0,0.23616
"Oct 18, 08:00 am",2426.38,1.39003
"Oct 18, 09:00 am",2913.56,1.41696
"Oct 18, 10:00 am",2916.03,1.41696
"Oct 18, 11:00 am",2917.04,1.41696
"Oct 18, 12:00 pm",2917.59,1.41696
"Oct 18, 01:00 pm",2917.52,1.41696
"Oct 18, 02:00 pm",2916.82,1.41696
"Oct 18, 03:00 pm",2915.7,1.41696
"Oct 18, 04:00 pm",2915.68,1.41696
"Oct 18, 05:00 pm",2911.5,1.41696
"Oct 18, 06:00 pm",56.254,0.23616
"Oct 18, 07:00 pm",14.3637,0.23616
"Oct 18, 08:00 pm",0,0.23616
"Oct 18, 09:00 pm",0,0.23616
"Oct 18, 10:00 pm",0,0.23616
"Oct 18, 11:00 pm",0,0.23616
"Oct 19, 12:00 am",0,0.23616
"Oct 19, 01:00 am",0,0.23616
"Oct 19, 02:00 am",0,0.23616
"Oct 19, 03:00 am",0,0.23616
"Oct 19, 04:00 am",0,0.23616
"Oct 19, 05:00 am",0,0.23616
"Oct 19, 06:00 am",0,0.23616
"Oct 19, 07:00 am",0,0.341353
"Oct 19, 08:00 am",2429.92,1.39144
"Oct 19, 09:00 am",2913.46,1.41696
"Oct 19, 10:00 am",2916.05,1.41696
"Oct 19, 11:00 am",2917,1.41696
"Oct 19, 12:00 pm",2917.53,1.41696
"Oct 19, 01:00 pm",2917.4,1.41696
"Oct 19, 02:00 pm",2916.7,1.41696
"Oct 19, 03:00 pm",2915.64,1.41696
"Oct 19, 04:00 pm",2915.92,1.41696
"Oct 19, 05:00 pm",2901.2,1.4103
"Oct 19, 06:00 pm",72.711,0.23616
"Oct 19, 07:00 pm",14.632,0.23616
"Oct 19, 08:00 pm",0,0.23616
"Oct 19, 09:00 pm",0,0.23616
"Oct 19, 10:00 pm",0,0.23616
"Oct 19, 11:00 pm",0,0.23616
"Oct 20, 12:00 am",0,0.23616
"Oct 20, 01:00 am",0,0.23616
"Oct 20, 02:00 am",0,0.23616
"Oct 20, 03:00 am",0,0.23616
"Oct 20, 04:00 am",0,0.23616
"Oct 20, 05:00 am",0,0.23616
"Oct 20, 06:00 am",0,0.23616
"Oct 20, 07:00 am",0,0.337787
"Oct 20, 08:00 am",2428.1,1.38642
"Oct 20, 09:00 am",2911.99,1.41696
"Oct 20, 10:00 am",2915.46,1.41696
"Oct 20, 11:00 am",2916.26,1.41696
"Oct 20, 12:00 pm",2916.9,1.41696
"Oct 20, 01:00 pm",2916.9,1.41696
"Oct 20, 02:00 pm",2916.19,1.41696
"Oct 20, 03:00 pm",2915.4,1.41696
"Oct 20, 04:00 pm",2916.3,1.41696
"Oct 20, 05:00 pm",2882.23,1.40118
"Oct 20, 06:00 pm",80.0808,0.23616
"Oct 20, 07:00 pm",13.9329,0.23616
"Oct 20, 08:00 pm",0,0.23616
"Oct 20, 09:00 pm",0,0.23616
"Oct 20, 10:00 pm",0,0.23616
"Oct 20, 11:00 pm",0,0.23616
"Oct 21, 12:00 am",0,0.23616
"Oct 21, 01:00 am",0,0.23616
"Oct 21, 02:00 am",0,0.23616
"Oct 21, 03:00 am",0,0.23616
"Oct 21, 04:00 am",0,0.23616
"Oct 21, 05:00 am",0,0.23616
"Oct 21, 06:00 am",0,0.23616
"Oct 21, 07:00 am",0,0.23616
"Oct 21, 08:00 am",0,0.23616
"Oct 21, 09:00 am",2004.56,1.02334
"Oct 21, 10:00 am",2915.8,1.41696
"Oct 21, 11:00 am",2916.52,1.41696
"Oct 21, 12:00 pm",153.85,0.23616
"Oct 21, 01:00 pm",121.919,0.23616
"Oct 21, 02:00 pm",60.5729,0.23616
"Oct 21, 03:00 pm",2914.17,1.41696
"Oct 21, 04:00 pm",2916.13,1.41696
"Oct 21, 05:00 pm",2899.61,1.40956
"Oct 21, 06:00 pm",97.6791,0.23616
"Oct 21, 07:00 pm",14.2177,0.23616
"Oct 21, 08:00 pm",0,0.23616
"Oct 21, 09:00 pm",0,0.23616
"Oct 21, 10:00 pm",0,0.23616
"Oct 21, 11:00 pm",0,0.23616
"Oct 22, 12:00 am",0,0.23616
"Oct 22, 01:00 am",0,0.23616
"Oct 22, 02:00 am",0,0.23616
"Oct 22, 03:00 am",0,0.23616
"Oct 22, 04:00 am",0,0.23616
"Oct 22, 05:00 am",0,0.23616
"Oct 22, 06:00 am",0,0.23616
"Oct 22, 07:00 am",0,0.23616
"Oct 22, 08:00 am",0,0.23616
"Oct 22, 09:00 am",2011.46,1.02334
"Oct 22, 10:00 am",2916.86,1.41696
"Oct 22, 11:00 am",2917.66,1.41696
"Oct 22, 12:00 pm",183.774,0.23616
"Oct 22, 01:00 pm",148.514,0.23616
"Oct 22, 02:00 pm",76.5605,0.23616
"Oct 22, 03:00 pm",21.5646,0.23616
"Oct 22, 04:00 pm",0,0.23616
"Oct 22, 05:00 pm",0,0.23616
"Oct 22, 06:00 pm",0,0.23616
"Oct 22, 07:00 pm",0,0.23616
"Oct 22, 08:00 pm",0,0.23616
"Oct 22, 09:00 pm",0,0.23616
"Oct 22, 10:00 pm",0,0.23616
"Oct 22, 11:00 pm",0,0.23616
"Oct 23, 12:00 am",0,0.23616
"Oct 23, 01:00 am",0,0.23616
"Oct 23, 02:00 am",0,0.23616
"Oct 23, 03:00 am",0,0.23616
"Oct 23, 04:00 am",0,0.23616
"Oct 23, 05:00 am",0,0.23616
"Oct 23, 06:00 am",0,0.23616
"Oct 23, 07:00 am",0,0.355917
"Oct 23, 08:00 am",2463.49,1.39768
"Oct 23, 09:00 am",2912.01,1.41696
"Oct 23, 10:00 am",2916,1.41696
"Oct 23, 11:00 am",2916.92,1.41696
"Oct 23, 12:00 pm",2917.56,1.41696
"Oct 23, 01:00 pm",2917.47,1.41696
"Oct 23, 02:00 pm",2916.75,1.41696
"Oct 23, 03:00 pm",2915.58,1.41696
"Oct 23, 04:00 pm",2915.2,1.41696
"Oct 23, 05:00 pm",2913.28,1.41696
"Oct 23, 06:00 pm",138.398,0.23616
"Oct 23, 07:00 pm",13.8687,0.23616
"Oct 23, 08:00 pm",0,0.23616
"Oct 23, 09:00 pm",0,0.23616
"Oct 23, 10:00 pm",0,0.23616
"Oct 23, 11:00 pm",0,0.23616
"Oct 24, 12:00 am",0,0.23616
"Oct 24, 01:00 am",0,0.23616
"Oct 24, 02:00 am",0,0.23616
"Oct 24, 03:00 am",0,0.23616
"Oct 24, 04:00 am",0,0.23616
"Oct 24, 05:00 am",0,0.23616
"Oct 24, 06:00 am",0,0.23616
"Oct 24, 07:00 am",0,0.23616
"Oct 24, 08:00 am",0,0.23616
"Oct 24, 09:00 am",0,0.23616
"Oct 24, 10:00 am",0,0.23616
"Oct 24, 11:00 am",0,0.23616
"Oct 24, 12:00 pm",0,0.23616
"Oct 24, 01:00 pm",0,0.23616
"Oct 24, 02:00 pm",0,0.23616
"Oct 24, 03:00 pm",0,0.23616
"Oct 24, 04:00 pm",0,0.23616
"Oct 24, 05:00 pm",0,0.23616
"Oct 24, 06:00 pm",0,0.23616
"Oct 24, 07:00 pm",0,0.23616
"Oct 24, 08:00 pm",0,0.23616
"Oct 24, 09:00 pm",0,0.23616
"Oct 24, 10:00 pm",0,0.23616
"Oct 24, 11:00 pm",0,0.23616
"Oct 25, 12:00 am",0,0.23616
"Oct 25, 01:00 am",0,0.23616
"Oct 25, 02:00 am",0,0.23616
"Oct 25, 03:00 am",0,0.23616
"Oct 25, 04:00 am",0,0.23616
"Oct 25, 05:00 am",0,0.23616
"Oct 25, 06:00 am",0,0.23616
"Oct 25, 07:00 am",0,0.23616
"Oct 25, 08:00 am",0,0.23616
"Oct 25, 09:00 am",0,0.23616
"Oct 25, 10:00 am",0,0.23616
"Oct 25, 11:00 am",0,0.23616
"Oct 25, 12:00 pm",0,0.23616
"Oct 25, 01:00 pm",0,0.23616
"Oct 25, 02:00 pm",0,0.23616
"Oct 25, 03:00 pm",0,0.23616
"Oct 25, 04:00 pm",2441.06,1.41696
"Oct 25, 05:00 pm",2912.07,1.41696
"Oct 25, 06:00 pm",180.279,0.23616
"Oct 25, 07:00 pm",13.7578,0.23616
"Oct 25, 08:00 pm",0,0.23616
"Oct 25, 09:00 pm",0,0.23616
"Oct 25, 10:00 pm",0,0.23616
"Oct 25, 11:00 pm",0,0.23616
"Oct 26, 12:00 am",0,0.23616
"Oct 26, 01:00 am",0,0.23616
"Oct 26, 02:00 am",0,0.23616
"Oct 26, 03:00 am",0,0.23616
"Oct 26, 04:00 am",0,0.23616
"Oct 26, 05:00 am",0,0.23616
"Oct 26, 06:00 am",0,0.23616
"Oct 26, 07:00 am",0,0.36695
"Oct 26, 08:00 am",2914.02,1.41696
"Oct 26, 09:00 am",2914.78,1.41696
"Oct 26, 10:00 am",2916.26,1.41696
"Oct 26, 11:00 am",55.5583,0.23616
"Oct 26, 12:00 pm",64.4052,0.23616
"Oct 26, 01:00 pm",35.9575,0.23616
"Oct 26, 02:00 pm",25.9436,0.23616
"Oct 26, 03:00 pm",16.4957,0.23616
"Oct 26, 04:00 pm",0,0.23616
"Oct 26, 05:00 pm",0,0.23616
"Oct 26, 06:00 pm",0,0.23616
"Oct 26, 07:00 pm",0,0.23616
"Oct 26, 08:00 pm",0,0.23616
"Oct 26, 09:00 pm",0,0.23616
"Oct 26, 10:00 pm",0,0.23616
"Oct 26, 11:00 pm",0,0.23616
"Oct 27, 12:00 am",0,0.23616
"Oct 27, 01:00 am",0,0.23616
"Oct 27, 02:00 am",0,0.23616
"Oct 27, 03:00 am",0,0.23616
"Oct 27, 04:00 am",0,0.23616
"Oct 27, 05:00 am",0,0.23616
"Oct 27, 06:00 am",0,0.23616
"Oct 27, 07:00 am",0,0.23616
"Oct 27, 08:00 am",0,0.23616
"Oct 27, 09:00 am",0,0.23616
"Oct 27, 10:00 am",0,0.23616
"Oct 27, 11:00 am",0,0.23616
"Oct 27, 12:00 pm",0,0.23616
"Oct 27, 01:00 pm",0,0.23616
"Oct 27, 02:00 pm",0,0.23616
"Oct 27, 03:00 pm",0,0.23616
"Oct 27, 04:00 pm",0,0.23616
"Oct 27, 05:00 pm",0,0.23616
"Oct 27, 06:00 pm",0,0.23616
"Oct 27, 07:00 pm",0,0.23616
"Oct 27, 08:00 pm",0,0.23616
"Oct 27, 09:00 pm",0,0.23616
"Oct 27, 10:00 pm",0,0.23616
"Oct 27, 11:00 pm",0,0.23616
"Oct 28, 12:00 am",0,0.23616
"Oct 28, 01:00 am",0,0.23616
"Oct 28, 02:00 am",0,0.23616
"Oct 28, 03:00 am",0,0.23616
"Oct 28, 04:00 am",0,0.23616
"Oct 28, 05:00 am",0,0.23616
"Oct 28, 06:00 am",0,0.23616
"Oct 28, 07:00 am",0,0.23616
"Oct 28, 08:00 am",1964.92,1.02334
"Oct 28, 09:00 am",2914.79,1.41696
"Oct 28, 10:00 am",22.7489,0.23616
"Oct 28, 11:00 am",51.5911,0.23616
"Oct 28, 12:00 pm",2916.48,1.41696
"Oct 28, 01:00 pm",2918.08,1.41696
"Oct 28, 02:00 pm",2917.46,1.41696
"Oct 28, 03:00 pm",22.5878,0.23616
"Oct 28, 04:00 pm",0,0.23616
"Oct 28, 05:00 pm",0,0.23616
"Oct 28, 06:00 pm",0,0.23616
"Oct 28, 07:00 pm",0,0.23616
"Oct 28, 08:00 pm",0,0.23616
"Oct 28, 09:00 pm",0,0.23616
"Oct 28, 10:00 pm",0,0.23616
"Oct 28, 11:00 pm",0,0.23616
"Oct 29, 12:00 am",0,0.23616
"Oct 29, 01:00 am",0,0.23616
"Oct 29, 02:00 am",0,0.23616
"Oct 29, 03:00 am",0,0.23616
"Oct 29, 04:00 am",0,0.23616
"Oct 29, 05:00 am",0,0.23616
"Oct 29, 06:00 am",0,0.23616
"Oct 29, 07:00 am",258.184,0.400607
"Oct 29, 08:00 am",2915.36,1.41696
"Oct 29, 09:00 am",2915.33,1.41696
"Oct 29, 10:00 am",2917.86,1.41696
"Oct 29, 11:00 am",2915.08,1.41696
"Oct 29, 12:00 pm",2914.84,1.41696
"Oct 29, 01:00 pm",2914.88,1.41696
"Oct 29, 02:00 pm",2914.88,1.41696
"Oct 29, 03:00 pm",2917.38,1.41696
"Oct 29, 04:00 pm",2915.14,1.41696
"Oct 29, 05:00 pm",2914.99,1.41696
"Oct 29, 06:00 pm",294.232,0.23616
"Oct 29, 07:00 pm",13.8822,0.23616
"Oct 29, 08:00 pm",0,0.23616
"Oct 29, 09:00 pm",0,0.23616
"Oct 29, 10:00 pm",0,0.23616
"Oct 29, 11:00 pm",0,0.23616
"Oct 30, 12:00 am",0,0.23616
"Oct 30, 01:00 am",0,0.23616
"Oct 30, 02:00 am",0,0.23616
"Oct 30, 03:00 am",0,0.23616
"Oct 30, 04:00 am",0,0.23616
"Oct 30, 05:00 am",0,0.23616
"Oct 30, 06:00 am",0,0.23616
"Oct 30, 07:00 am",539.035,0.497571
"Oct 30, 08:00 am",2915.32,1.41696
"Oct 30, 09:00 am",2915.26,1.41696
"Oct 30, 10:00 am",2917.51,1.41696
"Oct 30, 11:00 am",2915.02,1.41696
"Oct 30, 12:00 pm",2914.87,1.41696
"Oct 30, 01:00 pm",2914.9,1.41696
"Oct 30, 02:00 pm",2914.91,1.41696
"Oct 30, 03:00 pm",2917.04,1.41696
"Oct 30, 04:00 pm",2915.04,1.41696
"Oct 30, 05:00 pm",2916.58,1.41696
"Oct 30, 06:00 pm",325.297,0.23616
"Oct 30, 07:00 pm",14.2107,0.23616
"Oct 30, 08:00 pm",0,0.23616
"Oct 30, 09:00 pm",0,0.23616
"Oct 30, 10:00 pm",0,0.23616
"Oct 30, 11:00 pm",0,0.23616
"Oct 31, 12:00 am",0,0.23616
"Oct 31, 01:00 am",0,0.23616
"Oct 31, 02:00 am",0,0.23616
"Oct 31, 03:00 am",0,0.23616
"Oct 31, 04:00 am",0,0.23616
"Oct 31, 05:00 am",0,0.23616
"Oct 31, 06:00 am",0,0.23616
"Oct 31, 07:00 am",261.346,0.399015
"Oct 31, 08:00 am",2915.14,1.41696
"Oct 31, 09:00 am",2915.03,1.41696
"Oct 31, 10:00 am",2916.82,1.41696
"Oct 31, 11:00 am",2917.94,1.41696
"Oct 31, 12:00 pm",2915.17,1.41696
"Oct 31, 01:00 pm",2914.92,1.41696
"Oct 31, 02:00 pm",2917.89,1.41696
"Oct 31, 03:00 pm",2916.83,1.41696
"Oct 31, 04:00 pm",2914.96,1.41696
"Oct 31, 05:00 pm",2915.26,1.41696
"Oct 31, 06:00 pm",344.216,0.23616
"Oct 31, 07:00 pm",14.4989,0.23616
"Oct 31, 08:00 pm",0,0.23616
"Oct 31, 09:00 pm",0,0.23616
"Oct 31, 10:00 pm",0,0.23616
"Oct 31, 11:00 pm",0,0.23616
"Nov 1, 12:00 am",0,0.23616
"Nov 1, 01:00 am",0,0.23616
"Nov 1, 02:00 am",0,0.23616
"Nov 1, 03:00 am",0,0.23616
"Nov 1, 04:00 am",0,0.23616
"Nov 1, 05:00 am",0,0.23616
"Nov 1, 06:00 am",0,0.23616
"Nov 1, 07:00 am",530.113,0.491953
"Nov 1, 08:00 am",2914.84,1.41696
"Nov 1, 09:00 am",2915.1,1.41696
"Nov 1, 10:00 am",2916.93,1.41696
"Nov 1, 11:00 am",2918.13,1.41696
"Nov 1, 12:00 pm",2915.19,1.41696
"Nov 1, 01:00 pm",2914.9,1.41696
"Nov 1, 02:00 pm",2918.05,1.41696
"Nov 1, 03:00 pm",2916.99,1.41696
"Nov 1, 04:00 pm",2914.97,1.41696
"Nov 1, 05:00 pm",2916.12,1.41696
"Nov 1, 06:00 pm",372.497,0.23616
"Nov 1, 07:00 pm",14.7106,0.23616
"Nov 1, 08:00 pm",0,0.23616
"Nov 1, 09:00 pm",0,0.23616
"Nov 1, 10:00 pm",0,0.23616
"Nov 1, 11:00 pm",0,0.23616
"Nov 2, 12:00 am",0,0.23616
"Nov 2, 01:00 am",0,0.23616
"Nov 2, 02:00 am",0,0.23616
"Nov 2, 03:00 am",0,0.23616
"Nov 2, 04:00 am",0,0.23616
"Nov 2, 05:00 am",0,0.23616
"Nov 2, 06:00 am",0,0.23616
"Nov 2, 07:00 am",531.513,0.492614
"Nov 2, 08:00 am",2914.87,1.41696
"Nov 2, 09:00 am",2915.08,1.41696
"Nov 2, 10:00 am",2916.74,1.41696
"Nov 2, 11:00 am",2917.9,1.41696
"Nov 2, 12:00 pm",2915.14,1.41696
"Nov 2, 01:00 pm",2914.89,1.41696
"Nov 2, 02:00 pm",2917.64,1.41696
"Nov 2, 03:00 pm",2916.5,1.41696
"Nov 2, 04:00 pm",2912.01,1.41696
"Nov 2, 05:00 pm",2914.61,1.41696
"Nov 2, 06:00 pm",389.633,0.23616
"Nov 2, 07:00 pm",14.6235,0.23616
"Nov 2, 08:00 pm",0,0.23616
"Nov 2, 09:00 pm",0,0.23616
"Nov 2, 10:00 pm",0,0.23616
"Nov 2, 11:00 pm",0,0.23616
"Nov 3, 12:00 am",0,0.23616
"Nov 3, 01:00 am",0,0.23616
"Nov 3, 02:00 am",0,0.23616
"Nov 3, 03:00 am",0,0.23616
"Nov 3, 04:00 am",0,0.23616
"Nov 3, 05:00 am",0,0.23616
"Nov 3, 06:00 am",0,0.23616
"Nov 3, 07:00 am",0,0.23616
"Nov 3, 08:00 am",0,0.23616
"Nov 3, 09:00 am",0,0.23616
"Nov 3, 10:00 am",0,0.23616
"Nov 3, 11:00 am",0,0.23616
"Nov 3, 12:00 pm",0,0.23616
"Nov 3, 01:00 pm",0,0.23616
"Nov 3, 02:00 pm",0,0.23616
"Nov 3, 03:00 pm",0,0.23616
"Nov 3, 04:00 pm",0,0.23616
"Nov 3, 05:00 pm",0,0.23616
"Nov 3, 06:00 pm",0,0.23616
"Nov 3, 07:00 pm",0,0.23616
"Nov 3, 08:00 pm",0,0.23616
"Nov 3, 09:00 pm",0,0.23616
"Nov 3, 10:00 pm",0,0.23616
"Nov 3, 11:00 pm",0,0.23616
"Nov 4, 12:00 am",0,0.23616
"Nov 4, 01:00 am",0,0.23616
"Nov 4, 02:00 am",0,0.23616
"Nov 4, 03:00 am",0,0.23616
"Nov 4, 04:00 am",0,0.23616
"Nov 4, 05:00 am",0,0.23616
"Nov 4, 06:00 am",0,0.23616
"Nov 4, 07:00 am",0,0.23616
"Nov 4, 08:00 am",0,0.23616
"Nov 4, 09:00 am",0,0.23616
"Nov 4, 10:00 am",0,0.23616
"Nov 4, 11:00 am",2435.52,1.22015
"Nov 4, 12:00 pm",2914.8,1.41696
"Nov 4, 01:00 pm",2914.81,1.41696
"Nov 4, 02:00 pm",2918.06,1.41696
"Nov 4, 03:00 pm",2917.05,1.41696
"Nov 4, 04:00 pm",2914.95,1.41696
"Nov 4, 05:00 pm",2914.94,1.41696
"Nov 4, 06:00 pm",453.334,0.23616
"Nov 4, 07:00 pm",14.1986,0.23616
"Nov 4, 08:00 pm",0,0.23616
"Nov 4, 09:00 pm",0,0.23616
"Nov 4, 10:00 pm",0,0.23616
"Nov 4, 11:00 pm",0,0.23616
"Nov 5, 12:00 am",0,0.23616
"Nov 5, 01:00 am",0,0.23616
"Nov 5, 02:00 am",0,0.23616
"Nov 5, 03:00 am",0,0.23616
"Nov 5, 04:00 am",0,0.23616
"Nov 5, 05:00 am",0,0.23616
"Nov 5, 06:00 am",0,0.23616
"Nov 5, 07:00 am",836.31,0.524868
"Nov 5, 08:00 am",2915.49,1.41696
"Nov 5, 09:00 am",23.7925,0.23616
"Nov 5, 10:00 am",2510.75,1.41696
"Nov 5, 11:00 am",2914.87,1.41696
"Nov 5, 12:00 pm",2914.84,1.41696
"Nov 5, 01:00 pm",334.934,0.23616
"Nov 5, 02:00 pm",167.681,0.23616
"Nov 5, 03:00 pm",2915.4,1.41696
"Nov 5, 04:00 pm",2914.97,1.41696
"Nov 5, 05:00 pm",2914.96,1.41696
"Nov 5, 06:00 pm",16.8864,0.23616
"Nov 5, 07:00 pm",0,0.23616
"Nov 5, 08:00 pm",0,0.23616
"Nov 5, 09:00 pm",0,0.23616
"Nov 5, 10:00 pm",0,0.23616
"Nov 5, 11:00 pm",0,0.23616
"Nov 6, 12:00 am",0,0.23616
"Nov 6, 01:00 am",0,0.23616
"Nov 6, 02:00 am",0,0.23616
"Nov 6, 03:00 am",0,0.23616
"Nov 6, 04:00 am",0,0.23616
"Nov 6, 05:00 am",0,0.23616
"Nov 6, 06:00 am",0,0.23616
"Nov 6, 07:00 am",825.36,0.519521
"Nov 6, 08:00 am",2915.5,1.41696
"Nov 6, 09:00 am",2915.13,1.41696
"Nov 6, 10:00 am",2917.22,1.41696
"Nov 6, 11:00 am",2914.95,1.41696
"Nov 6, 12:00 pm",2914.87,1.41696
"Nov 6, 01:00 pm",2914.9,1.41696
"Nov 6, 02:00 pm",2914.91,1.41696
"Nov 6, 03:00 pm",2917.16,1.41696
"Nov 6, 04:00 pm",2915.15,1.41696
"Nov 6, 05:00 pm",2915.07,1.41696
"Nov 6, 06:00 pm",528.536,0.257637
"Nov 6, 07:00 pm",14.8176,0.23616
"Nov 6, 08:00 pm",0,0.23616
"Nov 6, 09:00 pm",0,0.23616
"Nov 6, 10:00 pm",0,0.23616
"Nov 6, 11:00 pm",0,0.23616
"Nov 7, 12:00 am",0,0.23616
"Nov 7, 01:00 am",0,0.23616
"Nov 7, 02:00 am",0,0.23616
"Nov 7, 03:00 am",0,0.23616
"Nov 7, 04:00 am",0,0.23616
"Nov 7, 05:00 am",0,0.23616
"Nov 7, 06:00 am",0,0.23616
"Nov 7, 07:00 am",0,0.23616
"Nov 7, 08:00 am",0,0.23616
"Nov 7, 09:00 am",0,0.23616
"Nov 7, 10:00 am",0,0.23616
"Nov 7, 11:00 am",0,0.23616
"Nov 7, 12:00 pm",0,0.23616
"Nov 7, 01:00 pm",0,0.23616
"Nov 7, 02:00 pm",0,0.23616
"Nov 7, 03:00 pm",0,0.23616
"Nov 7, 04:00 pm",0,0.23616
"Nov 7, 05:00 pm",0,0.23616
"Nov 7, 06:00 pm",0,0.23616
"Nov 7, 07:00 pm",0,0.23616
"Nov 7, 08:00 pm",0,0.23616
"Nov 7, 09:00 pm",0,0.23616
"Nov 7, 10:00 pm",0,0.23616
"Nov 7, 11:00 pm",0,0.23616
"Nov 8, 12:00 am",0,0.23616
"Nov 8, 01:00 am",0,0.23616
"Nov 8, 02:00 am",0,0.23616
"Nov 8, 03:00 am",0,0.23616
"Nov 8, 04:00 am",0,0.23616
"Nov 8, 05:00 am",0,0.23616
"Nov 8, 06:00 am",0,0.23616
"Nov 8, 07:00 am",0,0.23616
"Nov 8, 08:00 am",0,0.23616
"Nov 8, 09:00 am",0,0.23616
"Nov 8, 10:00 am",0,0.23616
"Nov 8, 11:00 am",0,0.23616
"Nov 8, 12:00 pm",0,0.23616
"Nov 8, 01:00 pm",0,0.23616
"Nov 8, 02:00 pm",0,0.23616
"Nov 8, 03:00 pm",0,0.23616
"Nov 8, 04:00 pm",2445.08,1.41696
"Nov 8, 05:00 pm",2915.33,1.41696
"Nov 8, 06:00 pm",583.719,0.284435
"Nov 8, 07:00 pm",13.9135,0.23616
"Nov 8, 08:00 pm",0,0.23616
"Nov 8, 09:00 pm",0,0.23616
"Nov 8, 10:00 pm",0,0.23616
"Nov 8, 11:00 pm",0,0.23616
"Nov 9, 12:00 am",0,0.23616
"Nov 9, 01:00 am",0,0.23616
"Nov 9, 02:00 am",0,0.23616
"Nov 9, 03:00 am",0,0.23616
"Nov 9, 04:00 am",0,0.23616
"Nov 9, 05:00 am",0,0.23616
"Nov 9, 06:00 am",0,0.23616
"Nov 9, 07:00 am",940.729,0.572626
"Nov 9, 08:00 am",2916.18,1.41696
"Nov 9, 09:00 am",2915.52,1.41696
"Nov 9, 10:00 am",2914.73,1.41696
"Nov 9, 11:00 am",2914.76,1.41696
"Nov 9, 12:00 pm",2914.85,1.41696
"Nov 9, 01:00 pm",2914.87,1.41696
"Nov 9, 02:00 pm",2914.88,1.41696
"Nov 9, 03:00 pm",2918.1,1.41696
"Nov 9, 04:00 pm",2915.66,1.41696
"Nov 9, 05:00 pm",2915.81,1.41696
"Nov 9, 06:00 pm",655.61,0.319257
"Nov 9, 07:00 pm",14.6333,0.23616
"Nov 9, 08:00 pm",0,0.23616
"Nov 9, 09:00 pm",0,0.23616
"Nov 9, 10:00 pm",0,0.23616
"Nov 9, 11:00 pm",0,0.23616
"Nov 10, 12:00 am",0,0.23616
"Nov 10, 01:00 am",0,0.23616
"Nov 10, 02:00 am",0,0.23616
"Nov 10, 03:00 am",0,0.23616
"Nov 10, 04:00 am",0,0.23616
"Nov 10, 05:00 am",0,0.23616
"Nov 10, 06:00 am",0,0.23616
"Nov 10, 07:00 am",1010.76,0.605119
"Nov 10, 08:00 am",2916.38,1.41696
"Nov 10, 09:00 am",2915.81,1.41696
"Nov 10, 10:00 am",2914.79,1.41696
"Nov 10, 11:00 am",2914.82,1.41696
"Nov 10, 12:00 pm",2914.91,1.41696
"Nov 10, 01:00 pm",2914.92,1.41696
"Nov 10, 02:00 pm",2914.92,1.41696
"Nov 10, 03:00 pm",2917.54,1.41696
"Nov 10, 04:00 pm",2915.36,1.41696
"Nov 10, 05:00 pm",2915.51,1.41696
"Nov 10, 06:00 pm",677.916,0.330086
"Nov 10, 07:00 pm",14.7482,0.23616
"Nov 10, 08:00 pm",0,0.23616
"Nov 10, 09:00 pm",0,0.23616
"Nov 10, 10:00 pm",0,0.23616
"Nov 10, 11:00 pm",0,0.23616
"Nov 11, 12:00 am",0,0.23616
"Nov 11, 01:00 am",0,0.23616
"Nov 11, 02:00 am",0,0.23616
"Nov 11, 03:00 am",0,0.23616
"Nov 11, 04:00 am",0,0.23616
"Nov 11, 05:00 am",0,0.23616
"Nov 11, 06:00 am",0,0.23616
"Nov 11, 07:00 am",943.138,0.573106
"Nov 11, 08:00 am",2916.11,1.41696
"Nov 11, 09:00 am",2915.27,1.41696
"Nov 11, 10:00 am",2917.68,1.41696
"Nov 11, 11:00 am",2915.07,1.41696
"Nov 11, 12:00 pm",2914.86,1.41696
"Nov 11, 01:00 pm",2914.87,1.41696
"Nov 11, 02:00 pm",2914.87,1.41696
"Nov 11, 03:00 pm",2917.17,1.41696
"Nov 11, 04:00 pm",2915.19,1.41696
"Nov 11, 05:00 pm",2915.48,1.41696
"Nov 11, 06:00 pm",699.186,0.340426
"Nov 11, 07:00 pm",14.8597,0.23616
"Nov 11, 08:00 pm",0,0.23616
"Nov 11, 09:00 pm",0,0.23616
"Nov 11, 10:00 pm",0,0.23616
"Nov 11, 11:00 pm",0,0.23616
"Nov 12, 12:00 am",0,0.23616
"Nov 12, 01:00 am",0,0.23616
"Nov 12, 02:00 am",0,0.23616
"Nov 12, 03:00 am",0,0.23616
"Nov 12, 04:00 am",0,0.23616
"Nov 12, 05:00 am",0,0.23616
"Nov 12, 06:00 am",0,0.23616
"Nov 12, 07:00 am",977,0.589039
"Nov 12, 08:00 am",2916.01,1.41696
"Nov 12, 09:00 am",2915.35,1.41696
"Nov 12, 10:00 am",2917.88,1.41696
"Nov 12, 11:00 am",2915.11,1.41696
"Nov 12, 12:00 pm",2914.86,1.41696
"Nov 12, 01:00 pm",2914.87,1.41696
"Nov 12, 02:00 pm",2914.87,1.41696
"Nov 12, 03:00 pm",2917.38,1.41696
"Nov 12, 04:00 pm",2915.31,1.41696
"Nov 12, 05:00 pm",2915.66,1.41696
"Nov 12, 06:00 pm",739.073,0.359855
"Nov 12, 07:00 pm",14.7488,0.23616
"Nov 12, 08:00 pm",0,0.23616
"Nov 12, 09:00 pm",0,0.23616
"Nov 12, 10:00 pm",0,0.23616
"Nov 12, 11:00 pm",0,0.23616
"Nov 13, 12:00 am",0,0.23616
"Nov 13, 01:00 am",0,0.23616
"Nov 13, 02:00 am",0,0.23616
"Nov 13, 03:00 am",0,0.23616
"Nov 13, 04:00 am",0,0.23616
"Nov 13, 05:00 am",0,0.23616
"Nov 13, 06:00 am",0,0.23616
"Nov 13, 07:00 am",1009.94,0.604433
"Nov 13, 08:00 am",2916.25,1.41696
"Nov 13, 09:00 am",2915.45,1.41696
"Nov 13, 10:00 am",2914.8,1.41696
"Nov 13, 11:00 am",2914.83,1.41696
"Nov 13, 12:00 pm",2914.91,1.41696
"Nov 13, 01:00 pm",2914.91,1.41696
"Nov 13, 02:00 pm",2914.92,1.41696
"Nov 13, 03:00 pm",2917.67,1.41696
"Nov 13, 04:00 pm",2915.45,1.41696
"Nov 13, 05:00 pm",2915.81,1.41696
"Nov 13, 06:00 pm",781.441,0.380373
"Nov 13, 07:00 pm",14.7811,0.23616
"Nov 13, 08:00 pm",0,0.23616
"Nov 13, 09:00 pm",0,0.23616
"Nov 13, 10:00 pm",0,0.23616
"Nov 13, 11:00 pm",0,0.23616
"Nov 14, 12:00 am",0,0.23616
"Nov 14, 01:00 am",0,0.23616
"Nov 14, 02:00 am",0,0.23616
"Nov 14, 03:00 am",0,0.23616
"Nov 14, 04:00 am",0,0.23616
"Nov 14, 05:00 am",0,0.23616
"Nov 14, 06:00 am",0,0.23616
"Nov 14, 07:00 am",1009.9,0.604389
"Nov 14, 08:00 am",2916.25,1.41696
"Nov 14, 09:00 am",2915.41,1.41696
"Nov 14, 10:00 am",2918.18,1.41696
"Nov 14, 11:00 am",2915.19,1.41696
"Nov 14, 12:00 pm",2914.86,1.41696
"Nov 14, 01:00 pm",2914.87,1.41696
"Nov 14, 02:00 pm",2914.88,1.41696
"Nov 14, 03:00 pm",2917.8,1.41696
"Nov 14, 04:00 pm",2915.53,1.41696
"Nov 14, 05:00 pm",2915.96,1.41696
"Nov 14, 06:00 pm",826.569,0.402224
"Nov 14, 07:00 pm",14.8653,0.23616
"Nov 14, 08:00 pm",0,0.23616
"Nov 14, 09:00 pm",0,0.23616
"Nov 14, 10:00 pm",0,0.23616
"Nov 14, 11:00 pm",0,0.23616
"Nov 15, 12:00 am",0,0.23616
"Nov 15, 01:00 am",0,0.23616
"Nov 15, 02:00 am",0,0.23616
"Nov 15, 03:00 am",0,0.23616
"Nov 15, 04:00 am",0,0.23616
"Nov 15, 05:00 am",0,0.23616
"Nov 15, 06:00 am",0,0.23616
"Nov 15, 07:00 am",1044.81,0.620751
"Nov 15, 08:00 am",2916.49,1.41696
"Nov 15, 09:00 am",2915.56,1.41696
"Nov 15, 10:00 am",2914.8,1.41696
"Nov 15, 11:00 am",2914.83,1.41696
"Nov 15, 12:00 pm",2914.92,1.41696
"Nov 15, 01:00 pm",2914.93,1.41696
"Nov 15, 02:00 pm",2914.93,1.41696
"Nov 15, 03:00 pm",2917.91,1.41696
"Nov 15, 04:00 pm",2915.56,1.41696
"Nov 15, 05:00 pm",19.9548,0.23616
"Nov 15, 06:00 pm",0,0.23616
"Nov 15, 07:00 pm",0,0.23616
"Nov 15, 08:00 pm",0,0.23616
"Nov 15, 09:00 pm",0,0.23616
"Nov 15, 10:00 pm",0,0.23616
"Nov 15, 11:00 pm",0,0.23616
"Nov 16, 12:00 am",0,0.23616
"Nov 16, 01:00 am",0,0.23616
"Nov 16, 02:00 am",0,0.23616
"Nov 16, 03:00 am",0,0.23616
"Nov 16, 04:00 am",0,0.23616
"Nov 16, 05:00 am",0,0.23616
"Nov 16, 06:00 am",0,0.23616
"Nov 16, 07:00 am",1001.23,0.60064
"Nov 16, 08:00 am",2916.54,1.41696
"Nov 16, 09:00 am",2915.36,1.41696
"Nov 16, 10:00 am",2918.06,1.41696
"Nov 16, 11:00 am",2915.16,1.41696
"Nov 16, 12:00 pm",2914.87,1.41696
"Nov 16, 01:00 pm",2914.88,1.41696
"Nov 16, 02:00 pm",2914.88,1.41696
"Nov 16, 03:00 pm",2917.6,1.41696
"Nov 16, 04:00 pm",2915.4,1.41696
"Nov 16, 05:00 pm",2915.93,1.41696
"Nov 16, 06:00 pm",892.757,0.434266
"Nov 16, 07:00 pm",15.0822,0.23616
"Nov 16, 08:00 pm",0,0.23616
"Nov 16, 09:00 pm",0,0.23616
"Nov 16, 10:00 pm",0,0.23616
"Nov 16, 11:00 pm",0,0.23616
"Nov 17, 12:00 am",0,0.23616
"Nov 17, 01:00 am",0,0.23616
"Nov 17, 02:00 am",0,0.23616
"Nov 17, 03:00 am",0,0.23616
"Nov 17, 04:00 am",0,0.23616
"Nov 17, 05:00 am",0,0.23616
"Nov 17, 06:00 am",0,0.23616
"Nov 17, 07:00 am",1023.92,0.610827
"Nov 17, 08:00 am",2916.23,1.41696
"Nov 17, 09:00 am",2915.26,1.41696
"Nov 17, 10:00 am",2917.79,1.41696
"Nov 17, 11:00 am",2915.08,1.41696
"Nov 17, 12:00 pm",2914.85,1.41696
"Nov 17, 01:00 pm",279.739,0.23616
"Nov 17, 02:00 pm",211.083,0.23616
"Nov 17, 03:00 pm",31.1233,0.23616
"Nov 17, 04:00 pm",19.6144,0.23616
"Nov 17, 05:00 pm",0,0.23616
"Nov 17, 06:00 pm",0,0.23616
"Nov 17, 07:00 pm",0,0.23616
"Nov 17, 08:00 pm",0,0.23616
"Nov 17, 09:00 pm",0,0.23616
"Nov 17, 10:00 pm",0,0.23616
"Nov 17, 11:00 pm",0,0.23616
"Nov 18, 12:00 am",0,0.23616
"Nov 18, 01:00 am",0,0.23616
"Nov 18, 02:00 am",0,0.23616
"Nov 18, 03:00 am",0,0.23616
"Nov 18, 04:00 am",0,0.23616
"Nov 18, 05:00 am",0,0.23616
"Nov 18, 06:00 am",0,0.23616
"Nov 18, 07:00 am",968.069,0.585726
"Nov 18, 08:00 am",2916.12,1.41696
"Nov 18, 09:00 am",2915.23,1.41696
"Nov 18, 10:00 am",2917.64,1.41696
"Nov 18, 11:00 am",2915.04,1.41696
"Nov 18, 12:00 pm",2914.83,1.41696
"Nov 18, 01:00 pm",2914.83,1.41696
"Nov 18, 02:00 pm",2914.83,1.41696
"Nov 18, 03:00 pm",2917.3,1.41696
"Nov 18, 04:00 pm",2915.27,1.41696
"Nov 18, 05:00 pm",2915.94,1.41696
"Nov 18, 06:00 pm",955.714,0.464837
"Nov 18, 07:00 pm",14.828,0.23616
"Nov 18, 08:00 pm",0,0.23616
"Nov 18, 09:00 pm",0,0.23616
"Nov 18, 10:00 pm",0,0.23616
"Nov 18, 11:00 pm",0,0.23616
"Nov 19, 12:00 am",0,0.23616
"Nov 19, 01:00 am",0,0.23616
"Nov 19, 02:00 am",0,0.23616
"Nov 19, 03:00 am",0,0.23616
"Nov 19, 04:00 am",0,0.23616
"Nov 19, 05:00 am",0,0.23616
"Nov 19, 06:00 am",0,0.23616
"Nov 19, 07:00 am",1263.74,0.693615
"Nov 19, 08:00 am",2915.99,1.41696
"Nov 19, 09:00 am",2915.2,1.41696
"Nov 19, 10:00 am",56.0512,0.23616
"Nov 19, 11:00 am",24.0099,0.23616
"Nov 19, 12:00 pm",93.6069,0.23616
"Nov 19, 01:00 pm",71.4015,0.23616
"Nov 19, 02:00 pm",20.1704,0.23616
"Nov 19, 03:00 pm",0,0.23616
"Nov 19, 04:00 pm",0,0.23616
"Nov 19, 05:00 pm",0,0.23616
"Nov 19, 06:00 pm",0,0.23616
"Nov 19, 07:00 pm",0,0.23616
"Nov 19, 08:00 pm",0,0.23616
"Nov 19, 09:00 pm",0,0.23616
"Nov 19, 10:00 pm",0,0.23616
"Nov 19, 11:00 pm",0,0.23616
"Nov 20, 12:00 am",0,0.23616
"Nov 20, 01:00 am",0,0.23616
"Nov 20, 02:00 am",0,0.23616
"Nov 20, 03:00 am",0,0.23616
"Nov 20, 04:00 am",0,0.23616
"Nov 20, 05:00 am",0,0.23616
"Nov 20, 06:00 am",0,0.23616
"Nov 20, 07:00 am",0,0.23616
"Nov 20, 08:00 am",0,0.23616
"Nov 20, 09:00 am",2012.2,1.02334
"Nov 20, 10:00 am",2917.67,1.41696
"Nov 20, 11:00 am",2914.97,1.41696
"Nov 20, 12:00 pm",2914.82,1.41696
"Nov 20, 01:00 pm",2914.82,1.41696
"Nov 20, 02:00 pm",2914.83,1.41696
"Nov 20, 03:00 pm",2917.29,1.41696
"Nov 20, 04:00 pm",2915.24,1.41696
"Nov 20, 05:00 pm",2916.06,1.41696
"Nov 20, 06:00 pm",1038.57,0.505009
"Nov 20, 07:00 pm",14.9099,0.23616
"Nov 20, 08:00 pm",0,0.23616
"Nov 20, 09:00 pm",0,0.23616
"Nov 20, 10:00 pm",0,0.23616
"Nov 20, 11:00 pm",0,0.23616
"Nov 21, 12:00 am",0,0.23616
"Nov 21, 01:00 am",0,0.23616
"Nov 21, 02:00 am",0,0.23616
"Nov 21, 03:00 am",0,0.23616
"Nov 21, 04:00 am",0,0.23616
"Nov 21, 05:00 am",0,0.23616
"Nov 21, 06:00 am",0,0.23616
"Nov 21, 07:00 am",1269.15,0.891672
"Nov 21, 08:00 am",2916.52,1.41696
"Nov 21, 09:00 am",2915.28,1.41696
"Nov 21, 10:00 am",2917.83,1.41696
"Nov 21, 11:00 am",2915.08,1.41696
"Nov 21, 12:00 pm",2914.83,1.41696
"Nov 21, 01:00 pm",2914.84,1.41696
"Nov 21, 02:00 pm",2914.84,1.41696
"Nov 21, 03:00 pm",2917.54,1.41696
"Nov 21, 04:00 pm",21.3814,0.23616
"Nov 21, 05:00 pm",0,0.23616
"Nov 21, 06:00 pm",768.628,0.503515
"Nov 21, 07:00 pm",14.5945,0.23616
"Nov 21, 08:00 pm",0,0.23616
"Nov 21, 09:00 pm",0,0.23616
"Nov 21, 10:00 pm",0,0.23616
"Nov 21, 11:00 pm",0,0.23616
"Nov 22, 12:00 am",0,0.23616
"Nov 22, 01:00 am",0,0.23616
"Nov 22, 02:00 am",0,0.23616
"Nov 22, 03:00 am",0,0.23616
"Nov 22, 04:00 am",0,0.23616
"Nov 22, 05:00 am",0,0.23616
"Nov 22, 06:00 am",0,0.23616
"Nov 22, 07:00 am",1261,0.885731
"Nov 22, 08:00 am",2916.46,1.41696
"Nov 22, 09:00 am",2915.22,1.41696
"Nov 22, 10:00 am",2917.73,1.41696
"Nov 22, 11:00 am",2915.07,1.41696
"Nov 22, 12:00 pm",2914.85,1.41696
"Nov 22, 01:00 pm",2914.86,1.41696
"Nov 22, 02:00 pm",2914.87,1.41696
"Nov 22, 03:00 pm",2917.63,1.41696
"Nov 22, 04:00 pm",2915.45,1.41696
"Nov 22, 05:00 pm",2916.34,1.41696
"Nov 22, 06:00 pm",1129.88,0.549278
"Nov 22, 07:00 pm",15.2852,0.23616
"Nov 22, 08:00 pm",0,0.23616
"Nov 22, 09:00 pm",0,0.23616
"Nov 22, 10:00 pm",0,0.23616
"Nov 22, 11:00 pm",0,0.23616
"Nov 23, 12:00 am",0,0.23616
"Nov 23, 01:00 am",0,0.23616
"Nov 23, 02:00 am",0,0.23616
"Nov 23, 03:00 am",0,0.23616
"Nov 23, 04:00 am",0,0.23616
"Nov 23, 05:00 am",0,0.23616
"Nov 23, 06:00 am",0,0.23616
"Nov 23, 07:00 am",1267.06,0.889351
"Nov 23, 08:00 am",2916.51,1.41696
"Nov 23, 09:00 am",2915.27,1.41696
"Nov 23, 10:00 am",2917.84,1.41696
"Nov 23, 11:00 am",2915.11,1.41696
"Nov 23, 12:00 pm",2914.87,1.41696
"Nov 23, 01:00 pm",2914.88,1.41696
"Nov 23, 02:00 pm",2914.89,1.41696
"Nov 23, 03:00 pm",2917.83,1.41696
"Nov 23, 04:00 pm",2915.57,1.41696
"Nov 23, 05:00 pm",2916.51,1.41696
"Nov 23, 06:00 pm",1184.32,0.575715
"Nov 23, 07:00 pm",15.3354,0.23616
"Nov 23, 08:00 pm",0,0.23616
"Nov 23, 09:00 pm",0,0.23616
"Nov 23, 10:00 pm",0,0.23616
"Nov 23, 11:00 pm",0,0.23616
"Nov 24, 12:00 am",0,0.23616
"Nov 24, 01:00 am",0,0.23616
"Nov 24, 02:00 am",0,0.23616
"Nov 24, 03:00 am",0,0.23616
"Nov 24, 04:00 am",0,0.23616
"Nov 24, 05:00 am",0,0.23616
"Nov 24, 06:00 am",0,0.23616
"Nov 24, 07:00 am",1284.33,0.900208
"Nov 24, 08:00 am",2916.49,1.41696
"Nov 24, 09:00 am",2915.29,1.41696
"Nov 24, 10:00 am",2917.89,1.41696
"Nov 24, 11:00 am",2915.12,1.41696
"Nov 24, 12:00 pm",2914.88,1.41696
"Nov 24, 01:00 pm",2914.88,1.41696
"Nov 24, 02:00 pm",2914.89,1.41696
"Nov 24, 03:00 pm",2917.91,1.41696
"Nov 24, 04:00 pm",2915.62,1.41696
"Nov 24, 05:00 pm",2916.63,1.41696
"Nov 24, 06:00 pm",1235.46,0.600571
"Nov 24, 07:00 pm",15.3492,0.23616
"Nov 24, 08:00 pm",0,0.23616
"Nov 24, 09:00 pm",0,0.23616
"Nov 24, 10:00 pm",0,0.23616
"Nov 24, 11:00 pm",0,0.23616
"Nov 25, 12:00 am",0,0.23616
"Nov 25, 01:00 am",0,0.23616
"Nov 25, 02:00 am",0,0.23616
"Nov 25, 03:00 am",0,0.23616
"Nov 25, 04:00 am",0,0.23616
"Nov 25, 05:00 am",0,0.23616
"Nov 25, 06:00 am",0,0.23616
"Nov 25, 07:00 am",1323.62,0.925505
"Nov 25, 08:00 am",2916.66,1.41696
"Nov 25, 09:00 am",2915.5,1.41696
"Nov 25, 10:00 am",2914.81,1.41696
"Nov 25, 11:00 am",2914.84,1.41696
"Nov 25, 12:00 pm",2914.92,1.41696
"Nov 25, 01:00 pm",2914.93,1.41696
"Nov 25, 02:00 pm",2914.93,1.41696
"Nov 25, 03:00 pm",2918.23,1.41696
"Nov 25, 04:00 pm",2915.76,1.41696
"Nov 25, 05:00 pm",2916.72,1.41696
"Nov 25, 06:00 pm",1283.25,0.62381
"Nov 25, 07:00 pm",15.2245,0.23616
"Nov 25, 08:00 pm",0,0.23616
"Nov 25, 09:00 pm",0,0.23616
"Nov 25, 10:00 pm",0,0.23616
"Nov 25, 11:00 pm",0,0.23616
"Nov 26, 12:00 am",0,0.23616
"Nov 26, 01:00 am",0,0.23616
"Nov 26, 02:00 am",0,0.23616
"Nov 26, 03:00 am",0,0.23616
"Nov 26, 04:00 am",0,0.23616
"Nov 26, 05:00 am",0,0.23616
"Nov 26, 06:00 am",0,0.23616
"Nov 26, 07:00 am",1325.75,0.926872
"Nov 26, 08:00 am",2916.64,1.41696
"Nov 26, 09:00 am",2915.51,1.41696
"Nov 26, 10:00 am",2914.81,1.41696
"Nov 26, 11:00 am",2914.83,1.41696
"Nov 26, 12:00 pm",2914.92,1.41696
"Nov 26, 01:00 pm",2914.93,1.41696
"Nov 26, 02:00 pm",2914.93,1.41696
"Nov 26, 03:00 pm",2914.93,1.41696
"Nov 26, 04:00 pm",2915.43,1.41696
"Nov 26, 05:00 pm",2916.81,1.41696
"Nov 26, 06:00 pm",1330.15,0.646618
"Nov 26, 07:00 pm",15.2234,0.23616
"Nov 26, 08:00 pm",0,0.23616
"Nov 26, 09:00 pm",0,0.23616
"Nov 26, 10:00 pm",0,0.23616
"Nov 26, 11:00 pm",0,0.23616
"Nov 27, 12:00 am",0,0.23616
"Nov 27, 01:00 am",0,0.23616
"Nov 27, 02:00 am",0,0.23616
"Nov 27, 03:00 am",0,0.23616
"Nov 27, 04:00 am",0,0.23616
"Nov 27, 05:00 am",0,0.23616
"Nov 27, 06:00 am",0,0.23616
"Nov 27, 07:00 am",1322.67,0.924942
"Nov 27, 08:00 am",2916.6,1.41696
"Nov 27, 09:00 am",2915.4,1.41696
"Nov 27, 10:00 am",2914.79,1.41696
"Nov 27, 11:00 am",2914.81,1.41696
"Nov 27, 12:00 pm",2914.9,1.41696
"Nov 27, 01:00 pm",2914.91,1.41696
"Nov 27, 02:00 pm",2914.91,1.41696
"Nov 27, 03:00 pm",2914.9,1.41696
"Nov 27, 04:00 pm",2915.41,1.41696
"Nov 27, 05:00 pm",2916.81,1.41696
"Nov 27, 06:00 pm",1378.7,0.670239
"Nov 27, 07:00 pm",14.9883,0.23616
"Nov 27, 08:00 pm",0,0.23616
"Nov 27, 09:00 pm",0,0.23616
"Nov 27, 10:00 pm",0,0.23616
"Nov 27, 11:00 pm",0,0.23616
"Nov 28, 12:00 am",0,0.23616
"Nov 28, 01:00 am",0,0.23616
"Nov 28, 02:00 am",0,0.23616
"Nov 28, 03:00 am",0,0.23616
"Nov 28, 04:00 am",0,0.23616
"Nov 28, 05:00 am",0,0.23616
"Nov 28, 06:00 am",0,0.23616
"Nov 28, 07:00 am",1343.38,0.938655
"Nov 28, 08:00 am",2916.65,1.41696
"Nov 28, 09:00 am",2915.55,1.41696
"Nov 28, 10:00 am",2914.77,1.41696
"Nov 28, 11:00 am",2914.84,1.41696
"Nov 28, 12:00 pm",2914.86,1.41696
"Nov 28, 01:00 pm",2914.87,1.41696
"Nov 28, 02:00 pm",2914.88,1.41696
"Nov 28, 03:00 pm",2914.88,1.41696
"Nov 28, 04:00 pm",2915.47,1.41696
"Nov 28, 05:00 pm",2916.89,1.41696
"Nov 28, 06:00 pm",1430.01,0.695181
"Nov 28, 07:00 pm",15.0388,0.23616
"Nov 28, 08:00 pm",0,0.23616
"Nov 28, 09:00 pm",0,0.23616
"Nov 28, 10:00 pm",0,0.23616
"Nov 28, 11:00 pm",0,0.23616
"Nov 29, 12:00 am",0,0.23616
"Nov 29, 01:00 am",0,0.23616
"Nov 29, 02:00 am",0,0.23616
"Nov 29, 03:00 am",0,0.23616
"Nov 29, 04:00 am",0,0.23616
"Nov 29, 05:00 am",0,0.23616
"Nov 29, 06:00 am",0,0.23616
"Nov 29, 07:00 am",1359.66,0.949272
"Nov 29, 08:00 am",2916.68,1.41696
"Nov 29, 09:00 am",2915.75,1.41696
"Nov 29, 10:00 am",2914.8,1.41696
"Nov 29, 11:00 am",2914.83,1.41696
"Nov 29, 12:00 pm",2914.93,1.41696
"Nov 29, 01:00 pm",2914.94,1.41696
"Nov 29, 02:00 pm",2914.94,1.41696
"Nov 29, 03:00 pm",33.7732,0.23616
"Nov 29, 04:00 pm",19.6069,0.23616
"Nov 29, 05:00 pm",0,0.23616
"Nov 29, 06:00 pm",0,0.23616
"Nov 29, 07:00 pm",0,0.23616
"Nov 29, 08:00 pm",0,0.23616
"Nov 29, 09:00 pm",0,0.23616
"Nov 29, 10:00 pm",0,0.23616
"Nov 29, 11:00 pm",0,0.23616
"Nov 30, 12:00 am",0,0.23616
"Nov 30, 01:00 am",0,0.23616
"Nov 30, 02:00 am",0,0.23616
"Nov 30, 03:00 am",0,0.23616
"Nov 30, 04:00 am",0,0.23616
"Nov 30, 05:00 am",0,0.23616
"Nov 30, 06:00 am",0,0.23616
"Nov 30, 07:00 am",1333.6,0.934166
"Nov 30, 08:00 am",2916.68,1.41696
"Nov 30, 09:00 am",2915.63,1.41696
"Nov 30, 10:00 am",2914.8,1.41696
"Nov 30, 11:00 am",2914.83,1.41696
"Nov 30, 12:00 pm",2914.94,1.41696
"Nov 30, 01:00 pm",2914.94,1.41696
"Nov 30, 02:00 pm",106.96,0.23616
"Nov 30, 03:00 pm",42.6718,0.23616
"Nov 30, 04:00 pm",24.5136,0.23616
"Nov 30, 05:00 pm",13.8092,0.23616
"Nov 30, 06:00 pm",0,0.23616
"Nov 30, 07:00 pm",0,0.23616
"Nov 30, 08:00 pm",0,0.23616
"Nov 30, 09:00 pm",0,0.23616
"Nov 30, 10:00 pm",0,0.23616
"Nov 30, 11:00 pm",0,0.23616
"Dec 1, 12:00 am",0,0.23616
"Dec 1, 01:00 am",0,0.23616
"Dec 1, 02:00 am",0,0.23616
"Dec 1, 03:00 am",0,0.23616
"Dec 1, 04:00 am",0,0.23616
"Dec 1, 05:00 am",0,0.23616
"Dec 1, 06:00 am",0,0.23616
"Dec 1, 07:00 am",0,0.23616
"Dec 1, 08:00 am",0,0.23616
"Dec 1, 09:00 am",0,0.23616
"Dec 1, 10:00 am",0,0.23616
"Dec 1, 11:00 am",0,0.23616
"Dec 1, 12:00 pm",0,0.23616
"Dec 1, 01:00 pm",414.975,0.23616
"Dec 1, 02:00 pm",2913.95,1.41696
"Dec 1, 03:00 pm",23.7012,0.23616
"Dec 1, 04:00 pm",0,0.23616
"Dec 1, 05:00 pm",0,0.23616
"Dec 1, 06:00 pm",0,0.23616
"Dec 1, 07:00 pm",0,0.23616
"Dec 1, 08:00 pm",0,0.23616
"Dec 1, 09:00 pm",0,0.23616
"Dec 1, 10:00 pm",0,0.23616
"Dec 1, 11:00 pm",0,0.23616
"Dec 2, 12:00 am",0,0.23616
"Dec 2, 01:00 am",0,0.23616
"Dec 2, 02:00 am",0,0.23616
"Dec 2, 03:00 am",0,0.23616
"Dec 2, 04:00 am",0,0.23616
"Dec 2, 05:00 am",0,0.23616
"Dec 2, 06:00 am",0,0.23616
"Dec 2, 07:00 am",1370.25,0.956959
"Dec 2, 08:00 am",2916.75,1.41696
"Dec 2, 09:00 am",2916.1,1.41696
"Dec 2, 10:00 am",2914.93,1.41696
"Dec 2, 11:00 am",2915.01,1.41696
"Dec 2, 12:00 pm",2915.05,1.41696
"Dec 2, 01:00 pm",2915.12,1.41696
"Dec 2, 02:00 pm",2915.11,1.41696
"Dec 2, 03:00 pm",2915.1,1.41696
"Dec 2, 04:00 pm",2916.42,1.41696
"Dec 2, 05:00 pm",2917.25,1.41696
"Dec 2, 06:00 pm",1676.32,0.814948
"Dec 2, 07:00 pm",15.5353,0.23616
"Dec 2, 08:00 pm",0,0.23616
"Dec 2, 09:00 pm",0,0.23616
"Dec 2, 10:00 pm",0,0.23616
"Dec 2, 11:00 pm",0,0.23616
"Dec 3, 12:00 am",0,0.23616
"Dec 3, 01:00 am",0,0.23616
"Dec 3, 02:00 am",0,0.23616
"Dec 3, 03:00 am",0,0.23616
"Dec 3, 04:00 am",0,0.23616
"Dec 3, 05:00 am",0,0.23616
"Dec 3, 06:00 am",0,0.23616
"Dec 3, 07:00 am",1399.23,0.974545
"Dec 3, 08:00 am",2916.76,1.41696
"Dec 3, 09:00 am",2916.27,1.41696
"Dec 3, 10:00 am",2914.98,1.41696
"Dec 3, 11:00 am",2915.05,1.41696
"Dec 3, 12:00 pm",2915.08,1.41696
"Dec 3, 01:00 pm",2915.16,1.41696
"Dec 3, 02:00 pm",2915.14,1.41696
"Dec 3, 03:00 pm",2915.13,1.41696
"Dec 3, 04:00 pm",2916.17,1.41696
"Dec 3, 05:00 pm",2917.22,1.41696
"Dec 3, 06:00 pm",1720.69,0.836521
"Dec 3, 07:00 pm",15.8886,0.23616
"Dec 3, 08:00 pm",0,0.23616
"Dec 3, 09:00 pm",0,0.23616
"Dec 3, 10:00 pm",0,0.23616
"Dec 3, 11:00 pm",0,0.23616
"Dec 4, 12:00 am",0,0.23616
"Dec 4, 01:00 am",0,0.23616
"Dec 4, 02:00 am",0,0.23616
"Dec 4, 03:00 am",0,0.23616
"Dec 4, 04:00 am",0,0.23616
"Dec 4, 05:00 am",0,0.23616
"Dec 4, 06:00 am",0,0.23616
"Dec 4, 07:00 am",1352.46,0.943609
"Dec 4, 08:00 am",2916.72,1.41696
"Dec 4, 09:00 am",2915.72,1.41696
"Dec 4, 10:00 am",2914.89,1.41696
"Dec 4, 11:00 am",2914.92,1.41696
"Dec 4, 12:00 pm",272.593,0.23616
"Dec 4, 01:00 pm",278.986,0.23616
"Dec 4, 02:00 pm",215.822,0.23616
"Dec 4, 03:00 pm",116.662,0.23616
"Dec 4, 04:00 pm",20.222,0.23616
"Dec 4, 05:00 pm",0,0.23616
"Dec 4, 06:00 pm",0,0.23616
"Dec 4, 07:00 pm",0,0.23616
"Dec 4, 08:00 pm",0,0.23616
"Dec 4, 09:00 pm",0,0.23616
"Dec 4, 10:00 pm",0,0.23616
"Dec 4, 11:00 pm",0,0.23616
"Dec 5, 12:00 am",0,0.23616
"Dec 5, 01:00 am",0,0.23616
"Dec 5, 02:00 am",0,0.23616
"Dec 5, 03:00 am",0,0.23616
"Dec 5, 04:00 am",0,0.23616
"Dec 5, 05:00 am",0,0.23616
"Dec 5, 06:00 am",0,0.23616
"Dec 5, 07:00 am",0,0.23616
"Dec 5, 08:00 am",1982.12,1.02334
"Dec 5, 09:00 am",2915.47,1.41696
"Dec 5, 10:00 am",2914.85,1.41696
"Dec 5, 11:00 am",2914.88,1.41696
"Dec 5, 12:00 pm",2914.98,1.41696
"Dec 5, 01:00 pm",2915,1.41696
"Dec 5, 02:00 pm",2914.99,1.41696
"Dec 5, 03:00 pm",2914.98,1.41696
"Dec 5, 04:00 pm",2915.78,1.41696
"Dec 5, 05:00 pm",2917.08,1.41696
"Dec 5, 06:00 pm",1766.18,0.858693
"Dec 5, 07:00 pm",15.2481,0.23616
"Dec 5, 08:00 pm",0,0.23616
"Dec 5, 09:00 pm",0,0.23616
"Dec 5, 10:00 pm",0,0.23616
"Dec 5, 11:00 pm",0,0.23616
"Dec 6, 12:00 am",0,0.23616
"Dec 6, 01:00 am",0,0.23616
"Dec 6, 02:00 am",0,0.23616
"Dec 6, 03:00 am",0,0.23616
"Dec 6, 04:00 am",0,0.23616
"Dec 6, 05:00 am",0,0.23616
"Dec 6, 06:00 am",0,0.23616
"Dec 6, 07:00 am",0,0.23616
"Dec 6, 08:00 am",1986.47,1.02334
"Dec 6, 09:00 am",2915.39,1.41696
"Dec 6, 10:00 am",2914.86,1.41696
"Dec 6, 11:00 am",2914.88,1.41696
"Dec 6, 12:00 pm",217.902,0.23616
"Dec 6, 01:00 pm",2913.98,1.41696
"Dec 6, 02:00 pm",211.942,0.23616
"Dec 6, 03:00 pm",26.8965,0.23616
"Dec 6, 04:00 pm",19.1408,0.23616
"Dec 6, 05:00 pm",0,0.23616
"Dec 6, 06:00 pm",0,0.23616
"Dec 6, 07:00 pm",0,0.23616
"Dec 6, 08:00 pm",0,0.23616
"Dec 6, 09:00 pm",0,0.23616
"Dec 6, 10:00 pm",0,0.23616
"Dec 6, 11:00 pm",0,0.23616
"Dec 7, 12:00 am",0,0.23616
"Dec 7, 01:00 am",0,0.23616
"Dec 7, 02:00 am",0,0.23616
"Dec 7, 03:00 am",0,0.23616
"Dec 7, 04:00 am",0,0.23616
"Dec 7, 05:00 am",0,0.23616
"Dec 7, 06:00 am",0,0.23616
"Dec 7, 07:00 am",1297.49,0.708013
"Dec 7, 08:00 am",2916.19,1.41696
"Dec 7, 09:00 am",2915.37,1.41696
"Dec 7, 10:00 am",2914.83,1.41696
"Dec 7, 11:00 am",2914.9,1.41696
"Dec 7, 12:00 pm",2914.94,1.41696
"Dec 7, 01:00 pm",2914.95,1.41696
"Dec 7, 02:00 pm",2914.94,1.41696
"Dec 7, 03:00 pm",2914.93,1.41696
"Dec 7, 04:00 pm",2915.8,1.41696
"Dec 7, 05:00 pm",2917.12,1.41696
"Dec 7, 06:00 pm",1848.57,0.898769
"Dec 7, 07:00 pm",15.18,0.23616
"Dec 7, 08:00 pm",0,0.23616
"Dec 7, 09:00 pm",0,0.23616
"Dec 7, 10:00 pm",0,0.23616
"Dec 7, 11:00 pm",0,0.23616
"Dec 8, 12:00 am",0,0.23616
"Dec 8, 01:00 am",0,0.23616
"Dec 8, 02:00 am",0,0.23616
"Dec 8, 03:00 am",0,0.23616
"Dec 8, 04:00 am",0,0.23616
"Dec 8, 05:00 am",0,0.23616
"Dec 8, 06:00 am",0,0.23616
"Dec 8, 07:00 am",1323.51,0.925149
"Dec 8, 08:00 am",2916.68,1.41696
"Dec 8, 09:00 am",2915.62,1.41696
"Dec 8, 10:00 am",2914.86,1.41696
"Dec 8, 11:00 am",2914.9,1.41696
"Dec 8, 12:00 pm",2915.02,1.41696
"Dec 8, 01:00 pm",2915.04,1.41696
"Dec 8, 02:00 pm",2915.03,1.41696
"Dec 8, 03:00 pm",2915.02,1.41696
"Dec 8, 04:00 pm",2916.07,1.41696
"Dec 8, 05:00 pm",2917.21,1.41696
"Dec 8, 06:00 pm",1926.13,0.936467
"Dec 8, 07:00 pm",15.3444,0.23616
"Dec 8, 08:00 pm",0,0.23616
"Dec 8, 09:00 pm",0,0.23616
"Dec 8, 10:00 pm",0,0.23616
"Dec 8, 11:00 pm",0,0.23616
"Dec 9, 12:00 am",0,0.23616
"Dec 9, 01:00 am",0,0.23616
"Dec 9, 02:00 am",0,0.23616
"Dec 9, 03:00 am",0,0.23616
"Dec 9, 04:00 am",0,0.23616
"Dec 9, 05:00 am",0,0.23616
"Dec 9, 06:00 am",0,0.23616
"Dec 9, 07:00 am",1382.33,0.963738
"Dec 9, 08:00 am",2916.75,1.41696
"Dec 9, 09:00 am",2916.34,1.41696
"Dec 9, 10:00 am",2914.94,1.41696
"Dec 9, 11:00 am",2915.03,1.41696
"Dec 9, 12:00 pm",2915.06,1.41696
"Dec 9, 01:00 pm",2915.12,1.41696
"Dec 9, 02:00 pm",2915.11,1.41696
"Dec 9, 03:00 pm",2915.1,1.41696
"Dec 9, 04:00 pm",2916.21,1.41696
"Dec 9, 05:00 pm",2917.24,1.41696
"Dec 9, 06:00 pm",1980.88,0.963071
"Dec 9, 07:00 pm",15.6322,0.23616
"Dec 9, 08:00 pm",0,0.23616
"Dec 9, 09:00 pm",0,0.23616
"Dec 9, 10:00 pm",0,0.23616
"Dec 9, 11:00 pm",0,0.23616
"Dec 10, 12:00 am",0,0.23616
"Dec 10, 01:00 am",0,0.23616
"Dec 10, 02:00 am",0,0.23616
"Dec 10, 03:00 am",0,0.23616
"Dec 10, 04:00 am",0,0.23616
"Dec 10, 05:00 am",0,0.23616
"Dec 10, 06:00 am",0,0.23616
"Dec 10, 07:00 am",1301.65,0.91034
"Dec 10, 08:00 am",2916.6,1.41696
"Dec 10, 09:00 am",2915.41,1.41696
"Dec 10, 10:00 am",2918.26,1.41696
"Dec 10, 11:00 am",2915.26,1.41696
"Dec 10, 12:00 pm",2914.93,1.41696
"Dec 10, 01:00 pm",2914.94,1.41696
"Dec 10, 02:00 pm",2914.93,1.41696
"Dec 10, 03:00 pm",2914.91,1.41696
"Dec 10, 04:00 pm",2915.5,1.41696
"Dec 10, 05:00 pm",2916.99,1.41696
"Dec 10, 06:00 pm",1957.93,0.951952
"Dec 10, 07:00 pm",15.3788,0.23616
"Dec 10, 08:00 pm",0,0.23616
"Dec 10, 09:00 pm",0,0.23616
"Dec 10, 10:00 pm",0,0.23616
"Dec 10, 11:00 pm",0,0.23616
"Dec 11, 12:00 am",0,0.23616
"Dec 11, 01:00 am",0,0.23616
"Dec 11, 02:00 am",0,0.23616
"Dec 11, 03:00 am",0,0.23616
"Dec 11, 04:00 am",0,0.23616
"Dec 11, 05:00 am",0,0.23616
"Dec 11, 06:00 am",0,0.23616
"Dec 11, 07:00 am",1273.88,0.892602
"Dec 11, 08:00 am",2916.58,1.41696
"Dec 11, 09:00 am",2915.41,1.41696
"Dec 11, 10:00 am",2914.91,1.41696
"Dec 11, 11:00 am",2914.95,1.41696
"Dec 11, 12:00 pm",2915.04,1.41696
"Dec 11, 01:00 pm",2915.03,1.41696
"Dec 11, 02:00 pm",2915.01,1.41696
"Dec 11, 03:00 pm",2914.92,1.41696
"Dec 11, 04:00 pm",2915.77,1.41696
"Dec 11, 05:00 pm",2917.18,1.41696
"Dec 11, 06:00 pm",2005.71,0.975145
"Dec 11, 07:00 pm",15.6493,0.23616
"Dec 11, 08:00 pm",0,0.23616
"Dec 11, 09:00 pm",0,0.23616
"Dec 11, 10:00 pm",0,0.23616
"Dec 11, 11:00 pm",0,0.23616
"Dec 12, 12:00 am",0,0.23616
"Dec 12, 01:00 am",0,0.23616
"Dec 12, 02:00 am",0,0.23616
"Dec 12, 03:00 am",0,0.23616
"Dec 12, 04:00 am",0,0.23616
"Dec 12, 05:00 am",0,0.23616
"Dec 12, 06:00 am",0,0.23616
"Dec 12, 07:00 am",1308.98,0.914854
"Dec 12, 08:00 am",2916.74,1.41696
"Dec 12, 09:00 am",2915.68,1.41696
"Dec 12, 10:00 am",2914.94,1.41696
"Dec 12, 11:00 am",2915.03,1.41696
"Dec 12, 12:00 pm",2915.06,1.41696
"Dec 12, 01:00 pm",2915.13,1.41696
"Dec 12, 02:00 pm",2915.12,1.41696
"Dec 12, 03:00 pm",2915.1,1.41696
"Dec 12, 04:00 pm",2915.97,1.41696
"Dec 12, 05:00 pm",2917.27,1.41696
"Dec 12, 06:00 pm",2080.09,1.01127
"Dec 12, 07:00 pm",16.1216,0.23616
"Dec 12, 08:00 pm",0,0.23616
"Dec 12, 09:00 pm",0,0.23616
"Dec 12, 10:00 pm",0,0.23616
"Dec 12, 11:00 pm",0,0.23616
"Dec 13, 12:00 am",0,0.23616
"Dec 13, 01:00 am",0,0.23616
"Dec 13, 02:00 am",0,0.23616
"Dec 13, 03:00 am",0,0.23616
"Dec 13, 04:00 am",0,0.23616
"Dec 13, 05:00 am",0,0.23616
"Dec 13, 06:00 am",0,0.23616
"Dec 13, 07:00 am",1268.02,0.887695
"Dec 13, 08:00 am",2916.59,1.41696
"Dec 13, 09:00 am",2915.41,1.41696
"Dec 13, 10:00 am",73.4096,0.23616
"Dec 13, 11:00 am",124.104,0.23616
"Dec 13, 12:00 pm",27.521,0.23616
"Dec 13, 01:00 pm",105.199,0.23616
"Dec 13, 02:00 pm",2913.93,1.41696
"Dec 13, 03:00 pm",2914.96,1.41696
"Dec 13, 04:00 pm",23.7101,0.23616
"Dec 13, 05:00 pm",0,0.23616
"Dec 13, 06:00 pm",0,0.23616
"Dec 13, 07:00 pm",0,0.23616
"Dec 13, 08:00 pm",0,0.23616
"Dec 13, 09:00 pm",0,0.23616
"Dec 13, 10:00 pm",0,0.23616
"Dec 13, 11:00 pm",0,0.23616
"Dec 14, 12:00 am",0,0.23616
"Dec 14, 01:00 am",0,0.23616
"Dec 14, 02:00 am",0,0.23616
"Dec 14, 03:00 am",0,0.23616
"Dec 14, 04:00 am",0,0.23616
"Dec 14, 05:00 am",0,0.23616
"Dec 14, 06:00 am",0,0.23616
"Dec 14, 07:00 am",1271.32,0.891651
"Dec 14, 08:00 am",2916.68,1.41696
"Dec 14, 09:00 am",2915.6,1.41696
"Dec 14, 10:00 am",2914.94,1.41696
"Dec 14, 11:00 am",2914.97,1.41696
"Dec 14, 12:00 pm",2915.09,1.41696
"Dec 14, 01:00 pm",2915.11,1.41696
"Dec 14, 02:00 pm",2915.1,1.41696
"Dec 14, 03:00 pm",2915.09,1.41696
"Dec 14, 04:00 pm",2916.24,1.41696
"Dec 14, 05:00 pm",2917.25,1.41696
"Dec 14, 06:00 pm",2156.72,1.04853
"Dec 14, 07:00 pm",16.0382,0.23616
"Dec 14, 08:00 pm",0,0.23616
"Dec 14, 09:00 pm",0,0.23616
"Dec 14, 10:00 pm",0,0.23616
"Dec 14, 11:00 pm",0,0.23616
"Dec 15, 12:00 am",0,0.23616
"Dec 15, 01:00 am",0,0.23616
"Dec 15, 02:00 am",0,0.23616
"Dec 15, 03:00 am",0,0.23616
"Dec 15, 04:00 am",0,0.23616
"Dec 15, 05:00 am",0,0.23616
"Dec 15, 06:00 am",0,0.23616
"Dec 15, 07:00 am",1280.5,0.896046
"Dec 15, 08:00 am",2916.69,1.41696
"Dec 15, 09:00 am",2915.59,1.41696
"Dec 15, 10:00 am",2914.94,1.41696
"Dec 15, 11:00 am",2914.98,1.41696
"Dec 15, 12:00 pm",2915.09,1.41696
"Dec 15, 01:00 pm",2915.11,1.41696
"Dec 15, 02:00 pm",2915.1,1.41696
"Dec 15, 03:00 pm",2915.09,1.41696
"Dec 15, 04:00 pm",2916.15,1.41696
"Dec 15, 05:00 pm",2917.27,1.41696
"Dec 15, 06:00 pm",2220.41,1.07948
"Dec 15, 07:00 pm",16.1935,0.23616
"Dec 15, 08:00 pm",0,0.23616
"Dec 15, 09:00 pm",0,0.23616
"Dec 15, 10:00 pm",0,0.23616
"Dec 15, 11:00 pm",0,0.23616
"Dec 16, 12:00 am",0,0.23616
"Dec 16, 01:00 am",0,0.23616
"Dec 16, 02:00 am",0,0.23616
"Dec 16, 03:00 am",0,0.23616
"Dec 16, 04:00 am",0,0.23616
"Dec 16, 05:00 am",0,0.23616
"Dec 16, 06:00 am",0,0.23616
"Dec 16, 07:00 am",1272.54,0.890913
"Dec 16, 08:00 am",2916.7,1.41696
"Dec 16, 09:00 am",2915.61,1.41696
"Dec 16, 10:00 am",2914.96,1.41696
"Dec 16, 11:00 am",2915.05,1.41696
"Dec 16, 12:00 pm",2915.08,1.41696
"Dec 16, 01:00 pm",2915.18,1.41696
"Dec 16, 02:00 pm",2915.17,1.41696
"Dec 16, 03:00 pm",2915.15,1.41696
"Dec 16, 04:00 pm",2916.46,1.41696
"Dec 16, 05:00 pm",2917.2,1.41696
"Dec 16, 06:00 pm",2279.64,1.10724
"Dec 16, 07:00 pm",16.5864,0.23616
"Dec 16, 08:00 pm",0,0.23616
"Dec 16, 09:00 pm",0,0.23616
"Dec 16, 10:00 pm",0,0.23616
"Dec 16, 11:00 pm",0,0.23616
"Dec 17, 12:00 am",0,0.23616
"Dec 17, 01:00 am",0,0.23616
"Dec 17, 02:00 am",0,0.23616
"Dec 17, 03:00 am",0,0.23616
"Dec 17, 04:00 am",0,0.23616
"Dec 17, 05:00 am",0,0.23616
"Dec 17, 06:00 am",0,0.23616
"Dec 17, 07:00 am",1289.57,0.902697
"Dec 17, 08:00 am",2916.76,1.41696
"Dec 17, 09:00 am",2915.87,1.41696
"Dec 17, 10:00 am",169.999,0.23616
"Dec 17, 11:00 am",84.4515,0.23616
"Dec 17, 12:00 pm",297.674,0.23616
"Dec 17, 01:00 pm",355.458,0.23616
"Dec 17, 02:00 pm",2914.04,1.41696
"Dec 17, 03:00 pm",2915.01,1.41696
"Dec 17, 04:00 pm",2916.3,1.41696
"Dec 17, 05:00 pm",2917.2,1.41696
"Dec 17, 06:00 pm",2311.16,1.12272
"Dec 17, 07:00 pm",16.2924,0.23616
"Dec 17, 08:00 pm",0,0.23616
"Dec 17, 09:00 pm",0,0.23616
"Dec 17, 10:00 pm",0,0.23616
"Dec 17, 11:00 pm",0,0.23616
"Dec 18, 12:00 am",0,0.23616
"Dec 18, 01:00 am",0,0.23616
"Dec 18, 02:00 am",0,0.23616
"Dec 18, 03:00 am",0,0.23616
"Dec 18, 04:00 am",0,0.23616
"Dec 18, 05:00 am",0,0.23616
"Dec 18, 06:00 am",0,0.23616
"Dec 18, 07:00 am",1251.19,0.877837
"Dec 18, 08:00 am",2916.11,1.41696
"Dec 18, 09:00 am",2915.49,1.41696
"Dec 18, 10:00 am",2914.91,1.41696
"Dec 18, 11:00 am",2914.94,1.41696
"Dec 18, 12:00 pm",2915.04,1.41696
"Dec 18, 01:00 pm",2915.05,1.41696
"Dec 18, 02:00 pm",2915.04,1.41696
"Dec 18, 03:00 pm",2915.03,1.41696
"Dec 18, 04:00 pm",2916.04,1.41696
"Dec 18, 05:00 pm",2917.23,1.41696
"Dec 18, 06:00 pm",2323.75,1.1289
"Dec 18, 07:00 pm",16.1315,0.23616
"Dec 18, 08:00 pm",0,0.23616
"Dec 18, 09:00 pm",0,0.23616
"Dec 18, 10:00 pm",0,0.23616
"Dec 18, 11:00 pm",0,0.23616
"Dec 19, 12:00 am",0,0.23616
"Dec 19, 01:00 am",0,0.23616
"Dec 19, 02:00 am",0,0.23616
"Dec 19, 03:00 am",0,0.23616
"Dec 19, 04:00 am",0,0.23616
"Dec 19, 05:00 am",0,0.23616
"Dec 19, 06:00 am",0,0.23616
"Dec 19, 07:00 am",1013.04,0.605559
"Dec 19, 08:00 am",19.0499,0.23616
"Dec 19, 09:00 am",0,0.23616
"Dec 19, 10:00 am",0,0.23616
"Dec 19, 11:00 am",51.5943,0.23616
"Dec 19, 12:00 pm",26.8791,0.23616
"Dec 19, 01:00 pm",20.2336,0.23616
"Dec 19, 02:00 pm",0,0.23616
"Dec 19, 03:00 pm",0,0.23616
"Dec 19, 04:00 pm",0,0.23616
"Dec 19, 05:00 pm",0,0.23616
"Dec 19, 06:00 pm",0,0.23616
"Dec 19, 07:00 pm",0,0.23616
"Dec 19, 08:00 pm",0,0.23616
"Dec 19, 09:00 pm",0,0.23616
"Dec 19, 10:00 pm",0,0.23616
"Dec 19, 11:00 pm",0,0.23616
"Dec 20, 12:00 am",0,0.23616
"Dec 20, 01:00 am",0,0.23616
"Dec 20, 02:00 am",0,0.23616
"Dec 20, 03:00 am",0,0.23616
"Dec 20, 04:00 am",0,0.23616
"Dec 20, 05:00 am",0,0.23616
"Dec 20, 06:00 am",0,0.23616
"Dec 20, 07:00 am",1276.98,0.699468
"Dec 20, 08:00 am",2916.8,1.41696
"Dec 20, 09:00 am",2916.09,1.41696
"Dec 20, 10:00 am",2914.96,1.41696
"Dec 20, 11:00 am",2915.06,1.41696
"Dec 20, 12:00 pm",2915.08,1.41696
"Dec 20, 01:00 pm",2915.19,1.41696
"Dec 20, 02:00 pm",2915.18,1.41696
"Dec 20, 03:00 pm",2915.05,1.41696
"Dec 20, 04:00 pm",2917.06,1.41696
"Dec 20, 05:00 pm",2916.63,1.41696
"Dec 20, 06:00 pm",2480.17,1.20573
"Dec 20, 07:00 pm",16.1595,0.23616
"Dec 20, 08:00 pm",0,0.23616
"Dec 20, 09:00 pm",0,0.23616
"Dec 20, 10:00 pm",0,0.23616
"Dec 20, 11:00 pm",0,0.23616
"Dec 21, 12:00 am",0,0.23616
"Dec 21, 01:00 am",0,0.23616
"Dec 21, 02:00 am",0,0.23616
"Dec 21, 03:00 am",0,0.23616
"Dec 21, 04:00 am",0,0.23616
"Dec 21, 05:00 am",0,0.23616
"Dec 21, 06:00 am",0,0.23616
"Dec 21, 07:00 am",1288.52,0.902587
"Dec 21, 08:00 am",2916.83,1.41696
"Dec 21, 09:00 am",2916.2,1.41696
"Dec 21, 10:00 am",2914.96,1.41696
"Dec 21, 11:00 am",2915.05,1.41696
"Dec 21, 12:00 pm",2915.07,1.41696
"Dec 21, 01:00 pm",2915.15,1.41696
"Dec 21, 02:00 pm",2915.14,1.41696
"Dec 21, 03:00 pm",2915.13,1.41696
"Dec 21, 04:00 pm",2916.72,1.41696
"Dec 21, 05:00 pm",2916.73,1.41696
"Dec 21, 06:00 pm",2496.12,1.21355
"Dec 21, 07:00 pm",16.2322,0.23616
"Dec 21, 08:00 pm",0,0.23616
"Dec 21, 09:00 pm",0,0.23616
"Dec 21, 10:00 pm",0,0.23616
"Dec 21, 11:00 pm",0,0.23616
"Dec 22, 12:00 am",0,0.23616
"Dec 22, 01:00 am",0,0.23616
"Dec 22, 02:00 am",0,0.23616
"Dec 22, 03:00 am",0,0.23616
"Dec 22, 04:00 am",0,0.23616
"Dec 22, 05:00 am",0,0.23616
"Dec 22, 06:00 am",0,0.23616
"Dec 22, 07:00 am",1210.06,0.667463
"Dec 22, 08:00 am",2915.8,1.41696
"Dec 22, 09:00 am",2915.42,1.41696
"Dec 22, 10:00 am",2914.87,1.41696
"Dec 22, 11:00 am",2914.96,1.41696
"Dec 22, 12:00 pm",2914.98,1.41696
"Dec 22, 01:00 pm",2915.08,1.41696
"Dec 22, 02:00 pm",2915.09,1.41696
"Dec 22, 03:00 pm",2915.08,1.41696
"Dec 22, 04:00 pm",2916.5,1.41696
"Dec 22, 05:00 pm",2916.94,1.41696
"Dec 22, 06:00 pm",2506.38,1.21858
"Dec 22, 07:00 pm",16.0902,0.23616
"Dec 22, 08:00 pm",0,0.23616
"Dec 22, 09:00 pm",0,0.23616
"Dec 22, 10:00 pm",0,0.23616
"Dec 22, 11:00 pm",0,0.23616
"Dec 23, 12:00 am",0,0.23616
"Dec 23, 01:00 am",0,0.23616
"Dec 23, 02:00 am",0,0.23616
"Dec 23, 03:00 am",0,0.23616
"Dec 23, 04:00 am",0,0.23616
"Dec 23, 05:00 am",0,0.23616
"Dec 23, 06:00 am",0,0.23616
"Dec 23, 07:00 am",1213.14,0.668958
"Dec 23, 08:00 am",2915.88,1.41696
"Dec 23, 09:00 am",2915.56,1.41696
"Dec 23, 10:00 am",2914.89,1.41696
"Dec 23, 11:00 am",2914.99,1.41696
"Dec 23, 12:00 pm",2915.01,1.41696
"Dec 23, 01:00 pm",2915.02,1.41696
"Dec 23, 02:00 pm",2915.01,1.41696
"Dec 23, 03:00 pm",2915,1.41696
"Dec 23, 04:00 pm",2916.61,1.41696
"Dec 23, 05:00 pm",2916.62,1.41696
"Dec 23, 06:00 pm",2538.69,1.23443
"Dec 23, 07:00 pm",15.9503,0.23616
"Dec 23, 08:00 pm",0,0.23616
"Dec 23, 09:00 pm",0,0.23616
"Dec 23, 10:00 pm",0,0.23616
"Dec 23, 11:00 pm",0,0.23616
"Dec 24, 12:00 am",0,0.23616
"Dec 24, 01:00 am",0,0.23616
"Dec 24, 02:00 am",0,0.23616
"Dec 24, 03:00 am",0,0.23616
"Dec 24, 04:00 am",0,0.23616
"Dec 24, 05:00 am",0,0.23616
"Dec 24, 06:00 am",0,0.23616
"Dec 24, 07:00 am",1229.59,0.676959
"Dec 24, 08:00 am",2916.1,1.41696
"Dec 24, 09:00 am",2915.74,1.41696
"Dec 24, 10:00 am",2914.93,1.41696
"Dec 24, 11:00 am",2914.97,1.41696
"Dec 24, 12:00 pm",2915.1,1.41696
"Dec 24, 01:00 pm",2915.11,1.41696
"Dec 24, 02:00 pm",2915.1,1.41696
"Dec 24, 03:00 pm",2915.09,1.41696
"Dec 24, 04:00 pm",2916.71,1.41696
"Dec 24, 05:00 pm",2916.7,1.41696
"Dec 24, 06:00 pm",2580.09,1.25471
"Dec 24, 07:00 pm",16.3027,0.23616
"Dec 24, 08:00 pm",0,0.23616
"Dec 24, 09:00 pm",0,0.23616
"Dec 24, 10:00 pm",0,0.23616
"Dec 24, 11:00 pm",0,0.23616
"Dec 25, 12:00 am",0,0.23616
"Dec 25, 01:00 am",0,0.23616
"Dec 25, 02:00 am",0,0.23616
"Dec 25, 03:00 am",0,0.23616
"Dec 25, 04:00 am",0,0.23616
"Dec 25, 05:00 am",0,0.23616
"Dec 25, 06:00 am",0,0.23616
"Dec 25, 07:00 am",1089.72,0.638816
"Dec 25, 08:00 am",2916.18,1.41696
"Dec 25, 09:00 am",2915.45,1.41696
"Dec 25, 10:00 am",2914.96,1.41696
"Dec 25, 11:00 am",2914.99,1.41696
"Dec 25, 12:00 pm",2915,1.41696
"Dec 25, 01:00 pm",2915.01,1.41696
"Dec 25, 02:00 pm",2915,1.41696
"Dec 25, 03:00 pm",2914.98,1.41696
"Dec 25, 04:00 pm",2916.18,1.41696
"Dec 25, 05:00 pm",2917.1,1.41696
"Dec 25, 06:00 pm",2557.56,1.24365
"Dec 25, 07:00 pm",16.1626,0.23616
"Dec 25, 08:00 pm",0,0.23616
"Dec 25, 09:00 pm",0,0.23616
"Dec 25, 10:00 pm",0,0.23616
"Dec 25, 11:00 pm",0,0.23616
"Dec 26, 12:00 am",0,0.23616
"Dec 26, 01:00 am",0,0.23616
"Dec 26, 02:00 am",0,0.23616
"Dec 26, 03:00 am",0,0.23616
"Dec 26, 04:00 am",0,0.23616
"Dec 26, 05:00 am",0,0.23616
"Dec 26, 06:00 am",0,0.23616
"Dec 26, 07:00 am",1039.57,0.615839
"Dec 26, 08:00 am",2915.98,1.41696
"Dec 26, 09:00 am",2915.39,1.41696
"Dec 26, 10:00 am",2914.93,1.41696
"Dec 26, 11:00 am",2914.96,1.41696
"Dec 26, 12:00 pm",2914.98,1.41696
"Dec 26, 01:00 pm",2915.1,1.41696
"Dec 26, 02:00 pm",2915.09,1.41696
"Dec 26, 03:00 pm",2915.08,1.41696
"Dec 26, 04:00 pm",2916.45,1.41696
"Dec 26, 05:00 pm",2916.96,1.41696
"Dec 26, 06:00 pm",2595.08,1.26196
"Dec 26, 07:00 pm",16.4742,0.23616
"Dec 26, 08:00 pm",0,0.23616
"Dec 26, 09:00 pm",0,0.23616
"Dec 26, 10:00 pm",0,0.23616
"Dec 26, 11:00 pm",0,0.23616
"Dec 27, 12:00 am",0,0.23616
"Dec 27, 01:00 am",0,0.23616
"Dec 27, 02:00 am",0,0.23616
"Dec 27, 03:00 am",0,0.23616
"Dec 27, 04:00 am",0,0.23616
"Dec 27, 05:00 am",0,0.23616
"Dec 27, 06:00 am",0,0.23616
"Dec 27, 07:00 am",1047.26,0.618842
"Dec 27, 08:00 am",2916.09,1.41696
"Dec 27, 09:00 am",2915.44,1.41696
"Dec 27, 10:00 am",2918.29,1.41696
"Dec 27, 11:00 am",2915.33,1.41696
"Dec 27, 12:00 pm",2914.99,1.41696
"Dec 27, 01:00 pm",2915,1.41696
"Dec 27, 02:00 pm",404.704,0.23616
"Dec 27, 03:00 pm",91.1722,0.23616
"Dec 27, 04:00 pm",21.4913,0.23616
"Dec 27, 05:00 pm",0,0.23616
"Dec 27, 06:00 pm",0,0.23616
"Dec 27, 07:00 pm",0,0.23616
"Dec 27, 08:00 pm",0,0.23616
"Dec 27, 09:00 pm",0,0.23616
"Dec 27, 10:00 pm",0,0.23616
"Dec 27, 11:00 pm",0,0.23616
"Dec 28, 12:00 am",0,0.23616
"Dec 28, 01:00 am",0,0.23616
"Dec 28, 02:00 am",0,0.23616
"Dec 28, 03:00 am",0,0.23616
"Dec 28, 04:00 am",0,0.23616
"Dec 28, 05:00 am",0,0.23616
"Dec 28, 06:00 am",0,0.23616
"Dec 28, 07:00 am",950.81,0.575471
"Dec 28, 08:00 am",2915.76,1.41696
"Dec 28, 09:00 am",2915.37,1.41696
"Dec 28, 10:00 am",2914.85,1.41696
"Dec 28, 11:00 am",2914.88,1.41696
"Dec 28, 12:00 pm",2914.99,1.41696
"Dec 28, 01:00 pm",416.938,0.23616
"Dec 28, 02:00 pm",277.915,0.23616
"Dec 28, 03:00 pm",54.7656,0.23616
"Dec 28, 04:00 pm",20.3297,0.23616
"Dec 28, 05:00 pm",0,0.23616
"Dec 28, 06:00 pm",0,0.23616
"Dec 28, 07:00 pm",0,0.23616
"Dec 28, 08:00 pm",0,0.23616
"Dec 28, 09:00 pm",0,0.23616
"Dec 28, 10:00 pm",0,0.23616
"Dec 28, 11:00 pm",0,0.23616
"Dec 29, 12:00 am",0,0.23616
"Dec 29, 01:00 am",0,0.23616
"Dec 29, 02:00 am",0,0.23616
"Dec 29, 03:00 am",0,0.23616
"Dec 29, 04:00 am",0,0.23616
"Dec 29, 05:00 am",0,0.23616
"Dec 29, 06:00 am",0,0.23616
"Dec 29, 07:00 am",847.391,0.530236
"Dec 29, 08:00 am",18.9474,0.23616
"Dec 29, 09:00 am",0,0.23616
"Dec 29, 10:00 am",0,0.23616
"Dec 29, 11:00 am",158.13,0.23616
"Dec 29, 12:00 pm",2913.98,1.41696
"Dec 29, 01:00 pm",2915.05,1.41696
"Dec 29, 02:00 pm",2915.06,1.41696
"Dec 29, 03:00 pm",2915.04,1.41696
"Dec 29, 04:00 pm",2916.28,1.41696
"Dec 29, 05:00 pm",2916.93,1.41696
"Dec 29, 06:00 pm",2611.47,1.26989
"Dec 29, 07:00 pm",17.346,0.23616
"Dec 29, 08:00 pm",0,0.23616
"Dec 29, 09:00 pm",0,0.23616
"Dec 29, 10:00 pm",0,0.23616
"Dec 29, 11:00 pm",0,0.23616
"Dec 30, 12:00 am",0,0.23616
"Dec 30, 01:00 am",0,0.23616
"Dec 30, 02:00 am",0,0.23616
"Dec 30, 03:00 am",0,0.23616
"Dec 30, 04:00 am",0,0.23616
"Dec 30, 05:00 am",0,0.23616
"Dec 30, 06:00 am",0,0.23616
"Dec 30, 07:00 am",827.928,0.520148
"Dec 30, 08:00 am",2915.2,1.41696
"Dec 30, 09:00 am",2915.24,1.41696
"Dec 30, 10:00 am",2917.93,1.41696
"Dec 30, 11:00 am",2915.22,1.41696
"Dec 30, 12:00 pm",2914.98,1.41696
"Dec 30, 01:00 pm",2914.99,1.41696
"Dec 30, 02:00 pm",2915,1.41696
"Dec 30, 03:00 pm",2914.99,1.41696
"Dec 30, 04:00 pm",2916.24,1.41696
"Dec 30, 05:00 pm",2916.99,1.41696
"Dec 30, 06:00 pm",2614.49,1.27134
"Dec 30, 07:00 pm",17.8543,0.23616
"Dec 30, 08:00 pm",0,0.23616
"Dec 30, 09:00 pm",0,0.23616
"Dec 30, 10:00 pm",0,0.23616
"Dec 30, 11:00 pm",0,0.23616
"Dec 31, 12:00 am",0,0.23616
"Dec 31, 01:00 am",0,0.23616
"Dec 31, 02:00 am",0,0.23616
"Dec 31, 03:00 am",0,0.23616
"Dec 31, 04:00 am",0,0.23616
"Dec 31, 05:00 am",0,0.23616
"Dec 31, 06:00 am",0,0.23616
"Dec 31, 07:00 am",796.778,0.50556
"Dec 31, 08:00 am",2915.29,1.41696
"Dec 31, 09:00 am",2915.06,1.41696
"Dec 31, 10:00 am",2917.46,1.41696
"Dec 31, 11:00 am",2915.08,1.41696
"Dec 31, 12:00 pm",2914.95,1.41696
"Dec 31, 01:00 pm",2914.95,1.41696
"Dec 31, 02:00 pm",2914.95,1.41696
"Dec 31, 03:00 pm",2914.93,1.41696
"Dec 31, 04:00 pm",2915.95,1.41696
"Dec 31, 05:00 pm",2917.1,1.41696
"Dec 31, 06:00 pm",2592.43,1.26068
"Dec 31, 07:00 pm",17.9746,0.23616
"Dec 31, 08:00 pm",0,0.23616
"Dec 31, 09:00 pm",0,0.23616
"Dec 31, 10:00 pm",0,0.23616
"Dec 31, 11:00 pm",0,0.23616
