"Time stamp","System net thermal power w/ avail. derate | (kWt)","Field total mass flow rate | (kg/s)"
"Jan 1, 12:00 am",0,0.262425
"Jan 1, 01:00 am",0,0.262425
"Jan 1, 02:00 am",0,0.262425
"Jan 1, 03:00 am",0,0.262425
"Jan 1, 04:00 am",0,0.262425
"Jan 1, 05:00 am",0,0.262425
"Jan 1, 06:00 am",0,0.262425
"Jan 1, 07:00 am",976.424,0.60111
"Jan 1, 08:00 am",3239.39,1.57455
"Jan 1, 09:00 am",3239.33,1.57455
"Jan 1, 10:00 am",3242.11,1.57455
"Jan 1, 11:00 am",3239.34,1.57455
"Jan 1, 12:00 pm",3239.17,1.57455
"Jan 1, 01:00 pm",3239.24,1.57455
"Jan 1, 02:00 pm",3239.23,1.57455
"Jan 1, 03:00 pm",3239.22,1.57455
"Jan 1, 04:00 pm",3240.56,1.57455
"Jan 1, 05:00 pm",3240.57,1.57455
"Jan 1, 06:00 pm",2919.56,1.4198
"Jan 1, 07:00 pm",20.6038,0.262425
"Jan 1, 08:00 pm",0,0.262425
"Jan 1, 09:00 pm",0,0.262425
"Jan 1, 10:00 pm",0,0.262425
"Jan 1, 11:00 pm",0,0.262425
"Jan 2, 12:00 am",0,0.262425
"Jan 2, 01:00 am",0,0.262425
"Jan 2, 02:00 am",0,0.262425
"Jan 2, 03:00 am",0,0.262425
"Jan 2, 04:00 am",0,0.262425
"Jan 2, 05:00 am",0,0.262425
"Jan 2, 06:00 am",0,0.262425
"Jan 2, 07:00 am",883.148,0.560669
"Jan 2, 08:00 am",3239.39,1.57455
"Jan 2, 09:00 am",3239.35,1.57455
"Jan 2, 10:00 am",3242.5,1.57455
"Jan 2, 11:00 am",3239.42,1.57455
"Jan 2, 12:00 pm",3239.17,1.57455
"Jan 2, 01:00 pm",3239.25,1.57455
"Jan 2, 02:00 pm",3239.24,1.57455
"Jan 2, 03:00 pm",3239.23,1.57455
"Jan 2, 04:00 pm",3241.02,1.57455
"Jan 2, 05:00 pm",3240.08,1.57455
"Jan 2, 06:00 pm",2984.12,1.45096
"Jan 2, 07:00 pm",20.8703,0.262425
"Jan 2, 08:00 pm",0,0.262425
"Jan 2, 09:00 pm",0,0.262425
"Jan 2, 10:00 pm",0,0.262425
"Jan 2, 11:00 pm",0,0.262425
"Jan 3, 12:00 am",0,0.262425
"Jan 3, 01:00 am",0,0.262425
"Jan 3, 02:00 am",0,0.262425
"Jan 3, 03:00 am",0,0.262425
"Jan 3, 04:00 am",0,0.262425
"Jan 3, 05:00 am",0,0.262425
"Jan 3, 06:00 am",0,0.262425
"Jan 3, 07:00 am",893.52,0.565713
"Jan 3, 08:00 am",3239.52,1.57455
"Jan 3, 09:00 am",3239.47,1.57455
"Jan 3, 10:00 am",3239.09,1.57455
"Jan 3, 11:00 am",3239.13,1.57455
"Jan 3, 12:00 pm",3239.22,1.57455
"Jan 3, 01:00 pm",3239.24,1.57455
"Jan 3, 02:00 pm",3239.23,1.57455
"Jan 3, 03:00 pm",3239.21,1.57455
"Jan 3, 04:00 pm",3240.76,1.57455
"Jan 3, 05:00 pm",3240.61,1.57455
"Jan 3, 06:00 pm",2984.1,1.45094
"Jan 3, 07:00 pm",21.4044,0.262425
"Jan 3, 08:00 pm",0,0.262425
"Jan 3, 09:00 pm",0,0.262425
"Jan 3, 10:00 pm",0,0.262425
"Jan 3, 11:00 pm",0,0.262425
"Jan 4, 12:00 am",0,0.262425
"Jan 4, 01:00 am",0,0.262425
"Jan 4, 02:00 am",0,0.262425
"Jan 4, 03:00 am",0,0.262425
"Jan 4, 04:00 am",0,0.262425
"Jan 4, 05:00 am",0,0.262425
"Jan 4, 06:00 am",0,0.262425
"Jan 4, 07:00 am",866.24,0.552723
"Jan 4, 08:00 am",3239,1.57455
"Jan 4, 09:00 am",3239.44,1.57455
"Jan 4, 10:00 am",3242.92,1.57455
"Jan 4, 11:00 am",3239.56,1.57455
"Jan 4, 12:00 pm",3239.22,1.57455
"Jan 4, 01:00 pm",3239.31,1.57455
"Jan 4, 02:00 pm",3239.3,1.57455
"Jan 4, 03:00 pm",3239.28,1.57455
"Jan 4, 04:00 pm",3240.94,1.57455
"Jan 4, 05:00 pm",3240.36,1.57455
"Jan 4, 06:00 pm",2987.1,1.45237
"Jan 4, 07:00 pm",21.9285,0.262425
"Jan 4, 08:00 pm",0,0.262425
"Jan 4, 09:00 pm",0,0.262425
"Jan 4, 10:00 pm",0,0.262425
"Jan 4, 11:00 pm",0,0.262425
"Jan 5, 12:00 am",0,0.262425
"Jan 5, 01:00 am",0,0.262425
"Jan 5, 02:00 am",0,0.262425
"Jan 5, 03:00 am",0,0.262425
"Jan 5, 04:00 am",0,0.262425
"Jan 5, 05:00 am",0,0.262425
"Jan 5, 06:00 am",0,0.262425
"Jan 5, 07:00 am",835.221,0.538389
"Jan 5, 08:00 am",3238.95,1.57455
"Jan 5, 09:00 am",3239.39,1.57455
"Jan 5, 10:00 am",3242.61,1.57455
"Jan 5, 11:00 am",3239.49,1.57455
"Jan 5, 12:00 pm",3239.21,1.57455
"Jan 5, 01:00 pm",3239.23,1.57455
"Jan 5, 02:00 pm",3239.21,1.57455
"Jan 5, 03:00 pm",3239.2,1.57455
"Jan 5, 04:00 pm",3240.76,1.57455
"Jan 5, 05:00 pm",3240.55,1.57455
"Jan 5, 06:00 pm",2989.37,1.45349
"Jan 5, 07:00 pm",21.971,0.262425
"Jan 5, 08:00 pm",0,0.262425
"Jan 5, 09:00 pm",0,0.262425
"Jan 5, 10:00 pm",0,0.262425
"Jan 5, 11:00 pm",0,0.262425
"Jan 6, 12:00 am",0,0.262425
"Jan 6, 01:00 am",0,0.262425
"Jan 6, 02:00 am",0,0.262425
"Jan 6, 03:00 am",0,0.262425
"Jan 6, 04:00 am",0,0.262425
"Jan 6, 05:00 am",0,0.262425
"Jan 6, 06:00 am",0,0.262425
"Jan 6, 07:00 am",563.858,0.52868
"Jan 6, 08:00 am",3238.88,1.57455
"Jan 6, 09:00 am",3239.2,1.57455
"Jan 6, 10:00 am",3241.77,1.57455
"Jan 6, 11:00 am",3239.25,1.57455
"Jan 6, 12:00 pm",3239.14,1.57455
"Jan 6, 01:00 pm",3239.15,1.57455
"Jan 6, 02:00 pm",3239.14,1.57455
"Jan 6, 03:00 pm",3239.12,1.57455
"Jan 6, 04:00 pm",3240.17,1.57455
"Jan 6, 05:00 pm",3241.12,1.57455
"Jan 6, 06:00 pm",2916.92,1.41854
"Jan 6, 07:00 pm",21.7735,0.262425
"Jan 6, 08:00 pm",0,0.262425
"Jan 6, 09:00 pm",0,0.262425
"Jan 6, 10:00 pm",0,0.262425
"Jan 6, 11:00 pm",0,0.262425
"Jan 7, 12:00 am",0,0.262425
"Jan 7, 01:00 am",0,0.262425
"Jan 7, 02:00 am",0,0.262425
"Jan 7, 03:00 am",0,0.262425
"Jan 7, 04:00 am",0,0.262425
"Jan 7, 05:00 am",0,0.262425
"Jan 7, 06:00 am",0,0.262425
"Jan 7, 07:00 am",262.307,0.420009
"Jan 7, 08:00 am",3240.02,1.57455
"Jan 7, 09:00 am",3239.09,1.57455
"Jan 7, 10:00 am",3241.15,1.57455
"Jan 7, 11:00 am",3239.1,1.57455
"Jan 7, 12:00 pm",3239.12,1.57455
"Jan 7, 01:00 pm",3239.18,1.57455
"Jan 7, 02:00 pm",3239.17,1.57455
"Jan 7, 03:00 pm",3239.16,1.57455
"Jan 7, 04:00 pm",3240.16,1.57455
"Jan 7, 05:00 pm",3241.07,1.57455
"Jan 7, 06:00 pm",2901.97,1.41124
"Jan 7, 07:00 pm",21.7127,0.262425
"Jan 7, 08:00 pm",0,0.262425
"Jan 7, 09:00 pm",0,0.262425
"Jan 7, 10:00 pm",0,0.262425
"Jan 7, 11:00 pm",0,0.262425
"Jan 8, 12:00 am",0,0.262425
"Jan 8, 01:00 am",0,0.262425
"Jan 8, 02:00 am",0,0.262425
"Jan 8, 03:00 am",0,0.262425
"Jan 8, 04:00 am",0,0.262425
"Jan 8, 05:00 am",0,0.262425
"Jan 8, 06:00 am",0,0.262425
"Jan 8, 07:00 am",272.098,0.428009
"Jan 8, 08:00 am",3238.7,1.57455
"Jan 8, 09:00 am",3239.24,1.57455
"Jan 8, 10:00 am",3242.24,1.57455
"Jan 8, 11:00 am",3239.4,1.57455
"Jan 8, 12:00 pm",3239.21,1.57455
"Jan 8, 01:00 pm",3239.22,1.57455
"Jan 8, 02:00 pm",3239.24,1.57455
"Jan 8, 03:00 pm",3239.23,1.57455
"Jan 8, 04:00 pm",3240.9,1.57455
"Jan 8, 05:00 pm",3240.35,1.57455
"Jan 8, 06:00 pm",2980.22,1.44906
"Jan 8, 07:00 pm",22.3469,0.262425
"Jan 8, 08:00 pm",0,0.262425
"Jan 8, 09:00 pm",0,0.262425
"Jan 8, 10:00 pm",0,0.262425
"Jan 8, 11:00 pm",0,0.262425
"Jan 9, 12:00 am",0,0.262425
"Jan 9, 01:00 am",0,0.262425
"Jan 9, 02:00 am",0,0.262425
"Jan 9, 03:00 am",0,0.262425
"Jan 9, 04:00 am",0,0.262425
"Jan 9, 05:00 am",0,0.262425
"Jan 9, 06:00 am",0,0.262425
"Jan 9, 07:00 am",558.856,0.525707
"Jan 9, 08:00 am",3239.11,1.57455
"Jan 9, 09:00 am",3239.35,1.57455
"Jan 9, 10:00 am",3239.08,1.57455
"Jan 9, 11:00 am",3239.1,1.57455
"Jan 9, 12:00 pm",3239.2,1.57455
"Jan 9, 01:00 pm",3239.22,1.57455
"Jan 9, 02:00 pm",3239.21,1.57455
"Jan 9, 03:00 pm",3239.2,1.57455
"Jan 9, 04:00 pm",3240.84,1.57455
"Jan 9, 05:00 pm",3240.3,1.57455
"Jan 9, 06:00 pm",3009.32,1.46315
"Jan 9, 07:00 pm",22.0974,0.262425
"Jan 9, 08:00 pm",0,0.262425
"Jan 9, 09:00 pm",0,0.262425
"Jan 9, 10:00 pm",0,0.262425
"Jan 9, 11:00 pm",0,0.262425
"Jan 10, 12:00 am",0,0.262425
"Jan 10, 01:00 am",0,0.262425
"Jan 10, 02:00 am",0,0.262425
"Jan 10, 03:00 am",0,0.262425
"Jan 10, 04:00 am",0,0.262425
"Jan 10, 05:00 am",0,0.262425
"Jan 10, 06:00 am",0,0.262425
"Jan 10, 07:00 am",263.55,0.423471
"Jan 10, 08:00 am",3239.08,1.57455
"Jan 10, 09:00 am",3239.26,1.57455
"Jan 10, 10:00 am",3239.27,1.57455
"Jan 10, 11:00 am",3239.3,1.57455
"Jan 10, 12:00 pm",3239.33,1.57455
"Jan 10, 01:00 pm",3239.35,1.57455
"Jan 10, 02:00 pm",3239.33,1.57455
"Jan 10, 03:00 pm",3239.28,1.57455
"Jan 10, 04:00 pm",3240.93,1.57455
"Jan 10, 05:00 pm",3240.22,1.57455
"Jan 10, 06:00 pm",3017.35,1.46703
"Jan 10, 07:00 pm",22.1606,0.262425
"Jan 10, 08:00 pm",0,0.262425
"Jan 10, 09:00 pm",0,0.262425
"Jan 10, 10:00 pm",0,0.262425
"Jan 10, 11:00 pm",0,0.262425
"Jan 11, 12:00 am",0,0.262425
"Jan 11, 01:00 am",0,0.262425
"Jan 11, 02:00 am",0,0.262425
"Jan 11, 03:00 am",0,0.262425
"Jan 11, 04:00 am",0,0.262425
"Jan 11, 05:00 am",0,0.262425
"Jan 11, 06:00 am",0,0.262425
"Jan 11, 07:00 am",256.299,0.419029
"Jan 11, 08:00 am",3238.89,1.57455
"Jan 11, 09:00 am",3239.29,1.57455
"Jan 11, 10:00 am",3239.34,1.57455
"Jan 11, 11:00 am",3239.38,1.57455
"Jan 11, 12:00 pm",3239.41,1.57455
"Jan 11, 01:00 pm",3239.43,1.57455
"Jan 11, 02:00 pm",3239.42,1.57455
"Jan 11, 03:00 pm",3239.33,1.57455
"Jan 11, 04:00 pm",3241.26,1.57455
"Jan 11, 05:00 pm",3239.63,1.57455
"Jan 11, 06:00 pm",3044.97,1.48038
"Jan 11, 07:00 pm",22.3728,0.262425
"Jan 11, 08:00 pm",0,0.262425
"Jan 11, 09:00 pm",0,0.262425
"Jan 11, 10:00 pm",0,0.262425
"Jan 11, 11:00 pm",0,0.262425
"Jan 12, 12:00 am",0,0.262425
"Jan 12, 01:00 am",0,0.262425
"Jan 12, 02:00 am",0,0.262425
"Jan 12, 03:00 am",0,0.262425
"Jan 12, 04:00 am",0,0.262425
"Jan 12, 05:00 am",0,0.262425
"Jan 12, 06:00 am",0,0.262425
"Jan 12, 07:00 am",0,0.4018
"Jan 12, 08:00 am",3237.69,1.57455
"Jan 12, 09:00 am",3239.17,1.57455
"Jan 12, 10:00 am",3241.75,1.57455
"Jan 12, 11:00 am",3239.31,1.57455
"Jan 12, 12:00 pm",3239.23,1.57455
"Jan 12, 01:00 pm",3239.25,1.57455
"Jan 12, 02:00 pm",3239.24,1.57455
"Jan 12, 03:00 pm",3239.22,1.57455
"Jan 12, 04:00 pm",3240.88,1.57455
"Jan 12, 05:00 pm",3240.28,1.57455
"Jan 12, 06:00 pm",3032.94,1.47455
"Jan 12, 07:00 pm",22.3256,0.262425
"Jan 12, 08:00 pm",0,0.262425
"Jan 12, 09:00 pm",0,0.262425
"Jan 12, 10:00 pm",0,0.262425
"Jan 12, 11:00 pm",0,0.262425
"Jan 13, 12:00 am",0,0.262425
"Jan 13, 01:00 am",0,0.262425
"Jan 13, 02:00 am",0,0.262425
"Jan 13, 03:00 am",0,0.262425
"Jan 13, 04:00 am",0,0.262425
"Jan 13, 05:00 am",0,0.262425
"Jan 13, 06:00 am",0,0.262425
"Jan 13, 07:00 am",0,0.397529
"Jan 13, 08:00 am",3234.91,1.57455
"Jan 13, 09:00 am",3239.11,1.57455
"Jan 13, 10:00 am",3241.54,1.57455
"Jan 13, 11:00 am",3239.23,1.57455
"Jan 13, 12:00 pm",3239.19,1.57455
"Jan 13, 01:00 pm",3239.18,1.57455
"Jan 13, 02:00 pm",3239.17,1.57455
"Jan 13, 03:00 pm",3239.15,1.57455
"Jan 13, 04:00 pm",3240.51,1.57455
"Jan 13, 05:00 pm",3240.52,1.57455
"Jan 13, 06:00 pm",2978.05,1.44803
"Jan 13, 07:00 pm",21.6697,0.262425
"Jan 13, 08:00 pm",0,0.262425
"Jan 13, 09:00 pm",0,0.262425
"Jan 13, 10:00 pm",0,0.262425
"Jan 13, 11:00 pm",0,0.262425
"Jan 14, 12:00 am",0,0.262425
"Jan 14, 01:00 am",0,0.262425
"Jan 14, 02:00 am",0,0.262425
"Jan 14, 03:00 am",0,0.262425
"Jan 14, 04:00 am",0,0.262425
"Jan 14, 05:00 am",0,0.262425
"Jan 14, 06:00 am",0,0.262425
"Jan 14, 07:00 am",0,0.394808
"Jan 14, 08:00 am",3238.26,1.57455
"Jan 14, 09:00 am",3239.08,1.57455
"Jan 14, 10:00 am",3241.54,1.57455
"Jan 14, 11:00 am",3239.22,1.57455
"Jan 14, 12:00 pm",3239.18,1.57455
"Jan 14, 01:00 pm",3239.17,1.57455
"Jan 14, 02:00 pm",3239.15,1.57455
"Jan 14, 03:00 pm",3239.14,1.57455
"Jan 14, 04:00 pm",3240.39,1.57455
"Jan 14, 05:00 pm",3240.86,1.57455
"Jan 14, 06:00 pm",2949.42,1.43421
"Jan 14, 07:00 pm",21.3322,0.262425
"Jan 14, 08:00 pm",0,0.262425
"Jan 14, 09:00 pm",0,0.262425
"Jan 14, 10:00 pm",0,0.262425
"Jan 14, 11:00 pm",0,0.262425
"Jan 15, 12:00 am",0,0.262425
"Jan 15, 01:00 am",0,0.262425
"Jan 15, 02:00 am",0,0.262425
"Jan 15, 03:00 am",0,0.262425
"Jan 15, 04:00 am",0,0.262425
"Jan 15, 05:00 am",0,0.262425
"Jan 15, 06:00 am",0,0.262425
"Jan 15, 07:00 am",0,0.38949
"Jan 15, 08:00 am",3238.25,1.57455
"Jan 15, 09:00 am",3239.04,1.57455
"Jan 15, 10:00 am",3241.3,1.57455
"Jan 15, 11:00 am",3239.13,1.57455
"Jan 15, 12:00 pm",3239.13,1.57455
"Jan 15, 01:00 pm",3239.14,1.57455
"Jan 15, 02:00 pm",3239.13,1.57455
"Jan 15, 03:00 pm",3239.12,1.57455
"Jan 15, 04:00 pm",3240.29,1.57455
"Jan 15, 05:00 pm",3240.93,1.57455
"Jan 15, 06:00 pm",2941.59,1.43043
"Jan 15, 07:00 pm",21.0751,0.262425
"Jan 15, 08:00 pm",0,0.262425
"Jan 15, 09:00 pm",0,0.262425
"Jan 15, 10:00 pm",0,0.262425
"Jan 15, 11:00 pm",0,0.262425
"Jan 16, 12:00 am",0,0.262425
"Jan 16, 01:00 am",0,0.262425
"Jan 16, 02:00 am",0,0.262425
"Jan 16, 03:00 am",0,0.262425
"Jan 16, 04:00 am",0,0.262425
"Jan 16, 05:00 am",0,0.262425
"Jan 16, 06:00 am",0,0.262425
"Jan 16, 07:00 am",0,0.38269
"Jan 16, 08:00 am",20.0013,0.262425
"Jan 16, 09:00 am",0,0.262425
"Jan 16, 10:00 am",0,0.262425
"Jan 16, 11:00 am",18.1851,0.262425
"Jan 16, 12:00 pm",3238.12,1.57455
"Jan 16, 01:00 pm",3239.19,1.57455
"Jan 16, 02:00 pm",3239.18,1.57455
"Jan 16, 03:00 pm",3242.61,1.57455
"Jan 16, 04:00 pm",3240.36,1.57455
"Jan 16, 05:00 pm",3241.19,1.57455
"Jan 16, 06:00 pm",2897.62,1.40911
"Jan 16, 07:00 pm",20.6762,0.262425
"Jan 16, 08:00 pm",0,0.262425
"Jan 16, 09:00 pm",0,0.262425
"Jan 16, 10:00 pm",0,0.262425
"Jan 16, 11:00 pm",0,0.262425
"Jan 17, 12:00 am",0,0.262425
"Jan 17, 01:00 am",0,0.262425
"Jan 17, 02:00 am",0,0.262425
"Jan 17, 03:00 am",0,0.262425
"Jan 17, 04:00 am",0,0.262425
"Jan 17, 05:00 am",0,0.262425
"Jan 17, 06:00 am",0,0.262425
"Jan 17, 07:00 am",0,0.381711
"Jan 17, 08:00 am",3238.21,1.57455
"Jan 17, 09:00 am",3236.48,1.57455
"Jan 17, 10:00 am",3241.08,1.57455
"Jan 17, 11:00 am",3239.11,1.57455
"Jan 17, 12:00 pm",3239.13,1.57455
"Jan 17, 01:00 pm",3239.18,1.57455
"Jan 17, 02:00 pm",3239.19,1.57455
"Jan 17, 03:00 pm",3242.89,1.57455
"Jan 17, 04:00 pm",3240.53,1.57455
"Jan 17, 05:00 pm",3241.15,1.57455
"Jan 17, 06:00 pm",2899.04,1.4098
"Jan 17, 07:00 pm",20.4316,0.262425
"Jan 17, 08:00 pm",0,0.262425
"Jan 17, 09:00 pm",0,0.262425
"Jan 17, 10:00 pm",0,0.262425
"Jan 17, 11:00 pm",0,0.262425
"Jan 18, 12:00 am",0,0.262425
"Jan 18, 01:00 am",0,0.262425
"Jan 18, 02:00 am",0,0.262425
"Jan 18, 03:00 am",0,0.262425
"Jan 18, 04:00 am",0,0.262425
"Jan 18, 05:00 am",0,0.262425
"Jan 18, 06:00 am",0,0.262425
"Jan 18, 07:00 am",0,0.381384
"Jan 18, 08:00 am",2736.06,1.54451
"Jan 18, 09:00 am",3235.98,1.57455
"Jan 18, 10:00 am",3241.15,1.57455
"Jan 18, 11:00 am",3239.11,1.57455
"Jan 18, 12:00 pm",3239.13,1.57455
"Jan 18, 01:00 pm",3239.15,1.57455
"Jan 18, 02:00 pm",291.722,0.262425
"Jan 18, 03:00 pm",216.793,0.262425
"Jan 18, 04:00 pm",3238.87,1.57455
"Jan 18, 05:00 pm",3241.18,1.57455
"Jan 18, 06:00 pm",2893.41,1.40706
"Jan 18, 07:00 pm",19.9031,0.262425
"Jan 18, 08:00 pm",0,0.262425
"Jan 18, 09:00 pm",0,0.262425
"Jan 18, 10:00 pm",0,0.262425
"Jan 18, 11:00 pm",0,0.262425
"Jan 19, 12:00 am",0,0.262425
"Jan 19, 01:00 am",0,0.262425
"Jan 19, 02:00 am",0,0.262425
"Jan 19, 03:00 am",0,0.262425
"Jan 19, 04:00 am",0,0.262425
"Jan 19, 05:00 am",0,0.262425
"Jan 19, 06:00 am",0,0.262425
"Jan 19, 07:00 am",0,0.262425
"Jan 19, 08:00 am",0,0.262425
"Jan 19, 09:00 am",0,0.262425
"Jan 19, 10:00 am",0,0.262425
"Jan 19, 11:00 am",0,0.262425
"Jan 19, 12:00 pm",0,0.262425
"Jan 19, 01:00 pm",0,0.262425
"Jan 19, 02:00 pm",2723.47,1.57455
"Jan 19, 03:00 pm",26.7895,0.262425
"Jan 19, 04:00 pm",2779.18,1.57455
"Jan 19, 05:00 pm",22.9118,0.262425
"Jan 19, 06:00 pm",2413.32,1.37076
"Jan 19, 07:00 pm",19.1558,0.262425
"Jan 19, 08:00 pm",0,0.262425
"Jan 19, 09:00 pm",0,0.262425
"Jan 19, 10:00 pm",0,0.262425
"Jan 19, 11:00 pm",0,0.262425
"Jan 20, 12:00 am",0,0.262425
"Jan 20, 01:00 am",0,0.262425
"Jan 20, 02:00 am",0,0.262425
"Jan 20, 03:00 am",0,0.262425
"Jan 20, 04:00 am",0,0.262425
"Jan 20, 05:00 am",0,0.262425
"Jan 20, 06:00 am",0,0.262425
"Jan 20, 07:00 am",0,0.375242
"Jan 20, 08:00 am",2697.09,1.54152
"Jan 20, 09:00 am",3236.22,1.57455
"Jan 20, 10:00 am",3241.33,1.57455
"Jan 20, 11:00 am",3239.16,1.57455
"Jan 20, 12:00 pm",3239.17,1.57455
"Jan 20, 01:00 pm",3239.16,1.57455
"Jan 20, 02:00 pm",3239.14,1.57455
"Jan 20, 03:00 pm",3239.12,1.57455
"Jan 20, 04:00 pm",3240.4,1.57455
"Jan 20, 05:00 pm",3240.84,1.57455
"Jan 20, 06:00 pm",2924.14,1.42203
"Jan 20, 07:00 pm",18.7568,0.262425
"Jan 20, 08:00 pm",0,0.262425
"Jan 20, 09:00 pm",0,0.262425
"Jan 20, 10:00 pm",0,0.262425
"Jan 20, 11:00 pm",0,0.262425
"Jan 21, 12:00 am",0,0.262425
"Jan 21, 01:00 am",0,0.262425
"Jan 21, 02:00 am",0,0.262425
"Jan 21, 03:00 am",0,0.262425
"Jan 21, 04:00 am",0,0.262425
"Jan 21, 05:00 am",0,0.262425
"Jan 21, 06:00 am",0,0.262425
"Jan 21, 07:00 am",0,0.37334
"Jan 21, 08:00 am",2697.09,1.54192
"Jan 21, 09:00 am",3235.17,1.57455
"Jan 21, 10:00 am",3241.63,1.57455
"Jan 21, 11:00 am",3239.22,1.57455
"Jan 21, 12:00 pm",3239.14,1.57455
"Jan 21, 01:00 pm",280.45,0.262425
"Jan 21, 02:00 pm",27.7188,0.262425
"Jan 21, 03:00 pm",25.5179,0.262425
"Jan 21, 04:00 pm",0,0.262425
"Jan 21, 05:00 pm",0,0.262425
"Jan 21, 06:00 pm",0,0.262425
"Jan 21, 07:00 pm",0,0.262425
"Jan 21, 08:00 pm",0,0.262425
"Jan 21, 09:00 pm",0,0.262425
"Jan 21, 10:00 pm",0,0.262425
"Jan 21, 11:00 pm",0,0.262425
"Jan 22, 12:00 am",0,0.262425
"Jan 22, 01:00 am",0,0.262425
"Jan 22, 02:00 am",0,0.262425
"Jan 22, 03:00 am",0,0.262425
"Jan 22, 04:00 am",0,0.262425
"Jan 22, 05:00 am",0,0.262425
"Jan 22, 06:00 am",0,0.262425
"Jan 22, 07:00 am",0,0.262425
"Jan 22, 08:00 am",0,0.262425
"Jan 22, 09:00 am",0,0.262425
"Jan 22, 10:00 am",0,0.262425
"Jan 22, 11:00 am",0,0.262425
"Jan 22, 12:00 pm",0,0.262425
"Jan 22, 01:00 pm",0,0.262425
"Jan 22, 02:00 pm",0,0.262425
"Jan 22, 03:00 pm",0,0.262425
"Jan 22, 04:00 pm",2699.17,1.57455
"Jan 22, 05:00 pm",3240.95,1.57455
"Jan 22, 06:00 pm",2916.86,1.41854
"Jan 22, 07:00 pm",17.3803,0.262425
"Jan 22, 08:00 pm",0,0.262425
"Jan 22, 09:00 pm",0,0.262425
"Jan 22, 10:00 pm",0,0.262425
"Jan 22, 11:00 pm",0,0.262425
"Jan 23, 12:00 am",0,0.262425
"Jan 23, 01:00 am",0,0.262425
"Jan 23, 02:00 am",0,0.262425
"Jan 23, 03:00 am",0,0.262425
"Jan 23, 04:00 am",0,0.262425
"Jan 23, 05:00 am",0,0.262425
"Jan 23, 06:00 am",0,0.262425
"Jan 23, 07:00 am",0,0.314525
"Jan 23, 08:00 am",2696.97,1.53814
"Jan 23, 09:00 am",3236.71,1.57455
"Jan 23, 10:00 am",3241.37,1.57455
"Jan 23, 11:00 am",3239.16,1.57455
"Jan 23, 12:00 pm",3239.15,1.57455
"Jan 23, 01:00 pm",3239.16,1.57455
"Jan 23, 02:00 pm",3239.17,1.57455
"Jan 23, 03:00 pm",3239.16,1.57455
"Jan 23, 04:00 pm",3240.56,1.57455
"Jan 23, 05:00 pm",3240.57,1.57455
"Jan 23, 06:00 pm",2903.85,1.41215
"Jan 23, 07:00 pm",17.9718,0.262425
"Jan 23, 08:00 pm",0,0.262425
"Jan 23, 09:00 pm",0,0.262425
"Jan 23, 10:00 pm",0,0.262425
"Jan 23, 11:00 pm",0,0.262425
"Jan 24, 12:00 am",0,0.262425
"Jan 24, 01:00 am",0,0.262425
"Jan 24, 02:00 am",0,0.262425
"Jan 24, 03:00 am",0,0.262425
"Jan 24, 04:00 am",0,0.262425
"Jan 24, 05:00 am",0,0.262425
"Jan 24, 06:00 am",0,0.262425
"Jan 24, 07:00 am",0,0.262425
"Jan 24, 08:00 am",2698.36,1.53321
"Jan 24, 09:00 am",3238.46,1.57455
"Jan 24, 10:00 am",3240.94,1.57455
"Jan 24, 11:00 am",3239.13,1.57455
"Jan 24, 12:00 pm",3239.16,1.57455
"Jan 24, 01:00 pm",3239.15,1.57455
"Jan 24, 02:00 pm",3239.14,1.57455
"Jan 24, 03:00 pm",3242.81,1.57455
"Jan 24, 04:00 pm",3240.63,1.57455
"Jan 24, 05:00 pm",3241.05,1.57455
"Jan 24, 06:00 pm",2857.61,1.38955
"Jan 24, 07:00 pm",17.6604,0.262425
"Jan 24, 08:00 pm",0,0.262425
"Jan 24, 09:00 pm",0,0.262425
"Jan 24, 10:00 pm",0,0.262425
"Jan 24, 11:00 pm",0,0.262425
"Jan 25, 12:00 am",0,0.262425
"Jan 25, 01:00 am",0,0.262425
"Jan 25, 02:00 am",0,0.262425
"Jan 25, 03:00 am",0,0.262425
"Jan 25, 04:00 am",0,0.262425
"Jan 25, 05:00 am",0,0.262425
"Jan 25, 06:00 am",0,0.262425
"Jan 25, 07:00 am",0,0.262425
"Jan 25, 08:00 am",2642.58,1.50282
"Jan 25, 09:00 am",3236.64,1.57455
"Jan 25, 10:00 am",3240.74,1.57455
"Jan 25, 11:00 am",3239.08,1.57455
"Jan 25, 12:00 pm",3239.09,1.57455
"Jan 25, 01:00 pm",3239.1,1.57455
"Jan 25, 02:00 pm",3239.11,1.57455
"Jan 25, 03:00 pm",3242.63,1.57455
"Jan 25, 04:00 pm",3240.5,1.57455
"Jan 25, 05:00 pm",3241.14,1.57455
"Jan 25, 06:00 pm",2814.15,1.36831
"Jan 25, 07:00 pm",17.4628,0.262425
"Jan 25, 08:00 pm",0,0.262425
"Jan 25, 09:00 pm",0,0.262425
"Jan 25, 10:00 pm",0,0.262425
"Jan 25, 11:00 pm",0,0.262425
"Jan 26, 12:00 am",0,0.262425
"Jan 26, 01:00 am",0,0.262425
"Jan 26, 02:00 am",0,0.262425
"Jan 26, 03:00 am",0,0.262425
"Jan 26, 04:00 am",0,0.262425
"Jan 26, 05:00 am",0,0.262425
"Jan 26, 06:00 am",0,0.262425
"Jan 26, 07:00 am",0,0.262425
"Jan 26, 08:00 am",2191.82,1.48684
"Jan 26, 09:00 am",3238.72,1.57455
"Jan 26, 10:00 am",3241,1.57455
"Jan 26, 11:00 am",3239.09,1.57455
"Jan 26, 12:00 pm",3239.11,1.57455
"Jan 26, 01:00 pm",3239.16,1.57455
"Jan 26, 02:00 pm",3239.17,1.57455
"Jan 26, 03:00 pm",3239.16,1.57455
"Jan 26, 04:00 pm",3240.33,1.57455
"Jan 26, 05:00 pm",3241.06,1.57455
"Jan 26, 06:00 pm",2789.13,1.35606
"Jan 26, 07:00 pm",17.6284,0.262425
"Jan 26, 08:00 pm",0,0.262425
"Jan 26, 09:00 pm",0,0.262425
"Jan 26, 10:00 pm",0,0.262425
"Jan 26, 11:00 pm",0,0.262425
"Jan 27, 12:00 am",0,0.262425
"Jan 27, 01:00 am",0,0.262425
"Jan 27, 02:00 am",0,0.262425
"Jan 27, 03:00 am",0,0.262425
"Jan 27, 04:00 am",0,0.262425
"Jan 27, 05:00 am",0,0.262425
"Jan 27, 06:00 am",0,0.262425
"Jan 27, 07:00 am",0,0.262425
"Jan 27, 08:00 am",2151.5,1.46931
"Jan 27, 09:00 am",3236.42,1.57455
"Jan 27, 10:00 am",3240.84,1.57455
"Jan 27, 11:00 am",3239.1,1.57455
"Jan 27, 12:00 pm",3239.12,1.57455
"Jan 27, 01:00 pm",3239.14,1.57455
"Jan 27, 02:00 pm",3239.15,1.57455
"Jan 27, 03:00 pm",3242.65,1.57455
"Jan 27, 04:00 pm",3240.57,1.57455
"Jan 27, 05:00 pm",3241.17,1.57455
"Jan 27, 06:00 pm",2751.94,1.33785
"Jan 27, 07:00 pm",17.6733,0.262425
"Jan 27, 08:00 pm",0,0.262425
"Jan 27, 09:00 pm",0,0.262425
"Jan 27, 10:00 pm",0,0.262425
"Jan 27, 11:00 pm",0,0.262425
"Jan 28, 12:00 am",0,0.262425
"Jan 28, 01:00 am",0,0.262425
"Jan 28, 02:00 am",0,0.262425
"Jan 28, 03:00 am",0,0.262425
"Jan 28, 04:00 am",0,0.262425
"Jan 28, 05:00 am",0,0.262425
"Jan 28, 06:00 am",0,0.262425
"Jan 28, 07:00 am",0,0.262425
"Jan 28, 08:00 am",2154.24,1.47968
"Jan 28, 09:00 am",3238.51,1.57455
"Jan 28, 10:00 am",3241.09,1.57455
"Jan 28, 11:00 am",3239.1,1.57455
"Jan 28, 12:00 pm",3239.11,1.57455
"Jan 28, 01:00 pm",321.876,0.262425
"Jan 28, 02:00 pm",240.178,0.262425
"Jan 28, 03:00 pm",53.3403,0.262425
"Jan 28, 04:00 pm",3238.76,1.57455
"Jan 28, 05:00 pm",23.0158,0.262425
"Jan 28, 06:00 pm",2235.32,1.27973
"Jan 28, 07:00 pm",17.4124,0.262425
"Jan 28, 08:00 pm",0,0.262425
"Jan 28, 09:00 pm",0,0.262425
"Jan 28, 10:00 pm",0,0.262425
"Jan 28, 11:00 pm",0,0.262425
"Jan 29, 12:00 am",0,0.262425
"Jan 29, 01:00 am",0,0.262425
"Jan 29, 02:00 am",0,0.262425
"Jan 29, 03:00 am",0,0.262425
"Jan 29, 04:00 am",0,0.262425
"Jan 29, 05:00 am",0,0.262425
"Jan 29, 06:00 am",0,0.262425
"Jan 29, 07:00 am",0,0.262425
"Jan 29, 08:00 am",2174.41,1.13716
"Jan 29, 09:00 am",3238.52,1.57455
"Jan 29, 10:00 am",3241.18,1.57455
"Jan 29, 11:00 am",3239.09,1.57455
"Jan 29, 12:00 pm",3239.11,1.57455
"Jan 29, 01:00 pm",3239.17,1.57455
"Jan 29, 02:00 pm",3239.19,1.57455
"Jan 29, 03:00 pm",3239.18,1.57455
"Jan 29, 04:00 pm",3240.53,1.57455
"Jan 29, 05:00 pm",3240.94,1.57455
"Jan 29, 06:00 pm",2707.57,1.31612
"Jan 29, 07:00 pm",17.5734,0.262425
"Jan 29, 08:00 pm",0,0.262425
"Jan 29, 09:00 pm",0,0.262425
"Jan 29, 10:00 pm",0,0.262425
"Jan 29, 11:00 pm",0,0.262425
"Jan 30, 12:00 am",0,0.262425
"Jan 30, 01:00 am",0,0.262425
"Jan 30, 02:00 am",0,0.262425
"Jan 30, 03:00 am",0,0.262425
"Jan 30, 04:00 am",0,0.262425
"Jan 30, 05:00 am",0,0.262425
"Jan 30, 06:00 am",0,0.262425
"Jan 30, 07:00 am",0,0.262425
"Jan 30, 08:00 am",2135.39,1.47144
"Jan 30, 09:00 am",3238.32,1.57455
"Jan 30, 10:00 am",3241.29,1.57455
"Jan 30, 11:00 am",3239.16,1.57455
"Jan 30, 12:00 pm",3239.17,1.57455
"Jan 30, 01:00 pm",3239.22,1.57455
"Jan 30, 02:00 pm",3239.22,1.57455
"Jan 30, 03:00 pm",3239.2,1.57455
"Jan 30, 04:00 pm",3240.45,1.57455
"Jan 30, 05:00 pm",3241.12,1.57455
"Jan 30, 06:00 pm",2665.28,1.29539
"Jan 30, 07:00 pm",17.7406,0.262425
"Jan 30, 08:00 pm",0,0.262425
"Jan 30, 09:00 pm",0,0.262425
"Jan 30, 10:00 pm",0,0.262425
"Jan 30, 11:00 pm",0,0.262425
"Jan 31, 12:00 am",0,0.262425
"Jan 31, 01:00 am",0,0.262425
"Jan 31, 02:00 am",0,0.262425
"Jan 31, 03:00 am",0,0.262425
"Jan 31, 04:00 am",0,0.262425
"Jan 31, 05:00 am",0,0.262425
"Jan 31, 06:00 am",0,0.262425
"Jan 31, 07:00 am",0,0.262425
"Jan 31, 08:00 am",2094.18,1.44479
"Jan 31, 09:00 am",3239.18,1.57455
"Jan 31, 10:00 am",3240.95,1.57455
"Jan 31, 11:00 am",3239.13,1.57455
"Jan 31, 12:00 pm",3239.15,1.57455
"Jan 31, 01:00 pm",3239.2,1.57455
"Jan 31, 02:00 pm",3239.2,1.57455
"Jan 31, 03:00 pm",3242.58,1.57455
"Jan 31, 04:00 pm",3240.6,1.57455
"Jan 31, 05:00 pm",3241.23,1.57455
"Jan 31, 06:00 pm",2606.63,1.26659
"Jan 31, 07:00 pm",17.7602,0.262425
"Jan 31, 08:00 pm",0,0.262425
"Jan 31, 09:00 pm",0,0.262425
"Jan 31, 10:00 pm",0,0.262425
"Jan 31, 11:00 pm",0,0.262425
"Feb 1, 12:00 am",0,0.262425
"Feb 1, 01:00 am",0,0.262425
"Feb 1, 02:00 am",0,0.262425
"Feb 1, 03:00 am",0,0.262425
"Feb 1, 04:00 am",0,0.262425
"Feb 1, 05:00 am",0,0.262425
"Feb 1, 06:00 am",0,0.262425
"Feb 1, 07:00 am",0,0.262425
"Feb 1, 08:00 am",0,0.262425
"Feb 1, 09:00 am",2223.43,1.13716
"Feb 1, 10:00 am",3240.89,1.57455
"Feb 1, 11:00 am",3239.14,1.57455
"Feb 1, 12:00 pm",3239.15,1.57455
"Feb 1, 01:00 pm",3239.17,1.57455
"Feb 1, 02:00 pm",3239.17,1.57455
"Feb 1, 03:00 pm",27.128,0.262425
"Feb 1, 04:00 pm",2780.35,1.57455
"Feb 1, 05:00 pm",3241.08,1.57455
"Feb 1, 06:00 pm",2591.98,1.2594
"Feb 1, 07:00 pm",17.8654,0.262425
"Feb 1, 08:00 pm",0,0.262425
"Feb 1, 09:00 pm",0,0.262425
"Feb 1, 10:00 pm",0,0.262425
"Feb 1, 11:00 pm",0,0.262425
"Feb 2, 12:00 am",0,0.262425
"Feb 2, 01:00 am",0,0.262425
"Feb 2, 02:00 am",0,0.262425
"Feb 2, 03:00 am",0,0.262425
"Feb 2, 04:00 am",0,0.262425
"Feb 2, 05:00 am",0,0.262425
"Feb 2, 06:00 am",0,0.262425
"Feb 2, 07:00 am",0,0.262425
"Feb 2, 08:00 am",2191.55,1.13716
"Feb 2, 09:00 am",3240.26,1.57455
"Feb 2, 10:00 am",3241.27,1.57455
"Feb 2, 11:00 am",3239.19,1.57455
"Feb 2, 12:00 pm",3239.21,1.57455
"Feb 2, 01:00 pm",3239.22,1.57455
"Feb 2, 02:00 pm",3239.21,1.57455
"Feb 2, 03:00 pm",3239.2,1.57455
"Feb 2, 04:00 pm",3240.77,1.57455
"Feb 2, 05:00 pm",3240.76,1.57455
"Feb 2, 06:00 pm",2568.81,1.24804
"Feb 2, 07:00 pm",17.8474,0.262425
"Feb 2, 08:00 pm",0,0.262425
"Feb 2, 09:00 pm",0,0.262425
"Feb 2, 10:00 pm",0,0.262425
"Feb 2, 11:00 pm",0,0.262425
"Feb 3, 12:00 am",0,0.262425
"Feb 3, 01:00 am",0,0.262425
"Feb 3, 02:00 am",0,0.262425
"Feb 3, 03:00 am",0,0.262425
"Feb 3, 04:00 am",0,0.262425
"Feb 3, 05:00 am",0,0.262425
"Feb 3, 06:00 am",0,0.262425
"Feb 3, 07:00 am",0,0.262425
"Feb 3, 08:00 am",3140.4,1.52119
"Feb 3, 09:00 am",3237.54,1.57455
"Feb 3, 10:00 am",3241.27,1.57455
"Feb 3, 11:00 am",3239.16,1.57455
"Feb 3, 12:00 pm",3239.18,1.57455
"Feb 3, 01:00 pm",3239.19,1.57455
"Feb 3, 02:00 pm",3239.18,1.57455
"Feb 3, 03:00 pm",3239.17,1.57455
"Feb 3, 04:00 pm",3240.64,1.57455
"Feb 3, 05:00 pm",3241.02,1.57455
"Feb 3, 06:00 pm",2526.63,1.22733
"Feb 3, 07:00 pm",17.826,0.262425
"Feb 3, 08:00 pm",0,0.262425
"Feb 3, 09:00 pm",0,0.262425
"Feb 3, 10:00 pm",0,0.262425
"Feb 3, 11:00 pm",0,0.262425
"Feb 4, 12:00 am",0,0.262425
"Feb 4, 01:00 am",0,0.262425
"Feb 4, 02:00 am",0,0.262425
"Feb 4, 03:00 am",0,0.262425
"Feb 4, 04:00 am",0,0.262425
"Feb 4, 05:00 am",0,0.262425
"Feb 4, 06:00 am",0,0.262425
"Feb 4, 07:00 am",0,0.262425
"Feb 4, 08:00 am",3132.99,1.51883
"Feb 4, 09:00 am",3238.72,1.57455
"Feb 4, 10:00 am",3241.31,1.57455
"Feb 4, 11:00 am",3239.14,1.57455
"Feb 4, 12:00 pm",3239.15,1.57455
"Feb 4, 01:00 pm",3239.21,1.57455
"Feb 4, 02:00 pm",3239.22,1.57455
"Feb 4, 03:00 pm",3239.21,1.57455
"Feb 4, 04:00 pm",3240.55,1.57455
"Feb 4, 05:00 pm",3241.17,1.57455
"Feb 4, 06:00 pm",2458.69,1.1954
"Feb 4, 07:00 pm",17.6726,0.262425
"Feb 4, 08:00 pm",0,0.262425
"Feb 4, 09:00 pm",0,0.262425
"Feb 4, 10:00 pm",0,0.262425
"Feb 4, 11:00 pm",0,0.262425
"Feb 5, 12:00 am",0,0.262425
"Feb 5, 01:00 am",0,0.262425
"Feb 5, 02:00 am",0,0.262425
"Feb 5, 03:00 am",0,0.262425
"Feb 5, 04:00 am",0,0.262425
"Feb 5, 05:00 am",0,0.262425
"Feb 5, 06:00 am",0,0.262425
"Feb 5, 07:00 am",0,0.262425
"Feb 5, 08:00 am",3108.14,1.50581
"Feb 5, 09:00 am",3239.22,1.57455
"Feb 5, 10:00 am",3241.19,1.57455
"Feb 5, 11:00 am",3239.14,1.57455
"Feb 5, 12:00 pm",3239.17,1.57455
"Feb 5, 01:00 pm",3239.18,1.57455
"Feb 5, 02:00 pm",3239.19,1.57455
"Feb 5, 03:00 pm",3239.18,1.57455
"Feb 5, 04:00 pm",3240.45,1.57455
"Feb 5, 05:00 pm",3241.21,1.57455
"Feb 5, 06:00 pm",2400.68,1.16721
"Feb 5, 07:00 pm",17.6615,0.262425
"Feb 5, 08:00 pm",0,0.262425
"Feb 5, 09:00 pm",0,0.262425
"Feb 5, 10:00 pm",0,0.262425
"Feb 5, 11:00 pm",0,0.262425
"Feb 6, 12:00 am",0,0.262425
"Feb 6, 01:00 am",0,0.262425
"Feb 6, 02:00 am",0,0.262425
"Feb 6, 03:00 am",0,0.262425
"Feb 6, 04:00 am",0,0.262425
"Feb 6, 05:00 am",0,0.262425
"Feb 6, 06:00 am",0,0.262425
"Feb 6, 07:00 am",0,0.262425
"Feb 6, 08:00 am",2997.02,1.45771
"Feb 6, 09:00 am",3239.72,1.57455
"Feb 6, 10:00 am",3241,1.57455
"Feb 6, 11:00 am",3239.15,1.57455
"Feb 6, 12:00 pm",3239.17,1.57455
"Feb 6, 01:00 pm",3239.23,1.57455
"Feb 6, 02:00 pm",3239.22,1.57455
"Feb 6, 03:00 pm",3239.21,1.57455
"Feb 6, 04:00 pm",3240.56,1.57455
"Feb 6, 05:00 pm",3241.14,1.57455
"Feb 6, 06:00 pm",2368.29,1.15147
"Feb 6, 07:00 pm",17.4863,0.262425
"Feb 6, 08:00 pm",0,0.262425
"Feb 6, 09:00 pm",0,0.262425
"Feb 6, 10:00 pm",0,0.262425
"Feb 6, 11:00 pm",0,0.262425
"Feb 7, 12:00 am",0,0.262425
"Feb 7, 01:00 am",0,0.262425
"Feb 7, 02:00 am",0,0.262425
"Feb 7, 03:00 am",0,0.262425
"Feb 7, 04:00 am",0,0.262425
"Feb 7, 05:00 am",0,0.262425
"Feb 7, 06:00 am",0,0.262425
"Feb 7, 07:00 am",0,0.262425
"Feb 7, 08:00 am",2962.58,1.44107
"Feb 7, 09:00 am",3239.92,1.57455
"Feb 7, 10:00 am",3240.84,1.57455
"Feb 7, 11:00 am",3239.13,1.57455
"Feb 7, 12:00 pm",3239.16,1.57455
"Feb 7, 01:00 pm",3239.21,1.57455
"Feb 7, 02:00 pm",3239.21,1.57455
"Feb 7, 03:00 pm",3242.69,1.57455
"Feb 7, 04:00 pm",3240.58,1.57455
"Feb 7, 05:00 pm",3241.31,1.57455
"Feb 7, 06:00 pm",2295.95,1.11631
"Feb 7, 07:00 pm",17.5497,0.262425
"Feb 7, 08:00 pm",0,0.262425
"Feb 7, 09:00 pm",0,0.262425
"Feb 7, 10:00 pm",0,0.262425
"Feb 7, 11:00 pm",0,0.262425
"Feb 8, 12:00 am",0,0.262425
"Feb 8, 01:00 am",0,0.262425
"Feb 8, 02:00 am",0,0.262425
"Feb 8, 03:00 am",0,0.262425
"Feb 8, 04:00 am",0,0.262425
"Feb 8, 05:00 am",0,0.262425
"Feb 8, 06:00 am",0,0.262425
"Feb 8, 07:00 am",0,0.262425
"Feb 8, 08:00 am",2980.26,1.44961
"Feb 8, 09:00 am",3239.54,1.57455
"Feb 8, 10:00 am",3241.09,1.57455
"Feb 8, 11:00 am",3239.15,1.57455
"Feb 8, 12:00 pm",3239.19,1.57455
"Feb 8, 01:00 pm",3239.24,1.57455
"Feb 8, 02:00 pm",3239.23,1.57455
"Feb 8, 03:00 pm",3242.96,1.57455
"Feb 8, 04:00 pm",3240.72,1.57455
"Feb 8, 05:00 pm",3241.31,1.57455
"Feb 8, 06:00 pm",2240.07,1.08917
"Feb 8, 07:00 pm",17.512,0.262425
"Feb 8, 08:00 pm",0,0.262425
"Feb 8, 09:00 pm",0,0.262425
"Feb 8, 10:00 pm",0,0.262425
"Feb 8, 11:00 pm",0,0.262425
"Feb 9, 12:00 am",0,0.262425
"Feb 9, 01:00 am",0,0.262425
"Feb 9, 02:00 am",0,0.262425
"Feb 9, 03:00 am",0,0.262425
"Feb 9, 04:00 am",0,0.262425
"Feb 9, 05:00 am",0,0.262425
"Feb 9, 06:00 am",0,0.262425
"Feb 9, 07:00 am",0,0.262425
"Feb 9, 08:00 am",2431.06,1.37841
"Feb 9, 09:00 am",3240.51,1.57455
"Feb 9, 10:00 am",3240.61,1.57455
"Feb 9, 11:00 am",3239.17,1.57455
"Feb 9, 12:00 pm",3239.19,1.57455
"Feb 9, 01:00 pm",3239.21,1.57455
"Feb 9, 02:00 pm",3239.2,1.57455
"Feb 9, 03:00 pm",3242.59,1.57455
"Feb 9, 04:00 pm",3240.56,1.57455
"Feb 9, 05:00 pm",3241.36,1.57455
"Feb 9, 06:00 pm",2177.22,1.05861
"Feb 9, 07:00 pm",17.7058,0.262425
"Feb 9, 08:00 pm",0,0.262425
"Feb 9, 09:00 pm",0,0.262425
"Feb 9, 10:00 pm",0,0.262425
"Feb 9, 11:00 pm",0,0.262425
"Feb 10, 12:00 am",0,0.262425
"Feb 10, 01:00 am",0,0.262425
"Feb 10, 02:00 am",0,0.262425
"Feb 10, 03:00 am",0,0.262425
"Feb 10, 04:00 am",0,0.262425
"Feb 10, 05:00 am",0,0.262425
"Feb 10, 06:00 am",0,0.262425
"Feb 10, 07:00 am",0,0.262425
"Feb 10, 08:00 am",2369.34,1.34585
"Feb 10, 09:00 am",3240.88,1.57455
"Feb 10, 10:00 am",3240.37,1.57455
"Feb 10, 11:00 am",3242.66,1.57455
"Feb 10, 12:00 pm",3239.46,1.57455
"Feb 10, 01:00 pm",3239.18,1.57455
"Feb 10, 02:00 pm",3239.2,1.57455
"Feb 10, 03:00 pm",3242.32,1.57455
"Feb 10, 04:00 pm",3240.39,1.57455
"Feb 10, 05:00 pm",3241.37,1.57455
"Feb 10, 06:00 pm",2114.88,1.02831
"Feb 10, 07:00 pm",17.6637,0.262425
"Feb 10, 08:00 pm",0,0.262425
"Feb 10, 09:00 pm",0,0.262425
"Feb 10, 10:00 pm",0,0.262425
"Feb 10, 11:00 pm",0,0.262425
"Feb 11, 12:00 am",0,0.262425
"Feb 11, 01:00 am",0,0.262425
"Feb 11, 02:00 am",0,0.262425
"Feb 11, 03:00 am",0,0.262425
"Feb 11, 04:00 am",0,0.262425
"Feb 11, 05:00 am",0,0.262425
"Feb 11, 06:00 am",0,0.262425
"Feb 11, 07:00 am",0,0.262425
"Feb 11, 08:00 am",2309.9,1.31242
"Feb 11, 09:00 am",3241.11,1.57455
"Feb 11, 10:00 am",3239.98,1.57455
"Feb 11, 11:00 am",3241.81,1.57455
"Feb 11, 12:00 pm",3242.89,1.57455
"Feb 11, 01:00 pm",3239.48,1.57455
"Feb 11, 02:00 pm",3242.36,1.57455
"Feb 11, 03:00 pm",3241.77,1.57455
"Feb 11, 04:00 pm",3239.76,1.57455
"Feb 11, 05:00 pm",3241.17,1.57455
"Feb 11, 06:00 pm",2009.74,0.977234
"Feb 11, 07:00 pm",17.3288,0.262425
"Feb 11, 08:00 pm",0,0.262425
"Feb 11, 09:00 pm",0,0.262425
"Feb 11, 10:00 pm",0,0.262425
"Feb 11, 11:00 pm",0,0.262425
"Feb 12, 12:00 am",0,0.262425
"Feb 12, 01:00 am",0,0.262425
"Feb 12, 02:00 am",0,0.262425
"Feb 12, 03:00 am",0,0.262425
"Feb 12, 04:00 am",0,0.262425
"Feb 12, 05:00 am",0,0.262425
"Feb 12, 06:00 am",0,0.262425
"Feb 12, 07:00 am",0,0.262425
"Feb 12, 08:00 am",2206.4,1.25444
"Feb 12, 09:00 am",3241.24,1.57455
"Feb 12, 10:00 am",3239.56,1.57455
"Feb 12, 11:00 am",3241.12,1.57455
"Feb 12, 12:00 pm",3241.76,1.57455
"Feb 12, 01:00 pm",3239.25,1.57455
"Feb 12, 02:00 pm",3241.67,1.57455
"Feb 12, 03:00 pm",3241.14,1.57455
"Feb 12, 04:00 pm",3239.49,1.57455
"Feb 12, 05:00 pm",3240.87,1.57455
"Feb 12, 06:00 pm",1906.88,0.927238
"Feb 12, 07:00 pm",17.2315,0.262425
"Feb 12, 08:00 pm",0,0.262425
"Feb 12, 09:00 pm",0,0.262425
"Feb 12, 10:00 pm",0,0.262425
"Feb 12, 11:00 pm",0,0.262425
"Feb 13, 12:00 am",0,0.262425
"Feb 13, 01:00 am",0,0.262425
"Feb 13, 02:00 am",0,0.262425
"Feb 13, 03:00 am",0,0.262425
"Feb 13, 04:00 am",0,0.262425
"Feb 13, 05:00 am",0,0.262425
"Feb 13, 06:00 am",0,0.262425
"Feb 13, 07:00 am",0,0.262425
"Feb 13, 08:00 am",2236.36,1.2715
"Feb 13, 09:00 am",3241.21,1.57455
"Feb 13, 10:00 am",3239.72,1.57455
"Feb 13, 11:00 am",3241.46,1.57455
"Feb 13, 12:00 pm",3242.08,1.57455
"Feb 13, 01:00 pm",3239.31,1.57455
"Feb 13, 02:00 pm",3241.84,1.57455
"Feb 13, 03:00 pm",3241.29,1.57455
"Feb 13, 04:00 pm",3239.5,1.57455
"Feb 13, 05:00 pm",3240.83,1.57455
"Feb 13, 06:00 pm",1844.85,0.897082
"Feb 13, 07:00 pm",17.2613,0.262425
"Feb 13, 08:00 pm",0,0.262425
"Feb 13, 09:00 pm",0,0.262425
"Feb 13, 10:00 pm",0,0.262425
"Feb 13, 11:00 pm",0,0.262425
"Feb 14, 12:00 am",0,0.262425
"Feb 14, 01:00 am",0,0.262425
"Feb 14, 02:00 am",0,0.262425
"Feb 14, 03:00 am",0,0.262425
"Feb 14, 04:00 am",0,0.262425
"Feb 14, 05:00 am",0,0.262425
"Feb 14, 06:00 am",0,0.262425
"Feb 14, 07:00 am",0,0.262425
"Feb 14, 08:00 am",2205.02,1.25398
"Feb 14, 09:00 am",3241.28,1.57455
"Feb 14, 10:00 am",3239.71,1.57455
"Feb 14, 11:00 am",3241.47,1.57455
"Feb 14, 12:00 pm",3242.1,1.57455
"Feb 14, 01:00 pm",3239.34,1.57455
"Feb 14, 02:00 pm",3241.9,1.57455
"Feb 14, 03:00 pm",3241.37,1.57455
"Feb 14, 04:00 pm",3239.51,1.57455
"Feb 14, 05:00 pm",3240.8,1.57455
"Feb 14, 06:00 pm",1787.95,0.869415
"Feb 14, 07:00 pm",17.2502,0.262425
"Feb 14, 08:00 pm",0,0.262425
"Feb 14, 09:00 pm",0,0.262425
"Feb 14, 10:00 pm",0,0.262425
"Feb 14, 11:00 pm",0,0.262425
"Feb 15, 12:00 am",0,0.262425
"Feb 15, 01:00 am",0,0.262425
"Feb 15, 02:00 am",0,0.262425
"Feb 15, 03:00 am",0,0.262425
"Feb 15, 04:00 am",0,0.262425
"Feb 15, 05:00 am",0,0.262425
"Feb 15, 06:00 am",0,0.262425
"Feb 15, 07:00 am",0,0.262425
"Feb 15, 08:00 am",2152.26,1.22459
"Feb 15, 09:00 am",3241.3,1.57455
"Feb 15, 10:00 am",3239.49,1.57455
"Feb 15, 11:00 am",3240.98,1.57455
"Feb 15, 12:00 pm",3241.54,1.57455
"Feb 15, 01:00 pm",3242.79,1.57455
"Feb 15, 02:00 pm",3241.67,1.57455
"Feb 15, 03:00 pm",3240.72,1.57455
"Feb 15, 04:00 pm",3239.35,1.57455
"Feb 15, 05:00 pm",3240.67,1.57455
"Feb 15, 06:00 pm",1700.76,0.827027
"Feb 15, 07:00 pm",17.079,0.262425
"Feb 15, 08:00 pm",0,0.262425
"Feb 15, 09:00 pm",0,0.262425
"Feb 15, 10:00 pm",0,0.262425
"Feb 15, 11:00 pm",0,0.262425
"Feb 16, 12:00 am",0,0.262425
"Feb 16, 01:00 am",0,0.262425
"Feb 16, 02:00 am",0,0.262425
"Feb 16, 03:00 am",0,0.262425
"Feb 16, 04:00 am",0,0.262425
"Feb 16, 05:00 am",0,0.262425
"Feb 16, 06:00 am",0,0.262425
"Feb 16, 07:00 am",0,0.262425
"Feb 16, 08:00 am",2080.48,1.18607
"Feb 16, 09:00 am",3240.57,1.57455
"Feb 16, 10:00 am",3239.35,1.57455
"Feb 16, 11:00 am",3240.51,1.57455
"Feb 16, 12:00 pm",3241.11,1.57455
"Feb 16, 01:00 pm",3242,1.57455
"Feb 16, 02:00 pm",3241.21,1.57455
"Feb 16, 03:00 pm",3240.52,1.57455
"Feb 16, 04:00 pm",3239.32,1.57455
"Feb 16, 05:00 pm",3240.65,1.57455
"Feb 16, 06:00 pm",1631.6,0.793387
"Feb 16, 07:00 pm",17.1024,0.262425
"Feb 16, 08:00 pm",0,0.262425
"Feb 16, 09:00 pm",0,0.262425
"Feb 16, 10:00 pm",0,0.262425
"Feb 16, 11:00 pm",0,0.262425
"Feb 17, 12:00 am",0,0.262425
"Feb 17, 01:00 am",0,0.262425
"Feb 17, 02:00 am",0,0.262425
"Feb 17, 03:00 am",0,0.262425
"Feb 17, 04:00 am",0,0.262425
"Feb 17, 05:00 am",0,0.262425
"Feb 17, 06:00 am",0,0.262425
"Feb 17, 07:00 am",0,0.262425
"Feb 17, 08:00 am",2119.81,1.20839
"Feb 17, 09:00 am",3240.92,1.57455
"Feb 17, 10:00 am",3239.54,1.57455
"Feb 17, 11:00 am",3241.24,1.57455
"Feb 17, 12:00 pm",3241.75,1.57455
"Feb 17, 01:00 pm",3239.24,1.57455
"Feb 17, 02:00 pm",3241.51,1.57455
"Feb 17, 03:00 pm",3240.96,1.57455
"Feb 17, 04:00 pm",3239.41,1.57455
"Feb 17, 05:00 pm",3240.72,1.57455
"Feb 17, 06:00 pm",1593.81,0.775013
"Feb 17, 07:00 pm",17.0625,0.262425
"Feb 17, 08:00 pm",0,0.262425
"Feb 17, 09:00 pm",0,0.262425
"Feb 17, 10:00 pm",0,0.262425
"Feb 17, 11:00 pm",0,0.262425
"Feb 18, 12:00 am",0,0.262425
"Feb 18, 01:00 am",0,0.262425
"Feb 18, 02:00 am",0,0.262425
"Feb 18, 03:00 am",0,0.262425
"Feb 18, 04:00 am",0,0.262425
"Feb 18, 05:00 am",0,0.262425
"Feb 18, 06:00 am",0,0.262425
"Feb 18, 07:00 am",0,0.262425
"Feb 18, 08:00 am",2118.39,1.2076
"Feb 18, 09:00 am",3240.95,1.57455
"Feb 18, 10:00 am",3239.54,1.57455
"Feb 18, 11:00 am",3241.13,1.57455
"Feb 18, 12:00 pm",3241.6,1.57455
"Feb 18, 01:00 pm",3242.67,1.57455
"Feb 18, 02:00 pm",3241.61,1.57455
"Feb 18, 03:00 pm",3240.7,1.57455
"Feb 18, 04:00 pm",3239.33,1.57455
"Feb 18, 05:00 pm",3240.61,1.57455
"Feb 18, 06:00 pm",1527.88,0.742961
"Feb 18, 07:00 pm",16.8565,0.262425
"Feb 18, 08:00 pm",0,0.262425
"Feb 18, 09:00 pm",0,0.262425
"Feb 18, 10:00 pm",0,0.262425
"Feb 18, 11:00 pm",0,0.262425
"Feb 19, 12:00 am",0,0.262425
"Feb 19, 01:00 am",0,0.262425
"Feb 19, 02:00 am",0,0.262425
"Feb 19, 03:00 am",0,0.262425
"Feb 19, 04:00 am",0,0.262425
"Feb 19, 05:00 am",0,0.262425
"Feb 19, 06:00 am",0,0.262425
"Feb 19, 07:00 am",0,0.262425
"Feb 19, 08:00 am",1719.69,1.17879
"Feb 19, 09:00 am",3241.27,1.57455
"Feb 19, 10:00 am",3239.55,1.57455
"Feb 19, 11:00 am",3241.13,1.57455
"Feb 19, 12:00 pm",3241.63,1.57455
"Feb 19, 01:00 pm",3242.75,1.57455
"Feb 19, 02:00 pm",3241.7,1.57455
"Feb 19, 03:00 pm",3240.79,1.57455
"Feb 19, 04:00 pm",3239.37,1.57455
"Feb 19, 05:00 pm",3240.64,1.57455
"Feb 19, 06:00 pm",1467.91,0.713783
"Feb 19, 07:00 pm",17.1283,0.262425
"Feb 19, 08:00 pm",0,0.262425
"Feb 19, 09:00 pm",0,0.262425
"Feb 19, 10:00 pm",0,0.262425
"Feb 19, 11:00 pm",0,0.262425
"Feb 20, 12:00 am",0,0.262425
"Feb 20, 01:00 am",0,0.262425
"Feb 20, 02:00 am",0,0.262425
"Feb 20, 03:00 am",0,0.262425
"Feb 20, 04:00 am",0,0.262425
"Feb 20, 05:00 am",0,0.262425
"Feb 20, 06:00 am",0,0.262425
"Feb 20, 07:00 am",0,0.262425
"Feb 20, 08:00 am",1649.66,1.14479
"Feb 20, 09:00 am",3240.66,1.57455
"Feb 20, 10:00 am",3239.44,1.57455
"Feb 20, 11:00 am",3240.76,1.57455
"Feb 20, 12:00 pm",3241.36,1.57455
"Feb 20, 01:00 pm",3242.16,1.57455
"Feb 20, 02:00 pm",3241.48,1.57455
"Feb 20, 03:00 pm",3240.73,1.57455
"Feb 20, 04:00 pm",3239.38,1.57455
"Feb 20, 05:00 pm",3240.66,1.57455
"Feb 20, 06:00 pm",1417.4,0.689229
"Feb 20, 07:00 pm",16.9957,0.262425
"Feb 20, 08:00 pm",0,0.262425
"Feb 20, 09:00 pm",0,0.262425
"Feb 20, 10:00 pm",0,0.262425
"Feb 20, 11:00 pm",0,0.262425
"Feb 21, 12:00 am",0,0.262425
"Feb 21, 01:00 am",0,0.262425
"Feb 21, 02:00 am",0,0.262425
"Feb 21, 03:00 am",0,0.262425
"Feb 21, 04:00 am",0,0.262425
"Feb 21, 05:00 am",0,0.262425
"Feb 21, 06:00 am",0,0.262425
"Feb 21, 07:00 am",0,0.262425
"Feb 21, 08:00 am",1673.3,1.16106
"Feb 21, 09:00 am",3240.92,1.57455
"Feb 21, 10:00 am",3239.64,1.57455
"Feb 21, 11:00 am",3241.36,1.57455
"Feb 21, 12:00 pm",3241.93,1.57455
"Feb 21, 01:00 pm",3239.3,1.57455
"Feb 21, 02:00 pm",3241.75,1.57455
"Feb 21, 03:00 pm",3241.3,1.57455
"Feb 21, 04:00 pm",3239.53,1.57455
"Feb 21, 05:00 pm",3240.78,1.57455
"Feb 21, 06:00 pm",1389.71,0.675763
"Feb 21, 07:00 pm",17.1085,0.262425
"Feb 21, 08:00 pm",0,0.262425
"Feb 21, 09:00 pm",0,0.262425
"Feb 21, 10:00 pm",0,0.262425
"Feb 21, 11:00 pm",0,0.262425
"Feb 22, 12:00 am",0,0.262425
"Feb 22, 01:00 am",0,0.262425
"Feb 22, 02:00 am",0,0.262425
"Feb 22, 03:00 am",0,0.262425
"Feb 22, 04:00 am",0,0.262425
"Feb 22, 05:00 am",0,0.262425
"Feb 22, 06:00 am",0,0.262425
"Feb 22, 07:00 am",0,0.262425
"Feb 22, 08:00 am",1686.7,1.16979
"Feb 22, 09:00 am",3240.99,1.57455
"Feb 22, 10:00 am",3239.69,1.57455
"Feb 22, 11:00 am",3241.28,1.57455
"Feb 22, 12:00 pm",3241.74,1.57455
"Feb 22, 01:00 pm",3242.75,1.57455
"Feb 22, 02:00 pm",3241.77,1.57455
"Feb 22, 03:00 pm",3240.83,1.57455
"Feb 22, 04:00 pm",3239.39,1.57455
"Feb 22, 05:00 pm",3240.55,1.57455
"Feb 22, 06:00 pm",1308.87,0.636462
"Feb 22, 07:00 pm",17.1125,0.262425
"Feb 22, 08:00 pm",0,0.262425
"Feb 22, 09:00 pm",0,0.262425
"Feb 22, 10:00 pm",0,0.262425
"Feb 22, 11:00 pm",0,0.262425
"Feb 23, 12:00 am",0,0.262425
"Feb 23, 01:00 am",0,0.262425
"Feb 23, 02:00 am",0,0.262425
"Feb 23, 03:00 am",0,0.262425
"Feb 23, 04:00 am",0,0.262425
"Feb 23, 05:00 am",0,0.262425
"Feb 23, 06:00 am",0,0.262425
"Feb 23, 07:00 am",0,0.262425
"Feb 23, 08:00 am",1603.85,1.1148
"Feb 23, 09:00 am",22.0447,0.262425
"Feb 23, 10:00 am",0,0.262425
"Feb 23, 11:00 am",0,0.262425
"Feb 23, 12:00 pm",0,0.262425
"Feb 23, 01:00 pm",0,0.262425
"Feb 23, 02:00 pm",39.786,0.262425
"Feb 23, 03:00 pm",23.2701,0.262425
"Feb 23, 04:00 pm",0,0.262425
"Feb 23, 05:00 pm",0,0.262425
"Feb 23, 06:00 pm",0,0.262425
"Feb 23, 07:00 pm",0,0.262425
"Feb 23, 08:00 pm",0,0.262425
"Feb 23, 09:00 pm",0,0.262425
"Feb 23, 10:00 pm",0,0.262425
"Feb 23, 11:00 pm",0,0.262425
"Feb 24, 12:00 am",0,0.262425
"Feb 24, 01:00 am",0,0.262425
"Feb 24, 02:00 am",0,0.262425
"Feb 24, 03:00 am",0,0.262425
"Feb 24, 04:00 am",0,0.262425
"Feb 24, 05:00 am",0,0.262425
"Feb 24, 06:00 am",0,0.262425
"Feb 24, 07:00 am",0,0.262425
"Feb 24, 08:00 am",1540.31,1.07502
"Feb 24, 09:00 am",3240.33,1.57455
"Feb 24, 10:00 am",3239.23,1.57455
"Feb 24, 11:00 am",3240.23,1.57455
"Feb 24, 12:00 pm",32.5869,0.262425
"Feb 24, 01:00 pm",30.9521,0.262425
"Feb 24, 02:00 pm",28.0508,0.262425
"Feb 24, 03:00 pm",22.6391,0.262425
"Feb 24, 04:00 pm",0,0.262425
"Feb 24, 05:00 pm",0,0.262425
"Feb 24, 06:00 pm",0,0.262425
"Feb 24, 07:00 pm",0,0.262425
"Feb 24, 08:00 pm",0,0.262425
"Feb 24, 09:00 pm",0,0.262425
"Feb 24, 10:00 pm",0,0.262425
"Feb 24, 11:00 pm",0,0.262425
"Feb 25, 12:00 am",0,0.262425
"Feb 25, 01:00 am",0,0.262425
"Feb 25, 02:00 am",0,0.262425
"Feb 25, 03:00 am",0,0.262425
"Feb 25, 04:00 am",0,0.262425
"Feb 25, 05:00 am",0,0.262425
"Feb 25, 06:00 am",0,0.262425
"Feb 25, 07:00 am",0,0.262425
"Feb 25, 08:00 am",0,0.262425
"Feb 25, 09:00 am",0,0.262425
"Feb 25, 10:00 am",0,0.262425
"Feb 25, 11:00 am",0,0.262425
"Feb 25, 12:00 pm",0,0.262425
"Feb 25, 01:00 pm",0,0.262425
"Feb 25, 02:00 pm",0,0.262425
"Feb 25, 03:00 pm",2701.75,1.57455
"Feb 25, 04:00 pm",3239.36,1.57455
"Feb 25, 05:00 pm",3239.98,1.57455
"Feb 25, 06:00 pm",1084.33,0.527518
"Feb 25, 07:00 pm",16.7075,0.262425
"Feb 25, 08:00 pm",0,0.262425
"Feb 25, 09:00 pm",0,0.262425
"Feb 25, 10:00 pm",0,0.262425
"Feb 25, 11:00 pm",0,0.262425
"Feb 26, 12:00 am",0,0.262425
"Feb 26, 01:00 am",0,0.262425
"Feb 26, 02:00 am",0,0.262425
"Feb 26, 03:00 am",0,0.262425
"Feb 26, 04:00 am",0,0.262425
"Feb 26, 05:00 am",0,0.262425
"Feb 26, 06:00 am",0,0.262425
"Feb 26, 07:00 am",0,0.262425
"Feb 26, 08:00 am",1337.14,0.772026
"Feb 26, 09:00 am",3240.89,1.57455
"Feb 26, 10:00 am",3239.34,1.57455
"Feb 26, 11:00 am",3240.49,1.57455
"Feb 26, 12:00 pm",3241.04,1.57455
"Feb 26, 01:00 pm",3241.69,1.57455
"Feb 26, 02:00 pm",3241.09,1.57455
"Feb 26, 03:00 pm",3240.48,1.57455
"Feb 26, 04:00 pm",3239.33,1.57455
"Feb 26, 05:00 pm",3240.28,1.57455
"Feb 26, 06:00 pm",1050.71,0.511152
"Feb 26, 07:00 pm",16.9865,0.262425
"Feb 26, 08:00 pm",0,0.262425
"Feb 26, 09:00 pm",0,0.262425
"Feb 26, 10:00 pm",0,0.262425
"Feb 26, 11:00 pm",0,0.262425
"Feb 27, 12:00 am",0,0.262425
"Feb 27, 01:00 am",0,0.262425
"Feb 27, 02:00 am",0,0.262425
"Feb 27, 03:00 am",0,0.262425
"Feb 27, 04:00 am",0,0.262425
"Feb 27, 05:00 am",0,0.262425
"Feb 27, 06:00 am",0,0.262425
"Feb 27, 07:00 am",0,0.262425
"Feb 27, 08:00 am",1354.82,0.780228
"Feb 27, 09:00 am",3240.82,1.57455
"Feb 27, 10:00 am",3239.42,1.57455
"Feb 27, 11:00 am",3240.55,1.57455
"Feb 27, 12:00 pm",3240.98,1.57455
"Feb 27, 01:00 pm",3241.49,1.57455
"Feb 27, 02:00 pm",3240.73,1.57455
"Feb 27, 03:00 pm",3240.1,1.57455
"Feb 27, 04:00 pm",24.3615,0.262425
"Feb 27, 05:00 pm",0,0.262425
"Feb 27, 06:00 pm",0,0.262425
"Feb 27, 07:00 pm",0,0.262425
"Feb 27, 08:00 pm",0,0.262425
"Feb 27, 09:00 pm",0,0.262425
"Feb 27, 10:00 pm",0,0.262425
"Feb 27, 11:00 pm",0,0.262425
"Feb 28, 12:00 am",0,0.262425
"Feb 28, 01:00 am",0,0.262425
"Feb 28, 02:00 am",0,0.262425
"Feb 28, 03:00 am",0,0.262425
"Feb 28, 04:00 am",0,0.262425
"Feb 28, 05:00 am",0,0.262425
"Feb 28, 06:00 am",0,0.262425
"Feb 28, 07:00 am",0,0.262425
"Feb 28, 08:00 am",0,0.262425
"Feb 28, 09:00 am",2202.48,1.13716
"Feb 28, 10:00 am",3239.35,1.57455
"Feb 28, 11:00 am",3240.02,1.57455
"Feb 28, 12:00 pm",3240.48,1.57455
"Feb 28, 01:00 pm",104.442,0.262425
"Feb 28, 02:00 pm",23.177,0.262425
"Feb 28, 03:00 pm",0,0.262425
"Feb 28, 04:00 pm",2763.39,1.57455
"Feb 28, 05:00 pm",3239.79,1.57455
"Feb 28, 06:00 pm",903.607,0.439838
"Feb 28, 07:00 pm",16.3626,0.262425
"Feb 28, 08:00 pm",0,0.262425
"Feb 28, 09:00 pm",0,0.262425
"Feb 28, 10:00 pm",0,0.262425
"Feb 28, 11:00 pm",0,0.262425
"Mar 1, 12:00 am",0,0.262425
"Mar 1, 01:00 am",0,0.262425
"Mar 1, 02:00 am",0,0.262425
"Mar 1, 03:00 am",0,0.262425
"Mar 1, 04:00 am",0,0.262425
"Mar 1, 05:00 am",0,0.262425
"Mar 1, 06:00 am",0,0.262425
"Mar 1, 07:00 am",0,0.262425
"Mar 1, 08:00 am",1216.64,0.715968
"Mar 1, 09:00 am",3240.59,1.57455
"Mar 1, 10:00 am",3239.23,1.57455
"Mar 1, 11:00 am",3240.12,1.57455
"Mar 1, 12:00 pm",3240.65,1.57455
"Mar 1, 01:00 pm",3241.34,1.57455
"Mar 1, 02:00 pm",3240.8,1.57455
"Mar 1, 03:00 pm",3240.28,1.57455
"Mar 1, 04:00 pm",3239.26,1.57455
"Mar 1, 05:00 pm",3239.91,1.57455
"Mar 1, 06:00 pm",862.447,0.419859
"Mar 1, 07:00 pm",16.6029,0.262425
"Mar 1, 08:00 pm",0,0.262425
"Mar 1, 09:00 pm",0,0.262425
"Mar 1, 10:00 pm",0,0.262425
"Mar 1, 11:00 pm",0,0.262425
"Mar 2, 12:00 am",0,0.262425
"Mar 2, 01:00 am",0,0.262425
"Mar 2, 02:00 am",0,0.262425
"Mar 2, 03:00 am",0,0.262425
"Mar 2, 04:00 am",0,0.262425
"Mar 2, 05:00 am",0,0.262425
"Mar 2, 06:00 am",0,0.262425
"Mar 2, 07:00 am",0,0.262425
"Mar 2, 08:00 am",1190.71,0.703874
"Mar 2, 09:00 am",3240.39,1.57455
"Mar 2, 10:00 am",3239.16,1.57455
"Mar 2, 11:00 am",3239.87,1.57455
"Mar 2, 12:00 pm",3240.28,1.57455
"Mar 2, 01:00 pm",3240.78,1.57455
"Mar 2, 02:00 pm",3240.23,1.57455
"Mar 2, 03:00 pm",3239.81,1.57455
"Mar 2, 04:00 pm",3239.15,1.57455
"Mar 2, 05:00 pm",3239.55,1.57455
"Mar 2, 06:00 pm",793.39,0.38632
"Mar 2, 07:00 pm",16.6041,0.262425
"Mar 2, 08:00 pm",0,0.262425
"Mar 2, 09:00 pm",0,0.262425
"Mar 2, 10:00 pm",0,0.262425
"Mar 2, 11:00 pm",0,0.262425
"Mar 3, 12:00 am",0,0.262425
"Mar 3, 01:00 am",0,0.262425
"Mar 3, 02:00 am",0,0.262425
"Mar 3, 03:00 am",0,0.262425
"Mar 3, 04:00 am",0,0.262425
"Mar 3, 05:00 am",0,0.262425
"Mar 3, 06:00 am",0,0.262425
"Mar 3, 07:00 am",0,0.262425
"Mar 3, 08:00 am",1142.69,0.68132
"Mar 3, 09:00 am",3240.12,1.57455
"Mar 3, 10:00 am",3239.15,1.57455
"Mar 3, 11:00 am",3239.66,1.57455
"Mar 3, 12:00 pm",3240.04,1.57455
"Mar 3, 01:00 pm",3240.51,1.57455
"Mar 3, 02:00 pm",3240.02,1.57455
"Mar 3, 03:00 pm",3239.68,1.57455
"Mar 3, 04:00 pm",3236.1,1.57455
"Mar 3, 05:00 pm",3239.46,1.57455
"Mar 3, 06:00 pm",730.476,0.355743
"Mar 3, 07:00 pm",16.6164,0.262425
"Mar 3, 08:00 pm",0,0.262425
"Mar 3, 09:00 pm",0,0.262425
"Mar 3, 10:00 pm",0,0.262425
"Mar 3, 11:00 pm",0,0.262425
"Mar 4, 12:00 am",0,0.262425
"Mar 4, 01:00 am",0,0.262425
"Mar 4, 02:00 am",0,0.262425
"Mar 4, 03:00 am",0,0.262425
"Mar 4, 04:00 am",0,0.262425
"Mar 4, 05:00 am",0,0.262425
"Mar 4, 06:00 am",0,0.262425
"Mar 4, 07:00 am",0,0.262425
"Mar 4, 08:00 am",0,0.262425
"Mar 4, 09:00 am",2199.16,1.13716
"Mar 4, 10:00 am",3239.42,1.57455
"Mar 4, 11:00 am",3239.63,1.57455
"Mar 4, 12:00 pm",3239.97,1.57455
"Mar 4, 01:00 pm",3240.41,1.57455
"Mar 4, 02:00 pm",24.8169,0.262425
"Mar 4, 03:00 pm",2773.91,1.57455
"Mar 4, 04:00 pm",23.8778,0.262425
"Mar 4, 05:00 pm",2715.19,1.56197
"Mar 4, 06:00 pm",670.284,0.326553
"Mar 4, 07:00 pm",16.4185,0.262425
"Mar 4, 08:00 pm",0,0.262425
"Mar 4, 09:00 pm",0,0.262425
"Mar 4, 10:00 pm",0,0.262425
"Mar 4, 11:00 pm",0,0.262425
"Mar 5, 12:00 am",0,0.262425
"Mar 5, 01:00 am",0,0.262425
"Mar 5, 02:00 am",0,0.262425
"Mar 5, 03:00 am",0,0.262425
"Mar 5, 04:00 am",0,0.262425
"Mar 5, 05:00 am",0,0.262425
"Mar 5, 06:00 am",0,0.262425
"Mar 5, 07:00 am",0,0.262425
"Mar 5, 08:00 am",0,0.262425
"Mar 5, 09:00 am",0,0.262425
"Mar 5, 10:00 am",2227.71,1.13716
"Mar 5, 11:00 am",3239.49,1.57455
"Mar 5, 12:00 pm",24.1737,0.262425
"Mar 5, 01:00 pm",2775.32,1.57455
"Mar 5, 02:00 pm",3239.48,1.57455
"Mar 5, 03:00 pm",3239.47,1.57455
"Mar 5, 04:00 pm",3237.44,1.57455
"Mar 5, 05:00 pm",3239,1.57455
"Mar 5, 06:00 pm",600.315,0.292497
"Mar 5, 07:00 pm",16.3513,0.262425
"Mar 5, 08:00 pm",0,0.262425
"Mar 5, 09:00 pm",0,0.262425
"Mar 5, 10:00 pm",0,0.262425
"Mar 5, 11:00 pm",0,0.262425
"Mar 6, 12:00 am",0,0.262425
"Mar 6, 01:00 am",0,0.262425
"Mar 6, 02:00 am",0,0.262425
"Mar 6, 03:00 am",0,0.262425
"Mar 6, 04:00 am",0,0.262425
"Mar 6, 05:00 am",0,0.262425
"Mar 6, 06:00 am",0,0.262425
"Mar 6, 07:00 am",0,0.262425
"Mar 6, 08:00 am",0,0.262425
"Mar 6, 09:00 am",0,0.262425
"Mar 6, 10:00 am",0,0.262425
"Mar 6, 11:00 am",2705.12,1.35584
"Mar 6, 12:00 pm",3239.77,1.57455
"Mar 6, 01:00 pm",3239.99,1.57455
"Mar 6, 02:00 pm",3239.55,1.57455
"Mar 6, 03:00 pm",3239.53,1.57455
"Mar 6, 04:00 pm",3236.66,1.57455
"Mar 6, 05:00 pm",3240.03,1.57455
"Mar 6, 06:00 pm",547.385,0.266955
"Mar 6, 07:00 pm",15.8143,0.262425
"Mar 6, 08:00 pm",0,0.262425
"Mar 6, 09:00 pm",0,0.262425
"Mar 6, 10:00 pm",0,0.262425
"Mar 6, 11:00 pm",0,0.262425
"Mar 7, 12:00 am",0,0.262425
"Mar 7, 01:00 am",0,0.262425
"Mar 7, 02:00 am",0,0.262425
"Mar 7, 03:00 am",0,0.262425
"Mar 7, 04:00 am",0,0.262425
"Mar 7, 05:00 am",0,0.262425
"Mar 7, 06:00 am",0,0.262425
"Mar 7, 07:00 am",0,0.262425
"Mar 7, 08:00 am",1035.89,0.631563
"Mar 7, 09:00 am",3239.49,1.57455
"Mar 7, 10:00 am",3234.88,1.57455
"Mar 7, 11:00 am",3239.42,1.57455
"Mar 7, 12:00 pm",3239.63,1.57455
"Mar 7, 01:00 pm",3240.04,1.57455
"Mar 7, 02:00 pm",3239.68,1.57455
"Mar 7, 03:00 pm",3239.45,1.57455
"Mar 7, 04:00 pm",3242.77,1.57455
"Mar 7, 05:00 pm",3242.06,1.57455
"Mar 7, 06:00 pm",508.361,0.262425
"Mar 7, 07:00 pm",16.0777,0.262425
"Mar 7, 08:00 pm",0,0.262425
"Mar 7, 09:00 pm",0,0.262425
"Mar 7, 10:00 pm",0,0.262425
"Mar 7, 11:00 pm",0,0.262425
"Mar 8, 12:00 am",0,0.262425
"Mar 8, 01:00 am",0,0.262425
"Mar 8, 02:00 am",0,0.262425
"Mar 8, 03:00 am",0,0.262425
"Mar 8, 04:00 am",0,0.262425
"Mar 8, 05:00 am",0,0.262425
"Mar 8, 06:00 am",0,0.262425
"Mar 8, 07:00 am",0,0.262425
"Mar 8, 08:00 am",988.299,0.60937
"Mar 8, 09:00 am",3239.29,1.57455
"Mar 8, 10:00 am",3236.64,1.57455
"Mar 8, 11:00 am",3239.35,1.57455
"Mar 8, 12:00 pm",3239.38,1.57455
"Mar 8, 01:00 pm",3239.86,1.57455
"Mar 8, 02:00 pm",3239.57,1.57455
"Mar 8, 03:00 pm",3239.37,1.57455
"Mar 8, 04:00 pm",3239.35,1.57455
"Mar 8, 05:00 pm",3236.79,1.57455
"Mar 8, 06:00 pm",456.003,0.262425
"Mar 8, 07:00 pm",16.0638,0.262425
"Mar 8, 08:00 pm",0,0.262425
"Mar 8, 09:00 pm",0,0.262425
"Mar 8, 10:00 pm",0,0.262425
"Mar 8, 11:00 pm",0,0.262425
"Mar 9, 12:00 am",0,0.262425
"Mar 9, 01:00 am",0,0.262425
"Mar 9, 02:00 am",0,0.262425
"Mar 9, 03:00 am",0,0.262425
"Mar 9, 04:00 am",0,0.262425
"Mar 9, 05:00 am",0,0.262425
"Mar 9, 06:00 am",0,0.262425
"Mar 9, 07:00 am",0,0.262425
"Mar 9, 08:00 am",0,0.262425
"Mar 9, 09:00 am",2194.73,1.13716
"Mar 9, 10:00 am",3235.69,1.57455
"Mar 9, 11:00 am",3239.4,1.57455
"Mar 9, 12:00 pm",3239.43,1.57455
"Mar 9, 01:00 pm",3239.95,1.57455
"Mar 9, 02:00 pm",3239.62,1.57455
"Mar 9, 03:00 pm",3239.4,1.57455
"Mar 9, 04:00 pm",3239.38,1.57455
"Mar 9, 05:00 pm",3236.57,1.57455
"Mar 9, 06:00 pm",410.209,0.262425
"Mar 9, 07:00 pm",16.1202,0.262425
"Mar 9, 08:00 pm",0,0.262425
"Mar 9, 09:00 pm",0,0.262425
"Mar 9, 10:00 pm",0,0.262425
"Mar 9, 11:00 pm",0,0.262425
"Mar 10, 12:00 am",0,0.262425
"Mar 10, 01:00 am",0,0.262425
"Mar 10, 02:00 am",0,0.262425
"Mar 10, 03:00 am",0,0.262425
"Mar 10, 04:00 am",0,0.262425
"Mar 10, 05:00 am",0,0.262425
"Mar 10, 06:00 am",0,0.262425
"Mar 10, 07:00 am",0,0.262425
"Mar 10, 08:00 am",982.701,0.606752
"Mar 10, 09:00 am",3239.26,1.57455
"Mar 10, 10:00 am",3236.35,1.57455
"Mar 10, 11:00 am",3239.33,1.57455
"Mar 10, 12:00 pm",3239.36,1.57455
"Mar 10, 01:00 pm",3239.69,1.57455
"Mar 10, 02:00 pm",3239.69,1.57455
"Mar 10, 03:00 pm",3239.25,1.57455
"Mar 10, 04:00 pm",3240.49,1.57455
"Mar 10, 05:00 pm",3239,1.57455
"Mar 10, 06:00 pm",355.643,0.262425
"Mar 10, 07:00 pm",15.9939,0.262425
"Mar 10, 08:00 pm",0,0.262425
"Mar 10, 09:00 pm",0,0.262425
"Mar 10, 10:00 pm",0,0.262425
"Mar 10, 11:00 pm",0,0.262425
"Mar 11, 12:00 am",0,0.262425
"Mar 11, 01:00 am",0,0.262425
"Mar 11, 02:00 am",0,0.262425
"Mar 11, 03:00 am",0,0.262425
"Mar 11, 04:00 am",0,0.262425
"Mar 11, 05:00 am",0,0.262425
"Mar 11, 06:00 am",0,0.262425
"Mar 11, 07:00 am",0,0.262425
"Mar 11, 08:00 am",0,0.262425
"Mar 11, 09:00 am",0,0.262425
"Mar 11, 10:00 am",0,0.262425
"Mar 11, 11:00 am",2704.55,1.35584
"Mar 11, 12:00 pm",3239.49,1.57455
"Mar 11, 01:00 pm",3239.8,1.57455
"Mar 11, 02:00 pm",3239.45,1.57455
"Mar 11, 03:00 pm",25.2091,0.262425
"Mar 11, 04:00 pm",0,0.262425
"Mar 11, 05:00 pm",0,0.262425
"Mar 11, 06:00 pm",0,0.262425
"Mar 11, 07:00 pm",0,0.262425
"Mar 11, 08:00 pm",0,0.262425
"Mar 11, 09:00 pm",0,0.262425
"Mar 11, 10:00 pm",0,0.262425
"Mar 11, 11:00 pm",0,0.262425
"Mar 12, 12:00 am",0,0.262425
"Mar 12, 01:00 am",0,0.262425
"Mar 12, 02:00 am",0,0.262425
"Mar 12, 03:00 am",0,0.262425
"Mar 12, 04:00 am",0,0.262425
"Mar 12, 05:00 am",0,0.262425
"Mar 12, 06:00 am",0,0.262425
"Mar 12, 07:00 am",0,0.262425
"Mar 12, 08:00 am",0,0.262425
"Mar 12, 09:00 am",0,0.262425
"Mar 12, 10:00 am",0,0.262425
"Mar 12, 11:00 am",2231.83,1.13716
"Mar 12, 12:00 pm",3239.38,1.57455
"Mar 12, 01:00 pm",3239.76,1.57455
"Mar 12, 02:00 pm",3239.47,1.57455
"Mar 12, 03:00 pm",3239.45,1.57455
"Mar 12, 04:00 pm",3239.44,1.57455
"Mar 12, 05:00 pm",3235.34,1.57455
"Mar 12, 06:00 pm",278.175,0.262425
"Mar 12, 07:00 pm",15.6647,0.262425
"Mar 12, 08:00 pm",0,0.262425
"Mar 12, 09:00 pm",0,0.262425
"Mar 12, 10:00 pm",0,0.262425
"Mar 12, 11:00 pm",0,0.262425
"Mar 13, 12:00 am",0,0.262425
"Mar 13, 01:00 am",0,0.262425
"Mar 13, 02:00 am",0,0.262425
"Mar 13, 03:00 am",0,0.262425
"Mar 13, 04:00 am",0,0.262425
"Mar 13, 05:00 am",0,0.262425
"Mar 13, 06:00 am",0,0.262425
"Mar 13, 07:00 am",0,0.262425
"Mar 13, 08:00 am",1006.97,0.620203
"Mar 13, 09:00 am",3239.91,1.57455
"Mar 13, 10:00 am",3239.18,1.57455
"Mar 13, 11:00 am",3239.98,1.57455
"Mar 13, 12:00 pm",3240.02,1.57455
"Mar 13, 01:00 pm",3240.56,1.57455
"Mar 13, 02:00 pm",3239.99,1.57455
"Mar 13, 03:00 pm",3239.56,1.57455
"Mar 13, 04:00 pm",3238.79,1.57455
"Mar 13, 05:00 pm",3235.73,1.57455
"Mar 13, 06:00 pm",250.606,0.262425
"Mar 13, 07:00 pm",15.7617,0.262425
"Mar 13, 08:00 pm",0,0.262425
"Mar 13, 09:00 pm",0,0.262425
"Mar 13, 10:00 pm",0,0.262425
"Mar 13, 11:00 pm",0,0.262425
"Mar 14, 12:00 am",0,0.262425
"Mar 14, 01:00 am",0,0.262425
"Mar 14, 02:00 am",0,0.262425
"Mar 14, 03:00 am",0,0.262425
"Mar 14, 04:00 am",0,0.262425
"Mar 14, 05:00 am",0,0.262425
"Mar 14, 06:00 am",0,0.262425
"Mar 14, 07:00 am",0,0.262425
"Mar 14, 08:00 am",0,0.262425
"Mar 14, 09:00 am",0,0.262425
"Mar 14, 10:00 am",0,0.262425
"Mar 14, 11:00 am",0,0.262425
"Mar 14, 12:00 pm",0,0.262425
"Mar 14, 01:00 pm",0,0.262425
"Mar 14, 02:00 pm",0,0.262425
"Mar 14, 03:00 pm",0,0.262425
"Mar 14, 04:00 pm",0,0.262425
"Mar 14, 05:00 pm",0,0.262425
"Mar 14, 06:00 pm",0,0.262425
"Mar 14, 07:00 pm",0,0.262425
"Mar 14, 08:00 pm",0,0.262425
"Mar 14, 09:00 pm",0,0.262425
"Mar 14, 10:00 pm",0,0.262425
"Mar 14, 11:00 pm",0,0.262425
"Mar 15, 12:00 am",0,0.262425
"Mar 15, 01:00 am",0,0.262425
"Mar 15, 02:00 am",0,0.262425
"Mar 15, 03:00 am",0,0.262425
"Mar 15, 04:00 am",0,0.262425
"Mar 15, 05:00 am",0,0.262425
"Mar 15, 06:00 am",0,0.262425
"Mar 15, 07:00 am",0,0.262425
"Mar 15, 08:00 am",0,0.262425
"Mar 15, 09:00 am",0,0.262425
"Mar 15, 10:00 am",0,0.262425
"Mar 15, 11:00 am",0,0.262425
"Mar 15, 12:00 pm",0,0.262425
"Mar 15, 01:00 pm",0,0.262425
"Mar 15, 02:00 pm",0,0.262425
"Mar 15, 03:00 pm",0,0.262425
"Mar 15, 04:00 pm",0,0.262425
"Mar 15, 05:00 pm",0,0.262425
"Mar 15, 06:00 pm",0,0.262425
"Mar 15, 07:00 pm",0,0.262425
"Mar 15, 08:00 pm",0,0.262425
"Mar 15, 09:00 pm",0,0.262425
"Mar 15, 10:00 pm",0,0.262425
"Mar 15, 11:00 pm",0,0.262425
"Mar 16, 12:00 am",0,0.262425
"Mar 16, 01:00 am",0,0.262425
"Mar 16, 02:00 am",0,0.262425
"Mar 16, 03:00 am",0,0.262425
"Mar 16, 04:00 am",0,0.262425
"Mar 16, 05:00 am",0,0.262425
"Mar 16, 06:00 am",0,0.262425
"Mar 16, 07:00 am",0,0.262425
"Mar 16, 08:00 am",0,0.437856
"Mar 16, 09:00 am",3247.37,1.57455
"Mar 16, 10:00 am",3238.36,1.57455
"Mar 16, 11:00 am",3239.19,1.57455
"Mar 16, 12:00 pm",3239.21,1.57455
"Mar 16, 01:00 pm",3239.39,1.57455
"Mar 16, 02:00 pm",3239.38,1.57455
"Mar 16, 03:00 pm",3239.13,1.57455
"Mar 16, 04:00 pm",3241.24,1.57455
"Mar 16, 05:00 pm",3202.79,1.55705
"Mar 16, 06:00 pm",115.789,0.262425
"Mar 16, 07:00 pm",15.6101,0.262425
"Mar 16, 08:00 pm",0,0.262425
"Mar 16, 09:00 pm",0,0.262425
"Mar 16, 10:00 pm",0,0.262425
"Mar 16, 11:00 pm",0,0.262425
"Mar 17, 12:00 am",0,0.262425
"Mar 17, 01:00 am",0,0.262425
"Mar 17, 02:00 am",0,0.262425
"Mar 17, 03:00 am",0,0.262425
"Mar 17, 04:00 am",0,0.262425
"Mar 17, 05:00 am",0,0.262425
"Mar 17, 06:00 am",0,0.262425
"Mar 17, 07:00 am",0,0.262425
"Mar 17, 08:00 am",607.366,0.558051
"Mar 17, 09:00 am",3239.29,1.57455
"Mar 17, 10:00 am",3237.13,1.57455
"Mar 17, 11:00 am",3239.3,1.57455
"Mar 17, 12:00 pm",3239.33,1.57455
"Mar 17, 01:00 pm",3239.55,1.57455
"Mar 17, 02:00 pm",3239.56,1.57455
"Mar 17, 03:00 pm",3239.55,1.57455
"Mar 17, 04:00 pm",3240.91,1.57455
"Mar 17, 05:00 pm",3238.24,1.57455
"Mar 17, 06:00 pm",91.4138,0.262425
"Mar 17, 07:00 pm",15.9275,0.262425
"Mar 17, 08:00 pm",0,0.262425
"Mar 17, 09:00 pm",0,0.262425
"Mar 17, 10:00 pm",0,0.262425
"Mar 17, 11:00 pm",0,0.262425
"Mar 18, 12:00 am",0,0.262425
"Mar 18, 01:00 am",0,0.262425
"Mar 18, 02:00 am",0,0.262425
"Mar 18, 03:00 am",0,0.262425
"Mar 18, 04:00 am",0,0.262425
"Mar 18, 05:00 am",0,0.262425
"Mar 18, 06:00 am",0,0.262425
"Mar 18, 07:00 am",0,0.262425
"Mar 18, 08:00 am",622.796,0.568282
"Mar 18, 09:00 am",3239.42,1.57455
"Mar 18, 10:00 am",3235.44,1.57455
"Mar 18, 11:00 am",3239.43,1.57455
"Mar 18, 12:00 pm",3239.46,1.57455
"Mar 18, 01:00 pm",3239.68,1.57455
"Mar 18, 02:00 pm",3239.67,1.57455
"Mar 18, 03:00 pm",3239.28,1.57455
"Mar 18, 04:00 pm",3241.11,1.57455
"Mar 18, 05:00 pm",3200.9,1.55612
"Mar 18, 06:00 pm",62.9777,0.262425
"Mar 18, 07:00 pm",16.0029,0.262425
"Mar 18, 08:00 pm",0,0.262425
"Mar 18, 09:00 pm",0,0.262425
"Mar 18, 10:00 pm",0,0.262425
"Mar 18, 11:00 pm",0,0.262425
"Mar 19, 12:00 am",0,0.262425
"Mar 19, 01:00 am",0,0.262425
"Mar 19, 02:00 am",0,0.262425
"Mar 19, 03:00 am",0,0.262425
"Mar 19, 04:00 am",0,0.262425
"Mar 19, 05:00 am",0,0.262425
"Mar 19, 06:00 am",0,0.262425
"Mar 19, 07:00 am",0,0.262425
"Mar 19, 08:00 am",274.03,0.432785
"Mar 19, 09:00 am",3238.94,1.57455
"Mar 19, 10:00 am",3239.7,1.57455
"Mar 19, 11:00 am",3239.19,1.57455
"Mar 19, 12:00 pm",3239.23,1.57455
"Mar 19, 01:00 pm",3239.25,1.57455
"Mar 19, 02:00 pm",3239.24,1.57455
"Mar 19, 03:00 pm",3239.21,1.57455
"Mar 19, 04:00 pm",3241.31,1.57455
"Mar 19, 05:00 pm",3096.39,1.50531
"Mar 19, 06:00 pm",32.7552,0.262425
"Mar 19, 07:00 pm",15.746,0.262425
"Mar 19, 08:00 pm",0,0.262425
"Mar 19, 09:00 pm",0,0.262425
"Mar 19, 10:00 pm",0,0.262425
"Mar 19, 11:00 pm",0,0.262425
"Mar 20, 12:00 am",0,0.262425
"Mar 20, 01:00 am",0,0.262425
"Mar 20, 02:00 am",0,0.262425
"Mar 20, 03:00 am",0,0.262425
"Mar 20, 04:00 am",0,0.262425
"Mar 20, 05:00 am",0,0.262425
"Mar 20, 06:00 am",0,0.262425
"Mar 20, 07:00 am",0,0.262425
"Mar 20, 08:00 am",265.848,0.42801
"Mar 20, 09:00 am",3238.69,1.57455
"Mar 20, 10:00 am",3239.96,1.57455
"Mar 20, 11:00 am",3239.13,1.57455
"Mar 20, 12:00 pm",3239.15,1.57455
"Mar 20, 01:00 pm",3239.24,1.57455
"Mar 20, 02:00 pm",3239.26,1.57455
"Mar 20, 03:00 pm",3236.06,1.57455
"Mar 20, 04:00 pm",3241.29,1.57455
"Mar 20, 05:00 pm",3024.97,1.47071
"Mar 20, 06:00 pm",27.993,0.262425
"Mar 20, 07:00 pm",11.5881,0.262425
"Mar 20, 08:00 pm",0,0.262425
"Mar 20, 09:00 pm",0,0.262425
"Mar 20, 10:00 pm",0,0.262425
"Mar 20, 11:00 pm",0,0.262425
"Mar 21, 12:00 am",0,0.262425
"Mar 21, 01:00 am",0,0.262425
"Mar 21, 02:00 am",0,0.262425
"Mar 21, 03:00 am",0,0.262425
"Mar 21, 04:00 am",0,0.262425
"Mar 21, 05:00 am",0,0.262425
"Mar 21, 06:00 am",0,0.262425
"Mar 21, 07:00 am",0,0.262425
"Mar 21, 08:00 am",258.843,0.424459
"Mar 21, 09:00 am",3238.56,1.57455
"Mar 21, 10:00 am",3239.86,1.57455
"Mar 21, 11:00 am",3239.14,1.57455
"Mar 21, 12:00 pm",3239.17,1.57455
"Mar 21, 01:00 pm",3239.26,1.57455
"Mar 21, 02:00 pm",3239.25,1.57455
"Mar 21, 03:00 pm",3235.67,1.57455
"Mar 21, 04:00 pm",3241.28,1.57455
"Mar 21, 05:00 pm",3015.89,1.46632
"Mar 21, 06:00 pm",24.8895,0.262425
"Mar 21, 07:00 pm",0,0.262425
"Mar 21, 08:00 pm",0,0.262425
"Mar 21, 09:00 pm",0,0.262425
"Mar 21, 10:00 pm",0,0.262425
"Mar 21, 11:00 pm",0,0.262425
"Mar 22, 12:00 am",0,0.262425
"Mar 22, 01:00 am",0,0.262425
"Mar 22, 02:00 am",0,0.262425
"Mar 22, 03:00 am",0,0.262425
"Mar 22, 04:00 am",0,0.262425
"Mar 22, 05:00 am",0,0.262425
"Mar 22, 06:00 am",0,0.262425
"Mar 22, 07:00 am",0,0.262425
"Mar 22, 08:00 am",0,0.421013
"Mar 22, 09:00 am",3238.31,1.57455
"Mar 22, 10:00 am",3239.94,1.57455
"Mar 22, 11:00 am",3239.11,1.57455
"Mar 22, 12:00 pm",3239.14,1.57455
"Mar 22, 01:00 pm",3239.2,1.57455
"Mar 22, 02:00 pm",3239.21,1.57455
"Mar 22, 03:00 pm",3237.4,1.57455
"Mar 22, 04:00 pm",3241.09,1.57455
"Mar 22, 05:00 pm",2916.04,1.41812
"Mar 22, 06:00 pm",22.0158,0.262425
"Mar 22, 07:00 pm",0,0.262425
"Mar 22, 08:00 pm",0,0.262425
"Mar 22, 09:00 pm",0,0.262425
"Mar 22, 10:00 pm",0,0.262425
"Mar 22, 11:00 pm",0,0.262425
"Mar 23, 12:00 am",0,0.262425
"Mar 23, 01:00 am",0,0.262425
"Mar 23, 02:00 am",0,0.262425
"Mar 23, 03:00 am",0,0.262425
"Mar 23, 04:00 am",0,0.262425
"Mar 23, 05:00 am",0,0.262425
"Mar 23, 06:00 am",0,0.262425
"Mar 23, 07:00 am",0,0.262425
"Mar 23, 08:00 am",0,0.414405
"Mar 23, 09:00 am",3234.7,1.57455
"Mar 23, 10:00 am",3240.2,1.57455
"Mar 23, 11:00 am",3239.09,1.57455
"Mar 23, 12:00 pm",3239.12,1.57455
"Mar 23, 01:00 pm",3239.2,1.57455
"Mar 23, 02:00 pm",3239.21,1.57455
"Mar 23, 03:00 pm",3236.42,1.57455
"Mar 23, 04:00 pm",3241.2,1.57455
"Mar 23, 05:00 pm",2938.37,1.42888
"Mar 23, 06:00 pm",19.5207,0.262425
"Mar 23, 07:00 pm",0,0.262425
"Mar 23, 08:00 pm",0,0.262425
"Mar 23, 09:00 pm",0,0.262425
"Mar 23, 10:00 pm",0,0.262425
"Mar 23, 11:00 pm",0,0.262425
"Mar 24, 12:00 am",0,0.262425
"Mar 24, 01:00 am",0,0.262425
"Mar 24, 02:00 am",0,0.262425
"Mar 24, 03:00 am",0,0.262425
"Mar 24, 04:00 am",0,0.262425
"Mar 24, 05:00 am",0,0.262425
"Mar 24, 06:00 am",0,0.262425
"Mar 24, 07:00 am",0,0.262425
"Mar 24, 08:00 am",0,0.41422
"Mar 24, 09:00 am",3234.44,1.57455
"Mar 24, 10:00 am",3240.52,1.57455
"Mar 24, 11:00 am",3239.06,1.57455
"Mar 24, 12:00 pm",3234.95,1.57455
"Mar 24, 01:00 pm",3239.13,1.57455
"Mar 24, 02:00 pm",3234.97,1.57455
"Mar 24, 03:00 pm",3238.11,1.57455
"Mar 24, 04:00 pm",3240.99,1.57455
"Mar 24, 05:00 pm",2852.88,1.38724
"Mar 24, 06:00 pm",17.5731,0.262425
"Mar 24, 07:00 pm",0,0.262425
"Mar 24, 08:00 pm",0,0.262425
"Mar 24, 09:00 pm",0,0.262425
"Mar 24, 10:00 pm",0,0.262425
"Mar 24, 11:00 pm",0,0.262425
"Mar 25, 12:00 am",0,0.262425
"Mar 25, 01:00 am",0,0.262425
"Mar 25, 02:00 am",0,0.262425
"Mar 25, 03:00 am",0,0.262425
"Mar 25, 04:00 am",0,0.262425
"Mar 25, 05:00 am",0,0.262425
"Mar 25, 06:00 am",0,0.262425
"Mar 25, 07:00 am",0,0.262425
"Mar 25, 08:00 am",0,0.411146
"Mar 25, 09:00 am",3238.2,1.57455
"Mar 25, 10:00 am",3240.59,1.57455
"Mar 25, 11:00 am",3239.01,1.57455
"Mar 25, 12:00 pm",3235.13,1.57455
"Mar 25, 01:00 pm",3239.07,1.57455
"Mar 25, 02:00 pm",3235.03,1.57455
"Mar 25, 03:00 pm",3238.48,1.57455
"Mar 25, 04:00 pm",22.1363,0.262425
"Mar 25, 05:00 pm",0,0.262425
"Mar 25, 06:00 pm",0,0.262425
"Mar 25, 07:00 pm",0,0.262425
"Mar 25, 08:00 pm",0,0.262425
"Mar 25, 09:00 pm",0,0.262425
"Mar 25, 10:00 pm",0,0.262425
"Mar 25, 11:00 pm",0,0.262425
"Mar 26, 12:00 am",0,0.262425
"Mar 26, 01:00 am",0,0.262425
"Mar 26, 02:00 am",0,0.262425
"Mar 26, 03:00 am",0,0.262425
"Mar 26, 04:00 am",0,0.262425
"Mar 26, 05:00 am",0,0.262425
"Mar 26, 06:00 am",0,0.262425
"Mar 26, 07:00 am",0,0.262425
"Mar 26, 08:00 am",0,0.412865
"Mar 26, 09:00 am",3238.21,1.57455
"Mar 26, 10:00 am",3240.39,1.57455
"Mar 26, 11:00 am",3239.04,1.57455
"Mar 26, 12:00 pm",3239.07,1.57455
"Mar 26, 01:00 pm",3239.13,1.57455
"Mar 26, 02:00 pm",3239.14,1.57455
"Mar 26, 03:00 pm",3237.13,1.57455
"Mar 26, 04:00 pm",3241.07,1.57455
"Mar 26, 05:00 pm",2709.27,1.31697
"Mar 26, 06:00 pm",17.1395,0.262425
"Mar 26, 07:00 pm",0,0.262425
"Mar 26, 08:00 pm",0,0.262425
"Mar 26, 09:00 pm",0,0.262425
"Mar 26, 10:00 pm",0,0.262425
"Mar 26, 11:00 pm",0,0.262425
"Mar 27, 12:00 am",0,0.262425
"Mar 27, 01:00 am",0,0.262425
"Mar 27, 02:00 am",0,0.262425
"Mar 27, 03:00 am",0,0.262425
"Mar 27, 04:00 am",0,0.262425
"Mar 27, 05:00 am",0,0.262425
"Mar 27, 06:00 am",0,0.262425
"Mar 27, 07:00 am",0,0.262425
"Mar 27, 08:00 am",0,0.406732
"Mar 27, 09:00 am",3238.2,1.57455
"Mar 27, 10:00 am",3240.84,1.57455
"Mar 27, 11:00 am",3235.75,1.57455
"Mar 27, 12:00 pm",3236.16,1.57455
"Mar 27, 01:00 pm",25.8423,0.262425
"Mar 27, 02:00 pm",0,0.262425
"Mar 27, 03:00 pm",0,0.262425
"Mar 27, 04:00 pm",0,0.262425
"Mar 27, 05:00 pm",0,0.262425
"Mar 27, 06:00 pm",0,0.262425
"Mar 27, 07:00 pm",0,0.262425
"Mar 27, 08:00 pm",0,0.262425
"Mar 27, 09:00 pm",0,0.262425
"Mar 27, 10:00 pm",0,0.262425
"Mar 27, 11:00 pm",0,0.262425
"Mar 28, 12:00 am",0,0.262425
"Mar 28, 01:00 am",0,0.262425
"Mar 28, 02:00 am",0,0.262425
"Mar 28, 03:00 am",0,0.262425
"Mar 28, 04:00 am",0,0.262425
"Mar 28, 05:00 am",0,0.262425
"Mar 28, 06:00 am",0,0.262425
"Mar 28, 07:00 am",0,0.262425
"Mar 28, 08:00 am",0,0.400827
"Mar 28, 09:00 am",2713.63,1.54592
"Mar 28, 10:00 am",3241.1,1.57455
"Mar 28, 11:00 am",3237.03,1.57455
"Mar 28, 12:00 pm",3237.26,1.57455
"Mar 28, 01:00 pm",3239.12,1.57455
"Mar 28, 02:00 pm",3236.76,1.57455
"Mar 28, 03:00 pm",3239.91,1.57455
"Mar 28, 04:00 pm",3240.75,1.57455
"Mar 28, 05:00 pm",2451.17,1.19176
"Mar 28, 06:00 pm",17.3739,0.262425
"Mar 28, 07:00 pm",0,0.262425
"Mar 28, 08:00 pm",0,0.262425
"Mar 28, 09:00 pm",0,0.262425
"Mar 28, 10:00 pm",0,0.262425
"Mar 28, 11:00 pm",0,0.262425
"Mar 29, 12:00 am",0,0.262425
"Mar 29, 01:00 am",0,0.262425
"Mar 29, 02:00 am",0,0.262425
"Mar 29, 03:00 am",0,0.262425
"Mar 29, 04:00 am",0,0.262425
"Mar 29, 05:00 am",0,0.262425
"Mar 29, 06:00 am",0,0.262425
"Mar 29, 07:00 am",0,0.262425
"Mar 29, 08:00 am",0,0.398879
"Mar 29, 09:00 am",2737.74,1.54528
"Mar 29, 10:00 am",3241.22,1.57455
"Mar 29, 11:00 am",3237.05,1.57455
"Mar 29, 12:00 pm",3237.22,1.57455
"Mar 29, 01:00 pm",3239.12,1.57455
"Mar 29, 02:00 pm",3236.81,1.57455
"Mar 29, 03:00 pm",3241.67,1.57455
"Mar 29, 04:00 pm",3240.89,1.57455
"Mar 29, 05:00 pm",2368.52,1.15159
"Mar 29, 06:00 pm",17.5423,0.262425
"Mar 29, 07:00 pm",0,0.262425
"Mar 29, 08:00 pm",0,0.262425
"Mar 29, 09:00 pm",0,0.262425
"Mar 29, 10:00 pm",0,0.262425
"Mar 29, 11:00 pm",0,0.262425
"Mar 30, 12:00 am",0,0.262425
"Mar 30, 01:00 am",0,0.262425
"Mar 30, 02:00 am",0,0.262425
"Mar 30, 03:00 am",0,0.262425
"Mar 30, 04:00 am",0,0.262425
"Mar 30, 05:00 am",0,0.262425
"Mar 30, 06:00 am",0,0.262425
"Mar 30, 07:00 am",0,0.262425
"Mar 30, 08:00 am",0,0.401608
"Mar 30, 09:00 am",2738.05,1.54839
"Mar 30, 10:00 am",3240.91,1.57455
"Mar 30, 11:00 am",3235.62,1.57455
"Mar 30, 12:00 pm",3236.4,1.57455
"Mar 30, 01:00 pm",3239.15,1.57455
"Mar 30, 02:00 pm",3237.04,1.57455
"Mar 30, 03:00 pm",3235.63,1.57455
"Mar 30, 04:00 pm",3240.71,1.57455
"Mar 30, 05:00 pm",2247.57,1.09282
"Mar 30, 06:00 pm",17.3075,0.262425
"Mar 30, 07:00 pm",0,0.262425
"Mar 30, 08:00 pm",0,0.262425
"Mar 30, 09:00 pm",0,0.262425
"Mar 30, 10:00 pm",0,0.262425
"Mar 30, 11:00 pm",0,0.262425
"Mar 31, 12:00 am",0,0.262425
"Mar 31, 01:00 am",0,0.262425
"Mar 31, 02:00 am",0,0.262425
"Mar 31, 03:00 am",0,0.262425
"Mar 31, 04:00 am",0,0.262425
"Mar 31, 05:00 am",0,0.262425
"Mar 31, 06:00 am",0,0.262425
"Mar 31, 07:00 am",0,0.262425
"Mar 31, 08:00 am",0,0.390129
"Mar 31, 09:00 am",2697.2,1.53928
"Mar 31, 10:00 am",3241.26,1.57455
"Mar 31, 11:00 am",3236.36,1.57455
"Mar 31, 12:00 pm",3235.62,1.57455
"Mar 31, 01:00 pm",3238.05,1.57455
"Mar 31, 02:00 pm",3239.33,1.57455
"Mar 31, 03:00 pm",3240.51,1.57455
"Mar 31, 04:00 pm",3240.48,1.57455
"Mar 31, 05:00 pm",2084.23,1.01345
"Mar 31, 06:00 pm",17.1696,0.262425
"Mar 31, 07:00 pm",0,0.262425
"Mar 31, 08:00 pm",0,0.262425
"Mar 31, 09:00 pm",0,0.262425
"Mar 31, 10:00 pm",0,0.262425
"Mar 31, 11:00 pm",0,0.262425
"Apr 1, 12:00 am",0,0.262425
"Apr 1, 01:00 am",0,0.262425
"Apr 1, 02:00 am",0,0.262425
"Apr 1, 03:00 am",0,0.262425
"Apr 1, 04:00 am",0,0.262425
"Apr 1, 05:00 am",0,0.262425
"Apr 1, 06:00 am",0,0.262425
"Apr 1, 07:00 am",0,0.262425
"Apr 1, 08:00 am",0,0.262425
"Apr 1, 09:00 am",0,0.262425
"Apr 1, 10:00 am",0,0.262425
"Apr 1, 11:00 am",0,0.262425
"Apr 1, 12:00 pm",2218.31,1.13716
"Apr 1, 01:00 pm",3240.21,1.57455
"Apr 1, 02:00 pm",3240.65,1.57455
"Apr 1, 03:00 pm",3241.18,1.57455
"Apr 1, 04:00 pm",3240,1.57455
"Apr 1, 05:00 pm",1931.24,0.939123
"Apr 1, 06:00 pm",16.4769,0.262425
"Apr 1, 07:00 pm",0,0.262425
"Apr 1, 08:00 pm",0,0.262425
"Apr 1, 09:00 pm",0,0.262425
"Apr 1, 10:00 pm",0,0.262425
"Apr 1, 11:00 pm",0,0.262425
"Apr 2, 12:00 am",0,0.262425
"Apr 2, 01:00 am",0,0.262425
"Apr 2, 02:00 am",0,0.262425
"Apr 2, 03:00 am",0,0.262425
"Apr 2, 04:00 am",0,0.262425
"Apr 2, 05:00 am",0,0.262425
"Apr 2, 06:00 am",0,0.262425
"Apr 2, 07:00 am",0,0.262425
"Apr 2, 08:00 am",0,0.320922
"Apr 2, 09:00 am",2690.91,1.52884
"Apr 2, 10:00 am",3241.08,1.57455
"Apr 2, 11:00 am",3240.12,1.57455
"Apr 2, 12:00 pm",3240.15,1.57455
"Apr 2, 01:00 pm",3239.61,1.57455
"Apr 2, 02:00 pm",3240.53,1.57455
"Apr 2, 03:00 pm",3241.09,1.57455
"Apr 2, 04:00 pm",3240.04,1.57455
"Apr 2, 05:00 pm",1867.65,0.90821
"Apr 2, 06:00 pm",16.4477,0.262425
"Apr 2, 07:00 pm",0,0.262425
"Apr 2, 08:00 pm",0,0.262425
"Apr 2, 09:00 pm",0,0.262425
"Apr 2, 10:00 pm",0,0.262425
"Apr 2, 11:00 pm",0,0.262425
"Apr 3, 12:00 am",0,0.262425
"Apr 3, 01:00 am",0,0.262425
"Apr 3, 02:00 am",0,0.262425
"Apr 3, 03:00 am",0,0.262425
"Apr 3, 04:00 am",0,0.262425
"Apr 3, 05:00 am",0,0.262425
"Apr 3, 06:00 am",0,0.262425
"Apr 3, 07:00 am",0,0.262425
"Apr 3, 08:00 am",0,0.262425
"Apr 3, 09:00 am",2616.76,1.4885
"Apr 3, 10:00 am",22.0839,0.262425
"Apr 3, 11:00 am",0,0.262425
"Apr 3, 12:00 pm",0,0.262425
"Apr 3, 01:00 pm",0,0.262425
"Apr 3, 02:00 pm",0,0.262425
"Apr 3, 03:00 pm",0,0.262425
"Apr 3, 04:00 pm",0,0.262425
"Apr 3, 05:00 pm",0,0.262425
"Apr 3, 06:00 pm",0,0.262425
"Apr 3, 07:00 pm",0,0.262425
"Apr 3, 08:00 pm",0,0.262425
"Apr 3, 09:00 pm",0,0.262425
"Apr 3, 10:00 pm",0,0.262425
"Apr 3, 11:00 pm",0,0.262425
"Apr 4, 12:00 am",0,0.262425
"Apr 4, 01:00 am",0,0.262425
"Apr 4, 02:00 am",0,0.262425
"Apr 4, 03:00 am",0,0.262425
"Apr 4, 04:00 am",0,0.262425
"Apr 4, 05:00 am",0,0.262425
"Apr 4, 06:00 am",0,0.262425
"Apr 4, 07:00 am",0,0.262425
"Apr 4, 08:00 am",0,0.262425
"Apr 4, 09:00 am",2083.82,1.43804
"Apr 4, 10:00 am",3240.58,1.57455
"Apr 4, 11:00 am",3241.13,1.57455
"Apr 4, 12:00 pm",3241.17,1.57455
"Apr 4, 01:00 pm",3241.11,1.57455
"Apr 4, 02:00 pm",3241.26,1.57455
"Apr 4, 03:00 pm",3241.26,1.57455
"Apr 4, 04:00 pm",3239.6,1.57455
"Apr 4, 05:00 pm",1635.23,0.795194
"Apr 4, 06:00 pm",16.3323,0.262425
"Apr 4, 07:00 pm",0,0.262425
"Apr 4, 08:00 pm",0,0.262425
"Apr 4, 09:00 pm",0,0.262425
"Apr 4, 10:00 pm",0,0.262425
"Apr 4, 11:00 pm",0,0.262425
"Apr 5, 12:00 am",0,0.262425
"Apr 5, 01:00 am",0,0.262425
"Apr 5, 02:00 am",0,0.262425
"Apr 5, 03:00 am",0,0.262425
"Apr 5, 04:00 am",0,0.262425
"Apr 5, 05:00 am",0,0.262425
"Apr 5, 06:00 am",0,0.262425
"Apr 5, 07:00 am",0,0.262425
"Apr 5, 08:00 am",0,0.262425
"Apr 5, 09:00 am",0,0.262425
"Apr 5, 10:00 am",0,0.262425
"Apr 5, 11:00 am",2213.52,1.13716
"Apr 5, 12:00 pm",25.0152,0.262425
"Apr 5, 01:00 pm",2760.08,1.57455
"Apr 5, 02:00 pm",22.9006,0.262425
"Apr 5, 03:00 pm",0,0.262425
"Apr 5, 04:00 pm",2700.12,1.5694
"Apr 5, 05:00 pm",1555.98,0.75666
"Apr 5, 06:00 pm",16.1647,0.262425
"Apr 5, 07:00 pm",0,0.262425
"Apr 5, 08:00 pm",0,0.262425
"Apr 5, 09:00 pm",0,0.262425
"Apr 5, 10:00 pm",0,0.262425
"Apr 5, 11:00 pm",0,0.262425
"Apr 6, 12:00 am",0,0.262425
"Apr 6, 01:00 am",0,0.262425
"Apr 6, 02:00 am",0,0.262425
"Apr 6, 03:00 am",0,0.262425
"Apr 6, 04:00 am",0,0.262425
"Apr 6, 05:00 am",0,0.262425
"Apr 6, 06:00 am",0,0.262425
"Apr 6, 07:00 am",0,0.262425
"Apr 6, 08:00 am",0,0.262425
"Apr 6, 09:00 am",0,0.262425
"Apr 6, 10:00 am",0,0.262425
"Apr 6, 11:00 am",2214.55,1.13716
"Apr 6, 12:00 pm",3241.37,1.57455
"Apr 6, 01:00 pm",3240.84,1.57455
"Apr 6, 02:00 pm",3241.25,1.57455
"Apr 6, 03:00 pm",3241.24,1.57455
"Apr 6, 04:00 pm",3239.61,1.57455
"Apr 6, 05:00 pm",1507.58,0.733101
"Apr 6, 06:00 pm",16.5479,0.262425
"Apr 6, 07:00 pm",0,0.262425
"Apr 6, 08:00 pm",0,0.262425
"Apr 6, 09:00 pm",0,0.262425
"Apr 6, 10:00 pm",0,0.262425
"Apr 6, 11:00 pm",0,0.262425
"Apr 7, 12:00 am",0,0.262425
"Apr 7, 01:00 am",0,0.262425
"Apr 7, 02:00 am",0,0.262425
"Apr 7, 03:00 am",0,0.262425
"Apr 7, 04:00 am",0,0.262425
"Apr 7, 05:00 am",0,0.262425
"Apr 7, 06:00 am",0,0.262425
"Apr 7, 07:00 am",0,0.262425
"Apr 7, 08:00 am",0,0.262425
"Apr 7, 09:00 am",2065.08,1.42265
"Apr 7, 10:00 am",3240.62,1.57455
"Apr 7, 11:00 am",3241.2,1.57455
"Apr 7, 12:00 pm",3241.24,1.57455
"Apr 7, 01:00 pm",3240.89,1.57455
"Apr 7, 02:00 pm",3241.29,1.57455
"Apr 7, 03:00 pm",3241.28,1.57455
"Apr 7, 04:00 pm",3239.68,1.57455
"Apr 7, 05:00 pm",1454.18,0.707117
"Apr 7, 06:00 pm",16.8825,0.262425
"Apr 7, 07:00 pm",0,0.262425
"Apr 7, 08:00 pm",0,0.262425
"Apr 7, 09:00 pm",0,0.262425
"Apr 7, 10:00 pm",0,0.262425
"Apr 7, 11:00 pm",0,0.262425
"Apr 8, 12:00 am",0,0.262425
"Apr 8, 01:00 am",0,0.262425
"Apr 8, 02:00 am",0,0.262425
"Apr 8, 03:00 am",0,0.262425
"Apr 8, 04:00 am",0,0.262425
"Apr 8, 05:00 am",0,0.262425
"Apr 8, 06:00 am",0,0.262425
"Apr 8, 07:00 am",0,0.262425
"Apr 8, 08:00 am",0,0.262425
"Apr 8, 09:00 am",2048.28,1.4144
"Apr 8, 10:00 am",3240.55,1.57455
"Apr 8, 11:00 am",3241.31,1.57455
"Apr 8, 12:00 pm",3241.37,1.57455
"Apr 8, 01:00 pm",3241.39,1.57455
"Apr 8, 02:00 pm",3241.41,1.57455
"Apr 8, 03:00 pm",3241.4,1.57455
"Apr 8, 04:00 pm",3239.46,1.57455
"Apr 8, 05:00 pm",1347.54,0.655266
"Apr 8, 06:00 pm",16.9178,0.262425
"Apr 8, 07:00 pm",0,0.262425
"Apr 8, 08:00 pm",0,0.262425
"Apr 8, 09:00 pm",0,0.262425
"Apr 8, 10:00 pm",0,0.262425
"Apr 8, 11:00 pm",0,0.262425
"Apr 9, 12:00 am",0,0.262425
"Apr 9, 01:00 am",0,0.262425
"Apr 9, 02:00 am",0,0.262425
"Apr 9, 03:00 am",0,0.262425
"Apr 9, 04:00 am",0,0.262425
"Apr 9, 05:00 am",0,0.262425
"Apr 9, 06:00 am",0,0.262425
"Apr 9, 07:00 am",0,0.262425
"Apr 9, 08:00 am",0,0.262425
"Apr 9, 09:00 am",0,0.262425
"Apr 9, 10:00 am",0,0.262425
"Apr 9, 11:00 am",0,0.262425
"Apr 9, 12:00 pm",0,0.262425
"Apr 9, 01:00 pm",0,0.262425
"Apr 9, 02:00 pm",0,0.262425
"Apr 9, 03:00 pm",0,0.262425
"Apr 9, 04:00 pm",0,0.262425
"Apr 9, 05:00 pm",0,0.262425
"Apr 9, 06:00 pm",0,0.262425
"Apr 9, 07:00 pm",0,0.262425
"Apr 9, 08:00 pm",0,0.262425
"Apr 9, 09:00 pm",0,0.262425
"Apr 9, 10:00 pm",0,0.262425
"Apr 9, 11:00 pm",0,0.262425
"Apr 10, 12:00 am",0,0.262425
"Apr 10, 01:00 am",0,0.262425
"Apr 10, 02:00 am",0,0.262425
"Apr 10, 03:00 am",0,0.262425
"Apr 10, 04:00 am",0,0.262425
"Apr 10, 05:00 am",0,0.262425
"Apr 10, 06:00 am",0,0.262425
"Apr 10, 07:00 am",0,0.262425
"Apr 10, 08:00 am",0,0.262425
"Apr 10, 09:00 am",0,0.262425
"Apr 10, 10:00 am",0,0.262425
"Apr 10, 11:00 am",0,0.262425
"Apr 10, 12:00 pm",0,0.262425
"Apr 10, 01:00 pm",2201.47,1.13716
"Apr 10, 02:00 pm",3240.84,1.57455
"Apr 10, 03:00 pm",3240.61,1.57455
"Apr 10, 04:00 pm",3236.17,1.57455
"Apr 10, 05:00 pm",18.3512,0.262425
"Apr 10, 06:00 pm",0,0.262425
"Apr 10, 07:00 pm",0,0.262425
"Apr 10, 08:00 pm",0,0.262425
"Apr 10, 09:00 pm",0,0.262425
"Apr 10, 10:00 pm",0,0.262425
"Apr 10, 11:00 pm",0,0.262425
"Apr 11, 12:00 am",0,0.262425
"Apr 11, 01:00 am",0,0.262425
"Apr 11, 02:00 am",0,0.262425
"Apr 11, 03:00 am",0,0.262425
"Apr 11, 04:00 am",0,0.262425
"Apr 11, 05:00 am",0,0.262425
"Apr 11, 06:00 am",0,0.262425
"Apr 11, 07:00 am",0,0.262425
"Apr 11, 08:00 am",0,0.262425
"Apr 11, 09:00 am",2990.79,1.44629
"Apr 11, 10:00 am",3240.11,1.57455
"Apr 11, 11:00 am",3241.08,1.57455
"Apr 11, 12:00 pm",22.2005,0.262425
"Apr 11, 01:00 pm",0,0.262425
"Apr 11, 02:00 pm",0,0.262425
"Apr 11, 03:00 pm",0,0.262425
"Apr 11, 04:00 pm",0,0.262425
"Apr 11, 05:00 pm",0,0.262425
"Apr 11, 06:00 pm",0,0.262425
"Apr 11, 07:00 pm",0,0.262425
"Apr 11, 08:00 pm",0,0.262425
"Apr 11, 09:00 pm",0,0.262425
"Apr 11, 10:00 pm",0,0.262425
"Apr 11, 11:00 pm",0,0.262425
"Apr 12, 12:00 am",0,0.262425
"Apr 12, 01:00 am",0,0.262425
"Apr 12, 02:00 am",0,0.262425
"Apr 12, 03:00 am",0,0.262425
"Apr 12, 04:00 am",0,0.262425
"Apr 12, 05:00 am",0,0.262425
"Apr 12, 06:00 am",0,0.262425
"Apr 12, 07:00 am",0,0.262425
"Apr 12, 08:00 am",0,0.262425
"Apr 12, 09:00 am",3014.85,1.45982
"Apr 12, 10:00 am",3240.36,1.57455
"Apr 12, 11:00 am",3241.25,1.57455
"Apr 12, 12:00 pm",3241.29,1.57455
"Apr 12, 01:00 pm",3241.32,1.57455
"Apr 12, 02:00 pm",3241.31,1.57455
"Apr 12, 03:00 pm",3241.07,1.57455
"Apr 12, 04:00 pm",3239.11,1.57455
"Apr 12, 05:00 pm",1078.16,0.524544
"Apr 12, 06:00 pm",16.2867,0.262425
"Apr 12, 07:00 pm",0,0.262425
"Apr 12, 08:00 pm",0,0.262425
"Apr 12, 09:00 pm",0,0.262425
"Apr 12, 10:00 pm",0,0.262425
"Apr 12, 11:00 pm",0,0.262425
"Apr 13, 12:00 am",0,0.262425
"Apr 13, 01:00 am",0,0.262425
"Apr 13, 02:00 am",0,0.262425
"Apr 13, 03:00 am",0,0.262425
"Apr 13, 04:00 am",0,0.262425
"Apr 13, 05:00 am",0,0.262425
"Apr 13, 06:00 am",0,0.262425
"Apr 13, 07:00 am",0,0.262425
"Apr 13, 08:00 am",0,0.262425
"Apr 13, 09:00 am",2177.86,1.13251
"Apr 13, 10:00 am",3240.3,1.57455
"Apr 13, 11:00 am",3241.1,1.57455
"Apr 13, 12:00 pm",3241.13,1.57455
"Apr 13, 01:00 pm",3241.15,1.57455
"Apr 13, 02:00 pm",3241.1,1.57455
"Apr 13, 03:00 pm",3240.66,1.57455
"Apr 13, 04:00 pm",3235.36,1.57455
"Apr 13, 05:00 pm",955.509,0.464987
"Apr 13, 06:00 pm",16.0918,0.262425
"Apr 13, 07:00 pm",0,0.262425
"Apr 13, 08:00 pm",0,0.262425
"Apr 13, 09:00 pm",0,0.262425
"Apr 13, 10:00 pm",0,0.262425
"Apr 13, 11:00 pm",0,0.262425
"Apr 14, 12:00 am",0,0.262425
"Apr 14, 01:00 am",0,0.262425
"Apr 14, 02:00 am",0,0.262425
"Apr 14, 03:00 am",0,0.262425
"Apr 14, 04:00 am",0,0.262425
"Apr 14, 05:00 am",0,0.262425
"Apr 14, 06:00 am",0,0.262425
"Apr 14, 07:00 am",0,0.262425
"Apr 14, 08:00 am",0,0.262425
"Apr 14, 09:00 am",0,0.262425
"Apr 14, 10:00 am",0,0.262425
"Apr 14, 11:00 am",0,0.262425
"Apr 14, 12:00 pm",0,0.262425
"Apr 14, 01:00 pm",0,0.262425
"Apr 14, 02:00 pm",0,0.262425
"Apr 14, 03:00 pm",0,0.262425
"Apr 14, 04:00 pm",0,0.262425
"Apr 14, 05:00 pm",0,0.262425
"Apr 14, 06:00 pm",0,0.262425
"Apr 14, 07:00 pm",0,0.262425
"Apr 14, 08:00 pm",0,0.262425
"Apr 14, 09:00 pm",0,0.262425
"Apr 14, 10:00 pm",0,0.262425
"Apr 14, 11:00 pm",0,0.262425
"Apr 15, 12:00 am",0,0.262425
"Apr 15, 01:00 am",0,0.262425
"Apr 15, 02:00 am",0,0.262425
"Apr 15, 03:00 am",0,0.262425
"Apr 15, 04:00 am",0,0.262425
"Apr 15, 05:00 am",0,0.262425
"Apr 15, 06:00 am",0,0.262425
"Apr 15, 07:00 am",0,0.262425
"Apr 15, 08:00 am",0,0.262425
"Apr 15, 09:00 am",1558.63,0.879174
"Apr 15, 10:00 am",3239.76,1.57455
"Apr 15, 11:00 am",3240.65,1.57455
"Apr 15, 12:00 pm",3240.69,1.57455
"Apr 15, 01:00 pm",3240.71,1.57455
"Apr 15, 02:00 pm",3240.71,1.57455
"Apr 15, 03:00 pm",3240.5,1.57455
"Apr 15, 04:00 pm",3235.37,1.57455
"Apr 15, 05:00 pm",825.819,0.401897
"Apr 15, 06:00 pm",16.6203,0.262425
"Apr 15, 07:00 pm",0,0.262425
"Apr 15, 08:00 pm",0,0.262425
"Apr 15, 09:00 pm",0,0.262425
"Apr 15, 10:00 pm",0,0.262425
"Apr 15, 11:00 pm",0,0.262425
"Apr 16, 12:00 am",0,0.262425
"Apr 16, 01:00 am",0,0.262425
"Apr 16, 02:00 am",0,0.262425
"Apr 16, 03:00 am",0,0.262425
"Apr 16, 04:00 am",0,0.262425
"Apr 16, 05:00 am",0,0.262425
"Apr 16, 06:00 am",0,0.262425
"Apr 16, 07:00 am",0,0.262425
"Apr 16, 08:00 am",0,0.262425
"Apr 16, 09:00 am",0,0.262425
"Apr 16, 10:00 am",0,0.262425
"Apr 16, 11:00 am",0,0.262425
"Apr 16, 12:00 pm",2202.6,1.13716
"Apr 16, 01:00 pm",3240.71,1.57455
"Apr 16, 02:00 pm",3240.53,1.57455
"Apr 16, 03:00 pm",3240.19,1.57455
"Apr 16, 04:00 pm",3237.18,1.57455
"Apr 16, 05:00 pm",752.586,0.366532
"Apr 16, 06:00 pm",15.8117,0.262425
"Apr 16, 07:00 pm",0,0.262425
"Apr 16, 08:00 pm",0,0.262425
"Apr 16, 09:00 pm",0,0.262425
"Apr 16, 10:00 pm",0,0.262425
"Apr 16, 11:00 pm",0,0.262425
"Apr 17, 12:00 am",0,0.262425
"Apr 17, 01:00 am",0,0.262425
"Apr 17, 02:00 am",0,0.262425
"Apr 17, 03:00 am",0,0.262425
"Apr 17, 04:00 am",0,0.262425
"Apr 17, 05:00 am",0,0.262425
"Apr 17, 06:00 am",0,0.262425
"Apr 17, 07:00 am",0,0.262425
"Apr 17, 08:00 am",0,0.262425
"Apr 17, 09:00 am",2764.59,1.34462
"Apr 17, 10:00 am",3239.65,1.57455
"Apr 17, 11:00 am",3240.64,1.57455
"Apr 17, 12:00 pm",3240.67,1.57455
"Apr 17, 01:00 pm",3240.69,1.57455
"Apr 17, 02:00 pm",3240.69,1.57455
"Apr 17, 03:00 pm",3240.48,1.57455
"Apr 17, 04:00 pm",3235.83,1.57455
"Apr 17, 05:00 pm",727.916,0.354532
"Apr 17, 06:00 pm",16.0421,0.262425
"Apr 17, 07:00 pm",0,0.262425
"Apr 17, 08:00 pm",0,0.262425
"Apr 17, 09:00 pm",0,0.262425
"Apr 17, 10:00 pm",0,0.262425
"Apr 17, 11:00 pm",0,0.262425
"Apr 18, 12:00 am",0,0.262425
"Apr 18, 01:00 am",0,0.262425
"Apr 18, 02:00 am",0,0.262425
"Apr 18, 03:00 am",0,0.262425
"Apr 18, 04:00 am",0,0.262425
"Apr 18, 05:00 am",0,0.262425
"Apr 18, 06:00 am",0,0.262425
"Apr 18, 07:00 am",0,0.262425
"Apr 18, 08:00 am",0,0.262425
"Apr 18, 09:00 am",2767.11,1.34586
"Apr 18, 10:00 am",3239.67,1.57455
"Apr 18, 11:00 am",3240.6,1.57455
"Apr 18, 12:00 pm",3240.63,1.57455
"Apr 18, 01:00 pm",3240.65,1.57455
"Apr 18, 02:00 pm",3240.64,1.57455
"Apr 18, 03:00 pm",3240.62,1.57455
"Apr 18, 04:00 pm",3236.86,1.57455
"Apr 18, 05:00 pm",669.348,0.32613
"Apr 18, 06:00 pm",15.8264,0.262425
"Apr 18, 07:00 pm",0,0.262425
"Apr 18, 08:00 pm",0,0.262425
"Apr 18, 09:00 pm",0,0.262425
"Apr 18, 10:00 pm",0,0.262425
"Apr 18, 11:00 pm",0,0.262425
"Apr 19, 12:00 am",0,0.262425
"Apr 19, 01:00 am",0,0.262425
"Apr 19, 02:00 am",0,0.262425
"Apr 19, 03:00 am",0,0.262425
"Apr 19, 04:00 am",0,0.262425
"Apr 19, 05:00 am",0,0.262425
"Apr 19, 06:00 am",0,0.262425
"Apr 19, 07:00 am",0,0.262425
"Apr 19, 08:00 am",0,0.262425
"Apr 19, 09:00 am",2220.61,1.25641
"Apr 19, 10:00 am",3239.18,1.57455
"Apr 19, 11:00 am",3240.23,1.57455
"Apr 19, 12:00 pm",3240.26,1.57455
"Apr 19, 01:00 pm",3240.28,1.57455
"Apr 19, 02:00 pm",3240.27,1.57455
"Apr 19, 03:00 pm",3239.96,1.57455
"Apr 19, 04:00 pm",3181.22,1.54682
"Apr 19, 05:00 pm",595.775,0.290337
"Apr 19, 06:00 pm",15.9744,0.262425
"Apr 19, 07:00 pm",0,0.262425
"Apr 19, 08:00 pm",0,0.262425
"Apr 19, 09:00 pm",0,0.262425
"Apr 19, 10:00 pm",0,0.262425
"Apr 19, 11:00 pm",0,0.262425
"Apr 20, 12:00 am",0,0.262425
"Apr 20, 01:00 am",0,0.262425
"Apr 20, 02:00 am",0,0.262425
"Apr 20, 03:00 am",0,0.262425
"Apr 20, 04:00 am",0,0.262425
"Apr 20, 05:00 am",0,0.262425
"Apr 20, 06:00 am",0,0.262425
"Apr 20, 07:00 am",0,0.262425
"Apr 20, 08:00 am",0,0.262425
"Apr 20, 09:00 am",2306.88,1.2947
"Apr 20, 10:00 am",3239.44,1.57455
"Apr 20, 11:00 am",3240.4,1.57455
"Apr 20, 12:00 pm",3240.42,1.57455
"Apr 20, 01:00 pm",3240.44,1.57455
"Apr 20, 02:00 pm",3240.43,1.57455
"Apr 20, 03:00 pm",3240.42,1.57455
"Apr 20, 04:00 pm",3223.85,1.56722
"Apr 20, 05:00 pm",563.979,0.274975
"Apr 20, 06:00 pm",15.5043,0.262425
"Apr 20, 07:00 pm",0,0.262425
"Apr 20, 08:00 pm",0,0.262425
"Apr 20, 09:00 pm",0,0.262425
"Apr 20, 10:00 pm",0,0.262425
"Apr 20, 11:00 pm",0,0.262425
"Apr 21, 12:00 am",0,0.262425
"Apr 21, 01:00 am",0,0.262425
"Apr 21, 02:00 am",0,0.262425
"Apr 21, 03:00 am",0,0.262425
"Apr 21, 04:00 am",0,0.262425
"Apr 21, 05:00 am",0,0.262425
"Apr 21, 06:00 am",0,0.262425
"Apr 21, 07:00 am",0,0.262425
"Apr 21, 08:00 am",0,0.262425
"Apr 21, 09:00 am",2248.07,1.27415
"Apr 21, 10:00 am",20.875,0.262425
"Apr 21, 11:00 am",2731.57,1.57455
"Apr 21, 12:00 pm",22.0986,0.262425
"Apr 21, 01:00 pm",0,0.262425
"Apr 21, 02:00 pm",0,0.262425
"Apr 21, 03:00 pm",0,0.262425
"Apr 21, 04:00 pm",0,0.262425
"Apr 21, 05:00 pm",0,0.262425
"Apr 21, 06:00 pm",0,0.262425
"Apr 21, 07:00 pm",0,0.262425
"Apr 21, 08:00 pm",0,0.262425
"Apr 21, 09:00 pm",0,0.262425
"Apr 21, 10:00 pm",0,0.262425
"Apr 21, 11:00 pm",0,0.262425
"Apr 22, 12:00 am",0,0.262425
"Apr 22, 01:00 am",0,0.262425
"Apr 22, 02:00 am",0,0.262425
"Apr 22, 03:00 am",0,0.262425
"Apr 22, 04:00 am",0,0.262425
"Apr 22, 05:00 am",0,0.262425
"Apr 22, 06:00 am",0,0.262425
"Apr 22, 07:00 am",0,0.262425
"Apr 22, 08:00 am",0,0.262425
"Apr 22, 09:00 am",0,0.262425
"Apr 22, 10:00 am",0,0.262425
"Apr 22, 11:00 am",0,0.262425
"Apr 22, 12:00 pm",0,0.262425
"Apr 22, 01:00 pm",0,0.262425
"Apr 22, 02:00 pm",0,0.262425
"Apr 22, 03:00 pm",0,0.262425
"Apr 22, 04:00 pm",0,0.262425
"Apr 22, 05:00 pm",0,0.262425
"Apr 22, 06:00 pm",0,0.262425
"Apr 22, 07:00 pm",0,0.262425
"Apr 22, 08:00 pm",0,0.262425
"Apr 22, 09:00 pm",0,0.262425
"Apr 22, 10:00 pm",0,0.262425
"Apr 22, 11:00 pm",0,0.262425
"Apr 23, 12:00 am",0,0.262425
"Apr 23, 01:00 am",0,0.262425
"Apr 23, 02:00 am",0,0.262425
"Apr 23, 03:00 am",0,0.262425
"Apr 23, 04:00 am",0,0.262425
"Apr 23, 05:00 am",0,0.262425
"Apr 23, 06:00 am",0,0.262425
"Apr 23, 07:00 am",0,0.262425
"Apr 23, 08:00 am",0,0.262425
"Apr 23, 09:00 am",0,0.262425
"Apr 23, 10:00 am",0,0.262425
"Apr 23, 11:00 am",0,0.262425
"Apr 23, 12:00 pm",0,0.262425
"Apr 23, 01:00 pm",0,0.262425
"Apr 23, 02:00 pm",0,0.262425
"Apr 23, 03:00 pm",0,0.262425
"Apr 23, 04:00 pm",0,0.262425
"Apr 23, 05:00 pm",0,0.262425
"Apr 23, 06:00 pm",0,0.262425
"Apr 23, 07:00 pm",0,0.262425
"Apr 23, 08:00 pm",0,0.262425
"Apr 23, 09:00 pm",0,0.262425
"Apr 23, 10:00 pm",0,0.262425
"Apr 23, 11:00 pm",0,0.262425
"Apr 24, 12:00 am",0,0.262425
"Apr 24, 01:00 am",0,0.262425
"Apr 24, 02:00 am",0,0.262425
"Apr 24, 03:00 am",0,0.262425
"Apr 24, 04:00 am",0,0.262425
"Apr 24, 05:00 am",0,0.262425
"Apr 24, 06:00 am",0,0.262425
"Apr 24, 07:00 am",0,0.262425
"Apr 24, 08:00 am",0,0.262425
"Apr 24, 09:00 am",2069.21,1.18072
"Apr 24, 10:00 am",3238.86,1.57455
"Apr 24, 11:00 am",3239.78,1.57455
"Apr 24, 12:00 pm",3239.8,1.57455
"Apr 24, 01:00 pm",3239.81,1.57455
"Apr 24, 02:00 pm",3239.79,1.57455
"Apr 24, 03:00 pm",3239.78,1.57455
"Apr 24, 04:00 pm",3021.29,1.469
"Apr 24, 05:00 pm",368.343,0.262425
"Apr 24, 06:00 pm",14.7712,0.262425
"Apr 24, 07:00 pm",0,0.262425
"Apr 24, 08:00 pm",0,0.262425
"Apr 24, 09:00 pm",0,0.262425
"Apr 24, 10:00 pm",0,0.262425
"Apr 24, 11:00 pm",0,0.262425
"Apr 25, 12:00 am",0,0.262425
"Apr 25, 01:00 am",0,0.262425
"Apr 25, 02:00 am",0,0.262425
"Apr 25, 03:00 am",0,0.262425
"Apr 25, 04:00 am",0,0.262425
"Apr 25, 05:00 am",0,0.262425
"Apr 25, 06:00 am",0,0.262425
"Apr 25, 07:00 am",0,0.262425
"Apr 25, 08:00 am",0,0.262425
"Apr 25, 09:00 am",2068.07,1.17858
"Apr 25, 10:00 am",3238.77,1.57455
"Apr 25, 11:00 am",3239.68,1.57455
"Apr 25, 12:00 pm",3239.71,1.57455
"Apr 25, 01:00 pm",3239.73,1.57455
"Apr 25, 02:00 pm",3239.72,1.57455
"Apr 25, 03:00 pm",3239.71,1.57455
"Apr 25, 04:00 pm",2979.85,1.44896
"Apr 25, 05:00 pm",329.924,0.262425
"Apr 25, 06:00 pm",14.9998,0.262425
"Apr 25, 07:00 pm",0,0.262425
"Apr 25, 08:00 pm",0,0.262425
"Apr 25, 09:00 pm",0,0.262425
"Apr 25, 10:00 pm",0,0.262425
"Apr 25, 11:00 pm",0,0.262425
"Apr 26, 12:00 am",0,0.262425
"Apr 26, 01:00 am",0,0.262425
"Apr 26, 02:00 am",0,0.262425
"Apr 26, 03:00 am",0,0.262425
"Apr 26, 04:00 am",0,0.262425
"Apr 26, 05:00 am",0,0.262425
"Apr 26, 06:00 am",0,0.262425
"Apr 26, 07:00 am",0,0.262425
"Apr 26, 08:00 am",0,0.262425
"Apr 26, 09:00 am",2092.81,1.19253
"Apr 26, 10:00 am",3238.93,1.57455
"Apr 26, 11:00 am",3239.89,1.57455
"Apr 26, 12:00 pm",3239.92,1.57455
"Apr 26, 01:00 pm",3239.95,1.57455
"Apr 26, 02:00 pm",3239.97,1.57455
"Apr 26, 03:00 pm",3239.95,1.57455
"Apr 26, 04:00 pm",3031.95,1.47412
"Apr 26, 05:00 pm",312.49,0.262425
"Apr 26, 06:00 pm",15.4838,0.262425
"Apr 26, 07:00 pm",0,0.262425
"Apr 26, 08:00 pm",0,0.262425
"Apr 26, 09:00 pm",0,0.262425
"Apr 26, 10:00 pm",0,0.262425
"Apr 26, 11:00 pm",0,0.262425
"Apr 27, 12:00 am",0,0.262425
"Apr 27, 01:00 am",0,0.262425
"Apr 27, 02:00 am",0,0.262425
"Apr 27, 03:00 am",0,0.262425
"Apr 27, 04:00 am",0,0.262425
"Apr 27, 05:00 am",0,0.262425
"Apr 27, 06:00 am",0,0.262425
"Apr 27, 07:00 am",0,0.262425
"Apr 27, 08:00 am",0,0.262425
"Apr 27, 09:00 am",2096.68,1.19434
"Apr 27, 10:00 am",3239,1.57455
"Apr 27, 11:00 am",3239.91,1.57455
"Apr 27, 12:00 pm",3239.95,1.57455
"Apr 27, 01:00 pm",3239.98,1.57455
"Apr 27, 02:00 pm",3240.01,1.57455
"Apr 27, 03:00 pm",3239.99,1.57455
"Apr 27, 04:00 pm",2993.07,1.45527
"Apr 27, 05:00 pm",279.841,0.262425
"Apr 27, 06:00 pm",15.9467,0.262425
"Apr 27, 07:00 pm",0,0.262425
"Apr 27, 08:00 pm",0,0.262425
"Apr 27, 09:00 pm",0,0.262425
"Apr 27, 10:00 pm",0,0.262425
"Apr 27, 11:00 pm",0,0.262425
"Apr 28, 12:00 am",0,0.262425
"Apr 28, 01:00 am",0,0.262425
"Apr 28, 02:00 am",0,0.262425
"Apr 28, 03:00 am",0,0.262425
"Apr 28, 04:00 am",0,0.262425
"Apr 28, 05:00 am",0,0.262425
"Apr 28, 06:00 am",0,0.262425
"Apr 28, 07:00 am",0,0.262425
"Apr 28, 08:00 am",0,0.262425
"Apr 28, 09:00 am",0,0.262425
"Apr 28, 10:00 am",0,0.262425
"Apr 28, 11:00 am",2190.18,1.13716
"Apr 28, 12:00 pm",3239.62,1.57455
"Apr 28, 01:00 pm",3239.63,1.57455
"Apr 28, 02:00 pm",3239.64,1.57455
"Apr 28, 03:00 pm",3239.62,1.57455
"Apr 28, 04:00 pm",2862.19,1.39182
"Apr 28, 05:00 pm",224.526,0.262425
"Apr 28, 06:00 pm",15.2769,0.262425
"Apr 28, 07:00 pm",0,0.262425
"Apr 28, 08:00 pm",0,0.262425
"Apr 28, 09:00 pm",0,0.262425
"Apr 28, 10:00 pm",0,0.262425
"Apr 28, 11:00 pm",0,0.262425
"Apr 29, 12:00 am",0,0.262425
"Apr 29, 01:00 am",0,0.262425
"Apr 29, 02:00 am",0,0.262425
"Apr 29, 03:00 am",0,0.262425
"Apr 29, 04:00 am",0,0.262425
"Apr 29, 05:00 am",0,0.262425
"Apr 29, 06:00 am",0,0.262425
"Apr 29, 07:00 am",0,0.262425
"Apr 29, 08:00 am",0,0.262425
"Apr 29, 09:00 am",1924.16,1.09909
"Apr 29, 10:00 am",3234.36,1.57455
"Apr 29, 11:00 am",21.0985,0.262425
"Apr 29, 12:00 pm",2701.37,1.56275
"Apr 29, 01:00 pm",3239.17,1.57455
"Apr 29, 02:00 pm",3239.17,1.57455
"Apr 29, 03:00 pm",3239.16,1.57455
"Apr 29, 04:00 pm",2725.57,1.32498
"Apr 29, 05:00 pm",178.484,0.262425
"Apr 29, 06:00 pm",15.1177,0.262425
"Apr 29, 07:00 pm",0,0.262425
"Apr 29, 08:00 pm",0,0.262425
"Apr 29, 09:00 pm",0,0.262425
"Apr 29, 10:00 pm",0,0.262425
"Apr 29, 11:00 pm",0,0.262425
"Apr 30, 12:00 am",0,0.262425
"Apr 30, 01:00 am",0,0.262425
"Apr 30, 02:00 am",0,0.262425
"Apr 30, 03:00 am",0,0.262425
"Apr 30, 04:00 am",0,0.262425
"Apr 30, 05:00 am",0,0.262425
"Apr 30, 06:00 am",0,0.262425
"Apr 30, 07:00 am",0,0.262425
"Apr 30, 08:00 am",0,0.262425
"Apr 30, 09:00 am",0,0.262425
"Apr 30, 10:00 am",0,0.262425
"Apr 30, 11:00 am",0,0.262425
"Apr 30, 12:00 pm",0,0.262425
"Apr 30, 01:00 pm",0,0.262425
"Apr 30, 02:00 pm",0,0.262425
"Apr 30, 03:00 pm",0,0.262425
"Apr 30, 04:00 pm",1644.17,0.915063
"Apr 30, 05:00 pm",148.751,0.262425
"Apr 30, 06:00 pm",14.8436,0.262425
"Apr 30, 07:00 pm",0,0.262425
"Apr 30, 08:00 pm",0,0.262425
"Apr 30, 09:00 pm",0,0.262425
"Apr 30, 10:00 pm",0,0.262425
"Apr 30, 11:00 pm",0,0.262425
"May 1, 12:00 am",0,0.262425
"May 1, 01:00 am",0,0.262425
"May 1, 02:00 am",0,0.262425
"May 1, 03:00 am",0,0.262425
"May 1, 04:00 am",0,0.262425
"May 1, 05:00 am",0,0.262425
"May 1, 06:00 am",0,0.262425
"May 1, 07:00 am",0,0.262425
"May 1, 08:00 am",0,0.262425
"May 1, 09:00 am",1884.22,1.07734
"May 1, 10:00 am",3234.54,1.57455
"May 1, 11:00 am",3239.24,1.57455
"May 1, 12:00 pm",3239.28,1.57455
"May 1, 01:00 pm",3239.3,1.57455
"May 1, 02:00 pm",3239.29,1.57455
"May 1, 03:00 pm",3239.27,1.57455
"May 1, 04:00 pm",2704.84,1.3148
"May 1, 05:00 pm",131.257,0.262425
"May 1, 06:00 pm",15.5005,0.262425
"May 1, 07:00 pm",0,0.262425
"May 1, 08:00 pm",0,0.262425
"May 1, 09:00 pm",0,0.262425
"May 1, 10:00 pm",0,0.262425
"May 1, 11:00 pm",0,0.262425
"May 2, 12:00 am",0,0.262425
"May 2, 01:00 am",0,0.262425
"May 2, 02:00 am",0,0.262425
"May 2, 03:00 am",0,0.262425
"May 2, 04:00 am",0,0.262425
"May 2, 05:00 am",0,0.262425
"May 2, 06:00 am",0,0.262425
"May 2, 07:00 am",0,0.262425
"May 2, 08:00 am",0,0.262425
"May 2, 09:00 am",0,0.262425
"May 2, 10:00 am",0,0.262425
"May 2, 11:00 am",2182.01,1.13716
"May 2, 12:00 pm",3239.14,1.57455
"May 2, 01:00 pm",3239.06,1.57455
"May 2, 02:00 pm",3241.2,1.57455
"May 2, 03:00 pm",3239.03,1.57455
"May 2, 04:00 pm",2641.86,1.28392
"May 2, 05:00 pm",103.395,0.262425
"May 2, 06:00 pm",15.4221,0.262425
"May 2, 07:00 pm",0,0.262425
"May 2, 08:00 pm",0,0.262425
"May 2, 09:00 pm",0,0.262425
"May 2, 10:00 pm",0,0.262425
"May 2, 11:00 pm",0,0.262425
"May 3, 12:00 am",0,0.262425
"May 3, 01:00 am",0,0.262425
"May 3, 02:00 am",0,0.262425
"May 3, 03:00 am",0,0.262425
"May 3, 04:00 am",0,0.262425
"May 3, 05:00 am",0,0.262425
"May 3, 06:00 am",0,0.262425
"May 3, 07:00 am",0,0.262425
"May 3, 08:00 am",0,0.262425
"May 3, 09:00 am",1433.36,1.00079
"May 3, 10:00 am",3234.92,1.57455
"May 3, 11:00 am",3239.03,1.57455
"May 3, 12:00 pm",3237.28,1.57455
"May 3, 01:00 pm",3237.28,1.57455
"May 3, 02:00 pm",3236.26,1.57455
"May 3, 03:00 pm",3236.56,1.57455
"May 3, 04:00 pm",2573.7,1.25047
"May 3, 05:00 pm",77.3873,0.262425
"May 3, 06:00 pm",15.3584,0.262425
"May 3, 07:00 pm",0,0.262425
"May 3, 08:00 pm",0,0.262425
"May 3, 09:00 pm",0,0.262425
"May 3, 10:00 pm",0,0.262425
"May 3, 11:00 pm",0,0.262425
"May 4, 12:00 am",0,0.262425
"May 4, 01:00 am",0,0.262425
"May 4, 02:00 am",0,0.262425
"May 4, 03:00 am",0,0.262425
"May 4, 04:00 am",0,0.262425
"May 4, 05:00 am",0,0.262425
"May 4, 06:00 am",0,0.262425
"May 4, 07:00 am",0,0.262425
"May 4, 08:00 am",0,0.262425
"May 4, 09:00 am",1025.27,0.628054
"May 4, 10:00 am",3237.86,1.57455
"May 4, 11:00 am",3235.14,1.57455
"May 4, 12:00 pm",21.1917,0.262425
"May 4, 01:00 pm",2698.78,1.54698
"May 4, 02:00 pm",3234.75,1.57455
"May 4, 03:00 pm",21.1619,0.262425
"May 4, 04:00 pm",0,0.262425
"May 4, 05:00 pm",0,0.262425
"May 4, 06:00 pm",0,0.262425
"May 4, 07:00 pm",0,0.262425
"May 4, 08:00 pm",0,0.262425
"May 4, 09:00 pm",0,0.262425
"May 4, 10:00 pm",0,0.262425
"May 4, 11:00 pm",0,0.262425
"May 5, 12:00 am",0,0.262425
"May 5, 01:00 am",0,0.262425
"May 5, 02:00 am",0,0.262425
"May 5, 03:00 am",0,0.262425
"May 5, 04:00 am",0,0.262425
"May 5, 05:00 am",0,0.262425
"May 5, 06:00 am",0,0.262425
"May 5, 07:00 am",0,0.262425
"May 5, 08:00 am",0,0.262425
"May 5, 09:00 am",0,0.262425
"May 5, 10:00 am",0,0.262425
"May 5, 11:00 am",0,0.262425
"May 5, 12:00 pm",0,0.262425
"May 5, 01:00 pm",0,0.262425
"May 5, 02:00 pm",0,0.262425
"May 5, 03:00 pm",2179.35,1.13716
"May 5, 04:00 pm",2516.26,1.2223
"May 5, 05:00 pm",38.21,0.262425
"May 5, 06:00 pm",14.8108,0.262425
"May 5, 07:00 pm",0,0.262425
"May 5, 08:00 pm",0,0.262425
"May 5, 09:00 pm",0,0.262425
"May 5, 10:00 pm",0,0.262425
"May 5, 11:00 pm",0,0.262425
"May 6, 12:00 am",0,0.262425
"May 6, 01:00 am",0,0.262425
"May 6, 02:00 am",0,0.262425
"May 6, 03:00 am",0,0.262425
"May 6, 04:00 am",0,0.262425
"May 6, 05:00 am",0,0.262425
"May 6, 06:00 am",0,0.262425
"May 6, 07:00 am",0,0.262425
"May 6, 08:00 am",0,0.262425
"May 6, 09:00 am",1080,0.653684
"May 6, 10:00 am",3238.5,1.57455
"May 6, 11:00 am",3242.48,1.57455
"May 6, 12:00 pm",3239.23,1.57455
"May 6, 01:00 pm",3238.17,1.57455
"May 6, 02:00 pm",3237.01,1.57455
"May 6, 03:00 pm",3238.11,1.57455
"May 6, 04:00 pm",2579.69,1.2534
"May 6, 05:00 pm",32.797,0.262425
"May 6, 06:00 pm",15.389,0.262425
"May 6, 07:00 pm",0,0.262425
"May 6, 08:00 pm",0,0.262425
"May 6, 09:00 pm",0,0.262425
"May 6, 10:00 pm",0,0.262425
"May 6, 11:00 pm",0,0.262425
"May 7, 12:00 am",0,0.262425
"May 7, 01:00 am",0,0.262425
"May 7, 02:00 am",0,0.262425
"May 7, 03:00 am",0,0.262425
"May 7, 04:00 am",0,0.262425
"May 7, 05:00 am",0,0.262425
"May 7, 06:00 am",0,0.262425
"May 7, 07:00 am",0,0.262425
"May 7, 08:00 am",0,0.262425
"May 7, 09:00 am",1404.62,0.982829
"May 7, 10:00 am",3234.94,1.57455
"May 7, 11:00 am",3239.27,1.57455
"May 7, 12:00 pm",3237.1,1.57455
"May 7, 01:00 pm",3237.13,1.57455
"May 7, 02:00 pm",3237.15,1.57455
"May 7, 03:00 pm",3237.39,1.57455
"May 7, 04:00 pm",2568.95,1.24812
"May 7, 05:00 pm",29.6555,0.262425
"May 7, 06:00 pm",13.6663,0.262425
"May 7, 07:00 pm",0,0.262425
"May 7, 08:00 pm",0,0.262425
"May 7, 09:00 pm",0,0.262425
"May 7, 10:00 pm",0,0.262425
"May 7, 11:00 pm",0,0.262425
"May 8, 12:00 am",0,0.262425
"May 8, 01:00 am",0,0.262425
"May 8, 02:00 am",0,0.262425
"May 8, 03:00 am",0,0.262425
"May 8, 04:00 am",0,0.262425
"May 8, 05:00 am",0,0.262425
"May 8, 06:00 am",0,0.262425
"May 8, 07:00 am",0,0.262425
"May 8, 08:00 am",0,0.262425
"May 8, 09:00 am",1407.3,0.984642
"May 8, 10:00 am",3238.84,1.57455
"May 8, 11:00 am",3238.97,1.57455
"May 8, 12:00 pm",3237.45,1.57455
"May 8, 01:00 pm",3237.48,1.57455
"May 8, 02:00 pm",3237.16,1.57455
"May 8, 03:00 pm",3237.44,1.57455
"May 8, 04:00 pm",2568.4,1.24785
"May 8, 05:00 pm",27.8439,0.262425
"May 8, 06:00 pm",11.2635,0.262425
"May 8, 07:00 pm",0,0.262425
"May 8, 08:00 pm",0,0.262425
"May 8, 09:00 pm",0,0.262425
"May 8, 10:00 pm",0,0.262425
"May 8, 11:00 pm",0,0.262425
"May 9, 12:00 am",0,0.262425
"May 9, 01:00 am",0,0.262425
"May 9, 02:00 am",0,0.262425
"May 9, 03:00 am",0,0.262425
"May 9, 04:00 am",0,0.262425
"May 9, 05:00 am",0,0.262425
"May 9, 06:00 am",0,0.262425
"May 9, 07:00 am",0,0.262425
"May 9, 08:00 am",0,0.262425
"May 9, 09:00 am",1373.01,0.962533
"May 9, 10:00 am",3236.11,1.57455
"May 9, 11:00 am",3236.52,1.57455
"May 9, 12:00 pm",3236.09,1.57455
"May 9, 01:00 pm",3236.12,1.57455
"May 9, 02:00 pm",3235.67,1.57455
"May 9, 03:00 pm",3235.64,1.57455
"May 9, 04:00 pm",2495.52,1.21208
"May 9, 05:00 pm",25.6092,0.262425
"May 9, 06:00 pm",0,0.262425
"May 9, 07:00 pm",0,0.262425
"May 9, 08:00 pm",0,0.262425
"May 9, 09:00 pm",0,0.262425
"May 9, 10:00 pm",0,0.262425
"May 9, 11:00 pm",0,0.262425
"May 10, 12:00 am",0,0.262425
"May 10, 01:00 am",0,0.262425
"May 10, 02:00 am",0,0.262425
"May 10, 03:00 am",0,0.262425
"May 10, 04:00 am",0,0.262425
"May 10, 05:00 am",0,0.262425
"May 10, 06:00 am",0,0.262425
"May 10, 07:00 am",0,0.262425
"May 10, 08:00 am",0,0.262425
"May 10, 09:00 am",1341.34,0.942571
"May 10, 10:00 am",3237.55,1.57455
"May 10, 11:00 am",3235.5,1.57455
"May 10, 12:00 pm",3235.16,1.57455
"May 10, 01:00 pm",3235.19,1.57455
"May 10, 02:00 pm",3235.21,1.57455
"May 10, 03:00 pm",3235.18,1.57455
"May 10, 04:00 pm",2471.26,1.20153
"May 10, 05:00 pm",23.9036,0.262425
"May 10, 06:00 pm",0,0.262425
"May 10, 07:00 pm",0,0.262425
"May 10, 08:00 pm",0,0.262425
"May 10, 09:00 pm",0,0.262425
"May 10, 10:00 pm",0,0.262425
"May 10, 11:00 pm",0,0.262425
"May 11, 12:00 am",0,0.262425
"May 11, 01:00 am",0,0.262425
"May 11, 02:00 am",0,0.262425
"May 11, 03:00 am",0,0.262425
"May 11, 04:00 am",0,0.262425
"May 11, 05:00 am",0,0.262425
"May 11, 06:00 am",0,0.262425
"May 11, 07:00 am",0,0.262425
"May 11, 08:00 am",0,0.262425
"May 11, 09:00 am",1307.99,0.922414
"May 11, 10:00 am",3241.59,1.57455
"May 11, 11:00 am",3235.08,1.57455
"May 11, 12:00 pm",3238.92,1.57455
"May 11, 01:00 pm",3234.87,1.57455
"May 11, 02:00 pm",3235.09,1.57455
"May 11, 03:00 pm",3235.07,1.57455
"May 11, 04:00 pm",2406.96,1.1703
"May 11, 05:00 pm",22.0613,0.262425
"May 11, 06:00 pm",0,0.262425
"May 11, 07:00 pm",0,0.262425
"May 11, 08:00 pm",0,0.262425
"May 11, 09:00 pm",0,0.262425
"May 11, 10:00 pm",0,0.262425
"May 11, 11:00 pm",0,0.262425
"May 12, 12:00 am",0,0.262425
"May 12, 01:00 am",0,0.262425
"May 12, 02:00 am",0,0.262425
"May 12, 03:00 am",0,0.262425
"May 12, 04:00 am",0,0.262425
"May 12, 05:00 am",0,0.262425
"May 12, 06:00 am",0,0.262425
"May 12, 07:00 am",0,0.262425
"May 12, 08:00 am",0,0.262425
"May 12, 09:00 am",954.877,0.595626
"May 12, 10:00 am",19.4068,0.262425
"May 12, 11:00 am",0,0.262425
"May 12, 12:00 pm",2697.09,1.53973
"May 12, 01:00 pm",3235.58,1.57455
"May 12, 02:00 pm",3235.57,1.57455
"May 12, 03:00 pm",3235.56,1.57455
"May 12, 04:00 pm",2370.79,1.15277
"May 12, 05:00 pm",20.0209,0.262425
"May 12, 06:00 pm",0,0.262425
"May 12, 07:00 pm",0,0.262425
"May 12, 08:00 pm",0,0.262425
"May 12, 09:00 pm",0,0.262425
"May 12, 10:00 pm",0,0.262425
"May 12, 11:00 pm",0,0.262425
"May 13, 12:00 am",0,0.262425
"May 13, 01:00 am",0,0.262425
"May 13, 02:00 am",0,0.262425
"May 13, 03:00 am",0,0.262425
"May 13, 04:00 am",0,0.262425
"May 13, 05:00 am",0,0.262425
"May 13, 06:00 am",0,0.262425
"May 13, 07:00 am",0,0.262425
"May 13, 08:00 am",0,0.262425
"May 13, 09:00 am",1300.56,0.720299
"May 13, 10:00 am",3234.54,1.57455
"May 13, 11:00 am",3238.86,1.57455
"May 13, 12:00 pm",3234.95,1.57455
"May 13, 01:00 pm",3235.96,1.57455
"May 13, 02:00 pm",3235.98,1.57455
"May 13, 03:00 pm",3236.36,1.57455
"May 13, 04:00 pm",2338.59,1.1371
"May 13, 05:00 pm",18.9361,0.262425
"May 13, 06:00 pm",0,0.262425
"May 13, 07:00 pm",0,0.262425
"May 13, 08:00 pm",0,0.262425
"May 13, 09:00 pm",0,0.262425
"May 13, 10:00 pm",0,0.262425
"May 13, 11:00 pm",0,0.262425
"May 14, 12:00 am",0,0.262425
"May 14, 01:00 am",0,0.262425
"May 14, 02:00 am",0,0.262425
"May 14, 03:00 am",0,0.262425
"May 14, 04:00 am",0,0.262425
"May 14, 05:00 am",0,0.262425
"May 14, 06:00 am",0,0.262425
"May 14, 07:00 am",0,0.262425
"May 14, 08:00 am",0,0.262425
"May 14, 09:00 am",0,0.262425
"May 14, 10:00 am",0,0.262425
"May 14, 11:00 am",2169.78,1.13716
"May 14, 12:00 pm",3237.18,1.57455
"May 14, 01:00 pm",3238.26,1.57455
"May 14, 02:00 pm",3238.26,1.57455
"May 14, 03:00 pm",3238.58,1.57455
"May 14, 04:00 pm",2275.06,1.10625
"May 14, 05:00 pm",17.4538,0.262425
"May 14, 06:00 pm",0,0.262425
"May 14, 07:00 pm",0,0.262425
"May 14, 08:00 pm",0,0.262425
"May 14, 09:00 pm",0,0.262425
"May 14, 10:00 pm",0,0.262425
"May 14, 11:00 pm",0,0.262425
"May 15, 12:00 am",0,0.262425
"May 15, 01:00 am",0,0.262425
"May 15, 02:00 am",0,0.262425
"May 15, 03:00 am",0,0.262425
"May 15, 04:00 am",0,0.262425
"May 15, 05:00 am",0,0.262425
"May 15, 06:00 am",0,0.262425
"May 15, 07:00 am",0,0.262425
"May 15, 08:00 am",0,0.262425
"May 15, 09:00 am",0,0.262425
"May 15, 10:00 am",0,0.262425
"May 15, 11:00 am",0,0.262425
"May 15, 12:00 pm",2166.33,1.13716
"May 15, 01:00 pm",20.6218,0.262425
"May 15, 02:00 pm",0,0.262425
"May 15, 03:00 pm",0,0.262425
"May 15, 04:00 pm",0,0.262425
"May 15, 05:00 pm",0,0.262425
"May 15, 06:00 pm",0,0.262425
"May 15, 07:00 pm",0,0.262425
"May 15, 08:00 pm",0,0.262425
"May 15, 09:00 pm",0,0.262425
"May 15, 10:00 pm",0,0.262425
"May 15, 11:00 pm",0,0.262425
"May 16, 12:00 am",0,0.262425
"May 16, 01:00 am",0,0.262425
"May 16, 02:00 am",0,0.262425
"May 16, 03:00 am",0,0.262425
"May 16, 04:00 am",0,0.262425
"May 16, 05:00 am",0,0.262425
"May 16, 06:00 am",0,0.262425
"May 16, 07:00 am",0,0.262425
"May 16, 08:00 am",0,0.262425
"May 16, 09:00 am",834.86,0.53734
"May 16, 10:00 am",2880.29,1.401
"May 16, 11:00 am",3125.53,1.52109
"May 16, 12:00 pm",3095.76,1.50509
"May 16, 01:00 pm",20.6423,0.262425
"May 16, 02:00 pm",2599.4,1.47669
"May 16, 03:00 pm",20.6429,0.262425
"May 16, 04:00 pm",0,0.262425
"May 16, 05:00 pm",0,0.262425
"May 16, 06:00 pm",0,0.262425
"May 16, 07:00 pm",0,0.262425
"May 16, 08:00 pm",0,0.262425
"May 16, 09:00 pm",0,0.262425
"May 16, 10:00 pm",0,0.262425
"May 16, 11:00 pm",0,0.262425
"May 17, 12:00 am",0,0.262425
"May 17, 01:00 am",0,0.262425
"May 17, 02:00 am",0,0.262425
"May 17, 03:00 am",0,0.262425
"May 17, 04:00 am",0,0.262425
"May 17, 05:00 am",0,0.262425
"May 17, 06:00 am",0,0.262425
"May 17, 07:00 am",0,0.262425
"May 17, 08:00 am",0,0.262425
"May 17, 09:00 am",0,0.262425
"May 17, 10:00 am",1654.33,0.918468
"May 17, 11:00 am",3241.66,1.57455
"May 17, 12:00 pm",20.6946,0.262425
"May 17, 01:00 pm",0,0.262425
"May 17, 02:00 pm",0,0.262425
"May 17, 03:00 pm",0,0.262425
"May 17, 04:00 pm",0,0.262425
"May 17, 05:00 pm",0,0.262425
"May 17, 06:00 pm",0,0.262425
"May 17, 07:00 pm",0,0.262425
"May 17, 08:00 pm",0,0.262425
"May 17, 09:00 pm",0,0.262425
"May 17, 10:00 pm",0,0.262425
"May 17, 11:00 pm",0,0.262425
"May 18, 12:00 am",0,0.262425
"May 18, 01:00 am",0,0.262425
"May 18, 02:00 am",0,0.262425
"May 18, 03:00 am",0,0.262425
"May 18, 04:00 am",0,0.262425
"May 18, 05:00 am",0,0.262425
"May 18, 06:00 am",0,0.262425
"May 18, 07:00 am",0,0.262425
"May 18, 08:00 am",0,0.262425
"May 18, 09:00 am",0,0.262425
"May 18, 10:00 am",1649.31,0.918468
"May 18, 11:00 am",3156.52,1.53525
"May 18, 12:00 pm",3102.1,1.50815
"May 18, 01:00 pm",20.4856,0.262425
"May 18, 02:00 pm",0,0.262425
"May 18, 03:00 pm",0,0.262425
"May 18, 04:00 pm",0,0.262425
"May 18, 05:00 pm",0,0.262425
"May 18, 06:00 pm",0,0.262425
"May 18, 07:00 pm",0,0.262425
"May 18, 08:00 pm",0,0.262425
"May 18, 09:00 pm",0,0.262425
"May 18, 10:00 pm",0,0.262425
"May 18, 11:00 pm",0,0.262425
"May 19, 12:00 am",0,0.262425
"May 19, 01:00 am",0,0.262425
"May 19, 02:00 am",0,0.262425
"May 19, 03:00 am",0,0.262425
"May 19, 04:00 am",0,0.262425
"May 19, 05:00 am",0,0.262425
"May 19, 06:00 am",0,0.262425
"May 19, 07:00 am",0,0.262425
"May 19, 08:00 am",0,0.262425
"May 19, 09:00 am",0,0.262425
"May 19, 10:00 am",0,0.262425
"May 19, 11:00 am",0,0.262425
"May 19, 12:00 pm",0,0.262425
"May 19, 01:00 pm",0,0.262425
"May 19, 02:00 pm",0,0.262425
"May 19, 03:00 pm",0,0.262425
"May 19, 04:00 pm",0,0.262425
"May 19, 05:00 pm",0,0.262425
"May 19, 06:00 pm",0,0.262425
"May 19, 07:00 pm",0,0.262425
"May 19, 08:00 pm",0,0.262425
"May 19, 09:00 pm",0,0.262425
"May 19, 10:00 pm",0,0.262425
"May 19, 11:00 pm",0,0.262425
"May 20, 12:00 am",0,0.262425
"May 20, 01:00 am",0,0.262425
"May 20, 02:00 am",0,0.262425
"May 20, 03:00 am",0,0.262425
"May 20, 04:00 am",0,0.262425
"May 20, 05:00 am",0,0.262425
"May 20, 06:00 am",0,0.262425
"May 20, 07:00 am",0,0.262425
"May 20, 08:00 am",0,0.262425
"May 20, 09:00 am",0,0.262425
"May 20, 10:00 am",0,0.262425
"May 20, 11:00 am",0,0.262425
"May 20, 12:00 pm",0,0.262425
"May 20, 01:00 pm",0,0.262425
"May 20, 02:00 pm",0,0.262425
"May 20, 03:00 pm",0,0.262425
"May 20, 04:00 pm",0,0.262425
"May 20, 05:00 pm",0,0.262425
"May 20, 06:00 pm",0,0.262425
"May 20, 07:00 pm",0,0.262425
"May 20, 08:00 pm",0,0.262425
"May 20, 09:00 pm",0,0.262425
"May 20, 10:00 pm",0,0.262425
"May 20, 11:00 pm",0,0.262425
"May 21, 12:00 am",0,0.262425
"May 21, 01:00 am",0,0.262425
"May 21, 02:00 am",0,0.262425
"May 21, 03:00 am",0,0.262425
"May 21, 04:00 am",0,0.262425
"May 21, 05:00 am",0,0.262425
"May 21, 06:00 am",0,0.262425
"May 21, 07:00 am",0,0.262425
"May 21, 08:00 am",0,0.262425
"May 21, 09:00 am",0,0.262425
"May 21, 10:00 am",0,0.262425
"May 21, 11:00 am",0,0.262425
"May 21, 12:00 pm",0,0.262425
"May 21, 01:00 pm",0,0.262425
"May 21, 02:00 pm",0,0.262425
"May 21, 03:00 pm",0,0.262425
"May 21, 04:00 pm",702.369,0.51036
"May 21, 05:00 pm",16.8093,0.262425
"May 21, 06:00 pm",0,0.262425
"May 21, 07:00 pm",0,0.262425
"May 21, 08:00 pm",0,0.262425
"May 21, 09:00 pm",0,0.262425
"May 21, 10:00 pm",0,0.262425
"May 21, 11:00 pm",0,0.262425
"May 22, 12:00 am",0,0.262425
"May 22, 01:00 am",0,0.262425
"May 22, 02:00 am",0,0.262425
"May 22, 03:00 am",0,0.262425
"May 22, 04:00 am",0,0.262425
"May 22, 05:00 am",0,0.262425
"May 22, 06:00 am",0,0.262425
"May 22, 07:00 am",0,0.262425
"May 22, 08:00 am",0,0.262425
"May 22, 09:00 am",0,0.262425
"May 22, 10:00 am",0,0.262425
"May 22, 11:00 am",0,0.262425
"May 22, 12:00 pm",0,0.262425
"May 22, 01:00 pm",0,0.262425
"May 22, 02:00 pm",0,0.262425
"May 22, 03:00 pm",0,0.262425
"May 22, 04:00 pm",0,0.262425
"May 22, 05:00 pm",0,0.262425
"May 22, 06:00 pm",0,0.262425
"May 22, 07:00 pm",0,0.262425
"May 22, 08:00 pm",0,0.262425
"May 22, 09:00 pm",0,0.262425
"May 22, 10:00 pm",0,0.262425
"May 22, 11:00 pm",0,0.262425
"May 23, 12:00 am",0,0.262425
"May 23, 01:00 am",0,0.262425
"May 23, 02:00 am",0,0.262425
"May 23, 03:00 am",0,0.262425
"May 23, 04:00 am",0,0.262425
"May 23, 05:00 am",0,0.262425
"May 23, 06:00 am",0,0.262425
"May 23, 07:00 am",0,0.262425
"May 23, 08:00 am",0,0.262425
"May 23, 09:00 am",0,0.262425
"May 23, 10:00 am",0,0.262425
"May 23, 11:00 am",0,0.262425
"May 23, 12:00 pm",0,0.262425
"May 23, 01:00 pm",0,0.262425
"May 23, 02:00 pm",0,0.262425
"May 23, 03:00 pm",0,0.262425
"May 23, 04:00 pm",0,0.262425
"May 23, 05:00 pm",0,0.262425
"May 23, 06:00 pm",0,0.262425
"May 23, 07:00 pm",0,0.262425
"May 23, 08:00 pm",0,0.262425
"May 23, 09:00 pm",0,0.262425
"May 23, 10:00 pm",0,0.262425
"May 23, 11:00 pm",0,0.262425
"May 24, 12:00 am",0,0.262425
"May 24, 01:00 am",0,0.262425
"May 24, 02:00 am",0,0.262425
"May 24, 03:00 am",0,0.262425
"May 24, 04:00 am",0,0.262425
"May 24, 05:00 am",0,0.262425
"May 24, 06:00 am",0,0.262425
"May 24, 07:00 am",0,0.262425
"May 24, 08:00 am",0,0.262425
"May 24, 09:00 am",0,0.262425
"May 24, 10:00 am",0,0.262425
"May 24, 11:00 am",0,0.262425
"May 24, 12:00 pm",0,0.262425
"May 24, 01:00 pm",0,0.262425
"May 24, 02:00 pm",0,0.262425
"May 24, 03:00 pm",0,0.262425
"May 24, 04:00 pm",0,0.262425
"May 24, 05:00 pm",0,0.262425
"May 24, 06:00 pm",0,0.262425
"May 24, 07:00 pm",0,0.262425
"May 24, 08:00 pm",0,0.262425
"May 24, 09:00 pm",0,0.262425
"May 24, 10:00 pm",0,0.262425
"May 24, 11:00 pm",0,0.262425
"May 25, 12:00 am",0,0.262425
"May 25, 01:00 am",0,0.262425
"May 25, 02:00 am",0,0.262425
"May 25, 03:00 am",0,0.262425
"May 25, 04:00 am",0,0.262425
"May 25, 05:00 am",0,0.262425
"May 25, 06:00 am",0,0.262425
"May 25, 07:00 am",0,0.262425
"May 25, 08:00 am",0,0.262425
"May 25, 09:00 am",0,0.262425
"May 25, 10:00 am",0,0.262425
"May 25, 11:00 am",0,0.262425
"May 25, 12:00 pm",0,0.262425
"May 25, 01:00 pm",0,0.262425
"May 25, 02:00 pm",0,0.262425
"May 25, 03:00 pm",0,0.262425
"May 25, 04:00 pm",0,0.262425
"May 25, 05:00 pm",0,0.262425
"May 25, 06:00 pm",0,0.262425
"May 25, 07:00 pm",0,0.262425
"May 25, 08:00 pm",0,0.262425
"May 25, 09:00 pm",0,0.262425
"May 25, 10:00 pm",0,0.262425
"May 25, 11:00 pm",0,0.262425
"May 26, 12:00 am",0,0.262425
"May 26, 01:00 am",0,0.262425
"May 26, 02:00 am",0,0.262425
"May 26, 03:00 am",0,0.262425
"May 26, 04:00 am",0,0.262425
"May 26, 05:00 am",0,0.262425
"May 26, 06:00 am",0,0.262425
"May 26, 07:00 am",0,0.262425
"May 26, 08:00 am",0,0.262425
"May 26, 09:00 am",0,0.262425
"May 26, 10:00 am",0,0.262425
"May 26, 11:00 am",0,0.262425
"May 26, 12:00 pm",0,0.262425
"May 26, 01:00 pm",0,0.262425
"May 26, 02:00 pm",0,0.262425
"May 26, 03:00 pm",0,0.262425
"May 26, 04:00 pm",0,0.262425
"May 26, 05:00 pm",0,0.262425
"May 26, 06:00 pm",0,0.262425
"May 26, 07:00 pm",0,0.262425
"May 26, 08:00 pm",0,0.262425
"May 26, 09:00 pm",0,0.262425
"May 26, 10:00 pm",0,0.262425
"May 26, 11:00 pm",0,0.262425
"May 27, 12:00 am",0,0.262425
"May 27, 01:00 am",0,0.262425
"May 27, 02:00 am",0,0.262425
"May 27, 03:00 am",0,0.262425
"May 27, 04:00 am",0,0.262425
"May 27, 05:00 am",0,0.262425
"May 27, 06:00 am",0,0.262425
"May 27, 07:00 am",0,0.262425
"May 27, 08:00 am",0,0.262425
"May 27, 09:00 am",0,0.262425
"May 27, 10:00 am",0,0.262425
"May 27, 11:00 am",0,0.262425
"May 27, 12:00 pm",1634.51,0.91394
"May 27, 01:00 pm",2814.54,1.36846
"May 27, 02:00 pm",2859.26,1.39045
"May 27, 03:00 pm",2830.14,1.3763
"May 27, 04:00 pm",1707.48,0.8304
"May 27, 05:00 pm",16.1969,0.262425
"May 27, 06:00 pm",0,0.262425
"May 27, 07:00 pm",0,0.262425
"May 27, 08:00 pm",0,0.262425
"May 27, 09:00 pm",0,0.262425
"May 27, 10:00 pm",0,0.262425
"May 27, 11:00 pm",0,0.262425
"May 28, 12:00 am",0,0.262425
"May 28, 01:00 am",0,0.262425
"May 28, 02:00 am",0,0.262425
"May 28, 03:00 am",0,0.262425
"May 28, 04:00 am",0,0.262425
"May 28, 05:00 am",0,0.262425
"May 28, 06:00 am",0,0.262425
"May 28, 07:00 am",0,0.262425
"May 28, 08:00 am",0,0.262425
"May 28, 09:00 am",240.336,0.402263
"May 28, 10:00 am",2678.24,1.30197
"May 28, 11:00 am",2904.24,1.4125
"May 28, 12:00 pm",2826.12,1.37424
"May 28, 01:00 pm",2780.91,1.35213
"May 28, 02:00 pm",2828.2,1.37528
"May 28, 03:00 pm",2801.8,1.36231
"May 28, 04:00 pm",1676.3,0.815242
"May 28, 05:00 pm",16.2043,0.262425
"May 28, 06:00 pm",0,0.262425
"May 28, 07:00 pm",0,0.262425
"May 28, 08:00 pm",0,0.262425
"May 28, 09:00 pm",0,0.262425
"May 28, 10:00 pm",0,0.262425
"May 28, 11:00 pm",0,0.262425
"May 29, 12:00 am",0,0.262425
"May 29, 01:00 am",0,0.262425
"May 29, 02:00 am",0,0.262425
"May 29, 03:00 am",0,0.262425
"May 29, 04:00 am",0,0.262425
"May 29, 05:00 am",0,0.262425
"May 29, 06:00 am",0,0.262425
"May 29, 07:00 am",0,0.262425
"May 29, 08:00 am",0,0.262425
"May 29, 09:00 am",235.021,0.398571
"May 29, 10:00 am",2678.99,1.3024
"May 29, 11:00 am",2921.28,1.4208
"May 29, 12:00 pm",2832.27,1.37726
"May 29, 01:00 pm",2777.93,1.35068
"May 29, 02:00 pm",2824.5,1.37348
"May 29, 03:00 pm",2793.09,1.35819
"May 29, 04:00 pm",1654.1,0.804458
"May 29, 05:00 pm",16.0308,0.262425
"May 29, 06:00 pm",0,0.262425
"May 29, 07:00 pm",0,0.262425
"May 29, 08:00 pm",0,0.262425
"May 29, 09:00 pm",0,0.262425
"May 29, 10:00 pm",0,0.262425
"May 29, 11:00 pm",0,0.262425
"May 30, 12:00 am",0,0.262425
"May 30, 01:00 am",0,0.262425
"May 30, 02:00 am",0,0.262425
"May 30, 03:00 am",0,0.262425
"May 30, 04:00 am",0,0.262425
"May 30, 05:00 am",0,0.262425
"May 30, 06:00 am",0,0.262425
"May 30, 07:00 am",0,0.262425
"May 30, 08:00 am",0,0.262425
"May 30, 09:00 am",0,0.32517
"May 30, 10:00 am",2615.02,1.27121
"May 30, 11:00 am",2887.3,1.40423
"May 30, 12:00 pm",2807.89,1.36533
"May 30, 01:00 pm",2758.25,1.34105
"May 30, 02:00 pm",2813.66,1.36817
"May 30, 03:00 pm",2789.04,1.35607
"May 30, 04:00 pm",1644.05,0.799563
"May 30, 05:00 pm",16.2107,0.262425
"May 30, 06:00 pm",0,0.262425
"May 30, 07:00 pm",0,0.262425
"May 30, 08:00 pm",0,0.262425
"May 30, 09:00 pm",0,0.262425
"May 30, 10:00 pm",0,0.262425
"May 30, 11:00 pm",0,0.262425
"May 31, 12:00 am",0,0.262425
"May 31, 01:00 am",0,0.262425
"May 31, 02:00 am",0,0.262425
"May 31, 03:00 am",0,0.262425
"May 31, 04:00 am",0,0.262425
"May 31, 05:00 am",0,0.262425
"May 31, 06:00 am",0,0.262425
"May 31, 07:00 am",0,0.262425
"May 31, 08:00 am",0,0.262425
"May 31, 09:00 am",0,0.262425
"May 31, 10:00 am",1479.78,0.840414
"May 31, 11:00 am",20.0386,0.262425
"May 31, 12:00 pm",0,0.262425
"May 31, 01:00 pm",0,0.262425
"May 31, 02:00 pm",0,0.262425
"May 31, 03:00 pm",0,0.262425
"May 31, 04:00 pm",0,0.262425
"May 31, 05:00 pm",0,0.262425
"May 31, 06:00 pm",0,0.262425
"May 31, 07:00 pm",0,0.262425
"May 31, 08:00 pm",0,0.262425
"May 31, 09:00 pm",0,0.262425
"May 31, 10:00 pm",0,0.262425
"May 31, 11:00 pm",0,0.262425
"Jun 1, 12:00 am",0,0.262425
"Jun 1, 01:00 am",0,0.262425
"Jun 1, 02:00 am",0,0.262425
"Jun 1, 03:00 am",0,0.262425
"Jun 1, 04:00 am",0,0.262425
"Jun 1, 05:00 am",0,0.262425
"Jun 1, 06:00 am",0,0.262425
"Jun 1, 07:00 am",0,0.262425
"Jun 1, 08:00 am",0,0.262425
"Jun 1, 09:00 am",0,0.321661
"Jun 1, 10:00 am",2141.59,1.21799
"Jun 1, 11:00 am",2803.07,1.36285
"Jun 1, 12:00 pm",2735.84,1.33006
"Jun 1, 01:00 pm",2691.56,1.30837
"Jun 1, 02:00 pm",2758.28,1.34105
"Jun 1, 03:00 pm",2735.41,1.32984
"Jun 1, 04:00 pm",1592.12,0.774285
"Jun 1, 05:00 pm",16.5571,0.262425
"Jun 1, 06:00 pm",0,0.262425
"Jun 1, 07:00 pm",0,0.262425
"Jun 1, 08:00 pm",0,0.262425
"Jun 1, 09:00 pm",0,0.262425
"Jun 1, 10:00 pm",0,0.262425
"Jun 1, 11:00 pm",0,0.262425
"Jun 2, 12:00 am",0,0.262425
"Jun 2, 01:00 am",0,0.262425
"Jun 2, 02:00 am",0,0.262425
"Jun 2, 03:00 am",0,0.262425
"Jun 2, 04:00 am",0,0.262425
"Jun 2, 05:00 am",0,0.262425
"Jun 2, 06:00 am",0,0.262425
"Jun 2, 07:00 am",0,0.262425
"Jun 2, 08:00 am",0,0.262425
"Jun 2, 09:00 am",0,0.32172
"Jun 2, 10:00 am",2143.83,1.21943
"Jun 2, 11:00 am",2802.64,1.36264
"Jun 2, 12:00 pm",2733.52,1.32893
"Jun 2, 01:00 pm",2686.76,1.30602
"Jun 2, 02:00 pm",2754.18,1.33904
"Jun 2, 03:00 pm",2732.31,1.32831
"Jun 2, 04:00 pm",1582.93,0.76981
"Jun 2, 05:00 pm",16.6493,0.262425
"Jun 2, 06:00 pm",0,0.262425
"Jun 2, 07:00 pm",0,0.262425
"Jun 2, 08:00 pm",0,0.262425
"Jun 2, 09:00 pm",0,0.262425
"Jun 2, 10:00 pm",0,0.262425
"Jun 2, 11:00 pm",0,0.262425
"Jun 3, 12:00 am",0,0.262425
"Jun 3, 01:00 am",0,0.262425
"Jun 3, 02:00 am",0,0.262425
"Jun 3, 03:00 am",0,0.262425
"Jun 3, 04:00 am",0,0.262425
"Jun 3, 05:00 am",0,0.262425
"Jun 3, 06:00 am",0,0.262425
"Jun 3, 07:00 am",0,0.262425
"Jun 3, 08:00 am",0,0.262425
"Jun 3, 09:00 am",0,0.262425
"Jun 3, 10:00 am",0,0.262425
"Jun 3, 11:00 am",0,0.262425
"Jun 3, 12:00 pm",0,0.262425
"Jun 3, 01:00 pm",0,0.262425
"Jun 3, 02:00 pm",0,0.262425
"Jun 3, 03:00 pm",0,0.262425
"Jun 3, 04:00 pm",0,0.262425
"Jun 3, 05:00 pm",0,0.262425
"Jun 3, 06:00 pm",0,0.262425
"Jun 3, 07:00 pm",0,0.262425
"Jun 3, 08:00 pm",0,0.262425
"Jun 3, 09:00 pm",0,0.262425
"Jun 3, 10:00 pm",0,0.262425
"Jun 3, 11:00 pm",0,0.262425
"Jun 4, 12:00 am",0,0.262425
"Jun 4, 01:00 am",0,0.262425
"Jun 4, 02:00 am",0,0.262425
"Jun 4, 03:00 am",0,0.262425
"Jun 4, 04:00 am",0,0.262425
"Jun 4, 05:00 am",0,0.262425
"Jun 4, 06:00 am",0,0.262425
"Jun 4, 07:00 am",0,0.262425
"Jun 4, 08:00 am",0,0.262425
"Jun 4, 09:00 am",0,0.320623
"Jun 4, 10:00 am",2128.37,1.2116
"Jun 4, 11:00 am",2797.71,1.36022
"Jun 4, 12:00 pm",2726.51,1.32551
"Jun 4, 01:00 pm",2674.11,1.29983
"Jun 4, 02:00 pm",2744.33,1.33424
"Jun 4, 03:00 pm",2722.09,1.32333
"Jun 4, 04:00 pm",1559.82,0.758591
"Jun 4, 05:00 pm",16.3375,0.262425
"Jun 4, 06:00 pm",0,0.262425
"Jun 4, 07:00 pm",0,0.262425
"Jun 4, 08:00 pm",0,0.262425
"Jun 4, 09:00 pm",0,0.262425
"Jun 4, 10:00 pm",0,0.262425
"Jun 4, 11:00 pm",0,0.262425
"Jun 5, 12:00 am",0,0.262425
"Jun 5, 01:00 am",0,0.262425
"Jun 5, 02:00 am",0,0.262425
"Jun 5, 03:00 am",0,0.262425
"Jun 5, 04:00 am",0,0.262425
"Jun 5, 05:00 am",0,0.262425
"Jun 5, 06:00 am",0,0.262425
"Jun 5, 07:00 am",0,0.262425
"Jun 5, 08:00 am",0,0.262425
"Jun 5, 09:00 am",0,0.326113
"Jun 5, 10:00 am",2258.01,1.28369
"Jun 5, 11:00 am",2935.52,1.42761
"Jun 5, 12:00 pm",2854.95,1.38832
"Jun 5, 01:00 pm",2797.59,1.36027
"Jun 5, 02:00 pm",2878.16,1.39967
"Jun 5, 03:00 pm",2865.33,1.39337
"Jun 5, 04:00 pm",1655.13,0.804909
"Jun 5, 05:00 pm",16.5155,0.262425
"Jun 5, 06:00 pm",0,0.262425
"Jun 5, 07:00 pm",0,0.262425
"Jun 5, 08:00 pm",0,0.262425
"Jun 5, 09:00 pm",0,0.262425
"Jun 5, 10:00 pm",0,0.262425
"Jun 5, 11:00 pm",0,0.262425
"Jun 6, 12:00 am",0,0.262425
"Jun 6, 01:00 am",0,0.262425
"Jun 6, 02:00 am",0,0.262425
"Jun 6, 03:00 am",0,0.262425
"Jun 6, 04:00 am",0,0.262425
"Jun 6, 05:00 am",0,0.262425
"Jun 6, 06:00 am",0,0.262425
"Jun 6, 07:00 am",0,0.262425
"Jun 6, 08:00 am",0,0.262425
"Jun 6, 09:00 am",0,0.321891
"Jun 6, 10:00 am",2172.28,1.23562
"Jun 6, 11:00 am",2829.46,1.37581
"Jun 6, 12:00 pm",20.108,0.262425
"Jun 6, 01:00 pm",0,0.262425
"Jun 6, 02:00 pm",0,0.262425
"Jun 6, 03:00 pm",0,0.262425
"Jun 6, 04:00 pm",921.209,0.714137
"Jun 6, 05:00 pm",16.1067,0.262425
"Jun 6, 06:00 pm",0,0.262425
"Jun 6, 07:00 pm",0,0.262425
"Jun 6, 08:00 pm",0,0.262425
"Jun 6, 09:00 pm",0,0.262425
"Jun 6, 10:00 pm",0,0.262425
"Jun 6, 11:00 pm",0,0.262425
"Jun 7, 12:00 am",0,0.262425
"Jun 7, 01:00 am",0,0.262425
"Jun 7, 02:00 am",0,0.262425
"Jun 7, 03:00 am",0,0.262425
"Jun 7, 04:00 am",0,0.262425
"Jun 7, 05:00 am",0,0.262425
"Jun 7, 06:00 am",0,0.262425
"Jun 7, 07:00 am",0,0.262425
"Jun 7, 08:00 am",0,0.262425
"Jun 7, 09:00 am",0,0.262425
"Jun 7, 10:00 am",0,0.262425
"Jun 7, 11:00 am",0,0.262425
"Jun 7, 12:00 pm",0,0.262425
"Jun 7, 01:00 pm",0,0.262425
"Jun 7, 02:00 pm",0,0.262425
"Jun 7, 03:00 pm",1523.94,0.860621
"Jun 7, 04:00 pm",1479.22,0.71939
"Jun 7, 05:00 pm",14.93,0.262425
"Jun 7, 06:00 pm",0,0.262425
"Jun 7, 07:00 pm",0,0.262425
"Jun 7, 08:00 pm",0,0.262425
"Jun 7, 09:00 pm",0,0.262425
"Jun 7, 10:00 pm",0,0.262425
"Jun 7, 11:00 pm",0,0.262425
"Jun 8, 12:00 am",0,0.262425
"Jun 8, 01:00 am",0,0.262425
"Jun 8, 02:00 am",0,0.262425
"Jun 8, 03:00 am",0,0.262425
"Jun 8, 04:00 am",0,0.262425
"Jun 8, 05:00 am",0,0.262425
"Jun 8, 06:00 am",0,0.262425
"Jun 8, 07:00 am",0,0.262425
"Jun 8, 08:00 am",0,0.262425
"Jun 8, 09:00 am",0,0.316831
"Jun 8, 10:00 am",2086.4,1.18903
"Jun 8, 11:00 am",2742.31,1.33333
"Jun 8, 12:00 pm",2668.51,1.29711
"Jun 8, 01:00 pm",2605.3,1.26607
"Jun 8, 02:00 pm",2675.44,1.30052
"Jun 8, 03:00 pm",2650.3,1.28818
"Jun 8, 04:00 pm",1490.82,0.725088
"Jun 8, 05:00 pm",15.536,0.262425
"Jun 8, 06:00 pm",0,0.262425
"Jun 8, 07:00 pm",0,0.262425
"Jun 8, 08:00 pm",0,0.262425
"Jun 8, 09:00 pm",0,0.262425
"Jun 8, 10:00 pm",0,0.262425
"Jun 8, 11:00 pm",0,0.262425
"Jun 9, 12:00 am",0,0.262425
"Jun 9, 01:00 am",0,0.262425
"Jun 9, 02:00 am",0,0.262425
"Jun 9, 03:00 am",0,0.262425
"Jun 9, 04:00 am",0,0.262425
"Jun 9, 05:00 am",0,0.262425
"Jun 9, 06:00 am",0,0.262425
"Jun 9, 07:00 am",0,0.262425
"Jun 9, 08:00 am",0,0.262425
"Jun 9, 09:00 am",0,0.316588
"Jun 9, 10:00 am",2084.64,1.1882
"Jun 9, 11:00 am",2742.26,1.3333
"Jun 9, 12:00 pm",2674.31,1.29995
"Jun 9, 01:00 pm",2614.58,1.27063
"Jun 9, 02:00 pm",2693.07,1.30915
"Jun 9, 03:00 pm",2677.46,1.30146
"Jun 9, 04:00 pm",1514.63,0.736636
"Jun 9, 05:00 pm",16.066,0.262425
"Jun 9, 06:00 pm",0,0.262425
"Jun 9, 07:00 pm",0,0.262425
"Jun 9, 08:00 pm",0,0.262425
"Jun 9, 09:00 pm",0,0.262425
"Jun 9, 10:00 pm",0,0.262425
"Jun 9, 11:00 pm",0,0.262425
"Jun 10, 12:00 am",0,0.262425
"Jun 10, 01:00 am",0,0.262425
"Jun 10, 02:00 am",0,0.262425
"Jun 10, 03:00 am",0,0.262425
"Jun 10, 04:00 am",0,0.262425
"Jun 10, 05:00 am",0,0.262425
"Jun 10, 06:00 am",0,0.262425
"Jun 10, 07:00 am",0,0.262425
"Jun 10, 08:00 am",0,0.262425
"Jun 10, 09:00 am",0,0.316308
"Jun 10, 10:00 am",2089.33,1.19074
"Jun 10, 11:00 am",2753.35,1.33873
"Jun 10, 12:00 pm",2681.8,1.30361
"Jun 10, 01:00 pm",2617.72,1.27216
"Jun 10, 02:00 pm",2695.54,1.31035
"Jun 10, 03:00 pm",2677.92,1.30169
"Jun 10, 04:00 pm",1513.09,0.735878
"Jun 10, 05:00 pm",16.2076,0.262425
"Jun 10, 06:00 pm",0,0.262425
"Jun 10, 07:00 pm",0,0.262425
"Jun 10, 08:00 pm",0,0.262425
"Jun 10, 09:00 pm",0,0.262425
"Jun 10, 10:00 pm",0,0.262425
"Jun 10, 11:00 pm",0,0.262425
"Jun 11, 12:00 am",0,0.262425
"Jun 11, 01:00 am",0,0.262425
"Jun 11, 02:00 am",0,0.262425
"Jun 11, 03:00 am",0,0.262425
"Jun 11, 04:00 am",0,0.262425
"Jun 11, 05:00 am",0,0.262425
"Jun 11, 06:00 am",0,0.262425
"Jun 11, 07:00 am",0,0.262425
"Jun 11, 08:00 am",0,0.262425
"Jun 11, 09:00 am",0,0.319211
"Jun 11, 10:00 am",2158.46,1.22816
"Jun 11, 11:00 am",2832.14,1.37709
"Jun 11, 12:00 pm",2756.23,1.34004
"Jun 11, 01:00 pm",2687.71,1.30648
"Jun 11, 02:00 pm",2773.1,1.34831
"Jun 11, 03:00 pm",2759.08,1.34141
"Jun 11, 04:00 pm",1569.71,0.763389
"Jun 11, 05:00 pm",16.3442,0.262425
"Jun 11, 06:00 pm",0,0.262425
"Jun 11, 07:00 pm",0,0.262425
"Jun 11, 08:00 pm",0,0.262425
"Jun 11, 09:00 pm",0,0.262425
"Jun 11, 10:00 pm",0,0.262425
"Jun 11, 11:00 pm",0,0.262425
"Jun 12, 12:00 am",0,0.262425
"Jun 12, 01:00 am",0,0.262425
"Jun 12, 02:00 am",0,0.262425
"Jun 12, 03:00 am",0,0.262425
"Jun 12, 04:00 am",0,0.262425
"Jun 12, 05:00 am",0,0.262425
"Jun 12, 06:00 am",0,0.262425
"Jun 12, 07:00 am",0,0.262425
"Jun 12, 08:00 am",0,0.262425
"Jun 12, 09:00 am",0,0.319173
"Jun 12, 10:00 am",2156.45,1.22743
"Jun 12, 11:00 am",2831.84,1.37696
"Jun 12, 12:00 pm",2748.8,1.33643
"Jun 12, 01:00 pm",2672.39,1.299
"Jun 12, 02:00 pm",2751.82,1.33791
"Jun 12, 03:00 pm",2724.24,1.32438
"Jun 12, 04:00 pm",1536.65,0.747342
"Jun 12, 05:00 pm",15.8383,0.262425
"Jun 12, 06:00 pm",0,0.262425
"Jun 12, 07:00 pm",0,0.262425
"Jun 12, 08:00 pm",0,0.262425
"Jun 12, 09:00 pm",0,0.262425
"Jun 12, 10:00 pm",0,0.262425
"Jun 12, 11:00 pm",0,0.262425
"Jun 13, 12:00 am",0,0.262425
"Jun 13, 01:00 am",0,0.262425
"Jun 13, 02:00 am",0,0.262425
"Jun 13, 03:00 am",0,0.262425
"Jun 13, 04:00 am",0,0.262425
"Jun 13, 05:00 am",0,0.262425
"Jun 13, 06:00 am",0,0.262425
"Jun 13, 07:00 am",0,0.262425
"Jun 13, 08:00 am",0,0.262425
"Jun 13, 09:00 am",0,0.262425
"Jun 13, 10:00 am",0,0.262425
"Jun 13, 11:00 am",0,0.262425
"Jun 13, 12:00 pm",1567.27,0.880986
"Jun 13, 01:00 pm",2612.71,1.26959
"Jun 13, 02:00 pm",2684.39,1.30491
"Jun 13, 03:00 pm",2652.15,1.2891
"Jun 13, 04:00 pm",1489.95,0.72466
"Jun 13, 05:00 pm",15.55,0.262425
"Jun 13, 06:00 pm",0,0.262425
"Jun 13, 07:00 pm",0,0.262425
"Jun 13, 08:00 pm",0,0.262425
"Jun 13, 09:00 pm",0,0.262425
"Jun 13, 10:00 pm",0,0.262425
"Jun 13, 11:00 pm",0,0.262425
"Jun 14, 12:00 am",0,0.262425
"Jun 14, 01:00 am",0,0.262425
"Jun 14, 02:00 am",0,0.262425
"Jun 14, 03:00 am",0,0.262425
"Jun 14, 04:00 am",0,0.262425
"Jun 14, 05:00 am",0,0.262425
"Jun 14, 06:00 am",0,0.262425
"Jun 14, 07:00 am",0,0.262425
"Jun 14, 08:00 am",0,0.262425
"Jun 14, 09:00 am",0,0.262425
"Jun 14, 10:00 am",0,0.262425
"Jun 14, 11:00 am",0,0.262425
"Jun 14, 12:00 pm",0,0.262425
"Jun 14, 01:00 pm",0,0.262425
"Jun 14, 02:00 pm",0,0.262425
"Jun 14, 03:00 pm",0,0.262425
"Jun 14, 04:00 pm",0,0.262425
"Jun 14, 05:00 pm",0,0.262425
"Jun 14, 06:00 pm",0,0.262425
"Jun 14, 07:00 pm",0,0.262425
"Jun 14, 08:00 pm",0,0.262425
"Jun 14, 09:00 pm",0,0.262425
"Jun 14, 10:00 pm",0,0.262425
"Jun 14, 11:00 pm",0,0.262425
"Jun 15, 12:00 am",0,0.262425
"Jun 15, 01:00 am",0,0.262425
"Jun 15, 02:00 am",0,0.262425
"Jun 15, 03:00 am",0,0.262425
"Jun 15, 04:00 am",0,0.262425
"Jun 15, 05:00 am",0,0.262425
"Jun 15, 06:00 am",0,0.262425
"Jun 15, 07:00 am",0,0.262425
"Jun 15, 08:00 am",0,0.262425
"Jun 15, 09:00 am",0,0.262425
"Jun 15, 10:00 am",2361.76,1.14888
"Jun 15, 11:00 am",2634.24,1.2804
"Jun 15, 12:00 pm",2577.91,1.25269
"Jun 15, 01:00 pm",2515.34,1.22194
"Jun 15, 02:00 pm",2601.52,1.26415
"Jun 15, 03:00 pm",2600.31,1.26364
"Jun 15, 04:00 pm",1481,0.72033
"Jun 15, 05:00 pm",15.1203,0.262425
"Jun 15, 06:00 pm",0,0.262425
"Jun 15, 07:00 pm",0,0.262425
"Jun 15, 08:00 pm",0,0.262425
"Jun 15, 09:00 pm",0,0.262425
"Jun 15, 10:00 pm",0,0.262425
"Jun 15, 11:00 pm",0,0.262425
"Jun 16, 12:00 am",0,0.262425
"Jun 16, 01:00 am",0,0.262425
"Jun 16, 02:00 am",0,0.262425
"Jun 16, 03:00 am",0,0.262425
"Jun 16, 04:00 am",0,0.262425
"Jun 16, 05:00 am",0,0.262425
"Jun 16, 06:00 am",0,0.262425
"Jun 16, 07:00 am",0,0.262425
"Jun 16, 08:00 am",0,0.262425
"Jun 16, 09:00 am",0,0.262425
"Jun 16, 10:00 am",0,0.262425
"Jun 16, 11:00 am",0,0.262425
"Jun 16, 12:00 pm",0,0.262425
"Jun 16, 01:00 pm",0,0.262425
"Jun 16, 02:00 pm",0,0.262425
"Jun 16, 03:00 pm",0,0.262425
"Jun 16, 04:00 pm",0,0.262425
"Jun 16, 05:00 pm",0,0.262425
"Jun 16, 06:00 pm",0,0.262425
"Jun 16, 07:00 pm",0,0.262425
"Jun 16, 08:00 pm",0,0.262425
"Jun 16, 09:00 pm",0,0.262425
"Jun 16, 10:00 pm",0,0.262425
"Jun 16, 11:00 pm",0,0.262425
"Jun 17, 12:00 am",0,0.262425
"Jun 17, 01:00 am",0,0.262425
"Jun 17, 02:00 am",0,0.262425
"Jun 17, 03:00 am",0,0.262425
"Jun 17, 04:00 am",0,0.262425
"Jun 17, 05:00 am",0,0.262425
"Jun 17, 06:00 am",0,0.262425
"Jun 17, 07:00 am",0,0.262425
"Jun 17, 08:00 am",0,0.262425
"Jun 17, 09:00 am",0,0.262425
"Jun 17, 10:00 am",2326.84,1.13189
"Jun 17, 11:00 am",2594.13,1.26068
"Jun 17, 12:00 pm",2519.99,1.22422
"Jun 17, 01:00 pm",2435.51,1.1842
"Jun 17, 02:00 pm",2498.25,1.21359
"Jun 17, 03:00 pm",2493.41,1.21101
"Jun 17, 04:00 pm",1422.06,0.691534
"Jun 17, 05:00 pm",15.8538,0.262425
"Jun 17, 06:00 pm",0,0.262425
"Jun 17, 07:00 pm",0,0.262425
"Jun 17, 08:00 pm",0,0.262425
"Jun 17, 09:00 pm",0,0.262425
"Jun 17, 10:00 pm",0,0.262425
"Jun 17, 11:00 pm",0,0.262425
"Jun 18, 12:00 am",0,0.262425
"Jun 18, 01:00 am",0,0.262425
"Jun 18, 02:00 am",0,0.262425
"Jun 18, 03:00 am",0,0.262425
"Jun 18, 04:00 am",0,0.262425
"Jun 18, 05:00 am",0,0.262425
"Jun 18, 06:00 am",0,0.262425
"Jun 18, 07:00 am",0,0.262425
"Jun 18, 08:00 am",0,0.262425
"Jun 18, 09:00 am",0,0.262425
"Jun 18, 10:00 am",0,0.262425
"Jun 18, 11:00 am",0,0.262425
"Jun 18, 12:00 pm",0,0.262425
"Jun 18, 01:00 pm",0,0.262425
"Jun 18, 02:00 pm",0,0.262425
"Jun 18, 03:00 pm",0,0.262425
"Jun 18, 04:00 pm",0,0.262425
"Jun 18, 05:00 pm",0,0.262425
"Jun 18, 06:00 pm",0,0.262425
"Jun 18, 07:00 pm",0,0.262425
"Jun 18, 08:00 pm",0,0.262425
"Jun 18, 09:00 pm",0,0.262425
"Jun 18, 10:00 pm",0,0.262425
"Jun 18, 11:00 pm",0,0.262425
"Jun 19, 12:00 am",0,0.262425
"Jun 19, 01:00 am",0,0.262425
"Jun 19, 02:00 am",0,0.262425
"Jun 19, 03:00 am",0,0.262425
"Jun 19, 04:00 am",0,0.262425
"Jun 19, 05:00 am",0,0.262425
"Jun 19, 06:00 am",0,0.262425
"Jun 19, 07:00 am",0,0.262425
"Jun 19, 08:00 am",0,0.262425
"Jun 19, 09:00 am",0,0.262425
"Jun 19, 10:00 am",0,0.262425
"Jun 19, 11:00 am",0,0.262425
"Jun 19, 12:00 pm",0,0.262425
"Jun 19, 01:00 pm",1213.02,0.717422
"Jun 19, 02:00 pm",2472.27,1.20208
"Jun 19, 03:00 pm",2462.77,1.19762
"Jun 19, 04:00 pm",1409.74,0.685724
"Jun 19, 05:00 pm",15.0802,0.262425
"Jun 19, 06:00 pm",0,0.262425
"Jun 19, 07:00 pm",0,0.262425
"Jun 19, 08:00 pm",0,0.262425
"Jun 19, 09:00 pm",0,0.262425
"Jun 19, 10:00 pm",0,0.262425
"Jun 19, 11:00 pm",0,0.262425
"Jun 20, 12:00 am",0,0.262425
"Jun 20, 01:00 am",0,0.262425
"Jun 20, 02:00 am",0,0.262425
"Jun 20, 03:00 am",0,0.262425
"Jun 20, 04:00 am",0,0.262425
"Jun 20, 05:00 am",0,0.262425
"Jun 20, 06:00 am",0,0.262425
"Jun 20, 07:00 am",0,0.262425
"Jun 20, 08:00 am",0,0.262425
"Jun 20, 09:00 am",0,0.262425
"Jun 20, 10:00 am",0,0.262425
"Jun 20, 11:00 am",0,0.262425
"Jun 20, 12:00 pm",0,0.262425
"Jun 20, 01:00 pm",0,0.262425
"Jun 20, 02:00 pm",0,0.262425
"Jun 20, 03:00 pm",0,0.262425
"Jun 20, 04:00 pm",0,0.262425
"Jun 20, 05:00 pm",0,0.262425
"Jun 20, 06:00 pm",0,0.262425
"Jun 20, 07:00 pm",0,0.262425
"Jun 20, 08:00 pm",0,0.262425
"Jun 20, 09:00 pm",0,0.262425
"Jun 20, 10:00 pm",0,0.262425
"Jun 20, 11:00 pm",0,0.262425
"Jun 21, 12:00 am",0,0.262425
"Jun 21, 01:00 am",0,0.262425
"Jun 21, 02:00 am",0,0.262425
"Jun 21, 03:00 am",0,0.262425
"Jun 21, 04:00 am",0,0.262425
"Jun 21, 05:00 am",0,0.262425
"Jun 21, 06:00 am",0,0.262425
"Jun 21, 07:00 am",0,0.262425
"Jun 21, 08:00 am",0,0.262425
"Jun 21, 09:00 am",0,0.262425
"Jun 21, 10:00 am",0,0.262425
"Jun 21, 11:00 am",0,0.262425
"Jun 21, 12:00 pm",0,0.262425
"Jun 21, 01:00 pm",0,0.262425
"Jun 21, 02:00 pm",1456.72,0.831203
"Jun 21, 03:00 pm",2650.21,1.28813
"Jun 21, 04:00 pm",1549.47,0.753641
"Jun 21, 05:00 pm",14.8509,0.262425
"Jun 21, 06:00 pm",0,0.262425
"Jun 21, 07:00 pm",0,0.262425
"Jun 21, 08:00 pm",0,0.262425
"Jun 21, 09:00 pm",0,0.262425
"Jun 21, 10:00 pm",0,0.262425
"Jun 21, 11:00 pm",0,0.262425
"Jun 22, 12:00 am",0,0.262425
"Jun 22, 01:00 am",0,0.262425
"Jun 22, 02:00 am",0,0.262425
"Jun 22, 03:00 am",0,0.262425
"Jun 22, 04:00 am",0,0.262425
"Jun 22, 05:00 am",0,0.262425
"Jun 22, 06:00 am",0,0.262425
"Jun 22, 07:00 am",0,0.262425
"Jun 22, 08:00 am",0,0.262425
"Jun 22, 09:00 am",0,0.262425
"Jun 22, 10:00 am",0,0.262425
"Jun 22, 11:00 am",0,0.262425
"Jun 22, 12:00 pm",0,0.262425
"Jun 22, 01:00 pm",0,0.262425
"Jun 22, 02:00 pm",0,0.262425
"Jun 22, 03:00 pm",0,0.262425
"Jun 22, 04:00 pm",0,0.262425
"Jun 22, 05:00 pm",0,0.262425
"Jun 22, 06:00 pm",0,0.262425
"Jun 22, 07:00 pm",0,0.262425
"Jun 22, 08:00 pm",0,0.262425
"Jun 22, 09:00 pm",0,0.262425
"Jun 22, 10:00 pm",0,0.262425
"Jun 22, 11:00 pm",0,0.262425
"Jun 23, 12:00 am",0,0.262425
"Jun 23, 01:00 am",0,0.262425
"Jun 23, 02:00 am",0,0.262425
"Jun 23, 03:00 am",0,0.262425
"Jun 23, 04:00 am",0,0.262425
"Jun 23, 05:00 am",0,0.262425
"Jun 23, 06:00 am",0,0.262425
"Jun 23, 07:00 am",0,0.262425
"Jun 23, 08:00 am",0,0.262425
"Jun 23, 09:00 am",0,0.262425
"Jun 23, 10:00 am",2477.63,1.20341
"Jun 23, 11:00 am",2756.75,1.34043
"Jun 23, 12:00 pm",2681.58,1.30353
"Jun 23, 01:00 pm",2591.75,1.25946
"Jun 23, 02:00 pm",2673.59,1.29961
"Jun 23, 03:00 pm",2677.84,1.30169
"Jun 23, 04:00 pm",1596.12,0.776307
"Jun 23, 05:00 pm",15.2159,0.262425
"Jun 23, 06:00 pm",0,0.262425
"Jun 23, 07:00 pm",0,0.262425
"Jun 23, 08:00 pm",0,0.262425
"Jun 23, 09:00 pm",0,0.262425
"Jun 23, 10:00 pm",0,0.262425
"Jun 23, 11:00 pm",0,0.262425
"Jun 24, 12:00 am",0,0.262425
"Jun 24, 01:00 am",0,0.262425
"Jun 24, 02:00 am",0,0.262425
"Jun 24, 03:00 am",0,0.262425
"Jun 24, 04:00 am",0,0.262425
"Jun 24, 05:00 am",0,0.262425
"Jun 24, 06:00 am",0,0.262425
"Jun 24, 07:00 am",0,0.262425
"Jun 24, 08:00 am",0,0.262425
"Jun 24, 09:00 am",0,0.262425
"Jun 24, 10:00 am",2514.64,1.21529
"Jun 24, 11:00 am",2720.41,1.32261
"Jun 24, 12:00 pm",2649.02,1.28757
"Jun 24, 01:00 pm",2560.67,1.2442
"Jun 24, 02:00 pm",2641.86,1.284
"Jun 24, 03:00 pm",19.6274,0.262425
"Jun 24, 04:00 pm",0,0.262425
"Jun 24, 05:00 pm",0,0.262425
"Jun 24, 06:00 pm",0,0.262425
"Jun 24, 07:00 pm",0,0.262425
"Jun 24, 08:00 pm",0,0.262425
"Jun 24, 09:00 pm",0,0.262425
"Jun 24, 10:00 pm",0,0.262425
"Jun 24, 11:00 pm",0,0.262425
"Jun 25, 12:00 am",0,0.262425
"Jun 25, 01:00 am",0,0.262425
"Jun 25, 02:00 am",0,0.262425
"Jun 25, 03:00 am",0,0.262425
"Jun 25, 04:00 am",0,0.262425
"Jun 25, 05:00 am",0,0.262425
"Jun 25, 06:00 am",0,0.262425
"Jun 25, 07:00 am",0,0.262425
"Jun 25, 08:00 am",0,0.262425
"Jun 25, 09:00 am",0,0.262425
"Jun 25, 10:00 am",0,0.262425
"Jun 25, 11:00 am",0,0.262425
"Jun 25, 12:00 pm",0,0.262425
"Jun 25, 01:00 pm",0,0.262425
"Jun 25, 02:00 pm",1396.38,0.801888
"Jun 25, 03:00 pm",2527.4,1.22777
"Jun 25, 04:00 pm",1512.44,0.735545
"Jun 25, 05:00 pm",15.295,0.262425
"Jun 25, 06:00 pm",0,0.262425
"Jun 25, 07:00 pm",0,0.262425
"Jun 25, 08:00 pm",0,0.262425
"Jun 25, 09:00 pm",0,0.262425
"Jun 25, 10:00 pm",0,0.262425
"Jun 25, 11:00 pm",0,0.262425
"Jun 26, 12:00 am",0,0.262425
"Jun 26, 01:00 am",0,0.262425
"Jun 26, 02:00 am",0,0.262425
"Jun 26, 03:00 am",0,0.262425
"Jun 26, 04:00 am",0,0.262425
"Jun 26, 05:00 am",0,0.262425
"Jun 26, 06:00 am",0,0.262425
"Jun 26, 07:00 am",0,0.262425
"Jun 26, 08:00 am",0,0.262425
"Jun 26, 09:00 am",0,0.262425
"Jun 26, 10:00 am",0,0.262425
"Jun 26, 11:00 am",0,0.262425
"Jun 26, 12:00 pm",1413.03,0.809572
"Jun 26, 01:00 pm",2456.12,1.19419
"Jun 26, 02:00 pm",2526.32,1.22736
"Jun 26, 03:00 pm",2531.55,1.22983
"Jun 26, 04:00 pm",1537.6,0.747761
"Jun 26, 05:00 pm",15.7809,0.262425
"Jun 26, 06:00 pm",0,0.262425
"Jun 26, 07:00 pm",0,0.262425
"Jun 26, 08:00 pm",0,0.262425
"Jun 26, 09:00 pm",0,0.262425
"Jun 26, 10:00 pm",0,0.262425
"Jun 26, 11:00 pm",0,0.262425
"Jun 27, 12:00 am",0,0.262425
"Jun 27, 01:00 am",0,0.262425
"Jun 27, 02:00 am",0,0.262425
"Jun 27, 03:00 am",0,0.262425
"Jun 27, 04:00 am",0,0.262425
"Jun 27, 05:00 am",0,0.262425
"Jun 27, 06:00 am",0,0.262425
"Jun 27, 07:00 am",0,0.262425
"Jun 27, 08:00 am",0,0.262425
"Jun 27, 09:00 am",0,0.262425
"Jun 27, 10:00 am",0,0.262425
"Jun 27, 11:00 am",0,0.262425
"Jun 27, 12:00 pm",0,0.262425
"Jun 27, 01:00 pm",0,0.262425
"Jun 27, 02:00 pm",0,0.262425
"Jun 27, 03:00 pm",0,0.262425
"Jun 27, 04:00 pm",0,0.262425
"Jun 27, 05:00 pm",0,0.262425
"Jun 27, 06:00 pm",0,0.262425
"Jun 27, 07:00 pm",0,0.262425
"Jun 27, 08:00 pm",0,0.262425
"Jun 27, 09:00 pm",0,0.262425
"Jun 27, 10:00 pm",0,0.262425
"Jun 27, 11:00 pm",0,0.262425
"Jun 28, 12:00 am",0,0.262425
"Jun 28, 01:00 am",0,0.262425
"Jun 28, 02:00 am",0,0.262425
"Jun 28, 03:00 am",0,0.262425
"Jun 28, 04:00 am",0,0.262425
"Jun 28, 05:00 am",0,0.262425
"Jun 28, 06:00 am",0,0.262425
"Jun 28, 07:00 am",0,0.262425
"Jun 28, 08:00 am",0,0.262425
"Jun 28, 09:00 am",0,0.262425
"Jun 28, 10:00 am",0,0.262425
"Jun 28, 11:00 am",0,0.262425
"Jun 28, 12:00 pm",0,0.262425
"Jun 28, 01:00 pm",0,0.262425
"Jun 28, 02:00 pm",0,0.262425
"Jun 28, 03:00 pm",0,0.262425
"Jun 28, 04:00 pm",0,0.262425
"Jun 28, 05:00 pm",0,0.262425
"Jun 28, 06:00 pm",0,0.262425
"Jun 28, 07:00 pm",0,0.262425
"Jun 28, 08:00 pm",0,0.262425
"Jun 28, 09:00 pm",0,0.262425
"Jun 28, 10:00 pm",0,0.262425
"Jun 28, 11:00 pm",0,0.262425
"Jun 29, 12:00 am",0,0.262425
"Jun 29, 01:00 am",0,0.262425
"Jun 29, 02:00 am",0,0.262425
"Jun 29, 03:00 am",0,0.262425
"Jun 29, 04:00 am",0,0.262425
"Jun 29, 05:00 am",0,0.262425
"Jun 29, 06:00 am",0,0.262425
"Jun 29, 07:00 am",0,0.262425
"Jun 29, 08:00 am",0,0.262425
"Jun 29, 09:00 am",0,0.262425
"Jun 29, 10:00 am",2394.74,1.16493
"Jun 29, 11:00 am",2718.42,1.32167
"Jun 29, 12:00 pm",19.0278,0.262425
"Jun 29, 01:00 pm",0,0.262425
"Jun 29, 02:00 pm",0,0.262425
"Jun 29, 03:00 pm",0,0.262425
"Jun 29, 04:00 pm",0,0.262425
"Jun 29, 05:00 pm",0,0.262425
"Jun 29, 06:00 pm",0,0.262425
"Jun 29, 07:00 pm",0,0.262425
"Jun 29, 08:00 pm",0,0.262425
"Jun 29, 09:00 pm",0,0.262425
"Jun 29, 10:00 pm",0,0.262425
"Jun 29, 11:00 pm",0,0.262425
"Jun 30, 12:00 am",0,0.262425
"Jun 30, 01:00 am",0,0.262425
"Jun 30, 02:00 am",0,0.262425
"Jun 30, 03:00 am",0,0.262425
"Jun 30, 04:00 am",0,0.262425
"Jun 30, 05:00 am",0,0.262425
"Jun 30, 06:00 am",0,0.262425
"Jun 30, 07:00 am",0,0.262425
"Jun 30, 08:00 am",0,0.262425
"Jun 30, 09:00 am",0,0.262425
"Jun 30, 10:00 am",0,0.262425
"Jun 30, 11:00 am",0,0.262425
"Jun 30, 12:00 pm",0,0.262425
"Jun 30, 01:00 pm",0,0.262425
"Jun 30, 02:00 pm",0,0.262425
"Jun 30, 03:00 pm",0,0.262425
"Jun 30, 04:00 pm",0,0.262425
"Jun 30, 05:00 pm",0,0.262425
"Jun 30, 06:00 pm",0,0.262425
"Jun 30, 07:00 pm",0,0.262425
"Jun 30, 08:00 pm",0,0.262425
"Jun 30, 09:00 pm",0,0.262425
"Jun 30, 10:00 pm",0,0.262425
"Jun 30, 11:00 pm",0,0.262425
"Jul 1, 12:00 am",0,0.262425
"Jul 1, 01:00 am",0,0.262425
"Jul 1, 02:00 am",0,0.262425
"Jul 1, 03:00 am",0,0.262425
"Jul 1, 04:00 am",0,0.262425
"Jul 1, 05:00 am",0,0.262425
"Jul 1, 06:00 am",0,0.262425
"Jul 1, 07:00 am",0,0.262425
"Jul 1, 08:00 am",0,0.262425
"Jul 1, 09:00 am",0,0.262425
"Jul 1, 10:00 am",17.191,0.262425
"Jul 1, 11:00 am",0,0.262425
"Jul 1, 12:00 pm",2150.32,1.22318
"Jul 1, 01:00 pm",2492.77,1.21073
"Jul 1, 02:00 pm",2563.64,1.24552
"Jul 1, 03:00 pm",2564.89,1.24626
"Jul 1, 04:00 pm",1632.49,0.793966
"Jul 1, 05:00 pm",15.5005,0.262425
"Jul 1, 06:00 pm",0,0.262425
"Jul 1, 07:00 pm",0,0.262425
"Jul 1, 08:00 pm",0,0.262425
"Jul 1, 09:00 pm",0,0.262425
"Jul 1, 10:00 pm",0,0.262425
"Jul 1, 11:00 pm",0,0.262425
"Jul 2, 12:00 am",0,0.262425
"Jul 2, 01:00 am",0,0.262425
"Jul 2, 02:00 am",0,0.262425
"Jul 2, 03:00 am",0,0.262425
"Jul 2, 04:00 am",0,0.262425
"Jul 2, 05:00 am",0,0.262425
"Jul 2, 06:00 am",0,0.262425
"Jul 2, 07:00 am",0,0.262425
"Jul 2, 08:00 am",0,0.262425
"Jul 2, 09:00 am",0,0.262425
"Jul 2, 10:00 am",0,0.262425
"Jul 2, 11:00 am",0,0.262425
"Jul 2, 12:00 pm",0,0.262425
"Jul 2, 01:00 pm",0,0.262425
"Jul 2, 02:00 pm",0,0.262425
"Jul 2, 03:00 pm",0,0.262425
"Jul 2, 04:00 pm",0,0.262425
"Jul 2, 05:00 pm",0,0.262425
"Jul 2, 06:00 pm",0,0.262425
"Jul 2, 07:00 pm",0,0.262425
"Jul 2, 08:00 pm",0,0.262425
"Jul 2, 09:00 pm",0,0.262425
"Jul 2, 10:00 pm",0,0.262425
"Jul 2, 11:00 pm",0,0.262425
"Jul 3, 12:00 am",0,0.262425
"Jul 3, 01:00 am",0,0.262425
"Jul 3, 02:00 am",0,0.262425
"Jul 3, 03:00 am",0,0.262425
"Jul 3, 04:00 am",0,0.262425
"Jul 3, 05:00 am",0,0.262425
"Jul 3, 06:00 am",0,0.262425
"Jul 3, 07:00 am",0,0.262425
"Jul 3, 08:00 am",0,0.262425
"Jul 3, 09:00 am",0,0.262425
"Jul 3, 10:00 am",0,0.262425
"Jul 3, 11:00 am",0,0.262425
"Jul 3, 12:00 pm",0,0.262425
"Jul 3, 01:00 pm",0,0.262425
"Jul 3, 02:00 pm",0,0.262425
"Jul 3, 03:00 pm",0,0.262425
"Jul 3, 04:00 pm",0,0.262425
"Jul 3, 05:00 pm",0,0.262425
"Jul 3, 06:00 pm",0,0.262425
"Jul 3, 07:00 pm",0,0.262425
"Jul 3, 08:00 pm",0,0.262425
"Jul 3, 09:00 pm",0,0.262425
"Jul 3, 10:00 pm",0,0.262425
"Jul 3, 11:00 pm",0,0.262425
"Jul 4, 12:00 am",0,0.262425
"Jul 4, 01:00 am",0,0.262425
"Jul 4, 02:00 am",0,0.262425
"Jul 4, 03:00 am",0,0.262425
"Jul 4, 04:00 am",0,0.262425
"Jul 4, 05:00 am",0,0.262425
"Jul 4, 06:00 am",0,0.262425
"Jul 4, 07:00 am",0,0.262425
"Jul 4, 08:00 am",0,0.262425
"Jul 4, 09:00 am",0,0.262425
"Jul 4, 10:00 am",25.2346,0.262425
"Jul 4, 11:00 am",0,0.262425
"Jul 4, 12:00 pm",2300.6,1.30776
"Jul 4, 01:00 pm",2674.9,1.30025
"Jul 4, 02:00 pm",2761.74,1.34281
"Jul 4, 03:00 pm",2788.12,1.3557
"Jul 4, 04:00 pm",1864.41,0.906747
"Jul 4, 05:00 pm",15.5999,0.262425
"Jul 4, 06:00 pm",0,0.262425
"Jul 4, 07:00 pm",0,0.262425
"Jul 4, 08:00 pm",0,0.262425
"Jul 4, 09:00 pm",0,0.262425
"Jul 4, 10:00 pm",0,0.262425
"Jul 4, 11:00 pm",0,0.262425
"Jul 5, 12:00 am",0,0.262425
"Jul 5, 01:00 am",0,0.262425
"Jul 5, 02:00 am",0,0.262425
"Jul 5, 03:00 am",0,0.262425
"Jul 5, 04:00 am",0,0.262425
"Jul 5, 05:00 am",0,0.262425
"Jul 5, 06:00 am",0,0.262425
"Jul 5, 07:00 am",0,0.262425
"Jul 5, 08:00 am",0,0.262425
"Jul 5, 09:00 am",0,0.262425
"Jul 5, 10:00 am",0,0.262425
"Jul 5, 11:00 am",0,0.262425
"Jul 5, 12:00 pm",0,0.262425
"Jul 5, 01:00 pm",0,0.262425
"Jul 5, 02:00 pm",0,0.262425
"Jul 5, 03:00 pm",0,0.262425
"Jul 5, 04:00 pm",0,0.262425
"Jul 5, 05:00 pm",0,0.262425
"Jul 5, 06:00 pm",0,0.262425
"Jul 5, 07:00 pm",0,0.262425
"Jul 5, 08:00 pm",0,0.262425
"Jul 5, 09:00 pm",0,0.262425
"Jul 5, 10:00 pm",0,0.262425
"Jul 5, 11:00 pm",0,0.262425
"Jul 6, 12:00 am",0,0.262425
"Jul 6, 01:00 am",0,0.262425
"Jul 6, 02:00 am",0,0.262425
"Jul 6, 03:00 am",0,0.262425
"Jul 6, 04:00 am",0,0.262425
"Jul 6, 05:00 am",0,0.262425
"Jul 6, 06:00 am",0,0.262425
"Jul 6, 07:00 am",0,0.262425
"Jul 6, 08:00 am",0,0.262425
"Jul 6, 09:00 am",0,0.262425
"Jul 6, 10:00 am",0,0.262425
"Jul 6, 11:00 am",0,0.262425
"Jul 6, 12:00 pm",1439.11,0.823101
"Jul 6, 01:00 pm",2562.26,1.24484
"Jul 6, 02:00 pm",2623.82,1.27512
"Jul 6, 03:00 pm",2643.42,1.28481
"Jul 6, 04:00 pm",1793.8,0.87241
"Jul 6, 05:00 pm",16.011,0.262425
"Jul 6, 06:00 pm",0,0.262425
"Jul 6, 07:00 pm",0,0.262425
"Jul 6, 08:00 pm",0,0.262425
"Jul 6, 09:00 pm",0,0.262425
"Jul 6, 10:00 pm",0,0.262425
"Jul 6, 11:00 pm",0,0.262425
"Jul 7, 12:00 am",0,0.262425
"Jul 7, 01:00 am",0,0.262425
"Jul 7, 02:00 am",0,0.262425
"Jul 7, 03:00 am",0,0.262425
"Jul 7, 04:00 am",0,0.262425
"Jul 7, 05:00 am",0,0.262425
"Jul 7, 06:00 am",0,0.262425
"Jul 7, 07:00 am",0,0.262425
"Jul 7, 08:00 am",0,0.262425
"Jul 7, 09:00 am",0,0.262425
"Jul 7, 10:00 am",0,0.262425
"Jul 7, 11:00 am",0,0.262425
"Jul 7, 12:00 pm",0,0.262425
"Jul 7, 01:00 pm",0,0.262425
"Jul 7, 02:00 pm",0,0.262425
"Jul 7, 03:00 pm",0,0.262425
"Jul 7, 04:00 pm",0,0.262425
"Jul 7, 05:00 pm",0,0.262425
"Jul 7, 06:00 pm",0,0.262425
"Jul 7, 07:00 pm",0,0.262425
"Jul 7, 08:00 pm",0,0.262425
"Jul 7, 09:00 pm",0,0.262425
"Jul 7, 10:00 pm",0,0.262425
"Jul 7, 11:00 pm",0,0.262425
"Jul 8, 12:00 am",0,0.262425
"Jul 8, 01:00 am",0,0.262425
"Jul 8, 02:00 am",0,0.262425
"Jul 8, 03:00 am",0,0.262425
"Jul 8, 04:00 am",0,0.262425
"Jul 8, 05:00 am",0,0.262425
"Jul 8, 06:00 am",0,0.262425
"Jul 8, 07:00 am",0,0.262425
"Jul 8, 08:00 am",0,0.262425
"Jul 8, 09:00 am",0,0.262425
"Jul 8, 10:00 am",0,0.262425
"Jul 8, 11:00 am",0,0.262425
"Jul 8, 12:00 pm",1531.06,0.866131
"Jul 8, 01:00 pm",2666.59,1.2961
"Jul 8, 02:00 pm",2733,1.32872
"Jul 8, 03:00 pm",2759.84,1.34185
"Jul 8, 04:00 pm",1925.93,0.936647
"Jul 8, 05:00 pm",15.829,0.262425
"Jul 8, 06:00 pm",0,0.262425
"Jul 8, 07:00 pm",0,0.262425
"Jul 8, 08:00 pm",0,0.262425
"Jul 8, 09:00 pm",0,0.262425
"Jul 8, 10:00 pm",0,0.262425
"Jul 8, 11:00 pm",0,0.262425
"Jul 9, 12:00 am",0,0.262425
"Jul 9, 01:00 am",0,0.262425
"Jul 9, 02:00 am",0,0.262425
"Jul 9, 03:00 am",0,0.262425
"Jul 9, 04:00 am",0,0.262425
"Jul 9, 05:00 am",0,0.262425
"Jul 9, 06:00 am",0,0.262425
"Jul 9, 07:00 am",0,0.262425
"Jul 9, 08:00 am",0,0.262425
"Jul 9, 09:00 am",0,0.313106
"Jul 9, 10:00 am",2063.5,1.17775
"Jul 9, 11:00 am",2845.42,1.38379
"Jul 9, 12:00 pm",2777.14,1.35029
"Jul 9, 01:00 pm",2690.17,1.30771
"Jul 9, 02:00 pm",2763.16,1.34347
"Jul 9, 03:00 pm",2799.63,1.3613
"Jul 9, 04:00 pm",1987.07,0.966333
"Jul 9, 05:00 pm",16.3702,0.262425
"Jul 9, 06:00 pm",0,0.262425
"Jul 9, 07:00 pm",0,0.262425
"Jul 9, 08:00 pm",0,0.262425
"Jul 9, 09:00 pm",0,0.262425
"Jul 9, 10:00 pm",0,0.262425
"Jul 9, 11:00 pm",0,0.262425
"Jul 10, 12:00 am",0,0.262425
"Jul 10, 01:00 am",0,0.262425
"Jul 10, 02:00 am",0,0.262425
"Jul 10, 03:00 am",0,0.262425
"Jul 10, 04:00 am",0,0.262425
"Jul 10, 05:00 am",0,0.262425
"Jul 10, 06:00 am",0,0.262425
"Jul 10, 07:00 am",0,0.262425
"Jul 10, 08:00 am",0,0.262425
"Jul 10, 09:00 am",0,0.262425
"Jul 10, 10:00 am",0,0.262425
"Jul 10, 11:00 am",0,0.262425
"Jul 10, 12:00 pm",1648.19,0.918468
"Jul 10, 01:00 pm",2717.45,1.32099
"Jul 10, 02:00 pm",2774.98,1.34924
"Jul 10, 03:00 pm",2805.84,1.36434
"Jul 10, 04:00 pm",2011.19,0.978069
"Jul 10, 05:00 pm",16.214,0.262425
"Jul 10, 06:00 pm",0,0.262425
"Jul 10, 07:00 pm",0,0.262425
"Jul 10, 08:00 pm",0,0.262425
"Jul 10, 09:00 pm",0,0.262425
"Jul 10, 10:00 pm",0,0.262425
"Jul 10, 11:00 pm",0,0.262425
"Jul 11, 12:00 am",0,0.262425
"Jul 11, 01:00 am",0,0.262425
"Jul 11, 02:00 am",0,0.262425
"Jul 11, 03:00 am",0,0.262425
"Jul 11, 04:00 am",0,0.262425
"Jul 11, 05:00 am",0,0.262425
"Jul 11, 06:00 am",0,0.262425
"Jul 11, 07:00 am",0,0.262425
"Jul 11, 08:00 am",0,0.262425
"Jul 11, 09:00 am",0,0.318339
"Jul 11, 10:00 am",2170.14,1.23537
"Jul 11, 11:00 am",2961.53,1.44007
"Jul 11, 12:00 pm",2859.69,1.39064
"Jul 11, 01:00 pm",2750.55,1.33726
"Jul 11, 02:00 pm",20.3298,0.262425
"Jul 11, 03:00 pm",0,0.262425
"Jul 11, 04:00 pm",0,0.262425
"Jul 11, 05:00 pm",0,0.262425
"Jul 11, 06:00 pm",0,0.262425
"Jul 11, 07:00 pm",0,0.262425
"Jul 11, 08:00 pm",0,0.262425
"Jul 11, 09:00 pm",0,0.262425
"Jul 11, 10:00 pm",0,0.262425
"Jul 11, 11:00 pm",0,0.262425
"Jul 12, 12:00 am",0,0.262425
"Jul 12, 01:00 am",0,0.262425
"Jul 12, 02:00 am",0,0.262425
"Jul 12, 03:00 am",0,0.262425
"Jul 12, 04:00 am",0,0.262425
"Jul 12, 05:00 am",0,0.262425
"Jul 12, 06:00 am",0,0.262425
"Jul 12, 07:00 am",0,0.262425
"Jul 12, 08:00 am",0,0.262425
"Jul 12, 09:00 am",0,0.262425
"Jul 12, 10:00 am",0,0.262425
"Jul 12, 11:00 am",0,0.262425
"Jul 12, 12:00 pm",0,0.262425
"Jul 12, 01:00 pm",0,0.262425
"Jul 12, 02:00 pm",1566.27,0.880464
"Jul 12, 03:00 pm",2717.1,1.32082
"Jul 12, 04:00 pm",18.4138,0.262425
"Jul 12, 05:00 pm",0,0.262425
"Jul 12, 06:00 pm",0,0.262425
"Jul 12, 07:00 pm",0,0.262425
"Jul 12, 08:00 pm",0,0.262425
"Jul 12, 09:00 pm",0,0.262425
"Jul 12, 10:00 pm",0,0.262425
"Jul 12, 11:00 pm",0,0.262425
"Jul 13, 12:00 am",0,0.262425
"Jul 13, 01:00 am",0,0.262425
"Jul 13, 02:00 am",0,0.262425
"Jul 13, 03:00 am",0,0.262425
"Jul 13, 04:00 am",0,0.262425
"Jul 13, 05:00 am",0,0.262425
"Jul 13, 06:00 am",0,0.262425
"Jul 13, 07:00 am",0,0.262425
"Jul 13, 08:00 am",0,0.262425
"Jul 13, 09:00 am",0,0.312324
"Jul 13, 10:00 am",0,0.262425
"Jul 13, 11:00 am",0,0.262425
"Jul 13, 12:00 pm",0,0.262425
"Jul 13, 01:00 pm",0,0.262425
"Jul 13, 02:00 pm",0,0.262425
"Jul 13, 03:00 pm",0,0.262425
"Jul 13, 04:00 pm",0,0.262425
"Jul 13, 05:00 pm",0,0.262425
"Jul 13, 06:00 pm",0,0.262425
"Jul 13, 07:00 pm",0,0.262425
"Jul 13, 08:00 pm",0,0.262425
"Jul 13, 09:00 pm",0,0.262425
"Jul 13, 10:00 pm",0,0.262425
"Jul 13, 11:00 pm",0,0.262425
"Jul 14, 12:00 am",0,0.262425
"Jul 14, 01:00 am",0,0.262425
"Jul 14, 02:00 am",0,0.262425
"Jul 14, 03:00 am",0,0.262425
"Jul 14, 04:00 am",0,0.262425
"Jul 14, 05:00 am",0,0.262425
"Jul 14, 06:00 am",0,0.262425
"Jul 14, 07:00 am",0,0.262425
"Jul 14, 08:00 am",0,0.262425
"Jul 14, 09:00 am",0,0.262425
"Jul 14, 10:00 am",0,0.262425
"Jul 14, 11:00 am",0,0.262425
"Jul 14, 12:00 pm",0,0.262425
"Jul 14, 01:00 pm",0,0.262425
"Jul 14, 02:00 pm",0,0.262425
"Jul 14, 03:00 pm",0,0.262425
"Jul 14, 04:00 pm",0,0.262425
"Jul 14, 05:00 pm",0,0.262425
"Jul 14, 06:00 pm",0,0.262425
"Jul 14, 07:00 pm",0,0.262425
"Jul 14, 08:00 pm",0,0.262425
"Jul 14, 09:00 pm",0,0.262425
"Jul 14, 10:00 pm",0,0.262425
"Jul 14, 11:00 pm",0,0.262425
"Jul 15, 12:00 am",0,0.262425
"Jul 15, 01:00 am",0,0.262425
"Jul 15, 02:00 am",0,0.262425
"Jul 15, 03:00 am",0,0.262425
"Jul 15, 04:00 am",0,0.262425
"Jul 15, 05:00 am",0,0.262425
"Jul 15, 06:00 am",0,0.262425
"Jul 15, 07:00 am",0,0.262425
"Jul 15, 08:00 am",0,0.262425
"Jul 15, 09:00 am",0,0.262425
"Jul 15, 10:00 am",2510.62,1.21533
"Jul 15, 11:00 am",2875.72,1.39843
"Jul 15, 12:00 pm",19.2004,0.262425
"Jul 15, 01:00 pm",0,0.262425
"Jul 15, 02:00 pm",0,0.262425
"Jul 15, 03:00 pm",0,0.262425
"Jul 15, 04:00 pm",0,0.262425
"Jul 15, 05:00 pm",0,0.262425
"Jul 15, 06:00 pm",0,0.262425
"Jul 15, 07:00 pm",0,0.262425
"Jul 15, 08:00 pm",0,0.262425
"Jul 15, 09:00 pm",0,0.262425
"Jul 15, 10:00 pm",0,0.262425
"Jul 15, 11:00 pm",0,0.262425
"Jul 16, 12:00 am",0,0.262425
"Jul 16, 01:00 am",0,0.262425
"Jul 16, 02:00 am",0,0.262425
"Jul 16, 03:00 am",0,0.262425
"Jul 16, 04:00 am",0,0.262425
"Jul 16, 05:00 am",0,0.262425
"Jul 16, 06:00 am",0,0.262425
"Jul 16, 07:00 am",0,0.262425
"Jul 16, 08:00 am",0,0.262425
"Jul 16, 09:00 am",0,0.262425
"Jul 16, 10:00 am",0,0.262425
"Jul 16, 11:00 am",0,0.262425
"Jul 16, 12:00 pm",0,0.262425
"Jul 16, 01:00 pm",0,0.262425
"Jul 16, 02:00 pm",0,0.262425
"Jul 16, 03:00 pm",0,0.262425
"Jul 16, 04:00 pm",0,0.262425
"Jul 16, 05:00 pm",0,0.262425
"Jul 16, 06:00 pm",0,0.262425
"Jul 16, 07:00 pm",0,0.262425
"Jul 16, 08:00 pm",0,0.262425
"Jul 16, 09:00 pm",0,0.262425
"Jul 16, 10:00 pm",0,0.262425
"Jul 16, 11:00 pm",0,0.262425
"Jul 17, 12:00 am",0,0.262425
"Jul 17, 01:00 am",0,0.262425
"Jul 17, 02:00 am",0,0.262425
"Jul 17, 03:00 am",0,0.262425
"Jul 17, 04:00 am",0,0.262425
"Jul 17, 05:00 am",0,0.262425
"Jul 17, 06:00 am",0,0.262425
"Jul 17, 07:00 am",0,0.262425
"Jul 17, 08:00 am",0,0.262425
"Jul 17, 09:00 am",0,0.262425
"Jul 17, 10:00 am",2599.05,1.2567
"Jul 17, 11:00 am",2943.63,1.43152
"Jul 17, 12:00 pm",2871.13,1.39629
"Jul 17, 01:00 pm",2801.23,1.36211
"Jul 17, 02:00 pm",2851.72,1.38682
"Jul 17, 03:00 pm",2905.51,1.41312
"Jul 17, 04:00 pm",2169.26,1.05493
"Jul 17, 05:00 pm",19.659,0.262425
"Jul 17, 06:00 pm",0,0.262425
"Jul 17, 07:00 pm",0,0.262425
"Jul 17, 08:00 pm",0,0.262425
"Jul 17, 09:00 pm",0,0.262425
"Jul 17, 10:00 pm",0,0.262425
"Jul 17, 11:00 pm",0,0.262425
"Jul 18, 12:00 am",0,0.262425
"Jul 18, 01:00 am",0,0.262425
"Jul 18, 02:00 am",0,0.262425
"Jul 18, 03:00 am",0,0.262425
"Jul 18, 04:00 am",0,0.262425
"Jul 18, 05:00 am",0,0.262425
"Jul 18, 06:00 am",0,0.262425
"Jul 18, 07:00 am",0,0.262425
"Jul 18, 08:00 am",0,0.262425
"Jul 18, 09:00 am",0,0.322127
"Jul 18, 10:00 am",2218.42,1.26233
"Jul 18, 11:00 am",3055.09,1.48541
"Jul 18, 12:00 pm",2966.45,1.44252
"Jul 18, 01:00 pm",2888.6,1.40479
"Jul 18, 02:00 pm",2930.7,1.42528
"Jul 18, 03:00 pm",2988.49,1.45317
"Jul 18, 04:00 pm",2243.5,1.09095
"Jul 18, 05:00 pm",21.6955,0.262425
"Jul 18, 06:00 pm",0,0.262425
"Jul 18, 07:00 pm",0,0.262425
"Jul 18, 08:00 pm",0,0.262425
"Jul 18, 09:00 pm",0,0.262425
"Jul 18, 10:00 pm",0,0.262425
"Jul 18, 11:00 pm",0,0.262425
"Jul 19, 12:00 am",0,0.262425
"Jul 19, 01:00 am",0,0.262425
"Jul 19, 02:00 am",0,0.262425
"Jul 19, 03:00 am",0,0.262425
"Jul 19, 04:00 am",0,0.262425
"Jul 19, 05:00 am",0,0.262425
"Jul 19, 06:00 am",0,0.262425
"Jul 19, 07:00 am",0,0.262425
"Jul 19, 08:00 am",0,0.262425
"Jul 19, 09:00 am",0,0.323443
"Jul 19, 10:00 am",2237.46,1.27295
"Jul 19, 11:00 am",3077.02,1.49608
"Jul 19, 12:00 pm",2980.67,1.44941
"Jul 19, 01:00 pm",2899.93,1.41035
"Jul 19, 02:00 pm",2930.84,1.42538
"Jul 19, 03:00 pm",19.6805,0.262425
"Jul 19, 04:00 pm",0,0.262425
"Jul 19, 05:00 pm",0,0.262425
"Jul 19, 06:00 pm",0,0.262425
"Jul 19, 07:00 pm",0,0.262425
"Jul 19, 08:00 pm",0,0.262425
"Jul 19, 09:00 pm",0,0.262425
"Jul 19, 10:00 pm",0,0.262425
"Jul 19, 11:00 pm",0,0.262425
"Jul 20, 12:00 am",0,0.262425
"Jul 20, 01:00 am",0,0.262425
"Jul 20, 02:00 am",0,0.262425
"Jul 20, 03:00 am",0,0.262425
"Jul 20, 04:00 am",0,0.262425
"Jul 20, 05:00 am",0,0.262425
"Jul 20, 06:00 am",0,0.262425
"Jul 20, 07:00 am",0,0.262425
"Jul 20, 08:00 am",0,0.262425
"Jul 20, 09:00 am",0,0.262425
"Jul 20, 10:00 am",0,0.262425
"Jul 20, 11:00 am",0,0.262425
"Jul 20, 12:00 pm",0,0.262425
"Jul 20, 01:00 pm",0,0.262425
"Jul 20, 02:00 pm",0,0.262425
"Jul 20, 03:00 pm",0,0.262425
"Jul 20, 04:00 pm",0,0.262425
"Jul 20, 05:00 pm",0,0.262425
"Jul 20, 06:00 pm",0,0.262425
"Jul 20, 07:00 pm",0,0.262425
"Jul 20, 08:00 pm",0,0.262425
"Jul 20, 09:00 pm",0,0.262425
"Jul 20, 10:00 pm",0,0.262425
"Jul 20, 11:00 pm",0,0.262425
"Jul 21, 12:00 am",0,0.262425
"Jul 21, 01:00 am",0,0.262425
"Jul 21, 02:00 am",0,0.262425
"Jul 21, 03:00 am",0,0.262425
"Jul 21, 04:00 am",0,0.262425
"Jul 21, 05:00 am",0,0.262425
"Jul 21, 06:00 am",0,0.262425
"Jul 21, 07:00 am",0,0.262425
"Jul 21, 08:00 am",0,0.262425
"Jul 21, 09:00 am",0,0.262425
"Jul 21, 10:00 am",0,0.262425
"Jul 21, 11:00 am",0,0.262425
"Jul 21, 12:00 pm",1646.71,0.918468
"Jul 21, 01:00 pm",2895.09,1.4079
"Jul 21, 02:00 pm",2928.59,1.42431
"Jul 21, 03:00 pm",2988.57,1.45327
"Jul 21, 04:00 pm",2245.36,1.09191
"Jul 21, 05:00 pm",24.016,0.262425
"Jul 21, 06:00 pm",0,0.262425
"Jul 21, 07:00 pm",0,0.262425
"Jul 21, 08:00 pm",0,0.262425
"Jul 21, 09:00 pm",0,0.262425
"Jul 21, 10:00 pm",0,0.262425
"Jul 21, 11:00 pm",0,0.262425
"Jul 22, 12:00 am",0,0.262425
"Jul 22, 01:00 am",0,0.262425
"Jul 22, 02:00 am",0,0.262425
"Jul 22, 03:00 am",0,0.262425
"Jul 22, 04:00 am",0,0.262425
"Jul 22, 05:00 am",0,0.262425
"Jul 22, 06:00 am",0,0.262425
"Jul 22, 07:00 am",0,0.262425
"Jul 22, 08:00 am",0,0.262425
"Jul 22, 09:00 am",0,0.327568
"Jul 22, 10:00 am",2301.68,1.3088
"Jul 22, 11:00 am",3157.67,1.53594
"Jul 22, 12:00 pm",3064.02,1.48971
"Jul 22, 01:00 pm",2991.65,1.45468
"Jul 22, 02:00 pm",3010.28,1.46371
"Jul 22, 03:00 pm",3069.28,1.49228
"Jul 22, 04:00 pm",2314.31,1.12536
"Jul 22, 05:00 pm",26.2105,0.262425
"Jul 22, 06:00 pm",0,0.262425
"Jul 22, 07:00 pm",0,0.262425
"Jul 22, 08:00 pm",0,0.262425
"Jul 22, 09:00 pm",0,0.262425
"Jul 22, 10:00 pm",0,0.262425
"Jul 22, 11:00 pm",0,0.262425
"Jul 23, 12:00 am",0,0.262425
"Jul 23, 01:00 am",0,0.262425
"Jul 23, 02:00 am",0,0.262425
"Jul 23, 03:00 am",0,0.262425
"Jul 23, 04:00 am",0,0.262425
"Jul 23, 05:00 am",0,0.262425
"Jul 23, 06:00 am",0,0.262425
"Jul 23, 07:00 am",0,0.262425
"Jul 23, 08:00 am",0,0.262425
"Jul 23, 09:00 am",0,0.326747
"Jul 23, 10:00 am",2280.36,1.29671
"Jul 23, 11:00 am",3134.66,1.5253
"Jul 23, 12:00 pm",3051.33,1.48356
"Jul 23, 01:00 pm",2985.53,1.45173
"Jul 23, 02:00 pm",3005.09,1.46119
"Jul 23, 03:00 pm",3068.64,1.49196
"Jul 23, 04:00 pm",2318.21,1.12725
"Jul 23, 05:00 pm",27.5605,0.262425
"Jul 23, 06:00 pm",10.1989,0.262425
"Jul 23, 07:00 pm",0,0.262425
"Jul 23, 08:00 pm",0,0.262425
"Jul 23, 09:00 pm",0,0.262425
"Jul 23, 10:00 pm",0,0.262425
"Jul 23, 11:00 pm",0,0.262425
"Jul 24, 12:00 am",0,0.262425
"Jul 24, 01:00 am",0,0.262425
"Jul 24, 02:00 am",0,0.262425
"Jul 24, 03:00 am",0,0.262425
"Jul 24, 04:00 am",0,0.262425
"Jul 24, 05:00 am",0,0.262425
"Jul 24, 06:00 am",0,0.262425
"Jul 24, 07:00 am",0,0.262425
"Jul 24, 08:00 am",0,0.262425
"Jul 24, 09:00 am",0,0.328815
"Jul 24, 10:00 am",2315.99,1.31667
"Jul 24, 11:00 am",3180.36,1.54654
"Jul 24, 12:00 pm",3101.09,1.50765
"Jul 24, 01:00 pm",3041.48,1.47877
"Jul 24, 02:00 pm",3061.84,1.48863
"Jul 24, 03:00 pm",3126.01,1.52123
"Jul 24, 04:00 pm",2367.55,1.1512
"Jul 24, 05:00 pm",29.7431,0.262425
"Jul 24, 06:00 pm",13.3736,0.262425
"Jul 24, 07:00 pm",0,0.262425
"Jul 24, 08:00 pm",0,0.262425
"Jul 24, 09:00 pm",0,0.262425
"Jul 24, 10:00 pm",0,0.262425
"Jul 24, 11:00 pm",0,0.262425
"Jul 25, 12:00 am",0,0.262425
"Jul 25, 01:00 am",0,0.262425
"Jul 25, 02:00 am",0,0.262425
"Jul 25, 03:00 am",0,0.262425
"Jul 25, 04:00 am",0,0.262425
"Jul 25, 05:00 am",0,0.262425
"Jul 25, 06:00 am",0,0.262425
"Jul 25, 07:00 am",0,0.262425
"Jul 25, 08:00 am",0,0.262425
"Jul 25, 09:00 am",234.536,0.40322
"Jul 25, 10:00 am",2856.14,1.3892
"Jul 25, 11:00 am",3237.75,1.57455
"Jul 25, 12:00 pm",3188.4,1.55022
"Jul 25, 01:00 pm",3133.94,1.52481
"Jul 25, 02:00 pm",3154.99,1.53454
"Jul 25, 03:00 pm",3224.88,1.5677
"Jul 25, 04:00 pm",2447.13,1.18983
"Jul 25, 05:00 pm",38.6054,0.262425
"Jul 25, 06:00 pm",15.2399,0.262425
"Jul 25, 07:00 pm",0,0.262425
"Jul 25, 08:00 pm",0,0.262425
"Jul 25, 09:00 pm",0,0.262425
"Jul 25, 10:00 pm",0,0.262425
"Jul 25, 11:00 pm",0,0.262425
"Jul 26, 12:00 am",0,0.262425
"Jul 26, 01:00 am",0,0.262425
"Jul 26, 02:00 am",0,0.262425
"Jul 26, 03:00 am",0,0.262425
"Jul 26, 04:00 am",0,0.262425
"Jul 26, 05:00 am",0,0.262425
"Jul 26, 06:00 am",0,0.262425
"Jul 26, 07:00 am",0,0.262425
"Jul 26, 08:00 am",0,0.262425
"Jul 26, 09:00 am",248.816,0.412069
"Jul 26, 10:00 am",2882.97,1.4022
"Jul 26, 11:00 am",20.4039,0.262425
"Jul 26, 12:00 pm",0,0.262425
"Jul 26, 01:00 pm",2606.5,1.4803
"Jul 26, 02:00 pm",3139.61,1.52744
"Jul 26, 03:00 pm",3209.93,1.5605
"Jul 26, 04:00 pm",2433.33,1.18313
"Jul 26, 05:00 pm",48.1974,0.262425
"Jul 26, 06:00 pm",15.198,0.262425
"Jul 26, 07:00 pm",0,0.262425
"Jul 26, 08:00 pm",0,0.262425
"Jul 26, 09:00 pm",0,0.262425
"Jul 26, 10:00 pm",0,0.262425
"Jul 26, 11:00 pm",0,0.262425
"Jul 27, 12:00 am",0,0.262425
"Jul 27, 01:00 am",0,0.262425
"Jul 27, 02:00 am",0,0.262425
"Jul 27, 03:00 am",0,0.262425
"Jul 27, 04:00 am",0,0.262425
"Jul 27, 05:00 am",0,0.262425
"Jul 27, 06:00 am",0,0.262425
"Jul 27, 07:00 am",0,0.262425
"Jul 27, 08:00 am",0,0.262425
"Jul 27, 09:00 am",249.726,0.411608
"Jul 27, 10:00 am",2852.64,1.38733
"Jul 27, 11:00 am",3238.04,1.57455
"Jul 27, 12:00 pm",20.7878,0.262425
"Jul 27, 01:00 pm",0,0.262425
"Jul 27, 02:00 pm",0,0.262425
"Jul 27, 03:00 pm",0,0.262425
"Jul 27, 04:00 pm",0,0.262425
"Jul 27, 05:00 pm",0,0.262425
"Jul 27, 06:00 pm",0,0.262425
"Jul 27, 07:00 pm",0,0.262425
"Jul 27, 08:00 pm",0,0.262425
"Jul 27, 09:00 pm",0,0.262425
"Jul 27, 10:00 pm",0,0.262425
"Jul 27, 11:00 pm",0,0.262425
"Jul 28, 12:00 am",0,0.262425
"Jul 28, 01:00 am",0,0.262425
"Jul 28, 02:00 am",0,0.262425
"Jul 28, 03:00 am",0,0.262425
"Jul 28, 04:00 am",0,0.262425
"Jul 28, 05:00 am",0,0.262425
"Jul 28, 06:00 am",0,0.262425
"Jul 28, 07:00 am",0,0.262425
"Jul 28, 08:00 am",0,0.262425
"Jul 28, 09:00 am",0,0.262425
"Jul 28, 10:00 am",0,0.262425
"Jul 28, 11:00 am",0,0.262425
"Jul 28, 12:00 pm",0,0.262425
"Jul 28, 01:00 pm",0,0.262425
"Jul 28, 02:00 pm",0,0.262425
"Jul 28, 03:00 pm",0,0.262425
"Jul 28, 04:00 pm",0,0.262425
"Jul 28, 05:00 pm",0,0.262425
"Jul 28, 06:00 pm",0,0.262425
"Jul 28, 07:00 pm",0,0.262425
"Jul 28, 08:00 pm",0,0.262425
"Jul 28, 09:00 pm",0,0.262425
"Jul 28, 10:00 pm",0,0.262425
"Jul 28, 11:00 pm",0,0.262425
"Jul 29, 12:00 am",0,0.262425
"Jul 29, 01:00 am",0,0.262425
"Jul 29, 02:00 am",0,0.262425
"Jul 29, 03:00 am",0,0.262425
"Jul 29, 04:00 am",0,0.262425
"Jul 29, 05:00 am",0,0.262425
"Jul 29, 06:00 am",0,0.262425
"Jul 29, 07:00 am",0,0.262425
"Jul 29, 08:00 am",0,0.262425
"Jul 29, 09:00 am",0,0.262425
"Jul 29, 10:00 am",0,0.262425
"Jul 29, 11:00 am",0,0.262425
"Jul 29, 12:00 pm",0,0.262425
"Jul 29, 01:00 pm",0,0.262425
"Jul 29, 02:00 pm",0,0.262425
"Jul 29, 03:00 pm",0,0.262425
"Jul 29, 04:00 pm",0,0.262425
"Jul 29, 05:00 pm",0,0.262425
"Jul 29, 06:00 pm",0,0.262425
"Jul 29, 07:00 pm",0,0.262425
"Jul 29, 08:00 pm",0,0.262425
"Jul 29, 09:00 pm",0,0.262425
"Jul 29, 10:00 pm",0,0.262425
"Jul 29, 11:00 pm",0,0.262425
"Jul 30, 12:00 am",0,0.262425
"Jul 30, 01:00 am",0,0.262425
"Jul 30, 02:00 am",0,0.262425
"Jul 30, 03:00 am",0,0.262425
"Jul 30, 04:00 am",0,0.262425
"Jul 30, 05:00 am",0,0.262425
"Jul 30, 06:00 am",0,0.262425
"Jul 30, 07:00 am",0,0.262425
"Jul 30, 08:00 am",0,0.262425
"Jul 30, 09:00 am",0,0.262425
"Jul 30, 10:00 am",0,0.262425
"Jul 30, 11:00 am",0,0.262425
"Jul 30, 12:00 pm",0,0.262425
"Jul 30, 01:00 pm",0,0.262425
"Jul 30, 02:00 pm",0,0.262425
"Jul 30, 03:00 pm",0,0.262425
"Jul 30, 04:00 pm",0,0.262425
"Jul 30, 05:00 pm",0,0.262425
"Jul 30, 06:00 pm",0,0.262425
"Jul 30, 07:00 pm",0,0.262425
"Jul 30, 08:00 pm",0,0.262425
"Jul 30, 09:00 pm",0,0.262425
"Jul 30, 10:00 pm",0,0.262425
"Jul 30, 11:00 pm",0,0.262425
"Jul 31, 12:00 am",0,0.262425
"Jul 31, 01:00 am",0,0.262425
"Jul 31, 02:00 am",0,0.262425
"Jul 31, 03:00 am",0,0.262425
"Jul 31, 04:00 am",0,0.262425
"Jul 31, 05:00 am",0,0.262425
"Jul 31, 06:00 am",0,0.262425
"Jul 31, 07:00 am",0,0.262425
"Jul 31, 08:00 am",0,0.262425
"Jul 31, 09:00 am",0,0.262425
"Jul 31, 10:00 am",0,0.262425
"Jul 31, 11:00 am",0,0.262425
"Jul 31, 12:00 pm",0,0.262425
"Jul 31, 01:00 pm",0,0.262425
"Jul 31, 02:00 pm",0,0.262425
"Jul 31, 03:00 pm",0,0.262425
"Jul 31, 04:00 pm",0,0.262425
"Jul 31, 05:00 pm",0,0.262425
"Jul 31, 06:00 pm",0,0.262425
"Jul 31, 07:00 pm",0,0.262425
"Jul 31, 08:00 pm",0,0.262425
"Jul 31, 09:00 pm",0,0.262425
"Jul 31, 10:00 pm",0,0.262425
"Jul 31, 11:00 pm",0,0.262425
"Aug 1, 12:00 am",0,0.262425
"Aug 1, 01:00 am",0,0.262425
"Aug 1, 02:00 am",0,0.262425
"Aug 1, 03:00 am",0,0.262425
"Aug 1, 04:00 am",0,0.262425
"Aug 1, 05:00 am",0,0.262425
"Aug 1, 06:00 am",0,0.262425
"Aug 1, 07:00 am",0,0.262425
"Aug 1, 08:00 am",0,0.262425
"Aug 1, 09:00 am",269.666,0.426839
"Aug 1, 10:00 am",2945.26,1.43251
"Aug 1, 11:00 am",3235.24,1.57455
"Aug 1, 12:00 pm",3236.71,1.57455
"Aug 1, 01:00 pm",3237.13,1.57455
"Aug 1, 02:00 pm",3237.14,1.57455
"Aug 1, 03:00 pm",3235.19,1.57455
"Aug 1, 04:00 pm",2580.41,1.25374
"Aug 1, 05:00 pm",148.224,0.262425
"Aug 1, 06:00 pm",15.629,0.262425
"Aug 1, 07:00 pm",0,0.262425
"Aug 1, 08:00 pm",0,0.262425
"Aug 1, 09:00 pm",0,0.262425
"Aug 1, 10:00 pm",0,0.262425
"Aug 1, 11:00 pm",0,0.262425
"Aug 2, 12:00 am",0,0.262425
"Aug 2, 01:00 am",0,0.262425
"Aug 2, 02:00 am",0,0.262425
"Aug 2, 03:00 am",0,0.262425
"Aug 2, 04:00 am",0,0.262425
"Aug 2, 05:00 am",0,0.262425
"Aug 2, 06:00 am",0,0.262425
"Aug 2, 07:00 am",0,0.262425
"Aug 2, 08:00 am",0,0.262425
"Aug 2, 09:00 am",0,0.262425
"Aug 2, 10:00 am",0,0.262425
"Aug 2, 11:00 am",0,0.262425
"Aug 2, 12:00 pm",0,0.262425
"Aug 2, 01:00 pm",0,0.262425
"Aug 2, 02:00 pm",0,0.262425
"Aug 2, 03:00 pm",2174.78,1.13716
"Aug 2, 04:00 pm",2492.48,1.2106
"Aug 2, 05:00 pm",146.235,0.262425
"Aug 2, 06:00 pm",15.1728,0.262425
"Aug 2, 07:00 pm",0,0.262425
"Aug 2, 08:00 pm",0,0.262425
"Aug 2, 09:00 pm",0,0.262425
"Aug 2, 10:00 pm",0,0.262425
"Aug 2, 11:00 pm",0,0.262425
"Aug 3, 12:00 am",0,0.262425
"Aug 3, 01:00 am",0,0.262425
"Aug 3, 02:00 am",0,0.262425
"Aug 3, 03:00 am",0,0.262425
"Aug 3, 04:00 am",0,0.262425
"Aug 3, 05:00 am",0,0.262425
"Aug 3, 06:00 am",0,0.262425
"Aug 3, 07:00 am",0,0.262425
"Aug 3, 08:00 am",0,0.262425
"Aug 3, 09:00 am",0,0.262425
"Aug 3, 10:00 am",0,0.262425
"Aug 3, 11:00 am",0,0.262425
"Aug 3, 12:00 pm",0,0.262425
"Aug 3, 01:00 pm",2174.17,1.13716
"Aug 3, 02:00 pm",3237.18,1.57455
"Aug 3, 03:00 pm",3238.85,1.57455
"Aug 3, 04:00 pm",2589.52,1.25825
"Aug 3, 05:00 pm",176.246,0.262425
"Aug 3, 06:00 pm",14.745,0.262425
"Aug 3, 07:00 pm",0,0.262425
"Aug 3, 08:00 pm",0,0.262425
"Aug 3, 09:00 pm",0,0.262425
"Aug 3, 10:00 pm",0,0.262425
"Aug 3, 11:00 pm",0,0.262425
"Aug 4, 12:00 am",0,0.262425
"Aug 4, 01:00 am",0,0.262425
"Aug 4, 02:00 am",0,0.262425
"Aug 4, 03:00 am",0,0.262425
"Aug 4, 04:00 am",0,0.262425
"Aug 4, 05:00 am",0,0.262425
"Aug 4, 06:00 am",0,0.262425
"Aug 4, 07:00 am",0,0.262425
"Aug 4, 08:00 am",0,0.262425
"Aug 4, 09:00 am",0,0.262425
"Aug 4, 10:00 am",0,0.262425
"Aug 4, 11:00 am",0,0.262425
"Aug 4, 12:00 pm",0,0.262425
"Aug 4, 01:00 pm",0,0.262425
"Aug 4, 02:00 pm",0,0.262425
"Aug 4, 03:00 pm",0,0.262425
"Aug 4, 04:00 pm",0,0.262425
"Aug 4, 05:00 pm",0,0.262425
"Aug 4, 06:00 pm",0,0.262425
"Aug 4, 07:00 pm",0,0.262425
"Aug 4, 08:00 pm",0,0.262425
"Aug 4, 09:00 pm",0,0.262425
"Aug 4, 10:00 pm",0,0.262425
"Aug 4, 11:00 pm",0,0.262425
"Aug 5, 12:00 am",0,0.262425
"Aug 5, 01:00 am",0,0.262425
"Aug 5, 02:00 am",0,0.262425
"Aug 5, 03:00 am",0,0.262425
"Aug 5, 04:00 am",0,0.262425
"Aug 5, 05:00 am",0,0.262425
"Aug 5, 06:00 am",0,0.262425
"Aug 5, 07:00 am",0,0.262425
"Aug 5, 08:00 am",0,0.262425
"Aug 5, 09:00 am",917.241,0.575893
"Aug 5, 10:00 am",3169.3,1.54149
"Aug 5, 11:00 am",20.6493,0.262425
"Aug 5, 12:00 pm",0,0.262425
"Aug 5, 01:00 pm",0,0.262425
"Aug 5, 02:00 pm",0,0.262425
"Aug 5, 03:00 pm",0,0.262425
"Aug 5, 04:00 pm",0,0.262425
"Aug 5, 05:00 pm",0,0.262425
"Aug 5, 06:00 pm",0,0.262425
"Aug 5, 07:00 pm",0,0.262425
"Aug 5, 08:00 pm",0,0.262425
"Aug 5, 09:00 pm",0,0.262425
"Aug 5, 10:00 pm",0,0.262425
"Aug 5, 11:00 pm",0,0.262425
"Aug 6, 12:00 am",0,0.262425
"Aug 6, 01:00 am",0,0.262425
"Aug 6, 02:00 am",0,0.262425
"Aug 6, 03:00 am",0,0.262425
"Aug 6, 04:00 am",0,0.262425
"Aug 6, 05:00 am",0,0.262425
"Aug 6, 06:00 am",0,0.262425
"Aug 6, 07:00 am",0,0.262425
"Aug 6, 08:00 am",0,0.262425
"Aug 6, 09:00 am",0,0.262425
"Aug 6, 10:00 am",0,0.262425
"Aug 6, 11:00 am",0,0.262425
"Aug 6, 12:00 pm",0,0.262425
"Aug 6, 01:00 pm",0,0.262425
"Aug 6, 02:00 pm",0,0.262425
"Aug 6, 03:00 pm",2178.05,1.13716
"Aug 6, 04:00 pm",2718.26,1.32143
"Aug 6, 05:00 pm",244.925,0.262425
"Aug 6, 06:00 pm",14.185,0.262425
"Aug 6, 07:00 pm",0,0.262425
"Aug 6, 08:00 pm",0,0.262425
"Aug 6, 09:00 pm",0,0.262425
"Aug 6, 10:00 pm",0,0.262425
"Aug 6, 11:00 pm",0,0.262425
"Aug 7, 12:00 am",0,0.262425
"Aug 7, 01:00 am",0,0.262425
"Aug 7, 02:00 am",0,0.262425
"Aug 7, 03:00 am",0,0.262425
"Aug 7, 04:00 am",0,0.262425
"Aug 7, 05:00 am",0,0.262425
"Aug 7, 06:00 am",0,0.262425
"Aug 7, 07:00 am",0,0.262425
"Aug 7, 08:00 am",0,0.262425
"Aug 7, 09:00 am",1182.59,0.697729
"Aug 7, 10:00 am",3238.67,1.57455
"Aug 7, 11:00 am",3239.08,1.57455
"Aug 7, 12:00 pm",3239.13,1.57455
"Aug 7, 01:00 pm",3239.15,1.57455
"Aug 7, 02:00 pm",3239.17,1.57455
"Aug 7, 03:00 pm",3239.16,1.57455
"Aug 7, 04:00 pm",2857.67,1.38963
"Aug 7, 05:00 pm",285.443,0.262425
"Aug 7, 06:00 pm",14.636,0.262425
"Aug 7, 07:00 pm",0,0.262425
"Aug 7, 08:00 pm",0,0.262425
"Aug 7, 09:00 pm",0,0.262425
"Aug 7, 10:00 pm",0,0.262425
"Aug 7, 11:00 pm",0,0.262425
"Aug 8, 12:00 am",0,0.262425
"Aug 8, 01:00 am",0,0.262425
"Aug 8, 02:00 am",0,0.262425
"Aug 8, 03:00 am",0,0.262425
"Aug 8, 04:00 am",0,0.262425
"Aug 8, 05:00 am",0,0.262425
"Aug 8, 06:00 am",0,0.262425
"Aug 8, 07:00 am",0,0.262425
"Aug 8, 08:00 am",0,0.262425
"Aug 8, 09:00 am",1215.8,0.712661
"Aug 8, 10:00 am",3234.78,1.57455
"Aug 8, 11:00 am",3239.16,1.57455
"Aug 8, 12:00 pm",3239.22,1.57455
"Aug 8, 01:00 pm",3239.24,1.57455
"Aug 8, 02:00 pm",3239.22,1.57455
"Aug 8, 03:00 pm",3239.21,1.57455
"Aug 8, 04:00 pm",2860.58,1.39102
"Aug 8, 05:00 pm",310.679,0.262425
"Aug 8, 06:00 pm",15.1834,0.262425
"Aug 8, 07:00 pm",0,0.262425
"Aug 8, 08:00 pm",0,0.262425
"Aug 8, 09:00 pm",0,0.262425
"Aug 8, 10:00 pm",0,0.262425
"Aug 8, 11:00 pm",0,0.262425
"Aug 9, 12:00 am",0,0.262425
"Aug 9, 01:00 am",0,0.262425
"Aug 9, 02:00 am",0,0.262425
"Aug 9, 03:00 am",0,0.262425
"Aug 9, 04:00 am",0,0.262425
"Aug 9, 05:00 am",0,0.262425
"Aug 9, 06:00 am",0,0.262425
"Aug 9, 07:00 am",0,0.262425
"Aug 9, 08:00 am",0,0.262425
"Aug 9, 09:00 am",1176.95,0.694342
"Aug 9, 10:00 am",3237.04,1.57455
"Aug 9, 11:00 am",20.6636,0.262425
"Aug 9, 12:00 pm",2699.02,1.55517
"Aug 9, 01:00 pm",3238.66,1.57455
"Aug 9, 02:00 pm",3236.13,1.57455
"Aug 9, 03:00 pm",21.0037,0.262425
"Aug 9, 04:00 pm",2323.81,1.3208
"Aug 9, 05:00 pm",16.832,0.262425
"Aug 9, 06:00 pm",0,0.262425
"Aug 9, 07:00 pm",0,0.262425
"Aug 9, 08:00 pm",0,0.262425
"Aug 9, 09:00 pm",0,0.262425
"Aug 9, 10:00 pm",0,0.262425
"Aug 9, 11:00 pm",0,0.262425
"Aug 10, 12:00 am",0,0.262425
"Aug 10, 01:00 am",0,0.262425
"Aug 10, 02:00 am",0,0.262425
"Aug 10, 03:00 am",0,0.262425
"Aug 10, 04:00 am",0,0.262425
"Aug 10, 05:00 am",0,0.262425
"Aug 10, 06:00 am",0,0.262425
"Aug 10, 07:00 am",0,0.262425
"Aug 10, 08:00 am",0,0.262425
"Aug 10, 09:00 am",0,0.262425
"Aug 10, 10:00 am",0,0.262425
"Aug 10, 11:00 am",0,0.262425
"Aug 10, 12:00 pm",0,0.262425
"Aug 10, 01:00 pm",0,0.262425
"Aug 10, 02:00 pm",0,0.262425
"Aug 10, 03:00 pm",0,0.262425
"Aug 10, 04:00 pm",0,0.262425
"Aug 10, 05:00 pm",0,0.262425
"Aug 10, 06:00 pm",0,0.262425
"Aug 10, 07:00 pm",0,0.262425
"Aug 10, 08:00 pm",0,0.262425
"Aug 10, 09:00 pm",0,0.262425
"Aug 10, 10:00 pm",0,0.262425
"Aug 10, 11:00 pm",0,0.262425
"Aug 11, 12:00 am",0,0.262425
"Aug 11, 01:00 am",0,0.262425
"Aug 11, 02:00 am",0,0.262425
"Aug 11, 03:00 am",0,0.262425
"Aug 11, 04:00 am",0,0.262425
"Aug 11, 05:00 am",0,0.262425
"Aug 11, 06:00 am",0,0.262425
"Aug 11, 07:00 am",0,0.262425
"Aug 11, 08:00 am",0,0.262425
"Aug 11, 09:00 am",0,0.262425
"Aug 11, 10:00 am",0,0.262425
"Aug 11, 11:00 am",2173.72,1.13716
"Aug 11, 12:00 pm",3239.52,1.57455
"Aug 11, 01:00 pm",3239.19,1.57455
"Aug 11, 02:00 pm",3239.19,1.57455
"Aug 11, 03:00 pm",3239.18,1.57455
"Aug 11, 04:00 pm",2928.02,1.42395
"Aug 11, 05:00 pm",378.875,0.262425
"Aug 11, 06:00 pm",14.5842,0.262425
"Aug 11, 07:00 pm",0,0.262425
"Aug 11, 08:00 pm",0,0.262425
"Aug 11, 09:00 pm",0,0.262425
"Aug 11, 10:00 pm",0,0.262425
"Aug 11, 11:00 pm",0,0.262425
"Aug 12, 12:00 am",0,0.262425
"Aug 12, 01:00 am",0,0.262425
"Aug 12, 02:00 am",0,0.262425
"Aug 12, 03:00 am",0,0.262425
"Aug 12, 04:00 am",0,0.262425
"Aug 12, 05:00 am",0,0.262425
"Aug 12, 06:00 am",0,0.262425
"Aug 12, 07:00 am",0,0.262425
"Aug 12, 08:00 am",0,0.262425
"Aug 12, 09:00 am",1441.9,1.01078
"Aug 12, 10:00 am",3238.62,1.57455
"Aug 12, 11:00 am",3239.46,1.57455
"Aug 12, 12:00 pm",3239.5,1.57455
"Aug 12, 01:00 pm",3239.52,1.57455
"Aug 12, 02:00 pm",3239.54,1.57455
"Aug 12, 03:00 pm",3239.53,1.57455
"Aug 12, 04:00 pm",3031.87,1.47413
"Aug 12, 05:00 pm",422.026,0.262425
"Aug 12, 06:00 pm",14.4823,0.262425
"Aug 12, 07:00 pm",0,0.262425
"Aug 12, 08:00 pm",0,0.262425
"Aug 12, 09:00 pm",0,0.262425
"Aug 12, 10:00 pm",0,0.262425
"Aug 12, 11:00 pm",0,0.262425
"Aug 13, 12:00 am",0,0.262425
"Aug 13, 01:00 am",0,0.262425
"Aug 13, 02:00 am",0,0.262425
"Aug 13, 03:00 am",0,0.262425
"Aug 13, 04:00 am",0,0.262425
"Aug 13, 05:00 am",0,0.262425
"Aug 13, 06:00 am",0,0.262425
"Aug 13, 07:00 am",0,0.262425
"Aug 13, 08:00 am",0,0.262425
"Aug 13, 09:00 am",1512.58,1.05629
"Aug 13, 10:00 am",3240.8,1.57455
"Aug 13, 11:00 am",3239.78,1.57455
"Aug 13, 12:00 pm",3239.83,1.57455
"Aug 13, 01:00 pm",3239.86,1.57455
"Aug 13, 02:00 pm",3239.88,1.57455
"Aug 13, 03:00 pm",3239.9,1.57455
"Aug 13, 04:00 pm",3138.14,1.52674
"Aug 13, 05:00 pm",480.569,0.262425
"Aug 13, 06:00 pm",15.4861,0.262425
"Aug 13, 07:00 pm",0,0.262425
"Aug 13, 08:00 pm",0,0.262425
"Aug 13, 09:00 pm",0,0.262425
"Aug 13, 10:00 pm",0,0.262425
"Aug 13, 11:00 pm",0,0.262425
"Aug 14, 12:00 am",0,0.262425
"Aug 14, 01:00 am",0,0.262425
"Aug 14, 02:00 am",0,0.262425
"Aug 14, 03:00 am",0,0.262425
"Aug 14, 04:00 am",0,0.262425
"Aug 14, 05:00 am",0,0.262425
"Aug 14, 06:00 am",0,0.262425
"Aug 14, 07:00 am",0,0.262425
"Aug 14, 08:00 am",0,0.262425
"Aug 14, 09:00 am",1504.44,1.05001
"Aug 14, 10:00 am",3234.95,1.57455
"Aug 14, 11:00 am",3239.58,1.57455
"Aug 14, 12:00 pm",21.4932,0.262425
"Aug 14, 01:00 pm",2707.21,1.57185
"Aug 14, 02:00 pm",21.8147,0.262425
"Aug 14, 03:00 pm",0,0.262425
"Aug 14, 04:00 pm",0,0.262425
"Aug 14, 05:00 pm",0,0.262425
"Aug 14, 06:00 pm",0,0.262425
"Aug 14, 07:00 pm",0,0.262425
"Aug 14, 08:00 pm",0,0.262425
"Aug 14, 09:00 pm",0,0.262425
"Aug 14, 10:00 pm",0,0.262425
"Aug 14, 11:00 pm",0,0.262425
"Aug 15, 12:00 am",0,0.262425
"Aug 15, 01:00 am",0,0.262425
"Aug 15, 02:00 am",0,0.262425
"Aug 15, 03:00 am",0,0.262425
"Aug 15, 04:00 am",0,0.262425
"Aug 15, 05:00 am",0,0.262425
"Aug 15, 06:00 am",0,0.262425
"Aug 15, 07:00 am",0,0.262425
"Aug 15, 08:00 am",0,0.262425
"Aug 15, 09:00 am",1122.63,0.674347
"Aug 15, 10:00 am",20.4549,0.262425
"Aug 15, 11:00 am",2700.77,1.5728
"Aug 15, 12:00 pm",3239.53,1.57455
"Aug 15, 01:00 pm",3239.56,1.57455
"Aug 15, 02:00 pm",3239.58,1.57455
"Aug 15, 03:00 pm",3239.57,1.57455
"Aug 15, 04:00 pm",3029.22,1.47278
"Aug 15, 05:00 pm",496.811,0.262425
"Aug 15, 06:00 pm",15.6699,0.262425
"Aug 15, 07:00 pm",0,0.262425
"Aug 15, 08:00 pm",0,0.262425
"Aug 15, 09:00 pm",0,0.262425
"Aug 15, 10:00 pm",0,0.262425
"Aug 15, 11:00 pm",0,0.262425
"Aug 16, 12:00 am",0,0.262425
"Aug 16, 01:00 am",0,0.262425
"Aug 16, 02:00 am",0,0.262425
"Aug 16, 03:00 am",0,0.262425
"Aug 16, 04:00 am",0,0.262425
"Aug 16, 05:00 am",0,0.262425
"Aug 16, 06:00 am",0,0.262425
"Aug 16, 07:00 am",0,0.262425
"Aug 16, 08:00 am",0,0.262425
"Aug 16, 09:00 am",1480.06,1.03235
"Aug 16, 10:00 am",3238.72,1.57455
"Aug 16, 11:00 am",3239.47,1.57455
"Aug 16, 12:00 pm",3239.52,1.57455
"Aug 16, 01:00 pm",3239.55,1.57455
"Aug 16, 02:00 pm",3239.57,1.57455
"Aug 16, 03:00 pm",3239.59,1.57455
"Aug 16, 04:00 pm",3005.62,1.46133
"Aug 16, 05:00 pm",516.995,0.262425
"Aug 16, 06:00 pm",16.0357,0.262425
"Aug 16, 07:00 pm",0,0.262425
"Aug 16, 08:00 pm",0,0.262425
"Aug 16, 09:00 pm",0,0.262425
"Aug 16, 10:00 pm",0,0.262425
"Aug 16, 11:00 pm",0,0.262425
"Aug 17, 12:00 am",0,0.262425
"Aug 17, 01:00 am",0,0.262425
"Aug 17, 02:00 am",0,0.262425
"Aug 17, 03:00 am",0,0.262425
"Aug 17, 04:00 am",0,0.262425
"Aug 17, 05:00 am",0,0.262425
"Aug 17, 06:00 am",0,0.262425
"Aug 17, 07:00 am",0,0.262425
"Aug 17, 08:00 am",0,0.262425
"Aug 17, 09:00 am",1526.39,1.06264
"Aug 17, 10:00 am",3236.04,1.57455
"Aug 17, 11:00 am",3239.72,1.57455
"Aug 17, 12:00 pm",3239.78,1.57455
"Aug 17, 01:00 pm",3239.79,1.57455
"Aug 17, 02:00 pm",3239.82,1.57455
"Aug 17, 03:00 pm",3239.87,1.57455
"Aug 17, 04:00 pm",3111.74,1.51463
"Aug 17, 05:00 pm",569.883,0.277756
"Aug 17, 06:00 pm",16.7147,0.262425
"Aug 17, 07:00 pm",0,0.262425
"Aug 17, 08:00 pm",0,0.262425
"Aug 17, 09:00 pm",0,0.262425
"Aug 17, 10:00 pm",0,0.262425
"Aug 17, 11:00 pm",0,0.262425
"Aug 18, 12:00 am",0,0.262425
"Aug 18, 01:00 am",0,0.262425
"Aug 18, 02:00 am",0,0.262425
"Aug 18, 03:00 am",0,0.262425
"Aug 18, 04:00 am",0,0.262425
"Aug 18, 05:00 am",0,0.262425
"Aug 18, 06:00 am",0,0.262425
"Aug 18, 07:00 am",0,0.262425
"Aug 18, 08:00 am",0,0.262425
"Aug 18, 09:00 am",2021.42,1.15328
"Aug 18, 10:00 am",3238.98,1.57455
"Aug 18, 11:00 am",3240.19,1.57455
"Aug 18, 12:00 pm",3240.25,1.57455
"Aug 18, 01:00 pm",3240.27,1.57455
"Aug 18, 02:00 pm",3240.29,1.57455
"Aug 18, 03:00 pm",3240.28,1.57455
"Aug 18, 04:00 pm",3188.69,1.55029
"Aug 18, 05:00 pm",608.719,0.296706
"Aug 18, 06:00 pm",16.2997,0.262425
"Aug 18, 07:00 pm",0,0.262425
"Aug 18, 08:00 pm",0,0.262425
"Aug 18, 09:00 pm",0,0.262425
"Aug 18, 10:00 pm",0,0.262425
"Aug 18, 11:00 pm",0,0.262425
"Aug 19, 12:00 am",0,0.262425
"Aug 19, 01:00 am",0,0.262425
"Aug 19, 02:00 am",0,0.262425
"Aug 19, 03:00 am",0,0.262425
"Aug 19, 04:00 am",0,0.262425
"Aug 19, 05:00 am",0,0.262425
"Aug 19, 06:00 am",0,0.262425
"Aug 19, 07:00 am",0,0.262425
"Aug 19, 08:00 am",0,0.262425
"Aug 19, 09:00 am",0,0.262425
"Aug 19, 10:00 am",0,0.262425
"Aug 19, 11:00 am",0,0.262425
"Aug 19, 12:00 pm",0,0.262425
"Aug 19, 01:00 pm",0,0.262425
"Aug 19, 02:00 pm",0,0.262425
"Aug 19, 03:00 pm",0,0.262425
"Aug 19, 04:00 pm",0,0.262425
"Aug 19, 05:00 pm",0,0.262425
"Aug 19, 06:00 pm",0,0.262425
"Aug 19, 07:00 pm",0,0.262425
"Aug 19, 08:00 pm",0,0.262425
"Aug 19, 09:00 pm",0,0.262425
"Aug 19, 10:00 pm",0,0.262425
"Aug 19, 11:00 pm",0,0.262425
"Aug 20, 12:00 am",0,0.262425
"Aug 20, 01:00 am",0,0.262425
"Aug 20, 02:00 am",0,0.262425
"Aug 20, 03:00 am",0,0.262425
"Aug 20, 04:00 am",0,0.262425
"Aug 20, 05:00 am",0,0.262425
"Aug 20, 06:00 am",0,0.262425
"Aug 20, 07:00 am",0,0.262425
"Aug 20, 08:00 am",0,0.262425
"Aug 20, 09:00 am",0,0.262425
"Aug 20, 10:00 am",2168.68,1.13716
"Aug 20, 11:00 am",3239.82,1.57455
"Aug 20, 12:00 pm",3239.84,1.57455
"Aug 20, 01:00 pm",3239.84,1.57455
"Aug 20, 02:00 pm",3239.82,1.57455
"Aug 20, 03:00 pm",3239.82,1.57455
"Aug 20, 04:00 pm",3155.06,1.53461
"Aug 20, 05:00 pm",636.774,0.310398
"Aug 20, 06:00 pm",14.9334,0.262425
"Aug 20, 07:00 pm",0,0.262425
"Aug 20, 08:00 pm",0,0.262425
"Aug 20, 09:00 pm",0,0.262425
"Aug 20, 10:00 pm",0,0.262425
"Aug 20, 11:00 pm",0,0.262425
"Aug 21, 12:00 am",0,0.262425
"Aug 21, 01:00 am",0,0.262425
"Aug 21, 02:00 am",0,0.262425
"Aug 21, 03:00 am",0,0.262425
"Aug 21, 04:00 am",0,0.262425
"Aug 21, 05:00 am",0,0.262425
"Aug 21, 06:00 am",0,0.262425
"Aug 21, 07:00 am",0,0.262425
"Aug 21, 08:00 am",0,0.262425
"Aug 21, 09:00 am",0,0.262425
"Aug 21, 10:00 am",0,0.262425
"Aug 21, 11:00 am",0,0.262425
"Aug 21, 12:00 pm",2194.51,1.13716
"Aug 21, 01:00 pm",3240.22,1.57455
"Aug 21, 02:00 pm",3239.95,1.57455
"Aug 21, 03:00 pm",3239.94,1.57455
"Aug 21, 04:00 pm",3178.63,1.54564
"Aug 21, 05:00 pm",666.333,0.324715
"Aug 21, 06:00 pm",15.0802,0.262425
"Aug 21, 07:00 pm",0,0.262425
"Aug 21, 08:00 pm",0,0.262425
"Aug 21, 09:00 pm",0,0.262425
"Aug 21, 10:00 pm",0,0.262425
"Aug 21, 11:00 pm",0,0.262425
"Aug 22, 12:00 am",0,0.262425
"Aug 22, 01:00 am",0,0.262425
"Aug 22, 02:00 am",0,0.262425
"Aug 22, 03:00 am",0,0.262425
"Aug 22, 04:00 am",0,0.262425
"Aug 22, 05:00 am",0,0.262425
"Aug 22, 06:00 am",0,0.262425
"Aug 22, 07:00 am",0,0.262425
"Aug 22, 08:00 am",0,0.262425
"Aug 22, 09:00 am",1343.2,0.776648
"Aug 22, 10:00 am",3238.95,1.57455
"Aug 22, 11:00 am",3239.71,1.57455
"Aug 22, 12:00 pm",21.0091,0.262425
"Aug 22, 01:00 pm",0,0.262425
"Aug 22, 02:00 pm",0,0.262425
"Aug 22, 03:00 pm",0,0.262425
"Aug 22, 04:00 pm",0,0.262425
"Aug 22, 05:00 pm",0,0.262425
"Aug 22, 06:00 pm",0,0.262425
"Aug 22, 07:00 pm",0,0.262425
"Aug 22, 08:00 pm",0,0.262425
"Aug 22, 09:00 pm",0,0.262425
"Aug 22, 10:00 pm",0,0.262425
"Aug 22, 11:00 pm",0,0.262425
"Aug 23, 12:00 am",0,0.262425
"Aug 23, 01:00 am",0,0.262425
"Aug 23, 02:00 am",0,0.262425
"Aug 23, 03:00 am",0,0.262425
"Aug 23, 04:00 am",0,0.262425
"Aug 23, 05:00 am",0,0.262425
"Aug 23, 06:00 am",0,0.262425
"Aug 23, 07:00 am",0,0.262425
"Aug 23, 08:00 am",0,0.262425
"Aug 23, 09:00 am",0,0.262425
"Aug 23, 10:00 am",0,0.262425
"Aug 23, 11:00 am",0,0.262425
"Aug 23, 12:00 pm",0,0.262425
"Aug 23, 01:00 pm",0,0.262425
"Aug 23, 02:00 pm",0,0.262425
"Aug 23, 03:00 pm",0,0.262425
"Aug 23, 04:00 pm",0,0.262425
"Aug 23, 05:00 pm",0,0.262425
"Aug 23, 06:00 pm",0,0.262425
"Aug 23, 07:00 pm",0,0.262425
"Aug 23, 08:00 pm",0,0.262425
"Aug 23, 09:00 pm",0,0.262425
"Aug 23, 10:00 pm",0,0.262425
"Aug 23, 11:00 pm",0,0.262425
"Aug 24, 12:00 am",0,0.262425
"Aug 24, 01:00 am",0,0.262425
"Aug 24, 02:00 am",0,0.262425
"Aug 24, 03:00 am",0,0.262425
"Aug 24, 04:00 am",0,0.262425
"Aug 24, 05:00 am",0,0.262425
"Aug 24, 06:00 am",0,0.262425
"Aug 24, 07:00 am",0,0.262425
"Aug 24, 08:00 am",0,0.262425
"Aug 24, 09:00 am",0,0.262425
"Aug 24, 10:00 am",0,0.262425
"Aug 24, 11:00 am",0,0.262425
"Aug 24, 12:00 pm",0,0.262425
"Aug 24, 01:00 pm",0,0.262425
"Aug 24, 02:00 pm",0,0.262425
"Aug 24, 03:00 pm",2185.9,1.13716
"Aug 24, 04:00 pm",3216.25,1.56362
"Aug 24, 05:00 pm",743.731,0.362306
"Aug 24, 06:00 pm",14.5815,0.262425
"Aug 24, 07:00 pm",0,0.262425
"Aug 24, 08:00 pm",0,0.262425
"Aug 24, 09:00 pm",0,0.262425
"Aug 24, 10:00 pm",0,0.262425
"Aug 24, 11:00 pm",0,0.262425
"Aug 25, 12:00 am",0,0.262425
"Aug 25, 01:00 am",0,0.262425
"Aug 25, 02:00 am",0,0.262425
"Aug 25, 03:00 am",0,0.262425
"Aug 25, 04:00 am",0,0.262425
"Aug 25, 05:00 am",0,0.262425
"Aug 25, 06:00 am",0,0.262425
"Aug 25, 07:00 am",0,0.262425
"Aug 25, 08:00 am",0,0.262425
"Aug 25, 09:00 am",1571.99,0.8833
"Aug 25, 10:00 am",3239.67,1.57455
"Aug 25, 11:00 am",3240.47,1.57455
"Aug 25, 12:00 pm",3240.51,1.57455
"Aug 25, 01:00 pm",3240.53,1.57455
"Aug 25, 02:00 pm",3240.54,1.57455
"Aug 25, 03:00 pm",3240.53,1.57455
"Aug 25, 04:00 pm",3234.84,1.57455
"Aug 25, 05:00 pm",824.125,0.401142
"Aug 25, 06:00 pm",15.3514,0.262425
"Aug 25, 07:00 pm",0,0.262425
"Aug 25, 08:00 pm",0,0.262425
"Aug 25, 09:00 pm",0,0.262425
"Aug 25, 10:00 pm",0,0.262425
"Aug 25, 11:00 pm",0,0.262425
"Aug 26, 12:00 am",0,0.262425
"Aug 26, 01:00 am",0,0.262425
"Aug 26, 02:00 am",0,0.262425
"Aug 26, 03:00 am",0,0.262425
"Aug 26, 04:00 am",0,0.262425
"Aug 26, 05:00 am",0,0.262425
"Aug 26, 06:00 am",0,0.262425
"Aug 26, 07:00 am",0,0.262425
"Aug 26, 08:00 am",0,0.262425
"Aug 26, 09:00 am",2795.23,1.35965
"Aug 26, 10:00 am",3239.8,1.57455
"Aug 26, 11:00 am",3240.64,1.57455
"Aug 26, 12:00 pm",23.0258,0.262425
"Aug 26, 01:00 pm",0,0.262425
"Aug 26, 02:00 pm",0,0.262425
"Aug 26, 03:00 pm",2701.41,1.57455
"Aug 26, 04:00 pm",3235.04,1.57455
"Aug 26, 05:00 pm",850.8,0.414196
"Aug 26, 06:00 pm",15.7561,0.262425
"Aug 26, 07:00 pm",0,0.262425
"Aug 26, 08:00 pm",0,0.262425
"Aug 26, 09:00 pm",0,0.262425
"Aug 26, 10:00 pm",0,0.262425
"Aug 26, 11:00 pm",0,0.262425
"Aug 27, 12:00 am",0,0.262425
"Aug 27, 01:00 am",0,0.262425
"Aug 27, 02:00 am",0,0.262425
"Aug 27, 03:00 am",0,0.262425
"Aug 27, 04:00 am",0,0.262425
"Aug 27, 05:00 am",0,0.262425
"Aug 27, 06:00 am",0,0.262425
"Aug 27, 07:00 am",0,0.262425
"Aug 27, 08:00 am",0,0.262425
"Aug 27, 09:00 am",0,0.262425
"Aug 27, 10:00 am",0,0.262425
"Aug 27, 11:00 am",0,0.262425
"Aug 27, 12:00 pm",0,0.262425
"Aug 27, 01:00 pm",0,0.262425
"Aug 27, 02:00 pm",0,0.262425
"Aug 27, 03:00 pm",0,0.262425
"Aug 27, 04:00 pm",0,0.262425
"Aug 27, 05:00 pm",0,0.262425
"Aug 27, 06:00 pm",0,0.262425
"Aug 27, 07:00 pm",0,0.262425
"Aug 27, 08:00 pm",0,0.262425
"Aug 27, 09:00 pm",0,0.262425
"Aug 27, 10:00 pm",0,0.262425
"Aug 27, 11:00 pm",0,0.262425
"Aug 28, 12:00 am",0,0.262425
"Aug 28, 01:00 am",0,0.262425
"Aug 28, 02:00 am",0,0.262425
"Aug 28, 03:00 am",0,0.262425
"Aug 28, 04:00 am",0,0.262425
"Aug 28, 05:00 am",0,0.262425
"Aug 28, 06:00 am",0,0.262425
"Aug 28, 07:00 am",0,0.262425
"Aug 28, 08:00 am",0,0.262425
"Aug 28, 09:00 am",0,0.262425
"Aug 28, 10:00 am",0,0.262425
"Aug 28, 11:00 am",0,0.262425
"Aug 28, 12:00 pm",0,0.262425
"Aug 28, 01:00 pm",0,0.262425
"Aug 28, 02:00 pm",0,0.262425
"Aug 28, 03:00 pm",0,0.262425
"Aug 28, 04:00 pm",0,0.262425
"Aug 28, 05:00 pm",0,0.262425
"Aug 28, 06:00 pm",0,0.262425
"Aug 28, 07:00 pm",0,0.262425
"Aug 28, 08:00 pm",0,0.262425
"Aug 28, 09:00 pm",0,0.262425
"Aug 28, 10:00 pm",0,0.262425
"Aug 28, 11:00 pm",0,0.262425
"Aug 29, 12:00 am",0,0.262425
"Aug 29, 01:00 am",0,0.262425
"Aug 29, 02:00 am",0,0.262425
"Aug 29, 03:00 am",0,0.262425
"Aug 29, 04:00 am",0,0.262425
"Aug 29, 05:00 am",0,0.262425
"Aug 29, 06:00 am",0,0.262425
"Aug 29, 07:00 am",0,0.262425
"Aug 29, 08:00 am",0,0.262425
"Aug 29, 09:00 am",0,0.262425
"Aug 29, 10:00 am",0,0.262425
"Aug 29, 11:00 am",2188.9,1.13716
"Aug 29, 12:00 pm",23.2235,0.262425
"Aug 29, 01:00 pm",0,0.262425
"Aug 29, 02:00 pm",0,0.262425
"Aug 29, 03:00 pm",0,0.262425
"Aug 29, 04:00 pm",0,0.262425
"Aug 29, 05:00 pm",0,0.262425
"Aug 29, 06:00 pm",0,0.262425
"Aug 29, 07:00 pm",0,0.262425
"Aug 29, 08:00 pm",0,0.262425
"Aug 29, 09:00 pm",0,0.262425
"Aug 29, 10:00 pm",0,0.262425
"Aug 29, 11:00 pm",0,0.262425
"Aug 30, 12:00 am",0,0.262425
"Aug 30, 01:00 am",0,0.262425
"Aug 30, 02:00 am",0,0.262425
"Aug 30, 03:00 am",0,0.262425
"Aug 30, 04:00 am",0,0.262425
"Aug 30, 05:00 am",0,0.262425
"Aug 30, 06:00 am",0,0.262425
"Aug 30, 07:00 am",0,0.262425
"Aug 30, 08:00 am",0,0.262425
"Aug 30, 09:00 am",0,0.262425
"Aug 30, 10:00 am",2183.52,1.13716
"Aug 30, 11:00 am",3240.36,1.57455
"Aug 30, 12:00 pm",3240.38,1.57455
"Aug 30, 01:00 pm",21.7469,0.262425
"Aug 30, 02:00 pm",0,0.262425
"Aug 30, 03:00 pm",0,0.262425
"Aug 30, 04:00 pm",0,0.262425
"Aug 30, 05:00 pm",0,0.262425
"Aug 30, 06:00 pm",0,0.262425
"Aug 30, 07:00 pm",0,0.262425
"Aug 30, 08:00 pm",0,0.262425
"Aug 30, 09:00 pm",0,0.262425
"Aug 30, 10:00 pm",0,0.262425
"Aug 30, 11:00 pm",0,0.262425
"Aug 31, 12:00 am",0,0.262425
"Aug 31, 01:00 am",0,0.262425
"Aug 31, 02:00 am",0,0.262425
"Aug 31, 03:00 am",0,0.262425
"Aug 31, 04:00 am",0,0.262425
"Aug 31, 05:00 am",0,0.262425
"Aug 31, 06:00 am",0,0.262425
"Aug 31, 07:00 am",0,0.262425
"Aug 31, 08:00 am",0,0.262425
"Aug 31, 09:00 am",0,0.262425
"Aug 31, 10:00 am",0,0.262425
"Aug 31, 11:00 am",0,0.262425
"Aug 31, 12:00 pm",0,0.262425
"Aug 31, 01:00 pm",0,0.262425
"Aug 31, 02:00 pm",0,0.262425
"Aug 31, 03:00 pm",0,0.262425
"Aug 31, 04:00 pm",0,0.262425
"Aug 31, 05:00 pm",0,0.262425
"Aug 31, 06:00 pm",0,0.262425
"Aug 31, 07:00 pm",0,0.262425
"Aug 31, 08:00 pm",0,0.262425
"Aug 31, 09:00 pm",0,0.262425
"Aug 31, 10:00 pm",0,0.262425
"Aug 31, 11:00 pm",0,0.262425
"Sep 1, 12:00 am",0,0.262425
"Sep 1, 01:00 am",0,0.262425
"Sep 1, 02:00 am",0,0.262425
"Sep 1, 03:00 am",0,0.262425
"Sep 1, 04:00 am",0,0.262425
"Sep 1, 05:00 am",0,0.262425
"Sep 1, 06:00 am",0,0.262425
"Sep 1, 07:00 am",0,0.262425
"Sep 1, 08:00 am",0,0.262425
"Sep 1, 09:00 am",1645.8,0.918468
"Sep 1, 10:00 am",3240.36,1.57455
"Sep 1, 11:00 am",3241.05,1.57455
"Sep 1, 12:00 pm",3241.09,1.57455
"Sep 1, 01:00 pm",3241.22,1.57455
"Sep 1, 02:00 pm",3241.24,1.57455
"Sep 1, 03:00 pm",22.6721,0.262425
"Sep 1, 04:00 pm",0,0.262425
"Sep 1, 05:00 pm",0,0.262425
"Sep 1, 06:00 pm",0,0.262425
"Sep 1, 07:00 pm",0,0.262425
"Sep 1, 08:00 pm",0,0.262425
"Sep 1, 09:00 pm",0,0.262425
"Sep 1, 10:00 pm",0,0.262425
"Sep 1, 11:00 pm",0,0.262425
"Sep 2, 12:00 am",0,0.262425
"Sep 2, 01:00 am",0,0.262425
"Sep 2, 02:00 am",0,0.262425
"Sep 2, 03:00 am",0,0.262425
"Sep 2, 04:00 am",0,0.262425
"Sep 2, 05:00 am",0,0.262425
"Sep 2, 06:00 am",0,0.262425
"Sep 2, 07:00 am",0,0.262425
"Sep 2, 08:00 am",0,0.262425
"Sep 2, 09:00 am",0,0.262425
"Sep 2, 10:00 am",0,0.262425
"Sep 2, 11:00 am",0,0.262425
"Sep 2, 12:00 pm",0,0.262425
"Sep 2, 01:00 pm",0,0.262425
"Sep 2, 02:00 pm",0,0.262425
"Sep 2, 03:00 pm",2211.7,1.13716
"Sep 2, 04:00 pm",3239.2,1.57455
"Sep 2, 05:00 pm",1156.36,0.562434
"Sep 2, 06:00 pm",16.4845,0.262425
"Sep 2, 07:00 pm",0,0.262425
"Sep 2, 08:00 pm",0,0.262425
"Sep 2, 09:00 pm",0,0.262425
"Sep 2, 10:00 pm",0,0.262425
"Sep 2, 11:00 pm",0,0.262425
"Sep 3, 12:00 am",0,0.262425
"Sep 3, 01:00 am",0,0.262425
"Sep 3, 02:00 am",0,0.262425
"Sep 3, 03:00 am",0,0.262425
"Sep 3, 04:00 am",0,0.262425
"Sep 3, 05:00 am",0,0.262425
"Sep 3, 06:00 am",0,0.262425
"Sep 3, 07:00 am",0,0.262425
"Sep 3, 08:00 am",0,0.262425
"Sep 3, 09:00 am",0,0.262425
"Sep 3, 10:00 am",0,0.262425
"Sep 3, 11:00 am",0,0.262425
"Sep 3, 12:00 pm",0,0.262425
"Sep 3, 01:00 pm",0,0.262425
"Sep 3, 02:00 pm",0,0.262425
"Sep 3, 03:00 pm",0,0.262425
"Sep 3, 04:00 pm",0,0.262425
"Sep 3, 05:00 pm",0,0.262425
"Sep 3, 06:00 pm",0,0.262425
"Sep 3, 07:00 pm",0,0.262425
"Sep 3, 08:00 pm",0,0.262425
"Sep 3, 09:00 pm",0,0.262425
"Sep 3, 10:00 pm",0,0.262425
"Sep 3, 11:00 pm",0,0.262425
"Sep 4, 12:00 am",0,0.262425
"Sep 4, 01:00 am",0,0.262425
"Sep 4, 02:00 am",0,0.262425
"Sep 4, 03:00 am",0,0.262425
"Sep 4, 04:00 am",0,0.262425
"Sep 4, 05:00 am",0,0.262425
"Sep 4, 06:00 am",0,0.262425
"Sep 4, 07:00 am",0,0.262425
"Sep 4, 08:00 am",0,0.262425
"Sep 4, 09:00 am",0,0.262425
"Sep 4, 10:00 am",0,0.262425
"Sep 4, 11:00 am",0,0.262425
"Sep 4, 12:00 pm",0,0.262425
"Sep 4, 01:00 pm",0,0.262425
"Sep 4, 02:00 pm",0,0.262425
"Sep 4, 03:00 pm",0,0.262425
"Sep 4, 04:00 pm",0,0.262425
"Sep 4, 05:00 pm",0,0.262425
"Sep 4, 06:00 pm",0,0.262425
"Sep 4, 07:00 pm",0,0.262425
"Sep 4, 08:00 pm",0,0.262425
"Sep 4, 09:00 pm",0,0.262425
"Sep 4, 10:00 pm",0,0.262425
"Sep 4, 11:00 pm",0,0.262425
"Sep 5, 12:00 am",0,0.262425
"Sep 5, 01:00 am",0,0.262425
"Sep 5, 02:00 am",0,0.262425
"Sep 5, 03:00 am",0,0.262425
"Sep 5, 04:00 am",0,0.262425
"Sep 5, 05:00 am",0,0.262425
"Sep 5, 06:00 am",0,0.262425
"Sep 5, 07:00 am",0,0.262425
"Sep 5, 08:00 am",0,0.262425
"Sep 5, 09:00 am",0,0.262425
"Sep 5, 10:00 am",0,0.262425
"Sep 5, 11:00 am",0,0.262425
"Sep 5, 12:00 pm",0,0.262425
"Sep 5, 01:00 pm",0,0.262425
"Sep 5, 02:00 pm",0,0.262425
"Sep 5, 03:00 pm",0,0.262425
"Sep 5, 04:00 pm",0,0.262425
"Sep 5, 05:00 pm",0,0.262425
"Sep 5, 06:00 pm",0,0.262425
"Sep 5, 07:00 pm",0,0.262425
"Sep 5, 08:00 pm",0,0.262425
"Sep 5, 09:00 pm",0,0.262425
"Sep 5, 10:00 pm",0,0.262425
"Sep 5, 11:00 pm",0,0.262425
"Sep 6, 12:00 am",0,0.262425
"Sep 6, 01:00 am",0,0.262425
"Sep 6, 02:00 am",0,0.262425
"Sep 6, 03:00 am",0,0.262425
"Sep 6, 04:00 am",0,0.262425
"Sep 6, 05:00 am",0,0.262425
"Sep 6, 06:00 am",0,0.262425
"Sep 6, 07:00 am",0,0.262425
"Sep 6, 08:00 am",0,0.262425
"Sep 6, 09:00 am",0,0.262425
"Sep 6, 10:00 am",0,0.262425
"Sep 6, 11:00 am",0,0.262425
"Sep 6, 12:00 pm",0,0.262425
"Sep 6, 01:00 pm",0,0.262425
"Sep 6, 02:00 pm",0,0.262425
"Sep 6, 03:00 pm",0,0.262425
"Sep 6, 04:00 pm",0,0.262425
"Sep 6, 05:00 pm",0,0.262425
"Sep 6, 06:00 pm",0,0.262425
"Sep 6, 07:00 pm",0,0.262425
"Sep 6, 08:00 pm",0,0.262425
"Sep 6, 09:00 pm",0,0.262425
"Sep 6, 10:00 pm",0,0.262425
"Sep 6, 11:00 pm",0,0.262425
"Sep 7, 12:00 am",0,0.262425
"Sep 7, 01:00 am",0,0.262425
"Sep 7, 02:00 am",0,0.262425
"Sep 7, 03:00 am",0,0.262425
"Sep 7, 04:00 am",0,0.262425
"Sep 7, 05:00 am",0,0.262425
"Sep 7, 06:00 am",0,0.262425
"Sep 7, 07:00 am",0,0.262425
"Sep 7, 08:00 am",0,0.262425
"Sep 7, 09:00 am",0,0.262425
"Sep 7, 10:00 am",0,0.262425
"Sep 7, 11:00 am",0,0.262425
"Sep 7, 12:00 pm",0,0.262425
"Sep 7, 01:00 pm",0,0.262425
"Sep 7, 02:00 pm",0,0.262425
"Sep 7, 03:00 pm",0,0.262425
"Sep 7, 04:00 pm",0,0.262425
"Sep 7, 05:00 pm",0,0.262425
"Sep 7, 06:00 pm",0,0.262425
"Sep 7, 07:00 pm",0,0.262425
"Sep 7, 08:00 pm",0,0.262425
"Sep 7, 09:00 pm",0,0.262425
"Sep 7, 10:00 pm",0,0.262425
"Sep 7, 11:00 pm",0,0.262425
"Sep 8, 12:00 am",0,0.262425
"Sep 8, 01:00 am",0,0.262425
"Sep 8, 02:00 am",0,0.262425
"Sep 8, 03:00 am",0,0.262425
"Sep 8, 04:00 am",0,0.262425
"Sep 8, 05:00 am",0,0.262425
"Sep 8, 06:00 am",0,0.262425
"Sep 8, 07:00 am",0,0.262425
"Sep 8, 08:00 am",0,0.262425
"Sep 8, 09:00 am",2697.98,1.53603
"Sep 8, 10:00 am",3240.8,1.57455
"Sep 8, 11:00 am",3240.82,1.57455
"Sep 8, 12:00 pm",24.0794,0.262425
"Sep 8, 01:00 pm",0,0.262425
"Sep 8, 02:00 pm",0,0.262425
"Sep 8, 03:00 pm",0,0.262425
"Sep 8, 04:00 pm",2700.39,1.57455
"Sep 8, 05:00 pm",1414.63,0.687979
"Sep 8, 06:00 pm",15.1842,0.262425
"Sep 8, 07:00 pm",0,0.262425
"Sep 8, 08:00 pm",0,0.262425
"Sep 8, 09:00 pm",0,0.262425
"Sep 8, 10:00 pm",0,0.262425
"Sep 8, 11:00 pm",0,0.262425
"Sep 9, 12:00 am",0,0.262425
"Sep 9, 01:00 am",0,0.262425
"Sep 9, 02:00 am",0,0.262425
"Sep 9, 03:00 am",0,0.262425
"Sep 9, 04:00 am",0,0.262425
"Sep 9, 05:00 am",0,0.262425
"Sep 9, 06:00 am",0,0.262425
"Sep 9, 07:00 am",0,0.262425
"Sep 9, 08:00 am",0,0.419558
"Sep 9, 09:00 am",3238.1,1.57455
"Sep 9, 10:00 am",3241.08,1.57455
"Sep 9, 11:00 am",3239.29,1.57455
"Sep 9, 12:00 pm",3239.3,1.57455
"Sep 9, 01:00 pm",3238.93,1.57455
"Sep 9, 02:00 pm",3239.95,1.57455
"Sep 9, 03:00 pm",3240.94,1.57455
"Sep 9, 04:00 pm",3239.69,1.57455
"Sep 9, 05:00 pm",1456.77,0.70846
"Sep 9, 06:00 pm",15.2961,0.262425
"Sep 9, 07:00 pm",0,0.262425
"Sep 9, 08:00 pm",0,0.262425
"Sep 9, 09:00 pm",0,0.262425
"Sep 9, 10:00 pm",0,0.262425
"Sep 9, 11:00 pm",0,0.262425
"Sep 10, 12:00 am",0,0.262425
"Sep 10, 01:00 am",0,0.262425
"Sep 10, 02:00 am",0,0.262425
"Sep 10, 03:00 am",0,0.262425
"Sep 10, 04:00 am",0,0.262425
"Sep 10, 05:00 am",0,0.262425
"Sep 10, 06:00 am",0,0.262425
"Sep 10, 07:00 am",0,0.262425
"Sep 10, 08:00 am",0,0.413597
"Sep 10, 09:00 am",3238.09,1.57455
"Sep 10, 10:00 am",3241.12,1.57455
"Sep 10, 11:00 am",3239.49,1.57455
"Sep 10, 12:00 pm",3239.49,1.57455
"Sep 10, 01:00 pm",3242.41,1.57455
"Sep 10, 02:00 pm",3239.98,1.57455
"Sep 10, 03:00 pm",3240.8,1.57455
"Sep 10, 04:00 pm",3239.76,1.57455
"Sep 10, 05:00 pm",1502.93,0.730911
"Sep 10, 06:00 pm",15.2818,0.262425
"Sep 10, 07:00 pm",0,0.262425
"Sep 10, 08:00 pm",0,0.262425
"Sep 10, 09:00 pm",0,0.262425
"Sep 10, 10:00 pm",0,0.262425
"Sep 10, 11:00 pm",0,0.262425
"Sep 11, 12:00 am",0,0.262425
"Sep 11, 01:00 am",0,0.262425
"Sep 11, 02:00 am",0,0.262425
"Sep 11, 03:00 am",0,0.262425
"Sep 11, 04:00 am",0,0.262425
"Sep 11, 05:00 am",0,0.262425
"Sep 11, 06:00 am",0,0.262425
"Sep 11, 07:00 am",0,0.262425
"Sep 11, 08:00 am",0,0.419895
"Sep 11, 09:00 am",3238.21,1.57455
"Sep 11, 10:00 am",3241.21,1.57455
"Sep 11, 11:00 am",3239.54,1.57455
"Sep 11, 12:00 pm",3239.57,1.57455
"Sep 11, 01:00 pm",3238.78,1.57455
"Sep 11, 02:00 pm",3239.67,1.57455
"Sep 11, 03:00 pm",3240.85,1.57455
"Sep 11, 04:00 pm",3239.88,1.57455
"Sep 11, 05:00 pm",1539.04,0.748435
"Sep 11, 06:00 pm",15.7554,0.262425
"Sep 11, 07:00 pm",0,0.262425
"Sep 11, 08:00 pm",0,0.262425
"Sep 11, 09:00 pm",0,0.262425
"Sep 11, 10:00 pm",0,0.262425
"Sep 11, 11:00 pm",0,0.262425
"Sep 12, 12:00 am",0,0.262425
"Sep 12, 01:00 am",0,0.262425
"Sep 12, 02:00 am",0,0.262425
"Sep 12, 03:00 am",0,0.262425
"Sep 12, 04:00 am",0,0.262425
"Sep 12, 05:00 am",0,0.262425
"Sep 12, 06:00 am",0,0.262425
"Sep 12, 07:00 am",0,0.262425
"Sep 12, 08:00 am",282.594,0.441849
"Sep 12, 09:00 am",3238.93,1.57455
"Sep 12, 10:00 am",3240.89,1.57455
"Sep 12, 11:00 am",3238.25,1.57455
"Sep 12, 12:00 pm",3238.33,1.57455
"Sep 12, 01:00 pm",3238.05,1.57455
"Sep 12, 02:00 pm",3239.32,1.57455
"Sep 12, 03:00 pm",3240.77,1.57455
"Sep 12, 04:00 pm",3240.02,1.57455
"Sep 12, 05:00 pm",1578.28,0.767479
"Sep 12, 06:00 pm",16.6461,0.262425
"Sep 12, 07:00 pm",0,0.262425
"Sep 12, 08:00 pm",0,0.262425
"Sep 12, 09:00 pm",0,0.262425
"Sep 12, 10:00 pm",0,0.262425
"Sep 12, 11:00 pm",0,0.262425
"Sep 13, 12:00 am",0,0.262425
"Sep 13, 01:00 am",0,0.262425
"Sep 13, 02:00 am",0,0.262425
"Sep 13, 03:00 am",0,0.262425
"Sep 13, 04:00 am",0,0.262425
"Sep 13, 05:00 am",0,0.262425
"Sep 13, 06:00 am",0,0.262425
"Sep 13, 07:00 am",0,0.262425
"Sep 13, 08:00 am",274.869,0.433843
"Sep 13, 09:00 am",3234.16,1.57455
"Sep 13, 10:00 am",3241.21,1.57455
"Sep 13, 11:00 am",3239.86,1.57455
"Sep 13, 12:00 pm",3239.86,1.57455
"Sep 13, 01:00 pm",3239.42,1.57455
"Sep 13, 02:00 pm",3240.15,1.57455
"Sep 13, 03:00 pm",3241.1,1.57455
"Sep 13, 04:00 pm",3239.78,1.57455
"Sep 13, 05:00 pm",1584.76,0.770658
"Sep 13, 06:00 pm",16.0414,0.262425
"Sep 13, 07:00 pm",0,0.262425
"Sep 13, 08:00 pm",0,0.262425
"Sep 13, 09:00 pm",0,0.262425
"Sep 13, 10:00 pm",0,0.262425
"Sep 13, 11:00 pm",0,0.262425
"Sep 14, 12:00 am",0,0.262425
"Sep 14, 01:00 am",0,0.262425
"Sep 14, 02:00 am",0,0.262425
"Sep 14, 03:00 am",0,0.262425
"Sep 14, 04:00 am",0,0.262425
"Sep 14, 05:00 am",0,0.262425
"Sep 14, 06:00 am",0,0.262425
"Sep 14, 07:00 am",0,0.262425
"Sep 14, 08:00 am",0,0.262425
"Sep 14, 09:00 am",2180.53,1.13716
"Sep 14, 10:00 am",3241.23,1.57455
"Sep 14, 11:00 am",3239.25,1.57455
"Sep 14, 12:00 pm",3240.32,1.57455
"Sep 14, 01:00 pm",3238.3,1.57455
"Sep 14, 02:00 pm",3236.41,1.57455
"Sep 14, 03:00 pm",3240.6,1.57455
"Sep 14, 04:00 pm",3240.03,1.57455
"Sep 14, 05:00 pm",1666.48,0.8104
"Sep 14, 06:00 pm",16.0829,0.262425
"Sep 14, 07:00 pm",0,0.262425
"Sep 14, 08:00 pm",0,0.262425
"Sep 14, 09:00 pm",0,0.262425
"Sep 14, 10:00 pm",0,0.262425
"Sep 14, 11:00 pm",0,0.262425
"Sep 15, 12:00 am",0,0.262425
"Sep 15, 01:00 am",0,0.262425
"Sep 15, 02:00 am",0,0.262425
"Sep 15, 03:00 am",0,0.262425
"Sep 15, 04:00 am",0,0.262425
"Sep 15, 05:00 am",0,0.262425
"Sep 15, 06:00 am",0,0.262425
"Sep 15, 07:00 am",0,0.262425
"Sep 15, 08:00 am",312.091,0.462078
"Sep 15, 09:00 am",3238.76,1.57455
"Sep 15, 10:00 am",3240.82,1.57455
"Sep 15, 11:00 am",3238.39,1.57455
"Sep 15, 12:00 pm",3238.43,1.57455
"Sep 15, 01:00 pm",3237.76,1.57455
"Sep 15, 02:00 pm",3238.78,1.57455
"Sep 15, 03:00 pm",3240.56,1.57455
"Sep 15, 04:00 pm",3240.1,1.57455
"Sep 15, 05:00 pm",1701.28,0.8273
"Sep 15, 06:00 pm",16.5177,0.262425
"Sep 15, 07:00 pm",0,0.262425
"Sep 15, 08:00 pm",0,0.262425
"Sep 15, 09:00 pm",0,0.262425
"Sep 15, 10:00 pm",0,0.262425
"Sep 15, 11:00 pm",0,0.262425
"Sep 16, 12:00 am",0,0.262425
"Sep 16, 01:00 am",0,0.262425
"Sep 16, 02:00 am",0,0.262425
"Sep 16, 03:00 am",0,0.262425
"Sep 16, 04:00 am",0,0.262425
"Sep 16, 05:00 am",0,0.262425
"Sep 16, 06:00 am",0,0.262425
"Sep 16, 07:00 am",0,0.262425
"Sep 16, 08:00 am",932.666,0.584798
"Sep 16, 09:00 am",3239.01,1.57455
"Sep 16, 10:00 am",3240.59,1.57455
"Sep 16, 11:00 am",3237.49,1.57455
"Sep 16, 12:00 pm",3237.54,1.57455
"Sep 16, 01:00 pm",3236.77,1.57455
"Sep 16, 02:00 pm",3238.15,1.57455
"Sep 16, 03:00 pm",3240.38,1.57455
"Sep 16, 04:00 pm",3240.15,1.57455
"Sep 16, 05:00 pm",1737.11,0.844718
"Sep 16, 06:00 pm",16.5846,0.262425
"Sep 16, 07:00 pm",0,0.262425
"Sep 16, 08:00 pm",0,0.262425
"Sep 16, 09:00 pm",0,0.262425
"Sep 16, 10:00 pm",0,0.262425
"Sep 16, 11:00 pm",0,0.262425
"Sep 17, 12:00 am",0,0.262425
"Sep 17, 01:00 am",0,0.262425
"Sep 17, 02:00 am",0,0.262425
"Sep 17, 03:00 am",0,0.262425
"Sep 17, 04:00 am",0,0.262425
"Sep 17, 05:00 am",0,0.262425
"Sep 17, 06:00 am",0,0.262425
"Sep 17, 07:00 am",0,0.262425
"Sep 17, 08:00 am",0,0.262425
"Sep 17, 09:00 am",0,0.262425
"Sep 17, 10:00 am",0,0.262425
"Sep 17, 11:00 am",0,0.262425
"Sep 17, 12:00 pm",0,0.262425
"Sep 17, 01:00 pm",2694.83,1.35584
"Sep 17, 02:00 pm",3239.1,1.57455
"Sep 17, 03:00 pm",3240.75,1.57455
"Sep 17, 04:00 pm",3239.86,1.57455
"Sep 17, 05:00 pm",1751,0.851517
"Sep 17, 06:00 pm",15.9959,0.262425
"Sep 17, 07:00 pm",0,0.262425
"Sep 17, 08:00 pm",0,0.262425
"Sep 17, 09:00 pm",0,0.262425
"Sep 17, 10:00 pm",0,0.262425
"Sep 17, 11:00 pm",0,0.262425
"Sep 18, 12:00 am",0,0.262425
"Sep 18, 01:00 am",0,0.262425
"Sep 18, 02:00 am",0,0.262425
"Sep 18, 03:00 am",0,0.262425
"Sep 18, 04:00 am",0,0.262425
"Sep 18, 05:00 am",0,0.262425
"Sep 18, 06:00 am",0,0.262425
"Sep 18, 07:00 am",0,0.262425
"Sep 18, 08:00 am",0,0.262425
"Sep 18, 09:00 am",0,0.262425
"Sep 18, 10:00 am",0,0.262425
"Sep 18, 11:00 am",0,0.262425
"Sep 18, 12:00 pm",0,0.262425
"Sep 18, 01:00 pm",0,0.262425
"Sep 18, 02:00 pm",0,0.262425
"Sep 18, 03:00 pm",0,0.262425
"Sep 18, 04:00 pm",0,0.262425
"Sep 18, 05:00 pm",0,0.262425
"Sep 18, 06:00 pm",0,0.262425
"Sep 18, 07:00 pm",0,0.262425
"Sep 18, 08:00 pm",0,0.262425
"Sep 18, 09:00 pm",0,0.262425
"Sep 18, 10:00 pm",0,0.262425
"Sep 18, 11:00 pm",0,0.262425
"Sep 19, 12:00 am",0,0.262425
"Sep 19, 01:00 am",0,0.262425
"Sep 19, 02:00 am",0,0.262425
"Sep 19, 03:00 am",0,0.262425
"Sep 19, 04:00 am",0,0.262425
"Sep 19, 05:00 am",0,0.262425
"Sep 19, 06:00 am",0,0.262425
"Sep 19, 07:00 am",0,0.262425
"Sep 19, 08:00 am",0,0.262425
"Sep 19, 09:00 am",0,0.262425
"Sep 19, 10:00 am",0,0.262425
"Sep 19, 11:00 am",0,0.262425
"Sep 19, 12:00 pm",0,0.262425
"Sep 19, 01:00 pm",2229.67,1.13716
"Sep 19, 02:00 pm",3239.16,1.57455
"Sep 19, 03:00 pm",3238.54,1.57455
"Sep 19, 04:00 pm",3240.4,1.57455
"Sep 19, 05:00 pm",19.1514,0.262425
"Sep 19, 06:00 pm",0,0.262425
"Sep 19, 07:00 pm",0,0.262425
"Sep 19, 08:00 pm",0,0.262425
"Sep 19, 09:00 pm",0,0.262425
"Sep 19, 10:00 pm",0,0.262425
"Sep 19, 11:00 pm",0,0.262425
"Sep 20, 12:00 am",0,0.262425
"Sep 20, 01:00 am",0,0.262425
"Sep 20, 02:00 am",0,0.262425
"Sep 20, 03:00 am",0,0.262425
"Sep 20, 04:00 am",0,0.262425
"Sep 20, 05:00 am",0,0.262425
"Sep 20, 06:00 am",0,0.262425
"Sep 20, 07:00 am",0,0.262425
"Sep 20, 08:00 am",1048.56,0.638986
"Sep 20, 09:00 am",3239.66,1.57455
"Sep 20, 10:00 am",3239.39,1.57455
"Sep 20, 11:00 am",3234.88,1.57455
"Sep 20, 12:00 pm",3235.02,1.57455
"Sep 20, 01:00 pm",3239,1.57455
"Sep 20, 02:00 pm",3236.44,1.57455
"Sep 20, 03:00 pm",3239.67,1.57455
"Sep 20, 04:00 pm",3240.22,1.57455
"Sep 20, 05:00 pm",1922.7,0.934987
"Sep 20, 06:00 pm",16.0847,0.262425
"Sep 20, 07:00 pm",0,0.262425
"Sep 20, 08:00 pm",0,0.262425
"Sep 20, 09:00 pm",0,0.262425
"Sep 20, 10:00 pm",0,0.262425
"Sep 20, 11:00 pm",0,0.262425
"Sep 21, 12:00 am",0,0.262425
"Sep 21, 01:00 am",0,0.262425
"Sep 21, 02:00 am",0,0.262425
"Sep 21, 03:00 am",0,0.262425
"Sep 21, 04:00 am",0,0.262425
"Sep 21, 05:00 am",0,0.262425
"Sep 21, 06:00 am",0,0.262425
"Sep 21, 07:00 am",0,0.262425
"Sep 21, 08:00 am",0,0.262425
"Sep 21, 09:00 am",0,0.262425
"Sep 21, 10:00 am",0,0.262425
"Sep 21, 11:00 am",0,0.262425
"Sep 21, 12:00 pm",0,0.262425
"Sep 21, 01:00 pm",0,0.262425
"Sep 21, 02:00 pm",2705.91,1.35584
"Sep 21, 03:00 pm",3235.83,1.57455
"Sep 21, 04:00 pm",3240.31,1.57455
"Sep 21, 05:00 pm",2001.19,0.973168
"Sep 21, 06:00 pm",15.6789,0.262425
"Sep 21, 07:00 pm",0,0.262425
"Sep 21, 08:00 pm",0,0.262425
"Sep 21, 09:00 pm",0,0.262425
"Sep 21, 10:00 pm",0,0.262425
"Sep 21, 11:00 pm",0,0.262425
"Sep 22, 12:00 am",0,0.262425
"Sep 22, 01:00 am",0,0.262425
"Sep 22, 02:00 am",0,0.262425
"Sep 22, 03:00 am",0,0.262425
"Sep 22, 04:00 am",0,0.262425
"Sep 22, 05:00 am",0,0.262425
"Sep 22, 06:00 am",0,0.262425
"Sep 22, 07:00 am",0,0.262425
"Sep 22, 08:00 am",1501.51,0.817587
"Sep 22, 09:00 am",3239.98,1.57455
"Sep 22, 10:00 am",3235.17,1.57455
"Sep 22, 11:00 am",3239.12,1.57455
"Sep 22, 12:00 pm",3239.16,1.57455
"Sep 22, 01:00 pm",3239.19,1.57455
"Sep 22, 02:00 pm",3239.2,1.57455
"Sep 22, 03:00 pm",3236.08,1.57455
"Sep 22, 04:00 pm",3240.62,1.57455
"Sep 22, 05:00 pm",2103.72,1.02297
"Sep 22, 06:00 pm",16.1619,0.262425
"Sep 22, 07:00 pm",0,0.262425
"Sep 22, 08:00 pm",0,0.262425
"Sep 22, 09:00 pm",0,0.262425
"Sep 22, 10:00 pm",0,0.262425
"Sep 22, 11:00 pm",0,0.262425
"Sep 23, 12:00 am",0,0.262425
"Sep 23, 01:00 am",0,0.262425
"Sep 23, 02:00 am",0,0.262425
"Sep 23, 03:00 am",0,0.262425
"Sep 23, 04:00 am",0,0.262425
"Sep 23, 05:00 am",0,0.262425
"Sep 23, 06:00 am",0,0.262425
"Sep 23, 07:00 am",0,0.262425
"Sep 23, 08:00 am",1606.93,0.864205
"Sep 23, 09:00 am",3240.12,1.57455
"Sep 23, 10:00 am",3238.95,1.57455
"Sep 23, 11:00 am",3239.18,1.57455
"Sep 23, 12:00 pm",3239.21,1.57455
"Sep 23, 01:00 pm",3239.25,1.57455
"Sep 23, 02:00 pm",3239.27,1.57455
"Sep 23, 03:00 pm",3239.25,1.57455
"Sep 23, 04:00 pm",3240.77,1.57455
"Sep 23, 05:00 pm",2194.02,1.06684
"Sep 23, 06:00 pm",16.3371,0.262425
"Sep 23, 07:00 pm",0,0.262425
"Sep 23, 08:00 pm",0,0.262425
"Sep 23, 09:00 pm",0,0.262425
"Sep 23, 10:00 pm",0,0.262425
"Sep 23, 11:00 pm",0,0.262425
"Sep 24, 12:00 am",0,0.262425
"Sep 24, 01:00 am",0,0.262425
"Sep 24, 02:00 am",0,0.262425
"Sep 24, 03:00 am",0,0.262425
"Sep 24, 04:00 am",0,0.262425
"Sep 24, 05:00 am",0,0.262425
"Sep 24, 06:00 am",0,0.262425
"Sep 24, 07:00 am",0,0.262425
"Sep 24, 08:00 am",1551.95,1.08465
"Sep 24, 09:00 am",3240.06,1.57455
"Sep 24, 10:00 am",3235.76,1.57455
"Sep 24, 11:00 am",3239.16,1.57455
"Sep 24, 12:00 pm",3239.21,1.57455
"Sep 24, 01:00 pm",3239.27,1.57455
"Sep 24, 02:00 pm",3239.29,1.57455
"Sep 24, 03:00 pm",3235.95,1.57455
"Sep 24, 04:00 pm",3240.73,1.57455
"Sep 24, 05:00 pm",2200.75,1.07008
"Sep 24, 06:00 pm",16.9811,0.262425
"Sep 24, 07:00 pm",0,0.262425
"Sep 24, 08:00 pm",0,0.262425
"Sep 24, 09:00 pm",0,0.262425
"Sep 24, 10:00 pm",0,0.262425
"Sep 24, 11:00 pm",0,0.262425
"Sep 25, 12:00 am",0,0.262425
"Sep 25, 01:00 am",0,0.262425
"Sep 25, 02:00 am",0,0.262425
"Sep 25, 03:00 am",0,0.262425
"Sep 25, 04:00 am",0,0.262425
"Sep 25, 05:00 am",0,0.262425
"Sep 25, 06:00 am",0,0.262425
"Sep 25, 07:00 am",0,0.262425
"Sep 25, 08:00 am",1580.87,1.1024
"Sep 25, 09:00 am",3240.05,1.57455
"Sep 25, 10:00 am",3235.68,1.57455
"Sep 25, 11:00 am",3239.12,1.57455
"Sep 25, 12:00 pm",3239.16,1.57455
"Sep 25, 01:00 pm",3239.17,1.57455
"Sep 25, 02:00 pm",3239.18,1.57455
"Sep 25, 03:00 pm",3236.61,1.57455
"Sep 25, 04:00 pm",3240.63,1.57455
"Sep 25, 05:00 pm",2220.25,1.07959
"Sep 25, 06:00 pm",16.6124,0.262425
"Sep 25, 07:00 pm",0,0.262425
"Sep 25, 08:00 pm",0,0.262425
"Sep 25, 09:00 pm",0,0.262425
"Sep 25, 10:00 pm",0,0.262425
"Sep 25, 11:00 pm",0,0.262425
"Sep 26, 12:00 am",0,0.262425
"Sep 26, 01:00 am",0,0.262425
"Sep 26, 02:00 am",0,0.262425
"Sep 26, 03:00 am",0,0.262425
"Sep 26, 04:00 am",0,0.262425
"Sep 26, 05:00 am",0,0.262425
"Sep 26, 06:00 am",0,0.262425
"Sep 26, 07:00 am",0,0.262425
"Sep 26, 08:00 am",1633.32,1.13655
"Sep 26, 09:00 am",20.951,0.262425
"Sep 26, 10:00 am",0,0.262425
"Sep 26, 11:00 am",0,0.262425
"Sep 26, 12:00 pm",0,0.262425
"Sep 26, 01:00 pm",0,0.262425
"Sep 26, 02:00 pm",0,0.262425
"Sep 26, 03:00 pm",2699.42,1.57455
"Sep 26, 04:00 pm",3240.67,1.57455
"Sep 26, 05:00 pm",2276.16,1.10675
"Sep 26, 06:00 pm",16.7211,0.262425
"Sep 26, 07:00 pm",0,0.262425
"Sep 26, 08:00 pm",0,0.262425
"Sep 26, 09:00 pm",0,0.262425
"Sep 26, 10:00 pm",0,0.262425
"Sep 26, 11:00 pm",0,0.262425
"Sep 27, 12:00 am",0,0.262425
"Sep 27, 01:00 am",0,0.262425
"Sep 27, 02:00 am",0,0.262425
"Sep 27, 03:00 am",0,0.262425
"Sep 27, 04:00 am",0,0.262425
"Sep 27, 05:00 am",0,0.262425
"Sep 27, 06:00 am",0,0.262425
"Sep 27, 07:00 am",0,0.262425
"Sep 27, 08:00 am",0,0.262425
"Sep 27, 09:00 am",0,0.262425
"Sep 27, 10:00 am",0,0.262425
"Sep 27, 11:00 am",0,0.262425
"Sep 27, 12:00 pm",0,0.262425
"Sep 27, 01:00 pm",0,0.262425
"Sep 27, 02:00 pm",0,0.262425
"Sep 27, 03:00 pm",0,0.262425
"Sep 27, 04:00 pm",0,0.262425
"Sep 27, 05:00 pm",0,0.262425
"Sep 27, 06:00 pm",0,0.262425
"Sep 27, 07:00 pm",0,0.262425
"Sep 27, 08:00 pm",0,0.262425
"Sep 27, 09:00 pm",0,0.262425
"Sep 27, 10:00 pm",0,0.262425
"Sep 27, 11:00 pm",0,0.262425
"Sep 28, 12:00 am",0,0.262425
"Sep 28, 01:00 am",0,0.262425
"Sep 28, 02:00 am",0,0.262425
"Sep 28, 03:00 am",0,0.262425
"Sep 28, 04:00 am",0,0.262425
"Sep 28, 05:00 am",0,0.262425
"Sep 28, 06:00 am",0,0.262425
"Sep 28, 07:00 am",0,0.262425
"Sep 28, 08:00 am",1725.15,1.19915
"Sep 28, 09:00 am",3240.61,1.57455
"Sep 28, 10:00 am",3239.09,1.57455
"Sep 28, 11:00 am",3239.42,1.57455
"Sep 28, 12:00 pm",3239.58,1.57455
"Sep 28, 01:00 pm",3239.59,1.57455
"Sep 28, 02:00 pm",3239.61,1.57455
"Sep 28, 03:00 pm",3239.24,1.57455
"Sep 28, 04:00 pm",22.8597,0.262425
"Sep 28, 05:00 pm",0,0.262425
"Sep 28, 06:00 pm",0,0.262425
"Sep 28, 07:00 pm",0,0.262425
"Sep 28, 08:00 pm",0,0.262425
"Sep 28, 09:00 pm",0,0.262425
"Sep 28, 10:00 pm",0,0.262425
"Sep 28, 11:00 pm",0,0.262425
"Sep 29, 12:00 am",0,0.262425
"Sep 29, 01:00 am",0,0.262425
"Sep 29, 02:00 am",0,0.262425
"Sep 29, 03:00 am",0,0.262425
"Sep 29, 04:00 am",0,0.262425
"Sep 29, 05:00 am",0,0.262425
"Sep 29, 06:00 am",0,0.262425
"Sep 29, 07:00 am",0,0.262425
"Sep 29, 08:00 am",1497.03,0.84779
"Sep 29, 09:00 am",3240.55,1.57455
"Sep 29, 10:00 am",25.7227,0.262425
"Sep 29, 11:00 am",0,0.262425
"Sep 29, 12:00 pm",0,0.262425
"Sep 29, 01:00 pm",0,0.262425
"Sep 29, 02:00 pm",0,0.262425
"Sep 29, 03:00 pm",0,0.262425
"Sep 29, 04:00 pm",0,0.262425
"Sep 29, 05:00 pm",0,0.262425
"Sep 29, 06:00 pm",0,0.262425
"Sep 29, 07:00 pm",0,0.262425
"Sep 29, 08:00 pm",0,0.262425
"Sep 29, 09:00 pm",0,0.262425
"Sep 29, 10:00 pm",0,0.262425
"Sep 29, 11:00 pm",0,0.262425
"Sep 30, 12:00 am",0,0.262425
"Sep 30, 01:00 am",0,0.262425
"Sep 30, 02:00 am",0,0.262425
"Sep 30, 03:00 am",0,0.262425
"Sep 30, 04:00 am",0,0.262425
"Sep 30, 05:00 am",0,0.262425
"Sep 30, 06:00 am",0,0.262425
"Sep 30, 07:00 am",0,0.262425
"Sep 30, 08:00 am",1783.62,1.23546
"Sep 30, 09:00 am",3240.72,1.57455
"Sep 30, 10:00 am",3239.09,1.57455
"Sep 30, 11:00 am",3239.4,1.57455
"Sep 30, 12:00 pm",3239.6,1.57455
"Sep 30, 01:00 pm",3239.62,1.57455
"Sep 30, 02:00 pm",3239.63,1.57455
"Sep 30, 03:00 pm",3239.22,1.57455
"Sep 30, 04:00 pm",3241.23,1.57455
"Sep 30, 05:00 pm",20.6052,0.262425
"Sep 30, 06:00 pm",0,0.262425
"Sep 30, 07:00 pm",0,0.262425
"Sep 30, 08:00 pm",0,0.262425
"Sep 30, 09:00 pm",0,0.262425
"Sep 30, 10:00 pm",0,0.262425
"Sep 30, 11:00 pm",0,0.262425
"Oct 1, 12:00 am",0,0.262425
"Oct 1, 01:00 am",0,0.262425
"Oct 1, 02:00 am",0,0.262425
"Oct 1, 03:00 am",0,0.262425
"Oct 1, 04:00 am",0,0.262425
"Oct 1, 05:00 am",0,0.262425
"Oct 1, 06:00 am",0,0.262425
"Oct 1, 07:00 am",0,0.262425
"Oct 1, 08:00 am",0,0.262425
"Oct 1, 09:00 am",0,0.262425
"Oct 1, 10:00 am",0,0.262425
"Oct 1, 11:00 am",0,0.262425
"Oct 1, 12:00 pm",0,0.262425
"Oct 1, 01:00 pm",0,0.262425
"Oct 1, 02:00 pm",0,0.262425
"Oct 1, 03:00 pm",0,0.262425
"Oct 1, 04:00 pm",0,0.262425
"Oct 1, 05:00 pm",0,0.262425
"Oct 1, 06:00 pm",0,0.262425
"Oct 1, 07:00 pm",0,0.262425
"Oct 1, 08:00 pm",0,0.262425
"Oct 1, 09:00 pm",0,0.262425
"Oct 1, 10:00 pm",0,0.262425
"Oct 1, 11:00 pm",0,0.262425
"Oct 2, 12:00 am",0,0.262425
"Oct 2, 01:00 am",0,0.262425
"Oct 2, 02:00 am",0,0.262425
"Oct 2, 03:00 am",0,0.262425
"Oct 2, 04:00 am",0,0.262425
"Oct 2, 05:00 am",0,0.262425
"Oct 2, 06:00 am",0,0.262425
"Oct 2, 07:00 am",0,0.262425
"Oct 2, 08:00 am",0,0.262425
"Oct 2, 09:00 am",0,0.262425
"Oct 2, 10:00 am",0,0.262425
"Oct 2, 11:00 am",0,0.262425
"Oct 2, 12:00 pm",0,0.262425
"Oct 2, 01:00 pm",0,0.262425
"Oct 2, 02:00 pm",0,0.262425
"Oct 2, 03:00 pm",0,0.262425
"Oct 2, 04:00 pm",0,0.262425
"Oct 2, 05:00 pm",0,0.262425
"Oct 2, 06:00 pm",0,0.262425
"Oct 2, 07:00 pm",0,0.262425
"Oct 2, 08:00 pm",0,0.262425
"Oct 2, 09:00 pm",0,0.262425
"Oct 2, 10:00 pm",0,0.262425
"Oct 2, 11:00 pm",0,0.262425
"Oct 3, 12:00 am",0,0.262425
"Oct 3, 01:00 am",0,0.262425
"Oct 3, 02:00 am",0,0.262425
"Oct 3, 03:00 am",0,0.262425
"Oct 3, 04:00 am",0,0.262425
"Oct 3, 05:00 am",0,0.262425
"Oct 3, 06:00 am",0,0.262425
"Oct 3, 07:00 am",0,0.262425
"Oct 3, 08:00 am",1808.2,1.24949
"Oct 3, 09:00 am",3240.67,1.57455
"Oct 3, 10:00 am",3238.98,1.57455
"Oct 3, 11:00 am",3239.22,1.57455
"Oct 3, 12:00 pm",3239.26,1.57455
"Oct 3, 01:00 pm",30.0101,0.262425
"Oct 3, 02:00 pm",25.8547,0.262425
"Oct 3, 03:00 pm",0,0.262425
"Oct 3, 04:00 pm",0,0.262425
"Oct 3, 05:00 pm",0,0.262425
"Oct 3, 06:00 pm",0,0.262425
"Oct 3, 07:00 pm",0,0.262425
"Oct 3, 08:00 pm",0,0.262425
"Oct 3, 09:00 pm",0,0.262425
"Oct 3, 10:00 pm",0,0.262425
"Oct 3, 11:00 pm",0,0.262425
"Oct 4, 12:00 am",0,0.262425
"Oct 4, 01:00 am",0,0.262425
"Oct 4, 02:00 am",0,0.262425
"Oct 4, 03:00 am",0,0.262425
"Oct 4, 04:00 am",0,0.262425
"Oct 4, 05:00 am",0,0.262425
"Oct 4, 06:00 am",0,0.262425
"Oct 4, 07:00 am",0,0.262425
"Oct 4, 08:00 am",2253.3,1.28217
"Oct 4, 09:00 am",3240.75,1.57455
"Oct 4, 10:00 am",3239.02,1.57455
"Oct 4, 11:00 am",3239.34,1.57455
"Oct 4, 12:00 pm",3239.64,1.57455
"Oct 4, 01:00 pm",3239.64,1.57455
"Oct 4, 02:00 pm",3239.64,1.57455
"Oct 4, 03:00 pm",3239.12,1.57455
"Oct 4, 04:00 pm",3241.17,1.57455
"Oct 4, 05:00 pm",2762.32,1.34297
"Oct 4, 06:00 pm",16.3172,0.262425
"Oct 4, 07:00 pm",0,0.262425
"Oct 4, 08:00 pm",0,0.262425
"Oct 4, 09:00 pm",0,0.262425
"Oct 4, 10:00 pm",0,0.262425
"Oct 4, 11:00 pm",0,0.262425
"Oct 5, 12:00 am",0,0.262425
"Oct 5, 01:00 am",0,0.262425
"Oct 5, 02:00 am",0,0.262425
"Oct 5, 03:00 am",0,0.262425
"Oct 5, 04:00 am",0,0.262425
"Oct 5, 05:00 am",0,0.262425
"Oct 5, 06:00 am",0,0.262425
"Oct 5, 07:00 am",0,0.262425
"Oct 5, 08:00 am",0,0.262425
"Oct 5, 09:00 am",2720.79,1.57455
"Oct 5, 10:00 am",3239.7,1.57455
"Oct 5, 11:00 am",3239.99,1.57455
"Oct 5, 12:00 pm",3240.31,1.57455
"Oct 5, 01:00 pm",3240.32,1.57455
"Oct 5, 02:00 pm",3239.82,1.57455
"Oct 5, 03:00 pm",3239.29,1.57455
"Oct 5, 04:00 pm",3241.22,1.57455
"Oct 5, 05:00 pm",2833.68,1.37788
"Oct 5, 06:00 pm",16.7808,0.262425
"Oct 5, 07:00 pm",0,0.262425
"Oct 5, 08:00 pm",0,0.262425
"Oct 5, 09:00 pm",0,0.262425
"Oct 5, 10:00 pm",0,0.262425
"Oct 5, 11:00 pm",0,0.262425
"Oct 6, 12:00 am",0,0.262425
"Oct 6, 01:00 am",0,0.262425
"Oct 6, 02:00 am",0,0.262425
"Oct 6, 03:00 am",0,0.262425
"Oct 6, 04:00 am",0,0.262425
"Oct 6, 05:00 am",0,0.262425
"Oct 6, 06:00 am",0,0.262425
"Oct 6, 07:00 am",0,0.262425
"Oct 6, 08:00 am",0,0.262425
"Oct 6, 09:00 am",0,0.262425
"Oct 6, 10:00 am",2231.97,1.13716
"Oct 6, 11:00 am",3239.71,1.57455
"Oct 6, 12:00 pm",3239.78,1.57455
"Oct 6, 01:00 pm",30.4646,0.262425
"Oct 6, 02:00 pm",25.7878,0.262425
"Oct 6, 03:00 pm",0,0.262425
"Oct 6, 04:00 pm",2734.47,1.57455
"Oct 6, 05:00 pm",2806.28,1.3645
"Oct 6, 06:00 pm",16.3183,0.262425
"Oct 6, 07:00 pm",0,0.262425
"Oct 6, 08:00 pm",0,0.262425
"Oct 6, 09:00 pm",0,0.262425
"Oct 6, 10:00 pm",0,0.262425
"Oct 6, 11:00 pm",0,0.262425
"Oct 7, 12:00 am",0,0.262425
"Oct 7, 01:00 am",0,0.262425
"Oct 7, 02:00 am",0,0.262425
"Oct 7, 03:00 am",0,0.262425
"Oct 7, 04:00 am",0,0.262425
"Oct 7, 05:00 am",0,0.262425
"Oct 7, 06:00 am",0,0.262425
"Oct 7, 07:00 am",0,0.262425
"Oct 7, 08:00 am",0,0.262425
"Oct 7, 09:00 am",0,0.262425
"Oct 7, 10:00 am",0,0.262425
"Oct 7, 11:00 am",0,0.262425
"Oct 7, 12:00 pm",2713.85,1.35584
"Oct 7, 01:00 pm",3239.99,1.57455
"Oct 7, 02:00 pm",3239.61,1.57455
"Oct 7, 03:00 pm",3239.22,1.57455
"Oct 7, 04:00 pm",3241.21,1.57455
"Oct 7, 05:00 pm",2920.02,1.42007
"Oct 7, 06:00 pm",16.7663,0.262425
"Oct 7, 07:00 pm",0,0.262425
"Oct 7, 08:00 pm",0,0.262425
"Oct 7, 09:00 pm",0,0.262425
"Oct 7, 10:00 pm",0,0.262425
"Oct 7, 11:00 pm",0,0.262425
"Oct 8, 12:00 am",0,0.262425
"Oct 8, 01:00 am",0,0.262425
"Oct 8, 02:00 am",0,0.262425
"Oct 8, 03:00 am",0,0.262425
"Oct 8, 04:00 am",0,0.262425
"Oct 8, 05:00 am",0,0.262425
"Oct 8, 06:00 am",0,0.262425
"Oct 8, 07:00 am",0,0.262425
"Oct 8, 08:00 am",3037.22,1.47722
"Oct 8, 09:00 am",3240.66,1.57455
"Oct 8, 10:00 am",3239.56,1.57455
"Oct 8, 11:00 am",3240.25,1.57455
"Oct 8, 12:00 pm",3240.64,1.57455
"Oct 8, 01:00 pm",3240.66,1.57455
"Oct 8, 02:00 pm",3240.1,1.57455
"Oct 8, 03:00 pm",3239.47,1.57455
"Oct 8, 04:00 pm",3241.17,1.57455
"Oct 8, 05:00 pm",2993.73,1.45562
"Oct 8, 06:00 pm",18.1914,0.262425
"Oct 8, 07:00 pm",0,0.262425
"Oct 8, 08:00 pm",0,0.262425
"Oct 8, 09:00 pm",0,0.262425
"Oct 8, 10:00 pm",0,0.262425
"Oct 8, 11:00 pm",0,0.262425
"Oct 9, 12:00 am",0,0.262425
"Oct 9, 01:00 am",0,0.262425
"Oct 9, 02:00 am",0,0.262425
"Oct 9, 03:00 am",0,0.262425
"Oct 9, 04:00 am",0,0.262425
"Oct 9, 05:00 am",0,0.262425
"Oct 9, 06:00 am",0,0.262425
"Oct 9, 07:00 am",0,0.262425
"Oct 9, 08:00 am",2990.5,1.4546
"Oct 9, 09:00 am",3241.03,1.57455
"Oct 9, 10:00 am",3239.37,1.57455
"Oct 9, 11:00 am",3239.86,1.57455
"Oct 9, 12:00 pm",3240.24,1.57455
"Oct 9, 01:00 pm",3240.24,1.57455
"Oct 9, 02:00 pm",3239.8,1.57455
"Oct 9, 03:00 pm",3239.36,1.57455
"Oct 9, 04:00 pm",3241.28,1.57455
"Oct 9, 05:00 pm",2973.12,1.44565
"Oct 9, 06:00 pm",19.5619,0.262425
"Oct 9, 07:00 pm",0,0.262425
"Oct 9, 08:00 pm",0,0.262425
"Oct 9, 09:00 pm",0,0.262425
"Oct 9, 10:00 pm",0,0.262425
"Oct 9, 11:00 pm",0,0.262425
"Oct 10, 12:00 am",0,0.262425
"Oct 10, 01:00 am",0,0.262425
"Oct 10, 02:00 am",0,0.262425
"Oct 10, 03:00 am",0,0.262425
"Oct 10, 04:00 am",0,0.262425
"Oct 10, 05:00 am",0,0.262425
"Oct 10, 06:00 am",0,0.262425
"Oct 10, 07:00 am",0,0.262425
"Oct 10, 08:00 am",2101.72,1.10479
"Oct 10, 09:00 am",3240.56,1.57455
"Oct 10, 10:00 am",3239.53,1.57455
"Oct 10, 11:00 am",3240.19,1.57455
"Oct 10, 12:00 pm",3240.54,1.57455
"Oct 10, 01:00 pm",67.3687,0.262425
"Oct 10, 02:00 pm",3238.59,1.57455
"Oct 10, 03:00 pm",3239.37,1.57455
"Oct 10, 04:00 pm",3241.24,1.57455
"Oct 10, 05:00 pm",2978.83,1.44842
"Oct 10, 06:00 pm",20.742,0.262425
"Oct 10, 07:00 pm",0,0.262425
"Oct 10, 08:00 pm",0,0.262425
"Oct 10, 09:00 pm",0,0.262425
"Oct 10, 10:00 pm",0,0.262425
"Oct 10, 11:00 pm",0,0.262425
"Oct 11, 12:00 am",0,0.262425
"Oct 11, 01:00 am",0,0.262425
"Oct 11, 02:00 am",0,0.262425
"Oct 11, 03:00 am",0,0.262425
"Oct 11, 04:00 am",0,0.262425
"Oct 11, 05:00 am",0,0.262425
"Oct 11, 06:00 am",0,0.262425
"Oct 11, 07:00 am",0,0.262425
"Oct 11, 08:00 am",0,0.262425
"Oct 11, 09:00 am",0,0.262425
"Oct 11, 10:00 am",0,0.262425
"Oct 11, 11:00 am",0,0.262425
"Oct 11, 12:00 pm",2722.7,1.35584
"Oct 11, 01:00 pm",3240.43,1.57455
"Oct 11, 02:00 pm",3239.95,1.57455
"Oct 11, 03:00 pm",3239.35,1.57455
"Oct 11, 04:00 pm",3241.02,1.57455
"Oct 11, 05:00 pm",3038.02,1.47709
"Oct 11, 06:00 pm",21.6596,0.262425
"Oct 11, 07:00 pm",0,0.262425
"Oct 11, 08:00 pm",0,0.262425
"Oct 11, 09:00 pm",0,0.262425
"Oct 11, 10:00 pm",0,0.262425
"Oct 11, 11:00 pm",0,0.262425
"Oct 12, 12:00 am",0,0.262425
"Oct 12, 01:00 am",0,0.262425
"Oct 12, 02:00 am",0,0.262425
"Oct 12, 03:00 am",0,0.262425
"Oct 12, 04:00 am",0,0.262425
"Oct 12, 05:00 am",0,0.262425
"Oct 12, 06:00 am",0,0.262425
"Oct 12, 07:00 am",0,0.262425
"Oct 12, 08:00 am",2193.31,1.13716
"Oct 12, 09:00 am",3240.44,1.57455
"Oct 12, 10:00 am",3239.46,1.57455
"Oct 12, 11:00 am",3240.11,1.57455
"Oct 12, 12:00 pm",3240.55,1.57455
"Oct 12, 01:00 pm",3240.57,1.57455
"Oct 12, 02:00 pm",3240.03,1.57455
"Oct 12, 03:00 pm",3239.39,1.57455
"Oct 12, 04:00 pm",3240.99,1.57455
"Oct 12, 05:00 pm",3057.36,1.48644
"Oct 12, 06:00 pm",23.4322,0.262425
"Oct 12, 07:00 pm",0,0.262425
"Oct 12, 08:00 pm",0,0.262425
"Oct 12, 09:00 pm",0,0.262425
"Oct 12, 10:00 pm",0,0.262425
"Oct 12, 11:00 pm",0,0.262425
"Oct 13, 12:00 am",0,0.262425
"Oct 13, 01:00 am",0,0.262425
"Oct 13, 02:00 am",0,0.262425
"Oct 13, 03:00 am",0,0.262425
"Oct 13, 04:00 am",0,0.262425
"Oct 13, 05:00 am",0,0.262425
"Oct 13, 06:00 am",0,0.262425
"Oct 13, 07:00 am",0,0.262425
"Oct 13, 08:00 am",0,0.262425
"Oct 13, 09:00 am",0,0.262425
"Oct 13, 10:00 am",2704.07,1.35584
"Oct 13, 11:00 am",3240.4,1.57455
"Oct 13, 12:00 pm",3240.73,1.57455
"Oct 13, 01:00 pm",3240.74,1.57455
"Oct 13, 02:00 pm",3240.18,1.57455
"Oct 13, 03:00 pm",3239.45,1.57455
"Oct 13, 04:00 pm",3240.7,1.57455
"Oct 13, 05:00 pm",3109.98,1.51194
"Oct 13, 06:00 pm",24.9568,0.262425
"Oct 13, 07:00 pm",0,0.262425
"Oct 13, 08:00 pm",0,0.262425
"Oct 13, 09:00 pm",0,0.262425
"Oct 13, 10:00 pm",0,0.262425
"Oct 13, 11:00 pm",0,0.262425
"Oct 14, 12:00 am",0,0.262425
"Oct 14, 01:00 am",0,0.262425
"Oct 14, 02:00 am",0,0.262425
"Oct 14, 03:00 am",0,0.262425
"Oct 14, 04:00 am",0,0.262425
"Oct 14, 05:00 am",0,0.262425
"Oct 14, 06:00 am",0,0.262425
"Oct 14, 07:00 am",0,0.262425
"Oct 14, 08:00 am",2159.04,1.49717
"Oct 14, 09:00 am",3237.68,1.57455
"Oct 14, 10:00 am",3239.9,1.57455
"Oct 14, 11:00 am",3240.75,1.57455
"Oct 14, 12:00 pm",3241.24,1.57455
"Oct 14, 01:00 pm",3241.24,1.57455
"Oct 14, 02:00 pm",3240.49,1.57455
"Oct 14, 03:00 pm",3239.62,1.57455
"Oct 14, 04:00 pm",3240.4,1.57455
"Oct 14, 05:00 pm",3142.79,1.52891
"Oct 14, 06:00 pm",26.7935,0.262425
"Oct 14, 07:00 pm",0,0.262425
"Oct 14, 08:00 pm",0,0.262425
"Oct 14, 09:00 pm",0,0.262425
"Oct 14, 10:00 pm",0,0.262425
"Oct 14, 11:00 pm",0,0.262425
"Oct 15, 12:00 am",0,0.262425
"Oct 15, 01:00 am",0,0.262425
"Oct 15, 02:00 am",0,0.262425
"Oct 15, 03:00 am",0,0.262425
"Oct 15, 04:00 am",0,0.262425
"Oct 15, 05:00 am",0,0.262425
"Oct 15, 06:00 am",0,0.262425
"Oct 15, 07:00 am",0,0.262425
"Oct 15, 08:00 am",0,0.262425
"Oct 15, 09:00 am",0,0.262425
"Oct 15, 10:00 am",0,0.262425
"Oct 15, 11:00 am",0,0.262425
"Oct 15, 12:00 pm",0,0.262425
"Oct 15, 01:00 pm",0,0.262425
"Oct 15, 02:00 pm",0,0.262425
"Oct 15, 03:00 pm",0,0.262425
"Oct 15, 04:00 pm",0,0.262425
"Oct 15, 05:00 pm",0,0.262425
"Oct 15, 06:00 pm",0,0.262425
"Oct 15, 07:00 pm",0,0.262425
"Oct 15, 08:00 pm",0,0.262425
"Oct 15, 09:00 pm",0,0.262425
"Oct 15, 10:00 pm",0,0.262425
"Oct 15, 11:00 pm",0,0.262425
"Oct 16, 12:00 am",0,0.262425
"Oct 16, 01:00 am",0,0.262425
"Oct 16, 02:00 am",0,0.262425
"Oct 16, 03:00 am",0,0.262425
"Oct 16, 04:00 am",0,0.262425
"Oct 16, 05:00 am",0,0.262425
"Oct 16, 06:00 am",0,0.262425
"Oct 16, 07:00 am",0,0.262425
"Oct 16, 08:00 am",2157.79,1.13716
"Oct 16, 09:00 am",3242.06,1.57455
"Oct 16, 10:00 am",3240.14,1.57455
"Oct 16, 11:00 am",3240.87,1.57455
"Oct 16, 12:00 pm",3241.39,1.57455
"Oct 16, 01:00 pm",3241.45,1.57455
"Oct 16, 02:00 pm",3240.75,1.57455
"Oct 16, 03:00 pm",3239.74,1.57455
"Oct 16, 04:00 pm",3239.73,1.57455
"Oct 16, 05:00 pm",3193.96,1.55287
"Oct 16, 06:00 pm",30.7155,0.262425
"Oct 16, 07:00 pm",14.5388,0.262425
"Oct 16, 08:00 pm",0,0.262425
"Oct 16, 09:00 pm",0,0.262425
"Oct 16, 10:00 pm",0,0.262425
"Oct 16, 11:00 pm",0,0.262425
"Oct 17, 12:00 am",0,0.262425
"Oct 17, 01:00 am",0,0.262425
"Oct 17, 02:00 am",0,0.262425
"Oct 17, 03:00 am",0,0.262425
"Oct 17, 04:00 am",0,0.262425
"Oct 17, 05:00 am",0,0.262425
"Oct 17, 06:00 am",0,0.262425
"Oct 17, 07:00 am",0,0.262425
"Oct 17, 08:00 am",2175.73,1.13716
"Oct 17, 09:00 am",22.0715,0.262425
"Oct 17, 10:00 am",0,0.262425
"Oct 17, 11:00 am",0,0.262425
"Oct 17, 12:00 pm",0,0.262425
"Oct 17, 01:00 pm",0,0.262425
"Oct 17, 02:00 pm",0,0.262425
"Oct 17, 03:00 pm",0,0.262425
"Oct 17, 04:00 pm",0,0.262425
"Oct 17, 05:00 pm",0,0.262425
"Oct 17, 06:00 pm",0,0.262425
"Oct 17, 07:00 pm",0,0.262425
"Oct 17, 08:00 pm",0,0.262425
"Oct 17, 09:00 pm",0,0.262425
"Oct 17, 10:00 pm",0,0.262425
"Oct 17, 11:00 pm",0,0.262425
"Oct 18, 12:00 am",0,0.262425
"Oct 18, 01:00 am",0,0.262425
"Oct 18, 02:00 am",0,0.262425
"Oct 18, 03:00 am",0,0.262425
"Oct 18, 04:00 am",0,0.262425
"Oct 18, 05:00 am",0,0.262425
"Oct 18, 06:00 am",0,0.262425
"Oct 18, 07:00 am",0,0.262425
"Oct 18, 08:00 am",2698.85,1.54462
"Oct 18, 09:00 am",3236.9,1.57455
"Oct 18, 10:00 am",3240.25,1.57455
"Oct 18, 11:00 am",3241.26,1.57455
"Oct 18, 12:00 pm",3241.76,1.57455
"Oct 18, 01:00 pm",3241.86,1.57455
"Oct 18, 02:00 pm",3241.04,1.57455
"Oct 18, 03:00 pm",3239.92,1.57455
"Oct 18, 04:00 pm",3239.65,1.57455
"Oct 18, 05:00 pm",3235.26,1.57455
"Oct 18, 06:00 pm",62.5317,0.262425
"Oct 18, 07:00 pm",15.7497,0.262425
"Oct 18, 08:00 pm",0,0.262425
"Oct 18, 09:00 pm",0,0.262425
"Oct 18, 10:00 pm",0,0.262425
"Oct 18, 11:00 pm",0,0.262425
"Oct 19, 12:00 am",0,0.262425
"Oct 19, 01:00 am",0,0.262425
"Oct 19, 02:00 am",0,0.262425
"Oct 19, 03:00 am",0,0.262425
"Oct 19, 04:00 am",0,0.262425
"Oct 19, 05:00 am",0,0.262425
"Oct 19, 06:00 am",0,0.262425
"Oct 19, 07:00 am",0,0.379316
"Oct 19, 08:00 am",2698.36,1.54619
"Oct 19, 09:00 am",3236.68,1.57455
"Oct 19, 10:00 am",3240.28,1.57455
"Oct 19, 11:00 am",3241.23,1.57455
"Oct 19, 12:00 pm",3241.73,1.57455
"Oct 19, 01:00 pm",3241.59,1.57455
"Oct 19, 02:00 pm",3240.9,1.57455
"Oct 19, 03:00 pm",3239.85,1.57455
"Oct 19, 04:00 pm",3239.84,1.57455
"Oct 19, 05:00 pm",3223.81,1.56715
"Oct 19, 06:00 pm",80.9401,0.262425
"Oct 19, 07:00 pm",16.0507,0.262425
"Oct 19, 08:00 pm",0,0.262425
"Oct 19, 09:00 pm",0,0.262425
"Oct 19, 10:00 pm",0,0.262425
"Oct 19, 11:00 pm",0,0.262425
"Oct 20, 12:00 am",0,0.262425
"Oct 20, 01:00 am",0,0.262425
"Oct 20, 02:00 am",0,0.262425
"Oct 20, 03:00 am",0,0.262425
"Oct 20, 04:00 am",0,0.262425
"Oct 20, 05:00 am",0,0.262425
"Oct 20, 06:00 am",0,0.262425
"Oct 20, 07:00 am",0,0.375354
"Oct 20, 08:00 am",2696.83,1.54061
"Oct 20, 09:00 am",3239.61,1.57455
"Oct 20, 10:00 am",3239.65,1.57455
"Oct 20, 11:00 am",3240.47,1.57455
"Oct 20, 12:00 pm",3241.11,1.57455
"Oct 20, 01:00 pm",3241.1,1.57455
"Oct 20, 02:00 pm",3240.41,1.57455
"Oct 20, 03:00 pm",3239.54,1.57455
"Oct 20, 04:00 pm",3240.2,1.57455
"Oct 20, 05:00 pm",3202.73,1.55705
"Oct 20, 06:00 pm",89.3161,0.262425
"Oct 20, 07:00 pm",15.2605,0.262425
"Oct 20, 08:00 pm",0,0.262425
"Oct 20, 09:00 pm",0,0.262425
"Oct 20, 10:00 pm",0,0.262425
"Oct 20, 11:00 pm",0,0.262425
"Oct 21, 12:00 am",0,0.262425
"Oct 21, 01:00 am",0,0.262425
"Oct 21, 02:00 am",0,0.262425
"Oct 21, 03:00 am",0,0.262425
"Oct 21, 04:00 am",0,0.262425
"Oct 21, 05:00 am",0,0.262425
"Oct 21, 06:00 am",0,0.262425
"Oct 21, 07:00 am",0,0.262425
"Oct 21, 08:00 am",0,0.262425
"Oct 21, 09:00 am",2223.39,1.13716
"Oct 21, 10:00 am",3239.91,1.57455
"Oct 21, 11:00 am",3240.75,1.57455
"Oct 21, 12:00 pm",171.226,0.262425
"Oct 21, 01:00 pm",136.865,0.262425
"Oct 21, 02:00 pm",67.4922,0.262425
"Oct 21, 03:00 pm",3238.34,1.57455
"Oct 21, 04:00 pm",3240.04,1.57455
"Oct 21, 05:00 pm",3222.05,1.56633
"Oct 21, 06:00 pm",109.305,0.262425
"Oct 21, 07:00 pm",15.5799,0.262425
"Oct 21, 08:00 pm",0,0.262425
"Oct 21, 09:00 pm",0,0.262425
"Oct 21, 10:00 pm",0,0.262425
"Oct 21, 11:00 pm",0,0.262425
"Oct 22, 12:00 am",0,0.262425
"Oct 22, 01:00 am",0,0.262425
"Oct 22, 02:00 am",0,0.262425
"Oct 22, 03:00 am",0,0.262425
"Oct 22, 04:00 am",0,0.262425
"Oct 22, 05:00 am",0,0.262425
"Oct 22, 06:00 am",0,0.262425
"Oct 22, 07:00 am",0,0.262425
"Oct 22, 08:00 am",0,0.262425
"Oct 22, 09:00 am",2230.76,1.13716
"Oct 22, 10:00 am",3240.99,1.57455
"Oct 22, 11:00 am",3241.85,1.57455
"Oct 22, 12:00 pm",204.681,0.262425
"Oct 22, 01:00 pm",164.991,0.262425
"Oct 22, 02:00 pm",85.2133,0.262425
"Oct 22, 03:00 pm",23.8717,0.262425
"Oct 22, 04:00 pm",0,0.262425
"Oct 22, 05:00 pm",0,0.262425
"Oct 22, 06:00 pm",0,0.262425
"Oct 22, 07:00 pm",0,0.262425
"Oct 22, 08:00 pm",0,0.262425
"Oct 22, 09:00 pm",0,0.262425
"Oct 22, 10:00 pm",0,0.262425
"Oct 22, 11:00 pm",0,0.262425
"Oct 23, 12:00 am",0,0.262425
"Oct 23, 01:00 am",0,0.262425
"Oct 23, 02:00 am",0,0.262425
"Oct 23, 03:00 am",0,0.262425
"Oct 23, 04:00 am",0,0.262425
"Oct 23, 05:00 am",0,0.262425
"Oct 23, 06:00 am",0,0.262425
"Oct 23, 07:00 am",0,0.3955
"Oct 23, 08:00 am",2735.19,1.55312
"Oct 23, 09:00 am",3234.7,1.57455
"Oct 23, 10:00 am",3240.23,1.57455
"Oct 23, 11:00 am",3241.14,1.57455
"Oct 23, 12:00 pm",3241.73,1.57455
"Oct 23, 01:00 pm",3241.83,1.57455
"Oct 23, 02:00 pm",3240.96,1.57455
"Oct 23, 03:00 pm",3239.79,1.57455
"Oct 23, 04:00 pm",3239.19,1.57455
"Oct 23, 05:00 pm",3236.87,1.57455
"Oct 23, 06:00 pm",153.907,0.262425
"Oct 23, 07:00 pm",15.1875,0.262425
"Oct 23, 08:00 pm",0,0.262425
"Oct 23, 09:00 pm",0,0.262425
"Oct 23, 10:00 pm",0,0.262425
"Oct 23, 11:00 pm",0,0.262425
"Oct 24, 12:00 am",0,0.262425
"Oct 24, 01:00 am",0,0.262425
"Oct 24, 02:00 am",0,0.262425
"Oct 24, 03:00 am",0,0.262425
"Oct 24, 04:00 am",0,0.262425
"Oct 24, 05:00 am",0,0.262425
"Oct 24, 06:00 am",0,0.262425
"Oct 24, 07:00 am",0,0.262425
"Oct 24, 08:00 am",0,0.262425
"Oct 24, 09:00 am",0,0.262425
"Oct 24, 10:00 am",0,0.262425
"Oct 24, 11:00 am",0,0.262425
"Oct 24, 12:00 pm",0,0.262425
"Oct 24, 01:00 pm",0,0.262425
"Oct 24, 02:00 pm",0,0.262425
"Oct 24, 03:00 pm",0,0.262425
"Oct 24, 04:00 pm",0,0.262425
"Oct 24, 05:00 pm",0,0.262425
"Oct 24, 06:00 pm",0,0.262425
"Oct 24, 07:00 pm",0,0.262425
"Oct 24, 08:00 pm",0,0.262425
"Oct 24, 09:00 pm",0,0.262425
"Oct 24, 10:00 pm",0,0.262425
"Oct 24, 11:00 pm",0,0.262425
"Oct 25, 12:00 am",0,0.262425
"Oct 25, 01:00 am",0,0.262425
"Oct 25, 02:00 am",0,0.262425
"Oct 25, 03:00 am",0,0.262425
"Oct 25, 04:00 am",0,0.262425
"Oct 25, 05:00 am",0,0.262425
"Oct 25, 06:00 am",0,0.262425
"Oct 25, 07:00 am",0,0.262425
"Oct 25, 08:00 am",0,0.262425
"Oct 25, 09:00 am",0,0.262425
"Oct 25, 10:00 am",0,0.262425
"Oct 25, 11:00 am",0,0.262425
"Oct 25, 12:00 pm",0,0.262425
"Oct 25, 01:00 pm",0,0.262425
"Oct 25, 02:00 pm",0,0.262425
"Oct 25, 03:00 pm",0,0.262425
"Oct 25, 04:00 pm",2709.93,1.57455
"Oct 25, 05:00 pm",3234.93,1.57455
"Oct 25, 06:00 pm",200.848,0.262425
"Oct 25, 07:00 pm",15.0615,0.262425
"Oct 25, 08:00 pm",0,0.262425
"Oct 25, 09:00 pm",0,0.262425
"Oct 25, 10:00 pm",0,0.262425
"Oct 25, 11:00 pm",0,0.262425
"Oct 26, 12:00 am",0,0.262425
"Oct 26, 01:00 am",0,0.262425
"Oct 26, 02:00 am",0,0.262425
"Oct 26, 03:00 am",0,0.262425
"Oct 26, 04:00 am",0,0.262425
"Oct 26, 05:00 am",0,0.262425
"Oct 26, 06:00 am",0,0.262425
"Oct 26, 07:00 am",0,0.40776
"Oct 26, 08:00 am",3238.23,1.57455
"Oct 26, 09:00 am",3238.95,1.57455
"Oct 26, 10:00 am",3240.47,1.57455
"Oct 26, 11:00 am",61.8161,0.262425
"Oct 26, 12:00 pm",72.0368,0.262425
"Oct 26, 01:00 pm",40.2532,0.262425
"Oct 26, 02:00 pm",28.8376,0.262425
"Oct 26, 03:00 pm",18.3406,0.262425
"Oct 26, 04:00 pm",0,0.262425
"Oct 26, 05:00 pm",0,0.262425
"Oct 26, 06:00 pm",0,0.262425
"Oct 26, 07:00 pm",0,0.262425
"Oct 26, 08:00 pm",0,0.262425
"Oct 26, 09:00 pm",0,0.262425
"Oct 26, 10:00 pm",0,0.262425
"Oct 26, 11:00 pm",0,0.262425
"Oct 27, 12:00 am",0,0.262425
"Oct 27, 01:00 am",0,0.262425
"Oct 27, 02:00 am",0,0.262425
"Oct 27, 03:00 am",0,0.262425
"Oct 27, 04:00 am",0,0.262425
"Oct 27, 05:00 am",0,0.262425
"Oct 27, 06:00 am",0,0.262425
"Oct 27, 07:00 am",0,0.262425
"Oct 27, 08:00 am",0,0.262425
"Oct 27, 09:00 am",0,0.262425
"Oct 27, 10:00 am",0,0.262425
"Oct 27, 11:00 am",0,0.262425
"Oct 27, 12:00 pm",0,0.262425
"Oct 27, 01:00 pm",0,0.262425
"Oct 27, 02:00 pm",0,0.262425
"Oct 27, 03:00 pm",0,0.262425
"Oct 27, 04:00 pm",0,0.262425
"Oct 27, 05:00 pm",0,0.262425
"Oct 27, 06:00 pm",0,0.262425
"Oct 27, 07:00 pm",0,0.262425
"Oct 27, 08:00 pm",0,0.262425
"Oct 27, 09:00 pm",0,0.262425
"Oct 27, 10:00 pm",0,0.262425
"Oct 27, 11:00 pm",0,0.262425
"Oct 28, 12:00 am",0,0.262425
"Oct 28, 01:00 am",0,0.262425
"Oct 28, 02:00 am",0,0.262425
"Oct 28, 03:00 am",0,0.262425
"Oct 28, 04:00 am",0,0.262425
"Oct 28, 05:00 am",0,0.262425
"Oct 28, 06:00 am",0,0.262425
"Oct 28, 07:00 am",0,0.262425
"Oct 28, 08:00 am",2183.26,1.13716
"Oct 28, 09:00 am",3239.09,1.57455
"Oct 28, 10:00 am",25.1,0.262425
"Oct 28, 11:00 am",57.8682,0.262425
"Oct 28, 12:00 pm",3240.68,1.57455
"Oct 28, 01:00 pm",3242.3,1.57455
"Oct 28, 02:00 pm",3241.62,1.57455
"Oct 28, 03:00 pm",24.8849,0.262425
"Oct 28, 04:00 pm",0,0.262425
"Oct 28, 05:00 pm",0,0.262425
"Oct 28, 06:00 pm",0,0.262425
"Oct 28, 07:00 pm",0,0.262425
"Oct 28, 08:00 pm",0,0.262425
"Oct 28, 09:00 pm",0,0.262425
"Oct 28, 10:00 pm",0,0.262425
"Oct 28, 11:00 pm",0,0.262425
"Oct 29, 12:00 am",0,0.262425
"Oct 29, 01:00 am",0,0.262425
"Oct 29, 02:00 am",0,0.262425
"Oct 29, 03:00 am",0,0.262425
"Oct 29, 04:00 am",0,0.262425
"Oct 29, 05:00 am",0,0.262425
"Oct 29, 06:00 am",0,0.262425
"Oct 29, 07:00 am",286.472,0.444986
"Oct 29, 08:00 am",3239.11,1.57455
"Oct 29, 09:00 am",3239.48,1.57455
"Oct 29, 10:00 am",3242.1,1.57455
"Oct 29, 11:00 am",3239.22,1.57455
"Oct 29, 12:00 pm",3239.04,1.57455
"Oct 29, 01:00 pm",3239.05,1.57455
"Oct 29, 02:00 pm",3239.06,1.57455
"Oct 29, 03:00 pm",3241.58,1.57455
"Oct 29, 04:00 pm",3239.25,1.57455
"Oct 29, 05:00 pm",3239.14,1.57455
"Oct 29, 06:00 pm",328.57,0.262425
"Oct 29, 07:00 pm",15.1996,0.262425
"Oct 29, 08:00 pm",0,0.262425
"Oct 29, 09:00 pm",0,0.262425
"Oct 29, 10:00 pm",0,0.262425
"Oct 29, 11:00 pm",0,0.262425
"Oct 30, 12:00 am",0,0.262425
"Oct 30, 01:00 am",0,0.262425
"Oct 30, 02:00 am",0,0.262425
"Oct 30, 03:00 am",0,0.262425
"Oct 30, 04:00 am",0,0.262425
"Oct 30, 05:00 am",0,0.262425
"Oct 30, 06:00 am",0,0.262425
"Oct 30, 07:00 am",598.323,0.552637
"Oct 30, 08:00 am",3239.13,1.57455
"Oct 30, 09:00 am",3239.38,1.57455
"Oct 30, 10:00 am",3241.71,1.57455
"Oct 30, 11:00 am",3239.14,1.57455
"Oct 30, 12:00 pm",3239.05,1.57455
"Oct 30, 01:00 pm",3239.06,1.57455
"Oct 30, 02:00 pm",3239.07,1.57455
"Oct 30, 03:00 pm",3241.27,1.57455
"Oct 30, 04:00 pm",3239.18,1.57455
"Oct 30, 05:00 pm",3239.02,1.57455
"Oct 30, 06:00 pm",361.811,0.262425
"Oct 30, 07:00 pm",15.5716,0.262425
"Oct 30, 08:00 pm",0,0.262425
"Oct 30, 09:00 pm",0,0.262425
"Oct 30, 10:00 pm",0,0.262425
"Oct 30, 11:00 pm",0,0.262425
"Oct 31, 12:00 am",0,0.262425
"Oct 31, 01:00 am",0,0.262425
"Oct 31, 02:00 am",0,0.262425
"Oct 31, 03:00 am",0,0.262425
"Oct 31, 04:00 am",0,0.262425
"Oct 31, 05:00 am",0,0.262425
"Oct 31, 06:00 am",0,0.262425
"Oct 31, 07:00 am",290.142,0.443305
"Oct 31, 08:00 am",3238.94,1.57455
"Oct 31, 09:00 am",3239.24,1.57455
"Oct 31, 10:00 am",3241.02,1.57455
"Oct 31, 11:00 am",3242.18,1.57455
"Oct 31, 12:00 pm",3239.3,1.57455
"Oct 31, 01:00 pm",3239.11,1.57455
"Oct 31, 02:00 pm",3242.08,1.57455
"Oct 31, 03:00 pm",3240.99,1.57455
"Oct 31, 04:00 pm",3239.13,1.57455
"Oct 31, 05:00 pm",3237.21,1.57455
"Oct 31, 06:00 pm",382.611,0.262425
"Oct 31, 07:00 pm",15.8956,0.262425
"Oct 31, 08:00 pm",0,0.262425
"Oct 31, 09:00 pm",0,0.262425
"Oct 31, 10:00 pm",0,0.262425
"Oct 31, 11:00 pm",0,0.262425
"Nov 1, 12:00 am",0,0.262425
"Nov 1, 01:00 am",0,0.262425
"Nov 1, 02:00 am",0,0.262425
"Nov 1, 03:00 am",0,0.262425
"Nov 1, 04:00 am",0,0.262425
"Nov 1, 05:00 am",0,0.262425
"Nov 1, 06:00 am",0,0.262425
"Nov 1, 07:00 am",589.125,0.54669
"Nov 1, 08:00 am",3238.84,1.57455
"Nov 1, 09:00 am",3239.22,1.57455
"Nov 1, 10:00 am",3241.15,1.57455
"Nov 1, 11:00 am",3242.52,1.57455
"Nov 1, 12:00 pm",3239.35,1.57455
"Nov 1, 01:00 pm",3239.08,1.57455
"Nov 1, 02:00 pm",3242.38,1.57455
"Nov 1, 03:00 pm",3241.18,1.57455
"Nov 1, 04:00 pm",3239.15,1.57455
"Nov 1, 05:00 pm",3239.13,1.57455
"Nov 1, 06:00 pm",414.033,0.262425
"Nov 1, 07:00 pm",16.1342,0.262425
"Nov 1, 08:00 pm",0,0.262425
"Nov 1, 09:00 pm",0,0.262425
"Nov 1, 10:00 pm",0,0.262425
"Nov 1, 11:00 pm",0,0.262425
"Nov 2, 12:00 am",0,0.262425
"Nov 2, 01:00 am",0,0.262425
"Nov 2, 02:00 am",0,0.262425
"Nov 2, 03:00 am",0,0.262425
"Nov 2, 04:00 am",0,0.262425
"Nov 2, 05:00 am",0,0.262425
"Nov 2, 06:00 am",0,0.262425
"Nov 2, 07:00 am",590.682,0.547427
"Nov 2, 08:00 am",3238.88,1.57455
"Nov 2, 09:00 am",3239.19,1.57455
"Nov 2, 10:00 am",3240.94,1.57455
"Nov 2, 11:00 am",3242.13,1.57455
"Nov 2, 12:00 pm",3239.26,1.57455
"Nov 2, 01:00 pm",3239.07,1.57455
"Nov 2, 02:00 pm",3241.83,1.57455
"Nov 2, 03:00 pm",3240.67,1.57455
"Nov 2, 04:00 pm",3239.08,1.57455
"Nov 2, 05:00 pm",3236.7,1.57455
"Nov 2, 06:00 pm",433.075,0.262425
"Nov 2, 07:00 pm",16.0357,0.262425
"Nov 2, 08:00 pm",0,0.262425
"Nov 2, 09:00 pm",0,0.262425
"Nov 2, 10:00 pm",0,0.262425
"Nov 2, 11:00 pm",0,0.262425
"Nov 3, 12:00 am",0,0.262425
"Nov 3, 01:00 am",0,0.262425
"Nov 3, 02:00 am",0,0.262425
"Nov 3, 03:00 am",0,0.262425
"Nov 3, 04:00 am",0,0.262425
"Nov 3, 05:00 am",0,0.262425
"Nov 3, 06:00 am",0,0.262425
"Nov 3, 07:00 am",0,0.262425
"Nov 3, 08:00 am",0,0.262425
"Nov 3, 09:00 am",0,0.262425
"Nov 3, 10:00 am",0,0.262425
"Nov 3, 11:00 am",0,0.262425
"Nov 3, 12:00 pm",0,0.262425
"Nov 3, 01:00 pm",0,0.262425
"Nov 3, 02:00 pm",0,0.262425
"Nov 3, 03:00 pm",0,0.262425
"Nov 3, 04:00 pm",0,0.262425
"Nov 3, 05:00 pm",0,0.262425
"Nov 3, 06:00 pm",0,0.262425
"Nov 3, 07:00 pm",0,0.262425
"Nov 3, 08:00 pm",0,0.262425
"Nov 3, 09:00 pm",0,0.262425
"Nov 3, 10:00 pm",0,0.262425
"Nov 3, 11:00 pm",0,0.262425
"Nov 4, 12:00 am",0,0.262425
"Nov 4, 01:00 am",0,0.262425
"Nov 4, 02:00 am",0,0.262425
"Nov 4, 03:00 am",0,0.262425
"Nov 4, 04:00 am",0,0.262425
"Nov 4, 05:00 am",0,0.262425
"Nov 4, 06:00 am",0,0.262425
"Nov 4, 07:00 am",0,0.262425
"Nov 4, 08:00 am",0,0.262425
"Nov 4, 09:00 am",0,0.262425
"Nov 4, 10:00 am",0,0.262425
"Nov 4, 11:00 am",2705.23,1.35584
"Nov 4, 12:00 pm",3238.95,1.57455
"Nov 4, 01:00 pm",3238.97,1.57455
"Nov 4, 02:00 pm",3242.44,1.57455
"Nov 4, 03:00 pm",3241.23,1.57455
"Nov 4, 04:00 pm",3239.11,1.57455
"Nov 4, 05:00 pm",3239.09,1.57455
"Nov 4, 06:00 pm",503.858,0.262425
"Nov 4, 07:00 pm",15.5567,0.262425
"Nov 4, 08:00 pm",0,0.262425
"Nov 4, 09:00 pm",0,0.262425
"Nov 4, 10:00 pm",0,0.262425
"Nov 4, 11:00 pm",0,0.262425
"Nov 5, 12:00 am",0,0.262425
"Nov 5, 01:00 am",0,0.262425
"Nov 5, 02:00 am",0,0.262425
"Nov 5, 03:00 am",0,0.262425
"Nov 5, 04:00 am",0,0.262425
"Nov 5, 05:00 am",0,0.262425
"Nov 5, 06:00 am",0,0.262425
"Nov 5, 07:00 am",928.958,0.583021
"Nov 5, 08:00 am",3239.42,1.57455
"Nov 5, 09:00 am",26.2435,0.262425
"Nov 5, 10:00 am",2783.38,1.57455
"Nov 5, 11:00 am",3238.98,1.57455
"Nov 5, 12:00 pm",3239,1.57455
"Nov 5, 01:00 pm",372.297,0.262425
"Nov 5, 02:00 pm",187.022,0.262425
"Nov 5, 03:00 pm",3239.63,1.57455
"Nov 5, 04:00 pm",3239.13,1.57455
"Nov 5, 05:00 pm",3239.12,1.57455
"Nov 5, 06:00 pm",18.5289,0.262425
"Nov 5, 07:00 pm",0,0.262425
"Nov 5, 08:00 pm",0,0.262425
"Nov 5, 09:00 pm",0,0.262425
"Nov 5, 10:00 pm",0,0.262425
"Nov 5, 11:00 pm",0,0.262425
"Nov 6, 12:00 am",0,0.262425
"Nov 6, 01:00 am",0,0.262425
"Nov 6, 02:00 am",0,0.262425
"Nov 6, 03:00 am",0,0.262425
"Nov 6, 04:00 am",0,0.262425
"Nov 6, 05:00 am",0,0.262425
"Nov 6, 06:00 am",0,0.262425
"Nov 6, 07:00 am",917.147,0.577264
"Nov 6, 08:00 am",3239.44,1.57455
"Nov 6, 09:00 am",3239.28,1.57455
"Nov 6, 10:00 am",3241.44,1.57455
"Nov 6, 11:00 am",3239.08,1.57455
"Nov 6, 12:00 pm",3239.04,1.57455
"Nov 6, 01:00 pm",3239.07,1.57455
"Nov 6, 02:00 pm",3239.08,1.57455
"Nov 6, 03:00 pm",3241.38,1.57455
"Nov 6, 04:00 pm",3239.27,1.57455
"Nov 6, 05:00 pm",3239.23,1.57455
"Nov 6, 06:00 pm",587.097,0.28609
"Nov 6, 07:00 pm",16.4919,0.262425
"Nov 6, 08:00 pm",0,0.262425
"Nov 6, 09:00 pm",0,0.262425
"Nov 6, 10:00 pm",0,0.262425
"Nov 6, 11:00 pm",0,0.262425
"Nov 7, 12:00 am",0,0.262425
"Nov 7, 01:00 am",0,0.262425
"Nov 7, 02:00 am",0,0.262425
"Nov 7, 03:00 am",0,0.262425
"Nov 7, 04:00 am",0,0.262425
"Nov 7, 05:00 am",0,0.262425
"Nov 7, 06:00 am",0,0.262425
"Nov 7, 07:00 am",0,0.262425
"Nov 7, 08:00 am",0,0.262425
"Nov 7, 09:00 am",0,0.262425
"Nov 7, 10:00 am",0,0.262425
"Nov 7, 11:00 am",0,0.262425
"Nov 7, 12:00 pm",0,0.262425
"Nov 7, 01:00 pm",0,0.262425
"Nov 7, 02:00 pm",0,0.262425
"Nov 7, 03:00 pm",0,0.262425
"Nov 7, 04:00 pm",0,0.262425
"Nov 7, 05:00 pm",0,0.262425
"Nov 7, 06:00 pm",0,0.262425
"Nov 7, 07:00 pm",0,0.262425
"Nov 7, 08:00 pm",0,0.262425
"Nov 7, 09:00 pm",0,0.262425
"Nov 7, 10:00 pm",0,0.262425
"Nov 7, 11:00 pm",0,0.262425
"Nov 8, 12:00 am",0,0.262425
"Nov 8, 01:00 am",0,0.262425
"Nov 8, 02:00 am",0,0.262425
"Nov 8, 03:00 am",0,0.262425
"Nov 8, 04:00 am",0,0.262425
"Nov 8, 05:00 am",0,0.262425
"Nov 8, 06:00 am",0,0.262425
"Nov 8, 07:00 am",0,0.262425
"Nov 8, 08:00 am",0,0.262425
"Nov 8, 09:00 am",0,0.262425
"Nov 8, 10:00 am",0,0.262425
"Nov 8, 11:00 am",0,0.262425
"Nov 8, 12:00 pm",0,0.262425
"Nov 8, 01:00 pm",0,0.262425
"Nov 8, 02:00 pm",0,0.262425
"Nov 8, 03:00 pm",0,0.262425
"Nov 8, 04:00 pm",2717.09,1.57455
"Nov 8, 05:00 pm",3239.56,1.57455
"Nov 8, 06:00 pm",648.94,0.316277
"Nov 8, 07:00 pm",15.0942,0.262425
"Nov 8, 08:00 pm",0,0.262425
"Nov 8, 09:00 pm",0,0.262425
"Nov 8, 10:00 pm",0,0.262425
"Nov 8, 11:00 pm",0,0.262425
"Nov 9, 12:00 am",0,0.262425
"Nov 9, 01:00 am",0,0.262425
"Nov 9, 02:00 am",0,0.262425
"Nov 9, 03:00 am",0,0.262425
"Nov 9, 04:00 am",0,0.262425
"Nov 9, 05:00 am",0,0.262425
"Nov 9, 06:00 am",0,0.262425
"Nov 9, 07:00 am",1043.25,0.635535
"Nov 9, 08:00 am",3239.82,1.57455
"Nov 9, 09:00 am",3239.73,1.57455
"Nov 9, 10:00 am",3238.88,1.57455
"Nov 9, 11:00 am",3238.91,1.57455
"Nov 9, 12:00 pm",3239.01,1.57455
"Nov 9, 01:00 pm",3239.03,1.57455
"Nov 9, 02:00 pm",3239.03,1.57455
"Nov 9, 03:00 pm",3242.53,1.57455
"Nov 9, 04:00 pm",3239.77,1.57455
"Nov 9, 05:00 pm",3239.46,1.57455
"Nov 9, 06:00 pm",728.845,0.354994
"Nov 9, 07:00 pm",15.8859,0.262425
"Nov 9, 08:00 pm",0,0.262425
"Nov 9, 09:00 pm",0,0.262425
"Nov 9, 10:00 pm",0,0.262425
"Nov 9, 11:00 pm",0,0.262425
"Nov 10, 12:00 am",0,0.262425
"Nov 10, 01:00 am",0,0.262425
"Nov 10, 02:00 am",0,0.262425
"Nov 10, 03:00 am",0,0.262425
"Nov 10, 04:00 am",0,0.262425
"Nov 10, 05:00 am",0,0.262425
"Nov 10, 06:00 am",0,0.262425
"Nov 10, 07:00 am",1121.62,0.671783
"Nov 10, 08:00 am",3240.22,1.57455
"Nov 10, 09:00 am",3240.02,1.57455
"Nov 10, 10:00 am",3238.95,1.57455
"Nov 10, 11:00 am",3238.98,1.57455
"Nov 10, 12:00 pm",3239.07,1.57455
"Nov 10, 01:00 pm",3239.08,1.57455
"Nov 10, 02:00 pm",3239.09,1.57455
"Nov 10, 03:00 pm",3241.74,1.57455
"Nov 10, 04:00 pm",3239.44,1.57455
"Nov 10, 05:00 pm",3239.3,1.57455
"Nov 10, 06:00 pm",753.597,0.367005
"Nov 10, 07:00 pm",16.0383,0.262425
"Nov 10, 08:00 pm",0,0.262425
"Nov 10, 09:00 pm",0,0.262425
"Nov 10, 10:00 pm",0,0.262425
"Nov 10, 11:00 pm",0,0.262425
"Nov 11, 12:00 am",0,0.262425
"Nov 11, 01:00 am",0,0.262425
"Nov 11, 02:00 am",0,0.262425
"Nov 11, 03:00 am",0,0.262425
"Nov 11, 04:00 am",0,0.262425
"Nov 11, 05:00 am",0,0.262425
"Nov 11, 06:00 am",0,0.262425
"Nov 11, 07:00 am",1048.63,0.637399
"Nov 11, 08:00 am",3239.76,1.57455
"Nov 11, 09:00 am",3239.38,1.57455
"Nov 11, 10:00 am",3241.87,1.57455
"Nov 11, 11:00 am",3239.18,1.57455
"Nov 11, 12:00 pm",3239.03,1.57455
"Nov 11, 01:00 pm",3239.04,1.57455
"Nov 11, 02:00 pm",3239.05,1.57455
"Nov 11, 03:00 pm",3241.39,1.57455
"Nov 11, 04:00 pm",3239.31,1.57455
"Nov 11, 05:00 pm",3239.25,1.57455
"Nov 11, 06:00 pm",777.187,0.378463
"Nov 11, 07:00 pm",16.1902,0.262425
"Nov 11, 08:00 pm",0,0.262425
"Nov 11, 09:00 pm",0,0.262425
"Nov 11, 10:00 pm",0,0.262425
"Nov 11, 11:00 pm",0,0.262425
"Nov 12, 12:00 am",0,0.262425
"Nov 12, 01:00 am",0,0.262425
"Nov 12, 02:00 am",0,0.262425
"Nov 12, 03:00 am",0,0.262425
"Nov 12, 04:00 am",0,0.262425
"Nov 12, 05:00 am",0,0.262425
"Nov 12, 06:00 am",0,0.262425
"Nov 12, 07:00 am",1084.09,0.653877
"Nov 12, 08:00 am",3239.96,1.57455
"Nov 12, 09:00 am",3239.48,1.57455
"Nov 12, 10:00 am",3242.11,1.57455
"Nov 12, 11:00 am",3239.23,1.57455
"Nov 12, 12:00 pm",3239.03,1.57455
"Nov 12, 01:00 pm",3239.05,1.57455
"Nov 12, 02:00 pm",3239.05,1.57455
"Nov 12, 03:00 pm",3241.58,1.57455
"Nov 12, 04:00 pm",3239.41,1.57455
"Nov 12, 05:00 pm",3239.61,1.57455
"Nov 12, 06:00 pm",820.862,0.399467
"Nov 12, 07:00 pm",16.5397,0.262425
"Nov 12, 08:00 pm",0,0.262425
"Nov 12, 09:00 pm",0,0.262425
"Nov 12, 10:00 pm",0,0.262425
"Nov 12, 11:00 pm",0,0.262425
"Nov 13, 12:00 am",0,0.262425
"Nov 13, 01:00 am",0,0.262425
"Nov 13, 02:00 am",0,0.262425
"Nov 13, 03:00 am",0,0.262425
"Nov 13, 04:00 am",0,0.262425
"Nov 13, 05:00 am",0,0.262425
"Nov 13, 06:00 am",0,0.262425
"Nov 13, 07:00 am",1120.8,0.671067
"Nov 13, 08:00 am",3240.15,1.57455
"Nov 13, 09:00 am",3239.64,1.57455
"Nov 13, 10:00 am",3238.96,1.57455
"Nov 13, 11:00 am",3238.99,1.57455
"Nov 13, 12:00 pm",3239.07,1.57455
"Nov 13, 01:00 pm",3239.07,1.57455
"Nov 13, 02:00 pm",3239.08,1.57455
"Nov 13, 03:00 pm",3241.85,1.57455
"Nov 13, 04:00 pm",3239.53,1.57455
"Nov 13, 05:00 pm",3239.71,1.57455
"Nov 13, 06:00 pm",868.322,0.422611
"Nov 13, 07:00 pm",16.2934,0.262425
"Nov 13, 08:00 pm",0,0.262425
"Nov 13, 09:00 pm",0,0.262425
"Nov 13, 10:00 pm",0,0.262425
"Nov 13, 11:00 pm",0,0.262425
"Nov 14, 12:00 am",0,0.262425
"Nov 14, 01:00 am",0,0.262425
"Nov 14, 02:00 am",0,0.262425
"Nov 14, 03:00 am",0,0.262425
"Nov 14, 04:00 am",0,0.262425
"Nov 14, 05:00 am",0,0.262425
"Nov 14, 06:00 am",0,0.262425
"Nov 14, 07:00 am",1120.69,0.670994
"Nov 14, 08:00 am",3240.14,1.57455
"Nov 14, 09:00 am",3239.62,1.57455
"Nov 14, 10:00 am",3242.69,1.57455
"Nov 14, 11:00 am",3239.35,1.57455
"Nov 14, 12:00 pm",3239.02,1.57455
"Nov 14, 01:00 pm",3239.03,1.57455
"Nov 14, 02:00 pm",3239.04,1.57455
"Nov 14, 03:00 pm",3241.99,1.57455
"Nov 14, 04:00 pm",3239.6,1.57455
"Nov 14, 05:00 pm",3239.85,1.57455
"Nov 14, 06:00 pm",918.77,0.447177
"Nov 14, 07:00 pm",16.1676,0.262425
"Nov 14, 08:00 pm",0,0.262425
"Nov 14, 09:00 pm",0,0.262425
"Nov 14, 10:00 pm",0,0.262425
"Nov 14, 11:00 pm",0,0.262425
"Nov 15, 12:00 am",0,0.262425
"Nov 15, 01:00 am",0,0.262425
"Nov 15, 02:00 am",0,0.262425
"Nov 15, 03:00 am",0,0.262425
"Nov 15, 04:00 am",0,0.262425
"Nov 15, 05:00 am",0,0.262425
"Nov 15, 06:00 am",0,0.262425
"Nov 15, 07:00 am",1159.48,0.689228
"Nov 15, 08:00 am",3240.31,1.57455
"Nov 15, 09:00 am",3239.78,1.57455
"Nov 15, 10:00 am",3238.96,1.57455
"Nov 15, 11:00 am",3238.99,1.57455
"Nov 15, 12:00 pm",3239.08,1.57455
"Nov 15, 01:00 pm",3239.09,1.57455
"Nov 15, 02:00 pm",3239.09,1.57455
"Nov 15, 03:00 pm",3242.14,1.57455
"Nov 15, 04:00 pm",3239.63,1.57455
"Nov 15, 05:00 pm",21.9782,0.262425
"Nov 15, 06:00 pm",0,0.262425
"Nov 15, 07:00 pm",0,0.262425
"Nov 15, 08:00 pm",0,0.262425
"Nov 15, 09:00 pm",0,0.262425
"Nov 15, 10:00 pm",0,0.262425
"Nov 15, 11:00 pm",0,0.262425
"Nov 16, 12:00 am",0,0.262425
"Nov 16, 01:00 am",0,0.262425
"Nov 16, 02:00 am",0,0.262425
"Nov 16, 03:00 am",0,0.262425
"Nov 16, 04:00 am",0,0.262425
"Nov 16, 05:00 am",0,0.262425
"Nov 16, 06:00 am",0,0.262425
"Nov 16, 07:00 am",1112.02,0.667541
"Nov 16, 08:00 am",3240.05,1.57455
"Nov 16, 09:00 am",3239.51,1.57455
"Nov 16, 10:00 am",3242.46,1.57455
"Nov 16, 11:00 am",3239.3,1.57455
"Nov 16, 12:00 pm",3239.03,1.57455
"Nov 16, 01:00 pm",3239.05,1.57455
"Nov 16, 02:00 pm",3239.05,1.57455
"Nov 16, 03:00 pm",3241.79,1.57455
"Nov 16, 04:00 pm",3239.49,1.57455
"Nov 16, 05:00 pm",3239.83,1.57455
"Nov 16, 06:00 pm",992.4,0.482866
"Nov 16, 07:00 pm",16.3542,0.262425
"Nov 16, 08:00 pm",0,0.262425
"Nov 16, 09:00 pm",0,0.262425
"Nov 16, 10:00 pm",0,0.262425
"Nov 16, 11:00 pm",0,0.262425
"Nov 17, 12:00 am",0,0.262425
"Nov 17, 01:00 am",0,0.262425
"Nov 17, 02:00 am",0,0.262425
"Nov 17, 03:00 am",0,0.262425
"Nov 17, 04:00 am",0,0.262425
"Nov 17, 05:00 am",0,0.262425
"Nov 17, 06:00 am",0,0.262425
"Nov 17, 07:00 am",1136.22,0.678154
"Nov 17, 08:00 am",3240.13,1.57455
"Nov 17, 09:00 am",3239.38,1.57455
"Nov 17, 10:00 am",3241.96,1.57455
"Nov 17, 11:00 am",3239.18,1.57455
"Nov 17, 12:00 pm",3239.02,1.57455
"Nov 17, 01:00 pm",312.323,0.262425
"Nov 17, 02:00 pm",234.647,0.262425
"Nov 17, 03:00 pm",34.7126,0.262425
"Nov 17, 04:00 pm",21.6735,0.262425
"Nov 17, 05:00 pm",0,0.262425
"Nov 17, 06:00 pm",0,0.262425
"Nov 17, 07:00 pm",0,0.262425
"Nov 17, 08:00 pm",0,0.262425
"Nov 17, 09:00 pm",0,0.262425
"Nov 17, 10:00 pm",0,0.262425
"Nov 17, 11:00 pm",0,0.262425
"Nov 18, 12:00 am",0,0.262425
"Nov 18, 01:00 am",0,0.262425
"Nov 18, 02:00 am",0,0.262425
"Nov 18, 03:00 am",0,0.262425
"Nov 18, 04:00 am",0,0.262425
"Nov 18, 05:00 am",0,0.262425
"Nov 18, 06:00 am",0,0.262425
"Nov 18, 07:00 am",1073.57,0.650077
"Nov 18, 08:00 am",3239.79,1.57455
"Nov 18, 09:00 am",3239.33,1.57455
"Nov 18, 10:00 am",3241.83,1.57455
"Nov 18, 11:00 am",3239.15,1.57455
"Nov 18, 12:00 pm",3239,1.57455
"Nov 18, 01:00 pm",3239,1.57455
"Nov 18, 02:00 pm",3239,1.57455
"Nov 18, 03:00 pm",3241.5,1.57455
"Nov 18, 04:00 pm",3239.37,1.57455
"Nov 18, 05:00 pm",3239.84,1.57455
"Nov 18, 06:00 pm",1062.41,0.516903
"Nov 18, 07:00 pm",16.0281,0.262425
"Nov 18, 08:00 pm",0,0.262425
"Nov 18, 09:00 pm",0,0.262425
"Nov 18, 10:00 pm",0,0.262425
"Nov 18, 11:00 pm",0,0.262425
"Nov 19, 12:00 am",0,0.262425
"Nov 19, 01:00 am",0,0.262425
"Nov 19, 02:00 am",0,0.262425
"Nov 19, 03:00 am",0,0.262425
"Nov 19, 04:00 am",0,0.262425
"Nov 19, 05:00 am",0,0.262425
"Nov 19, 06:00 am",0,0.262425
"Nov 19, 07:00 am",1403.69,0.769892
"Nov 19, 08:00 am",3240.15,1.57455
"Nov 19, 09:00 am",3239.31,1.57455
"Nov 19, 10:00 am",62.3208,0.262425
"Nov 19, 11:00 am",26.6288,0.262425
"Nov 19, 12:00 pm",105.468,0.262425
"Nov 19, 01:00 pm",79.6093,0.262425
"Nov 19, 02:00 pm",22.3011,0.262425
"Nov 19, 03:00 pm",0,0.262425
"Nov 19, 04:00 pm",0,0.262425
"Nov 19, 05:00 pm",0,0.262425
"Nov 19, 06:00 pm",0,0.262425
"Nov 19, 07:00 pm",0,0.262425
"Nov 19, 08:00 pm",0,0.262425
"Nov 19, 09:00 pm",0,0.262425
"Nov 19, 10:00 pm",0,0.262425
"Nov 19, 11:00 pm",0,0.262425
"Nov 20, 12:00 am",0,0.262425
"Nov 20, 01:00 am",0,0.262425
"Nov 20, 02:00 am",0,0.262425
"Nov 20, 03:00 am",0,0.262425
"Nov 20, 04:00 am",0,0.262425
"Nov 20, 05:00 am",0,0.262425
"Nov 20, 06:00 am",0,0.262425
"Nov 20, 07:00 am",0,0.262425
"Nov 20, 08:00 am",0,0.262425
"Nov 20, 09:00 am",2231.55,1.13716
"Nov 20, 10:00 am",3241.78,1.57455
"Nov 20, 11:00 am",3239.08,1.57455
"Nov 20, 12:00 pm",3238.99,1.57455
"Nov 20, 01:00 pm",3238.99,1.57455
"Nov 20, 02:00 pm",3239,1.57455
"Nov 20, 03:00 pm",3241.49,1.57455
"Nov 20, 04:00 pm",3239.34,1.57455
"Nov 20, 05:00 pm",3239.93,1.57455
"Nov 20, 06:00 pm",1154.45,0.561518
"Nov 20, 07:00 pm",16.1442,0.262425
"Nov 20, 08:00 pm",0,0.262425
"Nov 20, 09:00 pm",0,0.262425
"Nov 20, 10:00 pm",0,0.262425
"Nov 20, 11:00 pm",0,0.262425
"Nov 21, 12:00 am",0,0.262425
"Nov 21, 01:00 am",0,0.262425
"Nov 21, 02:00 am",0,0.262425
"Nov 21, 03:00 am",0,0.262425
"Nov 21, 04:00 am",0,0.262425
"Nov 21, 05:00 am",0,0.262425
"Nov 21, 06:00 am",0,0.262425
"Nov 21, 07:00 am",1409.95,0.990783
"Nov 21, 08:00 am",3240.19,1.57455
"Nov 21, 09:00 am",3239.42,1.57455
"Nov 21, 10:00 am",3242.03,1.57455
"Nov 21, 11:00 am",3239.19,1.57455
"Nov 21, 12:00 pm",3239,1.57455
"Nov 21, 01:00 pm",3239,1.57455
"Nov 21, 02:00 pm",3239.01,1.57455
"Nov 21, 03:00 pm",3241.73,1.57455
"Nov 21, 04:00 pm",23.5282,0.262425
"Nov 21, 05:00 pm",0,0.262425
"Nov 21, 06:00 pm",854.389,0.559718
"Nov 21, 07:00 pm",15.8699,0.262425
"Nov 21, 08:00 pm",0,0.262425
"Nov 21, 09:00 pm",0,0.262425
"Nov 21, 10:00 pm",0,0.262425
"Nov 21, 11:00 pm",0,0.262425
"Nov 22, 12:00 am",0,0.262425
"Nov 22, 01:00 am",0,0.262425
"Nov 22, 02:00 am",0,0.262425
"Nov 22, 03:00 am",0,0.262425
"Nov 22, 04:00 am",0,0.262425
"Nov 22, 05:00 am",0,0.262425
"Nov 22, 06:00 am",0,0.262425
"Nov 22, 07:00 am",1401.22,0.984342
"Nov 22, 08:00 am",3240.15,1.57455
"Nov 22, 09:00 am",3239.35,1.57455
"Nov 22, 10:00 am",3241.91,1.57455
"Nov 22, 11:00 am",3239.17,1.57455
"Nov 22, 12:00 pm",3239.02,1.57455
"Nov 22, 01:00 pm",3239.03,1.57455
"Nov 22, 02:00 pm",3239.04,1.57455
"Nov 22, 03:00 pm",3241.82,1.57455
"Nov 22, 04:00 pm",3239.53,1.57455
"Nov 22, 05:00 pm",3240.23,1.57455
"Nov 22, 06:00 pm",1255.96,0.610787
"Nov 22, 07:00 pm",16.5267,0.262425
"Nov 22, 08:00 pm",0,0.262425
"Nov 22, 09:00 pm",0,0.262425
"Nov 22, 10:00 pm",0,0.262425
"Nov 22, 11:00 pm",0,0.262425
"Nov 23, 12:00 am",0,0.262425
"Nov 23, 01:00 am",0,0.262425
"Nov 23, 02:00 am",0,0.262425
"Nov 23, 03:00 am",0,0.262425
"Nov 23, 04:00 am",0,0.262425
"Nov 23, 05:00 am",0,0.262425
"Nov 23, 06:00 am",0,0.262425
"Nov 23, 07:00 am",1407.69,0.988236
"Nov 23, 08:00 am",3240.19,1.57455
"Nov 23, 09:00 am",3239.41,1.57455
"Nov 23, 10:00 am",3242.04,1.57455
"Nov 23, 11:00 am",3239.22,1.57455
"Nov 23, 12:00 pm",3239.05,1.57455
"Nov 23, 01:00 pm",3239.06,1.57455
"Nov 23, 02:00 pm",3239.06,1.57455
"Nov 23, 03:00 pm",3242.02,1.57455
"Nov 23, 04:00 pm",3239.64,1.57455
"Nov 23, 05:00 pm",3240.37,1.57455
"Nov 23, 06:00 pm",1316.44,0.640172
"Nov 23, 07:00 pm",16.5848,0.262425
"Nov 23, 08:00 pm",0,0.262425
"Nov 23, 09:00 pm",0,0.262425
"Nov 23, 10:00 pm",0,0.262425
"Nov 23, 11:00 pm",0,0.262425
"Nov 24, 12:00 am",0,0.262425
"Nov 24, 01:00 am",0,0.262425
"Nov 24, 02:00 am",0,0.262425
"Nov 24, 03:00 am",0,0.262425
"Nov 24, 04:00 am",0,0.262425
"Nov 24, 05:00 am",0,0.262425
"Nov 24, 06:00 am",0,0.262425
"Nov 24, 07:00 am",1426.41,1.00007
"Nov 24, 08:00 am",3240.19,1.57455
"Nov 24, 09:00 am",3239.45,1.57455
"Nov 24, 10:00 am",3242.12,1.57455
"Nov 24, 11:00 am",3239.24,1.57455
"Nov 24, 12:00 pm",3239.05,1.57455
"Nov 24, 01:00 pm",3239.05,1.57455
"Nov 24, 02:00 pm",3239.06,1.57455
"Nov 24, 03:00 pm",3242.13,1.57455
"Nov 24, 04:00 pm",3239.69,1.57455
"Nov 24, 05:00 pm",3240.46,1.57455
"Nov 24, 06:00 pm",1373.25,0.667787
"Nov 24, 07:00 pm",16.6092,0.262425
"Nov 24, 08:00 pm",0,0.262425
"Nov 24, 09:00 pm",0,0.262425
"Nov 24, 10:00 pm",0,0.262425
"Nov 24, 11:00 pm",0,0.262425
"Nov 25, 12:00 am",0,0.262425
"Nov 25, 01:00 am",0,0.262425
"Nov 25, 02:00 am",0,0.262425
"Nov 25, 03:00 am",0,0.262425
"Nov 25, 04:00 am",0,0.262425
"Nov 25, 05:00 am",0,0.262425
"Nov 25, 06:00 am",0,0.262425
"Nov 25, 07:00 am",1469.4,1.02784
"Nov 25, 08:00 am",3240.33,1.57455
"Nov 25, 09:00 am",3239.7,1.57455
"Nov 25, 10:00 am",3238.97,1.57455
"Nov 25, 11:00 am",3239,1.57455
"Nov 25, 12:00 pm",3239.08,1.57455
"Nov 25, 01:00 pm",3239.09,1.57455
"Nov 25, 02:00 pm",3239.09,1.57455
"Nov 25, 03:00 pm",3242.76,1.57455
"Nov 25, 04:00 pm",3239.91,1.57455
"Nov 25, 05:00 pm",3240.52,1.57455
"Nov 25, 06:00 pm",1426.33,0.693604
"Nov 25, 07:00 pm",16.4788,0.262425
"Nov 25, 08:00 pm",0,0.262425
"Nov 25, 09:00 pm",0,0.262425
"Nov 25, 10:00 pm",0,0.262425
"Nov 25, 11:00 pm",0,0.262425
"Nov 26, 12:00 am",0,0.262425
"Nov 26, 01:00 am",0,0.262425
"Nov 26, 02:00 am",0,0.262425
"Nov 26, 03:00 am",0,0.262425
"Nov 26, 04:00 am",0,0.262425
"Nov 26, 05:00 am",0,0.262425
"Nov 26, 06:00 am",0,0.262425
"Nov 26, 07:00 am",1471.95,1.02945
"Nov 26, 08:00 am",3240.31,1.57455
"Nov 26, 09:00 am",3239.71,1.57455
"Nov 26, 10:00 am",3238.97,1.57455
"Nov 26, 11:00 am",3238.99,1.57455
"Nov 26, 12:00 pm",3239.08,1.57455
"Nov 26, 01:00 pm",3239.09,1.57455
"Nov 26, 02:00 pm",3239.09,1.57455
"Nov 26, 03:00 pm",3239.09,1.57455
"Nov 26, 04:00 pm",3239.59,1.57455
"Nov 26, 05:00 pm",3240.58,1.57455
"Nov 26, 06:00 pm",1478.42,0.718932
"Nov 26, 07:00 pm",16.4892,0.262425
"Nov 26, 08:00 pm",0,0.262425
"Nov 26, 09:00 pm",0,0.262425
"Nov 26, 10:00 pm",0,0.262425
"Nov 26, 11:00 pm",0,0.262425
"Nov 27, 12:00 am",0,0.262425
"Nov 27, 01:00 am",0,0.262425
"Nov 27, 02:00 am",0,0.262425
"Nov 27, 03:00 am",0,0.262425
"Nov 27, 04:00 am",0,0.262425
"Nov 27, 05:00 am",0,0.262425
"Nov 27, 06:00 am",0,0.262425
"Nov 27, 07:00 am",1468.71,1.02739
"Nov 27, 08:00 am",3240.28,1.57455
"Nov 27, 09:00 am",3239.64,1.57455
"Nov 27, 10:00 am",3238.94,1.57455
"Nov 27, 11:00 am",3238.97,1.57455
"Nov 27, 12:00 pm",3239.06,1.57455
"Nov 27, 01:00 pm",3239.07,1.57455
"Nov 27, 02:00 pm",3239.07,1.57455
"Nov 27, 03:00 pm",3239.06,1.57455
"Nov 27, 04:00 pm",3239.57,1.57455
"Nov 27, 05:00 pm",3240.58,1.57455
"Nov 27, 06:00 pm",1532.34,0.745162
"Nov 27, 07:00 pm",16.2397,0.262425
"Nov 27, 08:00 pm",0,0.262425
"Nov 27, 09:00 pm",0,0.262425
"Nov 27, 10:00 pm",0,0.262425
"Nov 27, 11:00 pm",0,0.262425
"Nov 28, 12:00 am",0,0.262425
"Nov 28, 01:00 am",0,0.262425
"Nov 28, 02:00 am",0,0.262425
"Nov 28, 03:00 am",0,0.262425
"Nov 28, 04:00 am",0,0.262425
"Nov 28, 05:00 am",0,0.262425
"Nov 28, 06:00 am",0,0.262425
"Nov 28, 07:00 am",1492.55,1.04302
"Nov 28, 08:00 am",3240.32,1.57455
"Nov 28, 09:00 am",3239.75,1.57455
"Nov 28, 10:00 am",3238.92,1.57455
"Nov 28, 11:00 am",3238.99,1.57455
"Nov 28, 12:00 pm",3239.02,1.57455
"Nov 28, 01:00 pm",3239.03,1.57455
"Nov 28, 02:00 pm",3239.04,1.57455
"Nov 28, 03:00 pm",3239.04,1.57455
"Nov 28, 04:00 pm",3239.68,1.57455
"Nov 28, 05:00 pm",3240.65,1.57455
"Nov 28, 06:00 pm",1589.26,0.772837
"Nov 28, 07:00 pm",16.3433,0.262425
"Nov 28, 08:00 pm",0,0.262425
"Nov 28, 09:00 pm",0,0.262425
"Nov 28, 10:00 pm",0,0.262425
"Nov 28, 11:00 pm",0,0.262425
"Nov 29, 12:00 am",0,0.262425
"Nov 29, 01:00 am",0,0.262425
"Nov 29, 02:00 am",0,0.262425
"Nov 29, 03:00 am",0,0.262425
"Nov 29, 04:00 am",0,0.262425
"Nov 29, 05:00 am",0,0.262425
"Nov 29, 06:00 am",0,0.262425
"Nov 29, 07:00 am",1510.79,1.05489
"Nov 29, 08:00 am",3240.35,1.57455
"Nov 29, 09:00 am",3239.95,1.57455
"Nov 29, 10:00 am",3238.95,1.57455
"Nov 29, 11:00 am",3238.99,1.57455
"Nov 29, 12:00 pm",3239.07,1.57455
"Nov 29, 01:00 pm",3239.08,1.57455
"Nov 29, 02:00 pm",3239.08,1.57455
"Nov 29, 03:00 pm",37.4703,0.262425
"Nov 29, 04:00 pm",21.667,0.262425
"Nov 29, 05:00 pm",0,0.262425
"Nov 29, 06:00 pm",0,0.262425
"Nov 29, 07:00 pm",0,0.262425
"Nov 29, 08:00 pm",0,0.262425
"Nov 29, 09:00 pm",0,0.262425
"Nov 29, 10:00 pm",0,0.262425
"Nov 29, 11:00 pm",0,0.262425
"Nov 30, 12:00 am",0,0.262425
"Nov 30, 01:00 am",0,0.262425
"Nov 30, 02:00 am",0,0.262425
"Nov 30, 03:00 am",0,0.262425
"Nov 30, 04:00 am",0,0.262425
"Nov 30, 05:00 am",0,0.262425
"Nov 30, 06:00 am",0,0.262425
"Nov 30, 07:00 am",1481.34,1.03787
"Nov 30, 08:00 am",3240.35,1.57455
"Nov 30, 09:00 am",3239.8,1.57455
"Nov 30, 10:00 am",3238.96,1.57455
"Nov 30, 11:00 am",3238.99,1.57455
"Nov 30, 12:00 pm",3239.08,1.57455
"Nov 30, 01:00 pm",3239.09,1.57455
"Nov 30, 02:00 pm",119.38,0.262425
"Nov 30, 03:00 pm",47.7516,0.262425
"Nov 30, 04:00 pm",27.1991,0.262425
"Nov 30, 05:00 pm",0,0.262425
"Nov 30, 06:00 pm",0,0.262425
"Nov 30, 07:00 pm",0,0.262425
"Nov 30, 08:00 pm",0,0.262425
"Nov 30, 09:00 pm",0,0.262425
"Nov 30, 10:00 pm",0,0.262425
"Nov 30, 11:00 pm",0,0.262425
"Dec 1, 12:00 am",0,0.262425
"Dec 1, 01:00 am",0,0.262425
"Dec 1, 02:00 am",0,0.262425
"Dec 1, 03:00 am",0,0.262425
"Dec 1, 04:00 am",0,0.262425
"Dec 1, 05:00 am",0,0.262425
"Dec 1, 06:00 am",0,0.262425
"Dec 1, 07:00 am",0,0.262425
"Dec 1, 08:00 am",0,0.262425
"Dec 1, 09:00 am",0,0.262425
"Dec 1, 10:00 am",0,0.262425
"Dec 1, 11:00 am",0,0.262425
"Dec 1, 12:00 pm",0,0.262425
"Dec 1, 01:00 pm",462.347,0.262425
"Dec 1, 02:00 pm",3238.14,1.57455
"Dec 1, 03:00 pm",26.1399,0.262425
"Dec 1, 04:00 pm",0,0.262425
"Dec 1, 05:00 pm",0,0.262425
"Dec 1, 06:00 pm",0,0.262425
"Dec 1, 07:00 pm",0,0.262425
"Dec 1, 08:00 pm",0,0.262425
"Dec 1, 09:00 pm",0,0.262425
"Dec 1, 10:00 pm",0,0.262425
"Dec 1, 11:00 pm",0,0.262425
"Dec 2, 12:00 am",0,0.262425
"Dec 2, 01:00 am",0,0.262425
"Dec 2, 02:00 am",0,0.262425
"Dec 2, 03:00 am",0,0.262425
"Dec 2, 04:00 am",0,0.262425
"Dec 2, 05:00 am",0,0.262425
"Dec 2, 06:00 am",0,0.262425
"Dec 2, 07:00 am",1521.3,1.06281
"Dec 2, 08:00 am",3240.57,1.57455
"Dec 2, 09:00 am",3240.25,1.57455
"Dec 2, 10:00 am",3239.09,1.57455
"Dec 2, 11:00 am",3239.17,1.57455
"Dec 2, 12:00 pm",3239.21,1.57455
"Dec 2, 01:00 pm",3239.29,1.57455
"Dec 2, 02:00 pm",3239.28,1.57455
"Dec 2, 03:00 pm",3239.26,1.57455
"Dec 2, 04:00 pm",3240.64,1.57455
"Dec 2, 05:00 pm",3241.32,1.57455
"Dec 2, 06:00 pm",1862.71,0.905763
"Dec 2, 07:00 pm",17.036,0.262425
"Dec 2, 08:00 pm",0,0.262425
"Dec 2, 09:00 pm",0,0.262425
"Dec 2, 10:00 pm",0,0.262425
"Dec 2, 11:00 pm",0,0.262425
"Dec 3, 12:00 am",0,0.262425
"Dec 3, 01:00 am",0,0.262425
"Dec 3, 02:00 am",0,0.262425
"Dec 3, 03:00 am",0,0.262425
"Dec 3, 04:00 am",0,0.262425
"Dec 3, 05:00 am",0,0.262425
"Dec 3, 06:00 am",0,0.262425
"Dec 3, 07:00 am",1554.29,1.08272
"Dec 3, 08:00 am",3240.74,1.57455
"Dec 3, 09:00 am",3240.46,1.57455
"Dec 3, 10:00 am",3239.15,1.57455
"Dec 3, 11:00 am",3239.22,1.57455
"Dec 3, 12:00 pm",3239.26,1.57455
"Dec 3, 01:00 pm",3239.32,1.57455
"Dec 3, 02:00 pm",3239.3,1.57455
"Dec 3, 03:00 pm",3239.29,1.57455
"Dec 3, 04:00 pm",3240.4,1.57455
"Dec 3, 05:00 pm",3241.28,1.57455
"Dec 3, 06:00 pm",1912.01,0.929715
"Dec 3, 07:00 pm",17.4298,0.262425
"Dec 3, 08:00 pm",0,0.262425
"Dec 3, 09:00 pm",0,0.262425
"Dec 3, 10:00 pm",0,0.262425
"Dec 3, 11:00 pm",0,0.262425
"Dec 4, 12:00 am",0,0.262425
"Dec 4, 01:00 am",0,0.262425
"Dec 4, 02:00 am",0,0.262425
"Dec 4, 03:00 am",0,0.262425
"Dec 4, 04:00 am",0,0.262425
"Dec 4, 05:00 am",0,0.262425
"Dec 4, 06:00 am",0,0.262425
"Dec 4, 07:00 am",1502.56,1.04849
"Dec 4, 08:00 am",3240.42,1.57455
"Dec 4, 09:00 am",3239.9,1.57455
"Dec 4, 10:00 am",3239.05,1.57455
"Dec 4, 11:00 am",3239.09,1.57455
"Dec 4, 12:00 pm",304.314,0.262425
"Dec 4, 01:00 pm",310.842,0.262425
"Dec 4, 02:00 pm",239.588,0.262425
"Dec 4, 03:00 pm",130.143,0.262425
"Dec 4, 04:00 pm",22.3444,0.262425
"Dec 4, 05:00 pm",0,0.262425
"Dec 4, 06:00 pm",0,0.262425
"Dec 4, 07:00 pm",0,0.262425
"Dec 4, 08:00 pm",0,0.262425
"Dec 4, 09:00 pm",0,0.262425
"Dec 4, 10:00 pm",0,0.262425
"Dec 4, 11:00 pm",0,0.262425
"Dec 5, 12:00 am",0,0.262425
"Dec 5, 01:00 am",0,0.262425
"Dec 5, 02:00 am",0,0.262425
"Dec 5, 03:00 am",0,0.262425
"Dec 5, 04:00 am",0,0.262425
"Dec 5, 05:00 am",0,0.262425
"Dec 5, 06:00 am",0,0.262425
"Dec 5, 07:00 am",0,0.262425
"Dec 5, 08:00 am",2200.78,1.13716
"Dec 5, 09:00 am",3239.77,1.57455
"Dec 5, 10:00 am",3239.01,1.57455
"Dec 5, 11:00 am",3239.04,1.57455
"Dec 5, 12:00 pm",3239.13,1.57455
"Dec 5, 01:00 pm",3239.15,1.57455
"Dec 5, 02:00 pm",3239.14,1.57455
"Dec 5, 03:00 pm",3239.13,1.57455
"Dec 5, 04:00 pm",3240.01,1.57455
"Dec 5, 05:00 pm",3241.13,1.57455
"Dec 5, 06:00 pm",1962.56,0.954337
"Dec 5, 07:00 pm",16.708,0.262425
"Dec 5, 08:00 pm",0,0.262425
"Dec 5, 09:00 pm",0,0.262425
"Dec 5, 10:00 pm",0,0.262425
"Dec 5, 11:00 pm",0,0.262425
"Dec 6, 12:00 am",0,0.262425
"Dec 6, 01:00 am",0,0.262425
"Dec 6, 02:00 am",0,0.262425
"Dec 6, 03:00 am",0,0.262425
"Dec 6, 04:00 am",0,0.262425
"Dec 6, 05:00 am",0,0.262425
"Dec 6, 06:00 am",0,0.262425
"Dec 6, 07:00 am",0,0.262425
"Dec 6, 08:00 am",2205.53,1.13716
"Dec 6, 09:00 am",3239.67,1.57455
"Dec 6, 10:00 am",3242.84,1.57455
"Dec 6, 11:00 am",3239.43,1.57455
"Dec 6, 12:00 pm",243.014,0.262425
"Dec 6, 01:00 pm",3238.16,1.57455
"Dec 6, 02:00 pm",236.333,0.262425
"Dec 6, 03:00 pm",29.879,0.262425
"Dec 6, 04:00 pm",21.1746,0.262425
"Dec 6, 05:00 pm",0,0.262425
"Dec 6, 06:00 pm",0,0.262425
"Dec 6, 07:00 pm",0,0.262425
"Dec 6, 08:00 pm",0,0.262425
"Dec 6, 09:00 pm",0,0.262425
"Dec 6, 10:00 pm",0,0.262425
"Dec 6, 11:00 pm",0,0.262425
"Dec 7, 12:00 am",0,0.262425
"Dec 7, 01:00 am",0,0.262425
"Dec 7, 02:00 am",0,0.262425
"Dec 7, 03:00 am",0,0.262425
"Dec 7, 04:00 am",0,0.262425
"Dec 7, 05:00 am",0,0.262425
"Dec 7, 06:00 am",0,0.262425
"Dec 7, 07:00 am",1440.05,0.785936
"Dec 7, 08:00 am",3239.98,1.57455
"Dec 7, 09:00 am",3239.54,1.57455
"Dec 7, 10:00 am",3239.01,1.57455
"Dec 7, 11:00 am",3239.06,1.57455
"Dec 7, 12:00 pm",3239.08,1.57455
"Dec 7, 01:00 pm",3239.16,1.57455
"Dec 7, 02:00 pm",3239.15,1.57455
"Dec 7, 03:00 pm",3239.13,1.57455
"Dec 7, 04:00 pm",3240.04,1.57455
"Dec 7, 05:00 pm",3241.17,1.57455
"Dec 7, 06:00 pm",2054.11,0.99884
"Dec 7, 07:00 pm",16.6283,0.262425
"Dec 7, 08:00 pm",0,0.262425
"Dec 7, 09:00 pm",0,0.262425
"Dec 7, 10:00 pm",0,0.262425
"Dec 7, 11:00 pm",0,0.262425
"Dec 8, 12:00 am",0,0.262425
"Dec 8, 01:00 am",0,0.262425
"Dec 8, 02:00 am",0,0.262425
"Dec 8, 03:00 am",0,0.262425
"Dec 8, 04:00 am",0,0.262425
"Dec 8, 05:00 am",0,0.262425
"Dec 8, 06:00 am",0,0.262425
"Dec 8, 07:00 am",1469.98,1.02779
"Dec 8, 08:00 am",3240.35,1.57455
"Dec 8, 09:00 am",3239.86,1.57455
"Dec 8, 10:00 am",3239.03,1.57455
"Dec 8, 11:00 am",3239.06,1.57455
"Dec 8, 12:00 pm",3239.17,1.57455
"Dec 8, 01:00 pm",3239.2,1.57455
"Dec 8, 02:00 pm",3239.18,1.57455
"Dec 8, 03:00 pm",3239.17,1.57455
"Dec 8, 04:00 pm",3240.3,1.57455
"Dec 8, 05:00 pm",3241.27,1.57455
"Dec 8, 06:00 pm",2140.29,1.04071
"Dec 8, 07:00 pm",16.8137,0.262425
"Dec 8, 08:00 pm",0,0.262425
"Dec 8, 09:00 pm",0,0.262425
"Dec 8, 10:00 pm",0,0.262425
"Dec 8, 11:00 pm",0,0.262425
"Dec 9, 12:00 am",0,0.262425
"Dec 9, 01:00 am",0,0.262425
"Dec 9, 02:00 am",0,0.262425
"Dec 9, 03:00 am",0,0.262425
"Dec 9, 04:00 am",0,0.262425
"Dec 9, 05:00 am",0,0.262425
"Dec 9, 06:00 am",0,0.262425
"Dec 9, 07:00 am",1535.75,1.07084
"Dec 9, 08:00 am",3240.69,1.57455
"Dec 9, 09:00 am",3240.55,1.57455
"Dec 9, 10:00 am",3239.1,1.57455
"Dec 9, 11:00 am",3239.18,1.57455
"Dec 9, 12:00 pm",3239.21,1.57455
"Dec 9, 01:00 pm",3239.28,1.57455
"Dec 9, 02:00 pm",3239.27,1.57455
"Dec 9, 03:00 pm",3239.26,1.57455
"Dec 9, 04:00 pm",3240.44,1.57455
"Dec 9, 05:00 pm",3241.31,1.57455
"Dec 9, 06:00 pm",2201.12,1.07025
"Dec 9, 07:00 pm",17.1359,0.262425
"Dec 9, 08:00 pm",0,0.262425
"Dec 9, 09:00 pm",0,0.262425
"Dec 9, 10:00 pm",0,0.262425
"Dec 9, 11:00 pm",0,0.262425
"Dec 10, 12:00 am",0,0.262425
"Dec 10, 01:00 am",0,0.262425
"Dec 10, 02:00 am",0,0.262425
"Dec 10, 03:00 am",0,0.262425
"Dec 10, 04:00 am",0,0.262425
"Dec 10, 05:00 am",0,0.262425
"Dec 10, 06:00 am",0,0.262425
"Dec 10, 07:00 am",1445.09,1.01105
"Dec 10, 08:00 am",3240.29,1.57455
"Dec 10, 09:00 am",3239.6,1.57455
"Dec 10, 10:00 am",3242.81,1.57455
"Dec 10, 11:00 am",3239.43,1.57455
"Dec 10, 12:00 pm",3239.1,1.57455
"Dec 10, 01:00 pm",3239.11,1.57455
"Dec 10, 02:00 pm",3239.1,1.57455
"Dec 10, 03:00 pm",3239.08,1.57455
"Dec 10, 04:00 pm",3239.7,1.57455
"Dec 10, 05:00 pm",3240.99,1.57455
"Dec 10, 06:00 pm",2175.65,1.05791
"Dec 10, 07:00 pm",16.8514,0.262425
"Dec 10, 08:00 pm",0,0.262425
"Dec 10, 09:00 pm",0,0.262425
"Dec 10, 10:00 pm",0,0.262425
"Dec 10, 11:00 pm",0,0.262425
"Dec 11, 12:00 am",0,0.262425
"Dec 11, 01:00 am",0,0.262425
"Dec 11, 02:00 am",0,0.262425
"Dec 11, 03:00 am",0,0.262425
"Dec 11, 04:00 am",0,0.262425
"Dec 11, 05:00 am",0,0.262425
"Dec 11, 06:00 am",0,0.262425
"Dec 11, 07:00 am",1414.74,0.991589
"Dec 11, 08:00 am",3240.25,1.57455
"Dec 11, 09:00 am",3239.56,1.57455
"Dec 11, 10:00 am",3239.07,1.57455
"Dec 11, 11:00 am",3239.12,1.57455
"Dec 11, 12:00 pm",3239.2,1.57455
"Dec 11, 01:00 pm",3239.19,1.57455
"Dec 11, 02:00 pm",3239.18,1.57455
"Dec 11, 03:00 pm",3239.1,1.57455
"Dec 11, 04:00 pm",3240,1.57455
"Dec 11, 05:00 pm",3241.24,1.57455
"Dec 11, 06:00 pm",2228.71,1.08367
"Dec 11, 07:00 pm",17.1546,0.262425
"Dec 11, 08:00 pm",0,0.262425
"Dec 11, 09:00 pm",0,0.262425
"Dec 11, 10:00 pm",0,0.262425
"Dec 11, 11:00 pm",0,0.262425
"Dec 12, 12:00 am",0,0.262425
"Dec 12, 01:00 am",0,0.262425
"Dec 12, 02:00 am",0,0.262425
"Dec 12, 03:00 am",0,0.262425
"Dec 12, 04:00 am",0,0.262425
"Dec 12, 05:00 am",0,0.262425
"Dec 12, 06:00 am",0,0.262425
"Dec 12, 07:00 am",1453.47,1.01617
"Dec 12, 08:00 am",3240.41,1.57455
"Dec 12, 09:00 am",3239.9,1.57455
"Dec 12, 10:00 am",3239.11,1.57455
"Dec 12, 11:00 am",3239.2,1.57455
"Dec 12, 12:00 pm",3239.23,1.57455
"Dec 12, 01:00 pm",3239.29,1.57455
"Dec 12, 02:00 pm",3239.27,1.57455
"Dec 12, 03:00 pm",3239.26,1.57455
"Dec 12, 04:00 pm",3240.22,1.57455
"Dec 12, 05:00 pm",3241.34,1.57455
"Dec 12, 06:00 pm",2311.35,1.12379
"Dec 12, 07:00 pm",17.6854,0.262425
"Dec 12, 08:00 pm",0,0.262425
"Dec 12, 09:00 pm",0,0.262425
"Dec 12, 10:00 pm",0,0.262425
"Dec 12, 11:00 pm",0,0.262425
"Dec 13, 12:00 am",0,0.262425
"Dec 13, 01:00 am",0,0.262425
"Dec 13, 02:00 am",0,0.262425
"Dec 13, 03:00 am",0,0.262425
"Dec 13, 04:00 am",0,0.262425
"Dec 13, 05:00 am",0,0.262425
"Dec 13, 06:00 am",0,0.262425
"Dec 13, 07:00 am",1408.08,0.986065
"Dec 13, 08:00 am",3240.29,1.57455
"Dec 13, 09:00 am",3239.53,1.57455
"Dec 13, 10:00 am",81.7305,0.262425
"Dec 13, 11:00 am",138.915,0.262425
"Dec 13, 12:00 pm",30.6026,0.262425
"Dec 13, 01:00 pm",117.613,0.262425
"Dec 13, 02:00 pm",3238.13,1.57455
"Dec 13, 03:00 pm",3239.13,1.57455
"Dec 13, 04:00 pm",26.1512,0.262425
"Dec 13, 05:00 pm",0,0.262425
"Dec 13, 06:00 pm",0,0.262425
"Dec 13, 07:00 pm",0,0.262425
"Dec 13, 08:00 pm",0,0.262425
"Dec 13, 09:00 pm",0,0.262425
"Dec 13, 10:00 pm",0,0.262425
"Dec 13, 11:00 pm",0,0.262425
"Dec 14, 12:00 am",0,0.262425
"Dec 14, 01:00 am",0,0.262425
"Dec 14, 02:00 am",0,0.262425
"Dec 14, 03:00 am",0,0.262425
"Dec 14, 04:00 am",0,0.262425
"Dec 14, 05:00 am",0,0.262425
"Dec 14, 06:00 am",0,0.262425
"Dec 14, 07:00 am",1412.64,0.990896
"Dec 14, 08:00 am",3240.37,1.57455
"Dec 14, 09:00 am",3239.81,1.57455
"Dec 14, 10:00 am",3239.11,1.57455
"Dec 14, 11:00 am",3239.15,1.57455
"Dec 14, 12:00 pm",3239.25,1.57455
"Dec 14, 01:00 pm",3239.27,1.57455
"Dec 14, 02:00 pm",3239.26,1.57455
"Dec 14, 03:00 pm",3239.24,1.57455
"Dec 14, 04:00 pm",3240.48,1.57455
"Dec 14, 05:00 pm",3241.32,1.57455
"Dec 14, 06:00 pm",2396.51,1.16518
"Dec 14, 07:00 pm",17.589,0.262425
"Dec 14, 08:00 pm",0,0.262425
"Dec 14, 09:00 pm",0,0.262425
"Dec 14, 10:00 pm",0,0.262425
"Dec 14, 11:00 pm",0,0.262425
"Dec 15, 12:00 am",0,0.262425
"Dec 15, 01:00 am",0,0.262425
"Dec 15, 02:00 am",0,0.262425
"Dec 15, 03:00 am",0,0.262425
"Dec 15, 04:00 am",0,0.262425
"Dec 15, 05:00 am",0,0.262425
"Dec 15, 06:00 am",0,0.262425
"Dec 15, 07:00 am",1421.91,0.995326
"Dec 15, 08:00 am",3240.38,1.57455
"Dec 15, 09:00 am",3239.79,1.57455
"Dec 15, 10:00 am",3239.12,1.57455
"Dec 15, 11:00 am",3239.15,1.57455
"Dec 15, 12:00 pm",3239.26,1.57455
"Dec 15, 01:00 pm",3239.27,1.57455
"Dec 15, 02:00 pm",3239.26,1.57455
"Dec 15, 03:00 pm",3239.25,1.57455
"Dec 15, 04:00 pm",3240.38,1.57455
"Dec 15, 05:00 pm",3241.34,1.57455
"Dec 15, 06:00 pm",2467.26,1.19955
"Dec 15, 07:00 pm",17.7619,0.262425
"Dec 15, 08:00 pm",0,0.262425
"Dec 15, 09:00 pm",0,0.262425
"Dec 15, 10:00 pm",0,0.262425
"Dec 15, 11:00 pm",0,0.262425
"Dec 16, 12:00 am",0,0.262425
"Dec 16, 01:00 am",0,0.262425
"Dec 16, 02:00 am",0,0.262425
"Dec 16, 03:00 am",0,0.262425
"Dec 16, 04:00 am",0,0.262425
"Dec 16, 05:00 am",0,0.262425
"Dec 16, 06:00 am",0,0.262425
"Dec 16, 07:00 am",1413.25,0.989709
"Dec 16, 08:00 am",3240.37,1.57455
"Dec 16, 09:00 am",3239.81,1.57455
"Dec 16, 10:00 am",3239.14,1.57455
"Dec 16, 11:00 am",3239.22,1.57455
"Dec 16, 12:00 pm",3239.25,1.57455
"Dec 16, 01:00 pm",3239.33,1.57455
"Dec 16, 02:00 pm",3239.32,1.57455
"Dec 16, 03:00 pm",3239.31,1.57455
"Dec 16, 04:00 pm",3240.69,1.57455
"Dec 16, 05:00 pm",3241.24,1.57455
"Dec 16, 06:00 pm",2533.19,1.23054
"Dec 16, 07:00 pm",18.1436,0.262425
"Dec 16, 08:00 pm",0,0.262425
"Dec 16, 09:00 pm",0,0.262425
"Dec 16, 10:00 pm",0,0.262425
"Dec 16, 11:00 pm",0,0.262425
"Dec 17, 12:00 am",0,0.262425
"Dec 17, 01:00 am",0,0.262425
"Dec 17, 02:00 am",0,0.262425
"Dec 17, 03:00 am",0,0.262425
"Dec 17, 04:00 am",0,0.262425
"Dec 17, 05:00 am",0,0.262425
"Dec 17, 06:00 am",0,0.262425
"Dec 17, 07:00 am",1432.01,1.00273
"Dec 17, 08:00 am",3240.43,1.57455
"Dec 17, 09:00 am",3240.08,1.57455
"Dec 17, 10:00 am",189.327,0.262425
"Dec 17, 11:00 am",94.2126,0.262425
"Dec 17, 12:00 pm",331.854,0.262425
"Dec 17, 01:00 pm",393.967,0.262425
"Dec 17, 02:00 pm",3238.22,1.57455
"Dec 17, 03:00 pm",3239.16,1.57455
"Dec 17, 04:00 pm",3240.54,1.57455
"Dec 17, 05:00 pm",3241.25,1.57455
"Dec 17, 06:00 pm",2568.18,1.24773
"Dec 17, 07:00 pm",17.8214,0.262425
"Dec 17, 08:00 pm",0,0.262425
"Dec 17, 09:00 pm",0,0.262425
"Dec 17, 10:00 pm",0,0.262425
"Dec 17, 11:00 pm",0,0.262425
"Dec 18, 12:00 am",0,0.262425
"Dec 18, 01:00 am",0,0.262425
"Dec 18, 02:00 am",0,0.262425
"Dec 18, 03:00 am",0,0.262425
"Dec 18, 04:00 am",0,0.262425
"Dec 18, 05:00 am",0,0.262425
"Dec 18, 06:00 am",0,0.262425
"Dec 18, 07:00 am",1389.49,0.97453
"Dec 18, 08:00 am",3240.29,1.57455
"Dec 18, 09:00 am",3239.66,1.57455
"Dec 18, 10:00 am",3239.07,1.57455
"Dec 18, 11:00 am",3239.11,1.57455
"Dec 18, 12:00 pm",3239.2,1.57455
"Dec 18, 01:00 pm",3239.21,1.57455
"Dec 18, 02:00 pm",3239.2,1.57455
"Dec 18, 03:00 pm",3239.19,1.57455
"Dec 18, 04:00 pm",3240.27,1.57455
"Dec 18, 05:00 pm",3241.3,1.57455
"Dec 18, 06:00 pm",2582.16,1.25459
"Dec 18, 07:00 pm",17.6455,0.262425
"Dec 18, 08:00 pm",0,0.262425
"Dec 18, 09:00 pm",0,0.262425
"Dec 18, 10:00 pm",0,0.262425
"Dec 18, 11:00 pm",0,0.262425
"Dec 19, 12:00 am",0,0.262425
"Dec 19, 01:00 am",0,0.262425
"Dec 19, 02:00 am",0,0.262425
"Dec 19, 03:00 am",0,0.262425
"Dec 19, 04:00 am",0,0.262425
"Dec 19, 05:00 am",0,0.262425
"Dec 19, 06:00 am",0,0.262425
"Dec 19, 07:00 am",1124.17,0.672318
"Dec 19, 08:00 am",21.0265,0.262425
"Dec 19, 09:00 am",0,0.262425
"Dec 19, 10:00 am",0,0.262425
"Dec 19, 11:00 am",57.7381,0.262425
"Dec 19, 12:00 pm",29.8649,0.262425
"Dec 19, 01:00 pm",22.4347,0.262425
"Dec 19, 02:00 pm",0,0.262425
"Dec 19, 03:00 pm",0,0.262425
"Dec 19, 04:00 pm",0,0.262425
"Dec 19, 05:00 pm",0,0.262425
"Dec 19, 06:00 pm",0,0.262425
"Dec 19, 07:00 pm",0,0.262425
"Dec 19, 08:00 pm",0,0.262425
"Dec 19, 09:00 pm",0,0.262425
"Dec 19, 10:00 pm",0,0.262425
"Dec 19, 11:00 pm",0,0.262425
"Dec 20, 12:00 am",0,0.262425
"Dec 20, 01:00 am",0,0.262425
"Dec 20, 02:00 am",0,0.262425
"Dec 20, 03:00 am",0,0.262425
"Dec 20, 04:00 am",0,0.262425
"Dec 20, 05:00 am",0,0.262425
"Dec 20, 06:00 am",0,0.262425
"Dec 20, 07:00 am",1419.04,0.777356
"Dec 20, 08:00 am",3240.46,1.57455
"Dec 20, 09:00 am",3240.29,1.57455
"Dec 20, 10:00 am",3239.12,1.57455
"Dec 20, 11:00 am",3239.22,1.57455
"Dec 20, 12:00 pm",3239.25,1.57455
"Dec 20, 01:00 pm",3239.34,1.57455
"Dec 20, 02:00 pm",3239.32,1.57455
"Dec 20, 03:00 pm",3239.31,1.57455
"Dec 20, 04:00 pm",3241.29,1.57455
"Dec 20, 05:00 pm",3240.53,1.57455
"Dec 20, 06:00 pm",2755.98,1.33983
"Dec 20, 07:00 pm",17.718,0.262425
"Dec 20, 08:00 pm",0,0.262425
"Dec 20, 09:00 pm",0,0.262425
"Dec 20, 10:00 pm",0,0.262425
"Dec 20, 11:00 pm",0,0.262425
"Dec 21, 12:00 am",0,0.262425
"Dec 21, 01:00 am",0,0.262425
"Dec 21, 02:00 am",0,0.262425
"Dec 21, 03:00 am",0,0.262425
"Dec 21, 04:00 am",0,0.262425
"Dec 21, 05:00 am",0,0.262425
"Dec 21, 06:00 am",0,0.262425
"Dec 21, 07:00 am",1431.39,1.00287
"Dec 21, 08:00 am",3240.48,1.57455
"Dec 21, 09:00 am",3240.41,1.57455
"Dec 21, 10:00 am",3239.12,1.57455
"Dec 21, 11:00 am",3239.2,1.57455
"Dec 21, 12:00 pm",3239.23,1.57455
"Dec 21, 01:00 pm",3239.31,1.57455
"Dec 21, 02:00 pm",3239.3,1.57455
"Dec 21, 03:00 pm",3239.28,1.57455
"Dec 21, 04:00 pm",3240.94,1.57455
"Dec 21, 05:00 pm",3240.92,1.57455
"Dec 21, 06:00 pm",2773.7,1.3485
"Dec 21, 07:00 pm",17.7997,0.262425
"Dec 21, 08:00 pm",0,0.262425
"Dec 21, 09:00 pm",0,0.262425
"Dec 21, 10:00 pm",0,0.262425
"Dec 21, 11:00 pm",0,0.262425
"Dec 22, 12:00 am",0,0.262425
"Dec 22, 01:00 am",0,0.262425
"Dec 22, 02:00 am",0,0.262425
"Dec 22, 03:00 am",0,0.262425
"Dec 22, 04:00 am",0,0.262425
"Dec 22, 05:00 am",0,0.262425
"Dec 22, 06:00 am",0,0.262425
"Dec 22, 07:00 am",1344.14,0.740846
"Dec 22, 08:00 am",3240.19,1.57455
"Dec 22, 09:00 am",3239.56,1.57455
"Dec 22, 10:00 am",3239.07,1.57455
"Dec 22, 11:00 am",3239.11,1.57455
"Dec 22, 12:00 pm",3239.14,1.57455
"Dec 22, 01:00 pm",3239.23,1.57455
"Dec 22, 02:00 pm",3239.24,1.57455
"Dec 22, 03:00 pm",3239.23,1.57455
"Dec 22, 04:00 pm",3240.73,1.57455
"Dec 22, 05:00 pm",3240.73,1.57455
"Dec 22, 06:00 pm",2785.09,1.35408
"Dec 22, 07:00 pm",17.6397,0.262425
"Dec 22, 08:00 pm",0,0.262425
"Dec 22, 09:00 pm",0,0.262425
"Dec 22, 10:00 pm",0,0.262425
"Dec 22, 11:00 pm",0,0.262425
"Dec 23, 12:00 am",0,0.262425
"Dec 23, 01:00 am",0,0.262425
"Dec 23, 02:00 am",0,0.262425
"Dec 23, 03:00 am",0,0.262425
"Dec 23, 04:00 am",0,0.262425
"Dec 23, 05:00 am",0,0.262425
"Dec 23, 06:00 am",0,0.262425
"Dec 23, 07:00 am",1347.28,0.74238
"Dec 23, 08:00 am",3240.25,1.57455
"Dec 23, 09:00 am",3239.74,1.57455
"Dec 23, 10:00 am",3239.06,1.57455
"Dec 23, 11:00 am",3239.16,1.57455
"Dec 23, 12:00 pm",3239.18,1.57455
"Dec 23, 01:00 pm",3239.2,1.57455
"Dec 23, 02:00 pm",3239.19,1.57455
"Dec 23, 03:00 pm",3239.17,1.57455
"Dec 23, 04:00 pm",3240.83,1.57455
"Dec 23, 05:00 pm",3240.8,1.57455
"Dec 23, 06:00 pm",2821.01,1.37166
"Dec 23, 07:00 pm",17.4813,0.262425
"Dec 23, 08:00 pm",0,0.262425
"Dec 23, 09:00 pm",0,0.262425
"Dec 23, 10:00 pm",0,0.262425
"Dec 23, 11:00 pm",0,0.262425
"Dec 24, 12:00 am",0,0.262425
"Dec 24, 01:00 am",0,0.262425
"Dec 24, 02:00 am",0,0.262425
"Dec 24, 03:00 am",0,0.262425
"Dec 24, 04:00 am",0,0.262425
"Dec 24, 05:00 am",0,0.262425
"Dec 24, 06:00 am",0,0.262425
"Dec 24, 07:00 am",1365.6,0.7513
"Dec 24, 08:00 am",3240.36,1.57455
"Dec 24, 09:00 am",3239.97,1.57455
"Dec 24, 10:00 am",3239.1,1.57455
"Dec 24, 11:00 am",3239.14,1.57455
"Dec 24, 12:00 pm",3239.26,1.57455
"Dec 24, 01:00 pm",3239.28,1.57455
"Dec 24, 02:00 pm",3239.27,1.57455
"Dec 24, 03:00 pm",3239.25,1.57455
"Dec 24, 04:00 pm",3240.93,1.57455
"Dec 24, 05:00 pm",3240.72,1.57455
"Dec 24, 06:00 pm",2867.01,1.39414
"Dec 24, 07:00 pm",17.8767,0.262425
"Dec 24, 08:00 pm",0,0.262425
"Dec 24, 09:00 pm",0,0.262425
"Dec 24, 10:00 pm",0,0.262425
"Dec 24, 11:00 pm",0,0.262425
"Dec 25, 12:00 am",0,0.262425
"Dec 25, 01:00 am",0,0.262425
"Dec 25, 02:00 am",0,0.262425
"Dec 25, 03:00 am",0,0.262425
"Dec 25, 04:00 am",0,0.262425
"Dec 25, 05:00 am",0,0.262425
"Dec 25, 06:00 am",0,0.262425
"Dec 25, 07:00 am",1210.73,0.710063
"Dec 25, 08:00 am",3240.16,1.57455
"Dec 25, 09:00 am",3239.57,1.57455
"Dec 25, 10:00 am",3239.12,1.57455
"Dec 25, 11:00 am",3239.15,1.57455
"Dec 25, 12:00 pm",3239.17,1.57455
"Dec 25, 01:00 pm",3239.18,1.57455
"Dec 25, 02:00 pm",3239.16,1.57455
"Dec 25, 03:00 pm",3239.14,1.57455
"Dec 25, 04:00 pm",3240.42,1.57455
"Dec 25, 05:00 pm",3241.12,1.57455
"Dec 25, 06:00 pm",2841.92,1.38187
"Dec 25, 07:00 pm",17.72,0.262425
"Dec 25, 08:00 pm",0,0.262425
"Dec 25, 09:00 pm",0,0.262425
"Dec 25, 10:00 pm",0,0.262425
"Dec 25, 11:00 pm",0,0.262425
"Dec 26, 12:00 am",0,0.262425
"Dec 26, 01:00 am",0,0.262425
"Dec 26, 02:00 am",0,0.262425
"Dec 26, 03:00 am",0,0.262425
"Dec 26, 04:00 am",0,0.262425
"Dec 26, 05:00 am",0,0.262425
"Dec 26, 06:00 am",0,0.262425
"Dec 26, 07:00 am",1155.55,0.684818
"Dec 26, 08:00 am",3239.77,1.57455
"Dec 26, 09:00 am",3239.51,1.57455
"Dec 26, 10:00 am",3239.09,1.57455
"Dec 26, 11:00 am",3239.12,1.57455
"Dec 26, 12:00 pm",3239.21,1.57455
"Dec 26, 01:00 pm",3239.23,1.57455
"Dec 26, 02:00 pm",3239.22,1.57455
"Dec 26, 03:00 pm",3239.21,1.57455
"Dec 26, 04:00 pm",3240.68,1.57455
"Dec 26, 05:00 pm",3240.69,1.57455
"Dec 26, 06:00 pm",2883.65,1.40227
"Dec 26, 07:00 pm",18.0695,0.262425
"Dec 26, 08:00 pm",0,0.262425
"Dec 26, 09:00 pm",0,0.262425
"Dec 26, 10:00 pm",0,0.262425
"Dec 26, 11:00 pm",0,0.262425
"Dec 27, 12:00 am",0,0.262425
"Dec 27, 01:00 am",0,0.262425
"Dec 27, 02:00 am",0,0.262425
"Dec 27, 03:00 am",0,0.262425
"Dec 27, 04:00 am",0,0.262425
"Dec 27, 05:00 am",0,0.262425
"Dec 27, 06:00 am",0,0.262425
"Dec 27, 07:00 am",1164.52,0.688413
"Dec 27, 08:00 am",3239.85,1.57455
"Dec 27, 09:00 am",3239.52,1.57455
"Dec 27, 10:00 am",3242.84,1.57455
"Dec 27, 11:00 am",3239.51,1.57455
"Dec 27, 12:00 pm",3239.17,1.57455
"Dec 27, 01:00 pm",3239.17,1.57455
"Dec 27, 02:00 pm",449.816,0.262425
"Dec 27, 03:00 pm",102.229,0.262425
"Dec 27, 04:00 pm",23.7852,0.262425
"Dec 27, 05:00 pm",0,0.262425
"Dec 27, 06:00 pm",0,0.262425
"Dec 27, 07:00 pm",0,0.262425
"Dec 27, 08:00 pm",0,0.262425
"Dec 27, 09:00 pm",0,0.262425
"Dec 27, 10:00 pm",0,0.262425
"Dec 27, 11:00 pm",0,0.262425
"Dec 28, 12:00 am",0,0.262425
"Dec 28, 01:00 am",0,0.262425
"Dec 28, 02:00 am",0,0.262425
"Dec 28, 03:00 am",0,0.262425
"Dec 28, 04:00 am",0,0.262425
"Dec 28, 05:00 am",0,0.262425
"Dec 28, 06:00 am",0,0.262425
"Dec 28, 07:00 am",1061.54,0.641593
"Dec 28, 08:00 am",3239.81,1.57455
"Dec 28, 09:00 am",3239.48,1.57455
"Dec 28, 10:00 am",3239.04,1.57455
"Dec 28, 11:00 am",3239.07,1.57455
"Dec 28, 12:00 pm",3239.08,1.57455
"Dec 28, 01:00 pm",463.412,0.262425
"Dec 28, 02:00 pm",310.662,0.262425
"Dec 28, 03:00 pm",60.988,0.262425
"Dec 28, 04:00 pm",22.476,0.262425
"Dec 28, 05:00 pm",0,0.262425
"Dec 28, 06:00 pm",0,0.262425
"Dec 28, 07:00 pm",0,0.262425
"Dec 28, 08:00 pm",0,0.262425
"Dec 28, 09:00 pm",0,0.262425
"Dec 28, 10:00 pm",0,0.262425
"Dec 28, 11:00 pm",0,0.262425
"Dec 29, 12:00 am",0,0.262425
"Dec 29, 01:00 am",0,0.262425
"Dec 29, 02:00 am",0,0.262425
"Dec 29, 03:00 am",0,0.262425
"Dec 29, 04:00 am",0,0.262425
"Dec 29, 05:00 am",0,0.262425
"Dec 29, 06:00 am",0,0.262425
"Dec 29, 07:00 am",941.458,0.58908
"Dec 29, 08:00 am",20.8811,0.262425
"Dec 29, 09:00 am",0,0.262425
"Dec 29, 10:00 am",0,0.262425
"Dec 29, 11:00 am",176.721,0.262425
"Dec 29, 12:00 pm",3238.16,1.57455
"Dec 29, 01:00 pm",3239.2,1.57455
"Dec 29, 02:00 pm",3239.21,1.57455
"Dec 29, 03:00 pm",3239.2,1.57455
"Dec 29, 04:00 pm",3240.52,1.57455
"Dec 29, 05:00 pm",3240.86,1.57455
"Dec 29, 06:00 pm",2901.86,1.41119
"Dec 29, 07:00 pm",19.0543,0.262425
"Dec 29, 08:00 pm",0,0.262425
"Dec 29, 09:00 pm",0,0.262425
"Dec 29, 10:00 pm",0,0.262425
"Dec 29, 11:00 pm",0,0.262425
"Dec 30, 12:00 am",0,0.262425
"Dec 30, 01:00 am",0,0.262425
"Dec 30, 02:00 am",0,0.262425
"Dec 30, 03:00 am",0,0.262425
"Dec 30, 04:00 am",0,0.262425
"Dec 30, 05:00 am",0,0.262425
"Dec 30, 06:00 am",0,0.262425
"Dec 30, 07:00 am",917.673,0.576973
"Dec 30, 08:00 am",3239.55,1.57455
"Dec 30, 09:00 am",3239.38,1.57455
"Dec 30, 10:00 am",3242.16,1.57455
"Dec 30, 11:00 am",3239.34,1.57455
"Dec 30, 12:00 pm",3239.16,1.57455
"Dec 30, 01:00 pm",3239.17,1.57455
"Dec 30, 02:00 pm",3239.18,1.57455
"Dec 30, 03:00 pm",3239.16,1.57455
"Dec 30, 04:00 pm",3240.48,1.57455
"Dec 30, 05:00 pm",3240.93,1.57455
"Dec 30, 06:00 pm",2905.21,1.41282
"Dec 30, 07:00 pm",19.6281,0.262425
"Dec 30, 08:00 pm",0,0.262425
"Dec 30, 09:00 pm",0,0.262425
"Dec 30, 10:00 pm",0,0.262425
"Dec 30, 11:00 pm",0,0.262425
"Dec 31, 12:00 am",0,0.262425
"Dec 31, 01:00 am",0,0.262425
"Dec 31, 02:00 am",0,0.262425
"Dec 31, 03:00 am",0,0.262425
"Dec 31, 04:00 am",0,0.262425
"Dec 31, 05:00 am",0,0.262425
"Dec 31, 06:00 am",0,0.262425
"Dec 31, 07:00 am",885.265,0.561698
"Dec 31, 08:00 am",3239.33,1.57455
"Dec 31, 09:00 am",3239.26,1.57455
"Dec 31, 10:00 am",3241.66,1.57455
"Dec 31, 11:00 am",3239.2,1.57455
"Dec 31, 12:00 pm",3239.12,1.57455
"Dec 31, 01:00 pm",3239.13,1.57455
"Dec 31, 02:00 pm",3239.12,1.57455
"Dec 31, 03:00 pm",3239.1,1.57455
"Dec 31, 04:00 pm",3240.18,1.57455
"Dec 31, 05:00 pm",3241.13,1.57455
"Dec 31, 06:00 pm",2880.65,1.40083
"Dec 31, 07:00 pm",19.7645,0.262425
"Dec 31, 08:00 pm",0,0.262425
"Dec 31, 09:00 pm",0,0.262425
"Dec 31, 10:00 pm",0,0.262425
"Dec 31, 11:00 pm",0,0.262425
