"Time stamp","System net thermal power w/ avail. derate | (kWt)","Field total mass flow rate | (kg/s)"
"Jan 1, 12:00 am",0,0.288683
"Jan 1, 01:00 am",0,0.288683
"Jan 1, 02:00 am",0,0.288683
"Jan 1, 03:00 am",0,0.288683
"Jan 1, 04:00 am",0,0.288683
"Jan 1, 05:00 am",0,0.288683
"Jan 1, 06:00 am",0,0.288683
"Jan 1, 07:00 am",1074.74,0.661865
"Jan 1, 08:00 am",3563.15,1.7321
"Jan 1, 09:00 am",3563.36,1.7321
"Jan 1, 10:00 am",3567.34,1.7321
"Jan 1, 11:00 am",3563.59,1.7321
"Jan 1, 12:00 pm",3563.26,1.7321
"Jan 1, 01:00 pm",3563.32,1.7321
"Jan 1, 02:00 pm",3563.31,1.7321
"Jan 1, 03:00 pm",3563.3,1.7321
"Jan 1, 04:00 pm",3564.64,1.7321
"Jan 1, 05:00 pm",3564.63,1.7321
"Jan 1, 06:00 pm",3211.68,1.56178
"Jan 1, 07:00 pm",22.4602,0.288683
"Jan 1, 08:00 pm",0,0.288683
"Jan 1, 09:00 pm",0,0.288683
"Jan 1, 10:00 pm",0,0.288683
"Jan 1, 11:00 pm",0,0.288683
"Jan 2, 12:00 am",0,0.288683
"Jan 2, 01:00 am",0,0.288683
"Jan 2, 02:00 am",0,0.288683
"Jan 2, 03:00 am",0,0.288683
"Jan 2, 04:00 am",0,0.288683
"Jan 2, 05:00 am",0,0.288683
"Jan 2, 06:00 am",0,0.288683
"Jan 2, 07:00 am",971.427,0.616719
"Jan 2, 08:00 am",3563.34,1.7321
"Jan 2, 09:00 am",3563.37,1.7321
"Jan 2, 10:00 am",3563.43,1.7321
"Jan 2, 11:00 am",3563.46,1.7321
"Jan 2, 12:00 pm",3563.49,1.7321
"Jan 2, 01:00 pm",3563.51,1.7321
"Jan 2, 02:00 pm",3563.5,1.7321
"Jan 2, 03:00 pm",3563.48,1.7321
"Jan 2, 04:00 pm",3565.1,1.7321
"Jan 2, 05:00 pm",3564.3,1.7321
"Jan 2, 06:00 pm",3282.69,1.59622
"Jan 2, 07:00 pm",22.7562,0.288683
"Jan 2, 08:00 pm",0,0.288683
"Jan 2, 09:00 pm",0,0.288683
"Jan 2, 10:00 pm",0,0.288683
"Jan 2, 11:00 pm",0,0.288683
"Jan 3, 12:00 am",0,0.288683
"Jan 3, 01:00 am",0,0.288683
"Jan 3, 02:00 am",0,0.288683
"Jan 3, 03:00 am",0,0.288683
"Jan 3, 04:00 am",0,0.288683
"Jan 3, 05:00 am",0,0.288683
"Jan 3, 06:00 am",0,0.288683
"Jan 3, 07:00 am",982.631,0.622168
"Jan 3, 08:00 am",3563.45,1.7321
"Jan 3, 09:00 am",3563.51,1.7321
"Jan 3, 10:00 am",3563.19,1.7321
"Jan 3, 11:00 am",3563.23,1.7321
"Jan 3, 12:00 pm",3563.32,1.7321
"Jan 3, 01:00 pm",3563.34,1.7321
"Jan 3, 02:00 pm",3563.33,1.7321
"Jan 3, 03:00 pm",3563.31,1.7321
"Jan 3, 04:00 pm",3564.84,1.7321
"Jan 3, 05:00 pm",3564.57,1.7321
"Jan 3, 06:00 pm",3282.66,1.5962
"Jan 3, 07:00 pm",23.3464,0.288683
"Jan 3, 08:00 pm",0,0.288683
"Jan 3, 09:00 pm",0,0.288683
"Jan 3, 10:00 pm",0,0.288683
"Jan 3, 11:00 pm",0,0.288683
"Jan 4, 12:00 am",0,0.288683
"Jan 4, 01:00 am",0,0.288683
"Jan 4, 02:00 am",0,0.288683
"Jan 4, 03:00 am",0,0.288683
"Jan 4, 04:00 am",0,0.288683
"Jan 4, 05:00 am",0,0.288683
"Jan 4, 06:00 am",0,0.288683
"Jan 4, 07:00 am",952.361,0.607413
"Jan 4, 08:00 am",3563.46,1.7321
"Jan 4, 09:00 am",3563.46,1.7321
"Jan 4, 10:00 am",3563.37,1.7321
"Jan 4, 11:00 am",3563.42,1.7321
"Jan 4, 12:00 pm",3563.45,1.7321
"Jan 4, 01:00 pm",3563.46,1.7321
"Jan 4, 02:00 pm",3563.45,1.7321
"Jan 4, 03:00 pm",3563.39,1.7321
"Jan 4, 04:00 pm",3565.01,1.7321
"Jan 4, 05:00 pm",3564.5,1.7321
"Jan 4, 06:00 pm",3285.96,1.59777
"Jan 4, 07:00 pm",23.9313,0.288683
"Jan 4, 08:00 pm",0,0.288683
"Jan 4, 09:00 pm",0,0.288683
"Jan 4, 10:00 pm",0,0.288683
"Jan 4, 11:00 pm",0,0.288683
"Jan 5, 12:00 am",0,0.288683
"Jan 5, 01:00 am",0,0.288683
"Jan 5, 02:00 am",0,0.288683
"Jan 5, 03:00 am",0,0.288683
"Jan 5, 04:00 am",0,0.288683
"Jan 5, 05:00 am",0,0.288683
"Jan 5, 06:00 am",0,0.288683
"Jan 5, 07:00 am",918.754,0.592161
"Jan 5, 08:00 am",3562.9,1.7321
"Jan 5, 09:00 am",3563.42,1.7321
"Jan 5, 10:00 am",3563.47,1.7321
"Jan 5, 11:00 am",3563.51,1.7321
"Jan 5, 12:00 pm",3563.53,1.7321
"Jan 5, 01:00 pm",3563.55,1.7321
"Jan 5, 02:00 pm",3563.53,1.7321
"Jan 5, 03:00 pm",3563.52,1.7321
"Jan 5, 04:00 pm",3564.84,1.7321
"Jan 5, 05:00 pm",3564.55,1.7321
"Jan 5, 06:00 pm",3288.47,1.59899
"Jan 5, 07:00 pm",23.9802,0.288683
"Jan 5, 08:00 pm",0,0.288683
"Jan 5, 09:00 pm",0,0.288683
"Jan 5, 10:00 pm",0,0.288683
"Jan 5, 11:00 pm",0,0.288683
"Jan 6, 12:00 am",0,0.288683
"Jan 6, 01:00 am",0,0.288683
"Jan 6, 02:00 am",0,0.288683
"Jan 6, 03:00 am",0,0.288683
"Jan 6, 04:00 am",0,0.288683
"Jan 6, 05:00 am",0,0.288683
"Jan 6, 06:00 am",0,0.288683
"Jan 6, 07:00 am",620.241,0.581523
"Jan 6, 08:00 am",3563.01,1.7321
"Jan 6, 09:00 am",3563.32,1.7321
"Jan 6, 10:00 am",3566.5,1.7321
"Jan 6, 11:00 am",3563.42,1.7321
"Jan 6, 12:00 pm",3563.24,1.7321
"Jan 6, 01:00 pm",3563.25,1.7321
"Jan 6, 02:00 pm",3563.24,1.7321
"Jan 6, 03:00 pm",3563.22,1.7321
"Jan 6, 04:00 pm",3564.26,1.7321
"Jan 6, 05:00 pm",3565.06,1.7321
"Jan 6, 06:00 pm",3208.78,1.56038
"Jan 6, 07:00 pm",23.7599,0.288683
"Jan 6, 08:00 pm",0,0.288683
"Jan 6, 09:00 pm",0,0.288683
"Jan 6, 10:00 pm",0,0.288683
"Jan 6, 11:00 pm",0,0.288683
"Jan 7, 12:00 am",0,0.288683
"Jan 7, 01:00 am",0,0.288683
"Jan 7, 02:00 am",0,0.288683
"Jan 7, 03:00 am",0,0.288683
"Jan 7, 04:00 am",0,0.288683
"Jan 7, 05:00 am",0,0.288683
"Jan 7, 06:00 am",0,0.288683
"Jan 7, 07:00 am",288.017,0.461717
"Jan 7, 08:00 am",3562.75,1.7321
"Jan 7, 09:00 am",3563.15,1.7321
"Jan 7, 10:00 am",3565.22,1.7321
"Jan 7, 11:00 am",3563.21,1.7321
"Jan 7, 12:00 pm",3563.23,1.7321
"Jan 7, 01:00 pm",3563.29,1.7321
"Jan 7, 02:00 pm",3563.27,1.7321
"Jan 7, 03:00 pm",3563.26,1.7321
"Jan 7, 04:00 pm",3564.25,1.7321
"Jan 7, 05:00 pm",3565.01,1.7321
"Jan 7, 06:00 pm",3192.33,1.55235
"Jan 7, 07:00 pm",23.6923,0.288683
"Jan 7, 08:00 pm",0,0.288683
"Jan 7, 09:00 pm",0,0.288683
"Jan 7, 10:00 pm",0,0.288683
"Jan 7, 11:00 pm",0,0.288683
"Jan 8, 12:00 am",0,0.288683
"Jan 8, 01:00 am",0,0.288683
"Jan 8, 02:00 am",0,0.288683
"Jan 8, 03:00 am",0,0.288683
"Jan 8, 04:00 am",0,0.288683
"Jan 8, 05:00 am",0,0.288683
"Jan 8, 06:00 am",0,0.288683
"Jan 8, 07:00 am",298.678,0.470453
"Jan 8, 08:00 am",3563.07,1.7321
"Jan 8, 09:00 am",3563.33,1.7321
"Jan 8, 10:00 am",3563.38,1.7321
"Jan 8, 11:00 am",3563.41,1.7321
"Jan 8, 12:00 pm",3563.43,1.7321
"Jan 8, 01:00 pm",3563.45,1.7321
"Jan 8, 02:00 pm",3563.46,1.7321
"Jan 8, 03:00 pm",3563.45,1.7321
"Jan 8, 04:00 pm",3564.98,1.7321
"Jan 8, 05:00 pm",3564.49,1.7321
"Jan 8, 06:00 pm",3278.4,1.59412
"Jan 8, 07:00 pm",24.4012,0.288683
"Jan 8, 08:00 pm",0,0.288683
"Jan 8, 09:00 pm",0,0.288683
"Jan 8, 10:00 pm",0,0.288683
"Jan 8, 11:00 pm",0,0.288683
"Jan 9, 12:00 am",0,0.288683
"Jan 9, 01:00 am",0,0.288683
"Jan 9, 02:00 am",0,0.288683
"Jan 9, 03:00 am",0,0.288683
"Jan 9, 04:00 am",0,0.288683
"Jan 9, 05:00 am",0,0.288683
"Jan 9, 06:00 am",0,0.288683
"Jan 9, 07:00 am",614.267,0.578031
"Jan 9, 08:00 am",3563.22,1.7321
"Jan 9, 09:00 am",3563.42,1.7321
"Jan 9, 10:00 am",3563.47,1.7321
"Jan 9, 11:00 am",3563.5,1.7321
"Jan 9, 12:00 pm",3563.51,1.7321
"Jan 9, 01:00 pm",3563.52,1.7321
"Jan 9, 02:00 pm",3563.52,1.7321
"Jan 9, 03:00 pm",3563.5,1.7321
"Jan 9, 04:00 pm",3564.92,1.7321
"Jan 9, 05:00 pm",3564.44,1.7321
"Jan 9, 06:00 pm",3310.42,1.6096
"Jan 9, 07:00 pm",24.1236,0.288683
"Jan 9, 08:00 pm",0,0.288683
"Jan 9, 09:00 pm",0,0.288683
"Jan 9, 10:00 pm",0,0.288683
"Jan 9, 11:00 pm",0,0.288683
"Jan 10, 12:00 am",0,0.288683
"Jan 10, 01:00 am",0,0.288683
"Jan 10, 02:00 am",0,0.288683
"Jan 10, 03:00 am",0,0.288683
"Jan 10, 04:00 am",0,0.288683
"Jan 10, 05:00 am",0,0.288683
"Jan 10, 06:00 am",0,0.288683
"Jan 10, 07:00 am",289.656,0.465758
"Jan 10, 08:00 am",3562.85,1.7321
"Jan 10, 09:00 am",3563.32,1.7321
"Jan 10, 10:00 am",3563.38,1.7321
"Jan 10, 11:00 am",3563.42,1.7321
"Jan 10, 12:00 pm",3563.44,1.7321
"Jan 10, 01:00 pm",3563.47,1.7321
"Jan 10, 02:00 pm",3563.45,1.7321
"Jan 10, 03:00 pm",3563.44,1.7321
"Jan 10, 04:00 pm",3565.01,1.7321
"Jan 10, 05:00 pm",3564.4,1.7321
"Jan 10, 06:00 pm",3319.25,1.61386
"Jan 10, 07:00 pm",24.193,0.288683
"Jan 10, 08:00 pm",0,0.288683
"Jan 10, 09:00 pm",0,0.288683
"Jan 10, 10:00 pm",0,0.288683
"Jan 10, 11:00 pm",0,0.288683
"Jan 11, 12:00 am",0,0.288683
"Jan 11, 01:00 am",0,0.288683
"Jan 11, 02:00 am",0,0.288683
"Jan 11, 03:00 am",0,0.288683
"Jan 11, 04:00 am",0,0.288683
"Jan 11, 05:00 am",0,0.288683
"Jan 11, 06:00 am",0,0.288683
"Jan 11, 07:00 am",281.551,0.460801
"Jan 11, 08:00 am",3562.74,1.7321
"Jan 11, 09:00 am",3563.35,1.7321
"Jan 11, 10:00 am",3563.41,1.7321
"Jan 11, 11:00 am",3563.44,1.7321
"Jan 11, 12:00 pm",3563.48,1.7321
"Jan 11, 01:00 pm",3563.5,1.7321
"Jan 11, 02:00 pm",3563.5,1.7321
"Jan 11, 03:00 pm",3563.49,1.7321
"Jan 11, 04:00 pm",3565.34,1.7321
"Jan 11, 05:00 pm",3563.86,1.7321
"Jan 11, 06:00 pm",3349.63,1.62853
"Jan 11, 07:00 pm",24.4272,0.288683
"Jan 11, 08:00 pm",0,0.288683
"Jan 11, 09:00 pm",0,0.288683
"Jan 11, 10:00 pm",0,0.288683
"Jan 11, 11:00 pm",0,0.288683
"Jan 12, 12:00 am",0,0.288683
"Jan 12, 01:00 am",0,0.288683
"Jan 12, 02:00 am",0,0.288683
"Jan 12, 03:00 am",0,0.288683
"Jan 12, 04:00 am",0,0.288683
"Jan 12, 05:00 am",0,0.288683
"Jan 12, 06:00 am",0,0.288683
"Jan 12, 07:00 am",0,0.442005
"Jan 12, 08:00 am",3564.83,1.7321
"Jan 12, 09:00 am",3563.31,1.7321
"Jan 12, 10:00 am",3566.35,1.7321
"Jan 12, 11:00 am",3563.47,1.7321
"Jan 12, 12:00 pm",3563.34,1.7321
"Jan 12, 01:00 pm",3563.36,1.7321
"Jan 12, 02:00 pm",3563.35,1.7321
"Jan 12, 03:00 pm",3563.33,1.7321
"Jan 12, 04:00 pm",3564.95,1.7321
"Jan 12, 05:00 pm",3564.46,1.7321
"Jan 12, 06:00 pm",3336.4,1.62213
"Jan 12, 07:00 pm",24.3749,0.288683
"Jan 12, 08:00 pm",0,0.288683
"Jan 12, 09:00 pm",0,0.288683
"Jan 12, 10:00 pm",0,0.288683
"Jan 12, 11:00 pm",0,0.288683
"Jan 13, 12:00 am",0,0.288683
"Jan 13, 01:00 am",0,0.288683
"Jan 13, 02:00 am",0,0.288683
"Jan 13, 03:00 am",0,0.288683
"Jan 13, 04:00 am",0,0.288683
"Jan 13, 05:00 am",0,0.288683
"Jan 13, 06:00 am",0,0.288683
"Jan 13, 07:00 am",0,0.437307
"Jan 13, 08:00 am",3562.43,1.7321
"Jan 13, 09:00 am",3563.21,1.7321
"Jan 13, 10:00 am",3565.88,1.7321
"Jan 13, 11:00 am",3563.34,1.7321
"Jan 13, 12:00 pm",3563.3,1.7321
"Jan 13, 01:00 pm",3563.29,1.7321
"Jan 13, 02:00 pm",3563.27,1.7321
"Jan 13, 03:00 pm",3563.26,1.7321
"Jan 13, 04:00 pm",3564.59,1.7321
"Jan 13, 05:00 pm",3564.58,1.7321
"Jan 13, 06:00 pm",3276.01,1.59299
"Jan 13, 07:00 pm",23.6425,0.288683
"Jan 13, 08:00 pm",0,0.288683
"Jan 13, 09:00 pm",0,0.288683
"Jan 13, 10:00 pm",0,0.288683
"Jan 13, 11:00 pm",0,0.288683
"Jan 14, 12:00 am",0,0.288683
"Jan 14, 01:00 am",0,0.288683
"Jan 14, 02:00 am",0,0.288683
"Jan 14, 03:00 am",0,0.288683
"Jan 14, 04:00 am",0,0.288683
"Jan 14, 05:00 am",0,0.288683
"Jan 14, 06:00 am",0,0.288683
"Jan 14, 07:00 am",0,0.434313
"Jan 14, 08:00 am",3562.37,1.7321
"Jan 14, 09:00 am",3563.17,1.7321
"Jan 14, 10:00 am",3565.9,1.7321
"Jan 14, 11:00 am",3563.34,1.7321
"Jan 14, 12:00 pm",3563.28,1.7321
"Jan 14, 01:00 pm",3563.27,1.7321
"Jan 14, 02:00 pm",3563.26,1.7321
"Jan 14, 03:00 pm",3563.24,1.7321
"Jan 14, 04:00 pm",3564.47,1.7321
"Jan 14, 05:00 pm",3564.68,1.7321
"Jan 14, 06:00 pm",3244.51,1.57782
"Jan 14, 07:00 pm",23.2672,0.288683
"Jan 14, 08:00 pm",0,0.288683
"Jan 14, 09:00 pm",0,0.288683
"Jan 14, 10:00 pm",0,0.288683
"Jan 14, 11:00 pm",0,0.288683
"Jan 15, 12:00 am",0,0.288683
"Jan 15, 01:00 am",0,0.288683
"Jan 15, 02:00 am",0,0.288683
"Jan 15, 03:00 am",0,0.288683
"Jan 15, 04:00 am",0,0.288683
"Jan 15, 05:00 am",0,0.288683
"Jan 15, 06:00 am",0,0.288683
"Jan 15, 07:00 am",0,0.428463
"Jan 15, 08:00 am",3562.36,1.7321
"Jan 15, 09:00 am",3563.13,1.7321
"Jan 15, 10:00 am",3565.4,1.7321
"Jan 15, 11:00 am",3563.22,1.7321
"Jan 15, 12:00 pm",3563.24,1.7321
"Jan 15, 01:00 pm",3563.24,1.7321
"Jan 15, 02:00 pm",3563.23,1.7321
"Jan 15, 03:00 pm",3563.22,1.7321
"Jan 15, 04:00 pm",3564.39,1.7321
"Jan 15, 05:00 pm",3564.84,1.7321
"Jan 15, 06:00 pm",3235.9,1.57361
"Jan 15, 07:00 pm",22.9822,0.288683
"Jan 15, 08:00 pm",0,0.288683
"Jan 15, 09:00 pm",0,0.288683
"Jan 15, 10:00 pm",0,0.288683
"Jan 15, 11:00 pm",0,0.288683
"Jan 16, 12:00 am",0,0.288683
"Jan 16, 01:00 am",0,0.288683
"Jan 16, 02:00 am",0,0.288683
"Jan 16, 03:00 am",0,0.288683
"Jan 16, 04:00 am",0,0.288683
"Jan 16, 05:00 am",0,0.288683
"Jan 16, 06:00 am",0,0.288683
"Jan 16, 07:00 am",0,0.420983
"Jan 16, 08:00 am",21.8199,0.288683
"Jan 16, 09:00 am",0,0.288683
"Jan 16, 10:00 am",0,0.288683
"Jan 16, 11:00 am",28.0048,0.288683
"Jan 16, 12:00 pm",3562.25,1.7321
"Jan 16, 01:00 pm",3563.28,1.7321
"Jan 16, 02:00 pm",3563.27,1.7321
"Jan 16, 03:00 pm",3563.25,1.7321
"Jan 16, 04:00 pm",3564.15,1.7321
"Jan 16, 05:00 pm",3565.13,1.7321
"Jan 16, 06:00 pm",3187.54,1.55001
"Jan 16, 07:00 pm",22.5415,0.288683
"Jan 16, 08:00 pm",0,0.288683
"Jan 16, 09:00 pm",0,0.288683
"Jan 16, 10:00 pm",0,0.288683
"Jan 16, 11:00 pm",0,0.288683
"Jan 17, 12:00 am",0,0.288683
"Jan 17, 01:00 am",0,0.288683
"Jan 17, 02:00 am",0,0.288683
"Jan 17, 03:00 am",0,0.288683
"Jan 17, 04:00 am",0,0.288683
"Jan 17, 05:00 am",0,0.288683
"Jan 17, 06:00 am",0,0.288683
"Jan 17, 07:00 am",0,0.419905
"Jan 17, 08:00 am",3562.32,1.7321
"Jan 17, 09:00 am",3559.57,1.7321
"Jan 17, 10:00 am",3565.15,1.7321
"Jan 17, 11:00 am",3563.22,1.7321
"Jan 17, 12:00 pm",3563.24,1.7321
"Jan 17, 01:00 pm",3563.26,1.7321
"Jan 17, 02:00 pm",3563.27,1.7321
"Jan 17, 03:00 pm",3563.26,1.7321
"Jan 17, 04:00 pm",3564.26,1.7321
"Jan 17, 05:00 pm",3565.08,1.7321
"Jan 17, 06:00 pm",3189.11,1.55076
"Jan 17, 07:00 pm",22.2661,0.288683
"Jan 17, 08:00 pm",0,0.288683
"Jan 17, 09:00 pm",0,0.288683
"Jan 17, 10:00 pm",0,0.288683
"Jan 17, 11:00 pm",0,0.288683
"Jan 18, 12:00 am",0,0.288683
"Jan 18, 01:00 am",0,0.288683
"Jan 18, 02:00 am",0,0.288683
"Jan 18, 03:00 am",0,0.288683
"Jan 18, 04:00 am",0,0.288683
"Jan 18, 05:00 am",0,0.288683
"Jan 18, 06:00 am",0,0.288683
"Jan 18, 07:00 am",0,0.419545
"Jan 18, 08:00 am",3008.81,1.69905
"Jan 18, 09:00 am",3559.18,1.7321
"Jan 18, 10:00 am",3565.23,1.7321
"Jan 18, 11:00 am",3563.22,1.7321
"Jan 18, 12:00 pm",3563.24,1.7321
"Jan 18, 01:00 pm",3563.26,1.7321
"Jan 18, 02:00 pm",321.906,0.288683
"Jan 18, 03:00 pm",238.343,0.288683
"Jan 18, 04:00 pm",3562.99,1.7321
"Jan 18, 05:00 pm",3565.11,1.7321
"Jan 18, 06:00 pm",3182.91,1.54775
"Jan 18, 07:00 pm",21.6739,0.288683
"Jan 18, 08:00 pm",0,0.288683
"Jan 18, 09:00 pm",0,0.288683
"Jan 18, 10:00 pm",0,0.288683
"Jan 18, 11:00 pm",0,0.288683
"Jan 19, 12:00 am",0,0.288683
"Jan 19, 01:00 am",0,0.288683
"Jan 19, 02:00 am",0,0.288683
"Jan 19, 03:00 am",0,0.288683
"Jan 19, 04:00 am",0,0.288683
"Jan 19, 05:00 am",0,0.288683
"Jan 19, 06:00 am",0,0.288683
"Jan 19, 07:00 am",0,0.288683
"Jan 19, 08:00 am",0,0.288683
"Jan 19, 09:00 am",0,0.288683
"Jan 19, 10:00 am",0,0.288683
"Jan 19, 11:00 am",0,0.288683
"Jan 19, 12:00 pm",0,0.288683
"Jan 19, 01:00 pm",0,0.288683
"Jan 19, 02:00 pm",2993.22,1.7321
"Jan 19, 03:00 pm",29.2867,0.288683
"Jan 19, 04:00 pm",3051.27,1.7321
"Jan 19, 05:00 pm",25.0158,0.288683
"Jan 19, 06:00 pm",2654.81,1.50792
"Jan 19, 07:00 pm",20.839,0.288683
"Jan 19, 08:00 pm",0,0.288683
"Jan 19, 09:00 pm",0,0.288683
"Jan 19, 10:00 pm",0,0.288683
"Jan 19, 11:00 pm",0,0.288683
"Jan 20, 12:00 am",0,0.288683
"Jan 20, 01:00 am",0,0.288683
"Jan 20, 02:00 am",0,0.288683
"Jan 20, 03:00 am",0,0.288683
"Jan 20, 04:00 am",0,0.288683
"Jan 20, 05:00 am",0,0.288683
"Jan 20, 06:00 am",0,0.288683
"Jan 20, 07:00 am",0,0.412789
"Jan 20, 08:00 am",2965.88,1.69577
"Jan 20, 09:00 am",3559.24,1.7321
"Jan 20, 10:00 am",3565.44,1.7321
"Jan 20, 11:00 am",3563.24,1.7321
"Jan 20, 12:00 pm",3563.28,1.7321
"Jan 20, 01:00 pm",3563.27,1.7321
"Jan 20, 02:00 pm",3563.25,1.7321
"Jan 20, 03:00 pm",3563.22,1.7321
"Jan 20, 04:00 pm",3564.48,1.7321
"Jan 20, 05:00 pm",3564.8,1.7321
"Jan 20, 06:00 pm",3216.71,1.56425
"Jan 20, 07:00 pm",20.396,0.288683
"Jan 20, 08:00 pm",0,0.288683
"Jan 20, 09:00 pm",0,0.288683
"Jan 20, 10:00 pm",0,0.288683
"Jan 20, 11:00 pm",0,0.288683
"Jan 21, 12:00 am",0,0.288683
"Jan 21, 01:00 am",0,0.288683
"Jan 21, 02:00 am",0,0.288683
"Jan 21, 03:00 am",0,0.288683
"Jan 21, 04:00 am",0,0.288683
"Jan 21, 05:00 am",0,0.288683
"Jan 21, 06:00 am",0,0.288683
"Jan 21, 07:00 am",0,0.410696
"Jan 21, 08:00 am",2965.99,1.6962
"Jan 21, 09:00 am",3563.09,1.7321
"Jan 21, 10:00 am",3566.16,1.7321
"Jan 21, 11:00 am",3563.36,1.7321
"Jan 21, 12:00 pm",3563.24,1.7321
"Jan 21, 01:00 pm",309.421,0.288683
"Jan 21, 02:00 pm",30.4471,0.288683
"Jan 21, 03:00 pm",28.0794,0.288683
"Jan 21, 04:00 pm",0,0.288683
"Jan 21, 05:00 pm",0,0.288683
"Jan 21, 06:00 pm",0,0.288683
"Jan 21, 07:00 pm",0,0.288683
"Jan 21, 08:00 pm",0,0.288683
"Jan 21, 09:00 pm",0,0.288683
"Jan 21, 10:00 pm",0,0.288683
"Jan 21, 11:00 pm",0,0.288683
"Jan 22, 12:00 am",0,0.288683
"Jan 22, 01:00 am",0,0.288683
"Jan 22, 02:00 am",0,0.288683
"Jan 22, 03:00 am",0,0.288683
"Jan 22, 04:00 am",0,0.288683
"Jan 22, 05:00 am",0,0.288683
"Jan 22, 06:00 am",0,0.288683
"Jan 22, 07:00 am",0,0.288683
"Jan 22, 08:00 am",0,0.288683
"Jan 22, 09:00 am",0,0.288683
"Jan 22, 10:00 am",0,0.288683
"Jan 22, 11:00 am",0,0.288683
"Jan 22, 12:00 pm",0,0.288683
"Jan 22, 01:00 pm",0,0.288683
"Jan 22, 02:00 pm",0,0.288683
"Jan 22, 03:00 pm",0,0.288683
"Jan 22, 04:00 pm",2972.53,1.7321
"Jan 22, 05:00 pm",3565.23,1.7321
"Jan 22, 06:00 pm",3208.71,1.56037
"Jan 22, 07:00 pm",18.8612,0.288683
"Jan 22, 08:00 pm",0,0.288683
"Jan 22, 09:00 pm",0,0.288683
"Jan 22, 10:00 pm",0,0.288683
"Jan 22, 11:00 pm",0,0.288683
"Jan 23, 12:00 am",0,0.288683
"Jan 23, 01:00 am",0,0.288683
"Jan 23, 02:00 am",0,0.288683
"Jan 23, 03:00 am",0,0.288683
"Jan 23, 04:00 am",0,0.288683
"Jan 23, 05:00 am",0,0.288683
"Jan 23, 06:00 am",0,0.288683
"Jan 23, 07:00 am",0,0.345996
"Jan 23, 08:00 am",2966.29,1.69205
"Jan 23, 09:00 am",3559.89,1.7321
"Jan 23, 10:00 am",3565.5,1.7321
"Jan 23, 11:00 am",3563.25,1.7321
"Jan 23, 12:00 pm",3563.27,1.7321
"Jan 23, 01:00 pm",3563.28,1.7321
"Jan 23, 02:00 pm",3563.29,1.7321
"Jan 23, 03:00 pm",3563.28,1.7321
"Jan 23, 04:00 pm",3564.64,1.7321
"Jan 23, 05:00 pm",3564.63,1.7321
"Jan 23, 06:00 pm",3194.39,1.55334
"Jan 23, 07:00 pm",19.5224,0.288683
"Jan 23, 08:00 pm",0,0.288683
"Jan 23, 09:00 pm",0,0.288683
"Jan 23, 10:00 pm",0,0.288683
"Jan 23, 11:00 pm",0,0.288683
"Jan 24, 12:00 am",0,0.288683
"Jan 24, 01:00 am",0,0.288683
"Jan 24, 02:00 am",0,0.288683
"Jan 24, 03:00 am",0,0.288683
"Jan 24, 04:00 am",0,0.288683
"Jan 24, 05:00 am",0,0.288683
"Jan 24, 06:00 am",0,0.288683
"Jan 24, 07:00 am",0,0.288683
"Jan 24, 08:00 am",2967.37,1.68663
"Jan 24, 09:00 am",3562.32,1.7321
"Jan 24, 10:00 am",3565.02,1.7321
"Jan 24, 11:00 am",3563.24,1.7321
"Jan 24, 12:00 pm",3563.27,1.7321
"Jan 24, 01:00 pm",3563.26,1.7321
"Jan 24, 02:00 pm",3563.25,1.7321
"Jan 24, 03:00 pm",3563.23,1.7321
"Jan 24, 04:00 pm",3564.37,1.7321
"Jan 24, 05:00 pm",3564.99,1.7321
"Jan 24, 06:00 pm",3143.53,1.52853
"Jan 24, 07:00 pm",19.1743,0.288683
"Jan 24, 08:00 pm",0,0.288683
"Jan 24, 09:00 pm",0,0.288683
"Jan 24, 10:00 pm",0,0.288683
"Jan 24, 11:00 pm",0,0.288683
"Jan 25, 12:00 am",0,0.288683
"Jan 25, 01:00 am",0,0.288683
"Jan 25, 02:00 am",0,0.288683
"Jan 25, 03:00 am",0,0.288683
"Jan 25, 04:00 am",0,0.288683
"Jan 25, 05:00 am",0,0.288683
"Jan 25, 06:00 am",0,0.288683
"Jan 25, 07:00 am",0,0.288683
"Jan 25, 08:00 am",2906.31,1.65301
"Jan 25, 09:00 am",3561.47,1.7321
"Jan 25, 10:00 am",3564.82,1.7321
"Jan 25, 11:00 am",3563.19,1.7321
"Jan 25, 12:00 pm",3563.2,1.7321
"Jan 25, 01:00 pm",3563.21,1.7321
"Jan 25, 02:00 pm",3563.22,1.7321
"Jan 25, 03:00 pm",3563.2,1.7321
"Jan 25, 04:00 pm",3564.27,1.7321
"Jan 25, 05:00 pm",3565.07,1.7321
"Jan 25, 06:00 pm",3095.72,1.5052
"Jan 25, 07:00 pm",18.9545,0.288683
"Jan 25, 08:00 pm",0,0.288683
"Jan 25, 09:00 pm",0,0.288683
"Jan 25, 10:00 pm",0,0.288683
"Jan 25, 11:00 pm",0,0.288683
"Jan 26, 12:00 am",0,0.288683
"Jan 26, 01:00 am",0,0.288683
"Jan 26, 02:00 am",0,0.288683
"Jan 26, 03:00 am",0,0.288683
"Jan 26, 04:00 am",0,0.288683
"Jan 26, 05:00 am",0,0.288683
"Jan 26, 06:00 am",0,0.288683
"Jan 26, 07:00 am",0,0.288683
"Jan 26, 08:00 am",2409.04,1.63562
"Jan 26, 09:00 am",3562.63,1.7321
"Jan 26, 10:00 am",3565.06,1.7321
"Jan 26, 11:00 am",3563.19,1.7321
"Jan 26, 12:00 pm",3563.22,1.7321
"Jan 26, 01:00 pm",3563.23,1.7321
"Jan 26, 02:00 pm",3563.24,1.7321
"Jan 26, 03:00 pm",3563.23,1.7321
"Jan 26, 04:00 pm",3564.43,1.7321
"Jan 26, 05:00 pm",3564.99,1.7321
"Jan 26, 06:00 pm",3068.2,1.49175
"Jan 26, 07:00 pm",19.1395,0.288683
"Jan 26, 08:00 pm",0,0.288683
"Jan 26, 09:00 pm",0,0.288683
"Jan 26, 10:00 pm",0,0.288683
"Jan 26, 11:00 pm",0,0.288683
"Jan 27, 12:00 am",0,0.288683
"Jan 27, 01:00 am",0,0.288683
"Jan 27, 02:00 am",0,0.288683
"Jan 27, 03:00 am",0,0.288683
"Jan 27, 04:00 am",0,0.288683
"Jan 27, 05:00 am",0,0.288683
"Jan 27, 06:00 am",0,0.288683
"Jan 27, 07:00 am",0,0.288683
"Jan 27, 08:00 am",2366.2,1.61632
"Jan 27, 09:00 am",3561.07,1.7321
"Jan 27, 10:00 am",3564.91,1.7321
"Jan 27, 11:00 am",3563.21,1.7321
"Jan 27, 12:00 pm",3563.23,1.7321
"Jan 27, 01:00 pm",3563.25,1.7321
"Jan 27, 02:00 pm",3563.26,1.7321
"Jan 27, 03:00 pm",3563.25,1.7321
"Jan 27, 04:00 pm",3564.35,1.7321
"Jan 27, 05:00 pm",3565.1,1.7321
"Jan 27, 06:00 pm",3027.29,1.47176
"Jan 27, 07:00 pm",19.1906,0.288683
"Jan 27, 08:00 pm",0,0.288683
"Jan 27, 09:00 pm",0,0.288683
"Jan 27, 10:00 pm",0,0.288683
"Jan 27, 11:00 pm",0,0.288683
"Jan 28, 12:00 am",0,0.288683
"Jan 28, 01:00 am",0,0.288683
"Jan 28, 02:00 am",0,0.288683
"Jan 28, 03:00 am",0,0.288683
"Jan 28, 04:00 am",0,0.288683
"Jan 28, 05:00 am",0,0.288683
"Jan 28, 06:00 am",0,0.288683
"Jan 28, 07:00 am",0,0.288683
"Jan 28, 08:00 am",2369.38,1.62774
"Jan 28, 09:00 am",3562.39,1.7321
"Jan 28, 10:00 am",3565.17,1.7321
"Jan 28, 11:00 am",3563.2,1.7321
"Jan 28, 12:00 pm",3563.22,1.7321
"Jan 28, 01:00 pm",355.3,0.288683
"Jan 28, 02:00 pm",264.12,0.288683
"Jan 28, 03:00 pm",58.6074,0.288683
"Jan 28, 04:00 pm",3562.88,1.7321
"Jan 28, 05:00 pm",25.1314,0.288683
"Jan 28, 06:00 pm",2459.01,1.40777
"Jan 28, 07:00 pm",18.9051,0.288683
"Jan 28, 08:00 pm",0,0.288683
"Jan 28, 09:00 pm",0,0.288683
"Jan 28, 10:00 pm",0,0.288683
"Jan 28, 11:00 pm",0,0.288683
"Jan 29, 12:00 am",0,0.288683
"Jan 29, 01:00 am",0,0.288683
"Jan 29, 02:00 am",0,0.288683
"Jan 29, 03:00 am",0,0.288683
"Jan 29, 04:00 am",0,0.288683
"Jan 29, 05:00 am",0,0.288683
"Jan 29, 06:00 am",0,0.288683
"Jan 29, 07:00 am",0,0.288683
"Jan 29, 08:00 am",2390.51,1.25094
"Jan 29, 09:00 am",3562.37,1.7321
"Jan 29, 10:00 am",3565.26,1.7321
"Jan 29, 11:00 am",3563.19,1.7321
"Jan 29, 12:00 pm",3563.22,1.7321
"Jan 29, 01:00 pm",3563.26,1.7321
"Jan 29, 02:00 pm",3563.28,1.7321
"Jan 29, 03:00 pm",3563.26,1.7321
"Jan 29, 04:00 pm",3564.6,1.7321
"Jan 29, 05:00 pm",3564.61,1.7321
"Jan 29, 06:00 pm",2978.48,1.44789
"Jan 29, 07:00 pm",19.0797,0.288683
"Jan 29, 08:00 pm",0,0.288683
"Jan 29, 09:00 pm",0,0.288683
"Jan 29, 10:00 pm",0,0.288683
"Jan 29, 11:00 pm",0,0.288683
"Jan 30, 12:00 am",0,0.288683
"Jan 30, 01:00 am",0,0.288683
"Jan 30, 02:00 am",0,0.288683
"Jan 30, 03:00 am",0,0.288683
"Jan 30, 04:00 am",0,0.288683
"Jan 30, 05:00 am",0,0.288683
"Jan 30, 06:00 am",0,0.288683
"Jan 30, 07:00 am",0,0.288683
"Jan 30, 08:00 am",2347.91,1.6182
"Jan 30, 09:00 am",3562.14,1.7321
"Jan 30, 10:00 am",3565.39,1.7321
"Jan 30, 11:00 am",3563.25,1.7321
"Jan 30, 12:00 pm",3563.28,1.7321
"Jan 30, 01:00 pm",3563.32,1.7321
"Jan 30, 02:00 pm",3563.31,1.7321
"Jan 30, 03:00 pm",3563.3,1.7321
"Jan 30, 04:00 pm",3564.54,1.7321
"Jan 30, 05:00 pm",3565.04,1.7321
"Jan 30, 06:00 pm",2931.96,1.42509
"Jan 30, 07:00 pm",19.2666,0.288683
"Jan 30, 08:00 pm",0,0.288683
"Jan 30, 09:00 pm",0,0.288683
"Jan 30, 10:00 pm",0,0.288683
"Jan 30, 11:00 pm",0,0.288683
"Jan 31, 12:00 am",0,0.288683
"Jan 31, 01:00 am",0,0.288683
"Jan 31, 02:00 am",0,0.288683
"Jan 31, 03:00 am",0,0.288683
"Jan 31, 04:00 am",0,0.288683
"Jan 31, 05:00 am",0,0.288683
"Jan 31, 06:00 am",0,0.288683
"Jan 31, 07:00 am",0,0.288683
"Jan 31, 08:00 am",2302.88,1.58926
"Jan 31, 09:00 am",3559.18,1.7321
"Jan 31, 10:00 am",3565.02,1.7321
"Jan 31, 11:00 am",3563.24,1.7321
"Jan 31, 12:00 pm",3563.26,1.7321
"Jan 31, 01:00 pm",3563.3,1.7321
"Jan 31, 02:00 pm",3563.29,1.7321
"Jan 31, 03:00 pm",3563.28,1.7321
"Jan 31, 04:00 pm",3564.39,1.7321
"Jan 31, 05:00 pm",3565.17,1.7321
"Jan 31, 06:00 pm",2867.44,1.39345
"Jan 31, 07:00 pm",19.287,0.288683
"Jan 31, 08:00 pm",0,0.288683
"Jan 31, 09:00 pm",0,0.288683
"Jan 31, 10:00 pm",0,0.288683
"Jan 31, 11:00 pm",0,0.288683
"Feb 1, 12:00 am",0,0.288683
"Feb 1, 01:00 am",0,0.288683
"Feb 1, 02:00 am",0,0.288683
"Feb 1, 03:00 am",0,0.288683
"Feb 1, 04:00 am",0,0.288683
"Feb 1, 05:00 am",0,0.288683
"Feb 1, 06:00 am",0,0.288683
"Feb 1, 07:00 am",0,0.288683
"Feb 1, 08:00 am",0,0.288683
"Feb 1, 09:00 am",2442.63,1.25094
"Feb 1, 10:00 am",3565.14,1.7321
"Feb 1, 11:00 am",3563.25,1.7321
"Feb 1, 12:00 pm",3563.27,1.7321
"Feb 1, 01:00 pm",3563.28,1.7321
"Feb 1, 02:00 pm",3563.29,1.7321
"Feb 1, 03:00 pm",29.6619,0.288683
"Feb 1, 04:00 pm",3052.44,1.7321
"Feb 1, 05:00 pm",3565.02,1.7321
"Feb 1, 06:00 pm",2851.36,1.38555
"Feb 1, 07:00 pm",19.3701,0.288683
"Feb 1, 08:00 pm",0,0.288683
"Feb 1, 09:00 pm",0,0.288683
"Feb 1, 10:00 pm",0,0.288683
"Feb 1, 11:00 pm",0,0.288683
"Feb 2, 12:00 am",0,0.288683
"Feb 2, 01:00 am",0,0.288683
"Feb 2, 02:00 am",0,0.288683
"Feb 2, 03:00 am",0,0.288683
"Feb 2, 04:00 am",0,0.288683
"Feb 2, 05:00 am",0,0.288683
"Feb 2, 06:00 am",0,0.288683
"Feb 2, 07:00 am",0,0.288683
"Feb 2, 08:00 am",2408.5,1.25094
"Feb 2, 09:00 am",3565.36,1.7321
"Feb 2, 10:00 am",3565.41,1.7321
"Feb 2, 11:00 am",3563.29,1.7321
"Feb 2, 12:00 pm",3563.32,1.7321
"Feb 2, 01:00 pm",3563.33,1.7321
"Feb 2, 02:00 pm",3563.32,1.7321
"Feb 2, 03:00 pm",3563.3,1.7321
"Feb 2, 04:00 pm",3564.85,1.7321
"Feb 2, 05:00 pm",3564.83,1.7321
"Feb 2, 06:00 pm",2825.91,1.37308
"Feb 2, 07:00 pm",19.3361,0.288683
"Feb 2, 08:00 pm",0,0.288683
"Feb 2, 09:00 pm",0,0.288683
"Feb 2, 10:00 pm",0,0.288683
"Feb 2, 11:00 pm",0,0.288683
"Feb 3, 12:00 am",0,0.288683
"Feb 3, 01:00 am",0,0.288683
"Feb 3, 02:00 am",0,0.288683
"Feb 3, 03:00 am",0,0.288683
"Feb 3, 04:00 am",0,0.288683
"Feb 3, 05:00 am",0,0.288683
"Feb 3, 06:00 am",0,0.288683
"Feb 3, 07:00 am",0,0.288683
"Feb 3, 08:00 am",3454.43,1.67405
"Feb 3, 09:00 am",3562.45,1.7321
"Feb 3, 10:00 am",3565.37,1.7321
"Feb 3, 11:00 am",3563.27,1.7321
"Feb 3, 12:00 pm",3563.29,1.7321
"Feb 3, 01:00 pm",3563.3,1.7321
"Feb 3, 02:00 pm",3563.29,1.7321
"Feb 3, 03:00 pm",3563.28,1.7321
"Feb 3, 04:00 pm",3564.72,1.7321
"Feb 3, 05:00 pm",3564.72,1.7321
"Feb 3, 06:00 pm",2779.53,1.35035
"Feb 3, 07:00 pm",19.2911,0.288683
"Feb 3, 08:00 pm",0,0.288683
"Feb 3, 09:00 pm",0,0.288683
"Feb 3, 10:00 pm",0,0.288683
"Feb 3, 11:00 pm",0,0.288683
"Feb 4, 12:00 am",0,0.288683
"Feb 4, 01:00 am",0,0.288683
"Feb 4, 02:00 am",0,0.288683
"Feb 4, 03:00 am",0,0.288683
"Feb 4, 04:00 am",0,0.288683
"Feb 4, 05:00 am",0,0.288683
"Feb 4, 06:00 am",0,0.288683
"Feb 4, 07:00 am",0,0.288683
"Feb 4, 08:00 am",3446.34,1.66927
"Feb 4, 09:00 am",3562.7,1.7321
"Feb 4, 10:00 am",3565.43,1.7321
"Feb 4, 11:00 am",3563.23,1.7321
"Feb 4, 12:00 pm",3563.26,1.7321
"Feb 4, 01:00 pm",3563.3,1.7321
"Feb 4, 02:00 pm",3563.31,1.7321
"Feb 4, 03:00 pm",3563.3,1.7321
"Feb 4, 04:00 pm",3564.63,1.7321
"Feb 4, 05:00 pm",3565.08,1.7321
"Feb 4, 06:00 pm",2704.28,1.31338
"Feb 4, 07:00 pm",19.5212,0.288683
"Feb 4, 08:00 pm",0,0.288683
"Feb 4, 09:00 pm",0,0.288683
"Feb 4, 10:00 pm",0,0.288683
"Feb 4, 11:00 pm",0,0.288683
"Feb 5, 12:00 am",0,0.288683
"Feb 5, 01:00 am",0,0.288683
"Feb 5, 02:00 am",0,0.288683
"Feb 5, 03:00 am",0,0.288683
"Feb 5, 04:00 am",0,0.288683
"Feb 5, 05:00 am",0,0.288683
"Feb 5, 06:00 am",0,0.288683
"Feb 5, 07:00 am",0,0.288683
"Feb 5, 08:00 am",3418.76,1.6567
"Feb 5, 09:00 am",3564.23,1.7321
"Feb 5, 10:00 am",3565.24,1.7321
"Feb 5, 11:00 am",3563.25,1.7321
"Feb 5, 12:00 pm",3563.27,1.7321
"Feb 5, 01:00 pm",3563.29,1.7321
"Feb 5, 02:00 pm",3563.3,1.7321
"Feb 5, 03:00 pm",3563.29,1.7321
"Feb 5, 04:00 pm",3564.53,1.7321
"Feb 5, 05:00 pm",3565.15,1.7321
"Feb 5, 06:00 pm",2640.87,1.28402
"Feb 5, 07:00 pm",19.186,0.288683
"Feb 5, 08:00 pm",0,0.288683
"Feb 5, 09:00 pm",0,0.288683
"Feb 5, 10:00 pm",0,0.288683
"Feb 5, 11:00 pm",0,0.288683
"Feb 6, 12:00 am",0,0.288683
"Feb 6, 01:00 am",0,0.288683
"Feb 6, 02:00 am",0,0.288683
"Feb 6, 03:00 am",0,0.288683
"Feb 6, 04:00 am",0,0.288683
"Feb 6, 05:00 am",0,0.288683
"Feb 6, 06:00 am",0,0.288683
"Feb 6, 07:00 am",0,0.288683
"Feb 6, 08:00 am",3296.6,1.60343
"Feb 6, 09:00 am",3563.97,1.7321
"Feb 6, 10:00 am",3565.06,1.7321
"Feb 6, 11:00 am",3563.26,1.7321
"Feb 6, 12:00 pm",3563.28,1.7321
"Feb 6, 01:00 pm",3563.34,1.7321
"Feb 6, 02:00 pm",3563.32,1.7321
"Feb 6, 03:00 pm",3563.31,1.7321
"Feb 6, 04:00 pm",3564.64,1.7321
"Feb 6, 05:00 pm",3565.06,1.7321
"Feb 6, 06:00 pm",2605.25,1.26672
"Feb 6, 07:00 pm",18.9891,0.288683
"Feb 6, 08:00 pm",0,0.288683
"Feb 6, 09:00 pm",0,0.288683
"Feb 6, 10:00 pm",0,0.288683
"Feb 6, 11:00 pm",0,0.288683
"Feb 7, 12:00 am",0,0.288683
"Feb 7, 01:00 am",0,0.288683
"Feb 7, 02:00 am",0,0.288683
"Feb 7, 03:00 am",0,0.288683
"Feb 7, 04:00 am",0,0.288683
"Feb 7, 05:00 am",0,0.288683
"Feb 7, 06:00 am",0,0.288683
"Feb 7, 07:00 am",0,0.288683
"Feb 7, 08:00 am",3258.65,1.58512
"Feb 7, 09:00 am",3564.15,1.7321
"Feb 7, 10:00 am",3564.92,1.7321
"Feb 7, 11:00 am",3563.24,1.7321
"Feb 7, 12:00 pm",3563.27,1.7321
"Feb 7, 01:00 pm",3563.31,1.7321
"Feb 7, 02:00 pm",3563.3,1.7321
"Feb 7, 03:00 pm",3563.29,1.7321
"Feb 7, 04:00 pm",3564.36,1.7321
"Feb 7, 05:00 pm",3565.27,1.7321
"Feb 7, 06:00 pm",2525.66,1.22805
"Feb 7, 07:00 pm",19.062,0.288683
"Feb 7, 08:00 pm",0,0.288683
"Feb 7, 09:00 pm",0,0.288683
"Feb 7, 10:00 pm",0,0.288683
"Feb 7, 11:00 pm",0,0.288683
"Feb 8, 12:00 am",0,0.288683
"Feb 8, 01:00 am",0,0.288683
"Feb 8, 02:00 am",0,0.288683
"Feb 8, 03:00 am",0,0.288683
"Feb 8, 04:00 am",0,0.288683
"Feb 8, 05:00 am",0,0.288683
"Feb 8, 06:00 am",0,0.288683
"Feb 8, 07:00 am",0,0.288683
"Feb 8, 08:00 am",3278.38,1.59463
"Feb 8, 09:00 am",3563.77,1.7321
"Feb 8, 10:00 am",3565.19,1.7321
"Feb 8, 11:00 am",3563.26,1.7321
"Feb 8, 12:00 pm",3563.3,1.7321
"Feb 8, 01:00 pm",3563.34,1.7321
"Feb 8, 02:00 pm",3563.32,1.7321
"Feb 8, 03:00 pm",3563.3,1.7321
"Feb 8, 04:00 pm",3564.44,1.7321
"Feb 8, 05:00 pm",3565.26,1.7321
"Feb 8, 06:00 pm",2464.2,1.19819
"Feb 8, 07:00 pm",19.0218,0.288683
"Feb 8, 08:00 pm",0,0.288683
"Feb 8, 09:00 pm",0,0.288683
"Feb 8, 10:00 pm",0,0.288683
"Feb 8, 11:00 pm",0,0.288683
"Feb 9, 12:00 am",0,0.288683
"Feb 9, 01:00 am",0,0.288683
"Feb 9, 02:00 am",0,0.288683
"Feb 9, 03:00 am",0,0.288683
"Feb 9, 04:00 am",0,0.288683
"Feb 9, 05:00 am",0,0.288683
"Feb 9, 06:00 am",0,0.288683
"Feb 9, 07:00 am",0,0.288683
"Feb 9, 08:00 am",2673.72,1.51632
"Feb 9, 09:00 am",3564.48,1.7321
"Feb 9, 10:00 am",3564.7,1.7321
"Feb 9, 11:00 am",3563.29,1.7321
"Feb 9, 12:00 pm",3563.31,1.7321
"Feb 9, 01:00 pm",3563.33,1.7321
"Feb 9, 02:00 pm",3563.32,1.7321
"Feb 9, 03:00 pm",3563.3,1.7321
"Feb 9, 04:00 pm",3564.37,1.7321
"Feb 9, 05:00 pm",3565.32,1.7321
"Feb 9, 06:00 pm",2395.06,1.16459
"Feb 9, 07:00 pm",19.2403,0.288683
"Feb 9, 08:00 pm",0,0.288683
"Feb 9, 09:00 pm",0,0.288683
"Feb 9, 10:00 pm",0,0.288683
"Feb 9, 11:00 pm",0,0.288683
"Feb 10, 12:00 am",0,0.288683
"Feb 10, 01:00 am",0,0.288683
"Feb 10, 02:00 am",0,0.288683
"Feb 10, 03:00 am",0,0.288683
"Feb 10, 04:00 am",0,0.288683
"Feb 10, 05:00 am",0,0.288683
"Feb 10, 06:00 am",0,0.288683
"Feb 10, 07:00 am",0,0.288683
"Feb 10, 08:00 am",2606.43,1.48054
"Feb 10, 09:00 am",3564.81,1.7321
"Feb 10, 10:00 am",3564.46,1.7321
"Feb 10, 11:00 am",3563.26,1.7321
"Feb 10, 12:00 pm",3563.28,1.7321
"Feb 10, 01:00 pm",3563.3,1.7321
"Feb 10, 02:00 pm",3563.32,1.7321
"Feb 10, 03:00 pm",3563.3,1.7321
"Feb 10, 04:00 pm",3564.27,1.7321
"Feb 10, 05:00 pm",3565.36,1.7321
"Feb 10, 06:00 pm",2326.48,1.13128
"Feb 10, 07:00 pm",19.1946,0.288683
"Feb 10, 08:00 pm",0,0.288683
"Feb 10, 09:00 pm",0,0.288683
"Feb 10, 10:00 pm",0,0.288683
"Feb 10, 11:00 pm",0,0.288683
"Feb 11, 12:00 am",0,0.288683
"Feb 11, 01:00 am",0,0.288683
"Feb 11, 02:00 am",0,0.288683
"Feb 11, 03:00 am",0,0.288683
"Feb 11, 04:00 am",0,0.288683
"Feb 11, 05:00 am",0,0.288683
"Feb 11, 06:00 am",0,0.288683
"Feb 11, 07:00 am",0,0.288683
"Feb 11, 08:00 am",2541.05,1.44375
"Feb 11, 09:00 am",3565.06,1.7321
"Feb 11, 10:00 am",3564.08,1.7321
"Feb 11, 11:00 am",3566.56,1.7321
"Feb 11, 12:00 pm",3563.44,1.7321
"Feb 11, 01:00 pm",3563.26,1.7321
"Feb 11, 02:00 pm",3563.25,1.7321
"Feb 11, 03:00 pm",3565.82,1.7321
"Feb 11, 04:00 pm",3563.87,1.7321
"Feb 11, 05:00 pm",3565.17,1.7321
"Feb 11, 06:00 pm",2210.84,1.07512
"Feb 11, 07:00 pm",18.8209,0.288683
"Feb 11, 08:00 pm",0,0.288683
"Feb 11, 09:00 pm",0,0.288683
"Feb 11, 10:00 pm",0,0.288683
"Feb 11, 11:00 pm",0,0.288683
"Feb 12, 12:00 am",0,0.288683
"Feb 12, 01:00 am",0,0.288683
"Feb 12, 02:00 am",0,0.288683
"Feb 12, 03:00 am",0,0.288683
"Feb 12, 04:00 am",0,0.288683
"Feb 12, 05:00 am",0,0.288683
"Feb 12, 06:00 am",0,0.288683
"Feb 12, 07:00 am",0,0.288683
"Feb 12, 08:00 am",2426.47,1.37959
"Feb 12, 09:00 am",3565.26,1.7321
"Feb 12, 10:00 am",3563.66,1.7321
"Feb 12, 11:00 am",3565.2,1.7321
"Feb 12, 12:00 pm",3566.38,1.7321
"Feb 12, 01:00 pm",3563.41,1.7321
"Feb 12, 02:00 pm",3566.17,1.7321
"Feb 12, 03:00 pm",3565.25,1.7321
"Feb 12, 04:00 pm",3563.58,1.7321
"Feb 12, 05:00 pm",3564.87,1.7321
"Feb 12, 06:00 pm",2097.69,1.02016
"Feb 12, 07:00 pm",18.7144,0.288683
"Feb 12, 08:00 pm",0,0.288683
"Feb 12, 09:00 pm",0,0.288683
"Feb 12, 10:00 pm",0,0.288683
"Feb 12, 11:00 pm",0,0.288683
"Feb 13, 12:00 am",0,0.288683
"Feb 13, 01:00 am",0,0.288683
"Feb 13, 02:00 am",0,0.288683
"Feb 13, 03:00 am",0,0.288683
"Feb 13, 04:00 am",0,0.288683
"Feb 13, 05:00 am",0,0.288683
"Feb 13, 06:00 am",0,0.288683
"Feb 13, 07:00 am",0,0.288683
"Feb 13, 08:00 am",2459.46,1.39837
"Feb 13, 09:00 am",3565.21,1.7321
"Feb 13, 10:00 am",3563.82,1.7321
"Feb 13, 11:00 am",3565.67,1.7321
"Feb 13, 12:00 pm",3567.14,1.7321
"Feb 13, 01:00 pm",3563.56,1.7321
"Feb 13, 02:00 pm",3566.6,1.7321
"Feb 13, 03:00 pm",3565.45,1.7321
"Feb 13, 04:00 pm",3563.59,1.7321
"Feb 13, 05:00 pm",3564.83,1.7321
"Feb 13, 06:00 pm",2029.46,0.987003
"Feb 13, 07:00 pm",18.7466,0.288683
"Feb 13, 08:00 pm",0,0.288683
"Feb 13, 09:00 pm",0,0.288683
"Feb 13, 10:00 pm",0,0.288683
"Feb 13, 11:00 pm",0,0.288683
"Feb 14, 12:00 am",0,0.288683
"Feb 14, 01:00 am",0,0.288683
"Feb 14, 02:00 am",0,0.288683
"Feb 14, 03:00 am",0,0.288683
"Feb 14, 04:00 am",0,0.288683
"Feb 14, 05:00 am",0,0.288683
"Feb 14, 06:00 am",0,0.288683
"Feb 14, 07:00 am",0,0.288683
"Feb 14, 08:00 am",2425.28,1.37925
"Feb 14, 09:00 am",3565.3,1.7321
"Feb 14, 10:00 am",3563.81,1.7321
"Feb 14, 11:00 am",3565.67,1.7321
"Feb 14, 12:00 pm",3567.19,1.7321
"Feb 14, 01:00 pm",3563.59,1.7321
"Feb 14, 02:00 pm",3566.75,1.7321
"Feb 14, 03:00 pm",3565.53,1.7321
"Feb 14, 04:00 pm",3563.6,1.7321
"Feb 14, 05:00 pm",3564.81,1.7321
"Feb 14, 06:00 pm",1966.87,0.956587
"Feb 14, 07:00 pm",18.7359,0.288683
"Feb 14, 08:00 pm",0,0.288683
"Feb 14, 09:00 pm",0,0.288683
"Feb 14, 10:00 pm",0,0.288683
"Feb 14, 11:00 pm",0,0.288683
"Feb 15, 12:00 am",0,0.288683
"Feb 15, 01:00 am",0,0.288683
"Feb 15, 02:00 am",0,0.288683
"Feb 15, 03:00 am",0,0.288683
"Feb 15, 04:00 am",0,0.288683
"Feb 15, 05:00 am",0,0.288683
"Feb 15, 06:00 am",0,0.288683
"Feb 15, 07:00 am",0,0.288683
"Feb 15, 08:00 am",2366.52,1.34658
"Feb 15, 09:00 am",3565.31,1.7321
"Feb 15, 10:00 am",3563.59,1.7321
"Feb 15, 11:00 am",3565.06,1.7321
"Feb 15, 12:00 pm",3565.85,1.7321
"Feb 15, 01:00 pm",3563.3,1.7321
"Feb 15, 02:00 pm",3565.45,1.7321
"Feb 15, 03:00 pm",3564.78,1.7321
"Feb 15, 04:00 pm",3563.44,1.7321
"Feb 15, 05:00 pm",3564.44,1.7321
"Feb 15, 06:00 pm",1870.95,0.90999
"Feb 15, 07:00 pm",18.5478,0.288683
"Feb 15, 08:00 pm",0,0.288683
"Feb 15, 09:00 pm",0,0.288683
"Feb 15, 10:00 pm",0,0.288683
"Feb 15, 11:00 pm",0,0.288683
"Feb 16, 12:00 am",0,0.288683
"Feb 16, 01:00 am",0,0.288683
"Feb 16, 02:00 am",0,0.288683
"Feb 16, 03:00 am",0,0.288683
"Feb 16, 04:00 am",0,0.288683
"Feb 16, 05:00 am",0,0.288683
"Feb 16, 06:00 am",0,0.288683
"Feb 16, 07:00 am",0,0.288683
"Feb 16, 08:00 am",2287.66,1.30426
"Feb 16, 09:00 am",3564.57,1.7321
"Feb 16, 10:00 am",3563.43,1.7321
"Feb 16, 11:00 am",3564.59,1.7321
"Feb 16, 12:00 pm",3565.19,1.7321
"Feb 16, 01:00 pm",3567,1.7321
"Feb 16, 02:00 pm",3565.41,1.7321
"Feb 16, 03:00 pm",3564.6,1.7321
"Feb 16, 04:00 pm",3563.41,1.7321
"Feb 16, 05:00 pm",3564.43,1.7321
"Feb 16, 06:00 pm",1794.87,0.873007
"Feb 16, 07:00 pm",18.5747,0.288683
"Feb 16, 08:00 pm",0,0.288683
"Feb 16, 09:00 pm",0,0.288683
"Feb 16, 10:00 pm",0,0.288683
"Feb 16, 11:00 pm",0,0.288683
"Feb 17, 12:00 am",0,0.288683
"Feb 17, 01:00 am",0,0.288683
"Feb 17, 02:00 am",0,0.288683
"Feb 17, 03:00 am",0,0.288683
"Feb 17, 04:00 am",0,0.288683
"Feb 17, 05:00 am",0,0.288683
"Feb 17, 06:00 am",0,0.288683
"Feb 17, 07:00 am",0,0.288683
"Feb 17, 08:00 am",2331.03,1.32888
"Feb 17, 09:00 am",3564.92,1.7321
"Feb 17, 10:00 am",3563.66,1.7321
"Feb 17, 11:00 am",3565.32,1.7321
"Feb 17, 12:00 pm",3566.4,1.7321
"Feb 17, 01:00 pm",3563.41,1.7321
"Feb 17, 02:00 pm",3565.75,1.7321
"Feb 17, 03:00 pm",3565.03,1.7321
"Feb 17, 04:00 pm",3563.48,1.7321
"Feb 17, 05:00 pm",3564.48,1.7321
"Feb 17, 06:00 pm",1753.31,0.852807
"Feb 17, 07:00 pm",18.5314,0.288683
"Feb 17, 08:00 pm",0,0.288683
"Feb 17, 09:00 pm",0,0.288683
"Feb 17, 10:00 pm",0,0.288683
"Feb 17, 11:00 pm",0,0.288683
"Feb 18, 12:00 am",0,0.288683
"Feb 18, 01:00 am",0,0.288683
"Feb 18, 02:00 am",0,0.288683
"Feb 18, 03:00 am",0,0.288683
"Feb 18, 04:00 am",0,0.288683
"Feb 18, 05:00 am",0,0.288683
"Feb 18, 06:00 am",0,0.288683
"Feb 18, 07:00 am",0,0.288683
"Feb 18, 08:00 am",2329.73,1.32814
"Feb 18, 09:00 am",3564.96,1.7321
"Feb 18, 10:00 am",3563.68,1.7321
"Feb 18, 11:00 am",3565.2,1.7321
"Feb 18, 12:00 pm",3566.02,1.7321
"Feb 18, 01:00 pm",3563.32,1.7321
"Feb 18, 02:00 pm",3565.41,1.7321
"Feb 18, 03:00 pm",3564.77,1.7321
"Feb 18, 04:00 pm",3563.41,1.7321
"Feb 18, 05:00 pm",3564.39,1.7321
"Feb 18, 06:00 pm",1680.79,0.817569
"Feb 18, 07:00 pm",18.2964,0.288683
"Feb 18, 08:00 pm",0,0.288683
"Feb 18, 09:00 pm",0,0.288683
"Feb 18, 10:00 pm",0,0.288683
"Feb 18, 11:00 pm",0,0.288683
"Feb 19, 12:00 am",0,0.288683
"Feb 19, 01:00 am",0,0.288683
"Feb 19, 02:00 am",0,0.288683
"Feb 19, 03:00 am",0,0.288683
"Feb 19, 04:00 am",0,0.288683
"Feb 19, 05:00 am",0,0.288683
"Feb 19, 06:00 am",0,0.288683
"Feb 19, 07:00 am",0,0.288683
"Feb 19, 08:00 am",1891.15,1.29648
"Feb 19, 09:00 am",3565.12,1.7321
"Feb 19, 10:00 am",3563.66,1.7321
"Feb 19, 11:00 am",3565.2,1.7321
"Feb 19, 12:00 pm",3566.07,1.7321
"Feb 19, 01:00 pm",3563.36,1.7321
"Feb 19, 02:00 pm",3565.51,1.7321
"Feb 19, 03:00 pm",3564.84,1.7321
"Feb 19, 04:00 pm",3563.46,1.7321
"Feb 19, 05:00 pm",3564.42,1.7321
"Feb 19, 06:00 pm",1614.88,0.785506
"Feb 19, 07:00 pm",18.5642,0.288683
"Feb 19, 08:00 pm",0,0.288683
"Feb 19, 09:00 pm",0,0.288683
"Feb 19, 10:00 pm",0,0.288683
"Feb 19, 11:00 pm",0,0.288683
"Feb 20, 12:00 am",0,0.288683
"Feb 20, 01:00 am",0,0.288683
"Feb 20, 02:00 am",0,0.288683
"Feb 20, 03:00 am",0,0.288683
"Feb 20, 04:00 am",0,0.288683
"Feb 20, 05:00 am",0,0.288683
"Feb 20, 06:00 am",0,0.288683
"Feb 20, 07:00 am",0,0.288683
"Feb 20, 08:00 am",1814.77,1.25941
"Feb 20, 09:00 am",3564.64,1.7321
"Feb 20, 10:00 am",3563.5,1.7321
"Feb 20, 11:00 am",3564.83,1.7321
"Feb 20, 12:00 pm",3565.46,1.7321
"Feb 20, 01:00 pm",3567.36,1.7321
"Feb 20, 02:00 pm",3565.72,1.7321
"Feb 20, 03:00 pm",3564.81,1.7321
"Feb 20, 04:00 pm",3563.46,1.7321
"Feb 20, 05:00 pm",3564.43,1.7321
"Feb 20, 06:00 pm",1559.37,0.758527
"Feb 20, 07:00 pm",18.3706,0.288683
"Feb 20, 08:00 pm",0,0.288683
"Feb 20, 09:00 pm",0,0.288683
"Feb 20, 10:00 pm",0,0.288683
"Feb 20, 11:00 pm",0,0.288683
"Feb 21, 12:00 am",0,0.288683
"Feb 21, 01:00 am",0,0.288683
"Feb 21, 02:00 am",0,0.288683
"Feb 21, 03:00 am",0,0.288683
"Feb 21, 04:00 am",0,0.288683
"Feb 21, 05:00 am",0,0.288683
"Feb 21, 06:00 am",0,0.288683
"Feb 21, 07:00 am",0,0.288683
"Feb 21, 08:00 am",1840.76,1.27729
"Feb 21, 09:00 am",3564.94,1.7321
"Feb 21, 10:00 am",3563.76,1.7321
"Feb 21, 11:00 am",3565.47,1.7321
"Feb 21, 12:00 pm",3566.77,1.7321
"Feb 21, 01:00 pm",3563.51,1.7321
"Feb 21, 02:00 pm",3566.33,1.7321
"Feb 21, 03:00 pm",3565.43,1.7321
"Feb 21, 04:00 pm",3563.63,1.7321
"Feb 21, 05:00 pm",3564.64,1.7321
"Feb 21, 06:00 pm",1528.94,0.743717
"Feb 21, 07:00 pm",18.4743,0.288683
"Feb 21, 08:00 pm",0,0.288683
"Feb 21, 09:00 pm",0,0.288683
"Feb 21, 10:00 pm",0,0.288683
"Feb 21, 11:00 pm",0,0.288683
"Feb 22, 12:00 am",0,0.288683
"Feb 22, 01:00 am",0,0.288683
"Feb 22, 02:00 am",0,0.288683
"Feb 22, 03:00 am",0,0.288683
"Feb 22, 04:00 am",0,0.288683
"Feb 22, 05:00 am",0,0.288683
"Feb 22, 06:00 am",0,0.288683
"Feb 22, 07:00 am",0,0.288683
"Feb 22, 08:00 am",1855.49,1.2869
"Feb 22, 09:00 am",3565,1.7321
"Feb 22, 10:00 am",3563.8,1.7321
"Feb 22, 11:00 am",3565.36,1.7321
"Feb 22, 12:00 pm",3566.31,1.7321
"Feb 22, 01:00 pm",3563.41,1.7321
"Feb 22, 02:00 pm",3565.61,1.7321
"Feb 22, 03:00 pm",3564.88,1.7321
"Feb 22, 04:00 pm",3563.48,1.7321
"Feb 22, 05:00 pm",3564.37,1.7321
"Feb 22, 06:00 pm",1440.1,0.700479
"Feb 22, 07:00 pm",18.4172,0.288683
"Feb 22, 08:00 pm",0,0.288683
"Feb 22, 09:00 pm",0,0.288683
"Feb 22, 10:00 pm",0,0.288683
"Feb 22, 11:00 pm",0,0.288683
"Feb 23, 12:00 am",0,0.288683
"Feb 23, 01:00 am",0,0.288683
"Feb 23, 02:00 am",0,0.288683
"Feb 23, 03:00 am",0,0.288683
"Feb 23, 04:00 am",0,0.288683
"Feb 23, 05:00 am",0,0.288683
"Feb 23, 06:00 am",0,0.288683
"Feb 23, 07:00 am",0,0.288683
"Feb 23, 08:00 am",1763.57,1.22605
"Feb 23, 09:00 am",24.0746,0.288683
"Feb 23, 10:00 am",0,0.288683
"Feb 23, 11:00 am",0,0.288683
"Feb 23, 12:00 pm",0,0.288683
"Feb 23, 01:00 pm",0,0.288683
"Feb 23, 02:00 pm",44.0271,0.288683
"Feb 23, 03:00 pm",25.4828,0.288683
"Feb 23, 04:00 pm",0,0.288683
"Feb 23, 05:00 pm",0,0.288683
"Feb 23, 06:00 pm",0,0.288683
"Feb 23, 07:00 pm",0,0.288683
"Feb 23, 08:00 pm",0,0.288683
"Feb 23, 09:00 pm",0,0.288683
"Feb 23, 10:00 pm",0,0.288683
"Feb 23, 11:00 pm",0,0.288683
"Feb 24, 12:00 am",0,0.288683
"Feb 24, 01:00 am",0,0.288683
"Feb 24, 02:00 am",0,0.288683
"Feb 24, 03:00 am",0,0.288683
"Feb 24, 04:00 am",0,0.288683
"Feb 24, 05:00 am",0,0.288683
"Feb 24, 06:00 am",0,0.288683
"Feb 24, 07:00 am",0,0.288683
"Feb 24, 08:00 am",1693.41,1.18217
"Feb 24, 09:00 am",3564.05,1.7321
"Feb 24, 10:00 am",3563.32,1.7321
"Feb 24, 11:00 am",3564.31,1.7321
"Feb 24, 12:00 pm",35.6363,0.288683
"Feb 24, 01:00 pm",34.0938,0.288683
"Feb 24, 02:00 pm",30.8787,0.288683
"Feb 24, 03:00 pm",25.0453,0.288683
"Feb 24, 04:00 pm",0,0.288683
"Feb 24, 05:00 pm",0,0.288683
"Feb 24, 06:00 pm",0,0.288683
"Feb 24, 07:00 pm",0,0.288683
"Feb 24, 08:00 pm",0,0.288683
"Feb 24, 09:00 pm",0,0.288683
"Feb 24, 10:00 pm",0,0.288683
"Feb 24, 11:00 pm",0,0.288683
"Feb 25, 12:00 am",0,0.288683
"Feb 25, 01:00 am",0,0.288683
"Feb 25, 02:00 am",0,0.288683
"Feb 25, 03:00 am",0,0.288683
"Feb 25, 04:00 am",0,0.288683
"Feb 25, 05:00 am",0,0.288683
"Feb 25, 06:00 am",0,0.288683
"Feb 25, 07:00 am",0,0.288683
"Feb 25, 08:00 am",0,0.288683
"Feb 25, 09:00 am",0,0.288683
"Feb 25, 10:00 am",0,0.288683
"Feb 25, 11:00 am",0,0.288683
"Feb 25, 12:00 pm",0,0.288683
"Feb 25, 01:00 pm",0,0.288683
"Feb 25, 02:00 pm",0,0.288683
"Feb 25, 03:00 pm",2971.75,1.7321
"Feb 25, 04:00 pm",3563.39,1.7321
"Feb 25, 05:00 pm",3563.91,1.7321
"Feb 25, 06:00 pm",1192.99,0.580479
"Feb 25, 07:00 pm",18.0486,0.288683
"Feb 25, 08:00 pm",0,0.288683
"Feb 25, 09:00 pm",0,0.288683
"Feb 25, 10:00 pm",0,0.288683
"Feb 25, 11:00 pm",0,0.288683
"Feb 26, 12:00 am",0,0.288683
"Feb 26, 01:00 am",0,0.288683
"Feb 26, 02:00 am",0,0.288683
"Feb 26, 03:00 am",0,0.288683
"Feb 26, 04:00 am",0,0.288683
"Feb 26, 05:00 am",0,0.288683
"Feb 26, 06:00 am",0,0.288683
"Feb 26, 07:00 am",0,0.288683
"Feb 26, 08:00 am",1469.94,0.849172
"Feb 26, 09:00 am",3564.76,1.7321
"Feb 26, 10:00 am",3563.41,1.7321
"Feb 26, 11:00 am",3564.58,1.7321
"Feb 26, 12:00 pm",3565.12,1.7321
"Feb 26, 01:00 pm",3566.21,1.7321
"Feb 26, 02:00 pm",3565.21,1.7321
"Feb 26, 03:00 pm",3564.57,1.7321
"Feb 26, 04:00 pm",3563.43,1.7321
"Feb 26, 05:00 pm",3564.17,1.7321
"Feb 26, 06:00 pm",1156.07,0.562538
"Feb 26, 07:00 pm",18.312,0.288683
"Feb 26, 08:00 pm",0,0.288683
"Feb 26, 09:00 pm",0,0.288683
"Feb 26, 10:00 pm",0,0.288683
"Feb 26, 11:00 pm",0,0.288683
"Feb 27, 12:00 am",0,0.288683
"Feb 27, 01:00 am",0,0.288683
"Feb 27, 02:00 am",0,0.288683
"Feb 27, 03:00 am",0,0.288683
"Feb 27, 04:00 am",0,0.288683
"Feb 27, 05:00 am",0,0.288683
"Feb 27, 06:00 am",0,0.288683
"Feb 27, 07:00 am",0,0.288683
"Feb 27, 08:00 am",1489.85,0.858519
"Feb 27, 09:00 am",3564.67,1.7321
"Feb 27, 10:00 am",3563.49,1.7321
"Feb 27, 11:00 am",3564.64,1.7321
"Feb 27, 12:00 pm",3565.06,1.7321
"Feb 27, 01:00 pm",3565.66,1.7321
"Feb 27, 02:00 pm",3564.79,1.7321
"Feb 27, 03:00 pm",3564.21,1.7321
"Feb 27, 04:00 pm",26.6222,0.288683
"Feb 27, 05:00 pm",0,0.288683
"Feb 27, 06:00 pm",0,0.288683
"Feb 27, 07:00 pm",0,0.288683
"Feb 27, 08:00 pm",0,0.288683
"Feb 27, 09:00 pm",0,0.288683
"Feb 27, 10:00 pm",0,0.288683
"Feb 27, 11:00 pm",0,0.288683
"Feb 28, 12:00 am",0,0.288683
"Feb 28, 01:00 am",0,0.288683
"Feb 28, 02:00 am",0,0.288683
"Feb 28, 03:00 am",0,0.288683
"Feb 28, 04:00 am",0,0.288683
"Feb 28, 05:00 am",0,0.288683
"Feb 28, 06:00 am",0,0.288683
"Feb 28, 07:00 am",0,0.288683
"Feb 28, 08:00 am",0,0.288683
"Feb 28, 09:00 am",2419.49,1.25094
"Feb 28, 10:00 am",3563.31,1.7321
"Feb 28, 11:00 am",3564.13,1.7321
"Feb 28, 12:00 pm",3564.55,1.7321
"Feb 28, 01:00 pm",115.3,0.288683
"Feb 28, 02:00 pm",25.3782,0.288683
"Feb 28, 03:00 pm",0,0.288683
"Feb 28, 04:00 pm",3035.52,1.7321
"Feb 28, 05:00 pm",3563.67,1.7321
"Feb 28, 06:00 pm",994.157,0.483968
"Feb 28, 07:00 pm",17.6981,0.288683
"Feb 28, 08:00 pm",0,0.288683
"Feb 28, 09:00 pm",0,0.288683
"Feb 28, 10:00 pm",0,0.288683
"Feb 28, 11:00 pm",0,0.288683
"Mar 1, 12:00 am",0,0.288683
"Mar 1, 01:00 am",0,0.288683
"Mar 1, 02:00 am",0,0.288683
"Mar 1, 03:00 am",0,0.288683
"Mar 1, 04:00 am",0,0.288683
"Mar 1, 05:00 am",0,0.288683
"Mar 1, 06:00 am",0,0.288683
"Mar 1, 07:00 am",0,0.288683
"Mar 1, 08:00 am",1341.42,0.789172
"Mar 1, 09:00 am",3564.16,1.7321
"Mar 1, 10:00 am",3563.33,1.7321
"Mar 1, 11:00 am",3564.22,1.7321
"Mar 1, 12:00 pm",3564.73,1.7321
"Mar 1, 01:00 pm",3565.43,1.7321
"Mar 1, 02:00 pm",3564.88,1.7321
"Mar 1, 03:00 pm",3564.38,1.7321
"Mar 1, 04:00 pm",3563.37,1.7321
"Mar 1, 05:00 pm",3563.83,1.7321
"Mar 1, 06:00 pm",948.793,0.461911
"Mar 1, 07:00 pm",18.0229,0.288683
"Mar 1, 08:00 pm",0,0.288683
"Mar 1, 09:00 pm",0,0.288683
"Mar 1, 10:00 pm",0,0.288683
"Mar 1, 11:00 pm",0,0.288683
"Mar 2, 12:00 am",0,0.288683
"Mar 2, 01:00 am",0,0.288683
"Mar 2, 02:00 am",0,0.288683
"Mar 2, 03:00 am",0,0.288683
"Mar 2, 04:00 am",0,0.288683
"Mar 2, 05:00 am",0,0.288683
"Mar 2, 06:00 am",0,0.288683
"Mar 2, 07:00 am",0,0.288683
"Mar 2, 08:00 am",1308.53,0.774102
"Mar 2, 09:00 am",3563.97,1.7321
"Mar 2, 10:00 am",3563.26,1.7321
"Mar 2, 11:00 am",3563.99,1.7321
"Mar 2, 12:00 pm",3564.37,1.7321
"Mar 2, 01:00 pm",3564.87,1.7321
"Mar 2, 02:00 pm",3564.33,1.7321
"Mar 2, 03:00 pm",3563.93,1.7321
"Mar 2, 04:00 pm",3563.26,1.7321
"Mar 2, 05:00 pm",3563.55,1.7321
"Mar 2, 06:00 pm",872.902,0.425085
"Mar 2, 07:00 pm",17.9653,0.288683
"Mar 2, 08:00 pm",0,0.288683
"Mar 2, 09:00 pm",0,0.288683
"Mar 2, 10:00 pm",0,0.288683
"Mar 2, 11:00 pm",0,0.288683
"Mar 3, 12:00 am",0,0.288683
"Mar 3, 01:00 am",0,0.288683
"Mar 3, 02:00 am",0,0.288683
"Mar 3, 03:00 am",0,0.288683
"Mar 3, 04:00 am",0,0.288683
"Mar 3, 05:00 am",0,0.288683
"Mar 3, 06:00 am",0,0.288683
"Mar 3, 07:00 am",0,0.288683
"Mar 3, 08:00 am",1256.04,0.749368
"Mar 3, 09:00 am",3563.79,1.7321
"Mar 3, 10:00 am",3563.26,1.7321
"Mar 3, 11:00 am",3563.79,1.7321
"Mar 3, 12:00 pm",3564.16,1.7321
"Mar 3, 01:00 pm",3564.59,1.7321
"Mar 3, 02:00 pm",3564.14,1.7321
"Mar 3, 03:00 pm",3563.81,1.7321
"Mar 3, 04:00 pm",3559.03,1.7321
"Mar 3, 05:00 pm",3563.49,1.7321
"Mar 3, 06:00 pm",803.751,0.391489
"Mar 3, 07:00 pm",17.9456,0.288683
"Mar 3, 08:00 pm",0,0.288683
"Mar 3, 09:00 pm",0,0.288683
"Mar 3, 10:00 pm",0,0.288683
"Mar 3, 11:00 pm",0,0.288683
"Mar 4, 12:00 am",0,0.288683
"Mar 4, 01:00 am",0,0.288683
"Mar 4, 02:00 am",0,0.288683
"Mar 4, 03:00 am",0,0.288683
"Mar 4, 04:00 am",0,0.288683
"Mar 4, 05:00 am",0,0.288683
"Mar 4, 06:00 am",0,0.288683
"Mar 4, 07:00 am",0,0.288683
"Mar 4, 08:00 am",0,0.288683
"Mar 4, 09:00 am",2417.17,1.25094
"Mar 4, 10:00 am",3563.3,1.7321
"Mar 4, 11:00 am",3563.75,1.7321
"Mar 4, 12:00 pm",3564.09,1.7321
"Mar 4, 01:00 pm",3564.5,1.7321
"Mar 4, 02:00 pm",27.1305,0.288683
"Mar 4, 03:00 pm",3045.79,1.7321
"Mar 4, 04:00 pm",26.0929,0.288683
"Mar 4, 05:00 pm",2986.17,1.71827
"Mar 4, 06:00 pm",737.542,0.359375
"Mar 4, 07:00 pm",17.7259,0.288683
"Mar 4, 08:00 pm",0,0.288683
"Mar 4, 09:00 pm",0,0.288683
"Mar 4, 10:00 pm",0,0.288683
"Mar 4, 11:00 pm",0,0.288683
"Mar 5, 12:00 am",0,0.288683
"Mar 5, 01:00 am",0,0.288683
"Mar 5, 02:00 am",0,0.288683
"Mar 5, 03:00 am",0,0.288683
"Mar 5, 04:00 am",0,0.288683
"Mar 5, 05:00 am",0,0.288683
"Mar 5, 06:00 am",0,0.288683
"Mar 5, 07:00 am",0,0.288683
"Mar 5, 08:00 am",0,0.288683
"Mar 5, 09:00 am",0,0.288683
"Mar 5, 10:00 am",2446.37,1.25094
"Mar 5, 11:00 am",3563.51,1.7321
"Mar 5, 12:00 pm",26.4135,0.288683
"Mar 5, 01:00 pm",3047.36,1.7321
"Mar 5, 02:00 pm",3563.61,1.7321
"Mar 5, 03:00 pm",3563.59,1.7321
"Mar 5, 04:00 pm",3562.32,1.7321
"Mar 5, 05:00 pm",3563.12,1.7321
"Mar 5, 06:00 pm",660.672,0.321974
"Mar 5, 07:00 pm",17.5835,0.288683
"Mar 5, 08:00 pm",0,0.288683
"Mar 5, 09:00 pm",0,0.288683
"Mar 5, 10:00 pm",0,0.288683
"Mar 5, 11:00 pm",0,0.288683
"Mar 6, 12:00 am",0,0.288683
"Mar 6, 01:00 am",0,0.288683
"Mar 6, 02:00 am",0,0.288683
"Mar 6, 03:00 am",0,0.288683
"Mar 6, 04:00 am",0,0.288683
"Mar 6, 05:00 am",0,0.288683
"Mar 6, 06:00 am",0,0.288683
"Mar 6, 07:00 am",0,0.288683
"Mar 6, 08:00 am",0,0.288683
"Mar 6, 09:00 am",0,0.288683
"Mar 6, 10:00 am",0,0.288683
"Mar 6, 11:00 am",2976.45,1.49151
"Mar 6, 12:00 pm",3563.84,1.7321
"Mar 6, 01:00 pm",3564.1,1.7321
"Mar 6, 02:00 pm",3563.66,1.7321
"Mar 6, 03:00 pm",3563.65,1.7321
"Mar 6, 04:00 pm",3561.48,1.7321
"Mar 6, 05:00 pm",3566.97,1.7321
"Mar 6, 06:00 pm",602.128,0.293484
"Mar 6, 07:00 pm",17.452,0.288683
"Mar 6, 08:00 pm",0,0.288683
"Mar 6, 09:00 pm",0,0.288683
"Mar 6, 10:00 pm",0,0.288683
"Mar 6, 11:00 pm",0,0.288683
"Mar 7, 12:00 am",0,0.288683
"Mar 7, 01:00 am",0,0.288683
"Mar 7, 02:00 am",0,0.288683
"Mar 7, 03:00 am",0,0.288683
"Mar 7, 04:00 am",0,0.288683
"Mar 7, 05:00 am",0,0.288683
"Mar 7, 06:00 am",0,0.288683
"Mar 7, 07:00 am",0,0.288683
"Mar 7, 08:00 am",1139.07,0.694781
"Mar 7, 09:00 am",3563.34,1.7321
"Mar 7, 10:00 am",3563.13,1.7321
"Mar 7, 11:00 am",3563.5,1.7321
"Mar 7, 12:00 pm",3563.76,1.7321
"Mar 7, 01:00 pm",3564.15,1.7321
"Mar 7, 02:00 pm",3563.8,1.7321
"Mar 7, 03:00 pm",3563.52,1.7321
"Mar 7, 04:00 pm",3562.88,1.7321
"Mar 7, 05:00 pm",3562.85,1.7321
"Mar 7, 06:00 pm",559.133,0.288683
"Mar 7, 07:00 pm",17.4565,0.288683
"Mar 7, 08:00 pm",0,0.288683
"Mar 7, 09:00 pm",0,0.288683
"Mar 7, 10:00 pm",0,0.288683
"Mar 7, 11:00 pm",0,0.288683
"Mar 8, 12:00 am",0,0.288683
"Mar 8, 01:00 am",0,0.288683
"Mar 8, 02:00 am",0,0.288683
"Mar 8, 03:00 am",0,0.288683
"Mar 8, 04:00 am",0,0.288683
"Mar 8, 05:00 am",0,0.288683
"Mar 8, 06:00 am",0,0.288683
"Mar 8, 07:00 am",0,0.288683
"Mar 8, 08:00 am",1085.89,0.669685
"Mar 8, 09:00 am",3563.16,1.7321
"Mar 8, 10:00 am",3559.78,1.7321
"Mar 8, 11:00 am",3563.42,1.7321
"Mar 8, 12:00 pm",3563.46,1.7321
"Mar 8, 01:00 pm",3563.99,1.7321
"Mar 8, 02:00 pm",3563.68,1.7321
"Mar 8, 03:00 pm",3563.46,1.7321
"Mar 8, 04:00 pm",3563.77,1.7321
"Mar 8, 05:00 pm",3558.95,1.7321
"Mar 8, 06:00 pm",501.673,0.288683
"Mar 8, 07:00 pm",17.4409,0.288683
"Mar 8, 08:00 pm",0,0.288683
"Mar 8, 09:00 pm",0,0.288683
"Mar 8, 10:00 pm",0,0.288683
"Mar 8, 11:00 pm",0,0.288683
"Mar 9, 12:00 am",0,0.288683
"Mar 9, 01:00 am",0,0.288683
"Mar 9, 02:00 am",0,0.288683
"Mar 9, 03:00 am",0,0.288683
"Mar 9, 04:00 am",0,0.288683
"Mar 9, 05:00 am",0,0.288683
"Mar 9, 06:00 am",0,0.288683
"Mar 9, 07:00 am",0,0.288683
"Mar 9, 08:00 am",0,0.288683
"Mar 9, 09:00 am",2412.77,1.25094
"Mar 9, 10:00 am",3563.47,1.7321
"Mar 9, 11:00 am",3563.47,1.7321
"Mar 9, 12:00 pm",3563.68,1.7321
"Mar 9, 01:00 pm",3564.07,1.7321
"Mar 9, 02:00 pm",3563.74,1.7321
"Mar 9, 03:00 pm",3563.48,1.7321
"Mar 9, 04:00 pm",3563.45,1.7321
"Mar 9, 05:00 pm",3558.84,1.7321
"Mar 9, 06:00 pm",451.299,0.288683
"Mar 9, 07:00 pm",17.5032,0.288683
"Mar 9, 08:00 pm",0,0.288683
"Mar 9, 09:00 pm",0,0.288683
"Mar 9, 10:00 pm",0,0.288683
"Mar 9, 11:00 pm",0,0.288683
"Mar 10, 12:00 am",0,0.288683
"Mar 10, 01:00 am",0,0.288683
"Mar 10, 02:00 am",0,0.288683
"Mar 10, 03:00 am",0,0.288683
"Mar 10, 04:00 am",0,0.288683
"Mar 10, 05:00 am",0,0.288683
"Mar 10, 06:00 am",0,0.288683
"Mar 10, 07:00 am",0,0.288683
"Mar 10, 08:00 am",1079.18,0.666697
"Mar 10, 09:00 am",3563.14,1.7321
"Mar 10, 10:00 am",3559.39,1.7321
"Mar 10, 11:00 am",3563.39,1.7321
"Mar 10, 12:00 pm",3563.43,1.7321
"Mar 10, 01:00 pm",3563.82,1.7321
"Mar 10, 02:00 pm",3563.49,1.7321
"Mar 10, 03:00 pm",3563.47,1.7321
"Mar 10, 04:00 pm",3564.48,1.7321
"Mar 10, 05:00 pm",3563.1,1.7321
"Mar 10, 06:00 pm",392.698,0.288683
"Mar 10, 07:00 pm",17.3608,0.288683
"Mar 10, 08:00 pm",0,0.288683
"Mar 10, 09:00 pm",0,0.288683
"Mar 10, 10:00 pm",0,0.288683
"Mar 10, 11:00 pm",0,0.288683
"Mar 11, 12:00 am",0,0.288683
"Mar 11, 01:00 am",0,0.288683
"Mar 11, 02:00 am",0,0.288683
"Mar 11, 03:00 am",0,0.288683
"Mar 11, 04:00 am",0,0.288683
"Mar 11, 05:00 am",0,0.288683
"Mar 11, 06:00 am",0,0.288683
"Mar 11, 07:00 am",0,0.288683
"Mar 11, 08:00 am",0,0.288683
"Mar 11, 09:00 am",0,0.288683
"Mar 11, 10:00 am",0,0.288683
"Mar 11, 11:00 am",2975.81,1.49151
"Mar 11, 12:00 pm",3563.59,1.7321
"Mar 11, 01:00 pm",3563.92,1.7321
"Mar 11, 02:00 pm",3563.54,1.7321
"Mar 11, 03:00 pm",27.555,0.288683
"Mar 11, 04:00 pm",0,0.288683
"Mar 11, 05:00 pm",0,0.288683
"Mar 11, 06:00 pm",0,0.288683
"Mar 11, 07:00 pm",0,0.288683
"Mar 11, 08:00 pm",0,0.288683
"Mar 11, 09:00 pm",0,0.288683
"Mar 11, 10:00 pm",0,0.288683
"Mar 11, 11:00 pm",0,0.288683
"Mar 12, 12:00 am",0,0.288683
"Mar 12, 01:00 am",0,0.288683
"Mar 12, 02:00 am",0,0.288683
"Mar 12, 03:00 am",0,0.288683
"Mar 12, 04:00 am",0,0.288683
"Mar 12, 05:00 am",0,0.288683
"Mar 12, 06:00 am",0,0.288683
"Mar 12, 07:00 am",0,0.288683
"Mar 12, 08:00 am",0,0.288683
"Mar 12, 09:00 am",0,0.288683
"Mar 12, 10:00 am",0,0.288683
"Mar 12, 11:00 am",2452.49,1.25094
"Mar 12, 12:00 pm",3563.64,1.7321
"Mar 12, 01:00 pm",3563.87,1.7321
"Mar 12, 02:00 pm",3563.56,1.7321
"Mar 12, 03:00 pm",3563.55,1.7321
"Mar 12, 04:00 pm",3563.82,1.7321
"Mar 12, 05:00 pm",3563.06,1.7321
"Mar 12, 06:00 pm",306.901,0.288683
"Mar 12, 07:00 pm",16.9966,0.288683
"Mar 12, 08:00 pm",0,0.288683
"Mar 12, 09:00 pm",0,0.288683
"Mar 12, 10:00 pm",0,0.288683
"Mar 12, 11:00 pm",0,0.288683
"Mar 13, 12:00 am",0,0.288683
"Mar 13, 01:00 am",0,0.288683
"Mar 13, 02:00 am",0,0.288683
"Mar 13, 03:00 am",0,0.288683
"Mar 13, 04:00 am",0,0.288683
"Mar 13, 05:00 am",0,0.288683
"Mar 13, 06:00 am",0,0.288683
"Mar 13, 07:00 am",0,0.288683
"Mar 13, 08:00 am",1106.02,0.6819
"Mar 13, 09:00 am",3563.67,1.7321
"Mar 13, 10:00 am",3563.3,1.7321
"Mar 13, 11:00 am",3564.09,1.7321
"Mar 13, 12:00 pm",3564.13,1.7321
"Mar 13, 01:00 pm",3564.65,1.7321
"Mar 13, 02:00 pm",3564.11,1.7321
"Mar 13, 03:00 pm",3563.68,1.7321
"Mar 13, 04:00 pm",3562.76,1.7321
"Mar 13, 05:00 pm",3563.06,1.7321
"Mar 13, 06:00 pm",276.362,0.288683
"Mar 13, 07:00 pm",17.1051,0.288683
"Mar 13, 08:00 pm",0,0.288683
"Mar 13, 09:00 pm",0,0.288683
"Mar 13, 10:00 pm",0,0.288683
"Mar 13, 11:00 pm",0,0.288683
"Mar 14, 12:00 am",0,0.288683
"Mar 14, 01:00 am",0,0.288683
"Mar 14, 02:00 am",0,0.288683
"Mar 14, 03:00 am",0,0.288683
"Mar 14, 04:00 am",0,0.288683
"Mar 14, 05:00 am",0,0.288683
"Mar 14, 06:00 am",0,0.288683
"Mar 14, 07:00 am",0,0.288683
"Mar 14, 08:00 am",0,0.288683
"Mar 14, 09:00 am",0,0.288683
"Mar 14, 10:00 am",0,0.288683
"Mar 14, 11:00 am",0,0.288683
"Mar 14, 12:00 pm",0,0.288683
"Mar 14, 01:00 pm",0,0.288683
"Mar 14, 02:00 pm",0,0.288683
"Mar 14, 03:00 pm",0,0.288683
"Mar 14, 04:00 pm",0,0.288683
"Mar 14, 05:00 pm",0,0.288683
"Mar 14, 06:00 pm",0,0.288683
"Mar 14, 07:00 pm",0,0.288683
"Mar 14, 08:00 pm",0,0.288683
"Mar 14, 09:00 pm",0,0.288683
"Mar 14, 10:00 pm",0,0.288683
"Mar 14, 11:00 pm",0,0.288683
"Mar 15, 12:00 am",0,0.288683
"Mar 15, 01:00 am",0,0.288683
"Mar 15, 02:00 am",0,0.288683
"Mar 15, 03:00 am",0,0.288683
"Mar 15, 04:00 am",0,0.288683
"Mar 15, 05:00 am",0,0.288683
"Mar 15, 06:00 am",0,0.288683
"Mar 15, 07:00 am",0,0.288683
"Mar 15, 08:00 am",0,0.288683
"Mar 15, 09:00 am",0,0.288683
"Mar 15, 10:00 am",0,0.288683
"Mar 15, 11:00 am",0,0.288683
"Mar 15, 12:00 pm",0,0.288683
"Mar 15, 01:00 pm",0,0.288683
"Mar 15, 02:00 pm",0,0.288683
"Mar 15, 03:00 pm",0,0.288683
"Mar 15, 04:00 pm",0,0.288683
"Mar 15, 05:00 pm",0,0.288683
"Mar 15, 06:00 pm",0,0.288683
"Mar 15, 07:00 pm",0,0.288683
"Mar 15, 08:00 pm",0,0.288683
"Mar 15, 09:00 pm",0,0.288683
"Mar 15, 10:00 pm",0,0.288683
"Mar 15, 11:00 pm",0,0.288683
"Mar 16, 12:00 am",0,0.288683
"Mar 16, 01:00 am",0,0.288683
"Mar 16, 02:00 am",0,0.288683
"Mar 16, 03:00 am",0,0.288683
"Mar 16, 04:00 am",0,0.288683
"Mar 16, 05:00 am",0,0.288683
"Mar 16, 06:00 am",0,0.288683
"Mar 16, 07:00 am",0,0.288683
"Mar 16, 08:00 am",0,0.481669
"Mar 16, 09:00 am",3571.97,1.7321
"Mar 16, 10:00 am",3562.2,1.7321
"Mar 16, 11:00 am",3563.28,1.7321
"Mar 16, 12:00 pm",3563.31,1.7321
"Mar 16, 01:00 pm",3563.45,1.7321
"Mar 16, 02:00 pm",3563.45,1.7321
"Mar 16, 03:00 pm",3563.23,1.7321
"Mar 16, 04:00 pm",3565.18,1.7321
"Mar 16, 05:00 pm",3523.23,1.71289
"Mar 16, 06:00 pm",128.001,0.288683
"Mar 16, 07:00 pm",16.9376,0.288683
"Mar 16, 08:00 pm",0,0.288683
"Mar 16, 09:00 pm",0,0.288683
"Mar 16, 10:00 pm",0,0.288683
"Mar 16, 11:00 pm",0,0.288683
"Mar 17, 12:00 am",0,0.288683
"Mar 17, 01:00 am",0,0.288683
"Mar 17, 02:00 am",0,0.288683
"Mar 17, 03:00 am",0,0.288683
"Mar 17, 04:00 am",0,0.288683
"Mar 17, 05:00 am",0,0.288683
"Mar 17, 06:00 am",0,0.288683
"Mar 17, 07:00 am",0,0.288683
"Mar 17, 08:00 am",668.577,0.614252
"Mar 17, 09:00 am",3562.94,1.7321
"Mar 17, 10:00 am",3560.47,1.7321
"Mar 17, 11:00 am",3563.38,1.7321
"Mar 17, 12:00 pm",3563.4,1.7321
"Mar 17, 01:00 pm",3563.67,1.7321
"Mar 17, 02:00 pm",3563.69,1.7321
"Mar 17, 03:00 pm",3563.67,1.7321
"Mar 17, 04:00 pm",3564.85,1.7321
"Mar 17, 05:00 pm",3562.16,1.7321
"Mar 17, 06:00 pm",100.735,0.288683
"Mar 17, 07:00 pm",17.2933,0.288683
"Mar 17, 08:00 pm",0,0.288683
"Mar 17, 09:00 pm",0,0.288683
"Mar 17, 10:00 pm",0,0.288683
"Mar 17, 11:00 pm",0,0.288683
"Mar 18, 12:00 am",0,0.288683
"Mar 18, 01:00 am",0,0.288683
"Mar 18, 02:00 am",0,0.288683
"Mar 18, 03:00 am",0,0.288683
"Mar 18, 04:00 am",0,0.288683
"Mar 18, 05:00 am",0,0.288683
"Mar 18, 06:00 am",0,0.288683
"Mar 18, 07:00 am",0,0.288683
"Mar 18, 08:00 am",685.492,0.625461
"Mar 18, 09:00 am",3563.1,1.7321
"Mar 18, 10:00 am",3563.17,1.7321
"Mar 18, 11:00 am",3563.49,1.7321
"Mar 18, 12:00 pm",3563.53,1.7321
"Mar 18, 01:00 pm",3563.8,1.7321
"Mar 18, 02:00 pm",3563.79,1.7321
"Mar 18, 03:00 pm",3563.39,1.7321
"Mar 18, 04:00 pm",3565.05,1.7321
"Mar 18, 05:00 pm",3521.15,1.71186
"Mar 18, 06:00 pm",69.6235,0.288683
"Mar 18, 07:00 pm",17.3778,0.288683
"Mar 18, 08:00 pm",0,0.288683
"Mar 18, 09:00 pm",0,0.288683
"Mar 18, 10:00 pm",0,0.288683
"Mar 18, 11:00 pm",0,0.288683
"Mar 19, 12:00 am",0,0.288683
"Mar 19, 01:00 am",0,0.288683
"Mar 19, 02:00 am",0,0.288683
"Mar 19, 03:00 am",0,0.288683
"Mar 19, 04:00 am",0,0.288683
"Mar 19, 05:00 am",0,0.288683
"Mar 19, 06:00 am",0,0.288683
"Mar 19, 07:00 am",0,0.288683
"Mar 19, 08:00 am",301.21,0.476018
"Mar 19, 09:00 am",3562.78,1.7321
"Mar 19, 10:00 am",3563.95,1.7321
"Mar 19, 11:00 am",3563.27,1.7321
"Mar 19, 12:00 pm",3563.3,1.7321
"Mar 19, 01:00 pm",3563.43,1.7321
"Mar 19, 02:00 pm",3563.41,1.7321
"Mar 19, 03:00 pm",3563.23,1.7321
"Mar 19, 04:00 pm",3565.29,1.7321
"Mar 19, 05:00 pm",3406.17,1.65594
"Mar 19, 06:00 pm",35.8434,0.288683
"Mar 19, 07:00 pm",17.1005,0.288683
"Mar 19, 08:00 pm",0,0.288683
"Mar 19, 09:00 pm",0,0.288683
"Mar 19, 10:00 pm",0,0.288683
"Mar 19, 11:00 pm",0,0.288683
"Mar 20, 12:00 am",0,0.288683
"Mar 20, 01:00 am",0,0.288683
"Mar 20, 02:00 am",0,0.288683
"Mar 20, 03:00 am",0,0.288683
"Mar 20, 04:00 am",0,0.288683
"Mar 20, 05:00 am",0,0.288683
"Mar 20, 06:00 am",0,0.288683
"Mar 20, 07:00 am",0,0.288683
"Mar 20, 08:00 am",292.141,0.470724
"Mar 20, 09:00 am",3562.61,1.7321
"Mar 20, 10:00 am",3564.19,1.7321
"Mar 20, 11:00 am",3563.22,1.7321
"Mar 20, 12:00 pm",3563.26,1.7321
"Mar 20, 01:00 pm",3563.34,1.7321
"Mar 20, 02:00 pm",3563.36,1.7321
"Mar 20, 03:00 pm",3558.98,1.7321
"Mar 20, 04:00 pm",3565.29,1.7321
"Mar 20, 05:00 pm",3327.61,1.61791
"Mar 20, 06:00 pm",30.6301,0.288683
"Mar 20, 07:00 pm",12.5001,0.288683
"Mar 20, 08:00 pm",0,0.288683
"Mar 20, 09:00 pm",0,0.288683
"Mar 20, 10:00 pm",0,0.288683
"Mar 20, 11:00 pm",0,0.288683
"Mar 21, 12:00 am",0,0.288683
"Mar 21, 01:00 am",0,0.288683
"Mar 21, 02:00 am",0,0.288683
"Mar 21, 03:00 am",0,0.288683
"Mar 21, 04:00 am",0,0.288683
"Mar 21, 05:00 am",0,0.288683
"Mar 21, 06:00 am",0,0.288683
"Mar 21, 07:00 am",0,0.288683
"Mar 21, 08:00 am",285.024,0.467084
"Mar 21, 09:00 am",3562.57,1.7321
"Mar 21, 10:00 am",3564.11,1.7321
"Mar 21, 11:00 am",3563.23,1.7321
"Mar 21, 12:00 pm",3563.27,1.7321
"Mar 21, 01:00 pm",3563.36,1.7321
"Mar 21, 02:00 pm",3563.35,1.7321
"Mar 21, 03:00 pm",3563.33,1.7321
"Mar 21, 04:00 pm",3565.28,1.7321
"Mar 21, 05:00 pm",3317.63,1.61309
"Mar 21, 06:00 pm",27.2198,0.288683
"Mar 21, 07:00 pm",0,0.288683
"Mar 21, 08:00 pm",0,0.288683
"Mar 21, 09:00 pm",0,0.288683
"Mar 21, 10:00 pm",0,0.288683
"Mar 21, 11:00 pm",0,0.288683
"Mar 22, 12:00 am",0,0.288683
"Mar 22, 01:00 am",0,0.288683
"Mar 22, 02:00 am",0,0.288683
"Mar 22, 03:00 am",0,0.288683
"Mar 22, 04:00 am",0,0.288683
"Mar 22, 05:00 am",0,0.288683
"Mar 22, 06:00 am",0,0.288683
"Mar 22, 07:00 am",0,0.288683
"Mar 22, 08:00 am",0,0.46314
"Mar 22, 09:00 am",3562.44,1.7321
"Mar 22, 10:00 am",3564.17,1.7321
"Mar 22, 11:00 am",3563.21,1.7321
"Mar 22, 12:00 pm",3563.24,1.7321
"Mar 22, 01:00 pm",3563.3,1.7321
"Mar 22, 02:00 pm",3563.32,1.7321
"Mar 22, 03:00 pm",3560.83,1.7321
"Mar 22, 04:00 pm",3565.09,1.7321
"Mar 22, 05:00 pm",3207.8,1.5599
"Mar 22, 06:00 pm",24.0329,0.288683
"Mar 22, 07:00 pm",0,0.288683
"Mar 22, 08:00 pm",0,0.288683
"Mar 22, 09:00 pm",0,0.288683
"Mar 22, 10:00 pm",0,0.288683
"Mar 22, 11:00 pm",0,0.288683
"Mar 23, 12:00 am",0,0.288683
"Mar 23, 01:00 am",0,0.288683
"Mar 23, 02:00 am",0,0.288683
"Mar 23, 03:00 am",0,0.288683
"Mar 23, 04:00 am",0,0.288683
"Mar 23, 05:00 am",0,0.288683
"Mar 23, 06:00 am",0,0.288683
"Mar 23, 07:00 am",0,0.288683
"Mar 23, 08:00 am",0,0.455871
"Mar 23, 09:00 am",3561.13,1.7321
"Mar 23, 10:00 am",3564.33,1.7321
"Mar 23, 11:00 am",3563.18,1.7321
"Mar 23, 12:00 pm",3563.22,1.7321
"Mar 23, 01:00 pm",3563.28,1.7321
"Mar 23, 02:00 pm",3563.3,1.7321
"Mar 23, 03:00 pm",3559.47,1.7321
"Mar 23, 04:00 pm",3565.19,1.7321
"Mar 23, 05:00 pm",3232.36,1.57189
"Mar 23, 06:00 pm",21.2473,0.288683
"Mar 23, 07:00 pm",0,0.288683
"Mar 23, 08:00 pm",0,0.288683
"Mar 23, 09:00 pm",0,0.288683
"Mar 23, 10:00 pm",0,0.288683
"Mar 23, 11:00 pm",0,0.288683
"Mar 24, 12:00 am",0,0.288683
"Mar 24, 01:00 am",0,0.288683
"Mar 24, 02:00 am",0,0.288683
"Mar 24, 03:00 am",0,0.288683
"Mar 24, 04:00 am",0,0.288683
"Mar 24, 05:00 am",0,0.288683
"Mar 24, 06:00 am",0,0.288683
"Mar 24, 07:00 am",0,0.288683
"Mar 24, 08:00 am",0,0.455668
"Mar 24, 09:00 am",3558.83,1.7321
"Mar 24, 10:00 am",3564.48,1.7321
"Mar 24, 11:00 am",3563.16,1.7321
"Mar 24, 12:00 pm",3563.19,1.7321
"Mar 24, 01:00 pm",3563.23,1.7321
"Mar 24, 02:00 pm",3563.25,1.7321
"Mar 24, 03:00 pm",3561.87,1.7321
"Mar 24, 04:00 pm",3564.97,1.7321
"Mar 24, 05:00 pm",3138.32,1.52599
"Mar 24, 06:00 pm",19.077,0.288683
"Mar 24, 07:00 pm",0,0.288683
"Mar 24, 08:00 pm",0,0.288683
"Mar 24, 09:00 pm",0,0.288683
"Mar 24, 10:00 pm",0,0.288683
"Mar 24, 11:00 pm",0,0.288683
"Mar 25, 12:00 am",0,0.288683
"Mar 25, 01:00 am",0,0.288683
"Mar 25, 02:00 am",0,0.288683
"Mar 25, 03:00 am",0,0.288683
"Mar 25, 04:00 am",0,0.288683
"Mar 25, 05:00 am",0,0.288683
"Mar 25, 06:00 am",0,0.288683
"Mar 25, 07:00 am",0,0.288683
"Mar 25, 08:00 am",0,0.452286
"Mar 25, 09:00 am",3562.3,1.7321
"Mar 25, 10:00 am",3564.54,1.7321
"Mar 25, 11:00 am",3563.11,1.7321
"Mar 25, 12:00 pm",3563.13,1.7321
"Mar 25, 01:00 pm",3563.17,1.7321
"Mar 25, 02:00 pm",3563.16,1.7321
"Mar 25, 03:00 pm",3562.39,1.7321
"Mar 25, 04:00 pm",24.1581,0.288683
"Mar 25, 05:00 pm",0,0.288683
"Mar 25, 06:00 pm",0,0.288683
"Mar 25, 07:00 pm",0,0.288683
"Mar 25, 08:00 pm",0,0.288683
"Mar 25, 09:00 pm",0,0.288683
"Mar 25, 10:00 pm",0,0.288683
"Mar 25, 11:00 pm",0,0.288683
"Mar 26, 12:00 am",0,0.288683
"Mar 26, 01:00 am",0,0.288683
"Mar 26, 02:00 am",0,0.288683
"Mar 26, 03:00 am",0,0.288683
"Mar 26, 04:00 am",0,0.288683
"Mar 26, 05:00 am",0,0.288683
"Mar 26, 06:00 am",0,0.288683
"Mar 26, 07:00 am",0,0.288683
"Mar 26, 08:00 am",0,0.454177
"Mar 26, 09:00 am",3562.32,1.7321
"Mar 26, 10:00 am",3564.4,1.7321
"Mar 26, 11:00 am",3563.14,1.7321
"Mar 26, 12:00 pm",3563.17,1.7321
"Mar 26, 01:00 pm",3563.23,1.7321
"Mar 26, 02:00 pm",3563.24,1.7321
"Mar 26, 03:00 pm",3560.46,1.7321
"Mar 26, 04:00 pm",3565.07,1.7321
"Mar 26, 05:00 pm",2980.35,1.44882
"Mar 26, 06:00 pm",18.5947,0.288683
"Mar 26, 07:00 pm",0,0.288683
"Mar 26, 08:00 pm",0,0.288683
"Mar 26, 09:00 pm",0,0.288683
"Mar 26, 10:00 pm",0,0.288683
"Mar 26, 11:00 pm",0,0.288683
"Mar 27, 12:00 am",0,0.288683
"Mar 27, 01:00 am",0,0.288683
"Mar 27, 02:00 am",0,0.288683
"Mar 27, 03:00 am",0,0.288683
"Mar 27, 04:00 am",0,0.288683
"Mar 27, 05:00 am",0,0.288683
"Mar 27, 06:00 am",0,0.288683
"Mar 27, 07:00 am",0,0.288683
"Mar 27, 08:00 am",0,0.44743
"Mar 27, 09:00 am",3562.3,1.7321
"Mar 27, 10:00 am",3564.77,1.7321
"Mar 27, 11:00 am",3558.59,1.7321
"Mar 27, 12:00 pm",3559.14,1.7321
"Mar 27, 01:00 pm",28.2568,0.288683
"Mar 27, 02:00 pm",0,0.288683
"Mar 27, 03:00 pm",0,0.288683
"Mar 27, 04:00 pm",0,0.288683
"Mar 27, 05:00 pm",0,0.288683
"Mar 27, 06:00 pm",0,0.288683
"Mar 27, 07:00 pm",0,0.288683
"Mar 27, 08:00 pm",0,0.288683
"Mar 27, 09:00 pm",0,0.288683
"Mar 27, 10:00 pm",0,0.288683
"Mar 27, 11:00 pm",0,0.288683
"Mar 28, 12:00 am",0,0.288683
"Mar 28, 01:00 am",0,0.288683
"Mar 28, 02:00 am",0,0.288683
"Mar 28, 03:00 am",0,0.288683
"Mar 28, 04:00 am",0,0.288683
"Mar 28, 05:00 am",0,0.288683
"Mar 28, 06:00 am",0,0.288683
"Mar 28, 07:00 am",0,0.288683
"Mar 28, 08:00 am",0,0.440934
"Mar 28, 09:00 am",2987.66,1.70061
"Mar 28, 10:00 am",3565.04,1.7321
"Mar 28, 11:00 am",3560.31,1.7321
"Mar 28, 12:00 pm",3560.65,1.7321
"Mar 28, 01:00 pm",3563.23,1.7321
"Mar 28, 02:00 pm",3559.93,1.7321
"Mar 28, 03:00 pm",3564.98,1.7321
"Mar 28, 04:00 pm",3564.67,1.7321
"Mar 28, 05:00 pm",2696.43,1.31103
"Mar 28, 06:00 pm",18.8628,0.288683
"Mar 28, 07:00 pm",0,0.288683
"Mar 28, 08:00 pm",0,0.288683
"Mar 28, 09:00 pm",0,0.288683
"Mar 28, 10:00 pm",0,0.288683
"Mar 28, 11:00 pm",0,0.288683
"Mar 29, 12:00 am",0,0.288683
"Mar 29, 01:00 am",0,0.288683
"Mar 29, 02:00 am",0,0.288683
"Mar 29, 03:00 am",0,0.288683
"Mar 29, 04:00 am",0,0.288683
"Mar 29, 05:00 am",0,0.288683
"Mar 29, 06:00 am",0,0.288683
"Mar 29, 07:00 am",0,0.288683
"Mar 29, 08:00 am",0,0.438792
"Mar 29, 09:00 am",3008.41,1.6999
"Mar 29, 10:00 am",3565.05,1.7321
"Mar 29, 11:00 am",3560.32,1.7321
"Mar 29, 12:00 pm",3560.59,1.7321
"Mar 29, 01:00 pm",3563.23,1.7321
"Mar 29, 02:00 pm",3559.98,1.7321
"Mar 29, 03:00 pm",3566.75,1.7321
"Mar 29, 04:00 pm",3564.92,1.7321
"Mar 29, 05:00 pm",2605.52,1.26685
"Mar 29, 06:00 pm",19.0515,0.288683
"Mar 29, 07:00 pm",0,0.288683
"Mar 29, 08:00 pm",0,0.288683
"Mar 29, 09:00 pm",0,0.288683
"Mar 29, 10:00 pm",0,0.288683
"Mar 29, 11:00 pm",0,0.288683
"Mar 30, 12:00 am",0,0.288683
"Mar 30, 01:00 am",0,0.288683
"Mar 30, 02:00 am",0,0.288683
"Mar 30, 03:00 am",0,0.288683
"Mar 30, 04:00 am",0,0.288683
"Mar 30, 05:00 am",0,0.288683
"Mar 30, 06:00 am",0,0.288683
"Mar 30, 07:00 am",0,0.288683
"Mar 30, 08:00 am",0,0.441793
"Mar 30, 09:00 am",3009.17,1.70333
"Mar 30, 10:00 am",3564.81,1.7321
"Mar 30, 11:00 am",3563.21,1.7321
"Mar 30, 12:00 pm",3559.48,1.7321
"Mar 30, 01:00 pm",3563.26,1.7321
"Mar 30, 02:00 pm",3560.31,1.7321
"Mar 30, 03:00 pm",3560.29,1.7321
"Mar 30, 04:00 pm",3564.49,1.7321
"Mar 30, 05:00 pm",2472.46,1.20222
"Mar 30, 06:00 pm",18.7925,0.288683
"Mar 30, 07:00 pm",0,0.288683
"Mar 30, 08:00 pm",0,0.288683
"Mar 30, 09:00 pm",0,0.288683
"Mar 30, 10:00 pm",0,0.288683
"Mar 30, 11:00 pm",0,0.288683
"Mar 31, 12:00 am",0,0.288683
"Mar 31, 01:00 am",0,0.288683
"Mar 31, 02:00 am",0,0.288683
"Mar 31, 03:00 am",0,0.288683
"Mar 31, 04:00 am",0,0.288683
"Mar 31, 05:00 am",0,0.288683
"Mar 31, 06:00 am",0,0.288683
"Mar 31, 07:00 am",0,0.288683
"Mar 31, 08:00 am",0,0.429166
"Mar 31, 09:00 am",2966.17,1.6933
"Mar 31, 10:00 am",3565.25,1.7321
"Mar 31, 11:00 am",3561.16,1.7321
"Mar 31, 12:00 pm",3560.41,1.7321
"Mar 31, 01:00 pm",3561.75,1.7321
"Mar 31, 02:00 pm",3563.48,1.7321
"Mar 31, 03:00 pm",3564.5,1.7321
"Mar 31, 04:00 pm",3564.28,1.7321
"Mar 31, 05:00 pm",2292.78,1.11494
"Mar 31, 06:00 pm",18.6417,0.288683
"Mar 31, 07:00 pm",0,0.288683
"Mar 31, 08:00 pm",0,0.288683
"Mar 31, 09:00 pm",0,0.288683
"Mar 31, 10:00 pm",0,0.288683
"Mar 31, 11:00 pm",0,0.288683
"Apr 1, 12:00 am",0,0.288683
"Apr 1, 01:00 am",0,0.288683
"Apr 1, 02:00 am",0,0.288683
"Apr 1, 03:00 am",0,0.288683
"Apr 1, 04:00 am",0,0.288683
"Apr 1, 05:00 am",0,0.288683
"Apr 1, 06:00 am",0,0.288683
"Apr 1, 07:00 am",0,0.288683
"Apr 1, 08:00 am",0,0.288683
"Apr 1, 09:00 am",0,0.288683
"Apr 1, 10:00 am",0,0.288683
"Apr 1, 11:00 am",0,0.288683
"Apr 1, 12:00 pm",2436.26,1.25094
"Apr 1, 01:00 pm",3564.3,1.7321
"Apr 1, 02:00 pm",3564.6,1.7321
"Apr 1, 03:00 pm",3565.11,1.7321
"Apr 1, 04:00 pm",3563.91,1.7321
"Apr 1, 05:00 pm",2124.49,1.03322
"Apr 1, 06:00 pm",17.8711,0.288683
"Apr 1, 07:00 pm",0,0.288683
"Apr 1, 08:00 pm",0,0.288683
"Apr 1, 09:00 pm",0,0.288683
"Apr 1, 10:00 pm",0,0.288683
"Apr 1, 11:00 pm",0,0.288683
"Apr 2, 12:00 am",0,0.288683
"Apr 2, 01:00 am",0,0.288683
"Apr 2, 02:00 am",0,0.288683
"Apr 2, 03:00 am",0,0.288683
"Apr 2, 04:00 am",0,0.288683
"Apr 2, 05:00 am",0,0.288683
"Apr 2, 06:00 am",0,0.288683
"Apr 2, 07:00 am",0,0.288683
"Apr 2, 08:00 am",0,0.353034
"Apr 2, 09:00 am",2959.49,1.68149
"Apr 2, 10:00 am",3565.08,1.7321
"Apr 2, 11:00 am",3564.31,1.7321
"Apr 2, 12:00 pm",3564.34,1.7321
"Apr 2, 01:00 pm",3563.83,1.7321
"Apr 2, 02:00 pm",3564.48,1.7321
"Apr 2, 03:00 pm",3565.02,1.7321
"Apr 2, 04:00 pm",3563.95,1.7321
"Apr 2, 05:00 pm",2054.54,0.999239
"Apr 2, 06:00 pm",17.8403,0.288683
"Apr 2, 07:00 pm",0,0.288683
"Apr 2, 08:00 pm",0,0.288683
"Apr 2, 09:00 pm",0,0.288683
"Apr 2, 10:00 pm",0,0.288683
"Apr 2, 11:00 pm",0,0.288683
"Apr 3, 12:00 am",0,0.288683
"Apr 3, 01:00 am",0,0.288683
"Apr 3, 02:00 am",0,0.288683
"Apr 3, 03:00 am",0,0.288683
"Apr 3, 04:00 am",0,0.288683
"Apr 3, 05:00 am",0,0.288683
"Apr 3, 06:00 am",0,0.288683
"Apr 3, 07:00 am",0,0.288683
"Apr 3, 08:00 am",0,0.288683
"Apr 3, 09:00 am",2877,1.63695
"Apr 3, 10:00 am",24.1055,0.288683
"Apr 3, 11:00 am",0,0.288683
"Apr 3, 12:00 pm",0,0.288683
"Apr 3, 01:00 pm",0,0.288683
"Apr 3, 02:00 pm",0,0.288683
"Apr 3, 03:00 pm",0,0.288683
"Apr 3, 04:00 pm",0,0.288683
"Apr 3, 05:00 pm",0,0.288683
"Apr 3, 06:00 pm",0,0.288683
"Apr 3, 07:00 pm",0,0.288683
"Apr 3, 08:00 pm",0,0.288683
"Apr 3, 09:00 pm",0,0.288683
"Apr 3, 10:00 pm",0,0.288683
"Apr 3, 11:00 pm",0,0.288683
"Apr 4, 12:00 am",0,0.288683
"Apr 4, 01:00 am",0,0.288683
"Apr 4, 02:00 am",0,0.288683
"Apr 4, 03:00 am",0,0.288683
"Apr 4, 04:00 am",0,0.288683
"Apr 4, 05:00 am",0,0.288683
"Apr 4, 06:00 am",0,0.288683
"Apr 4, 07:00 am",0,0.288683
"Apr 4, 08:00 am",0,0.288683
"Apr 4, 09:00 am",2292.34,1.5823
"Apr 4, 10:00 am",3564.38,1.7321
"Apr 4, 11:00 am",3565.06,1.7321
"Apr 4, 12:00 pm",3565.08,1.7321
"Apr 4, 01:00 pm",3565.1,1.7321
"Apr 4, 02:00 pm",3565.21,1.7321
"Apr 4, 03:00 pm",3565.2,1.7321
"Apr 4, 04:00 pm",3563.55,1.7321
"Apr 4, 05:00 pm",1798.87,0.874997
"Apr 4, 06:00 pm",17.7172,0.288683
"Apr 4, 07:00 pm",0,0.288683
"Apr 4, 08:00 pm",0,0.288683
"Apr 4, 09:00 pm",0,0.288683
"Apr 4, 10:00 pm",0,0.288683
"Apr 4, 11:00 pm",0,0.288683
"Apr 5, 12:00 am",0,0.288683
"Apr 5, 01:00 am",0,0.288683
"Apr 5, 02:00 am",0,0.288683
"Apr 5, 03:00 am",0,0.288683
"Apr 5, 04:00 am",0,0.288683
"Apr 5, 05:00 am",0,0.288683
"Apr 5, 06:00 am",0,0.288683
"Apr 5, 07:00 am",0,0.288683
"Apr 5, 08:00 am",0,0.288683
"Apr 5, 09:00 am",0,0.288683
"Apr 5, 10:00 am",0,0.288683
"Apr 5, 11:00 am",2430.92,1.25094
"Apr 5, 12:00 pm",27.1914,0.288683
"Apr 5, 01:00 pm",3032.42,1.7321
"Apr 5, 02:00 pm",24.9793,0.288683
"Apr 5, 03:00 pm",0,0.288683
"Apr 5, 04:00 pm",2969.98,1.72644
"Apr 5, 05:00 pm",1711.7,0.832632
"Apr 5, 06:00 pm",17.5328,0.288683
"Apr 5, 07:00 pm",0,0.288683
"Apr 5, 08:00 pm",0,0.288683
"Apr 5, 09:00 pm",0,0.288683
"Apr 5, 10:00 pm",0,0.288683
"Apr 5, 11:00 pm",0,0.288683
"Apr 6, 12:00 am",0,0.288683
"Apr 6, 01:00 am",0,0.288683
"Apr 6, 02:00 am",0,0.288683
"Apr 6, 03:00 am",0,0.288683
"Apr 6, 04:00 am",0,0.288683
"Apr 6, 05:00 am",0,0.288683
"Apr 6, 06:00 am",0,0.288683
"Apr 6, 07:00 am",0,0.288683
"Apr 6, 08:00 am",0,0.288683
"Apr 6, 09:00 am",0,0.288683
"Apr 6, 10:00 am",0,0.288683
"Apr 6, 11:00 am",2432.1,1.25094
"Apr 6, 12:00 pm",3565.1,1.7321
"Apr 6, 01:00 pm",3564.78,1.7321
"Apr 6, 02:00 pm",3565.22,1.7321
"Apr 6, 03:00 pm",3565.21,1.7321
"Apr 6, 04:00 pm",3563.58,1.7321
"Apr 6, 05:00 pm",1658.48,0.806736
"Apr 6, 06:00 pm",17.9378,0.288683
"Apr 6, 07:00 pm",0,0.288683
"Apr 6, 08:00 pm",0,0.288683
"Apr 6, 09:00 pm",0,0.288683
"Apr 6, 10:00 pm",0,0.288683
"Apr 6, 11:00 pm",0,0.288683
"Apr 7, 12:00 am",0,0.288683
"Apr 7, 01:00 am",0,0.288683
"Apr 7, 02:00 am",0,0.288683
"Apr 7, 03:00 am",0,0.288683
"Apr 7, 04:00 am",0,0.288683
"Apr 7, 05:00 am",0,0.288683
"Apr 7, 06:00 am",0,0.288683
"Apr 7, 07:00 am",0,0.288683
"Apr 7, 08:00 am",0,0.288683
"Apr 7, 09:00 am",2271.35,1.56387
"Apr 7, 10:00 am",3564.38,1.7321
"Apr 7, 11:00 am",3565.12,1.7321
"Apr 7, 12:00 pm",3565.17,1.7321
"Apr 7, 01:00 pm",3564.82,1.7321
"Apr 7, 02:00 pm",3565.22,1.7321
"Apr 7, 03:00 pm",3565.22,1.7321
"Apr 7, 04:00 pm",3563.64,1.7321
"Apr 7, 05:00 pm",1599.79,0.778181
"Apr 7, 06:00 pm",18.2733,0.288683
"Apr 7, 07:00 pm",0,0.288683
"Apr 7, 08:00 pm",0,0.288683
"Apr 7, 09:00 pm",0,0.288683
"Apr 7, 10:00 pm",0,0.288683
"Apr 7, 11:00 pm",0,0.288683
"Apr 8, 12:00 am",0,0.288683
"Apr 8, 01:00 am",0,0.288683
"Apr 8, 02:00 am",0,0.288683
"Apr 8, 03:00 am",0,0.288683
"Apr 8, 04:00 am",0,0.288683
"Apr 8, 05:00 am",0,0.288683
"Apr 8, 06:00 am",0,0.288683
"Apr 8, 07:00 am",0,0.288683
"Apr 8, 08:00 am",0,0.288683
"Apr 8, 09:00 am",2253.28,1.55459
"Apr 8, 10:00 am",3564.32,1.7321
"Apr 8, 11:00 am",3565.27,1.7321
"Apr 8, 12:00 pm",3565.32,1.7321
"Apr 8, 01:00 pm",3565.34,1.7321
"Apr 8, 02:00 pm",3565.37,1.7321
"Apr 8, 03:00 pm",3565.35,1.7321
"Apr 8, 04:00 pm",3563.48,1.7321
"Apr 8, 05:00 pm",1482.59,0.72117
"Apr 8, 06:00 pm",18.226,0.288683
"Apr 8, 07:00 pm",0,0.288683
"Apr 8, 08:00 pm",0,0.288683
"Apr 8, 09:00 pm",0,0.288683
"Apr 8, 10:00 pm",0,0.288683
"Apr 8, 11:00 pm",0,0.288683
"Apr 9, 12:00 am",0,0.288683
"Apr 9, 01:00 am",0,0.288683
"Apr 9, 02:00 am",0,0.288683
"Apr 9, 03:00 am",0,0.288683
"Apr 9, 04:00 am",0,0.288683
"Apr 9, 05:00 am",0,0.288683
"Apr 9, 06:00 am",0,0.288683
"Apr 9, 07:00 am",0,0.288683
"Apr 9, 08:00 am",0,0.288683
"Apr 9, 09:00 am",0,0.288683
"Apr 9, 10:00 am",0,0.288683
"Apr 9, 11:00 am",0,0.288683
"Apr 9, 12:00 pm",0,0.288683
"Apr 9, 01:00 pm",0,0.288683
"Apr 9, 02:00 pm",0,0.288683
"Apr 9, 03:00 pm",0,0.288683
"Apr 9, 04:00 pm",0,0.288683
"Apr 9, 05:00 pm",0,0.288683
"Apr 9, 06:00 pm",0,0.288683
"Apr 9, 07:00 pm",0,0.288683
"Apr 9, 08:00 pm",0,0.288683
"Apr 9, 09:00 pm",0,0.288683
"Apr 9, 10:00 pm",0,0.288683
"Apr 9, 11:00 pm",0,0.288683
"Apr 10, 12:00 am",0,0.288683
"Apr 10, 01:00 am",0,0.288683
"Apr 10, 02:00 am",0,0.288683
"Apr 10, 03:00 am",0,0.288683
"Apr 10, 04:00 am",0,0.288683
"Apr 10, 05:00 am",0,0.288683
"Apr 10, 06:00 am",0,0.288683
"Apr 10, 07:00 am",0,0.288683
"Apr 10, 08:00 am",0,0.288683
"Apr 10, 09:00 am",0,0.288683
"Apr 10, 10:00 am",0,0.288683
"Apr 10, 11:00 am",0,0.288683
"Apr 10, 12:00 pm",0,0.288683
"Apr 10, 01:00 pm",2418.5,1.25094
"Apr 10, 02:00 pm",3564.82,1.7321
"Apr 10, 03:00 pm",3564.39,1.7321
"Apr 10, 04:00 pm",3560.71,1.7321
"Apr 10, 05:00 pm",19.9392,0.288683
"Apr 10, 06:00 pm",0,0.288683
"Apr 10, 07:00 pm",0,0.288683
"Apr 10, 08:00 pm",0,0.288683
"Apr 10, 09:00 pm",0,0.288683
"Apr 10, 10:00 pm",0,0.288683
"Apr 10, 11:00 pm",0,0.288683
"Apr 11, 12:00 am",0,0.288683
"Apr 11, 01:00 am",0,0.288683
"Apr 11, 02:00 am",0,0.288683
"Apr 11, 03:00 am",0,0.288683
"Apr 11, 04:00 am",0,0.288683
"Apr 11, 05:00 am",0,0.288683
"Apr 11, 06:00 am",0,0.288683
"Apr 11, 07:00 am",0,0.288683
"Apr 11, 08:00 am",0,0.288683
"Apr 11, 09:00 am",3289.71,1.5917
"Apr 11, 10:00 am",3563.94,1.7321
"Apr 11, 11:00 am",3565.06,1.7321
"Apr 11, 12:00 pm",24.2295,0.288683
"Apr 11, 01:00 pm",0,0.288683
"Apr 11, 02:00 pm",0,0.288683
"Apr 11, 03:00 pm",0,0.288683
"Apr 11, 04:00 pm",0,0.288683
"Apr 11, 05:00 pm",0,0.288683
"Apr 11, 06:00 pm",0,0.288683
"Apr 11, 07:00 pm",0,0.288683
"Apr 11, 08:00 pm",0,0.288683
"Apr 11, 09:00 pm",0,0.288683
"Apr 11, 10:00 pm",0,0.288683
"Apr 11, 11:00 pm",0,0.288683
"Apr 12, 12:00 am",0,0.288683
"Apr 12, 01:00 am",0,0.288683
"Apr 12, 02:00 am",0,0.288683
"Apr 12, 03:00 am",0,0.288683
"Apr 12, 04:00 am",0,0.288683
"Apr 12, 05:00 am",0,0.288683
"Apr 12, 06:00 am",0,0.288683
"Apr 12, 07:00 am",0,0.288683
"Apr 12, 08:00 am",0,0.288683
"Apr 12, 09:00 am",3315.94,1.60622
"Apr 12, 10:00 am",3564.16,1.7321
"Apr 12, 11:00 am",3565.24,1.7321
"Apr 12, 12:00 pm",3565.28,1.7321
"Apr 12, 01:00 pm",3565.3,1.7321
"Apr 12, 02:00 pm",3565.29,1.7321
"Apr 12, 03:00 pm",3565.05,1.7321
"Apr 12, 04:00 pm",3563.21,1.7321
"Apr 12, 05:00 pm",1186.23,0.57722
"Apr 12, 06:00 pm",17.5723,0.288683
"Apr 12, 07:00 pm",0,0.288683
"Apr 12, 08:00 pm",0,0.288683
"Apr 12, 09:00 pm",0,0.288683
"Apr 12, 10:00 pm",0,0.288683
"Apr 12, 11:00 pm",0,0.288683
"Apr 13, 12:00 am",0,0.288683
"Apr 13, 01:00 am",0,0.288683
"Apr 13, 02:00 am",0,0.288683
"Apr 13, 03:00 am",0,0.288683
"Apr 13, 04:00 am",0,0.288683
"Apr 13, 05:00 am",0,0.288683
"Apr 13, 06:00 am",0,0.288683
"Apr 13, 07:00 am",0,0.288683
"Apr 13, 08:00 am",0,0.288683
"Apr 13, 09:00 am",2401.71,1.2494
"Apr 13, 10:00 am",3564.18,1.7321
"Apr 13, 11:00 am",3565.1,1.7321
"Apr 13, 12:00 pm",3565.13,1.7321
"Apr 13, 01:00 pm",3565.15,1.7321
"Apr 13, 02:00 pm",3565.13,1.7321
"Apr 13, 03:00 pm",3564.43,1.7321
"Apr 13, 04:00 pm",3563.06,1.7321
"Apr 13, 05:00 pm",1051.31,0.511703
"Apr 13, 06:00 pm",17.3433,0.288683
"Apr 13, 07:00 pm",0,0.288683
"Apr 13, 08:00 pm",0,0.288683
"Apr 13, 09:00 pm",0,0.288683
"Apr 13, 10:00 pm",0,0.288683
"Apr 13, 11:00 pm",0,0.288683
"Apr 14, 12:00 am",0,0.288683
"Apr 14, 01:00 am",0,0.288683
"Apr 14, 02:00 am",0,0.288683
"Apr 14, 03:00 am",0,0.288683
"Apr 14, 04:00 am",0,0.288683
"Apr 14, 05:00 am",0,0.288683
"Apr 14, 06:00 am",0,0.288683
"Apr 14, 07:00 am",0,0.288683
"Apr 14, 08:00 am",0,0.288683
"Apr 14, 09:00 am",0,0.288683
"Apr 14, 10:00 am",0,0.288683
"Apr 14, 11:00 am",0,0.288683
"Apr 14, 12:00 pm",0,0.288683
"Apr 14, 01:00 pm",0,0.288683
"Apr 14, 02:00 pm",0,0.288683
"Apr 14, 03:00 pm",0,0.288683
"Apr 14, 04:00 pm",0,0.288683
"Apr 14, 05:00 pm",0,0.288683
"Apr 14, 06:00 pm",0,0.288683
"Apr 14, 07:00 pm",0,0.288683
"Apr 14, 08:00 pm",0,0.288683
"Apr 14, 09:00 pm",0,0.288683
"Apr 14, 10:00 pm",0,0.288683
"Apr 14, 11:00 pm",0,0.288683
"Apr 15, 12:00 am",0,0.288683
"Apr 15, 01:00 am",0,0.288683
"Apr 15, 02:00 am",0,0.288683
"Apr 15, 03:00 am",0,0.288683
"Apr 15, 04:00 am",0,0.288683
"Apr 15, 05:00 am",0,0.288683
"Apr 15, 06:00 am",0,0.288683
"Apr 15, 07:00 am",0,0.288683
"Apr 15, 08:00 am",0,0.288683
"Apr 15, 09:00 am",1712.76,0.96696
"Apr 15, 10:00 am",3563.68,1.7321
"Apr 15, 11:00 am",3564.44,1.7321
"Apr 15, 12:00 pm",3564.48,1.7321
"Apr 15, 01:00 pm",3564.52,1.7321
"Apr 15, 02:00 pm",3564.51,1.7321
"Apr 15, 03:00 pm",3564.5,1.7321
"Apr 15, 04:00 pm",3563.11,1.7321
"Apr 15, 05:00 pm",908.624,0.44225
"Apr 15, 06:00 pm",17.9501,0.288683
"Apr 15, 07:00 pm",0,0.288683
"Apr 15, 08:00 pm",0,0.288683
"Apr 15, 09:00 pm",0,0.288683
"Apr 15, 10:00 pm",0,0.288683
"Apr 15, 11:00 pm",0,0.288683
"Apr 16, 12:00 am",0,0.288683
"Apr 16, 01:00 am",0,0.288683
"Apr 16, 02:00 am",0,0.288683
"Apr 16, 03:00 am",0,0.288683
"Apr 16, 04:00 am",0,0.288683
"Apr 16, 05:00 am",0,0.288683
"Apr 16, 06:00 am",0,0.288683
"Apr 16, 07:00 am",0,0.288683
"Apr 16, 08:00 am",0,0.288683
"Apr 16, 09:00 am",0,0.288683
"Apr 16, 10:00 am",0,0.288683
"Apr 16, 11:00 am",0,0.288683
"Apr 16, 12:00 pm",2419.63,1.25094
"Apr 16, 01:00 pm",3564.35,1.7321
"Apr 16, 02:00 pm",3564.34,1.7321
"Apr 16, 03:00 pm",3564.06,1.7321
"Apr 16, 04:00 pm",3560.83,1.7321
"Apr 16, 05:00 pm",828.061,0.403347
"Apr 16, 06:00 pm",17.0624,0.288683
"Apr 16, 07:00 pm",0,0.288683
"Apr 16, 08:00 pm",0,0.288683
"Apr 16, 09:00 pm",0,0.288683
"Apr 16, 10:00 pm",0,0.288683
"Apr 16, 11:00 pm",0,0.288683
"Apr 17, 12:00 am",0,0.288683
"Apr 17, 01:00 am",0,0.288683
"Apr 17, 02:00 am",0,0.288683
"Apr 17, 03:00 am",0,0.288683
"Apr 17, 04:00 am",0,0.288683
"Apr 17, 05:00 am",0,0.288683
"Apr 17, 06:00 am",0,0.288683
"Apr 17, 07:00 am",0,0.288683
"Apr 17, 08:00 am",0,0.288683
"Apr 17, 09:00 am",3040.59,1.47882
"Apr 17, 10:00 am",3563.59,1.7321
"Apr 17, 11:00 am",3564.41,1.7321
"Apr 17, 12:00 pm",3564.45,1.7321
"Apr 17, 01:00 pm",3564.47,1.7321
"Apr 17, 02:00 pm",3564.47,1.7321
"Apr 17, 03:00 pm",3564.45,1.7321
"Apr 17, 04:00 pm",3559,1.7321
"Apr 17, 05:00 pm",800.941,0.390159
"Apr 17, 06:00 pm",17.3052,0.288683
"Apr 17, 07:00 pm",0,0.288683
"Apr 17, 08:00 pm",0,0.288683
"Apr 17, 09:00 pm",0,0.288683
"Apr 17, 10:00 pm",0,0.288683
"Apr 17, 11:00 pm",0,0.288683
"Apr 18, 12:00 am",0,0.288683
"Apr 18, 01:00 am",0,0.288683
"Apr 18, 02:00 am",0,0.288683
"Apr 18, 03:00 am",0,0.288683
"Apr 18, 04:00 am",0,0.288683
"Apr 18, 05:00 am",0,0.288683
"Apr 18, 06:00 am",0,0.288683
"Apr 18, 07:00 am",0,0.288683
"Apr 18, 08:00 am",0,0.288683
"Apr 18, 09:00 am",3043.48,1.48024
"Apr 18, 10:00 am",3563.61,1.7321
"Apr 18, 11:00 am",3564.41,1.7321
"Apr 18, 12:00 pm",3564.44,1.7321
"Apr 18, 01:00 pm",3564.46,1.7321
"Apr 18, 02:00 pm",3564.45,1.7321
"Apr 18, 03:00 pm",3564.43,1.7321
"Apr 18, 04:00 pm",3560.41,1.7321
"Apr 18, 05:00 pm",736.515,0.358912
"Apr 18, 06:00 pm",17.0673,0.288683
"Apr 18, 07:00 pm",0,0.288683
"Apr 18, 08:00 pm",0,0.288683
"Apr 18, 09:00 pm",0,0.288683
"Apr 18, 10:00 pm",0,0.288683
"Apr 18, 11:00 pm",0,0.288683
"Apr 19, 12:00 am",0,0.288683
"Apr 19, 01:00 am",0,0.288683
"Apr 19, 02:00 am",0,0.288683
"Apr 19, 03:00 am",0,0.288683
"Apr 19, 04:00 am",0,0.288683
"Apr 19, 05:00 am",0,0.288683
"Apr 19, 06:00 am",0,0.288683
"Apr 19, 07:00 am",0,0.288683
"Apr 19, 08:00 am",0,0.288683
"Apr 19, 09:00 am",2442.11,1.38197
"Apr 19, 10:00 am",3563.16,1.7321
"Apr 19, 11:00 am",3564.07,1.7321
"Apr 19, 12:00 pm",3564.1,1.7321
"Apr 19, 01:00 pm",3564.13,1.7321
"Apr 19, 02:00 pm",3564.12,1.7321
"Apr 19, 03:00 pm",3563.89,1.7321
"Apr 19, 04:00 pm",3499.5,1.70167
"Apr 19, 05:00 pm",655.656,0.31958
"Apr 19, 06:00 pm",17.1819,0.288683
"Apr 19, 07:00 pm",0,0.288683
"Apr 19, 08:00 pm",0,0.288683
"Apr 19, 09:00 pm",0,0.288683
"Apr 19, 10:00 pm",0,0.288683
"Apr 19, 11:00 pm",0,0.288683
"Apr 20, 12:00 am",0,0.288683
"Apr 20, 01:00 am",0,0.288683
"Apr 20, 02:00 am",0,0.288683
"Apr 20, 03:00 am",0,0.288683
"Apr 20, 04:00 am",0,0.288683
"Apr 20, 05:00 am",0,0.288683
"Apr 20, 06:00 am",0,0.288683
"Apr 20, 07:00 am",0,0.288683
"Apr 20, 08:00 am",0,0.288683
"Apr 20, 09:00 am",2537.22,1.4251
"Apr 20, 10:00 am",3563.36,1.7321
"Apr 20, 11:00 am",3564.22,1.7321
"Apr 20, 12:00 pm",3564.25,1.7321
"Apr 20, 01:00 pm",3564.27,1.7321
"Apr 20, 02:00 pm",3564.26,1.7321
"Apr 20, 03:00 pm",3564.25,1.7321
"Apr 20, 04:00 pm",3546.4,1.72404
"Apr 20, 05:00 pm",620.624,0.30264
"Apr 20, 06:00 pm",16.6988,0.288683
"Apr 20, 07:00 pm",0,0.288683
"Apr 20, 08:00 pm",0,0.288683
"Apr 20, 09:00 pm",0,0.288683
"Apr 20, 10:00 pm",0,0.288683
"Apr 20, 11:00 pm",0,0.288683
"Apr 21, 12:00 am",0,0.288683
"Apr 21, 01:00 am",0,0.288683
"Apr 21, 02:00 am",0,0.288683
"Apr 21, 03:00 am",0,0.288683
"Apr 21, 04:00 am",0,0.288683
"Apr 21, 05:00 am",0,0.288683
"Apr 21, 06:00 am",0,0.288683
"Apr 21, 07:00 am",0,0.288683
"Apr 21, 08:00 am",0,0.288683
"Apr 21, 09:00 am",2472,1.40008
"Apr 21, 10:00 am",23.0891,0.288683
"Apr 21, 11:00 am",3003.52,1.7321
"Apr 21, 12:00 pm",23.957,0.288683
"Apr 21, 01:00 pm",0,0.288683
"Apr 21, 02:00 pm",0,0.288683
"Apr 21, 03:00 pm",0,0.288683
"Apr 21, 04:00 pm",0,0.288683
"Apr 21, 05:00 pm",0,0.288683
"Apr 21, 06:00 pm",0,0.288683
"Apr 21, 07:00 pm",0,0.288683
"Apr 21, 08:00 pm",0,0.288683
"Apr 21, 09:00 pm",0,0.288683
"Apr 21, 10:00 pm",0,0.288683
"Apr 21, 11:00 pm",0,0.288683
"Apr 22, 12:00 am",0,0.288683
"Apr 22, 01:00 am",0,0.288683
"Apr 22, 02:00 am",0,0.288683
"Apr 22, 03:00 am",0,0.288683
"Apr 22, 04:00 am",0,0.288683
"Apr 22, 05:00 am",0,0.288683
"Apr 22, 06:00 am",0,0.288683
"Apr 22, 07:00 am",0,0.288683
"Apr 22, 08:00 am",0,0.288683
"Apr 22, 09:00 am",0,0.288683
"Apr 22, 10:00 am",0,0.288683
"Apr 22, 11:00 am",0,0.288683
"Apr 22, 12:00 pm",0,0.288683
"Apr 22, 01:00 pm",0,0.288683
"Apr 22, 02:00 pm",0,0.288683
"Apr 22, 03:00 pm",0,0.288683
"Apr 22, 04:00 pm",0,0.288683
"Apr 22, 05:00 pm",0,0.288683
"Apr 22, 06:00 pm",0,0.288683
"Apr 22, 07:00 pm",0,0.288683
"Apr 22, 08:00 pm",0,0.288683
"Apr 22, 09:00 pm",0,0.288683
"Apr 22, 10:00 pm",0,0.288683
"Apr 22, 11:00 pm",0,0.288683
"Apr 23, 12:00 am",0,0.288683
"Apr 23, 01:00 am",0,0.288683
"Apr 23, 02:00 am",0,0.288683
"Apr 23, 03:00 am",0,0.288683
"Apr 23, 04:00 am",0,0.288683
"Apr 23, 05:00 am",0,0.288683
"Apr 23, 06:00 am",0,0.288683
"Apr 23, 07:00 am",0,0.288683
"Apr 23, 08:00 am",0,0.288683
"Apr 23, 09:00 am",0,0.288683
"Apr 23, 10:00 am",0,0.288683
"Apr 23, 11:00 am",0,0.288683
"Apr 23, 12:00 pm",0,0.288683
"Apr 23, 01:00 pm",0,0.288683
"Apr 23, 02:00 pm",0,0.288683
"Apr 23, 03:00 pm",0,0.288683
"Apr 23, 04:00 pm",0,0.288683
"Apr 23, 05:00 pm",0,0.288683
"Apr 23, 06:00 pm",0,0.288683
"Apr 23, 07:00 pm",0,0.288683
"Apr 23, 08:00 pm",0,0.288683
"Apr 23, 09:00 pm",0,0.288683
"Apr 23, 10:00 pm",0,0.288683
"Apr 23, 11:00 pm",0,0.288683
"Apr 24, 12:00 am",0,0.288683
"Apr 24, 01:00 am",0,0.288683
"Apr 24, 02:00 am",0,0.288683
"Apr 24, 03:00 am",0,0.288683
"Apr 24, 04:00 am",0,0.288683
"Apr 24, 05:00 am",0,0.288683
"Apr 24, 06:00 am",0,0.288683
"Apr 24, 07:00 am",0,0.288683
"Apr 24, 08:00 am",0,0.288683
"Apr 24, 09:00 am",2274.9,1.29821
"Apr 24, 10:00 am",3562.9,1.7321
"Apr 24, 11:00 am",3563.71,1.7321
"Apr 24, 12:00 pm",3563.73,1.7321
"Apr 24, 01:00 pm",3563.74,1.7321
"Apr 24, 02:00 pm",3563.72,1.7321
"Apr 24, 03:00 pm",3563.7,1.7321
"Apr 24, 04:00 pm",3323.58,1.61603
"Apr 24, 05:00 pm",406.622,0.288683
"Apr 24, 06:00 pm",16.0012,0.288683
"Apr 24, 07:00 pm",0,0.288683
"Apr 24, 08:00 pm",0,0.288683
"Apr 24, 09:00 pm",0,0.288683
"Apr 24, 10:00 pm",0,0.288683
"Apr 24, 11:00 pm",0,0.288683
"Apr 25, 12:00 am",0,0.288683
"Apr 25, 01:00 am",0,0.288683
"Apr 25, 02:00 am",0,0.288683
"Apr 25, 03:00 am",0,0.288683
"Apr 25, 04:00 am",0,0.288683
"Apr 25, 05:00 am",0,0.288683
"Apr 25, 06:00 am",0,0.288683
"Apr 25, 07:00 am",0,0.288683
"Apr 25, 08:00 am",0,0.288683
"Apr 25, 09:00 am",2274.34,1.29618
"Apr 25, 10:00 am",3562.84,1.7321
"Apr 25, 11:00 am",3563.6,1.7321
"Apr 25, 12:00 pm",3563.63,1.7321
"Apr 25, 01:00 pm",3563.65,1.7321
"Apr 25, 02:00 pm",3563.64,1.7321
"Apr 25, 03:00 pm",3563.63,1.7321
"Apr 25, 04:00 pm",3278,1.59401
"Apr 25, 05:00 pm",364.241,0.288683
"Apr 25, 06:00 pm",16.255,0.288683
"Apr 25, 07:00 pm",0,0.288683
"Apr 25, 08:00 pm",0,0.288683
"Apr 25, 09:00 pm",0,0.288683
"Apr 25, 10:00 pm",0,0.288683
"Apr 25, 11:00 pm",0,0.288683
"Apr 26, 12:00 am",0,0.288683
"Apr 26, 01:00 am",0,0.288683
"Apr 26, 02:00 am",0,0.288683
"Apr 26, 03:00 am",0,0.288683
"Apr 26, 04:00 am",0,0.288683
"Apr 26, 05:00 am",0,0.288683
"Apr 26, 06:00 am",0,0.288683
"Apr 26, 07:00 am",0,0.288683
"Apr 26, 08:00 am",0,0.288683
"Apr 26, 09:00 am",2301.61,1.31157
"Apr 26, 10:00 am",3562.97,1.7321
"Apr 26, 11:00 am",3563.82,1.7321
"Apr 26, 12:00 pm",3563.86,1.7321
"Apr 26, 01:00 pm",3563.89,1.7321
"Apr 26, 02:00 pm",3563.91,1.7321
"Apr 26, 03:00 pm",3563.89,1.7321
"Apr 26, 04:00 pm",3335.3,1.62165
"Apr 26, 05:00 pm",344.927,0.288683
"Apr 26, 06:00 pm",16.7935,0.288683
"Apr 26, 07:00 pm",0,0.288683
"Apr 26, 08:00 pm",0,0.288683
"Apr 26, 09:00 pm",0,0.288683
"Apr 26, 10:00 pm",0,0.288683
"Apr 26, 11:00 pm",0,0.288683
"Apr 27, 12:00 am",0,0.288683
"Apr 27, 01:00 am",0,0.288683
"Apr 27, 02:00 am",0,0.288683
"Apr 27, 03:00 am",0,0.288683
"Apr 27, 04:00 am",0,0.288683
"Apr 27, 05:00 am",0,0.288683
"Apr 27, 06:00 am",0,0.288683
"Apr 27, 07:00 am",0,0.288683
"Apr 27, 08:00 am",0,0.288683
"Apr 27, 09:00 am",2305.85,1.31355
"Apr 27, 10:00 am",3563.03,1.7321
"Apr 27, 11:00 am",3563.85,1.7321
"Apr 27, 12:00 pm",3563.89,1.7321
"Apr 27, 01:00 pm",3563.93,1.7321
"Apr 27, 02:00 pm",3563.95,1.7321
"Apr 27, 03:00 pm",3563.93,1.7321
"Apr 27, 04:00 pm",3292.53,1.60095
"Apr 27, 05:00 pm",308.772,0.288683
"Apr 27, 06:00 pm",17.3104,0.288683
"Apr 27, 07:00 pm",0,0.288683
"Apr 27, 08:00 pm",0,0.288683
"Apr 27, 09:00 pm",0,0.288683
"Apr 27, 10:00 pm",0,0.288683
"Apr 27, 11:00 pm",0,0.288683
"Apr 28, 12:00 am",0,0.288683
"Apr 28, 01:00 am",0,0.288683
"Apr 28, 02:00 am",0,0.288683
"Apr 28, 03:00 am",0,0.288683
"Apr 28, 04:00 am",0,0.288683
"Apr 28, 05:00 am",0,0.288683
"Apr 28, 06:00 am",0,0.288683
"Apr 28, 07:00 am",0,0.288683
"Apr 28, 08:00 am",0,0.288683
"Apr 28, 09:00 am",0,0.288683
"Apr 28, 10:00 am",0,0.288683
"Apr 28, 11:00 am",2406.88,1.25094
"Apr 28, 12:00 pm",3563.54,1.7321
"Apr 28, 01:00 pm",3563.55,1.7321
"Apr 28, 02:00 pm",3563.56,1.7321
"Apr 28, 03:00 pm",3563.55,1.7321
"Apr 28, 04:00 pm",3148.57,1.53102
"Apr 28, 05:00 pm",247.514,0.288683
"Apr 28, 06:00 pm",16.5678,0.288683
"Apr 28, 07:00 pm",0,0.288683
"Apr 28, 08:00 pm",0,0.288683
"Apr 28, 09:00 pm",0,0.288683
"Apr 28, 10:00 pm",0,0.288683
"Apr 28, 11:00 pm",0,0.288683
"Apr 29, 12:00 am",0,0.288683
"Apr 29, 01:00 am",0,0.288683
"Apr 29, 02:00 am",0,0.288683
"Apr 29, 03:00 am",0,0.288683
"Apr 29, 04:00 am",0,0.288683
"Apr 29, 05:00 am",0,0.288683
"Apr 29, 06:00 am",0,0.288683
"Apr 29, 07:00 am",0,0.288683
"Apr 29, 08:00 am",0,0.288683
"Apr 29, 09:00 am",2116.2,1.20884
"Apr 29, 10:00 am",3562.59,1.7321
"Apr 29, 11:00 am",23.0016,0.288683
"Apr 29, 12:00 pm",2970.98,1.71912
"Apr 29, 01:00 pm",3563.3,1.7321
"Apr 29, 02:00 pm",3563.18,1.7321
"Apr 29, 03:00 pm",3563.17,1.7321
"Apr 29, 04:00 pm",2998.29,1.45763
"Apr 29, 05:00 pm",196.536,0.288683
"Apr 29, 06:00 pm",16.3929,0.288683
"Apr 29, 07:00 pm",0,0.288683
"Apr 29, 08:00 pm",0,0.288683
"Apr 29, 09:00 pm",0,0.288683
"Apr 29, 10:00 pm",0,0.288683
"Apr 29, 11:00 pm",0,0.288683
"Apr 30, 12:00 am",0,0.288683
"Apr 30, 01:00 am",0,0.288683
"Apr 30, 02:00 am",0,0.288683
"Apr 30, 03:00 am",0,0.288683
"Apr 30, 04:00 am",0,0.288683
"Apr 30, 05:00 am",0,0.288683
"Apr 30, 06:00 am",0,0.288683
"Apr 30, 07:00 am",0,0.288683
"Apr 30, 08:00 am",0,0.288683
"Apr 30, 09:00 am",0,0.288683
"Apr 30, 10:00 am",0,0.288683
"Apr 30, 11:00 am",0,0.288683
"Apr 30, 12:00 pm",0,0.288683
"Apr 30, 01:00 pm",0,0.288683
"Apr 30, 02:00 pm",0,0.288683
"Apr 30, 03:00 pm",0,0.288683
"Apr 30, 04:00 pm",1808.33,1.00703
"Apr 30, 05:00 pm",163.706,0.288683
"Apr 30, 06:00 pm",16.0867,0.288683
"Apr 30, 07:00 pm",0,0.288683
"Apr 30, 08:00 pm",0,0.288683
"Apr 30, 09:00 pm",0,0.288683
"Apr 30, 10:00 pm",0,0.288683
"Apr 30, 11:00 pm",0,0.288683
"May 1, 12:00 am",0,0.288683
"May 1, 01:00 am",0,0.288683
"May 1, 02:00 am",0,0.288683
"May 1, 03:00 am",0,0.288683
"May 1, 04:00 am",0,0.288683
"May 1, 05:00 am",0,0.288683
"May 1, 06:00 am",0,0.288683
"May 1, 07:00 am",0,0.288683
"May 1, 08:00 am",0,0.288683
"May 1, 09:00 am",2072.28,1.18492
"May 1, 10:00 am",3562.64,1.7321
"May 1, 11:00 am",3563.28,1.7321
"May 1, 12:00 pm",3563.32,1.7321
"May 1, 01:00 pm",3563.34,1.7321
"May 1, 02:00 pm",3563.33,1.7321
"May 1, 03:00 pm",3563.31,1.7321
"May 1, 04:00 pm",2975.47,1.44643
"May 1, 05:00 pm",145.098,0.288683
"May 1, 06:00 pm",16.8148,0.288683
"May 1, 07:00 pm",0,0.288683
"May 1, 08:00 pm",0,0.288683
"May 1, 09:00 pm",0,0.288683
"May 1, 10:00 pm",0,0.288683
"May 1, 11:00 pm",0,0.288683
"May 2, 12:00 am",0,0.288683
"May 2, 01:00 am",0,0.288683
"May 2, 02:00 am",0,0.288683
"May 2, 03:00 am",0,0.288683
"May 2, 04:00 am",0,0.288683
"May 2, 05:00 am",0,0.288683
"May 2, 06:00 am",0,0.288683
"May 2, 07:00 am",0,0.288683
"May 2, 08:00 am",0,0.288683
"May 2, 09:00 am",0,0.288683
"May 2, 10:00 am",0,0.288683
"May 2, 11:00 am",2399.72,1.25094
"May 2, 12:00 pm",3563.49,1.7321
"May 2, 01:00 pm",3563.15,1.7321
"May 2, 02:00 pm",3563.16,1.7321
"May 2, 03:00 pm",3563.14,1.7321
"May 2, 04:00 pm",2906.2,1.41249
"May 2, 05:00 pm",114.215,0.288683
"May 2, 06:00 pm",16.7305,0.288683
"May 2, 07:00 pm",0,0.288683
"May 2, 08:00 pm",0,0.288683
"May 2, 09:00 pm",0,0.288683
"May 2, 10:00 pm",0,0.288683
"May 2, 11:00 pm",0,0.288683
"May 3, 12:00 am",0,0.288683
"May 3, 01:00 am",0,0.288683
"May 3, 02:00 am",0,0.288683
"May 3, 03:00 am",0,0.288683
"May 3, 04:00 am",0,0.288683
"May 3, 05:00 am",0,0.288683
"May 3, 06:00 am",0,0.288683
"May 3, 07:00 am",0,0.288683
"May 3, 08:00 am",0,0.288683
"May 3, 09:00 am",1576.15,1.10073
"May 3, 10:00 am",3562.77,1.7321
"May 3, 11:00 am",3566.12,1.7321
"May 3, 12:00 pm",3564.61,1.7321
"May 3, 01:00 pm",3562.5,1.7321
"May 3, 02:00 pm",3558.45,1.7321
"May 3, 03:00 pm",3560.37,1.7321
"May 3, 04:00 pm",2831.29,1.37575
"May 3, 05:00 pm",85.0345,0.288683
"May 3, 06:00 pm",16.662,0.288683
"May 3, 07:00 pm",0,0.288683
"May 3, 08:00 pm",0,0.288683
"May 3, 09:00 pm",0,0.288683
"May 3, 10:00 pm",0,0.288683
"May 3, 11:00 pm",0,0.288683
"May 4, 12:00 am",0,0.288683
"May 4, 01:00 am",0,0.288683
"May 4, 02:00 am",0,0.288683
"May 4, 03:00 am",0,0.288683
"May 4, 04:00 am",0,0.288683
"May 4, 05:00 am",0,0.288683
"May 4, 06:00 am",0,0.288683
"May 4, 07:00 am",0,0.288683
"May 4, 08:00 am",0,0.288683
"May 4, 09:00 am",1126.12,0.690431
"May 4, 10:00 am",3561.57,1.7321
"May 4, 11:00 am",3562.96,1.7321
"May 4, 12:00 pm",23.1043,0.288683
"May 4, 01:00 pm",2967.18,1.70177
"May 4, 02:00 pm",3563,1.7321
"May 4, 03:00 pm",23.0712,0.288683
"May 4, 04:00 pm",0,0.288683
"May 4, 05:00 pm",0,0.288683
"May 4, 06:00 pm",0,0.288683
"May 4, 07:00 pm",0,0.288683
"May 4, 08:00 pm",0,0.288683
"May 4, 09:00 pm",0,0.288683
"May 4, 10:00 pm",0,0.288683
"May 4, 11:00 pm",0,0.288683
"May 5, 12:00 am",0,0.288683
"May 5, 01:00 am",0,0.288683
"May 5, 02:00 am",0,0.288683
"May 5, 03:00 am",0,0.288683
"May 5, 04:00 am",0,0.288683
"May 5, 05:00 am",0,0.288683
"May 5, 06:00 am",0,0.288683
"May 5, 07:00 am",0,0.288683
"May 5, 08:00 am",0,0.288683
"May 5, 09:00 am",0,0.288683
"May 5, 10:00 am",0,0.288683
"May 5, 11:00 am",0,0.288683
"May 5, 12:00 pm",0,0.288683
"May 5, 01:00 pm",0,0.288683
"May 5, 02:00 pm",0,0.288683
"May 5, 03:00 pm",2395.8,1.25094
"May 5, 04:00 pm",2768.15,1.34482
"May 5, 05:00 pm",41.8238,0.288683
"May 5, 06:00 pm",16.0581,0.288683
"May 5, 07:00 pm",0,0.288683
"May 5, 08:00 pm",0,0.288683
"May 5, 09:00 pm",0,0.288683
"May 5, 10:00 pm",0,0.288683
"May 5, 11:00 pm",0,0.288683
"May 6, 12:00 am",0,0.288683
"May 6, 01:00 am",0,0.288683
"May 6, 02:00 am",0,0.288683
"May 6, 03:00 am",0,0.288683
"May 6, 04:00 am",0,0.288683
"May 6, 05:00 am",0,0.288683
"May 6, 06:00 am",0,0.288683
"May 6, 07:00 am",0,0.288683
"May 6, 08:00 am",0,0.288683
"May 6, 09:00 am",1185.6,0.717713
"May 6, 10:00 am",3562.95,1.7321
"May 6, 11:00 am",3563.06,1.7321
"May 6, 12:00 pm",3566.07,1.7321
"May 6, 01:00 pm",3565.52,1.7321
"May 6, 02:00 pm",3560.94,1.7321
"May 6, 03:00 pm",3565.34,1.7321
"May 6, 04:00 pm",2837.87,1.37897
"May 6, 05:00 pm",35.8508,0.288683
"May 6, 06:00 pm",16.7058,0.288683
"May 6, 07:00 pm",0,0.288683
"May 6, 08:00 pm",0,0.288683
"May 6, 09:00 pm",0,0.288683
"May 6, 10:00 pm",0,0.288683
"May 6, 11:00 pm",0,0.288683
"May 7, 12:00 am",0,0.288683
"May 7, 01:00 am",0,0.288683
"May 7, 02:00 am",0,0.288683
"May 7, 03:00 am",0,0.288683
"May 7, 04:00 am",0,0.288683
"May 7, 05:00 am",0,0.288683
"May 7, 06:00 am",0,0.288683
"May 7, 07:00 am",0,0.288683
"May 7, 08:00 am",0,0.288683
"May 7, 09:00 am",1545.23,1.08132
"May 7, 10:00 am",3562.8,1.7321
"May 7, 11:00 am",3566.33,1.7321
"May 7, 12:00 pm",3562.47,1.7321
"May 7, 01:00 pm",3561.87,1.7321
"May 7, 02:00 pm",3559.27,1.7321
"May 7, 03:00 pm",3563.23,1.7321
"May 7, 04:00 pm",2826.07,1.37317
"May 7, 05:00 pm",32.4219,0.288683
"May 7, 06:00 pm",14.7928,0.288683
"May 7, 07:00 pm",0,0.288683
"May 7, 08:00 pm",0,0.288683
"May 7, 09:00 pm",0,0.288683
"May 7, 10:00 pm",0,0.288683
"May 7, 11:00 pm",0,0.288683
"May 8, 12:00 am",0,0.288683
"May 8, 01:00 am",0,0.288683
"May 8, 02:00 am",0,0.288683
"May 8, 03:00 am",0,0.288683
"May 8, 04:00 am",0,0.288683
"May 8, 05:00 am",0,0.288683
"May 8, 06:00 am",0,0.288683
"May 8, 07:00 am",0,0.288683
"May 8, 08:00 am",0,0.288683
"May 8, 09:00 am",1547.98,1.08322
"May 8, 10:00 am",3562.82,1.7321
"May 8, 11:00 am",3563.1,1.7321
"May 8, 12:00 pm",3564.17,1.7321
"May 8, 01:00 pm",3562.26,1.7321
"May 8, 02:00 pm",3559.79,1.7321
"May 8, 03:00 pm",3563.22,1.7321
"May 8, 04:00 pm",2825.46,1.37287
"May 8, 05:00 pm",30.4219,0.288683
"May 8, 06:00 pm",12.15,0.288683
"May 8, 07:00 pm",0,0.288683
"May 8, 08:00 pm",0,0.288683
"May 8, 09:00 pm",0,0.288683
"May 8, 10:00 pm",0,0.288683
"May 8, 11:00 pm",0,0.288683
"May 9, 12:00 am",0,0.288683
"May 9, 01:00 am",0,0.288683
"May 9, 02:00 am",0,0.288683
"May 9, 03:00 am",0,0.288683
"May 9, 04:00 am",0,0.288683
"May 9, 05:00 am",0,0.288683
"May 9, 06:00 am",0,0.288683
"May 9, 07:00 am",0,0.288683
"May 9, 08:00 am",0,0.288683
"May 9, 09:00 am",1509.65,1.05861
"May 9, 10:00 am",3559.39,1.7321
"May 9, 11:00 am",3558.69,1.7321
"May 9, 12:00 pm",3558.62,1.7321
"May 9, 01:00 pm",3558.65,1.7321
"May 9, 02:00 pm",3563.11,1.7321
"May 9, 03:00 pm",3563.09,1.7321
"May 9, 04:00 pm",2745.34,1.3336
"May 9, 05:00 pm",27.9539,0.288683
"May 9, 06:00 pm",0,0.288683
"May 9, 07:00 pm",0,0.288683
"May 9, 08:00 pm",0,0.288683
"May 9, 09:00 pm",0,0.288683
"May 9, 10:00 pm",0,0.288683
"May 9, 11:00 pm",0,0.288683
"May 10, 12:00 am",0,0.288683
"May 10, 01:00 am",0,0.288683
"May 10, 02:00 am",0,0.288683
"May 10, 03:00 am",0,0.288683
"May 10, 04:00 am",0,0.288683
"May 10, 05:00 am",0,0.288683
"May 10, 06:00 am",0,0.288683
"May 10, 07:00 am",0,0.288683
"May 10, 08:00 am",0,0.288683
"May 10, 09:00 am",1475.44,1.03695
"May 10, 10:00 am",3561.2,1.7321
"May 10, 11:00 am",3563.02,1.7321
"May 10, 12:00 pm",3563.06,1.7321
"May 10, 01:00 pm",3563.1,1.7321
"May 10, 02:00 pm",3563.12,1.7321
"May 10, 03:00 pm",3563.1,1.7321
"May 10, 04:00 pm",2718.17,1.32024
"May 10, 05:00 pm",26.4315,0.288683
"May 10, 06:00 pm",0,0.288683
"May 10, 07:00 pm",0,0.288683
"May 10, 08:00 pm",0,0.288683
"May 10, 09:00 pm",0,0.288683
"May 10, 10:00 pm",0,0.288683
"May 10, 11:00 pm",0,0.288683
"May 11, 12:00 am",0,0.288683
"May 11, 01:00 am",0,0.288683
"May 11, 02:00 am",0,0.288683
"May 11, 03:00 am",0,0.288683
"May 11, 04:00 am",0,0.288683
"May 11, 05:00 am",0,0.288683
"May 11, 06:00 am",0,0.288683
"May 11, 07:00 am",0,0.288683
"May 11, 08:00 am",0,0.288683
"May 11, 09:00 am",1437.79,1.01364
"May 11, 10:00 am",3566.35,1.7321
"May 11, 11:00 am",3563.23,1.7321
"May 11, 12:00 pm",3563.06,1.7321
"May 11, 01:00 pm",3563.09,1.7321
"May 11, 02:00 pm",3563.11,1.7321
"May 11, 03:00 pm",3563.09,1.7321
"May 11, 04:00 pm",2647.78,1.28742
"May 11, 05:00 pm",24.0928,0.288683
"May 11, 06:00 pm",0,0.288683
"May 11, 07:00 pm",0,0.288683
"May 11, 08:00 pm",0,0.288683
"May 11, 09:00 pm",0,0.288683
"May 11, 10:00 pm",0,0.288683
"May 11, 11:00 pm",0,0.288683
"May 12, 12:00 am",0,0.288683
"May 12, 01:00 am",0,0.288683
"May 12, 02:00 am",0,0.288683
"May 12, 03:00 am",0,0.288683
"May 12, 04:00 am",0,0.288683
"May 12, 05:00 am",0,0.288683
"May 12, 06:00 am",0,0.288683
"May 12, 07:00 am",0,0.288683
"May 12, 08:00 am",0,0.288683
"May 12, 09:00 am",1050.28,0.655145
"May 12, 10:00 am",21.1044,0.288683
"May 12, 11:00 am",0,0.288683
"May 12, 12:00 pm",2966.01,1.69379
"May 12, 01:00 pm",3558.72,1.7321
"May 12, 02:00 pm",3558.71,1.7321
"May 12, 03:00 pm",3558.7,1.7321
"May 12, 04:00 pm",2608.02,1.26814
"May 12, 05:00 pm",21.8238,0.288683
"May 12, 06:00 pm",0,0.288683
"May 12, 07:00 pm",0,0.288683
"May 12, 08:00 pm",0,0.288683
"May 12, 09:00 pm",0,0.288683
"May 12, 10:00 pm",0,0.288683
"May 12, 11:00 pm",0,0.288683
"May 13, 12:00 am",0,0.288683
"May 13, 01:00 am",0,0.288683
"May 13, 02:00 am",0,0.288683
"May 13, 03:00 am",0,0.288683
"May 13, 04:00 am",0,0.288683
"May 13, 05:00 am",0,0.288683
"May 13, 06:00 am",0,0.288683
"May 13, 07:00 am",0,0.288683
"May 13, 08:00 am",0,0.288683
"May 13, 09:00 am",1429.88,0.791373
"May 13, 10:00 am",3558.63,1.7321
"May 13, 11:00 am",3562.96,1.7321
"May 13, 12:00 pm",3563,1.7321
"May 13, 01:00 pm",3559.23,1.7321
"May 13, 02:00 pm",3559.57,1.7321
"May 13, 03:00 pm",3559.81,1.7321
"May 13, 04:00 pm",2572.59,1.25092
"May 13, 05:00 pm",20.6094,0.288683
"May 13, 06:00 pm",0,0.288683
"May 13, 07:00 pm",0,0.288683
"May 13, 08:00 pm",0,0.288683
"May 13, 09:00 pm",0,0.288683
"May 13, 10:00 pm",0,0.288683
"May 13, 11:00 pm",0,0.288683
"May 14, 12:00 am",0,0.288683
"May 14, 01:00 am",0,0.288683
"May 14, 02:00 am",0,0.288683
"May 14, 03:00 am",0,0.288683
"May 14, 04:00 am",0,0.288683
"May 14, 05:00 am",0,0.288683
"May 14, 06:00 am",0,0.288683
"May 14, 07:00 am",0,0.288683
"May 14, 08:00 am",0,0.288683
"May 14, 09:00 am",0,0.288683
"May 14, 10:00 am",0,0.288683
"May 14, 11:00 am",2384.86,1.25094
"May 14, 12:00 pm",3560.82,1.7321
"May 14, 01:00 pm",3562.22,1.7321
"May 14, 02:00 pm",3562.22,1.7321
"May 14, 03:00 pm",3562.62,1.7321
"May 14, 04:00 pm",2502.71,1.21699
"May 14, 05:00 pm",18.9588,0.288683
"May 14, 06:00 pm",0,0.288683
"May 14, 07:00 pm",0,0.288683
"May 14, 08:00 pm",0,0.288683
"May 14, 09:00 pm",0,0.288683
"May 14, 10:00 pm",0,0.288683
"May 14, 11:00 pm",0,0.288683
"May 15, 12:00 am",0,0.288683
"May 15, 01:00 am",0,0.288683
"May 15, 02:00 am",0,0.288683
"May 15, 03:00 am",0,0.288683
"May 15, 04:00 am",0,0.288683
"May 15, 05:00 am",0,0.288683
"May 15, 06:00 am",0,0.288683
"May 15, 07:00 am",0,0.288683
"May 15, 08:00 am",0,0.288683
"May 15, 09:00 am",0,0.288683
"May 15, 10:00 am",0,0.288683
"May 15, 11:00 am",0,0.288683
"May 15, 12:00 pm",2382.27,1.25094
"May 15, 01:00 pm",22.4718,0.288683
"May 15, 02:00 pm",0,0.288683
"May 15, 03:00 pm",0,0.288683
"May 15, 04:00 pm",0,0.288683
"May 15, 05:00 pm",0,0.288683
"May 15, 06:00 pm",0,0.288683
"May 15, 07:00 pm",0,0.288683
"May 15, 08:00 pm",0,0.288683
"May 15, 09:00 pm",0,0.288683
"May 15, 10:00 pm",0,0.288683
"May 15, 11:00 pm",0,0.288683
"May 16, 12:00 am",0,0.288683
"May 16, 01:00 am",0,0.288683
"May 16, 02:00 am",0,0.288683
"May 16, 03:00 am",0,0.288683
"May 16, 04:00 am",0,0.288683
"May 16, 05:00 am",0,0.288683
"May 16, 06:00 am",0,0.288683
"May 16, 07:00 am",0,0.288683
"May 16, 08:00 am",0,0.288683
"May 16, 09:00 am",917.822,0.59099
"May 16, 10:00 am",3168.53,1.5411
"May 16, 11:00 am",3438.26,1.67347
"May 16, 12:00 pm",3405.51,1.6557
"May 16, 01:00 pm",22.4988,0.288683
"May 16, 02:00 pm",2859.49,1.62467
"May 16, 03:00 pm",22.4987,0.288683
"May 16, 04:00 pm",0,0.288683
"May 16, 05:00 pm",0,0.288683
"May 16, 06:00 pm",0,0.288683
"May 16, 07:00 pm",0,0.288683
"May 16, 08:00 pm",0,0.288683
"May 16, 09:00 pm",0,0.288683
"May 16, 10:00 pm",0,0.288683
"May 16, 11:00 pm",0,0.288683
"May 17, 12:00 am",0,0.288683
"May 17, 01:00 am",0,0.288683
"May 17, 02:00 am",0,0.288683
"May 17, 03:00 am",0,0.288683
"May 17, 04:00 am",0,0.288683
"May 17, 05:00 am",0,0.288683
"May 17, 06:00 am",0,0.288683
"May 17, 07:00 am",0,0.288683
"May 17, 08:00 am",0,0.288683
"May 17, 09:00 am",0,0.288683
"May 17, 10:00 am",1817.66,1.01037
"May 17, 11:00 am",3565.99,1.7321
"May 17, 12:00 pm",22.5496,0.288683
"May 17, 01:00 pm",0,0.288683
"May 17, 02:00 pm",0,0.288683
"May 17, 03:00 pm",0,0.288683
"May 17, 04:00 pm",0,0.288683
"May 17, 05:00 pm",0,0.288683
"May 17, 06:00 pm",0,0.288683
"May 17, 07:00 pm",0,0.288683
"May 17, 08:00 pm",0,0.288683
"May 17, 09:00 pm",0,0.288683
"May 17, 10:00 pm",0,0.288683
"May 17, 11:00 pm",0,0.288683
"May 18, 12:00 am",0,0.288683
"May 18, 01:00 am",0,0.288683
"May 18, 02:00 am",0,0.288683
"May 18, 03:00 am",0,0.288683
"May 18, 04:00 am",0,0.288683
"May 18, 05:00 am",0,0.288683
"May 18, 06:00 am",0,0.288683
"May 18, 07:00 am",0,0.288683
"May 18, 08:00 am",0,0.288683
"May 18, 09:00 am",0,0.288683
"May 18, 10:00 am",1813.14,1.01037
"May 18, 11:00 am",3472.45,1.68898
"May 18, 12:00 pm",3412.48,1.65907
"May 18, 01:00 pm",22.325,0.288683
"May 18, 02:00 pm",0,0.288683
"May 18, 03:00 pm",0,0.288683
"May 18, 04:00 pm",0,0.288683
"May 18, 05:00 pm",0,0.288683
"May 18, 06:00 pm",0,0.288683
"May 18, 07:00 pm",0,0.288683
"May 18, 08:00 pm",0,0.288683
"May 18, 09:00 pm",0,0.288683
"May 18, 10:00 pm",0,0.288683
"May 18, 11:00 pm",0,0.288683
"May 19, 12:00 am",0,0.288683
"May 19, 01:00 am",0,0.288683
"May 19, 02:00 am",0,0.288683
"May 19, 03:00 am",0,0.288683
"May 19, 04:00 am",0,0.288683
"May 19, 05:00 am",0,0.288683
"May 19, 06:00 am",0,0.288683
"May 19, 07:00 am",0,0.288683
"May 19, 08:00 am",0,0.288683
"May 19, 09:00 am",0,0.288683
"May 19, 10:00 am",0,0.288683
"May 19, 11:00 am",0,0.288683
"May 19, 12:00 pm",0,0.288683
"May 19, 01:00 pm",0,0.288683
"May 19, 02:00 pm",0,0.288683
"May 19, 03:00 pm",0,0.288683
"May 19, 04:00 pm",0,0.288683
"May 19, 05:00 pm",0,0.288683
"May 19, 06:00 pm",0,0.288683
"May 19, 07:00 pm",0,0.288683
"May 19, 08:00 pm",0,0.288683
"May 19, 09:00 pm",0,0.288683
"May 19, 10:00 pm",0,0.288683
"May 19, 11:00 pm",0,0.288683
"May 20, 12:00 am",0,0.288683
"May 20, 01:00 am",0,0.288683
"May 20, 02:00 am",0,0.288683
"May 20, 03:00 am",0,0.288683
"May 20, 04:00 am",0,0.288683
"May 20, 05:00 am",0,0.288683
"May 20, 06:00 am",0,0.288683
"May 20, 07:00 am",0,0.288683
"May 20, 08:00 am",0,0.288683
"May 20, 09:00 am",0,0.288683
"May 20, 10:00 am",0,0.288683
"May 20, 11:00 am",0,0.288683
"May 20, 12:00 pm",0,0.288683
"May 20, 01:00 pm",0,0.288683
"May 20, 02:00 pm",0,0.288683
"May 20, 03:00 pm",0,0.288683
"May 20, 04:00 pm",0,0.288683
"May 20, 05:00 pm",0,0.288683
"May 20, 06:00 pm",0,0.288683
"May 20, 07:00 pm",0,0.288683
"May 20, 08:00 pm",0,0.288683
"May 20, 09:00 pm",0,0.288683
"May 20, 10:00 pm",0,0.288683
"May 20, 11:00 pm",0,0.288683
"May 21, 12:00 am",0,0.288683
"May 21, 01:00 am",0,0.288683
"May 21, 02:00 am",0,0.288683
"May 21, 03:00 am",0,0.288683
"May 21, 04:00 am",0,0.288683
"May 21, 05:00 am",0,0.288683
"May 21, 06:00 am",0,0.288683
"May 21, 07:00 am",0,0.288683
"May 21, 08:00 am",0,0.288683
"May 21, 09:00 am",0,0.288683
"May 21, 10:00 am",0,0.288683
"May 21, 11:00 am",0,0.288683
"May 21, 12:00 pm",0,0.288683
"May 21, 01:00 pm",0,0.288683
"May 21, 02:00 pm",0,0.288683
"May 21, 03:00 pm",0,0.288683
"May 21, 04:00 pm",774.634,0.562534
"May 21, 05:00 pm",18.1663,0.288683
"May 21, 06:00 pm",0,0.288683
"May 21, 07:00 pm",0,0.288683
"May 21, 08:00 pm",0,0.288683
"May 21, 09:00 pm",0,0.288683
"May 21, 10:00 pm",0,0.288683
"May 21, 11:00 pm",0,0.288683
"May 22, 12:00 am",0,0.288683
"May 22, 01:00 am",0,0.288683
"May 22, 02:00 am",0,0.288683
"May 22, 03:00 am",0,0.288683
"May 22, 04:00 am",0,0.288683
"May 22, 05:00 am",0,0.288683
"May 22, 06:00 am",0,0.288683
"May 22, 07:00 am",0,0.288683
"May 22, 08:00 am",0,0.288683
"May 22, 09:00 am",0,0.288683
"May 22, 10:00 am",0,0.288683
"May 22, 11:00 am",0,0.288683
"May 22, 12:00 pm",0,0.288683
"May 22, 01:00 pm",0,0.288683
"May 22, 02:00 pm",0,0.288683
"May 22, 03:00 pm",0,0.288683
"May 22, 04:00 pm",0,0.288683
"May 22, 05:00 pm",0,0.288683
"May 22, 06:00 pm",0,0.288683
"May 22, 07:00 pm",0,0.288683
"May 22, 08:00 pm",0,0.288683
"May 22, 09:00 pm",0,0.288683
"May 22, 10:00 pm",0,0.288683
"May 22, 11:00 pm",0,0.288683
"May 23, 12:00 am",0,0.288683
"May 23, 01:00 am",0,0.288683
"May 23, 02:00 am",0,0.288683
"May 23, 03:00 am",0,0.288683
"May 23, 04:00 am",0,0.288683
"May 23, 05:00 am",0,0.288683
"May 23, 06:00 am",0,0.288683
"May 23, 07:00 am",0,0.288683
"May 23, 08:00 am",0,0.288683
"May 23, 09:00 am",0,0.288683
"May 23, 10:00 am",0,0.288683
"May 23, 11:00 am",0,0.288683
"May 23, 12:00 pm",0,0.288683
"May 23, 01:00 pm",0,0.288683
"May 23, 02:00 pm",0,0.288683
"May 23, 03:00 pm",0,0.288683
"May 23, 04:00 pm",0,0.288683
"May 23, 05:00 pm",0,0.288683
"May 23, 06:00 pm",0,0.288683
"May 23, 07:00 pm",0,0.288683
"May 23, 08:00 pm",0,0.288683
"May 23, 09:00 pm",0,0.288683
"May 23, 10:00 pm",0,0.288683
"May 23, 11:00 pm",0,0.288683
"May 24, 12:00 am",0,0.288683
"May 24, 01:00 am",0,0.288683
"May 24, 02:00 am",0,0.288683
"May 24, 03:00 am",0,0.288683
"May 24, 04:00 am",0,0.288683
"May 24, 05:00 am",0,0.288683
"May 24, 06:00 am",0,0.288683
"May 24, 07:00 am",0,0.288683
"May 24, 08:00 am",0,0.288683
"May 24, 09:00 am",0,0.288683
"May 24, 10:00 am",0,0.288683
"May 24, 11:00 am",0,0.288683
"May 24, 12:00 pm",0,0.288683
"May 24, 01:00 pm",0,0.288683
"May 24, 02:00 pm",0,0.288683
"May 24, 03:00 pm",0,0.288683
"May 24, 04:00 pm",0,0.288683
"May 24, 05:00 pm",0,0.288683
"May 24, 06:00 pm",0,0.288683
"May 24, 07:00 pm",0,0.288683
"May 24, 08:00 pm",0,0.288683
"May 24, 09:00 pm",0,0.288683
"May 24, 10:00 pm",0,0.288683
"May 24, 11:00 pm",0,0.288683
"May 25, 12:00 am",0,0.288683
"May 25, 01:00 am",0,0.288683
"May 25, 02:00 am",0,0.288683
"May 25, 03:00 am",0,0.288683
"May 25, 04:00 am",0,0.288683
"May 25, 05:00 am",0,0.288683
"May 25, 06:00 am",0,0.288683
"May 25, 07:00 am",0,0.288683
"May 25, 08:00 am",0,0.288683
"May 25, 09:00 am",0,0.288683
"May 25, 10:00 am",0,0.288683
"May 25, 11:00 am",0,0.288683
"May 25, 12:00 pm",0,0.288683
"May 25, 01:00 pm",0,0.288683
"May 25, 02:00 pm",0,0.288683
"May 25, 03:00 pm",0,0.288683
"May 25, 04:00 pm",0,0.288683
"May 25, 05:00 pm",0,0.288683
"May 25, 06:00 pm",0,0.288683
"May 25, 07:00 pm",0,0.288683
"May 25, 08:00 pm",0,0.288683
"May 25, 09:00 pm",0,0.288683
"May 25, 10:00 pm",0,0.288683
"May 25, 11:00 pm",0,0.288683
"May 26, 12:00 am",0,0.288683
"May 26, 01:00 am",0,0.288683
"May 26, 02:00 am",0,0.288683
"May 26, 03:00 am",0,0.288683
"May 26, 04:00 am",0,0.288683
"May 26, 05:00 am",0,0.288683
"May 26, 06:00 am",0,0.288683
"May 26, 07:00 am",0,0.288683
"May 26, 08:00 am",0,0.288683
"May 26, 09:00 am",0,0.288683
"May 26, 10:00 am",0,0.288683
"May 26, 11:00 am",0,0.288683
"May 26, 12:00 pm",0,0.288683
"May 26, 01:00 pm",0,0.288683
"May 26, 02:00 pm",0,0.288683
"May 26, 03:00 pm",0,0.288683
"May 26, 04:00 pm",0,0.288683
"May 26, 05:00 pm",0,0.288683
"May 26, 06:00 pm",0,0.288683
"May 26, 07:00 pm",0,0.288683
"May 26, 08:00 pm",0,0.288683
"May 26, 09:00 pm",0,0.288683
"May 26, 10:00 pm",0,0.288683
"May 26, 11:00 pm",0,0.288683
"May 27, 12:00 am",0,0.288683
"May 27, 01:00 am",0,0.288683
"May 27, 02:00 am",0,0.288683
"May 27, 03:00 am",0,0.288683
"May 27, 04:00 am",0,0.288683
"May 27, 05:00 am",0,0.288683
"May 27, 06:00 am",0,0.288683
"May 27, 07:00 am",0,0.288683
"May 27, 08:00 am",0,0.288683
"May 27, 09:00 am",0,0.288683
"May 27, 10:00 am",0,0.288683
"May 27, 11:00 am",0,0.288683
"May 27, 12:00 pm",1798.53,1.00632
"May 27, 01:00 pm",3096.07,1.50538
"May 27, 02:00 pm",3145.36,1.52952
"May 27, 03:00 pm",3113.33,1.51398
"May 27, 04:00 pm",1878.36,0.913704
"May 27, 05:00 pm",17.565,0.288683
"May 27, 06:00 pm",0,0.288683
"May 27, 07:00 pm",0,0.288683
"May 27, 08:00 pm",0,0.288683
"May 27, 09:00 pm",0,0.288683
"May 27, 10:00 pm",0,0.288683
"May 27, 11:00 pm",0,0.288683
"May 28, 12:00 am",0,0.288683
"May 28, 01:00 am",0,0.288683
"May 28, 02:00 am",0,0.288683
"May 28, 03:00 am",0,0.288683
"May 28, 04:00 am",0,0.288683
"May 28, 05:00 am",0,0.288683
"May 28, 06:00 am",0,0.288683
"May 28, 07:00 am",0,0.288683
"May 28, 08:00 am",0,0.288683
"May 28, 09:00 am",264.441,0.442578
"May 28, 10:00 am",2946.04,1.43232
"May 28, 11:00 am",3194.86,1.55373
"May 28, 12:00 pm",3108.9,1.51172
"May 28, 01:00 pm",3059.17,1.48743
"May 28, 02:00 pm",3111.2,1.51285
"May 28, 03:00 pm",3082.16,1.49861
"May 28, 04:00 pm",1844.07,0.897041
"May 28, 05:00 pm",17.5738,0.288683
"May 28, 06:00 pm",0,0.288683
"May 28, 07:00 pm",0,0.288683
"May 28, 08:00 pm",0,0.288683
"May 28, 09:00 pm",0,0.288683
"May 28, 10:00 pm",0,0.288683
"May 28, 11:00 pm",0,0.288683
"May 29, 12:00 am",0,0.288683
"May 29, 01:00 am",0,0.288683
"May 29, 02:00 am",0,0.288683
"May 29, 03:00 am",0,0.288683
"May 29, 04:00 am",0,0.288683
"May 29, 05:00 am",0,0.288683
"May 29, 06:00 am",0,0.288683
"May 29, 07:00 am",0,0.288683
"May 29, 08:00 am",0,0.288683
"May 29, 09:00 am",257.948,0.438196
"May 29, 10:00 am",2946.89,1.43279
"May 29, 11:00 am",3213.6,1.56288
"May 29, 12:00 pm",3115.67,1.51503
"May 29, 01:00 pm",3055.9,1.48585
"May 29, 02:00 pm",3107.13,1.51088
"May 29, 03:00 pm",3072.58,1.49409
"May 29, 04:00 pm",1819.65,0.885185
"May 29, 05:00 pm",17.3833,0.288683
"May 29, 06:00 pm",0,0.288683
"May 29, 07:00 pm",0,0.288683
"May 29, 08:00 pm",0,0.288683
"May 29, 09:00 pm",0,0.288683
"May 29, 10:00 pm",0,0.288683
"May 29, 11:00 pm",0,0.288683
"May 30, 12:00 am",0,0.288683
"May 30, 01:00 am",0,0.288683
"May 30, 02:00 am",0,0.288683
"May 30, 03:00 am",0,0.288683
"May 30, 04:00 am",0,0.288683
"May 30, 05:00 am",0,0.288683
"May 30, 06:00 am",0,0.288683
"May 30, 07:00 am",0,0.288683
"May 30, 08:00 am",0,0.288683
"May 30, 09:00 am",0,0.357707
"May 30, 10:00 am",2876.43,1.39835
"May 30, 11:00 am",3176.22,1.54465
"May 30, 12:00 pm",3088.85,1.50193
"May 30, 01:00 pm",3034.24,1.47527
"May 30, 02:00 pm",3095.2,1.50505
"May 30, 03:00 pm",3068.12,1.49176
"May 30, 04:00 pm",1808.59,0.879804
"May 30, 05:00 pm",17.5818,0.288683
"May 30, 06:00 pm",0,0.288683
"May 30, 07:00 pm",0,0.288683
"May 30, 08:00 pm",0,0.288683
"May 30, 09:00 pm",0,0.288683
"May 30, 10:00 pm",0,0.288683
"May 30, 11:00 pm",0,0.288683
"May 31, 12:00 am",0,0.288683
"May 31, 01:00 am",0,0.288683
"May 31, 02:00 am",0,0.288683
"May 31, 03:00 am",0,0.288683
"May 31, 04:00 am",0,0.288683
"May 31, 05:00 am",0,0.288683
"May 31, 06:00 am",0,0.288683
"May 31, 07:00 am",0,0.288683
"May 31, 08:00 am",0,0.288683
"May 31, 09:00 am",0,0.288683
"May 31, 10:00 am",1627.94,0.924896
"May 31, 11:00 am",21.9378,0.288683
"May 31, 12:00 pm",0,0.288683
"May 31, 01:00 pm",0,0.288683
"May 31, 02:00 pm",0,0.288683
"May 31, 03:00 pm",0,0.288683
"May 31, 04:00 pm",0,0.288683
"May 31, 05:00 pm",0,0.288683
"May 31, 06:00 pm",0,0.288683
"May 31, 07:00 pm",0,0.288683
"May 31, 08:00 pm",0,0.288683
"May 31, 09:00 pm",0,0.288683
"May 31, 10:00 pm",0,0.288683
"May 31, 11:00 pm",0,0.288683
"Jun 1, 12:00 am",0,0.288683
"Jun 1, 01:00 am",0,0.288683
"Jun 1, 02:00 am",0,0.288683
"Jun 1, 03:00 am",0,0.288683
"Jun 1, 04:00 am",0,0.288683
"Jun 1, 05:00 am",0,0.288683
"Jun 1, 06:00 am",0,0.288683
"Jun 1, 07:00 am",0,0.288683
"Jun 1, 08:00 am",0,0.288683
"Jun 1, 09:00 am",0,0.353846
"Jun 1, 10:00 am",2355.94,1.33987
"Jun 1, 11:00 am",3083.53,1.4992
"Jun 1, 12:00 pm",3009.59,1.4632
"Jun 1, 01:00 pm",2960.88,1.43936
"Jun 1, 02:00 pm",3034.29,1.47527
"Jun 1, 03:00 pm",3009.12,1.46296
"Jun 1, 04:00 pm",1751.47,0.852011
"Jun 1, 05:00 pm",17.9687,0.288683
"Jun 1, 06:00 pm",0,0.288683
"Jun 1, 07:00 pm",0,0.288683
"Jun 1, 08:00 pm",0,0.288683
"Jun 1, 09:00 pm",0,0.288683
"Jun 1, 10:00 pm",0,0.288683
"Jun 1, 11:00 pm",0,0.288683
"Jun 2, 12:00 am",0,0.288683
"Jun 2, 01:00 am",0,0.288683
"Jun 2, 02:00 am",0,0.288683
"Jun 2, 03:00 am",0,0.288683
"Jun 2, 04:00 am",0,0.288683
"Jun 2, 05:00 am",0,0.288683
"Jun 2, 06:00 am",0,0.288683
"Jun 2, 07:00 am",0,0.288683
"Jun 2, 08:00 am",0,0.288683
"Jun 2, 09:00 am",0,0.353911
"Jun 2, 10:00 am",2358.4,1.34146
"Jun 2, 11:00 am",3083.05,1.49898
"Jun 2, 12:00 pm",3007.04,1.46196
"Jun 2, 01:00 pm",2955.6,1.43677
"Jun 2, 02:00 pm",3029.78,1.47306
"Jun 2, 03:00 pm",3005.71,1.46128
"Jun 2, 04:00 pm",1741.36,0.84709
"Jun 2, 05:00 pm",18.0716,0.288683
"Jun 2, 06:00 pm",0,0.288683
"Jun 2, 07:00 pm",0,0.288683
"Jun 2, 08:00 pm",0,0.288683
"Jun 2, 09:00 pm",0,0.288683
"Jun 2, 10:00 pm",0,0.288683
"Jun 2, 11:00 pm",0,0.288683
"Jun 3, 12:00 am",0,0.288683
"Jun 3, 01:00 am",0,0.288683
"Jun 3, 02:00 am",0,0.288683
"Jun 3, 03:00 am",0,0.288683
"Jun 3, 04:00 am",0,0.288683
"Jun 3, 05:00 am",0,0.288683
"Jun 3, 06:00 am",0,0.288683
"Jun 3, 07:00 am",0,0.288683
"Jun 3, 08:00 am",0,0.288683
"Jun 3, 09:00 am",0,0.288683
"Jun 3, 10:00 am",0,0.288683
"Jun 3, 11:00 am",0,0.288683
"Jun 3, 12:00 pm",0,0.288683
"Jun 3, 01:00 pm",0,0.288683
"Jun 3, 02:00 pm",0,0.288683
"Jun 3, 03:00 pm",0,0.288683
"Jun 3, 04:00 pm",0,0.288683
"Jun 3, 05:00 pm",0,0.288683
"Jun 3, 06:00 pm",0,0.288683
"Jun 3, 07:00 pm",0,0.288683
"Jun 3, 08:00 pm",0,0.288683
"Jun 3, 09:00 pm",0,0.288683
"Jun 3, 10:00 pm",0,0.288683
"Jun 3, 11:00 pm",0,0.288683
"Jun 4, 12:00 am",0,0.288683
"Jun 4, 01:00 am",0,0.288683
"Jun 4, 02:00 am",0,0.288683
"Jun 4, 03:00 am",0,0.288683
"Jun 4, 04:00 am",0,0.288683
"Jun 4, 05:00 am",0,0.288683
"Jun 4, 06:00 am",0,0.288683
"Jun 4, 07:00 am",0,0.288683
"Jun 4, 08:00 am",0,0.288683
"Jun 4, 09:00 am",0,0.352705
"Jun 4, 10:00 am",2341.2,1.33274
"Jun 4, 11:00 am",3077.63,1.49632
"Jun 4, 12:00 pm",2999.33,1.4582
"Jun 4, 01:00 pm",2941.69,1.42998
"Jun 4, 02:00 pm",3018.95,1.46779
"Jun 4, 03:00 pm",2994.48,1.45581
"Jun 4, 04:00 pm",1715.94,0.834757
"Jun 4, 05:00 pm",17.725,0.288683
"Jun 4, 06:00 pm",0,0.288683
"Jun 4, 07:00 pm",0,0.288683
"Jun 4, 08:00 pm",0,0.288683
"Jun 4, 09:00 pm",0,0.288683
"Jun 4, 10:00 pm",0,0.288683
"Jun 4, 11:00 pm",0,0.288683
"Jun 5, 12:00 am",0,0.288683
"Jun 5, 01:00 am",0,0.288683
"Jun 5, 02:00 am",0,0.288683
"Jun 5, 03:00 am",0,0.288683
"Jun 5, 04:00 am",0,0.288683
"Jun 5, 05:00 am",0,0.288683
"Jun 5, 06:00 am",0,0.288683
"Jun 5, 07:00 am",0,0.288683
"Jun 5, 08:00 am",0,0.288683
"Jun 5, 09:00 am",0,0.358745
"Jun 5, 10:00 am",2483.97,1.41213
"Jun 5, 11:00 am",3229.27,1.57047
"Jun 5, 12:00 pm",3140.62,1.52718
"Jun 5, 01:00 pm",3077.52,1.49637
"Jun 5, 02:00 pm",3166.15,1.53964
"Jun 5, 03:00 pm",3152.02,1.53272
"Jun 5, 04:00 pm",1820.77,0.885677
"Jun 5, 05:00 pm",17.9208,0.288683
"Jun 5, 06:00 pm",0,0.288683
"Jun 5, 07:00 pm",0,0.288683
"Jun 5, 08:00 pm",0,0.288683
"Jun 5, 09:00 pm",0,0.288683
"Jun 5, 10:00 pm",0,0.288683
"Jun 5, 11:00 pm",0,0.288683
"Jun 6, 12:00 am",0,0.288683
"Jun 6, 01:00 am",0,0.288683
"Jun 6, 02:00 am",0,0.288683
"Jun 6, 03:00 am",0,0.288683
"Jun 6, 04:00 am",0,0.288683
"Jun 6, 05:00 am",0,0.288683
"Jun 6, 06:00 am",0,0.288683
"Jun 6, 07:00 am",0,0.288683
"Jun 6, 08:00 am",0,0.288683
"Jun 6, 09:00 am",0,0.3541
"Jun 6, 10:00 am",2389.71,1.35928
"Jun 6, 11:00 am",3112.57,1.51343
"Jun 6, 12:00 pm",21.9083,0.288683
"Jun 6, 01:00 pm",0,0.288683
"Jun 6, 02:00 pm",0,0.288683
"Jun 6, 03:00 pm",0,0.288683
"Jun 6, 04:00 pm",1013.71,0.785872
"Jun 6, 05:00 pm",17.278,0.288683
"Jun 6, 06:00 pm",0,0.288683
"Jun 6, 07:00 pm",0,0.288683
"Jun 6, 08:00 pm",0,0.288683
"Jun 6, 09:00 pm",0,0.288683
"Jun 6, 10:00 pm",0,0.288683
"Jun 6, 11:00 pm",0,0.288683
"Jun 7, 12:00 am",0,0.288683
"Jun 7, 01:00 am",0,0.288683
"Jun 7, 02:00 am",0,0.288683
"Jun 7, 03:00 am",0,0.288683
"Jun 7, 04:00 am",0,0.288683
"Jun 7, 05:00 am",0,0.288683
"Jun 7, 06:00 am",0,0.288683
"Jun 7, 07:00 am",0,0.288683
"Jun 7, 08:00 am",0,0.288683
"Jun 7, 09:00 am",0,0.288683
"Jun 7, 10:00 am",0,0.288683
"Jun 7, 11:00 am",0,0.288683
"Jun 7, 12:00 pm",0,0.288683
"Jun 7, 01:00 pm",0,0.288683
"Jun 7, 02:00 pm",0,0.288683
"Jun 7, 03:00 pm",1675.74,0.947197
"Jun 7, 04:00 pm",1627.21,0.791663
"Jun 7, 05:00 pm",16.1173,0.288683
"Jun 7, 06:00 pm",0,0.288683
"Jun 7, 07:00 pm",0,0.288683
"Jun 7, 08:00 pm",0,0.288683
"Jun 7, 09:00 pm",0,0.288683
"Jun 7, 10:00 pm",0,0.288683
"Jun 7, 11:00 pm",0,0.288683
"Jun 8, 12:00 am",0,0.288683
"Jun 8, 01:00 am",0,0.288683
"Jun 8, 02:00 am",0,0.288683
"Jun 8, 03:00 am",0,0.288683
"Jun 8, 04:00 am",0,0.288683
"Jun 8, 05:00 am",0,0.288683
"Jun 8, 06:00 am",0,0.288683
"Jun 8, 07:00 am",0,0.288683
"Jun 8, 08:00 am",0,0.288683
"Jun 8, 09:00 am",0,0.348534
"Jun 8, 10:00 am",2294.61,1.30774
"Jun 8, 11:00 am",3016.72,1.46679
"Jun 8, 12:00 pm",2935.54,1.42699
"Jun 8, 01:00 pm",2866,1.39288
"Jun 8, 02:00 pm",2943.14,1.43073
"Jun 8, 03:00 pm",2915.51,1.41717
"Jun 8, 04:00 pm",1640.09,0.797938
"Jun 8, 05:00 pm",16.8016,0.288683
"Jun 8, 06:00 pm",0,0.288683
"Jun 8, 07:00 pm",0,0.288683
"Jun 8, 08:00 pm",0,0.288683
"Jun 8, 09:00 pm",0,0.288683
"Jun 8, 10:00 pm",0,0.288683
"Jun 8, 11:00 pm",0,0.288683
"Jun 9, 12:00 am",0,0.288683
"Jun 9, 01:00 am",0,0.288683
"Jun 9, 02:00 am",0,0.288683
"Jun 9, 03:00 am",0,0.288683
"Jun 9, 04:00 am",0,0.288683
"Jun 9, 05:00 am",0,0.288683
"Jun 9, 06:00 am",0,0.288683
"Jun 9, 07:00 am",0,0.288683
"Jun 9, 08:00 am",0,0.288683
"Jun 9, 09:00 am",0,0.348267
"Jun 9, 10:00 am",2292.88,1.30693
"Jun 9, 11:00 am",3016.67,1.46676
"Jun 9, 12:00 pm",2941.91,1.4301
"Jun 9, 01:00 pm",2876.21,1.39789
"Jun 9, 02:00 pm",2962.56,1.44022
"Jun 9, 03:00 pm",2945.37,1.43177
"Jun 9, 04:00 pm",1666.25,0.810626
"Jun 9, 05:00 pm",17.4077,0.288683
"Jun 9, 06:00 pm",0,0.288683
"Jun 9, 07:00 pm",0,0.288683
"Jun 9, 08:00 pm",0,0.288683
"Jun 9, 09:00 pm",0,0.288683
"Jun 9, 10:00 pm",0,0.288683
"Jun 9, 11:00 pm",0,0.288683
"Jun 10, 12:00 am",0,0.288683
"Jun 10, 01:00 am",0,0.288683
"Jun 10, 02:00 am",0,0.288683
"Jun 10, 03:00 am",0,0.288683
"Jun 10, 04:00 am",0,0.288683
"Jun 10, 05:00 am",0,0.288683
"Jun 10, 06:00 am",0,0.288683
"Jun 10, 07:00 am",0,0.288683
"Jun 10, 08:00 am",0,0.288683
"Jun 10, 09:00 am",0,0.347958
"Jun 10, 10:00 am",2298.05,1.30972
"Jun 10, 11:00 am",3028.87,1.47272
"Jun 10, 12:00 pm",2950.15,1.43413
"Jun 10, 01:00 pm",2879.66,1.39957
"Jun 10, 02:00 pm",2965.27,1.44154
"Jun 10, 03:00 pm",2945.88,1.43202
"Jun 10, 04:00 pm",1664.56,0.809793
"Jun 10, 05:00 pm",17.5646,0.288683
"Jun 10, 06:00 pm",0,0.288683
"Jun 10, 07:00 pm",0,0.288683
"Jun 10, 08:00 pm",0,0.288683
"Jun 10, 09:00 pm",0,0.288683
"Jun 10, 10:00 pm",0,0.288683
"Jun 10, 11:00 pm",0,0.288683
"Jun 11, 12:00 am",0,0.288683
"Jun 11, 01:00 am",0,0.288683
"Jun 11, 02:00 am",0,0.288683
"Jun 11, 03:00 am",0,0.288683
"Jun 11, 04:00 am",0,0.288683
"Jun 11, 05:00 am",0,0.288683
"Jun 11, 06:00 am",0,0.288683
"Jun 11, 07:00 am",0,0.288683
"Jun 11, 08:00 am",0,0.288683
"Jun 11, 09:00 am",0,0.351152
"Jun 11, 10:00 am",2373.86,1.35076
"Jun 11, 11:00 am",3115.5,1.51483
"Jun 11, 12:00 pm",3032.02,1.47416
"Jun 11, 01:00 pm",2956.65,1.43729
"Jun 11, 02:00 pm",3050.58,1.48323
"Jun 11, 03:00 pm",3035.16,1.47567
"Jun 11, 04:00 pm",1726.82,0.840032
"Jun 11, 05:00 pm",17.7322,0.288683
"Jun 11, 06:00 pm",0,0.288683
"Jun 11, 07:00 pm",0,0.288683
"Jun 11, 08:00 pm",0,0.288683
"Jun 11, 09:00 pm",0,0.288683
"Jun 11, 10:00 pm",0,0.288683
"Jun 11, 11:00 pm",0,0.288683
"Jun 12, 12:00 am",0,0.288683
"Jun 12, 01:00 am",0,0.288683
"Jun 12, 02:00 am",0,0.288683
"Jun 12, 03:00 am",0,0.288683
"Jun 12, 04:00 am",0,0.288683
"Jun 12, 05:00 am",0,0.288683
"Jun 12, 06:00 am",0,0.288683
"Jun 12, 07:00 am",0,0.288683
"Jun 12, 08:00 am",0,0.288683
"Jun 12, 09:00 am",0,0.35111
"Jun 12, 10:00 am",2371.8,1.35003
"Jun 12, 11:00 am",3115.18,1.5147
"Jun 12, 12:00 pm",3023.86,1.47019
"Jun 12, 01:00 pm",2939.81,1.42906
"Jun 12, 02:00 pm",3027.17,1.47183
"Jun 12, 03:00 pm",2996.83,1.45697
"Jun 12, 04:00 pm",1690.45,0.822391
"Jun 12, 05:00 pm",17.17,0.288683
"Jun 12, 06:00 pm",0,0.288683
"Jun 12, 07:00 pm",0,0.288683
"Jun 12, 08:00 pm",0,0.288683
"Jun 12, 09:00 pm",0,0.288683
"Jun 12, 10:00 pm",0,0.288683
"Jun 12, 11:00 pm",0,0.288683
"Jun 13, 12:00 am",0,0.288683
"Jun 13, 01:00 am",0,0.288683
"Jun 13, 02:00 am",0,0.288683
"Jun 13, 03:00 am",0,0.288683
"Jun 13, 04:00 am",0,0.288683
"Jun 13, 05:00 am",0,0.288683
"Jun 13, 06:00 am",0,0.288683
"Jun 13, 07:00 am",0,0.288683
"Jun 13, 08:00 am",0,0.288683
"Jun 13, 09:00 am",0,0.288683
"Jun 13, 10:00 am",0,0.288683
"Jun 13, 11:00 am",0,0.288683
"Jun 13, 12:00 pm",1723.57,0.969654
"Jun 13, 01:00 pm",2874.04,1.39675
"Jun 13, 02:00 pm",2953.01,1.43557
"Jun 13, 03:00 pm",2917.54,1.41817
"Jun 13, 04:00 pm",1639.13,0.797467
"Jun 13, 05:00 pm",16.8169,0.288683
"Jun 13, 06:00 pm",0,0.288683
"Jun 13, 07:00 pm",0,0.288683
"Jun 13, 08:00 pm",0,0.288683
"Jun 13, 09:00 pm",0,0.288683
"Jun 13, 10:00 pm",0,0.288683
"Jun 13, 11:00 pm",0,0.288683
"Jun 14, 12:00 am",0,0.288683
"Jun 14, 01:00 am",0,0.288683
"Jun 14, 02:00 am",0,0.288683
"Jun 14, 03:00 am",0,0.288683
"Jun 14, 04:00 am",0,0.288683
"Jun 14, 05:00 am",0,0.288683
"Jun 14, 06:00 am",0,0.288683
"Jun 14, 07:00 am",0,0.288683
"Jun 14, 08:00 am",0,0.288683
"Jun 14, 09:00 am",0,0.288683
"Jun 14, 10:00 am",0,0.288683
"Jun 14, 11:00 am",0,0.288683
"Jun 14, 12:00 pm",0,0.288683
"Jun 14, 01:00 pm",0,0.288683
"Jun 14, 02:00 pm",0,0.288683
"Jun 14, 03:00 pm",0,0.288683
"Jun 14, 04:00 pm",0,0.288683
"Jun 14, 05:00 pm",0,0.288683
"Jun 14, 06:00 pm",0,0.288683
"Jun 14, 07:00 pm",0,0.288683
"Jun 14, 08:00 pm",0,0.288683
"Jun 14, 09:00 pm",0,0.288683
"Jun 14, 10:00 pm",0,0.288683
"Jun 14, 11:00 pm",0,0.288683
"Jun 15, 12:00 am",0,0.288683
"Jun 15, 01:00 am",0,0.288683
"Jun 15, 02:00 am",0,0.288683
"Jun 15, 03:00 am",0,0.288683
"Jun 15, 04:00 am",0,0.288683
"Jun 15, 05:00 am",0,0.288683
"Jun 15, 06:00 am",0,0.288683
"Jun 15, 07:00 am",0,0.288683
"Jun 15, 08:00 am",0,0.288683
"Jun 15, 09:00 am",0,0.288683
"Jun 15, 10:00 am",2597.19,1.2634
"Jun 15, 11:00 am",2897.85,1.40861
"Jun 15, 12:00 pm",2835.94,1.37819
"Jun 15, 01:00 pm",2767.1,1.34442
"Jun 15, 02:00 pm",2861.79,1.39077
"Jun 15, 03:00 pm",2860.52,1.3902
"Jun 15, 04:00 pm",1629.26,0.792706
"Jun 15, 05:00 pm",16.3287,0.288683
"Jun 15, 06:00 pm",0,0.288683
"Jun 15, 07:00 pm",0,0.288683
"Jun 15, 08:00 pm",0,0.288683
"Jun 15, 09:00 pm",0,0.288683
"Jun 15, 10:00 pm",0,0.288683
"Jun 15, 11:00 pm",0,0.288683
"Jun 16, 12:00 am",0,0.288683
"Jun 16, 01:00 am",0,0.288683
"Jun 16, 02:00 am",0,0.288683
"Jun 16, 03:00 am",0,0.288683
"Jun 16, 04:00 am",0,0.288683
"Jun 16, 05:00 am",0,0.288683
"Jun 16, 06:00 am",0,0.288683
"Jun 16, 07:00 am",0,0.288683
"Jun 16, 08:00 am",0,0.288683
"Jun 16, 09:00 am",0,0.288683
"Jun 16, 10:00 am",0,0.288683
"Jun 16, 11:00 am",0,0.288683
"Jun 16, 12:00 pm",0,0.288683
"Jun 16, 01:00 pm",0,0.288683
"Jun 16, 02:00 pm",0,0.288683
"Jun 16, 03:00 pm",0,0.288683
"Jun 16, 04:00 pm",0,0.288683
"Jun 16, 05:00 pm",0,0.288683
"Jun 16, 06:00 pm",0,0.288683
"Jun 16, 07:00 pm",0,0.288683
"Jun 16, 08:00 pm",0,0.288683
"Jun 16, 09:00 pm",0,0.288683
"Jun 16, 10:00 pm",0,0.288683
"Jun 16, 11:00 pm",0,0.288683
"Jun 17, 12:00 am",0,0.288683
"Jun 17, 01:00 am",0,0.288683
"Jun 17, 02:00 am",0,0.288683
"Jun 17, 03:00 am",0,0.288683
"Jun 17, 04:00 am",0,0.288683
"Jun 17, 05:00 am",0,0.288683
"Jun 17, 06:00 am",0,0.288683
"Jun 17, 07:00 am",0,0.288683
"Jun 17, 08:00 am",0,0.288683
"Jun 17, 09:00 am",0,0.288683
"Jun 17, 10:00 am",2559.47,1.24504
"Jun 17, 11:00 am",2853.77,1.38696
"Jun 17, 12:00 pm",2772.21,1.34693
"Jun 17, 01:00 pm",2679.13,1.30272
"Jun 17, 02:00 pm",2748.38,1.33526
"Jun 17, 03:00 pm",2742.93,1.33242
"Jun 17, 04:00 pm",1564.4,0.761049
"Jun 17, 05:00 pm",17.1016,0.288683
"Jun 17, 06:00 pm",0,0.288683
"Jun 17, 07:00 pm",0,0.288683
"Jun 17, 08:00 pm",0,0.288683
"Jun 17, 09:00 pm",0,0.288683
"Jun 17, 10:00 pm",0,0.288683
"Jun 17, 11:00 pm",0,0.288683
"Jun 18, 12:00 am",0,0.288683
"Jun 18, 01:00 am",0,0.288683
"Jun 18, 02:00 am",0,0.288683
"Jun 18, 03:00 am",0,0.288683
"Jun 18, 04:00 am",0,0.288683
"Jun 18, 05:00 am",0,0.288683
"Jun 18, 06:00 am",0,0.288683
"Jun 18, 07:00 am",0,0.288683
"Jun 18, 08:00 am",0,0.288683
"Jun 18, 09:00 am",0,0.288683
"Jun 18, 10:00 am",0,0.288683
"Jun 18, 11:00 am",0,0.288683
"Jun 18, 12:00 pm",0,0.288683
"Jun 18, 01:00 pm",0,0.288683
"Jun 18, 02:00 pm",0,0.288683
"Jun 18, 03:00 pm",0,0.288683
"Jun 18, 04:00 pm",0,0.288683
"Jun 18, 05:00 pm",0,0.288683
"Jun 18, 06:00 pm",0,0.288683
"Jun 18, 07:00 pm",0,0.288683
"Jun 18, 08:00 pm",0,0.288683
"Jun 18, 09:00 pm",0,0.288683
"Jun 18, 10:00 pm",0,0.288683
"Jun 18, 11:00 pm",0,0.288683
"Jun 19, 12:00 am",0,0.288683
"Jun 19, 01:00 am",0,0.288683
"Jun 19, 02:00 am",0,0.288683
"Jun 19, 03:00 am",0,0.288683
"Jun 19, 04:00 am",0,0.288683
"Jun 19, 05:00 am",0,0.288683
"Jun 19, 06:00 am",0,0.288683
"Jun 19, 07:00 am",0,0.288683
"Jun 19, 08:00 am",0,0.288683
"Jun 19, 09:00 am",0,0.288683
"Jun 19, 10:00 am",0,0.288683
"Jun 19, 11:00 am",0,0.288683
"Jun 19, 12:00 pm",0,0.288683
"Jun 19, 01:00 pm",1332.03,0.788337
"Jun 19, 02:00 pm",2719.04,1.32079
"Jun 19, 03:00 pm",2709.15,1.3158
"Jun 19, 04:00 pm",1551.41,0.754734
"Jun 19, 05:00 pm",16.2281,0.288683
"Jun 19, 06:00 pm",0,0.288683
"Jun 19, 07:00 pm",0,0.288683
"Jun 19, 08:00 pm",0,0.288683
"Jun 19, 09:00 pm",0,0.288683
"Jun 19, 10:00 pm",0,0.288683
"Jun 19, 11:00 pm",0,0.288683
"Jun 20, 12:00 am",0,0.288683
"Jun 20, 01:00 am",0,0.288683
"Jun 20, 02:00 am",0,0.288683
"Jun 20, 03:00 am",0,0.288683
"Jun 20, 04:00 am",0,0.288683
"Jun 20, 05:00 am",0,0.288683
"Jun 20, 06:00 am",0,0.288683
"Jun 20, 07:00 am",0,0.288683
"Jun 20, 08:00 am",0,0.288683
"Jun 20, 09:00 am",0,0.288683
"Jun 20, 10:00 am",0,0.288683
"Jun 20, 11:00 am",0,0.288683
"Jun 20, 12:00 pm",0,0.288683
"Jun 20, 01:00 pm",0,0.288683
"Jun 20, 02:00 pm",0,0.288683
"Jun 20, 03:00 pm",0,0.288683
"Jun 20, 04:00 pm",0,0.288683
"Jun 20, 05:00 pm",0,0.288683
"Jun 20, 06:00 pm",0,0.288683
"Jun 20, 07:00 pm",0,0.288683
"Jun 20, 08:00 pm",0,0.288683
"Jun 20, 09:00 pm",0,0.288683
"Jun 20, 10:00 pm",0,0.288683
"Jun 20, 11:00 pm",0,0.288683
"Jun 21, 12:00 am",0,0.288683
"Jun 21, 01:00 am",0,0.288683
"Jun 21, 02:00 am",0,0.288683
"Jun 21, 03:00 am",0,0.288683
"Jun 21, 04:00 am",0,0.288683
"Jun 21, 05:00 am",0,0.288683
"Jun 21, 06:00 am",0,0.288683
"Jun 21, 07:00 am",0,0.288683
"Jun 21, 08:00 am",0,0.288683
"Jun 21, 09:00 am",0,0.288683
"Jun 21, 10:00 am",0,0.288683
"Jun 21, 11:00 am",0,0.288683
"Jun 21, 12:00 pm",0,0.288683
"Jun 21, 01:00 pm",0,0.288683
"Jun 21, 02:00 pm",1600.65,0.913291
"Jun 21, 03:00 pm",2915.76,1.4171
"Jun 21, 04:00 pm",1704.57,0.829323
"Jun 21, 05:00 pm",16.0718,0.288683
"Jun 21, 06:00 pm",0,0.288683
"Jun 21, 07:00 pm",0,0.288683
"Jun 21, 08:00 pm",0,0.288683
"Jun 21, 09:00 pm",0,0.288683
"Jun 21, 10:00 pm",0,0.288683
"Jun 21, 11:00 pm",0,0.288683
"Jun 22, 12:00 am",0,0.288683
"Jun 22, 01:00 am",0,0.288683
"Jun 22, 02:00 am",0,0.288683
"Jun 22, 03:00 am",0,0.288683
"Jun 22, 04:00 am",0,0.288683
"Jun 22, 05:00 am",0,0.288683
"Jun 22, 06:00 am",0,0.288683
"Jun 22, 07:00 am",0,0.288683
"Jun 22, 08:00 am",0,0.288683
"Jun 22, 09:00 am",0,0.288683
"Jun 22, 10:00 am",0,0.288683
"Jun 22, 11:00 am",0,0.288683
"Jun 22, 12:00 pm",0,0.288683
"Jun 22, 01:00 pm",0,0.288683
"Jun 22, 02:00 pm",0,0.288683
"Jun 22, 03:00 pm",0,0.288683
"Jun 22, 04:00 pm",0,0.288683
"Jun 22, 05:00 pm",0,0.288683
"Jun 22, 06:00 pm",0,0.288683
"Jun 22, 07:00 pm",0,0.288683
"Jun 22, 08:00 pm",0,0.288683
"Jun 22, 09:00 pm",0,0.288683
"Jun 22, 10:00 pm",0,0.288683
"Jun 22, 11:00 pm",0,0.288683
"Jun 23, 12:00 am",0,0.288683
"Jun 23, 01:00 am",0,0.288683
"Jun 23, 02:00 am",0,0.288683
"Jun 23, 03:00 am",0,0.288683
"Jun 23, 04:00 am",0,0.288683
"Jun 23, 05:00 am",0,0.288683
"Jun 23, 06:00 am",0,0.288683
"Jun 23, 07:00 am",0,0.288683
"Jun 23, 08:00 am",0,0.288683
"Jun 23, 09:00 am",0,0.288683
"Jun 23, 10:00 am",2723.89,1.32203
"Jun 23, 11:00 am",3033,1.4746
"Jun 23, 12:00 pm",2949.91,1.43405
"Jun 23, 01:00 pm",2851.17,1.38562
"Jun 23, 02:00 pm",2941.07,1.42972
"Jun 23, 03:00 pm",2945.76,1.43202
"Jun 23, 04:00 pm",1755.88,0.854241
"Jun 23, 05:00 pm",16.4776,0.288683
"Jun 23, 06:00 pm",0,0.288683
"Jun 23, 07:00 pm",0,0.288683
"Jun 23, 08:00 pm",0,0.288683
"Jun 23, 09:00 pm",0,0.288683
"Jun 23, 10:00 pm",0,0.288683
"Jun 23, 11:00 pm",0,0.288683
"Jun 24, 12:00 am",0,0.288683
"Jun 24, 01:00 am",0,0.288683
"Jun 24, 02:00 am",0,0.288683
"Jun 24, 03:00 am",0,0.288683
"Jun 24, 04:00 am",0,0.288683
"Jun 24, 05:00 am",0,0.288683
"Jun 24, 06:00 am",0,0.288683
"Jun 24, 07:00 am",0,0.288683
"Jun 24, 08:00 am",0,0.288683
"Jun 24, 09:00 am",0,0.288683
"Jun 24, 10:00 am",2766.37,1.33612
"Jun 24, 11:00 am",2993.05,1.45504
"Jun 24, 12:00 pm",2914.1,1.41649
"Jun 24, 01:00 pm",2816.98,1.36887
"Jun 24, 02:00 pm",2906.15,1.41257
"Jun 24, 03:00 pm",21.3751,0.288683
"Jun 24, 04:00 pm",0,0.288683
"Jun 24, 05:00 pm",0,0.288683
"Jun 24, 06:00 pm",0,0.288683
"Jun 24, 07:00 pm",0,0.288683
"Jun 24, 08:00 pm",0,0.288683
"Jun 24, 09:00 pm",0,0.288683
"Jun 24, 10:00 pm",0,0.288683
"Jun 24, 11:00 pm",0,0.288683
"Jun 25, 12:00 am",0,0.288683
"Jun 25, 01:00 am",0,0.288683
"Jun 25, 02:00 am",0,0.288683
"Jun 25, 03:00 am",0,0.288683
"Jun 25, 04:00 am",0,0.288683
"Jun 25, 05:00 am",0,0.288683
"Jun 25, 06:00 am",0,0.288683
"Jun 25, 07:00 am",0,0.288683
"Jun 25, 08:00 am",0,0.288683
"Jun 25, 09:00 am",0,0.288683
"Jun 25, 10:00 am",0,0.288683
"Jun 25, 11:00 am",0,0.288683
"Jun 25, 12:00 pm",0,0.288683
"Jun 25, 01:00 pm",0,0.288683
"Jun 25, 02:00 pm",1534.32,0.881534
"Jun 25, 03:00 pm",2780.48,1.35081
"Jun 25, 04:00 pm",1663.77,0.809417
"Jun 25, 05:00 pm",16.5448,0.288683
"Jun 25, 06:00 pm",0,0.288683
"Jun 25, 07:00 pm",0,0.288683
"Jun 25, 08:00 pm",0,0.288683
"Jun 25, 09:00 pm",0,0.288683
"Jun 25, 10:00 pm",0,0.288683
"Jun 25, 11:00 pm",0,0.288683
"Jun 26, 12:00 am",0,0.288683
"Jun 26, 01:00 am",0,0.288683
"Jun 26, 02:00 am",0,0.288683
"Jun 26, 03:00 am",0,0.288683
"Jun 26, 04:00 am",0,0.288683
"Jun 26, 05:00 am",0,0.288683
"Jun 26, 06:00 am",0,0.288683
"Jun 26, 07:00 am",0,0.288683
"Jun 26, 08:00 am",0,0.288683
"Jun 26, 09:00 am",0,0.288683
"Jun 26, 10:00 am",0,0.288683
"Jun 26, 11:00 am",0,0.288683
"Jun 26, 12:00 pm",1552.39,0.889865
"Jun 26, 01:00 pm",2702.01,1.31372
"Jun 26, 02:00 pm",2779.23,1.35038
"Jun 26, 03:00 pm",2784.89,1.35308
"Jun 26, 04:00 pm",1691.41,0.822839
"Jun 26, 05:00 pm",17.107,0.288683
"Jun 26, 06:00 pm",0,0.288683
"Jun 26, 07:00 pm",0,0.288683
"Jun 26, 08:00 pm",0,0.288683
"Jun 26, 09:00 pm",0,0.288683
"Jun 26, 10:00 pm",0,0.288683
"Jun 26, 11:00 pm",0,0.288683
"Jun 27, 12:00 am",0,0.288683
"Jun 27, 01:00 am",0,0.288683
"Jun 27, 02:00 am",0,0.288683
"Jun 27, 03:00 am",0,0.288683
"Jun 27, 04:00 am",0,0.288683
"Jun 27, 05:00 am",0,0.288683
"Jun 27, 06:00 am",0,0.288683
"Jun 27, 07:00 am",0,0.288683
"Jun 27, 08:00 am",0,0.288683
"Jun 27, 09:00 am",0,0.288683
"Jun 27, 10:00 am",0,0.288683
"Jun 27, 11:00 am",0,0.288683
"Jun 27, 12:00 pm",0,0.288683
"Jun 27, 01:00 pm",0,0.288683
"Jun 27, 02:00 pm",0,0.288683
"Jun 27, 03:00 pm",0,0.288683
"Jun 27, 04:00 pm",0,0.288683
"Jun 27, 05:00 pm",0,0.288683
"Jun 27, 06:00 pm",0,0.288683
"Jun 27, 07:00 pm",0,0.288683
"Jun 27, 08:00 pm",0,0.288683
"Jun 27, 09:00 pm",0,0.288683
"Jun 27, 10:00 pm",0,0.288683
"Jun 27, 11:00 pm",0,0.288683
"Jun 28, 12:00 am",0,0.288683
"Jun 28, 01:00 am",0,0.288683
"Jun 28, 02:00 am",0,0.288683
"Jun 28, 03:00 am",0,0.288683
"Jun 28, 04:00 am",0,0.288683
"Jun 28, 05:00 am",0,0.288683
"Jun 28, 06:00 am",0,0.288683
"Jun 28, 07:00 am",0,0.288683
"Jun 28, 08:00 am",0,0.288683
"Jun 28, 09:00 am",0,0.288683
"Jun 28, 10:00 am",0,0.288683
"Jun 28, 11:00 am",0,0.288683
"Jun 28, 12:00 pm",0,0.288683
"Jun 28, 01:00 pm",0,0.288683
"Jun 28, 02:00 pm",0,0.288683
"Jun 28, 03:00 pm",0,0.288683
"Jun 28, 04:00 pm",0,0.288683
"Jun 28, 05:00 pm",0,0.288683
"Jun 28, 06:00 pm",0,0.288683
"Jun 28, 07:00 pm",0,0.288683
"Jun 28, 08:00 pm",0,0.288683
"Jun 28, 09:00 pm",0,0.288683
"Jun 28, 10:00 pm",0,0.288683
"Jun 28, 11:00 pm",0,0.288683
"Jun 29, 12:00 am",0,0.288683
"Jun 29, 01:00 am",0,0.288683
"Jun 29, 02:00 am",0,0.288683
"Jun 29, 03:00 am",0,0.288683
"Jun 29, 04:00 am",0,0.288683
"Jun 29, 05:00 am",0,0.288683
"Jun 29, 06:00 am",0,0.288683
"Jun 29, 07:00 am",0,0.288683
"Jun 29, 08:00 am",0,0.288683
"Jun 29, 09:00 am",0,0.288683
"Jun 29, 10:00 am",2633.7,1.28115
"Jun 29, 11:00 am",2990.45,1.45399
"Jun 29, 12:00 pm",20.7053,0.288683
"Jun 29, 01:00 pm",0,0.288683
"Jun 29, 02:00 pm",0,0.288683
"Jun 29, 03:00 pm",0,0.288683
"Jun 29, 04:00 pm",0,0.288683
"Jun 29, 05:00 pm",0,0.288683
"Jun 29, 06:00 pm",0,0.288683
"Jun 29, 07:00 pm",0,0.288683
"Jun 29, 08:00 pm",0,0.288683
"Jun 29, 09:00 pm",0,0.288683
"Jun 29, 10:00 pm",0,0.288683
"Jun 29, 11:00 pm",0,0.288683
"Jun 30, 12:00 am",0,0.288683
"Jun 30, 01:00 am",0,0.288683
"Jun 30, 02:00 am",0,0.288683
"Jun 30, 03:00 am",0,0.288683
"Jun 30, 04:00 am",0,0.288683
"Jun 30, 05:00 am",0,0.288683
"Jun 30, 06:00 am",0,0.288683
"Jun 30, 07:00 am",0,0.288683
"Jun 30, 08:00 am",0,0.288683
"Jun 30, 09:00 am",0,0.288683
"Jun 30, 10:00 am",0,0.288683
"Jun 30, 11:00 am",0,0.288683
"Jun 30, 12:00 pm",0,0.288683
"Jun 30, 01:00 pm",0,0.288683
"Jun 30, 02:00 pm",0,0.288683
"Jun 30, 03:00 pm",0,0.288683
"Jun 30, 04:00 pm",0,0.288683
"Jun 30, 05:00 pm",0,0.288683
"Jun 30, 06:00 pm",0,0.288683
"Jun 30, 07:00 pm",0,0.288683
"Jun 30, 08:00 pm",0,0.288683
"Jun 30, 09:00 pm",0,0.288683
"Jun 30, 10:00 pm",0,0.288683
"Jun 30, 11:00 pm",0,0.288683
"Jul 1, 12:00 am",0,0.288683
"Jul 1, 01:00 am",0,0.288683
"Jul 1, 02:00 am",0,0.288683
"Jul 1, 03:00 am",0,0.288683
"Jul 1, 04:00 am",0,0.288683
"Jul 1, 05:00 am",0,0.288683
"Jul 1, 06:00 am",0,0.288683
"Jul 1, 07:00 am",0,0.288683
"Jul 1, 08:00 am",0,0.288683
"Jul 1, 09:00 am",0,0.288683
"Jul 1, 10:00 am",18.711,0.288683
"Jul 1, 11:00 am",0,0.288683
"Jul 1, 12:00 pm",2364.79,1.34522
"Jul 1, 01:00 pm",2742.35,1.33211
"Jul 1, 02:00 pm",2820.15,1.37031
"Jul 1, 03:00 pm",2821.55,1.37113
"Jul 1, 04:00 pm",1795.82,0.873647
"Jul 1, 05:00 pm",16.7934,0.288683
"Jul 1, 06:00 pm",0,0.288683
"Jul 1, 07:00 pm",0,0.288683
"Jul 1, 08:00 pm",0,0.288683
"Jul 1, 09:00 pm",0,0.288683
"Jul 1, 10:00 pm",0,0.288683
"Jul 1, 11:00 pm",0,0.288683
"Jul 2, 12:00 am",0,0.288683
"Jul 2, 01:00 am",0,0.288683
"Jul 2, 02:00 am",0,0.288683
"Jul 2, 03:00 am",0,0.288683
"Jul 2, 04:00 am",0,0.288683
"Jul 2, 05:00 am",0,0.288683
"Jul 2, 06:00 am",0,0.288683
"Jul 2, 07:00 am",0,0.288683
"Jul 2, 08:00 am",0,0.288683
"Jul 2, 09:00 am",0,0.288683
"Jul 2, 10:00 am",0,0.288683
"Jul 2, 11:00 am",0,0.288683
"Jul 2, 12:00 pm",0,0.288683
"Jul 2, 01:00 pm",0,0.288683
"Jul 2, 02:00 pm",0,0.288683
"Jul 2, 03:00 pm",0,0.288683
"Jul 2, 04:00 pm",0,0.288683
"Jul 2, 05:00 pm",0,0.288683
"Jul 2, 06:00 pm",0,0.288683
"Jul 2, 07:00 pm",0,0.288683
"Jul 2, 08:00 pm",0,0.288683
"Jul 2, 09:00 pm",0,0.288683
"Jul 2, 10:00 pm",0,0.288683
"Jul 2, 11:00 pm",0,0.288683
"Jul 3, 12:00 am",0,0.288683
"Jul 3, 01:00 am",0,0.288683
"Jul 3, 02:00 am",0,0.288683
"Jul 3, 03:00 am",0,0.288683
"Jul 3, 04:00 am",0,0.288683
"Jul 3, 05:00 am",0,0.288683
"Jul 3, 06:00 am",0,0.288683
"Jul 3, 07:00 am",0,0.288683
"Jul 3, 08:00 am",0,0.288683
"Jul 3, 09:00 am",0,0.288683
"Jul 3, 10:00 am",0,0.288683
"Jul 3, 11:00 am",0,0.288683
"Jul 3, 12:00 pm",0,0.288683
"Jul 3, 01:00 pm",0,0.288683
"Jul 3, 02:00 pm",0,0.288683
"Jul 3, 03:00 pm",0,0.288683
"Jul 3, 04:00 pm",0,0.288683
"Jul 3, 05:00 pm",0,0.288683
"Jul 3, 06:00 pm",0,0.288683
"Jul 3, 07:00 pm",0,0.288683
"Jul 3, 08:00 pm",0,0.288683
"Jul 3, 09:00 pm",0,0.288683
"Jul 3, 10:00 pm",0,0.288683
"Jul 3, 11:00 pm",0,0.288683
"Jul 4, 12:00 am",0,0.288683
"Jul 4, 01:00 am",0,0.288683
"Jul 4, 02:00 am",0,0.288683
"Jul 4, 03:00 am",0,0.288683
"Jul 4, 04:00 am",0,0.288683
"Jul 4, 05:00 am",0,0.288683
"Jul 4, 06:00 am",0,0.288683
"Jul 4, 07:00 am",0,0.288683
"Jul 4, 08:00 am",0,0.288683
"Jul 4, 09:00 am",0,0.288683
"Jul 4, 10:00 am",26.8814,0.288683
"Jul 4, 11:00 am",0,0.288683
"Jul 4, 12:00 pm",2530.74,1.43858
"Jul 4, 01:00 pm",2942.56,1.43043
"Jul 4, 02:00 pm",3038.1,1.4772
"Jul 4, 03:00 pm",3067.11,1.49136
"Jul 4, 04:00 pm",2050.99,0.997636
"Jul 4, 05:00 pm",16.8992,0.288683
"Jul 4, 06:00 pm",0,0.288683
"Jul 4, 07:00 pm",0,0.288683
"Jul 4, 08:00 pm",0,0.288683
"Jul 4, 09:00 pm",0,0.288683
"Jul 4, 10:00 pm",0,0.288683
"Jul 4, 11:00 pm",0,0.288683
"Jul 5, 12:00 am",0,0.288683
"Jul 5, 01:00 am",0,0.288683
"Jul 5, 02:00 am",0,0.288683
"Jul 5, 03:00 am",0,0.288683
"Jul 5, 04:00 am",0,0.288683
"Jul 5, 05:00 am",0,0.288683
"Jul 5, 06:00 am",0,0.288683
"Jul 5, 07:00 am",0,0.288683
"Jul 5, 08:00 am",0,0.288683
"Jul 5, 09:00 am",0,0.288683
"Jul 5, 10:00 am",0,0.288683
"Jul 5, 11:00 am",0,0.288683
"Jul 5, 12:00 pm",0,0.288683
"Jul 5, 01:00 pm",0,0.288683
"Jul 5, 02:00 pm",0,0.288683
"Jul 5, 03:00 pm",0,0.288683
"Jul 5, 04:00 pm",0,0.288683
"Jul 5, 05:00 pm",0,0.288683
"Jul 5, 06:00 pm",0,0.288683
"Jul 5, 07:00 pm",0,0.288683
"Jul 5, 08:00 pm",0,0.288683
"Jul 5, 09:00 pm",0,0.288683
"Jul 5, 10:00 pm",0,0.288683
"Jul 5, 11:00 pm",0,0.288683
"Jul 6, 12:00 am",0,0.288683
"Jul 6, 01:00 am",0,0.288683
"Jul 6, 02:00 am",0,0.288683
"Jul 6, 03:00 am",0,0.288683
"Jul 6, 04:00 am",0,0.288683
"Jul 6, 05:00 am",0,0.288683
"Jul 6, 06:00 am",0,0.288683
"Jul 6, 07:00 am",0,0.288683
"Jul 6, 08:00 am",0,0.288683
"Jul 6, 09:00 am",0,0.288683
"Jul 6, 10:00 am",0,0.288683
"Jul 6, 11:00 am",0,0.288683
"Jul 6, 12:00 pm",1581.18,0.904788
"Jul 6, 01:00 pm",2818.77,1.36955
"Jul 6, 02:00 pm",2886.31,1.40282
"Jul 6, 03:00 pm",2907.95,1.41347
"Jul 6, 04:00 pm",1973.33,0.959885
"Jul 6, 05:00 pm",17.3587,0.288683
"Jul 6, 06:00 pm",0,0.288683
"Jul 6, 07:00 pm",0,0.288683
"Jul 6, 08:00 pm",0,0.288683
"Jul 6, 09:00 pm",0,0.288683
"Jul 6, 10:00 pm",0,0.288683
"Jul 6, 11:00 pm",0,0.288683
"Jul 7, 12:00 am",0,0.288683
"Jul 7, 01:00 am",0,0.288683
"Jul 7, 02:00 am",0,0.288683
"Jul 7, 03:00 am",0,0.288683
"Jul 7, 04:00 am",0,0.288683
"Jul 7, 05:00 am",0,0.288683
"Jul 7, 06:00 am",0,0.288683
"Jul 7, 07:00 am",0,0.288683
"Jul 7, 08:00 am",0,0.288683
"Jul 7, 09:00 am",0,0.288683
"Jul 7, 10:00 am",0,0.288683
"Jul 7, 11:00 am",0,0.288683
"Jul 7, 12:00 pm",0,0.288683
"Jul 7, 01:00 pm",0,0.288683
"Jul 7, 02:00 pm",0,0.288683
"Jul 7, 03:00 pm",0,0.288683
"Jul 7, 04:00 pm",0,0.288683
"Jul 7, 05:00 pm",0,0.288683
"Jul 7, 06:00 pm",0,0.288683
"Jul 7, 07:00 pm",0,0.288683
"Jul 7, 08:00 pm",0,0.288683
"Jul 7, 09:00 pm",0,0.288683
"Jul 7, 10:00 pm",0,0.288683
"Jul 7, 11:00 pm",0,0.288683
"Jul 8, 12:00 am",0,0.288683
"Jul 8, 01:00 am",0,0.288683
"Jul 8, 02:00 am",0,0.288683
"Jul 8, 03:00 am",0,0.288683
"Jul 8, 04:00 am",0,0.288683
"Jul 8, 05:00 am",0,0.288683
"Jul 8, 06:00 am",0,0.288683
"Jul 8, 07:00 am",0,0.288683
"Jul 8, 08:00 am",0,0.288683
"Jul 8, 09:00 am",0,0.288683
"Jul 8, 10:00 am",0,0.288683
"Jul 8, 11:00 am",0,0.288683
"Jul 8, 12:00 pm",1682.33,0.952589
"Jul 8, 01:00 pm",2933.37,1.42587
"Jul 8, 02:00 pm",3006.49,1.46173
"Jul 8, 03:00 pm",3036,1.47615
"Jul 8, 04:00 pm",2118.67,1.03051
"Jul 8, 05:00 pm",17.1524,0.288683
"Jul 8, 06:00 pm",0,0.288683
"Jul 8, 07:00 pm",0,0.288683
"Jul 8, 08:00 pm",0,0.288683
"Jul 8, 09:00 pm",0,0.288683
"Jul 8, 10:00 pm",0,0.288683
"Jul 8, 11:00 pm",0,0.288683
"Jul 9, 12:00 am",0,0.288683
"Jul 9, 01:00 am",0,0.288683
"Jul 9, 02:00 am",0,0.288683
"Jul 9, 03:00 am",0,0.288683
"Jul 9, 04:00 am",0,0.288683
"Jul 9, 05:00 am",0,0.288683
"Jul 9, 06:00 am",0,0.288683
"Jul 9, 07:00 am",0,0.288683
"Jul 9, 08:00 am",0,0.288683
"Jul 9, 09:00 am",0,0.344436
"Jul 9, 10:00 am",2268.91,1.29509
"Jul 9, 11:00 am",3130.15,1.5222
"Jul 9, 12:00 pm",3055.02,1.48541
"Jul 9, 01:00 pm",2959.36,1.43863
"Jul 9, 02:00 pm",3039.66,1.47793
"Jul 9, 03:00 pm",3079.78,1.49751
"Jul 9, 04:00 pm",2185.93,1.06314
"Jul 9, 05:00 pm",17.7538,0.288683
"Jul 9, 06:00 pm",0,0.288683
"Jul 9, 07:00 pm",0,0.288683
"Jul 9, 08:00 pm",0,0.288683
"Jul 9, 09:00 pm",0,0.288683
"Jul 9, 10:00 pm",0,0.288683
"Jul 9, 11:00 pm",0,0.288683
"Jul 10, 12:00 am",0,0.288683
"Jul 10, 01:00 am",0,0.288683
"Jul 10, 02:00 am",0,0.288683
"Jul 10, 03:00 am",0,0.288683
"Jul 10, 04:00 am",0,0.288683
"Jul 10, 05:00 am",0,0.288683
"Jul 10, 06:00 am",0,0.288683
"Jul 10, 07:00 am",0,0.288683
"Jul 10, 08:00 am",0,0.288683
"Jul 10, 09:00 am",0,0.288683
"Jul 10, 10:00 am",0,0.288683
"Jul 10, 11:00 am",0,0.288683
"Jul 10, 12:00 pm",1811.53,1.01037
"Jul 10, 01:00 pm",2989.36,1.45324
"Jul 10, 02:00 pm",3052.65,1.48426
"Jul 10, 03:00 pm",3086.6,1.50085
"Jul 10, 04:00 pm",2212.46,1.07605
"Jul 10, 05:00 pm",17.5811,0.288683
"Jul 10, 06:00 pm",0,0.288683
"Jul 10, 07:00 pm",0,0.288683
"Jul 10, 08:00 pm",0,0.288683
"Jul 10, 09:00 pm",0,0.288683
"Jul 10, 10:00 pm",0,0.288683
"Jul 10, 11:00 pm",0,0.288683
"Jul 11, 12:00 am",0,0.288683
"Jul 11, 01:00 am",0,0.288683
"Jul 11, 02:00 am",0,0.288683
"Jul 11, 03:00 am",0,0.288683
"Jul 11, 04:00 am",0,0.288683
"Jul 11, 05:00 am",0,0.288683
"Jul 11, 06:00 am",0,0.288683
"Jul 11, 07:00 am",0,0.288683
"Jul 11, 08:00 am",0,0.288683
"Jul 11, 09:00 am",0,0.350193
"Jul 11, 10:00 am",2386.03,1.35836
"Jul 11, 11:00 am",3257.84,1.58425
"Jul 11, 12:00 pm",3145.83,1.52973
"Jul 11, 01:00 pm",3025.77,1.47111
"Jul 11, 02:00 pm",22.1574,0.288683
"Jul 11, 03:00 pm",0,0.288683
"Jul 11, 04:00 pm",0,0.288683
"Jul 11, 05:00 pm",0,0.288683
"Jul 11, 06:00 pm",0,0.288683
"Jul 11, 07:00 pm",0,0.288683
"Jul 11, 08:00 pm",0,0.288683
"Jul 11, 09:00 pm",0,0.288683
"Jul 11, 10:00 pm",0,0.288683
"Jul 11, 11:00 pm",0,0.288683
"Jul 12, 12:00 am",0,0.288683
"Jul 12, 01:00 am",0,0.288683
"Jul 12, 02:00 am",0,0.288683
"Jul 12, 03:00 am",0,0.288683
"Jul 12, 04:00 am",0,0.288683
"Jul 12, 05:00 am",0,0.288683
"Jul 12, 06:00 am",0,0.288683
"Jul 12, 07:00 am",0,0.288683
"Jul 12, 08:00 am",0,0.288683
"Jul 12, 09:00 am",0,0.288683
"Jul 12, 10:00 am",0,0.288683
"Jul 12, 11:00 am",0,0.288683
"Jul 12, 12:00 pm",0,0.288683
"Jul 12, 01:00 pm",0,0.288683
"Jul 12, 02:00 pm",1722.52,0.969107
"Jul 12, 03:00 pm",2988.86,1.45306
"Jul 12, 04:00 pm",20.0234,0.288683
"Jul 12, 05:00 pm",0,0.288683
"Jul 12, 06:00 pm",0,0.288683
"Jul 12, 07:00 pm",0,0.288683
"Jul 12, 08:00 pm",0,0.288683
"Jul 12, 09:00 pm",0,0.288683
"Jul 12, 10:00 pm",0,0.288683
"Jul 12, 11:00 pm",0,0.288683
"Jul 13, 12:00 am",0,0.288683
"Jul 13, 01:00 am",0,0.288683
"Jul 13, 02:00 am",0,0.288683
"Jul 13, 03:00 am",0,0.288683
"Jul 13, 04:00 am",0,0.288683
"Jul 13, 05:00 am",0,0.288683
"Jul 13, 06:00 am",0,0.288683
"Jul 13, 07:00 am",0,0.288683
"Jul 13, 08:00 am",0,0.288683
"Jul 13, 09:00 am",0,0.343576
"Jul 13, 10:00 am",0,0.288683
"Jul 13, 11:00 am",0,0.288683
"Jul 13, 12:00 pm",0,0.288683
"Jul 13, 01:00 pm",0,0.288683
"Jul 13, 02:00 pm",0,0.288683
"Jul 13, 03:00 pm",0,0.288683
"Jul 13, 04:00 pm",0,0.288683
"Jul 13, 05:00 pm",0,0.288683
"Jul 13, 06:00 pm",0,0.288683
"Jul 13, 07:00 pm",0,0.288683
"Jul 13, 08:00 pm",0,0.288683
"Jul 13, 09:00 pm",0,0.288683
"Jul 13, 10:00 pm",0,0.288683
"Jul 13, 11:00 pm",0,0.288683
"Jul 14, 12:00 am",0,0.288683
"Jul 14, 01:00 am",0,0.288683
"Jul 14, 02:00 am",0,0.288683
"Jul 14, 03:00 am",0,0.288683
"Jul 14, 04:00 am",0,0.288683
"Jul 14, 05:00 am",0,0.288683
"Jul 14, 06:00 am",0,0.288683
"Jul 14, 07:00 am",0,0.288683
"Jul 14, 08:00 am",0,0.288683
"Jul 14, 09:00 am",0,0.288683
"Jul 14, 10:00 am",0,0.288683
"Jul 14, 11:00 am",0,0.288683
"Jul 14, 12:00 pm",0,0.288683
"Jul 14, 01:00 pm",0,0.288683
"Jul 14, 02:00 pm",0,0.288683
"Jul 14, 03:00 pm",0,0.288683
"Jul 14, 04:00 pm",0,0.288683
"Jul 14, 05:00 pm",0,0.288683
"Jul 14, 06:00 pm",0,0.288683
"Jul 14, 07:00 pm",0,0.288683
"Jul 14, 08:00 pm",0,0.288683
"Jul 14, 09:00 pm",0,0.288683
"Jul 14, 10:00 pm",0,0.288683
"Jul 14, 11:00 pm",0,0.288683
"Jul 15, 12:00 am",0,0.288683
"Jul 15, 01:00 am",0,0.288683
"Jul 15, 02:00 am",0,0.288683
"Jul 15, 03:00 am",0,0.288683
"Jul 15, 04:00 am",0,0.288683
"Jul 15, 05:00 am",0,0.288683
"Jul 15, 06:00 am",0,0.288683
"Jul 15, 07:00 am",0,0.288683
"Jul 15, 08:00 am",0,0.288683
"Jul 15, 09:00 am",0,0.288683
"Jul 15, 10:00 am",2761.12,1.33706
"Jul 15, 11:00 am",3163.32,1.53828
"Jul 15, 12:00 pm",20.891,0.288683
"Jul 15, 01:00 pm",0,0.288683
"Jul 15, 02:00 pm",0,0.288683
"Jul 15, 03:00 pm",0,0.288683
"Jul 15, 04:00 pm",0,0.288683
"Jul 15, 05:00 pm",0,0.288683
"Jul 15, 06:00 pm",0,0.288683
"Jul 15, 07:00 pm",0,0.288683
"Jul 15, 08:00 pm",0,0.288683
"Jul 15, 09:00 pm",0,0.288683
"Jul 15, 10:00 pm",0,0.288683
"Jul 15, 11:00 pm",0,0.288683
"Jul 16, 12:00 am",0,0.288683
"Jul 16, 01:00 am",0,0.288683
"Jul 16, 02:00 am",0,0.288683
"Jul 16, 03:00 am",0,0.288683
"Jul 16, 04:00 am",0,0.288683
"Jul 16, 05:00 am",0,0.288683
"Jul 16, 06:00 am",0,0.288683
"Jul 16, 07:00 am",0,0.288683
"Jul 16, 08:00 am",0,0.288683
"Jul 16, 09:00 am",0,0.288683
"Jul 16, 10:00 am",0,0.288683
"Jul 16, 11:00 am",0,0.288683
"Jul 16, 12:00 pm",0,0.288683
"Jul 16, 01:00 pm",0,0.288683
"Jul 16, 02:00 pm",0,0.288683
"Jul 16, 03:00 pm",0,0.288683
"Jul 16, 04:00 pm",0,0.288683
"Jul 16, 05:00 pm",0,0.288683
"Jul 16, 06:00 pm",0,0.288683
"Jul 16, 07:00 pm",0,0.288683
"Jul 16, 08:00 pm",0,0.288683
"Jul 16, 09:00 pm",0,0.288683
"Jul 16, 10:00 pm",0,0.288683
"Jul 16, 11:00 pm",0,0.288683
"Jul 17, 12:00 am",0,0.288683
"Jul 17, 01:00 am",0,0.288683
"Jul 17, 02:00 am",0,0.288683
"Jul 17, 03:00 am",0,0.288683
"Jul 17, 04:00 am",0,0.288683
"Jul 17, 05:00 am",0,0.288683
"Jul 17, 06:00 am",0,0.288683
"Jul 17, 07:00 am",0,0.288683
"Jul 17, 08:00 am",0,0.288683
"Jul 17, 09:00 am",0,0.288683
"Jul 17, 10:00 am",2858.46,1.38283
"Jul 17, 11:00 am",3238.02,1.57481
"Jul 17, 12:00 pm",3158.42,1.53593
"Jul 17, 01:00 pm",3081.52,1.49839
"Jul 17, 02:00 pm",3137.08,1.52553
"Jul 17, 03:00 pm",3196.25,1.55441
"Jul 17, 04:00 pm",2386.34,1.16055
"Jul 17, 05:00 pm",21.425,0.288683
"Jul 17, 06:00 pm",0,0.288683
"Jul 17, 07:00 pm",0,0.288683
"Jul 17, 08:00 pm",0,0.288683
"Jul 17, 09:00 pm",0,0.288683
"Jul 17, 10:00 pm",0,0.288683
"Jul 17, 11:00 pm",0,0.288683
"Jul 18, 12:00 am",0,0.288683
"Jul 18, 01:00 am",0,0.288683
"Jul 18, 02:00 am",0,0.288683
"Jul 18, 03:00 am",0,0.288683
"Jul 18, 04:00 am",0,0.288683
"Jul 18, 05:00 am",0,0.288683
"Jul 18, 06:00 am",0,0.288683
"Jul 18, 07:00 am",0,0.288683
"Jul 18, 08:00 am",0,0.288683
"Jul 18, 09:00 am",0,0.354359
"Jul 18, 10:00 am",2439.79,1.38831
"Jul 18, 11:00 am",3360.78,1.63406
"Jul 18, 12:00 pm",3263.26,1.58695
"Jul 18, 01:00 pm",3177.64,1.54527
"Jul 18, 02:00 pm",3223.94,1.56788
"Jul 18, 03:00 pm",3287.51,1.59864
"Jul 18, 04:00 pm",2468,1.20016
"Jul 18, 05:00 pm",23.6946,0.288683
"Jul 18, 06:00 pm",0,0.288683
"Jul 18, 07:00 pm",0,0.288683
"Jul 18, 08:00 pm",0,0.288683
"Jul 18, 09:00 pm",0,0.288683
"Jul 18, 10:00 pm",0,0.288683
"Jul 18, 11:00 pm",0,0.288683
"Jul 19, 12:00 am",0,0.288683
"Jul 19, 01:00 am",0,0.288683
"Jul 19, 02:00 am",0,0.288683
"Jul 19, 03:00 am",0,0.288683
"Jul 19, 04:00 am",0,0.288683
"Jul 19, 05:00 am",0,0.288683
"Jul 19, 06:00 am",0,0.288683
"Jul 19, 07:00 am",0,0.288683
"Jul 19, 08:00 am",0,0.288683
"Jul 19, 09:00 am",0,0.355807
"Jul 19, 10:00 am",2460.37,1.39982
"Jul 19, 11:00 am",3384.92,1.64579
"Jul 19, 12:00 pm",3278.91,1.59451
"Jul 19, 01:00 pm",3190.1,1.55137
"Jul 19, 02:00 pm",3224.1,1.56798
"Jul 19, 03:00 pm",21.4269,0.288683
"Jul 19, 04:00 pm",0,0.288683
"Jul 19, 05:00 pm",0,0.288683
"Jul 19, 06:00 pm",0,0.288683
"Jul 19, 07:00 pm",0,0.288683
"Jul 19, 08:00 pm",0,0.288683
"Jul 19, 09:00 pm",0,0.288683
"Jul 19, 10:00 pm",0,0.288683
"Jul 19, 11:00 pm",0,0.288683
"Jul 20, 12:00 am",0,0.288683
"Jul 20, 01:00 am",0,0.288683
"Jul 20, 02:00 am",0,0.288683
"Jul 20, 03:00 am",0,0.288683
"Jul 20, 04:00 am",0,0.288683
"Jul 20, 05:00 am",0,0.288683
"Jul 20, 06:00 am",0,0.288683
"Jul 20, 07:00 am",0,0.288683
"Jul 20, 08:00 am",0,0.288683
"Jul 20, 09:00 am",0,0.288683
"Jul 20, 10:00 am",0,0.288683
"Jul 20, 11:00 am",0,0.288683
"Jul 20, 12:00 pm",0,0.288683
"Jul 20, 01:00 pm",0,0.288683
"Jul 20, 02:00 pm",0,0.288683
"Jul 20, 03:00 pm",0,0.288683
"Jul 20, 04:00 pm",0,0.288683
"Jul 20, 05:00 pm",0,0.288683
"Jul 20, 06:00 pm",0,0.288683
"Jul 20, 07:00 pm",0,0.288683
"Jul 20, 08:00 pm",0,0.288683
"Jul 20, 09:00 pm",0,0.288683
"Jul 20, 10:00 pm",0,0.288683
"Jul 20, 11:00 pm",0,0.288683
"Jul 21, 12:00 am",0,0.288683
"Jul 21, 01:00 am",0,0.288683
"Jul 21, 02:00 am",0,0.288683
"Jul 21, 03:00 am",0,0.288683
"Jul 21, 04:00 am",0,0.288683
"Jul 21, 05:00 am",0,0.288683
"Jul 21, 06:00 am",0,0.288683
"Jul 21, 07:00 am",0,0.288683
"Jul 21, 08:00 am",0,0.288683
"Jul 21, 09:00 am",0,0.288683
"Jul 21, 10:00 am",0,0.288683
"Jul 21, 11:00 am",0,0.288683
"Jul 21, 12:00 pm",1809.82,1.01037
"Jul 21, 01:00 pm",3184.65,1.54868
"Jul 21, 02:00 pm",3221.63,1.56679
"Jul 21, 03:00 pm",3287.6,1.59875
"Jul 21, 04:00 pm",2470.05,1.20121
"Jul 21, 05:00 pm",26.2849,0.288683
"Jul 21, 06:00 pm",0,0.288683
"Jul 21, 07:00 pm",0,0.288683
"Jul 21, 08:00 pm",0,0.288683
"Jul 21, 09:00 pm",0,0.288683
"Jul 21, 10:00 pm",0,0.288683
"Jul 21, 11:00 pm",0,0.288683
"Jul 22, 12:00 am",0,0.288683
"Jul 22, 01:00 am",0,0.288683
"Jul 22, 02:00 am",0,0.288683
"Jul 22, 03:00 am",0,0.288683
"Jul 22, 04:00 am",0,0.288683
"Jul 22, 05:00 am",0,0.288683
"Jul 22, 06:00 am",0,0.288683
"Jul 22, 07:00 am",0,0.288683
"Jul 22, 08:00 am",0,0.288683
"Jul 22, 09:00 am",0,0.360345
"Jul 22, 10:00 am",2532.02,1.43976
"Jul 22, 11:00 am",3473.63,1.68973
"Jul 22, 12:00 pm",3370.6,1.63879
"Jul 22, 01:00 pm",3290.97,1.6003
"Jul 22, 02:00 pm",3311.49,1.61022
"Jul 22, 03:00 pm",3376.38,1.64161
"Jul 22, 04:00 pm",2545.89,1.238
"Jul 22, 05:00 pm",28.7165,0.288683
"Jul 22, 06:00 pm",0,0.288683
"Jul 22, 07:00 pm",0,0.288683
"Jul 22, 08:00 pm",0,0.288683
"Jul 22, 09:00 pm",0,0.288683
"Jul 22, 10:00 pm",0,0.288683
"Jul 22, 11:00 pm",0,0.288683
"Jul 23, 12:00 am",0,0.288683
"Jul 23, 01:00 am",0,0.288683
"Jul 23, 02:00 am",0,0.288683
"Jul 23, 03:00 am",0,0.288683
"Jul 23, 04:00 am",0,0.288683
"Jul 23, 05:00 am",0,0.288683
"Jul 23, 06:00 am",0,0.288683
"Jul 23, 07:00 am",0,0.288683
"Jul 23, 08:00 am",0,0.288683
"Jul 23, 09:00 am",0,0.359442
"Jul 23, 10:00 am",2508.56,1.42646
"Jul 23, 11:00 am",3448.33,1.67807
"Jul 23, 12:00 pm",3356.63,1.63203
"Jul 23, 01:00 pm",3284.26,1.59706
"Jul 23, 02:00 pm",3305.78,1.60745
"Jul 23, 03:00 pm",3375.67,1.64126
"Jul 23, 04:00 pm",2550.18,1.24008
"Jul 23, 05:00 pm",30.1971,0.288683
"Jul 23, 06:00 pm",10.9674,0.288683
"Jul 23, 07:00 pm",0,0.288683
"Jul 23, 08:00 pm",0,0.288683
"Jul 23, 09:00 pm",0,0.288683
"Jul 23, 10:00 pm",0,0.288683
"Jul 23, 11:00 pm",0,0.288683
"Jul 24, 12:00 am",0,0.288683
"Jul 24, 01:00 am",0,0.288683
"Jul 24, 02:00 am",0,0.288683
"Jul 24, 03:00 am",0,0.288683
"Jul 24, 04:00 am",0,0.288683
"Jul 24, 05:00 am",0,0.288683
"Jul 24, 06:00 am",0,0.288683
"Jul 24, 07:00 am",0,0.288683
"Jul 24, 08:00 am",0,0.288683
"Jul 24, 09:00 am",0,0.361717
"Jul 24, 10:00 am",2547.76,1.44843
"Jul 24, 11:00 am",3498.58,1.70136
"Jul 24, 12:00 pm",3411.37,1.65852
"Jul 24, 01:00 pm",3345.79,1.62676
"Jul 24, 02:00 pm",3368.2,1.63761
"Jul 24, 03:00 pm",3438.78,1.67362
"Jul 24, 04:00 pm",2604.46,1.26642
"Jul 24, 05:00 pm",32.6025,0.288683
"Jul 24, 06:00 pm",14.4656,0.288683
"Jul 24, 07:00 pm",0,0.288683
"Jul 24, 08:00 pm",0,0.288683
"Jul 24, 09:00 pm",0,0.288683
"Jul 24, 10:00 pm",0,0.288683
"Jul 24, 11:00 pm",0,0.288683
"Jul 25, 12:00 am",0,0.288683
"Jul 25, 01:00 am",0,0.288683
"Jul 25, 02:00 am",0,0.288683
"Jul 25, 03:00 am",0,0.288683
"Jul 25, 04:00 am",0,0.288683
"Jul 25, 05:00 am",0,0.288683
"Jul 25, 06:00 am",0,0.288683
"Jul 25, 07:00 am",0,0.288683
"Jul 25, 08:00 am",0,0.288683
"Jul 25, 09:00 am",258.411,0.443772
"Jul 25, 10:00 am",3141.18,1.52778
"Jul 25, 11:00 am",3561.64,1.7321
"Jul 25, 12:00 pm",3507.41,1.70539
"Jul 25, 01:00 pm",3447.5,1.67755
"Jul 25, 02:00 pm",3470.67,1.68821
"Jul 25, 03:00 pm",3547.54,1.72457
"Jul 25, 04:00 pm",2691.99,1.30891
"Jul 25, 05:00 pm",42.3979,0.288683
"Jul 25, 06:00 pm",16.5371,0.288683
"Jul 25, 07:00 pm",0,0.288683
"Jul 25, 08:00 pm",0,0.288683
"Jul 25, 09:00 pm",0,0.288683
"Jul 25, 10:00 pm",0,0.288683
"Jul 25, 11:00 pm",0,0.288683
"Jul 26, 12:00 am",0,0.288683
"Jul 26, 01:00 am",0,0.288683
"Jul 26, 02:00 am",0,0.288683
"Jul 26, 03:00 am",0,0.288683
"Jul 26, 04:00 am",0,0.288683
"Jul 26, 05:00 am",0,0.288683
"Jul 26, 06:00 am",0,0.288683
"Jul 26, 07:00 am",0,0.288683
"Jul 26, 08:00 am",0,0.288683
"Jul 26, 09:00 am",273.487,0.453224
"Jul 26, 10:00 am",3171.27,1.54241
"Jul 26, 11:00 am",22.2372,0.288683
"Jul 26, 12:00 pm",0,0.288683
"Jul 26, 01:00 pm",2867.31,1.62866
"Jul 26, 02:00 pm",3453.75,1.68043
"Jul 26, 03:00 pm",3531.09,1.71667
"Jul 26, 04:00 pm",2676.81,1.30154
"Jul 26, 05:00 pm",52.8974,0.288683
"Jul 26, 06:00 pm",16.4878,0.288683
"Jul 26, 07:00 pm",0,0.288683
"Jul 26, 08:00 pm",0,0.288683
"Jul 26, 09:00 pm",0,0.288683
"Jul 26, 10:00 pm",0,0.288683
"Jul 26, 11:00 pm",0,0.288683
"Jul 27, 12:00 am",0,0.288683
"Jul 27, 01:00 am",0,0.288683
"Jul 27, 02:00 am",0,0.288683
"Jul 27, 03:00 am",0,0.288683
"Jul 27, 04:00 am",0,0.288683
"Jul 27, 05:00 am",0,0.288683
"Jul 27, 06:00 am",0,0.288683
"Jul 27, 07:00 am",0,0.288683
"Jul 27, 08:00 am",0,0.288683
"Jul 27, 09:00 am",274.201,0.452583
"Jul 27, 10:00 am",3137.83,1.52608
"Jul 27, 11:00 am",3561.99,1.7321
"Jul 27, 12:00 pm",22.6564,0.288683
"Jul 27, 01:00 pm",0,0.288683
"Jul 27, 02:00 pm",0,0.288683
"Jul 27, 03:00 pm",0,0.288683
"Jul 27, 04:00 pm",0,0.288683
"Jul 27, 05:00 pm",0,0.288683
"Jul 27, 06:00 pm",0,0.288683
"Jul 27, 07:00 pm",0,0.288683
"Jul 27, 08:00 pm",0,0.288683
"Jul 27, 09:00 pm",0,0.288683
"Jul 27, 10:00 pm",0,0.288683
"Jul 27, 11:00 pm",0,0.288683
"Jul 28, 12:00 am",0,0.288683
"Jul 28, 01:00 am",0,0.288683
"Jul 28, 02:00 am",0,0.288683
"Jul 28, 03:00 am",0,0.288683
"Jul 28, 04:00 am",0,0.288683
"Jul 28, 05:00 am",0,0.288683
"Jul 28, 06:00 am",0,0.288683
"Jul 28, 07:00 am",0,0.288683
"Jul 28, 08:00 am",0,0.288683
"Jul 28, 09:00 am",0,0.288683
"Jul 28, 10:00 am",0,0.288683
"Jul 28, 11:00 am",0,0.288683
"Jul 28, 12:00 pm",0,0.288683
"Jul 28, 01:00 pm",0,0.288683
"Jul 28, 02:00 pm",0,0.288683
"Jul 28, 03:00 pm",0,0.288683
"Jul 28, 04:00 pm",0,0.288683
"Jul 28, 05:00 pm",0,0.288683
"Jul 28, 06:00 pm",0,0.288683
"Jul 28, 07:00 pm",0,0.288683
"Jul 28, 08:00 pm",0,0.288683
"Jul 28, 09:00 pm",0,0.288683
"Jul 28, 10:00 pm",0,0.288683
"Jul 28, 11:00 pm",0,0.288683
"Jul 29, 12:00 am",0,0.288683
"Jul 29, 01:00 am",0,0.288683
"Jul 29, 02:00 am",0,0.288683
"Jul 29, 03:00 am",0,0.288683
"Jul 29, 04:00 am",0,0.288683
"Jul 29, 05:00 am",0,0.288683
"Jul 29, 06:00 am",0,0.288683
"Jul 29, 07:00 am",0,0.288683
"Jul 29, 08:00 am",0,0.288683
"Jul 29, 09:00 am",0,0.288683
"Jul 29, 10:00 am",0,0.288683
"Jul 29, 11:00 am",0,0.288683
"Jul 29, 12:00 pm",0,0.288683
"Jul 29, 01:00 pm",0,0.288683
"Jul 29, 02:00 pm",0,0.288683
"Jul 29, 03:00 pm",0,0.288683
"Jul 29, 04:00 pm",0,0.288683
"Jul 29, 05:00 pm",0,0.288683
"Jul 29, 06:00 pm",0,0.288683
"Jul 29, 07:00 pm",0,0.288683
"Jul 29, 08:00 pm",0,0.288683
"Jul 29, 09:00 pm",0,0.288683
"Jul 29, 10:00 pm",0,0.288683
"Jul 29, 11:00 pm",0,0.288683
"Jul 30, 12:00 am",0,0.288683
"Jul 30, 01:00 am",0,0.288683
"Jul 30, 02:00 am",0,0.288683
"Jul 30, 03:00 am",0,0.288683
"Jul 30, 04:00 am",0,0.288683
"Jul 30, 05:00 am",0,0.288683
"Jul 30, 06:00 am",0,0.288683
"Jul 30, 07:00 am",0,0.288683
"Jul 30, 08:00 am",0,0.288683
"Jul 30, 09:00 am",0,0.288683
"Jul 30, 10:00 am",0,0.288683
"Jul 30, 11:00 am",0,0.288683
"Jul 30, 12:00 pm",0,0.288683
"Jul 30, 01:00 pm",0,0.288683
"Jul 30, 02:00 pm",0,0.288683
"Jul 30, 03:00 pm",0,0.288683
"Jul 30, 04:00 pm",0,0.288683
"Jul 30, 05:00 pm",0,0.288683
"Jul 30, 06:00 pm",0,0.288683
"Jul 30, 07:00 pm",0,0.288683
"Jul 30, 08:00 pm",0,0.288683
"Jul 30, 09:00 pm",0,0.288683
"Jul 30, 10:00 pm",0,0.288683
"Jul 30, 11:00 pm",0,0.288683
"Jul 31, 12:00 am",0,0.288683
"Jul 31, 01:00 am",0,0.288683
"Jul 31, 02:00 am",0,0.288683
"Jul 31, 03:00 am",0,0.288683
"Jul 31, 04:00 am",0,0.288683
"Jul 31, 05:00 am",0,0.288683
"Jul 31, 06:00 am",0,0.288683
"Jul 31, 07:00 am",0,0.288683
"Jul 31, 08:00 am",0,0.288683
"Jul 31, 09:00 am",0,0.288683
"Jul 31, 10:00 am",0,0.288683
"Jul 31, 11:00 am",0,0.288683
"Jul 31, 12:00 pm",0,0.288683
"Jul 31, 01:00 pm",0,0.288683
"Jul 31, 02:00 pm",0,0.288683
"Jul 31, 03:00 pm",0,0.288683
"Jul 31, 04:00 pm",0,0.288683
"Jul 31, 05:00 pm",0,0.288683
"Jul 31, 06:00 pm",0,0.288683
"Jul 31, 07:00 pm",0,0.288683
"Jul 31, 08:00 pm",0,0.288683
"Jul 31, 09:00 pm",0,0.288683
"Jul 31, 10:00 pm",0,0.288683
"Jul 31, 11:00 pm",0,0.288683
"Aug 1, 12:00 am",0,0.288683
"Aug 1, 01:00 am",0,0.288683
"Aug 1, 02:00 am",0,0.288683
"Aug 1, 03:00 am",0,0.288683
"Aug 1, 04:00 am",0,0.288683
"Aug 1, 05:00 am",0,0.288683
"Aug 1, 06:00 am",0,0.288683
"Aug 1, 07:00 am",0,0.288683
"Aug 1, 08:00 am",0,0.288683
"Aug 1, 09:00 am",296.098,0.469218
"Aug 1, 10:00 am",3240.29,1.57593
"Aug 1, 11:00 am",3558.31,1.7321
"Aug 1, 12:00 pm",3560.21,1.7321
"Aug 1, 01:00 pm",3560.75,1.7321
"Aug 1, 02:00 pm",3560.77,1.7321
"Aug 1, 03:00 pm",3563.08,1.7321
"Aug 1, 04:00 pm",2838.66,1.37935
"Aug 1, 05:00 pm",163.025,0.288683
"Aug 1, 06:00 pm",16.959,0.288683
"Aug 1, 07:00 pm",0,0.288683
"Aug 1, 08:00 pm",0,0.288683
"Aug 1, 09:00 pm",0,0.288683
"Aug 1, 10:00 pm",0,0.288683
"Aug 1, 11:00 pm",0,0.288683
"Aug 2, 12:00 am",0,0.288683
"Aug 2, 01:00 am",0,0.288683
"Aug 2, 02:00 am",0,0.288683
"Aug 2, 03:00 am",0,0.288683
"Aug 2, 04:00 am",0,0.288683
"Aug 2, 05:00 am",0,0.288683
"Aug 2, 06:00 am",0,0.288683
"Aug 2, 07:00 am",0,0.288683
"Aug 2, 08:00 am",0,0.288683
"Aug 2, 09:00 am",0,0.288683
"Aug 2, 10:00 am",0,0.288683
"Aug 2, 11:00 am",0,0.288683
"Aug 2, 12:00 pm",0,0.288683
"Aug 2, 01:00 pm",0,0.288683
"Aug 2, 02:00 pm",0,0.288683
"Aug 2, 03:00 pm",2392.1,1.25094
"Aug 2, 04:00 pm",2742.21,1.33198
"Aug 2, 05:00 pm",160.794,0.288683
"Aug 2, 06:00 pm",16.4531,0.288683
"Aug 2, 07:00 pm",0,0.288683
"Aug 2, 08:00 pm",0,0.288683
"Aug 2, 09:00 pm",0,0.288683
"Aug 2, 10:00 pm",0,0.288683
"Aug 2, 11:00 pm",0,0.288683
"Aug 3, 12:00 am",0,0.288683
"Aug 3, 01:00 am",0,0.288683
"Aug 3, 02:00 am",0,0.288683
"Aug 3, 03:00 am",0,0.288683
"Aug 3, 04:00 am",0,0.288683
"Aug 3, 05:00 am",0,0.288683
"Aug 3, 06:00 am",0,0.288683
"Aug 3, 07:00 am",0,0.288683
"Aug 3, 08:00 am",0,0.288683
"Aug 3, 09:00 am",0,0.288683
"Aug 3, 10:00 am",0,0.288683
"Aug 3, 11:00 am",0,0.288683
"Aug 3, 12:00 pm",0,0.288683
"Aug 3, 01:00 pm",2390.66,1.25094
"Aug 3, 02:00 pm",3560.51,1.7321
"Aug 3, 03:00 pm",3562.93,1.7321
"Aug 3, 04:00 pm",2848.68,1.3843
"Aug 3, 05:00 pm",194.015,0.288683
"Aug 3, 06:00 pm",15.9775,0.288683
"Aug 3, 07:00 pm",0,0.288683
"Aug 3, 08:00 pm",0,0.288683
"Aug 3, 09:00 pm",0,0.288683
"Aug 3, 10:00 pm",0,0.288683
"Aug 3, 11:00 pm",0,0.288683
"Aug 4, 12:00 am",0,0.288683
"Aug 4, 01:00 am",0,0.288683
"Aug 4, 02:00 am",0,0.288683
"Aug 4, 03:00 am",0,0.288683
"Aug 4, 04:00 am",0,0.288683
"Aug 4, 05:00 am",0,0.288683
"Aug 4, 06:00 am",0,0.288683
"Aug 4, 07:00 am",0,0.288683
"Aug 4, 08:00 am",0,0.288683
"Aug 4, 09:00 am",0,0.288683
"Aug 4, 10:00 am",0,0.288683
"Aug 4, 11:00 am",0,0.288683
"Aug 4, 12:00 pm",0,0.288683
"Aug 4, 01:00 pm",0,0.288683
"Aug 4, 02:00 pm",0,0.288683
"Aug 4, 03:00 pm",0,0.288683
"Aug 4, 04:00 pm",0,0.288683
"Aug 4, 05:00 pm",0,0.288683
"Aug 4, 06:00 pm",0,0.288683
"Aug 4, 07:00 pm",0,0.288683
"Aug 4, 08:00 pm",0,0.288683
"Aug 4, 09:00 pm",0,0.288683
"Aug 4, 10:00 pm",0,0.288683
"Aug 4, 11:00 pm",0,0.288683
"Aug 5, 12:00 am",0,0.288683
"Aug 5, 01:00 am",0,0.288683
"Aug 5, 02:00 am",0,0.288683
"Aug 5, 03:00 am",0,0.288683
"Aug 5, 04:00 am",0,0.288683
"Aug 5, 05:00 am",0,0.288683
"Aug 5, 06:00 am",0,0.288683
"Aug 5, 07:00 am",0,0.288683
"Aug 5, 08:00 am",0,0.288683
"Aug 5, 09:00 am",1007.34,0.633043
"Aug 5, 10:00 am",3486.35,1.69582
"Aug 5, 11:00 am",22.5056,0.288683
"Aug 5, 12:00 pm",0,0.288683
"Aug 5, 01:00 pm",0,0.288683
"Aug 5, 02:00 pm",0,0.288683
"Aug 5, 03:00 pm",0,0.288683
"Aug 5, 04:00 pm",0,0.288683
"Aug 5, 05:00 pm",0,0.288683
"Aug 5, 06:00 pm",0,0.288683
"Aug 5, 07:00 pm",0,0.288683
"Aug 5, 08:00 pm",0,0.288683
"Aug 5, 09:00 pm",0,0.288683
"Aug 5, 10:00 pm",0,0.288683
"Aug 5, 11:00 pm",0,0.288683
"Aug 6, 12:00 am",0,0.288683
"Aug 6, 01:00 am",0,0.288683
"Aug 6, 02:00 am",0,0.288683
"Aug 6, 03:00 am",0,0.288683
"Aug 6, 04:00 am",0,0.288683
"Aug 6, 05:00 am",0,0.288683
"Aug 6, 06:00 am",0,0.288683
"Aug 6, 07:00 am",0,0.288683
"Aug 6, 08:00 am",0,0.288683
"Aug 6, 09:00 am",0,0.288683
"Aug 6, 10:00 am",0,0.288683
"Aug 6, 11:00 am",0,0.288683
"Aug 6, 12:00 pm",0,0.288683
"Aug 6, 01:00 pm",0,0.288683
"Aug 6, 02:00 pm",0,0.288683
"Aug 6, 03:00 pm",2394.5,1.25094
"Aug 6, 04:00 pm",2990.24,1.45372
"Aug 6, 05:00 pm",270.123,0.288683
"Aug 6, 06:00 pm",15.3515,0.288683
"Aug 6, 07:00 pm",0,0.288683
"Aug 6, 08:00 pm",0,0.288683
"Aug 6, 09:00 pm",0,0.288683
"Aug 6, 10:00 pm",0,0.288683
"Aug 6, 11:00 pm",0,0.288683
"Aug 7, 12:00 am",0,0.288683
"Aug 7, 01:00 am",0,0.288683
"Aug 7, 02:00 am",0,0.288683
"Aug 7, 03:00 am",0,0.288683
"Aug 7, 04:00 am",0,0.288683
"Aug 7, 05:00 am",0,0.288683
"Aug 7, 06:00 am",0,0.288683
"Aug 7, 07:00 am",0,0.288683
"Aug 7, 08:00 am",0,0.288683
"Aug 7, 09:00 am",1300.57,0.767603
"Aug 7, 10:00 am",3562.84,1.7321
"Aug 7, 11:00 am",3563.11,1.7321
"Aug 7, 12:00 pm",3563.16,1.7321
"Aug 7, 01:00 pm",3563.19,1.7321
"Aug 7, 02:00 pm",3563.21,1.7321
"Aug 7, 03:00 pm",3563.19,1.7321
"Aug 7, 04:00 pm",3143.6,1.52861
"Aug 7, 05:00 pm",314.988,0.288683
"Aug 7, 06:00 pm",15.8531,0.288683
"Aug 7, 07:00 pm",0,0.288683
"Aug 7, 08:00 pm",0,0.288683
"Aug 7, 09:00 pm",0,0.288683
"Aug 7, 10:00 pm",0,0.288683
"Aug 7, 11:00 pm",0,0.288683
"Aug 8, 12:00 am",0,0.288683
"Aug 8, 01:00 am",0,0.288683
"Aug 8, 02:00 am",0,0.288683
"Aug 8, 03:00 am",0,0.288683
"Aug 8, 04:00 am",0,0.288683
"Aug 8, 05:00 am",0,0.288683
"Aug 8, 06:00 am",0,0.288683
"Aug 8, 07:00 am",0,0.288683
"Aug 8, 08:00 am",0,0.288683
"Aug 8, 09:00 am",1337.82,0.78445
"Aug 8, 10:00 am",3563.05,1.7321
"Aug 8, 11:00 am",3563.2,1.7321
"Aug 8, 12:00 pm",3563.26,1.7321
"Aug 8, 01:00 pm",3563.29,1.7321
"Aug 8, 02:00 pm",3563.31,1.7321
"Aug 8, 03:00 pm",3563.3,1.7321
"Aug 8, 04:00 pm",3146.8,1.53014
"Aug 8, 05:00 pm",342.934,0.288683
"Aug 8, 06:00 pm",16.4609,0.288683
"Aug 8, 07:00 pm",0,0.288683
"Aug 8, 08:00 pm",0,0.288683
"Aug 8, 09:00 pm",0,0.288683
"Aug 8, 10:00 pm",0,0.288683
"Aug 8, 11:00 pm",0,0.288683
"Aug 9, 12:00 am",0,0.288683
"Aug 9, 01:00 am",0,0.288683
"Aug 9, 02:00 am",0,0.288683
"Aug 9, 03:00 am",0,0.288683
"Aug 9, 04:00 am",0,0.288683
"Aug 9, 05:00 am",0,0.288683
"Aug 9, 06:00 am",0,0.288683
"Aug 9, 07:00 am",0,0.288683
"Aug 9, 08:00 am",0,0.288683
"Aug 9, 09:00 am",1294.8,0.764121
"Aug 9, 10:00 am",3560.87,1.7321
"Aug 9, 11:00 am",22.5191,0.288683
"Aug 9, 12:00 pm",2969.1,1.71078
"Aug 9, 01:00 pm",3565.74,1.7321
"Aug 9, 02:00 pm",3559.53,1.7321
"Aug 9, 03:00 pm",22.8953,0.288683
"Aug 9, 04:00 pm",2556.36,1.45297
"Aug 9, 05:00 pm",18.253,0.288683
"Aug 9, 06:00 pm",0,0.288683
"Aug 9, 07:00 pm",0,0.288683
"Aug 9, 08:00 pm",0,0.288683
"Aug 9, 09:00 pm",0,0.288683
"Aug 9, 10:00 pm",0,0.288683
"Aug 9, 11:00 pm",0,0.288683
"Aug 10, 12:00 am",0,0.288683
"Aug 10, 01:00 am",0,0.288683
"Aug 10, 02:00 am",0,0.288683
"Aug 10, 03:00 am",0,0.288683
"Aug 10, 04:00 am",0,0.288683
"Aug 10, 05:00 am",0,0.288683
"Aug 10, 06:00 am",0,0.288683
"Aug 10, 07:00 am",0,0.288683
"Aug 10, 08:00 am",0,0.288683
"Aug 10, 09:00 am",0,0.288683
"Aug 10, 10:00 am",0,0.288683
"Aug 10, 11:00 am",0,0.288683
"Aug 10, 12:00 pm",0,0.288683
"Aug 10, 01:00 pm",0,0.288683
"Aug 10, 02:00 pm",0,0.288683
"Aug 10, 03:00 pm",0,0.288683
"Aug 10, 04:00 pm",0,0.288683
"Aug 10, 05:00 pm",0,0.288683
"Aug 10, 06:00 pm",0,0.288683
"Aug 10, 07:00 pm",0,0.288683
"Aug 10, 08:00 pm",0,0.288683
"Aug 10, 09:00 pm",0,0.288683
"Aug 10, 10:00 pm",0,0.288683
"Aug 10, 11:00 pm",0,0.288683
"Aug 11, 12:00 am",0,0.288683
"Aug 11, 01:00 am",0,0.288683
"Aug 11, 02:00 am",0,0.288683
"Aug 11, 03:00 am",0,0.288683
"Aug 11, 04:00 am",0,0.288683
"Aug 11, 05:00 am",0,0.288683
"Aug 11, 06:00 am",0,0.288683
"Aug 11, 07:00 am",0,0.288683
"Aug 11, 08:00 am",0,0.288683
"Aug 11, 09:00 am",0,0.288683
"Aug 11, 10:00 am",0,0.288683
"Aug 11, 11:00 am",2389.75,1.25094
"Aug 11, 12:00 pm",3563.38,1.7321
"Aug 11, 01:00 pm",3563.22,1.7321
"Aug 11, 02:00 pm",3563.23,1.7321
"Aug 11, 03:00 pm",3563.22,1.7321
"Aug 11, 04:00 pm",3220.98,1.56639
"Aug 11, 05:00 pm",417.707,0.288683
"Aug 11, 06:00 pm",15.7932,0.288683
"Aug 11, 07:00 pm",0,0.288683
"Aug 11, 08:00 pm",0,0.288683
"Aug 11, 09:00 pm",0,0.288683
"Aug 11, 10:00 pm",0,0.288683
"Aug 11, 11:00 pm",0,0.288683
"Aug 12, 12:00 am",0,0.288683
"Aug 12, 01:00 am",0,0.288683
"Aug 12, 02:00 am",0,0.288683
"Aug 12, 03:00 am",0,0.288683
"Aug 12, 04:00 am",0,0.288683
"Aug 12, 05:00 am",0,0.288683
"Aug 12, 06:00 am",0,0.288683
"Aug 12, 07:00 am",0,0.288683
"Aug 12, 08:00 am",0,0.288683
"Aug 12, 09:00 am",1585.52,1.1117
"Aug 12, 10:00 am",3562.6,1.7321
"Aug 12, 11:00 am",3563.39,1.7321
"Aug 12, 12:00 pm",3563.43,1.7321
"Aug 12, 01:00 pm",3563.46,1.7321
"Aug 12, 02:00 pm",3563.48,1.7321
"Aug 12, 03:00 pm",3563.47,1.7321
"Aug 12, 04:00 pm",3335.22,1.62167
"Aug 12, 05:00 pm",464.311,0.288683
"Aug 12, 06:00 pm",15.6815,0.288683
"Aug 12, 07:00 pm",0,0.288683
"Aug 12, 08:00 pm",0,0.288683
"Aug 12, 09:00 pm",0,0.288683
"Aug 12, 10:00 pm",0,0.288683
"Aug 12, 11:00 pm",0,0.288683
"Aug 13, 12:00 am",0,0.288683
"Aug 13, 01:00 am",0,0.288683
"Aug 13, 02:00 am",0,0.288683
"Aug 13, 03:00 am",0,0.288683
"Aug 13, 04:00 am",0,0.288683
"Aug 13, 05:00 am",0,0.288683
"Aug 13, 06:00 am",0,0.288683
"Aug 13, 07:00 am",0,0.288683
"Aug 13, 08:00 am",0,0.288683
"Aug 13, 09:00 am",1663.9,1.16205
"Aug 13, 10:00 am",3562.61,1.7321
"Aug 13, 11:00 am",3563.66,1.7321
"Aug 13, 12:00 pm",3563.72,1.7321
"Aug 13, 01:00 pm",3563.76,1.7321
"Aug 13, 02:00 pm",3563.78,1.7321
"Aug 13, 03:00 pm",3563.8,1.7321
"Aug 13, 04:00 pm",3452.11,1.67966
"Aug 13, 05:00 pm",528.702,0.288683
"Aug 13, 06:00 pm",16.7975,0.288683
"Aug 13, 07:00 pm",0,0.288683
"Aug 13, 08:00 pm",0,0.288683
"Aug 13, 09:00 pm",0,0.288683
"Aug 13, 10:00 pm",0,0.288683
"Aug 13, 11:00 pm",0,0.288683
"Aug 14, 12:00 am",0,0.288683
"Aug 14, 01:00 am",0,0.288683
"Aug 14, 02:00 am",0,0.288683
"Aug 14, 03:00 am",0,0.288683
"Aug 14, 04:00 am",0,0.288683
"Aug 14, 05:00 am",0,0.288683
"Aug 14, 06:00 am",0,0.288683
"Aug 14, 07:00 am",0,0.288683
"Aug 14, 08:00 am",0,0.288683
"Aug 14, 09:00 am",1654.61,1.15498
"Aug 14, 10:00 am",3559.4,1.7321
"Aug 14, 11:00 am",3563.49,1.7321
"Aug 14, 12:00 pm",23.4403,0.288683
"Aug 14, 01:00 pm",2977.12,1.72914
"Aug 14, 02:00 pm",23.8,0.288683
"Aug 14, 03:00 pm",0,0.288683
"Aug 14, 04:00 pm",0,0.288683
"Aug 14, 05:00 pm",0,0.288683
"Aug 14, 06:00 pm",0,0.288683
"Aug 14, 07:00 pm",0,0.288683
"Aug 14, 08:00 pm",0,0.288683
"Aug 14, 09:00 pm",0,0.288683
"Aug 14, 10:00 pm",0,0.288683
"Aug 14, 11:00 pm",0,0.288683
"Aug 15, 12:00 am",0,0.288683
"Aug 15, 01:00 am",0,0.288683
"Aug 15, 02:00 am",0,0.288683
"Aug 15, 03:00 am",0,0.288683
"Aug 15, 04:00 am",0,0.288683
"Aug 15, 05:00 am",0,0.288683
"Aug 15, 06:00 am",0,0.288683
"Aug 15, 07:00 am",0,0.288683
"Aug 15, 08:00 am",0,0.288683
"Aug 15, 09:00 am",1232.66,0.740948
"Aug 15, 10:00 am",22.1428,0.288683
"Aug 15, 11:00 am",2970.13,1.73017
"Aug 15, 12:00 pm",3563.51,1.7321
"Aug 15, 01:00 pm",3563.53,1.7321
"Aug 15, 02:00 pm",3563.56,1.7321
"Aug 15, 03:00 pm",3563.55,1.7321
"Aug 15, 04:00 pm",3332.3,1.62019
"Aug 15, 05:00 pm",546.573,0.288683
"Aug 15, 06:00 pm",17.0024,0.288683
"Aug 15, 07:00 pm",0,0.288683
"Aug 15, 08:00 pm",0,0.288683
"Aug 15, 09:00 pm",0,0.288683
"Aug 15, 10:00 pm",0,0.288683
"Aug 15, 11:00 pm",0,0.288683
"Aug 16, 12:00 am",0,0.288683
"Aug 16, 01:00 am",0,0.288683
"Aug 16, 02:00 am",0,0.288683
"Aug 16, 03:00 am",0,0.288683
"Aug 16, 04:00 am",0,0.288683
"Aug 16, 05:00 am",0,0.288683
"Aug 16, 06:00 am",0,0.288683
"Aug 16, 07:00 am",0,0.288683
"Aug 16, 08:00 am",0,0.288683
"Aug 16, 09:00 am",1627.57,1.13546
"Aug 16, 10:00 am",3562.73,1.7321
"Aug 16, 11:00 am",3563.45,1.7321
"Aug 16, 12:00 pm",3563.51,1.7321
"Aug 16, 01:00 pm",3563.53,1.7321
"Aug 16, 02:00 pm",3563.56,1.7321
"Aug 16, 03:00 pm",3563.58,1.7321
"Aug 16, 04:00 pm",3306.34,1.60761
"Aug 16, 05:00 pm",568.773,0.288683
"Aug 16, 06:00 pm",17.4097,0.288683
"Aug 16, 07:00 pm",0,0.288683
"Aug 16, 08:00 pm",0,0.288683
"Aug 16, 09:00 pm",0,0.288683
"Aug 16, 10:00 pm",0,0.288683
"Aug 16, 11:00 pm",0,0.288683
"Aug 17, 12:00 am",0,0.288683
"Aug 17, 01:00 am",0,0.288683
"Aug 17, 02:00 am",0,0.288683
"Aug 17, 03:00 am",0,0.288683
"Aug 17, 04:00 am",0,0.288683
"Aug 17, 05:00 am",0,0.288683
"Aug 17, 06:00 am",0,0.288683
"Aug 17, 07:00 am",0,0.288683
"Aug 17, 08:00 am",0,0.288683
"Aug 17, 09:00 am",1679.25,1.16911
"Aug 17, 10:00 am",3561.62,1.7321
"Aug 17, 11:00 am",3563.61,1.7321
"Aug 17, 12:00 pm",3563.67,1.7321
"Aug 17, 01:00 pm",3563.69,1.7321
"Aug 17, 02:00 pm",3563.72,1.7321
"Aug 17, 03:00 pm",3563.81,1.7321
"Aug 17, 04:00 pm",3423.11,1.6641
"Aug 17, 05:00 pm",627.107,0.305699
"Aug 17, 06:00 pm",18.0269,0.288683
"Aug 17, 07:00 pm",0,0.288683
"Aug 17, 08:00 pm",0,0.288683
"Aug 17, 09:00 pm",0,0.288683
"Aug 17, 10:00 pm",0,0.288683
"Aug 17, 11:00 pm",0,0.288683
"Aug 18, 12:00 am",0,0.288683
"Aug 18, 01:00 am",0,0.288683
"Aug 18, 02:00 am",0,0.288683
"Aug 18, 03:00 am",0,0.288683
"Aug 18, 04:00 am",0,0.288683
"Aug 18, 05:00 am",0,0.288683
"Aug 18, 06:00 am",0,0.288683
"Aug 18, 07:00 am",0,0.288683
"Aug 18, 08:00 am",0,0.288683
"Aug 18, 09:00 am",2223.06,1.26838
"Aug 18, 10:00 am",3563.02,1.7321
"Aug 18, 11:00 am",3564.08,1.7321
"Aug 18, 12:00 pm",3564.15,1.7321
"Aug 18, 01:00 pm",3564.17,1.7321
"Aug 18, 02:00 pm",3564.19,1.7321
"Aug 18, 03:00 pm",3564.18,1.7321
"Aug 18, 04:00 pm",3507.72,1.70547
"Aug 18, 05:00 pm",669.281,0.326096
"Aug 18, 06:00 pm",18.0006,0.288683
"Aug 18, 07:00 pm",0,0.288683
"Aug 18, 08:00 pm",0,0.288683
"Aug 18, 09:00 pm",0,0.288683
"Aug 18, 10:00 pm",0,0.288683
"Aug 18, 11:00 pm",0,0.288683
"Aug 19, 12:00 am",0,0.288683
"Aug 19, 01:00 am",0,0.288683
"Aug 19, 02:00 am",0,0.288683
"Aug 19, 03:00 am",0,0.288683
"Aug 19, 04:00 am",0,0.288683
"Aug 19, 05:00 am",0,0.288683
"Aug 19, 06:00 am",0,0.288683
"Aug 19, 07:00 am",0,0.288683
"Aug 19, 08:00 am",0,0.288683
"Aug 19, 09:00 am",0,0.288683
"Aug 19, 10:00 am",0,0.288683
"Aug 19, 11:00 am",0,0.288683
"Aug 19, 12:00 pm",0,0.288683
"Aug 19, 01:00 pm",0,0.288683
"Aug 19, 02:00 pm",0,0.288683
"Aug 19, 03:00 pm",0,0.288683
"Aug 19, 04:00 pm",0,0.288683
"Aug 19, 05:00 pm",0,0.288683
"Aug 19, 06:00 pm",0,0.288683
"Aug 19, 07:00 pm",0,0.288683
"Aug 19, 08:00 pm",0,0.288683
"Aug 19, 09:00 pm",0,0.288683
"Aug 19, 10:00 pm",0,0.288683
"Aug 19, 11:00 pm",0,0.288683
"Aug 20, 12:00 am",0,0.288683
"Aug 20, 01:00 am",0,0.288683
"Aug 20, 02:00 am",0,0.288683
"Aug 20, 03:00 am",0,0.288683
"Aug 20, 04:00 am",0,0.288683
"Aug 20, 05:00 am",0,0.288683
"Aug 20, 06:00 am",0,0.288683
"Aug 20, 07:00 am",0,0.288683
"Aug 20, 08:00 am",0,0.288683
"Aug 20, 09:00 am",0,0.288683
"Aug 20, 10:00 am",2384.55,1.25094
"Aug 20, 11:00 am",3563.72,1.7321
"Aug 20, 12:00 pm",3563.74,1.7321
"Aug 20, 01:00 pm",3563.74,1.7321
"Aug 20, 02:00 pm",3563.72,1.7321
"Aug 20, 03:00 pm",3563.72,1.7321
"Aug 20, 04:00 pm",3470.73,1.68828
"Aug 20, 05:00 pm",700.668,0.341591
"Aug 20, 06:00 pm",16.0871,0.288683
"Aug 20, 07:00 pm",0,0.288683
"Aug 20, 08:00 pm",0,0.288683
"Aug 20, 09:00 pm",0,0.288683
"Aug 20, 10:00 pm",0,0.288683
"Aug 20, 11:00 pm",0,0.288683
"Aug 21, 12:00 am",0,0.288683
"Aug 21, 01:00 am",0,0.288683
"Aug 21, 02:00 am",0,0.288683
"Aug 21, 03:00 am",0,0.288683
"Aug 21, 04:00 am",0,0.288683
"Aug 21, 05:00 am",0,0.288683
"Aug 21, 06:00 am",0,0.288683
"Aug 21, 07:00 am",0,0.288683
"Aug 21, 08:00 am",0,0.288683
"Aug 21, 09:00 am",0,0.288683
"Aug 21, 10:00 am",0,0.288683
"Aug 21, 11:00 am",0,0.288683
"Aug 21, 12:00 pm",2411.66,1.25094
"Aug 21, 01:00 pm",3564.05,1.7321
"Aug 21, 02:00 pm",3563.87,1.7321
"Aug 21, 03:00 pm",3563.86,1.7321
"Aug 21, 04:00 pm",3496.66,1.70037
"Aug 21, 05:00 pm",733.206,0.357358
"Aug 21, 06:00 pm",16.2374,0.288683
"Aug 21, 07:00 pm",0,0.288683
"Aug 21, 08:00 pm",0,0.288683
"Aug 21, 09:00 pm",0,0.288683
"Aug 21, 10:00 pm",0,0.288683
"Aug 21, 11:00 pm",0,0.288683
"Aug 22, 12:00 am",0,0.288683
"Aug 22, 01:00 am",0,0.288683
"Aug 22, 02:00 am",0,0.288683
"Aug 22, 03:00 am",0,0.288683
"Aug 22, 04:00 am",0,0.288683
"Aug 22, 05:00 am",0,0.288683
"Aug 22, 06:00 am",0,0.288683
"Aug 22, 07:00 am",0,0.288683
"Aug 22, 08:00 am",0,0.288683
"Aug 22, 09:00 am",1476.11,0.85398
"Aug 22, 10:00 am",3563.01,1.7321
"Aug 22, 11:00 am",3563.61,1.7321
"Aug 22, 12:00 pm",22.9024,0.288683
"Aug 22, 01:00 pm",0,0.288683
"Aug 22, 02:00 pm",0,0.288683
"Aug 22, 03:00 pm",0,0.288683
"Aug 22, 04:00 pm",0,0.288683
"Aug 22, 05:00 pm",0,0.288683
"Aug 22, 06:00 pm",0,0.288683
"Aug 22, 07:00 pm",0,0.288683
"Aug 22, 08:00 pm",0,0.288683
"Aug 22, 09:00 pm",0,0.288683
"Aug 22, 10:00 pm",0,0.288683
"Aug 22, 11:00 pm",0,0.288683
"Aug 23, 12:00 am",0,0.288683
"Aug 23, 01:00 am",0,0.288683
"Aug 23, 02:00 am",0,0.288683
"Aug 23, 03:00 am",0,0.288683
"Aug 23, 04:00 am",0,0.288683
"Aug 23, 05:00 am",0,0.288683
"Aug 23, 06:00 am",0,0.288683
"Aug 23, 07:00 am",0,0.288683
"Aug 23, 08:00 am",0,0.288683
"Aug 23, 09:00 am",0,0.288683
"Aug 23, 10:00 am",0,0.288683
"Aug 23, 11:00 am",0,0.288683
"Aug 23, 12:00 pm",0,0.288683
"Aug 23, 01:00 pm",0,0.288683
"Aug 23, 02:00 pm",0,0.288683
"Aug 23, 03:00 pm",0,0.288683
"Aug 23, 04:00 pm",0,0.288683
"Aug 23, 05:00 pm",0,0.288683
"Aug 23, 06:00 pm",0,0.288683
"Aug 23, 07:00 pm",0,0.288683
"Aug 23, 08:00 pm",0,0.288683
"Aug 23, 09:00 pm",0,0.288683
"Aug 23, 10:00 pm",0,0.288683
"Aug 23, 11:00 pm",0,0.288683
"Aug 24, 12:00 am",0,0.288683
"Aug 24, 01:00 am",0,0.288683
"Aug 24, 02:00 am",0,0.288683
"Aug 24, 03:00 am",0,0.288683
"Aug 24, 04:00 am",0,0.288683
"Aug 24, 05:00 am",0,0.288683
"Aug 24, 06:00 am",0,0.288683
"Aug 24, 07:00 am",0,0.288683
"Aug 24, 08:00 am",0,0.288683
"Aug 24, 09:00 am",0,0.288683
"Aug 24, 10:00 am",0,0.288683
"Aug 24, 11:00 am",0,0.288683
"Aug 24, 12:00 pm",0,0.288683
"Aug 24, 01:00 pm",0,0.288683
"Aug 24, 02:00 pm",0,0.288683
"Aug 24, 03:00 pm",2402.36,1.25094
"Aug 24, 04:00 pm",3538.05,1.72009
"Aug 24, 05:00 pm",818.33,0.398705
"Aug 24, 06:00 pm",15.6874,0.288683
"Aug 24, 07:00 pm",0,0.288683
"Aug 24, 08:00 pm",0,0.288683
"Aug 24, 09:00 pm",0,0.288683
"Aug 24, 10:00 pm",0,0.288683
"Aug 24, 11:00 pm",0,0.288683
"Aug 25, 12:00 am",0,0.288683
"Aug 25, 01:00 am",0,0.288683
"Aug 25, 02:00 am",0,0.288683
"Aug 25, 03:00 am",0,0.288683
"Aug 25, 04:00 am",0,0.288683
"Aug 25, 05:00 am",0,0.288683
"Aug 25, 06:00 am",0,0.288683
"Aug 25, 07:00 am",0,0.288683
"Aug 25, 08:00 am",0,0.288683
"Aug 25, 09:00 am",1728.77,0.972206
"Aug 25, 10:00 am",3563.46,1.7321
"Aug 25, 11:00 am",3564.25,1.7321
"Aug 25, 12:00 pm",3564.29,1.7321
"Aug 25, 01:00 pm",3564.31,1.7321
"Aug 25, 02:00 pm",3564.33,1.7321
"Aug 25, 03:00 pm",3564.31,1.7321
"Aug 25, 04:00 pm",3562.96,1.7321
"Aug 25, 05:00 pm",906.761,0.441419
"Aug 25, 06:00 pm",16.5413,0.288683
"Aug 25, 07:00 pm",0,0.288683
"Aug 25, 08:00 pm",0,0.288683
"Aug 25, 09:00 pm",0,0.288683
"Aug 25, 10:00 pm",0,0.288683
"Aug 25, 11:00 pm",0,0.288683
"Aug 26, 12:00 am",0,0.288683
"Aug 26, 01:00 am",0,0.288683
"Aug 26, 02:00 am",0,0.288683
"Aug 26, 03:00 am",0,0.288683
"Aug 26, 04:00 am",0,0.288683
"Aug 26, 05:00 am",0,0.288683
"Aug 26, 06:00 am",0,0.288683
"Aug 26, 07:00 am",0,0.288683
"Aug 26, 08:00 am",0,0.288683
"Aug 26, 09:00 am",3074.47,1.49542
"Aug 26, 10:00 am",3563.69,1.7321
"Aug 26, 11:00 am",3564.64,1.7321
"Aug 26, 12:00 pm",25.1415,0.288683
"Aug 26, 01:00 pm",0,0.288683
"Aug 26, 02:00 pm",0,0.288683
"Aug 26, 03:00 pm",2971.19,1.7321
"Aug 26, 04:00 pm",3563.06,1.7321
"Aug 26, 05:00 pm",936.03,0.455719
"Aug 26, 06:00 pm",17.0518,0.288683
"Aug 26, 07:00 pm",0,0.288683
"Aug 26, 08:00 pm",0,0.288683
"Aug 26, 09:00 pm",0,0.288683
"Aug 26, 10:00 pm",0,0.288683
"Aug 26, 11:00 pm",0,0.288683
"Aug 27, 12:00 am",0,0.288683
"Aug 27, 01:00 am",0,0.288683
"Aug 27, 02:00 am",0,0.288683
"Aug 27, 03:00 am",0,0.288683
"Aug 27, 04:00 am",0,0.288683
"Aug 27, 05:00 am",0,0.288683
"Aug 27, 06:00 am",0,0.288683
"Aug 27, 07:00 am",0,0.288683
"Aug 27, 08:00 am",0,0.288683
"Aug 27, 09:00 am",0,0.288683
"Aug 27, 10:00 am",0,0.288683
"Aug 27, 11:00 am",0,0.288683
"Aug 27, 12:00 pm",0,0.288683
"Aug 27, 01:00 pm",0,0.288683
"Aug 27, 02:00 pm",0,0.288683
"Aug 27, 03:00 pm",0,0.288683
"Aug 27, 04:00 pm",0,0.288683
"Aug 27, 05:00 pm",0,0.288683
"Aug 27, 06:00 pm",0,0.288683
"Aug 27, 07:00 pm",0,0.288683
"Aug 27, 08:00 pm",0,0.288683
"Aug 27, 09:00 pm",0,0.288683
"Aug 27, 10:00 pm",0,0.288683
"Aug 27, 11:00 pm",0,0.288683
"Aug 28, 12:00 am",0,0.288683
"Aug 28, 01:00 am",0,0.288683
"Aug 28, 02:00 am",0,0.288683
"Aug 28, 03:00 am",0,0.288683
"Aug 28, 04:00 am",0,0.288683
"Aug 28, 05:00 am",0,0.288683
"Aug 28, 06:00 am",0,0.288683
"Aug 28, 07:00 am",0,0.288683
"Aug 28, 08:00 am",0,0.288683
"Aug 28, 09:00 am",0,0.288683
"Aug 28, 10:00 am",0,0.288683
"Aug 28, 11:00 am",0,0.288683
"Aug 28, 12:00 pm",0,0.288683
"Aug 28, 01:00 pm",0,0.288683
"Aug 28, 02:00 pm",0,0.288683
"Aug 28, 03:00 pm",0,0.288683
"Aug 28, 04:00 pm",0,0.288683
"Aug 28, 05:00 pm",0,0.288683
"Aug 28, 06:00 pm",0,0.288683
"Aug 28, 07:00 pm",0,0.288683
"Aug 28, 08:00 pm",0,0.288683
"Aug 28, 09:00 pm",0,0.288683
"Aug 28, 10:00 pm",0,0.288683
"Aug 28, 11:00 pm",0,0.288683
"Aug 29, 12:00 am",0,0.288683
"Aug 29, 01:00 am",0,0.288683
"Aug 29, 02:00 am",0,0.288683
"Aug 29, 03:00 am",0,0.288683
"Aug 29, 04:00 am",0,0.288683
"Aug 29, 05:00 am",0,0.288683
"Aug 29, 06:00 am",0,0.288683
"Aug 29, 07:00 am",0,0.288683
"Aug 29, 08:00 am",0,0.288683
"Aug 29, 09:00 am",0,0.288683
"Aug 29, 10:00 am",0,0.288683
"Aug 29, 11:00 am",2405.34,1.25094
"Aug 29, 12:00 pm",25.2572,0.288683
"Aug 29, 01:00 pm",0,0.288683
"Aug 29, 02:00 pm",0,0.288683
"Aug 29, 03:00 pm",0,0.288683
"Aug 29, 04:00 pm",0,0.288683
"Aug 29, 05:00 pm",0,0.288683
"Aug 29, 06:00 pm",0,0.288683
"Aug 29, 07:00 pm",0,0.288683
"Aug 29, 08:00 pm",0,0.288683
"Aug 29, 09:00 pm",0,0.288683
"Aug 29, 10:00 pm",0,0.288683
"Aug 29, 11:00 pm",0,0.288683
"Aug 30, 12:00 am",0,0.288683
"Aug 30, 01:00 am",0,0.288683
"Aug 30, 02:00 am",0,0.288683
"Aug 30, 03:00 am",0,0.288683
"Aug 30, 04:00 am",0,0.288683
"Aug 30, 05:00 am",0,0.288683
"Aug 30, 06:00 am",0,0.288683
"Aug 30, 07:00 am",0,0.288683
"Aug 30, 08:00 am",0,0.288683
"Aug 30, 09:00 am",0,0.288683
"Aug 30, 10:00 am",2400.11,1.25094
"Aug 30, 11:00 am",3564.14,1.7321
"Aug 30, 12:00 pm",3564.17,1.7321
"Aug 30, 01:00 pm",23.7253,0.288683
"Aug 30, 02:00 pm",0,0.288683
"Aug 30, 03:00 pm",0,0.288683
"Aug 30, 04:00 pm",0,0.288683
"Aug 30, 05:00 pm",0,0.288683
"Aug 30, 06:00 pm",0,0.288683
"Aug 30, 07:00 pm",0,0.288683
"Aug 30, 08:00 pm",0,0.288683
"Aug 30, 09:00 pm",0,0.288683
"Aug 30, 10:00 pm",0,0.288683
"Aug 30, 11:00 pm",0,0.288683
"Aug 31, 12:00 am",0,0.288683
"Aug 31, 01:00 am",0,0.288683
"Aug 31, 02:00 am",0,0.288683
"Aug 31, 03:00 am",0,0.288683
"Aug 31, 04:00 am",0,0.288683
"Aug 31, 05:00 am",0,0.288683
"Aug 31, 06:00 am",0,0.288683
"Aug 31, 07:00 am",0,0.288683
"Aug 31, 08:00 am",0,0.288683
"Aug 31, 09:00 am",0,0.288683
"Aug 31, 10:00 am",0,0.288683
"Aug 31, 11:00 am",0,0.288683
"Aug 31, 12:00 pm",0,0.288683
"Aug 31, 01:00 pm",0,0.288683
"Aug 31, 02:00 pm",0,0.288683
"Aug 31, 03:00 pm",0,0.288683
"Aug 31, 04:00 pm",0,0.288683
"Aug 31, 05:00 pm",0,0.288683
"Aug 31, 06:00 pm",0,0.288683
"Aug 31, 07:00 pm",0,0.288683
"Aug 31, 08:00 pm",0,0.288683
"Aug 31, 09:00 pm",0,0.288683
"Aug 31, 10:00 pm",0,0.288683
"Aug 31, 11:00 pm",0,0.288683
"Sep 1, 12:00 am",0,0.288683
"Sep 1, 01:00 am",0,0.288683
"Sep 1, 02:00 am",0,0.288683
"Sep 1, 03:00 am",0,0.288683
"Sep 1, 04:00 am",0,0.288683
"Sep 1, 05:00 am",0,0.288683
"Sep 1, 06:00 am",0,0.288683
"Sep 1, 07:00 am",0,0.288683
"Sep 1, 08:00 am",0,0.288683
"Sep 1, 09:00 am",1808.92,1.01037
"Sep 1, 10:00 am",3564.09,1.7321
"Sep 1, 11:00 am",3565.05,1.7321
"Sep 1, 12:00 pm",3565.09,1.7321
"Sep 1, 01:00 pm",3565.22,1.7321
"Sep 1, 02:00 pm",3565.24,1.7321
"Sep 1, 03:00 pm",24.7415,0.288683
"Sep 1, 04:00 pm",0,0.288683
"Sep 1, 05:00 pm",0,0.288683
"Sep 1, 06:00 pm",0,0.288683
"Sep 1, 07:00 pm",0,0.288683
"Sep 1, 08:00 pm",0,0.288683
"Sep 1, 09:00 pm",0,0.288683
"Sep 1, 10:00 pm",0,0.288683
"Sep 1, 11:00 pm",0,0.288683
"Sep 2, 12:00 am",0,0.288683
"Sep 2, 01:00 am",0,0.288683
"Sep 2, 02:00 am",0,0.288683
"Sep 2, 03:00 am",0,0.288683
"Sep 2, 04:00 am",0,0.288683
"Sep 2, 05:00 am",0,0.288683
"Sep 2, 06:00 am",0,0.288683
"Sep 2, 07:00 am",0,0.288683
"Sep 2, 08:00 am",0,0.288683
"Sep 2, 09:00 am",0,0.288683
"Sep 2, 10:00 am",0,0.288683
"Sep 2, 11:00 am",0,0.288683
"Sep 2, 12:00 pm",0,0.288683
"Sep 2, 01:00 pm",0,0.288683
"Sep 2, 02:00 pm",0,0.288683
"Sep 2, 03:00 pm",2429.18,1.25094
"Sep 2, 04:00 pm",3563.23,1.7321
"Sep 2, 05:00 pm",1272.31,0.618986
"Sep 2, 06:00 pm",17.7345,0.288683
"Sep 2, 07:00 pm",0,0.288683
"Sep 2, 08:00 pm",0,0.288683
"Sep 2, 09:00 pm",0,0.288683
"Sep 2, 10:00 pm",0,0.288683
"Sep 2, 11:00 pm",0,0.288683
"Sep 3, 12:00 am",0,0.288683
"Sep 3, 01:00 am",0,0.288683
"Sep 3, 02:00 am",0,0.288683
"Sep 3, 03:00 am",0,0.288683
"Sep 3, 04:00 am",0,0.288683
"Sep 3, 05:00 am",0,0.288683
"Sep 3, 06:00 am",0,0.288683
"Sep 3, 07:00 am",0,0.288683
"Sep 3, 08:00 am",0,0.288683
"Sep 3, 09:00 am",0,0.288683
"Sep 3, 10:00 am",0,0.288683
"Sep 3, 11:00 am",0,0.288683
"Sep 3, 12:00 pm",0,0.288683
"Sep 3, 01:00 pm",0,0.288683
"Sep 3, 02:00 pm",0,0.288683
"Sep 3, 03:00 pm",0,0.288683
"Sep 3, 04:00 pm",0,0.288683
"Sep 3, 05:00 pm",0,0.288683
"Sep 3, 06:00 pm",0,0.288683
"Sep 3, 07:00 pm",0,0.288683
"Sep 3, 08:00 pm",0,0.288683
"Sep 3, 09:00 pm",0,0.288683
"Sep 3, 10:00 pm",0,0.288683
"Sep 3, 11:00 pm",0,0.288683
"Sep 4, 12:00 am",0,0.288683
"Sep 4, 01:00 am",0,0.288683
"Sep 4, 02:00 am",0,0.288683
"Sep 4, 03:00 am",0,0.288683
"Sep 4, 04:00 am",0,0.288683
"Sep 4, 05:00 am",0,0.288683
"Sep 4, 06:00 am",0,0.288683
"Sep 4, 07:00 am",0,0.288683
"Sep 4, 08:00 am",0,0.288683
"Sep 4, 09:00 am",0,0.288683
"Sep 4, 10:00 am",0,0.288683
"Sep 4, 11:00 am",0,0.288683
"Sep 4, 12:00 pm",0,0.288683
"Sep 4, 01:00 pm",0,0.288683
"Sep 4, 02:00 pm",0,0.288683
"Sep 4, 03:00 pm",0,0.288683
"Sep 4, 04:00 pm",0,0.288683
"Sep 4, 05:00 pm",0,0.288683
"Sep 4, 06:00 pm",0,0.288683
"Sep 4, 07:00 pm",0,0.288683
"Sep 4, 08:00 pm",0,0.288683
"Sep 4, 09:00 pm",0,0.288683
"Sep 4, 10:00 pm",0,0.288683
"Sep 4, 11:00 pm",0,0.288683
"Sep 5, 12:00 am",0,0.288683
"Sep 5, 01:00 am",0,0.288683
"Sep 5, 02:00 am",0,0.288683
"Sep 5, 03:00 am",0,0.288683
"Sep 5, 04:00 am",0,0.288683
"Sep 5, 05:00 am",0,0.288683
"Sep 5, 06:00 am",0,0.288683
"Sep 5, 07:00 am",0,0.288683
"Sep 5, 08:00 am",0,0.288683
"Sep 5, 09:00 am",0,0.288683
"Sep 5, 10:00 am",0,0.288683
"Sep 5, 11:00 am",0,0.288683
"Sep 5, 12:00 pm",0,0.288683
"Sep 5, 01:00 pm",0,0.288683
"Sep 5, 02:00 pm",0,0.288683
"Sep 5, 03:00 pm",0,0.288683
"Sep 5, 04:00 pm",0,0.288683
"Sep 5, 05:00 pm",0,0.288683
"Sep 5, 06:00 pm",0,0.288683
"Sep 5, 07:00 pm",0,0.288683
"Sep 5, 08:00 pm",0,0.288683
"Sep 5, 09:00 pm",0,0.288683
"Sep 5, 10:00 pm",0,0.288683
"Sep 5, 11:00 pm",0,0.288683
"Sep 6, 12:00 am",0,0.288683
"Sep 6, 01:00 am",0,0.288683
"Sep 6, 02:00 am",0,0.288683
"Sep 6, 03:00 am",0,0.288683
"Sep 6, 04:00 am",0,0.288683
"Sep 6, 05:00 am",0,0.288683
"Sep 6, 06:00 am",0,0.288683
"Sep 6, 07:00 am",0,0.288683
"Sep 6, 08:00 am",0,0.288683
"Sep 6, 09:00 am",0,0.288683
"Sep 6, 10:00 am",0,0.288683
"Sep 6, 11:00 am",0,0.288683
"Sep 6, 12:00 pm",0,0.288683
"Sep 6, 01:00 pm",0,0.288683
"Sep 6, 02:00 pm",0,0.288683
"Sep 6, 03:00 pm",0,0.288683
"Sep 6, 04:00 pm",0,0.288683
"Sep 6, 05:00 pm",0,0.288683
"Sep 6, 06:00 pm",0,0.288683
"Sep 6, 07:00 pm",0,0.288683
"Sep 6, 08:00 pm",0,0.288683
"Sep 6, 09:00 pm",0,0.288683
"Sep 6, 10:00 pm",0,0.288683
"Sep 6, 11:00 pm",0,0.288683
"Sep 7, 12:00 am",0,0.288683
"Sep 7, 01:00 am",0,0.288683
"Sep 7, 02:00 am",0,0.288683
"Sep 7, 03:00 am",0,0.288683
"Sep 7, 04:00 am",0,0.288683
"Sep 7, 05:00 am",0,0.288683
"Sep 7, 06:00 am",0,0.288683
"Sep 7, 07:00 am",0,0.288683
"Sep 7, 08:00 am",0,0.288683
"Sep 7, 09:00 am",0,0.288683
"Sep 7, 10:00 am",0,0.288683
"Sep 7, 11:00 am",0,0.288683
"Sep 7, 12:00 pm",0,0.288683
"Sep 7, 01:00 pm",0,0.288683
"Sep 7, 02:00 pm",0,0.288683
"Sep 7, 03:00 pm",0,0.288683
"Sep 7, 04:00 pm",0,0.288683
"Sep 7, 05:00 pm",0,0.288683
"Sep 7, 06:00 pm",0,0.288683
"Sep 7, 07:00 pm",0,0.288683
"Sep 7, 08:00 pm",0,0.288683
"Sep 7, 09:00 pm",0,0.288683
"Sep 7, 10:00 pm",0,0.288683
"Sep 7, 11:00 pm",0,0.288683
"Sep 8, 12:00 am",0,0.288683
"Sep 8, 01:00 am",0,0.288683
"Sep 8, 02:00 am",0,0.288683
"Sep 8, 03:00 am",0,0.288683
"Sep 8, 04:00 am",0,0.288683
"Sep 8, 05:00 am",0,0.288683
"Sep 8, 06:00 am",0,0.288683
"Sep 8, 07:00 am",0,0.288683
"Sep 8, 08:00 am",0,0.288683
"Sep 8, 09:00 am",2967.92,1.68973
"Sep 8, 10:00 am",3564.78,1.7321
"Sep 8, 11:00 am",3564.8,1.7321
"Sep 8, 12:00 pm",26.3116,0.288683
"Sep 8, 01:00 pm",0,0.288683
"Sep 8, 02:00 pm",0,0.288683
"Sep 8, 03:00 pm",0,0.288683
"Sep 8, 04:00 pm",2970.17,1.7321
"Sep 8, 05:00 pm",1556.34,0.757161
"Sep 8, 06:00 pm",16.3443,0.288683
"Sep 8, 07:00 pm",0,0.288683
"Sep 8, 08:00 pm",0,0.288683
"Sep 8, 09:00 pm",0,0.288683
"Sep 8, 10:00 pm",0,0.288683
"Sep 8, 11:00 pm",0,0.288683
"Sep 9, 12:00 am",0,0.288683
"Sep 9, 01:00 am",0,0.288683
"Sep 9, 02:00 am",0,0.288683
"Sep 9, 03:00 am",0,0.288683
"Sep 9, 04:00 am",0,0.288683
"Sep 9, 05:00 am",0,0.288683
"Sep 9, 06:00 am",0,0.288683
"Sep 9, 07:00 am",0,0.288683
"Sep 9, 08:00 am",0,0.461539
"Sep 9, 09:00 am",3562.19,1.7321
"Sep 9, 10:00 am",3565.02,1.7321
"Sep 9, 11:00 am",3563.44,1.7321
"Sep 9, 12:00 pm",3563.47,1.7321
"Sep 9, 01:00 pm",3563.84,1.7321
"Sep 9, 02:00 pm",3563.88,1.7321
"Sep 9, 03:00 pm",3564.86,1.7321
"Sep 9, 04:00 pm",3563.61,1.7321
"Sep 9, 05:00 pm",1602.65,0.779662
"Sep 9, 06:00 pm",16.504,0.288683
"Sep 9, 07:00 pm",0,0.288683
"Sep 9, 08:00 pm",0,0.288683
"Sep 9, 09:00 pm",0,0.288683
"Sep 9, 10:00 pm",0,0.288683
"Sep 9, 11:00 pm",0,0.288683
"Sep 10, 12:00 am",0,0.288683
"Sep 10, 01:00 am",0,0.288683
"Sep 10, 02:00 am",0,0.288683
"Sep 10, 03:00 am",0,0.288683
"Sep 10, 04:00 am",0,0.288683
"Sep 10, 05:00 am",0,0.288683
"Sep 10, 06:00 am",0,0.288683
"Sep 10, 07:00 am",0,0.288683
"Sep 10, 08:00 am",0,0.454982
"Sep 10, 09:00 am",3562.18,1.7321
"Sep 10, 10:00 am",3565.09,1.7321
"Sep 10, 11:00 am",3563.7,1.7321
"Sep 10, 12:00 pm",3563.73,1.7321
"Sep 10, 01:00 pm",3562.71,1.7321
"Sep 10, 02:00 pm",3563.92,1.7321
"Sep 10, 03:00 pm",3564.73,1.7321
"Sep 10, 04:00 pm",3563.68,1.7321
"Sep 10, 05:00 pm",1653.39,0.804334
"Sep 10, 06:00 pm",16.5218,0.288683
"Sep 10, 07:00 pm",0,0.288683
"Sep 10, 08:00 pm",0,0.288683
"Sep 10, 09:00 pm",0,0.288683
"Sep 10, 10:00 pm",0,0.288683
"Sep 10, 11:00 pm",0,0.288683
"Sep 11, 12:00 am",0,0.288683
"Sep 11, 01:00 am",0,0.288683
"Sep 11, 02:00 am",0,0.288683
"Sep 11, 03:00 am",0,0.288683
"Sep 11, 04:00 am",0,0.288683
"Sep 11, 05:00 am",0,0.288683
"Sep 11, 06:00 am",0,0.288683
"Sep 11, 07:00 am",0,0.288683
"Sep 11, 08:00 am",0,0.46191
"Sep 11, 09:00 am",3562.31,1.7321
"Sep 11, 10:00 am",3565.17,1.7321
"Sep 11, 11:00 am",3563.75,1.7321
"Sep 11, 12:00 pm",3563.42,1.7321
"Sep 11, 01:00 pm",3562.76,1.7321
"Sep 11, 02:00 pm",3563.91,1.7321
"Sep 11, 03:00 pm",3564.79,1.7321
"Sep 11, 04:00 pm",3563.81,1.7321
"Sep 11, 05:00 pm",1693.07,0.82359
"Sep 11, 06:00 pm",17.0762,0.288683
"Sep 11, 07:00 pm",0,0.288683
"Sep 11, 08:00 pm",0,0.288683
"Sep 11, 09:00 pm",0,0.288683
"Sep 11, 10:00 pm",0,0.288683
"Sep 11, 11:00 pm",0,0.288683
"Sep 12, 12:00 am",0,0.288683
"Sep 12, 01:00 am",0,0.288683
"Sep 12, 02:00 am",0,0.288683
"Sep 12, 03:00 am",0,0.288683
"Sep 12, 04:00 am",0,0.288683
"Sep 12, 05:00 am",0,0.288683
"Sep 12, 06:00 am",0,0.288683
"Sep 12, 07:00 am",0,0.288683
"Sep 12, 08:00 am",310.894,0.486114
"Sep 12, 09:00 am",3562.76,1.7321
"Sep 12, 10:00 am",3564.84,1.7321
"Sep 12, 11:00 am",3562.03,1.7321
"Sep 12, 12:00 pm",3562.12,1.7321
"Sep 12, 01:00 pm",3561.74,1.7321
"Sep 12, 02:00 pm",3563.45,1.7321
"Sep 12, 03:00 pm",3564.72,1.7321
"Sep 12, 04:00 pm",3563.96,1.7321
"Sep 12, 05:00 pm",1736.23,0.844524
"Sep 12, 06:00 pm",18.068,0.288683
"Sep 12, 07:00 pm",0,0.288683
"Sep 12, 08:00 pm",0,0.288683
"Sep 12, 09:00 pm",0,0.288683
"Sep 12, 10:00 pm",0,0.288683
"Sep 12, 11:00 pm",0,0.288683
"Sep 13, 12:00 am",0,0.288683
"Sep 13, 01:00 am",0,0.288683
"Sep 13, 02:00 am",0,0.288683
"Sep 13, 03:00 am",0,0.288683
"Sep 13, 04:00 am",0,0.288683
"Sep 13, 05:00 am",0,0.288683
"Sep 13, 06:00 am",0,0.288683
"Sep 13, 07:00 am",0,0.288683
"Sep 13, 08:00 am",301.534,0.476789
"Sep 13, 09:00 am",3562.61,1.7321
"Sep 13, 10:00 am",3565.18,1.7321
"Sep 13, 11:00 am",3564.08,1.7321
"Sep 13, 12:00 pm",3564.11,1.7321
"Sep 13, 01:00 pm",3563.61,1.7321
"Sep 13, 02:00 pm",3564.33,1.7321
"Sep 13, 03:00 pm",3565.04,1.7321
"Sep 13, 04:00 pm",3563.7,1.7321
"Sep 13, 05:00 pm",1743.35,0.848023
"Sep 13, 06:00 pm",17.3957,0.288683
"Sep 13, 07:00 pm",0,0.288683
"Sep 13, 08:00 pm",0,0.288683
"Sep 13, 09:00 pm",0,0.288683
"Sep 13, 10:00 pm",0,0.288683
"Sep 13, 11:00 pm",0,0.288683
"Sep 14, 12:00 am",0,0.288683
"Sep 14, 01:00 am",0,0.288683
"Sep 14, 02:00 am",0,0.288683
"Sep 14, 03:00 am",0,0.288683
"Sep 14, 04:00 am",0,0.288683
"Sep 14, 05:00 am",0,0.288683
"Sep 14, 06:00 am",0,0.288683
"Sep 14, 07:00 am",0,0.288683
"Sep 14, 08:00 am",0,0.288683
"Sep 14, 09:00 am",2397.89,1.25094
"Sep 14, 10:00 am",3565.33,1.7321
"Sep 14, 11:00 am",3563.36,1.7321
"Sep 14, 12:00 pm",3565.39,1.7321
"Sep 14, 01:00 pm",3562.11,1.7321
"Sep 14, 02:00 pm",3561.23,1.7321
"Sep 14, 03:00 pm",3564.55,1.7321
"Sep 14, 04:00 pm",3563.94,1.7321
"Sep 14, 05:00 pm",1833.25,0.891715
"Sep 14, 06:00 pm",17.4398,0.288683
"Sep 14, 07:00 pm",0,0.288683
"Sep 14, 08:00 pm",0,0.288683
"Sep 14, 09:00 pm",0,0.288683
"Sep 14, 10:00 pm",0,0.288683
"Sep 14, 11:00 pm",0,0.288683
"Sep 15, 12:00 am",0,0.288683
"Sep 15, 01:00 am",0,0.288683
"Sep 15, 02:00 am",0,0.288683
"Sep 15, 03:00 am",0,0.288683
"Sep 15, 04:00 am",0,0.288683
"Sep 15, 05:00 am",0,0.288683
"Sep 15, 06:00 am",0,0.288683
"Sep 15, 07:00 am",0,0.288683
"Sep 15, 08:00 am",343.507,0.508437
"Sep 15, 09:00 am",3562.66,1.7321
"Sep 15, 10:00 am",3564.75,1.7321
"Sep 15, 11:00 am",3562.24,1.7321
"Sep 15, 12:00 pm",3562.29,1.7321
"Sep 15, 01:00 pm",3561.29,1.7321
"Sep 15, 02:00 pm",3562.76,1.7321
"Sep 15, 03:00 pm",3564.52,1.7321
"Sep 15, 04:00 pm",3564.01,1.7321
"Sep 15, 05:00 pm",1871.52,0.910292
"Sep 15, 06:00 pm",17.9231,0.288683
"Sep 15, 07:00 pm",0,0.288683
"Sep 15, 08:00 pm",0,0.288683
"Sep 15, 09:00 pm",0,0.288683
"Sep 15, 10:00 pm",0,0.288683
"Sep 15, 11:00 pm",0,0.288683
"Sep 16, 12:00 am",0,0.288683
"Sep 16, 01:00 am",0,0.288683
"Sep 16, 02:00 am",0,0.288683
"Sep 16, 03:00 am",0,0.288683
"Sep 16, 04:00 am",0,0.288683
"Sep 16, 05:00 am",0,0.288683
"Sep 16, 06:00 am",0,0.288683
"Sep 16, 07:00 am",0,0.288683
"Sep 16, 08:00 am",1025.71,0.643166
"Sep 16, 09:00 am",3563.03,1.7321
"Sep 16, 10:00 am",3564.54,1.7321
"Sep 16, 11:00 am",3560.97,1.7321
"Sep 16, 12:00 pm",3561.02,1.7321
"Sep 16, 01:00 pm",3559.9,1.7321
"Sep 16, 02:00 pm",3561.89,1.7321
"Sep 16, 03:00 pm",3564.45,1.7321
"Sep 16, 04:00 pm",3564.05,1.7321
"Sep 16, 05:00 pm",1910.94,0.929438
"Sep 16, 06:00 pm",17.9965,0.288683
"Sep 16, 07:00 pm",0,0.288683
"Sep 16, 08:00 pm",0,0.288683
"Sep 16, 09:00 pm",0,0.288683
"Sep 16, 10:00 pm",0,0.288683
"Sep 16, 11:00 pm",0,0.288683
"Sep 17, 12:00 am",0,0.288683
"Sep 17, 01:00 am",0,0.288683
"Sep 17, 02:00 am",0,0.288683
"Sep 17, 03:00 am",0,0.288683
"Sep 17, 04:00 am",0,0.288683
"Sep 17, 05:00 am",0,0.288683
"Sep 17, 06:00 am",0,0.288683
"Sep 17, 07:00 am",0,0.288683
"Sep 17, 08:00 am",0,0.288683
"Sep 17, 09:00 am",0,0.288683
"Sep 17, 10:00 am",0,0.288683
"Sep 17, 11:00 am",0,0.288683
"Sep 17, 12:00 pm",0,0.288683
"Sep 17, 01:00 pm",2968.2,1.49151
"Sep 17, 02:00 pm",3558.63,1.7321
"Sep 17, 03:00 pm",3564.69,1.7321
"Sep 17, 04:00 pm",3563.79,1.7321
"Sep 17, 05:00 pm",1926.22,0.936917
"Sep 17, 06:00 pm",17.3431,0.288683
"Sep 17, 07:00 pm",0,0.288683
"Sep 17, 08:00 pm",0,0.288683
"Sep 17, 09:00 pm",0,0.288683
"Sep 17, 10:00 pm",0,0.288683
"Sep 17, 11:00 pm",0,0.288683
"Sep 18, 12:00 am",0,0.288683
"Sep 18, 01:00 am",0,0.288683
"Sep 18, 02:00 am",0,0.288683
"Sep 18, 03:00 am",0,0.288683
"Sep 18, 04:00 am",0,0.288683
"Sep 18, 05:00 am",0,0.288683
"Sep 18, 06:00 am",0,0.288683
"Sep 18, 07:00 am",0,0.288683
"Sep 18, 08:00 am",0,0.288683
"Sep 18, 09:00 am",0,0.288683
"Sep 18, 10:00 am",0,0.288683
"Sep 18, 11:00 am",0,0.288683
"Sep 18, 12:00 pm",0,0.288683
"Sep 18, 01:00 pm",0,0.288683
"Sep 18, 02:00 pm",0,0.288683
"Sep 18, 03:00 pm",0,0.288683
"Sep 18, 04:00 pm",0,0.288683
"Sep 18, 05:00 pm",0,0.288683
"Sep 18, 06:00 pm",0,0.288683
"Sep 18, 07:00 pm",0,0.288683
"Sep 18, 08:00 pm",0,0.288683
"Sep 18, 09:00 pm",0,0.288683
"Sep 18, 10:00 pm",0,0.288683
"Sep 18, 11:00 pm",0,0.288683
"Sep 19, 12:00 am",0,0.288683
"Sep 19, 01:00 am",0,0.288683
"Sep 19, 02:00 am",0,0.288683
"Sep 19, 03:00 am",0,0.288683
"Sep 19, 04:00 am",0,0.288683
"Sep 19, 05:00 am",0,0.288683
"Sep 19, 06:00 am",0,0.288683
"Sep 19, 07:00 am",0,0.288683
"Sep 19, 08:00 am",0,0.288683
"Sep 19, 09:00 am",0,0.288683
"Sep 19, 10:00 am",0,0.288683
"Sep 19, 11:00 am",0,0.288683
"Sep 19, 12:00 pm",0,0.288683
"Sep 19, 01:00 pm",2448.41,1.25094
"Sep 19, 02:00 pm",3563.21,1.7321
"Sep 19, 03:00 pm",3562.45,1.7321
"Sep 19, 04:00 pm",3564.19,1.7321
"Sep 19, 05:00 pm",20.8331,0.288683
"Sep 19, 06:00 pm",0,0.288683
"Sep 19, 07:00 pm",0,0.288683
"Sep 19, 08:00 pm",0,0.288683
"Sep 19, 09:00 pm",0,0.288683
"Sep 19, 10:00 pm",0,0.288683
"Sep 19, 11:00 pm",0,0.288683
"Sep 20, 12:00 am",0,0.288683
"Sep 20, 01:00 am",0,0.288683
"Sep 20, 02:00 am",0,0.288683
"Sep 20, 03:00 am",0,0.288683
"Sep 20, 04:00 am",0,0.288683
"Sep 20, 05:00 am",0,0.288683
"Sep 20, 06:00 am",0,0.288683
"Sep 20, 07:00 am",0,0.288683
"Sep 20, 08:00 am",1151.3,0.702092
"Sep 20, 09:00 am",3563.43,1.7321
"Sep 20, 10:00 am",3563.58,1.7321
"Sep 20, 11:00 am",3563.09,1.7321
"Sep 20, 12:00 pm",3563.12,1.7321
"Sep 20, 01:00 pm",3563.14,1.7321
"Sep 20, 02:00 pm",3559.51,1.7321
"Sep 20, 03:00 pm",3563.92,1.7321
"Sep 20, 04:00 pm",3563.91,1.7321
"Sep 20, 05:00 pm",2115.09,1.02868
"Sep 20, 06:00 pm",17.4369,0.288683
"Sep 20, 07:00 pm",0,0.288683
"Sep 20, 08:00 pm",0,0.288683
"Sep 20, 09:00 pm",0,0.288683
"Sep 20, 10:00 pm",0,0.288683
"Sep 20, 11:00 pm",0,0.288683
"Sep 21, 12:00 am",0,0.288683
"Sep 21, 01:00 am",0,0.288683
"Sep 21, 02:00 am",0,0.288683
"Sep 21, 03:00 am",0,0.288683
"Sep 21, 04:00 am",0,0.288683
"Sep 21, 05:00 am",0,0.288683
"Sep 21, 06:00 am",0,0.288683
"Sep 21, 07:00 am",0,0.288683
"Sep 21, 08:00 am",0,0.288683
"Sep 21, 09:00 am",0,0.288683
"Sep 21, 10:00 am",0,0.288683
"Sep 21, 11:00 am",0,0.288683
"Sep 21, 12:00 pm",0,0.288683
"Sep 21, 01:00 pm",0,0.288683
"Sep 21, 02:00 pm",2975.58,1.49151
"Sep 21, 03:00 pm",3560.55,1.7321
"Sep 21, 04:00 pm",3564.1,1.7321
"Sep 21, 05:00 pm",2201.45,1.07066
"Sep 21, 06:00 pm",16.983,0.288683
"Sep 21, 07:00 pm",0,0.288683
"Sep 21, 08:00 pm",0,0.288683
"Sep 21, 09:00 pm",0,0.288683
"Sep 21, 10:00 pm",0,0.288683
"Sep 21, 11:00 pm",0,0.288683
"Sep 22, 12:00 am",0,0.288683
"Sep 22, 01:00 am",0,0.288683
"Sep 22, 02:00 am",0,0.288683
"Sep 22, 03:00 am",0,0.288683
"Sep 22, 04:00 am",0,0.288683
"Sep 22, 05:00 am",0,0.288683
"Sep 22, 06:00 am",0,0.288683
"Sep 22, 07:00 am",0,0.288683
"Sep 22, 08:00 am",1651.73,0.899434
"Sep 22, 09:00 am",3563.72,1.7321
"Sep 22, 10:00 am",3563.02,1.7321
"Sep 22, 11:00 am",3563.19,1.7321
"Sep 22, 12:00 pm",3563.24,1.7321
"Sep 22, 01:00 pm",3563.27,1.7321
"Sep 22, 02:00 pm",3563.28,1.7321
"Sep 22, 03:00 pm",3559.03,1.7321
"Sep 22, 04:00 pm",3564.4,1.7321
"Sep 22, 05:00 pm",2314.22,1.12541
"Sep 22, 06:00 pm",17.5215,0.288683
"Sep 22, 07:00 pm",0,0.288683
"Sep 22, 08:00 pm",0,0.288683
"Sep 22, 09:00 pm",0,0.288683
"Sep 22, 10:00 pm",0,0.288683
"Sep 22, 11:00 pm",0,0.288683
"Sep 23, 12:00 am",0,0.288683
"Sep 23, 01:00 am",0,0.288683
"Sep 23, 02:00 am",0,0.288683
"Sep 23, 03:00 am",0,0.288683
"Sep 23, 04:00 am",0,0.288683
"Sep 23, 05:00 am",0,0.288683
"Sep 23, 06:00 am",0,0.288683
"Sep 23, 07:00 am",0,0.288683
"Sep 23, 08:00 am",1765.28,0.94989
"Sep 23, 09:00 am",3563.87,1.7321
"Sep 23, 10:00 am",3563.04,1.7321
"Sep 23, 11:00 am",3563.26,1.7321
"Sep 23, 12:00 pm",3563.29,1.7321
"Sep 23, 01:00 pm",3563.33,1.7321
"Sep 23, 02:00 pm",3563.35,1.7321
"Sep 23, 03:00 pm",3563.33,1.7321
"Sep 23, 04:00 pm",3564.76,1.7321
"Sep 23, 05:00 pm",2413.56,1.17365
"Sep 23, 06:00 pm",17.7144,0.288683
"Sep 23, 07:00 pm",0,0.288683
"Sep 23, 08:00 pm",0,0.288683
"Sep 23, 09:00 pm",0,0.288683
"Sep 23, 10:00 pm",0,0.288683
"Sep 23, 11:00 pm",0,0.288683
"Sep 24, 12:00 am",0,0.288683
"Sep 24, 01:00 am",0,0.288683
"Sep 24, 02:00 am",0,0.288683
"Sep 24, 03:00 am",0,0.288683
"Sep 24, 04:00 am",0,0.288683
"Sep 24, 05:00 am",0,0.288683
"Sep 24, 06:00 am",0,0.288683
"Sep 24, 07:00 am",0,0.288683
"Sep 24, 08:00 am",1706.5,1.19292
"Sep 24, 09:00 am",3563.83,1.7321
"Sep 24, 10:00 am",3558.6,1.7321
"Sep 24, 11:00 am",3563.25,1.7321
"Sep 24, 12:00 pm",3563.3,1.7321
"Sep 24, 01:00 pm",3563.33,1.7321
"Sep 24, 02:00 pm",3563.34,1.7321
"Sep 24, 03:00 pm",3558.83,1.7321
"Sep 24, 04:00 pm",3564.59,1.7321
"Sep 24, 05:00 pm",2420.96,1.17721
"Sep 24, 06:00 pm",18.4298,0.288683
"Sep 24, 07:00 pm",0,0.288683
"Sep 24, 08:00 pm",0,0.288683
"Sep 24, 09:00 pm",0,0.288683
"Sep 24, 10:00 pm",0,0.288683
"Sep 24, 11:00 pm",0,0.288683
"Sep 25, 12:00 am",0,0.288683
"Sep 25, 01:00 am",0,0.288683
"Sep 25, 02:00 am",0,0.288683
"Sep 25, 03:00 am",0,0.288683
"Sep 25, 04:00 am",0,0.288683
"Sep 25, 05:00 am",0,0.288683
"Sep 25, 06:00 am",0,0.288683
"Sep 25, 07:00 am",0,0.288683
"Sep 25, 08:00 am",1738.08,1.21232
"Sep 25, 09:00 am",3563.84,1.7321
"Sep 25, 10:00 am",3558.5,1.7321
"Sep 25, 11:00 am",3563.2,1.7321
"Sep 25, 12:00 pm",3563.24,1.7321
"Sep 25, 01:00 pm",3563.26,1.7321
"Sep 25, 02:00 pm",3563.27,1.7321
"Sep 25, 03:00 pm",3559.74,1.7321
"Sep 25, 04:00 pm",3564.39,1.7321
"Sep 25, 05:00 pm",2442.42,1.18767
"Sep 25, 06:00 pm",18.0189,0.288683
"Sep 25, 07:00 pm",0,0.288683
"Sep 25, 08:00 pm",0,0.288683
"Sep 25, 09:00 pm",0,0.288683
"Sep 25, 10:00 pm",0,0.288683
"Sep 25, 11:00 pm",0,0.288683
"Sep 26, 12:00 am",0,0.288683
"Sep 26, 01:00 am",0,0.288683
"Sep 26, 02:00 am",0,0.288683
"Sep 26, 03:00 am",0,0.288683
"Sep 26, 04:00 am",0,0.288683
"Sep 26, 05:00 am",0,0.288683
"Sep 26, 06:00 am",0,0.288683
"Sep 26, 07:00 am",0,0.288683
"Sep 26, 08:00 am",1796.3,1.25013
"Sep 26, 09:00 am",22.8553,0.288683
"Sep 26, 10:00 am",0,0.288683
"Sep 26, 11:00 am",0,0.288683
"Sep 26, 12:00 pm",0,0.288683
"Sep 26, 01:00 pm",0,0.288683
"Sep 26, 02:00 pm",0,0.288683
"Sep 26, 03:00 pm",2969.47,1.7321
"Sep 26, 04:00 pm",3564.51,1.7321
"Sep 26, 05:00 pm",2503.92,1.21754
"Sep 26, 06:00 pm",18.1388,0.288683
"Sep 26, 07:00 pm",0,0.288683
"Sep 26, 08:00 pm",0,0.288683
"Sep 26, 09:00 pm",0,0.288683
"Sep 26, 10:00 pm",0,0.288683
"Sep 26, 11:00 pm",0,0.288683
"Sep 27, 12:00 am",0,0.288683
"Sep 27, 01:00 am",0,0.288683
"Sep 27, 02:00 am",0,0.288683
"Sep 27, 03:00 am",0,0.288683
"Sep 27, 04:00 am",0,0.288683
"Sep 27, 05:00 am",0,0.288683
"Sep 27, 06:00 am",0,0.288683
"Sep 27, 07:00 am",0,0.288683
"Sep 27, 08:00 am",0,0.288683
"Sep 27, 09:00 am",0,0.288683
"Sep 27, 10:00 am",0,0.288683
"Sep 27, 11:00 am",0,0.288683
"Sep 27, 12:00 pm",0,0.288683
"Sep 27, 01:00 pm",0,0.288683
"Sep 27, 02:00 pm",0,0.288683
"Sep 27, 03:00 pm",0,0.288683
"Sep 27, 04:00 pm",0,0.288683
"Sep 27, 05:00 pm",0,0.288683
"Sep 27, 06:00 pm",0,0.288683
"Sep 27, 07:00 pm",0,0.288683
"Sep 27, 08:00 pm",0,0.288683
"Sep 27, 09:00 pm",0,0.288683
"Sep 27, 10:00 pm",0,0.288683
"Sep 27, 11:00 pm",0,0.288683
"Sep 28, 12:00 am",0,0.288683
"Sep 28, 01:00 am",0,0.288683
"Sep 28, 02:00 am",0,0.288683
"Sep 28, 03:00 am",0,0.288683
"Sep 28, 04:00 am",0,0.288683
"Sep 28, 05:00 am",0,0.288683
"Sep 28, 06:00 am",0,0.288683
"Sep 28, 07:00 am",0,0.288683
"Sep 28, 08:00 am",1897.6,1.31908
"Sep 28, 09:00 am",3564.58,1.7321
"Sep 28, 10:00 am",3563.17,1.7321
"Sep 28, 11:00 am",3563.53,1.7321
"Sep 28, 12:00 pm",3563.7,1.7321
"Sep 28, 01:00 pm",3563.72,1.7321
"Sep 28, 02:00 pm",3563.74,1.7321
"Sep 28, 03:00 pm",3563.33,1.7321
"Sep 28, 04:00 pm",24.9571,0.288683
"Sep 28, 05:00 pm",0,0.288683
"Sep 28, 06:00 pm",0,0.288683
"Sep 28, 07:00 pm",0,0.288683
"Sep 28, 08:00 pm",0,0.288683
"Sep 28, 09:00 pm",0,0.288683
"Sep 28, 10:00 pm",0,0.288683
"Sep 28, 11:00 pm",0,0.288683
"Sep 29, 12:00 am",0,0.288683
"Sep 29, 01:00 am",0,0.288683
"Sep 29, 02:00 am",0,0.288683
"Sep 29, 03:00 am",0,0.288683
"Sep 29, 04:00 am",0,0.288683
"Sep 29, 05:00 am",0,0.288683
"Sep 29, 06:00 am",0,0.288683
"Sep 29, 07:00 am",0,0.288683
"Sep 29, 08:00 am",1646.2,0.933175
"Sep 29, 09:00 am",3564.3,1.7321
"Sep 29, 10:00 am",28.1275,0.288683
"Sep 29, 11:00 am",0,0.288683
"Sep 29, 12:00 pm",0,0.288683
"Sep 29, 01:00 pm",0,0.288683
"Sep 29, 02:00 pm",0,0.288683
"Sep 29, 03:00 pm",0,0.288683
"Sep 29, 04:00 pm",0,0.288683
"Sep 29, 05:00 pm",0,0.288683
"Sep 29, 06:00 pm",0,0.288683
"Sep 29, 07:00 pm",0,0.288683
"Sep 29, 08:00 pm",0,0.288683
"Sep 29, 09:00 pm",0,0.288683
"Sep 29, 10:00 pm",0,0.288683
"Sep 29, 11:00 pm",0,0.288683
"Sep 30, 12:00 am",0,0.288683
"Sep 30, 01:00 am",0,0.288683
"Sep 30, 02:00 am",0,0.288683
"Sep 30, 03:00 am",0,0.288683
"Sep 30, 04:00 am",0,0.288683
"Sep 30, 05:00 am",0,0.288683
"Sep 30, 06:00 am",0,0.288683
"Sep 30, 07:00 am",0,0.288683
"Sep 30, 08:00 am",1961.84,1.3591
"Sep 30, 09:00 am",3564.71,1.7321
"Sep 30, 10:00 am",3563.18,1.7321
"Sep 30, 11:00 am",3563.51,1.7321
"Sep 30, 12:00 pm",3563.71,1.7321
"Sep 30, 01:00 pm",3563.73,1.7321
"Sep 30, 02:00 pm",3563.75,1.7321
"Sep 30, 03:00 pm",3563.32,1.7321
"Sep 30, 04:00 pm",3565.23,1.7321
"Sep 30, 05:00 pm",22.4437,0.288683
"Sep 30, 06:00 pm",0,0.288683
"Sep 30, 07:00 pm",0,0.288683
"Sep 30, 08:00 pm",0,0.288683
"Sep 30, 09:00 pm",0,0.288683
"Sep 30, 10:00 pm",0,0.288683
"Sep 30, 11:00 pm",0,0.288683
"Oct 1, 12:00 am",0,0.288683
"Oct 1, 01:00 am",0,0.288683
"Oct 1, 02:00 am",0,0.288683
"Oct 1, 03:00 am",0,0.288683
"Oct 1, 04:00 am",0,0.288683
"Oct 1, 05:00 am",0,0.288683
"Oct 1, 06:00 am",0,0.288683
"Oct 1, 07:00 am",0,0.288683
"Oct 1, 08:00 am",0,0.288683
"Oct 1, 09:00 am",0,0.288683
"Oct 1, 10:00 am",0,0.288683
"Oct 1, 11:00 am",0,0.288683
"Oct 1, 12:00 pm",0,0.288683
"Oct 1, 01:00 pm",0,0.288683
"Oct 1, 02:00 pm",0,0.288683
"Oct 1, 03:00 pm",0,0.288683
"Oct 1, 04:00 pm",0,0.288683
"Oct 1, 05:00 pm",0,0.288683
"Oct 1, 06:00 pm",0,0.288683
"Oct 1, 07:00 pm",0,0.288683
"Oct 1, 08:00 pm",0,0.288683
"Oct 1, 09:00 pm",0,0.288683
"Oct 1, 10:00 pm",0,0.288683
"Oct 1, 11:00 pm",0,0.288683
"Oct 2, 12:00 am",0,0.288683
"Oct 2, 01:00 am",0,0.288683
"Oct 2, 02:00 am",0,0.288683
"Oct 2, 03:00 am",0,0.288683
"Oct 2, 04:00 am",0,0.288683
"Oct 2, 05:00 am",0,0.288683
"Oct 2, 06:00 am",0,0.288683
"Oct 2, 07:00 am",0,0.288683
"Oct 2, 08:00 am",0,0.288683
"Oct 2, 09:00 am",0,0.288683
"Oct 2, 10:00 am",0,0.288683
"Oct 2, 11:00 am",0,0.288683
"Oct 2, 12:00 pm",0,0.288683
"Oct 2, 01:00 pm",0,0.288683
"Oct 2, 02:00 pm",0,0.288683
"Oct 2, 03:00 pm",0,0.288683
"Oct 2, 04:00 pm",0,0.288683
"Oct 2, 05:00 pm",0,0.288683
"Oct 2, 06:00 pm",0,0.288683
"Oct 2, 07:00 pm",0,0.288683
"Oct 2, 08:00 pm",0,0.288683
"Oct 2, 09:00 pm",0,0.288683
"Oct 2, 10:00 pm",0,0.288683
"Oct 2, 11:00 pm",0,0.288683
"Oct 3, 12:00 am",0,0.288683
"Oct 3, 01:00 am",0,0.288683
"Oct 3, 02:00 am",0,0.288683
"Oct 3, 03:00 am",0,0.288683
"Oct 3, 04:00 am",0,0.288683
"Oct 3, 05:00 am",0,0.288683
"Oct 3, 06:00 am",0,0.288683
"Oct 3, 07:00 am",0,0.288683
"Oct 3, 08:00 am",1988.88,1.37453
"Oct 3, 09:00 am",3564.59,1.7321
"Oct 3, 10:00 am",3563.06,1.7321
"Oct 3, 11:00 am",3563.28,1.7321
"Oct 3, 12:00 pm",3563.46,1.7321
"Oct 3, 01:00 pm",32.8423,0.288683
"Oct 3, 02:00 pm",28.3744,0.288683
"Oct 3, 03:00 pm",0,0.288683
"Oct 3, 04:00 pm",0,0.288683
"Oct 3, 05:00 pm",0,0.288683
"Oct 3, 06:00 pm",0,0.288683
"Oct 3, 07:00 pm",0,0.288683
"Oct 3, 08:00 pm",0,0.288683
"Oct 3, 09:00 pm",0,0.288683
"Oct 3, 10:00 pm",0,0.288683
"Oct 3, 11:00 pm",0,0.288683
"Oct 4, 12:00 am",0,0.288683
"Oct 4, 01:00 am",0,0.288683
"Oct 4, 02:00 am",0,0.288683
"Oct 4, 03:00 am",0,0.288683
"Oct 4, 04:00 am",0,0.288683
"Oct 4, 05:00 am",0,0.288683
"Oct 4, 06:00 am",0,0.288683
"Oct 4, 07:00 am",0,0.288683
"Oct 4, 08:00 am",2478.53,1.41033
"Oct 4, 09:00 am",3564.74,1.7321
"Oct 4, 10:00 am",3563.1,1.7321
"Oct 4, 11:00 am",3563.44,1.7321
"Oct 4, 12:00 pm",3563.75,1.7321
"Oct 4, 01:00 pm",3563.75,1.7321
"Oct 4, 02:00 pm",3563.75,1.7321
"Oct 4, 03:00 pm",3563.19,1.7321
"Oct 4, 04:00 pm",3565.16,1.7321
"Oct 4, 05:00 pm",3038.68,1.47738
"Oct 4, 06:00 pm",17.6803,0.288683
"Oct 4, 07:00 pm",0,0.288683
"Oct 4, 08:00 pm",0,0.288683
"Oct 4, 09:00 pm",0,0.288683
"Oct 4, 10:00 pm",0,0.288683
"Oct 4, 11:00 pm",0,0.288683
"Oct 5, 12:00 am",0,0.288683
"Oct 5, 01:00 am",0,0.288683
"Oct 5, 02:00 am",0,0.288683
"Oct 5, 03:00 am",0,0.288683
"Oct 5, 04:00 am",0,0.288683
"Oct 5, 05:00 am",0,0.288683
"Oct 5, 06:00 am",0,0.288683
"Oct 5, 07:00 am",0,0.288683
"Oct 5, 08:00 am",0,0.288683
"Oct 5, 09:00 am",2991.01,1.7321
"Oct 5, 10:00 am",3563.68,1.7321
"Oct 5, 11:00 am",3564.08,1.7321
"Oct 5, 12:00 pm",3564.39,1.7321
"Oct 5, 01:00 pm",3564.4,1.7321
"Oct 5, 02:00 pm",3563.93,1.7321
"Oct 5, 03:00 pm",3563.36,1.7321
"Oct 5, 04:00 pm",3565.19,1.7321
"Oct 5, 05:00 pm",3117.19,1.51571
"Oct 5, 06:00 pm",18.1953,0.288683
"Oct 5, 07:00 pm",0,0.288683
"Oct 5, 08:00 pm",0,0.288683
"Oct 5, 09:00 pm",0,0.288683
"Oct 5, 10:00 pm",0,0.288683
"Oct 5, 11:00 pm",0,0.288683
"Oct 6, 12:00 am",0,0.288683
"Oct 6, 01:00 am",0,0.288683
"Oct 6, 02:00 am",0,0.288683
"Oct 6, 03:00 am",0,0.288683
"Oct 6, 04:00 am",0,0.288683
"Oct 6, 05:00 am",0,0.288683
"Oct 6, 06:00 am",0,0.288683
"Oct 6, 07:00 am",0,0.288683
"Oct 6, 08:00 am",0,0.288683
"Oct 6, 09:00 am",0,0.288683
"Oct 6, 10:00 am",2450.83,1.25094
"Oct 6, 11:00 am",3563.76,1.7321
"Oct 6, 12:00 pm",3563.87,1.7321
"Oct 6, 01:00 pm",33.3407,0.288683
"Oct 6, 02:00 pm",28.2885,0.288683
"Oct 6, 03:00 pm",0,0.288683
"Oct 6, 04:00 pm",3005.61,1.7321
"Oct 6, 05:00 pm",3087.07,1.50103
"Oct 6, 06:00 pm",17.6803,0.288683
"Oct 6, 07:00 pm",0,0.288683
"Oct 6, 08:00 pm",0,0.288683
"Oct 6, 09:00 pm",0,0.288683
"Oct 6, 10:00 pm",0,0.288683
"Oct 6, 11:00 pm",0,0.288683
"Oct 7, 12:00 am",0,0.288683
"Oct 7, 01:00 am",0,0.288683
"Oct 7, 02:00 am",0,0.288683
"Oct 7, 03:00 am",0,0.288683
"Oct 7, 04:00 am",0,0.288683
"Oct 7, 05:00 am",0,0.288683
"Oct 7, 06:00 am",0,0.288683
"Oct 7, 07:00 am",0,0.288683
"Oct 7, 08:00 am",0,0.288683
"Oct 7, 09:00 am",0,0.288683
"Oct 7, 10:00 am",0,0.288683
"Oct 7, 11:00 am",0,0.288683
"Oct 7, 12:00 pm",2983.96,1.49151
"Oct 7, 01:00 pm",3564.08,1.7321
"Oct 7, 02:00 pm",3563.73,1.7321
"Oct 7, 03:00 pm",3563.29,1.7321
"Oct 7, 04:00 pm",3565.19,1.7321
"Oct 7, 05:00 pm",3212.16,1.56207
"Oct 7, 06:00 pm",18.1788,0.288683
"Oct 7, 07:00 pm",0,0.288683
"Oct 7, 08:00 pm",0,0.288683
"Oct 7, 09:00 pm",0,0.288683
"Oct 7, 10:00 pm",0,0.288683
"Oct 7, 11:00 pm",0,0.288683
"Oct 8, 12:00 am",0,0.288683
"Oct 8, 01:00 am",0,0.288683
"Oct 8, 02:00 am",0,0.288683
"Oct 8, 03:00 am",0,0.288683
"Oct 8, 04:00 am",0,0.288683
"Oct 8, 05:00 am",0,0.288683
"Oct 8, 06:00 am",0,0.288683
"Oct 8, 07:00 am",0,0.288683
"Oct 8, 08:00 am",3340.67,1.62479
"Oct 8, 09:00 am",3564.6,1.7321
"Oct 8, 10:00 am",3563.67,1.7321
"Oct 8, 11:00 am",3564.34,1.7321
"Oct 8, 12:00 pm",3564.71,1.7321
"Oct 8, 01:00 pm",3564.73,1.7321
"Oct 8, 02:00 pm",3564.2,1.7321
"Oct 8, 03:00 pm",3563.55,1.7321
"Oct 8, 04:00 pm",3565.11,1.7321
"Oct 8, 05:00 pm",3293.26,1.60133
"Oct 8, 06:00 pm",19.765,0.288683
"Oct 8, 07:00 pm",0,0.288683
"Oct 8, 08:00 pm",0,0.288683
"Oct 8, 09:00 pm",0,0.288683
"Oct 8, 10:00 pm",0,0.288683
"Oct 8, 11:00 pm",0,0.288683
"Oct 9, 12:00 am",0,0.288683
"Oct 9, 01:00 am",0,0.288683
"Oct 9, 02:00 am",0,0.288683
"Oct 9, 03:00 am",0,0.288683
"Oct 9, 04:00 am",0,0.288683
"Oct 9, 05:00 am",0,0.288683
"Oct 9, 06:00 am",0,0.288683
"Oct 9, 07:00 am",0,0.288683
"Oct 9, 08:00 am",3289.13,1.59988
"Oct 9, 09:00 am",3564.98,1.7321
"Oct 9, 10:00 am",3563.42,1.7321
"Oct 9, 11:00 am",3563.97,1.7321
"Oct 9, 12:00 pm",3564.34,1.7321
"Oct 9, 01:00 pm",3564.34,1.7321
"Oct 9, 02:00 pm",3563.92,1.7321
"Oct 9, 03:00 pm",3563.43,1.7321
"Oct 9, 04:00 pm",3565.23,1.7321
"Oct 9, 05:00 pm",3270.58,1.59038
"Oct 9, 06:00 pm",21.292,0.288683
"Oct 9, 07:00 pm",0,0.288683
"Oct 9, 08:00 pm",0,0.288683
"Oct 9, 09:00 pm",0,0.288683
"Oct 9, 10:00 pm",0,0.288683
"Oct 9, 11:00 pm",0,0.288683
"Oct 10, 12:00 am",0,0.288683
"Oct 10, 01:00 am",0,0.288683
"Oct 10, 02:00 am",0,0.288683
"Oct 10, 03:00 am",0,0.288683
"Oct 10, 04:00 am",0,0.288683
"Oct 10, 05:00 am",0,0.288683
"Oct 10, 06:00 am",0,0.288683
"Oct 10, 07:00 am",0,0.288683
"Oct 10, 08:00 am",2308.57,1.21444
"Oct 10, 09:00 am",3564.5,1.7321
"Oct 10, 10:00 am",3563.64,1.7321
"Oct 10, 11:00 am",3564.28,1.7321
"Oct 10, 12:00 pm",3564.62,1.7321
"Oct 10, 01:00 pm",74.3449,0.288683
"Oct 10, 02:00 pm",3562.73,1.7321
"Oct 10, 03:00 pm",3563.44,1.7321
"Oct 10, 04:00 pm",3565.19,1.7321
"Oct 10, 05:00 pm",3276.86,1.59342
"Oct 10, 06:00 pm",22.6136,0.288683
"Oct 10, 07:00 pm",0,0.288683
"Oct 10, 08:00 pm",0,0.288683
"Oct 10, 09:00 pm",0,0.288683
"Oct 10, 10:00 pm",0,0.288683
"Oct 10, 11:00 pm",0,0.288683
"Oct 11, 12:00 am",0,0.288683
"Oct 11, 01:00 am",0,0.288683
"Oct 11, 02:00 am",0,0.288683
"Oct 11, 03:00 am",0,0.288683
"Oct 11, 04:00 am",0,0.288683
"Oct 11, 05:00 am",0,0.288683
"Oct 11, 06:00 am",0,0.288683
"Oct 11, 07:00 am",0,0.288683
"Oct 11, 08:00 am",0,0.288683
"Oct 11, 09:00 am",0,0.288683
"Oct 11, 10:00 am",0,0.288683
"Oct 11, 11:00 am",0,0.288683
"Oct 11, 12:00 pm",2993.02,1.49151
"Oct 11, 01:00 pm",3564.49,1.7321
"Oct 11, 02:00 pm",3564.05,1.7321
"Oct 11, 03:00 pm",3563.41,1.7321
"Oct 11, 04:00 pm",3564.95,1.7321
"Oct 11, 05:00 pm",3341.99,1.62492
"Oct 11, 06:00 pm",23.6308,0.288683
"Oct 11, 07:00 pm",0,0.288683
"Oct 11, 08:00 pm",0,0.288683
"Oct 11, 09:00 pm",0,0.288683
"Oct 11, 10:00 pm",0,0.288683
"Oct 11, 11:00 pm",0,0.288683
"Oct 12, 12:00 am",0,0.288683
"Oct 12, 01:00 am",0,0.288683
"Oct 12, 02:00 am",0,0.288683
"Oct 12, 03:00 am",0,0.288683
"Oct 12, 04:00 am",0,0.288683
"Oct 12, 05:00 am",0,0.288683
"Oct 12, 06:00 am",0,0.288683
"Oct 12, 07:00 am",0,0.288683
"Oct 12, 08:00 am",2410.2,1.25094
"Oct 12, 09:00 am",3564.36,1.7321
"Oct 12, 10:00 am",3563.57,1.7321
"Oct 12, 11:00 am",3564.19,1.7321
"Oct 12, 12:00 pm",3564.62,1.7321
"Oct 12, 01:00 pm",3564.64,1.7321
"Oct 12, 02:00 pm",3564.13,1.7321
"Oct 12, 03:00 pm",3563.46,1.7321
"Oct 12, 04:00 pm",3564.91,1.7321
"Oct 12, 05:00 pm",3363.26,1.6352
"Oct 12, 06:00 pm",25.6045,0.288683
"Oct 12, 07:00 pm",0,0.288683
"Oct 12, 08:00 pm",0,0.288683
"Oct 12, 09:00 pm",0,0.288683
"Oct 12, 10:00 pm",0,0.288683
"Oct 12, 11:00 pm",0,0.288683
"Oct 13, 12:00 am",0,0.288683
"Oct 13, 01:00 am",0,0.288683
"Oct 13, 02:00 am",0,0.288683
"Oct 13, 03:00 am",0,0.288683
"Oct 13, 04:00 am",0,0.288683
"Oct 13, 05:00 am",0,0.288683
"Oct 13, 06:00 am",0,0.288683
"Oct 13, 07:00 am",0,0.288683
"Oct 13, 08:00 am",0,0.288683
"Oct 13, 09:00 am",0,0.288683
"Oct 13, 10:00 am",2973.53,1.49151
"Oct 13, 11:00 am",3564.4,1.7321
"Oct 13, 12:00 pm",3564.79,1.7321
"Oct 13, 01:00 pm",3564.8,1.7321
"Oct 13, 02:00 pm",3564.27,1.7321
"Oct 13, 03:00 pm",3563.56,1.7321
"Oct 13, 04:00 pm",3564.64,1.7321
"Oct 13, 05:00 pm",3421.14,1.66324
"Oct 13, 06:00 pm",27.2908,0.288683
"Oct 13, 07:00 pm",0,0.288683
"Oct 13, 08:00 pm",0,0.288683
"Oct 13, 09:00 pm",0,0.288683
"Oct 13, 10:00 pm",0,0.288683
"Oct 13, 11:00 pm",0,0.288683
"Oct 14, 12:00 am",0,0.288683
"Oct 14, 01:00 am",0,0.288683
"Oct 14, 02:00 am",0,0.288683
"Oct 14, 03:00 am",0,0.288683
"Oct 14, 04:00 am",0,0.288683
"Oct 14, 05:00 am",0,0.288683
"Oct 14, 06:00 am",0,0.288683
"Oct 14, 07:00 am",0,0.288683
"Oct 14, 08:00 am",2374.52,1.64697
"Oct 14, 09:00 am",3562.51,1.7321
"Oct 14, 10:00 am",3564,1.7321
"Oct 14, 11:00 am",3564.82,1.7321
"Oct 14, 12:00 pm",3565.34,1.7321
"Oct 14, 01:00 pm",3565.33,1.7321
"Oct 14, 02:00 pm",3564.55,1.7321
"Oct 14, 03:00 pm",3563.73,1.7321
"Oct 14, 04:00 pm",3564.42,1.7321
"Oct 14, 05:00 pm",3457.24,1.68204
"Oct 14, 06:00 pm",29.2974,0.288683
"Oct 14, 07:00 pm",0,0.288683
"Oct 14, 08:00 pm",0,0.288683
"Oct 14, 09:00 pm",0,0.288683
"Oct 14, 10:00 pm",0,0.288683
"Oct 14, 11:00 pm",0,0.288683
"Oct 15, 12:00 am",0,0.288683
"Oct 15, 01:00 am",0,0.288683
"Oct 15, 02:00 am",0,0.288683
"Oct 15, 03:00 am",0,0.288683
"Oct 15, 04:00 am",0,0.288683
"Oct 15, 05:00 am",0,0.288683
"Oct 15, 06:00 am",0,0.288683
"Oct 15, 07:00 am",0,0.288683
"Oct 15, 08:00 am",0,0.288683
"Oct 15, 09:00 am",0,0.288683
"Oct 15, 10:00 am",0,0.288683
"Oct 15, 11:00 am",0,0.288683
"Oct 15, 12:00 pm",0,0.288683
"Oct 15, 01:00 pm",0,0.288683
"Oct 15, 02:00 pm",0,0.288683
"Oct 15, 03:00 pm",0,0.288683
"Oct 15, 04:00 pm",0,0.288683
"Oct 15, 05:00 pm",0,0.288683
"Oct 15, 06:00 pm",0,0.288683
"Oct 15, 07:00 pm",0,0.288683
"Oct 15, 08:00 pm",0,0.288683
"Oct 15, 09:00 pm",0,0.288683
"Oct 15, 10:00 pm",0,0.288683
"Oct 15, 11:00 pm",0,0.288683
"Oct 16, 12:00 am",0,0.288683
"Oct 16, 01:00 am",0,0.288683
"Oct 16, 02:00 am",0,0.288683
"Oct 16, 03:00 am",0,0.288683
"Oct 16, 04:00 am",0,0.288683
"Oct 16, 05:00 am",0,0.288683
"Oct 16, 06:00 am",0,0.288683
"Oct 16, 07:00 am",0,0.288683
"Oct 16, 08:00 am",2373.38,1.25094
"Oct 16, 09:00 am",3567.08,1.7321
"Oct 16, 10:00 am",3564.36,1.7321
"Oct 16, 11:00 am",3564.93,1.7321
"Oct 16, 12:00 pm",3565.65,1.7321
"Oct 16, 01:00 pm",3565.71,1.7321
"Oct 16, 02:00 pm",3564.81,1.7321
"Oct 16, 03:00 pm",3563.85,1.7321
"Oct 16, 04:00 pm",3564.16,1.7321
"Oct 16, 05:00 pm",3513.52,1.7083
"Oct 16, 06:00 pm",33.6215,0.288683
"Oct 16, 07:00 pm",15.7358,0.288683
"Oct 16, 08:00 pm",0,0.288683
"Oct 16, 09:00 pm",0,0.288683
"Oct 16, 10:00 pm",0,0.288683
"Oct 16, 11:00 pm",0,0.288683
"Oct 17, 12:00 am",0,0.288683
"Oct 17, 01:00 am",0,0.288683
"Oct 17, 02:00 am",0,0.288683
"Oct 17, 03:00 am",0,0.288683
"Oct 17, 04:00 am",0,0.288683
"Oct 17, 05:00 am",0,0.288683
"Oct 17, 06:00 am",0,0.288683
"Oct 17, 07:00 am",0,0.288683
"Oct 17, 08:00 am",2392.06,1.25094
"Oct 17, 09:00 am",24.0868,0.288683
"Oct 17, 10:00 am",0,0.288683
"Oct 17, 11:00 am",0,0.288683
"Oct 17, 12:00 pm",0,0.288683
"Oct 17, 01:00 pm",0,0.288683
"Oct 17, 02:00 pm",0,0.288683
"Oct 17, 03:00 pm",0,0.288683
"Oct 17, 04:00 pm",0,0.288683
"Oct 17, 05:00 pm",0,0.288683
"Oct 17, 06:00 pm",0,0.288683
"Oct 17, 07:00 pm",0,0.288683
"Oct 17, 08:00 pm",0,0.288683
"Oct 17, 09:00 pm",0,0.288683
"Oct 17, 10:00 pm",0,0.288683
"Oct 17, 11:00 pm",0,0.288683
"Oct 18, 12:00 am",0,0.288683
"Oct 18, 01:00 am",0,0.288683
"Oct 18, 02:00 am",0,0.288683
"Oct 18, 03:00 am",0,0.288683
"Oct 18, 04:00 am",0,0.288683
"Oct 18, 05:00 am",0,0.288683
"Oct 18, 06:00 am",0,0.288683
"Oct 18, 07:00 am",0,0.288683
"Oct 18, 08:00 am",2968.92,1.69917
"Oct 18, 09:00 am",3560.18,1.7321
"Oct 18, 10:00 am",3564.34,1.7321
"Oct 18, 11:00 am",3565.36,1.7321
"Oct 18, 12:00 pm",3566.44,1.7321
"Oct 18, 01:00 pm",3566.07,1.7321
"Oct 18, 02:00 pm",3565.08,1.7321
"Oct 18, 03:00 pm",3564.03,1.7321
"Oct 18, 04:00 pm",3564.02,1.7321
"Oct 18, 05:00 pm",3558.95,1.7321
"Oct 18, 06:00 pm",69.1145,0.288683
"Oct 18, 07:00 pm",17.0956,0.288683
"Oct 18, 08:00 pm",0,0.288683
"Oct 18, 09:00 pm",0,0.288683
"Oct 18, 10:00 pm",0,0.288683
"Oct 18, 11:00 pm",0,0.288683
"Oct 19, 12:00 am",0,0.288683
"Oct 19, 01:00 am",0,0.288683
"Oct 19, 02:00 am",0,0.288683
"Oct 19, 03:00 am",0,0.288683
"Oct 19, 04:00 am",0,0.288683
"Oct 19, 05:00 am",0,0.288683
"Oct 19, 06:00 am",0,0.288683
"Oct 19, 07:00 am",0,0.417271
"Oct 19, 08:00 am",2966.85,1.70091
"Oct 19, 09:00 am",3559.84,1.7321
"Oct 19, 10:00 am",3564.38,1.7321
"Oct 19, 11:00 am",3565.3,1.7321
"Oct 19, 12:00 pm",3566.28,1.7321
"Oct 19, 01:00 pm",3565.79,1.7321
"Oct 19, 02:00 pm",3564.95,1.7321
"Oct 19, 03:00 pm",3563.97,1.7321
"Oct 19, 04:00 pm",3563.96,1.7321
"Oct 19, 05:00 pm",3546.36,1.72396
"Oct 19, 06:00 pm",89.0287,0.288683
"Oct 19, 07:00 pm",17.4317,0.288683
"Oct 19, 08:00 pm",0,0.288683
"Oct 19, 09:00 pm",0,0.288683
"Oct 19, 10:00 pm",0,0.288683
"Oct 19, 11:00 pm",0,0.288683
"Oct 20, 12:00 am",0,0.288683
"Oct 20, 01:00 am",0,0.288683
"Oct 20, 02:00 am",0,0.288683
"Oct 20, 03:00 am",0,0.288683
"Oct 20, 04:00 am",0,0.288683
"Oct 20, 05:00 am",0,0.288683
"Oct 20, 06:00 am",0,0.288683
"Oct 20, 07:00 am",0,0.412912
"Oct 20, 08:00 am",2965.63,1.69477
"Oct 20, 09:00 am",3564.57,1.7321
"Oct 20, 10:00 am",3563.8,1.7321
"Oct 20, 11:00 am",3564.55,1.7321
"Oct 20, 12:00 pm",3565.18,1.7321
"Oct 20, 01:00 pm",3565.17,1.7321
"Oct 20, 02:00 pm",3564.48,1.7321
"Oct 20, 03:00 pm",3563.66,1.7321
"Oct 20, 04:00 pm",3564.35,1.7321
"Oct 20, 05:00 pm",3523.17,1.71288
"Oct 20, 06:00 pm",98.3997,0.288683
"Oct 20, 07:00 pm",16.5545,0.288683
"Oct 20, 08:00 pm",0,0.288683
"Oct 20, 09:00 pm",0,0.288683
"Oct 20, 10:00 pm",0,0.288683
"Oct 20, 11:00 pm",0,0.288683
"Oct 21, 12:00 am",0,0.288683
"Oct 21, 01:00 am",0,0.288683
"Oct 21, 02:00 am",0,0.288683
"Oct 21, 03:00 am",0,0.288683
"Oct 21, 04:00 am",0,0.288683
"Oct 21, 05:00 am",0,0.288683
"Oct 21, 06:00 am",0,0.288683
"Oct 21, 07:00 am",0,0.288683
"Oct 21, 08:00 am",0,0.288683
"Oct 21, 09:00 am",2442.76,1.25094
"Oct 21, 10:00 am",3564.25,1.7321
"Oct 21, 11:00 am",3564.82,1.7321
"Oct 21, 12:00 pm",188.445,0.288683
"Oct 21, 01:00 pm",151.575,0.288683
"Oct 21, 02:00 pm",74.1607,0.288683
"Oct 21, 03:00 pm",3562.41,1.7321
"Oct 21, 04:00 pm",3564.25,1.7321
"Oct 21, 05:00 pm",3544.42,1.72306
"Oct 21, 06:00 pm",120.741,0.288683
"Oct 21, 07:00 pm",16.9046,0.288683
"Oct 21, 08:00 pm",0,0.288683
"Oct 21, 09:00 pm",0,0.288683
"Oct 21, 10:00 pm",0,0.288683
"Oct 21, 11:00 pm",0,0.288683
"Oct 22, 12:00 am",0,0.288683
"Oct 22, 01:00 am",0,0.288683
"Oct 22, 02:00 am",0,0.288683
"Oct 22, 03:00 am",0,0.288683
"Oct 22, 04:00 am",0,0.288683
"Oct 22, 05:00 am",0,0.288683
"Oct 22, 06:00 am",0,0.288683
"Oct 22, 07:00 am",0,0.288683
"Oct 22, 08:00 am",0,0.288683
"Oct 22, 09:00 am",2449.54,1.25094
"Oct 22, 10:00 am",3564.99,1.7321
"Oct 22, 11:00 am",3566.76,1.7321
"Oct 22, 12:00 pm",225.597,0.288683
"Oct 22, 01:00 pm",182.241,0.288683
"Oct 22, 02:00 pm",94.1043,0.288683
"Oct 22, 03:00 pm",26.1537,0.288683
"Oct 22, 04:00 pm",0,0.288683
"Oct 22, 05:00 pm",0,0.288683
"Oct 22, 06:00 pm",0,0.288683
"Oct 22, 07:00 pm",0,0.288683
"Oct 22, 08:00 pm",0,0.288683
"Oct 22, 09:00 pm",0,0.288683
"Oct 22, 10:00 pm",0,0.288683
"Oct 22, 11:00 pm",0,0.288683
"Oct 23, 12:00 am",0,0.288683
"Oct 23, 01:00 am",0,0.288683
"Oct 23, 02:00 am",0,0.288683
"Oct 23, 03:00 am",0,0.288683
"Oct 23, 04:00 am",0,0.288683
"Oct 23, 05:00 am",0,0.288683
"Oct 23, 06:00 am",0,0.288683
"Oct 23, 07:00 am",0,0.435075
"Oct 23, 08:00 am",3008.03,1.70853
"Oct 23, 09:00 am",3563.19,1.7321
"Oct 23, 10:00 am",3564.31,1.7321
"Oct 23, 11:00 am",3565.21,1.7321
"Oct 23, 12:00 pm",3566.47,1.7321
"Oct 23, 01:00 pm",3566.09,1.7321
"Oct 23, 02:00 pm",3565.01,1.7321
"Oct 23, 03:00 pm",3563.9,1.7321
"Oct 23, 04:00 pm",3563.31,1.7321
"Oct 23, 05:00 pm",3560.46,1.7321
"Oct 23, 06:00 pm",169.263,0.288683
"Oct 23, 07:00 pm",16.4692,0.288683
"Oct 23, 08:00 pm",0,0.288683
"Oct 23, 09:00 pm",0,0.288683
"Oct 23, 10:00 pm",0,0.288683
"Oct 23, 11:00 pm",0,0.288683
"Oct 24, 12:00 am",0,0.288683
"Oct 24, 01:00 am",0,0.288683
"Oct 24, 02:00 am",0,0.288683
"Oct 24, 03:00 am",0,0.288683
"Oct 24, 04:00 am",0,0.288683
"Oct 24, 05:00 am",0,0.288683
"Oct 24, 06:00 am",0,0.288683
"Oct 24, 07:00 am",0,0.288683
"Oct 24, 08:00 am",0,0.288683
"Oct 24, 09:00 am",0,0.288683
"Oct 24, 10:00 am",0,0.288683
"Oct 24, 11:00 am",0,0.288683
"Oct 24, 12:00 pm",0,0.288683
"Oct 24, 01:00 pm",0,0.288683
"Oct 24, 02:00 pm",0,0.288683
"Oct 24, 03:00 pm",0,0.288683
"Oct 24, 04:00 pm",0,0.288683
"Oct 24, 05:00 pm",0,0.288683
"Oct 24, 06:00 pm",0,0.288683
"Oct 24, 07:00 pm",0,0.288683
"Oct 24, 08:00 pm",0,0.288683
"Oct 24, 09:00 pm",0,0.288683
"Oct 24, 10:00 pm",0,0.288683
"Oct 24, 11:00 pm",0,0.288683
"Oct 25, 12:00 am",0,0.288683
"Oct 25, 01:00 am",0,0.288683
"Oct 25, 02:00 am",0,0.288683
"Oct 25, 03:00 am",0,0.288683
"Oct 25, 04:00 am",0,0.288683
"Oct 25, 05:00 am",0,0.288683
"Oct 25, 06:00 am",0,0.288683
"Oct 25, 07:00 am",0,0.288683
"Oct 25, 08:00 am",0,0.288683
"Oct 25, 09:00 am",0,0.288683
"Oct 25, 10:00 am",0,0.288683
"Oct 25, 11:00 am",0,0.288683
"Oct 25, 12:00 pm",0,0.288683
"Oct 25, 01:00 pm",0,0.288683
"Oct 25, 02:00 pm",0,0.288683
"Oct 25, 03:00 pm",0,0.288683
"Oct 25, 04:00 pm",2978.83,1.7321
"Oct 25, 05:00 pm",3563.05,1.7321
"Oct 25, 06:00 pm",221.257,0.288683
"Oct 25, 07:00 pm",16.3296,0.288683
"Oct 25, 08:00 pm",0,0.288683
"Oct 25, 09:00 pm",0,0.288683
"Oct 25, 10:00 pm",0,0.288683
"Oct 25, 11:00 pm",0,0.288683
"Oct 26, 12:00 am",0,0.288683
"Oct 26, 01:00 am",0,0.288683
"Oct 26, 02:00 am",0,0.288683
"Oct 26, 03:00 am",0,0.288683
"Oct 26, 04:00 am",0,0.288683
"Oct 26, 05:00 am",0,0.288683
"Oct 26, 06:00 am",0,0.288683
"Oct 26, 07:00 am",0,0.448561
"Oct 26, 08:00 am",3562.32,1.7321
"Oct 26, 09:00 am",3563.03,1.7321
"Oct 26, 10:00 am",3564.53,1.7321
"Oct 26, 11:00 am",68.3041,0.288683
"Oct 26, 12:00 pm",79.1441,0.288683
"Oct 26, 01:00 pm",44.5049,0.288683
"Oct 26, 02:00 pm",31.7298,0.288683
"Oct 26, 03:00 pm",20.18,0.288683
"Oct 26, 04:00 pm",0,0.288683
"Oct 26, 05:00 pm",0,0.288683
"Oct 26, 06:00 pm",0,0.288683
"Oct 26, 07:00 pm",0,0.288683
"Oct 26, 08:00 pm",0,0.288683
"Oct 26, 09:00 pm",0,0.288683
"Oct 26, 10:00 pm",0,0.288683
"Oct 26, 11:00 pm",0,0.288683
"Oct 27, 12:00 am",0,0.288683
"Oct 27, 01:00 am",0,0.288683
"Oct 27, 02:00 am",0,0.288683
"Oct 27, 03:00 am",0,0.288683
"Oct 27, 04:00 am",0,0.288683
"Oct 27, 05:00 am",0,0.288683
"Oct 27, 06:00 am",0,0.288683
"Oct 27, 07:00 am",0,0.288683
"Oct 27, 08:00 am",0,0.288683
"Oct 27, 09:00 am",0,0.288683
"Oct 27, 10:00 am",0,0.288683
"Oct 27, 11:00 am",0,0.288683
"Oct 27, 12:00 pm",0,0.288683
"Oct 27, 01:00 pm",0,0.288683
"Oct 27, 02:00 pm",0,0.288683
"Oct 27, 03:00 pm",0,0.288683
"Oct 27, 04:00 pm",0,0.288683
"Oct 27, 05:00 pm",0,0.288683
"Oct 27, 06:00 pm",0,0.288683
"Oct 27, 07:00 pm",0,0.288683
"Oct 27, 08:00 pm",0,0.288683
"Oct 27, 09:00 pm",0,0.288683
"Oct 27, 10:00 pm",0,0.288683
"Oct 27, 11:00 pm",0,0.288683
"Oct 28, 12:00 am",0,0.288683
"Oct 28, 01:00 am",0,0.288683
"Oct 28, 02:00 am",0,0.288683
"Oct 28, 03:00 am",0,0.288683
"Oct 28, 04:00 am",0,0.288683
"Oct 28, 05:00 am",0,0.288683
"Oct 28, 06:00 am",0,0.288683
"Oct 28, 07:00 am",0,0.288683
"Oct 28, 08:00 am",2399.89,1.25094
"Oct 28, 09:00 am",3563.1,1.7321
"Oct 28, 10:00 am",27.4345,0.288683
"Oct 28, 11:00 am",64.1385,0.288683
"Oct 28, 12:00 pm",3565.45,1.7321
"Oct 28, 01:00 pm",3563.25,1.7321
"Oct 28, 02:00 pm",3565.66,1.7321
"Oct 28, 03:00 pm",27.1937,0.288683
"Oct 28, 04:00 pm",0,0.288683
"Oct 28, 05:00 pm",0,0.288683
"Oct 28, 06:00 pm",0,0.288683
"Oct 28, 07:00 pm",0,0.288683
"Oct 28, 08:00 pm",0,0.288683
"Oct 28, 09:00 pm",0,0.288683
"Oct 28, 10:00 pm",0,0.288683
"Oct 28, 11:00 pm",0,0.288683
"Oct 29, 12:00 am",0,0.288683
"Oct 29, 01:00 am",0,0.288683
"Oct 29, 02:00 am",0,0.288683
"Oct 29, 03:00 am",0,0.288683
"Oct 29, 04:00 am",0,0.288683
"Oct 29, 05:00 am",0,0.288683
"Oct 29, 06:00 am",0,0.288683
"Oct 29, 07:00 am",314.515,0.489148
"Oct 29, 08:00 am",3563.29,1.7321
"Oct 29, 09:00 am",3563.56,1.7321
"Oct 29, 10:00 am",3563.04,1.7321
"Oct 29, 11:00 am",3563.08,1.7321
"Oct 29, 12:00 pm",3563.11,1.7321
"Oct 29, 01:00 pm",3563.13,1.7321
"Oct 29, 02:00 pm",3563.13,1.7321
"Oct 29, 03:00 pm",3566.12,1.7321
"Oct 29, 04:00 pm",3563.37,1.7321
"Oct 29, 05:00 pm",3563.22,1.7321
"Oct 29, 06:00 pm",362.716,0.288683
"Oct 29, 07:00 pm",16.4776,0.288683
"Oct 29, 08:00 pm",0,0.288683
"Oct 29, 09:00 pm",0,0.288683
"Oct 29, 10:00 pm",0,0.288683
"Oct 29, 11:00 pm",0,0.288683
"Oct 30, 12:00 am",0,0.288683
"Oct 30, 01:00 am",0,0.288683
"Oct 30, 02:00 am",0,0.288683
"Oct 30, 03:00 am",0,0.288683
"Oct 30, 04:00 am",0,0.288683
"Oct 30, 05:00 am",0,0.288683
"Oct 30, 06:00 am",0,0.288683
"Oct 30, 07:00 am",657.419,0.607512
"Oct 30, 08:00 am",3563.15,1.7321
"Oct 30, 09:00 am",3563.46,1.7321
"Oct 30, 10:00 am",3566.47,1.7321
"Oct 30, 11:00 am",3563.32,1.7321
"Oct 30, 12:00 pm",3563.15,1.7321
"Oct 30, 01:00 pm",3563.16,1.7321
"Oct 30, 02:00 pm",3563.18,1.7321
"Oct 30, 03:00 pm",3565.35,1.7321
"Oct 30, 04:00 pm",3563.27,1.7321
"Oct 30, 05:00 pm",3563.14,1.7321
"Oct 30, 06:00 pm",399.532,0.288683
"Oct 30, 07:00 pm",16.8904,0.288683
"Oct 30, 08:00 pm",0,0.288683
"Oct 30, 09:00 pm",0,0.288683
"Oct 30, 10:00 pm",0,0.288683
"Oct 30, 11:00 pm",0,0.288683
"Oct 31, 12:00 am",0,0.288683
"Oct 31, 01:00 am",0,0.288683
"Oct 31, 02:00 am",0,0.288683
"Oct 31, 03:00 am",0,0.288683
"Oct 31, 04:00 am",0,0.288683
"Oct 31, 05:00 am",0,0.288683
"Oct 31, 06:00 am",0,0.288683
"Oct 31, 07:00 am",318.66,0.487454
"Oct 31, 08:00 am",3562.8,1.7321
"Oct 31, 09:00 am",3563.27,1.7321
"Oct 31, 10:00 am",3565.1,1.7321
"Oct 31, 11:00 am",3563.15,1.7321
"Oct 31, 12:00 pm",3563.18,1.7321
"Oct 31, 01:00 pm",3563.2,1.7321
"Oct 31, 02:00 pm",3567.25,1.7321
"Oct 31, 03:00 pm",3565.22,1.7321
"Oct 31, 04:00 pm",3563.24,1.7321
"Oct 31, 05:00 pm",3561.99,1.7321
"Oct 31, 06:00 pm",421.695,0.288683
"Oct 31, 07:00 pm",17.2526,0.288683
"Oct 31, 08:00 pm",0,0.288683
"Oct 31, 09:00 pm",0,0.288683
"Oct 31, 10:00 pm",0,0.288683
"Oct 31, 11:00 pm",0,0.288683
"Nov 1, 12:00 am",0,0.288683
"Nov 1, 01:00 am",0,0.288683
"Nov 1, 02:00 am",0,0.288683
"Nov 1, 03:00 am",0,0.288683
"Nov 1, 04:00 am",0,0.288683
"Nov 1, 05:00 am",0,0.288683
"Nov 1, 06:00 am",0,0.288683
"Nov 1, 07:00 am",647.992,0.601308
"Nov 1, 08:00 am",3562.9,1.7321
"Nov 1, 09:00 am",3563.27,1.7321
"Nov 1, 10:00 am",3565.22,1.7321
"Nov 1, 11:00 am",3563.12,1.7321
"Nov 1, 12:00 pm",3563.15,1.7321
"Nov 1, 01:00 pm",3563.18,1.7321
"Nov 1, 02:00 pm",3563.19,1.7321
"Nov 1, 03:00 pm",3564.99,1.7321
"Nov 1, 04:00 pm",3563.25,1.7321
"Nov 1, 05:00 pm",3566.37,1.7321
"Nov 1, 06:00 pm",455.676,0.288683
"Nov 1, 07:00 pm",17.5188,0.288683
"Nov 1, 08:00 pm",0,0.288683
"Nov 1, 09:00 pm",0,0.288683
"Nov 1, 10:00 pm",0,0.288683
"Nov 1, 11:00 pm",0,0.288683
"Nov 2, 12:00 am",0,0.288683
"Nov 2, 01:00 am",0,0.288683
"Nov 2, 02:00 am",0,0.288683
"Nov 2, 03:00 am",0,0.288683
"Nov 2, 04:00 am",0,0.288683
"Nov 2, 05:00 am",0,0.288683
"Nov 2, 06:00 am",0,0.288683
"Nov 2, 07:00 am",649.709,0.60212
"Nov 2, 08:00 am",3562.95,1.7321
"Nov 2, 09:00 am",3563.25,1.7321
"Nov 2, 10:00 am",3565.02,1.7321
"Nov 2, 11:00 am",3563.12,1.7321
"Nov 2, 12:00 pm",3563.15,1.7321
"Nov 2, 01:00 pm",3563.16,1.7321
"Nov 2, 02:00 pm",3566.68,1.7321
"Nov 2, 03:00 pm",3564.84,1.7321
"Nov 2, 04:00 pm",3563.19,1.7321
"Nov 2, 05:00 pm",3558.87,1.7321
"Nov 2, 06:00 pm",476.452,0.288683
"Nov 2, 07:00 pm",17.4097,0.288683
"Nov 2, 08:00 pm",0,0.288683
"Nov 2, 09:00 pm",0,0.288683
"Nov 2, 10:00 pm",0,0.288683
"Nov 2, 11:00 pm",0,0.288683
"Nov 3, 12:00 am",0,0.288683
"Nov 3, 01:00 am",0,0.288683
"Nov 3, 02:00 am",0,0.288683
"Nov 3, 03:00 am",0,0.288683
"Nov 3, 04:00 am",0,0.288683
"Nov 3, 05:00 am",0,0.288683
"Nov 3, 06:00 am",0,0.288683
"Nov 3, 07:00 am",0,0.288683
"Nov 3, 08:00 am",0,0.288683
"Nov 3, 09:00 am",0,0.288683
"Nov 3, 10:00 am",0,0.288683
"Nov 3, 11:00 am",0,0.288683
"Nov 3, 12:00 pm",0,0.288683
"Nov 3, 01:00 pm",0,0.288683
"Nov 3, 02:00 pm",0,0.288683
"Nov 3, 03:00 pm",0,0.288683
"Nov 3, 04:00 pm",0,0.288683
"Nov 3, 05:00 pm",0,0.288683
"Nov 3, 06:00 pm",0,0.288683
"Nov 3, 07:00 pm",0,0.288683
"Nov 3, 08:00 pm",0,0.288683
"Nov 3, 09:00 pm",0,0.288683
"Nov 3, 10:00 pm",0,0.288683
"Nov 3, 11:00 pm",0,0.288683
"Nov 4, 12:00 am",0,0.288683
"Nov 4, 01:00 am",0,0.288683
"Nov 4, 02:00 am",0,0.288683
"Nov 4, 03:00 am",0,0.288683
"Nov 4, 04:00 am",0,0.288683
"Nov 4, 05:00 am",0,0.288683
"Nov 4, 06:00 am",0,0.288683
"Nov 4, 07:00 am",0,0.288683
"Nov 4, 08:00 am",0,0.288683
"Nov 4, 09:00 am",0,0.288683
"Nov 4, 10:00 am",0,0.288683
"Nov 4, 11:00 am",2977.02,1.49151
"Nov 4, 12:00 pm",3563.04,1.7321
"Nov 4, 01:00 pm",3563.07,1.7321
"Nov 4, 02:00 pm",3563.09,1.7321
"Nov 4, 03:00 pm",3565,1.7321
"Nov 4, 04:00 pm",3563.2,1.7321
"Nov 4, 05:00 pm",3563.18,1.7321
"Nov 4, 06:00 pm",554.312,0.288683
"Nov 4, 07:00 pm",16.8764,0.288683
"Nov 4, 08:00 pm",0,0.288683
"Nov 4, 09:00 pm",0,0.288683
"Nov 4, 10:00 pm",0,0.288683
"Nov 4, 11:00 pm",0,0.288683
"Nov 5, 12:00 am",0,0.288683
"Nov 5, 01:00 am",0,0.288683
"Nov 5, 02:00 am",0,0.288683
"Nov 5, 03:00 am",0,0.288683
"Nov 5, 04:00 am",0,0.288683
"Nov 5, 05:00 am",0,0.288683
"Nov 5, 06:00 am",0,0.288683
"Nov 5, 07:00 am",1021.68,0.641233
"Nov 5, 08:00 am",3563.33,1.7321
"Nov 5, 09:00 am",28.6889,0.288683
"Nov 5, 10:00 am",3055.41,1.7321
"Nov 5, 11:00 am",3563.05,1.7321
"Nov 5, 12:00 pm",3563.08,1.7321
"Nov 5, 01:00 pm",410.812,0.288683
"Nov 5, 02:00 pm",205.24,0.288683
"Nov 5, 03:00 pm",3563.72,1.7321
"Nov 5, 04:00 pm",3563.23,1.7321
"Nov 5, 05:00 pm",3563.21,1.7321
"Nov 5, 06:00 pm",20.136,0.288683
"Nov 5, 07:00 pm",0,0.288683
"Nov 5, 08:00 pm",0,0.288683
"Nov 5, 09:00 pm",0,0.288683
"Nov 5, 10:00 pm",0,0.288683
"Nov 5, 11:00 pm",0,0.288683
"Nov 6, 12:00 am",0,0.288683
"Nov 6, 01:00 am",0,0.288683
"Nov 6, 02:00 am",0,0.288683
"Nov 6, 03:00 am",0,0.288683
"Nov 6, 04:00 am",0,0.288683
"Nov 6, 05:00 am",0,0.288683
"Nov 6, 06:00 am",0,0.288683
"Nov 6, 07:00 am",1008.42,0.634773
"Nov 6, 08:00 am",3563.35,1.7321
"Nov 6, 09:00 am",3563.34,1.7321
"Nov 6, 10:00 am",3565.76,1.7321
"Nov 6, 11:00 am",3563.19,1.7321
"Nov 6, 12:00 pm",3563.14,1.7321
"Nov 6, 01:00 pm",3563.16,1.7321
"Nov 6, 02:00 pm",3563.17,1.7321
"Nov 6, 03:00 pm",3565.51,1.7321
"Nov 6, 04:00 pm",3563.33,1.7321
"Nov 6, 05:00 pm",3563.31,1.7321
"Nov 6, 06:00 pm",646.153,0.314944
"Nov 6, 07:00 pm",17.72,0.288683
"Nov 6, 08:00 pm",0,0.288683
"Nov 6, 09:00 pm",0,0.288683
"Nov 6, 10:00 pm",0,0.288683
"Nov 6, 11:00 pm",0,0.288683
"Nov 7, 12:00 am",0,0.288683
"Nov 7, 01:00 am",0,0.288683
"Nov 7, 02:00 am",0,0.288683
"Nov 7, 03:00 am",0,0.288683
"Nov 7, 04:00 am",0,0.288683
"Nov 7, 05:00 am",0,0.288683
"Nov 7, 06:00 am",0,0.288683
"Nov 7, 07:00 am",0,0.288683
"Nov 7, 08:00 am",0,0.288683
"Nov 7, 09:00 am",0,0.288683
"Nov 7, 10:00 am",0,0.288683
"Nov 7, 11:00 am",0,0.288683
"Nov 7, 12:00 pm",0,0.288683
"Nov 7, 01:00 pm",0,0.288683
"Nov 7, 02:00 pm",0,0.288683
"Nov 7, 03:00 pm",0,0.288683
"Nov 7, 04:00 pm",0,0.288683
"Nov 7, 05:00 pm",0,0.288683
"Nov 7, 06:00 pm",0,0.288683
"Nov 7, 07:00 pm",0,0.288683
"Nov 7, 08:00 pm",0,0.288683
"Nov 7, 09:00 pm",0,0.288683
"Nov 7, 10:00 pm",0,0.288683
"Nov 7, 11:00 pm",0,0.288683
"Nov 8, 12:00 am",0,0.288683
"Nov 8, 01:00 am",0,0.288683
"Nov 8, 02:00 am",0,0.288683
"Nov 8, 03:00 am",0,0.288683
"Nov 8, 04:00 am",0,0.288683
"Nov 8, 05:00 am",0,0.288683
"Nov 8, 06:00 am",0,0.288683
"Nov 8, 07:00 am",0,0.288683
"Nov 8, 08:00 am",0,0.288683
"Nov 8, 09:00 am",0,0.288683
"Nov 8, 10:00 am",0,0.288683
"Nov 8, 11:00 am",0,0.288683
"Nov 8, 12:00 pm",0,0.288683
"Nov 8, 01:00 pm",0,0.288683
"Nov 8, 02:00 pm",0,0.288683
"Nov 8, 03:00 pm",0,0.288683
"Nov 8, 04:00 pm",2986.37,1.7321
"Nov 8, 05:00 pm",3563.42,1.7321
"Nov 8, 06:00 pm",714.069,0.348073
"Nov 8, 07:00 pm",16.2518,0.288683
"Nov 8, 08:00 pm",0,0.288683
"Nov 8, 09:00 pm",0,0.288683
"Nov 8, 10:00 pm",0,0.288683
"Nov 8, 11:00 pm",0,0.288683
"Nov 9, 12:00 am",0,0.288683
"Nov 9, 01:00 am",0,0.288683
"Nov 9, 02:00 am",0,0.288683
"Nov 9, 03:00 am",0,0.288683
"Nov 9, 04:00 am",0,0.288683
"Nov 9, 05:00 am",0,0.288683
"Nov 9, 06:00 am",0,0.288683
"Nov 9, 07:00 am",1147.61,0.699054
"Nov 9, 08:00 am",3563.58,1.7321
"Nov 9, 09:00 am",3563.84,1.7321
"Nov 9, 10:00 am",3562.97,1.7321
"Nov 9, 11:00 am",3563,1.7321
"Nov 9, 12:00 pm",3563.07,1.7321
"Nov 9, 01:00 pm",3563.1,1.7321
"Nov 9, 02:00 pm",3563.11,1.7321
"Nov 9, 03:00 pm",3563.11,1.7321
"Nov 9, 04:00 pm",3563.56,1.7321
"Nov 9, 05:00 pm",3563.55,1.7321
"Nov 9, 06:00 pm",801.962,0.390668
"Nov 9, 07:00 pm",17.132,0.288683
"Nov 9, 08:00 pm",0,0.288683
"Nov 9, 09:00 pm",0,0.288683
"Nov 9, 10:00 pm",0,0.288683
"Nov 9, 11:00 pm",0,0.288683
"Nov 10, 12:00 am",0,0.288683
"Nov 10, 01:00 am",0,0.288683
"Nov 10, 02:00 am",0,0.288683
"Nov 10, 03:00 am",0,0.288683
"Nov 10, 04:00 am",0,0.288683
"Nov 10, 05:00 am",0,0.288683
"Nov 10, 06:00 am",0,0.288683
"Nov 10, 07:00 am",1232.55,0.738671
"Nov 10, 08:00 am",3563.81,1.7321
"Nov 10, 09:00 am",3564.1,1.7321
"Nov 10, 10:00 am",3563.04,1.7321
"Nov 10, 11:00 am",3563.08,1.7321
"Nov 10, 12:00 pm",3563.14,1.7321
"Nov 10, 01:00 pm",3563.16,1.7321
"Nov 10, 02:00 pm",3563.16,1.7321
"Nov 10, 03:00 pm",3566.5,1.7321
"Nov 10, 04:00 pm",3563.59,1.7321
"Nov 10, 05:00 pm",3563.36,1.7321
"Nov 10, 06:00 pm",829.172,0.403867
"Nov 10, 07:00 pm",17.3139,0.288683
"Nov 10, 08:00 pm",0,0.288683
"Nov 10, 09:00 pm",0,0.288683
"Nov 10, 10:00 pm",0,0.288683
"Nov 10, 11:00 pm",0,0.288683
"Nov 11, 12:00 am",0,0.288683
"Nov 11, 01:00 am",0,0.288683
"Nov 11, 02:00 am",0,0.288683
"Nov 11, 03:00 am",0,0.288683
"Nov 11, 04:00 am",0,0.288683
"Nov 11, 05:00 am",0,0.288683
"Nov 11, 06:00 am",0,0.288683
"Nov 11, 07:00 am",1152.31,0.700802
"Nov 11, 08:00 am",3563.5,1.7321
"Nov 11, 09:00 am",3563.5,1.7321
"Nov 11, 10:00 am",3566.88,1.7321
"Nov 11, 11:00 am",3563.4,1.7321
"Nov 11, 12:00 pm",3563.13,1.7321
"Nov 11, 01:00 pm",3563.13,1.7321
"Nov 11, 02:00 pm",3563.14,1.7321
"Nov 11, 03:00 pm",3565.56,1.7321
"Nov 11, 04:00 pm",3563.36,1.7321
"Nov 11, 05:00 pm",3563.33,1.7321
"Nov 11, 06:00 pm",855.102,0.416456
"Nov 11, 07:00 pm",17.497,0.288683
"Nov 11, 08:00 pm",0,0.288683
"Nov 11, 09:00 pm",0,0.288683
"Nov 11, 10:00 pm",0,0.288683
"Nov 11, 11:00 pm",0,0.288683
"Nov 12, 12:00 am",0,0.288683
"Nov 12, 01:00 am",0,0.288683
"Nov 12, 02:00 am",0,0.288683
"Nov 12, 03:00 am",0,0.288683
"Nov 12, 04:00 am",0,0.288683
"Nov 12, 05:00 am",0,0.288683
"Nov 12, 06:00 am",0,0.288683
"Nov 12, 07:00 am",1191.21,0.718912
"Nov 12, 08:00 am",3563.63,1.7321
"Nov 12, 09:00 am",3563.6,1.7321
"Nov 12, 10:00 am",3563.07,1.7321
"Nov 12, 11:00 am",3563.11,1.7321
"Nov 12, 12:00 pm",3563.13,1.7321
"Nov 12, 01:00 pm",3563.14,1.7321
"Nov 12, 02:00 pm",3563.14,1.7321
"Nov 12, 03:00 pm",3566.07,1.7321
"Nov 12, 04:00 pm",3563.51,1.7321
"Nov 12, 05:00 pm",3563.38,1.7321
"Nov 12, 06:00 pm",903.195,0.439595
"Nov 12, 07:00 pm",17.8465,0.288683
"Nov 12, 08:00 pm",0,0.288683
"Nov 12, 09:00 pm",0,0.288683
"Nov 12, 10:00 pm",0,0.288683
"Nov 12, 11:00 pm",0,0.288683
"Nov 13, 12:00 am",0,0.288683
"Nov 13, 01:00 am",0,0.288683
"Nov 13, 02:00 am",0,0.288683
"Nov 13, 03:00 am",0,0.288683
"Nov 13, 04:00 am",0,0.288683
"Nov 13, 05:00 am",0,0.288683
"Nov 13, 06:00 am",0,0.288683
"Nov 13, 07:00 am",1231.89,0.738027
"Nov 13, 08:00 am",3563.76,1.7321
"Nov 13, 09:00 am",3563.75,1.7321
"Nov 13, 10:00 am",3563.05,1.7321
"Nov 13, 11:00 am",3563.09,1.7321
"Nov 13, 12:00 pm",3563.15,1.7321
"Nov 13, 01:00 pm",3563.15,1.7321
"Nov 13, 02:00 pm",3563.16,1.7321
"Nov 13, 03:00 pm",3566.79,1.7321
"Nov 13, 04:00 pm",3563.71,1.7321
"Nov 13, 05:00 pm",3563.43,1.7321
"Nov 13, 06:00 pm",955.113,0.464775
"Nov 13, 07:00 pm",17.7936,0.288683
"Nov 13, 08:00 pm",0,0.288683
"Nov 13, 09:00 pm",0,0.288683
"Nov 13, 10:00 pm",0,0.288683
"Nov 13, 11:00 pm",0,0.288683
"Nov 14, 12:00 am",0,0.288683
"Nov 14, 01:00 am",0,0.288683
"Nov 14, 02:00 am",0,0.288683
"Nov 14, 03:00 am",0,0.288683
"Nov 14, 04:00 am",0,0.288683
"Nov 14, 05:00 am",0,0.288683
"Nov 14, 06:00 am",0,0.288683
"Nov 14, 07:00 am",1231.84,0.737977
"Nov 14, 08:00 am",3563.76,1.7321
"Nov 14, 09:00 am",3563.7,1.7321
"Nov 14, 10:00 am",3563.04,1.7321
"Nov 14, 11:00 am",3563.07,1.7321
"Nov 14, 12:00 pm",3563.13,1.7321
"Nov 14, 01:00 pm",3563.14,1.7321
"Nov 14, 02:00 pm",3563.15,1.7321
"Nov 14, 03:00 pm",3567.13,1.7321
"Nov 14, 04:00 pm",3563.83,1.7321
"Nov 14, 05:00 pm",3563.49,1.7321
"Nov 14, 06:00 pm",1010.86,0.492066
"Nov 14, 07:00 pm",17.461,0.288683
"Nov 14, 08:00 pm",0,0.288683
"Nov 14, 09:00 pm",0,0.288683
"Nov 14, 10:00 pm",0,0.288683
"Nov 14, 11:00 pm",0,0.288683
"Nov 15, 12:00 am",0,0.288683
"Nov 15, 01:00 am",0,0.288683
"Nov 15, 02:00 am",0,0.288683
"Nov 15, 03:00 am",0,0.288683
"Nov 15, 04:00 am",0,0.288683
"Nov 15, 05:00 am",0,0.288683
"Nov 15, 06:00 am",0,0.288683
"Nov 15, 07:00 am",1274.4,0.758046
"Nov 15, 08:00 am",3563.88,1.7321
"Nov 15, 09:00 am",3563.87,1.7321
"Nov 15, 10:00 am",3563.05,1.7321
"Nov 15, 11:00 am",3563.09,1.7321
"Nov 15, 12:00 pm",3563.16,1.7321
"Nov 15, 01:00 pm",3563.17,1.7321
"Nov 15, 02:00 pm",3563.17,1.7321
"Nov 15, 03:00 pm",3563.16,1.7321
"Nov 15, 04:00 pm",3563.18,1.7321
"Nov 15, 05:00 pm",23.9798,0.288683
"Nov 15, 06:00 pm",0,0.288683
"Nov 15, 07:00 pm",0,0.288683
"Nov 15, 08:00 pm",0,0.288683
"Nov 15, 09:00 pm",0,0.288683
"Nov 15, 10:00 pm",0,0.288683
"Nov 15, 11:00 pm",0,0.288683
"Nov 16, 12:00 am",0,0.288683
"Nov 16, 01:00 am",0,0.288683
"Nov 16, 02:00 am",0,0.288683
"Nov 16, 03:00 am",0,0.288683
"Nov 16, 04:00 am",0,0.288683
"Nov 16, 05:00 am",0,0.288683
"Nov 16, 06:00 am",0,0.288683
"Nov 16, 07:00 am",1221.71,0.73385
"Nov 16, 08:00 am",3563.72,1.7321
"Nov 16, 09:00 am",3563.61,1.7321
"Nov 16, 10:00 am",3563.06,1.7321
"Nov 16, 11:00 am",3563.1,1.7321
"Nov 16, 12:00 pm",3563.13,1.7321
"Nov 16, 01:00 pm",3563.15,1.7321
"Nov 16, 02:00 pm",3563.15,1.7321
"Nov 16, 03:00 pm",3566.61,1.7321
"Nov 16, 04:00 pm",3563.64,1.7321
"Nov 16, 05:00 pm",3563.74,1.7321
"Nov 16, 06:00 pm",1091.92,0.531395
"Nov 16, 07:00 pm",17.6193,0.288683
"Nov 16, 08:00 pm",0,0.288683
"Nov 16, 09:00 pm",0,0.288683
"Nov 16, 10:00 pm",0,0.288683
"Nov 16, 11:00 pm",0,0.288683
"Nov 17, 12:00 am",0,0.288683
"Nov 17, 01:00 am",0,0.288683
"Nov 17, 02:00 am",0,0.288683
"Nov 17, 03:00 am",0,0.288683
"Nov 17, 04:00 am",0,0.288683
"Nov 17, 05:00 am",0,0.288683
"Nov 17, 06:00 am",0,0.288683
"Nov 17, 07:00 am",1248.87,0.745866
"Nov 17, 08:00 am",3563.75,1.7321
"Nov 17, 09:00 am",3563.49,1.7321
"Nov 17, 10:00 am",3567.16,1.7321
"Nov 17, 11:00 am",3563.43,1.7321
"Nov 17, 12:00 pm",3563.11,1.7321
"Nov 17, 01:00 pm",344.721,0.288683
"Nov 17, 02:00 pm",258.036,0.288683
"Nov 17, 03:00 pm",38.1933,0.288683
"Nov 17, 04:00 pm",23.7128,0.288683
"Nov 17, 05:00 pm",0,0.288683
"Nov 17, 06:00 pm",0,0.288683
"Nov 17, 07:00 pm",0,0.288683
"Nov 17, 08:00 pm",0,0.288683
"Nov 17, 09:00 pm",0,0.288683
"Nov 17, 10:00 pm",0,0.288683
"Nov 17, 11:00 pm",0,0.288683
"Nov 18, 12:00 am",0,0.288683
"Nov 18, 01:00 am",0,0.288683
"Nov 18, 02:00 am",0,0.288683
"Nov 18, 03:00 am",0,0.288683
"Nov 18, 04:00 am",0,0.288683
"Nov 18, 05:00 am",0,0.288683
"Nov 18, 06:00 am",0,0.288683
"Nov 18, 07:00 am",1179.98,0.714264
"Nov 18, 08:00 am",3564.05,1.7321
"Nov 18, 09:00 am",3563.46,1.7321
"Nov 18, 10:00 am",3566.79,1.7321
"Nov 18, 11:00 am",3563.36,1.7321
"Nov 18, 12:00 pm",3563.09,1.7321
"Nov 18, 01:00 pm",3563.09,1.7321
"Nov 18, 02:00 pm",3563.09,1.7321
"Nov 18, 03:00 pm",3565.94,1.7321
"Nov 18, 04:00 pm",3563.46,1.7321
"Nov 18, 05:00 pm",3563.74,1.7321
"Nov 18, 06:00 pm",1168.95,0.568871
"Nov 18, 07:00 pm",17.2446,0.288683
"Nov 18, 08:00 pm",0,0.288683
"Nov 18, 09:00 pm",0,0.288683
"Nov 18, 10:00 pm",0,0.288683
"Nov 18, 11:00 pm",0,0.288683
"Nov 19, 12:00 am",0,0.288683
"Nov 19, 01:00 am",0,0.288683
"Nov 19, 02:00 am",0,0.288683
"Nov 19, 03:00 am",0,0.288683
"Nov 19, 04:00 am",0,0.288683
"Nov 19, 05:00 am",0,0.288683
"Nov 19, 06:00 am",0,0.288683
"Nov 19, 07:00 am",1544.09,0.846994
"Nov 19, 08:00 am",3563.84,1.7321
"Nov 19, 09:00 am",3563.43,1.7321
"Nov 19, 10:00 am",68.8792,0.288683
"Nov 19, 11:00 am",29.2372,0.288683
"Nov 19, 12:00 pm",116.559,0.288683
"Nov 19, 01:00 pm",87.6455,0.288683
"Nov 19, 02:00 pm",24.4146,0.288683
"Nov 19, 03:00 pm",0,0.288683
"Nov 19, 04:00 pm",0,0.288683
"Nov 19, 05:00 pm",0,0.288683
"Nov 19, 06:00 pm",0,0.288683
"Nov 19, 07:00 pm",0,0.288683
"Nov 19, 08:00 pm",0,0.288683
"Nov 19, 09:00 pm",0,0.288683
"Nov 19, 10:00 pm",0,0.288683
"Nov 19, 11:00 pm",0,0.288683
"Nov 20, 12:00 am",0,0.288683
"Nov 20, 01:00 am",0,0.288683
"Nov 20, 02:00 am",0,0.288683
"Nov 20, 03:00 am",0,0.288683
"Nov 20, 04:00 am",0,0.288683
"Nov 20, 05:00 am",0,0.288683
"Nov 20, 06:00 am",0,0.288683
"Nov 20, 07:00 am",0,0.288683
"Nov 20, 08:00 am",0,0.288683
"Nov 20, 09:00 am",2450.43,1.25094
"Nov 20, 10:00 am",3566.3,1.7321
"Nov 20, 11:00 am",3563.22,1.7321
"Nov 20, 12:00 pm",3563.08,1.7321
"Nov 20, 01:00 pm",3563.09,1.7321
"Nov 20, 02:00 pm",3563.09,1.7321
"Nov 20, 03:00 pm",3565.89,1.7321
"Nov 20, 04:00 pm",3563.42,1.7321
"Nov 20, 05:00 pm",3563.85,1.7321
"Nov 20, 06:00 pm",1270.22,0.617979
"Nov 20, 07:00 pm",17.357,0.288683
"Nov 20, 08:00 pm",0,0.288683
"Nov 20, 09:00 pm",0,0.288683
"Nov 20, 10:00 pm",0,0.288683
"Nov 20, 11:00 pm",0,0.288683
"Nov 21, 12:00 am",0,0.288683
"Nov 21, 01:00 am",0,0.288683
"Nov 21, 02:00 am",0,0.288683
"Nov 21, 03:00 am",0,0.288683
"Nov 21, 04:00 am",0,0.288683
"Nov 21, 05:00 am",0,0.288683
"Nov 21, 06:00 am",0,0.288683
"Nov 21, 07:00 am",1550.07,1.08956
"Nov 21, 08:00 am",3563.89,1.7321
"Nov 21, 09:00 am",3563.51,1.7321
"Nov 21, 10:00 am",3563.04,1.7321
"Nov 21, 11:00 am",3563.07,1.7321
"Nov 21, 12:00 pm",3563.08,1.7321
"Nov 21, 01:00 pm",3563.09,1.7321
"Nov 21, 02:00 pm",3563.1,1.7321
"Nov 21, 03:00 pm",3566.51,1.7321
"Nov 21, 04:00 pm",25.7637,0.288683
"Nov 21, 05:00 pm",0,0.288683
"Nov 21, 06:00 pm",940.058,0.615869
"Nov 21, 07:00 pm",17.1272,0.288683
"Nov 21, 08:00 pm",0,0.288683
"Nov 21, 09:00 pm",0,0.288683
"Nov 21, 10:00 pm",0,0.288683
"Nov 21, 11:00 pm",0,0.288683
"Nov 22, 12:00 am",0,0.288683
"Nov 22, 01:00 am",0,0.288683
"Nov 22, 02:00 am",0,0.288683
"Nov 22, 03:00 am",0,0.288683
"Nov 22, 04:00 am",0,0.288683
"Nov 22, 05:00 am",0,0.288683
"Nov 22, 06:00 am",0,0.288683
"Nov 22, 07:00 am",1540.43,1.08246
"Nov 22, 08:00 am",3563.85,1.7321
"Nov 22, 09:00 am",3563.43,1.7321
"Nov 22, 10:00 am",3567.02,1.7321
"Nov 22, 11:00 am",3563.4,1.7321
"Nov 22, 12:00 pm",3563.11,1.7321
"Nov 22, 01:00 pm",3563.12,1.7321
"Nov 22, 02:00 pm",3563.13,1.7321
"Nov 22, 03:00 pm",3566.7,1.7321
"Nov 22, 04:00 pm",3563.7,1.7321
"Nov 22, 05:00 pm",3564.09,1.7321
"Nov 22, 06:00 pm",1381.91,0.672231
"Nov 22, 07:00 pm",17.7551,0.288683
"Nov 22, 08:00 pm",0,0.288683
"Nov 22, 09:00 pm",0,0.288683
"Nov 22, 10:00 pm",0,0.288683
"Nov 22, 11:00 pm",0,0.288683
"Nov 23, 12:00 am",0,0.288683
"Nov 23, 01:00 am",0,0.288683
"Nov 23, 02:00 am",0,0.288683
"Nov 23, 03:00 am",0,0.288683
"Nov 23, 04:00 am",0,0.288683
"Nov 23, 05:00 am",0,0.288683
"Nov 23, 06:00 am",0,0.288683
"Nov 23, 07:00 am",1548.44,1.08718
"Nov 23, 08:00 am",3563.9,1.7321
"Nov 23, 09:00 am",3563.49,1.7321
"Nov 23, 10:00 am",3567.26,1.7321
"Nov 23, 11:00 am",3563.48,1.7321
"Nov 23, 12:00 pm",3563.13,1.7321
"Nov 23, 01:00 pm",3563.14,1.7321
"Nov 23, 02:00 pm",3563.15,1.7321
"Nov 23, 03:00 pm",3567.18,1.7321
"Nov 23, 04:00 pm",3563.89,1.7321
"Nov 23, 05:00 pm",3564.19,1.7321
"Nov 23, 06:00 pm",1448.42,0.704567
"Nov 23, 07:00 pm",17.831,0.288683
"Nov 23, 08:00 pm",0,0.288683
"Nov 23, 09:00 pm",0,0.288683
"Nov 23, 10:00 pm",0,0.288683
"Nov 23, 11:00 pm",0,0.288683
"Nov 24, 12:00 am",0,0.288683
"Nov 24, 01:00 am",0,0.288683
"Nov 24, 02:00 am",0,0.288683
"Nov 24, 03:00 am",0,0.288683
"Nov 24, 04:00 am",0,0.288683
"Nov 24, 05:00 am",0,0.288683
"Nov 24, 06:00 am",0,0.288683
"Nov 24, 07:00 am",1568.69,1.10002
"Nov 24, 08:00 am",3563.88,1.7321
"Nov 24, 09:00 am",3563.52,1.7321
"Nov 24, 10:00 am",3563.08,1.7321
"Nov 24, 11:00 am",3563.11,1.7321
"Nov 24, 12:00 pm",3563.14,1.7321
"Nov 24, 01:00 pm",3563.14,1.7321
"Nov 24, 02:00 pm",3563.15,1.7321
"Nov 24, 03:00 pm",3563.15,1.7321
"Nov 24, 04:00 pm",3563.58,1.7321
"Nov 24, 05:00 pm",3564.27,1.7321
"Nov 24, 06:00 pm",1510.85,0.734948
"Nov 24, 07:00 pm",17.9017,0.288683
"Nov 24, 08:00 pm",0,0.288683
"Nov 24, 09:00 pm",0,0.288683
"Nov 24, 10:00 pm",0,0.288683
"Nov 24, 11:00 pm",0,0.288683
"Nov 25, 12:00 am",0,0.288683
"Nov 25, 01:00 am",0,0.288683
"Nov 25, 02:00 am",0,0.288683
"Nov 25, 03:00 am",0,0.288683
"Nov 25, 04:00 am",0,0.288683
"Nov 25, 05:00 am",0,0.288683
"Nov 25, 06:00 am",0,0.288683
"Nov 25, 07:00 am",1615.43,1.13029
"Nov 25, 08:00 am",3564.01,1.7321
"Nov 25, 09:00 am",3563.78,1.7321
"Nov 25, 10:00 am",3563.06,1.7321
"Nov 25, 11:00 am",3563.1,1.7321
"Nov 25, 12:00 pm",3563.16,1.7321
"Nov 25, 01:00 pm",3563.17,1.7321
"Nov 25, 02:00 pm",3563.17,1.7321
"Nov 25, 03:00 pm",3563.17,1.7321
"Nov 25, 04:00 pm",3563.66,1.7321
"Nov 25, 05:00 pm",3564.3,1.7321
"Nov 25, 06:00 pm",1569.19,0.763336
"Nov 25, 07:00 pm",17.7997,0.288683
"Nov 25, 08:00 pm",0,0.288683
"Nov 25, 09:00 pm",0,0.288683
"Nov 25, 10:00 pm",0,0.288683
"Nov 25, 11:00 pm",0,0.288683
"Nov 26, 12:00 am",0,0.288683
"Nov 26, 01:00 am",0,0.288683
"Nov 26, 02:00 am",0,0.288683
"Nov 26, 03:00 am",0,0.288683
"Nov 26, 04:00 am",0,0.288683
"Nov 26, 05:00 am",0,0.288683
"Nov 26, 06:00 am",0,0.288683
"Nov 26, 07:00 am",1618.16,1.13203
"Nov 26, 08:00 am",3563.99,1.7321
"Nov 26, 09:00 am",3563.78,1.7321
"Nov 26, 10:00 am",3563.06,1.7321
"Nov 26, 11:00 am",3563.09,1.7321
"Nov 26, 12:00 pm",3563.16,1.7321
"Nov 26, 01:00 pm",3563.17,1.7321
"Nov 26, 02:00 pm",3563.17,1.7321
"Nov 26, 03:00 pm",3563.17,1.7321
"Nov 26, 04:00 pm",3563.71,1.7321
"Nov 26, 05:00 pm",3564.35,1.7321
"Nov 26, 06:00 pm",1626.44,0.791167
"Nov 26, 07:00 pm",17.8537,0.288683
"Nov 26, 08:00 pm",0,0.288683
"Nov 26, 09:00 pm",0,0.288683
"Nov 26, 10:00 pm",0,0.288683
"Nov 26, 11:00 pm",0,0.288683
"Nov 27, 12:00 am",0,0.288683
"Nov 27, 01:00 am",0,0.288683
"Nov 27, 02:00 am",0,0.288683
"Nov 27, 03:00 am",0,0.288683
"Nov 27, 04:00 am",0,0.288683
"Nov 27, 05:00 am",0,0.288683
"Nov 27, 06:00 am",0,0.288683
"Nov 27, 07:00 am",1614.56,1.12975
"Nov 27, 08:00 am",3563.95,1.7321
"Nov 27, 09:00 am",3563.73,1.7321
"Nov 27, 10:00 am",3563.04,1.7321
"Nov 27, 11:00 am",3563.06,1.7321
"Nov 27, 12:00 pm",3563.13,1.7321
"Nov 27, 01:00 pm",3563.14,1.7321
"Nov 27, 02:00 pm",3563.14,1.7321
"Nov 27, 03:00 pm",3563.14,1.7321
"Nov 27, 04:00 pm",3563.69,1.7321
"Nov 27, 05:00 pm",3564.34,1.7321
"Nov 27, 06:00 pm",1685.7,0.81999
"Nov 27, 07:00 pm",17.6101,0.288683
"Nov 27, 08:00 pm",0,0.288683
"Nov 27, 09:00 pm",0,0.288683
"Nov 27, 10:00 pm",0,0.288683
"Nov 27, 11:00 pm",0,0.288683
"Nov 28, 12:00 am",0,0.288683
"Nov 28, 01:00 am",0,0.288683
"Nov 28, 02:00 am",0,0.288683
"Nov 28, 03:00 am",0,0.288683
"Nov 28, 04:00 am",0,0.288683
"Nov 28, 05:00 am",0,0.288683
"Nov 28, 06:00 am",0,0.288683
"Nov 28, 07:00 am",1640.56,1.14682
"Nov 28, 08:00 am",3564.07,1.7321
"Nov 28, 09:00 am",3563.85,1.7321
"Nov 28, 10:00 am",3563.01,1.7321
"Nov 28, 11:00 am",3563.07,1.7321
"Nov 28, 12:00 pm",3563.09,1.7321
"Nov 28, 01:00 pm",3563.11,1.7321
"Nov 28, 02:00 pm",3563.12,1.7321
"Nov 28, 03:00 pm",3563.12,1.7321
"Nov 28, 04:00 pm",3563.78,1.7321
"Nov 28, 05:00 pm",3564.5,1.7321
"Nov 28, 06:00 pm",1748.31,0.850418
"Nov 28, 07:00 pm",17.7307,0.288683
"Nov 28, 08:00 pm",0,0.288683
"Nov 28, 09:00 pm",0,0.288683
"Nov 28, 10:00 pm",0,0.288683
"Nov 28, 11:00 pm",0,0.288683
"Nov 29, 12:00 am",0,0.288683
"Nov 29, 01:00 am",0,0.288683
"Nov 29, 02:00 am",0,0.288683
"Nov 29, 03:00 am",0,0.288683
"Nov 29, 04:00 am",0,0.288683
"Nov 29, 05:00 am",0,0.288683
"Nov 29, 06:00 am",0,0.288683
"Nov 29, 07:00 am",1661.43,1.16026
"Nov 29, 08:00 am",3564.28,1.7321
"Nov 29, 09:00 am",3564.02,1.7321
"Nov 29, 10:00 am",3563.04,1.7321
"Nov 29, 11:00 am",3563.08,1.7321
"Nov 29, 12:00 pm",3563.14,1.7321
"Nov 29, 01:00 pm",3563.15,1.7321
"Nov 29, 02:00 pm",3563.15,1.7321
"Nov 29, 03:00 pm",41.0438,0.288683
"Nov 29, 04:00 pm",23.705,0.288683
"Nov 29, 05:00 pm",0,0.288683
"Nov 29, 06:00 pm",0,0.288683
"Nov 29, 07:00 pm",0,0.288683
"Nov 29, 08:00 pm",0,0.288683
"Nov 29, 09:00 pm",0,0.288683
"Nov 29, 10:00 pm",0,0.288683
"Nov 29, 11:00 pm",0,0.288683
"Nov 30, 12:00 am",0,0.288683
"Nov 30, 01:00 am",0,0.288683
"Nov 30, 02:00 am",0,0.288683
"Nov 30, 03:00 am",0,0.288683
"Nov 30, 04:00 am",0,0.288683
"Nov 30, 05:00 am",0,0.288683
"Nov 30, 06:00 am",0,0.288683
"Nov 30, 07:00 am",1629.29,1.14168
"Nov 30, 08:00 am",3564.13,1.7321
"Nov 30, 09:00 am",3563.93,1.7321
"Nov 30, 10:00 am",3563.05,1.7321
"Nov 30, 11:00 am",3563.08,1.7321
"Nov 30, 12:00 pm",3563.15,1.7321
"Nov 30, 01:00 pm",3563.16,1.7321
"Nov 30, 02:00 pm",132.017,0.288683
"Nov 30, 03:00 pm",52.7161,0.288683
"Nov 30, 04:00 pm",29.877,0.288683
"Nov 30, 05:00 pm",0,0.288683
"Nov 30, 06:00 pm",0,0.288683
"Nov 30, 07:00 pm",0,0.288683
"Nov 30, 08:00 pm",0,0.288683
"Nov 30, 09:00 pm",0,0.288683
"Nov 30, 10:00 pm",0,0.288683
"Nov 30, 11:00 pm",0,0.288683
"Dec 1, 12:00 am",0,0.288683
"Dec 1, 01:00 am",0,0.288683
"Dec 1, 02:00 am",0,0.288683
"Dec 1, 03:00 am",0,0.288683
"Dec 1, 04:00 am",0,0.288683
"Dec 1, 05:00 am",0,0.288683
"Dec 1, 06:00 am",0,0.288683
"Dec 1, 07:00 am",0,0.288683
"Dec 1, 08:00 am",0,0.288683
"Dec 1, 09:00 am",0,0.288683
"Dec 1, 10:00 am",0,0.288683
"Dec 1, 11:00 am",0,0.288683
"Dec 1, 12:00 pm",0,0.288683
"Dec 1, 01:00 pm",508.453,0.288683
"Dec 1, 02:00 pm",3562.25,1.7321
"Dec 1, 03:00 pm",28.5885,0.288683
"Dec 1, 04:00 pm",0,0.288683
"Dec 1, 05:00 pm",0,0.288683
"Dec 1, 06:00 pm",0,0.288683
"Dec 1, 07:00 pm",0,0.288683
"Dec 1, 08:00 pm",0,0.288683
"Dec 1, 09:00 pm",0,0.288683
"Dec 1, 10:00 pm",0,0.288683
"Dec 1, 11:00 pm",0,0.288683
"Dec 2, 12:00 am",0,0.288683
"Dec 2, 01:00 am",0,0.288683
"Dec 2, 02:00 am",0,0.288683
"Dec 2, 03:00 am",0,0.288683
"Dec 2, 04:00 am",0,0.288683
"Dec 2, 05:00 am",0,0.288683
"Dec 2, 06:00 am",0,0.288683
"Dec 2, 07:00 am",1672.61,1.16879
"Dec 2, 08:00 am",3564.49,1.7321
"Dec 2, 09:00 am",3564.38,1.7321
"Dec 2, 10:00 am",3563.19,1.7321
"Dec 2, 11:00 am",3563.26,1.7321
"Dec 2, 12:00 pm",3563.29,1.7321
"Dec 2, 01:00 pm",3563.36,1.7321
"Dec 2, 02:00 pm",3563.35,1.7321
"Dec 2, 03:00 pm",3563.33,1.7321
"Dec 2, 04:00 pm",3564.72,1.7321
"Dec 2, 05:00 pm",3565.3,1.7321
"Dec 2, 06:00 pm",2049.09,0.996545
"Dec 2, 07:00 pm",18.4954,0.288683
"Dec 2, 08:00 pm",0,0.288683
"Dec 2, 09:00 pm",0,0.288683
"Dec 2, 10:00 pm",0,0.288683
"Dec 2, 11:00 pm",0,0.288683
"Dec 3, 12:00 am",0,0.288683
"Dec 3, 01:00 am",0,0.288683
"Dec 3, 02:00 am",0,0.288683
"Dec 3, 03:00 am",0,0.288683
"Dec 3, 04:00 am",0,0.288683
"Dec 3, 05:00 am",0,0.288683
"Dec 3, 06:00 am",0,0.288683
"Dec 3, 07:00 am",1709.43,1.19097
"Dec 3, 08:00 am",3564.7,1.7321
"Dec 3, 09:00 am",3564.52,1.7321
"Dec 3, 10:00 am",3563.25,1.7321
"Dec 3, 11:00 am",3563.31,1.7321
"Dec 3, 12:00 pm",3563.35,1.7321
"Dec 3, 01:00 pm",3563.41,1.7321
"Dec 3, 02:00 pm",3563.39,1.7321
"Dec 3, 03:00 pm",3563.37,1.7321
"Dec 3, 04:00 pm",3564.5,1.7321
"Dec 3, 05:00 pm",3565.28,1.7321
"Dec 3, 06:00 pm",2103.33,1.02288
"Dec 3, 07:00 pm",18.9378,0.288683
"Dec 3, 08:00 pm",0,0.288683
"Dec 3, 09:00 pm",0,0.288683
"Dec 3, 10:00 pm",0,0.288683
"Dec 3, 11:00 pm",0,0.288683
"Dec 4, 12:00 am",0,0.288683
"Dec 4, 01:00 am",0,0.288683
"Dec 4, 02:00 am",0,0.288683
"Dec 4, 03:00 am",0,0.288683
"Dec 4, 04:00 am",0,0.288683
"Dec 4, 05:00 am",0,0.288683
"Dec 4, 06:00 am",0,0.288683
"Dec 4, 07:00 am",1652.79,1.15342
"Dec 4, 08:00 am",3564.21,1.7321
"Dec 4, 09:00 am",3564.03,1.7321
"Dec 4, 10:00 am",3563.15,1.7321
"Dec 4, 11:00 am",3563.19,1.7321
"Dec 4, 12:00 pm",335.85,0.288683
"Dec 4, 01:00 pm",342.506,0.288683
"Dec 4, 02:00 pm",263.249,0.288683
"Dec 4, 03:00 pm",143.778,0.288683
"Dec 4, 04:00 pm",24.4542,0.288683
"Dec 4, 05:00 pm",0,0.288683
"Dec 4, 06:00 pm",0,0.288683
"Dec 4, 07:00 pm",0,0.288683
"Dec 4, 08:00 pm",0,0.288683
"Dec 4, 09:00 pm",0,0.288683
"Dec 4, 10:00 pm",0,0.288683
"Dec 4, 11:00 pm",0,0.288683
"Dec 5, 12:00 am",0,0.288683
"Dec 5, 01:00 am",0,0.288683
"Dec 5, 02:00 am",0,0.288683
"Dec 5, 03:00 am",0,0.288683
"Dec 5, 04:00 am",0,0.288683
"Dec 5, 05:00 am",0,0.288683
"Dec 5, 06:00 am",0,0.288683
"Dec 5, 07:00 am",0,0.288683
"Dec 5, 08:00 am",2419.14,1.25094
"Dec 5, 09:00 am",3563.78,1.7321
"Dec 5, 10:00 am",3563.14,1.7321
"Dec 5, 11:00 am",3563.17,1.7321
"Dec 5, 12:00 pm",3563.2,1.7321
"Dec 5, 01:00 pm",3563.22,1.7321
"Dec 5, 02:00 pm",3563.21,1.7321
"Dec 5, 03:00 pm",3563.2,1.7321
"Dec 5, 04:00 pm",3564.11,1.7321
"Dec 5, 05:00 pm",3565.12,1.7321
"Dec 5, 06:00 pm",2158.95,1.04995
"Dec 5, 07:00 pm",18.1301,0.288683
"Dec 5, 08:00 pm",0,0.288683
"Dec 5, 09:00 pm",0,0.288683
"Dec 5, 10:00 pm",0,0.288683
"Dec 5, 11:00 pm",0,0.288683
"Dec 6, 12:00 am",0,0.288683
"Dec 6, 01:00 am",0,0.288683
"Dec 6, 02:00 am",0,0.288683
"Dec 6, 03:00 am",0,0.288683
"Dec 6, 04:00 am",0,0.288683
"Dec 6, 05:00 am",0,0.288683
"Dec 6, 06:00 am",0,0.288683
"Dec 6, 07:00 am",0,0.288683
"Dec 6, 08:00 am",2422.7,1.25094
"Dec 6, 09:00 am",3563.67,1.7321
"Dec 6, 10:00 am",3563.15,1.7321
"Dec 6, 11:00 am",3563.17,1.7321
"Dec 6, 12:00 pm",267.952,0.288683
"Dec 6, 01:00 pm",3562.28,1.7321
"Dec 6, 02:00 pm",260.552,0.288683
"Dec 6, 03:00 pm",32.8627,0.288683
"Dec 6, 04:00 pm",23.1888,0.288683
"Dec 6, 05:00 pm",0,0.288683
"Dec 6, 06:00 pm",0,0.288683
"Dec 6, 07:00 pm",0,0.288683
"Dec 6, 08:00 pm",0,0.288683
"Dec 6, 09:00 pm",0,0.288683
"Dec 6, 10:00 pm",0,0.288683
"Dec 6, 11:00 pm",0,0.288683
"Dec 7, 12:00 am",0,0.288683
"Dec 7, 01:00 am",0,0.288683
"Dec 7, 02:00 am",0,0.288683
"Dec 7, 03:00 am",0,0.288683
"Dec 7, 04:00 am",0,0.288683
"Dec 7, 05:00 am",0,0.288683
"Dec 7, 06:00 am",0,0.288683
"Dec 7, 07:00 am",1581.41,0.862994
"Dec 7, 08:00 am",3564.23,1.7321
"Dec 7, 09:00 am",3563.64,1.7321
"Dec 7, 10:00 am",3563.11,1.7321
"Dec 7, 11:00 am",3563.15,1.7321
"Dec 7, 12:00 pm",3563.22,1.7321
"Dec 7, 01:00 pm",3563.23,1.7321
"Dec 7, 02:00 pm",3563.22,1.7321
"Dec 7, 03:00 pm",3563.21,1.7321
"Dec 7, 04:00 pm",3564.13,1.7321
"Dec 7, 05:00 pm",3565.17,1.7321
"Dec 7, 06:00 pm",2259.65,1.09888
"Dec 7, 07:00 pm",18.0398,0.288683
"Dec 7, 08:00 pm",0,0.288683
"Dec 7, 09:00 pm",0,0.288683
"Dec 7, 10:00 pm",0,0.288683
"Dec 7, 11:00 pm",0,0.288683
"Dec 8, 12:00 am",0,0.288683
"Dec 8, 01:00 am",0,0.288683
"Dec 8, 02:00 am",0,0.288683
"Dec 8, 03:00 am",0,0.288683
"Dec 8, 04:00 am",0,0.288683
"Dec 8, 05:00 am",0,0.288683
"Dec 8, 06:00 am",0,0.288683
"Dec 8, 07:00 am",1615.88,1.13015
"Dec 8, 08:00 am",3564.04,1.7321
"Dec 8, 09:00 am",3563.92,1.7321
"Dec 8, 10:00 am",3563.12,1.7321
"Dec 8, 11:00 am",3563.16,1.7321
"Dec 8, 12:00 pm",3563.26,1.7321
"Dec 8, 01:00 pm",3563.28,1.7321
"Dec 8, 02:00 pm",3563.27,1.7321
"Dec 8, 03:00 pm",3563.26,1.7321
"Dec 8, 04:00 pm",3564.39,1.7321
"Dec 8, 05:00 pm",3565.26,1.7321
"Dec 8, 06:00 pm",2354.43,1.14491
"Dec 8, 07:00 pm",18.2442,0.288683
"Dec 8, 08:00 pm",0,0.288683
"Dec 8, 09:00 pm",0,0.288683
"Dec 8, 10:00 pm",0,0.288683
"Dec 8, 11:00 pm",0,0.288683
"Dec 9, 12:00 am",0,0.288683
"Dec 9, 01:00 am",0,0.288683
"Dec 9, 02:00 am",0,0.288683
"Dec 9, 03:00 am",0,0.288683
"Dec 9, 04:00 am",0,0.288683
"Dec 9, 05:00 am",0,0.288683
"Dec 9, 06:00 am",0,0.288683
"Dec 9, 07:00 am",1689.29,1.17801
"Dec 9, 08:00 am",3564.62,1.7321
"Dec 9, 09:00 am",3564.59,1.7321
"Dec 9, 10:00 am",3563.2,1.7321
"Dec 9, 11:00 am",3563.26,1.7321
"Dec 9, 12:00 pm",3563.29,1.7321
"Dec 9, 01:00 pm",3563.35,1.7321
"Dec 9, 02:00 pm",3563.34,1.7321
"Dec 9, 03:00 pm",3563.32,1.7321
"Dec 9, 04:00 pm",3564.53,1.7321
"Dec 9, 05:00 pm",3565.29,1.7321
"Dec 9, 06:00 pm",2421.35,1.1774
"Dec 9, 07:00 pm",18.6024,0.288683
"Dec 9, 08:00 pm",0,0.288683
"Dec 9, 09:00 pm",0,0.288683
"Dec 9, 10:00 pm",0,0.288683
"Dec 9, 11:00 pm",0,0.288683
"Dec 10, 12:00 am",0,0.288683
"Dec 10, 01:00 am",0,0.288683
"Dec 10, 02:00 am",0,0.288683
"Dec 10, 03:00 am",0,0.288683
"Dec 10, 04:00 am",0,0.288683
"Dec 10, 05:00 am",0,0.288683
"Dec 10, 06:00 am",0,0.288683
"Dec 10, 07:00 am",1588.7,1.11183
"Dec 10, 08:00 am",3563.99,1.7321
"Dec 10, 09:00 am",3563.71,1.7321
"Dec 10, 10:00 am",3563.14,1.7321
"Dec 10, 11:00 am",3563.17,1.7321
"Dec 10, 12:00 pm",3563.2,1.7321
"Dec 10, 01:00 pm",3563.21,1.7321
"Dec 10, 02:00 pm",3563.2,1.7321
"Dec 10, 03:00 pm",3563.18,1.7321
"Dec 10, 04:00 pm",3563.81,1.7321
"Dec 10, 05:00 pm",3564.98,1.7321
"Dec 10, 06:00 pm",2393.36,1.16382
"Dec 10, 07:00 pm",18.2858,0.288683
"Dec 10, 08:00 pm",0,0.288683
"Dec 10, 09:00 pm",0,0.288683
"Dec 10, 10:00 pm",0,0.288683
"Dec 10, 11:00 pm",0,0.288683
"Dec 11, 12:00 am",0,0.288683
"Dec 11, 01:00 am",0,0.288683
"Dec 11, 02:00 am",0,0.288683
"Dec 11, 03:00 am",0,0.288683
"Dec 11, 04:00 am",0,0.288683
"Dec 11, 05:00 am",0,0.288683
"Dec 11, 06:00 am",0,0.288683
"Dec 11, 07:00 am",1555.81,1.09068
"Dec 11, 08:00 am",3563.95,1.7321
"Dec 11, 09:00 am",3563.65,1.7321
"Dec 11, 10:00 am",3563.17,1.7321
"Dec 11, 11:00 am",3563.22,1.7321
"Dec 11, 12:00 pm",3563.29,1.7321
"Dec 11, 01:00 pm",3563.28,1.7321
"Dec 11, 02:00 pm",3563.26,1.7321
"Dec 11, 03:00 pm",3563.2,1.7321
"Dec 11, 04:00 pm",3564.11,1.7321
"Dec 11, 05:00 pm",3565.24,1.7321
"Dec 11, 06:00 pm",2451.71,1.19215
"Dec 11, 07:00 pm",18.6226,0.288683
"Dec 11, 08:00 pm",0,0.288683
"Dec 11, 09:00 pm",0,0.288683
"Dec 11, 10:00 pm",0,0.288683
"Dec 11, 11:00 pm",0,0.288683
"Dec 12, 12:00 am",0,0.288683
"Dec 12, 01:00 am",0,0.288683
"Dec 12, 02:00 am",0,0.288683
"Dec 12, 03:00 am",0,0.288683
"Dec 12, 04:00 am",0,0.288683
"Dec 12, 05:00 am",0,0.288683
"Dec 12, 06:00 am",0,0.288683
"Dec 12, 07:00 am",1597.85,1.11743
"Dec 12, 08:00 am",3564.1,1.7321
"Dec 12, 09:00 am",3564.01,1.7321
"Dec 12, 10:00 am",3563.22,1.7321
"Dec 12, 11:00 am",3563.3,1.7321
"Dec 12, 12:00 pm",3563.33,1.7321
"Dec 12, 01:00 pm",3563.38,1.7321
"Dec 12, 02:00 pm",3563.37,1.7321
"Dec 12, 03:00 pm",3563.35,1.7321
"Dec 12, 04:00 pm",3564.32,1.7321
"Dec 12, 05:00 pm",3565.32,1.7321
"Dec 12, 06:00 pm",2542.6,1.23627
"Dec 12, 07:00 pm",19.214,0.288683
"Dec 12, 08:00 pm",0,0.288683
"Dec 12, 09:00 pm",0,0.288683
"Dec 12, 10:00 pm",0,0.288683
"Dec 12, 11:00 pm",0,0.288683
"Dec 13, 12:00 am",0,0.288683
"Dec 13, 01:00 am",0,0.288683
"Dec 13, 02:00 am",0,0.288683
"Dec 13, 03:00 am",0,0.288683
"Dec 13, 04:00 am",0,0.288683
"Dec 13, 05:00 am",0,0.288683
"Dec 13, 06:00 am",0,0.288683
"Dec 13, 07:00 am",1548.35,1.08454
"Dec 13, 08:00 am",3564.01,1.7321
"Dec 13, 09:00 am",3563.67,1.7321
"Dec 13, 10:00 am",89.909,0.288683
"Dec 13, 11:00 am",153.489,0.288683
"Dec 13, 12:00 pm",33.6583,0.288683
"Dec 13, 01:00 pm",129.859,0.288683
"Dec 13, 02:00 pm",3562.26,1.7321
"Dec 13, 03:00 pm",3563.24,1.7321
"Dec 13, 04:00 pm",28.5997,0.288683
"Dec 13, 05:00 pm",0,0.288683
"Dec 13, 06:00 pm",0,0.288683
"Dec 13, 07:00 pm",0,0.288683
"Dec 13, 08:00 pm",0,0.288683
"Dec 13, 09:00 pm",0,0.288683
"Dec 13, 10:00 pm",0,0.288683
"Dec 13, 11:00 pm",0,0.288683
"Dec 14, 12:00 am",0,0.288683
"Dec 14, 01:00 am",0,0.288683
"Dec 14, 02:00 am",0,0.288683
"Dec 14, 03:00 am",0,0.288683
"Dec 14, 04:00 am",0,0.288683
"Dec 14, 05:00 am",0,0.288683
"Dec 14, 06:00 am",0,0.288683
"Dec 14, 07:00 am",1552.85,1.0896
"Dec 14, 08:00 am",3564.06,1.7321
"Dec 14, 09:00 am",3563.92,1.7321
"Dec 14, 10:00 am",3563.24,1.7321
"Dec 14, 11:00 am",3563.29,1.7321
"Dec 14, 12:00 pm",3563.31,1.7321
"Dec 14, 01:00 pm",3563.37,1.7321
"Dec 14, 02:00 pm",3563.36,1.7321
"Dec 14, 03:00 pm",3563.34,1.7321
"Dec 14, 04:00 pm",3564.56,1.7321
"Dec 14, 05:00 pm",3565.28,1.7321
"Dec 14, 06:00 pm",2636.27,1.28178
"Dec 14, 07:00 pm",19.1031,0.288683
"Dec 14, 08:00 pm",0,0.288683
"Dec 14, 09:00 pm",0,0.288683
"Dec 14, 10:00 pm",0,0.288683
"Dec 14, 11:00 pm",0,0.288683
"Dec 15, 12:00 am",0,0.288683
"Dec 15, 01:00 am",0,0.288683
"Dec 15, 02:00 am",0,0.288683
"Dec 15, 03:00 am",0,0.288683
"Dec 15, 04:00 am",0,0.288683
"Dec 15, 05:00 am",0,0.288683
"Dec 15, 06:00 am",0,0.288683
"Dec 15, 07:00 am",1563.54,1.09471
"Dec 15, 08:00 am",3564.08,1.7321
"Dec 15, 09:00 am",3563.92,1.7321
"Dec 15, 10:00 am",3563.25,1.7321
"Dec 15, 11:00 am",3563.3,1.7321
"Dec 15, 12:00 pm",3563.33,1.7321
"Dec 15, 01:00 pm",3563.38,1.7321
"Dec 15, 02:00 pm",3563.37,1.7321
"Dec 15, 03:00 pm",3563.35,1.7321
"Dec 15, 04:00 pm",3564.48,1.7321
"Dec 15, 05:00 pm",3565.31,1.7321
"Dec 15, 06:00 pm",2713.73,1.31804
"Dec 15, 07:00 pm",19.5852,0.288683
"Dec 15, 08:00 pm",0,0.288683
"Dec 15, 09:00 pm",0,0.288683
"Dec 15, 10:00 pm",0,0.288683
"Dec 15, 11:00 pm",0,0.288683
"Dec 16, 12:00 am",0,0.288683
"Dec 16, 01:00 am",0,0.288683
"Dec 16, 02:00 am",0,0.288683
"Dec 16, 03:00 am",0,0.288683
"Dec 16, 04:00 am",0,0.288683
"Dec 16, 05:00 am",0,0.288683
"Dec 16, 06:00 am",0,0.288683
"Dec 16, 07:00 am",1554.16,1.0886
"Dec 16, 08:00 am",3564.08,1.7321
"Dec 16, 09:00 am",3563.94,1.7321
"Dec 16, 10:00 am",3563.28,1.7321
"Dec 16, 11:00 am",3563.32,1.7321
"Dec 16, 12:00 pm",3563.35,1.7321
"Dec 16, 01:00 pm",3563.42,1.7321
"Dec 16, 02:00 pm",3563.4,1.7321
"Dec 16, 03:00 pm",3563.39,1.7321
"Dec 16, 04:00 pm",3564.77,1.7321
"Dec 16, 05:00 pm",3565.15,1.7321
"Dec 16, 06:00 pm",2786.74,1.35387
"Dec 16, 07:00 pm",19.6528,0.288683
"Dec 16, 08:00 pm",0,0.288683
"Dec 16, 09:00 pm",0,0.288683
"Dec 16, 10:00 pm",0,0.288683
"Dec 16, 11:00 pm",0,0.288683
"Dec 17, 12:00 am",0,0.288683
"Dec 17, 01:00 am",0,0.288683
"Dec 17, 02:00 am",0,0.288683
"Dec 17, 03:00 am",0,0.288683
"Dec 17, 04:00 am",0,0.288683
"Dec 17, 05:00 am",0,0.288683
"Dec 17, 06:00 am",0,0.288683
"Dec 17, 07:00 am",1574.67,1.10286
"Dec 17, 08:00 am",3564.1,1.7321
"Dec 17, 09:00 am",3564.2,1.7321
"Dec 17, 10:00 am",208.493,0.288683
"Dec 17, 11:00 am",103.748,0.288683
"Dec 17, 12:00 pm",366.057,0.288683
"Dec 17, 01:00 pm",432.735,0.288683
"Dec 17, 02:00 pm",3562.34,1.7321
"Dec 17, 03:00 pm",3563.27,1.7321
"Dec 17, 04:00 pm",3564.62,1.7321
"Dec 17, 05:00 pm",3565.19,1.7321
"Dec 17, 06:00 pm",2825.21,1.37274
"Dec 17, 07:00 pm",19.3044,0.288683
"Dec 17, 08:00 pm",0,0.288683
"Dec 17, 09:00 pm",0,0.288683
"Dec 17, 10:00 pm",0,0.288683
"Dec 17, 11:00 pm",0,0.288683
"Dec 18, 12:00 am",0,0.288683
"Dec 18, 01:00 am",0,0.288683
"Dec 18, 02:00 am",0,0.288683
"Dec 18, 03:00 am",0,0.288683
"Dec 18, 04:00 am",0,0.288683
"Dec 18, 05:00 am",0,0.288683
"Dec 18, 06:00 am",0,0.288683
"Dec 18, 07:00 am",1528.41,1.0721
"Dec 18, 08:00 am",3564,1.7321
"Dec 18, 09:00 am",3563.78,1.7321
"Dec 18, 10:00 am",3563.21,1.7321
"Dec 18, 11:00 am",3563.25,1.7321
"Dec 18, 12:00 pm",3563.27,1.7321
"Dec 18, 01:00 pm",3563.29,1.7321
"Dec 18, 02:00 pm",3563.27,1.7321
"Dec 18, 03:00 pm",3563.26,1.7321
"Dec 18, 04:00 pm",3564.37,1.7321
"Dec 18, 05:00 pm",3565.25,1.7321
"Dec 18, 06:00 pm",2840.57,1.38027
"Dec 18, 07:00 pm",19.1162,0.288683
"Dec 18, 08:00 pm",0,0.288683
"Dec 18, 09:00 pm",0,0.288683
"Dec 18, 10:00 pm",0,0.288683
"Dec 18, 11:00 pm",0,0.288683
"Dec 19, 12:00 am",0,0.288683
"Dec 19, 01:00 am",0,0.288683
"Dec 19, 02:00 am",0,0.288683
"Dec 19, 03:00 am",0,0.288683
"Dec 19, 04:00 am",0,0.288683
"Dec 19, 05:00 am",0,0.288683
"Dec 19, 06:00 am",0,0.288683
"Dec 19, 07:00 am",1235.54,0.739414
"Dec 19, 08:00 am",22.758,0.288683
"Dec 19, 09:00 am",0,0.288683
"Dec 19, 10:00 am",0,0.288683
"Dec 19, 11:00 am",63.7029,0.288683
"Dec 19, 12:00 pm",32.8485,0.288683
"Dec 19, 01:00 pm",24.6212,0.288683
"Dec 19, 02:00 pm",0,0.288683
"Dec 19, 03:00 pm",0,0.288683
"Dec 19, 04:00 pm",0,0.288683
"Dec 19, 05:00 pm",0,0.288683
"Dec 19, 06:00 pm",0,0.288683
"Dec 19, 07:00 pm",0,0.288683
"Dec 19, 08:00 pm",0,0.288683
"Dec 19, 09:00 pm",0,0.288683
"Dec 19, 10:00 pm",0,0.288683
"Dec 19, 11:00 pm",0,0.288683
"Dec 20, 12:00 am",0,0.288683
"Dec 20, 01:00 am",0,0.288683
"Dec 20, 02:00 am",0,0.288683
"Dec 20, 03:00 am",0,0.288683
"Dec 20, 04:00 am",0,0.288683
"Dec 20, 05:00 am",0,0.288683
"Dec 20, 06:00 am",0,0.288683
"Dec 20, 07:00 am",1561.11,0.855257
"Dec 20, 08:00 am",3564.13,1.7321
"Dec 20, 09:00 am",3564.41,1.7321
"Dec 20, 10:00 am",3563.22,1.7321
"Dec 20, 11:00 am",3563.3,1.7321
"Dec 20, 12:00 pm",3563.33,1.7321
"Dec 20, 01:00 pm",3563.41,1.7321
"Dec 20, 02:00 pm",3563.39,1.7321
"Dec 20, 03:00 pm",3563.37,1.7321
"Dec 20, 04:00 pm",3565.37,1.7321
"Dec 20, 05:00 pm",3564.53,1.7321
"Dec 20, 06:00 pm",3031.73,1.47392
"Dec 20, 07:00 pm",19.2404,0.288683
"Dec 20, 08:00 pm",0,0.288683
"Dec 20, 09:00 pm",0,0.288683
"Dec 20, 10:00 pm",0,0.288683
"Dec 20, 11:00 pm",0,0.288683
"Dec 21, 12:00 am",0,0.288683
"Dec 21, 01:00 am",0,0.288683
"Dec 21, 02:00 am",0,0.288683
"Dec 21, 03:00 am",0,0.288683
"Dec 21, 04:00 am",0,0.288683
"Dec 21, 05:00 am",0,0.288683
"Dec 21, 06:00 am",0,0.288683
"Dec 21, 07:00 am",1574.45,1.10323
"Dec 21, 08:00 am",3564.15,1.7321
"Dec 21, 09:00 am",3564.45,1.7321
"Dec 21, 10:00 am",3563.22,1.7321
"Dec 21, 11:00 am",3563.29,1.7321
"Dec 21, 12:00 pm",3563.31,1.7321
"Dec 21, 01:00 pm",3563.38,1.7321
"Dec 21, 02:00 pm",3563.37,1.7321
"Dec 21, 03:00 pm",3563.35,1.7321
"Dec 21, 04:00 pm",3565.03,1.7321
"Dec 21, 05:00 pm",3564.78,1.7321
"Dec 21, 06:00 pm",3051.23,1.48344
"Dec 21, 07:00 pm",19.3309,0.288683
"Dec 21, 08:00 pm",0,0.288683
"Dec 21, 09:00 pm",0,0.288683
"Dec 21, 10:00 pm",0,0.288683
"Dec 21, 11:00 pm",0,0.288683
"Dec 22, 12:00 am",0,0.288683
"Dec 22, 01:00 am",0,0.288683
"Dec 22, 02:00 am",0,0.288683
"Dec 22, 03:00 am",0,0.288683
"Dec 22, 04:00 am",0,0.288683
"Dec 22, 05:00 am",0,0.288683
"Dec 22, 06:00 am",0,0.288683
"Dec 22, 07:00 am",1478.68,0.815096
"Dec 22, 08:00 am",3563.9,1.7321
"Dec 22, 09:00 am",3563.71,1.7321
"Dec 22, 10:00 am",3563.17,1.7321
"Dec 22, 11:00 am",3563.21,1.7321
"Dec 22, 12:00 pm",3563.24,1.7321
"Dec 22, 01:00 pm",3563.31,1.7321
"Dec 22, 02:00 pm",3563.32,1.7321
"Dec 22, 03:00 pm",3563.31,1.7321
"Dec 22, 04:00 pm",3564.8,1.7321
"Dec 22, 05:00 pm",3564.78,1.7321
"Dec 22, 06:00 pm",3063.75,1.48957
"Dec 22, 07:00 pm",19.1522,0.288683
"Dec 22, 08:00 pm",0,0.288683
"Dec 22, 09:00 pm",0,0.288683
"Dec 22, 10:00 pm",0,0.288683
"Dec 22, 11:00 pm",0,0.288683
"Dec 23, 12:00 am",0,0.288683
"Dec 23, 01:00 am",0,0.288683
"Dec 23, 02:00 am",0,0.288683
"Dec 23, 03:00 am",0,0.288683
"Dec 23, 04:00 am",0,0.288683
"Dec 23, 05:00 am",0,0.288683
"Dec 23, 06:00 am",0,0.288683
"Dec 23, 07:00 am",1482.03,0.816737
"Dec 23, 08:00 am",3563.94,1.7321
"Dec 23, 09:00 am",3563.88,1.7321
"Dec 23, 10:00 am",3563.16,1.7321
"Dec 23, 11:00 am",3563.24,1.7321
"Dec 23, 12:00 pm",3563.27,1.7321
"Dec 23, 01:00 pm",3563.28,1.7321
"Dec 23, 02:00 pm",3563.27,1.7321
"Dec 23, 03:00 pm",3563.26,1.7321
"Dec 23, 04:00 pm",3564.91,1.7321
"Dec 23, 05:00 pm",3564.74,1.7321
"Dec 23, 06:00 pm",3103.27,1.50888
"Dec 23, 07:00 pm",18.9752,0.288683
"Dec 23, 08:00 pm",0,0.288683
"Dec 23, 09:00 pm",0,0.288683
"Dec 23, 10:00 pm",0,0.288683
"Dec 23, 11:00 pm",0,0.288683
"Dec 24, 12:00 am",0,0.288683
"Dec 24, 01:00 am",0,0.288683
"Dec 24, 02:00 am",0,0.288683
"Dec 24, 03:00 am",0,0.288683
"Dec 24, 04:00 am",0,0.288683
"Dec 24, 05:00 am",0,0.288683
"Dec 24, 06:00 am",0,0.288683
"Dec 24, 07:00 am",1502.02,0.826466
"Dec 24, 08:00 am",3564.06,1.7321
"Dec 24, 09:00 am",3564.08,1.7321
"Dec 24, 10:00 am",3563.21,1.7321
"Dec 24, 11:00 am",3563.25,1.7321
"Dec 24, 12:00 pm",3563.34,1.7321
"Dec 24, 01:00 pm",3563.36,1.7321
"Dec 24, 02:00 pm",3563.35,1.7321
"Dec 24, 03:00 pm",3563.33,1.7321
"Dec 24, 04:00 pm",3565.02,1.7321
"Dec 24, 05:00 pm",3564.68,1.7321
"Dec 24, 06:00 pm",3153.87,1.53356
"Dec 24, 07:00 pm",19.4167,0.288683
"Dec 24, 08:00 pm",0,0.288683
"Dec 24, 09:00 pm",0,0.288683
"Dec 24, 10:00 pm",0,0.288683
"Dec 24, 11:00 pm",0,0.288683
"Dec 25, 12:00 am",0,0.288683
"Dec 25, 01:00 am",0,0.288683
"Dec 25, 02:00 am",0,0.288683
"Dec 25, 03:00 am",0,0.288683
"Dec 25, 04:00 am",0,0.288683
"Dec 25, 05:00 am",0,0.288683
"Dec 25, 06:00 am",0,0.288683
"Dec 25, 07:00 am",1331.64,0.781295
"Dec 25, 08:00 am",3564.14,1.7321
"Dec 25, 09:00 am",3563.73,1.7321
"Dec 25, 10:00 am",3563.22,1.7321
"Dec 25, 11:00 am",3563.26,1.7321
"Dec 25, 12:00 pm",3563.27,1.7321
"Dec 25, 01:00 pm",3563.34,1.7321
"Dec 25, 02:00 pm",3563.33,1.7321
"Dec 25, 03:00 pm",3563.31,1.7321
"Dec 25, 04:00 pm",3564.51,1.7321
"Dec 25, 05:00 pm",3565.06,1.7321
"Dec 25, 06:00 pm",3126.27,1.52009
"Dec 25, 07:00 pm",19.2408,0.288683
"Dec 25, 08:00 pm",0,0.288683
"Dec 25, 09:00 pm",0,0.288683
"Dec 25, 10:00 pm",0,0.288683
"Dec 25, 11:00 pm",0,0.288683
"Dec 26, 12:00 am",0,0.288683
"Dec 26, 01:00 am",0,0.288683
"Dec 26, 02:00 am",0,0.288683
"Dec 26, 03:00 am",0,0.288683
"Dec 26, 04:00 am",0,0.288683
"Dec 26, 05:00 am",0,0.288683
"Dec 26, 06:00 am",0,0.288683
"Dec 26, 07:00 am",1271.08,0.753489
"Dec 26, 08:00 am",3563.81,1.7321
"Dec 26, 09:00 am",3563.65,1.7321
"Dec 26, 10:00 am",3563.19,1.7321
"Dec 26, 11:00 am",3563.23,1.7321
"Dec 26, 12:00 pm",3563.29,1.7321
"Dec 26, 01:00 pm",3563.31,1.7321
"Dec 26, 02:00 pm",3563.3,1.7321
"Dec 26, 03:00 pm",3563.29,1.7321
"Dec 26, 04:00 pm",3564.76,1.7321
"Dec 26, 05:00 pm",3564.75,1.7321
"Dec 26, 06:00 pm",3172.17,1.54249
"Dec 26, 07:00 pm",19.632,0.288683
"Dec 26, 08:00 pm",0,0.288683
"Dec 26, 09:00 pm",0,0.288683
"Dec 26, 10:00 pm",0,0.288683
"Dec 26, 11:00 pm",0,0.288683
"Dec 27, 12:00 am",0,0.288683
"Dec 27, 01:00 am",0,0.288683
"Dec 27, 02:00 am",0,0.288683
"Dec 27, 03:00 am",0,0.288683
"Dec 27, 04:00 am",0,0.288683
"Dec 27, 05:00 am",0,0.288683
"Dec 27, 06:00 am",0,0.288683
"Dec 27, 07:00 am",1281.46,0.757737
"Dec 27, 08:00 am",3563.92,1.7321
"Dec 27, 09:00 am",3563.67,1.7321
"Dec 27, 10:00 am",3563.24,1.7321
"Dec 27, 11:00 am",3563.26,1.7321
"Dec 27, 12:00 pm",3563.27,1.7321
"Dec 27, 01:00 pm",3563.27,1.7321
"Dec 27, 02:00 pm",494.865,0.288683
"Dec 27, 03:00 pm",113.084,0.288683
"Dec 27, 04:00 pm",26.0549,0.288683
"Dec 27, 05:00 pm",0,0.288683
"Dec 27, 06:00 pm",0,0.288683
"Dec 27, 07:00 pm",0,0.288683
"Dec 27, 08:00 pm",0,0.288683
"Dec 27, 09:00 pm",0,0.288683
"Dec 27, 10:00 pm",0,0.288683
"Dec 27, 11:00 pm",0,0.288683
"Dec 28, 12:00 am",0,0.288683
"Dec 28, 01:00 am",0,0.288683
"Dec 28, 02:00 am",0,0.288683
"Dec 28, 03:00 am",0,0.288683
"Dec 28, 04:00 am",0,0.288683
"Dec 28, 05:00 am",0,0.288683
"Dec 28, 06:00 am",0,0.288683
"Dec 28, 07:00 am",1167.73,0.706157
"Dec 28, 08:00 am",3563.49,1.7321
"Dec 28, 09:00 am",3563.62,1.7321
"Dec 28, 10:00 am",3563.13,1.7321
"Dec 28, 11:00 am",3563.17,1.7321
"Dec 28, 12:00 pm",3563.18,1.7321
"Dec 28, 01:00 pm",509.823,0.288683
"Dec 28, 02:00 pm",343.2,0.288683
"Dec 28, 03:00 pm",67.2391,0.288683
"Dec 28, 04:00 pm",24.5958,0.288683
"Dec 28, 05:00 pm",0,0.288683
"Dec 28, 06:00 pm",0,0.288683
"Dec 28, 07:00 pm",0,0.288683
"Dec 28, 08:00 pm",0,0.288683
"Dec 28, 09:00 pm",0,0.288683
"Dec 28, 10:00 pm",0,0.288683
"Dec 28, 11:00 pm",0,0.288683
"Dec 29, 12:00 am",0,0.288683
"Dec 29, 01:00 am",0,0.288683
"Dec 29, 02:00 am",0,0.288683
"Dec 29, 03:00 am",0,0.288683
"Dec 29, 04:00 am",0,0.288683
"Dec 29, 05:00 am",0,0.288683
"Dec 29, 06:00 am",0,0.288683
"Dec 29, 07:00 am",1035.58,0.647974
"Dec 29, 08:00 am",22.756,0.288683
"Dec 29, 09:00 am",0,0.288683
"Dec 29, 10:00 am",0,0.288683
"Dec 29, 11:00 am",195.22,0.288683
"Dec 29, 12:00 pm",3562.27,1.7321
"Dec 29, 01:00 pm",3563.29,1.7321
"Dec 29, 02:00 pm",3563.3,1.7321
"Dec 29, 03:00 pm",3563.28,1.7321
"Dec 29, 04:00 pm",3564.59,1.7321
"Dec 29, 05:00 pm",3564.6,1.7321
"Dec 29, 06:00 pm",3192.21,1.55229
"Dec 29, 07:00 pm",20.7264,0.288683
"Dec 29, 08:00 pm",0,0.288683
"Dec 29, 09:00 pm",0,0.288683
"Dec 29, 10:00 pm",0,0.288683
"Dec 29, 11:00 pm",0,0.288683
"Dec 30, 12:00 am",0,0.288683
"Dec 30, 01:00 am",0,0.288683
"Dec 30, 02:00 am",0,0.288683
"Dec 30, 03:00 am",0,0.288683
"Dec 30, 04:00 am",0,0.288683
"Dec 30, 05:00 am",0,0.288683
"Dec 30, 06:00 am",0,0.288683
"Dec 30, 07:00 am",1007.92,0.634379
"Dec 30, 08:00 am",3563.37,1.7321
"Dec 30, 09:00 am",3563.45,1.7321
"Dec 30, 10:00 am",3563.19,1.7321
"Dec 30, 11:00 am",3563.22,1.7321
"Dec 30, 12:00 pm",3563.25,1.7321
"Dec 30, 01:00 pm",3563.26,1.7321
"Dec 30, 02:00 pm",3563.27,1.7321
"Dec 30, 03:00 pm",3563.25,1.7321
"Dec 30, 04:00 pm",3564.56,1.7321
"Dec 30, 05:00 pm",3564.89,1.7321
"Dec 30, 06:00 pm",3195.89,1.55408
"Dec 30, 07:00 pm",21.3673,0.288683
"Dec 30, 08:00 pm",0,0.288683
"Dec 30, 09:00 pm",0,0.288683
"Dec 30, 10:00 pm",0,0.288683
"Dec 30, 11:00 pm",0,0.288683
"Dec 31, 12:00 am",0,0.288683
"Dec 31, 01:00 am",0,0.288683
"Dec 31, 02:00 am",0,0.288683
"Dec 31, 03:00 am",0,0.288683
"Dec 31, 04:00 am",0,0.288683
"Dec 31, 05:00 am",0,0.288683
"Dec 31, 06:00 am",0,0.288683
"Dec 31, 07:00 am",973.798,0.617874
"Dec 31, 08:00 am",3563.29,1.7321
"Dec 31, 09:00 am",3563.3,1.7321
"Dec 31, 10:00 am",3566.27,1.7321
"Dec 31, 11:00 am",3563.35,1.7321
"Dec 31, 12:00 pm",3563.22,1.7321
"Dec 31, 01:00 pm",3563.23,1.7321
"Dec 31, 02:00 pm",3563.22,1.7321
"Dec 31, 03:00 pm",3563.2,1.7321
"Dec 31, 04:00 pm",3564.28,1.7321
"Dec 31, 05:00 pm",3565.06,1.7321
"Dec 31, 06:00 pm",3168.88,1.54091
"Dec 31, 07:00 pm",21.5205,0.288683
"Dec 31, 08:00 pm",0,0.288683
"Dec 31, 09:00 pm",0,0.288683
"Dec 31, 10:00 pm",0,0.288683
"Dec 31, 11:00 pm",0,0.288683
